,from_id,to_id,travel_time
0,CRS3035RES1000mN2022000E3146000,25526,60.0
1,CRS3035RES1000mN2022000E3146000,1774,81.0
2,CRS3035RES1000mN2022000E3146000,1770,102.0
3,CRS3035RES1000mN2022000E3146000,1773,101.0
4,CRS3035RES1000mN2022000E3146000,1771,77.0
5,CRS3035RES1000mN2022000E3146000,123303,81.0
6,CRS3035RES1000mN2022000E3146000,1764,81.0
7,CRS3035RES1000mN2022000E3146000,181101,99.0
8,CRS3035RES1000mN2022000E3146000,5765642,68.0
9,CRS3035RES1000mN2022000E3146000,86719,79.0
10,CRS3035RES1000mN2022000E3146000,1800,98.0
11,CRS3035RES1000mN2022000E3146000,1757,65.0
12,CRS3035RES1000mN2022000E3146000,1755,76.0
13,CRS3035RES1000mN2022000E3146000,1882,74.0
14,CRS3035RES1000mN2022000E3146000,1745,95.0
15,CRS3035RES1000mN2022000E3146000,1794,93.0
16,CRS3035RES1000mN2022000E3146000,1762,85.0
17,CRS3035RES1000mN2022000E3146000,51188,84.0
18,CRS3035RES1000mN2022000E3146000,6893633,88.0
19,CRS3035RES1000mN2022000E3146000,167128,98.0
20,CRS3035RES1000mN2022000E3146000,1760,89.0
21,CRS3035RES1000mN2022000E3146000,12773298,85.0
22,CRS3035RES1000mN2022000E3146000,1754,91.0
23,CRS3035RES1000mN2022000E3146000,1748,95.0
24,CRS3035RES1000mN2022000E3146000,79941,100.0
25,CRS3035RES1000mN2022000E3146000,1750,94.0
26,CRS3035RES1000mN2022000E3146000,5975465,78.0
27,CRS3035RES1000mN2022000E3146000,115056,101.0
28,CRS3035RES1000mN2022000E3146000,1790,92.0
29,CRS3035RES1000mN2022000E3146000,1756,73.0
30,CRS3035RES1000mN2022000E3146000,51849,95.0
31,CRS3035RES1000mN2022000E3146000,185595,88.0
32,CRS3035RES1000mN2022000E3146000,7697128,71.0
33,CRS3035RES1000mN2022000E3146000,10395362,99.0
34,CRS3035RES1000mN2022000E3146000,1759,87.0
35,CRS3035RES1000mN2022000E3146000,1752,92.0
36,CRS3035RES1000mN2022000E3146000,186714,92.0
37,CRS3035RES1000mN2022000E3146000,1753,92.0
38,CRS3035RES1000mN2022000E3146000,1792,90.0
39,CRS3035RES1000mN2022000E3146000,1763,77.0
40,CRS3035RES1000mN2022000E3146000,1746,102.0
41,CRS3035RES1000mN2022000E3146000,11572165,88.0
42,CRS3035RES1000mN2022000E3146000,1761,87.0
43,CRS3035RES1000mN2022000E3146000,1747,100.0
44,CRS3035RES1000mN2022000E3146000,5768564,64.0
45,CRS3035RES1000mN2022000E3146000,1798,73.0
46,CRS3035RES1000mN2022000E3146000,66904,92.0
47,CRS3035RES1000mN2022000E3146000,1777,78.0
48,CRS3035RES1000mN2022000E3146000,1765,88.0
49,CRS3035RES1000mN2022000E3146000,49416,92.0
50,CRS3035RES1000mN2022000E3146000,12734939,92.0
51,CRS3035RES1000mN2022000E3146000,167386167,81.0
52,CRS3035RES1000mN2022000E3146000,295933804,84.0
53,CRS3035RES1000mN2022000E3146000,303340017,101.0
54,CRS3035RES1000mN2022000E3146000,315355551,82.0
55,CRS3035RES1000mN2022000E3146000,339084977,81.0
56,CRS3035RES1000mN2022000E3146000,412911553,83.0
57,CRS3035RES1000mN2022000E3146000,558126037,75.0
58,CRS3035RES1000mN2022000E3146000,711789768,84.0
59,CRS3035RES1000mN2022000E3146000,727666062,
60,CRS3035RES1000mN2022000E3146000,848085869,66.0
61,CRS3035RES1000mN2022000E3146000,1056098898,94.0
62,CRS3035RES1000mN2022000E3146000,1255438242,
63,CRS3035RES1000mN2022000E3146000,1469985039,105.0
64,CRS3035RES1000mN2022000E3146000,1504302537,
65,CRS3035RES1000mN2022000E3146000,1511617504,52.0
66,CRS3035RES1000mN2022000E3146000,1541601287,107.0
67,CRS3035RES1000mN2022000E3146000,1544591296,97.0
68,CRS3035RES1000mN2022000E3146000,1598174183,99.0
69,CRS3035RES1000mN2022000E3146000,1629887846,103.0
70,CRS3035RES1000mN2022000E3146000,1686660176,103.0
71,CRS3035RES1000mN2022000E3146000,1716927336,99.0
72,CRS3035RES1000mN2022000E3146000,1734554324,118.0
73,CRS3035RES1000mN2022000E3146000,1849109335,103.0
74,CRS3035RES1000mN2022000E3146000,2028408680,71.0
75,CRS3035RES1000mN2022000E3146000,2036887702,
76,CRS3035RES1000mN2022000E3146000,2061404218,103.0
77,CRS3035RES1000mN2022000E3146000,2134238030,113.0
78,CRS3035RES1000mN2022000E3146000,2261600754,
79,CRS3035RES1000mN2022000E3146000,2301402027,111.0
80,CRS3035RES1000mN2022000E3146000,2303966810,81.0
81,CRS3035RES1000mN2022000E3146000,2312029862,102.0
82,CRS3035RES1000mN2022000E3146000,2408860250,118.0
83,CRS3035RES1000mN2022000E3146000,2620185829,87.0
84,CRS3035RES1000mN2022000E3146000,2622508931,83.0
85,CRS3035RES1000mN2022000E3146000,2672130951,
86,CRS3035RES1000mN2022000E3146000,2710518818,113.0
87,CRS3035RES1000mN2022000E3146000,3034026261,93.0
88,CRS3035RES1000mN2022000E3146000,3179889751,
89,CRS3035RES1000mN2022000E3146000,3206611978,
90,CRS3035RES1000mN2022000E3146000,3272828439,70.0
91,CRS3035RES1000mN2022000E3146000,3452364276,107.0
92,CRS3035RES1000mN2022000E3146000,3452364277,89.0
93,CRS3035RES1000mN2022000E3146000,3495733197,
94,CRS3035RES1000mN2022000E3146000,3497154853,
95,CRS3035RES1000mN2022000E3146000,3517755445,
96,CRS3035RES1000mN2022000E3146000,3522125657,
97,CRS3035RES1000mN2022000E3146000,3526751794,
98,CRS3035RES1000mN2022000E3146000,3839306060,106.0
99,CRS3035RES1000mN2022000E3146000,4214697664,68.0
100,CRS3035RES1000mN2022000E3146000,4338252586,
101,CRS3035RES1000mN2022000E3146000,4401271633,
102,CRS3035RES1000mN2022000E3146000,4515476768,
103,CRS3035RES1000mN2022000E3146000,4569910891,76.0
104,CRS3035RES1000mN2022000E3146000,4703730491,83.0
105,CRS3035RES1000mN2022000E3146000,4707870392,80.0
106,CRS3035RES1000mN2022000E3146000,4789037769,116.0
107,CRS3035RES1000mN2022000E3146000,4794233143,
108,CRS3035RES1000mN2022000E3146000,4870405674,67.0
109,CRS3035RES1000mN2022000E3146000,5139379922,95.0
110,CRS3035RES1000mN2022000E3146000,5160337425,82.0
111,CRS3035RES1000mN2022000E3146000,5196199575,83.0
112,CRS3035RES1000mN2022000E3146000,5341570554,91.0
113,CRS3035RES1000mN2022000E3146000,5345949864,110.0
114,CRS3035RES1000mN2022000E3146000,5448507385,
115,CRS3035RES1000mN2022000E3146000,5604693894,
116,CRS3035RES1000mN2022000E3146000,5670401989,
117,CRS3035RES1000mN2022000E3146000,5942671299,117.0
118,CRS3035RES1000mN2022000E3146000,5943980960,63.0
119,CRS3035RES1000mN2022000E3146000,6185791451,
120,CRS3035RES1000mN2022000E3146000,6188948286,111.0
121,CRS3035RES1000mN2022000E3146000,6555800191,51.0
122,CRS3035RES1000mN2022000E3146000,6885254479,100.0
123,CRS3035RES1000mN2022000E3146000,7222611268,
124,CRS3035RES1000mN2022000E3146000,7408961006,
125,CRS3035RES1000mN2022000E3146000,7619964683,
126,CRS3035RES1000mN2022000E3146000,7836562695,114.0
127,CRS3035RES1000mN2022000E3146000,8493729364,77.0
128,CRS3035RES1000mN2022000E3146000,8557885377,
129,CRS3035RES1000mN2022000E3146000,8807212208,81.0
130,CRS3035RES1000mN2022000E3146000,8844229173,88.0
131,CRS3035RES1000mN2022000E3146000,8878422600,100.0
132,CRS3035RES1000mN2022000E3146000,9595709188,90.0
133,CRS3035RES1000mN2022000E3146000,9611387099,71.0
134,CRS3035RES1000mN2022000E3146000,9712656915,77.0
135,CRS3035RES1000mN2022000E3146000,9713142744,81.0
136,CRS3035RES1000mN2022000E3146000,9815746657,
137,CRS3035RES1000mN2022000E3146000,10004871512,102.0
138,CRS3035RES1000mN2022000E3146000,10281174134,
139,CRS3035RES1000mN2022000E3146000,10580337411,110.0
140,CRS3035RES1000mN2022000E3146000,10899442604,67.0
141,CRS3035RES1000mN2022000E3146000,10922657146,57.0
142,CRS3035RES1000mN2022000E3146000,11127499928,100.0
143,CRS3035RES1000mN2022000E3146000,11143725881,97.0
144,CRS3035RES1000mN2022000E3146000,11243087140,108.0
145,CRS3035RES1000mN2022000E3146000,11269399969,92.0
146,CRS3035RES1000mN2022000E3146000,11287269362,106.0
147,CRS3035RES1000mN2022000E3146000,11287269363,
148,CRS3035RES1000mN2022000E3146000,11369705764,116.0
149,CRS3035RES1000mN2022000E3146000,11387776374,104.0
150,CRS3035RES1000mN2022000E3146000,11461799040,
151,CRS3035RES1000mN2022000E3146000,11462802981,87.0
152,CRS3035RES1000mN2022000E3146000,11652077658,101.0
153,CRS3035RES1000mN2022000E3146000,11691390164,83.0
154,CRS3035RES1000mN2022000E3146000,11739757462,77.0
155,CRS3035RES1000mN2022000E3146000,12178446726,72.0
156,CRS3035RES1000mN2022000E3146000,12407425114,90.0
157,CRS3035RES1000mN2022000E3146000,12865480228,107.0
158,CRS3035RES1000mN2022000E3146000,2960630,56.0
159,CRS3035RES1000mN2022000E3146000,3554044,50.0
160,CRS3035RES1000mN2022000E3146000,3557906,72.0
161,CRS3035RES1000mN2022000E3146000,5231361,87.0
162,CRS3035RES1000mN2022000E3146000,9314566,
163,CRS3035RES1000mN2022000E3146000,13696257,109.0
164,CRS3035RES1000mN2022000E3146000,15996131,83.0
165,CRS3035RES1000mN2022000E3146000,23526191,95.0
166,CRS3035RES1000mN2022000E3146000,23545719,99.0
167,CRS3035RES1000mN2022000E3146000,30599279,54.0
168,CRS3035RES1000mN2022000E3146000,30649229,83.0
169,CRS3035RES1000mN2022000E3146000,32198651,
170,CRS3035RES1000mN2022000E3146000,34945111,74.0
171,CRS3035RES1000mN2022000E3146000,50170625,
172,CRS3035RES1000mN2022000E3146000,82887228,107.0
173,CRS3035RES1000mN2022000E3146000,92484952,108.0
174,CRS3035RES1000mN2022000E3146000,95794713,103.0
175,CRS3035RES1000mN2022000E3146000,96418670,71.0
176,CRS3035RES1000mN2022000E3146000,98502686,91.0
177,CRS3035RES1000mN2022000E3146000,132613257,104.0
178,CRS3035RES1000mN2022000E3146000,135036040,107.0
179,CRS3035RES1000mN2022000E3146000,150772489,87.0
180,CRS3035RES1000mN2022000E3146000,154118456,94.0
181,CRS3035RES1000mN2022000E3146000,157375776,97.0
182,CRS3035RES1000mN2022000E3146000,158211204,49.0
183,CRS3035RES1000mN2022000E3146000,162072415,58.0
184,CRS3035RES1000mN2022000E3146000,162117720,106.0
185,CRS3035RES1000mN2022000E3146000,170487273,
186,CRS3035RES1000mN2022000E3146000,172686062,22.0
187,CRS3035RES1000mN2022000E3146000,174318235,70.0
188,CRS3035RES1000mN2022000E3146000,174318237,65.0
189,CRS3035RES1000mN2022000E3146000,205060159,
190,CRS3035RES1000mN2022000E3146000,205757163,
191,CRS3035RES1000mN2022000E3146000,221095520,110.0
192,CRS3035RES1000mN2022000E3146000,224503374,86.0
193,CRS3035RES1000mN2022000E3146000,227333462,87.0
194,CRS3035RES1000mN2022000E3146000,229117454,96.0
195,CRS3035RES1000mN2022000E3146000,261460389,
196,CRS3035RES1000mN2022000E3146000,283450022,71.0
197,CRS3035RES1000mN2022000E3146000,288994040,71.0
198,CRS3035RES1000mN2022000E3146000,296744564,
199,CRS3035RES1000mN2022000E3146000,297526406,98.0
200,CRS3035RES1000mN2022000E3146000,300709861,80.0
201,CRS3035RES1000mN2022000E3146000,301444634,100.0
202,CRS3035RES1000mN2022000E3146000,302721609,106.0
203,CRS3035RES1000mN2022000E3146000,308195630,
204,CRS3035RES1000mN2022000E3146000,312777902,71.0
205,CRS3035RES1000mN2022000E3146000,330154630,
206,CRS3035RES1000mN2022000E3146000,340205456,88.0
207,CRS3035RES1000mN2022000E3146000,367883612,104.0
208,CRS3035RES1000mN2022000E3146000,368211943,105.0
209,CRS3035RES1000mN2022000E3146000,374180360,106.0
210,CRS3035RES1000mN2022000E3146000,375369499,88.0
211,CRS3035RES1000mN2022000E3146000,383494544,90.0
212,CRS3035RES1000mN2022000E3146000,384574591,77.0
213,CRS3035RES1000mN2022000E3146000,403538322,114.0
214,CRS3035RES1000mN2022000E3146000,403859503,84.0
215,CRS3035RES1000mN2022000E3146000,437050442,94.0
216,CRS3035RES1000mN2022000E3146000,459881697,88.0
217,CRS3035RES1000mN2022000E3146000,477278425,
218,CRS3035RES1000mN2022000E3146000,486879235,
219,CRS3035RES1000mN2022000E3146000,493748377,65.0
220,CRS3035RES1000mN2022000E3146000,498234201,93.0
221,CRS3035RES1000mN2022000E3146000,504315026,108.0
222,CRS3035RES1000mN2022000E3146000,548701490,
223,CRS3035RES1000mN2022000E3146000,574210084,118.0
224,CRS3035RES1000mN2022000E3146000,576094143,61.0
225,CRS3035RES1000mN2022000E3146000,584409067,
226,CRS3035RES1000mN2022000E3146000,635512756,98.0
227,CRS3035RES1000mN2022000E3146000,638492224,
228,CRS3035RES1000mN2022000E3146000,653913062,100.0
229,CRS3035RES1000mN2022000E3146000,659866770,
230,CRS3035RES1000mN2022000E3146000,697717972,39.0
231,CRS3035RES1000mN2022000E3146000,717194862,
232,CRS3035RES1000mN2022000E3146000,736899303,117.0
233,CRS3035RES1000mN2022000E3146000,738042217,106.0
234,CRS3035RES1000mN2022000E3146000,839611983,
235,CRS3035RES1000mN2022000E3146000,957893520,81.0
236,CRS3035RES1000mN2022000E3146000,963308110,106.0
237,CRS3035RES1000mN2022000E3146000,1073283182,102.0
238,CRS3035RES1000mN2022000E3146000,1252864015,99.0
239,CRS3035RES1000mN2022000E3146000,1283203658,
240,CRS3035RES1000mN2022000E3147000,25526,58.0
241,CRS3035RES1000mN2022000E3147000,1774,78.0
242,CRS3035RES1000mN2022000E3147000,1770,96.0
243,CRS3035RES1000mN2022000E3147000,1773,98.0
244,CRS3035RES1000mN2022000E3147000,1771,74.0
245,CRS3035RES1000mN2022000E3147000,123303,77.0
246,CRS3035RES1000mN2022000E3147000,1764,75.0
247,CRS3035RES1000mN2022000E3147000,181101,95.0
248,CRS3035RES1000mN2022000E3147000,5765642,66.0
249,CRS3035RES1000mN2022000E3147000,86719,74.0
250,CRS3035RES1000mN2022000E3147000,1800,94.0
251,CRS3035RES1000mN2022000E3147000,1757,62.0
252,CRS3035RES1000mN2022000E3147000,1755,73.0
253,CRS3035RES1000mN2022000E3147000,1882,71.0
254,CRS3035RES1000mN2022000E3147000,1745,91.0
255,CRS3035RES1000mN2022000E3147000,1794,89.0
256,CRS3035RES1000mN2022000E3147000,1762,82.0
257,CRS3035RES1000mN2022000E3147000,51188,81.0
258,CRS3035RES1000mN2022000E3147000,6893633,86.0
259,CRS3035RES1000mN2022000E3147000,167128,94.0
260,CRS3035RES1000mN2022000E3147000,1760,85.0
261,CRS3035RES1000mN2022000E3147000,12773298,81.0
262,CRS3035RES1000mN2022000E3147000,1754,88.0
263,CRS3035RES1000mN2022000E3147000,1748,92.0
264,CRS3035RES1000mN2022000E3147000,79941,96.0
265,CRS3035RES1000mN2022000E3147000,1750,88.0
266,CRS3035RES1000mN2022000E3147000,5975465,75.0
267,CRS3035RES1000mN2022000E3147000,115056,95.0
268,CRS3035RES1000mN2022000E3147000,1790,89.0
269,CRS3035RES1000mN2022000E3147000,1756,70.0
270,CRS3035RES1000mN2022000E3147000,51849,92.0
271,CRS3035RES1000mN2022000E3147000,185595,84.0
272,CRS3035RES1000mN2022000E3147000,7697128,68.0
273,CRS3035RES1000mN2022000E3147000,10395362,96.0
274,CRS3035RES1000mN2022000E3147000,1759,84.0
275,CRS3035RES1000mN2022000E3147000,1752,88.0
276,CRS3035RES1000mN2022000E3147000,186714,86.0
277,CRS3035RES1000mN2022000E3147000,1753,88.0
278,CRS3035RES1000mN2022000E3147000,1792,88.0
279,CRS3035RES1000mN2022000E3147000,1763,74.0
280,CRS3035RES1000mN2022000E3147000,1746,98.0
281,CRS3035RES1000mN2022000E3147000,11572165,82.0
282,CRS3035RES1000mN2022000E3147000,1761,83.0
283,CRS3035RES1000mN2022000E3147000,1747,96.0
284,CRS3035RES1000mN2022000E3147000,5768564,56.0
285,CRS3035RES1000mN2022000E3147000,1798,70.0
286,CRS3035RES1000mN2022000E3147000,66904,88.0
287,CRS3035RES1000mN2022000E3147000,1777,75.0
288,CRS3035RES1000mN2022000E3147000,1765,84.0
289,CRS3035RES1000mN2022000E3147000,49416,90.0
290,CRS3035RES1000mN2022000E3147000,12734939,90.0
291,CRS3035RES1000mN2022000E3147000,167386167,77.0
292,CRS3035RES1000mN2022000E3147000,295933804,80.0
293,CRS3035RES1000mN2022000E3147000,303340017,98.0
294,CRS3035RES1000mN2022000E3147000,315355551,76.0
295,CRS3035RES1000mN2022000E3147000,339084977,78.0
296,CRS3035RES1000mN2022000E3147000,412911553,80.0
297,CRS3035RES1000mN2022000E3147000,558126037,70.0
298,CRS3035RES1000mN2022000E3147000,711789768,80.0
299,CRS3035RES1000mN2022000E3147000,727666062,
300,CRS3035RES1000mN2022000E3147000,848085869,62.0
301,CRS3035RES1000mN2022000E3147000,1056098898,89.0
302,CRS3035RES1000mN2022000E3147000,1255438242,
303,CRS3035RES1000mN2022000E3147000,1469985039,102.0
304,CRS3035RES1000mN2022000E3147000,1504302537,
305,CRS3035RES1000mN2022000E3147000,1511617504,51.0
306,CRS3035RES1000mN2022000E3147000,1541601287,104.0
307,CRS3035RES1000mN2022000E3147000,1544591296,90.0
308,CRS3035RES1000mN2022000E3147000,1598174183,95.0
309,CRS3035RES1000mN2022000E3147000,1629887846,99.0
310,CRS3035RES1000mN2022000E3147000,1686660176,99.0
311,CRS3035RES1000mN2022000E3147000,1716927336,96.0
312,CRS3035RES1000mN2022000E3147000,1734554324,114.0
313,CRS3035RES1000mN2022000E3147000,1849109335,100.0
314,CRS3035RES1000mN2022000E3147000,2028408680,68.0
315,CRS3035RES1000mN2022000E3147000,2036887702,
316,CRS3035RES1000mN2022000E3147000,2061404218,99.0
317,CRS3035RES1000mN2022000E3147000,2134238030,109.0
318,CRS3035RES1000mN2022000E3147000,2261600754,
319,CRS3035RES1000mN2022000E3147000,2301402027,107.0
320,CRS3035RES1000mN2022000E3147000,2303966810,78.0
321,CRS3035RES1000mN2022000E3147000,2312029862,98.0
322,CRS3035RES1000mN2022000E3147000,2408860250,115.0
323,CRS3035RES1000mN2022000E3147000,2620185829,83.0
324,CRS3035RES1000mN2022000E3147000,2622508931,80.0
325,CRS3035RES1000mN2022000E3147000,2672130951,106.0
326,CRS3035RES1000mN2022000E3147000,2710518818,111.0
327,CRS3035RES1000mN2022000E3147000,3034026261,93.0
328,CRS3035RES1000mN2022000E3147000,3179889751,
329,CRS3035RES1000mN2022000E3147000,3206611978,
330,CRS3035RES1000mN2022000E3147000,3272828439,67.0
331,CRS3035RES1000mN2022000E3147000,3452364276,102.0
332,CRS3035RES1000mN2022000E3147000,3452364277,85.0
333,CRS3035RES1000mN2022000E3147000,3495733197,
334,CRS3035RES1000mN2022000E3147000,3497154853,
335,CRS3035RES1000mN2022000E3147000,3517755445,
336,CRS3035RES1000mN2022000E3147000,3522125657,
337,CRS3035RES1000mN2022000E3147000,3526751794,
338,CRS3035RES1000mN2022000E3147000,3839306060,102.0
339,CRS3035RES1000mN2022000E3147000,4214697664,65.0
340,CRS3035RES1000mN2022000E3147000,4338252586,
341,CRS3035RES1000mN2022000E3147000,4401271633,
342,CRS3035RES1000mN2022000E3147000,4515476768,83.0
343,CRS3035RES1000mN2022000E3147000,4569910891,73.0
344,CRS3035RES1000mN2022000E3147000,4703730491,78.0
345,CRS3035RES1000mN2022000E3147000,4707870392,77.0
346,CRS3035RES1000mN2022000E3147000,4789037769,112.0
347,CRS3035RES1000mN2022000E3147000,4794233143,
348,CRS3035RES1000mN2022000E3147000,4870405674,57.0
349,CRS3035RES1000mN2022000E3147000,5139379922,91.0
350,CRS3035RES1000mN2022000E3147000,5160337425,79.0
351,CRS3035RES1000mN2022000E3147000,5196199575,80.0
352,CRS3035RES1000mN2022000E3147000,5341570554,88.0
353,CRS3035RES1000mN2022000E3147000,5345949864,109.0
354,CRS3035RES1000mN2022000E3147000,5448507385,
355,CRS3035RES1000mN2022000E3147000,5604693894,
356,CRS3035RES1000mN2022000E3147000,5670401989,
357,CRS3035RES1000mN2022000E3147000,5942671299,114.0
358,CRS3035RES1000mN2022000E3147000,5943980960,63.0
359,CRS3035RES1000mN2022000E3147000,6185791451,
360,CRS3035RES1000mN2022000E3147000,6188948286,107.0
361,CRS3035RES1000mN2022000E3147000,6555800191,48.0
362,CRS3035RES1000mN2022000E3147000,6885254479,95.0
363,CRS3035RES1000mN2022000E3147000,7222611268,
364,CRS3035RES1000mN2022000E3147000,7408961006,
365,CRS3035RES1000mN2022000E3147000,7619964683,
366,CRS3035RES1000mN2022000E3147000,7836562695,110.0
367,CRS3035RES1000mN2022000E3147000,8493729364,74.0
368,CRS3035RES1000mN2022000E3147000,8557885377,
369,CRS3035RES1000mN2022000E3147000,8807212208,77.0
370,CRS3035RES1000mN2022000E3147000,8844229173,83.0
371,CRS3035RES1000mN2022000E3147000,8878422600,96.0
372,CRS3035RES1000mN2022000E3147000,9595709188,86.0
373,CRS3035RES1000mN2022000E3147000,9611387099,68.0
374,CRS3035RES1000mN2022000E3147000,9712656915,74.0
375,CRS3035RES1000mN2022000E3147000,9713142744,78.0
376,CRS3035RES1000mN2022000E3147000,9815746657,
377,CRS3035RES1000mN2022000E3147000,10004871512,98.0
378,CRS3035RES1000mN2022000E3147000,10281174134,
379,CRS3035RES1000mN2022000E3147000,10580337411,106.0
380,CRS3035RES1000mN2022000E3147000,10899442604,63.0
381,CRS3035RES1000mN2022000E3147000,10922657146,54.0
382,CRS3035RES1000mN2022000E3147000,11127499928,96.0
383,CRS3035RES1000mN2022000E3147000,11143725881,94.0
384,CRS3035RES1000mN2022000E3147000,11243087140,103.0
385,CRS3035RES1000mN2022000E3147000,11269399969,89.0
386,CRS3035RES1000mN2022000E3147000,11287269362,102.0
387,CRS3035RES1000mN2022000E3147000,11287269363,
388,CRS3035RES1000mN2022000E3147000,11369705764,112.0
389,CRS3035RES1000mN2022000E3147000,11387776374,100.0
390,CRS3035RES1000mN2022000E3147000,11461799040,
391,CRS3035RES1000mN2022000E3147000,11462802981,84.0
392,CRS3035RES1000mN2022000E3147000,11652077658,98.0
393,CRS3035RES1000mN2022000E3147000,11691390164,79.0
394,CRS3035RES1000mN2022000E3147000,11739757462,73.0
395,CRS3035RES1000mN2022000E3147000,12178446726,69.0
396,CRS3035RES1000mN2022000E3147000,12407425114,90.0
397,CRS3035RES1000mN2022000E3147000,12865480228,103.0
398,CRS3035RES1000mN2022000E3147000,2960630,53.0
399,CRS3035RES1000mN2022000E3147000,3554044,54.0
400,CRS3035RES1000mN2022000E3147000,3557906,66.0
401,CRS3035RES1000mN2022000E3147000,5231361,84.0
402,CRS3035RES1000mN2022000E3147000,9314566,
403,CRS3035RES1000mN2022000E3147000,13696257,104.0
404,CRS3035RES1000mN2022000E3147000,15996131,80.0
405,CRS3035RES1000mN2022000E3147000,23526191,91.0
406,CRS3035RES1000mN2022000E3147000,23545719,92.0
407,CRS3035RES1000mN2022000E3147000,30599279,48.0
408,CRS3035RES1000mN2022000E3147000,30649229,80.0
409,CRS3035RES1000mN2022000E3147000,32198651,
410,CRS3035RES1000mN2022000E3147000,34945111,70.0
411,CRS3035RES1000mN2022000E3147000,50170625,
412,CRS3035RES1000mN2022000E3147000,82887228,102.0
413,CRS3035RES1000mN2022000E3147000,92484952,96.0
414,CRS3035RES1000mN2022000E3147000,95794713,100.0
415,CRS3035RES1000mN2022000E3147000,96418670,67.0
416,CRS3035RES1000mN2022000E3147000,98502686,89.0
417,CRS3035RES1000mN2022000E3147000,132613257,100.0
418,CRS3035RES1000mN2022000E3147000,135036040,100.0
419,CRS3035RES1000mN2022000E3147000,150772489,84.0
420,CRS3035RES1000mN2022000E3147000,154118456,90.0
421,CRS3035RES1000mN2022000E3147000,157375776,93.0
422,CRS3035RES1000mN2022000E3147000,158211204,47.0
423,CRS3035RES1000mN2022000E3147000,162072415,52.0
424,CRS3035RES1000mN2022000E3147000,162117720,103.0
425,CRS3035RES1000mN2022000E3147000,170487273,
426,CRS3035RES1000mN2022000E3147000,172686062,24.0
427,CRS3035RES1000mN2022000E3147000,174318235,66.0
428,CRS3035RES1000mN2022000E3147000,174318237,61.0
429,CRS3035RES1000mN2022000E3147000,205060159,
430,CRS3035RES1000mN2022000E3147000,205757163,
431,CRS3035RES1000mN2022000E3147000,221095520,106.0
432,CRS3035RES1000mN2022000E3147000,224503374,83.0
433,CRS3035RES1000mN2022000E3147000,227333462,87.0
434,CRS3035RES1000mN2022000E3147000,229117454,93.0
435,CRS3035RES1000mN2022000E3147000,261460389,
436,CRS3035RES1000mN2022000E3147000,283450022,68.0
437,CRS3035RES1000mN2022000E3147000,288994040,68.0
438,CRS3035RES1000mN2022000E3147000,296744564,
439,CRS3035RES1000mN2022000E3147000,297526406,94.0
440,CRS3035RES1000mN2022000E3147000,300709861,76.0
441,CRS3035RES1000mN2022000E3147000,301444634,100.0
442,CRS3035RES1000mN2022000E3147000,302721609,102.0
443,CRS3035RES1000mN2022000E3147000,308195630,
444,CRS3035RES1000mN2022000E3147000,312777902,68.0
445,CRS3035RES1000mN2022000E3147000,330154630,
446,CRS3035RES1000mN2022000E3147000,340205456,85.0
447,CRS3035RES1000mN2022000E3147000,367883612,100.0
448,CRS3035RES1000mN2022000E3147000,368211943,101.0
449,CRS3035RES1000mN2022000E3147000,374180360,102.0
450,CRS3035RES1000mN2022000E3147000,375369499,84.0
451,CRS3035RES1000mN2022000E3147000,383494544,87.0
452,CRS3035RES1000mN2022000E3147000,384574591,72.0
453,CRS3035RES1000mN2022000E3147000,403538322,114.0
454,CRS3035RES1000mN2022000E3147000,403859503,81.0
455,CRS3035RES1000mN2022000E3147000,437050442,89.0
456,CRS3035RES1000mN2022000E3147000,459881697,88.0
457,CRS3035RES1000mN2022000E3147000,477278425,
458,CRS3035RES1000mN2022000E3147000,486879235,
459,CRS3035RES1000mN2022000E3147000,493748377,58.0
460,CRS3035RES1000mN2022000E3147000,498234201,88.0
461,CRS3035RES1000mN2022000E3147000,504315026,104.0
462,CRS3035RES1000mN2022000E3147000,548701490,
463,CRS3035RES1000mN2022000E3147000,574210084,114.0
464,CRS3035RES1000mN2022000E3147000,576094143,54.0
465,CRS3035RES1000mN2022000E3147000,584409067,
466,CRS3035RES1000mN2022000E3147000,635512756,94.0
467,CRS3035RES1000mN2022000E3147000,638492224,
468,CRS3035RES1000mN2022000E3147000,653913062,96.0
469,CRS3035RES1000mN2022000E3147000,659866770,
470,CRS3035RES1000mN2022000E3147000,697717972,39.0
471,CRS3035RES1000mN2022000E3147000,717194862,
472,CRS3035RES1000mN2022000E3147000,736899303,113.0
473,CRS3035RES1000mN2022000E3147000,738042217,102.0
474,CRS3035RES1000mN2022000E3147000,839611983,
475,CRS3035RES1000mN2022000E3147000,957893520,78.0
476,CRS3035RES1000mN2022000E3147000,963308110,102.0
477,CRS3035RES1000mN2022000E3147000,1073283182,99.0
478,CRS3035RES1000mN2022000E3147000,1252864015,95.0
479,CRS3035RES1000mN2022000E3147000,1283203658,98.0
480,CRS3035RES1000mN2022000E3148000,25526,60.0
481,CRS3035RES1000mN2022000E3148000,1774,80.0
482,CRS3035RES1000mN2022000E3148000,1770,95.0
483,CRS3035RES1000mN2022000E3148000,1773,98.0
484,CRS3035RES1000mN2022000E3148000,1771,72.0
485,CRS3035RES1000mN2022000E3148000,123303,79.0
486,CRS3035RES1000mN2022000E3148000,1764,73.0
487,CRS3035RES1000mN2022000E3148000,181101,98.0
488,CRS3035RES1000mN2022000E3148000,5765642,66.0
489,CRS3035RES1000mN2022000E3148000,86719,68.0
490,CRS3035RES1000mN2022000E3148000,1800,94.0
491,CRS3035RES1000mN2022000E3148000,1757,60.0
492,CRS3035RES1000mN2022000E3148000,1755,75.0
493,CRS3035RES1000mN2022000E3148000,1882,69.0
494,CRS3035RES1000mN2022000E3148000,1745,90.0
495,CRS3035RES1000mN2022000E3148000,1794,87.0
496,CRS3035RES1000mN2022000E3148000,1762,80.0
497,CRS3035RES1000mN2022000E3148000,51188,79.0
498,CRS3035RES1000mN2022000E3148000,6893633,84.0
499,CRS3035RES1000mN2022000E3148000,167128,95.0
500,CRS3035RES1000mN2022000E3148000,1760,83.0
501,CRS3035RES1000mN2022000E3148000,12773298,76.0
502,CRS3035RES1000mN2022000E3148000,1754,83.0
503,CRS3035RES1000mN2022000E3148000,1748,94.0
504,CRS3035RES1000mN2022000E3148000,79941,95.0
505,CRS3035RES1000mN2022000E3148000,1750,88.0
506,CRS3035RES1000mN2022000E3148000,5975465,74.0
507,CRS3035RES1000mN2022000E3148000,115056,95.0
508,CRS3035RES1000mN2022000E3148000,1790,86.0
509,CRS3035RES1000mN2022000E3148000,1756,70.0
510,CRS3035RES1000mN2022000E3148000,51849,89.0
511,CRS3035RES1000mN2022000E3148000,185595,83.0
512,CRS3035RES1000mN2022000E3148000,7697128,65.0
513,CRS3035RES1000mN2022000E3148000,10395362,97.0
514,CRS3035RES1000mN2022000E3148000,1759,82.0
515,CRS3035RES1000mN2022000E3148000,1752,89.0
516,CRS3035RES1000mN2022000E3148000,186714,86.0
517,CRS3035RES1000mN2022000E3148000,1753,88.0
518,CRS3035RES1000mN2022000E3148000,1792,90.0
519,CRS3035RES1000mN2022000E3148000,1763,77.0
520,CRS3035RES1000mN2022000E3148000,1746,96.0
521,CRS3035RES1000mN2022000E3148000,11572165,84.0
522,CRS3035RES1000mN2022000E3148000,1761,83.0
523,CRS3035RES1000mN2022000E3148000,1747,97.0
524,CRS3035RES1000mN2022000E3148000,5768564,59.0
525,CRS3035RES1000mN2022000E3148000,1798,71.0
526,CRS3035RES1000mN2022000E3148000,66904,89.0
527,CRS3035RES1000mN2022000E3148000,1777,73.0
528,CRS3035RES1000mN2022000E3148000,1765,82.0
529,CRS3035RES1000mN2022000E3148000,49416,92.0
530,CRS3035RES1000mN2022000E3148000,12734939,92.0
531,CRS3035RES1000mN2022000E3148000,167386167,75.0
532,CRS3035RES1000mN2022000E3148000,295933804,78.0
533,CRS3035RES1000mN2022000E3148000,303340017,76.0
534,CRS3035RES1000mN2022000E3148000,315355551,79.0
535,CRS3035RES1000mN2022000E3148000,339084977,78.0
536,CRS3035RES1000mN2022000E3148000,412911553,78.0
537,CRS3035RES1000mN2022000E3148000,558126037,73.0
538,CRS3035RES1000mN2022000E3148000,711789768,85.0
539,CRS3035RES1000mN2022000E3148000,727666062,
540,CRS3035RES1000mN2022000E3148000,848085869,62.0
541,CRS3035RES1000mN2022000E3148000,1056098898,88.0
542,CRS3035RES1000mN2022000E3148000,1255438242,
543,CRS3035RES1000mN2022000E3148000,1469985039,105.0
544,CRS3035RES1000mN2022000E3148000,1504302537,
545,CRS3035RES1000mN2022000E3148000,1511617504,52.0
546,CRS3035RES1000mN2022000E3148000,1541601287,99.0
547,CRS3035RES1000mN2022000E3148000,1544591296,92.0
548,CRS3035RES1000mN2022000E3148000,1598174183,98.0
549,CRS3035RES1000mN2022000E3148000,1629887846,102.0
550,CRS3035RES1000mN2022000E3148000,1686660176,97.0
551,CRS3035RES1000mN2022000E3148000,1716927336,97.0
552,CRS3035RES1000mN2022000E3148000,1734554324,113.0
553,CRS3035RES1000mN2022000E3148000,1849109335,81.0
554,CRS3035RES1000mN2022000E3148000,2028408680,71.0
555,CRS3035RES1000mN2022000E3148000,2036887702,
556,CRS3035RES1000mN2022000E3148000,2061404218,103.0
557,CRS3035RES1000mN2022000E3148000,2134238030,108.0
558,CRS3035RES1000mN2022000E3148000,2261600754,
559,CRS3035RES1000mN2022000E3148000,2301402027,106.0
560,CRS3035RES1000mN2022000E3148000,2303966810,80.0
561,CRS3035RES1000mN2022000E3148000,2312029862,101.0
562,CRS3035RES1000mN2022000E3148000,2408860250,106.0
563,CRS3035RES1000mN2022000E3148000,2620185829,81.0
564,CRS3035RES1000mN2022000E3148000,2622508931,77.0
565,CRS3035RES1000mN2022000E3148000,2672130951,113.0
566,CRS3035RES1000mN2022000E3148000,2710518818,113.0
567,CRS3035RES1000mN2022000E3148000,3034026261,93.0
568,CRS3035RES1000mN2022000E3148000,3179889751,
569,CRS3035RES1000mN2022000E3148000,3206611978,
570,CRS3035RES1000mN2022000E3148000,3272828439,69.0
571,CRS3035RES1000mN2022000E3148000,3452364276,101.0
572,CRS3035RES1000mN2022000E3148000,3452364277,83.0
573,CRS3035RES1000mN2022000E3148000,3495733197,
574,CRS3035RES1000mN2022000E3148000,3497154853,
575,CRS3035RES1000mN2022000E3148000,3517755445,
576,CRS3035RES1000mN2022000E3148000,3522125657,
577,CRS3035RES1000mN2022000E3148000,3526751794,
578,CRS3035RES1000mN2022000E3148000,3839306060,101.0
579,CRS3035RES1000mN2022000E3148000,4214697664,64.0
580,CRS3035RES1000mN2022000E3148000,4338252586,
581,CRS3035RES1000mN2022000E3148000,4401271633,
582,CRS3035RES1000mN2022000E3148000,4515476768,
583,CRS3035RES1000mN2022000E3148000,4569910891,70.0
584,CRS3035RES1000mN2022000E3148000,4703730491,77.0
585,CRS3035RES1000mN2022000E3148000,4707870392,73.0
586,CRS3035RES1000mN2022000E3148000,4789037769,114.0
587,CRS3035RES1000mN2022000E3148000,4794233143,
588,CRS3035RES1000mN2022000E3148000,4870405674,62.0
589,CRS3035RES1000mN2022000E3148000,5139379922,93.0
590,CRS3035RES1000mN2022000E3148000,5160337425,76.0
591,CRS3035RES1000mN2022000E3148000,5196199575,81.0
592,CRS3035RES1000mN2022000E3148000,5341570554,88.0
593,CRS3035RES1000mN2022000E3148000,5345949864,110.0
594,CRS3035RES1000mN2022000E3148000,5448507385,
595,CRS3035RES1000mN2022000E3148000,5604693894,
596,CRS3035RES1000mN2022000E3148000,5670401989,
597,CRS3035RES1000mN2022000E3148000,5942671299,117.0
598,CRS3035RES1000mN2022000E3148000,5943980960,67.0
599,CRS3035RES1000mN2022000E3148000,6185791451,
600,CRS3035RES1000mN2022000E3148000,6188948286,110.0
601,CRS3035RES1000mN2022000E3148000,6555800191,51.0
602,CRS3035RES1000mN2022000E3148000,6885254479,97.0
603,CRS3035RES1000mN2022000E3148000,7222611268,
604,CRS3035RES1000mN2022000E3148000,7408961006,
605,CRS3035RES1000mN2022000E3148000,7619964683,
606,CRS3035RES1000mN2022000E3148000,7836562695,114.0
607,CRS3035RES1000mN2022000E3148000,8493729364,75.0
608,CRS3035RES1000mN2022000E3148000,8557885377,107.0
609,CRS3035RES1000mN2022000E3148000,8807212208,75.0
610,CRS3035RES1000mN2022000E3148000,8844229173,81.0
611,CRS3035RES1000mN2022000E3148000,8878422600,99.0
612,CRS3035RES1000mN2022000E3148000,9595709188,84.0
613,CRS3035RES1000mN2022000E3148000,9611387099,71.0
614,CRS3035RES1000mN2022000E3148000,9712656915,71.0
615,CRS3035RES1000mN2022000E3148000,9713142744,76.0
616,CRS3035RES1000mN2022000E3148000,9815746657,
617,CRS3035RES1000mN2022000E3148000,10004871512,101.0
618,CRS3035RES1000mN2022000E3148000,10281174134,
619,CRS3035RES1000mN2022000E3148000,10580337411,105.0
620,CRS3035RES1000mN2022000E3148000,10899442604,67.0
621,CRS3035RES1000mN2022000E3148000,10922657146,58.0
622,CRS3035RES1000mN2022000E3148000,11127499928,100.0
623,CRS3035RES1000mN2022000E3148000,11143725881,88.0
624,CRS3035RES1000mN2022000E3148000,11243087140,105.0
625,CRS3035RES1000mN2022000E3148000,11269399969,86.0
626,CRS3035RES1000mN2022000E3148000,11287269362,101.0
627,CRS3035RES1000mN2022000E3148000,11287269363,
628,CRS3035RES1000mN2022000E3148000,11369705764,111.0
629,CRS3035RES1000mN2022000E3148000,11387776374,102.0
630,CRS3035RES1000mN2022000E3148000,11461799040,
631,CRS3035RES1000mN2022000E3148000,11462802981,87.0
632,CRS3035RES1000mN2022000E3148000,11652077658,86.0
633,CRS3035RES1000mN2022000E3148000,11691390164,77.0
634,CRS3035RES1000mN2022000E3148000,11739757462,65.0
635,CRS3035RES1000mN2022000E3148000,12178446726,72.0
636,CRS3035RES1000mN2022000E3148000,12407425114,94.0
637,CRS3035RES1000mN2022000E3148000,12865480228,102.0
638,CRS3035RES1000mN2022000E3148000,2960630,58.0
639,CRS3035RES1000mN2022000E3148000,3554044,60.0
640,CRS3035RES1000mN2022000E3148000,3557906,63.0
641,CRS3035RES1000mN2022000E3148000,5231361,82.0
642,CRS3035RES1000mN2022000E3148000,9314566,
643,CRS3035RES1000mN2022000E3148000,13696257,107.0
644,CRS3035RES1000mN2022000E3148000,15996131,77.0
645,CRS3035RES1000mN2022000E3148000,23526191,89.0
646,CRS3035RES1000mN2022000E3148000,23545719,92.0
647,CRS3035RES1000mN2022000E3148000,30599279,44.0
648,CRS3035RES1000mN2022000E3148000,30649229,78.0
649,CRS3035RES1000mN2022000E3148000,32198651,
650,CRS3035RES1000mN2022000E3148000,34945111,67.0
651,CRS3035RES1000mN2022000E3148000,50170625,
652,CRS3035RES1000mN2022000E3148000,82887228,103.0
653,CRS3035RES1000mN2022000E3148000,92484952,97.0
654,CRS3035RES1000mN2022000E3148000,95794713,102.0
655,CRS3035RES1000mN2022000E3148000,96418670,71.0
656,CRS3035RES1000mN2022000E3148000,98502686,82.0
657,CRS3035RES1000mN2022000E3148000,132613257,102.0
658,CRS3035RES1000mN2022000E3148000,135036040,102.0
659,CRS3035RES1000mN2022000E3148000,150772489,82.0
660,CRS3035RES1000mN2022000E3148000,154118456,94.0
661,CRS3035RES1000mN2022000E3148000,157375776,97.0
662,CRS3035RES1000mN2022000E3148000,158211204,52.0
663,CRS3035RES1000mN2022000E3148000,162072415,48.0
664,CRS3035RES1000mN2022000E3148000,162117720,96.0
665,CRS3035RES1000mN2022000E3148000,170487273,
666,CRS3035RES1000mN2022000E3148000,172686062,31.0
667,CRS3035RES1000mN2022000E3148000,174318235,66.0
668,CRS3035RES1000mN2022000E3148000,174318237,65.0
669,CRS3035RES1000mN2022000E3148000,205060159,
670,CRS3035RES1000mN2022000E3148000,205757163,
671,CRS3035RES1000mN2022000E3148000,221095520,105.0
672,CRS3035RES1000mN2022000E3148000,224503374,80.0
673,CRS3035RES1000mN2022000E3148000,227333462,87.0
674,CRS3035RES1000mN2022000E3148000,229117454,87.0
675,CRS3035RES1000mN2022000E3148000,261460389,
676,CRS3035RES1000mN2022000E3148000,283450022,66.0
677,CRS3035RES1000mN2022000E3148000,288994040,71.0
678,CRS3035RES1000mN2022000E3148000,296744564,
679,CRS3035RES1000mN2022000E3148000,297526406,98.0
680,CRS3035RES1000mN2022000E3148000,300709861,79.0
681,CRS3035RES1000mN2022000E3148000,301444634,105.0
682,CRS3035RES1000mN2022000E3148000,302721609,103.0
683,CRS3035RES1000mN2022000E3148000,308195630,113.0
684,CRS3035RES1000mN2022000E3148000,312777902,71.0
685,CRS3035RES1000mN2022000E3148000,330154630,
686,CRS3035RES1000mN2022000E3148000,340205456,83.0
687,CRS3035RES1000mN2022000E3148000,367883612,100.0
688,CRS3035RES1000mN2022000E3148000,368211943,98.0
689,CRS3035RES1000mN2022000E3148000,374180360,101.0
690,CRS3035RES1000mN2022000E3148000,375369499,88.0
691,CRS3035RES1000mN2022000E3148000,383494544,84.0
692,CRS3035RES1000mN2022000E3148000,384574591,67.0
693,CRS3035RES1000mN2022000E3148000,403538322,113.0
694,CRS3035RES1000mN2022000E3148000,403859503,78.0
695,CRS3035RES1000mN2022000E3148000,437050442,86.0
696,CRS3035RES1000mN2022000E3148000,459881697,88.0
697,CRS3035RES1000mN2022000E3148000,477278425,
698,CRS3035RES1000mN2022000E3148000,486879235,
699,CRS3035RES1000mN2022000E3148000,493748377,55.0
700,CRS3035RES1000mN2022000E3148000,498234201,85.0
701,CRS3035RES1000mN2022000E3148000,504315026,103.0
702,CRS3035RES1000mN2022000E3148000,548701490,116.0
703,CRS3035RES1000mN2022000E3148000,574210084,95.0
704,CRS3035RES1000mN2022000E3148000,576094143,53.0
705,CRS3035RES1000mN2022000E3148000,584409067,
706,CRS3035RES1000mN2022000E3148000,635512756,98.0
707,CRS3035RES1000mN2022000E3148000,638492224,
708,CRS3035RES1000mN2022000E3148000,653913062,100.0
709,CRS3035RES1000mN2022000E3148000,659866770,
710,CRS3035RES1000mN2022000E3148000,697717972,44.0
711,CRS3035RES1000mN2022000E3148000,717194862,
712,CRS3035RES1000mN2022000E3148000,736899303,115.0
713,CRS3035RES1000mN2022000E3148000,738042217,104.0
714,CRS3035RES1000mN2022000E3148000,839611983,
715,CRS3035RES1000mN2022000E3148000,957893520,77.0
716,CRS3035RES1000mN2022000E3148000,963308110,105.0
717,CRS3035RES1000mN2022000E3148000,1073283182,99.0
718,CRS3035RES1000mN2022000E3148000,1252864015,97.0
719,CRS3035RES1000mN2022000E3148000,1283203658,
720,CRS3035RES1000mN2023000E3145000,25526,48.0
721,CRS3035RES1000mN2023000E3145000,1774,68.0
722,CRS3035RES1000mN2023000E3145000,1770,94.0
723,CRS3035RES1000mN2023000E3145000,1773,87.0
724,CRS3035RES1000mN2023000E3145000,1771,66.0
725,CRS3035RES1000mN2023000E3145000,123303,68.0
726,CRS3035RES1000mN2023000E3145000,1764,72.0
727,CRS3035RES1000mN2023000E3145000,181101,87.0
728,CRS3035RES1000mN2023000E3145000,5765642,54.0
729,CRS3035RES1000mN2023000E3145000,86719,72.0
730,CRS3035RES1000mN2023000E3145000,1800,85.0
731,CRS3035RES1000mN2023000E3145000,1757,56.0
732,CRS3035RES1000mN2023000E3145000,1755,63.0
733,CRS3035RES1000mN2023000E3145000,1882,66.0
734,CRS3035RES1000mN2023000E3145000,1745,85.0
735,CRS3035RES1000mN2023000E3145000,1794,85.0
736,CRS3035RES1000mN2023000E3145000,1762,77.0
737,CRS3035RES1000mN2023000E3145000,51188,76.0
738,CRS3035RES1000mN2023000E3145000,6893633,77.0
739,CRS3035RES1000mN2023000E3145000,167128,85.0
740,CRS3035RES1000mN2023000E3145000,1760,81.0
741,CRS3035RES1000mN2023000E3145000,12773298,78.0
742,CRS3035RES1000mN2023000E3145000,1754,78.0
743,CRS3035RES1000mN2023000E3145000,1748,84.0
744,CRS3035RES1000mN2023000E3145000,79941,91.0
745,CRS3035RES1000mN2023000E3145000,1750,86.0
746,CRS3035RES1000mN2023000E3145000,5975465,65.0
747,CRS3035RES1000mN2023000E3145000,115056,91.0
748,CRS3035RES1000mN2023000E3145000,1790,84.0
749,CRS3035RES1000mN2023000E3145000,1756,59.0
750,CRS3035RES1000mN2023000E3145000,51849,86.0
751,CRS3035RES1000mN2023000E3145000,185595,77.0
752,CRS3035RES1000mN2023000E3145000,7697128,63.0
753,CRS3035RES1000mN2023000E3145000,10395362,95.0
754,CRS3035RES1000mN2023000E3145000,1759,79.0
755,CRS3035RES1000mN2023000E3145000,1752,78.0
756,CRS3035RES1000mN2023000E3145000,186714,82.0
757,CRS3035RES1000mN2023000E3145000,1753,79.0
758,CRS3035RES1000mN2023000E3145000,1792,79.0
759,CRS3035RES1000mN2023000E3145000,1763,64.0
760,CRS3035RES1000mN2023000E3145000,1746,92.0
761,CRS3035RES1000mN2023000E3145000,11572165,74.0
762,CRS3035RES1000mN2023000E3145000,1761,74.0
763,CRS3035RES1000mN2023000E3145000,1747,88.0
764,CRS3035RES1000mN2023000E3145000,5768564,55.0
765,CRS3035RES1000mN2023000E3145000,1798,60.0
766,CRS3035RES1000mN2023000E3145000,66904,87.0
767,CRS3035RES1000mN2023000E3145000,1777,69.0
768,CRS3035RES1000mN2023000E3145000,1765,79.0
769,CRS3035RES1000mN2023000E3145000,49416,82.0
770,CRS3035RES1000mN2023000E3145000,12734939,82.0
771,CRS3035RES1000mN2023000E3145000,167386167,71.0
772,CRS3035RES1000mN2023000E3145000,295933804,74.0
773,CRS3035RES1000mN2023000E3145000,303340017,72.0
774,CRS3035RES1000mN2023000E3145000,315355551,78.0
775,CRS3035RES1000mN2023000E3145000,339084977,67.0
776,CRS3035RES1000mN2023000E3145000,412911553,72.0
777,CRS3035RES1000mN2023000E3145000,558126037,72.0
778,CRS3035RES1000mN2023000E3145000,711789768,70.0
779,CRS3035RES1000mN2023000E3145000,727666062,
780,CRS3035RES1000mN2023000E3145000,848085869,61.0
781,CRS3035RES1000mN2023000E3145000,1056098898,82.0
782,CRS3035RES1000mN2023000E3145000,1255438242,
783,CRS3035RES1000mN2023000E3145000,1469985039,94.0
784,CRS3035RES1000mN2023000E3145000,1504302537,
785,CRS3035RES1000mN2023000E3145000,1511617504,10.0
786,CRS3035RES1000mN2023000E3145000,1541601287,95.0
787,CRS3035RES1000mN2023000E3145000,1544591296,88.0
788,CRS3035RES1000mN2023000E3145000,1598174183,95.0
789,CRS3035RES1000mN2023000E3145000,1629887846,99.0
790,CRS3035RES1000mN2023000E3145000,1686660176,95.0
791,CRS3035RES1000mN2023000E3145000,1716927336,93.0
792,CRS3035RES1000mN2023000E3145000,1734554324,97.0
793,CRS3035RES1000mN2023000E3145000,1849109335,77.0
794,CRS3035RES1000mN2023000E3145000,2028408680,53.0
795,CRS3035RES1000mN2023000E3145000,2036887702,
796,CRS3035RES1000mN2023000E3145000,2061404218,100.0
797,CRS3035RES1000mN2023000E3145000,2134238030,99.0
798,CRS3035RES1000mN2023000E3145000,2261600754,
799,CRS3035RES1000mN2023000E3145000,2301402027,104.0
800,CRS3035RES1000mN2023000E3145000,2303966810,74.0
801,CRS3035RES1000mN2023000E3145000,2312029862,97.0
802,CRS3035RES1000mN2023000E3145000,2408860250,102.0
803,CRS3035RES1000mN2023000E3145000,2620185829,75.0
804,CRS3035RES1000mN2023000E3145000,2622508931,71.0
805,CRS3035RES1000mN2023000E3145000,2672130951,103.0
806,CRS3035RES1000mN2023000E3145000,2710518818,108.0
807,CRS3035RES1000mN2023000E3145000,3034026261,74.0
808,CRS3035RES1000mN2023000E3145000,3179889751,
809,CRS3035RES1000mN2023000E3145000,3206611978,
810,CRS3035RES1000mN2023000E3145000,3272828439,60.0
811,CRS3035RES1000mN2023000E3145000,3452364276,97.0
812,CRS3035RES1000mN2023000E3145000,3452364277,81.0
813,CRS3035RES1000mN2023000E3145000,3495733197,
814,CRS3035RES1000mN2023000E3145000,3497154853,
815,CRS3035RES1000mN2023000E3145000,3517755445,
816,CRS3035RES1000mN2023000E3145000,3522125657,
817,CRS3035RES1000mN2023000E3145000,3526751794,
818,CRS3035RES1000mN2023000E3145000,3839306060,96.0
819,CRS3035RES1000mN2023000E3145000,4214697664,55.0
820,CRS3035RES1000mN2023000E3145000,4338252586,
821,CRS3035RES1000mN2023000E3145000,4401271633,
822,CRS3035RES1000mN2023000E3145000,4515476768,81.0
823,CRS3035RES1000mN2023000E3145000,4569910891,68.0
824,CRS3035RES1000mN2023000E3145000,4703730491,77.0
825,CRS3035RES1000mN2023000E3145000,4707870392,71.0
826,CRS3035RES1000mN2023000E3145000,4789037769,115.0
827,CRS3035RES1000mN2023000E3145000,4794233143,
828,CRS3035RES1000mN2023000E3145000,4870405674,55.0
829,CRS3035RES1000mN2023000E3145000,5139379922,91.0
830,CRS3035RES1000mN2023000E3145000,5160337425,70.0
831,CRS3035RES1000mN2023000E3145000,5196199575,80.0
832,CRS3035RES1000mN2023000E3145000,5341570554,78.0
833,CRS3035RES1000mN2023000E3145000,5345949864,109.0
834,CRS3035RES1000mN2023000E3145000,5448507385,
835,CRS3035RES1000mN2023000E3145000,5604693894,
836,CRS3035RES1000mN2023000E3145000,5670401989,
837,CRS3035RES1000mN2023000E3145000,5942671299,106.0
838,CRS3035RES1000mN2023000E3145000,5943980960,63.0
839,CRS3035RES1000mN2023000E3145000,6185791451,
840,CRS3035RES1000mN2023000E3145000,6188948286,100.0
841,CRS3035RES1000mN2023000E3145000,6555800191,34.0
842,CRS3035RES1000mN2023000E3145000,6885254479,93.0
843,CRS3035RES1000mN2023000E3145000,7222611268,
844,CRS3035RES1000mN2023000E3145000,7408961006,
845,CRS3035RES1000mN2023000E3145000,7619964683,
846,CRS3035RES1000mN2023000E3145000,7836562695,114.0
847,CRS3035RES1000mN2023000E3145000,8493729364,64.0
848,CRS3035RES1000mN2023000E3145000,8557885377,103.0
849,CRS3035RES1000mN2023000E3145000,8807212208,74.0
850,CRS3035RES1000mN2023000E3145000,8844229173,78.0
851,CRS3035RES1000mN2023000E3145000,8878422600,95.0
852,CRS3035RES1000mN2023000E3145000,9595709188,82.0
853,CRS3035RES1000mN2023000E3145000,9611387099,58.0
854,CRS3035RES1000mN2023000E3145000,9712656915,65.0
855,CRS3035RES1000mN2023000E3145000,9713142744,73.0
856,CRS3035RES1000mN2023000E3145000,9815746657,
857,CRS3035RES1000mN2023000E3145000,10004871512,97.0
858,CRS3035RES1000mN2023000E3145000,10281174134,
859,CRS3035RES1000mN2023000E3145000,10580337411,100.0
860,CRS3035RES1000mN2023000E3145000,10899442604,51.0
861,CRS3035RES1000mN2023000E3145000,10922657146,42.0
862,CRS3035RES1000mN2023000E3145000,11127499928,100.0
863,CRS3035RES1000mN2023000E3145000,11143725881,80.0
864,CRS3035RES1000mN2023000E3145000,11243087140,101.0
865,CRS3035RES1000mN2023000E3145000,11269399969,80.0
866,CRS3035RES1000mN2023000E3145000,11287269362,96.0
867,CRS3035RES1000mN2023000E3145000,11287269363,115.0
868,CRS3035RES1000mN2023000E3145000,11369705764,106.0
869,CRS3035RES1000mN2023000E3145000,11387776374,93.0
870,CRS3035RES1000mN2023000E3145000,11461799040,
871,CRS3035RES1000mN2023000E3145000,11462802981,76.0
872,CRS3035RES1000mN2023000E3145000,11652077658,82.0
873,CRS3035RES1000mN2023000E3145000,11691390164,71.0
874,CRS3035RES1000mN2023000E3145000,11739757462,67.0
875,CRS3035RES1000mN2023000E3145000,12178446726,59.0
876,CRS3035RES1000mN2023000E3145000,12407425114,91.0
877,CRS3035RES1000mN2023000E3145000,12865480228,97.0
878,CRS3035RES1000mN2023000E3145000,2960630,41.0
879,CRS3035RES1000mN2023000E3145000,3554044,37.0
880,CRS3035RES1000mN2023000E3145000,3557906,65.0
881,CRS3035RES1000mN2023000E3145000,5231361,75.0
882,CRS3035RES1000mN2023000E3145000,9314566,119.0
883,CRS3035RES1000mN2023000E3145000,13696257,103.0
884,CRS3035RES1000mN2023000E3145000,15996131,73.0
885,CRS3035RES1000mN2023000E3145000,23526191,87.0
886,CRS3035RES1000mN2023000E3145000,23545719,91.0
887,CRS3035RES1000mN2023000E3145000,30599279,48.0
888,CRS3035RES1000mN2023000E3145000,30649229,72.0
889,CRS3035RES1000mN2023000E3145000,32198651,
890,CRS3035RES1000mN2023000E3145000,34945111,59.0
891,CRS3035RES1000mN2023000E3145000,50170625,
892,CRS3035RES1000mN2023000E3145000,82887228,95.0
893,CRS3035RES1000mN2023000E3145000,92484952,94.0
894,CRS3035RES1000mN2023000E3145000,95794713,92.0
895,CRS3035RES1000mN2023000E3145000,96418670,55.0
896,CRS3035RES1000mN2023000E3145000,98502686,78.0
897,CRS3035RES1000mN2023000E3145000,132613257,93.0
898,CRS3035RES1000mN2023000E3145000,135036040,97.0
899,CRS3035RES1000mN2023000E3145000,150772489,76.0
900,CRS3035RES1000mN2023000E3145000,154118456,90.0
901,CRS3035RES1000mN2023000E3145000,157375776,97.0
902,CRS3035RES1000mN2023000E3145000,158211204,31.0
903,CRS3035RES1000mN2023000E3145000,162072415,52.0
904,CRS3035RES1000mN2023000E3145000,162117720,91.0
905,CRS3035RES1000mN2023000E3145000,170487273,
906,CRS3035RES1000mN2023000E3145000,172686062,35.0
907,CRS3035RES1000mN2023000E3145000,174318235,62.0
908,CRS3035RES1000mN2023000E3145000,174318237,49.0
909,CRS3035RES1000mN2023000E3145000,205060159,
910,CRS3035RES1000mN2023000E3145000,205757163,
911,CRS3035RES1000mN2023000E3145000,221095520,102.0
912,CRS3035RES1000mN2023000E3145000,224503374,78.0
913,CRS3035RES1000mN2023000E3145000,227333462,87.0
914,CRS3035RES1000mN2023000E3145000,229117454,79.0
915,CRS3035RES1000mN2023000E3145000,261460389,
916,CRS3035RES1000mN2023000E3145000,283450022,63.0
917,CRS3035RES1000mN2023000E3145000,288994040,58.0
918,CRS3035RES1000mN2023000E3145000,296744564,
919,CRS3035RES1000mN2023000E3145000,297526406,98.0
920,CRS3035RES1000mN2023000E3145000,300709861,72.0
921,CRS3035RES1000mN2023000E3145000,301444634,101.0
922,CRS3035RES1000mN2023000E3145000,302721609,102.0
923,CRS3035RES1000mN2023000E3145000,308195630,109.0
924,CRS3035RES1000mN2023000E3145000,312777902,58.0
925,CRS3035RES1000mN2023000E3145000,330154630,
926,CRS3035RES1000mN2023000E3145000,340205456,77.0
927,CRS3035RES1000mN2023000E3145000,367883612,93.0
928,CRS3035RES1000mN2023000E3145000,368211943,93.0
929,CRS3035RES1000mN2023000E3145000,374180360,97.0
930,CRS3035RES1000mN2023000E3145000,375369499,84.0
931,CRS3035RES1000mN2023000E3145000,383494544,82.0
932,CRS3035RES1000mN2023000E3145000,384574591,67.0
933,CRS3035RES1000mN2023000E3145000,403538322,113.0
934,CRS3035RES1000mN2023000E3145000,403859503,73.0
935,CRS3035RES1000mN2023000E3145000,437050442,82.0
936,CRS3035RES1000mN2023000E3145000,459881697,88.0
937,CRS3035RES1000mN2023000E3145000,477278425,
938,CRS3035RES1000mN2023000E3145000,486879235,
939,CRS3035RES1000mN2023000E3145000,493748377,59.0
940,CRS3035RES1000mN2023000E3145000,498234201,84.0
941,CRS3035RES1000mN2023000E3145000,504315026,98.0
942,CRS3035RES1000mN2023000E3145000,548701490,115.0
943,CRS3035RES1000mN2023000E3145000,574210084,91.0
944,CRS3035RES1000mN2023000E3145000,576094143,56.0
945,CRS3035RES1000mN2023000E3145000,584409067,111.0
946,CRS3035RES1000mN2023000E3145000,635512756,98.0
947,CRS3035RES1000mN2023000E3145000,638492224,
948,CRS3035RES1000mN2023000E3145000,653913062,99.0
949,CRS3035RES1000mN2023000E3145000,659866770,
950,CRS3035RES1000mN2023000E3145000,697717972,28.0
951,CRS3035RES1000mN2023000E3145000,717194862,
952,CRS3035RES1000mN2023000E3145000,736899303,107.0
953,CRS3035RES1000mN2023000E3145000,738042217,106.0
954,CRS3035RES1000mN2023000E3145000,839611983,
955,CRS3035RES1000mN2023000E3145000,957893520,68.0
956,CRS3035RES1000mN2023000E3145000,963308110,95.0
957,CRS3035RES1000mN2023000E3145000,1073283182,94.0
958,CRS3035RES1000mN2023000E3145000,1252864015,94.0
959,CRS3035RES1000mN2023000E3145000,1283203658,94.0
960,CRS3035RES1000mN2023000E3146000,25526,40.0
961,CRS3035RES1000mN2023000E3146000,1774,62.0
962,CRS3035RES1000mN2023000E3146000,1770,87.0
963,CRS3035RES1000mN2023000E3146000,1773,81.0
964,CRS3035RES1000mN2023000E3146000,1771,60.0
965,CRS3035RES1000mN2023000E3146000,123303,62.0
966,CRS3035RES1000mN2023000E3146000,1764,65.0
967,CRS3035RES1000mN2023000E3146000,181101,79.0
968,CRS3035RES1000mN2023000E3146000,5765642,50.0
969,CRS3035RES1000mN2023000E3146000,86719,73.0
970,CRS3035RES1000mN2023000E3146000,1800,78.0
971,CRS3035RES1000mN2023000E3146000,1757,50.0
972,CRS3035RES1000mN2023000E3146000,1755,56.0
973,CRS3035RES1000mN2023000E3146000,1882,60.0
974,CRS3035RES1000mN2023000E3146000,1745,79.0
975,CRS3035RES1000mN2023000E3146000,1794,79.0
976,CRS3035RES1000mN2023000E3146000,1762,70.0
977,CRS3035RES1000mN2023000E3146000,51188,70.0
978,CRS3035RES1000mN2023000E3146000,6893633,70.0
979,CRS3035RES1000mN2023000E3146000,167128,78.0
980,CRS3035RES1000mN2023000E3146000,1760,75.0
981,CRS3035RES1000mN2023000E3146000,12773298,74.0
982,CRS3035RES1000mN2023000E3146000,1754,70.0
983,CRS3035RES1000mN2023000E3146000,1748,77.0
984,CRS3035RES1000mN2023000E3146000,79941,82.0
985,CRS3035RES1000mN2023000E3146000,1750,80.0
986,CRS3035RES1000mN2023000E3146000,5975465,59.0
987,CRS3035RES1000mN2023000E3146000,115056,85.0
988,CRS3035RES1000mN2023000E3146000,1790,78.0
989,CRS3035RES1000mN2023000E3146000,1756,53.0
990,CRS3035RES1000mN2023000E3146000,51849,79.0
991,CRS3035RES1000mN2023000E3146000,185595,72.0
992,CRS3035RES1000mN2023000E3146000,7697128,57.0
993,CRS3035RES1000mN2023000E3146000,10395362,90.0
994,CRS3035RES1000mN2023000E3146000,1759,73.0
995,CRS3035RES1000mN2023000E3146000,1752,71.0
996,CRS3035RES1000mN2023000E3146000,186714,76.0
997,CRS3035RES1000mN2023000E3146000,1753,72.0
998,CRS3035RES1000mN2023000E3146000,1792,73.0
999,CRS3035RES1000mN2023000E3146000,1763,57.0
1000,CRS3035RES1000mN2023000E3146000,1746,86.0
1001,CRS3035RES1000mN2023000E3146000,11572165,70.0
1002,CRS3035RES1000mN2023000E3146000,1761,67.0
1003,CRS3035RES1000mN2023000E3146000,1747,82.0
1004,CRS3035RES1000mN2023000E3146000,5768564,47.0
1005,CRS3035RES1000mN2023000E3146000,1798,53.0
1006,CRS3035RES1000mN2023000E3146000,66904,78.0
1007,CRS3035RES1000mN2023000E3146000,1777,64.0
1008,CRS3035RES1000mN2023000E3146000,1765,73.0
1009,CRS3035RES1000mN2023000E3146000,49416,75.0
1010,CRS3035RES1000mN2023000E3146000,12734939,75.0
1011,CRS3035RES1000mN2023000E3146000,167386167,65.0
1012,CRS3035RES1000mN2023000E3146000,295933804,70.0
1013,CRS3035RES1000mN2023000E3146000,303340017,71.0
1014,CRS3035RES1000mN2023000E3146000,315355551,72.0
1015,CRS3035RES1000mN2023000E3146000,339084977,61.0
1016,CRS3035RES1000mN2023000E3146000,412911553,65.0
1017,CRS3035RES1000mN2023000E3146000,558126037,66.0
1018,CRS3035RES1000mN2023000E3146000,711789768,70.0
1019,CRS3035RES1000mN2023000E3146000,727666062,102.0
1020,CRS3035RES1000mN2023000E3146000,848085869,60.0
1021,CRS3035RES1000mN2023000E3146000,1056098898,75.0
1022,CRS3035RES1000mN2023000E3146000,1255438242,117.0
1023,CRS3035RES1000mN2023000E3146000,1469985039,87.0
1024,CRS3035RES1000mN2023000E3146000,1504302537,
1025,CRS3035RES1000mN2023000E3146000,1511617504,41.0
1026,CRS3035RES1000mN2023000E3146000,1541601287,92.0
1027,CRS3035RES1000mN2023000E3146000,1544591296,80.0
1028,CRS3035RES1000mN2023000E3146000,1598174183,84.0
1029,CRS3035RES1000mN2023000E3146000,1629887846,90.0
1030,CRS3035RES1000mN2023000E3146000,1686660176,89.0
1031,CRS3035RES1000mN2023000E3146000,1716927336,92.0
1032,CRS3035RES1000mN2023000E3146000,1734554324,92.0
1033,CRS3035RES1000mN2023000E3146000,1849109335,76.0
1034,CRS3035RES1000mN2023000E3146000,2028408680,56.0
1035,CRS3035RES1000mN2023000E3146000,2036887702,
1036,CRS3035RES1000mN2023000E3146000,2061404218,86.0
1037,CRS3035RES1000mN2023000E3146000,2134238030,94.0
1038,CRS3035RES1000mN2023000E3146000,2261600754,
1039,CRS3035RES1000mN2023000E3146000,2301402027,98.0
1040,CRS3035RES1000mN2023000E3146000,2303966810,74.0
1041,CRS3035RES1000mN2023000E3146000,2312029862,87.0
1042,CRS3035RES1000mN2023000E3146000,2408860250,101.0
1043,CRS3035RES1000mN2023000E3146000,2620185829,68.0
1044,CRS3035RES1000mN2023000E3146000,2622508931,65.0
1045,CRS3035RES1000mN2023000E3146000,2672130951,103.0
1046,CRS3035RES1000mN2023000E3146000,2710518818,102.0
1047,CRS3035RES1000mN2023000E3146000,3034026261,77.0
1048,CRS3035RES1000mN2023000E3146000,3179889751,
1049,CRS3035RES1000mN2023000E3146000,3206611978,
1050,CRS3035RES1000mN2023000E3146000,3272828439,59.0
1051,CRS3035RES1000mN2023000E3146000,3452364276,91.0
1052,CRS3035RES1000mN2023000E3146000,3452364277,75.0
1053,CRS3035RES1000mN2023000E3146000,3495733197,
1054,CRS3035RES1000mN2023000E3146000,3497154853,
1055,CRS3035RES1000mN2023000E3146000,3517755445,
1056,CRS3035RES1000mN2023000E3146000,3522125657,
1057,CRS3035RES1000mN2023000E3146000,3526751794,
1058,CRS3035RES1000mN2023000E3146000,3839306060,90.0
1059,CRS3035RES1000mN2023000E3146000,4214697664,48.0
1060,CRS3035RES1000mN2023000E3146000,4338252586,
1061,CRS3035RES1000mN2023000E3146000,4401271633,
1062,CRS3035RES1000mN2023000E3146000,4515476768,81.0
1063,CRS3035RES1000mN2023000E3146000,4569910891,62.0
1064,CRS3035RES1000mN2023000E3146000,4703730491,71.0
1065,CRS3035RES1000mN2023000E3146000,4707870392,66.0
1066,CRS3035RES1000mN2023000E3146000,4789037769,114.0
1067,CRS3035RES1000mN2023000E3146000,4794233143,
1068,CRS3035RES1000mN2023000E3146000,4870405674,48.0
1069,CRS3035RES1000mN2023000E3146000,5139379922,81.0
1070,CRS3035RES1000mN2023000E3146000,5160337425,64.0
1071,CRS3035RES1000mN2023000E3146000,5196199575,75.0
1072,CRS3035RES1000mN2023000E3146000,5341570554,72.0
1073,CRS3035RES1000mN2023000E3146000,5345949864,105.0
1074,CRS3035RES1000mN2023000E3146000,5448507385,
1075,CRS3035RES1000mN2023000E3146000,5604693894,
1076,CRS3035RES1000mN2023000E3146000,5670401989,
1077,CRS3035RES1000mN2023000E3146000,5942671299,96.0
1078,CRS3035RES1000mN2023000E3146000,5943980960,44.0
1079,CRS3035RES1000mN2023000E3146000,6185791451,
1080,CRS3035RES1000mN2023000E3146000,6188948286,93.0
1081,CRS3035RES1000mN2023000E3146000,6555800191,34.0
1082,CRS3035RES1000mN2023000E3146000,6885254479,83.0
1083,CRS3035RES1000mN2023000E3146000,7222611268,
1084,CRS3035RES1000mN2023000E3146000,7408961006,
1085,CRS3035RES1000mN2023000E3146000,7619964683,
1086,CRS3035RES1000mN2023000E3146000,7836562695,112.0
1087,CRS3035RES1000mN2023000E3146000,8493729364,58.0
1088,CRS3035RES1000mN2023000E3146000,8557885377,102.0
1089,CRS3035RES1000mN2023000E3146000,8807212208,66.0
1090,CRS3035RES1000mN2023000E3146000,8844229173,72.0
1091,CRS3035RES1000mN2023000E3146000,8878422600,90.0
1092,CRS3035RES1000mN2023000E3146000,9595709188,77.0
1093,CRS3035RES1000mN2023000E3146000,9611387099,51.0
1094,CRS3035RES1000mN2023000E3146000,9712656915,59.0
1095,CRS3035RES1000mN2023000E3146000,9713142744,67.0
1096,CRS3035RES1000mN2023000E3146000,9815746657,
1097,CRS3035RES1000mN2023000E3146000,10004871512,87.0
1098,CRS3035RES1000mN2023000E3146000,10281174134,
1099,CRS3035RES1000mN2023000E3146000,10580337411,94.0
1100,CRS3035RES1000mN2023000E3146000,10899442604,50.0
1101,CRS3035RES1000mN2023000E3146000,10922657146,41.0
1102,CRS3035RES1000mN2023000E3146000,11127499928,98.0
1103,CRS3035RES1000mN2023000E3146000,11143725881,74.0
1104,CRS3035RES1000mN2023000E3146000,11243087140,90.0
1105,CRS3035RES1000mN2023000E3146000,11269399969,74.0
1106,CRS3035RES1000mN2023000E3146000,11287269362,91.0
1107,CRS3035RES1000mN2023000E3146000,11287269363,109.0
1108,CRS3035RES1000mN2023000E3146000,11369705764,100.0
1109,CRS3035RES1000mN2023000E3146000,11387776374,86.0
1110,CRS3035RES1000mN2023000E3146000,11461799040,
1111,CRS3035RES1000mN2023000E3146000,11462802981,69.0
1112,CRS3035RES1000mN2023000E3146000,11652077658,81.0
1113,CRS3035RES1000mN2023000E3146000,11691390164,64.0
1114,CRS3035RES1000mN2023000E3146000,11739757462,67.0
1115,CRS3035RES1000mN2023000E3146000,12178446726,53.0
1116,CRS3035RES1000mN2023000E3146000,12407425114,86.0
1117,CRS3035RES1000mN2023000E3146000,12865480228,91.0
1118,CRS3035RES1000mN2023000E3146000,2960630,38.0
1119,CRS3035RES1000mN2023000E3146000,3554044,42.0
1120,CRS3035RES1000mN2023000E3146000,3557906,65.0
1121,CRS3035RES1000mN2023000E3146000,5231361,69.0
1122,CRS3035RES1000mN2023000E3146000,9314566,103.0
1123,CRS3035RES1000mN2023000E3146000,13696257,95.0
1124,CRS3035RES1000mN2023000E3146000,15996131,67.0
1125,CRS3035RES1000mN2023000E3146000,23526191,81.0
1126,CRS3035RES1000mN2023000E3146000,23545719,84.0
1127,CRS3035RES1000mN2023000E3146000,30599279,49.0
1128,CRS3035RES1000mN2023000E3146000,30649229,65.0
1129,CRS3035RES1000mN2023000E3146000,32198651,
1130,CRS3035RES1000mN2023000E3146000,34945111,58.0
1131,CRS3035RES1000mN2023000E3146000,50170625,
1132,CRS3035RES1000mN2023000E3146000,82887228,91.0
1133,CRS3035RES1000mN2023000E3146000,92484952,91.0
1134,CRS3035RES1000mN2023000E3146000,95794713,85.0
1135,CRS3035RES1000mN2023000E3146000,96418670,55.0
1136,CRS3035RES1000mN2023000E3146000,98502686,77.0
1137,CRS3035RES1000mN2023000E3146000,132613257,87.0
1138,CRS3035RES1000mN2023000E3146000,135036040,91.0
1139,CRS3035RES1000mN2023000E3146000,150772489,69.0
1140,CRS3035RES1000mN2023000E3146000,154118456,84.0
1141,CRS3035RES1000mN2023000E3146000,157375776,95.0
1142,CRS3035RES1000mN2023000E3146000,158211204,29.0
1143,CRS3035RES1000mN2023000E3146000,162072415,53.0
1144,CRS3035RES1000mN2023000E3146000,162117720,88.0
1145,CRS3035RES1000mN2023000E3146000,170487273,
1146,CRS3035RES1000mN2023000E3146000,172686062,10.0
1147,CRS3035RES1000mN2023000E3146000,174318235,61.0
1148,CRS3035RES1000mN2023000E3146000,174318237,49.0
1149,CRS3035RES1000mN2023000E3146000,205060159,
1150,CRS3035RES1000mN2023000E3146000,205757163,
1151,CRS3035RES1000mN2023000E3146000,221095520,96.0
1152,CRS3035RES1000mN2023000E3146000,224503374,72.0
1153,CRS3035RES1000mN2023000E3146000,227333462,86.0
1154,CRS3035RES1000mN2023000E3146000,229117454,73.0
1155,CRS3035RES1000mN2023000E3146000,261460389,
1156,CRS3035RES1000mN2023000E3146000,283450022,57.0
1157,CRS3035RES1000mN2023000E3146000,288994040,51.0
1158,CRS3035RES1000mN2023000E3146000,296744564,119.0
1159,CRS3035RES1000mN2023000E3146000,297526406,96.0
1160,CRS3035RES1000mN2023000E3146000,300709861,72.0
1161,CRS3035RES1000mN2023000E3146000,301444634,89.0
1162,CRS3035RES1000mN2023000E3146000,302721609,101.0
1163,CRS3035RES1000mN2023000E3146000,308195630,108.0
1164,CRS3035RES1000mN2023000E3146000,312777902,51.0
1165,CRS3035RES1000mN2023000E3146000,330154630,
1166,CRS3035RES1000mN2023000E3146000,340205456,70.0
1167,CRS3035RES1000mN2023000E3146000,367883612,89.0
1168,CRS3035RES1000mN2023000E3146000,368211943,89.0
1169,CRS3035RES1000mN2023000E3146000,374180360,93.0
1170,CRS3035RES1000mN2023000E3146000,375369499,78.0
1171,CRS3035RES1000mN2023000E3146000,383494544,76.0
1172,CRS3035RES1000mN2023000E3146000,384574591,66.0
1173,CRS3035RES1000mN2023000E3146000,403538322,113.0
1174,CRS3035RES1000mN2023000E3146000,403859503,66.0
1175,CRS3035RES1000mN2023000E3146000,437050442,82.0
1176,CRS3035RES1000mN2023000E3146000,459881697,87.0
1177,CRS3035RES1000mN2023000E3146000,477278425,
1178,CRS3035RES1000mN2023000E3146000,486879235,
1179,CRS3035RES1000mN2023000E3146000,493748377,55.0
1180,CRS3035RES1000mN2023000E3146000,498234201,83.0
1181,CRS3035RES1000mN2023000E3146000,504315026,92.0
1182,CRS3035RES1000mN2023000E3146000,548701490,113.0
1183,CRS3035RES1000mN2023000E3146000,574210084,90.0
1184,CRS3035RES1000mN2023000E3146000,576094143,57.0
1185,CRS3035RES1000mN2023000E3146000,584409067,107.0
1186,CRS3035RES1000mN2023000E3146000,635512756,96.0
1187,CRS3035RES1000mN2023000E3146000,638492224,119.0
1188,CRS3035RES1000mN2023000E3146000,653913062,97.0
1189,CRS3035RES1000mN2023000E3146000,659866770,
1190,CRS3035RES1000mN2023000E3146000,697717972,30.0
1191,CRS3035RES1000mN2023000E3146000,717194862,
1192,CRS3035RES1000mN2023000E3146000,736899303,107.0
1193,CRS3035RES1000mN2023000E3146000,738042217,106.0
1194,CRS3035RES1000mN2023000E3146000,839611983,
1195,CRS3035RES1000mN2023000E3146000,957893520,61.0
1196,CRS3035RES1000mN2023000E3146000,963308110,88.0
1197,CRS3035RES1000mN2023000E3146000,1073283182,93.0
1198,CRS3035RES1000mN2023000E3146000,1252864015,84.0
1199,CRS3035RES1000mN2023000E3146000,1283203658,94.0
1200,CRS3035RES1000mN2023000E3147000,25526,49.0
1201,CRS3035RES1000mN2023000E3147000,1774,69.0
1202,CRS3035RES1000mN2023000E3147000,1770,83.0
1203,CRS3035RES1000mN2023000E3147000,1773,87.0
1204,CRS3035RES1000mN2023000E3147000,1771,60.0
1205,CRS3035RES1000mN2023000E3147000,123303,66.0
1206,CRS3035RES1000mN2023000E3147000,1764,63.0
1207,CRS3035RES1000mN2023000E3147000,181101,89.0
1208,CRS3035RES1000mN2023000E3147000,5765642,53.0
1209,CRS3035RES1000mN2023000E3147000,86719,60.0
1210,CRS3035RES1000mN2023000E3147000,1800,83.0
1211,CRS3035RES1000mN2023000E3147000,1757,48.0
1212,CRS3035RES1000mN2023000E3147000,1755,65.0
1213,CRS3035RES1000mN2023000E3147000,1882,57.0
1214,CRS3035RES1000mN2023000E3147000,1745,77.0
1215,CRS3035RES1000mN2023000E3147000,1794,76.0
1216,CRS3035RES1000mN2023000E3147000,1762,68.0
1217,CRS3035RES1000mN2023000E3147000,51188,67.0
1218,CRS3035RES1000mN2023000E3147000,6893633,72.0
1219,CRS3035RES1000mN2023000E3147000,167128,84.0
1220,CRS3035RES1000mN2023000E3147000,1760,72.0
1221,CRS3035RES1000mN2023000E3147000,12773298,66.0
1222,CRS3035RES1000mN2023000E3147000,1754,73.0
1223,CRS3035RES1000mN2023000E3147000,1748,84.0
1224,CRS3035RES1000mN2023000E3147000,79941,81.0
1225,CRS3035RES1000mN2023000E3147000,1750,76.0
1226,CRS3035RES1000mN2023000E3147000,5975465,62.0
1227,CRS3035RES1000mN2023000E3147000,115056,83.0
1228,CRS3035RES1000mN2023000E3147000,1790,75.0
1229,CRS3035RES1000mN2023000E3147000,1756,57.0
1230,CRS3035RES1000mN2023000E3147000,51849,78.0
1231,CRS3035RES1000mN2023000E3147000,185595,72.0
1232,CRS3035RES1000mN2023000E3147000,7697128,54.0
1233,CRS3035RES1000mN2023000E3147000,10395362,87.0
1234,CRS3035RES1000mN2023000E3147000,1759,70.0
1235,CRS3035RES1000mN2023000E3147000,1752,78.0
1236,CRS3035RES1000mN2023000E3147000,186714,74.0
1237,CRS3035RES1000mN2023000E3147000,1753,77.0
1238,CRS3035RES1000mN2023000E3147000,1792,83.0
1239,CRS3035RES1000mN2023000E3147000,1763,67.0
1240,CRS3035RES1000mN2023000E3147000,1746,85.0
1241,CRS3035RES1000mN2023000E3147000,11572165,75.0
1242,CRS3035RES1000mN2023000E3147000,1761,72.0
1243,CRS3035RES1000mN2023000E3147000,1747,88.0
1244,CRS3035RES1000mN2023000E3147000,5768564,48.0
1245,CRS3035RES1000mN2023000E3147000,1798,61.0
1246,CRS3035RES1000mN2023000E3147000,66904,76.0
1247,CRS3035RES1000mN2023000E3147000,1777,62.0
1248,CRS3035RES1000mN2023000E3147000,1765,71.0
1249,CRS3035RES1000mN2023000E3147000,49416,84.0
1250,CRS3035RES1000mN2023000E3147000,12734939,84.0
1251,CRS3035RES1000mN2023000E3147000,167386167,63.0
1252,CRS3035RES1000mN2023000E3147000,295933804,68.0
1253,CRS3035RES1000mN2023000E3147000,303340017,72.0
1254,CRS3035RES1000mN2023000E3147000,315355551,64.0
1255,CRS3035RES1000mN2023000E3147000,339084977,70.0
1256,CRS3035RES1000mN2023000E3147000,412911553,67.0
1257,CRS3035RES1000mN2023000E3147000,558126037,60.0
1258,CRS3035RES1000mN2023000E3147000,711789768,71.0
1259,CRS3035RES1000mN2023000E3147000,727666062,102.0
1260,CRS3035RES1000mN2023000E3147000,848085869,48.0
1261,CRS3035RES1000mN2023000E3147000,1056098898,77.0
1262,CRS3035RES1000mN2023000E3147000,1255438242,118.0
1263,CRS3035RES1000mN2023000E3147000,1469985039,96.0
1264,CRS3035RES1000mN2023000E3147000,1504302537,
1265,CRS3035RES1000mN2023000E3147000,1511617504,47.0
1266,CRS3035RES1000mN2023000E3147000,1541601287,93.0
1267,CRS3035RES1000mN2023000E3147000,1544591296,79.0
1268,CRS3035RES1000mN2023000E3147000,1598174183,84.0
1269,CRS3035RES1000mN2023000E3147000,1629887846,90.0
1270,CRS3035RES1000mN2023000E3147000,1686660176,87.0
1271,CRS3035RES1000mN2023000E3147000,1716927336,70.0
1272,CRS3035RES1000mN2023000E3147000,1734554324,92.0
1273,CRS3035RES1000mN2023000E3147000,1849109335,77.0
1274,CRS3035RES1000mN2023000E3147000,2028408680,63.0
1275,CRS3035RES1000mN2023000E3147000,2036887702,
1276,CRS3035RES1000mN2023000E3147000,2061404218,86.0
1277,CRS3035RES1000mN2023000E3147000,2134238030,94.0
1278,CRS3035RES1000mN2023000E3147000,2261600754,
1279,CRS3035RES1000mN2023000E3147000,2301402027,95.0
1280,CRS3035RES1000mN2023000E3147000,2303966810,75.0
1281,CRS3035RES1000mN2023000E3147000,2312029862,87.0
1282,CRS3035RES1000mN2023000E3147000,2408860250,102.0
1283,CRS3035RES1000mN2023000E3147000,2620185829,70.0
1284,CRS3035RES1000mN2023000E3147000,2622508931,67.0
1285,CRS3035RES1000mN2023000E3147000,2672130951,102.0
1286,CRS3035RES1000mN2023000E3147000,2710518818,107.0
1287,CRS3035RES1000mN2023000E3147000,3034026261,93.0
1288,CRS3035RES1000mN2023000E3147000,3179889751,
1289,CRS3035RES1000mN2023000E3147000,3206611978,
1290,CRS3035RES1000mN2023000E3147000,3272828439,60.0
1291,CRS3035RES1000mN2023000E3147000,3452364276,89.0
1292,CRS3035RES1000mN2023000E3147000,3452364277,71.0
1293,CRS3035RES1000mN2023000E3147000,3495733197,
1294,CRS3035RES1000mN2023000E3147000,3497154853,
1295,CRS3035RES1000mN2023000E3147000,3517755445,
1296,CRS3035RES1000mN2023000E3147000,3522125657,
1297,CRS3035RES1000mN2023000E3147000,3526751794,89.0
1298,CRS3035RES1000mN2023000E3147000,3839306060,87.0
1299,CRS3035RES1000mN2023000E3147000,4214697664,53.0
1300,CRS3035RES1000mN2023000E3147000,4338252586,77.0
1301,CRS3035RES1000mN2023000E3147000,4401271633,
1302,CRS3035RES1000mN2023000E3147000,4515476768,79.0
1303,CRS3035RES1000mN2023000E3147000,4569910891,59.0
1304,CRS3035RES1000mN2023000E3147000,4703730491,72.0
1305,CRS3035RES1000mN2023000E3147000,4707870392,64.0
1306,CRS3035RES1000mN2023000E3147000,4789037769,86.0
1307,CRS3035RES1000mN2023000E3147000,4794233143,
1308,CRS3035RES1000mN2023000E3147000,4870405674,51.0
1309,CRS3035RES1000mN2023000E3147000,5139379922,81.0
1310,CRS3035RES1000mN2023000E3147000,5160337425,66.0
1311,CRS3035RES1000mN2023000E3147000,5196199575,76.0
1312,CRS3035RES1000mN2023000E3147000,5341570554,77.0
1313,CRS3035RES1000mN2023000E3147000,5345949864,109.0
1314,CRS3035RES1000mN2023000E3147000,5448507385,
1315,CRS3035RES1000mN2023000E3147000,5604693894,74.0
1316,CRS3035RES1000mN2023000E3147000,5670401989,
1317,CRS3035RES1000mN2023000E3147000,5942671299,102.0
1318,CRS3035RES1000mN2023000E3147000,5943980960,46.0
1319,CRS3035RES1000mN2023000E3147000,6185791451,
1320,CRS3035RES1000mN2023000E3147000,6188948286,103.0
1321,CRS3035RES1000mN2023000E3147000,6555800191,41.0
1322,CRS3035RES1000mN2023000E3147000,6885254479,81.0
1323,CRS3035RES1000mN2023000E3147000,7222611268,
1324,CRS3035RES1000mN2023000E3147000,7408961006,
1325,CRS3035RES1000mN2023000E3147000,7619964683,114.0
1326,CRS3035RES1000mN2023000E3147000,7836562695,91.0
1327,CRS3035RES1000mN2023000E3147000,8493729364,64.0
1328,CRS3035RES1000mN2023000E3147000,8557885377,103.0
1329,CRS3035RES1000mN2023000E3147000,8807212208,64.0
1330,CRS3035RES1000mN2023000E3147000,8844229173,70.0
1331,CRS3035RES1000mN2023000E3147000,8878422600,90.0
1332,CRS3035RES1000mN2023000E3147000,9595709188,74.0
1333,CRS3035RES1000mN2023000E3147000,9611387099,61.0
1334,CRS3035RES1000mN2023000E3147000,9712656915,61.0
1335,CRS3035RES1000mN2023000E3147000,9713142744,64.0
1336,CRS3035RES1000mN2023000E3147000,9815746657,
1337,CRS3035RES1000mN2023000E3147000,10004871512,87.0
1338,CRS3035RES1000mN2023000E3147000,10281174134,
1339,CRS3035RES1000mN2023000E3147000,10580337411,91.0
1340,CRS3035RES1000mN2023000E3147000,10899442604,56.0
1341,CRS3035RES1000mN2023000E3147000,10922657146,47.0
1342,CRS3035RES1000mN2023000E3147000,11127499928,90.0
1343,CRS3035RES1000mN2023000E3147000,11143725881,76.0
1344,CRS3035RES1000mN2023000E3147000,11243087140,88.0
1345,CRS3035RES1000mN2023000E3147000,11269399969,76.0
1346,CRS3035RES1000mN2023000E3147000,11287269362,91.0
1347,CRS3035RES1000mN2023000E3147000,11287269363,106.0
1348,CRS3035RES1000mN2023000E3147000,11369705764,98.0
1349,CRS3035RES1000mN2023000E3147000,11387776374,92.0
1350,CRS3035RES1000mN2023000E3147000,11461799040,
1351,CRS3035RES1000mN2023000E3147000,11462802981,79.0
1352,CRS3035RES1000mN2023000E3147000,11652077658,82.0
1353,CRS3035RES1000mN2023000E3147000,11691390164,66.0
1354,CRS3035RES1000mN2023000E3147000,11739757462,59.0
1355,CRS3035RES1000mN2023000E3147000,12178446726,62.0
1356,CRS3035RES1000mN2023000E3147000,12407425114,86.0
1357,CRS3035RES1000mN2023000E3147000,12865480228,88.0
1358,CRS3035RES1000mN2023000E3147000,2960630,48.0
1359,CRS3035RES1000mN2023000E3147000,3554044,51.0
1360,CRS3035RES1000mN2023000E3147000,3557906,55.0
1361,CRS3035RES1000mN2023000E3147000,5231361,71.0
1362,CRS3035RES1000mN2023000E3147000,9314566,
1363,CRS3035RES1000mN2023000E3147000,13696257,96.0
1364,CRS3035RES1000mN2023000E3147000,15996131,66.0
1365,CRS3035RES1000mN2023000E3147000,23526191,78.0
1366,CRS3035RES1000mN2023000E3147000,23545719,80.0
1367,CRS3035RES1000mN2023000E3147000,30599279,36.0
1368,CRS3035RES1000mN2023000E3147000,30649229,68.0
1369,CRS3035RES1000mN2023000E3147000,32198651,
1370,CRS3035RES1000mN2023000E3147000,34945111,59.0
1371,CRS3035RES1000mN2023000E3147000,50170625,117.0
1372,CRS3035RES1000mN2023000E3147000,82887228,92.0
1373,CRS3035RES1000mN2023000E3147000,92484952,92.0
1374,CRS3035RES1000mN2023000E3147000,95794713,94.0
1375,CRS3035RES1000mN2023000E3147000,96418670,60.0
1376,CRS3035RES1000mN2023000E3147000,98502686,78.0
1377,CRS3035RES1000mN2023000E3147000,132613257,92.0
1378,CRS3035RES1000mN2023000E3147000,135036040,93.0
1379,CRS3035RES1000mN2023000E3147000,150772489,71.0
1380,CRS3035RES1000mN2023000E3147000,154118456,85.0
1381,CRS3035RES1000mN2023000E3147000,157375776,88.0
1382,CRS3035RES1000mN2023000E3147000,158211204,41.0
1383,CRS3035RES1000mN2023000E3147000,162072415,40.0
1384,CRS3035RES1000mN2023000E3147000,162117720,89.0
1385,CRS3035RES1000mN2023000E3147000,170487273,
1386,CRS3035RES1000mN2023000E3147000,172686062,20.0
1387,CRS3035RES1000mN2023000E3147000,174318235,50.0
1388,CRS3035RES1000mN2023000E3147000,174318237,52.0
1389,CRS3035RES1000mN2023000E3147000,205060159,
1390,CRS3035RES1000mN2023000E3147000,205757163,
1391,CRS3035RES1000mN2023000E3147000,221095520,93.0
1392,CRS3035RES1000mN2023000E3147000,224503374,69.0
1393,CRS3035RES1000mN2023000E3147000,227333462,87.0
1394,CRS3035RES1000mN2023000E3147000,229117454,75.0
1395,CRS3035RES1000mN2023000E3147000,261460389,
1396,CRS3035RES1000mN2023000E3147000,283450022,54.0
1397,CRS3035RES1000mN2023000E3147000,288994040,61.0
1398,CRS3035RES1000mN2023000E3147000,296744564,
1399,CRS3035RES1000mN2023000E3147000,297526406,79.0
1400,CRS3035RES1000mN2023000E3147000,300709861,65.0
1401,CRS3035RES1000mN2023000E3147000,301444634,90.0
1402,CRS3035RES1000mN2023000E3147000,302721609,76.0
1403,CRS3035RES1000mN2023000E3147000,308195630,109.0
1404,CRS3035RES1000mN2023000E3147000,312777902,61.0
1405,CRS3035RES1000mN2023000E3147000,330154630,
1406,CRS3035RES1000mN2023000E3147000,340205456,72.0
1407,CRS3035RES1000mN2023000E3147000,367883612,90.0
1408,CRS3035RES1000mN2023000E3147000,368211943,90.0
1409,CRS3035RES1000mN2023000E3147000,374180360,92.0
1410,CRS3035RES1000mN2023000E3147000,375369499,79.0
1411,CRS3035RES1000mN2023000E3147000,383494544,73.0
1412,CRS3035RES1000mN2023000E3147000,384574591,59.0
1413,CRS3035RES1000mN2023000E3147000,403538322,113.0
1414,CRS3035RES1000mN2023000E3147000,403859503,67.0
1415,CRS3035RES1000mN2023000E3147000,437050442,79.0
1416,CRS3035RES1000mN2023000E3147000,459881697,88.0
1417,CRS3035RES1000mN2023000E3147000,477278425,
1418,CRS3035RES1000mN2023000E3147000,486879235,
1419,CRS3035RES1000mN2023000E3147000,493748377,47.0
1420,CRS3035RES1000mN2023000E3147000,498234201,79.0
1421,CRS3035RES1000mN2023000E3147000,504315026,89.0
1422,CRS3035RES1000mN2023000E3147000,548701490,113.0
1423,CRS3035RES1000mN2023000E3147000,574210084,91.0
1424,CRS3035RES1000mN2023000E3147000,576094143,43.0
1425,CRS3035RES1000mN2023000E3147000,584409067,110.0
1426,CRS3035RES1000mN2023000E3147000,635512756,79.0
1427,CRS3035RES1000mN2023000E3147000,638492224,
1428,CRS3035RES1000mN2023000E3147000,653913062,88.0
1429,CRS3035RES1000mN2023000E3147000,659866770,78.0
1430,CRS3035RES1000mN2023000E3147000,697717972,32.0
1431,CRS3035RES1000mN2023000E3147000,717194862,103.0
1432,CRS3035RES1000mN2023000E3147000,736899303,107.0
1433,CRS3035RES1000mN2023000E3147000,738042217,76.0
1434,CRS3035RES1000mN2023000E3147000,839611983,115.0
1435,CRS3035RES1000mN2023000E3147000,957893520,66.0
1436,CRS3035RES1000mN2023000E3147000,963308110,95.0
1437,CRS3035RES1000mN2023000E3147000,1073283182,73.0
1438,CRS3035RES1000mN2023000E3147000,1252864015,84.0
1439,CRS3035RES1000mN2023000E3147000,1283203658,94.0
1440,CRS3035RES1000mN2023000E3148000,25526,43.0
1441,CRS3035RES1000mN2023000E3148000,1774,64.0
1442,CRS3035RES1000mN2023000E3148000,1770,78.0
1443,CRS3035RES1000mN2023000E3148000,1773,81.0
1444,CRS3035RES1000mN2023000E3148000,1771,54.0
1445,CRS3035RES1000mN2023000E3148000,123303,62.0
1446,CRS3035RES1000mN2023000E3148000,1764,57.0
1447,CRS3035RES1000mN2023000E3148000,181101,81.0
1448,CRS3035RES1000mN2023000E3148000,5765642,49.0
1449,CRS3035RES1000mN2023000E3148000,86719,52.0
1450,CRS3035RES1000mN2023000E3148000,1800,77.0
1451,CRS3035RES1000mN2023000E3148000,1757,42.0
1452,CRS3035RES1000mN2023000E3148000,1755,58.0
1453,CRS3035RES1000mN2023000E3148000,1882,51.0
1454,CRS3035RES1000mN2023000E3148000,1745,71.0
1455,CRS3035RES1000mN2023000E3148000,1794,69.0
1456,CRS3035RES1000mN2023000E3148000,1762,62.0
1457,CRS3035RES1000mN2023000E3148000,51188,61.0
1458,CRS3035RES1000mN2023000E3148000,6893633,65.0
1459,CRS3035RES1000mN2023000E3148000,167128,78.0
1460,CRS3035RES1000mN2023000E3148000,1760,66.0
1461,CRS3035RES1000mN2023000E3148000,12773298,58.0
1462,CRS3035RES1000mN2023000E3148000,1754,67.0
1463,CRS3035RES1000mN2023000E3148000,1748,78.0
1464,CRS3035RES1000mN2023000E3148000,79941,77.0
1465,CRS3035RES1000mN2023000E3148000,1750,70.0
1466,CRS3035RES1000mN2023000E3148000,5975465,56.0
1467,CRS3035RES1000mN2023000E3148000,115056,77.0
1468,CRS3035RES1000mN2023000E3148000,1790,68.0
1469,CRS3035RES1000mN2023000E3148000,1756,54.0
1470,CRS3035RES1000mN2023000E3148000,51849,71.0
1471,CRS3035RES1000mN2023000E3148000,185595,65.0
1472,CRS3035RES1000mN2023000E3148000,7697128,48.0
1473,CRS3035RES1000mN2023000E3148000,10395362,76.0
1474,CRS3035RES1000mN2023000E3148000,1759,64.0
1475,CRS3035RES1000mN2023000E3148000,1752,71.0
1476,CRS3035RES1000mN2023000E3148000,186714,68.0
1477,CRS3035RES1000mN2023000E3148000,1753,71.0
1478,CRS3035RES1000mN2023000E3148000,1792,76.0
1479,CRS3035RES1000mN2023000E3148000,1763,60.0
1480,CRS3035RES1000mN2023000E3148000,1746,78.0
1481,CRS3035RES1000mN2023000E3148000,11572165,68.0
1482,CRS3035RES1000mN2023000E3148000,1761,66.0
1483,CRS3035RES1000mN2023000E3148000,1747,82.0
1484,CRS3035RES1000mN2023000E3148000,5768564,42.0
1485,CRS3035RES1000mN2023000E3148000,1798,54.0
1486,CRS3035RES1000mN2023000E3148000,66904,71.0
1487,CRS3035RES1000mN2023000E3148000,1777,55.0
1488,CRS3035RES1000mN2023000E3148000,1765,65.0
1489,CRS3035RES1000mN2023000E3148000,49416,77.0
1490,CRS3035RES1000mN2023000E3148000,12734939,77.0
1491,CRS3035RES1000mN2023000E3148000,167386167,57.0
1492,CRS3035RES1000mN2023000E3148000,295933804,66.0
1493,CRS3035RES1000mN2023000E3148000,303340017,59.0
1494,CRS3035RES1000mN2023000E3148000,315355551,60.0
1495,CRS3035RES1000mN2023000E3148000,339084977,60.0
1496,CRS3035RES1000mN2023000E3148000,412911553,60.0
1497,CRS3035RES1000mN2023000E3148000,558126037,55.0
1498,CRS3035RES1000mN2023000E3148000,711789768,70.0
1499,CRS3035RES1000mN2023000E3148000,727666062,101.0
1500,CRS3035RES1000mN2023000E3148000,848085869,44.0
1501,CRS3035RES1000mN2023000E3148000,1056098898,70.0
1502,CRS3035RES1000mN2023000E3148000,1255438242,111.0
1503,CRS3035RES1000mN2023000E3148000,1469985039,90.0
1504,CRS3035RES1000mN2023000E3148000,1504302537,
1505,CRS3035RES1000mN2023000E3148000,1511617504,41.0
1506,CRS3035RES1000mN2023000E3148000,1541601287,80.0
1507,CRS3035RES1000mN2023000E3148000,1544591296,72.0
1508,CRS3035RES1000mN2023000E3148000,1598174183,83.0
1509,CRS3035RES1000mN2023000E3148000,1629887846,89.0
1510,CRS3035RES1000mN2023000E3148000,1686660176,80.0
1511,CRS3035RES1000mN2023000E3148000,1716927336,70.0
1512,CRS3035RES1000mN2023000E3148000,1734554324,92.0
1513,CRS3035RES1000mN2023000E3148000,1849109335,64.0
1514,CRS3035RES1000mN2023000E3148000,2028408680,61.0
1515,CRS3035RES1000mN2023000E3148000,2036887702,
1516,CRS3035RES1000mN2023000E3148000,2061404218,85.0
1517,CRS3035RES1000mN2023000E3148000,2134238030,94.0
1518,CRS3035RES1000mN2023000E3148000,2261600754,
1519,CRS3035RES1000mN2023000E3148000,2301402027,89.0
1520,CRS3035RES1000mN2023000E3148000,2303966810,71.0
1521,CRS3035RES1000mN2023000E3148000,2312029862,86.0
1522,CRS3035RES1000mN2023000E3148000,2408860250,84.0
1523,CRS3035RES1000mN2023000E3148000,2620185829,64.0
1524,CRS3035RES1000mN2023000E3148000,2622508931,60.0
1525,CRS3035RES1000mN2023000E3148000,2672130951,101.0
1526,CRS3035RES1000mN2023000E3148000,2710518818,104.0
1527,CRS3035RES1000mN2023000E3148000,3034026261,91.0
1528,CRS3035RES1000mN2023000E3148000,3179889751,105.0
1529,CRS3035RES1000mN2023000E3148000,3206611978,
1530,CRS3035RES1000mN2023000E3148000,3272828439,55.0
1531,CRS3035RES1000mN2023000E3148000,3452364276,83.0
1532,CRS3035RES1000mN2023000E3148000,3452364277,66.0
1533,CRS3035RES1000mN2023000E3148000,3495733197,
1534,CRS3035RES1000mN2023000E3148000,3497154853,
1535,CRS3035RES1000mN2023000E3148000,3517755445,
1536,CRS3035RES1000mN2023000E3148000,3522125657,
1537,CRS3035RES1000mN2023000E3148000,3526751794,88.0
1538,CRS3035RES1000mN2023000E3148000,3839306060,84.0
1539,CRS3035RES1000mN2023000E3148000,4214697664,46.0
1540,CRS3035RES1000mN2023000E3148000,4338252586,76.0
1541,CRS3035RES1000mN2023000E3148000,4401271633,
1542,CRS3035RES1000mN2023000E3148000,4515476768,78.0
1543,CRS3035RES1000mN2023000E3148000,4569910891,53.0
1544,CRS3035RES1000mN2023000E3148000,4703730491,61.0
1545,CRS3035RES1000mN2023000E3148000,4707870392,55.0
1546,CRS3035RES1000mN2023000E3148000,4789037769,86.0
1547,CRS3035RES1000mN2023000E3148000,4794233143,
1548,CRS3035RES1000mN2023000E3148000,4870405674,45.0
1549,CRS3035RES1000mN2023000E3148000,5139379922,72.0
1550,CRS3035RES1000mN2023000E3148000,5160337425,59.0
1551,CRS3035RES1000mN2023000E3148000,5196199575,67.0
1552,CRS3035RES1000mN2023000E3148000,5341570554,71.0
1553,CRS3035RES1000mN2023000E3148000,5345949864,107.0
1554,CRS3035RES1000mN2023000E3148000,5448507385,
1555,CRS3035RES1000mN2023000E3148000,5604693894,73.0
1556,CRS3035RES1000mN2023000E3148000,5670401989,95.0
1557,CRS3035RES1000mN2023000E3148000,5942671299,99.0
1558,CRS3035RES1000mN2023000E3148000,5943980960,45.0
1559,CRS3035RES1000mN2023000E3148000,6185791451,
1560,CRS3035RES1000mN2023000E3148000,6188948286,94.0
1561,CRS3035RES1000mN2023000E3148000,6555800191,34.0
1562,CRS3035RES1000mN2023000E3148000,6885254479,75.0
1563,CRS3035RES1000mN2023000E3148000,7222611268,
1564,CRS3035RES1000mN2023000E3148000,7408961006,
1565,CRS3035RES1000mN2023000E3148000,7619964683,113.0
1566,CRS3035RES1000mN2023000E3148000,7836562695,90.0
1567,CRS3035RES1000mN2023000E3148000,8493729364,58.0
1568,CRS3035RES1000mN2023000E3148000,8557885377,75.0
1569,CRS3035RES1000mN2023000E3148000,8807212208,58.0
1570,CRS3035RES1000mN2023000E3148000,8844229173,64.0
1571,CRS3035RES1000mN2023000E3148000,8878422600,85.0
1572,CRS3035RES1000mN2023000E3148000,9595709188,67.0
1573,CRS3035RES1000mN2023000E3148000,9611387099,54.0
1574,CRS3035RES1000mN2023000E3148000,9712656915,54.0
1575,CRS3035RES1000mN2023000E3148000,9713142744,58.0
1576,CRS3035RES1000mN2023000E3148000,9815746657,
1577,CRS3035RES1000mN2023000E3148000,10004871512,86.0
1578,CRS3035RES1000mN2023000E3148000,10281174134,
1579,CRS3035RES1000mN2023000E3148000,10580337411,88.0
1580,CRS3035RES1000mN2023000E3148000,10899442604,50.0
1581,CRS3035RES1000mN2023000E3148000,10922657146,41.0
1582,CRS3035RES1000mN2023000E3148000,11127499928,85.0
1583,CRS3035RES1000mN2023000E3148000,11143725881,67.0
1584,CRS3035RES1000mN2023000E3148000,11243087140,82.0
1585,CRS3035RES1000mN2023000E3148000,11269399969,68.0
1586,CRS3035RES1000mN2023000E3148000,11287269362,90.0
1587,CRS3035RES1000mN2023000E3148000,11287269363,95.0
1588,CRS3035RES1000mN2023000E3148000,11369705764,94.0
1589,CRS3035RES1000mN2023000E3148000,11387776374,86.0
1590,CRS3035RES1000mN2023000E3148000,11461799040,
1591,CRS3035RES1000mN2023000E3148000,11462802981,72.0
1592,CRS3035RES1000mN2023000E3148000,11652077658,69.0
1593,CRS3035RES1000mN2023000E3148000,11691390164,60.0
1594,CRS3035RES1000mN2023000E3148000,11739757462,50.0
1595,CRS3035RES1000mN2023000E3148000,12178446726,55.0
1596,CRS3035RES1000mN2023000E3148000,12407425114,74.0
1597,CRS3035RES1000mN2023000E3148000,12865480228,85.0
1598,CRS3035RES1000mN2023000E3148000,2960630,45.0
1599,CRS3035RES1000mN2023000E3148000,3554044,46.0
1600,CRS3035RES1000mN2023000E3148000,3557906,46.0
1601,CRS3035RES1000mN2023000E3148000,5231361,63.0
1602,CRS3035RES1000mN2023000E3148000,9314566,103.0
1603,CRS3035RES1000mN2023000E3148000,13696257,87.0
1604,CRS3035RES1000mN2023000E3148000,15996131,59.0
1605,CRS3035RES1000mN2023000E3148000,23526191,72.0
1606,CRS3035RES1000mN2023000E3148000,23545719,75.0
1607,CRS3035RES1000mN2023000E3148000,30599279,27.0
1608,CRS3035RES1000mN2023000E3148000,30649229,59.0
1609,CRS3035RES1000mN2023000E3148000,32198651,
1610,CRS3035RES1000mN2023000E3148000,34945111,50.0
1611,CRS3035RES1000mN2023000E3148000,50170625,97.0
1612,CRS3035RES1000mN2023000E3148000,82887228,90.0
1613,CRS3035RES1000mN2023000E3148000,92484952,89.0
1614,CRS3035RES1000mN2023000E3148000,95794713,87.0
1615,CRS3035RES1000mN2023000E3148000,96418670,54.0
1616,CRS3035RES1000mN2023000E3148000,98502686,63.0
1617,CRS3035RES1000mN2023000E3148000,132613257,86.0
1618,CRS3035RES1000mN2023000E3148000,135036040,90.0
1619,CRS3035RES1000mN2023000E3148000,150772489,65.0
1620,CRS3035RES1000mN2023000E3148000,154118456,84.0
1621,CRS3035RES1000mN2023000E3148000,157375776,83.0
1622,CRS3035RES1000mN2023000E3148000,158211204,37.0
1623,CRS3035RES1000mN2023000E3148000,162072415,31.0
1624,CRS3035RES1000mN2023000E3148000,162117720,78.0
1625,CRS3035RES1000mN2023000E3148000,170487273,
1626,CRS3035RES1000mN2023000E3148000,172686062,26.0
1627,CRS3035RES1000mN2023000E3148000,174318235,46.0
1628,CRS3035RES1000mN2023000E3148000,174318237,48.0
1629,CRS3035RES1000mN2023000E3148000,205060159,
1630,CRS3035RES1000mN2023000E3148000,205757163,
1631,CRS3035RES1000mN2023000E3148000,221095520,88.0
1632,CRS3035RES1000mN2023000E3148000,224503374,63.0
1633,CRS3035RES1000mN2023000E3148000,227333462,59.0
1634,CRS3035RES1000mN2023000E3148000,229117454,66.0
1635,CRS3035RES1000mN2023000E3148000,261460389,
1636,CRS3035RES1000mN2023000E3148000,283450022,48.0
1637,CRS3035RES1000mN2023000E3148000,288994040,54.0
1638,CRS3035RES1000mN2023000E3148000,296744564,113.0
1639,CRS3035RES1000mN2023000E3148000,297526406,76.0
1640,CRS3035RES1000mN2023000E3148000,300709861,61.0
1641,CRS3035RES1000mN2023000E3148000,301444634,85.0
1642,CRS3035RES1000mN2023000E3148000,302721609,76.0
1643,CRS3035RES1000mN2023000E3148000,308195630,81.0
1644,CRS3035RES1000mN2023000E3148000,312777902,54.0
1645,CRS3035RES1000mN2023000E3148000,330154630,
1646,CRS3035RES1000mN2023000E3148000,340205456,65.0
1647,CRS3035RES1000mN2023000E3148000,367883612,88.0
1648,CRS3035RES1000mN2023000E3148000,368211943,85.0
1649,CRS3035RES1000mN2023000E3148000,374180360,90.0
1650,CRS3035RES1000mN2023000E3148000,375369499,78.0
1651,CRS3035RES1000mN2023000E3148000,383494544,66.0
1652,CRS3035RES1000mN2023000E3148000,384574591,51.0
1653,CRS3035RES1000mN2023000E3148000,403538322,113.0
1654,CRS3035RES1000mN2023000E3148000,403859503,61.0
1655,CRS3035RES1000mN2023000E3148000,437050442,69.0
1656,CRS3035RES1000mN2023000E3148000,459881697,60.0
1657,CRS3035RES1000mN2023000E3148000,477278425,
1658,CRS3035RES1000mN2023000E3148000,486879235,
1659,CRS3035RES1000mN2023000E3148000,493748377,38.0
1660,CRS3035RES1000mN2023000E3148000,498234201,68.0
1661,CRS3035RES1000mN2023000E3148000,504315026,86.0
1662,CRS3035RES1000mN2023000E3148000,548701490,89.0
1663,CRS3035RES1000mN2023000E3148000,574210084,64.0
1664,CRS3035RES1000mN2023000E3148000,576094143,37.0
1665,CRS3035RES1000mN2023000E3148000,584409067,108.0
1666,CRS3035RES1000mN2023000E3148000,635512756,74.0
1667,CRS3035RES1000mN2023000E3148000,638492224,117.0
1668,CRS3035RES1000mN2023000E3148000,653913062,83.0
1669,CRS3035RES1000mN2023000E3148000,659866770,77.0
1670,CRS3035RES1000mN2023000E3148000,697717972,32.0
1671,CRS3035RES1000mN2023000E3148000,717194862,102.0
1672,CRS3035RES1000mN2023000E3148000,736899303,107.0
1673,CRS3035RES1000mN2023000E3148000,738042217,76.0
1674,CRS3035RES1000mN2023000E3148000,839611983,114.0
1675,CRS3035RES1000mN2023000E3148000,957893520,60.0
1676,CRS3035RES1000mN2023000E3148000,963308110,89.0
1677,CRS3035RES1000mN2023000E3148000,1073283182,73.0
1678,CRS3035RES1000mN2023000E3148000,1252864015,83.0
1679,CRS3035RES1000mN2023000E3148000,1283203658,94.0
1680,CRS3035RES1000mN2023000E3149000,25526,43.0
1681,CRS3035RES1000mN2023000E3149000,1774,63.0
1682,CRS3035RES1000mN2023000E3149000,1770,78.0
1683,CRS3035RES1000mN2023000E3149000,1773,81.0
1684,CRS3035RES1000mN2023000E3149000,1771,54.0
1685,CRS3035RES1000mN2023000E3149000,123303,62.0
1686,CRS3035RES1000mN2023000E3149000,1764,57.0
1687,CRS3035RES1000mN2023000E3149000,181101,81.0
1688,CRS3035RES1000mN2023000E3149000,5765642,50.0
1689,CRS3035RES1000mN2023000E3149000,86719,51.0
1690,CRS3035RES1000mN2023000E3149000,1800,78.0
1691,CRS3035RES1000mN2023000E3149000,1757,42.0
1692,CRS3035RES1000mN2023000E3149000,1755,58.0
1693,CRS3035RES1000mN2023000E3149000,1882,51.0
1694,CRS3035RES1000mN2023000E3149000,1745,72.0
1695,CRS3035RES1000mN2023000E3149000,1794,70.0
1696,CRS3035RES1000mN2023000E3149000,1762,62.0
1697,CRS3035RES1000mN2023000E3149000,51188,61.0
1698,CRS3035RES1000mN2023000E3149000,6893633,67.0
1699,CRS3035RES1000mN2023000E3149000,167128,78.0
1700,CRS3035RES1000mN2023000E3149000,1760,66.0
1701,CRS3035RES1000mN2023000E3149000,12773298,57.0
1702,CRS3035RES1000mN2023000E3149000,1754,67.0
1703,CRS3035RES1000mN2023000E3149000,1748,78.0
1704,CRS3035RES1000mN2023000E3149000,79941,77.0
1705,CRS3035RES1000mN2023000E3149000,1750,71.0
1706,CRS3035RES1000mN2023000E3149000,5975465,57.0
1707,CRS3035RES1000mN2023000E3149000,115056,77.0
1708,CRS3035RES1000mN2023000E3149000,1790,69.0
1709,CRS3035RES1000mN2023000E3149000,1756,54.0
1710,CRS3035RES1000mN2023000E3149000,51849,72.0
1711,CRS3035RES1000mN2023000E3149000,185595,66.0
1712,CRS3035RES1000mN2023000E3149000,7697128,48.0
1713,CRS3035RES1000mN2023000E3149000,10395362,77.0
1714,CRS3035RES1000mN2023000E3149000,1759,65.0
1715,CRS3035RES1000mN2023000E3149000,1752,72.0
1716,CRS3035RES1000mN2023000E3149000,186714,68.0
1717,CRS3035RES1000mN2023000E3149000,1753,72.0
1718,CRS3035RES1000mN2023000E3149000,1792,75.0
1719,CRS3035RES1000mN2023000E3149000,1763,59.0
1720,CRS3035RES1000mN2023000E3149000,1746,79.0
1721,CRS3035RES1000mN2023000E3149000,11572165,67.0
1722,CRS3035RES1000mN2023000E3149000,1761,67.0
1723,CRS3035RES1000mN2023000E3149000,1747,83.0
1724,CRS3035RES1000mN2023000E3149000,5768564,41.0
1725,CRS3035RES1000mN2023000E3149000,1798,54.0
1726,CRS3035RES1000mN2023000E3149000,66904,71.0
1727,CRS3035RES1000mN2023000E3149000,1777,56.0
1728,CRS3035RES1000mN2023000E3149000,1765,65.0
1729,CRS3035RES1000mN2023000E3149000,49416,77.0
1730,CRS3035RES1000mN2023000E3149000,12734939,77.0
1731,CRS3035RES1000mN2023000E3149000,167386167,58.0
1732,CRS3035RES1000mN2023000E3149000,295933804,67.0
1733,CRS3035RES1000mN2023000E3149000,303340017,59.0
1734,CRS3035RES1000mN2023000E3149000,315355551,60.0
1735,CRS3035RES1000mN2023000E3149000,339084977,60.0
1736,CRS3035RES1000mN2023000E3149000,412911553,60.0
1737,CRS3035RES1000mN2023000E3149000,558126037,55.0
1738,CRS3035RES1000mN2023000E3149000,711789768,70.0
1739,CRS3035RES1000mN2023000E3149000,727666062,100.0
1740,CRS3035RES1000mN2023000E3149000,848085869,44.0
1741,CRS3035RES1000mN2023000E3149000,1056098898,70.0
1742,CRS3035RES1000mN2023000E3149000,1255438242,112.0
1743,CRS3035RES1000mN2023000E3149000,1469985039,90.0
1744,CRS3035RES1000mN2023000E3149000,1504302537,
1745,CRS3035RES1000mN2023000E3149000,1511617504,41.0
1746,CRS3035RES1000mN2023000E3149000,1541601287,80.0
1747,CRS3035RES1000mN2023000E3149000,1544591296,72.0
1748,CRS3035RES1000mN2023000E3149000,1598174183,83.0
1749,CRS3035RES1000mN2023000E3149000,1629887846,89.0
1750,CRS3035RES1000mN2023000E3149000,1686660176,80.0
1751,CRS3035RES1000mN2023000E3149000,1716927336,70.0
1752,CRS3035RES1000mN2023000E3149000,1734554324,92.0
1753,CRS3035RES1000mN2023000E3149000,1849109335,64.0
1754,CRS3035RES1000mN2023000E3149000,2028408680,60.0
1755,CRS3035RES1000mN2023000E3149000,2036887702,
1756,CRS3035RES1000mN2023000E3149000,2061404218,85.0
1757,CRS3035RES1000mN2023000E3149000,2134238030,94.0
1758,CRS3035RES1000mN2023000E3149000,2261600754,
1759,CRS3035RES1000mN2023000E3149000,2301402027,90.0
1760,CRS3035RES1000mN2023000E3149000,2303966810,71.0
1761,CRS3035RES1000mN2023000E3149000,2312029862,86.0
1762,CRS3035RES1000mN2023000E3149000,2408860250,84.0
1763,CRS3035RES1000mN2023000E3149000,2620185829,64.0
1764,CRS3035RES1000mN2023000E3149000,2622508931,60.0
1765,CRS3035RES1000mN2023000E3149000,2672130951,101.0
1766,CRS3035RES1000mN2023000E3149000,2710518818,104.0
1767,CRS3035RES1000mN2023000E3149000,3034026261,90.0
1768,CRS3035RES1000mN2023000E3149000,3179889751,104.0
1769,CRS3035RES1000mN2023000E3149000,3206611978,
1770,CRS3035RES1000mN2023000E3149000,3272828439,56.0
1771,CRS3035RES1000mN2023000E3149000,3452364276,83.0
1772,CRS3035RES1000mN2023000E3149000,3452364277,65.0
1773,CRS3035RES1000mN2023000E3149000,3495733197,
1774,CRS3035RES1000mN2023000E3149000,3497154853,
1775,CRS3035RES1000mN2023000E3149000,3517755445,
1776,CRS3035RES1000mN2023000E3149000,3522125657,
1777,CRS3035RES1000mN2023000E3149000,3526751794,88.0
1778,CRS3035RES1000mN2023000E3149000,3839306060,85.0
1779,CRS3035RES1000mN2023000E3149000,4214697664,47.0
1780,CRS3035RES1000mN2023000E3149000,4338252586,76.0
1781,CRS3035RES1000mN2023000E3149000,4401271633,
1782,CRS3035RES1000mN2023000E3149000,4515476768,78.0
1783,CRS3035RES1000mN2023000E3149000,4569910891,53.0
1784,CRS3035RES1000mN2023000E3149000,4703730491,61.0
1785,CRS3035RES1000mN2023000E3149000,4707870392,55.0
1786,CRS3035RES1000mN2023000E3149000,4789037769,86.0
1787,CRS3035RES1000mN2023000E3149000,4794233143,
1788,CRS3035RES1000mN2023000E3149000,4870405674,45.0
1789,CRS3035RES1000mN2023000E3149000,5139379922,72.0
1790,CRS3035RES1000mN2023000E3149000,5160337425,59.0
1791,CRS3035RES1000mN2023000E3149000,5196199575,68.0
1792,CRS3035RES1000mN2023000E3149000,5341570554,72.0
1793,CRS3035RES1000mN2023000E3149000,5345949864,107.0
1794,CRS3035RES1000mN2023000E3149000,5448507385,
1795,CRS3035RES1000mN2023000E3149000,5604693894,73.0
1796,CRS3035RES1000mN2023000E3149000,5670401989,95.0
1797,CRS3035RES1000mN2023000E3149000,5942671299,98.0
1798,CRS3035RES1000mN2023000E3149000,5943980960,44.0
1799,CRS3035RES1000mN2023000E3149000,6185791451,
1800,CRS3035RES1000mN2023000E3149000,6188948286,94.0
1801,CRS3035RES1000mN2023000E3149000,6555800191,34.0
1802,CRS3035RES1000mN2023000E3149000,6885254479,76.0
1803,CRS3035RES1000mN2023000E3149000,7222611268,
1804,CRS3035RES1000mN2023000E3149000,7408961006,
1805,CRS3035RES1000mN2023000E3149000,7619964683,113.0
1806,CRS3035RES1000mN2023000E3149000,7836562695,90.0
1807,CRS3035RES1000mN2023000E3149000,8493729364,58.0
1808,CRS3035RES1000mN2023000E3149000,8557885377,75.0
1809,CRS3035RES1000mN2023000E3149000,8807212208,58.0
1810,CRS3035RES1000mN2023000E3149000,8844229173,64.0
1811,CRS3035RES1000mN2023000E3149000,8878422600,86.0
1812,CRS3035RES1000mN2023000E3149000,9595709188,67.0
1813,CRS3035RES1000mN2023000E3149000,9611387099,54.0
1814,CRS3035RES1000mN2023000E3149000,9712656915,54.0
1815,CRS3035RES1000mN2023000E3149000,9713142744,58.0
1816,CRS3035RES1000mN2023000E3149000,9815746657,
1817,CRS3035RES1000mN2023000E3149000,10004871512,86.0
1818,CRS3035RES1000mN2023000E3149000,10281174134,
1819,CRS3035RES1000mN2023000E3149000,10580337411,89.0
1820,CRS3035RES1000mN2023000E3149000,10899442604,49.0
1821,CRS3035RES1000mN2023000E3149000,10922657146,40.0
1822,CRS3035RES1000mN2023000E3149000,11127499928,86.0
1823,CRS3035RES1000mN2023000E3149000,11143725881,67.0
1824,CRS3035RES1000mN2023000E3149000,11243087140,83.0
1825,CRS3035RES1000mN2023000E3149000,11269399969,68.0
1826,CRS3035RES1000mN2023000E3149000,11287269362,90.0
1827,CRS3035RES1000mN2023000E3149000,11287269363,96.0
1828,CRS3035RES1000mN2023000E3149000,11369705764,95.0
1829,CRS3035RES1000mN2023000E3149000,11387776374,87.0
1830,CRS3035RES1000mN2023000E3149000,11461799040,
1831,CRS3035RES1000mN2023000E3149000,11462802981,72.0
1832,CRS3035RES1000mN2023000E3149000,11652077658,69.0
1833,CRS3035RES1000mN2023000E3149000,11691390164,60.0
1834,CRS3035RES1000mN2023000E3149000,11739757462,50.0
1835,CRS3035RES1000mN2023000E3149000,12178446726,55.0
1836,CRS3035RES1000mN2023000E3149000,12407425114,74.0
1837,CRS3035RES1000mN2023000E3149000,12865480228,86.0
1838,CRS3035RES1000mN2023000E3149000,2960630,45.0
1839,CRS3035RES1000mN2023000E3149000,3554044,46.0
1840,CRS3035RES1000mN2023000E3149000,3557906,47.0
1841,CRS3035RES1000mN2023000E3149000,5231361,63.0
1842,CRS3035RES1000mN2023000E3149000,9314566,103.0
1843,CRS3035RES1000mN2023000E3149000,13696257,87.0
1844,CRS3035RES1000mN2023000E3149000,15996131,60.0
1845,CRS3035RES1000mN2023000E3149000,23526191,72.0
1846,CRS3035RES1000mN2023000E3149000,23545719,75.0
1847,CRS3035RES1000mN2023000E3149000,30599279,26.0
1848,CRS3035RES1000mN2023000E3149000,30649229,60.0
1849,CRS3035RES1000mN2023000E3149000,32198651,
1850,CRS3035RES1000mN2023000E3149000,34945111,51.0
1851,CRS3035RES1000mN2023000E3149000,50170625,98.0
1852,CRS3035RES1000mN2023000E3149000,82887228,90.0
1853,CRS3035RES1000mN2023000E3149000,92484952,89.0
1854,CRS3035RES1000mN2023000E3149000,95794713,87.0
1855,CRS3035RES1000mN2023000E3149000,96418670,53.0
1856,CRS3035RES1000mN2023000E3149000,98502686,63.0
1857,CRS3035RES1000mN2023000E3149000,132613257,87.0
1858,CRS3035RES1000mN2023000E3149000,135036040,90.0
1859,CRS3035RES1000mN2023000E3149000,150772489,65.0
1860,CRS3035RES1000mN2023000E3149000,154118456,84.0
1861,CRS3035RES1000mN2023000E3149000,157375776,84.0
1862,CRS3035RES1000mN2023000E3149000,158211204,37.0
1863,CRS3035RES1000mN2023000E3149000,162072415,32.0
1864,CRS3035RES1000mN2023000E3149000,162117720,78.0
1865,CRS3035RES1000mN2023000E3149000,170487273,
1866,CRS3035RES1000mN2023000E3149000,172686062,36.0
1867,CRS3035RES1000mN2023000E3149000,174318235,47.0
1868,CRS3035RES1000mN2023000E3149000,174318237,47.0
1869,CRS3035RES1000mN2023000E3149000,205060159,
1870,CRS3035RES1000mN2023000E3149000,205757163,
1871,CRS3035RES1000mN2023000E3149000,221095520,89.0
1872,CRS3035RES1000mN2023000E3149000,224503374,63.0
1873,CRS3035RES1000mN2023000E3149000,227333462,59.0
1874,CRS3035RES1000mN2023000E3149000,229117454,66.0
1875,CRS3035RES1000mN2023000E3149000,261460389,
1876,CRS3035RES1000mN2023000E3149000,283450022,48.0
1877,CRS3035RES1000mN2023000E3149000,288994040,54.0
1878,CRS3035RES1000mN2023000E3149000,296744564,114.0
1879,CRS3035RES1000mN2023000E3149000,297526406,76.0
1880,CRS3035RES1000mN2023000E3149000,300709861,61.0
1881,CRS3035RES1000mN2023000E3149000,301444634,85.0
1882,CRS3035RES1000mN2023000E3149000,302721609,76.0
1883,CRS3035RES1000mN2023000E3149000,308195630,81.0
1884,CRS3035RES1000mN2023000E3149000,312777902,54.0
1885,CRS3035RES1000mN2023000E3149000,330154630,
1886,CRS3035RES1000mN2023000E3149000,340205456,65.0
1887,CRS3035RES1000mN2023000E3149000,367883612,88.0
1888,CRS3035RES1000mN2023000E3149000,368211943,85.0
1889,CRS3035RES1000mN2023000E3149000,374180360,91.0
1890,CRS3035RES1000mN2023000E3149000,375369499,78.0
1891,CRS3035RES1000mN2023000E3149000,383494544,67.0
1892,CRS3035RES1000mN2023000E3149000,384574591,50.0
1893,CRS3035RES1000mN2023000E3149000,403538322,113.0
1894,CRS3035RES1000mN2023000E3149000,403859503,61.0
1895,CRS3035RES1000mN2023000E3149000,437050442,70.0
1896,CRS3035RES1000mN2023000E3149000,459881697,60.0
1897,CRS3035RES1000mN2023000E3149000,477278425,
1898,CRS3035RES1000mN2023000E3149000,486879235,
1899,CRS3035RES1000mN2023000E3149000,493748377,37.0
1900,CRS3035RES1000mN2023000E3149000,498234201,68.0
1901,CRS3035RES1000mN2023000E3149000,504315026,87.0
1902,CRS3035RES1000mN2023000E3149000,548701490,89.0
1903,CRS3035RES1000mN2023000E3149000,574210084,64.0
1904,CRS3035RES1000mN2023000E3149000,576094143,36.0
1905,CRS3035RES1000mN2023000E3149000,584409067,108.0
1906,CRS3035RES1000mN2023000E3149000,635512756,75.0
1907,CRS3035RES1000mN2023000E3149000,638492224,119.0
1908,CRS3035RES1000mN2023000E3149000,653913062,84.0
1909,CRS3035RES1000mN2023000E3149000,659866770,77.0
1910,CRS3035RES1000mN2023000E3149000,697717972,31.0
1911,CRS3035RES1000mN2023000E3149000,717194862,102.0
1912,CRS3035RES1000mN2023000E3149000,736899303,107.0
1913,CRS3035RES1000mN2023000E3149000,738042217,76.0
1914,CRS3035RES1000mN2023000E3149000,839611983,114.0
1915,CRS3035RES1000mN2023000E3149000,957893520,61.0
1916,CRS3035RES1000mN2023000E3149000,963308110,90.0
1917,CRS3035RES1000mN2023000E3149000,1073283182,73.0
1918,CRS3035RES1000mN2023000E3149000,1252864015,83.0
1919,CRS3035RES1000mN2023000E3149000,1283203658,94.0
1920,CRS3035RES1000mN2024000E3145000,25526,44.0
1921,CRS3035RES1000mN2024000E3145000,1774,65.0
1922,CRS3035RES1000mN2024000E3145000,1770,85.0
1923,CRS3035RES1000mN2024000E3145000,1773,84.0
1924,CRS3035RES1000mN2024000E3145000,1771,61.0
1925,CRS3035RES1000mN2024000E3145000,123303,65.0
1926,CRS3035RES1000mN2024000E3145000,1764,64.0
1927,CRS3035RES1000mN2024000E3145000,181101,82.0
1928,CRS3035RES1000mN2024000E3145000,5765642,52.0
1929,CRS3035RES1000mN2024000E3145000,86719,63.0
1930,CRS3035RES1000mN2024000E3145000,1800,81.0
1931,CRS3035RES1000mN2024000E3145000,1757,50.0
1932,CRS3035RES1000mN2024000E3145000,1755,59.0
1933,CRS3035RES1000mN2024000E3145000,1882,59.0
1934,CRS3035RES1000mN2024000E3145000,1745,78.0
1935,CRS3035RES1000mN2024000E3145000,1794,77.0
1936,CRS3035RES1000mN2024000E3145000,1762,69.0
1937,CRS3035RES1000mN2024000E3145000,51188,69.0
1938,CRS3035RES1000mN2024000E3145000,6893633,72.0
1939,CRS3035RES1000mN2024000E3145000,167128,82.0
1940,CRS3035RES1000mN2024000E3145000,1760,73.0
1941,CRS3035RES1000mN2024000E3145000,12773298,68.0
1942,CRS3035RES1000mN2024000E3145000,1754,72.0
1943,CRS3035RES1000mN2024000E3145000,1748,80.0
1944,CRS3035RES1000mN2024000E3145000,79941,82.0
1945,CRS3035RES1000mN2024000E3145000,1750,78.0
1946,CRS3035RES1000mN2024000E3145000,5975465,61.0
1947,CRS3035RES1000mN2024000E3145000,115056,83.0
1948,CRS3035RES1000mN2024000E3145000,1790,77.0
1949,CRS3035RES1000mN2024000E3145000,1756,56.0
1950,CRS3035RES1000mN2024000E3145000,51849,79.0
1951,CRS3035RES1000mN2024000E3145000,185595,73.0
1952,CRS3035RES1000mN2024000E3145000,7697128,55.0
1953,CRS3035RES1000mN2024000E3145000,10395362,88.0
1954,CRS3035RES1000mN2024000E3145000,1759,72.0
1955,CRS3035RES1000mN2024000E3145000,1752,76.0
1956,CRS3035RES1000mN2024000E3145000,186714,74.0
1957,CRS3035RES1000mN2024000E3145000,1753,75.0
1958,CRS3035RES1000mN2024000E3145000,1792,76.0
1959,CRS3035RES1000mN2024000E3145000,1763,60.0
1960,CRS3035RES1000mN2024000E3145000,1746,86.0
1961,CRS3035RES1000mN2024000E3145000,11572165,72.0
1962,CRS3035RES1000mN2024000E3145000,1761,70.0
1963,CRS3035RES1000mN2024000E3145000,1747,85.0
1964,CRS3035RES1000mN2024000E3145000,5768564,48.0
1965,CRS3035RES1000mN2024000E3145000,1798,56.0
1966,CRS3035RES1000mN2024000E3145000,66904,77.0
1967,CRS3035RES1000mN2024000E3145000,1777,64.0
1968,CRS3035RES1000mN2024000E3145000,1765,72.0
1969,CRS3035RES1000mN2024000E3145000,49416,78.0
1970,CRS3035RES1000mN2024000E3145000,12734939,78.0
1971,CRS3035RES1000mN2024000E3145000,167386167,65.0
1972,CRS3035RES1000mN2024000E3145000,295933804,70.0
1973,CRS3035RES1000mN2024000E3145000,303340017,71.0
1974,CRS3035RES1000mN2024000E3145000,315355551,65.0
1975,CRS3035RES1000mN2024000E3145000,339084977,64.0
1976,CRS3035RES1000mN2024000E3145000,412911553,67.0
1977,CRS3035RES1000mN2024000E3145000,558126037,61.0
1978,CRS3035RES1000mN2024000E3145000,711789768,66.0
1979,CRS3035RES1000mN2024000E3145000,727666062,99.0
1980,CRS3035RES1000mN2024000E3145000,848085869,47.0
1981,CRS3035RES1000mN2024000E3145000,1056098898,77.0
1982,CRS3035RES1000mN2024000E3145000,1255438242,118.0
1983,CRS3035RES1000mN2024000E3145000,1469985039,91.0
1984,CRS3035RES1000mN2024000E3145000,1504302537,
1985,CRS3035RES1000mN2024000E3145000,1511617504,19.0
1986,CRS3035RES1000mN2024000E3145000,1541601287,93.0
1987,CRS3035RES1000mN2024000E3145000,1544591296,79.0
1988,CRS3035RES1000mN2024000E3145000,1598174183,85.0
1989,CRS3035RES1000mN2024000E3145000,1629887846,91.0
1990,CRS3035RES1000mN2024000E3145000,1686660176,88.0
1991,CRS3035RES1000mN2024000E3145000,1716927336,72.0
1992,CRS3035RES1000mN2024000E3145000,1734554324,93.0
1993,CRS3035RES1000mN2024000E3145000,1849109335,76.0
1994,CRS3035RES1000mN2024000E3145000,2028408680,54.0
1995,CRS3035RES1000mN2024000E3145000,2036887702,
1996,CRS3035RES1000mN2024000E3145000,2061404218,87.0
1997,CRS3035RES1000mN2024000E3145000,2134238030,95.0
1998,CRS3035RES1000mN2024000E3145000,2261600754,
1999,CRS3035RES1000mN2024000E3145000,2301402027,95.0
2000,CRS3035RES1000mN2024000E3145000,2303966810,64.0
2001,CRS3035RES1000mN2024000E3145000,2312029862,88.0
2002,CRS3035RES1000mN2024000E3145000,2408860250,101.0
2003,CRS3035RES1000mN2024000E3145000,2620185829,70.0
2004,CRS3035RES1000mN2024000E3145000,2622508931,67.0
2005,CRS3035RES1000mN2024000E3145000,2672130951,102.0
2006,CRS3035RES1000mN2024000E3145000,2710518818,105.0
2007,CRS3035RES1000mN2024000E3145000,3034026261,76.0
2008,CRS3035RES1000mN2024000E3145000,3179889751,117.0
2009,CRS3035RES1000mN2024000E3145000,3206611978,
2010,CRS3035RES1000mN2024000E3145000,3272828439,51.0
2011,CRS3035RES1000mN2024000E3145000,3452364276,90.0
2012,CRS3035RES1000mN2024000E3145000,3452364277,73.0
2013,CRS3035RES1000mN2024000E3145000,3495733197,
2014,CRS3035RES1000mN2024000E3145000,3497154853,
2015,CRS3035RES1000mN2024000E3145000,3517755445,
2016,CRS3035RES1000mN2024000E3145000,3522125657,
2017,CRS3035RES1000mN2024000E3145000,3526751794,92.0
2018,CRS3035RES1000mN2024000E3145000,3839306060,89.0
2019,CRS3035RES1000mN2024000E3145000,4214697664,51.0
2020,CRS3035RES1000mN2024000E3145000,4338252586,80.0
2021,CRS3035RES1000mN2024000E3145000,4401271633,
2022,CRS3035RES1000mN2024000E3145000,4515476768,78.0
2023,CRS3035RES1000mN2024000E3145000,4569910891,61.0
2024,CRS3035RES1000mN2024000E3145000,4703730491,72.0
2025,CRS3035RES1000mN2024000E3145000,4707870392,65.0
2026,CRS3035RES1000mN2024000E3145000,4789037769,88.0
2027,CRS3035RES1000mN2024000E3145000,4794233143,
2028,CRS3035RES1000mN2024000E3145000,4870405674,50.0
2029,CRS3035RES1000mN2024000E3145000,5139379922,81.0
2030,CRS3035RES1000mN2024000E3145000,5160337425,65.0
2031,CRS3035RES1000mN2024000E3145000,5196199575,76.0
2032,CRS3035RES1000mN2024000E3145000,5341570554,75.0
2033,CRS3035RES1000mN2024000E3145000,5345949864,107.0
2034,CRS3035RES1000mN2024000E3145000,5448507385,
2035,CRS3035RES1000mN2024000E3145000,5604693894,77.0
2036,CRS3035RES1000mN2024000E3145000,5670401989,
2037,CRS3035RES1000mN2024000E3145000,5942671299,100.0
2038,CRS3035RES1000mN2024000E3145000,5943980960,42.0
2039,CRS3035RES1000mN2024000E3145000,6185791451,
2040,CRS3035RES1000mN2024000E3145000,6188948286,96.0
2041,CRS3035RES1000mN2024000E3145000,6555800191,27.0
2042,CRS3035RES1000mN2024000E3145000,6885254479,82.0
2043,CRS3035RES1000mN2024000E3145000,7222611268,
2044,CRS3035RES1000mN2024000E3145000,7408961006,
2045,CRS3035RES1000mN2024000E3145000,7619964683,117.0
2046,CRS3035RES1000mN2024000E3145000,7836562695,94.0
2047,CRS3035RES1000mN2024000E3145000,8493729364,61.0
2048,CRS3035RES1000mN2024000E3145000,8557885377,102.0
2049,CRS3035RES1000mN2024000E3145000,8807212208,65.0
2050,CRS3035RES1000mN2024000E3145000,8844229173,71.0
2051,CRS3035RES1000mN2024000E3145000,8878422600,91.0
2052,CRS3035RES1000mN2024000E3145000,9595709188,75.0
2053,CRS3035RES1000mN2024000E3145000,9611387099,55.0
2054,CRS3035RES1000mN2024000E3145000,9712656915,61.0
2055,CRS3035RES1000mN2024000E3145000,9713142744,66.0
2056,CRS3035RES1000mN2024000E3145000,9815746657,
2057,CRS3035RES1000mN2024000E3145000,10004871512,88.0
2058,CRS3035RES1000mN2024000E3145000,10281174134,
2059,CRS3035RES1000mN2024000E3145000,10580337411,93.0
2060,CRS3035RES1000mN2024000E3145000,10899442604,42.0
2061,CRS3035RES1000mN2024000E3145000,10922657146,33.0
2062,CRS3035RES1000mN2024000E3145000,11127499928,93.0
2063,CRS3035RES1000mN2024000E3145000,11143725881,77.0
2064,CRS3035RES1000mN2024000E3145000,11243087140,89.0
2065,CRS3035RES1000mN2024000E3145000,11269399969,76.0
2066,CRS3035RES1000mN2024000E3145000,11287269362,92.0
2067,CRS3035RES1000mN2024000E3145000,11287269363,101.0
2068,CRS3035RES1000mN2024000E3145000,11369705764,99.0
2069,CRS3035RES1000mN2024000E3145000,11387776374,90.0
2070,CRS3035RES1000mN2024000E3145000,11461799040,
2071,CRS3035RES1000mN2024000E3145000,11462802981,73.0
2072,CRS3035RES1000mN2024000E3145000,11652077658,81.0
2073,CRS3035RES1000mN2024000E3145000,11691390164,66.0
2074,CRS3035RES1000mN2024000E3145000,11739757462,59.0
2075,CRS3035RES1000mN2024000E3145000,12178446726,56.0
2076,CRS3035RES1000mN2024000E3145000,12407425114,83.0
2077,CRS3035RES1000mN2024000E3145000,12865480228,90.0
2078,CRS3035RES1000mN2024000E3145000,2960630,35.0
2079,CRS3035RES1000mN2024000E3145000,3554044,41.0
2080,CRS3035RES1000mN2024000E3145000,3557906,56.0
2081,CRS3035RES1000mN2024000E3145000,5231361,71.0
2082,CRS3035RES1000mN2024000E3145000,9314566,105.0
2083,CRS3035RES1000mN2024000E3145000,13696257,98.0
2084,CRS3035RES1000mN2024000E3145000,15996131,67.0
2085,CRS3035RES1000mN2024000E3145000,23526191,80.0
2086,CRS3035RES1000mN2024000E3145000,23545719,82.0
2087,CRS3035RES1000mN2024000E3145000,30599279,38.0
2088,CRS3035RES1000mN2024000E3145000,30649229,67.0
2089,CRS3035RES1000mN2024000E3145000,32198651,
2090,CRS3035RES1000mN2024000E3145000,34945111,50.0
2091,CRS3035RES1000mN2024000E3145000,50170625,103.0
2092,CRS3035RES1000mN2024000E3145000,82887228,93.0
2093,CRS3035RES1000mN2024000E3145000,92484952,93.0
2094,CRS3035RES1000mN2024000E3145000,95794713,88.0
2095,CRS3035RES1000mN2024000E3145000,96418670,46.0
2096,CRS3035RES1000mN2024000E3145000,98502686,77.0
2097,CRS3035RES1000mN2024000E3145000,132613257,90.0
2098,CRS3035RES1000mN2024000E3145000,135036040,94.0
2099,CRS3035RES1000mN2024000E3145000,150772489,71.0
2100,CRS3035RES1000mN2024000E3145000,154118456,87.0
2101,CRS3035RES1000mN2024000E3145000,157375776,91.0
2102,CRS3035RES1000mN2024000E3145000,158211204,29.0
2103,CRS3035RES1000mN2024000E3145000,162072415,42.0
2104,CRS3035RES1000mN2024000E3145000,162117720,89.0
2105,CRS3035RES1000mN2024000E3145000,170487273,
2106,CRS3035RES1000mN2024000E3145000,172686062,37.0
2107,CRS3035RES1000mN2024000E3145000,174318235,50.0
2108,CRS3035RES1000mN2024000E3145000,174318237,40.0
2109,CRS3035RES1000mN2024000E3145000,205060159,
2110,CRS3035RES1000mN2024000E3145000,205757163,
2111,CRS3035RES1000mN2024000E3145000,221095520,94.0
2112,CRS3035RES1000mN2024000E3145000,224503374,71.0
2113,CRS3035RES1000mN2024000E3145000,227333462,86.0
2114,CRS3035RES1000mN2024000E3145000,229117454,76.0
2115,CRS3035RES1000mN2024000E3145000,261460389,
2116,CRS3035RES1000mN2024000E3145000,283450022,56.0
2117,CRS3035RES1000mN2024000E3145000,288994040,54.0
2118,CRS3035RES1000mN2024000E3145000,296744564,
2119,CRS3035RES1000mN2024000E3145000,297526406,82.0
2120,CRS3035RES1000mN2024000E3145000,300709861,64.0
2121,CRS3035RES1000mN2024000E3145000,301444634,87.0
2122,CRS3035RES1000mN2024000E3145000,302721609,78.0
2123,CRS3035RES1000mN2024000E3145000,308195630,108.0
2124,CRS3035RES1000mN2024000E3145000,312777902,55.0
2125,CRS3035RES1000mN2024000E3145000,330154630,
2126,CRS3035RES1000mN2024000E3145000,340205456,72.0
2127,CRS3035RES1000mN2024000E3145000,367883612,91.0
2128,CRS3035RES1000mN2024000E3145000,368211943,91.0
2129,CRS3035RES1000mN2024000E3145000,374180360,93.0
2130,CRS3035RES1000mN2024000E3145000,375369499,81.0
2131,CRS3035RES1000mN2024000E3145000,383494544,74.0
2132,CRS3035RES1000mN2024000E3145000,384574591,58.0
2133,CRS3035RES1000mN2024000E3145000,403538322,113.0
2134,CRS3035RES1000mN2024000E3145000,403859503,68.0
2135,CRS3035RES1000mN2024000E3145000,437050442,74.0
2136,CRS3035RES1000mN2024000E3145000,459881697,87.0
2137,CRS3035RES1000mN2024000E3145000,477278425,
2138,CRS3035RES1000mN2024000E3145000,486879235,
2139,CRS3035RES1000mN2024000E3145000,493748377,49.0
2140,CRS3035RES1000mN2024000E3145000,498234201,76.0
2141,CRS3035RES1000mN2024000E3145000,504315026,91.0
2142,CRS3035RES1000mN2024000E3145000,548701490,92.0
2143,CRS3035RES1000mN2024000E3145000,574210084,90.0
2144,CRS3035RES1000mN2024000E3145000,576094143,46.0
2145,CRS3035RES1000mN2024000E3145000,584409067,110.0
2146,CRS3035RES1000mN2024000E3145000,635512756,82.0
2147,CRS3035RES1000mN2024000E3145000,638492224,
2148,CRS3035RES1000mN2024000E3145000,653913062,91.0
2149,CRS3035RES1000mN2024000E3145000,659866770,81.0
2150,CRS3035RES1000mN2024000E3145000,697717972,18.0
2151,CRS3035RES1000mN2024000E3145000,717194862,106.0
2152,CRS3035RES1000mN2024000E3145000,736899303,107.0
2153,CRS3035RES1000mN2024000E3145000,738042217,78.0
2154,CRS3035RES1000mN2024000E3145000,839611983,118.0
2155,CRS3035RES1000mN2024000E3145000,957893520,64.0
2156,CRS3035RES1000mN2024000E3145000,963308110,91.0
2157,CRS3035RES1000mN2024000E3145000,1073283182,75.0
2158,CRS3035RES1000mN2024000E3145000,1252864015,85.0
2159,CRS3035RES1000mN2024000E3145000,1283203658,94.0
2160,CRS3035RES1000mN2024000E3146000,25526,42.0
2161,CRS3035RES1000mN2024000E3146000,1774,63.0
2162,CRS3035RES1000mN2024000E3146000,1770,85.0
2163,CRS3035RES1000mN2024000E3146000,1773,82.0
2164,CRS3035RES1000mN2024000E3146000,1771,60.0
2165,CRS3035RES1000mN2024000E3146000,123303,62.0
2166,CRS3035RES1000mN2024000E3146000,1764,65.0
2167,CRS3035RES1000mN2024000E3146000,181101,79.0
2168,CRS3035RES1000mN2024000E3146000,5765642,50.0
2169,CRS3035RES1000mN2024000E3146000,86719,62.0
2170,CRS3035RES1000mN2024000E3146000,1800,78.0
2171,CRS3035RES1000mN2024000E3146000,1757,49.0
2172,CRS3035RES1000mN2024000E3146000,1755,56.0
2173,CRS3035RES1000mN2024000E3146000,1882,58.0
2174,CRS3035RES1000mN2024000E3146000,1745,78.0
2175,CRS3035RES1000mN2024000E3146000,1794,78.0
2176,CRS3035RES1000mN2024000E3146000,1762,69.0
2177,CRS3035RES1000mN2024000E3146000,51188,68.0
2178,CRS3035RES1000mN2024000E3146000,6893633,70.0
2179,CRS3035RES1000mN2024000E3146000,167128,79.0
2180,CRS3035RES1000mN2024000E3146000,1760,73.0
2181,CRS3035RES1000mN2024000E3146000,12773298,68.0
2182,CRS3035RES1000mN2024000E3146000,1754,70.0
2183,CRS3035RES1000mN2024000E3146000,1748,78.0
2184,CRS3035RES1000mN2024000E3146000,79941,82.0
2185,CRS3035RES1000mN2024000E3146000,1750,78.0
2186,CRS3035RES1000mN2024000E3146000,5975465,59.0
2187,CRS3035RES1000mN2024000E3146000,115056,84.0
2188,CRS3035RES1000mN2024000E3146000,1790,76.0
2189,CRS3035RES1000mN2024000E3146000,1756,54.0
2190,CRS3035RES1000mN2024000E3146000,51849,79.0
2191,CRS3035RES1000mN2024000E3146000,185595,71.0
2192,CRS3035RES1000mN2024000E3146000,7697128,55.0
2193,CRS3035RES1000mN2024000E3146000,10395362,88.0
2194,CRS3035RES1000mN2024000E3146000,1759,72.0
2195,CRS3035RES1000mN2024000E3146000,1752,72.0
2196,CRS3035RES1000mN2024000E3146000,186714,75.0
2197,CRS3035RES1000mN2024000E3146000,1753,73.0
2198,CRS3035RES1000mN2024000E3146000,1792,74.0
2199,CRS3035RES1000mN2024000E3146000,1763,58.0
2200,CRS3035RES1000mN2024000E3146000,1746,86.0
2201,CRS3035RES1000mN2024000E3146000,11572165,70.0
2202,CRS3035RES1000mN2024000E3146000,1761,68.0
2203,CRS3035RES1000mN2024000E3146000,1747,83.0
2204,CRS3035RES1000mN2024000E3146000,5768564,47.0
2205,CRS3035RES1000mN2024000E3146000,1798,53.0
2206,CRS3035RES1000mN2024000E3146000,66904,76.0
2207,CRS3035RES1000mN2024000E3146000,1777,63.0
2208,CRS3035RES1000mN2024000E3146000,1765,72.0
2209,CRS3035RES1000mN2024000E3146000,49416,75.0
2210,CRS3035RES1000mN2024000E3146000,12734939,75.0
2211,CRS3035RES1000mN2024000E3146000,167386167,64.0
2212,CRS3035RES1000mN2024000E3146000,295933804,68.0
2213,CRS3035RES1000mN2024000E3146000,303340017,72.0
2214,CRS3035RES1000mN2024000E3146000,315355551,65.0
2215,CRS3035RES1000mN2024000E3146000,339084977,62.0
2216,CRS3035RES1000mN2024000E3146000,412911553,66.0
2217,CRS3035RES1000mN2024000E3146000,558126037,61.0
2218,CRS3035RES1000mN2024000E3146000,711789768,67.0
2219,CRS3035RES1000mN2024000E3146000,727666062,97.0
2220,CRS3035RES1000mN2024000E3146000,848085869,49.0
2221,CRS3035RES1000mN2024000E3146000,1056098898,76.0
2222,CRS3035RES1000mN2024000E3146000,1255438242,117.0
2223,CRS3035RES1000mN2024000E3146000,1469985039,88.0
2224,CRS3035RES1000mN2024000E3146000,1504302537,
2225,CRS3035RES1000mN2024000E3146000,1511617504,16.0
2226,CRS3035RES1000mN2024000E3146000,1541601287,93.0
2227,CRS3035RES1000mN2024000E3146000,1544591296,79.0
2228,CRS3035RES1000mN2024000E3146000,1598174183,84.0
2229,CRS3035RES1000mN2024000E3146000,1629887846,90.0
2230,CRS3035RES1000mN2024000E3146000,1686660176,88.0
2231,CRS3035RES1000mN2024000E3146000,1716927336,72.0
2232,CRS3035RES1000mN2024000E3146000,1734554324,92.0
2233,CRS3035RES1000mN2024000E3146000,1849109335,77.0
2234,CRS3035RES1000mN2024000E3146000,2028408680,54.0
2235,CRS3035RES1000mN2024000E3146000,2036887702,
2236,CRS3035RES1000mN2024000E3146000,2061404218,85.0
2237,CRS3035RES1000mN2024000E3146000,2134238030,94.0
2238,CRS3035RES1000mN2024000E3146000,2261600754,
2239,CRS3035RES1000mN2024000E3146000,2301402027,96.0
2240,CRS3035RES1000mN2024000E3146000,2303966810,66.0
2241,CRS3035RES1000mN2024000E3146000,2312029862,87.0
2242,CRS3035RES1000mN2024000E3146000,2408860250,102.0
2243,CRS3035RES1000mN2024000E3146000,2620185829,69.0
2244,CRS3035RES1000mN2024000E3146000,2622508931,66.0
2245,CRS3035RES1000mN2024000E3146000,2672130951,101.0
2246,CRS3035RES1000mN2024000E3146000,2710518818,103.0
2247,CRS3035RES1000mN2024000E3146000,3034026261,76.0
2248,CRS3035RES1000mN2024000E3146000,3179889751,
2249,CRS3035RES1000mN2024000E3146000,3206611978,
2250,CRS3035RES1000mN2024000E3146000,3272828439,52.0
2251,CRS3035RES1000mN2024000E3146000,3452364276,91.0
2252,CRS3035RES1000mN2024000E3146000,3452364277,73.0
2253,CRS3035RES1000mN2024000E3146000,3495733197,
2254,CRS3035RES1000mN2024000E3146000,3497154853,
2255,CRS3035RES1000mN2024000E3146000,3517755445,
2256,CRS3035RES1000mN2024000E3146000,3522125657,
2257,CRS3035RES1000mN2024000E3146000,3526751794,91.0
2258,CRS3035RES1000mN2024000E3146000,3839306060,89.0
2259,CRS3035RES1000mN2024000E3146000,4214697664,49.0
2260,CRS3035RES1000mN2024000E3146000,4338252586,79.0
2261,CRS3035RES1000mN2024000E3146000,4401271633,
2262,CRS3035RES1000mN2024000E3146000,4515476768,78.0
2263,CRS3035RES1000mN2024000E3146000,4569910891,60.0
2264,CRS3035RES1000mN2024000E3146000,4703730491,72.0
2265,CRS3035RES1000mN2024000E3146000,4707870392,65.0
2266,CRS3035RES1000mN2024000E3146000,4789037769,88.0
2267,CRS3035RES1000mN2024000E3146000,4794233143,
2268,CRS3035RES1000mN2024000E3146000,4870405674,49.0
2269,CRS3035RES1000mN2024000E3146000,5139379922,82.0
2270,CRS3035RES1000mN2024000E3146000,5160337425,65.0
2271,CRS3035RES1000mN2024000E3146000,5196199575,76.0
2272,CRS3035RES1000mN2024000E3146000,5341570554,74.0
2273,CRS3035RES1000mN2024000E3146000,5345949864,106.0
2274,CRS3035RES1000mN2024000E3146000,5448507385,
2275,CRS3035RES1000mN2024000E3146000,5604693894,76.0
2276,CRS3035RES1000mN2024000E3146000,5670401989,
2277,CRS3035RES1000mN2024000E3146000,5942671299,97.0
2278,CRS3035RES1000mN2024000E3146000,5943980960,41.0
2279,CRS3035RES1000mN2024000E3146000,6185791451,
2280,CRS3035RES1000mN2024000E3146000,6188948286,94.0
2281,CRS3035RES1000mN2024000E3146000,6555800191,27.0
2282,CRS3035RES1000mN2024000E3146000,6885254479,81.0
2283,CRS3035RES1000mN2024000E3146000,7222611268,
2284,CRS3035RES1000mN2024000E3146000,7408961006,
2285,CRS3035RES1000mN2024000E3146000,7619964683,116.0
2286,CRS3035RES1000mN2024000E3146000,7836562695,93.0
2287,CRS3035RES1000mN2024000E3146000,8493729364,58.0
2288,CRS3035RES1000mN2024000E3146000,8557885377,103.0
2289,CRS3035RES1000mN2024000E3146000,8807212208,66.0
2290,CRS3035RES1000mN2024000E3146000,8844229173,72.0
2291,CRS3035RES1000mN2024000E3146000,8878422600,90.0
2292,CRS3035RES1000mN2024000E3146000,9595709188,75.0
2293,CRS3035RES1000mN2024000E3146000,9611387099,52.0
2294,CRS3035RES1000mN2024000E3146000,9712656915,60.0
2295,CRS3035RES1000mN2024000E3146000,9713142744,65.0
2296,CRS3035RES1000mN2024000E3146000,9815746657,
2297,CRS3035RES1000mN2024000E3146000,10004871512,87.0
2298,CRS3035RES1000mN2024000E3146000,10281174134,
2299,CRS3035RES1000mN2024000E3146000,10580337411,93.0
2300,CRS3035RES1000mN2024000E3146000,10899442604,43.0
2301,CRS3035RES1000mN2024000E3146000,10922657146,34.0
2302,CRS3035RES1000mN2024000E3146000,11127499928,92.0
2303,CRS3035RES1000mN2024000E3146000,11143725881,75.0
2304,CRS3035RES1000mN2024000E3146000,11243087140,88.0
2305,CRS3035RES1000mN2024000E3146000,11269399969,75.0
2306,CRS3035RES1000mN2024000E3146000,11287269362,91.0
2307,CRS3035RES1000mN2024000E3146000,11287269363,107.0
2308,CRS3035RES1000mN2024000E3146000,11369705764,99.0
2309,CRS3035RES1000mN2024000E3146000,11387776374,87.0
2310,CRS3035RES1000mN2024000E3146000,11461799040,
2311,CRS3035RES1000mN2024000E3146000,11462802981,70.0
2312,CRS3035RES1000mN2024000E3146000,11652077658,82.0
2313,CRS3035RES1000mN2024000E3146000,11691390164,65.0
2314,CRS3035RES1000mN2024000E3146000,11739757462,59.0
2315,CRS3035RES1000mN2024000E3146000,12178446726,53.0
2316,CRS3035RES1000mN2024000E3146000,12407425114,82.0
2317,CRS3035RES1000mN2024000E3146000,12865480228,90.0
2318,CRS3035RES1000mN2024000E3146000,2960630,35.0
2319,CRS3035RES1000mN2024000E3146000,3554044,41.0
2320,CRS3035RES1000mN2024000E3146000,3557906,57.0
2321,CRS3035RES1000mN2024000E3146000,5231361,70.0
2322,CRS3035RES1000mN2024000E3146000,9314566,102.0
2323,CRS3035RES1000mN2024000E3146000,13696257,96.0
2324,CRS3035RES1000mN2024000E3146000,15996131,67.0
2325,CRS3035RES1000mN2024000E3146000,23526191,80.0
2326,CRS3035RES1000mN2024000E3146000,23545719,82.0
2327,CRS3035RES1000mN2024000E3146000,30599279,38.0
2328,CRS3035RES1000mN2024000E3146000,30649229,66.0
2329,CRS3035RES1000mN2024000E3146000,32198651,
2330,CRS3035RES1000mN2024000E3146000,34945111,51.0
2331,CRS3035RES1000mN2024000E3146000,50170625,118.0
2332,CRS3035RES1000mN2024000E3146000,82887228,91.0
2333,CRS3035RES1000mN2024000E3146000,92484952,91.0
2334,CRS3035RES1000mN2024000E3146000,95794713,86.0
2335,CRS3035RES1000mN2024000E3146000,96418670,47.0
2336,CRS3035RES1000mN2024000E3146000,98502686,78.0
2337,CRS3035RES1000mN2024000E3146000,132613257,87.0
2338,CRS3035RES1000mN2024000E3146000,135036040,92.0
2339,CRS3035RES1000mN2024000E3146000,150772489,70.0
2340,CRS3035RES1000mN2024000E3146000,154118456,84.0
2341,CRS3035RES1000mN2024000E3146000,157375776,90.0
2342,CRS3035RES1000mN2024000E3146000,158211204,30.0
2343,CRS3035RES1000mN2024000E3146000,162072415,42.0
2344,CRS3035RES1000mN2024000E3146000,162117720,89.0
2345,CRS3035RES1000mN2024000E3146000,170487273,
2346,CRS3035RES1000mN2024000E3146000,172686062,27.0
2347,CRS3035RES1000mN2024000E3146000,174318235,53.0
2348,CRS3035RES1000mN2024000E3146000,174318237,41.0
2349,CRS3035RES1000mN2024000E3146000,205060159,
2350,CRS3035RES1000mN2024000E3146000,205757163,
2351,CRS3035RES1000mN2024000E3146000,221095520,95.0
2352,CRS3035RES1000mN2024000E3146000,224503374,70.0
2353,CRS3035RES1000mN2024000E3146000,227333462,87.0
2354,CRS3035RES1000mN2024000E3146000,229117454,74.0
2355,CRS3035RES1000mN2024000E3146000,261460389,
2356,CRS3035RES1000mN2024000E3146000,283450022,55.0
2357,CRS3035RES1000mN2024000E3146000,288994040,52.0
2358,CRS3035RES1000mN2024000E3146000,296744564,119.0
2359,CRS3035RES1000mN2024000E3146000,297526406,81.0
2360,CRS3035RES1000mN2024000E3146000,300709861,64.0
2361,CRS3035RES1000mN2024000E3146000,301444634,85.0
2362,CRS3035RES1000mN2024000E3146000,302721609,78.0
2363,CRS3035RES1000mN2024000E3146000,308195630,109.0
2364,CRS3035RES1000mN2024000E3146000,312777902,52.0
2365,CRS3035RES1000mN2024000E3146000,330154630,
2366,CRS3035RES1000mN2024000E3146000,340205456,71.0
2367,CRS3035RES1000mN2024000E3146000,367883612,89.0
2368,CRS3035RES1000mN2024000E3146000,368211943,90.0
2369,CRS3035RES1000mN2024000E3146000,374180360,92.0
2370,CRS3035RES1000mN2024000E3146000,375369499,78.0
2371,CRS3035RES1000mN2024000E3146000,383494544,74.0
2372,CRS3035RES1000mN2024000E3146000,384574591,59.0
2373,CRS3035RES1000mN2024000E3146000,403538322,113.0
2374,CRS3035RES1000mN2024000E3146000,403859503,67.0
2375,CRS3035RES1000mN2024000E3146000,437050442,74.0
2376,CRS3035RES1000mN2024000E3146000,459881697,88.0
2377,CRS3035RES1000mN2024000E3146000,477278425,
2378,CRS3035RES1000mN2024000E3146000,486879235,
2379,CRS3035RES1000mN2024000E3146000,493748377,49.0
2380,CRS3035RES1000mN2024000E3146000,498234201,77.0
2381,CRS3035RES1000mN2024000E3146000,504315026,91.0
2382,CRS3035RES1000mN2024000E3146000,548701490,92.0
2383,CRS3035RES1000mN2024000E3146000,574210084,91.0
2384,CRS3035RES1000mN2024000E3146000,576094143,46.0
2385,CRS3035RES1000mN2024000E3146000,584409067,108.0
2386,CRS3035RES1000mN2024000E3146000,635512756,81.0
2387,CRS3035RES1000mN2024000E3146000,638492224,
2388,CRS3035RES1000mN2024000E3146000,653913062,90.0
2389,CRS3035RES1000mN2024000E3146000,659866770,80.0
2390,CRS3035RES1000mN2024000E3146000,697717972,9.0
2391,CRS3035RES1000mN2024000E3146000,717194862,105.0
2392,CRS3035RES1000mN2024000E3146000,736899303,107.0
2393,CRS3035RES1000mN2024000E3146000,738042217,78.0
2394,CRS3035RES1000mN2024000E3146000,839611983,117.0
2395,CRS3035RES1000mN2024000E3146000,957893520,62.0
2396,CRS3035RES1000mN2024000E3146000,963308110,89.0
2397,CRS3035RES1000mN2024000E3146000,1073283182,75.0
2398,CRS3035RES1000mN2024000E3146000,1252864015,84.0
2399,CRS3035RES1000mN2024000E3146000,1283203658,94.0
2400,CRS3035RES1000mN2024000E3147000,25526,28.0
2401,CRS3035RES1000mN2024000E3147000,1774,49.0
2402,CRS3035RES1000mN2024000E3147000,1770,73.0
2403,CRS3035RES1000mN2024000E3147000,1773,69.0
2404,CRS3035RES1000mN2024000E3147000,1771,47.0
2405,CRS3035RES1000mN2024000E3147000,123303,49.0
2406,CRS3035RES1000mN2024000E3147000,1764,52.0
2407,CRS3035RES1000mN2024000E3147000,181101,64.0
2408,CRS3035RES1000mN2024000E3147000,5765642,37.0
2409,CRS3035RES1000mN2024000E3147000,86719,51.0
2410,CRS3035RES1000mN2024000E3147000,1800,66.0
2411,CRS3035RES1000mN2024000E3147000,1757,37.0
2412,CRS3035RES1000mN2024000E3147000,1755,43.0
2413,CRS3035RES1000mN2024000E3147000,1882,46.0
2414,CRS3035RES1000mN2024000E3147000,1745,68.0
2415,CRS3035RES1000mN2024000E3147000,1794,65.0
2416,CRS3035RES1000mN2024000E3147000,1762,57.0
2417,CRS3035RES1000mN2024000E3147000,51188,56.0
2418,CRS3035RES1000mN2024000E3147000,6893633,58.0
2419,CRS3035RES1000mN2024000E3147000,167128,66.0
2420,CRS3035RES1000mN2024000E3147000,1760,61.0
2421,CRS3035RES1000mN2024000E3147000,12773298,56.0
2422,CRS3035RES1000mN2024000E3147000,1754,60.0
2423,CRS3035RES1000mN2024000E3147000,1748,63.0
2424,CRS3035RES1000mN2024000E3147000,79941,70.0
2425,CRS3035RES1000mN2024000E3147000,1750,66.0
2426,CRS3035RES1000mN2024000E3147000,5975465,47.0
2427,CRS3035RES1000mN2024000E3147000,115056,73.0
2428,CRS3035RES1000mN2024000E3147000,1790,64.0
2429,CRS3035RES1000mN2024000E3147000,1756,41.0
2430,CRS3035RES1000mN2024000E3147000,51849,65.0
2431,CRS3035RES1000mN2024000E3147000,185595,59.0
2432,CRS3035RES1000mN2024000E3147000,7697128,43.0
2433,CRS3035RES1000mN2024000E3147000,10395362,72.0
2434,CRS3035RES1000mN2024000E3147000,1759,59.0
2435,CRS3035RES1000mN2024000E3147000,1752,61.0
2436,CRS3035RES1000mN2024000E3147000,186714,64.0
2437,CRS3035RES1000mN2024000E3147000,1753,60.0
2438,CRS3035RES1000mN2024000E3147000,1792,58.0
2439,CRS3035RES1000mN2024000E3147000,1763,45.0
2440,CRS3035RES1000mN2024000E3147000,1746,72.0
2441,CRS3035RES1000mN2024000E3147000,11572165,59.0
2442,CRS3035RES1000mN2024000E3147000,1761,55.0
2443,CRS3035RES1000mN2024000E3147000,1747,67.0
2444,CRS3035RES1000mN2024000E3147000,5768564,35.0
2445,CRS3035RES1000mN2024000E3147000,1798,41.0
2446,CRS3035RES1000mN2024000E3147000,66904,62.0
2447,CRS3035RES1000mN2024000E3147000,1777,50.0
2448,CRS3035RES1000mN2024000E3147000,1765,59.0
2449,CRS3035RES1000mN2024000E3147000,49416,60.0
2450,CRS3035RES1000mN2024000E3147000,12734939,60.0
2451,CRS3035RES1000mN2024000E3147000,167386167,51.0
2452,CRS3035RES1000mN2024000E3147000,295933804,63.0
2453,CRS3035RES1000mN2024000E3147000,303340017,54.0
2454,CRS3035RES1000mN2024000E3147000,315355551,58.0
2455,CRS3035RES1000mN2024000E3147000,339084977,49.0
2456,CRS3035RES1000mN2024000E3147000,412911553,52.0
2457,CRS3035RES1000mN2024000E3147000,558126037,50.0
2458,CRS3035RES1000mN2024000E3147000,711789768,51.0
2459,CRS3035RES1000mN2024000E3147000,727666062,97.0
2460,CRS3035RES1000mN2024000E3147000,848085869,39.0
2461,CRS3035RES1000mN2024000E3147000,1056098898,63.0
2462,CRS3035RES1000mN2024000E3147000,1255438242,105.0
2463,CRS3035RES1000mN2024000E3147000,1469985039,73.0
2464,CRS3035RES1000mN2024000E3147000,1504302537,92.0
2465,CRS3035RES1000mN2024000E3147000,1511617504,19.0
2466,CRS3035RES1000mN2024000E3147000,1541601287,75.0
2467,CRS3035RES1000mN2024000E3147000,1544591296,66.0
2468,CRS3035RES1000mN2024000E3147000,1598174183,82.0
2469,CRS3035RES1000mN2024000E3147000,1629887846,86.0
2470,CRS3035RES1000mN2024000E3147000,1686660176,75.0
2471,CRS3035RES1000mN2024000E3147000,1716927336,68.0
2472,CRS3035RES1000mN2024000E3147000,1734554324,92.0
2473,CRS3035RES1000mN2024000E3147000,1849109335,59.0
2474,CRS3035RES1000mN2024000E3147000,2028408680,43.0
2475,CRS3035RES1000mN2024000E3147000,2036887702,
2476,CRS3035RES1000mN2024000E3147000,2061404218,81.0
2477,CRS3035RES1000mN2024000E3147000,2134238030,94.0
2478,CRS3035RES1000mN2024000E3147000,2261600754,
2479,CRS3035RES1000mN2024000E3147000,2301402027,87.0
2480,CRS3035RES1000mN2024000E3147000,2303966810,52.0
2481,CRS3035RES1000mN2024000E3147000,2312029862,83.0
2482,CRS3035RES1000mN2024000E3147000,2408860250,79.0
2483,CRS3035RES1000mN2024000E3147000,2620185829,56.0
2484,CRS3035RES1000mN2024000E3147000,2622508931,52.0
2485,CRS3035RES1000mN2024000E3147000,2672130951,100.0
2486,CRS3035RES1000mN2024000E3147000,2710518818,82.0
2487,CRS3035RES1000mN2024000E3147000,3034026261,74.0
2488,CRS3035RES1000mN2024000E3147000,3179889751,103.0
2489,CRS3035RES1000mN2024000E3147000,3206611978,77.0
2490,CRS3035RES1000mN2024000E3147000,3272828439,45.0
2491,CRS3035RES1000mN2024000E3147000,3452364276,79.0
2492,CRS3035RES1000mN2024000E3147000,3452364277,61.0
2493,CRS3035RES1000mN2024000E3147000,3495733197,
2494,CRS3035RES1000mN2024000E3147000,3497154853,
2495,CRS3035RES1000mN2024000E3147000,3517755445,
2496,CRS3035RES1000mN2024000E3147000,3522125657,
2497,CRS3035RES1000mN2024000E3147000,3526751794,88.0
2498,CRS3035RES1000mN2024000E3147000,3839306060,80.0
2499,CRS3035RES1000mN2024000E3147000,4214697664,36.0
2500,CRS3035RES1000mN2024000E3147000,4338252586,76.0
2501,CRS3035RES1000mN2024000E3147000,4401271633,
2502,CRS3035RES1000mN2024000E3147000,4515476768,77.0
2503,CRS3035RES1000mN2024000E3147000,4569910891,48.0
2504,CRS3035RES1000mN2024000E3147000,4703730491,55.0
2505,CRS3035RES1000mN2024000E3147000,4707870392,50.0
2506,CRS3035RES1000mN2024000E3147000,4789037769,86.0
2507,CRS3035RES1000mN2024000E3147000,4794233143,119.0
2508,CRS3035RES1000mN2024000E3147000,4870405674,36.0
2509,CRS3035RES1000mN2024000E3147000,5139379922,62.0
2510,CRS3035RES1000mN2024000E3147000,5160337425,51.0
2511,CRS3035RES1000mN2024000E3147000,5196199575,54.0
2512,CRS3035RES1000mN2024000E3147000,5341570554,60.0
2513,CRS3035RES1000mN2024000E3147000,5345949864,80.0
2514,CRS3035RES1000mN2024000E3147000,5448507385,
2515,CRS3035RES1000mN2024000E3147000,5604693894,73.0
2516,CRS3035RES1000mN2024000E3147000,5670401989,90.0
2517,CRS3035RES1000mN2024000E3147000,5942671299,81.0
2518,CRS3035RES1000mN2024000E3147000,5943980960,34.0
2519,CRS3035RES1000mN2024000E3147000,6185791451,
2520,CRS3035RES1000mN2024000E3147000,6188948286,79.0
2521,CRS3035RES1000mN2024000E3147000,6555800191,20.0
2522,CRS3035RES1000mN2024000E3147000,6885254479,68.0
2523,CRS3035RES1000mN2024000E3147000,7222611268,
2524,CRS3035RES1000mN2024000E3147000,7408961006,113.0
2525,CRS3035RES1000mN2024000E3147000,7619964683,113.0
2526,CRS3035RES1000mN2024000E3147000,7836562695,89.0
2527,CRS3035RES1000mN2024000E3147000,8493729364,45.0
2528,CRS3035RES1000mN2024000E3147000,8557885377,73.0
2529,CRS3035RES1000mN2024000E3147000,8807212208,53.0
2530,CRS3035RES1000mN2024000E3147000,8844229173,59.0
2531,CRS3035RES1000mN2024000E3147000,8878422600,75.0
2532,CRS3035RES1000mN2024000E3147000,9595709188,62.0
2533,CRS3035RES1000mN2024000E3147000,9611387099,39.0
2534,CRS3035RES1000mN2024000E3147000,9712656915,46.0
2535,CRS3035RES1000mN2024000E3147000,9713142744,53.0
2536,CRS3035RES1000mN2024000E3147000,9815746657,
2537,CRS3035RES1000mN2024000E3147000,10004871512,85.0
2538,CRS3035RES1000mN2024000E3147000,10281174134,
2539,CRS3035RES1000mN2024000E3147000,10580337411,84.0
2540,CRS3035RES1000mN2024000E3147000,10899442604,35.0
2541,CRS3035RES1000mN2024000E3147000,10922657146,26.0
2542,CRS3035RES1000mN2024000E3147000,11127499928,73.0
2543,CRS3035RES1000mN2024000E3147000,11143725881,64.0
2544,CRS3035RES1000mN2024000E3147000,11243087140,74.0
2545,CRS3035RES1000mN2024000E3147000,11269399969,61.0
2546,CRS3035RES1000mN2024000E3147000,11287269362,87.0
2547,CRS3035RES1000mN2024000E3147000,11287269363,92.0
2548,CRS3035RES1000mN2024000E3147000,11369705764,92.0
2549,CRS3035RES1000mN2024000E3147000,11387776374,72.0
2550,CRS3035RES1000mN2024000E3147000,11461799040,
2551,CRS3035RES1000mN2024000E3147000,11462802981,55.0
2552,CRS3035RES1000mN2024000E3147000,11652077658,64.0
2553,CRS3035RES1000mN2024000E3147000,11691390164,52.0
2554,CRS3035RES1000mN2024000E3147000,11739757462,49.0
2555,CRS3035RES1000mN2024000E3147000,12178446726,40.0
2556,CRS3035RES1000mN2024000E3147000,12407425114,69.0
2557,CRS3035RES1000mN2024000E3147000,12865480228,81.0
2558,CRS3035RES1000mN2024000E3147000,2960630,27.0
2559,CRS3035RES1000mN2024000E3147000,3554044,36.0
2560,CRS3035RES1000mN2024000E3147000,3557906,46.0
2561,CRS3035RES1000mN2024000E3147000,5231361,56.0
2562,CRS3035RES1000mN2024000E3147000,9314566,96.0
2563,CRS3035RES1000mN2024000E3147000,13696257,79.0
2564,CRS3035RES1000mN2024000E3147000,15996131,53.0
2565,CRS3035RES1000mN2024000E3147000,23526191,67.0
2566,CRS3035RES1000mN2024000E3147000,23545719,70.0
2567,CRS3035RES1000mN2024000E3147000,30599279,27.0
2568,CRS3035RES1000mN2024000E3147000,30649229,52.0
2569,CRS3035RES1000mN2024000E3147000,32198651,
2570,CRS3035RES1000mN2024000E3147000,34945111,43.0
2571,CRS3035RES1000mN2024000E3147000,50170625,94.0
2572,CRS3035RES1000mN2024000E3147000,82887228,75.0
2573,CRS3035RES1000mN2024000E3147000,92484952,85.0
2574,CRS3035RES1000mN2024000E3147000,95794713,70.0
2575,CRS3035RES1000mN2024000E3147000,96418670,40.0
2576,CRS3035RES1000mN2024000E3147000,98502686,55.0
2577,CRS3035RES1000mN2024000E3147000,132613257,72.0
2578,CRS3035RES1000mN2024000E3147000,135036040,77.0
2579,CRS3035RES1000mN2024000E3147000,150772489,56.0
2580,CRS3035RES1000mN2024000E3147000,154118456,81.0
2581,CRS3035RES1000mN2024000E3147000,157375776,70.0
2582,CRS3035RES1000mN2024000E3147000,158211204,22.0
2583,CRS3035RES1000mN2024000E3147000,162072415,31.0
2584,CRS3035RES1000mN2024000E3147000,162117720,71.0
2585,CRS3035RES1000mN2024000E3147000,170487273,111.0
2586,CRS3035RES1000mN2024000E3147000,172686062,23.0
2587,CRS3035RES1000mN2024000E3147000,174318235,38.0
2588,CRS3035RES1000mN2024000E3147000,174318237,34.0
2589,CRS3035RES1000mN2024000E3147000,205060159,104.0
2590,CRS3035RES1000mN2024000E3147000,205757163,
2591,CRS3035RES1000mN2024000E3147000,221095520,86.0
2592,CRS3035RES1000mN2024000E3147000,224503374,58.0
2593,CRS3035RES1000mN2024000E3147000,227333462,54.0
2594,CRS3035RES1000mN2024000E3147000,229117454,63.0
2595,CRS3035RES1000mN2024000E3147000,261460389,
2596,CRS3035RES1000mN2024000E3147000,283450022,43.0
2597,CRS3035RES1000mN2024000E3147000,288994040,39.0
2598,CRS3035RES1000mN2024000E3147000,296744564,99.0
2599,CRS3035RES1000mN2024000E3147000,297526406,74.0
2600,CRS3035RES1000mN2024000E3147000,300709861,59.0
2601,CRS3035RES1000mN2024000E3147000,301444634,80.0
2602,CRS3035RES1000mN2024000E3147000,302721609,75.0
2603,CRS3035RES1000mN2024000E3147000,308195630,79.0
2604,CRS3035RES1000mN2024000E3147000,312777902,39.0
2605,CRS3035RES1000mN2024000E3147000,330154630,
2606,CRS3035RES1000mN2024000E3147000,340205456,57.0
2607,CRS3035RES1000mN2024000E3147000,367883612,73.0
2608,CRS3035RES1000mN2024000E3147000,368211943,73.0
2609,CRS3035RES1000mN2024000E3147000,374180360,87.0
2610,CRS3035RES1000mN2024000E3147000,375369499,75.0
2611,CRS3035RES1000mN2024000E3147000,383494544,62.0
2612,CRS3035RES1000mN2024000E3147000,384574591,48.0
2613,CRS3035RES1000mN2024000E3147000,403538322,110.0
2614,CRS3035RES1000mN2024000E3147000,403859503,53.0
2615,CRS3035RES1000mN2024000E3147000,437050442,66.0
2616,CRS3035RES1000mN2024000E3147000,459881697,55.0
2617,CRS3035RES1000mN2024000E3147000,477278425,
2618,CRS3035RES1000mN2024000E3147000,486879235,
2619,CRS3035RES1000mN2024000E3147000,493748377,38.0
2620,CRS3035RES1000mN2024000E3147000,498234201,66.0
2621,CRS3035RES1000mN2024000E3147000,504315026,82.0
2622,CRS3035RES1000mN2024000E3147000,548701490,88.0
2623,CRS3035RES1000mN2024000E3147000,574210084,62.0
2624,CRS3035RES1000mN2024000E3147000,576094143,36.0
2625,CRS3035RES1000mN2024000E3147000,584409067,95.0
2626,CRS3035RES1000mN2024000E3147000,635512756,68.0
2627,CRS3035RES1000mN2024000E3147000,638492224,105.0
2628,CRS3035RES1000mN2024000E3147000,653913062,73.0
2629,CRS3035RES1000mN2024000E3147000,659866770,73.0
2630,CRS3035RES1000mN2024000E3147000,697717972,16.0
2631,CRS3035RES1000mN2024000E3147000,717194862,102.0
2632,CRS3035RES1000mN2024000E3147000,736899303,103.0
2633,CRS3035RES1000mN2024000E3147000,738042217,76.0
2634,CRS3035RES1000mN2024000E3147000,839611983,114.0
2635,CRS3035RES1000mN2024000E3147000,957893520,49.0
2636,CRS3035RES1000mN2024000E3147000,963308110,74.0
2637,CRS3035RES1000mN2024000E3147000,1073283182,70.0
2638,CRS3035RES1000mN2024000E3147000,1252864015,82.0
2639,CRS3035RES1000mN2024000E3147000,1283203658,93.0
2640,CRS3035RES1000mN2024000E3148000,25526,36.0
2641,CRS3035RES1000mN2024000E3148000,1774,57.0
2642,CRS3035RES1000mN2024000E3148000,1770,76.0
2643,CRS3035RES1000mN2024000E3148000,1773,76.0
2644,CRS3035RES1000mN2024000E3148000,1771,52.0
2645,CRS3035RES1000mN2024000E3148000,123303,58.0
2646,CRS3035RES1000mN2024000E3148000,1764,55.0
2647,CRS3035RES1000mN2024000E3148000,181101,75.0
2648,CRS3035RES1000mN2024000E3148000,5765642,45.0
2649,CRS3035RES1000mN2024000E3148000,86719,52.0
2650,CRS3035RES1000mN2024000E3148000,1800,72.0
2651,CRS3035RES1000mN2024000E3148000,1757,40.0
2652,CRS3035RES1000mN2024000E3148000,1755,51.0
2653,CRS3035RES1000mN2024000E3148000,1882,49.0
2654,CRS3035RES1000mN2024000E3148000,1745,70.0
2655,CRS3035RES1000mN2024000E3148000,1794,68.0
2656,CRS3035RES1000mN2024000E3148000,1762,60.0
2657,CRS3035RES1000mN2024000E3148000,51188,60.0
2658,CRS3035RES1000mN2024000E3148000,6893633,63.0
2659,CRS3035RES1000mN2024000E3148000,167128,73.0
2660,CRS3035RES1000mN2024000E3148000,1760,64.0
2661,CRS3035RES1000mN2024000E3148000,12773298,58.0
2662,CRS3035RES1000mN2024000E3148000,1754,66.0
2663,CRS3035RES1000mN2024000E3148000,1748,73.0
2664,CRS3035RES1000mN2024000E3148000,79941,76.0
2665,CRS3035RES1000mN2024000E3148000,1750,69.0
2666,CRS3035RES1000mN2024000E3148000,5975465,53.0
2667,CRS3035RES1000mN2024000E3148000,115056,75.0
2668,CRS3035RES1000mN2024000E3148000,1790,67.0
2669,CRS3035RES1000mN2024000E3148000,1756,49.0
2670,CRS3035RES1000mN2024000E3148000,51849,70.0
2671,CRS3035RES1000mN2024000E3148000,185595,63.0
2672,CRS3035RES1000mN2024000E3148000,7697128,46.0
2673,CRS3035RES1000mN2024000E3148000,10395362,73.0
2674,CRS3035RES1000mN2024000E3148000,1759,62.0
2675,CRS3035RES1000mN2024000E3148000,1752,67.0
2676,CRS3035RES1000mN2024000E3148000,186714,66.0
2677,CRS3035RES1000mN2024000E3148000,1753,67.0
2678,CRS3035RES1000mN2024000E3148000,1792,70.0
2679,CRS3035RES1000mN2024000E3148000,1763,53.0
2680,CRS3035RES1000mN2024000E3148000,1746,76.0
2681,CRS3035RES1000mN2024000E3148000,11572165,65.0
2682,CRS3035RES1000mN2024000E3148000,1761,62.0
2683,CRS3035RES1000mN2024000E3148000,1747,76.0
2684,CRS3035RES1000mN2024000E3148000,5768564,39.0
2685,CRS3035RES1000mN2024000E3148000,1798,48.0
2686,CRS3035RES1000mN2024000E3148000,66904,66.0
2687,CRS3035RES1000mN2024000E3148000,1777,54.0
2688,CRS3035RES1000mN2024000E3148000,1765,63.0
2689,CRS3035RES1000mN2024000E3148000,49416,71.0
2690,CRS3035RES1000mN2024000E3148000,12734939,71.0
2691,CRS3035RES1000mN2024000E3148000,167386167,56.0
2692,CRS3035RES1000mN2024000E3148000,295933804,65.0
2693,CRS3035RES1000mN2024000E3148000,303340017,59.0
2694,CRS3035RES1000mN2024000E3148000,315355551,60.0
2695,CRS3035RES1000mN2024000E3148000,339084977,55.0
2696,CRS3035RES1000mN2024000E3148000,412911553,58.0
2697,CRS3035RES1000mN2024000E3148000,558126037,54.0
2698,CRS3035RES1000mN2024000E3148000,711789768,55.0
2699,CRS3035RES1000mN2024000E3148000,727666062,97.0
2700,CRS3035RES1000mN2024000E3148000,848085869,44.0
2701,CRS3035RES1000mN2024000E3148000,1056098898,68.0
2702,CRS3035RES1000mN2024000E3148000,1255438242,109.0
2703,CRS3035RES1000mN2024000E3148000,1469985039,84.0
2704,CRS3035RES1000mN2024000E3148000,1504302537,98.0
2705,CRS3035RES1000mN2024000E3148000,1511617504,32.0
2706,CRS3035RES1000mN2024000E3148000,1541601287,80.0
2707,CRS3035RES1000mN2024000E3148000,1544591296,70.0
2708,CRS3035RES1000mN2024000E3148000,1598174183,83.0
2709,CRS3035RES1000mN2024000E3148000,1629887846,89.0
2710,CRS3035RES1000mN2024000E3148000,1686660176,78.0
2711,CRS3035RES1000mN2024000E3148000,1716927336,70.0
2712,CRS3035RES1000mN2024000E3148000,1734554324,92.0
2713,CRS3035RES1000mN2024000E3148000,1849109335,64.0
2714,CRS3035RES1000mN2024000E3148000,2028408680,52.0
2715,CRS3035RES1000mN2024000E3148000,2036887702,
2716,CRS3035RES1000mN2024000E3148000,2061404218,85.0
2717,CRS3035RES1000mN2024000E3148000,2134238030,94.0
2718,CRS3035RES1000mN2024000E3148000,2261600754,
2719,CRS3035RES1000mN2024000E3148000,2301402027,88.0
2720,CRS3035RES1000mN2024000E3148000,2303966810,56.0
2721,CRS3035RES1000mN2024000E3148000,2312029862,86.0
2722,CRS3035RES1000mN2024000E3148000,2408860250,84.0
2723,CRS3035RES1000mN2024000E3148000,2620185829,61.0
2724,CRS3035RES1000mN2024000E3148000,2622508931,58.0
2725,CRS3035RES1000mN2024000E3148000,2672130951,101.0
2726,CRS3035RES1000mN2024000E3148000,2710518818,88.0
2727,CRS3035RES1000mN2024000E3148000,3034026261,75.0
2728,CRS3035RES1000mN2024000E3148000,3179889751,103.0
2729,CRS3035RES1000mN2024000E3148000,3206611978,
2730,CRS3035RES1000mN2024000E3148000,3272828439,49.0
2731,CRS3035RES1000mN2024000E3148000,3452364276,81.0
2732,CRS3035RES1000mN2024000E3148000,3452364277,64.0
2733,CRS3035RES1000mN2024000E3148000,3495733197,
2734,CRS3035RES1000mN2024000E3148000,3497154853,
2735,CRS3035RES1000mN2024000E3148000,3517755445,
2736,CRS3035RES1000mN2024000E3148000,3522125657,
2737,CRS3035RES1000mN2024000E3148000,3526751794,88.0
2738,CRS3035RES1000mN2024000E3148000,3839306060,82.0
2739,CRS3035RES1000mN2024000E3148000,4214697664,43.0
2740,CRS3035RES1000mN2024000E3148000,4338252586,76.0
2741,CRS3035RES1000mN2024000E3148000,4401271633,
2742,CRS3035RES1000mN2024000E3148000,4515476768,78.0
2743,CRS3035RES1000mN2024000E3148000,4569910891,51.0
2744,CRS3035RES1000mN2024000E3148000,4703730491,59.0
2745,CRS3035RES1000mN2024000E3148000,4707870392,53.0
2746,CRS3035RES1000mN2024000E3148000,4789037769,86.0
2747,CRS3035RES1000mN2024000E3148000,4794233143,
2748,CRS3035RES1000mN2024000E3148000,4870405674,41.0
2749,CRS3035RES1000mN2024000E3148000,5139379922,71.0
2750,CRS3035RES1000mN2024000E3148000,5160337425,56.0
2751,CRS3035RES1000mN2024000E3148000,5196199575,65.0
2752,CRS3035RES1000mN2024000E3148000,5341570554,67.0
2753,CRS3035RES1000mN2024000E3148000,5345949864,85.0
2754,CRS3035RES1000mN2024000E3148000,5448507385,
2755,CRS3035RES1000mN2024000E3148000,5604693894,73.0
2756,CRS3035RES1000mN2024000E3148000,5670401989,95.0
2757,CRS3035RES1000mN2024000E3148000,5942671299,87.0
2758,CRS3035RES1000mN2024000E3148000,5943980960,41.0
2759,CRS3035RES1000mN2024000E3148000,6185791451,
2760,CRS3035RES1000mN2024000E3148000,6188948286,88.0
2761,CRS3035RES1000mN2024000E3148000,6555800191,25.0
2762,CRS3035RES1000mN2024000E3148000,6885254479,74.0
2763,CRS3035RES1000mN2024000E3148000,7222611268,
2764,CRS3035RES1000mN2024000E3148000,7408961006,118.0
2765,CRS3035RES1000mN2024000E3148000,7619964683,113.0
2766,CRS3035RES1000mN2024000E3148000,7836562695,89.0
2767,CRS3035RES1000mN2024000E3148000,8493729364,53.0
2768,CRS3035RES1000mN2024000E3148000,8557885377,75.0
2769,CRS3035RES1000mN2024000E3148000,8807212208,57.0
2770,CRS3035RES1000mN2024000E3148000,8844229173,62.0
2771,CRS3035RES1000mN2024000E3148000,8878422600,82.0
2772,CRS3035RES1000mN2024000E3148000,9595709188,66.0
2773,CRS3035RES1000mN2024000E3148000,9611387099,47.0
2774,CRS3035RES1000mN2024000E3148000,9712656915,52.0
2775,CRS3035RES1000mN2024000E3148000,9713142744,56.0
2776,CRS3035RES1000mN2024000E3148000,9815746657,
2777,CRS3035RES1000mN2024000E3148000,10004871512,86.0
2778,CRS3035RES1000mN2024000E3148000,10281174134,
2779,CRS3035RES1000mN2024000E3148000,10580337411,86.0
2780,CRS3035RES1000mN2024000E3148000,10899442604,41.0
2781,CRS3035RES1000mN2024000E3148000,10922657146,32.0
2782,CRS3035RES1000mN2024000E3148000,11127499928,75.0
2783,CRS3035RES1000mN2024000E3148000,11143725881,67.0
2784,CRS3035RES1000mN2024000E3148000,11243087140,78.0
2785,CRS3035RES1000mN2024000E3148000,11269399969,66.0
2786,CRS3035RES1000mN2024000E3148000,11287269362,90.0
2787,CRS3035RES1000mN2024000E3148000,11287269363,93.0
2788,CRS3035RES1000mN2024000E3148000,11369705764,93.0
2789,CRS3035RES1000mN2024000E3148000,11387776374,81.0
2790,CRS3035RES1000mN2024000E3148000,11461799040,
2791,CRS3035RES1000mN2024000E3148000,11462802981,66.0
2792,CRS3035RES1000mN2024000E3148000,11652077658,69.0
2793,CRS3035RES1000mN2024000E3148000,11691390164,57.0
2794,CRS3035RES1000mN2024000E3148000,11739757462,51.0
2795,CRS3035RES1000mN2024000E3148000,12178446726,48.0
2796,CRS3035RES1000mN2024000E3148000,12407425114,74.0
2797,CRS3035RES1000mN2024000E3148000,12865480228,83.0
2798,CRS3035RES1000mN2024000E3148000,2960630,33.0
2799,CRS3035RES1000mN2024000E3148000,3554044,40.0
2800,CRS3035RES1000mN2024000E3148000,3557906,48.0
2801,CRS3035RES1000mN2024000E3148000,5231361,61.0
2802,CRS3035RES1000mN2024000E3148000,9314566,101.0
2803,CRS3035RES1000mN2024000E3148000,13696257,85.0
2804,CRS3035RES1000mN2024000E3148000,15996131,58.0
2805,CRS3035RES1000mN2024000E3148000,23526191,70.0
2806,CRS3035RES1000mN2024000E3148000,23545719,73.0
2807,CRS3035RES1000mN2024000E3148000,30599279,29.0
2808,CRS3035RES1000mN2024000E3148000,30649229,57.0
2809,CRS3035RES1000mN2024000E3148000,32198651,
2810,CRS3035RES1000mN2024000E3148000,34945111,48.0
2811,CRS3035RES1000mN2024000E3148000,50170625,95.0
2812,CRS3035RES1000mN2024000E3148000,82887228,88.0
2813,CRS3035RES1000mN2024000E3148000,92484952,89.0
2814,CRS3035RES1000mN2024000E3148000,95794713,80.0
2815,CRS3035RES1000mN2024000E3148000,96418670,45.0
2816,CRS3035RES1000mN2024000E3148000,98502686,61.0
2817,CRS3035RES1000mN2024000E3148000,132613257,80.0
2818,CRS3035RES1000mN2024000E3148000,135036040,85.0
2819,CRS3035RES1000mN2024000E3148000,150772489,62.0
2820,CRS3035RES1000mN2024000E3148000,154118456,84.0
2821,CRS3035RES1000mN2024000E3148000,157375776,72.0
2822,CRS3035RES1000mN2024000E3148000,158211204,28.0
2823,CRS3035RES1000mN2024000E3148000,162072415,33.0
2824,CRS3035RES1000mN2024000E3148000,162117720,76.0
2825,CRS3035RES1000mN2024000E3148000,170487273,117.0
2826,CRS3035RES1000mN2024000E3148000,172686062,27.0
2827,CRS3035RES1000mN2024000E3148000,174318235,44.0
2828,CRS3035RES1000mN2024000E3148000,174318237,39.0
2829,CRS3035RES1000mN2024000E3148000,205060159,106.0
2830,CRS3035RES1000mN2024000E3148000,205757163,
2831,CRS3035RES1000mN2024000E3148000,221095520,87.0
2832,CRS3035RES1000mN2024000E3148000,224503374,61.0
2833,CRS3035RES1000mN2024000E3148000,227333462,59.0
2834,CRS3035RES1000mN2024000E3148000,229117454,66.0
2835,CRS3035RES1000mN2024000E3148000,261460389,
2836,CRS3035RES1000mN2024000E3148000,283450022,46.0
2837,CRS3035RES1000mN2024000E3148000,288994040,47.0
2838,CRS3035RES1000mN2024000E3148000,296744564,110.0
2839,CRS3035RES1000mN2024000E3148000,297526406,75.0
2840,CRS3035RES1000mN2024000E3148000,300709861,61.0
2841,CRS3035RES1000mN2024000E3148000,301444634,84.0
2842,CRS3035RES1000mN2024000E3148000,302721609,76.0
2843,CRS3035RES1000mN2024000E3148000,308195630,81.0
2844,CRS3035RES1000mN2024000E3148000,312777902,47.0
2845,CRS3035RES1000mN2024000E3148000,330154630,
2846,CRS3035RES1000mN2024000E3148000,340205456,63.0
2847,CRS3035RES1000mN2024000E3148000,367883612,86.0
2848,CRS3035RES1000mN2024000E3148000,368211943,82.0
2849,CRS3035RES1000mN2024000E3148000,374180360,89.0
2850,CRS3035RES1000mN2024000E3148000,375369499,78.0
2851,CRS3035RES1000mN2024000E3148000,383494544,65.0
2852,CRS3035RES1000mN2024000E3148000,384574591,51.0
2853,CRS3035RES1000mN2024000E3148000,403538322,113.0
2854,CRS3035RES1000mN2024000E3148000,403859503,59.0
2855,CRS3035RES1000mN2024000E3148000,437050442,70.0
2856,CRS3035RES1000mN2024000E3148000,459881697,60.0
2857,CRS3035RES1000mN2024000E3148000,477278425,
2858,CRS3035RES1000mN2024000E3148000,486879235,
2859,CRS3035RES1000mN2024000E3148000,493748377,40.0
2860,CRS3035RES1000mN2024000E3148000,498234201,70.0
2861,CRS3035RES1000mN2024000E3148000,504315026,84.0
2862,CRS3035RES1000mN2024000E3148000,548701490,88.0
2863,CRS3035RES1000mN2024000E3148000,574210084,64.0
2864,CRS3035RES1000mN2024000E3148000,576094143,38.0
2865,CRS3035RES1000mN2024000E3148000,584409067,104.0
2866,CRS3035RES1000mN2024000E3148000,635512756,72.0
2867,CRS3035RES1000mN2024000E3148000,638492224,110.0
2868,CRS3035RES1000mN2024000E3148000,653913062,75.0
2869,CRS3035RES1000mN2024000E3148000,659866770,77.0
2870,CRS3035RES1000mN2024000E3148000,697717972,23.0
2871,CRS3035RES1000mN2024000E3148000,717194862,102.0
2872,CRS3035RES1000mN2024000E3148000,736899303,107.0
2873,CRS3035RES1000mN2024000E3148000,738042217,76.0
2874,CRS3035RES1000mN2024000E3148000,839611983,114.0
2875,CRS3035RES1000mN2024000E3148000,957893520,56.0
2876,CRS3035RES1000mN2024000E3148000,963308110,83.0
2877,CRS3035RES1000mN2024000E3148000,1073283182,73.0
2878,CRS3035RES1000mN2024000E3148000,1252864015,83.0
2879,CRS3035RES1000mN2024000E3148000,1283203658,94.0
2880,CRS3035RES1000mN2024000E3149000,25526,37.0
2881,CRS3035RES1000mN2024000E3149000,1774,58.0
2882,CRS3035RES1000mN2024000E3149000,1770,74.0
2883,CRS3035RES1000mN2024000E3149000,1773,76.0
2884,CRS3035RES1000mN2024000E3149000,1771,50.0
2885,CRS3035RES1000mN2024000E3149000,123303,58.0
2886,CRS3035RES1000mN2024000E3149000,1764,53.0
2887,CRS3035RES1000mN2024000E3149000,181101,76.0
2888,CRS3035RES1000mN2024000E3149000,5765642,45.0
2889,CRS3035RES1000mN2024000E3149000,86719,56.0
2890,CRS3035RES1000mN2024000E3149000,1800,73.0
2891,CRS3035RES1000mN2024000E3149000,1757,38.0
2892,CRS3035RES1000mN2024000E3149000,1755,52.0
2893,CRS3035RES1000mN2024000E3149000,1882,47.0
2894,CRS3035RES1000mN2024000E3149000,1745,69.0
2895,CRS3035RES1000mN2024000E3149000,1794,66.0
2896,CRS3035RES1000mN2024000E3149000,1762,58.0
2897,CRS3035RES1000mN2024000E3149000,51188,57.0
2898,CRS3035RES1000mN2024000E3149000,6893633,62.0
2899,CRS3035RES1000mN2024000E3149000,167128,73.0
2900,CRS3035RES1000mN2024000E3149000,1760,62.0
2901,CRS3035RES1000mN2024000E3149000,12773298,60.0
2902,CRS3035RES1000mN2024000E3149000,1754,67.0
2903,CRS3035RES1000mN2024000E3149000,1748,74.0
2904,CRS3035RES1000mN2024000E3149000,79941,70.0
2905,CRS3035RES1000mN2024000E3149000,1750,67.0
2906,CRS3035RES1000mN2024000E3149000,5975465,52.0
2907,CRS3035RES1000mN2024000E3149000,115056,72.0
2908,CRS3035RES1000mN2024000E3149000,1790,65.0
2909,CRS3035RES1000mN2024000E3149000,1756,50.0
2910,CRS3035RES1000mN2024000E3149000,51849,68.0
2911,CRS3035RES1000mN2024000E3149000,185595,61.0
2912,CRS3035RES1000mN2024000E3149000,7697128,43.0
2913,CRS3035RES1000mN2024000E3149000,10395362,71.0
2914,CRS3035RES1000mN2024000E3149000,1759,60.0
2915,CRS3035RES1000mN2024000E3149000,1752,67.0
2916,CRS3035RES1000mN2024000E3149000,186714,63.0
2917,CRS3035RES1000mN2024000E3149000,1753,67.0
2918,CRS3035RES1000mN2024000E3149000,1792,70.0
2919,CRS3035RES1000mN2024000E3149000,1763,54.0
2920,CRS3035RES1000mN2024000E3149000,1746,74.0
2921,CRS3035RES1000mN2024000E3149000,11572165,66.0
2922,CRS3035RES1000mN2024000E3149000,1761,62.0
2923,CRS3035RES1000mN2024000E3149000,1747,77.0
2924,CRS3035RES1000mN2024000E3149000,5768564,37.0
2925,CRS3035RES1000mN2024000E3149000,1798,48.0
2926,CRS3035RES1000mN2024000E3149000,66904,63.0
2927,CRS3035RES1000mN2024000E3149000,1777,52.0
2928,CRS3035RES1000mN2024000E3149000,1765,61.0
2929,CRS3035RES1000mN2024000E3149000,49416,72.0
2930,CRS3035RES1000mN2024000E3149000,12734939,72.0
2931,CRS3035RES1000mN2024000E3149000,167386167,53.0
2932,CRS3035RES1000mN2024000E3149000,295933804,63.0
2933,CRS3035RES1000mN2024000E3149000,303340017,58.0
2934,CRS3035RES1000mN2024000E3149000,315355551,59.0
2935,CRS3035RES1000mN2024000E3149000,339084977,56.0
2936,CRS3035RES1000mN2024000E3149000,412911553,56.0
2937,CRS3035RES1000mN2024000E3149000,558126037,50.0
2938,CRS3035RES1000mN2024000E3149000,711789768,68.0
2939,CRS3035RES1000mN2024000E3149000,727666062,102.0
2940,CRS3035RES1000mN2024000E3149000,848085869,47.0
2941,CRS3035RES1000mN2024000E3149000,1056098898,66.0
2942,CRS3035RES1000mN2024000E3149000,1255438242,106.0
2943,CRS3035RES1000mN2024000E3149000,1469985039,85.0
2944,CRS3035RES1000mN2024000E3149000,1504302537,
2945,CRS3035RES1000mN2024000E3149000,1511617504,44.0
2946,CRS3035RES1000mN2024000E3149000,1541601287,79.0
2947,CRS3035RES1000mN2024000E3149000,1544591296,68.0
2948,CRS3035RES1000mN2024000E3149000,1598174183,82.0
2949,CRS3035RES1000mN2024000E3149000,1629887846,87.0
2950,CRS3035RES1000mN2024000E3149000,1686660176,76.0
2951,CRS3035RES1000mN2024000E3149000,1716927336,70.0
2952,CRS3035RES1000mN2024000E3149000,1734554324,92.0
2953,CRS3035RES1000mN2024000E3149000,1849109335,63.0
2954,CRS3035RES1000mN2024000E3149000,2028408680,59.0
2955,CRS3035RES1000mN2024000E3149000,2036887702,
2956,CRS3035RES1000mN2024000E3149000,2061404218,83.0
2957,CRS3035RES1000mN2024000E3149000,2134238030,94.0
2958,CRS3035RES1000mN2024000E3149000,2261600754,
2959,CRS3035RES1000mN2024000E3149000,2301402027,88.0
2960,CRS3035RES1000mN2024000E3149000,2303966810,72.0
2961,CRS3035RES1000mN2024000E3149000,2312029862,84.0
2962,CRS3035RES1000mN2024000E3149000,2408860250,82.0
2963,CRS3035RES1000mN2024000E3149000,2620185829,59.0
2964,CRS3035RES1000mN2024000E3149000,2622508931,56.0
2965,CRS3035RES1000mN2024000E3149000,2672130951,102.0
2966,CRS3035RES1000mN2024000E3149000,2710518818,99.0
2967,CRS3035RES1000mN2024000E3149000,3034026261,89.0
2968,CRS3035RES1000mN2024000E3149000,3179889751,102.0
2969,CRS3035RES1000mN2024000E3149000,3206611978,
2970,CRS3035RES1000mN2024000E3149000,3272828439,57.0
2971,CRS3035RES1000mN2024000E3149000,3452364276,79.0
2972,CRS3035RES1000mN2024000E3149000,3452364277,61.0
2973,CRS3035RES1000mN2024000E3149000,3495733197,
2974,CRS3035RES1000mN2024000E3149000,3497154853,
2975,CRS3035RES1000mN2024000E3149000,3517755445,
2976,CRS3035RES1000mN2024000E3149000,3522125657,
2977,CRS3035RES1000mN2024000E3149000,3526751794,88.0
2978,CRS3035RES1000mN2024000E3149000,3839306060,80.0
2979,CRS3035RES1000mN2024000E3149000,4214697664,42.0
2980,CRS3035RES1000mN2024000E3149000,4338252586,76.0
2981,CRS3035RES1000mN2024000E3149000,4401271633,
2982,CRS3035RES1000mN2024000E3149000,4515476768,78.0
2983,CRS3035RES1000mN2024000E3149000,4569910891,49.0
2984,CRS3035RES1000mN2024000E3149000,4703730491,55.0
2985,CRS3035RES1000mN2024000E3149000,4707870392,50.0
2986,CRS3035RES1000mN2024000E3149000,4789037769,86.0
2987,CRS3035RES1000mN2024000E3149000,4794233143,119.0
2988,CRS3035RES1000mN2024000E3149000,4870405674,40.0
2989,CRS3035RES1000mN2024000E3149000,5139379922,68.0
2990,CRS3035RES1000mN2024000E3149000,5160337425,55.0
2991,CRS3035RES1000mN2024000E3149000,5196199575,56.0
2992,CRS3035RES1000mN2024000E3149000,5341570554,66.0
2993,CRS3035RES1000mN2024000E3149000,5345949864,102.0
2994,CRS3035RES1000mN2024000E3149000,5448507385,
2995,CRS3035RES1000mN2024000E3149000,5604693894,73.0
2996,CRS3035RES1000mN2024000E3149000,5670401989,93.0
2997,CRS3035RES1000mN2024000E3149000,5942671299,93.0
2998,CRS3035RES1000mN2024000E3149000,5943980960,46.0
2999,CRS3035RES1000mN2024000E3149000,6185791451,
3000,CRS3035RES1000mN2024000E3149000,6188948286,89.0
3001,CRS3035RES1000mN2024000E3149000,6555800191,36.0
3002,CRS3035RES1000mN2024000E3149000,6885254479,70.0
3003,CRS3035RES1000mN2024000E3149000,7222611268,
3004,CRS3035RES1000mN2024000E3149000,7408961006,
3005,CRS3035RES1000mN2024000E3149000,7619964683,113.0
3006,CRS3035RES1000mN2024000E3149000,7836562695,89.0
3007,CRS3035RES1000mN2024000E3149000,8493729364,52.0
3008,CRS3035RES1000mN2024000E3149000,8557885377,74.0
3009,CRS3035RES1000mN2024000E3149000,8807212208,53.0
3010,CRS3035RES1000mN2024000E3149000,8844229173,60.0
3011,CRS3035RES1000mN2024000E3149000,8878422600,81.0
3012,CRS3035RES1000mN2024000E3149000,9595709188,63.0
3013,CRS3035RES1000mN2024000E3149000,9611387099,48.0
3014,CRS3035RES1000mN2024000E3149000,9712656915,50.0
3015,CRS3035RES1000mN2024000E3149000,9713142744,54.0
3016,CRS3035RES1000mN2024000E3149000,9815746657,
3017,CRS3035RES1000mN2024000E3149000,10004871512,85.0
3018,CRS3035RES1000mN2024000E3149000,10281174134,
3019,CRS3035RES1000mN2024000E3149000,10580337411,84.0
3020,CRS3035RES1000mN2024000E3149000,10899442604,51.0
3021,CRS3035RES1000mN2024000E3149000,10922657146,42.0
3022,CRS3035RES1000mN2024000E3149000,11127499928,72.0
3023,CRS3035RES1000mN2024000E3149000,11143725881,66.0
3024,CRS3035RES1000mN2024000E3149000,11243087140,75.0
3025,CRS3035RES1000mN2024000E3149000,11269399969,64.0
3026,CRS3035RES1000mN2024000E3149000,11287269362,88.0
3027,CRS3035RES1000mN2024000E3149000,11287269363,92.0
3028,CRS3035RES1000mN2024000E3149000,11369705764,92.0
3029,CRS3035RES1000mN2024000E3149000,11387776374,81.0
3030,CRS3035RES1000mN2024000E3149000,11461799040,
3031,CRS3035RES1000mN2024000E3149000,11462802981,67.0
3032,CRS3035RES1000mN2024000E3149000,11652077658,68.0
3033,CRS3035RES1000mN2024000E3149000,11691390164,55.0
3034,CRS3035RES1000mN2024000E3149000,11739757462,53.0
3035,CRS3035RES1000mN2024000E3149000,12178446726,49.0
3036,CRS3035RES1000mN2024000E3149000,12407425114,73.0
3037,CRS3035RES1000mN2024000E3149000,12865480228,81.0
3038,CRS3035RES1000mN2024000E3149000,2960630,43.0
3039,CRS3035RES1000mN2024000E3149000,3554044,46.0
3040,CRS3035RES1000mN2024000E3149000,3557906,50.0
3041,CRS3035RES1000mN2024000E3149000,5231361,59.0
3042,CRS3035RES1000mN2024000E3149000,9314566,100.0
3043,CRS3035RES1000mN2024000E3149000,13696257,81.0
3044,CRS3035RES1000mN2024000E3149000,15996131,55.0
3045,CRS3035RES1000mN2024000E3149000,23526191,68.0
3046,CRS3035RES1000mN2024000E3149000,23545719,71.0
3047,CRS3035RES1000mN2024000E3149000,30599279,31.0
3048,CRS3035RES1000mN2024000E3149000,30649229,55.0
3049,CRS3035RES1000mN2024000E3149000,32198651,
3050,CRS3035RES1000mN2024000E3149000,34945111,53.0
3051,CRS3035RES1000mN2024000E3149000,50170625,94.0
3052,CRS3035RES1000mN2024000E3149000,82887228,80.0
3053,CRS3035RES1000mN2024000E3149000,92484952,87.0
3054,CRS3035RES1000mN2024000E3149000,95794713,81.0
3055,CRS3035RES1000mN2024000E3149000,96418670,56.0
3056,CRS3035RES1000mN2024000E3149000,98502686,60.0
3057,CRS3035RES1000mN2024000E3149000,132613257,81.0
3058,CRS3035RES1000mN2024000E3149000,135036040,83.0
3059,CRS3035RES1000mN2024000E3149000,150772489,60.0
3060,CRS3035RES1000mN2024000E3149000,154118456,84.0
3061,CRS3035RES1000mN2024000E3149000,157375776,69.0
3062,CRS3035RES1000mN2024000E3149000,158211204,35.0
3063,CRS3035RES1000mN2024000E3149000,162072415,35.0
3064,CRS3035RES1000mN2024000E3149000,162117720,76.0
3065,CRS3035RES1000mN2024000E3149000,170487273,116.0
3066,CRS3035RES1000mN2024000E3149000,172686062,35.0
3067,CRS3035RES1000mN2024000E3149000,174318235,49.0
3068,CRS3035RES1000mN2024000E3149000,174318237,49.0
3069,CRS3035RES1000mN2024000E3149000,205060159,103.0
3070,CRS3035RES1000mN2024000E3149000,205757163,
3071,CRS3035RES1000mN2024000E3149000,221095520,86.0
3072,CRS3035RES1000mN2024000E3149000,224503374,59.0
3073,CRS3035RES1000mN2024000E3149000,227333462,58.0
3074,CRS3035RES1000mN2024000E3149000,229117454,65.0
3075,CRS3035RES1000mN2024000E3149000,261460389,
3076,CRS3035RES1000mN2024000E3149000,283450022,44.0
3077,CRS3035RES1000mN2024000E3149000,288994040,48.0
3078,CRS3035RES1000mN2024000E3149000,296744564,102.0
3079,CRS3035RES1000mN2024000E3149000,297526406,73.0
3080,CRS3035RES1000mN2024000E3149000,300709861,62.0
3081,CRS3035RES1000mN2024000E3149000,301444634,84.0
3082,CRS3035RES1000mN2024000E3149000,302721609,76.0
3083,CRS3035RES1000mN2024000E3149000,308195630,80.0
3084,CRS3035RES1000mN2024000E3149000,312777902,48.0
3085,CRS3035RES1000mN2024000E3149000,330154630,
3086,CRS3035RES1000mN2024000E3149000,340205456,61.0
3087,CRS3035RES1000mN2024000E3149000,367883612,78.0
3088,CRS3035RES1000mN2024000E3149000,368211943,79.0
3089,CRS3035RES1000mN2024000E3149000,374180360,87.0
3090,CRS3035RES1000mN2024000E3149000,375369499,78.0
3091,CRS3035RES1000mN2024000E3149000,383494544,62.0
3092,CRS3035RES1000mN2024000E3149000,384574591,55.0
3093,CRS3035RES1000mN2024000E3149000,403538322,111.0
3094,CRS3035RES1000mN2024000E3149000,403859503,57.0
3095,CRS3035RES1000mN2024000E3149000,437050442,73.0
3096,CRS3035RES1000mN2024000E3149000,459881697,59.0
3097,CRS3035RES1000mN2024000E3149000,477278425,
3098,CRS3035RES1000mN2024000E3149000,486879235,
3099,CRS3035RES1000mN2024000E3149000,493748377,42.0
3100,CRS3035RES1000mN2024000E3149000,498234201,72.0
3101,CRS3035RES1000mN2024000E3149000,504315026,82.0
3102,CRS3035RES1000mN2024000E3149000,548701490,91.0
3103,CRS3035RES1000mN2024000E3149000,574210084,63.0
3104,CRS3035RES1000mN2024000E3149000,576094143,39.0
3105,CRS3035RES1000mN2024000E3149000,584409067,104.0
3106,CRS3035RES1000mN2024000E3149000,635512756,68.0
3107,CRS3035RES1000mN2024000E3149000,638492224,110.0
3108,CRS3035RES1000mN2024000E3149000,653913062,72.0
3109,CRS3035RES1000mN2024000E3149000,659866770,75.0
3110,CRS3035RES1000mN2024000E3149000,697717972,34.0
3111,CRS3035RES1000mN2024000E3149000,717194862,102.0
3112,CRS3035RES1000mN2024000E3149000,736899303,107.0
3113,CRS3035RES1000mN2024000E3149000,738042217,76.0
3114,CRS3035RES1000mN2024000E3149000,839611983,114.0
3115,CRS3035RES1000mN2024000E3149000,957893520,55.0
3116,CRS3035RES1000mN2024000E3149000,963308110,83.0
3117,CRS3035RES1000mN2024000E3149000,1073283182,73.0
3118,CRS3035RES1000mN2024000E3149000,1252864015,82.0
3119,CRS3035RES1000mN2024000E3149000,1283203658,94.0
3120,CRS3035RES1000mN2025000E3144000,25526,54.0
3121,CRS3035RES1000mN2025000E3144000,1774,76.0
3122,CRS3035RES1000mN2025000E3144000,1770,92.0
3123,CRS3035RES1000mN2025000E3144000,1773,95.0
3124,CRS3035RES1000mN2025000E3144000,1771,68.0
3125,CRS3035RES1000mN2025000E3144000,123303,75.0
3126,CRS3035RES1000mN2025000E3144000,1764,71.0
3127,CRS3035RES1000mN2025000E3144000,181101,95.0
3128,CRS3035RES1000mN2025000E3144000,5765642,61.0
3129,CRS3035RES1000mN2025000E3144000,86719,81.0
3130,CRS3035RES1000mN2025000E3144000,1800,91.0
3131,CRS3035RES1000mN2025000E3144000,1757,56.0
3132,CRS3035RES1000mN2025000E3144000,1755,70.0
3133,CRS3035RES1000mN2025000E3144000,1882,65.0
3134,CRS3035RES1000mN2025000E3144000,1745,85.0
3135,CRS3035RES1000mN2025000E3144000,1794,84.0
3136,CRS3035RES1000mN2025000E3144000,1762,76.0
3137,CRS3035RES1000mN2025000E3144000,51188,75.0
3138,CRS3035RES1000mN2025000E3144000,6893633,80.0
3139,CRS3035RES1000mN2025000E3144000,167128,92.0
3140,CRS3035RES1000mN2025000E3144000,1760,79.0
3141,CRS3035RES1000mN2025000E3144000,12773298,84.0
3142,CRS3035RES1000mN2025000E3144000,1754,85.0
3143,CRS3035RES1000mN2025000E3144000,1748,91.0
3144,CRS3035RES1000mN2025000E3144000,79941,91.0
3145,CRS3035RES1000mN2025000E3144000,1750,84.0
3146,CRS3035RES1000mN2025000E3144000,5975465,71.0
3147,CRS3035RES1000mN2025000E3144000,115056,90.0
3148,CRS3035RES1000mN2025000E3144000,1790,83.0
3149,CRS3035RES1000mN2025000E3144000,1756,66.0
3150,CRS3035RES1000mN2025000E3144000,51849,85.0
3151,CRS3035RES1000mN2025000E3144000,185595,80.0
3152,CRS3035RES1000mN2025000E3144000,7697128,62.0
3153,CRS3035RES1000mN2025000E3144000,10395362,94.0
3154,CRS3035RES1000mN2025000E3144000,1759,78.0
3155,CRS3035RES1000mN2025000E3144000,1752,85.0
3156,CRS3035RES1000mN2025000E3144000,186714,81.0
3157,CRS3035RES1000mN2025000E3144000,1753,85.0
3158,CRS3035RES1000mN2025000E3144000,1792,87.0
3159,CRS3035RES1000mN2025000E3144000,1763,72.0
3160,CRS3035RES1000mN2025000E3144000,1746,92.0
3161,CRS3035RES1000mN2025000E3144000,11572165,80.0
3162,CRS3035RES1000mN2025000E3144000,1761,80.0
3163,CRS3035RES1000mN2025000E3144000,1747,95.0
3164,CRS3035RES1000mN2025000E3144000,5768564,56.0
3165,CRS3035RES1000mN2025000E3144000,1798,67.0
3166,CRS3035RES1000mN2025000E3144000,66904,83.0
3167,CRS3035RES1000mN2025000E3144000,1777,70.0
3168,CRS3035RES1000mN2025000E3144000,1765,79.0
3169,CRS3035RES1000mN2025000E3144000,49416,89.0
3170,CRS3035RES1000mN2025000E3144000,12734939,89.0
3171,CRS3035RES1000mN2025000E3144000,167386167,71.0
3172,CRS3035RES1000mN2025000E3144000,295933804,77.0
3173,CRS3035RES1000mN2025000E3144000,303340017,76.0
3174,CRS3035RES1000mN2025000E3144000,315355551,77.0
3175,CRS3035RES1000mN2025000E3144000,339084977,75.0
3176,CRS3035RES1000mN2025000E3144000,412911553,74.0
3177,CRS3035RES1000mN2025000E3144000,558126037,71.0
3178,CRS3035RES1000mN2025000E3144000,711789768,84.0
3179,CRS3035RES1000mN2025000E3144000,727666062,94.0
3180,CRS3035RES1000mN2025000E3144000,848085869,69.0
3181,CRS3035RES1000mN2025000E3144000,1056098898,84.0
3182,CRS3035RES1000mN2025000E3144000,1255438242,
3183,CRS3035RES1000mN2025000E3144000,1469985039,102.0
3184,CRS3035RES1000mN2025000E3144000,1504302537,
3185,CRS3035RES1000mN2025000E3144000,1511617504,49.0
3186,CRS3035RES1000mN2025000E3144000,1541601287,99.0
3187,CRS3035RES1000mN2025000E3144000,1544591296,85.0
3188,CRS3035RES1000mN2025000E3144000,1598174183,94.0
3189,CRS3035RES1000mN2025000E3144000,1629887846,98.0
3190,CRS3035RES1000mN2025000E3144000,1686660176,94.0
3191,CRS3035RES1000mN2025000E3144000,1716927336,96.0
3192,CRS3035RES1000mN2025000E3144000,1734554324,96.0
3193,CRS3035RES1000mN2025000E3144000,1849109335,81.0
3194,CRS3035RES1000mN2025000E3144000,2028408680,63.0
3195,CRS3035RES1000mN2025000E3144000,2036887702,
3196,CRS3035RES1000mN2025000E3144000,2061404218,90.0
3197,CRS3035RES1000mN2025000E3144000,2134238030,98.0
3198,CRS3035RES1000mN2025000E3144000,2261600754,
3199,CRS3035RES1000mN2025000E3144000,2301402027,104.0
3200,CRS3035RES1000mN2025000E3144000,2303966810,81.0
3201,CRS3035RES1000mN2025000E3144000,2312029862,97.0
3202,CRS3035RES1000mN2025000E3144000,2408860250,106.0
3203,CRS3035RES1000mN2025000E3144000,2620185829,78.0
3204,CRS3035RES1000mN2025000E3144000,2622508931,74.0
3205,CRS3035RES1000mN2025000E3144000,2672130951,
3206,CRS3035RES1000mN2025000E3144000,2710518818,112.0
3207,CRS3035RES1000mN2025000E3144000,3034026261,90.0
3208,CRS3035RES1000mN2025000E3144000,3179889751,
3209,CRS3035RES1000mN2025000E3144000,3206611978,
3210,CRS3035RES1000mN2025000E3144000,3272828439,75.0
3211,CRS3035RES1000mN2025000E3144000,3452364276,97.0
3212,CRS3035RES1000mN2025000E3144000,3452364277,79.0
3213,CRS3035RES1000mN2025000E3144000,3495733197,
3214,CRS3035RES1000mN2025000E3144000,3497154853,
3215,CRS3035RES1000mN2025000E3144000,3517755445,
3216,CRS3035RES1000mN2025000E3144000,3522125657,
3217,CRS3035RES1000mN2025000E3144000,3526751794,
3218,CRS3035RES1000mN2025000E3144000,3839306060,95.0
3219,CRS3035RES1000mN2025000E3144000,4214697664,61.0
3220,CRS3035RES1000mN2025000E3144000,4338252586,
3221,CRS3035RES1000mN2025000E3144000,4401271633,
3222,CRS3035RES1000mN2025000E3144000,4515476768,
3223,CRS3035RES1000mN2025000E3144000,4569910891,67.0
3224,CRS3035RES1000mN2025000E3144000,4703730491,76.0
3225,CRS3035RES1000mN2025000E3144000,4707870392,71.0
3226,CRS3035RES1000mN2025000E3144000,4789037769,116.0
3227,CRS3035RES1000mN2025000E3144000,4794233143,
3228,CRS3035RES1000mN2025000E3144000,4870405674,58.0
3229,CRS3035RES1000mN2025000E3144000,5139379922,83.0
3230,CRS3035RES1000mN2025000E3144000,5160337425,73.0
3231,CRS3035RES1000mN2025000E3144000,5196199575,79.0
3232,CRS3035RES1000mN2025000E3144000,5341570554,85.0
3233,CRS3035RES1000mN2025000E3144000,5345949864,110.0
3234,CRS3035RES1000mN2025000E3144000,5448507385,
3235,CRS3035RES1000mN2025000E3144000,5604693894,
3236,CRS3035RES1000mN2025000E3144000,5670401989,
3237,CRS3035RES1000mN2025000E3144000,5942671299,114.0
3238,CRS3035RES1000mN2025000E3144000,5943980960,38.0
3239,CRS3035RES1000mN2025000E3144000,6185791451,
3240,CRS3035RES1000mN2025000E3144000,6188948286,106.0
3241,CRS3035RES1000mN2025000E3144000,6555800191,52.0
3242,CRS3035RES1000mN2025000E3144000,6885254479,87.0
3243,CRS3035RES1000mN2025000E3144000,7222611268,
3244,CRS3035RES1000mN2025000E3144000,7408961006,
3245,CRS3035RES1000mN2025000E3144000,7619964683,
3246,CRS3035RES1000mN2025000E3144000,7836562695,113.0
3247,CRS3035RES1000mN2025000E3144000,8493729364,71.0
3248,CRS3035RES1000mN2025000E3144000,8557885377,107.0
3249,CRS3035RES1000mN2025000E3144000,8807212208,72.0
3250,CRS3035RES1000mN2025000E3144000,8844229173,77.0
3251,CRS3035RES1000mN2025000E3144000,8878422600,97.0
3252,CRS3035RES1000mN2025000E3144000,9595709188,80.0
3253,CRS3035RES1000mN2025000E3144000,9611387099,66.0
3254,CRS3035RES1000mN2025000E3144000,9712656915,68.0
3255,CRS3035RES1000mN2025000E3144000,9713142744,72.0
3256,CRS3035RES1000mN2025000E3144000,9815746657,
3257,CRS3035RES1000mN2025000E3144000,10004871512,97.0
3258,CRS3035RES1000mN2025000E3144000,10281174134,
3259,CRS3035RES1000mN2025000E3144000,10580337411,99.0
3260,CRS3035RES1000mN2025000E3144000,10899442604,68.0
3261,CRS3035RES1000mN2025000E3144000,10922657146,59.0
3262,CRS3035RES1000mN2025000E3144000,11127499928,99.0
3263,CRS3035RES1000mN2025000E3144000,11143725881,85.0
3264,CRS3035RES1000mN2025000E3144000,11243087140,95.0
3265,CRS3035RES1000mN2025000E3144000,11269399969,83.0
3266,CRS3035RES1000mN2025000E3144000,11287269362,95.0
3267,CRS3035RES1000mN2025000E3144000,11287269363,114.0
3268,CRS3035RES1000mN2025000E3144000,11369705764,106.0
3269,CRS3035RES1000mN2025000E3144000,11387776374,100.0
3270,CRS3035RES1000mN2025000E3144000,11461799040,
3271,CRS3035RES1000mN2025000E3144000,11462802981,84.0
3272,CRS3035RES1000mN2025000E3144000,11652077658,86.0
3273,CRS3035RES1000mN2025000E3144000,11691390164,74.0
3274,CRS3035RES1000mN2025000E3144000,11739757462,80.0
3275,CRS3035RES1000mN2025000E3144000,12178446726,67.0
3276,CRS3035RES1000mN2025000E3144000,12407425114,79.0
3277,CRS3035RES1000mN2025000E3144000,12865480228,96.0
3278,CRS3035RES1000mN2025000E3144000,2960630,47.0
3279,CRS3035RES1000mN2025000E3144000,3554044,62.0
3280,CRS3035RES1000mN2025000E3144000,3557906,77.0
3281,CRS3035RES1000mN2025000E3144000,5231361,78.0
3282,CRS3035RES1000mN2025000E3144000,9314566,
3283,CRS3035RES1000mN2025000E3144000,13696257,104.0
3284,CRS3035RES1000mN2025000E3144000,15996131,74.0
3285,CRS3035RES1000mN2025000E3144000,23526191,86.0
3286,CRS3035RES1000mN2025000E3144000,23545719,88.0
3287,CRS3035RES1000mN2025000E3144000,30599279,58.0
3288,CRS3035RES1000mN2025000E3144000,30649229,74.0
3289,CRS3035RES1000mN2025000E3144000,32198651,
3290,CRS3035RES1000mN2025000E3144000,34945111,76.0
3291,CRS3035RES1000mN2025000E3144000,50170625,
3292,CRS3035RES1000mN2025000E3144000,82887228,98.0
3293,CRS3035RES1000mN2025000E3144000,92484952,95.0
3294,CRS3035RES1000mN2025000E3144000,95794713,99.0
3295,CRS3035RES1000mN2025000E3144000,96418670,72.0
3296,CRS3035RES1000mN2025000E3144000,98502686,82.0
3297,CRS3035RES1000mN2025000E3144000,132613257,99.0
3298,CRS3035RES1000mN2025000E3144000,135036040,98.0
3299,CRS3035RES1000mN2025000E3144000,150772489,78.0
3300,CRS3035RES1000mN2025000E3144000,154118456,91.0
3301,CRS3035RES1000mN2025000E3144000,157375776,95.0
3302,CRS3035RES1000mN2025000E3144000,158211204,54.0
3303,CRS3035RES1000mN2025000E3144000,162072415,62.0
3304,CRS3035RES1000mN2025000E3144000,162117720,94.0
3305,CRS3035RES1000mN2025000E3144000,170487273,
3306,CRS3035RES1000mN2025000E3144000,172686062,47.0
3307,CRS3035RES1000mN2025000E3144000,174318235,71.0
3308,CRS3035RES1000mN2025000E3144000,174318237,66.0
3309,CRS3035RES1000mN2025000E3144000,205060159,
3310,CRS3035RES1000mN2025000E3144000,205757163,
3311,CRS3035RES1000mN2025000E3144000,221095520,102.0
3312,CRS3035RES1000mN2025000E3144000,224503374,77.0
3313,CRS3035RES1000mN2025000E3144000,227333462,87.0
3314,CRS3035RES1000mN2025000E3144000,229117454,84.0
3315,CRS3035RES1000mN2025000E3144000,261460389,
3316,CRS3035RES1000mN2025000E3144000,283450022,62.0
3317,CRS3035RES1000mN2025000E3144000,288994040,66.0
3318,CRS3035RES1000mN2025000E3144000,296744564,
3319,CRS3035RES1000mN2025000E3144000,297526406,97.0
3320,CRS3035RES1000mN2025000E3144000,300709861,83.0
3321,CRS3035RES1000mN2025000E3144000,301444634,82.0
3322,CRS3035RES1000mN2025000E3144000,302721609,104.0
3323,CRS3035RES1000mN2025000E3144000,308195630,113.0
3324,CRS3035RES1000mN2025000E3144000,312777902,66.0
3325,CRS3035RES1000mN2025000E3144000,330154630,
3326,CRS3035RES1000mN2025000E3144000,340205456,79.0
3327,CRS3035RES1000mN2025000E3144000,367883612,95.0
3328,CRS3035RES1000mN2025000E3144000,368211943,95.0
3329,CRS3035RES1000mN2025000E3144000,374180360,97.0
3330,CRS3035RES1000mN2025000E3144000,375369499,85.0
3331,CRS3035RES1000mN2025000E3144000,383494544,80.0
3332,CRS3035RES1000mN2025000E3144000,384574591,79.0
3333,CRS3035RES1000mN2025000E3144000,403538322,113.0
3334,CRS3035RES1000mN2025000E3144000,403859503,75.0
3335,CRS3035RES1000mN2025000E3144000,437050442,99.0
3336,CRS3035RES1000mN2025000E3144000,459881697,85.0
3337,CRS3035RES1000mN2025000E3144000,477278425,
3338,CRS3035RES1000mN2025000E3144000,486879235,
3339,CRS3035RES1000mN2025000E3144000,493748377,67.0
3340,CRS3035RES1000mN2025000E3144000,498234201,99.0
3341,CRS3035RES1000mN2025000E3144000,504315026,97.0
3342,CRS3035RES1000mN2025000E3144000,548701490,
3343,CRS3035RES1000mN2025000E3144000,574210084,95.0
3344,CRS3035RES1000mN2025000E3144000,576094143,66.0
3345,CRS3035RES1000mN2025000E3144000,584409067,
3346,CRS3035RES1000mN2025000E3144000,635512756,97.0
3347,CRS3035RES1000mN2025000E3144000,638492224,
3348,CRS3035RES1000mN2025000E3144000,653913062,98.0
3349,CRS3035RES1000mN2025000E3144000,659866770,
3350,CRS3035RES1000mN2025000E3144000,697717972,43.0
3351,CRS3035RES1000mN2025000E3144000,717194862,
3352,CRS3035RES1000mN2025000E3144000,736899303,107.0
3353,CRS3035RES1000mN2025000E3144000,738042217,106.0
3354,CRS3035RES1000mN2025000E3144000,839611983,
3355,CRS3035RES1000mN2025000E3144000,957893520,74.0
3356,CRS3035RES1000mN2025000E3144000,963308110,102.0
3357,CRS3035RES1000mN2025000E3144000,1073283182,98.0
3358,CRS3035RES1000mN2025000E3144000,1252864015,94.0
3359,CRS3035RES1000mN2025000E3144000,1283203658,
3360,CRS3035RES1000mN2025000E3145000,25526,41.0
3361,CRS3035RES1000mN2025000E3145000,1774,62.0
3362,CRS3035RES1000mN2025000E3145000,1770,83.0
3363,CRS3035RES1000mN2025000E3145000,1773,81.0
3364,CRS3035RES1000mN2025000E3145000,1771,59.0
3365,CRS3035RES1000mN2025000E3145000,123303,62.0
3366,CRS3035RES1000mN2025000E3145000,1764,62.0
3367,CRS3035RES1000mN2025000E3145000,181101,80.0
3368,CRS3035RES1000mN2025000E3145000,5765642,50.0
3369,CRS3035RES1000mN2025000E3145000,86719,68.0
3370,CRS3035RES1000mN2025000E3145000,1800,79.0
3371,CRS3035RES1000mN2025000E3145000,1757,47.0
3372,CRS3035RES1000mN2025000E3145000,1755,56.0
3373,CRS3035RES1000mN2025000E3145000,1882,56.0
3374,CRS3035RES1000mN2025000E3145000,1745,75.0
3375,CRS3035RES1000mN2025000E3145000,1794,75.0
3376,CRS3035RES1000mN2025000E3145000,1762,67.0
3377,CRS3035RES1000mN2025000E3145000,51188,66.0
3378,CRS3035RES1000mN2025000E3145000,6893633,70.0
3379,CRS3035RES1000mN2025000E3145000,167128,79.0
3380,CRS3035RES1000mN2025000E3145000,1760,70.0
3381,CRS3035RES1000mN2025000E3145000,12773298,75.0
3382,CRS3035RES1000mN2025000E3145000,1754,70.0
3383,CRS3035RES1000mN2025000E3145000,1748,78.0
3384,CRS3035RES1000mN2025000E3145000,79941,80.0
3385,CRS3035RES1000mN2025000E3145000,1750,75.0
3386,CRS3035RES1000mN2025000E3145000,5975465,59.0
3387,CRS3035RES1000mN2025000E3145000,115056,82.0
3388,CRS3035RES1000mN2025000E3145000,1790,74.0
3389,CRS3035RES1000mN2025000E3145000,1756,54.0
3390,CRS3035RES1000mN2025000E3145000,51849,77.0
3391,CRS3035RES1000mN2025000E3145000,185595,70.0
3392,CRS3035RES1000mN2025000E3145000,7697128,53.0
3393,CRS3035RES1000mN2025000E3145000,10395362,84.0
3394,CRS3035RES1000mN2025000E3145000,1759,70.0
3395,CRS3035RES1000mN2025000E3145000,1752,72.0
3396,CRS3035RES1000mN2025000E3145000,186714,73.0
3397,CRS3035RES1000mN2025000E3145000,1753,73.0
3398,CRS3035RES1000mN2025000E3145000,1792,74.0
3399,CRS3035RES1000mN2025000E3145000,1763,58.0
3400,CRS3035RES1000mN2025000E3145000,1746,83.0
3401,CRS3035RES1000mN2025000E3145000,11572165,70.0
3402,CRS3035RES1000mN2025000E3145000,1761,68.0
3403,CRS3035RES1000mN2025000E3145000,1747,82.0
3404,CRS3035RES1000mN2025000E3145000,5768564,46.0
3405,CRS3035RES1000mN2025000E3145000,1798,54.0
3406,CRS3035RES1000mN2025000E3145000,66904,75.0
3407,CRS3035RES1000mN2025000E3145000,1777,60.0
3408,CRS3035RES1000mN2025000E3145000,1765,70.0
3409,CRS3035RES1000mN2025000E3145000,49416,76.0
3410,CRS3035RES1000mN2025000E3145000,12734939,76.0
3411,CRS3035RES1000mN2025000E3145000,167386167,62.0
3412,CRS3035RES1000mN2025000E3145000,295933804,67.0
3413,CRS3035RES1000mN2025000E3145000,303340017,72.0
3414,CRS3035RES1000mN2025000E3145000,315355551,63.0
3415,CRS3035RES1000mN2025000E3145000,339084977,62.0
3416,CRS3035RES1000mN2025000E3145000,412911553,65.0
3417,CRS3035RES1000mN2025000E3145000,558126037,58.0
3418,CRS3035RES1000mN2025000E3145000,711789768,70.0
3419,CRS3035RES1000mN2025000E3145000,727666062,77.0
3420,CRS3035RES1000mN2025000E3145000,848085869,60.0
3421,CRS3035RES1000mN2025000E3145000,1056098898,75.0
3422,CRS3035RES1000mN2025000E3145000,1255438242,117.0
3423,CRS3035RES1000mN2025000E3145000,1469985039,88.0
3424,CRS3035RES1000mN2025000E3145000,1504302537,
3425,CRS3035RES1000mN2025000E3145000,1511617504,43.0
3426,CRS3035RES1000mN2025000E3145000,1541601287,93.0
3427,CRS3035RES1000mN2025000E3145000,1544591296,78.0
3428,CRS3035RES1000mN2025000E3145000,1598174183,83.0
3429,CRS3035RES1000mN2025000E3145000,1629887846,89.0
3430,CRS3035RES1000mN2025000E3145000,1686660176,85.0
3431,CRS3035RES1000mN2025000E3145000,1716927336,91.0
3432,CRS3035RES1000mN2025000E3145000,1734554324,92.0
3433,CRS3035RES1000mN2025000E3145000,1849109335,77.0
3434,CRS3035RES1000mN2025000E3145000,2028408680,54.0
3435,CRS3035RES1000mN2025000E3145000,2036887702,
3436,CRS3035RES1000mN2025000E3145000,2061404218,85.0
3437,CRS3035RES1000mN2025000E3145000,2134238030,94.0
3438,CRS3035RES1000mN2025000E3145000,2261600754,
3439,CRS3035RES1000mN2025000E3145000,2301402027,91.0
3440,CRS3035RES1000mN2025000E3145000,2303966810,74.0
3441,CRS3035RES1000mN2025000E3145000,2312029862,86.0
3442,CRS3035RES1000mN2025000E3145000,2408860250,102.0
3443,CRS3035RES1000mN2025000E3145000,2620185829,68.0
3444,CRS3035RES1000mN2025000E3145000,2622508931,65.0
3445,CRS3035RES1000mN2025000E3145000,2672130951,104.0
3446,CRS3035RES1000mN2025000E3145000,2710518818,103.0
3447,CRS3035RES1000mN2025000E3145000,3034026261,59.0
3448,CRS3035RES1000mN2025000E3145000,3179889751,113.0
3449,CRS3035RES1000mN2025000E3145000,3206611978,
3450,CRS3035RES1000mN2025000E3145000,3272828439,61.0
3451,CRS3035RES1000mN2025000E3145000,3452364276,88.0
3452,CRS3035RES1000mN2025000E3145000,3452364277,70.0
3453,CRS3035RES1000mN2025000E3145000,3495733197,
3454,CRS3035RES1000mN2025000E3145000,3497154853,
3455,CRS3035RES1000mN2025000E3145000,3517755445,
3456,CRS3035RES1000mN2025000E3145000,3522125657,
3457,CRS3035RES1000mN2025000E3145000,3526751794,88.0
3458,CRS3035RES1000mN2025000E3145000,3839306060,86.0
3459,CRS3035RES1000mN2025000E3145000,4214697664,49.0
3460,CRS3035RES1000mN2025000E3145000,4338252586,76.0
3461,CRS3035RES1000mN2025000E3145000,4401271633,
3462,CRS3035RES1000mN2025000E3145000,4515476768,81.0
3463,CRS3035RES1000mN2025000E3145000,4569910891,58.0
3464,CRS3035RES1000mN2025000E3145000,4703730491,72.0
3465,CRS3035RES1000mN2025000E3145000,4707870392,62.0
3466,CRS3035RES1000mN2025000E3145000,4789037769,111.0
3467,CRS3035RES1000mN2025000E3145000,4794233143,
3468,CRS3035RES1000mN2025000E3145000,4870405674,49.0
3469,CRS3035RES1000mN2025000E3145000,5139379922,57.0
3470,CRS3035RES1000mN2025000E3145000,5160337425,63.0
3471,CRS3035RES1000mN2025000E3145000,5196199575,75.0
3472,CRS3035RES1000mN2025000E3145000,5341570554,72.0
3473,CRS3035RES1000mN2025000E3145000,5345949864,106.0
3474,CRS3035RES1000mN2025000E3145000,5448507385,
3475,CRS3035RES1000mN2025000E3145000,5604693894,73.0
3476,CRS3035RES1000mN2025000E3145000,5670401989,
3477,CRS3035RES1000mN2025000E3145000,5942671299,97.0
3478,CRS3035RES1000mN2025000E3145000,5943980960,23.0
3479,CRS3035RES1000mN2025000E3145000,6185791451,
3480,CRS3035RES1000mN2025000E3145000,6188948286,94.0
3481,CRS3035RES1000mN2025000E3145000,6555800191,36.0
3482,CRS3035RES1000mN2025000E3145000,6885254479,80.0
3483,CRS3035RES1000mN2025000E3145000,7222611268,
3484,CRS3035RES1000mN2025000E3145000,7408961006,
3485,CRS3035RES1000mN2025000E3145000,7619964683,113.0
3486,CRS3035RES1000mN2025000E3145000,7836562695,90.0
3487,CRS3035RES1000mN2025000E3145000,8493729364,58.0
3488,CRS3035RES1000mN2025000E3145000,8557885377,103.0
3489,CRS3035RES1000mN2025000E3145000,8807212208,62.0
3490,CRS3035RES1000mN2025000E3145000,8844229173,69.0
3491,CRS3035RES1000mN2025000E3145000,8878422600,89.0
3492,CRS3035RES1000mN2025000E3145000,9595709188,72.0
3493,CRS3035RES1000mN2025000E3145000,9611387099,52.0
3494,CRS3035RES1000mN2025000E3145000,9712656915,59.0
3495,CRS3035RES1000mN2025000E3145000,9713142744,63.0
3496,CRS3035RES1000mN2025000E3145000,9815746657,
3497,CRS3035RES1000mN2025000E3145000,10004871512,86.0
3498,CRS3035RES1000mN2025000E3145000,10281174134,
3499,CRS3035RES1000mN2025000E3145000,10580337411,90.0
3500,CRS3035RES1000mN2025000E3145000,10899442604,51.0
3501,CRS3035RES1000mN2025000E3145000,10922657146,42.0
3502,CRS3035RES1000mN2025000E3145000,11127499928,89.0
3503,CRS3035RES1000mN2025000E3145000,11143725881,75.0
3504,CRS3035RES1000mN2025000E3145000,11243087140,87.0
3505,CRS3035RES1000mN2025000E3145000,11269399969,74.0
3506,CRS3035RES1000mN2025000E3145000,11287269362,90.0
3507,CRS3035RES1000mN2025000E3145000,11287269363,97.0
3508,CRS3035RES1000mN2025000E3145000,11369705764,96.0
3509,CRS3035RES1000mN2025000E3145000,11387776374,86.0
3510,CRS3035RES1000mN2025000E3145000,11461799040,
3511,CRS3035RES1000mN2025000E3145000,11462802981,70.0
3512,CRS3035RES1000mN2025000E3145000,11652077658,82.0
3513,CRS3035RES1000mN2025000E3145000,11691390164,64.0
3514,CRS3035RES1000mN2025000E3145000,11739757462,63.0
3515,CRS3035RES1000mN2025000E3145000,12178446726,53.0
3516,CRS3035RES1000mN2025000E3145000,12407425114,65.0
3517,CRS3035RES1000mN2025000E3145000,12865480228,87.0
3518,CRS3035RES1000mN2025000E3145000,2960630,47.0
3519,CRS3035RES1000mN2025000E3145000,3554044,45.0
3520,CRS3035RES1000mN2025000E3145000,3557906,62.0
3521,CRS3035RES1000mN2025000E3145000,5231361,69.0
3522,CRS3035RES1000mN2025000E3145000,9314566,102.0
3523,CRS3035RES1000mN2025000E3145000,13696257,96.0
3524,CRS3035RES1000mN2025000E3145000,15996131,65.0
3525,CRS3035RES1000mN2025000E3145000,23526191,77.0
3526,CRS3035RES1000mN2025000E3145000,23545719,80.0
3527,CRS3035RES1000mN2025000E3145000,30599279,43.0
3528,CRS3035RES1000mN2025000E3145000,30649229,65.0
3529,CRS3035RES1000mN2025000E3145000,32198651,
3530,CRS3035RES1000mN2025000E3145000,34945111,59.0
3531,CRS3035RES1000mN2025000E3145000,50170625,99.0
3532,CRS3035RES1000mN2025000E3145000,82887228,91.0
3533,CRS3035RES1000mN2025000E3145000,92484952,91.0
3534,CRS3035RES1000mN2025000E3145000,95794713,86.0
3535,CRS3035RES1000mN2025000E3145000,96418670,56.0
3536,CRS3035RES1000mN2025000E3145000,98502686,78.0
3537,CRS3035RES1000mN2025000E3145000,132613257,87.0
3538,CRS3035RES1000mN2025000E3145000,135036040,92.0
3539,CRS3035RES1000mN2025000E3145000,150772489,69.0
3540,CRS3035RES1000mN2025000E3145000,154118456,84.0
3541,CRS3035RES1000mN2025000E3145000,157375776,87.0
3542,CRS3035RES1000mN2025000E3145000,158211204,38.0
3543,CRS3035RES1000mN2025000E3145000,162072415,47.0
3544,CRS3035RES1000mN2025000E3145000,162117720,89.0
3545,CRS3035RES1000mN2025000E3145000,170487273,
3546,CRS3035RES1000mN2025000E3145000,172686062,37.0
3547,CRS3035RES1000mN2025000E3145000,174318235,63.0
3548,CRS3035RES1000mN2025000E3145000,174318237,50.0
3549,CRS3035RES1000mN2025000E3145000,205060159,
3550,CRS3035RES1000mN2025000E3145000,205757163,
3551,CRS3035RES1000mN2025000E3145000,221095520,90.0
3552,CRS3035RES1000mN2025000E3145000,224503374,68.0
3553,CRS3035RES1000mN2025000E3145000,227333462,87.0
3554,CRS3035RES1000mN2025000E3145000,229117454,74.0
3555,CRS3035RES1000mN2025000E3145000,261460389,
3556,CRS3035RES1000mN2025000E3145000,283450022,53.0
3557,CRS3035RES1000mN2025000E3145000,288994040,52.0
3558,CRS3035RES1000mN2025000E3145000,296744564,119.0
3559,CRS3035RES1000mN2025000E3145000,297526406,78.0
3560,CRS3035RES1000mN2025000E3145000,300709861,72.0
3561,CRS3035RES1000mN2025000E3145000,301444634,73.0
3562,CRS3035RES1000mN2025000E3145000,302721609,100.0
3563,CRS3035RES1000mN2025000E3145000,308195630,109.0
3564,CRS3035RES1000mN2025000E3145000,312777902,52.0
3565,CRS3035RES1000mN2025000E3145000,330154630,
3566,CRS3035RES1000mN2025000E3145000,340205456,70.0
3567,CRS3035RES1000mN2025000E3145000,367883612,89.0
3568,CRS3035RES1000mN2025000E3145000,368211943,90.0
3569,CRS3035RES1000mN2025000E3145000,374180360,92.0
3570,CRS3035RES1000mN2025000E3145000,375369499,78.0
3571,CRS3035RES1000mN2025000E3145000,383494544,72.0
3572,CRS3035RES1000mN2025000E3145000,384574591,65.0
3573,CRS3035RES1000mN2025000E3145000,403538322,113.0
3574,CRS3035RES1000mN2025000E3145000,403859503,66.0
3575,CRS3035RES1000mN2025000E3145000,437050442,81.0
3576,CRS3035RES1000mN2025000E3145000,459881697,80.0
3577,CRS3035RES1000mN2025000E3145000,477278425,
3578,CRS3035RES1000mN2025000E3145000,486879235,
3579,CRS3035RES1000mN2025000E3145000,493748377,55.0
3580,CRS3035RES1000mN2025000E3145000,498234201,81.0
3581,CRS3035RES1000mN2025000E3145000,504315026,88.0
3582,CRS3035RES1000mN2025000E3145000,548701490,114.0
3583,CRS3035RES1000mN2025000E3145000,574210084,91.0
3584,CRS3035RES1000mN2025000E3145000,576094143,53.0
3585,CRS3035RES1000mN2025000E3145000,584409067,108.0
3586,CRS3035RES1000mN2025000E3145000,635512756,78.0
3587,CRS3035RES1000mN2025000E3145000,638492224,
3588,CRS3035RES1000mN2025000E3145000,653913062,87.0
3589,CRS3035RES1000mN2025000E3145000,659866770,77.0
3590,CRS3035RES1000mN2025000E3145000,697717972,30.0
3591,CRS3035RES1000mN2025000E3145000,717194862,102.0
3592,CRS3035RES1000mN2025000E3145000,736899303,107.0
3593,CRS3035RES1000mN2025000E3145000,738042217,104.0
3594,CRS3035RES1000mN2025000E3145000,839611983,114.0
3595,CRS3035RES1000mN2025000E3145000,957893520,62.0
3596,CRS3035RES1000mN2025000E3145000,963308110,90.0
3597,CRS3035RES1000mN2025000E3145000,1073283182,92.0
3598,CRS3035RES1000mN2025000E3145000,1252864015,83.0
3599,CRS3035RES1000mN2025000E3145000,1283203658,94.0
3600,CRS3035RES1000mN2025000E3146000,25526,40.0
3601,CRS3035RES1000mN2025000E3146000,1774,60.0
3602,CRS3035RES1000mN2025000E3146000,1770,86.0
3603,CRS3035RES1000mN2025000E3146000,1773,80.0
3604,CRS3035RES1000mN2025000E3146000,1771,59.0
3605,CRS3035RES1000mN2025000E3146000,123303,60.0
3606,CRS3035RES1000mN2025000E3146000,1764,64.0
3607,CRS3035RES1000mN2025000E3146000,181101,78.0
3608,CRS3035RES1000mN2025000E3146000,5765642,48.0
3609,CRS3035RES1000mN2025000E3146000,86719,66.0
3610,CRS3035RES1000mN2025000E3146000,1800,77.0
3611,CRS3035RES1000mN2025000E3146000,1757,49.0
3612,CRS3035RES1000mN2025000E3146000,1755,55.0
3613,CRS3035RES1000mN2025000E3146000,1882,59.0
3614,CRS3035RES1000mN2025000E3146000,1745,77.0
3615,CRS3035RES1000mN2025000E3146000,1794,78.0
3616,CRS3035RES1000mN2025000E3146000,1762,69.0
3617,CRS3035RES1000mN2025000E3146000,51188,69.0
3618,CRS3035RES1000mN2025000E3146000,6893633,69.0
3619,CRS3035RES1000mN2025000E3146000,167128,77.0
3620,CRS3035RES1000mN2025000E3146000,1760,73.0
3621,CRS3035RES1000mN2025000E3146000,12773298,73.0
3622,CRS3035RES1000mN2025000E3146000,1754,69.0
3623,CRS3035RES1000mN2025000E3146000,1748,77.0
3624,CRS3035RES1000mN2025000E3146000,79941,81.0
3625,CRS3035RES1000mN2025000E3146000,1750,78.0
3626,CRS3035RES1000mN2025000E3146000,5975465,58.0
3627,CRS3035RES1000mN2025000E3146000,115056,85.0
3628,CRS3035RES1000mN2025000E3146000,1790,77.0
3629,CRS3035RES1000mN2025000E3146000,1756,52.0
3630,CRS3035RES1000mN2025000E3146000,51849,78.0
3631,CRS3035RES1000mN2025000E3146000,185595,71.0
3632,CRS3035RES1000mN2025000E3146000,7697128,56.0
3633,CRS3035RES1000mN2025000E3146000,10395362,89.0
3634,CRS3035RES1000mN2025000E3146000,1759,72.0
3635,CRS3035RES1000mN2025000E3146000,1752,70.0
3636,CRS3035RES1000mN2025000E3146000,186714,76.0
3637,CRS3035RES1000mN2025000E3146000,1753,71.0
3638,CRS3035RES1000mN2025000E3146000,1792,72.0
3639,CRS3035RES1000mN2025000E3146000,1763,56.0
3640,CRS3035RES1000mN2025000E3146000,1746,85.0
3641,CRS3035RES1000mN2025000E3146000,11572165,68.0
3642,CRS3035RES1000mN2025000E3146000,1761,66.0
3643,CRS3035RES1000mN2025000E3146000,1747,80.0
3644,CRS3035RES1000mN2025000E3146000,5768564,46.0
3645,CRS3035RES1000mN2025000E3146000,1798,52.0
3646,CRS3035RES1000mN2025000E3146000,66904,77.0
3647,CRS3035RES1000mN2025000E3146000,1777,63.0
3648,CRS3035RES1000mN2025000E3146000,1765,71.0
3649,CRS3035RES1000mN2025000E3146000,49416,74.0
3650,CRS3035RES1000mN2025000E3146000,12734939,74.0
3651,CRS3035RES1000mN2025000E3146000,167386167,64.0
3652,CRS3035RES1000mN2025000E3146000,295933804,69.0
3653,CRS3035RES1000mN2025000E3146000,303340017,70.0
3654,CRS3035RES1000mN2025000E3146000,315355551,71.0
3655,CRS3035RES1000mN2025000E3146000,339084977,60.0
3656,CRS3035RES1000mN2025000E3146000,412911553,65.0
3657,CRS3035RES1000mN2025000E3146000,558126037,61.0
3658,CRS3035RES1000mN2025000E3146000,711789768,69.0
3659,CRS3035RES1000mN2025000E3146000,727666062,93.0
3660,CRS3035RES1000mN2025000E3146000,848085869,58.0
3661,CRS3035RES1000mN2025000E3146000,1056098898,76.0
3662,CRS3035RES1000mN2025000E3146000,1255438242,116.0
3663,CRS3035RES1000mN2025000E3146000,1469985039,87.0
3664,CRS3035RES1000mN2025000E3146000,1504302537,
3665,CRS3035RES1000mN2025000E3146000,1511617504,39.0
3666,CRS3035RES1000mN2025000E3146000,1541601287,91.0
3667,CRS3035RES1000mN2025000E3146000,1544591296,79.0
3668,CRS3035RES1000mN2025000E3146000,1598174183,84.0
3669,CRS3035RES1000mN2025000E3146000,1629887846,90.0
3670,CRS3035RES1000mN2025000E3146000,1686660176,88.0
3671,CRS3035RES1000mN2025000E3146000,1716927336,75.0
3672,CRS3035RES1000mN2025000E3146000,1734554324,92.0
3673,CRS3035RES1000mN2025000E3146000,1849109335,75.0
3674,CRS3035RES1000mN2025000E3146000,2028408680,61.0
3675,CRS3035RES1000mN2025000E3146000,2036887702,
3676,CRS3035RES1000mN2025000E3146000,2061404218,86.0
3677,CRS3035RES1000mN2025000E3146000,2134238030,94.0
3678,CRS3035RES1000mN2025000E3146000,2261600754,
3679,CRS3035RES1000mN2025000E3146000,2301402027,96.0
3680,CRS3035RES1000mN2025000E3146000,2303966810,72.0
3681,CRS3035RES1000mN2025000E3146000,2312029862,87.0
3682,CRS3035RES1000mN2025000E3146000,2408860250,100.0
3683,CRS3035RES1000mN2025000E3146000,2620185829,68.0
3684,CRS3035RES1000mN2025000E3146000,2622508931,65.0
3685,CRS3035RES1000mN2025000E3146000,2672130951,103.0
3686,CRS3035RES1000mN2025000E3146000,2710518818,101.0
3687,CRS3035RES1000mN2025000E3146000,3034026261,89.0
3688,CRS3035RES1000mN2025000E3146000,3179889751,
3689,CRS3035RES1000mN2025000E3146000,3206611978,
3690,CRS3035RES1000mN2025000E3146000,3272828439,57.0
3691,CRS3035RES1000mN2025000E3146000,3452364276,90.0
3692,CRS3035RES1000mN2025000E3146000,3452364277,73.0
3693,CRS3035RES1000mN2025000E3146000,3495733197,
3694,CRS3035RES1000mN2025000E3146000,3497154853,
3695,CRS3035RES1000mN2025000E3146000,3517755445,
3696,CRS3035RES1000mN2025000E3146000,3522125657,
3697,CRS3035RES1000mN2025000E3146000,3526751794,
3698,CRS3035RES1000mN2025000E3146000,3839306060,89.0
3699,CRS3035RES1000mN2025000E3146000,4214697664,47.0
3700,CRS3035RES1000mN2025000E3146000,4338252586,
3701,CRS3035RES1000mN2025000E3146000,4401271633,
3702,CRS3035RES1000mN2025000E3146000,4515476768,80.0
3703,CRS3035RES1000mN2025000E3146000,4569910891,61.0
3704,CRS3035RES1000mN2025000E3146000,4703730491,70.0
3705,CRS3035RES1000mN2025000E3146000,4707870392,65.0
3706,CRS3035RES1000mN2025000E3146000,4789037769,91.0
3707,CRS3035RES1000mN2025000E3146000,4794233143,
3708,CRS3035RES1000mN2025000E3146000,4870405674,46.0
3709,CRS3035RES1000mN2025000E3146000,5139379922,78.0
3710,CRS3035RES1000mN2025000E3146000,5160337425,64.0
3711,CRS3035RES1000mN2025000E3146000,5196199575,74.0
3712,CRS3035RES1000mN2025000E3146000,5341570554,71.0
3713,CRS3035RES1000mN2025000E3146000,5345949864,105.0
3714,CRS3035RES1000mN2025000E3146000,5448507385,
3715,CRS3035RES1000mN2025000E3146000,5604693894,
3716,CRS3035RES1000mN2025000E3146000,5670401989,
3717,CRS3035RES1000mN2025000E3146000,5942671299,96.0
3718,CRS3035RES1000mN2025000E3146000,5943980960,37.0
3719,CRS3035RES1000mN2025000E3146000,6185791451,
3720,CRS3035RES1000mN2025000E3146000,6188948286,92.0
3721,CRS3035RES1000mN2025000E3146000,6555800191,34.0
3722,CRS3035RES1000mN2025000E3146000,6885254479,82.0
3723,CRS3035RES1000mN2025000E3146000,7222611268,
3724,CRS3035RES1000mN2025000E3146000,7408961006,
3725,CRS3035RES1000mN2025000E3146000,7619964683,
3726,CRS3035RES1000mN2025000E3146000,7836562695,110.0
3727,CRS3035RES1000mN2025000E3146000,8493729364,56.0
3728,CRS3035RES1000mN2025000E3146000,8557885377,101.0
3729,CRS3035RES1000mN2025000E3146000,8807212208,65.0
3730,CRS3035RES1000mN2025000E3146000,8844229173,71.0
3731,CRS3035RES1000mN2025000E3146000,8878422600,89.0
3732,CRS3035RES1000mN2025000E3146000,9595709188,75.0
3733,CRS3035RES1000mN2025000E3146000,9611387099,50.0
3734,CRS3035RES1000mN2025000E3146000,9712656915,59.0
3735,CRS3035RES1000mN2025000E3146000,9713142744,66.0
3736,CRS3035RES1000mN2025000E3146000,9815746657,
3737,CRS3035RES1000mN2025000E3146000,10004871512,87.0
3738,CRS3035RES1000mN2025000E3146000,10281174134,
3739,CRS3035RES1000mN2025000E3146000,10580337411,93.0
3740,CRS3035RES1000mN2025000E3146000,10899442604,49.0
3741,CRS3035RES1000mN2025000E3146000,10922657146,40.0
3742,CRS3035RES1000mN2025000E3146000,11127499928,96.0
3743,CRS3035RES1000mN2025000E3146000,11143725881,73.0
3744,CRS3035RES1000mN2025000E3146000,11243087140,89.0
3745,CRS3035RES1000mN2025000E3146000,11269399969,74.0
3746,CRS3035RES1000mN2025000E3146000,11287269362,91.0
3747,CRS3035RES1000mN2025000E3146000,11287269363,107.0
3748,CRS3035RES1000mN2025000E3146000,11369705764,99.0
3749,CRS3035RES1000mN2025000E3146000,11387776374,85.0
3750,CRS3035RES1000mN2025000E3146000,11461799040,
3751,CRS3035RES1000mN2025000E3146000,11462802981,69.0
3752,CRS3035RES1000mN2025000E3146000,11652077658,80.0
3753,CRS3035RES1000mN2025000E3146000,11691390164,64.0
3754,CRS3035RES1000mN2025000E3146000,11739757462,62.0
3755,CRS3035RES1000mN2025000E3146000,12178446726,52.0
3756,CRS3035RES1000mN2025000E3146000,12407425114,78.0
3757,CRS3035RES1000mN2025000E3146000,12865480228,90.0
3758,CRS3035RES1000mN2025000E3146000,2960630,45.0
3759,CRS3035RES1000mN2025000E3146000,3554044,45.0
3760,CRS3035RES1000mN2025000E3146000,3557906,59.0
3761,CRS3035RES1000mN2025000E3146000,5231361,69.0
3762,CRS3035RES1000mN2025000E3146000,9314566,101.0
3763,CRS3035RES1000mN2025000E3146000,13696257,94.0
3764,CRS3035RES1000mN2025000E3146000,15996131,66.0
3765,CRS3035RES1000mN2025000E3146000,23526191,80.0
3766,CRS3035RES1000mN2025000E3146000,23545719,83.0
3767,CRS3035RES1000mN2025000E3146000,30599279,40.0
3768,CRS3035RES1000mN2025000E3146000,30649229,65.0
3769,CRS3035RES1000mN2025000E3146000,32198651,
3770,CRS3035RES1000mN2025000E3146000,34945111,57.0
3771,CRS3035RES1000mN2025000E3146000,50170625,118.0
3772,CRS3035RES1000mN2025000E3146000,82887228,90.0
3773,CRS3035RES1000mN2025000E3146000,92484952,91.0
3774,CRS3035RES1000mN2025000E3146000,95794713,83.0
3775,CRS3035RES1000mN2025000E3146000,96418670,53.0
3776,CRS3035RES1000mN2025000E3146000,98502686,76.0
3777,CRS3035RES1000mN2025000E3146000,132613257,85.0
3778,CRS3035RES1000mN2025000E3146000,135036040,90.0
3779,CRS3035RES1000mN2025000E3146000,150772489,69.0
3780,CRS3035RES1000mN2025000E3146000,154118456,84.0
3781,CRS3035RES1000mN2025000E3146000,157375776,93.0
3782,CRS3035RES1000mN2025000E3146000,158211204,37.0
3783,CRS3035RES1000mN2025000E3146000,162072415,44.0
3784,CRS3035RES1000mN2025000E3146000,162117720,87.0
3785,CRS3035RES1000mN2025000E3146000,170487273,
3786,CRS3035RES1000mN2025000E3146000,172686062,35.0
3787,CRS3035RES1000mN2025000E3146000,174318235,61.0
3788,CRS3035RES1000mN2025000E3146000,174318237,48.0
3789,CRS3035RES1000mN2025000E3146000,205060159,
3790,CRS3035RES1000mN2025000E3146000,205757163,
3791,CRS3035RES1000mN2025000E3146000,221095520,95.0
3792,CRS3035RES1000mN2025000E3146000,224503374,71.0
3793,CRS3035RES1000mN2025000E3146000,227333462,85.0
3794,CRS3035RES1000mN2025000E3146000,229117454,72.0
3795,CRS3035RES1000mN2025000E3146000,261460389,
3796,CRS3035RES1000mN2025000E3146000,283450022,56.0
3797,CRS3035RES1000mN2025000E3146000,288994040,50.0
3798,CRS3035RES1000mN2025000E3146000,296744564,118.0
3799,CRS3035RES1000mN2025000E3146000,297526406,94.0
3800,CRS3035RES1000mN2025000E3146000,300709861,68.0
3801,CRS3035RES1000mN2025000E3146000,301444634,81.0
3802,CRS3035RES1000mN2025000E3146000,302721609,81.0
3803,CRS3035RES1000mN2025000E3146000,308195630,107.0
3804,CRS3035RES1000mN2025000E3146000,312777902,50.0
3805,CRS3035RES1000mN2025000E3146000,330154630,
3806,CRS3035RES1000mN2025000E3146000,340205456,70.0
3807,CRS3035RES1000mN2025000E3146000,367883612,88.0
3808,CRS3035RES1000mN2025000E3146000,368211943,89.0
3809,CRS3035RES1000mN2025000E3146000,374180360,92.0
3810,CRS3035RES1000mN2025000E3146000,375369499,78.0
3811,CRS3035RES1000mN2025000E3146000,383494544,75.0
3812,CRS3035RES1000mN2025000E3146000,384574591,63.0
3813,CRS3035RES1000mN2025000E3146000,403538322,113.0
3814,CRS3035RES1000mN2025000E3146000,403859503,66.0
3815,CRS3035RES1000mN2025000E3146000,437050442,79.0
3816,CRS3035RES1000mN2025000E3146000,459881697,84.0
3817,CRS3035RES1000mN2025000E3146000,477278425,
3818,CRS3035RES1000mN2025000E3146000,486879235,
3819,CRS3035RES1000mN2025000E3146000,493748377,52.0
3820,CRS3035RES1000mN2025000E3146000,498234201,79.0
3821,CRS3035RES1000mN2025000E3146000,504315026,91.0
3822,CRS3035RES1000mN2025000E3146000,548701490,112.0
3823,CRS3035RES1000mN2025000E3146000,574210084,89.0
3824,CRS3035RES1000mN2025000E3146000,576094143,51.0
3825,CRS3035RES1000mN2025000E3146000,584409067,106.0
3826,CRS3035RES1000mN2025000E3146000,635512756,94.0
3827,CRS3035RES1000mN2025000E3146000,638492224,119.0
3828,CRS3035RES1000mN2025000E3146000,653913062,95.0
3829,CRS3035RES1000mN2025000E3146000,659866770,
3830,CRS3035RES1000mN2025000E3146000,697717972,19.0
3831,CRS3035RES1000mN2025000E3146000,717194862,
3832,CRS3035RES1000mN2025000E3146000,736899303,107.0
3833,CRS3035RES1000mN2025000E3146000,738042217,81.0
3834,CRS3035RES1000mN2025000E3146000,839611983,
3835,CRS3035RES1000mN2025000E3146000,957893520,60.0
3836,CRS3035RES1000mN2025000E3146000,963308110,87.0
3837,CRS3035RES1000mN2025000E3146000,1073283182,78.0
3838,CRS3035RES1000mN2025000E3146000,1252864015,84.0
3839,CRS3035RES1000mN2025000E3146000,1283203658,94.0
3840,CRS3035RES1000mN2025000E3147000,25526,43.0
3841,CRS3035RES1000mN2025000E3147000,1774,64.0
3842,CRS3035RES1000mN2025000E3147000,1770,84.0
3843,CRS3035RES1000mN2025000E3147000,1773,83.0
3844,CRS3035RES1000mN2025000E3147000,1771,60.0
3845,CRS3035RES1000mN2025000E3147000,123303,64.0
3846,CRS3035RES1000mN2025000E3147000,1764,63.0
3847,CRS3035RES1000mN2025000E3147000,181101,82.0
3848,CRS3035RES1000mN2025000E3147000,5765642,52.0
3849,CRS3035RES1000mN2025000E3147000,86719,70.0
3850,CRS3035RES1000mN2025000E3147000,1800,81.0
3851,CRS3035RES1000mN2025000E3147000,1757,48.0
3852,CRS3035RES1000mN2025000E3147000,1755,58.0
3853,CRS3035RES1000mN2025000E3147000,1882,57.0
3854,CRS3035RES1000mN2025000E3147000,1745,77.0
3855,CRS3035RES1000mN2025000E3147000,1794,75.0
3856,CRS3035RES1000mN2025000E3147000,1762,68.0
3857,CRS3035RES1000mN2025000E3147000,51188,67.0
3858,CRS3035RES1000mN2025000E3147000,6893633,72.0
3859,CRS3035RES1000mN2025000E3147000,167128,81.0
3860,CRS3035RES1000mN2025000E3147000,1760,72.0
3861,CRS3035RES1000mN2025000E3147000,12773298,77.0
3862,CRS3035RES1000mN2025000E3147000,1754,72.0
3863,CRS3035RES1000mN2025000E3147000,1748,80.0
3864,CRS3035RES1000mN2025000E3147000,79941,82.0
3865,CRS3035RES1000mN2025000E3147000,1750,77.0
3866,CRS3035RES1000mN2025000E3147000,5975465,61.0
3867,CRS3035RES1000mN2025000E3147000,115056,83.0
3868,CRS3035RES1000mN2025000E3147000,1790,75.0
3869,CRS3035RES1000mN2025000E3147000,1756,56.0
3870,CRS3035RES1000mN2025000E3147000,51849,78.0
3871,CRS3035RES1000mN2025000E3147000,185595,71.0
3872,CRS3035RES1000mN2025000E3147000,7697128,54.0
3873,CRS3035RES1000mN2025000E3147000,10395362,85.0
3874,CRS3035RES1000mN2025000E3147000,1759,70.0
3875,CRS3035RES1000mN2025000E3147000,1752,74.0
3876,CRS3035RES1000mN2025000E3147000,186714,74.0
3877,CRS3035RES1000mN2025000E3147000,1753,75.0
3878,CRS3035RES1000mN2025000E3147000,1792,76.0
3879,CRS3035RES1000mN2025000E3147000,1763,60.0
3880,CRS3035RES1000mN2025000E3147000,1746,85.0
3881,CRS3035RES1000mN2025000E3147000,11572165,72.0
3882,CRS3035RES1000mN2025000E3147000,1761,70.0
3883,CRS3035RES1000mN2025000E3147000,1747,85.0
3884,CRS3035RES1000mN2025000E3147000,5768564,48.0
3885,CRS3035RES1000mN2025000E3147000,1798,56.0
3886,CRS3035RES1000mN2025000E3147000,66904,75.0
3887,CRS3035RES1000mN2025000E3147000,1777,61.0
3888,CRS3035RES1000mN2025000E3147000,1765,72.0
3889,CRS3035RES1000mN2025000E3147000,49416,78.0
3890,CRS3035RES1000mN2025000E3147000,12734939,78.0
3891,CRS3035RES1000mN2025000E3147000,167386167,63.0
3892,CRS3035RES1000mN2025000E3147000,295933804,68.0
3893,CRS3035RES1000mN2025000E3147000,303340017,71.0
3894,CRS3035RES1000mN2025000E3147000,315355551,65.0
3895,CRS3035RES1000mN2025000E3147000,339084977,64.0
3896,CRS3035RES1000mN2025000E3147000,412911553,66.0
3897,CRS3035RES1000mN2025000E3147000,558126037,58.0
3898,CRS3035RES1000mN2025000E3147000,711789768,71.0
3899,CRS3035RES1000mN2025000E3147000,727666062,79.0
3900,CRS3035RES1000mN2025000E3147000,848085869,61.0
3901,CRS3035RES1000mN2025000E3147000,1056098898,76.0
3902,CRS3035RES1000mN2025000E3147000,1255438242,118.0
3903,CRS3035RES1000mN2025000E3147000,1469985039,90.0
3904,CRS3035RES1000mN2025000E3147000,1504302537,
3905,CRS3035RES1000mN2025000E3147000,1511617504,45.0
3906,CRS3035RES1000mN2025000E3147000,1541601287,92.0
3907,CRS3035RES1000mN2025000E3147000,1544591296,78.0
3908,CRS3035RES1000mN2025000E3147000,1598174183,84.0
3909,CRS3035RES1000mN2025000E3147000,1629887846,90.0
3910,CRS3035RES1000mN2025000E3147000,1686660176,85.0
3911,CRS3035RES1000mN2025000E3147000,1716927336,91.0
3912,CRS3035RES1000mN2025000E3147000,1734554324,92.0
3913,CRS3035RES1000mN2025000E3147000,1849109335,76.0
3914,CRS3035RES1000mN2025000E3147000,2028408680,56.0
3915,CRS3035RES1000mN2025000E3147000,2036887702,
3916,CRS3035RES1000mN2025000E3147000,2061404218,86.0
3917,CRS3035RES1000mN2025000E3147000,2134238030,94.0
3918,CRS3035RES1000mN2025000E3147000,2261600754,
3919,CRS3035RES1000mN2025000E3147000,2301402027,94.0
3920,CRS3035RES1000mN2025000E3147000,2303966810,76.0
3921,CRS3035RES1000mN2025000E3147000,2312029862,87.0
3922,CRS3035RES1000mN2025000E3147000,2408860250,101.0
3923,CRS3035RES1000mN2025000E3147000,2620185829,69.0
3924,CRS3035RES1000mN2025000E3147000,2622508931,66.0
3925,CRS3035RES1000mN2025000E3147000,2672130951,104.0
3926,CRS3035RES1000mN2025000E3147000,2710518818,105.0
3927,CRS3035RES1000mN2025000E3147000,3034026261,59.0
3928,CRS3035RES1000mN2025000E3147000,3179889751,116.0
3929,CRS3035RES1000mN2025000E3147000,3206611978,
3930,CRS3035RES1000mN2025000E3147000,3272828439,62.0
3931,CRS3035RES1000mN2025000E3147000,3452364276,89.0
3932,CRS3035RES1000mN2025000E3147000,3452364277,72.0
3933,CRS3035RES1000mN2025000E3147000,3495733197,
3934,CRS3035RES1000mN2025000E3147000,3497154853,
3935,CRS3035RES1000mN2025000E3147000,3517755445,
3936,CRS3035RES1000mN2025000E3147000,3522125657,
3937,CRS3035RES1000mN2025000E3147000,3526751794,90.0
3938,CRS3035RES1000mN2025000E3147000,3839306060,88.0
3939,CRS3035RES1000mN2025000E3147000,4214697664,51.0
3940,CRS3035RES1000mN2025000E3147000,4338252586,78.0
3941,CRS3035RES1000mN2025000E3147000,4401271633,
3942,CRS3035RES1000mN2025000E3147000,4515476768,82.0
3943,CRS3035RES1000mN2025000E3147000,4569910891,59.0
3944,CRS3035RES1000mN2025000E3147000,4703730491,72.0
3945,CRS3035RES1000mN2025000E3147000,4707870392,63.0
3946,CRS3035RES1000mN2025000E3147000,4789037769,113.0
3947,CRS3035RES1000mN2025000E3147000,4794233143,
3948,CRS3035RES1000mN2025000E3147000,4870405674,50.0
3949,CRS3035RES1000mN2025000E3147000,5139379922,57.0
3950,CRS3035RES1000mN2025000E3147000,5160337425,64.0
3951,CRS3035RES1000mN2025000E3147000,5196199575,75.0
3952,CRS3035RES1000mN2025000E3147000,5341570554,75.0
3953,CRS3035RES1000mN2025000E3147000,5345949864,107.0
3954,CRS3035RES1000mN2025000E3147000,5448507385,
3955,CRS3035RES1000mN2025000E3147000,5604693894,75.0
3956,CRS3035RES1000mN2025000E3147000,5670401989,
3957,CRS3035RES1000mN2025000E3147000,5942671299,99.0
3958,CRS3035RES1000mN2025000E3147000,5943980960,23.0
3959,CRS3035RES1000mN2025000E3147000,6185791451,
3960,CRS3035RES1000mN2025000E3147000,6188948286,95.0
3961,CRS3035RES1000mN2025000E3147000,6555800191,38.0
3962,CRS3035RES1000mN2025000E3147000,6885254479,80.0
3963,CRS3035RES1000mN2025000E3147000,7222611268,
3964,CRS3035RES1000mN2025000E3147000,7408961006,
3965,CRS3035RES1000mN2025000E3147000,7619964683,115.0
3966,CRS3035RES1000mN2025000E3147000,7836562695,92.0
3967,CRS3035RES1000mN2025000E3147000,8493729364,60.0
3968,CRS3035RES1000mN2025000E3147000,8557885377,102.0
3969,CRS3035RES1000mN2025000E3147000,8807212208,64.0
3970,CRS3035RES1000mN2025000E3147000,8844229173,70.0
3971,CRS3035RES1000mN2025000E3147000,8878422600,90.0
3972,CRS3035RES1000mN2025000E3147000,9595709188,73.0
3973,CRS3035RES1000mN2025000E3147000,9611387099,54.0
3974,CRS3035RES1000mN2025000E3147000,9712656915,60.0
3975,CRS3035RES1000mN2025000E3147000,9713142744,64.0
3976,CRS3035RES1000mN2025000E3147000,9815746657,
3977,CRS3035RES1000mN2025000E3147000,10004871512,87.0
3978,CRS3035RES1000mN2025000E3147000,10281174134,
3979,CRS3035RES1000mN2025000E3147000,10580337411,92.0
3980,CRS3035RES1000mN2025000E3147000,10899442604,53.0
3981,CRS3035RES1000mN2025000E3147000,10922657146,44.0
3982,CRS3035RES1000mN2025000E3147000,11127499928,91.0
3983,CRS3035RES1000mN2025000E3147000,11143725881,75.0
3984,CRS3035RES1000mN2025000E3147000,11243087140,87.0
3985,CRS3035RES1000mN2025000E3147000,11269399969,74.0
3986,CRS3035RES1000mN2025000E3147000,11287269362,91.0
3987,CRS3035RES1000mN2025000E3147000,11287269363,100.0
3988,CRS3035RES1000mN2025000E3147000,11369705764,98.0
3989,CRS3035RES1000mN2025000E3147000,11387776374,89.0
3990,CRS3035RES1000mN2025000E3147000,11461799040,
3991,CRS3035RES1000mN2025000E3147000,11462802981,72.0
3992,CRS3035RES1000mN2025000E3147000,11652077658,81.0
3993,CRS3035RES1000mN2025000E3147000,11691390164,65.0
3994,CRS3035RES1000mN2025000E3147000,11739757462,65.0
3995,CRS3035RES1000mN2025000E3147000,12178446726,54.0
3996,CRS3035RES1000mN2025000E3147000,12407425114,62.0
3997,CRS3035RES1000mN2025000E3147000,12865480228,89.0
3998,CRS3035RES1000mN2025000E3147000,2960630,47.0
3999,CRS3035RES1000mN2025000E3147000,3554044,47.0
4000,CRS3035RES1000mN2025000E3147000,3557906,64.0
4001,CRS3035RES1000mN2025000E3147000,5231361,70.0
4002,CRS3035RES1000mN2025000E3147000,9314566,103.0
4003,CRS3035RES1000mN2025000E3147000,13696257,94.0
4004,CRS3035RES1000mN2025000E3147000,15996131,66.0
4005,CRS3035RES1000mN2025000E3147000,23526191,77.0
4006,CRS3035RES1000mN2025000E3147000,23545719,81.0
4007,CRS3035RES1000mN2025000E3147000,30599279,46.0
4008,CRS3035RES1000mN2025000E3147000,30649229,66.0
4009,CRS3035RES1000mN2025000E3147000,32198651,
4010,CRS3035RES1000mN2025000E3147000,34945111,61.0
4011,CRS3035RES1000mN2025000E3147000,50170625,102.0
4012,CRS3035RES1000mN2025000E3147000,82887228,92.0
4013,CRS3035RES1000mN2025000E3147000,92484952,89.0
4014,CRS3035RES1000mN2025000E3147000,95794713,87.0
4015,CRS3035RES1000mN2025000E3147000,96418670,57.0
4016,CRS3035RES1000mN2025000E3147000,98502686,77.0
4017,CRS3035RES1000mN2025000E3147000,132613257,89.0
4018,CRS3035RES1000mN2025000E3147000,135036040,92.0
4019,CRS3035RES1000mN2025000E3147000,150772489,70.0
4020,CRS3035RES1000mN2025000E3147000,154118456,85.0
4021,CRS3035RES1000mN2025000E3147000,157375776,89.0
4022,CRS3035RES1000mN2025000E3147000,158211204,40.0
4023,CRS3035RES1000mN2025000E3147000,162072415,50.0
4024,CRS3035RES1000mN2025000E3147000,162117720,89.0
4025,CRS3035RES1000mN2025000E3147000,170487273,
4026,CRS3035RES1000mN2025000E3147000,172686062,37.0
4027,CRS3035RES1000mN2025000E3147000,174318235,64.0
4028,CRS3035RES1000mN2025000E3147000,174318237,51.0
4029,CRS3035RES1000mN2025000E3147000,205060159,
4030,CRS3035RES1000mN2025000E3147000,205757163,
4031,CRS3035RES1000mN2025000E3147000,221095520,93.0
4032,CRS3035RES1000mN2025000E3147000,224503374,69.0
4033,CRS3035RES1000mN2025000E3147000,227333462,84.0
4034,CRS3035RES1000mN2025000E3147000,229117454,74.0
4035,CRS3035RES1000mN2025000E3147000,261460389,
4036,CRS3035RES1000mN2025000E3147000,283450022,54.0
4037,CRS3035RES1000mN2025000E3147000,288994040,54.0
4038,CRS3035RES1000mN2025000E3147000,296744564,
4039,CRS3035RES1000mN2025000E3147000,297526406,80.0
4040,CRS3035RES1000mN2025000E3147000,300709861,74.0
4041,CRS3035RES1000mN2025000E3147000,301444634,70.0
4042,CRS3035RES1000mN2025000E3147000,302721609,100.0
4043,CRS3035RES1000mN2025000E3147000,308195630,108.0
4044,CRS3035RES1000mN2025000E3147000,312777902,54.0
4045,CRS3035RES1000mN2025000E3147000,330154630,
4046,CRS3035RES1000mN2025000E3147000,340205456,71.0
4047,CRS3035RES1000mN2025000E3147000,367883612,90.0
4048,CRS3035RES1000mN2025000E3147000,368211943,90.0
4049,CRS3035RES1000mN2025000E3147000,374180360,92.0
4050,CRS3035RES1000mN2025000E3147000,375369499,79.0
4051,CRS3035RES1000mN2025000E3147000,383494544,72.0
4052,CRS3035RES1000mN2025000E3147000,384574591,66.0
4053,CRS3035RES1000mN2025000E3147000,403538322,113.0
4054,CRS3035RES1000mN2025000E3147000,403859503,67.0
4055,CRS3035RES1000mN2025000E3147000,437050442,83.0
4056,CRS3035RES1000mN2025000E3147000,459881697,76.0
4057,CRS3035RES1000mN2025000E3147000,477278425,
4058,CRS3035RES1000mN2025000E3147000,486879235,
4059,CRS3035RES1000mN2025000E3147000,493748377,57.0
4060,CRS3035RES1000mN2025000E3147000,498234201,83.0
4061,CRS3035RES1000mN2025000E3147000,504315026,90.0
4062,CRS3035RES1000mN2025000E3147000,548701490,116.0
4063,CRS3035RES1000mN2025000E3147000,574210084,90.0
4064,CRS3035RES1000mN2025000E3147000,576094143,55.0
4065,CRS3035RES1000mN2025000E3147000,584409067,110.0
4066,CRS3035RES1000mN2025000E3147000,635512756,80.0
4067,CRS3035RES1000mN2025000E3147000,638492224,
4068,CRS3035RES1000mN2025000E3147000,653913062,89.0
4069,CRS3035RES1000mN2025000E3147000,659866770,79.0
4070,CRS3035RES1000mN2025000E3147000,697717972,35.0
4071,CRS3035RES1000mN2025000E3147000,717194862,104.0
4072,CRS3035RES1000mN2025000E3147000,736899303,108.0
4073,CRS3035RES1000mN2025000E3147000,738042217,104.0
4074,CRS3035RES1000mN2025000E3147000,839611983,116.0
4075,CRS3035RES1000mN2025000E3147000,957893520,64.0
4076,CRS3035RES1000mN2025000E3147000,963308110,91.0
4077,CRS3035RES1000mN2025000E3147000,1073283182,92.0
4078,CRS3035RES1000mN2025000E3147000,1252864015,84.0
4079,CRS3035RES1000mN2025000E3147000,1283203658,94.0
4080,CRS3035RES1000mN2025000E3148000,25526,42.0
4081,CRS3035RES1000mN2025000E3148000,1774,62.0
4082,CRS3035RES1000mN2025000E3148000,1770,87.0
4083,CRS3035RES1000mN2025000E3148000,1773,81.0
4084,CRS3035RES1000mN2025000E3148000,1771,61.0
4085,CRS3035RES1000mN2025000E3148000,123303,63.0
4086,CRS3035RES1000mN2025000E3148000,1764,67.0
4087,CRS3035RES1000mN2025000E3148000,181101,79.0
4088,CRS3035RES1000mN2025000E3148000,5765642,50.0
4089,CRS3035RES1000mN2025000E3148000,86719,71.0
4090,CRS3035RES1000mN2025000E3148000,1800,79.0
4091,CRS3035RES1000mN2025000E3148000,1757,51.0
4092,CRS3035RES1000mN2025000E3148000,1755,57.0
4093,CRS3035RES1000mN2025000E3148000,1882,61.0
4094,CRS3035RES1000mN2025000E3148000,1745,80.0
4095,CRS3035RES1000mN2025000E3148000,1794,79.0
4096,CRS3035RES1000mN2025000E3148000,1762,71.0
4097,CRS3035RES1000mN2025000E3148000,51188,71.0
4098,CRS3035RES1000mN2025000E3148000,6893633,71.0
4099,CRS3035RES1000mN2025000E3148000,167128,79.0
4100,CRS3035RES1000mN2025000E3148000,1760,75.0
4101,CRS3035RES1000mN2025000E3148000,12773298,75.0
4102,CRS3035RES1000mN2025000E3148000,1754,70.0
4103,CRS3035RES1000mN2025000E3148000,1748,78.0
4104,CRS3035RES1000mN2025000E3148000,79941,82.0
4105,CRS3035RES1000mN2025000E3148000,1750,80.0
4106,CRS3035RES1000mN2025000E3148000,5975465,60.0
4107,CRS3035RES1000mN2025000E3148000,115056,86.0
4108,CRS3035RES1000mN2025000E3148000,1790,78.0
4109,CRS3035RES1000mN2025000E3148000,1756,54.0
4110,CRS3035RES1000mN2025000E3148000,51849,80.0
4111,CRS3035RES1000mN2025000E3148000,185595,72.0
4112,CRS3035RES1000mN2025000E3148000,7697128,57.0
4113,CRS3035RES1000mN2025000E3148000,10395362,90.0
4114,CRS3035RES1000mN2025000E3148000,1759,74.0
4115,CRS3035RES1000mN2025000E3148000,1752,73.0
4116,CRS3035RES1000mN2025000E3148000,186714,77.0
4117,CRS3035RES1000mN2025000E3148000,1753,73.0
4118,CRS3035RES1000mN2025000E3148000,1792,74.0
4119,CRS3035RES1000mN2025000E3148000,1763,58.0
4120,CRS3035RES1000mN2025000E3148000,1746,86.0
4121,CRS3035RES1000mN2025000E3148000,11572165,71.0
4122,CRS3035RES1000mN2025000E3148000,1761,68.0
4123,CRS3035RES1000mN2025000E3148000,1747,83.0
4124,CRS3035RES1000mN2025000E3148000,5768564,48.0
4125,CRS3035RES1000mN2025000E3148000,1798,54.0
4126,CRS3035RES1000mN2025000E3148000,66904,77.0
4127,CRS3035RES1000mN2025000E3148000,1777,65.0
4128,CRS3035RES1000mN2025000E3148000,1765,73.0
4129,CRS3035RES1000mN2025000E3148000,49416,75.0
4130,CRS3035RES1000mN2025000E3148000,12734939,75.0
4131,CRS3035RES1000mN2025000E3148000,167386167,66.0
4132,CRS3035RES1000mN2025000E3148000,295933804,68.0
4133,CRS3035RES1000mN2025000E3148000,303340017,72.0
4134,CRS3035RES1000mN2025000E3148000,315355551,72.0
4135,CRS3035RES1000mN2025000E3148000,339084977,62.0
4136,CRS3035RES1000mN2025000E3148000,412911553,66.0
4137,CRS3035RES1000mN2025000E3148000,558126037,66.0
4138,CRS3035RES1000mN2025000E3148000,711789768,73.0
4139,CRS3035RES1000mN2025000E3148000,727666062,97.0
4140,CRS3035RES1000mN2025000E3148000,848085869,62.0
4141,CRS3035RES1000mN2025000E3148000,1056098898,77.0
4142,CRS3035RES1000mN2025000E3148000,1255438242,118.0
4143,CRS3035RES1000mN2025000E3148000,1469985039,88.0
4144,CRS3035RES1000mN2025000E3148000,1504302537,
4145,CRS3035RES1000mN2025000E3148000,1511617504,52.0
4146,CRS3035RES1000mN2025000E3148000,1541601287,93.0
4147,CRS3035RES1000mN2025000E3148000,1544591296,80.0
4148,CRS3035RES1000mN2025000E3148000,1598174183,84.0
4149,CRS3035RES1000mN2025000E3148000,1629887846,90.0
4150,CRS3035RES1000mN2025000E3148000,1686660176,89.0
4151,CRS3035RES1000mN2025000E3148000,1716927336,93.0
4152,CRS3035RES1000mN2025000E3148000,1734554324,92.0
4153,CRS3035RES1000mN2025000E3148000,1849109335,77.0
4154,CRS3035RES1000mN2025000E3148000,2028408680,66.0
4155,CRS3035RES1000mN2025000E3148000,2036887702,
4156,CRS3035RES1000mN2025000E3148000,2061404218,86.0
4157,CRS3035RES1000mN2025000E3148000,2134238030,94.0
4158,CRS3035RES1000mN2025000E3148000,2261600754,
4159,CRS3035RES1000mN2025000E3148000,2301402027,99.0
4160,CRS3035RES1000mN2025000E3148000,2303966810,77.0
4161,CRS3035RES1000mN2025000E3148000,2312029862,87.0
4162,CRS3035RES1000mN2025000E3148000,2408860250,102.0
4163,CRS3035RES1000mN2025000E3148000,2620185829,70.0
4164,CRS3035RES1000mN2025000E3148000,2622508931,66.0
4165,CRS3035RES1000mN2025000E3148000,2672130951,107.0
4166,CRS3035RES1000mN2025000E3148000,2710518818,103.0
4167,CRS3035RES1000mN2025000E3148000,3034026261,93.0
4168,CRS3035RES1000mN2025000E3148000,3179889751,
4169,CRS3035RES1000mN2025000E3148000,3206611978,
4170,CRS3035RES1000mN2025000E3148000,3272828439,67.0
4171,CRS3035RES1000mN2025000E3148000,3452364276,93.0
4172,CRS3035RES1000mN2025000E3148000,3452364277,75.0
4173,CRS3035RES1000mN2025000E3148000,3495733197,
4174,CRS3035RES1000mN2025000E3148000,3497154853,
4175,CRS3035RES1000mN2025000E3148000,3517755445,
4176,CRS3035RES1000mN2025000E3148000,3522125657,
4177,CRS3035RES1000mN2025000E3148000,3526751794,
4178,CRS3035RES1000mN2025000E3148000,3839306060,91.0
4179,CRS3035RES1000mN2025000E3148000,4214697664,49.0
4180,CRS3035RES1000mN2025000E3148000,4338252586,
4181,CRS3035RES1000mN2025000E3148000,4401271633,
4182,CRS3035RES1000mN2025000E3148000,4515476768,87.0
4183,CRS3035RES1000mN2025000E3148000,4569910891,62.0
4184,CRS3035RES1000mN2025000E3148000,4703730491,72.0
4185,CRS3035RES1000mN2025000E3148000,4707870392,67.0
4186,CRS3035RES1000mN2025000E3148000,4789037769,114.0
4187,CRS3035RES1000mN2025000E3148000,4794233143,
4188,CRS3035RES1000mN2025000E3148000,4870405674,49.0
4189,CRS3035RES1000mN2025000E3148000,5139379922,82.0
4190,CRS3035RES1000mN2025000E3148000,5160337425,65.0
4191,CRS3035RES1000mN2025000E3148000,5196199575,76.0
4192,CRS3035RES1000mN2025000E3148000,5341570554,73.0
4193,CRS3035RES1000mN2025000E3148000,5345949864,106.0
4194,CRS3035RES1000mN2025000E3148000,5448507385,
4195,CRS3035RES1000mN2025000E3148000,5604693894,
4196,CRS3035RES1000mN2025000E3148000,5670401989,
4197,CRS3035RES1000mN2025000E3148000,5942671299,97.0
4198,CRS3035RES1000mN2025000E3148000,5943980960,41.0
4199,CRS3035RES1000mN2025000E3148000,6185791451,
4200,CRS3035RES1000mN2025000E3148000,6188948286,93.0
4201,CRS3035RES1000mN2025000E3148000,6555800191,44.0
4202,CRS3035RES1000mN2025000E3148000,6885254479,82.0
4203,CRS3035RES1000mN2025000E3148000,7222611268,
4204,CRS3035RES1000mN2025000E3148000,7408961006,
4205,CRS3035RES1000mN2025000E3148000,7619964683,
4206,CRS3035RES1000mN2025000E3148000,7836562695,111.0
4207,CRS3035RES1000mN2025000E3148000,8493729364,58.0
4208,CRS3035RES1000mN2025000E3148000,8557885377,103.0
4209,CRS3035RES1000mN2025000E3148000,8807212208,67.0
4210,CRS3035RES1000mN2025000E3148000,8844229173,73.0
4211,CRS3035RES1000mN2025000E3148000,8878422600,90.0
4212,CRS3035RES1000mN2025000E3148000,9595709188,77.0
4213,CRS3035RES1000mN2025000E3148000,9611387099,52.0
4214,CRS3035RES1000mN2025000E3148000,9712656915,60.0
4215,CRS3035RES1000mN2025000E3148000,9713142744,68.0
4216,CRS3035RES1000mN2025000E3148000,9815746657,
4217,CRS3035RES1000mN2025000E3148000,10004871512,87.0
4218,CRS3035RES1000mN2025000E3148000,10281174134,
4219,CRS3035RES1000mN2025000E3148000,10580337411,95.0
4220,CRS3035RES1000mN2025000E3148000,10899442604,59.0
4221,CRS3035RES1000mN2025000E3148000,10922657146,50.0
4222,CRS3035RES1000mN2025000E3148000,11127499928,97.0
4223,CRS3035RES1000mN2025000E3148000,11143725881,75.0
4224,CRS3035RES1000mN2025000E3148000,11243087140,89.0
4225,CRS3035RES1000mN2025000E3148000,11269399969,75.0
4226,CRS3035RES1000mN2025000E3148000,11287269362,91.0
4227,CRS3035RES1000mN2025000E3148000,11287269363,110.0
4228,CRS3035RES1000mN2025000E3148000,11369705764,101.0
4229,CRS3035RES1000mN2025000E3148000,11387776374,87.0
4230,CRS3035RES1000mN2025000E3148000,11461799040,
4231,CRS3035RES1000mN2025000E3148000,11462802981,70.0
4232,CRS3035RES1000mN2025000E3148000,11652077658,82.0
4233,CRS3035RES1000mN2025000E3148000,11691390164,66.0
4234,CRS3035RES1000mN2025000E3148000,11739757462,67.0
4235,CRS3035RES1000mN2025000E3148000,12178446726,53.0
4236,CRS3035RES1000mN2025000E3148000,12407425114,82.0
4237,CRS3035RES1000mN2025000E3148000,12865480228,92.0
4238,CRS3035RES1000mN2025000E3148000,2960630,50.0
4239,CRS3035RES1000mN2025000E3148000,3554044,52.0
4240,CRS3035RES1000mN2025000E3148000,3557906,66.0
4241,CRS3035RES1000mN2025000E3148000,5231361,70.0
4242,CRS3035RES1000mN2025000E3148000,9314566,102.0
4243,CRS3035RES1000mN2025000E3148000,13696257,96.0
4244,CRS3035RES1000mN2025000E3148000,15996131,69.0
4245,CRS3035RES1000mN2025000E3148000,23526191,81.0
4246,CRS3035RES1000mN2025000E3148000,23545719,84.0
4247,CRS3035RES1000mN2025000E3148000,30599279,48.0
4248,CRS3035RES1000mN2025000E3148000,30649229,66.0
4249,CRS3035RES1000mN2025000E3148000,32198651,
4250,CRS3035RES1000mN2025000E3148000,34945111,67.0
4251,CRS3035RES1000mN2025000E3148000,50170625,
4252,CRS3035RES1000mN2025000E3148000,82887228,91.0
4253,CRS3035RES1000mN2025000E3148000,92484952,91.0
4254,CRS3035RES1000mN2025000E3148000,95794713,86.0
4255,CRS3035RES1000mN2025000E3148000,96418670,63.0
4256,CRS3035RES1000mN2025000E3148000,98502686,78.0
4257,CRS3035RES1000mN2025000E3148000,132613257,87.0
4258,CRS3035RES1000mN2025000E3148000,135036040,92.0
4259,CRS3035RES1000mN2025000E3148000,150772489,70.0
4260,CRS3035RES1000mN2025000E3148000,154118456,84.0
4261,CRS3035RES1000mN2025000E3148000,157375776,93.0
4262,CRS3035RES1000mN2025000E3148000,158211204,42.0
4263,CRS3035RES1000mN2025000E3148000,162072415,52.0
4264,CRS3035RES1000mN2025000E3148000,162117720,89.0
4265,CRS3035RES1000mN2025000E3148000,170487273,
4266,CRS3035RES1000mN2025000E3148000,172686062,43.0
4267,CRS3035RES1000mN2025000E3148000,174318235,66.0
4268,CRS3035RES1000mN2025000E3148000,174318237,58.0
4269,CRS3035RES1000mN2025000E3148000,205060159,
4270,CRS3035RES1000mN2025000E3148000,205757163,
4271,CRS3035RES1000mN2025000E3148000,221095520,97.0
4272,CRS3035RES1000mN2025000E3148000,224503374,72.0
4273,CRS3035RES1000mN2025000E3148000,227333462,87.0
4274,CRS3035RES1000mN2025000E3148000,229117454,74.0
4275,CRS3035RES1000mN2025000E3148000,261460389,
4276,CRS3035RES1000mN2025000E3148000,283450022,58.0
4277,CRS3035RES1000mN2025000E3148000,288994040,52.0
4278,CRS3035RES1000mN2025000E3148000,296744564,
4279,CRS3035RES1000mN2025000E3148000,297526406,95.0
4280,CRS3035RES1000mN2025000E3148000,300709861,79.0
4281,CRS3035RES1000mN2025000E3148000,301444634,85.0
4282,CRS3035RES1000mN2025000E3148000,302721609,102.0
4283,CRS3035RES1000mN2025000E3148000,308195630,109.0
4284,CRS3035RES1000mN2025000E3148000,312777902,52.0
4285,CRS3035RES1000mN2025000E3148000,330154630,
4286,CRS3035RES1000mN2025000E3148000,340205456,71.0
4287,CRS3035RES1000mN2025000E3148000,367883612,89.0
4288,CRS3035RES1000mN2025000E3148000,368211943,90.0
4289,CRS3035RES1000mN2025000E3148000,374180360,92.0
4290,CRS3035RES1000mN2025000E3148000,375369499,78.0
4291,CRS3035RES1000mN2025000E3148000,383494544,76.0
4292,CRS3035RES1000mN2025000E3148000,384574591,69.0
4293,CRS3035RES1000mN2025000E3148000,403538322,113.0
4294,CRS3035RES1000mN2025000E3148000,403859503,67.0
4295,CRS3035RES1000mN2025000E3148000,437050442,87.0
4296,CRS3035RES1000mN2025000E3148000,459881697,88.0
4297,CRS3035RES1000mN2025000E3148000,477278425,
4298,CRS3035RES1000mN2025000E3148000,486879235,
4299,CRS3035RES1000mN2025000E3148000,493748377,56.0
4300,CRS3035RES1000mN2025000E3148000,498234201,88.0
4301,CRS3035RES1000mN2025000E3148000,504315026,93.0
4302,CRS3035RES1000mN2025000E3148000,548701490,114.0
4303,CRS3035RES1000mN2025000E3148000,574210084,91.0
4304,CRS3035RES1000mN2025000E3148000,576094143,57.0
4305,CRS3035RES1000mN2025000E3148000,584409067,108.0
4306,CRS3035RES1000mN2025000E3148000,635512756,95.0
4307,CRS3035RES1000mN2025000E3148000,638492224,
4308,CRS3035RES1000mN2025000E3148000,653913062,96.0
4309,CRS3035RES1000mN2025000E3148000,659866770,
4310,CRS3035RES1000mN2025000E3148000,697717972,44.0
4311,CRS3035RES1000mN2025000E3148000,717194862,
4312,CRS3035RES1000mN2025000E3148000,736899303,110.0
4313,CRS3035RES1000mN2025000E3148000,738042217,106.0
4314,CRS3035RES1000mN2025000E3148000,839611983,
4315,CRS3035RES1000mN2025000E3148000,957893520,62.0
4316,CRS3035RES1000mN2025000E3148000,963308110,89.0
4317,CRS3035RES1000mN2025000E3148000,1073283182,94.0
4318,CRS3035RES1000mN2025000E3148000,1252864015,84.0
4319,CRS3035RES1000mN2025000E3148000,1283203658,96.0
4320,CRS3035RES1000mN2025000E3149000,25526,44.0
4321,CRS3035RES1000mN2025000E3149000,1774,65.0
4322,CRS3035RES1000mN2025000E3149000,1770,86.0
4323,CRS3035RES1000mN2025000E3149000,1773,85.0
4324,CRS3035RES1000mN2025000E3149000,1771,61.0
4325,CRS3035RES1000mN2025000E3149000,123303,65.0
4326,CRS3035RES1000mN2025000E3149000,1764,65.0
4327,CRS3035RES1000mN2025000E3149000,181101,83.0
4328,CRS3035RES1000mN2025000E3149000,5765642,53.0
4329,CRS3035RES1000mN2025000E3149000,86719,73.0
4330,CRS3035RES1000mN2025000E3149000,1800,82.0
4331,CRS3035RES1000mN2025000E3149000,1757,50.0
4332,CRS3035RES1000mN2025000E3149000,1755,60.0
4333,CRS3035RES1000mN2025000E3149000,1882,59.0
4334,CRS3035RES1000mN2025000E3149000,1745,78.0
4335,CRS3035RES1000mN2025000E3149000,1794,78.0
4336,CRS3035RES1000mN2025000E3149000,1762,69.0
4337,CRS3035RES1000mN2025000E3149000,51188,69.0
4338,CRS3035RES1000mN2025000E3149000,6893633,72.0
4339,CRS3035RES1000mN2025000E3149000,167128,82.0
4340,CRS3035RES1000mN2025000E3149000,1760,73.0
4341,CRS3035RES1000mN2025000E3149000,12773298,78.0
4342,CRS3035RES1000mN2025000E3149000,1754,73.0
4343,CRS3035RES1000mN2025000E3149000,1748,81.0
4344,CRS3035RES1000mN2025000E3149000,79941,82.0
4345,CRS3035RES1000mN2025000E3149000,1750,78.0
4346,CRS3035RES1000mN2025000E3149000,5975465,62.0
4347,CRS3035RES1000mN2025000E3149000,115056,84.0
4348,CRS3035RES1000mN2025000E3149000,1790,77.0
4349,CRS3035RES1000mN2025000E3149000,1756,57.0
4350,CRS3035RES1000mN2025000E3149000,51849,79.0
4351,CRS3035RES1000mN2025000E3149000,185595,73.0
4352,CRS3035RES1000mN2025000E3149000,7697128,56.0
4353,CRS3035RES1000mN2025000E3149000,10395362,88.0
4354,CRS3035RES1000mN2025000E3149000,1759,72.0
4355,CRS3035RES1000mN2025000E3149000,1752,76.0
4356,CRS3035RES1000mN2025000E3149000,186714,75.0
4357,CRS3035RES1000mN2025000E3149000,1753,76.0
4358,CRS3035RES1000mN2025000E3149000,1792,77.0
4359,CRS3035RES1000mN2025000E3149000,1763,61.0
4360,CRS3035RES1000mN2025000E3149000,1746,86.0
4361,CRS3035RES1000mN2025000E3149000,11572165,72.0
4362,CRS3035RES1000mN2025000E3149000,1761,71.0
4363,CRS3035RES1000mN2025000E3149000,1747,86.0
4364,CRS3035RES1000mN2025000E3149000,5768564,48.0
4365,CRS3035RES1000mN2025000E3149000,1798,57.0
4366,CRS3035RES1000mN2025000E3149000,66904,78.0
4367,CRS3035RES1000mN2025000E3149000,1777,63.0
4368,CRS3035RES1000mN2025000E3149000,1765,73.0
4369,CRS3035RES1000mN2025000E3149000,49416,79.0
4370,CRS3035RES1000mN2025000E3149000,12734939,79.0
4371,CRS3035RES1000mN2025000E3149000,167386167,65.0
4372,CRS3035RES1000mN2025000E3149000,295933804,70.0
4373,CRS3035RES1000mN2025000E3149000,303340017,71.0
4374,CRS3035RES1000mN2025000E3149000,315355551,68.0
4375,CRS3035RES1000mN2025000E3149000,339084977,64.0
4376,CRS3035RES1000mN2025000E3149000,412911553,67.0
4377,CRS3035RES1000mN2025000E3149000,558126037,63.0
4378,CRS3035RES1000mN2025000E3149000,711789768,80.0
4379,CRS3035RES1000mN2025000E3149000,727666062,
4380,CRS3035RES1000mN2025000E3149000,848085869,65.0
4381,CRS3035RES1000mN2025000E3149000,1056098898,77.0
4382,CRS3035RES1000mN2025000E3149000,1255438242,118.0
4383,CRS3035RES1000mN2025000E3149000,1469985039,91.0
4384,CRS3035RES1000mN2025000E3149000,1504302537,
4385,CRS3035RES1000mN2025000E3149000,1511617504,52.0
4386,CRS3035RES1000mN2025000E3149000,1541601287,93.0
4387,CRS3035RES1000mN2025000E3149000,1544591296,80.0
4388,CRS3035RES1000mN2025000E3149000,1598174183,85.0
4389,CRS3035RES1000mN2025000E3149000,1629887846,91.0
4390,CRS3035RES1000mN2025000E3149000,1686660176,88.0
4391,CRS3035RES1000mN2025000E3149000,1716927336,93.0
4392,CRS3035RES1000mN2025000E3149000,1734554324,92.0
4393,CRS3035RES1000mN2025000E3149000,1849109335,76.0
4394,CRS3035RES1000mN2025000E3149000,2028408680,54.0
4395,CRS3035RES1000mN2025000E3149000,2036887702,
4396,CRS3035RES1000mN2025000E3149000,2061404218,87.0
4397,CRS3035RES1000mN2025000E3149000,2134238030,94.0
4398,CRS3035RES1000mN2025000E3149000,2261600754,
4399,CRS3035RES1000mN2025000E3149000,2301402027,95.0
4400,CRS3035RES1000mN2025000E3149000,2303966810,77.0
4401,CRS3035RES1000mN2025000E3149000,2312029862,88.0
4402,CRS3035RES1000mN2025000E3149000,2408860250,101.0
4403,CRS3035RES1000mN2025000E3149000,2620185829,70.0
4404,CRS3035RES1000mN2025000E3149000,2622508931,67.0
4405,CRS3035RES1000mN2025000E3149000,2672130951,109.0
4406,CRS3035RES1000mN2025000E3149000,2710518818,106.0
4407,CRS3035RES1000mN2025000E3149000,3034026261,74.0
4408,CRS3035RES1000mN2025000E3149000,3179889751,
4409,CRS3035RES1000mN2025000E3149000,3206611978,
4410,CRS3035RES1000mN2025000E3149000,3272828439,70.0
4411,CRS3035RES1000mN2025000E3149000,3452364276,90.0
4412,CRS3035RES1000mN2025000E3149000,3452364277,74.0
4413,CRS3035RES1000mN2025000E3149000,3495733197,
4414,CRS3035RES1000mN2025000E3149000,3497154853,
4415,CRS3035RES1000mN2025000E3149000,3517755445,
4416,CRS3035RES1000mN2025000E3149000,3522125657,
4417,CRS3035RES1000mN2025000E3149000,3526751794,93.0
4418,CRS3035RES1000mN2025000E3149000,3839306060,89.0
4419,CRS3035RES1000mN2025000E3149000,4214697664,51.0
4420,CRS3035RES1000mN2025000E3149000,4338252586,81.0
4421,CRS3035RES1000mN2025000E3149000,4401271633,
4422,CRS3035RES1000mN2025000E3149000,4515476768,89.0
4423,CRS3035RES1000mN2025000E3149000,4569910891,61.0
4424,CRS3035RES1000mN2025000E3149000,4703730491,72.0
4425,CRS3035RES1000mN2025000E3149000,4707870392,65.0
4426,CRS3035RES1000mN2025000E3149000,4789037769,114.0
4427,CRS3035RES1000mN2025000E3149000,4794233143,
4428,CRS3035RES1000mN2025000E3149000,4870405674,50.0
4429,CRS3035RES1000mN2025000E3149000,5139379922,82.0
4430,CRS3035RES1000mN2025000E3149000,5160337425,66.0
4431,CRS3035RES1000mN2025000E3149000,5196199575,76.0
4432,CRS3035RES1000mN2025000E3149000,5341570554,75.0
4433,CRS3035RES1000mN2025000E3149000,5345949864,107.0
4434,CRS3035RES1000mN2025000E3149000,5448507385,
4435,CRS3035RES1000mN2025000E3149000,5604693894,78.0
4436,CRS3035RES1000mN2025000E3149000,5670401989,
4437,CRS3035RES1000mN2025000E3149000,5942671299,100.0
4438,CRS3035RES1000mN2025000E3149000,5943980960,59.0
4439,CRS3035RES1000mN2025000E3149000,6185791451,
4440,CRS3035RES1000mN2025000E3149000,6188948286,96.0
4441,CRS3035RES1000mN2025000E3149000,6555800191,48.0
4442,CRS3035RES1000mN2025000E3149000,6885254479,82.0
4443,CRS3035RES1000mN2025000E3149000,7222611268,
4444,CRS3035RES1000mN2025000E3149000,7408961006,
4445,CRS3035RES1000mN2025000E3149000,7619964683,118.0
4446,CRS3035RES1000mN2025000E3149000,7836562695,95.0
4447,CRS3035RES1000mN2025000E3149000,8493729364,61.0
4448,CRS3035RES1000mN2025000E3149000,8557885377,102.0
4449,CRS3035RES1000mN2025000E3149000,8807212208,66.0
4450,CRS3035RES1000mN2025000E3149000,8844229173,72.0
4451,CRS3035RES1000mN2025000E3149000,8878422600,92.0
4452,CRS3035RES1000mN2025000E3149000,9595709188,75.0
4453,CRS3035RES1000mN2025000E3149000,9611387099,55.0
4454,CRS3035RES1000mN2025000E3149000,9712656915,61.0
4455,CRS3035RES1000mN2025000E3149000,9713142744,66.0
4456,CRS3035RES1000mN2025000E3149000,9815746657,
4457,CRS3035RES1000mN2025000E3149000,10004871512,88.0
4458,CRS3035RES1000mN2025000E3149000,10281174134,
4459,CRS3035RES1000mN2025000E3149000,10580337411,93.0
4460,CRS3035RES1000mN2025000E3149000,10899442604,64.0
4461,CRS3035RES1000mN2025000E3149000,10922657146,55.0
4462,CRS3035RES1000mN2025000E3149000,11127499928,94.0
4463,CRS3035RES1000mN2025000E3149000,11143725881,76.0
4464,CRS3035RES1000mN2025000E3149000,11243087140,89.0
4465,CRS3035RES1000mN2025000E3149000,11269399969,76.0
4466,CRS3035RES1000mN2025000E3149000,11287269362,92.0
4467,CRS3035RES1000mN2025000E3149000,11287269363,106.0
4468,CRS3035RES1000mN2025000E3149000,11369705764,99.0
4469,CRS3035RES1000mN2025000E3149000,11387776374,91.0
4470,CRS3035RES1000mN2025000E3149000,11461799040,
4471,CRS3035RES1000mN2025000E3149000,11462802981,73.0
4472,CRS3035RES1000mN2025000E3149000,11652077658,81.0
4473,CRS3035RES1000mN2025000E3149000,11691390164,66.0
4474,CRS3035RES1000mN2025000E3149000,11739757462,72.0
4475,CRS3035RES1000mN2025000E3149000,12178446726,57.0
4476,CRS3035RES1000mN2025000E3149000,12407425114,87.0
4477,CRS3035RES1000mN2025000E3149000,12865480228,90.0
4478,CRS3035RES1000mN2025000E3149000,2960630,52.0
4479,CRS3035RES1000mN2025000E3149000,3554044,47.0
4480,CRS3035RES1000mN2025000E3149000,3557906,68.0
4481,CRS3035RES1000mN2025000E3149000,5231361,71.0
4482,CRS3035RES1000mN2025000E3149000,9314566,105.0
4483,CRS3035RES1000mN2025000E3149000,13696257,97.0
4484,CRS3035RES1000mN2025000E3149000,15996131,67.0
4485,CRS3035RES1000mN2025000E3149000,23526191,80.0
4486,CRS3035RES1000mN2025000E3149000,23545719,83.0
4487,CRS3035RES1000mN2025000E3149000,30599279,49.0
4488,CRS3035RES1000mN2025000E3149000,30649229,67.0
4489,CRS3035RES1000mN2025000E3149000,32198651,
4490,CRS3035RES1000mN2025000E3149000,34945111,70.0
4491,CRS3035RES1000mN2025000E3149000,50170625,117.0
4492,CRS3035RES1000mN2025000E3149000,82887228,93.0
4493,CRS3035RES1000mN2025000E3149000,92484952,93.0
4494,CRS3035RES1000mN2025000E3149000,95794713,90.0
4495,CRS3035RES1000mN2025000E3149000,96418670,68.0
4496,CRS3035RES1000mN2025000E3149000,98502686,77.0
4497,CRS3035RES1000mN2025000E3149000,132613257,90.0
4498,CRS3035RES1000mN2025000E3149000,135036040,93.0
4499,CRS3035RES1000mN2025000E3149000,150772489,71.0
4500,CRS3035RES1000mN2025000E3149000,154118456,87.0
4501,CRS3035RES1000mN2025000E3149000,157375776,92.0
4502,CRS3035RES1000mN2025000E3149000,158211204,45.0
4503,CRS3035RES1000mN2025000E3149000,162072415,53.0
4504,CRS3035RES1000mN2025000E3149000,162117720,89.0
4505,CRS3035RES1000mN2025000E3149000,170487273,
4506,CRS3035RES1000mN2025000E3149000,172686062,45.0
4507,CRS3035RES1000mN2025000E3149000,174318235,67.0
4508,CRS3035RES1000mN2025000E3149000,174318237,62.0
4509,CRS3035RES1000mN2025000E3149000,205060159,
4510,CRS3035RES1000mN2025000E3149000,205757163,
4511,CRS3035RES1000mN2025000E3149000,221095520,94.0
4512,CRS3035RES1000mN2025000E3149000,224503374,71.0
4513,CRS3035RES1000mN2025000E3149000,227333462,86.0
4514,CRS3035RES1000mN2025000E3149000,229117454,75.0
4515,CRS3035RES1000mN2025000E3149000,261460389,
4516,CRS3035RES1000mN2025000E3149000,283450022,56.0
4517,CRS3035RES1000mN2025000E3149000,288994040,55.0
4518,CRS3035RES1000mN2025000E3149000,296744564,
4519,CRS3035RES1000mN2025000E3149000,297526406,83.0
4520,CRS3035RES1000mN2025000E3149000,300709861,81.0
4521,CRS3035RES1000mN2025000E3149000,301444634,96.0
4522,CRS3035RES1000mN2025000E3149000,302721609,102.0
4523,CRS3035RES1000mN2025000E3149000,308195630,108.0
4524,CRS3035RES1000mN2025000E3149000,312777902,55.0
4525,CRS3035RES1000mN2025000E3149000,330154630,
4526,CRS3035RES1000mN2025000E3149000,340205456,72.0
4527,CRS3035RES1000mN2025000E3149000,367883612,91.0
4528,CRS3035RES1000mN2025000E3149000,368211943,90.0
4529,CRS3035RES1000mN2025000E3149000,374180360,93.0
4530,CRS3035RES1000mN2025000E3149000,375369499,81.0
4531,CRS3035RES1000mN2025000E3149000,383494544,75.0
4532,CRS3035RES1000mN2025000E3149000,384574591,73.0
4533,CRS3035RES1000mN2025000E3149000,403538322,113.0
4534,CRS3035RES1000mN2025000E3149000,403859503,68.0
4535,CRS3035RES1000mN2025000E3149000,437050442,91.0
4536,CRS3035RES1000mN2025000E3149000,459881697,87.0
4537,CRS3035RES1000mN2025000E3149000,477278425,
4538,CRS3035RES1000mN2025000E3149000,486879235,
4539,CRS3035RES1000mN2025000E3149000,493748377,59.0
4540,CRS3035RES1000mN2025000E3149000,498234201,91.0
4541,CRS3035RES1000mN2025000E3149000,504315026,91.0
4542,CRS3035RES1000mN2025000E3149000,548701490,117.0
4543,CRS3035RES1000mN2025000E3149000,574210084,90.0
4544,CRS3035RES1000mN2025000E3149000,576094143,58.0
4545,CRS3035RES1000mN2025000E3149000,584409067,109.0
4546,CRS3035RES1000mN2025000E3149000,635512756,83.0
4547,CRS3035RES1000mN2025000E3149000,638492224,
4548,CRS3035RES1000mN2025000E3149000,653913062,92.0
4549,CRS3035RES1000mN2025000E3149000,659866770,82.0
4550,CRS3035RES1000mN2025000E3149000,697717972,45.0
4551,CRS3035RES1000mN2025000E3149000,717194862,107.0
4552,CRS3035RES1000mN2025000E3149000,736899303,107.0
4553,CRS3035RES1000mN2025000E3149000,738042217,106.0
4554,CRS3035RES1000mN2025000E3149000,839611983,119.0
4555,CRS3035RES1000mN2025000E3149000,957893520,65.0
4556,CRS3035RES1000mN2025000E3149000,963308110,93.0
4557,CRS3035RES1000mN2025000E3149000,1073283182,94.0
4558,CRS3035RES1000mN2025000E3149000,1252864015,85.0
4559,CRS3035RES1000mN2025000E3149000,1283203658,98.0
4560,CRS3035RES1000mN2026000E3144000,25526,61.0
4561,CRS3035RES1000mN2026000E3144000,1774,82.0
4562,CRS3035RES1000mN2026000E3144000,1770,98.0
4563,CRS3035RES1000mN2026000E3144000,1773,101.0
4564,CRS3035RES1000mN2026000E3144000,1771,74.0
4565,CRS3035RES1000mN2026000E3144000,123303,82.0
4566,CRS3035RES1000mN2026000E3144000,1764,76.0
4567,CRS3035RES1000mN2026000E3144000,181101,100.0
4568,CRS3035RES1000mN2026000E3144000,5765642,70.0
4569,CRS3035RES1000mN2026000E3144000,86719,85.0
4570,CRS3035RES1000mN2026000E3144000,1800,96.0
4571,CRS3035RES1000mN2026000E3144000,1757,62.0
4572,CRS3035RES1000mN2026000E3144000,1755,77.0
4573,CRS3035RES1000mN2026000E3144000,1882,71.0
4574,CRS3035RES1000mN2026000E3144000,1745,94.0
4575,CRS3035RES1000mN2026000E3144000,1794,90.0
4576,CRS3035RES1000mN2026000E3144000,1762,82.0
4577,CRS3035RES1000mN2026000E3144000,51188,81.0
4578,CRS3035RES1000mN2026000E3144000,6893633,85.0
4579,CRS3035RES1000mN2026000E3144000,167128,98.0
4580,CRS3035RES1000mN2026000E3144000,1760,85.0
4581,CRS3035RES1000mN2026000E3144000,12773298,88.0
4582,CRS3035RES1000mN2026000E3144000,1754,93.0
4583,CRS3035RES1000mN2026000E3144000,1748,96.0
4584,CRS3035RES1000mN2026000E3144000,79941,98.0
4585,CRS3035RES1000mN2026000E3144000,1750,91.0
4586,CRS3035RES1000mN2026000E3144000,5975465,76.0
4587,CRS3035RES1000mN2026000E3144000,115056,96.0
4588,CRS3035RES1000mN2026000E3144000,1790,89.0
4589,CRS3035RES1000mN2026000E3144000,1756,74.0
4590,CRS3035RES1000mN2026000E3144000,51849,91.0
4591,CRS3035RES1000mN2026000E3144000,185595,86.0
4592,CRS3035RES1000mN2026000E3144000,7697128,67.0
4593,CRS3035RES1000mN2026000E3144000,10395362,99.0
4594,CRS3035RES1000mN2026000E3144000,1759,84.0
4595,CRS3035RES1000mN2026000E3144000,1752,91.0
4596,CRS3035RES1000mN2026000E3144000,186714,87.0
4597,CRS3035RES1000mN2026000E3144000,1753,91.0
4598,CRS3035RES1000mN2026000E3144000,1792,92.0
4599,CRS3035RES1000mN2026000E3144000,1763,78.0
4600,CRS3035RES1000mN2026000E3144000,1746,98.0
4601,CRS3035RES1000mN2026000E3144000,11572165,91.0
4602,CRS3035RES1000mN2026000E3144000,1761,86.0
4603,CRS3035RES1000mN2026000E3144000,1747,100.0
4604,CRS3035RES1000mN2026000E3144000,5768564,60.0
4605,CRS3035RES1000mN2026000E3144000,1798,73.0
4606,CRS3035RES1000mN2026000E3144000,66904,91.0
4607,CRS3035RES1000mN2026000E3144000,1777,76.0
4608,CRS3035RES1000mN2026000E3144000,1765,84.0
4609,CRS3035RES1000mN2026000E3144000,49416,94.0
4610,CRS3035RES1000mN2026000E3144000,12734939,94.0
4611,CRS3035RES1000mN2026000E3144000,167386167,78.0
4612,CRS3035RES1000mN2026000E3144000,295933804,79.0
4613,CRS3035RES1000mN2026000E3144000,303340017,102.0
4614,CRS3035RES1000mN2026000E3144000,315355551,80.0
4615,CRS3035RES1000mN2026000E3144000,339084977,79.0
4616,CRS3035RES1000mN2026000E3144000,412911553,81.0
4617,CRS3035RES1000mN2026000E3144000,558126037,74.0
4618,CRS3035RES1000mN2026000E3144000,711789768,84.0
4619,CRS3035RES1000mN2026000E3144000,727666062,97.0
4620,CRS3035RES1000mN2026000E3144000,848085869,73.0
4621,CRS3035RES1000mN2026000E3144000,1056098898,91.0
4622,CRS3035RES1000mN2026000E3144000,1255438242,
4623,CRS3035RES1000mN2026000E3144000,1469985039,107.0
4624,CRS3035RES1000mN2026000E3144000,1504302537,
4625,CRS3035RES1000mN2026000E3144000,1511617504,52.0
4626,CRS3035RES1000mN2026000E3144000,1541601287,104.0
4627,CRS3035RES1000mN2026000E3144000,1544591296,92.0
4628,CRS3035RES1000mN2026000E3144000,1598174183,98.0
4629,CRS3035RES1000mN2026000E3144000,1629887846,102.0
4630,CRS3035RES1000mN2026000E3144000,1686660176,100.0
4631,CRS3035RES1000mN2026000E3144000,1716927336,100.0
4632,CRS3035RES1000mN2026000E3144000,1734554324,117.0
4633,CRS3035RES1000mN2026000E3144000,1849109335,104.0
4634,CRS3035RES1000mN2026000E3144000,2028408680,73.0
4635,CRS3035RES1000mN2026000E3144000,2036887702,
4636,CRS3035RES1000mN2026000E3144000,2061404218,103.0
4637,CRS3035RES1000mN2026000E3144000,2134238030,112.0
4638,CRS3035RES1000mN2026000E3144000,2261600754,
4639,CRS3035RES1000mN2026000E3144000,2301402027,110.0
4640,CRS3035RES1000mN2026000E3144000,2303966810,81.0
4641,CRS3035RES1000mN2026000E3144000,2312029862,101.0
4642,CRS3035RES1000mN2026000E3144000,2408860250,119.0
4643,CRS3035RES1000mN2026000E3144000,2620185829,84.0
4644,CRS3035RES1000mN2026000E3144000,2622508931,81.0
4645,CRS3035RES1000mN2026000E3144000,2672130951,
4646,CRS3035RES1000mN2026000E3144000,2710518818,113.0
4647,CRS3035RES1000mN2026000E3144000,3034026261,93.0
4648,CRS3035RES1000mN2026000E3144000,3179889751,
4649,CRS3035RES1000mN2026000E3144000,3206611978,
4650,CRS3035RES1000mN2026000E3144000,3272828439,75.0
4651,CRS3035RES1000mN2026000E3144000,3452364276,102.0
4652,CRS3035RES1000mN2026000E3144000,3452364277,85.0
4653,CRS3035RES1000mN2026000E3144000,3495733197,
4654,CRS3035RES1000mN2026000E3144000,3497154853,
4655,CRS3035RES1000mN2026000E3144000,3517755445,
4656,CRS3035RES1000mN2026000E3144000,3522125657,
4657,CRS3035RES1000mN2026000E3144000,3526751794,
4658,CRS3035RES1000mN2026000E3144000,3839306060,105.0
4659,CRS3035RES1000mN2026000E3144000,4214697664,67.0
4660,CRS3035RES1000mN2026000E3144000,4338252586,
4661,CRS3035RES1000mN2026000E3144000,4401271633,
4662,CRS3035RES1000mN2026000E3144000,4515476768,
4663,CRS3035RES1000mN2026000E3144000,4569910891,72.0
4664,CRS3035RES1000mN2026000E3144000,4703730491,82.0
4665,CRS3035RES1000mN2026000E3144000,4707870392,78.0
4666,CRS3035RES1000mN2026000E3144000,4789037769,116.0
4667,CRS3035RES1000mN2026000E3144000,4794233143,
4668,CRS3035RES1000mN2026000E3144000,4870405674,61.0
4669,CRS3035RES1000mN2026000E3144000,5139379922,91.0
4670,CRS3035RES1000mN2026000E3144000,5160337425,79.0
4671,CRS3035RES1000mN2026000E3144000,5196199575,83.0
4672,CRS3035RES1000mN2026000E3144000,5341570554,91.0
4673,CRS3035RES1000mN2026000E3144000,5345949864,110.0
4674,CRS3035RES1000mN2026000E3144000,5448507385,
4675,CRS3035RES1000mN2026000E3144000,5604693894,
4676,CRS3035RES1000mN2026000E3144000,5670401989,
4677,CRS3035RES1000mN2026000E3144000,5942671299,117.0
4678,CRS3035RES1000mN2026000E3144000,5943980960,37.0
4679,CRS3035RES1000mN2026000E3144000,6185791451,
4680,CRS3035RES1000mN2026000E3144000,6188948286,113.0
4681,CRS3035RES1000mN2026000E3144000,6555800191,52.0
4682,CRS3035RES1000mN2026000E3144000,6885254479,97.0
4683,CRS3035RES1000mN2026000E3144000,7222611268,
4684,CRS3035RES1000mN2026000E3144000,7408961006,
4685,CRS3035RES1000mN2026000E3144000,7619964683,
4686,CRS3035RES1000mN2026000E3144000,7836562695,114.0
4687,CRS3035RES1000mN2026000E3144000,8493729364,77.0
4688,CRS3035RES1000mN2026000E3144000,8557885377,
4689,CRS3035RES1000mN2026000E3144000,8807212208,79.0
4690,CRS3035RES1000mN2026000E3144000,8844229173,83.0
4691,CRS3035RES1000mN2026000E3144000,8878422600,100.0
4692,CRS3035RES1000mN2026000E3144000,9595709188,87.0
4693,CRS3035RES1000mN2026000E3144000,9611387099,72.0
4694,CRS3035RES1000mN2026000E3144000,9712656915,74.0
4695,CRS3035RES1000mN2026000E3144000,9713142744,78.0
4696,CRS3035RES1000mN2026000E3144000,9815746657,
4697,CRS3035RES1000mN2026000E3144000,10004871512,101.0
4698,CRS3035RES1000mN2026000E3144000,10281174134,
4699,CRS3035RES1000mN2026000E3144000,10580337411,109.0
4700,CRS3035RES1000mN2026000E3144000,10899442604,67.0
4701,CRS3035RES1000mN2026000E3144000,10922657146,58.0
4702,CRS3035RES1000mN2026000E3144000,11127499928,100.0
4703,CRS3035RES1000mN2026000E3144000,11143725881,98.0
4704,CRS3035RES1000mN2026000E3144000,11243087140,105.0
4705,CRS3035RES1000mN2026000E3144000,11269399969,89.0
4706,CRS3035RES1000mN2026000E3144000,11287269362,105.0
4707,CRS3035RES1000mN2026000E3144000,11287269363,
4708,CRS3035RES1000mN2026000E3144000,11369705764,115.0
4709,CRS3035RES1000mN2026000E3144000,11387776374,105.0
4710,CRS3035RES1000mN2026000E3144000,11461799040,
4711,CRS3035RES1000mN2026000E3144000,11462802981,89.0
4712,CRS3035RES1000mN2026000E3144000,11652077658,102.0
4713,CRS3035RES1000mN2026000E3144000,11691390164,80.0
4714,CRS3035RES1000mN2026000E3144000,11739757462,83.0
4715,CRS3035RES1000mN2026000E3144000,12178446726,74.0
4716,CRS3035RES1000mN2026000E3144000,12407425114,82.0
4717,CRS3035RES1000mN2026000E3144000,12865480228,106.0
4718,CRS3035RES1000mN2026000E3144000,2960630,58.0
4719,CRS3035RES1000mN2026000E3144000,3554044,62.0
4720,CRS3035RES1000mN2026000E3144000,3557906,78.0
4721,CRS3035RES1000mN2026000E3144000,5231361,84.0
4722,CRS3035RES1000mN2026000E3144000,9314566,
4723,CRS3035RES1000mN2026000E3144000,13696257,107.0
4724,CRS3035RES1000mN2026000E3144000,15996131,79.0
4725,CRS3035RES1000mN2026000E3144000,23526191,92.0
4726,CRS3035RES1000mN2026000E3144000,23545719,95.0
4727,CRS3035RES1000mN2026000E3144000,30599279,59.0
4728,CRS3035RES1000mN2026000E3144000,30649229,80.0
4729,CRS3035RES1000mN2026000E3144000,32198651,
4730,CRS3035RES1000mN2026000E3144000,34945111,75.0
4731,CRS3035RES1000mN2026000E3144000,50170625,
4732,CRS3035RES1000mN2026000E3144000,82887228,106.0
4733,CRS3035RES1000mN2026000E3144000,92484952,97.0
4734,CRS3035RES1000mN2026000E3144000,95794713,103.0
4735,CRS3035RES1000mN2026000E3144000,96418670,71.0
4736,CRS3035RES1000mN2026000E3144000,98502686,89.0
4737,CRS3035RES1000mN2026000E3144000,132613257,104.0
4738,CRS3035RES1000mN2026000E3144000,135036040,103.0
4739,CRS3035RES1000mN2026000E3144000,150772489,85.0
4740,CRS3035RES1000mN2026000E3144000,154118456,94.0
4741,CRS3035RES1000mN2026000E3144000,157375776,97.0
4742,CRS3035RES1000mN2026000E3144000,158211204,55.0
4743,CRS3035RES1000mN2026000E3144000,162072415,63.0
4744,CRS3035RES1000mN2026000E3144000,162117720,106.0
4745,CRS3035RES1000mN2026000E3144000,170487273,
4746,CRS3035RES1000mN2026000E3144000,172686062,47.0
4747,CRS3035RES1000mN2026000E3144000,174318235,73.0
4748,CRS3035RES1000mN2026000E3144000,174318237,65.0
4749,CRS3035RES1000mN2026000E3144000,205060159,
4750,CRS3035RES1000mN2026000E3144000,205757163,
4751,CRS3035RES1000mN2026000E3144000,221095520,109.0
4752,CRS3035RES1000mN2026000E3144000,224503374,82.0
4753,CRS3035RES1000mN2026000E3144000,227333462,87.0
4754,CRS3035RES1000mN2026000E3144000,229117454,97.0
4755,CRS3035RES1000mN2026000E3144000,261460389,
4756,CRS3035RES1000mN2026000E3144000,283450022,68.0
4757,CRS3035RES1000mN2026000E3144000,288994040,72.0
4758,CRS3035RES1000mN2026000E3144000,296744564,
4759,CRS3035RES1000mN2026000E3144000,297526406,98.0
4760,CRS3035RES1000mN2026000E3144000,300709861,85.0
4761,CRS3035RES1000mN2026000E3144000,301444634,85.0
4762,CRS3035RES1000mN2026000E3144000,302721609,106.0
4763,CRS3035RES1000mN2026000E3144000,308195630,
4764,CRS3035RES1000mN2026000E3144000,312777902,72.0
4765,CRS3035RES1000mN2026000E3144000,330154630,
4766,CRS3035RES1000mN2026000E3144000,340205456,86.0
4767,CRS3035RES1000mN2026000E3144000,367883612,104.0
4768,CRS3035RES1000mN2026000E3144000,368211943,105.0
4769,CRS3035RES1000mN2026000E3144000,374180360,105.0
4770,CRS3035RES1000mN2026000E3144000,375369499,88.0
4771,CRS3035RES1000mN2026000E3144000,383494544,86.0
4772,CRS3035RES1000mN2026000E3144000,384574591,81.0
4773,CRS3035RES1000mN2026000E3144000,403538322,113.0
4774,CRS3035RES1000mN2026000E3144000,403859503,81.0
4775,CRS3035RES1000mN2026000E3144000,437050442,100.0
4776,CRS3035RES1000mN2026000E3144000,459881697,88.0
4777,CRS3035RES1000mN2026000E3144000,477278425,
4778,CRS3035RES1000mN2026000E3144000,486879235,
4779,CRS3035RES1000mN2026000E3144000,493748377,72.0
4780,CRS3035RES1000mN2026000E3144000,498234201,100.0
4781,CRS3035RES1000mN2026000E3144000,504315026,107.0
4782,CRS3035RES1000mN2026000E3144000,548701490,
4783,CRS3035RES1000mN2026000E3144000,574210084,118.0
4784,CRS3035RES1000mN2026000E3144000,576094143,69.0
4785,CRS3035RES1000mN2026000E3144000,584409067,
4786,CRS3035RES1000mN2026000E3144000,635512756,98.0
4787,CRS3035RES1000mN2026000E3144000,638492224,
4788,CRS3035RES1000mN2026000E3144000,653913062,100.0
4789,CRS3035RES1000mN2026000E3144000,659866770,
4790,CRS3035RES1000mN2026000E3144000,697717972,43.0
4791,CRS3035RES1000mN2026000E3144000,717194862,
4792,CRS3035RES1000mN2026000E3144000,736899303,117.0
4793,CRS3035RES1000mN2026000E3144000,738042217,106.0
4794,CRS3035RES1000mN2026000E3144000,839611983,
4795,CRS3035RES1000mN2026000E3144000,957893520,80.0
4796,CRS3035RES1000mN2026000E3144000,963308110,106.0
4797,CRS3035RES1000mN2026000E3144000,1073283182,103.0
4798,CRS3035RES1000mN2026000E3144000,1252864015,98.0
4799,CRS3035RES1000mN2026000E3144000,1283203658,
4800,CRS3035RES1000mN2026000E3145000,25526,70.0
4801,CRS3035RES1000mN2026000E3145000,1774,92.0
4802,CRS3035RES1000mN2026000E3145000,1770,108.0
4803,CRS3035RES1000mN2026000E3145000,1773,111.0
4804,CRS3035RES1000mN2026000E3145000,1771,85.0
4805,CRS3035RES1000mN2026000E3145000,123303,92.0
4806,CRS3035RES1000mN2026000E3145000,1764,87.0
4807,CRS3035RES1000mN2026000E3145000,181101,111.0
4808,CRS3035RES1000mN2026000E3145000,5765642,77.0
4809,CRS3035RES1000mN2026000E3145000,86719,103.0
4810,CRS3035RES1000mN2026000E3145000,1800,107.0
4811,CRS3035RES1000mN2026000E3145000,1757,73.0
4812,CRS3035RES1000mN2026000E3145000,1755,86.0
4813,CRS3035RES1000mN2026000E3145000,1882,82.0
4814,CRS3035RES1000mN2026000E3145000,1745,104.0
4815,CRS3035RES1000mN2026000E3145000,1794,100.0
4816,CRS3035RES1000mN2026000E3145000,1762,92.0
4817,CRS3035RES1000mN2026000E3145000,51188,91.0
4818,CRS3035RES1000mN2026000E3145000,6893633,97.0
4819,CRS3035RES1000mN2026000E3145000,167128,108.0
4820,CRS3035RES1000mN2026000E3145000,1760,95.0
4821,CRS3035RES1000mN2026000E3145000,12773298,106.0
4822,CRS3035RES1000mN2026000E3145000,1754,102.0
4823,CRS3035RES1000mN2026000E3145000,1748,108.0
4824,CRS3035RES1000mN2026000E3145000,79941,109.0
4825,CRS3035RES1000mN2026000E3145000,1750,101.0
4826,CRS3035RES1000mN2026000E3145000,5975465,87.0
4827,CRS3035RES1000mN2026000E3145000,115056,107.0
4828,CRS3035RES1000mN2026000E3145000,1790,99.0
4829,CRS3035RES1000mN2026000E3145000,1756,81.0
4830,CRS3035RES1000mN2026000E3145000,51849,102.0
4831,CRS3035RES1000mN2026000E3145000,185595,96.0
4832,CRS3035RES1000mN2026000E3145000,7697128,78.0
4833,CRS3035RES1000mN2026000E3145000,10395362,108.0
4834,CRS3035RES1000mN2026000E3145000,1759,94.0
4835,CRS3035RES1000mN2026000E3145000,1752,101.0
4836,CRS3035RES1000mN2026000E3145000,186714,98.0
4837,CRS3035RES1000mN2026000E3145000,1753,102.0
4838,CRS3035RES1000mN2026000E3145000,1792,104.0
4839,CRS3035RES1000mN2026000E3145000,1763,88.0
4840,CRS3035RES1000mN2026000E3145000,1746,109.0
4841,CRS3035RES1000mN2026000E3145000,11572165,102.0
4842,CRS3035RES1000mN2026000E3145000,1761,97.0
4843,CRS3035RES1000mN2026000E3145000,1747,112.0
4844,CRS3035RES1000mN2026000E3145000,5768564,72.0
4845,CRS3035RES1000mN2026000E3145000,1798,83.0
4846,CRS3035RES1000mN2026000E3145000,66904,97.0
4847,CRS3035RES1000mN2026000E3145000,1777,86.0
4848,CRS3035RES1000mN2026000E3145000,1765,96.0
4849,CRS3035RES1000mN2026000E3145000,49416,105.0
4850,CRS3035RES1000mN2026000E3145000,12734939,105.0
4851,CRS3035RES1000mN2026000E3145000,167386167,87.0
4852,CRS3035RES1000mN2026000E3145000,295933804,97.0
4853,CRS3035RES1000mN2026000E3145000,303340017,102.0
4854,CRS3035RES1000mN2026000E3145000,315355551,100.0
4855,CRS3035RES1000mN2026000E3145000,339084977,89.0
4856,CRS3035RES1000mN2026000E3145000,412911553,91.0
4857,CRS3035RES1000mN2026000E3145000,558126037,87.0
4858,CRS3035RES1000mN2026000E3145000,711789768,84.0
4859,CRS3035RES1000mN2026000E3145000,727666062,100.0
4860,CRS3035RES1000mN2026000E3145000,848085869,85.0
4861,CRS3035RES1000mN2026000E3145000,1056098898,101.0
4862,CRS3035RES1000mN2026000E3145000,1255438242,
4863,CRS3035RES1000mN2026000E3145000,1469985039,118.0
4864,CRS3035RES1000mN2026000E3145000,1504302537,
4865,CRS3035RES1000mN2026000E3145000,1511617504,67.0
4866,CRS3035RES1000mN2026000E3145000,1541601287,109.0
4867,CRS3035RES1000mN2026000E3145000,1544591296,101.0
4868,CRS3035RES1000mN2026000E3145000,1598174183,113.0
4869,CRS3035RES1000mN2026000E3145000,1629887846,118.0
4870,CRS3035RES1000mN2026000E3145000,1686660176,110.0
4871,CRS3035RES1000mN2026000E3145000,1716927336,
4872,CRS3035RES1000mN2026000E3145000,1734554324,
4873,CRS3035RES1000mN2026000E3145000,1849109335,107.0
4874,CRS3035RES1000mN2026000E3145000,2028408680,88.0
4875,CRS3035RES1000mN2026000E3145000,2036887702,
4876,CRS3035RES1000mN2026000E3145000,2061404218,104.0
4877,CRS3035RES1000mN2026000E3145000,2134238030,
4878,CRS3035RES1000mN2026000E3145000,2261600754,
4879,CRS3035RES1000mN2026000E3145000,2301402027,
4880,CRS3035RES1000mN2026000E3145000,2303966810,81.0
4881,CRS3035RES1000mN2026000E3145000,2312029862,116.0
4882,CRS3035RES1000mN2026000E3145000,2408860250,119.0
4883,CRS3035RES1000mN2026000E3145000,2620185829,94.0
4884,CRS3035RES1000mN2026000E3145000,2622508931,90.0
4885,CRS3035RES1000mN2026000E3145000,2672130951,
4886,CRS3035RES1000mN2026000E3145000,2710518818,
4887,CRS3035RES1000mN2026000E3145000,3034026261,
4888,CRS3035RES1000mN2026000E3145000,3179889751,
4889,CRS3035RES1000mN2026000E3145000,3206611978,
4890,CRS3035RES1000mN2026000E3145000,3272828439,98.0
4891,CRS3035RES1000mN2026000E3145000,3452364276,113.0
4892,CRS3035RES1000mN2026000E3145000,3452364277,96.0
4893,CRS3035RES1000mN2026000E3145000,3495733197,
4894,CRS3035RES1000mN2026000E3145000,3497154853,
4895,CRS3035RES1000mN2026000E3145000,3517755445,
4896,CRS3035RES1000mN2026000E3145000,3522125657,
4897,CRS3035RES1000mN2026000E3145000,3526751794,
4898,CRS3035RES1000mN2026000E3145000,3839306060,115.0
4899,CRS3035RES1000mN2026000E3145000,4214697664,77.0
4900,CRS3035RES1000mN2026000E3145000,4338252586,
4901,CRS3035RES1000mN2026000E3145000,4401271633,
4902,CRS3035RES1000mN2026000E3145000,4515476768,
4903,CRS3035RES1000mN2026000E3145000,4569910891,83.0
4904,CRS3035RES1000mN2026000E3145000,4703730491,92.0
4905,CRS3035RES1000mN2026000E3145000,4707870392,87.0
4906,CRS3035RES1000mN2026000E3145000,4789037769,
4907,CRS3035RES1000mN2026000E3145000,4794233143,
4908,CRS3035RES1000mN2026000E3145000,4870405674,75.0
4909,CRS3035RES1000mN2026000E3145000,5139379922,96.0
4910,CRS3035RES1000mN2026000E3145000,5160337425,89.0
4911,CRS3035RES1000mN2026000E3145000,5196199575,97.0
4912,CRS3035RES1000mN2026000E3145000,5341570554,101.0
4913,CRS3035RES1000mN2026000E3145000,5345949864,
4914,CRS3035RES1000mN2026000E3145000,5448507385,
4915,CRS3035RES1000mN2026000E3145000,5604693894,
4916,CRS3035RES1000mN2026000E3145000,5670401989,
4917,CRS3035RES1000mN2026000E3145000,5942671299,
4918,CRS3035RES1000mN2026000E3145000,5943980960,42.0
4919,CRS3035RES1000mN2026000E3145000,6185791451,
4920,CRS3035RES1000mN2026000E3145000,6188948286,
4921,CRS3035RES1000mN2026000E3145000,6555800191,73.0
4922,CRS3035RES1000mN2026000E3145000,6885254479,104.0
4923,CRS3035RES1000mN2026000E3145000,7222611268,
4924,CRS3035RES1000mN2026000E3145000,7408961006,
4925,CRS3035RES1000mN2026000E3145000,7619964683,
4926,CRS3035RES1000mN2026000E3145000,7836562695,
4927,CRS3035RES1000mN2026000E3145000,8493729364,88.0
4928,CRS3035RES1000mN2026000E3145000,8557885377,
4929,CRS3035RES1000mN2026000E3145000,8807212208,88.0
4930,CRS3035RES1000mN2026000E3145000,8844229173,94.0
4931,CRS3035RES1000mN2026000E3145000,8878422600,101.0
4932,CRS3035RES1000mN2026000E3145000,9595709188,97.0
4933,CRS3035RES1000mN2026000E3145000,9611387099,82.0
4934,CRS3035RES1000mN2026000E3145000,9712656915,84.0
4935,CRS3035RES1000mN2026000E3145000,9713142744,89.0
4936,CRS3035RES1000mN2026000E3145000,9815746657,
4937,CRS3035RES1000mN2026000E3145000,10004871512,116.0
4938,CRS3035RES1000mN2026000E3145000,10281174134,
4939,CRS3035RES1000mN2026000E3145000,10580337411,119.0
4940,CRS3035RES1000mN2026000E3145000,10899442604,89.0
4941,CRS3035RES1000mN2026000E3145000,10922657146,80.0
4942,CRS3035RES1000mN2026000E3145000,11127499928,
4943,CRS3035RES1000mN2026000E3145000,11143725881,113.0
4944,CRS3035RES1000mN2026000E3145000,11243087140,111.0
4945,CRS3035RES1000mN2026000E3145000,11269399969,99.0
4946,CRS3035RES1000mN2026000E3145000,11287269362,
4947,CRS3035RES1000mN2026000E3145000,11287269363,
4948,CRS3035RES1000mN2026000E3145000,11369705764,
4949,CRS3035RES1000mN2026000E3145000,11387776374,116.0
4950,CRS3035RES1000mN2026000E3145000,11461799040,
4951,CRS3035RES1000mN2026000E3145000,11462802981,100.0
4952,CRS3035RES1000mN2026000E3145000,11652077658,112.0
4953,CRS3035RES1000mN2026000E3145000,11691390164,90.0
4954,CRS3035RES1000mN2026000E3145000,11739757462,102.0
4955,CRS3035RES1000mN2026000E3145000,12178446726,83.0
4956,CRS3035RES1000mN2026000E3145000,12407425114,85.0
4957,CRS3035RES1000mN2026000E3145000,12865480228,116.0
4958,CRS3035RES1000mN2026000E3145000,2960630,81.0
4959,CRS3035RES1000mN2026000E3145000,3554044,77.0
4960,CRS3035RES1000mN2026000E3145000,3557906,97.0
4961,CRS3035RES1000mN2026000E3145000,5231361,94.0
4962,CRS3035RES1000mN2026000E3145000,9314566,
4963,CRS3035RES1000mN2026000E3145000,13696257,119.0
4964,CRS3035RES1000mN2026000E3145000,15996131,89.0
4965,CRS3035RES1000mN2026000E3145000,23526191,101.0
4966,CRS3035RES1000mN2026000E3145000,23545719,105.0
4967,CRS3035RES1000mN2026000E3145000,30599279,79.0
4968,CRS3035RES1000mN2026000E3145000,30649229,90.0
4969,CRS3035RES1000mN2026000E3145000,32198651,
4970,CRS3035RES1000mN2026000E3145000,34945111,97.0
4971,CRS3035RES1000mN2026000E3145000,50170625,
4972,CRS3035RES1000mN2026000E3145000,82887228,114.0
4973,CRS3035RES1000mN2026000E3145000,92484952,112.0
4974,CRS3035RES1000mN2026000E3145000,95794713,115.0
4975,CRS3035RES1000mN2026000E3145000,96418670,93.0
4976,CRS3035RES1000mN2026000E3145000,98502686,94.0
4977,CRS3035RES1000mN2026000E3145000,132613257,116.0
4978,CRS3035RES1000mN2026000E3145000,135036040,119.0
4979,CRS3035RES1000mN2026000E3145000,150772489,95.0
4980,CRS3035RES1000mN2026000E3145000,154118456,104.0
4981,CRS3035RES1000mN2026000E3145000,157375776,119.0
4982,CRS3035RES1000mN2026000E3145000,158211204,76.0
4983,CRS3035RES1000mN2026000E3145000,162072415,83.0
4984,CRS3035RES1000mN2026000E3145000,162117720,108.0
4985,CRS3035RES1000mN2026000E3145000,170487273,
4986,CRS3035RES1000mN2026000E3145000,172686062,67.0
4987,CRS3035RES1000mN2026000E3145000,174318235,92.0
4988,CRS3035RES1000mN2026000E3145000,174318237,87.0
4989,CRS3035RES1000mN2026000E3145000,205060159,
4990,CRS3035RES1000mN2026000E3145000,205757163,
4991,CRS3035RES1000mN2026000E3145000,221095520,119.0
4992,CRS3035RES1000mN2026000E3145000,224503374,94.0
4993,CRS3035RES1000mN2026000E3145000,227333462,88.0
4994,CRS3035RES1000mN2026000E3145000,229117454,112.0
4995,CRS3035RES1000mN2026000E3145000,261460389,
4996,CRS3035RES1000mN2026000E3145000,283450022,79.0
4997,CRS3035RES1000mN2026000E3145000,288994040,82.0
4998,CRS3035RES1000mN2026000E3145000,296744564,
4999,CRS3035RES1000mN2026000E3145000,297526406,
5000,CRS3035RES1000mN2026000E3145000,300709861,111.0
5001,CRS3035RES1000mN2026000E3145000,301444634,88.0
5002,CRS3035RES1000mN2026000E3145000,302721609,
5003,CRS3035RES1000mN2026000E3145000,308195630,
5004,CRS3035RES1000mN2026000E3145000,312777902,82.0
5005,CRS3035RES1000mN2026000E3145000,330154630,
5006,CRS3035RES1000mN2026000E3145000,340205456,95.0
5007,CRS3035RES1000mN2026000E3145000,367883612,112.0
5008,CRS3035RES1000mN2026000E3145000,368211943,113.0
5009,CRS3035RES1000mN2026000E3145000,374180360,118.0
5010,CRS3035RES1000mN2026000E3145000,375369499,98.0
5011,CRS3035RES1000mN2026000E3145000,383494544,97.0
5012,CRS3035RES1000mN2026000E3145000,384574591,100.0
5013,CRS3035RES1000mN2026000E3145000,403538322,
5014,CRS3035RES1000mN2026000E3145000,403859503,91.0
5015,CRS3035RES1000mN2026000E3145000,437050442,
5016,CRS3035RES1000mN2026000E3145000,459881697,89.0
5017,CRS3035RES1000mN2026000E3145000,477278425,
5018,CRS3035RES1000mN2026000E3145000,486879235,
5019,CRS3035RES1000mN2026000E3145000,493748377,81.0
5020,CRS3035RES1000mN2026000E3145000,498234201,
5021,CRS3035RES1000mN2026000E3145000,504315026,117.0
5022,CRS3035RES1000mN2026000E3145000,548701490,
5023,CRS3035RES1000mN2026000E3145000,574210084,
5024,CRS3035RES1000mN2026000E3145000,576094143,84.0
5025,CRS3035RES1000mN2026000E3145000,584409067,
5026,CRS3035RES1000mN2026000E3145000,635512756,
5027,CRS3035RES1000mN2026000E3145000,638492224,
5028,CRS3035RES1000mN2026000E3145000,653913062,118.0
5029,CRS3035RES1000mN2026000E3145000,659866770,
5030,CRS3035RES1000mN2026000E3145000,697717972,51.0
5031,CRS3035RES1000mN2026000E3145000,717194862,
5032,CRS3035RES1000mN2026000E3145000,736899303,
5033,CRS3035RES1000mN2026000E3145000,738042217,
5034,CRS3035RES1000mN2026000E3145000,839611983,
5035,CRS3035RES1000mN2026000E3145000,957893520,91.0
5036,CRS3035RES1000mN2026000E3145000,963308110,119.0
5037,CRS3035RES1000mN2026000E3145000,1073283182,
5038,CRS3035RES1000mN2026000E3145000,1252864015,113.0
5039,CRS3035RES1000mN2026000E3145000,1283203658,
5040,CRS3035RES1000mN2026000E3146000,25526,70.0
5041,CRS3035RES1000mN2026000E3146000,1774,92.0
5042,CRS3035RES1000mN2026000E3146000,1770,108.0
5043,CRS3035RES1000mN2026000E3146000,1773,111.0
5044,CRS3035RES1000mN2026000E3146000,1771,85.0
5045,CRS3035RES1000mN2026000E3146000,123303,92.0
5046,CRS3035RES1000mN2026000E3146000,1764,87.0
5047,CRS3035RES1000mN2026000E3146000,181101,111.0
5048,CRS3035RES1000mN2026000E3146000,5765642,77.0
5049,CRS3035RES1000mN2026000E3146000,86719,99.0
5050,CRS3035RES1000mN2026000E3146000,1800,107.0
5051,CRS3035RES1000mN2026000E3146000,1757,72.0
5052,CRS3035RES1000mN2026000E3146000,1755,86.0
5053,CRS3035RES1000mN2026000E3146000,1882,81.0
5054,CRS3035RES1000mN2026000E3146000,1745,105.0
5055,CRS3035RES1000mN2026000E3146000,1794,100.0
5056,CRS3035RES1000mN2026000E3146000,1762,92.0
5057,CRS3035RES1000mN2026000E3146000,51188,91.0
5058,CRS3035RES1000mN2026000E3146000,6893633,96.0
5059,CRS3035RES1000mN2026000E3146000,167128,108.0
5060,CRS3035RES1000mN2026000E3146000,1760,96.0
5061,CRS3035RES1000mN2026000E3146000,12773298,105.0
5062,CRS3035RES1000mN2026000E3146000,1754,101.0
5063,CRS3035RES1000mN2026000E3146000,1748,108.0
5064,CRS3035RES1000mN2026000E3146000,79941,109.0
5065,CRS3035RES1000mN2026000E3146000,1750,101.0
5066,CRS3035RES1000mN2026000E3146000,5975465,86.0
5067,CRS3035RES1000mN2026000E3146000,115056,107.0
5068,CRS3035RES1000mN2026000E3146000,1790,99.0
5069,CRS3035RES1000mN2026000E3146000,1756,82.0
5070,CRS3035RES1000mN2026000E3146000,51849,102.0
5071,CRS3035RES1000mN2026000E3146000,185595,95.0
5072,CRS3035RES1000mN2026000E3146000,7697128,78.0
5073,CRS3035RES1000mN2026000E3146000,10395362,110.0
5074,CRS3035RES1000mN2026000E3146000,1759,94.0
5075,CRS3035RES1000mN2026000E3146000,1752,101.0
5076,CRS3035RES1000mN2026000E3146000,186714,98.0
5077,CRS3035RES1000mN2026000E3146000,1753,101.0
5078,CRS3035RES1000mN2026000E3146000,1792,104.0
5079,CRS3035RES1000mN2026000E3146000,1763,88.0
5080,CRS3035RES1000mN2026000E3146000,1746,109.0
5081,CRS3035RES1000mN2026000E3146000,11572165,102.0
5082,CRS3035RES1000mN2026000E3146000,1761,96.0
5083,CRS3035RES1000mN2026000E3146000,1747,112.0
5084,CRS3035RES1000mN2026000E3146000,5768564,72.0
5085,CRS3035RES1000mN2026000E3146000,1798,84.0
5086,CRS3035RES1000mN2026000E3146000,66904,98.0
5087,CRS3035RES1000mN2026000E3146000,1777,86.0
5088,CRS3035RES1000mN2026000E3146000,1765,95.0
5089,CRS3035RES1000mN2026000E3146000,49416,106.0
5090,CRS3035RES1000mN2026000E3146000,12734939,106.0
5091,CRS3035RES1000mN2026000E3146000,167386167,87.0
5092,CRS3035RES1000mN2026000E3146000,295933804,97.0
5093,CRS3035RES1000mN2026000E3146000,303340017,102.0
5094,CRS3035RES1000mN2026000E3146000,315355551,101.0
5095,CRS3035RES1000mN2026000E3146000,339084977,89.0
5096,CRS3035RES1000mN2026000E3146000,412911553,91.0
5097,CRS3035RES1000mN2026000E3146000,558126037,87.0
5098,CRS3035RES1000mN2026000E3146000,711789768,84.0
5099,CRS3035RES1000mN2026000E3146000,727666062,101.0
5100,CRS3035RES1000mN2026000E3146000,848085869,85.0
5101,CRS3035RES1000mN2026000E3146000,1056098898,101.0
5102,CRS3035RES1000mN2026000E3146000,1255438242,
5103,CRS3035RES1000mN2026000E3146000,1469985039,118.0
5104,CRS3035RES1000mN2026000E3146000,1504302537,
5105,CRS3035RES1000mN2026000E3146000,1511617504,67.0
5106,CRS3035RES1000mN2026000E3146000,1541601287,109.0
5107,CRS3035RES1000mN2026000E3146000,1544591296,101.0
5108,CRS3035RES1000mN2026000E3146000,1598174183,113.0
5109,CRS3035RES1000mN2026000E3146000,1629887846,118.0
5110,CRS3035RES1000mN2026000E3146000,1686660176,110.0
5111,CRS3035RES1000mN2026000E3146000,1716927336,
5112,CRS3035RES1000mN2026000E3146000,1734554324,
5113,CRS3035RES1000mN2026000E3146000,1849109335,107.0
5114,CRS3035RES1000mN2026000E3146000,2028408680,88.0
5115,CRS3035RES1000mN2026000E3146000,2036887702,
5116,CRS3035RES1000mN2026000E3146000,2061404218,104.0
5117,CRS3035RES1000mN2026000E3146000,2134238030,
5118,CRS3035RES1000mN2026000E3146000,2261600754,
5119,CRS3035RES1000mN2026000E3146000,2301402027,
5120,CRS3035RES1000mN2026000E3146000,2303966810,81.0
5121,CRS3035RES1000mN2026000E3146000,2312029862,116.0
5122,CRS3035RES1000mN2026000E3146000,2408860250,119.0
5123,CRS3035RES1000mN2026000E3146000,2620185829,94.0
5124,CRS3035RES1000mN2026000E3146000,2622508931,91.0
5125,CRS3035RES1000mN2026000E3146000,2672130951,
5126,CRS3035RES1000mN2026000E3146000,2710518818,
5127,CRS3035RES1000mN2026000E3146000,3034026261,
5128,CRS3035RES1000mN2026000E3146000,3179889751,
5129,CRS3035RES1000mN2026000E3146000,3206611978,
5130,CRS3035RES1000mN2026000E3146000,3272828439,92.0
5131,CRS3035RES1000mN2026000E3146000,3452364276,114.0
5132,CRS3035RES1000mN2026000E3146000,3452364277,96.0
5133,CRS3035RES1000mN2026000E3146000,3495733197,
5134,CRS3035RES1000mN2026000E3146000,3497154853,
5135,CRS3035RES1000mN2026000E3146000,3517755445,
5136,CRS3035RES1000mN2026000E3146000,3522125657,
5137,CRS3035RES1000mN2026000E3146000,3526751794,
5138,CRS3035RES1000mN2026000E3146000,3839306060,115.0
5139,CRS3035RES1000mN2026000E3146000,4214697664,77.0
5140,CRS3035RES1000mN2026000E3146000,4338252586,
5141,CRS3035RES1000mN2026000E3146000,4401271633,
5142,CRS3035RES1000mN2026000E3146000,4515476768,
5143,CRS3035RES1000mN2026000E3146000,4569910891,83.0
5144,CRS3035RES1000mN2026000E3146000,4703730491,93.0
5145,CRS3035RES1000mN2026000E3146000,4707870392,86.0
5146,CRS3035RES1000mN2026000E3146000,4789037769,
5147,CRS3035RES1000mN2026000E3146000,4794233143,
5148,CRS3035RES1000mN2026000E3146000,4870405674,75.0
5149,CRS3035RES1000mN2026000E3146000,5139379922,95.0
5150,CRS3035RES1000mN2026000E3146000,5160337425,89.0
5151,CRS3035RES1000mN2026000E3146000,5196199575,99.0
5152,CRS3035RES1000mN2026000E3146000,5341570554,101.0
5153,CRS3035RES1000mN2026000E3146000,5345949864,
5154,CRS3035RES1000mN2026000E3146000,5448507385,
5155,CRS3035RES1000mN2026000E3146000,5604693894,
5156,CRS3035RES1000mN2026000E3146000,5670401989,
5157,CRS3035RES1000mN2026000E3146000,5942671299,
5158,CRS3035RES1000mN2026000E3146000,5943980960,45.0
5159,CRS3035RES1000mN2026000E3146000,6185791451,
5160,CRS3035RES1000mN2026000E3146000,6188948286,
5161,CRS3035RES1000mN2026000E3146000,6555800191,67.0
5162,CRS3035RES1000mN2026000E3146000,6885254479,104.0
5163,CRS3035RES1000mN2026000E3146000,7222611268,
5164,CRS3035RES1000mN2026000E3146000,7408961006,
5165,CRS3035RES1000mN2026000E3146000,7619964683,
5166,CRS3035RES1000mN2026000E3146000,7836562695,
5167,CRS3035RES1000mN2026000E3146000,8493729364,87.0
5168,CRS3035RES1000mN2026000E3146000,8557885377,
5169,CRS3035RES1000mN2026000E3146000,8807212208,88.0
5170,CRS3035RES1000mN2026000E3146000,8844229173,94.0
5171,CRS3035RES1000mN2026000E3146000,8878422600,101.0
5172,CRS3035RES1000mN2026000E3146000,9595709188,97.0
5173,CRS3035RES1000mN2026000E3146000,9611387099,82.0
5174,CRS3035RES1000mN2026000E3146000,9712656915,85.0
5175,CRS3035RES1000mN2026000E3146000,9713142744,88.0
5176,CRS3035RES1000mN2026000E3146000,9815746657,
5177,CRS3035RES1000mN2026000E3146000,10004871512,116.0
5178,CRS3035RES1000mN2026000E3146000,10281174134,
5179,CRS3035RES1000mN2026000E3146000,10580337411,119.0
5180,CRS3035RES1000mN2026000E3146000,10899442604,82.0
5181,CRS3035RES1000mN2026000E3146000,10922657146,73.0
5182,CRS3035RES1000mN2026000E3146000,11127499928,
5183,CRS3035RES1000mN2026000E3146000,11143725881,113.0
5184,CRS3035RES1000mN2026000E3146000,11243087140,110.0
5185,CRS3035RES1000mN2026000E3146000,11269399969,99.0
5186,CRS3035RES1000mN2026000E3146000,11287269362,
5187,CRS3035RES1000mN2026000E3146000,11287269363,
5188,CRS3035RES1000mN2026000E3146000,11369705764,
5189,CRS3035RES1000mN2026000E3146000,11387776374,116.0
5190,CRS3035RES1000mN2026000E3146000,11461799040,
5191,CRS3035RES1000mN2026000E3146000,11462802981,100.0
5192,CRS3035RES1000mN2026000E3146000,11652077658,112.0
5193,CRS3035RES1000mN2026000E3146000,11691390164,90.0
5194,CRS3035RES1000mN2026000E3146000,11739757462,94.0
5195,CRS3035RES1000mN2026000E3146000,12178446726,83.0
5196,CRS3035RES1000mN2026000E3146000,12407425114,86.0
5197,CRS3035RES1000mN2026000E3146000,12865480228,116.0
5198,CRS3035RES1000mN2026000E3146000,2960630,73.0
5199,CRS3035RES1000mN2026000E3146000,3554044,75.0
5200,CRS3035RES1000mN2026000E3146000,3557906,93.0
5201,CRS3035RES1000mN2026000E3146000,5231361,94.0
5202,CRS3035RES1000mN2026000E3146000,9314566,
5203,CRS3035RES1000mN2026000E3146000,13696257,119.0
5204,CRS3035RES1000mN2026000E3146000,15996131,90.0
5205,CRS3035RES1000mN2026000E3146000,23526191,102.0
5206,CRS3035RES1000mN2026000E3146000,23545719,105.0
5207,CRS3035RES1000mN2026000E3146000,30599279,75.0
5208,CRS3035RES1000mN2026000E3146000,30649229,90.0
5209,CRS3035RES1000mN2026000E3146000,32198651,
5210,CRS3035RES1000mN2026000E3146000,34945111,90.0
5211,CRS3035RES1000mN2026000E3146000,50170625,
5212,CRS3035RES1000mN2026000E3146000,82887228,114.0
5213,CRS3035RES1000mN2026000E3146000,92484952,112.0
5214,CRS3035RES1000mN2026000E3146000,95794713,116.0
5215,CRS3035RES1000mN2026000E3146000,96418670,86.0
5216,CRS3035RES1000mN2026000E3146000,98502686,94.0
5217,CRS3035RES1000mN2026000E3146000,132613257,116.0
5218,CRS3035RES1000mN2026000E3146000,135036040,
5219,CRS3035RES1000mN2026000E3146000,150772489,95.0
5220,CRS3035RES1000mN2026000E3146000,154118456,104.0
5221,CRS3035RES1000mN2026000E3146000,157375776,
5222,CRS3035RES1000mN2026000E3146000,158211204,68.0
5223,CRS3035RES1000mN2026000E3146000,162072415,79.0
5224,CRS3035RES1000mN2026000E3146000,162117720,108.0
5225,CRS3035RES1000mN2026000E3146000,170487273,
5226,CRS3035RES1000mN2026000E3146000,172686062,59.0
5227,CRS3035RES1000mN2026000E3146000,174318235,88.0
5228,CRS3035RES1000mN2026000E3146000,174318237,81.0
5229,CRS3035RES1000mN2026000E3146000,205060159,
5230,CRS3035RES1000mN2026000E3146000,205757163,
5231,CRS3035RES1000mN2026000E3146000,221095520,119.0
5232,CRS3035RES1000mN2026000E3146000,224503374,93.0
5233,CRS3035RES1000mN2026000E3146000,227333462,88.0
5234,CRS3035RES1000mN2026000E3146000,229117454,112.0
5235,CRS3035RES1000mN2026000E3146000,261460389,
5236,CRS3035RES1000mN2026000E3146000,283450022,78.0
5237,CRS3035RES1000mN2026000E3146000,288994040,82.0
5238,CRS3035RES1000mN2026000E3146000,296744564,
5239,CRS3035RES1000mN2026000E3146000,297526406,
5240,CRS3035RES1000mN2026000E3146000,300709861,104.0
5241,CRS3035RES1000mN2026000E3146000,301444634,89.0
5242,CRS3035RES1000mN2026000E3146000,302721609,
5243,CRS3035RES1000mN2026000E3146000,308195630,
5244,CRS3035RES1000mN2026000E3146000,312777902,82.0
5245,CRS3035RES1000mN2026000E3146000,330154630,
5246,CRS3035RES1000mN2026000E3146000,340205456,96.0
5247,CRS3035RES1000mN2026000E3146000,367883612,112.0
5248,CRS3035RES1000mN2026000E3146000,368211943,113.0
5249,CRS3035RES1000mN2026000E3146000,374180360,118.0
5250,CRS3035RES1000mN2026000E3146000,375369499,98.0
5251,CRS3035RES1000mN2026000E3146000,383494544,97.0
5252,CRS3035RES1000mN2026000E3146000,384574591,96.0
5253,CRS3035RES1000mN2026000E3146000,403538322,
5254,CRS3035RES1000mN2026000E3146000,403859503,92.0
5255,CRS3035RES1000mN2026000E3146000,437050442,113.0
5256,CRS3035RES1000mN2026000E3146000,459881697,89.0
5257,CRS3035RES1000mN2026000E3146000,477278425,
5258,CRS3035RES1000mN2026000E3146000,486879235,
5259,CRS3035RES1000mN2026000E3146000,493748377,81.0
5260,CRS3035RES1000mN2026000E3146000,498234201,114.0
5261,CRS3035RES1000mN2026000E3146000,504315026,117.0
5262,CRS3035RES1000mN2026000E3146000,548701490,
5263,CRS3035RES1000mN2026000E3146000,574210084,
5264,CRS3035RES1000mN2026000E3146000,576094143,81.0
5265,CRS3035RES1000mN2026000E3146000,584409067,
5266,CRS3035RES1000mN2026000E3146000,635512756,
5267,CRS3035RES1000mN2026000E3146000,638492224,
5268,CRS3035RES1000mN2026000E3146000,653913062,119.0
5269,CRS3035RES1000mN2026000E3146000,659866770,
5270,CRS3035RES1000mN2026000E3146000,697717972,52.0
5271,CRS3035RES1000mN2026000E3146000,717194862,
5272,CRS3035RES1000mN2026000E3146000,736899303,
5273,CRS3035RES1000mN2026000E3146000,738042217,
5274,CRS3035RES1000mN2026000E3146000,839611983,
5275,CRS3035RES1000mN2026000E3146000,957893520,90.0
5276,CRS3035RES1000mN2026000E3146000,963308110,119.0
5277,CRS3035RES1000mN2026000E3146000,1073283182,
5278,CRS3035RES1000mN2026000E3146000,1252864015,113.0
5279,CRS3035RES1000mN2026000E3146000,1283203658,
5280,CRS3035RES1000mN2026000E3147000,25526,63.0
5281,CRS3035RES1000mN2026000E3147000,1774,84.0
5282,CRS3035RES1000mN2026000E3147000,1770,101.0
5283,CRS3035RES1000mN2026000E3147000,1773,103.0
5284,CRS3035RES1000mN2026000E3147000,1771,77.0
5285,CRS3035RES1000mN2026000E3147000,123303,84.0
5286,CRS3035RES1000mN2026000E3147000,1764,80.0
5287,CRS3035RES1000mN2026000E3147000,181101,100.0
5288,CRS3035RES1000mN2026000E3147000,5765642,72.0
5289,CRS3035RES1000mN2026000E3147000,86719,86.0
5290,CRS3035RES1000mN2026000E3147000,1800,100.0
5291,CRS3035RES1000mN2026000E3147000,1757,65.0
5292,CRS3035RES1000mN2026000E3147000,1755,78.0
5293,CRS3035RES1000mN2026000E3147000,1882,74.0
5294,CRS3035RES1000mN2026000E3147000,1745,97.0
5295,CRS3035RES1000mN2026000E3147000,1794,93.0
5296,CRS3035RES1000mN2026000E3147000,1762,85.0
5297,CRS3035RES1000mN2026000E3147000,51188,84.0
5298,CRS3035RES1000mN2026000E3147000,6893633,88.0
5299,CRS3035RES1000mN2026000E3147000,167128,100.0
5300,CRS3035RES1000mN2026000E3147000,1760,88.0
5301,CRS3035RES1000mN2026000E3147000,12773298,90.0
5302,CRS3035RES1000mN2026000E3147000,1754,94.0
5303,CRS3035RES1000mN2026000E3147000,1748,97.0
5304,CRS3035RES1000mN2026000E3147000,79941,102.0
5305,CRS3035RES1000mN2026000E3147000,1750,94.0
5306,CRS3035RES1000mN2026000E3147000,5975465,79.0
5307,CRS3035RES1000mN2026000E3147000,115056,99.0
5308,CRS3035RES1000mN2026000E3147000,1790,92.0
5309,CRS3035RES1000mN2026000E3147000,1756,76.0
5310,CRS3035RES1000mN2026000E3147000,51849,94.0
5311,CRS3035RES1000mN2026000E3147000,185595,88.0
5312,CRS3035RES1000mN2026000E3147000,7697128,71.0
5313,CRS3035RES1000mN2026000E3147000,10395362,101.0
5314,CRS3035RES1000mN2026000E3147000,1759,87.0
5315,CRS3035RES1000mN2026000E3147000,1752,94.0
5316,CRS3035RES1000mN2026000E3147000,186714,90.0
5317,CRS3035RES1000mN2026000E3147000,1753,94.0
5318,CRS3035RES1000mN2026000E3147000,1792,93.0
5319,CRS3035RES1000mN2026000E3147000,1763,80.0
5320,CRS3035RES1000mN2026000E3147000,1746,101.0
5321,CRS3035RES1000mN2026000E3147000,11572165,92.0
5322,CRS3035RES1000mN2026000E3147000,1761,89.0
5323,CRS3035RES1000mN2026000E3147000,1747,102.0
5324,CRS3035RES1000mN2026000E3147000,5768564,63.0
5325,CRS3035RES1000mN2026000E3147000,1798,76.0
5326,CRS3035RES1000mN2026000E3147000,66904,93.0
5327,CRS3035RES1000mN2026000E3147000,1777,79.0
5328,CRS3035RES1000mN2026000E3147000,1765,88.0
5329,CRS3035RES1000mN2026000E3147000,49416,95.0
5330,CRS3035RES1000mN2026000E3147000,12734939,95.0
5331,CRS3035RES1000mN2026000E3147000,167386167,80.0
5332,CRS3035RES1000mN2026000E3147000,295933804,82.0
5333,CRS3035RES1000mN2026000E3147000,303340017,101.0
5334,CRS3035RES1000mN2026000E3147000,315355551,83.0
5335,CRS3035RES1000mN2026000E3147000,339084977,81.0
5336,CRS3035RES1000mN2026000E3147000,412911553,83.0
5337,CRS3035RES1000mN2026000E3147000,558126037,77.0
5338,CRS3035RES1000mN2026000E3147000,711789768,84.0
5339,CRS3035RES1000mN2026000E3147000,727666062,97.0
5340,CRS3035RES1000mN2026000E3147000,848085869,74.0
5341,CRS3035RES1000mN2026000E3147000,1056098898,93.0
5342,CRS3035RES1000mN2026000E3147000,1255438242,
5343,CRS3035RES1000mN2026000E3147000,1469985039,108.0
5344,CRS3035RES1000mN2026000E3147000,1504302537,
5345,CRS3035RES1000mN2026000E3147000,1511617504,54.0
5346,CRS3035RES1000mN2026000E3147000,1541601287,105.0
5347,CRS3035RES1000mN2026000E3147000,1544591296,95.0
5348,CRS3035RES1000mN2026000E3147000,1598174183,101.0
5349,CRS3035RES1000mN2026000E3147000,1629887846,105.0
5350,CRS3035RES1000mN2026000E3147000,1686660176,103.0
5351,CRS3035RES1000mN2026000E3147000,1716927336,100.0
5352,CRS3035RES1000mN2026000E3147000,1734554324,
5353,CRS3035RES1000mN2026000E3147000,1849109335,104.0
5354,CRS3035RES1000mN2026000E3147000,2028408680,75.0
5355,CRS3035RES1000mN2026000E3147000,2036887702,
5356,CRS3035RES1000mN2026000E3147000,2061404218,104.0
5357,CRS3035RES1000mN2026000E3147000,2134238030,115.0
5358,CRS3035RES1000mN2026000E3147000,2261600754,
5359,CRS3035RES1000mN2026000E3147000,2301402027,113.0
5360,CRS3035RES1000mN2026000E3147000,2303966810,81.0
5361,CRS3035RES1000mN2026000E3147000,2312029862,104.0
5362,CRS3035RES1000mN2026000E3147000,2408860250,118.0
5363,CRS3035RES1000mN2026000E3147000,2620185829,87.0
5364,CRS3035RES1000mN2026000E3147000,2622508931,83.0
5365,CRS3035RES1000mN2026000E3147000,2672130951,
5366,CRS3035RES1000mN2026000E3147000,2710518818,115.0
5367,CRS3035RES1000mN2026000E3147000,3034026261,95.0
5368,CRS3035RES1000mN2026000E3147000,3179889751,
5369,CRS3035RES1000mN2026000E3147000,3206611978,
5370,CRS3035RES1000mN2026000E3147000,3272828439,78.0
5371,CRS3035RES1000mN2026000E3147000,3452364276,106.0
5372,CRS3035RES1000mN2026000E3147000,3452364277,89.0
5373,CRS3035RES1000mN2026000E3147000,3495733197,
5374,CRS3035RES1000mN2026000E3147000,3497154853,
5375,CRS3035RES1000mN2026000E3147000,3517755445,
5376,CRS3035RES1000mN2026000E3147000,3522125657,
5377,CRS3035RES1000mN2026000E3147000,3526751794,
5378,CRS3035RES1000mN2026000E3147000,3839306060,108.0
5379,CRS3035RES1000mN2026000E3147000,4214697664,68.0
5380,CRS3035RES1000mN2026000E3147000,4338252586,
5381,CRS3035RES1000mN2026000E3147000,4401271633,
5382,CRS3035RES1000mN2026000E3147000,4515476768,
5383,CRS3035RES1000mN2026000E3147000,4569910891,76.0
5384,CRS3035RES1000mN2026000E3147000,4703730491,85.0
5385,CRS3035RES1000mN2026000E3147000,4707870392,80.0
5386,CRS3035RES1000mN2026000E3147000,4789037769,116.0
5387,CRS3035RES1000mN2026000E3147000,4794233143,
5388,CRS3035RES1000mN2026000E3147000,4870405674,64.0
5389,CRS3035RES1000mN2026000E3147000,5139379922,82.0
5390,CRS3035RES1000mN2026000E3147000,5160337425,82.0
5391,CRS3035RES1000mN2026000E3147000,5196199575,82.0
5392,CRS3035RES1000mN2026000E3147000,5341570554,93.0
5393,CRS3035RES1000mN2026000E3147000,5345949864,112.0
5394,CRS3035RES1000mN2026000E3147000,5448507385,
5395,CRS3035RES1000mN2026000E3147000,5604693894,
5396,CRS3035RES1000mN2026000E3147000,5670401989,
5397,CRS3035RES1000mN2026000E3147000,5942671299,119.0
5398,CRS3035RES1000mN2026000E3147000,5943980960,41.0
5399,CRS3035RES1000mN2026000E3147000,6185791451,
5400,CRS3035RES1000mN2026000E3147000,6188948286,114.0
5401,CRS3035RES1000mN2026000E3147000,6555800191,54.0
5402,CRS3035RES1000mN2026000E3147000,6885254479,99.0
5403,CRS3035RES1000mN2026000E3147000,7222611268,
5404,CRS3035RES1000mN2026000E3147000,7408961006,
5405,CRS3035RES1000mN2026000E3147000,7619964683,
5406,CRS3035RES1000mN2026000E3147000,7836562695,116.0
5407,CRS3035RES1000mN2026000E3147000,8493729364,80.0
5408,CRS3035RES1000mN2026000E3147000,8557885377,
5409,CRS3035RES1000mN2026000E3147000,8807212208,82.0
5410,CRS3035RES1000mN2026000E3147000,8844229173,87.0
5411,CRS3035RES1000mN2026000E3147000,8878422600,99.0
5412,CRS3035RES1000mN2026000E3147000,9595709188,90.0
5413,CRS3035RES1000mN2026000E3147000,9611387099,74.0
5414,CRS3035RES1000mN2026000E3147000,9712656915,77.0
5415,CRS3035RES1000mN2026000E3147000,9713142744,81.0
5416,CRS3035RES1000mN2026000E3147000,9815746657,
5417,CRS3035RES1000mN2026000E3147000,10004871512,104.0
5418,CRS3035RES1000mN2026000E3147000,10281174134,
5419,CRS3035RES1000mN2026000E3147000,10580337411,112.0
5420,CRS3035RES1000mN2026000E3147000,10899442604,70.0
5421,CRS3035RES1000mN2026000E3147000,10922657146,61.0
5422,CRS3035RES1000mN2026000E3147000,11127499928,102.0
5423,CRS3035RES1000mN2026000E3147000,11143725881,99.0
5424,CRS3035RES1000mN2026000E3147000,11243087140,107.0
5425,CRS3035RES1000mN2026000E3147000,11269399969,92.0
5426,CRS3035RES1000mN2026000E3147000,11287269362,108.0
5427,CRS3035RES1000mN2026000E3147000,11287269363,
5428,CRS3035RES1000mN2026000E3147000,11369705764,118.0
5429,CRS3035RES1000mN2026000E3147000,11387776374,106.0
5430,CRS3035RES1000mN2026000E3147000,11461799040,
5431,CRS3035RES1000mN2026000E3147000,11462802981,90.0
5432,CRS3035RES1000mN2026000E3147000,11652077658,103.0
5433,CRS3035RES1000mN2026000E3147000,11691390164,83.0
5434,CRS3035RES1000mN2026000E3147000,11739757462,84.0
5435,CRS3035RES1000mN2026000E3147000,12178446726,76.0
5436,CRS3035RES1000mN2026000E3147000,12407425114,82.0
5437,CRS3035RES1000mN2026000E3147000,12865480228,109.0
5438,CRS3035RES1000mN2026000E3147000,2960630,59.0
5439,CRS3035RES1000mN2026000E3147000,3554044,65.0
5440,CRS3035RES1000mN2026000E3147000,3557906,80.0
5441,CRS3035RES1000mN2026000E3147000,5231361,87.0
5442,CRS3035RES1000mN2026000E3147000,9314566,
5443,CRS3035RES1000mN2026000E3147000,13696257,110.0
5444,CRS3035RES1000mN2026000E3147000,15996131,83.0
5445,CRS3035RES1000mN2026000E3147000,23526191,95.0
5446,CRS3035RES1000mN2026000E3147000,23545719,98.0
5447,CRS3035RES1000mN2026000E3147000,30599279,61.0
5448,CRS3035RES1000mN2026000E3147000,30649229,84.0
5449,CRS3035RES1000mN2026000E3147000,32198651,
5450,CRS3035RES1000mN2026000E3147000,34945111,78.0
5451,CRS3035RES1000mN2026000E3147000,50170625,
5452,CRS3035RES1000mN2026000E3147000,82887228,108.0
5453,CRS3035RES1000mN2026000E3147000,92484952,100.0
5454,CRS3035RES1000mN2026000E3147000,95794713,105.0
5455,CRS3035RES1000mN2026000E3147000,96418670,74.0
5456,CRS3035RES1000mN2026000E3147000,98502686,90.0
5457,CRS3035RES1000mN2026000E3147000,132613257,106.0
5458,CRS3035RES1000mN2026000E3147000,135036040,105.0
5459,CRS3035RES1000mN2026000E3147000,150772489,87.0
5460,CRS3035RES1000mN2026000E3147000,154118456,96.0
5461,CRS3035RES1000mN2026000E3147000,157375776,99.0
5462,CRS3035RES1000mN2026000E3147000,158211204,57.0
5463,CRS3035RES1000mN2026000E3147000,162072415,65.0
5464,CRS3035RES1000mN2026000E3147000,162117720,105.0
5465,CRS3035RES1000mN2026000E3147000,170487273,
5466,CRS3035RES1000mN2026000E3147000,172686062,49.0
5467,CRS3035RES1000mN2026000E3147000,174318235,74.0
5468,CRS3035RES1000mN2026000E3147000,174318237,68.0
5469,CRS3035RES1000mN2026000E3147000,205060159,
5470,CRS3035RES1000mN2026000E3147000,205757163,
5471,CRS3035RES1000mN2026000E3147000,221095520,112.0
5472,CRS3035RES1000mN2026000E3147000,224503374,86.0
5473,CRS3035RES1000mN2026000E3147000,227333462,87.0
5474,CRS3035RES1000mN2026000E3147000,229117454,98.0
5475,CRS3035RES1000mN2026000E3147000,261460389,
5476,CRS3035RES1000mN2026000E3147000,283450022,71.0
5477,CRS3035RES1000mN2026000E3147000,288994040,74.0
5478,CRS3035RES1000mN2026000E3147000,296744564,
5479,CRS3035RES1000mN2026000E3147000,297526406,100.0
5480,CRS3035RES1000mN2026000E3147000,300709861,88.0
5481,CRS3035RES1000mN2026000E3147000,301444634,85.0
5482,CRS3035RES1000mN2026000E3147000,302721609,106.0
5483,CRS3035RES1000mN2026000E3147000,308195630,
5484,CRS3035RES1000mN2026000E3147000,312777902,74.0
5485,CRS3035RES1000mN2026000E3147000,330154630,
5486,CRS3035RES1000mN2026000E3147000,340205456,88.0
5487,CRS3035RES1000mN2026000E3147000,367883612,105.0
5488,CRS3035RES1000mN2026000E3147000,368211943,106.0
5489,CRS3035RES1000mN2026000E3147000,374180360,108.0
5490,CRS3035RES1000mN2026000E3147000,375369499,90.0
5491,CRS3035RES1000mN2026000E3147000,383494544,90.0
5492,CRS3035RES1000mN2026000E3147000,384574591,83.0
5493,CRS3035RES1000mN2026000E3147000,403538322,116.0
5494,CRS3035RES1000mN2026000E3147000,403859503,84.0
5495,CRS3035RES1000mN2026000E3147000,437050442,102.0
5496,CRS3035RES1000mN2026000E3147000,459881697,88.0
5497,CRS3035RES1000mN2026000E3147000,477278425,
5498,CRS3035RES1000mN2026000E3147000,486879235,
5499,CRS3035RES1000mN2026000E3147000,493748377,72.0
5500,CRS3035RES1000mN2026000E3147000,498234201,102.0
5501,CRS3035RES1000mN2026000E3147000,504315026,110.0
5502,CRS3035RES1000mN2026000E3147000,548701490,
5503,CRS3035RES1000mN2026000E3147000,574210084,118.0
5504,CRS3035RES1000mN2026000E3147000,576094143,71.0
5505,CRS3035RES1000mN2026000E3147000,584409067,
5506,CRS3035RES1000mN2026000E3147000,635512756,100.0
5507,CRS3035RES1000mN2026000E3147000,638492224,
5508,CRS3035RES1000mN2026000E3147000,653913062,102.0
5509,CRS3035RES1000mN2026000E3147000,659866770,
5510,CRS3035RES1000mN2026000E3147000,697717972,46.0
5511,CRS3035RES1000mN2026000E3147000,717194862,
5512,CRS3035RES1000mN2026000E3147000,736899303,119.0
5513,CRS3035RES1000mN2026000E3147000,738042217,106.0
5514,CRS3035RES1000mN2026000E3147000,839611983,
5515,CRS3035RES1000mN2026000E3147000,957893520,82.0
5516,CRS3035RES1000mN2026000E3147000,963308110,108.0
5517,CRS3035RES1000mN2026000E3147000,1073283182,103.0
5518,CRS3035RES1000mN2026000E3147000,1252864015,101.0
5519,CRS3035RES1000mN2026000E3147000,1283203658,
5520,CRS3035RES1000mN2026000E3148000,25526,72.0
5521,CRS3035RES1000mN2026000E3148000,1774,93.0
5522,CRS3035RES1000mN2026000E3148000,1770,117.0
5523,CRS3035RES1000mN2026000E3148000,1773,113.0
5524,CRS3035RES1000mN2026000E3148000,1771,90.0
5525,CRS3035RES1000mN2026000E3148000,123303,94.0
5526,CRS3035RES1000mN2026000E3148000,1764,96.0
5527,CRS3035RES1000mN2026000E3148000,181101,113.0
5528,CRS3035RES1000mN2026000E3148000,5765642,78.0
5529,CRS3035RES1000mN2026000E3148000,86719,103.0
5530,CRS3035RES1000mN2026000E3148000,1800,109.0
5531,CRS3035RES1000mN2026000E3148000,1757,81.0
5532,CRS3035RES1000mN2026000E3148000,1755,88.0
5533,CRS3035RES1000mN2026000E3148000,1882,90.0
5534,CRS3035RES1000mN2026000E3148000,1745,109.0
5535,CRS3035RES1000mN2026000E3148000,1794,109.0
5536,CRS3035RES1000mN2026000E3148000,1762,100.0
5537,CRS3035RES1000mN2026000E3148000,51188,100.0
5538,CRS3035RES1000mN2026000E3148000,6893633,102.0
5539,CRS3035RES1000mN2026000E3148000,167128,110.0
5540,CRS3035RES1000mN2026000E3148000,1760,105.0
5541,CRS3035RES1000mN2026000E3148000,12773298,107.0
5542,CRS3035RES1000mN2026000E3148000,1754,103.0
5543,CRS3035RES1000mN2026000E3148000,1748,109.0
5544,CRS3035RES1000mN2026000E3148000,79941,113.0
5545,CRS3035RES1000mN2026000E3148000,1750,109.0
5546,CRS3035RES1000mN2026000E3148000,5975465,90.0
5547,CRS3035RES1000mN2026000E3148000,115056,115.0
5548,CRS3035RES1000mN2026000E3148000,1790,108.0
5549,CRS3035RES1000mN2026000E3148000,1756,83.0
5550,CRS3035RES1000mN2026000E3148000,51849,110.0
5551,CRS3035RES1000mN2026000E3148000,185595,102.0
5552,CRS3035RES1000mN2026000E3148000,7697128,87.0
5553,CRS3035RES1000mN2026000E3148000,10395362,
5554,CRS3035RES1000mN2026000E3148000,1759,103.0
5555,CRS3035RES1000mN2026000E3148000,1752,103.0
5556,CRS3035RES1000mN2026000E3148000,186714,107.0
5557,CRS3035RES1000mN2026000E3148000,1753,104.0
5558,CRS3035RES1000mN2026000E3148000,1792,105.0
5559,CRS3035RES1000mN2026000E3148000,1763,89.0
5560,CRS3035RES1000mN2026000E3148000,1746,116.0
5561,CRS3035RES1000mN2026000E3148000,11572165,102.0
5562,CRS3035RES1000mN2026000E3148000,1761,99.0
5563,CRS3035RES1000mN2026000E3148000,1747,114.0
5564,CRS3035RES1000mN2026000E3148000,5768564,78.0
5565,CRS3035RES1000mN2026000E3148000,1798,85.0
5566,CRS3035RES1000mN2026000E3148000,66904,109.0
5567,CRS3035RES1000mN2026000E3148000,1777,94.0
5568,CRS3035RES1000mN2026000E3148000,1765,103.0
5569,CRS3035RES1000mN2026000E3148000,49416,106.0
5570,CRS3035RES1000mN2026000E3148000,12734939,106.0
5571,CRS3035RES1000mN2026000E3148000,167386167,94.0
5572,CRS3035RES1000mN2026000E3148000,295933804,99.0
5573,CRS3035RES1000mN2026000E3148000,303340017,102.0
5574,CRS3035RES1000mN2026000E3148000,315355551,103.0
5575,CRS3035RES1000mN2026000E3148000,339084977,93.0
5576,CRS3035RES1000mN2026000E3148000,412911553,96.0
5577,CRS3035RES1000mN2026000E3148000,558126037,89.0
5578,CRS3035RES1000mN2026000E3148000,711789768,98.0
5579,CRS3035RES1000mN2026000E3148000,727666062,
5580,CRS3035RES1000mN2026000E3148000,848085869,86.0
5581,CRS3035RES1000mN2026000E3148000,1056098898,107.0
5582,CRS3035RES1000mN2026000E3148000,1255438242,
5583,CRS3035RES1000mN2026000E3148000,1469985039,119.0
5584,CRS3035RES1000mN2026000E3148000,1504302537,
5585,CRS3035RES1000mN2026000E3148000,1511617504,75.0
5586,CRS3035RES1000mN2026000E3148000,1541601287,
5587,CRS3035RES1000mN2026000E3148000,1544591296,111.0
5588,CRS3035RES1000mN2026000E3148000,1598174183,
5589,CRS3035RES1000mN2026000E3148000,1629887846,
5590,CRS3035RES1000mN2026000E3148000,1686660176,119.0
5591,CRS3035RES1000mN2026000E3148000,1716927336,
5592,CRS3035RES1000mN2026000E3148000,1734554324,
5593,CRS3035RES1000mN2026000E3148000,1849109335,107.0
5594,CRS3035RES1000mN2026000E3148000,2028408680,88.0
5595,CRS3035RES1000mN2026000E3148000,2036887702,
5596,CRS3035RES1000mN2026000E3148000,2061404218,116.0
5597,CRS3035RES1000mN2026000E3148000,2134238030,
5598,CRS3035RES1000mN2026000E3148000,2261600754,
5599,CRS3035RES1000mN2026000E3148000,2301402027,
5600,CRS3035RES1000mN2026000E3148000,2303966810,95.0
5601,CRS3035RES1000mN2026000E3148000,2312029862,
5602,CRS3035RES1000mN2026000E3148000,2408860250,
5603,CRS3035RES1000mN2026000E3148000,2620185829,100.0
5604,CRS3035RES1000mN2026000E3148000,2622508931,96.0
5605,CRS3035RES1000mN2026000E3148000,2672130951,
5606,CRS3035RES1000mN2026000E3148000,2710518818,
5607,CRS3035RES1000mN2026000E3148000,3034026261,
5608,CRS3035RES1000mN2026000E3148000,3179889751,
5609,CRS3035RES1000mN2026000E3148000,3206611978,
5610,CRS3035RES1000mN2026000E3148000,3272828439,96.0
5611,CRS3035RES1000mN2026000E3148000,3452364276,
5612,CRS3035RES1000mN2026000E3148000,3452364277,105.0
5613,CRS3035RES1000mN2026000E3148000,3495733197,
5614,CRS3035RES1000mN2026000E3148000,3497154853,
5615,CRS3035RES1000mN2026000E3148000,3517755445,
5616,CRS3035RES1000mN2026000E3148000,3522125657,
5617,CRS3035RES1000mN2026000E3148000,3526751794,
5618,CRS3035RES1000mN2026000E3148000,3839306060,
5619,CRS3035RES1000mN2026000E3148000,4214697664,80.0
5620,CRS3035RES1000mN2026000E3148000,4338252586,
5621,CRS3035RES1000mN2026000E3148000,4401271633,
5622,CRS3035RES1000mN2026000E3148000,4515476768,
5623,CRS3035RES1000mN2026000E3148000,4569910891,92.0
5624,CRS3035RES1000mN2026000E3148000,4703730491,98.0
5625,CRS3035RES1000mN2026000E3148000,4707870392,94.0
5626,CRS3035RES1000mN2026000E3148000,4789037769,
5627,CRS3035RES1000mN2026000E3148000,4794233143,
5628,CRS3035RES1000mN2026000E3148000,4870405674,80.0
5629,CRS3035RES1000mN2026000E3148000,5139379922,85.0
5630,CRS3035RES1000mN2026000E3148000,5160337425,95.0
5631,CRS3035RES1000mN2026000E3148000,5196199575,85.0
5632,CRS3035RES1000mN2026000E3148000,5341570554,104.0
5633,CRS3035RES1000mN2026000E3148000,5345949864,
5634,CRS3035RES1000mN2026000E3148000,5448507385,
5635,CRS3035RES1000mN2026000E3148000,5604693894,
5636,CRS3035RES1000mN2026000E3148000,5670401989,
5637,CRS3035RES1000mN2026000E3148000,5942671299,
5638,CRS3035RES1000mN2026000E3148000,5943980960,58.0
5639,CRS3035RES1000mN2026000E3148000,6185791451,
5640,CRS3035RES1000mN2026000E3148000,6188948286,
5641,CRS3035RES1000mN2026000E3148000,6555800191,71.0
5642,CRS3035RES1000mN2026000E3148000,6885254479,114.0
5643,CRS3035RES1000mN2026000E3148000,7222611268,
5644,CRS3035RES1000mN2026000E3148000,7408961006,
5645,CRS3035RES1000mN2026000E3148000,7619964683,
5646,CRS3035RES1000mN2026000E3148000,7836562695,
5647,CRS3035RES1000mN2026000E3148000,8493729364,89.0
5648,CRS3035RES1000mN2026000E3148000,8557885377,
5649,CRS3035RES1000mN2026000E3148000,8807212208,97.0
5650,CRS3035RES1000mN2026000E3148000,8844229173,102.0
5651,CRS3035RES1000mN2026000E3148000,8878422600,
5652,CRS3035RES1000mN2026000E3148000,9595709188,106.0
5653,CRS3035RES1000mN2026000E3148000,9611387099,83.0
5654,CRS3035RES1000mN2026000E3148000,9712656915,90.0
5655,CRS3035RES1000mN2026000E3148000,9713142744,97.0
5656,CRS3035RES1000mN2026000E3148000,9815746657,
5657,CRS3035RES1000mN2026000E3148000,10004871512,
5658,CRS3035RES1000mN2026000E3148000,10281174134,
5659,CRS3035RES1000mN2026000E3148000,10580337411,
5660,CRS3035RES1000mN2026000E3148000,10899442604,87.0
5661,CRS3035RES1000mN2026000E3148000,10922657146,78.0
5662,CRS3035RES1000mN2026000E3148000,11127499928,
5663,CRS3035RES1000mN2026000E3148000,11143725881,114.0
5664,CRS3035RES1000mN2026000E3148000,11243087140,
5665,CRS3035RES1000mN2026000E3148000,11269399969,103.0
5666,CRS3035RES1000mN2026000E3148000,11287269362,
5667,CRS3035RES1000mN2026000E3148000,11287269363,
5668,CRS3035RES1000mN2026000E3148000,11369705764,
5669,CRS3035RES1000mN2026000E3148000,11387776374,118.0
5670,CRS3035RES1000mN2026000E3148000,11461799040,
5671,CRS3035RES1000mN2026000E3148000,11462802981,101.0
5672,CRS3035RES1000mN2026000E3148000,11652077658,112.0
5673,CRS3035RES1000mN2026000E3148000,11691390164,95.0
5674,CRS3035RES1000mN2026000E3148000,11739757462,100.0
5675,CRS3035RES1000mN2026000E3148000,12178446726,85.0
5676,CRS3035RES1000mN2026000E3148000,12407425114,90.0
5677,CRS3035RES1000mN2026000E3148000,12865480228,
5678,CRS3035RES1000mN2026000E3148000,2960630,77.0
5679,CRS3035RES1000mN2026000E3148000,3554044,76.0
5680,CRS3035RES1000mN2026000E3148000,3557906,97.0
5681,CRS3035RES1000mN2026000E3148000,5231361,98.0
5682,CRS3035RES1000mN2026000E3148000,9314566,
5683,CRS3035RES1000mN2026000E3148000,13696257,
5684,CRS3035RES1000mN2026000E3148000,15996131,97.0
5685,CRS3035RES1000mN2026000E3148000,23526191,111.0
5686,CRS3035RES1000mN2026000E3148000,23545719,113.0
5687,CRS3035RES1000mN2026000E3148000,30599279,78.0
5688,CRS3035RES1000mN2026000E3148000,30649229,94.0
5689,CRS3035RES1000mN2026000E3148000,32198651,
5690,CRS3035RES1000mN2026000E3148000,34945111,95.0
5691,CRS3035RES1000mN2026000E3148000,50170625,
5692,CRS3035RES1000mN2026000E3148000,82887228,119.0
5693,CRS3035RES1000mN2026000E3148000,92484952,112.0
5694,CRS3035RES1000mN2026000E3148000,95794713,118.0
5695,CRS3035RES1000mN2026000E3148000,96418670,91.0
5696,CRS3035RES1000mN2026000E3148000,98502686,104.0
5697,CRS3035RES1000mN2026000E3148000,132613257,118.0
5698,CRS3035RES1000mN2026000E3148000,135036040,
5699,CRS3035RES1000mN2026000E3148000,150772489,100.0
5700,CRS3035RES1000mN2026000E3148000,154118456,105.0
5701,CRS3035RES1000mN2026000E3148000,157375776,
5702,CRS3035RES1000mN2026000E3148000,158211204,72.0
5703,CRS3035RES1000mN2026000E3148000,162072415,82.0
5704,CRS3035RES1000mN2026000E3148000,162117720,119.0
5705,CRS3035RES1000mN2026000E3148000,170487273,
5706,CRS3035RES1000mN2026000E3148000,172686062,62.0
5707,CRS3035RES1000mN2026000E3148000,174318235,90.0
5708,CRS3035RES1000mN2026000E3148000,174318237,85.0
5709,CRS3035RES1000mN2026000E3148000,205060159,
5710,CRS3035RES1000mN2026000E3148000,205757163,
5711,CRS3035RES1000mN2026000E3148000,221095520,
5712,CRS3035RES1000mN2026000E3148000,224503374,102.0
5713,CRS3035RES1000mN2026000E3148000,227333462,117.0
5714,CRS3035RES1000mN2026000E3148000,229117454,113.0
5715,CRS3035RES1000mN2026000E3148000,261460389,
5716,CRS3035RES1000mN2026000E3148000,283450022,87.0
5717,CRS3035RES1000mN2026000E3148000,288994040,83.0
5718,CRS3035RES1000mN2026000E3148000,296744564,
5719,CRS3035RES1000mN2026000E3148000,297526406,
5720,CRS3035RES1000mN2026000E3148000,300709861,109.0
5721,CRS3035RES1000mN2026000E3148000,301444634,100.0
5722,CRS3035RES1000mN2026000E3148000,302721609,
5723,CRS3035RES1000mN2026000E3148000,308195630,
5724,CRS3035RES1000mN2026000E3148000,312777902,83.0
5725,CRS3035RES1000mN2026000E3148000,330154630,
5726,CRS3035RES1000mN2026000E3148000,340205456,101.0
5727,CRS3035RES1000mN2026000E3148000,367883612,117.0
5728,CRS3035RES1000mN2026000E3148000,368211943,118.0
5729,CRS3035RES1000mN2026000E3148000,374180360,
5730,CRS3035RES1000mN2026000E3148000,375369499,99.0
5731,CRS3035RES1000mN2026000E3148000,383494544,106.0
5732,CRS3035RES1000mN2026000E3148000,384574591,99.0
5733,CRS3035RES1000mN2026000E3148000,403538322,
5734,CRS3035RES1000mN2026000E3148000,403859503,97.0
5735,CRS3035RES1000mN2026000E3148000,437050442,117.0
5736,CRS3035RES1000mN2026000E3148000,459881697,107.0
5737,CRS3035RES1000mN2026000E3148000,477278425,
5738,CRS3035RES1000mN2026000E3148000,486879235,
5739,CRS3035RES1000mN2026000E3148000,493748377,82.0
5740,CRS3035RES1000mN2026000E3148000,498234201,117.0
5741,CRS3035RES1000mN2026000E3148000,504315026,
5742,CRS3035RES1000mN2026000E3148000,548701490,
5743,CRS3035RES1000mN2026000E3148000,574210084,
5744,CRS3035RES1000mN2026000E3148000,576094143,84.0
5745,CRS3035RES1000mN2026000E3148000,584409067,
5746,CRS3035RES1000mN2026000E3148000,635512756,
5747,CRS3035RES1000mN2026000E3148000,638492224,
5748,CRS3035RES1000mN2026000E3148000,653913062,
5749,CRS3035RES1000mN2026000E3148000,659866770,
5750,CRS3035RES1000mN2026000E3148000,697717972,65.0
5751,CRS3035RES1000mN2026000E3148000,717194862,
5752,CRS3035RES1000mN2026000E3148000,736899303,
5753,CRS3035RES1000mN2026000E3148000,738042217,
5754,CRS3035RES1000mN2026000E3148000,839611983,
5755,CRS3035RES1000mN2026000E3148000,957893520,93.0
5756,CRS3035RES1000mN2026000E3148000,963308110,
5757,CRS3035RES1000mN2026000E3148000,1073283182,
5758,CRS3035RES1000mN2026000E3148000,1252864015,117.0
5759,CRS3035RES1000mN2026000E3148000,1283203658,
5760,CRS3035RES1000mN2027000E3144000,25526,81.0
5761,CRS3035RES1000mN2027000E3144000,1774,101.0
5762,CRS3035RES1000mN2027000E3144000,1770,
5763,CRS3035RES1000mN2027000E3144000,1773,
5764,CRS3035RES1000mN2027000E3144000,1771,98.0
5765,CRS3035RES1000mN2027000E3144000,123303,101.0
5766,CRS3035RES1000mN2027000E3144000,1764,100.0
5767,CRS3035RES1000mN2027000E3144000,181101,119.0
5768,CRS3035RES1000mN2027000E3144000,5765642,89.0
5769,CRS3035RES1000mN2027000E3144000,86719,115.0
5770,CRS3035RES1000mN2027000E3144000,1800,117.0
5771,CRS3035RES1000mN2027000E3144000,1757,86.0
5772,CRS3035RES1000mN2027000E3144000,1755,96.0
5773,CRS3035RES1000mN2027000E3144000,1882,95.0
5774,CRS3035RES1000mN2027000E3144000,1745,115.0
5775,CRS3035RES1000mN2027000E3144000,1794,114.0
5776,CRS3035RES1000mN2027000E3144000,1762,106.0
5777,CRS3035RES1000mN2027000E3144000,51188,105.0
5778,CRS3035RES1000mN2027000E3144000,6893633,109.0
5779,CRS3035RES1000mN2027000E3144000,167128,119.0
5780,CRS3035RES1000mN2027000E3144000,1760,109.0
5781,CRS3035RES1000mN2027000E3144000,12773298,111.0
5782,CRS3035RES1000mN2027000E3144000,1754,112.0
5783,CRS3035RES1000mN2027000E3144000,1748,116.0
5784,CRS3035RES1000mN2027000E3144000,79941,
5785,CRS3035RES1000mN2027000E3144000,1750,114.0
5786,CRS3035RES1000mN2027000E3144000,5975465,99.0
5787,CRS3035RES1000mN2027000E3144000,115056,
5788,CRS3035RES1000mN2027000E3144000,1790,113.0
5789,CRS3035RES1000mN2027000E3144000,1756,93.0
5790,CRS3035RES1000mN2027000E3144000,51849,116.0
5791,CRS3035RES1000mN2027000E3144000,185595,109.0
5792,CRS3035RES1000mN2027000E3144000,7697128,92.0
5793,CRS3035RES1000mN2027000E3144000,10395362,
5794,CRS3035RES1000mN2027000E3144000,1759,108.0
5795,CRS3035RES1000mN2027000E3144000,1752,112.0
5796,CRS3035RES1000mN2027000E3144000,186714,112.0
5797,CRS3035RES1000mN2027000E3144000,1753,112.0
5798,CRS3035RES1000mN2027000E3144000,1792,112.0
5799,CRS3035RES1000mN2027000E3144000,1763,97.0
5800,CRS3035RES1000mN2027000E3144000,1746,
5801,CRS3035RES1000mN2027000E3144000,11572165,106.0
5802,CRS3035RES1000mN2027000E3144000,1761,107.0
5803,CRS3035RES1000mN2027000E3144000,1747,
5804,CRS3035RES1000mN2027000E3144000,5768564,86.0
5805,CRS3035RES1000mN2027000E3144000,1798,93.0
5806,CRS3035RES1000mN2027000E3144000,66904,114.0
5807,CRS3035RES1000mN2027000E3144000,1777,100.0
5808,CRS3035RES1000mN2027000E3144000,1765,109.0
5809,CRS3035RES1000mN2027000E3144000,49416,113.0
5810,CRS3035RES1000mN2027000E3144000,12734939,113.0
5811,CRS3035RES1000mN2027000E3144000,167386167,102.0
5812,CRS3035RES1000mN2027000E3144000,295933804,107.0
5813,CRS3035RES1000mN2027000E3144000,303340017,102.0
5814,CRS3035RES1000mN2027000E3144000,315355551,107.0
5815,CRS3035RES1000mN2027000E3144000,339084977,101.0
5816,CRS3035RES1000mN2027000E3144000,412911553,104.0
5817,CRS3035RES1000mN2027000E3144000,558126037,99.0
5818,CRS3035RES1000mN2027000E3144000,711789768,98.0
5819,CRS3035RES1000mN2027000E3144000,727666062,
5820,CRS3035RES1000mN2027000E3144000,848085869,104.0
5821,CRS3035RES1000mN2027000E3144000,1056098898,115.0
5822,CRS3035RES1000mN2027000E3144000,1255438242,
5823,CRS3035RES1000mN2027000E3144000,1469985039,
5824,CRS3035RES1000mN2027000E3144000,1504302537,
5825,CRS3035RES1000mN2027000E3144000,1511617504,76.0
5826,CRS3035RES1000mN2027000E3144000,1541601287,
5827,CRS3035RES1000mN2027000E3144000,1544591296,116.0
5828,CRS3035RES1000mN2027000E3144000,1598174183,
5829,CRS3035RES1000mN2027000E3144000,1629887846,
5830,CRS3035RES1000mN2027000E3144000,1686660176,
5831,CRS3035RES1000mN2027000E3144000,1716927336,
5832,CRS3035RES1000mN2027000E3144000,1734554324,
5833,CRS3035RES1000mN2027000E3144000,1849109335,107.0
5834,CRS3035RES1000mN2027000E3144000,2028408680,110.0
5835,CRS3035RES1000mN2027000E3144000,2036887702,
5836,CRS3035RES1000mN2027000E3144000,2061404218,119.0
5837,CRS3035RES1000mN2027000E3144000,2134238030,
5838,CRS3035RES1000mN2027000E3144000,2261600754,
5839,CRS3035RES1000mN2027000E3144000,2301402027,
5840,CRS3035RES1000mN2027000E3144000,2303966810,95.0
5841,CRS3035RES1000mN2027000E3144000,2312029862,
5842,CRS3035RES1000mN2027000E3144000,2408860250,
5843,CRS3035RES1000mN2027000E3144000,2620185829,107.0
5844,CRS3035RES1000mN2027000E3144000,2622508931,104.0
5845,CRS3035RES1000mN2027000E3144000,2672130951,
5846,CRS3035RES1000mN2027000E3144000,2710518818,
5847,CRS3035RES1000mN2027000E3144000,3034026261,
5848,CRS3035RES1000mN2027000E3144000,3179889751,
5849,CRS3035RES1000mN2027000E3144000,3206611978,
5850,CRS3035RES1000mN2027000E3144000,3272828439,105.0
5851,CRS3035RES1000mN2027000E3144000,3452364276,
5852,CRS3035RES1000mN2027000E3144000,3452364277,109.0
5853,CRS3035RES1000mN2027000E3144000,3495733197,
5854,CRS3035RES1000mN2027000E3144000,3497154853,
5855,CRS3035RES1000mN2027000E3144000,3517755445,
5856,CRS3035RES1000mN2027000E3144000,3522125657,
5857,CRS3035RES1000mN2027000E3144000,3526751794,
5858,CRS3035RES1000mN2027000E3144000,3839306060,
5859,CRS3035RES1000mN2027000E3144000,4214697664,88.0
5860,CRS3035RES1000mN2027000E3144000,4338252586,
5861,CRS3035RES1000mN2027000E3144000,4401271633,
5862,CRS3035RES1000mN2027000E3144000,4515476768,
5863,CRS3035RES1000mN2027000E3144000,4569910891,97.0
5864,CRS3035RES1000mN2027000E3144000,4703730491,110.0
5865,CRS3035RES1000mN2027000E3144000,4707870392,100.0
5866,CRS3035RES1000mN2027000E3144000,4789037769,
5867,CRS3035RES1000mN2027000E3144000,4794233143,
5868,CRS3035RES1000mN2027000E3144000,4870405674,88.0
5869,CRS3035RES1000mN2027000E3144000,5139379922,69.0
5870,CRS3035RES1000mN2027000E3144000,5160337425,103.0
5871,CRS3035RES1000mN2027000E3144000,5196199575,94.0
5872,CRS3035RES1000mN2027000E3144000,5341570554,111.0
5873,CRS3035RES1000mN2027000E3144000,5345949864,
5874,CRS3035RES1000mN2027000E3144000,5448507385,
5875,CRS3035RES1000mN2027000E3144000,5604693894,
5876,CRS3035RES1000mN2027000E3144000,5670401989,
5877,CRS3035RES1000mN2027000E3144000,5942671299,
5878,CRS3035RES1000mN2027000E3144000,5943980960,44.0
5879,CRS3035RES1000mN2027000E3144000,6185791451,
5880,CRS3035RES1000mN2027000E3144000,6188948286,
5881,CRS3035RES1000mN2027000E3144000,6555800191,82.0
5882,CRS3035RES1000mN2027000E3144000,6885254479,119.0
5883,CRS3035RES1000mN2027000E3144000,7222611268,
5884,CRS3035RES1000mN2027000E3144000,7408961006,
5885,CRS3035RES1000mN2027000E3144000,7619964683,
5886,CRS3035RES1000mN2027000E3144000,7836562695,
5887,CRS3035RES1000mN2027000E3144000,8493729364,97.0
5888,CRS3035RES1000mN2027000E3144000,8557885377,
5889,CRS3035RES1000mN2027000E3144000,8807212208,102.0
5890,CRS3035RES1000mN2027000E3144000,8844229173,107.0
5891,CRS3035RES1000mN2027000E3144000,8878422600,
5892,CRS3035RES1000mN2027000E3144000,9595709188,111.0
5893,CRS3035RES1000mN2027000E3144000,9611387099,91.0
5894,CRS3035RES1000mN2027000E3144000,9712656915,98.0
5895,CRS3035RES1000mN2027000E3144000,9713142744,102.0
5896,CRS3035RES1000mN2027000E3144000,9815746657,
5897,CRS3035RES1000mN2027000E3144000,10004871512,
5898,CRS3035RES1000mN2027000E3144000,10281174134,
5899,CRS3035RES1000mN2027000E3144000,10580337411,
5900,CRS3035RES1000mN2027000E3144000,10899442604,98.0
5901,CRS3035RES1000mN2027000E3144000,10922657146,89.0
5902,CRS3035RES1000mN2027000E3144000,11127499928,
5903,CRS3035RES1000mN2027000E3144000,11143725881,119.0
5904,CRS3035RES1000mN2027000E3144000,11243087140,
5905,CRS3035RES1000mN2027000E3144000,11269399969,112.0
5906,CRS3035RES1000mN2027000E3144000,11287269362,
5907,CRS3035RES1000mN2027000E3144000,11287269363,
5908,CRS3035RES1000mN2027000E3144000,11369705764,
5909,CRS3035RES1000mN2027000E3144000,11387776374,
5910,CRS3035RES1000mN2027000E3144000,11461799040,
5911,CRS3035RES1000mN2027000E3144000,11462802981,108.0
5912,CRS3035RES1000mN2027000E3144000,11652077658,112.0
5913,CRS3035RES1000mN2027000E3144000,11691390164,104.0
5914,CRS3035RES1000mN2027000E3144000,11739757462,114.0
5915,CRS3035RES1000mN2027000E3144000,12178446726,93.0
5916,CRS3035RES1000mN2027000E3144000,12407425114,90.0
5917,CRS3035RES1000mN2027000E3144000,12865480228,
5918,CRS3035RES1000mN2027000E3144000,2960630,82.0
5919,CRS3035RES1000mN2027000E3144000,3554044,101.0
5920,CRS3035RES1000mN2027000E3144000,3557906,108.0
5921,CRS3035RES1000mN2027000E3144000,5231361,108.0
5922,CRS3035RES1000mN2027000E3144000,9314566,
5923,CRS3035RES1000mN2027000E3144000,13696257,
5924,CRS3035RES1000mN2027000E3144000,15996131,103.0
5925,CRS3035RES1000mN2027000E3144000,23526191,115.0
5926,CRS3035RES1000mN2027000E3144000,23545719,119.0
5927,CRS3035RES1000mN2027000E3144000,30599279,89.0
5928,CRS3035RES1000mN2027000E3144000,30649229,104.0
5929,CRS3035RES1000mN2027000E3144000,32198651,
5930,CRS3035RES1000mN2027000E3144000,34945111,106.0
5931,CRS3035RES1000mN2027000E3144000,50170625,
5932,CRS3035RES1000mN2027000E3144000,82887228,
5933,CRS3035RES1000mN2027000E3144000,92484952,112.0
5934,CRS3035RES1000mN2027000E3144000,95794713,
5935,CRS3035RES1000mN2027000E3144000,96418670,102.0
5936,CRS3035RES1000mN2027000E3144000,98502686,108.0
5937,CRS3035RES1000mN2027000E3144000,132613257,
5938,CRS3035RES1000mN2027000E3144000,135036040,
5939,CRS3035RES1000mN2027000E3144000,150772489,108.0
5940,CRS3035RES1000mN2027000E3144000,154118456,
5941,CRS3035RES1000mN2027000E3144000,157375776,
5942,CRS3035RES1000mN2027000E3144000,158211204,85.0
5943,CRS3035RES1000mN2027000E3144000,162072415,93.0
5944,CRS3035RES1000mN2027000E3144000,162117720,
5945,CRS3035RES1000mN2027000E3144000,170487273,
5946,CRS3035RES1000mN2027000E3144000,172686062,82.0
5947,CRS3035RES1000mN2027000E3144000,174318235,104.0
5948,CRS3035RES1000mN2027000E3144000,174318237,96.0
5949,CRS3035RES1000mN2027000E3144000,205060159,
5950,CRS3035RES1000mN2027000E3144000,205757163,
5951,CRS3035RES1000mN2027000E3144000,221095520,
5952,CRS3035RES1000mN2027000E3144000,224503374,107.0
5953,CRS3035RES1000mN2027000E3144000,227333462,117.0
5954,CRS3035RES1000mN2027000E3144000,229117454,118.0
5955,CRS3035RES1000mN2027000E3144000,261460389,
5956,CRS3035RES1000mN2027000E3144000,283450022,92.0
5957,CRS3035RES1000mN2027000E3144000,288994040,91.0
5958,CRS3035RES1000mN2027000E3144000,296744564,
5959,CRS3035RES1000mN2027000E3144000,297526406,
5960,CRS3035RES1000mN2027000E3144000,300709861,118.0
5961,CRS3035RES1000mN2027000E3144000,301444634,100.0
5962,CRS3035RES1000mN2027000E3144000,302721609,
5963,CRS3035RES1000mN2027000E3144000,308195630,
5964,CRS3035RES1000mN2027000E3144000,312777902,91.0
5965,CRS3035RES1000mN2027000E3144000,330154630,
5966,CRS3035RES1000mN2027000E3144000,340205456,109.0
5967,CRS3035RES1000mN2027000E3144000,367883612,
5968,CRS3035RES1000mN2027000E3144000,368211943,
5969,CRS3035RES1000mN2027000E3144000,374180360,
5970,CRS3035RES1000mN2027000E3144000,375369499,
5971,CRS3035RES1000mN2027000E3144000,383494544,111.0
5972,CRS3035RES1000mN2027000E3144000,384574591,115.0
5973,CRS3035RES1000mN2027000E3144000,403538322,
5974,CRS3035RES1000mN2027000E3144000,403859503,105.0
5975,CRS3035RES1000mN2027000E3144000,437050442,
5976,CRS3035RES1000mN2027000E3144000,459881697,107.0
5977,CRS3035RES1000mN2027000E3144000,477278425,
5978,CRS3035RES1000mN2027000E3144000,486879235,
5979,CRS3035RES1000mN2027000E3144000,493748377,99.0
5980,CRS3035RES1000mN2027000E3144000,498234201,
5981,CRS3035RES1000mN2027000E3144000,504315026,
5982,CRS3035RES1000mN2027000E3144000,548701490,
5983,CRS3035RES1000mN2027000E3144000,574210084,
5984,CRS3035RES1000mN2027000E3144000,576094143,96.0
5985,CRS3035RES1000mN2027000E3144000,584409067,
5986,CRS3035RES1000mN2027000E3144000,635512756,
5987,CRS3035RES1000mN2027000E3144000,638492224,
5988,CRS3035RES1000mN2027000E3144000,653913062,
5989,CRS3035RES1000mN2027000E3144000,659866770,
5990,CRS3035RES1000mN2027000E3144000,697717972,70.0
5991,CRS3035RES1000mN2027000E3144000,717194862,
5992,CRS3035RES1000mN2027000E3144000,736899303,
5993,CRS3035RES1000mN2027000E3144000,738042217,
5994,CRS3035RES1000mN2027000E3144000,839611983,
5995,CRS3035RES1000mN2027000E3144000,957893520,101.0
5996,CRS3035RES1000mN2027000E3144000,963308110,
5997,CRS3035RES1000mN2027000E3144000,1073283182,
5998,CRS3035RES1000mN2027000E3144000,1252864015,
5999,CRS3035RES1000mN2027000E3144000,1283203658,
6000,CRS3035RES1000mN2027000E3145000,25526,85.0
6001,CRS3035RES1000mN2027000E3145000,1774,106.0
6002,CRS3035RES1000mN2027000E3145000,1770,
6003,CRS3035RES1000mN2027000E3145000,1773,
6004,CRS3035RES1000mN2027000E3145000,1771,102.0
6005,CRS3035RES1000mN2027000E3145000,123303,106.0
6006,CRS3035RES1000mN2027000E3145000,1764,104.0
6007,CRS3035RES1000mN2027000E3145000,181101,
6008,CRS3035RES1000mN2027000E3145000,5765642,94.0
6009,CRS3035RES1000mN2027000E3145000,86719,119.0
6010,CRS3035RES1000mN2027000E3145000,1800,
6011,CRS3035RES1000mN2027000E3145000,1757,90.0
6012,CRS3035RES1000mN2027000E3145000,1755,101.0
6013,CRS3035RES1000mN2027000E3145000,1882,98.0
6014,CRS3035RES1000mN2027000E3145000,1745,
6015,CRS3035RES1000mN2027000E3145000,1794,117.0
6016,CRS3035RES1000mN2027000E3145000,1762,109.0
6017,CRS3035RES1000mN2027000E3145000,51188,108.0
6018,CRS3035RES1000mN2027000E3145000,6893633,113.0
6019,CRS3035RES1000mN2027000E3145000,167128,
6020,CRS3035RES1000mN2027000E3145000,1760,112.0
6021,CRS3035RES1000mN2027000E3145000,12773298,116.0
6022,CRS3035RES1000mN2027000E3145000,1754,115.0
6023,CRS3035RES1000mN2027000E3145000,1748,
6024,CRS3035RES1000mN2027000E3145000,79941,
6025,CRS3035RES1000mN2027000E3145000,1750,118.0
6026,CRS3035RES1000mN2027000E3145000,5975465,103.0
6027,CRS3035RES1000mN2027000E3145000,115056,
6028,CRS3035RES1000mN2027000E3145000,1790,116.0
6029,CRS3035RES1000mN2027000E3145000,1756,98.0
6030,CRS3035RES1000mN2027000E3145000,51849,119.0
6031,CRS3035RES1000mN2027000E3145000,185595,112.0
6032,CRS3035RES1000mN2027000E3145000,7697128,95.0
6033,CRS3035RES1000mN2027000E3145000,10395362,
6034,CRS3035RES1000mN2027000E3145000,1759,111.0
6035,CRS3035RES1000mN2027000E3145000,1752,116.0
6036,CRS3035RES1000mN2027000E3145000,186714,115.0
6037,CRS3035RES1000mN2027000E3145000,1753,116.0
6038,CRS3035RES1000mN2027000E3145000,1792,116.0
6039,CRS3035RES1000mN2027000E3145000,1763,102.0
6040,CRS3035RES1000mN2027000E3145000,1746,
6041,CRS3035RES1000mN2027000E3145000,11572165,110.0
6042,CRS3035RES1000mN2027000E3145000,1761,111.0
6043,CRS3035RES1000mN2027000E3145000,1747,
6044,CRS3035RES1000mN2027000E3145000,5768564,89.0
6045,CRS3035RES1000mN2027000E3145000,1798,98.0
6046,CRS3035RES1000mN2027000E3145000,66904,117.0
6047,CRS3035RES1000mN2027000E3145000,1777,103.0
6048,CRS3035RES1000mN2027000E3145000,1765,112.0
6049,CRS3035RES1000mN2027000E3145000,49416,119.0
6050,CRS3035RES1000mN2027000E3145000,12734939,119.0
6051,CRS3035RES1000mN2027000E3145000,167386167,104.0
6052,CRS3035RES1000mN2027000E3145000,295933804,109.0
6053,CRS3035RES1000mN2027000E3145000,303340017,106.0
6054,CRS3035RES1000mN2027000E3145000,315355551,110.0
6055,CRS3035RES1000mN2027000E3145000,339084977,104.0
6056,CRS3035RES1000mN2027000E3145000,412911553,108.0
6057,CRS3035RES1000mN2027000E3145000,558126037,104.0
6058,CRS3035RES1000mN2027000E3145000,711789768,103.0
6059,CRS3035RES1000mN2027000E3145000,727666062,
6060,CRS3035RES1000mN2027000E3145000,848085869,108.0
6061,CRS3035RES1000mN2027000E3145000,1056098898,117.0
6062,CRS3035RES1000mN2027000E3145000,1255438242,
6063,CRS3035RES1000mN2027000E3145000,1469985039,
6064,CRS3035RES1000mN2027000E3145000,1504302537,
6065,CRS3035RES1000mN2027000E3145000,1511617504,80.0
6066,CRS3035RES1000mN2027000E3145000,1541601287,
6067,CRS3035RES1000mN2027000E3145000,1544591296,119.0
6068,CRS3035RES1000mN2027000E3145000,1598174183,
6069,CRS3035RES1000mN2027000E3145000,1629887846,
6070,CRS3035RES1000mN2027000E3145000,1686660176,
6071,CRS3035RES1000mN2027000E3145000,1716927336,
6072,CRS3035RES1000mN2027000E3145000,1734554324,
6073,CRS3035RES1000mN2027000E3145000,1849109335,111.0
6074,CRS3035RES1000mN2027000E3145000,2028408680,112.0
6075,CRS3035RES1000mN2027000E3145000,2036887702,
6076,CRS3035RES1000mN2027000E3145000,2061404218,
6077,CRS3035RES1000mN2027000E3145000,2134238030,
6078,CRS3035RES1000mN2027000E3145000,2261600754,
6079,CRS3035RES1000mN2027000E3145000,2301402027,
6080,CRS3035RES1000mN2027000E3145000,2303966810,100.0
6081,CRS3035RES1000mN2027000E3145000,2312029862,
6082,CRS3035RES1000mN2027000E3145000,2408860250,
6083,CRS3035RES1000mN2027000E3145000,2620185829,111.0
6084,CRS3035RES1000mN2027000E3145000,2622508931,108.0
6085,CRS3035RES1000mN2027000E3145000,2672130951,
6086,CRS3035RES1000mN2027000E3145000,2710518818,
6087,CRS3035RES1000mN2027000E3145000,3034026261,
6088,CRS3035RES1000mN2027000E3145000,3179889751,
6089,CRS3035RES1000mN2027000E3145000,3206611978,
6090,CRS3035RES1000mN2027000E3145000,3272828439,112.0
6091,CRS3035RES1000mN2027000E3145000,3452364276,
6092,CRS3035RES1000mN2027000E3145000,3452364277,112.0
6093,CRS3035RES1000mN2027000E3145000,3495733197,
6094,CRS3035RES1000mN2027000E3145000,3497154853,
6095,CRS3035RES1000mN2027000E3145000,3517755445,
6096,CRS3035RES1000mN2027000E3145000,3522125657,
6097,CRS3035RES1000mN2027000E3145000,3526751794,
6098,CRS3035RES1000mN2027000E3145000,3839306060,
6099,CRS3035RES1000mN2027000E3145000,4214697664,92.0
6100,CRS3035RES1000mN2027000E3145000,4338252586,
6101,CRS3035RES1000mN2027000E3145000,4401271633,
6102,CRS3035RES1000mN2027000E3145000,4515476768,
6103,CRS3035RES1000mN2027000E3145000,4569910891,100.0
6104,CRS3035RES1000mN2027000E3145000,4703730491,111.0
6105,CRS3035RES1000mN2027000E3145000,4707870392,103.0
6106,CRS3035RES1000mN2027000E3145000,4789037769,
6107,CRS3035RES1000mN2027000E3145000,4794233143,
6108,CRS3035RES1000mN2027000E3145000,4870405674,92.0
6109,CRS3035RES1000mN2027000E3145000,5139379922,84.0
6110,CRS3035RES1000mN2027000E3145000,5160337425,107.0
6111,CRS3035RES1000mN2027000E3145000,5196199575,101.0
6112,CRS3035RES1000mN2027000E3145000,5341570554,116.0
6113,CRS3035RES1000mN2027000E3145000,5345949864,
6114,CRS3035RES1000mN2027000E3145000,5448507385,
6115,CRS3035RES1000mN2027000E3145000,5604693894,
6116,CRS3035RES1000mN2027000E3145000,5670401989,
6117,CRS3035RES1000mN2027000E3145000,5942671299,
6118,CRS3035RES1000mN2027000E3145000,5943980960,69.0
6119,CRS3035RES1000mN2027000E3145000,6185791451,
6120,CRS3035RES1000mN2027000E3145000,6188948286,
6121,CRS3035RES1000mN2027000E3145000,6555800191,88.0
6122,CRS3035RES1000mN2027000E3145000,6885254479,
6123,CRS3035RES1000mN2027000E3145000,7222611268,
6124,CRS3035RES1000mN2027000E3145000,7408961006,
6125,CRS3035RES1000mN2027000E3145000,7619964683,
6126,CRS3035RES1000mN2027000E3145000,7836562695,
6127,CRS3035RES1000mN2027000E3145000,8493729364,102.0
6128,CRS3035RES1000mN2027000E3145000,8557885377,
6129,CRS3035RES1000mN2027000E3145000,8807212208,105.0
6130,CRS3035RES1000mN2027000E3145000,8844229173,111.0
6131,CRS3035RES1000mN2027000E3145000,8878422600,
6132,CRS3035RES1000mN2027000E3145000,9595709188,114.0
6133,CRS3035RES1000mN2027000E3145000,9611387099,96.0
6134,CRS3035RES1000mN2027000E3145000,9712656915,102.0
6135,CRS3035RES1000mN2027000E3145000,9713142744,105.0
6136,CRS3035RES1000mN2027000E3145000,9815746657,
6137,CRS3035RES1000mN2027000E3145000,10004871512,
6138,CRS3035RES1000mN2027000E3145000,10281174134,
6139,CRS3035RES1000mN2027000E3145000,10580337411,
6140,CRS3035RES1000mN2027000E3145000,10899442604,103.0
6141,CRS3035RES1000mN2027000E3145000,10922657146,94.0
6142,CRS3035RES1000mN2027000E3145000,11127499928,
6143,CRS3035RES1000mN2027000E3145000,11143725881,
6144,CRS3035RES1000mN2027000E3145000,11243087140,
6145,CRS3035RES1000mN2027000E3145000,11269399969,116.0
6146,CRS3035RES1000mN2027000E3145000,11287269362,
6147,CRS3035RES1000mN2027000E3145000,11287269363,
6148,CRS3035RES1000mN2027000E3145000,11369705764,
6149,CRS3035RES1000mN2027000E3145000,11387776374,
6150,CRS3035RES1000mN2027000E3145000,11461799040,
6151,CRS3035RES1000mN2027000E3145000,11462802981,113.0
6152,CRS3035RES1000mN2027000E3145000,11652077658,116.0
6153,CRS3035RES1000mN2027000E3145000,11691390164,107.0
6154,CRS3035RES1000mN2027000E3145000,11739757462,117.0
6155,CRS3035RES1000mN2027000E3145000,12178446726,98.0
6156,CRS3035RES1000mN2027000E3145000,12407425114,110.0
6157,CRS3035RES1000mN2027000E3145000,12865480228,
6158,CRS3035RES1000mN2027000E3145000,2960630,86.0
6159,CRS3035RES1000mN2027000E3145000,3554044,103.0
6160,CRS3035RES1000mN2027000E3145000,3557906,113.0
6161,CRS3035RES1000mN2027000E3145000,5231361,112.0
6162,CRS3035RES1000mN2027000E3145000,9314566,
6163,CRS3035RES1000mN2027000E3145000,13696257,
6164,CRS3035RES1000mN2027000E3145000,15996131,107.0
6165,CRS3035RES1000mN2027000E3145000,23526191,119.0
6166,CRS3035RES1000mN2027000E3145000,23545719,
6167,CRS3035RES1000mN2027000E3145000,30599279,94.0
6168,CRS3035RES1000mN2027000E3145000,30649229,108.0
6169,CRS3035RES1000mN2027000E3145000,32198651,
6170,CRS3035RES1000mN2027000E3145000,34945111,111.0
6171,CRS3035RES1000mN2027000E3145000,50170625,
6172,CRS3035RES1000mN2027000E3145000,82887228,
6173,CRS3035RES1000mN2027000E3145000,92484952,
6174,CRS3035RES1000mN2027000E3145000,95794713,
6175,CRS3035RES1000mN2027000E3145000,96418670,107.0
6176,CRS3035RES1000mN2027000E3145000,98502686,112.0
6177,CRS3035RES1000mN2027000E3145000,132613257,
6178,CRS3035RES1000mN2027000E3145000,135036040,
6179,CRS3035RES1000mN2027000E3145000,150772489,112.0
6180,CRS3035RES1000mN2027000E3145000,154118456,
6181,CRS3035RES1000mN2027000E3145000,157375776,
6182,CRS3035RES1000mN2027000E3145000,158211204,89.0
6183,CRS3035RES1000mN2027000E3145000,162072415,98.0
6184,CRS3035RES1000mN2027000E3145000,162117720,
6185,CRS3035RES1000mN2027000E3145000,170487273,
6186,CRS3035RES1000mN2027000E3145000,172686062,82.0
6187,CRS3035RES1000mN2027000E3145000,174318235,108.0
6188,CRS3035RES1000mN2027000E3145000,174318237,101.0
6189,CRS3035RES1000mN2027000E3145000,205060159,
6190,CRS3035RES1000mN2027000E3145000,205757163,
6191,CRS3035RES1000mN2027000E3145000,221095520,
6192,CRS3035RES1000mN2027000E3145000,224503374,110.0
6193,CRS3035RES1000mN2027000E3145000,227333462,117.0
6194,CRS3035RES1000mN2027000E3145000,229117454,119.0
6195,CRS3035RES1000mN2027000E3145000,261460389,
6196,CRS3035RES1000mN2027000E3145000,283450022,95.0
6197,CRS3035RES1000mN2027000E3145000,288994040,96.0
6198,CRS3035RES1000mN2027000E3145000,296744564,
6199,CRS3035RES1000mN2027000E3145000,297526406,
6200,CRS3035RES1000mN2027000E3145000,300709861,
6201,CRS3035RES1000mN2027000E3145000,301444634,
6202,CRS3035RES1000mN2027000E3145000,302721609,
6203,CRS3035RES1000mN2027000E3145000,308195630,
6204,CRS3035RES1000mN2027000E3145000,312777902,96.0
6205,CRS3035RES1000mN2027000E3145000,330154630,
6206,CRS3035RES1000mN2027000E3145000,340205456,113.0
6207,CRS3035RES1000mN2027000E3145000,367883612,
6208,CRS3035RES1000mN2027000E3145000,368211943,
6209,CRS3035RES1000mN2027000E3145000,374180360,
6210,CRS3035RES1000mN2027000E3145000,375369499,
6211,CRS3035RES1000mN2027000E3145000,383494544,114.0
6212,CRS3035RES1000mN2027000E3145000,384574591,117.0
6213,CRS3035RES1000mN2027000E3145000,403538322,
6214,CRS3035RES1000mN2027000E3145000,403859503,109.0
6215,CRS3035RES1000mN2027000E3145000,437050442,
6216,CRS3035RES1000mN2027000E3145000,459881697,116.0
6217,CRS3035RES1000mN2027000E3145000,477278425,
6218,CRS3035RES1000mN2027000E3145000,486879235,
6219,CRS3035RES1000mN2027000E3145000,493748377,103.0
6220,CRS3035RES1000mN2027000E3145000,498234201,
6221,CRS3035RES1000mN2027000E3145000,504315026,
6222,CRS3035RES1000mN2027000E3145000,548701490,
6223,CRS3035RES1000mN2027000E3145000,574210084,
6224,CRS3035RES1000mN2027000E3145000,576094143,103.0
6225,CRS3035RES1000mN2027000E3145000,584409067,
6226,CRS3035RES1000mN2027000E3145000,635512756,
6227,CRS3035RES1000mN2027000E3145000,638492224,
6228,CRS3035RES1000mN2027000E3145000,653913062,
6229,CRS3035RES1000mN2027000E3145000,659866770,
6230,CRS3035RES1000mN2027000E3145000,697717972,75.0
6231,CRS3035RES1000mN2027000E3145000,717194862,
6232,CRS3035RES1000mN2027000E3145000,736899303,
6233,CRS3035RES1000mN2027000E3145000,738042217,
6234,CRS3035RES1000mN2027000E3145000,839611983,
6235,CRS3035RES1000mN2027000E3145000,957893520,105.0
6236,CRS3035RES1000mN2027000E3145000,963308110,
6237,CRS3035RES1000mN2027000E3145000,1073283182,
6238,CRS3035RES1000mN2027000E3145000,1252864015,
6239,CRS3035RES1000mN2027000E3145000,1283203658,
6240,CRS3035RES1000mN2027000E3146000,25526,84.0
6241,CRS3035RES1000mN2027000E3146000,1774,105.0
6242,CRS3035RES1000mN2027000E3146000,1770,
6243,CRS3035RES1000mN2027000E3146000,1773,
6244,CRS3035RES1000mN2027000E3146000,1771,101.0
6245,CRS3035RES1000mN2027000E3146000,123303,105.0
6246,CRS3035RES1000mN2027000E3146000,1764,103.0
6247,CRS3035RES1000mN2027000E3146000,181101,
6248,CRS3035RES1000mN2027000E3146000,5765642,92.0
6249,CRS3035RES1000mN2027000E3146000,86719,114.0
6250,CRS3035RES1000mN2027000E3146000,1800,
6251,CRS3035RES1000mN2027000E3146000,1757,88.0
6252,CRS3035RES1000mN2027000E3146000,1755,100.0
6253,CRS3035RES1000mN2027000E3146000,1882,97.0
6254,CRS3035RES1000mN2027000E3146000,1745,118.0
6255,CRS3035RES1000mN2027000E3146000,1794,116.0
6256,CRS3035RES1000mN2027000E3146000,1762,108.0
6257,CRS3035RES1000mN2027000E3146000,51188,108.0
6258,CRS3035RES1000mN2027000E3146000,6893633,112.0
6259,CRS3035RES1000mN2027000E3146000,167128,
6260,CRS3035RES1000mN2027000E3146000,1760,112.0
6261,CRS3035RES1000mN2027000E3146000,12773298,115.0
6262,CRS3035RES1000mN2027000E3146000,1754,115.0
6263,CRS3035RES1000mN2027000E3146000,1748,
6264,CRS3035RES1000mN2027000E3146000,79941,
6265,CRS3035RES1000mN2027000E3146000,1750,117.0
6266,CRS3035RES1000mN2027000E3146000,5975465,102.0
6267,CRS3035RES1000mN2027000E3146000,115056,
6268,CRS3035RES1000mN2027000E3146000,1790,115.0
6269,CRS3035RES1000mN2027000E3146000,1756,96.0
6270,CRS3035RES1000mN2027000E3146000,51849,118.0
6271,CRS3035RES1000mN2027000E3146000,185595,112.0
6272,CRS3035RES1000mN2027000E3146000,7697128,94.0
6273,CRS3035RES1000mN2027000E3146000,10395362,
6274,CRS3035RES1000mN2027000E3146000,1759,110.0
6275,CRS3035RES1000mN2027000E3146000,1752,116.0
6276,CRS3035RES1000mN2027000E3146000,186714,114.0
6277,CRS3035RES1000mN2027000E3146000,1753,116.0
6278,CRS3035RES1000mN2027000E3146000,1792,116.0
6279,CRS3035RES1000mN2027000E3146000,1763,101.0
6280,CRS3035RES1000mN2027000E3146000,1746,
6281,CRS3035RES1000mN2027000E3146000,11572165,109.0
6282,CRS3035RES1000mN2027000E3146000,1761,111.0
6283,CRS3035RES1000mN2027000E3146000,1747,
6284,CRS3035RES1000mN2027000E3146000,5768564,88.0
6285,CRS3035RES1000mN2027000E3146000,1798,97.0
6286,CRS3035RES1000mN2027000E3146000,66904,116.0
6287,CRS3035RES1000mN2027000E3146000,1777,102.0
6288,CRS3035RES1000mN2027000E3146000,1765,111.0
6289,CRS3035RES1000mN2027000E3146000,49416,118.0
6290,CRS3035RES1000mN2027000E3146000,12734939,118.0
6291,CRS3035RES1000mN2027000E3146000,167386167,103.0
6292,CRS3035RES1000mN2027000E3146000,295933804,107.0
6293,CRS3035RES1000mN2027000E3146000,303340017,105.0
6294,CRS3035RES1000mN2027000E3146000,315355551,105.0
6295,CRS3035RES1000mN2027000E3146000,339084977,104.0
6296,CRS3035RES1000mN2027000E3146000,412911553,107.0
6297,CRS3035RES1000mN2027000E3146000,558126037,87.0
6298,CRS3035RES1000mN2027000E3146000,711789768,102.0
6299,CRS3035RES1000mN2027000E3146000,727666062,
6300,CRS3035RES1000mN2027000E3146000,848085869,103.0
6301,CRS3035RES1000mN2027000E3146000,1056098898,117.0
6302,CRS3035RES1000mN2027000E3146000,1255438242,
6303,CRS3035RES1000mN2027000E3146000,1469985039,
6304,CRS3035RES1000mN2027000E3146000,1504302537,
6305,CRS3035RES1000mN2027000E3146000,1511617504,76.0
6306,CRS3035RES1000mN2027000E3146000,1541601287,
6307,CRS3035RES1000mN2027000E3146000,1544591296,118.0
6308,CRS3035RES1000mN2027000E3146000,1598174183,
6309,CRS3035RES1000mN2027000E3146000,1629887846,
6310,CRS3035RES1000mN2027000E3146000,1686660176,
6311,CRS3035RES1000mN2027000E3146000,1716927336,
6312,CRS3035RES1000mN2027000E3146000,1734554324,
6313,CRS3035RES1000mN2027000E3146000,1849109335,110.0
6314,CRS3035RES1000mN2027000E3146000,2028408680,108.0
6315,CRS3035RES1000mN2027000E3146000,2036887702,
6316,CRS3035RES1000mN2027000E3146000,2061404218,
6317,CRS3035RES1000mN2027000E3146000,2134238030,
6318,CRS3035RES1000mN2027000E3146000,2261600754,
6319,CRS3035RES1000mN2027000E3146000,2301402027,
6320,CRS3035RES1000mN2027000E3146000,2303966810,99.0
6321,CRS3035RES1000mN2027000E3146000,2312029862,
6322,CRS3035RES1000mN2027000E3146000,2408860250,
6323,CRS3035RES1000mN2027000E3146000,2620185829,110.0
6324,CRS3035RES1000mN2027000E3146000,2622508931,107.0
6325,CRS3035RES1000mN2027000E3146000,2672130951,
6326,CRS3035RES1000mN2027000E3146000,2710518818,
6327,CRS3035RES1000mN2027000E3146000,3034026261,
6328,CRS3035RES1000mN2027000E3146000,3179889751,
6329,CRS3035RES1000mN2027000E3146000,3206611978,
6330,CRS3035RES1000mN2027000E3146000,3272828439,105.0
6331,CRS3035RES1000mN2027000E3146000,3452364276,
6332,CRS3035RES1000mN2027000E3146000,3452364277,112.0
6333,CRS3035RES1000mN2027000E3146000,3495733197,
6334,CRS3035RES1000mN2027000E3146000,3497154853,
6335,CRS3035RES1000mN2027000E3146000,3517755445,
6336,CRS3035RES1000mN2027000E3146000,3522125657,
6337,CRS3035RES1000mN2027000E3146000,3526751794,
6338,CRS3035RES1000mN2027000E3146000,3839306060,
6339,CRS3035RES1000mN2027000E3146000,4214697664,91.0
6340,CRS3035RES1000mN2027000E3146000,4338252586,
6341,CRS3035RES1000mN2027000E3146000,4401271633,
6342,CRS3035RES1000mN2027000E3146000,4515476768,
6343,CRS3035RES1000mN2027000E3146000,4569910891,99.0
6344,CRS3035RES1000mN2027000E3146000,4703730491,110.0
6345,CRS3035RES1000mN2027000E3146000,4707870392,102.0
6346,CRS3035RES1000mN2027000E3146000,4789037769,
6347,CRS3035RES1000mN2027000E3146000,4794233143,
6348,CRS3035RES1000mN2027000E3146000,4870405674,90.0
6349,CRS3035RES1000mN2027000E3146000,5139379922,82.0
6350,CRS3035RES1000mN2027000E3146000,5160337425,106.0
6351,CRS3035RES1000mN2027000E3146000,5196199575,86.0
6352,CRS3035RES1000mN2027000E3146000,5341570554,116.0
6353,CRS3035RES1000mN2027000E3146000,5345949864,
6354,CRS3035RES1000mN2027000E3146000,5448507385,
6355,CRS3035RES1000mN2027000E3146000,5604693894,
6356,CRS3035RES1000mN2027000E3146000,5670401989,
6357,CRS3035RES1000mN2027000E3146000,5942671299,
6358,CRS3035RES1000mN2027000E3146000,5943980960,61.0
6359,CRS3035RES1000mN2027000E3146000,6185791451,
6360,CRS3035RES1000mN2027000E3146000,6188948286,
6361,CRS3035RES1000mN2027000E3146000,6555800191,81.0
6362,CRS3035RES1000mN2027000E3146000,6885254479,
6363,CRS3035RES1000mN2027000E3146000,7222611268,
6364,CRS3035RES1000mN2027000E3146000,7408961006,
6365,CRS3035RES1000mN2027000E3146000,7619964683,
6366,CRS3035RES1000mN2027000E3146000,7836562695,
6367,CRS3035RES1000mN2027000E3146000,8493729364,101.0
6368,CRS3035RES1000mN2027000E3146000,8557885377,
6369,CRS3035RES1000mN2027000E3146000,8807212208,105.0
6370,CRS3035RES1000mN2027000E3146000,8844229173,110.0
6371,CRS3035RES1000mN2027000E3146000,8878422600,
6372,CRS3035RES1000mN2027000E3146000,9595709188,113.0
6373,CRS3035RES1000mN2027000E3146000,9611387099,95.0
6374,CRS3035RES1000mN2027000E3146000,9712656915,101.0
6375,CRS3035RES1000mN2027000E3146000,9713142744,104.0
6376,CRS3035RES1000mN2027000E3146000,9815746657,
6377,CRS3035RES1000mN2027000E3146000,10004871512,
6378,CRS3035RES1000mN2027000E3146000,10281174134,
6379,CRS3035RES1000mN2027000E3146000,10580337411,
6380,CRS3035RES1000mN2027000E3146000,10899442604,96.0
6381,CRS3035RES1000mN2027000E3146000,10922657146,87.0
6382,CRS3035RES1000mN2027000E3146000,11127499928,
6383,CRS3035RES1000mN2027000E3146000,11143725881,
6384,CRS3035RES1000mN2027000E3146000,11243087140,
6385,CRS3035RES1000mN2027000E3146000,11269399969,115.0
6386,CRS3035RES1000mN2027000E3146000,11287269362,
6387,CRS3035RES1000mN2027000E3146000,11287269363,
6388,CRS3035RES1000mN2027000E3146000,11369705764,
6389,CRS3035RES1000mN2027000E3146000,11387776374,
6390,CRS3035RES1000mN2027000E3146000,11461799040,
6391,CRS3035RES1000mN2027000E3146000,11462802981,112.0
6392,CRS3035RES1000mN2027000E3146000,11652077658,115.0
6393,CRS3035RES1000mN2027000E3146000,11691390164,106.0
6394,CRS3035RES1000mN2027000E3146000,11739757462,112.0
6395,CRS3035RES1000mN2027000E3146000,12178446726,96.0
6396,CRS3035RES1000mN2027000E3146000,12407425114,90.0
6397,CRS3035RES1000mN2027000E3146000,12865480228,
6398,CRS3035RES1000mN2027000E3146000,2960630,82.0
6399,CRS3035RES1000mN2027000E3146000,3554044,100.0
6400,CRS3035RES1000mN2027000E3146000,3557906,107.0
6401,CRS3035RES1000mN2027000E3146000,5231361,111.0
6402,CRS3035RES1000mN2027000E3146000,9314566,
6403,CRS3035RES1000mN2027000E3146000,13696257,
6404,CRS3035RES1000mN2027000E3146000,15996131,106.0
6405,CRS3035RES1000mN2027000E3146000,23526191,118.0
6406,CRS3035RES1000mN2027000E3146000,23545719,
6407,CRS3035RES1000mN2027000E3146000,30599279,88.0
6408,CRS3035RES1000mN2027000E3146000,30649229,106.0
6409,CRS3035RES1000mN2027000E3146000,32198651,
6410,CRS3035RES1000mN2027000E3146000,34945111,104.0
6411,CRS3035RES1000mN2027000E3146000,50170625,
6412,CRS3035RES1000mN2027000E3146000,82887228,
6413,CRS3035RES1000mN2027000E3146000,92484952,112.0
6414,CRS3035RES1000mN2027000E3146000,95794713,
6415,CRS3035RES1000mN2027000E3146000,96418670,100.0
6416,CRS3035RES1000mN2027000E3146000,98502686,111.0
6417,CRS3035RES1000mN2027000E3146000,132613257,
6418,CRS3035RES1000mN2027000E3146000,135036040,
6419,CRS3035RES1000mN2027000E3146000,150772489,111.0
6420,CRS3035RES1000mN2027000E3146000,154118456,
6421,CRS3035RES1000mN2027000E3146000,157375776,
6422,CRS3035RES1000mN2027000E3146000,158211204,84.0
6423,CRS3035RES1000mN2027000E3146000,162072415,92.0
6424,CRS3035RES1000mN2027000E3146000,162117720,
6425,CRS3035RES1000mN2027000E3146000,170487273,
6426,CRS3035RES1000mN2027000E3146000,172686062,82.0
6427,CRS3035RES1000mN2027000E3146000,174318235,103.0
6428,CRS3035RES1000mN2027000E3146000,174318237,94.0
6429,CRS3035RES1000mN2027000E3146000,205060159,
6430,CRS3035RES1000mN2027000E3146000,205757163,
6431,CRS3035RES1000mN2027000E3146000,221095520,
6432,CRS3035RES1000mN2027000E3146000,224503374,109.0
6433,CRS3035RES1000mN2027000E3146000,227333462,117.0
6434,CRS3035RES1000mN2027000E3146000,229117454,119.0
6435,CRS3035RES1000mN2027000E3146000,261460389,
6436,CRS3035RES1000mN2027000E3146000,283450022,94.0
6437,CRS3035RES1000mN2027000E3146000,288994040,95.0
6438,CRS3035RES1000mN2027000E3146000,296744564,
6439,CRS3035RES1000mN2027000E3146000,297526406,
6440,CRS3035RES1000mN2027000E3146000,300709861,117.0
6441,CRS3035RES1000mN2027000E3146000,301444634,100.0
6442,CRS3035RES1000mN2027000E3146000,302721609,
6443,CRS3035RES1000mN2027000E3146000,308195630,
6444,CRS3035RES1000mN2027000E3146000,312777902,95.0
6445,CRS3035RES1000mN2027000E3146000,330154630,
6446,CRS3035RES1000mN2027000E3146000,340205456,112.0
6447,CRS3035RES1000mN2027000E3146000,367883612,
6448,CRS3035RES1000mN2027000E3146000,368211943,
6449,CRS3035RES1000mN2027000E3146000,374180360,
6450,CRS3035RES1000mN2027000E3146000,375369499,
6451,CRS3035RES1000mN2027000E3146000,383494544,113.0
6452,CRS3035RES1000mN2027000E3146000,384574591,113.0
6453,CRS3035RES1000mN2027000E3146000,403538322,
6454,CRS3035RES1000mN2027000E3146000,403859503,108.0
6455,CRS3035RES1000mN2027000E3146000,437050442,
6456,CRS3035RES1000mN2027000E3146000,459881697,107.0
6457,CRS3035RES1000mN2027000E3146000,477278425,
6458,CRS3035RES1000mN2027000E3146000,486879235,
6459,CRS3035RES1000mN2027000E3146000,493748377,98.0
6460,CRS3035RES1000mN2027000E3146000,498234201,
6461,CRS3035RES1000mN2027000E3146000,504315026,
6462,CRS3035RES1000mN2027000E3146000,548701490,
6463,CRS3035RES1000mN2027000E3146000,574210084,
6464,CRS3035RES1000mN2027000E3146000,576094143,96.0
6465,CRS3035RES1000mN2027000E3146000,584409067,
6466,CRS3035RES1000mN2027000E3146000,635512756,
6467,CRS3035RES1000mN2027000E3146000,638492224,
6468,CRS3035RES1000mN2027000E3146000,653913062,
6469,CRS3035RES1000mN2027000E3146000,659866770,
6470,CRS3035RES1000mN2027000E3146000,697717972,68.0
6471,CRS3035RES1000mN2027000E3146000,717194862,
6472,CRS3035RES1000mN2027000E3146000,736899303,
6473,CRS3035RES1000mN2027000E3146000,738042217,
6474,CRS3035RES1000mN2027000E3146000,839611983,
6475,CRS3035RES1000mN2027000E3146000,957893520,105.0
6476,CRS3035RES1000mN2027000E3146000,963308110,
6477,CRS3035RES1000mN2027000E3146000,1073283182,
6478,CRS3035RES1000mN2027000E3146000,1252864015,
6479,CRS3035RES1000mN2027000E3146000,1283203658,
6480,CRS3035RES1000mN2027000E3147000,25526,72.0
6481,CRS3035RES1000mN2027000E3147000,1774,95.0
6482,CRS3035RES1000mN2027000E3147000,1770,108.0
6483,CRS3035RES1000mN2027000E3147000,1773,111.0
6484,CRS3035RES1000mN2027000E3147000,1771,84.0
6485,CRS3035RES1000mN2027000E3147000,123303,95.0
6486,CRS3035RES1000mN2027000E3147000,1764,86.0
6487,CRS3035RES1000mN2027000E3147000,181101,114.0
6488,CRS3035RES1000mN2027000E3147000,5765642,76.0
6489,CRS3035RES1000mN2027000E3147000,86719,103.0
6490,CRS3035RES1000mN2027000E3147000,1800,107.0
6491,CRS3035RES1000mN2027000E3147000,1757,72.0
6492,CRS3035RES1000mN2027000E3147000,1755,88.0
6493,CRS3035RES1000mN2027000E3147000,1882,80.0
6494,CRS3035RES1000mN2027000E3147000,1745,102.0
6495,CRS3035RES1000mN2027000E3147000,1794,99.0
6496,CRS3035RES1000mN2027000E3147000,1762,92.0
6497,CRS3035RES1000mN2027000E3147000,51188,91.0
6498,CRS3035RES1000mN2027000E3147000,6893633,96.0
6499,CRS3035RES1000mN2027000E3147000,167128,109.0
6500,CRS3035RES1000mN2027000E3147000,1760,95.0
6501,CRS3035RES1000mN2027000E3147000,12773298,108.0
6502,CRS3035RES1000mN2027000E3147000,1754,98.0
6503,CRS3035RES1000mN2027000E3147000,1748,109.0
6504,CRS3035RES1000mN2027000E3147000,79941,107.0
6505,CRS3035RES1000mN2027000E3147000,1750,101.0
6506,CRS3035RES1000mN2027000E3147000,5975465,86.0
6507,CRS3035RES1000mN2027000E3147000,115056,106.0
6508,CRS3035RES1000mN2027000E3147000,1790,99.0
6509,CRS3035RES1000mN2027000E3147000,1756,81.0
6510,CRS3035RES1000mN2027000E3147000,51849,101.0
6511,CRS3035RES1000mN2027000E3147000,185595,95.0
6512,CRS3035RES1000mN2027000E3147000,7697128,77.0
6513,CRS3035RES1000mN2027000E3147000,10395362,108.0
6514,CRS3035RES1000mN2027000E3147000,1759,94.0
6515,CRS3035RES1000mN2027000E3147000,1752,102.0
6516,CRS3035RES1000mN2027000E3147000,186714,97.0
6517,CRS3035RES1000mN2027000E3147000,1753,101.0
6518,CRS3035RES1000mN2027000E3147000,1792,107.0
6519,CRS3035RES1000mN2027000E3147000,1763,92.0
6520,CRS3035RES1000mN2027000E3147000,1746,108.0
6521,CRS3035RES1000mN2027000E3147000,11572165,104.0
6522,CRS3035RES1000mN2027000E3147000,1761,96.0
6523,CRS3035RES1000mN2027000E3147000,1747,112.0
6524,CRS3035RES1000mN2027000E3147000,5768564,70.0
6525,CRS3035RES1000mN2027000E3147000,1798,84.0
6526,CRS3035RES1000mN2027000E3147000,66904,97.0
6527,CRS3035RES1000mN2027000E3147000,1777,85.0
6528,CRS3035RES1000mN2027000E3147000,1765,95.0
6529,CRS3035RES1000mN2027000E3147000,49416,109.0
6530,CRS3035RES1000mN2027000E3147000,12734939,109.0
6531,CRS3035RES1000mN2027000E3147000,167386167,87.0
6532,CRS3035RES1000mN2027000E3147000,295933804,89.0
6533,CRS3035RES1000mN2027000E3147000,303340017,102.0
6534,CRS3035RES1000mN2027000E3147000,315355551,85.0
6535,CRS3035RES1000mN2027000E3147000,339084977,92.0
6536,CRS3035RES1000mN2027000E3147000,412911553,90.0
6537,CRS3035RES1000mN2027000E3147000,558126037,78.0
6538,CRS3035RES1000mN2027000E3147000,711789768,97.0
6539,CRS3035RES1000mN2027000E3147000,727666062,
6540,CRS3035RES1000mN2027000E3147000,848085869,86.0
6541,CRS3035RES1000mN2027000E3147000,1056098898,100.0
6542,CRS3035RES1000mN2027000E3147000,1255438242,
6543,CRS3035RES1000mN2027000E3147000,1469985039,119.0
6544,CRS3035RES1000mN2027000E3147000,1504302537,
6545,CRS3035RES1000mN2027000E3147000,1511617504,76.0
6546,CRS3035RES1000mN2027000E3147000,1541601287,110.0
6547,CRS3035RES1000mN2027000E3147000,1544591296,102.0
6548,CRS3035RES1000mN2027000E3147000,1598174183,111.0
6549,CRS3035RES1000mN2027000E3147000,1629887846,116.0
6550,CRS3035RES1000mN2027000E3147000,1686660176,110.0
6551,CRS3035RES1000mN2027000E3147000,1716927336,
6552,CRS3035RES1000mN2027000E3147000,1734554324,
6553,CRS3035RES1000mN2027000E3147000,1849109335,106.0
6554,CRS3035RES1000mN2027000E3147000,2028408680,92.0
6555,CRS3035RES1000mN2027000E3147000,2036887702,
6556,CRS3035RES1000mN2027000E3147000,2061404218,106.0
6557,CRS3035RES1000mN2027000E3147000,2134238030,
6558,CRS3035RES1000mN2027000E3147000,2261600754,
6559,CRS3035RES1000mN2027000E3147000,2301402027,118.0
6560,CRS3035RES1000mN2027000E3147000,2303966810,94.0
6561,CRS3035RES1000mN2027000E3147000,2312029862,114.0
6562,CRS3035RES1000mN2027000E3147000,2408860250,
6563,CRS3035RES1000mN2027000E3147000,2620185829,93.0
6564,CRS3035RES1000mN2027000E3147000,2622508931,89.0
6565,CRS3035RES1000mN2027000E3147000,2672130951,
6566,CRS3035RES1000mN2027000E3147000,2710518818,
6567,CRS3035RES1000mN2027000E3147000,3034026261,
6568,CRS3035RES1000mN2027000E3147000,3179889751,
6569,CRS3035RES1000mN2027000E3147000,3206611978,
6570,CRS3035RES1000mN2027000E3147000,3272828439,100.0
6571,CRS3035RES1000mN2027000E3147000,3452364276,112.0
6572,CRS3035RES1000mN2027000E3147000,3452364277,96.0
6573,CRS3035RES1000mN2027000E3147000,3495733197,
6574,CRS3035RES1000mN2027000E3147000,3497154853,
6575,CRS3035RES1000mN2027000E3147000,3517755445,
6576,CRS3035RES1000mN2027000E3147000,3522125657,
6577,CRS3035RES1000mN2027000E3147000,3526751794,
6578,CRS3035RES1000mN2027000E3147000,3839306060,113.0
6579,CRS3035RES1000mN2027000E3147000,4214697664,76.0
6580,CRS3035RES1000mN2027000E3147000,4338252586,
6581,CRS3035RES1000mN2027000E3147000,4401271633,
6582,CRS3035RES1000mN2027000E3147000,4515476768,
6583,CRS3035RES1000mN2027000E3147000,4569910891,82.0
6584,CRS3035RES1000mN2027000E3147000,4703730491,84.0
6585,CRS3035RES1000mN2027000E3147000,4707870392,81.0
6586,CRS3035RES1000mN2027000E3147000,4789037769,
6587,CRS3035RES1000mN2027000E3147000,4794233143,
6588,CRS3035RES1000mN2027000E3147000,4870405674,72.0
6589,CRS3035RES1000mN2027000E3147000,5139379922,65.0
6590,CRS3035RES1000mN2027000E3147000,5160337425,88.0
6591,CRS3035RES1000mN2027000E3147000,5196199575,58.0
6592,CRS3035RES1000mN2027000E3147000,5341570554,101.0
6593,CRS3035RES1000mN2027000E3147000,5345949864,
6594,CRS3035RES1000mN2027000E3147000,5448507385,
6595,CRS3035RES1000mN2027000E3147000,5604693894,
6596,CRS3035RES1000mN2027000E3147000,5670401989,
6597,CRS3035RES1000mN2027000E3147000,5942671299,
6598,CRS3035RES1000mN2027000E3147000,5943980960,58.0
6599,CRS3035RES1000mN2027000E3147000,6185791451,
6600,CRS3035RES1000mN2027000E3147000,6188948286,
6601,CRS3035RES1000mN2027000E3147000,6555800191,74.0
6602,CRS3035RES1000mN2027000E3147000,6885254479,104.0
6603,CRS3035RES1000mN2027000E3147000,7222611268,
6604,CRS3035RES1000mN2027000E3147000,7408961006,
6605,CRS3035RES1000mN2027000E3147000,7619964683,
6606,CRS3035RES1000mN2027000E3147000,7836562695,
6607,CRS3035RES1000mN2027000E3147000,8493729364,88.0
6608,CRS3035RES1000mN2027000E3147000,8557885377,
6609,CRS3035RES1000mN2027000E3147000,8807212208,88.0
6610,CRS3035RES1000mN2027000E3147000,8844229173,93.0
6611,CRS3035RES1000mN2027000E3147000,8878422600,102.0
6612,CRS3035RES1000mN2027000E3147000,9595709188,97.0
6613,CRS3035RES1000mN2027000E3147000,9611387099,90.0
6614,CRS3035RES1000mN2027000E3147000,9712656915,83.0
6615,CRS3035RES1000mN2027000E3147000,9713142744,88.0
6616,CRS3035RES1000mN2027000E3147000,9815746657,
6617,CRS3035RES1000mN2027000E3147000,10004871512,114.0
6618,CRS3035RES1000mN2027000E3147000,10281174134,
6619,CRS3035RES1000mN2027000E3147000,10580337411,117.0
6620,CRS3035RES1000mN2027000E3147000,10899442604,90.0
6621,CRS3035RES1000mN2027000E3147000,10922657146,81.0
6622,CRS3035RES1000mN2027000E3147000,11127499928,119.0
6623,CRS3035RES1000mN2027000E3147000,11143725881,109.0
6624,CRS3035RES1000mN2027000E3147000,11243087140,111.0
6625,CRS3035RES1000mN2027000E3147000,11269399969,98.0
6626,CRS3035RES1000mN2027000E3147000,11287269362,117.0
6627,CRS3035RES1000mN2027000E3147000,11287269363,
6628,CRS3035RES1000mN2027000E3147000,11369705764,
6629,CRS3035RES1000mN2027000E3147000,11387776374,117.0
6630,CRS3035RES1000mN2027000E3147000,11461799040,
6631,CRS3035RES1000mN2027000E3147000,11462802981,104.0
6632,CRS3035RES1000mN2027000E3147000,11652077658,108.0
6633,CRS3035RES1000mN2027000E3147000,11691390164,89.0
6634,CRS3035RES1000mN2027000E3147000,11739757462,104.0
6635,CRS3035RES1000mN2027000E3147000,12178446726,84.0
6636,CRS3035RES1000mN2027000E3147000,12407425114,90.0
6637,CRS3035RES1000mN2027000E3147000,12865480228,114.0
6638,CRS3035RES1000mN2027000E3147000,2960630,82.0
6639,CRS3035RES1000mN2027000E3147000,3554044,84.0
6640,CRS3035RES1000mN2027000E3147000,3557906,99.0
6641,CRS3035RES1000mN2027000E3147000,5231361,93.0
6642,CRS3035RES1000mN2027000E3147000,9314566,
6643,CRS3035RES1000mN2027000E3147000,13696257,119.0
6644,CRS3035RES1000mN2027000E3147000,15996131,89.0
6645,CRS3035RES1000mN2027000E3147000,23526191,101.0
6646,CRS3035RES1000mN2027000E3147000,23545719,105.0
6647,CRS3035RES1000mN2027000E3147000,30599279,80.0
6648,CRS3035RES1000mN2027000E3147000,30649229,89.0
6649,CRS3035RES1000mN2027000E3147000,32198651,
6650,CRS3035RES1000mN2027000E3147000,34945111,98.0
6651,CRS3035RES1000mN2027000E3147000,50170625,
6652,CRS3035RES1000mN2027000E3147000,82887228,113.0
6653,CRS3035RES1000mN2027000E3147000,92484952,111.0
6654,CRS3035RES1000mN2027000E3147000,95794713,118.0
6655,CRS3035RES1000mN2027000E3147000,96418670,94.0
6656,CRS3035RES1000mN2027000E3147000,98502686,95.0
6657,CRS3035RES1000mN2027000E3147000,132613257,116.0
6658,CRS3035RES1000mN2027000E3147000,135036040,117.0
6659,CRS3035RES1000mN2027000E3147000,150772489,94.0
6660,CRS3035RES1000mN2027000E3147000,154118456,100.0
6661,CRS3035RES1000mN2027000E3147000,157375776,113.0
6662,CRS3035RES1000mN2027000E3147000,158211204,77.0
6663,CRS3035RES1000mN2027000E3147000,162072415,84.0
6664,CRS3035RES1000mN2027000E3147000,162117720,109.0
6665,CRS3035RES1000mN2027000E3147000,170487273,
6666,CRS3035RES1000mN2027000E3147000,172686062,77.0
6667,CRS3035RES1000mN2027000E3147000,174318235,92.0
6668,CRS3035RES1000mN2027000E3147000,174318237,88.0
6669,CRS3035RES1000mN2027000E3147000,205060159,
6670,CRS3035RES1000mN2027000E3147000,205757163,
6671,CRS3035RES1000mN2027000E3147000,221095520,117.0
6672,CRS3035RES1000mN2027000E3147000,224503374,92.0
6673,CRS3035RES1000mN2027000E3147000,227333462,89.0
6674,CRS3035RES1000mN2027000E3147000,229117454,108.0
6675,CRS3035RES1000mN2027000E3147000,261460389,
6676,CRS3035RES1000mN2027000E3147000,283450022,78.0
6677,CRS3035RES1000mN2027000E3147000,288994040,89.0
6678,CRS3035RES1000mN2027000E3147000,296744564,
6679,CRS3035RES1000mN2027000E3147000,297526406,
6680,CRS3035RES1000mN2027000E3147000,300709861,112.0
6681,CRS3035RES1000mN2027000E3147000,301444634,100.0
6682,CRS3035RES1000mN2027000E3147000,302721609,
6683,CRS3035RES1000mN2027000E3147000,308195630,
6684,CRS3035RES1000mN2027000E3147000,312777902,90.0
6685,CRS3035RES1000mN2027000E3147000,330154630,
6686,CRS3035RES1000mN2027000E3147000,340205456,95.0
6687,CRS3035RES1000mN2027000E3147000,367883612,111.0
6688,CRS3035RES1000mN2027000E3147000,368211943,112.0
6689,CRS3035RES1000mN2027000E3147000,374180360,116.0
6690,CRS3035RES1000mN2027000E3147000,375369499,94.0
6691,CRS3035RES1000mN2027000E3147000,383494544,96.0
6692,CRS3035RES1000mN2027000E3147000,384574591,100.0
6693,CRS3035RES1000mN2027000E3147000,403538322,
6694,CRS3035RES1000mN2027000E3147000,403859503,91.0
6695,CRS3035RES1000mN2027000E3147000,437050442,
6696,CRS3035RES1000mN2027000E3147000,459881697,90.0
6697,CRS3035RES1000mN2027000E3147000,477278425,
6698,CRS3035RES1000mN2027000E3147000,486879235,
6699,CRS3035RES1000mN2027000E3147000,493748377,82.0
6700,CRS3035RES1000mN2027000E3147000,498234201,
6701,CRS3035RES1000mN2027000E3147000,504315026,115.0
6702,CRS3035RES1000mN2027000E3147000,548701490,
6703,CRS3035RES1000mN2027000E3147000,574210084,
6704,CRS3035RES1000mN2027000E3147000,576094143,85.0
6705,CRS3035RES1000mN2027000E3147000,584409067,
6706,CRS3035RES1000mN2027000E3147000,635512756,119.0
6707,CRS3035RES1000mN2027000E3147000,638492224,
6708,CRS3035RES1000mN2027000E3147000,653913062,118.0
6709,CRS3035RES1000mN2027000E3147000,659866770,
6710,CRS3035RES1000mN2027000E3147000,697717972,68.0
6711,CRS3035RES1000mN2027000E3147000,717194862,
6712,CRS3035RES1000mN2027000E3147000,736899303,
6713,CRS3035RES1000mN2027000E3147000,738042217,
6714,CRS3035RES1000mN2027000E3147000,839611983,
6715,CRS3035RES1000mN2027000E3147000,957893520,90.0
6716,CRS3035RES1000mN2027000E3147000,963308110,119.0
6717,CRS3035RES1000mN2027000E3147000,1073283182,
6718,CRS3035RES1000mN2027000E3147000,1252864015,111.0
6719,CRS3035RES1000mN2027000E3147000,1283203658,
6720,CRS3035RES1000mN2027000E3148000,25526,82.0
6721,CRS3035RES1000mN2027000E3148000,1774,103.0
6722,CRS3035RES1000mN2027000E3148000,1770,
6723,CRS3035RES1000mN2027000E3148000,1773,
6724,CRS3035RES1000mN2027000E3148000,1771,99.0
6725,CRS3035RES1000mN2027000E3148000,123303,102.0
6726,CRS3035RES1000mN2027000E3148000,1764,101.0
6727,CRS3035RES1000mN2027000E3148000,181101,
6728,CRS3035RES1000mN2027000E3148000,5765642,90.0
6729,CRS3035RES1000mN2027000E3148000,86719,110.0
6730,CRS3035RES1000mN2027000E3148000,1800,118.0
6731,CRS3035RES1000mN2027000E3148000,1757,87.0
6732,CRS3035RES1000mN2027000E3148000,1755,97.0
6733,CRS3035RES1000mN2027000E3148000,1882,96.0
6734,CRS3035RES1000mN2027000E3148000,1745,115.0
6735,CRS3035RES1000mN2027000E3148000,1794,115.0
6736,CRS3035RES1000mN2027000E3148000,1762,107.0
6737,CRS3035RES1000mN2027000E3148000,51188,106.0
6738,CRS3035RES1000mN2027000E3148000,6893633,110.0
6739,CRS3035RES1000mN2027000E3148000,167128,119.0
6740,CRS3035RES1000mN2027000E3148000,1760,110.0
6741,CRS3035RES1000mN2027000E3148000,12773298,113.0
6742,CRS3035RES1000mN2027000E3148000,1754,114.0
6743,CRS3035RES1000mN2027000E3148000,1748,117.0
6744,CRS3035RES1000mN2027000E3148000,79941,
6745,CRS3035RES1000mN2027000E3148000,1750,115.0
6746,CRS3035RES1000mN2027000E3148000,5975465,99.0
6747,CRS3035RES1000mN2027000E3148000,115056,
6748,CRS3035RES1000mN2027000E3148000,1790,113.0
6749,CRS3035RES1000mN2027000E3148000,1756,94.0
6750,CRS3035RES1000mN2027000E3148000,51849,117.0
6751,CRS3035RES1000mN2027000E3148000,185595,109.0
6752,CRS3035RES1000mN2027000E3148000,7697128,93.0
6753,CRS3035RES1000mN2027000E3148000,10395362,
6754,CRS3035RES1000mN2027000E3148000,1759,109.0
6755,CRS3035RES1000mN2027000E3148000,1752,113.0
6756,CRS3035RES1000mN2027000E3148000,186714,112.0
6757,CRS3035RES1000mN2027000E3148000,1753,112.0
6758,CRS3035RES1000mN2027000E3148000,1792,112.0
6759,CRS3035RES1000mN2027000E3148000,1763,98.0
6760,CRS3035RES1000mN2027000E3148000,1746,
6761,CRS3035RES1000mN2027000E3148000,11572165,106.0
6762,CRS3035RES1000mN2027000E3148000,1761,108.0
6763,CRS3035RES1000mN2027000E3148000,1747,
6764,CRS3035RES1000mN2027000E3148000,5768564,86.0
6765,CRS3035RES1000mN2027000E3148000,1798,94.0
6766,CRS3035RES1000mN2027000E3148000,66904,115.0
6767,CRS3035RES1000mN2027000E3148000,1777,101.0
6768,CRS3035RES1000mN2027000E3148000,1765,109.0
6769,CRS3035RES1000mN2027000E3148000,49416,114.0
6770,CRS3035RES1000mN2027000E3148000,12734939,114.0
6771,CRS3035RES1000mN2027000E3148000,167386167,101.0
6772,CRS3035RES1000mN2027000E3148000,295933804,107.0
6773,CRS3035RES1000mN2027000E3148000,303340017,102.0
6774,CRS3035RES1000mN2027000E3148000,315355551,107.0
6775,CRS3035RES1000mN2027000E3148000,339084977,103.0
6776,CRS3035RES1000mN2027000E3148000,412911553,104.0
6777,CRS3035RES1000mN2027000E3148000,558126037,103.0
6778,CRS3035RES1000mN2027000E3148000,711789768,99.0
6779,CRS3035RES1000mN2027000E3148000,727666062,
6780,CRS3035RES1000mN2027000E3148000,848085869,104.0
6781,CRS3035RES1000mN2027000E3148000,1056098898,114.0
6782,CRS3035RES1000mN2027000E3148000,1255438242,
6783,CRS3035RES1000mN2027000E3148000,1469985039,
6784,CRS3035RES1000mN2027000E3148000,1504302537,
6785,CRS3035RES1000mN2027000E3148000,1511617504,76.0
6786,CRS3035RES1000mN2027000E3148000,1541601287,
6787,CRS3035RES1000mN2027000E3148000,1544591296,117.0
6788,CRS3035RES1000mN2027000E3148000,1598174183,
6789,CRS3035RES1000mN2027000E3148000,1629887846,
6790,CRS3035RES1000mN2027000E3148000,1686660176,
6791,CRS3035RES1000mN2027000E3148000,1716927336,
6792,CRS3035RES1000mN2027000E3148000,1734554324,
6793,CRS3035RES1000mN2027000E3148000,1849109335,107.0
6794,CRS3035RES1000mN2027000E3148000,2028408680,88.0
6795,CRS3035RES1000mN2027000E3148000,2036887702,
6796,CRS3035RES1000mN2027000E3148000,2061404218,
6797,CRS3035RES1000mN2027000E3148000,2134238030,
6798,CRS3035RES1000mN2027000E3148000,2261600754,
6799,CRS3035RES1000mN2027000E3148000,2301402027,
6800,CRS3035RES1000mN2027000E3148000,2303966810,96.0
6801,CRS3035RES1000mN2027000E3148000,2312029862,
6802,CRS3035RES1000mN2027000E3148000,2408860250,
6803,CRS3035RES1000mN2027000E3148000,2620185829,108.0
6804,CRS3035RES1000mN2027000E3148000,2622508931,104.0
6805,CRS3035RES1000mN2027000E3148000,2672130951,
6806,CRS3035RES1000mN2027000E3148000,2710518818,
6807,CRS3035RES1000mN2027000E3148000,3034026261,
6808,CRS3035RES1000mN2027000E3148000,3179889751,
6809,CRS3035RES1000mN2027000E3148000,3206611978,
6810,CRS3035RES1000mN2027000E3148000,3272828439,108.0
6811,CRS3035RES1000mN2027000E3148000,3452364276,
6812,CRS3035RES1000mN2027000E3148000,3452364277,110.0
6813,CRS3035RES1000mN2027000E3148000,3495733197,
6814,CRS3035RES1000mN2027000E3148000,3497154853,
6815,CRS3035RES1000mN2027000E3148000,3517755445,
6816,CRS3035RES1000mN2027000E3148000,3522125657,
6817,CRS3035RES1000mN2027000E3148000,3526751794,
6818,CRS3035RES1000mN2027000E3148000,3839306060,
6819,CRS3035RES1000mN2027000E3148000,4214697664,89.0
6820,CRS3035RES1000mN2027000E3148000,4338252586,
6821,CRS3035RES1000mN2027000E3148000,4401271633,
6822,CRS3035RES1000mN2027000E3148000,4515476768,
6823,CRS3035RES1000mN2027000E3148000,4569910891,98.0
6824,CRS3035RES1000mN2027000E3148000,4703730491,110.0
6825,CRS3035RES1000mN2027000E3148000,4707870392,101.0
6826,CRS3035RES1000mN2027000E3148000,4789037769,
6827,CRS3035RES1000mN2027000E3148000,4794233143,
6828,CRS3035RES1000mN2027000E3148000,4870405674,88.0
6829,CRS3035RES1000mN2027000E3148000,5139379922,99.0
6830,CRS3035RES1000mN2027000E3148000,5160337425,103.0
6831,CRS3035RES1000mN2027000E3148000,5196199575,99.0
6832,CRS3035RES1000mN2027000E3148000,5341570554,113.0
6833,CRS3035RES1000mN2027000E3148000,5345949864,
6834,CRS3035RES1000mN2027000E3148000,5448507385,
6835,CRS3035RES1000mN2027000E3148000,5604693894,
6836,CRS3035RES1000mN2027000E3148000,5670401989,
6837,CRS3035RES1000mN2027000E3148000,5942671299,
6838,CRS3035RES1000mN2027000E3148000,5943980960,68.0
6839,CRS3035RES1000mN2027000E3148000,6185791451,
6840,CRS3035RES1000mN2027000E3148000,6188948286,
6841,CRS3035RES1000mN2027000E3148000,6555800191,85.0
6842,CRS3035RES1000mN2027000E3148000,6885254479,
6843,CRS3035RES1000mN2027000E3148000,7222611268,
6844,CRS3035RES1000mN2027000E3148000,7408961006,
6845,CRS3035RES1000mN2027000E3148000,7619964683,
6846,CRS3035RES1000mN2027000E3148000,7836562695,
6847,CRS3035RES1000mN2027000E3148000,8493729364,98.0
6848,CRS3035RES1000mN2027000E3148000,8557885377,
6849,CRS3035RES1000mN2027000E3148000,8807212208,102.0
6850,CRS3035RES1000mN2027000E3148000,8844229173,108.0
6851,CRS3035RES1000mN2027000E3148000,8878422600,
6852,CRS3035RES1000mN2027000E3148000,9595709188,112.0
6853,CRS3035RES1000mN2027000E3148000,9611387099,92.0
6854,CRS3035RES1000mN2027000E3148000,9712656915,98.0
6855,CRS3035RES1000mN2027000E3148000,9713142744,103.0
6856,CRS3035RES1000mN2027000E3148000,9815746657,
6857,CRS3035RES1000mN2027000E3148000,10004871512,
6858,CRS3035RES1000mN2027000E3148000,10281174134,
6859,CRS3035RES1000mN2027000E3148000,10580337411,
6860,CRS3035RES1000mN2027000E3148000,10899442604,100.0
6861,CRS3035RES1000mN2027000E3148000,10922657146,91.0
6862,CRS3035RES1000mN2027000E3148000,11127499928,
6863,CRS3035RES1000mN2027000E3148000,11143725881,
6864,CRS3035RES1000mN2027000E3148000,11243087140,
6865,CRS3035RES1000mN2027000E3148000,11269399969,113.0
6866,CRS3035RES1000mN2027000E3148000,11287269362,
6867,CRS3035RES1000mN2027000E3148000,11287269363,
6868,CRS3035RES1000mN2027000E3148000,11369705764,
6869,CRS3035RES1000mN2027000E3148000,11387776374,
6870,CRS3035RES1000mN2027000E3148000,11461799040,
6871,CRS3035RES1000mN2027000E3148000,11462802981,109.0
6872,CRS3035RES1000mN2027000E3148000,11652077658,112.0
6873,CRS3035RES1000mN2027000E3148000,11691390164,103.0
6874,CRS3035RES1000mN2027000E3148000,11739757462,110.0
6875,CRS3035RES1000mN2027000E3148000,12178446726,94.0
6876,CRS3035RES1000mN2027000E3148000,12407425114,108.0
6877,CRS3035RES1000mN2027000E3148000,12865480228,
6878,CRS3035RES1000mN2027000E3148000,2960630,79.0
6879,CRS3035RES1000mN2027000E3148000,3554044,77.0
6880,CRS3035RES1000mN2027000E3148000,3557906,106.0
6881,CRS3035RES1000mN2027000E3148000,5231361,109.0
6882,CRS3035RES1000mN2027000E3148000,9314566,
6883,CRS3035RES1000mN2027000E3148000,13696257,
6884,CRS3035RES1000mN2027000E3148000,15996131,104.0
6885,CRS3035RES1000mN2027000E3148000,23526191,117.0
6886,CRS3035RES1000mN2027000E3148000,23545719,119.0
6887,CRS3035RES1000mN2027000E3148000,30599279,87.0
6888,CRS3035RES1000mN2027000E3148000,30649229,105.0
6889,CRS3035RES1000mN2027000E3148000,32198651,
6890,CRS3035RES1000mN2027000E3148000,34945111,107.0
6891,CRS3035RES1000mN2027000E3148000,50170625,
6892,CRS3035RES1000mN2027000E3148000,82887228,
6893,CRS3035RES1000mN2027000E3148000,92484952,
6894,CRS3035RES1000mN2027000E3148000,95794713,
6895,CRS3035RES1000mN2027000E3148000,96418670,104.0
6896,CRS3035RES1000mN2027000E3148000,98502686,108.0
6897,CRS3035RES1000mN2027000E3148000,132613257,
6898,CRS3035RES1000mN2027000E3148000,135036040,
6899,CRS3035RES1000mN2027000E3148000,150772489,108.0
6900,CRS3035RES1000mN2027000E3148000,154118456,
6901,CRS3035RES1000mN2027000E3148000,157375776,
6902,CRS3035RES1000mN2027000E3148000,158211204,85.0
6903,CRS3035RES1000mN2027000E3148000,162072415,91.0
6904,CRS3035RES1000mN2027000E3148000,162117720,
6905,CRS3035RES1000mN2027000E3148000,170487273,
6906,CRS3035RES1000mN2027000E3148000,172686062,82.0
6907,CRS3035RES1000mN2027000E3148000,174318235,105.0
6908,CRS3035RES1000mN2027000E3148000,174318237,98.0
6909,CRS3035RES1000mN2027000E3148000,205060159,
6910,CRS3035RES1000mN2027000E3148000,205757163,
6911,CRS3035RES1000mN2027000E3148000,221095520,
6912,CRS3035RES1000mN2027000E3148000,224503374,108.0
6913,CRS3035RES1000mN2027000E3148000,227333462,117.0
6914,CRS3035RES1000mN2027000E3148000,229117454,119.0
6915,CRS3035RES1000mN2027000E3148000,261460389,
6916,CRS3035RES1000mN2027000E3148000,283450022,93.0
6917,CRS3035RES1000mN2027000E3148000,288994040,92.0
6918,CRS3035RES1000mN2027000E3148000,296744564,
6919,CRS3035RES1000mN2027000E3148000,297526406,
6920,CRS3035RES1000mN2027000E3148000,300709861,119.0
6921,CRS3035RES1000mN2027000E3148000,301444634,118.0
6922,CRS3035RES1000mN2027000E3148000,302721609,
6923,CRS3035RES1000mN2027000E3148000,308195630,
6924,CRS3035RES1000mN2027000E3148000,312777902,92.0
6925,CRS3035RES1000mN2027000E3148000,330154630,
6926,CRS3035RES1000mN2027000E3148000,340205456,109.0
6927,CRS3035RES1000mN2027000E3148000,367883612,
6928,CRS3035RES1000mN2027000E3148000,368211943,
6929,CRS3035RES1000mN2027000E3148000,374180360,
6930,CRS3035RES1000mN2027000E3148000,375369499,
6931,CRS3035RES1000mN2027000E3148000,383494544,111.0
6932,CRS3035RES1000mN2027000E3148000,384574591,112.0
6933,CRS3035RES1000mN2027000E3148000,403538322,
6934,CRS3035RES1000mN2027000E3148000,403859503,105.0
6935,CRS3035RES1000mN2027000E3148000,437050442,
6936,CRS3035RES1000mN2027000E3148000,459881697,114.0
6937,CRS3035RES1000mN2027000E3148000,477278425,
6938,CRS3035RES1000mN2027000E3148000,486879235,
6939,CRS3035RES1000mN2027000E3148000,493748377,98.0
6940,CRS3035RES1000mN2027000E3148000,498234201,
6941,CRS3035RES1000mN2027000E3148000,504315026,
6942,CRS3035RES1000mN2027000E3148000,548701490,
6943,CRS3035RES1000mN2027000E3148000,574210084,
6944,CRS3035RES1000mN2027000E3148000,576094143,95.0
6945,CRS3035RES1000mN2027000E3148000,584409067,
6946,CRS3035RES1000mN2027000E3148000,635512756,
6947,CRS3035RES1000mN2027000E3148000,638492224,
6948,CRS3035RES1000mN2027000E3148000,653913062,
6949,CRS3035RES1000mN2027000E3148000,659866770,
6950,CRS3035RES1000mN2027000E3148000,697717972,73.0
6951,CRS3035RES1000mN2027000E3148000,717194862,
6952,CRS3035RES1000mN2027000E3148000,736899303,
6953,CRS3035RES1000mN2027000E3148000,738042217,
6954,CRS3035RES1000mN2027000E3148000,839611983,
6955,CRS3035RES1000mN2027000E3148000,957893520,102.0
6956,CRS3035RES1000mN2027000E3148000,963308110,
6957,CRS3035RES1000mN2027000E3148000,1073283182,
6958,CRS3035RES1000mN2027000E3148000,1252864015,
6959,CRS3035RES1000mN2027000E3148000,1283203658,
6960,CRS3035RES1000mN2028000E3146000,25526,56.0
6961,CRS3035RES1000mN2028000E3146000,1774,81.0
6962,CRS3035RES1000mN2028000E3146000,1770,93.0
6963,CRS3035RES1000mN2028000E3146000,1773,97.0
6964,CRS3035RES1000mN2028000E3146000,1771,69.0
6965,CRS3035RES1000mN2028000E3146000,123303,80.0
6966,CRS3035RES1000mN2028000E3146000,1764,72.0
6967,CRS3035RES1000mN2028000E3146000,181101,98.0
6968,CRS3035RES1000mN2028000E3146000,5765642,61.0
6969,CRS3035RES1000mN2028000E3146000,86719,93.0
6970,CRS3035RES1000mN2028000E3146000,1800,93.0
6971,CRS3035RES1000mN2028000E3146000,1757,57.0
6972,CRS3035RES1000mN2028000E3146000,1755,72.0
6973,CRS3035RES1000mN2028000E3146000,1882,66.0
6974,CRS3035RES1000mN2028000E3146000,1745,87.0
6975,CRS3035RES1000mN2028000E3146000,1794,85.0
6976,CRS3035RES1000mN2028000E3146000,1762,77.0
6977,CRS3035RES1000mN2028000E3146000,51188,76.0
6978,CRS3035RES1000mN2028000E3146000,6893633,82.0
6979,CRS3035RES1000mN2028000E3146000,167128,95.0
6980,CRS3035RES1000mN2028000E3146000,1760,81.0
6981,CRS3035RES1000mN2028000E3146000,12773298,96.0
6982,CRS3035RES1000mN2028000E3146000,1754,86.0
6983,CRS3035RES1000mN2028000E3146000,1748,94.0
6984,CRS3035RES1000mN2028000E3146000,79941,92.0
6985,CRS3035RES1000mN2028000E3146000,1750,85.0
6986,CRS3035RES1000mN2028000E3146000,5975465,72.0
6987,CRS3035RES1000mN2028000E3146000,115056,91.0
6988,CRS3035RES1000mN2028000E3146000,1790,83.0
6989,CRS3035RES1000mN2028000E3146000,1756,68.0
6990,CRS3035RES1000mN2028000E3146000,51849,87.0
6991,CRS3035RES1000mN2028000E3146000,185595,80.0
6992,CRS3035RES1000mN2028000E3146000,7697128,63.0
6993,CRS3035RES1000mN2028000E3146000,10395362,95.0
6994,CRS3035RES1000mN2028000E3146000,1759,79.0
6995,CRS3035RES1000mN2028000E3146000,1752,88.0
6996,CRS3035RES1000mN2028000E3146000,186714,82.0
6997,CRS3035RES1000mN2028000E3146000,1753,87.0
6998,CRS3035RES1000mN2028000E3146000,1792,91.0
6999,CRS3035RES1000mN2028000E3146000,1763,77.0
7000,CRS3035RES1000mN2028000E3146000,1746,94.0
7001,CRS3035RES1000mN2028000E3146000,11572165,87.0
7002,CRS3035RES1000mN2028000E3146000,1761,82.0
7003,CRS3035RES1000mN2028000E3146000,1747,98.0
7004,CRS3035RES1000mN2028000E3146000,5768564,55.0
7005,CRS3035RES1000mN2028000E3146000,1798,70.0
7006,CRS3035RES1000mN2028000E3146000,66904,88.0
7007,CRS3035RES1000mN2028000E3146000,1777,71.0
7008,CRS3035RES1000mN2028000E3146000,1765,80.0
7009,CRS3035RES1000mN2028000E3146000,49416,92.0
7010,CRS3035RES1000mN2028000E3146000,12734939,92.0
7011,CRS3035RES1000mN2028000E3146000,167386167,72.0
7012,CRS3035RES1000mN2028000E3146000,295933804,75.0
7013,CRS3035RES1000mN2028000E3146000,303340017,73.0
7014,CRS3035RES1000mN2028000E3146000,315355551,72.0
7015,CRS3035RES1000mN2028000E3146000,339084977,77.0
7016,CRS3035RES1000mN2028000E3146000,412911553,75.0
7017,CRS3035RES1000mN2028000E3146000,558126037,54.0
7018,CRS3035RES1000mN2028000E3146000,711789768,99.0
7019,CRS3035RES1000mN2028000E3146000,727666062,
7020,CRS3035RES1000mN2028000E3146000,848085869,85.0
7021,CRS3035RES1000mN2028000E3146000,1056098898,85.0
7022,CRS3035RES1000mN2028000E3146000,1255438242,
7023,CRS3035RES1000mN2028000E3146000,1469985039,105.0
7024,CRS3035RES1000mN2028000E3146000,1504302537,
7025,CRS3035RES1000mN2028000E3146000,1511617504,85.0
7026,CRS3035RES1000mN2028000E3146000,1541601287,96.0
7027,CRS3035RES1000mN2028000E3146000,1544591296,92.0
7028,CRS3035RES1000mN2028000E3146000,1598174183,98.0
7029,CRS3035RES1000mN2028000E3146000,1629887846,102.0
7030,CRS3035RES1000mN2028000E3146000,1686660176,96.0
7031,CRS3035RES1000mN2028000E3146000,1716927336,105.0
7032,CRS3035RES1000mN2028000E3146000,1734554324,95.0
7033,CRS3035RES1000mN2028000E3146000,1849109335,78.0
7034,CRS3035RES1000mN2028000E3146000,2028408680,105.0
7035,CRS3035RES1000mN2028000E3146000,2036887702,
7036,CRS3035RES1000mN2028000E3146000,2061404218,103.0
7037,CRS3035RES1000mN2028000E3146000,2134238030,97.0
7038,CRS3035RES1000mN2028000E3146000,2261600754,
7039,CRS3035RES1000mN2028000E3146000,2301402027,103.0
7040,CRS3035RES1000mN2028000E3146000,2303966810,96.0
7041,CRS3035RES1000mN2028000E3146000,2312029862,100.0
7042,CRS3035RES1000mN2028000E3146000,2408860250,103.0
7043,CRS3035RES1000mN2028000E3146000,2620185829,79.0
7044,CRS3035RES1000mN2028000E3146000,2622508931,73.0
7045,CRS3035RES1000mN2028000E3146000,2672130951,
7046,CRS3035RES1000mN2028000E3146000,2710518818,113.0
7047,CRS3035RES1000mN2028000E3146000,3034026261,
7048,CRS3035RES1000mN2028000E3146000,3179889751,
7049,CRS3035RES1000mN2028000E3146000,3206611978,
7050,CRS3035RES1000mN2028000E3146000,3272828439,101.0
7051,CRS3035RES1000mN2028000E3146000,3452364276,97.0
7052,CRS3035RES1000mN2028000E3146000,3452364277,80.0
7053,CRS3035RES1000mN2028000E3146000,3495733197,
7054,CRS3035RES1000mN2028000E3146000,3497154853,
7055,CRS3035RES1000mN2028000E3146000,3517755445,
7056,CRS3035RES1000mN2028000E3146000,3522125657,
7057,CRS3035RES1000mN2028000E3146000,3526751794,
7058,CRS3035RES1000mN2028000E3146000,3839306060,97.0
7059,CRS3035RES1000mN2028000E3146000,4214697664,62.0
7060,CRS3035RES1000mN2028000E3146000,4338252586,
7061,CRS3035RES1000mN2028000E3146000,4401271633,
7062,CRS3035RES1000mN2028000E3146000,4515476768,
7063,CRS3035RES1000mN2028000E3146000,4569910891,68.0
7064,CRS3035RES1000mN2028000E3146000,4703730491,72.0
7065,CRS3035RES1000mN2028000E3146000,4707870392,67.0
7066,CRS3035RES1000mN2028000E3146000,4789037769,
7067,CRS3035RES1000mN2028000E3146000,4794233143,
7068,CRS3035RES1000mN2028000E3146000,4870405674,56.0
7069,CRS3035RES1000mN2028000E3146000,5139379922,46.0
7070,CRS3035RES1000mN2028000E3146000,5160337425,73.0
7071,CRS3035RES1000mN2028000E3146000,5196199575,49.0
7072,CRS3035RES1000mN2028000E3146000,5341570554,87.0
7073,CRS3035RES1000mN2028000E3146000,5345949864,110.0
7074,CRS3035RES1000mN2028000E3146000,5448507385,
7075,CRS3035RES1000mN2028000E3146000,5604693894,
7076,CRS3035RES1000mN2028000E3146000,5670401989,
7077,CRS3035RES1000mN2028000E3146000,5942671299,117.0
7078,CRS3035RES1000mN2028000E3146000,5943980960,49.0
7079,CRS3035RES1000mN2028000E3146000,6185791451,
7080,CRS3035RES1000mN2028000E3146000,6188948286,110.0
7081,CRS3035RES1000mN2028000E3146000,6555800191,80.0
7082,CRS3035RES1000mN2028000E3146000,6885254479,97.0
7083,CRS3035RES1000mN2028000E3146000,7222611268,
7084,CRS3035RES1000mN2028000E3146000,7408961006,
7085,CRS3035RES1000mN2028000E3146000,7619964683,
7086,CRS3035RES1000mN2028000E3146000,7836562695,114.0
7087,CRS3035RES1000mN2028000E3146000,8493729364,74.0
7088,CRS3035RES1000mN2028000E3146000,8557885377,104.0
7089,CRS3035RES1000mN2028000E3146000,8807212208,74.0
7090,CRS3035RES1000mN2028000E3146000,8844229173,79.0
7091,CRS3035RES1000mN2028000E3146000,8878422600,98.0
7092,CRS3035RES1000mN2028000E3146000,9595709188,82.0
7093,CRS3035RES1000mN2028000E3146000,9611387099,72.0
7094,CRS3035RES1000mN2028000E3146000,9712656915,67.0
7095,CRS3035RES1000mN2028000E3146000,9713142744,73.0
7096,CRS3035RES1000mN2028000E3146000,9815746657,
7097,CRS3035RES1000mN2028000E3146000,10004871512,100.0
7098,CRS3035RES1000mN2028000E3146000,10281174134,
7099,CRS3035RES1000mN2028000E3146000,10580337411,101.0
7100,CRS3035RES1000mN2028000E3146000,10899442604,95.0
7101,CRS3035RES1000mN2028000E3146000,10922657146,86.0
7102,CRS3035RES1000mN2028000E3146000,11127499928,106.0
7103,CRS3035RES1000mN2028000E3146000,11143725881,85.0
7104,CRS3035RES1000mN2028000E3146000,11243087140,105.0
7105,CRS3035RES1000mN2028000E3146000,11269399969,82.0
7106,CRS3035RES1000mN2028000E3146000,11287269362,97.0
7107,CRS3035RES1000mN2028000E3146000,11287269363,113.0
7108,CRS3035RES1000mN2028000E3146000,11369705764,106.0
7109,CRS3035RES1000mN2028000E3146000,11387776374,102.0
7110,CRS3035RES1000mN2028000E3146000,11461799040,
7111,CRS3035RES1000mN2028000E3146000,11462802981,87.0
7112,CRS3035RES1000mN2028000E3146000,11652077658,83.0
7113,CRS3035RES1000mN2028000E3146000,11691390164,71.0
7114,CRS3035RES1000mN2028000E3146000,11739757462,94.0
7115,CRS3035RES1000mN2028000E3146000,12178446726,69.0
7116,CRS3035RES1000mN2028000E3146000,12407425114,90.0
7117,CRS3035RES1000mN2028000E3146000,12865480228,98.0
7118,CRS3035RES1000mN2028000E3146000,2960630,82.0
7119,CRS3035RES1000mN2028000E3146000,3554044,96.0
7120,CRS3035RES1000mN2028000E3146000,3557906,94.0
7121,CRS3035RES1000mN2028000E3146000,5231361,77.0
7122,CRS3035RES1000mN2028000E3146000,9314566,
7123,CRS3035RES1000mN2028000E3146000,13696257,105.0
7124,CRS3035RES1000mN2028000E3146000,15996131,74.0
7125,CRS3035RES1000mN2028000E3146000,23526191,87.0
7126,CRS3035RES1000mN2028000E3146000,23545719,90.0
7127,CRS3035RES1000mN2028000E3146000,30599279,75.0
7128,CRS3035RES1000mN2028000E3146000,30649229,74.0
7129,CRS3035RES1000mN2028000E3146000,32198651,
7130,CRS3035RES1000mN2028000E3146000,34945111,97.0
7131,CRS3035RES1000mN2028000E3146000,50170625,
7132,CRS3035RES1000mN2028000E3146000,82887228,99.0
7133,CRS3035RES1000mN2028000E3146000,92484952,78.0
7134,CRS3035RES1000mN2028000E3146000,95794713,103.0
7135,CRS3035RES1000mN2028000E3146000,96418670,99.0
7136,CRS3035RES1000mN2028000E3146000,98502686,79.0
7137,CRS3035RES1000mN2028000E3146000,132613257,102.0
7138,CRS3035RES1000mN2028000E3146000,135036040,102.0
7139,CRS3035RES1000mN2028000E3146000,150772489,79.0
7140,CRS3035RES1000mN2028000E3146000,154118456,94.0
7141,CRS3035RES1000mN2028000E3146000,157375776,101.0
7142,CRS3035RES1000mN2028000E3146000,158211204,79.0
7143,CRS3035RES1000mN2028000E3146000,162072415,79.0
7144,CRS3035RES1000mN2028000E3146000,162117720,93.0
7145,CRS3035RES1000mN2028000E3146000,170487273,
7146,CRS3035RES1000mN2028000E3146000,172686062,81.0
7147,CRS3035RES1000mN2028000E3146000,174318235,92.0
7148,CRS3035RES1000mN2028000E3146000,174318237,94.0
7149,CRS3035RES1000mN2028000E3146000,205060159,
7150,CRS3035RES1000mN2028000E3146000,205757163,
7151,CRS3035RES1000mN2028000E3146000,221095520,101.0
7152,CRS3035RES1000mN2028000E3146000,224503374,78.0
7153,CRS3035RES1000mN2028000E3146000,227333462,87.0
7154,CRS3035RES1000mN2028000E3146000,229117454,84.0
7155,CRS3035RES1000mN2028000E3146000,261460389,
7156,CRS3035RES1000mN2028000E3146000,283450022,63.0
7157,CRS3035RES1000mN2028000E3146000,288994040,72.0
7158,CRS3035RES1000mN2028000E3146000,296744564,
7159,CRS3035RES1000mN2028000E3146000,297526406,105.0
7160,CRS3035RES1000mN2028000E3146000,300709861,103.0
7161,CRS3035RES1000mN2028000E3146000,301444634,100.0
7162,CRS3035RES1000mN2028000E3146000,302721609,116.0
7163,CRS3035RES1000mN2028000E3146000,308195630,110.0
7164,CRS3035RES1000mN2028000E3146000,312777902,72.0
7165,CRS3035RES1000mN2028000E3146000,330154630,
7166,CRS3035RES1000mN2028000E3146000,340205456,81.0
7167,CRS3035RES1000mN2028000E3146000,367883612,96.0
7168,CRS3035RES1000mN2028000E3146000,368211943,95.0
7169,CRS3035RES1000mN2028000E3146000,374180360,96.0
7170,CRS3035RES1000mN2028000E3146000,375369499,88.0
7171,CRS3035RES1000mN2028000E3146000,383494544,81.0
7172,CRS3035RES1000mN2028000E3146000,384574591,98.0
7173,CRS3035RES1000mN2028000E3146000,403538322,113.0
7174,CRS3035RES1000mN2028000E3146000,403859503,74.0
7175,CRS3035RES1000mN2028000E3146000,437050442,115.0
7176,CRS3035RES1000mN2028000E3146000,459881697,88.0
7177,CRS3035RES1000mN2028000E3146000,477278425,
7178,CRS3035RES1000mN2028000E3146000,486879235,
7179,CRS3035RES1000mN2028000E3146000,493748377,81.0
7180,CRS3035RES1000mN2028000E3146000,498234201,113.0
7181,CRS3035RES1000mN2028000E3146000,504315026,99.0
7182,CRS3035RES1000mN2028000E3146000,548701490,
7183,CRS3035RES1000mN2028000E3146000,574210084,92.0
7184,CRS3035RES1000mN2028000E3146000,576094143,79.0
7185,CRS3035RES1000mN2028000E3146000,584409067,
7186,CRS3035RES1000mN2028000E3146000,635512756,107.0
7187,CRS3035RES1000mN2028000E3146000,638492224,
7188,CRS3035RES1000mN2028000E3146000,653913062,104.0
7189,CRS3035RES1000mN2028000E3146000,659866770,
7190,CRS3035RES1000mN2028000E3146000,697717972,77.0
7191,CRS3035RES1000mN2028000E3146000,717194862,
7192,CRS3035RES1000mN2028000E3146000,736899303,
7193,CRS3035RES1000mN2028000E3146000,738042217,
7194,CRS3035RES1000mN2028000E3146000,839611983,
7195,CRS3035RES1000mN2028000E3146000,957893520,76.0
7196,CRS3035RES1000mN2028000E3146000,963308110,104.0
7197,CRS3035RES1000mN2028000E3146000,1073283182,105.0
7198,CRS3035RES1000mN2028000E3146000,1252864015,97.0
7199,CRS3035RES1000mN2028000E3146000,1283203658,
7200,CRS3035RES1000mN2028000E3147000,25526,56.0
7201,CRS3035RES1000mN2028000E3147000,1774,80.0
7202,CRS3035RES1000mN2028000E3147000,1770,92.0
7203,CRS3035RES1000mN2028000E3147000,1773,96.0
7204,CRS3035RES1000mN2028000E3147000,1771,68.0
7205,CRS3035RES1000mN2028000E3147000,123303,80.0
7206,CRS3035RES1000mN2028000E3147000,1764,71.0
7207,CRS3035RES1000mN2028000E3147000,181101,98.0
7208,CRS3035RES1000mN2028000E3147000,5765642,62.0
7209,CRS3035RES1000mN2028000E3147000,86719,93.0
7210,CRS3035RES1000mN2028000E3147000,1800,92.0
7211,CRS3035RES1000mN2028000E3147000,1757,56.0
7212,CRS3035RES1000mN2028000E3147000,1755,71.0
7213,CRS3035RES1000mN2028000E3147000,1882,65.0
7214,CRS3035RES1000mN2028000E3147000,1745,85.0
7215,CRS3035RES1000mN2028000E3147000,1794,84.0
7216,CRS3035RES1000mN2028000E3147000,1762,77.0
7217,CRS3035RES1000mN2028000E3147000,51188,75.0
7218,CRS3035RES1000mN2028000E3147000,6893633,80.0
7219,CRS3035RES1000mN2028000E3147000,167128,93.0
7220,CRS3035RES1000mN2028000E3147000,1760,80.0
7221,CRS3035RES1000mN2028000E3147000,12773298,95.0
7222,CRS3035RES1000mN2028000E3147000,1754,86.0
7223,CRS3035RES1000mN2028000E3147000,1748,93.0
7224,CRS3035RES1000mN2028000E3147000,79941,91.0
7225,CRS3035RES1000mN2028000E3147000,1750,85.0
7226,CRS3035RES1000mN2028000E3147000,5975465,71.0
7227,CRS3035RES1000mN2028000E3147000,115056,90.0
7228,CRS3035RES1000mN2028000E3147000,1790,84.0
7229,CRS3035RES1000mN2028000E3147000,1756,67.0
7230,CRS3035RES1000mN2028000E3147000,51849,86.0
7231,CRS3035RES1000mN2028000E3147000,185595,81.0
7232,CRS3035RES1000mN2028000E3147000,7697128,62.0
7233,CRS3035RES1000mN2028000E3147000,10395362,95.0
7234,CRS3035RES1000mN2028000E3147000,1759,79.0
7235,CRS3035RES1000mN2028000E3147000,1752,87.0
7236,CRS3035RES1000mN2028000E3147000,186714,81.0
7237,CRS3035RES1000mN2028000E3147000,1753,86.0
7238,CRS3035RES1000mN2028000E3147000,1792,90.0
7239,CRS3035RES1000mN2028000E3147000,1763,76.0
7240,CRS3035RES1000mN2028000E3147000,1746,93.0
7241,CRS3035RES1000mN2028000E3147000,11572165,88.0
7242,CRS3035RES1000mN2028000E3147000,1761,81.0
7243,CRS3035RES1000mN2028000E3147000,1747,97.0
7244,CRS3035RES1000mN2028000E3147000,5768564,55.0
7245,CRS3035RES1000mN2028000E3147000,1798,69.0
7246,CRS3035RES1000mN2028000E3147000,66904,87.0
7247,CRS3035RES1000mN2028000E3147000,1777,70.0
7248,CRS3035RES1000mN2028000E3147000,1765,80.0
7249,CRS3035RES1000mN2028000E3147000,49416,92.0
7250,CRS3035RES1000mN2028000E3147000,12734939,92.0
7251,CRS3035RES1000mN2028000E3147000,167386167,72.0
7252,CRS3035RES1000mN2028000E3147000,295933804,75.0
7253,CRS3035RES1000mN2028000E3147000,303340017,72.0
7254,CRS3035RES1000mN2028000E3147000,315355551,72.0
7255,CRS3035RES1000mN2028000E3147000,339084977,77.0
7256,CRS3035RES1000mN2028000E3147000,412911553,73.0
7257,CRS3035RES1000mN2028000E3147000,558126037,54.0
7258,CRS3035RES1000mN2028000E3147000,711789768,99.0
7259,CRS3035RES1000mN2028000E3147000,727666062,
7260,CRS3035RES1000mN2028000E3147000,848085869,85.0
7261,CRS3035RES1000mN2028000E3147000,1056098898,85.0
7262,CRS3035RES1000mN2028000E3147000,1255438242,
7263,CRS3035RES1000mN2028000E3147000,1469985039,105.0
7264,CRS3035RES1000mN2028000E3147000,1504302537,
7265,CRS3035RES1000mN2028000E3147000,1511617504,80.0
7266,CRS3035RES1000mN2028000E3147000,1541601287,95.0
7267,CRS3035RES1000mN2028000E3147000,1544591296,90.0
7268,CRS3035RES1000mN2028000E3147000,1598174183,97.0
7269,CRS3035RES1000mN2028000E3147000,1629887846,101.0
7270,CRS3035RES1000mN2028000E3147000,1686660176,94.0
7271,CRS3035RES1000mN2028000E3147000,1716927336,104.0
7272,CRS3035RES1000mN2028000E3147000,1734554324,93.0
7273,CRS3035RES1000mN2028000E3147000,1849109335,77.0
7274,CRS3035RES1000mN2028000E3147000,2028408680,102.0
7275,CRS3035RES1000mN2028000E3147000,2036887702,
7276,CRS3035RES1000mN2028000E3147000,2061404218,103.0
7277,CRS3035RES1000mN2028000E3147000,2134238030,95.0
7278,CRS3035RES1000mN2028000E3147000,2261600754,
7279,CRS3035RES1000mN2028000E3147000,2301402027,101.0
7280,CRS3035RES1000mN2028000E3147000,2303966810,96.0
7281,CRS3035RES1000mN2028000E3147000,2312029862,99.0
7282,CRS3035RES1000mN2028000E3147000,2408860250,102.0
7283,CRS3035RES1000mN2028000E3147000,2620185829,78.0
7284,CRS3035RES1000mN2028000E3147000,2622508931,70.0
7285,CRS3035RES1000mN2028000E3147000,2672130951,
7286,CRS3035RES1000mN2028000E3147000,2710518818,113.0
7287,CRS3035RES1000mN2028000E3147000,3034026261,
7288,CRS3035RES1000mN2028000E3147000,3179889751,
7289,CRS3035RES1000mN2028000E3147000,3206611978,
7290,CRS3035RES1000mN2028000E3147000,3272828439,100.0
7291,CRS3035RES1000mN2028000E3147000,3452364276,97.0
7292,CRS3035RES1000mN2028000E3147000,3452364277,80.0
7293,CRS3035RES1000mN2028000E3147000,3495733197,
7294,CRS3035RES1000mN2028000E3147000,3497154853,
7295,CRS3035RES1000mN2028000E3147000,3517755445,
7296,CRS3035RES1000mN2028000E3147000,3522125657,
7297,CRS3035RES1000mN2028000E3147000,3526751794,
7298,CRS3035RES1000mN2028000E3147000,3839306060,95.0
7299,CRS3035RES1000mN2028000E3147000,4214697664,61.0
7300,CRS3035RES1000mN2028000E3147000,4338252586,
7301,CRS3035RES1000mN2028000E3147000,4401271633,
7302,CRS3035RES1000mN2028000E3147000,4515476768,
7303,CRS3035RES1000mN2028000E3147000,4569910891,67.0
7304,CRS3035RES1000mN2028000E3147000,4703730491,72.0
7305,CRS3035RES1000mN2028000E3147000,4707870392,67.0
7306,CRS3035RES1000mN2028000E3147000,4789037769,
7307,CRS3035RES1000mN2028000E3147000,4794233143,
7308,CRS3035RES1000mN2028000E3147000,4870405674,56.0
7309,CRS3035RES1000mN2028000E3147000,5139379922,47.0
7310,CRS3035RES1000mN2028000E3147000,5160337425,71.0
7311,CRS3035RES1000mN2028000E3147000,5196199575,48.0
7312,CRS3035RES1000mN2028000E3147000,5341570554,86.0
7313,CRS3035RES1000mN2028000E3147000,5345949864,110.0
7314,CRS3035RES1000mN2028000E3147000,5448507385,
7315,CRS3035RES1000mN2028000E3147000,5604693894,
7316,CRS3035RES1000mN2028000E3147000,5670401989,
7317,CRS3035RES1000mN2028000E3147000,5942671299,117.0
7318,CRS3035RES1000mN2028000E3147000,5943980960,53.0
7319,CRS3035RES1000mN2028000E3147000,6185791451,
7320,CRS3035RES1000mN2028000E3147000,6188948286,110.0
7321,CRS3035RES1000mN2028000E3147000,6555800191,79.0
7322,CRS3035RES1000mN2028000E3147000,6885254479,95.0
7323,CRS3035RES1000mN2028000E3147000,7222611268,
7324,CRS3035RES1000mN2028000E3147000,7408961006,
7325,CRS3035RES1000mN2028000E3147000,7619964683,
7326,CRS3035RES1000mN2028000E3147000,7836562695,114.0
7327,CRS3035RES1000mN2028000E3147000,8493729364,73.0
7328,CRS3035RES1000mN2028000E3147000,8557885377,103.0
7329,CRS3035RES1000mN2028000E3147000,8807212208,73.0
7330,CRS3035RES1000mN2028000E3147000,8844229173,78.0
7331,CRS3035RES1000mN2028000E3147000,8878422600,98.0
7332,CRS3035RES1000mN2028000E3147000,9595709188,81.0
7333,CRS3035RES1000mN2028000E3147000,9611387099,72.0
7334,CRS3035RES1000mN2028000E3147000,9712656915,65.0
7335,CRS3035RES1000mN2028000E3147000,9713142744,72.0
7336,CRS3035RES1000mN2028000E3147000,9815746657,
7337,CRS3035RES1000mN2028000E3147000,10004871512,99.0
7338,CRS3035RES1000mN2028000E3147000,10281174134,
7339,CRS3035RES1000mN2028000E3147000,10580337411,99.0
7340,CRS3035RES1000mN2028000E3147000,10899442604,94.0
7341,CRS3035RES1000mN2028000E3147000,10922657146,85.0
7342,CRS3035RES1000mN2028000E3147000,11127499928,105.0
7343,CRS3035RES1000mN2028000E3147000,11143725881,84.0
7344,CRS3035RES1000mN2028000E3147000,11243087140,103.0
7345,CRS3035RES1000mN2028000E3147000,11269399969,81.0
7346,CRS3035RES1000mN2028000E3147000,11287269362,95.0
7347,CRS3035RES1000mN2028000E3147000,11287269363,111.0
7348,CRS3035RES1000mN2028000E3147000,11369705764,105.0
7349,CRS3035RES1000mN2028000E3147000,11387776374,102.0
7350,CRS3035RES1000mN2028000E3147000,11461799040,
7351,CRS3035RES1000mN2028000E3147000,11462802981,87.0
7352,CRS3035RES1000mN2028000E3147000,11652077658,82.0
7353,CRS3035RES1000mN2028000E3147000,11691390164,68.0
7354,CRS3035RES1000mN2028000E3147000,11739757462,93.0
7355,CRS3035RES1000mN2028000E3147000,12178446726,68.0
7356,CRS3035RES1000mN2028000E3147000,12407425114,94.0
7357,CRS3035RES1000mN2028000E3147000,12865480228,96.0
7358,CRS3035RES1000mN2028000E3147000,2960630,83.0
7359,CRS3035RES1000mN2028000E3147000,3554044,94.0
7360,CRS3035RES1000mN2028000E3147000,3557906,92.0
7361,CRS3035RES1000mN2028000E3147000,5231361,76.0
7362,CRS3035RES1000mN2028000E3147000,9314566,
7363,CRS3035RES1000mN2028000E3147000,13696257,106.0
7364,CRS3035RES1000mN2028000E3147000,15996131,72.0
7365,CRS3035RES1000mN2028000E3147000,23526191,86.0
7366,CRS3035RES1000mN2028000E3147000,23545719,89.0
7367,CRS3035RES1000mN2028000E3147000,30599279,73.0
7368,CRS3035RES1000mN2028000E3147000,30649229,73.0
7369,CRS3035RES1000mN2028000E3147000,32198651,
7370,CRS3035RES1000mN2028000E3147000,34945111,96.0
7371,CRS3035RES1000mN2028000E3147000,50170625,
7372,CRS3035RES1000mN2028000E3147000,82887228,96.0
7373,CRS3035RES1000mN2028000E3147000,92484952,82.0
7374,CRS3035RES1000mN2028000E3147000,95794713,103.0
7375,CRS3035RES1000mN2028000E3147000,96418670,99.0
7376,CRS3035RES1000mN2028000E3147000,98502686,78.0
7377,CRS3035RES1000mN2028000E3147000,132613257,101.0
7378,CRS3035RES1000mN2028000E3147000,135036040,101.0
7379,CRS3035RES1000mN2028000E3147000,150772489,77.0
7380,CRS3035RES1000mN2028000E3147000,154118456,94.0
7381,CRS3035RES1000mN2028000E3147000,157375776,100.0
7382,CRS3035RES1000mN2028000E3147000,158211204,77.0
7383,CRS3035RES1000mN2028000E3147000,162072415,77.0
7384,CRS3035RES1000mN2028000E3147000,162117720,92.0
7385,CRS3035RES1000mN2028000E3147000,170487273,
7386,CRS3035RES1000mN2028000E3147000,172686062,79.0
7387,CRS3035RES1000mN2028000E3147000,174318235,92.0
7388,CRS3035RES1000mN2028000E3147000,174318237,93.0
7389,CRS3035RES1000mN2028000E3147000,205060159,
7390,CRS3035RES1000mN2028000E3147000,205757163,
7391,CRS3035RES1000mN2028000E3147000,221095520,100.0
7392,CRS3035RES1000mN2028000E3147000,224503374,77.0
7393,CRS3035RES1000mN2028000E3147000,227333462,87.0
7394,CRS3035RES1000mN2028000E3147000,229117454,83.0
7395,CRS3035RES1000mN2028000E3147000,261460389,
7396,CRS3035RES1000mN2028000E3147000,283450022,62.0
7397,CRS3035RES1000mN2028000E3147000,288994040,72.0
7398,CRS3035RES1000mN2028000E3147000,296744564,
7399,CRS3035RES1000mN2028000E3147000,297526406,104.0
7400,CRS3035RES1000mN2028000E3147000,300709861,102.0
7401,CRS3035RES1000mN2028000E3147000,301444634,101.0
7402,CRS3035RES1000mN2028000E3147000,302721609,115.0
7403,CRS3035RES1000mN2028000E3147000,308195630,109.0
7404,CRS3035RES1000mN2028000E3147000,312777902,72.0
7405,CRS3035RES1000mN2028000E3147000,330154630,
7406,CRS3035RES1000mN2028000E3147000,340205456,80.0
7407,CRS3035RES1000mN2028000E3147000,367883612,94.0
7408,CRS3035RES1000mN2028000E3147000,368211943,94.0
7409,CRS3035RES1000mN2028000E3147000,374180360,94.0
7410,CRS3035RES1000mN2028000E3147000,375369499,88.0
7411,CRS3035RES1000mN2028000E3147000,383494544,81.0
7412,CRS3035RES1000mN2028000E3147000,384574591,97.0
7413,CRS3035RES1000mN2028000E3147000,403538322,113.0
7414,CRS3035RES1000mN2028000E3147000,403859503,71.0
7415,CRS3035RES1000mN2028000E3147000,437050442,115.0
7416,CRS3035RES1000mN2028000E3147000,459881697,88.0
7417,CRS3035RES1000mN2028000E3147000,477278425,
7418,CRS3035RES1000mN2028000E3147000,486879235,
7419,CRS3035RES1000mN2028000E3147000,493748377,81.0
7420,CRS3035RES1000mN2028000E3147000,498234201,113.0
7421,CRS3035RES1000mN2028000E3147000,504315026,97.0
7422,CRS3035RES1000mN2028000E3147000,548701490,
7423,CRS3035RES1000mN2028000E3147000,574210084,91.0
7424,CRS3035RES1000mN2028000E3147000,576094143,78.0
7425,CRS3035RES1000mN2028000E3147000,584409067,
7426,CRS3035RES1000mN2028000E3147000,635512756,105.0
7427,CRS3035RES1000mN2028000E3147000,638492224,
7428,CRS3035RES1000mN2028000E3147000,653913062,103.0
7429,CRS3035RES1000mN2028000E3147000,659866770,
7430,CRS3035RES1000mN2028000E3147000,697717972,77.0
7431,CRS3035RES1000mN2028000E3147000,717194862,
7432,CRS3035RES1000mN2028000E3147000,736899303,
7433,CRS3035RES1000mN2028000E3147000,738042217,
7434,CRS3035RES1000mN2028000E3147000,839611983,
7435,CRS3035RES1000mN2028000E3147000,957893520,74.0
7436,CRS3035RES1000mN2028000E3147000,963308110,104.0
7437,CRS3035RES1000mN2028000E3147000,1073283182,105.0
7438,CRS3035RES1000mN2028000E3147000,1252864015,96.0
7439,CRS3035RES1000mN2028000E3147000,1283203658,
7440,CRS3035RES1000mN2029000E3147000,25526,41.0
7441,CRS3035RES1000mN2029000E3147000,1774,65.0
7442,CRS3035RES1000mN2029000E3147000,1770,79.0
7443,CRS3035RES1000mN2029000E3147000,1773,83.0
7444,CRS3035RES1000mN2029000E3147000,1771,56.0
7445,CRS3035RES1000mN2029000E3147000,123303,65.0
7446,CRS3035RES1000mN2029000E3147000,1764,58.0
7447,CRS3035RES1000mN2029000E3147000,181101,83.0
7448,CRS3035RES1000mN2029000E3147000,5765642,46.0
7449,CRS3035RES1000mN2029000E3147000,86719,77.0
7450,CRS3035RES1000mN2029000E3147000,1800,78.0
7451,CRS3035RES1000mN2029000E3147000,1757,44.0
7452,CRS3035RES1000mN2029000E3147000,1755,57.0
7453,CRS3035RES1000mN2029000E3147000,1882,53.0
7454,CRS3035RES1000mN2029000E3147000,1745,74.0
7455,CRS3035RES1000mN2029000E3147000,1794,71.0
7456,CRS3035RES1000mN2029000E3147000,1762,64.0
7457,CRS3035RES1000mN2029000E3147000,51188,63.0
7458,CRS3035RES1000mN2029000E3147000,6893633,67.0
7459,CRS3035RES1000mN2029000E3147000,167128,80.0
7460,CRS3035RES1000mN2029000E3147000,1760,67.0
7461,CRS3035RES1000mN2029000E3147000,12773298,79.0
7462,CRS3035RES1000mN2029000E3147000,1754,70.0
7463,CRS3035RES1000mN2029000E3147000,1748,81.0
7464,CRS3035RES1000mN2029000E3147000,79941,80.0
7465,CRS3035RES1000mN2029000E3147000,1750,72.0
7466,CRS3035RES1000mN2029000E3147000,5975465,58.0
7467,CRS3035RES1000mN2029000E3147000,115056,77.0
7468,CRS3035RES1000mN2029000E3147000,1790,70.0
7469,CRS3035RES1000mN2029000E3147000,1756,52.0
7470,CRS3035RES1000mN2029000E3147000,51849,73.0
7471,CRS3035RES1000mN2029000E3147000,185595,67.0
7472,CRS3035RES1000mN2029000E3147000,7697128,49.0
7473,CRS3035RES1000mN2029000E3147000,10395362,80.0
7474,CRS3035RES1000mN2029000E3147000,1759,66.0
7475,CRS3035RES1000mN2029000E3147000,1752,73.0
7476,CRS3035RES1000mN2029000E3147000,186714,68.0
7477,CRS3035RES1000mN2029000E3147000,1753,73.0
7478,CRS3035RES1000mN2029000E3147000,1792,79.0
7479,CRS3035RES1000mN2029000E3147000,1763,61.0
7480,CRS3035RES1000mN2029000E3147000,1746,80.0
7481,CRS3035RES1000mN2029000E3147000,11572165,74.0
7482,CRS3035RES1000mN2029000E3147000,1761,68.0
7483,CRS3035RES1000mN2029000E3147000,1747,84.0
7484,CRS3035RES1000mN2029000E3147000,5768564,40.0
7485,CRS3035RES1000mN2029000E3147000,1798,55.0
7486,CRS3035RES1000mN2029000E3147000,66904,74.0
7487,CRS3035RES1000mN2029000E3147000,1777,58.0
7488,CRS3035RES1000mN2029000E3147000,1765,66.0
7489,CRS3035RES1000mN2029000E3147000,49416,79.0
7490,CRS3035RES1000mN2029000E3147000,12734939,79.0
7491,CRS3035RES1000mN2029000E3147000,167386167,58.0
7492,CRS3035RES1000mN2029000E3147000,295933804,67.0
7493,CRS3035RES1000mN2029000E3147000,303340017,60.0
7494,CRS3035RES1000mN2029000E3147000,315355551,50.0
7495,CRS3035RES1000mN2029000E3147000,339084977,65.0
7496,CRS3035RES1000mN2029000E3147000,412911553,62.0
7497,CRS3035RES1000mN2029000E3147000,558126037,51.0
7498,CRS3035RES1000mN2029000E3147000,711789768,84.0
7499,CRS3035RES1000mN2029000E3147000,727666062,
7500,CRS3035RES1000mN2029000E3147000,848085869,65.0
7501,CRS3035RES1000mN2029000E3147000,1056098898,72.0
7502,CRS3035RES1000mN2029000E3147000,1255438242,114.0
7503,CRS3035RES1000mN2029000E3147000,1469985039,92.0
7504,CRS3035RES1000mN2029000E3147000,1504302537,
7505,CRS3035RES1000mN2029000E3147000,1511617504,73.0
7506,CRS3035RES1000mN2029000E3147000,1541601287,81.0
7507,CRS3035RES1000mN2029000E3147000,1544591296,73.0
7508,CRS3035RES1000mN2029000E3147000,1598174183,83.0
7509,CRS3035RES1000mN2029000E3147000,1629887846,89.0
7510,CRS3035RES1000mN2029000E3147000,1686660176,82.0
7511,CRS3035RES1000mN2029000E3147000,1716927336,93.0
7512,CRS3035RES1000mN2029000E3147000,1734554324,92.0
7513,CRS3035RES1000mN2029000E3147000,1849109335,65.0
7514,CRS3035RES1000mN2029000E3147000,2028408680,83.0
7515,CRS3035RES1000mN2029000E3147000,2036887702,
7516,CRS3035RES1000mN2029000E3147000,2061404218,85.0
7517,CRS3035RES1000mN2029000E3147000,2134238030,94.0
7518,CRS3035RES1000mN2029000E3147000,2261600754,
7519,CRS3035RES1000mN2029000E3147000,2301402027,90.0
7520,CRS3035RES1000mN2029000E3147000,2303966810,81.0
7521,CRS3035RES1000mN2029000E3147000,2312029862,86.0
7522,CRS3035RES1000mN2029000E3147000,2408860250,85.0
7523,CRS3035RES1000mN2029000E3147000,2620185829,65.0
7524,CRS3035RES1000mN2029000E3147000,2622508931,62.0
7525,CRS3035RES1000mN2029000E3147000,2672130951,
7526,CRS3035RES1000mN2029000E3147000,2710518818,103.0
7527,CRS3035RES1000mN2029000E3147000,3034026261,102.0
7528,CRS3035RES1000mN2029000E3147000,3179889751,106.0
7529,CRS3035RES1000mN2029000E3147000,3206611978,
7530,CRS3035RES1000mN2029000E3147000,3272828439,70.0
7531,CRS3035RES1000mN2029000E3147000,3452364276,84.0
7532,CRS3035RES1000mN2029000E3147000,3452364277,67.0
7533,CRS3035RES1000mN2029000E3147000,3495733197,
7534,CRS3035RES1000mN2029000E3147000,3497154853,
7535,CRS3035RES1000mN2029000E3147000,3517755445,
7536,CRS3035RES1000mN2029000E3147000,3522125657,
7537,CRS3035RES1000mN2029000E3147000,3526751794,88.0
7538,CRS3035RES1000mN2029000E3147000,3839306060,85.0
7539,CRS3035RES1000mN2029000E3147000,4214697664,48.0
7540,CRS3035RES1000mN2029000E3147000,4338252586,76.0
7541,CRS3035RES1000mN2029000E3147000,4401271633,
7542,CRS3035RES1000mN2029000E3147000,4515476768,
7543,CRS3035RES1000mN2029000E3147000,4569910891,54.0
7544,CRS3035RES1000mN2029000E3147000,4703730491,55.0
7545,CRS3035RES1000mN2029000E3147000,4707870392,52.0
7546,CRS3035RES1000mN2029000E3147000,4789037769,116.0
7547,CRS3035RES1000mN2029000E3147000,4794233143,
7548,CRS3035RES1000mN2029000E3147000,4870405674,42.0
7549,CRS3035RES1000mN2029000E3147000,5139379922,30.0
7550,CRS3035RES1000mN2029000E3147000,5160337425,60.0
7551,CRS3035RES1000mN2029000E3147000,5196199575,26.0
7552,CRS3035RES1000mN2029000E3147000,5341570554,73.0
7553,CRS3035RES1000mN2029000E3147000,5345949864,107.0
7554,CRS3035RES1000mN2029000E3147000,5448507385,
7555,CRS3035RES1000mN2029000E3147000,5604693894,73.0
7556,CRS3035RES1000mN2029000E3147000,5670401989,96.0
7557,CRS3035RES1000mN2029000E3147000,5942671299,98.0
7558,CRS3035RES1000mN2029000E3147000,5943980960,49.0
7559,CRS3035RES1000mN2029000E3147000,6185791451,
7560,CRS3035RES1000mN2029000E3147000,6188948286,99.0
7561,CRS3035RES1000mN2029000E3147000,6555800191,62.0
7562,CRS3035RES1000mN2029000E3147000,6885254479,77.0
7563,CRS3035RES1000mN2029000E3147000,7222611268,
7564,CRS3035RES1000mN2029000E3147000,7408961006,
7565,CRS3035RES1000mN2029000E3147000,7619964683,113.0
7566,CRS3035RES1000mN2029000E3147000,7836562695,90.0
7567,CRS3035RES1000mN2029000E3147000,8493729364,59.0
7568,CRS3035RES1000mN2029000E3147000,8557885377,76.0
7569,CRS3035RES1000mN2029000E3147000,8807212208,59.0
7570,CRS3035RES1000mN2029000E3147000,8844229173,65.0
7571,CRS3035RES1000mN2029000E3147000,8878422600,88.0
7572,CRS3035RES1000mN2029000E3147000,9595709188,69.0
7573,CRS3035RES1000mN2029000E3147000,9611387099,62.0
7574,CRS3035RES1000mN2029000E3147000,9712656915,56.0
7575,CRS3035RES1000mN2029000E3147000,9713142744,60.0
7576,CRS3035RES1000mN2029000E3147000,9815746657,
7577,CRS3035RES1000mN2029000E3147000,10004871512,86.0
7578,CRS3035RES1000mN2029000E3147000,10281174134,
7579,CRS3035RES1000mN2029000E3147000,10580337411,89.0
7580,CRS3035RES1000mN2029000E3147000,10899442604,78.0
7581,CRS3035RES1000mN2029000E3147000,10922657146,69.0
7582,CRS3035RES1000mN2029000E3147000,11127499928,89.0
7583,CRS3035RES1000mN2029000E3147000,11143725881,68.0
7584,CRS3035RES1000mN2029000E3147000,11243087140,85.0
7585,CRS3035RES1000mN2029000E3147000,11269399969,69.0
7586,CRS3035RES1000mN2029000E3147000,11287269362,90.0
7587,CRS3035RES1000mN2029000E3147000,11287269363,96.0
7588,CRS3035RES1000mN2029000E3147000,11369705764,95.0
7589,CRS3035RES1000mN2029000E3147000,11387776374,88.0
7590,CRS3035RES1000mN2029000E3147000,11461799040,
7591,CRS3035RES1000mN2029000E3147000,11462802981,74.0
7592,CRS3035RES1000mN2029000E3147000,11652077658,70.0
7593,CRS3035RES1000mN2029000E3147000,11691390164,61.0
7594,CRS3035RES1000mN2029000E3147000,11739757462,82.0
7595,CRS3035RES1000mN2029000E3147000,12178446726,54.0
7596,CRS3035RES1000mN2029000E3147000,12407425114,65.0
7597,CRS3035RES1000mN2029000E3147000,12865480228,86.0
7598,CRS3035RES1000mN2029000E3147000,2960630,68.0
7599,CRS3035RES1000mN2029000E3147000,3554044,76.0
7600,CRS3035RES1000mN2029000E3147000,3557906,79.0
7601,CRS3035RES1000mN2029000E3147000,5231361,64.0
7602,CRS3035RES1000mN2029000E3147000,9314566,118.0
7603,CRS3035RES1000mN2029000E3147000,13696257,67.0
7604,CRS3035RES1000mN2029000E3147000,15996131,61.0
7605,CRS3035RES1000mN2029000E3147000,23526191,74.0
7606,CRS3035RES1000mN2029000E3147000,23545719,76.0
7607,CRS3035RES1000mN2029000E3147000,30599279,60.0
7608,CRS3035RES1000mN2029000E3147000,30649229,60.0
7609,CRS3035RES1000mN2029000E3147000,32198651,
7610,CRS3035RES1000mN2029000E3147000,34945111,82.0
7611,CRS3035RES1000mN2029000E3147000,50170625,98.0
7612,CRS3035RES1000mN2029000E3147000,82887228,91.0
7613,CRS3035RES1000mN2029000E3147000,92484952,48.0
7614,CRS3035RES1000mN2029000E3147000,95794713,88.0
7615,CRS3035RES1000mN2029000E3147000,96418670,82.0
7616,CRS3035RES1000mN2029000E3147000,98502686,66.0
7617,CRS3035RES1000mN2029000E3147000,132613257,88.0
7618,CRS3035RES1000mN2029000E3147000,135036040,92.0
7619,CRS3035RES1000mN2029000E3147000,150772489,66.0
7620,CRS3035RES1000mN2029000E3147000,154118456,84.0
7621,CRS3035RES1000mN2029000E3147000,157375776,87.0
7622,CRS3035RES1000mN2029000E3147000,158211204,61.0
7623,CRS3035RES1000mN2029000E3147000,162072415,61.0
7624,CRS3035RES1000mN2029000E3147000,162117720,82.0
7625,CRS3035RES1000mN2029000E3147000,170487273,
7626,CRS3035RES1000mN2029000E3147000,172686062,63.0
7627,CRS3035RES1000mN2029000E3147000,174318235,70.0
7628,CRS3035RES1000mN2029000E3147000,174318237,74.0
7629,CRS3035RES1000mN2029000E3147000,205060159,
7630,CRS3035RES1000mN2029000E3147000,205757163,
7631,CRS3035RES1000mN2029000E3147000,221095520,89.0
7632,CRS3035RES1000mN2029000E3147000,224503374,65.0
7633,CRS3035RES1000mN2029000E3147000,227333462,60.0
7634,CRS3035RES1000mN2029000E3147000,229117454,67.0
7635,CRS3035RES1000mN2029000E3147000,261460389,
7636,CRS3035RES1000mN2029000E3147000,283450022,50.0
7637,CRS3035RES1000mN2029000E3147000,288994040,61.0
7638,CRS3035RES1000mN2029000E3147000,296744564,116.0
7639,CRS3035RES1000mN2029000E3147000,297526406,78.0
7640,CRS3035RES1000mN2029000E3147000,300709861,86.0
7641,CRS3035RES1000mN2029000E3147000,301444634,73.0
7642,CRS3035RES1000mN2029000E3147000,302721609,102.0
7643,CRS3035RES1000mN2029000E3147000,308195630,82.0
7644,CRS3035RES1000mN2029000E3147000,312777902,62.0
7645,CRS3035RES1000mN2029000E3147000,330154630,
7646,CRS3035RES1000mN2029000E3147000,340205456,67.0
7647,CRS3035RES1000mN2029000E3147000,367883612,89.0
7648,CRS3035RES1000mN2029000E3147000,368211943,87.0
7649,CRS3035RES1000mN2029000E3147000,374180360,92.0
7650,CRS3035RES1000mN2029000E3147000,375369499,78.0
7651,CRS3035RES1000mN2029000E3147000,383494544,69.0
7652,CRS3035RES1000mN2029000E3147000,384574591,81.0
7653,CRS3035RES1000mN2029000E3147000,403538322,113.0
7654,CRS3035RES1000mN2029000E3147000,403859503,63.0
7655,CRS3035RES1000mN2029000E3147000,437050442,95.0
7656,CRS3035RES1000mN2029000E3147000,459881697,61.0
7657,CRS3035RES1000mN2029000E3147000,477278425,
7658,CRS3035RES1000mN2029000E3147000,486879235,
7659,CRS3035RES1000mN2029000E3147000,493748377,56.0
7660,CRS3035RES1000mN2029000E3147000,498234201,100.0
7661,CRS3035RES1000mN2029000E3147000,504315026,87.0
7662,CRS3035RES1000mN2029000E3147000,548701490,119.0
7663,CRS3035RES1000mN2029000E3147000,574210084,65.0
7664,CRS3035RES1000mN2029000E3147000,576094143,63.0
7665,CRS3035RES1000mN2029000E3147000,584409067,108.0
7666,CRS3035RES1000mN2029000E3147000,635512756,78.0
7667,CRS3035RES1000mN2029000E3147000,638492224,
7668,CRS3035RES1000mN2029000E3147000,653913062,87.0
7669,CRS3035RES1000mN2029000E3147000,659866770,77.0
7670,CRS3035RES1000mN2029000E3147000,697717972,63.0
7671,CRS3035RES1000mN2029000E3147000,717194862,102.0
7672,CRS3035RES1000mN2029000E3147000,736899303,
7673,CRS3035RES1000mN2029000E3147000,738042217,106.0
7674,CRS3035RES1000mN2029000E3147000,839611983,114.0
7675,CRS3035RES1000mN2029000E3147000,957893520,61.0
7676,CRS3035RES1000mN2029000E3147000,963308110,90.0
7677,CRS3035RES1000mN2029000E3147000,1073283182,94.0
7678,CRS3035RES1000mN2029000E3147000,1252864015,83.0
7679,CRS3035RES1000mN2029000E3147000,1283203658,
