,from_id,to_id,travel_time
0,CRS3035RES1000mN2048000E3160000,25526,109.0
1,CRS3035RES1000mN2048000E3160000,1774,93.0
2,CRS3035RES1000mN2048000E3160000,1770,90.0
3,CRS3035RES1000mN2048000E3160000,1773,99.0
4,CRS3035RES1000mN2048000E3160000,1771,89.0
5,CRS3035RES1000mN2048000E3160000,123303,112.0
6,CRS3035RES1000mN2048000E3160000,1764,81.0
7,CRS3035RES1000mN2048000E3160000,181101,112.0
8,CRS3035RES1000mN2048000E3160000,5765642,112.0
9,CRS3035RES1000mN2048000E3160000,86719,117.0
10,CRS3035RES1000mN2048000E3160000,1800,107.0
11,CRS3035RES1000mN2048000E3160000,1757,97.0
12,CRS3035RES1000mN2048000E3160000,1755,102.0
13,CRS3035RES1000mN2048000E3160000,1882,85.0
14,CRS3035RES1000mN2048000E3160000,1745,95.0
15,CRS3035RES1000mN2048000E3160000,1794,94.0
16,CRS3035RES1000mN2048000E3160000,1762,85.0
17,CRS3035RES1000mN2048000E3160000,51188,65.0
18,CRS3035RES1000mN2048000E3160000,6893633,86.0
19,CRS3035RES1000mN2048000E3160000,167128,96.0
20,CRS3035RES1000mN2048000E3160000,1760,79.0
21,CRS3035RES1000mN2048000E3160000,12773298,106.0
22,CRS3035RES1000mN2048000E3160000,1754,116.0
23,CRS3035RES1000mN2048000E3160000,1748,108.0
24,CRS3035RES1000mN2048000E3160000,79941,97.0
25,CRS3035RES1000mN2048000E3160000,1750,86.0
26,CRS3035RES1000mN2048000E3160000,5975465,92.0
27,CRS3035RES1000mN2048000E3160000,115056,101.0
28,CRS3035RES1000mN2048000E3160000,1790,70.0
29,CRS3035RES1000mN2048000E3160000,1756,109.0
30,CRS3035RES1000mN2048000E3160000,51849,97.0
31,CRS3035RES1000mN2048000E3160000,185595,78.0
32,CRS3035RES1000mN2048000E3160000,7697128,79.0
33,CRS3035RES1000mN2048000E3160000,10395362,81.0
34,CRS3035RES1000mN2048000E3160000,1759,67.0
35,CRS3035RES1000mN2048000E3160000,1752,89.0
36,CRS3035RES1000mN2048000E3160000,186714,92.0
37,CRS3035RES1000mN2048000E3160000,1753,101.0
38,CRS3035RES1000mN2048000E3160000,1792,104.0
39,CRS3035RES1000mN2048000E3160000,1763,101.0
40,CRS3035RES1000mN2048000E3160000,1746,104.0
41,CRS3035RES1000mN2048000E3160000,11572165,107.0
42,CRS3035RES1000mN2048000E3160000,1761,96.0
43,CRS3035RES1000mN2048000E3160000,1747,100.0
44,CRS3035RES1000mN2048000E3160000,5768564,100.0
45,CRS3035RES1000mN2048000E3160000,1798,89.0
46,CRS3035RES1000mN2048000E3160000,66904,61.0
47,CRS3035RES1000mN2048000E3160000,1777,76.0
48,CRS3035RES1000mN2048000E3160000,1765,87.0
49,CRS3035RES1000mN2048000E3160000,49416,106.0
50,CRS3035RES1000mN2048000E3160000,12734939,106.0
51,CRS3035RES1000mN2048000E3160000,167386167,83.0
52,CRS3035RES1000mN2048000E3160000,295933804,98.0
53,CRS3035RES1000mN2048000E3160000,303340017,102.0
54,CRS3035RES1000mN2048000E3160000,315355551,117.0
55,CRS3035RES1000mN2048000E3160000,339084977,96.0
56,CRS3035RES1000mN2048000E3160000,412911553,88.0
57,CRS3035RES1000mN2048000E3160000,558126037,116.0
58,CRS3035RES1000mN2048000E3160000,711789768,
59,CRS3035RES1000mN2048000E3160000,727666062,
60,CRS3035RES1000mN2048000E3160000,848085869,
61,CRS3035RES1000mN2048000E3160000,1056098898,88.0
62,CRS3035RES1000mN2048000E3160000,1255438242,
63,CRS3035RES1000mN2048000E3160000,1469985039,114.0
64,CRS3035RES1000mN2048000E3160000,1504302537,
65,CRS3035RES1000mN2048000E3160000,1511617504,
66,CRS3035RES1000mN2048000E3160000,1541601287,107.0
67,CRS3035RES1000mN2048000E3160000,1544591296,65.0
68,CRS3035RES1000mN2048000E3160000,1598174183,99.0
69,CRS3035RES1000mN2048000E3160000,1629887846,103.0
70,CRS3035RES1000mN2048000E3160000,1686660176,106.0
71,CRS3035RES1000mN2048000E3160000,1716927336,
72,CRS3035RES1000mN2048000E3160000,1734554324,118.0
73,CRS3035RES1000mN2048000E3160000,1849109335,107.0
74,CRS3035RES1000mN2048000E3160000,2028408680,
75,CRS3035RES1000mN2048000E3160000,2036887702,
76,CRS3035RES1000mN2048000E3160000,2061404218,60.0
77,CRS3035RES1000mN2048000E3160000,2134238030,113.0
78,CRS3035RES1000mN2048000E3160000,2261600754,
79,CRS3035RES1000mN2048000E3160000,2301402027,111.0
80,CRS3035RES1000mN2048000E3160000,2303966810,
81,CRS3035RES1000mN2048000E3160000,2312029862,102.0
82,CRS3035RES1000mN2048000E3160000,2408860250,
83,CRS3035RES1000mN2048000E3160000,2620185829,88.0
84,CRS3035RES1000mN2048000E3160000,2622508931,94.0
85,CRS3035RES1000mN2048000E3160000,2672130951,
86,CRS3035RES1000mN2048000E3160000,2710518818,116.0
87,CRS3035RES1000mN2048000E3160000,3034026261,
88,CRS3035RES1000mN2048000E3160000,3179889751,
89,CRS3035RES1000mN2048000E3160000,3206611978,
90,CRS3035RES1000mN2048000E3160000,3272828439,
91,CRS3035RES1000mN2048000E3160000,3452364276,107.0
92,CRS3035RES1000mN2048000E3160000,3452364277,81.0
93,CRS3035RES1000mN2048000E3160000,3495733197,
94,CRS3035RES1000mN2048000E3160000,3497154853,
95,CRS3035RES1000mN2048000E3160000,3517755445,
96,CRS3035RES1000mN2048000E3160000,3522125657,
97,CRS3035RES1000mN2048000E3160000,3526751794,88.0
98,CRS3035RES1000mN2048000E3160000,3839306060,106.0
99,CRS3035RES1000mN2048000E3160000,4214697664,93.0
100,CRS3035RES1000mN2048000E3160000,4338252586,76.0
101,CRS3035RES1000mN2048000E3160000,4401271633,
102,CRS3035RES1000mN2048000E3160000,4515476768,
103,CRS3035RES1000mN2048000E3160000,4569910891,84.0
104,CRS3035RES1000mN2048000E3160000,4703730491,115.0
105,CRS3035RES1000mN2048000E3160000,4707870392,109.0
106,CRS3035RES1000mN2048000E3160000,4789037769,
107,CRS3035RES1000mN2048000E3160000,4794233143,99.0
108,CRS3035RES1000mN2048000E3160000,4870405674,101.0
109,CRS3035RES1000mN2048000E3160000,5139379922,
110,CRS3035RES1000mN2048000E3160000,5160337425,88.0
111,CRS3035RES1000mN2048000E3160000,5196199575,
112,CRS3035RES1000mN2048000E3160000,5341570554,94.0
113,CRS3035RES1000mN2048000E3160000,5345949864,114.0
114,CRS3035RES1000mN2048000E3160000,5448507385,
115,CRS3035RES1000mN2048000E3160000,5604693894,73.0
116,CRS3035RES1000mN2048000E3160000,5670401989,
117,CRS3035RES1000mN2048000E3160000,5942671299,118.0
118,CRS3035RES1000mN2048000E3160000,5943980960,
119,CRS3035RES1000mN2048000E3160000,6185791451,
120,CRS3035RES1000mN2048000E3160000,6188948286,118.0
121,CRS3035RES1000mN2048000E3160000,6555800191,
122,CRS3035RES1000mN2048000E3160000,6885254479,70.0
123,CRS3035RES1000mN2048000E3160000,7222611268,
124,CRS3035RES1000mN2048000E3160000,7408961006,
125,CRS3035RES1000mN2048000E3160000,7619964683,113.0
126,CRS3035RES1000mN2048000E3160000,7836562695,90.0
127,CRS3035RES1000mN2048000E3160000,8493729364,89.0
128,CRS3035RES1000mN2048000E3160000,8557885377,
129,CRS3035RES1000mN2048000E3160000,8807212208,82.0
130,CRS3035RES1000mN2048000E3160000,8844229173,74.0
131,CRS3035RES1000mN2048000E3160000,8878422600,103.0
132,CRS3035RES1000mN2048000E3160000,9595709188,71.0
133,CRS3035RES1000mN2048000E3160000,9611387099,95.0
134,CRS3035RES1000mN2048000E3160000,9712656915,89.0
135,CRS3035RES1000mN2048000E3160000,9713142744,79.0
136,CRS3035RES1000mN2048000E3160000,9815746657,
137,CRS3035RES1000mN2048000E3160000,10004871512,102.0
138,CRS3035RES1000mN2048000E3160000,10281174134,
139,CRS3035RES1000mN2048000E3160000,10580337411,110.0
140,CRS3035RES1000mN2048000E3160000,10899442604,
141,CRS3035RES1000mN2048000E3160000,10922657146,
142,CRS3035RES1000mN2048000E3160000,11127499928,89.0
143,CRS3035RES1000mN2048000E3160000,11143725881,114.0
144,CRS3035RES1000mN2048000E3160000,11243087140,73.0
145,CRS3035RES1000mN2048000E3160000,11269399969,98.0
146,CRS3035RES1000mN2048000E3160000,11287269362,106.0
147,CRS3035RES1000mN2048000E3160000,11287269363,
148,CRS3035RES1000mN2048000E3160000,11369705764,116.0
149,CRS3035RES1000mN2048000E3160000,11387776374,116.0
150,CRS3035RES1000mN2048000E3160000,11461799040,
151,CRS3035RES1000mN2048000E3160000,11462802981,100.0
152,CRS3035RES1000mN2048000E3160000,11652077658,112.0
153,CRS3035RES1000mN2048000E3160000,11691390164,88.0
154,CRS3035RES1000mN2048000E3160000,11739757462,115.0
155,CRS3035RES1000mN2048000E3160000,12178446726,111.0
156,CRS3035RES1000mN2048000E3160000,12407425114,
157,CRS3035RES1000mN2048000E3160000,12865480228,107.0
158,CRS3035RES1000mN2048000E3160000,2960630,
159,CRS3035RES1000mN2048000E3160000,3554044,
160,CRS3035RES1000mN2048000E3160000,3557906,
161,CRS3035RES1000mN2048000E3160000,5231361,96.0
162,CRS3035RES1000mN2048000E3160000,9314566,
163,CRS3035RES1000mN2048000E3160000,13696257,
164,CRS3035RES1000mN2048000E3160000,15996131,97.0
165,CRS3035RES1000mN2048000E3160000,23526191,99.0
166,CRS3035RES1000mN2048000E3160000,23545719,89.0
167,CRS3035RES1000mN2048000E3160000,30599279,119.0
168,CRS3035RES1000mN2048000E3160000,30649229,93.0
169,CRS3035RES1000mN2048000E3160000,32198651,
170,CRS3035RES1000mN2048000E3160000,34945111,
171,CRS3035RES1000mN2048000E3160000,50170625,
172,CRS3035RES1000mN2048000E3160000,82887228,95.0
173,CRS3035RES1000mN2048000E3160000,92484952,
174,CRS3035RES1000mN2048000E3160000,95794713,106.0
175,CRS3035RES1000mN2048000E3160000,96418670,
176,CRS3035RES1000mN2048000E3160000,98502686,103.0
177,CRS3035RES1000mN2048000E3160000,132613257,105.0
178,CRS3035RES1000mN2048000E3160000,135036040,104.0
179,CRS3035RES1000mN2048000E3160000,150772489,93.0
180,CRS3035RES1000mN2048000E3160000,154118456,105.0
181,CRS3035RES1000mN2048000E3160000,157375776,87.0
182,CRS3035RES1000mN2048000E3160000,158211204,
183,CRS3035RES1000mN2048000E3160000,162072415,
184,CRS3035RES1000mN2048000E3160000,162117720,112.0
185,CRS3035RES1000mN2048000E3160000,170487273,
186,CRS3035RES1000mN2048000E3160000,172686062,
187,CRS3035RES1000mN2048000E3160000,174318235,
188,CRS3035RES1000mN2048000E3160000,174318237,
189,CRS3035RES1000mN2048000E3160000,205060159,
190,CRS3035RES1000mN2048000E3160000,205757163,
191,CRS3035RES1000mN2048000E3160000,221095520,110.0
192,CRS3035RES1000mN2048000E3160000,224503374,86.0
193,CRS3035RES1000mN2048000E3160000,227333462,115.0
194,CRS3035RES1000mN2048000E3160000,229117454,113.0
195,CRS3035RES1000mN2048000E3160000,261460389,
196,CRS3035RES1000mN2048000E3160000,283450022,82.0
197,CRS3035RES1000mN2048000E3160000,288994040,91.0
198,CRS3035RES1000mN2048000E3160000,296744564,
199,CRS3035RES1000mN2048000E3160000,297526406,78.0
200,CRS3035RES1000mN2048000E3160000,300709861,
201,CRS3035RES1000mN2048000E3160000,301444634,
202,CRS3035RES1000mN2048000E3160000,302721609,
203,CRS3035RES1000mN2048000E3160000,308195630,
204,CRS3035RES1000mN2048000E3160000,312777902,98.0
205,CRS3035RES1000mN2048000E3160000,330154630,
206,CRS3035RES1000mN2048000E3160000,340205456,89.0
207,CRS3035RES1000mN2048000E3160000,367883612,100.0
208,CRS3035RES1000mN2048000E3160000,368211943,106.0
209,CRS3035RES1000mN2048000E3160000,374180360,106.0
210,CRS3035RES1000mN2048000E3160000,375369499,99.0
211,CRS3035RES1000mN2048000E3160000,383494544,66.0
212,CRS3035RES1000mN2048000E3160000,384574591,119.0
213,CRS3035RES1000mN2048000E3160000,403538322,114.0
214,CRS3035RES1000mN2048000E3160000,403859503,91.0
215,CRS3035RES1000mN2048000E3160000,437050442,
216,CRS3035RES1000mN2048000E3160000,459881697,114.0
217,CRS3035RES1000mN2048000E3160000,477278425,
218,CRS3035RES1000mN2048000E3160000,486879235,
219,CRS3035RES1000mN2048000E3160000,493748377,116.0
220,CRS3035RES1000mN2048000E3160000,498234201,
221,CRS3035RES1000mN2048000E3160000,504315026,108.0
222,CRS3035RES1000mN2048000E3160000,548701490,
223,CRS3035RES1000mN2048000E3160000,574210084,118.0
224,CRS3035RES1000mN2048000E3160000,576094143,
225,CRS3035RES1000mN2048000E3160000,584409067,
226,CRS3035RES1000mN2048000E3160000,635512756,78.0
227,CRS3035RES1000mN2048000E3160000,638492224,
228,CRS3035RES1000mN2048000E3160000,653913062,87.0
229,CRS3035RES1000mN2048000E3160000,659866770,77.0
230,CRS3035RES1000mN2048000E3160000,697717972,
231,CRS3035RES1000mN2048000E3160000,717194862,102.0
232,CRS3035RES1000mN2048000E3160000,736899303,
233,CRS3035RES1000mN2048000E3160000,738042217,
234,CRS3035RES1000mN2048000E3160000,839611983,114.0
235,CRS3035RES1000mN2048000E3160000,957893520,86.0
236,CRS3035RES1000mN2048000E3160000,963308110,110.0
237,CRS3035RES1000mN2048000E3160000,1073283182,
238,CRS3035RES1000mN2048000E3160000,1252864015,99.0
239,CRS3035RES1000mN2048000E3160000,1283203658,
240,CRS3035RES1000mN2048000E3161000,25526,88.0
241,CRS3035RES1000mN2048000E3161000,1774,73.0
242,CRS3035RES1000mN2048000E3161000,1770,70.0
243,CRS3035RES1000mN2048000E3161000,1773,79.0
244,CRS3035RES1000mN2048000E3161000,1771,69.0
245,CRS3035RES1000mN2048000E3161000,123303,92.0
246,CRS3035RES1000mN2048000E3161000,1764,61.0
247,CRS3035RES1000mN2048000E3161000,181101,85.0
248,CRS3035RES1000mN2048000E3161000,5765642,92.0
249,CRS3035RES1000mN2048000E3161000,86719,92.0
250,CRS3035RES1000mN2048000E3161000,1800,86.0
251,CRS3035RES1000mN2048000E3161000,1757,77.0
252,CRS3035RES1000mN2048000E3161000,1755,83.0
253,CRS3035RES1000mN2048000E3161000,1882,65.0
254,CRS3035RES1000mN2048000E3161000,1745,70.0
255,CRS3035RES1000mN2048000E3161000,1794,74.0
256,CRS3035RES1000mN2048000E3161000,1762,64.0
257,CRS3035RES1000mN2048000E3161000,51188,43.0
258,CRS3035RES1000mN2048000E3161000,6893633,64.0
259,CRS3035RES1000mN2048000E3161000,167128,74.0
260,CRS3035RES1000mN2048000E3161000,1760,57.0
261,CRS3035RES1000mN2048000E3161000,12773298,81.0
262,CRS3035RES1000mN2048000E3161000,1754,98.0
263,CRS3035RES1000mN2048000E3161000,1748,83.0
264,CRS3035RES1000mN2048000E3161000,79941,73.0
265,CRS3035RES1000mN2048000E3161000,1750,66.0
266,CRS3035RES1000mN2048000E3161000,5975465,71.0
267,CRS3035RES1000mN2048000E3161000,115056,79.0
268,CRS3035RES1000mN2048000E3161000,1790,51.0
269,CRS3035RES1000mN2048000E3161000,1756,89.0
270,CRS3035RES1000mN2048000E3161000,51849,77.0
271,CRS3035RES1000mN2048000E3161000,185595,57.0
272,CRS3035RES1000mN2048000E3161000,7697128,59.0
273,CRS3035RES1000mN2048000E3161000,10395362,61.0
274,CRS3035RES1000mN2048000E3161000,1759,46.0
275,CRS3035RES1000mN2048000E3161000,1752,67.0
276,CRS3035RES1000mN2048000E3161000,186714,72.0
277,CRS3035RES1000mN2048000E3161000,1753,81.0
278,CRS3035RES1000mN2048000E3161000,1792,78.0
279,CRS3035RES1000mN2048000E3161000,1763,82.0
280,CRS3035RES1000mN2048000E3161000,1746,83.0
281,CRS3035RES1000mN2048000E3161000,11572165,89.0
282,CRS3035RES1000mN2048000E3161000,1761,76.0
283,CRS3035RES1000mN2048000E3161000,1747,79.0
284,CRS3035RES1000mN2048000E3161000,5768564,80.0
285,CRS3035RES1000mN2048000E3161000,1798,71.0
286,CRS3035RES1000mN2048000E3161000,66904,40.0
287,CRS3035RES1000mN2048000E3161000,1777,55.0
288,CRS3035RES1000mN2048000E3161000,1765,67.0
289,CRS3035RES1000mN2048000E3161000,49416,80.0
290,CRS3035RES1000mN2048000E3161000,12734939,80.0
291,CRS3035RES1000mN2048000E3161000,167386167,62.0
292,CRS3035RES1000mN2048000E3161000,295933804,79.0
293,CRS3035RES1000mN2048000E3161000,303340017,77.0
294,CRS3035RES1000mN2048000E3161000,315355551,97.0
295,CRS3035RES1000mN2048000E3161000,339084977,79.0
296,CRS3035RES1000mN2048000E3161000,412911553,68.0
297,CRS3035RES1000mN2048000E3161000,558126037,94.0
298,CRS3035RES1000mN2048000E3161000,711789768,119.0
299,CRS3035RES1000mN2048000E3161000,727666062,
300,CRS3035RES1000mN2048000E3161000,848085869,105.0
301,CRS3035RES1000mN2048000E3161000,1056098898,67.0
302,CRS3035RES1000mN2048000E3161000,1255438242,107.0
303,CRS3035RES1000mN2048000E3161000,1469985039,93.0
304,CRS3035RES1000mN2048000E3161000,1504302537,
305,CRS3035RES1000mN2048000E3161000,1511617504,111.0
306,CRS3035RES1000mN2048000E3161000,1541601287,87.0
307,CRS3035RES1000mN2048000E3161000,1544591296,45.0
308,CRS3035RES1000mN2048000E3161000,1598174183,83.0
309,CRS3035RES1000mN2048000E3161000,1629887846,88.0
310,CRS3035RES1000mN2048000E3161000,1686660176,85.0
311,CRS3035RES1000mN2048000E3161000,1716927336,105.0
312,CRS3035RES1000mN2048000E3161000,1734554324,92.0
313,CRS3035RES1000mN2048000E3161000,1849109335,82.0
314,CRS3035RES1000mN2048000E3161000,2028408680,
315,CRS3035RES1000mN2048000E3161000,2036887702,
316,CRS3035RES1000mN2048000E3161000,2061404218,48.0
317,CRS3035RES1000mN2048000E3161000,2134238030,94.0
318,CRS3035RES1000mN2048000E3161000,2261600754,
319,CRS3035RES1000mN2048000E3161000,2301402027,88.0
320,CRS3035RES1000mN2048000E3161000,2303966810,
321,CRS3035RES1000mN2048000E3161000,2312029862,85.0
322,CRS3035RES1000mN2048000E3161000,2408860250,82.0
323,CRS3035RES1000mN2048000E3161000,2620185829,67.0
324,CRS3035RES1000mN2048000E3161000,2622508931,74.0
325,CRS3035RES1000mN2048000E3161000,2672130951,
326,CRS3035RES1000mN2048000E3161000,2710518818,106.0
327,CRS3035RES1000mN2048000E3161000,3034026261,
328,CRS3035RES1000mN2048000E3161000,3179889751,106.0
329,CRS3035RES1000mN2048000E3161000,3206611978,
330,CRS3035RES1000mN2048000E3161000,3272828439,115.0
331,CRS3035RES1000mN2048000E3161000,3452364276,83.0
332,CRS3035RES1000mN2048000E3161000,3452364277,59.0
333,CRS3035RES1000mN2048000E3161000,3495733197,
334,CRS3035RES1000mN2048000E3161000,3497154853,
335,CRS3035RES1000mN2048000E3161000,3517755445,
336,CRS3035RES1000mN2048000E3161000,3522125657,
337,CRS3035RES1000mN2048000E3161000,3526751794,88.0
338,CRS3035RES1000mN2048000E3161000,3839306060,81.0
339,CRS3035RES1000mN2048000E3161000,4214697664,72.0
340,CRS3035RES1000mN2048000E3161000,4338252586,76.0
341,CRS3035RES1000mN2048000E3161000,4401271633,
342,CRS3035RES1000mN2048000E3161000,4515476768,
343,CRS3035RES1000mN2048000E3161000,4569910891,64.0
344,CRS3035RES1000mN2048000E3161000,4703730491,90.0
345,CRS3035RES1000mN2048000E3161000,4707870392,87.0
346,CRS3035RES1000mN2048000E3161000,4789037769,
347,CRS3035RES1000mN2048000E3161000,4794233143,98.0
348,CRS3035RES1000mN2048000E3161000,4870405674,82.0
349,CRS3035RES1000mN2048000E3161000,5139379922,110.0
350,CRS3035RES1000mN2048000E3161000,5160337425,67.0
351,CRS3035RES1000mN2048000E3161000,5196199575,103.0
352,CRS3035RES1000mN2048000E3161000,5341570554,73.0
353,CRS3035RES1000mN2048000E3161000,5345949864,108.0
354,CRS3035RES1000mN2048000E3161000,5448507385,
355,CRS3035RES1000mN2048000E3161000,5604693894,73.0
356,CRS3035RES1000mN2048000E3161000,5670401989,88.0
357,CRS3035RES1000mN2048000E3161000,5942671299,102.0
358,CRS3035RES1000mN2048000E3161000,5943980960,106.0
359,CRS3035RES1000mN2048000E3161000,6185791451,
360,CRS3035RES1000mN2048000E3161000,6188948286,97.0
361,CRS3035RES1000mN2048000E3161000,6555800191,105.0
362,CRS3035RES1000mN2048000E3161000,6885254479,47.0
363,CRS3035RES1000mN2048000E3161000,7222611268,
364,CRS3035RES1000mN2048000E3161000,7408961006,
365,CRS3035RES1000mN2048000E3161000,7619964683,105.0
366,CRS3035RES1000mN2048000E3161000,7836562695,78.0
367,CRS3035RES1000mN2048000E3161000,8493729364,69.0
368,CRS3035RES1000mN2048000E3161000,8557885377,103.0
369,CRS3035RES1000mN2048000E3161000,8807212208,62.0
370,CRS3035RES1000mN2048000E3161000,8844229173,53.0
371,CRS3035RES1000mN2048000E3161000,8878422600,73.0
372,CRS3035RES1000mN2048000E3161000,9595709188,49.0
373,CRS3035RES1000mN2048000E3161000,9611387099,75.0
374,CRS3035RES1000mN2048000E3161000,9712656915,68.0
375,CRS3035RES1000mN2048000E3161000,9713142744,59.0
376,CRS3035RES1000mN2048000E3161000,9815746657,
377,CRS3035RES1000mN2048000E3161000,10004871512,86.0
378,CRS3035RES1000mN2048000E3161000,10281174134,
379,CRS3035RES1000mN2048000E3161000,10580337411,85.0
380,CRS3035RES1000mN2048000E3161000,10899442604,110.0
381,CRS3035RES1000mN2048000E3161000,10922657146,108.0
382,CRS3035RES1000mN2048000E3161000,11127499928,69.0
383,CRS3035RES1000mN2048000E3161000,11143725881,86.0
384,CRS3035RES1000mN2048000E3161000,11243087140,46.0
385,CRS3035RES1000mN2048000E3161000,11269399969,74.0
386,CRS3035RES1000mN2048000E3161000,11287269362,89.0
387,CRS3035RES1000mN2048000E3161000,11287269363,92.0
388,CRS3035RES1000mN2048000E3161000,11369705764,93.0
389,CRS3035RES1000mN2048000E3161000,11387776374,92.0
390,CRS3035RES1000mN2048000E3161000,11461799040,
391,CRS3035RES1000mN2048000E3161000,11462802981,75.0
392,CRS3035RES1000mN2048000E3161000,11652077658,87.0
393,CRS3035RES1000mN2048000E3161000,11691390164,68.0
394,CRS3035RES1000mN2048000E3161000,11739757462,90.0
395,CRS3035RES1000mN2048000E3161000,12178446726,90.0
396,CRS3035RES1000mN2048000E3161000,12407425114,98.0
397,CRS3035RES1000mN2048000E3161000,12865480228,82.0
398,CRS3035RES1000mN2048000E3161000,2960630,109.0
399,CRS3035RES1000mN2048000E3161000,3554044,111.0
400,CRS3035RES1000mN2048000E3161000,3557906,97.0
401,CRS3035RES1000mN2048000E3161000,5231361,74.0
402,CRS3035RES1000mN2048000E3161000,9314566,116.0
403,CRS3035RES1000mN2048000E3161000,13696257,96.0
404,CRS3035RES1000mN2048000E3161000,15996131,76.0
405,CRS3035RES1000mN2048000E3161000,23526191,77.0
406,CRS3035RES1000mN2048000E3161000,23545719,69.0
407,CRS3035RES1000mN2048000E3161000,30599279,98.0
408,CRS3035RES1000mN2048000E3161000,30649229,73.0
409,CRS3035RES1000mN2048000E3161000,32198651,
410,CRS3035RES1000mN2048000E3161000,34945111,99.0
411,CRS3035RES1000mN2048000E3161000,50170625,94.0
412,CRS3035RES1000mN2048000E3161000,82887228,64.0
413,CRS3035RES1000mN2048000E3161000,92484952,94.0
414,CRS3035RES1000mN2048000E3161000,95794713,88.0
415,CRS3035RES1000mN2048000E3161000,96418670,114.0
416,CRS3035RES1000mN2048000E3161000,98502686,82.0
417,CRS3035RES1000mN2048000E3161000,132613257,83.0
418,CRS3035RES1000mN2048000E3161000,135036040,88.0
419,CRS3035RES1000mN2048000E3161000,150772489,72.0
420,CRS3035RES1000mN2048000E3161000,154118456,91.0
421,CRS3035RES1000mN2048000E3161000,157375776,64.0
422,CRS3035RES1000mN2048000E3161000,158211204,104.0
423,CRS3035RES1000mN2048000E3161000,162072415,100.0
424,CRS3035RES1000mN2048000E3161000,162117720,78.0
425,CRS3035RES1000mN2048000E3161000,170487273,
426,CRS3035RES1000mN2048000E3161000,172686062,106.0
427,CRS3035RES1000mN2048000E3161000,174318235,109.0
428,CRS3035RES1000mN2048000E3161000,174318237,106.0
429,CRS3035RES1000mN2048000E3161000,205060159,101.0
430,CRS3035RES1000mN2048000E3161000,205757163,
431,CRS3035RES1000mN2048000E3161000,221095520,87.0
432,CRS3035RES1000mN2048000E3161000,224503374,66.0
433,CRS3035RES1000mN2048000E3161000,227333462,87.0
434,CRS3035RES1000mN2048000E3161000,229117454,85.0
435,CRS3035RES1000mN2048000E3161000,261460389,
436,CRS3035RES1000mN2048000E3161000,283450022,62.0
437,CRS3035RES1000mN2048000E3161000,288994040,71.0
438,CRS3035RES1000mN2048000E3161000,296744564,107.0
439,CRS3035RES1000mN2048000E3161000,297526406,70.0
440,CRS3035RES1000mN2048000E3161000,300709861,
441,CRS3035RES1000mN2048000E3161000,301444634,
442,CRS3035RES1000mN2048000E3161000,302721609,111.0
443,CRS3035RES1000mN2048000E3161000,308195630,109.0
444,CRS3035RES1000mN2048000E3161000,312777902,77.0
445,CRS3035RES1000mN2048000E3161000,330154630,
446,CRS3035RES1000mN2048000E3161000,340205456,69.0
447,CRS3035RES1000mN2048000E3161000,367883612,69.0
448,CRS3035RES1000mN2048000E3161000,368211943,77.0
449,CRS3035RES1000mN2048000E3161000,374180360,88.0
450,CRS3035RES1000mN2048000E3161000,375369499,85.0
451,CRS3035RES1000mN2048000E3161000,383494544,45.0
452,CRS3035RES1000mN2048000E3161000,384574591,97.0
453,CRS3035RES1000mN2048000E3161000,403538322,112.0
454,CRS3035RES1000mN2048000E3161000,403859503,70.0
455,CRS3035RES1000mN2048000E3161000,437050442,107.0
456,CRS3035RES1000mN2048000E3161000,459881697,88.0
457,CRS3035RES1000mN2048000E3161000,477278425,
458,CRS3035RES1000mN2048000E3161000,486879235,
459,CRS3035RES1000mN2048000E3161000,493748377,93.0
460,CRS3035RES1000mN2048000E3161000,498234201,105.0
461,CRS3035RES1000mN2048000E3161000,504315026,83.0
462,CRS3035RES1000mN2048000E3161000,548701490,
463,CRS3035RES1000mN2048000E3161000,574210084,88.0
464,CRS3035RES1000mN2048000E3161000,576094143,100.0
465,CRS3035RES1000mN2048000E3161000,584409067,110.0
466,CRS3035RES1000mN2048000E3161000,635512756,61.0
467,CRS3035RES1000mN2048000E3161000,638492224,116.0
468,CRS3035RES1000mN2048000E3161000,653913062,68.0
469,CRS3035RES1000mN2048000E3161000,659866770,62.0
470,CRS3035RES1000mN2048000E3161000,697717972,103.0
471,CRS3035RES1000mN2048000E3161000,717194862,102.0
472,CRS3035RES1000mN2048000E3161000,736899303,
473,CRS3035RES1000mN2048000E3161000,738042217,111.0
474,CRS3035RES1000mN2048000E3161000,839611983,114.0
475,CRS3035RES1000mN2048000E3161000,957893520,65.0
476,CRS3035RES1000mN2048000E3161000,963308110,93.0
477,CRS3035RES1000mN2048000E3161000,1073283182,108.0
478,CRS3035RES1000mN2048000E3161000,1252864015,83.0
479,CRS3035RES1000mN2048000E3161000,1283203658,
480,CRS3035RES1000mN2048000E3162000,25526,63.0
481,CRS3035RES1000mN2048000E3162000,1774,47.0
482,CRS3035RES1000mN2048000E3162000,1770,43.0
483,CRS3035RES1000mN2048000E3162000,1773,53.0
484,CRS3035RES1000mN2048000E3162000,1771,42.0
485,CRS3035RES1000mN2048000E3162000,123303,66.0
486,CRS3035RES1000mN2048000E3162000,1764,34.0
487,CRS3035RES1000mN2048000E3162000,181101,59.0
488,CRS3035RES1000mN2048000E3162000,5765642,67.0
489,CRS3035RES1000mN2048000E3162000,86719,67.0
490,CRS3035RES1000mN2048000E3162000,1800,60.0
491,CRS3035RES1000mN2048000E3162000,1757,51.0
492,CRS3035RES1000mN2048000E3162000,1755,57.0
493,CRS3035RES1000mN2048000E3162000,1882,39.0
494,CRS3035RES1000mN2048000E3162000,1745,45.0
495,CRS3035RES1000mN2048000E3162000,1794,48.0
496,CRS3035RES1000mN2048000E3162000,1762,38.0
497,CRS3035RES1000mN2048000E3162000,51188,18.0
498,CRS3035RES1000mN2048000E3162000,6893633,38.0
499,CRS3035RES1000mN2048000E3162000,167128,48.0
500,CRS3035RES1000mN2048000E3162000,1760,31.0
501,CRS3035RES1000mN2048000E3162000,12773298,56.0
502,CRS3035RES1000mN2048000E3162000,1754,70.0
503,CRS3035RES1000mN2048000E3162000,1748,57.0
504,CRS3035RES1000mN2048000E3162000,79941,48.0
505,CRS3035RES1000mN2048000E3162000,1750,38.0
506,CRS3035RES1000mN2048000E3162000,5975465,46.0
507,CRS3035RES1000mN2048000E3162000,115056,54.0
508,CRS3035RES1000mN2048000E3162000,1790,23.0
509,CRS3035RES1000mN2048000E3162000,1756,64.0
510,CRS3035RES1000mN2048000E3162000,51849,50.0
511,CRS3035RES1000mN2048000E3162000,185595,31.0
512,CRS3035RES1000mN2048000E3162000,7697128,33.0
513,CRS3035RES1000mN2048000E3162000,10395362,35.0
514,CRS3035RES1000mN2048000E3162000,1759,20.0
515,CRS3035RES1000mN2048000E3162000,1752,41.0
516,CRS3035RES1000mN2048000E3162000,186714,46.0
517,CRS3035RES1000mN2048000E3162000,1753,55.0
518,CRS3035RES1000mN2048000E3162000,1792,53.0
519,CRS3035RES1000mN2048000E3162000,1763,56.0
520,CRS3035RES1000mN2048000E3162000,1746,57.0
521,CRS3035RES1000mN2048000E3162000,11572165,63.0
522,CRS3035RES1000mN2048000E3162000,1761,50.0
523,CRS3035RES1000mN2048000E3162000,1747,53.0
524,CRS3035RES1000mN2048000E3162000,5768564,54.0
525,CRS3035RES1000mN2048000E3162000,1798,45.0
526,CRS3035RES1000mN2048000E3162000,66904,14.0
527,CRS3035RES1000mN2048000E3162000,1777,29.0
528,CRS3035RES1000mN2048000E3162000,1765,41.0
529,CRS3035RES1000mN2048000E3162000,49416,55.0
530,CRS3035RES1000mN2048000E3162000,12734939,55.0
531,CRS3035RES1000mN2048000E3162000,167386167,36.0
532,CRS3035RES1000mN2048000E3162000,295933804,52.0
533,CRS3035RES1000mN2048000E3162000,303340017,53.0
534,CRS3035RES1000mN2048000E3162000,315355551,65.0
535,CRS3035RES1000mN2048000E3162000,339084977,53.0
536,CRS3035RES1000mN2048000E3162000,412911553,41.0
537,CRS3035RES1000mN2048000E3162000,558126037,71.0
538,CRS3035RES1000mN2048000E3162000,711789768,98.0
539,CRS3035RES1000mN2048000E3162000,727666062,
540,CRS3035RES1000mN2048000E3162000,848085869,80.0
541,CRS3035RES1000mN2048000E3162000,1056098898,41.0
542,CRS3035RES1000mN2048000E3162000,1255438242,64.0
543,CRS3035RES1000mN2048000E3162000,1469985039,60.0
544,CRS3035RES1000mN2048000E3162000,1504302537,93.0
545,CRS3035RES1000mN2048000E3162000,1511617504,81.0
546,CRS3035RES1000mN2048000E3162000,1541601287,66.0
547,CRS3035RES1000mN2048000E3162000,1544591296,21.0
548,CRS3035RES1000mN2048000E3162000,1598174183,54.0
549,CRS3035RES1000mN2048000E3162000,1629887846,59.0
550,CRS3035RES1000mN2048000E3162000,1686660176,59.0
551,CRS3035RES1000mN2048000E3162000,1716927336,86.0
552,CRS3035RES1000mN2048000E3162000,1734554324,77.0
553,CRS3035RES1000mN2048000E3162000,1849109335,58.0
554,CRS3035RES1000mN2048000E3162000,2028408680,96.0
555,CRS3035RES1000mN2048000E3162000,2036887702,
556,CRS3035RES1000mN2048000E3162000,2061404218,16.0
557,CRS3035RES1000mN2048000E3162000,2134238030,77.0
558,CRS3035RES1000mN2048000E3162000,2261600754,
559,CRS3035RES1000mN2048000E3162000,2301402027,61.0
560,CRS3035RES1000mN2048000E3162000,2303966810,95.0
561,CRS3035RES1000mN2048000E3162000,2312029862,57.0
562,CRS3035RES1000mN2048000E3162000,2408860250,74.0
563,CRS3035RES1000mN2048000E3162000,2620185829,41.0
564,CRS3035RES1000mN2048000E3162000,2622508931,47.0
565,CRS3035RES1000mN2048000E3162000,2672130951,118.0
566,CRS3035RES1000mN2048000E3162000,2710518818,82.0
567,CRS3035RES1000mN2048000E3162000,3034026261,
568,CRS3035RES1000mN2048000E3162000,3179889751,86.0
569,CRS3035RES1000mN2048000E3162000,3206611978,
570,CRS3035RES1000mN2048000E3162000,3272828439,91.0
571,CRS3035RES1000mN2048000E3162000,3452364276,56.0
572,CRS3035RES1000mN2048000E3162000,3452364277,33.0
573,CRS3035RES1000mN2048000E3162000,3495733197,
574,CRS3035RES1000mN2048000E3162000,3497154853,
575,CRS3035RES1000mN2048000E3162000,3517755445,
576,CRS3035RES1000mN2048000E3162000,3522125657,
577,CRS3035RES1000mN2048000E3162000,3526751794,88.0
578,CRS3035RES1000mN2048000E3162000,3839306060,56.0
579,CRS3035RES1000mN2048000E3162000,4214697664,46.0
580,CRS3035RES1000mN2048000E3162000,4338252586,76.0
581,CRS3035RES1000mN2048000E3162000,4401271633,
582,CRS3035RES1000mN2048000E3162000,4515476768,
583,CRS3035RES1000mN2048000E3162000,4569910891,38.0
584,CRS3035RES1000mN2048000E3162000,4703730491,61.0
585,CRS3035RES1000mN2048000E3162000,4707870392,59.0
586,CRS3035RES1000mN2048000E3162000,4789037769,101.0
587,CRS3035RES1000mN2048000E3162000,4794233143,59.0
588,CRS3035RES1000mN2048000E3162000,4870405674,56.0
589,CRS3035RES1000mN2048000E3162000,5139379922,86.0
590,CRS3035RES1000mN2048000E3162000,5160337425,41.0
591,CRS3035RES1000mN2048000E3162000,5196199575,76.0
592,CRS3035RES1000mN2048000E3162000,5341570554,46.0
593,CRS3035RES1000mN2048000E3162000,5345949864,80.0
594,CRS3035RES1000mN2048000E3162000,5448507385,
595,CRS3035RES1000mN2048000E3162000,5604693894,73.0
596,CRS3035RES1000mN2048000E3162000,5670401989,84.0
597,CRS3035RES1000mN2048000E3162000,5942671299,81.0
598,CRS3035RES1000mN2048000E3162000,5943980960,80.0
599,CRS3035RES1000mN2048000E3162000,6185791451,
600,CRS3035RES1000mN2048000E3162000,6188948286,70.0
601,CRS3035RES1000mN2048000E3162000,6555800191,80.0
602,CRS3035RES1000mN2048000E3162000,6885254479,21.0
603,CRS3035RES1000mN2048000E3162000,7222611268,97.0
604,CRS3035RES1000mN2048000E3162000,7408961006,113.0
605,CRS3035RES1000mN2048000E3162000,7619964683,87.0
606,CRS3035RES1000mN2048000E3162000,7836562695,64.0
607,CRS3035RES1000mN2048000E3162000,8493729364,43.0
608,CRS3035RES1000mN2048000E3162000,8557885377,74.0
609,CRS3035RES1000mN2048000E3162000,8807212208,35.0
610,CRS3035RES1000mN2048000E3162000,8844229173,27.0
611,CRS3035RES1000mN2048000E3162000,8878422600,58.0
612,CRS3035RES1000mN2048000E3162000,9595709188,24.0
613,CRS3035RES1000mN2048000E3162000,9611387099,48.0
614,CRS3035RES1000mN2048000E3162000,9712656915,42.0
615,CRS3035RES1000mN2048000E3162000,9713142744,33.0
616,CRS3035RES1000mN2048000E3162000,9815746657,100.0
617,CRS3035RES1000mN2048000E3162000,10004871512,57.0
618,CRS3035RES1000mN2048000E3162000,10281174134,
619,CRS3035RES1000mN2048000E3162000,10580337411,60.0
620,CRS3035RES1000mN2048000E3162000,10899442604,85.0
621,CRS3035RES1000mN2048000E3162000,10922657146,83.0
622,CRS3035RES1000mN2048000E3162000,11127499928,47.0
623,CRS3035RES1000mN2048000E3162000,11143725881,62.0
624,CRS3035RES1000mN2048000E3162000,11243087140,18.0
625,CRS3035RES1000mN2048000E3162000,11269399969,51.0
626,CRS3035RES1000mN2048000E3162000,11287269362,61.0
627,CRS3035RES1000mN2048000E3162000,11287269363,69.0
628,CRS3035RES1000mN2048000E3162000,11369705764,66.0
629,CRS3035RES1000mN2048000E3162000,11387776374,67.0
630,CRS3035RES1000mN2048000E3162000,11461799040,
631,CRS3035RES1000mN2048000E3162000,11462802981,49.0
632,CRS3035RES1000mN2048000E3162000,11652077658,63.0
633,CRS3035RES1000mN2048000E3162000,11691390164,41.0
634,CRS3035RES1000mN2048000E3162000,11739757462,66.0
635,CRS3035RES1000mN2048000E3162000,12178446726,65.0
636,CRS3035RES1000mN2048000E3162000,12407425114,68.0
637,CRS3035RES1000mN2048000E3162000,12865480228,57.0
638,CRS3035RES1000mN2048000E3162000,2960630,84.0
639,CRS3035RES1000mN2048000E3162000,3554044,95.0
640,CRS3035RES1000mN2048000E3162000,3557906,72.0
641,CRS3035RES1000mN2048000E3162000,5231361,49.0
642,CRS3035RES1000mN2048000E3162000,9314566,80.0
643,CRS3035RES1000mN2048000E3162000,13696257,67.0
644,CRS3035RES1000mN2048000E3162000,15996131,49.0
645,CRS3035RES1000mN2048000E3162000,23526191,52.0
646,CRS3035RES1000mN2048000E3162000,23545719,42.0
647,CRS3035RES1000mN2048000E3162000,30599279,73.0
648,CRS3035RES1000mN2048000E3162000,30649229,47.0
649,CRS3035RES1000mN2048000E3162000,32198651,
650,CRS3035RES1000mN2048000E3162000,34945111,74.0
651,CRS3035RES1000mN2048000E3162000,50170625,72.0
652,CRS3035RES1000mN2048000E3162000,82887228,64.0
653,CRS3035RES1000mN2048000E3162000,92484952,72.0
654,CRS3035RES1000mN2048000E3162000,95794713,63.0
655,CRS3035RES1000mN2048000E3162000,96418670,90.0
656,CRS3035RES1000mN2048000E3162000,98502686,52.0
657,CRS3035RES1000mN2048000E3162000,132613257,57.0
658,CRS3035RES1000mN2048000E3162000,135036040,63.0
659,CRS3035RES1000mN2048000E3162000,150772489,46.0
660,CRS3035RES1000mN2048000E3162000,154118456,80.0
661,CRS3035RES1000mN2048000E3162000,157375776,37.0
662,CRS3035RES1000mN2048000E3162000,158211204,78.0
663,CRS3035RES1000mN2048000E3162000,162072415,75.0
664,CRS3035RES1000mN2048000E3162000,162117720,69.0
665,CRS3035RES1000mN2048000E3162000,170487273,94.0
666,CRS3035RES1000mN2048000E3162000,172686062,80.0
667,CRS3035RES1000mN2048000E3162000,174318235,84.0
668,CRS3035RES1000mN2048000E3162000,174318237,81.0
669,CRS3035RES1000mN2048000E3162000,205060159,86.0
670,CRS3035RES1000mN2048000E3162000,205757163,
671,CRS3035RES1000mN2048000E3162000,221095520,59.0
672,CRS3035RES1000mN2048000E3162000,224503374,40.0
673,CRS3035RES1000mN2048000E3162000,227333462,53.0
674,CRS3035RES1000mN2048000E3162000,229117454,62.0
675,CRS3035RES1000mN2048000E3162000,261460389,102.0
676,CRS3035RES1000mN2048000E3162000,283450022,36.0
677,CRS3035RES1000mN2048000E3162000,288994040,45.0
678,CRS3035RES1000mN2048000E3162000,296744564,72.0
679,CRS3035RES1000mN2048000E3162000,297526406,46.0
680,CRS3035RES1000mN2048000E3162000,300709861,101.0
681,CRS3035RES1000mN2048000E3162000,301444634,79.0
682,CRS3035RES1000mN2048000E3162000,302721609,88.0
683,CRS3035RES1000mN2048000E3162000,308195630,80.0
684,CRS3035RES1000mN2048000E3162000,312777902,51.0
685,CRS3035RES1000mN2048000E3162000,330154630,
686,CRS3035RES1000mN2048000E3162000,340205456,42.0
687,CRS3035RES1000mN2048000E3162000,367883612,69.0
688,CRS3035RES1000mN2048000E3162000,368211943,67.0
689,CRS3035RES1000mN2048000E3162000,374180360,64.0
690,CRS3035RES1000mN2048000E3162000,375369499,74.0
691,CRS3035RES1000mN2048000E3162000,383494544,19.0
692,CRS3035RES1000mN2048000E3162000,384574591,72.0
693,CRS3035RES1000mN2048000E3162000,403538322,69.0
694,CRS3035RES1000mN2048000E3162000,403859503,44.0
695,CRS3035RES1000mN2048000E3162000,437050442,82.0
696,CRS3035RES1000mN2048000E3162000,459881697,54.0
697,CRS3035RES1000mN2048000E3162000,477278425,88.0
698,CRS3035RES1000mN2048000E3162000,486879235,
699,CRS3035RES1000mN2048000E3162000,493748377,69.0
700,CRS3035RES1000mN2048000E3162000,498234201,81.0
701,CRS3035RES1000mN2048000E3162000,504315026,58.0
702,CRS3035RES1000mN2048000E3162000,548701490,115.0
703,CRS3035RES1000mN2048000E3162000,574210084,62.0
704,CRS3035RES1000mN2048000E3162000,576094143,77.0
705,CRS3035RES1000mN2048000E3162000,584409067,84.0
706,CRS3035RES1000mN2048000E3162000,635512756,45.0
707,CRS3035RES1000mN2048000E3162000,638492224,84.0
708,CRS3035RES1000mN2048000E3162000,653913062,44.0
709,CRS3035RES1000mN2048000E3162000,659866770,62.0
710,CRS3035RES1000mN2048000E3162000,697717972,77.0
711,CRS3035RES1000mN2048000E3162000,717194862,102.0
712,CRS3035RES1000mN2048000E3162000,736899303,
713,CRS3035RES1000mN2048000E3162000,738042217,104.0
714,CRS3035RES1000mN2048000E3162000,839611983,114.0
715,CRS3035RES1000mN2048000E3162000,957893520,39.0
716,CRS3035RES1000mN2048000E3162000,963308110,61.0
717,CRS3035RES1000mN2048000E3162000,1073283182,81.0
718,CRS3035RES1000mN2048000E3162000,1252864015,54.0
719,CRS3035RES1000mN2048000E3162000,1283203658,
720,CRS3035RES1000mN2049000E3159000,25526,114.0
721,CRS3035RES1000mN2049000E3159000,1774,96.0
722,CRS3035RES1000mN2049000E3159000,1770,93.0
723,CRS3035RES1000mN2049000E3159000,1773,103.0
724,CRS3035RES1000mN2049000E3159000,1771,93.0
725,CRS3035RES1000mN2049000E3159000,123303,116.0
726,CRS3035RES1000mN2049000E3159000,1764,85.0
727,CRS3035RES1000mN2049000E3159000,181101,114.0
728,CRS3035RES1000mN2049000E3159000,5765642,117.0
729,CRS3035RES1000mN2049000E3159000,86719,
730,CRS3035RES1000mN2049000E3159000,1800,111.0
731,CRS3035RES1000mN2049000E3159000,1757,101.0
732,CRS3035RES1000mN2049000E3159000,1755,108.0
733,CRS3035RES1000mN2049000E3159000,1882,89.0
734,CRS3035RES1000mN2049000E3159000,1745,99.0
735,CRS3035RES1000mN2049000E3159000,1794,99.0
736,CRS3035RES1000mN2049000E3159000,1762,88.0
737,CRS3035RES1000mN2049000E3159000,51188,68.0
738,CRS3035RES1000mN2049000E3159000,6893633,89.0
739,CRS3035RES1000mN2049000E3159000,167128,99.0
740,CRS3035RES1000mN2049000E3159000,1760,82.0
741,CRS3035RES1000mN2049000E3159000,12773298,109.0
742,CRS3035RES1000mN2049000E3159000,1754,
743,CRS3035RES1000mN2049000E3159000,1748,111.0
744,CRS3035RES1000mN2049000E3159000,79941,100.0
745,CRS3035RES1000mN2049000E3159000,1750,89.0
746,CRS3035RES1000mN2049000E3159000,5975465,96.0
747,CRS3035RES1000mN2049000E3159000,115056,106.0
748,CRS3035RES1000mN2049000E3159000,1790,75.0
749,CRS3035RES1000mN2049000E3159000,1756,115.0
750,CRS3035RES1000mN2049000E3159000,51849,101.0
751,CRS3035RES1000mN2049000E3159000,185595,81.0
752,CRS3035RES1000mN2049000E3159000,7697128,83.0
753,CRS3035RES1000mN2049000E3159000,10395362,85.0
754,CRS3035RES1000mN2049000E3159000,1759,71.0
755,CRS3035RES1000mN2049000E3159000,1752,92.0
756,CRS3035RES1000mN2049000E3159000,186714,97.0
757,CRS3035RES1000mN2049000E3159000,1753,105.0
758,CRS3035RES1000mN2049000E3159000,1792,106.0
759,CRS3035RES1000mN2049000E3159000,1763,106.0
760,CRS3035RES1000mN2049000E3159000,1746,107.0
761,CRS3035RES1000mN2049000E3159000,11572165,113.0
762,CRS3035RES1000mN2049000E3159000,1761,100.0
763,CRS3035RES1000mN2049000E3159000,1747,104.0
764,CRS3035RES1000mN2049000E3159000,5768564,104.0
765,CRS3035RES1000mN2049000E3159000,1798,95.0
766,CRS3035RES1000mN2049000E3159000,66904,65.0
767,CRS3035RES1000mN2049000E3159000,1777,80.0
768,CRS3035RES1000mN2049000E3159000,1765,91.0
769,CRS3035RES1000mN2049000E3159000,49416,109.0
770,CRS3035RES1000mN2049000E3159000,12734939,109.0
771,CRS3035RES1000mN2049000E3159000,167386167,86.0
772,CRS3035RES1000mN2049000E3159000,295933804,102.0
773,CRS3035RES1000mN2049000E3159000,303340017,104.0
774,CRS3035RES1000mN2049000E3159000,315355551,
775,CRS3035RES1000mN2049000E3159000,339084977,103.0
776,CRS3035RES1000mN2049000E3159000,412911553,93.0
777,CRS3035RES1000mN2049000E3159000,558126037,119.0
778,CRS3035RES1000mN2049000E3159000,711789768,
779,CRS3035RES1000mN2049000E3159000,727666062,
780,CRS3035RES1000mN2049000E3159000,848085869,
781,CRS3035RES1000mN2049000E3159000,1056098898,92.0
782,CRS3035RES1000mN2049000E3159000,1255438242,
783,CRS3035RES1000mN2049000E3159000,1469985039,117.0
784,CRS3035RES1000mN2049000E3159000,1504302537,
785,CRS3035RES1000mN2049000E3159000,1511617504,
786,CRS3035RES1000mN2049000E3159000,1541601287,110.0
787,CRS3035RES1000mN2049000E3159000,1544591296,65.0
788,CRS3035RES1000mN2049000E3159000,1598174183,103.0
789,CRS3035RES1000mN2049000E3159000,1629887846,107.0
790,CRS3035RES1000mN2049000E3159000,1686660176,109.0
791,CRS3035RES1000mN2049000E3159000,1716927336,
792,CRS3035RES1000mN2049000E3159000,1734554324,
793,CRS3035RES1000mN2049000E3159000,1849109335,109.0
794,CRS3035RES1000mN2049000E3159000,2028408680,
795,CRS3035RES1000mN2049000E3159000,2036887702,
796,CRS3035RES1000mN2049000E3159000,2061404218,68.0
797,CRS3035RES1000mN2049000E3159000,2134238030,117.0
798,CRS3035RES1000mN2049000E3159000,2261600754,
799,CRS3035RES1000mN2049000E3159000,2301402027,115.0
800,CRS3035RES1000mN2049000E3159000,2303966810,
801,CRS3035RES1000mN2049000E3159000,2312029862,106.0
802,CRS3035RES1000mN2049000E3159000,2408860250,
803,CRS3035RES1000mN2049000E3159000,2620185829,92.0
804,CRS3035RES1000mN2049000E3159000,2622508931,99.0
805,CRS3035RES1000mN2049000E3159000,2672130951,
806,CRS3035RES1000mN2049000E3159000,2710518818,
807,CRS3035RES1000mN2049000E3159000,3034026261,
808,CRS3035RES1000mN2049000E3159000,3179889751,
809,CRS3035RES1000mN2049000E3159000,3206611978,
810,CRS3035RES1000mN2049000E3159000,3272828439,
811,CRS3035RES1000mN2049000E3159000,3452364276,111.0
812,CRS3035RES1000mN2049000E3159000,3452364277,84.0
813,CRS3035RES1000mN2049000E3159000,3495733197,
814,CRS3035RES1000mN2049000E3159000,3497154853,
815,CRS3035RES1000mN2049000E3159000,3517755445,
816,CRS3035RES1000mN2049000E3159000,3522125657,
817,CRS3035RES1000mN2049000E3159000,3526751794,91.0
818,CRS3035RES1000mN2049000E3159000,3839306060,110.0
819,CRS3035RES1000mN2049000E3159000,4214697664,97.0
820,CRS3035RES1000mN2049000E3159000,4338252586,79.0
821,CRS3035RES1000mN2049000E3159000,4401271633,
822,CRS3035RES1000mN2049000E3159000,4515476768,
823,CRS3035RES1000mN2049000E3159000,4569910891,89.0
824,CRS3035RES1000mN2049000E3159000,4703730491,119.0
825,CRS3035RES1000mN2049000E3159000,4707870392,113.0
826,CRS3035RES1000mN2049000E3159000,4789037769,
827,CRS3035RES1000mN2049000E3159000,4794233143,99.0
828,CRS3035RES1000mN2049000E3159000,4870405674,107.0
829,CRS3035RES1000mN2049000E3159000,5139379922,
830,CRS3035RES1000mN2049000E3159000,5160337425,92.0
831,CRS3035RES1000mN2049000E3159000,5196199575,
832,CRS3035RES1000mN2049000E3159000,5341570554,97.0
833,CRS3035RES1000mN2049000E3159000,5345949864,
834,CRS3035RES1000mN2049000E3159000,5448507385,
835,CRS3035RES1000mN2049000E3159000,5604693894,76.0
836,CRS3035RES1000mN2049000E3159000,5670401989,
837,CRS3035RES1000mN2049000E3159000,5942671299,
838,CRS3035RES1000mN2049000E3159000,5943980960,
839,CRS3035RES1000mN2049000E3159000,6185791451,
840,CRS3035RES1000mN2049000E3159000,6188948286,
841,CRS3035RES1000mN2049000E3159000,6555800191,
842,CRS3035RES1000mN2049000E3159000,6885254479,70.0
843,CRS3035RES1000mN2049000E3159000,7222611268,
844,CRS3035RES1000mN2049000E3159000,7408961006,
845,CRS3035RES1000mN2049000E3159000,7619964683,116.0
846,CRS3035RES1000mN2049000E3159000,7836562695,93.0
847,CRS3035RES1000mN2049000E3159000,8493729364,93.0
848,CRS3035RES1000mN2049000E3159000,8557885377,
849,CRS3035RES1000mN2049000E3159000,8807212208,87.0
850,CRS3035RES1000mN2049000E3159000,8844229173,77.0
851,CRS3035RES1000mN2049000E3159000,8878422600,105.0
852,CRS3035RES1000mN2049000E3159000,9595709188,76.0
853,CRS3035RES1000mN2049000E3159000,9611387099,99.0
854,CRS3035RES1000mN2049000E3159000,9712656915,93.0
855,CRS3035RES1000mN2049000E3159000,9713142744,84.0
856,CRS3035RES1000mN2049000E3159000,9815746657,
857,CRS3035RES1000mN2049000E3159000,10004871512,106.0
858,CRS3035RES1000mN2049000E3159000,10281174134,
859,CRS3035RES1000mN2049000E3159000,10580337411,114.0
860,CRS3035RES1000mN2049000E3159000,10899442604,
861,CRS3035RES1000mN2049000E3159000,10922657146,
862,CRS3035RES1000mN2049000E3159000,11127499928,92.0
863,CRS3035RES1000mN2049000E3159000,11143725881,117.0
864,CRS3035RES1000mN2049000E3159000,11243087140,73.0
865,CRS3035RES1000mN2049000E3159000,11269399969,103.0
866,CRS3035RES1000mN2049000E3159000,11287269362,110.0
867,CRS3035RES1000mN2049000E3159000,11287269363,
868,CRS3035RES1000mN2049000E3159000,11369705764,
869,CRS3035RES1000mN2049000E3159000,11387776374,
870,CRS3035RES1000mN2049000E3159000,11461799040,
871,CRS3035RES1000mN2049000E3159000,11462802981,103.0
872,CRS3035RES1000mN2049000E3159000,11652077658,114.0
873,CRS3035RES1000mN2049000E3159000,11691390164,92.0
874,CRS3035RES1000mN2049000E3159000,11739757462,118.0
875,CRS3035RES1000mN2049000E3159000,12178446726,116.0
876,CRS3035RES1000mN2049000E3159000,12407425114,
877,CRS3035RES1000mN2049000E3159000,12865480228,111.0
878,CRS3035RES1000mN2049000E3159000,2960630,
879,CRS3035RES1000mN2049000E3159000,3554044,
880,CRS3035RES1000mN2049000E3159000,3557906,
881,CRS3035RES1000mN2049000E3159000,5231361,100.0
882,CRS3035RES1000mN2049000E3159000,9314566,
883,CRS3035RES1000mN2049000E3159000,13696257,
884,CRS3035RES1000mN2049000E3159000,15996131,101.0
885,CRS3035RES1000mN2049000E3159000,23526191,103.0
886,CRS3035RES1000mN2049000E3159000,23545719,93.0
887,CRS3035RES1000mN2049000E3159000,30599279,
888,CRS3035RES1000mN2049000E3159000,30649229,98.0
889,CRS3035RES1000mN2049000E3159000,32198651,
890,CRS3035RES1000mN2049000E3159000,34945111,
891,CRS3035RES1000mN2049000E3159000,50170625,
892,CRS3035RES1000mN2049000E3159000,82887228,99.0
893,CRS3035RES1000mN2049000E3159000,92484952,
894,CRS3035RES1000mN2049000E3159000,95794713,110.0
895,CRS3035RES1000mN2049000E3159000,96418670,
896,CRS3035RES1000mN2049000E3159000,98502686,107.0
897,CRS3035RES1000mN2049000E3159000,132613257,108.0
898,CRS3035RES1000mN2049000E3159000,135036040,107.0
899,CRS3035RES1000mN2049000E3159000,150772489,97.0
900,CRS3035RES1000mN2049000E3159000,154118456,109.0
901,CRS3035RES1000mN2049000E3159000,157375776,90.0
902,CRS3035RES1000mN2049000E3159000,158211204,
903,CRS3035RES1000mN2049000E3159000,162072415,
904,CRS3035RES1000mN2049000E3159000,162117720,115.0
905,CRS3035RES1000mN2049000E3159000,170487273,
906,CRS3035RES1000mN2049000E3159000,172686062,
907,CRS3035RES1000mN2049000E3159000,174318235,
908,CRS3035RES1000mN2049000E3159000,174318237,
909,CRS3035RES1000mN2049000E3159000,205060159,
910,CRS3035RES1000mN2049000E3159000,205757163,
911,CRS3035RES1000mN2049000E3159000,221095520,114.0
912,CRS3035RES1000mN2049000E3159000,224503374,91.0
913,CRS3035RES1000mN2049000E3159000,227333462,115.0
914,CRS3035RES1000mN2049000E3159000,229117454,116.0
915,CRS3035RES1000mN2049000E3159000,261460389,
916,CRS3035RES1000mN2049000E3159000,283450022,86.0
917,CRS3035RES1000mN2049000E3159000,288994040,95.0
918,CRS3035RES1000mN2049000E3159000,296744564,
919,CRS3035RES1000mN2049000E3159000,297526406,81.0
920,CRS3035RES1000mN2049000E3159000,300709861,
921,CRS3035RES1000mN2049000E3159000,301444634,
922,CRS3035RES1000mN2049000E3159000,302721609,
923,CRS3035RES1000mN2049000E3159000,308195630,
924,CRS3035RES1000mN2049000E3159000,312777902,102.0
925,CRS3035RES1000mN2049000E3159000,330154630,
926,CRS3035RES1000mN2049000E3159000,340205456,93.0
927,CRS3035RES1000mN2049000E3159000,367883612,104.0
928,CRS3035RES1000mN2049000E3159000,368211943,110.0
929,CRS3035RES1000mN2049000E3159000,374180360,110.0
930,CRS3035RES1000mN2049000E3159000,375369499,103.0
931,CRS3035RES1000mN2049000E3159000,383494544,70.0
932,CRS3035RES1000mN2049000E3159000,384574591,
933,CRS3035RES1000mN2049000E3159000,403538322,118.0
934,CRS3035RES1000mN2049000E3159000,403859503,95.0
935,CRS3035RES1000mN2049000E3159000,437050442,
936,CRS3035RES1000mN2049000E3159000,459881697,116.0
937,CRS3035RES1000mN2049000E3159000,477278425,
938,CRS3035RES1000mN2049000E3159000,486879235,
939,CRS3035RES1000mN2049000E3159000,493748377,
940,CRS3035RES1000mN2049000E3159000,498234201,
941,CRS3035RES1000mN2049000E3159000,504315026,112.0
942,CRS3035RES1000mN2049000E3159000,548701490,
943,CRS3035RES1000mN2049000E3159000,574210084,
944,CRS3035RES1000mN2049000E3159000,576094143,
945,CRS3035RES1000mN2049000E3159000,584409067,
946,CRS3035RES1000mN2049000E3159000,635512756,81.0
947,CRS3035RES1000mN2049000E3159000,638492224,
948,CRS3035RES1000mN2049000E3159000,653913062,90.0
949,CRS3035RES1000mN2049000E3159000,659866770,80.0
950,CRS3035RES1000mN2049000E3159000,697717972,
951,CRS3035RES1000mN2049000E3159000,717194862,105.0
952,CRS3035RES1000mN2049000E3159000,736899303,
953,CRS3035RES1000mN2049000E3159000,738042217,
954,CRS3035RES1000mN2049000E3159000,839611983,117.0
955,CRS3035RES1000mN2049000E3159000,957893520,89.0
956,CRS3035RES1000mN2049000E3159000,963308110,113.0
957,CRS3035RES1000mN2049000E3159000,1073283182,
958,CRS3035RES1000mN2049000E3159000,1252864015,103.0
959,CRS3035RES1000mN2049000E3159000,1283203658,
960,CRS3035RES1000mN2049000E3160000,25526,101.0
961,CRS3035RES1000mN2049000E3160000,1774,83.0
962,CRS3035RES1000mN2049000E3160000,1770,80.0
963,CRS3035RES1000mN2049000E3160000,1773,92.0
964,CRS3035RES1000mN2049000E3160000,1771,80.0
965,CRS3035RES1000mN2049000E3160000,123303,102.0
966,CRS3035RES1000mN2049000E3160000,1764,74.0
967,CRS3035RES1000mN2049000E3160000,181101,96.0
968,CRS3035RES1000mN2049000E3160000,5765642,103.0
969,CRS3035RES1000mN2049000E3160000,86719,105.0
970,CRS3035RES1000mN2049000E3160000,1800,95.0
971,CRS3035RES1000mN2049000E3160000,1757,90.0
972,CRS3035RES1000mN2049000E3160000,1755,93.0
973,CRS3035RES1000mN2049000E3160000,1882,78.0
974,CRS3035RES1000mN2049000E3160000,1745,82.0
975,CRS3035RES1000mN2049000E3160000,1794,87.0
976,CRS3035RES1000mN2049000E3160000,1762,74.0
977,CRS3035RES1000mN2049000E3160000,51188,57.0
978,CRS3035RES1000mN2049000E3160000,6893633,78.0
979,CRS3035RES1000mN2049000E3160000,167128,87.0
980,CRS3035RES1000mN2049000E3160000,1760,71.0
981,CRS3035RES1000mN2049000E3160000,12773298,95.0
982,CRS3035RES1000mN2049000E3160000,1754,107.0
983,CRS3035RES1000mN2049000E3160000,1748,93.0
984,CRS3035RES1000mN2049000E3160000,79941,82.0
985,CRS3035RES1000mN2049000E3160000,1750,76.0
986,CRS3035RES1000mN2049000E3160000,5975465,83.0
987,CRS3035RES1000mN2049000E3160000,115056,92.0
988,CRS3035RES1000mN2049000E3160000,1790,63.0
989,CRS3035RES1000mN2049000E3160000,1756,100.0
990,CRS3035RES1000mN2049000E3160000,51849,87.0
991,CRS3035RES1000mN2049000E3160000,185595,69.0
992,CRS3035RES1000mN2049000E3160000,7697128,71.0
993,CRS3035RES1000mN2049000E3160000,10395362,73.0
994,CRS3035RES1000mN2049000E3160000,1759,59.0
995,CRS3035RES1000mN2049000E3160000,1752,81.0
996,CRS3035RES1000mN2049000E3160000,186714,85.0
997,CRS3035RES1000mN2049000E3160000,1753,90.0
998,CRS3035RES1000mN2049000E3160000,1792,89.0
999,CRS3035RES1000mN2049000E3160000,1763,91.0
1000,CRS3035RES1000mN2049000E3160000,1746,94.0
1001,CRS3035RES1000mN2049000E3160000,11572165,102.0
1002,CRS3035RES1000mN2049000E3160000,1761,85.0
1003,CRS3035RES1000mN2049000E3160000,1747,92.0
1004,CRS3035RES1000mN2049000E3160000,5768564,92.0
1005,CRS3035RES1000mN2049000E3160000,1798,82.0
1006,CRS3035RES1000mN2049000E3160000,66904,52.0
1007,CRS3035RES1000mN2049000E3160000,1777,67.0
1008,CRS3035RES1000mN2049000E3160000,1765,78.0
1009,CRS3035RES1000mN2049000E3160000,49416,91.0
1010,CRS3035RES1000mN2049000E3160000,12734939,91.0
1011,CRS3035RES1000mN2049000E3160000,167386167,71.0
1012,CRS3035RES1000mN2049000E3160000,295933804,91.0
1013,CRS3035RES1000mN2049000E3160000,303340017,102.0
1014,CRS3035RES1000mN2049000E3160000,315355551,109.0
1015,CRS3035RES1000mN2049000E3160000,339084977,85.0
1016,CRS3035RES1000mN2049000E3160000,412911553,78.0
1017,CRS3035RES1000mN2049000E3160000,558126037,108.0
1018,CRS3035RES1000mN2049000E3160000,711789768,
1019,CRS3035RES1000mN2049000E3160000,727666062,
1020,CRS3035RES1000mN2049000E3160000,848085869,115.0
1021,CRS3035RES1000mN2049000E3160000,1056098898,80.0
1022,CRS3035RES1000mN2049000E3160000,1255438242,114.0
1023,CRS3035RES1000mN2049000E3160000,1469985039,103.0
1024,CRS3035RES1000mN2049000E3160000,1504302537,
1025,CRS3035RES1000mN2049000E3160000,1511617504,
1026,CRS3035RES1000mN2049000E3160000,1541601287,101.0
1027,CRS3035RES1000mN2049000E3160000,1544591296,46.0
1028,CRS3035RES1000mN2049000E3160000,1598174183,88.0
1029,CRS3035RES1000mN2049000E3160000,1629887846,94.0
1030,CRS3035RES1000mN2049000E3160000,1686660176,97.0
1031,CRS3035RES1000mN2049000E3160000,1716927336,
1032,CRS3035RES1000mN2049000E3160000,1734554324,95.0
1033,CRS3035RES1000mN2049000E3160000,1849109335,105.0
1034,CRS3035RES1000mN2049000E3160000,2028408680,
1035,CRS3035RES1000mN2049000E3160000,2036887702,
1036,CRS3035RES1000mN2049000E3160000,2061404218,50.0
1037,CRS3035RES1000mN2049000E3160000,2134238030,97.0
1038,CRS3035RES1000mN2049000E3160000,2261600754,
1039,CRS3035RES1000mN2049000E3160000,2301402027,100.0
1040,CRS3035RES1000mN2049000E3160000,2303966810,
1041,CRS3035RES1000mN2049000E3160000,2312029862,91.0
1042,CRS3035RES1000mN2049000E3160000,2408860250,118.0
1043,CRS3035RES1000mN2049000E3160000,2620185829,78.0
1044,CRS3035RES1000mN2049000E3160000,2622508931,84.0
1045,CRS3035RES1000mN2049000E3160000,2672130951,
1046,CRS3035RES1000mN2049000E3160000,2710518818,112.0
1047,CRS3035RES1000mN2049000E3160000,3034026261,
1048,CRS3035RES1000mN2049000E3160000,3179889751,
1049,CRS3035RES1000mN2049000E3160000,3206611978,
1050,CRS3035RES1000mN2049000E3160000,3272828439,
1051,CRS3035RES1000mN2049000E3160000,3452364276,96.0
1052,CRS3035RES1000mN2049000E3160000,3452364277,73.0
1053,CRS3035RES1000mN2049000E3160000,3495733197,
1054,CRS3035RES1000mN2049000E3160000,3497154853,
1055,CRS3035RES1000mN2049000E3160000,3517755445,
1056,CRS3035RES1000mN2049000E3160000,3522125657,
1057,CRS3035RES1000mN2049000E3160000,3526751794,88.0
1058,CRS3035RES1000mN2049000E3160000,3839306060,93.0
1059,CRS3035RES1000mN2049000E3160000,4214697664,85.0
1060,CRS3035RES1000mN2049000E3160000,4338252586,76.0
1061,CRS3035RES1000mN2049000E3160000,4401271633,
1062,CRS3035RES1000mN2049000E3160000,4515476768,
1063,CRS3035RES1000mN2049000E3160000,4569910891,76.0
1064,CRS3035RES1000mN2049000E3160000,4703730491,110.0
1065,CRS3035RES1000mN2049000E3160000,4707870392,105.0
1066,CRS3035RES1000mN2049000E3160000,4789037769,
1067,CRS3035RES1000mN2049000E3160000,4794233143,79.0
1068,CRS3035RES1000mN2049000E3160000,4870405674,95.0
1069,CRS3035RES1000mN2049000E3160000,5139379922,
1070,CRS3035RES1000mN2049000E3160000,5160337425,78.0
1071,CRS3035RES1000mN2049000E3160000,5196199575,108.0
1072,CRS3035RES1000mN2049000E3160000,5341570554,84.0
1073,CRS3035RES1000mN2049000E3160000,5345949864,111.0
1074,CRS3035RES1000mN2049000E3160000,5448507385,
1075,CRS3035RES1000mN2049000E3160000,5604693894,73.0
1076,CRS3035RES1000mN2049000E3160000,5670401989,
1077,CRS3035RES1000mN2049000E3160000,5942671299,112.0
1078,CRS3035RES1000mN2049000E3160000,5943980960,115.0
1079,CRS3035RES1000mN2049000E3160000,6185791451,
1080,CRS3035RES1000mN2049000E3160000,6188948286,108.0
1081,CRS3035RES1000mN2049000E3160000,6555800191,116.0
1082,CRS3035RES1000mN2049000E3160000,6885254479,51.0
1083,CRS3035RES1000mN2049000E3160000,7222611268,
1084,CRS3035RES1000mN2049000E3160000,7408961006,
1085,CRS3035RES1000mN2049000E3160000,7619964683,113.0
1086,CRS3035RES1000mN2049000E3160000,7836562695,89.0
1087,CRS3035RES1000mN2049000E3160000,8493729364,81.0
1088,CRS3035RES1000mN2049000E3160000,8557885377,
1089,CRS3035RES1000mN2049000E3160000,8807212208,74.0
1090,CRS3035RES1000mN2049000E3160000,8844229173,65.0
1091,CRS3035RES1000mN2049000E3160000,8878422600,94.0
1092,CRS3035RES1000mN2049000E3160000,9595709188,63.0
1093,CRS3035RES1000mN2049000E3160000,9611387099,86.0
1094,CRS3035RES1000mN2049000E3160000,9712656915,79.0
1095,CRS3035RES1000mN2049000E3160000,9713142744,70.0
1096,CRS3035RES1000mN2049000E3160000,9815746657,
1097,CRS3035RES1000mN2049000E3160000,10004871512,91.0
1098,CRS3035RES1000mN2049000E3160000,10281174134,
1099,CRS3035RES1000mN2049000E3160000,10580337411,97.0
1100,CRS3035RES1000mN2049000E3160000,10899442604,
1101,CRS3035RES1000mN2049000E3160000,10922657146,
1102,CRS3035RES1000mN2049000E3160000,11127499928,75.0
1103,CRS3035RES1000mN2049000E3160000,11143725881,100.0
1104,CRS3035RES1000mN2049000E3160000,11243087140,53.0
1105,CRS3035RES1000mN2049000E3160000,11269399969,89.0
1106,CRS3035RES1000mN2049000E3160000,11287269362,94.0
1107,CRS3035RES1000mN2049000E3160000,11287269363,111.0
1108,CRS3035RES1000mN2049000E3160000,11369705764,103.0
1109,CRS3035RES1000mN2049000E3160000,11387776374,103.0
1110,CRS3035RES1000mN2049000E3160000,11461799040,
1111,CRS3035RES1000mN2049000E3160000,11462802981,86.0
1112,CRS3035RES1000mN2049000E3160000,11652077658,104.0
1113,CRS3035RES1000mN2049000E3160000,11691390164,78.0
1114,CRS3035RES1000mN2049000E3160000,11739757462,104.0
1115,CRS3035RES1000mN2049000E3160000,12178446726,102.0
1116,CRS3035RES1000mN2049000E3160000,12407425114,99.0
1117,CRS3035RES1000mN2049000E3160000,12865480228,94.0
1118,CRS3035RES1000mN2049000E3160000,2960630,118.0
1119,CRS3035RES1000mN2049000E3160000,3554044,
1120,CRS3035RES1000mN2049000E3160000,3557906,111.0
1121,CRS3035RES1000mN2049000E3160000,5231361,86.0
1122,CRS3035RES1000mN2049000E3160000,9314566,
1123,CRS3035RES1000mN2049000E3160000,13696257,101.0
1124,CRS3035RES1000mN2049000E3160000,15996131,87.0
1125,CRS3035RES1000mN2049000E3160000,23526191,90.0
1126,CRS3035RES1000mN2049000E3160000,23545719,80.0
1127,CRS3035RES1000mN2049000E3160000,30599279,111.0
1128,CRS3035RES1000mN2049000E3160000,30649229,84.0
1129,CRS3035RES1000mN2049000E3160000,32198651,
1130,CRS3035RES1000mN2049000E3160000,34945111,112.0
1131,CRS3035RES1000mN2049000E3160000,50170625,
1132,CRS3035RES1000mN2049000E3160000,82887228,93.0
1133,CRS3035RES1000mN2049000E3160000,92484952,109.0
1134,CRS3035RES1000mN2049000E3160000,95794713,98.0
1135,CRS3035RES1000mN2049000E3160000,96418670,
1136,CRS3035RES1000mN2049000E3160000,98502686,90.0
1137,CRS3035RES1000mN2049000E3160000,132613257,97.0
1138,CRS3035RES1000mN2049000E3160000,135036040,97.0
1139,CRS3035RES1000mN2049000E3160000,150772489,83.0
1140,CRS3035RES1000mN2049000E3160000,154118456,97.0
1141,CRS3035RES1000mN2049000E3160000,157375776,71.0
1142,CRS3035RES1000mN2049000E3160000,158211204,114.0
1143,CRS3035RES1000mN2049000E3160000,162072415,110.0
1144,CRS3035RES1000mN2049000E3160000,162117720,98.0
1145,CRS3035RES1000mN2049000E3160000,170487273,
1146,CRS3035RES1000mN2049000E3160000,172686062,116.0
1147,CRS3035RES1000mN2049000E3160000,174318235,118.0
1148,CRS3035RES1000mN2049000E3160000,174318237,119.0
1149,CRS3035RES1000mN2049000E3160000,205060159,106.0
1150,CRS3035RES1000mN2049000E3160000,205757163,
1151,CRS3035RES1000mN2049000E3160000,221095520,99.0
1152,CRS3035RES1000mN2049000E3160000,224503374,77.0
1153,CRS3035RES1000mN2049000E3160000,227333462,88.0
1154,CRS3035RES1000mN2049000E3160000,229117454,99.0
1155,CRS3035RES1000mN2049000E3160000,261460389,
1156,CRS3035RES1000mN2049000E3160000,283450022,75.0
1157,CRS3035RES1000mN2049000E3160000,288994040,80.0
1158,CRS3035RES1000mN2049000E3160000,296744564,116.0
1159,CRS3035RES1000mN2049000E3160000,297526406,74.0
1160,CRS3035RES1000mN2049000E3160000,300709861,
1161,CRS3035RES1000mN2049000E3160000,301444634,
1162,CRS3035RES1000mN2049000E3160000,302721609,
1163,CRS3035RES1000mN2049000E3160000,308195630,
1164,CRS3035RES1000mN2049000E3160000,312777902,88.0
1165,CRS3035RES1000mN2049000E3160000,330154630,
1166,CRS3035RES1000mN2049000E3160000,340205456,80.0
1167,CRS3035RES1000mN2049000E3160000,367883612,98.0
1168,CRS3035RES1000mN2049000E3160000,368211943,104.0
1169,CRS3035RES1000mN2049000E3160000,374180360,95.0
1170,CRS3035RES1000mN2049000E3160000,375369499,91.0
1171,CRS3035RES1000mN2049000E3160000,383494544,58.0
1172,CRS3035RES1000mN2049000E3160000,384574591,110.0
1173,CRS3035RES1000mN2049000E3160000,403538322,113.0
1174,CRS3035RES1000mN2049000E3160000,403859503,81.0
1175,CRS3035RES1000mN2049000E3160000,437050442,
1176,CRS3035RES1000mN2049000E3160000,459881697,89.0
1177,CRS3035RES1000mN2049000E3160000,477278425,
1178,CRS3035RES1000mN2049000E3160000,486879235,
1179,CRS3035RES1000mN2049000E3160000,493748377,106.0
1180,CRS3035RES1000mN2049000E3160000,498234201,119.0
1181,CRS3035RES1000mN2049000E3160000,504315026,95.0
1182,CRS3035RES1000mN2049000E3160000,548701490,
1183,CRS3035RES1000mN2049000E3160000,574210084,117.0
1184,CRS3035RES1000mN2049000E3160000,576094143,111.0
1185,CRS3035RES1000mN2049000E3160000,584409067,
1186,CRS3035RES1000mN2049000E3160000,635512756,68.0
1187,CRS3035RES1000mN2049000E3160000,638492224,
1188,CRS3035RES1000mN2049000E3160000,653913062,75.0
1189,CRS3035RES1000mN2049000E3160000,659866770,67.0
1190,CRS3035RES1000mN2049000E3160000,697717972,115.0
1191,CRS3035RES1000mN2049000E3160000,717194862,102.0
1192,CRS3035RES1000mN2049000E3160000,736899303,
1193,CRS3035RES1000mN2049000E3160000,738042217,
1194,CRS3035RES1000mN2049000E3160000,839611983,114.0
1195,CRS3035RES1000mN2049000E3160000,957893520,74.0
1196,CRS3035RES1000mN2049000E3160000,963308110,103.0
1197,CRS3035RES1000mN2049000E3160000,1073283182,
1198,CRS3035RES1000mN2049000E3160000,1252864015,88.0
1199,CRS3035RES1000mN2049000E3160000,1283203658,
1200,CRS3035RES1000mN2049000E3161000,25526,84.0
1201,CRS3035RES1000mN2049000E3161000,1774,67.0
1202,CRS3035RES1000mN2049000E3161000,1770,64.0
1203,CRS3035RES1000mN2049000E3161000,1773,73.0
1204,CRS3035RES1000mN2049000E3161000,1771,63.0
1205,CRS3035RES1000mN2049000E3161000,123303,86.0
1206,CRS3035RES1000mN2049000E3161000,1764,55.0
1207,CRS3035RES1000mN2049000E3161000,181101,82.0
1208,CRS3035RES1000mN2049000E3161000,5765642,86.0
1209,CRS3035RES1000mN2049000E3161000,86719,89.0
1210,CRS3035RES1000mN2049000E3161000,1800,79.0
1211,CRS3035RES1000mN2049000E3161000,1757,71.0
1212,CRS3035RES1000mN2049000E3161000,1755,76.0
1213,CRS3035RES1000mN2049000E3161000,1882,59.0
1214,CRS3035RES1000mN2049000E3161000,1745,68.0
1215,CRS3035RES1000mN2049000E3161000,1794,69.0
1216,CRS3035RES1000mN2049000E3161000,1762,58.0
1217,CRS3035RES1000mN2049000E3161000,51188,38.0
1218,CRS3035RES1000mN2049000E3161000,6893633,59.0
1219,CRS3035RES1000mN2049000E3161000,167128,69.0
1220,CRS3035RES1000mN2049000E3161000,1760,52.0
1221,CRS3035RES1000mN2049000E3161000,12773298,79.0
1222,CRS3035RES1000mN2049000E3161000,1754,91.0
1223,CRS3035RES1000mN2049000E3161000,1748,80.0
1224,CRS3035RES1000mN2049000E3161000,79941,68.0
1225,CRS3035RES1000mN2049000E3161000,1750,60.0
1226,CRS3035RES1000mN2049000E3161000,5975465,66.0
1227,CRS3035RES1000mN2049000E3161000,115056,75.0
1228,CRS3035RES1000mN2049000E3161000,1790,44.0
1229,CRS3035RES1000mN2049000E3161000,1756,83.0
1230,CRS3035RES1000mN2049000E3161000,51849,70.0
1231,CRS3035RES1000mN2049000E3161000,185595,52.0
1232,CRS3035RES1000mN2049000E3161000,7697128,53.0
1233,CRS3035RES1000mN2049000E3161000,10395362,56.0
1234,CRS3035RES1000mN2049000E3161000,1759,41.0
1235,CRS3035RES1000mN2049000E3161000,1752,62.0
1236,CRS3035RES1000mN2049000E3161000,186714,66.0
1237,CRS3035RES1000mN2049000E3161000,1753,74.0
1238,CRS3035RES1000mN2049000E3161000,1792,77.0
1239,CRS3035RES1000mN2049000E3161000,1763,75.0
1240,CRS3035RES1000mN2049000E3161000,1746,77.0
1241,CRS3035RES1000mN2049000E3161000,11572165,83.0
1242,CRS3035RES1000mN2049000E3161000,1761,69.0
1243,CRS3035RES1000mN2049000E3161000,1747,74.0
1244,CRS3035RES1000mN2049000E3161000,5768564,74.0
1245,CRS3035RES1000mN2049000E3161000,1798,65.0
1246,CRS3035RES1000mN2049000E3161000,66904,35.0
1247,CRS3035RES1000mN2049000E3161000,1777,50.0
1248,CRS3035RES1000mN2049000E3161000,1765,61.0
1249,CRS3035RES1000mN2049000E3161000,49416,78.0
1250,CRS3035RES1000mN2049000E3161000,12734939,78.0
1251,CRS3035RES1000mN2049000E3161000,167386167,55.0
1252,CRS3035RES1000mN2049000E3161000,295933804,76.0
1253,CRS3035RES1000mN2049000E3161000,303340017,72.0
1254,CRS3035RES1000mN2049000E3161000,315355551,93.0
1255,CRS3035RES1000mN2049000E3161000,339084977,68.0
1256,CRS3035RES1000mN2049000E3161000,412911553,63.0
1257,CRS3035RES1000mN2049000E3161000,558126037,89.0
1258,CRS3035RES1000mN2049000E3161000,711789768,117.0
1259,CRS3035RES1000mN2049000E3161000,727666062,
1260,CRS3035RES1000mN2049000E3161000,848085869,101.0
1261,CRS3035RES1000mN2049000E3161000,1056098898,62.0
1262,CRS3035RES1000mN2049000E3161000,1255438242,104.0
1263,CRS3035RES1000mN2049000E3161000,1469985039,90.0
1264,CRS3035RES1000mN2049000E3161000,1504302537,
1265,CRS3035RES1000mN2049000E3161000,1511617504,107.0
1266,CRS3035RES1000mN2049000E3161000,1541601287,83.0
1267,CRS3035RES1000mN2049000E3161000,1544591296,40.0
1268,CRS3035RES1000mN2049000E3161000,1598174183,82.0
1269,CRS3035RES1000mN2049000E3161000,1629887846,86.0
1270,CRS3035RES1000mN2049000E3161000,1686660176,79.0
1271,CRS3035RES1000mN2049000E3161000,1716927336,99.0
1272,CRS3035RES1000mN2049000E3161000,1734554324,91.0
1273,CRS3035RES1000mN2049000E3161000,1849109335,77.0
1274,CRS3035RES1000mN2049000E3161000,2028408680,117.0
1275,CRS3035RES1000mN2049000E3161000,2036887702,
1276,CRS3035RES1000mN2049000E3161000,2061404218,31.0
1277,CRS3035RES1000mN2049000E3161000,2134238030,93.0
1278,CRS3035RES1000mN2049000E3161000,2261600754,
1279,CRS3035RES1000mN2049000E3161000,2301402027,87.0
1280,CRS3035RES1000mN2049000E3161000,2303966810,
1281,CRS3035RES1000mN2049000E3161000,2312029862,83.0
1282,CRS3035RES1000mN2049000E3161000,2408860250,82.0
1283,CRS3035RES1000mN2049000E3161000,2620185829,62.0
1284,CRS3035RES1000mN2049000E3161000,2622508931,68.0
1285,CRS3035RES1000mN2049000E3161000,2672130951,
1286,CRS3035RES1000mN2049000E3161000,2710518818,103.0
1287,CRS3035RES1000mN2049000E3161000,3034026261,
1288,CRS3035RES1000mN2049000E3161000,3179889751,103.0
1289,CRS3035RES1000mN2049000E3161000,3206611978,
1290,CRS3035RES1000mN2049000E3161000,3272828439,111.0
1291,CRS3035RES1000mN2049000E3161000,3452364276,80.0
1292,CRS3035RES1000mN2049000E3161000,3452364277,54.0
1293,CRS3035RES1000mN2049000E3161000,3495733197,
1294,CRS3035RES1000mN2049000E3161000,3497154853,
1295,CRS3035RES1000mN2049000E3161000,3517755445,
1296,CRS3035RES1000mN2049000E3161000,3522125657,
1297,CRS3035RES1000mN2049000E3161000,3526751794,88.0
1298,CRS3035RES1000mN2049000E3161000,3839306060,78.0
1299,CRS3035RES1000mN2049000E3161000,4214697664,67.0
1300,CRS3035RES1000mN2049000E3161000,4338252586,76.0
1301,CRS3035RES1000mN2049000E3161000,4401271633,
1302,CRS3035RES1000mN2049000E3161000,4515476768,
1303,CRS3035RES1000mN2049000E3161000,4569910891,58.0
1304,CRS3035RES1000mN2049000E3161000,4703730491,87.0
1305,CRS3035RES1000mN2049000E3161000,4707870392,84.0
1306,CRS3035RES1000mN2049000E3161000,4789037769,119.0
1307,CRS3035RES1000mN2049000E3161000,4794233143,63.0
1308,CRS3035RES1000mN2049000E3161000,4870405674,77.0
1309,CRS3035RES1000mN2049000E3161000,5139379922,106.0
1310,CRS3035RES1000mN2049000E3161000,5160337425,62.0
1311,CRS3035RES1000mN2049000E3161000,5196199575,101.0
1312,CRS3035RES1000mN2049000E3161000,5341570554,67.0
1313,CRS3035RES1000mN2049000E3161000,5345949864,106.0
1314,CRS3035RES1000mN2049000E3161000,5448507385,
1315,CRS3035RES1000mN2049000E3161000,5604693894,73.0
1316,CRS3035RES1000mN2049000E3161000,5670401989,88.0
1317,CRS3035RES1000mN2049000E3161000,5942671299,97.0
1318,CRS3035RES1000mN2049000E3161000,5943980960,101.0
1319,CRS3035RES1000mN2049000E3161000,6185791451,
1320,CRS3035RES1000mN2049000E3161000,6188948286,93.0
1321,CRS3035RES1000mN2049000E3161000,6555800191,100.0
1322,CRS3035RES1000mN2049000E3161000,6885254479,37.0
1323,CRS3035RES1000mN2049000E3161000,7222611268,
1324,CRS3035RES1000mN2049000E3161000,7408961006,
1325,CRS3035RES1000mN2049000E3161000,7619964683,100.0
1326,CRS3035RES1000mN2049000E3161000,7836562695,73.0
1327,CRS3035RES1000mN2049000E3161000,8493729364,64.0
1328,CRS3035RES1000mN2049000E3161000,8557885377,101.0
1329,CRS3035RES1000mN2049000E3161000,8807212208,57.0
1330,CRS3035RES1000mN2049000E3161000,8844229173,48.0
1331,CRS3035RES1000mN2049000E3161000,8878422600,71.0
1332,CRS3035RES1000mN2049000E3161000,9595709188,45.0
1333,CRS3035RES1000mN2049000E3161000,9611387099,69.0
1334,CRS3035RES1000mN2049000E3161000,9712656915,63.0
1335,CRS3035RES1000mN2049000E3161000,9713142744,53.0
1336,CRS3035RES1000mN2049000E3161000,9815746657,
1337,CRS3035RES1000mN2049000E3161000,10004871512,85.0
1338,CRS3035RES1000mN2049000E3161000,10281174134,
1339,CRS3035RES1000mN2049000E3161000,10580337411,82.0
1340,CRS3035RES1000mN2049000E3161000,10899442604,108.0
1341,CRS3035RES1000mN2049000E3161000,10922657146,104.0
1342,CRS3035RES1000mN2049000E3161000,11127499928,61.0
1343,CRS3035RES1000mN2049000E3161000,11143725881,77.0
1344,CRS3035RES1000mN2049000E3161000,11243087140,36.0
1345,CRS3035RES1000mN2049000E3161000,11269399969,72.0
1346,CRS3035RES1000mN2049000E3161000,11287269362,87.0
1347,CRS3035RES1000mN2049000E3161000,11287269363,90.0
1348,CRS3035RES1000mN2049000E3161000,11369705764,91.0
1349,CRS3035RES1000mN2049000E3161000,11387776374,88.0
1350,CRS3035RES1000mN2049000E3161000,11461799040,
1351,CRS3035RES1000mN2049000E3161000,11462802981,73.0
1352,CRS3035RES1000mN2049000E3161000,11652077658,82.0
1353,CRS3035RES1000mN2049000E3161000,11691390164,62.0
1354,CRS3035RES1000mN2049000E3161000,11739757462,88.0
1355,CRS3035RES1000mN2049000E3161000,12178446726,85.0
1356,CRS3035RES1000mN2049000E3161000,12407425114,96.0
1357,CRS3035RES1000mN2049000E3161000,12865480228,79.0
1358,CRS3035RES1000mN2049000E3161000,2960630,104.0
1359,CRS3035RES1000mN2049000E3161000,3554044,107.0
1360,CRS3035RES1000mN2049000E3161000,3557906,96.0
1361,CRS3035RES1000mN2049000E3161000,5231361,70.0
1362,CRS3035RES1000mN2049000E3161000,9314566,104.0
1363,CRS3035RES1000mN2049000E3161000,13696257,94.0
1364,CRS3035RES1000mN2049000E3161000,15996131,70.0
1365,CRS3035RES1000mN2049000E3161000,23526191,72.0
1366,CRS3035RES1000mN2049000E3161000,23545719,62.0
1367,CRS3035RES1000mN2049000E3161000,30599279,95.0
1368,CRS3035RES1000mN2049000E3161000,30649229,69.0
1369,CRS3035RES1000mN2049000E3161000,32198651,
1370,CRS3035RES1000mN2049000E3161000,34945111,97.0
1371,CRS3035RES1000mN2049000E3161000,50170625,92.0
1372,CRS3035RES1000mN2049000E3161000,82887228,64.0
1373,CRS3035RES1000mN2049000E3161000,92484952,93.0
1374,CRS3035RES1000mN2049000E3161000,95794713,80.0
1375,CRS3035RES1000mN2049000E3161000,96418670,113.0
1376,CRS3035RES1000mN2049000E3161000,98502686,78.0
1377,CRS3035RES1000mN2049000E3161000,132613257,78.0
1378,CRS3035RES1000mN2049000E3161000,135036040,82.0
1379,CRS3035RES1000mN2049000E3161000,150772489,67.0
1380,CRS3035RES1000mN2049000E3161000,154118456,88.0
1381,CRS3035RES1000mN2049000E3161000,157375776,55.0
1382,CRS3035RES1000mN2049000E3161000,158211204,99.0
1383,CRS3035RES1000mN2049000E3161000,162072415,95.0
1384,CRS3035RES1000mN2049000E3161000,162117720,76.0
1385,CRS3035RES1000mN2049000E3161000,170487273,114.0
1386,CRS3035RES1000mN2049000E3161000,172686062,101.0
1387,CRS3035RES1000mN2049000E3161000,174318235,105.0
1388,CRS3035RES1000mN2049000E3161000,174318237,103.0
1389,CRS3035RES1000mN2049000E3161000,205060159,98.0
1390,CRS3035RES1000mN2049000E3161000,205757163,
1391,CRS3035RES1000mN2049000E3161000,221095520,85.0
1392,CRS3035RES1000mN2049000E3161000,224503374,60.0
1393,CRS3035RES1000mN2049000E3161000,227333462,85.0
1394,CRS3035RES1000mN2049000E3161000,229117454,76.0
1395,CRS3035RES1000mN2049000E3161000,261460389,
1396,CRS3035RES1000mN2049000E3161000,283450022,56.0
1397,CRS3035RES1000mN2049000E3161000,288994040,64.0
1398,CRS3035RES1000mN2049000E3161000,296744564,99.0
1399,CRS3035RES1000mN2049000E3161000,297526406,65.0
1400,CRS3035RES1000mN2049000E3161000,300709861,118.0
1401,CRS3035RES1000mN2049000E3161000,301444634,
1402,CRS3035RES1000mN2049000E3161000,302721609,106.0
1403,CRS3035RES1000mN2049000E3161000,308195630,107.0
1404,CRS3035RES1000mN2049000E3161000,312777902,71.0
1405,CRS3035RES1000mN2049000E3161000,330154630,
1406,CRS3035RES1000mN2049000E3161000,340205456,64.0
1407,CRS3035RES1000mN2049000E3161000,367883612,69.0
1408,CRS3035RES1000mN2049000E3161000,368211943,77.0
1409,CRS3035RES1000mN2049000E3161000,374180360,85.0
1410,CRS3035RES1000mN2049000E3161000,375369499,82.0
1411,CRS3035RES1000mN2049000E3161000,383494544,40.0
1412,CRS3035RES1000mN2049000E3161000,384574591,96.0
1413,CRS3035RES1000mN2049000E3161000,403538322,110.0
1414,CRS3035RES1000mN2049000E3161000,403859503,64.0
1415,CRS3035RES1000mN2049000E3161000,437050442,105.0
1416,CRS3035RES1000mN2049000E3161000,459881697,86.0
1417,CRS3035RES1000mN2049000E3161000,477278425,
1418,CRS3035RES1000mN2049000E3161000,486879235,
1419,CRS3035RES1000mN2049000E3161000,493748377,89.0
1420,CRS3035RES1000mN2049000E3161000,498234201,103.0
1421,CRS3035RES1000mN2049000E3161000,504315026,80.0
1422,CRS3035RES1000mN2049000E3161000,548701490,
1423,CRS3035RES1000mN2049000E3161000,574210084,86.0
1424,CRS3035RES1000mN2049000E3161000,576094143,96.0
1425,CRS3035RES1000mN2049000E3161000,584409067,107.0
1426,CRS3035RES1000mN2049000E3161000,635512756,59.0
1427,CRS3035RES1000mN2049000E3161000,638492224,109.0
1428,CRS3035RES1000mN2049000E3161000,653913062,66.0
1429,CRS3035RES1000mN2049000E3161000,659866770,62.0
1430,CRS3035RES1000mN2049000E3161000,697717972,98.0
1431,CRS3035RES1000mN2049000E3161000,717194862,102.0
1432,CRS3035RES1000mN2049000E3161000,736899303,
1433,CRS3035RES1000mN2049000E3161000,738042217,109.0
1434,CRS3035RES1000mN2049000E3161000,839611983,114.0
1435,CRS3035RES1000mN2049000E3161000,957893520,58.0
1436,CRS3035RES1000mN2049000E3161000,963308110,87.0
1437,CRS3035RES1000mN2049000E3161000,1073283182,102.0
1438,CRS3035RES1000mN2049000E3161000,1252864015,82.0
1439,CRS3035RES1000mN2049000E3161000,1283203658,
1440,CRS3035RES1000mN2049000E3162000,25526,61.0
1441,CRS3035RES1000mN2049000E3162000,1774,44.0
1442,CRS3035RES1000mN2049000E3162000,1770,40.0
1443,CRS3035RES1000mN2049000E3162000,1773,50.0
1444,CRS3035RES1000mN2049000E3162000,1771,40.0
1445,CRS3035RES1000mN2049000E3162000,123303,63.0
1446,CRS3035RES1000mN2049000E3162000,1764,32.0
1447,CRS3035RES1000mN2049000E3162000,181101,57.0
1448,CRS3035RES1000mN2049000E3162000,5765642,62.0
1449,CRS3035RES1000mN2049000E3162000,86719,66.0
1450,CRS3035RES1000mN2049000E3162000,1800,58.0
1451,CRS3035RES1000mN2049000E3162000,1757,48.0
1452,CRS3035RES1000mN2049000E3162000,1755,54.0
1453,CRS3035RES1000mN2049000E3162000,1882,36.0
1454,CRS3035RES1000mN2049000E3162000,1745,45.0
1455,CRS3035RES1000mN2049000E3162000,1794,46.0
1456,CRS3035RES1000mN2049000E3162000,1762,35.0
1457,CRS3035RES1000mN2049000E3162000,51188,16.0
1458,CRS3035RES1000mN2049000E3162000,6893633,36.0
1459,CRS3035RES1000mN2049000E3162000,167128,46.0
1460,CRS3035RES1000mN2049000E3162000,1760,29.0
1461,CRS3035RES1000mN2049000E3162000,12773298,55.0
1462,CRS3035RES1000mN2049000E3162000,1754,68.0
1463,CRS3035RES1000mN2049000E3162000,1748,55.0
1464,CRS3035RES1000mN2049000E3162000,79941,47.0
1465,CRS3035RES1000mN2049000E3162000,1750,36.0
1466,CRS3035RES1000mN2049000E3162000,5975465,43.0
1467,CRS3035RES1000mN2049000E3162000,115056,52.0
1468,CRS3035RES1000mN2049000E3162000,1790,21.0
1469,CRS3035RES1000mN2049000E3162000,1756,61.0
1470,CRS3035RES1000mN2049000E3162000,51849,48.0
1471,CRS3035RES1000mN2049000E3162000,185595,29.0
1472,CRS3035RES1000mN2049000E3162000,7697128,30.0
1473,CRS3035RES1000mN2049000E3162000,10395362,32.0
1474,CRS3035RES1000mN2049000E3162000,1759,18.0
1475,CRS3035RES1000mN2049000E3162000,1752,39.0
1476,CRS3035RES1000mN2049000E3162000,186714,43.0
1477,CRS3035RES1000mN2049000E3162000,1753,53.0
1478,CRS3035RES1000mN2049000E3162000,1792,51.0
1479,CRS3035RES1000mN2049000E3162000,1763,52.0
1480,CRS3035RES1000mN2049000E3162000,1746,54.0
1481,CRS3035RES1000mN2049000E3162000,11572165,61.0
1482,CRS3035RES1000mN2049000E3162000,1761,48.0
1483,CRS3035RES1000mN2049000E3162000,1747,51.0
1484,CRS3035RES1000mN2049000E3162000,5768564,51.0
1485,CRS3035RES1000mN2049000E3162000,1798,41.0
1486,CRS3035RES1000mN2049000E3162000,66904,12.0
1487,CRS3035RES1000mN2049000E3162000,1777,27.0
1488,CRS3035RES1000mN2049000E3162000,1765,38.0
1489,CRS3035RES1000mN2049000E3162000,49416,53.0
1490,CRS3035RES1000mN2049000E3162000,12734939,53.0
1491,CRS3035RES1000mN2049000E3162000,167386167,35.0
1492,CRS3035RES1000mN2049000E3162000,295933804,51.0
1493,CRS3035RES1000mN2049000E3162000,303340017,46.0
1494,CRS3035RES1000mN2049000E3162000,315355551,64.0
1495,CRS3035RES1000mN2049000E3162000,339084977,51.0
1496,CRS3035RES1000mN2049000E3162000,412911553,40.0
1497,CRS3035RES1000mN2049000E3162000,558126037,66.0
1498,CRS3035RES1000mN2049000E3162000,711789768,95.0
1499,CRS3035RES1000mN2049000E3162000,727666062,
1500,CRS3035RES1000mN2049000E3162000,848085869,77.0
1501,CRS3035RES1000mN2049000E3162000,1056098898,39.0
1502,CRS3035RES1000mN2049000E3162000,1255438242,63.0
1503,CRS3035RES1000mN2049000E3162000,1469985039,59.0
1504,CRS3035RES1000mN2049000E3162000,1504302537,93.0
1505,CRS3035RES1000mN2049000E3162000,1511617504,79.0
1506,CRS3035RES1000mN2049000E3162000,1541601287,63.0
1507,CRS3035RES1000mN2049000E3162000,1544591296,19.0
1508,CRS3035RES1000mN2049000E3162000,1598174183,53.0
1509,CRS3035RES1000mN2049000E3162000,1629887846,58.0
1510,CRS3035RES1000mN2049000E3162000,1686660176,57.0
1511,CRS3035RES1000mN2049000E3162000,1716927336,82.0
1512,CRS3035RES1000mN2049000E3162000,1734554324,77.0
1513,CRS3035RES1000mN2049000E3162000,1849109335,51.0
1514,CRS3035RES1000mN2049000E3162000,2028408680,92.0
1515,CRS3035RES1000mN2049000E3162000,2036887702,
1516,CRS3035RES1000mN2049000E3162000,2061404218,14.0
1517,CRS3035RES1000mN2049000E3162000,2134238030,77.0
1518,CRS3035RES1000mN2049000E3162000,2261600754,
1519,CRS3035RES1000mN2049000E3162000,2301402027,61.0
1520,CRS3035RES1000mN2049000E3162000,2303966810,92.0
1521,CRS3035RES1000mN2049000E3162000,2312029862,56.0
1522,CRS3035RES1000mN2049000E3162000,2408860250,74.0
1523,CRS3035RES1000mN2049000E3162000,2620185829,39.0
1524,CRS3035RES1000mN2049000E3162000,2622508931,46.0
1525,CRS3035RES1000mN2049000E3162000,2672130951,117.0
1526,CRS3035RES1000mN2049000E3162000,2710518818,81.0
1527,CRS3035RES1000mN2049000E3162000,3034026261,
1528,CRS3035RES1000mN2049000E3162000,3179889751,85.0
1529,CRS3035RES1000mN2049000E3162000,3206611978,
1530,CRS3035RES1000mN2049000E3162000,3272828439,88.0
1531,CRS3035RES1000mN2049000E3162000,3452364276,55.0
1532,CRS3035RES1000mN2049000E3162000,3452364277,31.0
1533,CRS3035RES1000mN2049000E3162000,3495733197,
1534,CRS3035RES1000mN2049000E3162000,3497154853,
1535,CRS3035RES1000mN2049000E3162000,3517755445,
1536,CRS3035RES1000mN2049000E3162000,3522125657,
1537,CRS3035RES1000mN2049000E3162000,3526751794,88.0
1538,CRS3035RES1000mN2049000E3162000,3839306060,56.0
1539,CRS3035RES1000mN2049000E3162000,4214697664,44.0
1540,CRS3035RES1000mN2049000E3162000,4338252586,76.0
1541,CRS3035RES1000mN2049000E3162000,4401271633,
1542,CRS3035RES1000mN2049000E3162000,4515476768,
1543,CRS3035RES1000mN2049000E3162000,4569910891,35.0
1544,CRS3035RES1000mN2049000E3162000,4703730491,59.0
1545,CRS3035RES1000mN2049000E3162000,4707870392,57.0
1546,CRS3035RES1000mN2049000E3162000,4789037769,97.0
1547,CRS3035RES1000mN2049000E3162000,4794233143,59.0
1548,CRS3035RES1000mN2049000E3162000,4870405674,53.0
1549,CRS3035RES1000mN2049000E3162000,5139379922,84.0
1550,CRS3035RES1000mN2049000E3162000,5160337425,39.0
1551,CRS3035RES1000mN2049000E3162000,5196199575,75.0
1552,CRS3035RES1000mN2049000E3162000,5341570554,44.0
1553,CRS3035RES1000mN2049000E3162000,5345949864,80.0
1554,CRS3035RES1000mN2049000E3162000,5448507385,
1555,CRS3035RES1000mN2049000E3162000,5604693894,73.0
1556,CRS3035RES1000mN2049000E3162000,5670401989,72.0
1557,CRS3035RES1000mN2049000E3162000,5942671299,79.0
1558,CRS3035RES1000mN2049000E3162000,5943980960,77.0
1559,CRS3035RES1000mN2049000E3162000,6185791451,
1560,CRS3035RES1000mN2049000E3162000,6188948286,70.0
1561,CRS3035RES1000mN2049000E3162000,6555800191,77.0
1562,CRS3035RES1000mN2049000E3162000,6885254479,21.0
1563,CRS3035RES1000mN2049000E3162000,7222611268,97.0
1564,CRS3035RES1000mN2049000E3162000,7408961006,113.0
1565,CRS3035RES1000mN2049000E3162000,7619964683,87.0
1566,CRS3035RES1000mN2049000E3162000,7836562695,64.0
1567,CRS3035RES1000mN2049000E3162000,8493729364,40.0
1568,CRS3035RES1000mN2049000E3162000,8557885377,73.0
1569,CRS3035RES1000mN2049000E3162000,8807212208,34.0
1570,CRS3035RES1000mN2049000E3162000,8844229173,25.0
1571,CRS3035RES1000mN2049000E3162000,8878422600,55.0
1572,CRS3035RES1000mN2049000E3162000,9595709188,22.0
1573,CRS3035RES1000mN2049000E3162000,9611387099,46.0
1574,CRS3035RES1000mN2049000E3162000,9712656915,40.0
1575,CRS3035RES1000mN2049000E3162000,9713142744,30.0
1576,CRS3035RES1000mN2049000E3162000,9815746657,99.0
1577,CRS3035RES1000mN2049000E3162000,10004871512,56.0
1578,CRS3035RES1000mN2049000E3162000,10281174134,
1579,CRS3035RES1000mN2049000E3162000,10580337411,60.0
1580,CRS3035RES1000mN2049000E3162000,10899442604,83.0
1581,CRS3035RES1000mN2049000E3162000,10922657146,80.0
1582,CRS3035RES1000mN2049000E3162000,11127499928,44.0
1583,CRS3035RES1000mN2049000E3162000,11143725881,61.0
1584,CRS3035RES1000mN2049000E3162000,11243087140,26.0
1585,CRS3035RES1000mN2049000E3162000,11269399969,49.0
1586,CRS3035RES1000mN2049000E3162000,11287269362,60.0
1587,CRS3035RES1000mN2049000E3162000,11287269363,68.0
1588,CRS3035RES1000mN2049000E3162000,11369705764,66.0
1589,CRS3035RES1000mN2049000E3162000,11387776374,65.0
1590,CRS3035RES1000mN2049000E3162000,11461799040,
1591,CRS3035RES1000mN2049000E3162000,11462802981,48.0
1592,CRS3035RES1000mN2049000E3162000,11652077658,56.0
1593,CRS3035RES1000mN2049000E3162000,11691390164,40.0
1594,CRS3035RES1000mN2049000E3162000,11739757462,65.0
1595,CRS3035RES1000mN2049000E3162000,12178446726,62.0
1596,CRS3035RES1000mN2049000E3162000,12407425114,58.0
1597,CRS3035RES1000mN2049000E3162000,12865480228,57.0
1598,CRS3035RES1000mN2049000E3162000,2960630,81.0
1599,CRS3035RES1000mN2049000E3162000,3554044,87.0
1600,CRS3035RES1000mN2049000E3162000,3557906,70.0
1601,CRS3035RES1000mN2049000E3162000,5231361,47.0
1602,CRS3035RES1000mN2049000E3162000,9314566,78.0
1603,CRS3035RES1000mN2049000E3162000,13696257,66.0
1604,CRS3035RES1000mN2049000E3162000,15996131,48.0
1605,CRS3035RES1000mN2049000E3162000,23526191,50.0
1606,CRS3035RES1000mN2049000E3162000,23545719,40.0
1607,CRS3035RES1000mN2049000E3162000,30599279,71.0
1608,CRS3035RES1000mN2049000E3162000,30649229,45.0
1609,CRS3035RES1000mN2049000E3162000,32198651,
1610,CRS3035RES1000mN2049000E3162000,34945111,72.0
1611,CRS3035RES1000mN2049000E3162000,50170625,71.0
1612,CRS3035RES1000mN2049000E3162000,82887228,64.0
1613,CRS3035RES1000mN2049000E3162000,92484952,64.0
1614,CRS3035RES1000mN2049000E3162000,95794713,60.0
1615,CRS3035RES1000mN2049000E3162000,96418670,87.0
1616,CRS3035RES1000mN2049000E3162000,98502686,51.0
1617,CRS3035RES1000mN2049000E3162000,132613257,55.0
1618,CRS3035RES1000mN2049000E3162000,135036040,62.0
1619,CRS3035RES1000mN2049000E3162000,150772489,44.0
1620,CRS3035RES1000mN2049000E3162000,154118456,69.0
1621,CRS3035RES1000mN2049000E3162000,157375776,38.0
1622,CRS3035RES1000mN2049000E3162000,158211204,75.0
1623,CRS3035RES1000mN2049000E3162000,162072415,72.0
1624,CRS3035RES1000mN2049000E3162000,162117720,65.0
1625,CRS3035RES1000mN2049000E3162000,170487273,93.0
1626,CRS3035RES1000mN2049000E3162000,172686062,77.0
1627,CRS3035RES1000mN2049000E3162000,174318235,81.0
1628,CRS3035RES1000mN2049000E3162000,174318237,78.0
1629,CRS3035RES1000mN2049000E3162000,205060159,84.0
1630,CRS3035RES1000mN2049000E3162000,205757163,
1631,CRS3035RES1000mN2049000E3162000,221095520,59.0
1632,CRS3035RES1000mN2049000E3162000,224503374,37.0
1633,CRS3035RES1000mN2049000E3162000,227333462,46.0
1634,CRS3035RES1000mN2049000E3162000,229117454,61.0
1635,CRS3035RES1000mN2049000E3162000,261460389,102.0
1636,CRS3035RES1000mN2049000E3162000,283450022,33.0
1637,CRS3035RES1000mN2049000E3162000,288994040,42.0
1638,CRS3035RES1000mN2049000E3162000,296744564,71.0
1639,CRS3035RES1000mN2049000E3162000,297526406,45.0
1640,CRS3035RES1000mN2049000E3162000,300709861,99.0
1641,CRS3035RES1000mN2049000E3162000,301444634,77.0
1642,CRS3035RES1000mN2049000E3162000,302721609,84.0
1643,CRS3035RES1000mN2049000E3162000,308195630,79.0
1644,CRS3035RES1000mN2049000E3162000,312777902,49.0
1645,CRS3035RES1000mN2049000E3162000,330154630,
1646,CRS3035RES1000mN2049000E3162000,340205456,41.0
1647,CRS3035RES1000mN2049000E3162000,367883612,69.0
1648,CRS3035RES1000mN2049000E3162000,368211943,65.0
1649,CRS3035RES1000mN2049000E3162000,374180360,64.0
1650,CRS3035RES1000mN2049000E3162000,375369499,64.0
1651,CRS3035RES1000mN2049000E3162000,383494544,17.0
1652,CRS3035RES1000mN2049000E3162000,384574591,71.0
1653,CRS3035RES1000mN2049000E3162000,403538322,69.0
1654,CRS3035RES1000mN2049000E3162000,403859503,42.0
1655,CRS3035RES1000mN2049000E3162000,437050442,81.0
1656,CRS3035RES1000mN2049000E3162000,459881697,47.0
1657,CRS3035RES1000mN2049000E3162000,477278425,88.0
1658,CRS3035RES1000mN2049000E3162000,486879235,
1659,CRS3035RES1000mN2049000E3162000,493748377,67.0
1660,CRS3035RES1000mN2049000E3162000,498234201,80.0
1661,CRS3035RES1000mN2049000E3162000,504315026,58.0
1662,CRS3035RES1000mN2049000E3162000,548701490,114.0
1663,CRS3035RES1000mN2049000E3162000,574210084,62.0
1664,CRS3035RES1000mN2049000E3162000,576094143,74.0
1665,CRS3035RES1000mN2049000E3162000,584409067,83.0
1666,CRS3035RES1000mN2049000E3162000,635512756,43.0
1667,CRS3035RES1000mN2049000E3162000,638492224,83.0
1668,CRS3035RES1000mN2049000E3162000,653913062,42.0
1669,CRS3035RES1000mN2049000E3162000,659866770,62.0
1670,CRS3035RES1000mN2049000E3162000,697717972,74.0
1671,CRS3035RES1000mN2049000E3162000,717194862,102.0
1672,CRS3035RES1000mN2049000E3162000,736899303,
1673,CRS3035RES1000mN2049000E3162000,738042217,102.0
1674,CRS3035RES1000mN2049000E3162000,839611983,114.0
1675,CRS3035RES1000mN2049000E3162000,957893520,38.0
1676,CRS3035RES1000mN2049000E3162000,963308110,60.0
1677,CRS3035RES1000mN2049000E3162000,1073283182,78.0
1678,CRS3035RES1000mN2049000E3162000,1252864015,53.0
1679,CRS3035RES1000mN2049000E3162000,1283203658,
1680,CRS3035RES1000mN2049000E3163000,25526,76.0
1681,CRS3035RES1000mN2049000E3163000,1774,60.0
1682,CRS3035RES1000mN2049000E3163000,1770,57.0
1683,CRS3035RES1000mN2049000E3163000,1773,66.0
1684,CRS3035RES1000mN2049000E3163000,1771,56.0
1685,CRS3035RES1000mN2049000E3163000,123303,79.0
1686,CRS3035RES1000mN2049000E3163000,1764,48.0
1687,CRS3035RES1000mN2049000E3163000,181101,80.0
1688,CRS3035RES1000mN2049000E3163000,5765642,78.0
1689,CRS3035RES1000mN2049000E3163000,86719,86.0
1690,CRS3035RES1000mN2049000E3163000,1800,74.0
1691,CRS3035RES1000mN2049000E3163000,1757,64.0
1692,CRS3035RES1000mN2049000E3163000,1755,70.0
1693,CRS3035RES1000mN2049000E3163000,1882,52.0
1694,CRS3035RES1000mN2049000E3163000,1745,63.0
1695,CRS3035RES1000mN2049000E3163000,1794,62.0
1696,CRS3035RES1000mN2049000E3163000,1762,51.0
1697,CRS3035RES1000mN2049000E3163000,51188,31.0
1698,CRS3035RES1000mN2049000E3163000,6893633,52.0
1699,CRS3035RES1000mN2049000E3163000,167128,62.0
1700,CRS3035RES1000mN2049000E3163000,1760,45.0
1701,CRS3035RES1000mN2049000E3163000,12773298,76.0
1702,CRS3035RES1000mN2049000E3163000,1754,84.0
1703,CRS3035RES1000mN2049000E3163000,1748,76.0
1704,CRS3035RES1000mN2049000E3163000,79941,63.0
1705,CRS3035RES1000mN2049000E3163000,1750,52.0
1706,CRS3035RES1000mN2049000E3163000,5975465,59.0
1707,CRS3035RES1000mN2049000E3163000,115056,68.0
1708,CRS3035RES1000mN2049000E3163000,1790,37.0
1709,CRS3035RES1000mN2049000E3163000,1756,77.0
1710,CRS3035RES1000mN2049000E3163000,51849,64.0
1711,CRS3035RES1000mN2049000E3163000,185595,45.0
1712,CRS3035RES1000mN2049000E3163000,7697128,47.0
1713,CRS3035RES1000mN2049000E3163000,10395362,45.0
1714,CRS3035RES1000mN2049000E3163000,1759,34.0
1715,CRS3035RES1000mN2049000E3163000,1752,55.0
1716,CRS3035RES1000mN2049000E3163000,186714,60.0
1717,CRS3035RES1000mN2049000E3163000,1753,69.0
1718,CRS3035RES1000mN2049000E3163000,1792,74.0
1719,CRS3035RES1000mN2049000E3163000,1763,69.0
1720,CRS3035RES1000mN2049000E3163000,1746,71.0
1721,CRS3035RES1000mN2049000E3163000,11572165,76.0
1722,CRS3035RES1000mN2049000E3163000,1761,64.0
1723,CRS3035RES1000mN2049000E3163000,1747,67.0
1724,CRS3035RES1000mN2049000E3163000,5768564,67.0
1725,CRS3035RES1000mN2049000E3163000,1798,57.0
1726,CRS3035RES1000mN2049000E3163000,66904,28.0
1727,CRS3035RES1000mN2049000E3163000,1777,43.0
1728,CRS3035RES1000mN2049000E3163000,1765,54.0
1729,CRS3035RES1000mN2049000E3163000,49416,76.0
1730,CRS3035RES1000mN2049000E3163000,12734939,76.0
1731,CRS3035RES1000mN2049000E3163000,167386167,50.0
1732,CRS3035RES1000mN2049000E3163000,295933804,67.0
1733,CRS3035RES1000mN2049000E3163000,303340017,60.0
1734,CRS3035RES1000mN2049000E3163000,315355551,87.0
1735,CRS3035RES1000mN2049000E3163000,339084977,63.0
1736,CRS3035RES1000mN2049000E3163000,412911553,56.0
1737,CRS3035RES1000mN2049000E3163000,558126037,83.0
1738,CRS3035RES1000mN2049000E3163000,711789768,114.0
1739,CRS3035RES1000mN2049000E3163000,727666062,
1740,CRS3035RES1000mN2049000E3163000,848085869,87.0
1741,CRS3035RES1000mN2049000E3163000,1056098898,55.0
1742,CRS3035RES1000mN2049000E3163000,1255438242,91.0
1743,CRS3035RES1000mN2049000E3163000,1469985039,85.0
1744,CRS3035RES1000mN2049000E3163000,1504302537,94.0
1745,CRS3035RES1000mN2049000E3163000,1511617504,100.0
1746,CRS3035RES1000mN2049000E3163000,1541601287,80.0
1747,CRS3035RES1000mN2049000E3163000,1544591296,36.0
1748,CRS3035RES1000mN2049000E3163000,1598174183,78.0
1749,CRS3035RES1000mN2049000E3163000,1629887846,74.0
1750,CRS3035RES1000mN2049000E3163000,1686660176,72.0
1751,CRS3035RES1000mN2049000E3163000,1716927336,93.0
1752,CRS3035RES1000mN2049000E3163000,1734554324,91.0
1753,CRS3035RES1000mN2049000E3163000,1849109335,65.0
1754,CRS3035RES1000mN2049000E3163000,2028408680,112.0
1755,CRS3035RES1000mN2049000E3163000,2036887702,
1756,CRS3035RES1000mN2049000E3163000,2061404218,16.0
1757,CRS3035RES1000mN2049000E3163000,2134238030,93.0
1758,CRS3035RES1000mN2049000E3163000,2261600754,
1759,CRS3035RES1000mN2049000E3163000,2301402027,83.0
1760,CRS3035RES1000mN2049000E3163000,2303966810,113.0
1761,CRS3035RES1000mN2049000E3163000,2312029862,74.0
1762,CRS3035RES1000mN2049000E3163000,2408860250,82.0
1763,CRS3035RES1000mN2049000E3163000,2620185829,55.0
1764,CRS3035RES1000mN2049000E3163000,2622508931,61.0
1765,CRS3035RES1000mN2049000E3163000,2672130951,
1766,CRS3035RES1000mN2049000E3163000,2710518818,84.0
1767,CRS3035RES1000mN2049000E3163000,3034026261,
1768,CRS3035RES1000mN2049000E3163000,3179889751,101.0
1769,CRS3035RES1000mN2049000E3163000,3206611978,
1770,CRS3035RES1000mN2049000E3163000,3272828439,102.0
1771,CRS3035RES1000mN2049000E3163000,3452364276,74.0
1772,CRS3035RES1000mN2049000E3163000,3452364277,47.0
1773,CRS3035RES1000mN2049000E3163000,3495733197,
1774,CRS3035RES1000mN2049000E3163000,3497154853,
1775,CRS3035RES1000mN2049000E3163000,3517755445,
1776,CRS3035RES1000mN2049000E3163000,3522125657,
1777,CRS3035RES1000mN2049000E3163000,3526751794,88.0
1778,CRS3035RES1000mN2049000E3163000,3839306060,74.0
1779,CRS3035RES1000mN2049000E3163000,4214697664,59.0
1780,CRS3035RES1000mN2049000E3163000,4338252586,76.0
1781,CRS3035RES1000mN2049000E3163000,4401271633,
1782,CRS3035RES1000mN2049000E3163000,4515476768,
1783,CRS3035RES1000mN2049000E3163000,4569910891,52.0
1784,CRS3035RES1000mN2049000E3163000,4703730491,79.0
1785,CRS3035RES1000mN2049000E3163000,4707870392,82.0
1786,CRS3035RES1000mN2049000E3163000,4789037769,116.0
1787,CRS3035RES1000mN2049000E3163000,4794233143,76.0
1788,CRS3035RES1000mN2049000E3163000,4870405674,69.0
1789,CRS3035RES1000mN2049000E3163000,5139379922,99.0
1790,CRS3035RES1000mN2049000E3163000,5160337425,55.0
1791,CRS3035RES1000mN2049000E3163000,5196199575,90.0
1792,CRS3035RES1000mN2049000E3163000,5341570554,60.0
1793,CRS3035RES1000mN2049000E3163000,5345949864,81.0
1794,CRS3035RES1000mN2049000E3163000,5448507385,
1795,CRS3035RES1000mN2049000E3163000,5604693894,73.0
1796,CRS3035RES1000mN2049000E3163000,5670401989,88.0
1797,CRS3035RES1000mN2049000E3163000,5942671299,88.0
1798,CRS3035RES1000mN2049000E3163000,5943980960,93.0
1799,CRS3035RES1000mN2049000E3163000,6185791451,
1800,CRS3035RES1000mN2049000E3163000,6188948286,86.0
1801,CRS3035RES1000mN2049000E3163000,6555800191,92.0
1802,CRS3035RES1000mN2049000E3163000,6885254479,38.0
1803,CRS3035RES1000mN2049000E3163000,7222611268,119.0
1804,CRS3035RES1000mN2049000E3163000,7408961006,114.0
1805,CRS3035RES1000mN2049000E3163000,7619964683,87.0
1806,CRS3035RES1000mN2049000E3163000,7836562695,64.0
1807,CRS3035RES1000mN2049000E3163000,8493729364,56.0
1808,CRS3035RES1000mN2049000E3163000,8557885377,76.0
1809,CRS3035RES1000mN2049000E3163000,8807212208,49.0
1810,CRS3035RES1000mN2049000E3163000,8844229173,41.0
1811,CRS3035RES1000mN2049000E3163000,8878422600,68.0
1812,CRS3035RES1000mN2049000E3163000,9595709188,38.0
1813,CRS3035RES1000mN2049000E3163000,9611387099,62.0
1814,CRS3035RES1000mN2049000E3163000,9712656915,56.0
1815,CRS3035RES1000mN2049000E3163000,9713142744,46.0
1816,CRS3035RES1000mN2049000E3163000,9815746657,
1817,CRS3035RES1000mN2049000E3163000,10004871512,80.0
1818,CRS3035RES1000mN2049000E3163000,10281174134,
1819,CRS3035RES1000mN2049000E3163000,10580337411,78.0
1820,CRS3035RES1000mN2049000E3163000,10899442604,104.0
1821,CRS3035RES1000mN2049000E3163000,10922657146,99.0
1822,CRS3035RES1000mN2049000E3163000,11127499928,55.0
1823,CRS3035RES1000mN2049000E3163000,11143725881,68.0
1824,CRS3035RES1000mN2049000E3163000,11243087140,33.0
1825,CRS3035RES1000mN2049000E3163000,11269399969,66.0
1826,CRS3035RES1000mN2049000E3163000,11287269362,79.0
1827,CRS3035RES1000mN2049000E3163000,11287269363,86.0
1828,CRS3035RES1000mN2049000E3163000,11369705764,87.0
1829,CRS3035RES1000mN2049000E3163000,11387776374,84.0
1830,CRS3035RES1000mN2049000E3163000,11461799040,
1831,CRS3035RES1000mN2049000E3163000,11462802981,70.0
1832,CRS3035RES1000mN2049000E3163000,11652077658,70.0
1833,CRS3035RES1000mN2049000E3163000,11691390164,55.0
1834,CRS3035RES1000mN2049000E3163000,11739757462,85.0
1835,CRS3035RES1000mN2049000E3163000,12178446726,78.0
1836,CRS3035RES1000mN2049000E3163000,12407425114,75.0
1837,CRS3035RES1000mN2049000E3163000,12865480228,75.0
1838,CRS3035RES1000mN2049000E3163000,2960630,95.0
1839,CRS3035RES1000mN2049000E3163000,3554044,103.0
1840,CRS3035RES1000mN2049000E3163000,3557906,93.0
1841,CRS3035RES1000mN2049000E3163000,5231361,63.0
1842,CRS3035RES1000mN2049000E3163000,9314566,100.0
1843,CRS3035RES1000mN2049000E3163000,13696257,91.0
1844,CRS3035RES1000mN2049000E3163000,15996131,64.0
1845,CRS3035RES1000mN2049000E3163000,23526191,66.0
1846,CRS3035RES1000mN2049000E3163000,23545719,56.0
1847,CRS3035RES1000mN2049000E3163000,30599279,87.0
1848,CRS3035RES1000mN2049000E3163000,30649229,60.0
1849,CRS3035RES1000mN2049000E3163000,32198651,
1850,CRS3035RES1000mN2049000E3163000,34945111,93.0
1851,CRS3035RES1000mN2049000E3163000,50170625,88.0
1852,CRS3035RES1000mN2049000E3163000,82887228,64.0
1853,CRS3035RES1000mN2049000E3163000,92484952,91.0
1854,CRS3035RES1000mN2049000E3163000,95794713,74.0
1855,CRS3035RES1000mN2049000E3163000,96418670,108.0
1856,CRS3035RES1000mN2049000E3163000,98502686,66.0
1857,CRS3035RES1000mN2049000E3163000,132613257,71.0
1858,CRS3035RES1000mN2049000E3163000,135036040,72.0
1859,CRS3035RES1000mN2049000E3163000,150772489,60.0
1860,CRS3035RES1000mN2049000E3163000,154118456,84.0
1861,CRS3035RES1000mN2049000E3163000,157375776,52.0
1862,CRS3035RES1000mN2049000E3163000,158211204,89.0
1863,CRS3035RES1000mN2049000E3163000,162072415,87.0
1864,CRS3035RES1000mN2049000E3163000,162117720,73.0
1865,CRS3035RES1000mN2049000E3163000,170487273,108.0
1866,CRS3035RES1000mN2049000E3163000,172686062,91.0
1867,CRS3035RES1000mN2049000E3163000,174318235,93.0
1868,CRS3035RES1000mN2049000E3163000,174318237,97.0
1869,CRS3035RES1000mN2049000E3163000,205060159,88.0
1870,CRS3035RES1000mN2049000E3163000,205757163,
1871,CRS3035RES1000mN2049000E3163000,221095520,81.0
1872,CRS3035RES1000mN2049000E3163000,224503374,53.0
1873,CRS3035RES1000mN2049000E3163000,227333462,60.0
1874,CRS3035RES1000mN2049000E3163000,229117454,67.0
1875,CRS3035RES1000mN2049000E3163000,261460389,102.0
1876,CRS3035RES1000mN2049000E3163000,283450022,49.0
1877,CRS3035RES1000mN2049000E3163000,288994040,59.0
1878,CRS3035RES1000mN2049000E3163000,296744564,91.0
1879,CRS3035RES1000mN2049000E3163000,297526406,49.0
1880,CRS3035RES1000mN2049000E3163000,300709861,114.0
1881,CRS3035RES1000mN2049000E3163000,301444634,86.0
1882,CRS3035RES1000mN2049000E3163000,302721609,102.0
1883,CRS3035RES1000mN2049000E3163000,308195630,82.0
1884,CRS3035RES1000mN2049000E3163000,312777902,65.0
1885,CRS3035RES1000mN2049000E3163000,330154630,
1886,CRS3035RES1000mN2049000E3163000,340205456,56.0
1887,CRS3035RES1000mN2049000E3163000,367883612,69.0
1888,CRS3035RES1000mN2049000E3163000,368211943,77.0
1889,CRS3035RES1000mN2049000E3163000,374180360,81.0
1890,CRS3035RES1000mN2049000E3163000,375369499,78.0
1891,CRS3035RES1000mN2049000E3163000,383494544,33.0
1892,CRS3035RES1000mN2049000E3163000,384574591,94.0
1893,CRS3035RES1000mN2049000E3163000,403538322,88.0
1894,CRS3035RES1000mN2049000E3163000,403859503,58.0
1895,CRS3035RES1000mN2049000E3163000,437050442,102.0
1896,CRS3035RES1000mN2049000E3163000,459881697,61.0
1897,CRS3035RES1000mN2049000E3163000,477278425,109.0
1898,CRS3035RES1000mN2049000E3163000,486879235,
1899,CRS3035RES1000mN2049000E3163000,493748377,83.0
1900,CRS3035RES1000mN2049000E3163000,498234201,100.0
1901,CRS3035RES1000mN2049000E3163000,504315026,76.0
1902,CRS3035RES1000mN2049000E3163000,548701490,
1903,CRS3035RES1000mN2049000E3163000,574210084,65.0
1904,CRS3035RES1000mN2049000E3163000,576094143,87.0
1905,CRS3035RES1000mN2049000E3163000,584409067,103.0
1906,CRS3035RES1000mN2049000E3163000,635512756,49.0
1907,CRS3035RES1000mN2049000E3163000,638492224,105.0
1908,CRS3035RES1000mN2049000E3163000,653913062,57.0
1909,CRS3035RES1000mN2049000E3163000,659866770,62.0
1910,CRS3035RES1000mN2049000E3163000,697717972,91.0
1911,CRS3035RES1000mN2049000E3163000,717194862,102.0
1912,CRS3035RES1000mN2049000E3163000,736899303,
1913,CRS3035RES1000mN2049000E3163000,738042217,106.0
1914,CRS3035RES1000mN2049000E3163000,839611983,114.0
1915,CRS3035RES1000mN2049000E3163000,957893520,53.0
1916,CRS3035RES1000mN2049000E3163000,963308110,81.0
1917,CRS3035RES1000mN2049000E3163000,1073283182,94.0
1918,CRS3035RES1000mN2049000E3163000,1252864015,78.0
1919,CRS3035RES1000mN2049000E3163000,1283203658,
1920,CRS3035RES1000mN2050000E3158000,25526,
1921,CRS3035RES1000mN2050000E3158000,1774,
1922,CRS3035RES1000mN2050000E3158000,1770,
1923,CRS3035RES1000mN2050000E3158000,1773,
1924,CRS3035RES1000mN2050000E3158000,1771,
1925,CRS3035RES1000mN2050000E3158000,123303,
1926,CRS3035RES1000mN2050000E3158000,1764,119.0
1927,CRS3035RES1000mN2050000E3158000,181101,
1928,CRS3035RES1000mN2050000E3158000,5765642,
1929,CRS3035RES1000mN2050000E3158000,86719,
1930,CRS3035RES1000mN2050000E3158000,1800,
1931,CRS3035RES1000mN2050000E3158000,1757,
1932,CRS3035RES1000mN2050000E3158000,1755,
1933,CRS3035RES1000mN2050000E3158000,1882,
1934,CRS3035RES1000mN2050000E3158000,1745,
1935,CRS3035RES1000mN2050000E3158000,1794,
1936,CRS3035RES1000mN2050000E3158000,1762,
1937,CRS3035RES1000mN2050000E3158000,51188,105.0
1938,CRS3035RES1000mN2050000E3158000,6893633,
1939,CRS3035RES1000mN2050000E3158000,167128,
1940,CRS3035RES1000mN2050000E3158000,1760,118.0
1941,CRS3035RES1000mN2050000E3158000,12773298,
1942,CRS3035RES1000mN2050000E3158000,1754,
1943,CRS3035RES1000mN2050000E3158000,1748,
1944,CRS3035RES1000mN2050000E3158000,79941,
1945,CRS3035RES1000mN2050000E3158000,1750,
1946,CRS3035RES1000mN2050000E3158000,5975465,
1947,CRS3035RES1000mN2050000E3158000,115056,
1948,CRS3035RES1000mN2050000E3158000,1790,110.0
1949,CRS3035RES1000mN2050000E3158000,1756,
1950,CRS3035RES1000mN2050000E3158000,51849,
1951,CRS3035RES1000mN2050000E3158000,185595,118.0
1952,CRS3035RES1000mN2050000E3158000,7697128,118.0
1953,CRS3035RES1000mN2050000E3158000,10395362,
1954,CRS3035RES1000mN2050000E3158000,1759,107.0
1955,CRS3035RES1000mN2050000E3158000,1752,
1956,CRS3035RES1000mN2050000E3158000,186714,
1957,CRS3035RES1000mN2050000E3158000,1753,
1958,CRS3035RES1000mN2050000E3158000,1792,
1959,CRS3035RES1000mN2050000E3158000,1763,
1960,CRS3035RES1000mN2050000E3158000,1746,
1961,CRS3035RES1000mN2050000E3158000,11572165,
1962,CRS3035RES1000mN2050000E3158000,1761,
1963,CRS3035RES1000mN2050000E3158000,1747,
1964,CRS3035RES1000mN2050000E3158000,5768564,
1965,CRS3035RES1000mN2050000E3158000,1798,
1966,CRS3035RES1000mN2050000E3158000,66904,101.0
1967,CRS3035RES1000mN2050000E3158000,1777,113.0
1968,CRS3035RES1000mN2050000E3158000,1765,
1969,CRS3035RES1000mN2050000E3158000,49416,
1970,CRS3035RES1000mN2050000E3158000,12734939,
1971,CRS3035RES1000mN2050000E3158000,167386167,117.0
1972,CRS3035RES1000mN2050000E3158000,295933804,
1973,CRS3035RES1000mN2050000E3158000,303340017,
1974,CRS3035RES1000mN2050000E3158000,315355551,
1975,CRS3035RES1000mN2050000E3158000,339084977,
1976,CRS3035RES1000mN2050000E3158000,412911553,
1977,CRS3035RES1000mN2050000E3158000,558126037,
1978,CRS3035RES1000mN2050000E3158000,711789768,
1979,CRS3035RES1000mN2050000E3158000,727666062,
1980,CRS3035RES1000mN2050000E3158000,848085869,
1981,CRS3035RES1000mN2050000E3158000,1056098898,
1982,CRS3035RES1000mN2050000E3158000,1255438242,
1983,CRS3035RES1000mN2050000E3158000,1469985039,
1984,CRS3035RES1000mN2050000E3158000,1504302537,
1985,CRS3035RES1000mN2050000E3158000,1511617504,
1986,CRS3035RES1000mN2050000E3158000,1541601287,
1987,CRS3035RES1000mN2050000E3158000,1544591296,90.0
1988,CRS3035RES1000mN2050000E3158000,1598174183,
1989,CRS3035RES1000mN2050000E3158000,1629887846,
1990,CRS3035RES1000mN2050000E3158000,1686660176,
1991,CRS3035RES1000mN2050000E3158000,1716927336,
1992,CRS3035RES1000mN2050000E3158000,1734554324,
1993,CRS3035RES1000mN2050000E3158000,1849109335,
1994,CRS3035RES1000mN2050000E3158000,2028408680,
1995,CRS3035RES1000mN2050000E3158000,2036887702,
1996,CRS3035RES1000mN2050000E3158000,2061404218,92.0
1997,CRS3035RES1000mN2050000E3158000,2134238030,
1998,CRS3035RES1000mN2050000E3158000,2261600754,
1999,CRS3035RES1000mN2050000E3158000,2301402027,
2000,CRS3035RES1000mN2050000E3158000,2303966810,
2001,CRS3035RES1000mN2050000E3158000,2312029862,
2002,CRS3035RES1000mN2050000E3158000,2408860250,
2003,CRS3035RES1000mN2050000E3158000,2620185829,
2004,CRS3035RES1000mN2050000E3158000,2622508931,
2005,CRS3035RES1000mN2050000E3158000,2672130951,
2006,CRS3035RES1000mN2050000E3158000,2710518818,
2007,CRS3035RES1000mN2050000E3158000,3034026261,
2008,CRS3035RES1000mN2050000E3158000,3179889751,
2009,CRS3035RES1000mN2050000E3158000,3206611978,
2010,CRS3035RES1000mN2050000E3158000,3272828439,
2011,CRS3035RES1000mN2050000E3158000,3452364276,
2012,CRS3035RES1000mN2050000E3158000,3452364277,
2013,CRS3035RES1000mN2050000E3158000,3495733197,
2014,CRS3035RES1000mN2050000E3158000,3497154853,
2015,CRS3035RES1000mN2050000E3158000,3517755445,
2016,CRS3035RES1000mN2050000E3158000,3522125657,
2017,CRS3035RES1000mN2050000E3158000,3526751794,
2018,CRS3035RES1000mN2050000E3158000,3839306060,
2019,CRS3035RES1000mN2050000E3158000,4214697664,
2020,CRS3035RES1000mN2050000E3158000,4338252586,
2021,CRS3035RES1000mN2050000E3158000,4401271633,
2022,CRS3035RES1000mN2050000E3158000,4515476768,
2023,CRS3035RES1000mN2050000E3158000,4569910891,
2024,CRS3035RES1000mN2050000E3158000,4703730491,
2025,CRS3035RES1000mN2050000E3158000,4707870392,
2026,CRS3035RES1000mN2050000E3158000,4789037769,
2027,CRS3035RES1000mN2050000E3158000,4794233143,
2028,CRS3035RES1000mN2050000E3158000,4870405674,
2029,CRS3035RES1000mN2050000E3158000,5139379922,
2030,CRS3035RES1000mN2050000E3158000,5160337425,
2031,CRS3035RES1000mN2050000E3158000,5196199575,
2032,CRS3035RES1000mN2050000E3158000,5341570554,
2033,CRS3035RES1000mN2050000E3158000,5345949864,
2034,CRS3035RES1000mN2050000E3158000,5448507385,
2035,CRS3035RES1000mN2050000E3158000,5604693894,
2036,CRS3035RES1000mN2050000E3158000,5670401989,
2037,CRS3035RES1000mN2050000E3158000,5942671299,
2038,CRS3035RES1000mN2050000E3158000,5943980960,
2039,CRS3035RES1000mN2050000E3158000,6185791451,
2040,CRS3035RES1000mN2050000E3158000,6188948286,
2041,CRS3035RES1000mN2050000E3158000,6555800191,
2042,CRS3035RES1000mN2050000E3158000,6885254479,95.0
2043,CRS3035RES1000mN2050000E3158000,7222611268,
2044,CRS3035RES1000mN2050000E3158000,7408961006,
2045,CRS3035RES1000mN2050000E3158000,7619964683,
2046,CRS3035RES1000mN2050000E3158000,7836562695,
2047,CRS3035RES1000mN2050000E3158000,8493729364,
2048,CRS3035RES1000mN2050000E3158000,8557885377,
2049,CRS3035RES1000mN2050000E3158000,8807212208,
2050,CRS3035RES1000mN2050000E3158000,8844229173,113.0
2051,CRS3035RES1000mN2050000E3158000,8878422600,
2052,CRS3035RES1000mN2050000E3158000,9595709188,110.0
2053,CRS3035RES1000mN2050000E3158000,9611387099,
2054,CRS3035RES1000mN2050000E3158000,9712656915,
2055,CRS3035RES1000mN2050000E3158000,9713142744,114.0
2056,CRS3035RES1000mN2050000E3158000,9815746657,
2057,CRS3035RES1000mN2050000E3158000,10004871512,
2058,CRS3035RES1000mN2050000E3158000,10281174134,
2059,CRS3035RES1000mN2050000E3158000,10580337411,
2060,CRS3035RES1000mN2050000E3158000,10899442604,
2061,CRS3035RES1000mN2050000E3158000,10922657146,
2062,CRS3035RES1000mN2050000E3158000,11127499928,119.0
2063,CRS3035RES1000mN2050000E3158000,11143725881,
2064,CRS3035RES1000mN2050000E3158000,11243087140,95.0
2065,CRS3035RES1000mN2050000E3158000,11269399969,
2066,CRS3035RES1000mN2050000E3158000,11287269362,
2067,CRS3035RES1000mN2050000E3158000,11287269363,
2068,CRS3035RES1000mN2050000E3158000,11369705764,
2069,CRS3035RES1000mN2050000E3158000,11387776374,
2070,CRS3035RES1000mN2050000E3158000,11461799040,
2071,CRS3035RES1000mN2050000E3158000,11462802981,
2072,CRS3035RES1000mN2050000E3158000,11652077658,
2073,CRS3035RES1000mN2050000E3158000,11691390164,
2074,CRS3035RES1000mN2050000E3158000,11739757462,
2075,CRS3035RES1000mN2050000E3158000,12178446726,
2076,CRS3035RES1000mN2050000E3158000,12407425114,
2077,CRS3035RES1000mN2050000E3158000,12865480228,
2078,CRS3035RES1000mN2050000E3158000,2960630,
2079,CRS3035RES1000mN2050000E3158000,3554044,
2080,CRS3035RES1000mN2050000E3158000,3557906,
2081,CRS3035RES1000mN2050000E3158000,5231361,
2082,CRS3035RES1000mN2050000E3158000,9314566,
2083,CRS3035RES1000mN2050000E3158000,13696257,
2084,CRS3035RES1000mN2050000E3158000,15996131,
2085,CRS3035RES1000mN2050000E3158000,23526191,
2086,CRS3035RES1000mN2050000E3158000,23545719,
2087,CRS3035RES1000mN2050000E3158000,30599279,
2088,CRS3035RES1000mN2050000E3158000,30649229,
2089,CRS3035RES1000mN2050000E3158000,32198651,
2090,CRS3035RES1000mN2050000E3158000,34945111,
2091,CRS3035RES1000mN2050000E3158000,50170625,
2092,CRS3035RES1000mN2050000E3158000,82887228,
2093,CRS3035RES1000mN2050000E3158000,92484952,
2094,CRS3035RES1000mN2050000E3158000,95794713,
2095,CRS3035RES1000mN2050000E3158000,96418670,
2096,CRS3035RES1000mN2050000E3158000,98502686,
2097,CRS3035RES1000mN2050000E3158000,132613257,
2098,CRS3035RES1000mN2050000E3158000,135036040,
2099,CRS3035RES1000mN2050000E3158000,150772489,
2100,CRS3035RES1000mN2050000E3158000,154118456,
2101,CRS3035RES1000mN2050000E3158000,157375776,110.0
2102,CRS3035RES1000mN2050000E3158000,158211204,
2103,CRS3035RES1000mN2050000E3158000,162072415,
2104,CRS3035RES1000mN2050000E3158000,162117720,
2105,CRS3035RES1000mN2050000E3158000,170487273,
2106,CRS3035RES1000mN2050000E3158000,172686062,
2107,CRS3035RES1000mN2050000E3158000,174318235,
2108,CRS3035RES1000mN2050000E3158000,174318237,
2109,CRS3035RES1000mN2050000E3158000,205060159,
2110,CRS3035RES1000mN2050000E3158000,205757163,
2111,CRS3035RES1000mN2050000E3158000,221095520,
2112,CRS3035RES1000mN2050000E3158000,224503374,
2113,CRS3035RES1000mN2050000E3158000,227333462,
2114,CRS3035RES1000mN2050000E3158000,229117454,
2115,CRS3035RES1000mN2050000E3158000,261460389,
2116,CRS3035RES1000mN2050000E3158000,283450022,
2117,CRS3035RES1000mN2050000E3158000,288994040,
2118,CRS3035RES1000mN2050000E3158000,296744564,
2119,CRS3035RES1000mN2050000E3158000,297526406,116.0
2120,CRS3035RES1000mN2050000E3158000,300709861,
2121,CRS3035RES1000mN2050000E3158000,301444634,
2122,CRS3035RES1000mN2050000E3158000,302721609,
2123,CRS3035RES1000mN2050000E3158000,308195630,
2124,CRS3035RES1000mN2050000E3158000,312777902,
2125,CRS3035RES1000mN2050000E3158000,330154630,
2126,CRS3035RES1000mN2050000E3158000,340205456,
2127,CRS3035RES1000mN2050000E3158000,367883612,
2128,CRS3035RES1000mN2050000E3158000,368211943,
2129,CRS3035RES1000mN2050000E3158000,374180360,
2130,CRS3035RES1000mN2050000E3158000,375369499,
2131,CRS3035RES1000mN2050000E3158000,383494544,106.0
2132,CRS3035RES1000mN2050000E3158000,384574591,
2133,CRS3035RES1000mN2050000E3158000,403538322,
2134,CRS3035RES1000mN2050000E3158000,403859503,
2135,CRS3035RES1000mN2050000E3158000,437050442,
2136,CRS3035RES1000mN2050000E3158000,459881697,
2137,CRS3035RES1000mN2050000E3158000,477278425,
2138,CRS3035RES1000mN2050000E3158000,486879235,
2139,CRS3035RES1000mN2050000E3158000,493748377,
2140,CRS3035RES1000mN2050000E3158000,498234201,
2141,CRS3035RES1000mN2050000E3158000,504315026,
2142,CRS3035RES1000mN2050000E3158000,548701490,
2143,CRS3035RES1000mN2050000E3158000,574210084,
2144,CRS3035RES1000mN2050000E3158000,576094143,
2145,CRS3035RES1000mN2050000E3158000,584409067,
2146,CRS3035RES1000mN2050000E3158000,635512756,
2147,CRS3035RES1000mN2050000E3158000,638492224,
2148,CRS3035RES1000mN2050000E3158000,653913062,
2149,CRS3035RES1000mN2050000E3158000,659866770,
2150,CRS3035RES1000mN2050000E3158000,697717972,
2151,CRS3035RES1000mN2050000E3158000,717194862,
2152,CRS3035RES1000mN2050000E3158000,736899303,
2153,CRS3035RES1000mN2050000E3158000,738042217,
2154,CRS3035RES1000mN2050000E3158000,839611983,
2155,CRS3035RES1000mN2050000E3158000,957893520,
2156,CRS3035RES1000mN2050000E3158000,963308110,
2157,CRS3035RES1000mN2050000E3158000,1073283182,
2158,CRS3035RES1000mN2050000E3158000,1252864015,
2159,CRS3035RES1000mN2050000E3158000,1283203658,
2160,CRS3035RES1000mN2050000E3159000,25526,
2161,CRS3035RES1000mN2050000E3159000,1774,105.0
2162,CRS3035RES1000mN2050000E3159000,1770,102.0
2163,CRS3035RES1000mN2050000E3159000,1773,112.0
2164,CRS3035RES1000mN2050000E3159000,1771,103.0
2165,CRS3035RES1000mN2050000E3159000,123303,
2166,CRS3035RES1000mN2050000E3159000,1764,94.0
2167,CRS3035RES1000mN2050000E3159000,181101,
2168,CRS3035RES1000mN2050000E3159000,5765642,
2169,CRS3035RES1000mN2050000E3159000,86719,
2170,CRS3035RES1000mN2050000E3159000,1800,
2171,CRS3035RES1000mN2050000E3159000,1757,111.0
2172,CRS3035RES1000mN2050000E3159000,1755,116.0
2173,CRS3035RES1000mN2050000E3159000,1882,99.0
2174,CRS3035RES1000mN2050000E3159000,1745,105.0
2175,CRS3035RES1000mN2050000E3159000,1794,108.0
2176,CRS3035RES1000mN2050000E3159000,1762,97.0
2177,CRS3035RES1000mN2050000E3159000,51188,77.0
2178,CRS3035RES1000mN2050000E3159000,6893633,99.0
2179,CRS3035RES1000mN2050000E3159000,167128,109.0
2180,CRS3035RES1000mN2050000E3159000,1760,92.0
2181,CRS3035RES1000mN2050000E3159000,12773298,115.0
2182,CRS3035RES1000mN2050000E3159000,1754,
2183,CRS3035RES1000mN2050000E3159000,1748,116.0
2184,CRS3035RES1000mN2050000E3159000,79941,110.0
2185,CRS3035RES1000mN2050000E3159000,1750,97.0
2186,CRS3035RES1000mN2050000E3159000,5975465,105.0
2187,CRS3035RES1000mN2050000E3159000,115056,114.0
2188,CRS3035RES1000mN2050000E3159000,1790,83.0
2189,CRS3035RES1000mN2050000E3159000,1756,
2190,CRS3035RES1000mN2050000E3159000,51849,110.0
2191,CRS3035RES1000mN2050000E3159000,185595,90.0
2192,CRS3035RES1000mN2050000E3159000,7697128,93.0
2193,CRS3035RES1000mN2050000E3159000,10395362,93.0
2194,CRS3035RES1000mN2050000E3159000,1759,80.0
2195,CRS3035RES1000mN2050000E3159000,1752,102.0
2196,CRS3035RES1000mN2050000E3159000,186714,106.0
2197,CRS3035RES1000mN2050000E3159000,1753,115.0
2198,CRS3035RES1000mN2050000E3159000,1792,112.0
2199,CRS3035RES1000mN2050000E3159000,1763,114.0
2200,CRS3035RES1000mN2050000E3159000,1746,117.0
2201,CRS3035RES1000mN2050000E3159000,11572165,
2202,CRS3035RES1000mN2050000E3159000,1761,110.0
2203,CRS3035RES1000mN2050000E3159000,1747,113.0
2204,CRS3035RES1000mN2050000E3159000,5768564,114.0
2205,CRS3035RES1000mN2050000E3159000,1798,103.0
2206,CRS3035RES1000mN2050000E3159000,66904,74.0
2207,CRS3035RES1000mN2050000E3159000,1777,89.0
2208,CRS3035RES1000mN2050000E3159000,1765,99.0
2209,CRS3035RES1000mN2050000E3159000,49416,113.0
2210,CRS3035RES1000mN2050000E3159000,12734939,113.0
2211,CRS3035RES1000mN2050000E3159000,167386167,96.0
2212,CRS3035RES1000mN2050000E3159000,295933804,113.0
2213,CRS3035RES1000mN2050000E3159000,303340017,107.0
2214,CRS3035RES1000mN2050000E3159000,315355551,
2215,CRS3035RES1000mN2050000E3159000,339084977,110.0
2216,CRS3035RES1000mN2050000E3159000,412911553,101.0
2217,CRS3035RES1000mN2050000E3159000,558126037,
2218,CRS3035RES1000mN2050000E3159000,711789768,
2219,CRS3035RES1000mN2050000E3159000,727666062,
2220,CRS3035RES1000mN2050000E3159000,848085869,
2221,CRS3035RES1000mN2050000E3159000,1056098898,101.0
2222,CRS3035RES1000mN2050000E3159000,1255438242,
2223,CRS3035RES1000mN2050000E3159000,1469985039,
2224,CRS3035RES1000mN2050000E3159000,1504302537,
2225,CRS3035RES1000mN2050000E3159000,1511617504,
2226,CRS3035RES1000mN2050000E3159000,1541601287,
2227,CRS3035RES1000mN2050000E3159000,1544591296,70.0
2228,CRS3035RES1000mN2050000E3159000,1598174183,114.0
2229,CRS3035RES1000mN2050000E3159000,1629887846,119.0
2230,CRS3035RES1000mN2050000E3159000,1686660176,119.0
2231,CRS3035RES1000mN2050000E3159000,1716927336,
2232,CRS3035RES1000mN2050000E3159000,1734554324,
2233,CRS3035RES1000mN2050000E3159000,1849109335,112.0
2234,CRS3035RES1000mN2050000E3159000,2028408680,
2235,CRS3035RES1000mN2050000E3159000,2036887702,
2236,CRS3035RES1000mN2050000E3159000,2061404218,74.0
2237,CRS3035RES1000mN2050000E3159000,2134238030,
2238,CRS3035RES1000mN2050000E3159000,2261600754,
2239,CRS3035RES1000mN2050000E3159000,2301402027,
2240,CRS3035RES1000mN2050000E3159000,2303966810,
2241,CRS3035RES1000mN2050000E3159000,2312029862,117.0
2242,CRS3035RES1000mN2050000E3159000,2408860250,
2243,CRS3035RES1000mN2050000E3159000,2620185829,101.0
2244,CRS3035RES1000mN2050000E3159000,2622508931,107.0
2245,CRS3035RES1000mN2050000E3159000,2672130951,
2246,CRS3035RES1000mN2050000E3159000,2710518818,
2247,CRS3035RES1000mN2050000E3159000,3034026261,
2248,CRS3035RES1000mN2050000E3159000,3179889751,
2249,CRS3035RES1000mN2050000E3159000,3206611978,
2250,CRS3035RES1000mN2050000E3159000,3272828439,
2251,CRS3035RES1000mN2050000E3159000,3452364276,118.0
2252,CRS3035RES1000mN2050000E3159000,3452364277,94.0
2253,CRS3035RES1000mN2050000E3159000,3495733197,
2254,CRS3035RES1000mN2050000E3159000,3497154853,
2255,CRS3035RES1000mN2050000E3159000,3517755445,
2256,CRS3035RES1000mN2050000E3159000,3522125657,
2257,CRS3035RES1000mN2050000E3159000,3526751794,
2258,CRS3035RES1000mN2050000E3159000,3839306060,116.0
2259,CRS3035RES1000mN2050000E3159000,4214697664,105.0
2260,CRS3035RES1000mN2050000E3159000,4338252586,
2261,CRS3035RES1000mN2050000E3159000,4401271633,
2262,CRS3035RES1000mN2050000E3159000,4515476768,
2263,CRS3035RES1000mN2050000E3159000,4569910891,98.0
2264,CRS3035RES1000mN2050000E3159000,4703730491,
2265,CRS3035RES1000mN2050000E3159000,4707870392,
2266,CRS3035RES1000mN2050000E3159000,4789037769,
2267,CRS3035RES1000mN2050000E3159000,4794233143,102.0
2268,CRS3035RES1000mN2050000E3159000,4870405674,115.0
2269,CRS3035RES1000mN2050000E3159000,5139379922,
2270,CRS3035RES1000mN2050000E3159000,5160337425,100.0
2271,CRS3035RES1000mN2050000E3159000,5196199575,
2272,CRS3035RES1000mN2050000E3159000,5341570554,107.0
2273,CRS3035RES1000mN2050000E3159000,5345949864,
2274,CRS3035RES1000mN2050000E3159000,5448507385,
2275,CRS3035RES1000mN2050000E3159000,5604693894,
2276,CRS3035RES1000mN2050000E3159000,5670401989,
2277,CRS3035RES1000mN2050000E3159000,5942671299,
2278,CRS3035RES1000mN2050000E3159000,5943980960,
2279,CRS3035RES1000mN2050000E3159000,6185791451,
2280,CRS3035RES1000mN2050000E3159000,6188948286,
2281,CRS3035RES1000mN2050000E3159000,6555800191,
2282,CRS3035RES1000mN2050000E3159000,6885254479,75.0
2283,CRS3035RES1000mN2050000E3159000,7222611268,
2284,CRS3035RES1000mN2050000E3159000,7408961006,
2285,CRS3035RES1000mN2050000E3159000,7619964683,
2286,CRS3035RES1000mN2050000E3159000,7836562695,113.0
2287,CRS3035RES1000mN2050000E3159000,8493729364,103.0
2288,CRS3035RES1000mN2050000E3159000,8557885377,
2289,CRS3035RES1000mN2050000E3159000,8807212208,96.0
2290,CRS3035RES1000mN2050000E3159000,8844229173,86.0
2291,CRS3035RES1000mN2050000E3159000,8878422600,118.0
2292,CRS3035RES1000mN2050000E3159000,9595709188,84.0
2293,CRS3035RES1000mN2050000E3159000,9611387099,108.0
2294,CRS3035RES1000mN2050000E3159000,9712656915,101.0
2295,CRS3035RES1000mN2050000E3159000,9713142744,92.0
2296,CRS3035RES1000mN2050000E3159000,9815746657,
2297,CRS3035RES1000mN2050000E3159000,10004871512,117.0
2298,CRS3035RES1000mN2050000E3159000,10281174134,
2299,CRS3035RES1000mN2050000E3159000,10580337411,
2300,CRS3035RES1000mN2050000E3159000,10899442604,
2301,CRS3035RES1000mN2050000E3159000,10922657146,
2302,CRS3035RES1000mN2050000E3159000,11127499928,99.0
2303,CRS3035RES1000mN2050000E3159000,11143725881,
2304,CRS3035RES1000mN2050000E3159000,11243087140,75.0
2305,CRS3035RES1000mN2050000E3159000,11269399969,112.0
2306,CRS3035RES1000mN2050000E3159000,11287269362,
2307,CRS3035RES1000mN2050000E3159000,11287269363,
2308,CRS3035RES1000mN2050000E3159000,11369705764,
2309,CRS3035RES1000mN2050000E3159000,11387776374,
2310,CRS3035RES1000mN2050000E3159000,11461799040,
2311,CRS3035RES1000mN2050000E3159000,11462802981,108.0
2312,CRS3035RES1000mN2050000E3159000,11652077658,117.0
2313,CRS3035RES1000mN2050000E3159000,11691390164,101.0
2314,CRS3035RES1000mN2050000E3159000,11739757462,
2315,CRS3035RES1000mN2050000E3159000,12178446726,
2316,CRS3035RES1000mN2050000E3159000,12407425114,
2317,CRS3035RES1000mN2050000E3159000,12865480228,117.0
2318,CRS3035RES1000mN2050000E3159000,2960630,
2319,CRS3035RES1000mN2050000E3159000,3554044,
2320,CRS3035RES1000mN2050000E3159000,3557906,
2321,CRS3035RES1000mN2050000E3159000,5231361,108.0
2322,CRS3035RES1000mN2050000E3159000,9314566,
2323,CRS3035RES1000mN2050000E3159000,13696257,
2324,CRS3035RES1000mN2050000E3159000,15996131,109.0
2325,CRS3035RES1000mN2050000E3159000,23526191,112.0
2326,CRS3035RES1000mN2050000E3159000,23545719,101.0
2327,CRS3035RES1000mN2050000E3159000,30599279,
2328,CRS3035RES1000mN2050000E3159000,30649229,107.0
2329,CRS3035RES1000mN2050000E3159000,32198651,
2330,CRS3035RES1000mN2050000E3159000,34945111,
2331,CRS3035RES1000mN2050000E3159000,50170625,
2332,CRS3035RES1000mN2050000E3159000,82887228,
2333,CRS3035RES1000mN2050000E3159000,92484952,
2334,CRS3035RES1000mN2050000E3159000,95794713,
2335,CRS3035RES1000mN2050000E3159000,96418670,
2336,CRS3035RES1000mN2050000E3159000,98502686,111.0
2337,CRS3035RES1000mN2050000E3159000,132613257,118.0
2338,CRS3035RES1000mN2050000E3159000,135036040,
2339,CRS3035RES1000mN2050000E3159000,150772489,105.0
2340,CRS3035RES1000mN2050000E3159000,154118456,
2341,CRS3035RES1000mN2050000E3159000,157375776,94.0
2342,CRS3035RES1000mN2050000E3159000,158211204,
2343,CRS3035RES1000mN2050000E3159000,162072415,
2344,CRS3035RES1000mN2050000E3159000,162117720,
2345,CRS3035RES1000mN2050000E3159000,170487273,
2346,CRS3035RES1000mN2050000E3159000,172686062,
2347,CRS3035RES1000mN2050000E3159000,174318235,
2348,CRS3035RES1000mN2050000E3159000,174318237,
2349,CRS3035RES1000mN2050000E3159000,205060159,
2350,CRS3035RES1000mN2050000E3159000,205757163,
2351,CRS3035RES1000mN2050000E3159000,221095520,
2352,CRS3035RES1000mN2050000E3159000,224503374,99.0
2353,CRS3035RES1000mN2050000E3159000,227333462,117.0
2354,CRS3035RES1000mN2050000E3159000,229117454,119.0
2355,CRS3035RES1000mN2050000E3159000,261460389,
2356,CRS3035RES1000mN2050000E3159000,283450022,96.0
2357,CRS3035RES1000mN2050000E3159000,288994040,105.0
2358,CRS3035RES1000mN2050000E3159000,296744564,
2359,CRS3035RES1000mN2050000E3159000,297526406,97.0
2360,CRS3035RES1000mN2050000E3159000,300709861,
2361,CRS3035RES1000mN2050000E3159000,301444634,
2362,CRS3035RES1000mN2050000E3159000,302721609,
2363,CRS3035RES1000mN2050000E3159000,308195630,
2364,CRS3035RES1000mN2050000E3159000,312777902,111.0
2365,CRS3035RES1000mN2050000E3159000,330154630,
2366,CRS3035RES1000mN2050000E3159000,340205456,102.0
2367,CRS3035RES1000mN2050000E3159000,367883612,
2368,CRS3035RES1000mN2050000E3159000,368211943,
2369,CRS3035RES1000mN2050000E3159000,374180360,119.0
2370,CRS3035RES1000mN2050000E3159000,375369499,
2371,CRS3035RES1000mN2050000E3159000,383494544,79.0
2372,CRS3035RES1000mN2050000E3159000,384574591,
2373,CRS3035RES1000mN2050000E3159000,403538322,
2374,CRS3035RES1000mN2050000E3159000,403859503,103.0
2375,CRS3035RES1000mN2050000E3159000,437050442,
2376,CRS3035RES1000mN2050000E3159000,459881697,118.0
2377,CRS3035RES1000mN2050000E3159000,477278425,
2378,CRS3035RES1000mN2050000E3159000,486879235,
2379,CRS3035RES1000mN2050000E3159000,493748377,
2380,CRS3035RES1000mN2050000E3159000,498234201,
2381,CRS3035RES1000mN2050000E3159000,504315026,118.0
2382,CRS3035RES1000mN2050000E3159000,548701490,
2383,CRS3035RES1000mN2050000E3159000,574210084,
2384,CRS3035RES1000mN2050000E3159000,576094143,
2385,CRS3035RES1000mN2050000E3159000,584409067,
2386,CRS3035RES1000mN2050000E3159000,635512756,97.0
2387,CRS3035RES1000mN2050000E3159000,638492224,
2388,CRS3035RES1000mN2050000E3159000,653913062,99.0
2389,CRS3035RES1000mN2050000E3159000,659866770,
2390,CRS3035RES1000mN2050000E3159000,697717972,
2391,CRS3035RES1000mN2050000E3159000,717194862,
2392,CRS3035RES1000mN2050000E3159000,736899303,
2393,CRS3035RES1000mN2050000E3159000,738042217,
2394,CRS3035RES1000mN2050000E3159000,839611983,
2395,CRS3035RES1000mN2050000E3159000,957893520,99.0
2396,CRS3035RES1000mN2050000E3159000,963308110,
2397,CRS3035RES1000mN2050000E3159000,1073283182,
2398,CRS3035RES1000mN2050000E3159000,1252864015,113.0
2399,CRS3035RES1000mN2050000E3159000,1283203658,
2400,CRS3035RES1000mN2050000E3160000,25526,107.0
2401,CRS3035RES1000mN2050000E3160000,1774,89.0
2402,CRS3035RES1000mN2050000E3160000,1770,86.0
2403,CRS3035RES1000mN2050000E3160000,1773,97.0
2404,CRS3035RES1000mN2050000E3160000,1771,87.0
2405,CRS3035RES1000mN2050000E3160000,123303,108.0
2406,CRS3035RES1000mN2050000E3160000,1764,80.0
2407,CRS3035RES1000mN2050000E3160000,181101,107.0
2408,CRS3035RES1000mN2050000E3160000,5765642,110.0
2409,CRS3035RES1000mN2050000E3160000,86719,113.0
2410,CRS3035RES1000mN2050000E3160000,1800,101.0
2411,CRS3035RES1000mN2050000E3160000,1757,96.0
2412,CRS3035RES1000mN2050000E3160000,1755,98.0
2413,CRS3035RES1000mN2050000E3160000,1882,83.0
2414,CRS3035RES1000mN2050000E3160000,1745,92.0
2415,CRS3035RES1000mN2050000E3160000,1794,92.0
2416,CRS3035RES1000mN2050000E3160000,1762,81.0
2417,CRS3035RES1000mN2050000E3160000,51188,64.0
2418,CRS3035RES1000mN2050000E3160000,6893633,84.0
2419,CRS3035RES1000mN2050000E3160000,167128,94.0
2420,CRS3035RES1000mN2050000E3160000,1760,77.0
2421,CRS3035RES1000mN2050000E3160000,12773298,102.0
2422,CRS3035RES1000mN2050000E3160000,1754,112.0
2423,CRS3035RES1000mN2050000E3160000,1748,104.0
2424,CRS3035RES1000mN2050000E3160000,79941,96.0
2425,CRS3035RES1000mN2050000E3160000,1750,82.0
2426,CRS3035RES1000mN2050000E3160000,5975465,90.0
2427,CRS3035RES1000mN2050000E3160000,115056,99.0
2428,CRS3035RES1000mN2050000E3160000,1790,69.0
2429,CRS3035RES1000mN2050000E3160000,1756,106.0
2430,CRS3035RES1000mN2050000E3160000,51849,93.0
2431,CRS3035RES1000mN2050000E3160000,185595,77.0
2432,CRS3035RES1000mN2050000E3160000,7697128,78.0
2433,CRS3035RES1000mN2050000E3160000,10395362,80.0
2434,CRS3035RES1000mN2050000E3160000,1759,66.0
2435,CRS3035RES1000mN2050000E3160000,1752,87.0
2436,CRS3035RES1000mN2050000E3160000,186714,90.0
2437,CRS3035RES1000mN2050000E3160000,1753,96.0
2438,CRS3035RES1000mN2050000E3160000,1792,99.0
2439,CRS3035RES1000mN2050000E3160000,1763,97.0
2440,CRS3035RES1000mN2050000E3160000,1746,100.0
2441,CRS3035RES1000mN2050000E3160000,11572165,106.0
2442,CRS3035RES1000mN2050000E3160000,1761,91.0
2443,CRS3035RES1000mN2050000E3160000,1747,98.0
2444,CRS3035RES1000mN2050000E3160000,5768564,98.0
2445,CRS3035RES1000mN2050000E3160000,1798,89.0
2446,CRS3035RES1000mN2050000E3160000,66904,60.0
2447,CRS3035RES1000mN2050000E3160000,1777,73.0
2448,CRS3035RES1000mN2050000E3160000,1765,83.0
2449,CRS3035RES1000mN2050000E3160000,49416,101.0
2450,CRS3035RES1000mN2050000E3160000,12734939,101.0
2451,CRS3035RES1000mN2050000E3160000,167386167,77.0
2452,CRS3035RES1000mN2050000E3160000,295933804,97.0
2453,CRS3035RES1000mN2050000E3160000,303340017,102.0
2454,CRS3035RES1000mN2050000E3160000,315355551,115.0
2455,CRS3035RES1000mN2050000E3160000,339084977,90.0
2456,CRS3035RES1000mN2050000E3160000,412911553,84.0
2457,CRS3035RES1000mN2050000E3160000,558126037,114.0
2458,CRS3035RES1000mN2050000E3160000,711789768,
2459,CRS3035RES1000mN2050000E3160000,727666062,
2460,CRS3035RES1000mN2050000E3160000,848085869,
2461,CRS3035RES1000mN2050000E3160000,1056098898,87.0
2462,CRS3035RES1000mN2050000E3160000,1255438242,
2463,CRS3035RES1000mN2050000E3160000,1469985039,110.0
2464,CRS3035RES1000mN2050000E3160000,1504302537,
2465,CRS3035RES1000mN2050000E3160000,1511617504,
2466,CRS3035RES1000mN2050000E3160000,1541601287,107.0
2467,CRS3035RES1000mN2050000E3160000,1544591296,60.0
2468,CRS3035RES1000mN2050000E3160000,1598174183,98.0
2469,CRS3035RES1000mN2050000E3160000,1629887846,102.0
2470,CRS3035RES1000mN2050000E3160000,1686660176,103.0
2471,CRS3035RES1000mN2050000E3160000,1716927336,
2472,CRS3035RES1000mN2050000E3160000,1734554324,115.0
2473,CRS3035RES1000mN2050000E3160000,1849109335,107.0
2474,CRS3035RES1000mN2050000E3160000,2028408680,
2475,CRS3035RES1000mN2050000E3160000,2036887702,
2476,CRS3035RES1000mN2050000E3160000,2061404218,54.0
2477,CRS3035RES1000mN2050000E3160000,2134238030,110.0
2478,CRS3035RES1000mN2050000E3160000,2261600754,
2479,CRS3035RES1000mN2050000E3160000,2301402027,108.0
2480,CRS3035RES1000mN2050000E3160000,2303966810,
2481,CRS3035RES1000mN2050000E3160000,2312029862,101.0
2482,CRS3035RES1000mN2050000E3160000,2408860250,119.0
2483,CRS3035RES1000mN2050000E3160000,2620185829,84.0
2484,CRS3035RES1000mN2050000E3160000,2622508931,90.0
2485,CRS3035RES1000mN2050000E3160000,2672130951,
2486,CRS3035RES1000mN2050000E3160000,2710518818,116.0
2487,CRS3035RES1000mN2050000E3160000,3034026261,
2488,CRS3035RES1000mN2050000E3160000,3179889751,
2489,CRS3035RES1000mN2050000E3160000,3206611978,
2490,CRS3035RES1000mN2050000E3160000,3272828439,
2491,CRS3035RES1000mN2050000E3160000,3452364276,104.0
2492,CRS3035RES1000mN2050000E3160000,3452364277,79.0
2493,CRS3035RES1000mN2050000E3160000,3495733197,
2494,CRS3035RES1000mN2050000E3160000,3497154853,
2495,CRS3035RES1000mN2050000E3160000,3517755445,
2496,CRS3035RES1000mN2050000E3160000,3522125657,
2497,CRS3035RES1000mN2050000E3160000,3526751794,88.0
2498,CRS3035RES1000mN2050000E3160000,3839306060,103.0
2499,CRS3035RES1000mN2050000E3160000,4214697664,91.0
2500,CRS3035RES1000mN2050000E3160000,4338252586,76.0
2501,CRS3035RES1000mN2050000E3160000,4401271633,
2502,CRS3035RES1000mN2050000E3160000,4515476768,
2503,CRS3035RES1000mN2050000E3160000,4569910891,82.0
2504,CRS3035RES1000mN2050000E3160000,4703730491,115.0
2505,CRS3035RES1000mN2050000E3160000,4707870392,108.0
2506,CRS3035RES1000mN2050000E3160000,4789037769,
2507,CRS3035RES1000mN2050000E3160000,4794233143,83.0
2508,CRS3035RES1000mN2050000E3160000,4870405674,100.0
2509,CRS3035RES1000mN2050000E3160000,5139379922,
2510,CRS3035RES1000mN2050000E3160000,5160337425,84.0
2511,CRS3035RES1000mN2050000E3160000,5196199575,
2512,CRS3035RES1000mN2050000E3160000,5341570554,91.0
2513,CRS3035RES1000mN2050000E3160000,5345949864,113.0
2514,CRS3035RES1000mN2050000E3160000,5448507385,
2515,CRS3035RES1000mN2050000E3160000,5604693894,73.0
2516,CRS3035RES1000mN2050000E3160000,5670401989,
2517,CRS3035RES1000mN2050000E3160000,5942671299,118.0
2518,CRS3035RES1000mN2050000E3160000,5943980960,
2519,CRS3035RES1000mN2050000E3160000,6185791451,
2520,CRS3035RES1000mN2050000E3160000,6188948286,115.0
2521,CRS3035RES1000mN2050000E3160000,6555800191,
2522,CRS3035RES1000mN2050000E3160000,6885254479,57.0
2523,CRS3035RES1000mN2050000E3160000,7222611268,
2524,CRS3035RES1000mN2050000E3160000,7408961006,
2525,CRS3035RES1000mN2050000E3160000,7619964683,113.0
2526,CRS3035RES1000mN2050000E3160000,7836562695,90.0
2527,CRS3035RES1000mN2050000E3160000,8493729364,87.0
2528,CRS3035RES1000mN2050000E3160000,8557885377,
2529,CRS3035RES1000mN2050000E3160000,8807212208,81.0
2530,CRS3035RES1000mN2050000E3160000,8844229173,73.0
2531,CRS3035RES1000mN2050000E3160000,8878422600,102.0
2532,CRS3035RES1000mN2050000E3160000,9595709188,70.0
2533,CRS3035RES1000mN2050000E3160000,9611387099,92.0
2534,CRS3035RES1000mN2050000E3160000,9712656915,85.0
2535,CRS3035RES1000mN2050000E3160000,9713142744,76.0
2536,CRS3035RES1000mN2050000E3160000,9815746657,
2537,CRS3035RES1000mN2050000E3160000,10004871512,101.0
2538,CRS3035RES1000mN2050000E3160000,10281174134,
2539,CRS3035RES1000mN2050000E3160000,10580337411,107.0
2540,CRS3035RES1000mN2050000E3160000,10899442604,
2541,CRS3035RES1000mN2050000E3160000,10922657146,
2542,CRS3035RES1000mN2050000E3160000,11127499928,85.0
2543,CRS3035RES1000mN2050000E3160000,11143725881,110.0
2544,CRS3035RES1000mN2050000E3160000,11243087140,56.0
2545,CRS3035RES1000mN2050000E3160000,11269399969,97.0
2546,CRS3035RES1000mN2050000E3160000,11287269362,103.0
2547,CRS3035RES1000mN2050000E3160000,11287269363,
2548,CRS3035RES1000mN2050000E3160000,11369705764,113.0
2549,CRS3035RES1000mN2050000E3160000,11387776374,111.0
2550,CRS3035RES1000mN2050000E3160000,11461799040,
2551,CRS3035RES1000mN2050000E3160000,11462802981,96.0
2552,CRS3035RES1000mN2050000E3160000,11652077658,109.0
2553,CRS3035RES1000mN2050000E3160000,11691390164,84.0
2554,CRS3035RES1000mN2050000E3160000,11739757462,111.0
2555,CRS3035RES1000mN2050000E3160000,12178446726,109.0
2556,CRS3035RES1000mN2050000E3160000,12407425114,102.0
2557,CRS3035RES1000mN2050000E3160000,12865480228,104.0
2558,CRS3035RES1000mN2050000E3160000,2960630,
2559,CRS3035RES1000mN2050000E3160000,3554044,
2560,CRS3035RES1000mN2050000E3160000,3557906,119.0
2561,CRS3035RES1000mN2050000E3160000,5231361,92.0
2562,CRS3035RES1000mN2050000E3160000,9314566,
2563,CRS3035RES1000mN2050000E3160000,13696257,119.0
2564,CRS3035RES1000mN2050000E3160000,15996131,93.0
2565,CRS3035RES1000mN2050000E3160000,23526191,96.0
2566,CRS3035RES1000mN2050000E3160000,23545719,85.0
2567,CRS3035RES1000mN2050000E3160000,30599279,118.0
2568,CRS3035RES1000mN2050000E3160000,30649229,90.0
2569,CRS3035RES1000mN2050000E3160000,32198651,
2570,CRS3035RES1000mN2050000E3160000,34945111,
2571,CRS3035RES1000mN2050000E3160000,50170625,
2572,CRS3035RES1000mN2050000E3160000,82887228,94.0
2573,CRS3035RES1000mN2050000E3160000,92484952,
2574,CRS3035RES1000mN2050000E3160000,95794713,104.0
2575,CRS3035RES1000mN2050000E3160000,96418670,
2576,CRS3035RES1000mN2050000E3160000,98502686,97.0
2577,CRS3035RES1000mN2050000E3160000,132613257,103.0
2578,CRS3035RES1000mN2050000E3160000,135036040,102.0
2579,CRS3035RES1000mN2050000E3160000,150772489,89.0
2580,CRS3035RES1000mN2050000E3160000,154118456,101.0
2581,CRS3035RES1000mN2050000E3160000,157375776,77.0
2582,CRS3035RES1000mN2050000E3160000,158211204,119.0
2583,CRS3035RES1000mN2050000E3160000,162072415,117.0
2584,CRS3035RES1000mN2050000E3160000,162117720,110.0
2585,CRS3035RES1000mN2050000E3160000,170487273,
2586,CRS3035RES1000mN2050000E3160000,172686062,
2587,CRS3035RES1000mN2050000E3160000,174318235,
2588,CRS3035RES1000mN2050000E3160000,174318237,
2589,CRS3035RES1000mN2050000E3160000,205060159,
2590,CRS3035RES1000mN2050000E3160000,205757163,
2591,CRS3035RES1000mN2050000E3160000,221095520,107.0
2592,CRS3035RES1000mN2050000E3160000,224503374,83.0
2593,CRS3035RES1000mN2050000E3160000,227333462,91.0
2594,CRS3035RES1000mN2050000E3160000,229117454,109.0
2595,CRS3035RES1000mN2050000E3160000,261460389,
2596,CRS3035RES1000mN2050000E3160000,283450022,81.0
2597,CRS3035RES1000mN2050000E3160000,288994040,86.0
2598,CRS3035RES1000mN2050000E3160000,296744564,
2599,CRS3035RES1000mN2050000E3160000,297526406,76.0
2600,CRS3035RES1000mN2050000E3160000,300709861,
2601,CRS3035RES1000mN2050000E3160000,301444634,
2602,CRS3035RES1000mN2050000E3160000,302721609,
2603,CRS3035RES1000mN2050000E3160000,308195630,
2604,CRS3035RES1000mN2050000E3160000,312777902,94.0
2605,CRS3035RES1000mN2050000E3160000,330154630,
2606,CRS3035RES1000mN2050000E3160000,340205456,86.0
2607,CRS3035RES1000mN2050000E3160000,367883612,99.0
2608,CRS3035RES1000mN2050000E3160000,368211943,105.0
2609,CRS3035RES1000mN2050000E3160000,374180360,103.0
2610,CRS3035RES1000mN2050000E3160000,375369499,95.0
2611,CRS3035RES1000mN2050000E3160000,383494544,65.0
2612,CRS3035RES1000mN2050000E3160000,384574591,116.0
2613,CRS3035RES1000mN2050000E3160000,403538322,113.0
2614,CRS3035RES1000mN2050000E3160000,403859503,87.0
2615,CRS3035RES1000mN2050000E3160000,437050442,
2616,CRS3035RES1000mN2050000E3160000,459881697,92.0
2617,CRS3035RES1000mN2050000E3160000,477278425,
2618,CRS3035RES1000mN2050000E3160000,486879235,
2619,CRS3035RES1000mN2050000E3160000,493748377,113.0
2620,CRS3035RES1000mN2050000E3160000,498234201,
2621,CRS3035RES1000mN2050000E3160000,504315026,105.0
2622,CRS3035RES1000mN2050000E3160000,548701490,
2623,CRS3035RES1000mN2050000E3160000,574210084,118.0
2624,CRS3035RES1000mN2050000E3160000,576094143,118.0
2625,CRS3035RES1000mN2050000E3160000,584409067,
2626,CRS3035RES1000mN2050000E3160000,635512756,78.0
2627,CRS3035RES1000mN2050000E3160000,638492224,
2628,CRS3035RES1000mN2050000E3160000,653913062,87.0
2629,CRS3035RES1000mN2050000E3160000,659866770,77.0
2630,CRS3035RES1000mN2050000E3160000,697717972,
2631,CRS3035RES1000mN2050000E3160000,717194862,102.0
2632,CRS3035RES1000mN2050000E3160000,736899303,
2633,CRS3035RES1000mN2050000E3160000,738042217,
2634,CRS3035RES1000mN2050000E3160000,839611983,114.0
2635,CRS3035RES1000mN2050000E3160000,957893520,80.0
2636,CRS3035RES1000mN2050000E3160000,963308110,108.0
2637,CRS3035RES1000mN2050000E3160000,1073283182,
2638,CRS3035RES1000mN2050000E3160000,1252864015,98.0
2639,CRS3035RES1000mN2050000E3160000,1283203658,
2640,CRS3035RES1000mN2050000E3161000,25526,79.0
2641,CRS3035RES1000mN2050000E3161000,1774,62.0
2642,CRS3035RES1000mN2050000E3161000,1770,60.0
2643,CRS3035RES1000mN2050000E3161000,1773,68.0
2644,CRS3035RES1000mN2050000E3161000,1771,60.0
2645,CRS3035RES1000mN2050000E3161000,123303,81.0
2646,CRS3035RES1000mN2050000E3161000,1764,51.0
2647,CRS3035RES1000mN2050000E3161000,181101,80.0
2648,CRS3035RES1000mN2050000E3161000,5765642,82.0
2649,CRS3035RES1000mN2050000E3161000,86719,87.0
2650,CRS3035RES1000mN2050000E3161000,1800,76.0
2651,CRS3035RES1000mN2050000E3161000,1757,68.0
2652,CRS3035RES1000mN2050000E3161000,1755,72.0
2653,CRS3035RES1000mN2050000E3161000,1882,56.0
2654,CRS3035RES1000mN2050000E3161000,1745,63.0
2655,CRS3035RES1000mN2050000E3161000,1794,64.0
2656,CRS3035RES1000mN2050000E3161000,1762,54.0
2657,CRS3035RES1000mN2050000E3161000,51188,35.0
2658,CRS3035RES1000mN2050000E3161000,6893633,55.0
2659,CRS3035RES1000mN2050000E3161000,167128,64.0
2660,CRS3035RES1000mN2050000E3161000,1760,48.0
2661,CRS3035RES1000mN2050000E3161000,12773298,76.0
2662,CRS3035RES1000mN2050000E3161000,1754,86.0
2663,CRS3035RES1000mN2050000E3161000,1748,77.0
2664,CRS3035RES1000mN2050000E3161000,79941,64.0
2665,CRS3035RES1000mN2050000E3161000,1750,56.0
2666,CRS3035RES1000mN2050000E3161000,5975465,62.0
2667,CRS3035RES1000mN2050000E3161000,115056,70.0
2668,CRS3035RES1000mN2050000E3161000,1790,40.0
2669,CRS3035RES1000mN2050000E3161000,1756,80.0
2670,CRS3035RES1000mN2050000E3161000,51849,66.0
2671,CRS3035RES1000mN2050000E3161000,185595,48.0
2672,CRS3035RES1000mN2050000E3161000,7697128,50.0
2673,CRS3035RES1000mN2050000E3161000,10395362,49.0
2674,CRS3035RES1000mN2050000E3161000,1759,37.0
2675,CRS3035RES1000mN2050000E3161000,1752,58.0
2676,CRS3035RES1000mN2050000E3161000,186714,62.0
2677,CRS3035RES1000mN2050000E3161000,1753,71.0
2678,CRS3035RES1000mN2050000E3161000,1792,74.0
2679,CRS3035RES1000mN2050000E3161000,1763,70.0
2680,CRS3035RES1000mN2050000E3161000,1746,73.0
2681,CRS3035RES1000mN2050000E3161000,11572165,77.0
2682,CRS3035RES1000mN2050000E3161000,1761,66.0
2683,CRS3035RES1000mN2050000E3161000,1747,69.0
2684,CRS3035RES1000mN2050000E3161000,5768564,71.0
2685,CRS3035RES1000mN2050000E3161000,1798,61.0
2686,CRS3035RES1000mN2050000E3161000,66904,31.0
2687,CRS3035RES1000mN2050000E3161000,1777,46.0
2688,CRS3035RES1000mN2050000E3161000,1765,57.0
2689,CRS3035RES1000mN2050000E3161000,49416,76.0
2690,CRS3035RES1000mN2050000E3161000,12734939,76.0
2691,CRS3035RES1000mN2050000E3161000,167386167,52.0
2692,CRS3035RES1000mN2050000E3161000,295933804,71.0
2693,CRS3035RES1000mN2050000E3161000,303340017,68.0
2694,CRS3035RES1000mN2050000E3161000,315355551,90.0
2695,CRS3035RES1000mN2050000E3161000,339084977,65.0
2696,CRS3035RES1000mN2050000E3161000,412911553,58.0
2697,CRS3035RES1000mN2050000E3161000,558126037,86.0
2698,CRS3035RES1000mN2050000E3161000,711789768,114.0
2699,CRS3035RES1000mN2050000E3161000,727666062,
2700,CRS3035RES1000mN2050000E3161000,848085869,94.0
2701,CRS3035RES1000mN2050000E3161000,1056098898,58.0
2702,CRS3035RES1000mN2050000E3161000,1255438242,95.0
2703,CRS3035RES1000mN2050000E3161000,1469985039,86.0
2704,CRS3035RES1000mN2050000E3161000,1504302537,98.0
2705,CRS3035RES1000mN2050000E3161000,1511617504,103.0
2706,CRS3035RES1000mN2050000E3161000,1541601287,80.0
2707,CRS3035RES1000mN2050000E3161000,1544591296,27.0
2708,CRS3035RES1000mN2050000E3161000,1598174183,80.0
2709,CRS3035RES1000mN2050000E3161000,1629887846,78.0
2710,CRS3035RES1000mN2050000E3161000,1686660176,75.0
2711,CRS3035RES1000mN2050000E3161000,1716927336,95.0
2712,CRS3035RES1000mN2050000E3161000,1734554324,91.0
2713,CRS3035RES1000mN2050000E3161000,1849109335,73.0
2714,CRS3035RES1000mN2050000E3161000,2028408680,113.0
2715,CRS3035RES1000mN2050000E3161000,2036887702,
2716,CRS3035RES1000mN2050000E3161000,2061404218,21.0
2717,CRS3035RES1000mN2050000E3161000,2134238030,93.0
2718,CRS3035RES1000mN2050000E3161000,2261600754,
2719,CRS3035RES1000mN2050000E3161000,2301402027,83.0
2720,CRS3035RES1000mN2050000E3161000,2303966810,119.0
2721,CRS3035RES1000mN2050000E3161000,2312029862,78.0
2722,CRS3035RES1000mN2050000E3161000,2408860250,82.0
2723,CRS3035RES1000mN2050000E3161000,2620185829,58.0
2724,CRS3035RES1000mN2050000E3161000,2622508931,64.0
2725,CRS3035RES1000mN2050000E3161000,2672130951,
2726,CRS3035RES1000mN2050000E3161000,2710518818,88.0
2727,CRS3035RES1000mN2050000E3161000,3034026261,
2728,CRS3035RES1000mN2050000E3161000,3179889751,100.0
2729,CRS3035RES1000mN2050000E3161000,3206611978,
2730,CRS3035RES1000mN2050000E3161000,3272828439,104.0
2731,CRS3035RES1000mN2050000E3161000,3452364276,75.0
2732,CRS3035RES1000mN2050000E3161000,3452364277,50.0
2733,CRS3035RES1000mN2050000E3161000,3495733197,
2734,CRS3035RES1000mN2050000E3161000,3497154853,
2735,CRS3035RES1000mN2050000E3161000,3517755445,
2736,CRS3035RES1000mN2050000E3161000,3522125657,
2737,CRS3035RES1000mN2050000E3161000,3526751794,88.0
2738,CRS3035RES1000mN2050000E3161000,3839306060,74.0
2739,CRS3035RES1000mN2050000E3161000,4214697664,63.0
2740,CRS3035RES1000mN2050000E3161000,4338252586,76.0
2741,CRS3035RES1000mN2050000E3161000,4401271633,
2742,CRS3035RES1000mN2050000E3161000,4515476768,
2743,CRS3035RES1000mN2050000E3161000,4569910891,55.0
2744,CRS3035RES1000mN2050000E3161000,4703730491,83.0
2745,CRS3035RES1000mN2050000E3161000,4707870392,82.0
2746,CRS3035RES1000mN2050000E3161000,4789037769,116.0
2747,CRS3035RES1000mN2050000E3161000,4794233143,59.0
2748,CRS3035RES1000mN2050000E3161000,4870405674,73.0
2749,CRS3035RES1000mN2050000E3161000,5139379922,102.0
2750,CRS3035RES1000mN2050000E3161000,5160337425,58.0
2751,CRS3035RES1000mN2050000E3161000,5196199575,100.0
2752,CRS3035RES1000mN2050000E3161000,5341570554,63.0
2753,CRS3035RES1000mN2050000E3161000,5345949864,85.0
2754,CRS3035RES1000mN2050000E3161000,5448507385,
2755,CRS3035RES1000mN2050000E3161000,5604693894,73.0
2756,CRS3035RES1000mN2050000E3161000,5670401989,88.0
2757,CRS3035RES1000mN2050000E3161000,5942671299,92.0
2758,CRS3035RES1000mN2050000E3161000,5943980960,97.0
2759,CRS3035RES1000mN2050000E3161000,6185791451,
2760,CRS3035RES1000mN2050000E3161000,6188948286,88.0
2761,CRS3035RES1000mN2050000E3161000,6555800191,95.0
2762,CRS3035RES1000mN2050000E3161000,6885254479,32.0
2763,CRS3035RES1000mN2050000E3161000,7222611268,
2764,CRS3035RES1000mN2050000E3161000,7408961006,118.0
2765,CRS3035RES1000mN2050000E3161000,7619964683,91.0
2766,CRS3035RES1000mN2050000E3161000,7836562695,68.0
2767,CRS3035RES1000mN2050000E3161000,8493729364,59.0
2768,CRS3035RES1000mN2050000E3161000,8557885377,99.0
2769,CRS3035RES1000mN2050000E3161000,8807212208,53.0
2770,CRS3035RES1000mN2050000E3161000,8844229173,44.0
2771,CRS3035RES1000mN2050000E3161000,8878422600,68.0
2772,CRS3035RES1000mN2050000E3161000,9595709188,41.0
2773,CRS3035RES1000mN2050000E3161000,9611387099,65.0
2774,CRS3035RES1000mN2050000E3161000,9712656915,59.0
2775,CRS3035RES1000mN2050000E3161000,9713142744,49.0
2776,CRS3035RES1000mN2050000E3161000,9815746657,
2777,CRS3035RES1000mN2050000E3161000,10004871512,83.0
2778,CRS3035RES1000mN2050000E3161000,10281174134,
2779,CRS3035RES1000mN2050000E3161000,10580337411,78.0
2780,CRS3035RES1000mN2050000E3161000,10899442604,105.0
2781,CRS3035RES1000mN2050000E3161000,10922657146,101.0
2782,CRS3035RES1000mN2050000E3161000,11127499928,58.0
2783,CRS3035RES1000mN2050000E3161000,11143725881,71.0
2784,CRS3035RES1000mN2050000E3161000,11243087140,33.0
2785,CRS3035RES1000mN2050000E3161000,11269399969,68.0
2786,CRS3035RES1000mN2050000E3161000,11287269362,83.0
2787,CRS3035RES1000mN2050000E3161000,11287269363,86.0
2788,CRS3035RES1000mN2050000E3161000,11369705764,87.0
2789,CRS3035RES1000mN2050000E3161000,11387776374,86.0
2790,CRS3035RES1000mN2050000E3161000,11461799040,
2791,CRS3035RES1000mN2050000E3161000,11462802981,70.0
2792,CRS3035RES1000mN2050000E3161000,11652077658,78.0
2793,CRS3035RES1000mN2050000E3161000,11691390164,58.0
2794,CRS3035RES1000mN2050000E3161000,11739757462,85.0
2795,CRS3035RES1000mN2050000E3161000,12178446726,82.0
2796,CRS3035RES1000mN2050000E3161000,12407425114,94.0
2797,CRS3035RES1000mN2050000E3161000,12865480228,75.0
2798,CRS3035RES1000mN2050000E3161000,2960630,99.0
2799,CRS3035RES1000mN2050000E3161000,3554044,104.0
2800,CRS3035RES1000mN2050000E3161000,3557906,93.0
2801,CRS3035RES1000mN2050000E3161000,5231361,65.0
2802,CRS3035RES1000mN2050000E3161000,9314566,101.0
2803,CRS3035RES1000mN2050000E3161000,13696257,93.0
2804,CRS3035RES1000mN2050000E3161000,15996131,67.0
2805,CRS3035RES1000mN2050000E3161000,23526191,69.0
2806,CRS3035RES1000mN2050000E3161000,23545719,59.0
2807,CRS3035RES1000mN2050000E3161000,30599279,90.0
2808,CRS3035RES1000mN2050000E3161000,30649229,63.0
2809,CRS3035RES1000mN2050000E3161000,32198651,
2810,CRS3035RES1000mN2050000E3161000,34945111,94.0
2811,CRS3035RES1000mN2050000E3161000,50170625,88.0
2812,CRS3035RES1000mN2050000E3161000,82887228,64.0
2813,CRS3035RES1000mN2050000E3161000,92484952,91.0
2814,CRS3035RES1000mN2050000E3161000,95794713,76.0
2815,CRS3035RES1000mN2050000E3161000,96418670,109.0
2816,CRS3035RES1000mN2050000E3161000,98502686,74.0
2817,CRS3035RES1000mN2050000E3161000,132613257,74.0
2818,CRS3035RES1000mN2050000E3161000,135036040,76.0
2819,CRS3035RES1000mN2050000E3161000,150772489,63.0
2820,CRS3035RES1000mN2050000E3161000,154118456,85.0
2821,CRS3035RES1000mN2050000E3161000,157375776,52.0
2822,CRS3035RES1000mN2050000E3161000,158211204,93.0
2823,CRS3035RES1000mN2050000E3161000,162072415,90.0
2824,CRS3035RES1000mN2050000E3161000,162117720,73.0
2825,CRS3035RES1000mN2050000E3161000,170487273,110.0
2826,CRS3035RES1000mN2050000E3161000,172686062,95.0
2827,CRS3035RES1000mN2050000E3161000,174318235,97.0
2828,CRS3035RES1000mN2050000E3161000,174318237,99.0
2829,CRS3035RES1000mN2050000E3161000,205060159,92.0
2830,CRS3035RES1000mN2050000E3161000,205757163,
2831,CRS3035RES1000mN2050000E3161000,221095520,81.0
2832,CRS3035RES1000mN2050000E3161000,224503374,56.0
2833,CRS3035RES1000mN2050000E3161000,227333462,83.0
2834,CRS3035RES1000mN2050000E3161000,229117454,70.0
2835,CRS3035RES1000mN2050000E3161000,261460389,106.0
2836,CRS3035RES1000mN2050000E3161000,283450022,53.0
2837,CRS3035RES1000mN2050000E3161000,288994040,60.0
2838,CRS3035RES1000mN2050000E3161000,296744564,94.0
2839,CRS3035RES1000mN2050000E3161000,297526406,53.0
2840,CRS3035RES1000mN2050000E3161000,300709861,116.0
2841,CRS3035RES1000mN2050000E3161000,301444634,118.0
2842,CRS3035RES1000mN2050000E3161000,302721609,103.0
2843,CRS3035RES1000mN2050000E3161000,308195630,105.0
2844,CRS3035RES1000mN2050000E3161000,312777902,68.0
2845,CRS3035RES1000mN2050000E3161000,330154630,
2846,CRS3035RES1000mN2050000E3161000,340205456,60.0
2847,CRS3035RES1000mN2050000E3161000,367883612,69.0
2848,CRS3035RES1000mN2050000E3161000,368211943,77.0
2849,CRS3035RES1000mN2050000E3161000,374180360,81.0
2850,CRS3035RES1000mN2050000E3161000,375369499,79.0
2851,CRS3035RES1000mN2050000E3161000,383494544,36.0
2852,CRS3035RES1000mN2050000E3161000,384574591,94.0
2853,CRS3035RES1000mN2050000E3161000,403538322,92.0
2854,CRS3035RES1000mN2050000E3161000,403859503,61.0
2855,CRS3035RES1000mN2050000E3161000,437050442,102.0
2856,CRS3035RES1000mN2050000E3161000,459881697,84.0
2857,CRS3035RES1000mN2050000E3161000,477278425,113.0
2858,CRS3035RES1000mN2050000E3161000,486879235,
2859,CRS3035RES1000mN2050000E3161000,493748377,85.0
2860,CRS3035RES1000mN2050000E3161000,498234201,100.0
2861,CRS3035RES1000mN2050000E3161000,504315026,76.0
2862,CRS3035RES1000mN2050000E3161000,548701490,
2863,CRS3035RES1000mN2050000E3161000,574210084,84.0
2864,CRS3035RES1000mN2050000E3161000,576094143,91.0
2865,CRS3035RES1000mN2050000E3161000,584409067,104.0
2866,CRS3035RES1000mN2050000E3161000,635512756,53.0
2867,CRS3035RES1000mN2050000E3161000,638492224,106.0
2868,CRS3035RES1000mN2050000E3161000,653913062,61.0
2869,CRS3035RES1000mN2050000E3161000,659866770,62.0
2870,CRS3035RES1000mN2050000E3161000,697717972,93.0
2871,CRS3035RES1000mN2050000E3161000,717194862,102.0
2872,CRS3035RES1000mN2050000E3161000,736899303,
2873,CRS3035RES1000mN2050000E3161000,738042217,106.0
2874,CRS3035RES1000mN2050000E3161000,839611983,114.0
2875,CRS3035RES1000mN2050000E3161000,957893520,55.0
2876,CRS3035RES1000mN2050000E3161000,963308110,84.0
2877,CRS3035RES1000mN2050000E3161000,1073283182,96.0
2878,CRS3035RES1000mN2050000E3161000,1252864015,80.0
2879,CRS3035RES1000mN2050000E3161000,1283203658,
2880,CRS3035RES1000mN2050000E3162000,25526,65.0
2881,CRS3035RES1000mN2050000E3162000,1774,47.0
2882,CRS3035RES1000mN2050000E3162000,1770,45.0
2883,CRS3035RES1000mN2050000E3162000,1773,53.0
2884,CRS3035RES1000mN2050000E3162000,1771,44.0
2885,CRS3035RES1000mN2050000E3162000,123303,67.0
2886,CRS3035RES1000mN2050000E3162000,1764,36.0
2887,CRS3035RES1000mN2050000E3162000,181101,61.0
2888,CRS3035RES1000mN2050000E3162000,5765642,68.0
2889,CRS3035RES1000mN2050000E3162000,86719,69.0
2890,CRS3035RES1000mN2050000E3162000,1800,62.0
2891,CRS3035RES1000mN2050000E3162000,1757,52.0
2892,CRS3035RES1000mN2050000E3162000,1755,58.0
2893,CRS3035RES1000mN2050000E3162000,1882,40.0
2894,CRS3035RES1000mN2050000E3162000,1745,47.0
2895,CRS3035RES1000mN2050000E3162000,1794,50.0
2896,CRS3035RES1000mN2050000E3162000,1762,39.0
2897,CRS3035RES1000mN2050000E3162000,51188,20.0
2898,CRS3035RES1000mN2050000E3162000,6893633,40.0
2899,CRS3035RES1000mN2050000E3162000,167128,50.0
2900,CRS3035RES1000mN2050000E3162000,1760,33.0
2901,CRS3035RES1000mN2050000E3162000,12773298,57.0
2902,CRS3035RES1000mN2050000E3162000,1754,71.0
2903,CRS3035RES1000mN2050000E3162000,1748,59.0
2904,CRS3035RES1000mN2050000E3162000,79941,49.0
2905,CRS3035RES1000mN2050000E3162000,1750,40.0
2906,CRS3035RES1000mN2050000E3162000,5975465,47.0
2907,CRS3035RES1000mN2050000E3162000,115056,56.0
2908,CRS3035RES1000mN2050000E3162000,1790,25.0
2909,CRS3035RES1000mN2050000E3162000,1756,65.0
2910,CRS3035RES1000mN2050000E3162000,51849,52.0
2911,CRS3035RES1000mN2050000E3162000,185595,33.0
2912,CRS3035RES1000mN2050000E3162000,7697128,34.0
2913,CRS3035RES1000mN2050000E3162000,10395362,38.0
2914,CRS3035RES1000mN2050000E3162000,1759,22.0
2915,CRS3035RES1000mN2050000E3162000,1752,43.0
2916,CRS3035RES1000mN2050000E3162000,186714,48.0
2917,CRS3035RES1000mN2050000E3162000,1753,57.0
2918,CRS3035RES1000mN2050000E3162000,1792,55.0
2919,CRS3035RES1000mN2050000E3162000,1763,57.0
2920,CRS3035RES1000mN2050000E3162000,1746,59.0
2921,CRS3035RES1000mN2050000E3162000,11572165,65.0
2922,CRS3035RES1000mN2050000E3162000,1761,52.0
2923,CRS3035RES1000mN2050000E3162000,1747,54.0
2924,CRS3035RES1000mN2050000E3162000,5768564,55.0
2925,CRS3035RES1000mN2050000E3162000,1798,45.0
2926,CRS3035RES1000mN2050000E3162000,66904,16.0
2927,CRS3035RES1000mN2050000E3162000,1777,31.0
2928,CRS3035RES1000mN2050000E3162000,1765,42.0
2929,CRS3035RES1000mN2050000E3162000,49416,57.0
2930,CRS3035RES1000mN2050000E3162000,12734939,57.0
2931,CRS3035RES1000mN2050000E3162000,167386167,38.0
2932,CRS3035RES1000mN2050000E3162000,295933804,53.0
2933,CRS3035RES1000mN2050000E3162000,303340017,54.0
2934,CRS3035RES1000mN2050000E3162000,315355551,66.0
2935,CRS3035RES1000mN2050000E3162000,339084977,55.0
2936,CRS3035RES1000mN2050000E3162000,412911553,44.0
2937,CRS3035RES1000mN2050000E3162000,558126037,73.0
2938,CRS3035RES1000mN2050000E3162000,711789768,100.0
2939,CRS3035RES1000mN2050000E3162000,727666062,
2940,CRS3035RES1000mN2050000E3162000,848085869,81.0
2941,CRS3035RES1000mN2050000E3162000,1056098898,43.0
2942,CRS3035RES1000mN2050000E3162000,1255438242,65.0
2943,CRS3035RES1000mN2050000E3162000,1469985039,61.0
2944,CRS3035RES1000mN2050000E3162000,1504302537,93.0
2945,CRS3035RES1000mN2050000E3162000,1511617504,81.0
2946,CRS3035RES1000mN2050000E3162000,1541601287,68.0
2947,CRS3035RES1000mN2050000E3162000,1544591296,22.0
2948,CRS3035RES1000mN2050000E3162000,1598174183,55.0
2949,CRS3035RES1000mN2050000E3162000,1629887846,60.0
2950,CRS3035RES1000mN2050000E3162000,1686660176,61.0
2951,CRS3035RES1000mN2050000E3162000,1716927336,87.0
2952,CRS3035RES1000mN2050000E3162000,1734554324,79.0
2953,CRS3035RES1000mN2050000E3162000,1849109335,59.0
2954,CRS3035RES1000mN2050000E3162000,2028408680,97.0
2955,CRS3035RES1000mN2050000E3162000,2036887702,
2956,CRS3035RES1000mN2050000E3162000,2061404218,17.0
2957,CRS3035RES1000mN2050000E3162000,2134238030,79.0
2958,CRS3035RES1000mN2050000E3162000,2261600754,
2959,CRS3035RES1000mN2050000E3162000,2301402027,63.0
2960,CRS3035RES1000mN2050000E3162000,2303966810,97.0
2961,CRS3035RES1000mN2050000E3162000,2312029862,58.0
2962,CRS3035RES1000mN2050000E3162000,2408860250,76.0
2963,CRS3035RES1000mN2050000E3162000,2620185829,43.0
2964,CRS3035RES1000mN2050000E3162000,2622508931,49.0
2965,CRS3035RES1000mN2050000E3162000,2672130951,119.0
2966,CRS3035RES1000mN2050000E3162000,2710518818,82.0
2967,CRS3035RES1000mN2050000E3162000,3034026261,
2968,CRS3035RES1000mN2050000E3162000,3179889751,87.0
2969,CRS3035RES1000mN2050000E3162000,3206611978,
2970,CRS3035RES1000mN2050000E3162000,3272828439,91.0
2971,CRS3035RES1000mN2050000E3162000,3452364276,58.0
2972,CRS3035RES1000mN2050000E3162000,3452364277,35.0
2973,CRS3035RES1000mN2050000E3162000,3495733197,
2974,CRS3035RES1000mN2050000E3162000,3497154853,
2975,CRS3035RES1000mN2050000E3162000,3517755445,
2976,CRS3035RES1000mN2050000E3162000,3522125657,
2977,CRS3035RES1000mN2050000E3162000,3526751794,88.0
2978,CRS3035RES1000mN2050000E3162000,3839306060,58.0
2979,CRS3035RES1000mN2050000E3162000,4214697664,48.0
2980,CRS3035RES1000mN2050000E3162000,4338252586,76.0
2981,CRS3035RES1000mN2050000E3162000,4401271633,
2982,CRS3035RES1000mN2050000E3162000,4515476768,
2983,CRS3035RES1000mN2050000E3162000,4569910891,39.0
2984,CRS3035RES1000mN2050000E3162000,4703730491,61.0
2985,CRS3035RES1000mN2050000E3162000,4707870392,59.0
2986,CRS3035RES1000mN2050000E3162000,4789037769,102.0
2987,CRS3035RES1000mN2050000E3162000,4794233143,59.0
2988,CRS3035RES1000mN2050000E3162000,4870405674,58.0
2989,CRS3035RES1000mN2050000E3162000,5139379922,87.0
2990,CRS3035RES1000mN2050000E3162000,5160337425,43.0
2991,CRS3035RES1000mN2050000E3162000,5196199575,79.0
2992,CRS3035RES1000mN2050000E3162000,5341570554,48.0
2993,CRS3035RES1000mN2050000E3162000,5345949864,81.0
2994,CRS3035RES1000mN2050000E3162000,5448507385,
2995,CRS3035RES1000mN2050000E3162000,5604693894,73.0
2996,CRS3035RES1000mN2050000E3162000,5670401989,85.0
2997,CRS3035RES1000mN2050000E3162000,5942671299,82.0
2998,CRS3035RES1000mN2050000E3162000,5943980960,82.0
2999,CRS3035RES1000mN2050000E3162000,6185791451,
3000,CRS3035RES1000mN2050000E3162000,6188948286,73.0
3001,CRS3035RES1000mN2050000E3162000,6555800191,81.0
3002,CRS3035RES1000mN2050000E3162000,6885254479,24.0
3003,CRS3035RES1000mN2050000E3162000,7222611268,99.0
3004,CRS3035RES1000mN2050000E3162000,7408961006,114.0
3005,CRS3035RES1000mN2050000E3162000,7619964683,87.0
3006,CRS3035RES1000mN2050000E3162000,7836562695,64.0
3007,CRS3035RES1000mN2050000E3162000,8493729364,45.0
3008,CRS3035RES1000mN2050000E3162000,8557885377,74.0
3009,CRS3035RES1000mN2050000E3162000,8807212208,38.0
3010,CRS3035RES1000mN2050000E3162000,8844229173,29.0
3011,CRS3035RES1000mN2050000E3162000,8878422600,60.0
3012,CRS3035RES1000mN2050000E3162000,9595709188,26.0
3013,CRS3035RES1000mN2050000E3162000,9611387099,51.0
3014,CRS3035RES1000mN2050000E3162000,9712656915,44.0
3015,CRS3035RES1000mN2050000E3162000,9713142744,34.0
3016,CRS3035RES1000mN2050000E3162000,9815746657,101.0
3017,CRS3035RES1000mN2050000E3162000,10004871512,58.0
3018,CRS3035RES1000mN2050000E3162000,10281174134,
3019,CRS3035RES1000mN2050000E3162000,10580337411,62.0
3020,CRS3035RES1000mN2050000E3162000,10899442604,87.0
3021,CRS3035RES1000mN2050000E3162000,10922657146,83.0
3022,CRS3035RES1000mN2050000E3162000,11127499928,49.0
3023,CRS3035RES1000mN2050000E3162000,11143725881,63.0
3024,CRS3035RES1000mN2050000E3162000,11243087140,30.0
3025,CRS3035RES1000mN2050000E3162000,11269399969,53.0
3026,CRS3035RES1000mN2050000E3162000,11287269362,62.0
3027,CRS3035RES1000mN2050000E3162000,11287269363,70.0
3028,CRS3035RES1000mN2050000E3162000,11369705764,68.0
3029,CRS3035RES1000mN2050000E3162000,11387776374,68.0
3030,CRS3035RES1000mN2050000E3162000,11461799040,
3031,CRS3035RES1000mN2050000E3162000,11462802981,51.0
3032,CRS3035RES1000mN2050000E3162000,11652077658,64.0
3033,CRS3035RES1000mN2050000E3162000,11691390164,43.0
3034,CRS3035RES1000mN2050000E3162000,11739757462,67.0
3035,CRS3035RES1000mN2050000E3162000,12178446726,67.0
3036,CRS3035RES1000mN2050000E3162000,12407425114,69.0
3037,CRS3035RES1000mN2050000E3162000,12865480228,59.0
3038,CRS3035RES1000mN2050000E3162000,2960630,85.0
3039,CRS3035RES1000mN2050000E3162000,3554044,96.0
3040,CRS3035RES1000mN2050000E3162000,3557906,74.0
3041,CRS3035RES1000mN2050000E3162000,5231361,51.0
3042,CRS3035RES1000mN2050000E3162000,9314566,91.0
3043,CRS3035RES1000mN2050000E3162000,13696257,68.0
3044,CRS3035RES1000mN2050000E3162000,15996131,51.0
3045,CRS3035RES1000mN2050000E3162000,23526191,54.0
3046,CRS3035RES1000mN2050000E3162000,23545719,44.0
3047,CRS3035RES1000mN2050000E3162000,30599279,73.0
3048,CRS3035RES1000mN2050000E3162000,30649229,49.0
3049,CRS3035RES1000mN2050000E3162000,32198651,
3050,CRS3035RES1000mN2050000E3162000,34945111,76.0
3051,CRS3035RES1000mN2050000E3162000,50170625,73.0
3052,CRS3035RES1000mN2050000E3162000,82887228,64.0
3053,CRS3035RES1000mN2050000E3162000,92484952,74.0
3054,CRS3035RES1000mN2050000E3162000,95794713,64.0
3055,CRS3035RES1000mN2050000E3162000,96418670,92.0
3056,CRS3035RES1000mN2050000E3162000,98502686,53.0
3057,CRS3035RES1000mN2050000E3162000,132613257,59.0
3058,CRS3035RES1000mN2050000E3162000,135036040,64.0
3059,CRS3035RES1000mN2050000E3162000,150772489,48.0
3060,CRS3035RES1000mN2050000E3162000,154118456,81.0
3061,CRS3035RES1000mN2050000E3162000,157375776,43.0
3062,CRS3035RES1000mN2050000E3162000,158211204,79.0
3063,CRS3035RES1000mN2050000E3162000,162072415,76.0
3064,CRS3035RES1000mN2050000E3162000,162117720,70.0
3065,CRS3035RES1000mN2050000E3162000,170487273,95.0
3066,CRS3035RES1000mN2050000E3162000,172686062,81.0
3067,CRS3035RES1000mN2050000E3162000,174318235,85.0
3068,CRS3035RES1000mN2050000E3162000,174318237,82.0
3069,CRS3035RES1000mN2050000E3162000,205060159,87.0
3070,CRS3035RES1000mN2050000E3162000,205757163,
3071,CRS3035RES1000mN2050000E3162000,221095520,61.0
3072,CRS3035RES1000mN2050000E3162000,224503374,41.0
3073,CRS3035RES1000mN2050000E3162000,227333462,54.0
3074,CRS3035RES1000mN2050000E3162000,229117454,62.0
3075,CRS3035RES1000mN2050000E3162000,261460389,102.0
3076,CRS3035RES1000mN2050000E3162000,283450022,37.0
3077,CRS3035RES1000mN2050000E3162000,288994040,46.0
3078,CRS3035RES1000mN2050000E3162000,296744564,73.0
3079,CRS3035RES1000mN2050000E3162000,297526406,47.0
3080,CRS3035RES1000mN2050000E3162000,300709861,102.0
3081,CRS3035RES1000mN2050000E3162000,301444634,80.0
3082,CRS3035RES1000mN2050000E3162000,302721609,89.0
3083,CRS3035RES1000mN2050000E3162000,308195630,80.0
3084,CRS3035RES1000mN2050000E3162000,312777902,53.0
3085,CRS3035RES1000mN2050000E3162000,330154630,
3086,CRS3035RES1000mN2050000E3162000,340205456,44.0
3087,CRS3035RES1000mN2050000E3162000,367883612,69.0
3088,CRS3035RES1000mN2050000E3162000,368211943,70.0
3089,CRS3035RES1000mN2050000E3162000,374180360,65.0
3090,CRS3035RES1000mN2050000E3162000,375369499,75.0
3091,CRS3035RES1000mN2050000E3162000,383494544,21.0
3092,CRS3035RES1000mN2050000E3162000,384574591,73.0
3093,CRS3035RES1000mN2050000E3162000,403538322,71.0
3094,CRS3035RES1000mN2050000E3162000,403859503,46.0
3095,CRS3035RES1000mN2050000E3162000,437050442,83.0
3096,CRS3035RES1000mN2050000E3162000,459881697,55.0
3097,CRS3035RES1000mN2050000E3162000,477278425,90.0
3098,CRS3035RES1000mN2050000E3162000,486879235,
3099,CRS3035RES1000mN2050000E3162000,493748377,70.0
3100,CRS3035RES1000mN2050000E3162000,498234201,82.0
3101,CRS3035RES1000mN2050000E3162000,504315026,60.0
3102,CRS3035RES1000mN2050000E3162000,548701490,116.0
3103,CRS3035RES1000mN2050000E3162000,574210084,63.0
3104,CRS3035RES1000mN2050000E3162000,576094143,78.0
3105,CRS3035RES1000mN2050000E3162000,584409067,85.0
3106,CRS3035RES1000mN2050000E3162000,635512756,46.0
3107,CRS3035RES1000mN2050000E3162000,638492224,85.0
3108,CRS3035RES1000mN2050000E3162000,653913062,45.0
3109,CRS3035RES1000mN2050000E3162000,659866770,62.0
3110,CRS3035RES1000mN2050000E3162000,697717972,78.0
3111,CRS3035RES1000mN2050000E3162000,717194862,102.0
3112,CRS3035RES1000mN2050000E3162000,736899303,
3113,CRS3035RES1000mN2050000E3162000,738042217,105.0
3114,CRS3035RES1000mN2050000E3162000,839611983,114.0
3115,CRS3035RES1000mN2050000E3162000,957893520,41.0
3116,CRS3035RES1000mN2050000E3162000,963308110,62.0
3117,CRS3035RES1000mN2050000E3162000,1073283182,82.0
3118,CRS3035RES1000mN2050000E3162000,1252864015,55.0
3119,CRS3035RES1000mN2050000E3162000,1283203658,
3120,CRS3035RES1000mN2050000E3163000,25526,73.0
3121,CRS3035RES1000mN2050000E3163000,1774,59.0
3122,CRS3035RES1000mN2050000E3163000,1770,56.0
3123,CRS3035RES1000mN2050000E3163000,1773,65.0
3124,CRS3035RES1000mN2050000E3163000,1771,55.0
3125,CRS3035RES1000mN2050000E3163000,123303,79.0
3126,CRS3035RES1000mN2050000E3163000,1764,48.0
3127,CRS3035RES1000mN2050000E3163000,181101,79.0
3128,CRS3035RES1000mN2050000E3163000,5765642,77.0
3129,CRS3035RES1000mN2050000E3163000,86719,86.0
3130,CRS3035RES1000mN2050000E3163000,1800,74.0
3131,CRS3035RES1000mN2050000E3163000,1757,63.0
3132,CRS3035RES1000mN2050000E3163000,1755,69.0
3133,CRS3035RES1000mN2050000E3163000,1882,51.0
3134,CRS3035RES1000mN2050000E3163000,1745,62.0
3135,CRS3035RES1000mN2050000E3163000,1794,61.0
3136,CRS3035RES1000mN2050000E3163000,1762,51.0
3137,CRS3035RES1000mN2050000E3163000,51188,31.0
3138,CRS3035RES1000mN2050000E3163000,6893633,51.0
3139,CRS3035RES1000mN2050000E3163000,167128,61.0
3140,CRS3035RES1000mN2050000E3163000,1760,44.0
3141,CRS3035RES1000mN2050000E3163000,12773298,75.0
3142,CRS3035RES1000mN2050000E3163000,1754,83.0
3143,CRS3035RES1000mN2050000E3163000,1748,77.0
3144,CRS3035RES1000mN2050000E3163000,79941,62.0
3145,CRS3035RES1000mN2050000E3163000,1750,52.0
3146,CRS3035RES1000mN2050000E3163000,5975465,59.0
3147,CRS3035RES1000mN2050000E3163000,115056,67.0
3148,CRS3035RES1000mN2050000E3163000,1790,36.0
3149,CRS3035RES1000mN2050000E3163000,1756,76.0
3150,CRS3035RES1000mN2050000E3163000,51849,63.0
3151,CRS3035RES1000mN2050000E3163000,185595,43.0
3152,CRS3035RES1000mN2050000E3163000,7697128,46.0
3153,CRS3035RES1000mN2050000E3163000,10395362,44.0
3154,CRS3035RES1000mN2050000E3163000,1759,33.0
3155,CRS3035RES1000mN2050000E3163000,1752,54.0
3156,CRS3035RES1000mN2050000E3163000,186714,58.0
3157,CRS3035RES1000mN2050000E3163000,1753,69.0
3158,CRS3035RES1000mN2050000E3163000,1792,73.0
3159,CRS3035RES1000mN2050000E3163000,1763,68.0
3160,CRS3035RES1000mN2050000E3163000,1746,70.0
3161,CRS3035RES1000mN2050000E3163000,11572165,75.0
3162,CRS3035RES1000mN2050000E3163000,1761,64.0
3163,CRS3035RES1000mN2050000E3163000,1747,66.0
3164,CRS3035RES1000mN2050000E3163000,5768564,66.0
3165,CRS3035RES1000mN2050000E3163000,1798,56.0
3166,CRS3035RES1000mN2050000E3163000,66904,27.0
3167,CRS3035RES1000mN2050000E3163000,1777,43.0
3168,CRS3035RES1000mN2050000E3163000,1765,54.0
3169,CRS3035RES1000mN2050000E3163000,49416,74.0
3170,CRS3035RES1000mN2050000E3163000,12734939,74.0
3171,CRS3035RES1000mN2050000E3163000,167386167,49.0
3172,CRS3035RES1000mN2050000E3163000,295933804,66.0
3173,CRS3035RES1000mN2050000E3163000,303340017,58.0
3174,CRS3035RES1000mN2050000E3163000,315355551,86.0
3175,CRS3035RES1000mN2050000E3163000,339084977,62.0
3176,CRS3035RES1000mN2050000E3163000,412911553,55.0
3177,CRS3035RES1000mN2050000E3163000,558126037,83.0
3178,CRS3035RES1000mN2050000E3163000,711789768,113.0
3179,CRS3035RES1000mN2050000E3163000,727666062,
3180,CRS3035RES1000mN2050000E3163000,848085869,85.0
3181,CRS3035RES1000mN2050000E3163000,1056098898,54.0
3182,CRS3035RES1000mN2050000E3163000,1255438242,90.0
3183,CRS3035RES1000mN2050000E3163000,1469985039,84.0
3184,CRS3035RES1000mN2050000E3163000,1504302537,94.0
3185,CRS3035RES1000mN2050000E3163000,1511617504,99.0
3186,CRS3035RES1000mN2050000E3163000,1541601287,79.0
3187,CRS3035RES1000mN2050000E3163000,1544591296,35.0
3188,CRS3035RES1000mN2050000E3163000,1598174183,76.0
3189,CRS3035RES1000mN2050000E3163000,1629887846,73.0
3190,CRS3035RES1000mN2050000E3163000,1686660176,71.0
3191,CRS3035RES1000mN2050000E3163000,1716927336,92.0
3192,CRS3035RES1000mN2050000E3163000,1734554324,90.0
3193,CRS3035RES1000mN2050000E3163000,1849109335,63.0
3194,CRS3035RES1000mN2050000E3163000,2028408680,111.0
3195,CRS3035RES1000mN2050000E3163000,2036887702,
3196,CRS3035RES1000mN2050000E3163000,2061404218,16.0
3197,CRS3035RES1000mN2050000E3163000,2134238030,92.0
3198,CRS3035RES1000mN2050000E3163000,2261600754,
3199,CRS3035RES1000mN2050000E3163000,2301402027,82.0
3200,CRS3035RES1000mN2050000E3163000,2303966810,111.0
3201,CRS3035RES1000mN2050000E3163000,2312029862,73.0
3202,CRS3035RES1000mN2050000E3163000,2408860250,82.0
3203,CRS3035RES1000mN2050000E3163000,2620185829,54.0
3204,CRS3035RES1000mN2050000E3163000,2622508931,60.0
3205,CRS3035RES1000mN2050000E3163000,2672130951,
3206,CRS3035RES1000mN2050000E3163000,2710518818,84.0
3207,CRS3035RES1000mN2050000E3163000,3034026261,
3208,CRS3035RES1000mN2050000E3163000,3179889751,100.0
3209,CRS3035RES1000mN2050000E3163000,3206611978,
3210,CRS3035RES1000mN2050000E3163000,3272828439,101.0
3211,CRS3035RES1000mN2050000E3163000,3452364276,72.0
3212,CRS3035RES1000mN2050000E3163000,3452364277,46.0
3213,CRS3035RES1000mN2050000E3163000,3495733197,
3214,CRS3035RES1000mN2050000E3163000,3497154853,
3215,CRS3035RES1000mN2050000E3163000,3517755445,
3216,CRS3035RES1000mN2050000E3163000,3522125657,
3217,CRS3035RES1000mN2050000E3163000,3526751794,88.0
3218,CRS3035RES1000mN2050000E3163000,3839306060,73.0
3219,CRS3035RES1000mN2050000E3163000,4214697664,59.0
3220,CRS3035RES1000mN2050000E3163000,4338252586,76.0
3221,CRS3035RES1000mN2050000E3163000,4401271633,
3222,CRS3035RES1000mN2050000E3163000,4515476768,
3223,CRS3035RES1000mN2050000E3163000,4569910891,51.0
3224,CRS3035RES1000mN2050000E3163000,4703730491,78.0
3225,CRS3035RES1000mN2050000E3163000,4707870392,81.0
3226,CRS3035RES1000mN2050000E3163000,4789037769,115.0
3227,CRS3035RES1000mN2050000E3163000,4794233143,59.0
3228,CRS3035RES1000mN2050000E3163000,4870405674,68.0
3229,CRS3035RES1000mN2050000E3163000,5139379922,96.0
3230,CRS3035RES1000mN2050000E3163000,5160337425,53.0
3231,CRS3035RES1000mN2050000E3163000,5196199575,87.0
3232,CRS3035RES1000mN2050000E3163000,5341570554,59.0
3233,CRS3035RES1000mN2050000E3163000,5345949864,81.0
3234,CRS3035RES1000mN2050000E3163000,5448507385,
3235,CRS3035RES1000mN2050000E3163000,5604693894,73.0
3236,CRS3035RES1000mN2050000E3163000,5670401989,88.0
3237,CRS3035RES1000mN2050000E3163000,5942671299,87.0
3238,CRS3035RES1000mN2050000E3163000,5943980960,92.0
3239,CRS3035RES1000mN2050000E3163000,6185791451,
3240,CRS3035RES1000mN2050000E3163000,6188948286,85.0
3241,CRS3035RES1000mN2050000E3163000,6555800191,91.0
3242,CRS3035RES1000mN2050000E3163000,6885254479,37.0
3243,CRS3035RES1000mN2050000E3163000,7222611268,118.0
3244,CRS3035RES1000mN2050000E3163000,7408961006,114.0
3245,CRS3035RES1000mN2050000E3163000,7619964683,87.0
3246,CRS3035RES1000mN2050000E3163000,7836562695,64.0
3247,CRS3035RES1000mN2050000E3163000,8493729364,56.0
3248,CRS3035RES1000mN2050000E3163000,8557885377,75.0
3249,CRS3035RES1000mN2050000E3163000,8807212208,49.0
3250,CRS3035RES1000mN2050000E3163000,8844229173,40.0
3251,CRS3035RES1000mN2050000E3163000,8878422600,67.0
3252,CRS3035RES1000mN2050000E3163000,9595709188,37.0
3253,CRS3035RES1000mN2050000E3163000,9611387099,62.0
3254,CRS3035RES1000mN2050000E3163000,9712656915,54.0
3255,CRS3035RES1000mN2050000E3163000,9713142744,46.0
3256,CRS3035RES1000mN2050000E3163000,9815746657,
3257,CRS3035RES1000mN2050000E3163000,10004871512,79.0
3258,CRS3035RES1000mN2050000E3163000,10281174134,
3259,CRS3035RES1000mN2050000E3163000,10580337411,77.0
3260,CRS3035RES1000mN2050000E3163000,10899442604,103.0
3261,CRS3035RES1000mN2050000E3163000,10922657146,97.0
3262,CRS3035RES1000mN2050000E3163000,11127499928,54.0
3263,CRS3035RES1000mN2050000E3163000,11143725881,66.0
3264,CRS3035RES1000mN2050000E3163000,11243087140,32.0
3265,CRS3035RES1000mN2050000E3163000,11269399969,64.0
3266,CRS3035RES1000mN2050000E3163000,11287269362,77.0
3267,CRS3035RES1000mN2050000E3163000,11287269363,85.0
3268,CRS3035RES1000mN2050000E3163000,11369705764,86.0
3269,CRS3035RES1000mN2050000E3163000,11387776374,84.0
3270,CRS3035RES1000mN2050000E3163000,11461799040,
3271,CRS3035RES1000mN2050000E3163000,11462802981,69.0
3272,CRS3035RES1000mN2050000E3163000,11652077658,68.0
3273,CRS3035RES1000mN2050000E3163000,11691390164,54.0
3274,CRS3035RES1000mN2050000E3163000,11739757462,84.0
3275,CRS3035RES1000mN2050000E3163000,12178446726,77.0
3276,CRS3035RES1000mN2050000E3163000,12407425114,73.0
3277,CRS3035RES1000mN2050000E3163000,12865480228,74.0
3278,CRS3035RES1000mN2050000E3163000,2960630,94.0
3279,CRS3035RES1000mN2050000E3163000,3554044,102.0
3280,CRS3035RES1000mN2050000E3163000,3557906,92.0
3281,CRS3035RES1000mN2050000E3163000,5231361,62.0
3282,CRS3035RES1000mN2050000E3163000,9314566,99.0
3283,CRS3035RES1000mN2050000E3163000,13696257,89.0
3284,CRS3035RES1000mN2050000E3163000,15996131,63.0
3285,CRS3035RES1000mN2050000E3163000,23526191,65.0
3286,CRS3035RES1000mN2050000E3163000,23545719,55.0
3287,CRS3035RES1000mN2050000E3163000,30599279,86.0
3288,CRS3035RES1000mN2050000E3163000,30649229,59.0
3289,CRS3035RES1000mN2050000E3163000,32198651,
3290,CRS3035RES1000mN2050000E3163000,34945111,92.0
3291,CRS3035RES1000mN2050000E3163000,50170625,87.0
3292,CRS3035RES1000mN2050000E3163000,82887228,64.0
3293,CRS3035RES1000mN2050000E3163000,92484952,90.0
3294,CRS3035RES1000mN2050000E3163000,95794713,73.0
3295,CRS3035RES1000mN2050000E3163000,96418670,107.0
3296,CRS3035RES1000mN2050000E3163000,98502686,64.0
3297,CRS3035RES1000mN2050000E3163000,132613257,70.0
3298,CRS3035RES1000mN2050000E3163000,135036040,71.0
3299,CRS3035RES1000mN2050000E3163000,150772489,59.0
3300,CRS3035RES1000mN2050000E3163000,154118456,84.0
3301,CRS3035RES1000mN2050000E3163000,157375776,51.0
3302,CRS3035RES1000mN2050000E3163000,158211204,88.0
3303,CRS3035RES1000mN2050000E3163000,162072415,85.0
3304,CRS3035RES1000mN2050000E3163000,162117720,73.0
3305,CRS3035RES1000mN2050000E3163000,170487273,107.0
3306,CRS3035RES1000mN2050000E3163000,172686062,90.0
3307,CRS3035RES1000mN2050000E3163000,174318235,91.0
3308,CRS3035RES1000mN2050000E3163000,174318237,95.0
3309,CRS3035RES1000mN2050000E3163000,205060159,88.0
3310,CRS3035RES1000mN2050000E3163000,205757163,
3311,CRS3035RES1000mN2050000E3163000,221095520,80.0
3312,CRS3035RES1000mN2050000E3163000,224503374,53.0
3313,CRS3035RES1000mN2050000E3163000,227333462,58.0
3314,CRS3035RES1000mN2050000E3163000,229117454,65.0
3315,CRS3035RES1000mN2050000E3163000,261460389,102.0
3316,CRS3035RES1000mN2050000E3163000,283450022,49.0
3317,CRS3035RES1000mN2050000E3163000,288994040,58.0
3318,CRS3035RES1000mN2050000E3163000,296744564,89.0
3319,CRS3035RES1000mN2050000E3163000,297526406,49.0
3320,CRS3035RES1000mN2050000E3163000,300709861,112.0
3321,CRS3035RES1000mN2050000E3163000,301444634,84.0
3322,CRS3035RES1000mN2050000E3163000,302721609,101.0
3323,CRS3035RES1000mN2050000E3163000,308195630,81.0
3324,CRS3035RES1000mN2050000E3163000,312777902,65.0
3325,CRS3035RES1000mN2050000E3163000,330154630,
3326,CRS3035RES1000mN2050000E3163000,340205456,56.0
3327,CRS3035RES1000mN2050000E3163000,367883612,69.0
3328,CRS3035RES1000mN2050000E3163000,368211943,77.0
3329,CRS3035RES1000mN2050000E3163000,374180360,80.0
3330,CRS3035RES1000mN2050000E3163000,375369499,78.0
3331,CRS3035RES1000mN2050000E3163000,383494544,32.0
3332,CRS3035RES1000mN2050000E3163000,384574591,93.0
3333,CRS3035RES1000mN2050000E3163000,403538322,87.0
3334,CRS3035RES1000mN2050000E3163000,403859503,56.0
3335,CRS3035RES1000mN2050000E3163000,437050442,101.0
3336,CRS3035RES1000mN2050000E3163000,459881697,59.0
3337,CRS3035RES1000mN2050000E3163000,477278425,108.0
3338,CRS3035RES1000mN2050000E3163000,486879235,
3339,CRS3035RES1000mN2050000E3163000,493748377,81.0
3340,CRS3035RES1000mN2050000E3163000,498234201,99.0
3341,CRS3035RES1000mN2050000E3163000,504315026,75.0
3342,CRS3035RES1000mN2050000E3163000,548701490,
3343,CRS3035RES1000mN2050000E3163000,574210084,64.0
3344,CRS3035RES1000mN2050000E3163000,576094143,85.0
3345,CRS3035RES1000mN2050000E3163000,584409067,101.0
3346,CRS3035RES1000mN2050000E3163000,635512756,48.0
3347,CRS3035RES1000mN2050000E3163000,638492224,104.0
3348,CRS3035RES1000mN2050000E3163000,653913062,56.0
3349,CRS3035RES1000mN2050000E3163000,659866770,62.0
3350,CRS3035RES1000mN2050000E3163000,697717972,89.0
3351,CRS3035RES1000mN2050000E3163000,717194862,102.0
3352,CRS3035RES1000mN2050000E3163000,736899303,
3353,CRS3035RES1000mN2050000E3163000,738042217,106.0
3354,CRS3035RES1000mN2050000E3163000,839611983,114.0
3355,CRS3035RES1000mN2050000E3163000,957893520,52.0
3356,CRS3035RES1000mN2050000E3163000,963308110,80.0
3357,CRS3035RES1000mN2050000E3163000,1073283182,93.0
3358,CRS3035RES1000mN2050000E3163000,1252864015,76.0
3359,CRS3035RES1000mN2050000E3163000,1283203658,
3360,CRS3035RES1000mN2051000E3155000,25526,
3361,CRS3035RES1000mN2051000E3155000,1774,
3362,CRS3035RES1000mN2051000E3155000,1770,
3363,CRS3035RES1000mN2051000E3155000,1773,
3364,CRS3035RES1000mN2051000E3155000,1771,
3365,CRS3035RES1000mN2051000E3155000,123303,
3366,CRS3035RES1000mN2051000E3155000,1764,
3367,CRS3035RES1000mN2051000E3155000,181101,
3368,CRS3035RES1000mN2051000E3155000,5765642,
3369,CRS3035RES1000mN2051000E3155000,86719,
3370,CRS3035RES1000mN2051000E3155000,1800,
3371,CRS3035RES1000mN2051000E3155000,1757,
3372,CRS3035RES1000mN2051000E3155000,1755,
3373,CRS3035RES1000mN2051000E3155000,1882,
3374,CRS3035RES1000mN2051000E3155000,1745,
3375,CRS3035RES1000mN2051000E3155000,1794,
3376,CRS3035RES1000mN2051000E3155000,1762,
3377,CRS3035RES1000mN2051000E3155000,51188,
3378,CRS3035RES1000mN2051000E3155000,6893633,
3379,CRS3035RES1000mN2051000E3155000,167128,
3380,CRS3035RES1000mN2051000E3155000,1760,
3381,CRS3035RES1000mN2051000E3155000,12773298,
3382,CRS3035RES1000mN2051000E3155000,1754,
3383,CRS3035RES1000mN2051000E3155000,1748,
3384,CRS3035RES1000mN2051000E3155000,79941,
3385,CRS3035RES1000mN2051000E3155000,1750,
3386,CRS3035RES1000mN2051000E3155000,5975465,
3387,CRS3035RES1000mN2051000E3155000,115056,
3388,CRS3035RES1000mN2051000E3155000,1790,
3389,CRS3035RES1000mN2051000E3155000,1756,
3390,CRS3035RES1000mN2051000E3155000,51849,
3391,CRS3035RES1000mN2051000E3155000,185595,
3392,CRS3035RES1000mN2051000E3155000,7697128,
3393,CRS3035RES1000mN2051000E3155000,10395362,
3394,CRS3035RES1000mN2051000E3155000,1759,
3395,CRS3035RES1000mN2051000E3155000,1752,
3396,CRS3035RES1000mN2051000E3155000,186714,
3397,CRS3035RES1000mN2051000E3155000,1753,
3398,CRS3035RES1000mN2051000E3155000,1792,
3399,CRS3035RES1000mN2051000E3155000,1763,
3400,CRS3035RES1000mN2051000E3155000,1746,
3401,CRS3035RES1000mN2051000E3155000,11572165,
3402,CRS3035RES1000mN2051000E3155000,1761,
3403,CRS3035RES1000mN2051000E3155000,1747,
3404,CRS3035RES1000mN2051000E3155000,5768564,
3405,CRS3035RES1000mN2051000E3155000,1798,
3406,CRS3035RES1000mN2051000E3155000,66904,
3407,CRS3035RES1000mN2051000E3155000,1777,
3408,CRS3035RES1000mN2051000E3155000,1765,
3409,CRS3035RES1000mN2051000E3155000,49416,
3410,CRS3035RES1000mN2051000E3155000,12734939,
3411,CRS3035RES1000mN2051000E3155000,167386167,
3412,CRS3035RES1000mN2051000E3155000,295933804,
3413,CRS3035RES1000mN2051000E3155000,303340017,
3414,CRS3035RES1000mN2051000E3155000,315355551,
3415,CRS3035RES1000mN2051000E3155000,339084977,
3416,CRS3035RES1000mN2051000E3155000,412911553,
3417,CRS3035RES1000mN2051000E3155000,558126037,
3418,CRS3035RES1000mN2051000E3155000,711789768,
3419,CRS3035RES1000mN2051000E3155000,727666062,
3420,CRS3035RES1000mN2051000E3155000,848085869,
3421,CRS3035RES1000mN2051000E3155000,1056098898,
3422,CRS3035RES1000mN2051000E3155000,1255438242,
3423,CRS3035RES1000mN2051000E3155000,1469985039,
3424,CRS3035RES1000mN2051000E3155000,1504302537,
3425,CRS3035RES1000mN2051000E3155000,1511617504,
3426,CRS3035RES1000mN2051000E3155000,1541601287,
3427,CRS3035RES1000mN2051000E3155000,1544591296,
3428,CRS3035RES1000mN2051000E3155000,1598174183,
3429,CRS3035RES1000mN2051000E3155000,1629887846,
3430,CRS3035RES1000mN2051000E3155000,1686660176,
3431,CRS3035RES1000mN2051000E3155000,1716927336,
3432,CRS3035RES1000mN2051000E3155000,1734554324,
3433,CRS3035RES1000mN2051000E3155000,1849109335,
3434,CRS3035RES1000mN2051000E3155000,2028408680,
3435,CRS3035RES1000mN2051000E3155000,2036887702,
3436,CRS3035RES1000mN2051000E3155000,2061404218,
3437,CRS3035RES1000mN2051000E3155000,2134238030,
3438,CRS3035RES1000mN2051000E3155000,2261600754,
3439,CRS3035RES1000mN2051000E3155000,2301402027,
3440,CRS3035RES1000mN2051000E3155000,2303966810,
3441,CRS3035RES1000mN2051000E3155000,2312029862,
3442,CRS3035RES1000mN2051000E3155000,2408860250,
3443,CRS3035RES1000mN2051000E3155000,2620185829,
3444,CRS3035RES1000mN2051000E3155000,2622508931,
3445,CRS3035RES1000mN2051000E3155000,2672130951,
3446,CRS3035RES1000mN2051000E3155000,2710518818,
3447,CRS3035RES1000mN2051000E3155000,3034026261,
3448,CRS3035RES1000mN2051000E3155000,3179889751,
3449,CRS3035RES1000mN2051000E3155000,3206611978,
3450,CRS3035RES1000mN2051000E3155000,3272828439,
3451,CRS3035RES1000mN2051000E3155000,3452364276,
3452,CRS3035RES1000mN2051000E3155000,3452364277,
3453,CRS3035RES1000mN2051000E3155000,3495733197,
3454,CRS3035RES1000mN2051000E3155000,3497154853,
3455,CRS3035RES1000mN2051000E3155000,3517755445,
3456,CRS3035RES1000mN2051000E3155000,3522125657,
3457,CRS3035RES1000mN2051000E3155000,3526751794,
3458,CRS3035RES1000mN2051000E3155000,3839306060,
3459,CRS3035RES1000mN2051000E3155000,4214697664,
3460,CRS3035RES1000mN2051000E3155000,4338252586,
3461,CRS3035RES1000mN2051000E3155000,4401271633,
3462,CRS3035RES1000mN2051000E3155000,4515476768,
3463,CRS3035RES1000mN2051000E3155000,4569910891,
3464,CRS3035RES1000mN2051000E3155000,4703730491,
3465,CRS3035RES1000mN2051000E3155000,4707870392,
3466,CRS3035RES1000mN2051000E3155000,4789037769,
3467,CRS3035RES1000mN2051000E3155000,4794233143,
3468,CRS3035RES1000mN2051000E3155000,4870405674,
3469,CRS3035RES1000mN2051000E3155000,5139379922,
3470,CRS3035RES1000mN2051000E3155000,5160337425,
3471,CRS3035RES1000mN2051000E3155000,5196199575,
3472,CRS3035RES1000mN2051000E3155000,5341570554,
3473,CRS3035RES1000mN2051000E3155000,5345949864,
3474,CRS3035RES1000mN2051000E3155000,5448507385,
3475,CRS3035RES1000mN2051000E3155000,5604693894,
3476,CRS3035RES1000mN2051000E3155000,5670401989,
3477,CRS3035RES1000mN2051000E3155000,5942671299,
3478,CRS3035RES1000mN2051000E3155000,5943980960,
3479,CRS3035RES1000mN2051000E3155000,6185791451,
3480,CRS3035RES1000mN2051000E3155000,6188948286,
3481,CRS3035RES1000mN2051000E3155000,6555800191,
3482,CRS3035RES1000mN2051000E3155000,6885254479,
3483,CRS3035RES1000mN2051000E3155000,7222611268,
3484,CRS3035RES1000mN2051000E3155000,7408961006,
3485,CRS3035RES1000mN2051000E3155000,7619964683,
3486,CRS3035RES1000mN2051000E3155000,7836562695,
3487,CRS3035RES1000mN2051000E3155000,8493729364,
3488,CRS3035RES1000mN2051000E3155000,8557885377,
3489,CRS3035RES1000mN2051000E3155000,8807212208,
3490,CRS3035RES1000mN2051000E3155000,8844229173,
3491,CRS3035RES1000mN2051000E3155000,8878422600,
3492,CRS3035RES1000mN2051000E3155000,9595709188,
3493,CRS3035RES1000mN2051000E3155000,9611387099,
3494,CRS3035RES1000mN2051000E3155000,9712656915,
3495,CRS3035RES1000mN2051000E3155000,9713142744,
3496,CRS3035RES1000mN2051000E3155000,9815746657,
3497,CRS3035RES1000mN2051000E3155000,10004871512,
3498,CRS3035RES1000mN2051000E3155000,10281174134,
3499,CRS3035RES1000mN2051000E3155000,10580337411,
3500,CRS3035RES1000mN2051000E3155000,10899442604,
3501,CRS3035RES1000mN2051000E3155000,10922657146,
3502,CRS3035RES1000mN2051000E3155000,11127499928,
3503,CRS3035RES1000mN2051000E3155000,11143725881,
3504,CRS3035RES1000mN2051000E3155000,11243087140,
3505,CRS3035RES1000mN2051000E3155000,11269399969,
3506,CRS3035RES1000mN2051000E3155000,11287269362,
3507,CRS3035RES1000mN2051000E3155000,11287269363,
3508,CRS3035RES1000mN2051000E3155000,11369705764,
3509,CRS3035RES1000mN2051000E3155000,11387776374,
3510,CRS3035RES1000mN2051000E3155000,11461799040,
3511,CRS3035RES1000mN2051000E3155000,11462802981,
3512,CRS3035RES1000mN2051000E3155000,11652077658,
3513,CRS3035RES1000mN2051000E3155000,11691390164,
3514,CRS3035RES1000mN2051000E3155000,11739757462,
3515,CRS3035RES1000mN2051000E3155000,12178446726,
3516,CRS3035RES1000mN2051000E3155000,12407425114,
3517,CRS3035RES1000mN2051000E3155000,12865480228,
3518,CRS3035RES1000mN2051000E3155000,2960630,
3519,CRS3035RES1000mN2051000E3155000,3554044,
3520,CRS3035RES1000mN2051000E3155000,3557906,
3521,CRS3035RES1000mN2051000E3155000,5231361,
3522,CRS3035RES1000mN2051000E3155000,9314566,
3523,CRS3035RES1000mN2051000E3155000,13696257,
3524,CRS3035RES1000mN2051000E3155000,15996131,
3525,CRS3035RES1000mN2051000E3155000,23526191,
3526,CRS3035RES1000mN2051000E3155000,23545719,
3527,CRS3035RES1000mN2051000E3155000,30599279,
3528,CRS3035RES1000mN2051000E3155000,30649229,
3529,CRS3035RES1000mN2051000E3155000,32198651,
3530,CRS3035RES1000mN2051000E3155000,34945111,
3531,CRS3035RES1000mN2051000E3155000,50170625,
3532,CRS3035RES1000mN2051000E3155000,82887228,
3533,CRS3035RES1000mN2051000E3155000,92484952,
3534,CRS3035RES1000mN2051000E3155000,95794713,
3535,CRS3035RES1000mN2051000E3155000,96418670,
3536,CRS3035RES1000mN2051000E3155000,98502686,
3537,CRS3035RES1000mN2051000E3155000,132613257,
3538,CRS3035RES1000mN2051000E3155000,135036040,
3539,CRS3035RES1000mN2051000E3155000,150772489,
3540,CRS3035RES1000mN2051000E3155000,154118456,
3541,CRS3035RES1000mN2051000E3155000,157375776,
3542,CRS3035RES1000mN2051000E3155000,158211204,
3543,CRS3035RES1000mN2051000E3155000,162072415,
3544,CRS3035RES1000mN2051000E3155000,162117720,
3545,CRS3035RES1000mN2051000E3155000,170487273,
3546,CRS3035RES1000mN2051000E3155000,172686062,
3547,CRS3035RES1000mN2051000E3155000,174318235,
3548,CRS3035RES1000mN2051000E3155000,174318237,
3549,CRS3035RES1000mN2051000E3155000,205060159,
3550,CRS3035RES1000mN2051000E3155000,205757163,
3551,CRS3035RES1000mN2051000E3155000,221095520,
3552,CRS3035RES1000mN2051000E3155000,224503374,
3553,CRS3035RES1000mN2051000E3155000,227333462,
3554,CRS3035RES1000mN2051000E3155000,229117454,
3555,CRS3035RES1000mN2051000E3155000,261460389,
3556,CRS3035RES1000mN2051000E3155000,283450022,
3557,CRS3035RES1000mN2051000E3155000,288994040,
3558,CRS3035RES1000mN2051000E3155000,296744564,
3559,CRS3035RES1000mN2051000E3155000,297526406,
3560,CRS3035RES1000mN2051000E3155000,300709861,
3561,CRS3035RES1000mN2051000E3155000,301444634,
3562,CRS3035RES1000mN2051000E3155000,302721609,
3563,CRS3035RES1000mN2051000E3155000,308195630,
3564,CRS3035RES1000mN2051000E3155000,312777902,
3565,CRS3035RES1000mN2051000E3155000,330154630,
3566,CRS3035RES1000mN2051000E3155000,340205456,
3567,CRS3035RES1000mN2051000E3155000,367883612,
3568,CRS3035RES1000mN2051000E3155000,368211943,
3569,CRS3035RES1000mN2051000E3155000,374180360,
3570,CRS3035RES1000mN2051000E3155000,375369499,
3571,CRS3035RES1000mN2051000E3155000,383494544,
3572,CRS3035RES1000mN2051000E3155000,384574591,
3573,CRS3035RES1000mN2051000E3155000,403538322,
3574,CRS3035RES1000mN2051000E3155000,403859503,
3575,CRS3035RES1000mN2051000E3155000,437050442,
3576,CRS3035RES1000mN2051000E3155000,459881697,
3577,CRS3035RES1000mN2051000E3155000,477278425,
3578,CRS3035RES1000mN2051000E3155000,486879235,
3579,CRS3035RES1000mN2051000E3155000,493748377,
3580,CRS3035RES1000mN2051000E3155000,498234201,
3581,CRS3035RES1000mN2051000E3155000,504315026,
3582,CRS3035RES1000mN2051000E3155000,548701490,
3583,CRS3035RES1000mN2051000E3155000,574210084,
3584,CRS3035RES1000mN2051000E3155000,576094143,
3585,CRS3035RES1000mN2051000E3155000,584409067,
3586,CRS3035RES1000mN2051000E3155000,635512756,
3587,CRS3035RES1000mN2051000E3155000,638492224,
3588,CRS3035RES1000mN2051000E3155000,653913062,
3589,CRS3035RES1000mN2051000E3155000,659866770,
3590,CRS3035RES1000mN2051000E3155000,697717972,
3591,CRS3035RES1000mN2051000E3155000,717194862,
3592,CRS3035RES1000mN2051000E3155000,736899303,
3593,CRS3035RES1000mN2051000E3155000,738042217,
3594,CRS3035RES1000mN2051000E3155000,839611983,
3595,CRS3035RES1000mN2051000E3155000,957893520,
3596,CRS3035RES1000mN2051000E3155000,963308110,
3597,CRS3035RES1000mN2051000E3155000,1073283182,
3598,CRS3035RES1000mN2051000E3155000,1252864015,
3599,CRS3035RES1000mN2051000E3155000,1283203658,
3600,CRS3035RES1000mN2051000E3156000,25526,
3601,CRS3035RES1000mN2051000E3156000,1774,
3602,CRS3035RES1000mN2051000E3156000,1770,
3603,CRS3035RES1000mN2051000E3156000,1773,
3604,CRS3035RES1000mN2051000E3156000,1771,
3605,CRS3035RES1000mN2051000E3156000,123303,
3606,CRS3035RES1000mN2051000E3156000,1764,
3607,CRS3035RES1000mN2051000E3156000,181101,
3608,CRS3035RES1000mN2051000E3156000,5765642,
3609,CRS3035RES1000mN2051000E3156000,86719,
3610,CRS3035RES1000mN2051000E3156000,1800,
3611,CRS3035RES1000mN2051000E3156000,1757,
3612,CRS3035RES1000mN2051000E3156000,1755,
3613,CRS3035RES1000mN2051000E3156000,1882,
3614,CRS3035RES1000mN2051000E3156000,1745,
3615,CRS3035RES1000mN2051000E3156000,1794,
3616,CRS3035RES1000mN2051000E3156000,1762,
3617,CRS3035RES1000mN2051000E3156000,51188,
3618,CRS3035RES1000mN2051000E3156000,6893633,
3619,CRS3035RES1000mN2051000E3156000,167128,
3620,CRS3035RES1000mN2051000E3156000,1760,
3621,CRS3035RES1000mN2051000E3156000,12773298,
3622,CRS3035RES1000mN2051000E3156000,1754,
3623,CRS3035RES1000mN2051000E3156000,1748,
3624,CRS3035RES1000mN2051000E3156000,79941,
3625,CRS3035RES1000mN2051000E3156000,1750,
3626,CRS3035RES1000mN2051000E3156000,5975465,
3627,CRS3035RES1000mN2051000E3156000,115056,
3628,CRS3035RES1000mN2051000E3156000,1790,
3629,CRS3035RES1000mN2051000E3156000,1756,
3630,CRS3035RES1000mN2051000E3156000,51849,
3631,CRS3035RES1000mN2051000E3156000,185595,
3632,CRS3035RES1000mN2051000E3156000,7697128,
3633,CRS3035RES1000mN2051000E3156000,10395362,
3634,CRS3035RES1000mN2051000E3156000,1759,
3635,CRS3035RES1000mN2051000E3156000,1752,
3636,CRS3035RES1000mN2051000E3156000,186714,
3637,CRS3035RES1000mN2051000E3156000,1753,
3638,CRS3035RES1000mN2051000E3156000,1792,
3639,CRS3035RES1000mN2051000E3156000,1763,
3640,CRS3035RES1000mN2051000E3156000,1746,
3641,CRS3035RES1000mN2051000E3156000,11572165,
3642,CRS3035RES1000mN2051000E3156000,1761,
3643,CRS3035RES1000mN2051000E3156000,1747,
3644,CRS3035RES1000mN2051000E3156000,5768564,
3645,CRS3035RES1000mN2051000E3156000,1798,
3646,CRS3035RES1000mN2051000E3156000,66904,
3647,CRS3035RES1000mN2051000E3156000,1777,
3648,CRS3035RES1000mN2051000E3156000,1765,
3649,CRS3035RES1000mN2051000E3156000,49416,
3650,CRS3035RES1000mN2051000E3156000,12734939,
3651,CRS3035RES1000mN2051000E3156000,167386167,
3652,CRS3035RES1000mN2051000E3156000,295933804,
3653,CRS3035RES1000mN2051000E3156000,303340017,
3654,CRS3035RES1000mN2051000E3156000,315355551,
3655,CRS3035RES1000mN2051000E3156000,339084977,
3656,CRS3035RES1000mN2051000E3156000,412911553,
3657,CRS3035RES1000mN2051000E3156000,558126037,
3658,CRS3035RES1000mN2051000E3156000,711789768,
3659,CRS3035RES1000mN2051000E3156000,727666062,
3660,CRS3035RES1000mN2051000E3156000,848085869,
3661,CRS3035RES1000mN2051000E3156000,1056098898,
3662,CRS3035RES1000mN2051000E3156000,1255438242,
3663,CRS3035RES1000mN2051000E3156000,1469985039,
3664,CRS3035RES1000mN2051000E3156000,1504302537,
3665,CRS3035RES1000mN2051000E3156000,1511617504,
3666,CRS3035RES1000mN2051000E3156000,1541601287,
3667,CRS3035RES1000mN2051000E3156000,1544591296,
3668,CRS3035RES1000mN2051000E3156000,1598174183,
3669,CRS3035RES1000mN2051000E3156000,1629887846,
3670,CRS3035RES1000mN2051000E3156000,1686660176,
3671,CRS3035RES1000mN2051000E3156000,1716927336,
3672,CRS3035RES1000mN2051000E3156000,1734554324,
3673,CRS3035RES1000mN2051000E3156000,1849109335,
3674,CRS3035RES1000mN2051000E3156000,2028408680,
3675,CRS3035RES1000mN2051000E3156000,2036887702,
3676,CRS3035RES1000mN2051000E3156000,2061404218,
3677,CRS3035RES1000mN2051000E3156000,2134238030,
3678,CRS3035RES1000mN2051000E3156000,2261600754,
3679,CRS3035RES1000mN2051000E3156000,2301402027,
3680,CRS3035RES1000mN2051000E3156000,2303966810,
3681,CRS3035RES1000mN2051000E3156000,2312029862,
3682,CRS3035RES1000mN2051000E3156000,2408860250,
3683,CRS3035RES1000mN2051000E3156000,2620185829,
3684,CRS3035RES1000mN2051000E3156000,2622508931,
3685,CRS3035RES1000mN2051000E3156000,2672130951,
3686,CRS3035RES1000mN2051000E3156000,2710518818,
3687,CRS3035RES1000mN2051000E3156000,3034026261,
3688,CRS3035RES1000mN2051000E3156000,3179889751,
3689,CRS3035RES1000mN2051000E3156000,3206611978,
3690,CRS3035RES1000mN2051000E3156000,3272828439,
3691,CRS3035RES1000mN2051000E3156000,3452364276,
3692,CRS3035RES1000mN2051000E3156000,3452364277,
3693,CRS3035RES1000mN2051000E3156000,3495733197,
3694,CRS3035RES1000mN2051000E3156000,3497154853,
3695,CRS3035RES1000mN2051000E3156000,3517755445,
3696,CRS3035RES1000mN2051000E3156000,3522125657,
3697,CRS3035RES1000mN2051000E3156000,3526751794,
3698,CRS3035RES1000mN2051000E3156000,3839306060,
3699,CRS3035RES1000mN2051000E3156000,4214697664,
3700,CRS3035RES1000mN2051000E3156000,4338252586,
3701,CRS3035RES1000mN2051000E3156000,4401271633,
3702,CRS3035RES1000mN2051000E3156000,4515476768,
3703,CRS3035RES1000mN2051000E3156000,4569910891,
3704,CRS3035RES1000mN2051000E3156000,4703730491,
3705,CRS3035RES1000mN2051000E3156000,4707870392,
3706,CRS3035RES1000mN2051000E3156000,4789037769,
3707,CRS3035RES1000mN2051000E3156000,4794233143,
3708,CRS3035RES1000mN2051000E3156000,4870405674,
3709,CRS3035RES1000mN2051000E3156000,5139379922,
3710,CRS3035RES1000mN2051000E3156000,5160337425,
3711,CRS3035RES1000mN2051000E3156000,5196199575,
3712,CRS3035RES1000mN2051000E3156000,5341570554,
3713,CRS3035RES1000mN2051000E3156000,5345949864,
3714,CRS3035RES1000mN2051000E3156000,5448507385,
3715,CRS3035RES1000mN2051000E3156000,5604693894,
3716,CRS3035RES1000mN2051000E3156000,5670401989,
3717,CRS3035RES1000mN2051000E3156000,5942671299,
3718,CRS3035RES1000mN2051000E3156000,5943980960,
3719,CRS3035RES1000mN2051000E3156000,6185791451,
3720,CRS3035RES1000mN2051000E3156000,6188948286,
3721,CRS3035RES1000mN2051000E3156000,6555800191,
3722,CRS3035RES1000mN2051000E3156000,6885254479,
3723,CRS3035RES1000mN2051000E3156000,7222611268,
3724,CRS3035RES1000mN2051000E3156000,7408961006,
3725,CRS3035RES1000mN2051000E3156000,7619964683,
3726,CRS3035RES1000mN2051000E3156000,7836562695,
3727,CRS3035RES1000mN2051000E3156000,8493729364,
3728,CRS3035RES1000mN2051000E3156000,8557885377,
3729,CRS3035RES1000mN2051000E3156000,8807212208,
3730,CRS3035RES1000mN2051000E3156000,8844229173,
3731,CRS3035RES1000mN2051000E3156000,8878422600,
3732,CRS3035RES1000mN2051000E3156000,9595709188,
3733,CRS3035RES1000mN2051000E3156000,9611387099,
3734,CRS3035RES1000mN2051000E3156000,9712656915,
3735,CRS3035RES1000mN2051000E3156000,9713142744,
3736,CRS3035RES1000mN2051000E3156000,9815746657,
3737,CRS3035RES1000mN2051000E3156000,10004871512,
3738,CRS3035RES1000mN2051000E3156000,10281174134,
3739,CRS3035RES1000mN2051000E3156000,10580337411,
3740,CRS3035RES1000mN2051000E3156000,10899442604,
3741,CRS3035RES1000mN2051000E3156000,10922657146,
3742,CRS3035RES1000mN2051000E3156000,11127499928,
3743,CRS3035RES1000mN2051000E3156000,11143725881,
3744,CRS3035RES1000mN2051000E3156000,11243087140,
3745,CRS3035RES1000mN2051000E3156000,11269399969,
3746,CRS3035RES1000mN2051000E3156000,11287269362,
3747,CRS3035RES1000mN2051000E3156000,11287269363,
3748,CRS3035RES1000mN2051000E3156000,11369705764,
3749,CRS3035RES1000mN2051000E3156000,11387776374,
3750,CRS3035RES1000mN2051000E3156000,11461799040,
3751,CRS3035RES1000mN2051000E3156000,11462802981,
3752,CRS3035RES1000mN2051000E3156000,11652077658,
3753,CRS3035RES1000mN2051000E3156000,11691390164,
3754,CRS3035RES1000mN2051000E3156000,11739757462,
3755,CRS3035RES1000mN2051000E3156000,12178446726,
3756,CRS3035RES1000mN2051000E3156000,12407425114,
3757,CRS3035RES1000mN2051000E3156000,12865480228,
3758,CRS3035RES1000mN2051000E3156000,2960630,
3759,CRS3035RES1000mN2051000E3156000,3554044,
3760,CRS3035RES1000mN2051000E3156000,3557906,
3761,CRS3035RES1000mN2051000E3156000,5231361,
3762,CRS3035RES1000mN2051000E3156000,9314566,
3763,CRS3035RES1000mN2051000E3156000,13696257,
3764,CRS3035RES1000mN2051000E3156000,15996131,
3765,CRS3035RES1000mN2051000E3156000,23526191,
3766,CRS3035RES1000mN2051000E3156000,23545719,
3767,CRS3035RES1000mN2051000E3156000,30599279,
3768,CRS3035RES1000mN2051000E3156000,30649229,
3769,CRS3035RES1000mN2051000E3156000,32198651,
3770,CRS3035RES1000mN2051000E3156000,34945111,
3771,CRS3035RES1000mN2051000E3156000,50170625,
3772,CRS3035RES1000mN2051000E3156000,82887228,
3773,CRS3035RES1000mN2051000E3156000,92484952,
3774,CRS3035RES1000mN2051000E3156000,95794713,
3775,CRS3035RES1000mN2051000E3156000,96418670,
3776,CRS3035RES1000mN2051000E3156000,98502686,
3777,CRS3035RES1000mN2051000E3156000,132613257,
3778,CRS3035RES1000mN2051000E3156000,135036040,
3779,CRS3035RES1000mN2051000E3156000,150772489,
3780,CRS3035RES1000mN2051000E3156000,154118456,
3781,CRS3035RES1000mN2051000E3156000,157375776,
3782,CRS3035RES1000mN2051000E3156000,158211204,
3783,CRS3035RES1000mN2051000E3156000,162072415,
3784,CRS3035RES1000mN2051000E3156000,162117720,
3785,CRS3035RES1000mN2051000E3156000,170487273,
3786,CRS3035RES1000mN2051000E3156000,172686062,
3787,CRS3035RES1000mN2051000E3156000,174318235,
3788,CRS3035RES1000mN2051000E3156000,174318237,
3789,CRS3035RES1000mN2051000E3156000,205060159,
3790,CRS3035RES1000mN2051000E3156000,205757163,
3791,CRS3035RES1000mN2051000E3156000,221095520,
3792,CRS3035RES1000mN2051000E3156000,224503374,
3793,CRS3035RES1000mN2051000E3156000,227333462,
3794,CRS3035RES1000mN2051000E3156000,229117454,
3795,CRS3035RES1000mN2051000E3156000,261460389,
3796,CRS3035RES1000mN2051000E3156000,283450022,
3797,CRS3035RES1000mN2051000E3156000,288994040,
3798,CRS3035RES1000mN2051000E3156000,296744564,
3799,CRS3035RES1000mN2051000E3156000,297526406,
3800,CRS3035RES1000mN2051000E3156000,300709861,
3801,CRS3035RES1000mN2051000E3156000,301444634,
3802,CRS3035RES1000mN2051000E3156000,302721609,
3803,CRS3035RES1000mN2051000E3156000,308195630,
3804,CRS3035RES1000mN2051000E3156000,312777902,
3805,CRS3035RES1000mN2051000E3156000,330154630,
3806,CRS3035RES1000mN2051000E3156000,340205456,
3807,CRS3035RES1000mN2051000E3156000,367883612,
3808,CRS3035RES1000mN2051000E3156000,368211943,
3809,CRS3035RES1000mN2051000E3156000,374180360,
3810,CRS3035RES1000mN2051000E3156000,375369499,
3811,CRS3035RES1000mN2051000E3156000,383494544,
3812,CRS3035RES1000mN2051000E3156000,384574591,
3813,CRS3035RES1000mN2051000E3156000,403538322,
3814,CRS3035RES1000mN2051000E3156000,403859503,
3815,CRS3035RES1000mN2051000E3156000,437050442,
3816,CRS3035RES1000mN2051000E3156000,459881697,
3817,CRS3035RES1000mN2051000E3156000,477278425,
3818,CRS3035RES1000mN2051000E3156000,486879235,
3819,CRS3035RES1000mN2051000E3156000,493748377,
3820,CRS3035RES1000mN2051000E3156000,498234201,
3821,CRS3035RES1000mN2051000E3156000,504315026,
3822,CRS3035RES1000mN2051000E3156000,548701490,
3823,CRS3035RES1000mN2051000E3156000,574210084,
3824,CRS3035RES1000mN2051000E3156000,576094143,
3825,CRS3035RES1000mN2051000E3156000,584409067,
3826,CRS3035RES1000mN2051000E3156000,635512756,
3827,CRS3035RES1000mN2051000E3156000,638492224,
3828,CRS3035RES1000mN2051000E3156000,653913062,
3829,CRS3035RES1000mN2051000E3156000,659866770,
3830,CRS3035RES1000mN2051000E3156000,697717972,
3831,CRS3035RES1000mN2051000E3156000,717194862,
3832,CRS3035RES1000mN2051000E3156000,736899303,
3833,CRS3035RES1000mN2051000E3156000,738042217,
3834,CRS3035RES1000mN2051000E3156000,839611983,
3835,CRS3035RES1000mN2051000E3156000,957893520,
3836,CRS3035RES1000mN2051000E3156000,963308110,
3837,CRS3035RES1000mN2051000E3156000,1073283182,
3838,CRS3035RES1000mN2051000E3156000,1252864015,
3839,CRS3035RES1000mN2051000E3156000,1283203658,
3840,CRS3035RES1000mN2051000E3157000,25526,
3841,CRS3035RES1000mN2051000E3157000,1774,
3842,CRS3035RES1000mN2051000E3157000,1770,
3843,CRS3035RES1000mN2051000E3157000,1773,
3844,CRS3035RES1000mN2051000E3157000,1771,
3845,CRS3035RES1000mN2051000E3157000,123303,
3846,CRS3035RES1000mN2051000E3157000,1764,
3847,CRS3035RES1000mN2051000E3157000,181101,
3848,CRS3035RES1000mN2051000E3157000,5765642,
3849,CRS3035RES1000mN2051000E3157000,86719,
3850,CRS3035RES1000mN2051000E3157000,1800,
3851,CRS3035RES1000mN2051000E3157000,1757,
3852,CRS3035RES1000mN2051000E3157000,1755,
3853,CRS3035RES1000mN2051000E3157000,1882,
3854,CRS3035RES1000mN2051000E3157000,1745,
3855,CRS3035RES1000mN2051000E3157000,1794,
3856,CRS3035RES1000mN2051000E3157000,1762,
3857,CRS3035RES1000mN2051000E3157000,51188,
3858,CRS3035RES1000mN2051000E3157000,6893633,
3859,CRS3035RES1000mN2051000E3157000,167128,
3860,CRS3035RES1000mN2051000E3157000,1760,
3861,CRS3035RES1000mN2051000E3157000,12773298,
3862,CRS3035RES1000mN2051000E3157000,1754,
3863,CRS3035RES1000mN2051000E3157000,1748,
3864,CRS3035RES1000mN2051000E3157000,79941,
3865,CRS3035RES1000mN2051000E3157000,1750,
3866,CRS3035RES1000mN2051000E3157000,5975465,
3867,CRS3035RES1000mN2051000E3157000,115056,
3868,CRS3035RES1000mN2051000E3157000,1790,
3869,CRS3035RES1000mN2051000E3157000,1756,
3870,CRS3035RES1000mN2051000E3157000,51849,
3871,CRS3035RES1000mN2051000E3157000,185595,
3872,CRS3035RES1000mN2051000E3157000,7697128,
3873,CRS3035RES1000mN2051000E3157000,10395362,
3874,CRS3035RES1000mN2051000E3157000,1759,
3875,CRS3035RES1000mN2051000E3157000,1752,
3876,CRS3035RES1000mN2051000E3157000,186714,
3877,CRS3035RES1000mN2051000E3157000,1753,
3878,CRS3035RES1000mN2051000E3157000,1792,
3879,CRS3035RES1000mN2051000E3157000,1763,
3880,CRS3035RES1000mN2051000E3157000,1746,
3881,CRS3035RES1000mN2051000E3157000,11572165,
3882,CRS3035RES1000mN2051000E3157000,1761,
3883,CRS3035RES1000mN2051000E3157000,1747,
3884,CRS3035RES1000mN2051000E3157000,5768564,
3885,CRS3035RES1000mN2051000E3157000,1798,
3886,CRS3035RES1000mN2051000E3157000,66904,
3887,CRS3035RES1000mN2051000E3157000,1777,
3888,CRS3035RES1000mN2051000E3157000,1765,
3889,CRS3035RES1000mN2051000E3157000,49416,
3890,CRS3035RES1000mN2051000E3157000,12734939,
3891,CRS3035RES1000mN2051000E3157000,167386167,
3892,CRS3035RES1000mN2051000E3157000,295933804,
3893,CRS3035RES1000mN2051000E3157000,303340017,
3894,CRS3035RES1000mN2051000E3157000,315355551,
3895,CRS3035RES1000mN2051000E3157000,339084977,
3896,CRS3035RES1000mN2051000E3157000,412911553,
3897,CRS3035RES1000mN2051000E3157000,558126037,
3898,CRS3035RES1000mN2051000E3157000,711789768,
3899,CRS3035RES1000mN2051000E3157000,727666062,
3900,CRS3035RES1000mN2051000E3157000,848085869,
3901,CRS3035RES1000mN2051000E3157000,1056098898,
3902,CRS3035RES1000mN2051000E3157000,1255438242,
3903,CRS3035RES1000mN2051000E3157000,1469985039,
3904,CRS3035RES1000mN2051000E3157000,1504302537,
3905,CRS3035RES1000mN2051000E3157000,1511617504,
3906,CRS3035RES1000mN2051000E3157000,1541601287,
3907,CRS3035RES1000mN2051000E3157000,1544591296,108.0
3908,CRS3035RES1000mN2051000E3157000,1598174183,
3909,CRS3035RES1000mN2051000E3157000,1629887846,
3910,CRS3035RES1000mN2051000E3157000,1686660176,
3911,CRS3035RES1000mN2051000E3157000,1716927336,
3912,CRS3035RES1000mN2051000E3157000,1734554324,
3913,CRS3035RES1000mN2051000E3157000,1849109335,
3914,CRS3035RES1000mN2051000E3157000,2028408680,
3915,CRS3035RES1000mN2051000E3157000,2036887702,
3916,CRS3035RES1000mN2051000E3157000,2061404218,115.0
3917,CRS3035RES1000mN2051000E3157000,2134238030,
3918,CRS3035RES1000mN2051000E3157000,2261600754,
3919,CRS3035RES1000mN2051000E3157000,2301402027,
3920,CRS3035RES1000mN2051000E3157000,2303966810,
3921,CRS3035RES1000mN2051000E3157000,2312029862,
3922,CRS3035RES1000mN2051000E3157000,2408860250,
3923,CRS3035RES1000mN2051000E3157000,2620185829,
3924,CRS3035RES1000mN2051000E3157000,2622508931,
3925,CRS3035RES1000mN2051000E3157000,2672130951,
3926,CRS3035RES1000mN2051000E3157000,2710518818,
3927,CRS3035RES1000mN2051000E3157000,3034026261,
3928,CRS3035RES1000mN2051000E3157000,3179889751,
3929,CRS3035RES1000mN2051000E3157000,3206611978,
3930,CRS3035RES1000mN2051000E3157000,3272828439,
3931,CRS3035RES1000mN2051000E3157000,3452364276,
3932,CRS3035RES1000mN2051000E3157000,3452364277,
3933,CRS3035RES1000mN2051000E3157000,3495733197,
3934,CRS3035RES1000mN2051000E3157000,3497154853,
3935,CRS3035RES1000mN2051000E3157000,3517755445,
3936,CRS3035RES1000mN2051000E3157000,3522125657,
3937,CRS3035RES1000mN2051000E3157000,3526751794,
3938,CRS3035RES1000mN2051000E3157000,3839306060,
3939,CRS3035RES1000mN2051000E3157000,4214697664,
3940,CRS3035RES1000mN2051000E3157000,4338252586,
3941,CRS3035RES1000mN2051000E3157000,4401271633,
3942,CRS3035RES1000mN2051000E3157000,4515476768,
3943,CRS3035RES1000mN2051000E3157000,4569910891,
3944,CRS3035RES1000mN2051000E3157000,4703730491,
3945,CRS3035RES1000mN2051000E3157000,4707870392,
3946,CRS3035RES1000mN2051000E3157000,4789037769,
3947,CRS3035RES1000mN2051000E3157000,4794233143,118.0
3948,CRS3035RES1000mN2051000E3157000,4870405674,
3949,CRS3035RES1000mN2051000E3157000,5139379922,
3950,CRS3035RES1000mN2051000E3157000,5160337425,
3951,CRS3035RES1000mN2051000E3157000,5196199575,
3952,CRS3035RES1000mN2051000E3157000,5341570554,
3953,CRS3035RES1000mN2051000E3157000,5345949864,
3954,CRS3035RES1000mN2051000E3157000,5448507385,
3955,CRS3035RES1000mN2051000E3157000,5604693894,
3956,CRS3035RES1000mN2051000E3157000,5670401989,
3957,CRS3035RES1000mN2051000E3157000,5942671299,
3958,CRS3035RES1000mN2051000E3157000,5943980960,
3959,CRS3035RES1000mN2051000E3157000,6185791451,
3960,CRS3035RES1000mN2051000E3157000,6188948286,
3961,CRS3035RES1000mN2051000E3157000,6555800191,
3962,CRS3035RES1000mN2051000E3157000,6885254479,113.0
3963,CRS3035RES1000mN2051000E3157000,7222611268,
3964,CRS3035RES1000mN2051000E3157000,7408961006,
3965,CRS3035RES1000mN2051000E3157000,7619964683,
3966,CRS3035RES1000mN2051000E3157000,7836562695,
3967,CRS3035RES1000mN2051000E3157000,8493729364,
3968,CRS3035RES1000mN2051000E3157000,8557885377,
3969,CRS3035RES1000mN2051000E3157000,8807212208,
3970,CRS3035RES1000mN2051000E3157000,8844229173,
3971,CRS3035RES1000mN2051000E3157000,8878422600,
3972,CRS3035RES1000mN2051000E3157000,9595709188,
3973,CRS3035RES1000mN2051000E3157000,9611387099,
3974,CRS3035RES1000mN2051000E3157000,9712656915,
3975,CRS3035RES1000mN2051000E3157000,9713142744,
3976,CRS3035RES1000mN2051000E3157000,9815746657,
3977,CRS3035RES1000mN2051000E3157000,10004871512,
3978,CRS3035RES1000mN2051000E3157000,10281174134,
3979,CRS3035RES1000mN2051000E3157000,10580337411,
3980,CRS3035RES1000mN2051000E3157000,10899442604,
3981,CRS3035RES1000mN2051000E3157000,10922657146,
3982,CRS3035RES1000mN2051000E3157000,11127499928,
3983,CRS3035RES1000mN2051000E3157000,11143725881,
3984,CRS3035RES1000mN2051000E3157000,11243087140,116.0
3985,CRS3035RES1000mN2051000E3157000,11269399969,
3986,CRS3035RES1000mN2051000E3157000,11287269362,
3987,CRS3035RES1000mN2051000E3157000,11287269363,
3988,CRS3035RES1000mN2051000E3157000,11369705764,
3989,CRS3035RES1000mN2051000E3157000,11387776374,
3990,CRS3035RES1000mN2051000E3157000,11461799040,
3991,CRS3035RES1000mN2051000E3157000,11462802981,
3992,CRS3035RES1000mN2051000E3157000,11652077658,
3993,CRS3035RES1000mN2051000E3157000,11691390164,
3994,CRS3035RES1000mN2051000E3157000,11739757462,
3995,CRS3035RES1000mN2051000E3157000,12178446726,
3996,CRS3035RES1000mN2051000E3157000,12407425114,
3997,CRS3035RES1000mN2051000E3157000,12865480228,
3998,CRS3035RES1000mN2051000E3157000,2960630,
3999,CRS3035RES1000mN2051000E3157000,3554044,
4000,CRS3035RES1000mN2051000E3157000,3557906,
4001,CRS3035RES1000mN2051000E3157000,5231361,
4002,CRS3035RES1000mN2051000E3157000,9314566,
4003,CRS3035RES1000mN2051000E3157000,13696257,
4004,CRS3035RES1000mN2051000E3157000,15996131,
4005,CRS3035RES1000mN2051000E3157000,23526191,
4006,CRS3035RES1000mN2051000E3157000,23545719,
4007,CRS3035RES1000mN2051000E3157000,30599279,
4008,CRS3035RES1000mN2051000E3157000,30649229,
4009,CRS3035RES1000mN2051000E3157000,32198651,
4010,CRS3035RES1000mN2051000E3157000,34945111,
4011,CRS3035RES1000mN2051000E3157000,50170625,
4012,CRS3035RES1000mN2051000E3157000,82887228,
4013,CRS3035RES1000mN2051000E3157000,92484952,
4014,CRS3035RES1000mN2051000E3157000,95794713,
4015,CRS3035RES1000mN2051000E3157000,96418670,
4016,CRS3035RES1000mN2051000E3157000,98502686,
4017,CRS3035RES1000mN2051000E3157000,132613257,
4018,CRS3035RES1000mN2051000E3157000,135036040,
4019,CRS3035RES1000mN2051000E3157000,150772489,
4020,CRS3035RES1000mN2051000E3157000,154118456,
4021,CRS3035RES1000mN2051000E3157000,157375776,
4022,CRS3035RES1000mN2051000E3157000,158211204,
4023,CRS3035RES1000mN2051000E3157000,162072415,
4024,CRS3035RES1000mN2051000E3157000,162117720,
4025,CRS3035RES1000mN2051000E3157000,170487273,
4026,CRS3035RES1000mN2051000E3157000,172686062,
4027,CRS3035RES1000mN2051000E3157000,174318235,
4028,CRS3035RES1000mN2051000E3157000,174318237,
4029,CRS3035RES1000mN2051000E3157000,205060159,
4030,CRS3035RES1000mN2051000E3157000,205757163,
4031,CRS3035RES1000mN2051000E3157000,221095520,
4032,CRS3035RES1000mN2051000E3157000,224503374,
4033,CRS3035RES1000mN2051000E3157000,227333462,
4034,CRS3035RES1000mN2051000E3157000,229117454,
4035,CRS3035RES1000mN2051000E3157000,261460389,
4036,CRS3035RES1000mN2051000E3157000,283450022,
4037,CRS3035RES1000mN2051000E3157000,288994040,
4038,CRS3035RES1000mN2051000E3157000,296744564,
4039,CRS3035RES1000mN2051000E3157000,297526406,
4040,CRS3035RES1000mN2051000E3157000,300709861,
4041,CRS3035RES1000mN2051000E3157000,301444634,
4042,CRS3035RES1000mN2051000E3157000,302721609,
4043,CRS3035RES1000mN2051000E3157000,308195630,
4044,CRS3035RES1000mN2051000E3157000,312777902,
4045,CRS3035RES1000mN2051000E3157000,330154630,
4046,CRS3035RES1000mN2051000E3157000,340205456,
4047,CRS3035RES1000mN2051000E3157000,367883612,
4048,CRS3035RES1000mN2051000E3157000,368211943,
4049,CRS3035RES1000mN2051000E3157000,374180360,
4050,CRS3035RES1000mN2051000E3157000,375369499,
4051,CRS3035RES1000mN2051000E3157000,383494544,
4052,CRS3035RES1000mN2051000E3157000,384574591,
4053,CRS3035RES1000mN2051000E3157000,403538322,
4054,CRS3035RES1000mN2051000E3157000,403859503,
4055,CRS3035RES1000mN2051000E3157000,437050442,
4056,CRS3035RES1000mN2051000E3157000,459881697,
4057,CRS3035RES1000mN2051000E3157000,477278425,
4058,CRS3035RES1000mN2051000E3157000,486879235,
4059,CRS3035RES1000mN2051000E3157000,493748377,
4060,CRS3035RES1000mN2051000E3157000,498234201,
4061,CRS3035RES1000mN2051000E3157000,504315026,
4062,CRS3035RES1000mN2051000E3157000,548701490,
4063,CRS3035RES1000mN2051000E3157000,574210084,
4064,CRS3035RES1000mN2051000E3157000,576094143,
4065,CRS3035RES1000mN2051000E3157000,584409067,
4066,CRS3035RES1000mN2051000E3157000,635512756,
4067,CRS3035RES1000mN2051000E3157000,638492224,
4068,CRS3035RES1000mN2051000E3157000,653913062,
4069,CRS3035RES1000mN2051000E3157000,659866770,
4070,CRS3035RES1000mN2051000E3157000,697717972,
4071,CRS3035RES1000mN2051000E3157000,717194862,
4072,CRS3035RES1000mN2051000E3157000,736899303,
4073,CRS3035RES1000mN2051000E3157000,738042217,
4074,CRS3035RES1000mN2051000E3157000,839611983,
4075,CRS3035RES1000mN2051000E3157000,957893520,
4076,CRS3035RES1000mN2051000E3157000,963308110,
4077,CRS3035RES1000mN2051000E3157000,1073283182,
4078,CRS3035RES1000mN2051000E3157000,1252864015,
4079,CRS3035RES1000mN2051000E3157000,1283203658,
4080,CRS3035RES1000mN2051000E3158000,25526,
4081,CRS3035RES1000mN2051000E3158000,1774,
4082,CRS3035RES1000mN2051000E3158000,1770,
4083,CRS3035RES1000mN2051000E3158000,1773,
4084,CRS3035RES1000mN2051000E3158000,1771,
4085,CRS3035RES1000mN2051000E3158000,123303,
4086,CRS3035RES1000mN2051000E3158000,1764,
4087,CRS3035RES1000mN2051000E3158000,181101,
4088,CRS3035RES1000mN2051000E3158000,5765642,
4089,CRS3035RES1000mN2051000E3158000,86719,
4090,CRS3035RES1000mN2051000E3158000,1800,
4091,CRS3035RES1000mN2051000E3158000,1757,
4092,CRS3035RES1000mN2051000E3158000,1755,
4093,CRS3035RES1000mN2051000E3158000,1882,
4094,CRS3035RES1000mN2051000E3158000,1745,
4095,CRS3035RES1000mN2051000E3158000,1794,
4096,CRS3035RES1000mN2051000E3158000,1762,
4097,CRS3035RES1000mN2051000E3158000,51188,
4098,CRS3035RES1000mN2051000E3158000,6893633,
4099,CRS3035RES1000mN2051000E3158000,167128,
4100,CRS3035RES1000mN2051000E3158000,1760,
4101,CRS3035RES1000mN2051000E3158000,12773298,
4102,CRS3035RES1000mN2051000E3158000,1754,
4103,CRS3035RES1000mN2051000E3158000,1748,
4104,CRS3035RES1000mN2051000E3158000,79941,
4105,CRS3035RES1000mN2051000E3158000,1750,
4106,CRS3035RES1000mN2051000E3158000,5975465,
4107,CRS3035RES1000mN2051000E3158000,115056,
4108,CRS3035RES1000mN2051000E3158000,1790,
4109,CRS3035RES1000mN2051000E3158000,1756,
4110,CRS3035RES1000mN2051000E3158000,51849,
4111,CRS3035RES1000mN2051000E3158000,185595,
4112,CRS3035RES1000mN2051000E3158000,7697128,
4113,CRS3035RES1000mN2051000E3158000,10395362,
4114,CRS3035RES1000mN2051000E3158000,1759,
4115,CRS3035RES1000mN2051000E3158000,1752,
4116,CRS3035RES1000mN2051000E3158000,186714,
4117,CRS3035RES1000mN2051000E3158000,1753,
4118,CRS3035RES1000mN2051000E3158000,1792,
4119,CRS3035RES1000mN2051000E3158000,1763,
4120,CRS3035RES1000mN2051000E3158000,1746,
4121,CRS3035RES1000mN2051000E3158000,11572165,
4122,CRS3035RES1000mN2051000E3158000,1761,
4123,CRS3035RES1000mN2051000E3158000,1747,
4124,CRS3035RES1000mN2051000E3158000,5768564,
4125,CRS3035RES1000mN2051000E3158000,1798,
4126,CRS3035RES1000mN2051000E3158000,66904,
4127,CRS3035RES1000mN2051000E3158000,1777,
4128,CRS3035RES1000mN2051000E3158000,1765,
4129,CRS3035RES1000mN2051000E3158000,49416,
4130,CRS3035RES1000mN2051000E3158000,12734939,
4131,CRS3035RES1000mN2051000E3158000,167386167,
4132,CRS3035RES1000mN2051000E3158000,295933804,
4133,CRS3035RES1000mN2051000E3158000,303340017,
4134,CRS3035RES1000mN2051000E3158000,315355551,
4135,CRS3035RES1000mN2051000E3158000,339084977,
4136,CRS3035RES1000mN2051000E3158000,412911553,
4137,CRS3035RES1000mN2051000E3158000,558126037,
4138,CRS3035RES1000mN2051000E3158000,711789768,
4139,CRS3035RES1000mN2051000E3158000,727666062,
4140,CRS3035RES1000mN2051000E3158000,848085869,
4141,CRS3035RES1000mN2051000E3158000,1056098898,
4142,CRS3035RES1000mN2051000E3158000,1255438242,
4143,CRS3035RES1000mN2051000E3158000,1469985039,
4144,CRS3035RES1000mN2051000E3158000,1504302537,
4145,CRS3035RES1000mN2051000E3158000,1511617504,
4146,CRS3035RES1000mN2051000E3158000,1541601287,
4147,CRS3035RES1000mN2051000E3158000,1544591296,
4148,CRS3035RES1000mN2051000E3158000,1598174183,
4149,CRS3035RES1000mN2051000E3158000,1629887846,
4150,CRS3035RES1000mN2051000E3158000,1686660176,
4151,CRS3035RES1000mN2051000E3158000,1716927336,
4152,CRS3035RES1000mN2051000E3158000,1734554324,
4153,CRS3035RES1000mN2051000E3158000,1849109335,
4154,CRS3035RES1000mN2051000E3158000,2028408680,
4155,CRS3035RES1000mN2051000E3158000,2036887702,
4156,CRS3035RES1000mN2051000E3158000,2061404218,
4157,CRS3035RES1000mN2051000E3158000,2134238030,
4158,CRS3035RES1000mN2051000E3158000,2261600754,
4159,CRS3035RES1000mN2051000E3158000,2301402027,
4160,CRS3035RES1000mN2051000E3158000,2303966810,
4161,CRS3035RES1000mN2051000E3158000,2312029862,
4162,CRS3035RES1000mN2051000E3158000,2408860250,
4163,CRS3035RES1000mN2051000E3158000,2620185829,
4164,CRS3035RES1000mN2051000E3158000,2622508931,
4165,CRS3035RES1000mN2051000E3158000,2672130951,
4166,CRS3035RES1000mN2051000E3158000,2710518818,
4167,CRS3035RES1000mN2051000E3158000,3034026261,
4168,CRS3035RES1000mN2051000E3158000,3179889751,
4169,CRS3035RES1000mN2051000E3158000,3206611978,
4170,CRS3035RES1000mN2051000E3158000,3272828439,
4171,CRS3035RES1000mN2051000E3158000,3452364276,
4172,CRS3035RES1000mN2051000E3158000,3452364277,
4173,CRS3035RES1000mN2051000E3158000,3495733197,
4174,CRS3035RES1000mN2051000E3158000,3497154853,
4175,CRS3035RES1000mN2051000E3158000,3517755445,
4176,CRS3035RES1000mN2051000E3158000,3522125657,
4177,CRS3035RES1000mN2051000E3158000,3526751794,
4178,CRS3035RES1000mN2051000E3158000,3839306060,
4179,CRS3035RES1000mN2051000E3158000,4214697664,
4180,CRS3035RES1000mN2051000E3158000,4338252586,
4181,CRS3035RES1000mN2051000E3158000,4401271633,
4182,CRS3035RES1000mN2051000E3158000,4515476768,
4183,CRS3035RES1000mN2051000E3158000,4569910891,
4184,CRS3035RES1000mN2051000E3158000,4703730491,
4185,CRS3035RES1000mN2051000E3158000,4707870392,
4186,CRS3035RES1000mN2051000E3158000,4789037769,
4187,CRS3035RES1000mN2051000E3158000,4794233143,
4188,CRS3035RES1000mN2051000E3158000,4870405674,
4189,CRS3035RES1000mN2051000E3158000,5139379922,
4190,CRS3035RES1000mN2051000E3158000,5160337425,
4191,CRS3035RES1000mN2051000E3158000,5196199575,
4192,CRS3035RES1000mN2051000E3158000,5341570554,
4193,CRS3035RES1000mN2051000E3158000,5345949864,
4194,CRS3035RES1000mN2051000E3158000,5448507385,
4195,CRS3035RES1000mN2051000E3158000,5604693894,
4196,CRS3035RES1000mN2051000E3158000,5670401989,
4197,CRS3035RES1000mN2051000E3158000,5942671299,
4198,CRS3035RES1000mN2051000E3158000,5943980960,
4199,CRS3035RES1000mN2051000E3158000,6185791451,
4200,CRS3035RES1000mN2051000E3158000,6188948286,
4201,CRS3035RES1000mN2051000E3158000,6555800191,
4202,CRS3035RES1000mN2051000E3158000,6885254479,
4203,CRS3035RES1000mN2051000E3158000,7222611268,
4204,CRS3035RES1000mN2051000E3158000,7408961006,
4205,CRS3035RES1000mN2051000E3158000,7619964683,
4206,CRS3035RES1000mN2051000E3158000,7836562695,
4207,CRS3035RES1000mN2051000E3158000,8493729364,
4208,CRS3035RES1000mN2051000E3158000,8557885377,
4209,CRS3035RES1000mN2051000E3158000,8807212208,
4210,CRS3035RES1000mN2051000E3158000,8844229173,
4211,CRS3035RES1000mN2051000E3158000,8878422600,
4212,CRS3035RES1000mN2051000E3158000,9595709188,
4213,CRS3035RES1000mN2051000E3158000,9611387099,
4214,CRS3035RES1000mN2051000E3158000,9712656915,
4215,CRS3035RES1000mN2051000E3158000,9713142744,
4216,CRS3035RES1000mN2051000E3158000,9815746657,
4217,CRS3035RES1000mN2051000E3158000,10004871512,
4218,CRS3035RES1000mN2051000E3158000,10281174134,
4219,CRS3035RES1000mN2051000E3158000,10580337411,
4220,CRS3035RES1000mN2051000E3158000,10899442604,
4221,CRS3035RES1000mN2051000E3158000,10922657146,
4222,CRS3035RES1000mN2051000E3158000,11127499928,
4223,CRS3035RES1000mN2051000E3158000,11143725881,
4224,CRS3035RES1000mN2051000E3158000,11243087140,
4225,CRS3035RES1000mN2051000E3158000,11269399969,
4226,CRS3035RES1000mN2051000E3158000,11287269362,
4227,CRS3035RES1000mN2051000E3158000,11287269363,
4228,CRS3035RES1000mN2051000E3158000,11369705764,
4229,CRS3035RES1000mN2051000E3158000,11387776374,
4230,CRS3035RES1000mN2051000E3158000,11461799040,
4231,CRS3035RES1000mN2051000E3158000,11462802981,
4232,CRS3035RES1000mN2051000E3158000,11652077658,
4233,CRS3035RES1000mN2051000E3158000,11691390164,
4234,CRS3035RES1000mN2051000E3158000,11739757462,
4235,CRS3035RES1000mN2051000E3158000,12178446726,
4236,CRS3035RES1000mN2051000E3158000,12407425114,
4237,CRS3035RES1000mN2051000E3158000,12865480228,
4238,CRS3035RES1000mN2051000E3158000,2960630,
4239,CRS3035RES1000mN2051000E3158000,3554044,
4240,CRS3035RES1000mN2051000E3158000,3557906,
4241,CRS3035RES1000mN2051000E3158000,5231361,
4242,CRS3035RES1000mN2051000E3158000,9314566,
4243,CRS3035RES1000mN2051000E3158000,13696257,
4244,CRS3035RES1000mN2051000E3158000,15996131,
4245,CRS3035RES1000mN2051000E3158000,23526191,
4246,CRS3035RES1000mN2051000E3158000,23545719,
4247,CRS3035RES1000mN2051000E3158000,30599279,
4248,CRS3035RES1000mN2051000E3158000,30649229,
4249,CRS3035RES1000mN2051000E3158000,32198651,
4250,CRS3035RES1000mN2051000E3158000,34945111,
4251,CRS3035RES1000mN2051000E3158000,50170625,
4252,CRS3035RES1000mN2051000E3158000,82887228,
4253,CRS3035RES1000mN2051000E3158000,92484952,
4254,CRS3035RES1000mN2051000E3158000,95794713,
4255,CRS3035RES1000mN2051000E3158000,96418670,
4256,CRS3035RES1000mN2051000E3158000,98502686,
4257,CRS3035RES1000mN2051000E3158000,132613257,
4258,CRS3035RES1000mN2051000E3158000,135036040,
4259,CRS3035RES1000mN2051000E3158000,150772489,
4260,CRS3035RES1000mN2051000E3158000,154118456,
4261,CRS3035RES1000mN2051000E3158000,157375776,
4262,CRS3035RES1000mN2051000E3158000,158211204,
4263,CRS3035RES1000mN2051000E3158000,162072415,
4264,CRS3035RES1000mN2051000E3158000,162117720,
4265,CRS3035RES1000mN2051000E3158000,170487273,
4266,CRS3035RES1000mN2051000E3158000,172686062,
4267,CRS3035RES1000mN2051000E3158000,174318235,
4268,CRS3035RES1000mN2051000E3158000,174318237,
4269,CRS3035RES1000mN2051000E3158000,205060159,
4270,CRS3035RES1000mN2051000E3158000,205757163,
4271,CRS3035RES1000mN2051000E3158000,221095520,
4272,CRS3035RES1000mN2051000E3158000,224503374,
4273,CRS3035RES1000mN2051000E3158000,227333462,
4274,CRS3035RES1000mN2051000E3158000,229117454,
4275,CRS3035RES1000mN2051000E3158000,261460389,
4276,CRS3035RES1000mN2051000E3158000,283450022,
4277,CRS3035RES1000mN2051000E3158000,288994040,
4278,CRS3035RES1000mN2051000E3158000,296744564,
4279,CRS3035RES1000mN2051000E3158000,297526406,
4280,CRS3035RES1000mN2051000E3158000,300709861,
4281,CRS3035RES1000mN2051000E3158000,301444634,
4282,CRS3035RES1000mN2051000E3158000,302721609,
4283,CRS3035RES1000mN2051000E3158000,308195630,
4284,CRS3035RES1000mN2051000E3158000,312777902,
4285,CRS3035RES1000mN2051000E3158000,330154630,
4286,CRS3035RES1000mN2051000E3158000,340205456,
4287,CRS3035RES1000mN2051000E3158000,367883612,
4288,CRS3035RES1000mN2051000E3158000,368211943,
4289,CRS3035RES1000mN2051000E3158000,374180360,
4290,CRS3035RES1000mN2051000E3158000,375369499,
4291,CRS3035RES1000mN2051000E3158000,383494544,
4292,CRS3035RES1000mN2051000E3158000,384574591,
4293,CRS3035RES1000mN2051000E3158000,403538322,
4294,CRS3035RES1000mN2051000E3158000,403859503,
4295,CRS3035RES1000mN2051000E3158000,437050442,
4296,CRS3035RES1000mN2051000E3158000,459881697,
4297,CRS3035RES1000mN2051000E3158000,477278425,
4298,CRS3035RES1000mN2051000E3158000,486879235,
4299,CRS3035RES1000mN2051000E3158000,493748377,
4300,CRS3035RES1000mN2051000E3158000,498234201,
4301,CRS3035RES1000mN2051000E3158000,504315026,
4302,CRS3035RES1000mN2051000E3158000,548701490,
4303,CRS3035RES1000mN2051000E3158000,574210084,
4304,CRS3035RES1000mN2051000E3158000,576094143,
4305,CRS3035RES1000mN2051000E3158000,584409067,
4306,CRS3035RES1000mN2051000E3158000,635512756,
4307,CRS3035RES1000mN2051000E3158000,638492224,
4308,CRS3035RES1000mN2051000E3158000,653913062,
4309,CRS3035RES1000mN2051000E3158000,659866770,
4310,CRS3035RES1000mN2051000E3158000,697717972,
4311,CRS3035RES1000mN2051000E3158000,717194862,
4312,CRS3035RES1000mN2051000E3158000,736899303,
4313,CRS3035RES1000mN2051000E3158000,738042217,
4314,CRS3035RES1000mN2051000E3158000,839611983,
4315,CRS3035RES1000mN2051000E3158000,957893520,
4316,CRS3035RES1000mN2051000E3158000,963308110,
4317,CRS3035RES1000mN2051000E3158000,1073283182,
4318,CRS3035RES1000mN2051000E3158000,1252864015,
4319,CRS3035RES1000mN2051000E3158000,1283203658,
4320,CRS3035RES1000mN2051000E3159000,25526,
4321,CRS3035RES1000mN2051000E3159000,1774,
4322,CRS3035RES1000mN2051000E3159000,1770,
4323,CRS3035RES1000mN2051000E3159000,1773,
4324,CRS3035RES1000mN2051000E3159000,1771,
4325,CRS3035RES1000mN2051000E3159000,123303,
4326,CRS3035RES1000mN2051000E3159000,1764,
4327,CRS3035RES1000mN2051000E3159000,181101,
4328,CRS3035RES1000mN2051000E3159000,5765642,
4329,CRS3035RES1000mN2051000E3159000,86719,
4330,CRS3035RES1000mN2051000E3159000,1800,
4331,CRS3035RES1000mN2051000E3159000,1757,
4332,CRS3035RES1000mN2051000E3159000,1755,
4333,CRS3035RES1000mN2051000E3159000,1882,
4334,CRS3035RES1000mN2051000E3159000,1745,
4335,CRS3035RES1000mN2051000E3159000,1794,
4336,CRS3035RES1000mN2051000E3159000,1762,
4337,CRS3035RES1000mN2051000E3159000,51188,
4338,CRS3035RES1000mN2051000E3159000,6893633,
4339,CRS3035RES1000mN2051000E3159000,167128,
4340,CRS3035RES1000mN2051000E3159000,1760,
4341,CRS3035RES1000mN2051000E3159000,12773298,
4342,CRS3035RES1000mN2051000E3159000,1754,
4343,CRS3035RES1000mN2051000E3159000,1748,
4344,CRS3035RES1000mN2051000E3159000,79941,
4345,CRS3035RES1000mN2051000E3159000,1750,
4346,CRS3035RES1000mN2051000E3159000,5975465,
4347,CRS3035RES1000mN2051000E3159000,115056,
4348,CRS3035RES1000mN2051000E3159000,1790,
4349,CRS3035RES1000mN2051000E3159000,1756,
4350,CRS3035RES1000mN2051000E3159000,51849,
4351,CRS3035RES1000mN2051000E3159000,185595,
4352,CRS3035RES1000mN2051000E3159000,7697128,
4353,CRS3035RES1000mN2051000E3159000,10395362,
4354,CRS3035RES1000mN2051000E3159000,1759,
4355,CRS3035RES1000mN2051000E3159000,1752,
4356,CRS3035RES1000mN2051000E3159000,186714,
4357,CRS3035RES1000mN2051000E3159000,1753,
4358,CRS3035RES1000mN2051000E3159000,1792,
4359,CRS3035RES1000mN2051000E3159000,1763,
4360,CRS3035RES1000mN2051000E3159000,1746,
4361,CRS3035RES1000mN2051000E3159000,11572165,
4362,CRS3035RES1000mN2051000E3159000,1761,
4363,CRS3035RES1000mN2051000E3159000,1747,
4364,CRS3035RES1000mN2051000E3159000,5768564,
4365,CRS3035RES1000mN2051000E3159000,1798,
4366,CRS3035RES1000mN2051000E3159000,66904,
4367,CRS3035RES1000mN2051000E3159000,1777,
4368,CRS3035RES1000mN2051000E3159000,1765,
4369,CRS3035RES1000mN2051000E3159000,49416,
4370,CRS3035RES1000mN2051000E3159000,12734939,
4371,CRS3035RES1000mN2051000E3159000,167386167,
4372,CRS3035RES1000mN2051000E3159000,295933804,
4373,CRS3035RES1000mN2051000E3159000,303340017,
4374,CRS3035RES1000mN2051000E3159000,315355551,
4375,CRS3035RES1000mN2051000E3159000,339084977,
4376,CRS3035RES1000mN2051000E3159000,412911553,
4377,CRS3035RES1000mN2051000E3159000,558126037,
4378,CRS3035RES1000mN2051000E3159000,711789768,
4379,CRS3035RES1000mN2051000E3159000,727666062,
4380,CRS3035RES1000mN2051000E3159000,848085869,
4381,CRS3035RES1000mN2051000E3159000,1056098898,
4382,CRS3035RES1000mN2051000E3159000,1255438242,
4383,CRS3035RES1000mN2051000E3159000,1469985039,
4384,CRS3035RES1000mN2051000E3159000,1504302537,
4385,CRS3035RES1000mN2051000E3159000,1511617504,
4386,CRS3035RES1000mN2051000E3159000,1541601287,
4387,CRS3035RES1000mN2051000E3159000,1544591296,
4388,CRS3035RES1000mN2051000E3159000,1598174183,
4389,CRS3035RES1000mN2051000E3159000,1629887846,
4390,CRS3035RES1000mN2051000E3159000,1686660176,
4391,CRS3035RES1000mN2051000E3159000,1716927336,
4392,CRS3035RES1000mN2051000E3159000,1734554324,
4393,CRS3035RES1000mN2051000E3159000,1849109335,
4394,CRS3035RES1000mN2051000E3159000,2028408680,
4395,CRS3035RES1000mN2051000E3159000,2036887702,
4396,CRS3035RES1000mN2051000E3159000,2061404218,
4397,CRS3035RES1000mN2051000E3159000,2134238030,
4398,CRS3035RES1000mN2051000E3159000,2261600754,
4399,CRS3035RES1000mN2051000E3159000,2301402027,
4400,CRS3035RES1000mN2051000E3159000,2303966810,
4401,CRS3035RES1000mN2051000E3159000,2312029862,
4402,CRS3035RES1000mN2051000E3159000,2408860250,
4403,CRS3035RES1000mN2051000E3159000,2620185829,
4404,CRS3035RES1000mN2051000E3159000,2622508931,
4405,CRS3035RES1000mN2051000E3159000,2672130951,
4406,CRS3035RES1000mN2051000E3159000,2710518818,
4407,CRS3035RES1000mN2051000E3159000,3034026261,
4408,CRS3035RES1000mN2051000E3159000,3179889751,
4409,CRS3035RES1000mN2051000E3159000,3206611978,
4410,CRS3035RES1000mN2051000E3159000,3272828439,
4411,CRS3035RES1000mN2051000E3159000,3452364276,
4412,CRS3035RES1000mN2051000E3159000,3452364277,
4413,CRS3035RES1000mN2051000E3159000,3495733197,
4414,CRS3035RES1000mN2051000E3159000,3497154853,
4415,CRS3035RES1000mN2051000E3159000,3517755445,
4416,CRS3035RES1000mN2051000E3159000,3522125657,
4417,CRS3035RES1000mN2051000E3159000,3526751794,
4418,CRS3035RES1000mN2051000E3159000,3839306060,
4419,CRS3035RES1000mN2051000E3159000,4214697664,
4420,CRS3035RES1000mN2051000E3159000,4338252586,
4421,CRS3035RES1000mN2051000E3159000,4401271633,
4422,CRS3035RES1000mN2051000E3159000,4515476768,
4423,CRS3035RES1000mN2051000E3159000,4569910891,
4424,CRS3035RES1000mN2051000E3159000,4703730491,
4425,CRS3035RES1000mN2051000E3159000,4707870392,
4426,CRS3035RES1000mN2051000E3159000,4789037769,
4427,CRS3035RES1000mN2051000E3159000,4794233143,
4428,CRS3035RES1000mN2051000E3159000,4870405674,
4429,CRS3035RES1000mN2051000E3159000,5139379922,
4430,CRS3035RES1000mN2051000E3159000,5160337425,
4431,CRS3035RES1000mN2051000E3159000,5196199575,
4432,CRS3035RES1000mN2051000E3159000,5341570554,
4433,CRS3035RES1000mN2051000E3159000,5345949864,
4434,CRS3035RES1000mN2051000E3159000,5448507385,
4435,CRS3035RES1000mN2051000E3159000,5604693894,
4436,CRS3035RES1000mN2051000E3159000,5670401989,
4437,CRS3035RES1000mN2051000E3159000,5942671299,
4438,CRS3035RES1000mN2051000E3159000,5943980960,
4439,CRS3035RES1000mN2051000E3159000,6185791451,
4440,CRS3035RES1000mN2051000E3159000,6188948286,
4441,CRS3035RES1000mN2051000E3159000,6555800191,
4442,CRS3035RES1000mN2051000E3159000,6885254479,
4443,CRS3035RES1000mN2051000E3159000,7222611268,
4444,CRS3035RES1000mN2051000E3159000,7408961006,
4445,CRS3035RES1000mN2051000E3159000,7619964683,
4446,CRS3035RES1000mN2051000E3159000,7836562695,
4447,CRS3035RES1000mN2051000E3159000,8493729364,
4448,CRS3035RES1000mN2051000E3159000,8557885377,
4449,CRS3035RES1000mN2051000E3159000,8807212208,
4450,CRS3035RES1000mN2051000E3159000,8844229173,
4451,CRS3035RES1000mN2051000E3159000,8878422600,
4452,CRS3035RES1000mN2051000E3159000,9595709188,
4453,CRS3035RES1000mN2051000E3159000,9611387099,
4454,CRS3035RES1000mN2051000E3159000,9712656915,
4455,CRS3035RES1000mN2051000E3159000,9713142744,
4456,CRS3035RES1000mN2051000E3159000,9815746657,
4457,CRS3035RES1000mN2051000E3159000,10004871512,
4458,CRS3035RES1000mN2051000E3159000,10281174134,
4459,CRS3035RES1000mN2051000E3159000,10580337411,
4460,CRS3035RES1000mN2051000E3159000,10899442604,
4461,CRS3035RES1000mN2051000E3159000,10922657146,
4462,CRS3035RES1000mN2051000E3159000,11127499928,
4463,CRS3035RES1000mN2051000E3159000,11143725881,
4464,CRS3035RES1000mN2051000E3159000,11243087140,
4465,CRS3035RES1000mN2051000E3159000,11269399969,
4466,CRS3035RES1000mN2051000E3159000,11287269362,
4467,CRS3035RES1000mN2051000E3159000,11287269363,
4468,CRS3035RES1000mN2051000E3159000,11369705764,
4469,CRS3035RES1000mN2051000E3159000,11387776374,
4470,CRS3035RES1000mN2051000E3159000,11461799040,
4471,CRS3035RES1000mN2051000E3159000,11462802981,
4472,CRS3035RES1000mN2051000E3159000,11652077658,
4473,CRS3035RES1000mN2051000E3159000,11691390164,
4474,CRS3035RES1000mN2051000E3159000,11739757462,
4475,CRS3035RES1000mN2051000E3159000,12178446726,
4476,CRS3035RES1000mN2051000E3159000,12407425114,
4477,CRS3035RES1000mN2051000E3159000,12865480228,
4478,CRS3035RES1000mN2051000E3159000,2960630,
4479,CRS3035RES1000mN2051000E3159000,3554044,
4480,CRS3035RES1000mN2051000E3159000,3557906,
4481,CRS3035RES1000mN2051000E3159000,5231361,
4482,CRS3035RES1000mN2051000E3159000,9314566,
4483,CRS3035RES1000mN2051000E3159000,13696257,
4484,CRS3035RES1000mN2051000E3159000,15996131,
4485,CRS3035RES1000mN2051000E3159000,23526191,
4486,CRS3035RES1000mN2051000E3159000,23545719,
4487,CRS3035RES1000mN2051000E3159000,30599279,
4488,CRS3035RES1000mN2051000E3159000,30649229,
4489,CRS3035RES1000mN2051000E3159000,32198651,
4490,CRS3035RES1000mN2051000E3159000,34945111,
4491,CRS3035RES1000mN2051000E3159000,50170625,
4492,CRS3035RES1000mN2051000E3159000,82887228,
4493,CRS3035RES1000mN2051000E3159000,92484952,
4494,CRS3035RES1000mN2051000E3159000,95794713,
4495,CRS3035RES1000mN2051000E3159000,96418670,
4496,CRS3035RES1000mN2051000E3159000,98502686,
4497,CRS3035RES1000mN2051000E3159000,132613257,
4498,CRS3035RES1000mN2051000E3159000,135036040,
4499,CRS3035RES1000mN2051000E3159000,150772489,
4500,CRS3035RES1000mN2051000E3159000,154118456,
4501,CRS3035RES1000mN2051000E3159000,157375776,
4502,CRS3035RES1000mN2051000E3159000,158211204,
4503,CRS3035RES1000mN2051000E3159000,162072415,
4504,CRS3035RES1000mN2051000E3159000,162117720,
4505,CRS3035RES1000mN2051000E3159000,170487273,
4506,CRS3035RES1000mN2051000E3159000,172686062,
4507,CRS3035RES1000mN2051000E3159000,174318235,
4508,CRS3035RES1000mN2051000E3159000,174318237,
4509,CRS3035RES1000mN2051000E3159000,205060159,
4510,CRS3035RES1000mN2051000E3159000,205757163,
4511,CRS3035RES1000mN2051000E3159000,221095520,
4512,CRS3035RES1000mN2051000E3159000,224503374,
4513,CRS3035RES1000mN2051000E3159000,227333462,
4514,CRS3035RES1000mN2051000E3159000,229117454,
4515,CRS3035RES1000mN2051000E3159000,261460389,
4516,CRS3035RES1000mN2051000E3159000,283450022,
4517,CRS3035RES1000mN2051000E3159000,288994040,
4518,CRS3035RES1000mN2051000E3159000,296744564,
4519,CRS3035RES1000mN2051000E3159000,297526406,
4520,CRS3035RES1000mN2051000E3159000,300709861,
4521,CRS3035RES1000mN2051000E3159000,301444634,
4522,CRS3035RES1000mN2051000E3159000,302721609,
4523,CRS3035RES1000mN2051000E3159000,308195630,
4524,CRS3035RES1000mN2051000E3159000,312777902,
4525,CRS3035RES1000mN2051000E3159000,330154630,
4526,CRS3035RES1000mN2051000E3159000,340205456,
4527,CRS3035RES1000mN2051000E3159000,367883612,
4528,CRS3035RES1000mN2051000E3159000,368211943,
4529,CRS3035RES1000mN2051000E3159000,374180360,
4530,CRS3035RES1000mN2051000E3159000,375369499,
4531,CRS3035RES1000mN2051000E3159000,383494544,
4532,CRS3035RES1000mN2051000E3159000,384574591,
4533,CRS3035RES1000mN2051000E3159000,403538322,
4534,CRS3035RES1000mN2051000E3159000,403859503,
4535,CRS3035RES1000mN2051000E3159000,437050442,
4536,CRS3035RES1000mN2051000E3159000,459881697,
4537,CRS3035RES1000mN2051000E3159000,477278425,
4538,CRS3035RES1000mN2051000E3159000,486879235,
4539,CRS3035RES1000mN2051000E3159000,493748377,
4540,CRS3035RES1000mN2051000E3159000,498234201,
4541,CRS3035RES1000mN2051000E3159000,504315026,
4542,CRS3035RES1000mN2051000E3159000,548701490,
4543,CRS3035RES1000mN2051000E3159000,574210084,
4544,CRS3035RES1000mN2051000E3159000,576094143,
4545,CRS3035RES1000mN2051000E3159000,584409067,
4546,CRS3035RES1000mN2051000E3159000,635512756,
4547,CRS3035RES1000mN2051000E3159000,638492224,
4548,CRS3035RES1000mN2051000E3159000,653913062,
4549,CRS3035RES1000mN2051000E3159000,659866770,
4550,CRS3035RES1000mN2051000E3159000,697717972,
4551,CRS3035RES1000mN2051000E3159000,717194862,
4552,CRS3035RES1000mN2051000E3159000,736899303,
4553,CRS3035RES1000mN2051000E3159000,738042217,
4554,CRS3035RES1000mN2051000E3159000,839611983,
4555,CRS3035RES1000mN2051000E3159000,957893520,
4556,CRS3035RES1000mN2051000E3159000,963308110,
4557,CRS3035RES1000mN2051000E3159000,1073283182,
4558,CRS3035RES1000mN2051000E3159000,1252864015,
4559,CRS3035RES1000mN2051000E3159000,1283203658,
4560,CRS3035RES1000mN2051000E3160000,25526,86.0
4561,CRS3035RES1000mN2051000E3160000,1774,69.0
4562,CRS3035RES1000mN2051000E3160000,1770,67.0
4563,CRS3035RES1000mN2051000E3160000,1773,76.0
4564,CRS3035RES1000mN2051000E3160000,1771,66.0
4565,CRS3035RES1000mN2051000E3160000,123303,89.0
4566,CRS3035RES1000mN2051000E3160000,1764,59.0
4567,CRS3035RES1000mN2051000E3160000,181101,83.0
4568,CRS3035RES1000mN2051000E3160000,5765642,89.0
4569,CRS3035RES1000mN2051000E3160000,86719,90.0
4570,CRS3035RES1000mN2051000E3160000,1800,84.0
4571,CRS3035RES1000mN2051000E3160000,1757,74.0
4572,CRS3035RES1000mN2051000E3160000,1755,80.0
4573,CRS3035RES1000mN2051000E3160000,1882,62.0
4574,CRS3035RES1000mN2051000E3160000,1745,68.0
4575,CRS3035RES1000mN2051000E3160000,1794,71.0
4576,CRS3035RES1000mN2051000E3160000,1762,61.0
4577,CRS3035RES1000mN2051000E3160000,51188,42.0
4578,CRS3035RES1000mN2051000E3160000,6893633,62.0
4579,CRS3035RES1000mN2051000E3160000,167128,72.0
4580,CRS3035RES1000mN2051000E3160000,1760,55.0
4581,CRS3035RES1000mN2051000E3160000,12773298,79.0
4582,CRS3035RES1000mN2051000E3160000,1754,95.0
4583,CRS3035RES1000mN2051000E3160000,1748,81.0
4584,CRS3035RES1000mN2051000E3160000,79941,69.0
4585,CRS3035RES1000mN2051000E3160000,1750,63.0
4586,CRS3035RES1000mN2051000E3160000,5975465,69.0
4587,CRS3035RES1000mN2051000E3160000,115056,77.0
4588,CRS3035RES1000mN2051000E3160000,1790,46.0
4589,CRS3035RES1000mN2051000E3160000,1756,87.0
4590,CRS3035RES1000mN2051000E3160000,51849,74.0
4591,CRS3035RES1000mN2051000E3160000,185595,55.0
4592,CRS3035RES1000mN2051000E3160000,7697128,56.0
4593,CRS3035RES1000mN2051000E3160000,10395362,59.0
4594,CRS3035RES1000mN2051000E3160000,1759,44.0
4595,CRS3035RES1000mN2051000E3160000,1752,65.0
4596,CRS3035RES1000mN2051000E3160000,186714,70.0
4597,CRS3035RES1000mN2051000E3160000,1753,79.0
4598,CRS3035RES1000mN2051000E3160000,1792,77.0
4599,CRS3035RES1000mN2051000E3160000,1763,79.0
4600,CRS3035RES1000mN2051000E3160000,1746,80.0
4601,CRS3035RES1000mN2051000E3160000,11572165,87.0
4602,CRS3035RES1000mN2051000E3160000,1761,74.0
4603,CRS3035RES1000mN2051000E3160000,1747,77.0
4604,CRS3035RES1000mN2051000E3160000,5768564,77.0
4605,CRS3035RES1000mN2051000E3160000,1798,67.0
4606,CRS3035RES1000mN2051000E3160000,66904,38.0
4607,CRS3035RES1000mN2051000E3160000,1777,53.0
4608,CRS3035RES1000mN2051000E3160000,1765,64.0
4609,CRS3035RES1000mN2051000E3160000,49416,78.0
4610,CRS3035RES1000mN2051000E3160000,12734939,78.0
4611,CRS3035RES1000mN2051000E3160000,167386167,59.0
4612,CRS3035RES1000mN2051000E3160000,295933804,79.0
4613,CRS3035RES1000mN2051000E3160000,303340017,75.0
4614,CRS3035RES1000mN2051000E3160000,315355551,96.0
4615,CRS3035RES1000mN2051000E3160000,339084977,76.0
4616,CRS3035RES1000mN2051000E3160000,412911553,65.0
4617,CRS3035RES1000mN2051000E3160000,558126037,92.0
4618,CRS3035RES1000mN2051000E3160000,711789768,117.0
4619,CRS3035RES1000mN2051000E3160000,727666062,
4620,CRS3035RES1000mN2051000E3160000,848085869,103.0
4621,CRS3035RES1000mN2051000E3160000,1056098898,65.0
4622,CRS3035RES1000mN2051000E3160000,1255438242,107.0
4623,CRS3035RES1000mN2051000E3160000,1469985039,91.0
4624,CRS3035RES1000mN2051000E3160000,1504302537,
4625,CRS3035RES1000mN2051000E3160000,1511617504,111.0
4626,CRS3035RES1000mN2051000E3160000,1541601287,85.0
4627,CRS3035RES1000mN2051000E3160000,1544591296,44.0
4628,CRS3035RES1000mN2051000E3160000,1598174183,86.0
4629,CRS3035RES1000mN2051000E3160000,1629887846,92.0
4630,CRS3035RES1000mN2051000E3160000,1686660176,82.0
4631,CRS3035RES1000mN2051000E3160000,1716927336,103.0
4632,CRS3035RES1000mN2051000E3160000,1734554324,95.0
4633,CRS3035RES1000mN2051000E3160000,1849109335,80.0
4634,CRS3035RES1000mN2051000E3160000,2028408680,
4635,CRS3035RES1000mN2051000E3160000,2036887702,
4636,CRS3035RES1000mN2051000E3160000,2061404218,48.0
4637,CRS3035RES1000mN2051000E3160000,2134238030,97.0
4638,CRS3035RES1000mN2051000E3160000,2261600754,
4639,CRS3035RES1000mN2051000E3160000,2301402027,88.0
4640,CRS3035RES1000mN2051000E3160000,2303966810,
4641,CRS3035RES1000mN2051000E3160000,2312029862,89.0
4642,CRS3035RES1000mN2051000E3160000,2408860250,97.0
4643,CRS3035RES1000mN2051000E3160000,2620185829,65.0
4644,CRS3035RES1000mN2051000E3160000,2622508931,70.0
4645,CRS3035RES1000mN2051000E3160000,2672130951,
4646,CRS3035RES1000mN2051000E3160000,2710518818,106.0
4647,CRS3035RES1000mN2051000E3160000,3034026261,
4648,CRS3035RES1000mN2051000E3160000,3179889751,104.0
4649,CRS3035RES1000mN2051000E3160000,3206611978,
4650,CRS3035RES1000mN2051000E3160000,3272828439,113.0
4651,CRS3035RES1000mN2051000E3160000,3452364276,82.0
4652,CRS3035RES1000mN2051000E3160000,3452364277,57.0
4653,CRS3035RES1000mN2051000E3160000,3495733197,
4654,CRS3035RES1000mN2051000E3160000,3497154853,
4655,CRS3035RES1000mN2051000E3160000,3517755445,
4656,CRS3035RES1000mN2051000E3160000,3522125657,
4657,CRS3035RES1000mN2051000E3160000,3526751794,88.0
4658,CRS3035RES1000mN2051000E3160000,3839306060,79.0
4659,CRS3035RES1000mN2051000E3160000,4214697664,69.0
4660,CRS3035RES1000mN2051000E3160000,4338252586,76.0
4661,CRS3035RES1000mN2051000E3160000,4401271633,
4662,CRS3035RES1000mN2051000E3160000,4515476768,
4663,CRS3035RES1000mN2051000E3160000,4569910891,61.0
4664,CRS3035RES1000mN2051000E3160000,4703730491,90.0
4665,CRS3035RES1000mN2051000E3160000,4707870392,85.0
4666,CRS3035RES1000mN2051000E3160000,4789037769,119.0
4667,CRS3035RES1000mN2051000E3160000,4794233143,99.0
4668,CRS3035RES1000mN2051000E3160000,4870405674,79.0
4669,CRS3035RES1000mN2051000E3160000,5139379922,108.0
4670,CRS3035RES1000mN2051000E3160000,5160337425,65.0
4671,CRS3035RES1000mN2051000E3160000,5196199575,106.0
4672,CRS3035RES1000mN2051000E3160000,5341570554,70.0
4673,CRS3035RES1000mN2051000E3160000,5345949864,108.0
4674,CRS3035RES1000mN2051000E3160000,5448507385,
4675,CRS3035RES1000mN2051000E3160000,5604693894,73.0
4676,CRS3035RES1000mN2051000E3160000,5670401989,110.0
4677,CRS3035RES1000mN2051000E3160000,5942671299,100.0
4678,CRS3035RES1000mN2051000E3160000,5943980960,104.0
4679,CRS3035RES1000mN2051000E3160000,6185791451,
4680,CRS3035RES1000mN2051000E3160000,6188948286,96.0
4681,CRS3035RES1000mN2051000E3160000,6555800191,104.0
4682,CRS3035RES1000mN2051000E3160000,6885254479,46.0
4683,CRS3035RES1000mN2051000E3160000,7222611268,
4684,CRS3035RES1000mN2051000E3160000,7408961006,
4685,CRS3035RES1000mN2051000E3160000,7619964683,103.0
4686,CRS3035RES1000mN2051000E3160000,7836562695,76.0
4687,CRS3035RES1000mN2051000E3160000,8493729364,67.0
4688,CRS3035RES1000mN2051000E3160000,8557885377,106.0
4689,CRS3035RES1000mN2051000E3160000,8807212208,60.0
4690,CRS3035RES1000mN2051000E3160000,8844229173,51.0
4691,CRS3035RES1000mN2051000E3160000,8878422600,71.0
4692,CRS3035RES1000mN2051000E3160000,9595709188,48.0
4693,CRS3035RES1000mN2051000E3160000,9611387099,73.0
4694,CRS3035RES1000mN2051000E3160000,9712656915,65.0
4695,CRS3035RES1000mN2051000E3160000,9713142744,57.0
4696,CRS3035RES1000mN2051000E3160000,9815746657,
4697,CRS3035RES1000mN2051000E3160000,10004871512,89.0
4698,CRS3035RES1000mN2051000E3160000,10281174134,
4699,CRS3035RES1000mN2051000E3160000,10580337411,83.0
4700,CRS3035RES1000mN2051000E3160000,10899442604,108.0
4701,CRS3035RES1000mN2051000E3160000,10922657146,106.0
4702,CRS3035RES1000mN2051000E3160000,11127499928,71.0
4703,CRS3035RES1000mN2051000E3160000,11143725881,79.0
4704,CRS3035RES1000mN2051000E3160000,11243087140,45.0
4705,CRS3035RES1000mN2051000E3160000,11269399969,74.0
4706,CRS3035RES1000mN2051000E3160000,11287269362,93.0
4707,CRS3035RES1000mN2051000E3160000,11287269363,91.0
4708,CRS3035RES1000mN2051000E3160000,11369705764,92.0
4709,CRS3035RES1000mN2051000E3160000,11387776374,90.0
4710,CRS3035RES1000mN2051000E3160000,11461799040,
4711,CRS3035RES1000mN2051000E3160000,11462802981,73.0
4712,CRS3035RES1000mN2051000E3160000,11652077658,85.0
4713,CRS3035RES1000mN2051000E3160000,11691390164,65.0
4714,CRS3035RES1000mN2051000E3160000,11739757462,88.0
4715,CRS3035RES1000mN2051000E3160000,12178446726,88.0
4716,CRS3035RES1000mN2051000E3160000,12407425114,100.0
4717,CRS3035RES1000mN2051000E3160000,12865480228,80.0
4718,CRS3035RES1000mN2051000E3160000,2960630,107.0
4719,CRS3035RES1000mN2051000E3160000,3554044,109.0
4720,CRS3035RES1000mN2051000E3160000,3557906,95.0
4721,CRS3035RES1000mN2051000E3160000,5231361,73.0
4722,CRS3035RES1000mN2051000E3160000,9314566,104.0
4723,CRS3035RES1000mN2051000E3160000,13696257,99.0
4724,CRS3035RES1000mN2051000E3160000,15996131,73.0
4725,CRS3035RES1000mN2051000E3160000,23526191,75.0
4726,CRS3035RES1000mN2051000E3160000,23545719,66.0
4727,CRS3035RES1000mN2051000E3160000,30599279,96.0
4728,CRS3035RES1000mN2051000E3160000,30649229,71.0
4729,CRS3035RES1000mN2051000E3160000,32198651,
4730,CRS3035RES1000mN2051000E3160000,34945111,97.0
4731,CRS3035RES1000mN2051000E3160000,50170625,93.0
4732,CRS3035RES1000mN2051000E3160000,82887228,92.0
4733,CRS3035RES1000mN2051000E3160000,92484952,95.0
4734,CRS3035RES1000mN2051000E3160000,95794713,84.0
4735,CRS3035RES1000mN2051000E3160000,96418670,112.0
4736,CRS3035RES1000mN2051000E3160000,98502686,81.0
4737,CRS3035RES1000mN2051000E3160000,132613257,81.0
4738,CRS3035RES1000mN2051000E3160000,135036040,85.0
4739,CRS3035RES1000mN2051000E3160000,150772489,69.0
4740,CRS3035RES1000mN2051000E3160000,154118456,88.0
4741,CRS3035RES1000mN2051000E3160000,157375776,65.0
4742,CRS3035RES1000mN2051000E3160000,158211204,102.0
4743,CRS3035RES1000mN2051000E3160000,162072415,98.0
4744,CRS3035RES1000mN2051000E3160000,162117720,76.0
4745,CRS3035RES1000mN2051000E3160000,170487273,117.0
4746,CRS3035RES1000mN2051000E3160000,172686062,104.0
4747,CRS3035RES1000mN2051000E3160000,174318235,107.0
4748,CRS3035RES1000mN2051000E3160000,174318237,104.0
4749,CRS3035RES1000mN2051000E3160000,205060159,104.0
4750,CRS3035RES1000mN2051000E3160000,205757163,
4751,CRS3035RES1000mN2051000E3160000,221095520,86.0
4752,CRS3035RES1000mN2051000E3160000,224503374,63.0
4753,CRS3035RES1000mN2051000E3160000,227333462,89.0
4754,CRS3035RES1000mN2051000E3160000,229117454,78.0
4755,CRS3035RES1000mN2051000E3160000,261460389,
4756,CRS3035RES1000mN2051000E3160000,283450022,59.0
4757,CRS3035RES1000mN2051000E3160000,288994040,68.0
4758,CRS3035RES1000mN2051000E3160000,296744564,102.0
4759,CRS3035RES1000mN2051000E3160000,297526406,72.0
4760,CRS3035RES1000mN2051000E3160000,300709861,
4761,CRS3035RES1000mN2051000E3160000,301444634,
4762,CRS3035RES1000mN2051000E3160000,302721609,109.0
4763,CRS3035RES1000mN2051000E3160000,308195630,112.0
4764,CRS3035RES1000mN2051000E3160000,312777902,75.0
4765,CRS3035RES1000mN2051000E3160000,330154630,
4766,CRS3035RES1000mN2051000E3160000,340205456,66.0
4767,CRS3035RES1000mN2051000E3160000,367883612,93.0
4768,CRS3035RES1000mN2051000E3160000,368211943,86.0
4769,CRS3035RES1000mN2051000E3160000,374180360,86.0
4770,CRS3035RES1000mN2051000E3160000,375369499,82.0
4771,CRS3035RES1000mN2051000E3160000,383494544,43.0
4772,CRS3035RES1000mN2051000E3160000,384574591,97.0
4773,CRS3035RES1000mN2051000E3160000,403538322,113.0
4774,CRS3035RES1000mN2051000E3160000,403859503,67.0
4775,CRS3035RES1000mN2051000E3160000,437050442,105.0
4776,CRS3035RES1000mN2051000E3160000,459881697,90.0
4777,CRS3035RES1000mN2051000E3160000,477278425,
4778,CRS3035RES1000mN2051000E3160000,486879235,
4779,CRS3035RES1000mN2051000E3160000,493748377,91.0
4780,CRS3035RES1000mN2051000E3160000,498234201,103.0
4781,CRS3035RES1000mN2051000E3160000,504315026,81.0
4782,CRS3035RES1000mN2051000E3160000,548701490,
4783,CRS3035RES1000mN2051000E3160000,574210084,94.0
4784,CRS3035RES1000mN2051000E3160000,576094143,98.0
4785,CRS3035RES1000mN2051000E3160000,584409067,111.0
4786,CRS3035RES1000mN2051000E3160000,635512756,62.0
4787,CRS3035RES1000mN2051000E3160000,638492224,109.0
4788,CRS3035RES1000mN2051000E3160000,653913062,69.0
4789,CRS3035RES1000mN2051000E3160000,659866770,65.0
4790,CRS3035RES1000mN2051000E3160000,697717972,102.0
4791,CRS3035RES1000mN2051000E3160000,717194862,102.0
4792,CRS3035RES1000mN2051000E3160000,736899303,
4793,CRS3035RES1000mN2051000E3160000,738042217,109.0
4794,CRS3035RES1000mN2051000E3160000,839611983,114.0
4795,CRS3035RES1000mN2051000E3160000,957893520,62.0
4796,CRS3035RES1000mN2051000E3160000,963308110,92.0
4797,CRS3035RES1000mN2051000E3160000,1073283182,106.0
4798,CRS3035RES1000mN2051000E3160000,1252864015,86.0
4799,CRS3035RES1000mN2051000E3160000,1283203658,
4800,CRS3035RES1000mN2051000E3161000,25526,69.0
4801,CRS3035RES1000mN2051000E3161000,1774,52.0
4802,CRS3035RES1000mN2051000E3161000,1770,48.0
4803,CRS3035RES1000mN2051000E3161000,1773,58.0
4804,CRS3035RES1000mN2051000E3161000,1771,48.0
4805,CRS3035RES1000mN2051000E3161000,123303,71.0
4806,CRS3035RES1000mN2051000E3161000,1764,39.0
4807,CRS3035RES1000mN2051000E3161000,181101,63.0
4808,CRS3035RES1000mN2051000E3161000,5765642,71.0
4809,CRS3035RES1000mN2051000E3161000,86719,71.0
4810,CRS3035RES1000mN2051000E3161000,1800,65.0
4811,CRS3035RES1000mN2051000E3161000,1757,56.0
4812,CRS3035RES1000mN2051000E3161000,1755,62.0
4813,CRS3035RES1000mN2051000E3161000,1882,44.0
4814,CRS3035RES1000mN2051000E3161000,1745,49.0
4815,CRS3035RES1000mN2051000E3161000,1794,53.0
4816,CRS3035RES1000mN2051000E3161000,1762,43.0
4817,CRS3035RES1000mN2051000E3161000,51188,23.0
4818,CRS3035RES1000mN2051000E3161000,6893633,43.0
4819,CRS3035RES1000mN2051000E3161000,167128,53.0
4820,CRS3035RES1000mN2051000E3161000,1760,36.0
4821,CRS3035RES1000mN2051000E3161000,12773298,60.0
4822,CRS3035RES1000mN2051000E3161000,1754,76.0
4823,CRS3035RES1000mN2051000E3161000,1748,62.0
4824,CRS3035RES1000mN2051000E3161000,79941,52.0
4825,CRS3035RES1000mN2051000E3161000,1750,44.0
4826,CRS3035RES1000mN2051000E3161000,5975465,50.0
4827,CRS3035RES1000mN2051000E3161000,115056,59.0
4828,CRS3035RES1000mN2051000E3161000,1790,28.0
4829,CRS3035RES1000mN2051000E3161000,1756,69.0
4830,CRS3035RES1000mN2051000E3161000,51849,55.0
4831,CRS3035RES1000mN2051000E3161000,185595,35.0
4832,CRS3035RES1000mN2051000E3161000,7697128,38.0
4833,CRS3035RES1000mN2051000E3161000,10395362,40.0
4834,CRS3035RES1000mN2051000E3161000,1759,25.0
4835,CRS3035RES1000mN2051000E3161000,1752,46.0
4836,CRS3035RES1000mN2051000E3161000,186714,51.0
4837,CRS3035RES1000mN2051000E3161000,1753,60.0
4838,CRS3035RES1000mN2051000E3161000,1792,58.0
4839,CRS3035RES1000mN2051000E3161000,1763,62.0
4840,CRS3035RES1000mN2051000E3161000,1746,62.0
4841,CRS3035RES1000mN2051000E3161000,11572165,67.0
4842,CRS3035RES1000mN2051000E3161000,1761,55.0
4843,CRS3035RES1000mN2051000E3161000,1747,58.0
4844,CRS3035RES1000mN2051000E3161000,5768564,59.0
4845,CRS3035RES1000mN2051000E3161000,1798,49.0
4846,CRS3035RES1000mN2051000E3161000,66904,19.0
4847,CRS3035RES1000mN2051000E3161000,1777,34.0
4848,CRS3035RES1000mN2051000E3161000,1765,46.0
4849,CRS3035RES1000mN2051000E3161000,49416,59.0
4850,CRS3035RES1000mN2051000E3161000,12734939,59.0
4851,CRS3035RES1000mN2051000E3161000,167386167,41.0
4852,CRS3035RES1000mN2051000E3161000,295933804,56.0
4853,CRS3035RES1000mN2051000E3161000,303340017,55.0
4854,CRS3035RES1000mN2051000E3161000,315355551,68.0
4855,CRS3035RES1000mN2051000E3161000,339084977,58.0
4856,CRS3035RES1000mN2051000E3161000,412911553,47.0
4857,CRS3035RES1000mN2051000E3161000,558126037,75.0
4858,CRS3035RES1000mN2051000E3161000,711789768,103.0
4859,CRS3035RES1000mN2051000E3161000,727666062,
4860,CRS3035RES1000mN2051000E3161000,848085869,82.0
4861,CRS3035RES1000mN2051000E3161000,1056098898,46.0
4862,CRS3035RES1000mN2051000E3161000,1255438242,67.0
4863,CRS3035RES1000mN2051000E3161000,1469985039,63.0
4864,CRS3035RES1000mN2051000E3161000,1504302537,94.0
4865,CRS3035RES1000mN2051000E3161000,1511617504,91.0
4866,CRS3035RES1000mN2051000E3161000,1541601287,71.0
4867,CRS3035RES1000mN2051000E3161000,1544591296,25.0
4868,CRS3035RES1000mN2051000E3161000,1598174183,57.0
4869,CRS3035RES1000mN2051000E3161000,1629887846,62.0
4870,CRS3035RES1000mN2051000E3161000,1686660176,64.0
4871,CRS3035RES1000mN2051000E3161000,1716927336,90.0
4872,CRS3035RES1000mN2051000E3161000,1734554324,81.0
4873,CRS3035RES1000mN2051000E3161000,1849109335,60.0
4874,CRS3035RES1000mN2051000E3161000,2028408680,108.0
4875,CRS3035RES1000mN2051000E3161000,2036887702,
4876,CRS3035RES1000mN2051000E3161000,2061404218,21.0
4877,CRS3035RES1000mN2051000E3161000,2134238030,81.0
4878,CRS3035RES1000mN2051000E3161000,2261600754,
4879,CRS3035RES1000mN2051000E3161000,2301402027,65.0
4880,CRS3035RES1000mN2051000E3161000,2303966810,100.0
4881,CRS3035RES1000mN2051000E3161000,2312029862,61.0
4882,CRS3035RES1000mN2051000E3161000,2408860250,77.0
4883,CRS3035RES1000mN2051000E3161000,2620185829,47.0
4884,CRS3035RES1000mN2051000E3161000,2622508931,53.0
4885,CRS3035RES1000mN2051000E3161000,2672130951,
4886,CRS3035RES1000mN2051000E3161000,2710518818,83.0
4887,CRS3035RES1000mN2051000E3161000,3034026261,
4888,CRS3035RES1000mN2051000E3161000,3179889751,89.0
4889,CRS3035RES1000mN2051000E3161000,3206611978,
4890,CRS3035RES1000mN2051000E3161000,3272828439,95.0
4891,CRS3035RES1000mN2051000E3161000,3452364276,60.0
4892,CRS3035RES1000mN2051000E3161000,3452364277,38.0
4893,CRS3035RES1000mN2051000E3161000,3495733197,
4894,CRS3035RES1000mN2051000E3161000,3497154853,
4895,CRS3035RES1000mN2051000E3161000,3517755445,
4896,CRS3035RES1000mN2051000E3161000,3522125657,
4897,CRS3035RES1000mN2051000E3161000,3526751794,88.0
4898,CRS3035RES1000mN2051000E3161000,3839306060,60.0
4899,CRS3035RES1000mN2051000E3161000,4214697664,52.0
4900,CRS3035RES1000mN2051000E3161000,4338252586,76.0
4901,CRS3035RES1000mN2051000E3161000,4401271633,
4902,CRS3035RES1000mN2051000E3161000,4515476768,
4903,CRS3035RES1000mN2051000E3161000,4569910891,43.0
4904,CRS3035RES1000mN2051000E3161000,4703730491,63.0
4905,CRS3035RES1000mN2051000E3161000,4707870392,61.0
4906,CRS3035RES1000mN2051000E3161000,4789037769,112.0
4907,CRS3035RES1000mN2051000E3161000,4794233143,63.0
4908,CRS3035RES1000mN2051000E3161000,4870405674,61.0
4909,CRS3035RES1000mN2051000E3161000,5139379922,92.0
4910,CRS3035RES1000mN2051000E3161000,5160337425,47.0
4911,CRS3035RES1000mN2051000E3161000,5196199575,81.0
4912,CRS3035RES1000mN2051000E3161000,5341570554,51.0
4913,CRS3035RES1000mN2051000E3161000,5345949864,81.0
4914,CRS3035RES1000mN2051000E3161000,5448507385,
4915,CRS3035RES1000mN2051000E3161000,5604693894,73.0
4916,CRS3035RES1000mN2051000E3161000,5670401989,86.0
4917,CRS3035RES1000mN2051000E3161000,5942671299,84.0
4918,CRS3035RES1000mN2051000E3161000,5943980960,85.0
4919,CRS3035RES1000mN2051000E3161000,6185791451,
4920,CRS3035RES1000mN2051000E3161000,6188948286,76.0
4921,CRS3035RES1000mN2051000E3161000,6555800191,84.0
4922,CRS3035RES1000mN2051000E3161000,6885254479,27.0
4923,CRS3035RES1000mN2051000E3161000,7222611268,101.0
4924,CRS3035RES1000mN2051000E3161000,7408961006,114.0
4925,CRS3035RES1000mN2051000E3161000,7619964683,87.0
4926,CRS3035RES1000mN2051000E3161000,7836562695,64.0
4927,CRS3035RES1000mN2051000E3161000,8493729364,47.0
4928,CRS3035RES1000mN2051000E3161000,8557885377,74.0
4929,CRS3035RES1000mN2051000E3161000,8807212208,41.0
4930,CRS3035RES1000mN2051000E3161000,8844229173,32.0
4931,CRS3035RES1000mN2051000E3161000,8878422600,63.0
4932,CRS3035RES1000mN2051000E3161000,9595709188,29.0
4933,CRS3035RES1000mN2051000E3161000,9611387099,53.0
4934,CRS3035RES1000mN2051000E3161000,9712656915,48.0
4935,CRS3035RES1000mN2051000E3161000,9713142744,38.0
4936,CRS3035RES1000mN2051000E3161000,9815746657,103.0
4937,CRS3035RES1000mN2051000E3161000,10004871512,60.0
4938,CRS3035RES1000mN2051000E3161000,10281174134,
4939,CRS3035RES1000mN2051000E3161000,10580337411,64.0
4940,CRS3035RES1000mN2051000E3161000,10899442604,90.0
4941,CRS3035RES1000mN2051000E3161000,10922657146,87.0
4942,CRS3035RES1000mN2051000E3161000,11127499928,51.0
4943,CRS3035RES1000mN2051000E3161000,11143725881,63.0
4944,CRS3035RES1000mN2051000E3161000,11243087140,31.0
4945,CRS3035RES1000mN2051000E3161000,11269399969,56.0
4946,CRS3035RES1000mN2051000E3161000,11287269362,64.0
4947,CRS3035RES1000mN2051000E3161000,11287269363,72.0
4948,CRS3035RES1000mN2051000E3161000,11369705764,70.0
4949,CRS3035RES1000mN2051000E3161000,11387776374,71.0
4950,CRS3035RES1000mN2051000E3161000,11461799040,
4951,CRS3035RES1000mN2051000E3161000,11462802981,54.0
4952,CRS3035RES1000mN2051000E3161000,11652077658,65.0
4953,CRS3035RES1000mN2051000E3161000,11691390164,47.0
4954,CRS3035RES1000mN2051000E3161000,11739757462,69.0
4955,CRS3035RES1000mN2051000E3161000,12178446726,70.0
4956,CRS3035RES1000mN2051000E3161000,12407425114,70.0
4957,CRS3035RES1000mN2051000E3161000,12865480228,61.0
4958,CRS3035RES1000mN2051000E3161000,2960630,89.0
4959,CRS3035RES1000mN2051000E3161000,3554044,99.0
4960,CRS3035RES1000mN2051000E3161000,3557906,76.0
4961,CRS3035RES1000mN2051000E3161000,5231361,55.0
4962,CRS3035RES1000mN2051000E3161000,9314566,95.0
4963,CRS3035RES1000mN2051000E3161000,13696257,70.0
4964,CRS3035RES1000mN2051000E3161000,15996131,55.0
4965,CRS3035RES1000mN2051000E3161000,23526191,57.0
4966,CRS3035RES1000mN2051000E3161000,23545719,47.0
4967,CRS3035RES1000mN2051000E3161000,30599279,79.0
4968,CRS3035RES1000mN2051000E3161000,30649229,53.0
4969,CRS3035RES1000mN2051000E3161000,32198651,
4970,CRS3035RES1000mN2051000E3161000,34945111,79.0
4971,CRS3035RES1000mN2051000E3161000,50170625,75.0
4972,CRS3035RES1000mN2051000E3161000,82887228,64.0
4973,CRS3035RES1000mN2051000E3161000,92484952,79.0
4974,CRS3035RES1000mN2051000E3161000,95794713,67.0
4975,CRS3035RES1000mN2051000E3161000,96418670,94.0
4976,CRS3035RES1000mN2051000E3161000,98502686,57.0
4977,CRS3035RES1000mN2051000E3161000,132613257,62.0
4978,CRS3035RES1000mN2051000E3161000,135036040,66.0
4979,CRS3035RES1000mN2051000E3161000,150772489,52.0
4980,CRS3035RES1000mN2051000E3161000,154118456,82.0
4981,CRS3035RES1000mN2051000E3161000,157375776,46.0
4982,CRS3035RES1000mN2051000E3161000,158211204,83.0
4983,CRS3035RES1000mN2051000E3161000,162072415,80.0
4984,CRS3035RES1000mN2051000E3161000,162117720,71.0
4985,CRS3035RES1000mN2051000E3161000,170487273,97.0
4986,CRS3035RES1000mN2051000E3161000,172686062,85.0
4987,CRS3035RES1000mN2051000E3161000,174318235,88.0
4988,CRS3035RES1000mN2051000E3161000,174318237,86.0
4989,CRS3035RES1000mN2051000E3161000,205060159,88.0
4990,CRS3035RES1000mN2051000E3161000,205757163,
4991,CRS3035RES1000mN2051000E3161000,221095520,63.0
4992,CRS3035RES1000mN2051000E3161000,224503374,45.0
4993,CRS3035RES1000mN2051000E3161000,227333462,55.0
4994,CRS3035RES1000mN2051000E3161000,229117454,62.0
4995,CRS3035RES1000mN2051000E3161000,261460389,102.0
4996,CRS3035RES1000mN2051000E3161000,283450022,41.0
4997,CRS3035RES1000mN2051000E3161000,288994040,49.0
4998,CRS3035RES1000mN2051000E3161000,296744564,75.0
4999,CRS3035RES1000mN2051000E3161000,297526406,48.0
5000,CRS3035RES1000mN2051000E3161000,300709861,104.0
5001,CRS3035RES1000mN2051000E3161000,301444634,81.0
5002,CRS3035RES1000mN2051000E3161000,302721609,99.0
5003,CRS3035RES1000mN2051000E3161000,308195630,80.0
5004,CRS3035RES1000mN2051000E3161000,312777902,56.0
5005,CRS3035RES1000mN2051000E3161000,330154630,
5006,CRS3035RES1000mN2051000E3161000,340205456,48.0
5007,CRS3035RES1000mN2051000E3161000,367883612,69.0
5008,CRS3035RES1000mN2051000E3161000,368211943,73.0
5009,CRS3035RES1000mN2051000E3161000,374180360,67.0
5010,CRS3035RES1000mN2051000E3161000,375369499,76.0
5011,CRS3035RES1000mN2051000E3161000,383494544,24.0
5012,CRS3035RES1000mN2051000E3161000,384574591,75.0
5013,CRS3035RES1000mN2051000E3161000,403538322,73.0
5014,CRS3035RES1000mN2051000E3161000,403859503,50.0
5015,CRS3035RES1000mN2051000E3161000,437050442,85.0
5016,CRS3035RES1000mN2051000E3161000,459881697,56.0
5017,CRS3035RES1000mN2051000E3161000,477278425,92.0
5018,CRS3035RES1000mN2051000E3161000,486879235,
5019,CRS3035RES1000mN2051000E3161000,493748377,72.0
5020,CRS3035RES1000mN2051000E3161000,498234201,84.0
5021,CRS3035RES1000mN2051000E3161000,504315026,62.0
5022,CRS3035RES1000mN2051000E3161000,548701490,118.0
5023,CRS3035RES1000mN2051000E3161000,574210084,62.0
5024,CRS3035RES1000mN2051000E3161000,576094143,81.0
5025,CRS3035RES1000mN2051000E3161000,584409067,87.0
5026,CRS3035RES1000mN2051000E3161000,635512756,48.0
5027,CRS3035RES1000mN2051000E3161000,638492224,87.0
5028,CRS3035RES1000mN2051000E3161000,653913062,47.0
5029,CRS3035RES1000mN2051000E3161000,659866770,62.0
5030,CRS3035RES1000mN2051000E3161000,697717972,82.0
5031,CRS3035RES1000mN2051000E3161000,717194862,102.0
5032,CRS3035RES1000mN2051000E3161000,736899303,
5033,CRS3035RES1000mN2051000E3161000,738042217,106.0
5034,CRS3035RES1000mN2051000E3161000,839611983,114.0
5035,CRS3035RES1000mN2051000E3161000,957893520,44.0
5036,CRS3035RES1000mN2051000E3161000,963308110,65.0
5037,CRS3035RES1000mN2051000E3161000,1073283182,91.0
5038,CRS3035RES1000mN2051000E3161000,1252864015,57.0
5039,CRS3035RES1000mN2051000E3161000,1283203658,
5040,CRS3035RES1000mN2051000E3162000,25526,72.0
5041,CRS3035RES1000mN2051000E3162000,1774,57.0
5042,CRS3035RES1000mN2051000E3162000,1770,53.0
5043,CRS3035RES1000mN2051000E3162000,1773,63.0
5044,CRS3035RES1000mN2051000E3162000,1771,53.0
5045,CRS3035RES1000mN2051000E3162000,123303,76.0
5046,CRS3035RES1000mN2051000E3162000,1764,45.0
5047,CRS3035RES1000mN2051000E3162000,181101,77.0
5048,CRS3035RES1000mN2051000E3162000,5765642,75.0
5049,CRS3035RES1000mN2051000E3162000,86719,83.0
5050,CRS3035RES1000mN2051000E3162000,1800,72.0
5051,CRS3035RES1000mN2051000E3162000,1757,62.0
5052,CRS3035RES1000mN2051000E3162000,1755,67.0
5053,CRS3035RES1000mN2051000E3162000,1882,50.0
5054,CRS3035RES1000mN2051000E3162000,1745,55.0
5055,CRS3035RES1000mN2051000E3162000,1794,59.0
5056,CRS3035RES1000mN2051000E3162000,1762,49.0
5057,CRS3035RES1000mN2051000E3162000,51188,29.0
5058,CRS3035RES1000mN2051000E3162000,6893633,49.0
5059,CRS3035RES1000mN2051000E3162000,167128,58.0
5060,CRS3035RES1000mN2051000E3162000,1760,42.0
5061,CRS3035RES1000mN2051000E3162000,12773298,73.0
5062,CRS3035RES1000mN2051000E3162000,1754,81.0
5063,CRS3035RES1000mN2051000E3162000,1748,74.0
5064,CRS3035RES1000mN2051000E3162000,79941,59.0
5065,CRS3035RES1000mN2051000E3162000,1750,49.0
5066,CRS3035RES1000mN2051000E3162000,5975465,56.0
5067,CRS3035RES1000mN2051000E3162000,115056,64.0
5068,CRS3035RES1000mN2051000E3162000,1790,34.0
5069,CRS3035RES1000mN2051000E3162000,1756,74.0
5070,CRS3035RES1000mN2051000E3162000,51849,61.0
5071,CRS3035RES1000mN2051000E3162000,185595,42.0
5072,CRS3035RES1000mN2051000E3162000,7697128,44.0
5073,CRS3035RES1000mN2051000E3162000,10395362,42.0
5074,CRS3035RES1000mN2051000E3162000,1759,31.0
5075,CRS3035RES1000mN2051000E3162000,1752,52.0
5076,CRS3035RES1000mN2051000E3162000,186714,56.0
5077,CRS3035RES1000mN2051000E3162000,1753,66.0
5078,CRS3035RES1000mN2051000E3162000,1792,71.0
5079,CRS3035RES1000mN2051000E3162000,1763,66.0
5080,CRS3035RES1000mN2051000E3162000,1746,68.0
5081,CRS3035RES1000mN2051000E3162000,11572165,72.0
5082,CRS3035RES1000mN2051000E3162000,1761,61.0
5083,CRS3035RES1000mN2051000E3162000,1747,63.0
5084,CRS3035RES1000mN2051000E3162000,5768564,65.0
5085,CRS3035RES1000mN2051000E3162000,1798,54.0
5086,CRS3035RES1000mN2051000E3162000,66904,25.0
5087,CRS3035RES1000mN2051000E3162000,1777,40.0
5088,CRS3035RES1000mN2051000E3162000,1765,51.0
5089,CRS3035RES1000mN2051000E3162000,49416,72.0
5090,CRS3035RES1000mN2051000E3162000,12734939,72.0
5091,CRS3035RES1000mN2051000E3162000,167386167,47.0
5092,CRS3035RES1000mN2051000E3162000,295933804,64.0
5093,CRS3035RES1000mN2051000E3162000,303340017,56.0
5094,CRS3035RES1000mN2051000E3162000,315355551,84.0
5095,CRS3035RES1000mN2051000E3162000,339084977,60.0
5096,CRS3035RES1000mN2051000E3162000,412911553,53.0
5097,CRS3035RES1000mN2051000E3162000,558126037,80.0
5098,CRS3035RES1000mN2051000E3162000,711789768,111.0
5099,CRS3035RES1000mN2051000E3162000,727666062,
5100,CRS3035RES1000mN2051000E3162000,848085869,83.0
5101,CRS3035RES1000mN2051000E3162000,1056098898,52.0
5102,CRS3035RES1000mN2051000E3162000,1255438242,88.0
5103,CRS3035RES1000mN2051000E3162000,1469985039,83.0
5104,CRS3035RES1000mN2051000E3162000,1504302537,93.0
5105,CRS3035RES1000mN2051000E3162000,1511617504,96.0
5106,CRS3035RES1000mN2051000E3162000,1541601287,76.0
5107,CRS3035RES1000mN2051000E3162000,1544591296,33.0
5108,CRS3035RES1000mN2051000E3162000,1598174183,74.0
5109,CRS3035RES1000mN2051000E3162000,1629887846,71.0
5110,CRS3035RES1000mN2051000E3162000,1686660176,70.0
5111,CRS3035RES1000mN2051000E3162000,1716927336,91.0
5112,CRS3035RES1000mN2051000E3162000,1734554324,82.0
5113,CRS3035RES1000mN2051000E3162000,1849109335,61.0
5114,CRS3035RES1000mN2051000E3162000,2028408680,109.0
5115,CRS3035RES1000mN2051000E3162000,2036887702,
5116,CRS3035RES1000mN2051000E3162000,2061404218,17.0
5117,CRS3035RES1000mN2051000E3162000,2134238030,82.0
5118,CRS3035RES1000mN2051000E3162000,2261600754,
5119,CRS3035RES1000mN2051000E3162000,2301402027,75.0
5120,CRS3035RES1000mN2051000E3162000,2303966810,109.0
5121,CRS3035RES1000mN2051000E3162000,2312029862,71.0
5122,CRS3035RES1000mN2051000E3162000,2408860250,79.0
5123,CRS3035RES1000mN2051000E3162000,2620185829,53.0
5124,CRS3035RES1000mN2051000E3162000,2622508931,59.0
5125,CRS3035RES1000mN2051000E3162000,2672130951,
5126,CRS3035RES1000mN2051000E3162000,2710518818,83.0
5127,CRS3035RES1000mN2051000E3162000,3034026261,
5128,CRS3035RES1000mN2051000E3162000,3179889751,98.0
5129,CRS3035RES1000mN2051000E3162000,3206611978,
5130,CRS3035RES1000mN2051000E3162000,3272828439,99.0
5131,CRS3035RES1000mN2051000E3162000,3452364276,65.0
5132,CRS3035RES1000mN2051000E3162000,3452364277,44.0
5133,CRS3035RES1000mN2051000E3162000,3495733197,
5134,CRS3035RES1000mN2051000E3162000,3497154853,
5135,CRS3035RES1000mN2051000E3162000,3517755445,
5136,CRS3035RES1000mN2051000E3162000,3522125657,
5137,CRS3035RES1000mN2051000E3162000,3526751794,88.0
5138,CRS3035RES1000mN2051000E3162000,3839306060,66.0
5139,CRS3035RES1000mN2051000E3162000,4214697664,57.0
5140,CRS3035RES1000mN2051000E3162000,4338252586,76.0
5141,CRS3035RES1000mN2051000E3162000,4401271633,
5142,CRS3035RES1000mN2051000E3162000,4515476768,
5143,CRS3035RES1000mN2051000E3162000,4569910891,49.0
5144,CRS3035RES1000mN2051000E3162000,4703730491,76.0
5145,CRS3035RES1000mN2051000E3162000,4707870392,79.0
5146,CRS3035RES1000mN2051000E3162000,4789037769,114.0
5147,CRS3035RES1000mN2051000E3162000,4794233143,59.0
5148,CRS3035RES1000mN2051000E3162000,4870405674,66.0
5149,CRS3035RES1000mN2051000E3162000,5139379922,95.0
5150,CRS3035RES1000mN2051000E3162000,5160337425,52.0
5151,CRS3035RES1000mN2051000E3162000,5196199575,85.0
5152,CRS3035RES1000mN2051000E3162000,5341570554,57.0
5153,CRS3035RES1000mN2051000E3162000,5345949864,80.0
5154,CRS3035RES1000mN2051000E3162000,5448507385,
5155,CRS3035RES1000mN2051000E3162000,5604693894,73.0
5156,CRS3035RES1000mN2051000E3162000,5670401989,86.0
5157,CRS3035RES1000mN2051000E3162000,5942671299,85.0
5158,CRS3035RES1000mN2051000E3162000,5943980960,90.0
5159,CRS3035RES1000mN2051000E3162000,6185791451,
5160,CRS3035RES1000mN2051000E3162000,6188948286,82.0
5161,CRS3035RES1000mN2051000E3162000,6555800191,88.0
5162,CRS3035RES1000mN2051000E3162000,6885254479,35.0
5163,CRS3035RES1000mN2051000E3162000,7222611268,116.0
5164,CRS3035RES1000mN2051000E3162000,7408961006,113.0
5165,CRS3035RES1000mN2051000E3162000,7619964683,87.0
5166,CRS3035RES1000mN2051000E3162000,7836562695,64.0
5167,CRS3035RES1000mN2051000E3162000,8493729364,54.0
5168,CRS3035RES1000mN2051000E3162000,8557885377,76.0
5169,CRS3035RES1000mN2051000E3162000,8807212208,47.0
5170,CRS3035RES1000mN2051000E3162000,8844229173,38.0
5171,CRS3035RES1000mN2051000E3162000,8878422600,65.0
5172,CRS3035RES1000mN2051000E3162000,9595709188,35.0
5173,CRS3035RES1000mN2051000E3162000,9611387099,59.0
5174,CRS3035RES1000mN2051000E3162000,9712656915,53.0
5175,CRS3035RES1000mN2051000E3162000,9713142744,44.0
5176,CRS3035RES1000mN2051000E3162000,9815746657,
5177,CRS3035RES1000mN2051000E3162000,10004871512,73.0
5178,CRS3035RES1000mN2051000E3162000,10281174134,
5179,CRS3035RES1000mN2051000E3162000,10580337411,70.0
5180,CRS3035RES1000mN2051000E3162000,10899442604,101.0
5181,CRS3035RES1000mN2051000E3162000,10922657146,94.0
5182,CRS3035RES1000mN2051000E3162000,11127499928,52.0
5183,CRS3035RES1000mN2051000E3162000,11143725881,65.0
5184,CRS3035RES1000mN2051000E3162000,11243087140,31.0
5185,CRS3035RES1000mN2051000E3162000,11269399969,63.0
5186,CRS3035RES1000mN2051000E3162000,11287269362,75.0
5187,CRS3035RES1000mN2051000E3162000,11287269363,83.0
5188,CRS3035RES1000mN2051000E3162000,11369705764,80.0
5189,CRS3035RES1000mN2051000E3162000,11387776374,82.0
5190,CRS3035RES1000mN2051000E3162000,11461799040,
5191,CRS3035RES1000mN2051000E3162000,11462802981,67.0
5192,CRS3035RES1000mN2051000E3162000,11652077658,66.0
5193,CRS3035RES1000mN2051000E3162000,11691390164,52.0
5194,CRS3035RES1000mN2051000E3162000,11739757462,82.0
5195,CRS3035RES1000mN2051000E3162000,12178446726,76.0
5196,CRS3035RES1000mN2051000E3162000,12407425114,71.0
5197,CRS3035RES1000mN2051000E3162000,12865480228,67.0
5198,CRS3035RES1000mN2051000E3162000,2960630,92.0
5199,CRS3035RES1000mN2051000E3162000,3554044,100.0
5200,CRS3035RES1000mN2051000E3162000,3557906,89.0
5201,CRS3035RES1000mN2051000E3162000,5231361,60.0
5202,CRS3035RES1000mN2051000E3162000,9314566,97.0
5203,CRS3035RES1000mN2051000E3162000,13696257,86.0
5204,CRS3035RES1000mN2051000E3162000,15996131,61.0
5205,CRS3035RES1000mN2051000E3162000,23526191,63.0
5206,CRS3035RES1000mN2051000E3162000,23545719,53.0
5207,CRS3035RES1000mN2051000E3162000,30599279,85.0
5208,CRS3035RES1000mN2051000E3162000,30649229,56.0
5209,CRS3035RES1000mN2051000E3162000,32198651,
5210,CRS3035RES1000mN2051000E3162000,34945111,91.0
5211,CRS3035RES1000mN2051000E3162000,50170625,85.0
5212,CRS3035RES1000mN2051000E3162000,82887228,64.0
5213,CRS3035RES1000mN2051000E3162000,92484952,88.0
5214,CRS3035RES1000mN2051000E3162000,95794713,70.0
5215,CRS3035RES1000mN2051000E3162000,96418670,105.0
5216,CRS3035RES1000mN2051000E3162000,98502686,61.0
5217,CRS3035RES1000mN2051000E3162000,132613257,68.0
5218,CRS3035RES1000mN2051000E3162000,135036040,69.0
5219,CRS3035RES1000mN2051000E3162000,150772489,57.0
5220,CRS3035RES1000mN2051000E3162000,154118456,82.0
5221,CRS3035RES1000mN2051000E3162000,157375776,49.0
5222,CRS3035RES1000mN2051000E3162000,158211204,86.0
5223,CRS3035RES1000mN2051000E3162000,162072415,83.0
5224,CRS3035RES1000mN2051000E3162000,162117720,71.0
5225,CRS3035RES1000mN2051000E3162000,170487273,105.0
5226,CRS3035RES1000mN2051000E3162000,172686062,88.0
5227,CRS3035RES1000mN2051000E3162000,174318235,89.0
5228,CRS3035RES1000mN2051000E3162000,174318237,93.0
5229,CRS3035RES1000mN2051000E3162000,205060159,86.0
5230,CRS3035RES1000mN2051000E3162000,205757163,
5231,CRS3035RES1000mN2051000E3162000,221095520,73.0
5232,CRS3035RES1000mN2051000E3162000,224503374,51.0
5233,CRS3035RES1000mN2051000E3162000,227333462,56.0
5234,CRS3035RES1000mN2051000E3162000,229117454,64.0
5235,CRS3035RES1000mN2051000E3162000,261460389,102.0
5236,CRS3035RES1000mN2051000E3162000,283450022,47.0
5237,CRS3035RES1000mN2051000E3162000,288994040,56.0
5238,CRS3035RES1000mN2051000E3162000,296744564,87.0
5239,CRS3035RES1000mN2051000E3162000,297526406,47.0
5240,CRS3035RES1000mN2051000E3162000,300709861,110.0
5241,CRS3035RES1000mN2051000E3162000,301444634,82.0
5242,CRS3035RES1000mN2051000E3162000,302721609,100.0
5243,CRS3035RES1000mN2051000E3162000,308195630,82.0
5244,CRS3035RES1000mN2051000E3162000,312777902,62.0
5245,CRS3035RES1000mN2051000E3162000,330154630,
5246,CRS3035RES1000mN2051000E3162000,340205456,53.0
5247,CRS3035RES1000mN2051000E3162000,367883612,69.0
5248,CRS3035RES1000mN2051000E3162000,368211943,74.0
5249,CRS3035RES1000mN2051000E3162000,374180360,69.0
5250,CRS3035RES1000mN2051000E3162000,375369499,76.0
5251,CRS3035RES1000mN2051000E3162000,383494544,30.0
5252,CRS3035RES1000mN2051000E3162000,384574591,91.0
5253,CRS3035RES1000mN2051000E3162000,403538322,85.0
5254,CRS3035RES1000mN2051000E3162000,403859503,55.0
5255,CRS3035RES1000mN2051000E3162000,437050442,99.0
5256,CRS3035RES1000mN2051000E3162000,459881697,57.0
5257,CRS3035RES1000mN2051000E3162000,477278425,106.0
5258,CRS3035RES1000mN2051000E3162000,486879235,
5259,CRS3035RES1000mN2051000E3162000,493748377,79.0
5260,CRS3035RES1000mN2051000E3162000,498234201,97.0
5261,CRS3035RES1000mN2051000E3162000,504315026,68.0
5262,CRS3035RES1000mN2051000E3162000,548701490,
5263,CRS3035RES1000mN2051000E3162000,574210084,64.0
5264,CRS3035RES1000mN2051000E3162000,576094143,83.0
5265,CRS3035RES1000mN2051000E3162000,584409067,98.0
5266,CRS3035RES1000mN2051000E3162000,635512756,47.0
5267,CRS3035RES1000mN2051000E3162000,638492224,102.0
5268,CRS3035RES1000mN2051000E3162000,653913062,54.0
5269,CRS3035RES1000mN2051000E3162000,659866770,62.0
5270,CRS3035RES1000mN2051000E3162000,697717972,87.0
5271,CRS3035RES1000mN2051000E3162000,717194862,102.0
5272,CRS3035RES1000mN2051000E3162000,736899303,
5273,CRS3035RES1000mN2051000E3162000,738042217,104.0
5274,CRS3035RES1000mN2051000E3162000,839611983,114.0
5275,CRS3035RES1000mN2051000E3162000,957893520,50.0
5276,CRS3035RES1000mN2051000E3162000,963308110,78.0
5277,CRS3035RES1000mN2051000E3162000,1073283182,92.0
5278,CRS3035RES1000mN2051000E3162000,1252864015,74.0
5279,CRS3035RES1000mN2051000E3162000,1283203658,
5280,CRS3035RES1000mN2051000E3163000,25526,75.0
5281,CRS3035RES1000mN2051000E3163000,1774,60.0
5282,CRS3035RES1000mN2051000E3163000,1770,57.0
5283,CRS3035RES1000mN2051000E3163000,1773,66.0
5284,CRS3035RES1000mN2051000E3163000,1771,56.0
5285,CRS3035RES1000mN2051000E3163000,123303,79.0
5286,CRS3035RES1000mN2051000E3163000,1764,48.0
5287,CRS3035RES1000mN2051000E3163000,181101,80.0
5288,CRS3035RES1000mN2051000E3163000,5765642,77.0
5289,CRS3035RES1000mN2051000E3163000,86719,87.0
5290,CRS3035RES1000mN2051000E3163000,1800,74.0
5291,CRS3035RES1000mN2051000E3163000,1757,64.0
5292,CRS3035RES1000mN2051000E3163000,1755,71.0
5293,CRS3035RES1000mN2051000E3163000,1882,52.0
5294,CRS3035RES1000mN2051000E3163000,1745,62.0
5295,CRS3035RES1000mN2051000E3163000,1794,62.0
5296,CRS3035RES1000mN2051000E3163000,1762,51.0
5297,CRS3035RES1000mN2051000E3163000,51188,32.0
5298,CRS3035RES1000mN2051000E3163000,6893633,52.0
5299,CRS3035RES1000mN2051000E3163000,167128,62.0
5300,CRS3035RES1000mN2051000E3163000,1760,45.0
5301,CRS3035RES1000mN2051000E3163000,12773298,76.0
5302,CRS3035RES1000mN2051000E3163000,1754,85.0
5303,CRS3035RES1000mN2051000E3163000,1748,77.0
5304,CRS3035RES1000mN2051000E3163000,79941,63.0
5305,CRS3035RES1000mN2051000E3163000,1750,53.0
5306,CRS3035RES1000mN2051000E3163000,5975465,59.0
5307,CRS3035RES1000mN2051000E3163000,115056,67.0
5308,CRS3035RES1000mN2051000E3163000,1790,37.0
5309,CRS3035RES1000mN2051000E3163000,1756,77.0
5310,CRS3035RES1000mN2051000E3163000,51849,64.0
5311,CRS3035RES1000mN2051000E3163000,185595,44.0
5312,CRS3035RES1000mN2051000E3163000,7697128,47.0
5313,CRS3035RES1000mN2051000E3163000,10395362,45.0
5314,CRS3035RES1000mN2051000E3163000,1759,34.0
5315,CRS3035RES1000mN2051000E3163000,1752,55.0
5316,CRS3035RES1000mN2051000E3163000,186714,60.0
5317,CRS3035RES1000mN2051000E3163000,1753,69.0
5318,CRS3035RES1000mN2051000E3163000,1792,73.0
5319,CRS3035RES1000mN2051000E3163000,1763,69.0
5320,CRS3035RES1000mN2051000E3163000,1746,70.0
5321,CRS3035RES1000mN2051000E3163000,11572165,76.0
5322,CRS3035RES1000mN2051000E3163000,1761,64.0
5323,CRS3035RES1000mN2051000E3163000,1747,66.0
5324,CRS3035RES1000mN2051000E3163000,5768564,67.0
5325,CRS3035RES1000mN2051000E3163000,1798,58.0
5326,CRS3035RES1000mN2051000E3163000,66904,28.0
5327,CRS3035RES1000mN2051000E3163000,1777,43.0
5328,CRS3035RES1000mN2051000E3163000,1765,54.0
5329,CRS3035RES1000mN2051000E3163000,49416,76.0
5330,CRS3035RES1000mN2051000E3163000,12734939,76.0
5331,CRS3035RES1000mN2051000E3163000,167386167,50.0
5332,CRS3035RES1000mN2051000E3163000,295933804,67.0
5333,CRS3035RES1000mN2051000E3163000,303340017,59.0
5334,CRS3035RES1000mN2051000E3163000,315355551,87.0
5335,CRS3035RES1000mN2051000E3163000,339084977,63.0
5336,CRS3035RES1000mN2051000E3163000,412911553,54.0
5337,CRS3035RES1000mN2051000E3163000,558126037,83.0
5338,CRS3035RES1000mN2051000E3163000,711789768,114.0
5339,CRS3035RES1000mN2051000E3163000,727666062,
5340,CRS3035RES1000mN2051000E3163000,848085869,86.0
5341,CRS3035RES1000mN2051000E3163000,1056098898,55.0
5342,CRS3035RES1000mN2051000E3163000,1255438242,91.0
5343,CRS3035RES1000mN2051000E3163000,1469985039,86.0
5344,CRS3035RES1000mN2051000E3163000,1504302537,94.0
5345,CRS3035RES1000mN2051000E3163000,1511617504,100.0
5346,CRS3035RES1000mN2051000E3163000,1541601287,79.0
5347,CRS3035RES1000mN2051000E3163000,1544591296,36.0
5348,CRS3035RES1000mN2051000E3163000,1598174183,77.0
5349,CRS3035RES1000mN2051000E3163000,1629887846,74.0
5350,CRS3035RES1000mN2051000E3163000,1686660176,72.0
5351,CRS3035RES1000mN2051000E3163000,1716927336,93.0
5352,CRS3035RES1000mN2051000E3163000,1734554324,90.0
5353,CRS3035RES1000mN2051000E3163000,1849109335,64.0
5354,CRS3035RES1000mN2051000E3163000,2028408680,112.0
5355,CRS3035RES1000mN2051000E3163000,2036887702,
5356,CRS3035RES1000mN2051000E3163000,2061404218,17.0
5357,CRS3035RES1000mN2051000E3163000,2134238030,92.0
5358,CRS3035RES1000mN2051000E3163000,2261600754,
5359,CRS3035RES1000mN2051000E3163000,2301402027,82.0
5360,CRS3035RES1000mN2051000E3163000,2303966810,112.0
5361,CRS3035RES1000mN2051000E3163000,2312029862,74.0
5362,CRS3035RES1000mN2051000E3163000,2408860250,82.0
5363,CRS3035RES1000mN2051000E3163000,2620185829,55.0
5364,CRS3035RES1000mN2051000E3163000,2622508931,61.0
5365,CRS3035RES1000mN2051000E3163000,2672130951,
5366,CRS3035RES1000mN2051000E3163000,2710518818,84.0
5367,CRS3035RES1000mN2051000E3163000,3034026261,
5368,CRS3035RES1000mN2051000E3163000,3179889751,100.0
5369,CRS3035RES1000mN2051000E3163000,3206611978,
5370,CRS3035RES1000mN2051000E3163000,3272828439,102.0
5371,CRS3035RES1000mN2051000E3163000,3452364276,72.0
5372,CRS3035RES1000mN2051000E3163000,3452364277,47.0
5373,CRS3035RES1000mN2051000E3163000,3495733197,
5374,CRS3035RES1000mN2051000E3163000,3497154853,
5375,CRS3035RES1000mN2051000E3163000,3517755445,
5376,CRS3035RES1000mN2051000E3163000,3522125657,
5377,CRS3035RES1000mN2051000E3163000,3526751794,88.0
5378,CRS3035RES1000mN2051000E3163000,3839306060,73.0
5379,CRS3035RES1000mN2051000E3163000,4214697664,60.0
5380,CRS3035RES1000mN2051000E3163000,4338252586,76.0
5381,CRS3035RES1000mN2051000E3163000,4401271633,
5382,CRS3035RES1000mN2051000E3163000,4515476768,
5383,CRS3035RES1000mN2051000E3163000,4569910891,52.0
5384,CRS3035RES1000mN2051000E3163000,4703730491,79.0
5385,CRS3035RES1000mN2051000E3163000,4707870392,82.0
5386,CRS3035RES1000mN2051000E3163000,4789037769,116.0
5387,CRS3035RES1000mN2051000E3163000,4794233143,59.0
5388,CRS3035RES1000mN2051000E3163000,4870405674,69.0
5389,CRS3035RES1000mN2051000E3163000,5139379922,98.0
5390,CRS3035RES1000mN2051000E3163000,5160337425,55.0
5391,CRS3035RES1000mN2051000E3163000,5196199575,88.0
5392,CRS3035RES1000mN2051000E3163000,5341570554,60.0
5393,CRS3035RES1000mN2051000E3163000,5345949864,81.0
5394,CRS3035RES1000mN2051000E3163000,5448507385,
5395,CRS3035RES1000mN2051000E3163000,5604693894,73.0
5396,CRS3035RES1000mN2051000E3163000,5670401989,88.0
5397,CRS3035RES1000mN2051000E3163000,5942671299,88.0
5398,CRS3035RES1000mN2051000E3163000,5943980960,93.0
5399,CRS3035RES1000mN2051000E3163000,6185791451,
5400,CRS3035RES1000mN2051000E3163000,6188948286,86.0
5401,CRS3035RES1000mN2051000E3163000,6555800191,91.0
5402,CRS3035RES1000mN2051000E3163000,6885254479,38.0
5403,CRS3035RES1000mN2051000E3163000,7222611268,119.0
5404,CRS3035RES1000mN2051000E3163000,7408961006,114.0
5405,CRS3035RES1000mN2051000E3163000,7619964683,87.0
5406,CRS3035RES1000mN2051000E3163000,7836562695,64.0
5407,CRS3035RES1000mN2051000E3163000,8493729364,57.0
5408,CRS3035RES1000mN2051000E3163000,8557885377,75.0
5409,CRS3035RES1000mN2051000E3163000,8807212208,50.0
5410,CRS3035RES1000mN2051000E3163000,8844229173,41.0
5411,CRS3035RES1000mN2051000E3163000,8878422600,68.0
5412,CRS3035RES1000mN2051000E3163000,9595709188,38.0
5413,CRS3035RES1000mN2051000E3163000,9611387099,63.0
5414,CRS3035RES1000mN2051000E3163000,9712656915,56.0
5415,CRS3035RES1000mN2051000E3163000,9713142744,47.0
5416,CRS3035RES1000mN2051000E3163000,9815746657,
5417,CRS3035RES1000mN2051000E3163000,10004871512,79.0
5418,CRS3035RES1000mN2051000E3163000,10281174134,
5419,CRS3035RES1000mN2051000E3163000,10580337411,77.0
5420,CRS3035RES1000mN2051000E3163000,10899442604,105.0
5421,CRS3035RES1000mN2051000E3163000,10922657146,98.0
5422,CRS3035RES1000mN2051000E3163000,11127499928,55.0
5423,CRS3035RES1000mN2051000E3163000,11143725881,67.0
5424,CRS3035RES1000mN2051000E3163000,11243087140,33.0
5425,CRS3035RES1000mN2051000E3163000,11269399969,65.0
5426,CRS3035RES1000mN2051000E3163000,11287269362,78.0
5427,CRS3035RES1000mN2051000E3163000,11287269363,85.0
5428,CRS3035RES1000mN2051000E3163000,11369705764,86.0
5429,CRS3035RES1000mN2051000E3163000,11387776374,85.0
5430,CRS3035RES1000mN2051000E3163000,11461799040,
5431,CRS3035RES1000mN2051000E3163000,11462802981,70.0
5432,CRS3035RES1000mN2051000E3163000,11652077658,69.0
5433,CRS3035RES1000mN2051000E3163000,11691390164,55.0
5434,CRS3035RES1000mN2051000E3163000,11739757462,85.0
5435,CRS3035RES1000mN2051000E3163000,12178446726,78.0
5436,CRS3035RES1000mN2051000E3163000,12407425114,74.0
5437,CRS3035RES1000mN2051000E3163000,12865480228,74.0
5438,CRS3035RES1000mN2051000E3163000,2960630,95.0
5439,CRS3035RES1000mN2051000E3163000,3554044,103.0
5440,CRS3035RES1000mN2051000E3163000,3557906,93.0
5441,CRS3035RES1000mN2051000E3163000,5231361,62.0
5442,CRS3035RES1000mN2051000E3163000,9314566,100.0
5443,CRS3035RES1000mN2051000E3163000,13696257,90.0
5444,CRS3035RES1000mN2051000E3163000,15996131,63.0
5445,CRS3035RES1000mN2051000E3163000,23526191,65.0
5446,CRS3035RES1000mN2051000E3163000,23545719,56.0
5447,CRS3035RES1000mN2051000E3163000,30599279,87.0
5448,CRS3035RES1000mN2051000E3163000,30649229,59.0
5449,CRS3035RES1000mN2051000E3163000,32198651,
5450,CRS3035RES1000mN2051000E3163000,34945111,94.0
5451,CRS3035RES1000mN2051000E3163000,50170625,87.0
5452,CRS3035RES1000mN2051000E3163000,82887228,64.0
5453,CRS3035RES1000mN2051000E3163000,92484952,90.0
5454,CRS3035RES1000mN2051000E3163000,95794713,74.0
5455,CRS3035RES1000mN2051000E3163000,96418670,109.0
5456,CRS3035RES1000mN2051000E3163000,98502686,65.0
5457,CRS3035RES1000mN2051000E3163000,132613257,71.0
5458,CRS3035RES1000mN2051000E3163000,135036040,72.0
5459,CRS3035RES1000mN2051000E3163000,150772489,59.0
5460,CRS3035RES1000mN2051000E3163000,154118456,84.0
5461,CRS3035RES1000mN2051000E3163000,157375776,52.0
5462,CRS3035RES1000mN2051000E3163000,158211204,89.0
5463,CRS3035RES1000mN2051000E3163000,162072415,86.0
5464,CRS3035RES1000mN2051000E3163000,162117720,73.0
5465,CRS3035RES1000mN2051000E3163000,170487273,108.0
5466,CRS3035RES1000mN2051000E3163000,172686062,91.0
5467,CRS3035RES1000mN2051000E3163000,174318235,93.0
5468,CRS3035RES1000mN2051000E3163000,174318237,97.0
5469,CRS3035RES1000mN2051000E3163000,205060159,88.0
5470,CRS3035RES1000mN2051000E3163000,205757163,
5471,CRS3035RES1000mN2051000E3163000,221095520,80.0
5472,CRS3035RES1000mN2051000E3163000,224503374,53.0
5473,CRS3035RES1000mN2051000E3163000,227333462,59.0
5474,CRS3035RES1000mN2051000E3163000,229117454,66.0
5475,CRS3035RES1000mN2051000E3163000,261460389,102.0
5476,CRS3035RES1000mN2051000E3163000,283450022,50.0
5477,CRS3035RES1000mN2051000E3163000,288994040,59.0
5478,CRS3035RES1000mN2051000E3163000,296744564,90.0
5479,CRS3035RES1000mN2051000E3163000,297526406,49.0
5480,CRS3035RES1000mN2051000E3163000,300709861,113.0
5481,CRS3035RES1000mN2051000E3163000,301444634,85.0
5482,CRS3035RES1000mN2051000E3163000,302721609,102.0
5483,CRS3035RES1000mN2051000E3163000,308195630,81.0
5484,CRS3035RES1000mN2051000E3163000,312777902,65.0
5485,CRS3035RES1000mN2051000E3163000,330154630,
5486,CRS3035RES1000mN2051000E3163000,340205456,56.0
5487,CRS3035RES1000mN2051000E3163000,367883612,69.0
5488,CRS3035RES1000mN2051000E3163000,368211943,77.0
5489,CRS3035RES1000mN2051000E3163000,374180360,80.0
5490,CRS3035RES1000mN2051000E3163000,375369499,78.0
5491,CRS3035RES1000mN2051000E3163000,383494544,33.0
5492,CRS3035RES1000mN2051000E3163000,384574591,94.0
5493,CRS3035RES1000mN2051000E3163000,403538322,88.0
5494,CRS3035RES1000mN2051000E3163000,403859503,57.0
5495,CRS3035RES1000mN2051000E3163000,437050442,102.0
5496,CRS3035RES1000mN2051000E3163000,459881697,60.0
5497,CRS3035RES1000mN2051000E3163000,477278425,109.0
5498,CRS3035RES1000mN2051000E3163000,486879235,
5499,CRS3035RES1000mN2051000E3163000,493748377,82.0
5500,CRS3035RES1000mN2051000E3163000,498234201,100.0
5501,CRS3035RES1000mN2051000E3163000,504315026,75.0
5502,CRS3035RES1000mN2051000E3163000,548701490,
5503,CRS3035RES1000mN2051000E3163000,574210084,64.0
5504,CRS3035RES1000mN2051000E3163000,576094143,86.0
5505,CRS3035RES1000mN2051000E3163000,584409067,102.0
5506,CRS3035RES1000mN2051000E3163000,635512756,49.0
5507,CRS3035RES1000mN2051000E3163000,638492224,105.0
5508,CRS3035RES1000mN2051000E3163000,653913062,57.0
5509,CRS3035RES1000mN2051000E3163000,659866770,62.0
5510,CRS3035RES1000mN2051000E3163000,697717972,90.0
5511,CRS3035RES1000mN2051000E3163000,717194862,102.0
5512,CRS3035RES1000mN2051000E3163000,736899303,
5513,CRS3035RES1000mN2051000E3163000,738042217,106.0
5514,CRS3035RES1000mN2051000E3163000,839611983,114.0
5515,CRS3035RES1000mN2051000E3163000,957893520,53.0
5516,CRS3035RES1000mN2051000E3163000,963308110,82.0
5517,CRS3035RES1000mN2051000E3163000,1073283182,94.0
5518,CRS3035RES1000mN2051000E3163000,1252864015,77.0
5519,CRS3035RES1000mN2051000E3163000,1283203658,
5520,CRS3035RES1000mN2051000E3164000,25526,98.0
5521,CRS3035RES1000mN2051000E3164000,1774,80.0
5522,CRS3035RES1000mN2051000E3164000,1770,76.0
5523,CRS3035RES1000mN2051000E3164000,1773,86.0
5524,CRS3035RES1000mN2051000E3164000,1771,77.0
5525,CRS3035RES1000mN2051000E3164000,123303,99.0
5526,CRS3035RES1000mN2051000E3164000,1764,68.0
5527,CRS3035RES1000mN2051000E3164000,181101,96.0
5528,CRS3035RES1000mN2051000E3164000,5765642,99.0
5529,CRS3035RES1000mN2051000E3164000,86719,102.0
5530,CRS3035RES1000mN2051000E3164000,1800,94.0
5531,CRS3035RES1000mN2051000E3164000,1757,85.0
5532,CRS3035RES1000mN2051000E3164000,1755,91.0
5533,CRS3035RES1000mN2051000E3164000,1882,73.0
5534,CRS3035RES1000mN2051000E3164000,1745,78.0
5535,CRS3035RES1000mN2051000E3164000,1794,81.0
5536,CRS3035RES1000mN2051000E3164000,1762,71.0
5537,CRS3035RES1000mN2051000E3164000,51188,52.0
5538,CRS3035RES1000mN2051000E3164000,6893633,72.0
5539,CRS3035RES1000mN2051000E3164000,167128,82.0
5540,CRS3035RES1000mN2051000E3164000,1760,65.0
5541,CRS3035RES1000mN2051000E3164000,12773298,92.0
5542,CRS3035RES1000mN2051000E3164000,1754,105.0
5543,CRS3035RES1000mN2051000E3164000,1748,92.0
5544,CRS3035RES1000mN2051000E3164000,79941,77.0
5545,CRS3035RES1000mN2051000E3164000,1750,72.0
5546,CRS3035RES1000mN2051000E3164000,5975465,79.0
5547,CRS3035RES1000mN2051000E3164000,115056,87.0
5548,CRS3035RES1000mN2051000E3164000,1790,57.0
5549,CRS3035RES1000mN2051000E3164000,1756,98.0
5550,CRS3035RES1000mN2051000E3164000,51849,85.0
5551,CRS3035RES1000mN2051000E3164000,185595,65.0
5552,CRS3035RES1000mN2051000E3164000,7697128,67.0
5553,CRS3035RES1000mN2051000E3164000,10395362,69.0
5554,CRS3035RES1000mN2051000E3164000,1759,54.0
5555,CRS3035RES1000mN2051000E3164000,1752,75.0
5556,CRS3035RES1000mN2051000E3164000,186714,79.0
5557,CRS3035RES1000mN2051000E3164000,1753,88.0
5558,CRS3035RES1000mN2051000E3164000,1792,87.0
5559,CRS3035RES1000mN2051000E3164000,1763,90.0
5560,CRS3035RES1000mN2051000E3164000,1746,90.0
5561,CRS3035RES1000mN2051000E3164000,11572165,98.0
5562,CRS3035RES1000mN2051000E3164000,1761,83.0
5563,CRS3035RES1000mN2051000E3164000,1747,87.0
5564,CRS3035RES1000mN2051000E3164000,5768564,88.0
5565,CRS3035RES1000mN2051000E3164000,1798,78.0
5566,CRS3035RES1000mN2051000E3164000,66904,48.0
5567,CRS3035RES1000mN2051000E3164000,1777,63.0
5568,CRS3035RES1000mN2051000E3164000,1765,74.0
5569,CRS3035RES1000mN2051000E3164000,49416,89.0
5570,CRS3035RES1000mN2051000E3164000,12734939,89.0
5571,CRS3035RES1000mN2051000E3164000,167386167,69.0
5572,CRS3035RES1000mN2051000E3164000,295933804,86.0
5573,CRS3035RES1000mN2051000E3164000,303340017,102.0
5574,CRS3035RES1000mN2051000E3164000,315355551,104.0
5575,CRS3035RES1000mN2051000E3164000,339084977,84.0
5576,CRS3035RES1000mN2051000E3164000,412911553,76.0
5577,CRS3035RES1000mN2051000E3164000,558126037,104.0
5578,CRS3035RES1000mN2051000E3164000,711789768,
5579,CRS3035RES1000mN2051000E3164000,727666062,
5580,CRS3035RES1000mN2051000E3164000,848085869,111.0
5581,CRS3035RES1000mN2051000E3164000,1056098898,75.0
5582,CRS3035RES1000mN2051000E3164000,1255438242,109.0
5583,CRS3035RES1000mN2051000E3164000,1469985039,102.0
5584,CRS3035RES1000mN2051000E3164000,1504302537,
5585,CRS3035RES1000mN2051000E3164000,1511617504,
5586,CRS3035RES1000mN2051000E3164000,1541601287,97.0
5587,CRS3035RES1000mN2051000E3164000,1544591296,48.0
5588,CRS3035RES1000mN2051000E3164000,1598174183,83.0
5589,CRS3035RES1000mN2051000E3164000,1629887846,89.0
5590,CRS3035RES1000mN2051000E3164000,1686660176,93.0
5591,CRS3035RES1000mN2051000E3164000,1716927336,
5592,CRS3035RES1000mN2051000E3164000,1734554324,92.0
5593,CRS3035RES1000mN2051000E3164000,1849109335,104.0
5594,CRS3035RES1000mN2051000E3164000,2028408680,
5595,CRS3035RES1000mN2051000E3164000,2036887702,
5596,CRS3035RES1000mN2051000E3164000,2061404218,34.0
5597,CRS3035RES1000mN2051000E3164000,2134238030,94.0
5598,CRS3035RES1000mN2051000E3164000,2261600754,
5599,CRS3035RES1000mN2051000E3164000,2301402027,98.0
5600,CRS3035RES1000mN2051000E3164000,2303966810,
5601,CRS3035RES1000mN2051000E3164000,2312029862,86.0
5602,CRS3035RES1000mN2051000E3164000,2408860250,119.0
5603,CRS3035RES1000mN2051000E3164000,2620185829,75.0
5604,CRS3035RES1000mN2051000E3164000,2622508931,81.0
5605,CRS3035RES1000mN2051000E3164000,2672130951,
5606,CRS3035RES1000mN2051000E3164000,2710518818,109.0
5607,CRS3035RES1000mN2051000E3164000,3034026261,
5608,CRS3035RES1000mN2051000E3164000,3179889751,
5609,CRS3035RES1000mN2051000E3164000,3206611978,
5610,CRS3035RES1000mN2051000E3164000,3272828439,
5611,CRS3035RES1000mN2051000E3164000,3452364276,92.0
5612,CRS3035RES1000mN2051000E3164000,3452364277,67.0
5613,CRS3035RES1000mN2051000E3164000,3495733197,
5614,CRS3035RES1000mN2051000E3164000,3497154853,
5615,CRS3035RES1000mN2051000E3164000,3517755445,
5616,CRS3035RES1000mN2051000E3164000,3522125657,
5617,CRS3035RES1000mN2051000E3164000,3526751794,88.0
5618,CRS3035RES1000mN2051000E3164000,3839306060,89.0
5619,CRS3035RES1000mN2051000E3164000,4214697664,81.0
5620,CRS3035RES1000mN2051000E3164000,4338252586,76.0
5621,CRS3035RES1000mN2051000E3164000,4401271633,
5622,CRS3035RES1000mN2051000E3164000,4515476768,
5623,CRS3035RES1000mN2051000E3164000,4569910891,72.0
5624,CRS3035RES1000mN2051000E3164000,4703730491,105.0
5625,CRS3035RES1000mN2051000E3164000,4707870392,100.0
5626,CRS3035RES1000mN2051000E3164000,4789037769,
5627,CRS3035RES1000mN2051000E3164000,4794233143,82.0
5628,CRS3035RES1000mN2051000E3164000,4870405674,89.0
5629,CRS3035RES1000mN2051000E3164000,5139379922,
5630,CRS3035RES1000mN2051000E3164000,5160337425,75.0
5631,CRS3035RES1000mN2051000E3164000,5196199575,103.0
5632,CRS3035RES1000mN2051000E3164000,5341570554,80.0
5633,CRS3035RES1000mN2051000E3164000,5345949864,110.0
5634,CRS3035RES1000mN2051000E3164000,5448507385,
5635,CRS3035RES1000mN2051000E3164000,5604693894,73.0
5636,CRS3035RES1000mN2051000E3164000,5670401989,
5637,CRS3035RES1000mN2051000E3164000,5942671299,107.0
5638,CRS3035RES1000mN2051000E3164000,5943980960,110.0
5639,CRS3035RES1000mN2051000E3164000,6185791451,
5640,CRS3035RES1000mN2051000E3164000,6188948286,105.0
5641,CRS3035RES1000mN2051000E3164000,6555800191,112.0
5642,CRS3035RES1000mN2051000E3164000,6885254479,53.0
5643,CRS3035RES1000mN2051000E3164000,7222611268,
5644,CRS3035RES1000mN2051000E3164000,7408961006,
5645,CRS3035RES1000mN2051000E3164000,7619964683,113.0
5646,CRS3035RES1000mN2051000E3164000,7836562695,88.0
5647,CRS3035RES1000mN2051000E3164000,8493729364,76.0
5648,CRS3035RES1000mN2051000E3164000,8557885377,
5649,CRS3035RES1000mN2051000E3164000,8807212208,70.0
5650,CRS3035RES1000mN2051000E3164000,8844229173,61.0
5651,CRS3035RES1000mN2051000E3164000,8878422600,89.0
5652,CRS3035RES1000mN2051000E3164000,9595709188,58.0
5653,CRS3035RES1000mN2051000E3164000,9611387099,82.0
5654,CRS3035RES1000mN2051000E3164000,9712656915,76.0
5655,CRS3035RES1000mN2051000E3164000,9713142744,67.0
5656,CRS3035RES1000mN2051000E3164000,9815746657,
5657,CRS3035RES1000mN2051000E3164000,10004871512,86.0
5658,CRS3035RES1000mN2051000E3164000,10281174134,
5659,CRS3035RES1000mN2051000E3164000,10580337411,93.0
5660,CRS3035RES1000mN2051000E3164000,10899442604,
5661,CRS3035RES1000mN2051000E3164000,10922657146,117.0
5662,CRS3035RES1000mN2051000E3164000,11127499928,70.0
5663,CRS3035RES1000mN2051000E3164000,11143725881,98.0
5664,CRS3035RES1000mN2051000E3164000,11243087140,53.0
5665,CRS3035RES1000mN2051000E3164000,11269399969,85.0
5666,CRS3035RES1000mN2051000E3164000,11287269362,90.0
5667,CRS3035RES1000mN2051000E3164000,11287269363,109.0
5668,CRS3035RES1000mN2051000E3164000,11369705764,100.0
5669,CRS3035RES1000mN2051000E3164000,11387776374,101.0
5670,CRS3035RES1000mN2051000E3164000,11461799040,
5671,CRS3035RES1000mN2051000E3164000,11462802981,84.0
5672,CRS3035RES1000mN2051000E3164000,11652077658,102.0
5673,CRS3035RES1000mN2051000E3164000,11691390164,75.0
5674,CRS3035RES1000mN2051000E3164000,11739757462,101.0
5675,CRS3035RES1000mN2051000E3164000,12178446726,99.0
5676,CRS3035RES1000mN2051000E3164000,12407425114,98.0
5677,CRS3035RES1000mN2051000E3164000,12865480228,90.0
5678,CRS3035RES1000mN2051000E3164000,2960630,113.0
5679,CRS3035RES1000mN2051000E3164000,3554044,
5680,CRS3035RES1000mN2051000E3164000,3557906,109.0
5681,CRS3035RES1000mN2051000E3164000,5231361,83.0
5682,CRS3035RES1000mN2051000E3164000,9314566,
5683,CRS3035RES1000mN2051000E3164000,13696257,96.0
5684,CRS3035RES1000mN2051000E3164000,15996131,84.0
5685,CRS3035RES1000mN2051000E3164000,23526191,86.0
5686,CRS3035RES1000mN2051000E3164000,23545719,76.0
5687,CRS3035RES1000mN2051000E3164000,30599279,106.0
5688,CRS3035RES1000mN2051000E3164000,30649229,82.0
5689,CRS3035RES1000mN2051000E3164000,32198651,
5690,CRS3035RES1000mN2051000E3164000,34945111,110.0
5691,CRS3035RES1000mN2051000E3164000,50170625,
5692,CRS3035RES1000mN2051000E3164000,82887228,94.0
5693,CRS3035RES1000mN2051000E3164000,92484952,98.0
5694,CRS3035RES1000mN2051000E3164000,95794713,93.0
5695,CRS3035RES1000mN2051000E3164000,96418670,
5696,CRS3035RES1000mN2051000E3164000,98502686,85.0
5697,CRS3035RES1000mN2051000E3164000,132613257,91.0
5698,CRS3035RES1000mN2051000E3164000,135036040,92.0
5699,CRS3035RES1000mN2051000E3164000,150772489,80.0
5700,CRS3035RES1000mN2051000E3164000,154118456,94.0
5701,CRS3035RES1000mN2051000E3164000,157375776,67.0
5702,CRS3035RES1000mN2051000E3164000,158211204,109.0
5703,CRS3035RES1000mN2051000E3164000,162072415,108.0
5704,CRS3035RES1000mN2051000E3164000,162117720,93.0
5705,CRS3035RES1000mN2051000E3164000,170487273,
5706,CRS3035RES1000mN2051000E3164000,172686062,111.0
5707,CRS3035RES1000mN2051000E3164000,174318235,114.0
5708,CRS3035RES1000mN2051000E3164000,174318237,116.0
5709,CRS3035RES1000mN2051000E3164000,205060159,101.0
5710,CRS3035RES1000mN2051000E3164000,205757163,
5711,CRS3035RES1000mN2051000E3164000,221095520,96.0
5712,CRS3035RES1000mN2051000E3164000,224503374,73.0
5713,CRS3035RES1000mN2051000E3164000,227333462,87.0
5714,CRS3035RES1000mN2051000E3164000,229117454,97.0
5715,CRS3035RES1000mN2051000E3164000,261460389,
5716,CRS3035RES1000mN2051000E3164000,283450022,70.0
5717,CRS3035RES1000mN2051000E3164000,288994040,78.0
5718,CRS3035RES1000mN2051000E3164000,296744564,111.0
5719,CRS3035RES1000mN2051000E3164000,297526406,71.0
5720,CRS3035RES1000mN2051000E3164000,300709861,
5721,CRS3035RES1000mN2051000E3164000,301444634,
5722,CRS3035RES1000mN2051000E3164000,302721609,
5723,CRS3035RES1000mN2051000E3164000,308195630,
5724,CRS3035RES1000mN2051000E3164000,312777902,84.0
5725,CRS3035RES1000mN2051000E3164000,330154630,
5726,CRS3035RES1000mN2051000E3164000,340205456,76.0
5727,CRS3035RES1000mN2051000E3164000,367883612,99.0
5728,CRS3035RES1000mN2051000E3164000,368211943,104.0
5729,CRS3035RES1000mN2051000E3164000,374180360,92.0
5730,CRS3035RES1000mN2051000E3164000,375369499,88.0
5731,CRS3035RES1000mN2051000E3164000,383494544,53.0
5732,CRS3035RES1000mN2051000E3164000,384574591,107.0
5733,CRS3035RES1000mN2051000E3164000,403538322,113.0
5734,CRS3035RES1000mN2051000E3164000,403859503,78.0
5735,CRS3035RES1000mN2051000E3164000,437050442,118.0
5736,CRS3035RES1000mN2051000E3164000,459881697,88.0
5737,CRS3035RES1000mN2051000E3164000,477278425,
5738,CRS3035RES1000mN2051000E3164000,486879235,
5739,CRS3035RES1000mN2051000E3164000,493748377,103.0
5740,CRS3035RES1000mN2051000E3164000,498234201,116.0
5741,CRS3035RES1000mN2051000E3164000,504315026,91.0
5742,CRS3035RES1000mN2051000E3164000,548701490,
5743,CRS3035RES1000mN2051000E3164000,574210084,118.0
5744,CRS3035RES1000mN2051000E3164000,576094143,108.0
5745,CRS3035RES1000mN2051000E3164000,584409067,
5746,CRS3035RES1000mN2051000E3164000,635512756,63.0
5747,CRS3035RES1000mN2051000E3164000,638492224,
5748,CRS3035RES1000mN2051000E3164000,653913062,70.0
5749,CRS3035RES1000mN2051000E3164000,659866770,62.0
5750,CRS3035RES1000mN2051000E3164000,697717972,111.0
5751,CRS3035RES1000mN2051000E3164000,717194862,102.0
5752,CRS3035RES1000mN2051000E3164000,736899303,
5753,CRS3035RES1000mN2051000E3164000,738042217,
5754,CRS3035RES1000mN2051000E3164000,839611983,114.0
5755,CRS3035RES1000mN2051000E3164000,957893520,72.0
5756,CRS3035RES1000mN2051000E3164000,963308110,100.0
5757,CRS3035RES1000mN2051000E3164000,1073283182,
5758,CRS3035RES1000mN2051000E3164000,1252864015,83.0
5759,CRS3035RES1000mN2051000E3164000,1283203658,
5760,CRS3035RES1000mN2051000E3165000,25526,99.0
5761,CRS3035RES1000mN2051000E3165000,1774,81.0
5762,CRS3035RES1000mN2051000E3165000,1770,79.0
5763,CRS3035RES1000mN2051000E3165000,1773,88.0
5764,CRS3035RES1000mN2051000E3165000,1771,78.0
5765,CRS3035RES1000mN2051000E3165000,123303,101.0
5766,CRS3035RES1000mN2051000E3165000,1764,71.0
5767,CRS3035RES1000mN2051000E3165000,181101,97.0
5768,CRS3035RES1000mN2051000E3165000,5765642,101.0
5769,CRS3035RES1000mN2051000E3165000,86719,104.0
5770,CRS3035RES1000mN2051000E3165000,1800,95.0
5771,CRS3035RES1000mN2051000E3165000,1757,87.0
5772,CRS3035RES1000mN2051000E3165000,1755,92.0
5773,CRS3035RES1000mN2051000E3165000,1882,75.0
5774,CRS3035RES1000mN2051000E3165000,1745,80.0
5775,CRS3035RES1000mN2051000E3165000,1794,83.0
5776,CRS3035RES1000mN2051000E3165000,1762,73.0
5777,CRS3035RES1000mN2051000E3165000,51188,54.0
5778,CRS3035RES1000mN2051000E3165000,6893633,74.0
5779,CRS3035RES1000mN2051000E3165000,167128,83.0
5780,CRS3035RES1000mN2051000E3165000,1760,67.0
5781,CRS3035RES1000mN2051000E3165000,12773298,94.0
5782,CRS3035RES1000mN2051000E3165000,1754,106.0
5783,CRS3035RES1000mN2051000E3165000,1748,93.0
5784,CRS3035RES1000mN2051000E3165000,79941,79.0
5785,CRS3035RES1000mN2051000E3165000,1750,75.0
5786,CRS3035RES1000mN2051000E3165000,5975465,81.0
5787,CRS3035RES1000mN2051000E3165000,115056,89.0
5788,CRS3035RES1000mN2051000E3165000,1790,59.0
5789,CRS3035RES1000mN2051000E3165000,1756,100.0
5790,CRS3035RES1000mN2051000E3165000,51849,85.0
5791,CRS3035RES1000mN2051000E3165000,185595,66.0
5792,CRS3035RES1000mN2051000E3165000,7697128,69.0
5793,CRS3035RES1000mN2051000E3165000,10395362,71.0
5794,CRS3035RES1000mN2051000E3165000,1759,56.0
5795,CRS3035RES1000mN2051000E3165000,1752,77.0
5796,CRS3035RES1000mN2051000E3165000,186714,81.0
5797,CRS3035RES1000mN2051000E3165000,1753,90.0
5798,CRS3035RES1000mN2051000E3165000,1792,89.0
5799,CRS3035RES1000mN2051000E3165000,1763,92.0
5800,CRS3035RES1000mN2051000E3165000,1746,92.0
5801,CRS3035RES1000mN2051000E3165000,11572165,98.0
5802,CRS3035RES1000mN2051000E3165000,1761,85.0
5803,CRS3035RES1000mN2051000E3165000,1747,88.0
5804,CRS3035RES1000mN2051000E3165000,5768564,89.0
5805,CRS3035RES1000mN2051000E3165000,1798,79.0
5806,CRS3035RES1000mN2051000E3165000,66904,50.0
5807,CRS3035RES1000mN2051000E3165000,1777,65.0
5808,CRS3035RES1000mN2051000E3165000,1765,76.0
5809,CRS3035RES1000mN2051000E3165000,49416,90.0
5810,CRS3035RES1000mN2051000E3165000,12734939,90.0
5811,CRS3035RES1000mN2051000E3165000,167386167,72.0
5812,CRS3035RES1000mN2051000E3165000,295933804,88.0
5813,CRS3035RES1000mN2051000E3165000,303340017,102.0
5814,CRS3035RES1000mN2051000E3165000,315355551,106.0
5815,CRS3035RES1000mN2051000E3165000,339084977,86.0
5816,CRS3035RES1000mN2051000E3165000,412911553,77.0
5817,CRS3035RES1000mN2051000E3165000,558126037,106.0
5818,CRS3035RES1000mN2051000E3165000,711789768,
5819,CRS3035RES1000mN2051000E3165000,727666062,
5820,CRS3035RES1000mN2051000E3165000,848085869,113.0
5821,CRS3035RES1000mN2051000E3165000,1056098898,77.0
5822,CRS3035RES1000mN2051000E3165000,1255438242,111.0
5823,CRS3035RES1000mN2051000E3165000,1469985039,103.0
5824,CRS3035RES1000mN2051000E3165000,1504302537,
5825,CRS3035RES1000mN2051000E3165000,1511617504,
5826,CRS3035RES1000mN2051000E3165000,1541601287,99.0
5827,CRS3035RES1000mN2051000E3165000,1544591296,56.0
5828,CRS3035RES1000mN2051000E3165000,1598174183,85.0
5829,CRS3035RES1000mN2051000E3165000,1629887846,91.0
5830,CRS3035RES1000mN2051000E3165000,1686660176,94.0
5831,CRS3035RES1000mN2051000E3165000,1716927336,
5832,CRS3035RES1000mN2051000E3165000,1734554324,94.0
5833,CRS3035RES1000mN2051000E3165000,1849109335,104.0
5834,CRS3035RES1000mN2051000E3165000,2028408680,
5835,CRS3035RES1000mN2051000E3165000,2036887702,
5836,CRS3035RES1000mN2051000E3165000,2061404218,38.0
5837,CRS3035RES1000mN2051000E3165000,2134238030,96.0
5838,CRS3035RES1000mN2051000E3165000,2261600754,
5839,CRS3035RES1000mN2051000E3165000,2301402027,100.0
5840,CRS3035RES1000mN2051000E3165000,2303966810,
5841,CRS3035RES1000mN2051000E3165000,2312029862,88.0
5842,CRS3035RES1000mN2051000E3165000,2408860250,119.0
5843,CRS3035RES1000mN2051000E3165000,2620185829,77.0
5844,CRS3035RES1000mN2051000E3165000,2622508931,83.0
5845,CRS3035RES1000mN2051000E3165000,2672130951,
5846,CRS3035RES1000mN2051000E3165000,2710518818,111.0
5847,CRS3035RES1000mN2051000E3165000,3034026261,
5848,CRS3035RES1000mN2051000E3165000,3179889751,
5849,CRS3035RES1000mN2051000E3165000,3206611978,
5850,CRS3035RES1000mN2051000E3165000,3272828439,
5851,CRS3035RES1000mN2051000E3165000,3452364276,94.0
5852,CRS3035RES1000mN2051000E3165000,3452364277,69.0
5853,CRS3035RES1000mN2051000E3165000,3495733197,
5854,CRS3035RES1000mN2051000E3165000,3497154853,
5855,CRS3035RES1000mN2051000E3165000,3517755445,
5856,CRS3035RES1000mN2051000E3165000,3522125657,
5857,CRS3035RES1000mN2051000E3165000,3526751794,88.0
5858,CRS3035RES1000mN2051000E3165000,3839306060,91.0
5859,CRS3035RES1000mN2051000E3165000,4214697664,82.0
5860,CRS3035RES1000mN2051000E3165000,4338252586,76.0
5861,CRS3035RES1000mN2051000E3165000,4401271633,
5862,CRS3035RES1000mN2051000E3165000,4515476768,
5863,CRS3035RES1000mN2051000E3165000,4569910891,74.0
5864,CRS3035RES1000mN2051000E3165000,4703730491,107.0
5865,CRS3035RES1000mN2051000E3165000,4707870392,100.0
5866,CRS3035RES1000mN2051000E3165000,4789037769,
5867,CRS3035RES1000mN2051000E3165000,4794233143,101.0
5868,CRS3035RES1000mN2051000E3165000,4870405674,91.0
5869,CRS3035RES1000mN2051000E3165000,5139379922,
5870,CRS3035RES1000mN2051000E3165000,5160337425,76.0
5871,CRS3035RES1000mN2051000E3165000,5196199575,105.0
5872,CRS3035RES1000mN2051000E3165000,5341570554,82.0
5873,CRS3035RES1000mN2051000E3165000,5345949864,112.0
5874,CRS3035RES1000mN2051000E3165000,5448507385,
5875,CRS3035RES1000mN2051000E3165000,5604693894,73.0
5876,CRS3035RES1000mN2051000E3165000,5670401989,
5877,CRS3035RES1000mN2051000E3165000,5942671299,109.0
5878,CRS3035RES1000mN2051000E3165000,5943980960,112.0
5879,CRS3035RES1000mN2051000E3165000,6185791451,
5880,CRS3035RES1000mN2051000E3165000,6188948286,106.0
5881,CRS3035RES1000mN2051000E3165000,6555800191,113.0
5882,CRS3035RES1000mN2051000E3165000,6885254479,60.0
5883,CRS3035RES1000mN2051000E3165000,7222611268,
5884,CRS3035RES1000mN2051000E3165000,7408961006,
5885,CRS3035RES1000mN2051000E3165000,7619964683,113.0
5886,CRS3035RES1000mN2051000E3165000,7836562695,88.0
5887,CRS3035RES1000mN2051000E3165000,8493729364,79.0
5888,CRS3035RES1000mN2051000E3165000,8557885377,
5889,CRS3035RES1000mN2051000E3165000,8807212208,72.0
5890,CRS3035RES1000mN2051000E3165000,8844229173,63.0
5891,CRS3035RES1000mN2051000E3165000,8878422600,91.0
5892,CRS3035RES1000mN2051000E3165000,9595709188,60.0
5893,CRS3035RES1000mN2051000E3165000,9611387099,85.0
5894,CRS3035RES1000mN2051000E3165000,9712656915,78.0
5895,CRS3035RES1000mN2051000E3165000,9713142744,69.0
5896,CRS3035RES1000mN2051000E3165000,9815746657,
5897,CRS3035RES1000mN2051000E3165000,10004871512,88.0
5898,CRS3035RES1000mN2051000E3165000,10281174134,
5899,CRS3035RES1000mN2051000E3165000,10580337411,95.0
5900,CRS3035RES1000mN2051000E3165000,10899442604,
5901,CRS3035RES1000mN2051000E3165000,10922657146,118.0
5902,CRS3035RES1000mN2051000E3165000,11127499928,72.0
5903,CRS3035RES1000mN2051000E3165000,11143725881,100.0
5904,CRS3035RES1000mN2051000E3165000,11243087140,55.0
5905,CRS3035RES1000mN2051000E3165000,11269399969,87.0
5906,CRS3035RES1000mN2051000E3165000,11287269362,92.0
5907,CRS3035RES1000mN2051000E3165000,11287269363,111.0
5908,CRS3035RES1000mN2051000E3165000,11369705764,102.0
5909,CRS3035RES1000mN2051000E3165000,11387776374,103.0
5910,CRS3035RES1000mN2051000E3165000,11461799040,
5911,CRS3035RES1000mN2051000E3165000,11462802981,85.0
5912,CRS3035RES1000mN2051000E3165000,11652077658,104.0
5913,CRS3035RES1000mN2051000E3165000,11691390164,77.0
5914,CRS3035RES1000mN2051000E3165000,11739757462,103.0
5915,CRS3035RES1000mN2051000E3165000,12178446726,100.0
5916,CRS3035RES1000mN2051000E3165000,12407425114,100.0
5917,CRS3035RES1000mN2051000E3165000,12865480228,92.0
5918,CRS3035RES1000mN2051000E3165000,2960630,115.0
5919,CRS3035RES1000mN2051000E3165000,3554044,
5920,CRS3035RES1000mN2051000E3165000,3557906,111.0
5921,CRS3035RES1000mN2051000E3165000,5231361,84.0
5922,CRS3035RES1000mN2051000E3165000,9314566,
5923,CRS3035RES1000mN2051000E3165000,13696257,98.0
5924,CRS3035RES1000mN2051000E3165000,15996131,85.0
5925,CRS3035RES1000mN2051000E3165000,23526191,88.0
5926,CRS3035RES1000mN2051000E3165000,23545719,77.0
5927,CRS3035RES1000mN2051000E3165000,30599279,108.0
5928,CRS3035RES1000mN2051000E3165000,30649229,83.0
5929,CRS3035RES1000mN2051000E3165000,32198651,
5930,CRS3035RES1000mN2051000E3165000,34945111,111.0
5931,CRS3035RES1000mN2051000E3165000,50170625,
5932,CRS3035RES1000mN2051000E3165000,82887228,94.0
5933,CRS3035RES1000mN2051000E3165000,92484952,100.0
5934,CRS3035RES1000mN2051000E3165000,95794713,96.0
5935,CRS3035RES1000mN2051000E3165000,96418670,
5936,CRS3035RES1000mN2051000E3165000,98502686,87.0
5937,CRS3035RES1000mN2051000E3165000,132613257,93.0
5938,CRS3035RES1000mN2051000E3165000,135036040,94.0
5939,CRS3035RES1000mN2051000E3165000,150772489,81.0
5940,CRS3035RES1000mN2051000E3165000,154118456,96.0
5941,CRS3035RES1000mN2051000E3165000,157375776,69.0
5942,CRS3035RES1000mN2051000E3165000,158211204,111.0
5943,CRS3035RES1000mN2051000E3165000,162072415,110.0
5944,CRS3035RES1000mN2051000E3165000,162117720,95.0
5945,CRS3035RES1000mN2051000E3165000,170487273,
5946,CRS3035RES1000mN2051000E3165000,172686062,113.0
5947,CRS3035RES1000mN2051000E3165000,174318235,116.0
5948,CRS3035RES1000mN2051000E3165000,174318237,117.0
5949,CRS3035RES1000mN2051000E3165000,205060159,103.0
5950,CRS3035RES1000mN2051000E3165000,205757163,
5951,CRS3035RES1000mN2051000E3165000,221095520,98.0
5952,CRS3035RES1000mN2051000E3165000,224503374,75.0
5953,CRS3035RES1000mN2051000E3165000,227333462,89.0
5954,CRS3035RES1000mN2051000E3165000,229117454,99.0
5955,CRS3035RES1000mN2051000E3165000,261460389,
5956,CRS3035RES1000mN2051000E3165000,283450022,72.0
5957,CRS3035RES1000mN2051000E3165000,288994040,80.0
5958,CRS3035RES1000mN2051000E3165000,296744564,113.0
5959,CRS3035RES1000mN2051000E3165000,297526406,74.0
5960,CRS3035RES1000mN2051000E3165000,300709861,
5961,CRS3035RES1000mN2051000E3165000,301444634,
5962,CRS3035RES1000mN2051000E3165000,302721609,
5963,CRS3035RES1000mN2051000E3165000,308195630,
5964,CRS3035RES1000mN2051000E3165000,312777902,87.0
5965,CRS3035RES1000mN2051000E3165000,330154630,
5966,CRS3035RES1000mN2051000E3165000,340205456,79.0
5967,CRS3035RES1000mN2051000E3165000,367883612,99.0
5968,CRS3035RES1000mN2051000E3165000,368211943,104.0
5969,CRS3035RES1000mN2051000E3165000,374180360,94.0
5970,CRS3035RES1000mN2051000E3165000,375369499,90.0
5971,CRS3035RES1000mN2051000E3165000,383494544,55.0
5972,CRS3035RES1000mN2051000E3165000,384574591,109.0
5973,CRS3035RES1000mN2051000E3165000,403538322,113.0
5974,CRS3035RES1000mN2051000E3165000,403859503,79.0
5975,CRS3035RES1000mN2051000E3165000,437050442,
5976,CRS3035RES1000mN2051000E3165000,459881697,90.0
5977,CRS3035RES1000mN2051000E3165000,477278425,
5978,CRS3035RES1000mN2051000E3165000,486879235,
5979,CRS3035RES1000mN2051000E3165000,493748377,103.0
5980,CRS3035RES1000mN2051000E3165000,498234201,118.0
5981,CRS3035RES1000mN2051000E3165000,504315026,93.0
5982,CRS3035RES1000mN2051000E3165000,548701490,
5983,CRS3035RES1000mN2051000E3165000,574210084,118.0
5984,CRS3035RES1000mN2051000E3165000,576094143,111.0
5985,CRS3035RES1000mN2051000E3165000,584409067,
5986,CRS3035RES1000mN2051000E3165000,635512756,65.0
5987,CRS3035RES1000mN2051000E3165000,638492224,
5988,CRS3035RES1000mN2051000E3165000,653913062,72.0
5989,CRS3035RES1000mN2051000E3165000,659866770,64.0
5990,CRS3035RES1000mN2051000E3165000,697717972,112.0
5991,CRS3035RES1000mN2051000E3165000,717194862,102.0
5992,CRS3035RES1000mN2051000E3165000,736899303,
5993,CRS3035RES1000mN2051000E3165000,738042217,
5994,CRS3035RES1000mN2051000E3165000,839611983,114.0
5995,CRS3035RES1000mN2051000E3165000,957893520,75.0
5996,CRS3035RES1000mN2051000E3165000,963308110,102.0
5997,CRS3035RES1000mN2051000E3165000,1073283182,
5998,CRS3035RES1000mN2051000E3165000,1252864015,85.0
5999,CRS3035RES1000mN2051000E3165000,1283203658,
6000,CRS3035RES1000mN2052000E3154000,25526,
6001,CRS3035RES1000mN2052000E3154000,1774,
6002,CRS3035RES1000mN2052000E3154000,1770,
6003,CRS3035RES1000mN2052000E3154000,1773,
6004,CRS3035RES1000mN2052000E3154000,1771,
6005,CRS3035RES1000mN2052000E3154000,123303,
6006,CRS3035RES1000mN2052000E3154000,1764,
6007,CRS3035RES1000mN2052000E3154000,181101,
6008,CRS3035RES1000mN2052000E3154000,5765642,
6009,CRS3035RES1000mN2052000E3154000,86719,
6010,CRS3035RES1000mN2052000E3154000,1800,
6011,CRS3035RES1000mN2052000E3154000,1757,
6012,CRS3035RES1000mN2052000E3154000,1755,
6013,CRS3035RES1000mN2052000E3154000,1882,
6014,CRS3035RES1000mN2052000E3154000,1745,
6015,CRS3035RES1000mN2052000E3154000,1794,
6016,CRS3035RES1000mN2052000E3154000,1762,
6017,CRS3035RES1000mN2052000E3154000,51188,
6018,CRS3035RES1000mN2052000E3154000,6893633,
6019,CRS3035RES1000mN2052000E3154000,167128,
6020,CRS3035RES1000mN2052000E3154000,1760,
6021,CRS3035RES1000mN2052000E3154000,12773298,
6022,CRS3035RES1000mN2052000E3154000,1754,
6023,CRS3035RES1000mN2052000E3154000,1748,
6024,CRS3035RES1000mN2052000E3154000,79941,
6025,CRS3035RES1000mN2052000E3154000,1750,
6026,CRS3035RES1000mN2052000E3154000,5975465,
6027,CRS3035RES1000mN2052000E3154000,115056,
6028,CRS3035RES1000mN2052000E3154000,1790,
6029,CRS3035RES1000mN2052000E3154000,1756,
6030,CRS3035RES1000mN2052000E3154000,51849,
6031,CRS3035RES1000mN2052000E3154000,185595,
6032,CRS3035RES1000mN2052000E3154000,7697128,
6033,CRS3035RES1000mN2052000E3154000,10395362,
6034,CRS3035RES1000mN2052000E3154000,1759,
6035,CRS3035RES1000mN2052000E3154000,1752,
6036,CRS3035RES1000mN2052000E3154000,186714,
6037,CRS3035RES1000mN2052000E3154000,1753,
6038,CRS3035RES1000mN2052000E3154000,1792,
6039,CRS3035RES1000mN2052000E3154000,1763,
6040,CRS3035RES1000mN2052000E3154000,1746,
6041,CRS3035RES1000mN2052000E3154000,11572165,
6042,CRS3035RES1000mN2052000E3154000,1761,
6043,CRS3035RES1000mN2052000E3154000,1747,
6044,CRS3035RES1000mN2052000E3154000,5768564,
6045,CRS3035RES1000mN2052000E3154000,1798,
6046,CRS3035RES1000mN2052000E3154000,66904,
6047,CRS3035RES1000mN2052000E3154000,1777,
6048,CRS3035RES1000mN2052000E3154000,1765,
6049,CRS3035RES1000mN2052000E3154000,49416,
6050,CRS3035RES1000mN2052000E3154000,12734939,
6051,CRS3035RES1000mN2052000E3154000,167386167,
6052,CRS3035RES1000mN2052000E3154000,295933804,
6053,CRS3035RES1000mN2052000E3154000,303340017,
6054,CRS3035RES1000mN2052000E3154000,315355551,
6055,CRS3035RES1000mN2052000E3154000,339084977,
6056,CRS3035RES1000mN2052000E3154000,412911553,
6057,CRS3035RES1000mN2052000E3154000,558126037,
6058,CRS3035RES1000mN2052000E3154000,711789768,
6059,CRS3035RES1000mN2052000E3154000,727666062,
6060,CRS3035RES1000mN2052000E3154000,848085869,
6061,CRS3035RES1000mN2052000E3154000,1056098898,
6062,CRS3035RES1000mN2052000E3154000,1255438242,
6063,CRS3035RES1000mN2052000E3154000,1469985039,
6064,CRS3035RES1000mN2052000E3154000,1504302537,
6065,CRS3035RES1000mN2052000E3154000,1511617504,
6066,CRS3035RES1000mN2052000E3154000,1541601287,
6067,CRS3035RES1000mN2052000E3154000,1544591296,
6068,CRS3035RES1000mN2052000E3154000,1598174183,
6069,CRS3035RES1000mN2052000E3154000,1629887846,
6070,CRS3035RES1000mN2052000E3154000,1686660176,
6071,CRS3035RES1000mN2052000E3154000,1716927336,
6072,CRS3035RES1000mN2052000E3154000,1734554324,
6073,CRS3035RES1000mN2052000E3154000,1849109335,
6074,CRS3035RES1000mN2052000E3154000,2028408680,
6075,CRS3035RES1000mN2052000E3154000,2036887702,
6076,CRS3035RES1000mN2052000E3154000,2061404218,
6077,CRS3035RES1000mN2052000E3154000,2134238030,
6078,CRS3035RES1000mN2052000E3154000,2261600754,
6079,CRS3035RES1000mN2052000E3154000,2301402027,
6080,CRS3035RES1000mN2052000E3154000,2303966810,
6081,CRS3035RES1000mN2052000E3154000,2312029862,
6082,CRS3035RES1000mN2052000E3154000,2408860250,
6083,CRS3035RES1000mN2052000E3154000,2620185829,
6084,CRS3035RES1000mN2052000E3154000,2622508931,
6085,CRS3035RES1000mN2052000E3154000,2672130951,
6086,CRS3035RES1000mN2052000E3154000,2710518818,
6087,CRS3035RES1000mN2052000E3154000,3034026261,
6088,CRS3035RES1000mN2052000E3154000,3179889751,
6089,CRS3035RES1000mN2052000E3154000,3206611978,
6090,CRS3035RES1000mN2052000E3154000,3272828439,
6091,CRS3035RES1000mN2052000E3154000,3452364276,
6092,CRS3035RES1000mN2052000E3154000,3452364277,
6093,CRS3035RES1000mN2052000E3154000,3495733197,
6094,CRS3035RES1000mN2052000E3154000,3497154853,
6095,CRS3035RES1000mN2052000E3154000,3517755445,
6096,CRS3035RES1000mN2052000E3154000,3522125657,
6097,CRS3035RES1000mN2052000E3154000,3526751794,
6098,CRS3035RES1000mN2052000E3154000,3839306060,
6099,CRS3035RES1000mN2052000E3154000,4214697664,
6100,CRS3035RES1000mN2052000E3154000,4338252586,
6101,CRS3035RES1000mN2052000E3154000,4401271633,
6102,CRS3035RES1000mN2052000E3154000,4515476768,
6103,CRS3035RES1000mN2052000E3154000,4569910891,
6104,CRS3035RES1000mN2052000E3154000,4703730491,
6105,CRS3035RES1000mN2052000E3154000,4707870392,
6106,CRS3035RES1000mN2052000E3154000,4789037769,
6107,CRS3035RES1000mN2052000E3154000,4794233143,
6108,CRS3035RES1000mN2052000E3154000,4870405674,
6109,CRS3035RES1000mN2052000E3154000,5139379922,
6110,CRS3035RES1000mN2052000E3154000,5160337425,
6111,CRS3035RES1000mN2052000E3154000,5196199575,
6112,CRS3035RES1000mN2052000E3154000,5341570554,
6113,CRS3035RES1000mN2052000E3154000,5345949864,
6114,CRS3035RES1000mN2052000E3154000,5448507385,
6115,CRS3035RES1000mN2052000E3154000,5604693894,
6116,CRS3035RES1000mN2052000E3154000,5670401989,
6117,CRS3035RES1000mN2052000E3154000,5942671299,
6118,CRS3035RES1000mN2052000E3154000,5943980960,
6119,CRS3035RES1000mN2052000E3154000,6185791451,
6120,CRS3035RES1000mN2052000E3154000,6188948286,
6121,CRS3035RES1000mN2052000E3154000,6555800191,
6122,CRS3035RES1000mN2052000E3154000,6885254479,
6123,CRS3035RES1000mN2052000E3154000,7222611268,
6124,CRS3035RES1000mN2052000E3154000,7408961006,
6125,CRS3035RES1000mN2052000E3154000,7619964683,
6126,CRS3035RES1000mN2052000E3154000,7836562695,
6127,CRS3035RES1000mN2052000E3154000,8493729364,
6128,CRS3035RES1000mN2052000E3154000,8557885377,
6129,CRS3035RES1000mN2052000E3154000,8807212208,
6130,CRS3035RES1000mN2052000E3154000,8844229173,
6131,CRS3035RES1000mN2052000E3154000,8878422600,
6132,CRS3035RES1000mN2052000E3154000,9595709188,
6133,CRS3035RES1000mN2052000E3154000,9611387099,
6134,CRS3035RES1000mN2052000E3154000,9712656915,
6135,CRS3035RES1000mN2052000E3154000,9713142744,
6136,CRS3035RES1000mN2052000E3154000,9815746657,
6137,CRS3035RES1000mN2052000E3154000,10004871512,
6138,CRS3035RES1000mN2052000E3154000,10281174134,
6139,CRS3035RES1000mN2052000E3154000,10580337411,
6140,CRS3035RES1000mN2052000E3154000,10899442604,
6141,CRS3035RES1000mN2052000E3154000,10922657146,
6142,CRS3035RES1000mN2052000E3154000,11127499928,
6143,CRS3035RES1000mN2052000E3154000,11143725881,
6144,CRS3035RES1000mN2052000E3154000,11243087140,
6145,CRS3035RES1000mN2052000E3154000,11269399969,
6146,CRS3035RES1000mN2052000E3154000,11287269362,
6147,CRS3035RES1000mN2052000E3154000,11287269363,
6148,CRS3035RES1000mN2052000E3154000,11369705764,
6149,CRS3035RES1000mN2052000E3154000,11387776374,
6150,CRS3035RES1000mN2052000E3154000,11461799040,
6151,CRS3035RES1000mN2052000E3154000,11462802981,
6152,CRS3035RES1000mN2052000E3154000,11652077658,
6153,CRS3035RES1000mN2052000E3154000,11691390164,
6154,CRS3035RES1000mN2052000E3154000,11739757462,
6155,CRS3035RES1000mN2052000E3154000,12178446726,
6156,CRS3035RES1000mN2052000E3154000,12407425114,
6157,CRS3035RES1000mN2052000E3154000,12865480228,
6158,CRS3035RES1000mN2052000E3154000,2960630,
6159,CRS3035RES1000mN2052000E3154000,3554044,
6160,CRS3035RES1000mN2052000E3154000,3557906,
6161,CRS3035RES1000mN2052000E3154000,5231361,
6162,CRS3035RES1000mN2052000E3154000,9314566,
6163,CRS3035RES1000mN2052000E3154000,13696257,
6164,CRS3035RES1000mN2052000E3154000,15996131,
6165,CRS3035RES1000mN2052000E3154000,23526191,
6166,CRS3035RES1000mN2052000E3154000,23545719,
6167,CRS3035RES1000mN2052000E3154000,30599279,
6168,CRS3035RES1000mN2052000E3154000,30649229,
6169,CRS3035RES1000mN2052000E3154000,32198651,
6170,CRS3035RES1000mN2052000E3154000,34945111,
6171,CRS3035RES1000mN2052000E3154000,50170625,
6172,CRS3035RES1000mN2052000E3154000,82887228,
6173,CRS3035RES1000mN2052000E3154000,92484952,
6174,CRS3035RES1000mN2052000E3154000,95794713,
6175,CRS3035RES1000mN2052000E3154000,96418670,
6176,CRS3035RES1000mN2052000E3154000,98502686,
6177,CRS3035RES1000mN2052000E3154000,132613257,
6178,CRS3035RES1000mN2052000E3154000,135036040,
6179,CRS3035RES1000mN2052000E3154000,150772489,
6180,CRS3035RES1000mN2052000E3154000,154118456,
6181,CRS3035RES1000mN2052000E3154000,157375776,
6182,CRS3035RES1000mN2052000E3154000,158211204,
6183,CRS3035RES1000mN2052000E3154000,162072415,
6184,CRS3035RES1000mN2052000E3154000,162117720,
6185,CRS3035RES1000mN2052000E3154000,170487273,
6186,CRS3035RES1000mN2052000E3154000,172686062,
6187,CRS3035RES1000mN2052000E3154000,174318235,
6188,CRS3035RES1000mN2052000E3154000,174318237,
6189,CRS3035RES1000mN2052000E3154000,205060159,
6190,CRS3035RES1000mN2052000E3154000,205757163,
6191,CRS3035RES1000mN2052000E3154000,221095520,
6192,CRS3035RES1000mN2052000E3154000,224503374,
6193,CRS3035RES1000mN2052000E3154000,227333462,
6194,CRS3035RES1000mN2052000E3154000,229117454,
6195,CRS3035RES1000mN2052000E3154000,261460389,
6196,CRS3035RES1000mN2052000E3154000,283450022,
6197,CRS3035RES1000mN2052000E3154000,288994040,
6198,CRS3035RES1000mN2052000E3154000,296744564,
6199,CRS3035RES1000mN2052000E3154000,297526406,
6200,CRS3035RES1000mN2052000E3154000,300709861,
6201,CRS3035RES1000mN2052000E3154000,301444634,
6202,CRS3035RES1000mN2052000E3154000,302721609,
6203,CRS3035RES1000mN2052000E3154000,308195630,
6204,CRS3035RES1000mN2052000E3154000,312777902,
6205,CRS3035RES1000mN2052000E3154000,330154630,
6206,CRS3035RES1000mN2052000E3154000,340205456,
6207,CRS3035RES1000mN2052000E3154000,367883612,
6208,CRS3035RES1000mN2052000E3154000,368211943,
6209,CRS3035RES1000mN2052000E3154000,374180360,
6210,CRS3035RES1000mN2052000E3154000,375369499,
6211,CRS3035RES1000mN2052000E3154000,383494544,
6212,CRS3035RES1000mN2052000E3154000,384574591,
6213,CRS3035RES1000mN2052000E3154000,403538322,
6214,CRS3035RES1000mN2052000E3154000,403859503,
6215,CRS3035RES1000mN2052000E3154000,437050442,
6216,CRS3035RES1000mN2052000E3154000,459881697,
6217,CRS3035RES1000mN2052000E3154000,477278425,
6218,CRS3035RES1000mN2052000E3154000,486879235,
6219,CRS3035RES1000mN2052000E3154000,493748377,
6220,CRS3035RES1000mN2052000E3154000,498234201,
6221,CRS3035RES1000mN2052000E3154000,504315026,
6222,CRS3035RES1000mN2052000E3154000,548701490,
6223,CRS3035RES1000mN2052000E3154000,574210084,
6224,CRS3035RES1000mN2052000E3154000,576094143,
6225,CRS3035RES1000mN2052000E3154000,584409067,
6226,CRS3035RES1000mN2052000E3154000,635512756,
6227,CRS3035RES1000mN2052000E3154000,638492224,
6228,CRS3035RES1000mN2052000E3154000,653913062,
6229,CRS3035RES1000mN2052000E3154000,659866770,
6230,CRS3035RES1000mN2052000E3154000,697717972,
6231,CRS3035RES1000mN2052000E3154000,717194862,
6232,CRS3035RES1000mN2052000E3154000,736899303,
6233,CRS3035RES1000mN2052000E3154000,738042217,
6234,CRS3035RES1000mN2052000E3154000,839611983,
6235,CRS3035RES1000mN2052000E3154000,957893520,
6236,CRS3035RES1000mN2052000E3154000,963308110,
6237,CRS3035RES1000mN2052000E3154000,1073283182,
6238,CRS3035RES1000mN2052000E3154000,1252864015,
6239,CRS3035RES1000mN2052000E3154000,1283203658,
6240,CRS3035RES1000mN2052000E3155000,25526,
6241,CRS3035RES1000mN2052000E3155000,1774,
6242,CRS3035RES1000mN2052000E3155000,1770,
6243,CRS3035RES1000mN2052000E3155000,1773,
6244,CRS3035RES1000mN2052000E3155000,1771,
6245,CRS3035RES1000mN2052000E3155000,123303,
6246,CRS3035RES1000mN2052000E3155000,1764,
6247,CRS3035RES1000mN2052000E3155000,181101,
6248,CRS3035RES1000mN2052000E3155000,5765642,
6249,CRS3035RES1000mN2052000E3155000,86719,
6250,CRS3035RES1000mN2052000E3155000,1800,
6251,CRS3035RES1000mN2052000E3155000,1757,
6252,CRS3035RES1000mN2052000E3155000,1755,
6253,CRS3035RES1000mN2052000E3155000,1882,
6254,CRS3035RES1000mN2052000E3155000,1745,
6255,CRS3035RES1000mN2052000E3155000,1794,
6256,CRS3035RES1000mN2052000E3155000,1762,
6257,CRS3035RES1000mN2052000E3155000,51188,
6258,CRS3035RES1000mN2052000E3155000,6893633,
6259,CRS3035RES1000mN2052000E3155000,167128,
6260,CRS3035RES1000mN2052000E3155000,1760,
6261,CRS3035RES1000mN2052000E3155000,12773298,
6262,CRS3035RES1000mN2052000E3155000,1754,
6263,CRS3035RES1000mN2052000E3155000,1748,
6264,CRS3035RES1000mN2052000E3155000,79941,
6265,CRS3035RES1000mN2052000E3155000,1750,
6266,CRS3035RES1000mN2052000E3155000,5975465,
6267,CRS3035RES1000mN2052000E3155000,115056,
6268,CRS3035RES1000mN2052000E3155000,1790,
6269,CRS3035RES1000mN2052000E3155000,1756,
6270,CRS3035RES1000mN2052000E3155000,51849,
6271,CRS3035RES1000mN2052000E3155000,185595,
6272,CRS3035RES1000mN2052000E3155000,7697128,
6273,CRS3035RES1000mN2052000E3155000,10395362,
6274,CRS3035RES1000mN2052000E3155000,1759,
6275,CRS3035RES1000mN2052000E3155000,1752,
6276,CRS3035RES1000mN2052000E3155000,186714,
6277,CRS3035RES1000mN2052000E3155000,1753,
6278,CRS3035RES1000mN2052000E3155000,1792,
6279,CRS3035RES1000mN2052000E3155000,1763,
6280,CRS3035RES1000mN2052000E3155000,1746,
6281,CRS3035RES1000mN2052000E3155000,11572165,
6282,CRS3035RES1000mN2052000E3155000,1761,
6283,CRS3035RES1000mN2052000E3155000,1747,
6284,CRS3035RES1000mN2052000E3155000,5768564,
6285,CRS3035RES1000mN2052000E3155000,1798,
6286,CRS3035RES1000mN2052000E3155000,66904,
6287,CRS3035RES1000mN2052000E3155000,1777,
6288,CRS3035RES1000mN2052000E3155000,1765,
6289,CRS3035RES1000mN2052000E3155000,49416,
6290,CRS3035RES1000mN2052000E3155000,12734939,
6291,CRS3035RES1000mN2052000E3155000,167386167,
6292,CRS3035RES1000mN2052000E3155000,295933804,
6293,CRS3035RES1000mN2052000E3155000,303340017,
6294,CRS3035RES1000mN2052000E3155000,315355551,
6295,CRS3035RES1000mN2052000E3155000,339084977,
6296,CRS3035RES1000mN2052000E3155000,412911553,
6297,CRS3035RES1000mN2052000E3155000,558126037,
6298,CRS3035RES1000mN2052000E3155000,711789768,
6299,CRS3035RES1000mN2052000E3155000,727666062,
6300,CRS3035RES1000mN2052000E3155000,848085869,
6301,CRS3035RES1000mN2052000E3155000,1056098898,
6302,CRS3035RES1000mN2052000E3155000,1255438242,
6303,CRS3035RES1000mN2052000E3155000,1469985039,
6304,CRS3035RES1000mN2052000E3155000,1504302537,
6305,CRS3035RES1000mN2052000E3155000,1511617504,
6306,CRS3035RES1000mN2052000E3155000,1541601287,
6307,CRS3035RES1000mN2052000E3155000,1544591296,105.0
6308,CRS3035RES1000mN2052000E3155000,1598174183,
6309,CRS3035RES1000mN2052000E3155000,1629887846,
6310,CRS3035RES1000mN2052000E3155000,1686660176,
6311,CRS3035RES1000mN2052000E3155000,1716927336,
6312,CRS3035RES1000mN2052000E3155000,1734554324,
6313,CRS3035RES1000mN2052000E3155000,1849109335,
6314,CRS3035RES1000mN2052000E3155000,2028408680,
6315,CRS3035RES1000mN2052000E3155000,2036887702,
6316,CRS3035RES1000mN2052000E3155000,2061404218,115.0
6317,CRS3035RES1000mN2052000E3155000,2134238030,
6318,CRS3035RES1000mN2052000E3155000,2261600754,
6319,CRS3035RES1000mN2052000E3155000,2301402027,
6320,CRS3035RES1000mN2052000E3155000,2303966810,
6321,CRS3035RES1000mN2052000E3155000,2312029862,
6322,CRS3035RES1000mN2052000E3155000,2408860250,
6323,CRS3035RES1000mN2052000E3155000,2620185829,
6324,CRS3035RES1000mN2052000E3155000,2622508931,
6325,CRS3035RES1000mN2052000E3155000,2672130951,
6326,CRS3035RES1000mN2052000E3155000,2710518818,
6327,CRS3035RES1000mN2052000E3155000,3034026261,
6328,CRS3035RES1000mN2052000E3155000,3179889751,
6329,CRS3035RES1000mN2052000E3155000,3206611978,
6330,CRS3035RES1000mN2052000E3155000,3272828439,
6331,CRS3035RES1000mN2052000E3155000,3452364276,
6332,CRS3035RES1000mN2052000E3155000,3452364277,
6333,CRS3035RES1000mN2052000E3155000,3495733197,
6334,CRS3035RES1000mN2052000E3155000,3497154853,
6335,CRS3035RES1000mN2052000E3155000,3517755445,
6336,CRS3035RES1000mN2052000E3155000,3522125657,
6337,CRS3035RES1000mN2052000E3155000,3526751794,
6338,CRS3035RES1000mN2052000E3155000,3839306060,
6339,CRS3035RES1000mN2052000E3155000,4214697664,
6340,CRS3035RES1000mN2052000E3155000,4338252586,
6341,CRS3035RES1000mN2052000E3155000,4401271633,
6342,CRS3035RES1000mN2052000E3155000,4515476768,
6343,CRS3035RES1000mN2052000E3155000,4569910891,
6344,CRS3035RES1000mN2052000E3155000,4703730491,
6345,CRS3035RES1000mN2052000E3155000,4707870392,
6346,CRS3035RES1000mN2052000E3155000,4789037769,
6347,CRS3035RES1000mN2052000E3155000,4794233143,110.0
6348,CRS3035RES1000mN2052000E3155000,4870405674,
6349,CRS3035RES1000mN2052000E3155000,5139379922,
6350,CRS3035RES1000mN2052000E3155000,5160337425,
6351,CRS3035RES1000mN2052000E3155000,5196199575,
6352,CRS3035RES1000mN2052000E3155000,5341570554,
6353,CRS3035RES1000mN2052000E3155000,5345949864,
6354,CRS3035RES1000mN2052000E3155000,5448507385,
6355,CRS3035RES1000mN2052000E3155000,5604693894,
6356,CRS3035RES1000mN2052000E3155000,5670401989,
6357,CRS3035RES1000mN2052000E3155000,5942671299,
6358,CRS3035RES1000mN2052000E3155000,5943980960,
6359,CRS3035RES1000mN2052000E3155000,6185791451,
6360,CRS3035RES1000mN2052000E3155000,6188948286,
6361,CRS3035RES1000mN2052000E3155000,6555800191,
6362,CRS3035RES1000mN2052000E3155000,6885254479,110.0
6363,CRS3035RES1000mN2052000E3155000,7222611268,
6364,CRS3035RES1000mN2052000E3155000,7408961006,
6365,CRS3035RES1000mN2052000E3155000,7619964683,
6366,CRS3035RES1000mN2052000E3155000,7836562695,
6367,CRS3035RES1000mN2052000E3155000,8493729364,
6368,CRS3035RES1000mN2052000E3155000,8557885377,
6369,CRS3035RES1000mN2052000E3155000,8807212208,
6370,CRS3035RES1000mN2052000E3155000,8844229173,
6371,CRS3035RES1000mN2052000E3155000,8878422600,
6372,CRS3035RES1000mN2052000E3155000,9595709188,
6373,CRS3035RES1000mN2052000E3155000,9611387099,
6374,CRS3035RES1000mN2052000E3155000,9712656915,
6375,CRS3035RES1000mN2052000E3155000,9713142744,
6376,CRS3035RES1000mN2052000E3155000,9815746657,
6377,CRS3035RES1000mN2052000E3155000,10004871512,
6378,CRS3035RES1000mN2052000E3155000,10281174134,
6379,CRS3035RES1000mN2052000E3155000,10580337411,
6380,CRS3035RES1000mN2052000E3155000,10899442604,
6381,CRS3035RES1000mN2052000E3155000,10922657146,
6382,CRS3035RES1000mN2052000E3155000,11127499928,
6383,CRS3035RES1000mN2052000E3155000,11143725881,
6384,CRS3035RES1000mN2052000E3155000,11243087140,113.0
6385,CRS3035RES1000mN2052000E3155000,11269399969,
6386,CRS3035RES1000mN2052000E3155000,11287269362,
6387,CRS3035RES1000mN2052000E3155000,11287269363,
6388,CRS3035RES1000mN2052000E3155000,11369705764,
6389,CRS3035RES1000mN2052000E3155000,11387776374,
6390,CRS3035RES1000mN2052000E3155000,11461799040,
6391,CRS3035RES1000mN2052000E3155000,11462802981,
6392,CRS3035RES1000mN2052000E3155000,11652077658,
6393,CRS3035RES1000mN2052000E3155000,11691390164,
6394,CRS3035RES1000mN2052000E3155000,11739757462,
6395,CRS3035RES1000mN2052000E3155000,12178446726,
6396,CRS3035RES1000mN2052000E3155000,12407425114,
6397,CRS3035RES1000mN2052000E3155000,12865480228,
6398,CRS3035RES1000mN2052000E3155000,2960630,
6399,CRS3035RES1000mN2052000E3155000,3554044,
6400,CRS3035RES1000mN2052000E3155000,3557906,
6401,CRS3035RES1000mN2052000E3155000,5231361,
6402,CRS3035RES1000mN2052000E3155000,9314566,
6403,CRS3035RES1000mN2052000E3155000,13696257,
6404,CRS3035RES1000mN2052000E3155000,15996131,
6405,CRS3035RES1000mN2052000E3155000,23526191,
6406,CRS3035RES1000mN2052000E3155000,23545719,
6407,CRS3035RES1000mN2052000E3155000,30599279,
6408,CRS3035RES1000mN2052000E3155000,30649229,
6409,CRS3035RES1000mN2052000E3155000,32198651,
6410,CRS3035RES1000mN2052000E3155000,34945111,
6411,CRS3035RES1000mN2052000E3155000,50170625,
6412,CRS3035RES1000mN2052000E3155000,82887228,
6413,CRS3035RES1000mN2052000E3155000,92484952,
6414,CRS3035RES1000mN2052000E3155000,95794713,
6415,CRS3035RES1000mN2052000E3155000,96418670,
6416,CRS3035RES1000mN2052000E3155000,98502686,
6417,CRS3035RES1000mN2052000E3155000,132613257,
6418,CRS3035RES1000mN2052000E3155000,135036040,
6419,CRS3035RES1000mN2052000E3155000,150772489,
6420,CRS3035RES1000mN2052000E3155000,154118456,
6421,CRS3035RES1000mN2052000E3155000,157375776,
6422,CRS3035RES1000mN2052000E3155000,158211204,
6423,CRS3035RES1000mN2052000E3155000,162072415,
6424,CRS3035RES1000mN2052000E3155000,162117720,
6425,CRS3035RES1000mN2052000E3155000,170487273,
6426,CRS3035RES1000mN2052000E3155000,172686062,
6427,CRS3035RES1000mN2052000E3155000,174318235,
6428,CRS3035RES1000mN2052000E3155000,174318237,
6429,CRS3035RES1000mN2052000E3155000,205060159,
6430,CRS3035RES1000mN2052000E3155000,205757163,
6431,CRS3035RES1000mN2052000E3155000,221095520,
6432,CRS3035RES1000mN2052000E3155000,224503374,
6433,CRS3035RES1000mN2052000E3155000,227333462,
6434,CRS3035RES1000mN2052000E3155000,229117454,
6435,CRS3035RES1000mN2052000E3155000,261460389,
6436,CRS3035RES1000mN2052000E3155000,283450022,
6437,CRS3035RES1000mN2052000E3155000,288994040,
6438,CRS3035RES1000mN2052000E3155000,296744564,
6439,CRS3035RES1000mN2052000E3155000,297526406,
6440,CRS3035RES1000mN2052000E3155000,300709861,
6441,CRS3035RES1000mN2052000E3155000,301444634,
6442,CRS3035RES1000mN2052000E3155000,302721609,
6443,CRS3035RES1000mN2052000E3155000,308195630,
6444,CRS3035RES1000mN2052000E3155000,312777902,
6445,CRS3035RES1000mN2052000E3155000,330154630,
6446,CRS3035RES1000mN2052000E3155000,340205456,
6447,CRS3035RES1000mN2052000E3155000,367883612,
6448,CRS3035RES1000mN2052000E3155000,368211943,
6449,CRS3035RES1000mN2052000E3155000,374180360,
6450,CRS3035RES1000mN2052000E3155000,375369499,
6451,CRS3035RES1000mN2052000E3155000,383494544,
6452,CRS3035RES1000mN2052000E3155000,384574591,
6453,CRS3035RES1000mN2052000E3155000,403538322,
6454,CRS3035RES1000mN2052000E3155000,403859503,
6455,CRS3035RES1000mN2052000E3155000,437050442,
6456,CRS3035RES1000mN2052000E3155000,459881697,
6457,CRS3035RES1000mN2052000E3155000,477278425,
6458,CRS3035RES1000mN2052000E3155000,486879235,
6459,CRS3035RES1000mN2052000E3155000,493748377,
6460,CRS3035RES1000mN2052000E3155000,498234201,
6461,CRS3035RES1000mN2052000E3155000,504315026,
6462,CRS3035RES1000mN2052000E3155000,548701490,
6463,CRS3035RES1000mN2052000E3155000,574210084,
6464,CRS3035RES1000mN2052000E3155000,576094143,
6465,CRS3035RES1000mN2052000E3155000,584409067,
6466,CRS3035RES1000mN2052000E3155000,635512756,
6467,CRS3035RES1000mN2052000E3155000,638492224,
6468,CRS3035RES1000mN2052000E3155000,653913062,
6469,CRS3035RES1000mN2052000E3155000,659866770,
6470,CRS3035RES1000mN2052000E3155000,697717972,
6471,CRS3035RES1000mN2052000E3155000,717194862,
6472,CRS3035RES1000mN2052000E3155000,736899303,
6473,CRS3035RES1000mN2052000E3155000,738042217,
6474,CRS3035RES1000mN2052000E3155000,839611983,
6475,CRS3035RES1000mN2052000E3155000,957893520,
6476,CRS3035RES1000mN2052000E3155000,963308110,
6477,CRS3035RES1000mN2052000E3155000,1073283182,
6478,CRS3035RES1000mN2052000E3155000,1252864015,
6479,CRS3035RES1000mN2052000E3155000,1283203658,
6480,CRS3035RES1000mN2052000E3156000,25526,
6481,CRS3035RES1000mN2052000E3156000,1774,
6482,CRS3035RES1000mN2052000E3156000,1770,
6483,CRS3035RES1000mN2052000E3156000,1773,
6484,CRS3035RES1000mN2052000E3156000,1771,
6485,CRS3035RES1000mN2052000E3156000,123303,
6486,CRS3035RES1000mN2052000E3156000,1764,
6487,CRS3035RES1000mN2052000E3156000,181101,
6488,CRS3035RES1000mN2052000E3156000,5765642,
6489,CRS3035RES1000mN2052000E3156000,86719,
6490,CRS3035RES1000mN2052000E3156000,1800,
6491,CRS3035RES1000mN2052000E3156000,1757,
6492,CRS3035RES1000mN2052000E3156000,1755,
6493,CRS3035RES1000mN2052000E3156000,1882,
6494,CRS3035RES1000mN2052000E3156000,1745,
6495,CRS3035RES1000mN2052000E3156000,1794,
6496,CRS3035RES1000mN2052000E3156000,1762,
6497,CRS3035RES1000mN2052000E3156000,51188,
6498,CRS3035RES1000mN2052000E3156000,6893633,
6499,CRS3035RES1000mN2052000E3156000,167128,
6500,CRS3035RES1000mN2052000E3156000,1760,
6501,CRS3035RES1000mN2052000E3156000,12773298,
6502,CRS3035RES1000mN2052000E3156000,1754,
6503,CRS3035RES1000mN2052000E3156000,1748,
6504,CRS3035RES1000mN2052000E3156000,79941,
6505,CRS3035RES1000mN2052000E3156000,1750,
6506,CRS3035RES1000mN2052000E3156000,5975465,
6507,CRS3035RES1000mN2052000E3156000,115056,
6508,CRS3035RES1000mN2052000E3156000,1790,
6509,CRS3035RES1000mN2052000E3156000,1756,
6510,CRS3035RES1000mN2052000E3156000,51849,
6511,CRS3035RES1000mN2052000E3156000,185595,
6512,CRS3035RES1000mN2052000E3156000,7697128,
6513,CRS3035RES1000mN2052000E3156000,10395362,
6514,CRS3035RES1000mN2052000E3156000,1759,
6515,CRS3035RES1000mN2052000E3156000,1752,
6516,CRS3035RES1000mN2052000E3156000,186714,
6517,CRS3035RES1000mN2052000E3156000,1753,
6518,CRS3035RES1000mN2052000E3156000,1792,
6519,CRS3035RES1000mN2052000E3156000,1763,
6520,CRS3035RES1000mN2052000E3156000,1746,
6521,CRS3035RES1000mN2052000E3156000,11572165,
6522,CRS3035RES1000mN2052000E3156000,1761,
6523,CRS3035RES1000mN2052000E3156000,1747,
6524,CRS3035RES1000mN2052000E3156000,5768564,
6525,CRS3035RES1000mN2052000E3156000,1798,
6526,CRS3035RES1000mN2052000E3156000,66904,
6527,CRS3035RES1000mN2052000E3156000,1777,
6528,CRS3035RES1000mN2052000E3156000,1765,
6529,CRS3035RES1000mN2052000E3156000,49416,
6530,CRS3035RES1000mN2052000E3156000,12734939,
6531,CRS3035RES1000mN2052000E3156000,167386167,
6532,CRS3035RES1000mN2052000E3156000,295933804,
6533,CRS3035RES1000mN2052000E3156000,303340017,
6534,CRS3035RES1000mN2052000E3156000,315355551,
6535,CRS3035RES1000mN2052000E3156000,339084977,
6536,CRS3035RES1000mN2052000E3156000,412911553,
6537,CRS3035RES1000mN2052000E3156000,558126037,
6538,CRS3035RES1000mN2052000E3156000,711789768,
6539,CRS3035RES1000mN2052000E3156000,727666062,
6540,CRS3035RES1000mN2052000E3156000,848085869,
6541,CRS3035RES1000mN2052000E3156000,1056098898,
6542,CRS3035RES1000mN2052000E3156000,1255438242,
6543,CRS3035RES1000mN2052000E3156000,1469985039,
6544,CRS3035RES1000mN2052000E3156000,1504302537,
6545,CRS3035RES1000mN2052000E3156000,1511617504,
6546,CRS3035RES1000mN2052000E3156000,1541601287,
6547,CRS3035RES1000mN2052000E3156000,1544591296,101.0
6548,CRS3035RES1000mN2052000E3156000,1598174183,
6549,CRS3035RES1000mN2052000E3156000,1629887846,
6550,CRS3035RES1000mN2052000E3156000,1686660176,
6551,CRS3035RES1000mN2052000E3156000,1716927336,
6552,CRS3035RES1000mN2052000E3156000,1734554324,
6553,CRS3035RES1000mN2052000E3156000,1849109335,
6554,CRS3035RES1000mN2052000E3156000,2028408680,
6555,CRS3035RES1000mN2052000E3156000,2036887702,
6556,CRS3035RES1000mN2052000E3156000,2061404218,111.0
6557,CRS3035RES1000mN2052000E3156000,2134238030,
6558,CRS3035RES1000mN2052000E3156000,2261600754,
6559,CRS3035RES1000mN2052000E3156000,2301402027,
6560,CRS3035RES1000mN2052000E3156000,2303966810,
6561,CRS3035RES1000mN2052000E3156000,2312029862,
6562,CRS3035RES1000mN2052000E3156000,2408860250,
6563,CRS3035RES1000mN2052000E3156000,2620185829,
6564,CRS3035RES1000mN2052000E3156000,2622508931,
6565,CRS3035RES1000mN2052000E3156000,2672130951,
6566,CRS3035RES1000mN2052000E3156000,2710518818,
6567,CRS3035RES1000mN2052000E3156000,3034026261,
6568,CRS3035RES1000mN2052000E3156000,3179889751,
6569,CRS3035RES1000mN2052000E3156000,3206611978,
6570,CRS3035RES1000mN2052000E3156000,3272828439,
6571,CRS3035RES1000mN2052000E3156000,3452364276,
6572,CRS3035RES1000mN2052000E3156000,3452364277,
6573,CRS3035RES1000mN2052000E3156000,3495733197,
6574,CRS3035RES1000mN2052000E3156000,3497154853,
6575,CRS3035RES1000mN2052000E3156000,3517755445,
6576,CRS3035RES1000mN2052000E3156000,3522125657,
6577,CRS3035RES1000mN2052000E3156000,3526751794,
6578,CRS3035RES1000mN2052000E3156000,3839306060,
6579,CRS3035RES1000mN2052000E3156000,4214697664,
6580,CRS3035RES1000mN2052000E3156000,4338252586,
6581,CRS3035RES1000mN2052000E3156000,4401271633,
6582,CRS3035RES1000mN2052000E3156000,4515476768,
6583,CRS3035RES1000mN2052000E3156000,4569910891,
6584,CRS3035RES1000mN2052000E3156000,4703730491,
6585,CRS3035RES1000mN2052000E3156000,4707870392,
6586,CRS3035RES1000mN2052000E3156000,4789037769,
6587,CRS3035RES1000mN2052000E3156000,4794233143,101.0
6588,CRS3035RES1000mN2052000E3156000,4870405674,
6589,CRS3035RES1000mN2052000E3156000,5139379922,
6590,CRS3035RES1000mN2052000E3156000,5160337425,
6591,CRS3035RES1000mN2052000E3156000,5196199575,
6592,CRS3035RES1000mN2052000E3156000,5341570554,
6593,CRS3035RES1000mN2052000E3156000,5345949864,
6594,CRS3035RES1000mN2052000E3156000,5448507385,
6595,CRS3035RES1000mN2052000E3156000,5604693894,
6596,CRS3035RES1000mN2052000E3156000,5670401989,
6597,CRS3035RES1000mN2052000E3156000,5942671299,
6598,CRS3035RES1000mN2052000E3156000,5943980960,
6599,CRS3035RES1000mN2052000E3156000,6185791451,
6600,CRS3035RES1000mN2052000E3156000,6188948286,
6601,CRS3035RES1000mN2052000E3156000,6555800191,
6602,CRS3035RES1000mN2052000E3156000,6885254479,106.0
6603,CRS3035RES1000mN2052000E3156000,7222611268,
6604,CRS3035RES1000mN2052000E3156000,7408961006,
6605,CRS3035RES1000mN2052000E3156000,7619964683,
6606,CRS3035RES1000mN2052000E3156000,7836562695,
6607,CRS3035RES1000mN2052000E3156000,8493729364,
6608,CRS3035RES1000mN2052000E3156000,8557885377,
6609,CRS3035RES1000mN2052000E3156000,8807212208,
6610,CRS3035RES1000mN2052000E3156000,8844229173,
6611,CRS3035RES1000mN2052000E3156000,8878422600,
6612,CRS3035RES1000mN2052000E3156000,9595709188,
6613,CRS3035RES1000mN2052000E3156000,9611387099,
6614,CRS3035RES1000mN2052000E3156000,9712656915,
6615,CRS3035RES1000mN2052000E3156000,9713142744,
6616,CRS3035RES1000mN2052000E3156000,9815746657,
6617,CRS3035RES1000mN2052000E3156000,10004871512,
6618,CRS3035RES1000mN2052000E3156000,10281174134,
6619,CRS3035RES1000mN2052000E3156000,10580337411,
6620,CRS3035RES1000mN2052000E3156000,10899442604,
6621,CRS3035RES1000mN2052000E3156000,10922657146,
6622,CRS3035RES1000mN2052000E3156000,11127499928,
6623,CRS3035RES1000mN2052000E3156000,11143725881,
6624,CRS3035RES1000mN2052000E3156000,11243087140,109.0
6625,CRS3035RES1000mN2052000E3156000,11269399969,
6626,CRS3035RES1000mN2052000E3156000,11287269362,
6627,CRS3035RES1000mN2052000E3156000,11287269363,
6628,CRS3035RES1000mN2052000E3156000,11369705764,
6629,CRS3035RES1000mN2052000E3156000,11387776374,
6630,CRS3035RES1000mN2052000E3156000,11461799040,
6631,CRS3035RES1000mN2052000E3156000,11462802981,
6632,CRS3035RES1000mN2052000E3156000,11652077658,
6633,CRS3035RES1000mN2052000E3156000,11691390164,
6634,CRS3035RES1000mN2052000E3156000,11739757462,
6635,CRS3035RES1000mN2052000E3156000,12178446726,
6636,CRS3035RES1000mN2052000E3156000,12407425114,
6637,CRS3035RES1000mN2052000E3156000,12865480228,
6638,CRS3035RES1000mN2052000E3156000,2960630,
6639,CRS3035RES1000mN2052000E3156000,3554044,
6640,CRS3035RES1000mN2052000E3156000,3557906,
6641,CRS3035RES1000mN2052000E3156000,5231361,
6642,CRS3035RES1000mN2052000E3156000,9314566,
6643,CRS3035RES1000mN2052000E3156000,13696257,
6644,CRS3035RES1000mN2052000E3156000,15996131,
6645,CRS3035RES1000mN2052000E3156000,23526191,
6646,CRS3035RES1000mN2052000E3156000,23545719,
6647,CRS3035RES1000mN2052000E3156000,30599279,
6648,CRS3035RES1000mN2052000E3156000,30649229,
6649,CRS3035RES1000mN2052000E3156000,32198651,
6650,CRS3035RES1000mN2052000E3156000,34945111,
6651,CRS3035RES1000mN2052000E3156000,50170625,
6652,CRS3035RES1000mN2052000E3156000,82887228,
6653,CRS3035RES1000mN2052000E3156000,92484952,
6654,CRS3035RES1000mN2052000E3156000,95794713,
6655,CRS3035RES1000mN2052000E3156000,96418670,
6656,CRS3035RES1000mN2052000E3156000,98502686,
6657,CRS3035RES1000mN2052000E3156000,132613257,
6658,CRS3035RES1000mN2052000E3156000,135036040,
6659,CRS3035RES1000mN2052000E3156000,150772489,
6660,CRS3035RES1000mN2052000E3156000,154118456,
6661,CRS3035RES1000mN2052000E3156000,157375776,
6662,CRS3035RES1000mN2052000E3156000,158211204,
6663,CRS3035RES1000mN2052000E3156000,162072415,
6664,CRS3035RES1000mN2052000E3156000,162117720,
6665,CRS3035RES1000mN2052000E3156000,170487273,
6666,CRS3035RES1000mN2052000E3156000,172686062,
6667,CRS3035RES1000mN2052000E3156000,174318235,
6668,CRS3035RES1000mN2052000E3156000,174318237,
6669,CRS3035RES1000mN2052000E3156000,205060159,
6670,CRS3035RES1000mN2052000E3156000,205757163,
6671,CRS3035RES1000mN2052000E3156000,221095520,
6672,CRS3035RES1000mN2052000E3156000,224503374,
6673,CRS3035RES1000mN2052000E3156000,227333462,
6674,CRS3035RES1000mN2052000E3156000,229117454,
6675,CRS3035RES1000mN2052000E3156000,261460389,
6676,CRS3035RES1000mN2052000E3156000,283450022,
6677,CRS3035RES1000mN2052000E3156000,288994040,
6678,CRS3035RES1000mN2052000E3156000,296744564,
6679,CRS3035RES1000mN2052000E3156000,297526406,
6680,CRS3035RES1000mN2052000E3156000,300709861,
6681,CRS3035RES1000mN2052000E3156000,301444634,
6682,CRS3035RES1000mN2052000E3156000,302721609,
6683,CRS3035RES1000mN2052000E3156000,308195630,
6684,CRS3035RES1000mN2052000E3156000,312777902,
6685,CRS3035RES1000mN2052000E3156000,330154630,
6686,CRS3035RES1000mN2052000E3156000,340205456,
6687,CRS3035RES1000mN2052000E3156000,367883612,
6688,CRS3035RES1000mN2052000E3156000,368211943,
6689,CRS3035RES1000mN2052000E3156000,374180360,
6690,CRS3035RES1000mN2052000E3156000,375369499,
6691,CRS3035RES1000mN2052000E3156000,383494544,
6692,CRS3035RES1000mN2052000E3156000,384574591,
6693,CRS3035RES1000mN2052000E3156000,403538322,
6694,CRS3035RES1000mN2052000E3156000,403859503,
6695,CRS3035RES1000mN2052000E3156000,437050442,
6696,CRS3035RES1000mN2052000E3156000,459881697,
6697,CRS3035RES1000mN2052000E3156000,477278425,
6698,CRS3035RES1000mN2052000E3156000,486879235,114.0
6699,CRS3035RES1000mN2052000E3156000,493748377,
6700,CRS3035RES1000mN2052000E3156000,498234201,
6701,CRS3035RES1000mN2052000E3156000,504315026,
6702,CRS3035RES1000mN2052000E3156000,548701490,
6703,CRS3035RES1000mN2052000E3156000,574210084,
6704,CRS3035RES1000mN2052000E3156000,576094143,
6705,CRS3035RES1000mN2052000E3156000,584409067,
6706,CRS3035RES1000mN2052000E3156000,635512756,
6707,CRS3035RES1000mN2052000E3156000,638492224,
6708,CRS3035RES1000mN2052000E3156000,653913062,
6709,CRS3035RES1000mN2052000E3156000,659866770,
6710,CRS3035RES1000mN2052000E3156000,697717972,
6711,CRS3035RES1000mN2052000E3156000,717194862,
6712,CRS3035RES1000mN2052000E3156000,736899303,
6713,CRS3035RES1000mN2052000E3156000,738042217,
6714,CRS3035RES1000mN2052000E3156000,839611983,
6715,CRS3035RES1000mN2052000E3156000,957893520,
6716,CRS3035RES1000mN2052000E3156000,963308110,
6717,CRS3035RES1000mN2052000E3156000,1073283182,
6718,CRS3035RES1000mN2052000E3156000,1252864015,
6719,CRS3035RES1000mN2052000E3156000,1283203658,
6720,CRS3035RES1000mN2052000E3160000,25526,76.0
6721,CRS3035RES1000mN2052000E3160000,1774,60.0
6722,CRS3035RES1000mN2052000E3160000,1770,57.0
6723,CRS3035RES1000mN2052000E3160000,1773,66.0
6724,CRS3035RES1000mN2052000E3160000,1771,57.0
6725,CRS3035RES1000mN2052000E3160000,123303,79.0
6726,CRS3035RES1000mN2052000E3160000,1764,48.0
6727,CRS3035RES1000mN2052000E3160000,181101,80.0
6728,CRS3035RES1000mN2052000E3160000,5765642,78.0
6729,CRS3035RES1000mN2052000E3160000,86719,87.0
6730,CRS3035RES1000mN2052000E3160000,1800,74.0
6731,CRS3035RES1000mN2052000E3160000,1757,65.0
6732,CRS3035RES1000mN2052000E3160000,1755,70.0
6733,CRS3035RES1000mN2052000E3160000,1882,53.0
6734,CRS3035RES1000mN2052000E3160000,1745,63.0
6735,CRS3035RES1000mN2052000E3160000,1794,61.0
6736,CRS3035RES1000mN2052000E3160000,1762,52.0
6737,CRS3035RES1000mN2052000E3160000,51188,32.0
6738,CRS3035RES1000mN2052000E3160000,6893633,52.0
6739,CRS3035RES1000mN2052000E3160000,167128,62.0
6740,CRS3035RES1000mN2052000E3160000,1760,45.0
6741,CRS3035RES1000mN2052000E3160000,12773298,76.0
6742,CRS3035RES1000mN2052000E3160000,1754,84.0
6743,CRS3035RES1000mN2052000E3160000,1748,77.0
6744,CRS3035RES1000mN2052000E3160000,79941,64.0
6745,CRS3035RES1000mN2052000E3160000,1750,53.0
6746,CRS3035RES1000mN2052000E3160000,5975465,59.0
6747,CRS3035RES1000mN2052000E3160000,115056,68.0
6748,CRS3035RES1000mN2052000E3160000,1790,37.0
6749,CRS3035RES1000mN2052000E3160000,1756,78.0
6750,CRS3035RES1000mN2052000E3160000,51849,64.0
6751,CRS3035RES1000mN2052000E3160000,185595,45.0
6752,CRS3035RES1000mN2052000E3160000,7697128,47.0
6753,CRS3035RES1000mN2052000E3160000,10395362,45.0
6754,CRS3035RES1000mN2052000E3160000,1759,34.0
6755,CRS3035RES1000mN2052000E3160000,1752,55.0
6756,CRS3035RES1000mN2052000E3160000,186714,60.0
6757,CRS3035RES1000mN2052000E3160000,1753,69.0
6758,CRS3035RES1000mN2052000E3160000,1792,74.0
6759,CRS3035RES1000mN2052000E3160000,1763,69.0
6760,CRS3035RES1000mN2052000E3160000,1746,70.0
6761,CRS3035RES1000mN2052000E3160000,11572165,76.0
6762,CRS3035RES1000mN2052000E3160000,1761,64.0
6763,CRS3035RES1000mN2052000E3160000,1747,66.0
6764,CRS3035RES1000mN2052000E3160000,5768564,68.0
6765,CRS3035RES1000mN2052000E3160000,1798,57.0
6766,CRS3035RES1000mN2052000E3160000,66904,28.0
6767,CRS3035RES1000mN2052000E3160000,1777,43.0
6768,CRS3035RES1000mN2052000E3160000,1765,55.0
6769,CRS3035RES1000mN2052000E3160000,49416,75.0
6770,CRS3035RES1000mN2052000E3160000,12734939,75.0
6771,CRS3035RES1000mN2052000E3160000,167386167,50.0
6772,CRS3035RES1000mN2052000E3160000,295933804,67.0
6773,CRS3035RES1000mN2052000E3160000,303340017,58.0
6774,CRS3035RES1000mN2052000E3160000,315355551,87.0
6775,CRS3035RES1000mN2052000E3160000,339084977,63.0
6776,CRS3035RES1000mN2052000E3160000,412911553,55.0
6777,CRS3035RES1000mN2052000E3160000,558126037,84.0
6778,CRS3035RES1000mN2052000E3160000,711789768,114.0
6779,CRS3035RES1000mN2052000E3160000,727666062,
6780,CRS3035RES1000mN2052000E3160000,848085869,87.0
6781,CRS3035RES1000mN2052000E3160000,1056098898,55.0
6782,CRS3035RES1000mN2052000E3160000,1255438242,91.0
6783,CRS3035RES1000mN2052000E3160000,1469985039,85.0
6784,CRS3035RES1000mN2052000E3160000,1504302537,94.0
6785,CRS3035RES1000mN2052000E3160000,1511617504,100.0
6786,CRS3035RES1000mN2052000E3160000,1541601287,79.0
6787,CRS3035RES1000mN2052000E3160000,1544591296,36.0
6788,CRS3035RES1000mN2052000E3160000,1598174183,77.0
6789,CRS3035RES1000mN2052000E3160000,1629887846,74.0
6790,CRS3035RES1000mN2052000E3160000,1686660176,72.0
6791,CRS3035RES1000mN2052000E3160000,1716927336,93.0
6792,CRS3035RES1000mN2052000E3160000,1734554324,91.0
6793,CRS3035RES1000mN2052000E3160000,1849109335,63.0
6794,CRS3035RES1000mN2052000E3160000,2028408680,112.0
6795,CRS3035RES1000mN2052000E3160000,2036887702,
6796,CRS3035RES1000mN2052000E3160000,2061404218,34.0
6797,CRS3035RES1000mN2052000E3160000,2134238030,93.0
6798,CRS3035RES1000mN2052000E3160000,2261600754,
6799,CRS3035RES1000mN2052000E3160000,2301402027,83.0
6800,CRS3035RES1000mN2052000E3160000,2303966810,113.0
6801,CRS3035RES1000mN2052000E3160000,2312029862,74.0
6802,CRS3035RES1000mN2052000E3160000,2408860250,82.0
6803,CRS3035RES1000mN2052000E3160000,2620185829,55.0
6804,CRS3035RES1000mN2052000E3160000,2622508931,61.0
6805,CRS3035RES1000mN2052000E3160000,2672130951,
6806,CRS3035RES1000mN2052000E3160000,2710518818,84.0
6807,CRS3035RES1000mN2052000E3160000,3034026261,
6808,CRS3035RES1000mN2052000E3160000,3179889751,101.0
6809,CRS3035RES1000mN2052000E3160000,3206611978,
6810,CRS3035RES1000mN2052000E3160000,3272828439,102.0
6811,CRS3035RES1000mN2052000E3160000,3452364276,73.0
6812,CRS3035RES1000mN2052000E3160000,3452364277,47.0
6813,CRS3035RES1000mN2052000E3160000,3495733197,
6814,CRS3035RES1000mN2052000E3160000,3497154853,
6815,CRS3035RES1000mN2052000E3160000,3517755445,
6816,CRS3035RES1000mN2052000E3160000,3522125657,
6817,CRS3035RES1000mN2052000E3160000,3526751794,88.0
6818,CRS3035RES1000mN2052000E3160000,3839306060,74.0
6819,CRS3035RES1000mN2052000E3160000,4214697664,60.0
6820,CRS3035RES1000mN2052000E3160000,4338252586,76.0
6821,CRS3035RES1000mN2052000E3160000,4401271633,
6822,CRS3035RES1000mN2052000E3160000,4515476768,
6823,CRS3035RES1000mN2052000E3160000,4569910891,52.0
6824,CRS3035RES1000mN2052000E3160000,4703730491,79.0
6825,CRS3035RES1000mN2052000E3160000,4707870392,82.0
6826,CRS3035RES1000mN2052000E3160000,4789037769,116.0
6827,CRS3035RES1000mN2052000E3160000,4794233143,79.0
6828,CRS3035RES1000mN2052000E3160000,4870405674,70.0
6829,CRS3035RES1000mN2052000E3160000,5139379922,98.0
6830,CRS3035RES1000mN2052000E3160000,5160337425,54.0
6831,CRS3035RES1000mN2052000E3160000,5196199575,89.0
6832,CRS3035RES1000mN2052000E3160000,5341570554,60.0
6833,CRS3035RES1000mN2052000E3160000,5345949864,81.0
6834,CRS3035RES1000mN2052000E3160000,5448507385,
6835,CRS3035RES1000mN2052000E3160000,5604693894,73.0
6836,CRS3035RES1000mN2052000E3160000,5670401989,88.0
6837,CRS3035RES1000mN2052000E3160000,5942671299,88.0
6838,CRS3035RES1000mN2052000E3160000,5943980960,93.0
6839,CRS3035RES1000mN2052000E3160000,6185791451,
6840,CRS3035RES1000mN2052000E3160000,6188948286,87.0
6841,CRS3035RES1000mN2052000E3160000,6555800191,91.0
6842,CRS3035RES1000mN2052000E3160000,6885254479,38.0
6843,CRS3035RES1000mN2052000E3160000,7222611268,119.0
6844,CRS3035RES1000mN2052000E3160000,7408961006,114.0
6845,CRS3035RES1000mN2052000E3160000,7619964683,87.0
6846,CRS3035RES1000mN2052000E3160000,7836562695,64.0
6847,CRS3035RES1000mN2052000E3160000,8493729364,57.0
6848,CRS3035RES1000mN2052000E3160000,8557885377,74.0
6849,CRS3035RES1000mN2052000E3160000,8807212208,50.0
6850,CRS3035RES1000mN2052000E3160000,8844229173,41.0
6851,CRS3035RES1000mN2052000E3160000,8878422600,68.0
6852,CRS3035RES1000mN2052000E3160000,9595709188,38.0
6853,CRS3035RES1000mN2052000E3160000,9611387099,62.0
6854,CRS3035RES1000mN2052000E3160000,9712656915,56.0
6855,CRS3035RES1000mN2052000E3160000,9713142744,47.0
6856,CRS3035RES1000mN2052000E3160000,9815746657,
6857,CRS3035RES1000mN2052000E3160000,10004871512,80.0
6858,CRS3035RES1000mN2052000E3160000,10281174134,
6859,CRS3035RES1000mN2052000E3160000,10580337411,78.0
6860,CRS3035RES1000mN2052000E3160000,10899442604,104.0
6861,CRS3035RES1000mN2052000E3160000,10922657146,97.0
6862,CRS3035RES1000mN2052000E3160000,11127499928,55.0
6863,CRS3035RES1000mN2052000E3160000,11143725881,66.0
6864,CRS3035RES1000mN2052000E3160000,11243087140,33.0
6865,CRS3035RES1000mN2052000E3160000,11269399969,65.0
6866,CRS3035RES1000mN2052000E3160000,11287269362,78.0
6867,CRS3035RES1000mN2052000E3160000,11287269363,86.0
6868,CRS3035RES1000mN2052000E3160000,11369705764,87.0
6869,CRS3035RES1000mN2052000E3160000,11387776374,85.0
6870,CRS3035RES1000mN2052000E3160000,11461799040,
6871,CRS3035RES1000mN2052000E3160000,11462802981,70.0
6872,CRS3035RES1000mN2052000E3160000,11652077658,68.0
6873,CRS3035RES1000mN2052000E3160000,11691390164,55.0
6874,CRS3035RES1000mN2052000E3160000,11739757462,85.0
6875,CRS3035RES1000mN2052000E3160000,12178446726,79.0
6876,CRS3035RES1000mN2052000E3160000,12407425114,73.0
6877,CRS3035RES1000mN2052000E3160000,12865480228,75.0
6878,CRS3035RES1000mN2052000E3160000,2960630,95.0
6879,CRS3035RES1000mN2052000E3160000,3554044,103.0
6880,CRS3035RES1000mN2052000E3160000,3557906,93.0
6881,CRS3035RES1000mN2052000E3160000,5231361,62.0
6882,CRS3035RES1000mN2052000E3160000,9314566,100.0
6883,CRS3035RES1000mN2052000E3160000,13696257,89.0
6884,CRS3035RES1000mN2052000E3160000,15996131,63.0
6885,CRS3035RES1000mN2052000E3160000,23526191,66.0
6886,CRS3035RES1000mN2052000E3160000,23545719,56.0
6887,CRS3035RES1000mN2052000E3160000,30599279,87.0
6888,CRS3035RES1000mN2052000E3160000,30649229,59.0
6889,CRS3035RES1000mN2052000E3160000,32198651,
6890,CRS3035RES1000mN2052000E3160000,34945111,94.0
6891,CRS3035RES1000mN2052000E3160000,50170625,88.0
6892,CRS3035RES1000mN2052000E3160000,82887228,64.0
6893,CRS3035RES1000mN2052000E3160000,92484952,91.0
6894,CRS3035RES1000mN2052000E3160000,95794713,74.0
6895,CRS3035RES1000mN2052000E3160000,96418670,109.0
6896,CRS3035RES1000mN2052000E3160000,98502686,64.0
6897,CRS3035RES1000mN2052000E3160000,132613257,71.0
6898,CRS3035RES1000mN2052000E3160000,135036040,72.0
6899,CRS3035RES1000mN2052000E3160000,150772489,60.0
6900,CRS3035RES1000mN2052000E3160000,154118456,84.0
6901,CRS3035RES1000mN2052000E3160000,157375776,52.0
6902,CRS3035RES1000mN2052000E3160000,158211204,89.0
6903,CRS3035RES1000mN2052000E3160000,162072415,87.0
6904,CRS3035RES1000mN2052000E3160000,162117720,73.0
6905,CRS3035RES1000mN2052000E3160000,170487273,108.0
6906,CRS3035RES1000mN2052000E3160000,172686062,91.0
6907,CRS3035RES1000mN2052000E3160000,174318235,93.0
6908,CRS3035RES1000mN2052000E3160000,174318237,97.0
6909,CRS3035RES1000mN2052000E3160000,205060159,88.0
6910,CRS3035RES1000mN2052000E3160000,205757163,
6911,CRS3035RES1000mN2052000E3160000,221095520,81.0
6912,CRS3035RES1000mN2052000E3160000,224503374,54.0
6913,CRS3035RES1000mN2052000E3160000,227333462,58.0
6914,CRS3035RES1000mN2052000E3160000,229117454,65.0
6915,CRS3035RES1000mN2052000E3160000,261460389,102.0
6916,CRS3035RES1000mN2052000E3160000,283450022,50.0
6917,CRS3035RES1000mN2052000E3160000,288994040,59.0
6918,CRS3035RES1000mN2052000E3160000,296744564,90.0
6919,CRS3035RES1000mN2052000E3160000,297526406,49.0
6920,CRS3035RES1000mN2052000E3160000,300709861,114.0
6921,CRS3035RES1000mN2052000E3160000,301444634,84.0
6922,CRS3035RES1000mN2052000E3160000,302721609,102.0
6923,CRS3035RES1000mN2052000E3160000,308195630,80.0
6924,CRS3035RES1000mN2052000E3160000,312777902,65.0
6925,CRS3035RES1000mN2052000E3160000,330154630,
6926,CRS3035RES1000mN2052000E3160000,340205456,56.0
6927,CRS3035RES1000mN2052000E3160000,367883612,69.0
6928,CRS3035RES1000mN2052000E3160000,368211943,77.0
6929,CRS3035RES1000mN2052000E3160000,374180360,81.0
6930,CRS3035RES1000mN2052000E3160000,375369499,78.0
6931,CRS3035RES1000mN2052000E3160000,383494544,33.0
6932,CRS3035RES1000mN2052000E3160000,384574591,94.0
6933,CRS3035RES1000mN2052000E3160000,403538322,88.0
6934,CRS3035RES1000mN2052000E3160000,403859503,58.0
6935,CRS3035RES1000mN2052000E3160000,437050442,102.0
6936,CRS3035RES1000mN2052000E3160000,459881697,59.0
6937,CRS3035RES1000mN2052000E3160000,477278425,109.0
6938,CRS3035RES1000mN2052000E3160000,486879235,
6939,CRS3035RES1000mN2052000E3160000,493748377,83.0
6940,CRS3035RES1000mN2052000E3160000,498234201,100.0
6941,CRS3035RES1000mN2052000E3160000,504315026,76.0
6942,CRS3035RES1000mN2052000E3160000,548701490,
6943,CRS3035RES1000mN2052000E3160000,574210084,63.0
6944,CRS3035RES1000mN2052000E3160000,576094143,87.0
6945,CRS3035RES1000mN2052000E3160000,584409067,103.0
6946,CRS3035RES1000mN2052000E3160000,635512756,49.0
6947,CRS3035RES1000mN2052000E3160000,638492224,105.0
6948,CRS3035RES1000mN2052000E3160000,653913062,57.0
6949,CRS3035RES1000mN2052000E3160000,659866770,62.0
6950,CRS3035RES1000mN2052000E3160000,697717972,90.0
6951,CRS3035RES1000mN2052000E3160000,717194862,102.0
6952,CRS3035RES1000mN2052000E3160000,736899303,
6953,CRS3035RES1000mN2052000E3160000,738042217,106.0
6954,CRS3035RES1000mN2052000E3160000,839611983,114.0
6955,CRS3035RES1000mN2052000E3160000,957893520,53.0
6956,CRS3035RES1000mN2052000E3160000,963308110,81.0
6957,CRS3035RES1000mN2052000E3160000,1073283182,94.0
6958,CRS3035RES1000mN2052000E3160000,1252864015,77.0
6959,CRS3035RES1000mN2052000E3160000,1283203658,
6960,CRS3035RES1000mN2052000E3161000,25526,70.0
6961,CRS3035RES1000mN2052000E3161000,1774,54.0
6962,CRS3035RES1000mN2052000E3161000,1770,52.0
6963,CRS3035RES1000mN2052000E3161000,1773,63.0
6964,CRS3035RES1000mN2052000E3161000,1771,52.0
6965,CRS3035RES1000mN2052000E3161000,123303,73.0
6966,CRS3035RES1000mN2052000E3161000,1764,45.0
6967,CRS3035RES1000mN2052000E3161000,181101,76.0
6968,CRS3035RES1000mN2052000E3161000,5765642,73.0
6969,CRS3035RES1000mN2052000E3161000,86719,83.0
6970,CRS3035RES1000mN2052000E3161000,1800,70.0
6971,CRS3035RES1000mN2052000E3161000,1757,59.0
6972,CRS3035RES1000mN2052000E3161000,1755,66.0
6973,CRS3035RES1000mN2052000E3161000,1882,47.0
6974,CRS3035RES1000mN2052000E3161000,1745,55.0
6975,CRS3035RES1000mN2052000E3161000,1794,58.0
6976,CRS3035RES1000mN2052000E3161000,1762,46.0
6977,CRS3035RES1000mN2052000E3161000,51188,28.0
6978,CRS3035RES1000mN2052000E3161000,6893633,48.0
6979,CRS3035RES1000mN2052000E3161000,167128,58.0
6980,CRS3035RES1000mN2052000E3161000,1760,41.0
6981,CRS3035RES1000mN2052000E3161000,12773298,72.0
6982,CRS3035RES1000mN2052000E3161000,1754,80.0
6983,CRS3035RES1000mN2052000E3161000,1748,72.0
6984,CRS3035RES1000mN2052000E3161000,79941,59.0
6985,CRS3035RES1000mN2052000E3161000,1750,48.0
6986,CRS3035RES1000mN2052000E3161000,5975465,55.0
6987,CRS3035RES1000mN2052000E3161000,115056,63.0
6988,CRS3035RES1000mN2052000E3161000,1790,33.0
6989,CRS3035RES1000mN2052000E3161000,1756,73.0
6990,CRS3035RES1000mN2052000E3161000,51849,58.0
6991,CRS3035RES1000mN2052000E3161000,185595,41.0
6992,CRS3035RES1000mN2052000E3161000,7697128,41.0
6993,CRS3035RES1000mN2052000E3161000,10395362,41.0
6994,CRS3035RES1000mN2052000E3161000,1759,30.0
6995,CRS3035RES1000mN2052000E3161000,1752,51.0
6996,CRS3035RES1000mN2052000E3161000,186714,55.0
6997,CRS3035RES1000mN2052000E3161000,1753,64.0
6998,CRS3035RES1000mN2052000E3161000,1792,70.0
6999,CRS3035RES1000mN2052000E3161000,1763,65.0
7000,CRS3035RES1000mN2052000E3161000,1746,65.0
7001,CRS3035RES1000mN2052000E3161000,11572165,71.0
7002,CRS3035RES1000mN2052000E3161000,1761,59.0
7003,CRS3035RES1000mN2052000E3161000,1747,63.0
7004,CRS3035RES1000mN2052000E3161000,5768564,62.0
7005,CRS3035RES1000mN2052000E3161000,1798,53.0
7006,CRS3035RES1000mN2052000E3161000,66904,24.0
7007,CRS3035RES1000mN2052000E3161000,1777,39.0
7008,CRS3035RES1000mN2052000E3161000,1765,48.0
7009,CRS3035RES1000mN2052000E3161000,49416,71.0
7010,CRS3035RES1000mN2052000E3161000,12734939,71.0
7011,CRS3035RES1000mN2052000E3161000,167386167,46.0
7012,CRS3035RES1000mN2052000E3161000,295933804,63.0
7013,CRS3035RES1000mN2052000E3161000,303340017,57.0
7014,CRS3035RES1000mN2052000E3161000,315355551,83.0
7015,CRS3035RES1000mN2052000E3161000,339084977,59.0
7016,CRS3035RES1000mN2052000E3161000,412911553,51.0
7017,CRS3035RES1000mN2052000E3161000,558126037,78.0
7018,CRS3035RES1000mN2052000E3161000,711789768,110.0
7019,CRS3035RES1000mN2052000E3161000,727666062,
7020,CRS3035RES1000mN2052000E3161000,848085869,84.0
7021,CRS3035RES1000mN2052000E3161000,1056098898,51.0
7022,CRS3035RES1000mN2052000E3161000,1255438242,87.0
7023,CRS3035RES1000mN2052000E3161000,1469985039,82.0
7024,CRS3035RES1000mN2052000E3161000,1504302537,94.0
7025,CRS3035RES1000mN2052000E3161000,1511617504,96.0
7026,CRS3035RES1000mN2052000E3161000,1541601287,74.0
7027,CRS3035RES1000mN2052000E3161000,1544591296,32.0
7028,CRS3035RES1000mN2052000E3161000,1598174183,74.0
7029,CRS3035RES1000mN2052000E3161000,1629887846,70.0
7030,CRS3035RES1000mN2052000E3161000,1686660176,69.0
7031,CRS3035RES1000mN2052000E3161000,1716927336,91.0
7032,CRS3035RES1000mN2052000E3161000,1734554324,83.0
7033,CRS3035RES1000mN2052000E3161000,1849109335,62.0
7034,CRS3035RES1000mN2052000E3161000,2028408680,109.0
7035,CRS3035RES1000mN2052000E3161000,2036887702,
7036,CRS3035RES1000mN2052000E3161000,2061404218,30.0
7037,CRS3035RES1000mN2052000E3161000,2134238030,82.0
7038,CRS3035RES1000mN2052000E3161000,2261600754,
7039,CRS3035RES1000mN2052000E3161000,2301402027,75.0
7040,CRS3035RES1000mN2052000E3161000,2303966810,108.0
7041,CRS3035RES1000mN2052000E3161000,2312029862,70.0
7042,CRS3035RES1000mN2052000E3161000,2408860250,79.0
7043,CRS3035RES1000mN2052000E3161000,2620185829,51.0
7044,CRS3035RES1000mN2052000E3161000,2622508931,56.0
7045,CRS3035RES1000mN2052000E3161000,2672130951,
7046,CRS3035RES1000mN2052000E3161000,2710518818,83.0
7047,CRS3035RES1000mN2052000E3161000,3034026261,
7048,CRS3035RES1000mN2052000E3161000,3179889751,97.0
7049,CRS3035RES1000mN2052000E3161000,3206611978,
7050,CRS3035RES1000mN2052000E3161000,3272828439,98.0
7051,CRS3035RES1000mN2052000E3161000,3452364276,67.0
7052,CRS3035RES1000mN2052000E3161000,3452364277,43.0
7053,CRS3035RES1000mN2052000E3161000,3495733197,
7054,CRS3035RES1000mN2052000E3161000,3497154853,
7055,CRS3035RES1000mN2052000E3161000,3517755445,
7056,CRS3035RES1000mN2052000E3161000,3522125657,
7057,CRS3035RES1000mN2052000E3161000,3526751794,88.0
7058,CRS3035RES1000mN2052000E3161000,3839306060,66.0
7059,CRS3035RES1000mN2052000E3161000,4214697664,55.0
7060,CRS3035RES1000mN2052000E3161000,4338252586,76.0
7061,CRS3035RES1000mN2052000E3161000,4401271633,
7062,CRS3035RES1000mN2052000E3161000,4515476768,
7063,CRS3035RES1000mN2052000E3161000,4569910891,46.0
7064,CRS3035RES1000mN2052000E3161000,4703730491,76.0
7065,CRS3035RES1000mN2052000E3161000,4707870392,77.0
7066,CRS3035RES1000mN2052000E3161000,4789037769,114.0
7067,CRS3035RES1000mN2052000E3161000,4794233143,75.0
7068,CRS3035RES1000mN2052000E3161000,4870405674,64.0
7069,CRS3035RES1000mN2052000E3161000,5139379922,95.0
7070,CRS3035RES1000mN2052000E3161000,5160337425,50.0
7071,CRS3035RES1000mN2052000E3161000,5196199575,83.0
7072,CRS3035RES1000mN2052000E3161000,5341570554,56.0
7073,CRS3035RES1000mN2052000E3161000,5345949864,81.0
7074,CRS3035RES1000mN2052000E3161000,5448507385,
7075,CRS3035RES1000mN2052000E3161000,5604693894,73.0
7076,CRS3035RES1000mN2052000E3161000,5670401989,87.0
7077,CRS3035RES1000mN2052000E3161000,5942671299,85.0
7078,CRS3035RES1000mN2052000E3161000,5943980960,89.0
7079,CRS3035RES1000mN2052000E3161000,6185791451,
7080,CRS3035RES1000mN2052000E3161000,6188948286,81.0
7081,CRS3035RES1000mN2052000E3161000,6555800191,87.0
7082,CRS3035RES1000mN2052000E3161000,6885254479,34.0
7083,CRS3035RES1000mN2052000E3161000,7222611268,117.0
7084,CRS3035RES1000mN2052000E3161000,7408961006,114.0
7085,CRS3035RES1000mN2052000E3161000,7619964683,87.0
7086,CRS3035RES1000mN2052000E3161000,7836562695,64.0
7087,CRS3035RES1000mN2052000E3161000,8493729364,52.0
7088,CRS3035RES1000mN2052000E3161000,8557885377,75.0
7089,CRS3035RES1000mN2052000E3161000,8807212208,46.0
7090,CRS3035RES1000mN2052000E3161000,8844229173,37.0
7091,CRS3035RES1000mN2052000E3161000,8878422600,64.0
7092,CRS3035RES1000mN2052000E3161000,9595709188,34.0
7093,CRS3035RES1000mN2052000E3161000,9611387099,58.0
7094,CRS3035RES1000mN2052000E3161000,9712656915,51.0
7095,CRS3035RES1000mN2052000E3161000,9713142744,42.0
7096,CRS3035RES1000mN2052000E3161000,9815746657,
7097,CRS3035RES1000mN2052000E3161000,10004871512,73.0
7098,CRS3035RES1000mN2052000E3161000,10281174134,
7099,CRS3035RES1000mN2052000E3161000,10580337411,70.0
7100,CRS3035RES1000mN2052000E3161000,10899442604,99.0
7101,CRS3035RES1000mN2052000E3161000,10922657146,93.0
7102,CRS3035RES1000mN2052000E3161000,11127499928,52.0
7103,CRS3035RES1000mN2052000E3161000,11143725881,65.0
7104,CRS3035RES1000mN2052000E3161000,11243087140,32.0
7105,CRS3035RES1000mN2052000E3161000,11269399969,61.0
7106,CRS3035RES1000mN2052000E3161000,11287269362,75.0
7107,CRS3035RES1000mN2052000E3161000,11287269363,83.0
7108,CRS3035RES1000mN2052000E3161000,11369705764,84.0
7109,CRS3035RES1000mN2052000E3161000,11387776374,80.0
7110,CRS3035RES1000mN2052000E3161000,11461799040,
7111,CRS3035RES1000mN2052000E3161000,11462802981,66.0
7112,CRS3035RES1000mN2052000E3161000,11652077658,67.0
7113,CRS3035RES1000mN2052000E3161000,11691390164,50.0
7114,CRS3035RES1000mN2052000E3161000,11739757462,81.0
7115,CRS3035RES1000mN2052000E3161000,12178446726,73.0
7116,CRS3035RES1000mN2052000E3161000,12407425114,72.0
7117,CRS3035RES1000mN2052000E3161000,12865480228,67.0
7118,CRS3035RES1000mN2052000E3161000,2960630,92.0
7119,CRS3035RES1000mN2052000E3161000,3554044,100.0
7120,CRS3035RES1000mN2052000E3161000,3557906,89.0
7121,CRS3035RES1000mN2052000E3161000,5231361,58.0
7122,CRS3035RES1000mN2052000E3161000,9314566,97.0
7123,CRS3035RES1000mN2052000E3161000,13696257,85.0
7124,CRS3035RES1000mN2052000E3161000,15996131,59.0
7125,CRS3035RES1000mN2052000E3161000,23526191,61.0
7126,CRS3035RES1000mN2052000E3161000,23545719,51.0
7127,CRS3035RES1000mN2052000E3161000,30599279,81.0
7128,CRS3035RES1000mN2052000E3161000,30649229,55.0
7129,CRS3035RES1000mN2052000E3161000,32198651,
7130,CRS3035RES1000mN2052000E3161000,34945111,89.0
7131,CRS3035RES1000mN2052000E3161000,50170625,85.0
7132,CRS3035RES1000mN2052000E3161000,82887228,64.0
7133,CRS3035RES1000mN2052000E3161000,92484952,86.0
7134,CRS3035RES1000mN2052000E3161000,95794713,69.0
7135,CRS3035RES1000mN2052000E3161000,96418670,103.0
7136,CRS3035RES1000mN2052000E3161000,98502686,59.0
7137,CRS3035RES1000mN2052000E3161000,132613257,67.0
7138,CRS3035RES1000mN2052000E3161000,135036040,68.0
7139,CRS3035RES1000mN2052000E3161000,150772489,55.0
7140,CRS3035RES1000mN2052000E3161000,154118456,83.0
7141,CRS3035RES1000mN2052000E3161000,157375776,48.0
7142,CRS3035RES1000mN2052000E3161000,158211204,85.0
7143,CRS3035RES1000mN2052000E3161000,162072415,82.0
7144,CRS3035RES1000mN2052000E3161000,162117720,72.0
7145,CRS3035RES1000mN2052000E3161000,170487273,104.0
7146,CRS3035RES1000mN2052000E3161000,172686062,87.0
7147,CRS3035RES1000mN2052000E3161000,174318235,89.0
7148,CRS3035RES1000mN2052000E3161000,174318237,92.0
7149,CRS3035RES1000mN2052000E3161000,205060159,88.0
7150,CRS3035RES1000mN2052000E3161000,205757163,
7151,CRS3035RES1000mN2052000E3161000,221095520,73.0
7152,CRS3035RES1000mN2052000E3161000,224503374,48.0
7153,CRS3035RES1000mN2052000E3161000,227333462,57.0
7154,CRS3035RES1000mN2052000E3161000,229117454,64.0
7155,CRS3035RES1000mN2052000E3161000,261460389,102.0
7156,CRS3035RES1000mN2052000E3161000,283450022,44.0
7157,CRS3035RES1000mN2052000E3161000,288994040,54.0
7158,CRS3035RES1000mN2052000E3161000,296744564,87.0
7159,CRS3035RES1000mN2052000E3161000,297526406,49.0
7160,CRS3035RES1000mN2052000E3161000,300709861,109.0
7161,CRS3035RES1000mN2052000E3161000,301444634,83.0
7162,CRS3035RES1000mN2052000E3161000,302721609,100.0
7163,CRS3035RES1000mN2052000E3161000,308195630,81.0
7164,CRS3035RES1000mN2052000E3161000,312777902,60.0
7165,CRS3035RES1000mN2052000E3161000,330154630,
7166,CRS3035RES1000mN2052000E3161000,340205456,52.0
7167,CRS3035RES1000mN2052000E3161000,367883612,69.0
7168,CRS3035RES1000mN2052000E3161000,368211943,75.0
7169,CRS3035RES1000mN2052000E3161000,374180360,72.0
7170,CRS3035RES1000mN2052000E3161000,375369499,77.0
7171,CRS3035RES1000mN2052000E3161000,383494544,29.0
7172,CRS3035RES1000mN2052000E3161000,384574591,90.0
7173,CRS3035RES1000mN2052000E3161000,403538322,86.0
7174,CRS3035RES1000mN2052000E3161000,403859503,53.0
7175,CRS3035RES1000mN2052000E3161000,437050442,98.0
7176,CRS3035RES1000mN2052000E3161000,459881697,58.0
7177,CRS3035RES1000mN2052000E3161000,477278425,107.0
7178,CRS3035RES1000mN2052000E3161000,486879235,
7179,CRS3035RES1000mN2052000E3161000,493748377,78.0
7180,CRS3035RES1000mN2052000E3161000,498234201,96.0
7181,CRS3035RES1000mN2052000E3161000,504315026,68.0
7182,CRS3035RES1000mN2052000E3161000,548701490,
7183,CRS3035RES1000mN2052000E3161000,574210084,63.0
7184,CRS3035RES1000mN2052000E3161000,576094143,82.0
7185,CRS3035RES1000mN2052000E3161000,584409067,97.0
7186,CRS3035RES1000mN2052000E3161000,635512756,49.0
7187,CRS3035RES1000mN2052000E3161000,638492224,101.0
7188,CRS3035RES1000mN2052000E3161000,653913062,53.0
7189,CRS3035RES1000mN2052000E3161000,659866770,62.0
7190,CRS3035RES1000mN2052000E3161000,697717972,86.0
7191,CRS3035RES1000mN2052000E3161000,717194862,102.0
7192,CRS3035RES1000mN2052000E3161000,736899303,
7193,CRS3035RES1000mN2052000E3161000,738042217,106.0
7194,CRS3035RES1000mN2052000E3161000,839611983,114.0
7195,CRS3035RES1000mN2052000E3161000,957893520,49.0
7196,CRS3035RES1000mN2052000E3161000,963308110,78.0
7197,CRS3035RES1000mN2052000E3161000,1073283182,92.0
7198,CRS3035RES1000mN2052000E3161000,1252864015,74.0
7199,CRS3035RES1000mN2052000E3161000,1283203658,
7200,CRS3035RES1000mN2052000E3162000,25526,61.0
7201,CRS3035RES1000mN2052000E3162000,1774,45.0
7202,CRS3035RES1000mN2052000E3162000,1770,41.0
7203,CRS3035RES1000mN2052000E3162000,1773,51.0
7204,CRS3035RES1000mN2052000E3162000,1771,41.0
7205,CRS3035RES1000mN2052000E3162000,123303,64.0
7206,CRS3035RES1000mN2052000E3162000,1764,34.0
7207,CRS3035RES1000mN2052000E3162000,181101,58.0
7208,CRS3035RES1000mN2052000E3162000,5765642,64.0
7209,CRS3035RES1000mN2052000E3162000,86719,66.0
7210,CRS3035RES1000mN2052000E3162000,1800,58.0
7211,CRS3035RES1000mN2052000E3162000,1757,49.0
7212,CRS3035RES1000mN2052000E3162000,1755,55.0
7213,CRS3035RES1000mN2052000E3162000,1882,37.0
7214,CRS3035RES1000mN2052000E3162000,1745,45.0
7215,CRS3035RES1000mN2052000E3162000,1794,46.0
7216,CRS3035RES1000mN2052000E3162000,1762,36.0
7217,CRS3035RES1000mN2052000E3162000,51188,16.0
7218,CRS3035RES1000mN2052000E3162000,6893633,37.0
7219,CRS3035RES1000mN2052000E3162000,167128,47.0
7220,CRS3035RES1000mN2052000E3162000,1760,30.0
7221,CRS3035RES1000mN2052000E3162000,12773298,55.0
7222,CRS3035RES1000mN2052000E3162000,1754,68.0
7223,CRS3035RES1000mN2052000E3162000,1748,56.0
7224,CRS3035RES1000mN2052000E3162000,79941,47.0
7225,CRS3035RES1000mN2052000E3162000,1750,37.0
7226,CRS3035RES1000mN2052000E3162000,5975465,44.0
7227,CRS3035RES1000mN2052000E3162000,115056,52.0
7228,CRS3035RES1000mN2052000E3162000,1790,22.0
7229,CRS3035RES1000mN2052000E3162000,1756,62.0
7230,CRS3035RES1000mN2052000E3162000,51849,49.0
7231,CRS3035RES1000mN2052000E3162000,185595,29.0
7232,CRS3035RES1000mN2052000E3162000,7697128,31.0
7233,CRS3035RES1000mN2052000E3162000,10395362,33.0
7234,CRS3035RES1000mN2052000E3162000,1759,19.0
7235,CRS3035RES1000mN2052000E3162000,1752,40.0
7236,CRS3035RES1000mN2052000E3162000,186714,45.0
7237,CRS3035RES1000mN2052000E3162000,1753,54.0
7238,CRS3035RES1000mN2052000E3162000,1792,52.0
7239,CRS3035RES1000mN2052000E3162000,1763,53.0
7240,CRS3035RES1000mN2052000E3162000,1746,55.0
7241,CRS3035RES1000mN2052000E3162000,11572165,62.0
7242,CRS3035RES1000mN2052000E3162000,1761,49.0
7243,CRS3035RES1000mN2052000E3162000,1747,51.0
7244,CRS3035RES1000mN2052000E3162000,5768564,52.0
7245,CRS3035RES1000mN2052000E3162000,1798,42.0
7246,CRS3035RES1000mN2052000E3162000,66904,13.0
7247,CRS3035RES1000mN2052000E3162000,1777,28.0
7248,CRS3035RES1000mN2052000E3162000,1765,39.0
7249,CRS3035RES1000mN2052000E3162000,49416,54.0
7250,CRS3035RES1000mN2052000E3162000,12734939,54.0
7251,CRS3035RES1000mN2052000E3162000,167386167,35.0
7252,CRS3035RES1000mN2052000E3162000,295933804,51.0
7253,CRS3035RES1000mN2052000E3162000,303340017,47.0
7254,CRS3035RES1000mN2052000E3162000,315355551,64.0
7255,CRS3035RES1000mN2052000E3162000,339084977,51.0
7256,CRS3035RES1000mN2052000E3162000,412911553,40.0
7257,CRS3035RES1000mN2052000E3162000,558126037,69.0
7258,CRS3035RES1000mN2052000E3162000,711789768,96.0
7259,CRS3035RES1000mN2052000E3162000,727666062,
7260,CRS3035RES1000mN2052000E3162000,848085869,78.0
7261,CRS3035RES1000mN2052000E3162000,1056098898,39.0
7262,CRS3035RES1000mN2052000E3162000,1255438242,63.0
7263,CRS3035RES1000mN2052000E3162000,1469985039,59.0
7264,CRS3035RES1000mN2052000E3162000,1504302537,93.0
7265,CRS3035RES1000mN2052000E3162000,1511617504,79.0
7266,CRS3035RES1000mN2052000E3162000,1541601287,64.0
7267,CRS3035RES1000mN2052000E3162000,1544591296,20.0
7268,CRS3035RES1000mN2052000E3162000,1598174183,53.0
7269,CRS3035RES1000mN2052000E3162000,1629887846,58.0
7270,CRS3035RES1000mN2052000E3162000,1686660176,57.0
7271,CRS3035RES1000mN2052000E3162000,1716927336,84.0
7272,CRS3035RES1000mN2052000E3162000,1734554324,77.0
7273,CRS3035RES1000mN2052000E3162000,1849109335,52.0
7274,CRS3035RES1000mN2052000E3162000,2028408680,92.0
7275,CRS3035RES1000mN2052000E3162000,2036887702,
7276,CRS3035RES1000mN2052000E3162000,2061404218,17.0
7277,CRS3035RES1000mN2052000E3162000,2134238030,77.0
7278,CRS3035RES1000mN2052000E3162000,2261600754,
7279,CRS3035RES1000mN2052000E3162000,2301402027,60.0
7280,CRS3035RES1000mN2052000E3162000,2303966810,93.0
7281,CRS3035RES1000mN2052000E3162000,2312029862,56.0
7282,CRS3035RES1000mN2052000E3162000,2408860250,73.0
7283,CRS3035RES1000mN2052000E3162000,2620185829,40.0
7284,CRS3035RES1000mN2052000E3162000,2622508931,46.0
7285,CRS3035RES1000mN2052000E3162000,2672130951,117.0
7286,CRS3035RES1000mN2052000E3162000,2710518818,81.0
7287,CRS3035RES1000mN2052000E3162000,3034026261,
7288,CRS3035RES1000mN2052000E3162000,3179889751,85.0
7289,CRS3035RES1000mN2052000E3162000,3206611978,
7290,CRS3035RES1000mN2052000E3162000,3272828439,89.0
7291,CRS3035RES1000mN2052000E3162000,3452364276,55.0
7292,CRS3035RES1000mN2052000E3162000,3452364277,32.0
7293,CRS3035RES1000mN2052000E3162000,3495733197,
7294,CRS3035RES1000mN2052000E3162000,3497154853,
7295,CRS3035RES1000mN2052000E3162000,3517755445,
7296,CRS3035RES1000mN2052000E3162000,3522125657,
7297,CRS3035RES1000mN2052000E3162000,3526751794,88.0
7298,CRS3035RES1000mN2052000E3162000,3839306060,55.0
7299,CRS3035RES1000mN2052000E3162000,4214697664,45.0
7300,CRS3035RES1000mN2052000E3162000,4338252586,76.0
7301,CRS3035RES1000mN2052000E3162000,4401271633,
7302,CRS3035RES1000mN2052000E3162000,4515476768,
7303,CRS3035RES1000mN2052000E3162000,4569910891,36.0
7304,CRS3035RES1000mN2052000E3162000,4703730491,59.0
7305,CRS3035RES1000mN2052000E3162000,4707870392,57.0
7306,CRS3035RES1000mN2052000E3162000,4789037769,99.0
7307,CRS3035RES1000mN2052000E3162000,4794233143,59.0
7308,CRS3035RES1000mN2052000E3162000,4870405674,55.0
7309,CRS3035RES1000mN2052000E3162000,5139379922,84.0
7310,CRS3035RES1000mN2052000E3162000,5160337425,40.0
7311,CRS3035RES1000mN2052000E3162000,5196199575,76.0
7312,CRS3035RES1000mN2052000E3162000,5341570554,45.0
7313,CRS3035RES1000mN2052000E3162000,5345949864,80.0
7314,CRS3035RES1000mN2052000E3162000,5448507385,
7315,CRS3035RES1000mN2052000E3162000,5604693894,73.0
7316,CRS3035RES1000mN2052000E3162000,5670401989,73.0
7317,CRS3035RES1000mN2052000E3162000,5942671299,79.0
7318,CRS3035RES1000mN2052000E3162000,5943980960,78.0
7319,CRS3035RES1000mN2052000E3162000,6185791451,
7320,CRS3035RES1000mN2052000E3162000,6188948286,69.0
7321,CRS3035RES1000mN2052000E3162000,6555800191,76.0
7322,CRS3035RES1000mN2052000E3162000,6885254479,22.0
7323,CRS3035RES1000mN2052000E3162000,7222611268,96.0
7324,CRS3035RES1000mN2052000E3162000,7408961006,113.0
7325,CRS3035RES1000mN2052000E3162000,7619964683,87.0
7326,CRS3035RES1000mN2052000E3162000,7836562695,64.0
7327,CRS3035RES1000mN2052000E3162000,8493729364,42.0
7328,CRS3035RES1000mN2052000E3162000,8557885377,73.0
7329,CRS3035RES1000mN2052000E3162000,8807212208,35.0
7330,CRS3035RES1000mN2052000E3162000,8844229173,25.0
7331,CRS3035RES1000mN2052000E3162000,8878422600,56.0
7332,CRS3035RES1000mN2052000E3162000,9595709188,22.0
7333,CRS3035RES1000mN2052000E3162000,9611387099,47.0
7334,CRS3035RES1000mN2052000E3162000,9712656915,41.0
7335,CRS3035RES1000mN2052000E3162000,9713142744,31.0
7336,CRS3035RES1000mN2052000E3162000,9815746657,99.0
7337,CRS3035RES1000mN2052000E3162000,10004871512,56.0
7338,CRS3035RES1000mN2052000E3162000,10281174134,
7339,CRS3035RES1000mN2052000E3162000,10580337411,59.0
7340,CRS3035RES1000mN2052000E3162000,10899442604,84.0
7341,CRS3035RES1000mN2052000E3162000,10922657146,81.0
7342,CRS3035RES1000mN2052000E3162000,11127499928,45.0
7343,CRS3035RES1000mN2052000E3162000,11143725881,61.0
7344,CRS3035RES1000mN2052000E3162000,11243087140,27.0
7345,CRS3035RES1000mN2052000E3162000,11269399969,50.0
7346,CRS3035RES1000mN2052000E3162000,11287269362,60.0
7347,CRS3035RES1000mN2052000E3162000,11287269363,68.0
7348,CRS3035RES1000mN2052000E3162000,11369705764,65.0
7349,CRS3035RES1000mN2052000E3162000,11387776374,65.0
7350,CRS3035RES1000mN2052000E3162000,11461799040,
7351,CRS3035RES1000mN2052000E3162000,11462802981,48.0
7352,CRS3035RES1000mN2052000E3162000,11652077658,57.0
7353,CRS3035RES1000mN2052000E3162000,11691390164,40.0
7354,CRS3035RES1000mN2052000E3162000,11739757462,65.0
7355,CRS3035RES1000mN2052000E3162000,12178446726,63.0
7356,CRS3035RES1000mN2052000E3162000,12407425114,59.0
7357,CRS3035RES1000mN2052000E3162000,12865480228,56.0
7358,CRS3035RES1000mN2052000E3162000,2960630,81.0
7359,CRS3035RES1000mN2052000E3162000,3554044,91.0
7360,CRS3035RES1000mN2052000E3162000,3557906,71.0
7361,CRS3035RES1000mN2052000E3162000,5231361,48.0
7362,CRS3035RES1000mN2052000E3162000,9314566,78.0
7363,CRS3035RES1000mN2052000E3162000,13696257,66.0
7364,CRS3035RES1000mN2052000E3162000,15996131,49.0
7365,CRS3035RES1000mN2052000E3162000,23526191,51.0
7366,CRS3035RES1000mN2052000E3162000,23545719,40.0
7367,CRS3035RES1000mN2052000E3162000,30599279,71.0
7368,CRS3035RES1000mN2052000E3162000,30649229,46.0
7369,CRS3035RES1000mN2052000E3162000,32198651,
7370,CRS3035RES1000mN2052000E3162000,34945111,72.0
7371,CRS3035RES1000mN2052000E3162000,50170625,71.0
7372,CRS3035RES1000mN2052000E3162000,82887228,64.0
7373,CRS3035RES1000mN2052000E3162000,92484952,65.0
7374,CRS3035RES1000mN2052000E3162000,95794713,60.0
7375,CRS3035RES1000mN2052000E3162000,96418670,88.0
7376,CRS3035RES1000mN2052000E3162000,98502686,51.0
7377,CRS3035RES1000mN2052000E3162000,132613257,56.0
7378,CRS3035RES1000mN2052000E3162000,135036040,61.0
7379,CRS3035RES1000mN2052000E3162000,150772489,45.0
7380,CRS3035RES1000mN2052000E3162000,154118456,71.0
7381,CRS3035RES1000mN2052000E3162000,157375776,39.0
7382,CRS3035RES1000mN2052000E3162000,158211204,75.0
7383,CRS3035RES1000mN2052000E3162000,162072415,73.0
7384,CRS3035RES1000mN2052000E3162000,162117720,67.0
7385,CRS3035RES1000mN2052000E3162000,170487273,93.0
7386,CRS3035RES1000mN2052000E3162000,172686062,77.0
7387,CRS3035RES1000mN2052000E3162000,174318235,82.0
7388,CRS3035RES1000mN2052000E3162000,174318237,79.0
7389,CRS3035RES1000mN2052000E3162000,205060159,85.0
7390,CRS3035RES1000mN2052000E3162000,205757163,
7391,CRS3035RES1000mN2052000E3162000,221095520,58.0
7392,CRS3035RES1000mN2052000E3162000,224503374,38.0
7393,CRS3035RES1000mN2052000E3162000,227333462,47.0
7394,CRS3035RES1000mN2052000E3162000,229117454,61.0
7395,CRS3035RES1000mN2052000E3162000,261460389,102.0
7396,CRS3035RES1000mN2052000E3162000,283450022,34.0
7397,CRS3035RES1000mN2052000E3162000,288994040,43.0
7398,CRS3035RES1000mN2052000E3162000,296744564,71.0
7399,CRS3035RES1000mN2052000E3162000,297526406,46.0
7400,CRS3035RES1000mN2052000E3162000,300709861,99.0
7401,CRS3035RES1000mN2052000E3162000,301444634,78.0
7402,CRS3035RES1000mN2052000E3162000,302721609,86.0
7403,CRS3035RES1000mN2052000E3162000,308195630,79.0
7404,CRS3035RES1000mN2052000E3162000,312777902,50.0
7405,CRS3035RES1000mN2052000E3162000,330154630,
7406,CRS3035RES1000mN2052000E3162000,340205456,41.0
7407,CRS3035RES1000mN2052000E3162000,367883612,69.0
7408,CRS3035RES1000mN2052000E3162000,368211943,66.0
7409,CRS3035RES1000mN2052000E3162000,374180360,63.0
7410,CRS3035RES1000mN2052000E3162000,375369499,66.0
7411,CRS3035RES1000mN2052000E3162000,383494544,18.0
7412,CRS3035RES1000mN2052000E3162000,384574591,70.0
7413,CRS3035RES1000mN2052000E3162000,403538322,68.0
7414,CRS3035RES1000mN2052000E3162000,403859503,42.0
7415,CRS3035RES1000mN2052000E3162000,437050442,81.0
7416,CRS3035RES1000mN2052000E3162000,459881697,48.0
7417,CRS3035RES1000mN2052000E3162000,477278425,87.0
7418,CRS3035RES1000mN2052000E3162000,486879235,
7419,CRS3035RES1000mN2052000E3162000,493748377,67.0
7420,CRS3035RES1000mN2052000E3162000,498234201,80.0
7421,CRS3035RES1000mN2052000E3162000,504315026,57.0
7422,CRS3035RES1000mN2052000E3162000,548701490,114.0
7423,CRS3035RES1000mN2052000E3162000,574210084,62.0
7424,CRS3035RES1000mN2052000E3162000,576094143,75.0
7425,CRS3035RES1000mN2052000E3162000,584409067,83.0
7426,CRS3035RES1000mN2052000E3162000,635512756,44.0
7427,CRS3035RES1000mN2052000E3162000,638492224,83.0
7428,CRS3035RES1000mN2052000E3162000,653913062,43.0
7429,CRS3035RES1000mN2052000E3162000,659866770,62.0
7430,CRS3035RES1000mN2052000E3162000,697717972,75.0
7431,CRS3035RES1000mN2052000E3162000,717194862,102.0
7432,CRS3035RES1000mN2052000E3162000,736899303,
7433,CRS3035RES1000mN2052000E3162000,738042217,103.0
7434,CRS3035RES1000mN2052000E3162000,839611983,114.0
7435,CRS3035RES1000mN2052000E3162000,957893520,38.0
7436,CRS3035RES1000mN2052000E3162000,963308110,60.0
7437,CRS3035RES1000mN2052000E3162000,1073283182,79.0
7438,CRS3035RES1000mN2052000E3162000,1252864015,53.0
7439,CRS3035RES1000mN2052000E3162000,1283203658,
7440,CRS3035RES1000mN2052000E3163000,25526,71.0
7441,CRS3035RES1000mN2052000E3163000,1774,55.0
7442,CRS3035RES1000mN2052000E3163000,1770,52.0
7443,CRS3035RES1000mN2052000E3163000,1773,61.0
7444,CRS3035RES1000mN2052000E3163000,1771,52.0
7445,CRS3035RES1000mN2052000E3163000,123303,75.0
7446,CRS3035RES1000mN2052000E3163000,1764,44.0
7447,CRS3035RES1000mN2052000E3163000,181101,75.0
7448,CRS3035RES1000mN2052000E3163000,5765642,74.0
7449,CRS3035RES1000mN2052000E3163000,86719,82.0
7450,CRS3035RES1000mN2052000E3163000,1800,70.0
7451,CRS3035RES1000mN2052000E3163000,1757,60.0
7452,CRS3035RES1000mN2052000E3163000,1755,65.0
7453,CRS3035RES1000mN2052000E3163000,1882,48.0
7454,CRS3035RES1000mN2052000E3163000,1745,54.0
7455,CRS3035RES1000mN2052000E3163000,1794,57.0
7456,CRS3035RES1000mN2052000E3163000,1762,48.0
7457,CRS3035RES1000mN2052000E3163000,51188,28.0
7458,CRS3035RES1000mN2052000E3163000,6893633,48.0
7459,CRS3035RES1000mN2052000E3163000,167128,57.0
7460,CRS3035RES1000mN2052000E3163000,1760,41.0
7461,CRS3035RES1000mN2052000E3163000,12773298,72.0
7462,CRS3035RES1000mN2052000E3163000,1754,80.0
7463,CRS3035RES1000mN2052000E3163000,1748,72.0
7464,CRS3035RES1000mN2052000E3163000,79941,58.0
7465,CRS3035RES1000mN2052000E3163000,1750,48.0
7466,CRS3035RES1000mN2052000E3163000,5975465,55.0
7467,CRS3035RES1000mN2052000E3163000,115056,62.0
7468,CRS3035RES1000mN2052000E3163000,1790,33.0
7469,CRS3035RES1000mN2052000E3163000,1756,72.0
7470,CRS3035RES1000mN2052000E3163000,51849,59.0
7471,CRS3035RES1000mN2052000E3163000,185595,41.0
7472,CRS3035RES1000mN2052000E3163000,7697128,42.0
7473,CRS3035RES1000mN2052000E3163000,10395362,41.0
7474,CRS3035RES1000mN2052000E3163000,1759,30.0
7475,CRS3035RES1000mN2052000E3163000,1752,51.0
7476,CRS3035RES1000mN2052000E3163000,186714,54.0
7477,CRS3035RES1000mN2052000E3163000,1753,64.0
7478,CRS3035RES1000mN2052000E3163000,1792,70.0
7479,CRS3035RES1000mN2052000E3163000,1763,65.0
7480,CRS3035RES1000mN2052000E3163000,1746,66.0
7481,CRS3035RES1000mN2052000E3163000,11572165,72.0
7482,CRS3035RES1000mN2052000E3163000,1761,59.0
7483,CRS3035RES1000mN2052000E3163000,1747,62.0
7484,CRS3035RES1000mN2052000E3163000,5768564,62.0
7485,CRS3035RES1000mN2052000E3163000,1798,53.0
7486,CRS3035RES1000mN2052000E3163000,66904,24.0
7487,CRS3035RES1000mN2052000E3163000,1777,39.0
7488,CRS3035RES1000mN2052000E3163000,1765,50.0
7489,CRS3035RES1000mN2052000E3163000,49416,72.0
7490,CRS3035RES1000mN2052000E3163000,12734939,72.0
7491,CRS3035RES1000mN2052000E3163000,167386167,46.0
7492,CRS3035RES1000mN2052000E3163000,295933804,63.0
7493,CRS3035RES1000mN2052000E3163000,303340017,57.0
7494,CRS3035RES1000mN2052000E3163000,315355551,83.0
7495,CRS3035RES1000mN2052000E3163000,339084977,59.0
7496,CRS3035RES1000mN2052000E3163000,412911553,51.0
7497,CRS3035RES1000mN2052000E3163000,558126037,78.0
7498,CRS3035RES1000mN2052000E3163000,711789768,110.0
7499,CRS3035RES1000mN2052000E3163000,727666062,
7500,CRS3035RES1000mN2052000E3163000,848085869,84.0
7501,CRS3035RES1000mN2052000E3163000,1056098898,51.0
7502,CRS3035RES1000mN2052000E3163000,1255438242,87.0
7503,CRS3035RES1000mN2052000E3163000,1469985039,80.0
7504,CRS3035RES1000mN2052000E3163000,1504302537,94.0
7505,CRS3035RES1000mN2052000E3163000,1511617504,95.0
7506,CRS3035RES1000mN2052000E3163000,1541601287,76.0
7507,CRS3035RES1000mN2052000E3163000,1544591296,32.0
7508,CRS3035RES1000mN2052000E3163000,1598174183,74.0
7509,CRS3035RES1000mN2052000E3163000,1629887846,70.0
7510,CRS3035RES1000mN2052000E3163000,1686660176,68.0
7511,CRS3035RES1000mN2052000E3163000,1716927336,90.0
7512,CRS3035RES1000mN2052000E3163000,1734554324,82.0
7513,CRS3035RES1000mN2052000E3163000,1849109335,62.0
7514,CRS3035RES1000mN2052000E3163000,2028408680,109.0
7515,CRS3035RES1000mN2052000E3163000,2036887702,
7516,CRS3035RES1000mN2052000E3163000,2061404218,30.0
7517,CRS3035RES1000mN2052000E3163000,2134238030,82.0
7518,CRS3035RES1000mN2052000E3163000,2261600754,
7519,CRS3035RES1000mN2052000E3163000,2301402027,74.0
7520,CRS3035RES1000mN2052000E3163000,2303966810,108.0
7521,CRS3035RES1000mN2052000E3163000,2312029862,70.0
7522,CRS3035RES1000mN2052000E3163000,2408860250,79.0
7523,CRS3035RES1000mN2052000E3163000,2620185829,51.0
7524,CRS3035RES1000mN2052000E3163000,2622508931,57.0
7525,CRS3035RES1000mN2052000E3163000,2672130951,
7526,CRS3035RES1000mN2052000E3163000,2710518818,83.0
7527,CRS3035RES1000mN2052000E3163000,3034026261,
7528,CRS3035RES1000mN2052000E3163000,3179889751,97.0
7529,CRS3035RES1000mN2052000E3163000,3206611978,
7530,CRS3035RES1000mN2052000E3163000,3272828439,98.0
7531,CRS3035RES1000mN2052000E3163000,3452364276,65.0
7532,CRS3035RES1000mN2052000E3163000,3452364277,43.0
7533,CRS3035RES1000mN2052000E3163000,3495733197,
7534,CRS3035RES1000mN2052000E3163000,3497154853,
7535,CRS3035RES1000mN2052000E3163000,3517755445,
7536,CRS3035RES1000mN2052000E3163000,3522125657,
7537,CRS3035RES1000mN2052000E3163000,3526751794,88.0
7538,CRS3035RES1000mN2052000E3163000,3839306060,65.0
7539,CRS3035RES1000mN2052000E3163000,4214697664,55.0
7540,CRS3035RES1000mN2052000E3163000,4338252586,76.0
7541,CRS3035RES1000mN2052000E3163000,4401271633,
7542,CRS3035RES1000mN2052000E3163000,4515476768,
7543,CRS3035RES1000mN2052000E3163000,4569910891,47.0
7544,CRS3035RES1000mN2052000E3163000,4703730491,76.0
7545,CRS3035RES1000mN2052000E3163000,4707870392,78.0
7546,CRS3035RES1000mN2052000E3163000,4789037769,113.0
7547,CRS3035RES1000mN2052000E3163000,4794233143,75.0
7548,CRS3035RES1000mN2052000E3163000,4870405674,64.0
7549,CRS3035RES1000mN2052000E3163000,5139379922,96.0
7550,CRS3035RES1000mN2052000E3163000,5160337425,50.0
7551,CRS3035RES1000mN2052000E3163000,5196199575,85.0
7552,CRS3035RES1000mN2052000E3163000,5341570554,55.0
7553,CRS3035RES1000mN2052000E3163000,5345949864,81.0
7554,CRS3035RES1000mN2052000E3163000,5448507385,
7555,CRS3035RES1000mN2052000E3163000,5604693894,73.0
7556,CRS3035RES1000mN2052000E3163000,5670401989,86.0
7557,CRS3035RES1000mN2052000E3163000,5942671299,84.0
7558,CRS3035RES1000mN2052000E3163000,5943980960,89.0
7559,CRS3035RES1000mN2052000E3163000,6185791451,
7560,CRS3035RES1000mN2052000E3163000,6188948286,79.0
7561,CRS3035RES1000mN2052000E3163000,6555800191,87.0
7562,CRS3035RES1000mN2052000E3163000,6885254479,34.0
7563,CRS3035RES1000mN2052000E3163000,7222611268,116.0
7564,CRS3035RES1000mN2052000E3163000,7408961006,114.0
7565,CRS3035RES1000mN2052000E3163000,7619964683,87.0
7566,CRS3035RES1000mN2052000E3163000,7836562695,64.0
7567,CRS3035RES1000mN2052000E3163000,8493729364,52.0
7568,CRS3035RES1000mN2052000E3163000,8557885377,76.0
7569,CRS3035RES1000mN2052000E3163000,8807212208,46.0
7570,CRS3035RES1000mN2052000E3163000,8844229173,37.0
7571,CRS3035RES1000mN2052000E3163000,8878422600,64.0
7572,CRS3035RES1000mN2052000E3163000,9595709188,34.0
7573,CRS3035RES1000mN2052000E3163000,9611387099,58.0
7574,CRS3035RES1000mN2052000E3163000,9712656915,51.0
7575,CRS3035RES1000mN2052000E3163000,9713142744,42.0
7576,CRS3035RES1000mN2052000E3163000,9815746657,
7577,CRS3035RES1000mN2052000E3163000,10004871512,72.0
7578,CRS3035RES1000mN2052000E3163000,10281174134,
7579,CRS3035RES1000mN2052000E3163000,10580337411,69.0
7580,CRS3035RES1000mN2052000E3163000,10899442604,99.0
7581,CRS3035RES1000mN2052000E3163000,10922657146,93.0
7582,CRS3035RES1000mN2052000E3163000,11127499928,52.0
7583,CRS3035RES1000mN2052000E3163000,11143725881,65.0
7584,CRS3035RES1000mN2052000E3163000,11243087140,32.0
7585,CRS3035RES1000mN2052000E3163000,11269399969,61.0
7586,CRS3035RES1000mN2052000E3163000,11287269362,75.0
7587,CRS3035RES1000mN2052000E3163000,11287269363,82.0
7588,CRS3035RES1000mN2052000E3163000,11369705764,82.0
7589,CRS3035RES1000mN2052000E3163000,11387776374,80.0
7590,CRS3035RES1000mN2052000E3163000,11461799040,
7591,CRS3035RES1000mN2052000E3163000,11462802981,66.0
7592,CRS3035RES1000mN2052000E3163000,11652077658,67.0
7593,CRS3035RES1000mN2052000E3163000,11691390164,51.0
7594,CRS3035RES1000mN2052000E3163000,11739757462,81.0
7595,CRS3035RES1000mN2052000E3163000,12178446726,74.0
7596,CRS3035RES1000mN2052000E3163000,12407425114,72.0
7597,CRS3035RES1000mN2052000E3163000,12865480228,66.0
7598,CRS3035RES1000mN2052000E3163000,2960630,92.0
7599,CRS3035RES1000mN2052000E3163000,3554044,100.0
7600,CRS3035RES1000mN2052000E3163000,3557906,89.0
7601,CRS3035RES1000mN2052000E3163000,5231361,58.0
7602,CRS3035RES1000mN2052000E3163000,9314566,97.0
7603,CRS3035RES1000mN2052000E3163000,13696257,83.0
7604,CRS3035RES1000mN2052000E3163000,15996131,58.0
7605,CRS3035RES1000mN2052000E3163000,23526191,61.0
7606,CRS3035RES1000mN2052000E3163000,23545719,52.0
7607,CRS3035RES1000mN2052000E3163000,30599279,82.0
7608,CRS3035RES1000mN2052000E3163000,30649229,55.0
7609,CRS3035RES1000mN2052000E3163000,32198651,
7610,CRS3035RES1000mN2052000E3163000,34945111,88.0
7611,CRS3035RES1000mN2052000E3163000,50170625,84.0
7612,CRS3035RES1000mN2052000E3163000,82887228,64.0
7613,CRS3035RES1000mN2052000E3163000,92484952,87.0
7614,CRS3035RES1000mN2052000E3163000,95794713,69.0
7615,CRS3035RES1000mN2052000E3163000,96418670,103.0
7616,CRS3035RES1000mN2052000E3163000,98502686,59.0
7617,CRS3035RES1000mN2052000E3163000,132613257,67.0
7618,CRS3035RES1000mN2052000E3163000,135036040,68.0
7619,CRS3035RES1000mN2052000E3163000,150772489,55.0
7620,CRS3035RES1000mN2052000E3163000,154118456,82.0
7621,CRS3035RES1000mN2052000E3163000,157375776,48.0
7622,CRS3035RES1000mN2052000E3163000,158211204,85.0
7623,CRS3035RES1000mN2052000E3163000,162072415,82.0
7624,CRS3035RES1000mN2052000E3163000,162117720,72.0
7625,CRS3035RES1000mN2052000E3163000,170487273,104.0
7626,CRS3035RES1000mN2052000E3163000,172686062,87.0
7627,CRS3035RES1000mN2052000E3163000,174318235,89.0
7628,CRS3035RES1000mN2052000E3163000,174318237,93.0
7629,CRS3035RES1000mN2052000E3163000,205060159,88.0
7630,CRS3035RES1000mN2052000E3163000,205757163,
7631,CRS3035RES1000mN2052000E3163000,221095520,72.0
7632,CRS3035RES1000mN2052000E3163000,224503374,49.0
7633,CRS3035RES1000mN2052000E3163000,227333462,57.0
7634,CRS3035RES1000mN2052000E3163000,229117454,64.0
7635,CRS3035RES1000mN2052000E3163000,261460389,102.0
7636,CRS3035RES1000mN2052000E3163000,283450022,45.0
7637,CRS3035RES1000mN2052000E3163000,288994040,54.0
7638,CRS3035RES1000mN2052000E3163000,296744564,87.0
7639,CRS3035RES1000mN2052000E3163000,297526406,49.0
7640,CRS3035RES1000mN2052000E3163000,300709861,109.0
7641,CRS3035RES1000mN2052000E3163000,301444634,83.0
7642,CRS3035RES1000mN2052000E3163000,302721609,99.0
7643,CRS3035RES1000mN2052000E3163000,308195630,82.0
7644,CRS3035RES1000mN2052000E3163000,312777902,61.0
7645,CRS3035RES1000mN2052000E3163000,330154630,
7646,CRS3035RES1000mN2052000E3163000,340205456,52.0
7647,CRS3035RES1000mN2052000E3163000,367883612,69.0
7648,CRS3035RES1000mN2052000E3163000,368211943,74.0
7649,CRS3035RES1000mN2052000E3163000,374180360,70.0
7650,CRS3035RES1000mN2052000E3163000,375369499,76.0
7651,CRS3035RES1000mN2052000E3163000,383494544,29.0
7652,CRS3035RES1000mN2052000E3163000,384574591,90.0
7653,CRS3035RES1000mN2052000E3163000,403538322,85.0
7654,CRS3035RES1000mN2052000E3163000,403859503,53.0
7655,CRS3035RES1000mN2052000E3163000,437050442,98.0
7656,CRS3035RES1000mN2052000E3163000,459881697,58.0
7657,CRS3035RES1000mN2052000E3163000,477278425,106.0
7658,CRS3035RES1000mN2052000E3163000,486879235,
7659,CRS3035RES1000mN2052000E3163000,493748377,78.0
7660,CRS3035RES1000mN2052000E3163000,498234201,96.0
7661,CRS3035RES1000mN2052000E3163000,504315026,67.0
7662,CRS3035RES1000mN2052000E3163000,548701490,
7663,CRS3035RES1000mN2052000E3163000,574210084,64.0
7664,CRS3035RES1000mN2052000E3163000,576094143,82.0
7665,CRS3035RES1000mN2052000E3163000,584409067,96.0
7666,CRS3035RES1000mN2052000E3163000,635512756,49.0
7667,CRS3035RES1000mN2052000E3163000,638492224,101.0
7668,CRS3035RES1000mN2052000E3163000,653913062,53.0
7669,CRS3035RES1000mN2052000E3163000,659866770,62.0
7670,CRS3035RES1000mN2052000E3163000,697717972,86.0
7671,CRS3035RES1000mN2052000E3163000,717194862,102.0
7672,CRS3035RES1000mN2052000E3163000,736899303,
7673,CRS3035RES1000mN2052000E3163000,738042217,106.0
7674,CRS3035RES1000mN2052000E3163000,839611983,114.0
7675,CRS3035RES1000mN2052000E3163000,957893520,49.0
7676,CRS3035RES1000mN2052000E3163000,963308110,76.0
7677,CRS3035RES1000mN2052000E3163000,1073283182,91.0
7678,CRS3035RES1000mN2052000E3163000,1252864015,74.0
7679,CRS3035RES1000mN2052000E3163000,1283203658,
7680,CRS3035RES1000mN2052000E3164000,25526,
7681,CRS3035RES1000mN2052000E3164000,1774,119.0
7682,CRS3035RES1000mN2052000E3164000,1770,115.0
7683,CRS3035RES1000mN2052000E3164000,1773,
7684,CRS3035RES1000mN2052000E3164000,1771,116.0
7685,CRS3035RES1000mN2052000E3164000,123303,
7686,CRS3035RES1000mN2052000E3164000,1764,107.0
7687,CRS3035RES1000mN2052000E3164000,181101,
7688,CRS3035RES1000mN2052000E3164000,5765642,
7689,CRS3035RES1000mN2052000E3164000,86719,
7690,CRS3035RES1000mN2052000E3164000,1800,
7691,CRS3035RES1000mN2052000E3164000,1757,
7692,CRS3035RES1000mN2052000E3164000,1755,
7693,CRS3035RES1000mN2052000E3164000,1882,112.0
7694,CRS3035RES1000mN2052000E3164000,1745,
7695,CRS3035RES1000mN2052000E3164000,1794,
7696,CRS3035RES1000mN2052000E3164000,1762,111.0
7697,CRS3035RES1000mN2052000E3164000,51188,91.0
7698,CRS3035RES1000mN2052000E3164000,6893633,111.0
7699,CRS3035RES1000mN2052000E3164000,167128,
7700,CRS3035RES1000mN2052000E3164000,1760,104.0
7701,CRS3035RES1000mN2052000E3164000,12773298,
7702,CRS3035RES1000mN2052000E3164000,1754,
7703,CRS3035RES1000mN2052000E3164000,1748,
7704,CRS3035RES1000mN2052000E3164000,79941,
7705,CRS3035RES1000mN2052000E3164000,1750,111.0
7706,CRS3035RES1000mN2052000E3164000,5975465,118.0
7707,CRS3035RES1000mN2052000E3164000,115056,
7708,CRS3035RES1000mN2052000E3164000,1790,96.0
7709,CRS3035RES1000mN2052000E3164000,1756,
7710,CRS3035RES1000mN2052000E3164000,51849,
7711,CRS3035RES1000mN2052000E3164000,185595,104.0
7712,CRS3035RES1000mN2052000E3164000,7697128,106.0
7713,CRS3035RES1000mN2052000E3164000,10395362,101.0
7714,CRS3035RES1000mN2052000E3164000,1759,93.0
7715,CRS3035RES1000mN2052000E3164000,1752,114.0
7716,CRS3035RES1000mN2052000E3164000,186714,119.0
7717,CRS3035RES1000mN2052000E3164000,1753,
7718,CRS3035RES1000mN2052000E3164000,1792,
7719,CRS3035RES1000mN2052000E3164000,1763,
7720,CRS3035RES1000mN2052000E3164000,1746,
7721,CRS3035RES1000mN2052000E3164000,11572165,
7722,CRS3035RES1000mN2052000E3164000,1761,
7723,CRS3035RES1000mN2052000E3164000,1747,
7724,CRS3035RES1000mN2052000E3164000,5768564,
7725,CRS3035RES1000mN2052000E3164000,1798,116.0
7726,CRS3035RES1000mN2052000E3164000,66904,87.0
7727,CRS3035RES1000mN2052000E3164000,1777,102.0
7728,CRS3035RES1000mN2052000E3164000,1765,114.0
7729,CRS3035RES1000mN2052000E3164000,49416,
7730,CRS3035RES1000mN2052000E3164000,12734939,
7731,CRS3035RES1000mN2052000E3164000,167386167,111.0
7732,CRS3035RES1000mN2052000E3164000,295933804,
7733,CRS3035RES1000mN2052000E3164000,303340017,118.0
7734,CRS3035RES1000mN2052000E3164000,315355551,
7735,CRS3035RES1000mN2052000E3164000,339084977,
7736,CRS3035RES1000mN2052000E3164000,412911553,115.0
7737,CRS3035RES1000mN2052000E3164000,558126037,
7738,CRS3035RES1000mN2052000E3164000,711789768,
7739,CRS3035RES1000mN2052000E3164000,727666062,
7740,CRS3035RES1000mN2052000E3164000,848085869,
7741,CRS3035RES1000mN2052000E3164000,1056098898,114.0
7742,CRS3035RES1000mN2052000E3164000,1255438242,
7743,CRS3035RES1000mN2052000E3164000,1469985039,
7744,CRS3035RES1000mN2052000E3164000,1504302537,
7745,CRS3035RES1000mN2052000E3164000,1511617504,
7746,CRS3035RES1000mN2052000E3164000,1541601287,
7747,CRS3035RES1000mN2052000E3164000,1544591296,84.0
7748,CRS3035RES1000mN2052000E3164000,1598174183,
7749,CRS3035RES1000mN2052000E3164000,1629887846,
7750,CRS3035RES1000mN2052000E3164000,1686660176,
7751,CRS3035RES1000mN2052000E3164000,1716927336,
7752,CRS3035RES1000mN2052000E3164000,1734554324,
7753,CRS3035RES1000mN2052000E3164000,1849109335,
7754,CRS3035RES1000mN2052000E3164000,2028408680,
7755,CRS3035RES1000mN2052000E3164000,2036887702,
7756,CRS3035RES1000mN2052000E3164000,2061404218,76.0
7757,CRS3035RES1000mN2052000E3164000,2134238030,
7758,CRS3035RES1000mN2052000E3164000,2261600754,
7759,CRS3035RES1000mN2052000E3164000,2301402027,
7760,CRS3035RES1000mN2052000E3164000,2303966810,
7761,CRS3035RES1000mN2052000E3164000,2312029862,
7762,CRS3035RES1000mN2052000E3164000,2408860250,
7763,CRS3035RES1000mN2052000E3164000,2620185829,114.0
7764,CRS3035RES1000mN2052000E3164000,2622508931,
7765,CRS3035RES1000mN2052000E3164000,2672130951,
7766,CRS3035RES1000mN2052000E3164000,2710518818,
7767,CRS3035RES1000mN2052000E3164000,3034026261,
7768,CRS3035RES1000mN2052000E3164000,3179889751,
7769,CRS3035RES1000mN2052000E3164000,3206611978,
7770,CRS3035RES1000mN2052000E3164000,3272828439,
7771,CRS3035RES1000mN2052000E3164000,3452364276,
7772,CRS3035RES1000mN2052000E3164000,3452364277,106.0
7773,CRS3035RES1000mN2052000E3164000,3495733197,
7774,CRS3035RES1000mN2052000E3164000,3497154853,
7775,CRS3035RES1000mN2052000E3164000,3517755445,
7776,CRS3035RES1000mN2052000E3164000,3522125657,
7777,CRS3035RES1000mN2052000E3164000,3526751794,
7778,CRS3035RES1000mN2052000E3164000,3839306060,
7779,CRS3035RES1000mN2052000E3164000,4214697664,119.0
7780,CRS3035RES1000mN2052000E3164000,4338252586,
7781,CRS3035RES1000mN2052000E3164000,4401271633,
7782,CRS3035RES1000mN2052000E3164000,4515476768,
7783,CRS3035RES1000mN2052000E3164000,4569910891,111.0
7784,CRS3035RES1000mN2052000E3164000,4703730491,
7785,CRS3035RES1000mN2052000E3164000,4707870392,
7786,CRS3035RES1000mN2052000E3164000,4789037769,
7787,CRS3035RES1000mN2052000E3164000,4794233143,119.0
7788,CRS3035RES1000mN2052000E3164000,4870405674,
7789,CRS3035RES1000mN2052000E3164000,5139379922,
7790,CRS3035RES1000mN2052000E3164000,5160337425,114.0
7791,CRS3035RES1000mN2052000E3164000,5196199575,
7792,CRS3035RES1000mN2052000E3164000,5341570554,119.0
7793,CRS3035RES1000mN2052000E3164000,5345949864,
7794,CRS3035RES1000mN2052000E3164000,5448507385,
7795,CRS3035RES1000mN2052000E3164000,5604693894,
7796,CRS3035RES1000mN2052000E3164000,5670401989,
7797,CRS3035RES1000mN2052000E3164000,5942671299,
7798,CRS3035RES1000mN2052000E3164000,5943980960,
7799,CRS3035RES1000mN2052000E3164000,6185791451,
7800,CRS3035RES1000mN2052000E3164000,6188948286,
7801,CRS3035RES1000mN2052000E3164000,6555800191,
7802,CRS3035RES1000mN2052000E3164000,6885254479,89.0
7803,CRS3035RES1000mN2052000E3164000,7222611268,
7804,CRS3035RES1000mN2052000E3164000,7408961006,
7805,CRS3035RES1000mN2052000E3164000,7619964683,
7806,CRS3035RES1000mN2052000E3164000,7836562695,113.0
7807,CRS3035RES1000mN2052000E3164000,8493729364,115.0
7808,CRS3035RES1000mN2052000E3164000,8557885377,
7809,CRS3035RES1000mN2052000E3164000,8807212208,110.0
7810,CRS3035RES1000mN2052000E3164000,8844229173,99.0
7811,CRS3035RES1000mN2052000E3164000,8878422600,
7812,CRS3035RES1000mN2052000E3164000,9595709188,97.0
7813,CRS3035RES1000mN2052000E3164000,9611387099,
7814,CRS3035RES1000mN2052000E3164000,9712656915,115.0
7815,CRS3035RES1000mN2052000E3164000,9713142744,106.0
7816,CRS3035RES1000mN2052000E3164000,9815746657,
7817,CRS3035RES1000mN2052000E3164000,10004871512,
7818,CRS3035RES1000mN2052000E3164000,10281174134,
7819,CRS3035RES1000mN2052000E3164000,10580337411,
7820,CRS3035RES1000mN2052000E3164000,10899442604,
7821,CRS3035RES1000mN2052000E3164000,10922657146,
7822,CRS3035RES1000mN2052000E3164000,11127499928,109.0
7823,CRS3035RES1000mN2052000E3164000,11143725881,
7824,CRS3035RES1000mN2052000E3164000,11243087140,92.0
7825,CRS3035RES1000mN2052000E3164000,11269399969,
7826,CRS3035RES1000mN2052000E3164000,11287269362,
7827,CRS3035RES1000mN2052000E3164000,11287269363,
7828,CRS3035RES1000mN2052000E3164000,11369705764,
7829,CRS3035RES1000mN2052000E3164000,11387776374,
7830,CRS3035RES1000mN2052000E3164000,11461799040,
7831,CRS3035RES1000mN2052000E3164000,11462802981,
7832,CRS3035RES1000mN2052000E3164000,11652077658,
7833,CRS3035RES1000mN2052000E3164000,11691390164,115.0
7834,CRS3035RES1000mN2052000E3164000,11739757462,
7835,CRS3035RES1000mN2052000E3164000,12178446726,
7836,CRS3035RES1000mN2052000E3164000,12407425114,
7837,CRS3035RES1000mN2052000E3164000,12865480228,
7838,CRS3035RES1000mN2052000E3164000,2960630,
7839,CRS3035RES1000mN2052000E3164000,3554044,
7840,CRS3035RES1000mN2052000E3164000,3557906,
7841,CRS3035RES1000mN2052000E3164000,5231361,
7842,CRS3035RES1000mN2052000E3164000,9314566,
7843,CRS3035RES1000mN2052000E3164000,13696257,
7844,CRS3035RES1000mN2052000E3164000,15996131,
7845,CRS3035RES1000mN2052000E3164000,23526191,
7846,CRS3035RES1000mN2052000E3164000,23545719,115.0
7847,CRS3035RES1000mN2052000E3164000,30599279,
7848,CRS3035RES1000mN2052000E3164000,30649229,119.0
7849,CRS3035RES1000mN2052000E3164000,32198651,
7850,CRS3035RES1000mN2052000E3164000,34945111,
7851,CRS3035RES1000mN2052000E3164000,50170625,
7852,CRS3035RES1000mN2052000E3164000,82887228,
7853,CRS3035RES1000mN2052000E3164000,92484952,
7854,CRS3035RES1000mN2052000E3164000,95794713,
7855,CRS3035RES1000mN2052000E3164000,96418670,
7856,CRS3035RES1000mN2052000E3164000,98502686,
7857,CRS3035RES1000mN2052000E3164000,132613257,
7858,CRS3035RES1000mN2052000E3164000,135036040,
7859,CRS3035RES1000mN2052000E3164000,150772489,119.0
7860,CRS3035RES1000mN2052000E3164000,154118456,
7861,CRS3035RES1000mN2052000E3164000,157375776,102.0
7862,CRS3035RES1000mN2052000E3164000,158211204,
7863,CRS3035RES1000mN2052000E3164000,162072415,
7864,CRS3035RES1000mN2052000E3164000,162117720,
7865,CRS3035RES1000mN2052000E3164000,170487273,
7866,CRS3035RES1000mN2052000E3164000,172686062,
7867,CRS3035RES1000mN2052000E3164000,174318235,
7868,CRS3035RES1000mN2052000E3164000,174318237,
7869,CRS3035RES1000mN2052000E3164000,205060159,
7870,CRS3035RES1000mN2052000E3164000,205757163,
7871,CRS3035RES1000mN2052000E3164000,221095520,
7872,CRS3035RES1000mN2052000E3164000,224503374,113.0
7873,CRS3035RES1000mN2052000E3164000,227333462,119.0
7874,CRS3035RES1000mN2052000E3164000,229117454,
7875,CRS3035RES1000mN2052000E3164000,261460389,
7876,CRS3035RES1000mN2052000E3164000,283450022,109.0
7877,CRS3035RES1000mN2052000E3164000,288994040,118.0
7878,CRS3035RES1000mN2052000E3164000,296744564,
7879,CRS3035RES1000mN2052000E3164000,297526406,107.0
7880,CRS3035RES1000mN2052000E3164000,300709861,
7881,CRS3035RES1000mN2052000E3164000,301444634,
7882,CRS3035RES1000mN2052000E3164000,302721609,
7883,CRS3035RES1000mN2052000E3164000,308195630,
7884,CRS3035RES1000mN2052000E3164000,312777902,
7885,CRS3035RES1000mN2052000E3164000,330154630,
7886,CRS3035RES1000mN2052000E3164000,340205456,116.0
7887,CRS3035RES1000mN2052000E3164000,367883612,
7888,CRS3035RES1000mN2052000E3164000,368211943,
7889,CRS3035RES1000mN2052000E3164000,374180360,
7890,CRS3035RES1000mN2052000E3164000,375369499,
7891,CRS3035RES1000mN2052000E3164000,383494544,92.0
7892,CRS3035RES1000mN2052000E3164000,384574591,
7893,CRS3035RES1000mN2052000E3164000,403538322,
7894,CRS3035RES1000mN2052000E3164000,403859503,117.0
7895,CRS3035RES1000mN2052000E3164000,437050442,
7896,CRS3035RES1000mN2052000E3164000,459881697,
7897,CRS3035RES1000mN2052000E3164000,477278425,
7898,CRS3035RES1000mN2052000E3164000,486879235,
7899,CRS3035RES1000mN2052000E3164000,493748377,
7900,CRS3035RES1000mN2052000E3164000,498234201,
7901,CRS3035RES1000mN2052000E3164000,504315026,
7902,CRS3035RES1000mN2052000E3164000,548701490,
7903,CRS3035RES1000mN2052000E3164000,574210084,
7904,CRS3035RES1000mN2052000E3164000,576094143,
7905,CRS3035RES1000mN2052000E3164000,584409067,
7906,CRS3035RES1000mN2052000E3164000,635512756,108.0
7907,CRS3035RES1000mN2052000E3164000,638492224,
7908,CRS3035RES1000mN2052000E3164000,653913062,112.0
7909,CRS3035RES1000mN2052000E3164000,659866770,
7910,CRS3035RES1000mN2052000E3164000,697717972,
7911,CRS3035RES1000mN2052000E3164000,717194862,
7912,CRS3035RES1000mN2052000E3164000,736899303,
7913,CRS3035RES1000mN2052000E3164000,738042217,
7914,CRS3035RES1000mN2052000E3164000,839611983,
7915,CRS3035RES1000mN2052000E3164000,957893520,114.0
7916,CRS3035RES1000mN2052000E3164000,963308110,
7917,CRS3035RES1000mN2052000E3164000,1073283182,
7918,CRS3035RES1000mN2052000E3164000,1252864015,
7919,CRS3035RES1000mN2052000E3164000,1283203658,
7920,CRS3035RES1000mN2052000E3165000,25526,
7921,CRS3035RES1000mN2052000E3165000,1774,
7922,CRS3035RES1000mN2052000E3165000,1770,
7923,CRS3035RES1000mN2052000E3165000,1773,
7924,CRS3035RES1000mN2052000E3165000,1771,
7925,CRS3035RES1000mN2052000E3165000,123303,
7926,CRS3035RES1000mN2052000E3165000,1764,113.0
7927,CRS3035RES1000mN2052000E3165000,181101,
7928,CRS3035RES1000mN2052000E3165000,5765642,
7929,CRS3035RES1000mN2052000E3165000,86719,
7930,CRS3035RES1000mN2052000E3165000,1800,
7931,CRS3035RES1000mN2052000E3165000,1757,
7932,CRS3035RES1000mN2052000E3165000,1755,
7933,CRS3035RES1000mN2052000E3165000,1882,116.0
7934,CRS3035RES1000mN2052000E3165000,1745,
7935,CRS3035RES1000mN2052000E3165000,1794,
7936,CRS3035RES1000mN2052000E3165000,1762,115.0
7937,CRS3035RES1000mN2052000E3165000,51188,95.0
7938,CRS3035RES1000mN2052000E3165000,6893633,117.0
7939,CRS3035RES1000mN2052000E3165000,167128,
7940,CRS3035RES1000mN2052000E3165000,1760,110.0
7941,CRS3035RES1000mN2052000E3165000,12773298,
7942,CRS3035RES1000mN2052000E3165000,1754,
7943,CRS3035RES1000mN2052000E3165000,1748,
7944,CRS3035RES1000mN2052000E3165000,79941,
7945,CRS3035RES1000mN2052000E3165000,1750,118.0
7946,CRS3035RES1000mN2052000E3165000,5975465,
7947,CRS3035RES1000mN2052000E3165000,115056,
7948,CRS3035RES1000mN2052000E3165000,1790,101.0
7949,CRS3035RES1000mN2052000E3165000,1756,
7950,CRS3035RES1000mN2052000E3165000,51849,
7951,CRS3035RES1000mN2052000E3165000,185595,109.0
7952,CRS3035RES1000mN2052000E3165000,7697128,111.0
7953,CRS3035RES1000mN2052000E3165000,10395362,107.0
7954,CRS3035RES1000mN2052000E3165000,1759,98.0
7955,CRS3035RES1000mN2052000E3165000,1752,
7956,CRS3035RES1000mN2052000E3165000,186714,
7957,CRS3035RES1000mN2052000E3165000,1753,
7958,CRS3035RES1000mN2052000E3165000,1792,
7959,CRS3035RES1000mN2052000E3165000,1763,
7960,CRS3035RES1000mN2052000E3165000,1746,
7961,CRS3035RES1000mN2052000E3165000,11572165,
7962,CRS3035RES1000mN2052000E3165000,1761,
7963,CRS3035RES1000mN2052000E3165000,1747,
7964,CRS3035RES1000mN2052000E3165000,5768564,
7965,CRS3035RES1000mN2052000E3165000,1798,
7966,CRS3035RES1000mN2052000E3165000,66904,92.0
7967,CRS3035RES1000mN2052000E3165000,1777,107.0
7968,CRS3035RES1000mN2052000E3165000,1765,118.0
7969,CRS3035RES1000mN2052000E3165000,49416,
7970,CRS3035RES1000mN2052000E3165000,12734939,
7971,CRS3035RES1000mN2052000E3165000,167386167,116.0
7972,CRS3035RES1000mN2052000E3165000,295933804,
7973,CRS3035RES1000mN2052000E3165000,303340017,
7974,CRS3035RES1000mN2052000E3165000,315355551,
7975,CRS3035RES1000mN2052000E3165000,339084977,
7976,CRS3035RES1000mN2052000E3165000,412911553,119.0
7977,CRS3035RES1000mN2052000E3165000,558126037,
7978,CRS3035RES1000mN2052000E3165000,711789768,
7979,CRS3035RES1000mN2052000E3165000,727666062,
7980,CRS3035RES1000mN2052000E3165000,848085869,
7981,CRS3035RES1000mN2052000E3165000,1056098898,119.0
7982,CRS3035RES1000mN2052000E3165000,1255438242,
7983,CRS3035RES1000mN2052000E3165000,1469985039,
7984,CRS3035RES1000mN2052000E3165000,1504302537,
7985,CRS3035RES1000mN2052000E3165000,1511617504,
7986,CRS3035RES1000mN2052000E3165000,1541601287,
7987,CRS3035RES1000mN2052000E3165000,1544591296,100.0
7988,CRS3035RES1000mN2052000E3165000,1598174183,
7989,CRS3035RES1000mN2052000E3165000,1629887846,
7990,CRS3035RES1000mN2052000E3165000,1686660176,
7991,CRS3035RES1000mN2052000E3165000,1716927336,
7992,CRS3035RES1000mN2052000E3165000,1734554324,
7993,CRS3035RES1000mN2052000E3165000,1849109335,
7994,CRS3035RES1000mN2052000E3165000,2028408680,
7995,CRS3035RES1000mN2052000E3165000,2036887702,
7996,CRS3035RES1000mN2052000E3165000,2061404218,83.0
7997,CRS3035RES1000mN2052000E3165000,2134238030,
7998,CRS3035RES1000mN2052000E3165000,2261600754,
7999,CRS3035RES1000mN2052000E3165000,2301402027,
8000,CRS3035RES1000mN2052000E3165000,2303966810,
8001,CRS3035RES1000mN2052000E3165000,2312029862,
8002,CRS3035RES1000mN2052000E3165000,2408860250,
8003,CRS3035RES1000mN2052000E3165000,2620185829,119.0
8004,CRS3035RES1000mN2052000E3165000,2622508931,
8005,CRS3035RES1000mN2052000E3165000,2672130951,
8006,CRS3035RES1000mN2052000E3165000,2710518818,
8007,CRS3035RES1000mN2052000E3165000,3034026261,
8008,CRS3035RES1000mN2052000E3165000,3179889751,
8009,CRS3035RES1000mN2052000E3165000,3206611978,
8010,CRS3035RES1000mN2052000E3165000,3272828439,
8011,CRS3035RES1000mN2052000E3165000,3452364276,
8012,CRS3035RES1000mN2052000E3165000,3452364277,112.0
8013,CRS3035RES1000mN2052000E3165000,3495733197,
8014,CRS3035RES1000mN2052000E3165000,3497154853,
8015,CRS3035RES1000mN2052000E3165000,3517755445,
8016,CRS3035RES1000mN2052000E3165000,3522125657,
8017,CRS3035RES1000mN2052000E3165000,3526751794,
8018,CRS3035RES1000mN2052000E3165000,3839306060,
8019,CRS3035RES1000mN2052000E3165000,4214697664,
8020,CRS3035RES1000mN2052000E3165000,4338252586,
8021,CRS3035RES1000mN2052000E3165000,4401271633,
8022,CRS3035RES1000mN2052000E3165000,4515476768,
8023,CRS3035RES1000mN2052000E3165000,4569910891,116.0
8024,CRS3035RES1000mN2052000E3165000,4703730491,
8025,CRS3035RES1000mN2052000E3165000,4707870392,
8026,CRS3035RES1000mN2052000E3165000,4789037769,
8027,CRS3035RES1000mN2052000E3165000,4794233143,
8028,CRS3035RES1000mN2052000E3165000,4870405674,
8029,CRS3035RES1000mN2052000E3165000,5139379922,
8030,CRS3035RES1000mN2052000E3165000,5160337425,119.0
8031,CRS3035RES1000mN2052000E3165000,5196199575,
8032,CRS3035RES1000mN2052000E3165000,5341570554,
8033,CRS3035RES1000mN2052000E3165000,5345949864,
8034,CRS3035RES1000mN2052000E3165000,5448507385,
8035,CRS3035RES1000mN2052000E3165000,5604693894,
8036,CRS3035RES1000mN2052000E3165000,5670401989,
8037,CRS3035RES1000mN2052000E3165000,5942671299,
8038,CRS3035RES1000mN2052000E3165000,5943980960,
8039,CRS3035RES1000mN2052000E3165000,6185791451,
8040,CRS3035RES1000mN2052000E3165000,6188948286,
8041,CRS3035RES1000mN2052000E3165000,6555800191,
8042,CRS3035RES1000mN2052000E3165000,6885254479,102.0
8043,CRS3035RES1000mN2052000E3165000,7222611268,
8044,CRS3035RES1000mN2052000E3165000,7408961006,
8045,CRS3035RES1000mN2052000E3165000,7619964683,
8046,CRS3035RES1000mN2052000E3165000,7836562695,118.0
8047,CRS3035RES1000mN2052000E3165000,8493729364,
8048,CRS3035RES1000mN2052000E3165000,8557885377,
8049,CRS3035RES1000mN2052000E3165000,8807212208,115.0
8050,CRS3035RES1000mN2052000E3165000,8844229173,105.0
8051,CRS3035RES1000mN2052000E3165000,8878422600,
8052,CRS3035RES1000mN2052000E3165000,9595709188,102.0
8053,CRS3035RES1000mN2052000E3165000,9611387099,
8054,CRS3035RES1000mN2052000E3165000,9712656915,
8055,CRS3035RES1000mN2052000E3165000,9713142744,111.0
8056,CRS3035RES1000mN2052000E3165000,9815746657,
8057,CRS3035RES1000mN2052000E3165000,10004871512,
8058,CRS3035RES1000mN2052000E3165000,10281174134,
8059,CRS3035RES1000mN2052000E3165000,10580337411,
8060,CRS3035RES1000mN2052000E3165000,10899442604,
8061,CRS3035RES1000mN2052000E3165000,10922657146,
8062,CRS3035RES1000mN2052000E3165000,11127499928,114.0
8063,CRS3035RES1000mN2052000E3165000,11143725881,
8064,CRS3035RES1000mN2052000E3165000,11243087140,97.0
8065,CRS3035RES1000mN2052000E3165000,11269399969,
8066,CRS3035RES1000mN2052000E3165000,11287269362,
8067,CRS3035RES1000mN2052000E3165000,11287269363,
8068,CRS3035RES1000mN2052000E3165000,11369705764,
8069,CRS3035RES1000mN2052000E3165000,11387776374,
8070,CRS3035RES1000mN2052000E3165000,11461799040,
8071,CRS3035RES1000mN2052000E3165000,11462802981,
8072,CRS3035RES1000mN2052000E3165000,11652077658,
8073,CRS3035RES1000mN2052000E3165000,11691390164,119.0
8074,CRS3035RES1000mN2052000E3165000,11739757462,
8075,CRS3035RES1000mN2052000E3165000,12178446726,
8076,CRS3035RES1000mN2052000E3165000,12407425114,
8077,CRS3035RES1000mN2052000E3165000,12865480228,
8078,CRS3035RES1000mN2052000E3165000,2960630,
8079,CRS3035RES1000mN2052000E3165000,3554044,
8080,CRS3035RES1000mN2052000E3165000,3557906,
8081,CRS3035RES1000mN2052000E3165000,5231361,
8082,CRS3035RES1000mN2052000E3165000,9314566,
8083,CRS3035RES1000mN2052000E3165000,13696257,
8084,CRS3035RES1000mN2052000E3165000,15996131,
8085,CRS3035RES1000mN2052000E3165000,23526191,
8086,CRS3035RES1000mN2052000E3165000,23545719,
8087,CRS3035RES1000mN2052000E3165000,30599279,
8088,CRS3035RES1000mN2052000E3165000,30649229,
8089,CRS3035RES1000mN2052000E3165000,32198651,
8090,CRS3035RES1000mN2052000E3165000,34945111,
8091,CRS3035RES1000mN2052000E3165000,50170625,
8092,CRS3035RES1000mN2052000E3165000,82887228,
8093,CRS3035RES1000mN2052000E3165000,92484952,
8094,CRS3035RES1000mN2052000E3165000,95794713,
8095,CRS3035RES1000mN2052000E3165000,96418670,
8096,CRS3035RES1000mN2052000E3165000,98502686,
8097,CRS3035RES1000mN2052000E3165000,132613257,
8098,CRS3035RES1000mN2052000E3165000,135036040,
8099,CRS3035RES1000mN2052000E3165000,150772489,
8100,CRS3035RES1000mN2052000E3165000,154118456,
8101,CRS3035RES1000mN2052000E3165000,157375776,107.0
8102,CRS3035RES1000mN2052000E3165000,158211204,
8103,CRS3035RES1000mN2052000E3165000,162072415,
8104,CRS3035RES1000mN2052000E3165000,162117720,
8105,CRS3035RES1000mN2052000E3165000,170487273,
8106,CRS3035RES1000mN2052000E3165000,172686062,
8107,CRS3035RES1000mN2052000E3165000,174318235,
8108,CRS3035RES1000mN2052000E3165000,174318237,
8109,CRS3035RES1000mN2052000E3165000,205060159,
8110,CRS3035RES1000mN2052000E3165000,205757163,
8111,CRS3035RES1000mN2052000E3165000,221095520,
8112,CRS3035RES1000mN2052000E3165000,224503374,118.0
8113,CRS3035RES1000mN2052000E3165000,227333462,
8114,CRS3035RES1000mN2052000E3165000,229117454,
8115,CRS3035RES1000mN2052000E3165000,261460389,
8116,CRS3035RES1000mN2052000E3165000,283450022,113.0
8117,CRS3035RES1000mN2052000E3165000,288994040,
8118,CRS3035RES1000mN2052000E3165000,296744564,
8119,CRS3035RES1000mN2052000E3165000,297526406,112.0
8120,CRS3035RES1000mN2052000E3165000,300709861,
8121,CRS3035RES1000mN2052000E3165000,301444634,
8122,CRS3035RES1000mN2052000E3165000,302721609,
8123,CRS3035RES1000mN2052000E3165000,308195630,
8124,CRS3035RES1000mN2052000E3165000,312777902,
8125,CRS3035RES1000mN2052000E3165000,330154630,
8126,CRS3035RES1000mN2052000E3165000,340205456,
8127,CRS3035RES1000mN2052000E3165000,367883612,
8128,CRS3035RES1000mN2052000E3165000,368211943,
8129,CRS3035RES1000mN2052000E3165000,374180360,
8130,CRS3035RES1000mN2052000E3165000,375369499,
8131,CRS3035RES1000mN2052000E3165000,383494544,97.0
8132,CRS3035RES1000mN2052000E3165000,384574591,
8133,CRS3035RES1000mN2052000E3165000,403538322,
8134,CRS3035RES1000mN2052000E3165000,403859503,
8135,CRS3035RES1000mN2052000E3165000,437050442,
8136,CRS3035RES1000mN2052000E3165000,459881697,
8137,CRS3035RES1000mN2052000E3165000,477278425,
8138,CRS3035RES1000mN2052000E3165000,486879235,
8139,CRS3035RES1000mN2052000E3165000,493748377,
8140,CRS3035RES1000mN2052000E3165000,498234201,
8141,CRS3035RES1000mN2052000E3165000,504315026,
8142,CRS3035RES1000mN2052000E3165000,548701490,
8143,CRS3035RES1000mN2052000E3165000,574210084,
8144,CRS3035RES1000mN2052000E3165000,576094143,
8145,CRS3035RES1000mN2052000E3165000,584409067,
8146,CRS3035RES1000mN2052000E3165000,635512756,113.0
8147,CRS3035RES1000mN2052000E3165000,638492224,
8148,CRS3035RES1000mN2052000E3165000,653913062,117.0
8149,CRS3035RES1000mN2052000E3165000,659866770,
8150,CRS3035RES1000mN2052000E3165000,697717972,
8151,CRS3035RES1000mN2052000E3165000,717194862,
8152,CRS3035RES1000mN2052000E3165000,736899303,
8153,CRS3035RES1000mN2052000E3165000,738042217,
8154,CRS3035RES1000mN2052000E3165000,839611983,
8155,CRS3035RES1000mN2052000E3165000,957893520,119.0
8156,CRS3035RES1000mN2052000E3165000,963308110,
8157,CRS3035RES1000mN2052000E3165000,1073283182,
8158,CRS3035RES1000mN2052000E3165000,1252864015,
8159,CRS3035RES1000mN2052000E3165000,1283203658,
8160,CRS3035RES1000mN2053000E3160000,25526,109.0
8161,CRS3035RES1000mN2053000E3160000,1774,91.0
8162,CRS3035RES1000mN2053000E3160000,1770,88.0
8163,CRS3035RES1000mN2053000E3160000,1773,98.0
8164,CRS3035RES1000mN2053000E3160000,1771,88.0
8165,CRS3035RES1000mN2053000E3160000,123303,111.0
8166,CRS3035RES1000mN2053000E3160000,1764,81.0
8167,CRS3035RES1000mN2053000E3160000,181101,112.0
8168,CRS3035RES1000mN2053000E3160000,5765642,111.0
8169,CRS3035RES1000mN2053000E3160000,86719,117.0
8170,CRS3035RES1000mN2053000E3160000,1800,106.0
8171,CRS3035RES1000mN2053000E3160000,1757,96.0
8172,CRS3035RES1000mN2053000E3160000,1755,102.0
8173,CRS3035RES1000mN2053000E3160000,1882,84.0
8174,CRS3035RES1000mN2053000E3160000,1745,94.0
8175,CRS3035RES1000mN2053000E3160000,1794,94.0
8176,CRS3035RES1000mN2053000E3160000,1762,83.0
8177,CRS3035RES1000mN2053000E3160000,51188,64.0
8178,CRS3035RES1000mN2053000E3160000,6893633,84.0
8179,CRS3035RES1000mN2053000E3160000,167128,94.0
8180,CRS3035RES1000mN2053000E3160000,1760,77.0
8181,CRS3035RES1000mN2053000E3160000,12773298,106.0
8182,CRS3035RES1000mN2053000E3160000,1754,115.0
8183,CRS3035RES1000mN2053000E3160000,1748,108.0
8184,CRS3035RES1000mN2053000E3160000,79941,97.0
8185,CRS3035RES1000mN2053000E3160000,1750,84.0
8186,CRS3035RES1000mN2053000E3160000,5975465,91.0
8187,CRS3035RES1000mN2053000E3160000,115056,101.0
8188,CRS3035RES1000mN2053000E3160000,1790,69.0
8189,CRS3035RES1000mN2053000E3160000,1756,110.0
8190,CRS3035RES1000mN2053000E3160000,51849,95.0
8191,CRS3035RES1000mN2053000E3160000,185595,76.0
8192,CRS3035RES1000mN2053000E3160000,7697128,78.0
8193,CRS3035RES1000mN2053000E3160000,10395362,80.0
8194,CRS3035RES1000mN2053000E3160000,1759,66.0
8195,CRS3035RES1000mN2053000E3160000,1752,87.0
8196,CRS3035RES1000mN2053000E3160000,186714,92.0
8197,CRS3035RES1000mN2053000E3160000,1753,100.0
8198,CRS3035RES1000mN2053000E3160000,1792,104.0
8199,CRS3035RES1000mN2053000E3160000,1763,101.0
8200,CRS3035RES1000mN2053000E3160000,1746,102.0
8201,CRS3035RES1000mN2053000E3160000,11572165,106.0
8202,CRS3035RES1000mN2053000E3160000,1761,95.0
8203,CRS3035RES1000mN2053000E3160000,1747,98.0
8204,CRS3035RES1000mN2053000E3160000,5768564,99.0
8205,CRS3035RES1000mN2053000E3160000,1798,89.0
8206,CRS3035RES1000mN2053000E3160000,66904,60.0
8207,CRS3035RES1000mN2053000E3160000,1777,75.0
8208,CRS3035RES1000mN2053000E3160000,1765,86.0
8209,CRS3035RES1000mN2053000E3160000,49416,105.0
8210,CRS3035RES1000mN2053000E3160000,12734939,105.0
8211,CRS3035RES1000mN2053000E3160000,167386167,81.0
8212,CRS3035RES1000mN2053000E3160000,295933804,97.0
8213,CRS3035RES1000mN2053000E3160000,303340017,102.0
8214,CRS3035RES1000mN2053000E3160000,315355551,116.0
8215,CRS3035RES1000mN2053000E3160000,339084977,94.0
8216,CRS3035RES1000mN2053000E3160000,412911553,87.0
8217,CRS3035RES1000mN2053000E3160000,558126037,116.0
8218,CRS3035RES1000mN2053000E3160000,711789768,
8219,CRS3035RES1000mN2053000E3160000,727666062,
8220,CRS3035RES1000mN2053000E3160000,848085869,
8221,CRS3035RES1000mN2053000E3160000,1056098898,87.0
8222,CRS3035RES1000mN2053000E3160000,1255438242,
8223,CRS3035RES1000mN2053000E3160000,1469985039,113.0
8224,CRS3035RES1000mN2053000E3160000,1504302537,
8225,CRS3035RES1000mN2053000E3160000,1511617504,
8226,CRS3035RES1000mN2053000E3160000,1541601287,107.0
8227,CRS3035RES1000mN2053000E3160000,1544591296,65.0
8228,CRS3035RES1000mN2053000E3160000,1598174183,98.0
8229,CRS3035RES1000mN2053000E3160000,1629887846,102.0
8230,CRS3035RES1000mN2053000E3160000,1686660176,105.0
8231,CRS3035RES1000mN2053000E3160000,1716927336,
8232,CRS3035RES1000mN2053000E3160000,1734554324,117.0
8233,CRS3035RES1000mN2053000E3160000,1849109335,107.0
8234,CRS3035RES1000mN2053000E3160000,2028408680,
8235,CRS3035RES1000mN2053000E3160000,2036887702,
8236,CRS3035RES1000mN2053000E3160000,2061404218,63.0
8237,CRS3035RES1000mN2053000E3160000,2134238030,112.0
8238,CRS3035RES1000mN2053000E3160000,2261600754,
8239,CRS3035RES1000mN2053000E3160000,2301402027,110.0
8240,CRS3035RES1000mN2053000E3160000,2303966810,
8241,CRS3035RES1000mN2053000E3160000,2312029862,101.0
8242,CRS3035RES1000mN2053000E3160000,2408860250,119.0
8243,CRS3035RES1000mN2053000E3160000,2620185829,87.0
8244,CRS3035RES1000mN2053000E3160000,2622508931,93.0
8245,CRS3035RES1000mN2053000E3160000,2672130951,
8246,CRS3035RES1000mN2053000E3160000,2710518818,116.0
8247,CRS3035RES1000mN2053000E3160000,3034026261,
8248,CRS3035RES1000mN2053000E3160000,3179889751,
8249,CRS3035RES1000mN2053000E3160000,3206611978,
8250,CRS3035RES1000mN2053000E3160000,3272828439,
8251,CRS3035RES1000mN2053000E3160000,3452364276,106.0
8252,CRS3035RES1000mN2053000E3160000,3452364277,79.0
8253,CRS3035RES1000mN2053000E3160000,3495733197,
8254,CRS3035RES1000mN2053000E3160000,3497154853,
8255,CRS3035RES1000mN2053000E3160000,3517755445,
8256,CRS3035RES1000mN2053000E3160000,3522125657,
8257,CRS3035RES1000mN2053000E3160000,3526751794,88.0
8258,CRS3035RES1000mN2053000E3160000,3839306060,105.0
8259,CRS3035RES1000mN2053000E3160000,4214697664,92.0
8260,CRS3035RES1000mN2053000E3160000,4338252586,76.0
8261,CRS3035RES1000mN2053000E3160000,4401271633,
8262,CRS3035RES1000mN2053000E3160000,4515476768,
8263,CRS3035RES1000mN2053000E3160000,4569910891,83.0
8264,CRS3035RES1000mN2053000E3160000,4703730491,115.0
8265,CRS3035RES1000mN2053000E3160000,4707870392,108.0
8266,CRS3035RES1000mN2053000E3160000,4789037769,
8267,CRS3035RES1000mN2053000E3160000,4794233143,99.0
8268,CRS3035RES1000mN2053000E3160000,4870405674,101.0
8269,CRS3035RES1000mN2053000E3160000,5139379922,
8270,CRS3035RES1000mN2053000E3160000,5160337425,86.0
8271,CRS3035RES1000mN2053000E3160000,5196199575,
8272,CRS3035RES1000mN2053000E3160000,5341570554,91.0
8273,CRS3035RES1000mN2053000E3160000,5345949864,114.0
8274,CRS3035RES1000mN2053000E3160000,5448507385,
8275,CRS3035RES1000mN2053000E3160000,5604693894,73.0
8276,CRS3035RES1000mN2053000E3160000,5670401989,
8277,CRS3035RES1000mN2053000E3160000,5942671299,118.0
8278,CRS3035RES1000mN2053000E3160000,5943980960,
8279,CRS3035RES1000mN2053000E3160000,6185791451,
8280,CRS3035RES1000mN2053000E3160000,6188948286,119.0
8281,CRS3035RES1000mN2053000E3160000,6555800191,
8282,CRS3035RES1000mN2053000E3160000,6885254479,70.0
8283,CRS3035RES1000mN2053000E3160000,7222611268,
8284,CRS3035RES1000mN2053000E3160000,7408961006,
8285,CRS3035RES1000mN2053000E3160000,7619964683,113.0
8286,CRS3035RES1000mN2053000E3160000,7836562695,90.0
8287,CRS3035RES1000mN2053000E3160000,8493729364,88.0
8288,CRS3035RES1000mN2053000E3160000,8557885377,
8289,CRS3035RES1000mN2053000E3160000,8807212208,81.0
8290,CRS3035RES1000mN2053000E3160000,8844229173,72.0
8291,CRS3035RES1000mN2053000E3160000,8878422600,102.0
8292,CRS3035RES1000mN2053000E3160000,9595709188,70.0
8293,CRS3035RES1000mN2053000E3160000,9611387099,94.0
8294,CRS3035RES1000mN2053000E3160000,9712656915,87.0
8295,CRS3035RES1000mN2053000E3160000,9713142744,79.0
8296,CRS3035RES1000mN2053000E3160000,9815746657,
8297,CRS3035RES1000mN2053000E3160000,10004871512,101.0
8298,CRS3035RES1000mN2053000E3160000,10281174134,
8299,CRS3035RES1000mN2053000E3160000,10580337411,109.0
8300,CRS3035RES1000mN2053000E3160000,10899442604,
8301,CRS3035RES1000mN2053000E3160000,10922657146,
8302,CRS3035RES1000mN2053000E3160000,11127499928,89.0
8303,CRS3035RES1000mN2053000E3160000,11143725881,113.0
8304,CRS3035RES1000mN2053000E3160000,11243087140,73.0
8305,CRS3035RES1000mN2053000E3160000,11269399969,97.0
8306,CRS3035RES1000mN2053000E3160000,11287269362,105.0
8307,CRS3035RES1000mN2053000E3160000,11287269363,
8308,CRS3035RES1000mN2053000E3160000,11369705764,115.0
8309,CRS3035RES1000mN2053000E3160000,11387776374,116.0
8310,CRS3035RES1000mN2053000E3160000,11461799040,
8311,CRS3035RES1000mN2053000E3160000,11462802981,100.0
8312,CRS3035RES1000mN2053000E3160000,11652077658,112.0
8313,CRS3035RES1000mN2053000E3160000,11691390164,86.0
8314,CRS3035RES1000mN2053000E3160000,11739757462,115.0
8315,CRS3035RES1000mN2053000E3160000,12178446726,110.0
8316,CRS3035RES1000mN2053000E3160000,12407425114,102.0
8317,CRS3035RES1000mN2053000E3160000,12865480228,106.0
8318,CRS3035RES1000mN2053000E3160000,2960630,
8319,CRS3035RES1000mN2053000E3160000,3554044,
8320,CRS3035RES1000mN2053000E3160000,3557906,
8321,CRS3035RES1000mN2053000E3160000,5231361,94.0
8322,CRS3035RES1000mN2053000E3160000,9314566,
8323,CRS3035RES1000mN2053000E3160000,13696257,119.0
8324,CRS3035RES1000mN2053000E3160000,15996131,95.0
8325,CRS3035RES1000mN2053000E3160000,23526191,99.0
8326,CRS3035RES1000mN2053000E3160000,23545719,87.0
8327,CRS3035RES1000mN2053000E3160000,30599279,118.0
8328,CRS3035RES1000mN2053000E3160000,30649229,92.0
8329,CRS3035RES1000mN2053000E3160000,32198651,
8330,CRS3035RES1000mN2053000E3160000,34945111,
8331,CRS3035RES1000mN2053000E3160000,50170625,
8332,CRS3035RES1000mN2053000E3160000,82887228,94.0
8333,CRS3035RES1000mN2053000E3160000,92484952,
8334,CRS3035RES1000mN2053000E3160000,95794713,104.0
8335,CRS3035RES1000mN2053000E3160000,96418670,
8336,CRS3035RES1000mN2053000E3160000,98502686,97.0
8337,CRS3035RES1000mN2053000E3160000,132613257,103.0
8338,CRS3035RES1000mN2053000E3160000,135036040,102.0
8339,CRS3035RES1000mN2053000E3160000,150772489,91.0
8340,CRS3035RES1000mN2053000E3160000,154118456,104.0
8341,CRS3035RES1000mN2053000E3160000,157375776,87.0
8342,CRS3035RES1000mN2053000E3160000,158211204,119.0
8343,CRS3035RES1000mN2053000E3160000,162072415,
8344,CRS3035RES1000mN2053000E3160000,162117720,110.0
8345,CRS3035RES1000mN2053000E3160000,170487273,
8346,CRS3035RES1000mN2053000E3160000,172686062,
8347,CRS3035RES1000mN2053000E3160000,174318235,
8348,CRS3035RES1000mN2053000E3160000,174318237,
8349,CRS3035RES1000mN2053000E3160000,205060159,
8350,CRS3035RES1000mN2053000E3160000,205757163,
8351,CRS3035RES1000mN2053000E3160000,221095520,109.0
8352,CRS3035RES1000mN2053000E3160000,224503374,85.0
8353,CRS3035RES1000mN2053000E3160000,227333462,91.0
8354,CRS3035RES1000mN2053000E3160000,229117454,112.0
8355,CRS3035RES1000mN2053000E3160000,261460389,
8356,CRS3035RES1000mN2053000E3160000,283450022,81.0
8357,CRS3035RES1000mN2053000E3160000,288994040,90.0
8358,CRS3035RES1000mN2053000E3160000,296744564,
8359,CRS3035RES1000mN2053000E3160000,297526406,78.0
8360,CRS3035RES1000mN2053000E3160000,300709861,
8361,CRS3035RES1000mN2053000E3160000,301444634,
8362,CRS3035RES1000mN2053000E3160000,302721609,
8363,CRS3035RES1000mN2053000E3160000,308195630,
8364,CRS3035RES1000mN2053000E3160000,312777902,97.0
8365,CRS3035RES1000mN2053000E3160000,330154630,
8366,CRS3035RES1000mN2053000E3160000,340205456,88.0
8367,CRS3035RES1000mN2053000E3160000,367883612,99.0
8368,CRS3035RES1000mN2053000E3160000,368211943,105.0
8369,CRS3035RES1000mN2053000E3160000,374180360,105.0
8370,CRS3035RES1000mN2053000E3160000,375369499,98.0
8371,CRS3035RES1000mN2053000E3160000,383494544,65.0
8372,CRS3035RES1000mN2053000E3160000,384574591,119.0
8373,CRS3035RES1000mN2053000E3160000,403538322,113.0
8374,CRS3035RES1000mN2053000E3160000,403859503,89.0
8375,CRS3035RES1000mN2053000E3160000,437050442,
8376,CRS3035RES1000mN2053000E3160000,459881697,92.0
8377,CRS3035RES1000mN2053000E3160000,477278425,
8378,CRS3035RES1000mN2053000E3160000,486879235,
8379,CRS3035RES1000mN2053000E3160000,493748377,117.0
8380,CRS3035RES1000mN2053000E3160000,498234201,
8381,CRS3035RES1000mN2053000E3160000,504315026,107.0
8382,CRS3035RES1000mN2053000E3160000,548701490,
8383,CRS3035RES1000mN2053000E3160000,574210084,118.0
8384,CRS3035RES1000mN2053000E3160000,576094143,
8385,CRS3035RES1000mN2053000E3160000,584409067,
8386,CRS3035RES1000mN2053000E3160000,635512756,78.0
8387,CRS3035RES1000mN2053000E3160000,638492224,
8388,CRS3035RES1000mN2053000E3160000,653913062,87.0
8389,CRS3035RES1000mN2053000E3160000,659866770,77.0
8390,CRS3035RES1000mN2053000E3160000,697717972,
8391,CRS3035RES1000mN2053000E3160000,717194862,102.0
8392,CRS3035RES1000mN2053000E3160000,736899303,
8393,CRS3035RES1000mN2053000E3160000,738042217,
8394,CRS3035RES1000mN2053000E3160000,839611983,114.0
8395,CRS3035RES1000mN2053000E3160000,957893520,84.0
8396,CRS3035RES1000mN2053000E3160000,963308110,108.0
8397,CRS3035RES1000mN2053000E3160000,1073283182,
8398,CRS3035RES1000mN2053000E3160000,1252864015,98.0
8399,CRS3035RES1000mN2053000E3160000,1283203658,
8400,CRS3035RES1000mN2053000E3161000,25526,75.0
8401,CRS3035RES1000mN2053000E3161000,1774,60.0
8402,CRS3035RES1000mN2053000E3161000,1770,57.0
8403,CRS3035RES1000mN2053000E3161000,1773,66.0
8404,CRS3035RES1000mN2053000E3161000,1771,56.0
8405,CRS3035RES1000mN2053000E3161000,123303,79.0
8406,CRS3035RES1000mN2053000E3161000,1764,49.0
8407,CRS3035RES1000mN2053000E3161000,181101,80.0
8408,CRS3035RES1000mN2053000E3161000,5765642,78.0
8409,CRS3035RES1000mN2053000E3161000,86719,87.0
8410,CRS3035RES1000mN2053000E3161000,1800,74.0
8411,CRS3035RES1000mN2053000E3161000,1757,65.0
8412,CRS3035RES1000mN2053000E3161000,1755,70.0
8413,CRS3035RES1000mN2053000E3161000,1882,53.0
8414,CRS3035RES1000mN2053000E3161000,1745,63.0
8415,CRS3035RES1000mN2053000E3161000,1794,62.0
8416,CRS3035RES1000mN2053000E3161000,1762,52.0
8417,CRS3035RES1000mN2053000E3161000,51188,32.0
8418,CRS3035RES1000mN2053000E3161000,6893633,52.0
8419,CRS3035RES1000mN2053000E3161000,167128,62.0
8420,CRS3035RES1000mN2053000E3161000,1760,45.0
8421,CRS3035RES1000mN2053000E3161000,12773298,76.0
8422,CRS3035RES1000mN2053000E3161000,1754,84.0
8423,CRS3035RES1000mN2053000E3161000,1748,77.0
8424,CRS3035RES1000mN2053000E3161000,79941,64.0
8425,CRS3035RES1000mN2053000E3161000,1750,53.0
8426,CRS3035RES1000mN2053000E3161000,5975465,60.0
8427,CRS3035RES1000mN2053000E3161000,115056,68.0
8428,CRS3035RES1000mN2053000E3161000,1790,37.0
8429,CRS3035RES1000mN2053000E3161000,1756,78.0
8430,CRS3035RES1000mN2053000E3161000,51849,63.0
8431,CRS3035RES1000mN2053000E3161000,185595,45.0
8432,CRS3035RES1000mN2053000E3161000,7697128,47.0
8433,CRS3035RES1000mN2053000E3161000,10395362,45.0
8434,CRS3035RES1000mN2053000E3161000,1759,34.0
8435,CRS3035RES1000mN2053000E3161000,1752,55.0
8436,CRS3035RES1000mN2053000E3161000,186714,59.0
8437,CRS3035RES1000mN2053000E3161000,1753,70.0
8438,CRS3035RES1000mN2053000E3161000,1792,74.0
8439,CRS3035RES1000mN2053000E3161000,1763,69.0
8440,CRS3035RES1000mN2053000E3161000,1746,71.0
8441,CRS3035RES1000mN2053000E3161000,11572165,76.0
8442,CRS3035RES1000mN2053000E3161000,1761,65.0
8443,CRS3035RES1000mN2053000E3161000,1747,67.0
8444,CRS3035RES1000mN2053000E3161000,5768564,67.0
8445,CRS3035RES1000mN2053000E3161000,1798,58.0
8446,CRS3035RES1000mN2053000E3161000,66904,28.0
8447,CRS3035RES1000mN2053000E3161000,1777,43.0
8448,CRS3035RES1000mN2053000E3161000,1765,54.0
8449,CRS3035RES1000mN2053000E3161000,49416,75.0
8450,CRS3035RES1000mN2053000E3161000,12734939,75.0
8451,CRS3035RES1000mN2053000E3161000,167386167,50.0
8452,CRS3035RES1000mN2053000E3161000,295933804,67.0
8453,CRS3035RES1000mN2053000E3161000,303340017,59.0
8454,CRS3035RES1000mN2053000E3161000,315355551,87.0
8455,CRS3035RES1000mN2053000E3161000,339084977,63.0
8456,CRS3035RES1000mN2053000E3161000,412911553,55.0
8457,CRS3035RES1000mN2053000E3161000,558126037,84.0
8458,CRS3035RES1000mN2053000E3161000,711789768,114.0
8459,CRS3035RES1000mN2053000E3161000,727666062,
8460,CRS3035RES1000mN2053000E3161000,848085869,87.0
8461,CRS3035RES1000mN2053000E3161000,1056098898,55.0
8462,CRS3035RES1000mN2053000E3161000,1255438242,91.0
8463,CRS3035RES1000mN2053000E3161000,1469985039,85.0
8464,CRS3035RES1000mN2053000E3161000,1504302537,94.0
8465,CRS3035RES1000mN2053000E3161000,1511617504,100.0
8466,CRS3035RES1000mN2053000E3161000,1541601287,79.0
8467,CRS3035RES1000mN2053000E3161000,1544591296,36.0
8468,CRS3035RES1000mN2053000E3161000,1598174183,78.0
8469,CRS3035RES1000mN2053000E3161000,1629887846,74.0
8470,CRS3035RES1000mN2053000E3161000,1686660176,73.0
8471,CRS3035RES1000mN2053000E3161000,1716927336,93.0
8472,CRS3035RES1000mN2053000E3161000,1734554324,91.0
8473,CRS3035RES1000mN2053000E3161000,1849109335,64.0
8474,CRS3035RES1000mN2053000E3161000,2028408680,112.0
8475,CRS3035RES1000mN2053000E3161000,2036887702,
8476,CRS3035RES1000mN2053000E3161000,2061404218,34.0
8477,CRS3035RES1000mN2053000E3161000,2134238030,93.0
8478,CRS3035RES1000mN2053000E3161000,2261600754,
8479,CRS3035RES1000mN2053000E3161000,2301402027,83.0
8480,CRS3035RES1000mN2053000E3161000,2303966810,113.0
8481,CRS3035RES1000mN2053000E3161000,2312029862,74.0
8482,CRS3035RES1000mN2053000E3161000,2408860250,82.0
8483,CRS3035RES1000mN2053000E3161000,2620185829,56.0
8484,CRS3035RES1000mN2053000E3161000,2622508931,61.0
8485,CRS3035RES1000mN2053000E3161000,2672130951,
8486,CRS3035RES1000mN2053000E3161000,2710518818,84.0
8487,CRS3035RES1000mN2053000E3161000,3034026261,
8488,CRS3035RES1000mN2053000E3161000,3179889751,101.0
8489,CRS3035RES1000mN2053000E3161000,3206611978,
8490,CRS3035RES1000mN2053000E3161000,3272828439,102.0
8491,CRS3035RES1000mN2053000E3161000,3452364276,72.0
8492,CRS3035RES1000mN2053000E3161000,3452364277,47.0
8493,CRS3035RES1000mN2053000E3161000,3495733197,
8494,CRS3035RES1000mN2053000E3161000,3497154853,
8495,CRS3035RES1000mN2053000E3161000,3517755445,
8496,CRS3035RES1000mN2053000E3161000,3522125657,
8497,CRS3035RES1000mN2053000E3161000,3526751794,88.0
8498,CRS3035RES1000mN2053000E3161000,3839306060,74.0
8499,CRS3035RES1000mN2053000E3161000,4214697664,60.0
8500,CRS3035RES1000mN2053000E3161000,4338252586,76.0
8501,CRS3035RES1000mN2053000E3161000,4401271633,
8502,CRS3035RES1000mN2053000E3161000,4515476768,
8503,CRS3035RES1000mN2053000E3161000,4569910891,52.0
8504,CRS3035RES1000mN2053000E3161000,4703730491,79.0
8505,CRS3035RES1000mN2053000E3161000,4707870392,82.0
8506,CRS3035RES1000mN2053000E3161000,4789037769,116.0
8507,CRS3035RES1000mN2053000E3161000,4794233143,79.0
8508,CRS3035RES1000mN2053000E3161000,4870405674,69.0
8509,CRS3035RES1000mN2053000E3161000,5139379922,99.0
8510,CRS3035RES1000mN2053000E3161000,5160337425,55.0
8511,CRS3035RES1000mN2053000E3161000,5196199575,88.0
8512,CRS3035RES1000mN2053000E3161000,5341570554,60.0
8513,CRS3035RES1000mN2053000E3161000,5345949864,81.0
8514,CRS3035RES1000mN2053000E3161000,5448507385,
8515,CRS3035RES1000mN2053000E3161000,5604693894,73.0
8516,CRS3035RES1000mN2053000E3161000,5670401989,88.0
8517,CRS3035RES1000mN2053000E3161000,5942671299,88.0
8518,CRS3035RES1000mN2053000E3161000,5943980960,93.0
8519,CRS3035RES1000mN2053000E3161000,6185791451,
8520,CRS3035RES1000mN2053000E3161000,6188948286,85.0
8521,CRS3035RES1000mN2053000E3161000,6555800191,91.0
8522,CRS3035RES1000mN2053000E3161000,6885254479,38.0
8523,CRS3035RES1000mN2053000E3161000,7222611268,119.0
8524,CRS3035RES1000mN2053000E3161000,7408961006,114.0
8525,CRS3035RES1000mN2053000E3161000,7619964683,87.0
8526,CRS3035RES1000mN2053000E3161000,7836562695,64.0
8527,CRS3035RES1000mN2053000E3161000,8493729364,57.0
8528,CRS3035RES1000mN2053000E3161000,8557885377,75.0
8529,CRS3035RES1000mN2053000E3161000,8807212208,50.0
8530,CRS3035RES1000mN2053000E3161000,8844229173,41.0
8531,CRS3035RES1000mN2053000E3161000,8878422600,68.0
8532,CRS3035RES1000mN2053000E3161000,9595709188,37.0
8533,CRS3035RES1000mN2053000E3161000,9611387099,63.0
8534,CRS3035RES1000mN2053000E3161000,9712656915,56.0
8535,CRS3035RES1000mN2053000E3161000,9713142744,47.0
8536,CRS3035RES1000mN2053000E3161000,9815746657,
8537,CRS3035RES1000mN2053000E3161000,10004871512,80.0
8538,CRS3035RES1000mN2053000E3161000,10281174134,
8539,CRS3035RES1000mN2053000E3161000,10580337411,78.0
8540,CRS3035RES1000mN2053000E3161000,10899442604,103.0
8541,CRS3035RES1000mN2053000E3161000,10922657146,97.0
8542,CRS3035RES1000mN2053000E3161000,11127499928,55.0
8543,CRS3035RES1000mN2053000E3161000,11143725881,67.0
8544,CRS3035RES1000mN2053000E3161000,11243087140,33.0
8545,CRS3035RES1000mN2053000E3161000,11269399969,65.0
8546,CRS3035RES1000mN2053000E3161000,11287269362,79.0
8547,CRS3035RES1000mN2053000E3161000,11287269363,86.0
8548,CRS3035RES1000mN2053000E3161000,11369705764,87.0
8549,CRS3035RES1000mN2053000E3161000,11387776374,85.0
8550,CRS3035RES1000mN2053000E3161000,11461799040,
8551,CRS3035RES1000mN2053000E3161000,11462802981,70.0
8552,CRS3035RES1000mN2053000E3161000,11652077658,69.0
8553,CRS3035RES1000mN2053000E3161000,11691390164,55.0
8554,CRS3035RES1000mN2053000E3161000,11739757462,85.0
8555,CRS3035RES1000mN2053000E3161000,12178446726,78.0
8556,CRS3035RES1000mN2053000E3161000,12407425114,74.0
8557,CRS3035RES1000mN2053000E3161000,12865480228,75.0
8558,CRS3035RES1000mN2053000E3161000,2960630,95.0
8559,CRS3035RES1000mN2053000E3161000,3554044,103.0
8560,CRS3035RES1000mN2053000E3161000,3557906,92.0
8561,CRS3035RES1000mN2053000E3161000,5231361,62.0
8562,CRS3035RES1000mN2053000E3161000,9314566,100.0
8563,CRS3035RES1000mN2053000E3161000,13696257,90.0
8564,CRS3035RES1000mN2053000E3161000,15996131,64.0
8565,CRS3035RES1000mN2053000E3161000,23526191,66.0
8566,CRS3035RES1000mN2053000E3161000,23545719,56.0
8567,CRS3035RES1000mN2053000E3161000,30599279,87.0
8568,CRS3035RES1000mN2053000E3161000,30649229,60.0
8569,CRS3035RES1000mN2053000E3161000,32198651,
8570,CRS3035RES1000mN2053000E3161000,34945111,94.0
8571,CRS3035RES1000mN2053000E3161000,50170625,88.0
8572,CRS3035RES1000mN2053000E3161000,82887228,64.0
8573,CRS3035RES1000mN2053000E3161000,92484952,91.0
8574,CRS3035RES1000mN2053000E3161000,95794713,74.0
8575,CRS3035RES1000mN2053000E3161000,96418670,108.0
8576,CRS3035RES1000mN2053000E3161000,98502686,65.0
8577,CRS3035RES1000mN2053000E3161000,132613257,71.0
8578,CRS3035RES1000mN2053000E3161000,135036040,72.0
8579,CRS3035RES1000mN2053000E3161000,150772489,60.0
8580,CRS3035RES1000mN2053000E3161000,154118456,84.0
8581,CRS3035RES1000mN2053000E3161000,157375776,52.0
8582,CRS3035RES1000mN2053000E3161000,158211204,89.0
8583,CRS3035RES1000mN2053000E3161000,162072415,86.0
8584,CRS3035RES1000mN2053000E3161000,162117720,73.0
8585,CRS3035RES1000mN2053000E3161000,170487273,108.0
8586,CRS3035RES1000mN2053000E3161000,172686062,91.0
8587,CRS3035RES1000mN2053000E3161000,174318235,92.0
8588,CRS3035RES1000mN2053000E3161000,174318237,96.0
8589,CRS3035RES1000mN2053000E3161000,205060159,88.0
8590,CRS3035RES1000mN2053000E3161000,205757163,
8591,CRS3035RES1000mN2053000E3161000,221095520,81.0
8592,CRS3035RES1000mN2053000E3161000,224503374,54.0
8593,CRS3035RES1000mN2053000E3161000,227333462,59.0
8594,CRS3035RES1000mN2053000E3161000,229117454,66.0
8595,CRS3035RES1000mN2053000E3161000,261460389,102.0
8596,CRS3035RES1000mN2053000E3161000,283450022,50.0
8597,CRS3035RES1000mN2053000E3161000,288994040,59.0
8598,CRS3035RES1000mN2053000E3161000,296744564,91.0
8599,CRS3035RES1000mN2053000E3161000,297526406,49.0
8600,CRS3035RES1000mN2053000E3161000,300709861,114.0
8601,CRS3035RES1000mN2053000E3161000,301444634,85.0
8602,CRS3035RES1000mN2053000E3161000,302721609,102.0
8603,CRS3035RES1000mN2053000E3161000,308195630,81.0
8604,CRS3035RES1000mN2053000E3161000,312777902,66.0
8605,CRS3035RES1000mN2053000E3161000,330154630,
8606,CRS3035RES1000mN2053000E3161000,340205456,56.0
8607,CRS3035RES1000mN2053000E3161000,367883612,69.0
8608,CRS3035RES1000mN2053000E3161000,368211943,77.0
8609,CRS3035RES1000mN2053000E3161000,374180360,81.0
8610,CRS3035RES1000mN2053000E3161000,375369499,78.0
8611,CRS3035RES1000mN2053000E3161000,383494544,33.0
8612,CRS3035RES1000mN2053000E3161000,384574591,94.0
8613,CRS3035RES1000mN2053000E3161000,403538322,88.0
8614,CRS3035RES1000mN2053000E3161000,403859503,58.0
8615,CRS3035RES1000mN2053000E3161000,437050442,102.0
8616,CRS3035RES1000mN2053000E3161000,459881697,60.0
8617,CRS3035RES1000mN2053000E3161000,477278425,109.0
8618,CRS3035RES1000mN2053000E3161000,486879235,
8619,CRS3035RES1000mN2053000E3161000,493748377,83.0
8620,CRS3035RES1000mN2053000E3161000,498234201,100.0
8621,CRS3035RES1000mN2053000E3161000,504315026,76.0
8622,CRS3035RES1000mN2053000E3161000,548701490,
8623,CRS3035RES1000mN2053000E3161000,574210084,64.0
8624,CRS3035RES1000mN2053000E3161000,576094143,86.0
8625,CRS3035RES1000mN2053000E3161000,584409067,102.0
8626,CRS3035RES1000mN2053000E3161000,635512756,49.0
8627,CRS3035RES1000mN2053000E3161000,638492224,105.0
8628,CRS3035RES1000mN2053000E3161000,653913062,57.0
8629,CRS3035RES1000mN2053000E3161000,659866770,62.0
8630,CRS3035RES1000mN2053000E3161000,697717972,91.0
8631,CRS3035RES1000mN2053000E3161000,717194862,102.0
8632,CRS3035RES1000mN2053000E3161000,736899303,
8633,CRS3035RES1000mN2053000E3161000,738042217,106.0
8634,CRS3035RES1000mN2053000E3161000,839611983,114.0
8635,CRS3035RES1000mN2053000E3161000,957893520,53.0
8636,CRS3035RES1000mN2053000E3161000,963308110,81.0
8637,CRS3035RES1000mN2053000E3161000,1073283182,94.0
8638,CRS3035RES1000mN2053000E3161000,1252864015,78.0
8639,CRS3035RES1000mN2053000E3161000,1283203658,
8640,CRS3035RES1000mN2053000E3162000,25526,85.0
8641,CRS3035RES1000mN2053000E3162000,1774,69.0
8642,CRS3035RES1000mN2053000E3162000,1770,66.0
8643,CRS3035RES1000mN2053000E3162000,1773,76.0
8644,CRS3035RES1000mN2053000E3162000,1771,66.0
8645,CRS3035RES1000mN2053000E3162000,123303,88.0
8646,CRS3035RES1000mN2053000E3162000,1764,57.0
8647,CRS3035RES1000mN2053000E3162000,181101,81.0
8648,CRS3035RES1000mN2053000E3162000,5765642,88.0
8649,CRS3035RES1000mN2053000E3162000,86719,89.0
8650,CRS3035RES1000mN2053000E3162000,1800,83.0
8651,CRS3035RES1000mN2053000E3162000,1757,74.0
8652,CRS3035RES1000mN2053000E3162000,1755,80.0
8653,CRS3035RES1000mN2053000E3162000,1882,62.0
8654,CRS3035RES1000mN2053000E3162000,1745,67.0
8655,CRS3035RES1000mN2053000E3162000,1794,71.0
8656,CRS3035RES1000mN2053000E3162000,1762,61.0
8657,CRS3035RES1000mN2053000E3162000,51188,41.0
8658,CRS3035RES1000mN2053000E3162000,6893633,62.0
8659,CRS3035RES1000mN2053000E3162000,167128,72.0
8660,CRS3035RES1000mN2053000E3162000,1760,55.0
8661,CRS3035RES1000mN2053000E3162000,12773298,78.0
8662,CRS3035RES1000mN2053000E3162000,1754,94.0
8663,CRS3035RES1000mN2053000E3162000,1748,80.0
8664,CRS3035RES1000mN2053000E3162000,79941,68.0
8665,CRS3035RES1000mN2053000E3162000,1750,62.0
8666,CRS3035RES1000mN2053000E3162000,5975465,68.0
8667,CRS3035RES1000mN2053000E3162000,115056,77.0
8668,CRS3035RES1000mN2053000E3162000,1790,46.0
8669,CRS3035RES1000mN2053000E3162000,1756,87.0
8670,CRS3035RES1000mN2053000E3162000,51849,73.0
8671,CRS3035RES1000mN2053000E3162000,185595,54.0
8672,CRS3035RES1000mN2053000E3162000,7697128,55.0
8673,CRS3035RES1000mN2053000E3162000,10395362,58.0
8674,CRS3035RES1000mN2053000E3162000,1759,44.0
8675,CRS3035RES1000mN2053000E3162000,1752,65.0
8676,CRS3035RES1000mN2053000E3162000,186714,69.0
8677,CRS3035RES1000mN2053000E3162000,1753,77.0
8678,CRS3035RES1000mN2053000E3162000,1792,76.0
8679,CRS3035RES1000mN2053000E3162000,1763,78.0
8680,CRS3035RES1000mN2053000E3162000,1746,80.0
8681,CRS3035RES1000mN2053000E3162000,11572165,86.0
8682,CRS3035RES1000mN2053000E3162000,1761,72.0
8683,CRS3035RES1000mN2053000E3162000,1747,76.0
8684,CRS3035RES1000mN2053000E3162000,5768564,76.0
8685,CRS3035RES1000mN2053000E3162000,1798,67.0
8686,CRS3035RES1000mN2053000E3162000,66904,37.0
8687,CRS3035RES1000mN2053000E3162000,1777,52.0
8688,CRS3035RES1000mN2053000E3162000,1765,63.0
8689,CRS3035RES1000mN2053000E3162000,49416,77.0
8690,CRS3035RES1000mN2053000E3162000,12734939,77.0
8691,CRS3035RES1000mN2053000E3162000,167386167,58.0
8692,CRS3035RES1000mN2053000E3162000,295933804,78.0
8693,CRS3035RES1000mN2053000E3162000,303340017,74.0
8694,CRS3035RES1000mN2053000E3162000,315355551,95.0
8695,CRS3035RES1000mN2053000E3162000,339084977,75.0
8696,CRS3035RES1000mN2053000E3162000,412911553,65.0
8697,CRS3035RES1000mN2053000E3162000,558126037,91.0
8698,CRS3035RES1000mN2053000E3162000,711789768,116.0
8699,CRS3035RES1000mN2053000E3162000,727666062,
8700,CRS3035RES1000mN2053000E3162000,848085869,102.0
8701,CRS3035RES1000mN2053000E3162000,1056098898,64.0
8702,CRS3035RES1000mN2053000E3162000,1255438242,106.0
8703,CRS3035RES1000mN2053000E3162000,1469985039,90.0
8704,CRS3035RES1000mN2053000E3162000,1504302537,
8705,CRS3035RES1000mN2053000E3162000,1511617504,107.0
8706,CRS3035RES1000mN2053000E3162000,1541601287,84.0
8707,CRS3035RES1000mN2053000E3162000,1544591296,43.0
8708,CRS3035RES1000mN2053000E3162000,1598174183,85.0
8709,CRS3035RES1000mN2053000E3162000,1629887846,91.0
8710,CRS3035RES1000mN2053000E3162000,1686660176,81.0
8711,CRS3035RES1000mN2053000E3162000,1716927336,102.0
8712,CRS3035RES1000mN2053000E3162000,1734554324,94.0
8713,CRS3035RES1000mN2053000E3162000,1849109335,79.0
8714,CRS3035RES1000mN2053000E3162000,2028408680,
8715,CRS3035RES1000mN2053000E3162000,2036887702,
8716,CRS3035RES1000mN2053000E3162000,2061404218,47.0
8717,CRS3035RES1000mN2053000E3162000,2134238030,96.0
8718,CRS3035RES1000mN2053000E3162000,2261600754,
8719,CRS3035RES1000mN2053000E3162000,2301402027,87.0
8720,CRS3035RES1000mN2053000E3162000,2303966810,
8721,CRS3035RES1000mN2053000E3162000,2312029862,88.0
8722,CRS3035RES1000mN2053000E3162000,2408860250,96.0
8723,CRS3035RES1000mN2053000E3162000,2620185829,65.0
8724,CRS3035RES1000mN2053000E3162000,2622508931,71.0
8725,CRS3035RES1000mN2053000E3162000,2672130951,
8726,CRS3035RES1000mN2053000E3162000,2710518818,105.0
8727,CRS3035RES1000mN2053000E3162000,3034026261,
8728,CRS3035RES1000mN2053000E3162000,3179889751,103.0
8729,CRS3035RES1000mN2053000E3162000,3206611978,
8730,CRS3035RES1000mN2053000E3162000,3272828439,112.0
8731,CRS3035RES1000mN2053000E3162000,3452364276,80.0
8732,CRS3035RES1000mN2053000E3162000,3452364277,57.0
8733,CRS3035RES1000mN2053000E3162000,3495733197,
8734,CRS3035RES1000mN2053000E3162000,3497154853,
8735,CRS3035RES1000mN2053000E3162000,3517755445,
8736,CRS3035RES1000mN2053000E3162000,3522125657,
8737,CRS3035RES1000mN2053000E3162000,3526751794,88.0
8738,CRS3035RES1000mN2053000E3162000,3839306060,78.0
8739,CRS3035RES1000mN2053000E3162000,4214697664,69.0
8740,CRS3035RES1000mN2053000E3162000,4338252586,76.0
8741,CRS3035RES1000mN2053000E3162000,4401271633,
8742,CRS3035RES1000mN2053000E3162000,4515476768,
8743,CRS3035RES1000mN2053000E3162000,4569910891,61.0
8744,CRS3035RES1000mN2053000E3162000,4703730491,89.0
8745,CRS3035RES1000mN2053000E3162000,4707870392,84.0
8746,CRS3035RES1000mN2053000E3162000,4789037769,118.0
8747,CRS3035RES1000mN2053000E3162000,4794233143,99.0
8748,CRS3035RES1000mN2053000E3162000,4870405674,78.0
8749,CRS3035RES1000mN2053000E3162000,5139379922,107.0
8750,CRS3035RES1000mN2053000E3162000,5160337425,64.0
8751,CRS3035RES1000mN2053000E3162000,5196199575,105.0
8752,CRS3035RES1000mN2053000E3162000,5341570554,70.0
8753,CRS3035RES1000mN2053000E3162000,5345949864,107.0
8754,CRS3035RES1000mN2053000E3162000,5448507385,
8755,CRS3035RES1000mN2053000E3162000,5604693894,73.0
8756,CRS3035RES1000mN2053000E3162000,5670401989,109.0
8757,CRS3035RES1000mN2053000E3162000,5942671299,99.0
8758,CRS3035RES1000mN2053000E3162000,5943980960,103.0
8759,CRS3035RES1000mN2053000E3162000,6185791451,
8760,CRS3035RES1000mN2053000E3162000,6188948286,95.0
8761,CRS3035RES1000mN2053000E3162000,6555800191,101.0
8762,CRS3035RES1000mN2053000E3162000,6885254479,45.0
8763,CRS3035RES1000mN2053000E3162000,7222611268,
8764,CRS3035RES1000mN2053000E3162000,7408961006,
8765,CRS3035RES1000mN2053000E3162000,7619964683,102.0
8766,CRS3035RES1000mN2053000E3162000,7836562695,75.0
8767,CRS3035RES1000mN2053000E3162000,8493729364,65.0
8768,CRS3035RES1000mN2053000E3162000,8557885377,105.0
8769,CRS3035RES1000mN2053000E3162000,8807212208,59.0
8770,CRS3035RES1000mN2053000E3162000,8844229173,50.0
8771,CRS3035RES1000mN2053000E3162000,8878422600,70.0
8772,CRS3035RES1000mN2053000E3162000,9595709188,47.0
8773,CRS3035RES1000mN2053000E3162000,9611387099,71.0
8774,CRS3035RES1000mN2053000E3162000,9712656915,65.0
8775,CRS3035RES1000mN2053000E3162000,9713142744,56.0
8776,CRS3035RES1000mN2053000E3162000,9815746657,
8777,CRS3035RES1000mN2053000E3162000,10004871512,88.0
8778,CRS3035RES1000mN2053000E3162000,10281174134,
8779,CRS3035RES1000mN2053000E3162000,10580337411,82.0
8780,CRS3035RES1000mN2053000E3162000,10899442604,108.0
8781,CRS3035RES1000mN2053000E3162000,10922657146,106.0
8782,CRS3035RES1000mN2053000E3162000,11127499928,70.0
8783,CRS3035RES1000mN2053000E3162000,11143725881,80.0
8784,CRS3035RES1000mN2053000E3162000,11243087140,44.0
8785,CRS3035RES1000mN2053000E3162000,11269399969,74.0
8786,CRS3035RES1000mN2053000E3162000,11287269362,92.0
8787,CRS3035RES1000mN2053000E3162000,11287269363,90.0
8788,CRS3035RES1000mN2053000E3162000,11369705764,91.0
8789,CRS3035RES1000mN2053000E3162000,11387776374,89.0
8790,CRS3035RES1000mN2053000E3162000,11461799040,
8791,CRS3035RES1000mN2053000E3162000,11462802981,72.0
8792,CRS3035RES1000mN2053000E3162000,11652077658,84.0
8793,CRS3035RES1000mN2053000E3162000,11691390164,64.0
8794,CRS3035RES1000mN2053000E3162000,11739757462,87.0
8795,CRS3035RES1000mN2053000E3162000,12178446726,88.0
8796,CRS3035RES1000mN2053000E3162000,12407425114,100.0
8797,CRS3035RES1000mN2053000E3162000,12865480228,79.0
8798,CRS3035RES1000mN2053000E3162000,2960630,106.0
8799,CRS3035RES1000mN2053000E3162000,3554044,108.0
8800,CRS3035RES1000mN2053000E3162000,3557906,94.0
8801,CRS3035RES1000mN2053000E3162000,5231361,72.0
8802,CRS3035RES1000mN2053000E3162000,9314566,104.0
8803,CRS3035RES1000mN2053000E3162000,13696257,98.0
8804,CRS3035RES1000mN2053000E3162000,15996131,73.0
8805,CRS3035RES1000mN2053000E3162000,23526191,75.0
8806,CRS3035RES1000mN2053000E3162000,23545719,65.0
8807,CRS3035RES1000mN2053000E3162000,30599279,96.0
8808,CRS3035RES1000mN2053000E3162000,30649229,71.0
8809,CRS3035RES1000mN2053000E3162000,32198651,
8810,CRS3035RES1000mN2053000E3162000,34945111,97.0
8811,CRS3035RES1000mN2053000E3162000,50170625,92.0
8812,CRS3035RES1000mN2053000E3162000,82887228,92.0
8813,CRS3035RES1000mN2053000E3162000,92484952,95.0
8814,CRS3035RES1000mN2053000E3162000,95794713,83.0
8815,CRS3035RES1000mN2053000E3162000,96418670,112.0
8816,CRS3035RES1000mN2053000E3162000,98502686,80.0
8817,CRS3035RES1000mN2053000E3162000,132613257,81.0
8818,CRS3035RES1000mN2053000E3162000,135036040,84.0
8819,CRS3035RES1000mN2053000E3162000,150772489,69.0
8820,CRS3035RES1000mN2053000E3162000,154118456,89.0
8821,CRS3035RES1000mN2053000E3162000,157375776,64.0
8822,CRS3035RES1000mN2053000E3162000,158211204,101.0
8823,CRS3035RES1000mN2053000E3162000,162072415,97.0
8824,CRS3035RES1000mN2053000E3162000,162117720,75.0
8825,CRS3035RES1000mN2053000E3162000,170487273,116.0
8826,CRS3035RES1000mN2053000E3162000,172686062,103.0
8827,CRS3035RES1000mN2053000E3162000,174318235,106.0
8828,CRS3035RES1000mN2053000E3162000,174318237,104.0
8829,CRS3035RES1000mN2053000E3162000,205060159,103.0
8830,CRS3035RES1000mN2053000E3162000,205757163,
8831,CRS3035RES1000mN2053000E3162000,221095520,85.0
8832,CRS3035RES1000mN2053000E3162000,224503374,63.0
8833,CRS3035RES1000mN2053000E3162000,227333462,89.0
8834,CRS3035RES1000mN2053000E3162000,229117454,79.0
8835,CRS3035RES1000mN2053000E3162000,261460389,
8836,CRS3035RES1000mN2053000E3162000,283450022,59.0
8837,CRS3035RES1000mN2053000E3162000,288994040,66.0
8838,CRS3035RES1000mN2053000E3162000,296744564,101.0
8839,CRS3035RES1000mN2053000E3162000,297526406,71.0
8840,CRS3035RES1000mN2053000E3162000,300709861,
8841,CRS3035RES1000mN2053000E3162000,301444634,
8842,CRS3035RES1000mN2053000E3162000,302721609,108.0
8843,CRS3035RES1000mN2053000E3162000,308195630,111.0
8844,CRS3035RES1000mN2053000E3162000,312777902,74.0
8845,CRS3035RES1000mN2053000E3162000,330154630,
8846,CRS3035RES1000mN2053000E3162000,340205456,66.0
8847,CRS3035RES1000mN2053000E3162000,367883612,93.0
8848,CRS3035RES1000mN2053000E3162000,368211943,85.0
8849,CRS3035RES1000mN2053000E3162000,374180360,85.0
8850,CRS3035RES1000mN2053000E3162000,375369499,83.0
8851,CRS3035RES1000mN2053000E3162000,383494544,42.0
8852,CRS3035RES1000mN2053000E3162000,384574591,96.0
8853,CRS3035RES1000mN2053000E3162000,403538322,113.0
8854,CRS3035RES1000mN2053000E3162000,403859503,67.0
8855,CRS3035RES1000mN2053000E3162000,437050442,104.0
8856,CRS3035RES1000mN2053000E3162000,459881697,90.0
8857,CRS3035RES1000mN2053000E3162000,477278425,
8858,CRS3035RES1000mN2053000E3162000,486879235,
8859,CRS3035RES1000mN2053000E3162000,493748377,90.0
8860,CRS3035RES1000mN2053000E3162000,498234201,102.0
8861,CRS3035RES1000mN2053000E3162000,504315026,80.0
8862,CRS3035RES1000mN2053000E3162000,548701490,
8863,CRS3035RES1000mN2053000E3162000,574210084,93.0
8864,CRS3035RES1000mN2053000E3162000,576094143,97.0
8865,CRS3035RES1000mN2053000E3162000,584409067,109.0
8866,CRS3035RES1000mN2053000E3162000,635512756,61.0
8867,CRS3035RES1000mN2053000E3162000,638492224,108.0
8868,CRS3035RES1000mN2053000E3162000,653913062,68.0
8869,CRS3035RES1000mN2053000E3162000,659866770,64.0
8870,CRS3035RES1000mN2053000E3162000,697717972,98.0
8871,CRS3035RES1000mN2053000E3162000,717194862,102.0
8872,CRS3035RES1000mN2053000E3162000,736899303,
8873,CRS3035RES1000mN2053000E3162000,738042217,108.0
8874,CRS3035RES1000mN2053000E3162000,839611983,114.0
8875,CRS3035RES1000mN2053000E3162000,957893520,61.0
8876,CRS3035RES1000mN2053000E3162000,963308110,90.0
8877,CRS3035RES1000mN2053000E3162000,1073283182,105.0
8878,CRS3035RES1000mN2053000E3162000,1252864015,85.0
8879,CRS3035RES1000mN2053000E3162000,1283203658,
8880,CRS3035RES1000mN2053000E3163000,25526,
8881,CRS3035RES1000mN2053000E3163000,1774,107.0
8882,CRS3035RES1000mN2053000E3163000,1770,104.0
8883,CRS3035RES1000mN2053000E3163000,1773,114.0
8884,CRS3035RES1000mN2053000E3163000,1771,104.0
8885,CRS3035RES1000mN2053000E3163000,123303,
8886,CRS3035RES1000mN2053000E3163000,1764,96.0
8887,CRS3035RES1000mN2053000E3163000,181101,
8888,CRS3035RES1000mN2053000E3163000,5765642,
8889,CRS3035RES1000mN2053000E3163000,86719,
8890,CRS3035RES1000mN2053000E3163000,1800,
8891,CRS3035RES1000mN2053000E3163000,1757,113.0
8892,CRS3035RES1000mN2053000E3163000,1755,117.0
8893,CRS3035RES1000mN2053000E3163000,1882,101.0
8894,CRS3035RES1000mN2053000E3163000,1745,106.0
8895,CRS3035RES1000mN2053000E3163000,1794,110.0
8896,CRS3035RES1000mN2053000E3163000,1762,99.0
8897,CRS3035RES1000mN2053000E3163000,51188,80.0
8898,CRS3035RES1000mN2053000E3163000,6893633,100.0
8899,CRS3035RES1000mN2053000E3163000,167128,110.0
8900,CRS3035RES1000mN2053000E3163000,1760,93.0
8901,CRS3035RES1000mN2053000E3163000,12773298,117.0
8902,CRS3035RES1000mN2053000E3163000,1754,
8903,CRS3035RES1000mN2053000E3163000,1748,118.0
8904,CRS3035RES1000mN2053000E3163000,79941,112.0
8905,CRS3035RES1000mN2053000E3163000,1750,99.0
8906,CRS3035RES1000mN2053000E3163000,5975465,107.0
8907,CRS3035RES1000mN2053000E3163000,115056,114.0
8908,CRS3035RES1000mN2053000E3163000,1790,85.0
8909,CRS3035RES1000mN2053000E3163000,1756,
8910,CRS3035RES1000mN2053000E3163000,51849,112.0
8911,CRS3035RES1000mN2053000E3163000,185595,92.0
8912,CRS3035RES1000mN2053000E3163000,7697128,95.0
8913,CRS3035RES1000mN2053000E3163000,10395362,95.0
8914,CRS3035RES1000mN2053000E3163000,1759,82.0
8915,CRS3035RES1000mN2053000E3163000,1752,103.0
8916,CRS3035RES1000mN2053000E3163000,186714,107.0
8917,CRS3035RES1000mN2053000E3163000,1753,117.0
8918,CRS3035RES1000mN2053000E3163000,1792,114.0
8919,CRS3035RES1000mN2053000E3163000,1763,116.0
8920,CRS3035RES1000mN2053000E3163000,1746,118.0
8921,CRS3035RES1000mN2053000E3163000,11572165,
8922,CRS3035RES1000mN2053000E3163000,1761,112.0
8923,CRS3035RES1000mN2053000E3163000,1747,115.0
8924,CRS3035RES1000mN2053000E3163000,5768564,115.0
8925,CRS3035RES1000mN2053000E3163000,1798,105.0
8926,CRS3035RES1000mN2053000E3163000,66904,76.0
8927,CRS3035RES1000mN2053000E3163000,1777,91.0
8928,CRS3035RES1000mN2053000E3163000,1765,102.0
8929,CRS3035RES1000mN2053000E3163000,49416,115.0
8930,CRS3035RES1000mN2053000E3163000,12734939,115.0
8931,CRS3035RES1000mN2053000E3163000,167386167,98.0
8932,CRS3035RES1000mN2053000E3163000,295933804,113.0
8933,CRS3035RES1000mN2053000E3163000,303340017,115.0
8934,CRS3035RES1000mN2053000E3163000,315355551,
8935,CRS3035RES1000mN2053000E3163000,339084977,112.0
8936,CRS3035RES1000mN2053000E3163000,412911553,103.0
8937,CRS3035RES1000mN2053000E3163000,558126037,
8938,CRS3035RES1000mN2053000E3163000,711789768,
8939,CRS3035RES1000mN2053000E3163000,727666062,
8940,CRS3035RES1000mN2053000E3163000,848085869,
8941,CRS3035RES1000mN2053000E3163000,1056098898,103.0
8942,CRS3035RES1000mN2053000E3163000,1255438242,
8943,CRS3035RES1000mN2053000E3163000,1469985039,
8944,CRS3035RES1000mN2053000E3163000,1504302537,
8945,CRS3035RES1000mN2053000E3163000,1511617504,
8946,CRS3035RES1000mN2053000E3163000,1541601287,
8947,CRS3035RES1000mN2053000E3163000,1544591296,82.0
8948,CRS3035RES1000mN2053000E3163000,1598174183,115.0
8949,CRS3035RES1000mN2053000E3163000,1629887846,
8950,CRS3035RES1000mN2053000E3163000,1686660176,
8951,CRS3035RES1000mN2053000E3163000,1716927336,
8952,CRS3035RES1000mN2053000E3163000,1734554324,
8953,CRS3035RES1000mN2053000E3163000,1849109335,
8954,CRS3035RES1000mN2053000E3163000,2028408680,
8955,CRS3035RES1000mN2053000E3163000,2036887702,
8956,CRS3035RES1000mN2053000E3163000,2061404218,86.0
8957,CRS3035RES1000mN2053000E3163000,2134238030,
8958,CRS3035RES1000mN2053000E3163000,2261600754,
8959,CRS3035RES1000mN2053000E3163000,2301402027,
8960,CRS3035RES1000mN2053000E3163000,2303966810,
8961,CRS3035RES1000mN2053000E3163000,2312029862,118.0
8962,CRS3035RES1000mN2053000E3163000,2408860250,
8963,CRS3035RES1000mN2053000E3163000,2620185829,103.0
8964,CRS3035RES1000mN2053000E3163000,2622508931,109.0
8965,CRS3035RES1000mN2053000E3163000,2672130951,
8966,CRS3035RES1000mN2053000E3163000,2710518818,
8967,CRS3035RES1000mN2053000E3163000,3034026261,
8968,CRS3035RES1000mN2053000E3163000,3179889751,
8969,CRS3035RES1000mN2053000E3163000,3206611978,
8970,CRS3035RES1000mN2053000E3163000,3272828439,
8971,CRS3035RES1000mN2053000E3163000,3452364276,119.0
8972,CRS3035RES1000mN2053000E3163000,3452364277,95.0
8973,CRS3035RES1000mN2053000E3163000,3495733197,
8974,CRS3035RES1000mN2053000E3163000,3497154853,
8975,CRS3035RES1000mN2053000E3163000,3517755445,
8976,CRS3035RES1000mN2053000E3163000,3522125657,
8977,CRS3035RES1000mN2053000E3163000,3526751794,
8978,CRS3035RES1000mN2053000E3163000,3839306060,117.0
8979,CRS3035RES1000mN2053000E3163000,4214697664,108.0
8980,CRS3035RES1000mN2053000E3163000,4338252586,
8981,CRS3035RES1000mN2053000E3163000,4401271633,
8982,CRS3035RES1000mN2053000E3163000,4515476768,
8983,CRS3035RES1000mN2053000E3163000,4569910891,100.0
8984,CRS3035RES1000mN2053000E3163000,4703730491,
8985,CRS3035RES1000mN2053000E3163000,4707870392,
8986,CRS3035RES1000mN2053000E3163000,4789037769,
8987,CRS3035RES1000mN2053000E3163000,4794233143,118.0
8988,CRS3035RES1000mN2053000E3163000,4870405674,117.0
8989,CRS3035RES1000mN2053000E3163000,5139379922,
8990,CRS3035RES1000mN2053000E3163000,5160337425,103.0
8991,CRS3035RES1000mN2053000E3163000,5196199575,
8992,CRS3035RES1000mN2053000E3163000,5341570554,108.0
8993,CRS3035RES1000mN2053000E3163000,5345949864,
8994,CRS3035RES1000mN2053000E3163000,5448507385,
8995,CRS3035RES1000mN2053000E3163000,5604693894,
8996,CRS3035RES1000mN2053000E3163000,5670401989,
8997,CRS3035RES1000mN2053000E3163000,5942671299,
8998,CRS3035RES1000mN2053000E3163000,5943980960,
8999,CRS3035RES1000mN2053000E3163000,6185791451,
9000,CRS3035RES1000mN2053000E3163000,6188948286,
9001,CRS3035RES1000mN2053000E3163000,6555800191,
9002,CRS3035RES1000mN2053000E3163000,6885254479,84.0
9003,CRS3035RES1000mN2053000E3163000,7222611268,
9004,CRS3035RES1000mN2053000E3163000,7408961006,
9005,CRS3035RES1000mN2053000E3163000,7619964683,
9006,CRS3035RES1000mN2053000E3163000,7836562695,115.0
9007,CRS3035RES1000mN2053000E3163000,8493729364,104.0
9008,CRS3035RES1000mN2053000E3163000,8557885377,
9009,CRS3035RES1000mN2053000E3163000,8807212208,98.0
9010,CRS3035RES1000mN2053000E3163000,8844229173,88.0
9011,CRS3035RES1000mN2053000E3163000,8878422600,
9012,CRS3035RES1000mN2053000E3163000,9595709188,86.0
9013,CRS3035RES1000mN2053000E3163000,9611387099,110.0
9014,CRS3035RES1000mN2053000E3163000,9712656915,104.0
9015,CRS3035RES1000mN2053000E3163000,9713142744,95.0
9016,CRS3035RES1000mN2053000E3163000,9815746657,
9017,CRS3035RES1000mN2053000E3163000,10004871512,118.0
9018,CRS3035RES1000mN2053000E3163000,10281174134,
9019,CRS3035RES1000mN2053000E3163000,10580337411,
9020,CRS3035RES1000mN2053000E3163000,10899442604,
9021,CRS3035RES1000mN2053000E3163000,10922657146,
9022,CRS3035RES1000mN2053000E3163000,11127499928,101.0
9023,CRS3035RES1000mN2053000E3163000,11143725881,
9024,CRS3035RES1000mN2053000E3163000,11243087140,91.0
9025,CRS3035RES1000mN2053000E3163000,11269399969,113.0
9026,CRS3035RES1000mN2053000E3163000,11287269362,
9027,CRS3035RES1000mN2053000E3163000,11287269363,
9028,CRS3035RES1000mN2053000E3163000,11369705764,
9029,CRS3035RES1000mN2053000E3163000,11387776374,
9030,CRS3035RES1000mN2053000E3163000,11461799040,
9031,CRS3035RES1000mN2053000E3163000,11462802981,110.0
9032,CRS3035RES1000mN2053000E3163000,11652077658,
9033,CRS3035RES1000mN2053000E3163000,11691390164,103.0
9034,CRS3035RES1000mN2053000E3163000,11739757462,
9035,CRS3035RES1000mN2053000E3163000,12178446726,
9036,CRS3035RES1000mN2053000E3163000,12407425114,
9037,CRS3035RES1000mN2053000E3163000,12865480228,118.0
9038,CRS3035RES1000mN2053000E3163000,2960630,
9039,CRS3035RES1000mN2053000E3163000,3554044,
9040,CRS3035RES1000mN2053000E3163000,3557906,
9041,CRS3035RES1000mN2053000E3163000,5231361,110.0
9042,CRS3035RES1000mN2053000E3163000,9314566,
9043,CRS3035RES1000mN2053000E3163000,13696257,
9044,CRS3035RES1000mN2053000E3163000,15996131,111.0
9045,CRS3035RES1000mN2053000E3163000,23526191,114.0
9046,CRS3035RES1000mN2053000E3163000,23545719,103.0
9047,CRS3035RES1000mN2053000E3163000,30599279,
9048,CRS3035RES1000mN2053000E3163000,30649229,109.0
9049,CRS3035RES1000mN2053000E3163000,32198651,
9050,CRS3035RES1000mN2053000E3163000,34945111,
9051,CRS3035RES1000mN2053000E3163000,50170625,
9052,CRS3035RES1000mN2053000E3163000,82887228,
9053,CRS3035RES1000mN2053000E3163000,92484952,
9054,CRS3035RES1000mN2053000E3163000,95794713,
9055,CRS3035RES1000mN2053000E3163000,96418670,
9056,CRS3035RES1000mN2053000E3163000,98502686,113.0
9057,CRS3035RES1000mN2053000E3163000,132613257,119.0
9058,CRS3035RES1000mN2053000E3163000,135036040,
9059,CRS3035RES1000mN2053000E3163000,150772489,107.0
9060,CRS3035RES1000mN2053000E3163000,154118456,
9061,CRS3035RES1000mN2053000E3163000,157375776,98.0
9062,CRS3035RES1000mN2053000E3163000,158211204,
9063,CRS3035RES1000mN2053000E3163000,162072415,
9064,CRS3035RES1000mN2053000E3163000,162117720,
9065,CRS3035RES1000mN2053000E3163000,170487273,
9066,CRS3035RES1000mN2053000E3163000,172686062,
9067,CRS3035RES1000mN2053000E3163000,174318235,
9068,CRS3035RES1000mN2053000E3163000,174318237,
9069,CRS3035RES1000mN2053000E3163000,205060159,
9070,CRS3035RES1000mN2053000E3163000,205757163,
9071,CRS3035RES1000mN2053000E3163000,221095520,
9072,CRS3035RES1000mN2053000E3163000,224503374,101.0
9073,CRS3035RES1000mN2053000E3163000,227333462,118.0
9074,CRS3035RES1000mN2053000E3163000,229117454,
9075,CRS3035RES1000mN2053000E3163000,261460389,
9076,CRS3035RES1000mN2053000E3163000,283450022,98.0
9077,CRS3035RES1000mN2053000E3163000,288994040,107.0
9078,CRS3035RES1000mN2053000E3163000,296744564,
9079,CRS3035RES1000mN2053000E3163000,297526406,99.0
9080,CRS3035RES1000mN2053000E3163000,300709861,
9081,CRS3035RES1000mN2053000E3163000,301444634,
9082,CRS3035RES1000mN2053000E3163000,302721609,
9083,CRS3035RES1000mN2053000E3163000,308195630,
9084,CRS3035RES1000mN2053000E3163000,312777902,112.0
9085,CRS3035RES1000mN2053000E3163000,330154630,
9086,CRS3035RES1000mN2053000E3163000,340205456,104.0
9087,CRS3035RES1000mN2053000E3163000,367883612,
9088,CRS3035RES1000mN2053000E3163000,368211943,
9089,CRS3035RES1000mN2053000E3163000,374180360,
9090,CRS3035RES1000mN2053000E3163000,375369499,
9091,CRS3035RES1000mN2053000E3163000,383494544,81.0
9092,CRS3035RES1000mN2053000E3163000,384574591,
9093,CRS3035RES1000mN2053000E3163000,403538322,
9094,CRS3035RES1000mN2053000E3163000,403859503,105.0
9095,CRS3035RES1000mN2053000E3163000,437050442,
9096,CRS3035RES1000mN2053000E3163000,459881697,119.0
9097,CRS3035RES1000mN2053000E3163000,477278425,
9098,CRS3035RES1000mN2053000E3163000,486879235,
9099,CRS3035RES1000mN2053000E3163000,493748377,
9100,CRS3035RES1000mN2053000E3163000,498234201,
9101,CRS3035RES1000mN2053000E3163000,504315026,119.0
9102,CRS3035RES1000mN2053000E3163000,548701490,
9103,CRS3035RES1000mN2053000E3163000,574210084,
9104,CRS3035RES1000mN2053000E3163000,576094143,
9105,CRS3035RES1000mN2053000E3163000,584409067,
9106,CRS3035RES1000mN2053000E3163000,635512756,99.0
9107,CRS3035RES1000mN2053000E3163000,638492224,
9108,CRS3035RES1000mN2053000E3163000,653913062,101.0
9109,CRS3035RES1000mN2053000E3163000,659866770,
9110,CRS3035RES1000mN2053000E3163000,697717972,
9111,CRS3035RES1000mN2053000E3163000,717194862,
9112,CRS3035RES1000mN2053000E3163000,736899303,
9113,CRS3035RES1000mN2053000E3163000,738042217,
9114,CRS3035RES1000mN2053000E3163000,839611983,
9115,CRS3035RES1000mN2053000E3163000,957893520,101.0
9116,CRS3035RES1000mN2053000E3163000,963308110,
9117,CRS3035RES1000mN2053000E3163000,1073283182,
9118,CRS3035RES1000mN2053000E3163000,1252864015,115.0
9119,CRS3035RES1000mN2053000E3163000,1283203658,
9120,CRS3035RES1000mN2054000E3162000,25526,108.0
9121,CRS3035RES1000mN2054000E3162000,1774,91.0
9122,CRS3035RES1000mN2054000E3162000,1770,89.0
9123,CRS3035RES1000mN2054000E3162000,1773,98.0
9124,CRS3035RES1000mN2054000E3162000,1771,88.0
9125,CRS3035RES1000mN2054000E3162000,123303,110.0
9126,CRS3035RES1000mN2054000E3162000,1764,81.0
9127,CRS3035RES1000mN2054000E3162000,181101,111.0
9128,CRS3035RES1000mN2054000E3162000,5765642,111.0
9129,CRS3035RES1000mN2054000E3162000,86719,117.0
9130,CRS3035RES1000mN2054000E3162000,1800,106.0
9131,CRS3035RES1000mN2054000E3162000,1757,96.0
9132,CRS3035RES1000mN2054000E3162000,1755,102.0
9133,CRS3035RES1000mN2054000E3162000,1882,84.0
9134,CRS3035RES1000mN2054000E3162000,1745,94.0
9135,CRS3035RES1000mN2054000E3162000,1794,94.0
9136,CRS3035RES1000mN2054000E3162000,1762,83.0
9137,CRS3035RES1000mN2054000E3162000,51188,64.0
9138,CRS3035RES1000mN2054000E3162000,6893633,84.0
9139,CRS3035RES1000mN2054000E3162000,167128,94.0
9140,CRS3035RES1000mN2054000E3162000,1760,77.0
9141,CRS3035RES1000mN2054000E3162000,12773298,106.0
9142,CRS3035RES1000mN2054000E3162000,1754,116.0
9143,CRS3035RES1000mN2054000E3162000,1748,108.0
9144,CRS3035RES1000mN2054000E3162000,79941,97.0
9145,CRS3035RES1000mN2054000E3162000,1750,84.0
9146,CRS3035RES1000mN2054000E3162000,5975465,92.0
9147,CRS3035RES1000mN2054000E3162000,115056,100.0
9148,CRS3035RES1000mN2054000E3162000,1790,69.0
9149,CRS3035RES1000mN2054000E3162000,1756,109.0
9150,CRS3035RES1000mN2054000E3162000,51849,95.0
9151,CRS3035RES1000mN2054000E3162000,185595,77.0
9152,CRS3035RES1000mN2054000E3162000,7697128,78.0
9153,CRS3035RES1000mN2054000E3162000,10395362,80.0
9154,CRS3035RES1000mN2054000E3162000,1759,66.0
9155,CRS3035RES1000mN2054000E3162000,1752,87.0
9156,CRS3035RES1000mN2054000E3162000,186714,91.0
9157,CRS3035RES1000mN2054000E3162000,1753,101.0
9158,CRS3035RES1000mN2054000E3162000,1792,104.0
9159,CRS3035RES1000mN2054000E3162000,1763,101.0
9160,CRS3035RES1000mN2054000E3162000,1746,102.0
9161,CRS3035RES1000mN2054000E3162000,11572165,106.0
9162,CRS3035RES1000mN2054000E3162000,1761,96.0
9163,CRS3035RES1000mN2054000E3162000,1747,98.0
9164,CRS3035RES1000mN2054000E3162000,5768564,99.0
9165,CRS3035RES1000mN2054000E3162000,1798,89.0
9166,CRS3035RES1000mN2054000E3162000,66904,60.0
9167,CRS3035RES1000mN2054000E3162000,1777,75.0
9168,CRS3035RES1000mN2054000E3162000,1765,85.0
9169,CRS3035RES1000mN2054000E3162000,49416,106.0
9170,CRS3035RES1000mN2054000E3162000,12734939,106.0
9171,CRS3035RES1000mN2054000E3162000,167386167,81.0
9172,CRS3035RES1000mN2054000E3162000,295933804,97.0
9173,CRS3035RES1000mN2054000E3162000,303340017,102.0
9174,CRS3035RES1000mN2054000E3162000,315355551,115.0
9175,CRS3035RES1000mN2054000E3162000,339084977,94.0
9176,CRS3035RES1000mN2054000E3162000,412911553,87.0
9177,CRS3035RES1000mN2054000E3162000,558126037,115.0
9178,CRS3035RES1000mN2054000E3162000,711789768,
9179,CRS3035RES1000mN2054000E3162000,727666062,
9180,CRS3035RES1000mN2054000E3162000,848085869,
9181,CRS3035RES1000mN2054000E3162000,1056098898,87.0
9182,CRS3035RES1000mN2054000E3162000,1255438242,
9183,CRS3035RES1000mN2054000E3162000,1469985039,113.0
9184,CRS3035RES1000mN2054000E3162000,1504302537,
9185,CRS3035RES1000mN2054000E3162000,1511617504,
9186,CRS3035RES1000mN2054000E3162000,1541601287,107.0
9187,CRS3035RES1000mN2054000E3162000,1544591296,65.0
9188,CRS3035RES1000mN2054000E3162000,1598174183,98.0
9189,CRS3035RES1000mN2054000E3162000,1629887846,102.0
9190,CRS3035RES1000mN2054000E3162000,1686660176,105.0
9191,CRS3035RES1000mN2054000E3162000,1716927336,
9192,CRS3035RES1000mN2054000E3162000,1734554324,117.0
9193,CRS3035RES1000mN2054000E3162000,1849109335,107.0
9194,CRS3035RES1000mN2054000E3162000,2028408680,
9195,CRS3035RES1000mN2054000E3162000,2036887702,
9196,CRS3035RES1000mN2054000E3162000,2061404218,63.0
9197,CRS3035RES1000mN2054000E3162000,2134238030,112.0
9198,CRS3035RES1000mN2054000E3162000,2261600754,
9199,CRS3035RES1000mN2054000E3162000,2301402027,110.0
9200,CRS3035RES1000mN2054000E3162000,2303966810,
9201,CRS3035RES1000mN2054000E3162000,2312029862,101.0
9202,CRS3035RES1000mN2054000E3162000,2408860250,119.0
9203,CRS3035RES1000mN2054000E3162000,2620185829,87.0
9204,CRS3035RES1000mN2054000E3162000,2622508931,93.0
9205,CRS3035RES1000mN2054000E3162000,2672130951,
9206,CRS3035RES1000mN2054000E3162000,2710518818,116.0
9207,CRS3035RES1000mN2054000E3162000,3034026261,
9208,CRS3035RES1000mN2054000E3162000,3179889751,
9209,CRS3035RES1000mN2054000E3162000,3206611978,
9210,CRS3035RES1000mN2054000E3162000,3272828439,
9211,CRS3035RES1000mN2054000E3162000,3452364276,106.0
9212,CRS3035RES1000mN2054000E3162000,3452364277,79.0
9213,CRS3035RES1000mN2054000E3162000,3495733197,
9214,CRS3035RES1000mN2054000E3162000,3497154853,
9215,CRS3035RES1000mN2054000E3162000,3517755445,
9216,CRS3035RES1000mN2054000E3162000,3522125657,
9217,CRS3035RES1000mN2054000E3162000,3526751794,88.0
9218,CRS3035RES1000mN2054000E3162000,3839306060,105.0
9219,CRS3035RES1000mN2054000E3162000,4214697664,92.0
9220,CRS3035RES1000mN2054000E3162000,4338252586,76.0
9221,CRS3035RES1000mN2054000E3162000,4401271633,
9222,CRS3035RES1000mN2054000E3162000,4515476768,
9223,CRS3035RES1000mN2054000E3162000,4569910891,83.0
9224,CRS3035RES1000mN2054000E3162000,4703730491,115.0
9225,CRS3035RES1000mN2054000E3162000,4707870392,108.0
9226,CRS3035RES1000mN2054000E3162000,4789037769,
9227,CRS3035RES1000mN2054000E3162000,4794233143,94.0
9228,CRS3035RES1000mN2054000E3162000,4870405674,101.0
9229,CRS3035RES1000mN2054000E3162000,5139379922,
9230,CRS3035RES1000mN2054000E3162000,5160337425,86.0
9231,CRS3035RES1000mN2054000E3162000,5196199575,
9232,CRS3035RES1000mN2054000E3162000,5341570554,92.0
9233,CRS3035RES1000mN2054000E3162000,5345949864,115.0
9234,CRS3035RES1000mN2054000E3162000,5448507385,
9235,CRS3035RES1000mN2054000E3162000,5604693894,73.0
9236,CRS3035RES1000mN2054000E3162000,5670401989,
9237,CRS3035RES1000mN2054000E3162000,5942671299,118.0
9238,CRS3035RES1000mN2054000E3162000,5943980960,
9239,CRS3035RES1000mN2054000E3162000,6185791451,
9240,CRS3035RES1000mN2054000E3162000,6188948286,118.0
9241,CRS3035RES1000mN2054000E3162000,6555800191,
9242,CRS3035RES1000mN2054000E3162000,6885254479,70.0
9243,CRS3035RES1000mN2054000E3162000,7222611268,
9244,CRS3035RES1000mN2054000E3162000,7408961006,
9245,CRS3035RES1000mN2054000E3162000,7619964683,113.0
9246,CRS3035RES1000mN2054000E3162000,7836562695,90.0
9247,CRS3035RES1000mN2054000E3162000,8493729364,89.0
9248,CRS3035RES1000mN2054000E3162000,8557885377,
9249,CRS3035RES1000mN2054000E3162000,8807212208,81.0
9250,CRS3035RES1000mN2054000E3162000,8844229173,73.0
9251,CRS3035RES1000mN2054000E3162000,8878422600,102.0
9252,CRS3035RES1000mN2054000E3162000,9595709188,69.0
9253,CRS3035RES1000mN2054000E3162000,9611387099,95.0
9254,CRS3035RES1000mN2054000E3162000,9712656915,88.0
9255,CRS3035RES1000mN2054000E3162000,9713142744,79.0
9256,CRS3035RES1000mN2054000E3162000,9815746657,
9257,CRS3035RES1000mN2054000E3162000,10004871512,101.0
9258,CRS3035RES1000mN2054000E3162000,10281174134,
9259,CRS3035RES1000mN2054000E3162000,10580337411,109.0
9260,CRS3035RES1000mN2054000E3162000,10899442604,
9261,CRS3035RES1000mN2054000E3162000,10922657146,
9262,CRS3035RES1000mN2054000E3162000,11127499928,89.0
9263,CRS3035RES1000mN2054000E3162000,11143725881,113.0
9264,CRS3035RES1000mN2054000E3162000,11243087140,73.0
9265,CRS3035RES1000mN2054000E3162000,11269399969,97.0
9266,CRS3035RES1000mN2054000E3162000,11287269362,105.0
9267,CRS3035RES1000mN2054000E3162000,11287269363,
9268,CRS3035RES1000mN2054000E3162000,11369705764,115.0
9269,CRS3035RES1000mN2054000E3162000,11387776374,117.0
9270,CRS3035RES1000mN2054000E3162000,11461799040,
9271,CRS3035RES1000mN2054000E3162000,11462802981,100.0
9272,CRS3035RES1000mN2054000E3162000,11652077658,112.0
9273,CRS3035RES1000mN2054000E3162000,11691390164,87.0
9274,CRS3035RES1000mN2054000E3162000,11739757462,115.0
9275,CRS3035RES1000mN2054000E3162000,12178446726,110.0
9276,CRS3035RES1000mN2054000E3162000,12407425114,
9277,CRS3035RES1000mN2054000E3162000,12865480228,106.0
9278,CRS3035RES1000mN2054000E3162000,2960630,
9279,CRS3035RES1000mN2054000E3162000,3554044,
9280,CRS3035RES1000mN2054000E3162000,3557906,
9281,CRS3035RES1000mN2054000E3162000,5231361,94.0
9282,CRS3035RES1000mN2054000E3162000,9314566,
9283,CRS3035RES1000mN2054000E3162000,13696257,119.0
9284,CRS3035RES1000mN2054000E3162000,15996131,95.0
9285,CRS3035RES1000mN2054000E3162000,23526191,98.0
9286,CRS3035RES1000mN2054000E3162000,23545719,88.0
9287,CRS3035RES1000mN2054000E3162000,30599279,118.0
9288,CRS3035RES1000mN2054000E3162000,30649229,92.0
9289,CRS3035RES1000mN2054000E3162000,32198651,
9290,CRS3035RES1000mN2054000E3162000,34945111,
9291,CRS3035RES1000mN2054000E3162000,50170625,
9292,CRS3035RES1000mN2054000E3162000,82887228,94.0
9293,CRS3035RES1000mN2054000E3162000,92484952,
9294,CRS3035RES1000mN2054000E3162000,95794713,104.0
9295,CRS3035RES1000mN2054000E3162000,96418670,
9296,CRS3035RES1000mN2054000E3162000,98502686,100.0
9297,CRS3035RES1000mN2054000E3162000,132613257,103.0
9298,CRS3035RES1000mN2054000E3162000,135036040,102.0
9299,CRS3035RES1000mN2054000E3162000,150772489,92.0
9300,CRS3035RES1000mN2054000E3162000,154118456,104.0
9301,CRS3035RES1000mN2054000E3162000,157375776,87.0
9302,CRS3035RES1000mN2054000E3162000,158211204,119.0
9303,CRS3035RES1000mN2054000E3162000,162072415,
9304,CRS3035RES1000mN2054000E3162000,162117720,110.0
9305,CRS3035RES1000mN2054000E3162000,170487273,
9306,CRS3035RES1000mN2054000E3162000,172686062,
9307,CRS3035RES1000mN2054000E3162000,174318235,
9308,CRS3035RES1000mN2054000E3162000,174318237,
9309,CRS3035RES1000mN2054000E3162000,205060159,
9310,CRS3035RES1000mN2054000E3162000,205757163,
9311,CRS3035RES1000mN2054000E3162000,221095520,109.0
9312,CRS3035RES1000mN2054000E3162000,224503374,85.0
9313,CRS3035RES1000mN2054000E3162000,227333462,113.0
9314,CRS3035RES1000mN2054000E3162000,229117454,112.0
9315,CRS3035RES1000mN2054000E3162000,261460389,
9316,CRS3035RES1000mN2054000E3162000,283450022,81.0
9317,CRS3035RES1000mN2054000E3162000,288994040,90.0
9318,CRS3035RES1000mN2054000E3162000,296744564,
9319,CRS3035RES1000mN2054000E3162000,297526406,78.0
9320,CRS3035RES1000mN2054000E3162000,300709861,
9321,CRS3035RES1000mN2054000E3162000,301444634,
9322,CRS3035RES1000mN2054000E3162000,302721609,
9323,CRS3035RES1000mN2054000E3162000,308195630,
9324,CRS3035RES1000mN2054000E3162000,312777902,97.0
9325,CRS3035RES1000mN2054000E3162000,330154630,
9326,CRS3035RES1000mN2054000E3162000,340205456,88.0
9327,CRS3035RES1000mN2054000E3162000,367883612,99.0
9328,CRS3035RES1000mN2054000E3162000,368211943,105.0
9329,CRS3035RES1000mN2054000E3162000,374180360,105.0
9330,CRS3035RES1000mN2054000E3162000,375369499,98.0
9331,CRS3035RES1000mN2054000E3162000,383494544,65.0
9332,CRS3035RES1000mN2054000E3162000,384574591,119.0
9333,CRS3035RES1000mN2054000E3162000,403538322,113.0
9334,CRS3035RES1000mN2054000E3162000,403859503,90.0
9335,CRS3035RES1000mN2054000E3162000,437050442,
9336,CRS3035RES1000mN2054000E3162000,459881697,111.0
9337,CRS3035RES1000mN2054000E3162000,477278425,
9338,CRS3035RES1000mN2054000E3162000,486879235,111.0
9339,CRS3035RES1000mN2054000E3162000,493748377,117.0
9340,CRS3035RES1000mN2054000E3162000,498234201,
9341,CRS3035RES1000mN2054000E3162000,504315026,107.0
9342,CRS3035RES1000mN2054000E3162000,548701490,
9343,CRS3035RES1000mN2054000E3162000,574210084,118.0
9344,CRS3035RES1000mN2054000E3162000,576094143,
9345,CRS3035RES1000mN2054000E3162000,584409067,
9346,CRS3035RES1000mN2054000E3162000,635512756,78.0
9347,CRS3035RES1000mN2054000E3162000,638492224,
9348,CRS3035RES1000mN2054000E3162000,653913062,87.0
9349,CRS3035RES1000mN2054000E3162000,659866770,77.0
9350,CRS3035RES1000mN2054000E3162000,697717972,
9351,CRS3035RES1000mN2054000E3162000,717194862,102.0
9352,CRS3035RES1000mN2054000E3162000,736899303,
9353,CRS3035RES1000mN2054000E3162000,738042217,
9354,CRS3035RES1000mN2054000E3162000,839611983,114.0
9355,CRS3035RES1000mN2054000E3162000,957893520,84.0
9356,CRS3035RES1000mN2054000E3162000,963308110,108.0
9357,CRS3035RES1000mN2054000E3162000,1073283182,
9358,CRS3035RES1000mN2054000E3162000,1252864015,98.0
9359,CRS3035RES1000mN2054000E3162000,1283203658,
