,from_id,to_id,travel_time
0,CRS3035RES1000mN2012000E3164000,25526,
1,CRS3035RES1000mN2012000E3164000,1774,
2,CRS3035RES1000mN2012000E3164000,1770,
3,CRS3035RES1000mN2012000E3164000,1773,
4,CRS3035RES1000mN2012000E3164000,1771,
5,CRS3035RES1000mN2012000E3164000,123303,
6,CRS3035RES1000mN2012000E3164000,1764,
7,CRS3035RES1000mN2012000E3164000,181101,
8,CRS3035RES1000mN2012000E3164000,5765642,
9,CRS3035RES1000mN2012000E3164000,86719,
10,CRS3035RES1000mN2012000E3164000,1800,
11,CRS3035RES1000mN2012000E3164000,1757,
12,CRS3035RES1000mN2012000E3164000,1755,
13,CRS3035RES1000mN2012000E3164000,1882,
14,CRS3035RES1000mN2012000E3164000,1745,
15,CRS3035RES1000mN2012000E3164000,1794,
16,CRS3035RES1000mN2012000E3164000,1762,
17,CRS3035RES1000mN2012000E3164000,51188,
18,CRS3035RES1000mN2012000E3164000,6893633,
19,CRS3035RES1000mN2012000E3164000,167128,
20,CRS3035RES1000mN2012000E3164000,1760,
21,CRS3035RES1000mN2012000E3164000,12773298,
22,CRS3035RES1000mN2012000E3164000,1754,
23,CRS3035RES1000mN2012000E3164000,1748,
24,CRS3035RES1000mN2012000E3164000,79941,
25,CRS3035RES1000mN2012000E3164000,1750,
26,CRS3035RES1000mN2012000E3164000,5975465,
27,CRS3035RES1000mN2012000E3164000,115056,
28,CRS3035RES1000mN2012000E3164000,1790,
29,CRS3035RES1000mN2012000E3164000,1756,
30,CRS3035RES1000mN2012000E3164000,51849,
31,CRS3035RES1000mN2012000E3164000,185595,
32,CRS3035RES1000mN2012000E3164000,7697128,
33,CRS3035RES1000mN2012000E3164000,10395362,
34,CRS3035RES1000mN2012000E3164000,1759,
35,CRS3035RES1000mN2012000E3164000,1752,
36,CRS3035RES1000mN2012000E3164000,186714,
37,CRS3035RES1000mN2012000E3164000,1753,
38,CRS3035RES1000mN2012000E3164000,1792,
39,CRS3035RES1000mN2012000E3164000,1763,
40,CRS3035RES1000mN2012000E3164000,1746,
41,CRS3035RES1000mN2012000E3164000,11572165,
42,CRS3035RES1000mN2012000E3164000,1761,
43,CRS3035RES1000mN2012000E3164000,1747,
44,CRS3035RES1000mN2012000E3164000,5768564,
45,CRS3035RES1000mN2012000E3164000,1798,
46,CRS3035RES1000mN2012000E3164000,66904,
47,CRS3035RES1000mN2012000E3164000,1777,
48,CRS3035RES1000mN2012000E3164000,1765,
49,CRS3035RES1000mN2012000E3164000,49416,
50,CRS3035RES1000mN2012000E3164000,12734939,
51,CRS3035RES1000mN2012000E3164000,167386167,
52,CRS3035RES1000mN2012000E3164000,295933804,
53,CRS3035RES1000mN2012000E3164000,303340017,
54,CRS3035RES1000mN2012000E3164000,315355551,
55,CRS3035RES1000mN2012000E3164000,339084977,
56,CRS3035RES1000mN2012000E3164000,412911553,
57,CRS3035RES1000mN2012000E3164000,558126037,
58,CRS3035RES1000mN2012000E3164000,711789768,
59,CRS3035RES1000mN2012000E3164000,727666062,
60,CRS3035RES1000mN2012000E3164000,848085869,
61,CRS3035RES1000mN2012000E3164000,1056098898,
62,CRS3035RES1000mN2012000E3164000,1255438242,
63,CRS3035RES1000mN2012000E3164000,1469985039,
64,CRS3035RES1000mN2012000E3164000,1504302537,
65,CRS3035RES1000mN2012000E3164000,1511617504,
66,CRS3035RES1000mN2012000E3164000,1541601287,
67,CRS3035RES1000mN2012000E3164000,1544591296,
68,CRS3035RES1000mN2012000E3164000,1598174183,
69,CRS3035RES1000mN2012000E3164000,1629887846,
70,CRS3035RES1000mN2012000E3164000,1686660176,
71,CRS3035RES1000mN2012000E3164000,1716927336,
72,CRS3035RES1000mN2012000E3164000,1734554324,
73,CRS3035RES1000mN2012000E3164000,1849109335,
74,CRS3035RES1000mN2012000E3164000,2028408680,
75,CRS3035RES1000mN2012000E3164000,2036887702,
76,CRS3035RES1000mN2012000E3164000,2061404218,
77,CRS3035RES1000mN2012000E3164000,2134238030,
78,CRS3035RES1000mN2012000E3164000,2261600754,
79,CRS3035RES1000mN2012000E3164000,2301402027,
80,CRS3035RES1000mN2012000E3164000,2303966810,
81,CRS3035RES1000mN2012000E3164000,2312029862,
82,CRS3035RES1000mN2012000E3164000,2408860250,
83,CRS3035RES1000mN2012000E3164000,2620185829,
84,CRS3035RES1000mN2012000E3164000,2622508931,
85,CRS3035RES1000mN2012000E3164000,2672130951,
86,CRS3035RES1000mN2012000E3164000,2710518818,
87,CRS3035RES1000mN2012000E3164000,3034026261,
88,CRS3035RES1000mN2012000E3164000,3179889751,
89,CRS3035RES1000mN2012000E3164000,3206611978,
90,CRS3035RES1000mN2012000E3164000,3272828439,
91,CRS3035RES1000mN2012000E3164000,3452364276,
92,CRS3035RES1000mN2012000E3164000,3452364277,
93,CRS3035RES1000mN2012000E3164000,3495733197,
94,CRS3035RES1000mN2012000E3164000,3497154853,
95,CRS3035RES1000mN2012000E3164000,3517755445,
96,CRS3035RES1000mN2012000E3164000,3522125657,
97,CRS3035RES1000mN2012000E3164000,3526751794,
98,CRS3035RES1000mN2012000E3164000,3839306060,
99,CRS3035RES1000mN2012000E3164000,4214697664,
100,CRS3035RES1000mN2012000E3164000,4338252586,
101,CRS3035RES1000mN2012000E3164000,4401271633,
102,CRS3035RES1000mN2012000E3164000,4515476768,
103,CRS3035RES1000mN2012000E3164000,4569910891,
104,CRS3035RES1000mN2012000E3164000,4703730491,
105,CRS3035RES1000mN2012000E3164000,4707870392,
106,CRS3035RES1000mN2012000E3164000,4789037769,
107,CRS3035RES1000mN2012000E3164000,4794233143,
108,CRS3035RES1000mN2012000E3164000,4870405674,
109,CRS3035RES1000mN2012000E3164000,5139379922,
110,CRS3035RES1000mN2012000E3164000,5160337425,
111,CRS3035RES1000mN2012000E3164000,5196199575,
112,CRS3035RES1000mN2012000E3164000,5341570554,
113,CRS3035RES1000mN2012000E3164000,5345949864,
114,CRS3035RES1000mN2012000E3164000,5448507385,
115,CRS3035RES1000mN2012000E3164000,5604693894,
116,CRS3035RES1000mN2012000E3164000,5670401989,
117,CRS3035RES1000mN2012000E3164000,5942671299,
118,CRS3035RES1000mN2012000E3164000,5943980960,
119,CRS3035RES1000mN2012000E3164000,6185791451,
120,CRS3035RES1000mN2012000E3164000,6188948286,
121,CRS3035RES1000mN2012000E3164000,6555800191,
122,CRS3035RES1000mN2012000E3164000,6885254479,
123,CRS3035RES1000mN2012000E3164000,7222611268,
124,CRS3035RES1000mN2012000E3164000,7408961006,
125,CRS3035RES1000mN2012000E3164000,7619964683,
126,CRS3035RES1000mN2012000E3164000,7836562695,
127,CRS3035RES1000mN2012000E3164000,8493729364,
128,CRS3035RES1000mN2012000E3164000,8557885377,
129,CRS3035RES1000mN2012000E3164000,8807212208,
130,CRS3035RES1000mN2012000E3164000,8844229173,
131,CRS3035RES1000mN2012000E3164000,8878422600,
132,CRS3035RES1000mN2012000E3164000,9595709188,
133,CRS3035RES1000mN2012000E3164000,9611387099,
134,CRS3035RES1000mN2012000E3164000,9712656915,
135,CRS3035RES1000mN2012000E3164000,9713142744,
136,CRS3035RES1000mN2012000E3164000,9815746657,
137,CRS3035RES1000mN2012000E3164000,10004871512,
138,CRS3035RES1000mN2012000E3164000,10281174134,
139,CRS3035RES1000mN2012000E3164000,10580337411,
140,CRS3035RES1000mN2012000E3164000,10899442604,
141,CRS3035RES1000mN2012000E3164000,10922657146,
142,CRS3035RES1000mN2012000E3164000,11127499928,
143,CRS3035RES1000mN2012000E3164000,11143725881,
144,CRS3035RES1000mN2012000E3164000,11243087140,
145,CRS3035RES1000mN2012000E3164000,11269399969,
146,CRS3035RES1000mN2012000E3164000,11287269362,
147,CRS3035RES1000mN2012000E3164000,11287269363,
148,CRS3035RES1000mN2012000E3164000,11369705764,
149,CRS3035RES1000mN2012000E3164000,11387776374,
150,CRS3035RES1000mN2012000E3164000,11461799040,
151,CRS3035RES1000mN2012000E3164000,11462802981,
152,CRS3035RES1000mN2012000E3164000,11652077658,
153,CRS3035RES1000mN2012000E3164000,11691390164,
154,CRS3035RES1000mN2012000E3164000,11739757462,
155,CRS3035RES1000mN2012000E3164000,12178446726,
156,CRS3035RES1000mN2012000E3164000,12407425114,
157,CRS3035RES1000mN2012000E3164000,12865480228,
158,CRS3035RES1000mN2012000E3164000,2960630,
159,CRS3035RES1000mN2012000E3164000,3554044,
160,CRS3035RES1000mN2012000E3164000,3557906,
161,CRS3035RES1000mN2012000E3164000,5231361,
162,CRS3035RES1000mN2012000E3164000,9314566,
163,CRS3035RES1000mN2012000E3164000,13696257,
164,CRS3035RES1000mN2012000E3164000,15996131,
165,CRS3035RES1000mN2012000E3164000,23526191,
166,CRS3035RES1000mN2012000E3164000,23545719,
167,CRS3035RES1000mN2012000E3164000,30599279,
168,CRS3035RES1000mN2012000E3164000,30649229,
169,CRS3035RES1000mN2012000E3164000,32198651,
170,CRS3035RES1000mN2012000E3164000,34945111,
171,CRS3035RES1000mN2012000E3164000,50170625,
172,CRS3035RES1000mN2012000E3164000,82887228,
173,CRS3035RES1000mN2012000E3164000,92484952,
174,CRS3035RES1000mN2012000E3164000,95794713,
175,CRS3035RES1000mN2012000E3164000,96418670,
176,CRS3035RES1000mN2012000E3164000,98502686,
177,CRS3035RES1000mN2012000E3164000,132613257,
178,CRS3035RES1000mN2012000E3164000,135036040,
179,CRS3035RES1000mN2012000E3164000,150772489,
180,CRS3035RES1000mN2012000E3164000,154118456,
181,CRS3035RES1000mN2012000E3164000,157375776,
182,CRS3035RES1000mN2012000E3164000,158211204,
183,CRS3035RES1000mN2012000E3164000,162072415,
184,CRS3035RES1000mN2012000E3164000,162117720,
185,CRS3035RES1000mN2012000E3164000,170487273,
186,CRS3035RES1000mN2012000E3164000,172686062,
187,CRS3035RES1000mN2012000E3164000,174318235,
188,CRS3035RES1000mN2012000E3164000,174318237,
189,CRS3035RES1000mN2012000E3164000,205060159,
190,CRS3035RES1000mN2012000E3164000,205757163,
191,CRS3035RES1000mN2012000E3164000,221095520,
192,CRS3035RES1000mN2012000E3164000,224503374,
193,CRS3035RES1000mN2012000E3164000,227333462,
194,CRS3035RES1000mN2012000E3164000,229117454,
195,CRS3035RES1000mN2012000E3164000,261460389,
196,CRS3035RES1000mN2012000E3164000,283450022,
197,CRS3035RES1000mN2012000E3164000,288994040,
198,CRS3035RES1000mN2012000E3164000,296744564,
199,CRS3035RES1000mN2012000E3164000,297526406,
200,CRS3035RES1000mN2012000E3164000,300709861,
201,CRS3035RES1000mN2012000E3164000,301444634,
202,CRS3035RES1000mN2012000E3164000,302721609,
203,CRS3035RES1000mN2012000E3164000,308195630,
204,CRS3035RES1000mN2012000E3164000,312777902,
205,CRS3035RES1000mN2012000E3164000,330154630,
206,CRS3035RES1000mN2012000E3164000,340205456,
207,CRS3035RES1000mN2012000E3164000,367883612,
208,CRS3035RES1000mN2012000E3164000,368211943,
209,CRS3035RES1000mN2012000E3164000,374180360,
210,CRS3035RES1000mN2012000E3164000,375369499,
211,CRS3035RES1000mN2012000E3164000,383494544,
212,CRS3035RES1000mN2012000E3164000,384574591,
213,CRS3035RES1000mN2012000E3164000,403538322,
214,CRS3035RES1000mN2012000E3164000,403859503,
215,CRS3035RES1000mN2012000E3164000,437050442,
216,CRS3035RES1000mN2012000E3164000,459881697,
217,CRS3035RES1000mN2012000E3164000,477278425,
218,CRS3035RES1000mN2012000E3164000,486879235,
219,CRS3035RES1000mN2012000E3164000,493748377,
220,CRS3035RES1000mN2012000E3164000,498234201,
221,CRS3035RES1000mN2012000E3164000,504315026,
222,CRS3035RES1000mN2012000E3164000,548701490,
223,CRS3035RES1000mN2012000E3164000,574210084,
224,CRS3035RES1000mN2012000E3164000,576094143,
225,CRS3035RES1000mN2012000E3164000,584409067,
226,CRS3035RES1000mN2012000E3164000,635512756,
227,CRS3035RES1000mN2012000E3164000,638492224,
228,CRS3035RES1000mN2012000E3164000,653913062,
229,CRS3035RES1000mN2012000E3164000,659866770,
230,CRS3035RES1000mN2012000E3164000,697717972,
231,CRS3035RES1000mN2012000E3164000,717194862,
232,CRS3035RES1000mN2012000E3164000,736899303,
233,CRS3035RES1000mN2012000E3164000,738042217,
234,CRS3035RES1000mN2012000E3164000,839611983,
235,CRS3035RES1000mN2012000E3164000,957893520,
236,CRS3035RES1000mN2012000E3164000,963308110,
237,CRS3035RES1000mN2012000E3164000,1073283182,
238,CRS3035RES1000mN2012000E3164000,1252864015,
239,CRS3035RES1000mN2012000E3164000,1283203658,
240,CRS3035RES1000mN2012000E3165000,25526,
241,CRS3035RES1000mN2012000E3165000,1774,
242,CRS3035RES1000mN2012000E3165000,1770,
243,CRS3035RES1000mN2012000E3165000,1773,
244,CRS3035RES1000mN2012000E3165000,1771,
245,CRS3035RES1000mN2012000E3165000,123303,
246,CRS3035RES1000mN2012000E3165000,1764,
247,CRS3035RES1000mN2012000E3165000,181101,
248,CRS3035RES1000mN2012000E3165000,5765642,
249,CRS3035RES1000mN2012000E3165000,86719,
250,CRS3035RES1000mN2012000E3165000,1800,
251,CRS3035RES1000mN2012000E3165000,1757,
252,CRS3035RES1000mN2012000E3165000,1755,
253,CRS3035RES1000mN2012000E3165000,1882,
254,CRS3035RES1000mN2012000E3165000,1745,
255,CRS3035RES1000mN2012000E3165000,1794,
256,CRS3035RES1000mN2012000E3165000,1762,
257,CRS3035RES1000mN2012000E3165000,51188,
258,CRS3035RES1000mN2012000E3165000,6893633,
259,CRS3035RES1000mN2012000E3165000,167128,
260,CRS3035RES1000mN2012000E3165000,1760,
261,CRS3035RES1000mN2012000E3165000,12773298,
262,CRS3035RES1000mN2012000E3165000,1754,
263,CRS3035RES1000mN2012000E3165000,1748,
264,CRS3035RES1000mN2012000E3165000,79941,
265,CRS3035RES1000mN2012000E3165000,1750,
266,CRS3035RES1000mN2012000E3165000,5975465,
267,CRS3035RES1000mN2012000E3165000,115056,
268,CRS3035RES1000mN2012000E3165000,1790,
269,CRS3035RES1000mN2012000E3165000,1756,
270,CRS3035RES1000mN2012000E3165000,51849,
271,CRS3035RES1000mN2012000E3165000,185595,
272,CRS3035RES1000mN2012000E3165000,7697128,
273,CRS3035RES1000mN2012000E3165000,10395362,
274,CRS3035RES1000mN2012000E3165000,1759,
275,CRS3035RES1000mN2012000E3165000,1752,
276,CRS3035RES1000mN2012000E3165000,186714,
277,CRS3035RES1000mN2012000E3165000,1753,
278,CRS3035RES1000mN2012000E3165000,1792,
279,CRS3035RES1000mN2012000E3165000,1763,
280,CRS3035RES1000mN2012000E3165000,1746,
281,CRS3035RES1000mN2012000E3165000,11572165,
282,CRS3035RES1000mN2012000E3165000,1761,
283,CRS3035RES1000mN2012000E3165000,1747,
284,CRS3035RES1000mN2012000E3165000,5768564,
285,CRS3035RES1000mN2012000E3165000,1798,
286,CRS3035RES1000mN2012000E3165000,66904,
287,CRS3035RES1000mN2012000E3165000,1777,
288,CRS3035RES1000mN2012000E3165000,1765,
289,CRS3035RES1000mN2012000E3165000,49416,
290,CRS3035RES1000mN2012000E3165000,12734939,
291,CRS3035RES1000mN2012000E3165000,167386167,
292,CRS3035RES1000mN2012000E3165000,295933804,
293,CRS3035RES1000mN2012000E3165000,303340017,
294,CRS3035RES1000mN2012000E3165000,315355551,
295,CRS3035RES1000mN2012000E3165000,339084977,
296,CRS3035RES1000mN2012000E3165000,412911553,
297,CRS3035RES1000mN2012000E3165000,558126037,
298,CRS3035RES1000mN2012000E3165000,711789768,
299,CRS3035RES1000mN2012000E3165000,727666062,
300,CRS3035RES1000mN2012000E3165000,848085869,
301,CRS3035RES1000mN2012000E3165000,1056098898,
302,CRS3035RES1000mN2012000E3165000,1255438242,
303,CRS3035RES1000mN2012000E3165000,1469985039,
304,CRS3035RES1000mN2012000E3165000,1504302537,
305,CRS3035RES1000mN2012000E3165000,1511617504,
306,CRS3035RES1000mN2012000E3165000,1541601287,
307,CRS3035RES1000mN2012000E3165000,1544591296,
308,CRS3035RES1000mN2012000E3165000,1598174183,
309,CRS3035RES1000mN2012000E3165000,1629887846,
310,CRS3035RES1000mN2012000E3165000,1686660176,
311,CRS3035RES1000mN2012000E3165000,1716927336,
312,CRS3035RES1000mN2012000E3165000,1734554324,
313,CRS3035RES1000mN2012000E3165000,1849109335,
314,CRS3035RES1000mN2012000E3165000,2028408680,
315,CRS3035RES1000mN2012000E3165000,2036887702,
316,CRS3035RES1000mN2012000E3165000,2061404218,
317,CRS3035RES1000mN2012000E3165000,2134238030,
318,CRS3035RES1000mN2012000E3165000,2261600754,
319,CRS3035RES1000mN2012000E3165000,2301402027,
320,CRS3035RES1000mN2012000E3165000,2303966810,
321,CRS3035RES1000mN2012000E3165000,2312029862,
322,CRS3035RES1000mN2012000E3165000,2408860250,
323,CRS3035RES1000mN2012000E3165000,2620185829,
324,CRS3035RES1000mN2012000E3165000,2622508931,
325,CRS3035RES1000mN2012000E3165000,2672130951,
326,CRS3035RES1000mN2012000E3165000,2710518818,
327,CRS3035RES1000mN2012000E3165000,3034026261,
328,CRS3035RES1000mN2012000E3165000,3179889751,
329,CRS3035RES1000mN2012000E3165000,3206611978,
330,CRS3035RES1000mN2012000E3165000,3272828439,
331,CRS3035RES1000mN2012000E3165000,3452364276,
332,CRS3035RES1000mN2012000E3165000,3452364277,
333,CRS3035RES1000mN2012000E3165000,3495733197,
334,CRS3035RES1000mN2012000E3165000,3497154853,
335,CRS3035RES1000mN2012000E3165000,3517755445,
336,CRS3035RES1000mN2012000E3165000,3522125657,
337,CRS3035RES1000mN2012000E3165000,3526751794,
338,CRS3035RES1000mN2012000E3165000,3839306060,
339,CRS3035RES1000mN2012000E3165000,4214697664,
340,CRS3035RES1000mN2012000E3165000,4338252586,
341,CRS3035RES1000mN2012000E3165000,4401271633,
342,CRS3035RES1000mN2012000E3165000,4515476768,
343,CRS3035RES1000mN2012000E3165000,4569910891,
344,CRS3035RES1000mN2012000E3165000,4703730491,
345,CRS3035RES1000mN2012000E3165000,4707870392,
346,CRS3035RES1000mN2012000E3165000,4789037769,
347,CRS3035RES1000mN2012000E3165000,4794233143,
348,CRS3035RES1000mN2012000E3165000,4870405674,
349,CRS3035RES1000mN2012000E3165000,5139379922,
350,CRS3035RES1000mN2012000E3165000,5160337425,
351,CRS3035RES1000mN2012000E3165000,5196199575,
352,CRS3035RES1000mN2012000E3165000,5341570554,
353,CRS3035RES1000mN2012000E3165000,5345949864,
354,CRS3035RES1000mN2012000E3165000,5448507385,
355,CRS3035RES1000mN2012000E3165000,5604693894,
356,CRS3035RES1000mN2012000E3165000,5670401989,
357,CRS3035RES1000mN2012000E3165000,5942671299,
358,CRS3035RES1000mN2012000E3165000,5943980960,
359,CRS3035RES1000mN2012000E3165000,6185791451,
360,CRS3035RES1000mN2012000E3165000,6188948286,
361,CRS3035RES1000mN2012000E3165000,6555800191,
362,CRS3035RES1000mN2012000E3165000,6885254479,
363,CRS3035RES1000mN2012000E3165000,7222611268,
364,CRS3035RES1000mN2012000E3165000,7408961006,
365,CRS3035RES1000mN2012000E3165000,7619964683,
366,CRS3035RES1000mN2012000E3165000,7836562695,
367,CRS3035RES1000mN2012000E3165000,8493729364,
368,CRS3035RES1000mN2012000E3165000,8557885377,
369,CRS3035RES1000mN2012000E3165000,8807212208,
370,CRS3035RES1000mN2012000E3165000,8844229173,
371,CRS3035RES1000mN2012000E3165000,8878422600,
372,CRS3035RES1000mN2012000E3165000,9595709188,
373,CRS3035RES1000mN2012000E3165000,9611387099,
374,CRS3035RES1000mN2012000E3165000,9712656915,
375,CRS3035RES1000mN2012000E3165000,9713142744,
376,CRS3035RES1000mN2012000E3165000,9815746657,
377,CRS3035RES1000mN2012000E3165000,10004871512,
378,CRS3035RES1000mN2012000E3165000,10281174134,
379,CRS3035RES1000mN2012000E3165000,10580337411,
380,CRS3035RES1000mN2012000E3165000,10899442604,
381,CRS3035RES1000mN2012000E3165000,10922657146,
382,CRS3035RES1000mN2012000E3165000,11127499928,
383,CRS3035RES1000mN2012000E3165000,11143725881,
384,CRS3035RES1000mN2012000E3165000,11243087140,
385,CRS3035RES1000mN2012000E3165000,11269399969,
386,CRS3035RES1000mN2012000E3165000,11287269362,
387,CRS3035RES1000mN2012000E3165000,11287269363,
388,CRS3035RES1000mN2012000E3165000,11369705764,
389,CRS3035RES1000mN2012000E3165000,11387776374,
390,CRS3035RES1000mN2012000E3165000,11461799040,
391,CRS3035RES1000mN2012000E3165000,11462802981,
392,CRS3035RES1000mN2012000E3165000,11652077658,
393,CRS3035RES1000mN2012000E3165000,11691390164,
394,CRS3035RES1000mN2012000E3165000,11739757462,
395,CRS3035RES1000mN2012000E3165000,12178446726,
396,CRS3035RES1000mN2012000E3165000,12407425114,
397,CRS3035RES1000mN2012000E3165000,12865480228,
398,CRS3035RES1000mN2012000E3165000,2960630,
399,CRS3035RES1000mN2012000E3165000,3554044,
400,CRS3035RES1000mN2012000E3165000,3557906,
401,CRS3035RES1000mN2012000E3165000,5231361,
402,CRS3035RES1000mN2012000E3165000,9314566,
403,CRS3035RES1000mN2012000E3165000,13696257,
404,CRS3035RES1000mN2012000E3165000,15996131,
405,CRS3035RES1000mN2012000E3165000,23526191,
406,CRS3035RES1000mN2012000E3165000,23545719,
407,CRS3035RES1000mN2012000E3165000,30599279,
408,CRS3035RES1000mN2012000E3165000,30649229,
409,CRS3035RES1000mN2012000E3165000,32198651,
410,CRS3035RES1000mN2012000E3165000,34945111,
411,CRS3035RES1000mN2012000E3165000,50170625,
412,CRS3035RES1000mN2012000E3165000,82887228,
413,CRS3035RES1000mN2012000E3165000,92484952,
414,CRS3035RES1000mN2012000E3165000,95794713,
415,CRS3035RES1000mN2012000E3165000,96418670,
416,CRS3035RES1000mN2012000E3165000,98502686,
417,CRS3035RES1000mN2012000E3165000,132613257,
418,CRS3035RES1000mN2012000E3165000,135036040,
419,CRS3035RES1000mN2012000E3165000,150772489,
420,CRS3035RES1000mN2012000E3165000,154118456,
421,CRS3035RES1000mN2012000E3165000,157375776,
422,CRS3035RES1000mN2012000E3165000,158211204,
423,CRS3035RES1000mN2012000E3165000,162072415,
424,CRS3035RES1000mN2012000E3165000,162117720,
425,CRS3035RES1000mN2012000E3165000,170487273,
426,CRS3035RES1000mN2012000E3165000,172686062,
427,CRS3035RES1000mN2012000E3165000,174318235,
428,CRS3035RES1000mN2012000E3165000,174318237,
429,CRS3035RES1000mN2012000E3165000,205060159,
430,CRS3035RES1000mN2012000E3165000,205757163,
431,CRS3035RES1000mN2012000E3165000,221095520,
432,CRS3035RES1000mN2012000E3165000,224503374,
433,CRS3035RES1000mN2012000E3165000,227333462,
434,CRS3035RES1000mN2012000E3165000,229117454,
435,CRS3035RES1000mN2012000E3165000,261460389,
436,CRS3035RES1000mN2012000E3165000,283450022,
437,CRS3035RES1000mN2012000E3165000,288994040,
438,CRS3035RES1000mN2012000E3165000,296744564,
439,CRS3035RES1000mN2012000E3165000,297526406,
440,CRS3035RES1000mN2012000E3165000,300709861,
441,CRS3035RES1000mN2012000E3165000,301444634,
442,CRS3035RES1000mN2012000E3165000,302721609,
443,CRS3035RES1000mN2012000E3165000,308195630,
444,CRS3035RES1000mN2012000E3165000,312777902,
445,CRS3035RES1000mN2012000E3165000,330154630,
446,CRS3035RES1000mN2012000E3165000,340205456,
447,CRS3035RES1000mN2012000E3165000,367883612,
448,CRS3035RES1000mN2012000E3165000,368211943,
449,CRS3035RES1000mN2012000E3165000,374180360,
450,CRS3035RES1000mN2012000E3165000,375369499,
451,CRS3035RES1000mN2012000E3165000,383494544,
452,CRS3035RES1000mN2012000E3165000,384574591,
453,CRS3035RES1000mN2012000E3165000,403538322,
454,CRS3035RES1000mN2012000E3165000,403859503,
455,CRS3035RES1000mN2012000E3165000,437050442,
456,CRS3035RES1000mN2012000E3165000,459881697,
457,CRS3035RES1000mN2012000E3165000,477278425,
458,CRS3035RES1000mN2012000E3165000,486879235,
459,CRS3035RES1000mN2012000E3165000,493748377,
460,CRS3035RES1000mN2012000E3165000,498234201,
461,CRS3035RES1000mN2012000E3165000,504315026,
462,CRS3035RES1000mN2012000E3165000,548701490,
463,CRS3035RES1000mN2012000E3165000,574210084,
464,CRS3035RES1000mN2012000E3165000,576094143,
465,CRS3035RES1000mN2012000E3165000,584409067,
466,CRS3035RES1000mN2012000E3165000,635512756,
467,CRS3035RES1000mN2012000E3165000,638492224,
468,CRS3035RES1000mN2012000E3165000,653913062,
469,CRS3035RES1000mN2012000E3165000,659866770,
470,CRS3035RES1000mN2012000E3165000,697717972,
471,CRS3035RES1000mN2012000E3165000,717194862,
472,CRS3035RES1000mN2012000E3165000,736899303,
473,CRS3035RES1000mN2012000E3165000,738042217,
474,CRS3035RES1000mN2012000E3165000,839611983,
475,CRS3035RES1000mN2012000E3165000,957893520,
476,CRS3035RES1000mN2012000E3165000,963308110,
477,CRS3035RES1000mN2012000E3165000,1073283182,
478,CRS3035RES1000mN2012000E3165000,1252864015,
479,CRS3035RES1000mN2012000E3165000,1283203658,
480,CRS3035RES1000mN2013000E3163000,25526,
481,CRS3035RES1000mN2013000E3163000,1774,
482,CRS3035RES1000mN2013000E3163000,1770,
483,CRS3035RES1000mN2013000E3163000,1773,
484,CRS3035RES1000mN2013000E3163000,1771,
485,CRS3035RES1000mN2013000E3163000,123303,
486,CRS3035RES1000mN2013000E3163000,1764,
487,CRS3035RES1000mN2013000E3163000,181101,
488,CRS3035RES1000mN2013000E3163000,5765642,
489,CRS3035RES1000mN2013000E3163000,86719,
490,CRS3035RES1000mN2013000E3163000,1800,
491,CRS3035RES1000mN2013000E3163000,1757,
492,CRS3035RES1000mN2013000E3163000,1755,
493,CRS3035RES1000mN2013000E3163000,1882,
494,CRS3035RES1000mN2013000E3163000,1745,
495,CRS3035RES1000mN2013000E3163000,1794,
496,CRS3035RES1000mN2013000E3163000,1762,
497,CRS3035RES1000mN2013000E3163000,51188,
498,CRS3035RES1000mN2013000E3163000,6893633,
499,CRS3035RES1000mN2013000E3163000,167128,
500,CRS3035RES1000mN2013000E3163000,1760,
501,CRS3035RES1000mN2013000E3163000,12773298,
502,CRS3035RES1000mN2013000E3163000,1754,
503,CRS3035RES1000mN2013000E3163000,1748,
504,CRS3035RES1000mN2013000E3163000,79941,
505,CRS3035RES1000mN2013000E3163000,1750,
506,CRS3035RES1000mN2013000E3163000,5975465,
507,CRS3035RES1000mN2013000E3163000,115056,
508,CRS3035RES1000mN2013000E3163000,1790,
509,CRS3035RES1000mN2013000E3163000,1756,
510,CRS3035RES1000mN2013000E3163000,51849,
511,CRS3035RES1000mN2013000E3163000,185595,
512,CRS3035RES1000mN2013000E3163000,7697128,
513,CRS3035RES1000mN2013000E3163000,10395362,
514,CRS3035RES1000mN2013000E3163000,1759,
515,CRS3035RES1000mN2013000E3163000,1752,
516,CRS3035RES1000mN2013000E3163000,186714,
517,CRS3035RES1000mN2013000E3163000,1753,
518,CRS3035RES1000mN2013000E3163000,1792,
519,CRS3035RES1000mN2013000E3163000,1763,
520,CRS3035RES1000mN2013000E3163000,1746,
521,CRS3035RES1000mN2013000E3163000,11572165,
522,CRS3035RES1000mN2013000E3163000,1761,
523,CRS3035RES1000mN2013000E3163000,1747,
524,CRS3035RES1000mN2013000E3163000,5768564,
525,CRS3035RES1000mN2013000E3163000,1798,
526,CRS3035RES1000mN2013000E3163000,66904,
527,CRS3035RES1000mN2013000E3163000,1777,
528,CRS3035RES1000mN2013000E3163000,1765,
529,CRS3035RES1000mN2013000E3163000,49416,
530,CRS3035RES1000mN2013000E3163000,12734939,
531,CRS3035RES1000mN2013000E3163000,167386167,
532,CRS3035RES1000mN2013000E3163000,295933804,
533,CRS3035RES1000mN2013000E3163000,303340017,
534,CRS3035RES1000mN2013000E3163000,315355551,
535,CRS3035RES1000mN2013000E3163000,339084977,
536,CRS3035RES1000mN2013000E3163000,412911553,
537,CRS3035RES1000mN2013000E3163000,558126037,
538,CRS3035RES1000mN2013000E3163000,711789768,
539,CRS3035RES1000mN2013000E3163000,727666062,
540,CRS3035RES1000mN2013000E3163000,848085869,
541,CRS3035RES1000mN2013000E3163000,1056098898,
542,CRS3035RES1000mN2013000E3163000,1255438242,
543,CRS3035RES1000mN2013000E3163000,1469985039,
544,CRS3035RES1000mN2013000E3163000,1504302537,
545,CRS3035RES1000mN2013000E3163000,1511617504,
546,CRS3035RES1000mN2013000E3163000,1541601287,
547,CRS3035RES1000mN2013000E3163000,1544591296,
548,CRS3035RES1000mN2013000E3163000,1598174183,
549,CRS3035RES1000mN2013000E3163000,1629887846,
550,CRS3035RES1000mN2013000E3163000,1686660176,
551,CRS3035RES1000mN2013000E3163000,1716927336,
552,CRS3035RES1000mN2013000E3163000,1734554324,
553,CRS3035RES1000mN2013000E3163000,1849109335,
554,CRS3035RES1000mN2013000E3163000,2028408680,
555,CRS3035RES1000mN2013000E3163000,2036887702,
556,CRS3035RES1000mN2013000E3163000,2061404218,
557,CRS3035RES1000mN2013000E3163000,2134238030,
558,CRS3035RES1000mN2013000E3163000,2261600754,
559,CRS3035RES1000mN2013000E3163000,2301402027,
560,CRS3035RES1000mN2013000E3163000,2303966810,
561,CRS3035RES1000mN2013000E3163000,2312029862,
562,CRS3035RES1000mN2013000E3163000,2408860250,
563,CRS3035RES1000mN2013000E3163000,2620185829,
564,CRS3035RES1000mN2013000E3163000,2622508931,
565,CRS3035RES1000mN2013000E3163000,2672130951,
566,CRS3035RES1000mN2013000E3163000,2710518818,
567,CRS3035RES1000mN2013000E3163000,3034026261,
568,CRS3035RES1000mN2013000E3163000,3179889751,
569,CRS3035RES1000mN2013000E3163000,3206611978,
570,CRS3035RES1000mN2013000E3163000,3272828439,
571,CRS3035RES1000mN2013000E3163000,3452364276,
572,CRS3035RES1000mN2013000E3163000,3452364277,
573,CRS3035RES1000mN2013000E3163000,3495733197,
574,CRS3035RES1000mN2013000E3163000,3497154853,
575,CRS3035RES1000mN2013000E3163000,3517755445,
576,CRS3035RES1000mN2013000E3163000,3522125657,
577,CRS3035RES1000mN2013000E3163000,3526751794,
578,CRS3035RES1000mN2013000E3163000,3839306060,
579,CRS3035RES1000mN2013000E3163000,4214697664,
580,CRS3035RES1000mN2013000E3163000,4338252586,
581,CRS3035RES1000mN2013000E3163000,4401271633,
582,CRS3035RES1000mN2013000E3163000,4515476768,
583,CRS3035RES1000mN2013000E3163000,4569910891,
584,CRS3035RES1000mN2013000E3163000,4703730491,
585,CRS3035RES1000mN2013000E3163000,4707870392,
586,CRS3035RES1000mN2013000E3163000,4789037769,
587,CRS3035RES1000mN2013000E3163000,4794233143,
588,CRS3035RES1000mN2013000E3163000,4870405674,
589,CRS3035RES1000mN2013000E3163000,5139379922,
590,CRS3035RES1000mN2013000E3163000,5160337425,
591,CRS3035RES1000mN2013000E3163000,5196199575,
592,CRS3035RES1000mN2013000E3163000,5341570554,
593,CRS3035RES1000mN2013000E3163000,5345949864,
594,CRS3035RES1000mN2013000E3163000,5448507385,
595,CRS3035RES1000mN2013000E3163000,5604693894,
596,CRS3035RES1000mN2013000E3163000,5670401989,
597,CRS3035RES1000mN2013000E3163000,5942671299,
598,CRS3035RES1000mN2013000E3163000,5943980960,
599,CRS3035RES1000mN2013000E3163000,6185791451,
600,CRS3035RES1000mN2013000E3163000,6188948286,
601,CRS3035RES1000mN2013000E3163000,6555800191,
602,CRS3035RES1000mN2013000E3163000,6885254479,
603,CRS3035RES1000mN2013000E3163000,7222611268,
604,CRS3035RES1000mN2013000E3163000,7408961006,
605,CRS3035RES1000mN2013000E3163000,7619964683,
606,CRS3035RES1000mN2013000E3163000,7836562695,
607,CRS3035RES1000mN2013000E3163000,8493729364,
608,CRS3035RES1000mN2013000E3163000,8557885377,
609,CRS3035RES1000mN2013000E3163000,8807212208,
610,CRS3035RES1000mN2013000E3163000,8844229173,
611,CRS3035RES1000mN2013000E3163000,8878422600,
612,CRS3035RES1000mN2013000E3163000,9595709188,
613,CRS3035RES1000mN2013000E3163000,9611387099,
614,CRS3035RES1000mN2013000E3163000,9712656915,
615,CRS3035RES1000mN2013000E3163000,9713142744,
616,CRS3035RES1000mN2013000E3163000,9815746657,
617,CRS3035RES1000mN2013000E3163000,10004871512,
618,CRS3035RES1000mN2013000E3163000,10281174134,
619,CRS3035RES1000mN2013000E3163000,10580337411,
620,CRS3035RES1000mN2013000E3163000,10899442604,
621,CRS3035RES1000mN2013000E3163000,10922657146,
622,CRS3035RES1000mN2013000E3163000,11127499928,
623,CRS3035RES1000mN2013000E3163000,11143725881,
624,CRS3035RES1000mN2013000E3163000,11243087140,
625,CRS3035RES1000mN2013000E3163000,11269399969,
626,CRS3035RES1000mN2013000E3163000,11287269362,
627,CRS3035RES1000mN2013000E3163000,11287269363,
628,CRS3035RES1000mN2013000E3163000,11369705764,
629,CRS3035RES1000mN2013000E3163000,11387776374,
630,CRS3035RES1000mN2013000E3163000,11461799040,
631,CRS3035RES1000mN2013000E3163000,11462802981,
632,CRS3035RES1000mN2013000E3163000,11652077658,
633,CRS3035RES1000mN2013000E3163000,11691390164,
634,CRS3035RES1000mN2013000E3163000,11739757462,
635,CRS3035RES1000mN2013000E3163000,12178446726,
636,CRS3035RES1000mN2013000E3163000,12407425114,
637,CRS3035RES1000mN2013000E3163000,12865480228,
638,CRS3035RES1000mN2013000E3163000,2960630,
639,CRS3035RES1000mN2013000E3163000,3554044,
640,CRS3035RES1000mN2013000E3163000,3557906,
641,CRS3035RES1000mN2013000E3163000,5231361,
642,CRS3035RES1000mN2013000E3163000,9314566,
643,CRS3035RES1000mN2013000E3163000,13696257,
644,CRS3035RES1000mN2013000E3163000,15996131,
645,CRS3035RES1000mN2013000E3163000,23526191,
646,CRS3035RES1000mN2013000E3163000,23545719,
647,CRS3035RES1000mN2013000E3163000,30599279,
648,CRS3035RES1000mN2013000E3163000,30649229,
649,CRS3035RES1000mN2013000E3163000,32198651,
650,CRS3035RES1000mN2013000E3163000,34945111,
651,CRS3035RES1000mN2013000E3163000,50170625,
652,CRS3035RES1000mN2013000E3163000,82887228,
653,CRS3035RES1000mN2013000E3163000,92484952,
654,CRS3035RES1000mN2013000E3163000,95794713,
655,CRS3035RES1000mN2013000E3163000,96418670,
656,CRS3035RES1000mN2013000E3163000,98502686,
657,CRS3035RES1000mN2013000E3163000,132613257,
658,CRS3035RES1000mN2013000E3163000,135036040,
659,CRS3035RES1000mN2013000E3163000,150772489,
660,CRS3035RES1000mN2013000E3163000,154118456,
661,CRS3035RES1000mN2013000E3163000,157375776,
662,CRS3035RES1000mN2013000E3163000,158211204,
663,CRS3035RES1000mN2013000E3163000,162072415,
664,CRS3035RES1000mN2013000E3163000,162117720,
665,CRS3035RES1000mN2013000E3163000,170487273,
666,CRS3035RES1000mN2013000E3163000,172686062,
667,CRS3035RES1000mN2013000E3163000,174318235,
668,CRS3035RES1000mN2013000E3163000,174318237,
669,CRS3035RES1000mN2013000E3163000,205060159,
670,CRS3035RES1000mN2013000E3163000,205757163,
671,CRS3035RES1000mN2013000E3163000,221095520,
672,CRS3035RES1000mN2013000E3163000,224503374,
673,CRS3035RES1000mN2013000E3163000,227333462,
674,CRS3035RES1000mN2013000E3163000,229117454,
675,CRS3035RES1000mN2013000E3163000,261460389,
676,CRS3035RES1000mN2013000E3163000,283450022,
677,CRS3035RES1000mN2013000E3163000,288994040,
678,CRS3035RES1000mN2013000E3163000,296744564,
679,CRS3035RES1000mN2013000E3163000,297526406,
680,CRS3035RES1000mN2013000E3163000,300709861,
681,CRS3035RES1000mN2013000E3163000,301444634,
682,CRS3035RES1000mN2013000E3163000,302721609,
683,CRS3035RES1000mN2013000E3163000,308195630,
684,CRS3035RES1000mN2013000E3163000,312777902,
685,CRS3035RES1000mN2013000E3163000,330154630,
686,CRS3035RES1000mN2013000E3163000,340205456,
687,CRS3035RES1000mN2013000E3163000,367883612,
688,CRS3035RES1000mN2013000E3163000,368211943,
689,CRS3035RES1000mN2013000E3163000,374180360,
690,CRS3035RES1000mN2013000E3163000,375369499,
691,CRS3035RES1000mN2013000E3163000,383494544,
692,CRS3035RES1000mN2013000E3163000,384574591,
693,CRS3035RES1000mN2013000E3163000,403538322,
694,CRS3035RES1000mN2013000E3163000,403859503,
695,CRS3035RES1000mN2013000E3163000,437050442,
696,CRS3035RES1000mN2013000E3163000,459881697,
697,CRS3035RES1000mN2013000E3163000,477278425,
698,CRS3035RES1000mN2013000E3163000,486879235,
699,CRS3035RES1000mN2013000E3163000,493748377,
700,CRS3035RES1000mN2013000E3163000,498234201,
701,CRS3035RES1000mN2013000E3163000,504315026,
702,CRS3035RES1000mN2013000E3163000,548701490,
703,CRS3035RES1000mN2013000E3163000,574210084,
704,CRS3035RES1000mN2013000E3163000,576094143,
705,CRS3035RES1000mN2013000E3163000,584409067,
706,CRS3035RES1000mN2013000E3163000,635512756,
707,CRS3035RES1000mN2013000E3163000,638492224,
708,CRS3035RES1000mN2013000E3163000,653913062,
709,CRS3035RES1000mN2013000E3163000,659866770,
710,CRS3035RES1000mN2013000E3163000,697717972,
711,CRS3035RES1000mN2013000E3163000,717194862,
712,CRS3035RES1000mN2013000E3163000,736899303,
713,CRS3035RES1000mN2013000E3163000,738042217,
714,CRS3035RES1000mN2013000E3163000,839611983,
715,CRS3035RES1000mN2013000E3163000,957893520,
716,CRS3035RES1000mN2013000E3163000,963308110,
717,CRS3035RES1000mN2013000E3163000,1073283182,
718,CRS3035RES1000mN2013000E3163000,1252864015,
719,CRS3035RES1000mN2013000E3163000,1283203658,
720,CRS3035RES1000mN2013000E3164000,25526,
721,CRS3035RES1000mN2013000E3164000,1774,
722,CRS3035RES1000mN2013000E3164000,1770,
723,CRS3035RES1000mN2013000E3164000,1773,
724,CRS3035RES1000mN2013000E3164000,1771,
725,CRS3035RES1000mN2013000E3164000,123303,
726,CRS3035RES1000mN2013000E3164000,1764,
727,CRS3035RES1000mN2013000E3164000,181101,
728,CRS3035RES1000mN2013000E3164000,5765642,
729,CRS3035RES1000mN2013000E3164000,86719,
730,CRS3035RES1000mN2013000E3164000,1800,
731,CRS3035RES1000mN2013000E3164000,1757,
732,CRS3035RES1000mN2013000E3164000,1755,
733,CRS3035RES1000mN2013000E3164000,1882,
734,CRS3035RES1000mN2013000E3164000,1745,
735,CRS3035RES1000mN2013000E3164000,1794,
736,CRS3035RES1000mN2013000E3164000,1762,
737,CRS3035RES1000mN2013000E3164000,51188,
738,CRS3035RES1000mN2013000E3164000,6893633,
739,CRS3035RES1000mN2013000E3164000,167128,
740,CRS3035RES1000mN2013000E3164000,1760,
741,CRS3035RES1000mN2013000E3164000,12773298,
742,CRS3035RES1000mN2013000E3164000,1754,
743,CRS3035RES1000mN2013000E3164000,1748,
744,CRS3035RES1000mN2013000E3164000,79941,
745,CRS3035RES1000mN2013000E3164000,1750,
746,CRS3035RES1000mN2013000E3164000,5975465,
747,CRS3035RES1000mN2013000E3164000,115056,
748,CRS3035RES1000mN2013000E3164000,1790,
749,CRS3035RES1000mN2013000E3164000,1756,
750,CRS3035RES1000mN2013000E3164000,51849,
751,CRS3035RES1000mN2013000E3164000,185595,
752,CRS3035RES1000mN2013000E3164000,7697128,
753,CRS3035RES1000mN2013000E3164000,10395362,
754,CRS3035RES1000mN2013000E3164000,1759,
755,CRS3035RES1000mN2013000E3164000,1752,
756,CRS3035RES1000mN2013000E3164000,186714,
757,CRS3035RES1000mN2013000E3164000,1753,
758,CRS3035RES1000mN2013000E3164000,1792,
759,CRS3035RES1000mN2013000E3164000,1763,
760,CRS3035RES1000mN2013000E3164000,1746,
761,CRS3035RES1000mN2013000E3164000,11572165,
762,CRS3035RES1000mN2013000E3164000,1761,
763,CRS3035RES1000mN2013000E3164000,1747,
764,CRS3035RES1000mN2013000E3164000,5768564,
765,CRS3035RES1000mN2013000E3164000,1798,
766,CRS3035RES1000mN2013000E3164000,66904,
767,CRS3035RES1000mN2013000E3164000,1777,
768,CRS3035RES1000mN2013000E3164000,1765,
769,CRS3035RES1000mN2013000E3164000,49416,
770,CRS3035RES1000mN2013000E3164000,12734939,
771,CRS3035RES1000mN2013000E3164000,167386167,
772,CRS3035RES1000mN2013000E3164000,295933804,
773,CRS3035RES1000mN2013000E3164000,303340017,
774,CRS3035RES1000mN2013000E3164000,315355551,
775,CRS3035RES1000mN2013000E3164000,339084977,
776,CRS3035RES1000mN2013000E3164000,412911553,
777,CRS3035RES1000mN2013000E3164000,558126037,
778,CRS3035RES1000mN2013000E3164000,711789768,
779,CRS3035RES1000mN2013000E3164000,727666062,
780,CRS3035RES1000mN2013000E3164000,848085869,
781,CRS3035RES1000mN2013000E3164000,1056098898,
782,CRS3035RES1000mN2013000E3164000,1255438242,
783,CRS3035RES1000mN2013000E3164000,1469985039,
784,CRS3035RES1000mN2013000E3164000,1504302537,
785,CRS3035RES1000mN2013000E3164000,1511617504,
786,CRS3035RES1000mN2013000E3164000,1541601287,
787,CRS3035RES1000mN2013000E3164000,1544591296,
788,CRS3035RES1000mN2013000E3164000,1598174183,
789,CRS3035RES1000mN2013000E3164000,1629887846,
790,CRS3035RES1000mN2013000E3164000,1686660176,
791,CRS3035RES1000mN2013000E3164000,1716927336,
792,CRS3035RES1000mN2013000E3164000,1734554324,
793,CRS3035RES1000mN2013000E3164000,1849109335,
794,CRS3035RES1000mN2013000E3164000,2028408680,
795,CRS3035RES1000mN2013000E3164000,2036887702,
796,CRS3035RES1000mN2013000E3164000,2061404218,
797,CRS3035RES1000mN2013000E3164000,2134238030,
798,CRS3035RES1000mN2013000E3164000,2261600754,
799,CRS3035RES1000mN2013000E3164000,2301402027,
800,CRS3035RES1000mN2013000E3164000,2303966810,
801,CRS3035RES1000mN2013000E3164000,2312029862,
802,CRS3035RES1000mN2013000E3164000,2408860250,
803,CRS3035RES1000mN2013000E3164000,2620185829,
804,CRS3035RES1000mN2013000E3164000,2622508931,
805,CRS3035RES1000mN2013000E3164000,2672130951,
806,CRS3035RES1000mN2013000E3164000,2710518818,
807,CRS3035RES1000mN2013000E3164000,3034026261,
808,CRS3035RES1000mN2013000E3164000,3179889751,
809,CRS3035RES1000mN2013000E3164000,3206611978,
810,CRS3035RES1000mN2013000E3164000,3272828439,
811,CRS3035RES1000mN2013000E3164000,3452364276,
812,CRS3035RES1000mN2013000E3164000,3452364277,
813,CRS3035RES1000mN2013000E3164000,3495733197,
814,CRS3035RES1000mN2013000E3164000,3497154853,
815,CRS3035RES1000mN2013000E3164000,3517755445,
816,CRS3035RES1000mN2013000E3164000,3522125657,
817,CRS3035RES1000mN2013000E3164000,3526751794,
818,CRS3035RES1000mN2013000E3164000,3839306060,
819,CRS3035RES1000mN2013000E3164000,4214697664,
820,CRS3035RES1000mN2013000E3164000,4338252586,
821,CRS3035RES1000mN2013000E3164000,4401271633,
822,CRS3035RES1000mN2013000E3164000,4515476768,
823,CRS3035RES1000mN2013000E3164000,4569910891,
824,CRS3035RES1000mN2013000E3164000,4703730491,
825,CRS3035RES1000mN2013000E3164000,4707870392,
826,CRS3035RES1000mN2013000E3164000,4789037769,
827,CRS3035RES1000mN2013000E3164000,4794233143,
828,CRS3035RES1000mN2013000E3164000,4870405674,
829,CRS3035RES1000mN2013000E3164000,5139379922,
830,CRS3035RES1000mN2013000E3164000,5160337425,
831,CRS3035RES1000mN2013000E3164000,5196199575,
832,CRS3035RES1000mN2013000E3164000,5341570554,
833,CRS3035RES1000mN2013000E3164000,5345949864,
834,CRS3035RES1000mN2013000E3164000,5448507385,
835,CRS3035RES1000mN2013000E3164000,5604693894,
836,CRS3035RES1000mN2013000E3164000,5670401989,
837,CRS3035RES1000mN2013000E3164000,5942671299,
838,CRS3035RES1000mN2013000E3164000,5943980960,
839,CRS3035RES1000mN2013000E3164000,6185791451,
840,CRS3035RES1000mN2013000E3164000,6188948286,
841,CRS3035RES1000mN2013000E3164000,6555800191,
842,CRS3035RES1000mN2013000E3164000,6885254479,
843,CRS3035RES1000mN2013000E3164000,7222611268,
844,CRS3035RES1000mN2013000E3164000,7408961006,
845,CRS3035RES1000mN2013000E3164000,7619964683,
846,CRS3035RES1000mN2013000E3164000,7836562695,
847,CRS3035RES1000mN2013000E3164000,8493729364,
848,CRS3035RES1000mN2013000E3164000,8557885377,
849,CRS3035RES1000mN2013000E3164000,8807212208,
850,CRS3035RES1000mN2013000E3164000,8844229173,
851,CRS3035RES1000mN2013000E3164000,8878422600,
852,CRS3035RES1000mN2013000E3164000,9595709188,
853,CRS3035RES1000mN2013000E3164000,9611387099,
854,CRS3035RES1000mN2013000E3164000,9712656915,
855,CRS3035RES1000mN2013000E3164000,9713142744,
856,CRS3035RES1000mN2013000E3164000,9815746657,
857,CRS3035RES1000mN2013000E3164000,10004871512,
858,CRS3035RES1000mN2013000E3164000,10281174134,
859,CRS3035RES1000mN2013000E3164000,10580337411,
860,CRS3035RES1000mN2013000E3164000,10899442604,
861,CRS3035RES1000mN2013000E3164000,10922657146,
862,CRS3035RES1000mN2013000E3164000,11127499928,
863,CRS3035RES1000mN2013000E3164000,11143725881,
864,CRS3035RES1000mN2013000E3164000,11243087140,
865,CRS3035RES1000mN2013000E3164000,11269399969,
866,CRS3035RES1000mN2013000E3164000,11287269362,
867,CRS3035RES1000mN2013000E3164000,11287269363,
868,CRS3035RES1000mN2013000E3164000,11369705764,
869,CRS3035RES1000mN2013000E3164000,11387776374,
870,CRS3035RES1000mN2013000E3164000,11461799040,
871,CRS3035RES1000mN2013000E3164000,11462802981,
872,CRS3035RES1000mN2013000E3164000,11652077658,
873,CRS3035RES1000mN2013000E3164000,11691390164,
874,CRS3035RES1000mN2013000E3164000,11739757462,
875,CRS3035RES1000mN2013000E3164000,12178446726,
876,CRS3035RES1000mN2013000E3164000,12407425114,
877,CRS3035RES1000mN2013000E3164000,12865480228,
878,CRS3035RES1000mN2013000E3164000,2960630,
879,CRS3035RES1000mN2013000E3164000,3554044,
880,CRS3035RES1000mN2013000E3164000,3557906,
881,CRS3035RES1000mN2013000E3164000,5231361,
882,CRS3035RES1000mN2013000E3164000,9314566,
883,CRS3035RES1000mN2013000E3164000,13696257,
884,CRS3035RES1000mN2013000E3164000,15996131,
885,CRS3035RES1000mN2013000E3164000,23526191,
886,CRS3035RES1000mN2013000E3164000,23545719,
887,CRS3035RES1000mN2013000E3164000,30599279,
888,CRS3035RES1000mN2013000E3164000,30649229,
889,CRS3035RES1000mN2013000E3164000,32198651,
890,CRS3035RES1000mN2013000E3164000,34945111,
891,CRS3035RES1000mN2013000E3164000,50170625,
892,CRS3035RES1000mN2013000E3164000,82887228,
893,CRS3035RES1000mN2013000E3164000,92484952,
894,CRS3035RES1000mN2013000E3164000,95794713,
895,CRS3035RES1000mN2013000E3164000,96418670,
896,CRS3035RES1000mN2013000E3164000,98502686,
897,CRS3035RES1000mN2013000E3164000,132613257,
898,CRS3035RES1000mN2013000E3164000,135036040,
899,CRS3035RES1000mN2013000E3164000,150772489,
900,CRS3035RES1000mN2013000E3164000,154118456,
901,CRS3035RES1000mN2013000E3164000,157375776,
902,CRS3035RES1000mN2013000E3164000,158211204,
903,CRS3035RES1000mN2013000E3164000,162072415,
904,CRS3035RES1000mN2013000E3164000,162117720,
905,CRS3035RES1000mN2013000E3164000,170487273,
906,CRS3035RES1000mN2013000E3164000,172686062,
907,CRS3035RES1000mN2013000E3164000,174318235,
908,CRS3035RES1000mN2013000E3164000,174318237,
909,CRS3035RES1000mN2013000E3164000,205060159,
910,CRS3035RES1000mN2013000E3164000,205757163,
911,CRS3035RES1000mN2013000E3164000,221095520,
912,CRS3035RES1000mN2013000E3164000,224503374,
913,CRS3035RES1000mN2013000E3164000,227333462,
914,CRS3035RES1000mN2013000E3164000,229117454,
915,CRS3035RES1000mN2013000E3164000,261460389,
916,CRS3035RES1000mN2013000E3164000,283450022,
917,CRS3035RES1000mN2013000E3164000,288994040,
918,CRS3035RES1000mN2013000E3164000,296744564,
919,CRS3035RES1000mN2013000E3164000,297526406,
920,CRS3035RES1000mN2013000E3164000,300709861,
921,CRS3035RES1000mN2013000E3164000,301444634,
922,CRS3035RES1000mN2013000E3164000,302721609,
923,CRS3035RES1000mN2013000E3164000,308195630,
924,CRS3035RES1000mN2013000E3164000,312777902,
925,CRS3035RES1000mN2013000E3164000,330154630,
926,CRS3035RES1000mN2013000E3164000,340205456,
927,CRS3035RES1000mN2013000E3164000,367883612,
928,CRS3035RES1000mN2013000E3164000,368211943,
929,CRS3035RES1000mN2013000E3164000,374180360,
930,CRS3035RES1000mN2013000E3164000,375369499,
931,CRS3035RES1000mN2013000E3164000,383494544,
932,CRS3035RES1000mN2013000E3164000,384574591,
933,CRS3035RES1000mN2013000E3164000,403538322,
934,CRS3035RES1000mN2013000E3164000,403859503,
935,CRS3035RES1000mN2013000E3164000,437050442,
936,CRS3035RES1000mN2013000E3164000,459881697,
937,CRS3035RES1000mN2013000E3164000,477278425,
938,CRS3035RES1000mN2013000E3164000,486879235,
939,CRS3035RES1000mN2013000E3164000,493748377,
940,CRS3035RES1000mN2013000E3164000,498234201,
941,CRS3035RES1000mN2013000E3164000,504315026,
942,CRS3035RES1000mN2013000E3164000,548701490,
943,CRS3035RES1000mN2013000E3164000,574210084,
944,CRS3035RES1000mN2013000E3164000,576094143,
945,CRS3035RES1000mN2013000E3164000,584409067,
946,CRS3035RES1000mN2013000E3164000,635512756,
947,CRS3035RES1000mN2013000E3164000,638492224,
948,CRS3035RES1000mN2013000E3164000,653913062,
949,CRS3035RES1000mN2013000E3164000,659866770,
950,CRS3035RES1000mN2013000E3164000,697717972,
951,CRS3035RES1000mN2013000E3164000,717194862,
952,CRS3035RES1000mN2013000E3164000,736899303,
953,CRS3035RES1000mN2013000E3164000,738042217,
954,CRS3035RES1000mN2013000E3164000,839611983,
955,CRS3035RES1000mN2013000E3164000,957893520,
956,CRS3035RES1000mN2013000E3164000,963308110,
957,CRS3035RES1000mN2013000E3164000,1073283182,
958,CRS3035RES1000mN2013000E3164000,1252864015,
959,CRS3035RES1000mN2013000E3164000,1283203658,
960,CRS3035RES1000mN2013000E3165000,25526,
961,CRS3035RES1000mN2013000E3165000,1774,
962,CRS3035RES1000mN2013000E3165000,1770,
963,CRS3035RES1000mN2013000E3165000,1773,
964,CRS3035RES1000mN2013000E3165000,1771,
965,CRS3035RES1000mN2013000E3165000,123303,
966,CRS3035RES1000mN2013000E3165000,1764,
967,CRS3035RES1000mN2013000E3165000,181101,
968,CRS3035RES1000mN2013000E3165000,5765642,
969,CRS3035RES1000mN2013000E3165000,86719,
970,CRS3035RES1000mN2013000E3165000,1800,
971,CRS3035RES1000mN2013000E3165000,1757,
972,CRS3035RES1000mN2013000E3165000,1755,
973,CRS3035RES1000mN2013000E3165000,1882,
974,CRS3035RES1000mN2013000E3165000,1745,
975,CRS3035RES1000mN2013000E3165000,1794,
976,CRS3035RES1000mN2013000E3165000,1762,
977,CRS3035RES1000mN2013000E3165000,51188,
978,CRS3035RES1000mN2013000E3165000,6893633,
979,CRS3035RES1000mN2013000E3165000,167128,
980,CRS3035RES1000mN2013000E3165000,1760,
981,CRS3035RES1000mN2013000E3165000,12773298,
982,CRS3035RES1000mN2013000E3165000,1754,
983,CRS3035RES1000mN2013000E3165000,1748,
984,CRS3035RES1000mN2013000E3165000,79941,
985,CRS3035RES1000mN2013000E3165000,1750,
986,CRS3035RES1000mN2013000E3165000,5975465,
987,CRS3035RES1000mN2013000E3165000,115056,
988,CRS3035RES1000mN2013000E3165000,1790,
989,CRS3035RES1000mN2013000E3165000,1756,
990,CRS3035RES1000mN2013000E3165000,51849,
991,CRS3035RES1000mN2013000E3165000,185595,
992,CRS3035RES1000mN2013000E3165000,7697128,
993,CRS3035RES1000mN2013000E3165000,10395362,
994,CRS3035RES1000mN2013000E3165000,1759,
995,CRS3035RES1000mN2013000E3165000,1752,
996,CRS3035RES1000mN2013000E3165000,186714,
997,CRS3035RES1000mN2013000E3165000,1753,
998,CRS3035RES1000mN2013000E3165000,1792,
999,CRS3035RES1000mN2013000E3165000,1763,
1000,CRS3035RES1000mN2013000E3165000,1746,
1001,CRS3035RES1000mN2013000E3165000,11572165,
1002,CRS3035RES1000mN2013000E3165000,1761,
1003,CRS3035RES1000mN2013000E3165000,1747,
1004,CRS3035RES1000mN2013000E3165000,5768564,
1005,CRS3035RES1000mN2013000E3165000,1798,
1006,CRS3035RES1000mN2013000E3165000,66904,
1007,CRS3035RES1000mN2013000E3165000,1777,
1008,CRS3035RES1000mN2013000E3165000,1765,
1009,CRS3035RES1000mN2013000E3165000,49416,
1010,CRS3035RES1000mN2013000E3165000,12734939,
1011,CRS3035RES1000mN2013000E3165000,167386167,
1012,CRS3035RES1000mN2013000E3165000,295933804,
1013,CRS3035RES1000mN2013000E3165000,303340017,
1014,CRS3035RES1000mN2013000E3165000,315355551,
1015,CRS3035RES1000mN2013000E3165000,339084977,
1016,CRS3035RES1000mN2013000E3165000,412911553,
1017,CRS3035RES1000mN2013000E3165000,558126037,
1018,CRS3035RES1000mN2013000E3165000,711789768,
1019,CRS3035RES1000mN2013000E3165000,727666062,
1020,CRS3035RES1000mN2013000E3165000,848085869,
1021,CRS3035RES1000mN2013000E3165000,1056098898,
1022,CRS3035RES1000mN2013000E3165000,1255438242,
1023,CRS3035RES1000mN2013000E3165000,1469985039,
1024,CRS3035RES1000mN2013000E3165000,1504302537,
1025,CRS3035RES1000mN2013000E3165000,1511617504,
1026,CRS3035RES1000mN2013000E3165000,1541601287,
1027,CRS3035RES1000mN2013000E3165000,1544591296,
1028,CRS3035RES1000mN2013000E3165000,1598174183,
1029,CRS3035RES1000mN2013000E3165000,1629887846,
1030,CRS3035RES1000mN2013000E3165000,1686660176,
1031,CRS3035RES1000mN2013000E3165000,1716927336,
1032,CRS3035RES1000mN2013000E3165000,1734554324,
1033,CRS3035RES1000mN2013000E3165000,1849109335,
1034,CRS3035RES1000mN2013000E3165000,2028408680,
1035,CRS3035RES1000mN2013000E3165000,2036887702,
1036,CRS3035RES1000mN2013000E3165000,2061404218,
1037,CRS3035RES1000mN2013000E3165000,2134238030,
1038,CRS3035RES1000mN2013000E3165000,2261600754,
1039,CRS3035RES1000mN2013000E3165000,2301402027,
1040,CRS3035RES1000mN2013000E3165000,2303966810,
1041,CRS3035RES1000mN2013000E3165000,2312029862,
1042,CRS3035RES1000mN2013000E3165000,2408860250,
1043,CRS3035RES1000mN2013000E3165000,2620185829,
1044,CRS3035RES1000mN2013000E3165000,2622508931,
1045,CRS3035RES1000mN2013000E3165000,2672130951,
1046,CRS3035RES1000mN2013000E3165000,2710518818,
1047,CRS3035RES1000mN2013000E3165000,3034026261,
1048,CRS3035RES1000mN2013000E3165000,3179889751,
1049,CRS3035RES1000mN2013000E3165000,3206611978,
1050,CRS3035RES1000mN2013000E3165000,3272828439,
1051,CRS3035RES1000mN2013000E3165000,3452364276,
1052,CRS3035RES1000mN2013000E3165000,3452364277,
1053,CRS3035RES1000mN2013000E3165000,3495733197,
1054,CRS3035RES1000mN2013000E3165000,3497154853,
1055,CRS3035RES1000mN2013000E3165000,3517755445,
1056,CRS3035RES1000mN2013000E3165000,3522125657,
1057,CRS3035RES1000mN2013000E3165000,3526751794,
1058,CRS3035RES1000mN2013000E3165000,3839306060,
1059,CRS3035RES1000mN2013000E3165000,4214697664,
1060,CRS3035RES1000mN2013000E3165000,4338252586,
1061,CRS3035RES1000mN2013000E3165000,4401271633,
1062,CRS3035RES1000mN2013000E3165000,4515476768,
1063,CRS3035RES1000mN2013000E3165000,4569910891,
1064,CRS3035RES1000mN2013000E3165000,4703730491,
1065,CRS3035RES1000mN2013000E3165000,4707870392,
1066,CRS3035RES1000mN2013000E3165000,4789037769,
1067,CRS3035RES1000mN2013000E3165000,4794233143,
1068,CRS3035RES1000mN2013000E3165000,4870405674,
1069,CRS3035RES1000mN2013000E3165000,5139379922,
1070,CRS3035RES1000mN2013000E3165000,5160337425,
1071,CRS3035RES1000mN2013000E3165000,5196199575,
1072,CRS3035RES1000mN2013000E3165000,5341570554,
1073,CRS3035RES1000mN2013000E3165000,5345949864,
1074,CRS3035RES1000mN2013000E3165000,5448507385,
1075,CRS3035RES1000mN2013000E3165000,5604693894,
1076,CRS3035RES1000mN2013000E3165000,5670401989,
1077,CRS3035RES1000mN2013000E3165000,5942671299,
1078,CRS3035RES1000mN2013000E3165000,5943980960,
1079,CRS3035RES1000mN2013000E3165000,6185791451,
1080,CRS3035RES1000mN2013000E3165000,6188948286,
1081,CRS3035RES1000mN2013000E3165000,6555800191,
1082,CRS3035RES1000mN2013000E3165000,6885254479,
1083,CRS3035RES1000mN2013000E3165000,7222611268,
1084,CRS3035RES1000mN2013000E3165000,7408961006,
1085,CRS3035RES1000mN2013000E3165000,7619964683,
1086,CRS3035RES1000mN2013000E3165000,7836562695,
1087,CRS3035RES1000mN2013000E3165000,8493729364,
1088,CRS3035RES1000mN2013000E3165000,8557885377,
1089,CRS3035RES1000mN2013000E3165000,8807212208,
1090,CRS3035RES1000mN2013000E3165000,8844229173,
1091,CRS3035RES1000mN2013000E3165000,8878422600,
1092,CRS3035RES1000mN2013000E3165000,9595709188,
1093,CRS3035RES1000mN2013000E3165000,9611387099,
1094,CRS3035RES1000mN2013000E3165000,9712656915,
1095,CRS3035RES1000mN2013000E3165000,9713142744,
1096,CRS3035RES1000mN2013000E3165000,9815746657,
1097,CRS3035RES1000mN2013000E3165000,10004871512,
1098,CRS3035RES1000mN2013000E3165000,10281174134,
1099,CRS3035RES1000mN2013000E3165000,10580337411,
1100,CRS3035RES1000mN2013000E3165000,10899442604,
1101,CRS3035RES1000mN2013000E3165000,10922657146,
1102,CRS3035RES1000mN2013000E3165000,11127499928,
1103,CRS3035RES1000mN2013000E3165000,11143725881,
1104,CRS3035RES1000mN2013000E3165000,11243087140,
1105,CRS3035RES1000mN2013000E3165000,11269399969,
1106,CRS3035RES1000mN2013000E3165000,11287269362,
1107,CRS3035RES1000mN2013000E3165000,11287269363,
1108,CRS3035RES1000mN2013000E3165000,11369705764,
1109,CRS3035RES1000mN2013000E3165000,11387776374,
1110,CRS3035RES1000mN2013000E3165000,11461799040,
1111,CRS3035RES1000mN2013000E3165000,11462802981,
1112,CRS3035RES1000mN2013000E3165000,11652077658,
1113,CRS3035RES1000mN2013000E3165000,11691390164,
1114,CRS3035RES1000mN2013000E3165000,11739757462,
1115,CRS3035RES1000mN2013000E3165000,12178446726,
1116,CRS3035RES1000mN2013000E3165000,12407425114,
1117,CRS3035RES1000mN2013000E3165000,12865480228,
1118,CRS3035RES1000mN2013000E3165000,2960630,
1119,CRS3035RES1000mN2013000E3165000,3554044,
1120,CRS3035RES1000mN2013000E3165000,3557906,
1121,CRS3035RES1000mN2013000E3165000,5231361,
1122,CRS3035RES1000mN2013000E3165000,9314566,
1123,CRS3035RES1000mN2013000E3165000,13696257,
1124,CRS3035RES1000mN2013000E3165000,15996131,
1125,CRS3035RES1000mN2013000E3165000,23526191,
1126,CRS3035RES1000mN2013000E3165000,23545719,
1127,CRS3035RES1000mN2013000E3165000,30599279,
1128,CRS3035RES1000mN2013000E3165000,30649229,
1129,CRS3035RES1000mN2013000E3165000,32198651,
1130,CRS3035RES1000mN2013000E3165000,34945111,
1131,CRS3035RES1000mN2013000E3165000,50170625,
1132,CRS3035RES1000mN2013000E3165000,82887228,
1133,CRS3035RES1000mN2013000E3165000,92484952,
1134,CRS3035RES1000mN2013000E3165000,95794713,
1135,CRS3035RES1000mN2013000E3165000,96418670,
1136,CRS3035RES1000mN2013000E3165000,98502686,
1137,CRS3035RES1000mN2013000E3165000,132613257,
1138,CRS3035RES1000mN2013000E3165000,135036040,
1139,CRS3035RES1000mN2013000E3165000,150772489,
1140,CRS3035RES1000mN2013000E3165000,154118456,
1141,CRS3035RES1000mN2013000E3165000,157375776,
1142,CRS3035RES1000mN2013000E3165000,158211204,
1143,CRS3035RES1000mN2013000E3165000,162072415,
1144,CRS3035RES1000mN2013000E3165000,162117720,
1145,CRS3035RES1000mN2013000E3165000,170487273,
1146,CRS3035RES1000mN2013000E3165000,172686062,
1147,CRS3035RES1000mN2013000E3165000,174318235,
1148,CRS3035RES1000mN2013000E3165000,174318237,
1149,CRS3035RES1000mN2013000E3165000,205060159,
1150,CRS3035RES1000mN2013000E3165000,205757163,
1151,CRS3035RES1000mN2013000E3165000,221095520,
1152,CRS3035RES1000mN2013000E3165000,224503374,
1153,CRS3035RES1000mN2013000E3165000,227333462,
1154,CRS3035RES1000mN2013000E3165000,229117454,
1155,CRS3035RES1000mN2013000E3165000,261460389,
1156,CRS3035RES1000mN2013000E3165000,283450022,
1157,CRS3035RES1000mN2013000E3165000,288994040,
1158,CRS3035RES1000mN2013000E3165000,296744564,
1159,CRS3035RES1000mN2013000E3165000,297526406,
1160,CRS3035RES1000mN2013000E3165000,300709861,
1161,CRS3035RES1000mN2013000E3165000,301444634,
1162,CRS3035RES1000mN2013000E3165000,302721609,
1163,CRS3035RES1000mN2013000E3165000,308195630,
1164,CRS3035RES1000mN2013000E3165000,312777902,
1165,CRS3035RES1000mN2013000E3165000,330154630,
1166,CRS3035RES1000mN2013000E3165000,340205456,
1167,CRS3035RES1000mN2013000E3165000,367883612,
1168,CRS3035RES1000mN2013000E3165000,368211943,
1169,CRS3035RES1000mN2013000E3165000,374180360,
1170,CRS3035RES1000mN2013000E3165000,375369499,
1171,CRS3035RES1000mN2013000E3165000,383494544,
1172,CRS3035RES1000mN2013000E3165000,384574591,
1173,CRS3035RES1000mN2013000E3165000,403538322,
1174,CRS3035RES1000mN2013000E3165000,403859503,
1175,CRS3035RES1000mN2013000E3165000,437050442,
1176,CRS3035RES1000mN2013000E3165000,459881697,
1177,CRS3035RES1000mN2013000E3165000,477278425,
1178,CRS3035RES1000mN2013000E3165000,486879235,
1179,CRS3035RES1000mN2013000E3165000,493748377,
1180,CRS3035RES1000mN2013000E3165000,498234201,
1181,CRS3035RES1000mN2013000E3165000,504315026,
1182,CRS3035RES1000mN2013000E3165000,548701490,
1183,CRS3035RES1000mN2013000E3165000,574210084,
1184,CRS3035RES1000mN2013000E3165000,576094143,
1185,CRS3035RES1000mN2013000E3165000,584409067,
1186,CRS3035RES1000mN2013000E3165000,635512756,
1187,CRS3035RES1000mN2013000E3165000,638492224,
1188,CRS3035RES1000mN2013000E3165000,653913062,
1189,CRS3035RES1000mN2013000E3165000,659866770,
1190,CRS3035RES1000mN2013000E3165000,697717972,
1191,CRS3035RES1000mN2013000E3165000,717194862,
1192,CRS3035RES1000mN2013000E3165000,736899303,
1193,CRS3035RES1000mN2013000E3165000,738042217,
1194,CRS3035RES1000mN2013000E3165000,839611983,
1195,CRS3035RES1000mN2013000E3165000,957893520,
1196,CRS3035RES1000mN2013000E3165000,963308110,
1197,CRS3035RES1000mN2013000E3165000,1073283182,
1198,CRS3035RES1000mN2013000E3165000,1252864015,
1199,CRS3035RES1000mN2013000E3165000,1283203658,
1200,CRS3035RES1000mN2014000E3155000,25526,112.0
1201,CRS3035RES1000mN2014000E3155000,1774,106.0
1202,CRS3035RES1000mN2014000E3155000,1770,
1203,CRS3035RES1000mN2014000E3155000,1773,
1204,CRS3035RES1000mN2014000E3155000,1771,118.0
1205,CRS3035RES1000mN2014000E3155000,123303,108.0
1206,CRS3035RES1000mN2014000E3155000,1764,114.0
1207,CRS3035RES1000mN2014000E3155000,181101,
1208,CRS3035RES1000mN2014000E3155000,5765642,104.0
1209,CRS3035RES1000mN2014000E3155000,86719,92.0
1210,CRS3035RES1000mN2014000E3155000,1800,118.0
1211,CRS3035RES1000mN2014000E3155000,1757,116.0
1212,CRS3035RES1000mN2014000E3155000,1755,110.0
1213,CRS3035RES1000mN2014000E3155000,1882,118.0
1214,CRS3035RES1000mN2014000E3155000,1745,
1215,CRS3035RES1000mN2014000E3155000,1794,
1216,CRS3035RES1000mN2014000E3155000,1762,115.0
1217,CRS3035RES1000mN2014000E3155000,51188,118.0
1218,CRS3035RES1000mN2014000E3155000,6893633,114.0
1219,CRS3035RES1000mN2014000E3155000,167128,
1220,CRS3035RES1000mN2014000E3155000,1760,
1221,CRS3035RES1000mN2014000E3155000,12773298,93.0
1222,CRS3035RES1000mN2014000E3155000,1754,100.0
1223,CRS3035RES1000mN2014000E3155000,1748,116.0
1224,CRS3035RES1000mN2014000E3155000,79941,
1225,CRS3035RES1000mN2014000E3155000,1750,
1226,CRS3035RES1000mN2014000E3155000,5975465,110.0
1227,CRS3035RES1000mN2014000E3155000,115056,
1228,CRS3035RES1000mN2014000E3155000,1790,
1229,CRS3035RES1000mN2014000E3155000,1756,108.0
1230,CRS3035RES1000mN2014000E3155000,51849,
1231,CRS3035RES1000mN2014000E3155000,185595,119.0
1232,CRS3035RES1000mN2014000E3155000,7697128,109.0
1233,CRS3035RES1000mN2014000E3155000,10395362,
1234,CRS3035RES1000mN2014000E3155000,1759,
1235,CRS3035RES1000mN2014000E3155000,1752,117.0
1236,CRS3035RES1000mN2014000E3155000,186714,
1237,CRS3035RES1000mN2014000E3155000,1753,112.0
1238,CRS3035RES1000mN2014000E3155000,1792,112.0
1239,CRS3035RES1000mN2014000E3155000,1763,107.0
1240,CRS3035RES1000mN2014000E3155000,1746,
1241,CRS3035RES1000mN2014000E3155000,11572165,90.0
1242,CRS3035RES1000mN2014000E3155000,1761,107.0
1243,CRS3035RES1000mN2014000E3155000,1747,
1244,CRS3035RES1000mN2014000E3155000,5768564,115.0
1245,CRS3035RES1000mN2014000E3155000,1798,110.0
1246,CRS3035RES1000mN2014000E3155000,66904,
1247,CRS3035RES1000mN2014000E3155000,1777,109.0
1248,CRS3035RES1000mN2014000E3155000,1765,118.0
1249,CRS3035RES1000mN2014000E3155000,49416,114.0
1250,CRS3035RES1000mN2014000E3155000,12734939,114.0
1251,CRS3035RES1000mN2014000E3155000,167386167,102.0
1252,CRS3035RES1000mN2014000E3155000,295933804,
1253,CRS3035RES1000mN2014000E3155000,303340017,
1254,CRS3035RES1000mN2014000E3155000,315355551,
1255,CRS3035RES1000mN2014000E3155000,339084977,101.0
1256,CRS3035RES1000mN2014000E3155000,412911553,
1257,CRS3035RES1000mN2014000E3155000,558126037,
1258,CRS3035RES1000mN2014000E3155000,711789768,
1259,CRS3035RES1000mN2014000E3155000,727666062,
1260,CRS3035RES1000mN2014000E3155000,848085869,88.0
1261,CRS3035RES1000mN2014000E3155000,1056098898,
1262,CRS3035RES1000mN2014000E3155000,1255438242,
1263,CRS3035RES1000mN2014000E3155000,1469985039,
1264,CRS3035RES1000mN2014000E3155000,1504302537,
1265,CRS3035RES1000mN2014000E3155000,1511617504,113.0
1266,CRS3035RES1000mN2014000E3155000,1541601287,
1267,CRS3035RES1000mN2014000E3155000,1544591296,
1268,CRS3035RES1000mN2014000E3155000,1598174183,
1269,CRS3035RES1000mN2014000E3155000,1629887846,
1270,CRS3035RES1000mN2014000E3155000,1686660176,
1271,CRS3035RES1000mN2014000E3155000,1716927336,89.0
1272,CRS3035RES1000mN2014000E3155000,1734554324,
1273,CRS3035RES1000mN2014000E3155000,1849109335,
1274,CRS3035RES1000mN2014000E3155000,2028408680,
1275,CRS3035RES1000mN2014000E3155000,2036887702,
1276,CRS3035RES1000mN2014000E3155000,2061404218,
1277,CRS3035RES1000mN2014000E3155000,2134238030,
1278,CRS3035RES1000mN2014000E3155000,2261600754,
1279,CRS3035RES1000mN2014000E3155000,2301402027,
1280,CRS3035RES1000mN2014000E3155000,2303966810,111.0
1281,CRS3035RES1000mN2014000E3155000,2312029862,
1282,CRS3035RES1000mN2014000E3155000,2408860250,
1283,CRS3035RES1000mN2014000E3155000,2620185829,
1284,CRS3035RES1000mN2014000E3155000,2622508931,
1285,CRS3035RES1000mN2014000E3155000,2672130951,117.0
1286,CRS3035RES1000mN2014000E3155000,2710518818,
1287,CRS3035RES1000mN2014000E3155000,3034026261,
1288,CRS3035RES1000mN2014000E3155000,3179889751,
1289,CRS3035RES1000mN2014000E3155000,3206611978,
1290,CRS3035RES1000mN2014000E3155000,3272828439,92.0
1291,CRS3035RES1000mN2014000E3155000,3452364276,
1292,CRS3035RES1000mN2014000E3155000,3452364277,118.0
1293,CRS3035RES1000mN2014000E3155000,3495733197,
1294,CRS3035RES1000mN2014000E3155000,3497154853,
1295,CRS3035RES1000mN2014000E3155000,3517755445,
1296,CRS3035RES1000mN2014000E3155000,3522125657,
1297,CRS3035RES1000mN2014000E3155000,3526751794,
1298,CRS3035RES1000mN2014000E3155000,3839306060,
1299,CRS3035RES1000mN2014000E3155000,4214697664,118.0
1300,CRS3035RES1000mN2014000E3155000,4338252586,
1301,CRS3035RES1000mN2014000E3155000,4401271633,
1302,CRS3035RES1000mN2014000E3155000,4515476768,
1303,CRS3035RES1000mN2014000E3155000,4569910891,110.0
1304,CRS3035RES1000mN2014000E3155000,4703730491,
1305,CRS3035RES1000mN2014000E3155000,4707870392,
1306,CRS3035RES1000mN2014000E3155000,4789037769,116.0
1307,CRS3035RES1000mN2014000E3155000,4794233143,
1308,CRS3035RES1000mN2014000E3155000,4870405674,115.0
1309,CRS3035RES1000mN2014000E3155000,5139379922,
1310,CRS3035RES1000mN2014000E3155000,5160337425,119.0
1311,CRS3035RES1000mN2014000E3155000,5196199575,
1312,CRS3035RES1000mN2014000E3155000,5341570554,114.0
1313,CRS3035RES1000mN2014000E3155000,5345949864,
1314,CRS3035RES1000mN2014000E3155000,5448507385,
1315,CRS3035RES1000mN2014000E3155000,5604693894,
1316,CRS3035RES1000mN2014000E3155000,5670401989,
1317,CRS3035RES1000mN2014000E3155000,5942671299,
1318,CRS3035RES1000mN2014000E3155000,5943980960,113.0
1319,CRS3035RES1000mN2014000E3155000,6185791451,
1320,CRS3035RES1000mN2014000E3155000,6188948286,
1321,CRS3035RES1000mN2014000E3155000,6555800191,94.0
1322,CRS3035RES1000mN2014000E3155000,6885254479,
1323,CRS3035RES1000mN2014000E3155000,7222611268,
1324,CRS3035RES1000mN2014000E3155000,7408961006,
1325,CRS3035RES1000mN2014000E3155000,7619964683,
1326,CRS3035RES1000mN2014000E3155000,7836562695,
1327,CRS3035RES1000mN2014000E3155000,8493729364,107.0
1328,CRS3035RES1000mN2014000E3155000,8557885377,
1329,CRS3035RES1000mN2014000E3155000,8807212208,117.0
1330,CRS3035RES1000mN2014000E3155000,8844229173,119.0
1331,CRS3035RES1000mN2014000E3155000,8878422600,
1332,CRS3035RES1000mN2014000E3155000,9595709188,
1333,CRS3035RES1000mN2014000E3155000,9611387099,110.0
1334,CRS3035RES1000mN2014000E3155000,9712656915,118.0
1335,CRS3035RES1000mN2014000E3155000,9713142744,111.0
1336,CRS3035RES1000mN2014000E3155000,9815746657,
1337,CRS3035RES1000mN2014000E3155000,10004871512,
1338,CRS3035RES1000mN2014000E3155000,10281174134,
1339,CRS3035RES1000mN2014000E3155000,10580337411,
1340,CRS3035RES1000mN2014000E3155000,10899442604,87.0
1341,CRS3035RES1000mN2014000E3155000,10922657146,84.0
1342,CRS3035RES1000mN2014000E3155000,11127499928,
1343,CRS3035RES1000mN2014000E3155000,11143725881,
1344,CRS3035RES1000mN2014000E3155000,11243087140,
1345,CRS3035RES1000mN2014000E3155000,11269399969,
1346,CRS3035RES1000mN2014000E3155000,11287269362,
1347,CRS3035RES1000mN2014000E3155000,11287269363,
1348,CRS3035RES1000mN2014000E3155000,11369705764,
1349,CRS3035RES1000mN2014000E3155000,11387776374,
1350,CRS3035RES1000mN2014000E3155000,11461799040,
1351,CRS3035RES1000mN2014000E3155000,11462802981,109.0
1352,CRS3035RES1000mN2014000E3155000,11652077658,
1353,CRS3035RES1000mN2014000E3155000,11691390164,119.0
1354,CRS3035RES1000mN2014000E3155000,11739757462,77.0
1355,CRS3035RES1000mN2014000E3155000,12178446726,118.0
1356,CRS3035RES1000mN2014000E3155000,12407425114,
1357,CRS3035RES1000mN2014000E3155000,12865480228,
1358,CRS3035RES1000mN2014000E3155000,2960630,106.0
1359,CRS3035RES1000mN2014000E3155000,3554044,106.0
1360,CRS3035RES1000mN2014000E3155000,3557906,77.0
1361,CRS3035RES1000mN2014000E3155000,5231361,
1362,CRS3035RES1000mN2014000E3155000,9314566,
1363,CRS3035RES1000mN2014000E3155000,13696257,
1364,CRS3035RES1000mN2014000E3155000,15996131,
1365,CRS3035RES1000mN2014000E3155000,23526191,
1366,CRS3035RES1000mN2014000E3155000,23545719,
1367,CRS3035RES1000mN2014000E3155000,30599279,92.0
1368,CRS3035RES1000mN2014000E3155000,30649229,
1369,CRS3035RES1000mN2014000E3155000,32198651,
1370,CRS3035RES1000mN2014000E3155000,34945111,75.0
1371,CRS3035RES1000mN2014000E3155000,50170625,
1372,CRS3035RES1000mN2014000E3155000,82887228,
1373,CRS3035RES1000mN2014000E3155000,92484952,
1374,CRS3035RES1000mN2014000E3155000,95794713,
1375,CRS3035RES1000mN2014000E3155000,96418670,91.0
1376,CRS3035RES1000mN2014000E3155000,98502686,
1377,CRS3035RES1000mN2014000E3155000,132613257,
1378,CRS3035RES1000mN2014000E3155000,135036040,
1379,CRS3035RES1000mN2014000E3155000,150772489,
1380,CRS3035RES1000mN2014000E3155000,154118456,
1381,CRS3035RES1000mN2014000E3155000,157375776,
1382,CRS3035RES1000mN2014000E3155000,158211204,99.0
1383,CRS3035RES1000mN2014000E3155000,162072415,83.0
1384,CRS3035RES1000mN2014000E3155000,162117720,
1385,CRS3035RES1000mN2014000E3155000,170487273,
1386,CRS3035RES1000mN2014000E3155000,172686062,115.0
1387,CRS3035RES1000mN2014000E3155000,174318235,88.0
1388,CRS3035RES1000mN2014000E3155000,174318237,83.0
1389,CRS3035RES1000mN2014000E3155000,205060159,
1390,CRS3035RES1000mN2014000E3155000,205757163,
1391,CRS3035RES1000mN2014000E3155000,221095520,
1392,CRS3035RES1000mN2014000E3155000,224503374,118.0
1393,CRS3035RES1000mN2014000E3155000,227333462,
1394,CRS3035RES1000mN2014000E3155000,229117454,
1395,CRS3035RES1000mN2014000E3155000,261460389,
1396,CRS3035RES1000mN2014000E3155000,283450022,112.0
1397,CRS3035RES1000mN2014000E3155000,288994040,102.0
1398,CRS3035RES1000mN2014000E3155000,296744564,
1399,CRS3035RES1000mN2014000E3155000,297526406,
1400,CRS3035RES1000mN2014000E3155000,300709861,105.0
1401,CRS3035RES1000mN2014000E3155000,301444634,
1402,CRS3035RES1000mN2014000E3155000,302721609,92.0
1403,CRS3035RES1000mN2014000E3155000,308195630,
1404,CRS3035RES1000mN2014000E3155000,312777902,112.0
1405,CRS3035RES1000mN2014000E3155000,330154630,
1406,CRS3035RES1000mN2014000E3155000,340205456,
1407,CRS3035RES1000mN2014000E3155000,367883612,
1408,CRS3035RES1000mN2014000E3155000,368211943,
1409,CRS3035RES1000mN2014000E3155000,374180360,
1410,CRS3035RES1000mN2014000E3155000,375369499,
1411,CRS3035RES1000mN2014000E3155000,383494544,
1412,CRS3035RES1000mN2014000E3155000,384574591,70.0
1413,CRS3035RES1000mN2014000E3155000,403538322,
1414,CRS3035RES1000mN2014000E3155000,403859503,
1415,CRS3035RES1000mN2014000E3155000,437050442,80.0
1416,CRS3035RES1000mN2014000E3155000,459881697,
1417,CRS3035RES1000mN2014000E3155000,477278425,
1418,CRS3035RES1000mN2014000E3155000,486879235,
1419,CRS3035RES1000mN2014000E3155000,493748377,89.0
1420,CRS3035RES1000mN2014000E3155000,498234201,91.0
1421,CRS3035RES1000mN2014000E3155000,504315026,
1422,CRS3035RES1000mN2014000E3155000,548701490,114.0
1423,CRS3035RES1000mN2014000E3155000,574210084,
1424,CRS3035RES1000mN2014000E3155000,576094143,91.0
1425,CRS3035RES1000mN2014000E3155000,584409067,
1426,CRS3035RES1000mN2014000E3155000,635512756,
1427,CRS3035RES1000mN2014000E3155000,638492224,
1428,CRS3035RES1000mN2014000E3155000,653913062,
1429,CRS3035RES1000mN2014000E3155000,659866770,
1430,CRS3035RES1000mN2014000E3155000,697717972,105.0
1431,CRS3035RES1000mN2014000E3155000,717194862,
1432,CRS3035RES1000mN2014000E3155000,736899303,
1433,CRS3035RES1000mN2014000E3155000,738042217,72.0
1434,CRS3035RES1000mN2014000E3155000,839611983,
1435,CRS3035RES1000mN2014000E3155000,957893520,104.0
1436,CRS3035RES1000mN2014000E3155000,963308110,
1437,CRS3035RES1000mN2014000E3155000,1073283182,84.0
1438,CRS3035RES1000mN2014000E3155000,1252864015,
1439,CRS3035RES1000mN2014000E3155000,1283203658,
1440,CRS3035RES1000mN2014000E3156000,25526,110.0
1441,CRS3035RES1000mN2014000E3156000,1774,87.0
1442,CRS3035RES1000mN2014000E3156000,1770,
1443,CRS3035RES1000mN2014000E3156000,1773,106.0
1444,CRS3035RES1000mN2014000E3156000,1771,106.0
1445,CRS3035RES1000mN2014000E3156000,123303,90.0
1446,CRS3035RES1000mN2014000E3156000,1764,104.0
1447,CRS3035RES1000mN2014000E3156000,181101,113.0
1448,CRS3035RES1000mN2014000E3156000,5765642,100.0
1449,CRS3035RES1000mN2014000E3156000,86719,79.0
1450,CRS3035RES1000mN2014000E3156000,1800,106.0
1451,CRS3035RES1000mN2014000E3156000,1757,105.0
1452,CRS3035RES1000mN2014000E3156000,1755,92.0
1453,CRS3035RES1000mN2014000E3156000,1882,105.0
1454,CRS3035RES1000mN2014000E3156000,1745,109.0
1455,CRS3035RES1000mN2014000E3156000,1794,109.0
1456,CRS3035RES1000mN2014000E3156000,1762,96.0
1457,CRS3035RES1000mN2014000E3156000,51188,110.0
1458,CRS3035RES1000mN2014000E3156000,6893633,99.0
1459,CRS3035RES1000mN2014000E3156000,167128,104.0
1460,CRS3035RES1000mN2014000E3156000,1760,108.0
1461,CRS3035RES1000mN2014000E3156000,12773298,83.0
1462,CRS3035RES1000mN2014000E3156000,1754,84.0
1463,CRS3035RES1000mN2014000E3156000,1748,108.0
1464,CRS3035RES1000mN2014000E3156000,79941,113.0
1465,CRS3035RES1000mN2014000E3156000,1750,116.0
1466,CRS3035RES1000mN2014000E3156000,5975465,100.0
1467,CRS3035RES1000mN2014000E3156000,115056,118.0
1468,CRS3035RES1000mN2014000E3156000,1790,118.0
1469,CRS3035RES1000mN2014000E3156000,1756,96.0
1470,CRS3035RES1000mN2014000E3156000,51849,105.0
1471,CRS3035RES1000mN2014000E3156000,185595,111.0
1472,CRS3035RES1000mN2014000E3156000,7697128,99.0
1473,CRS3035RES1000mN2014000E3156000,10395362,
1474,CRS3035RES1000mN2014000E3156000,1759,113.0
1475,CRS3035RES1000mN2014000E3156000,1752,97.0
1476,CRS3035RES1000mN2014000E3156000,186714,107.0
1477,CRS3035RES1000mN2014000E3156000,1753,99.0
1478,CRS3035RES1000mN2014000E3156000,1792,102.0
1479,CRS3035RES1000mN2014000E3156000,1763,89.0
1480,CRS3035RES1000mN2014000E3156000,1746,112.0
1481,CRS3035RES1000mN2014000E3156000,11572165,72.0
1482,CRS3035RES1000mN2014000E3156000,1761,94.0
1483,CRS3035RES1000mN2014000E3156000,1747,108.0
1484,CRS3035RES1000mN2014000E3156000,5768564,107.0
1485,CRS3035RES1000mN2014000E3156000,1798,92.0
1486,CRS3035RES1000mN2014000E3156000,66904,114.0
1487,CRS3035RES1000mN2014000E3156000,1777,100.0
1488,CRS3035RES1000mN2014000E3156000,1765,98.0
1489,CRS3035RES1000mN2014000E3156000,49416,107.0
1490,CRS3035RES1000mN2014000E3156000,12734939,107.0
1491,CRS3035RES1000mN2014000E3156000,167386167,94.0
1492,CRS3035RES1000mN2014000E3156000,295933804,100.0
1493,CRS3035RES1000mN2014000E3156000,303340017,113.0
1494,CRS3035RES1000mN2014000E3156000,315355551,
1495,CRS3035RES1000mN2014000E3156000,339084977,83.0
1496,CRS3035RES1000mN2014000E3156000,412911553,110.0
1497,CRS3035RES1000mN2014000E3156000,558126037,
1498,CRS3035RES1000mN2014000E3156000,711789768,
1499,CRS3035RES1000mN2014000E3156000,727666062,
1500,CRS3035RES1000mN2014000E3156000,848085869,106.0
1501,CRS3035RES1000mN2014000E3156000,1056098898,116.0
1502,CRS3035RES1000mN2014000E3156000,1255438242,
1503,CRS3035RES1000mN2014000E3156000,1469985039,
1504,CRS3035RES1000mN2014000E3156000,1504302537,
1505,CRS3035RES1000mN2014000E3156000,1511617504,
1506,CRS3035RES1000mN2014000E3156000,1541601287,
1507,CRS3035RES1000mN2014000E3156000,1544591296,114.0
1508,CRS3035RES1000mN2014000E3156000,1598174183,
1509,CRS3035RES1000mN2014000E3156000,1629887846,
1510,CRS3035RES1000mN2014000E3156000,1686660176,119.0
1511,CRS3035RES1000mN2014000E3156000,1716927336,65.0
1512,CRS3035RES1000mN2014000E3156000,1734554324,
1513,CRS3035RES1000mN2014000E3156000,1849109335,118.0
1514,CRS3035RES1000mN2014000E3156000,2028408680,
1515,CRS3035RES1000mN2014000E3156000,2036887702,
1516,CRS3035RES1000mN2014000E3156000,2061404218,
1517,CRS3035RES1000mN2014000E3156000,2134238030,
1518,CRS3035RES1000mN2014000E3156000,2261600754,
1519,CRS3035RES1000mN2014000E3156000,2301402027,
1520,CRS3035RES1000mN2014000E3156000,2303966810,
1521,CRS3035RES1000mN2014000E3156000,2312029862,
1522,CRS3035RES1000mN2014000E3156000,2408860250,
1523,CRS3035RES1000mN2014000E3156000,2620185829,111.0
1524,CRS3035RES1000mN2014000E3156000,2622508931,111.0
1525,CRS3035RES1000mN2014000E3156000,2672130951,117.0
1526,CRS3035RES1000mN2014000E3156000,2710518818,115.0
1527,CRS3035RES1000mN2014000E3156000,3034026261,
1528,CRS3035RES1000mN2014000E3156000,3179889751,
1529,CRS3035RES1000mN2014000E3156000,3206611978,
1530,CRS3035RES1000mN2014000E3156000,3272828439,107.0
1531,CRS3035RES1000mN2014000E3156000,3452364276,
1532,CRS3035RES1000mN2014000E3156000,3452364277,108.0
1533,CRS3035RES1000mN2014000E3156000,3495733197,
1534,CRS3035RES1000mN2014000E3156000,3497154853,
1535,CRS3035RES1000mN2014000E3156000,3517755445,
1536,CRS3035RES1000mN2014000E3156000,3522125657,
1537,CRS3035RES1000mN2014000E3156000,3526751794,
1538,CRS3035RES1000mN2014000E3156000,3839306060,
1539,CRS3035RES1000mN2014000E3156000,4214697664,102.0
1540,CRS3035RES1000mN2014000E3156000,4338252586,
1541,CRS3035RES1000mN2014000E3156000,4401271633,98.0
1542,CRS3035RES1000mN2014000E3156000,4515476768,
1543,CRS3035RES1000mN2014000E3156000,4569910891,102.0
1544,CRS3035RES1000mN2014000E3156000,4703730491,118.0
1545,CRS3035RES1000mN2014000E3156000,4707870392,111.0
1546,CRS3035RES1000mN2014000E3156000,4789037769,86.0
1547,CRS3035RES1000mN2014000E3156000,4794233143,
1548,CRS3035RES1000mN2014000E3156000,4870405674,108.0
1549,CRS3035RES1000mN2014000E3156000,5139379922,
1550,CRS3035RES1000mN2014000E3156000,5160337425,109.0
1551,CRS3035RES1000mN2014000E3156000,5196199575,
1552,CRS3035RES1000mN2014000E3156000,5341570554,97.0
1553,CRS3035RES1000mN2014000E3156000,5345949864,112.0
1554,CRS3035RES1000mN2014000E3156000,5448507385,
1555,CRS3035RES1000mN2014000E3156000,5604693894,
1556,CRS3035RES1000mN2014000E3156000,5670401989,
1557,CRS3035RES1000mN2014000E3156000,5942671299,119.0
1558,CRS3035RES1000mN2014000E3156000,5943980960,
1559,CRS3035RES1000mN2014000E3156000,6185791451,
1560,CRS3035RES1000mN2014000E3156000,6188948286,
1561,CRS3035RES1000mN2014000E3156000,6555800191,110.0
1562,CRS3035RES1000mN2014000E3156000,6885254479,119.0
1563,CRS3035RES1000mN2014000E3156000,7222611268,
1564,CRS3035RES1000mN2014000E3156000,7408961006,
1565,CRS3035RES1000mN2014000E3156000,7619964683,
1566,CRS3035RES1000mN2014000E3156000,7836562695,
1567,CRS3035RES1000mN2014000E3156000,8493729364,97.0
1568,CRS3035RES1000mN2014000E3156000,8557885377,
1569,CRS3035RES1000mN2014000E3156000,8807212208,107.0
1570,CRS3035RES1000mN2014000E3156000,8844229173,110.0
1571,CRS3035RES1000mN2014000E3156000,8878422600,
1572,CRS3035RES1000mN2014000E3156000,9595709188,115.0
1573,CRS3035RES1000mN2014000E3156000,9611387099,93.0
1574,CRS3035RES1000mN2014000E3156000,9712656915,105.0
1575,CRS3035RES1000mN2014000E3156000,9713142744,103.0
1576,CRS3035RES1000mN2014000E3156000,9815746657,
1577,CRS3035RES1000mN2014000E3156000,10004871512,
1578,CRS3035RES1000mN2014000E3156000,10281174134,
1579,CRS3035RES1000mN2014000E3156000,10580337411,
1580,CRS3035RES1000mN2014000E3156000,10899442604,103.0
1581,CRS3035RES1000mN2014000E3156000,10922657146,101.0
1582,CRS3035RES1000mN2014000E3156000,11127499928,
1583,CRS3035RES1000mN2014000E3156000,11143725881,
1584,CRS3035RES1000mN2014000E3156000,11243087140,
1585,CRS3035RES1000mN2014000E3156000,11269399969,119.0
1586,CRS3035RES1000mN2014000E3156000,11287269362,
1587,CRS3035RES1000mN2014000E3156000,11287269363,
1588,CRS3035RES1000mN2014000E3156000,11369705764,
1589,CRS3035RES1000mN2014000E3156000,11387776374,115.0
1590,CRS3035RES1000mN2014000E3156000,11461799040,
1591,CRS3035RES1000mN2014000E3156000,11462802981,102.0
1592,CRS3035RES1000mN2014000E3156000,11652077658,
1593,CRS3035RES1000mN2014000E3156000,11691390164,110.0
1594,CRS3035RES1000mN2014000E3156000,11739757462,80.0
1595,CRS3035RES1000mN2014000E3156000,12178446726,101.0
1596,CRS3035RES1000mN2014000E3156000,12407425114,
1597,CRS3035RES1000mN2014000E3156000,12865480228,
1598,CRS3035RES1000mN2014000E3156000,2960630,
1599,CRS3035RES1000mN2014000E3156000,3554044,
1600,CRS3035RES1000mN2014000E3156000,3557906,82.0
1601,CRS3035RES1000mN2014000E3156000,5231361,115.0
1602,CRS3035RES1000mN2014000E3156000,9314566,
1603,CRS3035RES1000mN2014000E3156000,13696257,
1604,CRS3035RES1000mN2014000E3156000,15996131,111.0
1605,CRS3035RES1000mN2014000E3156000,23526191,111.0
1606,CRS3035RES1000mN2014000E3156000,23545719,
1607,CRS3035RES1000mN2014000E3156000,30599279,97.0
1608,CRS3035RES1000mN2014000E3156000,30649229,111.0
1609,CRS3035RES1000mN2014000E3156000,32198651,
1610,CRS3035RES1000mN2014000E3156000,34945111,91.0
1611,CRS3035RES1000mN2014000E3156000,50170625,
1612,CRS3035RES1000mN2014000E3156000,82887228,
1613,CRS3035RES1000mN2014000E3156000,92484952,
1614,CRS3035RES1000mN2014000E3156000,95794713,112.0
1615,CRS3035RES1000mN2014000E3156000,96418670,107.0
1616,CRS3035RES1000mN2014000E3156000,98502686,117.0
1617,CRS3035RES1000mN2014000E3156000,132613257,113.0
1618,CRS3035RES1000mN2014000E3156000,135036040,
1619,CRS3035RES1000mN2014000E3156000,150772489,114.0
1620,CRS3035RES1000mN2014000E3156000,154118456,
1621,CRS3035RES1000mN2014000E3156000,157375776,
1622,CRS3035RES1000mN2014000E3156000,158211204,116.0
1623,CRS3035RES1000mN2014000E3156000,162072415,87.0
1624,CRS3035RES1000mN2014000E3156000,162117720,
1625,CRS3035RES1000mN2014000E3156000,170487273,
1626,CRS3035RES1000mN2014000E3156000,172686062,
1627,CRS3035RES1000mN2014000E3156000,174318235,106.0
1628,CRS3035RES1000mN2014000E3156000,174318237,99.0
1629,CRS3035RES1000mN2014000E3156000,205060159,
1630,CRS3035RES1000mN2014000E3156000,205757163,
1631,CRS3035RES1000mN2014000E3156000,221095520,
1632,CRS3035RES1000mN2014000E3156000,224503374,106.0
1633,CRS3035RES1000mN2014000E3156000,227333462,118.0
1634,CRS3035RES1000mN2014000E3156000,229117454,
1635,CRS3035RES1000mN2014000E3156000,261460389,
1636,CRS3035RES1000mN2014000E3156000,283450022,101.0
1637,CRS3035RES1000mN2014000E3156000,288994040,84.0
1638,CRS3035RES1000mN2014000E3156000,296744564,
1639,CRS3035RES1000mN2014000E3156000,297526406,
1640,CRS3035RES1000mN2014000E3156000,300709861,
1641,CRS3035RES1000mN2014000E3156000,301444634,
1642,CRS3035RES1000mN2014000E3156000,302721609,72.0
1643,CRS3035RES1000mN2014000E3156000,308195630,
1644,CRS3035RES1000mN2014000E3156000,312777902,94.0
1645,CRS3035RES1000mN2014000E3156000,330154630,
1646,CRS3035RES1000mN2014000E3156000,340205456,112.0
1647,CRS3035RES1000mN2014000E3156000,367883612,
1648,CRS3035RES1000mN2014000E3156000,368211943,
1649,CRS3035RES1000mN2014000E3156000,374180360,
1650,CRS3035RES1000mN2014000E3156000,375369499,
1651,CRS3035RES1000mN2014000E3156000,383494544,116.0
1652,CRS3035RES1000mN2014000E3156000,384574591,81.0
1653,CRS3035RES1000mN2014000E3156000,403538322,
1654,CRS3035RES1000mN2014000E3156000,403859503,112.0
1655,CRS3035RES1000mN2014000E3156000,437050442,81.0
1656,CRS3035RES1000mN2014000E3156000,459881697,119.0
1657,CRS3035RES1000mN2014000E3156000,477278425,
1658,CRS3035RES1000mN2014000E3156000,486879235,
1659,CRS3035RES1000mN2014000E3156000,493748377,94.0
1660,CRS3035RES1000mN2014000E3156000,498234201,82.0
1661,CRS3035RES1000mN2014000E3156000,504315026,
1662,CRS3035RES1000mN2014000E3156000,548701490,114.0
1663,CRS3035RES1000mN2014000E3156000,574210084,
1664,CRS3035RES1000mN2014000E3156000,576094143,95.0
1665,CRS3035RES1000mN2014000E3156000,584409067,
1666,CRS3035RES1000mN2014000E3156000,635512756,
1667,CRS3035RES1000mN2014000E3156000,638492224,
1668,CRS3035RES1000mN2014000E3156000,653913062,
1669,CRS3035RES1000mN2014000E3156000,659866770,
1670,CRS3035RES1000mN2014000E3156000,697717972,118.0
1671,CRS3035RES1000mN2014000E3156000,717194862,
1672,CRS3035RES1000mN2014000E3156000,736899303,
1673,CRS3035RES1000mN2014000E3156000,738042217,49.0
1674,CRS3035RES1000mN2014000E3156000,839611983,
1675,CRS3035RES1000mN2014000E3156000,957893520,93.0
1676,CRS3035RES1000mN2014000E3156000,963308110,
1677,CRS3035RES1000mN2014000E3156000,1073283182,64.0
1678,CRS3035RES1000mN2014000E3156000,1252864015,117.0
1679,CRS3035RES1000mN2014000E3156000,1283203658,
1680,CRS3035RES1000mN2014000E3157000,25526,83.0
1681,CRS3035RES1000mN2014000E3157000,1774,61.0
1682,CRS3035RES1000mN2014000E3157000,1770,97.0
1683,CRS3035RES1000mN2014000E3157000,1773,82.0
1684,CRS3035RES1000mN2014000E3157000,1771,81.0
1685,CRS3035RES1000mN2014000E3157000,123303,63.0
1686,CRS3035RES1000mN2014000E3157000,1764,79.0
1687,CRS3035RES1000mN2014000E3157000,181101,83.0
1688,CRS3035RES1000mN2014000E3157000,5765642,77.0
1689,CRS3035RES1000mN2014000E3157000,86719,53.0
1690,CRS3035RES1000mN2014000E3157000,1800,81.0
1691,CRS3035RES1000mN2014000E3157000,1757,79.0
1692,CRS3035RES1000mN2014000E3157000,1755,65.0
1693,CRS3035RES1000mN2014000E3157000,1882,80.0
1694,CRS3035RES1000mN2014000E3157000,1745,84.0
1695,CRS3035RES1000mN2014000E3157000,1794,85.0
1696,CRS3035RES1000mN2014000E3157000,1762,70.0
1697,CRS3035RES1000mN2014000E3157000,51188,85.0
1698,CRS3035RES1000mN2014000E3157000,6893633,75.0
1699,CRS3035RES1000mN2014000E3157000,167128,80.0
1700,CRS3035RES1000mN2014000E3157000,1760,84.0
1701,CRS3035RES1000mN2014000E3157000,12773298,57.0
1702,CRS3035RES1000mN2014000E3157000,1754,57.0
1703,CRS3035RES1000mN2014000E3157000,1748,82.0
1704,CRS3035RES1000mN2014000E3157000,79941,86.0
1705,CRS3035RES1000mN2014000E3157000,1750,90.0
1706,CRS3035RES1000mN2014000E3157000,5975465,73.0
1707,CRS3035RES1000mN2014000E3157000,115056,95.0
1708,CRS3035RES1000mN2014000E3157000,1790,93.0
1709,CRS3035RES1000mN2014000E3157000,1756,71.0
1710,CRS3035RES1000mN2014000E3157000,51849,79.0
1711,CRS3035RES1000mN2014000E3157000,185595,86.0
1712,CRS3035RES1000mN2014000E3157000,7697128,73.0
1713,CRS3035RES1000mN2014000E3157000,10395362,101.0
1714,CRS3035RES1000mN2014000E3157000,1759,87.0
1715,CRS3035RES1000mN2014000E3157000,1752,73.0
1716,CRS3035RES1000mN2014000E3157000,186714,82.0
1717,CRS3035RES1000mN2014000E3157000,1753,75.0
1718,CRS3035RES1000mN2014000E3157000,1792,79.0
1719,CRS3035RES1000mN2014000E3157000,1763,63.0
1720,CRS3035RES1000mN2014000E3157000,1746,86.0
1721,CRS3035RES1000mN2014000E3157000,11572165,45.0
1722,CRS3035RES1000mN2014000E3157000,1761,70.0
1723,CRS3035RES1000mN2014000E3157000,1747,85.0
1724,CRS3035RES1000mN2014000E3157000,5768564,81.0
1725,CRS3035RES1000mN2014000E3157000,1798,65.0
1726,CRS3035RES1000mN2014000E3157000,66904,87.0
1727,CRS3035RES1000mN2014000E3157000,1777,75.0
1728,CRS3035RES1000mN2014000E3157000,1765,73.0
1729,CRS3035RES1000mN2014000E3157000,49416,80.0
1730,CRS3035RES1000mN2014000E3157000,12734939,80.0
1731,CRS3035RES1000mN2014000E3157000,167386167,67.0
1732,CRS3035RES1000mN2014000E3157000,295933804,80.0
1733,CRS3035RES1000mN2014000E3157000,303340017,100.0
1734,CRS3035RES1000mN2014000E3157000,315355551,97.0
1735,CRS3035RES1000mN2014000E3157000,339084977,56.0
1736,CRS3035RES1000mN2014000E3157000,412911553,85.0
1737,CRS3035RES1000mN2014000E3157000,558126037,105.0
1738,CRS3035RES1000mN2014000E3157000,711789768,119.0
1739,CRS3035RES1000mN2014000E3157000,727666062,
1740,CRS3035RES1000mN2014000E3157000,848085869,80.0
1741,CRS3035RES1000mN2014000E3157000,1056098898,92.0
1742,CRS3035RES1000mN2014000E3157000,1255438242,
1743,CRS3035RES1000mN2014000E3157000,1469985039,93.0
1744,CRS3035RES1000mN2014000E3157000,1504302537,98.0
1745,CRS3035RES1000mN2014000E3157000,1511617504,100.0
1746,CRS3035RES1000mN2014000E3157000,1541601287,111.0
1747,CRS3035RES1000mN2014000E3157000,1544591296,87.0
1748,CRS3035RES1000mN2014000E3157000,1598174183,88.0
1749,CRS3035RES1000mN2014000E3157000,1629887846,94.0
1750,CRS3035RES1000mN2014000E3157000,1686660176,95.0
1751,CRS3035RES1000mN2014000E3157000,1716927336,38.0
1752,CRS3035RES1000mN2014000E3157000,1734554324,97.0
1753,CRS3035RES1000mN2014000E3157000,1849109335,105.0
1754,CRS3035RES1000mN2014000E3157000,2028408680,108.0
1755,CRS3035RES1000mN2014000E3157000,2036887702,
1756,CRS3035RES1000mN2014000E3157000,2061404218,108.0
1757,CRS3035RES1000mN2014000E3157000,2134238030,99.0
1758,CRS3035RES1000mN2014000E3157000,2261600754,
1759,CRS3035RES1000mN2014000E3157000,2301402027,104.0
1760,CRS3035RES1000mN2014000E3157000,2303966810,111.0
1761,CRS3035RES1000mN2014000E3157000,2312029862,91.0
1762,CRS3035RES1000mN2014000E3157000,2408860250,
1763,CRS3035RES1000mN2014000E3157000,2620185829,86.0
1764,CRS3035RES1000mN2014000E3157000,2622508931,88.0
1765,CRS3035RES1000mN2014000E3157000,2672130951,106.0
1766,CRS3035RES1000mN2014000E3157000,2710518818,88.0
1767,CRS3035RES1000mN2014000E3157000,3034026261,
1768,CRS3035RES1000mN2014000E3157000,3179889751,
1769,CRS3035RES1000mN2014000E3157000,3206611978,
1770,CRS3035RES1000mN2014000E3157000,3272828439,82.0
1771,CRS3035RES1000mN2014000E3157000,3452364276,98.0
1772,CRS3035RES1000mN2014000E3157000,3452364277,82.0
1773,CRS3035RES1000mN2014000E3157000,3495733197,
1774,CRS3035RES1000mN2014000E3157000,3497154853,
1775,CRS3035RES1000mN2014000E3157000,3517755445,
1776,CRS3035RES1000mN2014000E3157000,3522125657,
1777,CRS3035RES1000mN2014000E3157000,3526751794,
1778,CRS3035RES1000mN2014000E3157000,3839306060,95.0
1779,CRS3035RES1000mN2014000E3157000,4214697664,76.0
1780,CRS3035RES1000mN2014000E3157000,4338252586,
1781,CRS3035RES1000mN2014000E3157000,4401271633,79.0
1782,CRS3035RES1000mN2014000E3157000,4515476768,
1783,CRS3035RES1000mN2014000E3157000,4569910891,75.0
1784,CRS3035RES1000mN2014000E3157000,4703730491,91.0
1785,CRS3035RES1000mN2014000E3157000,4707870392,87.0
1786,CRS3035RES1000mN2014000E3157000,4789037769,61.0
1787,CRS3035RES1000mN2014000E3157000,4794233143,
1788,CRS3035RES1000mN2014000E3157000,4870405674,82.0
1789,CRS3035RES1000mN2014000E3157000,5139379922,
1790,CRS3035RES1000mN2014000E3157000,5160337425,83.0
1791,CRS3035RES1000mN2014000E3157000,5196199575,108.0
1792,CRS3035RES1000mN2014000E3157000,5341570554,71.0
1793,CRS3035RES1000mN2014000E3157000,5345949864,85.0
1794,CRS3035RES1000mN2014000E3157000,5448507385,
1795,CRS3035RES1000mN2014000E3157000,5604693894,
1796,CRS3035RES1000mN2014000E3157000,5670401989,
1797,CRS3035RES1000mN2014000E3157000,5942671299,87.0
1798,CRS3035RES1000mN2014000E3157000,5943980960,105.0
1799,CRS3035RES1000mN2014000E3157000,6185791451,
1800,CRS3035RES1000mN2014000E3157000,6188948286,101.0
1801,CRS3035RES1000mN2014000E3157000,6555800191,85.0
1802,CRS3035RES1000mN2014000E3157000,6885254479,92.0
1803,CRS3035RES1000mN2014000E3157000,7222611268,
1804,CRS3035RES1000mN2014000E3157000,7408961006,118.0
1805,CRS3035RES1000mN2014000E3157000,7619964683,
1806,CRS3035RES1000mN2014000E3157000,7836562695,119.0
1807,CRS3035RES1000mN2014000E3157000,8493729364,72.0
1808,CRS3035RES1000mN2014000E3157000,8557885377,
1809,CRS3035RES1000mN2014000E3157000,8807212208,82.0
1810,CRS3035RES1000mN2014000E3157000,8844229173,84.0
1811,CRS3035RES1000mN2014000E3157000,8878422600,102.0
1812,CRS3035RES1000mN2014000E3157000,9595709188,88.0
1813,CRS3035RES1000mN2014000E3157000,9611387099,66.0
1814,CRS3035RES1000mN2014000E3157000,9712656915,80.0
1815,CRS3035RES1000mN2014000E3157000,9713142744,76.0
1816,CRS3035RES1000mN2014000E3157000,9815746657,
1817,CRS3035RES1000mN2014000E3157000,10004871512,91.0
1818,CRS3035RES1000mN2014000E3157000,10281174134,
1819,CRS3035RES1000mN2014000E3157000,10580337411,99.0
1820,CRS3035RES1000mN2014000E3157000,10899442604,77.0
1821,CRS3035RES1000mN2014000E3157000,10922657146,75.0
1822,CRS3035RES1000mN2014000E3157000,11127499928,105.0
1823,CRS3035RES1000mN2014000E3157000,11143725881,103.0
1824,CRS3035RES1000mN2014000E3157000,11243087140,100.0
1825,CRS3035RES1000mN2014000E3157000,11269399969,96.0
1826,CRS3035RES1000mN2014000E3157000,11287269362,95.0
1827,CRS3035RES1000mN2014000E3157000,11287269363,115.0
1828,CRS3035RES1000mN2014000E3157000,11369705764,106.0
1829,CRS3035RES1000mN2014000E3157000,11387776374,88.0
1830,CRS3035RES1000mN2014000E3157000,11461799040,
1831,CRS3035RES1000mN2014000E3157000,11462802981,75.0
1832,CRS3035RES1000mN2014000E3157000,11652077658,107.0
1833,CRS3035RES1000mN2014000E3157000,11691390164,84.0
1834,CRS3035RES1000mN2014000E3157000,11739757462,50.0
1835,CRS3035RES1000mN2014000E3157000,12178446726,76.0
1836,CRS3035RES1000mN2014000E3157000,12407425114,103.0
1837,CRS3035RES1000mN2014000E3157000,12865480228,96.0
1838,CRS3035RES1000mN2014000E3157000,2960630,92.0
1839,CRS3035RES1000mN2014000E3157000,3554044,102.0
1840,CRS3035RES1000mN2014000E3157000,3557906,52.0
1841,CRS3035RES1000mN2014000E3157000,5231361,90.0
1842,CRS3035RES1000mN2014000E3157000,9314566,118.0
1843,CRS3035RES1000mN2014000E3157000,13696257,111.0
1844,CRS3035RES1000mN2014000E3157000,15996131,90.0
1845,CRS3035RES1000mN2014000E3157000,23526191,87.0
1846,CRS3035RES1000mN2014000E3157000,23545719,95.0
1847,CRS3035RES1000mN2014000E3157000,30599279,73.0
1848,CRS3035RES1000mN2014000E3157000,30649229,88.0
1849,CRS3035RES1000mN2014000E3157000,32198651,
1850,CRS3035RES1000mN2014000E3157000,34945111,64.0
1851,CRS3035RES1000mN2014000E3157000,50170625,
1852,CRS3035RES1000mN2014000E3157000,82887228,111.0
1853,CRS3035RES1000mN2014000E3157000,92484952,109.0
1854,CRS3035RES1000mN2014000E3157000,95794713,85.0
1855,CRS3035RES1000mN2014000E3157000,96418670,81.0
1856,CRS3035RES1000mN2014000E3157000,98502686,96.0
1857,CRS3035RES1000mN2014000E3157000,132613257,89.0
1858,CRS3035RES1000mN2014000E3157000,135036040,97.0
1859,CRS3035RES1000mN2014000E3157000,150772489,89.0
1860,CRS3035RES1000mN2014000E3157000,154118456,99.0
1861,CRS3035RES1000mN2014000E3157000,157375776,102.0
1862,CRS3035RES1000mN2014000E3157000,158211204,90.0
1863,CRS3035RES1000mN2014000E3157000,162072415,64.0
1864,CRS3035RES1000mN2014000E3157000,162117720,107.0
1865,CRS3035RES1000mN2014000E3157000,170487273,118.0
1866,CRS3035RES1000mN2014000E3157000,172686062,96.0
1867,CRS3035RES1000mN2014000E3157000,174318235,80.0
1868,CRS3035RES1000mN2014000E3157000,174318237,73.0
1869,CRS3035RES1000mN2014000E3157000,205060159,
1870,CRS3035RES1000mN2014000E3157000,205757163,
1871,CRS3035RES1000mN2014000E3157000,221095520,102.0
1872,CRS3035RES1000mN2014000E3157000,224503374,80.0
1873,CRS3035RES1000mN2014000E3157000,227333462,92.0
1874,CRS3035RES1000mN2014000E3157000,229117454,102.0
1875,CRS3035RES1000mN2014000E3157000,261460389,
1876,CRS3035RES1000mN2014000E3157000,283450022,75.0
1877,CRS3035RES1000mN2014000E3157000,288994040,57.0
1878,CRS3035RES1000mN2014000E3157000,296744564,
1879,CRS3035RES1000mN2014000E3157000,297526406,103.0
1880,CRS3035RES1000mN2014000E3157000,300709861,97.0
1881,CRS3035RES1000mN2014000E3157000,301444634,
1882,CRS3035RES1000mN2014000E3157000,302721609,47.0
1883,CRS3035RES1000mN2014000E3157000,308195630,
1884,CRS3035RES1000mN2014000E3157000,312777902,67.0
1885,CRS3035RES1000mN2014000E3157000,330154630,
1886,CRS3035RES1000mN2014000E3157000,340205456,88.0
1887,CRS3035RES1000mN2014000E3157000,367883612,109.0
1888,CRS3035RES1000mN2014000E3157000,368211943,109.0
1889,CRS3035RES1000mN2014000E3157000,374180360,97.0
1890,CRS3035RES1000mN2014000E3157000,375369499,93.0
1891,CRS3035RES1000mN2014000E3157000,383494544,89.0
1892,CRS3035RES1000mN2014000E3157000,384574591,51.0
1893,CRS3035RES1000mN2014000E3157000,403538322,118.0
1894,CRS3035RES1000mN2014000E3157000,403859503,86.0
1895,CRS3035RES1000mN2014000E3157000,437050442,60.0
1896,CRS3035RES1000mN2014000E3157000,459881697,93.0
1897,CRS3035RES1000mN2014000E3157000,477278425,
1898,CRS3035RES1000mN2014000E3157000,486879235,
1899,CRS3035RES1000mN2014000E3157000,493748377,71.0
1900,CRS3035RES1000mN2014000E3157000,498234201,67.0
1901,CRS3035RES1000mN2014000E3157000,504315026,97.0
1902,CRS3035RES1000mN2014000E3157000,548701490,93.0
1903,CRS3035RES1000mN2014000E3157000,574210084,119.0
1904,CRS3035RES1000mN2014000E3157000,576094143,73.0
1905,CRS3035RES1000mN2014000E3157000,584409067,109.0
1906,CRS3035RES1000mN2014000E3157000,635512756,103.0
1907,CRS3035RES1000mN2014000E3157000,638492224,110.0
1908,CRS3035RES1000mN2014000E3157000,653913062,105.0
1909,CRS3035RES1000mN2014000E3157000,659866770,
1910,CRS3035RES1000mN2014000E3157000,697717972,94.0
1911,CRS3035RES1000mN2014000E3157000,717194862,
1912,CRS3035RES1000mN2014000E3157000,736899303,
1913,CRS3035RES1000mN2014000E3157000,738042217,33.0
1914,CRS3035RES1000mN2014000E3157000,839611983,
1915,CRS3035RES1000mN2014000E3157000,957893520,66.0
1916,CRS3035RES1000mN2014000E3157000,963308110,96.0
1917,CRS3035RES1000mN2014000E3157000,1073283182,39.0
1918,CRS3035RES1000mN2014000E3157000,1252864015,88.0
1919,CRS3035RES1000mN2014000E3157000,1283203658,
1920,CRS3035RES1000mN2014000E3158000,25526,
1921,CRS3035RES1000mN2014000E3158000,1774,
1922,CRS3035RES1000mN2014000E3158000,1770,
1923,CRS3035RES1000mN2014000E3158000,1773,
1924,CRS3035RES1000mN2014000E3158000,1771,
1925,CRS3035RES1000mN2014000E3158000,123303,
1926,CRS3035RES1000mN2014000E3158000,1764,
1927,CRS3035RES1000mN2014000E3158000,181101,
1928,CRS3035RES1000mN2014000E3158000,5765642,
1929,CRS3035RES1000mN2014000E3158000,86719,117.0
1930,CRS3035RES1000mN2014000E3158000,1800,
1931,CRS3035RES1000mN2014000E3158000,1757,
1932,CRS3035RES1000mN2014000E3158000,1755,
1933,CRS3035RES1000mN2014000E3158000,1882,
1934,CRS3035RES1000mN2014000E3158000,1745,
1935,CRS3035RES1000mN2014000E3158000,1794,
1936,CRS3035RES1000mN2014000E3158000,1762,
1937,CRS3035RES1000mN2014000E3158000,51188,
1938,CRS3035RES1000mN2014000E3158000,6893633,
1939,CRS3035RES1000mN2014000E3158000,167128,
1940,CRS3035RES1000mN2014000E3158000,1760,
1941,CRS3035RES1000mN2014000E3158000,12773298,115.0
1942,CRS3035RES1000mN2014000E3158000,1754,
1943,CRS3035RES1000mN2014000E3158000,1748,
1944,CRS3035RES1000mN2014000E3158000,79941,
1945,CRS3035RES1000mN2014000E3158000,1750,
1946,CRS3035RES1000mN2014000E3158000,5975465,
1947,CRS3035RES1000mN2014000E3158000,115056,
1948,CRS3035RES1000mN2014000E3158000,1790,
1949,CRS3035RES1000mN2014000E3158000,1756,
1950,CRS3035RES1000mN2014000E3158000,51849,
1951,CRS3035RES1000mN2014000E3158000,185595,
1952,CRS3035RES1000mN2014000E3158000,7697128,
1953,CRS3035RES1000mN2014000E3158000,10395362,
1954,CRS3035RES1000mN2014000E3158000,1759,
1955,CRS3035RES1000mN2014000E3158000,1752,
1956,CRS3035RES1000mN2014000E3158000,186714,
1957,CRS3035RES1000mN2014000E3158000,1753,
1958,CRS3035RES1000mN2014000E3158000,1792,
1959,CRS3035RES1000mN2014000E3158000,1763,
1960,CRS3035RES1000mN2014000E3158000,1746,
1961,CRS3035RES1000mN2014000E3158000,11572165,113.0
1962,CRS3035RES1000mN2014000E3158000,1761,
1963,CRS3035RES1000mN2014000E3158000,1747,
1964,CRS3035RES1000mN2014000E3158000,5768564,
1965,CRS3035RES1000mN2014000E3158000,1798,
1966,CRS3035RES1000mN2014000E3158000,66904,
1967,CRS3035RES1000mN2014000E3158000,1777,
1968,CRS3035RES1000mN2014000E3158000,1765,
1969,CRS3035RES1000mN2014000E3158000,49416,
1970,CRS3035RES1000mN2014000E3158000,12734939,
1971,CRS3035RES1000mN2014000E3158000,167386167,
1972,CRS3035RES1000mN2014000E3158000,295933804,
1973,CRS3035RES1000mN2014000E3158000,303340017,
1974,CRS3035RES1000mN2014000E3158000,315355551,
1975,CRS3035RES1000mN2014000E3158000,339084977,
1976,CRS3035RES1000mN2014000E3158000,412911553,
1977,CRS3035RES1000mN2014000E3158000,558126037,
1978,CRS3035RES1000mN2014000E3158000,711789768,
1979,CRS3035RES1000mN2014000E3158000,727666062,
1980,CRS3035RES1000mN2014000E3158000,848085869,
1981,CRS3035RES1000mN2014000E3158000,1056098898,
1982,CRS3035RES1000mN2014000E3158000,1255438242,
1983,CRS3035RES1000mN2014000E3158000,1469985039,
1984,CRS3035RES1000mN2014000E3158000,1504302537,
1985,CRS3035RES1000mN2014000E3158000,1511617504,
1986,CRS3035RES1000mN2014000E3158000,1541601287,
1987,CRS3035RES1000mN2014000E3158000,1544591296,
1988,CRS3035RES1000mN2014000E3158000,1598174183,
1989,CRS3035RES1000mN2014000E3158000,1629887846,
1990,CRS3035RES1000mN2014000E3158000,1686660176,
1991,CRS3035RES1000mN2014000E3158000,1716927336,101.0
1992,CRS3035RES1000mN2014000E3158000,1734554324,
1993,CRS3035RES1000mN2014000E3158000,1849109335,
1994,CRS3035RES1000mN2014000E3158000,2028408680,
1995,CRS3035RES1000mN2014000E3158000,2036887702,
1996,CRS3035RES1000mN2014000E3158000,2061404218,
1997,CRS3035RES1000mN2014000E3158000,2134238030,
1998,CRS3035RES1000mN2014000E3158000,2261600754,
1999,CRS3035RES1000mN2014000E3158000,2301402027,
2000,CRS3035RES1000mN2014000E3158000,2303966810,
2001,CRS3035RES1000mN2014000E3158000,2312029862,
2002,CRS3035RES1000mN2014000E3158000,2408860250,
2003,CRS3035RES1000mN2014000E3158000,2620185829,
2004,CRS3035RES1000mN2014000E3158000,2622508931,
2005,CRS3035RES1000mN2014000E3158000,2672130951,
2006,CRS3035RES1000mN2014000E3158000,2710518818,
2007,CRS3035RES1000mN2014000E3158000,3034026261,
2008,CRS3035RES1000mN2014000E3158000,3179889751,
2009,CRS3035RES1000mN2014000E3158000,3206611978,
2010,CRS3035RES1000mN2014000E3158000,3272828439,
2011,CRS3035RES1000mN2014000E3158000,3452364276,
2012,CRS3035RES1000mN2014000E3158000,3452364277,
2013,CRS3035RES1000mN2014000E3158000,3495733197,
2014,CRS3035RES1000mN2014000E3158000,3497154853,
2015,CRS3035RES1000mN2014000E3158000,3517755445,
2016,CRS3035RES1000mN2014000E3158000,3522125657,
2017,CRS3035RES1000mN2014000E3158000,3526751794,
2018,CRS3035RES1000mN2014000E3158000,3839306060,
2019,CRS3035RES1000mN2014000E3158000,4214697664,
2020,CRS3035RES1000mN2014000E3158000,4338252586,
2021,CRS3035RES1000mN2014000E3158000,4401271633,
2022,CRS3035RES1000mN2014000E3158000,4515476768,
2023,CRS3035RES1000mN2014000E3158000,4569910891,
2024,CRS3035RES1000mN2014000E3158000,4703730491,
2025,CRS3035RES1000mN2014000E3158000,4707870392,
2026,CRS3035RES1000mN2014000E3158000,4789037769,117.0
2027,CRS3035RES1000mN2014000E3158000,4794233143,
2028,CRS3035RES1000mN2014000E3158000,4870405674,
2029,CRS3035RES1000mN2014000E3158000,5139379922,
2030,CRS3035RES1000mN2014000E3158000,5160337425,
2031,CRS3035RES1000mN2014000E3158000,5196199575,
2032,CRS3035RES1000mN2014000E3158000,5341570554,
2033,CRS3035RES1000mN2014000E3158000,5345949864,
2034,CRS3035RES1000mN2014000E3158000,5448507385,
2035,CRS3035RES1000mN2014000E3158000,5604693894,
2036,CRS3035RES1000mN2014000E3158000,5670401989,
2037,CRS3035RES1000mN2014000E3158000,5942671299,
2038,CRS3035RES1000mN2014000E3158000,5943980960,
2039,CRS3035RES1000mN2014000E3158000,6185791451,
2040,CRS3035RES1000mN2014000E3158000,6188948286,
2041,CRS3035RES1000mN2014000E3158000,6555800191,
2042,CRS3035RES1000mN2014000E3158000,6885254479,
2043,CRS3035RES1000mN2014000E3158000,7222611268,
2044,CRS3035RES1000mN2014000E3158000,7408961006,
2045,CRS3035RES1000mN2014000E3158000,7619964683,
2046,CRS3035RES1000mN2014000E3158000,7836562695,
2047,CRS3035RES1000mN2014000E3158000,8493729364,
2048,CRS3035RES1000mN2014000E3158000,8557885377,
2049,CRS3035RES1000mN2014000E3158000,8807212208,
2050,CRS3035RES1000mN2014000E3158000,8844229173,
2051,CRS3035RES1000mN2014000E3158000,8878422600,
2052,CRS3035RES1000mN2014000E3158000,9595709188,
2053,CRS3035RES1000mN2014000E3158000,9611387099,
2054,CRS3035RES1000mN2014000E3158000,9712656915,
2055,CRS3035RES1000mN2014000E3158000,9713142744,
2056,CRS3035RES1000mN2014000E3158000,9815746657,
2057,CRS3035RES1000mN2014000E3158000,10004871512,
2058,CRS3035RES1000mN2014000E3158000,10281174134,
2059,CRS3035RES1000mN2014000E3158000,10580337411,
2060,CRS3035RES1000mN2014000E3158000,10899442604,
2061,CRS3035RES1000mN2014000E3158000,10922657146,119.0
2062,CRS3035RES1000mN2014000E3158000,11127499928,
2063,CRS3035RES1000mN2014000E3158000,11143725881,
2064,CRS3035RES1000mN2014000E3158000,11243087140,
2065,CRS3035RES1000mN2014000E3158000,11269399969,
2066,CRS3035RES1000mN2014000E3158000,11287269362,
2067,CRS3035RES1000mN2014000E3158000,11287269363,
2068,CRS3035RES1000mN2014000E3158000,11369705764,
2069,CRS3035RES1000mN2014000E3158000,11387776374,
2070,CRS3035RES1000mN2014000E3158000,11461799040,
2071,CRS3035RES1000mN2014000E3158000,11462802981,
2072,CRS3035RES1000mN2014000E3158000,11652077658,
2073,CRS3035RES1000mN2014000E3158000,11691390164,
2074,CRS3035RES1000mN2014000E3158000,11739757462,102.0
2075,CRS3035RES1000mN2014000E3158000,12178446726,
2076,CRS3035RES1000mN2014000E3158000,12407425114,
2077,CRS3035RES1000mN2014000E3158000,12865480228,
2078,CRS3035RES1000mN2014000E3158000,2960630,
2079,CRS3035RES1000mN2014000E3158000,3554044,
2080,CRS3035RES1000mN2014000E3158000,3557906,99.0
2081,CRS3035RES1000mN2014000E3158000,5231361,
2082,CRS3035RES1000mN2014000E3158000,9314566,
2083,CRS3035RES1000mN2014000E3158000,13696257,
2084,CRS3035RES1000mN2014000E3158000,15996131,
2085,CRS3035RES1000mN2014000E3158000,23526191,
2086,CRS3035RES1000mN2014000E3158000,23545719,
2087,CRS3035RES1000mN2014000E3158000,30599279,
2088,CRS3035RES1000mN2014000E3158000,30649229,
2089,CRS3035RES1000mN2014000E3158000,32198651,
2090,CRS3035RES1000mN2014000E3158000,34945111,103.0
2091,CRS3035RES1000mN2014000E3158000,50170625,
2092,CRS3035RES1000mN2014000E3158000,82887228,
2093,CRS3035RES1000mN2014000E3158000,92484952,
2094,CRS3035RES1000mN2014000E3158000,95794713,
2095,CRS3035RES1000mN2014000E3158000,96418670,
2096,CRS3035RES1000mN2014000E3158000,98502686,
2097,CRS3035RES1000mN2014000E3158000,132613257,
2098,CRS3035RES1000mN2014000E3158000,135036040,
2099,CRS3035RES1000mN2014000E3158000,150772489,
2100,CRS3035RES1000mN2014000E3158000,154118456,
2101,CRS3035RES1000mN2014000E3158000,157375776,
2102,CRS3035RES1000mN2014000E3158000,158211204,
2103,CRS3035RES1000mN2014000E3158000,162072415,111.0
2104,CRS3035RES1000mN2014000E3158000,162117720,
2105,CRS3035RES1000mN2014000E3158000,170487273,
2106,CRS3035RES1000mN2014000E3158000,172686062,
2107,CRS3035RES1000mN2014000E3158000,174318235,
2108,CRS3035RES1000mN2014000E3158000,174318237,117.0
2109,CRS3035RES1000mN2014000E3158000,205060159,
2110,CRS3035RES1000mN2014000E3158000,205757163,
2111,CRS3035RES1000mN2014000E3158000,221095520,
2112,CRS3035RES1000mN2014000E3158000,224503374,
2113,CRS3035RES1000mN2014000E3158000,227333462,
2114,CRS3035RES1000mN2014000E3158000,229117454,
2115,CRS3035RES1000mN2014000E3158000,261460389,
2116,CRS3035RES1000mN2014000E3158000,283450022,
2117,CRS3035RES1000mN2014000E3158000,288994040,
2118,CRS3035RES1000mN2014000E3158000,296744564,
2119,CRS3035RES1000mN2014000E3158000,297526406,
2120,CRS3035RES1000mN2014000E3158000,300709861,
2121,CRS3035RES1000mN2014000E3158000,301444634,
2122,CRS3035RES1000mN2014000E3158000,302721609,107.0
2123,CRS3035RES1000mN2014000E3158000,308195630,
2124,CRS3035RES1000mN2014000E3158000,312777902,
2125,CRS3035RES1000mN2014000E3158000,330154630,
2126,CRS3035RES1000mN2014000E3158000,340205456,
2127,CRS3035RES1000mN2014000E3158000,367883612,
2128,CRS3035RES1000mN2014000E3158000,368211943,
2129,CRS3035RES1000mN2014000E3158000,374180360,
2130,CRS3035RES1000mN2014000E3158000,375369499,
2131,CRS3035RES1000mN2014000E3158000,383494544,
2132,CRS3035RES1000mN2014000E3158000,384574591,96.0
2133,CRS3035RES1000mN2014000E3158000,403538322,
2134,CRS3035RES1000mN2014000E3158000,403859503,
2135,CRS3035RES1000mN2014000E3158000,437050442,
2136,CRS3035RES1000mN2014000E3158000,459881697,
2137,CRS3035RES1000mN2014000E3158000,477278425,
2138,CRS3035RES1000mN2014000E3158000,486879235,
2139,CRS3035RES1000mN2014000E3158000,493748377,118.0
2140,CRS3035RES1000mN2014000E3158000,498234201,
2141,CRS3035RES1000mN2014000E3158000,504315026,
2142,CRS3035RES1000mN2014000E3158000,548701490,
2143,CRS3035RES1000mN2014000E3158000,574210084,
2144,CRS3035RES1000mN2014000E3158000,576094143,116.0
2145,CRS3035RES1000mN2014000E3158000,584409067,
2146,CRS3035RES1000mN2014000E3158000,635512756,
2147,CRS3035RES1000mN2014000E3158000,638492224,
2148,CRS3035RES1000mN2014000E3158000,653913062,
2149,CRS3035RES1000mN2014000E3158000,659866770,
2150,CRS3035RES1000mN2014000E3158000,697717972,
2151,CRS3035RES1000mN2014000E3158000,717194862,
2152,CRS3035RES1000mN2014000E3158000,736899303,
2153,CRS3035RES1000mN2014000E3158000,738042217,106.0
2154,CRS3035RES1000mN2014000E3158000,839611983,
2155,CRS3035RES1000mN2014000E3158000,957893520,
2156,CRS3035RES1000mN2014000E3158000,963308110,
2157,CRS3035RES1000mN2014000E3158000,1073283182,104.0
2158,CRS3035RES1000mN2014000E3158000,1252864015,
2159,CRS3035RES1000mN2014000E3158000,1283203658,
2160,CRS3035RES1000mN2014000E3159000,25526,
2161,CRS3035RES1000mN2014000E3159000,1774,115.0
2162,CRS3035RES1000mN2014000E3159000,1770,
2163,CRS3035RES1000mN2014000E3159000,1773,
2164,CRS3035RES1000mN2014000E3159000,1771,
2165,CRS3035RES1000mN2014000E3159000,123303,118.0
2166,CRS3035RES1000mN2014000E3159000,1764,
2167,CRS3035RES1000mN2014000E3159000,181101,
2168,CRS3035RES1000mN2014000E3159000,5765642,
2169,CRS3035RES1000mN2014000E3159000,86719,105.0
2170,CRS3035RES1000mN2014000E3159000,1800,
2171,CRS3035RES1000mN2014000E3159000,1757,
2172,CRS3035RES1000mN2014000E3159000,1755,
2173,CRS3035RES1000mN2014000E3159000,1882,
2174,CRS3035RES1000mN2014000E3159000,1745,
2175,CRS3035RES1000mN2014000E3159000,1794,
2176,CRS3035RES1000mN2014000E3159000,1762,
2177,CRS3035RES1000mN2014000E3159000,51188,
2178,CRS3035RES1000mN2014000E3159000,6893633,
2179,CRS3035RES1000mN2014000E3159000,167128,
2180,CRS3035RES1000mN2014000E3159000,1760,
2181,CRS3035RES1000mN2014000E3159000,12773298,110.0
2182,CRS3035RES1000mN2014000E3159000,1754,112.0
2183,CRS3035RES1000mN2014000E3159000,1748,
2184,CRS3035RES1000mN2014000E3159000,79941,
2185,CRS3035RES1000mN2014000E3159000,1750,
2186,CRS3035RES1000mN2014000E3159000,5975465,
2187,CRS3035RES1000mN2014000E3159000,115056,
2188,CRS3035RES1000mN2014000E3159000,1790,
2189,CRS3035RES1000mN2014000E3159000,1756,
2190,CRS3035RES1000mN2014000E3159000,51849,
2191,CRS3035RES1000mN2014000E3159000,185595,
2192,CRS3035RES1000mN2014000E3159000,7697128,
2193,CRS3035RES1000mN2014000E3159000,10395362,
2194,CRS3035RES1000mN2014000E3159000,1759,
2195,CRS3035RES1000mN2014000E3159000,1752,
2196,CRS3035RES1000mN2014000E3159000,186714,
2197,CRS3035RES1000mN2014000E3159000,1753,
2198,CRS3035RES1000mN2014000E3159000,1792,
2199,CRS3035RES1000mN2014000E3159000,1763,116.0
2200,CRS3035RES1000mN2014000E3159000,1746,
2201,CRS3035RES1000mN2014000E3159000,11572165,99.0
2202,CRS3035RES1000mN2014000E3159000,1761,
2203,CRS3035RES1000mN2014000E3159000,1747,
2204,CRS3035RES1000mN2014000E3159000,5768564,
2205,CRS3035RES1000mN2014000E3159000,1798,
2206,CRS3035RES1000mN2014000E3159000,66904,
2207,CRS3035RES1000mN2014000E3159000,1777,
2208,CRS3035RES1000mN2014000E3159000,1765,
2209,CRS3035RES1000mN2014000E3159000,49416,
2210,CRS3035RES1000mN2014000E3159000,12734939,
2211,CRS3035RES1000mN2014000E3159000,167386167,
2212,CRS3035RES1000mN2014000E3159000,295933804,
2213,CRS3035RES1000mN2014000E3159000,303340017,
2214,CRS3035RES1000mN2014000E3159000,315355551,
2215,CRS3035RES1000mN2014000E3159000,339084977,111.0
2216,CRS3035RES1000mN2014000E3159000,412911553,
2217,CRS3035RES1000mN2014000E3159000,558126037,
2218,CRS3035RES1000mN2014000E3159000,711789768,
2219,CRS3035RES1000mN2014000E3159000,727666062,
2220,CRS3035RES1000mN2014000E3159000,848085869,
2221,CRS3035RES1000mN2014000E3159000,1056098898,
2222,CRS3035RES1000mN2014000E3159000,1255438242,
2223,CRS3035RES1000mN2014000E3159000,1469985039,
2224,CRS3035RES1000mN2014000E3159000,1504302537,
2225,CRS3035RES1000mN2014000E3159000,1511617504,
2226,CRS3035RES1000mN2014000E3159000,1541601287,
2227,CRS3035RES1000mN2014000E3159000,1544591296,
2228,CRS3035RES1000mN2014000E3159000,1598174183,
2229,CRS3035RES1000mN2014000E3159000,1629887846,
2230,CRS3035RES1000mN2014000E3159000,1686660176,
2231,CRS3035RES1000mN2014000E3159000,1716927336,93.0
2232,CRS3035RES1000mN2014000E3159000,1734554324,
2233,CRS3035RES1000mN2014000E3159000,1849109335,
2234,CRS3035RES1000mN2014000E3159000,2028408680,
2235,CRS3035RES1000mN2014000E3159000,2036887702,
2236,CRS3035RES1000mN2014000E3159000,2061404218,
2237,CRS3035RES1000mN2014000E3159000,2134238030,
2238,CRS3035RES1000mN2014000E3159000,2261600754,
2239,CRS3035RES1000mN2014000E3159000,2301402027,
2240,CRS3035RES1000mN2014000E3159000,2303966810,
2241,CRS3035RES1000mN2014000E3159000,2312029862,
2242,CRS3035RES1000mN2014000E3159000,2408860250,
2243,CRS3035RES1000mN2014000E3159000,2620185829,
2244,CRS3035RES1000mN2014000E3159000,2622508931,
2245,CRS3035RES1000mN2014000E3159000,2672130951,
2246,CRS3035RES1000mN2014000E3159000,2710518818,
2247,CRS3035RES1000mN2014000E3159000,3034026261,
2248,CRS3035RES1000mN2014000E3159000,3179889751,
2249,CRS3035RES1000mN2014000E3159000,3206611978,
2250,CRS3035RES1000mN2014000E3159000,3272828439,
2251,CRS3035RES1000mN2014000E3159000,3452364276,
2252,CRS3035RES1000mN2014000E3159000,3452364277,
2253,CRS3035RES1000mN2014000E3159000,3495733197,
2254,CRS3035RES1000mN2014000E3159000,3497154853,
2255,CRS3035RES1000mN2014000E3159000,3517755445,
2256,CRS3035RES1000mN2014000E3159000,3522125657,
2257,CRS3035RES1000mN2014000E3159000,3526751794,
2258,CRS3035RES1000mN2014000E3159000,3839306060,
2259,CRS3035RES1000mN2014000E3159000,4214697664,
2260,CRS3035RES1000mN2014000E3159000,4338252586,
2261,CRS3035RES1000mN2014000E3159000,4401271633,
2262,CRS3035RES1000mN2014000E3159000,4515476768,
2263,CRS3035RES1000mN2014000E3159000,4569910891,
2264,CRS3035RES1000mN2014000E3159000,4703730491,
2265,CRS3035RES1000mN2014000E3159000,4707870392,
2266,CRS3035RES1000mN2014000E3159000,4789037769,
2267,CRS3035RES1000mN2014000E3159000,4794233143,
2268,CRS3035RES1000mN2014000E3159000,4870405674,
2269,CRS3035RES1000mN2014000E3159000,5139379922,
2270,CRS3035RES1000mN2014000E3159000,5160337425,
2271,CRS3035RES1000mN2014000E3159000,5196199575,
2272,CRS3035RES1000mN2014000E3159000,5341570554,
2273,CRS3035RES1000mN2014000E3159000,5345949864,
2274,CRS3035RES1000mN2014000E3159000,5448507385,
2275,CRS3035RES1000mN2014000E3159000,5604693894,
2276,CRS3035RES1000mN2014000E3159000,5670401989,
2277,CRS3035RES1000mN2014000E3159000,5942671299,
2278,CRS3035RES1000mN2014000E3159000,5943980960,
2279,CRS3035RES1000mN2014000E3159000,6185791451,
2280,CRS3035RES1000mN2014000E3159000,6188948286,
2281,CRS3035RES1000mN2014000E3159000,6555800191,
2282,CRS3035RES1000mN2014000E3159000,6885254479,
2283,CRS3035RES1000mN2014000E3159000,7222611268,
2284,CRS3035RES1000mN2014000E3159000,7408961006,
2285,CRS3035RES1000mN2014000E3159000,7619964683,
2286,CRS3035RES1000mN2014000E3159000,7836562695,
2287,CRS3035RES1000mN2014000E3159000,8493729364,
2288,CRS3035RES1000mN2014000E3159000,8557885377,
2289,CRS3035RES1000mN2014000E3159000,8807212208,
2290,CRS3035RES1000mN2014000E3159000,8844229173,
2291,CRS3035RES1000mN2014000E3159000,8878422600,
2292,CRS3035RES1000mN2014000E3159000,9595709188,
2293,CRS3035RES1000mN2014000E3159000,9611387099,
2294,CRS3035RES1000mN2014000E3159000,9712656915,
2295,CRS3035RES1000mN2014000E3159000,9713142744,
2296,CRS3035RES1000mN2014000E3159000,9815746657,
2297,CRS3035RES1000mN2014000E3159000,10004871512,
2298,CRS3035RES1000mN2014000E3159000,10281174134,
2299,CRS3035RES1000mN2014000E3159000,10580337411,
2300,CRS3035RES1000mN2014000E3159000,10899442604,
2301,CRS3035RES1000mN2014000E3159000,10922657146,
2302,CRS3035RES1000mN2014000E3159000,11127499928,
2303,CRS3035RES1000mN2014000E3159000,11143725881,
2304,CRS3035RES1000mN2014000E3159000,11243087140,
2305,CRS3035RES1000mN2014000E3159000,11269399969,
2306,CRS3035RES1000mN2014000E3159000,11287269362,
2307,CRS3035RES1000mN2014000E3159000,11287269363,
2308,CRS3035RES1000mN2014000E3159000,11369705764,
2309,CRS3035RES1000mN2014000E3159000,11387776374,
2310,CRS3035RES1000mN2014000E3159000,11461799040,
2311,CRS3035RES1000mN2014000E3159000,11462802981,
2312,CRS3035RES1000mN2014000E3159000,11652077658,
2313,CRS3035RES1000mN2014000E3159000,11691390164,
2314,CRS3035RES1000mN2014000E3159000,11739757462,110.0
2315,CRS3035RES1000mN2014000E3159000,12178446726,
2316,CRS3035RES1000mN2014000E3159000,12407425114,
2317,CRS3035RES1000mN2014000E3159000,12865480228,
2318,CRS3035RES1000mN2014000E3159000,2960630,
2319,CRS3035RES1000mN2014000E3159000,3554044,
2320,CRS3035RES1000mN2014000E3159000,3557906,112.0
2321,CRS3035RES1000mN2014000E3159000,5231361,
2322,CRS3035RES1000mN2014000E3159000,9314566,
2323,CRS3035RES1000mN2014000E3159000,13696257,
2324,CRS3035RES1000mN2014000E3159000,15996131,
2325,CRS3035RES1000mN2014000E3159000,23526191,
2326,CRS3035RES1000mN2014000E3159000,23545719,
2327,CRS3035RES1000mN2014000E3159000,30599279,
2328,CRS3035RES1000mN2014000E3159000,30649229,
2329,CRS3035RES1000mN2014000E3159000,32198651,
2330,CRS3035RES1000mN2014000E3159000,34945111,
2331,CRS3035RES1000mN2014000E3159000,50170625,
2332,CRS3035RES1000mN2014000E3159000,82887228,
2333,CRS3035RES1000mN2014000E3159000,92484952,
2334,CRS3035RES1000mN2014000E3159000,95794713,
2335,CRS3035RES1000mN2014000E3159000,96418670,
2336,CRS3035RES1000mN2014000E3159000,98502686,
2337,CRS3035RES1000mN2014000E3159000,132613257,
2338,CRS3035RES1000mN2014000E3159000,135036040,
2339,CRS3035RES1000mN2014000E3159000,150772489,
2340,CRS3035RES1000mN2014000E3159000,154118456,
2341,CRS3035RES1000mN2014000E3159000,157375776,
2342,CRS3035RES1000mN2014000E3159000,158211204,
2343,CRS3035RES1000mN2014000E3159000,162072415,117.0
2344,CRS3035RES1000mN2014000E3159000,162117720,
2345,CRS3035RES1000mN2014000E3159000,170487273,
2346,CRS3035RES1000mN2014000E3159000,172686062,
2347,CRS3035RES1000mN2014000E3159000,174318235,
2348,CRS3035RES1000mN2014000E3159000,174318237,
2349,CRS3035RES1000mN2014000E3159000,205060159,
2350,CRS3035RES1000mN2014000E3159000,205757163,
2351,CRS3035RES1000mN2014000E3159000,221095520,
2352,CRS3035RES1000mN2014000E3159000,224503374,
2353,CRS3035RES1000mN2014000E3159000,227333462,
2354,CRS3035RES1000mN2014000E3159000,229117454,
2355,CRS3035RES1000mN2014000E3159000,261460389,
2356,CRS3035RES1000mN2014000E3159000,283450022,
2357,CRS3035RES1000mN2014000E3159000,288994040,112.0
2358,CRS3035RES1000mN2014000E3159000,296744564,
2359,CRS3035RES1000mN2014000E3159000,297526406,
2360,CRS3035RES1000mN2014000E3159000,300709861,
2361,CRS3035RES1000mN2014000E3159000,301444634,
2362,CRS3035RES1000mN2014000E3159000,302721609,102.0
2363,CRS3035RES1000mN2014000E3159000,308195630,
2364,CRS3035RES1000mN2014000E3159000,312777902,
2365,CRS3035RES1000mN2014000E3159000,330154630,
2366,CRS3035RES1000mN2014000E3159000,340205456,
2367,CRS3035RES1000mN2014000E3159000,367883612,
2368,CRS3035RES1000mN2014000E3159000,368211943,
2369,CRS3035RES1000mN2014000E3159000,374180360,
2370,CRS3035RES1000mN2014000E3159000,375369499,
2371,CRS3035RES1000mN2014000E3159000,383494544,
2372,CRS3035RES1000mN2014000E3159000,384574591,111.0
2373,CRS3035RES1000mN2014000E3159000,403538322,
2374,CRS3035RES1000mN2014000E3159000,403859503,
2375,CRS3035RES1000mN2014000E3159000,437050442,
2376,CRS3035RES1000mN2014000E3159000,459881697,
2377,CRS3035RES1000mN2014000E3159000,477278425,
2378,CRS3035RES1000mN2014000E3159000,486879235,
2379,CRS3035RES1000mN2014000E3159000,493748377,
2380,CRS3035RES1000mN2014000E3159000,498234201,
2381,CRS3035RES1000mN2014000E3159000,504315026,
2382,CRS3035RES1000mN2014000E3159000,548701490,
2383,CRS3035RES1000mN2014000E3159000,574210084,
2384,CRS3035RES1000mN2014000E3159000,576094143,
2385,CRS3035RES1000mN2014000E3159000,584409067,
2386,CRS3035RES1000mN2014000E3159000,635512756,
2387,CRS3035RES1000mN2014000E3159000,638492224,
2388,CRS3035RES1000mN2014000E3159000,653913062,
2389,CRS3035RES1000mN2014000E3159000,659866770,
2390,CRS3035RES1000mN2014000E3159000,697717972,
2391,CRS3035RES1000mN2014000E3159000,717194862,
2392,CRS3035RES1000mN2014000E3159000,736899303,
2393,CRS3035RES1000mN2014000E3159000,738042217,103.0
2394,CRS3035RES1000mN2014000E3159000,839611983,
2395,CRS3035RES1000mN2014000E3159000,957893520,
2396,CRS3035RES1000mN2014000E3159000,963308110,
2397,CRS3035RES1000mN2014000E3159000,1073283182,94.0
2398,CRS3035RES1000mN2014000E3159000,1252864015,
2399,CRS3035RES1000mN2014000E3159000,1283203658,
2400,CRS3035RES1000mN2014000E3163000,25526,
2401,CRS3035RES1000mN2014000E3163000,1774,
2402,CRS3035RES1000mN2014000E3163000,1770,
2403,CRS3035RES1000mN2014000E3163000,1773,
2404,CRS3035RES1000mN2014000E3163000,1771,
2405,CRS3035RES1000mN2014000E3163000,123303,
2406,CRS3035RES1000mN2014000E3163000,1764,
2407,CRS3035RES1000mN2014000E3163000,181101,
2408,CRS3035RES1000mN2014000E3163000,5765642,
2409,CRS3035RES1000mN2014000E3163000,86719,
2410,CRS3035RES1000mN2014000E3163000,1800,
2411,CRS3035RES1000mN2014000E3163000,1757,
2412,CRS3035RES1000mN2014000E3163000,1755,
2413,CRS3035RES1000mN2014000E3163000,1882,
2414,CRS3035RES1000mN2014000E3163000,1745,
2415,CRS3035RES1000mN2014000E3163000,1794,
2416,CRS3035RES1000mN2014000E3163000,1762,
2417,CRS3035RES1000mN2014000E3163000,51188,
2418,CRS3035RES1000mN2014000E3163000,6893633,
2419,CRS3035RES1000mN2014000E3163000,167128,
2420,CRS3035RES1000mN2014000E3163000,1760,
2421,CRS3035RES1000mN2014000E3163000,12773298,110.0
2422,CRS3035RES1000mN2014000E3163000,1754,
2423,CRS3035RES1000mN2014000E3163000,1748,
2424,CRS3035RES1000mN2014000E3163000,79941,
2425,CRS3035RES1000mN2014000E3163000,1750,
2426,CRS3035RES1000mN2014000E3163000,5975465,
2427,CRS3035RES1000mN2014000E3163000,115056,
2428,CRS3035RES1000mN2014000E3163000,1790,
2429,CRS3035RES1000mN2014000E3163000,1756,
2430,CRS3035RES1000mN2014000E3163000,51849,
2431,CRS3035RES1000mN2014000E3163000,185595,
2432,CRS3035RES1000mN2014000E3163000,7697128,
2433,CRS3035RES1000mN2014000E3163000,10395362,
2434,CRS3035RES1000mN2014000E3163000,1759,
2435,CRS3035RES1000mN2014000E3163000,1752,
2436,CRS3035RES1000mN2014000E3163000,186714,
2437,CRS3035RES1000mN2014000E3163000,1753,
2438,CRS3035RES1000mN2014000E3163000,1792,
2439,CRS3035RES1000mN2014000E3163000,1763,
2440,CRS3035RES1000mN2014000E3163000,1746,
2441,CRS3035RES1000mN2014000E3163000,11572165,
2442,CRS3035RES1000mN2014000E3163000,1761,
2443,CRS3035RES1000mN2014000E3163000,1747,
2444,CRS3035RES1000mN2014000E3163000,5768564,
2445,CRS3035RES1000mN2014000E3163000,1798,
2446,CRS3035RES1000mN2014000E3163000,66904,
2447,CRS3035RES1000mN2014000E3163000,1777,
2448,CRS3035RES1000mN2014000E3163000,1765,
2449,CRS3035RES1000mN2014000E3163000,49416,
2450,CRS3035RES1000mN2014000E3163000,12734939,
2451,CRS3035RES1000mN2014000E3163000,167386167,
2452,CRS3035RES1000mN2014000E3163000,295933804,
2453,CRS3035RES1000mN2014000E3163000,303340017,
2454,CRS3035RES1000mN2014000E3163000,315355551,
2455,CRS3035RES1000mN2014000E3163000,339084977,
2456,CRS3035RES1000mN2014000E3163000,412911553,
2457,CRS3035RES1000mN2014000E3163000,558126037,
2458,CRS3035RES1000mN2014000E3163000,711789768,
2459,CRS3035RES1000mN2014000E3163000,727666062,
2460,CRS3035RES1000mN2014000E3163000,848085869,
2461,CRS3035RES1000mN2014000E3163000,1056098898,
2462,CRS3035RES1000mN2014000E3163000,1255438242,
2463,CRS3035RES1000mN2014000E3163000,1469985039,
2464,CRS3035RES1000mN2014000E3163000,1504302537,
2465,CRS3035RES1000mN2014000E3163000,1511617504,
2466,CRS3035RES1000mN2014000E3163000,1541601287,
2467,CRS3035RES1000mN2014000E3163000,1544591296,
2468,CRS3035RES1000mN2014000E3163000,1598174183,
2469,CRS3035RES1000mN2014000E3163000,1629887846,
2470,CRS3035RES1000mN2014000E3163000,1686660176,
2471,CRS3035RES1000mN2014000E3163000,1716927336,
2472,CRS3035RES1000mN2014000E3163000,1734554324,
2473,CRS3035RES1000mN2014000E3163000,1849109335,
2474,CRS3035RES1000mN2014000E3163000,2028408680,
2475,CRS3035RES1000mN2014000E3163000,2036887702,
2476,CRS3035RES1000mN2014000E3163000,2061404218,
2477,CRS3035RES1000mN2014000E3163000,2134238030,
2478,CRS3035RES1000mN2014000E3163000,2261600754,
2479,CRS3035RES1000mN2014000E3163000,2301402027,
2480,CRS3035RES1000mN2014000E3163000,2303966810,
2481,CRS3035RES1000mN2014000E3163000,2312029862,
2482,CRS3035RES1000mN2014000E3163000,2408860250,
2483,CRS3035RES1000mN2014000E3163000,2620185829,
2484,CRS3035RES1000mN2014000E3163000,2622508931,
2485,CRS3035RES1000mN2014000E3163000,2672130951,
2486,CRS3035RES1000mN2014000E3163000,2710518818,
2487,CRS3035RES1000mN2014000E3163000,3034026261,
2488,CRS3035RES1000mN2014000E3163000,3179889751,
2489,CRS3035RES1000mN2014000E3163000,3206611978,
2490,CRS3035RES1000mN2014000E3163000,3272828439,
2491,CRS3035RES1000mN2014000E3163000,3452364276,
2492,CRS3035RES1000mN2014000E3163000,3452364277,
2493,CRS3035RES1000mN2014000E3163000,3495733197,
2494,CRS3035RES1000mN2014000E3163000,3497154853,
2495,CRS3035RES1000mN2014000E3163000,3517755445,
2496,CRS3035RES1000mN2014000E3163000,3522125657,
2497,CRS3035RES1000mN2014000E3163000,3526751794,
2498,CRS3035RES1000mN2014000E3163000,3839306060,
2499,CRS3035RES1000mN2014000E3163000,4214697664,
2500,CRS3035RES1000mN2014000E3163000,4338252586,
2501,CRS3035RES1000mN2014000E3163000,4401271633,
2502,CRS3035RES1000mN2014000E3163000,4515476768,
2503,CRS3035RES1000mN2014000E3163000,4569910891,
2504,CRS3035RES1000mN2014000E3163000,4703730491,
2505,CRS3035RES1000mN2014000E3163000,4707870392,
2506,CRS3035RES1000mN2014000E3163000,4789037769,
2507,CRS3035RES1000mN2014000E3163000,4794233143,
2508,CRS3035RES1000mN2014000E3163000,4870405674,
2509,CRS3035RES1000mN2014000E3163000,5139379922,
2510,CRS3035RES1000mN2014000E3163000,5160337425,
2511,CRS3035RES1000mN2014000E3163000,5196199575,
2512,CRS3035RES1000mN2014000E3163000,5341570554,
2513,CRS3035RES1000mN2014000E3163000,5345949864,
2514,CRS3035RES1000mN2014000E3163000,5448507385,
2515,CRS3035RES1000mN2014000E3163000,5604693894,
2516,CRS3035RES1000mN2014000E3163000,5670401989,
2517,CRS3035RES1000mN2014000E3163000,5942671299,
2518,CRS3035RES1000mN2014000E3163000,5943980960,
2519,CRS3035RES1000mN2014000E3163000,6185791451,
2520,CRS3035RES1000mN2014000E3163000,6188948286,
2521,CRS3035RES1000mN2014000E3163000,6555800191,
2522,CRS3035RES1000mN2014000E3163000,6885254479,
2523,CRS3035RES1000mN2014000E3163000,7222611268,
2524,CRS3035RES1000mN2014000E3163000,7408961006,
2525,CRS3035RES1000mN2014000E3163000,7619964683,
2526,CRS3035RES1000mN2014000E3163000,7836562695,
2527,CRS3035RES1000mN2014000E3163000,8493729364,
2528,CRS3035RES1000mN2014000E3163000,8557885377,
2529,CRS3035RES1000mN2014000E3163000,8807212208,
2530,CRS3035RES1000mN2014000E3163000,8844229173,
2531,CRS3035RES1000mN2014000E3163000,8878422600,
2532,CRS3035RES1000mN2014000E3163000,9595709188,
2533,CRS3035RES1000mN2014000E3163000,9611387099,
2534,CRS3035RES1000mN2014000E3163000,9712656915,
2535,CRS3035RES1000mN2014000E3163000,9713142744,
2536,CRS3035RES1000mN2014000E3163000,9815746657,
2537,CRS3035RES1000mN2014000E3163000,10004871512,
2538,CRS3035RES1000mN2014000E3163000,10281174134,
2539,CRS3035RES1000mN2014000E3163000,10580337411,
2540,CRS3035RES1000mN2014000E3163000,10899442604,
2541,CRS3035RES1000mN2014000E3163000,10922657146,
2542,CRS3035RES1000mN2014000E3163000,11127499928,
2543,CRS3035RES1000mN2014000E3163000,11143725881,
2544,CRS3035RES1000mN2014000E3163000,11243087140,
2545,CRS3035RES1000mN2014000E3163000,11269399969,
2546,CRS3035RES1000mN2014000E3163000,11287269362,
2547,CRS3035RES1000mN2014000E3163000,11287269363,
2548,CRS3035RES1000mN2014000E3163000,11369705764,
2549,CRS3035RES1000mN2014000E3163000,11387776374,
2550,CRS3035RES1000mN2014000E3163000,11461799040,
2551,CRS3035RES1000mN2014000E3163000,11462802981,
2552,CRS3035RES1000mN2014000E3163000,11652077658,
2553,CRS3035RES1000mN2014000E3163000,11691390164,
2554,CRS3035RES1000mN2014000E3163000,11739757462,
2555,CRS3035RES1000mN2014000E3163000,12178446726,
2556,CRS3035RES1000mN2014000E3163000,12407425114,
2557,CRS3035RES1000mN2014000E3163000,12865480228,
2558,CRS3035RES1000mN2014000E3163000,2960630,
2559,CRS3035RES1000mN2014000E3163000,3554044,
2560,CRS3035RES1000mN2014000E3163000,3557906,
2561,CRS3035RES1000mN2014000E3163000,5231361,
2562,CRS3035RES1000mN2014000E3163000,9314566,
2563,CRS3035RES1000mN2014000E3163000,13696257,
2564,CRS3035RES1000mN2014000E3163000,15996131,
2565,CRS3035RES1000mN2014000E3163000,23526191,
2566,CRS3035RES1000mN2014000E3163000,23545719,
2567,CRS3035RES1000mN2014000E3163000,30599279,
2568,CRS3035RES1000mN2014000E3163000,30649229,
2569,CRS3035RES1000mN2014000E3163000,32198651,
2570,CRS3035RES1000mN2014000E3163000,34945111,
2571,CRS3035RES1000mN2014000E3163000,50170625,
2572,CRS3035RES1000mN2014000E3163000,82887228,
2573,CRS3035RES1000mN2014000E3163000,92484952,
2574,CRS3035RES1000mN2014000E3163000,95794713,
2575,CRS3035RES1000mN2014000E3163000,96418670,
2576,CRS3035RES1000mN2014000E3163000,98502686,
2577,CRS3035RES1000mN2014000E3163000,132613257,
2578,CRS3035RES1000mN2014000E3163000,135036040,
2579,CRS3035RES1000mN2014000E3163000,150772489,
2580,CRS3035RES1000mN2014000E3163000,154118456,
2581,CRS3035RES1000mN2014000E3163000,157375776,
2582,CRS3035RES1000mN2014000E3163000,158211204,
2583,CRS3035RES1000mN2014000E3163000,162072415,
2584,CRS3035RES1000mN2014000E3163000,162117720,
2585,CRS3035RES1000mN2014000E3163000,170487273,
2586,CRS3035RES1000mN2014000E3163000,172686062,
2587,CRS3035RES1000mN2014000E3163000,174318235,
2588,CRS3035RES1000mN2014000E3163000,174318237,
2589,CRS3035RES1000mN2014000E3163000,205060159,
2590,CRS3035RES1000mN2014000E3163000,205757163,
2591,CRS3035RES1000mN2014000E3163000,221095520,
2592,CRS3035RES1000mN2014000E3163000,224503374,
2593,CRS3035RES1000mN2014000E3163000,227333462,
2594,CRS3035RES1000mN2014000E3163000,229117454,
2595,CRS3035RES1000mN2014000E3163000,261460389,
2596,CRS3035RES1000mN2014000E3163000,283450022,
2597,CRS3035RES1000mN2014000E3163000,288994040,
2598,CRS3035RES1000mN2014000E3163000,296744564,
2599,CRS3035RES1000mN2014000E3163000,297526406,
2600,CRS3035RES1000mN2014000E3163000,300709861,
2601,CRS3035RES1000mN2014000E3163000,301444634,
2602,CRS3035RES1000mN2014000E3163000,302721609,
2603,CRS3035RES1000mN2014000E3163000,308195630,
2604,CRS3035RES1000mN2014000E3163000,312777902,
2605,CRS3035RES1000mN2014000E3163000,330154630,
2606,CRS3035RES1000mN2014000E3163000,340205456,
2607,CRS3035RES1000mN2014000E3163000,367883612,
2608,CRS3035RES1000mN2014000E3163000,368211943,
2609,CRS3035RES1000mN2014000E3163000,374180360,
2610,CRS3035RES1000mN2014000E3163000,375369499,
2611,CRS3035RES1000mN2014000E3163000,383494544,
2612,CRS3035RES1000mN2014000E3163000,384574591,
2613,CRS3035RES1000mN2014000E3163000,403538322,
2614,CRS3035RES1000mN2014000E3163000,403859503,
2615,CRS3035RES1000mN2014000E3163000,437050442,
2616,CRS3035RES1000mN2014000E3163000,459881697,
2617,CRS3035RES1000mN2014000E3163000,477278425,
2618,CRS3035RES1000mN2014000E3163000,486879235,
2619,CRS3035RES1000mN2014000E3163000,493748377,
2620,CRS3035RES1000mN2014000E3163000,498234201,
2621,CRS3035RES1000mN2014000E3163000,504315026,
2622,CRS3035RES1000mN2014000E3163000,548701490,
2623,CRS3035RES1000mN2014000E3163000,574210084,
2624,CRS3035RES1000mN2014000E3163000,576094143,
2625,CRS3035RES1000mN2014000E3163000,584409067,
2626,CRS3035RES1000mN2014000E3163000,635512756,
2627,CRS3035RES1000mN2014000E3163000,638492224,
2628,CRS3035RES1000mN2014000E3163000,653913062,
2629,CRS3035RES1000mN2014000E3163000,659866770,
2630,CRS3035RES1000mN2014000E3163000,697717972,
2631,CRS3035RES1000mN2014000E3163000,717194862,
2632,CRS3035RES1000mN2014000E3163000,736899303,
2633,CRS3035RES1000mN2014000E3163000,738042217,
2634,CRS3035RES1000mN2014000E3163000,839611983,
2635,CRS3035RES1000mN2014000E3163000,957893520,
2636,CRS3035RES1000mN2014000E3163000,963308110,
2637,CRS3035RES1000mN2014000E3163000,1073283182,
2638,CRS3035RES1000mN2014000E3163000,1252864015,
2639,CRS3035RES1000mN2014000E3163000,1283203658,
2640,CRS3035RES1000mN2014000E3164000,25526,
2641,CRS3035RES1000mN2014000E3164000,1774,
2642,CRS3035RES1000mN2014000E3164000,1770,
2643,CRS3035RES1000mN2014000E3164000,1773,
2644,CRS3035RES1000mN2014000E3164000,1771,
2645,CRS3035RES1000mN2014000E3164000,123303,
2646,CRS3035RES1000mN2014000E3164000,1764,
2647,CRS3035RES1000mN2014000E3164000,181101,
2648,CRS3035RES1000mN2014000E3164000,5765642,
2649,CRS3035RES1000mN2014000E3164000,86719,
2650,CRS3035RES1000mN2014000E3164000,1800,
2651,CRS3035RES1000mN2014000E3164000,1757,
2652,CRS3035RES1000mN2014000E3164000,1755,
2653,CRS3035RES1000mN2014000E3164000,1882,
2654,CRS3035RES1000mN2014000E3164000,1745,
2655,CRS3035RES1000mN2014000E3164000,1794,
2656,CRS3035RES1000mN2014000E3164000,1762,
2657,CRS3035RES1000mN2014000E3164000,51188,
2658,CRS3035RES1000mN2014000E3164000,6893633,
2659,CRS3035RES1000mN2014000E3164000,167128,
2660,CRS3035RES1000mN2014000E3164000,1760,
2661,CRS3035RES1000mN2014000E3164000,12773298,107.0
2662,CRS3035RES1000mN2014000E3164000,1754,
2663,CRS3035RES1000mN2014000E3164000,1748,
2664,CRS3035RES1000mN2014000E3164000,79941,
2665,CRS3035RES1000mN2014000E3164000,1750,
2666,CRS3035RES1000mN2014000E3164000,5975465,
2667,CRS3035RES1000mN2014000E3164000,115056,
2668,CRS3035RES1000mN2014000E3164000,1790,
2669,CRS3035RES1000mN2014000E3164000,1756,
2670,CRS3035RES1000mN2014000E3164000,51849,
2671,CRS3035RES1000mN2014000E3164000,185595,
2672,CRS3035RES1000mN2014000E3164000,7697128,
2673,CRS3035RES1000mN2014000E3164000,10395362,
2674,CRS3035RES1000mN2014000E3164000,1759,
2675,CRS3035RES1000mN2014000E3164000,1752,
2676,CRS3035RES1000mN2014000E3164000,186714,
2677,CRS3035RES1000mN2014000E3164000,1753,
2678,CRS3035RES1000mN2014000E3164000,1792,
2679,CRS3035RES1000mN2014000E3164000,1763,
2680,CRS3035RES1000mN2014000E3164000,1746,
2681,CRS3035RES1000mN2014000E3164000,11572165,119.0
2682,CRS3035RES1000mN2014000E3164000,1761,
2683,CRS3035RES1000mN2014000E3164000,1747,
2684,CRS3035RES1000mN2014000E3164000,5768564,
2685,CRS3035RES1000mN2014000E3164000,1798,
2686,CRS3035RES1000mN2014000E3164000,66904,
2687,CRS3035RES1000mN2014000E3164000,1777,
2688,CRS3035RES1000mN2014000E3164000,1765,
2689,CRS3035RES1000mN2014000E3164000,49416,
2690,CRS3035RES1000mN2014000E3164000,12734939,
2691,CRS3035RES1000mN2014000E3164000,167386167,
2692,CRS3035RES1000mN2014000E3164000,295933804,
2693,CRS3035RES1000mN2014000E3164000,303340017,
2694,CRS3035RES1000mN2014000E3164000,315355551,
2695,CRS3035RES1000mN2014000E3164000,339084977,
2696,CRS3035RES1000mN2014000E3164000,412911553,
2697,CRS3035RES1000mN2014000E3164000,558126037,
2698,CRS3035RES1000mN2014000E3164000,711789768,
2699,CRS3035RES1000mN2014000E3164000,727666062,
2700,CRS3035RES1000mN2014000E3164000,848085869,
2701,CRS3035RES1000mN2014000E3164000,1056098898,
2702,CRS3035RES1000mN2014000E3164000,1255438242,
2703,CRS3035RES1000mN2014000E3164000,1469985039,
2704,CRS3035RES1000mN2014000E3164000,1504302537,
2705,CRS3035RES1000mN2014000E3164000,1511617504,
2706,CRS3035RES1000mN2014000E3164000,1541601287,
2707,CRS3035RES1000mN2014000E3164000,1544591296,
2708,CRS3035RES1000mN2014000E3164000,1598174183,
2709,CRS3035RES1000mN2014000E3164000,1629887846,
2710,CRS3035RES1000mN2014000E3164000,1686660176,
2711,CRS3035RES1000mN2014000E3164000,1716927336,
2712,CRS3035RES1000mN2014000E3164000,1734554324,
2713,CRS3035RES1000mN2014000E3164000,1849109335,
2714,CRS3035RES1000mN2014000E3164000,2028408680,
2715,CRS3035RES1000mN2014000E3164000,2036887702,
2716,CRS3035RES1000mN2014000E3164000,2061404218,
2717,CRS3035RES1000mN2014000E3164000,2134238030,
2718,CRS3035RES1000mN2014000E3164000,2261600754,
2719,CRS3035RES1000mN2014000E3164000,2301402027,
2720,CRS3035RES1000mN2014000E3164000,2303966810,
2721,CRS3035RES1000mN2014000E3164000,2312029862,
2722,CRS3035RES1000mN2014000E3164000,2408860250,
2723,CRS3035RES1000mN2014000E3164000,2620185829,
2724,CRS3035RES1000mN2014000E3164000,2622508931,
2725,CRS3035RES1000mN2014000E3164000,2672130951,
2726,CRS3035RES1000mN2014000E3164000,2710518818,
2727,CRS3035RES1000mN2014000E3164000,3034026261,
2728,CRS3035RES1000mN2014000E3164000,3179889751,
2729,CRS3035RES1000mN2014000E3164000,3206611978,
2730,CRS3035RES1000mN2014000E3164000,3272828439,
2731,CRS3035RES1000mN2014000E3164000,3452364276,
2732,CRS3035RES1000mN2014000E3164000,3452364277,
2733,CRS3035RES1000mN2014000E3164000,3495733197,
2734,CRS3035RES1000mN2014000E3164000,3497154853,
2735,CRS3035RES1000mN2014000E3164000,3517755445,
2736,CRS3035RES1000mN2014000E3164000,3522125657,
2737,CRS3035RES1000mN2014000E3164000,3526751794,
2738,CRS3035RES1000mN2014000E3164000,3839306060,
2739,CRS3035RES1000mN2014000E3164000,4214697664,
2740,CRS3035RES1000mN2014000E3164000,4338252586,
2741,CRS3035RES1000mN2014000E3164000,4401271633,
2742,CRS3035RES1000mN2014000E3164000,4515476768,
2743,CRS3035RES1000mN2014000E3164000,4569910891,
2744,CRS3035RES1000mN2014000E3164000,4703730491,
2745,CRS3035RES1000mN2014000E3164000,4707870392,
2746,CRS3035RES1000mN2014000E3164000,4789037769,
2747,CRS3035RES1000mN2014000E3164000,4794233143,
2748,CRS3035RES1000mN2014000E3164000,4870405674,
2749,CRS3035RES1000mN2014000E3164000,5139379922,
2750,CRS3035RES1000mN2014000E3164000,5160337425,
2751,CRS3035RES1000mN2014000E3164000,5196199575,
2752,CRS3035RES1000mN2014000E3164000,5341570554,
2753,CRS3035RES1000mN2014000E3164000,5345949864,
2754,CRS3035RES1000mN2014000E3164000,5448507385,
2755,CRS3035RES1000mN2014000E3164000,5604693894,
2756,CRS3035RES1000mN2014000E3164000,5670401989,
2757,CRS3035RES1000mN2014000E3164000,5942671299,
2758,CRS3035RES1000mN2014000E3164000,5943980960,
2759,CRS3035RES1000mN2014000E3164000,6185791451,
2760,CRS3035RES1000mN2014000E3164000,6188948286,
2761,CRS3035RES1000mN2014000E3164000,6555800191,
2762,CRS3035RES1000mN2014000E3164000,6885254479,
2763,CRS3035RES1000mN2014000E3164000,7222611268,
2764,CRS3035RES1000mN2014000E3164000,7408961006,
2765,CRS3035RES1000mN2014000E3164000,7619964683,
2766,CRS3035RES1000mN2014000E3164000,7836562695,
2767,CRS3035RES1000mN2014000E3164000,8493729364,
2768,CRS3035RES1000mN2014000E3164000,8557885377,
2769,CRS3035RES1000mN2014000E3164000,8807212208,
2770,CRS3035RES1000mN2014000E3164000,8844229173,
2771,CRS3035RES1000mN2014000E3164000,8878422600,
2772,CRS3035RES1000mN2014000E3164000,9595709188,
2773,CRS3035RES1000mN2014000E3164000,9611387099,
2774,CRS3035RES1000mN2014000E3164000,9712656915,
2775,CRS3035RES1000mN2014000E3164000,9713142744,
2776,CRS3035RES1000mN2014000E3164000,9815746657,
2777,CRS3035RES1000mN2014000E3164000,10004871512,
2778,CRS3035RES1000mN2014000E3164000,10281174134,
2779,CRS3035RES1000mN2014000E3164000,10580337411,
2780,CRS3035RES1000mN2014000E3164000,10899442604,
2781,CRS3035RES1000mN2014000E3164000,10922657146,
2782,CRS3035RES1000mN2014000E3164000,11127499928,
2783,CRS3035RES1000mN2014000E3164000,11143725881,
2784,CRS3035RES1000mN2014000E3164000,11243087140,
2785,CRS3035RES1000mN2014000E3164000,11269399969,
2786,CRS3035RES1000mN2014000E3164000,11287269362,
2787,CRS3035RES1000mN2014000E3164000,11287269363,
2788,CRS3035RES1000mN2014000E3164000,11369705764,
2789,CRS3035RES1000mN2014000E3164000,11387776374,
2790,CRS3035RES1000mN2014000E3164000,11461799040,
2791,CRS3035RES1000mN2014000E3164000,11462802981,
2792,CRS3035RES1000mN2014000E3164000,11652077658,
2793,CRS3035RES1000mN2014000E3164000,11691390164,
2794,CRS3035RES1000mN2014000E3164000,11739757462,
2795,CRS3035RES1000mN2014000E3164000,12178446726,
2796,CRS3035RES1000mN2014000E3164000,12407425114,
2797,CRS3035RES1000mN2014000E3164000,12865480228,
2798,CRS3035RES1000mN2014000E3164000,2960630,
2799,CRS3035RES1000mN2014000E3164000,3554044,
2800,CRS3035RES1000mN2014000E3164000,3557906,
2801,CRS3035RES1000mN2014000E3164000,5231361,
2802,CRS3035RES1000mN2014000E3164000,9314566,
2803,CRS3035RES1000mN2014000E3164000,13696257,
2804,CRS3035RES1000mN2014000E3164000,15996131,
2805,CRS3035RES1000mN2014000E3164000,23526191,
2806,CRS3035RES1000mN2014000E3164000,23545719,
2807,CRS3035RES1000mN2014000E3164000,30599279,
2808,CRS3035RES1000mN2014000E3164000,30649229,
2809,CRS3035RES1000mN2014000E3164000,32198651,
2810,CRS3035RES1000mN2014000E3164000,34945111,
2811,CRS3035RES1000mN2014000E3164000,50170625,
2812,CRS3035RES1000mN2014000E3164000,82887228,
2813,CRS3035RES1000mN2014000E3164000,92484952,
2814,CRS3035RES1000mN2014000E3164000,95794713,
2815,CRS3035RES1000mN2014000E3164000,96418670,
2816,CRS3035RES1000mN2014000E3164000,98502686,
2817,CRS3035RES1000mN2014000E3164000,132613257,
2818,CRS3035RES1000mN2014000E3164000,135036040,
2819,CRS3035RES1000mN2014000E3164000,150772489,
2820,CRS3035RES1000mN2014000E3164000,154118456,
2821,CRS3035RES1000mN2014000E3164000,157375776,
2822,CRS3035RES1000mN2014000E3164000,158211204,
2823,CRS3035RES1000mN2014000E3164000,162072415,
2824,CRS3035RES1000mN2014000E3164000,162117720,
2825,CRS3035RES1000mN2014000E3164000,170487273,
2826,CRS3035RES1000mN2014000E3164000,172686062,
2827,CRS3035RES1000mN2014000E3164000,174318235,
2828,CRS3035RES1000mN2014000E3164000,174318237,
2829,CRS3035RES1000mN2014000E3164000,205060159,
2830,CRS3035RES1000mN2014000E3164000,205757163,
2831,CRS3035RES1000mN2014000E3164000,221095520,
2832,CRS3035RES1000mN2014000E3164000,224503374,
2833,CRS3035RES1000mN2014000E3164000,227333462,
2834,CRS3035RES1000mN2014000E3164000,229117454,
2835,CRS3035RES1000mN2014000E3164000,261460389,
2836,CRS3035RES1000mN2014000E3164000,283450022,
2837,CRS3035RES1000mN2014000E3164000,288994040,
2838,CRS3035RES1000mN2014000E3164000,296744564,
2839,CRS3035RES1000mN2014000E3164000,297526406,
2840,CRS3035RES1000mN2014000E3164000,300709861,
2841,CRS3035RES1000mN2014000E3164000,301444634,
2842,CRS3035RES1000mN2014000E3164000,302721609,
2843,CRS3035RES1000mN2014000E3164000,308195630,
2844,CRS3035RES1000mN2014000E3164000,312777902,
2845,CRS3035RES1000mN2014000E3164000,330154630,
2846,CRS3035RES1000mN2014000E3164000,340205456,
2847,CRS3035RES1000mN2014000E3164000,367883612,
2848,CRS3035RES1000mN2014000E3164000,368211943,
2849,CRS3035RES1000mN2014000E3164000,374180360,
2850,CRS3035RES1000mN2014000E3164000,375369499,
2851,CRS3035RES1000mN2014000E3164000,383494544,
2852,CRS3035RES1000mN2014000E3164000,384574591,
2853,CRS3035RES1000mN2014000E3164000,403538322,
2854,CRS3035RES1000mN2014000E3164000,403859503,
2855,CRS3035RES1000mN2014000E3164000,437050442,
2856,CRS3035RES1000mN2014000E3164000,459881697,
2857,CRS3035RES1000mN2014000E3164000,477278425,
2858,CRS3035RES1000mN2014000E3164000,486879235,
2859,CRS3035RES1000mN2014000E3164000,493748377,
2860,CRS3035RES1000mN2014000E3164000,498234201,
2861,CRS3035RES1000mN2014000E3164000,504315026,
2862,CRS3035RES1000mN2014000E3164000,548701490,
2863,CRS3035RES1000mN2014000E3164000,574210084,
2864,CRS3035RES1000mN2014000E3164000,576094143,
2865,CRS3035RES1000mN2014000E3164000,584409067,
2866,CRS3035RES1000mN2014000E3164000,635512756,
2867,CRS3035RES1000mN2014000E3164000,638492224,
2868,CRS3035RES1000mN2014000E3164000,653913062,
2869,CRS3035RES1000mN2014000E3164000,659866770,
2870,CRS3035RES1000mN2014000E3164000,697717972,
2871,CRS3035RES1000mN2014000E3164000,717194862,
2872,CRS3035RES1000mN2014000E3164000,736899303,
2873,CRS3035RES1000mN2014000E3164000,738042217,
2874,CRS3035RES1000mN2014000E3164000,839611983,
2875,CRS3035RES1000mN2014000E3164000,957893520,
2876,CRS3035RES1000mN2014000E3164000,963308110,
2877,CRS3035RES1000mN2014000E3164000,1073283182,
2878,CRS3035RES1000mN2014000E3164000,1252864015,
2879,CRS3035RES1000mN2014000E3164000,1283203658,
2880,CRS3035RES1000mN2014000E3165000,25526,
2881,CRS3035RES1000mN2014000E3165000,1774,
2882,CRS3035RES1000mN2014000E3165000,1770,
2883,CRS3035RES1000mN2014000E3165000,1773,
2884,CRS3035RES1000mN2014000E3165000,1771,
2885,CRS3035RES1000mN2014000E3165000,123303,
2886,CRS3035RES1000mN2014000E3165000,1764,
2887,CRS3035RES1000mN2014000E3165000,181101,
2888,CRS3035RES1000mN2014000E3165000,5765642,
2889,CRS3035RES1000mN2014000E3165000,86719,
2890,CRS3035RES1000mN2014000E3165000,1800,
2891,CRS3035RES1000mN2014000E3165000,1757,
2892,CRS3035RES1000mN2014000E3165000,1755,
2893,CRS3035RES1000mN2014000E3165000,1882,
2894,CRS3035RES1000mN2014000E3165000,1745,
2895,CRS3035RES1000mN2014000E3165000,1794,
2896,CRS3035RES1000mN2014000E3165000,1762,
2897,CRS3035RES1000mN2014000E3165000,51188,
2898,CRS3035RES1000mN2014000E3165000,6893633,
2899,CRS3035RES1000mN2014000E3165000,167128,
2900,CRS3035RES1000mN2014000E3165000,1760,
2901,CRS3035RES1000mN2014000E3165000,12773298,
2902,CRS3035RES1000mN2014000E3165000,1754,
2903,CRS3035RES1000mN2014000E3165000,1748,
2904,CRS3035RES1000mN2014000E3165000,79941,
2905,CRS3035RES1000mN2014000E3165000,1750,
2906,CRS3035RES1000mN2014000E3165000,5975465,
2907,CRS3035RES1000mN2014000E3165000,115056,
2908,CRS3035RES1000mN2014000E3165000,1790,
2909,CRS3035RES1000mN2014000E3165000,1756,
2910,CRS3035RES1000mN2014000E3165000,51849,
2911,CRS3035RES1000mN2014000E3165000,185595,
2912,CRS3035RES1000mN2014000E3165000,7697128,
2913,CRS3035RES1000mN2014000E3165000,10395362,
2914,CRS3035RES1000mN2014000E3165000,1759,
2915,CRS3035RES1000mN2014000E3165000,1752,
2916,CRS3035RES1000mN2014000E3165000,186714,
2917,CRS3035RES1000mN2014000E3165000,1753,
2918,CRS3035RES1000mN2014000E3165000,1792,
2919,CRS3035RES1000mN2014000E3165000,1763,
2920,CRS3035RES1000mN2014000E3165000,1746,
2921,CRS3035RES1000mN2014000E3165000,11572165,
2922,CRS3035RES1000mN2014000E3165000,1761,
2923,CRS3035RES1000mN2014000E3165000,1747,
2924,CRS3035RES1000mN2014000E3165000,5768564,
2925,CRS3035RES1000mN2014000E3165000,1798,
2926,CRS3035RES1000mN2014000E3165000,66904,
2927,CRS3035RES1000mN2014000E3165000,1777,
2928,CRS3035RES1000mN2014000E3165000,1765,
2929,CRS3035RES1000mN2014000E3165000,49416,
2930,CRS3035RES1000mN2014000E3165000,12734939,
2931,CRS3035RES1000mN2014000E3165000,167386167,
2932,CRS3035RES1000mN2014000E3165000,295933804,
2933,CRS3035RES1000mN2014000E3165000,303340017,
2934,CRS3035RES1000mN2014000E3165000,315355551,
2935,CRS3035RES1000mN2014000E3165000,339084977,
2936,CRS3035RES1000mN2014000E3165000,412911553,
2937,CRS3035RES1000mN2014000E3165000,558126037,
2938,CRS3035RES1000mN2014000E3165000,711789768,
2939,CRS3035RES1000mN2014000E3165000,727666062,
2940,CRS3035RES1000mN2014000E3165000,848085869,
2941,CRS3035RES1000mN2014000E3165000,1056098898,
2942,CRS3035RES1000mN2014000E3165000,1255438242,
2943,CRS3035RES1000mN2014000E3165000,1469985039,
2944,CRS3035RES1000mN2014000E3165000,1504302537,
2945,CRS3035RES1000mN2014000E3165000,1511617504,
2946,CRS3035RES1000mN2014000E3165000,1541601287,
2947,CRS3035RES1000mN2014000E3165000,1544591296,
2948,CRS3035RES1000mN2014000E3165000,1598174183,
2949,CRS3035RES1000mN2014000E3165000,1629887846,
2950,CRS3035RES1000mN2014000E3165000,1686660176,
2951,CRS3035RES1000mN2014000E3165000,1716927336,
2952,CRS3035RES1000mN2014000E3165000,1734554324,
2953,CRS3035RES1000mN2014000E3165000,1849109335,
2954,CRS3035RES1000mN2014000E3165000,2028408680,
2955,CRS3035RES1000mN2014000E3165000,2036887702,
2956,CRS3035RES1000mN2014000E3165000,2061404218,
2957,CRS3035RES1000mN2014000E3165000,2134238030,
2958,CRS3035RES1000mN2014000E3165000,2261600754,
2959,CRS3035RES1000mN2014000E3165000,2301402027,
2960,CRS3035RES1000mN2014000E3165000,2303966810,
2961,CRS3035RES1000mN2014000E3165000,2312029862,
2962,CRS3035RES1000mN2014000E3165000,2408860250,
2963,CRS3035RES1000mN2014000E3165000,2620185829,
2964,CRS3035RES1000mN2014000E3165000,2622508931,
2965,CRS3035RES1000mN2014000E3165000,2672130951,
2966,CRS3035RES1000mN2014000E3165000,2710518818,
2967,CRS3035RES1000mN2014000E3165000,3034026261,
2968,CRS3035RES1000mN2014000E3165000,3179889751,
2969,CRS3035RES1000mN2014000E3165000,3206611978,
2970,CRS3035RES1000mN2014000E3165000,3272828439,
2971,CRS3035RES1000mN2014000E3165000,3452364276,
2972,CRS3035RES1000mN2014000E3165000,3452364277,
2973,CRS3035RES1000mN2014000E3165000,3495733197,
2974,CRS3035RES1000mN2014000E3165000,3497154853,
2975,CRS3035RES1000mN2014000E3165000,3517755445,
2976,CRS3035RES1000mN2014000E3165000,3522125657,
2977,CRS3035RES1000mN2014000E3165000,3526751794,
2978,CRS3035RES1000mN2014000E3165000,3839306060,
2979,CRS3035RES1000mN2014000E3165000,4214697664,
2980,CRS3035RES1000mN2014000E3165000,4338252586,
2981,CRS3035RES1000mN2014000E3165000,4401271633,
2982,CRS3035RES1000mN2014000E3165000,4515476768,
2983,CRS3035RES1000mN2014000E3165000,4569910891,
2984,CRS3035RES1000mN2014000E3165000,4703730491,
2985,CRS3035RES1000mN2014000E3165000,4707870392,
2986,CRS3035RES1000mN2014000E3165000,4789037769,
2987,CRS3035RES1000mN2014000E3165000,4794233143,
2988,CRS3035RES1000mN2014000E3165000,4870405674,
2989,CRS3035RES1000mN2014000E3165000,5139379922,
2990,CRS3035RES1000mN2014000E3165000,5160337425,
2991,CRS3035RES1000mN2014000E3165000,5196199575,
2992,CRS3035RES1000mN2014000E3165000,5341570554,
2993,CRS3035RES1000mN2014000E3165000,5345949864,
2994,CRS3035RES1000mN2014000E3165000,5448507385,
2995,CRS3035RES1000mN2014000E3165000,5604693894,
2996,CRS3035RES1000mN2014000E3165000,5670401989,
2997,CRS3035RES1000mN2014000E3165000,5942671299,
2998,CRS3035RES1000mN2014000E3165000,5943980960,
2999,CRS3035RES1000mN2014000E3165000,6185791451,
3000,CRS3035RES1000mN2014000E3165000,6188948286,
3001,CRS3035RES1000mN2014000E3165000,6555800191,
3002,CRS3035RES1000mN2014000E3165000,6885254479,
3003,CRS3035RES1000mN2014000E3165000,7222611268,
3004,CRS3035RES1000mN2014000E3165000,7408961006,
3005,CRS3035RES1000mN2014000E3165000,7619964683,
3006,CRS3035RES1000mN2014000E3165000,7836562695,
3007,CRS3035RES1000mN2014000E3165000,8493729364,
3008,CRS3035RES1000mN2014000E3165000,8557885377,
3009,CRS3035RES1000mN2014000E3165000,8807212208,
3010,CRS3035RES1000mN2014000E3165000,8844229173,
3011,CRS3035RES1000mN2014000E3165000,8878422600,
3012,CRS3035RES1000mN2014000E3165000,9595709188,
3013,CRS3035RES1000mN2014000E3165000,9611387099,
3014,CRS3035RES1000mN2014000E3165000,9712656915,
3015,CRS3035RES1000mN2014000E3165000,9713142744,
3016,CRS3035RES1000mN2014000E3165000,9815746657,
3017,CRS3035RES1000mN2014000E3165000,10004871512,
3018,CRS3035RES1000mN2014000E3165000,10281174134,
3019,CRS3035RES1000mN2014000E3165000,10580337411,
3020,CRS3035RES1000mN2014000E3165000,10899442604,
3021,CRS3035RES1000mN2014000E3165000,10922657146,
3022,CRS3035RES1000mN2014000E3165000,11127499928,
3023,CRS3035RES1000mN2014000E3165000,11143725881,
3024,CRS3035RES1000mN2014000E3165000,11243087140,
3025,CRS3035RES1000mN2014000E3165000,11269399969,
3026,CRS3035RES1000mN2014000E3165000,11287269362,
3027,CRS3035RES1000mN2014000E3165000,11287269363,
3028,CRS3035RES1000mN2014000E3165000,11369705764,
3029,CRS3035RES1000mN2014000E3165000,11387776374,
3030,CRS3035RES1000mN2014000E3165000,11461799040,
3031,CRS3035RES1000mN2014000E3165000,11462802981,
3032,CRS3035RES1000mN2014000E3165000,11652077658,
3033,CRS3035RES1000mN2014000E3165000,11691390164,
3034,CRS3035RES1000mN2014000E3165000,11739757462,
3035,CRS3035RES1000mN2014000E3165000,12178446726,
3036,CRS3035RES1000mN2014000E3165000,12407425114,
3037,CRS3035RES1000mN2014000E3165000,12865480228,
3038,CRS3035RES1000mN2014000E3165000,2960630,
3039,CRS3035RES1000mN2014000E3165000,3554044,
3040,CRS3035RES1000mN2014000E3165000,3557906,
3041,CRS3035RES1000mN2014000E3165000,5231361,
3042,CRS3035RES1000mN2014000E3165000,9314566,
3043,CRS3035RES1000mN2014000E3165000,13696257,
3044,CRS3035RES1000mN2014000E3165000,15996131,
3045,CRS3035RES1000mN2014000E3165000,23526191,
3046,CRS3035RES1000mN2014000E3165000,23545719,
3047,CRS3035RES1000mN2014000E3165000,30599279,
3048,CRS3035RES1000mN2014000E3165000,30649229,
3049,CRS3035RES1000mN2014000E3165000,32198651,
3050,CRS3035RES1000mN2014000E3165000,34945111,
3051,CRS3035RES1000mN2014000E3165000,50170625,
3052,CRS3035RES1000mN2014000E3165000,82887228,
3053,CRS3035RES1000mN2014000E3165000,92484952,
3054,CRS3035RES1000mN2014000E3165000,95794713,
3055,CRS3035RES1000mN2014000E3165000,96418670,
3056,CRS3035RES1000mN2014000E3165000,98502686,
3057,CRS3035RES1000mN2014000E3165000,132613257,
3058,CRS3035RES1000mN2014000E3165000,135036040,
3059,CRS3035RES1000mN2014000E3165000,150772489,
3060,CRS3035RES1000mN2014000E3165000,154118456,
3061,CRS3035RES1000mN2014000E3165000,157375776,
3062,CRS3035RES1000mN2014000E3165000,158211204,
3063,CRS3035RES1000mN2014000E3165000,162072415,
3064,CRS3035RES1000mN2014000E3165000,162117720,
3065,CRS3035RES1000mN2014000E3165000,170487273,
3066,CRS3035RES1000mN2014000E3165000,172686062,
3067,CRS3035RES1000mN2014000E3165000,174318235,
3068,CRS3035RES1000mN2014000E3165000,174318237,
3069,CRS3035RES1000mN2014000E3165000,205060159,
3070,CRS3035RES1000mN2014000E3165000,205757163,
3071,CRS3035RES1000mN2014000E3165000,221095520,
3072,CRS3035RES1000mN2014000E3165000,224503374,
3073,CRS3035RES1000mN2014000E3165000,227333462,
3074,CRS3035RES1000mN2014000E3165000,229117454,
3075,CRS3035RES1000mN2014000E3165000,261460389,
3076,CRS3035RES1000mN2014000E3165000,283450022,
3077,CRS3035RES1000mN2014000E3165000,288994040,
3078,CRS3035RES1000mN2014000E3165000,296744564,
3079,CRS3035RES1000mN2014000E3165000,297526406,
3080,CRS3035RES1000mN2014000E3165000,300709861,
3081,CRS3035RES1000mN2014000E3165000,301444634,
3082,CRS3035RES1000mN2014000E3165000,302721609,
3083,CRS3035RES1000mN2014000E3165000,308195630,
3084,CRS3035RES1000mN2014000E3165000,312777902,
3085,CRS3035RES1000mN2014000E3165000,330154630,
3086,CRS3035RES1000mN2014000E3165000,340205456,
3087,CRS3035RES1000mN2014000E3165000,367883612,
3088,CRS3035RES1000mN2014000E3165000,368211943,
3089,CRS3035RES1000mN2014000E3165000,374180360,
3090,CRS3035RES1000mN2014000E3165000,375369499,
3091,CRS3035RES1000mN2014000E3165000,383494544,
3092,CRS3035RES1000mN2014000E3165000,384574591,
3093,CRS3035RES1000mN2014000E3165000,403538322,
3094,CRS3035RES1000mN2014000E3165000,403859503,
3095,CRS3035RES1000mN2014000E3165000,437050442,
3096,CRS3035RES1000mN2014000E3165000,459881697,
3097,CRS3035RES1000mN2014000E3165000,477278425,
3098,CRS3035RES1000mN2014000E3165000,486879235,
3099,CRS3035RES1000mN2014000E3165000,493748377,
3100,CRS3035RES1000mN2014000E3165000,498234201,
3101,CRS3035RES1000mN2014000E3165000,504315026,
3102,CRS3035RES1000mN2014000E3165000,548701490,
3103,CRS3035RES1000mN2014000E3165000,574210084,
3104,CRS3035RES1000mN2014000E3165000,576094143,
3105,CRS3035RES1000mN2014000E3165000,584409067,
3106,CRS3035RES1000mN2014000E3165000,635512756,
3107,CRS3035RES1000mN2014000E3165000,638492224,
3108,CRS3035RES1000mN2014000E3165000,653913062,
3109,CRS3035RES1000mN2014000E3165000,659866770,
3110,CRS3035RES1000mN2014000E3165000,697717972,
3111,CRS3035RES1000mN2014000E3165000,717194862,
3112,CRS3035RES1000mN2014000E3165000,736899303,
3113,CRS3035RES1000mN2014000E3165000,738042217,
3114,CRS3035RES1000mN2014000E3165000,839611983,
3115,CRS3035RES1000mN2014000E3165000,957893520,
3116,CRS3035RES1000mN2014000E3165000,963308110,
3117,CRS3035RES1000mN2014000E3165000,1073283182,
3118,CRS3035RES1000mN2014000E3165000,1252864015,
3119,CRS3035RES1000mN2014000E3165000,1283203658,
3120,CRS3035RES1000mN2014000E3166000,25526,
3121,CRS3035RES1000mN2014000E3166000,1774,
3122,CRS3035RES1000mN2014000E3166000,1770,
3123,CRS3035RES1000mN2014000E3166000,1773,
3124,CRS3035RES1000mN2014000E3166000,1771,
3125,CRS3035RES1000mN2014000E3166000,123303,
3126,CRS3035RES1000mN2014000E3166000,1764,
3127,CRS3035RES1000mN2014000E3166000,181101,
3128,CRS3035RES1000mN2014000E3166000,5765642,
3129,CRS3035RES1000mN2014000E3166000,86719,
3130,CRS3035RES1000mN2014000E3166000,1800,
3131,CRS3035RES1000mN2014000E3166000,1757,
3132,CRS3035RES1000mN2014000E3166000,1755,
3133,CRS3035RES1000mN2014000E3166000,1882,
3134,CRS3035RES1000mN2014000E3166000,1745,
3135,CRS3035RES1000mN2014000E3166000,1794,
3136,CRS3035RES1000mN2014000E3166000,1762,
3137,CRS3035RES1000mN2014000E3166000,51188,
3138,CRS3035RES1000mN2014000E3166000,6893633,
3139,CRS3035RES1000mN2014000E3166000,167128,
3140,CRS3035RES1000mN2014000E3166000,1760,
3141,CRS3035RES1000mN2014000E3166000,12773298,
3142,CRS3035RES1000mN2014000E3166000,1754,
3143,CRS3035RES1000mN2014000E3166000,1748,
3144,CRS3035RES1000mN2014000E3166000,79941,
3145,CRS3035RES1000mN2014000E3166000,1750,
3146,CRS3035RES1000mN2014000E3166000,5975465,
3147,CRS3035RES1000mN2014000E3166000,115056,
3148,CRS3035RES1000mN2014000E3166000,1790,
3149,CRS3035RES1000mN2014000E3166000,1756,
3150,CRS3035RES1000mN2014000E3166000,51849,
3151,CRS3035RES1000mN2014000E3166000,185595,
3152,CRS3035RES1000mN2014000E3166000,7697128,
3153,CRS3035RES1000mN2014000E3166000,10395362,
3154,CRS3035RES1000mN2014000E3166000,1759,
3155,CRS3035RES1000mN2014000E3166000,1752,
3156,CRS3035RES1000mN2014000E3166000,186714,
3157,CRS3035RES1000mN2014000E3166000,1753,
3158,CRS3035RES1000mN2014000E3166000,1792,
3159,CRS3035RES1000mN2014000E3166000,1763,
3160,CRS3035RES1000mN2014000E3166000,1746,
3161,CRS3035RES1000mN2014000E3166000,11572165,
3162,CRS3035RES1000mN2014000E3166000,1761,
3163,CRS3035RES1000mN2014000E3166000,1747,
3164,CRS3035RES1000mN2014000E3166000,5768564,
3165,CRS3035RES1000mN2014000E3166000,1798,
3166,CRS3035RES1000mN2014000E3166000,66904,
3167,CRS3035RES1000mN2014000E3166000,1777,
3168,CRS3035RES1000mN2014000E3166000,1765,
3169,CRS3035RES1000mN2014000E3166000,49416,
3170,CRS3035RES1000mN2014000E3166000,12734939,
3171,CRS3035RES1000mN2014000E3166000,167386167,
3172,CRS3035RES1000mN2014000E3166000,295933804,
3173,CRS3035RES1000mN2014000E3166000,303340017,
3174,CRS3035RES1000mN2014000E3166000,315355551,
3175,CRS3035RES1000mN2014000E3166000,339084977,
3176,CRS3035RES1000mN2014000E3166000,412911553,
3177,CRS3035RES1000mN2014000E3166000,558126037,
3178,CRS3035RES1000mN2014000E3166000,711789768,
3179,CRS3035RES1000mN2014000E3166000,727666062,
3180,CRS3035RES1000mN2014000E3166000,848085869,
3181,CRS3035RES1000mN2014000E3166000,1056098898,
3182,CRS3035RES1000mN2014000E3166000,1255438242,
3183,CRS3035RES1000mN2014000E3166000,1469985039,
3184,CRS3035RES1000mN2014000E3166000,1504302537,
3185,CRS3035RES1000mN2014000E3166000,1511617504,
3186,CRS3035RES1000mN2014000E3166000,1541601287,
3187,CRS3035RES1000mN2014000E3166000,1544591296,
3188,CRS3035RES1000mN2014000E3166000,1598174183,
3189,CRS3035RES1000mN2014000E3166000,1629887846,
3190,CRS3035RES1000mN2014000E3166000,1686660176,
3191,CRS3035RES1000mN2014000E3166000,1716927336,
3192,CRS3035RES1000mN2014000E3166000,1734554324,
3193,CRS3035RES1000mN2014000E3166000,1849109335,
3194,CRS3035RES1000mN2014000E3166000,2028408680,
3195,CRS3035RES1000mN2014000E3166000,2036887702,
3196,CRS3035RES1000mN2014000E3166000,2061404218,
3197,CRS3035RES1000mN2014000E3166000,2134238030,
3198,CRS3035RES1000mN2014000E3166000,2261600754,
3199,CRS3035RES1000mN2014000E3166000,2301402027,
3200,CRS3035RES1000mN2014000E3166000,2303966810,
3201,CRS3035RES1000mN2014000E3166000,2312029862,
3202,CRS3035RES1000mN2014000E3166000,2408860250,
3203,CRS3035RES1000mN2014000E3166000,2620185829,
3204,CRS3035RES1000mN2014000E3166000,2622508931,
3205,CRS3035RES1000mN2014000E3166000,2672130951,
3206,CRS3035RES1000mN2014000E3166000,2710518818,
3207,CRS3035RES1000mN2014000E3166000,3034026261,
3208,CRS3035RES1000mN2014000E3166000,3179889751,
3209,CRS3035RES1000mN2014000E3166000,3206611978,
3210,CRS3035RES1000mN2014000E3166000,3272828439,
3211,CRS3035RES1000mN2014000E3166000,3452364276,
3212,CRS3035RES1000mN2014000E3166000,3452364277,
3213,CRS3035RES1000mN2014000E3166000,3495733197,
3214,CRS3035RES1000mN2014000E3166000,3497154853,
3215,CRS3035RES1000mN2014000E3166000,3517755445,
3216,CRS3035RES1000mN2014000E3166000,3522125657,
3217,CRS3035RES1000mN2014000E3166000,3526751794,
3218,CRS3035RES1000mN2014000E3166000,3839306060,
3219,CRS3035RES1000mN2014000E3166000,4214697664,
3220,CRS3035RES1000mN2014000E3166000,4338252586,
3221,CRS3035RES1000mN2014000E3166000,4401271633,
3222,CRS3035RES1000mN2014000E3166000,4515476768,
3223,CRS3035RES1000mN2014000E3166000,4569910891,
3224,CRS3035RES1000mN2014000E3166000,4703730491,
3225,CRS3035RES1000mN2014000E3166000,4707870392,
3226,CRS3035RES1000mN2014000E3166000,4789037769,
3227,CRS3035RES1000mN2014000E3166000,4794233143,
3228,CRS3035RES1000mN2014000E3166000,4870405674,
3229,CRS3035RES1000mN2014000E3166000,5139379922,
3230,CRS3035RES1000mN2014000E3166000,5160337425,
3231,CRS3035RES1000mN2014000E3166000,5196199575,
3232,CRS3035RES1000mN2014000E3166000,5341570554,
3233,CRS3035RES1000mN2014000E3166000,5345949864,
3234,CRS3035RES1000mN2014000E3166000,5448507385,
3235,CRS3035RES1000mN2014000E3166000,5604693894,
3236,CRS3035RES1000mN2014000E3166000,5670401989,
3237,CRS3035RES1000mN2014000E3166000,5942671299,
3238,CRS3035RES1000mN2014000E3166000,5943980960,
3239,CRS3035RES1000mN2014000E3166000,6185791451,
3240,CRS3035RES1000mN2014000E3166000,6188948286,
3241,CRS3035RES1000mN2014000E3166000,6555800191,
3242,CRS3035RES1000mN2014000E3166000,6885254479,
3243,CRS3035RES1000mN2014000E3166000,7222611268,
3244,CRS3035RES1000mN2014000E3166000,7408961006,
3245,CRS3035RES1000mN2014000E3166000,7619964683,
3246,CRS3035RES1000mN2014000E3166000,7836562695,
3247,CRS3035RES1000mN2014000E3166000,8493729364,
3248,CRS3035RES1000mN2014000E3166000,8557885377,
3249,CRS3035RES1000mN2014000E3166000,8807212208,
3250,CRS3035RES1000mN2014000E3166000,8844229173,
3251,CRS3035RES1000mN2014000E3166000,8878422600,
3252,CRS3035RES1000mN2014000E3166000,9595709188,
3253,CRS3035RES1000mN2014000E3166000,9611387099,
3254,CRS3035RES1000mN2014000E3166000,9712656915,
3255,CRS3035RES1000mN2014000E3166000,9713142744,
3256,CRS3035RES1000mN2014000E3166000,9815746657,
3257,CRS3035RES1000mN2014000E3166000,10004871512,
3258,CRS3035RES1000mN2014000E3166000,10281174134,
3259,CRS3035RES1000mN2014000E3166000,10580337411,
3260,CRS3035RES1000mN2014000E3166000,10899442604,
3261,CRS3035RES1000mN2014000E3166000,10922657146,
3262,CRS3035RES1000mN2014000E3166000,11127499928,
3263,CRS3035RES1000mN2014000E3166000,11143725881,
3264,CRS3035RES1000mN2014000E3166000,11243087140,
3265,CRS3035RES1000mN2014000E3166000,11269399969,
3266,CRS3035RES1000mN2014000E3166000,11287269362,
3267,CRS3035RES1000mN2014000E3166000,11287269363,
3268,CRS3035RES1000mN2014000E3166000,11369705764,
3269,CRS3035RES1000mN2014000E3166000,11387776374,
3270,CRS3035RES1000mN2014000E3166000,11461799040,
3271,CRS3035RES1000mN2014000E3166000,11462802981,
3272,CRS3035RES1000mN2014000E3166000,11652077658,
3273,CRS3035RES1000mN2014000E3166000,11691390164,
3274,CRS3035RES1000mN2014000E3166000,11739757462,
3275,CRS3035RES1000mN2014000E3166000,12178446726,
3276,CRS3035RES1000mN2014000E3166000,12407425114,
3277,CRS3035RES1000mN2014000E3166000,12865480228,
3278,CRS3035RES1000mN2014000E3166000,2960630,
3279,CRS3035RES1000mN2014000E3166000,3554044,
3280,CRS3035RES1000mN2014000E3166000,3557906,
3281,CRS3035RES1000mN2014000E3166000,5231361,
3282,CRS3035RES1000mN2014000E3166000,9314566,
3283,CRS3035RES1000mN2014000E3166000,13696257,
3284,CRS3035RES1000mN2014000E3166000,15996131,
3285,CRS3035RES1000mN2014000E3166000,23526191,
3286,CRS3035RES1000mN2014000E3166000,23545719,
3287,CRS3035RES1000mN2014000E3166000,30599279,
3288,CRS3035RES1000mN2014000E3166000,30649229,
3289,CRS3035RES1000mN2014000E3166000,32198651,
3290,CRS3035RES1000mN2014000E3166000,34945111,
3291,CRS3035RES1000mN2014000E3166000,50170625,
3292,CRS3035RES1000mN2014000E3166000,82887228,
3293,CRS3035RES1000mN2014000E3166000,92484952,
3294,CRS3035RES1000mN2014000E3166000,95794713,
3295,CRS3035RES1000mN2014000E3166000,96418670,
3296,CRS3035RES1000mN2014000E3166000,98502686,
3297,CRS3035RES1000mN2014000E3166000,132613257,
3298,CRS3035RES1000mN2014000E3166000,135036040,
3299,CRS3035RES1000mN2014000E3166000,150772489,
3300,CRS3035RES1000mN2014000E3166000,154118456,
3301,CRS3035RES1000mN2014000E3166000,157375776,
3302,CRS3035RES1000mN2014000E3166000,158211204,
3303,CRS3035RES1000mN2014000E3166000,162072415,
3304,CRS3035RES1000mN2014000E3166000,162117720,
3305,CRS3035RES1000mN2014000E3166000,170487273,
3306,CRS3035RES1000mN2014000E3166000,172686062,
3307,CRS3035RES1000mN2014000E3166000,174318235,
3308,CRS3035RES1000mN2014000E3166000,174318237,
3309,CRS3035RES1000mN2014000E3166000,205060159,
3310,CRS3035RES1000mN2014000E3166000,205757163,
3311,CRS3035RES1000mN2014000E3166000,221095520,
3312,CRS3035RES1000mN2014000E3166000,224503374,
3313,CRS3035RES1000mN2014000E3166000,227333462,
3314,CRS3035RES1000mN2014000E3166000,229117454,
3315,CRS3035RES1000mN2014000E3166000,261460389,
3316,CRS3035RES1000mN2014000E3166000,283450022,
3317,CRS3035RES1000mN2014000E3166000,288994040,
3318,CRS3035RES1000mN2014000E3166000,296744564,
3319,CRS3035RES1000mN2014000E3166000,297526406,
3320,CRS3035RES1000mN2014000E3166000,300709861,
3321,CRS3035RES1000mN2014000E3166000,301444634,
3322,CRS3035RES1000mN2014000E3166000,302721609,
3323,CRS3035RES1000mN2014000E3166000,308195630,
3324,CRS3035RES1000mN2014000E3166000,312777902,
3325,CRS3035RES1000mN2014000E3166000,330154630,
3326,CRS3035RES1000mN2014000E3166000,340205456,
3327,CRS3035RES1000mN2014000E3166000,367883612,
3328,CRS3035RES1000mN2014000E3166000,368211943,
3329,CRS3035RES1000mN2014000E3166000,374180360,
3330,CRS3035RES1000mN2014000E3166000,375369499,
3331,CRS3035RES1000mN2014000E3166000,383494544,
3332,CRS3035RES1000mN2014000E3166000,384574591,
3333,CRS3035RES1000mN2014000E3166000,403538322,
3334,CRS3035RES1000mN2014000E3166000,403859503,
3335,CRS3035RES1000mN2014000E3166000,437050442,
3336,CRS3035RES1000mN2014000E3166000,459881697,
3337,CRS3035RES1000mN2014000E3166000,477278425,
3338,CRS3035RES1000mN2014000E3166000,486879235,
3339,CRS3035RES1000mN2014000E3166000,493748377,
3340,CRS3035RES1000mN2014000E3166000,498234201,
3341,CRS3035RES1000mN2014000E3166000,504315026,
3342,CRS3035RES1000mN2014000E3166000,548701490,
3343,CRS3035RES1000mN2014000E3166000,574210084,
3344,CRS3035RES1000mN2014000E3166000,576094143,
3345,CRS3035RES1000mN2014000E3166000,584409067,
3346,CRS3035RES1000mN2014000E3166000,635512756,
3347,CRS3035RES1000mN2014000E3166000,638492224,
3348,CRS3035RES1000mN2014000E3166000,653913062,
3349,CRS3035RES1000mN2014000E3166000,659866770,
3350,CRS3035RES1000mN2014000E3166000,697717972,
3351,CRS3035RES1000mN2014000E3166000,717194862,
3352,CRS3035RES1000mN2014000E3166000,736899303,
3353,CRS3035RES1000mN2014000E3166000,738042217,
3354,CRS3035RES1000mN2014000E3166000,839611983,
3355,CRS3035RES1000mN2014000E3166000,957893520,
3356,CRS3035RES1000mN2014000E3166000,963308110,
3357,CRS3035RES1000mN2014000E3166000,1073283182,
3358,CRS3035RES1000mN2014000E3166000,1252864015,
3359,CRS3035RES1000mN2014000E3166000,1283203658,
3360,CRS3035RES1000mN2014000E3167000,25526,
3361,CRS3035RES1000mN2014000E3167000,1774,
3362,CRS3035RES1000mN2014000E3167000,1770,
3363,CRS3035RES1000mN2014000E3167000,1773,
3364,CRS3035RES1000mN2014000E3167000,1771,
3365,CRS3035RES1000mN2014000E3167000,123303,
3366,CRS3035RES1000mN2014000E3167000,1764,
3367,CRS3035RES1000mN2014000E3167000,181101,
3368,CRS3035RES1000mN2014000E3167000,5765642,
3369,CRS3035RES1000mN2014000E3167000,86719,
3370,CRS3035RES1000mN2014000E3167000,1800,
3371,CRS3035RES1000mN2014000E3167000,1757,
3372,CRS3035RES1000mN2014000E3167000,1755,
3373,CRS3035RES1000mN2014000E3167000,1882,
3374,CRS3035RES1000mN2014000E3167000,1745,
3375,CRS3035RES1000mN2014000E3167000,1794,
3376,CRS3035RES1000mN2014000E3167000,1762,
3377,CRS3035RES1000mN2014000E3167000,51188,
3378,CRS3035RES1000mN2014000E3167000,6893633,
3379,CRS3035RES1000mN2014000E3167000,167128,
3380,CRS3035RES1000mN2014000E3167000,1760,
3381,CRS3035RES1000mN2014000E3167000,12773298,
3382,CRS3035RES1000mN2014000E3167000,1754,
3383,CRS3035RES1000mN2014000E3167000,1748,
3384,CRS3035RES1000mN2014000E3167000,79941,
3385,CRS3035RES1000mN2014000E3167000,1750,
3386,CRS3035RES1000mN2014000E3167000,5975465,
3387,CRS3035RES1000mN2014000E3167000,115056,
3388,CRS3035RES1000mN2014000E3167000,1790,
3389,CRS3035RES1000mN2014000E3167000,1756,
3390,CRS3035RES1000mN2014000E3167000,51849,
3391,CRS3035RES1000mN2014000E3167000,185595,
3392,CRS3035RES1000mN2014000E3167000,7697128,
3393,CRS3035RES1000mN2014000E3167000,10395362,
3394,CRS3035RES1000mN2014000E3167000,1759,
3395,CRS3035RES1000mN2014000E3167000,1752,
3396,CRS3035RES1000mN2014000E3167000,186714,
3397,CRS3035RES1000mN2014000E3167000,1753,
3398,CRS3035RES1000mN2014000E3167000,1792,
3399,CRS3035RES1000mN2014000E3167000,1763,
3400,CRS3035RES1000mN2014000E3167000,1746,
3401,CRS3035RES1000mN2014000E3167000,11572165,
3402,CRS3035RES1000mN2014000E3167000,1761,
3403,CRS3035RES1000mN2014000E3167000,1747,
3404,CRS3035RES1000mN2014000E3167000,5768564,
3405,CRS3035RES1000mN2014000E3167000,1798,
3406,CRS3035RES1000mN2014000E3167000,66904,
3407,CRS3035RES1000mN2014000E3167000,1777,
3408,CRS3035RES1000mN2014000E3167000,1765,
3409,CRS3035RES1000mN2014000E3167000,49416,
3410,CRS3035RES1000mN2014000E3167000,12734939,
3411,CRS3035RES1000mN2014000E3167000,167386167,
3412,CRS3035RES1000mN2014000E3167000,295933804,
3413,CRS3035RES1000mN2014000E3167000,303340017,
3414,CRS3035RES1000mN2014000E3167000,315355551,
3415,CRS3035RES1000mN2014000E3167000,339084977,
3416,CRS3035RES1000mN2014000E3167000,412911553,
3417,CRS3035RES1000mN2014000E3167000,558126037,
3418,CRS3035RES1000mN2014000E3167000,711789768,
3419,CRS3035RES1000mN2014000E3167000,727666062,
3420,CRS3035RES1000mN2014000E3167000,848085869,
3421,CRS3035RES1000mN2014000E3167000,1056098898,
3422,CRS3035RES1000mN2014000E3167000,1255438242,
3423,CRS3035RES1000mN2014000E3167000,1469985039,
3424,CRS3035RES1000mN2014000E3167000,1504302537,
3425,CRS3035RES1000mN2014000E3167000,1511617504,
3426,CRS3035RES1000mN2014000E3167000,1541601287,
3427,CRS3035RES1000mN2014000E3167000,1544591296,
3428,CRS3035RES1000mN2014000E3167000,1598174183,
3429,CRS3035RES1000mN2014000E3167000,1629887846,
3430,CRS3035RES1000mN2014000E3167000,1686660176,
3431,CRS3035RES1000mN2014000E3167000,1716927336,
3432,CRS3035RES1000mN2014000E3167000,1734554324,
3433,CRS3035RES1000mN2014000E3167000,1849109335,
3434,CRS3035RES1000mN2014000E3167000,2028408680,
3435,CRS3035RES1000mN2014000E3167000,2036887702,
3436,CRS3035RES1000mN2014000E3167000,2061404218,
3437,CRS3035RES1000mN2014000E3167000,2134238030,
3438,CRS3035RES1000mN2014000E3167000,2261600754,
3439,CRS3035RES1000mN2014000E3167000,2301402027,
3440,CRS3035RES1000mN2014000E3167000,2303966810,
3441,CRS3035RES1000mN2014000E3167000,2312029862,
3442,CRS3035RES1000mN2014000E3167000,2408860250,
3443,CRS3035RES1000mN2014000E3167000,2620185829,
3444,CRS3035RES1000mN2014000E3167000,2622508931,
3445,CRS3035RES1000mN2014000E3167000,2672130951,
3446,CRS3035RES1000mN2014000E3167000,2710518818,
3447,CRS3035RES1000mN2014000E3167000,3034026261,
3448,CRS3035RES1000mN2014000E3167000,3179889751,
3449,CRS3035RES1000mN2014000E3167000,3206611978,
3450,CRS3035RES1000mN2014000E3167000,3272828439,
3451,CRS3035RES1000mN2014000E3167000,3452364276,
3452,CRS3035RES1000mN2014000E3167000,3452364277,
3453,CRS3035RES1000mN2014000E3167000,3495733197,
3454,CRS3035RES1000mN2014000E3167000,3497154853,
3455,CRS3035RES1000mN2014000E3167000,3517755445,
3456,CRS3035RES1000mN2014000E3167000,3522125657,
3457,CRS3035RES1000mN2014000E3167000,3526751794,
3458,CRS3035RES1000mN2014000E3167000,3839306060,
3459,CRS3035RES1000mN2014000E3167000,4214697664,
3460,CRS3035RES1000mN2014000E3167000,4338252586,
3461,CRS3035RES1000mN2014000E3167000,4401271633,
3462,CRS3035RES1000mN2014000E3167000,4515476768,
3463,CRS3035RES1000mN2014000E3167000,4569910891,
3464,CRS3035RES1000mN2014000E3167000,4703730491,
3465,CRS3035RES1000mN2014000E3167000,4707870392,
3466,CRS3035RES1000mN2014000E3167000,4789037769,
3467,CRS3035RES1000mN2014000E3167000,4794233143,
3468,CRS3035RES1000mN2014000E3167000,4870405674,
3469,CRS3035RES1000mN2014000E3167000,5139379922,
3470,CRS3035RES1000mN2014000E3167000,5160337425,
3471,CRS3035RES1000mN2014000E3167000,5196199575,
3472,CRS3035RES1000mN2014000E3167000,5341570554,
3473,CRS3035RES1000mN2014000E3167000,5345949864,
3474,CRS3035RES1000mN2014000E3167000,5448507385,
3475,CRS3035RES1000mN2014000E3167000,5604693894,
3476,CRS3035RES1000mN2014000E3167000,5670401989,
3477,CRS3035RES1000mN2014000E3167000,5942671299,
3478,CRS3035RES1000mN2014000E3167000,5943980960,
3479,CRS3035RES1000mN2014000E3167000,6185791451,
3480,CRS3035RES1000mN2014000E3167000,6188948286,
3481,CRS3035RES1000mN2014000E3167000,6555800191,
3482,CRS3035RES1000mN2014000E3167000,6885254479,
3483,CRS3035RES1000mN2014000E3167000,7222611268,
3484,CRS3035RES1000mN2014000E3167000,7408961006,
3485,CRS3035RES1000mN2014000E3167000,7619964683,
3486,CRS3035RES1000mN2014000E3167000,7836562695,
3487,CRS3035RES1000mN2014000E3167000,8493729364,
3488,CRS3035RES1000mN2014000E3167000,8557885377,
3489,CRS3035RES1000mN2014000E3167000,8807212208,
3490,CRS3035RES1000mN2014000E3167000,8844229173,
3491,CRS3035RES1000mN2014000E3167000,8878422600,
3492,CRS3035RES1000mN2014000E3167000,9595709188,
3493,CRS3035RES1000mN2014000E3167000,9611387099,
3494,CRS3035RES1000mN2014000E3167000,9712656915,
3495,CRS3035RES1000mN2014000E3167000,9713142744,
3496,CRS3035RES1000mN2014000E3167000,9815746657,
3497,CRS3035RES1000mN2014000E3167000,10004871512,
3498,CRS3035RES1000mN2014000E3167000,10281174134,
3499,CRS3035RES1000mN2014000E3167000,10580337411,
3500,CRS3035RES1000mN2014000E3167000,10899442604,
3501,CRS3035RES1000mN2014000E3167000,10922657146,
3502,CRS3035RES1000mN2014000E3167000,11127499928,
3503,CRS3035RES1000mN2014000E3167000,11143725881,
3504,CRS3035RES1000mN2014000E3167000,11243087140,
3505,CRS3035RES1000mN2014000E3167000,11269399969,
3506,CRS3035RES1000mN2014000E3167000,11287269362,
3507,CRS3035RES1000mN2014000E3167000,11287269363,
3508,CRS3035RES1000mN2014000E3167000,11369705764,
3509,CRS3035RES1000mN2014000E3167000,11387776374,
3510,CRS3035RES1000mN2014000E3167000,11461799040,
3511,CRS3035RES1000mN2014000E3167000,11462802981,
3512,CRS3035RES1000mN2014000E3167000,11652077658,
3513,CRS3035RES1000mN2014000E3167000,11691390164,
3514,CRS3035RES1000mN2014000E3167000,11739757462,
3515,CRS3035RES1000mN2014000E3167000,12178446726,
3516,CRS3035RES1000mN2014000E3167000,12407425114,
3517,CRS3035RES1000mN2014000E3167000,12865480228,
3518,CRS3035RES1000mN2014000E3167000,2960630,
3519,CRS3035RES1000mN2014000E3167000,3554044,
3520,CRS3035RES1000mN2014000E3167000,3557906,
3521,CRS3035RES1000mN2014000E3167000,5231361,
3522,CRS3035RES1000mN2014000E3167000,9314566,
3523,CRS3035RES1000mN2014000E3167000,13696257,
3524,CRS3035RES1000mN2014000E3167000,15996131,
3525,CRS3035RES1000mN2014000E3167000,23526191,
3526,CRS3035RES1000mN2014000E3167000,23545719,
3527,CRS3035RES1000mN2014000E3167000,30599279,
3528,CRS3035RES1000mN2014000E3167000,30649229,
3529,CRS3035RES1000mN2014000E3167000,32198651,
3530,CRS3035RES1000mN2014000E3167000,34945111,
3531,CRS3035RES1000mN2014000E3167000,50170625,
3532,CRS3035RES1000mN2014000E3167000,82887228,
3533,CRS3035RES1000mN2014000E3167000,92484952,
3534,CRS3035RES1000mN2014000E3167000,95794713,
3535,CRS3035RES1000mN2014000E3167000,96418670,
3536,CRS3035RES1000mN2014000E3167000,98502686,
3537,CRS3035RES1000mN2014000E3167000,132613257,
3538,CRS3035RES1000mN2014000E3167000,135036040,
3539,CRS3035RES1000mN2014000E3167000,150772489,
3540,CRS3035RES1000mN2014000E3167000,154118456,
3541,CRS3035RES1000mN2014000E3167000,157375776,
3542,CRS3035RES1000mN2014000E3167000,158211204,
3543,CRS3035RES1000mN2014000E3167000,162072415,
3544,CRS3035RES1000mN2014000E3167000,162117720,
3545,CRS3035RES1000mN2014000E3167000,170487273,
3546,CRS3035RES1000mN2014000E3167000,172686062,
3547,CRS3035RES1000mN2014000E3167000,174318235,
3548,CRS3035RES1000mN2014000E3167000,174318237,
3549,CRS3035RES1000mN2014000E3167000,205060159,
3550,CRS3035RES1000mN2014000E3167000,205757163,
3551,CRS3035RES1000mN2014000E3167000,221095520,
3552,CRS3035RES1000mN2014000E3167000,224503374,
3553,CRS3035RES1000mN2014000E3167000,227333462,
3554,CRS3035RES1000mN2014000E3167000,229117454,
3555,CRS3035RES1000mN2014000E3167000,261460389,
3556,CRS3035RES1000mN2014000E3167000,283450022,
3557,CRS3035RES1000mN2014000E3167000,288994040,
3558,CRS3035RES1000mN2014000E3167000,296744564,
3559,CRS3035RES1000mN2014000E3167000,297526406,
3560,CRS3035RES1000mN2014000E3167000,300709861,
3561,CRS3035RES1000mN2014000E3167000,301444634,
3562,CRS3035RES1000mN2014000E3167000,302721609,
3563,CRS3035RES1000mN2014000E3167000,308195630,
3564,CRS3035RES1000mN2014000E3167000,312777902,
3565,CRS3035RES1000mN2014000E3167000,330154630,
3566,CRS3035RES1000mN2014000E3167000,340205456,
3567,CRS3035RES1000mN2014000E3167000,367883612,
3568,CRS3035RES1000mN2014000E3167000,368211943,
3569,CRS3035RES1000mN2014000E3167000,374180360,
3570,CRS3035RES1000mN2014000E3167000,375369499,
3571,CRS3035RES1000mN2014000E3167000,383494544,
3572,CRS3035RES1000mN2014000E3167000,384574591,
3573,CRS3035RES1000mN2014000E3167000,403538322,
3574,CRS3035RES1000mN2014000E3167000,403859503,
3575,CRS3035RES1000mN2014000E3167000,437050442,
3576,CRS3035RES1000mN2014000E3167000,459881697,
3577,CRS3035RES1000mN2014000E3167000,477278425,
3578,CRS3035RES1000mN2014000E3167000,486879235,
3579,CRS3035RES1000mN2014000E3167000,493748377,
3580,CRS3035RES1000mN2014000E3167000,498234201,
3581,CRS3035RES1000mN2014000E3167000,504315026,
3582,CRS3035RES1000mN2014000E3167000,548701490,
3583,CRS3035RES1000mN2014000E3167000,574210084,
3584,CRS3035RES1000mN2014000E3167000,576094143,
3585,CRS3035RES1000mN2014000E3167000,584409067,
3586,CRS3035RES1000mN2014000E3167000,635512756,
3587,CRS3035RES1000mN2014000E3167000,638492224,
3588,CRS3035RES1000mN2014000E3167000,653913062,
3589,CRS3035RES1000mN2014000E3167000,659866770,
3590,CRS3035RES1000mN2014000E3167000,697717972,
3591,CRS3035RES1000mN2014000E3167000,717194862,
3592,CRS3035RES1000mN2014000E3167000,736899303,
3593,CRS3035RES1000mN2014000E3167000,738042217,
3594,CRS3035RES1000mN2014000E3167000,839611983,
3595,CRS3035RES1000mN2014000E3167000,957893520,
3596,CRS3035RES1000mN2014000E3167000,963308110,
3597,CRS3035RES1000mN2014000E3167000,1073283182,
3598,CRS3035RES1000mN2014000E3167000,1252864015,
3599,CRS3035RES1000mN2014000E3167000,1283203658,
3600,CRS3035RES1000mN2015000E3153000,25526,80.0
3601,CRS3035RES1000mN2015000E3153000,1774,63.0
3602,CRS3035RES1000mN2015000E3153000,1770,88.0
3603,CRS3035RES1000mN2015000E3153000,1773,79.0
3604,CRS3035RES1000mN2015000E3153000,1771,75.0
3605,CRS3035RES1000mN2015000E3153000,123303,68.0
3606,CRS3035RES1000mN2015000E3153000,1764,70.0
3607,CRS3035RES1000mN2015000E3153000,181101,77.0
3608,CRS3035RES1000mN2015000E3153000,5765642,69.0
3609,CRS3035RES1000mN2015000E3153000,86719,50.0
3610,CRS3035RES1000mN2015000E3153000,1800,73.0
3611,CRS3035RES1000mN2015000E3153000,1757,82.0
3612,CRS3035RES1000mN2015000E3153000,1755,73.0
3613,CRS3035RES1000mN2015000E3153000,1882,74.0
3614,CRS3035RES1000mN2015000E3153000,1745,83.0
3615,CRS3035RES1000mN2015000E3153000,1794,84.0
3616,CRS3035RES1000mN2015000E3153000,1762,72.0
3617,CRS3035RES1000mN2015000E3153000,51188,75.0
3618,CRS3035RES1000mN2015000E3153000,6893633,70.0
3619,CRS3035RES1000mN2015000E3153000,167128,81.0
3620,CRS3035RES1000mN2015000E3153000,1760,77.0
3621,CRS3035RES1000mN2015000E3153000,12773298,48.0
3622,CRS3035RES1000mN2015000E3153000,1754,66.0
3623,CRS3035RES1000mN2015000E3153000,1748,74.0
3624,CRS3035RES1000mN2015000E3153000,79941,85.0
3625,CRS3035RES1000mN2015000E3153000,1750,81.0
3626,CRS3035RES1000mN2015000E3153000,5975465,66.0
3627,CRS3035RES1000mN2015000E3153000,115056,92.0
3628,CRS3035RES1000mN2015000E3153000,1790,83.0
3629,CRS3035RES1000mN2015000E3153000,1756,74.0
3630,CRS3035RES1000mN2015000E3153000,51849,76.0
3631,CRS3035RES1000mN2015000E3153000,185595,77.0
3632,CRS3035RES1000mN2015000E3153000,7697128,64.0
3633,CRS3035RES1000mN2015000E3153000,10395362,94.0
3634,CRS3035RES1000mN2015000E3153000,1759,78.0
3635,CRS3035RES1000mN2015000E3153000,1752,76.0
3636,CRS3035RES1000mN2015000E3153000,186714,79.0
3637,CRS3035RES1000mN2015000E3153000,1753,68.0
3638,CRS3035RES1000mN2015000E3153000,1792,74.0
3639,CRS3035RES1000mN2015000E3153000,1763,73.0
3640,CRS3035RES1000mN2015000E3153000,1746,83.0
3641,CRS3035RES1000mN2015000E3153000,11572165,62.0
3642,CRS3035RES1000mN2015000E3153000,1761,63.0
3643,CRS3035RES1000mN2015000E3153000,1747,81.0
3644,CRS3035RES1000mN2015000E3153000,5768564,83.0
3645,CRS3035RES1000mN2015000E3153000,1798,68.0
3646,CRS3035RES1000mN2015000E3153000,66904,83.0
3647,CRS3035RES1000mN2015000E3153000,1777,66.0
3648,CRS3035RES1000mN2015000E3153000,1765,74.0
3649,CRS3035RES1000mN2015000E3153000,49416,74.0
3650,CRS3035RES1000mN2015000E3153000,12734939,74.0
3651,CRS3035RES1000mN2015000E3153000,167386167,59.0
3652,CRS3035RES1000mN2015000E3153000,295933804,79.0
3653,CRS3035RES1000mN2015000E3153000,303340017,101.0
3654,CRS3035RES1000mN2015000E3153000,315355551,96.0
3655,CRS3035RES1000mN2015000E3153000,339084977,65.0
3656,CRS3035RES1000mN2015000E3153000,412911553,77.0
3657,CRS3035RES1000mN2015000E3153000,558126037,101.0
3658,CRS3035RES1000mN2015000E3153000,711789768,89.0
3659,CRS3035RES1000mN2015000E3153000,727666062,
3660,CRS3035RES1000mN2015000E3153000,848085869,54.0
3661,CRS3035RES1000mN2015000E3153000,1056098898,83.0
3662,CRS3035RES1000mN2015000E3153000,1255438242,119.0
3663,CRS3035RES1000mN2015000E3153000,1469985039,88.0
3664,CRS3035RES1000mN2015000E3153000,1504302537,
3665,CRS3035RES1000mN2015000E3153000,1511617504,76.0
3666,CRS3035RES1000mN2015000E3153000,1541601287,104.0
3667,CRS3035RES1000mN2015000E3153000,1544591296,84.0
3668,CRS3035RES1000mN2015000E3153000,1598174183,87.0
3669,CRS3035RES1000mN2015000E3153000,1629887846,93.0
3670,CRS3035RES1000mN2015000E3153000,1686660176,94.0
3671,CRS3035RES1000mN2015000E3153000,1716927336,70.0
3672,CRS3035RES1000mN2015000E3153000,1734554324,95.0
3673,CRS3035RES1000mN2015000E3153000,1849109335,105.0
3674,CRS3035RES1000mN2015000E3153000,2028408680,86.0
3675,CRS3035RES1000mN2015000E3153000,2036887702,
3676,CRS3035RES1000mN2015000E3153000,2061404218,99.0
3677,CRS3035RES1000mN2015000E3153000,2134238030,97.0
3678,CRS3035RES1000mN2015000E3153000,2261600754,
3679,CRS3035RES1000mN2015000E3153000,2301402027,103.0
3680,CRS3035RES1000mN2015000E3153000,2303966810,71.0
3681,CRS3035RES1000mN2015000E3153000,2312029862,90.0
3682,CRS3035RES1000mN2015000E3153000,2408860250,118.0
3683,CRS3035RES1000mN2015000E3153000,2620185829,77.0
3684,CRS3035RES1000mN2015000E3153000,2622508931,82.0
3685,CRS3035RES1000mN2015000E3153000,2672130951,101.0
3686,CRS3035RES1000mN2015000E3153000,2710518818,103.0
3687,CRS3035RES1000mN2015000E3153000,3034026261,105.0
3688,CRS3035RES1000mN2015000E3153000,3179889751,
3689,CRS3035RES1000mN2015000E3153000,3206611978,
3690,CRS3035RES1000mN2015000E3153000,3272828439,53.0
3691,CRS3035RES1000mN2015000E3153000,3452364276,97.0
3692,CRS3035RES1000mN2015000E3153000,3452364277,75.0
3693,CRS3035RES1000mN2015000E3153000,3495733197,
3694,CRS3035RES1000mN2015000E3153000,3497154853,
3695,CRS3035RES1000mN2015000E3153000,3517755445,
3696,CRS3035RES1000mN2015000E3153000,3522125657,
3697,CRS3035RES1000mN2015000E3153000,3526751794,
3698,CRS3035RES1000mN2015000E3153000,3839306060,94.0
3699,CRS3035RES1000mN2015000E3153000,4214697664,76.0
3700,CRS3035RES1000mN2015000E3153000,4338252586,
3701,CRS3035RES1000mN2015000E3153000,4401271633,101.0
3702,CRS3035RES1000mN2015000E3153000,4515476768,78.0
3703,CRS3035RES1000mN2015000E3153000,4569910891,67.0
3704,CRS3035RES1000mN2015000E3153000,4703730491,90.0
3705,CRS3035RES1000mN2015000E3153000,4707870392,85.0
3706,CRS3035RES1000mN2015000E3153000,4789037769,86.0
3707,CRS3035RES1000mN2015000E3153000,4794233143,
3708,CRS3035RES1000mN2015000E3153000,4870405674,84.0
3709,CRS3035RES1000mN2015000E3153000,5139379922,119.0
3710,CRS3035RES1000mN2015000E3153000,5160337425,76.0
3711,CRS3035RES1000mN2015000E3153000,5196199575,103.0
3712,CRS3035RES1000mN2015000E3153000,5341570554,70.0
3713,CRS3035RES1000mN2015000E3153000,5345949864,106.0
3714,CRS3035RES1000mN2015000E3153000,5448507385,
3715,CRS3035RES1000mN2015000E3153000,5604693894,
3716,CRS3035RES1000mN2015000E3153000,5670401989,
3717,CRS3035RES1000mN2015000E3153000,5942671299,97.0
3718,CRS3035RES1000mN2015000E3153000,5943980960,99.0
3719,CRS3035RES1000mN2015000E3153000,6185791451,
3720,CRS3035RES1000mN2015000E3153000,6188948286,94.0
3721,CRS3035RES1000mN2015000E3153000,6555800191,57.0
3722,CRS3035RES1000mN2015000E3153000,6885254479,88.0
3723,CRS3035RES1000mN2015000E3153000,7222611268,
3724,CRS3035RES1000mN2015000E3153000,7408961006,
3725,CRS3035RES1000mN2015000E3153000,7619964683,
3726,CRS3035RES1000mN2015000E3153000,7836562695,114.0
3727,CRS3035RES1000mN2015000E3153000,8493729364,63.0
3728,CRS3035RES1000mN2015000E3153000,8557885377,
3729,CRS3035RES1000mN2015000E3153000,8807212208,74.0
3730,CRS3035RES1000mN2015000E3153000,8844229173,76.0
3731,CRS3035RES1000mN2015000E3153000,8878422600,98.0
3732,CRS3035RES1000mN2015000E3153000,9595709188,80.0
3733,CRS3035RES1000mN2015000E3153000,9611387099,65.0
3734,CRS3035RES1000mN2015000E3153000,9712656915,75.0
3735,CRS3035RES1000mN2015000E3153000,9713142744,68.0
3736,CRS3035RES1000mN2015000E3153000,9815746657,
3737,CRS3035RES1000mN2015000E3153000,10004871512,90.0
3738,CRS3035RES1000mN2015000E3153000,10281174134,
3739,CRS3035RES1000mN2015000E3153000,10580337411,98.0
3740,CRS3035RES1000mN2015000E3153000,10899442604,50.0
3741,CRS3035RES1000mN2015000E3153000,10922657146,48.0
3742,CRS3035RES1000mN2015000E3153000,11127499928,100.0
3743,CRS3035RES1000mN2015000E3153000,11143725881,101.0
3744,CRS3035RES1000mN2015000E3153000,11243087140,95.0
3745,CRS3035RES1000mN2015000E3153000,11269399969,90.0
3746,CRS3035RES1000mN2015000E3153000,11287269362,94.0
3747,CRS3035RES1000mN2015000E3153000,11287269363,113.0
3748,CRS3035RES1000mN2015000E3153000,11369705764,105.0
3749,CRS3035RES1000mN2015000E3153000,11387776374,82.0
3750,CRS3035RES1000mN2015000E3153000,11461799040,
3751,CRS3035RES1000mN2015000E3153000,11462802981,68.0
3752,CRS3035RES1000mN2015000E3153000,11652077658,105.0
3753,CRS3035RES1000mN2015000E3153000,11691390164,76.0
3754,CRS3035RES1000mN2015000E3153000,11739757462,42.0
3755,CRS3035RES1000mN2015000E3153000,12178446726,79.0
3756,CRS3035RES1000mN2015000E3153000,12407425114,98.0
3757,CRS3035RES1000mN2015000E3153000,12865480228,95.0
3758,CRS3035RES1000mN2015000E3153000,2960630,69.0
3759,CRS3035RES1000mN2015000E3153000,3554044,75.0
3760,CRS3035RES1000mN2015000E3153000,3557906,45.0
3761,CRS3035RES1000mN2015000E3153000,5231361,84.0
3762,CRS3035RES1000mN2015000E3153000,9314566,102.0
3763,CRS3035RES1000mN2015000E3153000,13696257,110.0
3764,CRS3035RES1000mN2015000E3153000,15996131,84.0
3765,CRS3035RES1000mN2015000E3153000,23526191,86.0
3766,CRS3035RES1000mN2015000E3153000,23545719,85.0
3767,CRS3035RES1000mN2015000E3153000,30599279,57.0
3768,CRS3035RES1000mN2015000E3153000,30649229,82.0
3769,CRS3035RES1000mN2015000E3153000,32198651,
3770,CRS3035RES1000mN2015000E3153000,34945111,30.0
3771,CRS3035RES1000mN2015000E3153000,50170625,
3772,CRS3035RES1000mN2015000E3153000,82887228,108.0
3773,CRS3035RES1000mN2015000E3153000,92484952,99.0
3774,CRS3035RES1000mN2015000E3153000,95794713,83.0
3775,CRS3035RES1000mN2015000E3153000,96418670,54.0
3776,CRS3035RES1000mN2015000E3153000,98502686,90.0
3777,CRS3035RES1000mN2015000E3153000,132613257,84.0
3778,CRS3035RES1000mN2015000E3153000,135036040,92.0
3779,CRS3035RES1000mN2015000E3153000,150772489,81.0
3780,CRS3035RES1000mN2015000E3153000,154118456,97.0
3781,CRS3035RES1000mN2015000E3153000,157375776,95.0
3782,CRS3035RES1000mN2015000E3153000,158211204,62.0
3783,CRS3035RES1000mN2015000E3153000,162072415,48.0
3784,CRS3035RES1000mN2015000E3153000,162117720,104.0
3785,CRS3035RES1000mN2015000E3153000,170487273,
3786,CRS3035RES1000mN2015000E3153000,172686062,78.0
3787,CRS3035RES1000mN2015000E3153000,174318235,59.0
3788,CRS3035RES1000mN2015000E3153000,174318237,46.0
3789,CRS3035RES1000mN2015000E3153000,205060159,
3790,CRS3035RES1000mN2015000E3153000,205757163,
3791,CRS3035RES1000mN2015000E3153000,221095520,101.0
3792,CRS3035RES1000mN2015000E3153000,224503374,75.0
3793,CRS3035RES1000mN2015000E3153000,227333462,87.0
3794,CRS3035RES1000mN2015000E3153000,229117454,100.0
3795,CRS3035RES1000mN2015000E3153000,261460389,
3796,CRS3035RES1000mN2015000E3153000,283450022,68.0
3797,CRS3035RES1000mN2015000E3153000,288994040,58.0
3798,CRS3035RES1000mN2015000E3153000,296744564,
3799,CRS3035RES1000mN2015000E3153000,297526406,98.0
3800,CRS3035RES1000mN2015000E3153000,300709861,66.0
3801,CRS3035RES1000mN2015000E3153000,301444634,
3802,CRS3035RES1000mN2015000E3153000,302721609,76.0
3803,CRS3035RES1000mN2015000E3153000,308195630,
3804,CRS3035RES1000mN2015000E3153000,312777902,68.0
3805,CRS3035RES1000mN2015000E3153000,330154630,
3806,CRS3035RES1000mN2015000E3153000,340205456,79.0
3807,CRS3035RES1000mN2015000E3153000,367883612,106.0
3808,CRS3035RES1000mN2015000E3153000,368211943,107.0
3809,CRS3035RES1000mN2015000E3153000,374180360,96.0
3810,CRS3035RES1000mN2015000E3153000,375369499,91.0
3811,CRS3035RES1000mN2015000E3153000,383494544,80.0
3812,CRS3035RES1000mN2015000E3153000,384574591,41.0
3813,CRS3035RES1000mN2015000E3153000,403538322,113.0
3814,CRS3035RES1000mN2015000E3153000,403859503,79.0
3815,CRS3035RES1000mN2015000E3153000,437050442,42.0
3816,CRS3035RES1000mN2015000E3153000,459881697,88.0
3817,CRS3035RES1000mN2015000E3153000,477278425,
3818,CRS3035RES1000mN2015000E3153000,486879235,
3819,CRS3035RES1000mN2015000E3153000,493748377,51.0
3820,CRS3035RES1000mN2015000E3153000,498234201,46.0
3821,CRS3035RES1000mN2015000E3153000,504315026,96.0
3822,CRS3035RES1000mN2015000E3153000,548701490,80.0
3823,CRS3035RES1000mN2015000E3153000,574210084,119.0
3824,CRS3035RES1000mN2015000E3153000,576094143,58.0
3825,CRS3035RES1000mN2015000E3153000,584409067,108.0
3826,CRS3035RES1000mN2015000E3153000,635512756,98.0
3827,CRS3035RES1000mN2015000E3153000,638492224,
3828,CRS3035RES1000mN2015000E3153000,653913062,100.0
3829,CRS3035RES1000mN2015000E3153000,659866770,
3830,CRS3035RES1000mN2015000E3153000,697717972,69.0
3831,CRS3035RES1000mN2015000E3153000,717194862,
3832,CRS3035RES1000mN2015000E3153000,736899303,
3833,CRS3035RES1000mN2015000E3153000,738042217,76.0
3834,CRS3035RES1000mN2015000E3153000,839611983,
3835,CRS3035RES1000mN2015000E3153000,957893520,59.0
3836,CRS3035RES1000mN2015000E3153000,963308110,90.0
3837,CRS3035RES1000mN2015000E3153000,1073283182,73.0
3838,CRS3035RES1000mN2015000E3153000,1252864015,87.0
3839,CRS3035RES1000mN2015000E3153000,1283203658,94.0
3840,CRS3035RES1000mN2015000E3154000,25526,82.0
3841,CRS3035RES1000mN2015000E3154000,1774,69.0
3842,CRS3035RES1000mN2015000E3154000,1770,96.0
3843,CRS3035RES1000mN2015000E3154000,1773,85.0
3844,CRS3035RES1000mN2015000E3154000,1771,82.0
3845,CRS3035RES1000mN2015000E3154000,123303,79.0
3846,CRS3035RES1000mN2015000E3154000,1764,77.0
3847,CRS3035RES1000mN2015000E3154000,181101,80.0
3848,CRS3035RES1000mN2015000E3154000,5765642,74.0
3849,CRS3035RES1000mN2015000E3154000,86719,57.0
3850,CRS3035RES1000mN2015000E3154000,1800,80.0
3851,CRS3035RES1000mN2015000E3154000,1757,90.0
3852,CRS3035RES1000mN2015000E3154000,1755,82.0
3853,CRS3035RES1000mN2015000E3154000,1882,81.0
3854,CRS3035RES1000mN2015000E3154000,1745,94.0
3855,CRS3035RES1000mN2015000E3154000,1794,91.0
3856,CRS3035RES1000mN2015000E3154000,1762,81.0
3857,CRS3035RES1000mN2015000E3154000,51188,83.0
3858,CRS3035RES1000mN2015000E3154000,6893633,77.0
3859,CRS3035RES1000mN2015000E3154000,167128,83.0
3860,CRS3035RES1000mN2015000E3154000,1760,85.0
3861,CRS3035RES1000mN2015000E3154000,12773298,55.0
3862,CRS3035RES1000mN2015000E3154000,1754,73.0
3863,CRS3035RES1000mN2015000E3154000,1748,78.0
3864,CRS3035RES1000mN2015000E3154000,79941,98.0
3865,CRS3035RES1000mN2015000E3154000,1750,89.0
3866,CRS3035RES1000mN2015000E3154000,5975465,73.0
3867,CRS3035RES1000mN2015000E3154000,115056,99.0
3868,CRS3035RES1000mN2015000E3154000,1790,90.0
3869,CRS3035RES1000mN2015000E3154000,1756,82.0
3870,CRS3035RES1000mN2015000E3154000,51849,83.0
3871,CRS3035RES1000mN2015000E3154000,185595,85.0
3872,CRS3035RES1000mN2015000E3154000,7697128,71.0
3873,CRS3035RES1000mN2015000E3154000,10395362,99.0
3874,CRS3035RES1000mN2015000E3154000,1759,87.0
3875,CRS3035RES1000mN2015000E3154000,1752,83.0
3876,CRS3035RES1000mN2015000E3154000,186714,85.0
3877,CRS3035RES1000mN2015000E3154000,1753,74.0
3878,CRS3035RES1000mN2015000E3154000,1792,74.0
3879,CRS3035RES1000mN2015000E3154000,1763,81.0
3880,CRS3035RES1000mN2015000E3154000,1746,90.0
3881,CRS3035RES1000mN2015000E3154000,11572165,69.0
3882,CRS3035RES1000mN2015000E3154000,1761,70.0
3883,CRS3035RES1000mN2015000E3154000,1747,83.0
3884,CRS3035RES1000mN2015000E3154000,5768564,90.0
3885,CRS3035RES1000mN2015000E3154000,1798,75.0
3886,CRS3035RES1000mN2015000E3154000,66904,91.0
3887,CRS3035RES1000mN2015000E3154000,1777,74.0
3888,CRS3035RES1000mN2015000E3154000,1765,83.0
3889,CRS3035RES1000mN2015000E3154000,49416,75.0
3890,CRS3035RES1000mN2015000E3154000,12734939,75.0
3891,CRS3035RES1000mN2015000E3154000,167386167,67.0
3892,CRS3035RES1000mN2015000E3154000,295933804,97.0
3893,CRS3035RES1000mN2015000E3154000,303340017,102.0
3894,CRS3035RES1000mN2015000E3154000,315355551,112.0
3895,CRS3035RES1000mN2015000E3154000,339084977,72.0
3896,CRS3035RES1000mN2015000E3154000,412911553,85.0
3897,CRS3035RES1000mN2015000E3154000,558126037,104.0
3898,CRS3035RES1000mN2015000E3154000,711789768,91.0
3899,CRS3035RES1000mN2015000E3154000,727666062,
3900,CRS3035RES1000mN2015000E3154000,848085869,62.0
3901,CRS3035RES1000mN2015000E3154000,1056098898,91.0
3902,CRS3035RES1000mN2015000E3154000,1255438242,
3903,CRS3035RES1000mN2015000E3154000,1469985039,88.0
3904,CRS3035RES1000mN2015000E3154000,1504302537,
3905,CRS3035RES1000mN2015000E3154000,1511617504,81.0
3906,CRS3035RES1000mN2015000E3154000,1541601287,109.0
3907,CRS3035RES1000mN2015000E3154000,1544591296,92.0
3908,CRS3035RES1000mN2015000E3154000,1598174183,98.0
3909,CRS3035RES1000mN2015000E3154000,1629887846,102.0
3910,CRS3035RES1000mN2015000E3154000,1686660176,101.0
3911,CRS3035RES1000mN2015000E3154000,1716927336,71.0
3912,CRS3035RES1000mN2015000E3154000,1734554324,117.0
3913,CRS3035RES1000mN2015000E3154000,1849109335,107.0
3914,CRS3035RES1000mN2015000E3154000,2028408680,93.0
3915,CRS3035RES1000mN2015000E3154000,2036887702,
3916,CRS3035RES1000mN2015000E3154000,2061404218,103.0
3917,CRS3035RES1000mN2015000E3154000,2134238030,112.0
3918,CRS3035RES1000mN2015000E3154000,2261600754,
3919,CRS3035RES1000mN2015000E3154000,2301402027,110.0
3920,CRS3035RES1000mN2015000E3154000,2303966810,75.0
3921,CRS3035RES1000mN2015000E3154000,2312029862,100.0
3922,CRS3035RES1000mN2015000E3154000,2408860250,119.0
3923,CRS3035RES1000mN2015000E3154000,2620185829,86.0
3924,CRS3035RES1000mN2015000E3154000,2622508931,90.0
3925,CRS3035RES1000mN2015000E3154000,2672130951,101.0
3926,CRS3035RES1000mN2015000E3154000,2710518818,104.0
3927,CRS3035RES1000mN2015000E3154000,3034026261,
3928,CRS3035RES1000mN2015000E3154000,3179889751,
3929,CRS3035RES1000mN2015000E3154000,3206611978,
3930,CRS3035RES1000mN2015000E3154000,3272828439,62.0
3931,CRS3035RES1000mN2015000E3154000,3452364276,105.0
3932,CRS3035RES1000mN2015000E3154000,3452364277,84.0
3933,CRS3035RES1000mN2015000E3154000,3495733197,
3934,CRS3035RES1000mN2015000E3154000,3497154853,
3935,CRS3035RES1000mN2015000E3154000,3517755445,
3936,CRS3035RES1000mN2015000E3154000,3522125657,
3937,CRS3035RES1000mN2015000E3154000,3526751794,
3938,CRS3035RES1000mN2015000E3154000,3839306060,105.0
3939,CRS3035RES1000mN2015000E3154000,4214697664,82.0
3940,CRS3035RES1000mN2015000E3154000,4338252586,
3941,CRS3035RES1000mN2015000E3154000,4401271633,
3942,CRS3035RES1000mN2015000E3154000,4515476768,83.0
3943,CRS3035RES1000mN2015000E3154000,4569910891,75.0
3944,CRS3035RES1000mN2015000E3154000,4703730491,112.0
3945,CRS3035RES1000mN2015000E3154000,4707870392,105.0
3946,CRS3035RES1000mN2015000E3154000,4789037769,87.0
3947,CRS3035RES1000mN2015000E3154000,4794233143,
3948,CRS3035RES1000mN2015000E3154000,4870405674,90.0
3949,CRS3035RES1000mN2015000E3154000,5139379922,
3950,CRS3035RES1000mN2015000E3154000,5160337425,85.0
3951,CRS3035RES1000mN2015000E3154000,5196199575,103.0
3952,CRS3035RES1000mN2015000E3154000,5341570554,77.0
3953,CRS3035RES1000mN2015000E3154000,5345949864,107.0
3954,CRS3035RES1000mN2015000E3154000,5448507385,
3955,CRS3035RES1000mN2015000E3154000,5604693894,
3956,CRS3035RES1000mN2015000E3154000,5670401989,
3957,CRS3035RES1000mN2015000E3154000,5942671299,98.0
3958,CRS3035RES1000mN2015000E3154000,5943980960,101.0
3959,CRS3035RES1000mN2015000E3154000,6185791451,
3960,CRS3035RES1000mN2015000E3154000,6188948286,93.0
3961,CRS3035RES1000mN2015000E3154000,6555800191,65.0
3962,CRS3035RES1000mN2015000E3154000,6885254479,97.0
3963,CRS3035RES1000mN2015000E3154000,7222611268,
3964,CRS3035RES1000mN2015000E3154000,7408961006,
3965,CRS3035RES1000mN2015000E3154000,7619964683,
3966,CRS3035RES1000mN2015000E3154000,7836562695,114.0
3967,CRS3035RES1000mN2015000E3154000,8493729364,70.0
3968,CRS3035RES1000mN2015000E3154000,8557885377,
3969,CRS3035RES1000mN2015000E3154000,8807212208,80.0
3970,CRS3035RES1000mN2015000E3154000,8844229173,83.0
3971,CRS3035RES1000mN2015000E3154000,8878422600,101.0
3972,CRS3035RES1000mN2015000E3154000,9595709188,88.0
3973,CRS3035RES1000mN2015000E3154000,9611387099,73.0
3974,CRS3035RES1000mN2015000E3154000,9712656915,82.0
3975,CRS3035RES1000mN2015000E3154000,9713142744,76.0
3976,CRS3035RES1000mN2015000E3154000,9815746657,
3977,CRS3035RES1000mN2015000E3154000,10004871512,101.0
3978,CRS3035RES1000mN2015000E3154000,10281174134,
3979,CRS3035RES1000mN2015000E3154000,10580337411,109.0
3980,CRS3035RES1000mN2015000E3154000,10899442604,58.0
3981,CRS3035RES1000mN2015000E3154000,10922657146,56.0
3982,CRS3035RES1000mN2015000E3154000,11127499928,100.0
3983,CRS3035RES1000mN2015000E3154000,11143725881,113.0
3984,CRS3035RES1000mN2015000E3154000,11243087140,105.0
3985,CRS3035RES1000mN2015000E3154000,11269399969,97.0
3986,CRS3035RES1000mN2015000E3154000,11287269362,103.0
3987,CRS3035RES1000mN2015000E3154000,11287269363,
3988,CRS3035RES1000mN2015000E3154000,11369705764,115.0
3989,CRS3035RES1000mN2015000E3154000,11387776374,88.0
3990,CRS3035RES1000mN2015000E3154000,11461799040,
3991,CRS3035RES1000mN2015000E3154000,11462802981,70.0
3992,CRS3035RES1000mN2015000E3154000,11652077658,112.0
3993,CRS3035RES1000mN2015000E3154000,11691390164,85.0
3994,CRS3035RES1000mN2015000E3154000,11739757462,49.0
3995,CRS3035RES1000mN2015000E3154000,12178446726,90.0
3996,CRS3035RES1000mN2015000E3154000,12407425114,99.0
3997,CRS3035RES1000mN2015000E3154000,12865480228,106.0
3998,CRS3035RES1000mN2015000E3154000,2960630,77.0
3999,CRS3035RES1000mN2015000E3154000,3554044,80.0
4000,CRS3035RES1000mN2015000E3154000,3557906,52.0
4001,CRS3035RES1000mN2015000E3154000,5231361,92.0
4002,CRS3035RES1000mN2015000E3154000,9314566,102.0
4003,CRS3035RES1000mN2015000E3154000,13696257,119.0
4004,CRS3035RES1000mN2015000E3154000,15996131,92.0
4005,CRS3035RES1000mN2015000E3154000,23526191,93.0
4006,CRS3035RES1000mN2015000E3154000,23545719,94.0
4007,CRS3035RES1000mN2015000E3154000,30599279,64.0
4008,CRS3035RES1000mN2015000E3154000,30649229,89.0
4009,CRS3035RES1000mN2015000E3154000,32198651,
4010,CRS3035RES1000mN2015000E3154000,34945111,37.0
4011,CRS3035RES1000mN2015000E3154000,50170625,
4012,CRS3035RES1000mN2015000E3154000,82887228,113.0
4013,CRS3035RES1000mN2015000E3154000,92484952,
4014,CRS3035RES1000mN2015000E3154000,95794713,86.0
4015,CRS3035RES1000mN2015000E3154000,96418670,62.0
4016,CRS3035RES1000mN2015000E3154000,98502686,94.0
4017,CRS3035RES1000mN2015000E3154000,132613257,88.0
4018,CRS3035RES1000mN2015000E3154000,135036040,93.0
4019,CRS3035RES1000mN2015000E3154000,150772489,90.0
4020,CRS3035RES1000mN2015000E3154000,154118456,104.0
4021,CRS3035RES1000mN2015000E3154000,157375776,97.0
4022,CRS3035RES1000mN2015000E3154000,158211204,70.0
4023,CRS3035RES1000mN2015000E3154000,162072415,55.0
4024,CRS3035RES1000mN2015000E3154000,162117720,108.0
4025,CRS3035RES1000mN2015000E3154000,170487273,
4026,CRS3035RES1000mN2015000E3154000,172686062,85.0
4027,CRS3035RES1000mN2015000E3154000,174318235,63.0
4028,CRS3035RES1000mN2015000E3154000,174318237,54.0
4029,CRS3035RES1000mN2015000E3154000,205060159,
4030,CRS3035RES1000mN2015000E3154000,205757163,
4031,CRS3035RES1000mN2015000E3154000,221095520,109.0
4032,CRS3035RES1000mN2015000E3154000,224503374,83.0
4033,CRS3035RES1000mN2015000E3154000,227333462,88.0
4034,CRS3035RES1000mN2015000E3154000,229117454,112.0
4035,CRS3035RES1000mN2015000E3154000,261460389,
4036,CRS3035RES1000mN2015000E3154000,283450022,75.0
4037,CRS3035RES1000mN2015000E3154000,288994040,65.0
4038,CRS3035RES1000mN2015000E3154000,296744564,
4039,CRS3035RES1000mN2015000E3154000,297526406,98.0
4040,CRS3035RES1000mN2015000E3154000,300709861,75.0
4041,CRS3035RES1000mN2015000E3154000,301444634,
4042,CRS3035RES1000mN2015000E3154000,302721609,77.0
4043,CRS3035RES1000mN2015000E3154000,308195630,
4044,CRS3035RES1000mN2015000E3154000,312777902,75.0
4045,CRS3035RES1000mN2015000E3154000,330154630,
4046,CRS3035RES1000mN2015000E3154000,340205456,88.0
4047,CRS3035RES1000mN2015000E3154000,367883612,111.0
4048,CRS3035RES1000mN2015000E3154000,368211943,112.0
4049,CRS3035RES1000mN2015000E3154000,374180360,105.0
4050,CRS3035RES1000mN2015000E3154000,375369499,98.0
4051,CRS3035RES1000mN2015000E3154000,383494544,88.0
4052,CRS3035RES1000mN2015000E3154000,384574591,49.0
4053,CRS3035RES1000mN2015000E3154000,403538322,113.0
4054,CRS3035RES1000mN2015000E3154000,403859503,87.0
4055,CRS3035RES1000mN2015000E3154000,437050442,54.0
4056,CRS3035RES1000mN2015000E3154000,459881697,89.0
4057,CRS3035RES1000mN2015000E3154000,477278425,
4058,CRS3035RES1000mN2015000E3154000,486879235,
4059,CRS3035RES1000mN2015000E3154000,493748377,58.0
4060,CRS3035RES1000mN2015000E3154000,498234201,53.0
4061,CRS3035RES1000mN2015000E3154000,504315026,107.0
4062,CRS3035RES1000mN2015000E3154000,548701490,83.0
4063,CRS3035RES1000mN2015000E3154000,574210084,
4064,CRS3035RES1000mN2015000E3154000,576094143,62.0
4065,CRS3035RES1000mN2015000E3154000,584409067,108.0
4066,CRS3035RES1000mN2015000E3154000,635512756,98.0
4067,CRS3035RES1000mN2015000E3154000,638492224,
4068,CRS3035RES1000mN2015000E3154000,653913062,100.0
4069,CRS3035RES1000mN2015000E3154000,659866770,
4070,CRS3035RES1000mN2015000E3154000,697717972,77.0
4071,CRS3035RES1000mN2015000E3154000,717194862,
4072,CRS3035RES1000mN2015000E3154000,736899303,
4073,CRS3035RES1000mN2015000E3154000,738042217,77.0
4074,CRS3035RES1000mN2015000E3154000,839611983,
4075,CRS3035RES1000mN2015000E3154000,957893520,66.0
4076,CRS3035RES1000mN2015000E3154000,963308110,90.0
4077,CRS3035RES1000mN2015000E3154000,1073283182,74.0
4078,CRS3035RES1000mN2015000E3154000,1252864015,98.0
4079,CRS3035RES1000mN2015000E3154000,1283203658,94.0
4080,CRS3035RES1000mN2015000E3155000,25526,105.0
4081,CRS3035RES1000mN2015000E3155000,1774,92.0
4082,CRS3035RES1000mN2015000E3155000,1770,116.0
4083,CRS3035RES1000mN2015000E3155000,1773,107.0
4084,CRS3035RES1000mN2015000E3155000,1771,102.0
4085,CRS3035RES1000mN2015000E3155000,123303,101.0
4086,CRS3035RES1000mN2015000E3155000,1764,99.0
4087,CRS3035RES1000mN2015000E3155000,181101,109.0
4088,CRS3035RES1000mN2015000E3155000,5765642,96.0
4089,CRS3035RES1000mN2015000E3155000,86719,80.0
4090,CRS3035RES1000mN2015000E3155000,1800,102.0
4091,CRS3035RES1000mN2015000E3155000,1757,112.0
4092,CRS3035RES1000mN2015000E3155000,1755,104.0
4093,CRS3035RES1000mN2015000E3155000,1882,102.0
4094,CRS3035RES1000mN2015000E3155000,1745,110.0
4095,CRS3035RES1000mN2015000E3155000,1794,111.0
4096,CRS3035RES1000mN2015000E3155000,1762,101.0
4097,CRS3035RES1000mN2015000E3155000,51188,102.0
4098,CRS3035RES1000mN2015000E3155000,6893633,99.0
4099,CRS3035RES1000mN2015000E3155000,167128,110.0
4100,CRS3035RES1000mN2015000E3155000,1760,105.0
4101,CRS3035RES1000mN2015000E3155000,12773298,77.0
4102,CRS3035RES1000mN2015000E3155000,1754,97.0
4103,CRS3035RES1000mN2015000E3155000,1748,104.0
4104,CRS3035RES1000mN2015000E3155000,79941,113.0
4105,CRS3035RES1000mN2015000E3155000,1750,108.0
4106,CRS3035RES1000mN2015000E3155000,5975465,95.0
4107,CRS3035RES1000mN2015000E3155000,115056,119.0
4108,CRS3035RES1000mN2015000E3155000,1790,110.0
4109,CRS3035RES1000mN2015000E3155000,1756,105.0
4110,CRS3035RES1000mN2015000E3155000,51849,106.0
4111,CRS3035RES1000mN2015000E3155000,185595,104.0
4112,CRS3035RES1000mN2015000E3155000,7697128,93.0
4113,CRS3035RES1000mN2015000E3155000,10395362,
4114,CRS3035RES1000mN2015000E3155000,1759,106.0
4115,CRS3035RES1000mN2015000E3155000,1752,105.0
4116,CRS3035RES1000mN2015000E3155000,186714,108.0
4117,CRS3035RES1000mN2015000E3155000,1753,97.0
4118,CRS3035RES1000mN2015000E3155000,1792,104.0
4119,CRS3035RES1000mN2015000E3155000,1763,103.0
4120,CRS3035RES1000mN2015000E3155000,1746,112.0
4121,CRS3035RES1000mN2015000E3155000,11572165,90.0
4122,CRS3035RES1000mN2015000E3155000,1761,92.0
4123,CRS3035RES1000mN2015000E3155000,1747,110.0
4124,CRS3035RES1000mN2015000E3155000,5768564,113.0
4125,CRS3035RES1000mN2015000E3155000,1798,97.0
4126,CRS3035RES1000mN2015000E3155000,66904,111.0
4127,CRS3035RES1000mN2015000E3155000,1777,94.0
4128,CRS3035RES1000mN2015000E3155000,1765,103.0
4129,CRS3035RES1000mN2015000E3155000,49416,104.0
4130,CRS3035RES1000mN2015000E3155000,12734939,104.0
4131,CRS3035RES1000mN2015000E3155000,167386167,86.0
4132,CRS3035RES1000mN2015000E3155000,295933804,110.0
4133,CRS3035RES1000mN2015000E3155000,303340017,107.0
4134,CRS3035RES1000mN2015000E3155000,315355551,
4135,CRS3035RES1000mN2015000E3155000,339084977,94.0
4136,CRS3035RES1000mN2015000E3155000,412911553,105.0
4137,CRS3035RES1000mN2015000E3155000,558126037,
4138,CRS3035RES1000mN2015000E3155000,711789768,
4139,CRS3035RES1000mN2015000E3155000,727666062,
4140,CRS3035RES1000mN2015000E3155000,848085869,82.0
4141,CRS3035RES1000mN2015000E3155000,1056098898,110.0
4142,CRS3035RES1000mN2015000E3155000,1255438242,
4143,CRS3035RES1000mN2015000E3155000,1469985039,118.0
4144,CRS3035RES1000mN2015000E3155000,1504302537,
4145,CRS3035RES1000mN2015000E3155000,1511617504,107.0
4146,CRS3035RES1000mN2015000E3155000,1541601287,
4147,CRS3035RES1000mN2015000E3155000,1544591296,112.0
4148,CRS3035RES1000mN2015000E3155000,1598174183,
4149,CRS3035RES1000mN2015000E3155000,1629887846,
4150,CRS3035RES1000mN2015000E3155000,1686660176,
4151,CRS3035RES1000mN2015000E3155000,1716927336,97.0
4152,CRS3035RES1000mN2015000E3155000,1734554324,
4153,CRS3035RES1000mN2015000E3155000,1849109335,112.0
4154,CRS3035RES1000mN2015000E3155000,2028408680,113.0
4155,CRS3035RES1000mN2015000E3155000,2036887702,
4156,CRS3035RES1000mN2015000E3155000,2061404218,119.0
4157,CRS3035RES1000mN2015000E3155000,2134238030,
4158,CRS3035RES1000mN2015000E3155000,2261600754,
4159,CRS3035RES1000mN2015000E3155000,2301402027,
4160,CRS3035RES1000mN2015000E3155000,2303966810,111.0
4161,CRS3035RES1000mN2015000E3155000,2312029862,
4162,CRS3035RES1000mN2015000E3155000,2408860250,
4163,CRS3035RES1000mN2015000E3155000,2620185829,105.0
4164,CRS3035RES1000mN2015000E3155000,2622508931,109.0
4165,CRS3035RES1000mN2015000E3155000,2672130951,113.0
4166,CRS3035RES1000mN2015000E3155000,2710518818,
4167,CRS3035RES1000mN2015000E3155000,3034026261,
4168,CRS3035RES1000mN2015000E3155000,3179889751,
4169,CRS3035RES1000mN2015000E3155000,3206611978,
4170,CRS3035RES1000mN2015000E3155000,3272828439,85.0
4171,CRS3035RES1000mN2015000E3155000,3452364276,
4172,CRS3035RES1000mN2015000E3155000,3452364277,103.0
4173,CRS3035RES1000mN2015000E3155000,3495733197,
4174,CRS3035RES1000mN2015000E3155000,3497154853,
4175,CRS3035RES1000mN2015000E3155000,3517755445,
4176,CRS3035RES1000mN2015000E3155000,3522125657,
4177,CRS3035RES1000mN2015000E3155000,3526751794,
4178,CRS3035RES1000mN2015000E3155000,3839306060,
4179,CRS3035RES1000mN2015000E3155000,4214697664,107.0
4180,CRS3035RES1000mN2015000E3155000,4338252586,
4181,CRS3035RES1000mN2015000E3155000,4401271633,
4182,CRS3035RES1000mN2015000E3155000,4515476768,
4183,CRS3035RES1000mN2015000E3155000,4569910891,94.0
4184,CRS3035RES1000mN2015000E3155000,4703730491,
4185,CRS3035RES1000mN2015000E3155000,4707870392,
4186,CRS3035RES1000mN2015000E3155000,4789037769,116.0
4187,CRS3035RES1000mN2015000E3155000,4794233143,
4188,CRS3035RES1000mN2015000E3155000,4870405674,113.0
4189,CRS3035RES1000mN2015000E3155000,5139379922,
4190,CRS3035RES1000mN2015000E3155000,5160337425,104.0
4191,CRS3035RES1000mN2015000E3155000,5196199575,
4192,CRS3035RES1000mN2015000E3155000,5341570554,99.0
4193,CRS3035RES1000mN2015000E3155000,5345949864,
4194,CRS3035RES1000mN2015000E3155000,5448507385,
4195,CRS3035RES1000mN2015000E3155000,5604693894,
4196,CRS3035RES1000mN2015000E3155000,5670401989,
4197,CRS3035RES1000mN2015000E3155000,5942671299,
4198,CRS3035RES1000mN2015000E3155000,5943980960,107.0
4199,CRS3035RES1000mN2015000E3155000,6185791451,
4200,CRS3035RES1000mN2015000E3155000,6188948286,
4201,CRS3035RES1000mN2015000E3155000,6555800191,87.0
4202,CRS3035RES1000mN2015000E3155000,6885254479,116.0
4203,CRS3035RES1000mN2015000E3155000,7222611268,
4204,CRS3035RES1000mN2015000E3155000,7408961006,
4205,CRS3035RES1000mN2015000E3155000,7619964683,
4206,CRS3035RES1000mN2015000E3155000,7836562695,
4207,CRS3035RES1000mN2015000E3155000,8493729364,93.0
4208,CRS3035RES1000mN2015000E3155000,8557885377,
4209,CRS3035RES1000mN2015000E3155000,8807212208,101.0
4210,CRS3035RES1000mN2015000E3155000,8844229173,104.0
4211,CRS3035RES1000mN2015000E3155000,8878422600,
4212,CRS3035RES1000mN2015000E3155000,9595709188,107.0
4213,CRS3035RES1000mN2015000E3155000,9611387099,94.0
4214,CRS3035RES1000mN2015000E3155000,9712656915,102.0
4215,CRS3035RES1000mN2015000E3155000,9713142744,95.0
4216,CRS3035RES1000mN2015000E3155000,9815746657,
4217,CRS3035RES1000mN2015000E3155000,10004871512,
4218,CRS3035RES1000mN2015000E3155000,10281174134,
4219,CRS3035RES1000mN2015000E3155000,10580337411,
4220,CRS3035RES1000mN2015000E3155000,10899442604,80.0
4221,CRS3035RES1000mN2015000E3155000,10922657146,77.0
4222,CRS3035RES1000mN2015000E3155000,11127499928,
4223,CRS3035RES1000mN2015000E3155000,11143725881,
4224,CRS3035RES1000mN2015000E3155000,11243087140,
4225,CRS3035RES1000mN2015000E3155000,11269399969,117.0
4226,CRS3035RES1000mN2015000E3155000,11287269362,
4227,CRS3035RES1000mN2015000E3155000,11287269363,
4228,CRS3035RES1000mN2015000E3155000,11369705764,
4229,CRS3035RES1000mN2015000E3155000,11387776374,112.0
4230,CRS3035RES1000mN2015000E3155000,11461799040,
4231,CRS3035RES1000mN2015000E3155000,11462802981,99.0
4232,CRS3035RES1000mN2015000E3155000,11652077658,117.0
4233,CRS3035RES1000mN2015000E3155000,11691390164,104.0
4234,CRS3035RES1000mN2015000E3155000,11739757462,71.0
4235,CRS3035RES1000mN2015000E3155000,12178446726,111.0
4236,CRS3035RES1000mN2015000E3155000,12407425114,
4237,CRS3035RES1000mN2015000E3155000,12865480228,
4238,CRS3035RES1000mN2015000E3155000,2960630,98.0
4239,CRS3035RES1000mN2015000E3155000,3554044,103.0
4240,CRS3035RES1000mN2015000E3155000,3557906,73.0
4241,CRS3035RES1000mN2015000E3155000,5231361,111.0
4242,CRS3035RES1000mN2015000E3155000,9314566,
4243,CRS3035RES1000mN2015000E3155000,13696257,
4244,CRS3035RES1000mN2015000E3155000,15996131,112.0
4245,CRS3035RES1000mN2015000E3155000,23526191,113.0
4246,CRS3035RES1000mN2015000E3155000,23545719,113.0
4247,CRS3035RES1000mN2015000E3155000,30599279,86.0
4248,CRS3035RES1000mN2015000E3155000,30649229,109.0
4249,CRS3035RES1000mN2015000E3155000,32198651,
4250,CRS3035RES1000mN2015000E3155000,34945111,59.0
4251,CRS3035RES1000mN2015000E3155000,50170625,
4252,CRS3035RES1000mN2015000E3155000,82887228,
4253,CRS3035RES1000mN2015000E3155000,92484952,
4254,CRS3035RES1000mN2015000E3155000,95794713,113.0
4255,CRS3035RES1000mN2015000E3155000,96418670,84.0
4256,CRS3035RES1000mN2015000E3155000,98502686,113.0
4257,CRS3035RES1000mN2015000E3155000,132613257,114.0
4258,CRS3035RES1000mN2015000E3155000,135036040,
4259,CRS3035RES1000mN2015000E3155000,150772489,109.0
4260,CRS3035RES1000mN2015000E3155000,154118456,
4261,CRS3035RES1000mN2015000E3155000,157375776,
4262,CRS3035RES1000mN2015000E3155000,158211204,92.0
4263,CRS3035RES1000mN2015000E3155000,162072415,77.0
4264,CRS3035RES1000mN2015000E3155000,162117720,
4265,CRS3035RES1000mN2015000E3155000,170487273,
4266,CRS3035RES1000mN2015000E3155000,172686062,107.0
4267,CRS3035RES1000mN2015000E3155000,174318235,82.0
4268,CRS3035RES1000mN2015000E3155000,174318237,76.0
4269,CRS3035RES1000mN2015000E3155000,205060159,
4270,CRS3035RES1000mN2015000E3155000,205757163,
4271,CRS3035RES1000mN2015000E3155000,221095520,
4272,CRS3035RES1000mN2015000E3155000,224503374,102.0
4273,CRS3035RES1000mN2015000E3155000,227333462,118.0
4274,CRS3035RES1000mN2015000E3155000,229117454,
4275,CRS3035RES1000mN2015000E3155000,261460389,
4276,CRS3035RES1000mN2015000E3155000,283450022,98.0
4277,CRS3035RES1000mN2015000E3155000,288994040,87.0
4278,CRS3035RES1000mN2015000E3155000,296744564,
4279,CRS3035RES1000mN2015000E3155000,297526406,
4280,CRS3035RES1000mN2015000E3155000,300709861,100.0
4281,CRS3035RES1000mN2015000E3155000,301444634,
4282,CRS3035RES1000mN2015000E3155000,302721609,102.0
4283,CRS3035RES1000mN2015000E3155000,308195630,
4284,CRS3035RES1000mN2015000E3155000,312777902,97.0
4285,CRS3035RES1000mN2015000E3155000,330154630,
4286,CRS3035RES1000mN2015000E3155000,340205456,107.0
4287,CRS3035RES1000mN2015000E3155000,367883612,
4288,CRS3035RES1000mN2015000E3155000,368211943,
4289,CRS3035RES1000mN2015000E3155000,374180360,
4290,CRS3035RES1000mN2015000E3155000,375369499,
4291,CRS3035RES1000mN2015000E3155000,383494544,108.0
4292,CRS3035RES1000mN2015000E3155000,384574591,70.0
4293,CRS3035RES1000mN2015000E3155000,403538322,
4294,CRS3035RES1000mN2015000E3155000,403859503,107.0
4295,CRS3035RES1000mN2015000E3155000,437050442,76.0
4296,CRS3035RES1000mN2015000E3155000,459881697,119.0
4297,CRS3035RES1000mN2015000E3155000,477278425,
4298,CRS3035RES1000mN2015000E3155000,486879235,
4299,CRS3035RES1000mN2015000E3155000,493748377,80.0
4300,CRS3035RES1000mN2015000E3155000,498234201,76.0
4301,CRS3035RES1000mN2015000E3155000,504315026,
4302,CRS3035RES1000mN2015000E3155000,548701490,110.0
4303,CRS3035RES1000mN2015000E3155000,574210084,
4304,CRS3035RES1000mN2015000E3155000,576094143,85.0
4305,CRS3035RES1000mN2015000E3155000,584409067,
4306,CRS3035RES1000mN2015000E3155000,635512756,
4307,CRS3035RES1000mN2015000E3155000,638492224,
4308,CRS3035RES1000mN2015000E3155000,653913062,
4309,CRS3035RES1000mN2015000E3155000,659866770,
4310,CRS3035RES1000mN2015000E3155000,697717972,98.0
4311,CRS3035RES1000mN2015000E3155000,717194862,
4312,CRS3035RES1000mN2015000E3155000,736899303,
4313,CRS3035RES1000mN2015000E3155000,738042217,86.0
4314,CRS3035RES1000mN2015000E3155000,839611983,
4315,CRS3035RES1000mN2015000E3155000,957893520,88.0
4316,CRS3035RES1000mN2015000E3155000,963308110,119.0
4317,CRS3035RES1000mN2015000E3155000,1073283182,97.0
4318,CRS3035RES1000mN2015000E3155000,1252864015,118.0
4319,CRS3035RES1000mN2015000E3155000,1283203658,
4320,CRS3035RES1000mN2015000E3156000,25526,108.0
4321,CRS3035RES1000mN2015000E3156000,1774,86.0
4322,CRS3035RES1000mN2015000E3156000,1770,
4323,CRS3035RES1000mN2015000E3156000,1773,105.0
4324,CRS3035RES1000mN2015000E3156000,1771,105.0
4325,CRS3035RES1000mN2015000E3156000,123303,90.0
4326,CRS3035RES1000mN2015000E3156000,1764,103.0
4327,CRS3035RES1000mN2015000E3156000,181101,112.0
4328,CRS3035RES1000mN2015000E3156000,5765642,100.0
4329,CRS3035RES1000mN2015000E3156000,86719,78.0
4330,CRS3035RES1000mN2015000E3156000,1800,105.0
4331,CRS3035RES1000mN2015000E3156000,1757,103.0
4332,CRS3035RES1000mN2015000E3156000,1755,91.0
4333,CRS3035RES1000mN2015000E3156000,1882,105.0
4334,CRS3035RES1000mN2015000E3156000,1745,108.0
4335,CRS3035RES1000mN2015000E3156000,1794,108.0
4336,CRS3035RES1000mN2015000E3156000,1762,95.0
4337,CRS3035RES1000mN2015000E3156000,51188,111.0
4338,CRS3035RES1000mN2015000E3156000,6893633,98.0
4339,CRS3035RES1000mN2015000E3156000,167128,103.0
4340,CRS3035RES1000mN2015000E3156000,1760,107.0
4341,CRS3035RES1000mN2015000E3156000,12773298,82.0
4342,CRS3035RES1000mN2015000E3156000,1754,83.0
4343,CRS3035RES1000mN2015000E3156000,1748,106.0
4344,CRS3035RES1000mN2015000E3156000,79941,112.0
4345,CRS3035RES1000mN2015000E3156000,1750,115.0
4346,CRS3035RES1000mN2015000E3156000,5975465,99.0
4347,CRS3035RES1000mN2015000E3156000,115056,118.0
4348,CRS3035RES1000mN2015000E3156000,1790,118.0
4349,CRS3035RES1000mN2015000E3156000,1756,95.0
4350,CRS3035RES1000mN2015000E3156000,51849,104.0
4351,CRS3035RES1000mN2015000E3156000,185595,111.0
4352,CRS3035RES1000mN2015000E3156000,7697128,98.0
4353,CRS3035RES1000mN2015000E3156000,10395362,
4354,CRS3035RES1000mN2015000E3156000,1759,112.0
4355,CRS3035RES1000mN2015000E3156000,1752,96.0
4356,CRS3035RES1000mN2015000E3156000,186714,107.0
4357,CRS3035RES1000mN2015000E3156000,1753,99.0
4358,CRS3035RES1000mN2015000E3156000,1792,102.0
4359,CRS3035RES1000mN2015000E3156000,1763,88.0
4360,CRS3035RES1000mN2015000E3156000,1746,111.0
4361,CRS3035RES1000mN2015000E3156000,11572165,71.0
4362,CRS3035RES1000mN2015000E3156000,1761,93.0
4363,CRS3035RES1000mN2015000E3156000,1747,107.0
4364,CRS3035RES1000mN2015000E3156000,5768564,106.0
4365,CRS3035RES1000mN2015000E3156000,1798,91.0
4366,CRS3035RES1000mN2015000E3156000,66904,113.0
4367,CRS3035RES1000mN2015000E3156000,1777,100.0
4368,CRS3035RES1000mN2015000E3156000,1765,97.0
4369,CRS3035RES1000mN2015000E3156000,49416,106.0
4370,CRS3035RES1000mN2015000E3156000,12734939,106.0
4371,CRS3035RES1000mN2015000E3156000,167386167,94.0
4372,CRS3035RES1000mN2015000E3156000,295933804,100.0
4373,CRS3035RES1000mN2015000E3156000,303340017,116.0
4374,CRS3035RES1000mN2015000E3156000,315355551,
4375,CRS3035RES1000mN2015000E3156000,339084977,82.0
4376,CRS3035RES1000mN2015000E3156000,412911553,110.0
4377,CRS3035RES1000mN2015000E3156000,558126037,
4378,CRS3035RES1000mN2015000E3156000,711789768,
4379,CRS3035RES1000mN2015000E3156000,727666062,
4380,CRS3035RES1000mN2015000E3156000,848085869,104.0
4381,CRS3035RES1000mN2015000E3156000,1056098898,116.0
4382,CRS3035RES1000mN2015000E3156000,1255438242,
4383,CRS3035RES1000mN2015000E3156000,1469985039,119.0
4384,CRS3035RES1000mN2015000E3156000,1504302537,
4385,CRS3035RES1000mN2015000E3156000,1511617504,
4386,CRS3035RES1000mN2015000E3156000,1541601287,
4387,CRS3035RES1000mN2015000E3156000,1544591296,113.0
4388,CRS3035RES1000mN2015000E3156000,1598174183,
4389,CRS3035RES1000mN2015000E3156000,1629887846,
4390,CRS3035RES1000mN2015000E3156000,1686660176,118.0
4391,CRS3035RES1000mN2015000E3156000,1716927336,66.0
4392,CRS3035RES1000mN2015000E3156000,1734554324,
4393,CRS3035RES1000mN2015000E3156000,1849109335,
4394,CRS3035RES1000mN2015000E3156000,2028408680,
4395,CRS3035RES1000mN2015000E3156000,2036887702,
4396,CRS3035RES1000mN2015000E3156000,2061404218,
4397,CRS3035RES1000mN2015000E3156000,2134238030,
4398,CRS3035RES1000mN2015000E3156000,2261600754,
4399,CRS3035RES1000mN2015000E3156000,2301402027,
4400,CRS3035RES1000mN2015000E3156000,2303966810,
4401,CRS3035RES1000mN2015000E3156000,2312029862,
4402,CRS3035RES1000mN2015000E3156000,2408860250,
4403,CRS3035RES1000mN2015000E3156000,2620185829,111.0
4404,CRS3035RES1000mN2015000E3156000,2622508931,111.0
4405,CRS3035RES1000mN2015000E3156000,2672130951,118.0
4406,CRS3035RES1000mN2015000E3156000,2710518818,114.0
4407,CRS3035RES1000mN2015000E3156000,3034026261,
4408,CRS3035RES1000mN2015000E3156000,3179889751,
4409,CRS3035RES1000mN2015000E3156000,3206611978,
4410,CRS3035RES1000mN2015000E3156000,3272828439,105.0
4411,CRS3035RES1000mN2015000E3156000,3452364276,
4412,CRS3035RES1000mN2015000E3156000,3452364277,106.0
4413,CRS3035RES1000mN2015000E3156000,3495733197,
4414,CRS3035RES1000mN2015000E3156000,3497154853,
4415,CRS3035RES1000mN2015000E3156000,3517755445,
4416,CRS3035RES1000mN2015000E3156000,3522125657,
4417,CRS3035RES1000mN2015000E3156000,3526751794,
4418,CRS3035RES1000mN2015000E3156000,3839306060,119.0
4419,CRS3035RES1000mN2015000E3156000,4214697664,100.0
4420,CRS3035RES1000mN2015000E3156000,4338252586,
4421,CRS3035RES1000mN2015000E3156000,4401271633,99.0
4422,CRS3035RES1000mN2015000E3156000,4515476768,
4423,CRS3035RES1000mN2015000E3156000,4569910891,101.0
4424,CRS3035RES1000mN2015000E3156000,4703730491,117.0
4425,CRS3035RES1000mN2015000E3156000,4707870392,111.0
4426,CRS3035RES1000mN2015000E3156000,4789037769,87.0
4427,CRS3035RES1000mN2015000E3156000,4794233143,
4428,CRS3035RES1000mN2015000E3156000,4870405674,107.0
4429,CRS3035RES1000mN2015000E3156000,5139379922,
4430,CRS3035RES1000mN2015000E3156000,5160337425,108.0
4431,CRS3035RES1000mN2015000E3156000,5196199575,
4432,CRS3035RES1000mN2015000E3156000,5341570554,96.0
4433,CRS3035RES1000mN2015000E3156000,5345949864,111.0
4434,CRS3035RES1000mN2015000E3156000,5448507385,
4435,CRS3035RES1000mN2015000E3156000,5604693894,
4436,CRS3035RES1000mN2015000E3156000,5670401989,
4437,CRS3035RES1000mN2015000E3156000,5942671299,118.0
4438,CRS3035RES1000mN2015000E3156000,5943980960,
4439,CRS3035RES1000mN2015000E3156000,6185791451,
4440,CRS3035RES1000mN2015000E3156000,6188948286,
4441,CRS3035RES1000mN2015000E3156000,6555800191,109.0
4442,CRS3035RES1000mN2015000E3156000,6885254479,118.0
4443,CRS3035RES1000mN2015000E3156000,7222611268,
4444,CRS3035RES1000mN2015000E3156000,7408961006,
4445,CRS3035RES1000mN2015000E3156000,7619964683,
4446,CRS3035RES1000mN2015000E3156000,7836562695,
4447,CRS3035RES1000mN2015000E3156000,8493729364,96.0
4448,CRS3035RES1000mN2015000E3156000,8557885377,
4449,CRS3035RES1000mN2015000E3156000,8807212208,107.0
4450,CRS3035RES1000mN2015000E3156000,8844229173,110.0
4451,CRS3035RES1000mN2015000E3156000,8878422600,
4452,CRS3035RES1000mN2015000E3156000,9595709188,114.0
4453,CRS3035RES1000mN2015000E3156000,9611387099,92.0
4454,CRS3035RES1000mN2015000E3156000,9712656915,104.0
4455,CRS3035RES1000mN2015000E3156000,9713142744,103.0
4456,CRS3035RES1000mN2015000E3156000,9815746657,
4457,CRS3035RES1000mN2015000E3156000,10004871512,
4458,CRS3035RES1000mN2015000E3156000,10281174134,
4459,CRS3035RES1000mN2015000E3156000,10580337411,
4460,CRS3035RES1000mN2015000E3156000,10899442604,101.0
4461,CRS3035RES1000mN2015000E3156000,10922657146,99.0
4462,CRS3035RES1000mN2015000E3156000,11127499928,
4463,CRS3035RES1000mN2015000E3156000,11143725881,
4464,CRS3035RES1000mN2015000E3156000,11243087140,
4465,CRS3035RES1000mN2015000E3156000,11269399969,119.0
4466,CRS3035RES1000mN2015000E3156000,11287269362,
4467,CRS3035RES1000mN2015000E3156000,11287269363,
4468,CRS3035RES1000mN2015000E3156000,11369705764,
4469,CRS3035RES1000mN2015000E3156000,11387776374,115.0
4470,CRS3035RES1000mN2015000E3156000,11461799040,
4471,CRS3035RES1000mN2015000E3156000,11462802981,101.0
4472,CRS3035RES1000mN2015000E3156000,11652077658,
4473,CRS3035RES1000mN2015000E3156000,11691390164,109.0
4474,CRS3035RES1000mN2015000E3156000,11739757462,79.0
4475,CRS3035RES1000mN2015000E3156000,12178446726,100.0
4476,CRS3035RES1000mN2015000E3156000,12407425114,
4477,CRS3035RES1000mN2015000E3156000,12865480228,
4478,CRS3035RES1000mN2015000E3156000,2960630,
4479,CRS3035RES1000mN2015000E3156000,3554044,
4480,CRS3035RES1000mN2015000E3156000,3557906,80.0
4481,CRS3035RES1000mN2015000E3156000,5231361,115.0
4482,CRS3035RES1000mN2015000E3156000,9314566,
4483,CRS3035RES1000mN2015000E3156000,13696257,
4484,CRS3035RES1000mN2015000E3156000,15996131,111.0
4485,CRS3035RES1000mN2015000E3156000,23526191,110.0
4486,CRS3035RES1000mN2015000E3156000,23545719,
4487,CRS3035RES1000mN2015000E3156000,30599279,97.0
4488,CRS3035RES1000mN2015000E3156000,30649229,111.0
4489,CRS3035RES1000mN2015000E3156000,32198651,
4490,CRS3035RES1000mN2015000E3156000,34945111,83.0
4491,CRS3035RES1000mN2015000E3156000,50170625,
4492,CRS3035RES1000mN2015000E3156000,82887228,
4493,CRS3035RES1000mN2015000E3156000,92484952,
4494,CRS3035RES1000mN2015000E3156000,95794713,111.0
4495,CRS3035RES1000mN2015000E3156000,96418670,105.0
4496,CRS3035RES1000mN2015000E3156000,98502686,116.0
4497,CRS3035RES1000mN2015000E3156000,132613257,112.0
4498,CRS3035RES1000mN2015000E3156000,135036040,
4499,CRS3035RES1000mN2015000E3156000,150772489,114.0
4500,CRS3035RES1000mN2015000E3156000,154118456,
4501,CRS3035RES1000mN2015000E3156000,157375776,
4502,CRS3035RES1000mN2015000E3156000,158211204,114.0
4503,CRS3035RES1000mN2015000E3156000,162072415,87.0
4504,CRS3035RES1000mN2015000E3156000,162117720,
4505,CRS3035RES1000mN2015000E3156000,170487273,
4506,CRS3035RES1000mN2015000E3156000,172686062,
4507,CRS3035RES1000mN2015000E3156000,174318235,107.0
4508,CRS3035RES1000mN2015000E3156000,174318237,97.0
4509,CRS3035RES1000mN2015000E3156000,205060159,
4510,CRS3035RES1000mN2015000E3156000,205757163,
4511,CRS3035RES1000mN2015000E3156000,221095520,
4512,CRS3035RES1000mN2015000E3156000,224503374,104.0
4513,CRS3035RES1000mN2015000E3156000,227333462,118.0
4514,CRS3035RES1000mN2015000E3156000,229117454,
4515,CRS3035RES1000mN2015000E3156000,261460389,
4516,CRS3035RES1000mN2015000E3156000,283450022,101.0
4517,CRS3035RES1000mN2015000E3156000,288994040,83.0
4518,CRS3035RES1000mN2015000E3156000,296744564,
4519,CRS3035RES1000mN2015000E3156000,297526406,
4520,CRS3035RES1000mN2015000E3156000,300709861,116.0
4521,CRS3035RES1000mN2015000E3156000,301444634,
4522,CRS3035RES1000mN2015000E3156000,302721609,73.0
4523,CRS3035RES1000mN2015000E3156000,308195630,
4524,CRS3035RES1000mN2015000E3156000,312777902,93.0
4525,CRS3035RES1000mN2015000E3156000,330154630,
4526,CRS3035RES1000mN2015000E3156000,340205456,112.0
4527,CRS3035RES1000mN2015000E3156000,367883612,
4528,CRS3035RES1000mN2015000E3156000,368211943,
4529,CRS3035RES1000mN2015000E3156000,374180360,
4530,CRS3035RES1000mN2015000E3156000,375369499,
4531,CRS3035RES1000mN2015000E3156000,383494544,116.0
4532,CRS3035RES1000mN2015000E3156000,384574591,78.0
4533,CRS3035RES1000mN2015000E3156000,403538322,
4534,CRS3035RES1000mN2015000E3156000,403859503,111.0
4535,CRS3035RES1000mN2015000E3156000,437050442,82.0
4536,CRS3035RES1000mN2015000E3156000,459881697,119.0
4537,CRS3035RES1000mN2015000E3156000,477278425,
4538,CRS3035RES1000mN2015000E3156000,486879235,
4539,CRS3035RES1000mN2015000E3156000,493748377,94.0
4540,CRS3035RES1000mN2015000E3156000,498234201,83.0
4541,CRS3035RES1000mN2015000E3156000,504315026,
4542,CRS3035RES1000mN2015000E3156000,548701490,115.0
4543,CRS3035RES1000mN2015000E3156000,574210084,
4544,CRS3035RES1000mN2015000E3156000,576094143,95.0
4545,CRS3035RES1000mN2015000E3156000,584409067,
4546,CRS3035RES1000mN2015000E3156000,635512756,
4547,CRS3035RES1000mN2015000E3156000,638492224,
4548,CRS3035RES1000mN2015000E3156000,653913062,
4549,CRS3035RES1000mN2015000E3156000,659866770,
4550,CRS3035RES1000mN2015000E3156000,697717972,118.0
4551,CRS3035RES1000mN2015000E3156000,717194862,
4552,CRS3035RES1000mN2015000E3156000,736899303,
4553,CRS3035RES1000mN2015000E3156000,738042217,49.0
4554,CRS3035RES1000mN2015000E3156000,839611983,
4555,CRS3035RES1000mN2015000E3156000,957893520,92.0
4556,CRS3035RES1000mN2015000E3156000,963308110,
4557,CRS3035RES1000mN2015000E3156000,1073283182,65.0
4558,CRS3035RES1000mN2015000E3156000,1252864015,116.0
4559,CRS3035RES1000mN2015000E3156000,1283203658,
4560,CRS3035RES1000mN2015000E3157000,25526,83.0
4561,CRS3035RES1000mN2015000E3157000,1774,74.0
4562,CRS3035RES1000mN2015000E3157000,1770,101.0
4563,CRS3035RES1000mN2015000E3157000,1773,90.0
4564,CRS3035RES1000mN2015000E3157000,1771,86.0
4565,CRS3035RES1000mN2015000E3157000,123303,86.0
4566,CRS3035RES1000mN2015000E3157000,1764,80.0
4567,CRS3035RES1000mN2015000E3157000,181101,91.0
4568,CRS3035RES1000mN2015000E3157000,5765642,78.0
4569,CRS3035RES1000mN2015000E3157000,86719,72.0
4570,CRS3035RES1000mN2015000E3157000,1800,84.0
4571,CRS3035RES1000mN2015000E3157000,1757,93.0
4572,CRS3035RES1000mN2015000E3157000,1755,89.0
4573,CRS3035RES1000mN2015000E3157000,1882,85.0
4574,CRS3035RES1000mN2015000E3157000,1745,95.0
4575,CRS3035RES1000mN2015000E3157000,1794,95.0
4576,CRS3035RES1000mN2015000E3157000,1762,84.0
4577,CRS3035RES1000mN2015000E3157000,51188,87.0
4578,CRS3035RES1000mN2015000E3157000,6893633,81.0
4579,CRS3035RES1000mN2015000E3157000,167128,93.0
4580,CRS3035RES1000mN2015000E3157000,1760,89.0
4581,CRS3035RES1000mN2015000E3157000,12773298,59.0
4582,CRS3035RES1000mN2015000E3157000,1754,81.0
4583,CRS3035RES1000mN2015000E3157000,1748,87.0
4584,CRS3035RES1000mN2015000E3157000,79941,100.0
4585,CRS3035RES1000mN2015000E3157000,1750,93.0
4586,CRS3035RES1000mN2015000E3157000,5975465,77.0
4587,CRS3035RES1000mN2015000E3157000,115056,102.0
4588,CRS3035RES1000mN2015000E3157000,1790,95.0
4589,CRS3035RES1000mN2015000E3157000,1756,85.0
4590,CRS3035RES1000mN2015000E3157000,51849,87.0
4591,CRS3035RES1000mN2015000E3157000,185595,88.0
4592,CRS3035RES1000mN2015000E3157000,7697128,75.0
4593,CRS3035RES1000mN2015000E3157000,10395362,100.0
4594,CRS3035RES1000mN2015000E3157000,1759,91.0
4595,CRS3035RES1000mN2015000E3157000,1752,87.0
4596,CRS3035RES1000mN2015000E3157000,186714,90.0
4597,CRS3035RES1000mN2015000E3157000,1753,79.0
4598,CRS3035RES1000mN2015000E3157000,1792,84.0
4599,CRS3035RES1000mN2015000E3157000,1763,85.0
4600,CRS3035RES1000mN2015000E3157000,1746,94.0
4601,CRS3035RES1000mN2015000E3157000,11572165,70.0
4602,CRS3035RES1000mN2015000E3157000,1761,74.0
4603,CRS3035RES1000mN2015000E3157000,1747,93.0
4604,CRS3035RES1000mN2015000E3157000,5768564,92.0
4605,CRS3035RES1000mN2015000E3157000,1798,80.0
4606,CRS3035RES1000mN2015000E3157000,66904,91.0
4607,CRS3035RES1000mN2015000E3157000,1777,78.0
4608,CRS3035RES1000mN2015000E3157000,1765,87.0
4609,CRS3035RES1000mN2015000E3157000,49416,85.0
4610,CRS3035RES1000mN2015000E3157000,12734939,85.0
4611,CRS3035RES1000mN2015000E3157000,167386167,71.0
4612,CRS3035RES1000mN2015000E3157000,295933804,97.0
4613,CRS3035RES1000mN2015000E3157000,303340017,102.0
4614,CRS3035RES1000mN2015000E3157000,315355551,113.0
4615,CRS3035RES1000mN2015000E3157000,339084977,76.0
4616,CRS3035RES1000mN2015000E3157000,412911553,89.0
4617,CRS3035RES1000mN2015000E3157000,558126037,104.0
4618,CRS3035RES1000mN2015000E3157000,711789768,
4619,CRS3035RES1000mN2015000E3157000,727666062,
4620,CRS3035RES1000mN2015000E3157000,848085869,72.0
4621,CRS3035RES1000mN2015000E3157000,1056098898,94.0
4622,CRS3035RES1000mN2015000E3157000,1255438242,
4623,CRS3035RES1000mN2015000E3157000,1469985039,98.0
4624,CRS3035RES1000mN2015000E3157000,1504302537,
4625,CRS3035RES1000mN2015000E3157000,1511617504,97.0
4626,CRS3035RES1000mN2015000E3157000,1541601287,
4627,CRS3035RES1000mN2015000E3157000,1544591296,92.0
4628,CRS3035RES1000mN2015000E3157000,1598174183,99.0
4629,CRS3035RES1000mN2015000E3157000,1629887846,103.0
4630,CRS3035RES1000mN2015000E3157000,1686660176,105.0
4631,CRS3035RES1000mN2015000E3157000,1716927336,63.0
4632,CRS3035RES1000mN2015000E3157000,1734554324,118.0
4633,CRS3035RES1000mN2015000E3157000,1849109335,107.0
4634,CRS3035RES1000mN2015000E3157000,2028408680,111.0
4635,CRS3035RES1000mN2015000E3157000,2036887702,
4636,CRS3035RES1000mN2015000E3157000,2061404218,103.0
4637,CRS3035RES1000mN2015000E3157000,2134238030,113.0
4638,CRS3035RES1000mN2015000E3157000,2261600754,
4639,CRS3035RES1000mN2015000E3157000,2301402027,111.0
4640,CRS3035RES1000mN2015000E3157000,2303966810,111.0
4641,CRS3035RES1000mN2015000E3157000,2312029862,102.0
4642,CRS3035RES1000mN2015000E3157000,2408860250,119.0
4643,CRS3035RES1000mN2015000E3157000,2620185829,89.0
4644,CRS3035RES1000mN2015000E3157000,2622508931,93.0
4645,CRS3035RES1000mN2015000E3157000,2672130951,117.0
4646,CRS3035RES1000mN2015000E3157000,2710518818,113.0
4647,CRS3035RES1000mN2015000E3157000,3034026261,
4648,CRS3035RES1000mN2015000E3157000,3179889751,
4649,CRS3035RES1000mN2015000E3157000,3206611978,
4650,CRS3035RES1000mN2015000E3157000,3272828439,77.0
4651,CRS3035RES1000mN2015000E3157000,3452364276,107.0
4652,CRS3035RES1000mN2015000E3157000,3452364277,88.0
4653,CRS3035RES1000mN2015000E3157000,3495733197,
4654,CRS3035RES1000mN2015000E3157000,3497154853,
4655,CRS3035RES1000mN2015000E3157000,3517755445,
4656,CRS3035RES1000mN2015000E3157000,3522125657,
4657,CRS3035RES1000mN2015000E3157000,3526751794,
4658,CRS3035RES1000mN2015000E3157000,3839306060,106.0
4659,CRS3035RES1000mN2015000E3157000,4214697664,89.0
4660,CRS3035RES1000mN2015000E3157000,4338252586,
4661,CRS3035RES1000mN2015000E3157000,4401271633,98.0
4662,CRS3035RES1000mN2015000E3157000,4515476768,
4663,CRS3035RES1000mN2015000E3157000,4569910891,79.0
4664,CRS3035RES1000mN2015000E3157000,4703730491,112.0
4665,CRS3035RES1000mN2015000E3157000,4707870392,108.0
4666,CRS3035RES1000mN2015000E3157000,4789037769,86.0
4667,CRS3035RES1000mN2015000E3157000,4794233143,
4668,CRS3035RES1000mN2015000E3157000,4870405674,92.0
4669,CRS3035RES1000mN2015000E3157000,5139379922,
4670,CRS3035RES1000mN2015000E3157000,5160337425,88.0
4671,CRS3035RES1000mN2015000E3157000,5196199575,103.0
4672,CRS3035RES1000mN2015000E3157000,5341570554,81.0
4673,CRS3035RES1000mN2015000E3157000,5345949864,110.0
4674,CRS3035RES1000mN2015000E3157000,5448507385,
4675,CRS3035RES1000mN2015000E3157000,5604693894,
4676,CRS3035RES1000mN2015000E3157000,5670401989,
4677,CRS3035RES1000mN2015000E3157000,5942671299,117.0
4678,CRS3035RES1000mN2015000E3157000,5943980960,101.0
4679,CRS3035RES1000mN2015000E3157000,6185791451,
4680,CRS3035RES1000mN2015000E3157000,6188948286,104.0
4681,CRS3035RES1000mN2015000E3157000,6555800191,81.0
4682,CRS3035RES1000mN2015000E3157000,6885254479,97.0
4683,CRS3035RES1000mN2015000E3157000,7222611268,
4684,CRS3035RES1000mN2015000E3157000,7408961006,
4685,CRS3035RES1000mN2015000E3157000,7619964683,
4686,CRS3035RES1000mN2015000E3157000,7836562695,114.0
4687,CRS3035RES1000mN2015000E3157000,8493729364,74.0
4688,CRS3035RES1000mN2015000E3157000,8557885377,
4689,CRS3035RES1000mN2015000E3157000,8807212208,84.0
4690,CRS3035RES1000mN2015000E3157000,8844229173,87.0
4691,CRS3035RES1000mN2015000E3157000,8878422600,118.0
4692,CRS3035RES1000mN2015000E3157000,9595709188,93.0
4693,CRS3035RES1000mN2015000E3157000,9611387099,76.0
4694,CRS3035RES1000mN2015000E3157000,9712656915,86.0
4695,CRS3035RES1000mN2015000E3157000,9713142744,80.0
4696,CRS3035RES1000mN2015000E3157000,9815746657,
4697,CRS3035RES1000mN2015000E3157000,10004871512,102.0
4698,CRS3035RES1000mN2015000E3157000,10281174134,
4699,CRS3035RES1000mN2015000E3157000,10580337411,110.0
4700,CRS3035RES1000mN2015000E3157000,10899442604,74.0
4701,CRS3035RES1000mN2015000E3157000,10922657146,72.0
4702,CRS3035RES1000mN2015000E3157000,11127499928,100.0
4703,CRS3035RES1000mN2015000E3157000,11143725881,113.0
4704,CRS3035RES1000mN2015000E3157000,11243087140,105.0
4705,CRS3035RES1000mN2015000E3157000,11269399969,101.0
4706,CRS3035RES1000mN2015000E3157000,11287269362,106.0
4707,CRS3035RES1000mN2015000E3157000,11287269363,
4708,CRS3035RES1000mN2015000E3157000,11369705764,116.0
4709,CRS3035RES1000mN2015000E3157000,11387776374,95.0
4710,CRS3035RES1000mN2015000E3157000,11461799040,
4711,CRS3035RES1000mN2015000E3157000,11462802981,80.0
4712,CRS3035RES1000mN2015000E3157000,11652077658,112.0
4713,CRS3035RES1000mN2015000E3157000,11691390164,88.0
4714,CRS3035RES1000mN2015000E3157000,11739757462,50.0
4715,CRS3035RES1000mN2015000E3157000,12178446726,94.0
4716,CRS3035RES1000mN2015000E3157000,12407425114,
4717,CRS3035RES1000mN2015000E3157000,12865480228,107.0
4718,CRS3035RES1000mN2015000E3157000,2960630,93.0
4719,CRS3035RES1000mN2015000E3157000,3554044,101.0
4720,CRS3035RES1000mN2015000E3157000,3557906,52.0
4721,CRS3035RES1000mN2015000E3157000,5231361,96.0
4722,CRS3035RES1000mN2015000E3157000,9314566,
4723,CRS3035RES1000mN2015000E3157000,13696257,119.0
4724,CRS3035RES1000mN2015000E3157000,15996131,97.0
4725,CRS3035RES1000mN2015000E3157000,23526191,97.0
4726,CRS3035RES1000mN2015000E3157000,23545719,98.0
4727,CRS3035RES1000mN2015000E3157000,30599279,66.0
4728,CRS3035RES1000mN2015000E3157000,30649229,93.0
4729,CRS3035RES1000mN2015000E3157000,32198651,
4730,CRS3035RES1000mN2015000E3157000,34945111,62.0
4731,CRS3035RES1000mN2015000E3157000,50170625,
4732,CRS3035RES1000mN2015000E3157000,82887228,116.0
4733,CRS3035RES1000mN2015000E3157000,92484952,
4734,CRS3035RES1000mN2015000E3157000,95794713,95.0
4735,CRS3035RES1000mN2015000E3157000,96418670,78.0
4736,CRS3035RES1000mN2015000E3157000,98502686,103.0
4737,CRS3035RES1000mN2015000E3157000,132613257,96.0
4738,CRS3035RES1000mN2015000E3157000,135036040,102.0
4739,CRS3035RES1000mN2015000E3157000,150772489,93.0
4740,CRS3035RES1000mN2015000E3157000,154118456,104.0
4741,CRS3035RES1000mN2015000E3157000,157375776,97.0
4742,CRS3035RES1000mN2015000E3157000,158211204,86.0
4743,CRS3035RES1000mN2015000E3157000,162072415,57.0
4744,CRS3035RES1000mN2015000E3157000,162117720,117.0
4745,CRS3035RES1000mN2015000E3157000,170487273,
4746,CRS3035RES1000mN2015000E3157000,172686062,91.0
4747,CRS3035RES1000mN2015000E3157000,174318235,73.0
4748,CRS3035RES1000mN2015000E3157000,174318237,70.0
4749,CRS3035RES1000mN2015000E3157000,205060159,
4750,CRS3035RES1000mN2015000E3157000,205757163,
4751,CRS3035RES1000mN2015000E3157000,221095520,110.0
4752,CRS3035RES1000mN2015000E3157000,224503374,87.0
4753,CRS3035RES1000mN2015000E3157000,227333462,116.0
4754,CRS3035RES1000mN2015000E3157000,229117454,112.0
4755,CRS3035RES1000mN2015000E3157000,261460389,
4756,CRS3035RES1000mN2015000E3157000,283450022,79.0
4757,CRS3035RES1000mN2015000E3157000,288994040,69.0
4758,CRS3035RES1000mN2015000E3157000,296744564,
4759,CRS3035RES1000mN2015000E3157000,297526406,98.0
4760,CRS3035RES1000mN2015000E3157000,300709861,90.0
4761,CRS3035RES1000mN2015000E3157000,301444634,
4762,CRS3035RES1000mN2015000E3157000,302721609,72.0
4763,CRS3035RES1000mN2015000E3157000,308195630,
4764,CRS3035RES1000mN2015000E3157000,312777902,79.0
4765,CRS3035RES1000mN2015000E3157000,330154630,
4766,CRS3035RES1000mN2015000E3157000,340205456,91.0
4767,CRS3035RES1000mN2015000E3157000,367883612,114.0
4768,CRS3035RES1000mN2015000E3157000,368211943,115.0
4769,CRS3035RES1000mN2015000E3157000,374180360,106.0
4770,CRS3035RES1000mN2015000E3157000,375369499,98.0
4771,CRS3035RES1000mN2015000E3157000,383494544,93.0
4772,CRS3035RES1000mN2015000E3157000,384574591,51.0
4773,CRS3035RES1000mN2015000E3157000,403538322,114.0
4774,CRS3035RES1000mN2015000E3157000,403859503,91.0
4775,CRS3035RES1000mN2015000E3157000,437050442,81.0
4776,CRS3035RES1000mN2015000E3157000,459881697,114.0
4777,CRS3035RES1000mN2015000E3157000,477278425,
4778,CRS3035RES1000mN2015000E3157000,486879235,
4779,CRS3035RES1000mN2015000E3157000,493748377,63.0
4780,CRS3035RES1000mN2015000E3157000,498234201,80.0
4781,CRS3035RES1000mN2015000E3157000,504315026,108.0
4782,CRS3035RES1000mN2015000E3157000,548701490,114.0
4783,CRS3035RES1000mN2015000E3157000,574210084,
4784,CRS3035RES1000mN2015000E3157000,576094143,66.0
4785,CRS3035RES1000mN2015000E3157000,584409067,
4786,CRS3035RES1000mN2015000E3157000,635512756,98.0
4787,CRS3035RES1000mN2015000E3157000,638492224,
4788,CRS3035RES1000mN2015000E3157000,653913062,100.0
4789,CRS3035RES1000mN2015000E3157000,659866770,
4790,CRS3035RES1000mN2015000E3157000,697717972,88.0
4791,CRS3035RES1000mN2015000E3157000,717194862,
4792,CRS3035RES1000mN2015000E3157000,736899303,
4793,CRS3035RES1000mN2015000E3157000,738042217,47.0
4794,CRS3035RES1000mN2015000E3157000,839611983,
4795,CRS3035RES1000mN2015000E3157000,957893520,70.0
4796,CRS3035RES1000mN2015000E3157000,963308110,99.0
4797,CRS3035RES1000mN2015000E3157000,1073283182,64.0
4798,CRS3035RES1000mN2015000E3157000,1252864015,99.0
4799,CRS3035RES1000mN2015000E3157000,1283203658,
4800,CRS3035RES1000mN2015000E3158000,25526,115.0
4801,CRS3035RES1000mN2015000E3158000,1774,101.0
4802,CRS3035RES1000mN2015000E3158000,1770,
4803,CRS3035RES1000mN2015000E3158000,1773,117.0
4804,CRS3035RES1000mN2015000E3158000,1771,114.0
4805,CRS3035RES1000mN2015000E3158000,123303,107.0
4806,CRS3035RES1000mN2015000E3158000,1764,110.0
4807,CRS3035RES1000mN2015000E3158000,181101,
4808,CRS3035RES1000mN2015000E3158000,5765642,105.0
4809,CRS3035RES1000mN2015000E3158000,86719,93.0
4810,CRS3035RES1000mN2015000E3158000,1800,114.0
4811,CRS3035RES1000mN2015000E3158000,1757,116.0
4812,CRS3035RES1000mN2015000E3158000,1755,111.0
4813,CRS3035RES1000mN2015000E3158000,1882,114.0
4814,CRS3035RES1000mN2015000E3158000,1745,
4815,CRS3035RES1000mN2015000E3158000,1794,
4816,CRS3035RES1000mN2015000E3158000,1762,110.0
4817,CRS3035RES1000mN2015000E3158000,51188,115.0
4818,CRS3035RES1000mN2015000E3158000,6893633,109.0
4819,CRS3035RES1000mN2015000E3158000,167128,
4820,CRS3035RES1000mN2015000E3158000,1760,116.0
4821,CRS3035RES1000mN2015000E3158000,12773298,89.0
4822,CRS3035RES1000mN2015000E3158000,1754,102.0
4823,CRS3035RES1000mN2015000E3158000,1748,116.0
4824,CRS3035RES1000mN2015000E3158000,79941,
4825,CRS3035RES1000mN2015000E3158000,1750,
4826,CRS3035RES1000mN2015000E3158000,5975465,106.0
4827,CRS3035RES1000mN2015000E3158000,115056,
4828,CRS3035RES1000mN2015000E3158000,1790,
4829,CRS3035RES1000mN2015000E3158000,1756,108.0
4830,CRS3035RES1000mN2015000E3158000,51849,116.0
4831,CRS3035RES1000mN2015000E3158000,185595,116.0
4832,CRS3035RES1000mN2015000E3158000,7697128,104.0
4833,CRS3035RES1000mN2015000E3158000,10395362,
4834,CRS3035RES1000mN2015000E3158000,1759,117.0
4835,CRS3035RES1000mN2015000E3158000,1752,115.0
4836,CRS3035RES1000mN2015000E3158000,186714,118.0
4837,CRS3035RES1000mN2015000E3158000,1753,108.0
4838,CRS3035RES1000mN2015000E3158000,1792,111.0
4839,CRS3035RES1000mN2015000E3158000,1763,109.0
4840,CRS3035RES1000mN2015000E3158000,1746,
4841,CRS3035RES1000mN2015000E3158000,11572165,91.0
4842,CRS3035RES1000mN2015000E3158000,1761,103.0
4843,CRS3035RES1000mN2015000E3158000,1747,
4844,CRS3035RES1000mN2015000E3158000,5768564,116.0
4845,CRS3035RES1000mN2015000E3158000,1798,107.0
4846,CRS3035RES1000mN2015000E3158000,66904,
4847,CRS3035RES1000mN2015000E3158000,1777,106.0
4848,CRS3035RES1000mN2015000E3158000,1765,112.0
4849,CRS3035RES1000mN2015000E3158000,49416,114.0
4850,CRS3035RES1000mN2015000E3158000,12734939,114.0
4851,CRS3035RES1000mN2015000E3158000,167386167,98.0
4852,CRS3035RES1000mN2015000E3158000,295933804,
4853,CRS3035RES1000mN2015000E3158000,303340017,117.0
4854,CRS3035RES1000mN2015000E3158000,315355551,
4855,CRS3035RES1000mN2015000E3158000,339084977,102.0
4856,CRS3035RES1000mN2015000E3158000,412911553,116.0
4857,CRS3035RES1000mN2015000E3158000,558126037,
4858,CRS3035RES1000mN2015000E3158000,711789768,
4859,CRS3035RES1000mN2015000E3158000,727666062,
4860,CRS3035RES1000mN2015000E3158000,848085869,104.0
4861,CRS3035RES1000mN2015000E3158000,1056098898,
4862,CRS3035RES1000mN2015000E3158000,1255438242,
4863,CRS3035RES1000mN2015000E3158000,1469985039,
4864,CRS3035RES1000mN2015000E3158000,1504302537,
4865,CRS3035RES1000mN2015000E3158000,1511617504,
4866,CRS3035RES1000mN2015000E3158000,1541601287,
4867,CRS3035RES1000mN2015000E3158000,1544591296,
4868,CRS3035RES1000mN2015000E3158000,1598174183,
4869,CRS3035RES1000mN2015000E3158000,1629887846,
4870,CRS3035RES1000mN2015000E3158000,1686660176,
4871,CRS3035RES1000mN2015000E3158000,1716927336,93.0
4872,CRS3035RES1000mN2015000E3158000,1734554324,
4873,CRS3035RES1000mN2015000E3158000,1849109335,
4874,CRS3035RES1000mN2015000E3158000,2028408680,
4875,CRS3035RES1000mN2015000E3158000,2036887702,
4876,CRS3035RES1000mN2015000E3158000,2061404218,
4877,CRS3035RES1000mN2015000E3158000,2134238030,
4878,CRS3035RES1000mN2015000E3158000,2261600754,
4879,CRS3035RES1000mN2015000E3158000,2301402027,
4880,CRS3035RES1000mN2015000E3158000,2303966810,
4881,CRS3035RES1000mN2015000E3158000,2312029862,
4882,CRS3035RES1000mN2015000E3158000,2408860250,
4883,CRS3035RES1000mN2015000E3158000,2620185829,117.0
4884,CRS3035RES1000mN2015000E3158000,2622508931,
4885,CRS3035RES1000mN2015000E3158000,2672130951,
4886,CRS3035RES1000mN2015000E3158000,2710518818,
4887,CRS3035RES1000mN2015000E3158000,3034026261,
4888,CRS3035RES1000mN2015000E3158000,3179889751,
4889,CRS3035RES1000mN2015000E3158000,3206611978,
4890,CRS3035RES1000mN2015000E3158000,3272828439,104.0
4891,CRS3035RES1000mN2015000E3158000,3452364276,
4892,CRS3035RES1000mN2015000E3158000,3452364277,115.0
4893,CRS3035RES1000mN2015000E3158000,3495733197,
4894,CRS3035RES1000mN2015000E3158000,3497154853,
4895,CRS3035RES1000mN2015000E3158000,3517755445,
4896,CRS3035RES1000mN2015000E3158000,3522125657,
4897,CRS3035RES1000mN2015000E3158000,3526751794,
4898,CRS3035RES1000mN2015000E3158000,3839306060,
4899,CRS3035RES1000mN2015000E3158000,4214697664,116.0
4900,CRS3035RES1000mN2015000E3158000,4338252586,
4901,CRS3035RES1000mN2015000E3158000,4401271633,
4902,CRS3035RES1000mN2015000E3158000,4515476768,
4903,CRS3035RES1000mN2015000E3158000,4569910891,106.0
4904,CRS3035RES1000mN2015000E3158000,4703730491,
4905,CRS3035RES1000mN2015000E3158000,4707870392,
4906,CRS3035RES1000mN2015000E3158000,4789037769,116.0
4907,CRS3035RES1000mN2015000E3158000,4794233143,
4908,CRS3035RES1000mN2015000E3158000,4870405674,116.0
4909,CRS3035RES1000mN2015000E3158000,5139379922,
4910,CRS3035RES1000mN2015000E3158000,5160337425,115.0
4911,CRS3035RES1000mN2015000E3158000,5196199575,
4912,CRS3035RES1000mN2015000E3158000,5341570554,109.0
4913,CRS3035RES1000mN2015000E3158000,5345949864,
4914,CRS3035RES1000mN2015000E3158000,5448507385,
4915,CRS3035RES1000mN2015000E3158000,5604693894,
4916,CRS3035RES1000mN2015000E3158000,5670401989,
4917,CRS3035RES1000mN2015000E3158000,5942671299,
4918,CRS3035RES1000mN2015000E3158000,5943980960,
4919,CRS3035RES1000mN2015000E3158000,6185791451,
4920,CRS3035RES1000mN2015000E3158000,6188948286,
4921,CRS3035RES1000mN2015000E3158000,6555800191,107.0
4922,CRS3035RES1000mN2015000E3158000,6885254479,
4923,CRS3035RES1000mN2015000E3158000,7222611268,
4924,CRS3035RES1000mN2015000E3158000,7408961006,
4925,CRS3035RES1000mN2015000E3158000,7619964683,
4926,CRS3035RES1000mN2015000E3158000,7836562695,
4927,CRS3035RES1000mN2015000E3158000,8493729364,103.0
4928,CRS3035RES1000mN2015000E3158000,8557885377,
4929,CRS3035RES1000mN2015000E3158000,8807212208,113.0
4930,CRS3035RES1000mN2015000E3158000,8844229173,115.0
4931,CRS3035RES1000mN2015000E3158000,8878422600,
4932,CRS3035RES1000mN2015000E3158000,9595709188,119.0
4933,CRS3035RES1000mN2015000E3158000,9611387099,105.0
4934,CRS3035RES1000mN2015000E3158000,9712656915,114.0
4935,CRS3035RES1000mN2015000E3158000,9713142744,107.0
4936,CRS3035RES1000mN2015000E3158000,9815746657,
4937,CRS3035RES1000mN2015000E3158000,10004871512,
4938,CRS3035RES1000mN2015000E3158000,10281174134,
4939,CRS3035RES1000mN2015000E3158000,10580337411,
4940,CRS3035RES1000mN2015000E3158000,10899442604,100.0
4941,CRS3035RES1000mN2015000E3158000,10922657146,97.0
4942,CRS3035RES1000mN2015000E3158000,11127499928,
4943,CRS3035RES1000mN2015000E3158000,11143725881,
4944,CRS3035RES1000mN2015000E3158000,11243087140,
4945,CRS3035RES1000mN2015000E3158000,11269399969,
4946,CRS3035RES1000mN2015000E3158000,11287269362,
4947,CRS3035RES1000mN2015000E3158000,11287269363,
4948,CRS3035RES1000mN2015000E3158000,11369705764,
4949,CRS3035RES1000mN2015000E3158000,11387776374,
4950,CRS3035RES1000mN2015000E3158000,11461799040,
4951,CRS3035RES1000mN2015000E3158000,11462802981,109.0
4952,CRS3035RES1000mN2015000E3158000,11652077658,
4953,CRS3035RES1000mN2015000E3158000,11691390164,116.0
4954,CRS3035RES1000mN2015000E3158000,11739757462,77.0
4955,CRS3035RES1000mN2015000E3158000,12178446726,118.0
4956,CRS3035RES1000mN2015000E3158000,12407425114,
4957,CRS3035RES1000mN2015000E3158000,12865480228,
4958,CRS3035RES1000mN2015000E3158000,2960630,
4959,CRS3035RES1000mN2015000E3158000,3554044,
4960,CRS3035RES1000mN2015000E3158000,3557906,77.0
4961,CRS3035RES1000mN2015000E3158000,5231361,
4962,CRS3035RES1000mN2015000E3158000,9314566,
4963,CRS3035RES1000mN2015000E3158000,13696257,
4964,CRS3035RES1000mN2015000E3158000,15996131,
4965,CRS3035RES1000mN2015000E3158000,23526191,
4966,CRS3035RES1000mN2015000E3158000,23545719,
4967,CRS3035RES1000mN2015000E3158000,30599279,96.0
4968,CRS3035RES1000mN2015000E3158000,30649229,118.0
4969,CRS3035RES1000mN2015000E3158000,32198651,
4970,CRS3035RES1000mN2015000E3158000,34945111,88.0
4971,CRS3035RES1000mN2015000E3158000,50170625,
4972,CRS3035RES1000mN2015000E3158000,82887228,
4973,CRS3035RES1000mN2015000E3158000,92484952,
4974,CRS3035RES1000mN2015000E3158000,95794713,
4975,CRS3035RES1000mN2015000E3158000,96418670,104.0
4976,CRS3035RES1000mN2015000E3158000,98502686,
4977,CRS3035RES1000mN2015000E3158000,132613257,
4978,CRS3035RES1000mN2015000E3158000,135036040,
4979,CRS3035RES1000mN2015000E3158000,150772489,
4980,CRS3035RES1000mN2015000E3158000,154118456,
4981,CRS3035RES1000mN2015000E3158000,157375776,
4982,CRS3035RES1000mN2015000E3158000,158211204,112.0
4983,CRS3035RES1000mN2015000E3158000,162072415,86.0
4984,CRS3035RES1000mN2015000E3158000,162117720,
4985,CRS3035RES1000mN2015000E3158000,170487273,
4986,CRS3035RES1000mN2015000E3158000,172686062,
4987,CRS3035RES1000mN2015000E3158000,174318235,106.0
4988,CRS3035RES1000mN2015000E3158000,174318237,96.0
4989,CRS3035RES1000mN2015000E3158000,205060159,
4990,CRS3035RES1000mN2015000E3158000,205757163,
4991,CRS3035RES1000mN2015000E3158000,221095520,
4992,CRS3035RES1000mN2015000E3158000,224503374,113.0
4993,CRS3035RES1000mN2015000E3158000,227333462,117.0
4994,CRS3035RES1000mN2015000E3158000,229117454,119.0
4995,CRS3035RES1000mN2015000E3158000,261460389,
4996,CRS3035RES1000mN2015000E3158000,283450022,109.0
4997,CRS3035RES1000mN2015000E3158000,288994040,97.0
4998,CRS3035RES1000mN2015000E3158000,296744564,
4999,CRS3035RES1000mN2015000E3158000,297526406,
5000,CRS3035RES1000mN2015000E3158000,300709861,116.0
5001,CRS3035RES1000mN2015000E3158000,301444634,
5002,CRS3035RES1000mN2015000E3158000,302721609,102.0
5003,CRS3035RES1000mN2015000E3158000,308195630,
5004,CRS3035RES1000mN2015000E3158000,312777902,107.0
5005,CRS3035RES1000mN2015000E3158000,330154630,
5006,CRS3035RES1000mN2015000E3158000,340205456,118.0
5007,CRS3035RES1000mN2015000E3158000,367883612,
5008,CRS3035RES1000mN2015000E3158000,368211943,
5009,CRS3035RES1000mN2015000E3158000,374180360,
5010,CRS3035RES1000mN2015000E3158000,375369499,
5011,CRS3035RES1000mN2015000E3158000,383494544,
5012,CRS3035RES1000mN2015000E3158000,384574591,75.0
5013,CRS3035RES1000mN2015000E3158000,403538322,
5014,CRS3035RES1000mN2015000E3158000,403859503,118.0
5015,CRS3035RES1000mN2015000E3158000,437050442,102.0
5016,CRS3035RES1000mN2015000E3158000,459881697,118.0
5017,CRS3035RES1000mN2015000E3158000,477278425,
5018,CRS3035RES1000mN2015000E3158000,486879235,
5019,CRS3035RES1000mN2015000E3158000,493748377,93.0
5020,CRS3035RES1000mN2015000E3158000,498234201,100.0
5021,CRS3035RES1000mN2015000E3158000,504315026,
5022,CRS3035RES1000mN2015000E3158000,548701490,
5023,CRS3035RES1000mN2015000E3158000,574210084,
5024,CRS3035RES1000mN2015000E3158000,576094143,94.0
5025,CRS3035RES1000mN2015000E3158000,584409067,
5026,CRS3035RES1000mN2015000E3158000,635512756,
5027,CRS3035RES1000mN2015000E3158000,638492224,
5028,CRS3035RES1000mN2015000E3158000,653913062,
5029,CRS3035RES1000mN2015000E3158000,659866770,
5030,CRS3035RES1000mN2015000E3158000,697717972,116.0
5031,CRS3035RES1000mN2015000E3158000,717194862,
5032,CRS3035RES1000mN2015000E3158000,736899303,
5033,CRS3035RES1000mN2015000E3158000,738042217,86.0
5034,CRS3035RES1000mN2015000E3158000,839611983,
5035,CRS3035RES1000mN2015000E3158000,957893520,101.0
5036,CRS3035RES1000mN2015000E3158000,963308110,
5037,CRS3035RES1000mN2015000E3158000,1073283182,94.0
5038,CRS3035RES1000mN2015000E3158000,1252864015,
5039,CRS3035RES1000mN2015000E3158000,1283203658,
5040,CRS3035RES1000mN2015000E3159000,25526,
5041,CRS3035RES1000mN2015000E3159000,1774,110.0
5042,CRS3035RES1000mN2015000E3159000,1770,
5043,CRS3035RES1000mN2015000E3159000,1773,
5044,CRS3035RES1000mN2015000E3159000,1771,
5045,CRS3035RES1000mN2015000E3159000,123303,114.0
5046,CRS3035RES1000mN2015000E3159000,1764,
5047,CRS3035RES1000mN2015000E3159000,181101,
5048,CRS3035RES1000mN2015000E3159000,5765642,
5049,CRS3035RES1000mN2015000E3159000,86719,100.0
5050,CRS3035RES1000mN2015000E3159000,1800,
5051,CRS3035RES1000mN2015000E3159000,1757,
5052,CRS3035RES1000mN2015000E3159000,1755,117.0
5053,CRS3035RES1000mN2015000E3159000,1882,
5054,CRS3035RES1000mN2015000E3159000,1745,
5055,CRS3035RES1000mN2015000E3159000,1794,
5056,CRS3035RES1000mN2015000E3159000,1762,118.0
5057,CRS3035RES1000mN2015000E3159000,51188,
5058,CRS3035RES1000mN2015000E3159000,6893633,
5059,CRS3035RES1000mN2015000E3159000,167128,
5060,CRS3035RES1000mN2015000E3159000,1760,
5061,CRS3035RES1000mN2015000E3159000,12773298,103.0
5062,CRS3035RES1000mN2015000E3159000,1754,107.0
5063,CRS3035RES1000mN2015000E3159000,1748,
5064,CRS3035RES1000mN2015000E3159000,79941,
5065,CRS3035RES1000mN2015000E3159000,1750,
5066,CRS3035RES1000mN2015000E3159000,5975465,
5067,CRS3035RES1000mN2015000E3159000,115056,
5068,CRS3035RES1000mN2015000E3159000,1790,
5069,CRS3035RES1000mN2015000E3159000,1756,119.0
5070,CRS3035RES1000mN2015000E3159000,51849,
5071,CRS3035RES1000mN2015000E3159000,185595,
5072,CRS3035RES1000mN2015000E3159000,7697128,
5073,CRS3035RES1000mN2015000E3159000,10395362,
5074,CRS3035RES1000mN2015000E3159000,1759,
5075,CRS3035RES1000mN2015000E3159000,1752,
5076,CRS3035RES1000mN2015000E3159000,186714,
5077,CRS3035RES1000mN2015000E3159000,1753,
5078,CRS3035RES1000mN2015000E3159000,1792,
5079,CRS3035RES1000mN2015000E3159000,1763,112.0
5080,CRS3035RES1000mN2015000E3159000,1746,
5081,CRS3035RES1000mN2015000E3159000,11572165,95.0
5082,CRS3035RES1000mN2015000E3159000,1761,118.0
5083,CRS3035RES1000mN2015000E3159000,1747,
5084,CRS3035RES1000mN2015000E3159000,5768564,
5085,CRS3035RES1000mN2015000E3159000,1798,115.0
5086,CRS3035RES1000mN2015000E3159000,66904,
5087,CRS3035RES1000mN2015000E3159000,1777,
5088,CRS3035RES1000mN2015000E3159000,1765,
5089,CRS3035RES1000mN2015000E3159000,49416,
5090,CRS3035RES1000mN2015000E3159000,12734939,
5091,CRS3035RES1000mN2015000E3159000,167386167,116.0
5092,CRS3035RES1000mN2015000E3159000,295933804,
5093,CRS3035RES1000mN2015000E3159000,303340017,
5094,CRS3035RES1000mN2015000E3159000,315355551,
5095,CRS3035RES1000mN2015000E3159000,339084977,107.0
5096,CRS3035RES1000mN2015000E3159000,412911553,
5097,CRS3035RES1000mN2015000E3159000,558126037,
5098,CRS3035RES1000mN2015000E3159000,711789768,
5099,CRS3035RES1000mN2015000E3159000,727666062,
5100,CRS3035RES1000mN2015000E3159000,848085869,112.0
5101,CRS3035RES1000mN2015000E3159000,1056098898,
5102,CRS3035RES1000mN2015000E3159000,1255438242,
5103,CRS3035RES1000mN2015000E3159000,1469985039,
5104,CRS3035RES1000mN2015000E3159000,1504302537,
5105,CRS3035RES1000mN2015000E3159000,1511617504,
5106,CRS3035RES1000mN2015000E3159000,1541601287,
5107,CRS3035RES1000mN2015000E3159000,1544591296,
5108,CRS3035RES1000mN2015000E3159000,1598174183,
5109,CRS3035RES1000mN2015000E3159000,1629887846,
5110,CRS3035RES1000mN2015000E3159000,1686660176,
5111,CRS3035RES1000mN2015000E3159000,1716927336,96.0
5112,CRS3035RES1000mN2015000E3159000,1734554324,
5113,CRS3035RES1000mN2015000E3159000,1849109335,
5114,CRS3035RES1000mN2015000E3159000,2028408680,
5115,CRS3035RES1000mN2015000E3159000,2036887702,
5116,CRS3035RES1000mN2015000E3159000,2061404218,
5117,CRS3035RES1000mN2015000E3159000,2134238030,
5118,CRS3035RES1000mN2015000E3159000,2261600754,
5119,CRS3035RES1000mN2015000E3159000,2301402027,
5120,CRS3035RES1000mN2015000E3159000,2303966810,
5121,CRS3035RES1000mN2015000E3159000,2312029862,
5122,CRS3035RES1000mN2015000E3159000,2408860250,
5123,CRS3035RES1000mN2015000E3159000,2620185829,
5124,CRS3035RES1000mN2015000E3159000,2622508931,
5125,CRS3035RES1000mN2015000E3159000,2672130951,
5126,CRS3035RES1000mN2015000E3159000,2710518818,
5127,CRS3035RES1000mN2015000E3159000,3034026261,
5128,CRS3035RES1000mN2015000E3159000,3179889751,
5129,CRS3035RES1000mN2015000E3159000,3206611978,
5130,CRS3035RES1000mN2015000E3159000,3272828439,116.0
5131,CRS3035RES1000mN2015000E3159000,3452364276,
5132,CRS3035RES1000mN2015000E3159000,3452364277,
5133,CRS3035RES1000mN2015000E3159000,3495733197,
5134,CRS3035RES1000mN2015000E3159000,3497154853,
5135,CRS3035RES1000mN2015000E3159000,3517755445,
5136,CRS3035RES1000mN2015000E3159000,3522125657,
5137,CRS3035RES1000mN2015000E3159000,3526751794,
5138,CRS3035RES1000mN2015000E3159000,3839306060,
5139,CRS3035RES1000mN2015000E3159000,4214697664,
5140,CRS3035RES1000mN2015000E3159000,4338252586,
5141,CRS3035RES1000mN2015000E3159000,4401271633,
5142,CRS3035RES1000mN2015000E3159000,4515476768,
5143,CRS3035RES1000mN2015000E3159000,4569910891,
5144,CRS3035RES1000mN2015000E3159000,4703730491,
5145,CRS3035RES1000mN2015000E3159000,4707870392,
5146,CRS3035RES1000mN2015000E3159000,4789037769,116.0
5147,CRS3035RES1000mN2015000E3159000,4794233143,
5148,CRS3035RES1000mN2015000E3159000,4870405674,
5149,CRS3035RES1000mN2015000E3159000,5139379922,
5150,CRS3035RES1000mN2015000E3159000,5160337425,
5151,CRS3035RES1000mN2015000E3159000,5196199575,
5152,CRS3035RES1000mN2015000E3159000,5341570554,119.0
5153,CRS3035RES1000mN2015000E3159000,5345949864,
5154,CRS3035RES1000mN2015000E3159000,5448507385,
5155,CRS3035RES1000mN2015000E3159000,5604693894,
5156,CRS3035RES1000mN2015000E3159000,5670401989,
5157,CRS3035RES1000mN2015000E3159000,5942671299,
5158,CRS3035RES1000mN2015000E3159000,5943980960,
5159,CRS3035RES1000mN2015000E3159000,6185791451,
5160,CRS3035RES1000mN2015000E3159000,6188948286,
5161,CRS3035RES1000mN2015000E3159000,6555800191,118.0
5162,CRS3035RES1000mN2015000E3159000,6885254479,
5163,CRS3035RES1000mN2015000E3159000,7222611268,
5164,CRS3035RES1000mN2015000E3159000,7408961006,
5165,CRS3035RES1000mN2015000E3159000,7619964683,
5166,CRS3035RES1000mN2015000E3159000,7836562695,
5167,CRS3035RES1000mN2015000E3159000,8493729364,
5168,CRS3035RES1000mN2015000E3159000,8557885377,
5169,CRS3035RES1000mN2015000E3159000,8807212208,
5170,CRS3035RES1000mN2015000E3159000,8844229173,
5171,CRS3035RES1000mN2015000E3159000,8878422600,
5172,CRS3035RES1000mN2015000E3159000,9595709188,
5173,CRS3035RES1000mN2015000E3159000,9611387099,115.0
5174,CRS3035RES1000mN2015000E3159000,9712656915,
5175,CRS3035RES1000mN2015000E3159000,9713142744,
5176,CRS3035RES1000mN2015000E3159000,9815746657,
5177,CRS3035RES1000mN2015000E3159000,10004871512,
5178,CRS3035RES1000mN2015000E3159000,10281174134,
5179,CRS3035RES1000mN2015000E3159000,10580337411,
5180,CRS3035RES1000mN2015000E3159000,10899442604,111.0
5181,CRS3035RES1000mN2015000E3159000,10922657146,109.0
5182,CRS3035RES1000mN2015000E3159000,11127499928,
5183,CRS3035RES1000mN2015000E3159000,11143725881,
5184,CRS3035RES1000mN2015000E3159000,11243087140,
5185,CRS3035RES1000mN2015000E3159000,11269399969,
5186,CRS3035RES1000mN2015000E3159000,11287269362,
5187,CRS3035RES1000mN2015000E3159000,11287269363,
5188,CRS3035RES1000mN2015000E3159000,11369705764,
5189,CRS3035RES1000mN2015000E3159000,11387776374,
5190,CRS3035RES1000mN2015000E3159000,11461799040,
5191,CRS3035RES1000mN2015000E3159000,11462802981,
5192,CRS3035RES1000mN2015000E3159000,11652077658,
5193,CRS3035RES1000mN2015000E3159000,11691390164,
5194,CRS3035RES1000mN2015000E3159000,11739757462,82.0
5195,CRS3035RES1000mN2015000E3159000,12178446726,
5196,CRS3035RES1000mN2015000E3159000,12407425114,
5197,CRS3035RES1000mN2015000E3159000,12865480228,
5198,CRS3035RES1000mN2015000E3159000,2960630,
5199,CRS3035RES1000mN2015000E3159000,3554044,
5200,CRS3035RES1000mN2015000E3159000,3557906,83.0
5201,CRS3035RES1000mN2015000E3159000,5231361,
5202,CRS3035RES1000mN2015000E3159000,9314566,
5203,CRS3035RES1000mN2015000E3159000,13696257,
5204,CRS3035RES1000mN2015000E3159000,15996131,
5205,CRS3035RES1000mN2015000E3159000,23526191,
5206,CRS3035RES1000mN2015000E3159000,23545719,
5207,CRS3035RES1000mN2015000E3159000,30599279,109.0
5208,CRS3035RES1000mN2015000E3159000,30649229,
5209,CRS3035RES1000mN2015000E3159000,32198651,
5210,CRS3035RES1000mN2015000E3159000,34945111,98.0
5211,CRS3035RES1000mN2015000E3159000,50170625,
5212,CRS3035RES1000mN2015000E3159000,82887228,
5213,CRS3035RES1000mN2015000E3159000,92484952,
5214,CRS3035RES1000mN2015000E3159000,95794713,
5215,CRS3035RES1000mN2015000E3159000,96418670,115.0
5216,CRS3035RES1000mN2015000E3159000,98502686,
5217,CRS3035RES1000mN2015000E3159000,132613257,
5218,CRS3035RES1000mN2015000E3159000,135036040,
5219,CRS3035RES1000mN2015000E3159000,150772489,
5220,CRS3035RES1000mN2015000E3159000,154118456,
5221,CRS3035RES1000mN2015000E3159000,157375776,
5222,CRS3035RES1000mN2015000E3159000,158211204,
5223,CRS3035RES1000mN2015000E3159000,162072415,101.0
5224,CRS3035RES1000mN2015000E3159000,162117720,
5225,CRS3035RES1000mN2015000E3159000,170487273,
5226,CRS3035RES1000mN2015000E3159000,172686062,
5227,CRS3035RES1000mN2015000E3159000,174318235,115.0
5228,CRS3035RES1000mN2015000E3159000,174318237,107.0
5229,CRS3035RES1000mN2015000E3159000,205060159,
5230,CRS3035RES1000mN2015000E3159000,205757163,
5231,CRS3035RES1000mN2015000E3159000,221095520,
5232,CRS3035RES1000mN2015000E3159000,224503374,
5233,CRS3035RES1000mN2015000E3159000,227333462,
5234,CRS3035RES1000mN2015000E3159000,229117454,
5235,CRS3035RES1000mN2015000E3159000,261460389,
5236,CRS3035RES1000mN2015000E3159000,283450022,
5237,CRS3035RES1000mN2015000E3159000,288994040,106.0
5238,CRS3035RES1000mN2015000E3159000,296744564,
5239,CRS3035RES1000mN2015000E3159000,297526406,
5240,CRS3035RES1000mN2015000E3159000,300709861,
5241,CRS3035RES1000mN2015000E3159000,301444634,
5242,CRS3035RES1000mN2015000E3159000,302721609,103.0
5243,CRS3035RES1000mN2015000E3159000,308195630,
5244,CRS3035RES1000mN2015000E3159000,312777902,117.0
5245,CRS3035RES1000mN2015000E3159000,330154630,
5246,CRS3035RES1000mN2015000E3159000,340205456,
5247,CRS3035RES1000mN2015000E3159000,367883612,
5248,CRS3035RES1000mN2015000E3159000,368211943,
5249,CRS3035RES1000mN2015000E3159000,374180360,
5250,CRS3035RES1000mN2015000E3159000,375369499,
5251,CRS3035RES1000mN2015000E3159000,383494544,
5252,CRS3035RES1000mN2015000E3159000,384574591,82.0
5253,CRS3035RES1000mN2015000E3159000,403538322,
5254,CRS3035RES1000mN2015000E3159000,403859503,
5255,CRS3035RES1000mN2015000E3159000,437050442,113.0
5256,CRS3035RES1000mN2015000E3159000,459881697,
5257,CRS3035RES1000mN2015000E3159000,477278425,
5258,CRS3035RES1000mN2015000E3159000,486879235,
5259,CRS3035RES1000mN2015000E3159000,493748377,107.0
5260,CRS3035RES1000mN2015000E3159000,498234201,111.0
5261,CRS3035RES1000mN2015000E3159000,504315026,
5262,CRS3035RES1000mN2015000E3159000,548701490,
5263,CRS3035RES1000mN2015000E3159000,574210084,
5264,CRS3035RES1000mN2015000E3159000,576094143,111.0
5265,CRS3035RES1000mN2015000E3159000,584409067,
5266,CRS3035RES1000mN2015000E3159000,635512756,
5267,CRS3035RES1000mN2015000E3159000,638492224,
5268,CRS3035RES1000mN2015000E3159000,653913062,
5269,CRS3035RES1000mN2015000E3159000,659866770,
5270,CRS3035RES1000mN2015000E3159000,697717972,
5271,CRS3035RES1000mN2015000E3159000,717194862,
5272,CRS3035RES1000mN2015000E3159000,736899303,
5273,CRS3035RES1000mN2015000E3159000,738042217,89.0
5274,CRS3035RES1000mN2015000E3159000,839611983,
5275,CRS3035RES1000mN2015000E3159000,957893520,115.0
5276,CRS3035RES1000mN2015000E3159000,963308110,
5277,CRS3035RES1000mN2015000E3159000,1073283182,97.0
5278,CRS3035RES1000mN2015000E3159000,1252864015,
5279,CRS3035RES1000mN2015000E3159000,1283203658,
5280,CRS3035RES1000mN2015000E3160000,25526,
5281,CRS3035RES1000mN2015000E3160000,1774,
5282,CRS3035RES1000mN2015000E3160000,1770,
5283,CRS3035RES1000mN2015000E3160000,1773,
5284,CRS3035RES1000mN2015000E3160000,1771,
5285,CRS3035RES1000mN2015000E3160000,123303,
5286,CRS3035RES1000mN2015000E3160000,1764,
5287,CRS3035RES1000mN2015000E3160000,181101,
5288,CRS3035RES1000mN2015000E3160000,5765642,
5289,CRS3035RES1000mN2015000E3160000,86719,117.0
5290,CRS3035RES1000mN2015000E3160000,1800,
5291,CRS3035RES1000mN2015000E3160000,1757,
5292,CRS3035RES1000mN2015000E3160000,1755,
5293,CRS3035RES1000mN2015000E3160000,1882,
5294,CRS3035RES1000mN2015000E3160000,1745,
5295,CRS3035RES1000mN2015000E3160000,1794,
5296,CRS3035RES1000mN2015000E3160000,1762,
5297,CRS3035RES1000mN2015000E3160000,51188,
5298,CRS3035RES1000mN2015000E3160000,6893633,
5299,CRS3035RES1000mN2015000E3160000,167128,
5300,CRS3035RES1000mN2015000E3160000,1760,
5301,CRS3035RES1000mN2015000E3160000,12773298,116.0
5302,CRS3035RES1000mN2015000E3160000,1754,
5303,CRS3035RES1000mN2015000E3160000,1748,
5304,CRS3035RES1000mN2015000E3160000,79941,
5305,CRS3035RES1000mN2015000E3160000,1750,
5306,CRS3035RES1000mN2015000E3160000,5975465,
5307,CRS3035RES1000mN2015000E3160000,115056,
5308,CRS3035RES1000mN2015000E3160000,1790,
5309,CRS3035RES1000mN2015000E3160000,1756,
5310,CRS3035RES1000mN2015000E3160000,51849,
5311,CRS3035RES1000mN2015000E3160000,185595,
5312,CRS3035RES1000mN2015000E3160000,7697128,
5313,CRS3035RES1000mN2015000E3160000,10395362,
5314,CRS3035RES1000mN2015000E3160000,1759,
5315,CRS3035RES1000mN2015000E3160000,1752,
5316,CRS3035RES1000mN2015000E3160000,186714,
5317,CRS3035RES1000mN2015000E3160000,1753,
5318,CRS3035RES1000mN2015000E3160000,1792,
5319,CRS3035RES1000mN2015000E3160000,1763,
5320,CRS3035RES1000mN2015000E3160000,1746,
5321,CRS3035RES1000mN2015000E3160000,11572165,113.0
5322,CRS3035RES1000mN2015000E3160000,1761,
5323,CRS3035RES1000mN2015000E3160000,1747,
5324,CRS3035RES1000mN2015000E3160000,5768564,
5325,CRS3035RES1000mN2015000E3160000,1798,
5326,CRS3035RES1000mN2015000E3160000,66904,
5327,CRS3035RES1000mN2015000E3160000,1777,
5328,CRS3035RES1000mN2015000E3160000,1765,
5329,CRS3035RES1000mN2015000E3160000,49416,
5330,CRS3035RES1000mN2015000E3160000,12734939,
5331,CRS3035RES1000mN2015000E3160000,167386167,
5332,CRS3035RES1000mN2015000E3160000,295933804,
5333,CRS3035RES1000mN2015000E3160000,303340017,
5334,CRS3035RES1000mN2015000E3160000,315355551,
5335,CRS3035RES1000mN2015000E3160000,339084977,
5336,CRS3035RES1000mN2015000E3160000,412911553,
5337,CRS3035RES1000mN2015000E3160000,558126037,
5338,CRS3035RES1000mN2015000E3160000,711789768,
5339,CRS3035RES1000mN2015000E3160000,727666062,
5340,CRS3035RES1000mN2015000E3160000,848085869,
5341,CRS3035RES1000mN2015000E3160000,1056098898,
5342,CRS3035RES1000mN2015000E3160000,1255438242,
5343,CRS3035RES1000mN2015000E3160000,1469985039,
5344,CRS3035RES1000mN2015000E3160000,1504302537,
5345,CRS3035RES1000mN2015000E3160000,1511617504,
5346,CRS3035RES1000mN2015000E3160000,1541601287,
5347,CRS3035RES1000mN2015000E3160000,1544591296,
5348,CRS3035RES1000mN2015000E3160000,1598174183,
5349,CRS3035RES1000mN2015000E3160000,1629887846,
5350,CRS3035RES1000mN2015000E3160000,1686660176,
5351,CRS3035RES1000mN2015000E3160000,1716927336,103.0
5352,CRS3035RES1000mN2015000E3160000,1734554324,
5353,CRS3035RES1000mN2015000E3160000,1849109335,
5354,CRS3035RES1000mN2015000E3160000,2028408680,
5355,CRS3035RES1000mN2015000E3160000,2036887702,
5356,CRS3035RES1000mN2015000E3160000,2061404218,
5357,CRS3035RES1000mN2015000E3160000,2134238030,
5358,CRS3035RES1000mN2015000E3160000,2261600754,
5359,CRS3035RES1000mN2015000E3160000,2301402027,
5360,CRS3035RES1000mN2015000E3160000,2303966810,
5361,CRS3035RES1000mN2015000E3160000,2312029862,
5362,CRS3035RES1000mN2015000E3160000,2408860250,
5363,CRS3035RES1000mN2015000E3160000,2620185829,
5364,CRS3035RES1000mN2015000E3160000,2622508931,
5365,CRS3035RES1000mN2015000E3160000,2672130951,
5366,CRS3035RES1000mN2015000E3160000,2710518818,
5367,CRS3035RES1000mN2015000E3160000,3034026261,
5368,CRS3035RES1000mN2015000E3160000,3179889751,
5369,CRS3035RES1000mN2015000E3160000,3206611978,
5370,CRS3035RES1000mN2015000E3160000,3272828439,
5371,CRS3035RES1000mN2015000E3160000,3452364276,
5372,CRS3035RES1000mN2015000E3160000,3452364277,
5373,CRS3035RES1000mN2015000E3160000,3495733197,
5374,CRS3035RES1000mN2015000E3160000,3497154853,
5375,CRS3035RES1000mN2015000E3160000,3517755445,
5376,CRS3035RES1000mN2015000E3160000,3522125657,
5377,CRS3035RES1000mN2015000E3160000,3526751794,
5378,CRS3035RES1000mN2015000E3160000,3839306060,
5379,CRS3035RES1000mN2015000E3160000,4214697664,
5380,CRS3035RES1000mN2015000E3160000,4338252586,
5381,CRS3035RES1000mN2015000E3160000,4401271633,
5382,CRS3035RES1000mN2015000E3160000,4515476768,
5383,CRS3035RES1000mN2015000E3160000,4569910891,
5384,CRS3035RES1000mN2015000E3160000,4703730491,
5385,CRS3035RES1000mN2015000E3160000,4707870392,
5386,CRS3035RES1000mN2015000E3160000,4789037769,119.0
5387,CRS3035RES1000mN2015000E3160000,4794233143,
5388,CRS3035RES1000mN2015000E3160000,4870405674,
5389,CRS3035RES1000mN2015000E3160000,5139379922,
5390,CRS3035RES1000mN2015000E3160000,5160337425,
5391,CRS3035RES1000mN2015000E3160000,5196199575,
5392,CRS3035RES1000mN2015000E3160000,5341570554,
5393,CRS3035RES1000mN2015000E3160000,5345949864,
5394,CRS3035RES1000mN2015000E3160000,5448507385,
5395,CRS3035RES1000mN2015000E3160000,5604693894,
5396,CRS3035RES1000mN2015000E3160000,5670401989,
5397,CRS3035RES1000mN2015000E3160000,5942671299,
5398,CRS3035RES1000mN2015000E3160000,5943980960,
5399,CRS3035RES1000mN2015000E3160000,6185791451,
5400,CRS3035RES1000mN2015000E3160000,6188948286,
5401,CRS3035RES1000mN2015000E3160000,6555800191,
5402,CRS3035RES1000mN2015000E3160000,6885254479,
5403,CRS3035RES1000mN2015000E3160000,7222611268,
5404,CRS3035RES1000mN2015000E3160000,7408961006,
5405,CRS3035RES1000mN2015000E3160000,7619964683,
5406,CRS3035RES1000mN2015000E3160000,7836562695,
5407,CRS3035RES1000mN2015000E3160000,8493729364,
5408,CRS3035RES1000mN2015000E3160000,8557885377,
5409,CRS3035RES1000mN2015000E3160000,8807212208,
5410,CRS3035RES1000mN2015000E3160000,8844229173,
5411,CRS3035RES1000mN2015000E3160000,8878422600,
5412,CRS3035RES1000mN2015000E3160000,9595709188,
5413,CRS3035RES1000mN2015000E3160000,9611387099,
5414,CRS3035RES1000mN2015000E3160000,9712656915,
5415,CRS3035RES1000mN2015000E3160000,9713142744,
5416,CRS3035RES1000mN2015000E3160000,9815746657,
5417,CRS3035RES1000mN2015000E3160000,10004871512,
5418,CRS3035RES1000mN2015000E3160000,10281174134,
5419,CRS3035RES1000mN2015000E3160000,10580337411,
5420,CRS3035RES1000mN2015000E3160000,10899442604,
5421,CRS3035RES1000mN2015000E3160000,10922657146,
5422,CRS3035RES1000mN2015000E3160000,11127499928,
5423,CRS3035RES1000mN2015000E3160000,11143725881,
5424,CRS3035RES1000mN2015000E3160000,11243087140,
5425,CRS3035RES1000mN2015000E3160000,11269399969,
5426,CRS3035RES1000mN2015000E3160000,11287269362,
5427,CRS3035RES1000mN2015000E3160000,11287269363,
5428,CRS3035RES1000mN2015000E3160000,11369705764,
5429,CRS3035RES1000mN2015000E3160000,11387776374,
5430,CRS3035RES1000mN2015000E3160000,11461799040,
5431,CRS3035RES1000mN2015000E3160000,11462802981,
5432,CRS3035RES1000mN2015000E3160000,11652077658,
5433,CRS3035RES1000mN2015000E3160000,11691390164,
5434,CRS3035RES1000mN2015000E3160000,11739757462,104.0
5435,CRS3035RES1000mN2015000E3160000,12178446726,
5436,CRS3035RES1000mN2015000E3160000,12407425114,
5437,CRS3035RES1000mN2015000E3160000,12865480228,
5438,CRS3035RES1000mN2015000E3160000,2960630,
5439,CRS3035RES1000mN2015000E3160000,3554044,
5440,CRS3035RES1000mN2015000E3160000,3557906,101.0
5441,CRS3035RES1000mN2015000E3160000,5231361,
5442,CRS3035RES1000mN2015000E3160000,9314566,
5443,CRS3035RES1000mN2015000E3160000,13696257,
5444,CRS3035RES1000mN2015000E3160000,15996131,
5445,CRS3035RES1000mN2015000E3160000,23526191,
5446,CRS3035RES1000mN2015000E3160000,23545719,
5447,CRS3035RES1000mN2015000E3160000,30599279,
5448,CRS3035RES1000mN2015000E3160000,30649229,
5449,CRS3035RES1000mN2015000E3160000,32198651,
5450,CRS3035RES1000mN2015000E3160000,34945111,105.0
5451,CRS3035RES1000mN2015000E3160000,50170625,
5452,CRS3035RES1000mN2015000E3160000,82887228,
5453,CRS3035RES1000mN2015000E3160000,92484952,
5454,CRS3035RES1000mN2015000E3160000,95794713,
5455,CRS3035RES1000mN2015000E3160000,96418670,
5456,CRS3035RES1000mN2015000E3160000,98502686,
5457,CRS3035RES1000mN2015000E3160000,132613257,
5458,CRS3035RES1000mN2015000E3160000,135036040,
5459,CRS3035RES1000mN2015000E3160000,150772489,
5460,CRS3035RES1000mN2015000E3160000,154118456,
5461,CRS3035RES1000mN2015000E3160000,157375776,
5462,CRS3035RES1000mN2015000E3160000,158211204,
5463,CRS3035RES1000mN2015000E3160000,162072415,112.0
5464,CRS3035RES1000mN2015000E3160000,162117720,
5465,CRS3035RES1000mN2015000E3160000,170487273,
5466,CRS3035RES1000mN2015000E3160000,172686062,
5467,CRS3035RES1000mN2015000E3160000,174318235,
5468,CRS3035RES1000mN2015000E3160000,174318237,119.0
5469,CRS3035RES1000mN2015000E3160000,205060159,
5470,CRS3035RES1000mN2015000E3160000,205757163,
5471,CRS3035RES1000mN2015000E3160000,221095520,
5472,CRS3035RES1000mN2015000E3160000,224503374,
5473,CRS3035RES1000mN2015000E3160000,227333462,
5474,CRS3035RES1000mN2015000E3160000,229117454,
5475,CRS3035RES1000mN2015000E3160000,261460389,
5476,CRS3035RES1000mN2015000E3160000,283450022,
5477,CRS3035RES1000mN2015000E3160000,288994040,
5478,CRS3035RES1000mN2015000E3160000,296744564,
5479,CRS3035RES1000mN2015000E3160000,297526406,
5480,CRS3035RES1000mN2015000E3160000,300709861,
5481,CRS3035RES1000mN2015000E3160000,301444634,
5482,CRS3035RES1000mN2015000E3160000,302721609,109.0
5483,CRS3035RES1000mN2015000E3160000,308195630,
5484,CRS3035RES1000mN2015000E3160000,312777902,
5485,CRS3035RES1000mN2015000E3160000,330154630,
5486,CRS3035RES1000mN2015000E3160000,340205456,
5487,CRS3035RES1000mN2015000E3160000,367883612,
5488,CRS3035RES1000mN2015000E3160000,368211943,
5489,CRS3035RES1000mN2015000E3160000,374180360,
5490,CRS3035RES1000mN2015000E3160000,375369499,
5491,CRS3035RES1000mN2015000E3160000,383494544,
5492,CRS3035RES1000mN2015000E3160000,384574591,98.0
5493,CRS3035RES1000mN2015000E3160000,403538322,
5494,CRS3035RES1000mN2015000E3160000,403859503,
5495,CRS3035RES1000mN2015000E3160000,437050442,
5496,CRS3035RES1000mN2015000E3160000,459881697,
5497,CRS3035RES1000mN2015000E3160000,477278425,
5498,CRS3035RES1000mN2015000E3160000,486879235,
5499,CRS3035RES1000mN2015000E3160000,493748377,
5500,CRS3035RES1000mN2015000E3160000,498234201,
5501,CRS3035RES1000mN2015000E3160000,504315026,
5502,CRS3035RES1000mN2015000E3160000,548701490,
5503,CRS3035RES1000mN2015000E3160000,574210084,
5504,CRS3035RES1000mN2015000E3160000,576094143,118.0
5505,CRS3035RES1000mN2015000E3160000,584409067,
5506,CRS3035RES1000mN2015000E3160000,635512756,
5507,CRS3035RES1000mN2015000E3160000,638492224,
5508,CRS3035RES1000mN2015000E3160000,653913062,
5509,CRS3035RES1000mN2015000E3160000,659866770,
5510,CRS3035RES1000mN2015000E3160000,697717972,
5511,CRS3035RES1000mN2015000E3160000,717194862,
5512,CRS3035RES1000mN2015000E3160000,736899303,
5513,CRS3035RES1000mN2015000E3160000,738042217,106.0
5514,CRS3035RES1000mN2015000E3160000,839611983,
5515,CRS3035RES1000mN2015000E3160000,957893520,
5516,CRS3035RES1000mN2015000E3160000,963308110,
5517,CRS3035RES1000mN2015000E3160000,1073283182,106.0
5518,CRS3035RES1000mN2015000E3160000,1252864015,
5519,CRS3035RES1000mN2015000E3160000,1283203658,
5520,CRS3035RES1000mN2015000E3161000,25526,
5521,CRS3035RES1000mN2015000E3161000,1774,
5522,CRS3035RES1000mN2015000E3161000,1770,
5523,CRS3035RES1000mN2015000E3161000,1773,
5524,CRS3035RES1000mN2015000E3161000,1771,
5525,CRS3035RES1000mN2015000E3161000,123303,
5526,CRS3035RES1000mN2015000E3161000,1764,
5527,CRS3035RES1000mN2015000E3161000,181101,
5528,CRS3035RES1000mN2015000E3161000,5765642,
5529,CRS3035RES1000mN2015000E3161000,86719,
5530,CRS3035RES1000mN2015000E3161000,1800,
5531,CRS3035RES1000mN2015000E3161000,1757,
5532,CRS3035RES1000mN2015000E3161000,1755,
5533,CRS3035RES1000mN2015000E3161000,1882,
5534,CRS3035RES1000mN2015000E3161000,1745,
5535,CRS3035RES1000mN2015000E3161000,1794,
5536,CRS3035RES1000mN2015000E3161000,1762,
5537,CRS3035RES1000mN2015000E3161000,51188,
5538,CRS3035RES1000mN2015000E3161000,6893633,
5539,CRS3035RES1000mN2015000E3161000,167128,
5540,CRS3035RES1000mN2015000E3161000,1760,
5541,CRS3035RES1000mN2015000E3161000,12773298,
5542,CRS3035RES1000mN2015000E3161000,1754,
5543,CRS3035RES1000mN2015000E3161000,1748,
5544,CRS3035RES1000mN2015000E3161000,79941,
5545,CRS3035RES1000mN2015000E3161000,1750,
5546,CRS3035RES1000mN2015000E3161000,5975465,
5547,CRS3035RES1000mN2015000E3161000,115056,
5548,CRS3035RES1000mN2015000E3161000,1790,
5549,CRS3035RES1000mN2015000E3161000,1756,
5550,CRS3035RES1000mN2015000E3161000,51849,
5551,CRS3035RES1000mN2015000E3161000,185595,
5552,CRS3035RES1000mN2015000E3161000,7697128,
5553,CRS3035RES1000mN2015000E3161000,10395362,
5554,CRS3035RES1000mN2015000E3161000,1759,
5555,CRS3035RES1000mN2015000E3161000,1752,
5556,CRS3035RES1000mN2015000E3161000,186714,
5557,CRS3035RES1000mN2015000E3161000,1753,
5558,CRS3035RES1000mN2015000E3161000,1792,
5559,CRS3035RES1000mN2015000E3161000,1763,
5560,CRS3035RES1000mN2015000E3161000,1746,
5561,CRS3035RES1000mN2015000E3161000,11572165,119.0
5562,CRS3035RES1000mN2015000E3161000,1761,
5563,CRS3035RES1000mN2015000E3161000,1747,
5564,CRS3035RES1000mN2015000E3161000,5768564,
5565,CRS3035RES1000mN2015000E3161000,1798,
5566,CRS3035RES1000mN2015000E3161000,66904,
5567,CRS3035RES1000mN2015000E3161000,1777,
5568,CRS3035RES1000mN2015000E3161000,1765,
5569,CRS3035RES1000mN2015000E3161000,49416,
5570,CRS3035RES1000mN2015000E3161000,12734939,
5571,CRS3035RES1000mN2015000E3161000,167386167,
5572,CRS3035RES1000mN2015000E3161000,295933804,
5573,CRS3035RES1000mN2015000E3161000,303340017,
5574,CRS3035RES1000mN2015000E3161000,315355551,
5575,CRS3035RES1000mN2015000E3161000,339084977,
5576,CRS3035RES1000mN2015000E3161000,412911553,
5577,CRS3035RES1000mN2015000E3161000,558126037,
5578,CRS3035RES1000mN2015000E3161000,711789768,
5579,CRS3035RES1000mN2015000E3161000,727666062,
5580,CRS3035RES1000mN2015000E3161000,848085869,
5581,CRS3035RES1000mN2015000E3161000,1056098898,
5582,CRS3035RES1000mN2015000E3161000,1255438242,
5583,CRS3035RES1000mN2015000E3161000,1469985039,
5584,CRS3035RES1000mN2015000E3161000,1504302537,
5585,CRS3035RES1000mN2015000E3161000,1511617504,
5586,CRS3035RES1000mN2015000E3161000,1541601287,
5587,CRS3035RES1000mN2015000E3161000,1544591296,
5588,CRS3035RES1000mN2015000E3161000,1598174183,
5589,CRS3035RES1000mN2015000E3161000,1629887846,
5590,CRS3035RES1000mN2015000E3161000,1686660176,
5591,CRS3035RES1000mN2015000E3161000,1716927336,
5592,CRS3035RES1000mN2015000E3161000,1734554324,
5593,CRS3035RES1000mN2015000E3161000,1849109335,
5594,CRS3035RES1000mN2015000E3161000,2028408680,
5595,CRS3035RES1000mN2015000E3161000,2036887702,
5596,CRS3035RES1000mN2015000E3161000,2061404218,
5597,CRS3035RES1000mN2015000E3161000,2134238030,
5598,CRS3035RES1000mN2015000E3161000,2261600754,
5599,CRS3035RES1000mN2015000E3161000,2301402027,
5600,CRS3035RES1000mN2015000E3161000,2303966810,
5601,CRS3035RES1000mN2015000E3161000,2312029862,
5602,CRS3035RES1000mN2015000E3161000,2408860250,
5603,CRS3035RES1000mN2015000E3161000,2620185829,
5604,CRS3035RES1000mN2015000E3161000,2622508931,
5605,CRS3035RES1000mN2015000E3161000,2672130951,
5606,CRS3035RES1000mN2015000E3161000,2710518818,
5607,CRS3035RES1000mN2015000E3161000,3034026261,
5608,CRS3035RES1000mN2015000E3161000,3179889751,
5609,CRS3035RES1000mN2015000E3161000,3206611978,
5610,CRS3035RES1000mN2015000E3161000,3272828439,
5611,CRS3035RES1000mN2015000E3161000,3452364276,
5612,CRS3035RES1000mN2015000E3161000,3452364277,
5613,CRS3035RES1000mN2015000E3161000,3495733197,
5614,CRS3035RES1000mN2015000E3161000,3497154853,
5615,CRS3035RES1000mN2015000E3161000,3517755445,
5616,CRS3035RES1000mN2015000E3161000,3522125657,
5617,CRS3035RES1000mN2015000E3161000,3526751794,
5618,CRS3035RES1000mN2015000E3161000,3839306060,
5619,CRS3035RES1000mN2015000E3161000,4214697664,
5620,CRS3035RES1000mN2015000E3161000,4338252586,
5621,CRS3035RES1000mN2015000E3161000,4401271633,
5622,CRS3035RES1000mN2015000E3161000,4515476768,
5623,CRS3035RES1000mN2015000E3161000,4569910891,
5624,CRS3035RES1000mN2015000E3161000,4703730491,
5625,CRS3035RES1000mN2015000E3161000,4707870392,
5626,CRS3035RES1000mN2015000E3161000,4789037769,
5627,CRS3035RES1000mN2015000E3161000,4794233143,
5628,CRS3035RES1000mN2015000E3161000,4870405674,
5629,CRS3035RES1000mN2015000E3161000,5139379922,
5630,CRS3035RES1000mN2015000E3161000,5160337425,
5631,CRS3035RES1000mN2015000E3161000,5196199575,
5632,CRS3035RES1000mN2015000E3161000,5341570554,
5633,CRS3035RES1000mN2015000E3161000,5345949864,
5634,CRS3035RES1000mN2015000E3161000,5448507385,
5635,CRS3035RES1000mN2015000E3161000,5604693894,
5636,CRS3035RES1000mN2015000E3161000,5670401989,
5637,CRS3035RES1000mN2015000E3161000,5942671299,
5638,CRS3035RES1000mN2015000E3161000,5943980960,
5639,CRS3035RES1000mN2015000E3161000,6185791451,
5640,CRS3035RES1000mN2015000E3161000,6188948286,
5641,CRS3035RES1000mN2015000E3161000,6555800191,
5642,CRS3035RES1000mN2015000E3161000,6885254479,
5643,CRS3035RES1000mN2015000E3161000,7222611268,
5644,CRS3035RES1000mN2015000E3161000,7408961006,
5645,CRS3035RES1000mN2015000E3161000,7619964683,
5646,CRS3035RES1000mN2015000E3161000,7836562695,
5647,CRS3035RES1000mN2015000E3161000,8493729364,
5648,CRS3035RES1000mN2015000E3161000,8557885377,
5649,CRS3035RES1000mN2015000E3161000,8807212208,
5650,CRS3035RES1000mN2015000E3161000,8844229173,
5651,CRS3035RES1000mN2015000E3161000,8878422600,
5652,CRS3035RES1000mN2015000E3161000,9595709188,
5653,CRS3035RES1000mN2015000E3161000,9611387099,
5654,CRS3035RES1000mN2015000E3161000,9712656915,
5655,CRS3035RES1000mN2015000E3161000,9713142744,
5656,CRS3035RES1000mN2015000E3161000,9815746657,
5657,CRS3035RES1000mN2015000E3161000,10004871512,
5658,CRS3035RES1000mN2015000E3161000,10281174134,
5659,CRS3035RES1000mN2015000E3161000,10580337411,
5660,CRS3035RES1000mN2015000E3161000,10899442604,
5661,CRS3035RES1000mN2015000E3161000,10922657146,
5662,CRS3035RES1000mN2015000E3161000,11127499928,
5663,CRS3035RES1000mN2015000E3161000,11143725881,
5664,CRS3035RES1000mN2015000E3161000,11243087140,
5665,CRS3035RES1000mN2015000E3161000,11269399969,
5666,CRS3035RES1000mN2015000E3161000,11287269362,
5667,CRS3035RES1000mN2015000E3161000,11287269363,
5668,CRS3035RES1000mN2015000E3161000,11369705764,
5669,CRS3035RES1000mN2015000E3161000,11387776374,
5670,CRS3035RES1000mN2015000E3161000,11461799040,
5671,CRS3035RES1000mN2015000E3161000,11462802981,
5672,CRS3035RES1000mN2015000E3161000,11652077658,
5673,CRS3035RES1000mN2015000E3161000,11691390164,
5674,CRS3035RES1000mN2015000E3161000,11739757462,
5675,CRS3035RES1000mN2015000E3161000,12178446726,
5676,CRS3035RES1000mN2015000E3161000,12407425114,
5677,CRS3035RES1000mN2015000E3161000,12865480228,
5678,CRS3035RES1000mN2015000E3161000,2960630,
5679,CRS3035RES1000mN2015000E3161000,3554044,
5680,CRS3035RES1000mN2015000E3161000,3557906,
5681,CRS3035RES1000mN2015000E3161000,5231361,
5682,CRS3035RES1000mN2015000E3161000,9314566,
5683,CRS3035RES1000mN2015000E3161000,13696257,
5684,CRS3035RES1000mN2015000E3161000,15996131,
5685,CRS3035RES1000mN2015000E3161000,23526191,
5686,CRS3035RES1000mN2015000E3161000,23545719,
5687,CRS3035RES1000mN2015000E3161000,30599279,
5688,CRS3035RES1000mN2015000E3161000,30649229,
5689,CRS3035RES1000mN2015000E3161000,32198651,
5690,CRS3035RES1000mN2015000E3161000,34945111,
5691,CRS3035RES1000mN2015000E3161000,50170625,
5692,CRS3035RES1000mN2015000E3161000,82887228,
5693,CRS3035RES1000mN2015000E3161000,92484952,
5694,CRS3035RES1000mN2015000E3161000,95794713,
5695,CRS3035RES1000mN2015000E3161000,96418670,
5696,CRS3035RES1000mN2015000E3161000,98502686,
5697,CRS3035RES1000mN2015000E3161000,132613257,
5698,CRS3035RES1000mN2015000E3161000,135036040,
5699,CRS3035RES1000mN2015000E3161000,150772489,
5700,CRS3035RES1000mN2015000E3161000,154118456,
5701,CRS3035RES1000mN2015000E3161000,157375776,
5702,CRS3035RES1000mN2015000E3161000,158211204,
5703,CRS3035RES1000mN2015000E3161000,162072415,
5704,CRS3035RES1000mN2015000E3161000,162117720,
5705,CRS3035RES1000mN2015000E3161000,170487273,
5706,CRS3035RES1000mN2015000E3161000,172686062,
5707,CRS3035RES1000mN2015000E3161000,174318235,
5708,CRS3035RES1000mN2015000E3161000,174318237,
5709,CRS3035RES1000mN2015000E3161000,205060159,
5710,CRS3035RES1000mN2015000E3161000,205757163,
5711,CRS3035RES1000mN2015000E3161000,221095520,
5712,CRS3035RES1000mN2015000E3161000,224503374,
5713,CRS3035RES1000mN2015000E3161000,227333462,
5714,CRS3035RES1000mN2015000E3161000,229117454,
5715,CRS3035RES1000mN2015000E3161000,261460389,
5716,CRS3035RES1000mN2015000E3161000,283450022,
5717,CRS3035RES1000mN2015000E3161000,288994040,
5718,CRS3035RES1000mN2015000E3161000,296744564,
5719,CRS3035RES1000mN2015000E3161000,297526406,
5720,CRS3035RES1000mN2015000E3161000,300709861,
5721,CRS3035RES1000mN2015000E3161000,301444634,
5722,CRS3035RES1000mN2015000E3161000,302721609,
5723,CRS3035RES1000mN2015000E3161000,308195630,
5724,CRS3035RES1000mN2015000E3161000,312777902,
5725,CRS3035RES1000mN2015000E3161000,330154630,
5726,CRS3035RES1000mN2015000E3161000,340205456,
5727,CRS3035RES1000mN2015000E3161000,367883612,
5728,CRS3035RES1000mN2015000E3161000,368211943,
5729,CRS3035RES1000mN2015000E3161000,374180360,
5730,CRS3035RES1000mN2015000E3161000,375369499,
5731,CRS3035RES1000mN2015000E3161000,383494544,
5732,CRS3035RES1000mN2015000E3161000,384574591,
5733,CRS3035RES1000mN2015000E3161000,403538322,
5734,CRS3035RES1000mN2015000E3161000,403859503,
5735,CRS3035RES1000mN2015000E3161000,437050442,
5736,CRS3035RES1000mN2015000E3161000,459881697,
5737,CRS3035RES1000mN2015000E3161000,477278425,
5738,CRS3035RES1000mN2015000E3161000,486879235,
5739,CRS3035RES1000mN2015000E3161000,493748377,
5740,CRS3035RES1000mN2015000E3161000,498234201,
5741,CRS3035RES1000mN2015000E3161000,504315026,
5742,CRS3035RES1000mN2015000E3161000,548701490,
5743,CRS3035RES1000mN2015000E3161000,574210084,
5744,CRS3035RES1000mN2015000E3161000,576094143,
5745,CRS3035RES1000mN2015000E3161000,584409067,
5746,CRS3035RES1000mN2015000E3161000,635512756,
5747,CRS3035RES1000mN2015000E3161000,638492224,
5748,CRS3035RES1000mN2015000E3161000,653913062,
5749,CRS3035RES1000mN2015000E3161000,659866770,
5750,CRS3035RES1000mN2015000E3161000,697717972,
5751,CRS3035RES1000mN2015000E3161000,717194862,
5752,CRS3035RES1000mN2015000E3161000,736899303,
5753,CRS3035RES1000mN2015000E3161000,738042217,
5754,CRS3035RES1000mN2015000E3161000,839611983,
5755,CRS3035RES1000mN2015000E3161000,957893520,
5756,CRS3035RES1000mN2015000E3161000,963308110,
5757,CRS3035RES1000mN2015000E3161000,1073283182,
5758,CRS3035RES1000mN2015000E3161000,1252864015,
5759,CRS3035RES1000mN2015000E3161000,1283203658,
5760,CRS3035RES1000mN2015000E3162000,25526,
5761,CRS3035RES1000mN2015000E3162000,1774,
5762,CRS3035RES1000mN2015000E3162000,1770,
5763,CRS3035RES1000mN2015000E3162000,1773,
5764,CRS3035RES1000mN2015000E3162000,1771,
5765,CRS3035RES1000mN2015000E3162000,123303,
5766,CRS3035RES1000mN2015000E3162000,1764,
5767,CRS3035RES1000mN2015000E3162000,181101,
5768,CRS3035RES1000mN2015000E3162000,5765642,
5769,CRS3035RES1000mN2015000E3162000,86719,
5770,CRS3035RES1000mN2015000E3162000,1800,
5771,CRS3035RES1000mN2015000E3162000,1757,
5772,CRS3035RES1000mN2015000E3162000,1755,
5773,CRS3035RES1000mN2015000E3162000,1882,
5774,CRS3035RES1000mN2015000E3162000,1745,
5775,CRS3035RES1000mN2015000E3162000,1794,
5776,CRS3035RES1000mN2015000E3162000,1762,
5777,CRS3035RES1000mN2015000E3162000,51188,
5778,CRS3035RES1000mN2015000E3162000,6893633,
5779,CRS3035RES1000mN2015000E3162000,167128,
5780,CRS3035RES1000mN2015000E3162000,1760,
5781,CRS3035RES1000mN2015000E3162000,12773298,111.0
5782,CRS3035RES1000mN2015000E3162000,1754,
5783,CRS3035RES1000mN2015000E3162000,1748,
5784,CRS3035RES1000mN2015000E3162000,79941,
5785,CRS3035RES1000mN2015000E3162000,1750,
5786,CRS3035RES1000mN2015000E3162000,5975465,
5787,CRS3035RES1000mN2015000E3162000,115056,
5788,CRS3035RES1000mN2015000E3162000,1790,
5789,CRS3035RES1000mN2015000E3162000,1756,
5790,CRS3035RES1000mN2015000E3162000,51849,
5791,CRS3035RES1000mN2015000E3162000,185595,
5792,CRS3035RES1000mN2015000E3162000,7697128,
5793,CRS3035RES1000mN2015000E3162000,10395362,
5794,CRS3035RES1000mN2015000E3162000,1759,
5795,CRS3035RES1000mN2015000E3162000,1752,
5796,CRS3035RES1000mN2015000E3162000,186714,
5797,CRS3035RES1000mN2015000E3162000,1753,
5798,CRS3035RES1000mN2015000E3162000,1792,
5799,CRS3035RES1000mN2015000E3162000,1763,
5800,CRS3035RES1000mN2015000E3162000,1746,
5801,CRS3035RES1000mN2015000E3162000,11572165,
5802,CRS3035RES1000mN2015000E3162000,1761,
5803,CRS3035RES1000mN2015000E3162000,1747,
5804,CRS3035RES1000mN2015000E3162000,5768564,
5805,CRS3035RES1000mN2015000E3162000,1798,
5806,CRS3035RES1000mN2015000E3162000,66904,
5807,CRS3035RES1000mN2015000E3162000,1777,
5808,CRS3035RES1000mN2015000E3162000,1765,
5809,CRS3035RES1000mN2015000E3162000,49416,
5810,CRS3035RES1000mN2015000E3162000,12734939,
5811,CRS3035RES1000mN2015000E3162000,167386167,
5812,CRS3035RES1000mN2015000E3162000,295933804,
5813,CRS3035RES1000mN2015000E3162000,303340017,
5814,CRS3035RES1000mN2015000E3162000,315355551,
5815,CRS3035RES1000mN2015000E3162000,339084977,
5816,CRS3035RES1000mN2015000E3162000,412911553,
5817,CRS3035RES1000mN2015000E3162000,558126037,
5818,CRS3035RES1000mN2015000E3162000,711789768,
5819,CRS3035RES1000mN2015000E3162000,727666062,
5820,CRS3035RES1000mN2015000E3162000,848085869,
5821,CRS3035RES1000mN2015000E3162000,1056098898,
5822,CRS3035RES1000mN2015000E3162000,1255438242,
5823,CRS3035RES1000mN2015000E3162000,1469985039,
5824,CRS3035RES1000mN2015000E3162000,1504302537,
5825,CRS3035RES1000mN2015000E3162000,1511617504,
5826,CRS3035RES1000mN2015000E3162000,1541601287,
5827,CRS3035RES1000mN2015000E3162000,1544591296,
5828,CRS3035RES1000mN2015000E3162000,1598174183,
5829,CRS3035RES1000mN2015000E3162000,1629887846,
5830,CRS3035RES1000mN2015000E3162000,1686660176,
5831,CRS3035RES1000mN2015000E3162000,1716927336,
5832,CRS3035RES1000mN2015000E3162000,1734554324,
5833,CRS3035RES1000mN2015000E3162000,1849109335,
5834,CRS3035RES1000mN2015000E3162000,2028408680,
5835,CRS3035RES1000mN2015000E3162000,2036887702,
5836,CRS3035RES1000mN2015000E3162000,2061404218,
5837,CRS3035RES1000mN2015000E3162000,2134238030,
5838,CRS3035RES1000mN2015000E3162000,2261600754,
5839,CRS3035RES1000mN2015000E3162000,2301402027,
5840,CRS3035RES1000mN2015000E3162000,2303966810,
5841,CRS3035RES1000mN2015000E3162000,2312029862,
5842,CRS3035RES1000mN2015000E3162000,2408860250,
5843,CRS3035RES1000mN2015000E3162000,2620185829,
5844,CRS3035RES1000mN2015000E3162000,2622508931,
5845,CRS3035RES1000mN2015000E3162000,2672130951,
5846,CRS3035RES1000mN2015000E3162000,2710518818,
5847,CRS3035RES1000mN2015000E3162000,3034026261,
5848,CRS3035RES1000mN2015000E3162000,3179889751,
5849,CRS3035RES1000mN2015000E3162000,3206611978,
5850,CRS3035RES1000mN2015000E3162000,3272828439,
5851,CRS3035RES1000mN2015000E3162000,3452364276,
5852,CRS3035RES1000mN2015000E3162000,3452364277,
5853,CRS3035RES1000mN2015000E3162000,3495733197,
5854,CRS3035RES1000mN2015000E3162000,3497154853,
5855,CRS3035RES1000mN2015000E3162000,3517755445,
5856,CRS3035RES1000mN2015000E3162000,3522125657,
5857,CRS3035RES1000mN2015000E3162000,3526751794,
5858,CRS3035RES1000mN2015000E3162000,3839306060,
5859,CRS3035RES1000mN2015000E3162000,4214697664,
5860,CRS3035RES1000mN2015000E3162000,4338252586,
5861,CRS3035RES1000mN2015000E3162000,4401271633,
5862,CRS3035RES1000mN2015000E3162000,4515476768,
5863,CRS3035RES1000mN2015000E3162000,4569910891,
5864,CRS3035RES1000mN2015000E3162000,4703730491,
5865,CRS3035RES1000mN2015000E3162000,4707870392,
5866,CRS3035RES1000mN2015000E3162000,4789037769,
5867,CRS3035RES1000mN2015000E3162000,4794233143,
5868,CRS3035RES1000mN2015000E3162000,4870405674,
5869,CRS3035RES1000mN2015000E3162000,5139379922,
5870,CRS3035RES1000mN2015000E3162000,5160337425,
5871,CRS3035RES1000mN2015000E3162000,5196199575,
5872,CRS3035RES1000mN2015000E3162000,5341570554,
5873,CRS3035RES1000mN2015000E3162000,5345949864,
5874,CRS3035RES1000mN2015000E3162000,5448507385,
5875,CRS3035RES1000mN2015000E3162000,5604693894,
5876,CRS3035RES1000mN2015000E3162000,5670401989,
5877,CRS3035RES1000mN2015000E3162000,5942671299,
5878,CRS3035RES1000mN2015000E3162000,5943980960,
5879,CRS3035RES1000mN2015000E3162000,6185791451,
5880,CRS3035RES1000mN2015000E3162000,6188948286,
5881,CRS3035RES1000mN2015000E3162000,6555800191,
5882,CRS3035RES1000mN2015000E3162000,6885254479,
5883,CRS3035RES1000mN2015000E3162000,7222611268,
5884,CRS3035RES1000mN2015000E3162000,7408961006,
5885,CRS3035RES1000mN2015000E3162000,7619964683,
5886,CRS3035RES1000mN2015000E3162000,7836562695,
5887,CRS3035RES1000mN2015000E3162000,8493729364,
5888,CRS3035RES1000mN2015000E3162000,8557885377,
5889,CRS3035RES1000mN2015000E3162000,8807212208,
5890,CRS3035RES1000mN2015000E3162000,8844229173,
5891,CRS3035RES1000mN2015000E3162000,8878422600,
5892,CRS3035RES1000mN2015000E3162000,9595709188,
5893,CRS3035RES1000mN2015000E3162000,9611387099,
5894,CRS3035RES1000mN2015000E3162000,9712656915,
5895,CRS3035RES1000mN2015000E3162000,9713142744,
5896,CRS3035RES1000mN2015000E3162000,9815746657,
5897,CRS3035RES1000mN2015000E3162000,10004871512,
5898,CRS3035RES1000mN2015000E3162000,10281174134,
5899,CRS3035RES1000mN2015000E3162000,10580337411,
5900,CRS3035RES1000mN2015000E3162000,10899442604,
5901,CRS3035RES1000mN2015000E3162000,10922657146,
5902,CRS3035RES1000mN2015000E3162000,11127499928,
5903,CRS3035RES1000mN2015000E3162000,11143725881,
5904,CRS3035RES1000mN2015000E3162000,11243087140,
5905,CRS3035RES1000mN2015000E3162000,11269399969,
5906,CRS3035RES1000mN2015000E3162000,11287269362,
5907,CRS3035RES1000mN2015000E3162000,11287269363,
5908,CRS3035RES1000mN2015000E3162000,11369705764,
5909,CRS3035RES1000mN2015000E3162000,11387776374,
5910,CRS3035RES1000mN2015000E3162000,11461799040,
5911,CRS3035RES1000mN2015000E3162000,11462802981,
5912,CRS3035RES1000mN2015000E3162000,11652077658,
5913,CRS3035RES1000mN2015000E3162000,11691390164,
5914,CRS3035RES1000mN2015000E3162000,11739757462,
5915,CRS3035RES1000mN2015000E3162000,12178446726,
5916,CRS3035RES1000mN2015000E3162000,12407425114,
5917,CRS3035RES1000mN2015000E3162000,12865480228,
5918,CRS3035RES1000mN2015000E3162000,2960630,
5919,CRS3035RES1000mN2015000E3162000,3554044,
5920,CRS3035RES1000mN2015000E3162000,3557906,
5921,CRS3035RES1000mN2015000E3162000,5231361,
5922,CRS3035RES1000mN2015000E3162000,9314566,
5923,CRS3035RES1000mN2015000E3162000,13696257,
5924,CRS3035RES1000mN2015000E3162000,15996131,
5925,CRS3035RES1000mN2015000E3162000,23526191,
5926,CRS3035RES1000mN2015000E3162000,23545719,
5927,CRS3035RES1000mN2015000E3162000,30599279,
5928,CRS3035RES1000mN2015000E3162000,30649229,
5929,CRS3035RES1000mN2015000E3162000,32198651,
5930,CRS3035RES1000mN2015000E3162000,34945111,
5931,CRS3035RES1000mN2015000E3162000,50170625,
5932,CRS3035RES1000mN2015000E3162000,82887228,
5933,CRS3035RES1000mN2015000E3162000,92484952,
5934,CRS3035RES1000mN2015000E3162000,95794713,
5935,CRS3035RES1000mN2015000E3162000,96418670,
5936,CRS3035RES1000mN2015000E3162000,98502686,
5937,CRS3035RES1000mN2015000E3162000,132613257,
5938,CRS3035RES1000mN2015000E3162000,135036040,
5939,CRS3035RES1000mN2015000E3162000,150772489,
5940,CRS3035RES1000mN2015000E3162000,154118456,
5941,CRS3035RES1000mN2015000E3162000,157375776,
5942,CRS3035RES1000mN2015000E3162000,158211204,
5943,CRS3035RES1000mN2015000E3162000,162072415,
5944,CRS3035RES1000mN2015000E3162000,162117720,
5945,CRS3035RES1000mN2015000E3162000,170487273,
5946,CRS3035RES1000mN2015000E3162000,172686062,
5947,CRS3035RES1000mN2015000E3162000,174318235,
5948,CRS3035RES1000mN2015000E3162000,174318237,
5949,CRS3035RES1000mN2015000E3162000,205060159,
5950,CRS3035RES1000mN2015000E3162000,205757163,
5951,CRS3035RES1000mN2015000E3162000,221095520,
5952,CRS3035RES1000mN2015000E3162000,224503374,
5953,CRS3035RES1000mN2015000E3162000,227333462,
5954,CRS3035RES1000mN2015000E3162000,229117454,
5955,CRS3035RES1000mN2015000E3162000,261460389,
5956,CRS3035RES1000mN2015000E3162000,283450022,
5957,CRS3035RES1000mN2015000E3162000,288994040,
5958,CRS3035RES1000mN2015000E3162000,296744564,
5959,CRS3035RES1000mN2015000E3162000,297526406,
5960,CRS3035RES1000mN2015000E3162000,300709861,
5961,CRS3035RES1000mN2015000E3162000,301444634,
5962,CRS3035RES1000mN2015000E3162000,302721609,
5963,CRS3035RES1000mN2015000E3162000,308195630,
5964,CRS3035RES1000mN2015000E3162000,312777902,
5965,CRS3035RES1000mN2015000E3162000,330154630,
5966,CRS3035RES1000mN2015000E3162000,340205456,
5967,CRS3035RES1000mN2015000E3162000,367883612,
5968,CRS3035RES1000mN2015000E3162000,368211943,
5969,CRS3035RES1000mN2015000E3162000,374180360,
5970,CRS3035RES1000mN2015000E3162000,375369499,
5971,CRS3035RES1000mN2015000E3162000,383494544,
5972,CRS3035RES1000mN2015000E3162000,384574591,
5973,CRS3035RES1000mN2015000E3162000,403538322,
5974,CRS3035RES1000mN2015000E3162000,403859503,
5975,CRS3035RES1000mN2015000E3162000,437050442,
5976,CRS3035RES1000mN2015000E3162000,459881697,
5977,CRS3035RES1000mN2015000E3162000,477278425,
5978,CRS3035RES1000mN2015000E3162000,486879235,
5979,CRS3035RES1000mN2015000E3162000,493748377,
5980,CRS3035RES1000mN2015000E3162000,498234201,
5981,CRS3035RES1000mN2015000E3162000,504315026,
5982,CRS3035RES1000mN2015000E3162000,548701490,
5983,CRS3035RES1000mN2015000E3162000,574210084,
5984,CRS3035RES1000mN2015000E3162000,576094143,
5985,CRS3035RES1000mN2015000E3162000,584409067,
5986,CRS3035RES1000mN2015000E3162000,635512756,
5987,CRS3035RES1000mN2015000E3162000,638492224,
5988,CRS3035RES1000mN2015000E3162000,653913062,
5989,CRS3035RES1000mN2015000E3162000,659866770,
5990,CRS3035RES1000mN2015000E3162000,697717972,
5991,CRS3035RES1000mN2015000E3162000,717194862,
5992,CRS3035RES1000mN2015000E3162000,736899303,
5993,CRS3035RES1000mN2015000E3162000,738042217,
5994,CRS3035RES1000mN2015000E3162000,839611983,
5995,CRS3035RES1000mN2015000E3162000,957893520,
5996,CRS3035RES1000mN2015000E3162000,963308110,
5997,CRS3035RES1000mN2015000E3162000,1073283182,
5998,CRS3035RES1000mN2015000E3162000,1252864015,
5999,CRS3035RES1000mN2015000E3162000,1283203658,
6000,CRS3035RES1000mN2015000E3163000,25526,
6001,CRS3035RES1000mN2015000E3163000,1774,
6002,CRS3035RES1000mN2015000E3163000,1770,
6003,CRS3035RES1000mN2015000E3163000,1773,
6004,CRS3035RES1000mN2015000E3163000,1771,
6005,CRS3035RES1000mN2015000E3163000,123303,
6006,CRS3035RES1000mN2015000E3163000,1764,
6007,CRS3035RES1000mN2015000E3163000,181101,
6008,CRS3035RES1000mN2015000E3163000,5765642,
6009,CRS3035RES1000mN2015000E3163000,86719,
6010,CRS3035RES1000mN2015000E3163000,1800,
6011,CRS3035RES1000mN2015000E3163000,1757,
6012,CRS3035RES1000mN2015000E3163000,1755,
6013,CRS3035RES1000mN2015000E3163000,1882,
6014,CRS3035RES1000mN2015000E3163000,1745,
6015,CRS3035RES1000mN2015000E3163000,1794,
6016,CRS3035RES1000mN2015000E3163000,1762,
6017,CRS3035RES1000mN2015000E3163000,51188,
6018,CRS3035RES1000mN2015000E3163000,6893633,
6019,CRS3035RES1000mN2015000E3163000,167128,
6020,CRS3035RES1000mN2015000E3163000,1760,
6021,CRS3035RES1000mN2015000E3163000,12773298,104.0
6022,CRS3035RES1000mN2015000E3163000,1754,
6023,CRS3035RES1000mN2015000E3163000,1748,
6024,CRS3035RES1000mN2015000E3163000,79941,
6025,CRS3035RES1000mN2015000E3163000,1750,
6026,CRS3035RES1000mN2015000E3163000,5975465,
6027,CRS3035RES1000mN2015000E3163000,115056,
6028,CRS3035RES1000mN2015000E3163000,1790,
6029,CRS3035RES1000mN2015000E3163000,1756,
6030,CRS3035RES1000mN2015000E3163000,51849,
6031,CRS3035RES1000mN2015000E3163000,185595,
6032,CRS3035RES1000mN2015000E3163000,7697128,
6033,CRS3035RES1000mN2015000E3163000,10395362,
6034,CRS3035RES1000mN2015000E3163000,1759,
6035,CRS3035RES1000mN2015000E3163000,1752,
6036,CRS3035RES1000mN2015000E3163000,186714,
6037,CRS3035RES1000mN2015000E3163000,1753,
6038,CRS3035RES1000mN2015000E3163000,1792,
6039,CRS3035RES1000mN2015000E3163000,1763,
6040,CRS3035RES1000mN2015000E3163000,1746,
6041,CRS3035RES1000mN2015000E3163000,11572165,116.0
6042,CRS3035RES1000mN2015000E3163000,1761,
6043,CRS3035RES1000mN2015000E3163000,1747,
6044,CRS3035RES1000mN2015000E3163000,5768564,
6045,CRS3035RES1000mN2015000E3163000,1798,
6046,CRS3035RES1000mN2015000E3163000,66904,
6047,CRS3035RES1000mN2015000E3163000,1777,
6048,CRS3035RES1000mN2015000E3163000,1765,
6049,CRS3035RES1000mN2015000E3163000,49416,
6050,CRS3035RES1000mN2015000E3163000,12734939,
6051,CRS3035RES1000mN2015000E3163000,167386167,
6052,CRS3035RES1000mN2015000E3163000,295933804,
6053,CRS3035RES1000mN2015000E3163000,303340017,
6054,CRS3035RES1000mN2015000E3163000,315355551,
6055,CRS3035RES1000mN2015000E3163000,339084977,
6056,CRS3035RES1000mN2015000E3163000,412911553,
6057,CRS3035RES1000mN2015000E3163000,558126037,
6058,CRS3035RES1000mN2015000E3163000,711789768,
6059,CRS3035RES1000mN2015000E3163000,727666062,
6060,CRS3035RES1000mN2015000E3163000,848085869,
6061,CRS3035RES1000mN2015000E3163000,1056098898,
6062,CRS3035RES1000mN2015000E3163000,1255438242,
6063,CRS3035RES1000mN2015000E3163000,1469985039,
6064,CRS3035RES1000mN2015000E3163000,1504302537,
6065,CRS3035RES1000mN2015000E3163000,1511617504,
6066,CRS3035RES1000mN2015000E3163000,1541601287,
6067,CRS3035RES1000mN2015000E3163000,1544591296,
6068,CRS3035RES1000mN2015000E3163000,1598174183,
6069,CRS3035RES1000mN2015000E3163000,1629887846,
6070,CRS3035RES1000mN2015000E3163000,1686660176,
6071,CRS3035RES1000mN2015000E3163000,1716927336,
6072,CRS3035RES1000mN2015000E3163000,1734554324,
6073,CRS3035RES1000mN2015000E3163000,1849109335,
6074,CRS3035RES1000mN2015000E3163000,2028408680,
6075,CRS3035RES1000mN2015000E3163000,2036887702,
6076,CRS3035RES1000mN2015000E3163000,2061404218,
6077,CRS3035RES1000mN2015000E3163000,2134238030,
6078,CRS3035RES1000mN2015000E3163000,2261600754,
6079,CRS3035RES1000mN2015000E3163000,2301402027,
6080,CRS3035RES1000mN2015000E3163000,2303966810,
6081,CRS3035RES1000mN2015000E3163000,2312029862,
6082,CRS3035RES1000mN2015000E3163000,2408860250,
6083,CRS3035RES1000mN2015000E3163000,2620185829,
6084,CRS3035RES1000mN2015000E3163000,2622508931,
6085,CRS3035RES1000mN2015000E3163000,2672130951,
6086,CRS3035RES1000mN2015000E3163000,2710518818,
6087,CRS3035RES1000mN2015000E3163000,3034026261,
6088,CRS3035RES1000mN2015000E3163000,3179889751,
6089,CRS3035RES1000mN2015000E3163000,3206611978,
6090,CRS3035RES1000mN2015000E3163000,3272828439,
6091,CRS3035RES1000mN2015000E3163000,3452364276,
6092,CRS3035RES1000mN2015000E3163000,3452364277,
6093,CRS3035RES1000mN2015000E3163000,3495733197,
6094,CRS3035RES1000mN2015000E3163000,3497154853,
6095,CRS3035RES1000mN2015000E3163000,3517755445,
6096,CRS3035RES1000mN2015000E3163000,3522125657,
6097,CRS3035RES1000mN2015000E3163000,3526751794,
6098,CRS3035RES1000mN2015000E3163000,3839306060,
6099,CRS3035RES1000mN2015000E3163000,4214697664,
6100,CRS3035RES1000mN2015000E3163000,4338252586,
6101,CRS3035RES1000mN2015000E3163000,4401271633,
6102,CRS3035RES1000mN2015000E3163000,4515476768,
6103,CRS3035RES1000mN2015000E3163000,4569910891,
6104,CRS3035RES1000mN2015000E3163000,4703730491,
6105,CRS3035RES1000mN2015000E3163000,4707870392,
6106,CRS3035RES1000mN2015000E3163000,4789037769,
6107,CRS3035RES1000mN2015000E3163000,4794233143,
6108,CRS3035RES1000mN2015000E3163000,4870405674,
6109,CRS3035RES1000mN2015000E3163000,5139379922,
6110,CRS3035RES1000mN2015000E3163000,5160337425,
6111,CRS3035RES1000mN2015000E3163000,5196199575,
6112,CRS3035RES1000mN2015000E3163000,5341570554,
6113,CRS3035RES1000mN2015000E3163000,5345949864,
6114,CRS3035RES1000mN2015000E3163000,5448507385,
6115,CRS3035RES1000mN2015000E3163000,5604693894,
6116,CRS3035RES1000mN2015000E3163000,5670401989,
6117,CRS3035RES1000mN2015000E3163000,5942671299,
6118,CRS3035RES1000mN2015000E3163000,5943980960,
6119,CRS3035RES1000mN2015000E3163000,6185791451,
6120,CRS3035RES1000mN2015000E3163000,6188948286,
6121,CRS3035RES1000mN2015000E3163000,6555800191,
6122,CRS3035RES1000mN2015000E3163000,6885254479,
6123,CRS3035RES1000mN2015000E3163000,7222611268,
6124,CRS3035RES1000mN2015000E3163000,7408961006,
6125,CRS3035RES1000mN2015000E3163000,7619964683,
6126,CRS3035RES1000mN2015000E3163000,7836562695,
6127,CRS3035RES1000mN2015000E3163000,8493729364,
6128,CRS3035RES1000mN2015000E3163000,8557885377,
6129,CRS3035RES1000mN2015000E3163000,8807212208,
6130,CRS3035RES1000mN2015000E3163000,8844229173,
6131,CRS3035RES1000mN2015000E3163000,8878422600,
6132,CRS3035RES1000mN2015000E3163000,9595709188,
6133,CRS3035RES1000mN2015000E3163000,9611387099,
6134,CRS3035RES1000mN2015000E3163000,9712656915,
6135,CRS3035RES1000mN2015000E3163000,9713142744,
6136,CRS3035RES1000mN2015000E3163000,9815746657,
6137,CRS3035RES1000mN2015000E3163000,10004871512,
6138,CRS3035RES1000mN2015000E3163000,10281174134,
6139,CRS3035RES1000mN2015000E3163000,10580337411,
6140,CRS3035RES1000mN2015000E3163000,10899442604,
6141,CRS3035RES1000mN2015000E3163000,10922657146,
6142,CRS3035RES1000mN2015000E3163000,11127499928,
6143,CRS3035RES1000mN2015000E3163000,11143725881,
6144,CRS3035RES1000mN2015000E3163000,11243087140,
6145,CRS3035RES1000mN2015000E3163000,11269399969,
6146,CRS3035RES1000mN2015000E3163000,11287269362,
6147,CRS3035RES1000mN2015000E3163000,11287269363,
6148,CRS3035RES1000mN2015000E3163000,11369705764,
6149,CRS3035RES1000mN2015000E3163000,11387776374,
6150,CRS3035RES1000mN2015000E3163000,11461799040,
6151,CRS3035RES1000mN2015000E3163000,11462802981,
6152,CRS3035RES1000mN2015000E3163000,11652077658,
6153,CRS3035RES1000mN2015000E3163000,11691390164,
6154,CRS3035RES1000mN2015000E3163000,11739757462,
6155,CRS3035RES1000mN2015000E3163000,12178446726,
6156,CRS3035RES1000mN2015000E3163000,12407425114,
6157,CRS3035RES1000mN2015000E3163000,12865480228,
6158,CRS3035RES1000mN2015000E3163000,2960630,
6159,CRS3035RES1000mN2015000E3163000,3554044,
6160,CRS3035RES1000mN2015000E3163000,3557906,
6161,CRS3035RES1000mN2015000E3163000,5231361,
6162,CRS3035RES1000mN2015000E3163000,9314566,
6163,CRS3035RES1000mN2015000E3163000,13696257,
6164,CRS3035RES1000mN2015000E3163000,15996131,
6165,CRS3035RES1000mN2015000E3163000,23526191,
6166,CRS3035RES1000mN2015000E3163000,23545719,
6167,CRS3035RES1000mN2015000E3163000,30599279,
6168,CRS3035RES1000mN2015000E3163000,30649229,
6169,CRS3035RES1000mN2015000E3163000,32198651,
6170,CRS3035RES1000mN2015000E3163000,34945111,
6171,CRS3035RES1000mN2015000E3163000,50170625,
6172,CRS3035RES1000mN2015000E3163000,82887228,
6173,CRS3035RES1000mN2015000E3163000,92484952,
6174,CRS3035RES1000mN2015000E3163000,95794713,
6175,CRS3035RES1000mN2015000E3163000,96418670,
6176,CRS3035RES1000mN2015000E3163000,98502686,
6177,CRS3035RES1000mN2015000E3163000,132613257,
6178,CRS3035RES1000mN2015000E3163000,135036040,
6179,CRS3035RES1000mN2015000E3163000,150772489,
6180,CRS3035RES1000mN2015000E3163000,154118456,
6181,CRS3035RES1000mN2015000E3163000,157375776,
6182,CRS3035RES1000mN2015000E3163000,158211204,
6183,CRS3035RES1000mN2015000E3163000,162072415,
6184,CRS3035RES1000mN2015000E3163000,162117720,
6185,CRS3035RES1000mN2015000E3163000,170487273,
6186,CRS3035RES1000mN2015000E3163000,172686062,
6187,CRS3035RES1000mN2015000E3163000,174318235,
6188,CRS3035RES1000mN2015000E3163000,174318237,
6189,CRS3035RES1000mN2015000E3163000,205060159,
6190,CRS3035RES1000mN2015000E3163000,205757163,
6191,CRS3035RES1000mN2015000E3163000,221095520,
6192,CRS3035RES1000mN2015000E3163000,224503374,
6193,CRS3035RES1000mN2015000E3163000,227333462,
6194,CRS3035RES1000mN2015000E3163000,229117454,
6195,CRS3035RES1000mN2015000E3163000,261460389,
6196,CRS3035RES1000mN2015000E3163000,283450022,
6197,CRS3035RES1000mN2015000E3163000,288994040,
6198,CRS3035RES1000mN2015000E3163000,296744564,
6199,CRS3035RES1000mN2015000E3163000,297526406,
6200,CRS3035RES1000mN2015000E3163000,300709861,
6201,CRS3035RES1000mN2015000E3163000,301444634,
6202,CRS3035RES1000mN2015000E3163000,302721609,
6203,CRS3035RES1000mN2015000E3163000,308195630,
6204,CRS3035RES1000mN2015000E3163000,312777902,
6205,CRS3035RES1000mN2015000E3163000,330154630,
6206,CRS3035RES1000mN2015000E3163000,340205456,
6207,CRS3035RES1000mN2015000E3163000,367883612,
6208,CRS3035RES1000mN2015000E3163000,368211943,
6209,CRS3035RES1000mN2015000E3163000,374180360,
6210,CRS3035RES1000mN2015000E3163000,375369499,
6211,CRS3035RES1000mN2015000E3163000,383494544,
6212,CRS3035RES1000mN2015000E3163000,384574591,
6213,CRS3035RES1000mN2015000E3163000,403538322,
6214,CRS3035RES1000mN2015000E3163000,403859503,
6215,CRS3035RES1000mN2015000E3163000,437050442,
6216,CRS3035RES1000mN2015000E3163000,459881697,
6217,CRS3035RES1000mN2015000E3163000,477278425,
6218,CRS3035RES1000mN2015000E3163000,486879235,
6219,CRS3035RES1000mN2015000E3163000,493748377,
6220,CRS3035RES1000mN2015000E3163000,498234201,
6221,CRS3035RES1000mN2015000E3163000,504315026,
6222,CRS3035RES1000mN2015000E3163000,548701490,
6223,CRS3035RES1000mN2015000E3163000,574210084,
6224,CRS3035RES1000mN2015000E3163000,576094143,
6225,CRS3035RES1000mN2015000E3163000,584409067,
6226,CRS3035RES1000mN2015000E3163000,635512756,
6227,CRS3035RES1000mN2015000E3163000,638492224,
6228,CRS3035RES1000mN2015000E3163000,653913062,
6229,CRS3035RES1000mN2015000E3163000,659866770,
6230,CRS3035RES1000mN2015000E3163000,697717972,
6231,CRS3035RES1000mN2015000E3163000,717194862,
6232,CRS3035RES1000mN2015000E3163000,736899303,
6233,CRS3035RES1000mN2015000E3163000,738042217,
6234,CRS3035RES1000mN2015000E3163000,839611983,
6235,CRS3035RES1000mN2015000E3163000,957893520,
6236,CRS3035RES1000mN2015000E3163000,963308110,
6237,CRS3035RES1000mN2015000E3163000,1073283182,
6238,CRS3035RES1000mN2015000E3163000,1252864015,
6239,CRS3035RES1000mN2015000E3163000,1283203658,
6240,CRS3035RES1000mN2015000E3164000,25526,
6241,CRS3035RES1000mN2015000E3164000,1774,119.0
6242,CRS3035RES1000mN2015000E3164000,1770,
6243,CRS3035RES1000mN2015000E3164000,1773,
6244,CRS3035RES1000mN2015000E3164000,1771,
6245,CRS3035RES1000mN2015000E3164000,123303,
6246,CRS3035RES1000mN2015000E3164000,1764,
6247,CRS3035RES1000mN2015000E3164000,181101,
6248,CRS3035RES1000mN2015000E3164000,5765642,
6249,CRS3035RES1000mN2015000E3164000,86719,104.0
6250,CRS3035RES1000mN2015000E3164000,1800,
6251,CRS3035RES1000mN2015000E3164000,1757,
6252,CRS3035RES1000mN2015000E3164000,1755,
6253,CRS3035RES1000mN2015000E3164000,1882,
6254,CRS3035RES1000mN2015000E3164000,1745,
6255,CRS3035RES1000mN2015000E3164000,1794,
6256,CRS3035RES1000mN2015000E3164000,1762,
6257,CRS3035RES1000mN2015000E3164000,51188,
6258,CRS3035RES1000mN2015000E3164000,6893633,
6259,CRS3035RES1000mN2015000E3164000,167128,
6260,CRS3035RES1000mN2015000E3164000,1760,
6261,CRS3035RES1000mN2015000E3164000,12773298,88.0
6262,CRS3035RES1000mN2015000E3164000,1754,112.0
6263,CRS3035RES1000mN2015000E3164000,1748,
6264,CRS3035RES1000mN2015000E3164000,79941,
6265,CRS3035RES1000mN2015000E3164000,1750,
6266,CRS3035RES1000mN2015000E3164000,5975465,
6267,CRS3035RES1000mN2015000E3164000,115056,
6268,CRS3035RES1000mN2015000E3164000,1790,
6269,CRS3035RES1000mN2015000E3164000,1756,
6270,CRS3035RES1000mN2015000E3164000,51849,
6271,CRS3035RES1000mN2015000E3164000,185595,
6272,CRS3035RES1000mN2015000E3164000,7697128,
6273,CRS3035RES1000mN2015000E3164000,10395362,
6274,CRS3035RES1000mN2015000E3164000,1759,
6275,CRS3035RES1000mN2015000E3164000,1752,
6276,CRS3035RES1000mN2015000E3164000,186714,
6277,CRS3035RES1000mN2015000E3164000,1753,
6278,CRS3035RES1000mN2015000E3164000,1792,
6279,CRS3035RES1000mN2015000E3164000,1763,
6280,CRS3035RES1000mN2015000E3164000,1746,
6281,CRS3035RES1000mN2015000E3164000,11572165,100.0
6282,CRS3035RES1000mN2015000E3164000,1761,119.0
6283,CRS3035RES1000mN2015000E3164000,1747,
6284,CRS3035RES1000mN2015000E3164000,5768564,
6285,CRS3035RES1000mN2015000E3164000,1798,
6286,CRS3035RES1000mN2015000E3164000,66904,
6287,CRS3035RES1000mN2015000E3164000,1777,
6288,CRS3035RES1000mN2015000E3164000,1765,
6289,CRS3035RES1000mN2015000E3164000,49416,
6290,CRS3035RES1000mN2015000E3164000,12734939,
6291,CRS3035RES1000mN2015000E3164000,167386167,116.0
6292,CRS3035RES1000mN2015000E3164000,295933804,
6293,CRS3035RES1000mN2015000E3164000,303340017,
6294,CRS3035RES1000mN2015000E3164000,315355551,
6295,CRS3035RES1000mN2015000E3164000,339084977,118.0
6296,CRS3035RES1000mN2015000E3164000,412911553,
6297,CRS3035RES1000mN2015000E3164000,558126037,
6298,CRS3035RES1000mN2015000E3164000,711789768,
6299,CRS3035RES1000mN2015000E3164000,727666062,
6300,CRS3035RES1000mN2015000E3164000,848085869,
6301,CRS3035RES1000mN2015000E3164000,1056098898,
6302,CRS3035RES1000mN2015000E3164000,1255438242,
6303,CRS3035RES1000mN2015000E3164000,1469985039,
6304,CRS3035RES1000mN2015000E3164000,1504302537,
6305,CRS3035RES1000mN2015000E3164000,1511617504,
6306,CRS3035RES1000mN2015000E3164000,1541601287,
6307,CRS3035RES1000mN2015000E3164000,1544591296,
6308,CRS3035RES1000mN2015000E3164000,1598174183,
6309,CRS3035RES1000mN2015000E3164000,1629887846,
6310,CRS3035RES1000mN2015000E3164000,1686660176,
6311,CRS3035RES1000mN2015000E3164000,1716927336,
6312,CRS3035RES1000mN2015000E3164000,1734554324,
6313,CRS3035RES1000mN2015000E3164000,1849109335,
6314,CRS3035RES1000mN2015000E3164000,2028408680,
6315,CRS3035RES1000mN2015000E3164000,2036887702,
6316,CRS3035RES1000mN2015000E3164000,2061404218,
6317,CRS3035RES1000mN2015000E3164000,2134238030,
6318,CRS3035RES1000mN2015000E3164000,2261600754,
6319,CRS3035RES1000mN2015000E3164000,2301402027,
6320,CRS3035RES1000mN2015000E3164000,2303966810,
6321,CRS3035RES1000mN2015000E3164000,2312029862,
6322,CRS3035RES1000mN2015000E3164000,2408860250,
6323,CRS3035RES1000mN2015000E3164000,2620185829,
6324,CRS3035RES1000mN2015000E3164000,2622508931,
6325,CRS3035RES1000mN2015000E3164000,2672130951,
6326,CRS3035RES1000mN2015000E3164000,2710518818,
6327,CRS3035RES1000mN2015000E3164000,3034026261,
6328,CRS3035RES1000mN2015000E3164000,3179889751,
6329,CRS3035RES1000mN2015000E3164000,3206611978,
6330,CRS3035RES1000mN2015000E3164000,3272828439,
6331,CRS3035RES1000mN2015000E3164000,3452364276,
6332,CRS3035RES1000mN2015000E3164000,3452364277,
6333,CRS3035RES1000mN2015000E3164000,3495733197,
6334,CRS3035RES1000mN2015000E3164000,3497154853,
6335,CRS3035RES1000mN2015000E3164000,3517755445,
6336,CRS3035RES1000mN2015000E3164000,3522125657,
6337,CRS3035RES1000mN2015000E3164000,3526751794,
6338,CRS3035RES1000mN2015000E3164000,3839306060,
6339,CRS3035RES1000mN2015000E3164000,4214697664,
6340,CRS3035RES1000mN2015000E3164000,4338252586,
6341,CRS3035RES1000mN2015000E3164000,4401271633,
6342,CRS3035RES1000mN2015000E3164000,4515476768,
6343,CRS3035RES1000mN2015000E3164000,4569910891,
6344,CRS3035RES1000mN2015000E3164000,4703730491,
6345,CRS3035RES1000mN2015000E3164000,4707870392,
6346,CRS3035RES1000mN2015000E3164000,4789037769,
6347,CRS3035RES1000mN2015000E3164000,4794233143,
6348,CRS3035RES1000mN2015000E3164000,4870405674,
6349,CRS3035RES1000mN2015000E3164000,5139379922,
6350,CRS3035RES1000mN2015000E3164000,5160337425,
6351,CRS3035RES1000mN2015000E3164000,5196199575,
6352,CRS3035RES1000mN2015000E3164000,5341570554,
6353,CRS3035RES1000mN2015000E3164000,5345949864,
6354,CRS3035RES1000mN2015000E3164000,5448507385,
6355,CRS3035RES1000mN2015000E3164000,5604693894,
6356,CRS3035RES1000mN2015000E3164000,5670401989,
6357,CRS3035RES1000mN2015000E3164000,5942671299,
6358,CRS3035RES1000mN2015000E3164000,5943980960,
6359,CRS3035RES1000mN2015000E3164000,6185791451,
6360,CRS3035RES1000mN2015000E3164000,6188948286,
6361,CRS3035RES1000mN2015000E3164000,6555800191,
6362,CRS3035RES1000mN2015000E3164000,6885254479,
6363,CRS3035RES1000mN2015000E3164000,7222611268,
6364,CRS3035RES1000mN2015000E3164000,7408961006,
6365,CRS3035RES1000mN2015000E3164000,7619964683,
6366,CRS3035RES1000mN2015000E3164000,7836562695,
6367,CRS3035RES1000mN2015000E3164000,8493729364,
6368,CRS3035RES1000mN2015000E3164000,8557885377,
6369,CRS3035RES1000mN2015000E3164000,8807212208,
6370,CRS3035RES1000mN2015000E3164000,8844229173,
6371,CRS3035RES1000mN2015000E3164000,8878422600,
6372,CRS3035RES1000mN2015000E3164000,9595709188,
6373,CRS3035RES1000mN2015000E3164000,9611387099,
6374,CRS3035RES1000mN2015000E3164000,9712656915,
6375,CRS3035RES1000mN2015000E3164000,9713142744,
6376,CRS3035RES1000mN2015000E3164000,9815746657,
6377,CRS3035RES1000mN2015000E3164000,10004871512,
6378,CRS3035RES1000mN2015000E3164000,10281174134,
6379,CRS3035RES1000mN2015000E3164000,10580337411,
6380,CRS3035RES1000mN2015000E3164000,10899442604,
6381,CRS3035RES1000mN2015000E3164000,10922657146,
6382,CRS3035RES1000mN2015000E3164000,11127499928,
6383,CRS3035RES1000mN2015000E3164000,11143725881,
6384,CRS3035RES1000mN2015000E3164000,11243087140,
6385,CRS3035RES1000mN2015000E3164000,11269399969,
6386,CRS3035RES1000mN2015000E3164000,11287269362,
6387,CRS3035RES1000mN2015000E3164000,11287269363,
6388,CRS3035RES1000mN2015000E3164000,11369705764,
6389,CRS3035RES1000mN2015000E3164000,11387776374,
6390,CRS3035RES1000mN2015000E3164000,11461799040,
6391,CRS3035RES1000mN2015000E3164000,11462802981,
6392,CRS3035RES1000mN2015000E3164000,11652077658,
6393,CRS3035RES1000mN2015000E3164000,11691390164,
6394,CRS3035RES1000mN2015000E3164000,11739757462,115.0
6395,CRS3035RES1000mN2015000E3164000,12178446726,
6396,CRS3035RES1000mN2015000E3164000,12407425114,
6397,CRS3035RES1000mN2015000E3164000,12865480228,
6398,CRS3035RES1000mN2015000E3164000,2960630,
6399,CRS3035RES1000mN2015000E3164000,3554044,
6400,CRS3035RES1000mN2015000E3164000,3557906,
6401,CRS3035RES1000mN2015000E3164000,5231361,
6402,CRS3035RES1000mN2015000E3164000,9314566,
6403,CRS3035RES1000mN2015000E3164000,13696257,
6404,CRS3035RES1000mN2015000E3164000,15996131,
6405,CRS3035RES1000mN2015000E3164000,23526191,
6406,CRS3035RES1000mN2015000E3164000,23545719,
6407,CRS3035RES1000mN2015000E3164000,30599279,
6408,CRS3035RES1000mN2015000E3164000,30649229,
6409,CRS3035RES1000mN2015000E3164000,32198651,
6410,CRS3035RES1000mN2015000E3164000,34945111,
6411,CRS3035RES1000mN2015000E3164000,50170625,
6412,CRS3035RES1000mN2015000E3164000,82887228,
6413,CRS3035RES1000mN2015000E3164000,92484952,
6414,CRS3035RES1000mN2015000E3164000,95794713,
6415,CRS3035RES1000mN2015000E3164000,96418670,
6416,CRS3035RES1000mN2015000E3164000,98502686,
6417,CRS3035RES1000mN2015000E3164000,132613257,
6418,CRS3035RES1000mN2015000E3164000,135036040,
6419,CRS3035RES1000mN2015000E3164000,150772489,
6420,CRS3035RES1000mN2015000E3164000,154118456,
6421,CRS3035RES1000mN2015000E3164000,157375776,
6422,CRS3035RES1000mN2015000E3164000,158211204,
6423,CRS3035RES1000mN2015000E3164000,162072415,
6424,CRS3035RES1000mN2015000E3164000,162117720,
6425,CRS3035RES1000mN2015000E3164000,170487273,
6426,CRS3035RES1000mN2015000E3164000,172686062,
6427,CRS3035RES1000mN2015000E3164000,174318235,
6428,CRS3035RES1000mN2015000E3164000,174318237,
6429,CRS3035RES1000mN2015000E3164000,205060159,
6430,CRS3035RES1000mN2015000E3164000,205757163,
6431,CRS3035RES1000mN2015000E3164000,221095520,
6432,CRS3035RES1000mN2015000E3164000,224503374,
6433,CRS3035RES1000mN2015000E3164000,227333462,
6434,CRS3035RES1000mN2015000E3164000,229117454,
6435,CRS3035RES1000mN2015000E3164000,261460389,
6436,CRS3035RES1000mN2015000E3164000,283450022,
6437,CRS3035RES1000mN2015000E3164000,288994040,115.0
6438,CRS3035RES1000mN2015000E3164000,296744564,
6439,CRS3035RES1000mN2015000E3164000,297526406,
6440,CRS3035RES1000mN2015000E3164000,300709861,
6441,CRS3035RES1000mN2015000E3164000,301444634,
6442,CRS3035RES1000mN2015000E3164000,302721609,
6443,CRS3035RES1000mN2015000E3164000,308195630,
6444,CRS3035RES1000mN2015000E3164000,312777902,
6445,CRS3035RES1000mN2015000E3164000,330154630,
6446,CRS3035RES1000mN2015000E3164000,340205456,
6447,CRS3035RES1000mN2015000E3164000,367883612,
6448,CRS3035RES1000mN2015000E3164000,368211943,
6449,CRS3035RES1000mN2015000E3164000,374180360,
6450,CRS3035RES1000mN2015000E3164000,375369499,
6451,CRS3035RES1000mN2015000E3164000,383494544,
6452,CRS3035RES1000mN2015000E3164000,384574591,119.0
6453,CRS3035RES1000mN2015000E3164000,403538322,
6454,CRS3035RES1000mN2015000E3164000,403859503,
6455,CRS3035RES1000mN2015000E3164000,437050442,
6456,CRS3035RES1000mN2015000E3164000,459881697,
6457,CRS3035RES1000mN2015000E3164000,477278425,
6458,CRS3035RES1000mN2015000E3164000,486879235,
6459,CRS3035RES1000mN2015000E3164000,493748377,118.0
6460,CRS3035RES1000mN2015000E3164000,498234201,
6461,CRS3035RES1000mN2015000E3164000,504315026,
6462,CRS3035RES1000mN2015000E3164000,548701490,
6463,CRS3035RES1000mN2015000E3164000,574210084,
6464,CRS3035RES1000mN2015000E3164000,576094143,
6465,CRS3035RES1000mN2015000E3164000,584409067,
6466,CRS3035RES1000mN2015000E3164000,635512756,
6467,CRS3035RES1000mN2015000E3164000,638492224,
6468,CRS3035RES1000mN2015000E3164000,653913062,
6469,CRS3035RES1000mN2015000E3164000,659866770,
6470,CRS3035RES1000mN2015000E3164000,697717972,
6471,CRS3035RES1000mN2015000E3164000,717194862,
6472,CRS3035RES1000mN2015000E3164000,736899303,
6473,CRS3035RES1000mN2015000E3164000,738042217,
6474,CRS3035RES1000mN2015000E3164000,839611983,
6475,CRS3035RES1000mN2015000E3164000,957893520,116.0
6476,CRS3035RES1000mN2015000E3164000,963308110,
6477,CRS3035RES1000mN2015000E3164000,1073283182,
6478,CRS3035RES1000mN2015000E3164000,1252864015,
6479,CRS3035RES1000mN2015000E3164000,1283203658,
6480,CRS3035RES1000mN2015000E3165000,25526,
6481,CRS3035RES1000mN2015000E3165000,1774,
6482,CRS3035RES1000mN2015000E3165000,1770,
6483,CRS3035RES1000mN2015000E3165000,1773,
6484,CRS3035RES1000mN2015000E3165000,1771,
6485,CRS3035RES1000mN2015000E3165000,123303,
6486,CRS3035RES1000mN2015000E3165000,1764,
6487,CRS3035RES1000mN2015000E3165000,181101,
6488,CRS3035RES1000mN2015000E3165000,5765642,
6489,CRS3035RES1000mN2015000E3165000,86719,
6490,CRS3035RES1000mN2015000E3165000,1800,
6491,CRS3035RES1000mN2015000E3165000,1757,
6492,CRS3035RES1000mN2015000E3165000,1755,
6493,CRS3035RES1000mN2015000E3165000,1882,
6494,CRS3035RES1000mN2015000E3165000,1745,
6495,CRS3035RES1000mN2015000E3165000,1794,
6496,CRS3035RES1000mN2015000E3165000,1762,
6497,CRS3035RES1000mN2015000E3165000,51188,
6498,CRS3035RES1000mN2015000E3165000,6893633,
6499,CRS3035RES1000mN2015000E3165000,167128,
6500,CRS3035RES1000mN2015000E3165000,1760,
6501,CRS3035RES1000mN2015000E3165000,12773298,108.0
6502,CRS3035RES1000mN2015000E3165000,1754,
6503,CRS3035RES1000mN2015000E3165000,1748,
6504,CRS3035RES1000mN2015000E3165000,79941,
6505,CRS3035RES1000mN2015000E3165000,1750,
6506,CRS3035RES1000mN2015000E3165000,5975465,
6507,CRS3035RES1000mN2015000E3165000,115056,
6508,CRS3035RES1000mN2015000E3165000,1790,
6509,CRS3035RES1000mN2015000E3165000,1756,
6510,CRS3035RES1000mN2015000E3165000,51849,
6511,CRS3035RES1000mN2015000E3165000,185595,
6512,CRS3035RES1000mN2015000E3165000,7697128,
6513,CRS3035RES1000mN2015000E3165000,10395362,
6514,CRS3035RES1000mN2015000E3165000,1759,
6515,CRS3035RES1000mN2015000E3165000,1752,
6516,CRS3035RES1000mN2015000E3165000,186714,
6517,CRS3035RES1000mN2015000E3165000,1753,
6518,CRS3035RES1000mN2015000E3165000,1792,
6519,CRS3035RES1000mN2015000E3165000,1763,
6520,CRS3035RES1000mN2015000E3165000,1746,
6521,CRS3035RES1000mN2015000E3165000,11572165,
6522,CRS3035RES1000mN2015000E3165000,1761,
6523,CRS3035RES1000mN2015000E3165000,1747,
6524,CRS3035RES1000mN2015000E3165000,5768564,
6525,CRS3035RES1000mN2015000E3165000,1798,
6526,CRS3035RES1000mN2015000E3165000,66904,
6527,CRS3035RES1000mN2015000E3165000,1777,
6528,CRS3035RES1000mN2015000E3165000,1765,
6529,CRS3035RES1000mN2015000E3165000,49416,
6530,CRS3035RES1000mN2015000E3165000,12734939,
6531,CRS3035RES1000mN2015000E3165000,167386167,
6532,CRS3035RES1000mN2015000E3165000,295933804,
6533,CRS3035RES1000mN2015000E3165000,303340017,
6534,CRS3035RES1000mN2015000E3165000,315355551,
6535,CRS3035RES1000mN2015000E3165000,339084977,
6536,CRS3035RES1000mN2015000E3165000,412911553,
6537,CRS3035RES1000mN2015000E3165000,558126037,
6538,CRS3035RES1000mN2015000E3165000,711789768,
6539,CRS3035RES1000mN2015000E3165000,727666062,
6540,CRS3035RES1000mN2015000E3165000,848085869,
6541,CRS3035RES1000mN2015000E3165000,1056098898,
6542,CRS3035RES1000mN2015000E3165000,1255438242,
6543,CRS3035RES1000mN2015000E3165000,1469985039,
6544,CRS3035RES1000mN2015000E3165000,1504302537,
6545,CRS3035RES1000mN2015000E3165000,1511617504,
6546,CRS3035RES1000mN2015000E3165000,1541601287,
6547,CRS3035RES1000mN2015000E3165000,1544591296,
6548,CRS3035RES1000mN2015000E3165000,1598174183,
6549,CRS3035RES1000mN2015000E3165000,1629887846,
6550,CRS3035RES1000mN2015000E3165000,1686660176,
6551,CRS3035RES1000mN2015000E3165000,1716927336,
6552,CRS3035RES1000mN2015000E3165000,1734554324,
6553,CRS3035RES1000mN2015000E3165000,1849109335,
6554,CRS3035RES1000mN2015000E3165000,2028408680,
6555,CRS3035RES1000mN2015000E3165000,2036887702,
6556,CRS3035RES1000mN2015000E3165000,2061404218,
6557,CRS3035RES1000mN2015000E3165000,2134238030,
6558,CRS3035RES1000mN2015000E3165000,2261600754,
6559,CRS3035RES1000mN2015000E3165000,2301402027,
6560,CRS3035RES1000mN2015000E3165000,2303966810,
6561,CRS3035RES1000mN2015000E3165000,2312029862,
6562,CRS3035RES1000mN2015000E3165000,2408860250,
6563,CRS3035RES1000mN2015000E3165000,2620185829,
6564,CRS3035RES1000mN2015000E3165000,2622508931,
6565,CRS3035RES1000mN2015000E3165000,2672130951,
6566,CRS3035RES1000mN2015000E3165000,2710518818,
6567,CRS3035RES1000mN2015000E3165000,3034026261,
6568,CRS3035RES1000mN2015000E3165000,3179889751,
6569,CRS3035RES1000mN2015000E3165000,3206611978,
6570,CRS3035RES1000mN2015000E3165000,3272828439,
6571,CRS3035RES1000mN2015000E3165000,3452364276,
6572,CRS3035RES1000mN2015000E3165000,3452364277,
6573,CRS3035RES1000mN2015000E3165000,3495733197,
6574,CRS3035RES1000mN2015000E3165000,3497154853,
6575,CRS3035RES1000mN2015000E3165000,3517755445,
6576,CRS3035RES1000mN2015000E3165000,3522125657,
6577,CRS3035RES1000mN2015000E3165000,3526751794,
6578,CRS3035RES1000mN2015000E3165000,3839306060,
6579,CRS3035RES1000mN2015000E3165000,4214697664,
6580,CRS3035RES1000mN2015000E3165000,4338252586,
6581,CRS3035RES1000mN2015000E3165000,4401271633,
6582,CRS3035RES1000mN2015000E3165000,4515476768,
6583,CRS3035RES1000mN2015000E3165000,4569910891,
6584,CRS3035RES1000mN2015000E3165000,4703730491,
6585,CRS3035RES1000mN2015000E3165000,4707870392,
6586,CRS3035RES1000mN2015000E3165000,4789037769,
6587,CRS3035RES1000mN2015000E3165000,4794233143,
6588,CRS3035RES1000mN2015000E3165000,4870405674,
6589,CRS3035RES1000mN2015000E3165000,5139379922,
6590,CRS3035RES1000mN2015000E3165000,5160337425,
6591,CRS3035RES1000mN2015000E3165000,5196199575,
6592,CRS3035RES1000mN2015000E3165000,5341570554,
6593,CRS3035RES1000mN2015000E3165000,5345949864,
6594,CRS3035RES1000mN2015000E3165000,5448507385,
6595,CRS3035RES1000mN2015000E3165000,5604693894,
6596,CRS3035RES1000mN2015000E3165000,5670401989,
6597,CRS3035RES1000mN2015000E3165000,5942671299,
6598,CRS3035RES1000mN2015000E3165000,5943980960,
6599,CRS3035RES1000mN2015000E3165000,6185791451,
6600,CRS3035RES1000mN2015000E3165000,6188948286,
6601,CRS3035RES1000mN2015000E3165000,6555800191,
6602,CRS3035RES1000mN2015000E3165000,6885254479,
6603,CRS3035RES1000mN2015000E3165000,7222611268,
6604,CRS3035RES1000mN2015000E3165000,7408961006,
6605,CRS3035RES1000mN2015000E3165000,7619964683,
6606,CRS3035RES1000mN2015000E3165000,7836562695,
6607,CRS3035RES1000mN2015000E3165000,8493729364,
6608,CRS3035RES1000mN2015000E3165000,8557885377,
6609,CRS3035RES1000mN2015000E3165000,8807212208,
6610,CRS3035RES1000mN2015000E3165000,8844229173,
6611,CRS3035RES1000mN2015000E3165000,8878422600,
6612,CRS3035RES1000mN2015000E3165000,9595709188,
6613,CRS3035RES1000mN2015000E3165000,9611387099,
6614,CRS3035RES1000mN2015000E3165000,9712656915,
6615,CRS3035RES1000mN2015000E3165000,9713142744,
6616,CRS3035RES1000mN2015000E3165000,9815746657,
6617,CRS3035RES1000mN2015000E3165000,10004871512,
6618,CRS3035RES1000mN2015000E3165000,10281174134,
6619,CRS3035RES1000mN2015000E3165000,10580337411,
6620,CRS3035RES1000mN2015000E3165000,10899442604,
6621,CRS3035RES1000mN2015000E3165000,10922657146,
6622,CRS3035RES1000mN2015000E3165000,11127499928,
6623,CRS3035RES1000mN2015000E3165000,11143725881,
6624,CRS3035RES1000mN2015000E3165000,11243087140,
6625,CRS3035RES1000mN2015000E3165000,11269399969,
6626,CRS3035RES1000mN2015000E3165000,11287269362,
6627,CRS3035RES1000mN2015000E3165000,11287269363,
6628,CRS3035RES1000mN2015000E3165000,11369705764,
6629,CRS3035RES1000mN2015000E3165000,11387776374,
6630,CRS3035RES1000mN2015000E3165000,11461799040,
6631,CRS3035RES1000mN2015000E3165000,11462802981,
6632,CRS3035RES1000mN2015000E3165000,11652077658,
6633,CRS3035RES1000mN2015000E3165000,11691390164,
6634,CRS3035RES1000mN2015000E3165000,11739757462,
6635,CRS3035RES1000mN2015000E3165000,12178446726,
6636,CRS3035RES1000mN2015000E3165000,12407425114,
6637,CRS3035RES1000mN2015000E3165000,12865480228,
6638,CRS3035RES1000mN2015000E3165000,2960630,
6639,CRS3035RES1000mN2015000E3165000,3554044,
6640,CRS3035RES1000mN2015000E3165000,3557906,
6641,CRS3035RES1000mN2015000E3165000,5231361,
6642,CRS3035RES1000mN2015000E3165000,9314566,
6643,CRS3035RES1000mN2015000E3165000,13696257,
6644,CRS3035RES1000mN2015000E3165000,15996131,
6645,CRS3035RES1000mN2015000E3165000,23526191,
6646,CRS3035RES1000mN2015000E3165000,23545719,
6647,CRS3035RES1000mN2015000E3165000,30599279,
6648,CRS3035RES1000mN2015000E3165000,30649229,
6649,CRS3035RES1000mN2015000E3165000,32198651,
6650,CRS3035RES1000mN2015000E3165000,34945111,
6651,CRS3035RES1000mN2015000E3165000,50170625,
6652,CRS3035RES1000mN2015000E3165000,82887228,
6653,CRS3035RES1000mN2015000E3165000,92484952,
6654,CRS3035RES1000mN2015000E3165000,95794713,
6655,CRS3035RES1000mN2015000E3165000,96418670,
6656,CRS3035RES1000mN2015000E3165000,98502686,
6657,CRS3035RES1000mN2015000E3165000,132613257,
6658,CRS3035RES1000mN2015000E3165000,135036040,
6659,CRS3035RES1000mN2015000E3165000,150772489,
6660,CRS3035RES1000mN2015000E3165000,154118456,
6661,CRS3035RES1000mN2015000E3165000,157375776,
6662,CRS3035RES1000mN2015000E3165000,158211204,
6663,CRS3035RES1000mN2015000E3165000,162072415,
6664,CRS3035RES1000mN2015000E3165000,162117720,
6665,CRS3035RES1000mN2015000E3165000,170487273,
6666,CRS3035RES1000mN2015000E3165000,172686062,
6667,CRS3035RES1000mN2015000E3165000,174318235,
6668,CRS3035RES1000mN2015000E3165000,174318237,
6669,CRS3035RES1000mN2015000E3165000,205060159,
6670,CRS3035RES1000mN2015000E3165000,205757163,
6671,CRS3035RES1000mN2015000E3165000,221095520,
6672,CRS3035RES1000mN2015000E3165000,224503374,
6673,CRS3035RES1000mN2015000E3165000,227333462,
6674,CRS3035RES1000mN2015000E3165000,229117454,
6675,CRS3035RES1000mN2015000E3165000,261460389,
6676,CRS3035RES1000mN2015000E3165000,283450022,
6677,CRS3035RES1000mN2015000E3165000,288994040,
6678,CRS3035RES1000mN2015000E3165000,296744564,
6679,CRS3035RES1000mN2015000E3165000,297526406,
6680,CRS3035RES1000mN2015000E3165000,300709861,
6681,CRS3035RES1000mN2015000E3165000,301444634,
6682,CRS3035RES1000mN2015000E3165000,302721609,
6683,CRS3035RES1000mN2015000E3165000,308195630,
6684,CRS3035RES1000mN2015000E3165000,312777902,
6685,CRS3035RES1000mN2015000E3165000,330154630,
6686,CRS3035RES1000mN2015000E3165000,340205456,
6687,CRS3035RES1000mN2015000E3165000,367883612,
6688,CRS3035RES1000mN2015000E3165000,368211943,
6689,CRS3035RES1000mN2015000E3165000,374180360,
6690,CRS3035RES1000mN2015000E3165000,375369499,
6691,CRS3035RES1000mN2015000E3165000,383494544,
6692,CRS3035RES1000mN2015000E3165000,384574591,
6693,CRS3035RES1000mN2015000E3165000,403538322,
6694,CRS3035RES1000mN2015000E3165000,403859503,
6695,CRS3035RES1000mN2015000E3165000,437050442,
6696,CRS3035RES1000mN2015000E3165000,459881697,
6697,CRS3035RES1000mN2015000E3165000,477278425,
6698,CRS3035RES1000mN2015000E3165000,486879235,
6699,CRS3035RES1000mN2015000E3165000,493748377,
6700,CRS3035RES1000mN2015000E3165000,498234201,
6701,CRS3035RES1000mN2015000E3165000,504315026,
6702,CRS3035RES1000mN2015000E3165000,548701490,
6703,CRS3035RES1000mN2015000E3165000,574210084,
6704,CRS3035RES1000mN2015000E3165000,576094143,
6705,CRS3035RES1000mN2015000E3165000,584409067,
6706,CRS3035RES1000mN2015000E3165000,635512756,
6707,CRS3035RES1000mN2015000E3165000,638492224,
6708,CRS3035RES1000mN2015000E3165000,653913062,
6709,CRS3035RES1000mN2015000E3165000,659866770,
6710,CRS3035RES1000mN2015000E3165000,697717972,
6711,CRS3035RES1000mN2015000E3165000,717194862,
6712,CRS3035RES1000mN2015000E3165000,736899303,
6713,CRS3035RES1000mN2015000E3165000,738042217,
6714,CRS3035RES1000mN2015000E3165000,839611983,
6715,CRS3035RES1000mN2015000E3165000,957893520,
6716,CRS3035RES1000mN2015000E3165000,963308110,
6717,CRS3035RES1000mN2015000E3165000,1073283182,
6718,CRS3035RES1000mN2015000E3165000,1252864015,
6719,CRS3035RES1000mN2015000E3165000,1283203658,
6720,CRS3035RES1000mN2015000E3166000,25526,
6721,CRS3035RES1000mN2015000E3166000,1774,
6722,CRS3035RES1000mN2015000E3166000,1770,
6723,CRS3035RES1000mN2015000E3166000,1773,
6724,CRS3035RES1000mN2015000E3166000,1771,
6725,CRS3035RES1000mN2015000E3166000,123303,
6726,CRS3035RES1000mN2015000E3166000,1764,
6727,CRS3035RES1000mN2015000E3166000,181101,
6728,CRS3035RES1000mN2015000E3166000,5765642,
6729,CRS3035RES1000mN2015000E3166000,86719,
6730,CRS3035RES1000mN2015000E3166000,1800,
6731,CRS3035RES1000mN2015000E3166000,1757,
6732,CRS3035RES1000mN2015000E3166000,1755,
6733,CRS3035RES1000mN2015000E3166000,1882,
6734,CRS3035RES1000mN2015000E3166000,1745,
6735,CRS3035RES1000mN2015000E3166000,1794,
6736,CRS3035RES1000mN2015000E3166000,1762,
6737,CRS3035RES1000mN2015000E3166000,51188,
6738,CRS3035RES1000mN2015000E3166000,6893633,
6739,CRS3035RES1000mN2015000E3166000,167128,
6740,CRS3035RES1000mN2015000E3166000,1760,
6741,CRS3035RES1000mN2015000E3166000,12773298,113.0
6742,CRS3035RES1000mN2015000E3166000,1754,
6743,CRS3035RES1000mN2015000E3166000,1748,
6744,CRS3035RES1000mN2015000E3166000,79941,
6745,CRS3035RES1000mN2015000E3166000,1750,
6746,CRS3035RES1000mN2015000E3166000,5975465,
6747,CRS3035RES1000mN2015000E3166000,115056,
6748,CRS3035RES1000mN2015000E3166000,1790,
6749,CRS3035RES1000mN2015000E3166000,1756,
6750,CRS3035RES1000mN2015000E3166000,51849,
6751,CRS3035RES1000mN2015000E3166000,185595,
6752,CRS3035RES1000mN2015000E3166000,7697128,
6753,CRS3035RES1000mN2015000E3166000,10395362,
6754,CRS3035RES1000mN2015000E3166000,1759,
6755,CRS3035RES1000mN2015000E3166000,1752,
6756,CRS3035RES1000mN2015000E3166000,186714,
6757,CRS3035RES1000mN2015000E3166000,1753,
6758,CRS3035RES1000mN2015000E3166000,1792,
6759,CRS3035RES1000mN2015000E3166000,1763,
6760,CRS3035RES1000mN2015000E3166000,1746,
6761,CRS3035RES1000mN2015000E3166000,11572165,
6762,CRS3035RES1000mN2015000E3166000,1761,
6763,CRS3035RES1000mN2015000E3166000,1747,
6764,CRS3035RES1000mN2015000E3166000,5768564,
6765,CRS3035RES1000mN2015000E3166000,1798,
6766,CRS3035RES1000mN2015000E3166000,66904,
6767,CRS3035RES1000mN2015000E3166000,1777,
6768,CRS3035RES1000mN2015000E3166000,1765,
6769,CRS3035RES1000mN2015000E3166000,49416,
6770,CRS3035RES1000mN2015000E3166000,12734939,
6771,CRS3035RES1000mN2015000E3166000,167386167,
6772,CRS3035RES1000mN2015000E3166000,295933804,
6773,CRS3035RES1000mN2015000E3166000,303340017,
6774,CRS3035RES1000mN2015000E3166000,315355551,
6775,CRS3035RES1000mN2015000E3166000,339084977,
6776,CRS3035RES1000mN2015000E3166000,412911553,
6777,CRS3035RES1000mN2015000E3166000,558126037,
6778,CRS3035RES1000mN2015000E3166000,711789768,
6779,CRS3035RES1000mN2015000E3166000,727666062,
6780,CRS3035RES1000mN2015000E3166000,848085869,
6781,CRS3035RES1000mN2015000E3166000,1056098898,
6782,CRS3035RES1000mN2015000E3166000,1255438242,
6783,CRS3035RES1000mN2015000E3166000,1469985039,
6784,CRS3035RES1000mN2015000E3166000,1504302537,
6785,CRS3035RES1000mN2015000E3166000,1511617504,
6786,CRS3035RES1000mN2015000E3166000,1541601287,
6787,CRS3035RES1000mN2015000E3166000,1544591296,
6788,CRS3035RES1000mN2015000E3166000,1598174183,
6789,CRS3035RES1000mN2015000E3166000,1629887846,
6790,CRS3035RES1000mN2015000E3166000,1686660176,
6791,CRS3035RES1000mN2015000E3166000,1716927336,
6792,CRS3035RES1000mN2015000E3166000,1734554324,
6793,CRS3035RES1000mN2015000E3166000,1849109335,
6794,CRS3035RES1000mN2015000E3166000,2028408680,
6795,CRS3035RES1000mN2015000E3166000,2036887702,
6796,CRS3035RES1000mN2015000E3166000,2061404218,
6797,CRS3035RES1000mN2015000E3166000,2134238030,
6798,CRS3035RES1000mN2015000E3166000,2261600754,
6799,CRS3035RES1000mN2015000E3166000,2301402027,
6800,CRS3035RES1000mN2015000E3166000,2303966810,
6801,CRS3035RES1000mN2015000E3166000,2312029862,
6802,CRS3035RES1000mN2015000E3166000,2408860250,
6803,CRS3035RES1000mN2015000E3166000,2620185829,
6804,CRS3035RES1000mN2015000E3166000,2622508931,
6805,CRS3035RES1000mN2015000E3166000,2672130951,
6806,CRS3035RES1000mN2015000E3166000,2710518818,
6807,CRS3035RES1000mN2015000E3166000,3034026261,
6808,CRS3035RES1000mN2015000E3166000,3179889751,
6809,CRS3035RES1000mN2015000E3166000,3206611978,
6810,CRS3035RES1000mN2015000E3166000,3272828439,
6811,CRS3035RES1000mN2015000E3166000,3452364276,
6812,CRS3035RES1000mN2015000E3166000,3452364277,
6813,CRS3035RES1000mN2015000E3166000,3495733197,
6814,CRS3035RES1000mN2015000E3166000,3497154853,
6815,CRS3035RES1000mN2015000E3166000,3517755445,
6816,CRS3035RES1000mN2015000E3166000,3522125657,
6817,CRS3035RES1000mN2015000E3166000,3526751794,
6818,CRS3035RES1000mN2015000E3166000,3839306060,
6819,CRS3035RES1000mN2015000E3166000,4214697664,
6820,CRS3035RES1000mN2015000E3166000,4338252586,
6821,CRS3035RES1000mN2015000E3166000,4401271633,
6822,CRS3035RES1000mN2015000E3166000,4515476768,
6823,CRS3035RES1000mN2015000E3166000,4569910891,
6824,CRS3035RES1000mN2015000E3166000,4703730491,
6825,CRS3035RES1000mN2015000E3166000,4707870392,
6826,CRS3035RES1000mN2015000E3166000,4789037769,
6827,CRS3035RES1000mN2015000E3166000,4794233143,
6828,CRS3035RES1000mN2015000E3166000,4870405674,
6829,CRS3035RES1000mN2015000E3166000,5139379922,
6830,CRS3035RES1000mN2015000E3166000,5160337425,
6831,CRS3035RES1000mN2015000E3166000,5196199575,
6832,CRS3035RES1000mN2015000E3166000,5341570554,
6833,CRS3035RES1000mN2015000E3166000,5345949864,
6834,CRS3035RES1000mN2015000E3166000,5448507385,
6835,CRS3035RES1000mN2015000E3166000,5604693894,
6836,CRS3035RES1000mN2015000E3166000,5670401989,
6837,CRS3035RES1000mN2015000E3166000,5942671299,
6838,CRS3035RES1000mN2015000E3166000,5943980960,
6839,CRS3035RES1000mN2015000E3166000,6185791451,
6840,CRS3035RES1000mN2015000E3166000,6188948286,
6841,CRS3035RES1000mN2015000E3166000,6555800191,
6842,CRS3035RES1000mN2015000E3166000,6885254479,
6843,CRS3035RES1000mN2015000E3166000,7222611268,
6844,CRS3035RES1000mN2015000E3166000,7408961006,
6845,CRS3035RES1000mN2015000E3166000,7619964683,
6846,CRS3035RES1000mN2015000E3166000,7836562695,
6847,CRS3035RES1000mN2015000E3166000,8493729364,
6848,CRS3035RES1000mN2015000E3166000,8557885377,
6849,CRS3035RES1000mN2015000E3166000,8807212208,
6850,CRS3035RES1000mN2015000E3166000,8844229173,
6851,CRS3035RES1000mN2015000E3166000,8878422600,
6852,CRS3035RES1000mN2015000E3166000,9595709188,
6853,CRS3035RES1000mN2015000E3166000,9611387099,
6854,CRS3035RES1000mN2015000E3166000,9712656915,
6855,CRS3035RES1000mN2015000E3166000,9713142744,
6856,CRS3035RES1000mN2015000E3166000,9815746657,
6857,CRS3035RES1000mN2015000E3166000,10004871512,
6858,CRS3035RES1000mN2015000E3166000,10281174134,
6859,CRS3035RES1000mN2015000E3166000,10580337411,
6860,CRS3035RES1000mN2015000E3166000,10899442604,
6861,CRS3035RES1000mN2015000E3166000,10922657146,
6862,CRS3035RES1000mN2015000E3166000,11127499928,
6863,CRS3035RES1000mN2015000E3166000,11143725881,
6864,CRS3035RES1000mN2015000E3166000,11243087140,
6865,CRS3035RES1000mN2015000E3166000,11269399969,
6866,CRS3035RES1000mN2015000E3166000,11287269362,
6867,CRS3035RES1000mN2015000E3166000,11287269363,
6868,CRS3035RES1000mN2015000E3166000,11369705764,
6869,CRS3035RES1000mN2015000E3166000,11387776374,
6870,CRS3035RES1000mN2015000E3166000,11461799040,
6871,CRS3035RES1000mN2015000E3166000,11462802981,
6872,CRS3035RES1000mN2015000E3166000,11652077658,
6873,CRS3035RES1000mN2015000E3166000,11691390164,
6874,CRS3035RES1000mN2015000E3166000,11739757462,
6875,CRS3035RES1000mN2015000E3166000,12178446726,
6876,CRS3035RES1000mN2015000E3166000,12407425114,
6877,CRS3035RES1000mN2015000E3166000,12865480228,
6878,CRS3035RES1000mN2015000E3166000,2960630,
6879,CRS3035RES1000mN2015000E3166000,3554044,
6880,CRS3035RES1000mN2015000E3166000,3557906,
6881,CRS3035RES1000mN2015000E3166000,5231361,
6882,CRS3035RES1000mN2015000E3166000,9314566,
6883,CRS3035RES1000mN2015000E3166000,13696257,
6884,CRS3035RES1000mN2015000E3166000,15996131,
6885,CRS3035RES1000mN2015000E3166000,23526191,
6886,CRS3035RES1000mN2015000E3166000,23545719,
6887,CRS3035RES1000mN2015000E3166000,30599279,
6888,CRS3035RES1000mN2015000E3166000,30649229,
6889,CRS3035RES1000mN2015000E3166000,32198651,
6890,CRS3035RES1000mN2015000E3166000,34945111,
6891,CRS3035RES1000mN2015000E3166000,50170625,
6892,CRS3035RES1000mN2015000E3166000,82887228,
6893,CRS3035RES1000mN2015000E3166000,92484952,
6894,CRS3035RES1000mN2015000E3166000,95794713,
6895,CRS3035RES1000mN2015000E3166000,96418670,
6896,CRS3035RES1000mN2015000E3166000,98502686,
6897,CRS3035RES1000mN2015000E3166000,132613257,
6898,CRS3035RES1000mN2015000E3166000,135036040,
6899,CRS3035RES1000mN2015000E3166000,150772489,
6900,CRS3035RES1000mN2015000E3166000,154118456,
6901,CRS3035RES1000mN2015000E3166000,157375776,
6902,CRS3035RES1000mN2015000E3166000,158211204,
6903,CRS3035RES1000mN2015000E3166000,162072415,
6904,CRS3035RES1000mN2015000E3166000,162117720,
6905,CRS3035RES1000mN2015000E3166000,170487273,
6906,CRS3035RES1000mN2015000E3166000,172686062,
6907,CRS3035RES1000mN2015000E3166000,174318235,
6908,CRS3035RES1000mN2015000E3166000,174318237,
6909,CRS3035RES1000mN2015000E3166000,205060159,
6910,CRS3035RES1000mN2015000E3166000,205757163,
6911,CRS3035RES1000mN2015000E3166000,221095520,
6912,CRS3035RES1000mN2015000E3166000,224503374,
6913,CRS3035RES1000mN2015000E3166000,227333462,
6914,CRS3035RES1000mN2015000E3166000,229117454,
6915,CRS3035RES1000mN2015000E3166000,261460389,
6916,CRS3035RES1000mN2015000E3166000,283450022,
6917,CRS3035RES1000mN2015000E3166000,288994040,
6918,CRS3035RES1000mN2015000E3166000,296744564,
6919,CRS3035RES1000mN2015000E3166000,297526406,
6920,CRS3035RES1000mN2015000E3166000,300709861,
6921,CRS3035RES1000mN2015000E3166000,301444634,
6922,CRS3035RES1000mN2015000E3166000,302721609,
6923,CRS3035RES1000mN2015000E3166000,308195630,
6924,CRS3035RES1000mN2015000E3166000,312777902,
6925,CRS3035RES1000mN2015000E3166000,330154630,
6926,CRS3035RES1000mN2015000E3166000,340205456,
6927,CRS3035RES1000mN2015000E3166000,367883612,
6928,CRS3035RES1000mN2015000E3166000,368211943,
6929,CRS3035RES1000mN2015000E3166000,374180360,
6930,CRS3035RES1000mN2015000E3166000,375369499,
6931,CRS3035RES1000mN2015000E3166000,383494544,
6932,CRS3035RES1000mN2015000E3166000,384574591,
6933,CRS3035RES1000mN2015000E3166000,403538322,
6934,CRS3035RES1000mN2015000E3166000,403859503,
6935,CRS3035RES1000mN2015000E3166000,437050442,
6936,CRS3035RES1000mN2015000E3166000,459881697,
6937,CRS3035RES1000mN2015000E3166000,477278425,
6938,CRS3035RES1000mN2015000E3166000,486879235,
6939,CRS3035RES1000mN2015000E3166000,493748377,
6940,CRS3035RES1000mN2015000E3166000,498234201,
6941,CRS3035RES1000mN2015000E3166000,504315026,
6942,CRS3035RES1000mN2015000E3166000,548701490,
6943,CRS3035RES1000mN2015000E3166000,574210084,
6944,CRS3035RES1000mN2015000E3166000,576094143,
6945,CRS3035RES1000mN2015000E3166000,584409067,
6946,CRS3035RES1000mN2015000E3166000,635512756,
6947,CRS3035RES1000mN2015000E3166000,638492224,
6948,CRS3035RES1000mN2015000E3166000,653913062,
6949,CRS3035RES1000mN2015000E3166000,659866770,
6950,CRS3035RES1000mN2015000E3166000,697717972,
6951,CRS3035RES1000mN2015000E3166000,717194862,
6952,CRS3035RES1000mN2015000E3166000,736899303,
6953,CRS3035RES1000mN2015000E3166000,738042217,
6954,CRS3035RES1000mN2015000E3166000,839611983,
6955,CRS3035RES1000mN2015000E3166000,957893520,
6956,CRS3035RES1000mN2015000E3166000,963308110,
6957,CRS3035RES1000mN2015000E3166000,1073283182,
6958,CRS3035RES1000mN2015000E3166000,1252864015,
6959,CRS3035RES1000mN2015000E3166000,1283203658,
6960,CRS3035RES1000mN2015000E3167000,25526,
6961,CRS3035RES1000mN2015000E3167000,1774,
6962,CRS3035RES1000mN2015000E3167000,1770,
6963,CRS3035RES1000mN2015000E3167000,1773,
6964,CRS3035RES1000mN2015000E3167000,1771,
6965,CRS3035RES1000mN2015000E3167000,123303,
6966,CRS3035RES1000mN2015000E3167000,1764,
6967,CRS3035RES1000mN2015000E3167000,181101,
6968,CRS3035RES1000mN2015000E3167000,5765642,
6969,CRS3035RES1000mN2015000E3167000,86719,
6970,CRS3035RES1000mN2015000E3167000,1800,
6971,CRS3035RES1000mN2015000E3167000,1757,
6972,CRS3035RES1000mN2015000E3167000,1755,
6973,CRS3035RES1000mN2015000E3167000,1882,
6974,CRS3035RES1000mN2015000E3167000,1745,
6975,CRS3035RES1000mN2015000E3167000,1794,
6976,CRS3035RES1000mN2015000E3167000,1762,
6977,CRS3035RES1000mN2015000E3167000,51188,
6978,CRS3035RES1000mN2015000E3167000,6893633,
6979,CRS3035RES1000mN2015000E3167000,167128,
6980,CRS3035RES1000mN2015000E3167000,1760,
6981,CRS3035RES1000mN2015000E3167000,12773298,
6982,CRS3035RES1000mN2015000E3167000,1754,
6983,CRS3035RES1000mN2015000E3167000,1748,
6984,CRS3035RES1000mN2015000E3167000,79941,
6985,CRS3035RES1000mN2015000E3167000,1750,
6986,CRS3035RES1000mN2015000E3167000,5975465,
6987,CRS3035RES1000mN2015000E3167000,115056,
6988,CRS3035RES1000mN2015000E3167000,1790,
6989,CRS3035RES1000mN2015000E3167000,1756,
6990,CRS3035RES1000mN2015000E3167000,51849,
6991,CRS3035RES1000mN2015000E3167000,185595,
6992,CRS3035RES1000mN2015000E3167000,7697128,
6993,CRS3035RES1000mN2015000E3167000,10395362,
6994,CRS3035RES1000mN2015000E3167000,1759,
6995,CRS3035RES1000mN2015000E3167000,1752,
6996,CRS3035RES1000mN2015000E3167000,186714,
6997,CRS3035RES1000mN2015000E3167000,1753,
6998,CRS3035RES1000mN2015000E3167000,1792,
6999,CRS3035RES1000mN2015000E3167000,1763,
7000,CRS3035RES1000mN2015000E3167000,1746,
7001,CRS3035RES1000mN2015000E3167000,11572165,
7002,CRS3035RES1000mN2015000E3167000,1761,
7003,CRS3035RES1000mN2015000E3167000,1747,
7004,CRS3035RES1000mN2015000E3167000,5768564,
7005,CRS3035RES1000mN2015000E3167000,1798,
7006,CRS3035RES1000mN2015000E3167000,66904,
7007,CRS3035RES1000mN2015000E3167000,1777,
7008,CRS3035RES1000mN2015000E3167000,1765,
7009,CRS3035RES1000mN2015000E3167000,49416,
7010,CRS3035RES1000mN2015000E3167000,12734939,
7011,CRS3035RES1000mN2015000E3167000,167386167,
7012,CRS3035RES1000mN2015000E3167000,295933804,
7013,CRS3035RES1000mN2015000E3167000,303340017,
7014,CRS3035RES1000mN2015000E3167000,315355551,
7015,CRS3035RES1000mN2015000E3167000,339084977,
7016,CRS3035RES1000mN2015000E3167000,412911553,
7017,CRS3035RES1000mN2015000E3167000,558126037,
7018,CRS3035RES1000mN2015000E3167000,711789768,
7019,CRS3035RES1000mN2015000E3167000,727666062,
7020,CRS3035RES1000mN2015000E3167000,848085869,
7021,CRS3035RES1000mN2015000E3167000,1056098898,
7022,CRS3035RES1000mN2015000E3167000,1255438242,
7023,CRS3035RES1000mN2015000E3167000,1469985039,
7024,CRS3035RES1000mN2015000E3167000,1504302537,
7025,CRS3035RES1000mN2015000E3167000,1511617504,
7026,CRS3035RES1000mN2015000E3167000,1541601287,
7027,CRS3035RES1000mN2015000E3167000,1544591296,
7028,CRS3035RES1000mN2015000E3167000,1598174183,
7029,CRS3035RES1000mN2015000E3167000,1629887846,
7030,CRS3035RES1000mN2015000E3167000,1686660176,
7031,CRS3035RES1000mN2015000E3167000,1716927336,
7032,CRS3035RES1000mN2015000E3167000,1734554324,
7033,CRS3035RES1000mN2015000E3167000,1849109335,
7034,CRS3035RES1000mN2015000E3167000,2028408680,
7035,CRS3035RES1000mN2015000E3167000,2036887702,
7036,CRS3035RES1000mN2015000E3167000,2061404218,
7037,CRS3035RES1000mN2015000E3167000,2134238030,
7038,CRS3035RES1000mN2015000E3167000,2261600754,
7039,CRS3035RES1000mN2015000E3167000,2301402027,
7040,CRS3035RES1000mN2015000E3167000,2303966810,
7041,CRS3035RES1000mN2015000E3167000,2312029862,
7042,CRS3035RES1000mN2015000E3167000,2408860250,
7043,CRS3035RES1000mN2015000E3167000,2620185829,
7044,CRS3035RES1000mN2015000E3167000,2622508931,
7045,CRS3035RES1000mN2015000E3167000,2672130951,
7046,CRS3035RES1000mN2015000E3167000,2710518818,
7047,CRS3035RES1000mN2015000E3167000,3034026261,
7048,CRS3035RES1000mN2015000E3167000,3179889751,
7049,CRS3035RES1000mN2015000E3167000,3206611978,
7050,CRS3035RES1000mN2015000E3167000,3272828439,
7051,CRS3035RES1000mN2015000E3167000,3452364276,
7052,CRS3035RES1000mN2015000E3167000,3452364277,
7053,CRS3035RES1000mN2015000E3167000,3495733197,
7054,CRS3035RES1000mN2015000E3167000,3497154853,
7055,CRS3035RES1000mN2015000E3167000,3517755445,
7056,CRS3035RES1000mN2015000E3167000,3522125657,
7057,CRS3035RES1000mN2015000E3167000,3526751794,
7058,CRS3035RES1000mN2015000E3167000,3839306060,
7059,CRS3035RES1000mN2015000E3167000,4214697664,
7060,CRS3035RES1000mN2015000E3167000,4338252586,
7061,CRS3035RES1000mN2015000E3167000,4401271633,
7062,CRS3035RES1000mN2015000E3167000,4515476768,
7063,CRS3035RES1000mN2015000E3167000,4569910891,
7064,CRS3035RES1000mN2015000E3167000,4703730491,
7065,CRS3035RES1000mN2015000E3167000,4707870392,
7066,CRS3035RES1000mN2015000E3167000,4789037769,
7067,CRS3035RES1000mN2015000E3167000,4794233143,
7068,CRS3035RES1000mN2015000E3167000,4870405674,
7069,CRS3035RES1000mN2015000E3167000,5139379922,
7070,CRS3035RES1000mN2015000E3167000,5160337425,
7071,CRS3035RES1000mN2015000E3167000,5196199575,
7072,CRS3035RES1000mN2015000E3167000,5341570554,
7073,CRS3035RES1000mN2015000E3167000,5345949864,
7074,CRS3035RES1000mN2015000E3167000,5448507385,
7075,CRS3035RES1000mN2015000E3167000,5604693894,
7076,CRS3035RES1000mN2015000E3167000,5670401989,
7077,CRS3035RES1000mN2015000E3167000,5942671299,
7078,CRS3035RES1000mN2015000E3167000,5943980960,
7079,CRS3035RES1000mN2015000E3167000,6185791451,
7080,CRS3035RES1000mN2015000E3167000,6188948286,
7081,CRS3035RES1000mN2015000E3167000,6555800191,
7082,CRS3035RES1000mN2015000E3167000,6885254479,
7083,CRS3035RES1000mN2015000E3167000,7222611268,
7084,CRS3035RES1000mN2015000E3167000,7408961006,
7085,CRS3035RES1000mN2015000E3167000,7619964683,
7086,CRS3035RES1000mN2015000E3167000,7836562695,
7087,CRS3035RES1000mN2015000E3167000,8493729364,
7088,CRS3035RES1000mN2015000E3167000,8557885377,
7089,CRS3035RES1000mN2015000E3167000,8807212208,
7090,CRS3035RES1000mN2015000E3167000,8844229173,
7091,CRS3035RES1000mN2015000E3167000,8878422600,
7092,CRS3035RES1000mN2015000E3167000,9595709188,
7093,CRS3035RES1000mN2015000E3167000,9611387099,
7094,CRS3035RES1000mN2015000E3167000,9712656915,
7095,CRS3035RES1000mN2015000E3167000,9713142744,
7096,CRS3035RES1000mN2015000E3167000,9815746657,
7097,CRS3035RES1000mN2015000E3167000,10004871512,
7098,CRS3035RES1000mN2015000E3167000,10281174134,
7099,CRS3035RES1000mN2015000E3167000,10580337411,
7100,CRS3035RES1000mN2015000E3167000,10899442604,
7101,CRS3035RES1000mN2015000E3167000,10922657146,
7102,CRS3035RES1000mN2015000E3167000,11127499928,
7103,CRS3035RES1000mN2015000E3167000,11143725881,
7104,CRS3035RES1000mN2015000E3167000,11243087140,
7105,CRS3035RES1000mN2015000E3167000,11269399969,
7106,CRS3035RES1000mN2015000E3167000,11287269362,
7107,CRS3035RES1000mN2015000E3167000,11287269363,
7108,CRS3035RES1000mN2015000E3167000,11369705764,
7109,CRS3035RES1000mN2015000E3167000,11387776374,
7110,CRS3035RES1000mN2015000E3167000,11461799040,
7111,CRS3035RES1000mN2015000E3167000,11462802981,
7112,CRS3035RES1000mN2015000E3167000,11652077658,
7113,CRS3035RES1000mN2015000E3167000,11691390164,
7114,CRS3035RES1000mN2015000E3167000,11739757462,
7115,CRS3035RES1000mN2015000E3167000,12178446726,
7116,CRS3035RES1000mN2015000E3167000,12407425114,
7117,CRS3035RES1000mN2015000E3167000,12865480228,
7118,CRS3035RES1000mN2015000E3167000,2960630,
7119,CRS3035RES1000mN2015000E3167000,3554044,
7120,CRS3035RES1000mN2015000E3167000,3557906,
7121,CRS3035RES1000mN2015000E3167000,5231361,
7122,CRS3035RES1000mN2015000E3167000,9314566,
7123,CRS3035RES1000mN2015000E3167000,13696257,
7124,CRS3035RES1000mN2015000E3167000,15996131,
7125,CRS3035RES1000mN2015000E3167000,23526191,
7126,CRS3035RES1000mN2015000E3167000,23545719,
7127,CRS3035RES1000mN2015000E3167000,30599279,
7128,CRS3035RES1000mN2015000E3167000,30649229,
7129,CRS3035RES1000mN2015000E3167000,32198651,
7130,CRS3035RES1000mN2015000E3167000,34945111,
7131,CRS3035RES1000mN2015000E3167000,50170625,
7132,CRS3035RES1000mN2015000E3167000,82887228,
7133,CRS3035RES1000mN2015000E3167000,92484952,
7134,CRS3035RES1000mN2015000E3167000,95794713,
7135,CRS3035RES1000mN2015000E3167000,96418670,
7136,CRS3035RES1000mN2015000E3167000,98502686,
7137,CRS3035RES1000mN2015000E3167000,132613257,
7138,CRS3035RES1000mN2015000E3167000,135036040,
7139,CRS3035RES1000mN2015000E3167000,150772489,
7140,CRS3035RES1000mN2015000E3167000,154118456,
7141,CRS3035RES1000mN2015000E3167000,157375776,
7142,CRS3035RES1000mN2015000E3167000,158211204,
7143,CRS3035RES1000mN2015000E3167000,162072415,
7144,CRS3035RES1000mN2015000E3167000,162117720,
7145,CRS3035RES1000mN2015000E3167000,170487273,
7146,CRS3035RES1000mN2015000E3167000,172686062,
7147,CRS3035RES1000mN2015000E3167000,174318235,
7148,CRS3035RES1000mN2015000E3167000,174318237,
7149,CRS3035RES1000mN2015000E3167000,205060159,
7150,CRS3035RES1000mN2015000E3167000,205757163,
7151,CRS3035RES1000mN2015000E3167000,221095520,
7152,CRS3035RES1000mN2015000E3167000,224503374,
7153,CRS3035RES1000mN2015000E3167000,227333462,
7154,CRS3035RES1000mN2015000E3167000,229117454,
7155,CRS3035RES1000mN2015000E3167000,261460389,
7156,CRS3035RES1000mN2015000E3167000,283450022,
7157,CRS3035RES1000mN2015000E3167000,288994040,
7158,CRS3035RES1000mN2015000E3167000,296744564,
7159,CRS3035RES1000mN2015000E3167000,297526406,
7160,CRS3035RES1000mN2015000E3167000,300709861,
7161,CRS3035RES1000mN2015000E3167000,301444634,
7162,CRS3035RES1000mN2015000E3167000,302721609,
7163,CRS3035RES1000mN2015000E3167000,308195630,
7164,CRS3035RES1000mN2015000E3167000,312777902,
7165,CRS3035RES1000mN2015000E3167000,330154630,
7166,CRS3035RES1000mN2015000E3167000,340205456,
7167,CRS3035RES1000mN2015000E3167000,367883612,
7168,CRS3035RES1000mN2015000E3167000,368211943,
7169,CRS3035RES1000mN2015000E3167000,374180360,
7170,CRS3035RES1000mN2015000E3167000,375369499,
7171,CRS3035RES1000mN2015000E3167000,383494544,
7172,CRS3035RES1000mN2015000E3167000,384574591,
7173,CRS3035RES1000mN2015000E3167000,403538322,
7174,CRS3035RES1000mN2015000E3167000,403859503,
7175,CRS3035RES1000mN2015000E3167000,437050442,
7176,CRS3035RES1000mN2015000E3167000,459881697,
7177,CRS3035RES1000mN2015000E3167000,477278425,
7178,CRS3035RES1000mN2015000E3167000,486879235,
7179,CRS3035RES1000mN2015000E3167000,493748377,
7180,CRS3035RES1000mN2015000E3167000,498234201,
7181,CRS3035RES1000mN2015000E3167000,504315026,
7182,CRS3035RES1000mN2015000E3167000,548701490,
7183,CRS3035RES1000mN2015000E3167000,574210084,
7184,CRS3035RES1000mN2015000E3167000,576094143,
7185,CRS3035RES1000mN2015000E3167000,584409067,
7186,CRS3035RES1000mN2015000E3167000,635512756,
7187,CRS3035RES1000mN2015000E3167000,638492224,
7188,CRS3035RES1000mN2015000E3167000,653913062,
7189,CRS3035RES1000mN2015000E3167000,659866770,
7190,CRS3035RES1000mN2015000E3167000,697717972,
7191,CRS3035RES1000mN2015000E3167000,717194862,
7192,CRS3035RES1000mN2015000E3167000,736899303,
7193,CRS3035RES1000mN2015000E3167000,738042217,
7194,CRS3035RES1000mN2015000E3167000,839611983,
7195,CRS3035RES1000mN2015000E3167000,957893520,
7196,CRS3035RES1000mN2015000E3167000,963308110,
7197,CRS3035RES1000mN2015000E3167000,1073283182,
7198,CRS3035RES1000mN2015000E3167000,1252864015,
7199,CRS3035RES1000mN2015000E3167000,1283203658,
7200,CRS3035RES1000mN2016000E3152000,25526,58.0
7201,CRS3035RES1000mN2016000E3152000,1774,54.0
7202,CRS3035RES1000mN2016000E3152000,1770,81.0
7203,CRS3035RES1000mN2016000E3152000,1773,70.0
7204,CRS3035RES1000mN2016000E3152000,1771,66.0
7205,CRS3035RES1000mN2016000E3152000,123303,62.0
7206,CRS3035RES1000mN2016000E3152000,1764,60.0
7207,CRS3035RES1000mN2016000E3152000,181101,63.0
7208,CRS3035RES1000mN2016000E3152000,5765642,52.0
7209,CRS3035RES1000mN2016000E3152000,86719,42.0
7210,CRS3035RES1000mN2016000E3152000,1800,65.0
7211,CRS3035RES1000mN2016000E3152000,1757,64.0
7212,CRS3035RES1000mN2016000E3152000,1755,65.0
7213,CRS3035RES1000mN2016000E3152000,1882,65.0
7214,CRS3035RES1000mN2016000E3152000,1745,76.0
7215,CRS3035RES1000mN2016000E3152000,1794,75.0
7216,CRS3035RES1000mN2016000E3152000,1762,65.0
7217,CRS3035RES1000mN2016000E3152000,51188,68.0
7218,CRS3035RES1000mN2016000E3152000,6893633,61.0
7219,CRS3035RES1000mN2016000E3152000,167128,67.0
7220,CRS3035RES1000mN2016000E3152000,1760,71.0
7221,CRS3035RES1000mN2016000E3152000,12773298,40.0
7222,CRS3035RES1000mN2016000E3152000,1754,58.0
7223,CRS3035RES1000mN2016000E3152000,1748,62.0
7224,CRS3035RES1000mN2016000E3152000,79941,80.0
7225,CRS3035RES1000mN2016000E3152000,1750,74.0
7226,CRS3035RES1000mN2016000E3152000,5975465,56.0
7227,CRS3035RES1000mN2016000E3152000,115056,83.0
7228,CRS3035RES1000mN2016000E3152000,1790,76.0
7229,CRS3035RES1000mN2016000E3152000,1756,57.0
7230,CRS3035RES1000mN2016000E3152000,51849,68.0
7231,CRS3035RES1000mN2016000E3152000,185595,70.0
7232,CRS3035RES1000mN2016000E3152000,7697128,54.0
7233,CRS3035RES1000mN2016000E3152000,10395362,84.0
7234,CRS3035RES1000mN2016000E3152000,1759,72.0
7235,CRS3035RES1000mN2016000E3152000,1752,67.0
7236,CRS3035RES1000mN2016000E3152000,186714,70.0
7237,CRS3035RES1000mN2016000E3152000,1753,59.0
7238,CRS3035RES1000mN2016000E3152000,1792,57.0
7239,CRS3035RES1000mN2016000E3152000,1763,64.0
7240,CRS3035RES1000mN2016000E3152000,1746,74.0
7241,CRS3035RES1000mN2016000E3152000,11572165,54.0
7242,CRS3035RES1000mN2016000E3152000,1761,54.0
7243,CRS3035RES1000mN2016000E3152000,1747,67.0
7244,CRS3035RES1000mN2016000E3152000,5768564,62.0
7245,CRS3035RES1000mN2016000E3152000,1798,59.0
7246,CRS3035RES1000mN2016000E3152000,66904,77.0
7247,CRS3035RES1000mN2016000E3152000,1777,60.0
7248,CRS3035RES1000mN2016000E3152000,1765,67.0
7249,CRS3035RES1000mN2016000E3152000,49416,59.0
7250,CRS3035RES1000mN2016000E3152000,12734939,59.0
7251,CRS3035RES1000mN2016000E3152000,167386167,53.0
7252,CRS3035RES1000mN2016000E3152000,295933804,71.0
7253,CRS3035RES1000mN2016000E3152000,303340017,75.0
7254,CRS3035RES1000mN2016000E3152000,315355551,85.0
7255,CRS3035RES1000mN2016000E3152000,339084977,57.0
7256,CRS3035RES1000mN2016000E3152000,412911553,71.0
7257,CRS3035RES1000mN2016000E3152000,558126037,79.0
7258,CRS3035RES1000mN2016000E3152000,711789768,66.0
7259,CRS3035RES1000mN2016000E3152000,727666062,
7260,CRS3035RES1000mN2016000E3152000,848085869,30.0
7261,CRS3035RES1000mN2016000E3152000,1056098898,76.0
7262,CRS3035RES1000mN2016000E3152000,1255438242,114.0
7263,CRS3035RES1000mN2016000E3152000,1469985039,72.0
7264,CRS3035RES1000mN2016000E3152000,1504302537,97.0
7265,CRS3035RES1000mN2016000E3152000,1511617504,54.0
7266,CRS3035RES1000mN2016000E3152000,1541601287,98.0
7267,CRS3035RES1000mN2016000E3152000,1544591296,76.0
7268,CRS3035RES1000mN2016000E3152000,1598174183,83.0
7269,CRS3035RES1000mN2016000E3152000,1629887846,87.0
7270,CRS3035RES1000mN2016000E3152000,1686660176,85.0
7271,CRS3035RES1000mN2016000E3152000,1716927336,45.0
7272,CRS3035RES1000mN2016000E3152000,1734554324,92.0
7273,CRS3035RES1000mN2016000E3152000,1849109335,80.0
7274,CRS3035RES1000mN2016000E3152000,2028408680,63.0
7275,CRS3035RES1000mN2016000E3152000,2036887702,
7276,CRS3035RES1000mN2016000E3152000,2061404218,87.0
7277,CRS3035RES1000mN2016000E3152000,2134238030,94.0
7278,CRS3035RES1000mN2016000E3152000,2261600754,
7279,CRS3035RES1000mN2016000E3152000,2301402027,94.0
7280,CRS3035RES1000mN2016000E3152000,2303966810,63.0
7281,CRS3035RES1000mN2016000E3152000,2312029862,84.0
7282,CRS3035RES1000mN2016000E3152000,2408860250,105.0
7283,CRS3035RES1000mN2016000E3152000,2620185829,71.0
7284,CRS3035RES1000mN2016000E3152000,2622508931,74.0
7285,CRS3035RES1000mN2016000E3152000,2672130951,90.0
7286,CRS3035RES1000mN2016000E3152000,2710518818,87.0
7287,CRS3035RES1000mN2016000E3152000,3034026261,93.0
7288,CRS3035RES1000mN2016000E3152000,3179889751,115.0
7289,CRS3035RES1000mN2016000E3152000,3206611978,
7290,CRS3035RES1000mN2016000E3152000,3272828439,31.0
7291,CRS3035RES1000mN2016000E3152000,3452364276,88.0
7292,CRS3035RES1000mN2016000E3152000,3452364277,69.0
7293,CRS3035RES1000mN2016000E3152000,3495733197,
7294,CRS3035RES1000mN2016000E3152000,3497154853,
7295,CRS3035RES1000mN2016000E3152000,3517755445,
7296,CRS3035RES1000mN2016000E3152000,3522125657,
7297,CRS3035RES1000mN2016000E3152000,3526751794,92.0
7298,CRS3035RES1000mN2016000E3152000,3839306060,87.0
7299,CRS3035RES1000mN2016000E3152000,4214697664,66.0
7300,CRS3035RES1000mN2016000E3152000,4338252586,80.0
7301,CRS3035RES1000mN2016000E3152000,4401271633,98.0
7302,CRS3035RES1000mN2016000E3152000,4515476768,62.0
7303,CRS3035RES1000mN2016000E3152000,4569910891,59.0
7304,CRS3035RES1000mN2016000E3152000,4703730491,82.0
7305,CRS3035RES1000mN2016000E3152000,4707870392,80.0
7306,CRS3035RES1000mN2016000E3152000,4789037769,61.0
7307,CRS3035RES1000mN2016000E3152000,4794233143,
7308,CRS3035RES1000mN2016000E3152000,4870405674,63.0
7309,CRS3035RES1000mN2016000E3152000,5139379922,98.0
7310,CRS3035RES1000mN2016000E3152000,5160337425,69.0
7311,CRS3035RES1000mN2016000E3152000,5196199575,83.0
7312,CRS3035RES1000mN2016000E3152000,5341570554,61.0
7313,CRS3035RES1000mN2016000E3152000,5345949864,84.0
7314,CRS3035RES1000mN2016000E3152000,5448507385,
7315,CRS3035RES1000mN2016000E3152000,5604693894,77.0
7316,CRS3035RES1000mN2016000E3152000,5670401989,
7317,CRS3035RES1000mN2016000E3152000,5942671299,86.0
7318,CRS3035RES1000mN2016000E3152000,5943980960,71.0
7319,CRS3035RES1000mN2016000E3152000,6185791451,
7320,CRS3035RES1000mN2016000E3152000,6188948286,77.0
7321,CRS3035RES1000mN2016000E3152000,6555800191,35.0
7322,CRS3035RES1000mN2016000E3152000,6885254479,80.0
7323,CRS3035RES1000mN2016000E3152000,7222611268,
7324,CRS3035RES1000mN2016000E3152000,7408961006,117.0
7325,CRS3035RES1000mN2016000E3152000,7619964683,117.0
7326,CRS3035RES1000mN2016000E3152000,7836562695,94.0
7327,CRS3035RES1000mN2016000E3152000,8493729364,53.0
7328,CRS3035RES1000mN2016000E3152000,8557885377,106.0
7329,CRS3035RES1000mN2016000E3152000,8807212208,64.0
7330,CRS3035RES1000mN2016000E3152000,8844229173,67.0
7331,CRS3035RES1000mN2016000E3152000,8878422600,93.0
7332,CRS3035RES1000mN2016000E3152000,9595709188,74.0
7333,CRS3035RES1000mN2016000E3152000,9611387099,57.0
7334,CRS3035RES1000mN2016000E3152000,9712656915,67.0
7335,CRS3035RES1000mN2016000E3152000,9713142744,62.0
7336,CRS3035RES1000mN2016000E3152000,9815746657,103.0
7337,CRS3035RES1000mN2016000E3152000,10004871512,85.0
7338,CRS3035RES1000mN2016000E3152000,10281174134,
7339,CRS3035RES1000mN2016000E3152000,10580337411,91.0
7340,CRS3035RES1000mN2016000E3152000,10899442604,27.0
7341,CRS3035RES1000mN2016000E3152000,10922657146,25.0
7342,CRS3035RES1000mN2016000E3152000,11127499928,93.0
7343,CRS3035RES1000mN2016000E3152000,11143725881,85.0
7344,CRS3035RES1000mN2016000E3152000,11243087140,88.0
7345,CRS3035RES1000mN2016000E3152000,11269399969,82.0
7346,CRS3035RES1000mN2016000E3152000,11287269362,91.0
7347,CRS3035RES1000mN2016000E3152000,11287269363,100.0
7348,CRS3035RES1000mN2016000E3152000,11369705764,98.0
7349,CRS3035RES1000mN2016000E3152000,11387776374,71.0
7350,CRS3035RES1000mN2016000E3152000,11461799040,
7351,CRS3035RES1000mN2016000E3152000,11462802981,54.0
7352,CRS3035RES1000mN2016000E3152000,11652077658,85.0
7353,CRS3035RES1000mN2016000E3152000,11691390164,70.0
7354,CRS3035RES1000mN2016000E3152000,11739757462,29.0
7355,CRS3035RES1000mN2016000E3152000,12178446726,68.0
7356,CRS3035RES1000mN2016000E3152000,12407425114,98.0
7357,CRS3035RES1000mN2016000E3152000,12865480228,88.0
7358,CRS3035RES1000mN2016000E3152000,2960630,47.0
7359,CRS3035RES1000mN2016000E3152000,3554044,48.0
7360,CRS3035RES1000mN2016000E3152000,3557906,25.0
7361,CRS3035RES1000mN2016000E3152000,5231361,77.0
7362,CRS3035RES1000mN2016000E3152000,9314566,96.0
7363,CRS3035RES1000mN2016000E3152000,13696257,100.0
7364,CRS3035RES1000mN2016000E3152000,15996131,77.0
7365,CRS3035RES1000mN2016000E3152000,23526191,77.0
7366,CRS3035RES1000mN2016000E3152000,23545719,78.0
7367,CRS3035RES1000mN2016000E3152000,30599279,38.0
7368,CRS3035RES1000mN2016000E3152000,30649229,74.0
7369,CRS3035RES1000mN2016000E3152000,32198651,
7370,CRS3035RES1000mN2016000E3152000,34945111,18.0
7371,CRS3035RES1000mN2016000E3152000,50170625,102.0
7372,CRS3035RES1000mN2016000E3152000,82887228,99.0
7373,CRS3035RES1000mN2016000E3152000,92484952,95.0
7374,CRS3035RES1000mN2016000E3152000,95794713,70.0
7375,CRS3035RES1000mN2016000E3152000,96418670,31.0
7376,CRS3035RES1000mN2016000E3152000,98502686,81.0
7377,CRS3035RES1000mN2016000E3152000,132613257,71.0
7378,CRS3035RES1000mN2016000E3152000,135036040,77.0
7379,CRS3035RES1000mN2016000E3152000,150772489,75.0
7380,CRS3035RES1000mN2016000E3152000,154118456,93.0
7381,CRS3035RES1000mN2016000E3152000,157375776,90.0
7382,CRS3035RES1000mN2016000E3152000,158211204,40.0
7383,CRS3035RES1000mN2016000E3152000,162072415,29.0
7384,CRS3035RES1000mN2016000E3152000,162117720,95.0
7385,CRS3035RES1000mN2016000E3152000,170487273,117.0
7386,CRS3035RES1000mN2016000E3152000,172686062,55.0
7387,CRS3035RES1000mN2016000E3152000,174318235,32.0
7388,CRS3035RES1000mN2016000E3152000,174318237,23.0
7389,CRS3035RES1000mN2016000E3152000,205060159,
7390,CRS3035RES1000mN2016000E3152000,205757163,
7391,CRS3035RES1000mN2016000E3152000,221095520,93.0
7392,CRS3035RES1000mN2016000E3152000,224503374,68.0
7393,CRS3035RES1000mN2016000E3152000,227333462,87.0
7394,CRS3035RES1000mN2016000E3152000,229117454,84.0
7395,CRS3035RES1000mN2016000E3152000,261460389,
7396,CRS3035RES1000mN2016000E3152000,283450022,58.0
7397,CRS3035RES1000mN2016000E3152000,288994040,49.0
7398,CRS3035RES1000mN2016000E3152000,296744564,116.0
7399,CRS3035RES1000mN2016000E3152000,297526406,82.0
7400,CRS3035RES1000mN2016000E3152000,300709861,45.0
7401,CRS3035RES1000mN2016000E3152000,301444634,
7402,CRS3035RES1000mN2016000E3152000,302721609,51.0
7403,CRS3035RES1000mN2016000E3152000,308195630,112.0
7404,CRS3035RES1000mN2016000E3152000,312777902,59.0
7405,CRS3035RES1000mN2016000E3152000,330154630,
7406,CRS3035RES1000mN2016000E3152000,340205456,72.0
7407,CRS3035RES1000mN2016000E3152000,367883612,96.0
7408,CRS3035RES1000mN2016000E3152000,368211943,95.0
7409,CRS3035RES1000mN2016000E3152000,374180360,92.0
7410,CRS3035RES1000mN2016000E3152000,375369499,87.0
7411,CRS3035RES1000mN2016000E3152000,383494544,74.0
7412,CRS3035RES1000mN2016000E3152000,384574591,24.0
7413,CRS3035RES1000mN2016000E3152000,403538322,113.0
7414,CRS3035RES1000mN2016000E3152000,403859503,72.0
7415,CRS3035RES1000mN2016000E3152000,437050442,42.0
7416,CRS3035RES1000mN2016000E3152000,459881697,88.0
7417,CRS3035RES1000mN2016000E3152000,477278425,
7418,CRS3035RES1000mN2016000E3152000,486879235,
7419,CRS3035RES1000mN2016000E3152000,493748377,37.0
7420,CRS3035RES1000mN2016000E3152000,498234201,44.0
7421,CRS3035RES1000mN2016000E3152000,504315026,89.0
7422,CRS3035RES1000mN2016000E3152000,548701490,80.0
7423,CRS3035RES1000mN2016000E3152000,574210084,94.0
7424,CRS3035RES1000mN2016000E3152000,576094143,39.0
7425,CRS3035RES1000mN2016000E3152000,584409067,87.0
7426,CRS3035RES1000mN2016000E3152000,635512756,82.0
7427,CRS3035RES1000mN2016000E3152000,638492224,109.0
7428,CRS3035RES1000mN2016000E3152000,653913062,91.0
7429,CRS3035RES1000mN2016000E3152000,659866770,81.0
7430,CRS3035RES1000mN2016000E3152000,697717972,46.0
7431,CRS3035RES1000mN2016000E3152000,717194862,106.0
7432,CRS3035RES1000mN2016000E3152000,736899303,107.0
7433,CRS3035RES1000mN2016000E3152000,738042217,51.0
7434,CRS3035RES1000mN2016000E3152000,839611983,118.0
7435,CRS3035RES1000mN2016000E3152000,957893520,51.0
7436,CRS3035RES1000mN2016000E3152000,963308110,73.0
7437,CRS3035RES1000mN2016000E3152000,1073283182,48.0
7438,CRS3035RES1000mN2016000E3152000,1252864015,84.0
7439,CRS3035RES1000mN2016000E3152000,1283203658,75.0
7440,CRS3035RES1000mN2016000E3153000,25526,62.0
7441,CRS3035RES1000mN2016000E3153000,1774,58.0
7442,CRS3035RES1000mN2016000E3153000,1770,84.0
7443,CRS3035RES1000mN2016000E3153000,1773,74.0
7444,CRS3035RES1000mN2016000E3153000,1771,70.0
7445,CRS3035RES1000mN2016000E3153000,123303,60.0
7446,CRS3035RES1000mN2016000E3153000,1764,65.0
7447,CRS3035RES1000mN2016000E3153000,181101,75.0
7448,CRS3035RES1000mN2016000E3153000,5765642,53.0
7449,CRS3035RES1000mN2016000E3153000,86719,46.0
7450,CRS3035RES1000mN2016000E3153000,1800,69.0
7451,CRS3035RES1000mN2016000E3153000,1757,65.0
7452,CRS3035RES1000mN2016000E3153000,1755,64.0
7453,CRS3035RES1000mN2016000E3153000,1882,69.0
7454,CRS3035RES1000mN2016000E3153000,1745,78.0
7455,CRS3035RES1000mN2016000E3153000,1794,79.0
7456,CRS3035RES1000mN2016000E3153000,1762,67.0
7457,CRS3035RES1000mN2016000E3153000,51188,71.0
7458,CRS3035RES1000mN2016000E3153000,6893633,65.0
7459,CRS3035RES1000mN2016000E3153000,167128,78.0
7460,CRS3035RES1000mN2016000E3153000,1760,73.0
7461,CRS3035RES1000mN2016000E3153000,12773298,44.0
7462,CRS3035RES1000mN2016000E3153000,1754,60.0
7463,CRS3035RES1000mN2016000E3153000,1748,71.0
7464,CRS3035RES1000mN2016000E3153000,79941,81.0
7465,CRS3035RES1000mN2016000E3153000,1750,77.0
7466,CRS3035RES1000mN2016000E3153000,5975465,61.0
7467,CRS3035RES1000mN2016000E3153000,115056,86.0
7468,CRS3035RES1000mN2016000E3153000,1790,79.0
7469,CRS3035RES1000mN2016000E3153000,1756,56.0
7470,CRS3035RES1000mN2016000E3153000,51849,71.0
7471,CRS3035RES1000mN2016000E3153000,185595,72.0
7472,CRS3035RES1000mN2016000E3153000,7697128,60.0
7473,CRS3035RES1000mN2016000E3153000,10395362,90.0
7474,CRS3035RES1000mN2016000E3153000,1759,74.0
7475,CRS3035RES1000mN2016000E3153000,1752,71.0
7476,CRS3035RES1000mN2016000E3153000,186714,74.0
7477,CRS3035RES1000mN2016000E3153000,1753,64.0
7478,CRS3035RES1000mN2016000E3153000,1792,71.0
7479,CRS3035RES1000mN2016000E3153000,1763,67.0
7480,CRS3035RES1000mN2016000E3153000,1746,78.0
7481,CRS3035RES1000mN2016000E3153000,11572165,57.0
7482,CRS3035RES1000mN2016000E3153000,1761,59.0
7483,CRS3035RES1000mN2016000E3153000,1747,77.0
7484,CRS3035RES1000mN2016000E3153000,5768564,63.0
7485,CRS3035RES1000mN2016000E3153000,1798,62.0
7486,CRS3035RES1000mN2016000E3153000,66904,79.0
7487,CRS3035RES1000mN2016000E3153000,1777,62.0
7488,CRS3035RES1000mN2016000E3153000,1765,69.0
7489,CRS3035RES1000mN2016000E3153000,49416,73.0
7490,CRS3035RES1000mN2016000E3153000,12734939,73.0
7491,CRS3035RES1000mN2016000E3153000,167386167,55.0
7492,CRS3035RES1000mN2016000E3153000,295933804,74.0
7493,CRS3035RES1000mN2016000E3153000,303340017,98.0
7494,CRS3035RES1000mN2016000E3153000,315355551,91.0
7495,CRS3035RES1000mN2016000E3153000,339084977,60.0
7496,CRS3035RES1000mN2016000E3153000,412911553,73.0
7497,CRS3035RES1000mN2016000E3153000,558126037,84.0
7498,CRS3035RES1000mN2016000E3153000,711789768,75.0
7499,CRS3035RES1000mN2016000E3153000,727666062,
7500,CRS3035RES1000mN2016000E3153000,848085869,36.0
7501,CRS3035RES1000mN2016000E3153000,1056098898,78.0
7502,CRS3035RES1000mN2016000E3153000,1255438242,117.0
7503,CRS3035RES1000mN2016000E3153000,1469985039,86.0
7504,CRS3035RES1000mN2016000E3153000,1504302537,
7505,CRS3035RES1000mN2016000E3153000,1511617504,62.0
7506,CRS3035RES1000mN2016000E3153000,1541601287,100.0
7507,CRS3035RES1000mN2016000E3153000,1544591296,80.0
7508,CRS3035RES1000mN2016000E3153000,1598174183,84.0
7509,CRS3035RES1000mN2016000E3153000,1629887846,89.0
7510,CRS3035RES1000mN2016000E3153000,1686660176,89.0
7511,CRS3035RES1000mN2016000E3153000,1716927336,68.0
7512,CRS3035RES1000mN2016000E3153000,1734554324,93.0
7513,CRS3035RES1000mN2016000E3153000,1849109335,100.0
7514,CRS3035RES1000mN2016000E3153000,2028408680,68.0
7515,CRS3035RES1000mN2016000E3153000,2036887702,
7516,CRS3035RES1000mN2016000E3153000,2061404218,89.0
7517,CRS3035RES1000mN2016000E3153000,2134238030,95.0
7518,CRS3035RES1000mN2016000E3153000,2261600754,
7519,CRS3035RES1000mN2016000E3153000,2301402027,97.0
7520,CRS3035RES1000mN2016000E3153000,2303966810,67.0
7521,CRS3035RES1000mN2016000E3153000,2312029862,86.0
7522,CRS3035RES1000mN2016000E3153000,2408860250,115.0
7523,CRS3035RES1000mN2016000E3153000,2620185829,74.0
7524,CRS3035RES1000mN2016000E3153000,2622508931,77.0
7525,CRS3035RES1000mN2016000E3153000,2672130951,95.0
7526,CRS3035RES1000mN2016000E3153000,2710518818,100.0
7527,CRS3035RES1000mN2016000E3153000,3034026261,93.0
7528,CRS3035RES1000mN2016000E3153000,3179889751,
7529,CRS3035RES1000mN2016000E3153000,3206611978,
7530,CRS3035RES1000mN2016000E3153000,3272828439,39.0
7531,CRS3035RES1000mN2016000E3153000,3452364276,91.0
7532,CRS3035RES1000mN2016000E3153000,3452364277,72.0
7533,CRS3035RES1000mN2016000E3153000,3495733197,
7534,CRS3035RES1000mN2016000E3153000,3497154853,
7535,CRS3035RES1000mN2016000E3153000,3517755445,
7536,CRS3035RES1000mN2016000E3153000,3522125657,
7537,CRS3035RES1000mN2016000E3153000,3526751794,
7538,CRS3035RES1000mN2016000E3153000,3839306060,89.0
7539,CRS3035RES1000mN2016000E3153000,4214697664,67.0
7540,CRS3035RES1000mN2016000E3153000,4338252586,
7541,CRS3035RES1000mN2016000E3153000,4401271633,99.0
7542,CRS3035RES1000mN2016000E3153000,4515476768,67.0
7543,CRS3035RES1000mN2016000E3153000,4569910891,62.0
7544,CRS3035RES1000mN2016000E3153000,4703730491,85.0
7545,CRS3035RES1000mN2016000E3153000,4707870392,82.0
7546,CRS3035RES1000mN2016000E3153000,4789037769,85.0
7547,CRS3035RES1000mN2016000E3153000,4794233143,
7548,CRS3035RES1000mN2016000E3153000,4870405674,64.0
7549,CRS3035RES1000mN2016000E3153000,5139379922,102.0
7550,CRS3035RES1000mN2016000E3153000,5160337425,72.0
7551,CRS3035RES1000mN2016000E3153000,5196199575,84.0
7552,CRS3035RES1000mN2016000E3153000,5341570554,65.0
7553,CRS3035RES1000mN2016000E3153000,5345949864,103.0
7554,CRS3035RES1000mN2016000E3153000,5448507385,
7555,CRS3035RES1000mN2016000E3153000,5604693894,
7556,CRS3035RES1000mN2016000E3153000,5670401989,
7557,CRS3035RES1000mN2016000E3153000,5942671299,94.0
7558,CRS3035RES1000mN2016000E3153000,5943980960,73.0
7559,CRS3035RES1000mN2016000E3153000,6185791451,
7560,CRS3035RES1000mN2016000E3153000,6188948286,91.0
7561,CRS3035RES1000mN2016000E3153000,6555800191,42.0
7562,CRS3035RES1000mN2016000E3153000,6885254479,83.0
7563,CRS3035RES1000mN2016000E3153000,7222611268,
7564,CRS3035RES1000mN2016000E3153000,7408961006,
7565,CRS3035RES1000mN2016000E3153000,7619964683,
7566,CRS3035RES1000mN2016000E3153000,7836562695,112.0
7567,CRS3035RES1000mN2016000E3153000,8493729364,58.0
7568,CRS3035RES1000mN2016000E3153000,8557885377,
7569,CRS3035RES1000mN2016000E3153000,8807212208,68.0
7570,CRS3035RES1000mN2016000E3153000,8844229173,71.0
7571,CRS3035RES1000mN2016000E3153000,8878422600,96.0
7572,CRS3035RES1000mN2016000E3153000,9595709188,76.0
7573,CRS3035RES1000mN2016000E3153000,9611387099,61.0
7574,CRS3035RES1000mN2016000E3153000,9712656915,69.0
7575,CRS3035RES1000mN2016000E3153000,9713142744,64.0
7576,CRS3035RES1000mN2016000E3153000,9815746657,
7577,CRS3035RES1000mN2016000E3153000,10004871512,87.0
7578,CRS3035RES1000mN2016000E3153000,10281174134,
7579,CRS3035RES1000mN2016000E3153000,10580337411,93.0
7580,CRS3035RES1000mN2016000E3153000,10899442604,35.0
7581,CRS3035RES1000mN2016000E3153000,10922657146,32.0
7582,CRS3035RES1000mN2016000E3153000,11127499928,98.0
7583,CRS3035RES1000mN2016000E3153000,11143725881,94.0
7584,CRS3035RES1000mN2016000E3153000,11243087140,91.0
7585,CRS3035RES1000mN2016000E3153000,11269399969,85.0
7586,CRS3035RES1000mN2016000E3153000,11287269362,91.0
7587,CRS3035RES1000mN2016000E3153000,11287269363,108.0
7588,CRS3035RES1000mN2016000E3153000,11369705764,100.0
7589,CRS3035RES1000mN2016000E3153000,11387776374,79.0
7590,CRS3035RES1000mN2016000E3153000,11461799040,
7591,CRS3035RES1000mN2016000E3153000,11462802981,67.0
7592,CRS3035RES1000mN2016000E3153000,11652077658,98.0
7593,CRS3035RES1000mN2016000E3153000,11691390164,72.0
7594,CRS3035RES1000mN2016000E3153000,11739757462,33.0
7595,CRS3035RES1000mN2016000E3153000,12178446726,67.0
7596,CRS3035RES1000mN2016000E3153000,12407425114,98.0
7597,CRS3035RES1000mN2016000E3153000,12865480228,90.0
7598,CRS3035RES1000mN2016000E3153000,2960630,54.0
7599,CRS3035RES1000mN2016000E3153000,3554044,59.0
7600,CRS3035RES1000mN2016000E3153000,3557906,30.0
7601,CRS3035RES1000mN2016000E3153000,5231361,79.0
7602,CRS3035RES1000mN2016000E3153000,9314566,100.0
7603,CRS3035RES1000mN2016000E3153000,13696257,105.0
7604,CRS3035RES1000mN2016000E3153000,15996131,79.0
7605,CRS3035RES1000mN2016000E3153000,23526191,81.0
7606,CRS3035RES1000mN2016000E3153000,23545719,81.0
7607,CRS3035RES1000mN2016000E3153000,30599279,43.0
7608,CRS3035RES1000mN2016000E3153000,30649229,77.0
7609,CRS3035RES1000mN2016000E3153000,32198651,
7610,CRS3035RES1000mN2016000E3153000,34945111,15.0
7611,CRS3035RES1000mN2016000E3153000,50170625,119.0
7612,CRS3035RES1000mN2016000E3153000,82887228,104.0
7613,CRS3035RES1000mN2016000E3153000,92484952,97.0
7614,CRS3035RES1000mN2016000E3153000,95794713,80.0
7615,CRS3035RES1000mN2016000E3153000,96418670,39.0
7616,CRS3035RES1000mN2016000E3153000,98502686,85.0
7617,CRS3035RES1000mN2016000E3153000,132613257,81.0
7618,CRS3035RES1000mN2016000E3153000,135036040,90.0
7619,CRS3035RES1000mN2016000E3153000,150772489,77.0
7620,CRS3035RES1000mN2016000E3153000,154118456,94.0
7621,CRS3035RES1000mN2016000E3153000,157375776,93.0
7622,CRS3035RES1000mN2016000E3153000,158211204,47.0
7623,CRS3035RES1000mN2016000E3153000,162072415,34.0
7624,CRS3035RES1000mN2016000E3153000,162117720,99.0
7625,CRS3035RES1000mN2016000E3153000,170487273,
7626,CRS3035RES1000mN2016000E3153000,172686062,62.0
7627,CRS3035RES1000mN2016000E3153000,174318235,36.0
7628,CRS3035RES1000mN2016000E3153000,174318237,31.0
7629,CRS3035RES1000mN2016000E3153000,205060159,
7630,CRS3035RES1000mN2016000E3153000,205757163,
7631,CRS3035RES1000mN2016000E3153000,221095520,95.0
7632,CRS3035RES1000mN2016000E3153000,224503374,70.0
7633,CRS3035RES1000mN2016000E3153000,227333462,87.0
7634,CRS3035RES1000mN2016000E3153000,229117454,93.0
7635,CRS3035RES1000mN2016000E3153000,261460389,
7636,CRS3035RES1000mN2016000E3153000,283450022,63.0
7637,CRS3035RES1000mN2016000E3153000,288994040,53.0
7638,CRS3035RES1000mN2016000E3153000,296744564,119.0
7639,CRS3035RES1000mN2016000E3153000,297526406,96.0
7640,CRS3035RES1000mN2016000E3153000,300709861,54.0
7641,CRS3035RES1000mN2016000E3153000,301444634,
7642,CRS3035RES1000mN2016000E3153000,302721609,73.0
7643,CRS3035RES1000mN2016000E3153000,308195630,
7644,CRS3035RES1000mN2016000E3153000,312777902,64.0
7645,CRS3035RES1000mN2016000E3153000,330154630,
7646,CRS3035RES1000mN2016000E3153000,340205456,75.0
7647,CRS3035RES1000mN2016000E3153000,367883612,101.0
7648,CRS3035RES1000mN2016000E3153000,368211943,101.0
7649,CRS3035RES1000mN2016000E3153000,374180360,93.0
7650,CRS3035RES1000mN2016000E3153000,375369499,88.0
7651,CRS3035RES1000mN2016000E3153000,383494544,76.0
7652,CRS3035RES1000mN2016000E3153000,384574591,30.0
7653,CRS3035RES1000mN2016000E3153000,403538322,113.0
7654,CRS3035RES1000mN2016000E3153000,403859503,75.0
7655,CRS3035RES1000mN2016000E3153000,437050442,34.0
7656,CRS3035RES1000mN2016000E3153000,459881697,88.0
7657,CRS3035RES1000mN2016000E3153000,477278425,
7658,CRS3035RES1000mN2016000E3153000,486879235,
7659,CRS3035RES1000mN2016000E3153000,493748377,42.0
7660,CRS3035RES1000mN2016000E3153000,498234201,43.0
7661,CRS3035RES1000mN2016000E3153000,504315026,91.0
7662,CRS3035RES1000mN2016000E3153000,548701490,80.0
7663,CRS3035RES1000mN2016000E3153000,574210084,114.0
7664,CRS3035RES1000mN2016000E3153000,576094143,43.0
7665,CRS3035RES1000mN2016000E3153000,584409067,105.0
7666,CRS3035RES1000mN2016000E3153000,635512756,96.0
7667,CRS3035RES1000mN2016000E3153000,638492224,117.0
7668,CRS3035RES1000mN2016000E3153000,653913062,98.0
7669,CRS3035RES1000mN2016000E3153000,659866770,
7670,CRS3035RES1000mN2016000E3153000,697717972,54.0
7671,CRS3035RES1000mN2016000E3153000,717194862,
7672,CRS3035RES1000mN2016000E3153000,736899303,113.0
7673,CRS3035RES1000mN2016000E3153000,738042217,49.0
7674,CRS3035RES1000mN2016000E3153000,839611983,
7675,CRS3035RES1000mN2016000E3153000,957893520,55.0
7676,CRS3035RES1000mN2016000E3153000,963308110,87.0
7677,CRS3035RES1000mN2016000E3153000,1073283182,68.0
7678,CRS3035RES1000mN2016000E3153000,1252864015,84.0
7679,CRS3035RES1000mN2016000E3153000,1283203658,80.0
7680,CRS3035RES1000mN2016000E3154000,25526,78.0
7681,CRS3035RES1000mN2016000E3154000,1774,69.0
7682,CRS3035RES1000mN2016000E3154000,1770,96.0
7683,CRS3035RES1000mN2016000E3154000,1773,85.0
7684,CRS3035RES1000mN2016000E3154000,1771,82.0
7685,CRS3035RES1000mN2016000E3154000,123303,70.0
7686,CRS3035RES1000mN2016000E3154000,1764,76.0
7687,CRS3035RES1000mN2016000E3154000,181101,80.0
7688,CRS3035RES1000mN2016000E3154000,5765642,67.0
7689,CRS3035RES1000mN2016000E3154000,86719,57.0
7690,CRS3035RES1000mN2016000E3154000,1800,80.0
7691,CRS3035RES1000mN2016000E3154000,1757,81.0
7692,CRS3035RES1000mN2016000E3154000,1755,73.0
7693,CRS3035RES1000mN2016000E3154000,1882,81.0
7694,CRS3035RES1000mN2016000E3154000,1745,94.0
7695,CRS3035RES1000mN2016000E3154000,1794,91.0
7696,CRS3035RES1000mN2016000E3154000,1762,80.0
7697,CRS3035RES1000mN2016000E3154000,51188,83.0
7698,CRS3035RES1000mN2016000E3154000,6893633,76.0
7699,CRS3035RES1000mN2016000E3154000,167128,83.0
7700,CRS3035RES1000mN2016000E3154000,1760,86.0
7701,CRS3035RES1000mN2016000E3154000,12773298,55.0
7702,CRS3035RES1000mN2016000E3154000,1754,70.0
7703,CRS3035RES1000mN2016000E3154000,1748,78.0
7704,CRS3035RES1000mN2016000E3154000,79941,97.0
7705,CRS3035RES1000mN2016000E3154000,1750,89.0
7706,CRS3035RES1000mN2016000E3154000,5975465,72.0
7707,CRS3035RES1000mN2016000E3154000,115056,98.0
7708,CRS3035RES1000mN2016000E3154000,1790,91.0
7709,CRS3035RES1000mN2016000E3154000,1756,73.0
7710,CRS3035RES1000mN2016000E3154000,51849,83.0
7711,CRS3035RES1000mN2016000E3154000,185595,85.0
7712,CRS3035RES1000mN2016000E3154000,7697128,71.0
7713,CRS3035RES1000mN2016000E3154000,10395362,99.0
7714,CRS3035RES1000mN2016000E3154000,1759,87.0
7715,CRS3035RES1000mN2016000E3154000,1752,82.0
7716,CRS3035RES1000mN2016000E3154000,186714,85.0
7717,CRS3035RES1000mN2016000E3154000,1753,74.0
7718,CRS3035RES1000mN2016000E3154000,1792,74.0
7719,CRS3035RES1000mN2016000E3154000,1763,79.0
7720,CRS3035RES1000mN2016000E3154000,1746,89.0
7721,CRS3035RES1000mN2016000E3154000,11572165,69.0
7722,CRS3035RES1000mN2016000E3154000,1761,69.0
7723,CRS3035RES1000mN2016000E3154000,1747,83.0
7724,CRS3035RES1000mN2016000E3154000,5768564,82.0
7725,CRS3035RES1000mN2016000E3154000,1798,73.0
7726,CRS3035RES1000mN2016000E3154000,66904,91.0
7727,CRS3035RES1000mN2016000E3154000,1777,74.0
7728,CRS3035RES1000mN2016000E3154000,1765,82.0
7729,CRS3035RES1000mN2016000E3154000,49416,76.0
7730,CRS3035RES1000mN2016000E3154000,12734939,76.0
7731,CRS3035RES1000mN2016000E3154000,167386167,67.0
7732,CRS3035RES1000mN2016000E3154000,295933804,97.0
7733,CRS3035RES1000mN2016000E3154000,303340017,102.0
7734,CRS3035RES1000mN2016000E3154000,315355551,105.0
7735,CRS3035RES1000mN2016000E3154000,339084977,72.0
7736,CRS3035RES1000mN2016000E3154000,412911553,85.0
7737,CRS3035RES1000mN2016000E3154000,558126037,100.0
7738,CRS3035RES1000mN2016000E3154000,711789768,89.0
7739,CRS3035RES1000mN2016000E3154000,727666062,
7740,CRS3035RES1000mN2016000E3154000,848085869,53.0
7741,CRS3035RES1000mN2016000E3154000,1056098898,91.0
7742,CRS3035RES1000mN2016000E3154000,1255438242,
7743,CRS3035RES1000mN2016000E3154000,1469985039,89.0
7744,CRS3035RES1000mN2016000E3154000,1504302537,
7745,CRS3035RES1000mN2016000E3154000,1511617504,75.0
7746,CRS3035RES1000mN2016000E3154000,1541601287,108.0
7747,CRS3035RES1000mN2016000E3154000,1544591296,92.0
7748,CRS3035RES1000mN2016000E3154000,1598174183,98.0
7749,CRS3035RES1000mN2016000E3154000,1629887846,102.0
7750,CRS3035RES1000mN2016000E3154000,1686660176,101.0
7751,CRS3035RES1000mN2016000E3154000,1716927336,70.0
7752,CRS3035RES1000mN2016000E3154000,1734554324,117.0
7753,CRS3035RES1000mN2016000E3154000,1849109335,107.0
7754,CRS3035RES1000mN2016000E3154000,2028408680,82.0
7755,CRS3035RES1000mN2016000E3154000,2036887702,
7756,CRS3035RES1000mN2016000E3154000,2061404218,103.0
7757,CRS3035RES1000mN2016000E3154000,2134238030,112.0
7758,CRS3035RES1000mN2016000E3154000,2261600754,
7759,CRS3035RES1000mN2016000E3154000,2301402027,110.0
7760,CRS3035RES1000mN2016000E3154000,2303966810,70.0
7761,CRS3035RES1000mN2016000E3154000,2312029862,100.0
7762,CRS3035RES1000mN2016000E3154000,2408860250,119.0
7763,CRS3035RES1000mN2016000E3154000,2620185829,85.0
7764,CRS3035RES1000mN2016000E3154000,2622508931,89.0
7765,CRS3035RES1000mN2016000E3154000,2672130951,101.0
7766,CRS3035RES1000mN2016000E3154000,2710518818,103.0
7767,CRS3035RES1000mN2016000E3154000,3034026261,101.0
7768,CRS3035RES1000mN2016000E3154000,3179889751,
7769,CRS3035RES1000mN2016000E3154000,3206611978,
7770,CRS3035RES1000mN2016000E3154000,3272828439,52.0
7771,CRS3035RES1000mN2016000E3154000,3452364276,105.0
7772,CRS3035RES1000mN2016000E3154000,3452364277,84.0
7773,CRS3035RES1000mN2016000E3154000,3495733197,
7774,CRS3035RES1000mN2016000E3154000,3497154853,
7775,CRS3035RES1000mN2016000E3154000,3517755445,
7776,CRS3035RES1000mN2016000E3154000,3522125657,
7777,CRS3035RES1000mN2016000E3154000,3526751794,
7778,CRS3035RES1000mN2016000E3154000,3839306060,105.0
7779,CRS3035RES1000mN2016000E3154000,4214697664,79.0
7780,CRS3035RES1000mN2016000E3154000,4338252586,
7781,CRS3035RES1000mN2016000E3154000,4401271633,
7782,CRS3035RES1000mN2016000E3154000,4515476768,78.0
7783,CRS3035RES1000mN2016000E3154000,4569910891,75.0
7784,CRS3035RES1000mN2016000E3154000,4703730491,103.0
7785,CRS3035RES1000mN2016000E3154000,4707870392,97.0
7786,CRS3035RES1000mN2016000E3154000,4789037769,86.0
7787,CRS3035RES1000mN2016000E3154000,4794233143,
7788,CRS3035RES1000mN2016000E3154000,4870405674,83.0
7789,CRS3035RES1000mN2016000E3154000,5139379922,113.0
7790,CRS3035RES1000mN2016000E3154000,5160337425,84.0
7791,CRS3035RES1000mN2016000E3154000,5196199575,103.0
7792,CRS3035RES1000mN2016000E3154000,5341570554,76.0
7793,CRS3035RES1000mN2016000E3154000,5345949864,107.0
7794,CRS3035RES1000mN2016000E3154000,5448507385,
7795,CRS3035RES1000mN2016000E3154000,5604693894,
7796,CRS3035RES1000mN2016000E3154000,5670401989,
7797,CRS3035RES1000mN2016000E3154000,5942671299,98.0
7798,CRS3035RES1000mN2016000E3154000,5943980960,97.0
7799,CRS3035RES1000mN2016000E3154000,6185791451,
7800,CRS3035RES1000mN2016000E3154000,6188948286,93.0
7801,CRS3035RES1000mN2016000E3154000,6555800191,56.0
7802,CRS3035RES1000mN2016000E3154000,6885254479,97.0
7803,CRS3035RES1000mN2016000E3154000,7222611268,
7804,CRS3035RES1000mN2016000E3154000,7408961006,
7805,CRS3035RES1000mN2016000E3154000,7619964683,
7806,CRS3035RES1000mN2016000E3154000,7836562695,115.0
7807,CRS3035RES1000mN2016000E3154000,8493729364,69.0
7808,CRS3035RES1000mN2016000E3154000,8557885377,
7809,CRS3035RES1000mN2016000E3154000,8807212208,80.0
7810,CRS3035RES1000mN2016000E3154000,8844229173,83.0
7811,CRS3035RES1000mN2016000E3154000,8878422600,101.0
7812,CRS3035RES1000mN2016000E3154000,9595709188,88.0
7813,CRS3035RES1000mN2016000E3154000,9611387099,72.0
7814,CRS3035RES1000mN2016000E3154000,9712656915,82.0
7815,CRS3035RES1000mN2016000E3154000,9713142744,76.0
7816,CRS3035RES1000mN2016000E3154000,9815746657,
7817,CRS3035RES1000mN2016000E3154000,10004871512,101.0
7818,CRS3035RES1000mN2016000E3154000,10281174134,
7819,CRS3035RES1000mN2016000E3154000,10580337411,109.0
7820,CRS3035RES1000mN2016000E3154000,10899442604,48.0
7821,CRS3035RES1000mN2016000E3154000,10922657146,46.0
7822,CRS3035RES1000mN2016000E3154000,11127499928,101.0
7823,CRS3035RES1000mN2016000E3154000,11143725881,112.0
7824,CRS3035RES1000mN2016000E3154000,11243087140,105.0
7825,CRS3035RES1000mN2016000E3154000,11269399969,97.0
7826,CRS3035RES1000mN2016000E3154000,11287269362,103.0
7827,CRS3035RES1000mN2016000E3154000,11287269363,
7828,CRS3035RES1000mN2016000E3154000,11369705764,115.0
7829,CRS3035RES1000mN2016000E3154000,11387776374,87.0
7830,CRS3035RES1000mN2016000E3154000,11461799040,
7831,CRS3035RES1000mN2016000E3154000,11462802981,71.0
7832,CRS3035RES1000mN2016000E3154000,11652077658,111.0
7833,CRS3035RES1000mN2016000E3154000,11691390164,84.0
7834,CRS3035RES1000mN2016000E3154000,11739757462,40.0
7835,CRS3035RES1000mN2016000E3154000,12178446726,79.0
7836,CRS3035RES1000mN2016000E3154000,12407425114,99.0
7837,CRS3035RES1000mN2016000E3154000,12865480228,106.0
7838,CRS3035RES1000mN2016000E3154000,2960630,67.0
7839,CRS3035RES1000mN2016000E3154000,3554044,74.0
7840,CRS3035RES1000mN2016000E3154000,3557906,40.0
7841,CRS3035RES1000mN2016000E3154000,5231361,92.0
7842,CRS3035RES1000mN2016000E3154000,9314566,102.0
7843,CRS3035RES1000mN2016000E3154000,13696257,119.0
7844,CRS3035RES1000mN2016000E3154000,15996131,92.0
7845,CRS3035RES1000mN2016000E3154000,23526191,93.0
7846,CRS3035RES1000mN2016000E3154000,23545719,93.0
7847,CRS3035RES1000mN2016000E3154000,30599279,54.0
7848,CRS3035RES1000mN2016000E3154000,30649229,89.0
7849,CRS3035RES1000mN2016000E3154000,32198651,
7850,CRS3035RES1000mN2016000E3154000,34945111,27.0
7851,CRS3035RES1000mN2016000E3154000,50170625,
7852,CRS3035RES1000mN2016000E3154000,82887228,111.0
7853,CRS3035RES1000mN2016000E3154000,92484952,
7854,CRS3035RES1000mN2016000E3154000,95794713,86.0
7855,CRS3035RES1000mN2016000E3154000,96418670,53.0
7856,CRS3035RES1000mN2016000E3154000,98502686,93.0
7857,CRS3035RES1000mN2016000E3154000,132613257,87.0
7858,CRS3035RES1000mN2016000E3154000,135036040,94.0
7859,CRS3035RES1000mN2016000E3154000,150772489,89.0
7860,CRS3035RES1000mN2016000E3154000,154118456,103.0
7861,CRS3035RES1000mN2016000E3154000,157375776,98.0
7862,CRS3035RES1000mN2016000E3154000,158211204,61.0
7863,CRS3035RES1000mN2016000E3154000,162072415,45.0
7864,CRS3035RES1000mN2016000E3154000,162117720,107.0
7865,CRS3035RES1000mN2016000E3154000,170487273,
7866,CRS3035RES1000mN2016000E3154000,172686062,77.0
7867,CRS3035RES1000mN2016000E3154000,174318235,58.0
7868,CRS3035RES1000mN2016000E3154000,174318237,44.0
7869,CRS3035RES1000mN2016000E3154000,205060159,
7870,CRS3035RES1000mN2016000E3154000,205757163,
7871,CRS3035RES1000mN2016000E3154000,221095520,109.0
7872,CRS3035RES1000mN2016000E3154000,224503374,83.0
7873,CRS3035RES1000mN2016000E3154000,227333462,88.0
7874,CRS3035RES1000mN2016000E3154000,229117454,111.0
7875,CRS3035RES1000mN2016000E3154000,261460389,
7876,CRS3035RES1000mN2016000E3154000,283450022,75.0
7877,CRS3035RES1000mN2016000E3154000,288994040,64.0
7878,CRS3035RES1000mN2016000E3154000,296744564,
7879,CRS3035RES1000mN2016000E3154000,297526406,99.0
7880,CRS3035RES1000mN2016000E3154000,300709861,65.0
7881,CRS3035RES1000mN2016000E3154000,301444634,
7882,CRS3035RES1000mN2016000E3154000,302721609,76.0
7883,CRS3035RES1000mN2016000E3154000,308195630,
7884,CRS3035RES1000mN2016000E3154000,312777902,75.0
7885,CRS3035RES1000mN2016000E3154000,330154630,
7886,CRS3035RES1000mN2016000E3154000,340205456,87.0
7887,CRS3035RES1000mN2016000E3154000,367883612,109.0
7888,CRS3035RES1000mN2016000E3154000,368211943,110.0
7889,CRS3035RES1000mN2016000E3154000,374180360,105.0
7890,CRS3035RES1000mN2016000E3154000,375369499,97.0
7891,CRS3035RES1000mN2016000E3154000,383494544,89.0
7892,CRS3035RES1000mN2016000E3154000,384574591,33.0
7893,CRS3035RES1000mN2016000E3154000,403538322,113.0
7894,CRS3035RES1000mN2016000E3154000,403859503,87.0
7895,CRS3035RES1000mN2016000E3154000,437050442,59.0
7896,CRS3035RES1000mN2016000E3154000,459881697,89.0
7897,CRS3035RES1000mN2016000E3154000,477278425,
7898,CRS3035RES1000mN2016000E3154000,486879235,
7899,CRS3035RES1000mN2016000E3154000,493748377,53.0
7900,CRS3035RES1000mN2016000E3154000,498234201,59.0
7901,CRS3035RES1000mN2016000E3154000,504315026,107.0
7902,CRS3035RES1000mN2016000E3154000,548701490,87.0
7903,CRS3035RES1000mN2016000E3154000,574210084,
7904,CRS3035RES1000mN2016000E3154000,576094143,58.0
7905,CRS3035RES1000mN2016000E3154000,584409067,108.0
7906,CRS3035RES1000mN2016000E3154000,635512756,99.0
7907,CRS3035RES1000mN2016000E3154000,638492224,
7908,CRS3035RES1000mN2016000E3154000,653913062,101.0
7909,CRS3035RES1000mN2016000E3154000,659866770,
7910,CRS3035RES1000mN2016000E3154000,697717972,67.0
7911,CRS3035RES1000mN2016000E3154000,717194862,
7912,CRS3035RES1000mN2016000E3154000,736899303,
7913,CRS3035RES1000mN2016000E3154000,738042217,76.0
7914,CRS3035RES1000mN2016000E3154000,839611983,
7915,CRS3035RES1000mN2016000E3154000,957893520,66.0
7916,CRS3035RES1000mN2016000E3154000,963308110,90.0
7917,CRS3035RES1000mN2016000E3154000,1073283182,73.0
7918,CRS3035RES1000mN2016000E3154000,1252864015,98.0
7919,CRS3035RES1000mN2016000E3154000,1283203658,94.0
7920,CRS3035RES1000mN2016000E3155000,25526,116.0
7921,CRS3035RES1000mN2016000E3155000,1774,105.0
7922,CRS3035RES1000mN2016000E3155000,1770,
7923,CRS3035RES1000mN2016000E3155000,1773,
7924,CRS3035RES1000mN2016000E3155000,1771,114.0
7925,CRS3035RES1000mN2016000E3155000,123303,110.0
7926,CRS3035RES1000mN2016000E3155000,1764,112.0
7927,CRS3035RES1000mN2016000E3155000,181101,
7928,CRS3035RES1000mN2016000E3155000,5765642,107.0
7929,CRS3035RES1000mN2016000E3155000,86719,98.0
7930,CRS3035RES1000mN2016000E3155000,1800,116.0
7931,CRS3035RES1000mN2016000E3155000,1757,
7932,CRS3035RES1000mN2016000E3155000,1755,113.0
7933,CRS3035RES1000mN2016000E3155000,1882,115.0
7934,CRS3035RES1000mN2016000E3155000,1745,
7935,CRS3035RES1000mN2016000E3155000,1794,
7936,CRS3035RES1000mN2016000E3155000,1762,112.0
7937,CRS3035RES1000mN2016000E3155000,51188,116.0
7938,CRS3035RES1000mN2016000E3155000,6893633,112.0
7939,CRS3035RES1000mN2016000E3155000,167128,
7940,CRS3035RES1000mN2016000E3155000,1760,118.0
7941,CRS3035RES1000mN2016000E3155000,12773298,90.0
7942,CRS3035RES1000mN2016000E3155000,1754,105.0
7943,CRS3035RES1000mN2016000E3155000,1748,118.0
7944,CRS3035RES1000mN2016000E3155000,79941,
7945,CRS3035RES1000mN2016000E3155000,1750,
7946,CRS3035RES1000mN2016000E3155000,5975465,108.0
7947,CRS3035RES1000mN2016000E3155000,115056,
7948,CRS3035RES1000mN2016000E3155000,1790,
7949,CRS3035RES1000mN2016000E3155000,1756,112.0
7950,CRS3035RES1000mN2016000E3155000,51849,119.0
7951,CRS3035RES1000mN2016000E3155000,185595,117.0
7952,CRS3035RES1000mN2016000E3155000,7697128,106.0
7953,CRS3035RES1000mN2016000E3155000,10395362,
7954,CRS3035RES1000mN2016000E3155000,1759,118.0
7955,CRS3035RES1000mN2016000E3155000,1752,118.0
7956,CRS3035RES1000mN2016000E3155000,186714,
7957,CRS3035RES1000mN2016000E3155000,1753,111.0
7958,CRS3035RES1000mN2016000E3155000,1792,114.0
7959,CRS3035RES1000mN2016000E3155000,1763,111.0
7960,CRS3035RES1000mN2016000E3155000,1746,
7961,CRS3035RES1000mN2016000E3155000,11572165,93.0
7962,CRS3035RES1000mN2016000E3155000,1761,106.0
7963,CRS3035RES1000mN2016000E3155000,1747,
7964,CRS3035RES1000mN2016000E3155000,5768564,117.0
7965,CRS3035RES1000mN2016000E3155000,1798,110.0
7966,CRS3035RES1000mN2016000E3155000,66904,
7967,CRS3035RES1000mN2016000E3155000,1777,107.0
7968,CRS3035RES1000mN2016000E3155000,1765,115.0
7969,CRS3035RES1000mN2016000E3155000,49416,115.0
7970,CRS3035RES1000mN2016000E3155000,12734939,115.0
7971,CRS3035RES1000mN2016000E3155000,167386167,99.0
7972,CRS3035RES1000mN2016000E3155000,295933804,
7973,CRS3035RES1000mN2016000E3155000,303340017,119.0
7974,CRS3035RES1000mN2016000E3155000,315355551,
7975,CRS3035RES1000mN2016000E3155000,339084977,105.0
7976,CRS3035RES1000mN2016000E3155000,412911553,117.0
7977,CRS3035RES1000mN2016000E3155000,558126037,
7978,CRS3035RES1000mN2016000E3155000,711789768,
7979,CRS3035RES1000mN2016000E3155000,727666062,
7980,CRS3035RES1000mN2016000E3155000,848085869,104.0
7981,CRS3035RES1000mN2016000E3155000,1056098898,
7982,CRS3035RES1000mN2016000E3155000,1255438242,
7983,CRS3035RES1000mN2016000E3155000,1469985039,
7984,CRS3035RES1000mN2016000E3155000,1504302537,
7985,CRS3035RES1000mN2016000E3155000,1511617504,
7986,CRS3035RES1000mN2016000E3155000,1541601287,
7987,CRS3035RES1000mN2016000E3155000,1544591296,
7988,CRS3035RES1000mN2016000E3155000,1598174183,
7989,CRS3035RES1000mN2016000E3155000,1629887846,
7990,CRS3035RES1000mN2016000E3155000,1686660176,
7991,CRS3035RES1000mN2016000E3155000,1716927336,93.0
7992,CRS3035RES1000mN2016000E3155000,1734554324,
7993,CRS3035RES1000mN2016000E3155000,1849109335,
7994,CRS3035RES1000mN2016000E3155000,2028408680,
7995,CRS3035RES1000mN2016000E3155000,2036887702,
7996,CRS3035RES1000mN2016000E3155000,2061404218,
7997,CRS3035RES1000mN2016000E3155000,2134238030,
7998,CRS3035RES1000mN2016000E3155000,2261600754,
7999,CRS3035RES1000mN2016000E3155000,2301402027,
8000,CRS3035RES1000mN2016000E3155000,2303966810,
8001,CRS3035RES1000mN2016000E3155000,2312029862,
8002,CRS3035RES1000mN2016000E3155000,2408860250,
8003,CRS3035RES1000mN2016000E3155000,2620185829,118.0
8004,CRS3035RES1000mN2016000E3155000,2622508931,
8005,CRS3035RES1000mN2016000E3155000,2672130951,
8006,CRS3035RES1000mN2016000E3155000,2710518818,
8007,CRS3035RES1000mN2016000E3155000,3034026261,
8008,CRS3035RES1000mN2016000E3155000,3179889751,
8009,CRS3035RES1000mN2016000E3155000,3206611978,
8010,CRS3035RES1000mN2016000E3155000,3272828439,104.0
8011,CRS3035RES1000mN2016000E3155000,3452364276,
8012,CRS3035RES1000mN2016000E3155000,3452364277,116.0
8013,CRS3035RES1000mN2016000E3155000,3495733197,
8014,CRS3035RES1000mN2016000E3155000,3497154853,
8015,CRS3035RES1000mN2016000E3155000,3517755445,
8016,CRS3035RES1000mN2016000E3155000,3522125657,
8017,CRS3035RES1000mN2016000E3155000,3526751794,
8018,CRS3035RES1000mN2016000E3155000,3839306060,
8019,CRS3035RES1000mN2016000E3155000,4214697664,119.0
8020,CRS3035RES1000mN2016000E3155000,4338252586,
8021,CRS3035RES1000mN2016000E3155000,4401271633,
8022,CRS3035RES1000mN2016000E3155000,4515476768,
8023,CRS3035RES1000mN2016000E3155000,4569910891,107.0
8024,CRS3035RES1000mN2016000E3155000,4703730491,
8025,CRS3035RES1000mN2016000E3155000,4707870392,
8026,CRS3035RES1000mN2016000E3155000,4789037769,116.0
8027,CRS3035RES1000mN2016000E3155000,4794233143,
8028,CRS3035RES1000mN2016000E3155000,4870405674,118.0
8029,CRS3035RES1000mN2016000E3155000,5139379922,
8030,CRS3035RES1000mN2016000E3155000,5160337425,117.0
8031,CRS3035RES1000mN2016000E3155000,5196199575,
8032,CRS3035RES1000mN2016000E3155000,5341570554,112.0
8033,CRS3035RES1000mN2016000E3155000,5345949864,
8034,CRS3035RES1000mN2016000E3155000,5448507385,
8035,CRS3035RES1000mN2016000E3155000,5604693894,
8036,CRS3035RES1000mN2016000E3155000,5670401989,
8037,CRS3035RES1000mN2016000E3155000,5942671299,
8038,CRS3035RES1000mN2016000E3155000,5943980960,
8039,CRS3035RES1000mN2016000E3155000,6185791451,
8040,CRS3035RES1000mN2016000E3155000,6188948286,
8041,CRS3035RES1000mN2016000E3155000,6555800191,108.0
8042,CRS3035RES1000mN2016000E3155000,6885254479,
8043,CRS3035RES1000mN2016000E3155000,7222611268,
8044,CRS3035RES1000mN2016000E3155000,7408961006,
8045,CRS3035RES1000mN2016000E3155000,7619964683,
8046,CRS3035RES1000mN2016000E3155000,7836562695,
8047,CRS3035RES1000mN2016000E3155000,8493729364,105.0
8048,CRS3035RES1000mN2016000E3155000,8557885377,
8049,CRS3035RES1000mN2016000E3155000,8807212208,115.0
8050,CRS3035RES1000mN2016000E3155000,8844229173,116.0
8051,CRS3035RES1000mN2016000E3155000,8878422600,
8052,CRS3035RES1000mN2016000E3155000,9595709188,
8053,CRS3035RES1000mN2016000E3155000,9611387099,107.0
8054,CRS3035RES1000mN2016000E3155000,9712656915,114.0
8055,CRS3035RES1000mN2016000E3155000,9713142744,108.0
8056,CRS3035RES1000mN2016000E3155000,9815746657,
8057,CRS3035RES1000mN2016000E3155000,10004871512,
8058,CRS3035RES1000mN2016000E3155000,10281174134,
8059,CRS3035RES1000mN2016000E3155000,10580337411,
8060,CRS3035RES1000mN2016000E3155000,10899442604,101.0
8061,CRS3035RES1000mN2016000E3155000,10922657146,98.0
8062,CRS3035RES1000mN2016000E3155000,11127499928,
8063,CRS3035RES1000mN2016000E3155000,11143725881,
8064,CRS3035RES1000mN2016000E3155000,11243087140,
8065,CRS3035RES1000mN2016000E3155000,11269399969,
8066,CRS3035RES1000mN2016000E3155000,11287269362,
8067,CRS3035RES1000mN2016000E3155000,11287269363,
8068,CRS3035RES1000mN2016000E3155000,11369705764,
8069,CRS3035RES1000mN2016000E3155000,11387776374,
8070,CRS3035RES1000mN2016000E3155000,11461799040,
8071,CRS3035RES1000mN2016000E3155000,11462802981,110.0
8072,CRS3035RES1000mN2016000E3155000,11652077658,
8073,CRS3035RES1000mN2016000E3155000,11691390164,117.0
8074,CRS3035RES1000mN2016000E3155000,11739757462,78.0
8075,CRS3035RES1000mN2016000E3155000,12178446726,119.0
8076,CRS3035RES1000mN2016000E3155000,12407425114,
8077,CRS3035RES1000mN2016000E3155000,12865480228,
8078,CRS3035RES1000mN2016000E3155000,2960630,
8079,CRS3035RES1000mN2016000E3155000,3554044,
8080,CRS3035RES1000mN2016000E3155000,3557906,79.0
8081,CRS3035RES1000mN2016000E3155000,5231361,
8082,CRS3035RES1000mN2016000E3155000,9314566,
8083,CRS3035RES1000mN2016000E3155000,13696257,
8084,CRS3035RES1000mN2016000E3155000,15996131,
8085,CRS3035RES1000mN2016000E3155000,23526191,
8086,CRS3035RES1000mN2016000E3155000,23545719,
8087,CRS3035RES1000mN2016000E3155000,30599279,97.0
8088,CRS3035RES1000mN2016000E3155000,30649229,
8089,CRS3035RES1000mN2016000E3155000,32198651,
8090,CRS3035RES1000mN2016000E3155000,34945111,89.0
8091,CRS3035RES1000mN2016000E3155000,50170625,
8092,CRS3035RES1000mN2016000E3155000,82887228,
8093,CRS3035RES1000mN2016000E3155000,92484952,
8094,CRS3035RES1000mN2016000E3155000,95794713,
8095,CRS3035RES1000mN2016000E3155000,96418670,105.0
8096,CRS3035RES1000mN2016000E3155000,98502686,
8097,CRS3035RES1000mN2016000E3155000,132613257,
8098,CRS3035RES1000mN2016000E3155000,135036040,
8099,CRS3035RES1000mN2016000E3155000,150772489,
8100,CRS3035RES1000mN2016000E3155000,154118456,
8101,CRS3035RES1000mN2016000E3155000,157375776,
8102,CRS3035RES1000mN2016000E3155000,158211204,113.0
8103,CRS3035RES1000mN2016000E3155000,162072415,88.0
8104,CRS3035RES1000mN2016000E3155000,162117720,
8105,CRS3035RES1000mN2016000E3155000,170487273,
8106,CRS3035RES1000mN2016000E3155000,172686062,
8107,CRS3035RES1000mN2016000E3155000,174318235,107.0
8108,CRS3035RES1000mN2016000E3155000,174318237,97.0
8109,CRS3035RES1000mN2016000E3155000,205060159,
8110,CRS3035RES1000mN2016000E3155000,205757163,
8111,CRS3035RES1000mN2016000E3155000,221095520,
8112,CRS3035RES1000mN2016000E3155000,224503374,115.0
8113,CRS3035RES1000mN2016000E3155000,227333462,119.0
8114,CRS3035RES1000mN2016000E3155000,229117454,
8115,CRS3035RES1000mN2016000E3155000,261460389,
8116,CRS3035RES1000mN2016000E3155000,283450022,110.0
8117,CRS3035RES1000mN2016000E3155000,288994040,100.0
8118,CRS3035RES1000mN2016000E3155000,296744564,
8119,CRS3035RES1000mN2016000E3155000,297526406,
8120,CRS3035RES1000mN2016000E3155000,300709861,117.0
8121,CRS3035RES1000mN2016000E3155000,301444634,
8122,CRS3035RES1000mN2016000E3155000,302721609,102.0
8123,CRS3035RES1000mN2016000E3155000,308195630,
8124,CRS3035RES1000mN2016000E3155000,312777902,110.0
8125,CRS3035RES1000mN2016000E3155000,330154630,
8126,CRS3035RES1000mN2016000E3155000,340205456,119.0
8127,CRS3035RES1000mN2016000E3155000,367883612,
8128,CRS3035RES1000mN2016000E3155000,368211943,
8129,CRS3035RES1000mN2016000E3155000,374180360,
8130,CRS3035RES1000mN2016000E3155000,375369499,
8131,CRS3035RES1000mN2016000E3155000,383494544,
8132,CRS3035RES1000mN2016000E3155000,384574591,77.0
8133,CRS3035RES1000mN2016000E3155000,403538322,
8134,CRS3035RES1000mN2016000E3155000,403859503,119.0
8135,CRS3035RES1000mN2016000E3155000,437050442,105.0
8136,CRS3035RES1000mN2016000E3155000,459881697,
8137,CRS3035RES1000mN2016000E3155000,477278425,
8138,CRS3035RES1000mN2016000E3155000,486879235,
8139,CRS3035RES1000mN2016000E3155000,493748377,94.0
8140,CRS3035RES1000mN2016000E3155000,498234201,103.0
8141,CRS3035RES1000mN2016000E3155000,504315026,
8142,CRS3035RES1000mN2016000E3155000,548701490,
8143,CRS3035RES1000mN2016000E3155000,574210084,
8144,CRS3035RES1000mN2016000E3155000,576094143,95.0
8145,CRS3035RES1000mN2016000E3155000,584409067,
8146,CRS3035RES1000mN2016000E3155000,635512756,
8147,CRS3035RES1000mN2016000E3155000,638492224,
8148,CRS3035RES1000mN2016000E3155000,653913062,
8149,CRS3035RES1000mN2016000E3155000,659866770,
8150,CRS3035RES1000mN2016000E3155000,697717972,118.0
8151,CRS3035RES1000mN2016000E3155000,717194862,
8152,CRS3035RES1000mN2016000E3155000,736899303,
8153,CRS3035RES1000mN2016000E3155000,738042217,86.0
8154,CRS3035RES1000mN2016000E3155000,839611983,
8155,CRS3035RES1000mN2016000E3155000,957893520,102.0
8156,CRS3035RES1000mN2016000E3155000,963308110,
8157,CRS3035RES1000mN2016000E3155000,1073283182,94.0
8158,CRS3035RES1000mN2016000E3155000,1252864015,
8159,CRS3035RES1000mN2016000E3155000,1283203658,
8160,CRS3035RES1000mN2016000E3156000,25526,86.0
8161,CRS3035RES1000mN2016000E3156000,1774,77.0
8162,CRS3035RES1000mN2016000E3156000,1770,104.0
8163,CRS3035RES1000mN2016000E3156000,1773,93.0
8164,CRS3035RES1000mN2016000E3156000,1771,89.0
8165,CRS3035RES1000mN2016000E3156000,123303,87.0
8166,CRS3035RES1000mN2016000E3156000,1764,83.0
8167,CRS3035RES1000mN2016000E3156000,181101,95.0
8168,CRS3035RES1000mN2016000E3156000,5765642,80.0
8169,CRS3035RES1000mN2016000E3156000,86719,74.0
8170,CRS3035RES1000mN2016000E3156000,1800,87.0
8171,CRS3035RES1000mN2016000E3156000,1757,96.0
8172,CRS3035RES1000mN2016000E3156000,1755,90.0
8173,CRS3035RES1000mN2016000E3156000,1882,87.0
8174,CRS3035RES1000mN2016000E3156000,1745,98.0
8175,CRS3035RES1000mN2016000E3156000,1794,97.0
8176,CRS3035RES1000mN2016000E3156000,1762,86.0
8177,CRS3035RES1000mN2016000E3156000,51188,90.0
8178,CRS3035RES1000mN2016000E3156000,6893633,84.0
8179,CRS3035RES1000mN2016000E3156000,167128,95.0
8180,CRS3035RES1000mN2016000E3156000,1760,92.0
8181,CRS3035RES1000mN2016000E3156000,12773298,62.0
8182,CRS3035RES1000mN2016000E3156000,1754,82.0
8183,CRS3035RES1000mN2016000E3156000,1748,90.0
8184,CRS3035RES1000mN2016000E3156000,79941,103.0
8185,CRS3035RES1000mN2016000E3156000,1750,97.0
8186,CRS3035RES1000mN2016000E3156000,5975465,79.0
8187,CRS3035RES1000mN2016000E3156000,115056,106.0
8188,CRS3035RES1000mN2016000E3156000,1790,98.0
8189,CRS3035RES1000mN2016000E3156000,1756,88.0
8190,CRS3035RES1000mN2016000E3156000,51849,91.0
8191,CRS3035RES1000mN2016000E3156000,185595,92.0
8192,CRS3035RES1000mN2016000E3156000,7697128,77.0
8193,CRS3035RES1000mN2016000E3156000,10395362,103.0
8194,CRS3035RES1000mN2016000E3156000,1759,94.0
8195,CRS3035RES1000mN2016000E3156000,1752,89.0
8196,CRS3035RES1000mN2016000E3156000,186714,93.0
8197,CRS3035RES1000mN2016000E3156000,1753,82.0
8198,CRS3035RES1000mN2016000E3156000,1792,87.0
8199,CRS3035RES1000mN2016000E3156000,1763,86.0
8200,CRS3035RES1000mN2016000E3156000,1746,97.0
8201,CRS3035RES1000mN2016000E3156000,11572165,73.0
8202,CRS3035RES1000mN2016000E3156000,1761,77.0
8203,CRS3035RES1000mN2016000E3156000,1747,96.0
8204,CRS3035RES1000mN2016000E3156000,5768564,94.0
8205,CRS3035RES1000mN2016000E3156000,1798,82.0
8206,CRS3035RES1000mN2016000E3156000,66904,94.0
8207,CRS3035RES1000mN2016000E3156000,1777,81.0
8208,CRS3035RES1000mN2016000E3156000,1765,89.0
8209,CRS3035RES1000mN2016000E3156000,49416,88.0
8210,CRS3035RES1000mN2016000E3156000,12734939,88.0
8211,CRS3035RES1000mN2016000E3156000,167386167,74.0
8212,CRS3035RES1000mN2016000E3156000,295933804,100.0
8213,CRS3035RES1000mN2016000E3156000,303340017,104.0
8214,CRS3035RES1000mN2016000E3156000,315355551,116.0
8215,CRS3035RES1000mN2016000E3156000,339084977,79.0
8216,CRS3035RES1000mN2016000E3156000,412911553,92.0
8217,CRS3035RES1000mN2016000E3156000,558126037,107.0
8218,CRS3035RES1000mN2016000E3156000,711789768,
8219,CRS3035RES1000mN2016000E3156000,727666062,
8220,CRS3035RES1000mN2016000E3156000,848085869,75.0
8221,CRS3035RES1000mN2016000E3156000,1056098898,98.0
8222,CRS3035RES1000mN2016000E3156000,1255438242,
8223,CRS3035RES1000mN2016000E3156000,1469985039,101.0
8224,CRS3035RES1000mN2016000E3156000,1504302537,
8225,CRS3035RES1000mN2016000E3156000,1511617504,100.0
8226,CRS3035RES1000mN2016000E3156000,1541601287,
8227,CRS3035RES1000mN2016000E3156000,1544591296,95.0
8228,CRS3035RES1000mN2016000E3156000,1598174183,101.0
8229,CRS3035RES1000mN2016000E3156000,1629887846,105.0
8230,CRS3035RES1000mN2016000E3156000,1686660176,108.0
8231,CRS3035RES1000mN2016000E3156000,1716927336,70.0
8232,CRS3035RES1000mN2016000E3156000,1734554324,
8233,CRS3035RES1000mN2016000E3156000,1849109335,109.0
8234,CRS3035RES1000mN2016000E3156000,2028408680,111.0
8235,CRS3035RES1000mN2016000E3156000,2036887702,
8236,CRS3035RES1000mN2016000E3156000,2061404218,106.0
8237,CRS3035RES1000mN2016000E3156000,2134238030,115.0
8238,CRS3035RES1000mN2016000E3156000,2261600754,
8239,CRS3035RES1000mN2016000E3156000,2301402027,113.0
8240,CRS3035RES1000mN2016000E3156000,2303966810,111.0
8241,CRS3035RES1000mN2016000E3156000,2312029862,104.0
8242,CRS3035RES1000mN2016000E3156000,2408860250,
8243,CRS3035RES1000mN2016000E3156000,2620185829,92.0
8244,CRS3035RES1000mN2016000E3156000,2622508931,96.0
8245,CRS3035RES1000mN2016000E3156000,2672130951,117.0
8246,CRS3035RES1000mN2016000E3156000,2710518818,113.0
8247,CRS3035RES1000mN2016000E3156000,3034026261,
8248,CRS3035RES1000mN2016000E3156000,3179889751,
8249,CRS3035RES1000mN2016000E3156000,3206611978,
8250,CRS3035RES1000mN2016000E3156000,3272828439,80.0
8251,CRS3035RES1000mN2016000E3156000,3452364276,111.0
8252,CRS3035RES1000mN2016000E3156000,3452364277,91.0
8253,CRS3035RES1000mN2016000E3156000,3495733197,
8254,CRS3035RES1000mN2016000E3156000,3497154853,
8255,CRS3035RES1000mN2016000E3156000,3517755445,
8256,CRS3035RES1000mN2016000E3156000,3522125657,
8257,CRS3035RES1000mN2016000E3156000,3526751794,
8258,CRS3035RES1000mN2016000E3156000,3839306060,108.0
8259,CRS3035RES1000mN2016000E3156000,4214697664,91.0
8260,CRS3035RES1000mN2016000E3156000,4338252586,
8261,CRS3035RES1000mN2016000E3156000,4401271633,98.0
8262,CRS3035RES1000mN2016000E3156000,4515476768,
8263,CRS3035RES1000mN2016000E3156000,4569910891,82.0
8264,CRS3035RES1000mN2016000E3156000,4703730491,115.0
8265,CRS3035RES1000mN2016000E3156000,4707870392,110.0
8266,CRS3035RES1000mN2016000E3156000,4789037769,86.0
8267,CRS3035RES1000mN2016000E3156000,4794233143,
8268,CRS3035RES1000mN2016000E3156000,4870405674,95.0
8269,CRS3035RES1000mN2016000E3156000,5139379922,
8270,CRS3035RES1000mN2016000E3156000,5160337425,91.0
8271,CRS3035RES1000mN2016000E3156000,5196199575,106.0
8272,CRS3035RES1000mN2016000E3156000,5341570554,84.0
8273,CRS3035RES1000mN2016000E3156000,5345949864,110.0
8274,CRS3035RES1000mN2016000E3156000,5448507385,
8275,CRS3035RES1000mN2016000E3156000,5604693894,
8276,CRS3035RES1000mN2016000E3156000,5670401989,
8277,CRS3035RES1000mN2016000E3156000,5942671299,117.0
8278,CRS3035RES1000mN2016000E3156000,5943980960,104.0
8279,CRS3035RES1000mN2016000E3156000,6185791451,
8280,CRS3035RES1000mN2016000E3156000,6188948286,107.0
8281,CRS3035RES1000mN2016000E3156000,6555800191,83.0
8282,CRS3035RES1000mN2016000E3156000,6885254479,100.0
8283,CRS3035RES1000mN2016000E3156000,7222611268,
8284,CRS3035RES1000mN2016000E3156000,7408961006,
8285,CRS3035RES1000mN2016000E3156000,7619964683,
8286,CRS3035RES1000mN2016000E3156000,7836562695,117.0
8287,CRS3035RES1000mN2016000E3156000,8493729364,76.0
8288,CRS3035RES1000mN2016000E3156000,8557885377,
8289,CRS3035RES1000mN2016000E3156000,8807212208,86.0
8290,CRS3035RES1000mN2016000E3156000,8844229173,90.0
8291,CRS3035RES1000mN2016000E3156000,8878422600,
8292,CRS3035RES1000mN2016000E3156000,9595709188,96.0
8293,CRS3035RES1000mN2016000E3156000,9611387099,79.0
8294,CRS3035RES1000mN2016000E3156000,9712656915,89.0
8295,CRS3035RES1000mN2016000E3156000,9713142744,83.0
8296,CRS3035RES1000mN2016000E3156000,9815746657,
8297,CRS3035RES1000mN2016000E3156000,10004871512,104.0
8298,CRS3035RES1000mN2016000E3156000,10281174134,
8299,CRS3035RES1000mN2016000E3156000,10580337411,112.0
8300,CRS3035RES1000mN2016000E3156000,10899442604,76.0
8301,CRS3035RES1000mN2016000E3156000,10922657146,73.0
8302,CRS3035RES1000mN2016000E3156000,11127499928,103.0
8303,CRS3035RES1000mN2016000E3156000,11143725881,116.0
8304,CRS3035RES1000mN2016000E3156000,11243087140,108.0
8305,CRS3035RES1000mN2016000E3156000,11269399969,103.0
8306,CRS3035RES1000mN2016000E3156000,11287269362,108.0
8307,CRS3035RES1000mN2016000E3156000,11287269363,
8308,CRS3035RES1000mN2016000E3156000,11369705764,118.0
8309,CRS3035RES1000mN2016000E3156000,11387776374,97.0
8310,CRS3035RES1000mN2016000E3156000,11461799040,
8311,CRS3035RES1000mN2016000E3156000,11462802981,83.0
8312,CRS3035RES1000mN2016000E3156000,11652077658,114.0
8313,CRS3035RES1000mN2016000E3156000,11691390164,92.0
8314,CRS3035RES1000mN2016000E3156000,11739757462,50.0
8315,CRS3035RES1000mN2016000E3156000,12178446726,95.0
8316,CRS3035RES1000mN2016000E3156000,12407425114,
8317,CRS3035RES1000mN2016000E3156000,12865480228,109.0
8318,CRS3035RES1000mN2016000E3156000,2960630,95.0
8319,CRS3035RES1000mN2016000E3156000,3554044,101.0
8320,CRS3035RES1000mN2016000E3156000,3557906,52.0
8321,CRS3035RES1000mN2016000E3156000,5231361,98.0
8322,CRS3035RES1000mN2016000E3156000,9314566,
8323,CRS3035RES1000mN2016000E3156000,13696257,
8324,CRS3035RES1000mN2016000E3156000,15996131,100.0
8325,CRS3035RES1000mN2016000E3156000,23526191,99.0
8326,CRS3035RES1000mN2016000E3156000,23545719,101.0
8327,CRS3035RES1000mN2016000E3156000,30599279,69.0
8328,CRS3035RES1000mN2016000E3156000,30649229,95.0
8329,CRS3035RES1000mN2016000E3156000,32198651,
8330,CRS3035RES1000mN2016000E3156000,34945111,63.0
8331,CRS3035RES1000mN2016000E3156000,50170625,
8332,CRS3035RES1000mN2016000E3156000,82887228,
8333,CRS3035RES1000mN2016000E3156000,92484952,
8334,CRS3035RES1000mN2016000E3156000,95794713,98.0
8335,CRS3035RES1000mN2016000E3156000,96418670,80.0
8336,CRS3035RES1000mN2016000E3156000,98502686,105.0
8337,CRS3035RES1000mN2016000E3156000,132613257,99.0
8338,CRS3035RES1000mN2016000E3156000,135036040,105.0
8339,CRS3035RES1000mN2016000E3156000,150772489,96.0
8340,CRS3035RES1000mN2016000E3156000,154118456,107.0
8341,CRS3035RES1000mN2016000E3156000,157375776,100.0
8342,CRS3035RES1000mN2016000E3156000,158211204,88.0
8343,CRS3035RES1000mN2016000E3156000,162072415,60.0
8344,CRS3035RES1000mN2016000E3156000,162117720,119.0
8345,CRS3035RES1000mN2016000E3156000,170487273,
8346,CRS3035RES1000mN2016000E3156000,172686062,95.0
8347,CRS3035RES1000mN2016000E3156000,174318235,75.0
8348,CRS3035RES1000mN2016000E3156000,174318237,72.0
8349,CRS3035RES1000mN2016000E3156000,205060159,
8350,CRS3035RES1000mN2016000E3156000,205757163,
8351,CRS3035RES1000mN2016000E3156000,221095520,112.0
8352,CRS3035RES1000mN2016000E3156000,224503374,90.0
8353,CRS3035RES1000mN2016000E3156000,227333462,116.0
8354,CRS3035RES1000mN2016000E3156000,229117454,115.0
8355,CRS3035RES1000mN2016000E3156000,261460389,
8356,CRS3035RES1000mN2016000E3156000,283450022,82.0
8357,CRS3035RES1000mN2016000E3156000,288994040,72.0
8358,CRS3035RES1000mN2016000E3156000,296744564,
8359,CRS3035RES1000mN2016000E3156000,297526406,101.0
8360,CRS3035RES1000mN2016000E3156000,300709861,96.0
8361,CRS3035RES1000mN2016000E3156000,301444634,
8362,CRS3035RES1000mN2016000E3156000,302721609,76.0
8363,CRS3035RES1000mN2016000E3156000,308195630,
8364,CRS3035RES1000mN2016000E3156000,312777902,82.0
8365,CRS3035RES1000mN2016000E3156000,330154630,
8366,CRS3035RES1000mN2016000E3156000,340205456,94.0
8367,CRS3035RES1000mN2016000E3156000,367883612,118.0
8368,CRS3035RES1000mN2016000E3156000,368211943,119.0
8369,CRS3035RES1000mN2016000E3156000,374180360,108.0
8370,CRS3035RES1000mN2016000E3156000,375369499,101.0
8371,CRS3035RES1000mN2016000E3156000,383494544,96.0
8372,CRS3035RES1000mN2016000E3156000,384574591,51.0
8373,CRS3035RES1000mN2016000E3156000,403538322,116.0
8374,CRS3035RES1000mN2016000E3156000,403859503,94.0
8375,CRS3035RES1000mN2016000E3156000,437050442,81.0
8376,CRS3035RES1000mN2016000E3156000,459881697,115.0
8377,CRS3035RES1000mN2016000E3156000,477278425,
8378,CRS3035RES1000mN2016000E3156000,486879235,
8379,CRS3035RES1000mN2016000E3156000,493748377,66.0
8380,CRS3035RES1000mN2016000E3156000,498234201,80.0
8381,CRS3035RES1000mN2016000E3156000,504315026,110.0
8382,CRS3035RES1000mN2016000E3156000,548701490,114.0
8383,CRS3035RES1000mN2016000E3156000,574210084,
8384,CRS3035RES1000mN2016000E3156000,576094143,68.0
8385,CRS3035RES1000mN2016000E3156000,584409067,
8386,CRS3035RES1000mN2016000E3156000,635512756,101.0
8387,CRS3035RES1000mN2016000E3156000,638492224,
8388,CRS3035RES1000mN2016000E3156000,653913062,103.0
8389,CRS3035RES1000mN2016000E3156000,659866770,
8390,CRS3035RES1000mN2016000E3156000,697717972,91.0
8391,CRS3035RES1000mN2016000E3156000,717194862,
8392,CRS3035RES1000mN2016000E3156000,736899303,
8393,CRS3035RES1000mN2016000E3156000,738042217,73.0
8394,CRS3035RES1000mN2016000E3156000,839611983,
8395,CRS3035RES1000mN2016000E3156000,957893520,74.0
8396,CRS3035RES1000mN2016000E3156000,963308110,103.0
8397,CRS3035RES1000mN2016000E3156000,1073283182,73.0
8398,CRS3035RES1000mN2016000E3156000,1252864015,101.0
8399,CRS3035RES1000mN2016000E3156000,1283203658,
8400,CRS3035RES1000mN2016000E3157000,25526,84.0
8401,CRS3035RES1000mN2016000E3157000,1774,68.0
8402,CRS3035RES1000mN2016000E3157000,1770,101.0
8403,CRS3035RES1000mN2016000E3157000,1773,86.0
8404,CRS3035RES1000mN2016000E3157000,1771,86.0
8405,CRS3035RES1000mN2016000E3157000,123303,73.0
8406,CRS3035RES1000mN2016000E3157000,1764,81.0
8407,CRS3035RES1000mN2016000E3157000,181101,91.0
8408,CRS3035RES1000mN2016000E3157000,5765642,78.0
8409,CRS3035RES1000mN2016000E3157000,86719,58.0
8410,CRS3035RES1000mN2016000E3157000,1800,85.0
8411,CRS3035RES1000mN2016000E3157000,1757,85.0
8412,CRS3035RES1000mN2016000E3157000,1755,75.0
8413,CRS3035RES1000mN2016000E3157000,1882,85.0
8414,CRS3035RES1000mN2016000E3157000,1745,94.0
8415,CRS3035RES1000mN2016000E3157000,1794,89.0
8416,CRS3035RES1000mN2016000E3157000,1762,77.0
8417,CRS3035RES1000mN2016000E3157000,51188,87.0
8418,CRS3035RES1000mN2016000E3157000,6893633,79.0
8419,CRS3035RES1000mN2016000E3157000,167128,84.0
8420,CRS3035RES1000mN2016000E3157000,1760,87.0
8421,CRS3035RES1000mN2016000E3157000,12773298,59.0
8422,CRS3035RES1000mN2016000E3157000,1754,65.0
8423,CRS3035RES1000mN2016000E3157000,1748,87.0
8424,CRS3035RES1000mN2016000E3157000,79941,99.0
8425,CRS3035RES1000mN2016000E3157000,1750,93.0
8426,CRS3035RES1000mN2016000E3157000,5975465,77.0
8427,CRS3035RES1000mN2016000E3157000,115056,100.0
8428,CRS3035RES1000mN2016000E3157000,1790,96.0
8429,CRS3035RES1000mN2016000E3157000,1756,76.0
8430,CRS3035RES1000mN2016000E3157000,51849,85.0
8431,CRS3035RES1000mN2016000E3157000,185595,89.0
8432,CRS3035RES1000mN2016000E3157000,7697128,75.0
8433,CRS3035RES1000mN2016000E3157000,10395362,99.0
8434,CRS3035RES1000mN2016000E3157000,1759,91.0
8435,CRS3035RES1000mN2016000E3157000,1752,78.0
8436,CRS3035RES1000mN2016000E3157000,186714,88.0
8437,CRS3035RES1000mN2016000E3157000,1753,78.0
8438,CRS3035RES1000mN2016000E3157000,1792,81.0
8439,CRS3035RES1000mN2016000E3157000,1763,71.0
8440,CRS3035RES1000mN2016000E3157000,1746,92.0
8441,CRS3035RES1000mN2016000E3157000,11572165,53.0
8442,CRS3035RES1000mN2016000E3157000,1761,73.0
8443,CRS3035RES1000mN2016000E3157000,1747,89.0
8444,CRS3035RES1000mN2016000E3157000,5768564,86.0
8445,CRS3035RES1000mN2016000E3157000,1798,74.0
8446,CRS3035RES1000mN2016000E3157000,66904,91.0
8447,CRS3035RES1000mN2016000E3157000,1777,78.0
8448,CRS3035RES1000mN2016000E3157000,1765,79.0
8449,CRS3035RES1000mN2016000E3157000,49416,85.0
8450,CRS3035RES1000mN2016000E3157000,12734939,85.0
8451,CRS3035RES1000mN2016000E3157000,167386167,71.0
8452,CRS3035RES1000mN2016000E3157000,295933804,97.0
8453,CRS3035RES1000mN2016000E3157000,303340017,102.0
8454,CRS3035RES1000mN2016000E3157000,315355551,113.0
8455,CRS3035RES1000mN2016000E3157000,339084977,64.0
8456,CRS3035RES1000mN2016000E3157000,412911553,89.0
8457,CRS3035RES1000mN2016000E3157000,558126037,104.0
8458,CRS3035RES1000mN2016000E3157000,711789768,
8459,CRS3035RES1000mN2016000E3157000,727666062,
8460,CRS3035RES1000mN2016000E3157000,848085869,73.0
8461,CRS3035RES1000mN2016000E3157000,1056098898,95.0
8462,CRS3035RES1000mN2016000E3157000,1255438242,
8463,CRS3035RES1000mN2016000E3157000,1469985039,98.0
8464,CRS3035RES1000mN2016000E3157000,1504302537,
8465,CRS3035RES1000mN2016000E3157000,1511617504,97.0
8466,CRS3035RES1000mN2016000E3157000,1541601287,
8467,CRS3035RES1000mN2016000E3157000,1544591296,92.0
8468,CRS3035RES1000mN2016000E3157000,1598174183,98.0
8469,CRS3035RES1000mN2016000E3157000,1629887846,102.0
8470,CRS3035RES1000mN2016000E3157000,1686660176,99.0
8471,CRS3035RES1000mN2016000E3157000,1716927336,63.0
8472,CRS3035RES1000mN2016000E3157000,1734554324,117.0
8473,CRS3035RES1000mN2016000E3157000,1849109335,107.0
8474,CRS3035RES1000mN2016000E3157000,2028408680,111.0
8475,CRS3035RES1000mN2016000E3157000,2036887702,
8476,CRS3035RES1000mN2016000E3157000,2061404218,103.0
8477,CRS3035RES1000mN2016000E3157000,2134238030,112.0
8478,CRS3035RES1000mN2016000E3157000,2261600754,
8479,CRS3035RES1000mN2016000E3157000,2301402027,110.0
8480,CRS3035RES1000mN2016000E3157000,2303966810,111.0
8481,CRS3035RES1000mN2016000E3157000,2312029862,101.0
8482,CRS3035RES1000mN2016000E3157000,2408860250,
8483,CRS3035RES1000mN2016000E3157000,2620185829,89.0
8484,CRS3035RES1000mN2016000E3157000,2622508931,94.0
8485,CRS3035RES1000mN2016000E3157000,2672130951,117.0
8486,CRS3035RES1000mN2016000E3157000,2710518818,103.0
8487,CRS3035RES1000mN2016000E3157000,3034026261,
8488,CRS3035RES1000mN2016000E3157000,3179889751,
8489,CRS3035RES1000mN2016000E3157000,3206611978,
8490,CRS3035RES1000mN2016000E3157000,3272828439,77.0
8491,CRS3035RES1000mN2016000E3157000,3452364276,105.0
8492,CRS3035RES1000mN2016000E3157000,3452364277,87.0
8493,CRS3035RES1000mN2016000E3157000,3495733197,
8494,CRS3035RES1000mN2016000E3157000,3497154853,
8495,CRS3035RES1000mN2016000E3157000,3517755445,
8496,CRS3035RES1000mN2016000E3157000,3522125657,
8497,CRS3035RES1000mN2016000E3157000,3526751794,
8498,CRS3035RES1000mN2016000E3157000,3839306060,105.0
8499,CRS3035RES1000mN2016000E3157000,4214697664,82.0
8500,CRS3035RES1000mN2016000E3157000,4338252586,
8501,CRS3035RES1000mN2016000E3157000,4401271633,98.0
8502,CRS3035RES1000mN2016000E3157000,4515476768,
8503,CRS3035RES1000mN2016000E3157000,4569910891,79.0
8504,CRS3035RES1000mN2016000E3157000,4703730491,112.0
8505,CRS3035RES1000mN2016000E3157000,4707870392,107.0
8506,CRS3035RES1000mN2016000E3157000,4789037769,86.0
8507,CRS3035RES1000mN2016000E3157000,4794233143,
8508,CRS3035RES1000mN2016000E3157000,4870405674,87.0
8509,CRS3035RES1000mN2016000E3157000,5139379922,
8510,CRS3035RES1000mN2016000E3157000,5160337425,88.0
8511,CRS3035RES1000mN2016000E3157000,5196199575,103.0
8512,CRS3035RES1000mN2016000E3157000,5341570554,78.0
8513,CRS3035RES1000mN2016000E3157000,5345949864,106.0
8514,CRS3035RES1000mN2016000E3157000,5448507385,
8515,CRS3035RES1000mN2016000E3157000,5604693894,
8516,CRS3035RES1000mN2016000E3157000,5670401989,
8517,CRS3035RES1000mN2016000E3157000,5942671299,97.0
8518,CRS3035RES1000mN2016000E3157000,5943980960,101.0
8519,CRS3035RES1000mN2016000E3157000,6185791451,
8520,CRS3035RES1000mN2016000E3157000,6188948286,103.0
8521,CRS3035RES1000mN2016000E3157000,6555800191,81.0
8522,CRS3035RES1000mN2016000E3157000,6885254479,97.0
8523,CRS3035RES1000mN2016000E3157000,7222611268,
8524,CRS3035RES1000mN2016000E3157000,7408961006,
8525,CRS3035RES1000mN2016000E3157000,7619964683,
8526,CRS3035RES1000mN2016000E3157000,7836562695,114.0
8527,CRS3035RES1000mN2016000E3157000,8493729364,74.0
8528,CRS3035RES1000mN2016000E3157000,8557885377,
8529,CRS3035RES1000mN2016000E3157000,8807212208,85.0
8530,CRS3035RES1000mN2016000E3157000,8844229173,87.0
8531,CRS3035RES1000mN2016000E3157000,8878422600,118.0
8532,CRS3035RES1000mN2016000E3157000,9595709188,93.0
8533,CRS3035RES1000mN2016000E3157000,9611387099,75.0
8534,CRS3035RES1000mN2016000E3157000,9712656915,86.0
8535,CRS3035RES1000mN2016000E3157000,9713142744,80.0
8536,CRS3035RES1000mN2016000E3157000,9815746657,
8537,CRS3035RES1000mN2016000E3157000,10004871512,101.0
8538,CRS3035RES1000mN2016000E3157000,10281174134,
8539,CRS3035RES1000mN2016000E3157000,10580337411,109.0
8540,CRS3035RES1000mN2016000E3157000,10899442604,73.0
8541,CRS3035RES1000mN2016000E3157000,10922657146,71.0
8542,CRS3035RES1000mN2016000E3157000,11127499928,100.0
8543,CRS3035RES1000mN2016000E3157000,11143725881,113.0
8544,CRS3035RES1000mN2016000E3157000,11243087140,105.0
8545,CRS3035RES1000mN2016000E3157000,11269399969,101.0
8546,CRS3035RES1000mN2016000E3157000,11287269362,105.0
8547,CRS3035RES1000mN2016000E3157000,11287269363,
8548,CRS3035RES1000mN2016000E3157000,11369705764,115.0
8549,CRS3035RES1000mN2016000E3157000,11387776374,94.0
8550,CRS3035RES1000mN2016000E3157000,11461799040,
8551,CRS3035RES1000mN2016000E3157000,11462802981,80.0
8552,CRS3035RES1000mN2016000E3157000,11652077658,112.0
8553,CRS3035RES1000mN2016000E3157000,11691390164,89.0
8554,CRS3035RES1000mN2016000E3157000,11739757462,50.0
8555,CRS3035RES1000mN2016000E3157000,12178446726,81.0
8556,CRS3035RES1000mN2016000E3157000,12407425114,
8557,CRS3035RES1000mN2016000E3157000,12865480228,106.0
8558,CRS3035RES1000mN2016000E3157000,2960630,93.0
8559,CRS3035RES1000mN2016000E3157000,3554044,101.0
8560,CRS3035RES1000mN2016000E3157000,3557906,52.0
8561,CRS3035RES1000mN2016000E3157000,5231361,95.0
8562,CRS3035RES1000mN2016000E3157000,9314566,
8563,CRS3035RES1000mN2016000E3157000,13696257,119.0
8564,CRS3035RES1000mN2016000E3157000,15996131,96.0
8565,CRS3035RES1000mN2016000E3157000,23526191,91.0
8566,CRS3035RES1000mN2016000E3157000,23545719,98.0
8567,CRS3035RES1000mN2016000E3157000,30599279,66.0
8568,CRS3035RES1000mN2016000E3157000,30649229,93.0
8569,CRS3035RES1000mN2016000E3157000,32198651,
8570,CRS3035RES1000mN2016000E3157000,34945111,61.0
8571,CRS3035RES1000mN2016000E3157000,50170625,
8572,CRS3035RES1000mN2016000E3157000,82887228,117.0
8573,CRS3035RES1000mN2016000E3157000,92484952,
8574,CRS3035RES1000mN2016000E3157000,95794713,93.0
8575,CRS3035RES1000mN2016000E3157000,96418670,77.0
8576,CRS3035RES1000mN2016000E3157000,98502686,103.0
8577,CRS3035RES1000mN2016000E3157000,132613257,94.0
8578,CRS3035RES1000mN2016000E3157000,135036040,101.0
8579,CRS3035RES1000mN2016000E3157000,150772489,93.0
8580,CRS3035RES1000mN2016000E3157000,154118456,104.0
8581,CRS3035RES1000mN2016000E3157000,157375776,97.0
8582,CRS3035RES1000mN2016000E3157000,158211204,86.0
8583,CRS3035RES1000mN2016000E3157000,162072415,57.0
8584,CRS3035RES1000mN2016000E3157000,162117720,117.0
8585,CRS3035RES1000mN2016000E3157000,170487273,
8586,CRS3035RES1000mN2016000E3157000,172686062,90.0
8587,CRS3035RES1000mN2016000E3157000,174318235,73.0
8588,CRS3035RES1000mN2016000E3157000,174318237,69.0
8589,CRS3035RES1000mN2016000E3157000,205060159,
8590,CRS3035RES1000mN2016000E3157000,205757163,
8591,CRS3035RES1000mN2016000E3157000,221095520,109.0
8592,CRS3035RES1000mN2016000E3157000,224503374,86.0
8593,CRS3035RES1000mN2016000E3157000,227333462,116.0
8594,CRS3035RES1000mN2016000E3157000,229117454,112.0
8595,CRS3035RES1000mN2016000E3157000,261460389,
8596,CRS3035RES1000mN2016000E3157000,283450022,80.0
8597,CRS3035RES1000mN2016000E3157000,288994040,68.0
8598,CRS3035RES1000mN2016000E3157000,296744564,
8599,CRS3035RES1000mN2016000E3157000,297526406,98.0
8600,CRS3035RES1000mN2016000E3157000,300709861,90.0
8601,CRS3035RES1000mN2016000E3157000,301444634,
8602,CRS3035RES1000mN2016000E3157000,302721609,72.0
8603,CRS3035RES1000mN2016000E3157000,308195630,
8604,CRS3035RES1000mN2016000E3157000,312777902,75.0
8605,CRS3035RES1000mN2016000E3157000,330154630,
8606,CRS3035RES1000mN2016000E3157000,340205456,91.0
8607,CRS3035RES1000mN2016000E3157000,367883612,115.0
8608,CRS3035RES1000mN2016000E3157000,368211943,116.0
8609,CRS3035RES1000mN2016000E3157000,374180360,105.0
8610,CRS3035RES1000mN2016000E3157000,375369499,98.0
8611,CRS3035RES1000mN2016000E3157000,383494544,93.0
8612,CRS3035RES1000mN2016000E3157000,384574591,51.0
8613,CRS3035RES1000mN2016000E3157000,403538322,113.0
8614,CRS3035RES1000mN2016000E3157000,403859503,91.0
8615,CRS3035RES1000mN2016000E3157000,437050442,81.0
8616,CRS3035RES1000mN2016000E3157000,459881697,114.0
8617,CRS3035RES1000mN2016000E3157000,477278425,
8618,CRS3035RES1000mN2016000E3157000,486879235,
8619,CRS3035RES1000mN2016000E3157000,493748377,64.0
8620,CRS3035RES1000mN2016000E3157000,498234201,80.0
8621,CRS3035RES1000mN2016000E3157000,504315026,107.0
8622,CRS3035RES1000mN2016000E3157000,548701490,114.0
8623,CRS3035RES1000mN2016000E3157000,574210084,
8624,CRS3035RES1000mN2016000E3157000,576094143,66.0
8625,CRS3035RES1000mN2016000E3157000,584409067,108.0
8626,CRS3035RES1000mN2016000E3157000,635512756,98.0
8627,CRS3035RES1000mN2016000E3157000,638492224,
8628,CRS3035RES1000mN2016000E3157000,653913062,100.0
8629,CRS3035RES1000mN2016000E3157000,659866770,
8630,CRS3035RES1000mN2016000E3157000,697717972,88.0
8631,CRS3035RES1000mN2016000E3157000,717194862,
8632,CRS3035RES1000mN2016000E3157000,736899303,
8633,CRS3035RES1000mN2016000E3157000,738042217,46.0
8634,CRS3035RES1000mN2016000E3157000,839611983,
8635,CRS3035RES1000mN2016000E3157000,957893520,70.0
8636,CRS3035RES1000mN2016000E3157000,963308110,99.0
8637,CRS3035RES1000mN2016000E3157000,1073283182,64.0
8638,CRS3035RES1000mN2016000E3157000,1252864015,98.0
8639,CRS3035RES1000mN2016000E3157000,1283203658,
8640,CRS3035RES1000mN2016000E3158000,25526,112.0
8641,CRS3035RES1000mN2016000E3158000,1774,90.0
8642,CRS3035RES1000mN2016000E3158000,1770,
8643,CRS3035RES1000mN2016000E3158000,1773,109.0
8644,CRS3035RES1000mN2016000E3158000,1771,110.0
8645,CRS3035RES1000mN2016000E3158000,123303,98.0
8646,CRS3035RES1000mN2016000E3158000,1764,109.0
8647,CRS3035RES1000mN2016000E3158000,181101,117.0
8648,CRS3035RES1000mN2016000E3158000,5765642,103.0
8649,CRS3035RES1000mN2016000E3158000,86719,82.0
8650,CRS3035RES1000mN2016000E3158000,1800,109.0
8651,CRS3035RES1000mN2016000E3158000,1757,108.0
8652,CRS3035RES1000mN2016000E3158000,1755,100.0
8653,CRS3035RES1000mN2016000E3158000,1882,111.0
8654,CRS3035RES1000mN2016000E3158000,1745,113.0
8655,CRS3035RES1000mN2016000E3158000,1794,113.0
8656,CRS3035RES1000mN2016000E3158000,1762,100.0
8657,CRS3035RES1000mN2016000E3158000,51188,112.0
8658,CRS3035RES1000mN2016000E3158000,6893633,101.0
8659,CRS3035RES1000mN2016000E3158000,167128,107.0
8660,CRS3035RES1000mN2016000E3158000,1760,111.0
8661,CRS3035RES1000mN2016000E3158000,12773298,86.0
8662,CRS3035RES1000mN2016000E3158000,1754,89.0
8663,CRS3035RES1000mN2016000E3158000,1748,111.0
8664,CRS3035RES1000mN2016000E3158000,79941,118.0
8665,CRS3035RES1000mN2016000E3158000,1750,118.0
8666,CRS3035RES1000mN2016000E3158000,5975465,105.0
8667,CRS3035RES1000mN2016000E3158000,115056,
8668,CRS3035RES1000mN2016000E3158000,1790,
8669,CRS3035RES1000mN2016000E3158000,1756,100.0
8670,CRS3035RES1000mN2016000E3158000,51849,108.0
8671,CRS3035RES1000mN2016000E3158000,185595,114.0
8672,CRS3035RES1000mN2016000E3158000,7697128,103.0
8673,CRS3035RES1000mN2016000E3158000,10395362,
8674,CRS3035RES1000mN2016000E3158000,1759,115.0
8675,CRS3035RES1000mN2016000E3158000,1752,101.0
8676,CRS3035RES1000mN2016000E3158000,186714,111.0
8677,CRS3035RES1000mN2016000E3158000,1753,103.0
8678,CRS3035RES1000mN2016000E3158000,1792,105.0
8679,CRS3035RES1000mN2016000E3158000,1763,94.0
8680,CRS3035RES1000mN2016000E3158000,1746,116.0
8681,CRS3035RES1000mN2016000E3158000,11572165,79.0
8682,CRS3035RES1000mN2016000E3158000,1761,97.0
8683,CRS3035RES1000mN2016000E3158000,1747,112.0
8684,CRS3035RES1000mN2016000E3158000,5768564,110.0
8685,CRS3035RES1000mN2016000E3158000,1798,97.0
8686,CRS3035RES1000mN2016000E3158000,66904,
8687,CRS3035RES1000mN2016000E3158000,1777,104.0
8688,CRS3035RES1000mN2016000E3158000,1765,102.0
8689,CRS3035RES1000mN2016000E3158000,49416,110.0
8690,CRS3035RES1000mN2016000E3158000,12734939,110.0
8691,CRS3035RES1000mN2016000E3158000,167386167,96.0
8692,CRS3035RES1000mN2016000E3158000,295933804,111.0
8693,CRS3035RES1000mN2016000E3158000,303340017,116.0
8694,CRS3035RES1000mN2016000E3158000,315355551,
8695,CRS3035RES1000mN2016000E3158000,339084977,89.0
8696,CRS3035RES1000mN2016000E3158000,412911553,114.0
8697,CRS3035RES1000mN2016000E3158000,558126037,
8698,CRS3035RES1000mN2016000E3158000,711789768,
8699,CRS3035RES1000mN2016000E3158000,727666062,
8700,CRS3035RES1000mN2016000E3158000,848085869,98.0
8701,CRS3035RES1000mN2016000E3158000,1056098898,
8702,CRS3035RES1000mN2016000E3158000,1255438242,
8703,CRS3035RES1000mN2016000E3158000,1469985039,
8704,CRS3035RES1000mN2016000E3158000,1504302537,
8705,CRS3035RES1000mN2016000E3158000,1511617504,
8706,CRS3035RES1000mN2016000E3158000,1541601287,
8707,CRS3035RES1000mN2016000E3158000,1544591296,
8708,CRS3035RES1000mN2016000E3158000,1598174183,
8709,CRS3035RES1000mN2016000E3158000,1629887846,
8710,CRS3035RES1000mN2016000E3158000,1686660176,
8711,CRS3035RES1000mN2016000E3158000,1716927336,90.0
8712,CRS3035RES1000mN2016000E3158000,1734554324,
8713,CRS3035RES1000mN2016000E3158000,1849109335,
8714,CRS3035RES1000mN2016000E3158000,2028408680,
8715,CRS3035RES1000mN2016000E3158000,2036887702,
8716,CRS3035RES1000mN2016000E3158000,2061404218,
8717,CRS3035RES1000mN2016000E3158000,2134238030,
8718,CRS3035RES1000mN2016000E3158000,2261600754,
8719,CRS3035RES1000mN2016000E3158000,2301402027,
8720,CRS3035RES1000mN2016000E3158000,2303966810,113.0
8721,CRS3035RES1000mN2016000E3158000,2312029862,
8722,CRS3035RES1000mN2016000E3158000,2408860250,
8723,CRS3035RES1000mN2016000E3158000,2620185829,115.0
8724,CRS3035RES1000mN2016000E3158000,2622508931,117.0
8725,CRS3035RES1000mN2016000E3158000,2672130951,
8726,CRS3035RES1000mN2016000E3158000,2710518818,113.0
8727,CRS3035RES1000mN2016000E3158000,3034026261,
8728,CRS3035RES1000mN2016000E3158000,3179889751,
8729,CRS3035RES1000mN2016000E3158000,3206611978,
8730,CRS3035RES1000mN2016000E3158000,3272828439,99.0
8731,CRS3035RES1000mN2016000E3158000,3452364276,
8732,CRS3035RES1000mN2016000E3158000,3452364277,110.0
8733,CRS3035RES1000mN2016000E3158000,3495733197,
8734,CRS3035RES1000mN2016000E3158000,3497154853,
8735,CRS3035RES1000mN2016000E3158000,3517755445,
8736,CRS3035RES1000mN2016000E3158000,3522125657,
8737,CRS3035RES1000mN2016000E3158000,3526751794,
8738,CRS3035RES1000mN2016000E3158000,3839306060,
8739,CRS3035RES1000mN2016000E3158000,4214697664,105.0
8740,CRS3035RES1000mN2016000E3158000,4338252586,
8741,CRS3035RES1000mN2016000E3158000,4401271633,
8742,CRS3035RES1000mN2016000E3158000,4515476768,
8743,CRS3035RES1000mN2016000E3158000,4569910891,104.0
8744,CRS3035RES1000mN2016000E3158000,4703730491,
8745,CRS3035RES1000mN2016000E3158000,4707870392,
8746,CRS3035RES1000mN2016000E3158000,4789037769,113.0
8747,CRS3035RES1000mN2016000E3158000,4794233143,
8748,CRS3035RES1000mN2016000E3158000,4870405674,111.0
8749,CRS3035RES1000mN2016000E3158000,5139379922,
8750,CRS3035RES1000mN2016000E3158000,5160337425,113.0
8751,CRS3035RES1000mN2016000E3158000,5196199575,
8752,CRS3035RES1000mN2016000E3158000,5341570554,101.0
8753,CRS3035RES1000mN2016000E3158000,5345949864,110.0
8754,CRS3035RES1000mN2016000E3158000,5448507385,
8755,CRS3035RES1000mN2016000E3158000,5604693894,
8756,CRS3035RES1000mN2016000E3158000,5670401989,
8757,CRS3035RES1000mN2016000E3158000,5942671299,117.0
8758,CRS3035RES1000mN2016000E3158000,5943980960,
8759,CRS3035RES1000mN2016000E3158000,6185791451,
8760,CRS3035RES1000mN2016000E3158000,6188948286,
8761,CRS3035RES1000mN2016000E3158000,6555800191,103.0
8762,CRS3035RES1000mN2016000E3158000,6885254479,
8763,CRS3035RES1000mN2016000E3158000,7222611268,
8764,CRS3035RES1000mN2016000E3158000,7408961006,
8765,CRS3035RES1000mN2016000E3158000,7619964683,
8766,CRS3035RES1000mN2016000E3158000,7836562695,
8767,CRS3035RES1000mN2016000E3158000,8493729364,102.0
8768,CRS3035RES1000mN2016000E3158000,8557885377,
8769,CRS3035RES1000mN2016000E3158000,8807212208,111.0
8770,CRS3035RES1000mN2016000E3158000,8844229173,113.0
8771,CRS3035RES1000mN2016000E3158000,8878422600,
8772,CRS3035RES1000mN2016000E3158000,9595709188,117.0
8773,CRS3035RES1000mN2016000E3158000,9611387099,98.0
8774,CRS3035RES1000mN2016000E3158000,9712656915,110.0
8775,CRS3035RES1000mN2016000E3158000,9713142744,105.0
8776,CRS3035RES1000mN2016000E3158000,9815746657,
8777,CRS3035RES1000mN2016000E3158000,10004871512,
8778,CRS3035RES1000mN2016000E3158000,10281174134,
8779,CRS3035RES1000mN2016000E3158000,10580337411,
8780,CRS3035RES1000mN2016000E3158000,10899442604,95.0
8781,CRS3035RES1000mN2016000E3158000,10922657146,93.0
8782,CRS3035RES1000mN2016000E3158000,11127499928,
8783,CRS3035RES1000mN2016000E3158000,11143725881,
8784,CRS3035RES1000mN2016000E3158000,11243087140,
8785,CRS3035RES1000mN2016000E3158000,11269399969,
8786,CRS3035RES1000mN2016000E3158000,11287269362,
8787,CRS3035RES1000mN2016000E3158000,11287269363,
8788,CRS3035RES1000mN2016000E3158000,11369705764,
8789,CRS3035RES1000mN2016000E3158000,11387776374,119.0
8790,CRS3035RES1000mN2016000E3158000,11461799040,
8791,CRS3035RES1000mN2016000E3158000,11462802981,107.0
8792,CRS3035RES1000mN2016000E3158000,11652077658,
8793,CRS3035RES1000mN2016000E3158000,11691390164,114.0
8794,CRS3035RES1000mN2016000E3158000,11739757462,75.0
8795,CRS3035RES1000mN2016000E3158000,12178446726,105.0
8796,CRS3035RES1000mN2016000E3158000,12407425114,
8797,CRS3035RES1000mN2016000E3158000,12865480228,
8798,CRS3035RES1000mN2016000E3158000,2960630,115.0
8799,CRS3035RES1000mN2016000E3158000,3554044,119.0
8800,CRS3035RES1000mN2016000E3158000,3557906,73.0
8801,CRS3035RES1000mN2016000E3158000,5231361,
8802,CRS3035RES1000mN2016000E3158000,9314566,
8803,CRS3035RES1000mN2016000E3158000,13696257,
8804,CRS3035RES1000mN2016000E3158000,15996131,116.0
8805,CRS3035RES1000mN2016000E3158000,23526191,114.0
8806,CRS3035RES1000mN2016000E3158000,23545719,
8807,CRS3035RES1000mN2016000E3158000,30599279,92.0
8808,CRS3035RES1000mN2016000E3158000,30649229,116.0
8809,CRS3035RES1000mN2016000E3158000,32198651,
8810,CRS3035RES1000mN2016000E3158000,34945111,80.0
8811,CRS3035RES1000mN2016000E3158000,50170625,
8812,CRS3035RES1000mN2016000E3158000,82887228,
8813,CRS3035RES1000mN2016000E3158000,92484952,
8814,CRS3035RES1000mN2016000E3158000,95794713,116.0
8815,CRS3035RES1000mN2016000E3158000,96418670,99.0
8816,CRS3035RES1000mN2016000E3158000,98502686,
8817,CRS3035RES1000mN2016000E3158000,132613257,116.0
8818,CRS3035RES1000mN2016000E3158000,135036040,
8819,CRS3035RES1000mN2016000E3158000,150772489,119.0
8820,CRS3035RES1000mN2016000E3158000,154118456,
8821,CRS3035RES1000mN2016000E3158000,157375776,
8822,CRS3035RES1000mN2016000E3158000,158211204,108.0
8823,CRS3035RES1000mN2016000E3158000,162072415,83.0
8824,CRS3035RES1000mN2016000E3158000,162117720,
8825,CRS3035RES1000mN2016000E3158000,170487273,
8826,CRS3035RES1000mN2016000E3158000,172686062,119.0
8827,CRS3035RES1000mN2016000E3158000,174318235,98.0
8828,CRS3035RES1000mN2016000E3158000,174318237,91.0
8829,CRS3035RES1000mN2016000E3158000,205060159,
8830,CRS3035RES1000mN2016000E3158000,205757163,
8831,CRS3035RES1000mN2016000E3158000,221095520,
8832,CRS3035RES1000mN2016000E3158000,224503374,109.0
8833,CRS3035RES1000mN2016000E3158000,227333462,117.0
8834,CRS3035RES1000mN2016000E3158000,229117454,119.0
8835,CRS3035RES1000mN2016000E3158000,261460389,
8836,CRS3035RES1000mN2016000E3158000,283450022,107.0
8837,CRS3035RES1000mN2016000E3158000,288994040,91.0
8838,CRS3035RES1000mN2016000E3158000,296744564,
8839,CRS3035RES1000mN2016000E3158000,297526406,
8840,CRS3035RES1000mN2016000E3158000,300709861,112.0
8841,CRS3035RES1000mN2016000E3158000,301444634,
8842,CRS3035RES1000mN2016000E3158000,302721609,99.0
8843,CRS3035RES1000mN2016000E3158000,308195630,
8844,CRS3035RES1000mN2016000E3158000,312777902,99.0
8845,CRS3035RES1000mN2016000E3158000,330154630,
8846,CRS3035RES1000mN2016000E3158000,340205456,116.0
8847,CRS3035RES1000mN2016000E3158000,367883612,
8848,CRS3035RES1000mN2016000E3158000,368211943,
8849,CRS3035RES1000mN2016000E3158000,374180360,
8850,CRS3035RES1000mN2016000E3158000,375369499,
8851,CRS3035RES1000mN2016000E3158000,383494544,118.0
8852,CRS3035RES1000mN2016000E3158000,384574591,72.0
8853,CRS3035RES1000mN2016000E3158000,403538322,
8854,CRS3035RES1000mN2016000E3158000,403859503,116.0
8855,CRS3035RES1000mN2016000E3158000,437050442,100.0
8856,CRS3035RES1000mN2016000E3158000,459881697,118.0
8857,CRS3035RES1000mN2016000E3158000,477278425,
8858,CRS3035RES1000mN2016000E3158000,486879235,
8859,CRS3035RES1000mN2016000E3158000,493748377,89.0
8860,CRS3035RES1000mN2016000E3158000,498234201,98.0
8861,CRS3035RES1000mN2016000E3158000,504315026,
8862,CRS3035RES1000mN2016000E3158000,548701490,
8863,CRS3035RES1000mN2016000E3158000,574210084,
8864,CRS3035RES1000mN2016000E3158000,576094143,91.0
8865,CRS3035RES1000mN2016000E3158000,584409067,
8866,CRS3035RES1000mN2016000E3158000,635512756,
8867,CRS3035RES1000mN2016000E3158000,638492224,
8868,CRS3035RES1000mN2016000E3158000,653913062,
8869,CRS3035RES1000mN2016000E3158000,659866770,
8870,CRS3035RES1000mN2016000E3158000,697717972,112.0
8871,CRS3035RES1000mN2016000E3158000,717194862,
8872,CRS3035RES1000mN2016000E3158000,736899303,
8873,CRS3035RES1000mN2016000E3158000,738042217,83.0
8874,CRS3035RES1000mN2016000E3158000,839611983,
8875,CRS3035RES1000mN2016000E3158000,957893520,99.0
8876,CRS3035RES1000mN2016000E3158000,963308110,
8877,CRS3035RES1000mN2016000E3158000,1073283182,91.0
8878,CRS3035RES1000mN2016000E3158000,1252864015,
8879,CRS3035RES1000mN2016000E3158000,1283203658,
8880,CRS3035RES1000mN2016000E3159000,25526,115.0
8881,CRS3035RES1000mN2016000E3159000,1774,92.0
8882,CRS3035RES1000mN2016000E3159000,1770,
8883,CRS3035RES1000mN2016000E3159000,1773,111.0
8884,CRS3035RES1000mN2016000E3159000,1771,113.0
8885,CRS3035RES1000mN2016000E3159000,123303,100.0
8886,CRS3035RES1000mN2016000E3159000,1764,111.0
8887,CRS3035RES1000mN2016000E3159000,181101,118.0
8888,CRS3035RES1000mN2016000E3159000,5765642,105.0
8889,CRS3035RES1000mN2016000E3159000,86719,84.0
8890,CRS3035RES1000mN2016000E3159000,1800,110.0
8891,CRS3035RES1000mN2016000E3159000,1757,110.0
8892,CRS3035RES1000mN2016000E3159000,1755,101.0
8893,CRS3035RES1000mN2016000E3159000,1882,113.0
8894,CRS3035RES1000mN2016000E3159000,1745,114.0
8895,CRS3035RES1000mN2016000E3159000,1794,114.0
8896,CRS3035RES1000mN2016000E3159000,1762,101.0
8897,CRS3035RES1000mN2016000E3159000,51188,115.0
8898,CRS3035RES1000mN2016000E3159000,6893633,103.0
8899,CRS3035RES1000mN2016000E3159000,167128,109.0
8900,CRS3035RES1000mN2016000E3159000,1760,113.0
8901,CRS3035RES1000mN2016000E3159000,12773298,87.0
8902,CRS3035RES1000mN2016000E3159000,1754,90.0
8903,CRS3035RES1000mN2016000E3159000,1748,113.0
8904,CRS3035RES1000mN2016000E3159000,79941,
8905,CRS3035RES1000mN2016000E3159000,1750,
8906,CRS3035RES1000mN2016000E3159000,5975465,106.0
8907,CRS3035RES1000mN2016000E3159000,115056,
8908,CRS3035RES1000mN2016000E3159000,1790,
8909,CRS3035RES1000mN2016000E3159000,1756,102.0
8910,CRS3035RES1000mN2016000E3159000,51849,110.0
8911,CRS3035RES1000mN2016000E3159000,185595,117.0
8912,CRS3035RES1000mN2016000E3159000,7697128,106.0
8913,CRS3035RES1000mN2016000E3159000,10395362,
8914,CRS3035RES1000mN2016000E3159000,1759,119.0
8915,CRS3035RES1000mN2016000E3159000,1752,102.0
8916,CRS3035RES1000mN2016000E3159000,186714,112.0
8917,CRS3035RES1000mN2016000E3159000,1753,105.0
8918,CRS3035RES1000mN2016000E3159000,1792,107.0
8919,CRS3035RES1000mN2016000E3159000,1763,96.0
8920,CRS3035RES1000mN2016000E3159000,1746,117.0
8921,CRS3035RES1000mN2016000E3159000,11572165,81.0
8922,CRS3035RES1000mN2016000E3159000,1761,100.0
8923,CRS3035RES1000mN2016000E3159000,1747,114.0
8924,CRS3035RES1000mN2016000E3159000,5768564,112.0
8925,CRS3035RES1000mN2016000E3159000,1798,99.0
8926,CRS3035RES1000mN2016000E3159000,66904,
8927,CRS3035RES1000mN2016000E3159000,1777,106.0
8928,CRS3035RES1000mN2016000E3159000,1765,104.0
8929,CRS3035RES1000mN2016000E3159000,49416,111.0
8930,CRS3035RES1000mN2016000E3159000,12734939,111.0
8931,CRS3035RES1000mN2016000E3159000,167386167,101.0
8932,CRS3035RES1000mN2016000E3159000,295933804,110.0
8933,CRS3035RES1000mN2016000E3159000,303340017,118.0
8934,CRS3035RES1000mN2016000E3159000,315355551,
8935,CRS3035RES1000mN2016000E3159000,339084977,89.0
8936,CRS3035RES1000mN2016000E3159000,412911553,116.0
8937,CRS3035RES1000mN2016000E3159000,558126037,
8938,CRS3035RES1000mN2016000E3159000,711789768,
8939,CRS3035RES1000mN2016000E3159000,727666062,
8940,CRS3035RES1000mN2016000E3159000,848085869,107.0
8941,CRS3035RES1000mN2016000E3159000,1056098898,
8942,CRS3035RES1000mN2016000E3159000,1255438242,
8943,CRS3035RES1000mN2016000E3159000,1469985039,
8944,CRS3035RES1000mN2016000E3159000,1504302537,
8945,CRS3035RES1000mN2016000E3159000,1511617504,
8946,CRS3035RES1000mN2016000E3159000,1541601287,
8947,CRS3035RES1000mN2016000E3159000,1544591296,
8948,CRS3035RES1000mN2016000E3159000,1598174183,
8949,CRS3035RES1000mN2016000E3159000,1629887846,
8950,CRS3035RES1000mN2016000E3159000,1686660176,
8951,CRS3035RES1000mN2016000E3159000,1716927336,95.0
8952,CRS3035RES1000mN2016000E3159000,1734554324,
8953,CRS3035RES1000mN2016000E3159000,1849109335,
8954,CRS3035RES1000mN2016000E3159000,2028408680,
8955,CRS3035RES1000mN2016000E3159000,2036887702,
8956,CRS3035RES1000mN2016000E3159000,2061404218,
8957,CRS3035RES1000mN2016000E3159000,2134238030,
8958,CRS3035RES1000mN2016000E3159000,2261600754,
8959,CRS3035RES1000mN2016000E3159000,2301402027,
8960,CRS3035RES1000mN2016000E3159000,2303966810,
8961,CRS3035RES1000mN2016000E3159000,2312029862,
8962,CRS3035RES1000mN2016000E3159000,2408860250,
8963,CRS3035RES1000mN2016000E3159000,2620185829,117.0
8964,CRS3035RES1000mN2016000E3159000,2622508931,119.0
8965,CRS3035RES1000mN2016000E3159000,2672130951,
8966,CRS3035RES1000mN2016000E3159000,2710518818,113.0
8967,CRS3035RES1000mN2016000E3159000,3034026261,
8968,CRS3035RES1000mN2016000E3159000,3179889751,
8969,CRS3035RES1000mN2016000E3159000,3206611978,
8970,CRS3035RES1000mN2016000E3159000,3272828439,111.0
8971,CRS3035RES1000mN2016000E3159000,3452364276,
8972,CRS3035RES1000mN2016000E3159000,3452364277,113.0
8973,CRS3035RES1000mN2016000E3159000,3495733197,
8974,CRS3035RES1000mN2016000E3159000,3497154853,
8975,CRS3035RES1000mN2016000E3159000,3517755445,
8976,CRS3035RES1000mN2016000E3159000,3522125657,
8977,CRS3035RES1000mN2016000E3159000,3526751794,
8978,CRS3035RES1000mN2016000E3159000,3839306060,
8979,CRS3035RES1000mN2016000E3159000,4214697664,107.0
8980,CRS3035RES1000mN2016000E3159000,4338252586,
8981,CRS3035RES1000mN2016000E3159000,4401271633,
8982,CRS3035RES1000mN2016000E3159000,4515476768,
8983,CRS3035RES1000mN2016000E3159000,4569910891,108.0
8984,CRS3035RES1000mN2016000E3159000,4703730491,
8985,CRS3035RES1000mN2016000E3159000,4707870392,
8986,CRS3035RES1000mN2016000E3159000,4789037769,116.0
8987,CRS3035RES1000mN2016000E3159000,4794233143,
8988,CRS3035RES1000mN2016000E3159000,4870405674,113.0
8989,CRS3035RES1000mN2016000E3159000,5139379922,
8990,CRS3035RES1000mN2016000E3159000,5160337425,115.0
8991,CRS3035RES1000mN2016000E3159000,5196199575,
8992,CRS3035RES1000mN2016000E3159000,5341570554,102.0
8993,CRS3035RES1000mN2016000E3159000,5345949864,110.0
8994,CRS3035RES1000mN2016000E3159000,5448507385,
8995,CRS3035RES1000mN2016000E3159000,5604693894,
8996,CRS3035RES1000mN2016000E3159000,5670401989,
8997,CRS3035RES1000mN2016000E3159000,5942671299,117.0
8998,CRS3035RES1000mN2016000E3159000,5943980960,
8999,CRS3035RES1000mN2016000E3159000,6185791451,
9000,CRS3035RES1000mN2016000E3159000,6188948286,
9001,CRS3035RES1000mN2016000E3159000,6555800191,114.0
9002,CRS3035RES1000mN2016000E3159000,6885254479,
9003,CRS3035RES1000mN2016000E3159000,7222611268,
9004,CRS3035RES1000mN2016000E3159000,7408961006,
9005,CRS3035RES1000mN2016000E3159000,7619964683,
9006,CRS3035RES1000mN2016000E3159000,7836562695,
9007,CRS3035RES1000mN2016000E3159000,8493729364,104.0
9008,CRS3035RES1000mN2016000E3159000,8557885377,
9009,CRS3035RES1000mN2016000E3159000,8807212208,113.0
9010,CRS3035RES1000mN2016000E3159000,8844229173,116.0
9011,CRS3035RES1000mN2016000E3159000,8878422600,
9012,CRS3035RES1000mN2016000E3159000,9595709188,
9013,CRS3035RES1000mN2016000E3159000,9611387099,100.0
9014,CRS3035RES1000mN2016000E3159000,9712656915,112.0
9015,CRS3035RES1000mN2016000E3159000,9713142744,109.0
9016,CRS3035RES1000mN2016000E3159000,9815746657,
9017,CRS3035RES1000mN2016000E3159000,10004871512,
9018,CRS3035RES1000mN2016000E3159000,10281174134,
9019,CRS3035RES1000mN2016000E3159000,10580337411,
9020,CRS3035RES1000mN2016000E3159000,10899442604,106.0
9021,CRS3035RES1000mN2016000E3159000,10922657146,104.0
9022,CRS3035RES1000mN2016000E3159000,11127499928,
9023,CRS3035RES1000mN2016000E3159000,11143725881,
9024,CRS3035RES1000mN2016000E3159000,11243087140,
9025,CRS3035RES1000mN2016000E3159000,11269399969,
9026,CRS3035RES1000mN2016000E3159000,11287269362,
9027,CRS3035RES1000mN2016000E3159000,11287269363,
9028,CRS3035RES1000mN2016000E3159000,11369705764,
9029,CRS3035RES1000mN2016000E3159000,11387776374,
9030,CRS3035RES1000mN2016000E3159000,11461799040,
9031,CRS3035RES1000mN2016000E3159000,11462802981,109.0
9032,CRS3035RES1000mN2016000E3159000,11652077658,
9033,CRS3035RES1000mN2016000E3159000,11691390164,116.0
9034,CRS3035RES1000mN2016000E3159000,11739757462,80.0
9035,CRS3035RES1000mN2016000E3159000,12178446726,106.0
9036,CRS3035RES1000mN2016000E3159000,12407425114,
9037,CRS3035RES1000mN2016000E3159000,12865480228,
9038,CRS3035RES1000mN2016000E3159000,2960630,
9039,CRS3035RES1000mN2016000E3159000,3554044,
9040,CRS3035RES1000mN2016000E3159000,3557906,82.0
9041,CRS3035RES1000mN2016000E3159000,5231361,
9042,CRS3035RES1000mN2016000E3159000,9314566,
9043,CRS3035RES1000mN2016000E3159000,13696257,
9044,CRS3035RES1000mN2016000E3159000,15996131,119.0
9045,CRS3035RES1000mN2016000E3159000,23526191,116.0
9046,CRS3035RES1000mN2016000E3159000,23545719,
9047,CRS3035RES1000mN2016000E3159000,30599279,101.0
9048,CRS3035RES1000mN2016000E3159000,30649229,118.0
9049,CRS3035RES1000mN2016000E3159000,32198651,
9050,CRS3035RES1000mN2016000E3159000,34945111,94.0
9051,CRS3035RES1000mN2016000E3159000,50170625,
9052,CRS3035RES1000mN2016000E3159000,82887228,
9053,CRS3035RES1000mN2016000E3159000,92484952,
9054,CRS3035RES1000mN2016000E3159000,95794713,117.0
9055,CRS3035RES1000mN2016000E3159000,96418670,111.0
9056,CRS3035RES1000mN2016000E3159000,98502686,
9057,CRS3035RES1000mN2016000E3159000,132613257,118.0
9058,CRS3035RES1000mN2016000E3159000,135036040,
9059,CRS3035RES1000mN2016000E3159000,150772489,
9060,CRS3035RES1000mN2016000E3159000,154118456,
9061,CRS3035RES1000mN2016000E3159000,157375776,
9062,CRS3035RES1000mN2016000E3159000,158211204,119.0
9063,CRS3035RES1000mN2016000E3159000,162072415,92.0
9064,CRS3035RES1000mN2016000E3159000,162117720,
9065,CRS3035RES1000mN2016000E3159000,170487273,
9066,CRS3035RES1000mN2016000E3159000,172686062,
9067,CRS3035RES1000mN2016000E3159000,174318235,109.0
9068,CRS3035RES1000mN2016000E3159000,174318237,102.0
9069,CRS3035RES1000mN2016000E3159000,205060159,
9070,CRS3035RES1000mN2016000E3159000,205757163,
9071,CRS3035RES1000mN2016000E3159000,221095520,
9072,CRS3035RES1000mN2016000E3159000,224503374,111.0
9073,CRS3035RES1000mN2016000E3159000,227333462,118.0
9074,CRS3035RES1000mN2016000E3159000,229117454,
9075,CRS3035RES1000mN2016000E3159000,261460389,
9076,CRS3035RES1000mN2016000E3159000,283450022,109.0
9077,CRS3035RES1000mN2016000E3159000,288994040,92.0
9078,CRS3035RES1000mN2016000E3159000,296744564,
9079,CRS3035RES1000mN2016000E3159000,297526406,
9080,CRS3035RES1000mN2016000E3159000,300709861,
9081,CRS3035RES1000mN2016000E3159000,301444634,
9082,CRS3035RES1000mN2016000E3159000,302721609,103.0
9083,CRS3035RES1000mN2016000E3159000,308195630,
9084,CRS3035RES1000mN2016000E3159000,312777902,100.0
9085,CRS3035RES1000mN2016000E3159000,330154630,
9086,CRS3035RES1000mN2016000E3159000,340205456,119.0
9087,CRS3035RES1000mN2016000E3159000,367883612,
9088,CRS3035RES1000mN2016000E3159000,368211943,
9089,CRS3035RES1000mN2016000E3159000,374180360,
9090,CRS3035RES1000mN2016000E3159000,375369499,
9091,CRS3035RES1000mN2016000E3159000,383494544,
9092,CRS3035RES1000mN2016000E3159000,384574591,81.0
9093,CRS3035RES1000mN2016000E3159000,403538322,
9094,CRS3035RES1000mN2016000E3159000,403859503,118.0
9095,CRS3035RES1000mN2016000E3159000,437050442,112.0
9096,CRS3035RES1000mN2016000E3159000,459881697,119.0
9097,CRS3035RES1000mN2016000E3159000,477278425,
9098,CRS3035RES1000mN2016000E3159000,486879235,
9099,CRS3035RES1000mN2016000E3159000,493748377,96.0
9100,CRS3035RES1000mN2016000E3159000,498234201,110.0
9101,CRS3035RES1000mN2016000E3159000,504315026,
9102,CRS3035RES1000mN2016000E3159000,548701490,
9103,CRS3035RES1000mN2016000E3159000,574210084,
9104,CRS3035RES1000mN2016000E3159000,576094143,101.0
9105,CRS3035RES1000mN2016000E3159000,584409067,
9106,CRS3035RES1000mN2016000E3159000,635512756,
9107,CRS3035RES1000mN2016000E3159000,638492224,
9108,CRS3035RES1000mN2016000E3159000,653913062,
9109,CRS3035RES1000mN2016000E3159000,659866770,
9110,CRS3035RES1000mN2016000E3159000,697717972,
9111,CRS3035RES1000mN2016000E3159000,717194862,
9112,CRS3035RES1000mN2016000E3159000,736899303,
9113,CRS3035RES1000mN2016000E3159000,738042217,88.0
9114,CRS3035RES1000mN2016000E3159000,839611983,
9115,CRS3035RES1000mN2016000E3159000,957893520,101.0
9116,CRS3035RES1000mN2016000E3159000,963308110,
9117,CRS3035RES1000mN2016000E3159000,1073283182,96.0
9118,CRS3035RES1000mN2016000E3159000,1252864015,
9119,CRS3035RES1000mN2016000E3159000,1283203658,
9120,CRS3035RES1000mN2016000E3160000,25526,116.0
9121,CRS3035RES1000mN2016000E3160000,1774,92.0
9122,CRS3035RES1000mN2016000E3160000,1770,
9123,CRS3035RES1000mN2016000E3160000,1773,110.0
9124,CRS3035RES1000mN2016000E3160000,1771,113.0
9125,CRS3035RES1000mN2016000E3160000,123303,100.0
9126,CRS3035RES1000mN2016000E3160000,1764,112.0
9127,CRS3035RES1000mN2016000E3160000,181101,119.0
9128,CRS3035RES1000mN2016000E3160000,5765642,106.0
9129,CRS3035RES1000mN2016000E3160000,86719,84.0
9130,CRS3035RES1000mN2016000E3160000,1800,111.0
9131,CRS3035RES1000mN2016000E3160000,1757,110.0
9132,CRS3035RES1000mN2016000E3160000,1755,102.0
9133,CRS3035RES1000mN2016000E3160000,1882,114.0
9134,CRS3035RES1000mN2016000E3160000,1745,115.0
9135,CRS3035RES1000mN2016000E3160000,1794,114.0
9136,CRS3035RES1000mN2016000E3160000,1762,101.0
9137,CRS3035RES1000mN2016000E3160000,51188,117.0
9138,CRS3035RES1000mN2016000E3160000,6893633,104.0
9139,CRS3035RES1000mN2016000E3160000,167128,110.0
9140,CRS3035RES1000mN2016000E3160000,1760,113.0
9141,CRS3035RES1000mN2016000E3160000,12773298,87.0
9142,CRS3035RES1000mN2016000E3160000,1754,91.0
9143,CRS3035RES1000mN2016000E3160000,1748,113.0
9144,CRS3035RES1000mN2016000E3160000,79941,
9145,CRS3035RES1000mN2016000E3160000,1750,
9146,CRS3035RES1000mN2016000E3160000,5975465,107.0
9147,CRS3035RES1000mN2016000E3160000,115056,
9148,CRS3035RES1000mN2016000E3160000,1790,
9149,CRS3035RES1000mN2016000E3160000,1756,101.0
9150,CRS3035RES1000mN2016000E3160000,51849,110.0
9151,CRS3035RES1000mN2016000E3160000,185595,117.0
9152,CRS3035RES1000mN2016000E3160000,7697128,106.0
9153,CRS3035RES1000mN2016000E3160000,10395362,
9154,CRS3035RES1000mN2016000E3160000,1759,119.0
9155,CRS3035RES1000mN2016000E3160000,1752,103.0
9156,CRS3035RES1000mN2016000E3160000,186714,112.0
9157,CRS3035RES1000mN2016000E3160000,1753,104.0
9158,CRS3035RES1000mN2016000E3160000,1792,107.0
9159,CRS3035RES1000mN2016000E3160000,1763,96.0
9160,CRS3035RES1000mN2016000E3160000,1746,117.0
9161,CRS3035RES1000mN2016000E3160000,11572165,81.0
9162,CRS3035RES1000mN2016000E3160000,1761,99.0
9163,CRS3035RES1000mN2016000E3160000,1747,114.0
9164,CRS3035RES1000mN2016000E3160000,5768564,112.0
9165,CRS3035RES1000mN2016000E3160000,1798,98.0
9166,CRS3035RES1000mN2016000E3160000,66904,
9167,CRS3035RES1000mN2016000E3160000,1777,106.0
9168,CRS3035RES1000mN2016000E3160000,1765,104.0
9169,CRS3035RES1000mN2016000E3160000,49416,111.0
9170,CRS3035RES1000mN2016000E3160000,12734939,111.0
9171,CRS3035RES1000mN2016000E3160000,167386167,102.0
9172,CRS3035RES1000mN2016000E3160000,295933804,109.0
9173,CRS3035RES1000mN2016000E3160000,303340017,118.0
9174,CRS3035RES1000mN2016000E3160000,315355551,
9175,CRS3035RES1000mN2016000E3160000,339084977,90.0
9176,CRS3035RES1000mN2016000E3160000,412911553,117.0
9177,CRS3035RES1000mN2016000E3160000,558126037,
9178,CRS3035RES1000mN2016000E3160000,711789768,
9179,CRS3035RES1000mN2016000E3160000,727666062,
9180,CRS3035RES1000mN2016000E3160000,848085869,109.0
9181,CRS3035RES1000mN2016000E3160000,1056098898,
9182,CRS3035RES1000mN2016000E3160000,1255438242,
9183,CRS3035RES1000mN2016000E3160000,1469985039,
9184,CRS3035RES1000mN2016000E3160000,1504302537,
9185,CRS3035RES1000mN2016000E3160000,1511617504,
9186,CRS3035RES1000mN2016000E3160000,1541601287,
9187,CRS3035RES1000mN2016000E3160000,1544591296,
9188,CRS3035RES1000mN2016000E3160000,1598174183,
9189,CRS3035RES1000mN2016000E3160000,1629887846,
9190,CRS3035RES1000mN2016000E3160000,1686660176,
9191,CRS3035RES1000mN2016000E3160000,1716927336,96.0
9192,CRS3035RES1000mN2016000E3160000,1734554324,
9193,CRS3035RES1000mN2016000E3160000,1849109335,
9194,CRS3035RES1000mN2016000E3160000,2028408680,
9195,CRS3035RES1000mN2016000E3160000,2036887702,
9196,CRS3035RES1000mN2016000E3160000,2061404218,
9197,CRS3035RES1000mN2016000E3160000,2134238030,
9198,CRS3035RES1000mN2016000E3160000,2261600754,
9199,CRS3035RES1000mN2016000E3160000,2301402027,
9200,CRS3035RES1000mN2016000E3160000,2303966810,
9201,CRS3035RES1000mN2016000E3160000,2312029862,
9202,CRS3035RES1000mN2016000E3160000,2408860250,
9203,CRS3035RES1000mN2016000E3160000,2620185829,118.0
9204,CRS3035RES1000mN2016000E3160000,2622508931,119.0
9205,CRS3035RES1000mN2016000E3160000,2672130951,
9206,CRS3035RES1000mN2016000E3160000,2710518818,113.0
9207,CRS3035RES1000mN2016000E3160000,3034026261,
9208,CRS3035RES1000mN2016000E3160000,3179889751,
9209,CRS3035RES1000mN2016000E3160000,3206611978,
9210,CRS3035RES1000mN2016000E3160000,3272828439,112.0
9211,CRS3035RES1000mN2016000E3160000,3452364276,
9212,CRS3035RES1000mN2016000E3160000,3452364277,112.0
9213,CRS3035RES1000mN2016000E3160000,3495733197,
9214,CRS3035RES1000mN2016000E3160000,3497154853,
9215,CRS3035RES1000mN2016000E3160000,3517755445,
9216,CRS3035RES1000mN2016000E3160000,3522125657,
9217,CRS3035RES1000mN2016000E3160000,3526751794,
9218,CRS3035RES1000mN2016000E3160000,3839306060,
9219,CRS3035RES1000mN2016000E3160000,4214697664,107.0
9220,CRS3035RES1000mN2016000E3160000,4338252586,
9221,CRS3035RES1000mN2016000E3160000,4401271633,
9222,CRS3035RES1000mN2016000E3160000,4515476768,
9223,CRS3035RES1000mN2016000E3160000,4569910891,109.0
9224,CRS3035RES1000mN2016000E3160000,4703730491,
9225,CRS3035RES1000mN2016000E3160000,4707870392,
9226,CRS3035RES1000mN2016000E3160000,4789037769,116.0
9227,CRS3035RES1000mN2016000E3160000,4794233143,
9228,CRS3035RES1000mN2016000E3160000,4870405674,113.0
9229,CRS3035RES1000mN2016000E3160000,5139379922,
9230,CRS3035RES1000mN2016000E3160000,5160337425,116.0
9231,CRS3035RES1000mN2016000E3160000,5196199575,
9232,CRS3035RES1000mN2016000E3160000,5341570554,103.0
9233,CRS3035RES1000mN2016000E3160000,5345949864,110.0
9234,CRS3035RES1000mN2016000E3160000,5448507385,
9235,CRS3035RES1000mN2016000E3160000,5604693894,
9236,CRS3035RES1000mN2016000E3160000,5670401989,
9237,CRS3035RES1000mN2016000E3160000,5942671299,117.0
9238,CRS3035RES1000mN2016000E3160000,5943980960,
9239,CRS3035RES1000mN2016000E3160000,6185791451,
9240,CRS3035RES1000mN2016000E3160000,6188948286,
9241,CRS3035RES1000mN2016000E3160000,6555800191,115.0
9242,CRS3035RES1000mN2016000E3160000,6885254479,
9243,CRS3035RES1000mN2016000E3160000,7222611268,
9244,CRS3035RES1000mN2016000E3160000,7408961006,
9245,CRS3035RES1000mN2016000E3160000,7619964683,
9246,CRS3035RES1000mN2016000E3160000,7836562695,
9247,CRS3035RES1000mN2016000E3160000,8493729364,105.0
9248,CRS3035RES1000mN2016000E3160000,8557885377,
9249,CRS3035RES1000mN2016000E3160000,8807212208,114.0
9250,CRS3035RES1000mN2016000E3160000,8844229173,116.0
9251,CRS3035RES1000mN2016000E3160000,8878422600,
9252,CRS3035RES1000mN2016000E3160000,9595709188,
9253,CRS3035RES1000mN2016000E3160000,9611387099,100.0
9254,CRS3035RES1000mN2016000E3160000,9712656915,113.0
9255,CRS3035RES1000mN2016000E3160000,9713142744,109.0
9256,CRS3035RES1000mN2016000E3160000,9815746657,
9257,CRS3035RES1000mN2016000E3160000,10004871512,
9258,CRS3035RES1000mN2016000E3160000,10281174134,
9259,CRS3035RES1000mN2016000E3160000,10580337411,
9260,CRS3035RES1000mN2016000E3160000,10899442604,108.0
9261,CRS3035RES1000mN2016000E3160000,10922657146,105.0
9262,CRS3035RES1000mN2016000E3160000,11127499928,
9263,CRS3035RES1000mN2016000E3160000,11143725881,
9264,CRS3035RES1000mN2016000E3160000,11243087140,
9265,CRS3035RES1000mN2016000E3160000,11269399969,
9266,CRS3035RES1000mN2016000E3160000,11287269362,
9267,CRS3035RES1000mN2016000E3160000,11287269363,
9268,CRS3035RES1000mN2016000E3160000,11369705764,
9269,CRS3035RES1000mN2016000E3160000,11387776374,
9270,CRS3035RES1000mN2016000E3160000,11461799040,
9271,CRS3035RES1000mN2016000E3160000,11462802981,109.0
9272,CRS3035RES1000mN2016000E3160000,11652077658,
9273,CRS3035RES1000mN2016000E3160000,11691390164,116.0
9274,CRS3035RES1000mN2016000E3160000,11739757462,80.0
9275,CRS3035RES1000mN2016000E3160000,12178446726,106.0
9276,CRS3035RES1000mN2016000E3160000,12407425114,
9277,CRS3035RES1000mN2016000E3160000,12865480228,
9278,CRS3035RES1000mN2016000E3160000,2960630,
9279,CRS3035RES1000mN2016000E3160000,3554044,
9280,CRS3035RES1000mN2016000E3160000,3557906,82.0
9281,CRS3035RES1000mN2016000E3160000,5231361,
9282,CRS3035RES1000mN2016000E3160000,9314566,
9283,CRS3035RES1000mN2016000E3160000,13696257,
9284,CRS3035RES1000mN2016000E3160000,15996131,118.0
9285,CRS3035RES1000mN2016000E3160000,23526191,116.0
9286,CRS3035RES1000mN2016000E3160000,23545719,
9287,CRS3035RES1000mN2016000E3160000,30599279,103.0
9288,CRS3035RES1000mN2016000E3160000,30649229,117.0
9289,CRS3035RES1000mN2016000E3160000,32198651,
9290,CRS3035RES1000mN2016000E3160000,34945111,95.0
9291,CRS3035RES1000mN2016000E3160000,50170625,
9292,CRS3035RES1000mN2016000E3160000,82887228,
9293,CRS3035RES1000mN2016000E3160000,92484952,
9294,CRS3035RES1000mN2016000E3160000,95794713,117.0
9295,CRS3035RES1000mN2016000E3160000,96418670,112.0
9296,CRS3035RES1000mN2016000E3160000,98502686,
9297,CRS3035RES1000mN2016000E3160000,132613257,119.0
9298,CRS3035RES1000mN2016000E3160000,135036040,
9299,CRS3035RES1000mN2016000E3160000,150772489,
9300,CRS3035RES1000mN2016000E3160000,154118456,
9301,CRS3035RES1000mN2016000E3160000,157375776,
9302,CRS3035RES1000mN2016000E3160000,158211204,
9303,CRS3035RES1000mN2016000E3160000,162072415,95.0
9304,CRS3035RES1000mN2016000E3160000,162117720,
9305,CRS3035RES1000mN2016000E3160000,170487273,
9306,CRS3035RES1000mN2016000E3160000,172686062,
9307,CRS3035RES1000mN2016000E3160000,174318235,110.0
9308,CRS3035RES1000mN2016000E3160000,174318237,104.0
9309,CRS3035RES1000mN2016000E3160000,205060159,
9310,CRS3035RES1000mN2016000E3160000,205757163,
9311,CRS3035RES1000mN2016000E3160000,221095520,
9312,CRS3035RES1000mN2016000E3160000,224503374,111.0
9313,CRS3035RES1000mN2016000E3160000,227333462,118.0
9314,CRS3035RES1000mN2016000E3160000,229117454,
9315,CRS3035RES1000mN2016000E3160000,261460389,
9316,CRS3035RES1000mN2016000E3160000,283450022,109.0
9317,CRS3035RES1000mN2016000E3160000,288994040,93.0
9318,CRS3035RES1000mN2016000E3160000,296744564,
9319,CRS3035RES1000mN2016000E3160000,297526406,
9320,CRS3035RES1000mN2016000E3160000,300709861,
9321,CRS3035RES1000mN2016000E3160000,301444634,
9322,CRS3035RES1000mN2016000E3160000,302721609,104.0
9323,CRS3035RES1000mN2016000E3160000,308195630,
9324,CRS3035RES1000mN2016000E3160000,312777902,100.0
9325,CRS3035RES1000mN2016000E3160000,330154630,
9326,CRS3035RES1000mN2016000E3160000,340205456,119.0
9327,CRS3035RES1000mN2016000E3160000,367883612,
9328,CRS3035RES1000mN2016000E3160000,368211943,
9329,CRS3035RES1000mN2016000E3160000,374180360,
9330,CRS3035RES1000mN2016000E3160000,375369499,
9331,CRS3035RES1000mN2016000E3160000,383494544,
9332,CRS3035RES1000mN2016000E3160000,384574591,81.0
9333,CRS3035RES1000mN2016000E3160000,403538322,
9334,CRS3035RES1000mN2016000E3160000,403859503,118.0
9335,CRS3035RES1000mN2016000E3160000,437050442,112.0
9336,CRS3035RES1000mN2016000E3160000,459881697,119.0
9337,CRS3035RES1000mN2016000E3160000,477278425,
9338,CRS3035RES1000mN2016000E3160000,486879235,
9339,CRS3035RES1000mN2016000E3160000,493748377,97.0
9340,CRS3035RES1000mN2016000E3160000,498234201,110.0
9341,CRS3035RES1000mN2016000E3160000,504315026,
9342,CRS3035RES1000mN2016000E3160000,548701490,
9343,CRS3035RES1000mN2016000E3160000,574210084,
9344,CRS3035RES1000mN2016000E3160000,576094143,104.0
9345,CRS3035RES1000mN2016000E3160000,584409067,
9346,CRS3035RES1000mN2016000E3160000,635512756,
9347,CRS3035RES1000mN2016000E3160000,638492224,
9348,CRS3035RES1000mN2016000E3160000,653913062,
9349,CRS3035RES1000mN2016000E3160000,659866770,
9350,CRS3035RES1000mN2016000E3160000,697717972,
9351,CRS3035RES1000mN2016000E3160000,717194862,
9352,CRS3035RES1000mN2016000E3160000,736899303,
9353,CRS3035RES1000mN2016000E3160000,738042217,90.0
9354,CRS3035RES1000mN2016000E3160000,839611983,
9355,CRS3035RES1000mN2016000E3160000,957893520,101.0
9356,CRS3035RES1000mN2016000E3160000,963308110,
9357,CRS3035RES1000mN2016000E3160000,1073283182,98.0
9358,CRS3035RES1000mN2016000E3160000,1252864015,
9359,CRS3035RES1000mN2016000E3160000,1283203658,
9360,CRS3035RES1000mN2016000E3161000,25526,
9361,CRS3035RES1000mN2016000E3161000,1774,117.0
9362,CRS3035RES1000mN2016000E3161000,1770,
9363,CRS3035RES1000mN2016000E3161000,1773,
9364,CRS3035RES1000mN2016000E3161000,1771,
9365,CRS3035RES1000mN2016000E3161000,123303,
9366,CRS3035RES1000mN2016000E3161000,1764,
9367,CRS3035RES1000mN2016000E3161000,181101,
9368,CRS3035RES1000mN2016000E3161000,5765642,
9369,CRS3035RES1000mN2016000E3161000,86719,103.0
9370,CRS3035RES1000mN2016000E3161000,1800,
9371,CRS3035RES1000mN2016000E3161000,1757,
9372,CRS3035RES1000mN2016000E3161000,1755,
9373,CRS3035RES1000mN2016000E3161000,1882,
9374,CRS3035RES1000mN2016000E3161000,1745,
9375,CRS3035RES1000mN2016000E3161000,1794,
9376,CRS3035RES1000mN2016000E3161000,1762,
9377,CRS3035RES1000mN2016000E3161000,51188,
9378,CRS3035RES1000mN2016000E3161000,6893633,
9379,CRS3035RES1000mN2016000E3161000,167128,
9380,CRS3035RES1000mN2016000E3161000,1760,
9381,CRS3035RES1000mN2016000E3161000,12773298,87.0
9382,CRS3035RES1000mN2016000E3161000,1754,111.0
9383,CRS3035RES1000mN2016000E3161000,1748,
9384,CRS3035RES1000mN2016000E3161000,79941,
9385,CRS3035RES1000mN2016000E3161000,1750,
9386,CRS3035RES1000mN2016000E3161000,5975465,
9387,CRS3035RES1000mN2016000E3161000,115056,
9388,CRS3035RES1000mN2016000E3161000,1790,
9389,CRS3035RES1000mN2016000E3161000,1756,
9390,CRS3035RES1000mN2016000E3161000,51849,
9391,CRS3035RES1000mN2016000E3161000,185595,
9392,CRS3035RES1000mN2016000E3161000,7697128,
9393,CRS3035RES1000mN2016000E3161000,10395362,
9394,CRS3035RES1000mN2016000E3161000,1759,
9395,CRS3035RES1000mN2016000E3161000,1752,
9396,CRS3035RES1000mN2016000E3161000,186714,
9397,CRS3035RES1000mN2016000E3161000,1753,
9398,CRS3035RES1000mN2016000E3161000,1792,
9399,CRS3035RES1000mN2016000E3161000,1763,
9400,CRS3035RES1000mN2016000E3161000,1746,
9401,CRS3035RES1000mN2016000E3161000,11572165,99.0
9402,CRS3035RES1000mN2016000E3161000,1761,118.0
9403,CRS3035RES1000mN2016000E3161000,1747,
9404,CRS3035RES1000mN2016000E3161000,5768564,
9405,CRS3035RES1000mN2016000E3161000,1798,
9406,CRS3035RES1000mN2016000E3161000,66904,
9407,CRS3035RES1000mN2016000E3161000,1777,
9408,CRS3035RES1000mN2016000E3161000,1765,
9409,CRS3035RES1000mN2016000E3161000,49416,
9410,CRS3035RES1000mN2016000E3161000,12734939,
9411,CRS3035RES1000mN2016000E3161000,167386167,115.0
9412,CRS3035RES1000mN2016000E3161000,295933804,
9413,CRS3035RES1000mN2016000E3161000,303340017,
9414,CRS3035RES1000mN2016000E3161000,315355551,
9415,CRS3035RES1000mN2016000E3161000,339084977,116.0
9416,CRS3035RES1000mN2016000E3161000,412911553,
9417,CRS3035RES1000mN2016000E3161000,558126037,
9418,CRS3035RES1000mN2016000E3161000,711789768,
9419,CRS3035RES1000mN2016000E3161000,727666062,
9420,CRS3035RES1000mN2016000E3161000,848085869,
9421,CRS3035RES1000mN2016000E3161000,1056098898,
9422,CRS3035RES1000mN2016000E3161000,1255438242,
9423,CRS3035RES1000mN2016000E3161000,1469985039,
9424,CRS3035RES1000mN2016000E3161000,1504302537,
9425,CRS3035RES1000mN2016000E3161000,1511617504,
9426,CRS3035RES1000mN2016000E3161000,1541601287,
9427,CRS3035RES1000mN2016000E3161000,1544591296,
9428,CRS3035RES1000mN2016000E3161000,1598174183,
9429,CRS3035RES1000mN2016000E3161000,1629887846,
9430,CRS3035RES1000mN2016000E3161000,1686660176,
9431,CRS3035RES1000mN2016000E3161000,1716927336,
9432,CRS3035RES1000mN2016000E3161000,1734554324,
9433,CRS3035RES1000mN2016000E3161000,1849109335,
9434,CRS3035RES1000mN2016000E3161000,2028408680,
9435,CRS3035RES1000mN2016000E3161000,2036887702,
9436,CRS3035RES1000mN2016000E3161000,2061404218,
9437,CRS3035RES1000mN2016000E3161000,2134238030,
9438,CRS3035RES1000mN2016000E3161000,2261600754,
9439,CRS3035RES1000mN2016000E3161000,2301402027,
9440,CRS3035RES1000mN2016000E3161000,2303966810,
9441,CRS3035RES1000mN2016000E3161000,2312029862,
9442,CRS3035RES1000mN2016000E3161000,2408860250,
9443,CRS3035RES1000mN2016000E3161000,2620185829,
9444,CRS3035RES1000mN2016000E3161000,2622508931,
9445,CRS3035RES1000mN2016000E3161000,2672130951,
9446,CRS3035RES1000mN2016000E3161000,2710518818,
9447,CRS3035RES1000mN2016000E3161000,3034026261,
9448,CRS3035RES1000mN2016000E3161000,3179889751,
9449,CRS3035RES1000mN2016000E3161000,3206611978,
9450,CRS3035RES1000mN2016000E3161000,3272828439,
9451,CRS3035RES1000mN2016000E3161000,3452364276,
9452,CRS3035RES1000mN2016000E3161000,3452364277,
9453,CRS3035RES1000mN2016000E3161000,3495733197,
9454,CRS3035RES1000mN2016000E3161000,3497154853,
9455,CRS3035RES1000mN2016000E3161000,3517755445,
9456,CRS3035RES1000mN2016000E3161000,3522125657,
9457,CRS3035RES1000mN2016000E3161000,3526751794,
9458,CRS3035RES1000mN2016000E3161000,3839306060,
9459,CRS3035RES1000mN2016000E3161000,4214697664,
9460,CRS3035RES1000mN2016000E3161000,4338252586,
9461,CRS3035RES1000mN2016000E3161000,4401271633,
9462,CRS3035RES1000mN2016000E3161000,4515476768,
9463,CRS3035RES1000mN2016000E3161000,4569910891,
9464,CRS3035RES1000mN2016000E3161000,4703730491,
9465,CRS3035RES1000mN2016000E3161000,4707870392,
9466,CRS3035RES1000mN2016000E3161000,4789037769,
9467,CRS3035RES1000mN2016000E3161000,4794233143,
9468,CRS3035RES1000mN2016000E3161000,4870405674,
9469,CRS3035RES1000mN2016000E3161000,5139379922,
9470,CRS3035RES1000mN2016000E3161000,5160337425,
9471,CRS3035RES1000mN2016000E3161000,5196199575,
9472,CRS3035RES1000mN2016000E3161000,5341570554,
9473,CRS3035RES1000mN2016000E3161000,5345949864,
9474,CRS3035RES1000mN2016000E3161000,5448507385,
9475,CRS3035RES1000mN2016000E3161000,5604693894,
9476,CRS3035RES1000mN2016000E3161000,5670401989,
9477,CRS3035RES1000mN2016000E3161000,5942671299,
9478,CRS3035RES1000mN2016000E3161000,5943980960,
9479,CRS3035RES1000mN2016000E3161000,6185791451,
9480,CRS3035RES1000mN2016000E3161000,6188948286,
9481,CRS3035RES1000mN2016000E3161000,6555800191,
9482,CRS3035RES1000mN2016000E3161000,6885254479,
9483,CRS3035RES1000mN2016000E3161000,7222611268,
9484,CRS3035RES1000mN2016000E3161000,7408961006,
9485,CRS3035RES1000mN2016000E3161000,7619964683,
9486,CRS3035RES1000mN2016000E3161000,7836562695,
9487,CRS3035RES1000mN2016000E3161000,8493729364,119.0
9488,CRS3035RES1000mN2016000E3161000,8557885377,
9489,CRS3035RES1000mN2016000E3161000,8807212208,
9490,CRS3035RES1000mN2016000E3161000,8844229173,
9491,CRS3035RES1000mN2016000E3161000,8878422600,
9492,CRS3035RES1000mN2016000E3161000,9595709188,
9493,CRS3035RES1000mN2016000E3161000,9611387099,
9494,CRS3035RES1000mN2016000E3161000,9712656915,
9495,CRS3035RES1000mN2016000E3161000,9713142744,
9496,CRS3035RES1000mN2016000E3161000,9815746657,
9497,CRS3035RES1000mN2016000E3161000,10004871512,
9498,CRS3035RES1000mN2016000E3161000,10281174134,
9499,CRS3035RES1000mN2016000E3161000,10580337411,
9500,CRS3035RES1000mN2016000E3161000,10899442604,
9501,CRS3035RES1000mN2016000E3161000,10922657146,
9502,CRS3035RES1000mN2016000E3161000,11127499928,
9503,CRS3035RES1000mN2016000E3161000,11143725881,
9504,CRS3035RES1000mN2016000E3161000,11243087140,
9505,CRS3035RES1000mN2016000E3161000,11269399969,
9506,CRS3035RES1000mN2016000E3161000,11287269362,
9507,CRS3035RES1000mN2016000E3161000,11287269363,
9508,CRS3035RES1000mN2016000E3161000,11369705764,
9509,CRS3035RES1000mN2016000E3161000,11387776374,
9510,CRS3035RES1000mN2016000E3161000,11461799040,
9511,CRS3035RES1000mN2016000E3161000,11462802981,
9512,CRS3035RES1000mN2016000E3161000,11652077658,
9513,CRS3035RES1000mN2016000E3161000,11691390164,
9514,CRS3035RES1000mN2016000E3161000,11739757462,109.0
9515,CRS3035RES1000mN2016000E3161000,12178446726,
9516,CRS3035RES1000mN2016000E3161000,12407425114,
9517,CRS3035RES1000mN2016000E3161000,12865480228,
9518,CRS3035RES1000mN2016000E3161000,2960630,
9519,CRS3035RES1000mN2016000E3161000,3554044,
9520,CRS3035RES1000mN2016000E3161000,3557906,109.0
9521,CRS3035RES1000mN2016000E3161000,5231361,
9522,CRS3035RES1000mN2016000E3161000,9314566,
9523,CRS3035RES1000mN2016000E3161000,13696257,
9524,CRS3035RES1000mN2016000E3161000,15996131,
9525,CRS3035RES1000mN2016000E3161000,23526191,
9526,CRS3035RES1000mN2016000E3161000,23545719,
9527,CRS3035RES1000mN2016000E3161000,30599279,
9528,CRS3035RES1000mN2016000E3161000,30649229,
9529,CRS3035RES1000mN2016000E3161000,32198651,
9530,CRS3035RES1000mN2016000E3161000,34945111,
9531,CRS3035RES1000mN2016000E3161000,50170625,
9532,CRS3035RES1000mN2016000E3161000,82887228,
9533,CRS3035RES1000mN2016000E3161000,92484952,
9534,CRS3035RES1000mN2016000E3161000,95794713,
9535,CRS3035RES1000mN2016000E3161000,96418670,
9536,CRS3035RES1000mN2016000E3161000,98502686,
9537,CRS3035RES1000mN2016000E3161000,132613257,
9538,CRS3035RES1000mN2016000E3161000,135036040,
9539,CRS3035RES1000mN2016000E3161000,150772489,
9540,CRS3035RES1000mN2016000E3161000,154118456,
9541,CRS3035RES1000mN2016000E3161000,157375776,
9542,CRS3035RES1000mN2016000E3161000,158211204,
9543,CRS3035RES1000mN2016000E3161000,162072415,114.0
9544,CRS3035RES1000mN2016000E3161000,162117720,
9545,CRS3035RES1000mN2016000E3161000,170487273,
9546,CRS3035RES1000mN2016000E3161000,172686062,
9547,CRS3035RES1000mN2016000E3161000,174318235,
9548,CRS3035RES1000mN2016000E3161000,174318237,
9549,CRS3035RES1000mN2016000E3161000,205060159,
9550,CRS3035RES1000mN2016000E3161000,205757163,
9551,CRS3035RES1000mN2016000E3161000,221095520,
9552,CRS3035RES1000mN2016000E3161000,224503374,
9553,CRS3035RES1000mN2016000E3161000,227333462,
9554,CRS3035RES1000mN2016000E3161000,229117454,
9555,CRS3035RES1000mN2016000E3161000,261460389,
9556,CRS3035RES1000mN2016000E3161000,283450022,
9557,CRS3035RES1000mN2016000E3161000,288994040,114.0
9558,CRS3035RES1000mN2016000E3161000,296744564,
9559,CRS3035RES1000mN2016000E3161000,297526406,
9560,CRS3035RES1000mN2016000E3161000,300709861,
9561,CRS3035RES1000mN2016000E3161000,301444634,
9562,CRS3035RES1000mN2016000E3161000,302721609,
9563,CRS3035RES1000mN2016000E3161000,308195630,
9564,CRS3035RES1000mN2016000E3161000,312777902,
9565,CRS3035RES1000mN2016000E3161000,330154630,
9566,CRS3035RES1000mN2016000E3161000,340205456,
9567,CRS3035RES1000mN2016000E3161000,367883612,
9568,CRS3035RES1000mN2016000E3161000,368211943,
9569,CRS3035RES1000mN2016000E3161000,374180360,
9570,CRS3035RES1000mN2016000E3161000,375369499,
9571,CRS3035RES1000mN2016000E3161000,383494544,
9572,CRS3035RES1000mN2016000E3161000,384574591,110.0
9573,CRS3035RES1000mN2016000E3161000,403538322,
9574,CRS3035RES1000mN2016000E3161000,403859503,
9575,CRS3035RES1000mN2016000E3161000,437050442,
9576,CRS3035RES1000mN2016000E3161000,459881697,
9577,CRS3035RES1000mN2016000E3161000,477278425,
9578,CRS3035RES1000mN2016000E3161000,486879235,
9579,CRS3035RES1000mN2016000E3161000,493748377,117.0
9580,CRS3035RES1000mN2016000E3161000,498234201,
9581,CRS3035RES1000mN2016000E3161000,504315026,
9582,CRS3035RES1000mN2016000E3161000,548701490,
9583,CRS3035RES1000mN2016000E3161000,574210084,
9584,CRS3035RES1000mN2016000E3161000,576094143,
9585,CRS3035RES1000mN2016000E3161000,584409067,
9586,CRS3035RES1000mN2016000E3161000,635512756,
9587,CRS3035RES1000mN2016000E3161000,638492224,
9588,CRS3035RES1000mN2016000E3161000,653913062,
9589,CRS3035RES1000mN2016000E3161000,659866770,
9590,CRS3035RES1000mN2016000E3161000,697717972,
9591,CRS3035RES1000mN2016000E3161000,717194862,
9592,CRS3035RES1000mN2016000E3161000,736899303,
9593,CRS3035RES1000mN2016000E3161000,738042217,
9594,CRS3035RES1000mN2016000E3161000,839611983,
9595,CRS3035RES1000mN2016000E3161000,957893520,116.0
9596,CRS3035RES1000mN2016000E3161000,963308110,
9597,CRS3035RES1000mN2016000E3161000,1073283182,
9598,CRS3035RES1000mN2016000E3161000,1252864015,
9599,CRS3035RES1000mN2016000E3161000,1283203658,
9600,CRS3035RES1000mN2016000E3162000,25526,
9601,CRS3035RES1000mN2016000E3162000,1774,116.0
9602,CRS3035RES1000mN2016000E3162000,1770,
9603,CRS3035RES1000mN2016000E3162000,1773,
9604,CRS3035RES1000mN2016000E3162000,1771,
9605,CRS3035RES1000mN2016000E3162000,123303,119.0
9606,CRS3035RES1000mN2016000E3162000,1764,
9607,CRS3035RES1000mN2016000E3162000,181101,
9608,CRS3035RES1000mN2016000E3162000,5765642,
9609,CRS3035RES1000mN2016000E3162000,86719,100.0
9610,CRS3035RES1000mN2016000E3162000,1800,
9611,CRS3035RES1000mN2016000E3162000,1757,
9612,CRS3035RES1000mN2016000E3162000,1755,
9613,CRS3035RES1000mN2016000E3162000,1882,
9614,CRS3035RES1000mN2016000E3162000,1745,
9615,CRS3035RES1000mN2016000E3162000,1794,
9616,CRS3035RES1000mN2016000E3162000,1762,
9617,CRS3035RES1000mN2016000E3162000,51188,
9618,CRS3035RES1000mN2016000E3162000,6893633,
9619,CRS3035RES1000mN2016000E3162000,167128,
9620,CRS3035RES1000mN2016000E3162000,1760,
9621,CRS3035RES1000mN2016000E3162000,12773298,84.0
9622,CRS3035RES1000mN2016000E3162000,1754,108.0
9623,CRS3035RES1000mN2016000E3162000,1748,
9624,CRS3035RES1000mN2016000E3162000,79941,
9625,CRS3035RES1000mN2016000E3162000,1750,
9626,CRS3035RES1000mN2016000E3162000,5975465,118.0
9627,CRS3035RES1000mN2016000E3162000,115056,
9628,CRS3035RES1000mN2016000E3162000,1790,
9629,CRS3035RES1000mN2016000E3162000,1756,
9630,CRS3035RES1000mN2016000E3162000,51849,
9631,CRS3035RES1000mN2016000E3162000,185595,
9632,CRS3035RES1000mN2016000E3162000,7697128,116.0
9633,CRS3035RES1000mN2016000E3162000,10395362,
9634,CRS3035RES1000mN2016000E3162000,1759,
9635,CRS3035RES1000mN2016000E3162000,1752,
9636,CRS3035RES1000mN2016000E3162000,186714,
9637,CRS3035RES1000mN2016000E3162000,1753,
9638,CRS3035RES1000mN2016000E3162000,1792,
9639,CRS3035RES1000mN2016000E3162000,1763,116.0
9640,CRS3035RES1000mN2016000E3162000,1746,
9641,CRS3035RES1000mN2016000E3162000,11572165,96.0
9642,CRS3035RES1000mN2016000E3162000,1761,116.0
9643,CRS3035RES1000mN2016000E3162000,1747,
9644,CRS3035RES1000mN2016000E3162000,5768564,
9645,CRS3035RES1000mN2016000E3162000,1798,
9646,CRS3035RES1000mN2016000E3162000,66904,
9647,CRS3035RES1000mN2016000E3162000,1777,
9648,CRS3035RES1000mN2016000E3162000,1765,
9649,CRS3035RES1000mN2016000E3162000,49416,
9650,CRS3035RES1000mN2016000E3162000,12734939,
9651,CRS3035RES1000mN2016000E3162000,167386167,112.0
9652,CRS3035RES1000mN2016000E3162000,295933804,
9653,CRS3035RES1000mN2016000E3162000,303340017,
9654,CRS3035RES1000mN2016000E3162000,315355551,
9655,CRS3035RES1000mN2016000E3162000,339084977,113.0
9656,CRS3035RES1000mN2016000E3162000,412911553,
9657,CRS3035RES1000mN2016000E3162000,558126037,
9658,CRS3035RES1000mN2016000E3162000,711789768,
9659,CRS3035RES1000mN2016000E3162000,727666062,
9660,CRS3035RES1000mN2016000E3162000,848085869,
9661,CRS3035RES1000mN2016000E3162000,1056098898,
9662,CRS3035RES1000mN2016000E3162000,1255438242,
9663,CRS3035RES1000mN2016000E3162000,1469985039,
9664,CRS3035RES1000mN2016000E3162000,1504302537,
9665,CRS3035RES1000mN2016000E3162000,1511617504,
9666,CRS3035RES1000mN2016000E3162000,1541601287,
9667,CRS3035RES1000mN2016000E3162000,1544591296,
9668,CRS3035RES1000mN2016000E3162000,1598174183,
9669,CRS3035RES1000mN2016000E3162000,1629887846,
9670,CRS3035RES1000mN2016000E3162000,1686660176,
9671,CRS3035RES1000mN2016000E3162000,1716927336,119.0
9672,CRS3035RES1000mN2016000E3162000,1734554324,
9673,CRS3035RES1000mN2016000E3162000,1849109335,
9674,CRS3035RES1000mN2016000E3162000,2028408680,
9675,CRS3035RES1000mN2016000E3162000,2036887702,
9676,CRS3035RES1000mN2016000E3162000,2061404218,
9677,CRS3035RES1000mN2016000E3162000,2134238030,
9678,CRS3035RES1000mN2016000E3162000,2261600754,
9679,CRS3035RES1000mN2016000E3162000,2301402027,
9680,CRS3035RES1000mN2016000E3162000,2303966810,
9681,CRS3035RES1000mN2016000E3162000,2312029862,
9682,CRS3035RES1000mN2016000E3162000,2408860250,
9683,CRS3035RES1000mN2016000E3162000,2620185829,
9684,CRS3035RES1000mN2016000E3162000,2622508931,
9685,CRS3035RES1000mN2016000E3162000,2672130951,
9686,CRS3035RES1000mN2016000E3162000,2710518818,
9687,CRS3035RES1000mN2016000E3162000,3034026261,
9688,CRS3035RES1000mN2016000E3162000,3179889751,
9689,CRS3035RES1000mN2016000E3162000,3206611978,
9690,CRS3035RES1000mN2016000E3162000,3272828439,
9691,CRS3035RES1000mN2016000E3162000,3452364276,
9692,CRS3035RES1000mN2016000E3162000,3452364277,
9693,CRS3035RES1000mN2016000E3162000,3495733197,
9694,CRS3035RES1000mN2016000E3162000,3497154853,
9695,CRS3035RES1000mN2016000E3162000,3517755445,
9696,CRS3035RES1000mN2016000E3162000,3522125657,
9697,CRS3035RES1000mN2016000E3162000,3526751794,
9698,CRS3035RES1000mN2016000E3162000,3839306060,
9699,CRS3035RES1000mN2016000E3162000,4214697664,
9700,CRS3035RES1000mN2016000E3162000,4338252586,
9701,CRS3035RES1000mN2016000E3162000,4401271633,
9702,CRS3035RES1000mN2016000E3162000,4515476768,
9703,CRS3035RES1000mN2016000E3162000,4569910891,
9704,CRS3035RES1000mN2016000E3162000,4703730491,
9705,CRS3035RES1000mN2016000E3162000,4707870392,
9706,CRS3035RES1000mN2016000E3162000,4789037769,
9707,CRS3035RES1000mN2016000E3162000,4794233143,
9708,CRS3035RES1000mN2016000E3162000,4870405674,
9709,CRS3035RES1000mN2016000E3162000,5139379922,
9710,CRS3035RES1000mN2016000E3162000,5160337425,
9711,CRS3035RES1000mN2016000E3162000,5196199575,
9712,CRS3035RES1000mN2016000E3162000,5341570554,
9713,CRS3035RES1000mN2016000E3162000,5345949864,
9714,CRS3035RES1000mN2016000E3162000,5448507385,
9715,CRS3035RES1000mN2016000E3162000,5604693894,
9716,CRS3035RES1000mN2016000E3162000,5670401989,
9717,CRS3035RES1000mN2016000E3162000,5942671299,
9718,CRS3035RES1000mN2016000E3162000,5943980960,
9719,CRS3035RES1000mN2016000E3162000,6185791451,
9720,CRS3035RES1000mN2016000E3162000,6188948286,
9721,CRS3035RES1000mN2016000E3162000,6555800191,
9722,CRS3035RES1000mN2016000E3162000,6885254479,
9723,CRS3035RES1000mN2016000E3162000,7222611268,
9724,CRS3035RES1000mN2016000E3162000,7408961006,
9725,CRS3035RES1000mN2016000E3162000,7619964683,
9726,CRS3035RES1000mN2016000E3162000,7836562695,
9727,CRS3035RES1000mN2016000E3162000,8493729364,115.0
9728,CRS3035RES1000mN2016000E3162000,8557885377,
9729,CRS3035RES1000mN2016000E3162000,8807212208,
9730,CRS3035RES1000mN2016000E3162000,8844229173,
9731,CRS3035RES1000mN2016000E3162000,8878422600,
9732,CRS3035RES1000mN2016000E3162000,9595709188,
9733,CRS3035RES1000mN2016000E3162000,9611387099,118.0
9734,CRS3035RES1000mN2016000E3162000,9712656915,
9735,CRS3035RES1000mN2016000E3162000,9713142744,
9736,CRS3035RES1000mN2016000E3162000,9815746657,
9737,CRS3035RES1000mN2016000E3162000,10004871512,
9738,CRS3035RES1000mN2016000E3162000,10281174134,
9739,CRS3035RES1000mN2016000E3162000,10580337411,
9740,CRS3035RES1000mN2016000E3162000,10899442604,
9741,CRS3035RES1000mN2016000E3162000,10922657146,
9742,CRS3035RES1000mN2016000E3162000,11127499928,
9743,CRS3035RES1000mN2016000E3162000,11143725881,
9744,CRS3035RES1000mN2016000E3162000,11243087140,
9745,CRS3035RES1000mN2016000E3162000,11269399969,
9746,CRS3035RES1000mN2016000E3162000,11287269362,
9747,CRS3035RES1000mN2016000E3162000,11287269363,
9748,CRS3035RES1000mN2016000E3162000,11369705764,
9749,CRS3035RES1000mN2016000E3162000,11387776374,
9750,CRS3035RES1000mN2016000E3162000,11461799040,
9751,CRS3035RES1000mN2016000E3162000,11462802981,
9752,CRS3035RES1000mN2016000E3162000,11652077658,
9753,CRS3035RES1000mN2016000E3162000,11691390164,
9754,CRS3035RES1000mN2016000E3162000,11739757462,106.0
9755,CRS3035RES1000mN2016000E3162000,12178446726,
9756,CRS3035RES1000mN2016000E3162000,12407425114,
9757,CRS3035RES1000mN2016000E3162000,12865480228,
9758,CRS3035RES1000mN2016000E3162000,2960630,
9759,CRS3035RES1000mN2016000E3162000,3554044,
9760,CRS3035RES1000mN2016000E3162000,3557906,108.0
9761,CRS3035RES1000mN2016000E3162000,5231361,
9762,CRS3035RES1000mN2016000E3162000,9314566,
9763,CRS3035RES1000mN2016000E3162000,13696257,
9764,CRS3035RES1000mN2016000E3162000,15996131,
9765,CRS3035RES1000mN2016000E3162000,23526191,
9766,CRS3035RES1000mN2016000E3162000,23545719,
9767,CRS3035RES1000mN2016000E3162000,30599279,
9768,CRS3035RES1000mN2016000E3162000,30649229,
9769,CRS3035RES1000mN2016000E3162000,32198651,
9770,CRS3035RES1000mN2016000E3162000,34945111,119.0
9771,CRS3035RES1000mN2016000E3162000,50170625,
9772,CRS3035RES1000mN2016000E3162000,82887228,
9773,CRS3035RES1000mN2016000E3162000,92484952,
9774,CRS3035RES1000mN2016000E3162000,95794713,
9775,CRS3035RES1000mN2016000E3162000,96418670,
9776,CRS3035RES1000mN2016000E3162000,98502686,
9777,CRS3035RES1000mN2016000E3162000,132613257,
9778,CRS3035RES1000mN2016000E3162000,135036040,
9779,CRS3035RES1000mN2016000E3162000,150772489,
9780,CRS3035RES1000mN2016000E3162000,154118456,
9781,CRS3035RES1000mN2016000E3162000,157375776,
9782,CRS3035RES1000mN2016000E3162000,158211204,
9783,CRS3035RES1000mN2016000E3162000,162072415,
9784,CRS3035RES1000mN2016000E3162000,162117720,
9785,CRS3035RES1000mN2016000E3162000,170487273,
9786,CRS3035RES1000mN2016000E3162000,172686062,
9787,CRS3035RES1000mN2016000E3162000,174318235,
9788,CRS3035RES1000mN2016000E3162000,174318237,
9789,CRS3035RES1000mN2016000E3162000,205060159,
9790,CRS3035RES1000mN2016000E3162000,205757163,
9791,CRS3035RES1000mN2016000E3162000,221095520,
9792,CRS3035RES1000mN2016000E3162000,224503374,
9793,CRS3035RES1000mN2016000E3162000,227333462,
9794,CRS3035RES1000mN2016000E3162000,229117454,
9795,CRS3035RES1000mN2016000E3162000,261460389,
9796,CRS3035RES1000mN2016000E3162000,283450022,
9797,CRS3035RES1000mN2016000E3162000,288994040,111.0
9798,CRS3035RES1000mN2016000E3162000,296744564,
9799,CRS3035RES1000mN2016000E3162000,297526406,
9800,CRS3035RES1000mN2016000E3162000,300709861,
9801,CRS3035RES1000mN2016000E3162000,301444634,
9802,CRS3035RES1000mN2016000E3162000,302721609,
9803,CRS3035RES1000mN2016000E3162000,308195630,
9804,CRS3035RES1000mN2016000E3162000,312777902,
9805,CRS3035RES1000mN2016000E3162000,330154630,
9806,CRS3035RES1000mN2016000E3162000,340205456,
9807,CRS3035RES1000mN2016000E3162000,367883612,
9808,CRS3035RES1000mN2016000E3162000,368211943,
9809,CRS3035RES1000mN2016000E3162000,374180360,
9810,CRS3035RES1000mN2016000E3162000,375369499,
9811,CRS3035RES1000mN2016000E3162000,383494544,
9812,CRS3035RES1000mN2016000E3162000,384574591,107.0
9813,CRS3035RES1000mN2016000E3162000,403538322,
9814,CRS3035RES1000mN2016000E3162000,403859503,
9815,CRS3035RES1000mN2016000E3162000,437050442,
9816,CRS3035RES1000mN2016000E3162000,459881697,
9817,CRS3035RES1000mN2016000E3162000,477278425,
9818,CRS3035RES1000mN2016000E3162000,486879235,
9819,CRS3035RES1000mN2016000E3162000,493748377,114.0
9820,CRS3035RES1000mN2016000E3162000,498234201,
9821,CRS3035RES1000mN2016000E3162000,504315026,
9822,CRS3035RES1000mN2016000E3162000,548701490,
9823,CRS3035RES1000mN2016000E3162000,574210084,
9824,CRS3035RES1000mN2016000E3162000,576094143,
9825,CRS3035RES1000mN2016000E3162000,584409067,
9826,CRS3035RES1000mN2016000E3162000,635512756,
9827,CRS3035RES1000mN2016000E3162000,638492224,
9828,CRS3035RES1000mN2016000E3162000,653913062,
9829,CRS3035RES1000mN2016000E3162000,659866770,
9830,CRS3035RES1000mN2016000E3162000,697717972,
9831,CRS3035RES1000mN2016000E3162000,717194862,
9832,CRS3035RES1000mN2016000E3162000,736899303,
9833,CRS3035RES1000mN2016000E3162000,738042217,
9834,CRS3035RES1000mN2016000E3162000,839611983,
9835,CRS3035RES1000mN2016000E3162000,957893520,112.0
9836,CRS3035RES1000mN2016000E3162000,963308110,
9837,CRS3035RES1000mN2016000E3162000,1073283182,
9838,CRS3035RES1000mN2016000E3162000,1252864015,
9839,CRS3035RES1000mN2016000E3162000,1283203658,
9840,CRS3035RES1000mN2016000E3163000,25526,
9841,CRS3035RES1000mN2016000E3163000,1774,98.0
9842,CRS3035RES1000mN2016000E3163000,1770,
9843,CRS3035RES1000mN2016000E3163000,1773,115.0
9844,CRS3035RES1000mN2016000E3163000,1771,112.0
9845,CRS3035RES1000mN2016000E3163000,123303,103.0
9846,CRS3035RES1000mN2016000E3163000,1764,106.0
9847,CRS3035RES1000mN2016000E3163000,181101,112.0
9848,CRS3035RES1000mN2016000E3163000,5765642,110.0
9849,CRS3035RES1000mN2016000E3163000,86719,84.0
9850,CRS3035RES1000mN2016000E3163000,1800,111.0
9851,CRS3035RES1000mN2016000E3163000,1757,116.0
9852,CRS3035RES1000mN2016000E3163000,1755,105.0
9853,CRS3035RES1000mN2016000E3163000,1882,111.0
9854,CRS3035RES1000mN2016000E3163000,1745,
9855,CRS3035RES1000mN2016000E3163000,1794,
9856,CRS3035RES1000mN2016000E3163000,1762,107.0
9857,CRS3035RES1000mN2016000E3163000,51188,114.0
9858,CRS3035RES1000mN2016000E3163000,6893633,107.0
9859,CRS3035RES1000mN2016000E3163000,167128,113.0
9860,CRS3035RES1000mN2016000E3163000,1760,116.0
9861,CRS3035RES1000mN2016000E3163000,12773298,68.0
9862,CRS3035RES1000mN2016000E3163000,1754,92.0
9863,CRS3035RES1000mN2016000E3163000,1748,108.0
9864,CRS3035RES1000mN2016000E3163000,79941,
9865,CRS3035RES1000mN2016000E3163000,1750,
9866,CRS3035RES1000mN2016000E3163000,5975465,102.0
9867,CRS3035RES1000mN2016000E3163000,115056,
9868,CRS3035RES1000mN2016000E3163000,1790,
9869,CRS3035RES1000mN2016000E3163000,1756,108.0
9870,CRS3035RES1000mN2016000E3163000,51849,114.0
9871,CRS3035RES1000mN2016000E3163000,185595,116.0
9872,CRS3035RES1000mN2016000E3163000,7697128,101.0
9873,CRS3035RES1000mN2016000E3163000,10395362,
9874,CRS3035RES1000mN2016000E3163000,1759,117.0
9875,CRS3035RES1000mN2016000E3163000,1752,108.0
9876,CRS3035RES1000mN2016000E3163000,186714,116.0
9877,CRS3035RES1000mN2016000E3163000,1753,105.0
9878,CRS3035RES1000mN2016000E3163000,1792,103.0
9879,CRS3035RES1000mN2016000E3163000,1763,101.0
9880,CRS3035RES1000mN2016000E3163000,1746,
9881,CRS3035RES1000mN2016000E3163000,11572165,80.0
9882,CRS3035RES1000mN2016000E3163000,1761,100.0
9883,CRS3035RES1000mN2016000E3163000,1747,113.0
9884,CRS3035RES1000mN2016000E3163000,5768564,118.0
9885,CRS3035RES1000mN2016000E3163000,1798,104.0
9886,CRS3035RES1000mN2016000E3163000,66904,
9887,CRS3035RES1000mN2016000E3163000,1777,106.0
9888,CRS3035RES1000mN2016000E3163000,1765,110.0
9889,CRS3035RES1000mN2016000E3163000,49416,106.0
9890,CRS3035RES1000mN2016000E3163000,12734939,106.0
9891,CRS3035RES1000mN2016000E3163000,167386167,98.0
9892,CRS3035RES1000mN2016000E3163000,295933804,
9893,CRS3035RES1000mN2016000E3163000,303340017,118.0
9894,CRS3035RES1000mN2016000E3163000,315355551,
9895,CRS3035RES1000mN2016000E3163000,339084977,95.0
9896,CRS3035RES1000mN2016000E3163000,412911553,117.0
9897,CRS3035RES1000mN2016000E3163000,558126037,
9898,CRS3035RES1000mN2016000E3163000,711789768,
9899,CRS3035RES1000mN2016000E3163000,727666062,
9900,CRS3035RES1000mN2016000E3163000,848085869,109.0
9901,CRS3035RES1000mN2016000E3163000,1056098898,
9902,CRS3035RES1000mN2016000E3163000,1255438242,
9903,CRS3035RES1000mN2016000E3163000,1469985039,118.0
9904,CRS3035RES1000mN2016000E3163000,1504302537,
9905,CRS3035RES1000mN2016000E3163000,1511617504,
9906,CRS3035RES1000mN2016000E3163000,1541601287,
9907,CRS3035RES1000mN2016000E3163000,1544591296,
9908,CRS3035RES1000mN2016000E3163000,1598174183,
9909,CRS3035RES1000mN2016000E3163000,1629887846,
9910,CRS3035RES1000mN2016000E3163000,1686660176,
9911,CRS3035RES1000mN2016000E3163000,1716927336,100.0
9912,CRS3035RES1000mN2016000E3163000,1734554324,
9913,CRS3035RES1000mN2016000E3163000,1849109335,
9914,CRS3035RES1000mN2016000E3163000,2028408680,
9915,CRS3035RES1000mN2016000E3163000,2036887702,
9916,CRS3035RES1000mN2016000E3163000,2061404218,
9917,CRS3035RES1000mN2016000E3163000,2134238030,
9918,CRS3035RES1000mN2016000E3163000,2261600754,
9919,CRS3035RES1000mN2016000E3163000,2301402027,
9920,CRS3035RES1000mN2016000E3163000,2303966810,
9921,CRS3035RES1000mN2016000E3163000,2312029862,
9922,CRS3035RES1000mN2016000E3163000,2408860250,
9923,CRS3035RES1000mN2016000E3163000,2620185829,117.0
9924,CRS3035RES1000mN2016000E3163000,2622508931,
9925,CRS3035RES1000mN2016000E3163000,2672130951,
9926,CRS3035RES1000mN2016000E3163000,2710518818,
9927,CRS3035RES1000mN2016000E3163000,3034026261,
9928,CRS3035RES1000mN2016000E3163000,3179889751,
9929,CRS3035RES1000mN2016000E3163000,3206611978,
9930,CRS3035RES1000mN2016000E3163000,3272828439,116.0
9931,CRS3035RES1000mN2016000E3163000,3452364276,
9932,CRS3035RES1000mN2016000E3163000,3452364277,115.0
9933,CRS3035RES1000mN2016000E3163000,3495733197,
9934,CRS3035RES1000mN2016000E3163000,3497154853,
9935,CRS3035RES1000mN2016000E3163000,3517755445,
9936,CRS3035RES1000mN2016000E3163000,3522125657,
9937,CRS3035RES1000mN2016000E3163000,3526751794,
9938,CRS3035RES1000mN2016000E3163000,3839306060,
9939,CRS3035RES1000mN2016000E3163000,4214697664,113.0
9940,CRS3035RES1000mN2016000E3163000,4338252586,
9941,CRS3035RES1000mN2016000E3163000,4401271633,
9942,CRS3035RES1000mN2016000E3163000,4515476768,
9943,CRS3035RES1000mN2016000E3163000,4569910891,105.0
9944,CRS3035RES1000mN2016000E3163000,4703730491,
9945,CRS3035RES1000mN2016000E3163000,4707870392,
9946,CRS3035RES1000mN2016000E3163000,4789037769,116.0
9947,CRS3035RES1000mN2016000E3163000,4794233143,
9948,CRS3035RES1000mN2016000E3163000,4870405674,119.0
9949,CRS3035RES1000mN2016000E3163000,5139379922,
9950,CRS3035RES1000mN2016000E3163000,5160337425,116.0
9951,CRS3035RES1000mN2016000E3163000,5196199575,
9952,CRS3035RES1000mN2016000E3163000,5341570554,107.0
9953,CRS3035RES1000mN2016000E3163000,5345949864,
9954,CRS3035RES1000mN2016000E3163000,5448507385,
9955,CRS3035RES1000mN2016000E3163000,5604693894,
9956,CRS3035RES1000mN2016000E3163000,5670401989,
9957,CRS3035RES1000mN2016000E3163000,5942671299,
9958,CRS3035RES1000mN2016000E3163000,5943980960,
9959,CRS3035RES1000mN2016000E3163000,6185791451,
9960,CRS3035RES1000mN2016000E3163000,6188948286,
9961,CRS3035RES1000mN2016000E3163000,6555800191,118.0
9962,CRS3035RES1000mN2016000E3163000,6885254479,
9963,CRS3035RES1000mN2016000E3163000,7222611268,
9964,CRS3035RES1000mN2016000E3163000,7408961006,
9965,CRS3035RES1000mN2016000E3163000,7619964683,
9966,CRS3035RES1000mN2016000E3163000,7836562695,
9967,CRS3035RES1000mN2016000E3163000,8493729364,99.0
9968,CRS3035RES1000mN2016000E3163000,8557885377,
9969,CRS3035RES1000mN2016000E3163000,8807212208,110.0
9970,CRS3035RES1000mN2016000E3163000,8844229173,113.0
9971,CRS3035RES1000mN2016000E3163000,8878422600,
9972,CRS3035RES1000mN2016000E3163000,9595709188,
9973,CRS3035RES1000mN2016000E3163000,9611387099,102.0
9974,CRS3035RES1000mN2016000E3163000,9712656915,113.0
9975,CRS3035RES1000mN2016000E3163000,9713142744,107.0
9976,CRS3035RES1000mN2016000E3163000,9815746657,
9977,CRS3035RES1000mN2016000E3163000,10004871512,
9978,CRS3035RES1000mN2016000E3163000,10281174134,
9979,CRS3035RES1000mN2016000E3163000,10580337411,
9980,CRS3035RES1000mN2016000E3163000,10899442604,111.0
9981,CRS3035RES1000mN2016000E3163000,10922657146,108.0
9982,CRS3035RES1000mN2016000E3163000,11127499928,
9983,CRS3035RES1000mN2016000E3163000,11143725881,
9984,CRS3035RES1000mN2016000E3163000,11243087140,
9985,CRS3035RES1000mN2016000E3163000,11269399969,
9986,CRS3035RES1000mN2016000E3163000,11287269362,
9987,CRS3035RES1000mN2016000E3163000,11287269363,
9988,CRS3035RES1000mN2016000E3163000,11369705764,
9989,CRS3035RES1000mN2016000E3163000,11387776374,116.0
9990,CRS3035RES1000mN2016000E3163000,11461799040,
9991,CRS3035RES1000mN2016000E3163000,11462802981,100.0
9992,CRS3035RES1000mN2016000E3163000,11652077658,
9993,CRS3035RES1000mN2016000E3163000,11691390164,116.0
9994,CRS3035RES1000mN2016000E3163000,11739757462,91.0
9995,CRS3035RES1000mN2016000E3163000,12178446726,113.0
9996,CRS3035RES1000mN2016000E3163000,12407425114,
9997,CRS3035RES1000mN2016000E3163000,12865480228,
9998,CRS3035RES1000mN2016000E3163000,2960630,
9999,CRS3035RES1000mN2016000E3163000,3554044,
10000,CRS3035RES1000mN2016000E3163000,3557906,93.0
10001,CRS3035RES1000mN2016000E3163000,5231361,
10002,CRS3035RES1000mN2016000E3163000,9314566,
10003,CRS3035RES1000mN2016000E3163000,13696257,
10004,CRS3035RES1000mN2016000E3163000,15996131,
10005,CRS3035RES1000mN2016000E3163000,23526191,
10006,CRS3035RES1000mN2016000E3163000,23545719,
10007,CRS3035RES1000mN2016000E3163000,30599279,105.0
10008,CRS3035RES1000mN2016000E3163000,30649229,119.0
10009,CRS3035RES1000mN2016000E3163000,32198651,
10010,CRS3035RES1000mN2016000E3163000,34945111,95.0
10011,CRS3035RES1000mN2016000E3163000,50170625,
10012,CRS3035RES1000mN2016000E3163000,82887228,
10013,CRS3035RES1000mN2016000E3163000,92484952,
10014,CRS3035RES1000mN2016000E3163000,95794713,116.0
10015,CRS3035RES1000mN2016000E3163000,96418670,115.0
10016,CRS3035RES1000mN2016000E3163000,98502686,
10017,CRS3035RES1000mN2016000E3163000,132613257,117.0
10018,CRS3035RES1000mN2016000E3163000,135036040,
10019,CRS3035RES1000mN2016000E3163000,150772489,
10020,CRS3035RES1000mN2016000E3163000,154118456,
10021,CRS3035RES1000mN2016000E3163000,157375776,
10022,CRS3035RES1000mN2016000E3163000,158211204,
10023,CRS3035RES1000mN2016000E3163000,162072415,96.0
10024,CRS3035RES1000mN2016000E3163000,162117720,
10025,CRS3035RES1000mN2016000E3163000,170487273,
10026,CRS3035RES1000mN2016000E3163000,172686062,
10027,CRS3035RES1000mN2016000E3163000,174318235,111.0
10028,CRS3035RES1000mN2016000E3163000,174318237,107.0
10029,CRS3035RES1000mN2016000E3163000,205060159,
10030,CRS3035RES1000mN2016000E3163000,205757163,
10031,CRS3035RES1000mN2016000E3163000,221095520,
10032,CRS3035RES1000mN2016000E3163000,224503374,113.0
10033,CRS3035RES1000mN2016000E3163000,227333462,118.0
10034,CRS3035RES1000mN2016000E3163000,229117454,
10035,CRS3035RES1000mN2016000E3163000,261460389,
10036,CRS3035RES1000mN2016000E3163000,283450022,104.0
10037,CRS3035RES1000mN2016000E3163000,288994040,95.0
10038,CRS3035RES1000mN2016000E3163000,296744564,
10039,CRS3035RES1000mN2016000E3163000,297526406,
10040,CRS3035RES1000mN2016000E3163000,300709861,
10041,CRS3035RES1000mN2016000E3163000,301444634,
10042,CRS3035RES1000mN2016000E3163000,302721609,106.0
10043,CRS3035RES1000mN2016000E3163000,308195630,
10044,CRS3035RES1000mN2016000E3163000,312777902,105.0
10045,CRS3035RES1000mN2016000E3163000,330154630,
10046,CRS3035RES1000mN2016000E3163000,340205456,119.0
10047,CRS3035RES1000mN2016000E3163000,367883612,
10048,CRS3035RES1000mN2016000E3163000,368211943,
10049,CRS3035RES1000mN2016000E3163000,374180360,
10050,CRS3035RES1000mN2016000E3163000,375369499,
10051,CRS3035RES1000mN2016000E3163000,383494544,
10052,CRS3035RES1000mN2016000E3163000,384574591,85.0
10053,CRS3035RES1000mN2016000E3163000,403538322,
10054,CRS3035RES1000mN2016000E3163000,403859503,119.0
10055,CRS3035RES1000mN2016000E3163000,437050442,112.0
10056,CRS3035RES1000mN2016000E3163000,459881697,119.0
10057,CRS3035RES1000mN2016000E3163000,477278425,
10058,CRS3035RES1000mN2016000E3163000,486879235,
10059,CRS3035RES1000mN2016000E3163000,493748377,98.0
10060,CRS3035RES1000mN2016000E3163000,498234201,110.0
10061,CRS3035RES1000mN2016000E3163000,504315026,
10062,CRS3035RES1000mN2016000E3163000,548701490,
10063,CRS3035RES1000mN2016000E3163000,574210084,
10064,CRS3035RES1000mN2016000E3163000,576094143,103.0
10065,CRS3035RES1000mN2016000E3163000,584409067,
10066,CRS3035RES1000mN2016000E3163000,635512756,
10067,CRS3035RES1000mN2016000E3163000,638492224,
10068,CRS3035RES1000mN2016000E3163000,653913062,
10069,CRS3035RES1000mN2016000E3163000,659866770,
10070,CRS3035RES1000mN2016000E3163000,697717972,
10071,CRS3035RES1000mN2016000E3163000,717194862,
10072,CRS3035RES1000mN2016000E3163000,736899303,
10073,CRS3035RES1000mN2016000E3163000,738042217,106.0
10074,CRS3035RES1000mN2016000E3163000,839611983,
10075,CRS3035RES1000mN2016000E3163000,957893520,97.0
10076,CRS3035RES1000mN2016000E3163000,963308110,119.0
10077,CRS3035RES1000mN2016000E3163000,1073283182,103.0
10078,CRS3035RES1000mN2016000E3163000,1252864015,
10079,CRS3035RES1000mN2016000E3163000,1283203658,
10080,CRS3035RES1000mN2016000E3164000,25526,
10081,CRS3035RES1000mN2016000E3164000,1774,99.0
10082,CRS3035RES1000mN2016000E3164000,1770,
10083,CRS3035RES1000mN2016000E3164000,1773,117.0
10084,CRS3035RES1000mN2016000E3164000,1771,114.0
10085,CRS3035RES1000mN2016000E3164000,123303,105.0
10086,CRS3035RES1000mN2016000E3164000,1764,109.0
10087,CRS3035RES1000mN2016000E3164000,181101,114.0
10088,CRS3035RES1000mN2016000E3164000,5765642,112.0
10089,CRS3035RES1000mN2016000E3164000,86719,86.0
10090,CRS3035RES1000mN2016000E3164000,1800,113.0
10091,CRS3035RES1000mN2016000E3164000,1757,118.0
10092,CRS3035RES1000mN2016000E3164000,1755,107.0
10093,CRS3035RES1000mN2016000E3164000,1882,113.0
10094,CRS3035RES1000mN2016000E3164000,1745,
10095,CRS3035RES1000mN2016000E3164000,1794,
10096,CRS3035RES1000mN2016000E3164000,1762,109.0
10097,CRS3035RES1000mN2016000E3164000,51188,116.0
10098,CRS3035RES1000mN2016000E3164000,6893633,108.0
10099,CRS3035RES1000mN2016000E3164000,167128,115.0
10100,CRS3035RES1000mN2016000E3164000,1760,118.0
10101,CRS3035RES1000mN2016000E3164000,12773298,70.0
10102,CRS3035RES1000mN2016000E3164000,1754,94.0
10103,CRS3035RES1000mN2016000E3164000,1748,110.0
10104,CRS3035RES1000mN2016000E3164000,79941,
10105,CRS3035RES1000mN2016000E3164000,1750,
10106,CRS3035RES1000mN2016000E3164000,5975465,105.0
10107,CRS3035RES1000mN2016000E3164000,115056,
10108,CRS3035RES1000mN2016000E3164000,1790,
10109,CRS3035RES1000mN2016000E3164000,1756,110.0
10110,CRS3035RES1000mN2016000E3164000,51849,115.0
10111,CRS3035RES1000mN2016000E3164000,185595,118.0
10112,CRS3035RES1000mN2016000E3164000,7697128,104.0
10113,CRS3035RES1000mN2016000E3164000,10395362,
10114,CRS3035RES1000mN2016000E3164000,1759,
10115,CRS3035RES1000mN2016000E3164000,1752,110.0
10116,CRS3035RES1000mN2016000E3164000,186714,118.0
10117,CRS3035RES1000mN2016000E3164000,1753,107.0
10118,CRS3035RES1000mN2016000E3164000,1792,106.0
10119,CRS3035RES1000mN2016000E3164000,1763,103.0
10120,CRS3035RES1000mN2016000E3164000,1746,
10121,CRS3035RES1000mN2016000E3164000,11572165,82.0
10122,CRS3035RES1000mN2016000E3164000,1761,102.0
10123,CRS3035RES1000mN2016000E3164000,1747,115.0
10124,CRS3035RES1000mN2016000E3164000,5768564,
10125,CRS3035RES1000mN2016000E3164000,1798,106.0
10126,CRS3035RES1000mN2016000E3164000,66904,
10127,CRS3035RES1000mN2016000E3164000,1777,107.0
10128,CRS3035RES1000mN2016000E3164000,1765,111.0
10129,CRS3035RES1000mN2016000E3164000,49416,107.0
10130,CRS3035RES1000mN2016000E3164000,12734939,107.0
10131,CRS3035RES1000mN2016000E3164000,167386167,100.0
10132,CRS3035RES1000mN2016000E3164000,295933804,
10133,CRS3035RES1000mN2016000E3164000,303340017,119.0
10134,CRS3035RES1000mN2016000E3164000,315355551,
10135,CRS3035RES1000mN2016000E3164000,339084977,97.0
10136,CRS3035RES1000mN2016000E3164000,412911553,118.0
10137,CRS3035RES1000mN2016000E3164000,558126037,
10138,CRS3035RES1000mN2016000E3164000,711789768,
10139,CRS3035RES1000mN2016000E3164000,727666062,
10140,CRS3035RES1000mN2016000E3164000,848085869,112.0
10141,CRS3035RES1000mN2016000E3164000,1056098898,
10142,CRS3035RES1000mN2016000E3164000,1255438242,
10143,CRS3035RES1000mN2016000E3164000,1469985039,
10144,CRS3035RES1000mN2016000E3164000,1504302537,
10145,CRS3035RES1000mN2016000E3164000,1511617504,
10146,CRS3035RES1000mN2016000E3164000,1541601287,
10147,CRS3035RES1000mN2016000E3164000,1544591296,
10148,CRS3035RES1000mN2016000E3164000,1598174183,
10149,CRS3035RES1000mN2016000E3164000,1629887846,
10150,CRS3035RES1000mN2016000E3164000,1686660176,
10151,CRS3035RES1000mN2016000E3164000,1716927336,102.0
10152,CRS3035RES1000mN2016000E3164000,1734554324,
10153,CRS3035RES1000mN2016000E3164000,1849109335,
10154,CRS3035RES1000mN2016000E3164000,2028408680,
10155,CRS3035RES1000mN2016000E3164000,2036887702,
10156,CRS3035RES1000mN2016000E3164000,2061404218,
10157,CRS3035RES1000mN2016000E3164000,2134238030,
10158,CRS3035RES1000mN2016000E3164000,2261600754,
10159,CRS3035RES1000mN2016000E3164000,2301402027,
10160,CRS3035RES1000mN2016000E3164000,2303966810,
10161,CRS3035RES1000mN2016000E3164000,2312029862,
10162,CRS3035RES1000mN2016000E3164000,2408860250,
10163,CRS3035RES1000mN2016000E3164000,2620185829,119.0
10164,CRS3035RES1000mN2016000E3164000,2622508931,
10165,CRS3035RES1000mN2016000E3164000,2672130951,
10166,CRS3035RES1000mN2016000E3164000,2710518818,
10167,CRS3035RES1000mN2016000E3164000,3034026261,
10168,CRS3035RES1000mN2016000E3164000,3179889751,
10169,CRS3035RES1000mN2016000E3164000,3206611978,
10170,CRS3035RES1000mN2016000E3164000,3272828439,
10171,CRS3035RES1000mN2016000E3164000,3452364276,
10172,CRS3035RES1000mN2016000E3164000,3452364277,117.0
10173,CRS3035RES1000mN2016000E3164000,3495733197,
10174,CRS3035RES1000mN2016000E3164000,3497154853,
10175,CRS3035RES1000mN2016000E3164000,3517755445,
10176,CRS3035RES1000mN2016000E3164000,3522125657,
10177,CRS3035RES1000mN2016000E3164000,3526751794,
10178,CRS3035RES1000mN2016000E3164000,3839306060,
10179,CRS3035RES1000mN2016000E3164000,4214697664,115.0
10180,CRS3035RES1000mN2016000E3164000,4338252586,
10181,CRS3035RES1000mN2016000E3164000,4401271633,
10182,CRS3035RES1000mN2016000E3164000,4515476768,
10183,CRS3035RES1000mN2016000E3164000,4569910891,107.0
10184,CRS3035RES1000mN2016000E3164000,4703730491,
10185,CRS3035RES1000mN2016000E3164000,4707870392,
10186,CRS3035RES1000mN2016000E3164000,4789037769,118.0
10187,CRS3035RES1000mN2016000E3164000,4794233143,
10188,CRS3035RES1000mN2016000E3164000,4870405674,
10189,CRS3035RES1000mN2016000E3164000,5139379922,
10190,CRS3035RES1000mN2016000E3164000,5160337425,117.0
10191,CRS3035RES1000mN2016000E3164000,5196199575,
10192,CRS3035RES1000mN2016000E3164000,5341570554,109.0
10193,CRS3035RES1000mN2016000E3164000,5345949864,
10194,CRS3035RES1000mN2016000E3164000,5448507385,
10195,CRS3035RES1000mN2016000E3164000,5604693894,
10196,CRS3035RES1000mN2016000E3164000,5670401989,
10197,CRS3035RES1000mN2016000E3164000,5942671299,
10198,CRS3035RES1000mN2016000E3164000,5943980960,
10199,CRS3035RES1000mN2016000E3164000,6185791451,
10200,CRS3035RES1000mN2016000E3164000,6188948286,
10201,CRS3035RES1000mN2016000E3164000,6555800191,
10202,CRS3035RES1000mN2016000E3164000,6885254479,
10203,CRS3035RES1000mN2016000E3164000,7222611268,
10204,CRS3035RES1000mN2016000E3164000,7408961006,
10205,CRS3035RES1000mN2016000E3164000,7619964683,
10206,CRS3035RES1000mN2016000E3164000,7836562695,
10207,CRS3035RES1000mN2016000E3164000,8493729364,102.0
10208,CRS3035RES1000mN2016000E3164000,8557885377,
10209,CRS3035RES1000mN2016000E3164000,8807212208,112.0
10210,CRS3035RES1000mN2016000E3164000,8844229173,116.0
10211,CRS3035RES1000mN2016000E3164000,8878422600,
10212,CRS3035RES1000mN2016000E3164000,9595709188,
10213,CRS3035RES1000mN2016000E3164000,9611387099,104.0
10214,CRS3035RES1000mN2016000E3164000,9712656915,115.0
10215,CRS3035RES1000mN2016000E3164000,9713142744,109.0
10216,CRS3035RES1000mN2016000E3164000,9815746657,
10217,CRS3035RES1000mN2016000E3164000,10004871512,
10218,CRS3035RES1000mN2016000E3164000,10281174134,
10219,CRS3035RES1000mN2016000E3164000,10580337411,
10220,CRS3035RES1000mN2016000E3164000,10899442604,115.0
10221,CRS3035RES1000mN2016000E3164000,10922657146,112.0
10222,CRS3035RES1000mN2016000E3164000,11127499928,
10223,CRS3035RES1000mN2016000E3164000,11143725881,
10224,CRS3035RES1000mN2016000E3164000,11243087140,
10225,CRS3035RES1000mN2016000E3164000,11269399969,
10226,CRS3035RES1000mN2016000E3164000,11287269362,
10227,CRS3035RES1000mN2016000E3164000,11287269363,
10228,CRS3035RES1000mN2016000E3164000,11369705764,
10229,CRS3035RES1000mN2016000E3164000,11387776374,119.0
10230,CRS3035RES1000mN2016000E3164000,11461799040,
10231,CRS3035RES1000mN2016000E3164000,11462802981,102.0
10232,CRS3035RES1000mN2016000E3164000,11652077658,
10233,CRS3035RES1000mN2016000E3164000,11691390164,118.0
10234,CRS3035RES1000mN2016000E3164000,11739757462,97.0
10235,CRS3035RES1000mN2016000E3164000,12178446726,115.0
10236,CRS3035RES1000mN2016000E3164000,12407425114,
10237,CRS3035RES1000mN2016000E3164000,12865480228,
10238,CRS3035RES1000mN2016000E3164000,2960630,
10239,CRS3035RES1000mN2016000E3164000,3554044,
10240,CRS3035RES1000mN2016000E3164000,3557906,99.0
10241,CRS3035RES1000mN2016000E3164000,5231361,
10242,CRS3035RES1000mN2016000E3164000,9314566,
10243,CRS3035RES1000mN2016000E3164000,13696257,
10244,CRS3035RES1000mN2016000E3164000,15996131,
10245,CRS3035RES1000mN2016000E3164000,23526191,
10246,CRS3035RES1000mN2016000E3164000,23545719,
10247,CRS3035RES1000mN2016000E3164000,30599279,107.0
10248,CRS3035RES1000mN2016000E3164000,30649229,
10249,CRS3035RES1000mN2016000E3164000,32198651,
10250,CRS3035RES1000mN2016000E3164000,34945111,103.0
10251,CRS3035RES1000mN2016000E3164000,50170625,
10252,CRS3035RES1000mN2016000E3164000,82887228,
10253,CRS3035RES1000mN2016000E3164000,92484952,
10254,CRS3035RES1000mN2016000E3164000,95794713,118.0
10255,CRS3035RES1000mN2016000E3164000,96418670,119.0
10256,CRS3035RES1000mN2016000E3164000,98502686,
10257,CRS3035RES1000mN2016000E3164000,132613257,
10258,CRS3035RES1000mN2016000E3164000,135036040,
10259,CRS3035RES1000mN2016000E3164000,150772489,
10260,CRS3035RES1000mN2016000E3164000,154118456,
10261,CRS3035RES1000mN2016000E3164000,157375776,
10262,CRS3035RES1000mN2016000E3164000,158211204,
10263,CRS3035RES1000mN2016000E3164000,162072415,98.0
10264,CRS3035RES1000mN2016000E3164000,162117720,
10265,CRS3035RES1000mN2016000E3164000,170487273,
10266,CRS3035RES1000mN2016000E3164000,172686062,
10267,CRS3035RES1000mN2016000E3164000,174318235,115.0
10268,CRS3035RES1000mN2016000E3164000,174318237,111.0
10269,CRS3035RES1000mN2016000E3164000,205060159,
10270,CRS3035RES1000mN2016000E3164000,205757163,
10271,CRS3035RES1000mN2016000E3164000,221095520,
10272,CRS3035RES1000mN2016000E3164000,224503374,116.0
10273,CRS3035RES1000mN2016000E3164000,227333462,119.0
10274,CRS3035RES1000mN2016000E3164000,229117454,
10275,CRS3035RES1000mN2016000E3164000,261460389,
10276,CRS3035RES1000mN2016000E3164000,283450022,107.0
10277,CRS3035RES1000mN2016000E3164000,288994040,97.0
10278,CRS3035RES1000mN2016000E3164000,296744564,
10279,CRS3035RES1000mN2016000E3164000,297526406,
10280,CRS3035RES1000mN2016000E3164000,300709861,
10281,CRS3035RES1000mN2016000E3164000,301444634,
10282,CRS3035RES1000mN2016000E3164000,302721609,108.0
10283,CRS3035RES1000mN2016000E3164000,308195630,
10284,CRS3035RES1000mN2016000E3164000,312777902,107.0
10285,CRS3035RES1000mN2016000E3164000,330154630,
10286,CRS3035RES1000mN2016000E3164000,340205456,
10287,CRS3035RES1000mN2016000E3164000,367883612,
10288,CRS3035RES1000mN2016000E3164000,368211943,
10289,CRS3035RES1000mN2016000E3164000,374180360,
10290,CRS3035RES1000mN2016000E3164000,375369499,
10291,CRS3035RES1000mN2016000E3164000,383494544,
10292,CRS3035RES1000mN2016000E3164000,384574591,101.0
10293,CRS3035RES1000mN2016000E3164000,403538322,
10294,CRS3035RES1000mN2016000E3164000,403859503,
10295,CRS3035RES1000mN2016000E3164000,437050442,114.0
10296,CRS3035RES1000mN2016000E3164000,459881697,
10297,CRS3035RES1000mN2016000E3164000,477278425,
10298,CRS3035RES1000mN2016000E3164000,486879235,
10299,CRS3035RES1000mN2016000E3164000,493748377,100.0
10300,CRS3035RES1000mN2016000E3164000,498234201,112.0
10301,CRS3035RES1000mN2016000E3164000,504315026,
10302,CRS3035RES1000mN2016000E3164000,548701490,
10303,CRS3035RES1000mN2016000E3164000,574210084,
10304,CRS3035RES1000mN2016000E3164000,576094143,109.0
10305,CRS3035RES1000mN2016000E3164000,584409067,
10306,CRS3035RES1000mN2016000E3164000,635512756,
10307,CRS3035RES1000mN2016000E3164000,638492224,
10308,CRS3035RES1000mN2016000E3164000,653913062,
10309,CRS3035RES1000mN2016000E3164000,659866770,
10310,CRS3035RES1000mN2016000E3164000,697717972,
10311,CRS3035RES1000mN2016000E3164000,717194862,
10312,CRS3035RES1000mN2016000E3164000,736899303,
10313,CRS3035RES1000mN2016000E3164000,738042217,108.0
10314,CRS3035RES1000mN2016000E3164000,839611983,
10315,CRS3035RES1000mN2016000E3164000,957893520,99.0
10316,CRS3035RES1000mN2016000E3164000,963308110,
10317,CRS3035RES1000mN2016000E3164000,1073283182,105.0
10318,CRS3035RES1000mN2016000E3164000,1252864015,
10319,CRS3035RES1000mN2016000E3164000,1283203658,
10320,CRS3035RES1000mN2016000E3165000,25526,
10321,CRS3035RES1000mN2016000E3165000,1774,
10322,CRS3035RES1000mN2016000E3165000,1770,
10323,CRS3035RES1000mN2016000E3165000,1773,
10324,CRS3035RES1000mN2016000E3165000,1771,
10325,CRS3035RES1000mN2016000E3165000,123303,
10326,CRS3035RES1000mN2016000E3165000,1764,
10327,CRS3035RES1000mN2016000E3165000,181101,
10328,CRS3035RES1000mN2016000E3165000,5765642,
10329,CRS3035RES1000mN2016000E3165000,86719,
10330,CRS3035RES1000mN2016000E3165000,1800,
10331,CRS3035RES1000mN2016000E3165000,1757,
10332,CRS3035RES1000mN2016000E3165000,1755,
10333,CRS3035RES1000mN2016000E3165000,1882,
10334,CRS3035RES1000mN2016000E3165000,1745,
10335,CRS3035RES1000mN2016000E3165000,1794,
10336,CRS3035RES1000mN2016000E3165000,1762,
10337,CRS3035RES1000mN2016000E3165000,51188,
10338,CRS3035RES1000mN2016000E3165000,6893633,
10339,CRS3035RES1000mN2016000E3165000,167128,
10340,CRS3035RES1000mN2016000E3165000,1760,
10341,CRS3035RES1000mN2016000E3165000,12773298,
10342,CRS3035RES1000mN2016000E3165000,1754,
10343,CRS3035RES1000mN2016000E3165000,1748,
10344,CRS3035RES1000mN2016000E3165000,79941,
10345,CRS3035RES1000mN2016000E3165000,1750,
10346,CRS3035RES1000mN2016000E3165000,5975465,
10347,CRS3035RES1000mN2016000E3165000,115056,
10348,CRS3035RES1000mN2016000E3165000,1790,
10349,CRS3035RES1000mN2016000E3165000,1756,
10350,CRS3035RES1000mN2016000E3165000,51849,
10351,CRS3035RES1000mN2016000E3165000,185595,
10352,CRS3035RES1000mN2016000E3165000,7697128,
10353,CRS3035RES1000mN2016000E3165000,10395362,
10354,CRS3035RES1000mN2016000E3165000,1759,
10355,CRS3035RES1000mN2016000E3165000,1752,
10356,CRS3035RES1000mN2016000E3165000,186714,
10357,CRS3035RES1000mN2016000E3165000,1753,
10358,CRS3035RES1000mN2016000E3165000,1792,
10359,CRS3035RES1000mN2016000E3165000,1763,
10360,CRS3035RES1000mN2016000E3165000,1746,
10361,CRS3035RES1000mN2016000E3165000,11572165,
10362,CRS3035RES1000mN2016000E3165000,1761,
10363,CRS3035RES1000mN2016000E3165000,1747,
10364,CRS3035RES1000mN2016000E3165000,5768564,
10365,CRS3035RES1000mN2016000E3165000,1798,
10366,CRS3035RES1000mN2016000E3165000,66904,
10367,CRS3035RES1000mN2016000E3165000,1777,
10368,CRS3035RES1000mN2016000E3165000,1765,
10369,CRS3035RES1000mN2016000E3165000,49416,
10370,CRS3035RES1000mN2016000E3165000,12734939,
10371,CRS3035RES1000mN2016000E3165000,167386167,
10372,CRS3035RES1000mN2016000E3165000,295933804,
10373,CRS3035RES1000mN2016000E3165000,303340017,
10374,CRS3035RES1000mN2016000E3165000,315355551,
10375,CRS3035RES1000mN2016000E3165000,339084977,
10376,CRS3035RES1000mN2016000E3165000,412911553,
10377,CRS3035RES1000mN2016000E3165000,558126037,
10378,CRS3035RES1000mN2016000E3165000,711789768,
10379,CRS3035RES1000mN2016000E3165000,727666062,
10380,CRS3035RES1000mN2016000E3165000,848085869,
10381,CRS3035RES1000mN2016000E3165000,1056098898,
10382,CRS3035RES1000mN2016000E3165000,1255438242,
10383,CRS3035RES1000mN2016000E3165000,1469985039,
10384,CRS3035RES1000mN2016000E3165000,1504302537,
10385,CRS3035RES1000mN2016000E3165000,1511617504,
10386,CRS3035RES1000mN2016000E3165000,1541601287,
10387,CRS3035RES1000mN2016000E3165000,1544591296,
10388,CRS3035RES1000mN2016000E3165000,1598174183,
10389,CRS3035RES1000mN2016000E3165000,1629887846,
10390,CRS3035RES1000mN2016000E3165000,1686660176,
10391,CRS3035RES1000mN2016000E3165000,1716927336,
10392,CRS3035RES1000mN2016000E3165000,1734554324,
10393,CRS3035RES1000mN2016000E3165000,1849109335,
10394,CRS3035RES1000mN2016000E3165000,2028408680,
10395,CRS3035RES1000mN2016000E3165000,2036887702,
10396,CRS3035RES1000mN2016000E3165000,2061404218,
10397,CRS3035RES1000mN2016000E3165000,2134238030,
10398,CRS3035RES1000mN2016000E3165000,2261600754,
10399,CRS3035RES1000mN2016000E3165000,2301402027,
10400,CRS3035RES1000mN2016000E3165000,2303966810,
10401,CRS3035RES1000mN2016000E3165000,2312029862,
10402,CRS3035RES1000mN2016000E3165000,2408860250,
10403,CRS3035RES1000mN2016000E3165000,2620185829,
10404,CRS3035RES1000mN2016000E3165000,2622508931,
10405,CRS3035RES1000mN2016000E3165000,2672130951,
10406,CRS3035RES1000mN2016000E3165000,2710518818,
10407,CRS3035RES1000mN2016000E3165000,3034026261,
10408,CRS3035RES1000mN2016000E3165000,3179889751,
10409,CRS3035RES1000mN2016000E3165000,3206611978,
10410,CRS3035RES1000mN2016000E3165000,3272828439,
10411,CRS3035RES1000mN2016000E3165000,3452364276,
10412,CRS3035RES1000mN2016000E3165000,3452364277,
10413,CRS3035RES1000mN2016000E3165000,3495733197,
10414,CRS3035RES1000mN2016000E3165000,3497154853,
10415,CRS3035RES1000mN2016000E3165000,3517755445,
10416,CRS3035RES1000mN2016000E3165000,3522125657,
10417,CRS3035RES1000mN2016000E3165000,3526751794,
10418,CRS3035RES1000mN2016000E3165000,3839306060,
10419,CRS3035RES1000mN2016000E3165000,4214697664,
10420,CRS3035RES1000mN2016000E3165000,4338252586,
10421,CRS3035RES1000mN2016000E3165000,4401271633,
10422,CRS3035RES1000mN2016000E3165000,4515476768,
10423,CRS3035RES1000mN2016000E3165000,4569910891,
10424,CRS3035RES1000mN2016000E3165000,4703730491,
10425,CRS3035RES1000mN2016000E3165000,4707870392,
10426,CRS3035RES1000mN2016000E3165000,4789037769,
10427,CRS3035RES1000mN2016000E3165000,4794233143,
10428,CRS3035RES1000mN2016000E3165000,4870405674,
10429,CRS3035RES1000mN2016000E3165000,5139379922,
10430,CRS3035RES1000mN2016000E3165000,5160337425,
10431,CRS3035RES1000mN2016000E3165000,5196199575,
10432,CRS3035RES1000mN2016000E3165000,5341570554,
10433,CRS3035RES1000mN2016000E3165000,5345949864,
10434,CRS3035RES1000mN2016000E3165000,5448507385,
10435,CRS3035RES1000mN2016000E3165000,5604693894,
10436,CRS3035RES1000mN2016000E3165000,5670401989,
10437,CRS3035RES1000mN2016000E3165000,5942671299,
10438,CRS3035RES1000mN2016000E3165000,5943980960,
10439,CRS3035RES1000mN2016000E3165000,6185791451,
10440,CRS3035RES1000mN2016000E3165000,6188948286,
10441,CRS3035RES1000mN2016000E3165000,6555800191,
10442,CRS3035RES1000mN2016000E3165000,6885254479,
10443,CRS3035RES1000mN2016000E3165000,7222611268,
10444,CRS3035RES1000mN2016000E3165000,7408961006,
10445,CRS3035RES1000mN2016000E3165000,7619964683,
10446,CRS3035RES1000mN2016000E3165000,7836562695,
10447,CRS3035RES1000mN2016000E3165000,8493729364,
10448,CRS3035RES1000mN2016000E3165000,8557885377,
10449,CRS3035RES1000mN2016000E3165000,8807212208,
10450,CRS3035RES1000mN2016000E3165000,8844229173,
10451,CRS3035RES1000mN2016000E3165000,8878422600,
10452,CRS3035RES1000mN2016000E3165000,9595709188,
10453,CRS3035RES1000mN2016000E3165000,9611387099,
10454,CRS3035RES1000mN2016000E3165000,9712656915,
10455,CRS3035RES1000mN2016000E3165000,9713142744,
10456,CRS3035RES1000mN2016000E3165000,9815746657,
10457,CRS3035RES1000mN2016000E3165000,10004871512,
10458,CRS3035RES1000mN2016000E3165000,10281174134,
10459,CRS3035RES1000mN2016000E3165000,10580337411,
10460,CRS3035RES1000mN2016000E3165000,10899442604,
10461,CRS3035RES1000mN2016000E3165000,10922657146,
10462,CRS3035RES1000mN2016000E3165000,11127499928,
10463,CRS3035RES1000mN2016000E3165000,11143725881,
10464,CRS3035RES1000mN2016000E3165000,11243087140,
10465,CRS3035RES1000mN2016000E3165000,11269399969,
10466,CRS3035RES1000mN2016000E3165000,11287269362,
10467,CRS3035RES1000mN2016000E3165000,11287269363,
10468,CRS3035RES1000mN2016000E3165000,11369705764,
10469,CRS3035RES1000mN2016000E3165000,11387776374,
10470,CRS3035RES1000mN2016000E3165000,11461799040,
10471,CRS3035RES1000mN2016000E3165000,11462802981,
10472,CRS3035RES1000mN2016000E3165000,11652077658,
10473,CRS3035RES1000mN2016000E3165000,11691390164,
10474,CRS3035RES1000mN2016000E3165000,11739757462,
10475,CRS3035RES1000mN2016000E3165000,12178446726,
10476,CRS3035RES1000mN2016000E3165000,12407425114,
10477,CRS3035RES1000mN2016000E3165000,12865480228,
10478,CRS3035RES1000mN2016000E3165000,2960630,
10479,CRS3035RES1000mN2016000E3165000,3554044,
10480,CRS3035RES1000mN2016000E3165000,3557906,
10481,CRS3035RES1000mN2016000E3165000,5231361,
10482,CRS3035RES1000mN2016000E3165000,9314566,
10483,CRS3035RES1000mN2016000E3165000,13696257,
10484,CRS3035RES1000mN2016000E3165000,15996131,
10485,CRS3035RES1000mN2016000E3165000,23526191,
10486,CRS3035RES1000mN2016000E3165000,23545719,
10487,CRS3035RES1000mN2016000E3165000,30599279,
10488,CRS3035RES1000mN2016000E3165000,30649229,
10489,CRS3035RES1000mN2016000E3165000,32198651,
10490,CRS3035RES1000mN2016000E3165000,34945111,
10491,CRS3035RES1000mN2016000E3165000,50170625,
10492,CRS3035RES1000mN2016000E3165000,82887228,
10493,CRS3035RES1000mN2016000E3165000,92484952,
10494,CRS3035RES1000mN2016000E3165000,95794713,
10495,CRS3035RES1000mN2016000E3165000,96418670,
10496,CRS3035RES1000mN2016000E3165000,98502686,
10497,CRS3035RES1000mN2016000E3165000,132613257,
10498,CRS3035RES1000mN2016000E3165000,135036040,
10499,CRS3035RES1000mN2016000E3165000,150772489,
10500,CRS3035RES1000mN2016000E3165000,154118456,
10501,CRS3035RES1000mN2016000E3165000,157375776,
10502,CRS3035RES1000mN2016000E3165000,158211204,
10503,CRS3035RES1000mN2016000E3165000,162072415,
10504,CRS3035RES1000mN2016000E3165000,162117720,
10505,CRS3035RES1000mN2016000E3165000,170487273,
10506,CRS3035RES1000mN2016000E3165000,172686062,
10507,CRS3035RES1000mN2016000E3165000,174318235,
10508,CRS3035RES1000mN2016000E3165000,174318237,
10509,CRS3035RES1000mN2016000E3165000,205060159,
10510,CRS3035RES1000mN2016000E3165000,205757163,
10511,CRS3035RES1000mN2016000E3165000,221095520,
10512,CRS3035RES1000mN2016000E3165000,224503374,
10513,CRS3035RES1000mN2016000E3165000,227333462,
10514,CRS3035RES1000mN2016000E3165000,229117454,
10515,CRS3035RES1000mN2016000E3165000,261460389,
10516,CRS3035RES1000mN2016000E3165000,283450022,
10517,CRS3035RES1000mN2016000E3165000,288994040,
10518,CRS3035RES1000mN2016000E3165000,296744564,
10519,CRS3035RES1000mN2016000E3165000,297526406,
10520,CRS3035RES1000mN2016000E3165000,300709861,
10521,CRS3035RES1000mN2016000E3165000,301444634,
10522,CRS3035RES1000mN2016000E3165000,302721609,
10523,CRS3035RES1000mN2016000E3165000,308195630,
10524,CRS3035RES1000mN2016000E3165000,312777902,
10525,CRS3035RES1000mN2016000E3165000,330154630,
10526,CRS3035RES1000mN2016000E3165000,340205456,
10527,CRS3035RES1000mN2016000E3165000,367883612,
10528,CRS3035RES1000mN2016000E3165000,368211943,
10529,CRS3035RES1000mN2016000E3165000,374180360,
10530,CRS3035RES1000mN2016000E3165000,375369499,
10531,CRS3035RES1000mN2016000E3165000,383494544,
10532,CRS3035RES1000mN2016000E3165000,384574591,
10533,CRS3035RES1000mN2016000E3165000,403538322,
10534,CRS3035RES1000mN2016000E3165000,403859503,
10535,CRS3035RES1000mN2016000E3165000,437050442,
10536,CRS3035RES1000mN2016000E3165000,459881697,
10537,CRS3035RES1000mN2016000E3165000,477278425,
10538,CRS3035RES1000mN2016000E3165000,486879235,
10539,CRS3035RES1000mN2016000E3165000,493748377,
10540,CRS3035RES1000mN2016000E3165000,498234201,
10541,CRS3035RES1000mN2016000E3165000,504315026,
10542,CRS3035RES1000mN2016000E3165000,548701490,
10543,CRS3035RES1000mN2016000E3165000,574210084,
10544,CRS3035RES1000mN2016000E3165000,576094143,
10545,CRS3035RES1000mN2016000E3165000,584409067,
10546,CRS3035RES1000mN2016000E3165000,635512756,
10547,CRS3035RES1000mN2016000E3165000,638492224,
10548,CRS3035RES1000mN2016000E3165000,653913062,
10549,CRS3035RES1000mN2016000E3165000,659866770,
10550,CRS3035RES1000mN2016000E3165000,697717972,
10551,CRS3035RES1000mN2016000E3165000,717194862,
10552,CRS3035RES1000mN2016000E3165000,736899303,
10553,CRS3035RES1000mN2016000E3165000,738042217,
10554,CRS3035RES1000mN2016000E3165000,839611983,
10555,CRS3035RES1000mN2016000E3165000,957893520,
10556,CRS3035RES1000mN2016000E3165000,963308110,
10557,CRS3035RES1000mN2016000E3165000,1073283182,
10558,CRS3035RES1000mN2016000E3165000,1252864015,
10559,CRS3035RES1000mN2016000E3165000,1283203658,
10560,CRS3035RES1000mN2016000E3166000,25526,
10561,CRS3035RES1000mN2016000E3166000,1774,
10562,CRS3035RES1000mN2016000E3166000,1770,
10563,CRS3035RES1000mN2016000E3166000,1773,
10564,CRS3035RES1000mN2016000E3166000,1771,
10565,CRS3035RES1000mN2016000E3166000,123303,
10566,CRS3035RES1000mN2016000E3166000,1764,
10567,CRS3035RES1000mN2016000E3166000,181101,
10568,CRS3035RES1000mN2016000E3166000,5765642,
10569,CRS3035RES1000mN2016000E3166000,86719,
10570,CRS3035RES1000mN2016000E3166000,1800,
10571,CRS3035RES1000mN2016000E3166000,1757,
10572,CRS3035RES1000mN2016000E3166000,1755,
10573,CRS3035RES1000mN2016000E3166000,1882,
10574,CRS3035RES1000mN2016000E3166000,1745,
10575,CRS3035RES1000mN2016000E3166000,1794,
10576,CRS3035RES1000mN2016000E3166000,1762,
10577,CRS3035RES1000mN2016000E3166000,51188,
10578,CRS3035RES1000mN2016000E3166000,6893633,
10579,CRS3035RES1000mN2016000E3166000,167128,
10580,CRS3035RES1000mN2016000E3166000,1760,
10581,CRS3035RES1000mN2016000E3166000,12773298,
10582,CRS3035RES1000mN2016000E3166000,1754,
10583,CRS3035RES1000mN2016000E3166000,1748,
10584,CRS3035RES1000mN2016000E3166000,79941,
10585,CRS3035RES1000mN2016000E3166000,1750,
10586,CRS3035RES1000mN2016000E3166000,5975465,
10587,CRS3035RES1000mN2016000E3166000,115056,
10588,CRS3035RES1000mN2016000E3166000,1790,
10589,CRS3035RES1000mN2016000E3166000,1756,
10590,CRS3035RES1000mN2016000E3166000,51849,
10591,CRS3035RES1000mN2016000E3166000,185595,
10592,CRS3035RES1000mN2016000E3166000,7697128,
10593,CRS3035RES1000mN2016000E3166000,10395362,
10594,CRS3035RES1000mN2016000E3166000,1759,
10595,CRS3035RES1000mN2016000E3166000,1752,
10596,CRS3035RES1000mN2016000E3166000,186714,
10597,CRS3035RES1000mN2016000E3166000,1753,
10598,CRS3035RES1000mN2016000E3166000,1792,
10599,CRS3035RES1000mN2016000E3166000,1763,
10600,CRS3035RES1000mN2016000E3166000,1746,
10601,CRS3035RES1000mN2016000E3166000,11572165,
10602,CRS3035RES1000mN2016000E3166000,1761,
10603,CRS3035RES1000mN2016000E3166000,1747,
10604,CRS3035RES1000mN2016000E3166000,5768564,
10605,CRS3035RES1000mN2016000E3166000,1798,
10606,CRS3035RES1000mN2016000E3166000,66904,
10607,CRS3035RES1000mN2016000E3166000,1777,
10608,CRS3035RES1000mN2016000E3166000,1765,
10609,CRS3035RES1000mN2016000E3166000,49416,
10610,CRS3035RES1000mN2016000E3166000,12734939,
10611,CRS3035RES1000mN2016000E3166000,167386167,
10612,CRS3035RES1000mN2016000E3166000,295933804,
10613,CRS3035RES1000mN2016000E3166000,303340017,
10614,CRS3035RES1000mN2016000E3166000,315355551,
10615,CRS3035RES1000mN2016000E3166000,339084977,
10616,CRS3035RES1000mN2016000E3166000,412911553,
10617,CRS3035RES1000mN2016000E3166000,558126037,
10618,CRS3035RES1000mN2016000E3166000,711789768,
10619,CRS3035RES1000mN2016000E3166000,727666062,
10620,CRS3035RES1000mN2016000E3166000,848085869,
10621,CRS3035RES1000mN2016000E3166000,1056098898,
10622,CRS3035RES1000mN2016000E3166000,1255438242,
10623,CRS3035RES1000mN2016000E3166000,1469985039,
10624,CRS3035RES1000mN2016000E3166000,1504302537,
10625,CRS3035RES1000mN2016000E3166000,1511617504,
10626,CRS3035RES1000mN2016000E3166000,1541601287,
10627,CRS3035RES1000mN2016000E3166000,1544591296,
10628,CRS3035RES1000mN2016000E3166000,1598174183,
10629,CRS3035RES1000mN2016000E3166000,1629887846,
10630,CRS3035RES1000mN2016000E3166000,1686660176,
10631,CRS3035RES1000mN2016000E3166000,1716927336,
10632,CRS3035RES1000mN2016000E3166000,1734554324,
10633,CRS3035RES1000mN2016000E3166000,1849109335,
10634,CRS3035RES1000mN2016000E3166000,2028408680,
10635,CRS3035RES1000mN2016000E3166000,2036887702,
10636,CRS3035RES1000mN2016000E3166000,2061404218,
10637,CRS3035RES1000mN2016000E3166000,2134238030,
10638,CRS3035RES1000mN2016000E3166000,2261600754,
10639,CRS3035RES1000mN2016000E3166000,2301402027,
10640,CRS3035RES1000mN2016000E3166000,2303966810,
10641,CRS3035RES1000mN2016000E3166000,2312029862,
10642,CRS3035RES1000mN2016000E3166000,2408860250,
10643,CRS3035RES1000mN2016000E3166000,2620185829,
10644,CRS3035RES1000mN2016000E3166000,2622508931,
10645,CRS3035RES1000mN2016000E3166000,2672130951,
10646,CRS3035RES1000mN2016000E3166000,2710518818,
10647,CRS3035RES1000mN2016000E3166000,3034026261,
10648,CRS3035RES1000mN2016000E3166000,3179889751,
10649,CRS3035RES1000mN2016000E3166000,3206611978,
10650,CRS3035RES1000mN2016000E3166000,3272828439,
10651,CRS3035RES1000mN2016000E3166000,3452364276,
10652,CRS3035RES1000mN2016000E3166000,3452364277,
10653,CRS3035RES1000mN2016000E3166000,3495733197,
10654,CRS3035RES1000mN2016000E3166000,3497154853,
10655,CRS3035RES1000mN2016000E3166000,3517755445,
10656,CRS3035RES1000mN2016000E3166000,3522125657,
10657,CRS3035RES1000mN2016000E3166000,3526751794,
10658,CRS3035RES1000mN2016000E3166000,3839306060,
10659,CRS3035RES1000mN2016000E3166000,4214697664,
10660,CRS3035RES1000mN2016000E3166000,4338252586,
10661,CRS3035RES1000mN2016000E3166000,4401271633,
10662,CRS3035RES1000mN2016000E3166000,4515476768,
10663,CRS3035RES1000mN2016000E3166000,4569910891,
10664,CRS3035RES1000mN2016000E3166000,4703730491,
10665,CRS3035RES1000mN2016000E3166000,4707870392,
10666,CRS3035RES1000mN2016000E3166000,4789037769,
10667,CRS3035RES1000mN2016000E3166000,4794233143,
10668,CRS3035RES1000mN2016000E3166000,4870405674,
10669,CRS3035RES1000mN2016000E3166000,5139379922,
10670,CRS3035RES1000mN2016000E3166000,5160337425,
10671,CRS3035RES1000mN2016000E3166000,5196199575,
10672,CRS3035RES1000mN2016000E3166000,5341570554,
10673,CRS3035RES1000mN2016000E3166000,5345949864,
10674,CRS3035RES1000mN2016000E3166000,5448507385,
10675,CRS3035RES1000mN2016000E3166000,5604693894,
10676,CRS3035RES1000mN2016000E3166000,5670401989,
10677,CRS3035RES1000mN2016000E3166000,5942671299,
10678,CRS3035RES1000mN2016000E3166000,5943980960,
10679,CRS3035RES1000mN2016000E3166000,6185791451,
10680,CRS3035RES1000mN2016000E3166000,6188948286,
10681,CRS3035RES1000mN2016000E3166000,6555800191,
10682,CRS3035RES1000mN2016000E3166000,6885254479,
10683,CRS3035RES1000mN2016000E3166000,7222611268,
10684,CRS3035RES1000mN2016000E3166000,7408961006,
10685,CRS3035RES1000mN2016000E3166000,7619964683,
10686,CRS3035RES1000mN2016000E3166000,7836562695,
10687,CRS3035RES1000mN2016000E3166000,8493729364,
10688,CRS3035RES1000mN2016000E3166000,8557885377,
10689,CRS3035RES1000mN2016000E3166000,8807212208,
10690,CRS3035RES1000mN2016000E3166000,8844229173,
10691,CRS3035RES1000mN2016000E3166000,8878422600,
10692,CRS3035RES1000mN2016000E3166000,9595709188,
10693,CRS3035RES1000mN2016000E3166000,9611387099,
10694,CRS3035RES1000mN2016000E3166000,9712656915,
10695,CRS3035RES1000mN2016000E3166000,9713142744,
10696,CRS3035RES1000mN2016000E3166000,9815746657,
10697,CRS3035RES1000mN2016000E3166000,10004871512,
10698,CRS3035RES1000mN2016000E3166000,10281174134,
10699,CRS3035RES1000mN2016000E3166000,10580337411,
10700,CRS3035RES1000mN2016000E3166000,10899442604,
10701,CRS3035RES1000mN2016000E3166000,10922657146,
10702,CRS3035RES1000mN2016000E3166000,11127499928,
10703,CRS3035RES1000mN2016000E3166000,11143725881,
10704,CRS3035RES1000mN2016000E3166000,11243087140,
10705,CRS3035RES1000mN2016000E3166000,11269399969,
10706,CRS3035RES1000mN2016000E3166000,11287269362,
10707,CRS3035RES1000mN2016000E3166000,11287269363,
10708,CRS3035RES1000mN2016000E3166000,11369705764,
10709,CRS3035RES1000mN2016000E3166000,11387776374,
10710,CRS3035RES1000mN2016000E3166000,11461799040,
10711,CRS3035RES1000mN2016000E3166000,11462802981,
10712,CRS3035RES1000mN2016000E3166000,11652077658,
10713,CRS3035RES1000mN2016000E3166000,11691390164,
10714,CRS3035RES1000mN2016000E3166000,11739757462,
10715,CRS3035RES1000mN2016000E3166000,12178446726,
10716,CRS3035RES1000mN2016000E3166000,12407425114,
10717,CRS3035RES1000mN2016000E3166000,12865480228,
10718,CRS3035RES1000mN2016000E3166000,2960630,
10719,CRS3035RES1000mN2016000E3166000,3554044,
10720,CRS3035RES1000mN2016000E3166000,3557906,
10721,CRS3035RES1000mN2016000E3166000,5231361,
10722,CRS3035RES1000mN2016000E3166000,9314566,
10723,CRS3035RES1000mN2016000E3166000,13696257,
10724,CRS3035RES1000mN2016000E3166000,15996131,
10725,CRS3035RES1000mN2016000E3166000,23526191,
10726,CRS3035RES1000mN2016000E3166000,23545719,
10727,CRS3035RES1000mN2016000E3166000,30599279,
10728,CRS3035RES1000mN2016000E3166000,30649229,
10729,CRS3035RES1000mN2016000E3166000,32198651,
10730,CRS3035RES1000mN2016000E3166000,34945111,
10731,CRS3035RES1000mN2016000E3166000,50170625,
10732,CRS3035RES1000mN2016000E3166000,82887228,
10733,CRS3035RES1000mN2016000E3166000,92484952,
10734,CRS3035RES1000mN2016000E3166000,95794713,
10735,CRS3035RES1000mN2016000E3166000,96418670,
10736,CRS3035RES1000mN2016000E3166000,98502686,
10737,CRS3035RES1000mN2016000E3166000,132613257,
10738,CRS3035RES1000mN2016000E3166000,135036040,
10739,CRS3035RES1000mN2016000E3166000,150772489,
10740,CRS3035RES1000mN2016000E3166000,154118456,
10741,CRS3035RES1000mN2016000E3166000,157375776,
10742,CRS3035RES1000mN2016000E3166000,158211204,
10743,CRS3035RES1000mN2016000E3166000,162072415,
10744,CRS3035RES1000mN2016000E3166000,162117720,
10745,CRS3035RES1000mN2016000E3166000,170487273,
10746,CRS3035RES1000mN2016000E3166000,172686062,
10747,CRS3035RES1000mN2016000E3166000,174318235,
10748,CRS3035RES1000mN2016000E3166000,174318237,
10749,CRS3035RES1000mN2016000E3166000,205060159,
10750,CRS3035RES1000mN2016000E3166000,205757163,
10751,CRS3035RES1000mN2016000E3166000,221095520,
10752,CRS3035RES1000mN2016000E3166000,224503374,
10753,CRS3035RES1000mN2016000E3166000,227333462,
10754,CRS3035RES1000mN2016000E3166000,229117454,
10755,CRS3035RES1000mN2016000E3166000,261460389,
10756,CRS3035RES1000mN2016000E3166000,283450022,
10757,CRS3035RES1000mN2016000E3166000,288994040,
10758,CRS3035RES1000mN2016000E3166000,296744564,
10759,CRS3035RES1000mN2016000E3166000,297526406,
10760,CRS3035RES1000mN2016000E3166000,300709861,
10761,CRS3035RES1000mN2016000E3166000,301444634,
10762,CRS3035RES1000mN2016000E3166000,302721609,
10763,CRS3035RES1000mN2016000E3166000,308195630,
10764,CRS3035RES1000mN2016000E3166000,312777902,
10765,CRS3035RES1000mN2016000E3166000,330154630,
10766,CRS3035RES1000mN2016000E3166000,340205456,
10767,CRS3035RES1000mN2016000E3166000,367883612,
10768,CRS3035RES1000mN2016000E3166000,368211943,
10769,CRS3035RES1000mN2016000E3166000,374180360,
10770,CRS3035RES1000mN2016000E3166000,375369499,
10771,CRS3035RES1000mN2016000E3166000,383494544,
10772,CRS3035RES1000mN2016000E3166000,384574591,
10773,CRS3035RES1000mN2016000E3166000,403538322,
10774,CRS3035RES1000mN2016000E3166000,403859503,
10775,CRS3035RES1000mN2016000E3166000,437050442,
10776,CRS3035RES1000mN2016000E3166000,459881697,
10777,CRS3035RES1000mN2016000E3166000,477278425,
10778,CRS3035RES1000mN2016000E3166000,486879235,
10779,CRS3035RES1000mN2016000E3166000,493748377,
10780,CRS3035RES1000mN2016000E3166000,498234201,
10781,CRS3035RES1000mN2016000E3166000,504315026,
10782,CRS3035RES1000mN2016000E3166000,548701490,
10783,CRS3035RES1000mN2016000E3166000,574210084,
10784,CRS3035RES1000mN2016000E3166000,576094143,
10785,CRS3035RES1000mN2016000E3166000,584409067,
10786,CRS3035RES1000mN2016000E3166000,635512756,
10787,CRS3035RES1000mN2016000E3166000,638492224,
10788,CRS3035RES1000mN2016000E3166000,653913062,
10789,CRS3035RES1000mN2016000E3166000,659866770,
10790,CRS3035RES1000mN2016000E3166000,697717972,
10791,CRS3035RES1000mN2016000E3166000,717194862,
10792,CRS3035RES1000mN2016000E3166000,736899303,
10793,CRS3035RES1000mN2016000E3166000,738042217,
10794,CRS3035RES1000mN2016000E3166000,839611983,
10795,CRS3035RES1000mN2016000E3166000,957893520,
10796,CRS3035RES1000mN2016000E3166000,963308110,
10797,CRS3035RES1000mN2016000E3166000,1073283182,
10798,CRS3035RES1000mN2016000E3166000,1252864015,
10799,CRS3035RES1000mN2016000E3166000,1283203658,
10800,CRS3035RES1000mN2016000E3167000,25526,
10801,CRS3035RES1000mN2016000E3167000,1774,
10802,CRS3035RES1000mN2016000E3167000,1770,
10803,CRS3035RES1000mN2016000E3167000,1773,
10804,CRS3035RES1000mN2016000E3167000,1771,
10805,CRS3035RES1000mN2016000E3167000,123303,
10806,CRS3035RES1000mN2016000E3167000,1764,
10807,CRS3035RES1000mN2016000E3167000,181101,
10808,CRS3035RES1000mN2016000E3167000,5765642,
10809,CRS3035RES1000mN2016000E3167000,86719,
10810,CRS3035RES1000mN2016000E3167000,1800,
10811,CRS3035RES1000mN2016000E3167000,1757,
10812,CRS3035RES1000mN2016000E3167000,1755,
10813,CRS3035RES1000mN2016000E3167000,1882,
10814,CRS3035RES1000mN2016000E3167000,1745,
10815,CRS3035RES1000mN2016000E3167000,1794,
10816,CRS3035RES1000mN2016000E3167000,1762,
10817,CRS3035RES1000mN2016000E3167000,51188,
10818,CRS3035RES1000mN2016000E3167000,6893633,
10819,CRS3035RES1000mN2016000E3167000,167128,
10820,CRS3035RES1000mN2016000E3167000,1760,
10821,CRS3035RES1000mN2016000E3167000,12773298,
10822,CRS3035RES1000mN2016000E3167000,1754,
10823,CRS3035RES1000mN2016000E3167000,1748,
10824,CRS3035RES1000mN2016000E3167000,79941,
10825,CRS3035RES1000mN2016000E3167000,1750,
10826,CRS3035RES1000mN2016000E3167000,5975465,
10827,CRS3035RES1000mN2016000E3167000,115056,
10828,CRS3035RES1000mN2016000E3167000,1790,
10829,CRS3035RES1000mN2016000E3167000,1756,
10830,CRS3035RES1000mN2016000E3167000,51849,
10831,CRS3035RES1000mN2016000E3167000,185595,
10832,CRS3035RES1000mN2016000E3167000,7697128,
10833,CRS3035RES1000mN2016000E3167000,10395362,
10834,CRS3035RES1000mN2016000E3167000,1759,
10835,CRS3035RES1000mN2016000E3167000,1752,
10836,CRS3035RES1000mN2016000E3167000,186714,
10837,CRS3035RES1000mN2016000E3167000,1753,
10838,CRS3035RES1000mN2016000E3167000,1792,
10839,CRS3035RES1000mN2016000E3167000,1763,
10840,CRS3035RES1000mN2016000E3167000,1746,
10841,CRS3035RES1000mN2016000E3167000,11572165,
10842,CRS3035RES1000mN2016000E3167000,1761,
10843,CRS3035RES1000mN2016000E3167000,1747,
10844,CRS3035RES1000mN2016000E3167000,5768564,
10845,CRS3035RES1000mN2016000E3167000,1798,
10846,CRS3035RES1000mN2016000E3167000,66904,
10847,CRS3035RES1000mN2016000E3167000,1777,
10848,CRS3035RES1000mN2016000E3167000,1765,
10849,CRS3035RES1000mN2016000E3167000,49416,
10850,CRS3035RES1000mN2016000E3167000,12734939,
10851,CRS3035RES1000mN2016000E3167000,167386167,
10852,CRS3035RES1000mN2016000E3167000,295933804,
10853,CRS3035RES1000mN2016000E3167000,303340017,
10854,CRS3035RES1000mN2016000E3167000,315355551,
10855,CRS3035RES1000mN2016000E3167000,339084977,
10856,CRS3035RES1000mN2016000E3167000,412911553,
10857,CRS3035RES1000mN2016000E3167000,558126037,
10858,CRS3035RES1000mN2016000E3167000,711789768,
10859,CRS3035RES1000mN2016000E3167000,727666062,
10860,CRS3035RES1000mN2016000E3167000,848085869,
10861,CRS3035RES1000mN2016000E3167000,1056098898,
10862,CRS3035RES1000mN2016000E3167000,1255438242,
10863,CRS3035RES1000mN2016000E3167000,1469985039,
10864,CRS3035RES1000mN2016000E3167000,1504302537,
10865,CRS3035RES1000mN2016000E3167000,1511617504,
10866,CRS3035RES1000mN2016000E3167000,1541601287,
10867,CRS3035RES1000mN2016000E3167000,1544591296,
10868,CRS3035RES1000mN2016000E3167000,1598174183,
10869,CRS3035RES1000mN2016000E3167000,1629887846,
10870,CRS3035RES1000mN2016000E3167000,1686660176,
10871,CRS3035RES1000mN2016000E3167000,1716927336,
10872,CRS3035RES1000mN2016000E3167000,1734554324,
10873,CRS3035RES1000mN2016000E3167000,1849109335,
10874,CRS3035RES1000mN2016000E3167000,2028408680,
10875,CRS3035RES1000mN2016000E3167000,2036887702,
10876,CRS3035RES1000mN2016000E3167000,2061404218,
10877,CRS3035RES1000mN2016000E3167000,2134238030,
10878,CRS3035RES1000mN2016000E3167000,2261600754,
10879,CRS3035RES1000mN2016000E3167000,2301402027,
10880,CRS3035RES1000mN2016000E3167000,2303966810,
10881,CRS3035RES1000mN2016000E3167000,2312029862,
10882,CRS3035RES1000mN2016000E3167000,2408860250,
10883,CRS3035RES1000mN2016000E3167000,2620185829,
10884,CRS3035RES1000mN2016000E3167000,2622508931,
10885,CRS3035RES1000mN2016000E3167000,2672130951,
10886,CRS3035RES1000mN2016000E3167000,2710518818,
10887,CRS3035RES1000mN2016000E3167000,3034026261,
10888,CRS3035RES1000mN2016000E3167000,3179889751,
10889,CRS3035RES1000mN2016000E3167000,3206611978,
10890,CRS3035RES1000mN2016000E3167000,3272828439,
10891,CRS3035RES1000mN2016000E3167000,3452364276,
10892,CRS3035RES1000mN2016000E3167000,3452364277,
10893,CRS3035RES1000mN2016000E3167000,3495733197,
10894,CRS3035RES1000mN2016000E3167000,3497154853,
10895,CRS3035RES1000mN2016000E3167000,3517755445,
10896,CRS3035RES1000mN2016000E3167000,3522125657,
10897,CRS3035RES1000mN2016000E3167000,3526751794,
10898,CRS3035RES1000mN2016000E3167000,3839306060,
10899,CRS3035RES1000mN2016000E3167000,4214697664,
10900,CRS3035RES1000mN2016000E3167000,4338252586,
10901,CRS3035RES1000mN2016000E3167000,4401271633,
10902,CRS3035RES1000mN2016000E3167000,4515476768,
10903,CRS3035RES1000mN2016000E3167000,4569910891,
10904,CRS3035RES1000mN2016000E3167000,4703730491,
10905,CRS3035RES1000mN2016000E3167000,4707870392,
10906,CRS3035RES1000mN2016000E3167000,4789037769,
10907,CRS3035RES1000mN2016000E3167000,4794233143,
10908,CRS3035RES1000mN2016000E3167000,4870405674,
10909,CRS3035RES1000mN2016000E3167000,5139379922,
10910,CRS3035RES1000mN2016000E3167000,5160337425,
10911,CRS3035RES1000mN2016000E3167000,5196199575,
10912,CRS3035RES1000mN2016000E3167000,5341570554,
10913,CRS3035RES1000mN2016000E3167000,5345949864,
10914,CRS3035RES1000mN2016000E3167000,5448507385,
10915,CRS3035RES1000mN2016000E3167000,5604693894,
10916,CRS3035RES1000mN2016000E3167000,5670401989,
10917,CRS3035RES1000mN2016000E3167000,5942671299,
10918,CRS3035RES1000mN2016000E3167000,5943980960,
10919,CRS3035RES1000mN2016000E3167000,6185791451,
10920,CRS3035RES1000mN2016000E3167000,6188948286,
10921,CRS3035RES1000mN2016000E3167000,6555800191,
10922,CRS3035RES1000mN2016000E3167000,6885254479,
10923,CRS3035RES1000mN2016000E3167000,7222611268,
10924,CRS3035RES1000mN2016000E3167000,7408961006,
10925,CRS3035RES1000mN2016000E3167000,7619964683,
10926,CRS3035RES1000mN2016000E3167000,7836562695,
10927,CRS3035RES1000mN2016000E3167000,8493729364,
10928,CRS3035RES1000mN2016000E3167000,8557885377,
10929,CRS3035RES1000mN2016000E3167000,8807212208,
10930,CRS3035RES1000mN2016000E3167000,8844229173,
10931,CRS3035RES1000mN2016000E3167000,8878422600,
10932,CRS3035RES1000mN2016000E3167000,9595709188,
10933,CRS3035RES1000mN2016000E3167000,9611387099,
10934,CRS3035RES1000mN2016000E3167000,9712656915,
10935,CRS3035RES1000mN2016000E3167000,9713142744,
10936,CRS3035RES1000mN2016000E3167000,9815746657,
10937,CRS3035RES1000mN2016000E3167000,10004871512,
10938,CRS3035RES1000mN2016000E3167000,10281174134,
10939,CRS3035RES1000mN2016000E3167000,10580337411,
10940,CRS3035RES1000mN2016000E3167000,10899442604,
10941,CRS3035RES1000mN2016000E3167000,10922657146,
10942,CRS3035RES1000mN2016000E3167000,11127499928,
10943,CRS3035RES1000mN2016000E3167000,11143725881,
10944,CRS3035RES1000mN2016000E3167000,11243087140,
10945,CRS3035RES1000mN2016000E3167000,11269399969,
10946,CRS3035RES1000mN2016000E3167000,11287269362,
10947,CRS3035RES1000mN2016000E3167000,11287269363,
10948,CRS3035RES1000mN2016000E3167000,11369705764,
10949,CRS3035RES1000mN2016000E3167000,11387776374,
10950,CRS3035RES1000mN2016000E3167000,11461799040,
10951,CRS3035RES1000mN2016000E3167000,11462802981,
10952,CRS3035RES1000mN2016000E3167000,11652077658,
10953,CRS3035RES1000mN2016000E3167000,11691390164,
10954,CRS3035RES1000mN2016000E3167000,11739757462,
10955,CRS3035RES1000mN2016000E3167000,12178446726,
10956,CRS3035RES1000mN2016000E3167000,12407425114,
10957,CRS3035RES1000mN2016000E3167000,12865480228,
10958,CRS3035RES1000mN2016000E3167000,2960630,
10959,CRS3035RES1000mN2016000E3167000,3554044,
10960,CRS3035RES1000mN2016000E3167000,3557906,
10961,CRS3035RES1000mN2016000E3167000,5231361,
10962,CRS3035RES1000mN2016000E3167000,9314566,
10963,CRS3035RES1000mN2016000E3167000,13696257,
10964,CRS3035RES1000mN2016000E3167000,15996131,
10965,CRS3035RES1000mN2016000E3167000,23526191,
10966,CRS3035RES1000mN2016000E3167000,23545719,
10967,CRS3035RES1000mN2016000E3167000,30599279,
10968,CRS3035RES1000mN2016000E3167000,30649229,
10969,CRS3035RES1000mN2016000E3167000,32198651,
10970,CRS3035RES1000mN2016000E3167000,34945111,
10971,CRS3035RES1000mN2016000E3167000,50170625,
10972,CRS3035RES1000mN2016000E3167000,82887228,
10973,CRS3035RES1000mN2016000E3167000,92484952,
10974,CRS3035RES1000mN2016000E3167000,95794713,
10975,CRS3035RES1000mN2016000E3167000,96418670,
10976,CRS3035RES1000mN2016000E3167000,98502686,
10977,CRS3035RES1000mN2016000E3167000,132613257,
10978,CRS3035RES1000mN2016000E3167000,135036040,
10979,CRS3035RES1000mN2016000E3167000,150772489,
10980,CRS3035RES1000mN2016000E3167000,154118456,
10981,CRS3035RES1000mN2016000E3167000,157375776,
10982,CRS3035RES1000mN2016000E3167000,158211204,
10983,CRS3035RES1000mN2016000E3167000,162072415,
10984,CRS3035RES1000mN2016000E3167000,162117720,
10985,CRS3035RES1000mN2016000E3167000,170487273,
10986,CRS3035RES1000mN2016000E3167000,172686062,
10987,CRS3035RES1000mN2016000E3167000,174318235,
10988,CRS3035RES1000mN2016000E3167000,174318237,
10989,CRS3035RES1000mN2016000E3167000,205060159,
10990,CRS3035RES1000mN2016000E3167000,205757163,
10991,CRS3035RES1000mN2016000E3167000,221095520,
10992,CRS3035RES1000mN2016000E3167000,224503374,
10993,CRS3035RES1000mN2016000E3167000,227333462,
10994,CRS3035RES1000mN2016000E3167000,229117454,
10995,CRS3035RES1000mN2016000E3167000,261460389,
10996,CRS3035RES1000mN2016000E3167000,283450022,
10997,CRS3035RES1000mN2016000E3167000,288994040,
10998,CRS3035RES1000mN2016000E3167000,296744564,
10999,CRS3035RES1000mN2016000E3167000,297526406,
11000,CRS3035RES1000mN2016000E3167000,300709861,
11001,CRS3035RES1000mN2016000E3167000,301444634,
11002,CRS3035RES1000mN2016000E3167000,302721609,
11003,CRS3035RES1000mN2016000E3167000,308195630,
11004,CRS3035RES1000mN2016000E3167000,312777902,
11005,CRS3035RES1000mN2016000E3167000,330154630,
11006,CRS3035RES1000mN2016000E3167000,340205456,
11007,CRS3035RES1000mN2016000E3167000,367883612,
11008,CRS3035RES1000mN2016000E3167000,368211943,
11009,CRS3035RES1000mN2016000E3167000,374180360,
11010,CRS3035RES1000mN2016000E3167000,375369499,
11011,CRS3035RES1000mN2016000E3167000,383494544,
11012,CRS3035RES1000mN2016000E3167000,384574591,
11013,CRS3035RES1000mN2016000E3167000,403538322,
11014,CRS3035RES1000mN2016000E3167000,403859503,
11015,CRS3035RES1000mN2016000E3167000,437050442,
11016,CRS3035RES1000mN2016000E3167000,459881697,
11017,CRS3035RES1000mN2016000E3167000,477278425,
11018,CRS3035RES1000mN2016000E3167000,486879235,
11019,CRS3035RES1000mN2016000E3167000,493748377,
11020,CRS3035RES1000mN2016000E3167000,498234201,
11021,CRS3035RES1000mN2016000E3167000,504315026,
11022,CRS3035RES1000mN2016000E3167000,548701490,
11023,CRS3035RES1000mN2016000E3167000,574210084,
11024,CRS3035RES1000mN2016000E3167000,576094143,
11025,CRS3035RES1000mN2016000E3167000,584409067,
11026,CRS3035RES1000mN2016000E3167000,635512756,
11027,CRS3035RES1000mN2016000E3167000,638492224,
11028,CRS3035RES1000mN2016000E3167000,653913062,
11029,CRS3035RES1000mN2016000E3167000,659866770,
11030,CRS3035RES1000mN2016000E3167000,697717972,
11031,CRS3035RES1000mN2016000E3167000,717194862,
11032,CRS3035RES1000mN2016000E3167000,736899303,
11033,CRS3035RES1000mN2016000E3167000,738042217,
11034,CRS3035RES1000mN2016000E3167000,839611983,
11035,CRS3035RES1000mN2016000E3167000,957893520,
11036,CRS3035RES1000mN2016000E3167000,963308110,
11037,CRS3035RES1000mN2016000E3167000,1073283182,
11038,CRS3035RES1000mN2016000E3167000,1252864015,
11039,CRS3035RES1000mN2016000E3167000,1283203658,
11040,CRS3035RES1000mN2017000E3152000,25526,64.0
11041,CRS3035RES1000mN2017000E3152000,1774,62.0
11042,CRS3035RES1000mN2017000E3152000,1770,88.0
11043,CRS3035RES1000mN2017000E3152000,1773,78.0
11044,CRS3035RES1000mN2017000E3152000,1771,73.0
11045,CRS3035RES1000mN2017000E3152000,123303,65.0
11046,CRS3035RES1000mN2017000E3152000,1764,69.0
11047,CRS3035RES1000mN2017000E3152000,181101,77.0
11048,CRS3035RES1000mN2017000E3152000,5765642,55.0
11049,CRS3035RES1000mN2017000E3152000,86719,50.0
11050,CRS3035RES1000mN2017000E3152000,1800,72.0
11051,CRS3035RES1000mN2017000E3152000,1757,67.0
11052,CRS3035RES1000mN2017000E3152000,1755,69.0
11053,CRS3035RES1000mN2017000E3152000,1882,73.0
11054,CRS3035RES1000mN2017000E3152000,1745,82.0
11055,CRS3035RES1000mN2017000E3152000,1794,83.0
11056,CRS3035RES1000mN2017000E3152000,1762,72.0
11057,CRS3035RES1000mN2017000E3152000,51188,74.0
11058,CRS3035RES1000mN2017000E3152000,6893633,68.0
11059,CRS3035RES1000mN2017000E3152000,167128,80.0
11060,CRS3035RES1000mN2017000E3152000,1760,76.0
11061,CRS3035RES1000mN2017000E3152000,12773298,47.0
11062,CRS3035RES1000mN2017000E3152000,1754,65.0
11063,CRS3035RES1000mN2017000E3152000,1748,73.0
11064,CRS3035RES1000mN2017000E3152000,79941,84.0
11065,CRS3035RES1000mN2017000E3152000,1750,81.0
11066,CRS3035RES1000mN2017000E3152000,5975465,65.0
11067,CRS3035RES1000mN2017000E3152000,115056,90.0
11068,CRS3035RES1000mN2017000E3152000,1790,82.0
11069,CRS3035RES1000mN2017000E3152000,1756,60.0
11070,CRS3035RES1000mN2017000E3152000,51849,76.0
11071,CRS3035RES1000mN2017000E3152000,185595,76.0
11072,CRS3035RES1000mN2017000E3152000,7697128,63.0
11073,CRS3035RES1000mN2017000E3152000,10395362,93.0
11074,CRS3035RES1000mN2017000E3152000,1759,77.0
11075,CRS3035RES1000mN2017000E3152000,1752,75.0
11076,CRS3035RES1000mN2017000E3152000,186714,78.0
11077,CRS3035RES1000mN2017000E3152000,1753,67.0
11078,CRS3035RES1000mN2017000E3152000,1792,73.0
11079,CRS3035RES1000mN2017000E3152000,1763,72.0
11080,CRS3035RES1000mN2017000E3152000,1746,82.0
11081,CRS3035RES1000mN2017000E3152000,11572165,61.0
11082,CRS3035RES1000mN2017000E3152000,1761,62.0
11083,CRS3035RES1000mN2017000E3152000,1747,80.0
11084,CRS3035RES1000mN2017000E3152000,5768564,65.0
11085,CRS3035RES1000mN2017000E3152000,1798,67.0
11086,CRS3035RES1000mN2017000E3152000,66904,82.0
11087,CRS3035RES1000mN2017000E3152000,1777,65.0
11088,CRS3035RES1000mN2017000E3152000,1765,75.0
11089,CRS3035RES1000mN2017000E3152000,49416,74.0
11090,CRS3035RES1000mN2017000E3152000,12734939,74.0
11091,CRS3035RES1000mN2017000E3152000,167386167,58.0
11092,CRS3035RES1000mN2017000E3152000,295933804,78.0
11093,CRS3035RES1000mN2017000E3152000,303340017,101.0
11094,CRS3035RES1000mN2017000E3152000,315355551,95.0
11095,CRS3035RES1000mN2017000E3152000,339084977,64.0
11096,CRS3035RES1000mN2017000E3152000,412911553,76.0
11097,CRS3035RES1000mN2017000E3152000,558126037,86.0
11098,CRS3035RES1000mN2017000E3152000,711789768,75.0
11099,CRS3035RES1000mN2017000E3152000,727666062,
11100,CRS3035RES1000mN2017000E3152000,848085869,37.0
11101,CRS3035RES1000mN2017000E3152000,1056098898,82.0
11102,CRS3035RES1000mN2017000E3152000,1255438242,119.0
11103,CRS3035RES1000mN2017000E3152000,1469985039,87.0
11104,CRS3035RES1000mN2017000E3152000,1504302537,
11105,CRS3035RES1000mN2017000E3152000,1511617504,63.0
11106,CRS3035RES1000mN2017000E3152000,1541601287,104.0
11107,CRS3035RES1000mN2017000E3152000,1544591296,84.0
11108,CRS3035RES1000mN2017000E3152000,1598174183,86.0
11109,CRS3035RES1000mN2017000E3152000,1629887846,92.0
11110,CRS3035RES1000mN2017000E3152000,1686660176,93.0
11111,CRS3035RES1000mN2017000E3152000,1716927336,69.0
11112,CRS3035RES1000mN2017000E3152000,1734554324,95.0
11113,CRS3035RES1000mN2017000E3152000,1849109335,103.0
11114,CRS3035RES1000mN2017000E3152000,2028408680,69.0
11115,CRS3035RES1000mN2017000E3152000,2036887702,
11116,CRS3035RES1000mN2017000E3152000,2061404218,89.0
11117,CRS3035RES1000mN2017000E3152000,2134238030,97.0
11118,CRS3035RES1000mN2017000E3152000,2261600754,
11119,CRS3035RES1000mN2017000E3152000,2301402027,101.0
11120,CRS3035RES1000mN2017000E3152000,2303966810,67.0
11121,CRS3035RES1000mN2017000E3152000,2312029862,89.0
11122,CRS3035RES1000mN2017000E3152000,2408860250,118.0
11123,CRS3035RES1000mN2017000E3152000,2620185829,76.0
11124,CRS3035RES1000mN2017000E3152000,2622508931,81.0
11125,CRS3035RES1000mN2017000E3152000,2672130951,95.0
11126,CRS3035RES1000mN2017000E3152000,2710518818,102.0
11127,CRS3035RES1000mN2017000E3152000,3034026261,93.0
11128,CRS3035RES1000mN2017000E3152000,3179889751,
11129,CRS3035RES1000mN2017000E3152000,3206611978,
11130,CRS3035RES1000mN2017000E3152000,3272828439,40.0
11131,CRS3035RES1000mN2017000E3152000,3452364276,95.0
11132,CRS3035RES1000mN2017000E3152000,3452364277,75.0
11133,CRS3035RES1000mN2017000E3152000,3495733197,
11134,CRS3035RES1000mN2017000E3152000,3497154853,
11135,CRS3035RES1000mN2017000E3152000,3517755445,
11136,CRS3035RES1000mN2017000E3152000,3522125657,
11137,CRS3035RES1000mN2017000E3152000,3526751794,
11138,CRS3035RES1000mN2017000E3152000,3839306060,93.0
11139,CRS3035RES1000mN2017000E3152000,4214697664,71.0
11140,CRS3035RES1000mN2017000E3152000,4338252586,
11141,CRS3035RES1000mN2017000E3152000,4401271633,101.0
11142,CRS3035RES1000mN2017000E3152000,4515476768,67.0
11143,CRS3035RES1000mN2017000E3152000,4569910891,66.0
11144,CRS3035RES1000mN2017000E3152000,4703730491,89.0
11145,CRS3035RES1000mN2017000E3152000,4707870392,84.0
11146,CRS3035RES1000mN2017000E3152000,4789037769,86.0
11147,CRS3035RES1000mN2017000E3152000,4794233143,
11148,CRS3035RES1000mN2017000E3152000,4870405674,66.0
11149,CRS3035RES1000mN2017000E3152000,5139379922,104.0
11150,CRS3035RES1000mN2017000E3152000,5160337425,75.0
11151,CRS3035RES1000mN2017000E3152000,5196199575,86.0
11152,CRS3035RES1000mN2017000E3152000,5341570554,69.0
11153,CRS3035RES1000mN2017000E3152000,5345949864,105.0
11154,CRS3035RES1000mN2017000E3152000,5448507385,
11155,CRS3035RES1000mN2017000E3152000,5604693894,
11156,CRS3035RES1000mN2017000E3152000,5670401989,
11157,CRS3035RES1000mN2017000E3152000,5942671299,96.0
11158,CRS3035RES1000mN2017000E3152000,5943980960,74.0
11159,CRS3035RES1000mN2017000E3152000,6185791451,
11160,CRS3035RES1000mN2017000E3152000,6188948286,93.0
11161,CRS3035RES1000mN2017000E3152000,6555800191,43.0
11162,CRS3035RES1000mN2017000E3152000,6885254479,87.0
11163,CRS3035RES1000mN2017000E3152000,7222611268,
11164,CRS3035RES1000mN2017000E3152000,7408961006,
11165,CRS3035RES1000mN2017000E3152000,7619964683,
11166,CRS3035RES1000mN2017000E3152000,7836562695,113.0
11167,CRS3035RES1000mN2017000E3152000,8493729364,62.0
11168,CRS3035RES1000mN2017000E3152000,8557885377,
11169,CRS3035RES1000mN2017000E3152000,8807212208,73.0
11170,CRS3035RES1000mN2017000E3152000,8844229173,75.0
11171,CRS3035RES1000mN2017000E3152000,8878422600,98.0
11172,CRS3035RES1000mN2017000E3152000,9595709188,80.0
11173,CRS3035RES1000mN2017000E3152000,9611387099,64.0
11174,CRS3035RES1000mN2017000E3152000,9712656915,74.0
11175,CRS3035RES1000mN2017000E3152000,9713142744,67.0
11176,CRS3035RES1000mN2017000E3152000,9815746657,
11177,CRS3035RES1000mN2017000E3152000,10004871512,89.0
11178,CRS3035RES1000mN2017000E3152000,10281174134,
11179,CRS3035RES1000mN2017000E3152000,10580337411,97.0
11180,CRS3035RES1000mN2017000E3152000,10899442604,36.0
11181,CRS3035RES1000mN2017000E3152000,10922657146,34.0
11182,CRS3035RES1000mN2017000E3152000,11127499928,99.0
11183,CRS3035RES1000mN2017000E3152000,11143725881,98.0
11184,CRS3035RES1000mN2017000E3152000,11243087140,94.0
11185,CRS3035RES1000mN2017000E3152000,11269399969,89.0
11186,CRS3035RES1000mN2017000E3152000,11287269362,93.0
11187,CRS3035RES1000mN2017000E3152000,11287269363,112.0
11188,CRS3035RES1000mN2017000E3152000,11369705764,103.0
11189,CRS3035RES1000mN2017000E3152000,11387776374,81.0
11190,CRS3035RES1000mN2017000E3152000,11461799040,
11191,CRS3035RES1000mN2017000E3152000,11462802981,68.0
11192,CRS3035RES1000mN2017000E3152000,11652077658,102.0
11193,CRS3035RES1000mN2017000E3152000,11691390164,75.0
11194,CRS3035RES1000mN2017000E3152000,11739757462,34.0
11195,CRS3035RES1000mN2017000E3152000,12178446726,71.0
11196,CRS3035RES1000mN2017000E3152000,12407425114,98.0
11197,CRS3035RES1000mN2017000E3152000,12865480228,94.0
11198,CRS3035RES1000mN2017000E3152000,2960630,54.0
11199,CRS3035RES1000mN2017000E3152000,3554044,59.0
11200,CRS3035RES1000mN2017000E3152000,3557906,33.0
11201,CRS3035RES1000mN2017000E3152000,5231361,83.0
11202,CRS3035RES1000mN2017000E3152000,9314566,101.0
11203,CRS3035RES1000mN2017000E3152000,13696257,109.0
11204,CRS3035RES1000mN2017000E3152000,15996131,84.0
11205,CRS3035RES1000mN2017000E3152000,23526191,85.0
11206,CRS3035RES1000mN2017000E3152000,23545719,85.0
11207,CRS3035RES1000mN2017000E3152000,30599279,46.0
11208,CRS3035RES1000mN2017000E3152000,30649229,80.0
11209,CRS3035RES1000mN2017000E3152000,32198651,
11210,CRS3035RES1000mN2017000E3152000,34945111,22.0
11211,CRS3035RES1000mN2017000E3152000,50170625,
11212,CRS3035RES1000mN2017000E3152000,82887228,107.0
11213,CRS3035RES1000mN2017000E3152000,92484952,99.0
11214,CRS3035RES1000mN2017000E3152000,95794713,82.0
11215,CRS3035RES1000mN2017000E3152000,96418670,40.0
11216,CRS3035RES1000mN2017000E3152000,98502686,89.0
11217,CRS3035RES1000mN2017000E3152000,132613257,84.0
11218,CRS3035RES1000mN2017000E3152000,135036040,91.0
11219,CRS3035RES1000mN2017000E3152000,150772489,80.0
11220,CRS3035RES1000mN2017000E3152000,154118456,96.0
11221,CRS3035RES1000mN2017000E3152000,157375776,95.0
11222,CRS3035RES1000mN2017000E3152000,158211204,48.0
11223,CRS3035RES1000mN2017000E3152000,162072415,37.0
11224,CRS3035RES1000mN2017000E3152000,162117720,103.0
11225,CRS3035RES1000mN2017000E3152000,170487273,
11226,CRS3035RES1000mN2017000E3152000,172686062,63.0
11227,CRS3035RES1000mN2017000E3152000,174318235,37.0
11228,CRS3035RES1000mN2017000E3152000,174318237,32.0
11229,CRS3035RES1000mN2017000E3152000,205060159,
11230,CRS3035RES1000mN2017000E3152000,205757163,
11231,CRS3035RES1000mN2017000E3152000,221095520,99.0
11232,CRS3035RES1000mN2017000E3152000,224503374,74.0
11233,CRS3035RES1000mN2017000E3152000,227333462,87.0
11234,CRS3035RES1000mN2017000E3152000,229117454,97.0
11235,CRS3035RES1000mN2017000E3152000,261460389,
11236,CRS3035RES1000mN2017000E3152000,283450022,67.0
11237,CRS3035RES1000mN2017000E3152000,288994040,57.0
11238,CRS3035RES1000mN2017000E3152000,296744564,
11239,CRS3035RES1000mN2017000E3152000,297526406,97.0
11240,CRS3035RES1000mN2017000E3152000,300709861,54.0
11241,CRS3035RES1000mN2017000E3152000,301444634,
11242,CRS3035RES1000mN2017000E3152000,302721609,76.0
11243,CRS3035RES1000mN2017000E3152000,308195630,
11244,CRS3035RES1000mN2017000E3152000,312777902,67.0
11245,CRS3035RES1000mN2017000E3152000,330154630,
11246,CRS3035RES1000mN2017000E3152000,340205456,78.0
11247,CRS3035RES1000mN2017000E3152000,367883612,105.0
11248,CRS3035RES1000mN2017000E3152000,368211943,106.0
11249,CRS3035RES1000mN2017000E3152000,374180360,95.0
11250,CRS3035RES1000mN2017000E3152000,375369499,89.0
11251,CRS3035RES1000mN2017000E3152000,383494544,79.0
11252,CRS3035RES1000mN2017000E3152000,384574591,31.0
11253,CRS3035RES1000mN2017000E3152000,403538322,113.0
11254,CRS3035RES1000mN2017000E3152000,403859503,78.0
11255,CRS3035RES1000mN2017000E3152000,437050442,50.0
11256,CRS3035RES1000mN2017000E3152000,459881697,88.0
11257,CRS3035RES1000mN2017000E3152000,477278425,
11258,CRS3035RES1000mN2017000E3152000,486879235,
11259,CRS3035RES1000mN2017000E3152000,493748377,44.0
11260,CRS3035RES1000mN2017000E3152000,498234201,52.0
11261,CRS3035RES1000mN2017000E3152000,504315026,95.0
11262,CRS3035RES1000mN2017000E3152000,548701490,82.0
11263,CRS3035RES1000mN2017000E3152000,574210084,118.0
11264,CRS3035RES1000mN2017000E3152000,576094143,45.0
11265,CRS3035RES1000mN2017000E3152000,584409067,107.0
11266,CRS3035RES1000mN2017000E3152000,635512756,97.0
11267,CRS3035RES1000mN2017000E3152000,638492224,
11268,CRS3035RES1000mN2017000E3152000,653913062,99.0
11269,CRS3035RES1000mN2017000E3152000,659866770,
11270,CRS3035RES1000mN2017000E3152000,697717972,55.0
11271,CRS3035RES1000mN2017000E3152000,717194862,
11272,CRS3035RES1000mN2017000E3152000,736899303,113.0
11273,CRS3035RES1000mN2017000E3152000,738042217,76.0
11274,CRS3035RES1000mN2017000E3152000,839611983,
11275,CRS3035RES1000mN2017000E3152000,957893520,59.0
11276,CRS3035RES1000mN2017000E3152000,963308110,88.0
11277,CRS3035RES1000mN2017000E3152000,1073283182,72.0
11278,CRS3035RES1000mN2017000E3152000,1252864015,86.0
11279,CRS3035RES1000mN2017000E3152000,1283203658,80.0
11280,CRS3035RES1000mN2017000E3153000,25526,62.0
11281,CRS3035RES1000mN2017000E3153000,1774,56.0
11282,CRS3035RES1000mN2017000E3153000,1770,85.0
11283,CRS3035RES1000mN2017000E3153000,1773,74.0
11284,CRS3035RES1000mN2017000E3153000,1771,70.0
11285,CRS3035RES1000mN2017000E3153000,123303,54.0
11286,CRS3035RES1000mN2017000E3153000,1764,66.0
11287,CRS3035RES1000mN2017000E3153000,181101,75.0
11288,CRS3035RES1000mN2017000E3153000,5765642,52.0
11289,CRS3035RES1000mN2017000E3153000,86719,46.0
11290,CRS3035RES1000mN2017000E3153000,1800,69.0
11291,CRS3035RES1000mN2017000E3153000,1757,64.0
11292,CRS3035RES1000mN2017000E3153000,1755,60.0
11293,CRS3035RES1000mN2017000E3153000,1882,70.0
11294,CRS3035RES1000mN2017000E3153000,1745,78.0
11295,CRS3035RES1000mN2017000E3153000,1794,77.0
11296,CRS3035RES1000mN2017000E3153000,1762,66.0
11297,CRS3035RES1000mN2017000E3153000,51188,71.0
11298,CRS3035RES1000mN2017000E3153000,6893633,65.0
11299,CRS3035RES1000mN2017000E3153000,167128,74.0
11300,CRS3035RES1000mN2017000E3153000,1760,73.0
11301,CRS3035RES1000mN2017000E3153000,12773298,45.0
11302,CRS3035RES1000mN2017000E3153000,1754,59.0
11303,CRS3035RES1000mN2017000E3153000,1748,71.0
11304,CRS3035RES1000mN2017000E3153000,79941,81.0
11305,CRS3035RES1000mN2017000E3153000,1750,78.0
11306,CRS3035RES1000mN2017000E3153000,5975465,62.0
11307,CRS3035RES1000mN2017000E3153000,115056,86.0
11308,CRS3035RES1000mN2017000E3153000,1790,79.0
11309,CRS3035RES1000mN2017000E3153000,1756,56.0
11310,CRS3035RES1000mN2017000E3153000,51849,72.0
11311,CRS3035RES1000mN2017000E3153000,185595,73.0
11312,CRS3035RES1000mN2017000E3153000,7697128,60.0
11313,CRS3035RES1000mN2017000E3153000,10395362,90.0
11314,CRS3035RES1000mN2017000E3153000,1759,75.0
11315,CRS3035RES1000mN2017000E3153000,1752,69.0
11316,CRS3035RES1000mN2017000E3153000,186714,74.0
11317,CRS3035RES1000mN2017000E3153000,1753,63.0
11318,CRS3035RES1000mN2017000E3153000,1792,71.0
11319,CRS3035RES1000mN2017000E3153000,1763,65.0
11320,CRS3035RES1000mN2017000E3153000,1746,78.0
11321,CRS3035RES1000mN2017000E3153000,11572165,58.0
11322,CRS3035RES1000mN2017000E3153000,1761,58.0
11323,CRS3035RES1000mN2017000E3153000,1747,77.0
11324,CRS3035RES1000mN2017000E3153000,5768564,65.0
11325,CRS3035RES1000mN2017000E3153000,1798,60.0
11326,CRS3035RES1000mN2017000E3153000,66904,79.0
11327,CRS3035RES1000mN2017000E3153000,1777,63.0
11328,CRS3035RES1000mN2017000E3153000,1765,68.0
11329,CRS3035RES1000mN2017000E3153000,49416,72.0
11330,CRS3035RES1000mN2017000E3153000,12734939,72.0
11331,CRS3035RES1000mN2017000E3153000,167386167,56.0
11332,CRS3035RES1000mN2017000E3153000,295933804,75.0
11333,CRS3035RES1000mN2017000E3153000,303340017,77.0
11334,CRS3035RES1000mN2017000E3153000,315355551,92.0
11335,CRS3035RES1000mN2017000E3153000,339084977,59.0
11336,CRS3035RES1000mN2017000E3153000,412911553,73.0
11337,CRS3035RES1000mN2017000E3153000,558126037,85.0
11338,CRS3035RES1000mN2017000E3153000,711789768,75.0
11339,CRS3035RES1000mN2017000E3153000,727666062,
11340,CRS3035RES1000mN2017000E3153000,848085869,37.0
11341,CRS3035RES1000mN2017000E3153000,1056098898,78.0
11342,CRS3035RES1000mN2017000E3153000,1255438242,118.0
11343,CRS3035RES1000mN2017000E3153000,1469985039,86.0
11344,CRS3035RES1000mN2017000E3153000,1504302537,
11345,CRS3035RES1000mN2017000E3153000,1511617504,63.0
11346,CRS3035RES1000mN2017000E3153000,1541601287,99.0
11347,CRS3035RES1000mN2017000E3153000,1544591296,80.0
11348,CRS3035RES1000mN2017000E3153000,1598174183,85.0
11349,CRS3035RES1000mN2017000E3153000,1629887846,89.0
11350,CRS3035RES1000mN2017000E3153000,1686660176,88.0
11351,CRS3035RES1000mN2017000E3153000,1716927336,68.0
11352,CRS3035RES1000mN2017000E3153000,1734554324,94.0
11353,CRS3035RES1000mN2017000E3153000,1849109335,82.0
11354,CRS3035RES1000mN2017000E3153000,2028408680,69.0
11355,CRS3035RES1000mN2017000E3153000,2036887702,
11356,CRS3035RES1000mN2017000E3153000,2061404218,89.0
11357,CRS3035RES1000mN2017000E3153000,2134238030,96.0
11358,CRS3035RES1000mN2017000E3153000,2261600754,
11359,CRS3035RES1000mN2017000E3153000,2301402027,95.0
11360,CRS3035RES1000mN2017000E3153000,2303966810,67.0
11361,CRS3035RES1000mN2017000E3153000,2312029862,86.0
11362,CRS3035RES1000mN2017000E3153000,2408860250,107.0
11363,CRS3035RES1000mN2017000E3153000,2620185829,74.0
11364,CRS3035RES1000mN2017000E3153000,2622508931,77.0
11365,CRS3035RES1000mN2017000E3153000,2672130951,97.0
11366,CRS3035RES1000mN2017000E3153000,2710518818,95.0
11367,CRS3035RES1000mN2017000E3153000,3034026261,93.0
11368,CRS3035RES1000mN2017000E3153000,3179889751,
11369,CRS3035RES1000mN2017000E3153000,3206611978,
11370,CRS3035RES1000mN2017000E3153000,3272828439,40.0
11371,CRS3035RES1000mN2017000E3153000,3452364276,90.0
11372,CRS3035RES1000mN2017000E3153000,3452364277,72.0
11373,CRS3035RES1000mN2017000E3153000,3495733197,
11374,CRS3035RES1000mN2017000E3153000,3497154853,
11375,CRS3035RES1000mN2017000E3153000,3517755445,
11376,CRS3035RES1000mN2017000E3153000,3522125657,
11377,CRS3035RES1000mN2017000E3153000,3526751794,
11378,CRS3035RES1000mN2017000E3153000,3839306060,89.0
11379,CRS3035RES1000mN2017000E3153000,4214697664,65.0
11380,CRS3035RES1000mN2017000E3153000,4338252586,
11381,CRS3035RES1000mN2017000E3153000,4401271633,100.0
11382,CRS3035RES1000mN2017000E3153000,4515476768,74.0
11383,CRS3035RES1000mN2017000E3153000,4569910891,64.0
11384,CRS3035RES1000mN2017000E3153000,4703730491,86.0
11385,CRS3035RES1000mN2017000E3153000,4707870392,83.0
11386,CRS3035RES1000mN2017000E3153000,4789037769,85.0
11387,CRS3035RES1000mN2017000E3153000,4794233143,
11388,CRS3035RES1000mN2017000E3153000,4870405674,65.0
11389,CRS3035RES1000mN2017000E3153000,5139379922,103.0
11390,CRS3035RES1000mN2017000E3153000,5160337425,72.0
11391,CRS3035RES1000mN2017000E3153000,5196199575,85.0
11392,CRS3035RES1000mN2017000E3153000,5341570554,65.0
11393,CRS3035RES1000mN2017000E3153000,5345949864,102.0
11394,CRS3035RES1000mN2017000E3153000,5448507385,
11395,CRS3035RES1000mN2017000E3153000,5604693894,
11396,CRS3035RES1000mN2017000E3153000,5670401989,
11397,CRS3035RES1000mN2017000E3153000,5942671299,93.0
11398,CRS3035RES1000mN2017000E3153000,5943980960,74.0
11399,CRS3035RES1000mN2017000E3153000,6185791451,
11400,CRS3035RES1000mN2017000E3153000,6188948286,91.0
11401,CRS3035RES1000mN2017000E3153000,6555800191,43.0
11402,CRS3035RES1000mN2017000E3153000,6885254479,83.0
11403,CRS3035RES1000mN2017000E3153000,7222611268,
11404,CRS3035RES1000mN2017000E3153000,7408961006,
11405,CRS3035RES1000mN2017000E3153000,7619964683,
11406,CRS3035RES1000mN2017000E3153000,7836562695,112.0
11407,CRS3035RES1000mN2017000E3153000,8493729364,59.0
11408,CRS3035RES1000mN2017000E3153000,8557885377,108.0
11409,CRS3035RES1000mN2017000E3153000,8807212208,69.0
11410,CRS3035RES1000mN2017000E3153000,8844229173,72.0
11411,CRS3035RES1000mN2017000E3153000,8878422600,97.0
11412,CRS3035RES1000mN2017000E3153000,9595709188,77.0
11413,CRS3035RES1000mN2017000E3153000,9611387099,62.0
11414,CRS3035RES1000mN2017000E3153000,9712656915,70.0
11415,CRS3035RES1000mN2017000E3153000,9713142744,65.0
11416,CRS3035RES1000mN2017000E3153000,9815746657,
11417,CRS3035RES1000mN2017000E3153000,10004871512,87.0
11418,CRS3035RES1000mN2017000E3153000,10281174134,
11419,CRS3035RES1000mN2017000E3153000,10580337411,93.0
11420,CRS3035RES1000mN2017000E3153000,10899442604,36.0
11421,CRS3035RES1000mN2017000E3153000,10922657146,33.0
11422,CRS3035RES1000mN2017000E3153000,11127499928,98.0
11423,CRS3035RES1000mN2017000E3153000,11143725881,89.0
11424,CRS3035RES1000mN2017000E3153000,11243087140,90.0
11425,CRS3035RES1000mN2017000E3153000,11269399969,85.0
11426,CRS3035RES1000mN2017000E3153000,11287269362,92.0
11427,CRS3035RES1000mN2017000E3153000,11287269363,106.0
11428,CRS3035RES1000mN2017000E3153000,11369705764,99.0
11429,CRS3035RES1000mN2017000E3153000,11387776374,79.0
11430,CRS3035RES1000mN2017000E3153000,11461799040,
11431,CRS3035RES1000mN2017000E3153000,11462802981,67.0
11432,CRS3035RES1000mN2017000E3153000,11652077658,87.0
11433,CRS3035RES1000mN2017000E3153000,11691390164,73.0
11434,CRS3035RES1000mN2017000E3153000,11739757462,29.0
11435,CRS3035RES1000mN2017000E3153000,12178446726,64.0
11436,CRS3035RES1000mN2017000E3153000,12407425114,98.0
11437,CRS3035RES1000mN2017000E3153000,12865480228,90.0
11438,CRS3035RES1000mN2017000E3153000,2960630,54.0
11439,CRS3035RES1000mN2017000E3153000,3554044,60.0
11440,CRS3035RES1000mN2017000E3153000,3557906,29.0
11441,CRS3035RES1000mN2017000E3153000,5231361,80.0
11442,CRS3035RES1000mN2017000E3153000,9314566,100.0
11443,CRS3035RES1000mN2017000E3153000,13696257,106.0
11444,CRS3035RES1000mN2017000E3153000,15996131,79.0
11445,CRS3035RES1000mN2017000E3153000,23526191,79.0
11446,CRS3035RES1000mN2017000E3153000,23545719,82.0
11447,CRS3035RES1000mN2017000E3153000,30599279,44.0
11448,CRS3035RES1000mN2017000E3153000,30649229,77.0
11449,CRS3035RES1000mN2017000E3153000,32198651,
11450,CRS3035RES1000mN2017000E3153000,34945111,10.0
11451,CRS3035RES1000mN2017000E3153000,50170625,117.0
11452,CRS3035RES1000mN2017000E3153000,82887228,104.0
11453,CRS3035RES1000mN2017000E3153000,92484952,97.0
11454,CRS3035RES1000mN2017000E3153000,95794713,79.0
11455,CRS3035RES1000mN2017000E3153000,96418670,40.0
11456,CRS3035RES1000mN2017000E3153000,98502686,83.0
11457,CRS3035RES1000mN2017000E3153000,132613257,80.0
11458,CRS3035RES1000mN2017000E3153000,135036040,89.0
11459,CRS3035RES1000mN2017000E3153000,150772489,77.0
11460,CRS3035RES1000mN2017000E3153000,154118456,95.0
11461,CRS3035RES1000mN2017000E3153000,157375776,94.0
11462,CRS3035RES1000mN2017000E3153000,158211204,48.0
11463,CRS3035RES1000mN2017000E3153000,162072415,35.0
11464,CRS3035RES1000mN2017000E3153000,162117720,97.0
11465,CRS3035RES1000mN2017000E3153000,170487273,118.0
11466,CRS3035RES1000mN2017000E3153000,172686062,63.0
11467,CRS3035RES1000mN2017000E3153000,174318235,37.0
11468,CRS3035RES1000mN2017000E3153000,174318237,32.0
11469,CRS3035RES1000mN2017000E3153000,205060159,
11470,CRS3035RES1000mN2017000E3153000,205757163,
11471,CRS3035RES1000mN2017000E3153000,221095520,94.0
11472,CRS3035RES1000mN2017000E3153000,224503374,71.0
11473,CRS3035RES1000mN2017000E3153000,227333462,87.0
11474,CRS3035RES1000mN2017000E3153000,229117454,88.0
11475,CRS3035RES1000mN2017000E3153000,261460389,
11476,CRS3035RES1000mN2017000E3153000,283450022,64.0
11477,CRS3035RES1000mN2017000E3153000,288994040,54.0
11478,CRS3035RES1000mN2017000E3153000,296744564,
11479,CRS3035RES1000mN2017000E3153000,297526406,96.0
11480,CRS3035RES1000mN2017000E3153000,300709861,56.0
11481,CRS3035RES1000mN2017000E3153000,301444634,
11482,CRS3035RES1000mN2017000E3153000,302721609,75.0
11483,CRS3035RES1000mN2017000E3153000,308195630,114.0
11484,CRS3035RES1000mN2017000E3153000,312777902,64.0
11485,CRS3035RES1000mN2017000E3153000,330154630,
11486,CRS3035RES1000mN2017000E3153000,340205456,75.0
11487,CRS3035RES1000mN2017000E3153000,367883612,101.0
11488,CRS3035RES1000mN2017000E3153000,368211943,99.0
11489,CRS3035RES1000mN2017000E3153000,374180360,94.0
11490,CRS3035RES1000mN2017000E3153000,375369499,89.0
11491,CRS3035RES1000mN2017000E3153000,383494544,77.0
11492,CRS3035RES1000mN2017000E3153000,384574591,22.0
11493,CRS3035RES1000mN2017000E3153000,403538322,113.0
11494,CRS3035RES1000mN2017000E3153000,403859503,75.0
11495,CRS3035RES1000mN2017000E3153000,437050442,41.0
11496,CRS3035RES1000mN2017000E3153000,459881697,88.0
11497,CRS3035RES1000mN2017000E3153000,477278425,
11498,CRS3035RES1000mN2017000E3153000,486879235,
11499,CRS3035RES1000mN2017000E3153000,493748377,43.0
11500,CRS3035RES1000mN2017000E3153000,498234201,49.0
11501,CRS3035RES1000mN2017000E3153000,504315026,91.0
11502,CRS3035RES1000mN2017000E3153000,548701490,80.0
11503,CRS3035RES1000mN2017000E3153000,574210084,96.0
11504,CRS3035RES1000mN2017000E3153000,576094143,43.0
11505,CRS3035RES1000mN2017000E3153000,584409067,104.0
11506,CRS3035RES1000mN2017000E3153000,635512756,96.0
11507,CRS3035RES1000mN2017000E3153000,638492224,112.0
11508,CRS3035RES1000mN2017000E3153000,653913062,98.0
11509,CRS3035RES1000mN2017000E3153000,659866770,
11510,CRS3035RES1000mN2017000E3153000,697717972,54.0
11511,CRS3035RES1000mN2017000E3153000,717194862,
11512,CRS3035RES1000mN2017000E3153000,736899303,114.0
11513,CRS3035RES1000mN2017000E3153000,738042217,74.0
11514,CRS3035RES1000mN2017000E3153000,839611983,
11515,CRS3035RES1000mN2017000E3153000,957893520,56.0
11516,CRS3035RES1000mN2017000E3153000,963308110,87.0
11517,CRS3035RES1000mN2017000E3153000,1073283182,71.0
11518,CRS3035RES1000mN2017000E3153000,1252864015,85.0
11519,CRS3035RES1000mN2017000E3153000,1283203658,90.0
11520,CRS3035RES1000mN2017000E3154000,25526,55.0
11521,CRS3035RES1000mN2017000E3154000,1774,51.0
11522,CRS3035RES1000mN2017000E3154000,1770,79.0
11523,CRS3035RES1000mN2017000E3154000,1773,66.0
11524,CRS3035RES1000mN2017000E3154000,1771,64.0
11525,CRS3035RES1000mN2017000E3154000,123303,52.0
11526,CRS3035RES1000mN2017000E3154000,1764,58.0
11527,CRS3035RES1000mN2017000E3154000,181101,60.0
11528,CRS3035RES1000mN2017000E3154000,5765642,50.0
11529,CRS3035RES1000mN2017000E3154000,86719,39.0
11530,CRS3035RES1000mN2017000E3154000,1800,61.0
11531,CRS3035RES1000mN2017000E3154000,1757,61.0
11532,CRS3035RES1000mN2017000E3154000,1755,55.0
11533,CRS3035RES1000mN2017000E3154000,1882,62.0
11534,CRS3035RES1000mN2017000E3154000,1745,74.0
11535,CRS3035RES1000mN2017000E3154000,1794,72.0
11536,CRS3035RES1000mN2017000E3154000,1762,62.0
11537,CRS3035RES1000mN2017000E3154000,51188,66.0
11538,CRS3035RES1000mN2017000E3154000,6893633,58.0
11539,CRS3035RES1000mN2017000E3154000,167128,63.0
11540,CRS3035RES1000mN2017000E3154000,1760,69.0
11541,CRS3035RES1000mN2017000E3154000,12773298,37.0
11542,CRS3035RES1000mN2017000E3154000,1754,52.0
11543,CRS3035RES1000mN2017000E3154000,1748,58.0
11544,CRS3035RES1000mN2017000E3154000,79941,79.0
11545,CRS3035RES1000mN2017000E3154000,1750,72.0
11546,CRS3035RES1000mN2017000E3154000,5975465,54.0
11547,CRS3035RES1000mN2017000E3154000,115056,80.0
11548,CRS3035RES1000mN2017000E3154000,1790,74.0
11549,CRS3035RES1000mN2017000E3154000,1756,54.0
11550,CRS3035RES1000mN2017000E3154000,51849,65.0
11551,CRS3035RES1000mN2017000E3154000,185595,67.0
11552,CRS3035RES1000mN2017000E3154000,7697128,52.0
11553,CRS3035RES1000mN2017000E3154000,10395362,81.0
11554,CRS3035RES1000mN2017000E3154000,1759,70.0
11555,CRS3035RES1000mN2017000E3154000,1752,64.0
11556,CRS3035RES1000mN2017000E3154000,186714,67.0
11557,CRS3035RES1000mN2017000E3154000,1753,56.0
11558,CRS3035RES1000mN2017000E3154000,1792,54.0
11559,CRS3035RES1000mN2017000E3154000,1763,60.0
11560,CRS3035RES1000mN2017000E3154000,1746,71.0
11561,CRS3035RES1000mN2017000E3154000,11572165,50.0
11562,CRS3035RES1000mN2017000E3154000,1761,51.0
11563,CRS3035RES1000mN2017000E3154000,1747,63.0
11564,CRS3035RES1000mN2017000E3154000,5768564,62.0
11565,CRS3035RES1000mN2017000E3154000,1798,55.0
11566,CRS3035RES1000mN2017000E3154000,66904,75.0
11567,CRS3035RES1000mN2017000E3154000,1777,57.0
11568,CRS3035RES1000mN2017000E3154000,1765,64.0
11569,CRS3035RES1000mN2017000E3154000,49416,56.0
11570,CRS3035RES1000mN2017000E3154000,12734939,56.0
11571,CRS3035RES1000mN2017000E3154000,167386167,51.0
11572,CRS3035RES1000mN2017000E3154000,295933804,68.0
11573,CRS3035RES1000mN2017000E3154000,303340017,72.0
11574,CRS3035RES1000mN2017000E3154000,315355551,83.0
11575,CRS3035RES1000mN2017000E3154000,339084977,54.0
11576,CRS3035RES1000mN2017000E3154000,412911553,68.0
11577,CRS3035RES1000mN2017000E3154000,558126037,77.0
11578,CRS3035RES1000mN2017000E3154000,711789768,69.0
11579,CRS3035RES1000mN2017000E3154000,727666062,
11580,CRS3035RES1000mN2017000E3154000,848085869,33.0
11581,CRS3035RES1000mN2017000E3154000,1056098898,73.0
11582,CRS3035RES1000mN2017000E3154000,1255438242,114.0
11583,CRS3035RES1000mN2017000E3154000,1469985039,69.0
11584,CRS3035RES1000mN2017000E3154000,1504302537,94.0
11585,CRS3035RES1000mN2017000E3154000,1511617504,57.0
11586,CRS3035RES1000mN2017000E3154000,1541601287,95.0
11587,CRS3035RES1000mN2017000E3154000,1544591296,73.0
11588,CRS3035RES1000mN2017000E3154000,1598174183,82.0
11589,CRS3035RES1000mN2017000E3154000,1629887846,85.0
11590,CRS3035RES1000mN2017000E3154000,1686660176,83.0
11591,CRS3035RES1000mN2017000E3154000,1716927336,42.0
11592,CRS3035RES1000mN2017000E3154000,1734554324,92.0
11593,CRS3035RES1000mN2017000E3154000,1849109335,77.0
11594,CRS3035RES1000mN2017000E3154000,2028408680,64.0
11595,CRS3035RES1000mN2017000E3154000,2036887702,
11596,CRS3035RES1000mN2017000E3154000,2061404218,85.0
11597,CRS3035RES1000mN2017000E3154000,2134238030,94.0
11598,CRS3035RES1000mN2017000E3154000,2261600754,
11599,CRS3035RES1000mN2017000E3154000,2301402027,91.0
11600,CRS3035RES1000mN2017000E3154000,2303966810,65.0
11601,CRS3035RES1000mN2017000E3154000,2312029862,82.0
11602,CRS3035RES1000mN2017000E3154000,2408860250,102.0
11603,CRS3035RES1000mN2017000E3154000,2620185829,68.0
11604,CRS3035RES1000mN2017000E3154000,2622508931,72.0
11605,CRS3035RES1000mN2017000E3154000,2672130951,91.0
11606,CRS3035RES1000mN2017000E3154000,2710518818,84.0
11607,CRS3035RES1000mN2017000E3154000,3034026261,93.0
11608,CRS3035RES1000mN2017000E3154000,3179889751,111.0
11609,CRS3035RES1000mN2017000E3154000,3206611978,
11610,CRS3035RES1000mN2017000E3154000,3272828439,34.0
11611,CRS3035RES1000mN2017000E3154000,3452364276,85.0
11612,CRS3035RES1000mN2017000E3154000,3452364277,67.0
11613,CRS3035RES1000mN2017000E3154000,3495733197,
11614,CRS3035RES1000mN2017000E3154000,3497154853,
11615,CRS3035RES1000mN2017000E3154000,3517755445,
11616,CRS3035RES1000mN2017000E3154000,3522125657,
11617,CRS3035RES1000mN2017000E3154000,3526751794,90.0
11618,CRS3035RES1000mN2017000E3154000,3839306060,86.0
11619,CRS3035RES1000mN2017000E3154000,4214697664,61.0
11620,CRS3035RES1000mN2017000E3154000,4338252586,78.0
11621,CRS3035RES1000mN2017000E3154000,4401271633,98.0
11622,CRS3035RES1000mN2017000E3154000,4515476768,63.0
11623,CRS3035RES1000mN2017000E3154000,4569910891,56.0
11624,CRS3035RES1000mN2017000E3154000,4703730491,79.0
11625,CRS3035RES1000mN2017000E3154000,4707870392,78.0
11626,CRS3035RES1000mN2017000E3154000,4789037769,58.0
11627,CRS3035RES1000mN2017000E3154000,4794233143,
11628,CRS3035RES1000mN2017000E3154000,4870405674,63.0
11629,CRS3035RES1000mN2017000E3154000,5139379922,96.0
11630,CRS3035RES1000mN2017000E3154000,5160337425,67.0
11631,CRS3035RES1000mN2017000E3154000,5196199575,83.0
11632,CRS3035RES1000mN2017000E3154000,5341570554,58.0
11633,CRS3035RES1000mN2017000E3154000,5345949864,82.0
11634,CRS3035RES1000mN2017000E3154000,5448507385,
11635,CRS3035RES1000mN2017000E3154000,5604693894,75.0
11636,CRS3035RES1000mN2017000E3154000,5670401989,
11637,CRS3035RES1000mN2017000E3154000,5942671299,83.0
11638,CRS3035RES1000mN2017000E3154000,5943980960,71.0
11639,CRS3035RES1000mN2017000E3154000,6185791451,
11640,CRS3035RES1000mN2017000E3154000,6188948286,75.0
11641,CRS3035RES1000mN2017000E3154000,6555800191,38.0
11642,CRS3035RES1000mN2017000E3154000,6885254479,78.0
11643,CRS3035RES1000mN2017000E3154000,7222611268,
11644,CRS3035RES1000mN2017000E3154000,7408961006,115.0
11645,CRS3035RES1000mN2017000E3154000,7619964683,115.0
11646,CRS3035RES1000mN2017000E3154000,7836562695,92.0
11647,CRS3035RES1000mN2017000E3154000,8493729364,51.0
11648,CRS3035RES1000mN2017000E3154000,8557885377,103.0
11649,CRS3035RES1000mN2017000E3154000,8807212208,62.0
11650,CRS3035RES1000mN2017000E3154000,8844229173,65.0
11651,CRS3035RES1000mN2017000E3154000,8878422600,90.0
11652,CRS3035RES1000mN2017000E3154000,9595709188,72.0
11653,CRS3035RES1000mN2017000E3154000,9611387099,54.0
11654,CRS3035RES1000mN2017000E3154000,9712656915,65.0
11655,CRS3035RES1000mN2017000E3154000,9713142744,60.0
11656,CRS3035RES1000mN2017000E3154000,9815746657,101.0
11657,CRS3035RES1000mN2017000E3154000,10004871512,84.0
11658,CRS3035RES1000mN2017000E3154000,10281174134,
11659,CRS3035RES1000mN2017000E3154000,10580337411,90.0
11660,CRS3035RES1000mN2017000E3154000,10899442604,30.0
11661,CRS3035RES1000mN2017000E3154000,10922657146,28.0
11662,CRS3035RES1000mN2017000E3154000,11127499928,90.0
11663,CRS3035RES1000mN2017000E3154000,11143725881,82.0
11664,CRS3035RES1000mN2017000E3154000,11243087140,86.0
11665,CRS3035RES1000mN2017000E3154000,11269399969,79.0
11666,CRS3035RES1000mN2017000E3154000,11287269362,90.0
11667,CRS3035RES1000mN2017000E3154000,11287269363,97.0
11668,CRS3035RES1000mN2017000E3154000,11369705764,96.0
11669,CRS3035RES1000mN2017000E3154000,11387776374,67.0
11670,CRS3035RES1000mN2017000E3154000,11461799040,
11671,CRS3035RES1000mN2017000E3154000,11462802981,51.0
11672,CRS3035RES1000mN2017000E3154000,11652077658,82.0
11673,CRS3035RES1000mN2017000E3154000,11691390164,67.0
11674,CRS3035RES1000mN2017000E3154000,11739757462,24.0
11675,CRS3035RES1000mN2017000E3154000,12178446726,61.0
11676,CRS3035RES1000mN2017000E3154000,12407425114,97.0
11677,CRS3035RES1000mN2017000E3154000,12865480228,87.0
11678,CRS3035RES1000mN2017000E3154000,2960630,49.0
11679,CRS3035RES1000mN2017000E3154000,3554044,51.0
11680,CRS3035RES1000mN2017000E3154000,3557906,22.0
11681,CRS3035RES1000mN2017000E3154000,5231361,74.0
11682,CRS3035RES1000mN2017000E3154000,9314566,94.0
11683,CRS3035RES1000mN2017000E3154000,13696257,97.0
11684,CRS3035RES1000mN2017000E3154000,15996131,74.0
11685,CRS3035RES1000mN2017000E3154000,23526191,74.0
11686,CRS3035RES1000mN2017000E3154000,23545719,76.0
11687,CRS3035RES1000mN2017000E3154000,30599279,36.0
11688,CRS3035RES1000mN2017000E3154000,30649229,71.0
11689,CRS3035RES1000mN2017000E3154000,32198651,
11690,CRS3035RES1000mN2017000E3154000,34945111,17.0
11691,CRS3035RES1000mN2017000E3154000,50170625,99.0
11692,CRS3035RES1000mN2017000E3154000,82887228,97.0
11693,CRS3035RES1000mN2017000E3154000,92484952,94.0
11694,CRS3035RES1000mN2017000E3154000,95794713,66.0
11695,CRS3035RES1000mN2017000E3154000,96418670,34.0
11696,CRS3035RES1000mN2017000E3154000,98502686,78.0
11697,CRS3035RES1000mN2017000E3154000,132613257,68.0
11698,CRS3035RES1000mN2017000E3154000,135036040,73.0
11699,CRS3035RES1000mN2017000E3154000,150772489,72.0
11700,CRS3035RES1000mN2017000E3154000,154118456,91.0
11701,CRS3035RES1000mN2017000E3154000,157375776,88.0
11702,CRS3035RES1000mN2017000E3154000,158211204,42.0
11703,CRS3035RES1000mN2017000E3154000,162072415,26.0
11704,CRS3035RES1000mN2017000E3154000,162117720,92.0
11705,CRS3035RES1000mN2017000E3154000,170487273,114.0
11706,CRS3035RES1000mN2017000E3154000,172686062,58.0
11707,CRS3035RES1000mN2017000E3154000,174318235,33.0
11708,CRS3035RES1000mN2017000E3154000,174318237,26.0
11709,CRS3035RES1000mN2017000E3154000,205060159,
11710,CRS3035RES1000mN2017000E3154000,205757163,
11711,CRS3035RES1000mN2017000E3154000,221095520,90.0
11712,CRS3035RES1000mN2017000E3154000,224503374,66.0
11713,CRS3035RES1000mN2017000E3154000,227333462,86.0
11714,CRS3035RES1000mN2017000E3154000,229117454,81.0
11715,CRS3035RES1000mN2017000E3154000,261460389,
11716,CRS3035RES1000mN2017000E3154000,283450022,56.0
11717,CRS3035RES1000mN2017000E3154000,288994040,46.0
11718,CRS3035RES1000mN2017000E3154000,296744564,116.0
11719,CRS3035RES1000mN2017000E3154000,297526406,79.0
11720,CRS3035RES1000mN2017000E3154000,300709861,48.0
11721,CRS3035RES1000mN2017000E3154000,301444634,
11722,CRS3035RES1000mN2017000E3154000,302721609,48.0
11723,CRS3035RES1000mN2017000E3154000,308195630,109.0
11724,CRS3035RES1000mN2017000E3154000,312777902,56.0
11725,CRS3035RES1000mN2017000E3154000,330154630,
11726,CRS3035RES1000mN2017000E3154000,340205456,70.0
11727,CRS3035RES1000mN2017000E3154000,367883612,94.0
11728,CRS3035RES1000mN2017000E3154000,368211943,94.0
11729,CRS3035RES1000mN2017000E3154000,374180360,91.0
11730,CRS3035RES1000mN2017000E3154000,375369499,85.0
11731,CRS3035RES1000mN2017000E3154000,383494544,72.0
11732,CRS3035RES1000mN2017000E3154000,384574591,19.0
11733,CRS3035RES1000mN2017000E3154000,403538322,112.0
11734,CRS3035RES1000mN2017000E3154000,403859503,70.0
11735,CRS3035RES1000mN2017000E3154000,437050442,40.0
11736,CRS3035RES1000mN2017000E3154000,459881697,87.0
11737,CRS3035RES1000mN2017000E3154000,477278425,
11738,CRS3035RES1000mN2017000E3154000,486879235,
11739,CRS3035RES1000mN2017000E3154000,493748377,35.0
11740,CRS3035RES1000mN2017000E3154000,498234201,40.0
11741,CRS3035RES1000mN2017000E3154000,504315026,88.0
11742,CRS3035RES1000mN2017000E3154000,548701490,80.0
11743,CRS3035RES1000mN2017000E3154000,574210084,91.0
11744,CRS3035RES1000mN2017000E3154000,576094143,36.0
11745,CRS3035RES1000mN2017000E3154000,584409067,84.0
11746,CRS3035RES1000mN2017000E3154000,635512756,79.0
11747,CRS3035RES1000mN2017000E3154000,638492224,106.0
11748,CRS3035RES1000mN2017000E3154000,653913062,88.0
11749,CRS3035RES1000mN2017000E3154000,659866770,78.0
11750,CRS3035RES1000mN2017000E3154000,697717972,49.0
11751,CRS3035RES1000mN2017000E3154000,717194862,104.0
11752,CRS3035RES1000mN2017000E3154000,736899303,108.0
11753,CRS3035RES1000mN2017000E3154000,738042217,48.0
11754,CRS3035RES1000mN2017000E3154000,839611983,116.0
11755,CRS3035RES1000mN2017000E3154000,957893520,48.0
11756,CRS3035RES1000mN2017000E3154000,963308110,70.0
11757,CRS3035RES1000mN2017000E3154000,1073283182,45.0
11758,CRS3035RES1000mN2017000E3154000,1252864015,83.0
11759,CRS3035RES1000mN2017000E3154000,1283203658,76.0
11760,CRS3035RES1000mN2017000E3155000,25526,63.0
11761,CRS3035RES1000mN2017000E3155000,1774,61.0
11762,CRS3035RES1000mN2017000E3155000,1770,87.0
11763,CRS3035RES1000mN2017000E3155000,1773,76.0
11764,CRS3035RES1000mN2017000E3155000,1771,72.0
11765,CRS3035RES1000mN2017000E3155000,123303,63.0
11766,CRS3035RES1000mN2017000E3155000,1764,68.0
11767,CRS3035RES1000mN2017000E3155000,181101,76.0
11768,CRS3035RES1000mN2017000E3155000,5765642,53.0
11769,CRS3035RES1000mN2017000E3155000,86719,49.0
11770,CRS3035RES1000mN2017000E3155000,1800,72.0
11771,CRS3035RES1000mN2017000E3155000,1757,66.0
11772,CRS3035RES1000mN2017000E3155000,1755,68.0
11773,CRS3035RES1000mN2017000E3155000,1882,72.0
11774,CRS3035RES1000mN2017000E3155000,1745,81.0
11775,CRS3035RES1000mN2017000E3155000,1794,81.0
11776,CRS3035RES1000mN2017000E3155000,1762,71.0
11777,CRS3035RES1000mN2017000E3155000,51188,73.0
11778,CRS3035RES1000mN2017000E3155000,6893633,68.0
11779,CRS3035RES1000mN2017000E3155000,167128,80.0
11780,CRS3035RES1000mN2017000E3155000,1760,76.0
11781,CRS3035RES1000mN2017000E3155000,12773298,46.0
11782,CRS3035RES1000mN2017000E3155000,1754,64.0
11783,CRS3035RES1000mN2017000E3155000,1748,73.0
11784,CRS3035RES1000mN2017000E3155000,79941,83.0
11785,CRS3035RES1000mN2017000E3155000,1750,79.0
11786,CRS3035RES1000mN2017000E3155000,5975465,64.0
11787,CRS3035RES1000mN2017000E3155000,115056,89.0
11788,CRS3035RES1000mN2017000E3155000,1790,81.0
11789,CRS3035RES1000mN2017000E3155000,1756,58.0
11790,CRS3035RES1000mN2017000E3155000,51849,74.0
11791,CRS3035RES1000mN2017000E3155000,185595,75.0
11792,CRS3035RES1000mN2017000E3155000,7697128,62.0
11793,CRS3035RES1000mN2017000E3155000,10395362,92.0
11794,CRS3035RES1000mN2017000E3155000,1759,75.0
11795,CRS3035RES1000mN2017000E3155000,1752,73.0
11796,CRS3035RES1000mN2017000E3155000,186714,77.0
11797,CRS3035RES1000mN2017000E3155000,1753,66.0
11798,CRS3035RES1000mN2017000E3155000,1792,74.0
11799,CRS3035RES1000mN2017000E3155000,1763,71.0
11800,CRS3035RES1000mN2017000E3155000,1746,81.0
11801,CRS3035RES1000mN2017000E3155000,11572165,60.0
11802,CRS3035RES1000mN2017000E3155000,1761,61.0
11803,CRS3035RES1000mN2017000E3155000,1747,80.0
11804,CRS3035RES1000mN2017000E3155000,5768564,65.0
11805,CRS3035RES1000mN2017000E3155000,1798,66.0
11806,CRS3035RES1000mN2017000E3155000,66904,80.0
11807,CRS3035RES1000mN2017000E3155000,1777,65.0
11808,CRS3035RES1000mN2017000E3155000,1765,73.0
11809,CRS3035RES1000mN2017000E3155000,49416,74.0
11810,CRS3035RES1000mN2017000E3155000,12734939,74.0
11811,CRS3035RES1000mN2017000E3155000,167386167,57.0
11812,CRS3035RES1000mN2017000E3155000,295933804,77.0
11813,CRS3035RES1000mN2017000E3155000,303340017,102.0
11814,CRS3035RES1000mN2017000E3155000,315355551,94.0
11815,CRS3035RES1000mN2017000E3155000,339084977,63.0
11816,CRS3035RES1000mN2017000E3155000,412911553,76.0
11817,CRS3035RES1000mN2017000E3155000,558126037,85.0
11818,CRS3035RES1000mN2017000E3155000,711789768,89.0
11819,CRS3035RES1000mN2017000E3155000,727666062,
11820,CRS3035RES1000mN2017000E3155000,848085869,48.0
11821,CRS3035RES1000mN2017000E3155000,1056098898,81.0
11822,CRS3035RES1000mN2017000E3155000,1255438242,118.0
11823,CRS3035RES1000mN2017000E3155000,1469985039,88.0
11824,CRS3035RES1000mN2017000E3155000,1504302537,
11825,CRS3035RES1000mN2017000E3155000,1511617504,76.0
11826,CRS3035RES1000mN2017000E3155000,1541601287,103.0
11827,CRS3035RES1000mN2017000E3155000,1544591296,82.0
11828,CRS3035RES1000mN2017000E3155000,1598174183,85.0
11829,CRS3035RES1000mN2017000E3155000,1629887846,91.0
11830,CRS3035RES1000mN2017000E3155000,1686660176,92.0
11831,CRS3035RES1000mN2017000E3155000,1716927336,63.0
11832,CRS3035RES1000mN2017000E3155000,1734554324,93.0
11833,CRS3035RES1000mN2017000E3155000,1849109335,104.0
11834,CRS3035RES1000mN2017000E3155000,2028408680,85.0
11835,CRS3035RES1000mN2017000E3155000,2036887702,
11836,CRS3035RES1000mN2017000E3155000,2061404218,89.0
11837,CRS3035RES1000mN2017000E3155000,2134238030,95.0
11838,CRS3035RES1000mN2017000E3155000,2261600754,
11839,CRS3035RES1000mN2017000E3155000,2301402027,100.0
11840,CRS3035RES1000mN2017000E3155000,2303966810,70.0
11841,CRS3035RES1000mN2017000E3155000,2312029862,88.0
11842,CRS3035RES1000mN2017000E3155000,2408860250,119.0
11843,CRS3035RES1000mN2017000E3155000,2620185829,76.0
11844,CRS3035RES1000mN2017000E3155000,2622508931,80.0
11845,CRS3035RES1000mN2017000E3155000,2672130951,101.0
11846,CRS3035RES1000mN2017000E3155000,2710518818,103.0
11847,CRS3035RES1000mN2017000E3155000,3034026261,104.0
11848,CRS3035RES1000mN2017000E3155000,3179889751,
11849,CRS3035RES1000mN2017000E3155000,3206611978,
11850,CRS3035RES1000mN2017000E3155000,3272828439,54.0
11851,CRS3035RES1000mN2017000E3155000,3452364276,95.0
11852,CRS3035RES1000mN2017000E3155000,3452364277,74.0
11853,CRS3035RES1000mN2017000E3155000,3495733197,
11854,CRS3035RES1000mN2017000E3155000,3497154853,
11855,CRS3035RES1000mN2017000E3155000,3517755445,
11856,CRS3035RES1000mN2017000E3155000,3522125657,
11857,CRS3035RES1000mN2017000E3155000,3526751794,
11858,CRS3035RES1000mN2017000E3155000,3839306060,92.0
11859,CRS3035RES1000mN2017000E3155000,4214697664,69.0
11860,CRS3035RES1000mN2017000E3155000,4338252586,
11861,CRS3035RES1000mN2017000E3155000,4401271633,98.0
11862,CRS3035RES1000mN2017000E3155000,4515476768,79.0
11863,CRS3035RES1000mN2017000E3155000,4569910891,65.0
11864,CRS3035RES1000mN2017000E3155000,4703730491,88.0
11865,CRS3035RES1000mN2017000E3155000,4707870392,83.0
11866,CRS3035RES1000mN2017000E3155000,4789037769,86.0
11867,CRS3035RES1000mN2017000E3155000,4794233143,
11868,CRS3035RES1000mN2017000E3155000,4870405674,65.0
11869,CRS3035RES1000mN2017000E3155000,5139379922,106.0
11870,CRS3035RES1000mN2017000E3155000,5160337425,75.0
11871,CRS3035RES1000mN2017000E3155000,5196199575,84.0
11872,CRS3035RES1000mN2017000E3155000,5341570554,68.0
11873,CRS3035RES1000mN2017000E3155000,5345949864,106.0
11874,CRS3035RES1000mN2017000E3155000,5448507385,
11875,CRS3035RES1000mN2017000E3155000,5604693894,
11876,CRS3035RES1000mN2017000E3155000,5670401989,
11877,CRS3035RES1000mN2017000E3155000,5942671299,97.0
11878,CRS3035RES1000mN2017000E3155000,5943980960,93.0
11879,CRS3035RES1000mN2017000E3155000,6185791451,
11880,CRS3035RES1000mN2017000E3155000,6188948286,93.0
11881,CRS3035RES1000mN2017000E3155000,6555800191,58.0
11882,CRS3035RES1000mN2017000E3155000,6885254479,85.0
11883,CRS3035RES1000mN2017000E3155000,7222611268,
11884,CRS3035RES1000mN2017000E3155000,7408961006,
11885,CRS3035RES1000mN2017000E3155000,7619964683,
11886,CRS3035RES1000mN2017000E3155000,7836562695,114.0
11887,CRS3035RES1000mN2017000E3155000,8493729364,61.0
11888,CRS3035RES1000mN2017000E3155000,8557885377,
11889,CRS3035RES1000mN2017000E3155000,8807212208,72.0
11890,CRS3035RES1000mN2017000E3155000,8844229173,73.0
11891,CRS3035RES1000mN2017000E3155000,8878422600,98.0
11892,CRS3035RES1000mN2017000E3155000,9595709188,78.0
11893,CRS3035RES1000mN2017000E3155000,9611387099,63.0
11894,CRS3035RES1000mN2017000E3155000,9712656915,72.0
11895,CRS3035RES1000mN2017000E3155000,9713142744,66.0
11896,CRS3035RES1000mN2017000E3155000,9815746657,
11897,CRS3035RES1000mN2017000E3155000,10004871512,88.0
11898,CRS3035RES1000mN2017000E3155000,10281174134,
11899,CRS3035RES1000mN2017000E3155000,10580337411,96.0
11900,CRS3035RES1000mN2017000E3155000,10899442604,50.0
11901,CRS3035RES1000mN2017000E3155000,10922657146,48.0
11902,CRS3035RES1000mN2017000E3155000,11127499928,100.0
11903,CRS3035RES1000mN2017000E3155000,11143725881,99.0
11904,CRS3035RES1000mN2017000E3155000,11243087140,93.0
11905,CRS3035RES1000mN2017000E3155000,11269399969,87.0
11906,CRS3035RES1000mN2017000E3155000,11287269362,92.0
11907,CRS3035RES1000mN2017000E3155000,11287269363,111.0
11908,CRS3035RES1000mN2017000E3155000,11369705764,103.0
11909,CRS3035RES1000mN2017000E3155000,11387776374,81.0
11910,CRS3035RES1000mN2017000E3155000,11461799040,
11911,CRS3035RES1000mN2017000E3155000,11462802981,69.0
11912,CRS3035RES1000mN2017000E3155000,11652077658,103.0
11913,CRS3035RES1000mN2017000E3155000,11691390164,75.0
11914,CRS3035RES1000mN2017000E3155000,11739757462,19.0
11915,CRS3035RES1000mN2017000E3155000,12178446726,70.0
11916,CRS3035RES1000mN2017000E3155000,12407425114,98.0
11917,CRS3035RES1000mN2017000E3155000,12865480228,93.0
11918,CRS3035RES1000mN2017000E3155000,2960630,69.0
11919,CRS3035RES1000mN2017000E3155000,3554044,76.0
11920,CRS3035RES1000mN2017000E3155000,3557906,22.0
11921,CRS3035RES1000mN2017000E3155000,5231361,82.0
11922,CRS3035RES1000mN2017000E3155000,9314566,102.0
11923,CRS3035RES1000mN2017000E3155000,13696257,108.0
11924,CRS3035RES1000mN2017000E3155000,15996131,82.0
11925,CRS3035RES1000mN2017000E3155000,23526191,83.0
11926,CRS3035RES1000mN2017000E3155000,23545719,84.0
11927,CRS3035RES1000mN2017000E3155000,30599279,49.0
11928,CRS3035RES1000mN2017000E3155000,30649229,79.0
11929,CRS3035RES1000mN2017000E3155000,32198651,
11930,CRS3035RES1000mN2017000E3155000,34945111,36.0
11931,CRS3035RES1000mN2017000E3155000,50170625,
11932,CRS3035RES1000mN2017000E3155000,82887228,107.0
11933,CRS3035RES1000mN2017000E3155000,92484952,97.0
11934,CRS3035RES1000mN2017000E3155000,95794713,82.0
11935,CRS3035RES1000mN2017000E3155000,96418670,54.0
11936,CRS3035RES1000mN2017000E3155000,98502686,89.0
11937,CRS3035RES1000mN2017000E3155000,132613257,84.0
11938,CRS3035RES1000mN2017000E3155000,135036040,92.0
11939,CRS3035RES1000mN2017000E3155000,150772489,80.0
11940,CRS3035RES1000mN2017000E3155000,154118456,95.0
11941,CRS3035RES1000mN2017000E3155000,157375776,95.0
11942,CRS3035RES1000mN2017000E3155000,158211204,63.0
11943,CRS3035RES1000mN2017000E3155000,162072415,40.0
11944,CRS3035RES1000mN2017000E3155000,162117720,103.0
11945,CRS3035RES1000mN2017000E3155000,170487273,
11946,CRS3035RES1000mN2017000E3155000,172686062,75.0
11947,CRS3035RES1000mN2017000E3155000,174318235,49.0
11948,CRS3035RES1000mN2017000E3155000,174318237,46.0
11949,CRS3035RES1000mN2017000E3155000,205060159,
11950,CRS3035RES1000mN2017000E3155000,205757163,
11951,CRS3035RES1000mN2017000E3155000,221095520,99.0
11952,CRS3035RES1000mN2017000E3155000,224503374,73.0
11953,CRS3035RES1000mN2017000E3155000,227333462,87.0
11954,CRS3035RES1000mN2017000E3155000,229117454,98.0
11955,CRS3035RES1000mN2017000E3155000,261460389,
11956,CRS3035RES1000mN2017000E3155000,283450022,66.0
11957,CRS3035RES1000mN2017000E3155000,288994040,55.0
11958,CRS3035RES1000mN2017000E3155000,296744564,
11959,CRS3035RES1000mN2017000E3155000,297526406,98.0
11960,CRS3035RES1000mN2017000E3155000,300709861,68.0
11961,CRS3035RES1000mN2017000E3155000,301444634,
11962,CRS3035RES1000mN2017000E3155000,302721609,72.0
11963,CRS3035RES1000mN2017000E3155000,308195630,
11964,CRS3035RES1000mN2017000E3155000,312777902,66.0
11965,CRS3035RES1000mN2017000E3155000,330154630,
11966,CRS3035RES1000mN2017000E3155000,340205456,78.0
11967,CRS3035RES1000mN2017000E3155000,367883612,105.0
11968,CRS3035RES1000mN2017000E3155000,368211943,106.0
11969,CRS3035RES1000mN2017000E3155000,374180360,93.0
11970,CRS3035RES1000mN2017000E3155000,375369499,89.0
11971,CRS3035RES1000mN2017000E3155000,383494544,78.0
11972,CRS3035RES1000mN2017000E3155000,384574591,14.0
11973,CRS3035RES1000mN2017000E3155000,403538322,113.0
11974,CRS3035RES1000mN2017000E3155000,403859503,78.0
11975,CRS3035RES1000mN2017000E3155000,437050442,53.0
11976,CRS3035RES1000mN2017000E3155000,459881697,88.0
11977,CRS3035RES1000mN2017000E3155000,477278425,
11978,CRS3035RES1000mN2017000E3155000,486879235,
11979,CRS3035RES1000mN2017000E3155000,493748377,46.0
11980,CRS3035RES1000mN2017000E3155000,498234201,51.0
11981,CRS3035RES1000mN2017000E3155000,504315026,94.0
11982,CRS3035RES1000mN2017000E3155000,548701490,81.0
11983,CRS3035RES1000mN2017000E3155000,574210084,118.0
11984,CRS3035RES1000mN2017000E3155000,576094143,45.0
11985,CRS3035RES1000mN2017000E3155000,584409067,108.0
11986,CRS3035RES1000mN2017000E3155000,635512756,98.0
11987,CRS3035RES1000mN2017000E3155000,638492224,
11988,CRS3035RES1000mN2017000E3155000,653913062,100.0
11989,CRS3035RES1000mN2017000E3155000,659866770,
11990,CRS3035RES1000mN2017000E3155000,697717972,68.0
11991,CRS3035RES1000mN2017000E3155000,717194862,
11992,CRS3035RES1000mN2017000E3155000,736899303,
11993,CRS3035RES1000mN2017000E3155000,738042217,51.0
11994,CRS3035RES1000mN2017000E3155000,839611983,
11995,CRS3035RES1000mN2017000E3155000,957893520,57.0
11996,CRS3035RES1000mN2017000E3155000,963308110,90.0
11997,CRS3035RES1000mN2017000E3155000,1073283182,64.0
11998,CRS3035RES1000mN2017000E3155000,1252864015,85.0
11999,CRS3035RES1000mN2017000E3155000,1283203658,94.0
12000,CRS3035RES1000mN2017000E3156000,25526,80.0
12001,CRS3035RES1000mN2017000E3156000,1774,74.0
12002,CRS3035RES1000mN2017000E3156000,1770,102.0
12003,CRS3035RES1000mN2017000E3156000,1773,91.0
12004,CRS3035RES1000mN2017000E3156000,1771,87.0
12005,CRS3035RES1000mN2017000E3156000,123303,72.0
12006,CRS3035RES1000mN2017000E3156000,1764,82.0
12007,CRS3035RES1000mN2017000E3156000,181101,89.0
12008,CRS3035RES1000mN2017000E3156000,5765642,69.0
12009,CRS3035RES1000mN2017000E3156000,86719,65.0
12010,CRS3035RES1000mN2017000E3156000,1800,86.0
12011,CRS3035RES1000mN2017000E3156000,1757,85.0
12012,CRS3035RES1000mN2017000E3156000,1755,76.0
12013,CRS3035RES1000mN2017000E3156000,1882,86.0
12014,CRS3035RES1000mN2017000E3156000,1745,98.0
12015,CRS3035RES1000mN2017000E3156000,1794,95.0
12016,CRS3035RES1000mN2017000E3156000,1762,84.0
12017,CRS3035RES1000mN2017000E3156000,51188,89.0
12018,CRS3035RES1000mN2017000E3156000,6893633,82.0
12019,CRS3035RES1000mN2017000E3156000,167128,90.0
12020,CRS3035RES1000mN2017000E3156000,1760,92.0
12021,CRS3035RES1000mN2017000E3156000,12773298,61.0
12022,CRS3035RES1000mN2017000E3156000,1754,73.0
12023,CRS3035RES1000mN2017000E3156000,1748,85.0
12024,CRS3035RES1000mN2017000E3156000,79941,102.0
12025,CRS3035RES1000mN2017000E3156000,1750,95.0
12026,CRS3035RES1000mN2017000E3156000,5975465,78.0
12027,CRS3035RES1000mN2017000E3156000,115056,104.0
12028,CRS3035RES1000mN2017000E3156000,1790,96.0
12029,CRS3035RES1000mN2017000E3156000,1756,76.0
12030,CRS3035RES1000mN2017000E3156000,51849,89.0
12031,CRS3035RES1000mN2017000E3156000,185595,89.0
12032,CRS3035RES1000mN2017000E3156000,7697128,76.0
12033,CRS3035RES1000mN2017000E3156000,10395362,103.0
12034,CRS3035RES1000mN2017000E3156000,1759,92.0
12035,CRS3035RES1000mN2017000E3156000,1752,85.0
12036,CRS3035RES1000mN2017000E3156000,186714,91.0
12037,CRS3035RES1000mN2017000E3156000,1753,80.0
12038,CRS3035RES1000mN2017000E3156000,1792,82.0
12039,CRS3035RES1000mN2017000E3156000,1763,82.0
12040,CRS3035RES1000mN2017000E3156000,1746,95.0
12041,CRS3035RES1000mN2017000E3156000,11572165,74.0
12042,CRS3035RES1000mN2017000E3156000,1761,75.0
12043,CRS3035RES1000mN2017000E3156000,1747,91.0
12044,CRS3035RES1000mN2017000E3156000,5768564,85.0
12045,CRS3035RES1000mN2017000E3156000,1798,77.0
12046,CRS3035RES1000mN2017000E3156000,66904,95.0
12047,CRS3035RES1000mN2017000E3156000,1777,80.0
12048,CRS3035RES1000mN2017000E3156000,1765,86.0
12049,CRS3035RES1000mN2017000E3156000,49416,84.0
12050,CRS3035RES1000mN2017000E3156000,12734939,84.0
12051,CRS3035RES1000mN2017000E3156000,167386167,73.0
12052,CRS3035RES1000mN2017000E3156000,295933804,97.0
12053,CRS3035RES1000mN2017000E3156000,303340017,102.0
12054,CRS3035RES1000mN2017000E3156000,315355551,110.0
12055,CRS3035RES1000mN2017000E3156000,339084977,77.0
12056,CRS3035RES1000mN2017000E3156000,412911553,91.0
12057,CRS3035RES1000mN2017000E3156000,558126037,104.0
12058,CRS3035RES1000mN2017000E3156000,711789768,97.0
12059,CRS3035RES1000mN2017000E3156000,727666062,
12060,CRS3035RES1000mN2017000E3156000,848085869,65.0
12061,CRS3035RES1000mN2017000E3156000,1056098898,95.0
12062,CRS3035RES1000mN2017000E3156000,1255438242,
12063,CRS3035RES1000mN2017000E3156000,1469985039,96.0
12064,CRS3035RES1000mN2017000E3156000,1504302537,
12065,CRS3035RES1000mN2017000E3156000,1511617504,89.0
12066,CRS3035RES1000mN2017000E3156000,1541601287,
12067,CRS3035RES1000mN2017000E3156000,1544591296,97.0
12068,CRS3035RES1000mN2017000E3156000,1598174183,101.0
12069,CRS3035RES1000mN2017000E3156000,1629887846,105.0
12070,CRS3035RES1000mN2017000E3156000,1686660176,105.0
12071,CRS3035RES1000mN2017000E3156000,1716927336,68.0
12072,CRS3035RES1000mN2017000E3156000,1734554324,
12073,CRS3035RES1000mN2017000E3156000,1849109335,107.0
12074,CRS3035RES1000mN2017000E3156000,2028408680,97.0
12075,CRS3035RES1000mN2017000E3156000,2036887702,
12076,CRS3035RES1000mN2017000E3156000,2061404218,106.0
12077,CRS3035RES1000mN2017000E3156000,2134238030,115.0
12078,CRS3035RES1000mN2017000E3156000,2261600754,
12079,CRS3035RES1000mN2017000E3156000,2301402027,113.0
12080,CRS3035RES1000mN2017000E3156000,2303966810,79.0
12081,CRS3035RES1000mN2017000E3156000,2312029862,104.0
12082,CRS3035RES1000mN2017000E3156000,2408860250,
12083,CRS3035RES1000mN2017000E3156000,2620185829,91.0
12084,CRS3035RES1000mN2017000E3156000,2622508931,95.0
12085,CRS3035RES1000mN2017000E3156000,2672130951,101.0
12086,CRS3035RES1000mN2017000E3156000,2710518818,111.0
12087,CRS3035RES1000mN2017000E3156000,3034026261,
12088,CRS3035RES1000mN2017000E3156000,3179889751,
12089,CRS3035RES1000mN2017000E3156000,3206611978,
12090,CRS3035RES1000mN2017000E3156000,3272828439,68.0
12091,CRS3035RES1000mN2017000E3156000,3452364276,109.0
12092,CRS3035RES1000mN2017000E3156000,3452364277,90.0
12093,CRS3035RES1000mN2017000E3156000,3495733197,
12094,CRS3035RES1000mN2017000E3156000,3497154853,
12095,CRS3035RES1000mN2017000E3156000,3517755445,
12096,CRS3035RES1000mN2017000E3156000,3522125657,
12097,CRS3035RES1000mN2017000E3156000,3526751794,
12098,CRS3035RES1000mN2017000E3156000,3839306060,108.0
12099,CRS3035RES1000mN2017000E3156000,4214697664,82.0
12100,CRS3035RES1000mN2017000E3156000,4338252586,
12101,CRS3035RES1000mN2017000E3156000,4401271633,
12102,CRS3035RES1000mN2017000E3156000,4515476768,86.0
12103,CRS3035RES1000mN2017000E3156000,4569910891,81.0
12104,CRS3035RES1000mN2017000E3156000,4703730491,111.0
12105,CRS3035RES1000mN2017000E3156000,4707870392,103.0
12106,CRS3035RES1000mN2017000E3156000,4789037769,86.0
12107,CRS3035RES1000mN2017000E3156000,4794233143,
12108,CRS3035RES1000mN2017000E3156000,4870405674,86.0
12109,CRS3035RES1000mN2017000E3156000,5139379922,
12110,CRS3035RES1000mN2017000E3156000,5160337425,90.0
12111,CRS3035RES1000mN2017000E3156000,5196199575,103.0
12112,CRS3035RES1000mN2017000E3156000,5341570554,82.0
12113,CRS3035RES1000mN2017000E3156000,5345949864,110.0
12114,CRS3035RES1000mN2017000E3156000,5448507385,
12115,CRS3035RES1000mN2017000E3156000,5604693894,
12116,CRS3035RES1000mN2017000E3156000,5670401989,
12117,CRS3035RES1000mN2017000E3156000,5942671299,115.0
12118,CRS3035RES1000mN2017000E3156000,5943980960,101.0
12119,CRS3035RES1000mN2017000E3156000,6185791451,
12120,CRS3035RES1000mN2017000E3156000,6188948286,102.0
12121,CRS3035RES1000mN2017000E3156000,6555800191,71.0
12122,CRS3035RES1000mN2017000E3156000,6885254479,101.0
12123,CRS3035RES1000mN2017000E3156000,7222611268,
12124,CRS3035RES1000mN2017000E3156000,7408961006,
12125,CRS3035RES1000mN2017000E3156000,7619964683,
12126,CRS3035RES1000mN2017000E3156000,7836562695,119.0
12127,CRS3035RES1000mN2017000E3156000,8493729364,75.0
12128,CRS3035RES1000mN2017000E3156000,8557885377,
12129,CRS3035RES1000mN2017000E3156000,8807212208,86.0
12130,CRS3035RES1000mN2017000E3156000,8844229173,89.0
12131,CRS3035RES1000mN2017000E3156000,8878422600,117.0
12132,CRS3035RES1000mN2017000E3156000,9595709188,95.0
12133,CRS3035RES1000mN2017000E3156000,9611387099,78.0
12134,CRS3035RES1000mN2017000E3156000,9712656915,88.0
12135,CRS3035RES1000mN2017000E3156000,9713142744,82.0
12136,CRS3035RES1000mN2017000E3156000,9815746657,
12137,CRS3035RES1000mN2017000E3156000,10004871512,104.0
12138,CRS3035RES1000mN2017000E3156000,10281174134,
12139,CRS3035RES1000mN2017000E3156000,10580337411,112.0
12140,CRS3035RES1000mN2017000E3156000,10899442604,63.0
12141,CRS3035RES1000mN2017000E3156000,10922657146,61.0
12142,CRS3035RES1000mN2017000E3156000,11127499928,105.0
12143,CRS3035RES1000mN2017000E3156000,11143725881,116.0
12144,CRS3035RES1000mN2017000E3156000,11243087140,109.0
12145,CRS3035RES1000mN2017000E3156000,11269399969,103.0
12146,CRS3035RES1000mN2017000E3156000,11287269362,107.0
12147,CRS3035RES1000mN2017000E3156000,11287269363,
12148,CRS3035RES1000mN2017000E3156000,11369705764,118.0
12149,CRS3035RES1000mN2017000E3156000,11387776374,94.0
12150,CRS3035RES1000mN2017000E3156000,11461799040,
12151,CRS3035RES1000mN2017000E3156000,11462802981,78.0
12152,CRS3035RES1000mN2017000E3156000,11652077658,112.0
12153,CRS3035RES1000mN2017000E3156000,11691390164,90.0
12154,CRS3035RES1000mN2017000E3156000,11739757462,39.0
12155,CRS3035RES1000mN2017000E3156000,12178446726,81.0
12156,CRS3035RES1000mN2017000E3156000,12407425114,
12157,CRS3035RES1000mN2017000E3156000,12865480228,109.0
12158,CRS3035RES1000mN2017000E3156000,2960630,82.0
12159,CRS3035RES1000mN2017000E3156000,3554044,83.0
12160,CRS3035RES1000mN2017000E3156000,3557906,39.0
12161,CRS3035RES1000mN2017000E3156000,5231361,97.0
12162,CRS3035RES1000mN2017000E3156000,9314566,
12163,CRS3035RES1000mN2017000E3156000,13696257,
12164,CRS3035RES1000mN2017000E3156000,15996131,97.0
12165,CRS3035RES1000mN2017000E3156000,23526191,97.0
12166,CRS3035RES1000mN2017000E3156000,23545719,99.0
12167,CRS3035RES1000mN2017000E3156000,30599279,58.0
12168,CRS3035RES1000mN2017000E3156000,30649229,94.0
12169,CRS3035RES1000mN2017000E3156000,32198651,
12170,CRS3035RES1000mN2017000E3156000,34945111,50.0
12171,CRS3035RES1000mN2017000E3156000,50170625,
12172,CRS3035RES1000mN2017000E3156000,82887228,118.0
12173,CRS3035RES1000mN2017000E3156000,92484952,
12174,CRS3035RES1000mN2017000E3156000,95794713,93.0
12175,CRS3035RES1000mN2017000E3156000,96418670,68.0
12176,CRS3035RES1000mN2017000E3156000,98502686,104.0
12177,CRS3035RES1000mN2017000E3156000,132613257,96.0
12178,CRS3035RES1000mN2017000E3156000,135036040,100.0
12179,CRS3035RES1000mN2017000E3156000,150772489,95.0
12180,CRS3035RES1000mN2017000E3156000,154118456,107.0
12181,CRS3035RES1000mN2017000E3156000,157375776,102.0
12182,CRS3035RES1000mN2017000E3156000,158211204,76.0
12183,CRS3035RES1000mN2017000E3156000,162072415,51.0
12184,CRS3035RES1000mN2017000E3156000,162117720,119.0
12185,CRS3035RES1000mN2017000E3156000,170487273,
12186,CRS3035RES1000mN2017000E3156000,172686062,86.0
12187,CRS3035RES1000mN2017000E3156000,174318235,67.0
12188,CRS3035RES1000mN2017000E3156000,174318237,59.0
12189,CRS3035RES1000mN2017000E3156000,205060159,
12190,CRS3035RES1000mN2017000E3156000,205757163,
12191,CRS3035RES1000mN2017000E3156000,221095520,112.0
12192,CRS3035RES1000mN2017000E3156000,224503374,88.0
12193,CRS3035RES1000mN2017000E3156000,227333462,115.0
12194,CRS3035RES1000mN2017000E3156000,229117454,115.0
12195,CRS3035RES1000mN2017000E3156000,261460389,
12196,CRS3035RES1000mN2017000E3156000,283450022,80.0
12197,CRS3035RES1000mN2017000E3156000,288994040,70.0
12198,CRS3035RES1000mN2017000E3156000,296744564,
12199,CRS3035RES1000mN2017000E3156000,297526406,103.0
12200,CRS3035RES1000mN2017000E3156000,300709861,79.0
12201,CRS3035RES1000mN2017000E3156000,301444634,
12202,CRS3035RES1000mN2017000E3156000,302721609,75.0
12203,CRS3035RES1000mN2017000E3156000,308195630,
12204,CRS3035RES1000mN2017000E3156000,312777902,81.0
12205,CRS3035RES1000mN2017000E3156000,330154630,
12206,CRS3035RES1000mN2017000E3156000,340205456,93.0
12207,CRS3035RES1000mN2017000E3156000,367883612,116.0
12208,CRS3035RES1000mN2017000E3156000,368211943,117.0
12209,CRS3035RES1000mN2017000E3156000,374180360,108.0
12210,CRS3035RES1000mN2017000E3156000,375369499,101.0
12211,CRS3035RES1000mN2017000E3156000,383494544,94.0
12212,CRS3035RES1000mN2017000E3156000,384574591,26.0
12213,CRS3035RES1000mN2017000E3156000,403538322,116.0
12214,CRS3035RES1000mN2017000E3156000,403859503,93.0
12215,CRS3035RES1000mN2017000E3156000,437050442,66.0
12216,CRS3035RES1000mN2017000E3156000,459881697,115.0
12217,CRS3035RES1000mN2017000E3156000,477278425,
12218,CRS3035RES1000mN2017000E3156000,486879235,
12219,CRS3035RES1000mN2017000E3156000,493748377,57.0
12220,CRS3035RES1000mN2017000E3156000,498234201,64.0
12221,CRS3035RES1000mN2017000E3156000,504315026,110.0
12222,CRS3035RES1000mN2017000E3156000,548701490,88.0
12223,CRS3035RES1000mN2017000E3156000,574210084,
12224,CRS3035RES1000mN2017000E3156000,576094143,60.0
12225,CRS3035RES1000mN2017000E3156000,584409067,116.0
12226,CRS3035RES1000mN2017000E3156000,635512756,103.0
12227,CRS3035RES1000mN2017000E3156000,638492224,
12228,CRS3035RES1000mN2017000E3156000,653913062,105.0
12229,CRS3035RES1000mN2017000E3156000,659866770,
12230,CRS3035RES1000mN2017000E3156000,697717972,81.0
12231,CRS3035RES1000mN2017000E3156000,717194862,
12232,CRS3035RES1000mN2017000E3156000,736899303,
12233,CRS3035RES1000mN2017000E3156000,738042217,73.0
12234,CRS3035RES1000mN2017000E3156000,839611983,
12235,CRS3035RES1000mN2017000E3156000,957893520,72.0
12236,CRS3035RES1000mN2017000E3156000,963308110,97.0
12237,CRS3035RES1000mN2017000E3156000,1073283182,70.0
12238,CRS3035RES1000mN2017000E3156000,1252864015,101.0
12239,CRS3035RES1000mN2017000E3156000,1283203658,95.0
12240,CRS3035RES1000mN2017000E3157000,25526,61.0
12241,CRS3035RES1000mN2017000E3157000,1774,53.0
12242,CRS3035RES1000mN2017000E3157000,1770,83.0
12243,CRS3035RES1000mN2017000E3157000,1773,72.0
12244,CRS3035RES1000mN2017000E3157000,1771,69.0
12245,CRS3035RES1000mN2017000E3157000,123303,58.0
12246,CRS3035RES1000mN2017000E3157000,1764,64.0
12247,CRS3035RES1000mN2017000E3157000,181101,75.0
12248,CRS3035RES1000mN2017000E3157000,5765642,52.0
12249,CRS3035RES1000mN2017000E3157000,86719,43.0
12250,CRS3035RES1000mN2017000E3157000,1800,68.0
12251,CRS3035RES1000mN2017000E3157000,1757,65.0
12252,CRS3035RES1000mN2017000E3157000,1755,60.0
12253,CRS3035RES1000mN2017000E3157000,1882,69.0
12254,CRS3035RES1000mN2017000E3157000,1745,76.0
12255,CRS3035RES1000mN2017000E3157000,1794,76.0
12256,CRS3035RES1000mN2017000E3157000,1762,62.0
12257,CRS3035RES1000mN2017000E3157000,51188,70.0
12258,CRS3035RES1000mN2017000E3157000,6893633,64.0
12259,CRS3035RES1000mN2017000E3157000,167128,70.0
12260,CRS3035RES1000mN2017000E3157000,1760,72.0
12261,CRS3035RES1000mN2017000E3157000,12773298,43.0
12262,CRS3035RES1000mN2017000E3157000,1754,52.0
12263,CRS3035RES1000mN2017000E3157000,1748,71.0
12264,CRS3035RES1000mN2017000E3157000,79941,79.0
12265,CRS3035RES1000mN2017000E3157000,1750,76.0
12266,CRS3035RES1000mN2017000E3157000,5975465,60.0
12267,CRS3035RES1000mN2017000E3157000,115056,84.0
12268,CRS3035RES1000mN2017000E3157000,1790,78.0
12269,CRS3035RES1000mN2017000E3157000,1756,57.0
12270,CRS3035RES1000mN2017000E3157000,51849,71.0
12271,CRS3035RES1000mN2017000E3157000,185595,72.0
12272,CRS3035RES1000mN2017000E3157000,7697128,58.0
12273,CRS3035RES1000mN2017000E3157000,10395362,89.0
12274,CRS3035RES1000mN2017000E3157000,1759,73.0
12275,CRS3035RES1000mN2017000E3157000,1752,63.0
12276,CRS3035RES1000mN2017000E3157000,186714,73.0
12277,CRS3035RES1000mN2017000E3157000,1753,63.0
12278,CRS3035RES1000mN2017000E3157000,1792,70.0
12279,CRS3035RES1000mN2017000E3157000,1763,57.0
12280,CRS3035RES1000mN2017000E3157000,1746,78.0
12281,CRS3035RES1000mN2017000E3157000,11572165,39.0
12282,CRS3035RES1000mN2017000E3157000,1761,58.0
12283,CRS3035RES1000mN2017000E3157000,1747,75.0
12284,CRS3035RES1000mN2017000E3157000,5768564,63.0
12285,CRS3035RES1000mN2017000E3157000,1798,57.0
12286,CRS3035RES1000mN2017000E3157000,66904,77.0
12287,CRS3035RES1000mN2017000E3157000,1777,62.0
12288,CRS3035RES1000mN2017000E3157000,1765,65.0
12289,CRS3035RES1000mN2017000E3157000,49416,72.0
12290,CRS3035RES1000mN2017000E3157000,12734939,72.0
12291,CRS3035RES1000mN2017000E3157000,167386167,54.0
12292,CRS3035RES1000mN2017000E3157000,295933804,68.0
12293,CRS3035RES1000mN2017000E3157000,303340017,76.0
12294,CRS3035RES1000mN2017000E3157000,315355551,87.0
12295,CRS3035RES1000mN2017000E3157000,339084977,50.0
12296,CRS3035RES1000mN2017000E3157000,412911553,73.0
12297,CRS3035RES1000mN2017000E3157000,558126037,83.0
12298,CRS3035RES1000mN2017000E3157000,711789768,89.0
12299,CRS3035RES1000mN2017000E3157000,727666062,
12300,CRS3035RES1000mN2017000E3157000,848085869,47.0
12301,CRS3035RES1000mN2017000E3157000,1056098898,78.0
12302,CRS3035RES1000mN2017000E3157000,1255438242,115.0
12303,CRS3035RES1000mN2017000E3157000,1469985039,86.0
12304,CRS3035RES1000mN2017000E3157000,1504302537,93.0
12305,CRS3035RES1000mN2017000E3157000,1511617504,74.0
12306,CRS3035RES1000mN2017000E3157000,1541601287,96.0
12307,CRS3035RES1000mN2017000E3157000,1544591296,80.0
12308,CRS3035RES1000mN2017000E3157000,1598174183,81.0
12309,CRS3035RES1000mN2017000E3157000,1629887846,87.0
12310,CRS3035RES1000mN2017000E3157000,1686660176,86.0
12311,CRS3035RES1000mN2017000E3157000,1716927336,40.0
12312,CRS3035RES1000mN2017000E3157000,1734554324,92.0
12313,CRS3035RES1000mN2017000E3157000,1849109335,81.0
12314,CRS3035RES1000mN2017000E3157000,2028408680,82.0
12315,CRS3035RES1000mN2017000E3157000,2036887702,
12316,CRS3035RES1000mN2017000E3157000,2061404218,87.0
12317,CRS3035RES1000mN2017000E3157000,2134238030,94.0
12318,CRS3035RES1000mN2017000E3157000,2261600754,
12319,CRS3035RES1000mN2017000E3157000,2301402027,93.0
12320,CRS3035RES1000mN2017000E3157000,2303966810,70.0
12321,CRS3035RES1000mN2017000E3157000,2312029862,84.0
12322,CRS3035RES1000mN2017000E3157000,2408860250,106.0
12323,CRS3035RES1000mN2017000E3157000,2620185829,73.0
12324,CRS3035RES1000mN2017000E3157000,2622508931,76.0
12325,CRS3035RES1000mN2017000E3157000,2672130951,101.0
12326,CRS3035RES1000mN2017000E3157000,2710518818,83.0
12327,CRS3035RES1000mN2017000E3157000,3034026261,101.0
12328,CRS3035RES1000mN2017000E3157000,3179889751,115.0
12329,CRS3035RES1000mN2017000E3157000,3206611978,
12330,CRS3035RES1000mN2017000E3157000,3272828439,52.0
12331,CRS3035RES1000mN2017000E3157000,3452364276,89.0
12332,CRS3035RES1000mN2017000E3157000,3452364277,71.0
12333,CRS3035RES1000mN2017000E3157000,3495733197,
12334,CRS3035RES1000mN2017000E3157000,3497154853,
12335,CRS3035RES1000mN2017000E3157000,3517755445,
12336,CRS3035RES1000mN2017000E3157000,3522125657,
12337,CRS3035RES1000mN2017000E3157000,3526751794,
12338,CRS3035RES1000mN2017000E3157000,3839306060,86.0
12339,CRS3035RES1000mN2017000E3157000,4214697664,67.0
12340,CRS3035RES1000mN2017000E3157000,4338252586,
12341,CRS3035RES1000mN2017000E3157000,4401271633,98.0
12342,CRS3035RES1000mN2017000E3157000,4515476768,78.0
12343,CRS3035RES1000mN2017000E3157000,4569910891,62.0
12344,CRS3035RES1000mN2017000E3157000,4703730491,80.0
12345,CRS3035RES1000mN2017000E3157000,4707870392,82.0
12346,CRS3035RES1000mN2017000E3157000,4789037769,56.0
12347,CRS3035RES1000mN2017000E3157000,4794233143,
12348,CRS3035RES1000mN2017000E3157000,4870405674,63.0
12349,CRS3035RES1000mN2017000E3157000,5139379922,103.0
12350,CRS3035RES1000mN2017000E3157000,5160337425,71.0
12351,CRS3035RES1000mN2017000E3157000,5196199575,83.0
12352,CRS3035RES1000mN2017000E3157000,5341570554,64.0
12353,CRS3035RES1000mN2017000E3157000,5345949864,80.0
12354,CRS3035RES1000mN2017000E3157000,5448507385,
12355,CRS3035RES1000mN2017000E3157000,5604693894,
12356,CRS3035RES1000mN2017000E3157000,5670401989,
12357,CRS3035RES1000mN2017000E3157000,5942671299,81.0
12358,CRS3035RES1000mN2017000E3157000,5943980960,91.0
12359,CRS3035RES1000mN2017000E3157000,6185791451,
12360,CRS3035RES1000mN2017000E3157000,6188948286,90.0
12361,CRS3035RES1000mN2017000E3157000,6555800191,55.0
12362,CRS3035RES1000mN2017000E3157000,6885254479,82.0
12363,CRS3035RES1000mN2017000E3157000,7222611268,
12364,CRS3035RES1000mN2017000E3157000,7408961006,113.0
12365,CRS3035RES1000mN2017000E3157000,7619964683,
12366,CRS3035RES1000mN2017000E3157000,7836562695,112.0
12367,CRS3035RES1000mN2017000E3157000,8493729364,57.0
12368,CRS3035RES1000mN2017000E3157000,8557885377,107.0
12369,CRS3035RES1000mN2017000E3157000,8807212208,68.0
12370,CRS3035RES1000mN2017000E3157000,8844229173,71.0
12371,CRS3035RES1000mN2017000E3157000,8878422600,90.0
12372,CRS3035RES1000mN2017000E3157000,9595709188,75.0
12373,CRS3035RES1000mN2017000E3157000,9611387099,59.0
12374,CRS3035RES1000mN2017000E3157000,9712656915,69.0
12375,CRS3035RES1000mN2017000E3157000,9713142744,63.0
12376,CRS3035RES1000mN2017000E3157000,9815746657,
12377,CRS3035RES1000mN2017000E3157000,10004871512,84.0
12378,CRS3035RES1000mN2017000E3157000,10281174134,
12379,CRS3035RES1000mN2017000E3157000,10580337411,90.0
12380,CRS3035RES1000mN2017000E3157000,10899442604,48.0
12381,CRS3035RES1000mN2017000E3157000,10922657146,46.0
12382,CRS3035RES1000mN2017000E3157000,11127499928,98.0
12383,CRS3035RES1000mN2017000E3157000,11143725881,85.0
12384,CRS3035RES1000mN2017000E3157000,11243087140,89.0
12385,CRS3035RES1000mN2017000E3157000,11269399969,84.0
12386,CRS3035RES1000mN2017000E3157000,11287269362,88.0
12387,CRS3035RES1000mN2017000E3157000,11287269363,99.0
12388,CRS3035RES1000mN2017000E3157000,11369705764,97.0
12389,CRS3035RES1000mN2017000E3157000,11387776374,78.0
12390,CRS3035RES1000mN2017000E3157000,11461799040,
12391,CRS3035RES1000mN2017000E3157000,11462802981,67.0
12392,CRS3035RES1000mN2017000E3157000,11652077658,86.0
12393,CRS3035RES1000mN2017000E3157000,11691390164,72.0
12394,CRS3035RES1000mN2017000E3157000,11739757462,18.0
12395,CRS3035RES1000mN2017000E3157000,12178446726,68.0
12396,CRS3035RES1000mN2017000E3157000,12407425114,98.0
12397,CRS3035RES1000mN2017000E3157000,12865480228,87.0
12398,CRS3035RES1000mN2017000E3157000,2960630,66.0
12399,CRS3035RES1000mN2017000E3157000,3554044,74.0
12400,CRS3035RES1000mN2017000E3157000,3557906,21.0
12401,CRS3035RES1000mN2017000E3157000,5231361,79.0
12402,CRS3035RES1000mN2017000E3157000,9314566,98.0
12403,CRS3035RES1000mN2017000E3157000,13696257,97.0
12404,CRS3035RES1000mN2017000E3157000,15996131,76.0
12405,CRS3035RES1000mN2017000E3157000,23526191,78.0
12406,CRS3035RES1000mN2017000E3157000,23545719,80.0
12407,CRS3035RES1000mN2017000E3157000,30599279,47.0
12408,CRS3035RES1000mN2017000E3157000,30649229,75.0
12409,CRS3035RES1000mN2017000E3157000,32198651,
12410,CRS3035RES1000mN2017000E3157000,34945111,35.0
12411,CRS3035RES1000mN2017000E3157000,50170625,101.0
12412,CRS3035RES1000mN2017000E3157000,82887228,103.0
12413,CRS3035RES1000mN2017000E3157000,92484952,95.0
12414,CRS3035RES1000mN2017000E3157000,95794713,78.0
12415,CRS3035RES1000mN2017000E3157000,96418670,52.0
12416,CRS3035RES1000mN2017000E3157000,98502686,81.0
12417,CRS3035RES1000mN2017000E3157000,132613257,79.0
12418,CRS3035RES1000mN2017000E3157000,135036040,89.0
12419,CRS3035RES1000mN2017000E3157000,150772489,77.0
12420,CRS3035RES1000mN2017000E3157000,154118456,92.0
12421,CRS3035RES1000mN2017000E3157000,157375776,93.0
12422,CRS3035RES1000mN2017000E3157000,158211204,60.0
12423,CRS3035RES1000mN2017000E3157000,162072415,38.0
12424,CRS3035RES1000mN2017000E3157000,162117720,93.0
12425,CRS3035RES1000mN2017000E3157000,170487273,112.0
12426,CRS3035RES1000mN2017000E3157000,172686062,73.0
12427,CRS3035RES1000mN2017000E3157000,174318235,48.0
12428,CRS3035RES1000mN2017000E3157000,174318237,44.0
12429,CRS3035RES1000mN2017000E3157000,205060159,
12430,CRS3035RES1000mN2017000E3157000,205757163,
12431,CRS3035RES1000mN2017000E3157000,221095520,92.0
12432,CRS3035RES1000mN2017000E3157000,224503374,70.0
12433,CRS3035RES1000mN2017000E3157000,227333462,87.0
12434,CRS3035RES1000mN2017000E3157000,229117454,84.0
12435,CRS3035RES1000mN2017000E3157000,261460389,
12436,CRS3035RES1000mN2017000E3157000,283450022,63.0
12437,CRS3035RES1000mN2017000E3157000,288994040,50.0
12438,CRS3035RES1000mN2017000E3157000,296744564,117.0
12439,CRS3035RES1000mN2017000E3157000,297526406,96.0
12440,CRS3035RES1000mN2017000E3157000,300709861,65.0
12441,CRS3035RES1000mN2017000E3157000,301444634,
12442,CRS3035RES1000mN2017000E3157000,302721609,46.0
12443,CRS3035RES1000mN2017000E3157000,308195630,113.0
12444,CRS3035RES1000mN2017000E3157000,312777902,60.0
12445,CRS3035RES1000mN2017000E3157000,330154630,
12446,CRS3035RES1000mN2017000E3157000,340205456,74.0
12447,CRS3035RES1000mN2017000E3157000,367883612,100.0
12448,CRS3035RES1000mN2017000E3157000,368211943,95.0
12449,CRS3035RES1000mN2017000E3157000,374180360,90.0
12450,CRS3035RES1000mN2017000E3157000,375369499,86.0
12451,CRS3035RES1000mN2017000E3157000,383494544,75.0
12452,CRS3035RES1000mN2017000E3157000,384574591,20.0
12453,CRS3035RES1000mN2017000E3157000,403538322,111.0
12454,CRS3035RES1000mN2017000E3157000,403859503,74.0
12455,CRS3035RES1000mN2017000E3157000,437050442,52.0
12456,CRS3035RES1000mN2017000E3157000,459881697,88.0
12457,CRS3035RES1000mN2017000E3157000,477278425,
12458,CRS3035RES1000mN2017000E3157000,486879235,
12459,CRS3035RES1000mN2017000E3157000,493748377,45.0
12460,CRS3035RES1000mN2017000E3157000,498234201,50.0
12461,CRS3035RES1000mN2017000E3157000,504315026,88.0
12462,CRS3035RES1000mN2017000E3157000,548701490,80.0
12463,CRS3035RES1000mN2017000E3157000,574210084,95.0
12464,CRS3035RES1000mN2017000E3157000,576094143,43.0
12465,CRS3035RES1000mN2017000E3157000,584409067,99.0
12466,CRS3035RES1000mN2017000E3157000,635512756,96.0
12467,CRS3035RES1000mN2017000E3157000,638492224,105.0
12468,CRS3035RES1000mN2017000E3157000,653913062,98.0
12469,CRS3035RES1000mN2017000E3157000,659866770,
12470,CRS3035RES1000mN2017000E3157000,697717972,66.0
12471,CRS3035RES1000mN2017000E3157000,717194862,
12472,CRS3035RES1000mN2017000E3157000,736899303,
12473,CRS3035RES1000mN2017000E3157000,738042217,46.0
12474,CRS3035RES1000mN2017000E3157000,839611983,
12475,CRS3035RES1000mN2017000E3157000,957893520,54.0
12476,CRS3035RES1000mN2017000E3157000,963308110,87.0
12477,CRS3035RES1000mN2017000E3157000,1073283182,43.0
12478,CRS3035RES1000mN2017000E3157000,1252864015,81.0
12479,CRS3035RES1000mN2017000E3157000,1283203658,94.0
12480,CRS3035RES1000mN2017000E3158000,25526,77.0
12481,CRS3035RES1000mN2017000E3158000,1774,55.0
12482,CRS3035RES1000mN2017000E3158000,1770,90.0
12483,CRS3035RES1000mN2017000E3158000,1773,75.0
12484,CRS3035RES1000mN2017000E3158000,1771,73.0
12485,CRS3035RES1000mN2017000E3158000,123303,58.0
12486,CRS3035RES1000mN2017000E3158000,1764,73.0
12487,CRS3035RES1000mN2017000E3158000,181101,77.0
12488,CRS3035RES1000mN2017000E3158000,5765642,69.0
12489,CRS3035RES1000mN2017000E3158000,86719,44.0
12490,CRS3035RES1000mN2017000E3158000,1800,74.0
12491,CRS3035RES1000mN2017000E3158000,1757,73.0
12492,CRS3035RES1000mN2017000E3158000,1755,60.0
12493,CRS3035RES1000mN2017000E3158000,1882,74.0
12494,CRS3035RES1000mN2017000E3158000,1745,76.0
12495,CRS3035RES1000mN2017000E3158000,1794,77.0
12496,CRS3035RES1000mN2017000E3158000,1762,64.0
12497,CRS3035RES1000mN2017000E3158000,51188,78.0
12498,CRS3035RES1000mN2017000E3158000,6893633,66.0
12499,CRS3035RES1000mN2017000E3158000,167128,72.0
12500,CRS3035RES1000mN2017000E3158000,1760,76.0
12501,CRS3035RES1000mN2017000E3158000,12773298,47.0
12502,CRS3035RES1000mN2017000E3158000,1754,52.0
12503,CRS3035RES1000mN2017000E3158000,1748,75.0
12504,CRS3035RES1000mN2017000E3158000,79941,81.0
12505,CRS3035RES1000mN2017000E3158000,1750,83.0
12506,CRS3035RES1000mN2017000E3158000,5975465,68.0
12507,CRS3035RES1000mN2017000E3158000,115056,86.0
12508,CRS3035RES1000mN2017000E3158000,1790,86.0
12509,CRS3035RES1000mN2017000E3158000,1756,64.0
12510,CRS3035RES1000mN2017000E3158000,51849,73.0
12511,CRS3035RES1000mN2017000E3158000,185595,79.0
12512,CRS3035RES1000mN2017000E3158000,7697128,67.0
12513,CRS3035RES1000mN2017000E3158000,10395362,96.0
12514,CRS3035RES1000mN2017000E3158000,1759,81.0
12515,CRS3035RES1000mN2017000E3158000,1752,65.0
12516,CRS3035RES1000mN2017000E3158000,186714,75.0
12517,CRS3035RES1000mN2017000E3158000,1753,68.0
12518,CRS3035RES1000mN2017000E3158000,1792,71.0
12519,CRS3035RES1000mN2017000E3158000,1763,57.0
12520,CRS3035RES1000mN2017000E3158000,1746,80.0
12521,CRS3035RES1000mN2017000E3158000,11572165,39.0
12522,CRS3035RES1000mN2017000E3158000,1761,63.0
12523,CRS3035RES1000mN2017000E3158000,1747,76.0
12524,CRS3035RES1000mN2017000E3158000,5768564,75.0
12525,CRS3035RES1000mN2017000E3158000,1798,59.0
12526,CRS3035RES1000mN2017000E3158000,66904,82.0
12527,CRS3035RES1000mN2017000E3158000,1777,69.0
12528,CRS3035RES1000mN2017000E3158000,1765,66.0
12529,CRS3035RES1000mN2017000E3158000,49416,75.0
12530,CRS3035RES1000mN2017000E3158000,12734939,75.0
12531,CRS3035RES1000mN2017000E3158000,167386167,62.0
12532,CRS3035RES1000mN2017000E3158000,295933804,69.0
12533,CRS3035RES1000mN2017000E3158000,303340017,76.0
12534,CRS3035RES1000mN2017000E3158000,315355551,89.0
12535,CRS3035RES1000mN2017000E3158000,339084977,51.0
12536,CRS3035RES1000mN2017000E3158000,412911553,78.0
12537,CRS3035RES1000mN2017000E3158000,558126037,100.0
12538,CRS3035RES1000mN2017000E3158000,711789768,114.0
12539,CRS3035RES1000mN2017000E3158000,727666062,
12540,CRS3035RES1000mN2017000E3158000,848085869,70.0
12541,CRS3035RES1000mN2017000E3158000,1056098898,85.0
12542,CRS3035RES1000mN2017000E3158000,1255438242,117.0
12543,CRS3035RES1000mN2017000E3158000,1469985039,88.0
12544,CRS3035RES1000mN2017000E3158000,1504302537,93.0
12545,CRS3035RES1000mN2017000E3158000,1511617504,90.0
12546,CRS3035RES1000mN2017000E3158000,1541601287,98.0
12547,CRS3035RES1000mN2017000E3158000,1544591296,82.0
12548,CRS3035RES1000mN2017000E3158000,1598174183,83.0
12549,CRS3035RES1000mN2017000E3158000,1629887846,89.0
12550,CRS3035RES1000mN2017000E3158000,1686660176,87.0
12551,CRS3035RES1000mN2017000E3158000,1716927336,63.0
12552,CRS3035RES1000mN2017000E3158000,1734554324,92.0
12553,CRS3035RES1000mN2017000E3158000,1849109335,81.0
12554,CRS3035RES1000mN2017000E3158000,2028408680,93.0
12555,CRS3035RES1000mN2017000E3158000,2036887702,
12556,CRS3035RES1000mN2017000E3158000,2061404218,103.0
12557,CRS3035RES1000mN2017000E3158000,2134238030,94.0
12558,CRS3035RES1000mN2017000E3158000,2261600754,
12559,CRS3035RES1000mN2017000E3158000,2301402027,94.0
12560,CRS3035RES1000mN2017000E3158000,2303966810,111.0
12561,CRS3035RES1000mN2017000E3158000,2312029862,86.0
12562,CRS3035RES1000mN2017000E3158000,2408860250,106.0
12563,CRS3035RES1000mN2017000E3158000,2620185829,80.0
12564,CRS3035RES1000mN2017000E3158000,2622508931,79.0
12565,CRS3035RES1000mN2017000E3158000,2672130951,117.0
12566,CRS3035RES1000mN2017000E3158000,2710518818,83.0
12567,CRS3035RES1000mN2017000E3158000,3034026261,
12568,CRS3035RES1000mN2017000E3158000,3179889751,116.0
12569,CRS3035RES1000mN2017000E3158000,3206611978,
12570,CRS3035RES1000mN2017000E3158000,3272828439,83.0
12571,CRS3035RES1000mN2017000E3158000,3452364276,90.0
12572,CRS3035RES1000mN2017000E3158000,3452364277,74.0
12573,CRS3035RES1000mN2017000E3158000,3495733197,
12574,CRS3035RES1000mN2017000E3158000,3497154853,
12575,CRS3035RES1000mN2017000E3158000,3517755445,
12576,CRS3035RES1000mN2017000E3158000,3522125657,
12577,CRS3035RES1000mN2017000E3158000,3526751794,
12578,CRS3035RES1000mN2017000E3158000,3839306060,87.0
12579,CRS3035RES1000mN2017000E3158000,4214697664,69.0
12580,CRS3035RES1000mN2017000E3158000,4338252586,
12581,CRS3035RES1000mN2017000E3158000,4401271633,98.0
12582,CRS3035RES1000mN2017000E3158000,4515476768,
12583,CRS3035RES1000mN2017000E3158000,4569910891,70.0
12584,CRS3035RES1000mN2017000E3158000,4703730491,81.0
12585,CRS3035RES1000mN2017000E3158000,4707870392,82.0
12586,CRS3035RES1000mN2017000E3158000,4789037769,86.0
12587,CRS3035RES1000mN2017000E3158000,4794233143,
12588,CRS3035RES1000mN2017000E3158000,4870405674,76.0
12589,CRS3035RES1000mN2017000E3158000,5139379922,
12590,CRS3035RES1000mN2017000E3158000,5160337425,77.0
12591,CRS3035RES1000mN2017000E3158000,5196199575,103.0
12592,CRS3035RES1000mN2017000E3158000,5341570554,65.0
12593,CRS3035RES1000mN2017000E3158000,5345949864,80.0
12594,CRS3035RES1000mN2017000E3158000,5448507385,
12595,CRS3035RES1000mN2017000E3158000,5604693894,
12596,CRS3035RES1000mN2017000E3158000,5670401989,
12597,CRS3035RES1000mN2017000E3158000,5942671299,82.0
12598,CRS3035RES1000mN2017000E3158000,5943980960,101.0
12599,CRS3035RES1000mN2017000E3158000,6185791451,
12600,CRS3035RES1000mN2017000E3158000,6188948286,91.0
12601,CRS3035RES1000mN2017000E3158000,6555800191,86.0
12602,CRS3035RES1000mN2017000E3158000,6885254479,87.0
12603,CRS3035RES1000mN2017000E3158000,7222611268,
12604,CRS3035RES1000mN2017000E3158000,7408961006,113.0
12605,CRS3035RES1000mN2017000E3158000,7619964683,
12606,CRS3035RES1000mN2017000E3158000,7836562695,114.0
12607,CRS3035RES1000mN2017000E3158000,8493729364,66.0
12608,CRS3035RES1000mN2017000E3158000,8557885377,107.0
12609,CRS3035RES1000mN2017000E3158000,8807212208,76.0
12610,CRS3035RES1000mN2017000E3158000,8844229173,79.0
12611,CRS3035RES1000mN2017000E3158000,8878422600,91.0
12612,CRS3035RES1000mN2017000E3158000,9595709188,82.0
12613,CRS3035RES1000mN2017000E3158000,9611387099,61.0
12614,CRS3035RES1000mN2017000E3158000,9712656915,73.0
12615,CRS3035RES1000mN2017000E3158000,9713142744,71.0
12616,CRS3035RES1000mN2017000E3158000,9815746657,
12617,CRS3035RES1000mN2017000E3158000,10004871512,86.0
12618,CRS3035RES1000mN2017000E3158000,10281174134,
12619,CRS3035RES1000mN2017000E3158000,10580337411,91.0
12620,CRS3035RES1000mN2017000E3158000,10899442604,78.0
12621,CRS3035RES1000mN2017000E3158000,10922657146,76.0
12622,CRS3035RES1000mN2017000E3158000,11127499928,100.0
12623,CRS3035RES1000mN2017000E3158000,11143725881,88.0
12624,CRS3035RES1000mN2017000E3158000,11243087140,95.0
12625,CRS3035RES1000mN2017000E3158000,11269399969,87.0
12626,CRS3035RES1000mN2017000E3158000,11287269362,90.0
12627,CRS3035RES1000mN2017000E3158000,11287269363,100.0
12628,CRS3035RES1000mN2017000E3158000,11369705764,98.0
12629,CRS3035RES1000mN2017000E3158000,11387776374,83.0
12630,CRS3035RES1000mN2017000E3158000,11461799040,
12631,CRS3035RES1000mN2017000E3158000,11462802981,70.0
12632,CRS3035RES1000mN2017000E3158000,11652077658,86.0
12633,CRS3035RES1000mN2017000E3158000,11691390164,78.0
12634,CRS3035RES1000mN2017000E3158000,11739757462,50.0
12635,CRS3035RES1000mN2017000E3158000,12178446726,69.0
12636,CRS3035RES1000mN2017000E3158000,12407425114,98.0
12637,CRS3035RES1000mN2017000E3158000,12865480228,88.0
12638,CRS3035RES1000mN2017000E3158000,2960630,82.0
12639,CRS3035RES1000mN2017000E3158000,3554044,103.0
12640,CRS3035RES1000mN2017000E3158000,3557906,52.0
12641,CRS3035RES1000mN2017000E3158000,5231361,83.0
12642,CRS3035RES1000mN2017000E3158000,9314566,100.0
12643,CRS3035RES1000mN2017000E3158000,13696257,98.0
12644,CRS3035RES1000mN2017000E3158000,15996131,78.0
12645,CRS3035RES1000mN2017000E3158000,23526191,78.0
12646,CRS3035RES1000mN2017000E3158000,23545719,87.0
12647,CRS3035RES1000mN2017000E3158000,30599279,67.0
12648,CRS3035RES1000mN2017000E3158000,30649229,79.0
12649,CRS3035RES1000mN2017000E3158000,32198651,
12650,CRS3035RES1000mN2017000E3158000,34945111,65.0
12651,CRS3035RES1000mN2017000E3158000,50170625,102.0
12652,CRS3035RES1000mN2017000E3158000,82887228,106.0
12653,CRS3035RES1000mN2017000E3158000,92484952,98.0
12654,CRS3035RES1000mN2017000E3158000,95794713,79.0
12655,CRS3035RES1000mN2017000E3158000,96418670,82.0
12656,CRS3035RES1000mN2017000E3158000,98502686,82.0
12657,CRS3035RES1000mN2017000E3158000,132613257,81.0
12658,CRS3035RES1000mN2017000E3158000,135036040,92.0
12659,CRS3035RES1000mN2017000E3158000,150772489,82.0
12660,CRS3035RES1000mN2017000E3158000,154118456,94.0
12661,CRS3035RES1000mN2017000E3158000,157375776,96.0
12662,CRS3035RES1000mN2017000E3158000,158211204,89.0
12663,CRS3035RES1000mN2017000E3158000,162072415,61.0
12664,CRS3035RES1000mN2017000E3158000,162117720,94.0
12665,CRS3035RES1000mN2017000E3158000,170487273,113.0
12666,CRS3035RES1000mN2017000E3158000,172686062,89.0
12667,CRS3035RES1000mN2017000E3158000,174318235,74.0
12668,CRS3035RES1000mN2017000E3158000,174318237,74.0
12669,CRS3035RES1000mN2017000E3158000,205060159,
12670,CRS3035RES1000mN2017000E3158000,205757163,
12671,CRS3035RES1000mN2017000E3158000,221095520,93.0
12672,CRS3035RES1000mN2017000E3158000,224503374,73.0
12673,CRS3035RES1000mN2017000E3158000,227333462,87.0
12674,CRS3035RES1000mN2017000E3158000,229117454,87.0
12675,CRS3035RES1000mN2017000E3158000,261460389,
12676,CRS3035RES1000mN2017000E3158000,283450022,70.0
12677,CRS3035RES1000mN2017000E3158000,288994040,52.0
12678,CRS3035RES1000mN2017000E3158000,296744564,119.0
12679,CRS3035RES1000mN2017000E3158000,297526406,98.0
12680,CRS3035RES1000mN2017000E3158000,300709861,80.0
12681,CRS3035RES1000mN2017000E3158000,301444634,
12682,CRS3035RES1000mN2017000E3158000,302721609,72.0
12683,CRS3035RES1000mN2017000E3158000,308195630,113.0
12684,CRS3035RES1000mN2017000E3158000,312777902,62.0
12685,CRS3035RES1000mN2017000E3158000,330154630,
12686,CRS3035RES1000mN2017000E3158000,340205456,81.0
12687,CRS3035RES1000mN2017000E3158000,367883612,101.0
12688,CRS3035RES1000mN2017000E3158000,368211943,98.0
12689,CRS3035RES1000mN2017000E3158000,374180360,92.0
12690,CRS3035RES1000mN2017000E3158000,375369499,88.0
12691,CRS3035RES1000mN2017000E3158000,383494544,83.0
12692,CRS3035RES1000mN2017000E3158000,384574591,51.0
12693,CRS3035RES1000mN2017000E3158000,403538322,113.0
12694,CRS3035RES1000mN2017000E3158000,403859503,80.0
12695,CRS3035RES1000mN2017000E3158000,437050442,81.0
12696,CRS3035RES1000mN2017000E3158000,459881697,88.0
12697,CRS3035RES1000mN2017000E3158000,477278425,
12698,CRS3035RES1000mN2017000E3158000,486879235,
12699,CRS3035RES1000mN2017000E3158000,493748377,58.0
12700,CRS3035RES1000mN2017000E3158000,498234201,80.0
12701,CRS3035RES1000mN2017000E3158000,504315026,89.0
12702,CRS3035RES1000mN2017000E3158000,548701490,114.0
12703,CRS3035RES1000mN2017000E3158000,574210084,95.0
12704,CRS3035RES1000mN2017000E3158000,576094143,64.0
12705,CRS3035RES1000mN2017000E3158000,584409067,100.0
12706,CRS3035RES1000mN2017000E3158000,635512756,98.0
12707,CRS3035RES1000mN2017000E3158000,638492224,105.0
12708,CRS3035RES1000mN2017000E3158000,653913062,100.0
12709,CRS3035RES1000mN2017000E3158000,659866770,
12710,CRS3035RES1000mN2017000E3158000,697717972,89.0
12711,CRS3035RES1000mN2017000E3158000,717194862,
12712,CRS3035RES1000mN2017000E3158000,736899303,
12713,CRS3035RES1000mN2017000E3158000,738042217,73.0
12714,CRS3035RES1000mN2017000E3158000,839611983,
12715,CRS3035RES1000mN2017000E3158000,957893520,61.0
12716,CRS3035RES1000mN2017000E3158000,963308110,89.0
12717,CRS3035RES1000mN2017000E3158000,1073283182,64.0
12718,CRS3035RES1000mN2017000E3158000,1252864015,83.0
12719,CRS3035RES1000mN2017000E3158000,1283203658,
12720,CRS3035RES1000mN2017000E3159000,25526,94.0
12721,CRS3035RES1000mN2017000E3159000,1774,89.0
12722,CRS3035RES1000mN2017000E3159000,1770,
12723,CRS3035RES1000mN2017000E3159000,1773,107.0
12724,CRS3035RES1000mN2017000E3159000,1771,104.0
12725,CRS3035RES1000mN2017000E3159000,123303,94.0
12726,CRS3035RES1000mN2017000E3159000,1764,102.0
12727,CRS3035RES1000mN2017000E3159000,181101,110.0
12728,CRS3035RES1000mN2017000E3159000,5765642,91.0
12729,CRS3035RES1000mN2017000E3159000,86719,80.0
12730,CRS3035RES1000mN2017000E3159000,1800,106.0
12731,CRS3035RES1000mN2017000E3159000,1757,104.0
12732,CRS3035RES1000mN2017000E3159000,1755,97.0
12733,CRS3035RES1000mN2017000E3159000,1882,105.0
12734,CRS3035RES1000mN2017000E3159000,1745,111.0
12735,CRS3035RES1000mN2017000E3159000,1794,111.0
12736,CRS3035RES1000mN2017000E3159000,1762,98.0
12737,CRS3035RES1000mN2017000E3159000,51188,107.0
12738,CRS3035RES1000mN2017000E3159000,6893633,99.0
12739,CRS3035RES1000mN2017000E3159000,167128,106.0
12740,CRS3035RES1000mN2017000E3159000,1760,108.0
12741,CRS3035RES1000mN2017000E3159000,12773298,68.0
12742,CRS3035RES1000mN2017000E3159000,1754,87.0
12743,CRS3035RES1000mN2017000E3159000,1748,105.0
12744,CRS3035RES1000mN2017000E3159000,79941,116.0
12745,CRS3035RES1000mN2017000E3159000,1750,112.0
12746,CRS3035RES1000mN2017000E3159000,5975465,98.0
12747,CRS3035RES1000mN2017000E3159000,115056,
12748,CRS3035RES1000mN2017000E3159000,1790,115.0
12749,CRS3035RES1000mN2017000E3159000,1756,98.0
12750,CRS3035RES1000mN2017000E3159000,51849,106.0
12751,CRS3035RES1000mN2017000E3159000,185595,109.0
12752,CRS3035RES1000mN2017000E3159000,7697128,96.0
12753,CRS3035RES1000mN2017000E3159000,10395362,
12754,CRS3035RES1000mN2017000E3159000,1759,109.0
12755,CRS3035RES1000mN2017000E3159000,1752,99.0
12756,CRS3035RES1000mN2017000E3159000,186714,109.0
12757,CRS3035RES1000mN2017000E3159000,1753,100.0
12758,CRS3035RES1000mN2017000E3159000,1792,102.0
12759,CRS3035RES1000mN2017000E3159000,1763,93.0
12760,CRS3035RES1000mN2017000E3159000,1746,113.0
12761,CRS3035RES1000mN2017000E3159000,11572165,77.0
12762,CRS3035RES1000mN2017000E3159000,1761,95.0
12763,CRS3035RES1000mN2017000E3159000,1747,110.0
12764,CRS3035RES1000mN2017000E3159000,5768564,104.0
12765,CRS3035RES1000mN2017000E3159000,1798,96.0
12766,CRS3035RES1000mN2017000E3159000,66904,115.0
12767,CRS3035RES1000mN2017000E3159000,1777,97.0
12768,CRS3035RES1000mN2017000E3159000,1765,101.0
12769,CRS3035RES1000mN2017000E3159000,49416,105.0
12770,CRS3035RES1000mN2017000E3159000,12734939,105.0
12771,CRS3035RES1000mN2017000E3159000,167386167,89.0
12772,CRS3035RES1000mN2017000E3159000,295933804,109.0
12773,CRS3035RES1000mN2017000E3159000,303340017,113.0
12774,CRS3035RES1000mN2017000E3159000,315355551,
12775,CRS3035RES1000mN2017000E3159000,339084977,86.0
12776,CRS3035RES1000mN2017000E3159000,412911553,108.0
12777,CRS3035RES1000mN2017000E3159000,558126037,
12778,CRS3035RES1000mN2017000E3159000,711789768,
12779,CRS3035RES1000mN2017000E3159000,727666062,
12780,CRS3035RES1000mN2017000E3159000,848085869,85.0
12781,CRS3035RES1000mN2017000E3159000,1056098898,115.0
12782,CRS3035RES1000mN2017000E3159000,1255438242,
12783,CRS3035RES1000mN2017000E3159000,1469985039,118.0
12784,CRS3035RES1000mN2017000E3159000,1504302537,
12785,CRS3035RES1000mN2017000E3159000,1511617504,109.0
12786,CRS3035RES1000mN2017000E3159000,1541601287,
12787,CRS3035RES1000mN2017000E3159000,1544591296,117.0
12788,CRS3035RES1000mN2017000E3159000,1598174183,
12789,CRS3035RES1000mN2017000E3159000,1629887846,
12790,CRS3035RES1000mN2017000E3159000,1686660176,
12791,CRS3035RES1000mN2017000E3159000,1716927336,74.0
12792,CRS3035RES1000mN2017000E3159000,1734554324,
12793,CRS3035RES1000mN2017000E3159000,1849109335,118.0
12794,CRS3035RES1000mN2017000E3159000,2028408680,117.0
12795,CRS3035RES1000mN2017000E3159000,2036887702,
12796,CRS3035RES1000mN2017000E3159000,2061404218,
12797,CRS3035RES1000mN2017000E3159000,2134238030,
12798,CRS3035RES1000mN2017000E3159000,2261600754,
12799,CRS3035RES1000mN2017000E3159000,2301402027,
12800,CRS3035RES1000mN2017000E3159000,2303966810,111.0
12801,CRS3035RES1000mN2017000E3159000,2312029862,
12802,CRS3035RES1000mN2017000E3159000,2408860250,
12803,CRS3035RES1000mN2017000E3159000,2620185829,109.0
12804,CRS3035RES1000mN2017000E3159000,2622508931,112.0
12805,CRS3035RES1000mN2017000E3159000,2672130951,117.0
12806,CRS3035RES1000mN2017000E3159000,2710518818,113.0
12807,CRS3035RES1000mN2017000E3159000,3034026261,
12808,CRS3035RES1000mN2017000E3159000,3179889751,
12809,CRS3035RES1000mN2017000E3159000,3206611978,
12810,CRS3035RES1000mN2017000E3159000,3272828439,89.0
12811,CRS3035RES1000mN2017000E3159000,3452364276,
12812,CRS3035RES1000mN2017000E3159000,3452364277,106.0
12813,CRS3035RES1000mN2017000E3159000,3495733197,
12814,CRS3035RES1000mN2017000E3159000,3497154853,
12815,CRS3035RES1000mN2017000E3159000,3517755445,
12816,CRS3035RES1000mN2017000E3159000,3522125657,
12817,CRS3035RES1000mN2017000E3159000,3526751794,
12818,CRS3035RES1000mN2017000E3159000,3839306060,
12819,CRS3035RES1000mN2017000E3159000,4214697664,103.0
12820,CRS3035RES1000mN2017000E3159000,4338252586,
12821,CRS3035RES1000mN2017000E3159000,4401271633,
12822,CRS3035RES1000mN2017000E3159000,4515476768,
12823,CRS3035RES1000mN2017000E3159000,4569910891,98.0
12824,CRS3035RES1000mN2017000E3159000,4703730491,
12825,CRS3035RES1000mN2017000E3159000,4707870392,
12826,CRS3035RES1000mN2017000E3159000,4789037769,90.0
12827,CRS3035RES1000mN2017000E3159000,4794233143,
12828,CRS3035RES1000mN2017000E3159000,4870405674,105.0
12829,CRS3035RES1000mN2017000E3159000,5139379922,
12830,CRS3035RES1000mN2017000E3159000,5160337425,107.0
12831,CRS3035RES1000mN2017000E3159000,5196199575,
12832,CRS3035RES1000mN2017000E3159000,5341570554,100.0
12833,CRS3035RES1000mN2017000E3159000,5345949864,110.0
12834,CRS3035RES1000mN2017000E3159000,5448507385,
12835,CRS3035RES1000mN2017000E3159000,5604693894,
12836,CRS3035RES1000mN2017000E3159000,5670401989,
12837,CRS3035RES1000mN2017000E3159000,5942671299,117.0
12838,CRS3035RES1000mN2017000E3159000,5943980960,111.0
12839,CRS3035RES1000mN2017000E3159000,6185791451,
12840,CRS3035RES1000mN2017000E3159000,6188948286,
12841,CRS3035RES1000mN2017000E3159000,6555800191,91.0
12842,CRS3035RES1000mN2017000E3159000,6885254479,
12843,CRS3035RES1000mN2017000E3159000,7222611268,
12844,CRS3035RES1000mN2017000E3159000,7408961006,
12845,CRS3035RES1000mN2017000E3159000,7619964683,
12846,CRS3035RES1000mN2017000E3159000,7836562695,
12847,CRS3035RES1000mN2017000E3159000,8493729364,95.0
12848,CRS3035RES1000mN2017000E3159000,8557885377,
12849,CRS3035RES1000mN2017000E3159000,8807212208,105.0
12850,CRS3035RES1000mN2017000E3159000,8844229173,107.0
12851,CRS3035RES1000mN2017000E3159000,8878422600,
12852,CRS3035RES1000mN2017000E3159000,9595709188,112.0
12853,CRS3035RES1000mN2017000E3159000,9611387099,97.0
12854,CRS3035RES1000mN2017000E3159000,9712656915,104.0
12855,CRS3035RES1000mN2017000E3159000,9713142744,98.0
12856,CRS3035RES1000mN2017000E3159000,9815746657,
12857,CRS3035RES1000mN2017000E3159000,10004871512,
12858,CRS3035RES1000mN2017000E3159000,10281174134,
12859,CRS3035RES1000mN2017000E3159000,10580337411,
12860,CRS3035RES1000mN2017000E3159000,10899442604,84.0
12861,CRS3035RES1000mN2017000E3159000,10922657146,82.0
12862,CRS3035RES1000mN2017000E3159000,11127499928,
12863,CRS3035RES1000mN2017000E3159000,11143725881,
12864,CRS3035RES1000mN2017000E3159000,11243087140,
12865,CRS3035RES1000mN2017000E3159000,11269399969,
12866,CRS3035RES1000mN2017000E3159000,11287269362,
12867,CRS3035RES1000mN2017000E3159000,11287269363,
12868,CRS3035RES1000mN2017000E3159000,11369705764,
12869,CRS3035RES1000mN2017000E3159000,11387776374,114.0
12870,CRS3035RES1000mN2017000E3159000,11461799040,
12871,CRS3035RES1000mN2017000E3159000,11462802981,100.0
12872,CRS3035RES1000mN2017000E3159000,11652077658,
12873,CRS3035RES1000mN2017000E3159000,11691390164,108.0
12874,CRS3035RES1000mN2017000E3159000,11739757462,55.0
12875,CRS3035RES1000mN2017000E3159000,12178446726,103.0
12876,CRS3035RES1000mN2017000E3159000,12407425114,
12877,CRS3035RES1000mN2017000E3159000,12865480228,
12878,CRS3035RES1000mN2017000E3159000,2960630,103.0
12879,CRS3035RES1000mN2017000E3159000,3554044,106.0
12880,CRS3035RES1000mN2017000E3159000,3557906,57.0
12881,CRS3035RES1000mN2017000E3159000,5231361,115.0
12882,CRS3035RES1000mN2017000E3159000,9314566,
12883,CRS3035RES1000mN2017000E3159000,13696257,
12884,CRS3035RES1000mN2017000E3159000,15996131,114.0
12885,CRS3035RES1000mN2017000E3159000,23526191,113.0
12886,CRS3035RES1000mN2017000E3159000,23545719,117.0
12887,CRS3035RES1000mN2017000E3159000,30599279,78.0
12888,CRS3035RES1000mN2017000E3159000,30649229,111.0
12889,CRS3035RES1000mN2017000E3159000,32198651,
12890,CRS3035RES1000mN2017000E3159000,34945111,70.0
12891,CRS3035RES1000mN2017000E3159000,50170625,
12892,CRS3035RES1000mN2017000E3159000,82887228,
12893,CRS3035RES1000mN2017000E3159000,92484952,
12894,CRS3035RES1000mN2017000E3159000,95794713,114.0
12895,CRS3035RES1000mN2017000E3159000,96418670,88.0
12896,CRS3035RES1000mN2017000E3159000,98502686,115.0
12897,CRS3035RES1000mN2017000E3159000,132613257,114.0
12898,CRS3035RES1000mN2017000E3159000,135036040,
12899,CRS3035RES1000mN2017000E3159000,150772489,112.0
12900,CRS3035RES1000mN2017000E3159000,154118456,
12901,CRS3035RES1000mN2017000E3159000,157375776,
12902,CRS3035RES1000mN2017000E3159000,158211204,96.0
12903,CRS3035RES1000mN2017000E3159000,162072415,69.0
12904,CRS3035RES1000mN2017000E3159000,162117720,
12905,CRS3035RES1000mN2017000E3159000,170487273,
12906,CRS3035RES1000mN2017000E3159000,172686062,109.0
12907,CRS3035RES1000mN2017000E3159000,174318235,88.0
12908,CRS3035RES1000mN2017000E3159000,174318237,80.0
12909,CRS3035RES1000mN2017000E3159000,205060159,
12910,CRS3035RES1000mN2017000E3159000,205757163,
12911,CRS3035RES1000mN2017000E3159000,221095520,
12912,CRS3035RES1000mN2017000E3159000,224503374,105.0
12913,CRS3035RES1000mN2017000E3159000,227333462,117.0
12914,CRS3035RES1000mN2017000E3159000,229117454,119.0
12915,CRS3035RES1000mN2017000E3159000,261460389,
12916,CRS3035RES1000mN2017000E3159000,283450022,100.0
12917,CRS3035RES1000mN2017000E3159000,288994040,89.0
12918,CRS3035RES1000mN2017000E3159000,296744564,
12919,CRS3035RES1000mN2017000E3159000,297526406,
12920,CRS3035RES1000mN2017000E3159000,300709861,102.0
12921,CRS3035RES1000mN2017000E3159000,301444634,
12922,CRS3035RES1000mN2017000E3159000,302721609,80.0
12923,CRS3035RES1000mN2017000E3159000,308195630,
12924,CRS3035RES1000mN2017000E3159000,312777902,97.0
12925,CRS3035RES1000mN2017000E3159000,330154630,
12926,CRS3035RES1000mN2017000E3159000,340205456,110.0
12927,CRS3035RES1000mN2017000E3159000,367883612,
12928,CRS3035RES1000mN2017000E3159000,368211943,
12929,CRS3035RES1000mN2017000E3159000,374180360,
12930,CRS3035RES1000mN2017000E3159000,375369499,
12931,CRS3035RES1000mN2017000E3159000,383494544,113.0
12932,CRS3035RES1000mN2017000E3159000,384574591,56.0
12933,CRS3035RES1000mN2017000E3159000,403538322,
12934,CRS3035RES1000mN2017000E3159000,403859503,110.0
12935,CRS3035RES1000mN2017000E3159000,437050442,86.0
12936,CRS3035RES1000mN2017000E3159000,459881697,118.0
12937,CRS3035RES1000mN2017000E3159000,477278425,
12938,CRS3035RES1000mN2017000E3159000,486879235,
12939,CRS3035RES1000mN2017000E3159000,493748377,79.0
12940,CRS3035RES1000mN2017000E3159000,498234201,85.0
12941,CRS3035RES1000mN2017000E3159000,504315026,
12942,CRS3035RES1000mN2017000E3159000,548701490,114.0
12943,CRS3035RES1000mN2017000E3159000,574210084,
12944,CRS3035RES1000mN2017000E3159000,576094143,80.0
12945,CRS3035RES1000mN2017000E3159000,584409067,
12946,CRS3035RES1000mN2017000E3159000,635512756,
12947,CRS3035RES1000mN2017000E3159000,638492224,
12948,CRS3035RES1000mN2017000E3159000,653913062,
12949,CRS3035RES1000mN2017000E3159000,659866770,
12950,CRS3035RES1000mN2017000E3159000,697717972,100.0
12951,CRS3035RES1000mN2017000E3159000,717194862,
12952,CRS3035RES1000mN2017000E3159000,736899303,
12953,CRS3035RES1000mN2017000E3159000,738042217,78.0
12954,CRS3035RES1000mN2017000E3159000,839611983,
12955,CRS3035RES1000mN2017000E3159000,957893520,92.0
12956,CRS3035RES1000mN2017000E3159000,963308110,119.0
12957,CRS3035RES1000mN2017000E3159000,1073283182,77.0
12958,CRS3035RES1000mN2017000E3159000,1252864015,
12959,CRS3035RES1000mN2017000E3159000,1283203658,
12960,CRS3035RES1000mN2017000E3160000,25526,113.0
12961,CRS3035RES1000mN2017000E3160000,1774,92.0
12962,CRS3035RES1000mN2017000E3160000,1770,
12963,CRS3035RES1000mN2017000E3160000,1773,110.0
12964,CRS3035RES1000mN2017000E3160000,1771,111.0
12965,CRS3035RES1000mN2017000E3160000,123303,100.0
12966,CRS3035RES1000mN2017000E3160000,1764,106.0
12967,CRS3035RES1000mN2017000E3160000,181101,112.0
12968,CRS3035RES1000mN2017000E3160000,5765642,104.0
12969,CRS3035RES1000mN2017000E3160000,86719,84.0
12970,CRS3035RES1000mN2017000E3160000,1800,110.0
12971,CRS3035RES1000mN2017000E3160000,1757,110.0
12972,CRS3035RES1000mN2017000E3160000,1755,102.0
12973,CRS3035RES1000mN2017000E3160000,1882,110.0
12974,CRS3035RES1000mN2017000E3160000,1745,114.0
12975,CRS3035RES1000mN2017000E3160000,1794,114.0
12976,CRS3035RES1000mN2017000E3160000,1762,101.0
12977,CRS3035RES1000mN2017000E3160000,51188,114.0
12978,CRS3035RES1000mN2017000E3160000,6893633,103.0
12979,CRS3035RES1000mN2017000E3160000,167128,109.0
12980,CRS3035RES1000mN2017000E3160000,1760,113.0
12981,CRS3035RES1000mN2017000E3160000,12773298,68.0
12982,CRS3035RES1000mN2017000E3160000,1754,90.0
12983,CRS3035RES1000mN2017000E3160000,1748,108.0
12984,CRS3035RES1000mN2017000E3160000,79941,
12985,CRS3035RES1000mN2017000E3160000,1750,119.0
12986,CRS3035RES1000mN2017000E3160000,5975465,102.0
12987,CRS3035RES1000mN2017000E3160000,115056,
12988,CRS3035RES1000mN2017000E3160000,1790,
12989,CRS3035RES1000mN2017000E3160000,1756,102.0
12990,CRS3035RES1000mN2017000E3160000,51849,110.0
12991,CRS3035RES1000mN2017000E3160000,185595,116.0
12992,CRS3035RES1000mN2017000E3160000,7697128,100.0
12993,CRS3035RES1000mN2017000E3160000,10395362,
12994,CRS3035RES1000mN2017000E3160000,1759,117.0
12995,CRS3035RES1000mN2017000E3160000,1752,102.0
12996,CRS3035RES1000mN2017000E3160000,186714,113.0
12997,CRS3035RES1000mN2017000E3160000,1753,105.0
12998,CRS3035RES1000mN2017000E3160000,1792,104.0
12999,CRS3035RES1000mN2017000E3160000,1763,95.0
13000,CRS3035RES1000mN2017000E3160000,1746,118.0
13001,CRS3035RES1000mN2017000E3160000,11572165,80.0
13002,CRS3035RES1000mN2017000E3160000,1761,99.0
13003,CRS3035RES1000mN2017000E3160000,1747,112.0
13004,CRS3035RES1000mN2017000E3160000,5768564,113.0
13005,CRS3035RES1000mN2017000E3160000,1798,99.0
13006,CRS3035RES1000mN2017000E3160000,66904,
13007,CRS3035RES1000mN2017000E3160000,1777,105.0
13008,CRS3035RES1000mN2017000E3160000,1765,103.0
13009,CRS3035RES1000mN2017000E3160000,49416,106.0
13010,CRS3035RES1000mN2017000E3160000,12734939,106.0
13011,CRS3035RES1000mN2017000E3160000,167386167,98.0
13012,CRS3035RES1000mN2017000E3160000,295933804,110.0
13013,CRS3035RES1000mN2017000E3160000,303340017,117.0
13014,CRS3035RES1000mN2017000E3160000,315355551,
13015,CRS3035RES1000mN2017000E3160000,339084977,90.0
13016,CRS3035RES1000mN2017000E3160000,412911553,116.0
13017,CRS3035RES1000mN2017000E3160000,558126037,
13018,CRS3035RES1000mN2017000E3160000,711789768,
13019,CRS3035RES1000mN2017000E3160000,727666062,
13020,CRS3035RES1000mN2017000E3160000,848085869,102.0
13021,CRS3035RES1000mN2017000E3160000,1056098898,
13022,CRS3035RES1000mN2017000E3160000,1255438242,
13023,CRS3035RES1000mN2017000E3160000,1469985039,118.0
13024,CRS3035RES1000mN2017000E3160000,1504302537,
13025,CRS3035RES1000mN2017000E3160000,1511617504,
13026,CRS3035RES1000mN2017000E3160000,1541601287,
13027,CRS3035RES1000mN2017000E3160000,1544591296,
13028,CRS3035RES1000mN2017000E3160000,1598174183,
13029,CRS3035RES1000mN2017000E3160000,1629887846,
13030,CRS3035RES1000mN2017000E3160000,1686660176,
13031,CRS3035RES1000mN2017000E3160000,1716927336,96.0
13032,CRS3035RES1000mN2017000E3160000,1734554324,
13033,CRS3035RES1000mN2017000E3160000,1849109335,
13034,CRS3035RES1000mN2017000E3160000,2028408680,
13035,CRS3035RES1000mN2017000E3160000,2036887702,
13036,CRS3035RES1000mN2017000E3160000,2061404218,
13037,CRS3035RES1000mN2017000E3160000,2134238030,
13038,CRS3035RES1000mN2017000E3160000,2261600754,
13039,CRS3035RES1000mN2017000E3160000,2301402027,
13040,CRS3035RES1000mN2017000E3160000,2303966810,114.0
13041,CRS3035RES1000mN2017000E3160000,2312029862,
13042,CRS3035RES1000mN2017000E3160000,2408860250,
13043,CRS3035RES1000mN2017000E3160000,2620185829,116.0
13044,CRS3035RES1000mN2017000E3160000,2622508931,118.0
13045,CRS3035RES1000mN2017000E3160000,2672130951,
13046,CRS3035RES1000mN2017000E3160000,2710518818,113.0
13047,CRS3035RES1000mN2017000E3160000,3034026261,
13048,CRS3035RES1000mN2017000E3160000,3179889751,
13049,CRS3035RES1000mN2017000E3160000,3206611978,
13050,CRS3035RES1000mN2017000E3160000,3272828439,103.0
13051,CRS3035RES1000mN2017000E3160000,3452364276,
13052,CRS3035RES1000mN2017000E3160000,3452364277,113.0
13053,CRS3035RES1000mN2017000E3160000,3495733197,
13054,CRS3035RES1000mN2017000E3160000,3497154853,
13055,CRS3035RES1000mN2017000E3160000,3517755445,
13056,CRS3035RES1000mN2017000E3160000,3522125657,
13057,CRS3035RES1000mN2017000E3160000,3526751794,
13058,CRS3035RES1000mN2017000E3160000,3839306060,
13059,CRS3035RES1000mN2017000E3160000,4214697664,107.0
13060,CRS3035RES1000mN2017000E3160000,4338252586,
13061,CRS3035RES1000mN2017000E3160000,4401271633,
13062,CRS3035RES1000mN2017000E3160000,4515476768,
13063,CRS3035RES1000mN2017000E3160000,4569910891,105.0
13064,CRS3035RES1000mN2017000E3160000,4703730491,
13065,CRS3035RES1000mN2017000E3160000,4707870392,
13066,CRS3035RES1000mN2017000E3160000,4789037769,116.0
13067,CRS3035RES1000mN2017000E3160000,4794233143,
13068,CRS3035RES1000mN2017000E3160000,4870405674,113.0
13069,CRS3035RES1000mN2017000E3160000,5139379922,
13070,CRS3035RES1000mN2017000E3160000,5160337425,115.0
13071,CRS3035RES1000mN2017000E3160000,5196199575,
13072,CRS3035RES1000mN2017000E3160000,5341570554,102.0
13073,CRS3035RES1000mN2017000E3160000,5345949864,110.0
13074,CRS3035RES1000mN2017000E3160000,5448507385,
13075,CRS3035RES1000mN2017000E3160000,5604693894,
13076,CRS3035RES1000mN2017000E3160000,5670401989,
13077,CRS3035RES1000mN2017000E3160000,5942671299,117.0
13078,CRS3035RES1000mN2017000E3160000,5943980960,
13079,CRS3035RES1000mN2017000E3160000,6185791451,
13080,CRS3035RES1000mN2017000E3160000,6188948286,
13081,CRS3035RES1000mN2017000E3160000,6555800191,107.0
13082,CRS3035RES1000mN2017000E3160000,6885254479,
13083,CRS3035RES1000mN2017000E3160000,7222611268,
13084,CRS3035RES1000mN2017000E3160000,7408961006,
13085,CRS3035RES1000mN2017000E3160000,7619964683,
13086,CRS3035RES1000mN2017000E3160000,7836562695,
13087,CRS3035RES1000mN2017000E3160000,8493729364,99.0
13088,CRS3035RES1000mN2017000E3160000,8557885377,
13089,CRS3035RES1000mN2017000E3160000,8807212208,110.0
13090,CRS3035RES1000mN2017000E3160000,8844229173,113.0
13091,CRS3035RES1000mN2017000E3160000,8878422600,
13092,CRS3035RES1000mN2017000E3160000,9595709188,119.0
13093,CRS3035RES1000mN2017000E3160000,9611387099,100.0
13094,CRS3035RES1000mN2017000E3160000,9712656915,111.0
13095,CRS3035RES1000mN2017000E3160000,9713142744,107.0
13096,CRS3035RES1000mN2017000E3160000,9815746657,
13097,CRS3035RES1000mN2017000E3160000,10004871512,
13098,CRS3035RES1000mN2017000E3160000,10281174134,
13099,CRS3035RES1000mN2017000E3160000,10580337411,
13100,CRS3035RES1000mN2017000E3160000,10899442604,99.0
13101,CRS3035RES1000mN2017000E3160000,10922657146,97.0
13102,CRS3035RES1000mN2017000E3160000,11127499928,
13103,CRS3035RES1000mN2017000E3160000,11143725881,
13104,CRS3035RES1000mN2017000E3160000,11243087140,
13105,CRS3035RES1000mN2017000E3160000,11269399969,
13106,CRS3035RES1000mN2017000E3160000,11287269362,
13107,CRS3035RES1000mN2017000E3160000,11287269363,
13108,CRS3035RES1000mN2017000E3160000,11369705764,
13109,CRS3035RES1000mN2017000E3160000,11387776374,117.0
13110,CRS3035RES1000mN2017000E3160000,11461799040,
13111,CRS3035RES1000mN2017000E3160000,11462802981,100.0
13112,CRS3035RES1000mN2017000E3160000,11652077658,
13113,CRS3035RES1000mN2017000E3160000,11691390164,115.0
13114,CRS3035RES1000mN2017000E3160000,11739757462,78.0
13115,CRS3035RES1000mN2017000E3160000,12178446726,106.0
13116,CRS3035RES1000mN2017000E3160000,12407425114,
13117,CRS3035RES1000mN2017000E3160000,12865480228,
13118,CRS3035RES1000mN2017000E3160000,2960630,117.0
13119,CRS3035RES1000mN2017000E3160000,3554044,
13120,CRS3035RES1000mN2017000E3160000,3557906,75.0
13121,CRS3035RES1000mN2017000E3160000,5231361,
13122,CRS3035RES1000mN2017000E3160000,9314566,
13123,CRS3035RES1000mN2017000E3160000,13696257,
13124,CRS3035RES1000mN2017000E3160000,15996131,119.0
13125,CRS3035RES1000mN2017000E3160000,23526191,115.0
13126,CRS3035RES1000mN2017000E3160000,23545719,
13127,CRS3035RES1000mN2017000E3160000,30599279,94.0
13128,CRS3035RES1000mN2017000E3160000,30649229,117.0
13129,CRS3035RES1000mN2017000E3160000,32198651,
13130,CRS3035RES1000mN2017000E3160000,34945111,81.0
13131,CRS3035RES1000mN2017000E3160000,50170625,
13132,CRS3035RES1000mN2017000E3160000,82887228,
13133,CRS3035RES1000mN2017000E3160000,92484952,
13134,CRS3035RES1000mN2017000E3160000,95794713,115.0
13135,CRS3035RES1000mN2017000E3160000,96418670,104.0
13136,CRS3035RES1000mN2017000E3160000,98502686,
13137,CRS3035RES1000mN2017000E3160000,132613257,117.0
13138,CRS3035RES1000mN2017000E3160000,135036040,
13139,CRS3035RES1000mN2017000E3160000,150772489,
13140,CRS3035RES1000mN2017000E3160000,154118456,
13141,CRS3035RES1000mN2017000E3160000,157375776,
13142,CRS3035RES1000mN2017000E3160000,158211204,112.0
13143,CRS3035RES1000mN2017000E3160000,162072415,85.0
13144,CRS3035RES1000mN2017000E3160000,162117720,
13145,CRS3035RES1000mN2017000E3160000,170487273,
13146,CRS3035RES1000mN2017000E3160000,172686062,
13147,CRS3035RES1000mN2017000E3160000,174318235,105.0
13148,CRS3035RES1000mN2017000E3160000,174318237,95.0
13149,CRS3035RES1000mN2017000E3160000,205060159,
13150,CRS3035RES1000mN2017000E3160000,205757163,
13151,CRS3035RES1000mN2017000E3160000,221095520,
13152,CRS3035RES1000mN2017000E3160000,224503374,110.0
13153,CRS3035RES1000mN2017000E3160000,227333462,117.0
13154,CRS3035RES1000mN2017000E3160000,229117454,119.0
13155,CRS3035RES1000mN2017000E3160000,261460389,
13156,CRS3035RES1000mN2017000E3160000,283450022,104.0
13157,CRS3035RES1000mN2017000E3160000,288994040,93.0
13158,CRS3035RES1000mN2017000E3160000,296744564,
13159,CRS3035RES1000mN2017000E3160000,297526406,
13160,CRS3035RES1000mN2017000E3160000,300709861,115.0
13161,CRS3035RES1000mN2017000E3160000,301444634,
13162,CRS3035RES1000mN2017000E3160000,302721609,103.0
13163,CRS3035RES1000mN2017000E3160000,308195630,
13164,CRS3035RES1000mN2017000E3160000,312777902,100.0
13165,CRS3035RES1000mN2017000E3160000,330154630,
13166,CRS3035RES1000mN2017000E3160000,340205456,118.0
13167,CRS3035RES1000mN2017000E3160000,367883612,
13168,CRS3035RES1000mN2017000E3160000,368211943,
13169,CRS3035RES1000mN2017000E3160000,374180360,
13170,CRS3035RES1000mN2017000E3160000,375369499,
13171,CRS3035RES1000mN2017000E3160000,383494544,
13172,CRS3035RES1000mN2017000E3160000,384574591,74.0
13173,CRS3035RES1000mN2017000E3160000,403538322,
13174,CRS3035RES1000mN2017000E3160000,403859503,117.0
13175,CRS3035RES1000mN2017000E3160000,437050442,105.0
13176,CRS3035RES1000mN2017000E3160000,459881697,118.0
13177,CRS3035RES1000mN2017000E3160000,477278425,
13178,CRS3035RES1000mN2017000E3160000,486879235,
13179,CRS3035RES1000mN2017000E3160000,493748377,92.0
13180,CRS3035RES1000mN2017000E3160000,498234201,103.0
13181,CRS3035RES1000mN2017000E3160000,504315026,
13182,CRS3035RES1000mN2017000E3160000,548701490,
13183,CRS3035RES1000mN2017000E3160000,574210084,
13184,CRS3035RES1000mN2017000E3160000,576094143,93.0
13185,CRS3035RES1000mN2017000E3160000,584409067,
13186,CRS3035RES1000mN2017000E3160000,635512756,
13187,CRS3035RES1000mN2017000E3160000,638492224,
13188,CRS3035RES1000mN2017000E3160000,653913062,
13189,CRS3035RES1000mN2017000E3160000,659866770,
13190,CRS3035RES1000mN2017000E3160000,697717972,115.0
13191,CRS3035RES1000mN2017000E3160000,717194862,
13192,CRS3035RES1000mN2017000E3160000,736899303,
13193,CRS3035RES1000mN2017000E3160000,738042217,89.0
13194,CRS3035RES1000mN2017000E3160000,839611983,
13195,CRS3035RES1000mN2017000E3160000,957893520,97.0
13196,CRS3035RES1000mN2017000E3160000,963308110,119.0
13197,CRS3035RES1000mN2017000E3160000,1073283182,97.0
13198,CRS3035RES1000mN2017000E3160000,1252864015,
13199,CRS3035RES1000mN2017000E3160000,1283203658,
13200,CRS3035RES1000mN2017000E3161000,25526,
13201,CRS3035RES1000mN2017000E3161000,1774,97.0
13202,CRS3035RES1000mN2017000E3161000,1770,
13203,CRS3035RES1000mN2017000E3161000,1773,115.0
13204,CRS3035RES1000mN2017000E3161000,1771,112.0
13205,CRS3035RES1000mN2017000E3161000,123303,103.0
13206,CRS3035RES1000mN2017000E3161000,1764,106.0
13207,CRS3035RES1000mN2017000E3161000,181101,111.0
13208,CRS3035RES1000mN2017000E3161000,5765642,108.0
13209,CRS3035RES1000mN2017000E3161000,86719,84.0
13210,CRS3035RES1000mN2017000E3161000,1800,111.0
13211,CRS3035RES1000mN2017000E3161000,1757,116.0
13212,CRS3035RES1000mN2017000E3161000,1755,105.0
13213,CRS3035RES1000mN2017000E3161000,1882,111.0
13214,CRS3035RES1000mN2017000E3161000,1745,
13215,CRS3035RES1000mN2017000E3161000,1794,119.0
13216,CRS3035RES1000mN2017000E3161000,1762,107.0
13217,CRS3035RES1000mN2017000E3161000,51188,115.0
13218,CRS3035RES1000mN2017000E3161000,6893633,106.0
13219,CRS3035RES1000mN2017000E3161000,167128,113.0
13220,CRS3035RES1000mN2017000E3161000,1760,116.0
13221,CRS3035RES1000mN2017000E3161000,12773298,68.0
13222,CRS3035RES1000mN2017000E3161000,1754,92.0
13223,CRS3035RES1000mN2017000E3161000,1748,108.0
13224,CRS3035RES1000mN2017000E3161000,79941,
13225,CRS3035RES1000mN2017000E3161000,1750,
13226,CRS3035RES1000mN2017000E3161000,5975465,102.0
13227,CRS3035RES1000mN2017000E3161000,115056,
13228,CRS3035RES1000mN2017000E3161000,1790,
13229,CRS3035RES1000mN2017000E3161000,1756,108.0
13230,CRS3035RES1000mN2017000E3161000,51849,113.0
13231,CRS3035RES1000mN2017000E3161000,185595,116.0
13232,CRS3035RES1000mN2017000E3161000,7697128,100.0
13233,CRS3035RES1000mN2017000E3161000,10395362,
13234,CRS3035RES1000mN2017000E3161000,1759,118.0
13235,CRS3035RES1000mN2017000E3161000,1752,108.0
13236,CRS3035RES1000mN2017000E3161000,186714,116.0
13237,CRS3035RES1000mN2017000E3161000,1753,105.0
13238,CRS3035RES1000mN2017000E3161000,1792,104.0
13239,CRS3035RES1000mN2017000E3161000,1763,101.0
13240,CRS3035RES1000mN2017000E3161000,1746,
13241,CRS3035RES1000mN2017000E3161000,11572165,80.0
13242,CRS3035RES1000mN2017000E3161000,1761,100.0
13243,CRS3035RES1000mN2017000E3161000,1747,113.0
13244,CRS3035RES1000mN2017000E3161000,5768564,118.0
13245,CRS3035RES1000mN2017000E3161000,1798,103.0
13246,CRS3035RES1000mN2017000E3161000,66904,
13247,CRS3035RES1000mN2017000E3161000,1777,106.0
13248,CRS3035RES1000mN2017000E3161000,1765,109.0
13249,CRS3035RES1000mN2017000E3161000,49416,106.0
13250,CRS3035RES1000mN2017000E3161000,12734939,106.0
13251,CRS3035RES1000mN2017000E3161000,167386167,98.0
13252,CRS3035RES1000mN2017000E3161000,295933804,
13253,CRS3035RES1000mN2017000E3161000,303340017,118.0
13254,CRS3035RES1000mN2017000E3161000,315355551,
13255,CRS3035RES1000mN2017000E3161000,339084977,96.0
13256,CRS3035RES1000mN2017000E3161000,412911553,117.0
13257,CRS3035RES1000mN2017000E3161000,558126037,
13258,CRS3035RES1000mN2017000E3161000,711789768,
13259,CRS3035RES1000mN2017000E3161000,727666062,
13260,CRS3035RES1000mN2017000E3161000,848085869,108.0
13261,CRS3035RES1000mN2017000E3161000,1056098898,
13262,CRS3035RES1000mN2017000E3161000,1255438242,
13263,CRS3035RES1000mN2017000E3161000,1469985039,118.0
13264,CRS3035RES1000mN2017000E3161000,1504302537,
13265,CRS3035RES1000mN2017000E3161000,1511617504,
13266,CRS3035RES1000mN2017000E3161000,1541601287,
13267,CRS3035RES1000mN2017000E3161000,1544591296,
13268,CRS3035RES1000mN2017000E3161000,1598174183,
13269,CRS3035RES1000mN2017000E3161000,1629887846,
13270,CRS3035RES1000mN2017000E3161000,1686660176,
13271,CRS3035RES1000mN2017000E3161000,1716927336,100.0
13272,CRS3035RES1000mN2017000E3161000,1734554324,
13273,CRS3035RES1000mN2017000E3161000,1849109335,
13274,CRS3035RES1000mN2017000E3161000,2028408680,
13275,CRS3035RES1000mN2017000E3161000,2036887702,
13276,CRS3035RES1000mN2017000E3161000,2061404218,
13277,CRS3035RES1000mN2017000E3161000,2134238030,
13278,CRS3035RES1000mN2017000E3161000,2261600754,
13279,CRS3035RES1000mN2017000E3161000,2301402027,
13280,CRS3035RES1000mN2017000E3161000,2303966810,
13281,CRS3035RES1000mN2017000E3161000,2312029862,
13282,CRS3035RES1000mN2017000E3161000,2408860250,
13283,CRS3035RES1000mN2017000E3161000,2620185829,117.0
13284,CRS3035RES1000mN2017000E3161000,2622508931,119.0
13285,CRS3035RES1000mN2017000E3161000,2672130951,
13286,CRS3035RES1000mN2017000E3161000,2710518818,
13287,CRS3035RES1000mN2017000E3161000,3034026261,
13288,CRS3035RES1000mN2017000E3161000,3179889751,
13289,CRS3035RES1000mN2017000E3161000,3206611978,
13290,CRS3035RES1000mN2017000E3161000,3272828439,112.0
13291,CRS3035RES1000mN2017000E3161000,3452364276,
13292,CRS3035RES1000mN2017000E3161000,3452364277,115.0
13293,CRS3035RES1000mN2017000E3161000,3495733197,
13294,CRS3035RES1000mN2017000E3161000,3497154853,
13295,CRS3035RES1000mN2017000E3161000,3517755445,
13296,CRS3035RES1000mN2017000E3161000,3522125657,
13297,CRS3035RES1000mN2017000E3161000,3526751794,
13298,CRS3035RES1000mN2017000E3161000,3839306060,
13299,CRS3035RES1000mN2017000E3161000,4214697664,112.0
13300,CRS3035RES1000mN2017000E3161000,4338252586,
13301,CRS3035RES1000mN2017000E3161000,4401271633,
13302,CRS3035RES1000mN2017000E3161000,4515476768,
13303,CRS3035RES1000mN2017000E3161000,4569910891,105.0
13304,CRS3035RES1000mN2017000E3161000,4703730491,
13305,CRS3035RES1000mN2017000E3161000,4707870392,
13306,CRS3035RES1000mN2017000E3161000,4789037769,116.0
13307,CRS3035RES1000mN2017000E3161000,4794233143,
13308,CRS3035RES1000mN2017000E3161000,4870405674,119.0
13309,CRS3035RES1000mN2017000E3161000,5139379922,
13310,CRS3035RES1000mN2017000E3161000,5160337425,115.0
13311,CRS3035RES1000mN2017000E3161000,5196199575,
13312,CRS3035RES1000mN2017000E3161000,5341570554,107.0
13313,CRS3035RES1000mN2017000E3161000,5345949864,
13314,CRS3035RES1000mN2017000E3161000,5448507385,
13315,CRS3035RES1000mN2017000E3161000,5604693894,
13316,CRS3035RES1000mN2017000E3161000,5670401989,
13317,CRS3035RES1000mN2017000E3161000,5942671299,
13318,CRS3035RES1000mN2017000E3161000,5943980960,
13319,CRS3035RES1000mN2017000E3161000,6185791451,
13320,CRS3035RES1000mN2017000E3161000,6188948286,
13321,CRS3035RES1000mN2017000E3161000,6555800191,115.0
13322,CRS3035RES1000mN2017000E3161000,6885254479,
13323,CRS3035RES1000mN2017000E3161000,7222611268,
13324,CRS3035RES1000mN2017000E3161000,7408961006,
13325,CRS3035RES1000mN2017000E3161000,7619964683,
13326,CRS3035RES1000mN2017000E3161000,7836562695,
13327,CRS3035RES1000mN2017000E3161000,8493729364,99.0
13328,CRS3035RES1000mN2017000E3161000,8557885377,
13329,CRS3035RES1000mN2017000E3161000,8807212208,110.0
13330,CRS3035RES1000mN2017000E3161000,8844229173,113.0
13331,CRS3035RES1000mN2017000E3161000,8878422600,
13332,CRS3035RES1000mN2017000E3161000,9595709188,
13333,CRS3035RES1000mN2017000E3161000,9611387099,102.0
13334,CRS3035RES1000mN2017000E3161000,9712656915,112.0
13335,CRS3035RES1000mN2017000E3161000,9713142744,107.0
13336,CRS3035RES1000mN2017000E3161000,9815746657,
13337,CRS3035RES1000mN2017000E3161000,10004871512,
13338,CRS3035RES1000mN2017000E3161000,10281174134,
13339,CRS3035RES1000mN2017000E3161000,10580337411,
13340,CRS3035RES1000mN2017000E3161000,10899442604,108.0
13341,CRS3035RES1000mN2017000E3161000,10922657146,105.0
13342,CRS3035RES1000mN2017000E3161000,11127499928,
13343,CRS3035RES1000mN2017000E3161000,11143725881,
13344,CRS3035RES1000mN2017000E3161000,11243087140,
13345,CRS3035RES1000mN2017000E3161000,11269399969,
13346,CRS3035RES1000mN2017000E3161000,11287269362,
13347,CRS3035RES1000mN2017000E3161000,11287269363,
13348,CRS3035RES1000mN2017000E3161000,11369705764,
13349,CRS3035RES1000mN2017000E3161000,11387776374,117.0
13350,CRS3035RES1000mN2017000E3161000,11461799040,
13351,CRS3035RES1000mN2017000E3161000,11462802981,100.0
13352,CRS3035RES1000mN2017000E3161000,11652077658,
13353,CRS3035RES1000mN2017000E3161000,11691390164,116.0
13354,CRS3035RES1000mN2017000E3161000,11739757462,85.0
13355,CRS3035RES1000mN2017000E3161000,12178446726,113.0
13356,CRS3035RES1000mN2017000E3161000,12407425114,
13357,CRS3035RES1000mN2017000E3161000,12865480228,
13358,CRS3035RES1000mN2017000E3161000,2960630,
13359,CRS3035RES1000mN2017000E3161000,3554044,
13360,CRS3035RES1000mN2017000E3161000,3557906,87.0
13361,CRS3035RES1000mN2017000E3161000,5231361,
13362,CRS3035RES1000mN2017000E3161000,9314566,
13363,CRS3035RES1000mN2017000E3161000,13696257,
13364,CRS3035RES1000mN2017000E3161000,15996131,
13365,CRS3035RES1000mN2017000E3161000,23526191,
13366,CRS3035RES1000mN2017000E3161000,23545719,
13367,CRS3035RES1000mN2017000E3161000,30599279,105.0
13368,CRS3035RES1000mN2017000E3161000,30649229,118.0
13369,CRS3035RES1000mN2017000E3161000,32198651,
13370,CRS3035RES1000mN2017000E3161000,34945111,90.0
13371,CRS3035RES1000mN2017000E3161000,50170625,
13372,CRS3035RES1000mN2017000E3161000,82887228,
13373,CRS3035RES1000mN2017000E3161000,92484952,
13374,CRS3035RES1000mN2017000E3161000,95794713,116.0
13375,CRS3035RES1000mN2017000E3161000,96418670,112.0
13376,CRS3035RES1000mN2017000E3161000,98502686,
13377,CRS3035RES1000mN2017000E3161000,132613257,117.0
13378,CRS3035RES1000mN2017000E3161000,135036040,
13379,CRS3035RES1000mN2017000E3161000,150772489,
13380,CRS3035RES1000mN2017000E3161000,154118456,
13381,CRS3035RES1000mN2017000E3161000,157375776,
13382,CRS3035RES1000mN2017000E3161000,158211204,
13383,CRS3035RES1000mN2017000E3161000,162072415,96.0
13384,CRS3035RES1000mN2017000E3161000,162117720,
13385,CRS3035RES1000mN2017000E3161000,170487273,
13386,CRS3035RES1000mN2017000E3161000,172686062,
13387,CRS3035RES1000mN2017000E3161000,174318235,109.0
13388,CRS3035RES1000mN2017000E3161000,174318237,104.0
13389,CRS3035RES1000mN2017000E3161000,205060159,
13390,CRS3035RES1000mN2017000E3161000,205757163,
13391,CRS3035RES1000mN2017000E3161000,221095520,
13392,CRS3035RES1000mN2017000E3161000,224503374,114.0
13393,CRS3035RES1000mN2017000E3161000,227333462,118.0
13394,CRS3035RES1000mN2017000E3161000,229117454,
13395,CRS3035RES1000mN2017000E3161000,261460389,
13396,CRS3035RES1000mN2017000E3161000,283450022,104.0
13397,CRS3035RES1000mN2017000E3161000,288994040,95.0
13398,CRS3035RES1000mN2017000E3161000,296744564,
13399,CRS3035RES1000mN2017000E3161000,297526406,
13400,CRS3035RES1000mN2017000E3161000,300709861,
13401,CRS3035RES1000mN2017000E3161000,301444634,
13402,CRS3035RES1000mN2017000E3161000,302721609,106.0
13403,CRS3035RES1000mN2017000E3161000,308195630,
13404,CRS3035RES1000mN2017000E3161000,312777902,105.0
13405,CRS3035RES1000mN2017000E3161000,330154630,
13406,CRS3035RES1000mN2017000E3161000,340205456,118.0
13407,CRS3035RES1000mN2017000E3161000,367883612,
13408,CRS3035RES1000mN2017000E3161000,368211943,
13409,CRS3035RES1000mN2017000E3161000,374180360,
13410,CRS3035RES1000mN2017000E3161000,375369499,
13411,CRS3035RES1000mN2017000E3161000,383494544,
13412,CRS3035RES1000mN2017000E3161000,384574591,80.0
13413,CRS3035RES1000mN2017000E3161000,403538322,
13414,CRS3035RES1000mN2017000E3161000,403859503,118.0
13415,CRS3035RES1000mN2017000E3161000,437050442,112.0
13416,CRS3035RES1000mN2017000E3161000,459881697,119.0
13417,CRS3035RES1000mN2017000E3161000,477278425,
13418,CRS3035RES1000mN2017000E3161000,486879235,
13419,CRS3035RES1000mN2017000E3161000,493748377,98.0
13420,CRS3035RES1000mN2017000E3161000,498234201,110.0
13421,CRS3035RES1000mN2017000E3161000,504315026,
13422,CRS3035RES1000mN2017000E3161000,548701490,
13423,CRS3035RES1000mN2017000E3161000,574210084,
13424,CRS3035RES1000mN2017000E3161000,576094143,98.0
13425,CRS3035RES1000mN2017000E3161000,584409067,
13426,CRS3035RES1000mN2017000E3161000,635512756,
13427,CRS3035RES1000mN2017000E3161000,638492224,
13428,CRS3035RES1000mN2017000E3161000,653913062,
13429,CRS3035RES1000mN2017000E3161000,659866770,
13430,CRS3035RES1000mN2017000E3161000,697717972,
13431,CRS3035RES1000mN2017000E3161000,717194862,
13432,CRS3035RES1000mN2017000E3161000,736899303,
13433,CRS3035RES1000mN2017000E3161000,738042217,106.0
13434,CRS3035RES1000mN2017000E3161000,839611983,
13435,CRS3035RES1000mN2017000E3161000,957893520,97.0
13436,CRS3035RES1000mN2017000E3161000,963308110,119.0
13437,CRS3035RES1000mN2017000E3161000,1073283182,103.0
13438,CRS3035RES1000mN2017000E3161000,1252864015,
13439,CRS3035RES1000mN2017000E3161000,1283203658,
13440,CRS3035RES1000mN2017000E3162000,25526,103.0
13441,CRS3035RES1000mN2017000E3162000,1774,79.0
13442,CRS3035RES1000mN2017000E3162000,1770,106.0
13443,CRS3035RES1000mN2017000E3162000,1773,95.0
13444,CRS3035RES1000mN2017000E3162000,1771,93.0
13445,CRS3035RES1000mN2017000E3162000,123303,82.0
13446,CRS3035RES1000mN2017000E3162000,1764,86.0
13447,CRS3035RES1000mN2017000E3162000,181101,91.0
13448,CRS3035RES1000mN2017000E3162000,5765642,90.0
13449,CRS3035RES1000mN2017000E3162000,86719,64.0
13450,CRS3035RES1000mN2017000E3162000,1800,90.0
13451,CRS3035RES1000mN2017000E3162000,1757,98.0
13452,CRS3035RES1000mN2017000E3162000,1755,84.0
13453,CRS3035RES1000mN2017000E3162000,1882,91.0
13454,CRS3035RES1000mN2017000E3162000,1745,104.0
13455,CRS3035RES1000mN2017000E3162000,1794,100.0
13456,CRS3035RES1000mN2017000E3162000,1762,89.0
13457,CRS3035RES1000mN2017000E3162000,51188,93.0
13458,CRS3035RES1000mN2017000E3162000,6893633,86.0
13459,CRS3035RES1000mN2017000E3162000,167128,93.0
13460,CRS3035RES1000mN2017000E3162000,1760,95.0
13461,CRS3035RES1000mN2017000E3162000,12773298,48.0
13462,CRS3035RES1000mN2017000E3162000,1754,72.0
13463,CRS3035RES1000mN2017000E3162000,1748,88.0
13464,CRS3035RES1000mN2017000E3162000,79941,107.0
13465,CRS3035RES1000mN2017000E3162000,1750,99.0
13466,CRS3035RES1000mN2017000E3162000,5975465,82.0
13467,CRS3035RES1000mN2017000E3162000,115056,109.0
13468,CRS3035RES1000mN2017000E3162000,1790,101.0
13469,CRS3035RES1000mN2017000E3162000,1756,90.0
13470,CRS3035RES1000mN2017000E3162000,51849,93.0
13471,CRS3035RES1000mN2017000E3162000,185595,95.0
13472,CRS3035RES1000mN2017000E3162000,7697128,81.0
13473,CRS3035RES1000mN2017000E3162000,10395362,111.0
13474,CRS3035RES1000mN2017000E3162000,1759,96.0
13475,CRS3035RES1000mN2017000E3162000,1752,90.0
13476,CRS3035RES1000mN2017000E3162000,186714,95.0
13477,CRS3035RES1000mN2017000E3162000,1753,84.0
13478,CRS3035RES1000mN2017000E3162000,1792,84.0
13479,CRS3035RES1000mN2017000E3162000,1763,81.0
13480,CRS3035RES1000mN2017000E3162000,1746,100.0
13481,CRS3035RES1000mN2017000E3162000,11572165,60.0
13482,CRS3035RES1000mN2017000E3162000,1761,79.0
13483,CRS3035RES1000mN2017000E3162000,1747,93.0
13484,CRS3035RES1000mN2017000E3162000,5768564,99.0
13485,CRS3035RES1000mN2017000E3162000,1798,84.0
13486,CRS3035RES1000mN2017000E3162000,66904,98.0
13487,CRS3035RES1000mN2017000E3162000,1777,85.0
13488,CRS3035RES1000mN2017000E3162000,1765,92.0
13489,CRS3035RES1000mN2017000E3162000,49416,85.0
13490,CRS3035RES1000mN2017000E3162000,12734939,85.0
13491,CRS3035RES1000mN2017000E3162000,167386167,77.0
13492,CRS3035RES1000mN2017000E3162000,295933804,97.0
13493,CRS3035RES1000mN2017000E3162000,303340017,102.0
13494,CRS3035RES1000mN2017000E3162000,315355551,117.0
13495,CRS3035RES1000mN2017000E3162000,339084977,77.0
13496,CRS3035RES1000mN2017000E3162000,412911553,96.0
13497,CRS3035RES1000mN2017000E3162000,558126037,
13498,CRS3035RES1000mN2017000E3162000,711789768,
13499,CRS3035RES1000mN2017000E3162000,727666062,
13500,CRS3035RES1000mN2017000E3162000,848085869,90.0
13501,CRS3035RES1000mN2017000E3162000,1056098898,101.0
13502,CRS3035RES1000mN2017000E3162000,1255438242,
13503,CRS3035RES1000mN2017000E3162000,1469985039,98.0
13504,CRS3035RES1000mN2017000E3162000,1504302537,
13505,CRS3035RES1000mN2017000E3162000,1511617504,117.0
13506,CRS3035RES1000mN2017000E3162000,1541601287,
13507,CRS3035RES1000mN2017000E3162000,1544591296,102.0
13508,CRS3035RES1000mN2017000E3162000,1598174183,110.0
13509,CRS3035RES1000mN2017000E3162000,1629887846,113.0
13510,CRS3035RES1000mN2017000E3162000,1686660176,110.0
13511,CRS3035RES1000mN2017000E3162000,1716927336,85.0
13512,CRS3035RES1000mN2017000E3162000,1734554324,
13513,CRS3035RES1000mN2017000E3162000,1849109335,107.0
13514,CRS3035RES1000mN2017000E3162000,2028408680,
13515,CRS3035RES1000mN2017000E3162000,2036887702,
13516,CRS3035RES1000mN2017000E3162000,2061404218,108.0
13517,CRS3035RES1000mN2017000E3162000,2134238030,
13518,CRS3035RES1000mN2017000E3162000,2261600754,
13519,CRS3035RES1000mN2017000E3162000,2301402027,
13520,CRS3035RES1000mN2017000E3162000,2303966810,111.0
13521,CRS3035RES1000mN2017000E3162000,2312029862,112.0
13522,CRS3035RES1000mN2017000E3162000,2408860250,
13523,CRS3035RES1000mN2017000E3162000,2620185829,95.0
13524,CRS3035RES1000mN2017000E3162000,2622508931,100.0
13525,CRS3035RES1000mN2017000E3162000,2672130951,
13526,CRS3035RES1000mN2017000E3162000,2710518818,113.0
13527,CRS3035RES1000mN2017000E3162000,3034026261,
13528,CRS3035RES1000mN2017000E3162000,3179889751,
13529,CRS3035RES1000mN2017000E3162000,3206611978,
13530,CRS3035RES1000mN2017000E3162000,3272828439,99.0
13531,CRS3035RES1000mN2017000E3162000,3452364276,115.0
13532,CRS3035RES1000mN2017000E3162000,3452364277,94.0
13533,CRS3035RES1000mN2017000E3162000,3495733197,
13534,CRS3035RES1000mN2017000E3162000,3497154853,
13535,CRS3035RES1000mN2017000E3162000,3517755445,
13536,CRS3035RES1000mN2017000E3162000,3522125657,
13537,CRS3035RES1000mN2017000E3162000,3526751794,
13538,CRS3035RES1000mN2017000E3162000,3839306060,115.0
13539,CRS3035RES1000mN2017000E3162000,4214697664,94.0
13540,CRS3035RES1000mN2017000E3162000,4338252586,
13541,CRS3035RES1000mN2017000E3162000,4401271633,98.0
13542,CRS3035RES1000mN2017000E3162000,4515476768,
13543,CRS3035RES1000mN2017000E3162000,4569910891,85.0
13544,CRS3035RES1000mN2017000E3162000,4703730491,115.0
13545,CRS3035RES1000mN2017000E3162000,4707870392,108.0
13546,CRS3035RES1000mN2017000E3162000,4789037769,100.0
13547,CRS3035RES1000mN2017000E3162000,4794233143,
13548,CRS3035RES1000mN2017000E3162000,4870405674,100.0
13549,CRS3035RES1000mN2017000E3162000,5139379922,
13550,CRS3035RES1000mN2017000E3162000,5160337425,94.0
13551,CRS3035RES1000mN2017000E3162000,5196199575,
13552,CRS3035RES1000mN2017000E3162000,5341570554,87.0
13553,CRS3035RES1000mN2017000E3162000,5345949864,110.0
13554,CRS3035RES1000mN2017000E3162000,5448507385,
13555,CRS3035RES1000mN2017000E3162000,5604693894,
13556,CRS3035RES1000mN2017000E3162000,5670401989,
13557,CRS3035RES1000mN2017000E3162000,5942671299,117.0
13558,CRS3035RES1000mN2017000E3162000,5943980960,
13559,CRS3035RES1000mN2017000E3162000,6185791451,
13560,CRS3035RES1000mN2017000E3162000,6188948286,103.0
13561,CRS3035RES1000mN2017000E3162000,6555800191,103.0
13562,CRS3035RES1000mN2017000E3162000,6885254479,106.0
13563,CRS3035RES1000mN2017000E3162000,7222611268,
13564,CRS3035RES1000mN2017000E3162000,7408961006,
13565,CRS3035RES1000mN2017000E3162000,7619964683,
13566,CRS3035RES1000mN2017000E3162000,7836562695,
13567,CRS3035RES1000mN2017000E3162000,8493729364,79.0
13568,CRS3035RES1000mN2017000E3162000,8557885377,
13569,CRS3035RES1000mN2017000E3162000,8807212208,90.0
13570,CRS3035RES1000mN2017000E3162000,8844229173,93.0
13571,CRS3035RES1000mN2017000E3162000,8878422600,119.0
13572,CRS3035RES1000mN2017000E3162000,9595709188,99.0
13573,CRS3035RES1000mN2017000E3162000,9611387099,82.0
13574,CRS3035RES1000mN2017000E3162000,9712656915,93.0
13575,CRS3035RES1000mN2017000E3162000,9713142744,86.0
13576,CRS3035RES1000mN2017000E3162000,9815746657,
13577,CRS3035RES1000mN2017000E3162000,10004871512,113.0
13578,CRS3035RES1000mN2017000E3162000,10281174134,
13579,CRS3035RES1000mN2017000E3162000,10580337411,119.0
13580,CRS3035RES1000mN2017000E3162000,10899442604,95.0
13581,CRS3035RES1000mN2017000E3162000,10922657146,93.0
13582,CRS3035RES1000mN2017000E3162000,11127499928,
13583,CRS3035RES1000mN2017000E3162000,11143725881,
13584,CRS3035RES1000mN2017000E3162000,11243087140,113.0
13585,CRS3035RES1000mN2017000E3162000,11269399969,108.0
13586,CRS3035RES1000mN2017000E3162000,11287269362,115.0
13587,CRS3035RES1000mN2017000E3162000,11287269363,
13588,CRS3035RES1000mN2017000E3162000,11369705764,
13589,CRS3035RES1000mN2017000E3162000,11387776374,98.0
13590,CRS3035RES1000mN2017000E3162000,11461799040,
13591,CRS3035RES1000mN2017000E3162000,11462802981,80.0
13592,CRS3035RES1000mN2017000E3162000,11652077658,112.0
13593,CRS3035RES1000mN2017000E3162000,11691390164,95.0
13594,CRS3035RES1000mN2017000E3162000,11739757462,75.0
13595,CRS3035RES1000mN2017000E3162000,12178446726,95.0
13596,CRS3035RES1000mN2017000E3162000,12407425114,
13597,CRS3035RES1000mN2017000E3162000,12865480228,116.0
13598,CRS3035RES1000mN2017000E3162000,2960630,114.0
13599,CRS3035RES1000mN2017000E3162000,3554044,119.0
13600,CRS3035RES1000mN2017000E3162000,3557906,84.0
13601,CRS3035RES1000mN2017000E3162000,5231361,102.0
13602,CRS3035RES1000mN2017000E3162000,9314566,
13603,CRS3035RES1000mN2017000E3162000,13696257,
13604,CRS3035RES1000mN2017000E3162000,15996131,102.0
13605,CRS3035RES1000mN2017000E3162000,23526191,102.0
13606,CRS3035RES1000mN2017000E3162000,23545719,103.0
13607,CRS3035RES1000mN2017000E3162000,30599279,88.0
13608,CRS3035RES1000mN2017000E3162000,30649229,100.0
13609,CRS3035RES1000mN2017000E3162000,32198651,
13610,CRS3035RES1000mN2017000E3162000,34945111,83.0
13611,CRS3035RES1000mN2017000E3162000,50170625,
13612,CRS3035RES1000mN2017000E3162000,82887228,
13613,CRS3035RES1000mN2017000E3162000,92484952,
13614,CRS3035RES1000mN2017000E3162000,95794713,96.0
13615,CRS3035RES1000mN2017000E3162000,96418670,99.0
13616,CRS3035RES1000mN2017000E3162000,98502686,108.0
13617,CRS3035RES1000mN2017000E3162000,132613257,98.0
13618,CRS3035RES1000mN2017000E3162000,135036040,102.0
13619,CRS3035RES1000mN2017000E3162000,150772489,100.0
13620,CRS3035RES1000mN2017000E3162000,154118456,
13621,CRS3035RES1000mN2017000E3162000,157375776,119.0
13622,CRS3035RES1000mN2017000E3162000,158211204,107.0
13623,CRS3035RES1000mN2017000E3162000,162072415,85.0
13624,CRS3035RES1000mN2017000E3162000,162117720,
13625,CRS3035RES1000mN2017000E3162000,170487273,
13626,CRS3035RES1000mN2017000E3162000,172686062,114.0
13627,CRS3035RES1000mN2017000E3162000,174318235,92.0
13628,CRS3035RES1000mN2017000E3162000,174318237,91.0
13629,CRS3035RES1000mN2017000E3162000,205060159,
13630,CRS3035RES1000mN2017000E3162000,205757163,
13631,CRS3035RES1000mN2017000E3162000,221095520,119.0
13632,CRS3035RES1000mN2017000E3162000,224503374,93.0
13633,CRS3035RES1000mN2017000E3162000,227333462,117.0
13634,CRS3035RES1000mN2017000E3162000,229117454,119.0
13635,CRS3035RES1000mN2017000E3162000,261460389,
13636,CRS3035RES1000mN2017000E3162000,283450022,85.0
13637,CRS3035RES1000mN2017000E3162000,288994040,75.0
13638,CRS3035RES1000mN2017000E3162000,296744564,
13639,CRS3035RES1000mN2017000E3162000,297526406,
13640,CRS3035RES1000mN2017000E3162000,300709861,100.0
13641,CRS3035RES1000mN2017000E3162000,301444634,
13642,CRS3035RES1000mN2017000E3162000,302721609,87.0
13643,CRS3035RES1000mN2017000E3162000,308195630,
13644,CRS3035RES1000mN2017000E3162000,312777902,85.0
13645,CRS3035RES1000mN2017000E3162000,330154630,
13646,CRS3035RES1000mN2017000E3162000,340205456,97.0
13647,CRS3035RES1000mN2017000E3162000,367883612,
13648,CRS3035RES1000mN2017000E3162000,368211943,
13649,CRS3035RES1000mN2017000E3162000,374180360,118.0
13650,CRS3035RES1000mN2017000E3162000,375369499,
13651,CRS3035RES1000mN2017000E3162000,383494544,99.0
13652,CRS3035RES1000mN2017000E3162000,384574591,79.0
13653,CRS3035RES1000mN2017000E3162000,403538322,
13654,CRS3035RES1000mN2017000E3162000,403859503,97.0
13655,CRS3035RES1000mN2017000E3162000,437050442,92.0
13656,CRS3035RES1000mN2017000E3162000,459881697,118.0
13657,CRS3035RES1000mN2017000E3162000,477278425,
13658,CRS3035RES1000mN2017000E3162000,486879235,
13659,CRS3035RES1000mN2017000E3162000,493748377,78.0
13660,CRS3035RES1000mN2017000E3162000,498234201,90.0
13661,CRS3035RES1000mN2017000E3162000,504315026,117.0
13662,CRS3035RES1000mN2017000E3162000,548701490,
13663,CRS3035RES1000mN2017000E3162000,574210084,
13664,CRS3035RES1000mN2017000E3162000,576094143,84.0
13665,CRS3035RES1000mN2017000E3162000,584409067,118.0
13666,CRS3035RES1000mN2017000E3162000,635512756,
13667,CRS3035RES1000mN2017000E3162000,638492224,
13668,CRS3035RES1000mN2017000E3162000,653913062,
13669,CRS3035RES1000mN2017000E3162000,659866770,
13670,CRS3035RES1000mN2017000E3162000,697717972,109.0
13671,CRS3035RES1000mN2017000E3162000,717194862,
13672,CRS3035RES1000mN2017000E3162000,736899303,
13673,CRS3035RES1000mN2017000E3162000,738042217,86.0
13674,CRS3035RES1000mN2017000E3162000,839611983,
13675,CRS3035RES1000mN2017000E3162000,957893520,76.0
13676,CRS3035RES1000mN2017000E3162000,963308110,99.0
13677,CRS3035RES1000mN2017000E3162000,1073283182,80.0
13678,CRS3035RES1000mN2017000E3162000,1252864015,110.0
13679,CRS3035RES1000mN2017000E3162000,1283203658,
13680,CRS3035RES1000mN2017000E3163000,25526,103.0
13681,CRS3035RES1000mN2017000E3163000,1774,79.0
13682,CRS3035RES1000mN2017000E3163000,1770,106.0
13683,CRS3035RES1000mN2017000E3163000,1773,95.0
13684,CRS3035RES1000mN2017000E3163000,1771,92.0
13685,CRS3035RES1000mN2017000E3163000,123303,82.0
13686,CRS3035RES1000mN2017000E3163000,1764,87.0
13687,CRS3035RES1000mN2017000E3163000,181101,91.0
13688,CRS3035RES1000mN2017000E3163000,5765642,90.0
13689,CRS3035RES1000mN2017000E3163000,86719,64.0
13690,CRS3035RES1000mN2017000E3163000,1800,90.0
13691,CRS3035RES1000mN2017000E3163000,1757,97.0
13692,CRS3035RES1000mN2017000E3163000,1755,84.0
13693,CRS3035RES1000mN2017000E3163000,1882,91.0
13694,CRS3035RES1000mN2017000E3163000,1745,105.0
13695,CRS3035RES1000mN2017000E3163000,1794,101.0
13696,CRS3035RES1000mN2017000E3163000,1762,89.0
13697,CRS3035RES1000mN2017000E3163000,51188,93.0
13698,CRS3035RES1000mN2017000E3163000,6893633,87.0
13699,CRS3035RES1000mN2017000E3163000,167128,93.0
13700,CRS3035RES1000mN2017000E3163000,1760,95.0
13701,CRS3035RES1000mN2017000E3163000,12773298,48.0
13702,CRS3035RES1000mN2017000E3163000,1754,72.0
13703,CRS3035RES1000mN2017000E3163000,1748,88.0
13704,CRS3035RES1000mN2017000E3163000,79941,107.0
13705,CRS3035RES1000mN2017000E3163000,1750,99.0
13706,CRS3035RES1000mN2017000E3163000,5975465,83.0
13707,CRS3035RES1000mN2017000E3163000,115056,109.0
13708,CRS3035RES1000mN2017000E3163000,1790,101.0
13709,CRS3035RES1000mN2017000E3163000,1756,89.0
13710,CRS3035RES1000mN2017000E3163000,51849,94.0
13711,CRS3035RES1000mN2017000E3163000,185595,96.0
13712,CRS3035RES1000mN2017000E3163000,7697128,81.0
13713,CRS3035RES1000mN2017000E3163000,10395362,111.0
13714,CRS3035RES1000mN2017000E3163000,1759,96.0
13715,CRS3035RES1000mN2017000E3163000,1752,90.0
13716,CRS3035RES1000mN2017000E3163000,186714,96.0
13717,CRS3035RES1000mN2017000E3163000,1753,85.0
13718,CRS3035RES1000mN2017000E3163000,1792,84.0
13719,CRS3035RES1000mN2017000E3163000,1763,81.0
13720,CRS3035RES1000mN2017000E3163000,1746,100.0
13721,CRS3035RES1000mN2017000E3163000,11572165,60.0
13722,CRS3035RES1000mN2017000E3163000,1761,80.0
13723,CRS3035RES1000mN2017000E3163000,1747,93.0
13724,CRS3035RES1000mN2017000E3163000,5768564,99.0
13725,CRS3035RES1000mN2017000E3163000,1798,84.0
13726,CRS3035RES1000mN2017000E3163000,66904,98.0
13727,CRS3035RES1000mN2017000E3163000,1777,85.0
13728,CRS3035RES1000mN2017000E3163000,1765,92.0
13729,CRS3035RES1000mN2017000E3163000,49416,86.0
13730,CRS3035RES1000mN2017000E3163000,12734939,86.0
13731,CRS3035RES1000mN2017000E3163000,167386167,77.0
13732,CRS3035RES1000mN2017000E3163000,295933804,97.0
13733,CRS3035RES1000mN2017000E3163000,303340017,102.0
13734,CRS3035RES1000mN2017000E3163000,315355551,117.0
13735,CRS3035RES1000mN2017000E3163000,339084977,77.0
13736,CRS3035RES1000mN2017000E3163000,412911553,95.0
13737,CRS3035RES1000mN2017000E3163000,558126037,
13738,CRS3035RES1000mN2017000E3163000,711789768,
13739,CRS3035RES1000mN2017000E3163000,727666062,
13740,CRS3035RES1000mN2017000E3163000,848085869,90.0
13741,CRS3035RES1000mN2017000E3163000,1056098898,102.0
13742,CRS3035RES1000mN2017000E3163000,1255438242,
13743,CRS3035RES1000mN2017000E3163000,1469985039,98.0
13744,CRS3035RES1000mN2017000E3163000,1504302537,
13745,CRS3035RES1000mN2017000E3163000,1511617504,117.0
13746,CRS3035RES1000mN2017000E3163000,1541601287,
13747,CRS3035RES1000mN2017000E3163000,1544591296,102.0
13748,CRS3035RES1000mN2017000E3163000,1598174183,110.0
13749,CRS3035RES1000mN2017000E3163000,1629887846,113.0
13750,CRS3035RES1000mN2017000E3163000,1686660176,111.0
13751,CRS3035RES1000mN2017000E3163000,1716927336,85.0
13752,CRS3035RES1000mN2017000E3163000,1734554324,
13753,CRS3035RES1000mN2017000E3163000,1849109335,107.0
13754,CRS3035RES1000mN2017000E3163000,2028408680,
13755,CRS3035RES1000mN2017000E3163000,2036887702,
13756,CRS3035RES1000mN2017000E3163000,2061404218,108.0
13757,CRS3035RES1000mN2017000E3163000,2134238030,
13758,CRS3035RES1000mN2017000E3163000,2261600754,
13759,CRS3035RES1000mN2017000E3163000,2301402027,
13760,CRS3035RES1000mN2017000E3163000,2303966810,111.0
13761,CRS3035RES1000mN2017000E3163000,2312029862,112.0
13762,CRS3035RES1000mN2017000E3163000,2408860250,
13763,CRS3035RES1000mN2017000E3163000,2620185829,96.0
13764,CRS3035RES1000mN2017000E3163000,2622508931,100.0
13765,CRS3035RES1000mN2017000E3163000,2672130951,
13766,CRS3035RES1000mN2017000E3163000,2710518818,113.0
13767,CRS3035RES1000mN2017000E3163000,3034026261,
13768,CRS3035RES1000mN2017000E3163000,3179889751,
13769,CRS3035RES1000mN2017000E3163000,3206611978,
13770,CRS3035RES1000mN2017000E3163000,3272828439,100.0
13771,CRS3035RES1000mN2017000E3163000,3452364276,115.0
13772,CRS3035RES1000mN2017000E3163000,3452364277,93.0
13773,CRS3035RES1000mN2017000E3163000,3495733197,
13774,CRS3035RES1000mN2017000E3163000,3497154853,
13775,CRS3035RES1000mN2017000E3163000,3517755445,
13776,CRS3035RES1000mN2017000E3163000,3522125657,
13777,CRS3035RES1000mN2017000E3163000,3526751794,
13778,CRS3035RES1000mN2017000E3163000,3839306060,115.0
13779,CRS3035RES1000mN2017000E3163000,4214697664,94.0
13780,CRS3035RES1000mN2017000E3163000,4338252586,
13781,CRS3035RES1000mN2017000E3163000,4401271633,98.0
13782,CRS3035RES1000mN2017000E3163000,4515476768,
13783,CRS3035RES1000mN2017000E3163000,4569910891,85.0
13784,CRS3035RES1000mN2017000E3163000,4703730491,115.0
13785,CRS3035RES1000mN2017000E3163000,4707870392,108.0
13786,CRS3035RES1000mN2017000E3163000,4789037769,100.0
13787,CRS3035RES1000mN2017000E3163000,4794233143,
13788,CRS3035RES1000mN2017000E3163000,4870405674,100.0
13789,CRS3035RES1000mN2017000E3163000,5139379922,
13790,CRS3035RES1000mN2017000E3163000,5160337425,95.0
13791,CRS3035RES1000mN2017000E3163000,5196199575,
13792,CRS3035RES1000mN2017000E3163000,5341570554,87.0
13793,CRS3035RES1000mN2017000E3163000,5345949864,110.0
13794,CRS3035RES1000mN2017000E3163000,5448507385,
13795,CRS3035RES1000mN2017000E3163000,5604693894,
13796,CRS3035RES1000mN2017000E3163000,5670401989,
13797,CRS3035RES1000mN2017000E3163000,5942671299,117.0
13798,CRS3035RES1000mN2017000E3163000,5943980960,
13799,CRS3035RES1000mN2017000E3163000,6185791451,
13800,CRS3035RES1000mN2017000E3163000,6188948286,104.0
13801,CRS3035RES1000mN2017000E3163000,6555800191,103.0
13802,CRS3035RES1000mN2017000E3163000,6885254479,106.0
13803,CRS3035RES1000mN2017000E3163000,7222611268,
13804,CRS3035RES1000mN2017000E3163000,7408961006,
13805,CRS3035RES1000mN2017000E3163000,7619964683,
13806,CRS3035RES1000mN2017000E3163000,7836562695,
13807,CRS3035RES1000mN2017000E3163000,8493729364,80.0
13808,CRS3035RES1000mN2017000E3163000,8557885377,
13809,CRS3035RES1000mN2017000E3163000,8807212208,90.0
13810,CRS3035RES1000mN2017000E3163000,8844229173,94.0
13811,CRS3035RES1000mN2017000E3163000,8878422600,119.0
13812,CRS3035RES1000mN2017000E3163000,9595709188,98.0
13813,CRS3035RES1000mN2017000E3163000,9611387099,82.0
13814,CRS3035RES1000mN2017000E3163000,9712656915,92.0
13815,CRS3035RES1000mN2017000E3163000,9713142744,86.0
13816,CRS3035RES1000mN2017000E3163000,9815746657,
13817,CRS3035RES1000mN2017000E3163000,10004871512,113.0
13818,CRS3035RES1000mN2017000E3163000,10281174134,
13819,CRS3035RES1000mN2017000E3163000,10580337411,119.0
13820,CRS3035RES1000mN2017000E3163000,10899442604,96.0
13821,CRS3035RES1000mN2017000E3163000,10922657146,93.0
13822,CRS3035RES1000mN2017000E3163000,11127499928,
13823,CRS3035RES1000mN2017000E3163000,11143725881,
13824,CRS3035RES1000mN2017000E3163000,11243087140,112.0
13825,CRS3035RES1000mN2017000E3163000,11269399969,108.0
13826,CRS3035RES1000mN2017000E3163000,11287269362,115.0
13827,CRS3035RES1000mN2017000E3163000,11287269363,
13828,CRS3035RES1000mN2017000E3163000,11369705764,
13829,CRS3035RES1000mN2017000E3163000,11387776374,97.0
13830,CRS3035RES1000mN2017000E3163000,11461799040,
13831,CRS3035RES1000mN2017000E3163000,11462802981,80.0
13832,CRS3035RES1000mN2017000E3163000,11652077658,112.0
13833,CRS3035RES1000mN2017000E3163000,11691390164,95.0
13834,CRS3035RES1000mN2017000E3163000,11739757462,75.0
13835,CRS3035RES1000mN2017000E3163000,12178446726,94.0
13836,CRS3035RES1000mN2017000E3163000,12407425114,
13837,CRS3035RES1000mN2017000E3163000,12865480228,116.0
13838,CRS3035RES1000mN2017000E3163000,2960630,114.0
13839,CRS3035RES1000mN2017000E3163000,3554044,
13840,CRS3035RES1000mN2017000E3163000,3557906,83.0
13841,CRS3035RES1000mN2017000E3163000,5231361,102.0
13842,CRS3035RES1000mN2017000E3163000,9314566,
13843,CRS3035RES1000mN2017000E3163000,13696257,
13844,CRS3035RES1000mN2017000E3163000,15996131,102.0
13845,CRS3035RES1000mN2017000E3163000,23526191,103.0
13846,CRS3035RES1000mN2017000E3163000,23545719,103.0
13847,CRS3035RES1000mN2017000E3163000,30599279,88.0
13848,CRS3035RES1000mN2017000E3163000,30649229,100.0
13849,CRS3035RES1000mN2017000E3163000,32198651,
13850,CRS3035RES1000mN2017000E3163000,34945111,84.0
13851,CRS3035RES1000mN2017000E3163000,50170625,
13852,CRS3035RES1000mN2017000E3163000,82887228,
13853,CRS3035RES1000mN2017000E3163000,92484952,
13854,CRS3035RES1000mN2017000E3163000,95794713,96.0
13855,CRS3035RES1000mN2017000E3163000,96418670,100.0
13856,CRS3035RES1000mN2017000E3163000,98502686,108.0
13857,CRS3035RES1000mN2017000E3163000,132613257,97.0
13858,CRS3035RES1000mN2017000E3163000,135036040,102.0
13859,CRS3035RES1000mN2017000E3163000,150772489,100.0
13860,CRS3035RES1000mN2017000E3163000,154118456,
13861,CRS3035RES1000mN2017000E3163000,157375776,119.0
13862,CRS3035RES1000mN2017000E3163000,158211204,108.0
13863,CRS3035RES1000mN2017000E3163000,162072415,85.0
13864,CRS3035RES1000mN2017000E3163000,162117720,
13865,CRS3035RES1000mN2017000E3163000,170487273,
13866,CRS3035RES1000mN2017000E3163000,172686062,114.0
13867,CRS3035RES1000mN2017000E3163000,174318235,92.0
13868,CRS3035RES1000mN2017000E3163000,174318237,92.0
13869,CRS3035RES1000mN2017000E3163000,205060159,
13870,CRS3035RES1000mN2017000E3163000,205757163,
13871,CRS3035RES1000mN2017000E3163000,221095520,119.0
13872,CRS3035RES1000mN2017000E3163000,224503374,93.0
13873,CRS3035RES1000mN2017000E3163000,227333462,117.0
13874,CRS3035RES1000mN2017000E3163000,229117454,119.0
13875,CRS3035RES1000mN2017000E3163000,261460389,
13876,CRS3035RES1000mN2017000E3163000,283450022,86.0
13877,CRS3035RES1000mN2017000E3163000,288994040,75.0
13878,CRS3035RES1000mN2017000E3163000,296744564,
13879,CRS3035RES1000mN2017000E3163000,297526406,
13880,CRS3035RES1000mN2017000E3163000,300709861,100.0
13881,CRS3035RES1000mN2017000E3163000,301444634,
13882,CRS3035RES1000mN2017000E3163000,302721609,87.0
13883,CRS3035RES1000mN2017000E3163000,308195630,
13884,CRS3035RES1000mN2017000E3163000,312777902,85.0
13885,CRS3035RES1000mN2017000E3163000,330154630,
13886,CRS3035RES1000mN2017000E3163000,340205456,97.0
13887,CRS3035RES1000mN2017000E3163000,367883612,
13888,CRS3035RES1000mN2017000E3163000,368211943,
13889,CRS3035RES1000mN2017000E3163000,374180360,118.0
13890,CRS3035RES1000mN2017000E3163000,375369499,
13891,CRS3035RES1000mN2017000E3163000,383494544,99.0
13892,CRS3035RES1000mN2017000E3163000,384574591,79.0
13893,CRS3035RES1000mN2017000E3163000,403538322,
13894,CRS3035RES1000mN2017000E3163000,403859503,97.0
13895,CRS3035RES1000mN2017000E3163000,437050442,92.0
13896,CRS3035RES1000mN2017000E3163000,459881697,118.0
13897,CRS3035RES1000mN2017000E3163000,477278425,
13898,CRS3035RES1000mN2017000E3163000,486879235,
13899,CRS3035RES1000mN2017000E3163000,493748377,78.0
13900,CRS3035RES1000mN2017000E3163000,498234201,90.0
13901,CRS3035RES1000mN2017000E3163000,504315026,117.0
13902,CRS3035RES1000mN2017000E3163000,548701490,
13903,CRS3035RES1000mN2017000E3163000,574210084,
13904,CRS3035RES1000mN2017000E3163000,576094143,84.0
13905,CRS3035RES1000mN2017000E3163000,584409067,119.0
13906,CRS3035RES1000mN2017000E3163000,635512756,
13907,CRS3035RES1000mN2017000E3163000,638492224,
13908,CRS3035RES1000mN2017000E3163000,653913062,
13909,CRS3035RES1000mN2017000E3163000,659866770,
13910,CRS3035RES1000mN2017000E3163000,697717972,109.0
13911,CRS3035RES1000mN2017000E3163000,717194862,
13912,CRS3035RES1000mN2017000E3163000,736899303,
13913,CRS3035RES1000mN2017000E3163000,738042217,86.0
13914,CRS3035RES1000mN2017000E3163000,839611983,
13915,CRS3035RES1000mN2017000E3163000,957893520,77.0
13916,CRS3035RES1000mN2017000E3163000,963308110,99.0
13917,CRS3035RES1000mN2017000E3163000,1073283182,80.0
13918,CRS3035RES1000mN2017000E3163000,1252864015,110.0
13919,CRS3035RES1000mN2017000E3163000,1283203658,
13920,CRS3035RES1000mN2017000E3164000,25526,
13921,CRS3035RES1000mN2017000E3164000,1774,98.0
13922,CRS3035RES1000mN2017000E3164000,1770,
13923,CRS3035RES1000mN2017000E3164000,1773,115.0
13924,CRS3035RES1000mN2017000E3164000,1771,113.0
13925,CRS3035RES1000mN2017000E3164000,123303,103.0
13926,CRS3035RES1000mN2017000E3164000,1764,107.0
13927,CRS3035RES1000mN2017000E3164000,181101,112.0
13928,CRS3035RES1000mN2017000E3164000,5765642,110.0
13929,CRS3035RES1000mN2017000E3164000,86719,84.0
13930,CRS3035RES1000mN2017000E3164000,1800,111.0
13931,CRS3035RES1000mN2017000E3164000,1757,116.0
13932,CRS3035RES1000mN2017000E3164000,1755,105.0
13933,CRS3035RES1000mN2017000E3164000,1882,112.0
13934,CRS3035RES1000mN2017000E3164000,1745,
13935,CRS3035RES1000mN2017000E3164000,1794,
13936,CRS3035RES1000mN2017000E3164000,1762,107.0
13937,CRS3035RES1000mN2017000E3164000,51188,115.0
13938,CRS3035RES1000mN2017000E3164000,6893633,107.0
13939,CRS3035RES1000mN2017000E3164000,167128,113.0
13940,CRS3035RES1000mN2017000E3164000,1760,117.0
13941,CRS3035RES1000mN2017000E3164000,12773298,68.0
13942,CRS3035RES1000mN2017000E3164000,1754,92.0
13943,CRS3035RES1000mN2017000E3164000,1748,108.0
13944,CRS3035RES1000mN2017000E3164000,79941,
13945,CRS3035RES1000mN2017000E3164000,1750,
13946,CRS3035RES1000mN2017000E3164000,5975465,103.0
13947,CRS3035RES1000mN2017000E3164000,115056,
13948,CRS3035RES1000mN2017000E3164000,1790,
13949,CRS3035RES1000mN2017000E3164000,1756,108.0
13950,CRS3035RES1000mN2017000E3164000,51849,113.0
13951,CRS3035RES1000mN2017000E3164000,185595,116.0
13952,CRS3035RES1000mN2017000E3164000,7697128,102.0
13953,CRS3035RES1000mN2017000E3164000,10395362,
13954,CRS3035RES1000mN2017000E3164000,1759,117.0
13955,CRS3035RES1000mN2017000E3164000,1752,109.0
13956,CRS3035RES1000mN2017000E3164000,186714,116.0
13957,CRS3035RES1000mN2017000E3164000,1753,105.0
13958,CRS3035RES1000mN2017000E3164000,1792,104.0
13959,CRS3035RES1000mN2017000E3164000,1763,101.0
13960,CRS3035RES1000mN2017000E3164000,1746,
13961,CRS3035RES1000mN2017000E3164000,11572165,80.0
13962,CRS3035RES1000mN2017000E3164000,1761,100.0
13963,CRS3035RES1000mN2017000E3164000,1747,113.0
13964,CRS3035RES1000mN2017000E3164000,5768564,117.0
13965,CRS3035RES1000mN2017000E3164000,1798,104.0
13966,CRS3035RES1000mN2017000E3164000,66904,
13967,CRS3035RES1000mN2017000E3164000,1777,105.0
13968,CRS3035RES1000mN2017000E3164000,1765,110.0
13969,CRS3035RES1000mN2017000E3164000,49416,105.0
13970,CRS3035RES1000mN2017000E3164000,12734939,105.0
13971,CRS3035RES1000mN2017000E3164000,167386167,98.0
13972,CRS3035RES1000mN2017000E3164000,295933804,
13973,CRS3035RES1000mN2017000E3164000,303340017,118.0
13974,CRS3035RES1000mN2017000E3164000,315355551,
13975,CRS3035RES1000mN2017000E3164000,339084977,95.0
13976,CRS3035RES1000mN2017000E3164000,412911553,116.0
13977,CRS3035RES1000mN2017000E3164000,558126037,
13978,CRS3035RES1000mN2017000E3164000,711789768,
13979,CRS3035RES1000mN2017000E3164000,727666062,
13980,CRS3035RES1000mN2017000E3164000,848085869,110.0
13981,CRS3035RES1000mN2017000E3164000,1056098898,
13982,CRS3035RES1000mN2017000E3164000,1255438242,
13983,CRS3035RES1000mN2017000E3164000,1469985039,118.0
13984,CRS3035RES1000mN2017000E3164000,1504302537,
13985,CRS3035RES1000mN2017000E3164000,1511617504,
13986,CRS3035RES1000mN2017000E3164000,1541601287,
13987,CRS3035RES1000mN2017000E3164000,1544591296,
13988,CRS3035RES1000mN2017000E3164000,1598174183,
13989,CRS3035RES1000mN2017000E3164000,1629887846,
13990,CRS3035RES1000mN2017000E3164000,1686660176,
13991,CRS3035RES1000mN2017000E3164000,1716927336,100.0
13992,CRS3035RES1000mN2017000E3164000,1734554324,
13993,CRS3035RES1000mN2017000E3164000,1849109335,
13994,CRS3035RES1000mN2017000E3164000,2028408680,
13995,CRS3035RES1000mN2017000E3164000,2036887702,
13996,CRS3035RES1000mN2017000E3164000,2061404218,
13997,CRS3035RES1000mN2017000E3164000,2134238030,
13998,CRS3035RES1000mN2017000E3164000,2261600754,
13999,CRS3035RES1000mN2017000E3164000,2301402027,
14000,CRS3035RES1000mN2017000E3164000,2303966810,
14001,CRS3035RES1000mN2017000E3164000,2312029862,
14002,CRS3035RES1000mN2017000E3164000,2408860250,
14003,CRS3035RES1000mN2017000E3164000,2620185829,116.0
14004,CRS3035RES1000mN2017000E3164000,2622508931,
14005,CRS3035RES1000mN2017000E3164000,2672130951,
14006,CRS3035RES1000mN2017000E3164000,2710518818,
14007,CRS3035RES1000mN2017000E3164000,3034026261,
14008,CRS3035RES1000mN2017000E3164000,3179889751,
14009,CRS3035RES1000mN2017000E3164000,3206611978,
14010,CRS3035RES1000mN2017000E3164000,3272828439,118.0
14011,CRS3035RES1000mN2017000E3164000,3452364276,
14012,CRS3035RES1000mN2017000E3164000,3452364277,115.0
14013,CRS3035RES1000mN2017000E3164000,3495733197,
14014,CRS3035RES1000mN2017000E3164000,3497154853,
14015,CRS3035RES1000mN2017000E3164000,3517755445,
14016,CRS3035RES1000mN2017000E3164000,3522125657,
14017,CRS3035RES1000mN2017000E3164000,3526751794,
14018,CRS3035RES1000mN2017000E3164000,3839306060,
14019,CRS3035RES1000mN2017000E3164000,4214697664,113.0
14020,CRS3035RES1000mN2017000E3164000,4338252586,
14021,CRS3035RES1000mN2017000E3164000,4401271633,
14022,CRS3035RES1000mN2017000E3164000,4515476768,
14023,CRS3035RES1000mN2017000E3164000,4569910891,106.0
14024,CRS3035RES1000mN2017000E3164000,4703730491,
14025,CRS3035RES1000mN2017000E3164000,4707870392,
14026,CRS3035RES1000mN2017000E3164000,4789037769,116.0
14027,CRS3035RES1000mN2017000E3164000,4794233143,
14028,CRS3035RES1000mN2017000E3164000,4870405674,118.0
14029,CRS3035RES1000mN2017000E3164000,5139379922,
14030,CRS3035RES1000mN2017000E3164000,5160337425,115.0
14031,CRS3035RES1000mN2017000E3164000,5196199575,
14032,CRS3035RES1000mN2017000E3164000,5341570554,107.0
14033,CRS3035RES1000mN2017000E3164000,5345949864,
14034,CRS3035RES1000mN2017000E3164000,5448507385,
14035,CRS3035RES1000mN2017000E3164000,5604693894,
14036,CRS3035RES1000mN2017000E3164000,5670401989,
14037,CRS3035RES1000mN2017000E3164000,5942671299,
14038,CRS3035RES1000mN2017000E3164000,5943980960,
14039,CRS3035RES1000mN2017000E3164000,6185791451,
14040,CRS3035RES1000mN2017000E3164000,6188948286,
14041,CRS3035RES1000mN2017000E3164000,6555800191,
14042,CRS3035RES1000mN2017000E3164000,6885254479,
14043,CRS3035RES1000mN2017000E3164000,7222611268,
14044,CRS3035RES1000mN2017000E3164000,7408961006,
14045,CRS3035RES1000mN2017000E3164000,7619964683,
14046,CRS3035RES1000mN2017000E3164000,7836562695,
14047,CRS3035RES1000mN2017000E3164000,8493729364,100.0
14048,CRS3035RES1000mN2017000E3164000,8557885377,
14049,CRS3035RES1000mN2017000E3164000,8807212208,111.0
14050,CRS3035RES1000mN2017000E3164000,8844229173,114.0
14051,CRS3035RES1000mN2017000E3164000,8878422600,
14052,CRS3035RES1000mN2017000E3164000,9595709188,
14053,CRS3035RES1000mN2017000E3164000,9611387099,102.0
14054,CRS3035RES1000mN2017000E3164000,9712656915,114.0
14055,CRS3035RES1000mN2017000E3164000,9713142744,107.0
14056,CRS3035RES1000mN2017000E3164000,9815746657,
14057,CRS3035RES1000mN2017000E3164000,10004871512,
14058,CRS3035RES1000mN2017000E3164000,10281174134,
14059,CRS3035RES1000mN2017000E3164000,10580337411,
14060,CRS3035RES1000mN2017000E3164000,10899442604,112.0
14061,CRS3035RES1000mN2017000E3164000,10922657146,110.0
14062,CRS3035RES1000mN2017000E3164000,11127499928,
14063,CRS3035RES1000mN2017000E3164000,11143725881,
14064,CRS3035RES1000mN2017000E3164000,11243087140,
14065,CRS3035RES1000mN2017000E3164000,11269399969,
14066,CRS3035RES1000mN2017000E3164000,11287269362,
14067,CRS3035RES1000mN2017000E3164000,11287269363,
14068,CRS3035RES1000mN2017000E3164000,11369705764,
14069,CRS3035RES1000mN2017000E3164000,11387776374,117.0
14070,CRS3035RES1000mN2017000E3164000,11461799040,
14071,CRS3035RES1000mN2017000E3164000,11462802981,100.0
14072,CRS3035RES1000mN2017000E3164000,11652077658,
14073,CRS3035RES1000mN2017000E3164000,11691390164,116.0
14074,CRS3035RES1000mN2017000E3164000,11739757462,95.0
14075,CRS3035RES1000mN2017000E3164000,12178446726,113.0
14076,CRS3035RES1000mN2017000E3164000,12407425114,
14077,CRS3035RES1000mN2017000E3164000,12865480228,
14078,CRS3035RES1000mN2017000E3164000,2960630,
14079,CRS3035RES1000mN2017000E3164000,3554044,
14080,CRS3035RES1000mN2017000E3164000,3557906,97.0
14081,CRS3035RES1000mN2017000E3164000,5231361,
14082,CRS3035RES1000mN2017000E3164000,9314566,
14083,CRS3035RES1000mN2017000E3164000,13696257,
14084,CRS3035RES1000mN2017000E3164000,15996131,
14085,CRS3035RES1000mN2017000E3164000,23526191,
14086,CRS3035RES1000mN2017000E3164000,23545719,
14087,CRS3035RES1000mN2017000E3164000,30599279,105.0
14088,CRS3035RES1000mN2017000E3164000,30649229,118.0
14089,CRS3035RES1000mN2017000E3164000,32198651,
14090,CRS3035RES1000mN2017000E3164000,34945111,101.0
14091,CRS3035RES1000mN2017000E3164000,50170625,
14092,CRS3035RES1000mN2017000E3164000,82887228,
14093,CRS3035RES1000mN2017000E3164000,92484952,
14094,CRS3035RES1000mN2017000E3164000,95794713,116.0
14095,CRS3035RES1000mN2017000E3164000,96418670,117.0
14096,CRS3035RES1000mN2017000E3164000,98502686,
14097,CRS3035RES1000mN2017000E3164000,132613257,118.0
14098,CRS3035RES1000mN2017000E3164000,135036040,
14099,CRS3035RES1000mN2017000E3164000,150772489,
14100,CRS3035RES1000mN2017000E3164000,154118456,
14101,CRS3035RES1000mN2017000E3164000,157375776,
14102,CRS3035RES1000mN2017000E3164000,158211204,
14103,CRS3035RES1000mN2017000E3164000,162072415,96.0
14104,CRS3035RES1000mN2017000E3164000,162117720,
14105,CRS3035RES1000mN2017000E3164000,170487273,
14106,CRS3035RES1000mN2017000E3164000,172686062,
14107,CRS3035RES1000mN2017000E3164000,174318235,113.0
14108,CRS3035RES1000mN2017000E3164000,174318237,108.0
14109,CRS3035RES1000mN2017000E3164000,205060159,
14110,CRS3035RES1000mN2017000E3164000,205757163,
14111,CRS3035RES1000mN2017000E3164000,221095520,
14112,CRS3035RES1000mN2017000E3164000,224503374,114.0
14113,CRS3035RES1000mN2017000E3164000,227333462,118.0
14114,CRS3035RES1000mN2017000E3164000,229117454,
14115,CRS3035RES1000mN2017000E3164000,261460389,
14116,CRS3035RES1000mN2017000E3164000,283450022,105.0
14117,CRS3035RES1000mN2017000E3164000,288994040,95.0
14118,CRS3035RES1000mN2017000E3164000,296744564,
14119,CRS3035RES1000mN2017000E3164000,297526406,
14120,CRS3035RES1000mN2017000E3164000,300709861,
14121,CRS3035RES1000mN2017000E3164000,301444634,
14122,CRS3035RES1000mN2017000E3164000,302721609,106.0
14123,CRS3035RES1000mN2017000E3164000,308195630,
14124,CRS3035RES1000mN2017000E3164000,312777902,105.0
14125,CRS3035RES1000mN2017000E3164000,330154630,
14126,CRS3035RES1000mN2017000E3164000,340205456,118.0
14127,CRS3035RES1000mN2017000E3164000,367883612,
14128,CRS3035RES1000mN2017000E3164000,368211943,
14129,CRS3035RES1000mN2017000E3164000,374180360,
14130,CRS3035RES1000mN2017000E3164000,375369499,
14131,CRS3035RES1000mN2017000E3164000,383494544,
14132,CRS3035RES1000mN2017000E3164000,384574591,99.0
14133,CRS3035RES1000mN2017000E3164000,403538322,
14134,CRS3035RES1000mN2017000E3164000,403859503,118.0
14135,CRS3035RES1000mN2017000E3164000,437050442,112.0
14136,CRS3035RES1000mN2017000E3164000,459881697,119.0
14137,CRS3035RES1000mN2017000E3164000,477278425,
14138,CRS3035RES1000mN2017000E3164000,486879235,
14139,CRS3035RES1000mN2017000E3164000,493748377,98.0
14140,CRS3035RES1000mN2017000E3164000,498234201,110.0
14141,CRS3035RES1000mN2017000E3164000,504315026,
14142,CRS3035RES1000mN2017000E3164000,548701490,
14143,CRS3035RES1000mN2017000E3164000,574210084,
14144,CRS3035RES1000mN2017000E3164000,576094143,107.0
14145,CRS3035RES1000mN2017000E3164000,584409067,
14146,CRS3035RES1000mN2017000E3164000,635512756,
14147,CRS3035RES1000mN2017000E3164000,638492224,
14148,CRS3035RES1000mN2017000E3164000,653913062,
14149,CRS3035RES1000mN2017000E3164000,659866770,
14150,CRS3035RES1000mN2017000E3164000,697717972,
14151,CRS3035RES1000mN2017000E3164000,717194862,
14152,CRS3035RES1000mN2017000E3164000,736899303,
14153,CRS3035RES1000mN2017000E3164000,738042217,106.0
14154,CRS3035RES1000mN2017000E3164000,839611983,
14155,CRS3035RES1000mN2017000E3164000,957893520,97.0
14156,CRS3035RES1000mN2017000E3164000,963308110,119.0
14157,CRS3035RES1000mN2017000E3164000,1073283182,103.0
14158,CRS3035RES1000mN2017000E3164000,1252864015,
14159,CRS3035RES1000mN2017000E3164000,1283203658,
14160,CRS3035RES1000mN2018000E3153000,25526,63.0
14161,CRS3035RES1000mN2018000E3153000,1774,67.0
14162,CRS3035RES1000mN2018000E3153000,1770,95.0
14163,CRS3035RES1000mN2018000E3153000,1773,84.0
14164,CRS3035RES1000mN2018000E3153000,1771,79.0
14165,CRS3035RES1000mN2018000E3153000,123303,62.0
14166,CRS3035RES1000mN2018000E3153000,1764,75.0
14167,CRS3035RES1000mN2018000E3153000,181101,79.0
14168,CRS3035RES1000mN2018000E3153000,5765642,54.0
14169,CRS3035RES1000mN2018000E3153000,86719,55.0
14170,CRS3035RES1000mN2018000E3153000,1800,79.0
14171,CRS3035RES1000mN2018000E3153000,1757,68.0
14172,CRS3035RES1000mN2018000E3153000,1755,66.0
14173,CRS3035RES1000mN2018000E3153000,1882,79.0
14174,CRS3035RES1000mN2018000E3153000,1745,92.0
14175,CRS3035RES1000mN2018000E3153000,1794,87.0
14176,CRS3035RES1000mN2018000E3153000,1762,76.0
14177,CRS3035RES1000mN2018000E3153000,51188,81.0
14178,CRS3035RES1000mN2018000E3153000,6893633,75.0
14179,CRS3035RES1000mN2018000E3153000,167128,81.0
14180,CRS3035RES1000mN2018000E3153000,1760,84.0
14181,CRS3035RES1000mN2018000E3153000,12773298,53.0
14182,CRS3035RES1000mN2018000E3153000,1754,64.0
14183,CRS3035RES1000mN2018000E3153000,1748,77.0
14184,CRS3035RES1000mN2018000E3153000,79941,96.0
14185,CRS3035RES1000mN2018000E3153000,1750,88.0
14186,CRS3035RES1000mN2018000E3153000,5975465,71.0
14187,CRS3035RES1000mN2018000E3153000,115056,96.0
14188,CRS3035RES1000mN2018000E3153000,1790,88.0
14189,CRS3035RES1000mN2018000E3153000,1756,60.0
14190,CRS3035RES1000mN2018000E3153000,51849,81.0
14191,CRS3035RES1000mN2018000E3153000,185595,82.0
14192,CRS3035RES1000mN2018000E3153000,7697128,69.0
14193,CRS3035RES1000mN2018000E3153000,10395362,97.0
14194,CRS3035RES1000mN2018000E3153000,1759,84.0
14195,CRS3035RES1000mN2018000E3153000,1752,78.0
14196,CRS3035RES1000mN2018000E3153000,186714,84.0
14197,CRS3035RES1000mN2018000E3153000,1753,73.0
14198,CRS3035RES1000mN2018000E3153000,1792,74.0
14199,CRS3035RES1000mN2018000E3153000,1763,73.0
14200,CRS3035RES1000mN2018000E3153000,1746,88.0
14201,CRS3035RES1000mN2018000E3153000,11572165,67.0
14202,CRS3035RES1000mN2018000E3153000,1761,68.0
14203,CRS3035RES1000mN2018000E3153000,1747,81.0
14204,CRS3035RES1000mN2018000E3153000,5768564,68.0
14205,CRS3035RES1000mN2018000E3153000,1798,68.0
14206,CRS3035RES1000mN2018000E3153000,66904,89.0
14207,CRS3035RES1000mN2018000E3153000,1777,72.0
14208,CRS3035RES1000mN2018000E3153000,1765,79.0
14209,CRS3035RES1000mN2018000E3153000,49416,76.0
14210,CRS3035RES1000mN2018000E3153000,12734939,76.0
14211,CRS3035RES1000mN2018000E3153000,167386167,65.0
14212,CRS3035RES1000mN2018000E3153000,295933804,95.0
14213,CRS3035RES1000mN2018000E3153000,303340017,101.0
14214,CRS3035RES1000mN2018000E3153000,315355551,101.0
14215,CRS3035RES1000mN2018000E3153000,339084977,69.0
14216,CRS3035RES1000mN2018000E3153000,412911553,83.0
14217,CRS3035RES1000mN2018000E3153000,558126037,86.0
14218,CRS3035RES1000mN2018000E3153000,711789768,89.0
14219,CRS3035RES1000mN2018000E3153000,727666062,
14220,CRS3035RES1000mN2018000E3153000,848085869,49.0
14221,CRS3035RES1000mN2018000E3153000,1056098898,88.0
14222,CRS3035RES1000mN2018000E3153000,1255438242,
14223,CRS3035RES1000mN2018000E3153000,1469985039,88.0
14224,CRS3035RES1000mN2018000E3153000,1504302537,
14225,CRS3035RES1000mN2018000E3153000,1511617504,74.0
14226,CRS3035RES1000mN2018000E3153000,1541601287,106.0
14227,CRS3035RES1000mN2018000E3153000,1544591296,90.0
14228,CRS3035RES1000mN2018000E3153000,1598174183,96.0
14229,CRS3035RES1000mN2018000E3153000,1629887846,100.0
14230,CRS3035RES1000mN2018000E3153000,1686660176,97.0
14231,CRS3035RES1000mN2018000E3153000,1716927336,70.0
14232,CRS3035RES1000mN2018000E3153000,1734554324,115.0
14233,CRS3035RES1000mN2018000E3153000,1849109335,105.0
14234,CRS3035RES1000mN2018000E3153000,2028408680,80.0
14235,CRS3035RES1000mN2018000E3153000,2036887702,
14236,CRS3035RES1000mN2018000E3153000,2061404218,102.0
14237,CRS3035RES1000mN2018000E3153000,2134238030,110.0
14238,CRS3035RES1000mN2018000E3153000,2261600754,
14239,CRS3035RES1000mN2018000E3153000,2301402027,108.0
14240,CRS3035RES1000mN2018000E3153000,2303966810,69.0
14241,CRS3035RES1000mN2018000E3153000,2312029862,98.0
14242,CRS3035RES1000mN2018000E3153000,2408860250,118.0
14243,CRS3035RES1000mN2018000E3153000,2620185829,83.0
14244,CRS3035RES1000mN2018000E3153000,2622508931,86.0
14245,CRS3035RES1000mN2018000E3153000,2672130951,101.0
14246,CRS3035RES1000mN2018000E3153000,2710518818,102.0
14247,CRS3035RES1000mN2018000E3153000,3034026261,99.0
14248,CRS3035RES1000mN2018000E3153000,3179889751,
14249,CRS3035RES1000mN2018000E3153000,3206611978,
14250,CRS3035RES1000mN2018000E3153000,3272828439,51.0
14251,CRS3035RES1000mN2018000E3153000,3452364276,102.0
14252,CRS3035RES1000mN2018000E3153000,3452364277,82.0
14253,CRS3035RES1000mN2018000E3153000,3495733197,
14254,CRS3035RES1000mN2018000E3153000,3497154853,
14255,CRS3035RES1000mN2018000E3153000,3517755445,
14256,CRS3035RES1000mN2018000E3153000,3522125657,
14257,CRS3035RES1000mN2018000E3153000,3526751794,
14258,CRS3035RES1000mN2018000E3153000,3839306060,103.0
14259,CRS3035RES1000mN2018000E3153000,4214697664,70.0
14260,CRS3035RES1000mN2018000E3153000,4338252586,
14261,CRS3035RES1000mN2018000E3153000,4401271633,
14262,CRS3035RES1000mN2018000E3153000,4515476768,79.0
14263,CRS3035RES1000mN2018000E3153000,4569910891,73.0
14264,CRS3035RES1000mN2018000E3153000,4703730491,92.0
14265,CRS3035RES1000mN2018000E3153000,4707870392,87.0
14266,CRS3035RES1000mN2018000E3153000,4789037769,86.0
14267,CRS3035RES1000mN2018000E3153000,4794233143,
14268,CRS3035RES1000mN2018000E3153000,4870405674,67.0
14269,CRS3035RES1000mN2018000E3153000,5139379922,105.0
14270,CRS3035RES1000mN2018000E3153000,5160337425,82.0
14271,CRS3035RES1000mN2018000E3153000,5196199575,87.0
14272,CRS3035RES1000mN2018000E3153000,5341570554,75.0
14273,CRS3035RES1000mN2018000E3153000,5345949864,105.0
14274,CRS3035RES1000mN2018000E3153000,5448507385,
14275,CRS3035RES1000mN2018000E3153000,5604693894,
14276,CRS3035RES1000mN2018000E3153000,5670401989,
14277,CRS3035RES1000mN2018000E3153000,5942671299,96.0
14278,CRS3035RES1000mN2018000E3153000,5943980960,95.0
14279,CRS3035RES1000mN2018000E3153000,6185791451,
14280,CRS3035RES1000mN2018000E3153000,6188948286,93.0
14281,CRS3035RES1000mN2018000E3153000,6555800191,54.0
14282,CRS3035RES1000mN2018000E3153000,6885254479,95.0
14283,CRS3035RES1000mN2018000E3153000,7222611268,
14284,CRS3035RES1000mN2018000E3153000,7408961006,
14285,CRS3035RES1000mN2018000E3153000,7619964683,
14286,CRS3035RES1000mN2018000E3153000,7836562695,114.0
14287,CRS3035RES1000mN2018000E3153000,8493729364,68.0
14288,CRS3035RES1000mN2018000E3153000,8557885377,
14289,CRS3035RES1000mN2018000E3153000,8807212208,79.0
14290,CRS3035RES1000mN2018000E3153000,8844229173,81.0
14291,CRS3035RES1000mN2018000E3153000,8878422600,100.0
14292,CRS3035RES1000mN2018000E3153000,9595709188,87.0
14293,CRS3035RES1000mN2018000E3153000,9611387099,70.0
14294,CRS3035RES1000mN2018000E3153000,9712656915,80.0
14295,CRS3035RES1000mN2018000E3153000,9713142744,74.0
14296,CRS3035RES1000mN2018000E3153000,9815746657,
14297,CRS3035RES1000mN2018000E3153000,10004871512,99.0
14298,CRS3035RES1000mN2018000E3153000,10281174134,
14299,CRS3035RES1000mN2018000E3153000,10580337411,107.0
14300,CRS3035RES1000mN2018000E3153000,10899442604,47.0
14301,CRS3035RES1000mN2018000E3153000,10922657146,44.0
14302,CRS3035RES1000mN2018000E3153000,11127499928,100.0
14303,CRS3035RES1000mN2018000E3153000,11143725881,100.0
14304,CRS3035RES1000mN2018000E3153000,11243087140,103.0
14305,CRS3035RES1000mN2018000E3153000,11269399969,95.0
14306,CRS3035RES1000mN2018000E3153000,11287269362,101.0
14307,CRS3035RES1000mN2018000E3153000,11287269363,
14308,CRS3035RES1000mN2018000E3153000,11369705764,113.0
14309,CRS3035RES1000mN2018000E3153000,11387776374,86.0
14310,CRS3035RES1000mN2018000E3153000,11461799040,
14311,CRS3035RES1000mN2018000E3153000,11462802981,70.0
14312,CRS3035RES1000mN2018000E3153000,11652077658,104.0
14313,CRS3035RES1000mN2018000E3153000,11691390164,82.0
14314,CRS3035RES1000mN2018000E3153000,11739757462,40.0
14315,CRS3035RES1000mN2018000E3153000,12178446726,70.0
14316,CRS3035RES1000mN2018000E3153000,12407425114,98.0
14317,CRS3035RES1000mN2018000E3153000,12865480228,104.0
14318,CRS3035RES1000mN2018000E3153000,2960630,65.0
14319,CRS3035RES1000mN2018000E3153000,3554044,72.0
14320,CRS3035RES1000mN2018000E3153000,3557906,39.0
14321,CRS3035RES1000mN2018000E3153000,5231361,89.0
14322,CRS3035RES1000mN2018000E3153000,9314566,102.0
14323,CRS3035RES1000mN2018000E3153000,13696257,117.0
14324,CRS3035RES1000mN2018000E3153000,15996131,89.0
14325,CRS3035RES1000mN2018000E3153000,23526191,89.0
14326,CRS3035RES1000mN2018000E3153000,23545719,92.0
14327,CRS3035RES1000mN2018000E3153000,30599279,50.0
14328,CRS3035RES1000mN2018000E3153000,30649229,86.0
14329,CRS3035RES1000mN2018000E3153000,32198651,
14330,CRS3035RES1000mN2018000E3153000,34945111,25.0
14331,CRS3035RES1000mN2018000E3153000,50170625,
14332,CRS3035RES1000mN2018000E3153000,82887228,109.0
14333,CRS3035RES1000mN2018000E3153000,92484952,116.0
14334,CRS3035RES1000mN2018000E3153000,95794713,84.0
14335,CRS3035RES1000mN2018000E3153000,96418670,51.0
14336,CRS3035RES1000mN2018000E3153000,98502686,92.0
14337,CRS3035RES1000mN2018000E3153000,132613257,86.0
14338,CRS3035RES1000mN2018000E3153000,135036040,93.0
14339,CRS3035RES1000mN2018000E3153000,150772489,87.0
14340,CRS3035RES1000mN2018000E3153000,154118456,98.0
14341,CRS3035RES1000mN2018000E3153000,157375776,97.0
14342,CRS3035RES1000mN2018000E3153000,158211204,59.0
14343,CRS3035RES1000mN2018000E3153000,162072415,42.0
14344,CRS3035RES1000mN2018000E3153000,162117720,106.0
14345,CRS3035RES1000mN2018000E3153000,170487273,
14346,CRS3035RES1000mN2018000E3153000,172686062,74.0
14347,CRS3035RES1000mN2018000E3153000,174318235,51.0
14348,CRS3035RES1000mN2018000E3153000,174318237,43.0
14349,CRS3035RES1000mN2018000E3153000,205060159,
14350,CRS3035RES1000mN2018000E3153000,205757163,
14351,CRS3035RES1000mN2018000E3153000,221095520,107.0
14352,CRS3035RES1000mN2018000E3153000,224503374,81.0
14353,CRS3035RES1000mN2018000E3153000,227333462,87.0
14354,CRS3035RES1000mN2018000E3153000,229117454,99.0
14355,CRS3035RES1000mN2018000E3153000,261460389,
14356,CRS3035RES1000mN2018000E3153000,283450022,73.0
14357,CRS3035RES1000mN2018000E3153000,288994040,63.0
14358,CRS3035RES1000mN2018000E3153000,296744564,
14359,CRS3035RES1000mN2018000E3153000,297526406,98.0
14360,CRS3035RES1000mN2018000E3153000,300709861,64.0
14361,CRS3035RES1000mN2018000E3153000,301444634,
14362,CRS3035RES1000mN2018000E3153000,302721609,76.0
14363,CRS3035RES1000mN2018000E3153000,308195630,
14364,CRS3035RES1000mN2018000E3153000,312777902,72.0
14365,CRS3035RES1000mN2018000E3153000,330154630,
14366,CRS3035RES1000mN2018000E3153000,340205456,85.0
14367,CRS3035RES1000mN2018000E3153000,367883612,106.0
14368,CRS3035RES1000mN2018000E3153000,368211943,107.0
14369,CRS3035RES1000mN2018000E3153000,374180360,103.0
14370,CRS3035RES1000mN2018000E3153000,375369499,92.0
14371,CRS3035RES1000mN2018000E3153000,383494544,86.0
14372,CRS3035RES1000mN2018000E3153000,384574591,31.0
14373,CRS3035RES1000mN2018000E3153000,403538322,113.0
14374,CRS3035RES1000mN2018000E3153000,403859503,85.0
14375,CRS3035RES1000mN2018000E3153000,437050442,55.0
14376,CRS3035RES1000mN2018000E3153000,459881697,88.0
14377,CRS3035RES1000mN2018000E3153000,477278425,
14378,CRS3035RES1000mN2018000E3153000,486879235,
14379,CRS3035RES1000mN2018000E3153000,493748377,44.0
14380,CRS3035RES1000mN2018000E3153000,498234201,57.0
14381,CRS3035RES1000mN2018000E3153000,504315026,105.0
14382,CRS3035RES1000mN2018000E3153000,548701490,80.0
14383,CRS3035RES1000mN2018000E3153000,574210084,119.0
14384,CRS3035RES1000mN2018000E3153000,576094143,43.0
14385,CRS3035RES1000mN2018000E3153000,584409067,107.0
14386,CRS3035RES1000mN2018000E3153000,635512756,98.0
14387,CRS3035RES1000mN2018000E3153000,638492224,
14388,CRS3035RES1000mN2018000E3153000,653913062,100.0
14389,CRS3035RES1000mN2018000E3153000,659866770,
14390,CRS3035RES1000mN2018000E3153000,697717972,65.0
14391,CRS3035RES1000mN2018000E3153000,717194862,
14392,CRS3035RES1000mN2018000E3153000,736899303,
14393,CRS3035RES1000mN2018000E3153000,738042217,76.0
14394,CRS3035RES1000mN2018000E3153000,839611983,
14395,CRS3035RES1000mN2018000E3153000,957893520,65.0
14396,CRS3035RES1000mN2018000E3153000,963308110,89.0
14397,CRS3035RES1000mN2018000E3153000,1073283182,73.0
14398,CRS3035RES1000mN2018000E3153000,1252864015,96.0
14399,CRS3035RES1000mN2018000E3153000,1283203658,94.0
14400,CRS3035RES1000mN2018000E3154000,25526,53.0
14401,CRS3035RES1000mN2018000E3154000,1774,49.0
14402,CRS3035RES1000mN2018000E3154000,1770,79.0
14403,CRS3035RES1000mN2018000E3154000,1773,65.0
14404,CRS3035RES1000mN2018000E3154000,1771,63.0
14405,CRS3035RES1000mN2018000E3154000,123303,46.0
14406,CRS3035RES1000mN2018000E3154000,1764,57.0
14407,CRS3035RES1000mN2018000E3154000,181101,59.0
14408,CRS3035RES1000mN2018000E3154000,5765642,46.0
14409,CRS3035RES1000mN2018000E3154000,86719,37.0
14410,CRS3035RES1000mN2018000E3154000,1800,60.0
14411,CRS3035RES1000mN2018000E3154000,1757,59.0
14412,CRS3035RES1000mN2018000E3154000,1755,50.0
14413,CRS3035RES1000mN2018000E3154000,1882,61.0
14414,CRS3035RES1000mN2018000E3154000,1745,72.0
14415,CRS3035RES1000mN2018000E3154000,1794,70.0
14416,CRS3035RES1000mN2018000E3154000,1762,59.0
14417,CRS3035RES1000mN2018000E3154000,51188,66.0
14418,CRS3035RES1000mN2018000E3154000,6893633,57.0
14419,CRS3035RES1000mN2018000E3154000,167128,62.0
14420,CRS3035RES1000mN2018000E3154000,1760,67.0
14421,CRS3035RES1000mN2018000E3154000,12773298,35.0
14422,CRS3035RES1000mN2018000E3154000,1754,46.0
14423,CRS3035RES1000mN2018000E3154000,1748,57.0
14424,CRS3035RES1000mN2018000E3154000,79941,78.0
14425,CRS3035RES1000mN2018000E3154000,1750,71.0
14426,CRS3035RES1000mN2018000E3154000,5975465,53.0
14427,CRS3035RES1000mN2018000E3154000,115056,78.0
14428,CRS3035RES1000mN2018000E3154000,1790,73.0
14429,CRS3035RES1000mN2018000E3154000,1756,51.0
14430,CRS3035RES1000mN2018000E3154000,51849,63.0
14431,CRS3035RES1000mN2018000E3154000,185595,66.0
14432,CRS3035RES1000mN2018000E3154000,7697128,51.0
14433,CRS3035RES1000mN2018000E3154000,10395362,79.0
14434,CRS3035RES1000mN2018000E3154000,1759,68.0
14435,CRS3035RES1000mN2018000E3154000,1752,60.0
14436,CRS3035RES1000mN2018000E3154000,186714,66.0
14437,CRS3035RES1000mN2018000E3154000,1753,54.0
14438,CRS3035RES1000mN2018000E3154000,1792,53.0
14439,CRS3035RES1000mN2018000E3154000,1763,56.0
14440,CRS3035RES1000mN2018000E3154000,1746,70.0
14441,CRS3035RES1000mN2018000E3154000,11572165,49.0
14442,CRS3035RES1000mN2018000E3154000,1761,49.0
14443,CRS3035RES1000mN2018000E3154000,1747,63.0
14444,CRS3035RES1000mN2018000E3154000,5768564,60.0
14445,CRS3035RES1000mN2018000E3154000,1798,51.0
14446,CRS3035RES1000mN2018000E3154000,66904,74.0
14447,CRS3035RES1000mN2018000E3154000,1777,56.0
14448,CRS3035RES1000mN2018000E3154000,1765,61.0
14449,CRS3035RES1000mN2018000E3154000,49416,54.0
14450,CRS3035RES1000mN2018000E3154000,12734939,54.0
14451,CRS3035RES1000mN2018000E3154000,167386167,49.0
14452,CRS3035RES1000mN2018000E3154000,295933804,66.0
14453,CRS3035RES1000mN2018000E3154000,303340017,71.0
14454,CRS3035RES1000mN2018000E3154000,315355551,83.0
14455,CRS3035RES1000mN2018000E3154000,339084977,51.0
14456,CRS3035RES1000mN2018000E3154000,412911553,68.0
14457,CRS3035RES1000mN2018000E3154000,558126037,78.0
14458,CRS3035RES1000mN2018000E3154000,711789768,80.0
14459,CRS3035RES1000mN2018000E3154000,727666062,
14460,CRS3035RES1000mN2018000E3154000,848085869,38.0
14461,CRS3035RES1000mN2018000E3154000,1056098898,72.0
14462,CRS3035RES1000mN2018000E3154000,1255438242,113.0
14463,CRS3035RES1000mN2018000E3154000,1469985039,67.0
14464,CRS3035RES1000mN2018000E3154000,1504302537,92.0
14465,CRS3035RES1000mN2018000E3154000,1511617504,64.0
14466,CRS3035RES1000mN2018000E3154000,1541601287,94.0
14467,CRS3035RES1000mN2018000E3154000,1544591296,71.0
14468,CRS3035RES1000mN2018000E3154000,1598174183,81.0
14469,CRS3035RES1000mN2018000E3154000,1629887846,84.0
14470,CRS3035RES1000mN2018000E3154000,1686660176,80.0
14471,CRS3035RES1000mN2018000E3154000,1716927336,45.0
14472,CRS3035RES1000mN2018000E3154000,1734554324,92.0
14473,CRS3035RES1000mN2018000E3154000,1849109335,76.0
14474,CRS3035RES1000mN2018000E3154000,2028408680,69.0
14475,CRS3035RES1000mN2018000E3154000,2036887702,
14476,CRS3035RES1000mN2018000E3154000,2061404218,85.0
14477,CRS3035RES1000mN2018000E3154000,2134238030,94.0
14478,CRS3035RES1000mN2018000E3154000,2261600754,
14479,CRS3035RES1000mN2018000E3154000,2301402027,89.0
14480,CRS3035RES1000mN2018000E3154000,2303966810,67.0
14481,CRS3035RES1000mN2018000E3154000,2312029862,81.0
14482,CRS3035RES1000mN2018000E3154000,2408860250,101.0
14483,CRS3035RES1000mN2018000E3154000,2620185829,68.0
14484,CRS3035RES1000mN2018000E3154000,2622508931,70.0
14485,CRS3035RES1000mN2018000E3154000,2672130951,97.0
14486,CRS3035RES1000mN2018000E3154000,2710518818,82.0
14487,CRS3035RES1000mN2018000E3154000,3034026261,93.0
14488,CRS3035RES1000mN2018000E3154000,3179889751,106.0
14489,CRS3035RES1000mN2018000E3154000,3206611978,
14490,CRS3035RES1000mN2018000E3154000,3272828439,41.0
14491,CRS3035RES1000mN2018000E3154000,3452364276,83.0
14492,CRS3035RES1000mN2018000E3154000,3452364277,66.0
14493,CRS3035RES1000mN2018000E3154000,3495733197,
14494,CRS3035RES1000mN2018000E3154000,3497154853,
14495,CRS3035RES1000mN2018000E3154000,3517755445,
14496,CRS3035RES1000mN2018000E3154000,3522125657,
14497,CRS3035RES1000mN2018000E3154000,3526751794,88.0
14498,CRS3035RES1000mN2018000E3154000,3839306060,84.0
14499,CRS3035RES1000mN2018000E3154000,4214697664,56.0
14500,CRS3035RES1000mN2018000E3154000,4338252586,76.0
14501,CRS3035RES1000mN2018000E3154000,4401271633,98.0
14502,CRS3035RES1000mN2018000E3154000,4515476768,74.0
14503,CRS3035RES1000mN2018000E3154000,4569910891,56.0
14504,CRS3035RES1000mN2018000E3154000,4703730491,78.0
14505,CRS3035RES1000mN2018000E3154000,4707870392,79.0
14506,CRS3035RES1000mN2018000E3154000,4789037769,61.0
14507,CRS3035RES1000mN2018000E3154000,4794233143,119.0
14508,CRS3035RES1000mN2018000E3154000,4870405674,61.0
14509,CRS3035RES1000mN2018000E3154000,5139379922,97.0
14510,CRS3035RES1000mN2018000E3154000,5160337425,66.0
14511,CRS3035RES1000mN2018000E3154000,5196199575,83.0
14512,CRS3035RES1000mN2018000E3154000,5341570554,57.0
14513,CRS3035RES1000mN2018000E3154000,5345949864,80.0
14514,CRS3035RES1000mN2018000E3154000,5448507385,
14515,CRS3035RES1000mN2018000E3154000,5604693894,73.0
14516,CRS3035RES1000mN2018000E3154000,5670401989,
14517,CRS3035RES1000mN2018000E3154000,5942671299,81.0
14518,CRS3035RES1000mN2018000E3154000,5943980960,72.0
14519,CRS3035RES1000mN2018000E3154000,6185791451,
14520,CRS3035RES1000mN2018000E3154000,6188948286,73.0
14521,CRS3035RES1000mN2018000E3154000,6555800191,44.0
14522,CRS3035RES1000mN2018000E3154000,6885254479,76.0
14523,CRS3035RES1000mN2018000E3154000,7222611268,
14524,CRS3035RES1000mN2018000E3154000,7408961006,113.0
14525,CRS3035RES1000mN2018000E3154000,7619964683,113.0
14526,CRS3035RES1000mN2018000E3154000,7836562695,90.0
14527,CRS3035RES1000mN2018000E3154000,8493729364,50.0
14528,CRS3035RES1000mN2018000E3154000,8557885377,102.0
14529,CRS3035RES1000mN2018000E3154000,8807212208,61.0
14530,CRS3035RES1000mN2018000E3154000,8844229173,64.0
14531,CRS3035RES1000mN2018000E3154000,8878422600,89.0
14532,CRS3035RES1000mN2018000E3154000,9595709188,71.0
14533,CRS3035RES1000mN2018000E3154000,9611387099,52.0
14534,CRS3035RES1000mN2018000E3154000,9712656915,63.0
14535,CRS3035RES1000mN2018000E3154000,9713142744,58.0
14536,CRS3035RES1000mN2018000E3154000,9815746657,100.0
14537,CRS3035RES1000mN2018000E3154000,10004871512,83.0
14538,CRS3035RES1000mN2018000E3154000,10281174134,
14539,CRS3035RES1000mN2018000E3154000,10580337411,88.0
14540,CRS3035RES1000mN2018000E3154000,10899442604,36.0
14541,CRS3035RES1000mN2018000E3154000,10922657146,34.0
14542,CRS3035RES1000mN2018000E3154000,11127499928,88.0
14543,CRS3035RES1000mN2018000E3154000,11143725881,80.0
14544,CRS3035RES1000mN2018000E3154000,11243087140,84.0
14545,CRS3035RES1000mN2018000E3154000,11269399969,78.0
14546,CRS3035RES1000mN2018000E3154000,11287269362,89.0
14547,CRS3035RES1000mN2018000E3154000,11287269363,95.0
14548,CRS3035RES1000mN2018000E3154000,11369705764,94.0
14549,CRS3035RES1000mN2018000E3154000,11387776374,67.0
14550,CRS3035RES1000mN2018000E3154000,11461799040,
14551,CRS3035RES1000mN2018000E3154000,11462802981,49.0
14552,CRS3035RES1000mN2018000E3154000,11652077658,81.0
14553,CRS3035RES1000mN2018000E3154000,11691390164,67.0
14554,CRS3035RES1000mN2018000E3154000,11739757462,20.0
14555,CRS3035RES1000mN2018000E3154000,12178446726,56.0
14556,CRS3035RES1000mN2018000E3154000,12407425114,97.0
14557,CRS3035RES1000mN2018000E3154000,12865480228,85.0
14558,CRS3035RES1000mN2018000E3154000,2960630,55.0
14559,CRS3035RES1000mN2018000E3154000,3554044,60.0
14560,CRS3035RES1000mN2018000E3154000,3557906,23.0
14561,CRS3035RES1000mN2018000E3154000,5231361,74.0
14562,CRS3035RES1000mN2018000E3154000,9314566,90.0
14563,CRS3035RES1000mN2018000E3154000,13696257,95.0
14564,CRS3035RES1000mN2018000E3154000,15996131,73.0
14565,CRS3035RES1000mN2018000E3154000,23526191,71.0
14566,CRS3035RES1000mN2018000E3154000,23545719,75.0
14567,CRS3035RES1000mN2018000E3154000,30599279,37.0
14568,CRS3035RES1000mN2018000E3154000,30649229,70.0
14569,CRS3035RES1000mN2018000E3154000,32198651,
14570,CRS3035RES1000mN2018000E3154000,34945111,19.0
14571,CRS3035RES1000mN2018000E3154000,50170625,97.0
14572,CRS3035RES1000mN2018000E3154000,82887228,94.0
14573,CRS3035RES1000mN2018000E3154000,92484952,93.0
14574,CRS3035RES1000mN2018000E3154000,95794713,65.0
14575,CRS3035RES1000mN2018000E3154000,96418670,40.0
14576,CRS3035RES1000mN2018000E3154000,98502686,77.0
14577,CRS3035RES1000mN2018000E3154000,132613257,67.0
14578,CRS3035RES1000mN2018000E3154000,135036040,71.0
14579,CRS3035RES1000mN2018000E3154000,150772489,72.0
14580,CRS3035RES1000mN2018000E3154000,154118456,90.0
14581,CRS3035RES1000mN2018000E3154000,157375776,86.0
14582,CRS3035RES1000mN2018000E3154000,158211204,49.0
14583,CRS3035RES1000mN2018000E3154000,162072415,29.0
14584,CRS3035RES1000mN2018000E3154000,162117720,90.0
14585,CRS3035RES1000mN2018000E3154000,170487273,113.0
14586,CRS3035RES1000mN2018000E3154000,172686062,63.0
14587,CRS3035RES1000mN2018000E3154000,174318235,38.0
14588,CRS3035RES1000mN2018000E3154000,174318237,32.0
14589,CRS3035RES1000mN2018000E3154000,205060159,
14590,CRS3035RES1000mN2018000E3154000,205757163,
14591,CRS3035RES1000mN2018000E3154000,221095520,88.0
14592,CRS3035RES1000mN2018000E3154000,224503374,65.0
14593,CRS3035RES1000mN2018000E3154000,227333462,86.0
14594,CRS3035RES1000mN2018000E3154000,229117454,79.0
14595,CRS3035RES1000mN2018000E3154000,261460389,
14596,CRS3035RES1000mN2018000E3154000,283450022,55.0
14597,CRS3035RES1000mN2018000E3154000,288994040,45.0
14598,CRS3035RES1000mN2018000E3154000,296744564,115.0
14599,CRS3035RES1000mN2018000E3154000,297526406,78.0
14600,CRS3035RES1000mN2018000E3154000,300709861,56.0
14601,CRS3035RES1000mN2018000E3154000,301444634,
14602,CRS3035RES1000mN2018000E3154000,302721609,51.0
14603,CRS3035RES1000mN2018000E3154000,308195630,108.0
14604,CRS3035RES1000mN2018000E3154000,312777902,55.0
14605,CRS3035RES1000mN2018000E3154000,330154630,
14606,CRS3035RES1000mN2018000E3154000,340205456,69.0
14607,CRS3035RES1000mN2018000E3154000,367883612,92.0
14608,CRS3035RES1000mN2018000E3154000,368211943,92.0
14609,CRS3035RES1000mN2018000E3154000,374180360,91.0
14610,CRS3035RES1000mN2018000E3154000,375369499,84.0
14611,CRS3035RES1000mN2018000E3154000,383494544,72.0
14612,CRS3035RES1000mN2018000E3154000,384574591,16.0
14613,CRS3035RES1000mN2018000E3154000,403538322,112.0
14614,CRS3035RES1000mN2018000E3154000,403859503,69.0
14615,CRS3035RES1000mN2018000E3154000,437050442,40.0
14616,CRS3035RES1000mN2018000E3154000,459881697,87.0
14617,CRS3035RES1000mN2018000E3154000,477278425,
14618,CRS3035RES1000mN2018000E3154000,486879235,
14619,CRS3035RES1000mN2018000E3154000,493748377,33.0
14620,CRS3035RES1000mN2018000E3154000,498234201,38.0
14621,CRS3035RES1000mN2018000E3154000,504315026,86.0
14622,CRS3035RES1000mN2018000E3154000,548701490,80.0
14623,CRS3035RES1000mN2018000E3154000,574210084,90.0
14624,CRS3035RES1000mN2018000E3154000,576094143,31.0
14625,CRS3035RES1000mN2018000E3154000,584409067,84.0
14626,CRS3035RES1000mN2018000E3154000,635512756,77.0
14627,CRS3035RES1000mN2018000E3154000,638492224,105.0
14628,CRS3035RES1000mN2018000E3154000,653913062,86.0
14629,CRS3035RES1000mN2018000E3154000,659866770,77.0
14630,CRS3035RES1000mN2018000E3154000,697717972,55.0
14631,CRS3035RES1000mN2018000E3154000,717194862,102.0
14632,CRS3035RES1000mN2018000E3154000,736899303,114.0
14633,CRS3035RES1000mN2018000E3154000,738042217,49.0
14634,CRS3035RES1000mN2018000E3154000,839611983,114.0
14635,CRS3035RES1000mN2018000E3154000,957893520,47.0
14636,CRS3035RES1000mN2018000E3154000,963308110,68.0
14637,CRS3035RES1000mN2018000E3154000,1073283182,48.0
14638,CRS3035RES1000mN2018000E3154000,1252864015,82.0
14639,CRS3035RES1000mN2018000E3154000,1283203658,90.0
14640,CRS3035RES1000mN2018000E3155000,25526,52.0
14641,CRS3035RES1000mN2018000E3155000,1774,49.0
14642,CRS3035RES1000mN2018000E3155000,1770,80.0
14643,CRS3035RES1000mN2018000E3155000,1773,66.0
14644,CRS3035RES1000mN2018000E3155000,1771,63.0
14645,CRS3035RES1000mN2018000E3155000,123303,49.0
14646,CRS3035RES1000mN2018000E3155000,1764,57.0
14647,CRS3035RES1000mN2018000E3155000,181101,59.0
14648,CRS3035RES1000mN2018000E3155000,5765642,47.0
14649,CRS3035RES1000mN2018000E3155000,86719,39.0
14650,CRS3035RES1000mN2018000E3155000,1800,60.0
14651,CRS3035RES1000mN2018000E3155000,1757,58.0
14652,CRS3035RES1000mN2018000E3155000,1755,53.0
14653,CRS3035RES1000mN2018000E3155000,1882,61.0
14654,CRS3035RES1000mN2018000E3155000,1745,74.0
14655,CRS3035RES1000mN2018000E3155000,1794,71.0
14656,CRS3035RES1000mN2018000E3155000,1762,61.0
14657,CRS3035RES1000mN2018000E3155000,51188,65.0
14658,CRS3035RES1000mN2018000E3155000,6893633,57.0
14659,CRS3035RES1000mN2018000E3155000,167128,62.0
14660,CRS3035RES1000mN2018000E3155000,1760,68.0
14661,CRS3035RES1000mN2018000E3155000,12773298,36.0
14662,CRS3035RES1000mN2018000E3155000,1754,50.0
14663,CRS3035RES1000mN2018000E3155000,1748,57.0
14664,CRS3035RES1000mN2018000E3155000,79941,79.0
14665,CRS3035RES1000mN2018000E3155000,1750,72.0
14666,CRS3035RES1000mN2018000E3155000,5975465,53.0
14667,CRS3035RES1000mN2018000E3155000,115056,78.0
14668,CRS3035RES1000mN2018000E3155000,1790,73.0
14669,CRS3035RES1000mN2018000E3155000,1756,50.0
14670,CRS3035RES1000mN2018000E3155000,51849,64.0
14671,CRS3035RES1000mN2018000E3155000,185595,67.0
14672,CRS3035RES1000mN2018000E3155000,7697128,51.0
14673,CRS3035RES1000mN2018000E3155000,10395362,80.0
14674,CRS3035RES1000mN2018000E3155000,1759,68.0
14675,CRS3035RES1000mN2018000E3155000,1752,63.0
14676,CRS3035RES1000mN2018000E3155000,186714,66.0
14677,CRS3035RES1000mN2018000E3155000,1753,54.0
14678,CRS3035RES1000mN2018000E3155000,1792,53.0
14679,CRS3035RES1000mN2018000E3155000,1763,59.0
14680,CRS3035RES1000mN2018000E3155000,1746,70.0
14681,CRS3035RES1000mN2018000E3155000,11572165,49.0
14682,CRS3035RES1000mN2018000E3155000,1761,49.0
14683,CRS3035RES1000mN2018000E3155000,1747,63.0
14684,CRS3035RES1000mN2018000E3155000,5768564,60.0
14685,CRS3035RES1000mN2018000E3155000,1798,54.0
14686,CRS3035RES1000mN2018000E3155000,66904,75.0
14687,CRS3035RES1000mN2018000E3155000,1777,57.0
14688,CRS3035RES1000mN2018000E3155000,1765,63.0
14689,CRS3035RES1000mN2018000E3155000,49416,55.0
14690,CRS3035RES1000mN2018000E3155000,12734939,55.0
14691,CRS3035RES1000mN2018000E3155000,167386167,50.0
14692,CRS3035RES1000mN2018000E3155000,295933804,67.0
14693,CRS3035RES1000mN2018000E3155000,303340017,72.0
14694,CRS3035RES1000mN2018000E3155000,315355551,81.0
14695,CRS3035RES1000mN2018000E3155000,339084977,53.0
14696,CRS3035RES1000mN2018000E3155000,412911553,68.0
14697,CRS3035RES1000mN2018000E3155000,558126037,75.0
14698,CRS3035RES1000mN2018000E3155000,711789768,85.0
14699,CRS3035RES1000mN2018000E3155000,727666062,
14700,CRS3035RES1000mN2018000E3155000,848085869,40.0
14701,CRS3035RES1000mN2018000E3155000,1056098898,73.0
14702,CRS3035RES1000mN2018000E3155000,1255438242,114.0
14703,CRS3035RES1000mN2018000E3155000,1469985039,68.0
14704,CRS3035RES1000mN2018000E3155000,1504302537,93.0
14705,CRS3035RES1000mN2018000E3155000,1511617504,65.0
14706,CRS3035RES1000mN2018000E3155000,1541601287,95.0
14707,CRS3035RES1000mN2018000E3155000,1544591296,72.0
14708,CRS3035RES1000mN2018000E3155000,1598174183,82.0
14709,CRS3035RES1000mN2018000E3155000,1629887846,85.0
14710,CRS3035RES1000mN2018000E3155000,1686660176,81.0
14711,CRS3035RES1000mN2018000E3155000,1716927336,42.0
14712,CRS3035RES1000mN2018000E3155000,1734554324,92.0
14713,CRS3035RES1000mN2018000E3155000,1849109335,77.0
14714,CRS3035RES1000mN2018000E3155000,2028408680,72.0
14715,CRS3035RES1000mN2018000E3155000,2036887702,
14716,CRS3035RES1000mN2018000E3155000,2061404218,85.0
14717,CRS3035RES1000mN2018000E3155000,2134238030,94.0
14718,CRS3035RES1000mN2018000E3155000,2261600754,
14719,CRS3035RES1000mN2018000E3155000,2301402027,90.0
14720,CRS3035RES1000mN2018000E3155000,2303966810,67.0
14721,CRS3035RES1000mN2018000E3155000,2312029862,82.0
14722,CRS3035RES1000mN2018000E3155000,2408860250,102.0
14723,CRS3035RES1000mN2018000E3155000,2620185829,68.0
14724,CRS3035RES1000mN2018000E3155000,2622508931,70.0
14725,CRS3035RES1000mN2018000E3155000,2672130951,99.0
14726,CRS3035RES1000mN2018000E3155000,2710518818,83.0
14727,CRS3035RES1000mN2018000E3155000,3034026261,94.0
14728,CRS3035RES1000mN2018000E3155000,3179889751,110.0
14729,CRS3035RES1000mN2018000E3155000,3206611978,
14730,CRS3035RES1000mN2018000E3155000,3272828439,44.0
14731,CRS3035RES1000mN2018000E3155000,3452364276,84.0
14732,CRS3035RES1000mN2018000E3155000,3452364277,67.0
14733,CRS3035RES1000mN2018000E3155000,3495733197,
14734,CRS3035RES1000mN2018000E3155000,3497154853,
14735,CRS3035RES1000mN2018000E3155000,3517755445,
14736,CRS3035RES1000mN2018000E3155000,3522125657,
14737,CRS3035RES1000mN2018000E3155000,3526751794,88.0
14738,CRS3035RES1000mN2018000E3155000,3839306060,85.0
14739,CRS3035RES1000mN2018000E3155000,4214697664,58.0
14740,CRS3035RES1000mN2018000E3155000,4338252586,76.0
14741,CRS3035RES1000mN2018000E3155000,4401271633,98.0
14742,CRS3035RES1000mN2018000E3155000,4515476768,76.0
14743,CRS3035RES1000mN2018000E3155000,4569910891,56.0
14744,CRS3035RES1000mN2018000E3155000,4703730491,77.0
14745,CRS3035RES1000mN2018000E3155000,4707870392,78.0
14746,CRS3035RES1000mN2018000E3155000,4789037769,58.0
14747,CRS3035RES1000mN2018000E3155000,4794233143,119.0
14748,CRS3035RES1000mN2018000E3155000,4870405674,60.0
14749,CRS3035RES1000mN2018000E3155000,5139379922,93.0
14750,CRS3035RES1000mN2018000E3155000,5160337425,67.0
14751,CRS3035RES1000mN2018000E3155000,5196199575,81.0
14752,CRS3035RES1000mN2018000E3155000,5341570554,57.0
14753,CRS3035RES1000mN2018000E3155000,5345949864,80.0
14754,CRS3035RES1000mN2018000E3155000,5448507385,
14755,CRS3035RES1000mN2018000E3155000,5604693894,73.0
14756,CRS3035RES1000mN2018000E3155000,5670401989,
14757,CRS3035RES1000mN2018000E3155000,5942671299,81.0
14758,CRS3035RES1000mN2018000E3155000,5943980960,72.0
14759,CRS3035RES1000mN2018000E3155000,6185791451,
14760,CRS3035RES1000mN2018000E3155000,6188948286,72.0
14761,CRS3035RES1000mN2018000E3155000,6555800191,46.0
14762,CRS3035RES1000mN2018000E3155000,6885254479,77.0
14763,CRS3035RES1000mN2018000E3155000,7222611268,
14764,CRS3035RES1000mN2018000E3155000,7408961006,113.0
14765,CRS3035RES1000mN2018000E3155000,7619964683,113.0
14766,CRS3035RES1000mN2018000E3155000,7836562695,90.0
14767,CRS3035RES1000mN2018000E3155000,8493729364,50.0
14768,CRS3035RES1000mN2018000E3155000,8557885377,103.0
14769,CRS3035RES1000mN2018000E3155000,8807212208,61.0
14770,CRS3035RES1000mN2018000E3155000,8844229173,64.0
14771,CRS3035RES1000mN2018000E3155000,8878422600,89.0
14772,CRS3035RES1000mN2018000E3155000,9595709188,71.0
14773,CRS3035RES1000mN2018000E3155000,9611387099,53.0
14774,CRS3035RES1000mN2018000E3155000,9712656915,63.0
14775,CRS3035RES1000mN2018000E3155000,9713142744,59.0
14776,CRS3035RES1000mN2018000E3155000,9815746657,100.0
14777,CRS3035RES1000mN2018000E3155000,10004871512,84.0
14778,CRS3035RES1000mN2018000E3155000,10281174134,
14779,CRS3035RES1000mN2018000E3155000,10580337411,89.0
14780,CRS3035RES1000mN2018000E3155000,10899442604,39.0
14781,CRS3035RES1000mN2018000E3155000,10922657146,37.0
14782,CRS3035RES1000mN2018000E3155000,11127499928,89.0
14783,CRS3035RES1000mN2018000E3155000,11143725881,81.0
14784,CRS3035RES1000mN2018000E3155000,11243087140,85.0
14785,CRS3035RES1000mN2018000E3155000,11269399969,79.0
14786,CRS3035RES1000mN2018000E3155000,11287269362,90.0
14787,CRS3035RES1000mN2018000E3155000,11287269363,96.0
14788,CRS3035RES1000mN2018000E3155000,11369705764,95.0
14789,CRS3035RES1000mN2018000E3155000,11387776374,67.0
14790,CRS3035RES1000mN2018000E3155000,11461799040,
14791,CRS3035RES1000mN2018000E3155000,11462802981,50.0
14792,CRS3035RES1000mN2018000E3155000,11652077658,82.0
14793,CRS3035RES1000mN2018000E3155000,11691390164,67.0
14794,CRS3035RES1000mN2018000E3155000,11739757462,14.0
14795,CRS3035RES1000mN2018000E3155000,12178446726,57.0
14796,CRS3035RES1000mN2018000E3155000,12407425114,98.0
14797,CRS3035RES1000mN2018000E3155000,12865480228,86.0
14798,CRS3035RES1000mN2018000E3155000,2960630,58.0
14799,CRS3035RES1000mN2018000E3155000,3554044,62.0
14800,CRS3035RES1000mN2018000E3155000,3557906,11.0
14801,CRS3035RES1000mN2018000E3155000,5231361,73.0
14802,CRS3035RES1000mN2018000E3155000,9314566,91.0
14803,CRS3035RES1000mN2018000E3155000,13696257,96.0
14804,CRS3035RES1000mN2018000E3155000,15996131,73.0
14805,CRS3035RES1000mN2018000E3155000,23526191,73.0
14806,CRS3035RES1000mN2018000E3155000,23545719,76.0
14807,CRS3035RES1000mN2018000E3155000,30599279,35.0
14808,CRS3035RES1000mN2018000E3155000,30649229,70.0
14809,CRS3035RES1000mN2018000E3155000,32198651,
14810,CRS3035RES1000mN2018000E3155000,34945111,27.0
14811,CRS3035RES1000mN2018000E3155000,50170625,98.0
14812,CRS3035RES1000mN2018000E3155000,82887228,95.0
14813,CRS3035RES1000mN2018000E3155000,92484952,95.0
14814,CRS3035RES1000mN2018000E3155000,95794713,65.0
14815,CRS3035RES1000mN2018000E3155000,96418670,43.0
14816,CRS3035RES1000mN2018000E3155000,98502686,78.0
14817,CRS3035RES1000mN2018000E3155000,132613257,67.0
14818,CRS3035RES1000mN2018000E3155000,135036040,72.0
14819,CRS3035RES1000mN2018000E3155000,150772489,72.0
14820,CRS3035RES1000mN2018000E3155000,154118456,91.0
14821,CRS3035RES1000mN2018000E3155000,157375776,87.0
14822,CRS3035RES1000mN2018000E3155000,158211204,51.0
14823,CRS3035RES1000mN2018000E3155000,162072415,26.0
14824,CRS3035RES1000mN2018000E3155000,162117720,91.0
14825,CRS3035RES1000mN2018000E3155000,170487273,113.0
14826,CRS3035RES1000mN2018000E3155000,172686062,63.0
14827,CRS3035RES1000mN2018000E3155000,174318235,40.0
14828,CRS3035RES1000mN2018000E3155000,174318237,35.0
14829,CRS3035RES1000mN2018000E3155000,205060159,
14830,CRS3035RES1000mN2018000E3155000,205757163,
14831,CRS3035RES1000mN2018000E3155000,221095520,89.0
14832,CRS3035RES1000mN2018000E3155000,224503374,65.0
14833,CRS3035RES1000mN2018000E3155000,227333462,87.0
14834,CRS3035RES1000mN2018000E3155000,229117454,80.0
14835,CRS3035RES1000mN2018000E3155000,261460389,
14836,CRS3035RES1000mN2018000E3155000,283450022,55.0
14837,CRS3035RES1000mN2018000E3155000,288994040,45.0
14838,CRS3035RES1000mN2018000E3155000,296744564,116.0
14839,CRS3035RES1000mN2018000E3155000,297526406,78.0
14840,CRS3035RES1000mN2018000E3155000,300709861,58.0
14841,CRS3035RES1000mN2018000E3155000,301444634,
14842,CRS3035RES1000mN2018000E3155000,302721609,48.0
14843,CRS3035RES1000mN2018000E3155000,308195630,109.0
14844,CRS3035RES1000mN2018000E3155000,312777902,56.0
14845,CRS3035RES1000mN2018000E3155000,330154630,
14846,CRS3035RES1000mN2018000E3155000,340205456,70.0
14847,CRS3035RES1000mN2018000E3155000,367883612,93.0
14848,CRS3035RES1000mN2018000E3155000,368211943,93.0
14849,CRS3035RES1000mN2018000E3155000,374180360,92.0
14850,CRS3035RES1000mN2018000E3155000,375369499,85.0
14851,CRS3035RES1000mN2018000E3155000,383494544,71.0
14852,CRS3035RES1000mN2018000E3155000,384574591,12.0
14853,CRS3035RES1000mN2018000E3155000,403538322,113.0
14854,CRS3035RES1000mN2018000E3155000,403859503,69.0
14855,CRS3035RES1000mN2018000E3155000,437050442,42.0
14856,CRS3035RES1000mN2018000E3155000,459881697,88.0
14857,CRS3035RES1000mN2018000E3155000,477278425,
14858,CRS3035RES1000mN2018000E3155000,486879235,
14859,CRS3035RES1000mN2018000E3155000,493748377,33.0
14860,CRS3035RES1000mN2018000E3155000,498234201,40.0
14861,CRS3035RES1000mN2018000E3155000,504315026,87.0
14862,CRS3035RES1000mN2018000E3155000,548701490,80.0
14863,CRS3035RES1000mN2018000E3155000,574210084,91.0
14864,CRS3035RES1000mN2018000E3155000,576094143,35.0
14865,CRS3035RES1000mN2018000E3155000,584409067,85.0
14866,CRS3035RES1000mN2018000E3155000,635512756,78.0
14867,CRS3035RES1000mN2018000E3155000,638492224,105.0
14868,CRS3035RES1000mN2018000E3155000,653913062,87.0
14869,CRS3035RES1000mN2018000E3155000,659866770,77.0
14870,CRS3035RES1000mN2018000E3155000,697717972,56.0
14871,CRS3035RES1000mN2018000E3155000,717194862,102.0
14872,CRS3035RES1000mN2018000E3155000,736899303,116.0
14873,CRS3035RES1000mN2018000E3155000,738042217,47.0
14874,CRS3035RES1000mN2018000E3155000,839611983,114.0
14875,CRS3035RES1000mN2018000E3155000,957893520,47.0
14876,CRS3035RES1000mN2018000E3155000,963308110,69.0
14877,CRS3035RES1000mN2018000E3155000,1073283182,45.0
14878,CRS3035RES1000mN2018000E3155000,1252864015,83.0
14879,CRS3035RES1000mN2018000E3155000,1283203658,92.0
14880,CRS3035RES1000mN2018000E3156000,25526,57.0
14881,CRS3035RES1000mN2018000E3156000,1774,54.0
14882,CRS3035RES1000mN2018000E3156000,1770,83.0
14883,CRS3035RES1000mN2018000E3156000,1773,71.0
14884,CRS3035RES1000mN2018000E3156000,1771,67.0
14885,CRS3035RES1000mN2018000E3156000,123303,51.0
14886,CRS3035RES1000mN2018000E3156000,1764,62.0
14887,CRS3035RES1000mN2018000E3156000,181101,70.0
14888,CRS3035RES1000mN2018000E3156000,5765642,48.0
14889,CRS3035RES1000mN2018000E3156000,86719,43.0
14890,CRS3035RES1000mN2018000E3156000,1800,66.0
14891,CRS3035RES1000mN2018000E3156000,1757,60.0
14892,CRS3035RES1000mN2018000E3156000,1755,55.0
14893,CRS3035RES1000mN2018000E3156000,1882,67.0
14894,CRS3035RES1000mN2018000E3156000,1745,76.0
14895,CRS3035RES1000mN2018000E3156000,1794,75.0
14896,CRS3035RES1000mN2018000E3156000,1762,63.0
14897,CRS3035RES1000mN2018000E3156000,51188,69.0
14898,CRS3035RES1000mN2018000E3156000,6893633,62.0
14899,CRS3035RES1000mN2018000E3156000,167128,69.0
14900,CRS3035RES1000mN2018000E3156000,1760,71.0
14901,CRS3035RES1000mN2018000E3156000,12773298,41.0
14902,CRS3035RES1000mN2018000E3156000,1754,52.0
14903,CRS3035RES1000mN2018000E3156000,1748,66.0
14904,CRS3035RES1000mN2018000E3156000,79941,79.0
14905,CRS3035RES1000mN2018000E3156000,1750,76.0
14906,CRS3035RES1000mN2018000E3156000,5975465,58.0
14907,CRS3035RES1000mN2018000E3156000,115056,83.0
14908,CRS3035RES1000mN2018000E3156000,1790,77.0
14909,CRS3035RES1000mN2018000E3156000,1756,53.0
14910,CRS3035RES1000mN2018000E3156000,51849,69.0
14911,CRS3035RES1000mN2018000E3156000,185595,71.0
14912,CRS3035RES1000mN2018000E3156000,7697128,56.0
14913,CRS3035RES1000mN2018000E3156000,10395362,86.0
14914,CRS3035RES1000mN2018000E3156000,1759,72.0
14915,CRS3035RES1000mN2018000E3156000,1752,65.0
14916,CRS3035RES1000mN2018000E3156000,186714,71.0
14917,CRS3035RES1000mN2018000E3156000,1753,60.0
14918,CRS3035RES1000mN2018000E3156000,1792,69.0
14919,CRS3035RES1000mN2018000E3156000,1763,61.0
14920,CRS3035RES1000mN2018000E3156000,1746,75.0
14921,CRS3035RES1000mN2018000E3156000,11572165,55.0
14922,CRS3035RES1000mN2018000E3156000,1761,55.0
14923,CRS3035RES1000mN2018000E3156000,1747,73.0
14924,CRS3035RES1000mN2018000E3156000,5768564,59.0
14925,CRS3035RES1000mN2018000E3156000,1798,57.0
14926,CRS3035RES1000mN2018000E3156000,66904,77.0
14927,CRS3035RES1000mN2018000E3156000,1777,60.0
14928,CRS3035RES1000mN2018000E3156000,1765,66.0
14929,CRS3035RES1000mN2018000E3156000,49416,68.0
14930,CRS3035RES1000mN2018000E3156000,12734939,68.0
14931,CRS3035RES1000mN2018000E3156000,167386167,53.0
14932,CRS3035RES1000mN2018000E3156000,295933804,72.0
14933,CRS3035RES1000mN2018000E3156000,303340017,77.0
14934,CRS3035RES1000mN2018000E3156000,315355551,79.0
14935,CRS3035RES1000mN2018000E3156000,339084977,56.0
14936,CRS3035RES1000mN2018000E3156000,412911553,71.0
14937,CRS3035RES1000mN2018000E3156000,558126037,74.0
14938,CRS3035RES1000mN2018000E3156000,711789768,84.0
14939,CRS3035RES1000mN2018000E3156000,727666062,
14940,CRS3035RES1000mN2018000E3156000,848085869,40.0
14941,CRS3035RES1000mN2018000E3156000,1056098898,77.0
14942,CRS3035RES1000mN2018000E3156000,1255438242,115.0
14943,CRS3035RES1000mN2018000E3156000,1469985039,84.0
14944,CRS3035RES1000mN2018000E3156000,1504302537,
14945,CRS3035RES1000mN2018000E3156000,1511617504,65.0
14946,CRS3035RES1000mN2018000E3156000,1541601287,98.0
14947,CRS3035RES1000mN2018000E3156000,1544591296,77.0
14948,CRS3035RES1000mN2018000E3156000,1598174183,81.0
14949,CRS3035RES1000mN2018000E3156000,1629887846,87.0
14950,CRS3035RES1000mN2018000E3156000,1686660176,85.0
14951,CRS3035RES1000mN2018000E3156000,1716927336,41.0
14952,CRS3035RES1000mN2018000E3156000,1734554324,92.0
14953,CRS3035RES1000mN2018000E3156000,1849109335,82.0
14954,CRS3035RES1000mN2018000E3156000,2028408680,71.0
14955,CRS3035RES1000mN2018000E3156000,2036887702,
14956,CRS3035RES1000mN2018000E3156000,2061404218,88.0
14957,CRS3035RES1000mN2018000E3156000,2134238030,94.0
14958,CRS3035RES1000mN2018000E3156000,2261600754,
14959,CRS3035RES1000mN2018000E3156000,2301402027,95.0
14960,CRS3035RES1000mN2018000E3156000,2303966810,67.0
14961,CRS3035RES1000mN2018000E3156000,2312029862,84.0
14962,CRS3035RES1000mN2018000E3156000,2408860250,107.0
14963,CRS3035RES1000mN2018000E3156000,2620185829,71.0
14964,CRS3035RES1000mN2018000E3156000,2622508931,75.0
14965,CRS3035RES1000mN2018000E3156000,2672130951,99.0
14966,CRS3035RES1000mN2018000E3156000,2710518818,99.0
14967,CRS3035RES1000mN2018000E3156000,3034026261,94.0
14968,CRS3035RES1000mN2018000E3156000,3179889751,
14969,CRS3035RES1000mN2018000E3156000,3206611978,
14970,CRS3035RES1000mN2018000E3156000,3272828439,44.0
14971,CRS3035RES1000mN2018000E3156000,3452364276,89.0
14972,CRS3035RES1000mN2018000E3156000,3452364277,69.0
14973,CRS3035RES1000mN2018000E3156000,3495733197,
14974,CRS3035RES1000mN2018000E3156000,3497154853,
14975,CRS3035RES1000mN2018000E3156000,3517755445,
14976,CRS3035RES1000mN2018000E3156000,3522125657,
14977,CRS3035RES1000mN2018000E3156000,3526751794,93.0
14978,CRS3035RES1000mN2018000E3156000,3839306060,87.0
14979,CRS3035RES1000mN2018000E3156000,4214697664,61.0
14980,CRS3035RES1000mN2018000E3156000,4338252586,81.0
14981,CRS3035RES1000mN2018000E3156000,4401271633,98.0
14982,CRS3035RES1000mN2018000E3156000,4515476768,76.0
14983,CRS3035RES1000mN2018000E3156000,4569910891,60.0
14984,CRS3035RES1000mN2018000E3156000,4703730491,79.0
14985,CRS3035RES1000mN2018000E3156000,4707870392,77.0
14986,CRS3035RES1000mN2018000E3156000,4789037769,57.0
14987,CRS3035RES1000mN2018000E3156000,4794233143,
14988,CRS3035RES1000mN2018000E3156000,4870405674,59.0
14989,CRS3035RES1000mN2018000E3156000,5139379922,92.0
14990,CRS3035RES1000mN2018000E3156000,5160337425,70.0
14991,CRS3035RES1000mN2018000E3156000,5196199575,80.0
14992,CRS3035RES1000mN2018000E3156000,5341570554,63.0
14993,CRS3035RES1000mN2018000E3156000,5345949864,102.0
14994,CRS3035RES1000mN2018000E3156000,5448507385,
14995,CRS3035RES1000mN2018000E3156000,5604693894,78.0
14996,CRS3035RES1000mN2018000E3156000,5670401989,
14997,CRS3035RES1000mN2018000E3156000,5942671299,93.0
14998,CRS3035RES1000mN2018000E3156000,5943980960,72.0
14999,CRS3035RES1000mN2018000E3156000,6185791451,
15000,CRS3035RES1000mN2018000E3156000,6188948286,86.0
15001,CRS3035RES1000mN2018000E3156000,6555800191,47.0
15002,CRS3035RES1000mN2018000E3156000,6885254479,80.0
15003,CRS3035RES1000mN2018000E3156000,7222611268,
15004,CRS3035RES1000mN2018000E3156000,7408961006,
15005,CRS3035RES1000mN2018000E3156000,7619964683,118.0
15006,CRS3035RES1000mN2018000E3156000,7836562695,95.0
15007,CRS3035RES1000mN2018000E3156000,8493729364,55.0
15008,CRS3035RES1000mN2018000E3156000,8557885377,108.0
15009,CRS3035RES1000mN2018000E3156000,8807212208,65.0
15010,CRS3035RES1000mN2018000E3156000,8844229173,69.0
15011,CRS3035RES1000mN2018000E3156000,8878422600,94.0
15012,CRS3035RES1000mN2018000E3156000,9595709188,75.0
15013,CRS3035RES1000mN2018000E3156000,9611387099,58.0
15014,CRS3035RES1000mN2018000E3156000,9712656915,67.0
15015,CRS3035RES1000mN2018000E3156000,9713142744,62.0
15016,CRS3035RES1000mN2018000E3156000,9815746657,
15017,CRS3035RES1000mN2018000E3156000,10004871512,84.0
15018,CRS3035RES1000mN2018000E3156000,10281174134,
15019,CRS3035RES1000mN2018000E3156000,10580337411,91.0
15020,CRS3035RES1000mN2018000E3156000,10899442604,39.0
15021,CRS3035RES1000mN2018000E3156000,10922657146,37.0
15022,CRS3035RES1000mN2018000E3156000,11127499928,94.0
15023,CRS3035RES1000mN2018000E3156000,11143725881,86.0
15024,CRS3035RES1000mN2018000E3156000,11243087140,88.0
15025,CRS3035RES1000mN2018000E3156000,11269399969,83.0
15026,CRS3035RES1000mN2018000E3156000,11287269362,88.0
15027,CRS3035RES1000mN2018000E3156000,11287269363,106.0
15028,CRS3035RES1000mN2018000E3156000,11369705764,98.0
15029,CRS3035RES1000mN2018000E3156000,11387776374,73.0
15030,CRS3035RES1000mN2018000E3156000,11461799040,
15031,CRS3035RES1000mN2018000E3156000,11462802981,62.0
15032,CRS3035RES1000mN2018000E3156000,11652077658,87.0
15033,CRS3035RES1000mN2018000E3156000,11691390164,70.0
15034,CRS3035RES1000mN2018000E3156000,11739757462,13.0
15035,CRS3035RES1000mN2018000E3156000,12178446726,59.0
15036,CRS3035RES1000mN2018000E3156000,12407425114,98.0
15037,CRS3035RES1000mN2018000E3156000,12865480228,88.0
15038,CRS3035RES1000mN2018000E3156000,2960630,57.0
15039,CRS3035RES1000mN2018000E3156000,3554044,62.0
15040,CRS3035RES1000mN2018000E3156000,3557906,14.0
15041,CRS3035RES1000mN2018000E3156000,5231361,77.0
15042,CRS3035RES1000mN2018000E3156000,9314566,97.0
15043,CRS3035RES1000mN2018000E3156000,13696257,103.0
15044,CRS3035RES1000mN2018000E3156000,15996131,77.0
15045,CRS3035RES1000mN2018000E3156000,23526191,77.0
15046,CRS3035RES1000mN2018000E3156000,23545719,80.0
15047,CRS3035RES1000mN2018000E3156000,30599279,34.0
15048,CRS3035RES1000mN2018000E3156000,30649229,74.0
15049,CRS3035RES1000mN2018000E3156000,32198651,
15050,CRS3035RES1000mN2018000E3156000,34945111,27.0
15051,CRS3035RES1000mN2018000E3156000,50170625,117.0
15052,CRS3035RES1000mN2018000E3156000,82887228,101.0
15053,CRS3035RES1000mN2018000E3156000,92484952,95.0
15054,CRS3035RES1000mN2018000E3156000,95794713,77.0
15055,CRS3035RES1000mN2018000E3156000,96418670,43.0
15056,CRS3035RES1000mN2018000E3156000,98502686,83.0
15057,CRS3035RES1000mN2018000E3156000,132613257,77.0
15058,CRS3035RES1000mN2018000E3156000,135036040,87.0
15059,CRS3035RES1000mN2018000E3156000,150772489,76.0
15060,CRS3035RES1000mN2018000E3156000,154118456,92.0
15061,CRS3035RES1000mN2018000E3156000,157375776,91.0
15062,CRS3035RES1000mN2018000E3156000,158211204,52.0
15063,CRS3035RES1000mN2018000E3156000,162072415,26.0
15064,CRS3035RES1000mN2018000E3156000,162117720,96.0
15065,CRS3035RES1000mN2018000E3156000,170487273,
15066,CRS3035RES1000mN2018000E3156000,172686062,64.0
15067,CRS3035RES1000mN2018000E3156000,174318235,40.0
15068,CRS3035RES1000mN2018000E3156000,174318237,35.0
15069,CRS3035RES1000mN2018000E3156000,205060159,
15070,CRS3035RES1000mN2018000E3156000,205757163,
15071,CRS3035RES1000mN2018000E3156000,221095520,93.0
15072,CRS3035RES1000mN2018000E3156000,224503374,68.0
15073,CRS3035RES1000mN2018000E3156000,227333462,87.0
15074,CRS3035RES1000mN2018000E3156000,229117454,85.0
15075,CRS3035RES1000mN2018000E3156000,261460389,
15076,CRS3035RES1000mN2018000E3156000,283450022,61.0
15077,CRS3035RES1000mN2018000E3156000,288994040,50.0
15078,CRS3035RES1000mN2018000E3156000,296744564,117.0
15079,CRS3035RES1000mN2018000E3156000,297526406,83.0
15080,CRS3035RES1000mN2018000E3156000,300709861,58.0
15081,CRS3035RES1000mN2018000E3156000,301444634,
15082,CRS3035RES1000mN2018000E3156000,302721609,47.0
15083,CRS3035RES1000mN2018000E3156000,308195630,114.0
15084,CRS3035RES1000mN2018000E3156000,312777902,61.0
15085,CRS3035RES1000mN2018000E3156000,330154630,
15086,CRS3035RES1000mN2018000E3156000,340205456,73.0
15087,CRS3035RES1000mN2018000E3156000,367883612,98.0
15088,CRS3035RES1000mN2018000E3156000,368211943,97.0
15089,CRS3035RES1000mN2018000E3156000,374180360,91.0
15090,CRS3035RES1000mN2018000E3156000,375369499,85.0
15091,CRS3035RES1000mN2018000E3156000,383494544,74.0
15092,CRS3035RES1000mN2018000E3156000,384574591,23.0
15093,CRS3035RES1000mN2018000E3156000,403538322,111.0
15094,CRS3035RES1000mN2018000E3156000,403859503,73.0
15095,CRS3035RES1000mN2018000E3156000,437050442,47.0
15096,CRS3035RES1000mN2018000E3156000,459881697,88.0
15097,CRS3035RES1000mN2018000E3156000,477278425,
15098,CRS3035RES1000mN2018000E3156000,486879235,
15099,CRS3035RES1000mN2018000E3156000,493748377,35.0
15100,CRS3035RES1000mN2018000E3156000,498234201,46.0
15101,CRS3035RES1000mN2018000E3156000,504315026,89.0
15102,CRS3035RES1000mN2018000E3156000,548701490,80.0
15103,CRS3035RES1000mN2018000E3156000,574210084,96.0
15104,CRS3035RES1000mN2018000E3156000,576094143,36.0
15105,CRS3035RES1000mN2018000E3156000,584409067,102.0
15106,CRS3035RES1000mN2018000E3156000,635512756,83.0
15107,CRS3035RES1000mN2018000E3156000,638492224,116.0
15108,CRS3035RES1000mN2018000E3156000,653913062,92.0
15109,CRS3035RES1000mN2018000E3156000,659866770,82.0
15110,CRS3035RES1000mN2018000E3156000,697717972,56.0
15111,CRS3035RES1000mN2018000E3156000,717194862,107.0
15112,CRS3035RES1000mN2018000E3156000,736899303,115.0
15113,CRS3035RES1000mN2018000E3156000,738042217,47.0
15114,CRS3035RES1000mN2018000E3156000,839611983,119.0
15115,CRS3035RES1000mN2018000E3156000,957893520,52.0
15116,CRS3035RES1000mN2018000E3156000,963308110,84.0
15117,CRS3035RES1000mN2018000E3156000,1073283182,44.0
15118,CRS3035RES1000mN2018000E3156000,1252864015,81.0
15119,CRS3035RES1000mN2018000E3156000,1283203658,92.0
15120,CRS3035RES1000mN2018000E3157000,25526,61.0
15121,CRS3035RES1000mN2018000E3157000,1774,61.0
15122,CRS3035RES1000mN2018000E3157000,1770,92.0
15123,CRS3035RES1000mN2018000E3157000,1773,79.0
15124,CRS3035RES1000mN2018000E3157000,1771,76.0
15125,CRS3035RES1000mN2018000E3157000,123303,62.0
15126,CRS3035RES1000mN2018000E3157000,1764,72.0
15127,CRS3035RES1000mN2018000E3157000,181101,78.0
15128,CRS3035RES1000mN2018000E3157000,5765642,53.0
15129,CRS3035RES1000mN2018000E3157000,86719,48.0
15130,CRS3035RES1000mN2018000E3157000,1800,75.0
15131,CRS3035RES1000mN2018000E3157000,1757,65.0
15132,CRS3035RES1000mN2018000E3157000,1755,65.0
15133,CRS3035RES1000mN2018000E3157000,1882,75.0
15134,CRS3035RES1000mN2018000E3157000,1745,83.0
15135,CRS3035RES1000mN2018000E3157000,1794,83.0
15136,CRS3035RES1000mN2018000E3157000,1762,70.0
15137,CRS3035RES1000mN2018000E3157000,51188,77.0
15138,CRS3035RES1000mN2018000E3157000,6893633,71.0
15139,CRS3035RES1000mN2018000E3157000,167128,78.0
15140,CRS3035RES1000mN2018000E3157000,1760,79.0
15141,CRS3035RES1000mN2018000E3157000,12773298,50.0
15142,CRS3035RES1000mN2018000E3157000,1754,57.0
15143,CRS3035RES1000mN2018000E3157000,1748,75.0
15144,CRS3035RES1000mN2018000E3157000,79941,85.0
15145,CRS3035RES1000mN2018000E3157000,1750,84.0
15146,CRS3035RES1000mN2018000E3157000,5975465,68.0
15147,CRS3035RES1000mN2018000E3157000,115056,92.0
15148,CRS3035RES1000mN2018000E3157000,1790,85.0
15149,CRS3035RES1000mN2018000E3157000,1756,58.0
15150,CRS3035RES1000mN2018000E3157000,51849,77.0
15151,CRS3035RES1000mN2018000E3157000,185595,80.0
15152,CRS3035RES1000mN2018000E3157000,7697128,66.0
15153,CRS3035RES1000mN2018000E3157000,10395362,96.0
15154,CRS3035RES1000mN2018000E3157000,1759,81.0
15155,CRS3035RES1000mN2018000E3157000,1752,72.0
15156,CRS3035RES1000mN2018000E3157000,186714,79.0
15157,CRS3035RES1000mN2018000E3157000,1753,69.0
15158,CRS3035RES1000mN2018000E3157000,1792,73.0
15159,CRS3035RES1000mN2018000E3157000,1763,62.0
15160,CRS3035RES1000mN2018000E3157000,1746,84.0
15161,CRS3035RES1000mN2018000E3157000,11572165,44.0
15162,CRS3035RES1000mN2018000E3157000,1761,64.0
15163,CRS3035RES1000mN2018000E3157000,1747,79.0
15164,CRS3035RES1000mN2018000E3157000,5768564,64.0
15165,CRS3035RES1000mN2018000E3157000,1798,64.0
15166,CRS3035RES1000mN2018000E3157000,66904,85.0
15167,CRS3035RES1000mN2018000E3157000,1777,69.0
15168,CRS3035RES1000mN2018000E3157000,1765,72.0
15169,CRS3035RES1000mN2018000E3157000,49416,75.0
15170,CRS3035RES1000mN2018000E3157000,12734939,75.0
15171,CRS3035RES1000mN2018000E3157000,167386167,63.0
15172,CRS3035RES1000mN2018000E3157000,295933804,77.0
15173,CRS3035RES1000mN2018000E3157000,303340017,99.0
15174,CRS3035RES1000mN2018000E3157000,315355551,90.0
15175,CRS3035RES1000mN2018000E3157000,339084977,57.0
15176,CRS3035RES1000mN2018000E3157000,412911553,80.0
15177,CRS3035RES1000mN2018000E3157000,558126037,82.0
15178,CRS3035RES1000mN2018000E3157000,711789768,89.0
15179,CRS3035RES1000mN2018000E3157000,727666062,
15180,CRS3035RES1000mN2018000E3157000,848085869,48.0
15181,CRS3035RES1000mN2018000E3157000,1056098898,85.0
15182,CRS3035RES1000mN2018000E3157000,1255438242,
15183,CRS3035RES1000mN2018000E3157000,1469985039,88.0
15184,CRS3035RES1000mN2018000E3157000,1504302537,98.0
15185,CRS3035RES1000mN2018000E3157000,1511617504,71.0
15186,CRS3035RES1000mN2018000E3157000,1541601287,103.0
15187,CRS3035RES1000mN2018000E3157000,1544591296,86.0
15188,CRS3035RES1000mN2018000E3157000,1598174183,88.0
15189,CRS3035RES1000mN2018000E3157000,1629887846,94.0
15190,CRS3035RES1000mN2018000E3157000,1686660176,93.0
15191,CRS3035RES1000mN2018000E3157000,1716927336,42.0
15192,CRS3035RES1000mN2018000E3157000,1734554324,97.0
15193,CRS3035RES1000mN2018000E3157000,1849109335,102.0
15194,CRS3035RES1000mN2018000E3157000,2028408680,83.0
15195,CRS3035RES1000mN2018000E3157000,2036887702,
15196,CRS3035RES1000mN2018000E3157000,2061404218,100.0
15197,CRS3035RES1000mN2018000E3157000,2134238030,99.0
15198,CRS3035RES1000mN2018000E3157000,2261600754,
15199,CRS3035RES1000mN2018000E3157000,2301402027,103.0
15200,CRS3035RES1000mN2018000E3157000,2303966810,70.0
15201,CRS3035RES1000mN2018000E3157000,2312029862,91.0
15202,CRS3035RES1000mN2018000E3157000,2408860250,116.0
15203,CRS3035RES1000mN2018000E3157000,2620185829,80.0
15204,CRS3035RES1000mN2018000E3157000,2622508931,82.0
15205,CRS3035RES1000mN2018000E3157000,2672130951,101.0
15206,CRS3035RES1000mN2018000E3157000,2710518818,88.0
15207,CRS3035RES1000mN2018000E3157000,3034026261,102.0
15208,CRS3035RES1000mN2018000E3157000,3179889751,
15209,CRS3035RES1000mN2018000E3157000,3206611978,
15210,CRS3035RES1000mN2018000E3157000,3272828439,53.0
15211,CRS3035RES1000mN2018000E3157000,3452364276,98.0
15212,CRS3035RES1000mN2018000E3157000,3452364277,78.0
15213,CRS3035RES1000mN2018000E3157000,3495733197,
15214,CRS3035RES1000mN2018000E3157000,3497154853,
15215,CRS3035RES1000mN2018000E3157000,3517755445,
15216,CRS3035RES1000mN2018000E3157000,3522125657,
15217,CRS3035RES1000mN2018000E3157000,3526751794,
15218,CRS3035RES1000mN2018000E3157000,3839306060,94.0
15219,CRS3035RES1000mN2018000E3157000,4214697664,69.0
15220,CRS3035RES1000mN2018000E3157000,4338252586,
15221,CRS3035RES1000mN2018000E3157000,4401271633,100.0
15222,CRS3035RES1000mN2018000E3157000,4515476768,78.0
15223,CRS3035RES1000mN2018000E3157000,4569910891,70.0
15224,CRS3035RES1000mN2018000E3157000,4703730491,84.0
15225,CRS3035RES1000mN2018000E3157000,4707870392,83.0
15226,CRS3035RES1000mN2018000E3157000,4789037769,58.0
15227,CRS3035RES1000mN2018000E3157000,4794233143,
15228,CRS3035RES1000mN2018000E3157000,4870405674,64.0
15229,CRS3035RES1000mN2018000E3157000,5139379922,100.0
15230,CRS3035RES1000mN2018000E3157000,5160337425,78.0
15231,CRS3035RES1000mN2018000E3157000,5196199575,85.0
15232,CRS3035RES1000mN2018000E3157000,5341570554,70.0
15233,CRS3035RES1000mN2018000E3157000,5345949864,85.0
15234,CRS3035RES1000mN2018000E3157000,5448507385,
15235,CRS3035RES1000mN2018000E3157000,5604693894,
15236,CRS3035RES1000mN2018000E3157000,5670401989,
15237,CRS3035RES1000mN2018000E3157000,5942671299,87.0
15238,CRS3035RES1000mN2018000E3157000,5943980960,75.0
15239,CRS3035RES1000mN2018000E3157000,6185791451,
15240,CRS3035RES1000mN2018000E3157000,6188948286,93.0
15241,CRS3035RES1000mN2018000E3157000,6555800191,57.0
15242,CRS3035RES1000mN2018000E3157000,6885254479,90.0
15243,CRS3035RES1000mN2018000E3157000,7222611268,
15244,CRS3035RES1000mN2018000E3157000,7408961006,118.0
15245,CRS3035RES1000mN2018000E3157000,7619964683,
15246,CRS3035RES1000mN2018000E3157000,7836562695,114.0
15247,CRS3035RES1000mN2018000E3157000,8493729364,65.0
15248,CRS3035RES1000mN2018000E3157000,8557885377,
15249,CRS3035RES1000mN2018000E3157000,8807212208,75.0
15250,CRS3035RES1000mN2018000E3157000,8844229173,78.0
15251,CRS3035RES1000mN2018000E3157000,8878422600,96.0
15252,CRS3035RES1000mN2018000E3157000,9595709188,84.0
15253,CRS3035RES1000mN2018000E3157000,9611387099,65.0
15254,CRS3035RES1000mN2018000E3157000,9712656915,75.0
15255,CRS3035RES1000mN2018000E3157000,9713142744,72.0
15256,CRS3035RES1000mN2018000E3157000,9815746657,
15257,CRS3035RES1000mN2018000E3157000,10004871512,91.0
15258,CRS3035RES1000mN2018000E3157000,10281174134,
15259,CRS3035RES1000mN2018000E3157000,10580337411,98.0
15260,CRS3035RES1000mN2018000E3157000,10899442604,49.0
15261,CRS3035RES1000mN2018000E3157000,10922657146,47.0
15262,CRS3035RES1000mN2018000E3157000,11127499928,100.0
15263,CRS3035RES1000mN2018000E3157000,11143725881,96.0
15264,CRS3035RES1000mN2018000E3157000,11243087140,98.0
15265,CRS3035RES1000mN2018000E3157000,11269399969,90.0
15266,CRS3035RES1000mN2018000E3157000,11287269362,95.0
15267,CRS3035RES1000mN2018000E3157000,11287269363,114.0
15268,CRS3035RES1000mN2018000E3157000,11369705764,105.0
15269,CRS3035RES1000mN2018000E3157000,11387776374,83.0
15270,CRS3035RES1000mN2018000E3157000,11461799040,
15271,CRS3035RES1000mN2018000E3157000,11462802981,70.0
15272,CRS3035RES1000mN2018000E3157000,11652077658,100.0
15273,CRS3035RES1000mN2018000E3157000,11691390164,79.0
15274,CRS3035RES1000mN2018000E3157000,11739757462,31.0
15275,CRS3035RES1000mN2018000E3157000,12178446726,70.0
15276,CRS3035RES1000mN2018000E3157000,12407425114,98.0
15277,CRS3035RES1000mN2018000E3157000,12865480228,95.0
15278,CRS3035RES1000mN2018000E3157000,2960630,67.0
15279,CRS3035RES1000mN2018000E3157000,3554044,74.0
15280,CRS3035RES1000mN2018000E3157000,3557906,32.0
15281,CRS3035RES1000mN2018000E3157000,5231361,85.0
15282,CRS3035RES1000mN2018000E3157000,9314566,102.0
15283,CRS3035RES1000mN2018000E3157000,13696257,108.0
15284,CRS3035RES1000mN2018000E3157000,15996131,82.0
15285,CRS3035RES1000mN2018000E3157000,23526191,85.0
15286,CRS3035RES1000mN2018000E3157000,23545719,88.0
15287,CRS3035RES1000mN2018000E3157000,30599279,40.0
15288,CRS3035RES1000mN2018000E3157000,30649229,81.0
15289,CRS3035RES1000mN2018000E3157000,32198651,
15290,CRS3035RES1000mN2018000E3157000,34945111,37.0
15291,CRS3035RES1000mN2018000E3157000,50170625,
15292,CRS3035RES1000mN2018000E3157000,82887228,107.0
15293,CRS3035RES1000mN2018000E3157000,92484952,101.0
15294,CRS3035RES1000mN2018000E3157000,95794713,82.0
15295,CRS3035RES1000mN2018000E3157000,96418670,53.0
15296,CRS3035RES1000mN2018000E3157000,98502686,89.0
15297,CRS3035RES1000mN2018000E3157000,132613257,84.0
15298,CRS3035RES1000mN2018000E3157000,135036040,92.0
15299,CRS3035RES1000mN2018000E3157000,150772489,84.0
15300,CRS3035RES1000mN2018000E3157000,154118456,95.0
15301,CRS3035RES1000mN2018000E3157000,157375776,96.0
15302,CRS3035RES1000mN2018000E3157000,158211204,62.0
15303,CRS3035RES1000mN2018000E3157000,162072415,31.0
15304,CRS3035RES1000mN2018000E3157000,162117720,102.0
15305,CRS3035RES1000mN2018000E3157000,170487273,118.0
15306,CRS3035RES1000mN2018000E3157000,172686062,70.0
15307,CRS3035RES1000mN2018000E3157000,174318235,50.0
15308,CRS3035RES1000mN2018000E3157000,174318237,45.0
15309,CRS3035RES1000mN2018000E3157000,205060159,
15310,CRS3035RES1000mN2018000E3157000,205757163,
15311,CRS3035RES1000mN2018000E3157000,221095520,101.0
15312,CRS3035RES1000mN2018000E3157000,224503374,76.0
15313,CRS3035RES1000mN2018000E3157000,227333462,87.0
15314,CRS3035RES1000mN2018000E3157000,229117454,95.0
15315,CRS3035RES1000mN2018000E3157000,261460389,
15316,CRS3035RES1000mN2018000E3157000,283450022,70.0
15317,CRS3035RES1000mN2018000E3157000,288994040,56.0
15318,CRS3035RES1000mN2018000E3157000,296744564,
15319,CRS3035RES1000mN2018000E3157000,297526406,98.0
15320,CRS3035RES1000mN2018000E3157000,300709861,65.0
15321,CRS3035RES1000mN2018000E3157000,301444634,
15322,CRS3035RES1000mN2018000E3157000,302721609,48.0
15323,CRS3035RES1000mN2018000E3157000,308195630,
15324,CRS3035RES1000mN2018000E3157000,312777902,66.0
15325,CRS3035RES1000mN2018000E3157000,330154630,
15326,CRS3035RES1000mN2018000E3157000,340205456,82.0
15327,CRS3035RES1000mN2018000E3157000,367883612,104.0
15328,CRS3035RES1000mN2018000E3157000,368211943,105.0
15329,CRS3035RES1000mN2018000E3157000,374180360,97.0
15330,CRS3035RES1000mN2018000E3157000,375369499,89.0
15331,CRS3035RES1000mN2018000E3157000,383494544,83.0
15332,CRS3035RES1000mN2018000E3157000,384574591,38.0
15333,CRS3035RES1000mN2018000E3157000,403538322,113.0
15334,CRS3035RES1000mN2018000E3157000,403859503,81.0
15335,CRS3035RES1000mN2018000E3157000,437050442,56.0
15336,CRS3035RES1000mN2018000E3157000,459881697,88.0
15337,CRS3035RES1000mN2018000E3157000,477278425,
15338,CRS3035RES1000mN2018000E3157000,486879235,
15339,CRS3035RES1000mN2018000E3157000,493748377,40.0
15340,CRS3035RES1000mN2018000E3157000,498234201,55.0
15341,CRS3035RES1000mN2018000E3157000,504315026,96.0
15342,CRS3035RES1000mN2018000E3157000,548701490,84.0
15343,CRS3035RES1000mN2018000E3157000,574210084,117.0
15344,CRS3035RES1000mN2018000E3157000,576094143,41.0
15345,CRS3035RES1000mN2018000E3157000,584409067,105.0
15346,CRS3035RES1000mN2018000E3157000,635512756,98.0
15347,CRS3035RES1000mN2018000E3157000,638492224,110.0
15348,CRS3035RES1000mN2018000E3157000,653913062,100.0
15349,CRS3035RES1000mN2018000E3157000,659866770,
15350,CRS3035RES1000mN2018000E3157000,697717972,62.0
15351,CRS3035RES1000mN2018000E3157000,717194862,
15352,CRS3035RES1000mN2018000E3157000,736899303,
15353,CRS3035RES1000mN2018000E3157000,738042217,48.0
15354,CRS3035RES1000mN2018000E3157000,839611983,
15355,CRS3035RES1000mN2018000E3157000,957893520,62.0
15356,CRS3035RES1000mN2018000E3157000,963308110,88.0
15357,CRS3035RES1000mN2018000E3157000,1073283182,45.0
15358,CRS3035RES1000mN2018000E3157000,1252864015,88.0
15359,CRS3035RES1000mN2018000E3157000,1283203658,94.0
15360,CRS3035RES1000mN2018000E3158000,25526,73.0
15361,CRS3035RES1000mN2018000E3158000,1774,68.0
15362,CRS3035RES1000mN2018000E3158000,1770,96.0
15363,CRS3035RES1000mN2018000E3158000,1773,84.0
15364,CRS3035RES1000mN2018000E3158000,1771,82.0
15365,CRS3035RES1000mN2018000E3158000,123303,66.0
15366,CRS3035RES1000mN2018000E3158000,1764,77.0
15367,CRS3035RES1000mN2018000E3158000,181101,81.0
15368,CRS3035RES1000mN2018000E3158000,5765642,62.0
15369,CRS3035RES1000mN2018000E3158000,86719,57.0
15370,CRS3035RES1000mN2018000E3158000,1800,80.0
15371,CRS3035RES1000mN2018000E3158000,1757,77.0
15372,CRS3035RES1000mN2018000E3158000,1755,69.0
15373,CRS3035RES1000mN2018000E3158000,1882,81.0
15374,CRS3035RES1000mN2018000E3158000,1745,92.0
15375,CRS3035RES1000mN2018000E3158000,1794,89.0
15376,CRS3035RES1000mN2018000E3158000,1762,79.0
15377,CRS3035RES1000mN2018000E3158000,51188,83.0
15378,CRS3035RES1000mN2018000E3158000,6893633,76.0
15379,CRS3035RES1000mN2018000E3158000,167128,82.0
15380,CRS3035RES1000mN2018000E3158000,1760,84.0
15381,CRS3035RES1000mN2018000E3158000,12773298,55.0
15382,CRS3035RES1000mN2018000E3158000,1754,67.0
15383,CRS3035RES1000mN2018000E3158000,1748,79.0
15384,CRS3035RES1000mN2018000E3158000,79941,96.0
15385,CRS3035RES1000mN2018000E3158000,1750,88.0
15386,CRS3035RES1000mN2018000E3158000,5975465,73.0
15387,CRS3035RES1000mN2018000E3158000,115056,97.0
15388,CRS3035RES1000mN2018000E3158000,1790,91.0
15389,CRS3035RES1000mN2018000E3158000,1756,68.0
15390,CRS3035RES1000mN2018000E3158000,51849,83.0
15391,CRS3035RES1000mN2018000E3158000,185595,85.0
15392,CRS3035RES1000mN2018000E3158000,7697128,71.0
15393,CRS3035RES1000mN2018000E3158000,10395362,99.0
15394,CRS3035RES1000mN2018000E3158000,1759,87.0
15395,CRS3035RES1000mN2018000E3158000,1752,80.0
15396,CRS3035RES1000mN2018000E3158000,186714,85.0
15397,CRS3035RES1000mN2018000E3158000,1753,74.0
15398,CRS3035RES1000mN2018000E3158000,1792,75.0
15399,CRS3035RES1000mN2018000E3158000,1763,76.0
15400,CRS3035RES1000mN2018000E3158000,1746,89.0
15401,CRS3035RES1000mN2018000E3158000,11572165,68.0
15402,CRS3035RES1000mN2018000E3158000,1761,69.0
15403,CRS3035RES1000mN2018000E3158000,1747,83.0
15404,CRS3035RES1000mN2018000E3158000,5768564,77.0
15405,CRS3035RES1000mN2018000E3158000,1798,70.0
15406,CRS3035RES1000mN2018000E3158000,66904,88.0
15407,CRS3035RES1000mN2018000E3158000,1777,74.0
15408,CRS3035RES1000mN2018000E3158000,1765,81.0
15409,CRS3035RES1000mN2018000E3158000,49416,79.0
15410,CRS3035RES1000mN2018000E3158000,12734939,79.0
15411,CRS3035RES1000mN2018000E3158000,167386167,67.0
15412,CRS3035RES1000mN2018000E3158000,295933804,94.0
15413,CRS3035RES1000mN2018000E3158000,303340017,101.0
15414,CRS3035RES1000mN2018000E3158000,315355551,99.0
15415,CRS3035RES1000mN2018000E3158000,339084977,70.0
15416,CRS3035RES1000mN2018000E3158000,412911553,84.0
15417,CRS3035RES1000mN2018000E3158000,558126037,91.0
15418,CRS3035RES1000mN2018000E3158000,711789768,89.0
15419,CRS3035RES1000mN2018000E3158000,727666062,
15420,CRS3035RES1000mN2018000E3158000,848085869,62.0
15421,CRS3035RES1000mN2018000E3158000,1056098898,91.0
15422,CRS3035RES1000mN2018000E3158000,1255438242,
15423,CRS3035RES1000mN2018000E3158000,1469985039,92.0
15424,CRS3035RES1000mN2018000E3158000,1504302537,
15425,CRS3035RES1000mN2018000E3158000,1511617504,76.0
15426,CRS3035RES1000mN2018000E3158000,1541601287,107.0
15427,CRS3035RES1000mN2018000E3158000,1544591296,89.0
15428,CRS3035RES1000mN2018000E3158000,1598174183,95.0
15429,CRS3035RES1000mN2018000E3158000,1629887846,99.0
15430,CRS3035RES1000mN2018000E3158000,1686660176,99.0
15431,CRS3035RES1000mN2018000E3158000,1716927336,68.0
15432,CRS3035RES1000mN2018000E3158000,1734554324,114.0
15433,CRS3035RES1000mN2018000E3158000,1849109335,106.0
15434,CRS3035RES1000mN2018000E3158000,2028408680,93.0
15435,CRS3035RES1000mN2018000E3158000,2036887702,
15436,CRS3035RES1000mN2018000E3158000,2061404218,103.0
15437,CRS3035RES1000mN2018000E3158000,2134238030,109.0
15438,CRS3035RES1000mN2018000E3158000,2261600754,
15439,CRS3035RES1000mN2018000E3158000,2301402027,107.0
15440,CRS3035RES1000mN2018000E3158000,2303966810,74.0
15441,CRS3035RES1000mN2018000E3158000,2312029862,98.0
15442,CRS3035RES1000mN2018000E3158000,2408860250,118.0
15443,CRS3035RES1000mN2018000E3158000,2620185829,85.0
15444,CRS3035RES1000mN2018000E3158000,2622508931,89.0
15445,CRS3035RES1000mN2018000E3158000,2672130951,101.0
15446,CRS3035RES1000mN2018000E3158000,2710518818,101.0
15447,CRS3035RES1000mN2018000E3158000,3034026261,
15448,CRS3035RES1000mN2018000E3158000,3179889751,
15449,CRS3035RES1000mN2018000E3158000,3206611978,
15450,CRS3035RES1000mN2018000E3158000,3272828439,63.0
15451,CRS3035RES1000mN2018000E3158000,3452364276,103.0
15452,CRS3035RES1000mN2018000E3158000,3452364277,82.0
15453,CRS3035RES1000mN2018000E3158000,3495733197,
15454,CRS3035RES1000mN2018000E3158000,3497154853,
15455,CRS3035RES1000mN2018000E3158000,3517755445,
15456,CRS3035RES1000mN2018000E3158000,3522125657,
15457,CRS3035RES1000mN2018000E3158000,3526751794,
15458,CRS3035RES1000mN2018000E3158000,3839306060,102.0
15459,CRS3035RES1000mN2018000E3158000,4214697664,76.0
15460,CRS3035RES1000mN2018000E3158000,4338252586,
15461,CRS3035RES1000mN2018000E3158000,4401271633,
15462,CRS3035RES1000mN2018000E3158000,4515476768,83.0
15463,CRS3035RES1000mN2018000E3158000,4569910891,75.0
15464,CRS3035RES1000mN2018000E3158000,4703730491,94.0
15465,CRS3035RES1000mN2018000E3158000,4707870392,90.0
15466,CRS3035RES1000mN2018000E3158000,4789037769,86.0
15467,CRS3035RES1000mN2018000E3158000,4794233143,
15468,CRS3035RES1000mN2018000E3158000,4870405674,78.0
15469,CRS3035RES1000mN2018000E3158000,5139379922,108.0
15470,CRS3035RES1000mN2018000E3158000,5160337425,83.0
15471,CRS3035RES1000mN2018000E3158000,5196199575,103.0
15472,CRS3035RES1000mN2018000E3158000,5341570554,76.0
15473,CRS3035RES1000mN2018000E3158000,5345949864,106.0
15474,CRS3035RES1000mN2018000E3158000,5448507385,
15475,CRS3035RES1000mN2018000E3158000,5604693894,
15476,CRS3035RES1000mN2018000E3158000,5670401989,
15477,CRS3035RES1000mN2018000E3158000,5942671299,97.0
15478,CRS3035RES1000mN2018000E3158000,5943980960,94.0
15479,CRS3035RES1000mN2018000E3158000,6185791451,
15480,CRS3035RES1000mN2018000E3158000,6188948286,97.0
15481,CRS3035RES1000mN2018000E3158000,6555800191,66.0
15482,CRS3035RES1000mN2018000E3158000,6885254479,94.0
15483,CRS3035RES1000mN2018000E3158000,7222611268,
15484,CRS3035RES1000mN2018000E3158000,7408961006,
15485,CRS3035RES1000mN2018000E3158000,7619964683,
15486,CRS3035RES1000mN2018000E3158000,7836562695,114.0
15487,CRS3035RES1000mN2018000E3158000,8493729364,70.0
15488,CRS3035RES1000mN2018000E3158000,8557885377,
15489,CRS3035RES1000mN2018000E3158000,8807212208,80.0
15490,CRS3035RES1000mN2018000E3158000,8844229173,83.0
15491,CRS3035RES1000mN2018000E3158000,8878422600,99.0
15492,CRS3035RES1000mN2018000E3158000,9595709188,88.0
15493,CRS3035RES1000mN2018000E3158000,9611387099,72.0
15494,CRS3035RES1000mN2018000E3158000,9712656915,82.0
15495,CRS3035RES1000mN2018000E3158000,9713142744,76.0
15496,CRS3035RES1000mN2018000E3158000,9815746657,
15497,CRS3035RES1000mN2018000E3158000,10004871512,98.0
15498,CRS3035RES1000mN2018000E3158000,10281174134,
15499,CRS3035RES1000mN2018000E3158000,10580337411,106.0
15500,CRS3035RES1000mN2018000E3158000,10899442604,59.0
15501,CRS3035RES1000mN2018000E3158000,10922657146,57.0
15502,CRS3035RES1000mN2018000E3158000,11127499928,100.0
15503,CRS3035RES1000mN2018000E3158000,11143725881,110.0
15504,CRS3035RES1000mN2018000E3158000,11243087140,102.0
15505,CRS3035RES1000mN2018000E3158000,11269399969,97.0
15506,CRS3035RES1000mN2018000E3158000,11287269362,101.0
15507,CRS3035RES1000mN2018000E3158000,11287269363,
15508,CRS3035RES1000mN2018000E3158000,11369705764,112.0
15509,CRS3035RES1000mN2018000E3158000,11387776374,87.0
15510,CRS3035RES1000mN2018000E3158000,11461799040,
15511,CRS3035RES1000mN2018000E3158000,11462802981,74.0
15512,CRS3035RES1000mN2018000E3158000,11652077658,109.0
15513,CRS3035RES1000mN2018000E3158000,11691390164,83.0
15514,CRS3035RES1000mN2018000E3158000,11739757462,35.0
15515,CRS3035RES1000mN2018000E3158000,12178446726,75.0
15516,CRS3035RES1000mN2018000E3158000,12407425114,101.0
15517,CRS3035RES1000mN2018000E3158000,12865480228,103.0
15518,CRS3035RES1000mN2018000E3158000,2960630,78.0
15519,CRS3035RES1000mN2018000E3158000,3554044,79.0
15520,CRS3035RES1000mN2018000E3158000,3557906,36.0
15521,CRS3035RES1000mN2018000E3158000,5231361,90.0
15522,CRS3035RES1000mN2018000E3158000,9314566,105.0
15523,CRS3035RES1000mN2018000E3158000,13696257,116.0
15524,CRS3035RES1000mN2018000E3158000,15996131,91.0
15525,CRS3035RES1000mN2018000E3158000,23526191,91.0
15526,CRS3035RES1000mN2018000E3158000,23545719,93.0
15527,CRS3035RES1000mN2018000E3158000,30599279,52.0
15528,CRS3035RES1000mN2018000E3158000,30649229,88.0
15529,CRS3035RES1000mN2018000E3158000,32198651,
15530,CRS3035RES1000mN2018000E3158000,34945111,47.0
15531,CRS3035RES1000mN2018000E3158000,50170625,
15532,CRS3035RES1000mN2018000E3158000,82887228,111.0
15533,CRS3035RES1000mN2018000E3158000,92484952,118.0
15534,CRS3035RES1000mN2018000E3158000,95794713,85.0
15535,CRS3035RES1000mN2018000E3158000,96418670,63.0
15536,CRS3035RES1000mN2018000E3158000,98502686,92.0
15537,CRS3035RES1000mN2018000E3158000,132613257,87.0
15538,CRS3035RES1000mN2018000E3158000,135036040,96.0
15539,CRS3035RES1000mN2018000E3158000,150772489,88.0
15540,CRS3035RES1000mN2018000E3158000,154118456,101.0
15541,CRS3035RES1000mN2018000E3158000,157375776,97.0
15542,CRS3035RES1000mN2018000E3158000,158211204,72.0
15543,CRS3035RES1000mN2018000E3158000,162072415,42.0
15544,CRS3035RES1000mN2018000E3158000,162117720,106.0
15545,CRS3035RES1000mN2018000E3158000,170487273,
15546,CRS3035RES1000mN2018000E3158000,172686062,81.0
15547,CRS3035RES1000mN2018000E3158000,174318235,63.0
15548,CRS3035RES1000mN2018000E3158000,174318237,55.0
15549,CRS3035RES1000mN2018000E3158000,205060159,
15550,CRS3035RES1000mN2018000E3158000,205757163,
15551,CRS3035RES1000mN2018000E3158000,221095520,106.0
15552,CRS3035RES1000mN2018000E3158000,224503374,82.0
15553,CRS3035RES1000mN2018000E3158000,227333462,90.0
15554,CRS3035RES1000mN2018000E3158000,229117454,109.0
15555,CRS3035RES1000mN2018000E3158000,261460389,
15556,CRS3035RES1000mN2018000E3158000,283450022,75.0
15557,CRS3035RES1000mN2018000E3158000,288994040,64.0
15558,CRS3035RES1000mN2018000E3158000,296744564,
15559,CRS3035RES1000mN2018000E3158000,297526406,98.0
15560,CRS3035RES1000mN2018000E3158000,300709861,76.0
15561,CRS3035RES1000mN2018000E3158000,301444634,
15562,CRS3035RES1000mN2018000E3158000,302721609,75.0
15563,CRS3035RES1000mN2018000E3158000,308195630,
15564,CRS3035RES1000mN2018000E3158000,312777902,75.0
15565,CRS3035RES1000mN2018000E3158000,330154630,
15566,CRS3035RES1000mN2018000E3158000,340205456,87.0
15567,CRS3035RES1000mN2018000E3158000,367883612,109.0
15568,CRS3035RES1000mN2018000E3158000,368211943,110.0
15569,CRS3035RES1000mN2018000E3158000,374180360,102.0
15570,CRS3035RES1000mN2018000E3158000,375369499,95.0
15571,CRS3035RES1000mN2018000E3158000,383494544,89.0
15572,CRS3035RES1000mN2018000E3158000,384574591,41.0
15573,CRS3035RES1000mN2018000E3158000,403538322,113.0
15574,CRS3035RES1000mN2018000E3158000,403859503,86.0
15575,CRS3035RES1000mN2018000E3158000,437050442,62.0
15576,CRS3035RES1000mN2018000E3158000,459881697,91.0
15577,CRS3035RES1000mN2018000E3158000,477278425,
15578,CRS3035RES1000mN2018000E3158000,486879235,
15579,CRS3035RES1000mN2018000E3158000,493748377,49.0
15580,CRS3035RES1000mN2018000E3158000,498234201,60.0
15581,CRS3035RES1000mN2018000E3158000,504315026,104.0
15582,CRS3035RES1000mN2018000E3158000,548701490,88.0
15583,CRS3035RES1000mN2018000E3158000,574210084,
15584,CRS3035RES1000mN2018000E3158000,576094143,55.0
15585,CRS3035RES1000mN2018000E3158000,584409067,107.0
15586,CRS3035RES1000mN2018000E3158000,635512756,98.0
15587,CRS3035RES1000mN2018000E3158000,638492224,
15588,CRS3035RES1000mN2018000E3158000,653913062,100.0
15589,CRS3035RES1000mN2018000E3158000,659866770,
15590,CRS3035RES1000mN2018000E3158000,697717972,73.0
15591,CRS3035RES1000mN2018000E3158000,717194862,
15592,CRS3035RES1000mN2018000E3158000,736899303,
15593,CRS3035RES1000mN2018000E3158000,738042217,76.0
15594,CRS3035RES1000mN2018000E3158000,839611983,
15595,CRS3035RES1000mN2018000E3158000,957893520,66.0
15596,CRS3035RES1000mN2018000E3158000,963308110,93.0
15597,CRS3035RES1000mN2018000E3158000,1073283182,70.0
15598,CRS3035RES1000mN2018000E3158000,1252864015,95.0
15599,CRS3035RES1000mN2018000E3158000,1283203658,94.0
15600,CRS3035RES1000mN2018000E3159000,25526,91.0
15601,CRS3035RES1000mN2018000E3159000,1774,91.0
15602,CRS3035RES1000mN2018000E3159000,1770,
15603,CRS3035RES1000mN2018000E3159000,1773,110.0
15604,CRS3035RES1000mN2018000E3159000,1771,110.0
15605,CRS3035RES1000mN2018000E3159000,123303,98.0
15606,CRS3035RES1000mN2018000E3159000,1764,105.0
15607,CRS3035RES1000mN2018000E3159000,181101,111.0
15608,CRS3035RES1000mN2018000E3159000,5765642,85.0
15609,CRS3035RES1000mN2018000E3159000,86719,83.0
15610,CRS3035RES1000mN2018000E3159000,1800,110.0
15611,CRS3035RES1000mN2018000E3159000,1757,98.0
15612,CRS3035RES1000mN2018000E3159000,1755,101.0
15613,CRS3035RES1000mN2018000E3159000,1882,109.0
15614,CRS3035RES1000mN2018000E3159000,1745,114.0
15615,CRS3035RES1000mN2018000E3159000,1794,114.0
15616,CRS3035RES1000mN2018000E3159000,1762,101.0
15617,CRS3035RES1000mN2018000E3159000,51188,113.0
15618,CRS3035RES1000mN2018000E3159000,6893633,103.0
15619,CRS3035RES1000mN2018000E3159000,167128,109.0
15620,CRS3035RES1000mN2018000E3159000,1760,113.0
15621,CRS3035RES1000mN2018000E3159000,12773298,68.0
15622,CRS3035RES1000mN2018000E3159000,1754,90.0
15623,CRS3035RES1000mN2018000E3159000,1748,108.0
15624,CRS3035RES1000mN2018000E3159000,79941,119.0
15625,CRS3035RES1000mN2018000E3159000,1750,119.0
15626,CRS3035RES1000mN2018000E3159000,5975465,102.0
15627,CRS3035RES1000mN2018000E3159000,115056,
15628,CRS3035RES1000mN2018000E3159000,1790,
15629,CRS3035RES1000mN2018000E3159000,1756,90.0
15630,CRS3035RES1000mN2018000E3159000,51849,109.0
15631,CRS3035RES1000mN2018000E3159000,185595,115.0
15632,CRS3035RES1000mN2018000E3159000,7697128,100.0
15633,CRS3035RES1000mN2018000E3159000,10395362,
15634,CRS3035RES1000mN2018000E3159000,1759,116.0
15635,CRS3035RES1000mN2018000E3159000,1752,103.0
15636,CRS3035RES1000mN2018000E3159000,186714,111.0
15637,CRS3035RES1000mN2018000E3159000,1753,103.0
15638,CRS3035RES1000mN2018000E3159000,1792,104.0
15639,CRS3035RES1000mN2018000E3159000,1763,96.0
15640,CRS3035RES1000mN2018000E3159000,1746,116.0
15641,CRS3035RES1000mN2018000E3159000,11572165,80.0
15642,CRS3035RES1000mN2018000E3159000,1761,98.0
15643,CRS3035RES1000mN2018000E3159000,1747,112.0
15644,CRS3035RES1000mN2018000E3159000,5768564,96.0
15645,CRS3035RES1000mN2018000E3159000,1798,98.0
15646,CRS3035RES1000mN2018000E3159000,66904,
15647,CRS3035RES1000mN2018000E3159000,1777,104.0
15648,CRS3035RES1000mN2018000E3159000,1765,103.0
15649,CRS3035RES1000mN2018000E3159000,49416,106.0
15650,CRS3035RES1000mN2018000E3159000,12734939,106.0
15651,CRS3035RES1000mN2018000E3159000,167386167,97.0
15652,CRS3035RES1000mN2018000E3159000,295933804,109.0
15653,CRS3035RES1000mN2018000E3159000,303340017,117.0
15654,CRS3035RES1000mN2018000E3159000,315355551,117.0
15655,CRS3035RES1000mN2018000E3159000,339084977,89.0
15656,CRS3035RES1000mN2018000E3159000,412911553,115.0
15657,CRS3035RES1000mN2018000E3159000,558126037,108.0
15658,CRS3035RES1000mN2018000E3159000,711789768,
15659,CRS3035RES1000mN2018000E3159000,727666062,
15660,CRS3035RES1000mN2018000E3159000,848085869,83.0
15661,CRS3035RES1000mN2018000E3159000,1056098898,
15662,CRS3035RES1000mN2018000E3159000,1255438242,
15663,CRS3035RES1000mN2018000E3159000,1469985039,118.0
15664,CRS3035RES1000mN2018000E3159000,1504302537,
15665,CRS3035RES1000mN2018000E3159000,1511617504,106.0
15666,CRS3035RES1000mN2018000E3159000,1541601287,
15667,CRS3035RES1000mN2018000E3159000,1544591296,
15668,CRS3035RES1000mN2018000E3159000,1598174183,
15669,CRS3035RES1000mN2018000E3159000,1629887846,
15670,CRS3035RES1000mN2018000E3159000,1686660176,
15671,CRS3035RES1000mN2018000E3159000,1716927336,89.0
15672,CRS3035RES1000mN2018000E3159000,1734554324,
15673,CRS3035RES1000mN2018000E3159000,1849109335,
15674,CRS3035RES1000mN2018000E3159000,2028408680,115.0
15675,CRS3035RES1000mN2018000E3159000,2036887702,
15676,CRS3035RES1000mN2018000E3159000,2061404218,
15677,CRS3035RES1000mN2018000E3159000,2134238030,
15678,CRS3035RES1000mN2018000E3159000,2261600754,
15679,CRS3035RES1000mN2018000E3159000,2301402027,
15680,CRS3035RES1000mN2018000E3159000,2303966810,111.0
15681,CRS3035RES1000mN2018000E3159000,2312029862,
15682,CRS3035RES1000mN2018000E3159000,2408860250,
15683,CRS3035RES1000mN2018000E3159000,2620185829,115.0
15684,CRS3035RES1000mN2018000E3159000,2622508931,116.0
15685,CRS3035RES1000mN2018000E3159000,2672130951,117.0
15686,CRS3035RES1000mN2018000E3159000,2710518818,113.0
15687,CRS3035RES1000mN2018000E3159000,3034026261,
15688,CRS3035RES1000mN2018000E3159000,3179889751,
15689,CRS3035RES1000mN2018000E3159000,3206611978,
15690,CRS3035RES1000mN2018000E3159000,3272828439,88.0
15691,CRS3035RES1000mN2018000E3159000,3452364276,
15692,CRS3035RES1000mN2018000E3159000,3452364277,112.0
15693,CRS3035RES1000mN2018000E3159000,3495733197,
15694,CRS3035RES1000mN2018000E3159000,3497154853,
15695,CRS3035RES1000mN2018000E3159000,3517755445,
15696,CRS3035RES1000mN2018000E3159000,3522125657,
15697,CRS3035RES1000mN2018000E3159000,3526751794,
15698,CRS3035RES1000mN2018000E3159000,3839306060,
15699,CRS3035RES1000mN2018000E3159000,4214697664,102.0
15700,CRS3035RES1000mN2018000E3159000,4338252586,
15701,CRS3035RES1000mN2018000E3159000,4401271633,
15702,CRS3035RES1000mN2018000E3159000,4515476768,
15703,CRS3035RES1000mN2018000E3159000,4569910891,104.0
15704,CRS3035RES1000mN2018000E3159000,4703730491,116.0
15705,CRS3035RES1000mN2018000E3159000,4707870392,114.0
15706,CRS3035RES1000mN2018000E3159000,4789037769,112.0
15707,CRS3035RES1000mN2018000E3159000,4794233143,
15708,CRS3035RES1000mN2018000E3159000,4870405674,97.0
15709,CRS3035RES1000mN2018000E3159000,5139379922,
15710,CRS3035RES1000mN2018000E3159000,5160337425,114.0
15711,CRS3035RES1000mN2018000E3159000,5196199575,107.0
15712,CRS3035RES1000mN2018000E3159000,5341570554,102.0
15713,CRS3035RES1000mN2018000E3159000,5345949864,110.0
15714,CRS3035RES1000mN2018000E3159000,5448507385,
15715,CRS3035RES1000mN2018000E3159000,5604693894,
15716,CRS3035RES1000mN2018000E3159000,5670401989,
15717,CRS3035RES1000mN2018000E3159000,5942671299,117.0
15718,CRS3035RES1000mN2018000E3159000,5943980960,108.0
15719,CRS3035RES1000mN2018000E3159000,6185791451,
15720,CRS3035RES1000mN2018000E3159000,6188948286,
15721,CRS3035RES1000mN2018000E3159000,6555800191,90.0
15722,CRS3035RES1000mN2018000E3159000,6885254479,
15723,CRS3035RES1000mN2018000E3159000,7222611268,
15724,CRS3035RES1000mN2018000E3159000,7408961006,
15725,CRS3035RES1000mN2018000E3159000,7619964683,
15726,CRS3035RES1000mN2018000E3159000,7836562695,
15727,CRS3035RES1000mN2018000E3159000,8493729364,99.0
15728,CRS3035RES1000mN2018000E3159000,8557885377,
15729,CRS3035RES1000mN2018000E3159000,8807212208,109.0
15730,CRS3035RES1000mN2018000E3159000,8844229173,113.0
15731,CRS3035RES1000mN2018000E3159000,8878422600,
15732,CRS3035RES1000mN2018000E3159000,9595709188,118.0
15733,CRS3035RES1000mN2018000E3159000,9611387099,99.0
15734,CRS3035RES1000mN2018000E3159000,9712656915,110.0
15735,CRS3035RES1000mN2018000E3159000,9713142744,106.0
15736,CRS3035RES1000mN2018000E3159000,9815746657,
15737,CRS3035RES1000mN2018000E3159000,10004871512,
15738,CRS3035RES1000mN2018000E3159000,10281174134,
15739,CRS3035RES1000mN2018000E3159000,10580337411,
15740,CRS3035RES1000mN2018000E3159000,10899442604,83.0
15741,CRS3035RES1000mN2018000E3159000,10922657146,80.0
15742,CRS3035RES1000mN2018000E3159000,11127499928,
15743,CRS3035RES1000mN2018000E3159000,11143725881,
15744,CRS3035RES1000mN2018000E3159000,11243087140,
15745,CRS3035RES1000mN2018000E3159000,11269399969,
15746,CRS3035RES1000mN2018000E3159000,11287269362,
15747,CRS3035RES1000mN2018000E3159000,11287269363,
15748,CRS3035RES1000mN2018000E3159000,11369705764,
15749,CRS3035RES1000mN2018000E3159000,11387776374,116.0
15750,CRS3035RES1000mN2018000E3159000,11461799040,
15751,CRS3035RES1000mN2018000E3159000,11462802981,100.0
15752,CRS3035RES1000mN2018000E3159000,11652077658,
15753,CRS3035RES1000mN2018000E3159000,11691390164,114.0
15754,CRS3035RES1000mN2018000E3159000,11739757462,63.0
15755,CRS3035RES1000mN2018000E3159000,12178446726,102.0
15756,CRS3035RES1000mN2018000E3159000,12407425114,
15757,CRS3035RES1000mN2018000E3159000,12865480228,
15758,CRS3035RES1000mN2018000E3159000,2960630,102.0
15759,CRS3035RES1000mN2018000E3159000,3554044,105.0
15760,CRS3035RES1000mN2018000E3159000,3557906,64.0
15761,CRS3035RES1000mN2018000E3159000,5231361,
15762,CRS3035RES1000mN2018000E3159000,9314566,
15763,CRS3035RES1000mN2018000E3159000,13696257,
15764,CRS3035RES1000mN2018000E3159000,15996131,117.0
15765,CRS3035RES1000mN2018000E3159000,23526191,115.0
15766,CRS3035RES1000mN2018000E3159000,23545719,
15767,CRS3035RES1000mN2018000E3159000,30599279,76.0
15768,CRS3035RES1000mN2018000E3159000,30649229,115.0
15769,CRS3035RES1000mN2018000E3159000,32198651,
15770,CRS3035RES1000mN2018000E3159000,34945111,71.0
15771,CRS3035RES1000mN2018000E3159000,50170625,
15772,CRS3035RES1000mN2018000E3159000,82887228,
15773,CRS3035RES1000mN2018000E3159000,92484952,
15774,CRS3035RES1000mN2018000E3159000,95794713,116.0
15775,CRS3035RES1000mN2018000E3159000,96418670,87.0
15776,CRS3035RES1000mN2018000E3159000,98502686,119.0
15777,CRS3035RES1000mN2018000E3159000,132613257,117.0
15778,CRS3035RES1000mN2018000E3159000,135036040,
15779,CRS3035RES1000mN2018000E3159000,150772489,119.0
15780,CRS3035RES1000mN2018000E3159000,154118456,
15781,CRS3035RES1000mN2018000E3159000,157375776,
15782,CRS3035RES1000mN2018000E3159000,158211204,95.0
15783,CRS3035RES1000mN2018000E3159000,162072415,66.0
15784,CRS3035RES1000mN2018000E3159000,162117720,
15785,CRS3035RES1000mN2018000E3159000,170487273,
15786,CRS3035RES1000mN2018000E3159000,172686062,106.0
15787,CRS3035RES1000mN2018000E3159000,174318235,86.0
15788,CRS3035RES1000mN2018000E3159000,174318237,79.0
15789,CRS3035RES1000mN2018000E3159000,205060159,
15790,CRS3035RES1000mN2018000E3159000,205757163,
15791,CRS3035RES1000mN2018000E3159000,221095520,
15792,CRS3035RES1000mN2018000E3159000,224503374,110.0
15793,CRS3035RES1000mN2018000E3159000,227333462,117.0
15794,CRS3035RES1000mN2018000E3159000,229117454,119.0
15795,CRS3035RES1000mN2018000E3159000,261460389,
15796,CRS3035RES1000mN2018000E3159000,283450022,104.0
15797,CRS3035RES1000mN2018000E3159000,288994040,92.0
15798,CRS3035RES1000mN2018000E3159000,296744564,
15799,CRS3035RES1000mN2018000E3159000,297526406,
15800,CRS3035RES1000mN2018000E3159000,300709861,101.0
15801,CRS3035RES1000mN2018000E3159000,301444634,
15802,CRS3035RES1000mN2018000E3159000,302721609,98.0
15803,CRS3035RES1000mN2018000E3159000,308195630,
15804,CRS3035RES1000mN2018000E3159000,312777902,99.0
15805,CRS3035RES1000mN2018000E3159000,330154630,
15806,CRS3035RES1000mN2018000E3159000,340205456,117.0
15807,CRS3035RES1000mN2018000E3159000,367883612,
15808,CRS3035RES1000mN2018000E3159000,368211943,
15809,CRS3035RES1000mN2018000E3159000,374180360,
15810,CRS3035RES1000mN2018000E3159000,375369499,
15811,CRS3035RES1000mN2018000E3159000,383494544,118.0
15812,CRS3035RES1000mN2018000E3159000,384574591,69.0
15813,CRS3035RES1000mN2018000E3159000,403538322,
15814,CRS3035RES1000mN2018000E3159000,403859503,116.0
15815,CRS3035RES1000mN2018000E3159000,437050442,89.0
15816,CRS3035RES1000mN2018000E3159000,459881697,118.0
15817,CRS3035RES1000mN2018000E3159000,477278425,
15818,CRS3035RES1000mN2018000E3159000,486879235,
15819,CRS3035RES1000mN2018000E3159000,493748377,79.0
15820,CRS3035RES1000mN2018000E3159000,498234201,89.0
15821,CRS3035RES1000mN2018000E3159000,504315026,
15822,CRS3035RES1000mN2018000E3159000,548701490,114.0
15823,CRS3035RES1000mN2018000E3159000,574210084,
15824,CRS3035RES1000mN2018000E3159000,576094143,78.0
15825,CRS3035RES1000mN2018000E3159000,584409067,
15826,CRS3035RES1000mN2018000E3159000,635512756,
15827,CRS3035RES1000mN2018000E3159000,638492224,
15828,CRS3035RES1000mN2018000E3159000,653913062,
15829,CRS3035RES1000mN2018000E3159000,659866770,
15830,CRS3035RES1000mN2018000E3159000,697717972,97.0
15831,CRS3035RES1000mN2018000E3159000,717194862,
15832,CRS3035RES1000mN2018000E3159000,736899303,
15833,CRS3035RES1000mN2018000E3159000,738042217,82.0
15834,CRS3035RES1000mN2018000E3159000,839611983,
15835,CRS3035RES1000mN2018000E3159000,957893520,96.0
15836,CRS3035RES1000mN2018000E3159000,963308110,119.0
15837,CRS3035RES1000mN2018000E3159000,1073283182,90.0
15838,CRS3035RES1000mN2018000E3159000,1252864015,
15839,CRS3035RES1000mN2018000E3159000,1283203658,
15840,CRS3035RES1000mN2018000E3160000,25526,107.0
15841,CRS3035RES1000mN2018000E3160000,1774,83.0
15842,CRS3035RES1000mN2018000E3160000,1770,110.0
15843,CRS3035RES1000mN2018000E3160000,1773,99.0
15844,CRS3035RES1000mN2018000E3160000,1771,96.0
15845,CRS3035RES1000mN2018000E3160000,123303,86.0
15846,CRS3035RES1000mN2018000E3160000,1764,91.0
15847,CRS3035RES1000mN2018000E3160000,181101,96.0
15848,CRS3035RES1000mN2018000E3160000,5765642,95.0
15849,CRS3035RES1000mN2018000E3160000,86719,68.0
15850,CRS3035RES1000mN2018000E3160000,1800,95.0
15851,CRS3035RES1000mN2018000E3160000,1757,103.0
15852,CRS3035RES1000mN2018000E3160000,1755,88.0
15853,CRS3035RES1000mN2018000E3160000,1882,95.0
15854,CRS3035RES1000mN2018000E3160000,1745,108.0
15855,CRS3035RES1000mN2018000E3160000,1794,105.0
15856,CRS3035RES1000mN2018000E3160000,1762,93.0
15857,CRS3035RES1000mN2018000E3160000,51188,97.0
15858,CRS3035RES1000mN2018000E3160000,6893633,91.0
15859,CRS3035RES1000mN2018000E3160000,167128,97.0
15860,CRS3035RES1000mN2018000E3160000,1760,99.0
15861,CRS3035RES1000mN2018000E3160000,12773298,52.0
15862,CRS3035RES1000mN2018000E3160000,1754,76.0
15863,CRS3035RES1000mN2018000E3160000,1748,92.0
15864,CRS3035RES1000mN2018000E3160000,79941,112.0
15865,CRS3035RES1000mN2018000E3160000,1750,103.0
15866,CRS3035RES1000mN2018000E3160000,5975465,87.0
15867,CRS3035RES1000mN2018000E3160000,115056,113.0
15868,CRS3035RES1000mN2018000E3160000,1790,105.0
15869,CRS3035RES1000mN2018000E3160000,1756,95.0
15870,CRS3035RES1000mN2018000E3160000,51849,97.0
15871,CRS3035RES1000mN2018000E3160000,185595,100.0
15872,CRS3035RES1000mN2018000E3160000,7697128,86.0
15873,CRS3035RES1000mN2018000E3160000,10395362,115.0
15874,CRS3035RES1000mN2018000E3160000,1759,100.0
15875,CRS3035RES1000mN2018000E3160000,1752,95.0
15876,CRS3035RES1000mN2018000E3160000,186714,100.0
15877,CRS3035RES1000mN2018000E3160000,1753,89.0
15878,CRS3035RES1000mN2018000E3160000,1792,88.0
15879,CRS3035RES1000mN2018000E3160000,1763,85.0
15880,CRS3035RES1000mN2018000E3160000,1746,104.0
15881,CRS3035RES1000mN2018000E3160000,11572165,64.0
15882,CRS3035RES1000mN2018000E3160000,1761,84.0
15883,CRS3035RES1000mN2018000E3160000,1747,97.0
15884,CRS3035RES1000mN2018000E3160000,5768564,105.0
15885,CRS3035RES1000mN2018000E3160000,1798,88.0
15886,CRS3035RES1000mN2018000E3160000,66904,102.0
15887,CRS3035RES1000mN2018000E3160000,1777,88.0
15888,CRS3035RES1000mN2018000E3160000,1765,95.0
15889,CRS3035RES1000mN2018000E3160000,49416,89.0
15890,CRS3035RES1000mN2018000E3160000,12734939,89.0
15891,CRS3035RES1000mN2018000E3160000,167386167,81.0
15892,CRS3035RES1000mN2018000E3160000,295933804,101.0
15893,CRS3035RES1000mN2018000E3160000,303340017,106.0
15894,CRS3035RES1000mN2018000E3160000,315355551,
15895,CRS3035RES1000mN2018000E3160000,339084977,81.0
15896,CRS3035RES1000mN2018000E3160000,412911553,100.0
15897,CRS3035RES1000mN2018000E3160000,558126037,
15898,CRS3035RES1000mN2018000E3160000,711789768,
15899,CRS3035RES1000mN2018000E3160000,727666062,
15900,CRS3035RES1000mN2018000E3160000,848085869,94.0
15901,CRS3035RES1000mN2018000E3160000,1056098898,106.0
15902,CRS3035RES1000mN2018000E3160000,1255438242,
15903,CRS3035RES1000mN2018000E3160000,1469985039,102.0
15904,CRS3035RES1000mN2018000E3160000,1504302537,
15905,CRS3035RES1000mN2018000E3160000,1511617504,
15906,CRS3035RES1000mN2018000E3160000,1541601287,
15907,CRS3035RES1000mN2018000E3160000,1544591296,106.0
15908,CRS3035RES1000mN2018000E3160000,1598174183,114.0
15909,CRS3035RES1000mN2018000E3160000,1629887846,117.0
15910,CRS3035RES1000mN2018000E3160000,1686660176,115.0
15911,CRS3035RES1000mN2018000E3160000,1716927336,89.0
15912,CRS3035RES1000mN2018000E3160000,1734554324,
15913,CRS3035RES1000mN2018000E3160000,1849109335,111.0
15914,CRS3035RES1000mN2018000E3160000,2028408680,
15915,CRS3035RES1000mN2018000E3160000,2036887702,
15916,CRS3035RES1000mN2018000E3160000,2061404218,114.0
15917,CRS3035RES1000mN2018000E3160000,2134238030,
15918,CRS3035RES1000mN2018000E3160000,2261600754,
15919,CRS3035RES1000mN2018000E3160000,2301402027,
15920,CRS3035RES1000mN2018000E3160000,2303966810,115.0
15921,CRS3035RES1000mN2018000E3160000,2312029862,116.0
15922,CRS3035RES1000mN2018000E3160000,2408860250,
15923,CRS3035RES1000mN2018000E3160000,2620185829,100.0
15924,CRS3035RES1000mN2018000E3160000,2622508931,104.0
15925,CRS3035RES1000mN2018000E3160000,2672130951,
15926,CRS3035RES1000mN2018000E3160000,2710518818,117.0
15927,CRS3035RES1000mN2018000E3160000,3034026261,
15928,CRS3035RES1000mN2018000E3160000,3179889751,
15929,CRS3035RES1000mN2018000E3160000,3206611978,
15930,CRS3035RES1000mN2018000E3160000,3272828439,104.0
15931,CRS3035RES1000mN2018000E3160000,3452364276,118.0
15932,CRS3035RES1000mN2018000E3160000,3452364277,97.0
15933,CRS3035RES1000mN2018000E3160000,3495733197,
15934,CRS3035RES1000mN2018000E3160000,3497154853,
15935,CRS3035RES1000mN2018000E3160000,3517755445,
15936,CRS3035RES1000mN2018000E3160000,3522125657,
15937,CRS3035RES1000mN2018000E3160000,3526751794,
15938,CRS3035RES1000mN2018000E3160000,3839306060,119.0
15939,CRS3035RES1000mN2018000E3160000,4214697664,98.0
15940,CRS3035RES1000mN2018000E3160000,4338252586,
15941,CRS3035RES1000mN2018000E3160000,4401271633,102.0
15942,CRS3035RES1000mN2018000E3160000,4515476768,
15943,CRS3035RES1000mN2018000E3160000,4569910891,89.0
15944,CRS3035RES1000mN2018000E3160000,4703730491,119.0
15945,CRS3035RES1000mN2018000E3160000,4707870392,112.0
15946,CRS3035RES1000mN2018000E3160000,4789037769,104.0
15947,CRS3035RES1000mN2018000E3160000,4794233143,
15948,CRS3035RES1000mN2018000E3160000,4870405674,106.0
15949,CRS3035RES1000mN2018000E3160000,5139379922,
15950,CRS3035RES1000mN2018000E3160000,5160337425,99.0
15951,CRS3035RES1000mN2018000E3160000,5196199575,
15952,CRS3035RES1000mN2018000E3160000,5341570554,91.0
15953,CRS3035RES1000mN2018000E3160000,5345949864,114.0
15954,CRS3035RES1000mN2018000E3160000,5448507385,
15955,CRS3035RES1000mN2018000E3160000,5604693894,
15956,CRS3035RES1000mN2018000E3160000,5670401989,
15957,CRS3035RES1000mN2018000E3160000,5942671299,
15958,CRS3035RES1000mN2018000E3160000,5943980960,
15959,CRS3035RES1000mN2018000E3160000,6185791451,
15960,CRS3035RES1000mN2018000E3160000,6188948286,109.0
15961,CRS3035RES1000mN2018000E3160000,6555800191,108.0
15962,CRS3035RES1000mN2018000E3160000,6885254479,111.0
15963,CRS3035RES1000mN2018000E3160000,7222611268,
15964,CRS3035RES1000mN2018000E3160000,7408961006,
15965,CRS3035RES1000mN2018000E3160000,7619964683,
15966,CRS3035RES1000mN2018000E3160000,7836562695,
15967,CRS3035RES1000mN2018000E3160000,8493729364,85.0
15968,CRS3035RES1000mN2018000E3160000,8557885377,
15969,CRS3035RES1000mN2018000E3160000,8807212208,94.0
15970,CRS3035RES1000mN2018000E3160000,8844229173,97.0
15971,CRS3035RES1000mN2018000E3160000,8878422600,
15972,CRS3035RES1000mN2018000E3160000,9595709188,102.0
15973,CRS3035RES1000mN2018000E3160000,9611387099,86.0
15974,CRS3035RES1000mN2018000E3160000,9712656915,96.0
15975,CRS3035RES1000mN2018000E3160000,9713142744,90.0
15976,CRS3035RES1000mN2018000E3160000,9815746657,
15977,CRS3035RES1000mN2018000E3160000,10004871512,117.0
15978,CRS3035RES1000mN2018000E3160000,10281174134,
15979,CRS3035RES1000mN2018000E3160000,10580337411,
15980,CRS3035RES1000mN2018000E3160000,10899442604,101.0
15981,CRS3035RES1000mN2018000E3160000,10922657146,98.0
15982,CRS3035RES1000mN2018000E3160000,11127499928,
15983,CRS3035RES1000mN2018000E3160000,11143725881,
15984,CRS3035RES1000mN2018000E3160000,11243087140,117.0
15985,CRS3035RES1000mN2018000E3160000,11269399969,112.0
15986,CRS3035RES1000mN2018000E3160000,11287269362,119.0
15987,CRS3035RES1000mN2018000E3160000,11287269363,
15988,CRS3035RES1000mN2018000E3160000,11369705764,
15989,CRS3035RES1000mN2018000E3160000,11387776374,101.0
15990,CRS3035RES1000mN2018000E3160000,11461799040,
15991,CRS3035RES1000mN2018000E3160000,11462802981,84.0
15992,CRS3035RES1000mN2018000E3160000,11652077658,116.0
15993,CRS3035RES1000mN2018000E3160000,11691390164,99.0
15994,CRS3035RES1000mN2018000E3160000,11739757462,79.0
15995,CRS3035RES1000mN2018000E3160000,12178446726,100.0
15996,CRS3035RES1000mN2018000E3160000,12407425114,
15997,CRS3035RES1000mN2018000E3160000,12865480228,
15998,CRS3035RES1000mN2018000E3160000,2960630,118.0
15999,CRS3035RES1000mN2018000E3160000,3554044,
16000,CRS3035RES1000mN2018000E3160000,3557906,88.0
16001,CRS3035RES1000mN2018000E3160000,5231361,106.0
16002,CRS3035RES1000mN2018000E3160000,9314566,
16003,CRS3035RES1000mN2018000E3160000,13696257,
16004,CRS3035RES1000mN2018000E3160000,15996131,106.0
16005,CRS3035RES1000mN2018000E3160000,23526191,107.0
16006,CRS3035RES1000mN2018000E3160000,23545719,108.0
16007,CRS3035RES1000mN2018000E3160000,30599279,93.0
16008,CRS3035RES1000mN2018000E3160000,30649229,104.0
16009,CRS3035RES1000mN2018000E3160000,32198651,
16010,CRS3035RES1000mN2018000E3160000,34945111,89.0
16011,CRS3035RES1000mN2018000E3160000,50170625,
16012,CRS3035RES1000mN2018000E3160000,82887228,
16013,CRS3035RES1000mN2018000E3160000,92484952,
16014,CRS3035RES1000mN2018000E3160000,95794713,100.0
16015,CRS3035RES1000mN2018000E3160000,96418670,105.0
16016,CRS3035RES1000mN2018000E3160000,98502686,112.0
16017,CRS3035RES1000mN2018000E3160000,132613257,102.0
16018,CRS3035RES1000mN2018000E3160000,135036040,106.0
16019,CRS3035RES1000mN2018000E3160000,150772489,104.0
16020,CRS3035RES1000mN2018000E3160000,154118456,
16021,CRS3035RES1000mN2018000E3160000,157375776,
16022,CRS3035RES1000mN2018000E3160000,158211204,113.0
16023,CRS3035RES1000mN2018000E3160000,162072415,89.0
16024,CRS3035RES1000mN2018000E3160000,162117720,
16025,CRS3035RES1000mN2018000E3160000,170487273,
16026,CRS3035RES1000mN2018000E3160000,172686062,119.0
16027,CRS3035RES1000mN2018000E3160000,174318235,96.0
16028,CRS3035RES1000mN2018000E3160000,174318237,97.0
16029,CRS3035RES1000mN2018000E3160000,205060159,
16030,CRS3035RES1000mN2018000E3160000,205757163,
16031,CRS3035RES1000mN2018000E3160000,221095520,
16032,CRS3035RES1000mN2018000E3160000,224503374,97.0
16033,CRS3035RES1000mN2018000E3160000,227333462,118.0
16034,CRS3035RES1000mN2018000E3160000,229117454,
16035,CRS3035RES1000mN2018000E3160000,261460389,
16036,CRS3035RES1000mN2018000E3160000,283450022,89.0
16037,CRS3035RES1000mN2018000E3160000,288994040,79.0
16038,CRS3035RES1000mN2018000E3160000,296744564,
16039,CRS3035RES1000mN2018000E3160000,297526406,
16040,CRS3035RES1000mN2018000E3160000,300709861,104.0
16041,CRS3035RES1000mN2018000E3160000,301444634,
16042,CRS3035RES1000mN2018000E3160000,302721609,91.0
16043,CRS3035RES1000mN2018000E3160000,308195630,
16044,CRS3035RES1000mN2018000E3160000,312777902,89.0
16045,CRS3035RES1000mN2018000E3160000,330154630,
16046,CRS3035RES1000mN2018000E3160000,340205456,101.0
16047,CRS3035RES1000mN2018000E3160000,367883612,
16048,CRS3035RES1000mN2018000E3160000,368211943,
16049,CRS3035RES1000mN2018000E3160000,374180360,
16050,CRS3035RES1000mN2018000E3160000,375369499,
16051,CRS3035RES1000mN2018000E3160000,383494544,102.0
16052,CRS3035RES1000mN2018000E3160000,384574591,83.0
16053,CRS3035RES1000mN2018000E3160000,403538322,
16054,CRS3035RES1000mN2018000E3160000,403859503,101.0
16055,CRS3035RES1000mN2018000E3160000,437050442,96.0
16056,CRS3035RES1000mN2018000E3160000,459881697,119.0
16057,CRS3035RES1000mN2018000E3160000,477278425,
16058,CRS3035RES1000mN2018000E3160000,486879235,
16059,CRS3035RES1000mN2018000E3160000,493748377,82.0
16060,CRS3035RES1000mN2018000E3160000,498234201,94.0
16061,CRS3035RES1000mN2018000E3160000,504315026,
16062,CRS3035RES1000mN2018000E3160000,548701490,
16063,CRS3035RES1000mN2018000E3160000,574210084,
16064,CRS3035RES1000mN2018000E3160000,576094143,88.0
16065,CRS3035RES1000mN2018000E3160000,584409067,
16066,CRS3035RES1000mN2018000E3160000,635512756,
16067,CRS3035RES1000mN2018000E3160000,638492224,
16068,CRS3035RES1000mN2018000E3160000,653913062,
16069,CRS3035RES1000mN2018000E3160000,659866770,
16070,CRS3035RES1000mN2018000E3160000,697717972,114.0
16071,CRS3035RES1000mN2018000E3160000,717194862,
16072,CRS3035RES1000mN2018000E3160000,736899303,
16073,CRS3035RES1000mN2018000E3160000,738042217,90.0
16074,CRS3035RES1000mN2018000E3160000,839611983,
16075,CRS3035RES1000mN2018000E3160000,957893520,80.0
16076,CRS3035RES1000mN2018000E3160000,963308110,103.0
16077,CRS3035RES1000mN2018000E3160000,1073283182,84.0
16078,CRS3035RES1000mN2018000E3160000,1252864015,114.0
16079,CRS3035RES1000mN2018000E3160000,1283203658,
16080,CRS3035RES1000mN2018000E3161000,25526,83.0
16081,CRS3035RES1000mN2018000E3161000,1774,60.0
16082,CRS3035RES1000mN2018000E3161000,1770,86.0
16083,CRS3035RES1000mN2018000E3161000,1773,76.0
16084,CRS3035RES1000mN2018000E3161000,1771,73.0
16085,CRS3035RES1000mN2018000E3161000,123303,64.0
16086,CRS3035RES1000mN2018000E3161000,1764,68.0
16087,CRS3035RES1000mN2018000E3161000,181101,76.0
16088,CRS3035RES1000mN2018000E3161000,5765642,71.0
16089,CRS3035RES1000mN2018000E3161000,86719,45.0
16090,CRS3035RES1000mN2018000E3161000,1800,71.0
16091,CRS3035RES1000mN2018000E3161000,1757,79.0
16092,CRS3035RES1000mN2018000E3161000,1755,66.0
16093,CRS3035RES1000mN2018000E3161000,1882,72.0
16094,CRS3035RES1000mN2018000E3161000,1745,81.0
16095,CRS3035RES1000mN2018000E3161000,1794,82.0
16096,CRS3035RES1000mN2018000E3161000,1762,69.0
16097,CRS3035RES1000mN2018000E3161000,51188,73.0
16098,CRS3035RES1000mN2018000E3161000,6893633,67.0
16099,CRS3035RES1000mN2018000E3161000,167128,76.0
16100,CRS3035RES1000mN2018000E3161000,1760,76.0
16101,CRS3035RES1000mN2018000E3161000,12773298,29.0
16102,CRS3035RES1000mN2018000E3161000,1754,53.0
16103,CRS3035RES1000mN2018000E3161000,1748,72.0
16104,CRS3035RES1000mN2018000E3161000,79941,82.0
16105,CRS3035RES1000mN2018000E3161000,1750,79.0
16106,CRS3035RES1000mN2018000E3161000,5975465,64.0
16107,CRS3035RES1000mN2018000E3161000,115056,90.0
16108,CRS3035RES1000mN2018000E3161000,1790,81.0
16109,CRS3035RES1000mN2018000E3161000,1756,71.0
16110,CRS3035RES1000mN2018000E3161000,51849,75.0
16111,CRS3035RES1000mN2018000E3161000,185595,75.0
16112,CRS3035RES1000mN2018000E3161000,7697128,62.0
16113,CRS3035RES1000mN2018000E3161000,10395362,93.0
16114,CRS3035RES1000mN2018000E3161000,1759,77.0
16115,CRS3035RES1000mN2018000E3161000,1752,70.0
16116,CRS3035RES1000mN2018000E3161000,186714,77.0
16117,CRS3035RES1000mN2018000E3161000,1753,65.0
16118,CRS3035RES1000mN2018000E3161000,1792,70.0
16119,CRS3035RES1000mN2018000E3161000,1763,63.0
16120,CRS3035RES1000mN2018000E3161000,1746,81.0
16121,CRS3035RES1000mN2018000E3161000,11572165,41.0
16122,CRS3035RES1000mN2018000E3161000,1761,60.0
16123,CRS3035RES1000mN2018000E3161000,1747,81.0
16124,CRS3035RES1000mN2018000E3161000,5768564,81.0
16125,CRS3035RES1000mN2018000E3161000,1798,65.0
16126,CRS3035RES1000mN2018000E3161000,66904,81.0
16127,CRS3035RES1000mN2018000E3161000,1777,64.0
16128,CRS3035RES1000mN2018000E3161000,1765,72.0
16129,CRS3035RES1000mN2018000E3161000,49416,75.0
16130,CRS3035RES1000mN2018000E3161000,12734939,75.0
16131,CRS3035RES1000mN2018000E3161000,167386167,57.0
16132,CRS3035RES1000mN2018000E3161000,295933804,77.0
16133,CRS3035RES1000mN2018000E3161000,303340017,102.0
16134,CRS3035RES1000mN2018000E3161000,315355551,94.0
16135,CRS3035RES1000mN2018000E3161000,339084977,59.0
16136,CRS3035RES1000mN2018000E3161000,412911553,75.0
16137,CRS3035RES1000mN2018000E3161000,558126037,101.0
16138,CRS3035RES1000mN2018000E3161000,711789768,
16139,CRS3035RES1000mN2018000E3161000,727666062,
16140,CRS3035RES1000mN2018000E3161000,848085869,71.0
16141,CRS3035RES1000mN2018000E3161000,1056098898,81.0
16142,CRS3035RES1000mN2018000E3161000,1255438242,118.0
16143,CRS3035RES1000mN2018000E3161000,1469985039,89.0
16144,CRS3035RES1000mN2018000E3161000,1504302537,94.0
16145,CRS3035RES1000mN2018000E3161000,1511617504,99.0
16146,CRS3035RES1000mN2018000E3161000,1541601287,104.0
16147,CRS3035RES1000mN2018000E3161000,1544591296,83.0
16148,CRS3035RES1000mN2018000E3161000,1598174183,84.0
16149,CRS3035RES1000mN2018000E3161000,1629887846,90.0
16150,CRS3035RES1000mN2018000E3161000,1686660176,92.0
16151,CRS3035RES1000mN2018000E3161000,1716927336,64.0
16152,CRS3035RES1000mN2018000E3161000,1734554324,93.0
16153,CRS3035RES1000mN2018000E3161000,1849109335,104.0
16154,CRS3035RES1000mN2018000E3161000,2028408680,113.0
16155,CRS3035RES1000mN2018000E3161000,2036887702,
16156,CRS3035RES1000mN2018000E3161000,2061404218,90.0
16157,CRS3035RES1000mN2018000E3161000,2134238030,95.0
16158,CRS3035RES1000mN2018000E3161000,2261600754,
16159,CRS3035RES1000mN2018000E3161000,2301402027,100.0
16160,CRS3035RES1000mN2018000E3161000,2303966810,111.0
16161,CRS3035RES1000mN2018000E3161000,2312029862,87.0
16162,CRS3035RES1000mN2018000E3161000,2408860250,
16163,CRS3035RES1000mN2018000E3161000,2620185829,76.0
16164,CRS3035RES1000mN2018000E3161000,2622508931,81.0
16165,CRS3035RES1000mN2018000E3161000,2672130951,102.0
16166,CRS3035RES1000mN2018000E3161000,2710518818,84.0
16167,CRS3035RES1000mN2018000E3161000,3034026261,
16168,CRS3035RES1000mN2018000E3161000,3179889751,
16169,CRS3035RES1000mN2018000E3161000,3206611978,
16170,CRS3035RES1000mN2018000E3161000,3272828439,80.0
16171,CRS3035RES1000mN2018000E3161000,3452364276,94.0
16172,CRS3035RES1000mN2018000E3161000,3452364277,74.0
16173,CRS3035RES1000mN2018000E3161000,3495733197,
16174,CRS3035RES1000mN2018000E3161000,3497154853,
16175,CRS3035RES1000mN2018000E3161000,3517755445,
16176,CRS3035RES1000mN2018000E3161000,3522125657,
16177,CRS3035RES1000mN2018000E3161000,3526751794,
16178,CRS3035RES1000mN2018000E3161000,3839306060,91.0
16179,CRS3035RES1000mN2018000E3161000,4214697664,75.0
16180,CRS3035RES1000mN2018000E3161000,4338252586,
16181,CRS3035RES1000mN2018000E3161000,4401271633,98.0
16182,CRS3035RES1000mN2018000E3161000,4515476768,
16183,CRS3035RES1000mN2018000E3161000,4569910891,65.0
16184,CRS3035RES1000mN2018000E3161000,4703730491,88.0
16185,CRS3035RES1000mN2018000E3161000,4707870392,83.0
16186,CRS3035RES1000mN2018000E3161000,4789037769,87.0
16187,CRS3035RES1000mN2018000E3161000,4794233143,
16188,CRS3035RES1000mN2018000E3161000,4870405674,81.0
16189,CRS3035RES1000mN2018000E3161000,5139379922,
16190,CRS3035RES1000mN2018000E3161000,5160337425,74.0
16191,CRS3035RES1000mN2018000E3161000,5196199575,104.0
16192,CRS3035RES1000mN2018000E3161000,5341570554,68.0
16193,CRS3035RES1000mN2018000E3161000,5345949864,81.0
16194,CRS3035RES1000mN2018000E3161000,5448507385,
16195,CRS3035RES1000mN2018000E3161000,5604693894,
16196,CRS3035RES1000mN2018000E3161000,5670401989,
16197,CRS3035RES1000mN2018000E3161000,5942671299,83.0
16198,CRS3035RES1000mN2018000E3161000,5943980960,102.0
16199,CRS3035RES1000mN2018000E3161000,6185791451,
16200,CRS3035RES1000mN2018000E3161000,6188948286,92.0
16201,CRS3035RES1000mN2018000E3161000,6555800191,83.0
16202,CRS3035RES1000mN2018000E3161000,6885254479,86.0
16203,CRS3035RES1000mN2018000E3161000,7222611268,
16204,CRS3035RES1000mN2018000E3161000,7408961006,114.0
16205,CRS3035RES1000mN2018000E3161000,7619964683,
16206,CRS3035RES1000mN2018000E3161000,7836562695,115.0
16207,CRS3035RES1000mN2018000E3161000,8493729364,61.0
16208,CRS3035RES1000mN2018000E3161000,8557885377,
16209,CRS3035RES1000mN2018000E3161000,8807212208,71.0
16210,CRS3035RES1000mN2018000E3161000,8844229173,74.0
16211,CRS3035RES1000mN2018000E3161000,8878422600,99.0
16212,CRS3035RES1000mN2018000E3161000,9595709188,78.0
16213,CRS3035RES1000mN2018000E3161000,9611387099,63.0
16214,CRS3035RES1000mN2018000E3161000,9712656915,73.0
16215,CRS3035RES1000mN2018000E3161000,9713142744,66.0
16216,CRS3035RES1000mN2018000E3161000,9815746657,
16217,CRS3035RES1000mN2018000E3161000,10004871512,87.0
16218,CRS3035RES1000mN2018000E3161000,10281174134,
16219,CRS3035RES1000mN2018000E3161000,10580337411,95.0
16220,CRS3035RES1000mN2018000E3161000,10899442604,75.0
16221,CRS3035RES1000mN2018000E3161000,10922657146,73.0
16222,CRS3035RES1000mN2018000E3161000,11127499928,101.0
16223,CRS3035RES1000mN2018000E3161000,11143725881,99.0
16224,CRS3035RES1000mN2018000E3161000,11243087140,93.0
16225,CRS3035RES1000mN2018000E3161000,11269399969,89.0
16226,CRS3035RES1000mN2018000E3161000,11287269362,91.0
16227,CRS3035RES1000mN2018000E3161000,11287269363,111.0
16228,CRS3035RES1000mN2018000E3161000,11369705764,102.0
16229,CRS3035RES1000mN2018000E3161000,11387776374,80.0
16230,CRS3035RES1000mN2018000E3161000,11461799040,
16231,CRS3035RES1000mN2018000E3161000,11462802981,68.0
16232,CRS3035RES1000mN2018000E3161000,11652077658,103.0
16233,CRS3035RES1000mN2018000E3161000,11691390164,75.0
16234,CRS3035RES1000mN2018000E3161000,11739757462,55.0
16235,CRS3035RES1000mN2018000E3161000,12178446726,75.0
16236,CRS3035RES1000mN2018000E3161000,12407425114,99.0
16237,CRS3035RES1000mN2018000E3161000,12865480228,92.0
16238,CRS3035RES1000mN2018000E3161000,2960630,94.0
16239,CRS3035RES1000mN2018000E3161000,3554044,102.0
16240,CRS3035RES1000mN2018000E3161000,3557906,63.0
16241,CRS3035RES1000mN2018000E3161000,5231361,82.0
16242,CRS3035RES1000mN2018000E3161000,9314566,101.0
16243,CRS3035RES1000mN2018000E3161000,13696257,108.0
16244,CRS3035RES1000mN2018000E3161000,15996131,83.0
16245,CRS3035RES1000mN2018000E3161000,23526191,84.0
16246,CRS3035RES1000mN2018000E3161000,23545719,83.0
16247,CRS3035RES1000mN2018000E3161000,30599279,69.0
16248,CRS3035RES1000mN2018000E3161000,30649229,80.0
16249,CRS3035RES1000mN2018000E3161000,32198651,
16250,CRS3035RES1000mN2018000E3161000,34945111,64.0
16251,CRS3035RES1000mN2018000E3161000,50170625,
16252,CRS3035RES1000mN2018000E3161000,82887228,107.0
16253,CRS3035RES1000mN2018000E3161000,92484952,97.0
16254,CRS3035RES1000mN2018000E3161000,95794713,79.0
16255,CRS3035RES1000mN2018000E3161000,96418670,80.0
16256,CRS3035RES1000mN2018000E3161000,98502686,90.0
16257,CRS3035RES1000mN2018000E3161000,132613257,85.0
16258,CRS3035RES1000mN2018000E3161000,135036040,93.0
16259,CRS3035RES1000mN2018000E3161000,150772489,79.0
16260,CRS3035RES1000mN2018000E3161000,154118456,95.0
16261,CRS3035RES1000mN2018000E3161000,157375776,96.0
16262,CRS3035RES1000mN2018000E3161000,158211204,88.0
16263,CRS3035RES1000mN2018000E3161000,162072415,64.0
16264,CRS3035RES1000mN2018000E3161000,162117720,104.0
16265,CRS3035RES1000mN2018000E3161000,170487273,114.0
16266,CRS3035RES1000mN2018000E3161000,172686062,97.0
16267,CRS3035RES1000mN2018000E3161000,174318235,75.0
16268,CRS3035RES1000mN2018000E3161000,174318237,71.0
16269,CRS3035RES1000mN2018000E3161000,205060159,
16270,CRS3035RES1000mN2018000E3161000,205757163,
16271,CRS3035RES1000mN2018000E3161000,221095520,98.0
16272,CRS3035RES1000mN2018000E3161000,224503374,73.0
16273,CRS3035RES1000mN2018000E3161000,227333462,88.0
16274,CRS3035RES1000mN2018000E3161000,229117454,98.0
16275,CRS3035RES1000mN2018000E3161000,261460389,
16276,CRS3035RES1000mN2018000E3161000,283450022,67.0
16277,CRS3035RES1000mN2018000E3161000,288994040,56.0
16278,CRS3035RES1000mN2018000E3161000,296744564,
16279,CRS3035RES1000mN2018000E3161000,297526406,99.0
16280,CRS3035RES1000mN2018000E3161000,300709861,81.0
16281,CRS3035RES1000mN2018000E3161000,301444634,
16282,CRS3035RES1000mN2018000E3161000,302721609,73.0
16283,CRS3035RES1000mN2018000E3161000,308195630,
16284,CRS3035RES1000mN2018000E3161000,312777902,66.0
16285,CRS3035RES1000mN2018000E3161000,330154630,
16286,CRS3035RES1000mN2018000E3161000,340205456,77.0
16287,CRS3035RES1000mN2018000E3161000,367883612,105.0
16288,CRS3035RES1000mN2018000E3161000,368211943,106.0
16289,CRS3035RES1000mN2018000E3161000,374180360,93.0
16290,CRS3035RES1000mN2018000E3161000,375369499,89.0
16291,CRS3035RES1000mN2018000E3161000,383494544,78.0
16292,CRS3035RES1000mN2018000E3161000,384574591,60.0
16293,CRS3035RES1000mN2018000E3161000,403538322,114.0
16294,CRS3035RES1000mN2018000E3161000,403859503,77.0
16295,CRS3035RES1000mN2018000E3161000,437050442,73.0
16296,CRS3035RES1000mN2018000E3161000,459881697,89.0
16297,CRS3035RES1000mN2018000E3161000,477278425,
16298,CRS3035RES1000mN2018000E3161000,486879235,
16299,CRS3035RES1000mN2018000E3161000,493748377,59.0
16300,CRS3035RES1000mN2018000E3161000,498234201,71.0
16301,CRS3035RES1000mN2018000E3161000,504315026,93.0
16302,CRS3035RES1000mN2018000E3161000,548701490,89.0
16303,CRS3035RES1000mN2018000E3161000,574210084,118.0
16304,CRS3035RES1000mN2018000E3161000,576094143,65.0
16305,CRS3035RES1000mN2018000E3161000,584409067,102.0
16306,CRS3035RES1000mN2018000E3161000,635512756,99.0
16307,CRS3035RES1000mN2018000E3161000,638492224,106.0
16308,CRS3035RES1000mN2018000E3161000,653913062,101.0
16309,CRS3035RES1000mN2018000E3161000,659866770,
16310,CRS3035RES1000mN2018000E3161000,697717972,90.0
16311,CRS3035RES1000mN2018000E3161000,717194862,
16312,CRS3035RES1000mN2018000E3161000,736899303,
16313,CRS3035RES1000mN2018000E3161000,738042217,77.0
16314,CRS3035RES1000mN2018000E3161000,839611983,
16315,CRS3035RES1000mN2018000E3161000,957893520,58.0
16316,CRS3035RES1000mN2018000E3161000,963308110,90.0
16317,CRS3035RES1000mN2018000E3161000,1073283182,65.0
16318,CRS3035RES1000mN2018000E3161000,1252864015,84.0
16319,CRS3035RES1000mN2018000E3161000,1283203658,118.0
16320,CRS3035RES1000mN2018000E3162000,25526,103.0
16321,CRS3035RES1000mN2018000E3162000,1774,79.0
16322,CRS3035RES1000mN2018000E3162000,1770,106.0
16323,CRS3035RES1000mN2018000E3162000,1773,95.0
16324,CRS3035RES1000mN2018000E3162000,1771,93.0
16325,CRS3035RES1000mN2018000E3162000,123303,82.0
16326,CRS3035RES1000mN2018000E3162000,1764,87.0
16327,CRS3035RES1000mN2018000E3162000,181101,92.0
16328,CRS3035RES1000mN2018000E3162000,5765642,90.0
16329,CRS3035RES1000mN2018000E3162000,86719,64.0
16330,CRS3035RES1000mN2018000E3162000,1800,90.0
16331,CRS3035RES1000mN2018000E3162000,1757,97.0
16332,CRS3035RES1000mN2018000E3162000,1755,84.0
16333,CRS3035RES1000mN2018000E3162000,1882,92.0
16334,CRS3035RES1000mN2018000E3162000,1745,104.0
16335,CRS3035RES1000mN2018000E3162000,1794,100.0
16336,CRS3035RES1000mN2018000E3162000,1762,88.0
16337,CRS3035RES1000mN2018000E3162000,51188,93.0
16338,CRS3035RES1000mN2018000E3162000,6893633,87.0
16339,CRS3035RES1000mN2018000E3162000,167128,92.0
16340,CRS3035RES1000mN2018000E3162000,1760,96.0
16341,CRS3035RES1000mN2018000E3162000,12773298,48.0
16342,CRS3035RES1000mN2018000E3162000,1754,72.0
16343,CRS3035RES1000mN2018000E3162000,1748,88.0
16344,CRS3035RES1000mN2018000E3162000,79941,106.0
16345,CRS3035RES1000mN2018000E3162000,1750,98.0
16346,CRS3035RES1000mN2018000E3162000,5975465,83.0
16347,CRS3035RES1000mN2018000E3162000,115056,109.0
16348,CRS3035RES1000mN2018000E3162000,1790,101.0
16349,CRS3035RES1000mN2018000E3162000,1756,89.0
16350,CRS3035RES1000mN2018000E3162000,51849,94.0
16351,CRS3035RES1000mN2018000E3162000,185595,94.0
16352,CRS3035RES1000mN2018000E3162000,7697128,82.0
16353,CRS3035RES1000mN2018000E3162000,10395362,111.0
16354,CRS3035RES1000mN2018000E3162000,1759,97.0
16355,CRS3035RES1000mN2018000E3162000,1752,90.0
16356,CRS3035RES1000mN2018000E3162000,186714,96.0
16357,CRS3035RES1000mN2018000E3162000,1753,85.0
16358,CRS3035RES1000mN2018000E3162000,1792,84.0
16359,CRS3035RES1000mN2018000E3162000,1763,81.0
16360,CRS3035RES1000mN2018000E3162000,1746,100.0
16361,CRS3035RES1000mN2018000E3162000,11572165,60.0
16362,CRS3035RES1000mN2018000E3162000,1761,80.0
16363,CRS3035RES1000mN2018000E3162000,1747,93.0
16364,CRS3035RES1000mN2018000E3162000,5768564,100.0
16365,CRS3035RES1000mN2018000E3162000,1798,84.0
16366,CRS3035RES1000mN2018000E3162000,66904,98.0
16367,CRS3035RES1000mN2018000E3162000,1777,83.0
16368,CRS3035RES1000mN2018000E3162000,1765,91.0
16369,CRS3035RES1000mN2018000E3162000,49416,85.0
16370,CRS3035RES1000mN2018000E3162000,12734939,85.0
16371,CRS3035RES1000mN2018000E3162000,167386167,77.0
16372,CRS3035RES1000mN2018000E3162000,295933804,97.0
16373,CRS3035RES1000mN2018000E3162000,303340017,102.0
16374,CRS3035RES1000mN2018000E3162000,315355551,117.0
16375,CRS3035RES1000mN2018000E3162000,339084977,77.0
16376,CRS3035RES1000mN2018000E3162000,412911553,95.0
16377,CRS3035RES1000mN2018000E3162000,558126037,
16378,CRS3035RES1000mN2018000E3162000,711789768,
16379,CRS3035RES1000mN2018000E3162000,727666062,
16380,CRS3035RES1000mN2018000E3162000,848085869,90.0
16381,CRS3035RES1000mN2018000E3162000,1056098898,100.0
16382,CRS3035RES1000mN2018000E3162000,1255438242,
16383,CRS3035RES1000mN2018000E3162000,1469985039,98.0
16384,CRS3035RES1000mN2018000E3162000,1504302537,
16385,CRS3035RES1000mN2018000E3162000,1511617504,119.0
16386,CRS3035RES1000mN2018000E3162000,1541601287,
16387,CRS3035RES1000mN2018000E3162000,1544591296,102.0
16388,CRS3035RES1000mN2018000E3162000,1598174183,110.0
16389,CRS3035RES1000mN2018000E3162000,1629887846,113.0
16390,CRS3035RES1000mN2018000E3162000,1686660176,110.0
16391,CRS3035RES1000mN2018000E3162000,1716927336,85.0
16392,CRS3035RES1000mN2018000E3162000,1734554324,
16393,CRS3035RES1000mN2018000E3162000,1849109335,107.0
16394,CRS3035RES1000mN2018000E3162000,2028408680,
16395,CRS3035RES1000mN2018000E3162000,2036887702,
16396,CRS3035RES1000mN2018000E3162000,2061404218,107.0
16397,CRS3035RES1000mN2018000E3162000,2134238030,
16398,CRS3035RES1000mN2018000E3162000,2261600754,
16399,CRS3035RES1000mN2018000E3162000,2301402027,
16400,CRS3035RES1000mN2018000E3162000,2303966810,111.0
16401,CRS3035RES1000mN2018000E3162000,2312029862,112.0
16402,CRS3035RES1000mN2018000E3162000,2408860250,
16403,CRS3035RES1000mN2018000E3162000,2620185829,95.0
16404,CRS3035RES1000mN2018000E3162000,2622508931,100.0
16405,CRS3035RES1000mN2018000E3162000,2672130951,
16406,CRS3035RES1000mN2018000E3162000,2710518818,113.0
16407,CRS3035RES1000mN2018000E3162000,3034026261,
16408,CRS3035RES1000mN2018000E3162000,3179889751,
16409,CRS3035RES1000mN2018000E3162000,3206611978,
16410,CRS3035RES1000mN2018000E3162000,3272828439,100.0
16411,CRS3035RES1000mN2018000E3162000,3452364276,115.0
16412,CRS3035RES1000mN2018000E3162000,3452364277,94.0
16413,CRS3035RES1000mN2018000E3162000,3495733197,
16414,CRS3035RES1000mN2018000E3162000,3497154853,
16415,CRS3035RES1000mN2018000E3162000,3517755445,
16416,CRS3035RES1000mN2018000E3162000,3522125657,
16417,CRS3035RES1000mN2018000E3162000,3526751794,
16418,CRS3035RES1000mN2018000E3162000,3839306060,115.0
16419,CRS3035RES1000mN2018000E3162000,4214697664,94.0
16420,CRS3035RES1000mN2018000E3162000,4338252586,
16421,CRS3035RES1000mN2018000E3162000,4401271633,98.0
16422,CRS3035RES1000mN2018000E3162000,4515476768,
16423,CRS3035RES1000mN2018000E3162000,4569910891,85.0
16424,CRS3035RES1000mN2018000E3162000,4703730491,115.0
16425,CRS3035RES1000mN2018000E3162000,4707870392,108.0
16426,CRS3035RES1000mN2018000E3162000,4789037769,100.0
16427,CRS3035RES1000mN2018000E3162000,4794233143,
16428,CRS3035RES1000mN2018000E3162000,4870405674,101.0
16429,CRS3035RES1000mN2018000E3162000,5139379922,
16430,CRS3035RES1000mN2018000E3162000,5160337425,94.0
16431,CRS3035RES1000mN2018000E3162000,5196199575,
16432,CRS3035RES1000mN2018000E3162000,5341570554,87.0
16433,CRS3035RES1000mN2018000E3162000,5345949864,110.0
16434,CRS3035RES1000mN2018000E3162000,5448507385,
16435,CRS3035RES1000mN2018000E3162000,5604693894,
16436,CRS3035RES1000mN2018000E3162000,5670401989,
16437,CRS3035RES1000mN2018000E3162000,5942671299,117.0
16438,CRS3035RES1000mN2018000E3162000,5943980960,
16439,CRS3035RES1000mN2018000E3162000,6185791451,
16440,CRS3035RES1000mN2018000E3162000,6188948286,105.0
16441,CRS3035RES1000mN2018000E3162000,6555800191,103.0
16442,CRS3035RES1000mN2018000E3162000,6885254479,105.0
16443,CRS3035RES1000mN2018000E3162000,7222611268,
16444,CRS3035RES1000mN2018000E3162000,7408961006,
16445,CRS3035RES1000mN2018000E3162000,7619964683,
16446,CRS3035RES1000mN2018000E3162000,7836562695,
16447,CRS3035RES1000mN2018000E3162000,8493729364,80.0
16448,CRS3035RES1000mN2018000E3162000,8557885377,
16449,CRS3035RES1000mN2018000E3162000,8807212208,91.0
16450,CRS3035RES1000mN2018000E3162000,8844229173,93.0
16451,CRS3035RES1000mN2018000E3162000,8878422600,119.0
16452,CRS3035RES1000mN2018000E3162000,9595709188,99.0
16453,CRS3035RES1000mN2018000E3162000,9611387099,82.0
16454,CRS3035RES1000mN2018000E3162000,9712656915,92.0
16455,CRS3035RES1000mN2018000E3162000,9713142744,86.0
16456,CRS3035RES1000mN2018000E3162000,9815746657,
16457,CRS3035RES1000mN2018000E3162000,10004871512,113.0
16458,CRS3035RES1000mN2018000E3162000,10281174134,
16459,CRS3035RES1000mN2018000E3162000,10580337411,119.0
16460,CRS3035RES1000mN2018000E3162000,10899442604,95.0
16461,CRS3035RES1000mN2018000E3162000,10922657146,93.0
16462,CRS3035RES1000mN2018000E3162000,11127499928,
16463,CRS3035RES1000mN2018000E3162000,11143725881,
16464,CRS3035RES1000mN2018000E3162000,11243087140,112.0
16465,CRS3035RES1000mN2018000E3162000,11269399969,108.0
16466,CRS3035RES1000mN2018000E3162000,11287269362,115.0
16467,CRS3035RES1000mN2018000E3162000,11287269363,
16468,CRS3035RES1000mN2018000E3162000,11369705764,
16469,CRS3035RES1000mN2018000E3162000,11387776374,97.0
16470,CRS3035RES1000mN2018000E3162000,11461799040,
16471,CRS3035RES1000mN2018000E3162000,11462802981,80.0
16472,CRS3035RES1000mN2018000E3162000,11652077658,112.0
16473,CRS3035RES1000mN2018000E3162000,11691390164,94.0
16474,CRS3035RES1000mN2018000E3162000,11739757462,75.0
16475,CRS3035RES1000mN2018000E3162000,12178446726,95.0
16476,CRS3035RES1000mN2018000E3162000,12407425114,
16477,CRS3035RES1000mN2018000E3162000,12865480228,116.0
16478,CRS3035RES1000mN2018000E3162000,2960630,114.0
16479,CRS3035RES1000mN2018000E3162000,3554044,119.0
16480,CRS3035RES1000mN2018000E3162000,3557906,84.0
16481,CRS3035RES1000mN2018000E3162000,5231361,101.0
16482,CRS3035RES1000mN2018000E3162000,9314566,
16483,CRS3035RES1000mN2018000E3162000,13696257,
16484,CRS3035RES1000mN2018000E3162000,15996131,102.0
16485,CRS3035RES1000mN2018000E3162000,23526191,102.0
16486,CRS3035RES1000mN2018000E3162000,23545719,103.0
16487,CRS3035RES1000mN2018000E3162000,30599279,89.0
16488,CRS3035RES1000mN2018000E3162000,30649229,100.0
16489,CRS3035RES1000mN2018000E3162000,32198651,
16490,CRS3035RES1000mN2018000E3162000,34945111,84.0
16491,CRS3035RES1000mN2018000E3162000,50170625,
16492,CRS3035RES1000mN2018000E3162000,82887228,
16493,CRS3035RES1000mN2018000E3162000,92484952,
16494,CRS3035RES1000mN2018000E3162000,95794713,95.0
16495,CRS3035RES1000mN2018000E3162000,96418670,99.0
16496,CRS3035RES1000mN2018000E3162000,98502686,108.0
16497,CRS3035RES1000mN2018000E3162000,132613257,98.0
16498,CRS3035RES1000mN2018000E3162000,135036040,102.0
16499,CRS3035RES1000mN2018000E3162000,150772489,99.0
16500,CRS3035RES1000mN2018000E3162000,154118456,
16501,CRS3035RES1000mN2018000E3162000,157375776,119.0
16502,CRS3035RES1000mN2018000E3162000,158211204,108.0
16503,CRS3035RES1000mN2018000E3162000,162072415,85.0
16504,CRS3035RES1000mN2018000E3162000,162117720,
16505,CRS3035RES1000mN2018000E3162000,170487273,
16506,CRS3035RES1000mN2018000E3162000,172686062,115.0
16507,CRS3035RES1000mN2018000E3162000,174318235,92.0
16508,CRS3035RES1000mN2018000E3162000,174318237,91.0
16509,CRS3035RES1000mN2018000E3162000,205060159,
16510,CRS3035RES1000mN2018000E3162000,205757163,
16511,CRS3035RES1000mN2018000E3162000,221095520,119.0
16512,CRS3035RES1000mN2018000E3162000,224503374,93.0
16513,CRS3035RES1000mN2018000E3162000,227333462,117.0
16514,CRS3035RES1000mN2018000E3162000,229117454,119.0
16515,CRS3035RES1000mN2018000E3162000,261460389,
16516,CRS3035RES1000mN2018000E3162000,283450022,85.0
16517,CRS3035RES1000mN2018000E3162000,288994040,75.0
16518,CRS3035RES1000mN2018000E3162000,296744564,
16519,CRS3035RES1000mN2018000E3162000,297526406,
16520,CRS3035RES1000mN2018000E3162000,300709861,100.0
16521,CRS3035RES1000mN2018000E3162000,301444634,
16522,CRS3035RES1000mN2018000E3162000,302721609,87.0
16523,CRS3035RES1000mN2018000E3162000,308195630,
16524,CRS3035RES1000mN2018000E3162000,312777902,85.0
16525,CRS3035RES1000mN2018000E3162000,330154630,
16526,CRS3035RES1000mN2018000E3162000,340205456,97.0
16527,CRS3035RES1000mN2018000E3162000,367883612,
16528,CRS3035RES1000mN2018000E3162000,368211943,
16529,CRS3035RES1000mN2018000E3162000,374180360,118.0
16530,CRS3035RES1000mN2018000E3162000,375369499,
16531,CRS3035RES1000mN2018000E3162000,383494544,99.0
16532,CRS3035RES1000mN2018000E3162000,384574591,79.0
16533,CRS3035RES1000mN2018000E3162000,403538322,
16534,CRS3035RES1000mN2018000E3162000,403859503,97.0
16535,CRS3035RES1000mN2018000E3162000,437050442,92.0
16536,CRS3035RES1000mN2018000E3162000,459881697,118.0
16537,CRS3035RES1000mN2018000E3162000,477278425,
16538,CRS3035RES1000mN2018000E3162000,486879235,
16539,CRS3035RES1000mN2018000E3162000,493748377,78.0
16540,CRS3035RES1000mN2018000E3162000,498234201,90.0
16541,CRS3035RES1000mN2018000E3162000,504315026,117.0
16542,CRS3035RES1000mN2018000E3162000,548701490,
16543,CRS3035RES1000mN2018000E3162000,574210084,
16544,CRS3035RES1000mN2018000E3162000,576094143,84.0
16545,CRS3035RES1000mN2018000E3162000,584409067,
16546,CRS3035RES1000mN2018000E3162000,635512756,
16547,CRS3035RES1000mN2018000E3162000,638492224,
16548,CRS3035RES1000mN2018000E3162000,653913062,
16549,CRS3035RES1000mN2018000E3162000,659866770,
16550,CRS3035RES1000mN2018000E3162000,697717972,110.0
16551,CRS3035RES1000mN2018000E3162000,717194862,
16552,CRS3035RES1000mN2018000E3162000,736899303,
16553,CRS3035RES1000mN2018000E3162000,738042217,86.0
16554,CRS3035RES1000mN2018000E3162000,839611983,
16555,CRS3035RES1000mN2018000E3162000,957893520,76.0
16556,CRS3035RES1000mN2018000E3162000,963308110,99.0
16557,CRS3035RES1000mN2018000E3162000,1073283182,80.0
16558,CRS3035RES1000mN2018000E3162000,1252864015,110.0
16559,CRS3035RES1000mN2018000E3162000,1283203658,
16560,CRS3035RES1000mN2018000E3163000,25526,
16561,CRS3035RES1000mN2018000E3163000,1774,
16562,CRS3035RES1000mN2018000E3163000,1770,
16563,CRS3035RES1000mN2018000E3163000,1773,
16564,CRS3035RES1000mN2018000E3163000,1771,
16565,CRS3035RES1000mN2018000E3163000,123303,
16566,CRS3035RES1000mN2018000E3163000,1764,
16567,CRS3035RES1000mN2018000E3163000,181101,
16568,CRS3035RES1000mN2018000E3163000,5765642,
16569,CRS3035RES1000mN2018000E3163000,86719,107.0
16570,CRS3035RES1000mN2018000E3163000,1800,
16571,CRS3035RES1000mN2018000E3163000,1757,
16572,CRS3035RES1000mN2018000E3163000,1755,
16573,CRS3035RES1000mN2018000E3163000,1882,
16574,CRS3035RES1000mN2018000E3163000,1745,
16575,CRS3035RES1000mN2018000E3163000,1794,
16576,CRS3035RES1000mN2018000E3163000,1762,
16577,CRS3035RES1000mN2018000E3163000,51188,
16578,CRS3035RES1000mN2018000E3163000,6893633,
16579,CRS3035RES1000mN2018000E3163000,167128,
16580,CRS3035RES1000mN2018000E3163000,1760,
16581,CRS3035RES1000mN2018000E3163000,12773298,91.0
16582,CRS3035RES1000mN2018000E3163000,1754,115.0
16583,CRS3035RES1000mN2018000E3163000,1748,
16584,CRS3035RES1000mN2018000E3163000,79941,
16585,CRS3035RES1000mN2018000E3163000,1750,
16586,CRS3035RES1000mN2018000E3163000,5975465,
16587,CRS3035RES1000mN2018000E3163000,115056,
16588,CRS3035RES1000mN2018000E3163000,1790,
16589,CRS3035RES1000mN2018000E3163000,1756,
16590,CRS3035RES1000mN2018000E3163000,51849,
16591,CRS3035RES1000mN2018000E3163000,185595,
16592,CRS3035RES1000mN2018000E3163000,7697128,
16593,CRS3035RES1000mN2018000E3163000,10395362,
16594,CRS3035RES1000mN2018000E3163000,1759,
16595,CRS3035RES1000mN2018000E3163000,1752,
16596,CRS3035RES1000mN2018000E3163000,186714,
16597,CRS3035RES1000mN2018000E3163000,1753,
16598,CRS3035RES1000mN2018000E3163000,1792,
16599,CRS3035RES1000mN2018000E3163000,1763,
16600,CRS3035RES1000mN2018000E3163000,1746,
16601,CRS3035RES1000mN2018000E3163000,11572165,103.0
16602,CRS3035RES1000mN2018000E3163000,1761,
16603,CRS3035RES1000mN2018000E3163000,1747,
16604,CRS3035RES1000mN2018000E3163000,5768564,
16605,CRS3035RES1000mN2018000E3163000,1798,
16606,CRS3035RES1000mN2018000E3163000,66904,
16607,CRS3035RES1000mN2018000E3163000,1777,
16608,CRS3035RES1000mN2018000E3163000,1765,
16609,CRS3035RES1000mN2018000E3163000,49416,
16610,CRS3035RES1000mN2018000E3163000,12734939,
16611,CRS3035RES1000mN2018000E3163000,167386167,119.0
16612,CRS3035RES1000mN2018000E3163000,295933804,
16613,CRS3035RES1000mN2018000E3163000,303340017,
16614,CRS3035RES1000mN2018000E3163000,315355551,
16615,CRS3035RES1000mN2018000E3163000,339084977,
16616,CRS3035RES1000mN2018000E3163000,412911553,
16617,CRS3035RES1000mN2018000E3163000,558126037,
16618,CRS3035RES1000mN2018000E3163000,711789768,
16619,CRS3035RES1000mN2018000E3163000,727666062,
16620,CRS3035RES1000mN2018000E3163000,848085869,
16621,CRS3035RES1000mN2018000E3163000,1056098898,
16622,CRS3035RES1000mN2018000E3163000,1255438242,
16623,CRS3035RES1000mN2018000E3163000,1469985039,
16624,CRS3035RES1000mN2018000E3163000,1504302537,
16625,CRS3035RES1000mN2018000E3163000,1511617504,
16626,CRS3035RES1000mN2018000E3163000,1541601287,
16627,CRS3035RES1000mN2018000E3163000,1544591296,
16628,CRS3035RES1000mN2018000E3163000,1598174183,
16629,CRS3035RES1000mN2018000E3163000,1629887846,
16630,CRS3035RES1000mN2018000E3163000,1686660176,
16631,CRS3035RES1000mN2018000E3163000,1716927336,
16632,CRS3035RES1000mN2018000E3163000,1734554324,
16633,CRS3035RES1000mN2018000E3163000,1849109335,
16634,CRS3035RES1000mN2018000E3163000,2028408680,
16635,CRS3035RES1000mN2018000E3163000,2036887702,
16636,CRS3035RES1000mN2018000E3163000,2061404218,
16637,CRS3035RES1000mN2018000E3163000,2134238030,
16638,CRS3035RES1000mN2018000E3163000,2261600754,
16639,CRS3035RES1000mN2018000E3163000,2301402027,
16640,CRS3035RES1000mN2018000E3163000,2303966810,
16641,CRS3035RES1000mN2018000E3163000,2312029862,
16642,CRS3035RES1000mN2018000E3163000,2408860250,
16643,CRS3035RES1000mN2018000E3163000,2620185829,
16644,CRS3035RES1000mN2018000E3163000,2622508931,
16645,CRS3035RES1000mN2018000E3163000,2672130951,
16646,CRS3035RES1000mN2018000E3163000,2710518818,
16647,CRS3035RES1000mN2018000E3163000,3034026261,
16648,CRS3035RES1000mN2018000E3163000,3179889751,
16649,CRS3035RES1000mN2018000E3163000,3206611978,
16650,CRS3035RES1000mN2018000E3163000,3272828439,
16651,CRS3035RES1000mN2018000E3163000,3452364276,
16652,CRS3035RES1000mN2018000E3163000,3452364277,
16653,CRS3035RES1000mN2018000E3163000,3495733197,
16654,CRS3035RES1000mN2018000E3163000,3497154853,
16655,CRS3035RES1000mN2018000E3163000,3517755445,
16656,CRS3035RES1000mN2018000E3163000,3522125657,
16657,CRS3035RES1000mN2018000E3163000,3526751794,
16658,CRS3035RES1000mN2018000E3163000,3839306060,
16659,CRS3035RES1000mN2018000E3163000,4214697664,
16660,CRS3035RES1000mN2018000E3163000,4338252586,
16661,CRS3035RES1000mN2018000E3163000,4401271633,
16662,CRS3035RES1000mN2018000E3163000,4515476768,
16663,CRS3035RES1000mN2018000E3163000,4569910891,
16664,CRS3035RES1000mN2018000E3163000,4703730491,
16665,CRS3035RES1000mN2018000E3163000,4707870392,
16666,CRS3035RES1000mN2018000E3163000,4789037769,
16667,CRS3035RES1000mN2018000E3163000,4794233143,
16668,CRS3035RES1000mN2018000E3163000,4870405674,
16669,CRS3035RES1000mN2018000E3163000,5139379922,
16670,CRS3035RES1000mN2018000E3163000,5160337425,
16671,CRS3035RES1000mN2018000E3163000,5196199575,
16672,CRS3035RES1000mN2018000E3163000,5341570554,
16673,CRS3035RES1000mN2018000E3163000,5345949864,
16674,CRS3035RES1000mN2018000E3163000,5448507385,
16675,CRS3035RES1000mN2018000E3163000,5604693894,
16676,CRS3035RES1000mN2018000E3163000,5670401989,
16677,CRS3035RES1000mN2018000E3163000,5942671299,
16678,CRS3035RES1000mN2018000E3163000,5943980960,
16679,CRS3035RES1000mN2018000E3163000,6185791451,
16680,CRS3035RES1000mN2018000E3163000,6188948286,
16681,CRS3035RES1000mN2018000E3163000,6555800191,
16682,CRS3035RES1000mN2018000E3163000,6885254479,
16683,CRS3035RES1000mN2018000E3163000,7222611268,
16684,CRS3035RES1000mN2018000E3163000,7408961006,
16685,CRS3035RES1000mN2018000E3163000,7619964683,
16686,CRS3035RES1000mN2018000E3163000,7836562695,
16687,CRS3035RES1000mN2018000E3163000,8493729364,
16688,CRS3035RES1000mN2018000E3163000,8557885377,
16689,CRS3035RES1000mN2018000E3163000,8807212208,
16690,CRS3035RES1000mN2018000E3163000,8844229173,
16691,CRS3035RES1000mN2018000E3163000,8878422600,
16692,CRS3035RES1000mN2018000E3163000,9595709188,
16693,CRS3035RES1000mN2018000E3163000,9611387099,
16694,CRS3035RES1000mN2018000E3163000,9712656915,
16695,CRS3035RES1000mN2018000E3163000,9713142744,
16696,CRS3035RES1000mN2018000E3163000,9815746657,
16697,CRS3035RES1000mN2018000E3163000,10004871512,
16698,CRS3035RES1000mN2018000E3163000,10281174134,
16699,CRS3035RES1000mN2018000E3163000,10580337411,
16700,CRS3035RES1000mN2018000E3163000,10899442604,
16701,CRS3035RES1000mN2018000E3163000,10922657146,
16702,CRS3035RES1000mN2018000E3163000,11127499928,
16703,CRS3035RES1000mN2018000E3163000,11143725881,
16704,CRS3035RES1000mN2018000E3163000,11243087140,
16705,CRS3035RES1000mN2018000E3163000,11269399969,
16706,CRS3035RES1000mN2018000E3163000,11287269362,
16707,CRS3035RES1000mN2018000E3163000,11287269363,
16708,CRS3035RES1000mN2018000E3163000,11369705764,
16709,CRS3035RES1000mN2018000E3163000,11387776374,
16710,CRS3035RES1000mN2018000E3163000,11461799040,
16711,CRS3035RES1000mN2018000E3163000,11462802981,
16712,CRS3035RES1000mN2018000E3163000,11652077658,
16713,CRS3035RES1000mN2018000E3163000,11691390164,
16714,CRS3035RES1000mN2018000E3163000,11739757462,118.0
16715,CRS3035RES1000mN2018000E3163000,12178446726,
16716,CRS3035RES1000mN2018000E3163000,12407425114,
16717,CRS3035RES1000mN2018000E3163000,12865480228,
16718,CRS3035RES1000mN2018000E3163000,2960630,
16719,CRS3035RES1000mN2018000E3163000,3554044,
16720,CRS3035RES1000mN2018000E3163000,3557906,
16721,CRS3035RES1000mN2018000E3163000,5231361,
16722,CRS3035RES1000mN2018000E3163000,9314566,
16723,CRS3035RES1000mN2018000E3163000,13696257,
16724,CRS3035RES1000mN2018000E3163000,15996131,
16725,CRS3035RES1000mN2018000E3163000,23526191,
16726,CRS3035RES1000mN2018000E3163000,23545719,
16727,CRS3035RES1000mN2018000E3163000,30599279,
16728,CRS3035RES1000mN2018000E3163000,30649229,
16729,CRS3035RES1000mN2018000E3163000,32198651,
16730,CRS3035RES1000mN2018000E3163000,34945111,
16731,CRS3035RES1000mN2018000E3163000,50170625,
16732,CRS3035RES1000mN2018000E3163000,82887228,
16733,CRS3035RES1000mN2018000E3163000,92484952,
16734,CRS3035RES1000mN2018000E3163000,95794713,
16735,CRS3035RES1000mN2018000E3163000,96418670,
16736,CRS3035RES1000mN2018000E3163000,98502686,
16737,CRS3035RES1000mN2018000E3163000,132613257,
16738,CRS3035RES1000mN2018000E3163000,135036040,
16739,CRS3035RES1000mN2018000E3163000,150772489,
16740,CRS3035RES1000mN2018000E3163000,154118456,
16741,CRS3035RES1000mN2018000E3163000,157375776,
16742,CRS3035RES1000mN2018000E3163000,158211204,
16743,CRS3035RES1000mN2018000E3163000,162072415,
16744,CRS3035RES1000mN2018000E3163000,162117720,
16745,CRS3035RES1000mN2018000E3163000,170487273,
16746,CRS3035RES1000mN2018000E3163000,172686062,
16747,CRS3035RES1000mN2018000E3163000,174318235,
16748,CRS3035RES1000mN2018000E3163000,174318237,
16749,CRS3035RES1000mN2018000E3163000,205060159,
16750,CRS3035RES1000mN2018000E3163000,205757163,
16751,CRS3035RES1000mN2018000E3163000,221095520,
16752,CRS3035RES1000mN2018000E3163000,224503374,
16753,CRS3035RES1000mN2018000E3163000,227333462,
16754,CRS3035RES1000mN2018000E3163000,229117454,
16755,CRS3035RES1000mN2018000E3163000,261460389,
16756,CRS3035RES1000mN2018000E3163000,283450022,
16757,CRS3035RES1000mN2018000E3163000,288994040,118.0
16758,CRS3035RES1000mN2018000E3163000,296744564,
16759,CRS3035RES1000mN2018000E3163000,297526406,
16760,CRS3035RES1000mN2018000E3163000,300709861,
16761,CRS3035RES1000mN2018000E3163000,301444634,
16762,CRS3035RES1000mN2018000E3163000,302721609,
16763,CRS3035RES1000mN2018000E3163000,308195630,
16764,CRS3035RES1000mN2018000E3163000,312777902,
16765,CRS3035RES1000mN2018000E3163000,330154630,
16766,CRS3035RES1000mN2018000E3163000,340205456,
16767,CRS3035RES1000mN2018000E3163000,367883612,
16768,CRS3035RES1000mN2018000E3163000,368211943,
16769,CRS3035RES1000mN2018000E3163000,374180360,
16770,CRS3035RES1000mN2018000E3163000,375369499,
16771,CRS3035RES1000mN2018000E3163000,383494544,
16772,CRS3035RES1000mN2018000E3163000,384574591,
16773,CRS3035RES1000mN2018000E3163000,403538322,
16774,CRS3035RES1000mN2018000E3163000,403859503,
16775,CRS3035RES1000mN2018000E3163000,437050442,
16776,CRS3035RES1000mN2018000E3163000,459881697,
16777,CRS3035RES1000mN2018000E3163000,477278425,
16778,CRS3035RES1000mN2018000E3163000,486879235,
16779,CRS3035RES1000mN2018000E3163000,493748377,
16780,CRS3035RES1000mN2018000E3163000,498234201,
16781,CRS3035RES1000mN2018000E3163000,504315026,
16782,CRS3035RES1000mN2018000E3163000,548701490,
16783,CRS3035RES1000mN2018000E3163000,574210084,
16784,CRS3035RES1000mN2018000E3163000,576094143,
16785,CRS3035RES1000mN2018000E3163000,584409067,
16786,CRS3035RES1000mN2018000E3163000,635512756,
16787,CRS3035RES1000mN2018000E3163000,638492224,
16788,CRS3035RES1000mN2018000E3163000,653913062,
16789,CRS3035RES1000mN2018000E3163000,659866770,
16790,CRS3035RES1000mN2018000E3163000,697717972,
16791,CRS3035RES1000mN2018000E3163000,717194862,
16792,CRS3035RES1000mN2018000E3163000,736899303,
16793,CRS3035RES1000mN2018000E3163000,738042217,
16794,CRS3035RES1000mN2018000E3163000,839611983,
16795,CRS3035RES1000mN2018000E3163000,957893520,
16796,CRS3035RES1000mN2018000E3163000,963308110,
16797,CRS3035RES1000mN2018000E3163000,1073283182,
16798,CRS3035RES1000mN2018000E3163000,1252864015,
16799,CRS3035RES1000mN2018000E3163000,1283203658,
16800,CRS3035RES1000mN2019000E3154000,25526,50.0
16801,CRS3035RES1000mN2019000E3154000,1774,53.0
16802,CRS3035RES1000mN2019000E3154000,1770,85.0
16803,CRS3035RES1000mN2019000E3154000,1773,72.0
16804,CRS3035RES1000mN2019000E3154000,1771,69.0
16805,CRS3035RES1000mN2019000E3154000,123303,49.0
16806,CRS3035RES1000mN2019000E3154000,1764,65.0
16807,CRS3035RES1000mN2019000E3154000,181101,74.0
16808,CRS3035RES1000mN2019000E3154000,5765642,47.0
16809,CRS3035RES1000mN2019000E3154000,86719,44.0
16810,CRS3035RES1000mN2019000E3154000,1800,68.0
16811,CRS3035RES1000mN2019000E3154000,1757,59.0
16812,CRS3035RES1000mN2019000E3154000,1755,53.0
16813,CRS3035RES1000mN2019000E3154000,1882,69.0
16814,CRS3035RES1000mN2019000E3154000,1745,75.0
16815,CRS3035RES1000mN2019000E3154000,1794,75.0
16816,CRS3035RES1000mN2019000E3154000,1762,62.0
16817,CRS3035RES1000mN2019000E3154000,51188,72.0
16818,CRS3035RES1000mN2019000E3154000,6893633,63.0
16819,CRS3035RES1000mN2019000E3154000,167128,69.0
16820,CRS3035RES1000mN2019000E3154000,1760,72.0
16821,CRS3035RES1000mN2019000E3154000,12773298,44.0
16822,CRS3035RES1000mN2019000E3154000,1754,51.0
16823,CRS3035RES1000mN2019000E3154000,1748,70.0
16824,CRS3035RES1000mN2019000E3154000,79941,81.0
16825,CRS3035RES1000mN2019000E3154000,1750,77.0
16826,CRS3035RES1000mN2019000E3154000,5975465,61.0
16827,CRS3035RES1000mN2019000E3154000,115056,84.0
16828,CRS3035RES1000mN2019000E3154000,1790,80.0
16829,CRS3035RES1000mN2019000E3154000,1756,50.0
16830,CRS3035RES1000mN2019000E3154000,51849,69.0
16831,CRS3035RES1000mN2019000E3154000,185595,73.0
16832,CRS3035RES1000mN2019000E3154000,7697128,60.0
16833,CRS3035RES1000mN2019000E3154000,10395362,91.0
16834,CRS3035RES1000mN2019000E3154000,1759,75.0
16835,CRS3035RES1000mN2019000E3154000,1752,64.0
16836,CRS3035RES1000mN2019000E3154000,186714,72.0
16837,CRS3035RES1000mN2019000E3154000,1753,63.0
16838,CRS3035RES1000mN2019000E3154000,1792,72.0
16839,CRS3035RES1000mN2019000E3154000,1763,59.0
16840,CRS3035RES1000mN2019000E3154000,1746,76.0
16841,CRS3035RES1000mN2019000E3154000,11572165,57.0
16842,CRS3035RES1000mN2019000E3154000,1761,58.0
16843,CRS3035RES1000mN2019000E3154000,1747,73.0
16844,CRS3035RES1000mN2019000E3154000,5768564,60.0
16845,CRS3035RES1000mN2019000E3154000,1798,55.0
16846,CRS3035RES1000mN2019000E3154000,66904,80.0
16847,CRS3035RES1000mN2019000E3154000,1777,62.0
16848,CRS3035RES1000mN2019000E3154000,1765,65.0
16849,CRS3035RES1000mN2019000E3154000,49416,71.0
16850,CRS3035RES1000mN2019000E3154000,12734939,71.0
16851,CRS3035RES1000mN2019000E3154000,167386167,55.0
16852,CRS3035RES1000mN2019000E3154000,295933804,74.0
16853,CRS3035RES1000mN2019000E3154000,303340017,72.0
16854,CRS3035RES1000mN2019000E3154000,315355551,81.0
16855,CRS3035RES1000mN2019000E3154000,339084977,55.0
16856,CRS3035RES1000mN2019000E3154000,412911553,73.0
16857,CRS3035RES1000mN2019000E3154000,558126037,75.0
16858,CRS3035RES1000mN2019000E3154000,711789768,88.0
16859,CRS3035RES1000mN2019000E3154000,727666062,
16860,CRS3035RES1000mN2019000E3154000,848085869,44.0
16861,CRS3035RES1000mN2019000E3154000,1056098898,79.0
16862,CRS3035RES1000mN2019000E3154000,1255438242,117.0
16863,CRS3035RES1000mN2019000E3154000,1469985039,86.0
16864,CRS3035RES1000mN2019000E3154000,1504302537,95.0
16865,CRS3035RES1000mN2019000E3154000,1511617504,68.0
16866,CRS3035RES1000mN2019000E3154000,1541601287,95.0
16867,CRS3035RES1000mN2019000E3154000,1544591296,81.0
16868,CRS3035RES1000mN2019000E3154000,1598174183,83.0
16869,CRS3035RES1000mN2019000E3154000,1629887846,89.0
16870,CRS3035RES1000mN2019000E3154000,1686660176,85.0
16871,CRS3035RES1000mN2019000E3154000,1716927336,68.0
16872,CRS3035RES1000mN2019000E3154000,1734554324,92.0
16873,CRS3035RES1000mN2019000E3154000,1849109335,77.0
16874,CRS3035RES1000mN2019000E3154000,2028408680,79.0
16875,CRS3035RES1000mN2019000E3154000,2036887702,
16876,CRS3035RES1000mN2019000E3154000,2061404218,89.0
16877,CRS3035RES1000mN2019000E3154000,2134238030,94.0
16878,CRS3035RES1000mN2019000E3154000,2261600754,
16879,CRS3035RES1000mN2019000E3154000,2301402027,91.0
16880,CRS3035RES1000mN2019000E3154000,2303966810,70.0
16881,CRS3035RES1000mN2019000E3154000,2312029862,86.0
16882,CRS3035RES1000mN2019000E3154000,2408860250,102.0
16883,CRS3035RES1000mN2019000E3154000,2620185829,73.0
16884,CRS3035RES1000mN2019000E3154000,2622508931,75.0
16885,CRS3035RES1000mN2019000E3154000,2672130951,101.0
16886,CRS3035RES1000mN2019000E3154000,2710518818,85.0
16887,CRS3035RES1000mN2019000E3154000,3034026261,98.0
16888,CRS3035RES1000mN2019000E3154000,3179889751,113.0
16889,CRS3035RES1000mN2019000E3154000,3206611978,
16890,CRS3035RES1000mN2019000E3154000,3272828439,51.0
16891,CRS3035RES1000mN2019000E3154000,3452364276,88.0
16892,CRS3035RES1000mN2019000E3154000,3452364277,72.0
16893,CRS3035RES1000mN2019000E3154000,3495733197,
16894,CRS3035RES1000mN2019000E3154000,3497154853,
16895,CRS3035RES1000mN2019000E3154000,3517755445,
16896,CRS3035RES1000mN2019000E3154000,3522125657,
16897,CRS3035RES1000mN2019000E3154000,3526751794,
16898,CRS3035RES1000mN2019000E3154000,3839306060,86.0
16899,CRS3035RES1000mN2019000E3154000,4214697664,58.0
16900,CRS3035RES1000mN2019000E3154000,4338252586,
16901,CRS3035RES1000mN2019000E3154000,4401271633,99.0
16902,CRS3035RES1000mN2019000E3154000,4515476768,78.0
16903,CRS3035RES1000mN2019000E3154000,4569910891,63.0
16904,CRS3035RES1000mN2019000E3154000,4703730491,82.0
16905,CRS3035RES1000mN2019000E3154000,4707870392,78.0
16906,CRS3035RES1000mN2019000E3154000,4789037769,86.0
16907,CRS3035RES1000mN2019000E3154000,4794233143,
16908,CRS3035RES1000mN2019000E3154000,4870405674,60.0
16909,CRS3035RES1000mN2019000E3154000,5139379922,95.0
16910,CRS3035RES1000mN2019000E3154000,5160337425,72.0
16911,CRS3035RES1000mN2019000E3154000,5196199575,81.0
16912,CRS3035RES1000mN2019000E3154000,5341570554,62.0
16913,CRS3035RES1000mN2019000E3154000,5345949864,82.0
16914,CRS3035RES1000mN2019000E3154000,5448507385,
16915,CRS3035RES1000mN2019000E3154000,5604693894,
16916,CRS3035RES1000mN2019000E3154000,5670401989,
16917,CRS3035RES1000mN2019000E3154000,5942671299,84.0
16918,CRS3035RES1000mN2019000E3154000,5943980960,74.0
16919,CRS3035RES1000mN2019000E3154000,6185791451,
16920,CRS3035RES1000mN2019000E3154000,6188948286,90.0
16921,CRS3035RES1000mN2019000E3154000,6555800191,56.0
16922,CRS3035RES1000mN2019000E3154000,6885254479,84.0
16923,CRS3035RES1000mN2019000E3154000,7222611268,
16924,CRS3035RES1000mN2019000E3154000,7408961006,115.0
16925,CRS3035RES1000mN2019000E3154000,7619964683,
16926,CRS3035RES1000mN2019000E3154000,7836562695,112.0
16927,CRS3035RES1000mN2019000E3154000,8493729364,58.0
16928,CRS3035RES1000mN2019000E3154000,8557885377,103.0
16929,CRS3035RES1000mN2019000E3154000,8807212208,69.0
16930,CRS3035RES1000mN2019000E3154000,8844229173,72.0
16931,CRS3035RES1000mN2019000E3154000,8878422600,96.0
16932,CRS3035RES1000mN2019000E3154000,9595709188,76.0
16933,CRS3035RES1000mN2019000E3154000,9611387099,60.0
16934,CRS3035RES1000mN2019000E3154000,9712656915,69.0
16935,CRS3035RES1000mN2019000E3154000,9713142744,64.0
16936,CRS3035RES1000mN2019000E3154000,9815746657,
16937,CRS3035RES1000mN2019000E3154000,10004871512,86.0
16938,CRS3035RES1000mN2019000E3154000,10281174134,
16939,CRS3035RES1000mN2019000E3154000,10580337411,90.0
16940,CRS3035RES1000mN2019000E3154000,10899442604,48.0
16941,CRS3035RES1000mN2019000E3154000,10922657146,46.0
16942,CRS3035RES1000mN2019000E3154000,11127499928,98.0
16943,CRS3035RES1000mN2019000E3154000,11143725881,84.0
16944,CRS3035RES1000mN2019000E3154000,11243087140,91.0
16945,CRS3035RES1000mN2019000E3154000,11269399969,84.0
16946,CRS3035RES1000mN2019000E3154000,11287269362,90.0
16947,CRS3035RES1000mN2019000E3154000,11287269363,97.0
16948,CRS3035RES1000mN2019000E3154000,11369705764,96.0
16949,CRS3035RES1000mN2019000E3154000,11387776374,78.0
16950,CRS3035RES1000mN2019000E3154000,11461799040,
16951,CRS3035RES1000mN2019000E3154000,11462802981,66.0
16952,CRS3035RES1000mN2019000E3154000,11652077658,82.0
16953,CRS3035RES1000mN2019000E3154000,11691390164,72.0
16954,CRS3035RES1000mN2019000E3154000,11739757462,26.0
16955,CRS3035RES1000mN2019000E3154000,12178446726,57.0
16956,CRS3035RES1000mN2019000E3154000,12407425114,98.0
16957,CRS3035RES1000mN2019000E3154000,12865480228,87.0
16958,CRS3035RES1000mN2019000E3154000,2960630,65.0
16959,CRS3035RES1000mN2019000E3154000,3554044,74.0
16960,CRS3035RES1000mN2019000E3154000,3557906,25.0
16961,CRS3035RES1000mN2019000E3154000,5231361,78.0
16962,CRS3035RES1000mN2019000E3154000,9314566,99.0
16963,CRS3035RES1000mN2019000E3154000,13696257,105.0
16964,CRS3035RES1000mN2019000E3154000,15996131,76.0
16965,CRS3035RES1000mN2019000E3154000,23526191,77.0
16966,CRS3035RES1000mN2019000E3154000,23545719,81.0
16967,CRS3035RES1000mN2019000E3154000,30599279,35.0
16968,CRS3035RES1000mN2019000E3154000,30649229,75.0
16969,CRS3035RES1000mN2019000E3154000,32198651,
16970,CRS3035RES1000mN2019000E3154000,34945111,32.0
16971,CRS3035RES1000mN2019000E3154000,50170625,99.0
16972,CRS3035RES1000mN2019000E3154000,82887228,98.0
16973,CRS3035RES1000mN2019000E3154000,92484952,96.0
16974,CRS3035RES1000mN2019000E3154000,95794713,77.0
16975,CRS3035RES1000mN2019000E3154000,96418670,52.0
16976,CRS3035RES1000mN2019000E3154000,98502686,78.0
16977,CRS3035RES1000mN2019000E3154000,132613257,77.0
16978,CRS3035RES1000mN2019000E3154000,135036040,89.0
16979,CRS3035RES1000mN2019000E3154000,150772489,77.0
16980,CRS3035RES1000mN2019000E3154000,154118456,94.0
16981,CRS3035RES1000mN2019000E3154000,157375776,93.0
16982,CRS3035RES1000mN2019000E3154000,158211204,60.0
16983,CRS3035RES1000mN2019000E3154000,162072415,30.0
16984,CRS3035RES1000mN2019000E3154000,162117720,92.0
16985,CRS3035RES1000mN2019000E3154000,170487273,115.0
16986,CRS3035RES1000mN2019000E3154000,172686062,67.0
16987,CRS3035RES1000mN2019000E3154000,174318235,47.0
16988,CRS3035RES1000mN2019000E3154000,174318237,44.0
16989,CRS3035RES1000mN2019000E3154000,205060159,
16990,CRS3035RES1000mN2019000E3154000,205757163,
16991,CRS3035RES1000mN2019000E3154000,221095520,90.0
16992,CRS3035RES1000mN2019000E3154000,224503374,71.0
16993,CRS3035RES1000mN2019000E3154000,227333462,87.0
16994,CRS3035RES1000mN2019000E3154000,229117454,83.0
16995,CRS3035RES1000mN2019000E3154000,261460389,
16996,CRS3035RES1000mN2019000E3154000,283450022,64.0
16997,CRS3035RES1000mN2019000E3154000,288994040,53.0
16998,CRS3035RES1000mN2019000E3154000,296744564,119.0
16999,CRS3035RES1000mN2019000E3154000,297526406,96.0
17000,CRS3035RES1000mN2019000E3154000,300709861,63.0
17001,CRS3035RES1000mN2019000E3154000,301444634,
17002,CRS3035RES1000mN2019000E3154000,302721609,76.0
17003,CRS3035RES1000mN2019000E3154000,308195630,109.0
17004,CRS3035RES1000mN2019000E3154000,312777902,61.0
17005,CRS3035RES1000mN2019000E3154000,330154630,
17006,CRS3035RES1000mN2019000E3154000,340205456,75.0
17007,CRS3035RES1000mN2019000E3154000,367883612,96.0
17008,CRS3035RES1000mN2019000E3154000,368211943,94.0
17009,CRS3035RES1000mN2019000E3154000,374180360,92.0
17010,CRS3035RES1000mN2019000E3154000,375369499,88.0
17011,CRS3035RES1000mN2019000E3154000,383494544,77.0
17012,CRS3035RES1000mN2019000E3154000,384574591,26.0
17013,CRS3035RES1000mN2019000E3154000,403538322,113.0
17014,CRS3035RES1000mN2019000E3154000,403859503,75.0
17015,CRS3035RES1000mN2019000E3154000,437050442,50.0
17016,CRS3035RES1000mN2019000E3154000,459881697,88.0
17017,CRS3035RES1000mN2019000E3154000,477278425,
17018,CRS3035RES1000mN2019000E3154000,486879235,
17019,CRS3035RES1000mN2019000E3154000,493748377,31.0
17020,CRS3035RES1000mN2019000E3154000,498234201,48.0
17021,CRS3035RES1000mN2019000E3154000,504315026,88.0
17022,CRS3035RES1000mN2019000E3154000,548701490,80.0
17023,CRS3035RES1000mN2019000E3154000,574210084,91.0
17024,CRS3035RES1000mN2019000E3154000,576094143,30.0
17025,CRS3035RES1000mN2019000E3154000,584409067,99.0
17026,CRS3035RES1000mN2019000E3154000,635512756,96.0
17027,CRS3035RES1000mN2019000E3154000,638492224,107.0
17028,CRS3035RES1000mN2019000E3154000,653913062,98.0
17029,CRS3035RES1000mN2019000E3154000,659866770,
17030,CRS3035RES1000mN2019000E3154000,697717972,60.0
17031,CRS3035RES1000mN2019000E3154000,717194862,
17032,CRS3035RES1000mN2019000E3154000,736899303,
17033,CRS3035RES1000mN2019000E3154000,738042217,74.0
17034,CRS3035RES1000mN2019000E3154000,839611983,
17035,CRS3035RES1000mN2019000E3154000,957893520,55.0
17036,CRS3035RES1000mN2019000E3154000,963308110,86.0
17037,CRS3035RES1000mN2019000E3154000,1073283182,71.0
17038,CRS3035RES1000mN2019000E3154000,1252864015,83.0
17039,CRS3035RES1000mN2019000E3154000,1283203658,94.0
17040,CRS3035RES1000mN2019000E3155000,25526,42.0
17041,CRS3035RES1000mN2019000E3155000,1774,48.0
17042,CRS3035RES1000mN2019000E3155000,1770,77.0
17043,CRS3035RES1000mN2019000E3155000,1773,64.0
17044,CRS3035RES1000mN2019000E3155000,1771,62.0
17045,CRS3035RES1000mN2019000E3155000,123303,45.0
17046,CRS3035RES1000mN2019000E3155000,1764,56.0
17047,CRS3035RES1000mN2019000E3155000,181101,58.0
17048,CRS3035RES1000mN2019000E3155000,5765642,39.0
17049,CRS3035RES1000mN2019000E3155000,86719,36.0
17050,CRS3035RES1000mN2019000E3155000,1800,59.0
17051,CRS3035RES1000mN2019000E3155000,1757,52.0
17052,CRS3035RES1000mN2019000E3155000,1755,50.0
17053,CRS3035RES1000mN2019000E3155000,1882,60.0
17054,CRS3035RES1000mN2019000E3155000,1745,72.0
17055,CRS3035RES1000mN2019000E3155000,1794,69.0
17056,CRS3035RES1000mN2019000E3155000,1762,58.0
17057,CRS3035RES1000mN2019000E3155000,51188,64.0
17058,CRS3035RES1000mN2019000E3155000,6893633,55.0
17059,CRS3035RES1000mN2019000E3155000,167128,62.0
17060,CRS3035RES1000mN2019000E3155000,1760,66.0
17061,CRS3035RES1000mN2019000E3155000,12773298,34.0
17062,CRS3035RES1000mN2019000E3155000,1754,47.0
17063,CRS3035RES1000mN2019000E3155000,1748,56.0
17064,CRS3035RES1000mN2019000E3155000,79941,77.0
17065,CRS3035RES1000mN2019000E3155000,1750,70.0
17066,CRS3035RES1000mN2019000E3155000,5975465,52.0
17067,CRS3035RES1000mN2019000E3155000,115056,77.0
17068,CRS3035RES1000mN2019000E3155000,1790,72.0
17069,CRS3035RES1000mN2019000E3155000,1756,43.0
17070,CRS3035RES1000mN2019000E3155000,51849,62.0
17071,CRS3035RES1000mN2019000E3155000,185595,65.0
17072,CRS3035RES1000mN2019000E3155000,7697128,50.0
17073,CRS3035RES1000mN2019000E3155000,10395362,79.0
17074,CRS3035RES1000mN2019000E3155000,1759,67.0
17075,CRS3035RES1000mN2019000E3155000,1752,59.0
17076,CRS3035RES1000mN2019000E3155000,186714,65.0
17077,CRS3035RES1000mN2019000E3155000,1753,54.0
17078,CRS3035RES1000mN2019000E3155000,1792,52.0
17079,CRS3035RES1000mN2019000E3155000,1763,56.0
17080,CRS3035RES1000mN2019000E3155000,1746,69.0
17081,CRS3035RES1000mN2019000E3155000,11572165,48.0
17082,CRS3035RES1000mN2019000E3155000,1761,49.0
17083,CRS3035RES1000mN2019000E3155000,1747,62.0
17084,CRS3035RES1000mN2019000E3155000,5768564,51.0
17085,CRS3035RES1000mN2019000E3155000,1798,52.0
17086,CRS3035RES1000mN2019000E3155000,66904,73.0
17087,CRS3035RES1000mN2019000E3155000,1777,55.0
17088,CRS3035RES1000mN2019000E3155000,1765,60.0
17089,CRS3035RES1000mN2019000E3155000,49416,54.0
17090,CRS3035RES1000mN2019000E3155000,12734939,54.0
17091,CRS3035RES1000mN2019000E3155000,167386167,48.0
17092,CRS3035RES1000mN2019000E3155000,295933804,65.0
17093,CRS3035RES1000mN2019000E3155000,303340017,70.0
17094,CRS3035RES1000mN2019000E3155000,315355551,65.0
17095,CRS3035RES1000mN2019000E3155000,339084977,51.0
17096,CRS3035RES1000mN2019000E3155000,412911553,66.0
17097,CRS3035RES1000mN2019000E3155000,558126037,72.0
17098,CRS3035RES1000mN2019000E3155000,711789768,86.0
17099,CRS3035RES1000mN2019000E3155000,727666062,
17100,CRS3035RES1000mN2019000E3155000,848085869,42.0
17101,CRS3035RES1000mN2019000E3155000,1056098898,72.0
17102,CRS3035RES1000mN2019000E3155000,1255438242,111.0
17103,CRS3035RES1000mN2019000E3155000,1469985039,67.0
17104,CRS3035RES1000mN2019000E3155000,1504302537,91.0
17105,CRS3035RES1000mN2019000E3155000,1511617504,66.0
17106,CRS3035RES1000mN2019000E3155000,1541601287,93.0
17107,CRS3035RES1000mN2019000E3155000,1544591296,70.0
17108,CRS3035RES1000mN2019000E3155000,1598174183,80.0
17109,CRS3035RES1000mN2019000E3155000,1629887846,83.0
17110,CRS3035RES1000mN2019000E3155000,1686660176,79.0
17111,CRS3035RES1000mN2019000E3155000,1716927336,61.0
17112,CRS3035RES1000mN2019000E3155000,1734554324,92.0
17113,CRS3035RES1000mN2019000E3155000,1849109335,75.0
17114,CRS3035RES1000mN2019000E3155000,2028408680,74.0
17115,CRS3035RES1000mN2019000E3155000,2036887702,
17116,CRS3035RES1000mN2019000E3155000,2061404218,84.0
17117,CRS3035RES1000mN2019000E3155000,2134238030,94.0
17118,CRS3035RES1000mN2019000E3155000,2261600754,
17119,CRS3035RES1000mN2019000E3155000,2301402027,89.0
17120,CRS3035RES1000mN2019000E3155000,2303966810,67.0
17121,CRS3035RES1000mN2019000E3155000,2312029862,80.0
17122,CRS3035RES1000mN2019000E3155000,2408860250,100.0
17123,CRS3035RES1000mN2019000E3155000,2620185829,67.0
17124,CRS3035RES1000mN2019000E3155000,2622508931,69.0
17125,CRS3035RES1000mN2019000E3155000,2672130951,101.0
17126,CRS3035RES1000mN2019000E3155000,2710518818,81.0
17127,CRS3035RES1000mN2019000E3155000,3034026261,95.0
17128,CRS3035RES1000mN2019000E3155000,3179889751,106.0
17129,CRS3035RES1000mN2019000E3155000,3206611978,
17130,CRS3035RES1000mN2019000E3155000,3272828439,48.0
17131,CRS3035RES1000mN2019000E3155000,3452364276,83.0
17132,CRS3035RES1000mN2019000E3155000,3452364277,65.0
17133,CRS3035RES1000mN2019000E3155000,3495733197,
17134,CRS3035RES1000mN2019000E3155000,3497154853,
17135,CRS3035RES1000mN2019000E3155000,3517755445,
17136,CRS3035RES1000mN2019000E3155000,3522125657,
17137,CRS3035RES1000mN2019000E3155000,3526751794,88.0
17138,CRS3035RES1000mN2019000E3155000,3839306060,83.0
17139,CRS3035RES1000mN2019000E3155000,4214697664,54.0
17140,CRS3035RES1000mN2019000E3155000,4338252586,76.0
17141,CRS3035RES1000mN2019000E3155000,4401271633,98.0
17142,CRS3035RES1000mN2019000E3155000,4515476768,78.0
17143,CRS3035RES1000mN2019000E3155000,4569910891,54.0
17144,CRS3035RES1000mN2019000E3155000,4703730491,72.0
17145,CRS3035RES1000mN2019000E3155000,4707870392,68.0
17146,CRS3035RES1000mN2019000E3155000,4789037769,84.0
17147,CRS3035RES1000mN2019000E3155000,4794233143,119.0
17148,CRS3035RES1000mN2019000E3155000,4870405674,51.0
17149,CRS3035RES1000mN2019000E3155000,5139379922,84.0
17150,CRS3035RES1000mN2019000E3155000,5160337425,65.0
17151,CRS3035RES1000mN2019000E3155000,5196199575,78.0
17152,CRS3035RES1000mN2019000E3155000,5341570554,56.0
17153,CRS3035RES1000mN2019000E3155000,5345949864,80.0
17154,CRS3035RES1000mN2019000E3155000,5448507385,
17155,CRS3035RES1000mN2019000E3155000,5604693894,73.0
17156,CRS3035RES1000mN2019000E3155000,5670401989,
17157,CRS3035RES1000mN2019000E3155000,5942671299,80.0
17158,CRS3035RES1000mN2019000E3155000,5943980960,73.0
17159,CRS3035RES1000mN2019000E3155000,6185791451,
17160,CRS3035RES1000mN2019000E3155000,6188948286,72.0
17161,CRS3035RES1000mN2019000E3155000,6555800191,51.0
17162,CRS3035RES1000mN2019000E3155000,6885254479,75.0
17163,CRS3035RES1000mN2019000E3155000,7222611268,
17164,CRS3035RES1000mN2019000E3155000,7408961006,113.0
17165,CRS3035RES1000mN2019000E3155000,7619964683,113.0
17166,CRS3035RES1000mN2019000E3155000,7836562695,90.0
17167,CRS3035RES1000mN2019000E3155000,8493729364,49.0
17168,CRS3035RES1000mN2019000E3155000,8557885377,101.0
17169,CRS3035RES1000mN2019000E3155000,8807212208,59.0
17170,CRS3035RES1000mN2019000E3155000,8844229173,63.0
17171,CRS3035RES1000mN2019000E3155000,8878422600,89.0
17172,CRS3035RES1000mN2019000E3155000,9595709188,69.0
17173,CRS3035RES1000mN2019000E3155000,9611387099,51.0
17174,CRS3035RES1000mN2019000E3155000,9712656915,62.0
17175,CRS3035RES1000mN2019000E3155000,9713142744,57.0
17176,CRS3035RES1000mN2019000E3155000,9815746657,100.0
17177,CRS3035RES1000mN2019000E3155000,10004871512,82.0
17178,CRS3035RES1000mN2019000E3155000,10281174134,
17179,CRS3035RES1000mN2019000E3155000,10580337411,87.0
17180,CRS3035RES1000mN2019000E3155000,10899442604,44.0
17181,CRS3035RES1000mN2019000E3155000,10922657146,42.0
17182,CRS3035RES1000mN2019000E3155000,11127499928,87.0
17183,CRS3035RES1000mN2019000E3155000,11143725881,80.0
17184,CRS3035RES1000mN2019000E3155000,11243087140,83.0
17185,CRS3035RES1000mN2019000E3155000,11269399969,78.0
17186,CRS3035RES1000mN2019000E3155000,11287269362,88.0
17187,CRS3035RES1000mN2019000E3155000,11287269363,94.0
17188,CRS3035RES1000mN2019000E3155000,11369705764,93.0
17189,CRS3035RES1000mN2019000E3155000,11387776374,65.0
17190,CRS3035RES1000mN2019000E3155000,11461799040,
17191,CRS3035RES1000mN2019000E3155000,11462802981,49.0
17192,CRS3035RES1000mN2019000E3155000,11652077658,80.0
17193,CRS3035RES1000mN2019000E3155000,11691390164,66.0
17194,CRS3035RES1000mN2019000E3155000,11739757462,6.0
17195,CRS3035RES1000mN2019000E3155000,12178446726,53.0
17196,CRS3035RES1000mN2019000E3155000,12407425114,96.0
17197,CRS3035RES1000mN2019000E3155000,12865480228,84.0
17198,CRS3035RES1000mN2019000E3155000,2960630,61.0
17199,CRS3035RES1000mN2019000E3155000,3554044,66.0
17200,CRS3035RES1000mN2019000E3155000,3557906,15.0
17201,CRS3035RES1000mN2019000E3155000,5231361,72.0
17202,CRS3035RES1000mN2019000E3155000,9314566,88.0
17203,CRS3035RES1000mN2019000E3155000,13696257,94.0
17204,CRS3035RES1000mN2019000E3155000,15996131,72.0
17205,CRS3035RES1000mN2019000E3155000,23526191,71.0
17206,CRS3035RES1000mN2019000E3155000,23545719,74.0
17207,CRS3035RES1000mN2019000E3155000,30599279,28.0
17208,CRS3035RES1000mN2019000E3155000,30649229,70.0
17209,CRS3035RES1000mN2019000E3155000,32198651,
17210,CRS3035RES1000mN2019000E3155000,34945111,28.0
17211,CRS3035RES1000mN2019000E3155000,50170625,96.0
17212,CRS3035RES1000mN2019000E3155000,82887228,94.0
17213,CRS3035RES1000mN2019000E3155000,92484952,93.0
17214,CRS3035RES1000mN2019000E3155000,95794713,64.0
17215,CRS3035RES1000mN2019000E3155000,96418670,48.0
17216,CRS3035RES1000mN2019000E3155000,98502686,76.0
17217,CRS3035RES1000mN2019000E3155000,132613257,66.0
17218,CRS3035RES1000mN2019000E3155000,135036040,71.0
17219,CRS3035RES1000mN2019000E3155000,150772489,70.0
17220,CRS3035RES1000mN2019000E3155000,154118456,90.0
17221,CRS3035RES1000mN2019000E3155000,157375776,85.0
17222,CRS3035RES1000mN2019000E3155000,158211204,56.0
17223,CRS3035RES1000mN2019000E3155000,162072415,24.0
17224,CRS3035RES1000mN2019000E3155000,162117720,89.0
17225,CRS3035RES1000mN2019000E3155000,170487273,112.0
17226,CRS3035RES1000mN2019000E3155000,172686062,63.0
17227,CRS3035RES1000mN2019000E3155000,174318235,44.0
17228,CRS3035RES1000mN2019000E3155000,174318237,40.0
17229,CRS3035RES1000mN2019000E3155000,205060159,
17230,CRS3035RES1000mN2019000E3155000,205757163,
17231,CRS3035RES1000mN2019000E3155000,221095520,87.0
17232,CRS3035RES1000mN2019000E3155000,224503374,64.0
17233,CRS3035RES1000mN2019000E3155000,227333462,85.0
17234,CRS3035RES1000mN2019000E3155000,229117454,79.0
17235,CRS3035RES1000mN2019000E3155000,261460389,
17236,CRS3035RES1000mN2019000E3155000,283450022,55.0
17237,CRS3035RES1000mN2019000E3155000,288994040,43.0
17238,CRS3035RES1000mN2019000E3155000,296744564,113.0
17239,CRS3035RES1000mN2019000E3155000,297526406,77.0
17240,CRS3035RES1000mN2019000E3155000,300709861,60.0
17241,CRS3035RES1000mN2019000E3155000,301444634,
17242,CRS3035RES1000mN2019000E3155000,302721609,70.0
17243,CRS3035RES1000mN2019000E3155000,308195630,107.0
17244,CRS3035RES1000mN2019000E3155000,312777902,54.0
17245,CRS3035RES1000mN2019000E3155000,330154630,
17246,CRS3035RES1000mN2019000E3155000,340205456,68.0
17247,CRS3035RES1000mN2019000E3155000,367883612,92.0
17248,CRS3035RES1000mN2019000E3155000,368211943,91.0
17249,CRS3035RES1000mN2019000E3155000,374180360,90.0
17250,CRS3035RES1000mN2019000E3155000,375369499,84.0
17251,CRS3035RES1000mN2019000E3155000,383494544,70.0
17252,CRS3035RES1000mN2019000E3155000,384574591,23.0
17253,CRS3035RES1000mN2019000E3155000,403538322,111.0
17254,CRS3035RES1000mN2019000E3155000,403859503,68.0
17255,CRS3035RES1000mN2019000E3155000,437050442,44.0
17256,CRS3035RES1000mN2019000E3155000,459881697,86.0
17257,CRS3035RES1000mN2019000E3155000,477278425,
17258,CRS3035RES1000mN2019000E3155000,486879235,
17259,CRS3035RES1000mN2019000E3155000,493748377,23.0
17260,CRS3035RES1000mN2019000E3155000,498234201,42.0
17261,CRS3035RES1000mN2019000E3155000,504315026,85.0
17262,CRS3035RES1000mN2019000E3155000,548701490,80.0
17263,CRS3035RES1000mN2019000E3155000,574210084,89.0
17264,CRS3035RES1000mN2019000E3155000,576094143,30.0
17265,CRS3035RES1000mN2019000E3155000,584409067,83.0
17266,CRS3035RES1000mN2019000E3155000,635512756,76.0
17267,CRS3035RES1000mN2019000E3155000,638492224,105.0
17268,CRS3035RES1000mN2019000E3155000,653913062,85.0
17269,CRS3035RES1000mN2019000E3155000,659866770,76.0
17270,CRS3035RES1000mN2019000E3155000,697717972,57.0
17271,CRS3035RES1000mN2019000E3155000,717194862,102.0
17272,CRS3035RES1000mN2019000E3155000,736899303,118.0
17273,CRS3035RES1000mN2019000E3155000,738042217,50.0
17274,CRS3035RES1000mN2019000E3155000,839611983,114.0
17275,CRS3035RES1000mN2019000E3155000,957893520,46.0
17276,CRS3035RES1000mN2019000E3155000,963308110,68.0
17277,CRS3035RES1000mN2019000E3155000,1073283182,62.0
17278,CRS3035RES1000mN2019000E3155000,1252864015,81.0
17279,CRS3035RES1000mN2019000E3155000,1283203658,94.0
17280,CRS3035RES1000mN2019000E3156000,25526,52.0
17281,CRS3035RES1000mN2019000E3156000,1774,55.0
17282,CRS3035RES1000mN2019000E3156000,1770,82.0
17283,CRS3035RES1000mN2019000E3156000,1773,71.0
17284,CRS3035RES1000mN2019000E3156000,1771,68.0
17285,CRS3035RES1000mN2019000E3156000,123303,57.0
17286,CRS3035RES1000mN2019000E3156000,1764,62.0
17287,CRS3035RES1000mN2019000E3156000,181101,65.0
17288,CRS3035RES1000mN2019000E3156000,5765642,51.0
17289,CRS3035RES1000mN2019000E3156000,86719,43.0
17290,CRS3035RES1000mN2019000E3156000,1800,66.0
17291,CRS3035RES1000mN2019000E3156000,1757,62.0
17292,CRS3035RES1000mN2019000E3156000,1755,61.0
17293,CRS3035RES1000mN2019000E3156000,1882,66.0
17294,CRS3035RES1000mN2019000E3156000,1745,77.0
17295,CRS3035RES1000mN2019000E3156000,1794,76.0
17296,CRS3035RES1000mN2019000E3156000,1762,66.0
17297,CRS3035RES1000mN2019000E3156000,51188,69.0
17298,CRS3035RES1000mN2019000E3156000,6893633,62.0
17299,CRS3035RES1000mN2019000E3156000,167128,69.0
17300,CRS3035RES1000mN2019000E3156000,1760,72.0
17301,CRS3035RES1000mN2019000E3156000,12773298,41.0
17302,CRS3035RES1000mN2019000E3156000,1754,57.0
17303,CRS3035RES1000mN2019000E3156000,1748,63.0
17304,CRS3035RES1000mN2019000E3156000,79941,80.0
17305,CRS3035RES1000mN2019000E3156000,1750,75.0
17306,CRS3035RES1000mN2019000E3156000,5975465,58.0
17307,CRS3035RES1000mN2019000E3156000,115056,84.0
17308,CRS3035RES1000mN2019000E3156000,1790,76.0
17309,CRS3035RES1000mN2019000E3156000,1756,55.0
17310,CRS3035RES1000mN2019000E3156000,51849,69.0
17311,CRS3035RES1000mN2019000E3156000,185595,70.0
17312,CRS3035RES1000mN2019000E3156000,7697128,56.0
17313,CRS3035RES1000mN2019000E3156000,10395362,86.0
17314,CRS3035RES1000mN2019000E3156000,1759,72.0
17315,CRS3035RES1000mN2019000E3156000,1752,68.0
17316,CRS3035RES1000mN2019000E3156000,186714,71.0
17317,CRS3035RES1000mN2019000E3156000,1753,60.0
17318,CRS3035RES1000mN2019000E3156000,1792,59.0
17319,CRS3035RES1000mN2019000E3156000,1763,64.0
17320,CRS3035RES1000mN2019000E3156000,1746,75.0
17321,CRS3035RES1000mN2019000E3156000,11572165,55.0
17322,CRS3035RES1000mN2019000E3156000,1761,55.0
17323,CRS3035RES1000mN2019000E3156000,1747,68.0
17324,CRS3035RES1000mN2019000E3156000,5768564,61.0
17325,CRS3035RES1000mN2019000E3156000,1798,59.0
17326,CRS3035RES1000mN2019000E3156000,66904,77.0
17327,CRS3035RES1000mN2019000E3156000,1777,60.0
17328,CRS3035RES1000mN2019000E3156000,1765,68.0
17329,CRS3035RES1000mN2019000E3156000,49416,60.0
17330,CRS3035RES1000mN2019000E3156000,12734939,60.0
17331,CRS3035RES1000mN2019000E3156000,167386167,53.0
17332,CRS3035RES1000mN2019000E3156000,295933804,72.0
17333,CRS3035RES1000mN2019000E3156000,303340017,77.0
17334,CRS3035RES1000mN2019000E3156000,315355551,82.0
17335,CRS3035RES1000mN2019000E3156000,339084977,58.0
17336,CRS3035RES1000mN2019000E3156000,412911553,71.0
17337,CRS3035RES1000mN2019000E3156000,558126037,75.0
17338,CRS3035RES1000mN2019000E3156000,711789768,87.0
17339,CRS3035RES1000mN2019000E3156000,727666062,
17340,CRS3035RES1000mN2019000E3156000,848085869,44.0
17341,CRS3035RES1000mN2019000E3156000,1056098898,76.0
17342,CRS3035RES1000mN2019000E3156000,1255438242,115.0
17343,CRS3035RES1000mN2019000E3156000,1469985039,73.0
17344,CRS3035RES1000mN2019000E3156000,1504302537,98.0
17345,CRS3035RES1000mN2019000E3156000,1511617504,65.0
17346,CRS3035RES1000mN2019000E3156000,1541601287,99.0
17347,CRS3035RES1000mN2019000E3156000,1544591296,77.0
17348,CRS3035RES1000mN2019000E3156000,1598174183,83.0
17349,CRS3035RES1000mN2019000E3156000,1629887846,87.0
17350,CRS3035RES1000mN2019000E3156000,1686660176,86.0
17351,CRS3035RES1000mN2019000E3156000,1716927336,41.0
17352,CRS3035RES1000mN2019000E3156000,1734554324,92.0
17353,CRS3035RES1000mN2019000E3156000,1849109335,82.0
17354,CRS3035RES1000mN2019000E3156000,2028408680,76.0
17355,CRS3035RES1000mN2019000E3156000,2036887702,
17356,CRS3035RES1000mN2019000E3156000,2061404218,87.0
17357,CRS3035RES1000mN2019000E3156000,2134238030,94.0
17358,CRS3035RES1000mN2019000E3156000,2261600754,
17359,CRS3035RES1000mN2019000E3156000,2301402027,95.0
17360,CRS3035RES1000mN2019000E3156000,2303966810,68.0
17361,CRS3035RES1000mN2019000E3156000,2312029862,84.0
17362,CRS3035RES1000mN2019000E3156000,2408860250,107.0
17363,CRS3035RES1000mN2019000E3156000,2620185829,71.0
17364,CRS3035RES1000mN2019000E3156000,2622508931,75.0
17365,CRS3035RES1000mN2019000E3156000,2672130951,101.0
17366,CRS3035RES1000mN2019000E3156000,2710518818,88.0
17367,CRS3035RES1000mN2019000E3156000,3034026261,96.0
17368,CRS3035RES1000mN2019000E3156000,3179889751,117.0
17369,CRS3035RES1000mN2019000E3156000,3206611978,
17370,CRS3035RES1000mN2019000E3156000,3272828439,48.0
17371,CRS3035RES1000mN2019000E3156000,3452364276,88.0
17372,CRS3035RES1000mN2019000E3156000,3452364277,70.0
17373,CRS3035RES1000mN2019000E3156000,3495733197,
17374,CRS3035RES1000mN2019000E3156000,3497154853,
17375,CRS3035RES1000mN2019000E3156000,3517755445,
17376,CRS3035RES1000mN2019000E3156000,3522125657,
17377,CRS3035RES1000mN2019000E3156000,3526751794,93.0
17378,CRS3035RES1000mN2019000E3156000,3839306060,88.0
17379,CRS3035RES1000mN2019000E3156000,4214697664,64.0
17380,CRS3035RES1000mN2019000E3156000,4338252586,81.0
17381,CRS3035RES1000mN2019000E3156000,4401271633,98.0
17382,CRS3035RES1000mN2019000E3156000,4515476768,78.0
17383,CRS3035RES1000mN2019000E3156000,4569910891,60.0
17384,CRS3035RES1000mN2019000E3156000,4703730491,81.0
17385,CRS3035RES1000mN2019000E3156000,4707870392,78.0
17386,CRS3035RES1000mN2019000E3156000,4789037769,57.0
17387,CRS3035RES1000mN2019000E3156000,4794233143,
17388,CRS3035RES1000mN2019000E3156000,4870405674,62.0
17389,CRS3035RES1000mN2019000E3156000,5139379922,95.0
17390,CRS3035RES1000mN2019000E3156000,5160337425,70.0
17391,CRS3035RES1000mN2019000E3156000,5196199575,83.0
17392,CRS3035RES1000mN2019000E3156000,5341570554,62.0
17393,CRS3035RES1000mN2019000E3156000,5345949864,85.0
17394,CRS3035RES1000mN2019000E3156000,5448507385,
17395,CRS3035RES1000mN2019000E3156000,5604693894,78.0
17396,CRS3035RES1000mN2019000E3156000,5670401989,
17397,CRS3035RES1000mN2019000E3156000,5942671299,87.0
17398,CRS3035RES1000mN2019000E3156000,5943980960,71.0
17399,CRS3035RES1000mN2019000E3156000,6185791451,
17400,CRS3035RES1000mN2019000E3156000,6188948286,81.0
17401,CRS3035RES1000mN2019000E3156000,6555800191,52.0
17402,CRS3035RES1000mN2019000E3156000,6885254479,80.0
17403,CRS3035RES1000mN2019000E3156000,7222611268,
17404,CRS3035RES1000mN2019000E3156000,7408961006,118.0
17405,CRS3035RES1000mN2019000E3156000,7619964683,118.0
17406,CRS3035RES1000mN2019000E3156000,7836562695,95.0
17407,CRS3035RES1000mN2019000E3156000,8493729364,55.0
17408,CRS3035RES1000mN2019000E3156000,8557885377,108.0
17409,CRS3035RES1000mN2019000E3156000,8807212208,65.0
17410,CRS3035RES1000mN2019000E3156000,8844229173,68.0
17411,CRS3035RES1000mN2019000E3156000,8878422600,94.0
17412,CRS3035RES1000mN2019000E3156000,9595709188,75.0
17413,CRS3035RES1000mN2019000E3156000,9611387099,58.0
17414,CRS3035RES1000mN2019000E3156000,9712656915,68.0
17415,CRS3035RES1000mN2019000E3156000,9713142744,62.0
17416,CRS3035RES1000mN2019000E3156000,9815746657,
17417,CRS3035RES1000mN2019000E3156000,10004871512,85.0
17418,CRS3035RES1000mN2019000E3156000,10281174134,
17419,CRS3035RES1000mN2019000E3156000,10580337411,92.0
17420,CRS3035RES1000mN2019000E3156000,10899442604,45.0
17421,CRS3035RES1000mN2019000E3156000,10922657146,42.0
17422,CRS3035RES1000mN2019000E3156000,11127499928,94.0
17423,CRS3035RES1000mN2019000E3156000,11143725881,88.0
17424,CRS3035RES1000mN2019000E3156000,11243087140,88.0
17425,CRS3035RES1000mN2019000E3156000,11269399969,84.0
17426,CRS3035RES1000mN2019000E3156000,11287269362,90.0
17427,CRS3035RES1000mN2019000E3156000,11287269363,101.0
17428,CRS3035RES1000mN2019000E3156000,11369705764,98.0
17429,CRS3035RES1000mN2019000E3156000,11387776374,74.0
17430,CRS3035RES1000mN2019000E3156000,11461799040,
17431,CRS3035RES1000mN2019000E3156000,11462802981,55.0
17432,CRS3035RES1000mN2019000E3156000,11652077658,87.0
17433,CRS3035RES1000mN2019000E3156000,11691390164,71.0
17434,CRS3035RES1000mN2019000E3156000,11739757462,22.0
17435,CRS3035RES1000mN2019000E3156000,12178446726,64.0
17436,CRS3035RES1000mN2019000E3156000,12407425114,98.0
17437,CRS3035RES1000mN2019000E3156000,12865480228,89.0
17438,CRS3035RES1000mN2019000E3156000,2960630,62.0
17439,CRS3035RES1000mN2019000E3156000,3554044,67.0
17440,CRS3035RES1000mN2019000E3156000,3557906,24.0
17441,CRS3035RES1000mN2019000E3156000,5231361,78.0
17442,CRS3035RES1000mN2019000E3156000,9314566,97.0
17443,CRS3035RES1000mN2019000E3156000,13696257,101.0
17444,CRS3035RES1000mN2019000E3156000,15996131,78.0
17445,CRS3035RES1000mN2019000E3156000,23526191,78.0
17446,CRS3035RES1000mN2019000E3156000,23545719,79.0
17447,CRS3035RES1000mN2019000E3156000,30599279,34.0
17448,CRS3035RES1000mN2019000E3156000,30649229,75.0
17449,CRS3035RES1000mN2019000E3156000,32198651,
17450,CRS3035RES1000mN2019000E3156000,34945111,33.0
17451,CRS3035RES1000mN2019000E3156000,50170625,103.0
17452,CRS3035RES1000mN2019000E3156000,82887228,101.0
17453,CRS3035RES1000mN2019000E3156000,92484952,96.0
17454,CRS3035RES1000mN2019000E3156000,95794713,72.0
17455,CRS3035RES1000mN2019000E3156000,96418670,49.0
17456,CRS3035RES1000mN2019000E3156000,98502686,83.0
17457,CRS3035RES1000mN2019000E3156000,132613257,73.0
17458,CRS3035RES1000mN2019000E3156000,135036040,79.0
17459,CRS3035RES1000mN2019000E3156000,150772489,75.0
17460,CRS3035RES1000mN2019000E3156000,154118456,93.0
17461,CRS3035RES1000mN2019000E3156000,157375776,91.0
17462,CRS3035RES1000mN2019000E3156000,158211204,57.0
17463,CRS3035RES1000mN2019000E3156000,162072415,25.0
17464,CRS3035RES1000mN2019000E3156000,162117720,96.0
17465,CRS3035RES1000mN2019000E3156000,170487273,118.0
17466,CRS3035RES1000mN2019000E3156000,172686062,62.0
17467,CRS3035RES1000mN2019000E3156000,174318235,45.0
17468,CRS3035RES1000mN2019000E3156000,174318237,41.0
17469,CRS3035RES1000mN2019000E3156000,205060159,
17470,CRS3035RES1000mN2019000E3156000,205757163,
17471,CRS3035RES1000mN2019000E3156000,221095520,93.0
17472,CRS3035RES1000mN2019000E3156000,224503374,69.0
17473,CRS3035RES1000mN2019000E3156000,227333462,87.0
17474,CRS3035RES1000mN2019000E3156000,229117454,87.0
17475,CRS3035RES1000mN2019000E3156000,261460389,
17476,CRS3035RES1000mN2019000E3156000,283450022,61.0
17477,CRS3035RES1000mN2019000E3156000,288994040,50.0
17478,CRS3035RES1000mN2019000E3156000,296744564,117.0
17479,CRS3035RES1000mN2019000E3156000,297526406,83.0
17480,CRS3035RES1000mN2019000E3156000,300709861,61.0
17481,CRS3035RES1000mN2019000E3156000,301444634,
17482,CRS3035RES1000mN2019000E3156000,302721609,47.0
17483,CRS3035RES1000mN2019000E3156000,308195630,114.0
17484,CRS3035RES1000mN2019000E3156000,312777902,60.0
17485,CRS3035RES1000mN2019000E3156000,330154630,
17486,CRS3035RES1000mN2019000E3156000,340205456,73.0
17487,CRS3035RES1000mN2019000E3156000,367883612,98.0
17488,CRS3035RES1000mN2019000E3156000,368211943,98.0
17489,CRS3035RES1000mN2019000E3156000,374180360,92.0
17490,CRS3035RES1000mN2019000E3156000,375369499,87.0
17491,CRS3035RES1000mN2019000E3156000,383494544,74.0
17492,CRS3035RES1000mN2019000E3156000,384574591,29.0
17493,CRS3035RES1000mN2019000E3156000,403538322,113.0
17494,CRS3035RES1000mN2019000E3156000,403859503,73.0
17495,CRS3035RES1000mN2019000E3156000,437050442,50.0
17496,CRS3035RES1000mN2019000E3156000,459881697,88.0
17497,CRS3035RES1000mN2019000E3156000,477278425,
17498,CRS3035RES1000mN2019000E3156000,486879235,
17499,CRS3035RES1000mN2019000E3156000,493748377,31.0
17500,CRS3035RES1000mN2019000E3156000,498234201,48.0
17501,CRS3035RES1000mN2019000E3156000,504315026,90.0
17502,CRS3035RES1000mN2019000E3156000,548701490,80.0
17503,CRS3035RES1000mN2019000E3156000,574210084,96.0
17504,CRS3035RES1000mN2019000E3156000,576094143,34.0
17505,CRS3035RES1000mN2019000E3156000,584409067,97.0
17506,CRS3035RES1000mN2019000E3156000,635512756,83.0
17507,CRS3035RES1000mN2019000E3156000,638492224,110.0
17508,CRS3035RES1000mN2019000E3156000,653913062,92.0
17509,CRS3035RES1000mN2019000E3156000,659866770,82.0
17510,CRS3035RES1000mN2019000E3156000,697717972,55.0
17511,CRS3035RES1000mN2019000E3156000,717194862,107.0
17512,CRS3035RES1000mN2019000E3156000,736899303,
17513,CRS3035RES1000mN2019000E3156000,738042217,47.0
17514,CRS3035RES1000mN2019000E3156000,839611983,119.0
17515,CRS3035RES1000mN2019000E3156000,957893520,52.0
17516,CRS3035RES1000mN2019000E3156000,963308110,76.0
17517,CRS3035RES1000mN2019000E3156000,1073283182,44.0
17518,CRS3035RES1000mN2019000E3156000,1252864015,83.0
17519,CRS3035RES1000mN2019000E3156000,1283203658,94.0
17520,CRS3035RES1000mN2019000E3157000,25526,58.0
17521,CRS3035RES1000mN2019000E3157000,1774,56.0
17522,CRS3035RES1000mN2019000E3157000,1770,82.0
17523,CRS3035RES1000mN2019000E3157000,1773,72.0
17524,CRS3035RES1000mN2019000E3157000,1771,67.0
17525,CRS3035RES1000mN2019000E3157000,123303,62.0
17526,CRS3035RES1000mN2019000E3157000,1764,62.0
17527,CRS3035RES1000mN2019000E3157000,181101,73.0
17528,CRS3035RES1000mN2019000E3157000,5765642,52.0
17529,CRS3035RES1000mN2019000E3157000,86719,46.0
17530,CRS3035RES1000mN2019000E3157000,1800,66.0
17531,CRS3035RES1000mN2019000E3157000,1757,63.0
17532,CRS3035RES1000mN2019000E3157000,1755,64.0
17533,CRS3035RES1000mN2019000E3157000,1882,67.0
17534,CRS3035RES1000mN2019000E3157000,1745,76.0
17535,CRS3035RES1000mN2019000E3157000,1794,76.0
17536,CRS3035RES1000mN2019000E3157000,1762,67.0
17537,CRS3035RES1000mN2019000E3157000,51188,69.0
17538,CRS3035RES1000mN2019000E3157000,6893633,63.0
17539,CRS3035RES1000mN2019000E3157000,167128,76.0
17540,CRS3035RES1000mN2019000E3157000,1760,70.0
17541,CRS3035RES1000mN2019000E3157000,12773298,42.0
17542,CRS3035RES1000mN2019000E3157000,1754,60.0
17543,CRS3035RES1000mN2019000E3157000,1748,69.0
17544,CRS3035RES1000mN2019000E3157000,79941,78.0
17545,CRS3035RES1000mN2019000E3157000,1750,74.0
17546,CRS3035RES1000mN2019000E3157000,5975465,59.0
17547,CRS3035RES1000mN2019000E3157000,115056,84.0
17548,CRS3035RES1000mN2019000E3157000,1790,76.0
17549,CRS3035RES1000mN2019000E3157000,1756,56.0
17550,CRS3035RES1000mN2019000E3157000,51849,70.0
17551,CRS3035RES1000mN2019000E3157000,185595,68.0
17552,CRS3035RES1000mN2019000E3157000,7697128,57.0
17553,CRS3035RES1000mN2019000E3157000,10395362,88.0
17554,CRS3035RES1000mN2019000E3157000,1759,72.0
17555,CRS3035RES1000mN2019000E3157000,1752,69.0
17556,CRS3035RES1000mN2019000E3157000,186714,72.0
17557,CRS3035RES1000mN2019000E3157000,1753,61.0
17558,CRS3035RES1000mN2019000E3157000,1792,69.0
17559,CRS3035RES1000mN2019000E3157000,1763,67.0
17560,CRS3035RES1000mN2019000E3157000,1746,76.0
17561,CRS3035RES1000mN2019000E3157000,11572165,55.0
17562,CRS3035RES1000mN2019000E3157000,1761,56.0
17563,CRS3035RES1000mN2019000E3157000,1747,76.0
17564,CRS3035RES1000mN2019000E3157000,5768564,62.0
17565,CRS3035RES1000mN2019000E3157000,1798,62.0
17566,CRS3035RES1000mN2019000E3157000,66904,75.0
17567,CRS3035RES1000mN2019000E3157000,1777,60.0
17568,CRS3035RES1000mN2019000E3157000,1765,68.0
17569,CRS3035RES1000mN2019000E3157000,49416,70.0
17570,CRS3035RES1000mN2019000E3157000,12734939,70.0
17571,CRS3035RES1000mN2019000E3157000,167386167,53.0
17572,CRS3035RES1000mN2019000E3157000,295933804,73.0
17573,CRS3035RES1000mN2019000E3157000,303340017,98.0
17574,CRS3035RES1000mN2019000E3157000,315355551,84.0
17575,CRS3035RES1000mN2019000E3157000,339084977,59.0
17576,CRS3035RES1000mN2019000E3157000,412911553,70.0
17577,CRS3035RES1000mN2019000E3157000,558126037,78.0
17578,CRS3035RES1000mN2019000E3157000,711789768,88.0
17579,CRS3035RES1000mN2019000E3157000,727666062,
17580,CRS3035RES1000mN2019000E3157000,848085869,45.0
17581,CRS3035RES1000mN2019000E3157000,1056098898,73.0
17582,CRS3035RES1000mN2019000E3157000,1255438242,114.0
17583,CRS3035RES1000mN2019000E3157000,1469985039,84.0
17584,CRS3035RES1000mN2019000E3157000,1504302537,
17585,CRS3035RES1000mN2019000E3157000,1511617504,68.0
17586,CRS3035RES1000mN2019000E3157000,1541601287,98.0
17587,CRS3035RES1000mN2019000E3157000,1544591296,78.0
17588,CRS3035RES1000mN2019000E3157000,1598174183,80.0
17589,CRS3035RES1000mN2019000E3157000,1629887846,86.0
17590,CRS3035RES1000mN2019000E3157000,1686660176,86.0
17591,CRS3035RES1000mN2019000E3157000,1716927336,40.0
17592,CRS3035RES1000mN2019000E3157000,1734554324,93.0
17593,CRS3035RES1000mN2019000E3157000,1849109335,100.0
17594,CRS3035RES1000mN2019000E3157000,2028408680,76.0
17595,CRS3035RES1000mN2019000E3157000,2036887702,
17596,CRS3035RES1000mN2019000E3157000,2061404218,88.0
17597,CRS3035RES1000mN2019000E3157000,2134238030,95.0
17598,CRS3035RES1000mN2019000E3157000,2261600754,
17599,CRS3035RES1000mN2019000E3157000,2301402027,96.0
17600,CRS3035RES1000mN2019000E3157000,2303966810,68.0
17601,CRS3035RES1000mN2019000E3157000,2312029862,83.0
17602,CRS3035RES1000mN2019000E3157000,2408860250,115.0
17603,CRS3035RES1000mN2019000E3157000,2620185829,71.0
17604,CRS3035RES1000mN2019000E3157000,2622508931,75.0
17605,CRS3035RES1000mN2019000E3157000,2672130951,101.0
17606,CRS3035RES1000mN2019000E3157000,2710518818,99.0
17607,CRS3035RES1000mN2019000E3157000,3034026261,96.0
17608,CRS3035RES1000mN2019000E3157000,3179889751,
17609,CRS3035RES1000mN2019000E3157000,3206611978,
17610,CRS3035RES1000mN2019000E3157000,3272828439,48.0
17611,CRS3035RES1000mN2019000E3157000,3452364276,89.0
17612,CRS3035RES1000mN2019000E3157000,3452364277,70.0
17613,CRS3035RES1000mN2019000E3157000,3495733197,
17614,CRS3035RES1000mN2019000E3157000,3497154853,
17615,CRS3035RES1000mN2019000E3157000,3517755445,
17616,CRS3035RES1000mN2019000E3157000,3522125657,
17617,CRS3035RES1000mN2019000E3157000,3526751794,
17618,CRS3035RES1000mN2019000E3157000,3839306060,87.0
17619,CRS3035RES1000mN2019000E3157000,4214697664,65.0
17620,CRS3035RES1000mN2019000E3157000,4338252586,
17621,CRS3035RES1000mN2019000E3157000,4401271633,98.0
17622,CRS3035RES1000mN2019000E3157000,4515476768,78.0
17623,CRS3035RES1000mN2019000E3157000,4569910891,61.0
17624,CRS3035RES1000mN2019000E3157000,4703730491,83.0
17625,CRS3035RES1000mN2019000E3157000,4707870392,80.0
17626,CRS3035RES1000mN2019000E3157000,4789037769,56.0
17627,CRS3035RES1000mN2019000E3157000,4794233143,
17628,CRS3035RES1000mN2019000E3157000,4870405674,63.0
17629,CRS3035RES1000mN2019000E3157000,5139379922,97.0
17630,CRS3035RES1000mN2019000E3157000,5160337425,69.0
17631,CRS3035RES1000mN2019000E3157000,5196199575,83.0
17632,CRS3035RES1000mN2019000E3157000,5341570554,63.0
17633,CRS3035RES1000mN2019000E3157000,5345949864,102.0
17634,CRS3035RES1000mN2019000E3157000,5448507385,
17635,CRS3035RES1000mN2019000E3157000,5604693894,
17636,CRS3035RES1000mN2019000E3157000,5670401989,
17637,CRS3035RES1000mN2019000E3157000,5942671299,93.0
17638,CRS3035RES1000mN2019000E3157000,5943980960,73.0
17639,CRS3035RES1000mN2019000E3157000,6185791451,
17640,CRS3035RES1000mN2019000E3157000,6188948286,88.0
17641,CRS3035RES1000mN2019000E3157000,6555800191,51.0
17642,CRS3035RES1000mN2019000E3157000,6885254479,80.0
17643,CRS3035RES1000mN2019000E3157000,7222611268,
17644,CRS3035RES1000mN2019000E3157000,7408961006,
17645,CRS3035RES1000mN2019000E3157000,7619964683,
17646,CRS3035RES1000mN2019000E3157000,7836562695,110.0
17647,CRS3035RES1000mN2019000E3157000,8493729364,56.0
17648,CRS3035RES1000mN2019000E3157000,8557885377,
17649,CRS3035RES1000mN2019000E3157000,8807212208,66.0
17650,CRS3035RES1000mN2019000E3157000,8844229173,69.0
17651,CRS3035RES1000mN2019000E3157000,8878422600,95.0
17652,CRS3035RES1000mN2019000E3157000,9595709188,74.0
17653,CRS3035RES1000mN2019000E3157000,9611387099,59.0
17654,CRS3035RES1000mN2019000E3157000,9712656915,67.0
17655,CRS3035RES1000mN2019000E3157000,9713142744,62.0
17656,CRS3035RES1000mN2019000E3157000,9815746657,
17657,CRS3035RES1000mN2019000E3157000,10004871512,83.0
17658,CRS3035RES1000mN2019000E3157000,10281174134,
17659,CRS3035RES1000mN2019000E3157000,10580337411,91.0
17660,CRS3035RES1000mN2019000E3157000,10899442604,43.0
17661,CRS3035RES1000mN2019000E3157000,10922657146,41.0
17662,CRS3035RES1000mN2019000E3157000,11127499928,96.0
17663,CRS3035RES1000mN2019000E3157000,11143725881,94.0
17664,CRS3035RES1000mN2019000E3157000,11243087140,87.0
17665,CRS3035RES1000mN2019000E3157000,11269399969,83.0
17666,CRS3035RES1000mN2019000E3157000,11287269362,87.0
17667,CRS3035RES1000mN2019000E3157000,11287269363,107.0
17668,CRS3035RES1000mN2019000E3157000,11369705764,98.0
17669,CRS3035RES1000mN2019000E3157000,11387776374,76.0
17670,CRS3035RES1000mN2019000E3157000,11461799040,
17671,CRS3035RES1000mN2019000E3157000,11462802981,65.0
17672,CRS3035RES1000mN2019000E3157000,11652077658,98.0
17673,CRS3035RES1000mN2019000E3157000,11691390164,70.0
17674,CRS3035RES1000mN2019000E3157000,11739757462,31.0
17675,CRS3035RES1000mN2019000E3157000,12178446726,67.0
17676,CRS3035RES1000mN2019000E3157000,12407425114,97.0
17677,CRS3035RES1000mN2019000E3157000,12865480228,88.0
17678,CRS3035RES1000mN2019000E3157000,2960630,62.0
17679,CRS3035RES1000mN2019000E3157000,3554044,65.0
17680,CRS3035RES1000mN2019000E3157000,3557906,27.0
17681,CRS3035RES1000mN2019000E3157000,5231361,77.0
17682,CRS3035RES1000mN2019000E3157000,9314566,96.0
17683,CRS3035RES1000mN2019000E3157000,13696257,104.0
17684,CRS3035RES1000mN2019000E3157000,15996131,78.0
17685,CRS3035RES1000mN2019000E3157000,23526191,78.0
17686,CRS3035RES1000mN2019000E3157000,23545719,78.0
17687,CRS3035RES1000mN2019000E3157000,30599279,37.0
17688,CRS3035RES1000mN2019000E3157000,30649229,75.0
17689,CRS3035RES1000mN2019000E3157000,32198651,
17690,CRS3035RES1000mN2019000E3157000,34945111,32.0
17691,CRS3035RES1000mN2019000E3157000,50170625,118.0
17692,CRS3035RES1000mN2019000E3157000,82887228,103.0
17693,CRS3035RES1000mN2019000E3157000,92484952,94.0
17694,CRS3035RES1000mN2019000E3157000,95794713,78.0
17695,CRS3035RES1000mN2019000E3157000,96418670,48.0
17696,CRS3035RES1000mN2019000E3157000,98502686,85.0
17697,CRS3035RES1000mN2019000E3157000,132613257,80.0
17698,CRS3035RES1000mN2019000E3157000,135036040,87.0
17699,CRS3035RES1000mN2019000E3157000,150772489,74.0
17700,CRS3035RES1000mN2019000E3157000,154118456,90.0
17701,CRS3035RES1000mN2019000E3157000,157375776,91.0
17702,CRS3035RES1000mN2019000E3157000,158211204,56.0
17703,CRS3035RES1000mN2019000E3157000,162072415,28.0
17704,CRS3035RES1000mN2019000E3157000,162117720,99.0
17705,CRS3035RES1000mN2019000E3157000,170487273,
17706,CRS3035RES1000mN2019000E3157000,172686062,67.0
17707,CRS3035RES1000mN2019000E3157000,174318235,45.0
17708,CRS3035RES1000mN2019000E3157000,174318237,39.0
17709,CRS3035RES1000mN2019000E3157000,205060159,
17710,CRS3035RES1000mN2019000E3157000,205757163,
17711,CRS3035RES1000mN2019000E3157000,221095520,94.0
17712,CRS3035RES1000mN2019000E3157000,224503374,68.0
17713,CRS3035RES1000mN2019000E3157000,227333462,86.0
17714,CRS3035RES1000mN2019000E3157000,229117454,93.0
17715,CRS3035RES1000mN2019000E3157000,261460389,
17716,CRS3035RES1000mN2019000E3157000,283450022,60.0
17717,CRS3035RES1000mN2019000E3157000,288994040,51.0
17718,CRS3035RES1000mN2019000E3157000,296744564,116.0
17719,CRS3035RES1000mN2019000E3157000,297526406,94.0
17720,CRS3035RES1000mN2019000E3157000,300709861,61.0
17721,CRS3035RES1000mN2019000E3157000,301444634,
17722,CRS3035RES1000mN2019000E3157000,302721609,46.0
17723,CRS3035RES1000mN2019000E3157000,308195630,
17724,CRS3035RES1000mN2019000E3157000,312777902,62.0
17725,CRS3035RES1000mN2019000E3157000,330154630,
17726,CRS3035RES1000mN2019000E3157000,340205456,72.0
17727,CRS3035RES1000mN2019000E3157000,367883612,100.0
17728,CRS3035RES1000mN2019000E3157000,368211943,101.0
17729,CRS3035RES1000mN2019000E3157000,374180360,89.0
17730,CRS3035RES1000mN2019000E3157000,375369499,84.0
17731,CRS3035RES1000mN2019000E3157000,383494544,74.0
17732,CRS3035RES1000mN2019000E3157000,384574591,32.0
17733,CRS3035RES1000mN2019000E3157000,403538322,109.0
17734,CRS3035RES1000mN2019000E3157000,403859503,73.0
17735,CRS3035RES1000mN2019000E3157000,437050442,51.0
17736,CRS3035RES1000mN2019000E3157000,459881697,87.0
17737,CRS3035RES1000mN2019000E3157000,477278425,
17738,CRS3035RES1000mN2019000E3157000,486879235,
17739,CRS3035RES1000mN2019000E3157000,493748377,36.0
17740,CRS3035RES1000mN2019000E3157000,498234201,49.0
17741,CRS3035RES1000mN2019000E3157000,504315026,89.0
17742,CRS3035RES1000mN2019000E3157000,548701490,81.0
17743,CRS3035RES1000mN2019000E3157000,574210084,114.0
17744,CRS3035RES1000mN2019000E3157000,576094143,38.0
17745,CRS3035RES1000mN2019000E3157000,584409067,104.0
17746,CRS3035RES1000mN2019000E3157000,635512756,94.0
17747,CRS3035RES1000mN2019000E3157000,638492224,116.0
17748,CRS3035RES1000mN2019000E3157000,653913062,96.0
17749,CRS3035RES1000mN2019000E3157000,659866770,
17750,CRS3035RES1000mN2019000E3157000,697717972,58.0
17751,CRS3035RES1000mN2019000E3157000,717194862,
17752,CRS3035RES1000mN2019000E3157000,736899303,
17753,CRS3035RES1000mN2019000E3157000,738042217,46.0
17754,CRS3035RES1000mN2019000E3157000,839611983,
17755,CRS3035RES1000mN2019000E3157000,957893520,53.0
17756,CRS3035RES1000mN2019000E3157000,963308110,84.0
17757,CRS3035RES1000mN2019000E3157000,1073283182,43.0
17758,CRS3035RES1000mN2019000E3157000,1252864015,80.0
17759,CRS3035RES1000mN2019000E3157000,1283203658,94.0
17760,CRS3035RES1000mN2019000E3162000,25526,119.0
17761,CRS3035RES1000mN2019000E3162000,1774,97.0
17762,CRS3035RES1000mN2019000E3162000,1770,
17763,CRS3035RES1000mN2019000E3162000,1773,116.0
17764,CRS3035RES1000mN2019000E3162000,1771,113.0
17765,CRS3035RES1000mN2019000E3162000,123303,103.0
17766,CRS3035RES1000mN2019000E3162000,1764,107.0
17767,CRS3035RES1000mN2019000E3162000,181101,112.0
17768,CRS3035RES1000mN2019000E3162000,5765642,110.0
17769,CRS3035RES1000mN2019000E3162000,86719,84.0
17770,CRS3035RES1000mN2019000E3162000,1800,111.0
17771,CRS3035RES1000mN2019000E3162000,1757,115.0
17772,CRS3035RES1000mN2019000E3162000,1755,104.0
17773,CRS3035RES1000mN2019000E3162000,1882,111.0
17774,CRS3035RES1000mN2019000E3162000,1745,
17775,CRS3035RES1000mN2019000E3162000,1794,119.0
17776,CRS3035RES1000mN2019000E3162000,1762,106.0
17777,CRS3035RES1000mN2019000E3162000,51188,114.0
17778,CRS3035RES1000mN2019000E3162000,6893633,106.0
17779,CRS3035RES1000mN2019000E3162000,167128,113.0
17780,CRS3035RES1000mN2019000E3162000,1760,116.0
17781,CRS3035RES1000mN2019000E3162000,12773298,68.0
17782,CRS3035RES1000mN2019000E3162000,1754,92.0
17783,CRS3035RES1000mN2019000E3162000,1748,108.0
17784,CRS3035RES1000mN2019000E3162000,79941,
17785,CRS3035RES1000mN2019000E3162000,1750,
17786,CRS3035RES1000mN2019000E3162000,5975465,103.0
17787,CRS3035RES1000mN2019000E3162000,115056,
17788,CRS3035RES1000mN2019000E3162000,1790,
17789,CRS3035RES1000mN2019000E3162000,1756,107.0
17790,CRS3035RES1000mN2019000E3162000,51849,114.0
17791,CRS3035RES1000mN2019000E3162000,185595,116.0
17792,CRS3035RES1000mN2019000E3162000,7697128,101.0
17793,CRS3035RES1000mN2019000E3162000,10395362,
17794,CRS3035RES1000mN2019000E3162000,1759,117.0
17795,CRS3035RES1000mN2019000E3162000,1752,107.0
17796,CRS3035RES1000mN2019000E3162000,186714,116.0
17797,CRS3035RES1000mN2019000E3162000,1753,105.0
17798,CRS3035RES1000mN2019000E3162000,1792,103.0
17799,CRS3035RES1000mN2019000E3162000,1763,102.0
17800,CRS3035RES1000mN2019000E3162000,1746,
17801,CRS3035RES1000mN2019000E3162000,11572165,80.0
17802,CRS3035RES1000mN2019000E3162000,1761,100.0
17803,CRS3035RES1000mN2019000E3162000,1747,113.0
17804,CRS3035RES1000mN2019000E3162000,5768564,117.0
17805,CRS3035RES1000mN2019000E3162000,1798,104.0
17806,CRS3035RES1000mN2019000E3162000,66904,
17807,CRS3035RES1000mN2019000E3162000,1777,106.0
17808,CRS3035RES1000mN2019000E3162000,1765,109.0
17809,CRS3035RES1000mN2019000E3162000,49416,106.0
17810,CRS3035RES1000mN2019000E3162000,12734939,106.0
17811,CRS3035RES1000mN2019000E3162000,167386167,98.0
17812,CRS3035RES1000mN2019000E3162000,295933804,
17813,CRS3035RES1000mN2019000E3162000,303340017,118.0
17814,CRS3035RES1000mN2019000E3162000,315355551,
17815,CRS3035RES1000mN2019000E3162000,339084977,95.0
17816,CRS3035RES1000mN2019000E3162000,412911553,117.0
17817,CRS3035RES1000mN2019000E3162000,558126037,
17818,CRS3035RES1000mN2019000E3162000,711789768,
17819,CRS3035RES1000mN2019000E3162000,727666062,
17820,CRS3035RES1000mN2019000E3162000,848085869,110.0
17821,CRS3035RES1000mN2019000E3162000,1056098898,
17822,CRS3035RES1000mN2019000E3162000,1255438242,
17823,CRS3035RES1000mN2019000E3162000,1469985039,118.0
17824,CRS3035RES1000mN2019000E3162000,1504302537,
17825,CRS3035RES1000mN2019000E3162000,1511617504,
17826,CRS3035RES1000mN2019000E3162000,1541601287,
17827,CRS3035RES1000mN2019000E3162000,1544591296,
17828,CRS3035RES1000mN2019000E3162000,1598174183,
17829,CRS3035RES1000mN2019000E3162000,1629887846,
17830,CRS3035RES1000mN2019000E3162000,1686660176,
17831,CRS3035RES1000mN2019000E3162000,1716927336,100.0
17832,CRS3035RES1000mN2019000E3162000,1734554324,
17833,CRS3035RES1000mN2019000E3162000,1849109335,
17834,CRS3035RES1000mN2019000E3162000,2028408680,
17835,CRS3035RES1000mN2019000E3162000,2036887702,
17836,CRS3035RES1000mN2019000E3162000,2061404218,
17837,CRS3035RES1000mN2019000E3162000,2134238030,
17838,CRS3035RES1000mN2019000E3162000,2261600754,
17839,CRS3035RES1000mN2019000E3162000,2301402027,
17840,CRS3035RES1000mN2019000E3162000,2303966810,
17841,CRS3035RES1000mN2019000E3162000,2312029862,
17842,CRS3035RES1000mN2019000E3162000,2408860250,
17843,CRS3035RES1000mN2019000E3162000,2620185829,117.0
17844,CRS3035RES1000mN2019000E3162000,2622508931,
17845,CRS3035RES1000mN2019000E3162000,2672130951,
17846,CRS3035RES1000mN2019000E3162000,2710518818,
17847,CRS3035RES1000mN2019000E3162000,3034026261,
17848,CRS3035RES1000mN2019000E3162000,3179889751,
17849,CRS3035RES1000mN2019000E3162000,3206611978,
17850,CRS3035RES1000mN2019000E3162000,3272828439,118.0
17851,CRS3035RES1000mN2019000E3162000,3452364276,
17852,CRS3035RES1000mN2019000E3162000,3452364277,115.0
17853,CRS3035RES1000mN2019000E3162000,3495733197,
17854,CRS3035RES1000mN2019000E3162000,3497154853,
17855,CRS3035RES1000mN2019000E3162000,3517755445,
17856,CRS3035RES1000mN2019000E3162000,3522125657,
17857,CRS3035RES1000mN2019000E3162000,3526751794,
17858,CRS3035RES1000mN2019000E3162000,3839306060,
17859,CRS3035RES1000mN2019000E3162000,4214697664,112.0
17860,CRS3035RES1000mN2019000E3162000,4338252586,
17861,CRS3035RES1000mN2019000E3162000,4401271633,
17862,CRS3035RES1000mN2019000E3162000,4515476768,
17863,CRS3035RES1000mN2019000E3162000,4569910891,105.0
17864,CRS3035RES1000mN2019000E3162000,4703730491,
17865,CRS3035RES1000mN2019000E3162000,4707870392,
17866,CRS3035RES1000mN2019000E3162000,4789037769,116.0
17867,CRS3035RES1000mN2019000E3162000,4794233143,
17868,CRS3035RES1000mN2019000E3162000,4870405674,118.0
17869,CRS3035RES1000mN2019000E3162000,5139379922,
17870,CRS3035RES1000mN2019000E3162000,5160337425,116.0
17871,CRS3035RES1000mN2019000E3162000,5196199575,
17872,CRS3035RES1000mN2019000E3162000,5341570554,107.0
17873,CRS3035RES1000mN2019000E3162000,5345949864,
17874,CRS3035RES1000mN2019000E3162000,5448507385,
17875,CRS3035RES1000mN2019000E3162000,5604693894,
17876,CRS3035RES1000mN2019000E3162000,5670401989,
17877,CRS3035RES1000mN2019000E3162000,5942671299,
17878,CRS3035RES1000mN2019000E3162000,5943980960,
17879,CRS3035RES1000mN2019000E3162000,6185791451,
17880,CRS3035RES1000mN2019000E3162000,6188948286,
17881,CRS3035RES1000mN2019000E3162000,6555800191,
17882,CRS3035RES1000mN2019000E3162000,6885254479,
17883,CRS3035RES1000mN2019000E3162000,7222611268,
17884,CRS3035RES1000mN2019000E3162000,7408961006,
17885,CRS3035RES1000mN2019000E3162000,7619964683,
17886,CRS3035RES1000mN2019000E3162000,7836562695,
17887,CRS3035RES1000mN2019000E3162000,8493729364,100.0
17888,CRS3035RES1000mN2019000E3162000,8557885377,
17889,CRS3035RES1000mN2019000E3162000,8807212208,111.0
17890,CRS3035RES1000mN2019000E3162000,8844229173,114.0
17891,CRS3035RES1000mN2019000E3162000,8878422600,
17892,CRS3035RES1000mN2019000E3162000,9595709188,
17893,CRS3035RES1000mN2019000E3162000,9611387099,102.0
17894,CRS3035RES1000mN2019000E3162000,9712656915,113.0
17895,CRS3035RES1000mN2019000E3162000,9713142744,107.0
17896,CRS3035RES1000mN2019000E3162000,9815746657,
17897,CRS3035RES1000mN2019000E3162000,10004871512,
17898,CRS3035RES1000mN2019000E3162000,10281174134,
17899,CRS3035RES1000mN2019000E3162000,10580337411,
17900,CRS3035RES1000mN2019000E3162000,10899442604,113.0
17901,CRS3035RES1000mN2019000E3162000,10922657146,111.0
17902,CRS3035RES1000mN2019000E3162000,11127499928,
17903,CRS3035RES1000mN2019000E3162000,11143725881,
17904,CRS3035RES1000mN2019000E3162000,11243087140,
17905,CRS3035RES1000mN2019000E3162000,11269399969,
17906,CRS3035RES1000mN2019000E3162000,11287269362,
17907,CRS3035RES1000mN2019000E3162000,11287269363,
17908,CRS3035RES1000mN2019000E3162000,11369705764,
17909,CRS3035RES1000mN2019000E3162000,11387776374,117.0
17910,CRS3035RES1000mN2019000E3162000,11461799040,
17911,CRS3035RES1000mN2019000E3162000,11462802981,100.0
17912,CRS3035RES1000mN2019000E3162000,11652077658,
17913,CRS3035RES1000mN2019000E3162000,11691390164,116.0
17914,CRS3035RES1000mN2019000E3162000,11739757462,95.0
17915,CRS3035RES1000mN2019000E3162000,12178446726,112.0
17916,CRS3035RES1000mN2019000E3162000,12407425114,
17917,CRS3035RES1000mN2019000E3162000,12865480228,
17918,CRS3035RES1000mN2019000E3162000,2960630,
17919,CRS3035RES1000mN2019000E3162000,3554044,
17920,CRS3035RES1000mN2019000E3162000,3557906,98.0
17921,CRS3035RES1000mN2019000E3162000,5231361,
17922,CRS3035RES1000mN2019000E3162000,9314566,
17923,CRS3035RES1000mN2019000E3162000,13696257,
17924,CRS3035RES1000mN2019000E3162000,15996131,
17925,CRS3035RES1000mN2019000E3162000,23526191,
17926,CRS3035RES1000mN2019000E3162000,23545719,
17927,CRS3035RES1000mN2019000E3162000,30599279,105.0
17928,CRS3035RES1000mN2019000E3162000,30649229,118.0
17929,CRS3035RES1000mN2019000E3162000,32198651,
17930,CRS3035RES1000mN2019000E3162000,34945111,101.0
17931,CRS3035RES1000mN2019000E3162000,50170625,
17932,CRS3035RES1000mN2019000E3162000,82887228,
17933,CRS3035RES1000mN2019000E3162000,92484952,
17934,CRS3035RES1000mN2019000E3162000,95794713,116.0
17935,CRS3035RES1000mN2019000E3162000,96418670,117.0
17936,CRS3035RES1000mN2019000E3162000,98502686,
17937,CRS3035RES1000mN2019000E3162000,132613257,118.0
17938,CRS3035RES1000mN2019000E3162000,135036040,
17939,CRS3035RES1000mN2019000E3162000,150772489,
17940,CRS3035RES1000mN2019000E3162000,154118456,
17941,CRS3035RES1000mN2019000E3162000,157375776,
17942,CRS3035RES1000mN2019000E3162000,158211204,
17943,CRS3035RES1000mN2019000E3162000,162072415,96.0
17944,CRS3035RES1000mN2019000E3162000,162117720,
17945,CRS3035RES1000mN2019000E3162000,170487273,
17946,CRS3035RES1000mN2019000E3162000,172686062,
17947,CRS3035RES1000mN2019000E3162000,174318235,113.0
17948,CRS3035RES1000mN2019000E3162000,174318237,109.0
17949,CRS3035RES1000mN2019000E3162000,205060159,
17950,CRS3035RES1000mN2019000E3162000,205757163,
17951,CRS3035RES1000mN2019000E3162000,221095520,
17952,CRS3035RES1000mN2019000E3162000,224503374,114.0
17953,CRS3035RES1000mN2019000E3162000,227333462,118.0
17954,CRS3035RES1000mN2019000E3162000,229117454,
17955,CRS3035RES1000mN2019000E3162000,261460389,
17956,CRS3035RES1000mN2019000E3162000,283450022,106.0
17957,CRS3035RES1000mN2019000E3162000,288994040,95.0
17958,CRS3035RES1000mN2019000E3162000,296744564,
17959,CRS3035RES1000mN2019000E3162000,297526406,
17960,CRS3035RES1000mN2019000E3162000,300709861,
17961,CRS3035RES1000mN2019000E3162000,301444634,
17962,CRS3035RES1000mN2019000E3162000,302721609,106.0
17963,CRS3035RES1000mN2019000E3162000,308195630,
17964,CRS3035RES1000mN2019000E3162000,312777902,105.0
17965,CRS3035RES1000mN2019000E3162000,330154630,
17966,CRS3035RES1000mN2019000E3162000,340205456,119.0
17967,CRS3035RES1000mN2019000E3162000,367883612,
17968,CRS3035RES1000mN2019000E3162000,368211943,
17969,CRS3035RES1000mN2019000E3162000,374180360,
17970,CRS3035RES1000mN2019000E3162000,375369499,
17971,CRS3035RES1000mN2019000E3162000,383494544,
17972,CRS3035RES1000mN2019000E3162000,384574591,99.0
17973,CRS3035RES1000mN2019000E3162000,403538322,
17974,CRS3035RES1000mN2019000E3162000,403859503,119.0
17975,CRS3035RES1000mN2019000E3162000,437050442,112.0
17976,CRS3035RES1000mN2019000E3162000,459881697,119.0
17977,CRS3035RES1000mN2019000E3162000,477278425,
17978,CRS3035RES1000mN2019000E3162000,486879235,
17979,CRS3035RES1000mN2019000E3162000,493748377,98.0
17980,CRS3035RES1000mN2019000E3162000,498234201,110.0
17981,CRS3035RES1000mN2019000E3162000,504315026,
17982,CRS3035RES1000mN2019000E3162000,548701490,
17983,CRS3035RES1000mN2019000E3162000,574210084,
17984,CRS3035RES1000mN2019000E3162000,576094143,107.0
17985,CRS3035RES1000mN2019000E3162000,584409067,
17986,CRS3035RES1000mN2019000E3162000,635512756,
17987,CRS3035RES1000mN2019000E3162000,638492224,
17988,CRS3035RES1000mN2019000E3162000,653913062,
17989,CRS3035RES1000mN2019000E3162000,659866770,
17990,CRS3035RES1000mN2019000E3162000,697717972,
17991,CRS3035RES1000mN2019000E3162000,717194862,
17992,CRS3035RES1000mN2019000E3162000,736899303,
17993,CRS3035RES1000mN2019000E3162000,738042217,106.0
17994,CRS3035RES1000mN2019000E3162000,839611983,
17995,CRS3035RES1000mN2019000E3162000,957893520,96.0
17996,CRS3035RES1000mN2019000E3162000,963308110,119.0
17997,CRS3035RES1000mN2019000E3162000,1073283182,103.0
17998,CRS3035RES1000mN2019000E3162000,1252864015,
17999,CRS3035RES1000mN2019000E3162000,1283203658,
18000,CRS3035RES1000mN2020000E3155000,25526,45.0
18001,CRS3035RES1000mN2020000E3155000,1774,48.0
18002,CRS3035RES1000mN2020000E3155000,1770,81.0
18003,CRS3035RES1000mN2020000E3155000,1773,67.0
18004,CRS3035RES1000mN2020000E3155000,1771,64.0
18005,CRS3035RES1000mN2020000E3155000,123303,44.0
18006,CRS3035RES1000mN2020000E3155000,1764,60.0
18007,CRS3035RES1000mN2020000E3155000,181101,62.0
18008,CRS3035RES1000mN2020000E3155000,5765642,40.0
18009,CRS3035RES1000mN2020000E3155000,86719,37.0
18010,CRS3035RES1000mN2020000E3155000,1800,65.0
18011,CRS3035RES1000mN2020000E3155000,1757,53.0
18012,CRS3035RES1000mN2020000E3155000,1755,48.0
18013,CRS3035RES1000mN2020000E3155000,1882,63.0
18014,CRS3035RES1000mN2020000E3155000,1745,71.0
18015,CRS3035RES1000mN2020000E3155000,1794,70.0
18016,CRS3035RES1000mN2020000E3155000,1762,57.0
18017,CRS3035RES1000mN2020000E3155000,51188,68.0
18018,CRS3035RES1000mN2020000E3155000,6893633,58.0
18019,CRS3035RES1000mN2020000E3155000,167128,63.0
18020,CRS3035RES1000mN2020000E3155000,1760,68.0
18021,CRS3035RES1000mN2020000E3155000,12773298,39.0
18022,CRS3035RES1000mN2020000E3155000,1754,44.0
18023,CRS3035RES1000mN2020000E3155000,1748,61.0
18024,CRS3035RES1000mN2020000E3155000,79941,77.0
18025,CRS3035RES1000mN2020000E3155000,1750,74.0
18026,CRS3035RES1000mN2020000E3155000,5975465,56.0
18027,CRS3035RES1000mN2020000E3155000,115056,79.0
18028,CRS3035RES1000mN2020000E3155000,1790,75.0
18029,CRS3035RES1000mN2020000E3155000,1756,45.0
18030,CRS3035RES1000mN2020000E3155000,51849,64.0
18031,CRS3035RES1000mN2020000E3155000,185595,69.0
18032,CRS3035RES1000mN2020000E3155000,7697128,55.0
18033,CRS3035RES1000mN2020000E3155000,10395362,83.0
18034,CRS3035RES1000mN2020000E3155000,1759,70.0
18035,CRS3035RES1000mN2020000E3155000,1752,59.0
18036,CRS3035RES1000mN2020000E3155000,186714,67.0
18037,CRS3035RES1000mN2020000E3155000,1753,59.0
18038,CRS3035RES1000mN2020000E3155000,1792,56.0
18039,CRS3035RES1000mN2020000E3155000,1763,54.0
18040,CRS3035RES1000mN2020000E3155000,1746,71.0
18041,CRS3035RES1000mN2020000E3155000,11572165,50.0
18042,CRS3035RES1000mN2020000E3155000,1761,54.0
18043,CRS3035RES1000mN2020000E3155000,1747,65.0
18044,CRS3035RES1000mN2020000E3155000,5768564,51.0
18045,CRS3035RES1000mN2020000E3155000,1798,50.0
18046,CRS3035RES1000mN2020000E3155000,66904,76.0
18047,CRS3035RES1000mN2020000E3155000,1777,59.0
18048,CRS3035RES1000mN2020000E3155000,1765,60.0
18049,CRS3035RES1000mN2020000E3155000,49416,58.0
18050,CRS3035RES1000mN2020000E3155000,12734939,58.0
18051,CRS3035RES1000mN2020000E3155000,167386167,52.0
18052,CRS3035RES1000mN2020000E3155000,295933804,70.0
18053,CRS3035RES1000mN2020000E3155000,303340017,73.0
18054,CRS3035RES1000mN2020000E3155000,315355551,68.0
18055,CRS3035RES1000mN2020000E3155000,339084977,51.0
18056,CRS3035RES1000mN2020000E3155000,412911553,69.0
18057,CRS3035RES1000mN2020000E3155000,558126037,71.0
18058,CRS3035RES1000mN2020000E3155000,711789768,83.0
18059,CRS3035RES1000mN2020000E3155000,727666062,
18060,CRS3035RES1000mN2020000E3155000,848085869,34.0
18061,CRS3035RES1000mN2020000E3155000,1056098898,76.0
18062,CRS3035RES1000mN2020000E3155000,1255438242,109.0
18063,CRS3035RES1000mN2020000E3155000,1469985039,71.0
18064,CRS3035RES1000mN2020000E3155000,1504302537,96.0
18065,CRS3035RES1000mN2020000E3155000,1511617504,57.0
18066,CRS3035RES1000mN2020000E3155000,1541601287,95.0
18067,CRS3035RES1000mN2020000E3155000,1544591296,75.0
18068,CRS3035RES1000mN2020000E3155000,1598174183,81.0
18069,CRS3035RES1000mN2020000E3155000,1629887846,86.0
18070,CRS3035RES1000mN2020000E3155000,1686660176,80.0
18071,CRS3035RES1000mN2020000E3155000,1716927336,41.0
18072,CRS3035RES1000mN2020000E3155000,1734554324,92.0
18073,CRS3035RES1000mN2020000E3155000,1849109335,78.0
18074,CRS3035RES1000mN2020000E3155000,2028408680,71.0
18075,CRS3035RES1000mN2020000E3155000,2036887702,
18076,CRS3035RES1000mN2020000E3155000,2061404218,87.0
18077,CRS3035RES1000mN2020000E3155000,2134238030,94.0
18078,CRS3035RES1000mN2020000E3155000,2261600754,
18079,CRS3035RES1000mN2020000E3155000,2301402027,89.0
18080,CRS3035RES1000mN2020000E3155000,2303966810,67.0
18081,CRS3035RES1000mN2020000E3155000,2312029862,83.0
18082,CRS3035RES1000mN2020000E3155000,2408860250,103.0
18083,CRS3035RES1000mN2020000E3155000,2620185829,70.0
18084,CRS3035RES1000mN2020000E3155000,2622508931,69.0
18085,CRS3035RES1000mN2020000E3155000,2672130951,101.0
18086,CRS3035RES1000mN2020000E3155000,2710518818,84.0
18087,CRS3035RES1000mN2020000E3155000,3034026261,93.0
18088,CRS3035RES1000mN2020000E3155000,3179889751,106.0
18089,CRS3035RES1000mN2020000E3155000,3206611978,
18090,CRS3035RES1000mN2020000E3155000,3272828439,46.0
18091,CRS3035RES1000mN2020000E3155000,3452364276,84.0
18092,CRS3035RES1000mN2020000E3155000,3452364277,67.0
18093,CRS3035RES1000mN2020000E3155000,3495733197,
18094,CRS3035RES1000mN2020000E3155000,3497154853,
18095,CRS3035RES1000mN2020000E3155000,3517755445,
18096,CRS3035RES1000mN2020000E3155000,3522125657,
18097,CRS3035RES1000mN2020000E3155000,3526751794,92.0
18098,CRS3035RES1000mN2020000E3155000,3839306060,83.0
18099,CRS3035RES1000mN2020000E3155000,4214697664,54.0
18100,CRS3035RES1000mN2020000E3155000,4338252586,80.0
18101,CRS3035RES1000mN2020000E3155000,4401271633,98.0
18102,CRS3035RES1000mN2020000E3155000,4515476768,78.0
18103,CRS3035RES1000mN2020000E3155000,4569910891,59.0
18104,CRS3035RES1000mN2020000E3155000,4703730491,75.0
18105,CRS3035RES1000mN2020000E3155000,4707870392,70.0
18106,CRS3035RES1000mN2020000E3155000,4789037769,57.0
18107,CRS3035RES1000mN2020000E3155000,4794233143,
18108,CRS3035RES1000mN2020000E3155000,4870405674,52.0
18109,CRS3035RES1000mN2020000E3155000,5139379922,86.0
18110,CRS3035RES1000mN2020000E3155000,5160337425,68.0
18111,CRS3035RES1000mN2020000E3155000,5196199575,79.0
18112,CRS3035RES1000mN2020000E3155000,5341570554,58.0
18113,CRS3035RES1000mN2020000E3155000,5345949864,83.0
18114,CRS3035RES1000mN2020000E3155000,5448507385,
18115,CRS3035RES1000mN2020000E3155000,5604693894,77.0
18116,CRS3035RES1000mN2020000E3155000,5670401989,
18117,CRS3035RES1000mN2020000E3155000,5942671299,83.0
18118,CRS3035RES1000mN2020000E3155000,5943980960,71.0
18119,CRS3035RES1000mN2020000E3155000,6185791451,
18120,CRS3035RES1000mN2020000E3155000,6188948286,78.0
18121,CRS3035RES1000mN2020000E3155000,6555800191,49.0
18122,CRS3035RES1000mN2020000E3155000,6885254479,79.0
18123,CRS3035RES1000mN2020000E3155000,7222611268,
18124,CRS3035RES1000mN2020000E3155000,7408961006,116.0
18125,CRS3035RES1000mN2020000E3155000,7619964683,117.0
18126,CRS3035RES1000mN2020000E3155000,7836562695,93.0
18127,CRS3035RES1000mN2020000E3155000,8493729364,54.0
18128,CRS3035RES1000mN2020000E3155000,8557885377,104.0
18129,CRS3035RES1000mN2020000E3155000,8807212208,64.0
18130,CRS3035RES1000mN2020000E3155000,8844229173,67.0
18131,CRS3035RES1000mN2020000E3155000,8878422600,92.0
18132,CRS3035RES1000mN2020000E3155000,9595709188,73.0
18133,CRS3035RES1000mN2020000E3155000,9611387099,56.0
18134,CRS3035RES1000mN2020000E3155000,9712656915,63.0
18135,CRS3035RES1000mN2020000E3155000,9713142744,61.0
18136,CRS3035RES1000mN2020000E3155000,9815746657,104.0
18137,CRS3035RES1000mN2020000E3155000,10004871512,84.0
18138,CRS3035RES1000mN2020000E3155000,10281174134,
18139,CRS3035RES1000mN2020000E3155000,10580337411,87.0
18140,CRS3035RES1000mN2020000E3155000,10899442604,42.0
18141,CRS3035RES1000mN2020000E3155000,10922657146,39.0
18142,CRS3035RES1000mN2020000E3155000,11127499928,92.0
18143,CRS3035RES1000mN2020000E3155000,11143725881,80.0
18144,CRS3035RES1000mN2020000E3155000,11243087140,87.0
18145,CRS3035RES1000mN2020000E3155000,11269399969,79.0
18146,CRS3035RES1000mN2020000E3155000,11287269362,89.0
18147,CRS3035RES1000mN2020000E3155000,11287269363,94.0
18148,CRS3035RES1000mN2020000E3155000,11369705764,93.0
18149,CRS3035RES1000mN2020000E3155000,11387776374,70.0
18150,CRS3035RES1000mN2020000E3155000,11461799040,
18151,CRS3035RES1000mN2020000E3155000,11462802981,53.0
18152,CRS3035RES1000mN2020000E3155000,11652077658,83.0
18153,CRS3035RES1000mN2020000E3155000,11691390164,68.0
18154,CRS3035RES1000mN2020000E3155000,11739757462,23.0
18155,CRS3035RES1000mN2020000E3155000,12178446726,53.0
18156,CRS3035RES1000mN2020000E3155000,12407425114,97.0
18157,CRS3035RES1000mN2020000E3155000,12865480228,84.0
18158,CRS3035RES1000mN2020000E3155000,2960630,57.0
18159,CRS3035RES1000mN2020000E3155000,3554044,63.0
18160,CRS3035RES1000mN2020000E3155000,3557906,26.0
18161,CRS3035RES1000mN2020000E3155000,5231361,74.0
18162,CRS3035RES1000mN2020000E3155000,9314566,83.0
18163,CRS3035RES1000mN2020000E3155000,13696257,99.0
18164,CRS3035RES1000mN2020000E3155000,15996131,71.0
18165,CRS3035RES1000mN2020000E3155000,23526191,71.0
18166,CRS3035RES1000mN2020000E3155000,23545719,78.0
18167,CRS3035RES1000mN2020000E3155000,30599279,28.0
18168,CRS3035RES1000mN2020000E3155000,30649229,70.0
18169,CRS3035RES1000mN2020000E3155000,32198651,
18170,CRS3035RES1000mN2020000E3155000,34945111,30.0
18171,CRS3035RES1000mN2020000E3155000,50170625,96.0
18172,CRS3035RES1000mN2020000E3155000,82887228,95.0
18173,CRS3035RES1000mN2020000E3155000,92484952,94.0
18174,CRS3035RES1000mN2020000E3155000,95794713,68.0
18175,CRS3035RES1000mN2020000E3155000,96418670,46.0
18176,CRS3035RES1000mN2020000E3155000,98502686,79.0
18177,CRS3035RES1000mN2020000E3155000,132613257,70.0
18178,CRS3035RES1000mN2020000E3155000,135036040,75.0
18179,CRS3035RES1000mN2020000E3155000,150772489,73.0
18180,CRS3035RES1000mN2020000E3155000,154118456,89.0
18181,CRS3035RES1000mN2020000E3155000,157375776,90.0
18182,CRS3035RES1000mN2020000E3155000,158211204,52.0
18183,CRS3035RES1000mN2020000E3155000,162072415,18.0
18184,CRS3035RES1000mN2020000E3155000,162117720,91.0
18185,CRS3035RES1000mN2020000E3155000,170487273,114.0
18186,CRS3035RES1000mN2020000E3155000,172686062,54.0
18187,CRS3035RES1000mN2020000E3155000,174318235,37.0
18188,CRS3035RES1000mN2020000E3155000,174318237,37.0
18189,CRS3035RES1000mN2020000E3155000,205060159,
18190,CRS3035RES1000mN2020000E3155000,205757163,
18191,CRS3035RES1000mN2020000E3155000,221095520,87.0
18192,CRS3035RES1000mN2020000E3155000,224503374,65.0
18193,CRS3035RES1000mN2020000E3155000,227333462,87.0
18194,CRS3035RES1000mN2020000E3155000,229117454,79.0
18195,CRS3035RES1000mN2020000E3155000,261460389,
18196,CRS3035RES1000mN2020000E3155000,283450022,58.0
18197,CRS3035RES1000mN2020000E3155000,288994040,48.0
18198,CRS3035RES1000mN2020000E3155000,296744564,111.0
18199,CRS3035RES1000mN2020000E3155000,297526406,81.0
18200,CRS3035RES1000mN2020000E3155000,300709861,60.0
18201,CRS3035RES1000mN2020000E3155000,301444634,
18202,CRS3035RES1000mN2020000E3155000,302721609,47.0
18203,CRS3035RES1000mN2020000E3155000,308195630,110.0
18204,CRS3035RES1000mN2020000E3155000,312777902,56.0
18205,CRS3035RES1000mN2020000E3155000,330154630,
18206,CRS3035RES1000mN2020000E3155000,340205456,71.0
18207,CRS3035RES1000mN2020000E3155000,367883612,93.0
18208,CRS3035RES1000mN2020000E3155000,368211943,93.0
18209,CRS3035RES1000mN2020000E3155000,374180360,88.0
18210,CRS3035RES1000mN2020000E3155000,375369499,83.0
18211,CRS3035RES1000mN2020000E3155000,383494544,73.0
18212,CRS3035RES1000mN2020000E3155000,384574591,31.0
18213,CRS3035RES1000mN2020000E3155000,403538322,112.0
18214,CRS3035RES1000mN2020000E3155000,403859503,70.0
18215,CRS3035RES1000mN2020000E3155000,437050442,48.0
18216,CRS3035RES1000mN2020000E3155000,459881697,88.0
18217,CRS3035RES1000mN2020000E3155000,477278425,
18218,CRS3035RES1000mN2020000E3155000,486879235,
18219,CRS3035RES1000mN2020000E3155000,493748377,24.0
18220,CRS3035RES1000mN2020000E3155000,498234201,47.0
18221,CRS3035RES1000mN2020000E3155000,504315026,85.0
18222,CRS3035RES1000mN2020000E3155000,548701490,80.0
18223,CRS3035RES1000mN2020000E3155000,574210084,92.0
18224,CRS3035RES1000mN2020000E3155000,576094143,27.0
18225,CRS3035RES1000mN2020000E3155000,584409067,88.0
18226,CRS3035RES1000mN2020000E3155000,635512756,81.0
18227,CRS3035RES1000mN2020000E3155000,638492224,108.0
18228,CRS3035RES1000mN2020000E3155000,653913062,90.0
18229,CRS3035RES1000mN2020000E3155000,659866770,81.0
18230,CRS3035RES1000mN2020000E3155000,697717972,49.0
18231,CRS3035RES1000mN2020000E3155000,717194862,106.0
18232,CRS3035RES1000mN2020000E3155000,736899303,115.0
18233,CRS3035RES1000mN2020000E3155000,738042217,47.0
18234,CRS3035RES1000mN2020000E3155000,839611983,118.0
18235,CRS3035RES1000mN2020000E3155000,957893520,50.0
18236,CRS3035RES1000mN2020000E3155000,963308110,72.0
18237,CRS3035RES1000mN2020000E3155000,1073283182,44.0
18238,CRS3035RES1000mN2020000E3155000,1252864015,82.0
18239,CRS3035RES1000mN2020000E3155000,1283203658,94.0
18240,CRS3035RES1000mN2020000E3156000,25526,59.0
18241,CRS3035RES1000mN2020000E3156000,1774,57.0
18242,CRS3035RES1000mN2020000E3156000,1770,84.0
18243,CRS3035RES1000mN2020000E3156000,1773,74.0
18244,CRS3035RES1000mN2020000E3156000,1771,70.0
18245,CRS3035RES1000mN2020000E3156000,123303,59.0
18246,CRS3035RES1000mN2020000E3156000,1764,65.0
18247,CRS3035RES1000mN2020000E3156000,181101,76.0
18248,CRS3035RES1000mN2020000E3156000,5765642,51.0
18249,CRS3035RES1000mN2020000E3156000,86719,37.0
18250,CRS3035RES1000mN2020000E3156000,1800,69.0
18251,CRS3035RES1000mN2020000E3156000,1757,63.0
18252,CRS3035RES1000mN2020000E3156000,1755,65.0
18253,CRS3035RES1000mN2020000E3156000,1882,69.0
18254,CRS3035RES1000mN2020000E3156000,1745,78.0
18255,CRS3035RES1000mN2020000E3156000,1794,78.0
18256,CRS3035RES1000mN2020000E3156000,1762,67.0
18257,CRS3035RES1000mN2020000E3156000,51188,71.0
18258,CRS3035RES1000mN2020000E3156000,6893633,65.0
18259,CRS3035RES1000mN2020000E3156000,167128,77.0
18260,CRS3035RES1000mN2020000E3156000,1760,73.0
18261,CRS3035RES1000mN2020000E3156000,12773298,43.0
18262,CRS3035RES1000mN2020000E3156000,1754,52.0
18263,CRS3035RES1000mN2020000E3156000,1748,72.0
18264,CRS3035RES1000mN2020000E3156000,79941,81.0
18265,CRS3035RES1000mN2020000E3156000,1750,77.0
18266,CRS3035RES1000mN2020000E3156000,5975465,61.0
18267,CRS3035RES1000mN2020000E3156000,115056,86.0
18268,CRS3035RES1000mN2020000E3156000,1790,79.0
18269,CRS3035RES1000mN2020000E3156000,1756,56.0
18270,CRS3035RES1000mN2020000E3156000,51849,71.0
18271,CRS3035RES1000mN2020000E3156000,185595,73.0
18272,CRS3035RES1000mN2020000E3156000,7697128,59.0
18273,CRS3035RES1000mN2020000E3156000,10395362,89.0
18274,CRS3035RES1000mN2020000E3156000,1759,74.0
18275,CRS3035RES1000mN2020000E3156000,1752,71.0
18276,CRS3035RES1000mN2020000E3156000,186714,74.0
18277,CRS3035RES1000mN2020000E3156000,1753,64.0
18278,CRS3035RES1000mN2020000E3156000,1792,72.0
18279,CRS3035RES1000mN2020000E3156000,1763,67.0
18280,CRS3035RES1000mN2020000E3156000,1746,78.0
18281,CRS3035RES1000mN2020000E3156000,11572165,53.0
18282,CRS3035RES1000mN2020000E3156000,1761,59.0
18283,CRS3035RES1000mN2020000E3156000,1747,77.0
18284,CRS3035RES1000mN2020000E3156000,5768564,63.0
18285,CRS3035RES1000mN2020000E3156000,1798,62.0
18286,CRS3035RES1000mN2020000E3156000,66904,79.0
18287,CRS3035RES1000mN2020000E3156000,1777,62.0
18288,CRS3035RES1000mN2020000E3156000,1765,70.0
18289,CRS3035RES1000mN2020000E3156000,49416,73.0
18290,CRS3035RES1000mN2020000E3156000,12734939,73.0
18291,CRS3035RES1000mN2020000E3156000,167386167,55.0
18292,CRS3035RES1000mN2020000E3156000,295933804,74.0
18293,CRS3035RES1000mN2020000E3156000,303340017,98.0
18294,CRS3035RES1000mN2020000E3156000,315355551,86.0
18295,CRS3035RES1000mN2020000E3156000,339084977,60.0
18296,CRS3035RES1000mN2020000E3156000,412911553,73.0
18297,CRS3035RES1000mN2020000E3156000,558126037,79.0
18298,CRS3035RES1000mN2020000E3156000,711789768,89.0
18299,CRS3035RES1000mN2020000E3156000,727666062,
18300,CRS3035RES1000mN2020000E3156000,848085869,47.0
18301,CRS3035RES1000mN2020000E3156000,1056098898,78.0
18302,CRS3035RES1000mN2020000E3156000,1255438242,117.0
18303,CRS3035RES1000mN2020000E3156000,1469985039,86.0
18304,CRS3035RES1000mN2020000E3156000,1504302537,
18305,CRS3035RES1000mN2020000E3156000,1511617504,68.0
18306,CRS3035RES1000mN2020000E3156000,1541601287,99.0
18307,CRS3035RES1000mN2020000E3156000,1544591296,80.0
18308,CRS3035RES1000mN2020000E3156000,1598174183,83.0
18309,CRS3035RES1000mN2020000E3156000,1629887846,89.0
18310,CRS3035RES1000mN2020000E3156000,1686660176,88.0
18311,CRS3035RES1000mN2020000E3156000,1716927336,65.0
18312,CRS3035RES1000mN2020000E3156000,1734554324,92.0
18313,CRS3035RES1000mN2020000E3156000,1849109335,100.0
18314,CRS3035RES1000mN2020000E3156000,2028408680,79.0
18315,CRS3035RES1000mN2020000E3156000,2036887702,
18316,CRS3035RES1000mN2020000E3156000,2061404218,89.0
18317,CRS3035RES1000mN2020000E3156000,2134238030,94.0
18318,CRS3035RES1000mN2020000E3156000,2261600754,
18319,CRS3035RES1000mN2020000E3156000,2301402027,97.0
18320,CRS3035RES1000mN2020000E3156000,2303966810,70.0
18321,CRS3035RES1000mN2020000E3156000,2312029862,86.0
18322,CRS3035RES1000mN2020000E3156000,2408860250,115.0
18323,CRS3035RES1000mN2020000E3156000,2620185829,73.0
18324,CRS3035RES1000mN2020000E3156000,2622508931,77.0
18325,CRS3035RES1000mN2020000E3156000,2672130951,101.0
18326,CRS3035RES1000mN2020000E3156000,2710518818,100.0
18327,CRS3035RES1000mN2020000E3156000,3034026261,98.0
18328,CRS3035RES1000mN2020000E3156000,3179889751,
18329,CRS3035RES1000mN2020000E3156000,3206611978,
18330,CRS3035RES1000mN2020000E3156000,3272828439,52.0
18331,CRS3035RES1000mN2020000E3156000,3452364276,91.0
18332,CRS3035RES1000mN2020000E3156000,3452364277,71.0
18333,CRS3035RES1000mN2020000E3156000,3495733197,
18334,CRS3035RES1000mN2020000E3156000,3497154853,
18335,CRS3035RES1000mN2020000E3156000,3517755445,
18336,CRS3035RES1000mN2020000E3156000,3522125657,
18337,CRS3035RES1000mN2020000E3156000,3526751794,
18338,CRS3035RES1000mN2020000E3156000,3839306060,89.0
18339,CRS3035RES1000mN2020000E3156000,4214697664,66.0
18340,CRS3035RES1000mN2020000E3156000,4338252586,
18341,CRS3035RES1000mN2020000E3156000,4401271633,98.0
18342,CRS3035RES1000mN2020000E3156000,4515476768,78.0
18343,CRS3035RES1000mN2020000E3156000,4569910891,62.0
18344,CRS3035RES1000mN2020000E3156000,4703730491,84.0
18345,CRS3035RES1000mN2020000E3156000,4707870392,81.0
18346,CRS3035RES1000mN2020000E3156000,4789037769,83.0
18347,CRS3035RES1000mN2020000E3156000,4794233143,
18348,CRS3035RES1000mN2020000E3156000,4870405674,63.0
18349,CRS3035RES1000mN2020000E3156000,5139379922,98.0
18350,CRS3035RES1000mN2020000E3156000,5160337425,72.0
18351,CRS3035RES1000mN2020000E3156000,5196199575,83.0
18352,CRS3035RES1000mN2020000E3156000,5341570554,65.0
18353,CRS3035RES1000mN2020000E3156000,5345949864,103.0
18354,CRS3035RES1000mN2020000E3156000,5448507385,
18355,CRS3035RES1000mN2020000E3156000,5604693894,
18356,CRS3035RES1000mN2020000E3156000,5670401989,
18357,CRS3035RES1000mN2020000E3156000,5942671299,94.0
18358,CRS3035RES1000mN2020000E3156000,5943980960,73.0
18359,CRS3035RES1000mN2020000E3156000,6185791451,
18360,CRS3035RES1000mN2020000E3156000,6188948286,91.0
18361,CRS3035RES1000mN2020000E3156000,6555800191,55.0
18362,CRS3035RES1000mN2020000E3156000,6885254479,83.0
18363,CRS3035RES1000mN2020000E3156000,7222611268,
18364,CRS3035RES1000mN2020000E3156000,7408961006,
18365,CRS3035RES1000mN2020000E3156000,7619964683,
18366,CRS3035RES1000mN2020000E3156000,7836562695,112.0
18367,CRS3035RES1000mN2020000E3156000,8493729364,58.0
18368,CRS3035RES1000mN2020000E3156000,8557885377,
18369,CRS3035RES1000mN2020000E3156000,8807212208,68.0
18370,CRS3035RES1000mN2020000E3156000,8844229173,71.0
18371,CRS3035RES1000mN2020000E3156000,8878422600,96.0
18372,CRS3035RES1000mN2020000E3156000,9595709188,77.0
18373,CRS3035RES1000mN2020000E3156000,9611387099,60.0
18374,CRS3035RES1000mN2020000E3156000,9712656915,70.0
18375,CRS3035RES1000mN2020000E3156000,9713142744,64.0
18376,CRS3035RES1000mN2020000E3156000,9815746657,
18377,CRS3035RES1000mN2020000E3156000,10004871512,86.0
18378,CRS3035RES1000mN2020000E3156000,10281174134,
18379,CRS3035RES1000mN2020000E3156000,10580337411,93.0
18380,CRS3035RES1000mN2020000E3156000,10899442604,48.0
18381,CRS3035RES1000mN2020000E3156000,10922657146,46.0
18382,CRS3035RES1000mN2020000E3156000,11127499928,98.0
18383,CRS3035RES1000mN2020000E3156000,11143725881,94.0
18384,CRS3035RES1000mN2020000E3156000,11243087140,91.0
18385,CRS3035RES1000mN2020000E3156000,11269399969,85.0
18386,CRS3035RES1000mN2020000E3156000,11287269362,90.0
18387,CRS3035RES1000mN2020000E3156000,11287269363,108.0
18388,CRS3035RES1000mN2020000E3156000,11369705764,100.0
18389,CRS3035RES1000mN2020000E3156000,11387776374,79.0
18390,CRS3035RES1000mN2020000E3156000,11461799040,
18391,CRS3035RES1000mN2020000E3156000,11462802981,68.0
18392,CRS3035RES1000mN2020000E3156000,11652077658,98.0
18393,CRS3035RES1000mN2020000E3156000,11691390164,72.0
18394,CRS3035RES1000mN2020000E3156000,11739757462,27.0
18395,CRS3035RES1000mN2020000E3156000,12178446726,65.0
18396,CRS3035RES1000mN2020000E3156000,12407425114,98.0
18397,CRS3035RES1000mN2020000E3156000,12865480228,90.0
18398,CRS3035RES1000mN2020000E3156000,2960630,65.0
18399,CRS3035RES1000mN2020000E3156000,3554044,73.0
18400,CRS3035RES1000mN2020000E3156000,3557906,32.0
18401,CRS3035RES1000mN2020000E3156000,5231361,79.0
18402,CRS3035RES1000mN2020000E3156000,9314566,100.0
18403,CRS3035RES1000mN2020000E3156000,13696257,105.0
18404,CRS3035RES1000mN2020000E3156000,15996131,79.0
18405,CRS3035RES1000mN2020000E3156000,23526191,80.0
18406,CRS3035RES1000mN2020000E3156000,23545719,81.0
18407,CRS3035RES1000mN2020000E3156000,30599279,38.0
18408,CRS3035RES1000mN2020000E3156000,30649229,77.0
18409,CRS3035RES1000mN2020000E3156000,32198651,
18410,CRS3035RES1000mN2020000E3156000,34945111,36.0
18411,CRS3035RES1000mN2020000E3156000,50170625,119.0
18412,CRS3035RES1000mN2020000E3156000,82887228,103.0
18413,CRS3035RES1000mN2020000E3156000,92484952,96.0
18414,CRS3035RES1000mN2020000E3156000,95794713,80.0
18415,CRS3035RES1000mN2020000E3156000,96418670,52.0
18416,CRS3035RES1000mN2020000E3156000,98502686,85.0
18417,CRS3035RES1000mN2020000E3156000,132613257,81.0
18418,CRS3035RES1000mN2020000E3156000,135036040,90.0
18419,CRS3035RES1000mN2020000E3156000,150772489,77.0
18420,CRS3035RES1000mN2020000E3156000,154118456,94.0
18421,CRS3035RES1000mN2020000E3156000,157375776,93.0
18422,CRS3035RES1000mN2020000E3156000,158211204,60.0
18423,CRS3035RES1000mN2020000E3156000,162072415,29.0
18424,CRS3035RES1000mN2020000E3156000,162117720,99.0
18425,CRS3035RES1000mN2020000E3156000,170487273,
18426,CRS3035RES1000mN2020000E3156000,172686062,68.0
18427,CRS3035RES1000mN2020000E3156000,174318235,49.0
18428,CRS3035RES1000mN2020000E3156000,174318237,44.0
18429,CRS3035RES1000mN2020000E3156000,205060159,
18430,CRS3035RES1000mN2020000E3156000,205757163,
18431,CRS3035RES1000mN2020000E3156000,221095520,95.0
18432,CRS3035RES1000mN2020000E3156000,224503374,71.0
18433,CRS3035RES1000mN2020000E3156000,227333462,87.0
18434,CRS3035RES1000mN2020000E3156000,229117454,93.0
18435,CRS3035RES1000mN2020000E3156000,261460389,
18436,CRS3035RES1000mN2020000E3156000,283450022,63.0
18437,CRS3035RES1000mN2020000E3156000,288994040,52.0
18438,CRS3035RES1000mN2020000E3156000,296744564,119.0
18439,CRS3035RES1000mN2020000E3156000,297526406,96.0
18440,CRS3035RES1000mN2020000E3156000,300709861,63.0
18441,CRS3035RES1000mN2020000E3156000,301444634,
18442,CRS3035RES1000mN2020000E3156000,302721609,72.0
18443,CRS3035RES1000mN2020000E3156000,308195630,
18444,CRS3035RES1000mN2020000E3156000,312777902,63.0
18445,CRS3035RES1000mN2020000E3156000,330154630,
18446,CRS3035RES1000mN2020000E3156000,340205456,75.0
18447,CRS3035RES1000mN2020000E3156000,367883612,100.0
18448,CRS3035RES1000mN2020000E3156000,368211943,101.0
18449,CRS3035RES1000mN2020000E3156000,374180360,92.0
18450,CRS3035RES1000mN2020000E3156000,375369499,88.0
18451,CRS3035RES1000mN2020000E3156000,383494544,76.0
18452,CRS3035RES1000mN2020000E3156000,384574591,37.0
18453,CRS3035RES1000mN2020000E3156000,403538322,113.0
18454,CRS3035RES1000mN2020000E3156000,403859503,75.0
18455,CRS3035RES1000mN2020000E3156000,437050442,55.0
18456,CRS3035RES1000mN2020000E3156000,459881697,88.0
18457,CRS3035RES1000mN2020000E3156000,477278425,
18458,CRS3035RES1000mN2020000E3156000,486879235,
18459,CRS3035RES1000mN2020000E3156000,493748377,37.0
18460,CRS3035RES1000mN2020000E3156000,498234201,54.0
18461,CRS3035RES1000mN2020000E3156000,504315026,91.0
18462,CRS3035RES1000mN2020000E3156000,548701490,84.0
18463,CRS3035RES1000mN2020000E3156000,574210084,114.0
18464,CRS3035RES1000mN2020000E3156000,576094143,38.0
18465,CRS3035RES1000mN2020000E3156000,584409067,105.0
18466,CRS3035RES1000mN2020000E3156000,635512756,96.0
18467,CRS3035RES1000mN2020000E3156000,638492224,116.0
18468,CRS3035RES1000mN2020000E3156000,653913062,98.0
18469,CRS3035RES1000mN2020000E3156000,659866770,
18470,CRS3035RES1000mN2020000E3156000,697717972,59.0
18471,CRS3035RES1000mN2020000E3156000,717194862,
18472,CRS3035RES1000mN2020000E3156000,736899303,
18473,CRS3035RES1000mN2020000E3156000,738042217,73.0
18474,CRS3035RES1000mN2020000E3156000,839611983,
18475,CRS3035RES1000mN2020000E3156000,957893520,55.0
18476,CRS3035RES1000mN2020000E3156000,963308110,88.0
18477,CRS3035RES1000mN2020000E3156000,1073283182,66.0
18478,CRS3035RES1000mN2020000E3156000,1252864015,83.0
18479,CRS3035RES1000mN2020000E3156000,1283203658,94.0
