,from_id,to_id,travel_time
0,CRS3035RES1000mN2035000E3146000,25526,88.0
1,CRS3035RES1000mN2035000E3146000,1774,83.0
2,CRS3035RES1000mN2035000E3146000,1770,96.0
3,CRS3035RES1000mN2035000E3146000,1773,96.0
4,CRS3035RES1000mN2035000E3146000,1771,62.0
5,CRS3035RES1000mN2035000E3146000,123303,95.0
6,CRS3035RES1000mN2035000E3146000,1764,73.0
7,CRS3035RES1000mN2035000E3146000,181101,103.0
8,CRS3035RES1000mN2035000E3146000,5765642,93.0
9,CRS3035RES1000mN2035000E3146000,86719,106.0
10,CRS3035RES1000mN2035000E3146000,1800,96.0
11,CRS3035RES1000mN2035000E3146000,1757,82.0
12,CRS3035RES1000mN2035000E3146000,1755,83.0
13,CRS3035RES1000mN2035000E3146000,1882,64.0
14,CRS3035RES1000mN2035000E3146000,1745,91.0
15,CRS3035RES1000mN2035000E3146000,1794,87.0
16,CRS3035RES1000mN2035000E3146000,1762,77.0
17,CRS3035RES1000mN2035000E3146000,51188,82.0
18,CRS3035RES1000mN2035000E3146000,6893633,80.0
19,CRS3035RES1000mN2035000E3146000,167128,92.0
20,CRS3035RES1000mN2035000E3146000,1760,84.0
21,CRS3035RES1000mN2035000E3146000,12773298,96.0
22,CRS3035RES1000mN2035000E3146000,1754,106.0
23,CRS3035RES1000mN2035000E3146000,1748,98.0
24,CRS3035RES1000mN2035000E3146000,79941,95.0
25,CRS3035RES1000mN2035000E3146000,1750,89.0
26,CRS3035RES1000mN2035000E3146000,5975465,74.0
27,CRS3035RES1000mN2035000E3146000,115056,95.0
28,CRS3035RES1000mN2035000E3146000,1790,80.0
29,CRS3035RES1000mN2035000E3146000,1756,89.0
30,CRS3035RES1000mN2035000E3146000,51849,86.0
31,CRS3035RES1000mN2035000E3146000,185595,73.0
32,CRS3035RES1000mN2035000E3146000,7697128,69.0
33,CRS3035RES1000mN2035000E3146000,10395362,99.0
34,CRS3035RES1000mN2035000E3146000,1759,85.0
35,CRS3035RES1000mN2035000E3146000,1752,85.0
36,CRS3035RES1000mN2035000E3146000,186714,87.0
37,CRS3035RES1000mN2035000E3146000,1753,90.0
38,CRS3035RES1000mN2035000E3146000,1792,101.0
39,CRS3035RES1000mN2035000E3146000,1763,81.0
40,CRS3035RES1000mN2035000E3146000,1746,93.0
41,CRS3035RES1000mN2035000E3146000,11572165,100.0
42,CRS3035RES1000mN2035000E3146000,1761,85.0
43,CRS3035RES1000mN2035000E3146000,1747,96.0
44,CRS3035RES1000mN2035000E3146000,5768564,86.0
45,CRS3035RES1000mN2035000E3146000,1798,73.0
46,CRS3035RES1000mN2035000E3146000,66904,85.0
47,CRS3035RES1000mN2035000E3146000,1777,66.0
48,CRS3035RES1000mN2035000E3146000,1765,79.0
49,CRS3035RES1000mN2035000E3146000,49416,100.0
50,CRS3035RES1000mN2035000E3146000,12734939,100.0
51,CRS3035RES1000mN2035000E3146000,167386167,71.0
52,CRS3035RES1000mN2035000E3146000,295933804,60.0
53,CRS3035RES1000mN2035000E3146000,303340017,69.0
54,CRS3035RES1000mN2035000E3146000,315355551,49.0
55,CRS3035RES1000mN2035000E3146000,339084977,80.0
56,CRS3035RES1000mN2035000E3146000,412911553,65.0
57,CRS3035RES1000mN2035000E3146000,558126037,70.0
58,CRS3035RES1000mN2035000E3146000,711789768,
59,CRS3035RES1000mN2035000E3146000,727666062,
60,CRS3035RES1000mN2035000E3146000,848085869,107.0
61,CRS3035RES1000mN2035000E3146000,1056098898,78.0
62,CRS3035RES1000mN2035000E3146000,1255438242,
63,CRS3035RES1000mN2035000E3146000,1469985039,110.0
64,CRS3035RES1000mN2035000E3146000,1504302537,
65,CRS3035RES1000mN2035000E3146000,1511617504,117.0
66,CRS3035RES1000mN2035000E3146000,1541601287,61.0
67,CRS3035RES1000mN2035000E3146000,1544591296,92.0
68,CRS3035RES1000mN2035000E3146000,1598174183,95.0
69,CRS3035RES1000mN2035000E3146000,1629887846,99.0
70,CRS3035RES1000mN2035000E3146000,1686660176,97.0
71,CRS3035RES1000mN2035000E3146000,1716927336,
72,CRS3035RES1000mN2035000E3146000,1734554324,114.0
73,CRS3035RES1000mN2035000E3146000,1849109335,74.0
74,CRS3035RES1000mN2035000E3146000,2028408680,
75,CRS3035RES1000mN2035000E3146000,2036887702,
76,CRS3035RES1000mN2035000E3146000,2061404218,103.0
77,CRS3035RES1000mN2035000E3146000,2134238030,109.0
78,CRS3035RES1000mN2035000E3146000,2261600754,
79,CRS3035RES1000mN2035000E3146000,2301402027,107.0
80,CRS3035RES1000mN2035000E3146000,2303966810,
81,CRS3035RES1000mN2035000E3146000,2312029862,98.0
82,CRS3035RES1000mN2035000E3146000,2408860250,85.0
83,CRS3035RES1000mN2035000E3146000,2620185829,71.0
84,CRS3035RES1000mN2035000E3146000,2622508931,63.0
85,CRS3035RES1000mN2035000E3146000,2672130951,
86,CRS3035RES1000mN2035000E3146000,2710518818,114.0
87,CRS3035RES1000mN2035000E3146000,3034026261,
88,CRS3035RES1000mN2035000E3146000,3179889751,
89,CRS3035RES1000mN2035000E3146000,3206611978,
90,CRS3035RES1000mN2035000E3146000,3272828439,
91,CRS3035RES1000mN2035000E3146000,3452364276,100.0
92,CRS3035RES1000mN2035000E3146000,3452364277,82.0
93,CRS3035RES1000mN2035000E3146000,3495733197,
94,CRS3035RES1000mN2035000E3146000,3497154853,
95,CRS3035RES1000mN2035000E3146000,3517755445,
96,CRS3035RES1000mN2035000E3146000,3522125657,
97,CRS3035RES1000mN2035000E3146000,3526751794,
98,CRS3035RES1000mN2035000E3146000,3839306060,102.0
99,CRS3035RES1000mN2035000E3146000,4214697664,71.0
100,CRS3035RES1000mN2035000E3146000,4338252586,
101,CRS3035RES1000mN2035000E3146000,4401271633,
102,CRS3035RES1000mN2035000E3146000,4515476768,
103,CRS3035RES1000mN2035000E3146000,4569910891,72.0
104,CRS3035RES1000mN2035000E3146000,4703730491,55.0
105,CRS3035RES1000mN2035000E3146000,4707870392,64.0
106,CRS3035RES1000mN2035000E3146000,4789037769,
107,CRS3035RES1000mN2035000E3146000,4794233143,
108,CRS3035RES1000mN2035000E3146000,4870405674,87.0
109,CRS3035RES1000mN2035000E3146000,5139379922,78.0
110,CRS3035RES1000mN2035000E3146000,5160337425,56.0
111,CRS3035RES1000mN2035000E3146000,5196199575,72.0
112,CRS3035RES1000mN2035000E3146000,5341570554,85.0
113,CRS3035RES1000mN2035000E3146000,5345949864,113.0
114,CRS3035RES1000mN2035000E3146000,5448507385,
115,CRS3035RES1000mN2035000E3146000,5604693894,
116,CRS3035RES1000mN2035000E3146000,5670401989,96.0
117,CRS3035RES1000mN2035000E3146000,5942671299,115.0
118,CRS3035RES1000mN2035000E3146000,5943980960,79.0
119,CRS3035RES1000mN2035000E3146000,6185791451,
120,CRS3035RES1000mN2035000E3146000,6188948286,114.0
121,CRS3035RES1000mN2035000E3146000,6555800191,108.0
122,CRS3035RES1000mN2035000E3146000,6885254479,97.0
123,CRS3035RES1000mN2035000E3146000,7222611268,
124,CRS3035RES1000mN2035000E3146000,7408961006,
125,CRS3035RES1000mN2035000E3146000,7619964683,
126,CRS3035RES1000mN2035000E3146000,7836562695,114.0
127,CRS3035RES1000mN2035000E3146000,8493729364,77.0
128,CRS3035RES1000mN2035000E3146000,8557885377,100.0
129,CRS3035RES1000mN2035000E3146000,8807212208,74.0
130,CRS3035RES1000mN2035000E3146000,8844229173,76.0
131,CRS3035RES1000mN2035000E3146000,8878422600,56.0
132,CRS3035RES1000mN2035000E3146000,9595709188,88.0
133,CRS3035RES1000mN2035000E3146000,9611387099,82.0
134,CRS3035RES1000mN2035000E3146000,9712656915,55.0
135,CRS3035RES1000mN2035000E3146000,9713142744,76.0
136,CRS3035RES1000mN2035000E3146000,9815746657,
137,CRS3035RES1000mN2035000E3146000,10004871512,98.0
138,CRS3035RES1000mN2035000E3146000,10281174134,
139,CRS3035RES1000mN2035000E3146000,10580337411,106.0
140,CRS3035RES1000mN2035000E3146000,10899442604,
141,CRS3035RES1000mN2035000E3146000,10922657146,114.0
142,CRS3035RES1000mN2035000E3146000,11127499928,100.0
143,CRS3035RES1000mN2035000E3146000,11143725881,72.0
144,CRS3035RES1000mN2035000E3146000,11243087140,105.0
145,CRS3035RES1000mN2035000E3146000,11269399969,54.0
146,CRS3035RES1000mN2035000E3146000,11287269362,102.0
147,CRS3035RES1000mN2035000E3146000,11287269363,
148,CRS3035RES1000mN2035000E3146000,11369705764,112.0
149,CRS3035RES1000mN2035000E3146000,11387776374,106.0
150,CRS3035RES1000mN2035000E3146000,11461799040,
151,CRS3035RES1000mN2035000E3146000,11462802981,94.0
152,CRS3035RES1000mN2035000E3146000,11652077658,79.0
153,CRS3035RES1000mN2035000E3146000,11691390164,62.0
154,CRS3035RES1000mN2035000E3146000,11739757462,105.0
155,CRS3035RES1000mN2035000E3146000,12178446726,89.0
156,CRS3035RES1000mN2035000E3146000,12407425114,57.0
157,CRS3035RES1000mN2035000E3146000,12865480228,103.0
158,CRS3035RES1000mN2035000E3146000,2960630,109.0
159,CRS3035RES1000mN2035000E3146000,3554044,118.0
160,CRS3035RES1000mN2035000E3146000,3557906,112.0
161,CRS3035RES1000mN2035000E3146000,5231361,56.0
162,CRS3035RES1000mN2035000E3146000,9314566,
163,CRS3035RES1000mN2035000E3146000,13696257,48.0
164,CRS3035RES1000mN2035000E3146000,15996131,66.0
165,CRS3035RES1000mN2035000E3146000,23526191,89.0
166,CRS3035RES1000mN2035000E3146000,23545719,93.0
167,CRS3035RES1000mN2035000E3146000,30599279,104.0
168,CRS3035RES1000mN2035000E3146000,30649229,53.0
169,CRS3035RES1000mN2035000E3146000,32198651,
170,CRS3035RES1000mN2035000E3146000,34945111,112.0
171,CRS3035RES1000mN2035000E3146000,50170625,
172,CRS3035RES1000mN2035000E3146000,82887228,89.0
173,CRS3035RES1000mN2035000E3146000,92484952,22.0
174,CRS3035RES1000mN2035000E3146000,95794713,104.0
175,CRS3035RES1000mN2035000E3146000,96418670,
176,CRS3035RES1000mN2035000E3146000,98502686,48.0
177,CRS3035RES1000mN2035000E3146000,132613257,101.0
178,CRS3035RES1000mN2035000E3146000,135036040,99.0
179,CRS3035RES1000mN2035000E3146000,150772489,70.0
180,CRS3035RES1000mN2035000E3146000,154118456,81.0
181,CRS3035RES1000mN2035000E3146000,157375776,97.0
182,CRS3035RES1000mN2035000E3146000,158211204,105.0
183,CRS3035RES1000mN2035000E3146000,162072415,98.0
184,CRS3035RES1000mN2035000E3146000,162117720,56.0
185,CRS3035RES1000mN2035000E3146000,170487273,
186,CRS3035RES1000mN2035000E3146000,172686062,107.0
187,CRS3035RES1000mN2035000E3146000,174318235,110.0
188,CRS3035RES1000mN2035000E3146000,174318237,114.0
189,CRS3035RES1000mN2035000E3146000,205060159,
190,CRS3035RES1000mN2035000E3146000,205757163,
191,CRS3035RES1000mN2035000E3146000,221095520,106.0
192,CRS3035RES1000mN2035000E3146000,224503374,79.0
193,CRS3035RES1000mN2035000E3146000,227333462,45.0
194,CRS3035RES1000mN2035000E3146000,229117454,71.0
195,CRS3035RES1000mN2035000E3146000,261460389,
196,CRS3035RES1000mN2035000E3146000,283450022,66.0
197,CRS3035RES1000mN2035000E3146000,288994040,79.0
198,CRS3035RES1000mN2035000E3146000,296744564,
199,CRS3035RES1000mN2035000E3146000,297526406,98.0
200,CRS3035RES1000mN2035000E3146000,300709861,
201,CRS3035RES1000mN2035000E3146000,301444634,73.0
202,CRS3035RES1000mN2035000E3146000,302721609,
203,CRS3035RES1000mN2035000E3146000,308195630,106.0
204,CRS3035RES1000mN2035000E3146000,312777902,82.0
205,CRS3035RES1000mN2035000E3146000,330154630,
206,CRS3035RES1000mN2035000E3146000,340205456,72.0
207,CRS3035RES1000mN2035000E3146000,367883612,85.0
208,CRS3035RES1000mN2035000E3146000,368211943,81.0
209,CRS3035RES1000mN2035000E3146000,374180360,102.0
210,CRS3035RES1000mN2035000E3146000,375369499,75.0
211,CRS3035RES1000mN2035000E3146000,383494544,88.0
212,CRS3035RES1000mN2035000E3146000,384574591,111.0
213,CRS3035RES1000mN2035000E3146000,403538322,113.0
214,CRS3035RES1000mN2035000E3146000,403859503,65.0
215,CRS3035RES1000mN2035000E3146000,437050442,
216,CRS3035RES1000mN2035000E3146000,459881697,46.0
217,CRS3035RES1000mN2035000E3146000,477278425,
218,CRS3035RES1000mN2035000E3146000,486879235,
219,CRS3035RES1000mN2035000E3146000,493748377,98.0
220,CRS3035RES1000mN2035000E3146000,498234201,
221,CRS3035RES1000mN2035000E3146000,504315026,104.0
222,CRS3035RES1000mN2035000E3146000,548701490,
223,CRS3035RES1000mN2035000E3146000,574210084,87.0
224,CRS3035RES1000mN2035000E3146000,576094143,104.0
225,CRS3035RES1000mN2035000E3146000,584409067,
226,CRS3035RES1000mN2035000E3146000,635512756,98.0
227,CRS3035RES1000mN2035000E3146000,638492224,
228,CRS3035RES1000mN2035000E3146000,653913062,100.0
229,CRS3035RES1000mN2035000E3146000,659866770,
230,CRS3035RES1000mN2035000E3146000,697717972,108.0
231,CRS3035RES1000mN2035000E3146000,717194862,
232,CRS3035RES1000mN2035000E3146000,736899303,
233,CRS3035RES1000mN2035000E3146000,738042217,
234,CRS3035RES1000mN2035000E3146000,839611983,
235,CRS3035RES1000mN2035000E3146000,957893520,74.0
236,CRS3035RES1000mN2035000E3146000,963308110,106.0
237,CRS3035RES1000mN2035000E3146000,1073283182,
238,CRS3035RES1000mN2035000E3146000,1252864015,95.0
239,CRS3035RES1000mN2035000E3146000,1283203658,
240,CRS3035RES1000mN2035000E3147000,25526,84.0
241,CRS3035RES1000mN2035000E3147000,1774,76.0
242,CRS3035RES1000mN2035000E3147000,1770,88.0
243,CRS3035RES1000mN2035000E3147000,1773,89.0
244,CRS3035RES1000mN2035000E3147000,1771,54.0
245,CRS3035RES1000mN2035000E3147000,123303,90.0
246,CRS3035RES1000mN2035000E3147000,1764,67.0
247,CRS3035RES1000mN2035000E3147000,181101,92.0
248,CRS3035RES1000mN2035000E3147000,5765642,90.0
249,CRS3035RES1000mN2035000E3147000,86719,96.0
250,CRS3035RES1000mN2035000E3147000,1800,88.0
251,CRS3035RES1000mN2035000E3147000,1757,76.0
252,CRS3035RES1000mN2035000E3147000,1755,77.0
253,CRS3035RES1000mN2035000E3147000,1882,56.0
254,CRS3035RES1000mN2035000E3147000,1745,79.0
255,CRS3035RES1000mN2035000E3147000,1794,79.0
256,CRS3035RES1000mN2035000E3147000,1762,69.0
257,CRS3035RES1000mN2035000E3147000,51188,75.0
258,CRS3035RES1000mN2035000E3147000,6893633,72.0
259,CRS3035RES1000mN2035000E3147000,167128,85.0
260,CRS3035RES1000mN2035000E3147000,1760,77.0
261,CRS3035RES1000mN2035000E3147000,12773298,86.0
262,CRS3035RES1000mN2035000E3147000,1754,100.0
263,CRS3035RES1000mN2035000E3147000,1748,88.0
264,CRS3035RES1000mN2035000E3147000,79941,80.0
265,CRS3035RES1000mN2035000E3147000,1750,81.0
266,CRS3035RES1000mN2035000E3147000,5975465,66.0
267,CRS3035RES1000mN2035000E3147000,115056,87.0
268,CRS3035RES1000mN2035000E3147000,1790,75.0
269,CRS3035RES1000mN2035000E3147000,1756,83.0
270,CRS3035RES1000mN2035000E3147000,51849,78.0
271,CRS3035RES1000mN2035000E3147000,185595,66.0
272,CRS3035RES1000mN2035000E3147000,7697128,62.0
273,CRS3035RES1000mN2035000E3147000,10395362,94.0
274,CRS3035RES1000mN2035000E3147000,1759,78.0
275,CRS3035RES1000mN2035000E3147000,1752,78.0
276,CRS3035RES1000mN2035000E3147000,186714,78.0
277,CRS3035RES1000mN2035000E3147000,1753,82.0
278,CRS3035RES1000mN2035000E3147000,1792,84.0
279,CRS3035RES1000mN2035000E3147000,1763,75.0
280,CRS3035RES1000mN2035000E3147000,1746,85.0
281,CRS3035RES1000mN2035000E3147000,11572165,92.0
282,CRS3035RES1000mN2035000E3147000,1761,77.0
283,CRS3035RES1000mN2035000E3147000,1747,89.0
284,CRS3035RES1000mN2035000E3147000,5768564,80.0
285,CRS3035RES1000mN2035000E3147000,1798,64.0
286,CRS3035RES1000mN2035000E3147000,66904,81.0
287,CRS3035RES1000mN2035000E3147000,1777,59.0
288,CRS3035RES1000mN2035000E3147000,1765,71.0
289,CRS3035RES1000mN2035000E3147000,49416,86.0
290,CRS3035RES1000mN2035000E3147000,12734939,86.0
291,CRS3035RES1000mN2035000E3147000,167386167,63.0
292,CRS3035RES1000mN2035000E3147000,295933804,54.0
293,CRS3035RES1000mN2035000E3147000,303340017,56.0
294,CRS3035RES1000mN2035000E3147000,315355551,46.0
295,CRS3035RES1000mN2035000E3147000,339084977,74.0
296,CRS3035RES1000mN2035000E3147000,412911553,59.0
297,CRS3035RES1000mN2035000E3147000,558126037,67.0
298,CRS3035RES1000mN2035000E3147000,711789768,
299,CRS3035RES1000mN2035000E3147000,727666062,
300,CRS3035RES1000mN2035000E3147000,848085869,108.0
301,CRS3035RES1000mN2035000E3147000,1056098898,71.0
302,CRS3035RES1000mN2035000E3147000,1255438242,116.0
303,CRS3035RES1000mN2035000E3147000,1469985039,99.0
304,CRS3035RES1000mN2035000E3147000,1504302537,
305,CRS3035RES1000mN2035000E3147000,1511617504,111.0
306,CRS3035RES1000mN2035000E3147000,1541601287,57.0
307,CRS3035RES1000mN2035000E3147000,1544591296,82.0
308,CRS3035RES1000mN2035000E3147000,1598174183,83.0
309,CRS3035RES1000mN2035000E3147000,1629887846,89.0
310,CRS3035RES1000mN2035000E3147000,1686660176,90.0
311,CRS3035RES1000mN2035000E3147000,1716927336,
312,CRS3035RES1000mN2035000E3147000,1734554324,94.0
313,CRS3035RES1000mN2035000E3147000,1849109335,61.0
314,CRS3035RES1000mN2035000E3147000,2028408680,
315,CRS3035RES1000mN2035000E3147000,2036887702,
316,CRS3035RES1000mN2035000E3147000,2061404218,100.0
317,CRS3035RES1000mN2035000E3147000,2134238030,96.0
318,CRS3035RES1000mN2035000E3147000,2261600754,
319,CRS3035RES1000mN2035000E3147000,2301402027,98.0
320,CRS3035RES1000mN2035000E3147000,2303966810,
321,CRS3035RES1000mN2035000E3147000,2312029862,86.0
322,CRS3035RES1000mN2035000E3147000,2408860250,79.0
323,CRS3035RES1000mN2035000E3147000,2620185829,63.0
324,CRS3035RES1000mN2035000E3147000,2622508931,55.0
325,CRS3035RES1000mN2035000E3147000,2672130951,
326,CRS3035RES1000mN2035000E3147000,2710518818,109.0
327,CRS3035RES1000mN2035000E3147000,3034026261,
328,CRS3035RES1000mN2035000E3147000,3179889751,
329,CRS3035RES1000mN2035000E3147000,3206611978,
330,CRS3035RES1000mN2035000E3147000,3272828439,
331,CRS3035RES1000mN2035000E3147000,3452364276,92.0
332,CRS3035RES1000mN2035000E3147000,3452364277,74.0
333,CRS3035RES1000mN2035000E3147000,3495733197,
334,CRS3035RES1000mN2035000E3147000,3497154853,
335,CRS3035RES1000mN2035000E3147000,3517755445,
336,CRS3035RES1000mN2035000E3147000,3522125657,
337,CRS3035RES1000mN2035000E3147000,3526751794,
338,CRS3035RES1000mN2035000E3147000,3839306060,89.0
339,CRS3035RES1000mN2035000E3147000,4214697664,64.0
340,CRS3035RES1000mN2035000E3147000,4338252586,
341,CRS3035RES1000mN2035000E3147000,4401271633,
342,CRS3035RES1000mN2035000E3147000,4515476768,
343,CRS3035RES1000mN2035000E3147000,4569910891,65.0
344,CRS3035RES1000mN2035000E3147000,4703730491,52.0
345,CRS3035RES1000mN2035000E3147000,4707870392,61.0
346,CRS3035RES1000mN2035000E3147000,4789037769,
347,CRS3035RES1000mN2035000E3147000,4794233143,
348,CRS3035RES1000mN2035000E3147000,4870405674,81.0
349,CRS3035RES1000mN2035000E3147000,5139379922,88.0
350,CRS3035RES1000mN2035000E3147000,5160337425,49.0
351,CRS3035RES1000mN2035000E3147000,5196199575,73.0
352,CRS3035RES1000mN2035000E3147000,5341570554,78.0
353,CRS3035RES1000mN2035000E3147000,5345949864,109.0
354,CRS3035RES1000mN2035000E3147000,5448507385,
355,CRS3035RES1000mN2035000E3147000,5604693894,
356,CRS3035RES1000mN2035000E3147000,5670401989,90.0
357,CRS3035RES1000mN2035000E3147000,5942671299,107.0
358,CRS3035RES1000mN2035000E3147000,5943980960,79.0
359,CRS3035RES1000mN2035000E3147000,6185791451,
360,CRS3035RES1000mN2035000E3147000,6188948286,105.0
361,CRS3035RES1000mN2035000E3147000,6555800191,100.0
362,CRS3035RES1000mN2035000E3147000,6885254479,87.0
363,CRS3035RES1000mN2035000E3147000,7222611268,
364,CRS3035RES1000mN2035000E3147000,7408961006,
365,CRS3035RES1000mN2035000E3147000,7619964683,
366,CRS3035RES1000mN2035000E3147000,7836562695,111.0
367,CRS3035RES1000mN2035000E3147000,8493729364,68.0
368,CRS3035RES1000mN2035000E3147000,8557885377,75.0
369,CRS3035RES1000mN2035000E3147000,8807212208,66.0
370,CRS3035RES1000mN2035000E3147000,8844229173,68.0
371,CRS3035RES1000mN2035000E3147000,8878422600,52.0
372,CRS3035RES1000mN2035000E3147000,9595709188,80.0
373,CRS3035RES1000mN2035000E3147000,9611387099,75.0
374,CRS3035RES1000mN2035000E3147000,9712656915,48.0
375,CRS3035RES1000mN2035000E3147000,9713142744,68.0
376,CRS3035RES1000mN2035000E3147000,9815746657,
377,CRS3035RES1000mN2035000E3147000,10004871512,86.0
378,CRS3035RES1000mN2035000E3147000,10281174134,
379,CRS3035RES1000mN2035000E3147000,10580337411,93.0
380,CRS3035RES1000mN2035000E3147000,10899442604,114.0
381,CRS3035RES1000mN2035000E3147000,10922657146,106.0
382,CRS3035RES1000mN2035000E3147000,11127499928,97.0
383,CRS3035RES1000mN2035000E3147000,11143725881,64.0
384,CRS3035RES1000mN2035000E3147000,11243087140,95.0
385,CRS3035RES1000mN2035000E3147000,11269399969,51.0
386,CRS3035RES1000mN2035000E3147000,11287269362,90.0
387,CRS3035RES1000mN2035000E3147000,11287269363,109.0
388,CRS3035RES1000mN2035000E3147000,11369705764,100.0
389,CRS3035RES1000mN2035000E3147000,11387776374,97.0
390,CRS3035RES1000mN2035000E3147000,11461799040,
391,CRS3035RES1000mN2035000E3147000,11462802981,81.0
392,CRS3035RES1000mN2035000E3147000,11652077658,66.0
393,CRS3035RES1000mN2035000E3147000,11691390164,55.0
394,CRS3035RES1000mN2035000E3147000,11739757462,95.0
395,CRS3035RES1000mN2035000E3147000,12178446726,83.0
396,CRS3035RES1000mN2035000E3147000,12407425114,53.0
397,CRS3035RES1000mN2035000E3147000,12865480228,90.0
398,CRS3035RES1000mN2035000E3147000,2960630,103.0
399,CRS3035RES1000mN2035000E3147000,3554044,107.0
400,CRS3035RES1000mN2035000E3147000,3557906,103.0
401,CRS3035RES1000mN2035000E3147000,5231361,51.0
402,CRS3035RES1000mN2035000E3147000,9314566,
403,CRS3035RES1000mN2035000E3147000,13696257,44.0
404,CRS3035RES1000mN2035000E3147000,15996131,58.0
405,CRS3035RES1000mN2035000E3147000,23526191,81.0
406,CRS3035RES1000mN2035000E3147000,23545719,86.0
407,CRS3035RES1000mN2035000E3147000,30599279,98.0
408,CRS3035RES1000mN2035000E3147000,30649229,48.0
409,CRS3035RES1000mN2035000E3147000,32198651,
410,CRS3035RES1000mN2035000E3147000,34945111,103.0
411,CRS3035RES1000mN2035000E3147000,50170625,
412,CRS3035RES1000mN2035000E3147000,82887228,85.0
413,CRS3035RES1000mN2035000E3147000,92484952,28.0
414,CRS3035RES1000mN2035000E3147000,95794713,95.0
415,CRS3035RES1000mN2035000E3147000,96418670,118.0
416,CRS3035RES1000mN2035000E3147000,98502686,45.0
417,CRS3035RES1000mN2035000E3147000,132613257,92.0
418,CRS3035RES1000mN2035000E3147000,135036040,91.0
419,CRS3035RES1000mN2035000E3147000,150772489,63.0
420,CRS3035RES1000mN2035000E3147000,154118456,76.0
421,CRS3035RES1000mN2035000E3147000,157375776,94.0
422,CRS3035RES1000mN2035000E3147000,158211204,98.0
423,CRS3035RES1000mN2035000E3147000,162072415,98.0
424,CRS3035RES1000mN2035000E3147000,162117720,52.0
425,CRS3035RES1000mN2035000E3147000,170487273,
426,CRS3035RES1000mN2035000E3147000,172686062,100.0
427,CRS3035RES1000mN2035000E3147000,174318235,111.0
428,CRS3035RES1000mN2035000E3147000,174318237,111.0
429,CRS3035RES1000mN2035000E3147000,205060159,
430,CRS3035RES1000mN2035000E3147000,205757163,
431,CRS3035RES1000mN2035000E3147000,221095520,96.0
432,CRS3035RES1000mN2035000E3147000,224503374,71.0
433,CRS3035RES1000mN2035000E3147000,227333462,41.0
434,CRS3035RES1000mN2035000E3147000,229117454,63.0
435,CRS3035RES1000mN2035000E3147000,261460389,
436,CRS3035RES1000mN2035000E3147000,283450022,58.0
437,CRS3035RES1000mN2035000E3147000,288994040,72.0
438,CRS3035RES1000mN2035000E3147000,296744564,118.0
439,CRS3035RES1000mN2035000E3147000,297526406,95.0
440,CRS3035RES1000mN2035000E3147000,300709861,
441,CRS3035RES1000mN2035000E3147000,301444634,72.0
442,CRS3035RES1000mN2035000E3147000,302721609,
443,CRS3035RES1000mN2035000E3147000,308195630,81.0
444,CRS3035RES1000mN2035000E3147000,312777902,74.0
445,CRS3035RES1000mN2035000E3147000,330154630,
446,CRS3035RES1000mN2035000E3147000,340205456,65.0
447,CRS3035RES1000mN2035000E3147000,367883612,79.0
448,CRS3035RES1000mN2035000E3147000,368211943,75.0
449,CRS3035RES1000mN2035000E3147000,374180360,91.0
450,CRS3035RES1000mN2035000E3147000,375369499,70.0
451,CRS3035RES1000mN2035000E3147000,383494544,81.0
452,CRS3035RES1000mN2035000E3147000,384574591,99.0
453,CRS3035RES1000mN2035000E3147000,403538322,111.0
454,CRS3035RES1000mN2035000E3147000,403859503,57.0
455,CRS3035RES1000mN2035000E3147000,437050442,112.0
456,CRS3035RES1000mN2035000E3147000,459881697,42.0
457,CRS3035RES1000mN2035000E3147000,477278425,
458,CRS3035RES1000mN2035000E3147000,486879235,
459,CRS3035RES1000mN2035000E3147000,493748377,95.0
460,CRS3035RES1000mN2035000E3147000,498234201,110.0
461,CRS3035RES1000mN2035000E3147000,504315026,91.0
462,CRS3035RES1000mN2035000E3147000,548701490,
463,CRS3035RES1000mN2035000E3147000,574210084,64.0
464,CRS3035RES1000mN2035000E3147000,576094143,102.0
465,CRS3035RES1000mN2035000E3147000,584409067,
466,CRS3035RES1000mN2035000E3147000,635512756,95.0
467,CRS3035RES1000mN2035000E3147000,638492224,119.0
468,CRS3035RES1000mN2035000E3147000,653913062,97.0
469,CRS3035RES1000mN2035000E3147000,659866770,
470,CRS3035RES1000mN2035000E3147000,697717972,102.0
471,CRS3035RES1000mN2035000E3147000,717194862,
472,CRS3035RES1000mN2035000E3147000,736899303,
473,CRS3035RES1000mN2035000E3147000,738042217,
474,CRS3035RES1000mN2035000E3147000,839611983,
475,CRS3035RES1000mN2035000E3147000,957893520,67.0
476,CRS3035RES1000mN2035000E3147000,963308110,99.0
477,CRS3035RES1000mN2035000E3147000,1073283182,
478,CRS3035RES1000mN2035000E3147000,1252864015,83.0
479,CRS3035RES1000mN2035000E3147000,1283203658,
480,CRS3035RES1000mN2036000E3141000,25526,91.0
481,CRS3035RES1000mN2036000E3141000,1774,115.0
482,CRS3035RES1000mN2036000E3141000,1770,
483,CRS3035RES1000mN2036000E3141000,1773,
484,CRS3035RES1000mN2036000E3141000,1771,94.0
485,CRS3035RES1000mN2036000E3141000,123303,114.0
486,CRS3035RES1000mN2036000E3141000,1764,106.0
487,CRS3035RES1000mN2036000E3141000,181101,
488,CRS3035RES1000mN2036000E3141000,5765642,96.0
489,CRS3035RES1000mN2036000E3141000,86719,
490,CRS3035RES1000mN2036000E3141000,1800,
491,CRS3035RES1000mN2036000E3141000,1757,94.0
492,CRS3035RES1000mN2036000E3141000,1755,106.0
493,CRS3035RES1000mN2036000E3141000,1882,96.0
494,CRS3035RES1000mN2036000E3141000,1745,
495,CRS3035RES1000mN2036000E3141000,1794,
496,CRS3035RES1000mN2036000E3141000,1762,109.0
497,CRS3035RES1000mN2036000E3141000,51188,112.0
498,CRS3035RES1000mN2036000E3141000,6893633,112.0
499,CRS3035RES1000mN2036000E3141000,167128,
500,CRS3035RES1000mN2036000E3141000,1760,116.0
501,CRS3035RES1000mN2036000E3141000,12773298,
502,CRS3035RES1000mN2036000E3141000,1754,118.0
503,CRS3035RES1000mN2036000E3141000,1748,
504,CRS3035RES1000mN2036000E3141000,79941,
505,CRS3035RES1000mN2036000E3141000,1750,
506,CRS3035RES1000mN2036000E3141000,5975465,106.0
507,CRS3035RES1000mN2036000E3141000,115056,
508,CRS3035RES1000mN2036000E3141000,1790,115.0
509,CRS3035RES1000mN2036000E3141000,1756,102.0
510,CRS3035RES1000mN2036000E3141000,51849,118.0
511,CRS3035RES1000mN2036000E3141000,185595,106.0
512,CRS3035RES1000mN2036000E3141000,7697128,99.0
513,CRS3035RES1000mN2036000E3141000,10395362,
514,CRS3035RES1000mN2036000E3141000,1759,116.0
515,CRS3035RES1000mN2036000E3141000,1752,117.0
516,CRS3035RES1000mN2036000E3141000,186714,118.0
517,CRS3035RES1000mN2036000E3141000,1753,
518,CRS3035RES1000mN2036000E3141000,1792,
519,CRS3035RES1000mN2036000E3141000,1763,111.0
520,CRS3035RES1000mN2036000E3141000,1746,
521,CRS3035RES1000mN2036000E3141000,11572165,
522,CRS3035RES1000mN2036000E3141000,1761,116.0
523,CRS3035RES1000mN2036000E3141000,1747,
524,CRS3035RES1000mN2036000E3141000,5768564,91.0
525,CRS3035RES1000mN2036000E3141000,1798,104.0
526,CRS3035RES1000mN2036000E3141000,66904,118.0
527,CRS3035RES1000mN2036000E3141000,1777,99.0
528,CRS3035RES1000mN2036000E3141000,1765,111.0
529,CRS3035RES1000mN2036000E3141000,49416,
530,CRS3035RES1000mN2036000E3141000,12734939,
531,CRS3035RES1000mN2036000E3141000,167386167,103.0
532,CRS3035RES1000mN2036000E3141000,295933804,107.0
533,CRS3035RES1000mN2036000E3141000,303340017,101.0
534,CRS3035RES1000mN2036000E3141000,315355551,107.0
535,CRS3035RES1000mN2036000E3141000,339084977,114.0
536,CRS3035RES1000mN2036000E3141000,412911553,100.0
537,CRS3035RES1000mN2036000E3141000,558126037,104.0
538,CRS3035RES1000mN2036000E3141000,711789768,
539,CRS3035RES1000mN2036000E3141000,727666062,
540,CRS3035RES1000mN2036000E3141000,848085869,111.0
541,CRS3035RES1000mN2036000E3141000,1056098898,110.0
542,CRS3035RES1000mN2036000E3141000,1255438242,
543,CRS3035RES1000mN2036000E3141000,1469985039,
544,CRS3035RES1000mN2036000E3141000,1504302537,
545,CRS3035RES1000mN2036000E3141000,1511617504,
546,CRS3035RES1000mN2036000E3141000,1541601287,107.0
547,CRS3035RES1000mN2036000E3141000,1544591296,
548,CRS3035RES1000mN2036000E3141000,1598174183,
549,CRS3035RES1000mN2036000E3141000,1629887846,
550,CRS3035RES1000mN2036000E3141000,1686660176,
551,CRS3035RES1000mN2036000E3141000,1716927336,
552,CRS3035RES1000mN2036000E3141000,1734554324,
553,CRS3035RES1000mN2036000E3141000,1849109335,106.0
554,CRS3035RES1000mN2036000E3141000,2028408680,
555,CRS3035RES1000mN2036000E3141000,2036887702,
556,CRS3035RES1000mN2036000E3141000,2061404218,
557,CRS3035RES1000mN2036000E3141000,2134238030,
558,CRS3035RES1000mN2036000E3141000,2261600754,
559,CRS3035RES1000mN2036000E3141000,2301402027,
560,CRS3035RES1000mN2036000E3141000,2303966810,
561,CRS3035RES1000mN2036000E3141000,2312029862,
562,CRS3035RES1000mN2036000E3141000,2408860250,
563,CRS3035RES1000mN2036000E3141000,2620185829,103.0
564,CRS3035RES1000mN2036000E3141000,2622508931,95.0
565,CRS3035RES1000mN2036000E3141000,2672130951,
566,CRS3035RES1000mN2036000E3141000,2710518818,
567,CRS3035RES1000mN2036000E3141000,3034026261,
568,CRS3035RES1000mN2036000E3141000,3179889751,
569,CRS3035RES1000mN2036000E3141000,3206611978,
570,CRS3035RES1000mN2036000E3141000,3272828439,
571,CRS3035RES1000mN2036000E3141000,3452364276,
572,CRS3035RES1000mN2036000E3141000,3452364277,114.0
573,CRS3035RES1000mN2036000E3141000,3495733197,
574,CRS3035RES1000mN2036000E3141000,3497154853,
575,CRS3035RES1000mN2036000E3141000,3517755445,
576,CRS3035RES1000mN2036000E3141000,3522125657,
577,CRS3035RES1000mN2036000E3141000,3526751794,
578,CRS3035RES1000mN2036000E3141000,3839306060,
579,CRS3035RES1000mN2036000E3141000,4214697664,99.0
580,CRS3035RES1000mN2036000E3141000,4338252586,
581,CRS3035RES1000mN2036000E3141000,4401271633,
582,CRS3035RES1000mN2036000E3141000,4515476768,
583,CRS3035RES1000mN2036000E3141000,4569910891,104.0
584,CRS3035RES1000mN2036000E3141000,4703730491,110.0
585,CRS3035RES1000mN2036000E3141000,4707870392,101.0
586,CRS3035RES1000mN2036000E3141000,4789037769,
587,CRS3035RES1000mN2036000E3141000,4794233143,
588,CRS3035RES1000mN2036000E3141000,4870405674,92.0
589,CRS3035RES1000mN2036000E3141000,5139379922,63.0
590,CRS3035RES1000mN2036000E3141000,5160337425,93.0
591,CRS3035RES1000mN2036000E3141000,5196199575,92.0
592,CRS3035RES1000mN2036000E3141000,5341570554,117.0
593,CRS3035RES1000mN2036000E3141000,5345949864,
594,CRS3035RES1000mN2036000E3141000,5448507385,
595,CRS3035RES1000mN2036000E3141000,5604693894,
596,CRS3035RES1000mN2036000E3141000,5670401989,
597,CRS3035RES1000mN2036000E3141000,5942671299,
598,CRS3035RES1000mN2036000E3141000,5943980960,108.0
599,CRS3035RES1000mN2036000E3141000,6185791451,
600,CRS3035RES1000mN2036000E3141000,6188948286,
601,CRS3035RES1000mN2036000E3141000,6555800191,113.0
602,CRS3035RES1000mN2036000E3141000,6885254479,
603,CRS3035RES1000mN2036000E3141000,7222611268,
604,CRS3035RES1000mN2036000E3141000,7408961006,
605,CRS3035RES1000mN2036000E3141000,7619964683,
606,CRS3035RES1000mN2036000E3141000,7836562695,
607,CRS3035RES1000mN2036000E3141000,8493729364,108.0
608,CRS3035RES1000mN2036000E3141000,8557885377,
609,CRS3035RES1000mN2036000E3141000,8807212208,106.0
610,CRS3035RES1000mN2036000E3141000,8844229173,109.0
611,CRS3035RES1000mN2036000E3141000,8878422600,104.0
612,CRS3035RES1000mN2036000E3141000,9595709188,118.0
613,CRS3035RES1000mN2036000E3141000,9611387099,111.0
614,CRS3035RES1000mN2036000E3141000,9712656915,88.0
615,CRS3035RES1000mN2036000E3141000,9713142744,108.0
616,CRS3035RES1000mN2036000E3141000,9815746657,
617,CRS3035RES1000mN2036000E3141000,10004871512,
618,CRS3035RES1000mN2036000E3141000,10281174134,
619,CRS3035RES1000mN2036000E3141000,10580337411,
620,CRS3035RES1000mN2036000E3141000,10899442604,
621,CRS3035RES1000mN2036000E3141000,10922657146,
622,CRS3035RES1000mN2036000E3141000,11127499928,
623,CRS3035RES1000mN2036000E3141000,11143725881,109.0
624,CRS3035RES1000mN2036000E3141000,11243087140,
625,CRS3035RES1000mN2036000E3141000,11269399969,98.0
626,CRS3035RES1000mN2036000E3141000,11287269362,
627,CRS3035RES1000mN2036000E3141000,11287269363,
628,CRS3035RES1000mN2036000E3141000,11369705764,
629,CRS3035RES1000mN2036000E3141000,11387776374,
630,CRS3035RES1000mN2036000E3141000,11461799040,
631,CRS3035RES1000mN2036000E3141000,11462802981,
632,CRS3035RES1000mN2036000E3141000,11652077658,108.0
633,CRS3035RES1000mN2036000E3141000,11691390164,95.0
634,CRS3035RES1000mN2036000E3141000,11739757462,
635,CRS3035RES1000mN2036000E3141000,12178446726,104.0
636,CRS3035RES1000mN2036000E3141000,12407425114,78.0
637,CRS3035RES1000mN2036000E3141000,12865480228,
638,CRS3035RES1000mN2036000E3141000,2960630,116.0
639,CRS3035RES1000mN2036000E3141000,3554044,
640,CRS3035RES1000mN2036000E3141000,3557906,
641,CRS3035RES1000mN2036000E3141000,5231361,93.0
642,CRS3035RES1000mN2036000E3141000,9314566,
643,CRS3035RES1000mN2036000E3141000,13696257,101.0
644,CRS3035RES1000mN2036000E3141000,15996131,98.0
645,CRS3035RES1000mN2036000E3141000,23526191,
646,CRS3035RES1000mN2036000E3141000,23545719,
647,CRS3035RES1000mN2036000E3141000,30599279,112.0
648,CRS3035RES1000mN2036000E3141000,30649229,90.0
649,CRS3035RES1000mN2036000E3141000,32198651,
650,CRS3035RES1000mN2036000E3141000,34945111,
651,CRS3035RES1000mN2036000E3141000,50170625,
652,CRS3035RES1000mN2036000E3141000,82887228,
653,CRS3035RES1000mN2036000E3141000,92484952,74.0
654,CRS3035RES1000mN2036000E3141000,95794713,
655,CRS3035RES1000mN2036000E3141000,96418670,
656,CRS3035RES1000mN2036000E3141000,98502686,92.0
657,CRS3035RES1000mN2036000E3141000,132613257,
658,CRS3035RES1000mN2036000E3141000,135036040,
659,CRS3035RES1000mN2036000E3141000,150772489,104.0
660,CRS3035RES1000mN2036000E3141000,154118456,100.0
661,CRS3035RES1000mN2036000E3141000,157375776,
662,CRS3035RES1000mN2036000E3141000,158211204,112.0
663,CRS3035RES1000mN2036000E3141000,162072415,109.0
664,CRS3035RES1000mN2036000E3141000,162117720,103.0
665,CRS3035RES1000mN2036000E3141000,170487273,
666,CRS3035RES1000mN2036000E3141000,172686062,114.0
667,CRS3035RES1000mN2036000E3141000,174318235,114.0
668,CRS3035RES1000mN2036000E3141000,174318237,118.0
669,CRS3035RES1000mN2036000E3141000,205060159,
670,CRS3035RES1000mN2036000E3141000,205757163,
671,CRS3035RES1000mN2036000E3141000,221095520,
672,CRS3035RES1000mN2036000E3141000,224503374,111.0
673,CRS3035RES1000mN2036000E3141000,227333462,87.0
674,CRS3035RES1000mN2036000E3141000,229117454,108.0
675,CRS3035RES1000mN2036000E3141000,261460389,
676,CRS3035RES1000mN2036000E3141000,283450022,98.0
677,CRS3035RES1000mN2036000E3141000,288994040,111.0
678,CRS3035RES1000mN2036000E3141000,296744564,
679,CRS3035RES1000mN2036000E3141000,297526406,
680,CRS3035RES1000mN2036000E3141000,300709861,
681,CRS3035RES1000mN2036000E3141000,301444634,83.0
682,CRS3035RES1000mN2036000E3141000,302721609,
683,CRS3035RES1000mN2036000E3141000,308195630,
684,CRS3035RES1000mN2036000E3141000,312777902,111.0
685,CRS3035RES1000mN2036000E3141000,330154630,
686,CRS3035RES1000mN2036000E3141000,340205456,105.0
687,CRS3035RES1000mN2036000E3141000,367883612,
688,CRS3035RES1000mN2036000E3141000,368211943,119.0
689,CRS3035RES1000mN2036000E3141000,374180360,
690,CRS3035RES1000mN2036000E3141000,375369499,94.0
691,CRS3035RES1000mN2036000E3141000,383494544,118.0
692,CRS3035RES1000mN2036000E3141000,384574591,
693,CRS3035RES1000mN2036000E3141000,403538322,
694,CRS3035RES1000mN2036000E3141000,403859503,97.0
695,CRS3035RES1000mN2036000E3141000,437050442,
696,CRS3035RES1000mN2036000E3141000,459881697,83.0
697,CRS3035RES1000mN2036000E3141000,477278425,
698,CRS3035RES1000mN2036000E3141000,486879235,
699,CRS3035RES1000mN2036000E3141000,493748377,105.0
700,CRS3035RES1000mN2036000E3141000,498234201,
701,CRS3035RES1000mN2036000E3141000,504315026,
702,CRS3035RES1000mN2036000E3141000,548701490,
703,CRS3035RES1000mN2036000E3141000,574210084,
704,CRS3035RES1000mN2036000E3141000,576094143,109.0
705,CRS3035RES1000mN2036000E3141000,584409067,
706,CRS3035RES1000mN2036000E3141000,635512756,
707,CRS3035RES1000mN2036000E3141000,638492224,
708,CRS3035RES1000mN2036000E3141000,653913062,
709,CRS3035RES1000mN2036000E3141000,659866770,
710,CRS3035RES1000mN2036000E3141000,697717972,115.0
711,CRS3035RES1000mN2036000E3141000,717194862,
712,CRS3035RES1000mN2036000E3141000,736899303,
713,CRS3035RES1000mN2036000E3141000,738042217,
714,CRS3035RES1000mN2036000E3141000,839611983,
715,CRS3035RES1000mN2036000E3141000,957893520,107.0
716,CRS3035RES1000mN2036000E3141000,963308110,
717,CRS3035RES1000mN2036000E3141000,1073283182,
718,CRS3035RES1000mN2036000E3141000,1252864015,
719,CRS3035RES1000mN2036000E3141000,1283203658,
720,CRS3035RES1000mN2036000E3142000,25526,94.0
721,CRS3035RES1000mN2036000E3142000,1774,117.0
722,CRS3035RES1000mN2036000E3142000,1770,
723,CRS3035RES1000mN2036000E3142000,1773,
724,CRS3035RES1000mN2036000E3142000,1771,98.0
725,CRS3035RES1000mN2036000E3142000,123303,117.0
726,CRS3035RES1000mN2036000E3142000,1764,109.0
727,CRS3035RES1000mN2036000E3142000,181101,
728,CRS3035RES1000mN2036000E3142000,5765642,100.0
729,CRS3035RES1000mN2036000E3142000,86719,
730,CRS3035RES1000mN2036000E3142000,1800,
731,CRS3035RES1000mN2036000E3142000,1757,97.0
732,CRS3035RES1000mN2036000E3142000,1755,109.0
733,CRS3035RES1000mN2036000E3142000,1882,100.0
734,CRS3035RES1000mN2036000E3142000,1745,
735,CRS3035RES1000mN2036000E3142000,1794,
736,CRS3035RES1000mN2036000E3142000,1762,113.0
737,CRS3035RES1000mN2036000E3142000,51188,115.0
738,CRS3035RES1000mN2036000E3142000,6893633,116.0
739,CRS3035RES1000mN2036000E3142000,167128,
740,CRS3035RES1000mN2036000E3142000,1760,119.0
741,CRS3035RES1000mN2036000E3142000,12773298,
742,CRS3035RES1000mN2036000E3142000,1754,
743,CRS3035RES1000mN2036000E3142000,1748,
744,CRS3035RES1000mN2036000E3142000,79941,
745,CRS3035RES1000mN2036000E3142000,1750,
746,CRS3035RES1000mN2036000E3142000,5975465,109.0
747,CRS3035RES1000mN2036000E3142000,115056,
748,CRS3035RES1000mN2036000E3142000,1790,119.0
749,CRS3035RES1000mN2036000E3142000,1756,105.0
750,CRS3035RES1000mN2036000E3142000,51849,
751,CRS3035RES1000mN2036000E3142000,185595,112.0
752,CRS3035RES1000mN2036000E3142000,7697128,102.0
753,CRS3035RES1000mN2036000E3142000,10395362,
754,CRS3035RES1000mN2036000E3142000,1759,118.0
755,CRS3035RES1000mN2036000E3142000,1752,
756,CRS3035RES1000mN2036000E3142000,186714,
757,CRS3035RES1000mN2036000E3142000,1753,
758,CRS3035RES1000mN2036000E3142000,1792,
759,CRS3035RES1000mN2036000E3142000,1763,114.0
760,CRS3035RES1000mN2036000E3142000,1746,
761,CRS3035RES1000mN2036000E3142000,11572165,
762,CRS3035RES1000mN2036000E3142000,1761,119.0
763,CRS3035RES1000mN2036000E3142000,1747,
764,CRS3035RES1000mN2036000E3142000,5768564,94.0
765,CRS3035RES1000mN2036000E3142000,1798,107.0
766,CRS3035RES1000mN2036000E3142000,66904,
767,CRS3035RES1000mN2036000E3142000,1777,103.0
768,CRS3035RES1000mN2036000E3142000,1765,115.0
769,CRS3035RES1000mN2036000E3142000,49416,
770,CRS3035RES1000mN2036000E3142000,12734939,
771,CRS3035RES1000mN2036000E3142000,167386167,107.0
772,CRS3035RES1000mN2036000E3142000,295933804,111.0
773,CRS3035RES1000mN2036000E3142000,303340017,89.0
774,CRS3035RES1000mN2036000E3142000,315355551,107.0
775,CRS3035RES1000mN2036000E3142000,339084977,119.0
776,CRS3035RES1000mN2036000E3142000,412911553,103.0
777,CRS3035RES1000mN2036000E3142000,558126037,106.0
778,CRS3035RES1000mN2036000E3142000,711789768,
779,CRS3035RES1000mN2036000E3142000,727666062,
780,CRS3035RES1000mN2036000E3142000,848085869,114.0
781,CRS3035RES1000mN2036000E3142000,1056098898,115.0
782,CRS3035RES1000mN2036000E3142000,1255438242,
783,CRS3035RES1000mN2036000E3142000,1469985039,
784,CRS3035RES1000mN2036000E3142000,1504302537,
785,CRS3035RES1000mN2036000E3142000,1511617504,
786,CRS3035RES1000mN2036000E3142000,1541601287,99.0
787,CRS3035RES1000mN2036000E3142000,1544591296,
788,CRS3035RES1000mN2036000E3142000,1598174183,
789,CRS3035RES1000mN2036000E3142000,1629887846,
790,CRS3035RES1000mN2036000E3142000,1686660176,
791,CRS3035RES1000mN2036000E3142000,1716927336,
792,CRS3035RES1000mN2036000E3142000,1734554324,
793,CRS3035RES1000mN2036000E3142000,1849109335,81.0
794,CRS3035RES1000mN2036000E3142000,2028408680,
795,CRS3035RES1000mN2036000E3142000,2036887702,
796,CRS3035RES1000mN2036000E3142000,2061404218,
797,CRS3035RES1000mN2036000E3142000,2134238030,
798,CRS3035RES1000mN2036000E3142000,2261600754,
799,CRS3035RES1000mN2036000E3142000,2301402027,
800,CRS3035RES1000mN2036000E3142000,2303966810,
801,CRS3035RES1000mN2036000E3142000,2312029862,
802,CRS3035RES1000mN2036000E3142000,2408860250,106.0
803,CRS3035RES1000mN2036000E3142000,2620185829,108.0
804,CRS3035RES1000mN2036000E3142000,2622508931,99.0
805,CRS3035RES1000mN2036000E3142000,2672130951,
806,CRS3035RES1000mN2036000E3142000,2710518818,
807,CRS3035RES1000mN2036000E3142000,3034026261,
808,CRS3035RES1000mN2036000E3142000,3179889751,
809,CRS3035RES1000mN2036000E3142000,3206611978,
810,CRS3035RES1000mN2036000E3142000,3272828439,
811,CRS3035RES1000mN2036000E3142000,3452364276,
812,CRS3035RES1000mN2036000E3142000,3452364277,118.0
813,CRS3035RES1000mN2036000E3142000,3495733197,
814,CRS3035RES1000mN2036000E3142000,3497154853,
815,CRS3035RES1000mN2036000E3142000,3517755445,
816,CRS3035RES1000mN2036000E3142000,3522125657,
817,CRS3035RES1000mN2036000E3142000,3526751794,
818,CRS3035RES1000mN2036000E3142000,3839306060,
819,CRS3035RES1000mN2036000E3142000,4214697664,101.0
820,CRS3035RES1000mN2036000E3142000,4338252586,
821,CRS3035RES1000mN2036000E3142000,4401271633,
822,CRS3035RES1000mN2036000E3142000,4515476768,
823,CRS3035RES1000mN2036000E3142000,4569910891,106.0
824,CRS3035RES1000mN2036000E3142000,4703730491,113.0
825,CRS3035RES1000mN2036000E3142000,4707870392,104.0
826,CRS3035RES1000mN2036000E3142000,4789037769,
827,CRS3035RES1000mN2036000E3142000,4794233143,
828,CRS3035RES1000mN2036000E3142000,4870405674,94.0
829,CRS3035RES1000mN2036000E3142000,5139379922,65.0
830,CRS3035RES1000mN2036000E3142000,5160337425,93.0
831,CRS3035RES1000mN2036000E3142000,5196199575,92.0
832,CRS3035RES1000mN2036000E3142000,5341570554,
833,CRS3035RES1000mN2036000E3142000,5345949864,
834,CRS3035RES1000mN2036000E3142000,5448507385,
835,CRS3035RES1000mN2036000E3142000,5604693894,
836,CRS3035RES1000mN2036000E3142000,5670401989,
837,CRS3035RES1000mN2036000E3142000,5942671299,
838,CRS3035RES1000mN2036000E3142000,5943980960,108.0
839,CRS3035RES1000mN2036000E3142000,6185791451,
840,CRS3035RES1000mN2036000E3142000,6188948286,
841,CRS3035RES1000mN2036000E3142000,6555800191,119.0
842,CRS3035RES1000mN2036000E3142000,6885254479,
843,CRS3035RES1000mN2036000E3142000,7222611268,
844,CRS3035RES1000mN2036000E3142000,7408961006,
845,CRS3035RES1000mN2036000E3142000,7619964683,
846,CRS3035RES1000mN2036000E3142000,7836562695,
847,CRS3035RES1000mN2036000E3142000,8493729364,111.0
848,CRS3035RES1000mN2036000E3142000,8557885377,107.0
849,CRS3035RES1000mN2036000E3142000,8807212208,110.0
850,CRS3035RES1000mN2036000E3142000,8844229173,113.0
851,CRS3035RES1000mN2036000E3142000,8878422600,106.0
852,CRS3035RES1000mN2036000E3142000,9595709188,
853,CRS3035RES1000mN2036000E3142000,9611387099,114.0
854,CRS3035RES1000mN2036000E3142000,9712656915,92.0
855,CRS3035RES1000mN2036000E3142000,9713142744,111.0
856,CRS3035RES1000mN2036000E3142000,9815746657,
857,CRS3035RES1000mN2036000E3142000,10004871512,
858,CRS3035RES1000mN2036000E3142000,10281174134,
859,CRS3035RES1000mN2036000E3142000,10580337411,
860,CRS3035RES1000mN2036000E3142000,10899442604,
861,CRS3035RES1000mN2036000E3142000,10922657146,
862,CRS3035RES1000mN2036000E3142000,11127499928,
863,CRS3035RES1000mN2036000E3142000,11143725881,79.0
864,CRS3035RES1000mN2036000E3142000,11243087140,
865,CRS3035RES1000mN2036000E3142000,11269399969,94.0
866,CRS3035RES1000mN2036000E3142000,11287269362,
867,CRS3035RES1000mN2036000E3142000,11287269363,
868,CRS3035RES1000mN2036000E3142000,11369705764,
869,CRS3035RES1000mN2036000E3142000,11387776374,
870,CRS3035RES1000mN2036000E3142000,11461799040,
871,CRS3035RES1000mN2036000E3142000,11462802981,
872,CRS3035RES1000mN2036000E3142000,11652077658,86.0
873,CRS3035RES1000mN2036000E3142000,11691390164,100.0
874,CRS3035RES1000mN2036000E3142000,11739757462,
875,CRS3035RES1000mN2036000E3142000,12178446726,107.0
876,CRS3035RES1000mN2036000E3142000,12407425114,88.0
877,CRS3035RES1000mN2036000E3142000,12865480228,
878,CRS3035RES1000mN2036000E3142000,2960630,
879,CRS3035RES1000mN2036000E3142000,3554044,
880,CRS3035RES1000mN2036000E3142000,3557906,
881,CRS3035RES1000mN2036000E3142000,5231361,95.0
882,CRS3035RES1000mN2036000E3142000,9314566,
883,CRS3035RES1000mN2036000E3142000,13696257,104.0
884,CRS3035RES1000mN2036000E3142000,15996131,102.0
885,CRS3035RES1000mN2036000E3142000,23526191,
886,CRS3035RES1000mN2036000E3142000,23545719,
887,CRS3035RES1000mN2036000E3142000,30599279,114.0
888,CRS3035RES1000mN2036000E3142000,30649229,92.0
889,CRS3035RES1000mN2036000E3142000,32198651,
890,CRS3035RES1000mN2036000E3142000,34945111,
891,CRS3035RES1000mN2036000E3142000,50170625,
892,CRS3035RES1000mN2036000E3142000,82887228,109.0
893,CRS3035RES1000mN2036000E3142000,92484952,60.0
894,CRS3035RES1000mN2036000E3142000,95794713,
895,CRS3035RES1000mN2036000E3142000,96418670,
896,CRS3035RES1000mN2036000E3142000,98502686,95.0
897,CRS3035RES1000mN2036000E3142000,132613257,
898,CRS3035RES1000mN2036000E3142000,135036040,
899,CRS3035RES1000mN2036000E3142000,150772489,108.0
900,CRS3035RES1000mN2036000E3142000,154118456,88.0
901,CRS3035RES1000mN2036000E3142000,157375776,
902,CRS3035RES1000mN2036000E3142000,158211204,
903,CRS3035RES1000mN2036000E3142000,162072415,112.0
904,CRS3035RES1000mN2036000E3142000,162117720,106.0
905,CRS3035RES1000mN2036000E3142000,170487273,
906,CRS3035RES1000mN2036000E3142000,172686062,
907,CRS3035RES1000mN2036000E3142000,174318235,117.0
908,CRS3035RES1000mN2036000E3142000,174318237,
909,CRS3035RES1000mN2036000E3142000,205060159,
910,CRS3035RES1000mN2036000E3142000,205757163,
911,CRS3035RES1000mN2036000E3142000,221095520,
912,CRS3035RES1000mN2036000E3142000,224503374,114.0
913,CRS3035RES1000mN2036000E3142000,227333462,114.0
914,CRS3035RES1000mN2036000E3142000,229117454,78.0
915,CRS3035RES1000mN2036000E3142000,261460389,
916,CRS3035RES1000mN2036000E3142000,283450022,101.0
917,CRS3035RES1000mN2036000E3142000,288994040,113.0
918,CRS3035RES1000mN2036000E3142000,296744564,
919,CRS3035RES1000mN2036000E3142000,297526406,
920,CRS3035RES1000mN2036000E3142000,300709861,
921,CRS3035RES1000mN2036000E3142000,301444634,99.0
922,CRS3035RES1000mN2036000E3142000,302721609,
923,CRS3035RES1000mN2036000E3142000,308195630,113.0
924,CRS3035RES1000mN2036000E3142000,312777902,114.0
925,CRS3035RES1000mN2036000E3142000,330154630,
926,CRS3035RES1000mN2036000E3142000,340205456,109.0
927,CRS3035RES1000mN2036000E3142000,367883612,103.0
928,CRS3035RES1000mN2036000E3142000,368211943,98.0
929,CRS3035RES1000mN2036000E3142000,374180360,
930,CRS3035RES1000mN2036000E3142000,375369499,82.0
931,CRS3035RES1000mN2036000E3142000,383494544,
932,CRS3035RES1000mN2036000E3142000,384574591,
933,CRS3035RES1000mN2036000E3142000,403538322,
934,CRS3035RES1000mN2036000E3142000,403859503,101.0
935,CRS3035RES1000mN2036000E3142000,437050442,
936,CRS3035RES1000mN2036000E3142000,459881697,88.0
937,CRS3035RES1000mN2036000E3142000,477278425,
938,CRS3035RES1000mN2036000E3142000,486879235,
939,CRS3035RES1000mN2036000E3142000,493748377,108.0
940,CRS3035RES1000mN2036000E3142000,498234201,
941,CRS3035RES1000mN2036000E3142000,504315026,
942,CRS3035RES1000mN2036000E3142000,548701490,
943,CRS3035RES1000mN2036000E3142000,574210084,95.0
944,CRS3035RES1000mN2036000E3142000,576094143,112.0
945,CRS3035RES1000mN2036000E3142000,584409067,
946,CRS3035RES1000mN2036000E3142000,635512756,
947,CRS3035RES1000mN2036000E3142000,638492224,
948,CRS3035RES1000mN2036000E3142000,653913062,
949,CRS3035RES1000mN2036000E3142000,659866770,
950,CRS3035RES1000mN2036000E3142000,697717972,117.0
951,CRS3035RES1000mN2036000E3142000,717194862,
952,CRS3035RES1000mN2036000E3142000,736899303,
953,CRS3035RES1000mN2036000E3142000,738042217,
954,CRS3035RES1000mN2036000E3142000,839611983,
955,CRS3035RES1000mN2036000E3142000,957893520,110.0
956,CRS3035RES1000mN2036000E3142000,963308110,
957,CRS3035RES1000mN2036000E3142000,1073283182,
958,CRS3035RES1000mN2036000E3142000,1252864015,
959,CRS3035RES1000mN2036000E3142000,1283203658,
960,CRS3035RES1000mN2036000E3144000,25526,79.0
961,CRS3035RES1000mN2036000E3144000,1774,77.0
962,CRS3035RES1000mN2036000E3144000,1770,88.0
963,CRS3035RES1000mN2036000E3144000,1773,88.0
964,CRS3035RES1000mN2036000E3144000,1771,53.0
965,CRS3035RES1000mN2036000E3144000,123303,89.0
966,CRS3035RES1000mN2036000E3144000,1764,66.0
967,CRS3035RES1000mN2036000E3144000,181101,93.0
968,CRS3035RES1000mN2036000E3144000,5765642,82.0
969,CRS3035RES1000mN2036000E3144000,86719,97.0
970,CRS3035RES1000mN2036000E3144000,1800,88.0
971,CRS3035RES1000mN2036000E3144000,1757,75.0
972,CRS3035RES1000mN2036000E3144000,1755,78.0
973,CRS3035RES1000mN2036000E3144000,1882,56.0
974,CRS3035RES1000mN2036000E3144000,1745,79.0
975,CRS3035RES1000mN2036000E3144000,1794,79.0
976,CRS3035RES1000mN2036000E3144000,1762,69.0
977,CRS3035RES1000mN2036000E3144000,51188,75.0
978,CRS3035RES1000mN2036000E3144000,6893633,73.0
979,CRS3035RES1000mN2036000E3144000,167128,84.0
980,CRS3035RES1000mN2036000E3144000,1760,76.0
981,CRS3035RES1000mN2036000E3144000,12773298,87.0
982,CRS3035RES1000mN2036000E3144000,1754,101.0
983,CRS3035RES1000mN2036000E3144000,1748,89.0
984,CRS3035RES1000mN2036000E3144000,79941,82.0
985,CRS3035RES1000mN2036000E3144000,1750,81.0
986,CRS3035RES1000mN2036000E3144000,5975465,66.0
987,CRS3035RES1000mN2036000E3144000,115056,87.0
988,CRS3035RES1000mN2036000E3144000,1790,75.0
989,CRS3035RES1000mN2036000E3144000,1756,82.0
990,CRS3035RES1000mN2036000E3144000,51849,79.0
991,CRS3035RES1000mN2036000E3144000,185595,66.0
992,CRS3035RES1000mN2036000E3144000,7697128,61.0
993,CRS3035RES1000mN2036000E3144000,10395362,94.0
994,CRS3035RES1000mN2036000E3144000,1759,78.0
995,CRS3035RES1000mN2036000E3144000,1752,77.0
996,CRS3035RES1000mN2036000E3144000,186714,78.0
997,CRS3035RES1000mN2036000E3144000,1753,82.0
998,CRS3035RES1000mN2036000E3144000,1792,86.0
999,CRS3035RES1000mN2036000E3144000,1763,77.0
1000,CRS3035RES1000mN2036000E3144000,1746,86.0
1001,CRS3035RES1000mN2036000E3144000,11572165,92.0
1002,CRS3035RES1000mN2036000E3144000,1761,77.0
1003,CRS3035RES1000mN2036000E3144000,1747,88.0
1004,CRS3035RES1000mN2036000E3144000,5768564,77.0
1005,CRS3035RES1000mN2036000E3144000,1798,65.0
1006,CRS3035RES1000mN2036000E3144000,66904,81.0
1007,CRS3035RES1000mN2036000E3144000,1777,59.0
1008,CRS3035RES1000mN2036000E3144000,1765,72.0
1009,CRS3035RES1000mN2036000E3144000,49416,88.0
1010,CRS3035RES1000mN2036000E3144000,12734939,88.0
1011,CRS3035RES1000mN2036000E3144000,167386167,63.0
1012,CRS3035RES1000mN2036000E3144000,295933804,57.0
1013,CRS3035RES1000mN2036000E3144000,303340017,56.0
1014,CRS3035RES1000mN2036000E3144000,315355551,65.0
1015,CRS3035RES1000mN2036000E3144000,339084977,77.0
1016,CRS3035RES1000mN2036000E3144000,412911553,59.0
1017,CRS3035RES1000mN2036000E3144000,558126037,80.0
1018,CRS3035RES1000mN2036000E3144000,711789768,117.0
1019,CRS3035RES1000mN2036000E3144000,727666062,
1020,CRS3035RES1000mN2036000E3144000,848085869,94.0
1021,CRS3035RES1000mN2036000E3144000,1056098898,70.0
1022,CRS3035RES1000mN2036000E3144000,1255438242,117.0
1023,CRS3035RES1000mN2036000E3144000,1469985039,100.0
1024,CRS3035RES1000mN2036000E3144000,1504302537,
1025,CRS3035RES1000mN2036000E3144000,1511617504,102.0
1026,CRS3035RES1000mN2036000E3144000,1541601287,57.0
1027,CRS3035RES1000mN2036000E3144000,1544591296,83.0
1028,CRS3035RES1000mN2036000E3144000,1598174183,84.0
1029,CRS3035RES1000mN2036000E3144000,1629887846,90.0
1030,CRS3035RES1000mN2036000E3144000,1686660176,89.0
1031,CRS3035RES1000mN2036000E3144000,1716927336,
1032,CRS3035RES1000mN2036000E3144000,1734554324,92.0
1033,CRS3035RES1000mN2036000E3144000,1849109335,61.0
1034,CRS3035RES1000mN2036000E3144000,2028408680,115.0
1035,CRS3035RES1000mN2036000E3144000,2036887702,
1036,CRS3035RES1000mN2036000E3144000,2061404218,102.0
1037,CRS3035RES1000mN2036000E3144000,2134238030,94.0
1038,CRS3035RES1000mN2036000E3144000,2261600754,
1039,CRS3035RES1000mN2036000E3144000,2301402027,98.0
1040,CRS3035RES1000mN2036000E3144000,2303966810,
1041,CRS3035RES1000mN2036000E3144000,2312029862,87.0
1042,CRS3035RES1000mN2036000E3144000,2408860250,81.0
1043,CRS3035RES1000mN2036000E3144000,2620185829,64.0
1044,CRS3035RES1000mN2036000E3144000,2622508931,55.0
1045,CRS3035RES1000mN2036000E3144000,2672130951,
1046,CRS3035RES1000mN2036000E3144000,2710518818,110.0
1047,CRS3035RES1000mN2036000E3144000,3034026261,
1048,CRS3035RES1000mN2036000E3144000,3179889751,
1049,CRS3035RES1000mN2036000E3144000,3206611978,
1050,CRS3035RES1000mN2036000E3144000,3272828439,106.0
1051,CRS3035RES1000mN2036000E3144000,3452364276,92.0
1052,CRS3035RES1000mN2036000E3144000,3452364277,74.0
1053,CRS3035RES1000mN2036000E3144000,3495733197,
1054,CRS3035RES1000mN2036000E3144000,3497154853,
1055,CRS3035RES1000mN2036000E3144000,3517755445,
1056,CRS3035RES1000mN2036000E3144000,3522125657,
1057,CRS3035RES1000mN2036000E3144000,3526751794,
1058,CRS3035RES1000mN2036000E3144000,3839306060,90.0
1059,CRS3035RES1000mN2036000E3144000,4214697664,63.0
1060,CRS3035RES1000mN2036000E3144000,4338252586,
1061,CRS3035RES1000mN2036000E3144000,4401271633,
1062,CRS3035RES1000mN2036000E3144000,4515476768,
1063,CRS3035RES1000mN2036000E3144000,4569910891,64.0
1064,CRS3035RES1000mN2036000E3144000,4703730491,70.0
1065,CRS3035RES1000mN2036000E3144000,4707870392,67.0
1066,CRS3035RES1000mN2036000E3144000,4789037769,
1067,CRS3035RES1000mN2036000E3144000,4794233143,
1068,CRS3035RES1000mN2036000E3144000,4870405674,78.0
1069,CRS3035RES1000mN2036000E3144000,5139379922,49.0
1070,CRS3035RES1000mN2036000E3144000,5160337425,49.0
1071,CRS3035RES1000mN2036000E3144000,5196199575,63.0
1072,CRS3035RES1000mN2036000E3144000,5341570554,77.0
1073,CRS3035RES1000mN2036000E3144000,5345949864,110.0
1074,CRS3035RES1000mN2036000E3144000,5448507385,
1075,CRS3035RES1000mN2036000E3144000,5604693894,
1076,CRS3035RES1000mN2036000E3144000,5670401989,92.0
1077,CRS3035RES1000mN2036000E3144000,5942671299,107.0
1078,CRS3035RES1000mN2036000E3144000,5943980960,61.0
1079,CRS3035RES1000mN2036000E3144000,6185791451,
1080,CRS3035RES1000mN2036000E3144000,6188948286,107.0
1081,CRS3035RES1000mN2036000E3144000,6555800191,93.0
1082,CRS3035RES1000mN2036000E3144000,6885254479,88.0
1083,CRS3035RES1000mN2036000E3144000,7222611268,
1084,CRS3035RES1000mN2036000E3144000,7408961006,
1085,CRS3035RES1000mN2036000E3144000,7619964683,
1086,CRS3035RES1000mN2036000E3144000,7836562695,113.0
1087,CRS3035RES1000mN2036000E3144000,8493729364,69.0
1088,CRS3035RES1000mN2036000E3144000,8557885377,73.0
1089,CRS3035RES1000mN2036000E3144000,8807212208,66.0
1090,CRS3035RES1000mN2036000E3144000,8844229173,69.0
1091,CRS3035RES1000mN2036000E3144000,8878422600,52.0
1092,CRS3035RES1000mN2036000E3144000,9595709188,80.0
1093,CRS3035RES1000mN2036000E3144000,9611387099,75.0
1094,CRS3035RES1000mN2036000E3144000,9712656915,48.0
1095,CRS3035RES1000mN2036000E3144000,9713142744,68.0
1096,CRS3035RES1000mN2036000E3144000,9815746657,
1097,CRS3035RES1000mN2036000E3144000,10004871512,87.0
1098,CRS3035RES1000mN2036000E3144000,10281174134,
1099,CRS3035RES1000mN2036000E3144000,10580337411,94.0
1100,CRS3035RES1000mN2036000E3144000,10899442604,108.0
1101,CRS3035RES1000mN2036000E3144000,10922657146,100.0
1102,CRS3035RES1000mN2036000E3144000,11127499928,99.0
1103,CRS3035RES1000mN2036000E3144000,11143725881,64.0
1104,CRS3035RES1000mN2036000E3144000,11243087140,96.0
1105,CRS3035RES1000mN2036000E3144000,11269399969,50.0
1106,CRS3035RES1000mN2036000E3144000,11287269362,91.0
1107,CRS3035RES1000mN2036000E3144000,11287269363,109.0
1108,CRS3035RES1000mN2036000E3144000,11369705764,101.0
1109,CRS3035RES1000mN2036000E3144000,11387776374,97.0
1110,CRS3035RES1000mN2036000E3144000,11461799040,
1111,CRS3035RES1000mN2036000E3144000,11462802981,83.0
1112,CRS3035RES1000mN2036000E3144000,11652077658,66.0
1113,CRS3035RES1000mN2036000E3144000,11691390164,56.0
1114,CRS3035RES1000mN2036000E3144000,11739757462,96.0
1115,CRS3035RES1000mN2036000E3144000,12178446726,82.0
1116,CRS3035RES1000mN2036000E3144000,12407425114,45.0
1117,CRS3035RES1000mN2036000E3144000,12865480228,91.0
1118,CRS3035RES1000mN2036000E3144000,2960630,86.0
1119,CRS3035RES1000mN2036000E3144000,3554044,105.0
1120,CRS3035RES1000mN2036000E3144000,3557906,104.0
1121,CRS3035RES1000mN2036000E3144000,5231361,51.0
1122,CRS3035RES1000mN2036000E3144000,9314566,
1123,CRS3035RES1000mN2036000E3144000,13696257,47.0
1124,CRS3035RES1000mN2036000E3144000,15996131,58.0
1125,CRS3035RES1000mN2036000E3144000,23526191,81.0
1126,CRS3035RES1000mN2036000E3144000,23545719,85.0
1127,CRS3035RES1000mN2036000E3144000,30599279,96.0
1128,CRS3035RES1000mN2036000E3144000,30649229,48.0
1129,CRS3035RES1000mN2036000E3144000,32198651,
1130,CRS3035RES1000mN2036000E3144000,34945111,103.0
1131,CRS3035RES1000mN2036000E3144000,50170625,
1132,CRS3035RES1000mN2036000E3144000,82887228,87.0
1133,CRS3035RES1000mN2036000E3144000,92484952,26.0
1134,CRS3035RES1000mN2036000E3144000,95794713,96.0
1135,CRS3035RES1000mN2036000E3144000,96418670,112.0
1136,CRS3035RES1000mN2036000E3144000,98502686,44.0
1137,CRS3035RES1000mN2036000E3144000,132613257,93.0
1138,CRS3035RES1000mN2036000E3144000,135036040,93.0
1139,CRS3035RES1000mN2036000E3144000,150772489,64.0
1140,CRS3035RES1000mN2036000E3144000,154118456,78.0
1141,CRS3035RES1000mN2036000E3144000,157375776,96.0
1142,CRS3035RES1000mN2036000E3144000,158211204,95.0
1143,CRS3035RES1000mN2036000E3144000,162072415,95.0
1144,CRS3035RES1000mN2036000E3144000,162117720,52.0
1145,CRS3035RES1000mN2036000E3144000,170487273,
1146,CRS3035RES1000mN2036000E3144000,172686062,100.0
1147,CRS3035RES1000mN2036000E3144000,174318235,96.0
1148,CRS3035RES1000mN2036000E3144000,174318237,100.0
1149,CRS3035RES1000mN2036000E3144000,205060159,
1150,CRS3035RES1000mN2036000E3144000,205757163,
1151,CRS3035RES1000mN2036000E3144000,221095520,97.0
1152,CRS3035RES1000mN2036000E3144000,224503374,71.0
1153,CRS3035RES1000mN2036000E3144000,227333462,41.0
1154,CRS3035RES1000mN2036000E3144000,229117454,63.0
1155,CRS3035RES1000mN2036000E3144000,261460389,
1156,CRS3035RES1000mN2036000E3144000,283450022,58.0
1157,CRS3035RES1000mN2036000E3144000,288994040,72.0
1158,CRS3035RES1000mN2036000E3144000,296744564,119.0
1159,CRS3035RES1000mN2036000E3144000,297526406,97.0
1160,CRS3035RES1000mN2036000E3144000,300709861,
1161,CRS3035RES1000mN2036000E3144000,301444634,51.0
1162,CRS3035RES1000mN2036000E3144000,302721609,
1163,CRS3035RES1000mN2036000E3144000,308195630,79.0
1164,CRS3035RES1000mN2036000E3144000,312777902,75.0
1165,CRS3035RES1000mN2036000E3144000,330154630,
1166,CRS3035RES1000mN2036000E3144000,340205456,65.0
1167,CRS3035RES1000mN2036000E3144000,367883612,81.0
1168,CRS3035RES1000mN2036000E3144000,368211943,77.0
1169,CRS3035RES1000mN2036000E3144000,374180360,92.0
1170,CRS3035RES1000mN2036000E3144000,375369499,72.0
1171,CRS3035RES1000mN2036000E3144000,383494544,80.0
1172,CRS3035RES1000mN2036000E3144000,384574591,100.0
1173,CRS3035RES1000mN2036000E3144000,403538322,113.0
1174,CRS3035RES1000mN2036000E3144000,403859503,57.0
1175,CRS3035RES1000mN2036000E3144000,437050442,113.0
1176,CRS3035RES1000mN2036000E3144000,459881697,34.0
1177,CRS3035RES1000mN2036000E3144000,477278425,
1178,CRS3035RES1000mN2036000E3144000,486879235,
1179,CRS3035RES1000mN2036000E3144000,493748377,90.0
1180,CRS3035RES1000mN2036000E3144000,498234201,111.0
1181,CRS3035RES1000mN2036000E3144000,504315026,92.0
1182,CRS3035RES1000mN2036000E3144000,548701490,
1183,CRS3035RES1000mN2036000E3144000,574210084,62.0
1184,CRS3035RES1000mN2036000E3144000,576094143,92.0
1185,CRS3035RES1000mN2036000E3144000,584409067,
1186,CRS3035RES1000mN2036000E3144000,635512756,97.0
1187,CRS3035RES1000mN2036000E3144000,638492224,
1188,CRS3035RES1000mN2036000E3144000,653913062,99.0
1189,CRS3035RES1000mN2036000E3144000,659866770,
1190,CRS3035RES1000mN2036000E3144000,697717972,98.0
1191,CRS3035RES1000mN2036000E3144000,717194862,
1192,CRS3035RES1000mN2036000E3144000,736899303,
1193,CRS3035RES1000mN2036000E3144000,738042217,
1194,CRS3035RES1000mN2036000E3144000,839611983,
1195,CRS3035RES1000mN2036000E3144000,957893520,67.0
1196,CRS3035RES1000mN2036000E3144000,963308110,99.0
1197,CRS3035RES1000mN2036000E3144000,1073283182,
1198,CRS3035RES1000mN2036000E3144000,1252864015,84.0
1199,CRS3035RES1000mN2036000E3144000,1283203658,
1200,CRS3035RES1000mN2036000E3145000,25526,80.0
1201,CRS3035RES1000mN2036000E3145000,1774,79.0
1202,CRS3035RES1000mN2036000E3145000,1770,92.0
1203,CRS3035RES1000mN2036000E3145000,1773,92.0
1204,CRS3035RES1000mN2036000E3145000,1771,57.0
1205,CRS3035RES1000mN2036000E3145000,123303,91.0
1206,CRS3035RES1000mN2036000E3145000,1764,68.0
1207,CRS3035RES1000mN2036000E3145000,181101,97.0
1208,CRS3035RES1000mN2036000E3145000,5765642,83.0
1209,CRS3035RES1000mN2036000E3145000,86719,101.0
1210,CRS3035RES1000mN2036000E3145000,1800,90.0
1211,CRS3035RES1000mN2036000E3145000,1757,78.0
1212,CRS3035RES1000mN2036000E3145000,1755,79.0
1213,CRS3035RES1000mN2036000E3145000,1882,59.0
1214,CRS3035RES1000mN2036000E3145000,1745,82.0
1215,CRS3035RES1000mN2036000E3145000,1794,83.0
1216,CRS3035RES1000mN2036000E3145000,1762,72.0
1217,CRS3035RES1000mN2036000E3145000,51188,78.0
1218,CRS3035RES1000mN2036000E3145000,6893633,75.0
1219,CRS3035RES1000mN2036000E3145000,167128,88.0
1220,CRS3035RES1000mN2036000E3145000,1760,80.0
1221,CRS3035RES1000mN2036000E3145000,12773298,91.0
1222,CRS3035RES1000mN2036000E3145000,1754,103.0
1223,CRS3035RES1000mN2036000E3145000,1748,92.0
1224,CRS3035RES1000mN2036000E3145000,79941,84.0
1225,CRS3035RES1000mN2036000E3145000,1750,84.0
1226,CRS3035RES1000mN2036000E3145000,5975465,69.0
1227,CRS3035RES1000mN2036000E3145000,115056,90.0
1228,CRS3035RES1000mN2036000E3145000,1790,77.0
1229,CRS3035RES1000mN2036000E3145000,1756,84.0
1230,CRS3035RES1000mN2036000E3145000,51849,82.0
1231,CRS3035RES1000mN2036000E3145000,185595,69.0
1232,CRS3035RES1000mN2036000E3145000,7697128,65.0
1233,CRS3035RES1000mN2036000E3145000,10395362,96.0
1234,CRS3035RES1000mN2036000E3145000,1759,81.0
1235,CRS3035RES1000mN2036000E3145000,1752,81.0
1236,CRS3035RES1000mN2036000E3145000,186714,81.0
1237,CRS3035RES1000mN2036000E3145000,1753,85.0
1238,CRS3035RES1000mN2036000E3145000,1792,89.0
1239,CRS3035RES1000mN2036000E3145000,1763,78.0
1240,CRS3035RES1000mN2036000E3145000,1746,89.0
1241,CRS3035RES1000mN2036000E3145000,11572165,95.0
1242,CRS3035RES1000mN2036000E3145000,1761,80.0
1243,CRS3035RES1000mN2036000E3145000,1747,92.0
1244,CRS3035RES1000mN2036000E3145000,5768564,78.0
1245,CRS3035RES1000mN2036000E3145000,1798,67.0
1246,CRS3035RES1000mN2036000E3145000,66904,83.0
1247,CRS3035RES1000mN2036000E3145000,1777,62.0
1248,CRS3035RES1000mN2036000E3145000,1765,75.0
1249,CRS3035RES1000mN2036000E3145000,49416,92.0
1250,CRS3035RES1000mN2036000E3145000,12734939,92.0
1251,CRS3035RES1000mN2036000E3145000,167386167,66.0
1252,CRS3035RES1000mN2036000E3145000,295933804,57.0
1253,CRS3035RES1000mN2036000E3145000,303340017,59.0
1254,CRS3035RES1000mN2036000E3145000,315355551,49.0
1255,CRS3035RES1000mN2036000E3145000,339084977,77.0
1256,CRS3035RES1000mN2036000E3145000,412911553,62.0
1257,CRS3035RES1000mN2036000E3145000,558126037,70.0
1258,CRS3035RES1000mN2036000E3145000,711789768,118.0
1259,CRS3035RES1000mN2036000E3145000,727666062,
1260,CRS3035RES1000mN2036000E3145000,848085869,95.0
1261,CRS3035RES1000mN2036000E3145000,1056098898,74.0
1262,CRS3035RES1000mN2036000E3145000,1255438242,119.0
1263,CRS3035RES1000mN2036000E3145000,1469985039,104.0
1264,CRS3035RES1000mN2036000E3145000,1504302537,
1265,CRS3035RES1000mN2036000E3145000,1511617504,103.0
1266,CRS3035RES1000mN2036000E3145000,1541601287,58.0
1267,CRS3035RES1000mN2036000E3145000,1544591296,87.0
1268,CRS3035RES1000mN2036000E3145000,1598174183,86.0
1269,CRS3035RES1000mN2036000E3145000,1629887846,92.0
1270,CRS3035RES1000mN2036000E3145000,1686660176,93.0
1271,CRS3035RES1000mN2036000E3145000,1716927336,
1272,CRS3035RES1000mN2036000E3145000,1734554324,94.0
1273,CRS3035RES1000mN2036000E3145000,1849109335,64.0
1274,CRS3035RES1000mN2036000E3145000,2028408680,116.0
1275,CRS3035RES1000mN2036000E3145000,2036887702,
1276,CRS3035RES1000mN2036000E3145000,2061404218,103.0
1277,CRS3035RES1000mN2036000E3145000,2134238030,96.0
1278,CRS3035RES1000mN2036000E3145000,2261600754,
1279,CRS3035RES1000mN2036000E3145000,2301402027,101.0
1280,CRS3035RES1000mN2036000E3145000,2303966810,
1281,CRS3035RES1000mN2036000E3145000,2312029862,89.0
1282,CRS3035RES1000mN2036000E3145000,2408860250,82.0
1283,CRS3035RES1000mN2036000E3145000,2620185829,67.0
1284,CRS3035RES1000mN2036000E3145000,2622508931,58.0
1285,CRS3035RES1000mN2036000E3145000,2672130951,
1286,CRS3035RES1000mN2036000E3145000,2710518818,111.0
1287,CRS3035RES1000mN2036000E3145000,3034026261,
1288,CRS3035RES1000mN2036000E3145000,3179889751,
1289,CRS3035RES1000mN2036000E3145000,3206611978,
1290,CRS3035RES1000mN2036000E3145000,3272828439,106.0
1291,CRS3035RES1000mN2036000E3145000,3452364276,94.0
1292,CRS3035RES1000mN2036000E3145000,3452364277,77.0
1293,CRS3035RES1000mN2036000E3145000,3495733197,
1294,CRS3035RES1000mN2036000E3145000,3497154853,
1295,CRS3035RES1000mN2036000E3145000,3517755445,
1296,CRS3035RES1000mN2036000E3145000,3522125657,
1297,CRS3035RES1000mN2036000E3145000,3526751794,
1298,CRS3035RES1000mN2036000E3145000,3839306060,92.0
1299,CRS3035RES1000mN2036000E3145000,4214697664,66.0
1300,CRS3035RES1000mN2036000E3145000,4338252586,
1301,CRS3035RES1000mN2036000E3145000,4401271633,
1302,CRS3035RES1000mN2036000E3145000,4515476768,
1303,CRS3035RES1000mN2036000E3145000,4569910891,67.0
1304,CRS3035RES1000mN2036000E3145000,4703730491,55.0
1305,CRS3035RES1000mN2036000E3145000,4707870392,64.0
1306,CRS3035RES1000mN2036000E3145000,4789037769,
1307,CRS3035RES1000mN2036000E3145000,4794233143,
1308,CRS3035RES1000mN2036000E3145000,4870405674,79.0
1309,CRS3035RES1000mN2036000E3145000,5139379922,50.0
1310,CRS3035RES1000mN2036000E3145000,5160337425,52.0
1311,CRS3035RES1000mN2036000E3145000,5196199575,66.0
1312,CRS3035RES1000mN2036000E3145000,5341570554,80.0
1313,CRS3035RES1000mN2036000E3145000,5345949864,110.0
1314,CRS3035RES1000mN2036000E3145000,5448507385,
1315,CRS3035RES1000mN2036000E3145000,5604693894,
1316,CRS3035RES1000mN2036000E3145000,5670401989,93.0
1317,CRS3035RES1000mN2036000E3145000,5942671299,110.0
1318,CRS3035RES1000mN2036000E3145000,5943980960,62.0
1319,CRS3035RES1000mN2036000E3145000,6185791451,
1320,CRS3035RES1000mN2036000E3145000,6188948286,110.0
1321,CRS3035RES1000mN2036000E3145000,6555800191,95.0
1322,CRS3035RES1000mN2036000E3145000,6885254479,92.0
1323,CRS3035RES1000mN2036000E3145000,7222611268,
1324,CRS3035RES1000mN2036000E3145000,7408961006,
1325,CRS3035RES1000mN2036000E3145000,7619964683,
1326,CRS3035RES1000mN2036000E3145000,7836562695,114.0
1327,CRS3035RES1000mN2036000E3145000,8493729364,72.0
1328,CRS3035RES1000mN2036000E3145000,8557885377,75.0
1329,CRS3035RES1000mN2036000E3145000,8807212208,69.0
1330,CRS3035RES1000mN2036000E3145000,8844229173,72.0
1331,CRS3035RES1000mN2036000E3145000,8878422600,53.0
1332,CRS3035RES1000mN2036000E3145000,9595709188,83.0
1333,CRS3035RES1000mN2036000E3145000,9611387099,78.0
1334,CRS3035RES1000mN2036000E3145000,9712656915,51.0
1335,CRS3035RES1000mN2036000E3145000,9713142744,71.0
1336,CRS3035RES1000mN2036000E3145000,9815746657,
1337,CRS3035RES1000mN2036000E3145000,10004871512,89.0
1338,CRS3035RES1000mN2036000E3145000,10281174134,
1339,CRS3035RES1000mN2036000E3145000,10580337411,96.0
1340,CRS3035RES1000mN2036000E3145000,10899442604,109.0
1341,CRS3035RES1000mN2036000E3145000,10922657146,102.0
1342,CRS3035RES1000mN2036000E3145000,11127499928,100.0
1343,CRS3035RES1000mN2036000E3145000,11143725881,67.0
1344,CRS3035RES1000mN2036000E3145000,11243087140,100.0
1345,CRS3035RES1000mN2036000E3145000,11269399969,52.0
1346,CRS3035RES1000mN2036000E3145000,11287269362,92.0
1347,CRS3035RES1000mN2036000E3145000,11287269363,112.0
1348,CRS3035RES1000mN2036000E3145000,11369705764,103.0
1349,CRS3035RES1000mN2036000E3145000,11387776374,100.0
1350,CRS3035RES1000mN2036000E3145000,11461799040,
1351,CRS3035RES1000mN2036000E3145000,11462802981,86.0
1352,CRS3035RES1000mN2036000E3145000,11652077658,69.0
1353,CRS3035RES1000mN2036000E3145000,11691390164,58.0
1354,CRS3035RES1000mN2036000E3145000,11739757462,100.0
1355,CRS3035RES1000mN2036000E3145000,12178446726,85.0
1356,CRS3035RES1000mN2036000E3145000,12407425114,48.0
1357,CRS3035RES1000mN2036000E3145000,12865480228,93.0
1358,CRS3035RES1000mN2036000E3145000,2960630,86.0
1359,CRS3035RES1000mN2036000E3145000,3554044,106.0
1360,CRS3035RES1000mN2036000E3145000,3557906,106.0
1361,CRS3035RES1000mN2036000E3145000,5231361,53.0
1362,CRS3035RES1000mN2036000E3145000,9314566,
1363,CRS3035RES1000mN2036000E3145000,13696257,45.0
1364,CRS3035RES1000mN2036000E3145000,15996131,61.0
1365,CRS3035RES1000mN2036000E3145000,23526191,85.0
1366,CRS3035RES1000mN2036000E3145000,23545719,88.0
1367,CRS3035RES1000mN2036000E3145000,30599279,98.0
1368,CRS3035RES1000mN2036000E3145000,30649229,50.0
1369,CRS3035RES1000mN2036000E3145000,32198651,
1370,CRS3035RES1000mN2036000E3145000,34945111,108.0
1371,CRS3035RES1000mN2036000E3145000,50170625,
1372,CRS3035RES1000mN2036000E3145000,82887228,88.0
1373,CRS3035RES1000mN2036000E3145000,92484952,17.0
1374,CRS3035RES1000mN2036000E3145000,95794713,99.0
1375,CRS3035RES1000mN2036000E3145000,96418670,113.0
1376,CRS3035RES1000mN2036000E3145000,98502686,45.0
1377,CRS3035RES1000mN2036000E3145000,132613257,96.0
1378,CRS3035RES1000mN2036000E3145000,135036040,95.0
1379,CRS3035RES1000mN2036000E3145000,150772489,66.0
1380,CRS3035RES1000mN2036000E3145000,154118456,79.0
1381,CRS3035RES1000mN2036000E3145000,157375776,97.0
1382,CRS3035RES1000mN2036000E3145000,158211204,96.0
1383,CRS3035RES1000mN2036000E3145000,162072415,97.0
1384,CRS3035RES1000mN2036000E3145000,162117720,53.0
1385,CRS3035RES1000mN2036000E3145000,170487273,
1386,CRS3035RES1000mN2036000E3145000,172686062,103.0
1387,CRS3035RES1000mN2036000E3145000,174318235,96.0
1388,CRS3035RES1000mN2036000E3145000,174318237,100.0
1389,CRS3035RES1000mN2036000E3145000,205060159,
1390,CRS3035RES1000mN2036000E3145000,205757163,
1391,CRS3035RES1000mN2036000E3145000,221095520,99.0
1392,CRS3035RES1000mN2036000E3145000,224503374,75.0
1393,CRS3035RES1000mN2036000E3145000,227333462,42.0
1394,CRS3035RES1000mN2036000E3145000,229117454,66.0
1395,CRS3035RES1000mN2036000E3145000,261460389,
1396,CRS3035RES1000mN2036000E3145000,283450022,61.0
1397,CRS3035RES1000mN2036000E3145000,288994040,74.0
1398,CRS3035RES1000mN2036000E3145000,296744564,
1399,CRS3035RES1000mN2036000E3145000,297526406,98.0
1400,CRS3035RES1000mN2036000E3145000,300709861,
1401,CRS3035RES1000mN2036000E3145000,301444634,54.0
1402,CRS3035RES1000mN2036000E3145000,302721609,
1403,CRS3035RES1000mN2036000E3145000,308195630,81.0
1404,CRS3035RES1000mN2036000E3145000,312777902,77.0
1405,CRS3035RES1000mN2036000E3145000,330154630,
1406,CRS3035RES1000mN2036000E3145000,340205456,68.0
1407,CRS3035RES1000mN2036000E3145000,367883612,82.0
1408,CRS3035RES1000mN2036000E3145000,368211943,78.0
1409,CRS3035RES1000mN2036000E3145000,374180360,94.0
1410,CRS3035RES1000mN2036000E3145000,375369499,73.0
1411,CRS3035RES1000mN2036000E3145000,383494544,83.0
1412,CRS3035RES1000mN2036000E3145000,384574591,104.0
1413,CRS3035RES1000mN2036000E3145000,403538322,113.0
1414,CRS3035RES1000mN2036000E3145000,403859503,60.0
1415,CRS3035RES1000mN2036000E3145000,437050442,117.0
1416,CRS3035RES1000mN2036000E3145000,459881697,37.0
1417,CRS3035RES1000mN2036000E3145000,477278425,
1418,CRS3035RES1000mN2036000E3145000,486879235,
1419,CRS3035RES1000mN2036000E3145000,493748377,91.0
1420,CRS3035RES1000mN2036000E3145000,498234201,115.0
1421,CRS3035RES1000mN2036000E3145000,504315026,94.0
1422,CRS3035RES1000mN2036000E3145000,548701490,
1423,CRS3035RES1000mN2036000E3145000,574210084,64.0
1424,CRS3035RES1000mN2036000E3145000,576094143,93.0
1425,CRS3035RES1000mN2036000E3145000,584409067,
1426,CRS3035RES1000mN2036000E3145000,635512756,98.0
1427,CRS3035RES1000mN2036000E3145000,638492224,
1428,CRS3035RES1000mN2036000E3145000,653913062,100.0
1429,CRS3035RES1000mN2036000E3145000,659866770,
1430,CRS3035RES1000mN2036000E3145000,697717972,100.0
1431,CRS3035RES1000mN2036000E3145000,717194862,
1432,CRS3035RES1000mN2036000E3145000,736899303,
1433,CRS3035RES1000mN2036000E3145000,738042217,
1434,CRS3035RES1000mN2036000E3145000,839611983,
1435,CRS3035RES1000mN2036000E3145000,957893520,70.0
1436,CRS3035RES1000mN2036000E3145000,963308110,102.0
1437,CRS3035RES1000mN2036000E3145000,1073283182,
1438,CRS3035RES1000mN2036000E3145000,1252864015,86.0
1439,CRS3035RES1000mN2036000E3145000,1283203658,
1440,CRS3035RES1000mN2036000E3146000,25526,75.0
1441,CRS3035RES1000mN2036000E3146000,1774,71.0
1442,CRS3035RES1000mN2036000E3146000,1770,83.0
1443,CRS3035RES1000mN2036000E3146000,1773,84.0
1444,CRS3035RES1000mN2036000E3146000,1771,49.0
1445,CRS3035RES1000mN2036000E3146000,123303,80.0
1446,CRS3035RES1000mN2036000E3146000,1764,60.0
1447,CRS3035RES1000mN2036000E3146000,181101,88.0
1448,CRS3035RES1000mN2036000E3146000,5765642,77.0
1449,CRS3035RES1000mN2036000E3146000,86719,92.0
1450,CRS3035RES1000mN2036000E3146000,1800,84.0
1451,CRS3035RES1000mN2036000E3146000,1757,71.0
1452,CRS3035RES1000mN2036000E3146000,1755,66.0
1453,CRS3035RES1000mN2036000E3146000,1882,51.0
1454,CRS3035RES1000mN2036000E3146000,1745,75.0
1455,CRS3035RES1000mN2036000E3146000,1794,75.0
1456,CRS3035RES1000mN2036000E3146000,1762,65.0
1457,CRS3035RES1000mN2036000E3146000,51188,67.0
1458,CRS3035RES1000mN2036000E3146000,6893633,68.0
1459,CRS3035RES1000mN2036000E3146000,167128,80.0
1460,CRS3035RES1000mN2036000E3146000,1760,71.0
1461,CRS3035RES1000mN2036000E3146000,12773298,81.0
1462,CRS3035RES1000mN2036000E3146000,1754,88.0
1463,CRS3035RES1000mN2036000E3146000,1748,85.0
1464,CRS3035RES1000mN2036000E3146000,79941,80.0
1465,CRS3035RES1000mN2036000E3146000,1750,76.0
1466,CRS3035RES1000mN2036000E3146000,5975465,61.0
1467,CRS3035RES1000mN2036000E3146000,115056,84.0
1468,CRS3035RES1000mN2036000E3146000,1790,66.0
1469,CRS3035RES1000mN2036000E3146000,1756,76.0
1470,CRS3035RES1000mN2036000E3146000,51849,73.0
1471,CRS3035RES1000mN2036000E3146000,185595,62.0
1472,CRS3035RES1000mN2036000E3146000,7697128,57.0
1473,CRS3035RES1000mN2036000E3146000,10395362,83.0
1474,CRS3035RES1000mN2036000E3146000,1759,66.0
1475,CRS3035RES1000mN2036000E3146000,1752,73.0
1476,CRS3035RES1000mN2036000E3146000,186714,75.0
1477,CRS3035RES1000mN2036000E3146000,1753,78.0
1478,CRS3035RES1000mN2036000E3146000,1792,83.0
1479,CRS3035RES1000mN2036000E3146000,1763,64.0
1480,CRS3035RES1000mN2036000E3146000,1746,81.0
1481,CRS3035RES1000mN2036000E3146000,11572165,80.0
1482,CRS3035RES1000mN2036000E3146000,1761,73.0
1483,CRS3035RES1000mN2036000E3146000,1747,85.0
1484,CRS3035RES1000mN2036000E3146000,5768564,72.0
1485,CRS3035RES1000mN2036000E3146000,1798,60.0
1486,CRS3035RES1000mN2036000E3146000,66904,58.0
1487,CRS3035RES1000mN2036000E3146000,1777,55.0
1488,CRS3035RES1000mN2036000E3146000,1765,68.0
1489,CRS3035RES1000mN2036000E3146000,49416,84.0
1490,CRS3035RES1000mN2036000E3146000,12734939,84.0
1491,CRS3035RES1000mN2036000E3146000,167386167,59.0
1492,CRS3035RES1000mN2036000E3146000,295933804,46.0
1493,CRS3035RES1000mN2036000E3146000,303340017,47.0
1494,CRS3035RES1000mN2036000E3146000,315355551,49.0
1495,CRS3035RES1000mN2036000E3146000,339084977,62.0
1496,CRS3035RES1000mN2036000E3146000,412911553,51.0
1497,CRS3035RES1000mN2036000E3146000,558126037,70.0
1498,CRS3035RES1000mN2036000E3146000,711789768,113.0
1499,CRS3035RES1000mN2036000E3146000,727666062,
1500,CRS3035RES1000mN2036000E3146000,848085869,88.0
1501,CRS3035RES1000mN2036000E3146000,1056098898,66.0
1502,CRS3035RES1000mN2036000E3146000,1255438242,114.0
1503,CRS3035RES1000mN2036000E3146000,1469985039,97.0
1504,CRS3035RES1000mN2036000E3146000,1504302537,
1505,CRS3035RES1000mN2036000E3146000,1511617504,98.0
1506,CRS3035RES1000mN2036000E3146000,1541601287,44.0
1507,CRS3035RES1000mN2036000E3146000,1544591296,68.0
1508,CRS3035RES1000mN2036000E3146000,1598174183,83.0
1509,CRS3035RES1000mN2036000E3146000,1629887846,88.0
1510,CRS3035RES1000mN2036000E3146000,1686660176,85.0
1511,CRS3035RES1000mN2036000E3146000,1716927336,98.0
1512,CRS3035RES1000mN2036000E3146000,1734554324,92.0
1513,CRS3035RES1000mN2036000E3146000,1849109335,52.0
1514,CRS3035RES1000mN2036000E3146000,2028408680,111.0
1515,CRS3035RES1000mN2036000E3146000,2036887702,
1516,CRS3035RES1000mN2036000E3146000,2061404218,68.0
1517,CRS3035RES1000mN2036000E3146000,2134238030,94.0
1518,CRS3035RES1000mN2036000E3146000,2261600754,
1519,CRS3035RES1000mN2036000E3146000,2301402027,94.0
1520,CRS3035RES1000mN2036000E3146000,2303966810,115.0
1521,CRS3035RES1000mN2036000E3146000,2312029862,85.0
1522,CRS3035RES1000mN2036000E3146000,2408860250,72.0
1523,CRS3035RES1000mN2036000E3146000,2620185829,59.0
1524,CRS3035RES1000mN2036000E3146000,2622508931,50.0
1525,CRS3035RES1000mN2036000E3146000,2672130951,
1526,CRS3035RES1000mN2036000E3146000,2710518818,106.0
1527,CRS3035RES1000mN2036000E3146000,3034026261,
1528,CRS3035RES1000mN2036000E3146000,3179889751,106.0
1529,CRS3035RES1000mN2036000E3146000,3206611978,
1530,CRS3035RES1000mN2036000E3146000,3272828439,102.0
1531,CRS3035RES1000mN2036000E3146000,3452364276,88.0
1532,CRS3035RES1000mN2036000E3146000,3452364277,71.0
1533,CRS3035RES1000mN2036000E3146000,3495733197,
1534,CRS3035RES1000mN2036000E3146000,3497154853,
1535,CRS3035RES1000mN2036000E3146000,3517755445,
1536,CRS3035RES1000mN2036000E3146000,3522125657,
1537,CRS3035RES1000mN2036000E3146000,3526751794,89.0
1538,CRS3035RES1000mN2036000E3146000,3839306060,87.0
1539,CRS3035RES1000mN2036000E3146000,4214697664,59.0
1540,CRS3035RES1000mN2036000E3146000,4338252586,77.0
1541,CRS3035RES1000mN2036000E3146000,4401271633,
1542,CRS3035RES1000mN2036000E3146000,4515476768,
1543,CRS3035RES1000mN2036000E3146000,4569910891,60.0
1544,CRS3035RES1000mN2036000E3146000,4703730491,55.0
1545,CRS3035RES1000mN2036000E3146000,4707870392,60.0
1546,CRS3035RES1000mN2036000E3146000,4789037769,
1547,CRS3035RES1000mN2036000E3146000,4794233143,
1548,CRS3035RES1000mN2036000E3146000,4870405674,73.0
1549,CRS3035RES1000mN2036000E3146000,5139379922,46.0
1550,CRS3035RES1000mN2036000E3146000,5160337425,43.0
1551,CRS3035RES1000mN2036000E3146000,5196199575,62.0
1552,CRS3035RES1000mN2036000E3146000,5341570554,73.0
1553,CRS3035RES1000mN2036000E3146000,5345949864,108.0
1554,CRS3035RES1000mN2036000E3146000,5448507385,
1555,CRS3035RES1000mN2036000E3146000,5604693894,74.0
1556,CRS3035RES1000mN2036000E3146000,5670401989,73.0
1557,CRS3035RES1000mN2036000E3146000,5942671299,102.0
1558,CRS3035RES1000mN2036000E3146000,5943980960,58.0
1559,CRS3035RES1000mN2036000E3146000,6185791451,
1560,CRS3035RES1000mN2036000E3146000,6188948286,103.0
1561,CRS3035RES1000mN2036000E3146000,6555800191,90.0
1562,CRS3035RES1000mN2036000E3146000,6885254479,70.0
1563,CRS3035RES1000mN2036000E3146000,7222611268,
1564,CRS3035RES1000mN2036000E3146000,7408961006,
1565,CRS3035RES1000mN2036000E3146000,7619964683,114.0
1566,CRS3035RES1000mN2036000E3146000,7836562695,91.0
1567,CRS3035RES1000mN2036000E3146000,8493729364,65.0
1568,CRS3035RES1000mN2036000E3146000,8557885377,73.0
1569,CRS3035RES1000mN2036000E3146000,8807212208,62.0
1570,CRS3035RES1000mN2036000E3146000,8844229173,64.0
1571,CRS3035RES1000mN2036000E3146000,8878422600,38.0
1572,CRS3035RES1000mN2036000E3146000,9595709188,72.0
1573,CRS3035RES1000mN2036000E3146000,9611387099,67.0
1574,CRS3035RES1000mN2036000E3146000,9712656915,43.0
1575,CRS3035RES1000mN2036000E3146000,9713142744,64.0
1576,CRS3035RES1000mN2036000E3146000,9815746657,
1577,CRS3035RES1000mN2036000E3146000,10004871512,86.0
1578,CRS3035RES1000mN2036000E3146000,10281174134,
1579,CRS3035RES1000mN2036000E3146000,10580337411,91.0
1580,CRS3035RES1000mN2036000E3146000,10899442604,104.0
1581,CRS3035RES1000mN2036000E3146000,10922657146,97.0
1582,CRS3035RES1000mN2036000E3146000,11127499928,88.0
1583,CRS3035RES1000mN2036000E3146000,11143725881,58.0
1584,CRS3035RES1000mN2036000E3146000,11243087140,74.0
1585,CRS3035RES1000mN2036000E3146000,11269399969,40.0
1586,CRS3035RES1000mN2036000E3146000,11287269362,89.0
1587,CRS3035RES1000mN2036000E3146000,11287269363,100.0
1588,CRS3035RES1000mN2036000E3146000,11369705764,98.0
1589,CRS3035RES1000mN2036000E3146000,11387776374,94.0
1590,CRS3035RES1000mN2036000E3146000,11461799040,
1591,CRS3035RES1000mN2036000E3146000,11462802981,79.0
1592,CRS3035RES1000mN2036000E3146000,11652077658,57.0
1593,CRS3035RES1000mN2036000E3146000,11691390164,49.0
1594,CRS3035RES1000mN2036000E3146000,11739757462,90.0
1595,CRS3035RES1000mN2036000E3146000,12178446726,77.0
1596,CRS3035RES1000mN2036000E3146000,12407425114,39.0
1597,CRS3035RES1000mN2036000E3146000,12865480228,88.0
1598,CRS3035RES1000mN2036000E3146000,2960630,82.0
1599,CRS3035RES1000mN2036000E3146000,3554044,102.0
1600,CRS3035RES1000mN2036000E3146000,3557906,97.0
1601,CRS3035RES1000mN2036000E3146000,5231361,42.0
1602,CRS3035RES1000mN2036000E3146000,9314566,
1603,CRS3035RES1000mN2036000E3146000,13696257,31.0
1604,CRS3035RES1000mN2036000E3146000,15996131,53.0
1605,CRS3035RES1000mN2036000E3146000,23526191,77.0
1606,CRS3035RES1000mN2036000E3146000,23545719,80.0
1607,CRS3035RES1000mN2036000E3146000,30599279,92.0
1608,CRS3035RES1000mN2036000E3146000,30649229,39.0
1609,CRS3035RES1000mN2036000E3146000,32198651,
1610,CRS3035RES1000mN2036000E3146000,34945111,99.0
1611,CRS3035RES1000mN2036000E3146000,50170625,102.0
1612,CRS3035RES1000mN2036000E3146000,82887228,74.0
1613,CRS3035RES1000mN2036000E3146000,92484952,17.0
1614,CRS3035RES1000mN2036000E3146000,95794713,90.0
1615,CRS3035RES1000mN2036000E3146000,96418670,109.0
1616,CRS3035RES1000mN2036000E3146000,98502686,28.0
1617,CRS3035RES1000mN2036000E3146000,132613257,88.0
1618,CRS3035RES1000mN2036000E3146000,135036040,91.0
1619,CRS3035RES1000mN2036000E3146000,150772489,56.0
1620,CRS3035RES1000mN2036000E3146000,154118456,55.0
1621,CRS3035RES1000mN2036000E3146000,157375776,87.0
1622,CRS3035RES1000mN2036000E3146000,158211204,90.0
1623,CRS3035RES1000mN2036000E3146000,162072415,89.0
1624,CRS3035RES1000mN2036000E3146000,162117720,32.0
1625,CRS3035RES1000mN2036000E3146000,170487273,
1626,CRS3035RES1000mN2036000E3146000,172686062,95.0
1627,CRS3035RES1000mN2036000E3146000,174318235,92.0
1628,CRS3035RES1000mN2036000E3146000,174318237,96.0
1629,CRS3035RES1000mN2036000E3146000,205060159,
1630,CRS3035RES1000mN2036000E3146000,205757163,
1631,CRS3035RES1000mN2036000E3146000,221095520,93.0
1632,CRS3035RES1000mN2036000E3146000,224503374,67.0
1633,CRS3035RES1000mN2036000E3146000,227333462,28.0
1634,CRS3035RES1000mN2036000E3146000,229117454,58.0
1635,CRS3035RES1000mN2036000E3146000,261460389,
1636,CRS3035RES1000mN2036000E3146000,283450022,53.0
1637,CRS3035RES1000mN2036000E3146000,288994040,65.0
1638,CRS3035RES1000mN2036000E3146000,296744564,116.0
1639,CRS3035RES1000mN2036000E3146000,297526406,78.0
1640,CRS3035RES1000mN2036000E3146000,300709861,116.0
1641,CRS3035RES1000mN2036000E3146000,301444634,52.0
1642,CRS3035RES1000mN2036000E3146000,302721609,107.0
1643,CRS3035RES1000mN2036000E3146000,308195630,79.0
1644,CRS3035RES1000mN2036000E3146000,312777902,67.0
1645,CRS3035RES1000mN2036000E3146000,330154630,
1646,CRS3035RES1000mN2036000E3146000,340205456,61.0
1647,CRS3035RES1000mN2036000E3146000,367883612,71.0
1648,CRS3035RES1000mN2036000E3146000,368211943,61.0
1649,CRS3035RES1000mN2036000E3146000,374180360,91.0
1650,CRS3035RES1000mN2036000E3146000,375369499,44.0
1651,CRS3035RES1000mN2036000E3146000,383494544,66.0
1652,CRS3035RES1000mN2036000E3146000,384574591,97.0
1653,CRS3035RES1000mN2036000E3146000,403538322,112.0
1654,CRS3035RES1000mN2036000E3146000,403859503,52.0
1655,CRS3035RES1000mN2036000E3146000,437050442,107.0
1656,CRS3035RES1000mN2036000E3146000,459881697,29.0
1657,CRS3035RES1000mN2036000E3146000,477278425,
1658,CRS3035RES1000mN2036000E3146000,486879235,
1659,CRS3035RES1000mN2036000E3146000,493748377,84.0
1660,CRS3035RES1000mN2036000E3146000,498234201,105.0
1661,CRS3035RES1000mN2036000E3146000,504315026,89.0
1662,CRS3035RES1000mN2036000E3146000,548701490,
1663,CRS3035RES1000mN2036000E3146000,574210084,62.0
1664,CRS3035RES1000mN2036000E3146000,576094143,87.0
1665,CRS3035RES1000mN2036000E3146000,584409067,112.0
1666,CRS3035RES1000mN2036000E3146000,635512756,78.0
1667,CRS3035RES1000mN2036000E3146000,638492224,119.0
1668,CRS3035RES1000mN2036000E3146000,653913062,86.0
1669,CRS3035RES1000mN2036000E3146000,659866770,78.0
1670,CRS3035RES1000mN2036000E3146000,697717972,94.0
1671,CRS3035RES1000mN2036000E3146000,717194862,103.0
1672,CRS3035RES1000mN2036000E3146000,736899303,
1673,CRS3035RES1000mN2036000E3146000,738042217,111.0
1674,CRS3035RES1000mN2036000E3146000,839611983,115.0
1675,CRS3035RES1000mN2036000E3146000,957893520,63.0
1676,CRS3035RES1000mN2036000E3146000,963308110,96.0
1677,CRS3035RES1000mN2036000E3146000,1073283182,99.0
1678,CRS3035RES1000mN2036000E3146000,1252864015,83.0
1679,CRS3035RES1000mN2036000E3146000,1283203658,
1680,CRS3035RES1000mN2036000E3147000,25526,85.0
1681,CRS3035RES1000mN2036000E3147000,1774,77.0
1682,CRS3035RES1000mN2036000E3147000,1770,90.0
1683,CRS3035RES1000mN2036000E3147000,1773,90.0
1684,CRS3035RES1000mN2036000E3147000,1771,55.0
1685,CRS3035RES1000mN2036000E3147000,123303,89.0
1686,CRS3035RES1000mN2036000E3147000,1764,67.0
1687,CRS3035RES1000mN2036000E3147000,181101,95.0
1688,CRS3035RES1000mN2036000E3147000,5765642,90.0
1689,CRS3035RES1000mN2036000E3147000,86719,99.0
1690,CRS3035RES1000mN2036000E3147000,1800,89.0
1691,CRS3035RES1000mN2036000E3147000,1757,76.0
1692,CRS3035RES1000mN2036000E3147000,1755,79.0
1693,CRS3035RES1000mN2036000E3147000,1882,57.0
1694,CRS3035RES1000mN2036000E3147000,1745,80.0
1695,CRS3035RES1000mN2036000E3147000,1794,80.0
1696,CRS3035RES1000mN2036000E3147000,1762,70.0
1697,CRS3035RES1000mN2036000E3147000,51188,76.0
1698,CRS3035RES1000mN2036000E3147000,6893633,73.0
1699,CRS3035RES1000mN2036000E3147000,167128,86.0
1700,CRS3035RES1000mN2036000E3147000,1760,78.0
1701,CRS3035RES1000mN2036000E3147000,12773298,88.0
1702,CRS3035RES1000mN2036000E3147000,1754,102.0
1703,CRS3035RES1000mN2036000E3147000,1748,90.0
1704,CRS3035RES1000mN2036000E3147000,79941,82.0
1705,CRS3035RES1000mN2036000E3147000,1750,82.0
1706,CRS3035RES1000mN2036000E3147000,5975465,67.0
1707,CRS3035RES1000mN2036000E3147000,115056,89.0
1708,CRS3035RES1000mN2036000E3147000,1790,76.0
1709,CRS3035RES1000mN2036000E3147000,1756,83.0
1710,CRS3035RES1000mN2036000E3147000,51849,79.0
1711,CRS3035RES1000mN2036000E3147000,185595,67.0
1712,CRS3035RES1000mN2036000E3147000,7697128,63.0
1713,CRS3035RES1000mN2036000E3147000,10395362,95.0
1714,CRS3035RES1000mN2036000E3147000,1759,78.0
1715,CRS3035RES1000mN2036000E3147000,1752,79.0
1716,CRS3035RES1000mN2036000E3147000,186714,80.0
1717,CRS3035RES1000mN2036000E3147000,1753,83.0
1718,CRS3035RES1000mN2036000E3147000,1792,87.0
1719,CRS3035RES1000mN2036000E3147000,1763,78.0
1720,CRS3035RES1000mN2036000E3147000,1746,86.0
1721,CRS3035RES1000mN2036000E3147000,11572165,93.0
1722,CRS3035RES1000mN2036000E3147000,1761,78.0
1723,CRS3035RES1000mN2036000E3147000,1747,89.0
1724,CRS3035RES1000mN2036000E3147000,5768564,80.0
1725,CRS3035RES1000mN2036000E3147000,1798,66.0
1726,CRS3035RES1000mN2036000E3147000,66904,83.0
1727,CRS3035RES1000mN2036000E3147000,1777,60.0
1728,CRS3035RES1000mN2036000E3147000,1765,72.0
1729,CRS3035RES1000mN2036000E3147000,49416,89.0
1730,CRS3035RES1000mN2036000E3147000,12734939,89.0
1731,CRS3035RES1000mN2036000E3147000,167386167,64.0
1732,CRS3035RES1000mN2036000E3147000,295933804,57.0
1733,CRS3035RES1000mN2036000E3147000,303340017,57.0
1734,CRS3035RES1000mN2036000E3147000,315355551,49.0
1735,CRS3035RES1000mN2036000E3147000,339084977,77.0
1736,CRS3035RES1000mN2036000E3147000,412911553,60.0
1737,CRS3035RES1000mN2036000E3147000,558126037,70.0
1738,CRS3035RES1000mN2036000E3147000,711789768,
1739,CRS3035RES1000mN2036000E3147000,727666062,
1740,CRS3035RES1000mN2036000E3147000,848085869,111.0
1741,CRS3035RES1000mN2036000E3147000,1056098898,72.0
1742,CRS3035RES1000mN2036000E3147000,1255438242,118.0
1743,CRS3035RES1000mN2036000E3147000,1469985039,101.0
1744,CRS3035RES1000mN2036000E3147000,1504302537,
1745,CRS3035RES1000mN2036000E3147000,1511617504,112.0
1746,CRS3035RES1000mN2036000E3147000,1541601287,58.0
1747,CRS3035RES1000mN2036000E3147000,1544591296,85.0
1748,CRS3035RES1000mN2036000E3147000,1598174183,84.0
1749,CRS3035RES1000mN2036000E3147000,1629887846,90.0
1750,CRS3035RES1000mN2036000E3147000,1686660176,90.0
1751,CRS3035RES1000mN2036000E3147000,1716927336,
1752,CRS3035RES1000mN2036000E3147000,1734554324,92.0
1753,CRS3035RES1000mN2036000E3147000,1849109335,62.0
1754,CRS3035RES1000mN2036000E3147000,2028408680,
1755,CRS3035RES1000mN2036000E3147000,2036887702,
1756,CRS3035RES1000mN2036000E3147000,2061404218,103.0
1757,CRS3035RES1000mN2036000E3147000,2134238030,94.0
1758,CRS3035RES1000mN2036000E3147000,2261600754,
1759,CRS3035RES1000mN2036000E3147000,2301402027,99.0
1760,CRS3035RES1000mN2036000E3147000,2303966810,
1761,CRS3035RES1000mN2036000E3147000,2312029862,87.0
1762,CRS3035RES1000mN2036000E3147000,2408860250,82.0
1763,CRS3035RES1000mN2036000E3147000,2620185829,64.0
1764,CRS3035RES1000mN2036000E3147000,2622508931,56.0
1765,CRS3035RES1000mN2036000E3147000,2672130951,
1766,CRS3035RES1000mN2036000E3147000,2710518818,110.0
1767,CRS3035RES1000mN2036000E3147000,3034026261,
1768,CRS3035RES1000mN2036000E3147000,3179889751,
1769,CRS3035RES1000mN2036000E3147000,3206611978,
1770,CRS3035RES1000mN2036000E3147000,3272828439,
1771,CRS3035RES1000mN2036000E3147000,3452364276,93.0
1772,CRS3035RES1000mN2036000E3147000,3452364277,75.0
1773,CRS3035RES1000mN2036000E3147000,3495733197,
1774,CRS3035RES1000mN2036000E3147000,3497154853,
1775,CRS3035RES1000mN2036000E3147000,3517755445,
1776,CRS3035RES1000mN2036000E3147000,3522125657,
1777,CRS3035RES1000mN2036000E3147000,3526751794,
1778,CRS3035RES1000mN2036000E3147000,3839306060,91.0
1779,CRS3035RES1000mN2036000E3147000,4214697664,64.0
1780,CRS3035RES1000mN2036000E3147000,4338252586,
1781,CRS3035RES1000mN2036000E3147000,4401271633,
1782,CRS3035RES1000mN2036000E3147000,4515476768,
1783,CRS3035RES1000mN2036000E3147000,4569910891,65.0
1784,CRS3035RES1000mN2036000E3147000,4703730491,55.0
1785,CRS3035RES1000mN2036000E3147000,4707870392,64.0
1786,CRS3035RES1000mN2036000E3147000,4789037769,
1787,CRS3035RES1000mN2036000E3147000,4794233143,
1788,CRS3035RES1000mN2036000E3147000,4870405674,82.0
1789,CRS3035RES1000mN2036000E3147000,5139379922,92.0
1790,CRS3035RES1000mN2036000E3147000,5160337425,50.0
1791,CRS3035RES1000mN2036000E3147000,5196199575,76.0
1792,CRS3035RES1000mN2036000E3147000,5341570554,78.0
1793,CRS3035RES1000mN2036000E3147000,5345949864,110.0
1794,CRS3035RES1000mN2036000E3147000,5448507385,
1795,CRS3035RES1000mN2036000E3147000,5604693894,
1796,CRS3035RES1000mN2036000E3147000,5670401989,93.0
1797,CRS3035RES1000mN2036000E3147000,5942671299,109.0
1798,CRS3035RES1000mN2036000E3147000,5943980960,80.0
1799,CRS3035RES1000mN2036000E3147000,6185791451,
1800,CRS3035RES1000mN2036000E3147000,6188948286,107.0
1801,CRS3035RES1000mN2036000E3147000,6555800191,101.0
1802,CRS3035RES1000mN2036000E3147000,6885254479,90.0
1803,CRS3035RES1000mN2036000E3147000,7222611268,
1804,CRS3035RES1000mN2036000E3147000,7408961006,
1805,CRS3035RES1000mN2036000E3147000,7619964683,
1806,CRS3035RES1000mN2036000E3147000,7836562695,114.0
1807,CRS3035RES1000mN2036000E3147000,8493729364,70.0
1808,CRS3035RES1000mN2036000E3147000,8557885377,73.0
1809,CRS3035RES1000mN2036000E3147000,8807212208,67.0
1810,CRS3035RES1000mN2036000E3147000,8844229173,69.0
1811,CRS3035RES1000mN2036000E3147000,8878422600,53.0
1812,CRS3035RES1000mN2036000E3147000,9595709188,81.0
1813,CRS3035RES1000mN2036000E3147000,9611387099,76.0
1814,CRS3035RES1000mN2036000E3147000,9712656915,49.0
1815,CRS3035RES1000mN2036000E3147000,9713142744,69.0
1816,CRS3035RES1000mN2036000E3147000,9815746657,
1817,CRS3035RES1000mN2036000E3147000,10004871512,87.0
1818,CRS3035RES1000mN2036000E3147000,10281174134,
1819,CRS3035RES1000mN2036000E3147000,10580337411,95.0
1820,CRS3035RES1000mN2036000E3147000,10899442604,115.0
1821,CRS3035RES1000mN2036000E3147000,10922657146,108.0
1822,CRS3035RES1000mN2036000E3147000,11127499928,100.0
1823,CRS3035RES1000mN2036000E3147000,11143725881,65.0
1824,CRS3035RES1000mN2036000E3147000,11243087140,98.0
1825,CRS3035RES1000mN2036000E3147000,11269399969,51.0
1826,CRS3035RES1000mN2036000E3147000,11287269362,91.0
1827,CRS3035RES1000mN2036000E3147000,11287269363,110.0
1828,CRS3035RES1000mN2036000E3147000,11369705764,102.0
1829,CRS3035RES1000mN2036000E3147000,11387776374,99.0
1830,CRS3035RES1000mN2036000E3147000,11461799040,
1831,CRS3035RES1000mN2036000E3147000,11462802981,83.0
1832,CRS3035RES1000mN2036000E3147000,11652077658,67.0
1833,CRS3035RES1000mN2036000E3147000,11691390164,56.0
1834,CRS3035RES1000mN2036000E3147000,11739757462,97.0
1835,CRS3035RES1000mN2036000E3147000,12178446726,83.0
1836,CRS3035RES1000mN2036000E3147000,12407425114,54.0
1837,CRS3035RES1000mN2036000E3147000,12865480228,92.0
1838,CRS3035RES1000mN2036000E3147000,2960630,104.0
1839,CRS3035RES1000mN2036000E3147000,3554044,108.0
1840,CRS3035RES1000mN2036000E3147000,3557906,105.0
1841,CRS3035RES1000mN2036000E3147000,5231361,52.0
1842,CRS3035RES1000mN2036000E3147000,9314566,
1843,CRS3035RES1000mN2036000E3147000,13696257,45.0
1844,CRS3035RES1000mN2036000E3147000,15996131,59.0
1845,CRS3035RES1000mN2036000E3147000,23526191,82.0
1846,CRS3035RES1000mN2036000E3147000,23545719,86.0
1847,CRS3035RES1000mN2036000E3147000,30599279,99.0
1848,CRS3035RES1000mN2036000E3147000,30649229,49.0
1849,CRS3035RES1000mN2036000E3147000,32198651,
1850,CRS3035RES1000mN2036000E3147000,34945111,106.0
1851,CRS3035RES1000mN2036000E3147000,50170625,
1852,CRS3035RES1000mN2036000E3147000,82887228,88.0
1853,CRS3035RES1000mN2036000E3147000,92484952,29.0
1854,CRS3035RES1000mN2036000E3147000,95794713,97.0
1855,CRS3035RES1000mN2036000E3147000,96418670,
1856,CRS3035RES1000mN2036000E3147000,98502686,45.0
1857,CRS3035RES1000mN2036000E3147000,132613257,93.0
1858,CRS3035RES1000mN2036000E3147000,135036040,93.0
1859,CRS3035RES1000mN2036000E3147000,150772489,64.0
1860,CRS3035RES1000mN2036000E3147000,154118456,79.0
1861,CRS3035RES1000mN2036000E3147000,157375776,97.0
1862,CRS3035RES1000mN2036000E3147000,158211204,99.0
1863,CRS3035RES1000mN2036000E3147000,162072415,100.0
1864,CRS3035RES1000mN2036000E3147000,162117720,53.0
1865,CRS3035RES1000mN2036000E3147000,170487273,
1866,CRS3035RES1000mN2036000E3147000,172686062,101.0
1867,CRS3035RES1000mN2036000E3147000,174318235,114.0
1868,CRS3035RES1000mN2036000E3147000,174318237,112.0
1869,CRS3035RES1000mN2036000E3147000,205060159,
1870,CRS3035RES1000mN2036000E3147000,205757163,
1871,CRS3035RES1000mN2036000E3147000,221095520,98.0
1872,CRS3035RES1000mN2036000E3147000,224503374,72.0
1873,CRS3035RES1000mN2036000E3147000,227333462,42.0
1874,CRS3035RES1000mN2036000E3147000,229117454,64.0
1875,CRS3035RES1000mN2036000E3147000,261460389,
1876,CRS3035RES1000mN2036000E3147000,283450022,59.0
1877,CRS3035RES1000mN2036000E3147000,288994040,73.0
1878,CRS3035RES1000mN2036000E3147000,296744564,
1879,CRS3035RES1000mN2036000E3147000,297526406,98.0
1880,CRS3035RES1000mN2036000E3147000,300709861,
1881,CRS3035RES1000mN2036000E3147000,301444634,73.0
1882,CRS3035RES1000mN2036000E3147000,302721609,
1883,CRS3035RES1000mN2036000E3147000,308195630,79.0
1884,CRS3035RES1000mN2036000E3147000,312777902,76.0
1885,CRS3035RES1000mN2036000E3147000,330154630,
1886,CRS3035RES1000mN2036000E3147000,340205456,66.0
1887,CRS3035RES1000mN2036000E3147000,367883612,82.0
1888,CRS3035RES1000mN2036000E3147000,368211943,78.0
1889,CRS3035RES1000mN2036000E3147000,374180360,92.0
1890,CRS3035RES1000mN2036000E3147000,375369499,73.0
1891,CRS3035RES1000mN2036000E3147000,383494544,81.0
1892,CRS3035RES1000mN2036000E3147000,384574591,101.0
1893,CRS3035RES1000mN2036000E3147000,403538322,113.0
1894,CRS3035RES1000mN2036000E3147000,403859503,58.0
1895,CRS3035RES1000mN2036000E3147000,437050442,114.0
1896,CRS3035RES1000mN2036000E3147000,459881697,43.0
1897,CRS3035RES1000mN2036000E3147000,477278425,
1898,CRS3035RES1000mN2036000E3147000,486879235,
1899,CRS3035RES1000mN2036000E3147000,493748377,95.0
1900,CRS3035RES1000mN2036000E3147000,498234201,112.0
1901,CRS3035RES1000mN2036000E3147000,504315026,93.0
1902,CRS3035RES1000mN2036000E3147000,548701490,
1903,CRS3035RES1000mN2036000E3147000,574210084,62.0
1904,CRS3035RES1000mN2036000E3147000,576094143,103.0
1905,CRS3035RES1000mN2036000E3147000,584409067,
1906,CRS3035RES1000mN2036000E3147000,635512756,98.0
1907,CRS3035RES1000mN2036000E3147000,638492224,
1908,CRS3035RES1000mN2036000E3147000,653913062,100.0
1909,CRS3035RES1000mN2036000E3147000,659866770,
1910,CRS3035RES1000mN2036000E3147000,697717972,103.0
1911,CRS3035RES1000mN2036000E3147000,717194862,
1912,CRS3035RES1000mN2036000E3147000,736899303,
1913,CRS3035RES1000mN2036000E3147000,738042217,
1914,CRS3035RES1000mN2036000E3147000,839611983,
1915,CRS3035RES1000mN2036000E3147000,957893520,68.0
1916,CRS3035RES1000mN2036000E3147000,963308110,100.0
1917,CRS3035RES1000mN2036000E3147000,1073283182,
1918,CRS3035RES1000mN2036000E3147000,1252864015,84.0
1919,CRS3035RES1000mN2036000E3147000,1283203658,
1920,CRS3035RES1000mN2037000E3140000,25526,89.0
1921,CRS3035RES1000mN2037000E3140000,1774,82.0
1922,CRS3035RES1000mN2037000E3140000,1770,93.0
1923,CRS3035RES1000mN2037000E3140000,1773,93.0
1924,CRS3035RES1000mN2037000E3140000,1771,59.0
1925,CRS3035RES1000mN2037000E3140000,123303,94.0
1926,CRS3035RES1000mN2037000E3140000,1764,71.0
1927,CRS3035RES1000mN2037000E3140000,181101,100.0
1928,CRS3035RES1000mN2037000E3140000,5765642,94.0
1929,CRS3035RES1000mN2037000E3140000,86719,104.0
1930,CRS3035RES1000mN2037000E3140000,1800,93.0
1931,CRS3035RES1000mN2037000E3140000,1757,80.0
1932,CRS3035RES1000mN2037000E3140000,1755,83.0
1933,CRS3035RES1000mN2037000E3140000,1882,61.0
1934,CRS3035RES1000mN2037000E3140000,1745,84.0
1935,CRS3035RES1000mN2037000E3140000,1794,86.0
1936,CRS3035RES1000mN2037000E3140000,1762,74.0
1937,CRS3035RES1000mN2037000E3140000,51188,80.0
1938,CRS3035RES1000mN2037000E3140000,6893633,77.0
1939,CRS3035RES1000mN2037000E3140000,167128,89.0
1940,CRS3035RES1000mN2037000E3140000,1760,82.0
1941,CRS3035RES1000mN2037000E3140000,12773298,94.0
1942,CRS3035RES1000mN2037000E3140000,1754,105.0
1943,CRS3035RES1000mN2037000E3140000,1748,95.0
1944,CRS3035RES1000mN2037000E3140000,79941,86.0
1945,CRS3035RES1000mN2037000E3140000,1750,85.0
1946,CRS3035RES1000mN2037000E3140000,5975465,71.0
1947,CRS3035RES1000mN2037000E3140000,115056,93.0
1948,CRS3035RES1000mN2037000E3140000,1790,80.0
1949,CRS3035RES1000mN2037000E3140000,1756,88.0
1950,CRS3035RES1000mN2037000E3140000,51849,83.0
1951,CRS3035RES1000mN2037000E3140000,185595,71.0
1952,CRS3035RES1000mN2037000E3140000,7697128,67.0
1953,CRS3035RES1000mN2037000E3140000,10395362,96.0
1954,CRS3035RES1000mN2037000E3140000,1759,82.0
1955,CRS3035RES1000mN2037000E3140000,1752,82.0
1956,CRS3035RES1000mN2037000E3140000,186714,84.0
1957,CRS3035RES1000mN2037000E3140000,1753,87.0
1958,CRS3035RES1000mN2037000E3140000,1792,93.0
1959,CRS3035RES1000mN2037000E3140000,1763,82.0
1960,CRS3035RES1000mN2037000E3140000,1746,90.0
1961,CRS3035RES1000mN2037000E3140000,11572165,97.0
1962,CRS3035RES1000mN2037000E3140000,1761,82.0
1963,CRS3035RES1000mN2037000E3140000,1747,94.0
1964,CRS3035RES1000mN2037000E3140000,5768564,84.0
1965,CRS3035RES1000mN2037000E3140000,1798,70.0
1966,CRS3035RES1000mN2037000E3140000,66904,83.0
1967,CRS3035RES1000mN2037000E3140000,1777,64.0
1968,CRS3035RES1000mN2037000E3140000,1765,77.0
1969,CRS3035RES1000mN2037000E3140000,49416,95.0
1970,CRS3035RES1000mN2037000E3140000,12734939,95.0
1971,CRS3035RES1000mN2037000E3140000,167386167,68.0
1972,CRS3035RES1000mN2037000E3140000,295933804,65.0
1973,CRS3035RES1000mN2037000E3140000,303340017,61.0
1974,CRS3035RES1000mN2037000E3140000,315355551,69.0
1975,CRS3035RES1000mN2037000E3140000,339084977,81.0
1976,CRS3035RES1000mN2037000E3140000,412911553,64.0
1977,CRS3035RES1000mN2037000E3140000,558126037,98.0
1978,CRS3035RES1000mN2037000E3140000,711789768,
1979,CRS3035RES1000mN2037000E3140000,727666062,
1980,CRS3035RES1000mN2037000E3140000,848085869,111.0
1981,CRS3035RES1000mN2037000E3140000,1056098898,76.0
1982,CRS3035RES1000mN2037000E3140000,1255438242,
1983,CRS3035RES1000mN2037000E3140000,1469985039,108.0
1984,CRS3035RES1000mN2037000E3140000,1504302537,
1985,CRS3035RES1000mN2037000E3140000,1511617504,115.0
1986,CRS3035RES1000mN2037000E3140000,1541601287,75.0
1987,CRS3035RES1000mN2037000E3140000,1544591296,90.0
1988,CRS3035RES1000mN2037000E3140000,1598174183,88.0
1989,CRS3035RES1000mN2037000E3140000,1629887846,94.0
1990,CRS3035RES1000mN2037000E3140000,1686660176,96.0
1991,CRS3035RES1000mN2037000E3140000,1716927336,
1992,CRS3035RES1000mN2037000E3140000,1734554324,96.0
1993,CRS3035RES1000mN2037000E3140000,1849109335,66.0
1994,CRS3035RES1000mN2037000E3140000,2028408680,
1995,CRS3035RES1000mN2037000E3140000,2036887702,
1996,CRS3035RES1000mN2037000E3140000,2061404218,103.0
1997,CRS3035RES1000mN2037000E3140000,2134238030,98.0
1998,CRS3035RES1000mN2037000E3140000,2261600754,
1999,CRS3035RES1000mN2037000E3140000,2301402027,103.0
2000,CRS3035RES1000mN2037000E3140000,2303966810,
2001,CRS3035RES1000mN2037000E3140000,2312029862,91.0
2002,CRS3035RES1000mN2037000E3140000,2408860250,86.0
2003,CRS3035RES1000mN2037000E3140000,2620185829,69.0
2004,CRS3035RES1000mN2037000E3140000,2622508931,60.0
2005,CRS3035RES1000mN2037000E3140000,2672130951,
2006,CRS3035RES1000mN2037000E3140000,2710518818,112.0
2007,CRS3035RES1000mN2037000E3140000,3034026261,
2008,CRS3035RES1000mN2037000E3140000,3179889751,
2009,CRS3035RES1000mN2037000E3140000,3206611978,
2010,CRS3035RES1000mN2037000E3140000,3272828439,
2011,CRS3035RES1000mN2037000E3140000,3452364276,98.0
2012,CRS3035RES1000mN2037000E3140000,3452364277,80.0
2013,CRS3035RES1000mN2037000E3140000,3495733197,
2014,CRS3035RES1000mN2037000E3140000,3497154853,
2015,CRS3035RES1000mN2037000E3140000,3517755445,
2016,CRS3035RES1000mN2037000E3140000,3522125657,
2017,CRS3035RES1000mN2037000E3140000,3526751794,
2018,CRS3035RES1000mN2037000E3140000,3839306060,95.0
2019,CRS3035RES1000mN2037000E3140000,4214697664,69.0
2020,CRS3035RES1000mN2037000E3140000,4338252586,
2021,CRS3035RES1000mN2037000E3140000,4401271633,
2022,CRS3035RES1000mN2037000E3140000,4515476768,
2023,CRS3035RES1000mN2037000E3140000,4569910891,69.0
2024,CRS3035RES1000mN2037000E3140000,4703730491,80.0
2025,CRS3035RES1000mN2037000E3140000,4707870392,85.0
2026,CRS3035RES1000mN2037000E3140000,4789037769,
2027,CRS3035RES1000mN2037000E3140000,4794233143,
2028,CRS3035RES1000mN2037000E3140000,4870405674,86.0
2029,CRS3035RES1000mN2037000E3140000,5139379922,80.0
2030,CRS3035RES1000mN2037000E3140000,5160337425,54.0
2031,CRS3035RES1000mN2037000E3140000,5196199575,94.0
2032,CRS3035RES1000mN2037000E3140000,5341570554,83.0
2033,CRS3035RES1000mN2037000E3140000,5345949864,113.0
2034,CRS3035RES1000mN2037000E3140000,5448507385,
2035,CRS3035RES1000mN2037000E3140000,5604693894,
2036,CRS3035RES1000mN2037000E3140000,5670401989,97.0
2037,CRS3035RES1000mN2037000E3140000,5942671299,112.0
2038,CRS3035RES1000mN2037000E3140000,5943980960,80.0
2039,CRS3035RES1000mN2037000E3140000,6185791451,
2040,CRS3035RES1000mN2037000E3140000,6188948286,112.0
2041,CRS3035RES1000mN2037000E3140000,6555800191,105.0
2042,CRS3035RES1000mN2037000E3140000,6885254479,95.0
2043,CRS3035RES1000mN2037000E3140000,7222611268,
2044,CRS3035RES1000mN2037000E3140000,7408961006,
2045,CRS3035RES1000mN2037000E3140000,7619964683,
2046,CRS3035RES1000mN2037000E3140000,7836562695,115.0
2047,CRS3035RES1000mN2037000E3140000,8493729364,74.0
2048,CRS3035RES1000mN2037000E3140000,8557885377,77.0
2049,CRS3035RES1000mN2037000E3140000,8807212208,71.0
2050,CRS3035RES1000mN2037000E3140000,8844229173,74.0
2051,CRS3035RES1000mN2037000E3140000,8878422600,68.0
2052,CRS3035RES1000mN2037000E3140000,9595709188,85.0
2053,CRS3035RES1000mN2037000E3140000,9611387099,81.0
2054,CRS3035RES1000mN2037000E3140000,9712656915,53.0
2055,CRS3035RES1000mN2037000E3140000,9713142744,73.0
2056,CRS3035RES1000mN2037000E3140000,9815746657,
2057,CRS3035RES1000mN2037000E3140000,10004871512,91.0
2058,CRS3035RES1000mN2037000E3140000,10281174134,
2059,CRS3035RES1000mN2037000E3140000,10580337411,99.0
2060,CRS3035RES1000mN2037000E3140000,10899442604,
2061,CRS3035RES1000mN2037000E3140000,10922657146,112.0
2062,CRS3035RES1000mN2037000E3140000,11127499928,101.0
2063,CRS3035RES1000mN2037000E3140000,11143725881,69.0
2064,CRS3035RES1000mN2037000E3140000,11243087140,103.0
2065,CRS3035RES1000mN2037000E3140000,11269399969,55.0
2066,CRS3035RES1000mN2037000E3140000,11287269362,95.0
2067,CRS3035RES1000mN2037000E3140000,11287269363,114.0
2068,CRS3035RES1000mN2037000E3140000,11369705764,106.0
2069,CRS3035RES1000mN2037000E3140000,11387776374,103.0
2070,CRS3035RES1000mN2037000E3140000,11461799040,
2071,CRS3035RES1000mN2037000E3140000,11462802981,90.0
2072,CRS3035RES1000mN2037000E3140000,11652077658,71.0
2073,CRS3035RES1000mN2037000E3140000,11691390164,60.0
2074,CRS3035RES1000mN2037000E3140000,11739757462,103.0
2075,CRS3035RES1000mN2037000E3140000,12178446726,87.0
2076,CRS3035RES1000mN2037000E3140000,12407425114,46.0
2077,CRS3035RES1000mN2037000E3140000,12865480228,96.0
2078,CRS3035RES1000mN2037000E3140000,2960630,108.0
2079,CRS3035RES1000mN2037000E3140000,3554044,112.0
2080,CRS3035RES1000mN2037000E3140000,3557906,110.0
2081,CRS3035RES1000mN2037000E3140000,5231361,56.0
2082,CRS3035RES1000mN2037000E3140000,9314566,
2083,CRS3035RES1000mN2037000E3140000,13696257,64.0
2084,CRS3035RES1000mN2037000E3140000,15996131,62.0
2085,CRS3035RES1000mN2037000E3140000,23526191,88.0
2086,CRS3035RES1000mN2037000E3140000,23545719,90.0
2087,CRS3035RES1000mN2037000E3140000,30599279,104.0
2088,CRS3035RES1000mN2037000E3140000,30649229,53.0
2089,CRS3035RES1000mN2037000E3140000,32198651,
2090,CRS3035RES1000mN2037000E3140000,34945111,111.0
2091,CRS3035RES1000mN2037000E3140000,50170625,
2092,CRS3035RES1000mN2037000E3140000,82887228,91.0
2093,CRS3035RES1000mN2037000E3140000,92484952,43.0
2094,CRS3035RES1000mN2037000E3140000,95794713,101.0
2095,CRS3035RES1000mN2037000E3140000,96418670,
2096,CRS3035RES1000mN2037000E3140000,98502686,49.0
2097,CRS3035RES1000mN2037000E3140000,132613257,97.0
2098,CRS3035RES1000mN2037000E3140000,135036040,97.0
2099,CRS3035RES1000mN2037000E3140000,150772489,68.0
2100,CRS3035RES1000mN2037000E3140000,154118456,81.0
2101,CRS3035RES1000mN2037000E3140000,157375776,97.0
2102,CRS3035RES1000mN2037000E3140000,158211204,103.0
2103,CRS3035RES1000mN2037000E3140000,162072415,102.0
2104,CRS3035RES1000mN2037000E3140000,162117720,67.0
2105,CRS3035RES1000mN2037000E3140000,170487273,
2106,CRS3035RES1000mN2037000E3140000,172686062,105.0
2107,CRS3035RES1000mN2037000E3140000,174318235,114.0
2108,CRS3035RES1000mN2037000E3140000,174318237,115.0
2109,CRS3035RES1000mN2037000E3140000,205060159,
2110,CRS3035RES1000mN2037000E3140000,205757163,
2111,CRS3035RES1000mN2037000E3140000,221095520,102.0
2112,CRS3035RES1000mN2037000E3140000,224503374,77.0
2113,CRS3035RES1000mN2037000E3140000,227333462,46.0
2114,CRS3035RES1000mN2037000E3140000,229117454,68.0
2115,CRS3035RES1000mN2037000E3140000,261460389,
2116,CRS3035RES1000mN2037000E3140000,283450022,63.0
2117,CRS3035RES1000mN2037000E3140000,288994040,77.0
2118,CRS3035RES1000mN2037000E3140000,296744564,
2119,CRS3035RES1000mN2037000E3140000,297526406,99.0
2120,CRS3035RES1000mN2037000E3140000,300709861,
2121,CRS3035RES1000mN2037000E3140000,301444634,52.0
2122,CRS3035RES1000mN2037000E3140000,302721609,
2123,CRS3035RES1000mN2037000E3140000,308195630,83.0
2124,CRS3035RES1000mN2037000E3140000,312777902,80.0
2125,CRS3035RES1000mN2037000E3140000,330154630,
2126,CRS3035RES1000mN2037000E3140000,340205456,70.0
2127,CRS3035RES1000mN2037000E3140000,367883612,89.0
2128,CRS3035RES1000mN2037000E3140000,368211943,85.0
2129,CRS3035RES1000mN2037000E3140000,374180360,96.0
2130,CRS3035RES1000mN2037000E3140000,375369499,75.0
2131,CRS3035RES1000mN2037000E3140000,383494544,85.0
2132,CRS3035RES1000mN2037000E3140000,384574591,109.0
2133,CRS3035RES1000mN2037000E3140000,403538322,113.0
2134,CRS3035RES1000mN2037000E3140000,403859503,62.0
2135,CRS3035RES1000mN2037000E3140000,437050442,
2136,CRS3035RES1000mN2037000E3140000,459881697,39.0
2137,CRS3035RES1000mN2037000E3140000,477278425,
2138,CRS3035RES1000mN2037000E3140000,486879235,
2139,CRS3035RES1000mN2037000E3140000,493748377,99.0
2140,CRS3035RES1000mN2037000E3140000,498234201,118.0
2141,CRS3035RES1000mN2037000E3140000,504315026,97.0
2142,CRS3035RES1000mN2037000E3140000,548701490,
2143,CRS3035RES1000mN2037000E3140000,574210084,66.0
2144,CRS3035RES1000mN2037000E3140000,576094143,105.0
2145,CRS3035RES1000mN2037000E3140000,584409067,
2146,CRS3035RES1000mN2037000E3140000,635512756,99.0
2147,CRS3035RES1000mN2037000E3140000,638492224,
2148,CRS3035RES1000mN2037000E3140000,653913062,101.0
2149,CRS3035RES1000mN2037000E3140000,659866770,
2150,CRS3035RES1000mN2037000E3140000,697717972,106.0
2151,CRS3035RES1000mN2037000E3140000,717194862,
2152,CRS3035RES1000mN2037000E3140000,736899303,
2153,CRS3035RES1000mN2037000E3140000,738042217,
2154,CRS3035RES1000mN2037000E3140000,839611983,
2155,CRS3035RES1000mN2037000E3140000,957893520,72.0
2156,CRS3035RES1000mN2037000E3140000,963308110,104.0
2157,CRS3035RES1000mN2037000E3140000,1073283182,
2158,CRS3035RES1000mN2037000E3140000,1252864015,88.0
2159,CRS3035RES1000mN2037000E3140000,1283203658,
2160,CRS3035RES1000mN2037000E3141000,25526,112.0
2161,CRS3035RES1000mN2037000E3141000,1774,102.0
2162,CRS3035RES1000mN2037000E3141000,1770,115.0
2163,CRS3035RES1000mN2037000E3141000,1773,115.0
2164,CRS3035RES1000mN2037000E3141000,1771,80.0
2165,CRS3035RES1000mN2037000E3141000,123303,115.0
2166,CRS3035RES1000mN2037000E3141000,1764,92.0
2167,CRS3035RES1000mN2037000E3141000,181101,
2168,CRS3035RES1000mN2037000E3141000,5765642,115.0
2169,CRS3035RES1000mN2037000E3141000,86719,
2170,CRS3035RES1000mN2037000E3141000,1800,114.0
2171,CRS3035RES1000mN2037000E3141000,1757,101.0
2172,CRS3035RES1000mN2037000E3141000,1755,105.0
2173,CRS3035RES1000mN2037000E3141000,1882,82.0
2174,CRS3035RES1000mN2037000E3141000,1745,108.0
2175,CRS3035RES1000mN2037000E3141000,1794,106.0
2176,CRS3035RES1000mN2037000E3141000,1762,94.0
2177,CRS3035RES1000mN2037000E3141000,51188,100.0
2178,CRS3035RES1000mN2037000E3141000,6893633,98.0
2179,CRS3035RES1000mN2037000E3141000,167128,111.0
2180,CRS3035RES1000mN2037000E3141000,1760,102.0
2181,CRS3035RES1000mN2037000E3141000,12773298,116.0
2182,CRS3035RES1000mN2037000E3141000,1754,
2183,CRS3035RES1000mN2037000E3141000,1748,116.0
2184,CRS3035RES1000mN2037000E3141000,79941,115.0
2185,CRS3035RES1000mN2037000E3141000,1750,107.0
2186,CRS3035RES1000mN2037000E3141000,5975465,92.0
2187,CRS3035RES1000mN2037000E3141000,115056,116.0
2188,CRS3035RES1000mN2037000E3141000,1790,98.0
2189,CRS3035RES1000mN2037000E3141000,1756,109.0
2190,CRS3035RES1000mN2037000E3141000,51849,104.0
2191,CRS3035RES1000mN2037000E3141000,185595,92.0
2192,CRS3035RES1000mN2037000E3141000,7697128,88.0
2193,CRS3035RES1000mN2037000E3141000,10395362,
2194,CRS3035RES1000mN2037000E3141000,1759,103.0
2195,CRS3035RES1000mN2037000E3141000,1752,104.0
2196,CRS3035RES1000mN2037000E3141000,186714,106.0
2197,CRS3035RES1000mN2037000E3141000,1753,109.0
2198,CRS3035RES1000mN2037000E3141000,1792,116.0
2199,CRS3035RES1000mN2037000E3141000,1763,104.0
2200,CRS3035RES1000mN2037000E3141000,1746,111.0
2201,CRS3035RES1000mN2037000E3141000,11572165,118.0
2202,CRS3035RES1000mN2037000E3141000,1761,104.0
2203,CRS3035RES1000mN2037000E3141000,1747,115.0
2204,CRS3035RES1000mN2037000E3141000,5768564,106.0
2205,CRS3035RES1000mN2037000E3141000,1798,92.0
2206,CRS3035RES1000mN2037000E3141000,66904,105.0
2207,CRS3035RES1000mN2037000E3141000,1777,84.0
2208,CRS3035RES1000mN2037000E3141000,1765,97.0
2209,CRS3035RES1000mN2037000E3141000,49416,117.0
2210,CRS3035RES1000mN2037000E3141000,12734939,117.0
2211,CRS3035RES1000mN2037000E3141000,167386167,89.0
2212,CRS3035RES1000mN2037000E3141000,295933804,91.0
2213,CRS3035RES1000mN2037000E3141000,303340017,76.0
2214,CRS3035RES1000mN2037000E3141000,315355551,93.0
2215,CRS3035RES1000mN2037000E3141000,339084977,109.0
2216,CRS3035RES1000mN2037000E3141000,412911553,83.0
2217,CRS3035RES1000mN2037000E3141000,558126037,114.0
2218,CRS3035RES1000mN2037000E3141000,711789768,
2219,CRS3035RES1000mN2037000E3141000,727666062,
2220,CRS3035RES1000mN2037000E3141000,848085869,
2221,CRS3035RES1000mN2037000E3141000,1056098898,97.0
2222,CRS3035RES1000mN2037000E3141000,1255438242,
2223,CRS3035RES1000mN2037000E3141000,1469985039,
2224,CRS3035RES1000mN2037000E3141000,1504302537,
2225,CRS3035RES1000mN2037000E3141000,1511617504,
2226,CRS3035RES1000mN2037000E3141000,1541601287,95.0
2227,CRS3035RES1000mN2037000E3141000,1544591296,112.0
2228,CRS3035RES1000mN2037000E3141000,1598174183,117.0
2229,CRS3035RES1000mN2037000E3141000,1629887846,
2230,CRS3035RES1000mN2037000E3141000,1686660176,117.0
2231,CRS3035RES1000mN2037000E3141000,1716927336,
2232,CRS3035RES1000mN2037000E3141000,1734554324,
2233,CRS3035RES1000mN2037000E3141000,1849109335,77.0
2234,CRS3035RES1000mN2037000E3141000,2028408680,
2235,CRS3035RES1000mN2037000E3141000,2036887702,
2236,CRS3035RES1000mN2037000E3141000,2061404218,115.0
2237,CRS3035RES1000mN2037000E3141000,2134238030,
2238,CRS3035RES1000mN2037000E3141000,2261600754,
2239,CRS3035RES1000mN2037000E3141000,2301402027,
2240,CRS3035RES1000mN2037000E3141000,2303966810,
2241,CRS3035RES1000mN2037000E3141000,2312029862,
2242,CRS3035RES1000mN2037000E3141000,2408860250,102.0
2243,CRS3035RES1000mN2037000E3141000,2620185829,89.0
2244,CRS3035RES1000mN2037000E3141000,2622508931,81.0
2245,CRS3035RES1000mN2037000E3141000,2672130951,
2246,CRS3035RES1000mN2037000E3141000,2710518818,
2247,CRS3035RES1000mN2037000E3141000,3034026261,
2248,CRS3035RES1000mN2037000E3141000,3179889751,
2249,CRS3035RES1000mN2037000E3141000,3206611978,
2250,CRS3035RES1000mN2037000E3141000,3272828439,
2251,CRS3035RES1000mN2037000E3141000,3452364276,
2252,CRS3035RES1000mN2037000E3141000,3452364277,100.0
2253,CRS3035RES1000mN2037000E3141000,3495733197,
2254,CRS3035RES1000mN2037000E3141000,3497154853,
2255,CRS3035RES1000mN2037000E3141000,3517755445,
2256,CRS3035RES1000mN2037000E3141000,3522125657,
2257,CRS3035RES1000mN2037000E3141000,3526751794,
2258,CRS3035RES1000mN2037000E3141000,3839306060,119.0
2259,CRS3035RES1000mN2037000E3141000,4214697664,90.0
2260,CRS3035RES1000mN2037000E3141000,4338252586,
2261,CRS3035RES1000mN2037000E3141000,4401271633,
2262,CRS3035RES1000mN2037000E3141000,4515476768,
2263,CRS3035RES1000mN2037000E3141000,4569910891,90.0
2264,CRS3035RES1000mN2037000E3141000,4703730491,102.0
2265,CRS3035RES1000mN2037000E3141000,4707870392,99.0
2266,CRS3035RES1000mN2037000E3141000,4789037769,
2267,CRS3035RES1000mN2037000E3141000,4794233143,
2268,CRS3035RES1000mN2037000E3141000,4870405674,108.0
2269,CRS3035RES1000mN2037000E3141000,5139379922,80.0
2270,CRS3035RES1000mN2037000E3141000,5160337425,75.0
2271,CRS3035RES1000mN2037000E3141000,5196199575,94.0
2272,CRS3035RES1000mN2037000E3141000,5341570554,104.0
2273,CRS3035RES1000mN2037000E3141000,5345949864,
2274,CRS3035RES1000mN2037000E3141000,5448507385,
2275,CRS3035RES1000mN2037000E3141000,5604693894,
2276,CRS3035RES1000mN2037000E3141000,5670401989,
2277,CRS3035RES1000mN2037000E3141000,5942671299,
2278,CRS3035RES1000mN2037000E3141000,5943980960,107.0
2279,CRS3035RES1000mN2037000E3141000,6185791451,
2280,CRS3035RES1000mN2037000E3141000,6188948286,
2281,CRS3035RES1000mN2037000E3141000,6555800191,
2282,CRS3035RES1000mN2037000E3141000,6885254479,114.0
2283,CRS3035RES1000mN2037000E3141000,7222611268,
2284,CRS3035RES1000mN2037000E3141000,7408961006,
2285,CRS3035RES1000mN2037000E3141000,7619964683,
2286,CRS3035RES1000mN2037000E3141000,7836562695,
2287,CRS3035RES1000mN2037000E3141000,8493729364,96.0
2288,CRS3035RES1000mN2037000E3141000,8557885377,103.0
2289,CRS3035RES1000mN2037000E3141000,8807212208,93.0
2290,CRS3035RES1000mN2037000E3141000,8844229173,94.0
2291,CRS3035RES1000mN2037000E3141000,8878422600,82.0
2292,CRS3035RES1000mN2037000E3141000,9595709188,105.0
2293,CRS3035RES1000mN2037000E3141000,9611387099,102.0
2294,CRS3035RES1000mN2037000E3141000,9712656915,74.0
2295,CRS3035RES1000mN2037000E3141000,9713142744,93.0
2296,CRS3035RES1000mN2037000E3141000,9815746657,
2297,CRS3035RES1000mN2037000E3141000,10004871512,
2298,CRS3035RES1000mN2037000E3141000,10281174134,
2299,CRS3035RES1000mN2037000E3141000,10580337411,
2300,CRS3035RES1000mN2037000E3141000,10899442604,
2301,CRS3035RES1000mN2037000E3141000,10922657146,
2302,CRS3035RES1000mN2037000E3141000,11127499928,
2303,CRS3035RES1000mN2037000E3141000,11143725881,75.0
2304,CRS3035RES1000mN2037000E3141000,11243087140,118.0
2305,CRS3035RES1000mN2037000E3141000,11269399969,72.0
2306,CRS3035RES1000mN2037000E3141000,11287269362,
2307,CRS3035RES1000mN2037000E3141000,11287269363,
2308,CRS3035RES1000mN2037000E3141000,11369705764,
2309,CRS3035RES1000mN2037000E3141000,11387776374,
2310,CRS3035RES1000mN2037000E3141000,11461799040,
2311,CRS3035RES1000mN2037000E3141000,11462802981,112.0
2312,CRS3035RES1000mN2037000E3141000,11652077658,82.0
2313,CRS3035RES1000mN2037000E3141000,11691390164,81.0
2314,CRS3035RES1000mN2037000E3141000,11739757462,
2315,CRS3035RES1000mN2037000E3141000,12178446726,108.0
2316,CRS3035RES1000mN2037000E3141000,12407425114,63.0
2317,CRS3035RES1000mN2037000E3141000,12865480228,
2318,CRS3035RES1000mN2037000E3141000,2960630,
2319,CRS3035RES1000mN2037000E3141000,3554044,
2320,CRS3035RES1000mN2037000E3141000,3557906,
2321,CRS3035RES1000mN2037000E3141000,5231361,74.0
2322,CRS3035RES1000mN2037000E3141000,9314566,
2323,CRS3035RES1000mN2037000E3141000,13696257,81.0
2324,CRS3035RES1000mN2037000E3141000,15996131,84.0
2325,CRS3035RES1000mN2037000E3141000,23526191,108.0
2326,CRS3035RES1000mN2037000E3141000,23545719,111.0
2327,CRS3035RES1000mN2037000E3141000,30599279,
2328,CRS3035RES1000mN2037000E3141000,30649229,71.0
2329,CRS3035RES1000mN2037000E3141000,32198651,
2330,CRS3035RES1000mN2037000E3141000,34945111,
2331,CRS3035RES1000mN2037000E3141000,50170625,
2332,CRS3035RES1000mN2037000E3141000,82887228,105.0
2333,CRS3035RES1000mN2037000E3141000,92484952,59.0
2334,CRS3035RES1000mN2037000E3141000,95794713,
2335,CRS3035RES1000mN2037000E3141000,96418670,
2336,CRS3035RES1000mN2037000E3141000,98502686,69.0
2337,CRS3035RES1000mN2037000E3141000,132613257,119.0
2338,CRS3035RES1000mN2037000E3141000,135036040,
2339,CRS3035RES1000mN2037000E3141000,150772489,89.0
2340,CRS3035RES1000mN2037000E3141000,154118456,84.0
2341,CRS3035RES1000mN2037000E3141000,157375776,
2342,CRS3035RES1000mN2037000E3141000,158211204,
2343,CRS3035RES1000mN2037000E3141000,162072415,
2344,CRS3035RES1000mN2037000E3141000,162117720,77.0
2345,CRS3035RES1000mN2037000E3141000,170487273,
2346,CRS3035RES1000mN2037000E3141000,172686062,
2347,CRS3035RES1000mN2037000E3141000,174318235,
2348,CRS3035RES1000mN2037000E3141000,174318237,
2349,CRS3035RES1000mN2037000E3141000,205060159,
2350,CRS3035RES1000mN2037000E3141000,205757163,
2351,CRS3035RES1000mN2037000E3141000,221095520,
2352,CRS3035RES1000mN2037000E3141000,224503374,97.0
2353,CRS3035RES1000mN2037000E3141000,227333462,86.0
2354,CRS3035RES1000mN2037000E3141000,229117454,74.0
2355,CRS3035RES1000mN2037000E3141000,261460389,
2356,CRS3035RES1000mN2037000E3141000,283450022,84.0
2357,CRS3035RES1000mN2037000E3141000,288994040,98.0
2358,CRS3035RES1000mN2037000E3141000,296744564,
2359,CRS3035RES1000mN2037000E3141000,297526406,
2360,CRS3035RES1000mN2037000E3141000,300709861,
2361,CRS3035RES1000mN2037000E3141000,301444634,73.0
2362,CRS3035RES1000mN2037000E3141000,302721609,
2363,CRS3035RES1000mN2037000E3141000,308195630,109.0
2364,CRS3035RES1000mN2037000E3141000,312777902,101.0
2365,CRS3035RES1000mN2037000E3141000,330154630,
2366,CRS3035RES1000mN2037000E3141000,340205456,90.0
2367,CRS3035RES1000mN2037000E3141000,367883612,99.0
2368,CRS3035RES1000mN2037000E3141000,368211943,94.0
2369,CRS3035RES1000mN2037000E3141000,374180360,
2370,CRS3035RES1000mN2037000E3141000,375369499,78.0
2371,CRS3035RES1000mN2037000E3141000,383494544,105.0
2372,CRS3035RES1000mN2037000E3141000,384574591,
2373,CRS3035RES1000mN2037000E3141000,403538322,
2374,CRS3035RES1000mN2037000E3141000,403859503,83.0
2375,CRS3035RES1000mN2037000E3141000,437050442,
2376,CRS3035RES1000mN2037000E3141000,459881697,62.0
2377,CRS3035RES1000mN2037000E3141000,477278425,
2378,CRS3035RES1000mN2037000E3141000,486879235,
2379,CRS3035RES1000mN2037000E3141000,493748377,118.0
2380,CRS3035RES1000mN2037000E3141000,498234201,
2381,CRS3035RES1000mN2037000E3141000,504315026,
2382,CRS3035RES1000mN2037000E3141000,548701490,
2383,CRS3035RES1000mN2037000E3141000,574210084,91.0
2384,CRS3035RES1000mN2037000E3141000,576094143,
2385,CRS3035RES1000mN2037000E3141000,584409067,
2386,CRS3035RES1000mN2037000E3141000,635512756,
2387,CRS3035RES1000mN2037000E3141000,638492224,
2388,CRS3035RES1000mN2037000E3141000,653913062,
2389,CRS3035RES1000mN2037000E3141000,659866770,
2390,CRS3035RES1000mN2037000E3141000,697717972,
2391,CRS3035RES1000mN2037000E3141000,717194862,
2392,CRS3035RES1000mN2037000E3141000,736899303,
2393,CRS3035RES1000mN2037000E3141000,738042217,
2394,CRS3035RES1000mN2037000E3141000,839611983,
2395,CRS3035RES1000mN2037000E3141000,957893520,93.0
2396,CRS3035RES1000mN2037000E3141000,963308110,
2397,CRS3035RES1000mN2037000E3141000,1073283182,
2398,CRS3035RES1000mN2037000E3141000,1252864015,117.0
2399,CRS3035RES1000mN2037000E3141000,1283203658,
2400,CRS3035RES1000mN2037000E3142000,25526,103.0
2401,CRS3035RES1000mN2037000E3142000,1774,91.0
2402,CRS3035RES1000mN2037000E3142000,1770,106.0
2403,CRS3035RES1000mN2037000E3142000,1773,108.0
2404,CRS3035RES1000mN2037000E3142000,1771,69.0
2405,CRS3035RES1000mN2037000E3142000,123303,102.0
2406,CRS3035RES1000mN2037000E3142000,1764,81.0
2407,CRS3035RES1000mN2037000E3142000,181101,117.0
2408,CRS3035RES1000mN2037000E3142000,5765642,104.0
2409,CRS3035RES1000mN2037000E3142000,86719,112.0
2410,CRS3035RES1000mN2037000E3142000,1800,107.0
2411,CRS3035RES1000mN2037000E3142000,1757,92.0
2412,CRS3035RES1000mN2037000E3142000,1755,87.0
2413,CRS3035RES1000mN2037000E3142000,1882,72.0
2414,CRS3035RES1000mN2037000E3142000,1745,99.0
2415,CRS3035RES1000mN2037000E3142000,1794,98.0
2416,CRS3035RES1000mN2037000E3142000,1762,86.0
2417,CRS3035RES1000mN2037000E3142000,51188,93.0
2418,CRS3035RES1000mN2037000E3142000,6893633,90.0
2419,CRS3035RES1000mN2037000E3142000,167128,103.0
2420,CRS3035RES1000mN2037000E3142000,1760,94.0
2421,CRS3035RES1000mN2037000E3142000,12773298,101.0
2422,CRS3035RES1000mN2037000E3142000,1754,112.0
2423,CRS3035RES1000mN2037000E3142000,1748,109.0
2424,CRS3035RES1000mN2037000E3142000,79941,104.0
2425,CRS3035RES1000mN2037000E3142000,1750,100.0
2426,CRS3035RES1000mN2037000E3142000,5975465,82.0
2427,CRS3035RES1000mN2037000E3142000,115056,107.0
2428,CRS3035RES1000mN2037000E3142000,1790,87.0
2429,CRS3035RES1000mN2037000E3142000,1756,97.0
2430,CRS3035RES1000mN2037000E3142000,51849,95.0
2431,CRS3035RES1000mN2037000E3142000,185595,84.0
2432,CRS3035RES1000mN2037000E3142000,7697128,80.0
2433,CRS3035RES1000mN2037000E3142000,10395362,105.0
2434,CRS3035RES1000mN2037000E3142000,1759,96.0
2435,CRS3035RES1000mN2037000E3142000,1752,96.0
2436,CRS3035RES1000mN2037000E3142000,186714,97.0
2437,CRS3035RES1000mN2037000E3142000,1753,101.0
2438,CRS3035RES1000mN2037000E3142000,1792,108.0
2439,CRS3035RES1000mN2037000E3142000,1763,84.0
2440,CRS3035RES1000mN2037000E3142000,1746,103.0
2441,CRS3035RES1000mN2037000E3142000,11572165,108.0
2442,CRS3035RES1000mN2037000E3142000,1761,96.0
2443,CRS3035RES1000mN2037000E3142000,1747,108.0
2444,CRS3035RES1000mN2037000E3142000,5768564,96.0
2445,CRS3035RES1000mN2037000E3142000,1798,82.0
2446,CRS3035RES1000mN2037000E3142000,66904,90.0
2447,CRS3035RES1000mN2037000E3142000,1777,76.0
2448,CRS3035RES1000mN2037000E3142000,1765,89.0
2449,CRS3035RES1000mN2037000E3142000,49416,109.0
2450,CRS3035RES1000mN2037000E3142000,12734939,109.0
2451,CRS3035RES1000mN2037000E3142000,167386167,81.0
2452,CRS3035RES1000mN2037000E3142000,295933804,62.0
2453,CRS3035RES1000mN2037000E3142000,303340017,77.0
2454,CRS3035RES1000mN2037000E3142000,315355551,74.0
2455,CRS3035RES1000mN2037000E3142000,339084977,82.0
2456,CRS3035RES1000mN2037000E3142000,412911553,72.0
2457,CRS3035RES1000mN2037000E3142000,558126037,94.0
2458,CRS3035RES1000mN2037000E3142000,711789768,
2459,CRS3035RES1000mN2037000E3142000,727666062,
2460,CRS3035RES1000mN2037000E3142000,848085869,116.0
2461,CRS3035RES1000mN2037000E3142000,1056098898,88.0
2462,CRS3035RES1000mN2037000E3142000,1255438242,
2463,CRS3035RES1000mN2037000E3142000,1469985039,118.0
2464,CRS3035RES1000mN2037000E3142000,1504302537,
2465,CRS3035RES1000mN2037000E3142000,1511617504,
2466,CRS3035RES1000mN2037000E3142000,1541601287,63.0
2467,CRS3035RES1000mN2037000E3142000,1544591296,104.0
2468,CRS3035RES1000mN2037000E3142000,1598174183,103.0
2469,CRS3035RES1000mN2037000E3142000,1629887846,107.0
2470,CRS3035RES1000mN2037000E3142000,1686660176,108.0
2471,CRS3035RES1000mN2037000E3142000,1716927336,
2472,CRS3035RES1000mN2037000E3142000,1734554324,
2473,CRS3035RES1000mN2037000E3142000,1849109335,77.0
2474,CRS3035RES1000mN2037000E3142000,2028408680,
2475,CRS3035RES1000mN2037000E3142000,2036887702,
2476,CRS3035RES1000mN2037000E3142000,2061404218,108.0
2477,CRS3035RES1000mN2037000E3142000,2134238030,117.0
2478,CRS3035RES1000mN2037000E3142000,2261600754,
2479,CRS3035RES1000mN2037000E3142000,2301402027,115.0
2480,CRS3035RES1000mN2037000E3142000,2303966810,
2481,CRS3035RES1000mN2037000E3142000,2312029862,106.0
2482,CRS3035RES1000mN2037000E3142000,2408860250,87.0
2483,CRS3035RES1000mN2037000E3142000,2620185829,80.0
2484,CRS3035RES1000mN2037000E3142000,2622508931,71.0
2485,CRS3035RES1000mN2037000E3142000,2672130951,
2486,CRS3035RES1000mN2037000E3142000,2710518818,118.0
2487,CRS3035RES1000mN2037000E3142000,3034026261,
2488,CRS3035RES1000mN2037000E3142000,3179889751,
2489,CRS3035RES1000mN2037000E3142000,3206611978,
2490,CRS3035RES1000mN2037000E3142000,3272828439,
2491,CRS3035RES1000mN2037000E3142000,3452364276,113.0
2492,CRS3035RES1000mN2037000E3142000,3452364277,91.0
2493,CRS3035RES1000mN2037000E3142000,3495733197,
2494,CRS3035RES1000mN2037000E3142000,3497154853,
2495,CRS3035RES1000mN2037000E3142000,3517755445,
2496,CRS3035RES1000mN2037000E3142000,3522125657,
2497,CRS3035RES1000mN2037000E3142000,3526751794,
2498,CRS3035RES1000mN2037000E3142000,3839306060,110.0
2499,CRS3035RES1000mN2037000E3142000,4214697664,81.0
2500,CRS3035RES1000mN2037000E3142000,4338252586,
2501,CRS3035RES1000mN2037000E3142000,4401271633,
2502,CRS3035RES1000mN2037000E3142000,4515476768,
2503,CRS3035RES1000mN2037000E3142000,4569910891,81.0
2504,CRS3035RES1000mN2037000E3142000,4703730491,79.0
2505,CRS3035RES1000mN2037000E3142000,4707870392,74.0
2506,CRS3035RES1000mN2037000E3142000,4789037769,
2507,CRS3035RES1000mN2037000E3142000,4794233143,
2508,CRS3035RES1000mN2037000E3142000,4870405674,98.0
2509,CRS3035RES1000mN2037000E3142000,5139379922,87.0
2510,CRS3035RES1000mN2037000E3142000,5160337425,64.0
2511,CRS3035RES1000mN2037000E3142000,5196199575,99.0
2512,CRS3035RES1000mN2037000E3142000,5341570554,95.0
2513,CRS3035RES1000mN2037000E3142000,5345949864,115.0
2514,CRS3035RES1000mN2037000E3142000,5448507385,
2515,CRS3035RES1000mN2037000E3142000,5604693894,
2516,CRS3035RES1000mN2037000E3142000,5670401989,98.0
2517,CRS3035RES1000mN2037000E3142000,5942671299,
2518,CRS3035RES1000mN2037000E3142000,5943980960,85.0
2519,CRS3035RES1000mN2037000E3142000,6185791451,
2520,CRS3035RES1000mN2037000E3142000,6188948286,
2521,CRS3035RES1000mN2037000E3142000,6555800191,118.0
2522,CRS3035RES1000mN2037000E3142000,6885254479,106.0
2523,CRS3035RES1000mN2037000E3142000,7222611268,
2524,CRS3035RES1000mN2037000E3142000,7408961006,
2525,CRS3035RES1000mN2037000E3142000,7619964683,
2526,CRS3035RES1000mN2037000E3142000,7836562695,119.0
2527,CRS3035RES1000mN2037000E3142000,8493729364,86.0
2528,CRS3035RES1000mN2037000E3142000,8557885377,103.0
2529,CRS3035RES1000mN2037000E3142000,8807212208,84.0
2530,CRS3035RES1000mN2037000E3142000,8844229173,86.0
2531,CRS3035RES1000mN2037000E3142000,8878422600,58.0
2532,CRS3035RES1000mN2037000E3142000,9595709188,99.0
2533,CRS3035RES1000mN2037000E3142000,9611387099,88.0
2534,CRS3035RES1000mN2037000E3142000,9712656915,63.0
2535,CRS3035RES1000mN2037000E3142000,9713142744,85.0
2536,CRS3035RES1000mN2037000E3142000,9815746657,
2537,CRS3035RES1000mN2037000E3142000,10004871512,106.0
2538,CRS3035RES1000mN2037000E3142000,10281174134,
2539,CRS3035RES1000mN2037000E3142000,10580337411,114.0
2540,CRS3035RES1000mN2037000E3142000,10899442604,
2541,CRS3035RES1000mN2037000E3142000,10922657146,
2542,CRS3035RES1000mN2037000E3142000,11127499928,105.0
2543,CRS3035RES1000mN2037000E3142000,11143725881,75.0
2544,CRS3035RES1000mN2037000E3142000,11243087140,114.0
2545,CRS3035RES1000mN2037000E3142000,11269399969,61.0
2546,CRS3035RES1000mN2037000E3142000,11287269362,110.0
2547,CRS3035RES1000mN2037000E3142000,11287269363,
2548,CRS3035RES1000mN2037000E3142000,11369705764,
2549,CRS3035RES1000mN2037000E3142000,11387776374,117.0
2550,CRS3035RES1000mN2037000E3142000,11461799040,
2551,CRS3035RES1000mN2037000E3142000,11462802981,105.0
2552,CRS3035RES1000mN2037000E3142000,11652077658,82.0
2553,CRS3035RES1000mN2037000E3142000,11691390164,70.0
2554,CRS3035RES1000mN2037000E3142000,11739757462,110.0
2555,CRS3035RES1000mN2037000E3142000,12178446726,99.0
2556,CRS3035RES1000mN2037000E3142000,12407425114,59.0
2557,CRS3035RES1000mN2037000E3142000,12865480228,111.0
2558,CRS3035RES1000mN2037000E3142000,2960630,118.0
2559,CRS3035RES1000mN2037000E3142000,3554044,
2560,CRS3035RES1000mN2037000E3142000,3557906,118.0
2561,CRS3035RES1000mN2037000E3142000,5231361,63.0
2562,CRS3035RES1000mN2037000E3142000,9314566,
2563,CRS3035RES1000mN2037000E3142000,13696257,52.0
2564,CRS3035RES1000mN2037000E3142000,15996131,74.0
2565,CRS3035RES1000mN2037000E3142000,23526191,100.0
2566,CRS3035RES1000mN2037000E3142000,23545719,104.0
2567,CRS3035RES1000mN2037000E3142000,30599279,115.0
2568,CRS3035RES1000mN2037000E3142000,30649229,60.0
2569,CRS3035RES1000mN2037000E3142000,32198651,
2570,CRS3035RES1000mN2037000E3142000,34945111,
2571,CRS3035RES1000mN2037000E3142000,50170625,
2572,CRS3035RES1000mN2037000E3142000,82887228,93.0
2573,CRS3035RES1000mN2037000E3142000,92484952,34.0
2574,CRS3035RES1000mN2037000E3142000,95794713,113.0
2575,CRS3035RES1000mN2037000E3142000,96418670,
2576,CRS3035RES1000mN2037000E3142000,98502686,54.0
2577,CRS3035RES1000mN2037000E3142000,132613257,111.0
2578,CRS3035RES1000mN2037000E3142000,135036040,107.0
2579,CRS3035RES1000mN2037000E3142000,150772489,77.0
2580,CRS3035RES1000mN2037000E3142000,154118456,82.0
2581,CRS3035RES1000mN2037000E3142000,157375776,102.0
2582,CRS3035RES1000mN2037000E3142000,158211204,114.0
2583,CRS3035RES1000mN2037000E3142000,162072415,106.0
2584,CRS3035RES1000mN2037000E3142000,162117720,58.0
2585,CRS3035RES1000mN2037000E3142000,170487273,
2586,CRS3035RES1000mN2037000E3142000,172686062,116.0
2587,CRS3035RES1000mN2037000E3142000,174318235,119.0
2588,CRS3035RES1000mN2037000E3142000,174318237,
2589,CRS3035RES1000mN2037000E3142000,205060159,
2590,CRS3035RES1000mN2037000E3142000,205757163,
2591,CRS3035RES1000mN2037000E3142000,221095520,114.0
2592,CRS3035RES1000mN2037000E3142000,224503374,88.0
2593,CRS3035RES1000mN2037000E3142000,227333462,47.0
2594,CRS3035RES1000mN2037000E3142000,229117454,74.0
2595,CRS3035RES1000mN2037000E3142000,261460389,
2596,CRS3035RES1000mN2037000E3142000,283450022,74.0
2597,CRS3035RES1000mN2037000E3142000,288994040,86.0
2598,CRS3035RES1000mN2037000E3142000,296744564,
2599,CRS3035RES1000mN2037000E3142000,297526406,103.0
2600,CRS3035RES1000mN2037000E3142000,300709861,
2601,CRS3035RES1000mN2037000E3142000,301444634,74.0
2602,CRS3035RES1000mN2037000E3142000,302721609,
2603,CRS3035RES1000mN2037000E3142000,308195630,109.0
2604,CRS3035RES1000mN2037000E3142000,312777902,88.0
2605,CRS3035RES1000mN2037000E3142000,330154630,
2606,CRS3035RES1000mN2037000E3142000,340205456,82.0
2607,CRS3035RES1000mN2037000E3142000,367883612,87.0
2608,CRS3035RES1000mN2037000E3142000,368211943,83.0
2609,CRS3035RES1000mN2037000E3142000,374180360,110.0
2610,CRS3035RES1000mN2037000E3142000,375369499,76.0
2611,CRS3035RES1000mN2037000E3142000,383494544,96.0
2612,CRS3035RES1000mN2037000E3142000,384574591,116.0
2613,CRS3035RES1000mN2037000E3142000,403538322,118.0
2614,CRS3035RES1000mN2037000E3142000,403859503,73.0
2615,CRS3035RES1000mN2037000E3142000,437050442,
2616,CRS3035RES1000mN2037000E3142000,459881697,48.0
2617,CRS3035RES1000mN2037000E3142000,477278425,
2618,CRS3035RES1000mN2037000E3142000,486879235,
2619,CRS3035RES1000mN2037000E3142000,493748377,106.0
2620,CRS3035RES1000mN2037000E3142000,498234201,
2621,CRS3035RES1000mN2037000E3142000,504315026,112.0
2622,CRS3035RES1000mN2037000E3142000,548701490,
2623,CRS3035RES1000mN2037000E3142000,574210084,90.0
2624,CRS3035RES1000mN2037000E3142000,576094143,112.0
2625,CRS3035RES1000mN2037000E3142000,584409067,
2626,CRS3035RES1000mN2037000E3142000,635512756,103.0
2627,CRS3035RES1000mN2037000E3142000,638492224,
2628,CRS3035RES1000mN2037000E3142000,653913062,105.0
2629,CRS3035RES1000mN2037000E3142000,659866770,
2630,CRS3035RES1000mN2037000E3142000,697717972,118.0
2631,CRS3035RES1000mN2037000E3142000,717194862,
2632,CRS3035RES1000mN2037000E3142000,736899303,
2633,CRS3035RES1000mN2037000E3142000,738042217,
2634,CRS3035RES1000mN2037000E3142000,839611983,
2635,CRS3035RES1000mN2037000E3142000,957893520,84.0
2636,CRS3035RES1000mN2037000E3142000,963308110,113.0
2637,CRS3035RES1000mN2037000E3142000,1073283182,
2638,CRS3035RES1000mN2037000E3142000,1252864015,103.0
2639,CRS3035RES1000mN2037000E3142000,1283203658,
2640,CRS3035RES1000mN2037000E3143000,25526,116.0
2641,CRS3035RES1000mN2037000E3143000,1774,115.0
2642,CRS3035RES1000mN2037000E3143000,1770,
2643,CRS3035RES1000mN2037000E3143000,1773,
2644,CRS3035RES1000mN2037000E3143000,1771,95.0
2645,CRS3035RES1000mN2037000E3143000,123303,
2646,CRS3035RES1000mN2037000E3143000,1764,104.0
2647,CRS3035RES1000mN2037000E3143000,181101,
2648,CRS3035RES1000mN2037000E3143000,5765642,
2649,CRS3035RES1000mN2037000E3143000,86719,
2650,CRS3035RES1000mN2037000E3143000,1800,
2651,CRS3035RES1000mN2037000E3143000,1757,115.0
2652,CRS3035RES1000mN2037000E3143000,1755,113.0
2653,CRS3035RES1000mN2037000E3143000,1882,97.0
2654,CRS3035RES1000mN2037000E3143000,1745,
2655,CRS3035RES1000mN2037000E3143000,1794,
2656,CRS3035RES1000mN2037000E3143000,1762,109.0
2657,CRS3035RES1000mN2037000E3143000,51188,115.0
2658,CRS3035RES1000mN2037000E3143000,6893633,113.0
2659,CRS3035RES1000mN2037000E3143000,167128,
2660,CRS3035RES1000mN2037000E3143000,1760,117.0
2661,CRS3035RES1000mN2037000E3143000,12773298,
2662,CRS3035RES1000mN2037000E3143000,1754,
2663,CRS3035RES1000mN2037000E3143000,1748,
2664,CRS3035RES1000mN2037000E3143000,79941,
2665,CRS3035RES1000mN2037000E3143000,1750,
2666,CRS3035RES1000mN2037000E3143000,5975465,107.0
2667,CRS3035RES1000mN2037000E3143000,115056,
2668,CRS3035RES1000mN2037000E3143000,1790,113.0
2669,CRS3035RES1000mN2037000E3143000,1756,
2670,CRS3035RES1000mN2037000E3143000,51849,119.0
2671,CRS3035RES1000mN2037000E3143000,185595,107.0
2672,CRS3035RES1000mN2037000E3143000,7697128,102.0
2673,CRS3035RES1000mN2037000E3143000,10395362,
2674,CRS3035RES1000mN2037000E3143000,1759,119.0
2675,CRS3035RES1000mN2037000E3143000,1752,119.0
2676,CRS3035RES1000mN2037000E3143000,186714,
2677,CRS3035RES1000mN2037000E3143000,1753,
2678,CRS3035RES1000mN2037000E3143000,1792,
2679,CRS3035RES1000mN2037000E3143000,1763,110.0
2680,CRS3035RES1000mN2037000E3143000,1746,
2681,CRS3035RES1000mN2037000E3143000,11572165,
2682,CRS3035RES1000mN2037000E3143000,1761,118.0
2683,CRS3035RES1000mN2037000E3143000,1747,
2684,CRS3035RES1000mN2037000E3143000,5768564,115.0
2685,CRS3035RES1000mN2037000E3143000,1798,105.0
2686,CRS3035RES1000mN2037000E3143000,66904,114.0
2687,CRS3035RES1000mN2037000E3143000,1777,99.0
2688,CRS3035RES1000mN2037000E3143000,1765,112.0
2689,CRS3035RES1000mN2037000E3143000,49416,
2690,CRS3035RES1000mN2037000E3143000,12734939,
2691,CRS3035RES1000mN2037000E3143000,167386167,103.0
2692,CRS3035RES1000mN2037000E3143000,295933804,88.0
2693,CRS3035RES1000mN2037000E3143000,303340017,85.0
2694,CRS3035RES1000mN2037000E3143000,315355551,90.0
2695,CRS3035RES1000mN2037000E3143000,339084977,108.0
2696,CRS3035RES1000mN2037000E3143000,412911553,98.0
2697,CRS3035RES1000mN2037000E3143000,558126037,114.0
2698,CRS3035RES1000mN2037000E3143000,711789768,
2699,CRS3035RES1000mN2037000E3143000,727666062,
2700,CRS3035RES1000mN2037000E3143000,848085869,
2701,CRS3035RES1000mN2037000E3143000,1056098898,111.0
2702,CRS3035RES1000mN2037000E3143000,1255438242,
2703,CRS3035RES1000mN2037000E3143000,1469985039,
2704,CRS3035RES1000mN2037000E3143000,1504302537,
2705,CRS3035RES1000mN2037000E3143000,1511617504,
2706,CRS3035RES1000mN2037000E3143000,1541601287,95.0
2707,CRS3035RES1000mN2037000E3143000,1544591296,
2708,CRS3035RES1000mN2037000E3143000,1598174183,
2709,CRS3035RES1000mN2037000E3143000,1629887846,
2710,CRS3035RES1000mN2037000E3143000,1686660176,
2711,CRS3035RES1000mN2037000E3143000,1716927336,
2712,CRS3035RES1000mN2037000E3143000,1734554324,
2713,CRS3035RES1000mN2037000E3143000,1849109335,77.0
2714,CRS3035RES1000mN2037000E3143000,2028408680,
2715,CRS3035RES1000mN2037000E3143000,2036887702,
2716,CRS3035RES1000mN2037000E3143000,2061404218,
2717,CRS3035RES1000mN2037000E3143000,2134238030,
2718,CRS3035RES1000mN2037000E3143000,2261600754,
2719,CRS3035RES1000mN2037000E3143000,2301402027,
2720,CRS3035RES1000mN2037000E3143000,2303966810,
2721,CRS3035RES1000mN2037000E3143000,2312029862,
2722,CRS3035RES1000mN2037000E3143000,2408860250,102.0
2723,CRS3035RES1000mN2037000E3143000,2620185829,104.0
2724,CRS3035RES1000mN2037000E3143000,2622508931,95.0
2725,CRS3035RES1000mN2037000E3143000,2672130951,
2726,CRS3035RES1000mN2037000E3143000,2710518818,
2727,CRS3035RES1000mN2037000E3143000,3034026261,
2728,CRS3035RES1000mN2037000E3143000,3179889751,
2729,CRS3035RES1000mN2037000E3143000,3206611978,
2730,CRS3035RES1000mN2037000E3143000,3272828439,
2731,CRS3035RES1000mN2037000E3143000,3452364276,
2732,CRS3035RES1000mN2037000E3143000,3452364277,115.0
2733,CRS3035RES1000mN2037000E3143000,3495733197,
2734,CRS3035RES1000mN2037000E3143000,3497154853,
2735,CRS3035RES1000mN2037000E3143000,3517755445,
2736,CRS3035RES1000mN2037000E3143000,3522125657,
2737,CRS3035RES1000mN2037000E3143000,3526751794,
2738,CRS3035RES1000mN2037000E3143000,3839306060,
2739,CRS3035RES1000mN2037000E3143000,4214697664,104.0
2740,CRS3035RES1000mN2037000E3143000,4338252586,
2741,CRS3035RES1000mN2037000E3143000,4401271633,
2742,CRS3035RES1000mN2037000E3143000,4515476768,
2743,CRS3035RES1000mN2037000E3143000,4569910891,104.0
2744,CRS3035RES1000mN2037000E3143000,4703730491,99.0
2745,CRS3035RES1000mN2037000E3143000,4707870392,108.0
2746,CRS3035RES1000mN2037000E3143000,4789037769,
2747,CRS3035RES1000mN2037000E3143000,4794233143,
2748,CRS3035RES1000mN2037000E3143000,4870405674,116.0
2749,CRS3035RES1000mN2037000E3143000,5139379922,82.0
2750,CRS3035RES1000mN2037000E3143000,5160337425,89.0
2751,CRS3035RES1000mN2037000E3143000,5196199575,94.0
2752,CRS3035RES1000mN2037000E3143000,5341570554,118.0
2753,CRS3035RES1000mN2037000E3143000,5345949864,
2754,CRS3035RES1000mN2037000E3143000,5448507385,
2755,CRS3035RES1000mN2037000E3143000,5604693894,
2756,CRS3035RES1000mN2037000E3143000,5670401989,
2757,CRS3035RES1000mN2037000E3143000,5942671299,
2758,CRS3035RES1000mN2037000E3143000,5943980960,108.0
2759,CRS3035RES1000mN2037000E3143000,6185791451,
2760,CRS3035RES1000mN2037000E3143000,6188948286,
2761,CRS3035RES1000mN2037000E3143000,6555800191,
2762,CRS3035RES1000mN2037000E3143000,6885254479,
2763,CRS3035RES1000mN2037000E3143000,7222611268,
2764,CRS3035RES1000mN2037000E3143000,7408961006,
2765,CRS3035RES1000mN2037000E3143000,7619964683,
2766,CRS3035RES1000mN2037000E3143000,7836562695,
2767,CRS3035RES1000mN2037000E3143000,8493729364,110.0
2768,CRS3035RES1000mN2037000E3143000,8557885377,103.0
2769,CRS3035RES1000mN2037000E3143000,8807212208,107.0
2770,CRS3035RES1000mN2037000E3143000,8844229173,109.0
2771,CRS3035RES1000mN2037000E3143000,8878422600,90.0
2772,CRS3035RES1000mN2037000E3143000,9595709188,
2773,CRS3035RES1000mN2037000E3143000,9611387099,113.0
2774,CRS3035RES1000mN2037000E3143000,9712656915,88.0
2775,CRS3035RES1000mN2037000E3143000,9713142744,109.0
2776,CRS3035RES1000mN2037000E3143000,9815746657,
2777,CRS3035RES1000mN2037000E3143000,10004871512,
2778,CRS3035RES1000mN2037000E3143000,10281174134,
2779,CRS3035RES1000mN2037000E3143000,10580337411,
2780,CRS3035RES1000mN2037000E3143000,10899442604,
2781,CRS3035RES1000mN2037000E3143000,10922657146,
2782,CRS3035RES1000mN2037000E3143000,11127499928,
2783,CRS3035RES1000mN2037000E3143000,11143725881,75.0
2784,CRS3035RES1000mN2037000E3143000,11243087140,
2785,CRS3035RES1000mN2037000E3143000,11269399969,88.0
2786,CRS3035RES1000mN2037000E3143000,11287269362,
2787,CRS3035RES1000mN2037000E3143000,11287269363,
2788,CRS3035RES1000mN2037000E3143000,11369705764,
2789,CRS3035RES1000mN2037000E3143000,11387776374,
2790,CRS3035RES1000mN2037000E3143000,11461799040,
2791,CRS3035RES1000mN2037000E3143000,11462802981,
2792,CRS3035RES1000mN2037000E3143000,11652077658,82.0
2793,CRS3035RES1000mN2037000E3143000,11691390164,95.0
2794,CRS3035RES1000mN2037000E3143000,11739757462,
2795,CRS3035RES1000mN2037000E3143000,12178446726,
2796,CRS3035RES1000mN2037000E3143000,12407425114,64.0
2797,CRS3035RES1000mN2037000E3143000,12865480228,
2798,CRS3035RES1000mN2037000E3143000,2960630,
2799,CRS3035RES1000mN2037000E3143000,3554044,
2800,CRS3035RES1000mN2037000E3143000,3557906,
2801,CRS3035RES1000mN2037000E3143000,5231361,89.0
2802,CRS3035RES1000mN2037000E3143000,9314566,
2803,CRS3035RES1000mN2037000E3143000,13696257,78.0
2804,CRS3035RES1000mN2037000E3143000,15996131,99.0
2805,CRS3035RES1000mN2037000E3143000,23526191,
2806,CRS3035RES1000mN2037000E3143000,23545719,
2807,CRS3035RES1000mN2037000E3143000,30599279,
2808,CRS3035RES1000mN2037000E3143000,30649229,86.0
2809,CRS3035RES1000mN2037000E3143000,32198651,
2810,CRS3035RES1000mN2037000E3143000,34945111,
2811,CRS3035RES1000mN2037000E3143000,50170625,
2812,CRS3035RES1000mN2037000E3143000,82887228,105.0
2813,CRS3035RES1000mN2037000E3143000,92484952,56.0
2814,CRS3035RES1000mN2037000E3143000,95794713,
2815,CRS3035RES1000mN2037000E3143000,96418670,
2816,CRS3035RES1000mN2037000E3143000,98502686,74.0
2817,CRS3035RES1000mN2037000E3143000,132613257,
2818,CRS3035RES1000mN2037000E3143000,135036040,
2819,CRS3035RES1000mN2037000E3143000,150772489,103.0
2820,CRS3035RES1000mN2037000E3143000,154118456,84.0
2821,CRS3035RES1000mN2037000E3143000,157375776,
2822,CRS3035RES1000mN2037000E3143000,158211204,
2823,CRS3035RES1000mN2037000E3143000,162072415,
2824,CRS3035RES1000mN2037000E3143000,162117720,88.0
2825,CRS3035RES1000mN2037000E3143000,170487273,
2826,CRS3035RES1000mN2037000E3143000,172686062,
2827,CRS3035RES1000mN2037000E3143000,174318235,
2828,CRS3035RES1000mN2037000E3143000,174318237,
2829,CRS3035RES1000mN2037000E3143000,205060159,
2830,CRS3035RES1000mN2037000E3143000,205757163,
2831,CRS3035RES1000mN2037000E3143000,221095520,
2832,CRS3035RES1000mN2037000E3143000,224503374,112.0
2833,CRS3035RES1000mN2037000E3143000,227333462,87.0
2834,CRS3035RES1000mN2037000E3143000,229117454,74.0
2835,CRS3035RES1000mN2037000E3143000,261460389,
2836,CRS3035RES1000mN2037000E3143000,283450022,99.0
2837,CRS3035RES1000mN2037000E3143000,288994040,111.0
2838,CRS3035RES1000mN2037000E3143000,296744564,
2839,CRS3035RES1000mN2037000E3143000,297526406,
2840,CRS3035RES1000mN2037000E3143000,300709861,
2841,CRS3035RES1000mN2037000E3143000,301444634,74.0
2842,CRS3035RES1000mN2037000E3143000,302721609,
2843,CRS3035RES1000mN2037000E3143000,308195630,109.0
2844,CRS3035RES1000mN2037000E3143000,312777902,113.0
2845,CRS3035RES1000mN2037000E3143000,330154630,
2846,CRS3035RES1000mN2037000E3143000,340205456,106.0
2847,CRS3035RES1000mN2037000E3143000,367883612,99.0
2848,CRS3035RES1000mN2037000E3143000,368211943,94.0
2849,CRS3035RES1000mN2037000E3143000,374180360,
2850,CRS3035RES1000mN2037000E3143000,375369499,78.0
2851,CRS3035RES1000mN2037000E3143000,383494544,
2852,CRS3035RES1000mN2037000E3143000,384574591,
2853,CRS3035RES1000mN2037000E3143000,403538322,
2854,CRS3035RES1000mN2037000E3143000,403859503,96.0
2855,CRS3035RES1000mN2037000E3143000,437050442,
2856,CRS3035RES1000mN2037000E3143000,459881697,65.0
2857,CRS3035RES1000mN2037000E3143000,477278425,
2858,CRS3035RES1000mN2037000E3143000,486879235,
2859,CRS3035RES1000mN2037000E3143000,493748377,
2860,CRS3035RES1000mN2037000E3143000,498234201,
2861,CRS3035RES1000mN2037000E3143000,504315026,
2862,CRS3035RES1000mN2037000E3143000,548701490,
2863,CRS3035RES1000mN2037000E3143000,574210084,91.0
2864,CRS3035RES1000mN2037000E3143000,576094143,
2865,CRS3035RES1000mN2037000E3143000,584409067,
2866,CRS3035RES1000mN2037000E3143000,635512756,
2867,CRS3035RES1000mN2037000E3143000,638492224,
2868,CRS3035RES1000mN2037000E3143000,653913062,
2869,CRS3035RES1000mN2037000E3143000,659866770,
2870,CRS3035RES1000mN2037000E3143000,697717972,
2871,CRS3035RES1000mN2037000E3143000,717194862,
2872,CRS3035RES1000mN2037000E3143000,736899303,
2873,CRS3035RES1000mN2037000E3143000,738042217,
2874,CRS3035RES1000mN2037000E3143000,839611983,
2875,CRS3035RES1000mN2037000E3143000,957893520,107.0
2876,CRS3035RES1000mN2037000E3143000,963308110,
2877,CRS3035RES1000mN2037000E3143000,1073283182,
2878,CRS3035RES1000mN2037000E3143000,1252864015,
2879,CRS3035RES1000mN2037000E3143000,1283203658,
2880,CRS3035RES1000mN2037000E3144000,25526,118.0
2881,CRS3035RES1000mN2037000E3144000,1774,108.0
2882,CRS3035RES1000mN2037000E3144000,1770,
2883,CRS3035RES1000mN2037000E3144000,1773,
2884,CRS3035RES1000mN2037000E3144000,1771,85.0
2885,CRS3035RES1000mN2037000E3144000,123303,
2886,CRS3035RES1000mN2037000E3144000,1764,97.0
2887,CRS3035RES1000mN2037000E3144000,181101,
2888,CRS3035RES1000mN2037000E3144000,5765642,
2889,CRS3035RES1000mN2037000E3144000,86719,
2890,CRS3035RES1000mN2037000E3144000,1800,
2891,CRS3035RES1000mN2037000E3144000,1757,106.0
2892,CRS3035RES1000mN2037000E3144000,1755,109.0
2893,CRS3035RES1000mN2037000E3144000,1882,87.0
2894,CRS3035RES1000mN2037000E3144000,1745,110.0
2895,CRS3035RES1000mN2037000E3144000,1794,111.0
2896,CRS3035RES1000mN2037000E3144000,1762,100.0
2897,CRS3035RES1000mN2037000E3144000,51188,106.0
2898,CRS3035RES1000mN2037000E3144000,6893633,104.0
2899,CRS3035RES1000mN2037000E3144000,167128,116.0
2900,CRS3035RES1000mN2037000E3144000,1760,108.0
2901,CRS3035RES1000mN2037000E3144000,12773298,119.0
2902,CRS3035RES1000mN2037000E3144000,1754,
2903,CRS3035RES1000mN2037000E3144000,1748,
2904,CRS3035RES1000mN2037000E3144000,79941,113.0
2905,CRS3035RES1000mN2037000E3144000,1750,112.0
2906,CRS3035RES1000mN2037000E3144000,5975465,98.0
2907,CRS3035RES1000mN2037000E3144000,115056,119.0
2908,CRS3035RES1000mN2037000E3144000,1790,103.0
2909,CRS3035RES1000mN2037000E3144000,1756,113.0
2910,CRS3035RES1000mN2037000E3144000,51849,110.0
2911,CRS3035RES1000mN2037000E3144000,185595,98.0
2912,CRS3035RES1000mN2037000E3144000,7697128,93.0
2913,CRS3035RES1000mN2037000E3144000,10395362,
2914,CRS3035RES1000mN2037000E3144000,1759,109.0
2915,CRS3035RES1000mN2037000E3144000,1752,110.0
2916,CRS3035RES1000mN2037000E3144000,186714,110.0
2917,CRS3035RES1000mN2037000E3144000,1753,114.0
2918,CRS3035RES1000mN2037000E3144000,1792,117.0
2919,CRS3035RES1000mN2037000E3144000,1763,107.0
2920,CRS3035RES1000mN2037000E3144000,1746,117.0
2921,CRS3035RES1000mN2037000E3144000,11572165,
2922,CRS3035RES1000mN2037000E3144000,1761,109.0
2923,CRS3035RES1000mN2037000E3144000,1747,
2924,CRS3035RES1000mN2037000E3144000,5768564,111.0
2925,CRS3035RES1000mN2037000E3144000,1798,96.0
2926,CRS3035RES1000mN2037000E3144000,66904,110.0
2927,CRS3035RES1000mN2037000E3144000,1777,90.0
2928,CRS3035RES1000mN2037000E3144000,1765,103.0
2929,CRS3035RES1000mN2037000E3144000,49416,119.0
2930,CRS3035RES1000mN2037000E3144000,12734939,119.0
2931,CRS3035RES1000mN2037000E3144000,167386167,94.0
2932,CRS3035RES1000mN2037000E3144000,295933804,86.0
2933,CRS3035RES1000mN2037000E3144000,303340017,89.0
2934,CRS3035RES1000mN2037000E3144000,315355551,93.0
2935,CRS3035RES1000mN2037000E3144000,339084977,106.0
2936,CRS3035RES1000mN2037000E3144000,412911553,88.0
2937,CRS3035RES1000mN2037000E3144000,558126037,
2938,CRS3035RES1000mN2037000E3144000,711789768,
2939,CRS3035RES1000mN2037000E3144000,727666062,
2940,CRS3035RES1000mN2037000E3144000,848085869,
2941,CRS3035RES1000mN2037000E3144000,1056098898,102.0
2942,CRS3035RES1000mN2037000E3144000,1255438242,
2943,CRS3035RES1000mN2037000E3144000,1469985039,
2944,CRS3035RES1000mN2037000E3144000,1504302537,
2945,CRS3035RES1000mN2037000E3144000,1511617504,
2946,CRS3035RES1000mN2037000E3144000,1541601287,96.0
2947,CRS3035RES1000mN2037000E3144000,1544591296,114.0
2948,CRS3035RES1000mN2037000E3144000,1598174183,
2949,CRS3035RES1000mN2037000E3144000,1629887846,
2950,CRS3035RES1000mN2037000E3144000,1686660176,
2951,CRS3035RES1000mN2037000E3144000,1716927336,
2952,CRS3035RES1000mN2037000E3144000,1734554324,
2953,CRS3035RES1000mN2037000E3144000,1849109335,81.0
2954,CRS3035RES1000mN2037000E3144000,2028408680,
2955,CRS3035RES1000mN2037000E3144000,2036887702,
2956,CRS3035RES1000mN2037000E3144000,2061404218,
2957,CRS3035RES1000mN2037000E3144000,2134238030,
2958,CRS3035RES1000mN2037000E3144000,2261600754,
2959,CRS3035RES1000mN2037000E3144000,2301402027,
2960,CRS3035RES1000mN2037000E3144000,2303966810,
2961,CRS3035RES1000mN2037000E3144000,2312029862,
2962,CRS3035RES1000mN2037000E3144000,2408860250,106.0
2963,CRS3035RES1000mN2037000E3144000,2620185829,94.0
2964,CRS3035RES1000mN2037000E3144000,2622508931,86.0
2965,CRS3035RES1000mN2037000E3144000,2672130951,
2966,CRS3035RES1000mN2037000E3144000,2710518818,
2967,CRS3035RES1000mN2037000E3144000,3034026261,
2968,CRS3035RES1000mN2037000E3144000,3179889751,
2969,CRS3035RES1000mN2037000E3144000,3206611978,
2970,CRS3035RES1000mN2037000E3144000,3272828439,
2971,CRS3035RES1000mN2037000E3144000,3452364276,
2972,CRS3035RES1000mN2037000E3144000,3452364277,105.0
2973,CRS3035RES1000mN2037000E3144000,3495733197,
2974,CRS3035RES1000mN2037000E3144000,3497154853,
2975,CRS3035RES1000mN2037000E3144000,3517755445,
2976,CRS3035RES1000mN2037000E3144000,3522125657,
2977,CRS3035RES1000mN2037000E3144000,3526751794,
2978,CRS3035RES1000mN2037000E3144000,3839306060,
2979,CRS3035RES1000mN2037000E3144000,4214697664,95.0
2980,CRS3035RES1000mN2037000E3144000,4338252586,
2981,CRS3035RES1000mN2037000E3144000,4401271633,
2982,CRS3035RES1000mN2037000E3144000,4515476768,
2983,CRS3035RES1000mN2037000E3144000,4569910891,95.0
2984,CRS3035RES1000mN2037000E3144000,4703730491,102.0
2985,CRS3035RES1000mN2037000E3144000,4707870392,107.0
2986,CRS3035RES1000mN2037000E3144000,4789037769,
2987,CRS3035RES1000mN2037000E3144000,4794233143,
2988,CRS3035RES1000mN2037000E3144000,4870405674,112.0
2989,CRS3035RES1000mN2037000E3144000,5139379922,102.0
2990,CRS3035RES1000mN2037000E3144000,5160337425,80.0
2991,CRS3035RES1000mN2037000E3144000,5196199575,
2992,CRS3035RES1000mN2037000E3144000,5341570554,108.0
2993,CRS3035RES1000mN2037000E3144000,5345949864,
2994,CRS3035RES1000mN2037000E3144000,5448507385,
2995,CRS3035RES1000mN2037000E3144000,5604693894,
2996,CRS3035RES1000mN2037000E3144000,5670401989,
2997,CRS3035RES1000mN2037000E3144000,5942671299,
2998,CRS3035RES1000mN2037000E3144000,5943980960,111.0
2999,CRS3035RES1000mN2037000E3144000,6185791451,
3000,CRS3035RES1000mN2037000E3144000,6188948286,
3001,CRS3035RES1000mN2037000E3144000,6555800191,
3002,CRS3035RES1000mN2037000E3144000,6885254479,118.0
3003,CRS3035RES1000mN2037000E3144000,7222611268,
3004,CRS3035RES1000mN2037000E3144000,7408961006,
3005,CRS3035RES1000mN2037000E3144000,7619964683,
3006,CRS3035RES1000mN2037000E3144000,7836562695,
3007,CRS3035RES1000mN2037000E3144000,8493729364,101.0
3008,CRS3035RES1000mN2037000E3144000,8557885377,107.0
3009,CRS3035RES1000mN2037000E3144000,8807212208,98.0
3010,CRS3035RES1000mN2037000E3144000,8844229173,100.0
3011,CRS3035RES1000mN2037000E3144000,8878422600,88.0
3012,CRS3035RES1000mN2037000E3144000,9595709188,112.0
3013,CRS3035RES1000mN2037000E3144000,9611387099,107.0
3014,CRS3035RES1000mN2037000E3144000,9712656915,79.0
3015,CRS3035RES1000mN2037000E3144000,9713142744,99.0
3016,CRS3035RES1000mN2037000E3144000,9815746657,
3017,CRS3035RES1000mN2037000E3144000,10004871512,
3018,CRS3035RES1000mN2037000E3144000,10281174134,
3019,CRS3035RES1000mN2037000E3144000,10580337411,
3020,CRS3035RES1000mN2037000E3144000,10899442604,
3021,CRS3035RES1000mN2037000E3144000,10922657146,
3022,CRS3035RES1000mN2037000E3144000,11127499928,
3023,CRS3035RES1000mN2037000E3144000,11143725881,79.0
3024,CRS3035RES1000mN2037000E3144000,11243087140,
3025,CRS3035RES1000mN2037000E3144000,11269399969,77.0
3026,CRS3035RES1000mN2037000E3144000,11287269362,
3027,CRS3035RES1000mN2037000E3144000,11287269363,
3028,CRS3035RES1000mN2037000E3144000,11369705764,
3029,CRS3035RES1000mN2037000E3144000,11387776374,
3030,CRS3035RES1000mN2037000E3144000,11461799040,
3031,CRS3035RES1000mN2037000E3144000,11462802981,114.0
3032,CRS3035RES1000mN2037000E3144000,11652077658,86.0
3033,CRS3035RES1000mN2037000E3144000,11691390164,86.0
3034,CRS3035RES1000mN2037000E3144000,11739757462,
3035,CRS3035RES1000mN2037000E3144000,12178446726,113.0
3036,CRS3035RES1000mN2037000E3144000,12407425114,98.0
3037,CRS3035RES1000mN2037000E3144000,12865480228,
3038,CRS3035RES1000mN2037000E3144000,2960630,
3039,CRS3035RES1000mN2037000E3144000,3554044,
3040,CRS3035RES1000mN2037000E3144000,3557906,
3041,CRS3035RES1000mN2037000E3144000,5231361,79.0
3042,CRS3035RES1000mN2037000E3144000,9314566,
3043,CRS3035RES1000mN2037000E3144000,13696257,69.0
3044,CRS3035RES1000mN2037000E3144000,15996131,89.0
3045,CRS3035RES1000mN2037000E3144000,23526191,112.0
3046,CRS3035RES1000mN2037000E3144000,23545719,117.0
3047,CRS3035RES1000mN2037000E3144000,30599279,
3048,CRS3035RES1000mN2037000E3144000,30649229,76.0
3049,CRS3035RES1000mN2037000E3144000,32198651,
3050,CRS3035RES1000mN2037000E3144000,34945111,
3051,CRS3035RES1000mN2037000E3144000,50170625,
3052,CRS3035RES1000mN2037000E3144000,82887228,108.0
3053,CRS3035RES1000mN2037000E3144000,92484952,73.0
3054,CRS3035RES1000mN2037000E3144000,95794713,
3055,CRS3035RES1000mN2037000E3144000,96418670,
3056,CRS3035RES1000mN2037000E3144000,98502686,71.0
3057,CRS3035RES1000mN2037000E3144000,132613257,
3058,CRS3035RES1000mN2037000E3144000,135036040,
3059,CRS3035RES1000mN2037000E3144000,150772489,93.0
3060,CRS3035RES1000mN2037000E3144000,154118456,88.0
3061,CRS3035RES1000mN2037000E3144000,157375776,
3062,CRS3035RES1000mN2037000E3144000,158211204,
3063,CRS3035RES1000mN2037000E3144000,162072415,
3064,CRS3035RES1000mN2037000E3144000,162117720,88.0
3065,CRS3035RES1000mN2037000E3144000,170487273,
3066,CRS3035RES1000mN2037000E3144000,172686062,
3067,CRS3035RES1000mN2037000E3144000,174318235,
3068,CRS3035RES1000mN2037000E3144000,174318237,
3069,CRS3035RES1000mN2037000E3144000,205060159,
3070,CRS3035RES1000mN2037000E3144000,205757163,
3071,CRS3035RES1000mN2037000E3144000,221095520,
3072,CRS3035RES1000mN2037000E3144000,224503374,102.0
3073,CRS3035RES1000mN2037000E3144000,227333462,87.0
3074,CRS3035RES1000mN2037000E3144000,229117454,78.0
3075,CRS3035RES1000mN2037000E3144000,261460389,
3076,CRS3035RES1000mN2037000E3144000,283450022,89.0
3077,CRS3035RES1000mN2037000E3144000,288994040,104.0
3078,CRS3035RES1000mN2037000E3144000,296744564,
3079,CRS3035RES1000mN2037000E3144000,297526406,
3080,CRS3035RES1000mN2037000E3144000,300709861,
3081,CRS3035RES1000mN2037000E3144000,301444634,119.0
3082,CRS3035RES1000mN2037000E3144000,302721609,
3083,CRS3035RES1000mN2037000E3144000,308195630,113.0
3084,CRS3035RES1000mN2037000E3144000,312777902,106.0
3085,CRS3035RES1000mN2037000E3144000,330154630,
3086,CRS3035RES1000mN2037000E3144000,340205456,96.0
3087,CRS3035RES1000mN2037000E3144000,367883612,103.0
3088,CRS3035RES1000mN2037000E3144000,368211943,98.0
3089,CRS3035RES1000mN2037000E3144000,374180360,
3090,CRS3035RES1000mN2037000E3144000,375369499,82.0
3091,CRS3035RES1000mN2037000E3144000,383494544,110.0
3092,CRS3035RES1000mN2037000E3144000,384574591,
3093,CRS3035RES1000mN2037000E3144000,403538322,
3094,CRS3035RES1000mN2037000E3144000,403859503,88.0
3095,CRS3035RES1000mN2037000E3144000,437050442,
3096,CRS3035RES1000mN2037000E3144000,459881697,75.0
3097,CRS3035RES1000mN2037000E3144000,477278425,
3098,CRS3035RES1000mN2037000E3144000,486879235,
3099,CRS3035RES1000mN2037000E3144000,493748377,
3100,CRS3035RES1000mN2037000E3144000,498234201,
3101,CRS3035RES1000mN2037000E3144000,504315026,
3102,CRS3035RES1000mN2037000E3144000,548701490,
3103,CRS3035RES1000mN2037000E3144000,574210084,95.0
3104,CRS3035RES1000mN2037000E3144000,576094143,
3105,CRS3035RES1000mN2037000E3144000,584409067,
3106,CRS3035RES1000mN2037000E3144000,635512756,
3107,CRS3035RES1000mN2037000E3144000,638492224,
3108,CRS3035RES1000mN2037000E3144000,653913062,
3109,CRS3035RES1000mN2037000E3144000,659866770,
3110,CRS3035RES1000mN2037000E3144000,697717972,
3111,CRS3035RES1000mN2037000E3144000,717194862,
3112,CRS3035RES1000mN2037000E3144000,736899303,
3113,CRS3035RES1000mN2037000E3144000,738042217,
3114,CRS3035RES1000mN2037000E3144000,839611983,
3115,CRS3035RES1000mN2037000E3144000,957893520,98.0
3116,CRS3035RES1000mN2037000E3144000,963308110,
3117,CRS3035RES1000mN2037000E3144000,1073283182,
3118,CRS3035RES1000mN2037000E3144000,1252864015,118.0
3119,CRS3035RES1000mN2037000E3144000,1283203658,
3120,CRS3035RES1000mN2037000E3145000,25526,86.0
3121,CRS3035RES1000mN2037000E3145000,1774,80.0
3122,CRS3035RES1000mN2037000E3145000,1770,92.0
3123,CRS3035RES1000mN2037000E3145000,1773,92.0
3124,CRS3035RES1000mN2037000E3145000,1771,58.0
3125,CRS3035RES1000mN2037000E3145000,123303,91.0
3126,CRS3035RES1000mN2037000E3145000,1764,70.0
3127,CRS3035RES1000mN2037000E3145000,181101,99.0
3128,CRS3035RES1000mN2037000E3145000,5765642,90.0
3129,CRS3035RES1000mN2037000E3145000,86719,103.0
3130,CRS3035RES1000mN2037000E3145000,1800,92.0
3131,CRS3035RES1000mN2037000E3145000,1757,79.0
3132,CRS3035RES1000mN2037000E3145000,1755,80.0
3133,CRS3035RES1000mN2037000E3145000,1882,60.0
3134,CRS3035RES1000mN2037000E3145000,1745,83.0
3135,CRS3035RES1000mN2037000E3145000,1794,84.0
3136,CRS3035RES1000mN2037000E3145000,1762,73.0
3137,CRS3035RES1000mN2037000E3145000,51188,79.0
3138,CRS3035RES1000mN2037000E3145000,6893633,77.0
3139,CRS3035RES1000mN2037000E3145000,167128,89.0
3140,CRS3035RES1000mN2037000E3145000,1760,81.0
3141,CRS3035RES1000mN2037000E3145000,12773298,93.0
3142,CRS3035RES1000mN2037000E3145000,1754,103.0
3143,CRS3035RES1000mN2037000E3145000,1748,94.0
3144,CRS3035RES1000mN2037000E3145000,79941,85.0
3145,CRS3035RES1000mN2037000E3145000,1750,84.0
3146,CRS3035RES1000mN2037000E3145000,5975465,71.0
3147,CRS3035RES1000mN2037000E3145000,115056,92.0
3148,CRS3035RES1000mN2037000E3145000,1790,78.0
3149,CRS3035RES1000mN2037000E3145000,1756,85.0
3150,CRS3035RES1000mN2037000E3145000,51849,82.0
3151,CRS3035RES1000mN2037000E3145000,185595,70.0
3152,CRS3035RES1000mN2037000E3145000,7697128,67.0
3153,CRS3035RES1000mN2037000E3145000,10395362,96.0
3154,CRS3035RES1000mN2037000E3145000,1759,83.0
3155,CRS3035RES1000mN2037000E3145000,1752,82.0
3156,CRS3035RES1000mN2037000E3145000,186714,84.0
3157,CRS3035RES1000mN2037000E3145000,1753,86.0
3158,CRS3035RES1000mN2037000E3145000,1792,91.0
3159,CRS3035RES1000mN2037000E3145000,1763,78.0
3160,CRS3035RES1000mN2037000E3145000,1746,90.0
3161,CRS3035RES1000mN2037000E3145000,11572165,95.0
3162,CRS3035RES1000mN2037000E3145000,1761,81.0
3163,CRS3035RES1000mN2037000E3145000,1747,93.0
3164,CRS3035RES1000mN2037000E3145000,5768564,81.0
3165,CRS3035RES1000mN2037000E3145000,1798,69.0
3166,CRS3035RES1000mN2037000E3145000,66904,83.0
3167,CRS3035RES1000mN2037000E3145000,1777,63.0
3168,CRS3035RES1000mN2037000E3145000,1765,76.0
3169,CRS3035RES1000mN2037000E3145000,49416,93.0
3170,CRS3035RES1000mN2037000E3145000,12734939,93.0
3171,CRS3035RES1000mN2037000E3145000,167386167,68.0
3172,CRS3035RES1000mN2037000E3145000,295933804,57.0
3173,CRS3035RES1000mN2037000E3145000,303340017,60.0
3174,CRS3035RES1000mN2037000E3145000,315355551,67.0
3175,CRS3035RES1000mN2037000E3145000,339084977,77.0
3176,CRS3035RES1000mN2037000E3145000,412911553,63.0
3177,CRS3035RES1000mN2037000E3145000,558126037,87.0
3178,CRS3035RES1000mN2037000E3145000,711789768,
3179,CRS3035RES1000mN2037000E3145000,727666062,
3180,CRS3035RES1000mN2037000E3145000,848085869,109.0
3181,CRS3035RES1000mN2037000E3145000,1056098898,74.0
3182,CRS3035RES1000mN2037000E3145000,1255438242,119.0
3183,CRS3035RES1000mN2037000E3145000,1469985039,105.0
3184,CRS3035RES1000mN2037000E3145000,1504302537,
3185,CRS3035RES1000mN2037000E3145000,1511617504,113.0
3186,CRS3035RES1000mN2037000E3145000,1541601287,58.0
3187,CRS3035RES1000mN2037000E3145000,1544591296,87.0
3188,CRS3035RES1000mN2037000E3145000,1598174183,87.0
3189,CRS3035RES1000mN2037000E3145000,1629887846,93.0
3190,CRS3035RES1000mN2037000E3145000,1686660176,94.0
3191,CRS3035RES1000mN2037000E3145000,1716927336,
3192,CRS3035RES1000mN2037000E3145000,1734554324,95.0
3193,CRS3035RES1000mN2037000E3145000,1849109335,65.0
3194,CRS3035RES1000mN2037000E3145000,2028408680,
3195,CRS3035RES1000mN2037000E3145000,2036887702,
3196,CRS3035RES1000mN2037000E3145000,2061404218,103.0
3197,CRS3035RES1000mN2037000E3145000,2134238030,97.0
3198,CRS3035RES1000mN2037000E3145000,2261600754,
3199,CRS3035RES1000mN2037000E3145000,2301402027,102.0
3200,CRS3035RES1000mN2037000E3145000,2303966810,
3201,CRS3035RES1000mN2037000E3145000,2312029862,90.0
3202,CRS3035RES1000mN2037000E3145000,2408860250,82.0
3203,CRS3035RES1000mN2037000E3145000,2620185829,67.0
3204,CRS3035RES1000mN2037000E3145000,2622508931,59.0
3205,CRS3035RES1000mN2037000E3145000,2672130951,
3206,CRS3035RES1000mN2037000E3145000,2710518818,111.0
3207,CRS3035RES1000mN2037000E3145000,3034026261,
3208,CRS3035RES1000mN2037000E3145000,3179889751,
3209,CRS3035RES1000mN2037000E3145000,3206611978,
3210,CRS3035RES1000mN2037000E3145000,3272828439,
3211,CRS3035RES1000mN2037000E3145000,3452364276,96.0
3212,CRS3035RES1000mN2037000E3145000,3452364277,79.0
3213,CRS3035RES1000mN2037000E3145000,3495733197,
3214,CRS3035RES1000mN2037000E3145000,3497154853,
3215,CRS3035RES1000mN2037000E3145000,3517755445,
3216,CRS3035RES1000mN2037000E3145000,3522125657,
3217,CRS3035RES1000mN2037000E3145000,3526751794,
3218,CRS3035RES1000mN2037000E3145000,3839306060,93.0
3219,CRS3035RES1000mN2037000E3145000,4214697664,67.0
3220,CRS3035RES1000mN2037000E3145000,4338252586,
3221,CRS3035RES1000mN2037000E3145000,4401271633,
3222,CRS3035RES1000mN2037000E3145000,4515476768,
3223,CRS3035RES1000mN2037000E3145000,4569910891,69.0
3224,CRS3035RES1000mN2037000E3145000,4703730491,72.0
3225,CRS3035RES1000mN2037000E3145000,4707870392,68.0
3226,CRS3035RES1000mN2037000E3145000,4789037769,
3227,CRS3035RES1000mN2037000E3145000,4794233143,
3228,CRS3035RES1000mN2037000E3145000,4870405674,83.0
3229,CRS3035RES1000mN2037000E3145000,5139379922,85.0
3230,CRS3035RES1000mN2037000E3145000,5160337425,53.0
3231,CRS3035RES1000mN2037000E3145000,5196199575,97.0
3232,CRS3035RES1000mN2037000E3145000,5341570554,82.0
3233,CRS3035RES1000mN2037000E3145000,5345949864,110.0
3234,CRS3035RES1000mN2037000E3145000,5448507385,
3235,CRS3035RES1000mN2037000E3145000,5604693894,
3236,CRS3035RES1000mN2037000E3145000,5670401989,93.0
3237,CRS3035RES1000mN2037000E3145000,5942671299,111.0
3238,CRS3035RES1000mN2037000E3145000,5943980960,78.0
3239,CRS3035RES1000mN2037000E3145000,6185791451,
3240,CRS3035RES1000mN2037000E3145000,6188948286,111.0
3241,CRS3035RES1000mN2037000E3145000,6555800191,102.0
3242,CRS3035RES1000mN2037000E3145000,6885254479,92.0
3243,CRS3035RES1000mN2037000E3145000,7222611268,
3244,CRS3035RES1000mN2037000E3145000,7408961006,
3245,CRS3035RES1000mN2037000E3145000,7619964683,
3246,CRS3035RES1000mN2037000E3145000,7836562695,114.0
3247,CRS3035RES1000mN2037000E3145000,8493729364,73.0
3248,CRS3035RES1000mN2037000E3145000,8557885377,76.0
3249,CRS3035RES1000mN2037000E3145000,8807212208,71.0
3250,CRS3035RES1000mN2037000E3145000,8844229173,73.0
3251,CRS3035RES1000mN2037000E3145000,8878422600,53.0
3252,CRS3035RES1000mN2037000E3145000,9595709188,85.0
3253,CRS3035RES1000mN2037000E3145000,9611387099,79.0
3254,CRS3035RES1000mN2037000E3145000,9712656915,52.0
3255,CRS3035RES1000mN2037000E3145000,9713142744,72.0
3256,CRS3035RES1000mN2037000E3145000,9815746657,
3257,CRS3035RES1000mN2037000E3145000,10004871512,90.0
3258,CRS3035RES1000mN2037000E3145000,10281174134,
3259,CRS3035RES1000mN2037000E3145000,10580337411,97.0
3260,CRS3035RES1000mN2037000E3145000,10899442604,117.0
3261,CRS3035RES1000mN2037000E3145000,10922657146,109.0
3262,CRS3035RES1000mN2037000E3145000,11127499928,100.0
3263,CRS3035RES1000mN2037000E3145000,11143725881,68.0
3264,CRS3035RES1000mN2037000E3145000,11243087140,100.0
3265,CRS3035RES1000mN2037000E3145000,11269399969,52.0
3266,CRS3035RES1000mN2037000E3145000,11287269362,93.0
3267,CRS3035RES1000mN2037000E3145000,11287269363,113.0
3268,CRS3035RES1000mN2037000E3145000,11369705764,104.0
3269,CRS3035RES1000mN2037000E3145000,11387776374,102.0
3270,CRS3035RES1000mN2037000E3145000,11461799040,
3271,CRS3035RES1000mN2037000E3145000,11462802981,87.0
3272,CRS3035RES1000mN2037000E3145000,11652077658,70.0
3273,CRS3035RES1000mN2037000E3145000,11691390164,59.0
3274,CRS3035RES1000mN2037000E3145000,11739757462,102.0
3275,CRS3035RES1000mN2037000E3145000,12178446726,86.0
3276,CRS3035RES1000mN2037000E3145000,12407425114,52.0
3277,CRS3035RES1000mN2037000E3145000,12865480228,94.0
3278,CRS3035RES1000mN2037000E3145000,2960630,105.0
3279,CRS3035RES1000mN2037000E3145000,3554044,109.0
3280,CRS3035RES1000mN2037000E3145000,3557906,109.0
3281,CRS3035RES1000mN2037000E3145000,5231361,54.0
3282,CRS3035RES1000mN2037000E3145000,9314566,
3283,CRS3035RES1000mN2037000E3145000,13696257,38.0
3284,CRS3035RES1000mN2037000E3145000,15996131,62.0
3285,CRS3035RES1000mN2037000E3145000,23526191,86.0
3286,CRS3035RES1000mN2037000E3145000,23545719,89.0
3287,CRS3035RES1000mN2037000E3145000,30599279,101.0
3288,CRS3035RES1000mN2037000E3145000,30649229,51.0
3289,CRS3035RES1000mN2037000E3145000,32198651,
3290,CRS3035RES1000mN2037000E3145000,34945111,111.0
3291,CRS3035RES1000mN2037000E3145000,50170625,
3292,CRS3035RES1000mN2037000E3145000,82887228,88.0
3293,CRS3035RES1000mN2037000E3145000,92484952,31.0
3294,CRS3035RES1000mN2037000E3145000,95794713,100.0
3295,CRS3035RES1000mN2037000E3145000,96418670,
3296,CRS3035RES1000mN2037000E3145000,98502686,45.0
3297,CRS3035RES1000mN2037000E3145000,132613257,97.0
3298,CRS3035RES1000mN2037000E3145000,135036040,96.0
3299,CRS3035RES1000mN2037000E3145000,150772489,67.0
3300,CRS3035RES1000mN2037000E3145000,154118456,79.0
3301,CRS3035RES1000mN2037000E3145000,157375776,97.0
3302,CRS3035RES1000mN2037000E3145000,158211204,100.0
3303,CRS3035RES1000mN2037000E3145000,162072415,99.0
3304,CRS3035RES1000mN2037000E3145000,162117720,53.0
3305,CRS3035RES1000mN2037000E3145000,170487273,
3306,CRS3035RES1000mN2037000E3145000,172686062,104.0
3307,CRS3035RES1000mN2037000E3145000,174318235,112.0
3308,CRS3035RES1000mN2037000E3145000,174318237,114.0
3309,CRS3035RES1000mN2037000E3145000,205060159,
3310,CRS3035RES1000mN2037000E3145000,205757163,
3311,CRS3035RES1000mN2037000E3145000,221095520,100.0
3312,CRS3035RES1000mN2037000E3145000,224503374,75.0
3313,CRS3035RES1000mN2037000E3145000,227333462,42.0
3314,CRS3035RES1000mN2037000E3145000,229117454,67.0
3315,CRS3035RES1000mN2037000E3145000,261460389,
3316,CRS3035RES1000mN2037000E3145000,283450022,62.0
3317,CRS3035RES1000mN2037000E3145000,288994040,76.0
3318,CRS3035RES1000mN2037000E3145000,296744564,
3319,CRS3035RES1000mN2037000E3145000,297526406,98.0
3320,CRS3035RES1000mN2037000E3145000,300709861,
3321,CRS3035RES1000mN2037000E3145000,301444634,71.0
3322,CRS3035RES1000mN2037000E3145000,302721609,
3323,CRS3035RES1000mN2037000E3145000,308195630,82.0
3324,CRS3035RES1000mN2037000E3145000,312777902,78.0
3325,CRS3035RES1000mN2037000E3145000,330154630,
3326,CRS3035RES1000mN2037000E3145000,340205456,69.0
3327,CRS3035RES1000mN2037000E3145000,367883612,82.0
3328,CRS3035RES1000mN2037000E3145000,368211943,78.0
3329,CRS3035RES1000mN2037000E3145000,374180360,95.0
3330,CRS3035RES1000mN2037000E3145000,375369499,73.0
3331,CRS3035RES1000mN2037000E3145000,383494544,85.0
3332,CRS3035RES1000mN2037000E3145000,384574591,108.0
3333,CRS3035RES1000mN2037000E3145000,403538322,113.0
3334,CRS3035RES1000mN2037000E3145000,403859503,61.0
3335,CRS3035RES1000mN2037000E3145000,437050442,119.0
3336,CRS3035RES1000mN2037000E3145000,459881697,41.0
3337,CRS3035RES1000mN2037000E3145000,477278425,
3338,CRS3035RES1000mN2037000E3145000,486879235,
3339,CRS3035RES1000mN2037000E3145000,493748377,96.0
3340,CRS3035RES1000mN2037000E3145000,498234201,117.0
3341,CRS3035RES1000mN2037000E3145000,504315026,95.0
3342,CRS3035RES1000mN2037000E3145000,548701490,
3343,CRS3035RES1000mN2037000E3145000,574210084,65.0
3344,CRS3035RES1000mN2037000E3145000,576094143,103.0
3345,CRS3035RES1000mN2037000E3145000,584409067,
3346,CRS3035RES1000mN2037000E3145000,635512756,98.0
3347,CRS3035RES1000mN2037000E3145000,638492224,
3348,CRS3035RES1000mN2037000E3145000,653913062,100.0
3349,CRS3035RES1000mN2037000E3145000,659866770,
3350,CRS3035RES1000mN2037000E3145000,697717972,104.0
3351,CRS3035RES1000mN2037000E3145000,717194862,
3352,CRS3035RES1000mN2037000E3145000,736899303,
3353,CRS3035RES1000mN2037000E3145000,738042217,
3354,CRS3035RES1000mN2037000E3145000,839611983,
3355,CRS3035RES1000mN2037000E3145000,957893520,71.0
3356,CRS3035RES1000mN2037000E3145000,963308110,104.0
3357,CRS3035RES1000mN2037000E3145000,1073283182,
3358,CRS3035RES1000mN2037000E3145000,1252864015,87.0
3359,CRS3035RES1000mN2037000E3145000,1283203658,
3360,CRS3035RES1000mN2037000E3146000,25526,76.0
3361,CRS3035RES1000mN2037000E3146000,1774,67.0
3362,CRS3035RES1000mN2037000E3146000,1770,78.0
3363,CRS3035RES1000mN2037000E3146000,1773,79.0
3364,CRS3035RES1000mN2037000E3146000,1771,44.0
3365,CRS3035RES1000mN2037000E3146000,123303,77.0
3366,CRS3035RES1000mN2037000E3146000,1764,56.0
3367,CRS3035RES1000mN2037000E3146000,181101,82.0
3368,CRS3035RES1000mN2037000E3146000,5765642,76.0
3369,CRS3035RES1000mN2037000E3146000,86719,88.0
3370,CRS3035RES1000mN2037000E3146000,1800,79.0
3371,CRS3035RES1000mN2037000E3146000,1757,65.0
3372,CRS3035RES1000mN2037000E3146000,1755,65.0
3373,CRS3035RES1000mN2037000E3146000,1882,46.0
3374,CRS3035RES1000mN2037000E3146000,1745,71.0
3375,CRS3035RES1000mN2037000E3146000,1794,70.0
3376,CRS3035RES1000mN2037000E3146000,1762,59.0
3377,CRS3035RES1000mN2037000E3146000,51188,65.0
3378,CRS3035RES1000mN2037000E3146000,6893633,63.0
3379,CRS3035RES1000mN2037000E3146000,167128,75.0
3380,CRS3035RES1000mN2037000E3146000,1760,67.0
3381,CRS3035RES1000mN2037000E3146000,12773298,78.0
3382,CRS3035RES1000mN2037000E3146000,1754,87.0
3383,CRS3035RES1000mN2037000E3146000,1748,79.0
3384,CRS3035RES1000mN2037000E3146000,79941,78.0
3385,CRS3035RES1000mN2037000E3146000,1750,71.0
3386,CRS3035RES1000mN2037000E3146000,5975465,56.0
3387,CRS3035RES1000mN2037000E3146000,115056,78.0
3388,CRS3035RES1000mN2037000E3146000,1790,61.0
3389,CRS3035RES1000mN2037000E3146000,1756,72.0
3390,CRS3035RES1000mN2037000E3146000,51849,69.0
3391,CRS3035RES1000mN2037000E3146000,185595,57.0
3392,CRS3035RES1000mN2037000E3146000,7697128,52.0
3393,CRS3035RES1000mN2037000E3146000,10395362,82.0
3394,CRS3035RES1000mN2037000E3146000,1759,66.0
3395,CRS3035RES1000mN2037000E3146000,1752,68.0
3396,CRS3035RES1000mN2037000E3146000,186714,68.0
3397,CRS3035RES1000mN2037000E3146000,1753,73.0
3398,CRS3035RES1000mN2037000E3146000,1792,79.0
3399,CRS3035RES1000mN2037000E3146000,1763,64.0
3400,CRS3035RES1000mN2037000E3146000,1746,76.0
3401,CRS3035RES1000mN2037000E3146000,11572165,81.0
3402,CRS3035RES1000mN2037000E3146000,1761,68.0
3403,CRS3035RES1000mN2037000E3146000,1747,79.0
3404,CRS3035RES1000mN2037000E3146000,5768564,69.0
3405,CRS3035RES1000mN2037000E3146000,1798,55.0
3406,CRS3035RES1000mN2037000E3146000,66904,62.0
3407,CRS3035RES1000mN2037000E3146000,1777,49.0
3408,CRS3035RES1000mN2037000E3146000,1765,62.0
3409,CRS3035RES1000mN2037000E3146000,49416,79.0
3410,CRS3035RES1000mN2037000E3146000,12734939,79.0
3411,CRS3035RES1000mN2037000E3146000,167386167,54.0
3412,CRS3035RES1000mN2037000E3146000,295933804,52.0
3413,CRS3035RES1000mN2037000E3146000,303340017,43.0
3414,CRS3035RES1000mN2037000E3146000,315355551,49.0
3415,CRS3035RES1000mN2037000E3146000,339084977,69.0
3416,CRS3035RES1000mN2037000E3146000,412911553,46.0
3417,CRS3035RES1000mN2037000E3146000,558126037,70.0
3418,CRS3035RES1000mN2037000E3146000,711789768,113.0
3419,CRS3035RES1000mN2037000E3146000,727666062,
3420,CRS3035RES1000mN2037000E3146000,848085869,86.0
3421,CRS3035RES1000mN2037000E3146000,1056098898,61.0
3422,CRS3035RES1000mN2037000E3146000,1255438242,112.0
3423,CRS3035RES1000mN2037000E3146000,1469985039,91.0
3424,CRS3035RES1000mN2037000E3146000,1504302537,
3425,CRS3035RES1000mN2037000E3146000,1511617504,100.0
3426,CRS3035RES1000mN2037000E3146000,1541601287,48.0
3427,CRS3035RES1000mN2037000E3146000,1544591296,72.0
3428,CRS3035RES1000mN2037000E3146000,1598174183,83.0
3429,CRS3035RES1000mN2037000E3146000,1629887846,88.0
3430,CRS3035RES1000mN2037000E3146000,1686660176,80.0
3431,CRS3035RES1000mN2037000E3146000,1716927336,98.0
3432,CRS3035RES1000mN2037000E3146000,1734554324,92.0
3433,CRS3035RES1000mN2037000E3146000,1849109335,48.0
3434,CRS3035RES1000mN2037000E3146000,2028408680,111.0
3435,CRS3035RES1000mN2037000E3146000,2036887702,
3436,CRS3035RES1000mN2037000E3146000,2061404218,82.0
3437,CRS3035RES1000mN2037000E3146000,2134238030,94.0
3438,CRS3035RES1000mN2037000E3146000,2261600754,
3439,CRS3035RES1000mN2037000E3146000,2301402027,89.0
3440,CRS3035RES1000mN2037000E3146000,2303966810,110.0
3441,CRS3035RES1000mN2037000E3146000,2312029862,85.0
3442,CRS3035RES1000mN2037000E3146000,2408860250,71.0
3443,CRS3035RES1000mN2037000E3146000,2620185829,54.0
3444,CRS3035RES1000mN2037000E3146000,2622508931,45.0
3445,CRS3035RES1000mN2037000E3146000,2672130951,
3446,CRS3035RES1000mN2037000E3146000,2710518818,106.0
3447,CRS3035RES1000mN2037000E3146000,3034026261,
3448,CRS3035RES1000mN2037000E3146000,3179889751,102.0
3449,CRS3035RES1000mN2037000E3146000,3206611978,
3450,CRS3035RES1000mN2037000E3146000,3272828439,102.0
3451,CRS3035RES1000mN2037000E3146000,3452364276,83.0
3452,CRS3035RES1000mN2037000E3146000,3452364277,65.0
3453,CRS3035RES1000mN2037000E3146000,3495733197,
3454,CRS3035RES1000mN2037000E3146000,3497154853,
3455,CRS3035RES1000mN2037000E3146000,3517755445,
3456,CRS3035RES1000mN2037000E3146000,3522125657,
3457,CRS3035RES1000mN2037000E3146000,3526751794,89.0
3458,CRS3035RES1000mN2037000E3146000,3839306060,84.0
3459,CRS3035RES1000mN2037000E3146000,4214697664,53.0
3460,CRS3035RES1000mN2037000E3146000,4338252586,77.0
3461,CRS3035RES1000mN2037000E3146000,4401271633,
3462,CRS3035RES1000mN2037000E3146000,4515476768,
3463,CRS3035RES1000mN2037000E3146000,4569910891,55.0
3464,CRS3035RES1000mN2037000E3146000,4703730491,55.0
3465,CRS3035RES1000mN2037000E3146000,4707870392,61.0
3466,CRS3035RES1000mN2037000E3146000,4789037769,117.0
3467,CRS3035RES1000mN2037000E3146000,4794233143,
3468,CRS3035RES1000mN2037000E3146000,4870405674,71.0
3469,CRS3035RES1000mN2037000E3146000,5139379922,49.0
3470,CRS3035RES1000mN2037000E3146000,5160337425,38.0
3471,CRS3035RES1000mN2037000E3146000,5196199575,65.0
3472,CRS3035RES1000mN2037000E3146000,5341570554,68.0
3473,CRS3035RES1000mN2037000E3146000,5345949864,108.0
3474,CRS3035RES1000mN2037000E3146000,5448507385,
3475,CRS3035RES1000mN2037000E3146000,5604693894,74.0
3476,CRS3035RES1000mN2037000E3146000,5670401989,69.0
3477,CRS3035RES1000mN2037000E3146000,5942671299,102.0
3478,CRS3035RES1000mN2037000E3146000,5943980960,61.0
3479,CRS3035RES1000mN2037000E3146000,6185791451,
3480,CRS3035RES1000mN2037000E3146000,6188948286,97.0
3481,CRS3035RES1000mN2037000E3146000,6555800191,90.0
3482,CRS3035RES1000mN2037000E3146000,6885254479,75.0
3483,CRS3035RES1000mN2037000E3146000,7222611268,
3484,CRS3035RES1000mN2037000E3146000,7408961006,
3485,CRS3035RES1000mN2037000E3146000,7619964683,114.0
3486,CRS3035RES1000mN2037000E3146000,7836562695,91.0
3487,CRS3035RES1000mN2037000E3146000,8493729364,60.0
3488,CRS3035RES1000mN2037000E3146000,8557885377,73.0
3489,CRS3035RES1000mN2037000E3146000,8807212208,56.0
3490,CRS3035RES1000mN2037000E3146000,8844229173,59.0
3491,CRS3035RES1000mN2037000E3146000,8878422600,40.0
3492,CRS3035RES1000mN2037000E3146000,9595709188,70.0
3493,CRS3035RES1000mN2037000E3146000,9611387099,65.0
3494,CRS3035RES1000mN2037000E3146000,9712656915,38.0
3495,CRS3035RES1000mN2037000E3146000,9713142744,58.0
3496,CRS3035RES1000mN2037000E3146000,9815746657,
3497,CRS3035RES1000mN2037000E3146000,10004871512,86.0
3498,CRS3035RES1000mN2037000E3146000,10281174134,
3499,CRS3035RES1000mN2037000E3146000,10580337411,88.0
3500,CRS3035RES1000mN2037000E3146000,10899442604,103.0
3501,CRS3035RES1000mN2037000E3146000,10922657146,96.0
3502,CRS3035RES1000mN2037000E3146000,11127499928,88.0
3503,CRS3035RES1000mN2037000E3146000,11143725881,58.0
3504,CRS3035RES1000mN2037000E3146000,11243087140,77.0
3505,CRS3035RES1000mN2037000E3146000,11269399969,35.0
3506,CRS3035RES1000mN2037000E3146000,11287269362,89.0
3507,CRS3035RES1000mN2037000E3146000,11287269363,95.0
3508,CRS3035RES1000mN2037000E3146000,11369705764,94.0
3509,CRS3035RES1000mN2037000E3146000,11387776374,88.0
3510,CRS3035RES1000mN2037000E3146000,11461799040,
3511,CRS3035RES1000mN2037000E3146000,11462802981,73.0
3512,CRS3035RES1000mN2037000E3146000,11652077658,53.0
3513,CRS3035RES1000mN2037000E3146000,11691390164,44.0
3514,CRS3035RES1000mN2037000E3146000,11739757462,87.0
3515,CRS3035RES1000mN2037000E3146000,12178446726,72.0
3516,CRS3035RES1000mN2037000E3146000,12407425114,43.0
3517,CRS3035RES1000mN2037000E3146000,12865480228,85.0
3518,CRS3035RES1000mN2037000E3146000,2960630,85.0
3519,CRS3035RES1000mN2037000E3146000,3554044,102.0
3520,CRS3035RES1000mN2037000E3146000,3557906,94.0
3521,CRS3035RES1000mN2037000E3146000,5231361,37.0
3522,CRS3035RES1000mN2037000E3146000,9314566,115.0
3523,CRS3035RES1000mN2037000E3146000,13696257,32.0
3524,CRS3035RES1000mN2037000E3146000,15996131,47.0
3525,CRS3035RES1000mN2037000E3146000,23526191,72.0
3526,CRS3035RES1000mN2037000E3146000,23545719,75.0
3527,CRS3035RES1000mN2037000E3146000,30599279,90.0
3528,CRS3035RES1000mN2037000E3146000,30649229,34.0
3529,CRS3035RES1000mN2037000E3146000,32198651,
3530,CRS3035RES1000mN2037000E3146000,34945111,95.0
3531,CRS3035RES1000mN2037000E3146000,50170625,97.0
3532,CRS3035RES1000mN2037000E3146000,82887228,70.0
3533,CRS3035RES1000mN2037000E3146000,92484952,24.0
3534,CRS3035RES1000mN2037000E3146000,95794713,85.0
3535,CRS3035RES1000mN2037000E3146000,96418670,107.0
3536,CRS3035RES1000mN2037000E3146000,98502686,27.0
3537,CRS3035RES1000mN2037000E3146000,132613257,83.0
3538,CRS3035RES1000mN2037000E3146000,135036040,90.0
3539,CRS3035RES1000mN2037000E3146000,150772489,51.0
3540,CRS3035RES1000mN2037000E3146000,154118456,55.0
3541,CRS3035RES1000mN2037000E3146000,157375776,86.0
3542,CRS3035RES1000mN2037000E3146000,158211204,88.0
3543,CRS3035RES1000mN2037000E3146000,162072415,85.0
3544,CRS3035RES1000mN2037000E3146000,162117720,34.0
3545,CRS3035RES1000mN2037000E3146000,170487273,
3546,CRS3035RES1000mN2037000E3146000,172686062,90.0
3547,CRS3035RES1000mN2037000E3146000,174318235,93.0
3548,CRS3035RES1000mN2037000E3146000,174318237,97.0
3549,CRS3035RES1000mN2037000E3146000,205060159,
3550,CRS3035RES1000mN2037000E3146000,205757163,
3551,CRS3035RES1000mN2037000E3146000,221095520,88.0
3552,CRS3035RES1000mN2037000E3146000,224503374,62.0
3553,CRS3035RES1000mN2037000E3146000,227333462,32.0
3554,CRS3035RES1000mN2037000E3146000,229117454,58.0
3555,CRS3035RES1000mN2037000E3146000,261460389,
3556,CRS3035RES1000mN2037000E3146000,283450022,48.0
3557,CRS3035RES1000mN2037000E3146000,288994040,62.0
3558,CRS3035RES1000mN2037000E3146000,296744564,114.0
3559,CRS3035RES1000mN2037000E3146000,297526406,78.0
3560,CRS3035RES1000mN2037000E3146000,300709861,112.0
3561,CRS3035RES1000mN2037000E3146000,301444634,57.0
3562,CRS3035RES1000mN2037000E3146000,302721609,105.0
3563,CRS3035RES1000mN2037000E3146000,308195630,79.0
3564,CRS3035RES1000mN2037000E3146000,312777902,64.0
3565,CRS3035RES1000mN2037000E3146000,330154630,
3566,CRS3035RES1000mN2037000E3146000,340205456,55.0
3567,CRS3035RES1000mN2037000E3146000,367883612,68.0
3568,CRS3035RES1000mN2037000E3146000,368211943,62.0
3569,CRS3035RES1000mN2037000E3146000,374180360,90.0
3570,CRS3035RES1000mN2037000E3146000,375369499,44.0
3571,CRS3035RES1000mN2037000E3146000,383494544,67.0
3572,CRS3035RES1000mN2037000E3146000,384574591,96.0
3573,CRS3035RES1000mN2037000E3146000,403538322,111.0
3574,CRS3035RES1000mN2037000E3146000,403859503,47.0
3575,CRS3035RES1000mN2037000E3146000,437050442,104.0
3576,CRS3035RES1000mN2037000E3146000,459881697,32.0
3577,CRS3035RES1000mN2037000E3146000,477278425,
3578,CRS3035RES1000mN2037000E3146000,486879235,
3579,CRS3035RES1000mN2037000E3146000,493748377,80.0
3580,CRS3035RES1000mN2037000E3146000,498234201,102.0
3581,CRS3035RES1000mN2037000E3146000,504315026,86.0
3582,CRS3035RES1000mN2037000E3146000,548701490,
3583,CRS3035RES1000mN2037000E3146000,574210084,61.0
3584,CRS3035RES1000mN2037000E3146000,576094143,85.0
3585,CRS3035RES1000mN2037000E3146000,584409067,109.0
3586,CRS3035RES1000mN2037000E3146000,635512756,77.0
3587,CRS3035RES1000mN2037000E3146000,638492224,119.0
3588,CRS3035RES1000mN2037000E3146000,653913062,85.0
3589,CRS3035RES1000mN2037000E3146000,659866770,78.0
3590,CRS3035RES1000mN2037000E3146000,697717972,92.0
3591,CRS3035RES1000mN2037000E3146000,717194862,103.0
3592,CRS3035RES1000mN2037000E3146000,736899303,
3593,CRS3035RES1000mN2037000E3146000,738042217,107.0
3594,CRS3035RES1000mN2037000E3146000,839611983,115.0
3595,CRS3035RES1000mN2037000E3146000,957893520,58.0
3596,CRS3035RES1000mN2037000E3146000,963308110,90.0
3597,CRS3035RES1000mN2037000E3146000,1073283182,100.0
3598,CRS3035RES1000mN2037000E3146000,1252864015,83.0
3599,CRS3035RES1000mN2037000E3146000,1283203658,
3600,CRS3035RES1000mN2037000E3147000,25526,79.0
3601,CRS3035RES1000mN2037000E3147000,1774,66.0
3602,CRS3035RES1000mN2037000E3147000,1770,84.0
3603,CRS3035RES1000mN2037000E3147000,1773,84.0
3604,CRS3035RES1000mN2037000E3147000,1771,55.0
3605,CRS3035RES1000mN2037000E3147000,123303,77.0
3606,CRS3035RES1000mN2037000E3147000,1764,67.0
3607,CRS3035RES1000mN2037000E3147000,181101,91.0
3608,CRS3035RES1000mN2037000E3147000,5765642,77.0
3609,CRS3035RES1000mN2037000E3147000,86719,87.0
3610,CRS3035RES1000mN2037000E3147000,1800,84.0
3611,CRS3035RES1000mN2037000E3147000,1757,73.0
3612,CRS3035RES1000mN2037000E3147000,1755,63.0
3613,CRS3035RES1000mN2037000E3147000,1882,57.0
3614,CRS3035RES1000mN2037000E3147000,1745,80.0
3615,CRS3035RES1000mN2037000E3147000,1794,80.0
3616,CRS3035RES1000mN2037000E3147000,1762,70.0
3617,CRS3035RES1000mN2037000E3147000,51188,68.0
3618,CRS3035RES1000mN2037000E3147000,6893633,73.0
3619,CRS3035RES1000mN2037000E3147000,167128,82.0
3620,CRS3035RES1000mN2037000E3147000,1760,74.0
3621,CRS3035RES1000mN2037000E3147000,12773298,77.0
3622,CRS3035RES1000mN2037000E3147000,1754,86.0
3623,CRS3035RES1000mN2037000E3147000,1748,85.0
3624,CRS3035RES1000mN2037000E3147000,79941,82.0
3625,CRS3035RES1000mN2037000E3147000,1750,79.0
3626,CRS3035RES1000mN2037000E3147000,5975465,65.0
3627,CRS3035RES1000mN2037000E3147000,115056,88.0
3628,CRS3035RES1000mN2037000E3147000,1790,68.0
3629,CRS3035RES1000mN2037000E3147000,1756,72.0
3630,CRS3035RES1000mN2037000E3147000,51849,79.0
3631,CRS3035RES1000mN2037000E3147000,185595,66.0
3632,CRS3035RES1000mN2037000E3147000,7697128,61.0
3633,CRS3035RES1000mN2037000E3147000,10395362,83.0
3634,CRS3035RES1000mN2037000E3147000,1759,67.0
3635,CRS3035RES1000mN2037000E3147000,1752,75.0
3636,CRS3035RES1000mN2037000E3147000,186714,79.0
3637,CRS3035RES1000mN2037000E3147000,1753,78.0
3638,CRS3035RES1000mN2037000E3147000,1792,83.0
3639,CRS3035RES1000mN2037000E3147000,1763,60.0
3640,CRS3035RES1000mN2037000E3147000,1746,86.0
3641,CRS3035RES1000mN2037000E3147000,11572165,77.0
3642,CRS3035RES1000mN2037000E3147000,1761,73.0
3643,CRS3035RES1000mN2037000E3147000,1747,87.0
3644,CRS3035RES1000mN2037000E3147000,5768564,76.0
3645,CRS3035RES1000mN2037000E3147000,1798,58.0
3646,CRS3035RES1000mN2037000E3147000,66904,58.0
3647,CRS3035RES1000mN2037000E3147000,1777,60.0
3648,CRS3035RES1000mN2037000E3147000,1765,73.0
3649,CRS3035RES1000mN2037000E3147000,49416,84.0
3650,CRS3035RES1000mN2037000E3147000,12734939,84.0
3651,CRS3035RES1000mN2037000E3147000,167386167,64.0
3652,CRS3035RES1000mN2037000E3147000,295933804,42.0
3653,CRS3035RES1000mN2037000E3147000,303340017,57.0
3654,CRS3035RES1000mN2037000E3147000,315355551,58.0
3655,CRS3035RES1000mN2037000E3147000,339084977,58.0
3656,CRS3035RES1000mN2037000E3147000,412911553,61.0
3657,CRS3035RES1000mN2037000E3147000,558126037,71.0
3658,CRS3035RES1000mN2037000E3147000,711789768,115.0
3659,CRS3035RES1000mN2037000E3147000,727666062,
3660,CRS3035RES1000mN2037000E3147000,848085869,86.0
3661,CRS3035RES1000mN2037000E3147000,1056098898,71.0
3662,CRS3035RES1000mN2037000E3147000,1255438242,118.0
3663,CRS3035RES1000mN2037000E3147000,1469985039,98.0
3664,CRS3035RES1000mN2037000E3147000,1504302537,
3665,CRS3035RES1000mN2037000E3147000,1511617504,104.0
3666,CRS3035RES1000mN2037000E3147000,1541601287,57.0
3667,CRS3035RES1000mN2037000E3147000,1544591296,67.0
3668,CRS3035RES1000mN2037000E3147000,1598174183,84.0
3669,CRS3035RES1000mN2037000E3147000,1629887846,90.0
3670,CRS3035RES1000mN2037000E3147000,1686660176,90.0
3671,CRS3035RES1000mN2037000E3147000,1716927336,94.0
3672,CRS3035RES1000mN2037000E3147000,1734554324,92.0
3673,CRS3035RES1000mN2037000E3147000,1849109335,62.0
3674,CRS3035RES1000mN2037000E3147000,2028408680,113.0
3675,CRS3035RES1000mN2037000E3147000,2036887702,
3676,CRS3035RES1000mN2037000E3147000,2061404218,67.0
3677,CRS3035RES1000mN2037000E3147000,2134238030,94.0
3678,CRS3035RES1000mN2037000E3147000,2261600754,
3679,CRS3035RES1000mN2037000E3147000,2301402027,100.0
3680,CRS3035RES1000mN2037000E3147000,2303966810,112.0
3681,CRS3035RES1000mN2037000E3147000,2312029862,87.0
3682,CRS3035RES1000mN2037000E3147000,2408860250,82.0
3683,CRS3035RES1000mN2037000E3147000,2620185829,64.0
3684,CRS3035RES1000mN2037000E3147000,2622508931,56.0
3685,CRS3035RES1000mN2037000E3147000,2672130951,
3686,CRS3035RES1000mN2037000E3147000,2710518818,104.0
3687,CRS3035RES1000mN2037000E3147000,3034026261,
3688,CRS3035RES1000mN2037000E3147000,3179889751,
3689,CRS3035RES1000mN2037000E3147000,3206611978,
3690,CRS3035RES1000mN2037000E3147000,3272828439,102.0
3691,CRS3035RES1000mN2037000E3147000,3452364276,93.0
3692,CRS3035RES1000mN2037000E3147000,3452364277,75.0
3693,CRS3035RES1000mN2037000E3147000,3495733197,
3694,CRS3035RES1000mN2037000E3147000,3497154853,
3695,CRS3035RES1000mN2037000E3147000,3517755445,
3696,CRS3035RES1000mN2037000E3147000,3522125657,
3697,CRS3035RES1000mN2037000E3147000,3526751794,92.0
3698,CRS3035RES1000mN2037000E3147000,3839306060,91.0
3699,CRS3035RES1000mN2037000E3147000,4214697664,63.0
3700,CRS3035RES1000mN2037000E3147000,4338252586,80.0
3701,CRS3035RES1000mN2037000E3147000,4401271633,
3702,CRS3035RES1000mN2037000E3147000,4515476768,
3703,CRS3035RES1000mN2037000E3147000,4569910891,65.0
3704,CRS3035RES1000mN2037000E3147000,4703730491,59.0
3705,CRS3035RES1000mN2037000E3147000,4707870392,57.0
3706,CRS3035RES1000mN2037000E3147000,4789037769,117.0
3707,CRS3035RES1000mN2037000E3147000,4794233143,
3708,CRS3035RES1000mN2037000E3147000,4870405674,77.0
3709,CRS3035RES1000mN2037000E3147000,5139379922,92.0
3710,CRS3035RES1000mN2037000E3147000,5160337425,50.0
3711,CRS3035RES1000mN2037000E3147000,5196199575,77.0
3712,CRS3035RES1000mN2037000E3147000,5341570554,76.0
3713,CRS3035RES1000mN2037000E3147000,5345949864,106.0
3714,CRS3035RES1000mN2037000E3147000,5448507385,
3715,CRS3035RES1000mN2037000E3147000,5604693894,77.0
3716,CRS3035RES1000mN2037000E3147000,5670401989,93.0
3717,CRS3035RES1000mN2037000E3147000,5942671299,98.0
3718,CRS3035RES1000mN2037000E3147000,5943980960,80.0
3719,CRS3035RES1000mN2037000E3147000,6185791451,
3720,CRS3035RES1000mN2037000E3147000,6188948286,104.0
3721,CRS3035RES1000mN2037000E3147000,6555800191,92.0
3722,CRS3035RES1000mN2037000E3147000,6885254479,69.0
3723,CRS3035RES1000mN2037000E3147000,7222611268,
3724,CRS3035RES1000mN2037000E3147000,7408961006,
3725,CRS3035RES1000mN2037000E3147000,7619964683,117.0
3726,CRS3035RES1000mN2037000E3147000,7836562695,94.0
3727,CRS3035RES1000mN2037000E3147000,8493729364,66.0
3728,CRS3035RES1000mN2037000E3147000,8557885377,73.0
3729,CRS3035RES1000mN2037000E3147000,8807212208,67.0
3730,CRS3035RES1000mN2037000E3147000,8844229173,70.0
3731,CRS3035RES1000mN2037000E3147000,8878422600,51.0
3732,CRS3035RES1000mN2037000E3147000,9595709188,73.0
3733,CRS3035RES1000mN2037000E3147000,9611387099,64.0
3734,CRS3035RES1000mN2037000E3147000,9712656915,49.0
3735,CRS3035RES1000mN2037000E3147000,9713142744,69.0
3736,CRS3035RES1000mN2037000E3147000,9815746657,
3737,CRS3035RES1000mN2037000E3147000,10004871512,87.0
3738,CRS3035RES1000mN2037000E3147000,10281174134,
3739,CRS3035RES1000mN2037000E3147000,10580337411,95.0
3740,CRS3035RES1000mN2037000E3147000,10899442604,105.0
3741,CRS3035RES1000mN2037000E3147000,10922657146,99.0
3742,CRS3035RES1000mN2037000E3147000,11127499928,90.0
3743,CRS3035RES1000mN2037000E3147000,11143725881,65.0
3744,CRS3035RES1000mN2037000E3147000,11243087140,76.0
3745,CRS3035RES1000mN2037000E3147000,11269399969,51.0
3746,CRS3035RES1000mN2037000E3147000,11287269362,91.0
3747,CRS3035RES1000mN2037000E3147000,11287269363,110.0
3748,CRS3035RES1000mN2037000E3147000,11369705764,102.0
3749,CRS3035RES1000mN2037000E3147000,11387776374,94.0
3750,CRS3035RES1000mN2037000E3147000,11461799040,
3751,CRS3035RES1000mN2037000E3147000,11462802981,80.0
3752,CRS3035RES1000mN2037000E3147000,11652077658,67.0
3753,CRS3035RES1000mN2037000E3147000,11691390164,57.0
3754,CRS3035RES1000mN2037000E3147000,11739757462,86.0
3755,CRS3035RES1000mN2037000E3147000,12178446726,75.0
3756,CRS3035RES1000mN2037000E3147000,12407425114,54.0
3757,CRS3035RES1000mN2037000E3147000,12865480228,92.0
3758,CRS3035RES1000mN2037000E3147000,2960630,96.0
3759,CRS3035RES1000mN2037000E3147000,3554044,104.0
3760,CRS3035RES1000mN2037000E3147000,3557906,94.0
3761,CRS3035RES1000mN2037000E3147000,5231361,52.0
3762,CRS3035RES1000mN2037000E3147000,9314566,
3763,CRS3035RES1000mN2037000E3147000,13696257,30.0
3764,CRS3035RES1000mN2037000E3147000,15996131,59.0
3765,CRS3035RES1000mN2037000E3147000,23526191,82.0
3766,CRS3035RES1000mN2037000E3147000,23545719,83.0
3767,CRS3035RES1000mN2037000E3147000,30599279,92.0
3768,CRS3035RES1000mN2037000E3147000,30649229,49.0
3769,CRS3035RES1000mN2037000E3147000,32198651,
3770,CRS3035RES1000mN2037000E3147000,34945111,94.0
3771,CRS3035RES1000mN2037000E3147000,50170625,
3772,CRS3035RES1000mN2037000E3147000,82887228,88.0
3773,CRS3035RES1000mN2037000E3147000,92484952,32.0
3774,CRS3035RES1000mN2037000E3147000,95794713,91.0
3775,CRS3035RES1000mN2037000E3147000,96418670,109.0
3776,CRS3035RES1000mN2037000E3147000,98502686,42.0
3777,CRS3035RES1000mN2037000E3147000,132613257,91.0
3778,CRS3035RES1000mN2037000E3147000,135036040,93.0
3779,CRS3035RES1000mN2037000E3147000,150772489,65.0
3780,CRS3035RES1000mN2037000E3147000,154118456,77.0
3781,CRS3035RES1000mN2037000E3147000,157375776,90.0
3782,CRS3035RES1000mN2037000E3147000,158211204,90.0
3783,CRS3035RES1000mN2037000E3147000,162072415,86.0
3784,CRS3035RES1000mN2037000E3147000,162117720,53.0
3785,CRS3035RES1000mN2037000E3147000,170487273,
3786,CRS3035RES1000mN2037000E3147000,172686062,92.0
3787,CRS3035RES1000mN2037000E3147000,174318235,93.0
3788,CRS3035RES1000mN2037000E3147000,174318237,97.0
3789,CRS3035RES1000mN2037000E3147000,205060159,
3790,CRS3035RES1000mN2037000E3147000,205757163,
3791,CRS3035RES1000mN2037000E3147000,221095520,98.0
3792,CRS3035RES1000mN2037000E3147000,224503374,73.0
3793,CRS3035RES1000mN2037000E3147000,227333462,42.0
3794,CRS3035RES1000mN2037000E3147000,229117454,64.0
3795,CRS3035RES1000mN2037000E3147000,261460389,
3796,CRS3035RES1000mN2037000E3147000,283450022,59.0
3797,CRS3035RES1000mN2037000E3147000,288994040,62.0
3798,CRS3035RES1000mN2037000E3147000,296744564,
3799,CRS3035RES1000mN2037000E3147000,297526406,82.0
3800,CRS3035RES1000mN2037000E3147000,300709861,113.0
3801,CRS3035RES1000mN2037000E3147000,301444634,73.0
3802,CRS3035RES1000mN2037000E3147000,302721609,103.0
3803,CRS3035RES1000mN2037000E3147000,308195630,79.0
3804,CRS3035RES1000mN2037000E3147000,312777902,64.0
3805,CRS3035RES1000mN2037000E3147000,330154630,
3806,CRS3035RES1000mN2037000E3147000,340205456,66.0
3807,CRS3035RES1000mN2037000E3147000,367883612,82.0
3808,CRS3035RES1000mN2037000E3147000,368211943,78.0
3809,CRS3035RES1000mN2037000E3147000,374180360,93.0
3810,CRS3035RES1000mN2037000E3147000,375369499,71.0
3811,CRS3035RES1000mN2037000E3147000,383494544,67.0
3812,CRS3035RES1000mN2037000E3147000,384574591,95.0
3813,CRS3035RES1000mN2037000E3147000,403538322,113.0
3814,CRS3035RES1000mN2037000E3147000,403859503,58.0
3815,CRS3035RES1000mN2037000E3147000,437050442,103.0
3816,CRS3035RES1000mN2037000E3147000,459881697,43.0
3817,CRS3035RES1000mN2037000E3147000,477278425,
3818,CRS3035RES1000mN2037000E3147000,486879235,
3819,CRS3035RES1000mN2037000E3147000,493748377,82.0
3820,CRS3035RES1000mN2037000E3147000,498234201,101.0
3821,CRS3035RES1000mN2037000E3147000,504315026,93.0
3822,CRS3035RES1000mN2037000E3147000,548701490,
3823,CRS3035RES1000mN2037000E3147000,574210084,62.0
3824,CRS3035RES1000mN2037000E3147000,576094143,86.0
3825,CRS3035RES1000mN2037000E3147000,584409067,110.0
3826,CRS3035RES1000mN2037000E3147000,635512756,82.0
3827,CRS3035RES1000mN2037000E3147000,638492224,
3828,CRS3035RES1000mN2037000E3147000,653913062,87.0
3829,CRS3035RES1000mN2037000E3147000,659866770,81.0
3830,CRS3035RES1000mN2037000E3147000,697717972,94.0
3831,CRS3035RES1000mN2037000E3147000,717194862,106.0
3832,CRS3035RES1000mN2037000E3147000,736899303,
3833,CRS3035RES1000mN2037000E3147000,738042217,107.0
3834,CRS3035RES1000mN2037000E3147000,839611983,118.0
3835,CRS3035RES1000mN2037000E3147000,957893520,69.0
3836,CRS3035RES1000mN2037000E3147000,963308110,99.0
3837,CRS3035RES1000mN2037000E3147000,1073283182,95.0
3838,CRS3035RES1000mN2037000E3147000,1252864015,84.0
3839,CRS3035RES1000mN2037000E3147000,1283203658,
3840,CRS3035RES1000mN2037000E3148000,25526,72.0
3841,CRS3035RES1000mN2037000E3148000,1774,60.0
3842,CRS3035RES1000mN2037000E3148000,1770,80.0
3843,CRS3035RES1000mN2037000E3148000,1773,79.0
3844,CRS3035RES1000mN2037000E3148000,1771,54.0
3845,CRS3035RES1000mN2037000E3148000,123303,71.0
3846,CRS3035RES1000mN2037000E3148000,1764,64.0
3847,CRS3035RES1000mN2037000E3148000,181101,85.0
3848,CRS3035RES1000mN2037000E3148000,5765642,73.0
3849,CRS3035RES1000mN2037000E3148000,86719,82.0
3850,CRS3035RES1000mN2037000E3148000,1800,79.0
3851,CRS3035RES1000mN2037000E3148000,1757,68.0
3852,CRS3035RES1000mN2037000E3148000,1755,58.0
3853,CRS3035RES1000mN2037000E3148000,1882,55.0
3854,CRS3035RES1000mN2037000E3148000,1745,77.0
3855,CRS3035RES1000mN2037000E3148000,1794,77.0
3856,CRS3035RES1000mN2037000E3148000,1762,66.0
3857,CRS3035RES1000mN2037000E3148000,51188,63.0
3858,CRS3035RES1000mN2037000E3148000,6893633,70.0
3859,CRS3035RES1000mN2037000E3148000,167128,78.0
3860,CRS3035RES1000mN2037000E3148000,1760,71.0
3861,CRS3035RES1000mN2037000E3148000,12773298,72.0
3862,CRS3035RES1000mN2037000E3148000,1754,81.0
3863,CRS3035RES1000mN2037000E3148000,1748,81.0
3864,CRS3035RES1000mN2037000E3148000,79941,81.0
3865,CRS3035RES1000mN2037000E3148000,1750,75.0
3866,CRS3035RES1000mN2037000E3148000,5975465,61.0
3867,CRS3035RES1000mN2037000E3148000,115056,84.0
3868,CRS3035RES1000mN2037000E3148000,1790,63.0
3869,CRS3035RES1000mN2037000E3148000,1756,66.0
3870,CRS3035RES1000mN2037000E3148000,51849,76.0
3871,CRS3035RES1000mN2037000E3148000,185595,64.0
3872,CRS3035RES1000mN2037000E3148000,7697128,57.0
3873,CRS3035RES1000mN2037000E3148000,10395362,79.0
3874,CRS3035RES1000mN2037000E3148000,1759,63.0
3875,CRS3035RES1000mN2037000E3148000,1752,71.0
3876,CRS3035RES1000mN2037000E3148000,186714,75.0
3877,CRS3035RES1000mN2037000E3148000,1753,73.0
3878,CRS3035RES1000mN2037000E3148000,1792,79.0
3879,CRS3035RES1000mN2037000E3148000,1763,55.0
3880,CRS3035RES1000mN2037000E3148000,1746,83.0
3881,CRS3035RES1000mN2037000E3148000,11572165,73.0
3882,CRS3035RES1000mN2037000E3148000,1761,68.0
3883,CRS3035RES1000mN2037000E3148000,1747,82.0
3884,CRS3035RES1000mN2037000E3148000,5768564,71.0
3885,CRS3035RES1000mN2037000E3148000,1798,53.0
3886,CRS3035RES1000mN2037000E3148000,66904,54.0
3887,CRS3035RES1000mN2037000E3148000,1777,58.0
3888,CRS3035RES1000mN2037000E3148000,1765,69.0
3889,CRS3035RES1000mN2037000E3148000,49416,79.0
3890,CRS3035RES1000mN2037000E3148000,12734939,79.0
3891,CRS3035RES1000mN2037000E3148000,167386167,60.0
3892,CRS3035RES1000mN2037000E3148000,295933804,37.0
3893,CRS3035RES1000mN2037000E3148000,303340017,57.0
3894,CRS3035RES1000mN2037000E3148000,315355551,55.0
3895,CRS3035RES1000mN2037000E3148000,339084977,53.0
3896,CRS3035RES1000mN2037000E3148000,412911553,59.0
3897,CRS3035RES1000mN2037000E3148000,558126037,66.0
3898,CRS3035RES1000mN2037000E3148000,711789768,110.0
3899,CRS3035RES1000mN2037000E3148000,727666062,
3900,CRS3035RES1000mN2037000E3148000,848085869,85.0
3901,CRS3035RES1000mN2037000E3148000,1056098898,70.0
3902,CRS3035RES1000mN2037000E3148000,1255438242,116.0
3903,CRS3035RES1000mN2037000E3148000,1469985039,94.0
3904,CRS3035RES1000mN2037000E3148000,1504302537,
3905,CRS3035RES1000mN2037000E3148000,1511617504,99.0
3906,CRS3035RES1000mN2037000E3148000,1541601287,54.0
3907,CRS3035RES1000mN2037000E3148000,1544591296,63.0
3908,CRS3035RES1000mN2037000E3148000,1598174183,83.0
3909,CRS3035RES1000mN2037000E3148000,1629887846,89.0
3910,CRS3035RES1000mN2037000E3148000,1686660176,87.0
3911,CRS3035RES1000mN2037000E3148000,1716927336,93.0
3912,CRS3035RES1000mN2037000E3148000,1734554324,92.0
3913,CRS3035RES1000mN2037000E3148000,1849109335,62.0
3914,CRS3035RES1000mN2037000E3148000,2028408680,110.0
3915,CRS3035RES1000mN2037000E3148000,2036887702,
3916,CRS3035RES1000mN2037000E3148000,2061404218,63.0
3917,CRS3035RES1000mN2037000E3148000,2134238030,94.0
3918,CRS3035RES1000mN2037000E3148000,2261600754,
3919,CRS3035RES1000mN2037000E3148000,2301402027,95.0
3920,CRS3035RES1000mN2037000E3148000,2303966810,107.0
3921,CRS3035RES1000mN2037000E3148000,2312029862,86.0
3922,CRS3035RES1000mN2037000E3148000,2408860250,81.0
3923,CRS3035RES1000mN2037000E3148000,2620185829,63.0
3924,CRS3035RES1000mN2037000E3148000,2622508931,56.0
3925,CRS3035RES1000mN2037000E3148000,2672130951,
3926,CRS3035RES1000mN2037000E3148000,2710518818,99.0
3927,CRS3035RES1000mN2037000E3148000,3034026261,
3928,CRS3035RES1000mN2037000E3148000,3179889751,
3929,CRS3035RES1000mN2037000E3148000,3206611978,
3930,CRS3035RES1000mN2037000E3148000,3272828439,101.0
3931,CRS3035RES1000mN2037000E3148000,3452364276,89.0
3932,CRS3035RES1000mN2037000E3148000,3452364277,72.0
3933,CRS3035RES1000mN2037000E3148000,3495733197,
3934,CRS3035RES1000mN2037000E3148000,3497154853,
3935,CRS3035RES1000mN2037000E3148000,3517755445,
3936,CRS3035RES1000mN2037000E3148000,3522125657,
3937,CRS3035RES1000mN2037000E3148000,3526751794,88.0
3938,CRS3035RES1000mN2037000E3148000,3839306060,88.0
3939,CRS3035RES1000mN2037000E3148000,4214697664,59.0
3940,CRS3035RES1000mN2037000E3148000,4338252586,76.0
3941,CRS3035RES1000mN2037000E3148000,4401271633,
3942,CRS3035RES1000mN2037000E3148000,4515476768,
3943,CRS3035RES1000mN2037000E3148000,4569910891,61.0
3944,CRS3035RES1000mN2037000E3148000,4703730491,54.0
3945,CRS3035RES1000mN2037000E3148000,4707870392,52.0
3946,CRS3035RES1000mN2037000E3148000,4789037769,115.0
3947,CRS3035RES1000mN2037000E3148000,4794233143,119.0
3948,CRS3035RES1000mN2037000E3148000,4870405674,72.0
3949,CRS3035RES1000mN2037000E3148000,5139379922,92.0
3950,CRS3035RES1000mN2037000E3148000,5160337425,49.0
3951,CRS3035RES1000mN2037000E3148000,5196199575,76.0
3952,CRS3035RES1000mN2037000E3148000,5341570554,71.0
3953,CRS3035RES1000mN2037000E3148000,5345949864,102.0
3954,CRS3035RES1000mN2037000E3148000,5448507385,
3955,CRS3035RES1000mN2037000E3148000,5604693894,73.0
3956,CRS3035RES1000mN2037000E3148000,5670401989,93.0
3957,CRS3035RES1000mN2037000E3148000,5942671299,93.0
3958,CRS3035RES1000mN2037000E3148000,5943980960,97.0
3959,CRS3035RES1000mN2037000E3148000,6185791451,
3960,CRS3035RES1000mN2037000E3148000,6188948286,99.0
3961,CRS3035RES1000mN2037000E3148000,6555800191,87.0
3962,CRS3035RES1000mN2037000E3148000,6885254479,65.0
3963,CRS3035RES1000mN2037000E3148000,7222611268,
3964,CRS3035RES1000mN2037000E3148000,7408961006,
3965,CRS3035RES1000mN2037000E3148000,7619964683,113.0
3966,CRS3035RES1000mN2037000E3148000,7836562695,90.0
3967,CRS3035RES1000mN2037000E3148000,8493729364,60.0
3968,CRS3035RES1000mN2037000E3148000,8557885377,73.0
3969,CRS3035RES1000mN2037000E3148000,8807212208,64.0
3970,CRS3035RES1000mN2037000E3148000,8844229173,67.0
3971,CRS3035RES1000mN2037000E3148000,8878422600,42.0
3972,CRS3035RES1000mN2037000E3148000,9595709188,68.0
3973,CRS3035RES1000mN2037000E3148000,9611387099,59.0
3974,CRS3035RES1000mN2037000E3148000,9712656915,48.0
3975,CRS3035RES1000mN2037000E3148000,9713142744,65.0
3976,CRS3035RES1000mN2037000E3148000,9815746657,
3977,CRS3035RES1000mN2037000E3148000,10004871512,86.0
3978,CRS3035RES1000mN2037000E3148000,10281174134,
3979,CRS3035RES1000mN2037000E3148000,10580337411,92.0
3980,CRS3035RES1000mN2037000E3148000,10899442604,100.0
3981,CRS3035RES1000mN2037000E3148000,10922657146,94.0
3982,CRS3035RES1000mN2037000E3148000,11127499928,87.0
3983,CRS3035RES1000mN2037000E3148000,11143725881,65.0
3984,CRS3035RES1000mN2037000E3148000,11243087140,72.0
3985,CRS3035RES1000mN2037000E3148000,11269399969,48.0
3986,CRS3035RES1000mN2037000E3148000,11287269362,90.0
3987,CRS3035RES1000mN2037000E3148000,11287269363,106.0
3988,CRS3035RES1000mN2037000E3148000,11369705764,99.0
3989,CRS3035RES1000mN2037000E3148000,11387776374,88.0
3990,CRS3035RES1000mN2037000E3148000,11461799040,
3991,CRS3035RES1000mN2037000E3148000,11462802981,76.0
3992,CRS3035RES1000mN2037000E3148000,11652077658,67.0
3993,CRS3035RES1000mN2037000E3148000,11691390164,56.0
3994,CRS3035RES1000mN2037000E3148000,11739757462,81.0
3995,CRS3035RES1000mN2037000E3148000,12178446726,70.0
3996,CRS3035RES1000mN2037000E3148000,12407425114,60.0
3997,CRS3035RES1000mN2037000E3148000,12865480228,89.0
3998,CRS3035RES1000mN2037000E3148000,2960630,92.0
3999,CRS3035RES1000mN2037000E3148000,3554044,100.0
4000,CRS3035RES1000mN2037000E3148000,3557906,89.0
4001,CRS3035RES1000mN2037000E3148000,5231361,50.0
4002,CRS3035RES1000mN2037000E3148000,9314566,118.0
4003,CRS3035RES1000mN2037000E3148000,13696257,38.0
4004,CRS3035RES1000mN2037000E3148000,15996131,58.0
4005,CRS3035RES1000mN2037000E3148000,23526191,79.0
4006,CRS3035RES1000mN2037000E3148000,23545719,79.0
4007,CRS3035RES1000mN2037000E3148000,30599279,88.0
4008,CRS3035RES1000mN2037000E3148000,30649229,47.0
4009,CRS3035RES1000mN2037000E3148000,32198651,
4010,CRS3035RES1000mN2037000E3148000,34945111,90.0
4011,CRS3035RES1000mN2037000E3148000,50170625,117.0
4012,CRS3035RES1000mN2037000E3148000,82887228,88.0
4013,CRS3035RES1000mN2037000E3148000,92484952,45.0
4014,CRS3035RES1000mN2037000E3148000,95794713,86.0
4015,CRS3035RES1000mN2037000E3148000,96418670,104.0
4016,CRS3035RES1000mN2037000E3148000,98502686,38.0
4017,CRS3035RES1000mN2037000E3148000,132613257,87.0
4018,CRS3035RES1000mN2037000E3148000,135036040,92.0
4019,CRS3035RES1000mN2037000E3148000,150772489,63.0
4020,CRS3035RES1000mN2037000E3148000,154118456,71.0
4021,CRS3035RES1000mN2037000E3148000,157375776,86.0
4022,CRS3035RES1000mN2037000E3148000,158211204,85.0
4023,CRS3035RES1000mN2037000E3148000,162072415,84.0
4024,CRS3035RES1000mN2037000E3148000,162117720,54.0
4025,CRS3035RES1000mN2037000E3148000,170487273,
4026,CRS3035RES1000mN2037000E3148000,172686062,87.0
4027,CRS3035RES1000mN2037000E3148000,174318235,92.0
4028,CRS3035RES1000mN2037000E3148000,174318237,94.0
4029,CRS3035RES1000mN2037000E3148000,205060159,
4030,CRS3035RES1000mN2037000E3148000,205757163,
4031,CRS3035RES1000mN2037000E3148000,221095520,94.0
4032,CRS3035RES1000mN2037000E3148000,224503374,69.0
4033,CRS3035RES1000mN2037000E3148000,227333462,53.0
4034,CRS3035RES1000mN2037000E3148000,229117454,64.0
4035,CRS3035RES1000mN2037000E3148000,261460389,
4036,CRS3035RES1000mN2037000E3148000,283450022,56.0
4037,CRS3035RES1000mN2037000E3148000,288994040,57.0
4038,CRS3035RES1000mN2037000E3148000,296744564,118.0
4039,CRS3035RES1000mN2037000E3148000,297526406,78.0
4040,CRS3035RES1000mN2037000E3148000,300709861,108.0
4041,CRS3035RES1000mN2037000E3148000,301444634,74.0
4042,CRS3035RES1000mN2037000E3148000,302721609,102.0
4043,CRS3035RES1000mN2037000E3148000,308195630,79.0
4044,CRS3035RES1000mN2037000E3148000,312777902,59.0
4045,CRS3035RES1000mN2037000E3148000,330154630,
4046,CRS3035RES1000mN2037000E3148000,340205456,64.0
4047,CRS3035RES1000mN2037000E3148000,367883612,83.0
4048,CRS3035RES1000mN2037000E3148000,368211943,77.0
4049,CRS3035RES1000mN2037000E3148000,374180360,92.0
4050,CRS3035RES1000mN2037000E3148000,375369499,67.0
4051,CRS3035RES1000mN2037000E3148000,383494544,62.0
4052,CRS3035RES1000mN2037000E3148000,384574591,90.0
4053,CRS3035RES1000mN2037000E3148000,403538322,113.0
4054,CRS3035RES1000mN2037000E3148000,403859503,58.0
4055,CRS3035RES1000mN2037000E3148000,437050442,98.0
4056,CRS3035RES1000mN2037000E3148000,459881697,54.0
4057,CRS3035RES1000mN2037000E3148000,477278425,
4058,CRS3035RES1000mN2037000E3148000,486879235,
4059,CRS3035RES1000mN2037000E3148000,493748377,79.0
4060,CRS3035RES1000mN2037000E3148000,498234201,96.0
4061,CRS3035RES1000mN2037000E3148000,504315026,90.0
4062,CRS3035RES1000mN2037000E3148000,548701490,
4063,CRS3035RES1000mN2037000E3148000,574210084,62.0
4064,CRS3035RES1000mN2037000E3148000,576094143,83.0
4065,CRS3035RES1000mN2037000E3148000,584409067,106.0
4066,CRS3035RES1000mN2037000E3148000,635512756,78.0
4067,CRS3035RES1000mN2037000E3148000,638492224,116.0
4068,CRS3035RES1000mN2037000E3148000,653913062,84.0
4069,CRS3035RES1000mN2037000E3148000,659866770,77.0
4070,CRS3035RES1000mN2037000E3148000,697717972,89.0
4071,CRS3035RES1000mN2037000E3148000,717194862,102.0
4072,CRS3035RES1000mN2037000E3148000,736899303,
4073,CRS3035RES1000mN2037000E3148000,738042217,106.0
4074,CRS3035RES1000mN2037000E3148000,839611983,114.0
4075,CRS3035RES1000mN2037000E3148000,957893520,64.0
4076,CRS3035RES1000mN2037000E3148000,963308110,95.0
4077,CRS3035RES1000mN2037000E3148000,1073283182,94.0
4078,CRS3035RES1000mN2037000E3148000,1252864015,83.0
4079,CRS3035RES1000mN2037000E3148000,1283203658,
4080,CRS3035RES1000mN2038000E3141000,25526,
4081,CRS3035RES1000mN2038000E3141000,1774,114.0
4082,CRS3035RES1000mN2038000E3141000,1770,
4083,CRS3035RES1000mN2038000E3141000,1773,
4084,CRS3035RES1000mN2038000E3141000,1771,91.0
4085,CRS3035RES1000mN2038000E3141000,123303,
4086,CRS3035RES1000mN2038000E3141000,1764,104.0
4087,CRS3035RES1000mN2038000E3141000,181101,
4088,CRS3035RES1000mN2038000E3141000,5765642,
4089,CRS3035RES1000mN2038000E3141000,86719,
4090,CRS3035RES1000mN2038000E3141000,1800,
4091,CRS3035RES1000mN2038000E3141000,1757,112.0
4092,CRS3035RES1000mN2038000E3141000,1755,115.0
4093,CRS3035RES1000mN2038000E3141000,1882,93.0
4094,CRS3035RES1000mN2038000E3141000,1745,
4095,CRS3035RES1000mN2038000E3141000,1794,117.0
4096,CRS3035RES1000mN2038000E3141000,1762,107.0
4097,CRS3035RES1000mN2038000E3141000,51188,112.0
4098,CRS3035RES1000mN2038000E3141000,6893633,110.0
4099,CRS3035RES1000mN2038000E3141000,167128,
4100,CRS3035RES1000mN2038000E3141000,1760,114.0
4101,CRS3035RES1000mN2038000E3141000,12773298,
4102,CRS3035RES1000mN2038000E3141000,1754,
4103,CRS3035RES1000mN2038000E3141000,1748,
4104,CRS3035RES1000mN2038000E3141000,79941,
4105,CRS3035RES1000mN2038000E3141000,1750,118.0
4106,CRS3035RES1000mN2038000E3141000,5975465,104.0
4107,CRS3035RES1000mN2038000E3141000,115056,
4108,CRS3035RES1000mN2038000E3141000,1790,110.0
4109,CRS3035RES1000mN2038000E3141000,1756,
4110,CRS3035RES1000mN2038000E3141000,51849,116.0
4111,CRS3035RES1000mN2038000E3141000,185595,104.0
4112,CRS3035RES1000mN2038000E3141000,7697128,99.0
4113,CRS3035RES1000mN2038000E3141000,10395362,
4114,CRS3035RES1000mN2038000E3141000,1759,116.0
4115,CRS3035RES1000mN2038000E3141000,1752,115.0
4116,CRS3035RES1000mN2038000E3141000,186714,116.0
4117,CRS3035RES1000mN2038000E3141000,1753,
4118,CRS3035RES1000mN2038000E3141000,1792,
4119,CRS3035RES1000mN2038000E3141000,1763,115.0
4120,CRS3035RES1000mN2038000E3141000,1746,
4121,CRS3035RES1000mN2038000E3141000,11572165,
4122,CRS3035RES1000mN2038000E3141000,1761,115.0
4123,CRS3035RES1000mN2038000E3141000,1747,
4124,CRS3035RES1000mN2038000E3141000,5768564,116.0
4125,CRS3035RES1000mN2038000E3141000,1798,103.0
4126,CRS3035RES1000mN2038000E3141000,66904,111.0
4127,CRS3035RES1000mN2038000E3141000,1777,96.0
4128,CRS3035RES1000mN2038000E3141000,1765,109.0
4129,CRS3035RES1000mN2038000E3141000,49416,
4130,CRS3035RES1000mN2038000E3141000,12734939,
4131,CRS3035RES1000mN2038000E3141000,167386167,100.0
4132,CRS3035RES1000mN2038000E3141000,295933804,98.0
4133,CRS3035RES1000mN2038000E3141000,303340017,82.0
4134,CRS3035RES1000mN2038000E3141000,315355551,106.0
4135,CRS3035RES1000mN2038000E3141000,339084977,114.0
4136,CRS3035RES1000mN2038000E3141000,412911553,95.0
4137,CRS3035RES1000mN2038000E3141000,558126037,
4138,CRS3035RES1000mN2038000E3141000,711789768,
4139,CRS3035RES1000mN2038000E3141000,727666062,
4140,CRS3035RES1000mN2038000E3141000,848085869,
4141,CRS3035RES1000mN2038000E3141000,1056098898,109.0
4142,CRS3035RES1000mN2038000E3141000,1255438242,
4143,CRS3035RES1000mN2038000E3141000,1469985039,
4144,CRS3035RES1000mN2038000E3141000,1504302537,
4145,CRS3035RES1000mN2038000E3141000,1511617504,
4146,CRS3035RES1000mN2038000E3141000,1541601287,95.0
4147,CRS3035RES1000mN2038000E3141000,1544591296,
4148,CRS3035RES1000mN2038000E3141000,1598174183,
4149,CRS3035RES1000mN2038000E3141000,1629887846,
4150,CRS3035RES1000mN2038000E3141000,1686660176,
4151,CRS3035RES1000mN2038000E3141000,1716927336,
4152,CRS3035RES1000mN2038000E3141000,1734554324,
4153,CRS3035RES1000mN2038000E3141000,1849109335,77.0
4154,CRS3035RES1000mN2038000E3141000,2028408680,
4155,CRS3035RES1000mN2038000E3141000,2036887702,
4156,CRS3035RES1000mN2038000E3141000,2061404218,
4157,CRS3035RES1000mN2038000E3141000,2134238030,
4158,CRS3035RES1000mN2038000E3141000,2261600754,
4159,CRS3035RES1000mN2038000E3141000,2301402027,
4160,CRS3035RES1000mN2038000E3141000,2303966810,
4161,CRS3035RES1000mN2038000E3141000,2312029862,
4162,CRS3035RES1000mN2038000E3141000,2408860250,102.0
4163,CRS3035RES1000mN2038000E3141000,2620185829,101.0
4164,CRS3035RES1000mN2038000E3141000,2622508931,93.0
4165,CRS3035RES1000mN2038000E3141000,2672130951,
4166,CRS3035RES1000mN2038000E3141000,2710518818,
4167,CRS3035RES1000mN2038000E3141000,3034026261,
4168,CRS3035RES1000mN2038000E3141000,3179889751,
4169,CRS3035RES1000mN2038000E3141000,3206611978,
4170,CRS3035RES1000mN2038000E3141000,3272828439,
4171,CRS3035RES1000mN2038000E3141000,3452364276,
4172,CRS3035RES1000mN2038000E3141000,3452364277,112.0
4173,CRS3035RES1000mN2038000E3141000,3495733197,
4174,CRS3035RES1000mN2038000E3141000,3497154853,
4175,CRS3035RES1000mN2038000E3141000,3517755445,
4176,CRS3035RES1000mN2038000E3141000,3522125657,
4177,CRS3035RES1000mN2038000E3141000,3526751794,
4178,CRS3035RES1000mN2038000E3141000,3839306060,
4179,CRS3035RES1000mN2038000E3141000,4214697664,101.0
4180,CRS3035RES1000mN2038000E3141000,4338252586,
4181,CRS3035RES1000mN2038000E3141000,4401271633,
4182,CRS3035RES1000mN2038000E3141000,4515476768,
4183,CRS3035RES1000mN2038000E3141000,4569910891,101.0
4184,CRS3035RES1000mN2038000E3141000,4703730491,115.0
4185,CRS3035RES1000mN2038000E3141000,4707870392,117.0
4186,CRS3035RES1000mN2038000E3141000,4789037769,
4187,CRS3035RES1000mN2038000E3141000,4794233143,
4188,CRS3035RES1000mN2038000E3141000,4870405674,118.0
4189,CRS3035RES1000mN2038000E3141000,5139379922,99.0
4190,CRS3035RES1000mN2038000E3141000,5160337425,86.0
4191,CRS3035RES1000mN2038000E3141000,5196199575,
4192,CRS3035RES1000mN2038000E3141000,5341570554,115.0
4193,CRS3035RES1000mN2038000E3141000,5345949864,
4194,CRS3035RES1000mN2038000E3141000,5448507385,
4195,CRS3035RES1000mN2038000E3141000,5604693894,
4196,CRS3035RES1000mN2038000E3141000,5670401989,
4197,CRS3035RES1000mN2038000E3141000,5942671299,
4198,CRS3035RES1000mN2038000E3141000,5943980960,108.0
4199,CRS3035RES1000mN2038000E3141000,6185791451,
4200,CRS3035RES1000mN2038000E3141000,6188948286,
4201,CRS3035RES1000mN2038000E3141000,6555800191,
4202,CRS3035RES1000mN2038000E3141000,6885254479,
4203,CRS3035RES1000mN2038000E3141000,7222611268,
4204,CRS3035RES1000mN2038000E3141000,7408961006,
4205,CRS3035RES1000mN2038000E3141000,7619964683,
4206,CRS3035RES1000mN2038000E3141000,7836562695,
4207,CRS3035RES1000mN2038000E3141000,8493729364,106.0
4208,CRS3035RES1000mN2038000E3141000,8557885377,103.0
4209,CRS3035RES1000mN2038000E3141000,8807212208,104.0
4210,CRS3035RES1000mN2038000E3141000,8844229173,106.0
4211,CRS3035RES1000mN2038000E3141000,8878422600,95.0
4212,CRS3035RES1000mN2038000E3141000,9595709188,118.0
4213,CRS3035RES1000mN2038000E3141000,9611387099,113.0
4214,CRS3035RES1000mN2038000E3141000,9712656915,85.0
4215,CRS3035RES1000mN2038000E3141000,9713142744,106.0
4216,CRS3035RES1000mN2038000E3141000,9815746657,
4217,CRS3035RES1000mN2038000E3141000,10004871512,
4218,CRS3035RES1000mN2038000E3141000,10281174134,
4219,CRS3035RES1000mN2038000E3141000,10580337411,
4220,CRS3035RES1000mN2038000E3141000,10899442604,
4221,CRS3035RES1000mN2038000E3141000,10922657146,
4222,CRS3035RES1000mN2038000E3141000,11127499928,
4223,CRS3035RES1000mN2038000E3141000,11143725881,75.0
4224,CRS3035RES1000mN2038000E3141000,11243087140,
4225,CRS3035RES1000mN2038000E3141000,11269399969,85.0
4226,CRS3035RES1000mN2038000E3141000,11287269362,
4227,CRS3035RES1000mN2038000E3141000,11287269363,
4228,CRS3035RES1000mN2038000E3141000,11369705764,
4229,CRS3035RES1000mN2038000E3141000,11387776374,
4230,CRS3035RES1000mN2038000E3141000,11461799040,
4231,CRS3035RES1000mN2038000E3141000,11462802981,
4232,CRS3035RES1000mN2038000E3141000,11652077658,82.0
4233,CRS3035RES1000mN2038000E3141000,11691390164,92.0
4234,CRS3035RES1000mN2038000E3141000,11739757462,
4235,CRS3035RES1000mN2038000E3141000,12178446726,
4236,CRS3035RES1000mN2038000E3141000,12407425114,64.0
4237,CRS3035RES1000mN2038000E3141000,12865480228,
4238,CRS3035RES1000mN2038000E3141000,2960630,
4239,CRS3035RES1000mN2038000E3141000,3554044,
4240,CRS3035RES1000mN2038000E3141000,3557906,
4241,CRS3035RES1000mN2038000E3141000,5231361,86.0
4242,CRS3035RES1000mN2038000E3141000,9314566,
4243,CRS3035RES1000mN2038000E3141000,13696257,86.0
4244,CRS3035RES1000mN2038000E3141000,15996131,96.0
4245,CRS3035RES1000mN2038000E3141000,23526191,118.0
4246,CRS3035RES1000mN2038000E3141000,23545719,
4247,CRS3035RES1000mN2038000E3141000,30599279,
4248,CRS3035RES1000mN2038000E3141000,30649229,83.0
4249,CRS3035RES1000mN2038000E3141000,32198651,
4250,CRS3035RES1000mN2038000E3141000,34945111,
4251,CRS3035RES1000mN2038000E3141000,50170625,
4252,CRS3035RES1000mN2038000E3141000,82887228,105.0
4253,CRS3035RES1000mN2038000E3141000,92484952,65.0
4254,CRS3035RES1000mN2038000E3141000,95794713,
4255,CRS3035RES1000mN2038000E3141000,96418670,
4256,CRS3035RES1000mN2038000E3141000,98502686,75.0
4257,CRS3035RES1000mN2038000E3141000,132613257,
4258,CRS3035RES1000mN2038000E3141000,135036040,
4259,CRS3035RES1000mN2038000E3141000,150772489,101.0
4260,CRS3035RES1000mN2038000E3141000,154118456,84.0
4261,CRS3035RES1000mN2038000E3141000,157375776,
4262,CRS3035RES1000mN2038000E3141000,158211204,
4263,CRS3035RES1000mN2038000E3141000,162072415,
4264,CRS3035RES1000mN2038000E3141000,162117720,89.0
4265,CRS3035RES1000mN2038000E3141000,170487273,
4266,CRS3035RES1000mN2038000E3141000,172686062,
4267,CRS3035RES1000mN2038000E3141000,174318235,
4268,CRS3035RES1000mN2038000E3141000,174318237,
4269,CRS3035RES1000mN2038000E3141000,205060159,
4270,CRS3035RES1000mN2038000E3141000,205757163,
4271,CRS3035RES1000mN2038000E3141000,221095520,
4272,CRS3035RES1000mN2038000E3141000,224503374,109.0
4273,CRS3035RES1000mN2038000E3141000,227333462,87.0
4274,CRS3035RES1000mN2038000E3141000,229117454,74.0
4275,CRS3035RES1000mN2038000E3141000,261460389,
4276,CRS3035RES1000mN2038000E3141000,283450022,96.0
4277,CRS3035RES1000mN2038000E3141000,288994040,109.0
4278,CRS3035RES1000mN2038000E3141000,296744564,
4279,CRS3035RES1000mN2038000E3141000,297526406,
4280,CRS3035RES1000mN2038000E3141000,300709861,
4281,CRS3035RES1000mN2038000E3141000,301444634,74.0
4282,CRS3035RES1000mN2038000E3141000,302721609,
4283,CRS3035RES1000mN2038000E3141000,308195630,109.0
4284,CRS3035RES1000mN2038000E3141000,312777902,112.0
4285,CRS3035RES1000mN2038000E3141000,330154630,
4286,CRS3035RES1000mN2038000E3141000,340205456,103.0
4287,CRS3035RES1000mN2038000E3141000,367883612,99.0
4288,CRS3035RES1000mN2038000E3141000,368211943,94.0
4289,CRS3035RES1000mN2038000E3141000,374180360,
4290,CRS3035RES1000mN2038000E3141000,375369499,78.0
4291,CRS3035RES1000mN2038000E3141000,383494544,118.0
4292,CRS3035RES1000mN2038000E3141000,384574591,
4293,CRS3035RES1000mN2038000E3141000,403538322,
4294,CRS3035RES1000mN2038000E3141000,403859503,95.0
4295,CRS3035RES1000mN2038000E3141000,437050442,
4296,CRS3035RES1000mN2038000E3141000,459881697,64.0
4297,CRS3035RES1000mN2038000E3141000,477278425,
4298,CRS3035RES1000mN2038000E3141000,486879235,
4299,CRS3035RES1000mN2038000E3141000,493748377,
4300,CRS3035RES1000mN2038000E3141000,498234201,
4301,CRS3035RES1000mN2038000E3141000,504315026,
4302,CRS3035RES1000mN2038000E3141000,548701490,
4303,CRS3035RES1000mN2038000E3141000,574210084,91.0
4304,CRS3035RES1000mN2038000E3141000,576094143,
4305,CRS3035RES1000mN2038000E3141000,584409067,
4306,CRS3035RES1000mN2038000E3141000,635512756,
4307,CRS3035RES1000mN2038000E3141000,638492224,
4308,CRS3035RES1000mN2038000E3141000,653913062,
4309,CRS3035RES1000mN2038000E3141000,659866770,
4310,CRS3035RES1000mN2038000E3141000,697717972,
4311,CRS3035RES1000mN2038000E3141000,717194862,
4312,CRS3035RES1000mN2038000E3141000,736899303,
4313,CRS3035RES1000mN2038000E3141000,738042217,
4314,CRS3035RES1000mN2038000E3141000,839611983,
4315,CRS3035RES1000mN2038000E3141000,957893520,105.0
4316,CRS3035RES1000mN2038000E3141000,963308110,
4317,CRS3035RES1000mN2038000E3141000,1073283182,
4318,CRS3035RES1000mN2038000E3141000,1252864015,
4319,CRS3035RES1000mN2038000E3141000,1283203658,
4320,CRS3035RES1000mN2038000E3142000,25526,
4321,CRS3035RES1000mN2038000E3142000,1774,117.0
4322,CRS3035RES1000mN2038000E3142000,1770,
4323,CRS3035RES1000mN2038000E3142000,1773,
4324,CRS3035RES1000mN2038000E3142000,1771,95.0
4325,CRS3035RES1000mN2038000E3142000,123303,
4326,CRS3035RES1000mN2038000E3142000,1764,107.0
4327,CRS3035RES1000mN2038000E3142000,181101,
4328,CRS3035RES1000mN2038000E3142000,5765642,
4329,CRS3035RES1000mN2038000E3142000,86719,
4330,CRS3035RES1000mN2038000E3142000,1800,
4331,CRS3035RES1000mN2038000E3142000,1757,116.0
4332,CRS3035RES1000mN2038000E3142000,1755,116.0
4333,CRS3035RES1000mN2038000E3142000,1882,97.0
4334,CRS3035RES1000mN2038000E3142000,1745,
4335,CRS3035RES1000mN2038000E3142000,1794,
4336,CRS3035RES1000mN2038000E3142000,1762,110.0
4337,CRS3035RES1000mN2038000E3142000,51188,115.0
4338,CRS3035RES1000mN2038000E3142000,6893633,114.0
4339,CRS3035RES1000mN2038000E3142000,167128,
4340,CRS3035RES1000mN2038000E3142000,1760,118.0
4341,CRS3035RES1000mN2038000E3142000,12773298,
4342,CRS3035RES1000mN2038000E3142000,1754,
4343,CRS3035RES1000mN2038000E3142000,1748,
4344,CRS3035RES1000mN2038000E3142000,79941,
4345,CRS3035RES1000mN2038000E3142000,1750,
4346,CRS3035RES1000mN2038000E3142000,5975465,107.0
4347,CRS3035RES1000mN2038000E3142000,115056,
4348,CRS3035RES1000mN2038000E3142000,1790,115.0
4349,CRS3035RES1000mN2038000E3142000,1756,
4350,CRS3035RES1000mN2038000E3142000,51849,
4351,CRS3035RES1000mN2038000E3142000,185595,107.0
4352,CRS3035RES1000mN2038000E3142000,7697128,103.0
4353,CRS3035RES1000mN2038000E3142000,10395362,
4354,CRS3035RES1000mN2038000E3142000,1759,118.0
4355,CRS3035RES1000mN2038000E3142000,1752,119.0
4356,CRS3035RES1000mN2038000E3142000,186714,
4357,CRS3035RES1000mN2038000E3142000,1753,
4358,CRS3035RES1000mN2038000E3142000,1792,
4359,CRS3035RES1000mN2038000E3142000,1763,114.0
4360,CRS3035RES1000mN2038000E3142000,1746,
4361,CRS3035RES1000mN2038000E3142000,11572165,
4362,CRS3035RES1000mN2038000E3142000,1761,119.0
4363,CRS3035RES1000mN2038000E3142000,1747,
4364,CRS3035RES1000mN2038000E3142000,5768564,
4365,CRS3035RES1000mN2038000E3142000,1798,106.0
4366,CRS3035RES1000mN2038000E3142000,66904,114.0
4367,CRS3035RES1000mN2038000E3142000,1777,100.0
4368,CRS3035RES1000mN2038000E3142000,1765,112.0
4369,CRS3035RES1000mN2038000E3142000,49416,
4370,CRS3035RES1000mN2038000E3142000,12734939,
4371,CRS3035RES1000mN2038000E3142000,167386167,104.0
4372,CRS3035RES1000mN2038000E3142000,295933804,97.0
4373,CRS3035RES1000mN2038000E3142000,303340017,102.0
4374,CRS3035RES1000mN2038000E3142000,315355551,108.0
4375,CRS3035RES1000mN2038000E3142000,339084977,113.0
4376,CRS3035RES1000mN2038000E3142000,412911553,100.0
4377,CRS3035RES1000mN2038000E3142000,558126037,
4378,CRS3035RES1000mN2038000E3142000,711789768,
4379,CRS3035RES1000mN2038000E3142000,727666062,
4380,CRS3035RES1000mN2038000E3142000,848085869,
4381,CRS3035RES1000mN2038000E3142000,1056098898,111.0
4382,CRS3035RES1000mN2038000E3142000,1255438242,
4383,CRS3035RES1000mN2038000E3142000,1469985039,
4384,CRS3035RES1000mN2038000E3142000,1504302537,
4385,CRS3035RES1000mN2038000E3142000,1511617504,
4386,CRS3035RES1000mN2038000E3142000,1541601287,101.0
4387,CRS3035RES1000mN2038000E3142000,1544591296,
4388,CRS3035RES1000mN2038000E3142000,1598174183,
4389,CRS3035RES1000mN2038000E3142000,1629887846,
4390,CRS3035RES1000mN2038000E3142000,1686660176,
4391,CRS3035RES1000mN2038000E3142000,1716927336,
4392,CRS3035RES1000mN2038000E3142000,1734554324,
4393,CRS3035RES1000mN2038000E3142000,1849109335,104.0
4394,CRS3035RES1000mN2038000E3142000,2028408680,
4395,CRS3035RES1000mN2038000E3142000,2036887702,
4396,CRS3035RES1000mN2038000E3142000,2061404218,
4397,CRS3035RES1000mN2038000E3142000,2134238030,
4398,CRS3035RES1000mN2038000E3142000,2261600754,
4399,CRS3035RES1000mN2038000E3142000,2301402027,
4400,CRS3035RES1000mN2038000E3142000,2303966810,
4401,CRS3035RES1000mN2038000E3142000,2312029862,
4402,CRS3035RES1000mN2038000E3142000,2408860250,
4403,CRS3035RES1000mN2038000E3142000,2620185829,104.0
4404,CRS3035RES1000mN2038000E3142000,2622508931,96.0
4405,CRS3035RES1000mN2038000E3142000,2672130951,
4406,CRS3035RES1000mN2038000E3142000,2710518818,
4407,CRS3035RES1000mN2038000E3142000,3034026261,
4408,CRS3035RES1000mN2038000E3142000,3179889751,
4409,CRS3035RES1000mN2038000E3142000,3206611978,
4410,CRS3035RES1000mN2038000E3142000,3272828439,
4411,CRS3035RES1000mN2038000E3142000,3452364276,
4412,CRS3035RES1000mN2038000E3142000,3452364277,115.0
4413,CRS3035RES1000mN2038000E3142000,3495733197,
4414,CRS3035RES1000mN2038000E3142000,3497154853,
4415,CRS3035RES1000mN2038000E3142000,3517755445,
4416,CRS3035RES1000mN2038000E3142000,3522125657,
4417,CRS3035RES1000mN2038000E3142000,3526751794,
4418,CRS3035RES1000mN2038000E3142000,3839306060,
4419,CRS3035RES1000mN2038000E3142000,4214697664,105.0
4420,CRS3035RES1000mN2038000E3142000,4338252586,
4421,CRS3035RES1000mN2038000E3142000,4401271633,
4422,CRS3035RES1000mN2038000E3142000,4515476768,
4423,CRS3035RES1000mN2038000E3142000,4569910891,105.0
4424,CRS3035RES1000mN2038000E3142000,4703730491,115.0
4425,CRS3035RES1000mN2038000E3142000,4707870392,117.0
4426,CRS3035RES1000mN2038000E3142000,4789037769,
4427,CRS3035RES1000mN2038000E3142000,4794233143,
4428,CRS3035RES1000mN2038000E3142000,4870405674,
4429,CRS3035RES1000mN2038000E3142000,5139379922,118.0
4430,CRS3035RES1000mN2038000E3142000,5160337425,93.0
4431,CRS3035RES1000mN2038000E3142000,5196199575,
4432,CRS3035RES1000mN2038000E3142000,5341570554,119.0
4433,CRS3035RES1000mN2038000E3142000,5345949864,
4434,CRS3035RES1000mN2038000E3142000,5448507385,
4435,CRS3035RES1000mN2038000E3142000,5604693894,
4436,CRS3035RES1000mN2038000E3142000,5670401989,
4437,CRS3035RES1000mN2038000E3142000,5942671299,
4438,CRS3035RES1000mN2038000E3142000,5943980960,
4439,CRS3035RES1000mN2038000E3142000,6185791451,
4440,CRS3035RES1000mN2038000E3142000,6188948286,
4441,CRS3035RES1000mN2038000E3142000,6555800191,
4442,CRS3035RES1000mN2038000E3142000,6885254479,
4443,CRS3035RES1000mN2038000E3142000,7222611268,
4444,CRS3035RES1000mN2038000E3142000,7408961006,
4445,CRS3035RES1000mN2038000E3142000,7619964683,
4446,CRS3035RES1000mN2038000E3142000,7836562695,
4447,CRS3035RES1000mN2038000E3142000,8493729364,110.0
4448,CRS3035RES1000mN2038000E3142000,8557885377,
4449,CRS3035RES1000mN2038000E3142000,8807212208,107.0
4450,CRS3035RES1000mN2038000E3142000,8844229173,109.0
4451,CRS3035RES1000mN2038000E3142000,8878422600,95.0
4452,CRS3035RES1000mN2038000E3142000,9595709188,
4453,CRS3035RES1000mN2038000E3142000,9611387099,116.0
4454,CRS3035RES1000mN2038000E3142000,9712656915,89.0
4455,CRS3035RES1000mN2038000E3142000,9713142744,109.0
4456,CRS3035RES1000mN2038000E3142000,9815746657,
4457,CRS3035RES1000mN2038000E3142000,10004871512,
4458,CRS3035RES1000mN2038000E3142000,10281174134,
4459,CRS3035RES1000mN2038000E3142000,10580337411,
4460,CRS3035RES1000mN2038000E3142000,10899442604,
4461,CRS3035RES1000mN2038000E3142000,10922657146,
4462,CRS3035RES1000mN2038000E3142000,11127499928,
4463,CRS3035RES1000mN2038000E3142000,11143725881,99.0
4464,CRS3035RES1000mN2038000E3142000,11243087140,
4465,CRS3035RES1000mN2038000E3142000,11269399969,93.0
4466,CRS3035RES1000mN2038000E3142000,11287269362,
4467,CRS3035RES1000mN2038000E3142000,11287269363,
4468,CRS3035RES1000mN2038000E3142000,11369705764,
4469,CRS3035RES1000mN2038000E3142000,11387776374,
4470,CRS3035RES1000mN2038000E3142000,11461799040,
4471,CRS3035RES1000mN2038000E3142000,11462802981,
4472,CRS3035RES1000mN2038000E3142000,11652077658,103.0
4473,CRS3035RES1000mN2038000E3142000,11691390164,97.0
4474,CRS3035RES1000mN2038000E3142000,11739757462,
4475,CRS3035RES1000mN2038000E3142000,12178446726,
4476,CRS3035RES1000mN2038000E3142000,12407425114,95.0
4477,CRS3035RES1000mN2038000E3142000,12865480228,
4478,CRS3035RES1000mN2038000E3142000,2960630,
4479,CRS3035RES1000mN2038000E3142000,3554044,
4480,CRS3035RES1000mN2038000E3142000,3557906,
4481,CRS3035RES1000mN2038000E3142000,5231361,94.0
4482,CRS3035RES1000mN2038000E3142000,9314566,
4483,CRS3035RES1000mN2038000E3142000,13696257,82.0
4484,CRS3035RES1000mN2038000E3142000,15996131,99.0
4485,CRS3035RES1000mN2038000E3142000,23526191,
4486,CRS3035RES1000mN2038000E3142000,23545719,
4487,CRS3035RES1000mN2038000E3142000,30599279,
4488,CRS3035RES1000mN2038000E3142000,30649229,90.0
4489,CRS3035RES1000mN2038000E3142000,32198651,
4490,CRS3035RES1000mN2038000E3142000,34945111,
4491,CRS3035RES1000mN2038000E3142000,50170625,
4492,CRS3035RES1000mN2038000E3142000,82887228,
4493,CRS3035RES1000mN2038000E3142000,92484952,87.0
4494,CRS3035RES1000mN2038000E3142000,95794713,
4495,CRS3035RES1000mN2038000E3142000,96418670,
4496,CRS3035RES1000mN2038000E3142000,98502686,87.0
4497,CRS3035RES1000mN2038000E3142000,132613257,
4498,CRS3035RES1000mN2038000E3142000,135036040,
4499,CRS3035RES1000mN2038000E3142000,150772489,105.0
4500,CRS3035RES1000mN2038000E3142000,154118456,95.0
4501,CRS3035RES1000mN2038000E3142000,157375776,
4502,CRS3035RES1000mN2038000E3142000,158211204,
4503,CRS3035RES1000mN2038000E3142000,162072415,
4504,CRS3035RES1000mN2038000E3142000,162117720,91.0
4505,CRS3035RES1000mN2038000E3142000,170487273,
4506,CRS3035RES1000mN2038000E3142000,172686062,
4507,CRS3035RES1000mN2038000E3142000,174318235,
4508,CRS3035RES1000mN2038000E3142000,174318237,
4509,CRS3035RES1000mN2038000E3142000,205060159,
4510,CRS3035RES1000mN2038000E3142000,205757163,
4511,CRS3035RES1000mN2038000E3142000,221095520,
4512,CRS3035RES1000mN2038000E3142000,224503374,112.0
4513,CRS3035RES1000mN2038000E3142000,227333462,87.0
4514,CRS3035RES1000mN2038000E3142000,229117454,98.0
4515,CRS3035RES1000mN2038000E3142000,261460389,
4516,CRS3035RES1000mN2038000E3142000,283450022,99.0
4517,CRS3035RES1000mN2038000E3142000,288994040,113.0
4518,CRS3035RES1000mN2038000E3142000,296744564,
4519,CRS3035RES1000mN2038000E3142000,297526406,
4520,CRS3035RES1000mN2038000E3142000,300709861,
4521,CRS3035RES1000mN2038000E3142000,301444634,116.0
4522,CRS3035RES1000mN2038000E3142000,302721609,
4523,CRS3035RES1000mN2038000E3142000,308195630,
4524,CRS3035RES1000mN2038000E3142000,312777902,115.0
4525,CRS3035RES1000mN2038000E3142000,330154630,
4526,CRS3035RES1000mN2038000E3142000,340205456,106.0
4527,CRS3035RES1000mN2038000E3142000,367883612,
4528,CRS3035RES1000mN2038000E3142000,368211943,119.0
4529,CRS3035RES1000mN2038000E3142000,374180360,
4530,CRS3035RES1000mN2038000E3142000,375369499,89.0
4531,CRS3035RES1000mN2038000E3142000,383494544,
4532,CRS3035RES1000mN2038000E3142000,384574591,
4533,CRS3035RES1000mN2038000E3142000,403538322,
4534,CRS3035RES1000mN2038000E3142000,403859503,98.0
4535,CRS3035RES1000mN2038000E3142000,437050442,
4536,CRS3035RES1000mN2038000E3142000,459881697,78.0
4537,CRS3035RES1000mN2038000E3142000,477278425,
4538,CRS3035RES1000mN2038000E3142000,486879235,
4539,CRS3035RES1000mN2038000E3142000,493748377,
4540,CRS3035RES1000mN2038000E3142000,498234201,
4541,CRS3035RES1000mN2038000E3142000,504315026,
4542,CRS3035RES1000mN2038000E3142000,548701490,
4543,CRS3035RES1000mN2038000E3142000,574210084,
4544,CRS3035RES1000mN2038000E3142000,576094143,
4545,CRS3035RES1000mN2038000E3142000,584409067,
4546,CRS3035RES1000mN2038000E3142000,635512756,
4547,CRS3035RES1000mN2038000E3142000,638492224,
4548,CRS3035RES1000mN2038000E3142000,653913062,
4549,CRS3035RES1000mN2038000E3142000,659866770,
4550,CRS3035RES1000mN2038000E3142000,697717972,
4551,CRS3035RES1000mN2038000E3142000,717194862,
4552,CRS3035RES1000mN2038000E3142000,736899303,
4553,CRS3035RES1000mN2038000E3142000,738042217,
4554,CRS3035RES1000mN2038000E3142000,839611983,
4555,CRS3035RES1000mN2038000E3142000,957893520,108.0
4556,CRS3035RES1000mN2038000E3142000,963308110,
4557,CRS3035RES1000mN2038000E3142000,1073283182,
4558,CRS3035RES1000mN2038000E3142000,1252864015,
4559,CRS3035RES1000mN2038000E3142000,1283203658,
4560,CRS3035RES1000mN2038000E3143000,25526,112.0
4561,CRS3035RES1000mN2038000E3143000,1774,100.0
4562,CRS3035RES1000mN2038000E3143000,1770,115.0
4563,CRS3035RES1000mN2038000E3143000,1773,116.0
4564,CRS3035RES1000mN2038000E3143000,1771,81.0
4565,CRS3035RES1000mN2038000E3143000,123303,111.0
4566,CRS3035RES1000mN2038000E3143000,1764,93.0
4567,CRS3035RES1000mN2038000E3143000,181101,
4568,CRS3035RES1000mN2038000E3143000,5765642,115.0
4569,CRS3035RES1000mN2038000E3143000,86719,
4570,CRS3035RES1000mN2038000E3143000,1800,116.0
4571,CRS3035RES1000mN2038000E3143000,1757,102.0
4572,CRS3035RES1000mN2038000E3143000,1755,98.0
4573,CRS3035RES1000mN2038000E3143000,1882,83.0
4574,CRS3035RES1000mN2038000E3143000,1745,107.0
4575,CRS3035RES1000mN2038000E3143000,1794,108.0
4576,CRS3035RES1000mN2038000E3143000,1762,96.0
4577,CRS3035RES1000mN2038000E3143000,51188,99.0
4578,CRS3035RES1000mN2038000E3143000,6893633,99.0
4579,CRS3035RES1000mN2038000E3143000,167128,112.0
4580,CRS3035RES1000mN2038000E3143000,1760,104.0
4581,CRS3035RES1000mN2038000E3143000,12773298,114.0
4582,CRS3035RES1000mN2038000E3143000,1754,
4583,CRS3035RES1000mN2038000E3143000,1748,116.0
4584,CRS3035RES1000mN2038000E3143000,79941,112.0
4585,CRS3035RES1000mN2038000E3143000,1750,108.0
4586,CRS3035RES1000mN2038000E3143000,5975465,93.0
4587,CRS3035RES1000mN2038000E3143000,115056,115.0
4588,CRS3035RES1000mN2038000E3143000,1790,99.0
4589,CRS3035RES1000mN2038000E3143000,1756,106.0
4590,CRS3035RES1000mN2038000E3143000,51849,106.0
4591,CRS3035RES1000mN2038000E3143000,185595,93.0
4592,CRS3035RES1000mN2038000E3143000,7697128,89.0
4593,CRS3035RES1000mN2038000E3143000,10395362,116.0
4594,CRS3035RES1000mN2038000E3143000,1759,99.0
4595,CRS3035RES1000mN2038000E3143000,1752,105.0
4596,CRS3035RES1000mN2038000E3143000,186714,106.0
4597,CRS3035RES1000mN2038000E3143000,1753,110.0
4598,CRS3035RES1000mN2038000E3143000,1792,114.0
4599,CRS3035RES1000mN2038000E3143000,1763,95.0
4600,CRS3035RES1000mN2038000E3143000,1746,113.0
4601,CRS3035RES1000mN2038000E3143000,11572165,111.0
4602,CRS3035RES1000mN2038000E3143000,1761,105.0
4603,CRS3035RES1000mN2038000E3143000,1747,116.0
4604,CRS3035RES1000mN2038000E3143000,5768564,107.0
4605,CRS3035RES1000mN2038000E3143000,1798,91.0
4606,CRS3035RES1000mN2038000E3143000,66904,90.0
4607,CRS3035RES1000mN2038000E3143000,1777,86.0
4608,CRS3035RES1000mN2038000E3143000,1765,99.0
4609,CRS3035RES1000mN2038000E3143000,49416,116.0
4610,CRS3035RES1000mN2038000E3143000,12734939,116.0
4611,CRS3035RES1000mN2038000E3143000,167386167,90.0
4612,CRS3035RES1000mN2038000E3143000,295933804,77.0
4613,CRS3035RES1000mN2038000E3143000,303340017,85.0
4614,CRS3035RES1000mN2038000E3143000,315355551,87.0
4615,CRS3035RES1000mN2038000E3143000,339084977,93.0
4616,CRS3035RES1000mN2038000E3143000,412911553,85.0
4617,CRS3035RES1000mN2038000E3143000,558126037,104.0
4618,CRS3035RES1000mN2038000E3143000,711789768,
4619,CRS3035RES1000mN2038000E3143000,727666062,
4620,CRS3035RES1000mN2038000E3143000,848085869,
4621,CRS3035RES1000mN2038000E3143000,1056098898,98.0
4622,CRS3035RES1000mN2038000E3143000,1255438242,
4623,CRS3035RES1000mN2038000E3143000,1469985039,
4624,CRS3035RES1000mN2038000E3143000,1504302537,
4625,CRS3035RES1000mN2038000E3143000,1511617504,
4626,CRS3035RES1000mN2038000E3143000,1541601287,95.0
4627,CRS3035RES1000mN2038000E3143000,1544591296,104.0
4628,CRS3035RES1000mN2038000E3143000,1598174183,117.0
4629,CRS3035RES1000mN2038000E3143000,1629887846,
4630,CRS3035RES1000mN2038000E3143000,1686660176,118.0
4631,CRS3035RES1000mN2038000E3143000,1716927336,
4632,CRS3035RES1000mN2038000E3143000,1734554324,
4633,CRS3035RES1000mN2038000E3143000,1849109335,77.0
4634,CRS3035RES1000mN2038000E3143000,2028408680,
4635,CRS3035RES1000mN2038000E3143000,2036887702,
4636,CRS3035RES1000mN2038000E3143000,2061404218,108.0
4637,CRS3035RES1000mN2038000E3143000,2134238030,
4638,CRS3035RES1000mN2038000E3143000,2261600754,
4639,CRS3035RES1000mN2038000E3143000,2301402027,
4640,CRS3035RES1000mN2038000E3143000,2303966810,
4641,CRS3035RES1000mN2038000E3143000,2312029862,
4642,CRS3035RES1000mN2038000E3143000,2408860250,102.0
4643,CRS3035RES1000mN2038000E3143000,2620185829,91.0
4644,CRS3035RES1000mN2038000E3143000,2622508931,83.0
4645,CRS3035RES1000mN2038000E3143000,2672130951,
4646,CRS3035RES1000mN2038000E3143000,2710518818,
4647,CRS3035RES1000mN2038000E3143000,3034026261,
4648,CRS3035RES1000mN2038000E3143000,3179889751,
4649,CRS3035RES1000mN2038000E3143000,3206611978,
4650,CRS3035RES1000mN2038000E3143000,3272828439,
4651,CRS3035RES1000mN2038000E3143000,3452364276,
4652,CRS3035RES1000mN2038000E3143000,3452364277,102.0
4653,CRS3035RES1000mN2038000E3143000,3495733197,
4654,CRS3035RES1000mN2038000E3143000,3497154853,
4655,CRS3035RES1000mN2038000E3143000,3517755445,
4656,CRS3035RES1000mN2038000E3143000,3522125657,
4657,CRS3035RES1000mN2038000E3143000,3526751794,
4658,CRS3035RES1000mN2038000E3143000,3839306060,118.0
4659,CRS3035RES1000mN2038000E3143000,4214697664,90.0
4660,CRS3035RES1000mN2038000E3143000,4338252586,
4661,CRS3035RES1000mN2038000E3143000,4401271633,
4662,CRS3035RES1000mN2038000E3143000,4515476768,
4663,CRS3035RES1000mN2038000E3143000,4569910891,91.0
4664,CRS3035RES1000mN2038000E3143000,4703730491,91.0
4665,CRS3035RES1000mN2038000E3143000,4707870392,95.0
4666,CRS3035RES1000mN2038000E3143000,4789037769,
4667,CRS3035RES1000mN2038000E3143000,4794233143,
4668,CRS3035RES1000mN2038000E3143000,4870405674,108.0
4669,CRS3035RES1000mN2038000E3143000,5139379922,95.0
4670,CRS3035RES1000mN2038000E3143000,5160337425,76.0
4671,CRS3035RES1000mN2038000E3143000,5196199575,
4672,CRS3035RES1000mN2038000E3143000,5341570554,105.0
4673,CRS3035RES1000mN2038000E3143000,5345949864,
4674,CRS3035RES1000mN2038000E3143000,5448507385,
4675,CRS3035RES1000mN2038000E3143000,5604693894,
4676,CRS3035RES1000mN2038000E3143000,5670401989,
4677,CRS3035RES1000mN2038000E3143000,5942671299,
4678,CRS3035RES1000mN2038000E3143000,5943980960,110.0
4679,CRS3035RES1000mN2038000E3143000,6185791451,
4680,CRS3035RES1000mN2038000E3143000,6188948286,
4681,CRS3035RES1000mN2038000E3143000,6555800191,
4682,CRS3035RES1000mN2038000E3143000,6885254479,106.0
4683,CRS3035RES1000mN2038000E3143000,7222611268,
4684,CRS3035RES1000mN2038000E3143000,7408961006,
4685,CRS3035RES1000mN2038000E3143000,7619964683,
4686,CRS3035RES1000mN2038000E3143000,7836562695,
4687,CRS3035RES1000mN2038000E3143000,8493729364,96.0
4688,CRS3035RES1000mN2038000E3143000,8557885377,103.0
4689,CRS3035RES1000mN2038000E3143000,8807212208,93.0
4690,CRS3035RES1000mN2038000E3143000,8844229173,96.0
4691,CRS3035RES1000mN2038000E3143000,8878422600,82.0
4692,CRS3035RES1000mN2038000E3143000,9595709188,105.0
4693,CRS3035RES1000mN2038000E3143000,9611387099,99.0
4694,CRS3035RES1000mN2038000E3143000,9712656915,75.0
4695,CRS3035RES1000mN2038000E3143000,9713142744,95.0
4696,CRS3035RES1000mN2038000E3143000,9815746657,
4697,CRS3035RES1000mN2038000E3143000,10004871512,
4698,CRS3035RES1000mN2038000E3143000,10281174134,
4699,CRS3035RES1000mN2038000E3143000,10580337411,
4700,CRS3035RES1000mN2038000E3143000,10899442604,
4701,CRS3035RES1000mN2038000E3143000,10922657146,
4702,CRS3035RES1000mN2038000E3143000,11127499928,
4703,CRS3035RES1000mN2038000E3143000,11143725881,75.0
4704,CRS3035RES1000mN2038000E3143000,11243087140,114.0
4705,CRS3035RES1000mN2038000E3143000,11269399969,74.0
4706,CRS3035RES1000mN2038000E3143000,11287269362,
4707,CRS3035RES1000mN2038000E3143000,11287269363,
4708,CRS3035RES1000mN2038000E3143000,11369705764,
4709,CRS3035RES1000mN2038000E3143000,11387776374,
4710,CRS3035RES1000mN2038000E3143000,11461799040,
4711,CRS3035RES1000mN2038000E3143000,11462802981,111.0
4712,CRS3035RES1000mN2038000E3143000,11652077658,82.0
4713,CRS3035RES1000mN2038000E3143000,11691390164,82.0
4714,CRS3035RES1000mN2038000E3143000,11739757462,
4715,CRS3035RES1000mN2038000E3143000,12178446726,108.0
4716,CRS3035RES1000mN2038000E3143000,12407425114,94.0
4717,CRS3035RES1000mN2038000E3143000,12865480228,119.0
4718,CRS3035RES1000mN2038000E3143000,2960630,
4719,CRS3035RES1000mN2038000E3143000,3554044,
4720,CRS3035RES1000mN2038000E3143000,3557906,
4721,CRS3035RES1000mN2038000E3143000,5231361,76.0
4722,CRS3035RES1000mN2038000E3143000,9314566,
4723,CRS3035RES1000mN2038000E3143000,13696257,58.0
4724,CRS3035RES1000mN2038000E3143000,15996131,85.0
4725,CRS3035RES1000mN2038000E3143000,23526191,110.0
4726,CRS3035RES1000mN2038000E3143000,23545719,112.0
4727,CRS3035RES1000mN2038000E3143000,30599279,
4728,CRS3035RES1000mN2038000E3143000,30649229,73.0
4729,CRS3035RES1000mN2038000E3143000,32198651,
4730,CRS3035RES1000mN2038000E3143000,34945111,
4731,CRS3035RES1000mN2038000E3143000,50170625,
4732,CRS3035RES1000mN2038000E3143000,82887228,105.0
4733,CRS3035RES1000mN2038000E3143000,92484952,65.0
4734,CRS3035RES1000mN2038000E3143000,95794713,
4735,CRS3035RES1000mN2038000E3143000,96418670,
4736,CRS3035RES1000mN2038000E3143000,98502686,67.0
4737,CRS3035RES1000mN2038000E3143000,132613257,
4738,CRS3035RES1000mN2038000E3143000,135036040,
4739,CRS3035RES1000mN2038000E3143000,150772489,90.0
4740,CRS3035RES1000mN2038000E3143000,154118456,84.0
4741,CRS3035RES1000mN2038000E3143000,157375776,
4742,CRS3035RES1000mN2038000E3143000,158211204,
4743,CRS3035RES1000mN2038000E3143000,162072415,
4744,CRS3035RES1000mN2038000E3143000,162117720,84.0
4745,CRS3035RES1000mN2038000E3143000,170487273,
4746,CRS3035RES1000mN2038000E3143000,172686062,
4747,CRS3035RES1000mN2038000E3143000,174318235,
4748,CRS3035RES1000mN2038000E3143000,174318237,
4749,CRS3035RES1000mN2038000E3143000,205060159,
4750,CRS3035RES1000mN2038000E3143000,205757163,
4751,CRS3035RES1000mN2038000E3143000,221095520,
4752,CRS3035RES1000mN2038000E3143000,224503374,99.0
4753,CRS3035RES1000mN2038000E3143000,227333462,87.0
4754,CRS3035RES1000mN2038000E3143000,229117454,74.0
4755,CRS3035RES1000mN2038000E3143000,261460389,
4756,CRS3035RES1000mN2038000E3143000,283450022,86.0
4757,CRS3035RES1000mN2038000E3143000,288994040,97.0
4758,CRS3035RES1000mN2038000E3143000,296744564,
4759,CRS3035RES1000mN2038000E3143000,297526406,
4760,CRS3035RES1000mN2038000E3143000,300709861,
4761,CRS3035RES1000mN2038000E3143000,301444634,115.0
4762,CRS3035RES1000mN2038000E3143000,302721609,
4763,CRS3035RES1000mN2038000E3143000,308195630,109.0
4764,CRS3035RES1000mN2038000E3143000,312777902,99.0
4765,CRS3035RES1000mN2038000E3143000,330154630,
4766,CRS3035RES1000mN2038000E3143000,340205456,92.0
4767,CRS3035RES1000mN2038000E3143000,367883612,99.0
4768,CRS3035RES1000mN2038000E3143000,368211943,94.0
4769,CRS3035RES1000mN2038000E3143000,374180360,
4770,CRS3035RES1000mN2038000E3143000,375369499,78.0
4771,CRS3035RES1000mN2038000E3143000,383494544,101.0
4772,CRS3035RES1000mN2038000E3143000,384574591,
4773,CRS3035RES1000mN2038000E3143000,403538322,
4774,CRS3035RES1000mN2038000E3143000,403859503,85.0
4775,CRS3035RES1000mN2038000E3143000,437050442,
4776,CRS3035RES1000mN2038000E3143000,459881697,75.0
4777,CRS3035RES1000mN2038000E3143000,477278425,
4778,CRS3035RES1000mN2038000E3143000,486879235,
4779,CRS3035RES1000mN2038000E3143000,493748377,118.0
4780,CRS3035RES1000mN2038000E3143000,498234201,
4781,CRS3035RES1000mN2038000E3143000,504315026,
4782,CRS3035RES1000mN2038000E3143000,548701490,
4783,CRS3035RES1000mN2038000E3143000,574210084,91.0
4784,CRS3035RES1000mN2038000E3143000,576094143,
4785,CRS3035RES1000mN2038000E3143000,584409067,
4786,CRS3035RES1000mN2038000E3143000,635512756,
4787,CRS3035RES1000mN2038000E3143000,638492224,
4788,CRS3035RES1000mN2038000E3143000,653913062,
4789,CRS3035RES1000mN2038000E3143000,659866770,
4790,CRS3035RES1000mN2038000E3143000,697717972,
4791,CRS3035RES1000mN2038000E3143000,717194862,
4792,CRS3035RES1000mN2038000E3143000,736899303,
4793,CRS3035RES1000mN2038000E3143000,738042217,
4794,CRS3035RES1000mN2038000E3143000,839611983,
4795,CRS3035RES1000mN2038000E3143000,957893520,94.0
4796,CRS3035RES1000mN2038000E3143000,963308110,
4797,CRS3035RES1000mN2038000E3143000,1073283182,
4798,CRS3035RES1000mN2038000E3143000,1252864015,115.0
4799,CRS3035RES1000mN2038000E3143000,1283203658,
4800,CRS3035RES1000mN2038000E3144000,25526,90.0
4801,CRS3035RES1000mN2038000E3144000,1774,81.0
4802,CRS3035RES1000mN2038000E3144000,1770,94.0
4803,CRS3035RES1000mN2038000E3144000,1773,95.0
4804,CRS3035RES1000mN2038000E3144000,1771,60.0
4805,CRS3035RES1000mN2038000E3144000,123303,92.0
4806,CRS3035RES1000mN2038000E3144000,1764,72.0
4807,CRS3035RES1000mN2038000E3144000,181101,101.0
4808,CRS3035RES1000mN2038000E3144000,5765642,94.0
4809,CRS3035RES1000mN2038000E3144000,86719,104.0
4810,CRS3035RES1000mN2038000E3144000,1800,95.0
4811,CRS3035RES1000mN2038000E3144000,1757,81.0
4812,CRS3035RES1000mN2038000E3144000,1755,80.0
4813,CRS3035RES1000mN2038000E3144000,1882,62.0
4814,CRS3035RES1000mN2038000E3144000,1745,85.0
4815,CRS3035RES1000mN2038000E3144000,1794,86.0
4816,CRS3035RES1000mN2038000E3144000,1762,75.0
4817,CRS3035RES1000mN2038000E3144000,51188,81.0
4818,CRS3035RES1000mN2038000E3144000,6893633,78.0
4819,CRS3035RES1000mN2038000E3144000,167128,91.0
4820,CRS3035RES1000mN2038000E3144000,1760,83.0
4821,CRS3035RES1000mN2038000E3144000,12773298,93.0
4822,CRS3035RES1000mN2038000E3144000,1754,104.0
4823,CRS3035RES1000mN2038000E3144000,1748,96.0
4824,CRS3035RES1000mN2038000E3144000,79941,86.0
4825,CRS3035RES1000mN2038000E3144000,1750,86.0
4826,CRS3035RES1000mN2038000E3144000,5975465,72.0
4827,CRS3035RES1000mN2038000E3144000,115056,93.0
4828,CRS3035RES1000mN2038000E3144000,1790,81.0
4829,CRS3035RES1000mN2038000E3144000,1756,87.0
4830,CRS3035RES1000mN2038000E3144000,51849,84.0
4831,CRS3035RES1000mN2038000E3144000,185595,72.0
4832,CRS3035RES1000mN2038000E3144000,7697128,68.0
4833,CRS3035RES1000mN2038000E3144000,10395362,97.0
4834,CRS3035RES1000mN2038000E3144000,1759,84.0
4835,CRS3035RES1000mN2038000E3144000,1752,84.0
4836,CRS3035RES1000mN2038000E3144000,186714,84.0
4837,CRS3035RES1000mN2038000E3144000,1753,88.0
4838,CRS3035RES1000mN2038000E3144000,1792,96.0
4839,CRS3035RES1000mN2038000E3144000,1763,79.0
4840,CRS3035RES1000mN2038000E3144000,1746,91.0
4841,CRS3035RES1000mN2038000E3144000,11572165,97.0
4842,CRS3035RES1000mN2038000E3144000,1761,83.0
4843,CRS3035RES1000mN2038000E3144000,1747,95.0
4844,CRS3035RES1000mN2038000E3144000,5768564,85.0
4845,CRS3035RES1000mN2038000E3144000,1798,71.0
4846,CRS3035RES1000mN2038000E3144000,66904,84.0
4847,CRS3035RES1000mN2038000E3144000,1777,65.0
4848,CRS3035RES1000mN2038000E3144000,1765,78.0
4849,CRS3035RES1000mN2038000E3144000,49416,96.0
4850,CRS3035RES1000mN2038000E3144000,12734939,96.0
4851,CRS3035RES1000mN2038000E3144000,167386167,69.0
4852,CRS3035RES1000mN2038000E3144000,295933804,59.0
4853,CRS3035RES1000mN2038000E3144000,303340017,62.0
4854,CRS3035RES1000mN2038000E3144000,315355551,69.0
4855,CRS3035RES1000mN2038000E3144000,339084977,77.0
4856,CRS3035RES1000mN2038000E3144000,412911553,65.0
4857,CRS3035RES1000mN2038000E3144000,558126037,93.0
4858,CRS3035RES1000mN2038000E3144000,711789768,
4859,CRS3035RES1000mN2038000E3144000,727666062,
4860,CRS3035RES1000mN2038000E3144000,848085869,111.0
4861,CRS3035RES1000mN2038000E3144000,1056098898,77.0
4862,CRS3035RES1000mN2038000E3144000,1255438242,
4863,CRS3035RES1000mN2038000E3144000,1469985039,109.0
4864,CRS3035RES1000mN2038000E3144000,1504302537,
4865,CRS3035RES1000mN2038000E3144000,1511617504,116.0
4866,CRS3035RES1000mN2038000E3144000,1541601287,62.0
4867,CRS3035RES1000mN2038000E3144000,1544591296,90.0
4868,CRS3035RES1000mN2038000E3144000,1598174183,88.0
4869,CRS3035RES1000mN2038000E3144000,1629887846,94.0
4870,CRS3035RES1000mN2038000E3144000,1686660176,96.0
4871,CRS3035RES1000mN2038000E3144000,1716927336,
4872,CRS3035RES1000mN2038000E3144000,1734554324,97.0
4873,CRS3035RES1000mN2038000E3144000,1849109335,67.0
4874,CRS3035RES1000mN2038000E3144000,2028408680,
4875,CRS3035RES1000mN2038000E3144000,2036887702,
4876,CRS3035RES1000mN2038000E3144000,2061404218,103.0
4877,CRS3035RES1000mN2038000E3144000,2134238030,99.0
4878,CRS3035RES1000mN2038000E3144000,2261600754,
4879,CRS3035RES1000mN2038000E3144000,2301402027,104.0
4880,CRS3035RES1000mN2038000E3144000,2303966810,
4881,CRS3035RES1000mN2038000E3144000,2312029862,91.0
4882,CRS3035RES1000mN2038000E3144000,2408860250,86.0
4883,CRS3035RES1000mN2038000E3144000,2620185829,70.0
4884,CRS3035RES1000mN2038000E3144000,2622508931,61.0
4885,CRS3035RES1000mN2038000E3144000,2672130951,
4886,CRS3035RES1000mN2038000E3144000,2710518818,112.0
4887,CRS3035RES1000mN2038000E3144000,3034026261,
4888,CRS3035RES1000mN2038000E3144000,3179889751,
4889,CRS3035RES1000mN2038000E3144000,3206611978,
4890,CRS3035RES1000mN2038000E3144000,3272828439,
4891,CRS3035RES1000mN2038000E3144000,3452364276,97.0
4892,CRS3035RES1000mN2038000E3144000,3452364277,81.0
4893,CRS3035RES1000mN2038000E3144000,3495733197,
4894,CRS3035RES1000mN2038000E3144000,3497154853,
4895,CRS3035RES1000mN2038000E3144000,3517755445,
4896,CRS3035RES1000mN2038000E3144000,3522125657,
4897,CRS3035RES1000mN2038000E3144000,3526751794,
4898,CRS3035RES1000mN2038000E3144000,3839306060,95.0
4899,CRS3035RES1000mN2038000E3144000,4214697664,69.0
4900,CRS3035RES1000mN2038000E3144000,4338252586,
4901,CRS3035RES1000mN2038000E3144000,4401271633,
4902,CRS3035RES1000mN2038000E3144000,4515476768,
4903,CRS3035RES1000mN2038000E3144000,4569910891,70.0
4904,CRS3035RES1000mN2038000E3144000,4703730491,76.0
4905,CRS3035RES1000mN2038000E3144000,4707870392,73.0
4906,CRS3035RES1000mN2038000E3144000,4789037769,
4907,CRS3035RES1000mN2038000E3144000,4794233143,
4908,CRS3035RES1000mN2038000E3144000,4870405674,86.0
4909,CRS3035RES1000mN2038000E3144000,5139379922,92.0
4910,CRS3035RES1000mN2038000E3144000,5160337425,55.0
4911,CRS3035RES1000mN2038000E3144000,5196199575,104.0
4912,CRS3035RES1000mN2038000E3144000,5341570554,83.0
4913,CRS3035RES1000mN2038000E3144000,5345949864,110.0
4914,CRS3035RES1000mN2038000E3144000,5448507385,
4915,CRS3035RES1000mN2038000E3144000,5604693894,
4916,CRS3035RES1000mN2038000E3144000,5670401989,97.0
4917,CRS3035RES1000mN2038000E3144000,5942671299,113.0
4918,CRS3035RES1000mN2038000E3144000,5943980960,84.0
4919,CRS3035RES1000mN2038000E3144000,6185791451,
4920,CRS3035RES1000mN2038000E3144000,6188948286,114.0
4921,CRS3035RES1000mN2038000E3144000,6555800191,106.0
4922,CRS3035RES1000mN2038000E3144000,6885254479,95.0
4923,CRS3035RES1000mN2038000E3144000,7222611268,
4924,CRS3035RES1000mN2038000E3144000,7408961006,
4925,CRS3035RES1000mN2038000E3144000,7619964683,
4926,CRS3035RES1000mN2038000E3144000,7836562695,114.0
4927,CRS3035RES1000mN2038000E3144000,8493729364,75.0
4928,CRS3035RES1000mN2038000E3144000,8557885377,78.0
4929,CRS3035RES1000mN2038000E3144000,8807212208,72.0
4930,CRS3035RES1000mN2038000E3144000,8844229173,75.0
4931,CRS3035RES1000mN2038000E3144000,8878422600,57.0
4932,CRS3035RES1000mN2038000E3144000,9595709188,86.0
4933,CRS3035RES1000mN2038000E3144000,9611387099,80.0
4934,CRS3035RES1000mN2038000E3144000,9712656915,54.0
4935,CRS3035RES1000mN2038000E3144000,9713142744,75.0
4936,CRS3035RES1000mN2038000E3144000,9815746657,
4937,CRS3035RES1000mN2038000E3144000,10004871512,91.0
4938,CRS3035RES1000mN2038000E3144000,10281174134,
4939,CRS3035RES1000mN2038000E3144000,10580337411,99.0
4940,CRS3035RES1000mN2038000E3144000,10899442604,
4941,CRS3035RES1000mN2038000E3144000,10922657146,113.0
4942,CRS3035RES1000mN2038000E3144000,11127499928,100.0
4943,CRS3035RES1000mN2038000E3144000,11143725881,70.0
4944,CRS3035RES1000mN2038000E3144000,11243087140,103.0
4945,CRS3035RES1000mN2038000E3144000,11269399969,55.0
4946,CRS3035RES1000mN2038000E3144000,11287269362,95.0
4947,CRS3035RES1000mN2038000E3144000,11287269363,115.0
4948,CRS3035RES1000mN2038000E3144000,11369705764,106.0
4949,CRS3035RES1000mN2038000E3144000,11387776374,104.0
4950,CRS3035RES1000mN2038000E3144000,11461799040,
4951,CRS3035RES1000mN2038000E3144000,11462802981,91.0
4952,CRS3035RES1000mN2038000E3144000,11652077658,72.0
4953,CRS3035RES1000mN2038000E3144000,11691390164,62.0
4954,CRS3035RES1000mN2038000E3144000,11739757462,102.0
4955,CRS3035RES1000mN2038000E3144000,12178446726,88.0
4956,CRS3035RES1000mN2038000E3144000,12407425114,58.0
4957,CRS3035RES1000mN2038000E3144000,12865480228,96.0
4958,CRS3035RES1000mN2038000E3144000,2960630,109.0
4959,CRS3035RES1000mN2038000E3144000,3554044,113.0
4960,CRS3035RES1000mN2038000E3144000,3557906,109.0
4961,CRS3035RES1000mN2038000E3144000,5231361,57.0
4962,CRS3035RES1000mN2038000E3144000,9314566,
4963,CRS3035RES1000mN2038000E3144000,13696257,40.0
4964,CRS3035RES1000mN2038000E3144000,15996131,64.0
4965,CRS3035RES1000mN2038000E3144000,23526191,88.0
4966,CRS3035RES1000mN2038000E3144000,23545719,90.0
4967,CRS3035RES1000mN2038000E3144000,30599279,105.0
4968,CRS3035RES1000mN2038000E3144000,30649229,54.0
4969,CRS3035RES1000mN2038000E3144000,32198651,
4970,CRS3035RES1000mN2038000E3144000,34945111,110.0
4971,CRS3035RES1000mN2038000E3144000,50170625,
4972,CRS3035RES1000mN2038000E3144000,82887228,89.0
4973,CRS3035RES1000mN2038000E3144000,92484952,46.0
4974,CRS3035RES1000mN2038000E3144000,95794713,102.0
4975,CRS3035RES1000mN2038000E3144000,96418670,
4976,CRS3035RES1000mN2038000E3144000,98502686,49.0
4977,CRS3035RES1000mN2038000E3144000,132613257,98.0
4978,CRS3035RES1000mN2038000E3144000,135036040,97.0
4979,CRS3035RES1000mN2038000E3144000,150772489,70.0
4980,CRS3035RES1000mN2038000E3144000,154118456,81.0
4981,CRS3035RES1000mN2038000E3144000,157375776,97.0
4982,CRS3035RES1000mN2038000E3144000,158211204,104.0
4983,CRS3035RES1000mN2038000E3144000,162072415,101.0
4984,CRS3035RES1000mN2038000E3144000,162117720,57.0
4985,CRS3035RES1000mN2038000E3144000,170487273,
4986,CRS3035RES1000mN2038000E3144000,172686062,106.0
4987,CRS3035RES1000mN2038000E3144000,174318235,114.0
4988,CRS3035RES1000mN2038000E3144000,174318237,116.0
4989,CRS3035RES1000mN2038000E3144000,205060159,
4990,CRS3035RES1000mN2038000E3144000,205757163,
4991,CRS3035RES1000mN2038000E3144000,221095520,102.0
4992,CRS3035RES1000mN2038000E3144000,224503374,78.0
4993,CRS3035RES1000mN2038000E3144000,227333462,46.0
4994,CRS3035RES1000mN2038000E3144000,229117454,69.0
4995,CRS3035RES1000mN2038000E3144000,261460389,
4996,CRS3035RES1000mN2038000E3144000,283450022,64.0
4997,CRS3035RES1000mN2038000E3144000,288994040,77.0
4998,CRS3035RES1000mN2038000E3144000,296744564,
4999,CRS3035RES1000mN2038000E3144000,297526406,98.0
5000,CRS3035RES1000mN2038000E3144000,300709861,
5001,CRS3035RES1000mN2038000E3144000,301444634,77.0
5002,CRS3035RES1000mN2038000E3144000,302721609,
5003,CRS3035RES1000mN2038000E3144000,308195630,84.0
5004,CRS3035RES1000mN2038000E3144000,312777902,80.0
5005,CRS3035RES1000mN2038000E3144000,330154630,
5006,CRS3035RES1000mN2038000E3144000,340205456,71.0
5007,CRS3035RES1000mN2038000E3144000,367883612,85.0
5008,CRS3035RES1000mN2038000E3144000,368211943,82.0
5009,CRS3035RES1000mN2038000E3144000,374180360,97.0
5010,CRS3035RES1000mN2038000E3144000,375369499,75.0
5011,CRS3035RES1000mN2038000E3144000,383494544,86.0
5012,CRS3035RES1000mN2038000E3144000,384574591,108.0
5013,CRS3035RES1000mN2038000E3144000,403538322,113.0
5014,CRS3035RES1000mN2038000E3144000,403859503,64.0
5015,CRS3035RES1000mN2038000E3144000,437050442,119.0
5016,CRS3035RES1000mN2038000E3144000,459881697,47.0
5017,CRS3035RES1000mN2038000E3144000,477278425,
5018,CRS3035RES1000mN2038000E3144000,486879235,
5019,CRS3035RES1000mN2038000E3144000,493748377,98.0
5020,CRS3035RES1000mN2038000E3144000,498234201,117.0
5021,CRS3035RES1000mN2038000E3144000,504315026,97.0
5022,CRS3035RES1000mN2038000E3144000,548701490,
5023,CRS3035RES1000mN2038000E3144000,574210084,67.0
5024,CRS3035RES1000mN2038000E3144000,576094143,104.0
5025,CRS3035RES1000mN2038000E3144000,584409067,
5026,CRS3035RES1000mN2038000E3144000,635512756,98.0
5027,CRS3035RES1000mN2038000E3144000,638492224,
5028,CRS3035RES1000mN2038000E3144000,653913062,100.0
5029,CRS3035RES1000mN2038000E3144000,659866770,
5030,CRS3035RES1000mN2038000E3144000,697717972,107.0
5031,CRS3035RES1000mN2038000E3144000,717194862,
5032,CRS3035RES1000mN2038000E3144000,736899303,
5033,CRS3035RES1000mN2038000E3144000,738042217,
5034,CRS3035RES1000mN2038000E3144000,839611983,
5035,CRS3035RES1000mN2038000E3144000,957893520,73.0
5036,CRS3035RES1000mN2038000E3144000,963308110,105.0
5037,CRS3035RES1000mN2038000E3144000,1073283182,
5038,CRS3035RES1000mN2038000E3144000,1252864015,88.0
5039,CRS3035RES1000mN2038000E3144000,1283203658,
5040,CRS3035RES1000mN2038000E3145000,25526,79.0
5041,CRS3035RES1000mN2038000E3145000,1774,69.0
5042,CRS3035RES1000mN2038000E3145000,1770,81.0
5043,CRS3035RES1000mN2038000E3145000,1773,83.0
5044,CRS3035RES1000mN2038000E3145000,1771,48.0
5045,CRS3035RES1000mN2038000E3145000,123303,80.0
5046,CRS3035RES1000mN2038000E3145000,1764,60.0
5047,CRS3035RES1000mN2038000E3145000,181101,88.0
5048,CRS3035RES1000mN2038000E3145000,5765642,79.0
5049,CRS3035RES1000mN2038000E3145000,86719,92.0
5050,CRS3035RES1000mN2038000E3145000,1800,83.0
5051,CRS3035RES1000mN2038000E3145000,1757,69.0
5052,CRS3035RES1000mN2038000E3145000,1755,69.0
5053,CRS3035RES1000mN2038000E3145000,1882,50.0
5054,CRS3035RES1000mN2038000E3145000,1745,75.0
5055,CRS3035RES1000mN2038000E3145000,1794,74.0
5056,CRS3035RES1000mN2038000E3145000,1762,63.0
5057,CRS3035RES1000mN2038000E3145000,51188,67.0
5058,CRS3035RES1000mN2038000E3145000,6893633,67.0
5059,CRS3035RES1000mN2038000E3145000,167128,79.0
5060,CRS3035RES1000mN2038000E3145000,1760,71.0
5061,CRS3035RES1000mN2038000E3145000,12773298,81.0
5062,CRS3035RES1000mN2038000E3145000,1754,92.0
5063,CRS3035RES1000mN2038000E3145000,1748,84.0
5064,CRS3035RES1000mN2038000E3145000,79941,80.0
5065,CRS3035RES1000mN2038000E3145000,1750,75.0
5066,CRS3035RES1000mN2038000E3145000,5975465,60.0
5067,CRS3035RES1000mN2038000E3145000,115056,82.0
5068,CRS3035RES1000mN2038000E3145000,1790,66.0
5069,CRS3035RES1000mN2038000E3145000,1756,74.0
5070,CRS3035RES1000mN2038000E3145000,51849,73.0
5071,CRS3035RES1000mN2038000E3145000,185595,60.0
5072,CRS3035RES1000mN2038000E3145000,7697128,57.0
5073,CRS3035RES1000mN2038000E3145000,10395362,85.0
5074,CRS3035RES1000mN2038000E3145000,1759,69.0
5075,CRS3035RES1000mN2038000E3145000,1752,73.0
5076,CRS3035RES1000mN2038000E3145000,186714,73.0
5077,CRS3035RES1000mN2038000E3145000,1753,77.0
5078,CRS3035RES1000mN2038000E3145000,1792,82.0
5079,CRS3035RES1000mN2038000E3145000,1763,69.0
5080,CRS3035RES1000mN2038000E3145000,1746,80.0
5081,CRS3035RES1000mN2038000E3145000,11572165,84.0
5082,CRS3035RES1000mN2038000E3145000,1761,72.0
5083,CRS3035RES1000mN2038000E3145000,1747,84.0
5084,CRS3035RES1000mN2038000E3145000,5768564,73.0
5085,CRS3035RES1000mN2038000E3145000,1798,59.0
5086,CRS3035RES1000mN2038000E3145000,66904,68.0
5087,CRS3035RES1000mN2038000E3145000,1777,53.0
5088,CRS3035RES1000mN2038000E3145000,1765,65.0
5089,CRS3035RES1000mN2038000E3145000,49416,83.0
5090,CRS3035RES1000mN2038000E3145000,12734939,83.0
5091,CRS3035RES1000mN2038000E3145000,167386167,58.0
5092,CRS3035RES1000mN2038000E3145000,295933804,54.0
5093,CRS3035RES1000mN2038000E3145000,303340017,45.0
5094,CRS3035RES1000mN2038000E3145000,315355551,54.0
5095,CRS3035RES1000mN2038000E3145000,339084977,74.0
5096,CRS3035RES1000mN2038000E3145000,412911553,50.0
5097,CRS3035RES1000mN2038000E3145000,558126037,75.0
5098,CRS3035RES1000mN2038000E3145000,711789768,116.0
5099,CRS3035RES1000mN2038000E3145000,727666062,
5100,CRS3035RES1000mN2038000E3145000,848085869,88.0
5101,CRS3035RES1000mN2038000E3145000,1056098898,64.0
5102,CRS3035RES1000mN2038000E3145000,1255438242,115.0
5103,CRS3035RES1000mN2038000E3145000,1469985039,95.0
5104,CRS3035RES1000mN2038000E3145000,1504302537,
5105,CRS3035RES1000mN2038000E3145000,1511617504,105.0
5106,CRS3035RES1000mN2038000E3145000,1541601287,54.0
5107,CRS3035RES1000mN2038000E3145000,1544591296,77.0
5108,CRS3035RES1000mN2038000E3145000,1598174183,83.0
5109,CRS3035RES1000mN2038000E3145000,1629887846,89.0
5110,CRS3035RES1000mN2038000E3145000,1686660176,85.0
5111,CRS3035RES1000mN2038000E3145000,1716927336,100.0
5112,CRS3035RES1000mN2038000E3145000,1734554324,92.0
5113,CRS3035RES1000mN2038000E3145000,1849109335,50.0
5114,CRS3035RES1000mN2038000E3145000,2028408680,115.0
5115,CRS3035RES1000mN2038000E3145000,2036887702,
5116,CRS3035RES1000mN2038000E3145000,2061404218,85.0
5117,CRS3035RES1000mN2038000E3145000,2134238030,94.0
5118,CRS3035RES1000mN2038000E3145000,2261600754,
5119,CRS3035RES1000mN2038000E3145000,2301402027,93.0
5120,CRS3035RES1000mN2038000E3145000,2303966810,114.0
5121,CRS3035RES1000mN2038000E3145000,2312029862,86.0
5122,CRS3035RES1000mN2038000E3145000,2408860250,75.0
5123,CRS3035RES1000mN2038000E3145000,2620185829,57.0
5124,CRS3035RES1000mN2038000E3145000,2622508931,49.0
5125,CRS3035RES1000mN2038000E3145000,2672130951,
5126,CRS3035RES1000mN2038000E3145000,2710518818,107.0
5127,CRS3035RES1000mN2038000E3145000,3034026261,
5128,CRS3035RES1000mN2038000E3145000,3179889751,105.0
5129,CRS3035RES1000mN2038000E3145000,3206611978,
5130,CRS3035RES1000mN2038000E3145000,3272828439,104.0
5131,CRS3035RES1000mN2038000E3145000,3452364276,87.0
5132,CRS3035RES1000mN2038000E3145000,3452364277,68.0
5133,CRS3035RES1000mN2038000E3145000,3495733197,
5134,CRS3035RES1000mN2038000E3145000,3497154853,
5135,CRS3035RES1000mN2038000E3145000,3517755445,
5136,CRS3035RES1000mN2038000E3145000,3522125657,
5137,CRS3035RES1000mN2038000E3145000,3526751794,91.0
5138,CRS3035RES1000mN2038000E3145000,3839306060,87.0
5139,CRS3035RES1000mN2038000E3145000,4214697664,57.0
5140,CRS3035RES1000mN2038000E3145000,4338252586,79.0
5141,CRS3035RES1000mN2038000E3145000,4401271633,
5142,CRS3035RES1000mN2038000E3145000,4515476768,
5143,CRS3035RES1000mN2038000E3145000,4569910891,59.0
5144,CRS3035RES1000mN2038000E3145000,4703730491,60.0
5145,CRS3035RES1000mN2038000E3145000,4707870392,65.0
5146,CRS3035RES1000mN2038000E3145000,4789037769,119.0
5147,CRS3035RES1000mN2038000E3145000,4794233143,
5148,CRS3035RES1000mN2038000E3145000,4870405674,74.0
5149,CRS3035RES1000mN2038000E3145000,5139379922,92.0
5150,CRS3035RES1000mN2038000E3145000,5160337425,42.0
5151,CRS3035RES1000mN2038000E3145000,5196199575,74.0
5152,CRS3035RES1000mN2038000E3145000,5341570554,72.0
5153,CRS3035RES1000mN2038000E3145000,5345949864,109.0
5154,CRS3035RES1000mN2038000E3145000,5448507385,
5155,CRS3035RES1000mN2038000E3145000,5604693894,76.0
5156,CRS3035RES1000mN2038000E3145000,5670401989,71.0
5157,CRS3035RES1000mN2038000E3145000,5942671299,104.0
5158,CRS3035RES1000mN2038000E3145000,5943980960,80.0
5159,CRS3035RES1000mN2038000E3145000,6185791451,
5160,CRS3035RES1000mN2038000E3145000,6188948286,100.0
5161,CRS3035RES1000mN2038000E3145000,6555800191,94.0
5162,CRS3035RES1000mN2038000E3145000,6885254479,79.0
5163,CRS3035RES1000mN2038000E3145000,7222611268,
5164,CRS3035RES1000mN2038000E3145000,7408961006,
5165,CRS3035RES1000mN2038000E3145000,7619964683,116.0
5166,CRS3035RES1000mN2038000E3145000,7836562695,93.0
5167,CRS3035RES1000mN2038000E3145000,8493729364,63.0
5168,CRS3035RES1000mN2038000E3145000,8557885377,73.0
5169,CRS3035RES1000mN2038000E3145000,8807212208,60.0
5170,CRS3035RES1000mN2038000E3145000,8844229173,62.0
5171,CRS3035RES1000mN2038000E3145000,8878422600,43.0
5172,CRS3035RES1000mN2038000E3145000,9595709188,73.0
5173,CRS3035RES1000mN2038000E3145000,9611387099,68.0
5174,CRS3035RES1000mN2038000E3145000,9712656915,42.0
5175,CRS3035RES1000mN2038000E3145000,9713142744,62.0
5176,CRS3035RES1000mN2038000E3145000,9815746657,
5177,CRS3035RES1000mN2038000E3145000,10004871512,86.0
5178,CRS3035RES1000mN2038000E3145000,10281174134,
5179,CRS3035RES1000mN2038000E3145000,10580337411,91.0
5180,CRS3035RES1000mN2038000E3145000,10899442604,107.0
5181,CRS3035RES1000mN2038000E3145000,10922657146,101.0
5182,CRS3035RES1000mN2038000E3145000,11127499928,91.0
5183,CRS3035RES1000mN2038000E3145000,11143725881,60.0
5184,CRS3035RES1000mN2038000E3145000,11243087140,87.0
5185,CRS3035RES1000mN2038000E3145000,11269399969,39.0
5186,CRS3035RES1000mN2038000E3145000,11287269362,90.0
5187,CRS3035RES1000mN2038000E3145000,11287269363,99.0
5188,CRS3035RES1000mN2038000E3145000,11369705764,97.0
5189,CRS3035RES1000mN2038000E3145000,11387776374,92.0
5190,CRS3035RES1000mN2038000E3145000,11461799040,
5191,CRS3035RES1000mN2038000E3145000,11462802981,78.0
5192,CRS3035RES1000mN2038000E3145000,11652077658,55.0
5193,CRS3035RES1000mN2038000E3145000,11691390164,48.0
5194,CRS3035RES1000mN2038000E3145000,11739757462,90.0
5195,CRS3035RES1000mN2038000E3145000,12178446726,76.0
5196,CRS3035RES1000mN2038000E3145000,12407425114,51.0
5197,CRS3035RES1000mN2038000E3145000,12865480228,88.0
5198,CRS3035RES1000mN2038000E3145000,2960630,98.0
5199,CRS3035RES1000mN2038000E3145000,3554044,104.0
5200,CRS3035RES1000mN2038000E3145000,3557906,97.0
5201,CRS3035RES1000mN2038000E3145000,5231361,41.0
5202,CRS3035RES1000mN2038000E3145000,9314566,119.0
5203,CRS3035RES1000mN2038000E3145000,13696257,32.0
5204,CRS3035RES1000mN2038000E3145000,15996131,52.0
5205,CRS3035RES1000mN2038000E3145000,23526191,76.0
5206,CRS3035RES1000mN2038000E3145000,23545719,79.0
5207,CRS3035RES1000mN2038000E3145000,30599279,92.0
5208,CRS3035RES1000mN2038000E3145000,30649229,38.0
5209,CRS3035RES1000mN2038000E3145000,32198651,
5210,CRS3035RES1000mN2038000E3145000,34945111,99.0
5211,CRS3035RES1000mN2038000E3145000,50170625,101.0
5212,CRS3035RES1000mN2038000E3145000,82887228,74.0
5213,CRS3035RES1000mN2038000E3145000,92484952,30.0
5214,CRS3035RES1000mN2038000E3145000,95794713,89.0
5215,CRS3035RES1000mN2038000E3145000,96418670,111.0
5216,CRS3035RES1000mN2038000E3145000,98502686,31.0
5217,CRS3035RES1000mN2038000E3145000,132613257,88.0
5218,CRS3035RES1000mN2038000E3145000,135036040,92.0
5219,CRS3035RES1000mN2038000E3145000,150772489,55.0
5220,CRS3035RES1000mN2038000E3145000,154118456,57.0
5221,CRS3035RES1000mN2038000E3145000,157375776,89.0
5222,CRS3035RES1000mN2038000E3145000,158211204,92.0
5223,CRS3035RES1000mN2038000E3145000,162072415,88.0
5224,CRS3035RES1000mN2038000E3145000,162117720,44.0
5225,CRS3035RES1000mN2038000E3145000,170487273,
5226,CRS3035RES1000mN2038000E3145000,172686062,94.0
5227,CRS3035RES1000mN2038000E3145000,174318235,95.0
5228,CRS3035RES1000mN2038000E3145000,174318237,99.0
5229,CRS3035RES1000mN2038000E3145000,205060159,
5230,CRS3035RES1000mN2038000E3145000,205757163,
5231,CRS3035RES1000mN2038000E3145000,221095520,92.0
5232,CRS3035RES1000mN2038000E3145000,224503374,65.0
5233,CRS3035RES1000mN2038000E3145000,227333462,42.0
5234,CRS3035RES1000mN2038000E3145000,229117454,60.0
5235,CRS3035RES1000mN2038000E3145000,261460389,
5236,CRS3035RES1000mN2038000E3145000,283450022,52.0
5237,CRS3035RES1000mN2038000E3145000,288994040,65.0
5238,CRS3035RES1000mN2038000E3145000,296744564,117.0
5239,CRS3035RES1000mN2038000E3145000,297526406,81.0
5240,CRS3035RES1000mN2038000E3145000,300709861,115.0
5241,CRS3035RES1000mN2038000E3145000,301444634,61.0
5242,CRS3035RES1000mN2038000E3145000,302721609,107.0
5243,CRS3035RES1000mN2038000E3145000,308195630,79.0
5244,CRS3035RES1000mN2038000E3145000,312777902,67.0
5245,CRS3035RES1000mN2038000E3145000,330154630,
5246,CRS3035RES1000mN2038000E3145000,340205456,59.0
5247,CRS3035RES1000mN2038000E3145000,367883612,72.0
5248,CRS3035RES1000mN2038000E3145000,368211943,67.0
5249,CRS3035RES1000mN2038000E3145000,374180360,92.0
5250,CRS3035RES1000mN2038000E3145000,375369499,46.0
5251,CRS3035RES1000mN2038000E3145000,383494544,71.0
5252,CRS3035RES1000mN2038000E3145000,384574591,97.0
5253,CRS3035RES1000mN2038000E3145000,403538322,113.0
5254,CRS3035RES1000mN2038000E3145000,403859503,51.0
5255,CRS3035RES1000mN2038000E3145000,437050442,108.0
5256,CRS3035RES1000mN2038000E3145000,459881697,35.0
5257,CRS3035RES1000mN2038000E3145000,477278425,
5258,CRS3035RES1000mN2038000E3145000,486879235,
5259,CRS3035RES1000mN2038000E3145000,493748377,84.0
5260,CRS3035RES1000mN2038000E3145000,498234201,106.0
5261,CRS3035RES1000mN2038000E3145000,504315026,89.0
5262,CRS3035RES1000mN2038000E3145000,548701490,
5263,CRS3035RES1000mN2038000E3145000,574210084,61.0
5264,CRS3035RES1000mN2038000E3145000,576094143,88.0
5265,CRS3035RES1000mN2038000E3145000,584409067,111.0
5266,CRS3035RES1000mN2038000E3145000,635512756,81.0
5267,CRS3035RES1000mN2038000E3145000,638492224,
5268,CRS3035RES1000mN2038000E3145000,653913062,88.0
5269,CRS3035RES1000mN2038000E3145000,659866770,80.0
5270,CRS3035RES1000mN2038000E3145000,697717972,95.0
5271,CRS3035RES1000mN2038000E3145000,717194862,105.0
5272,CRS3035RES1000mN2038000E3145000,736899303,
5273,CRS3035RES1000mN2038000E3145000,738042217,109.0
5274,CRS3035RES1000mN2038000E3145000,839611983,117.0
5275,CRS3035RES1000mN2038000E3145000,957893520,61.0
5276,CRS3035RES1000mN2038000E3145000,963308110,93.0
5277,CRS3035RES1000mN2038000E3145000,1073283182,103.0
5278,CRS3035RES1000mN2038000E3145000,1252864015,83.0
5279,CRS3035RES1000mN2038000E3145000,1283203658,
5280,CRS3035RES1000mN2038000E3146000,25526,73.0
5281,CRS3035RES1000mN2038000E3146000,1774,61.0
5282,CRS3035RES1000mN2038000E3146000,1770,75.0
5283,CRS3035RES1000mN2038000E3146000,1773,76.0
5284,CRS3035RES1000mN2038000E3146000,1771,42.0
5285,CRS3035RES1000mN2038000E3146000,123303,72.0
5286,CRS3035RES1000mN2038000E3146000,1764,54.0
5287,CRS3035RES1000mN2038000E3146000,181101,79.0
5288,CRS3035RES1000mN2038000E3146000,5765642,74.0
5289,CRS3035RES1000mN2038000E3146000,86719,82.0
5290,CRS3035RES1000mN2038000E3146000,1800,75.0
5291,CRS3035RES1000mN2038000E3146000,1757,63.0
5292,CRS3035RES1000mN2038000E3146000,1755,59.0
5293,CRS3035RES1000mN2038000E3146000,1882,44.0
5294,CRS3035RES1000mN2038000E3146000,1745,69.0
5295,CRS3035RES1000mN2038000E3146000,1794,68.0
5296,CRS3035RES1000mN2038000E3146000,1762,56.0
5297,CRS3035RES1000mN2038000E3146000,51188,60.0
5298,CRS3035RES1000mN2038000E3146000,6893633,60.0
5299,CRS3035RES1000mN2038000E3146000,167128,73.0
5300,CRS3035RES1000mN2038000E3146000,1760,64.0
5301,CRS3035RES1000mN2038000E3146000,12773298,73.0
5302,CRS3035RES1000mN2038000E3146000,1754,82.0
5303,CRS3035RES1000mN2038000E3146000,1748,76.0
5304,CRS3035RES1000mN2038000E3146000,79941,76.0
5305,CRS3035RES1000mN2038000E3146000,1750,68.0
5306,CRS3035RES1000mN2038000E3146000,5975465,54.0
5307,CRS3035RES1000mN2038000E3146000,115056,76.0
5308,CRS3035RES1000mN2038000E3146000,1790,59.0
5309,CRS3035RES1000mN2038000E3146000,1756,67.0
5310,CRS3035RES1000mN2038000E3146000,51849,66.0
5311,CRS3035RES1000mN2038000E3146000,185595,53.0
5312,CRS3035RES1000mN2038000E3146000,7697128,49.0
5313,CRS3035RES1000mN2038000E3146000,10395362,75.0
5314,CRS3035RES1000mN2038000E3146000,1759,61.0
5315,CRS3035RES1000mN2038000E3146000,1752,66.0
5316,CRS3035RES1000mN2038000E3146000,186714,67.0
5317,CRS3035RES1000mN2038000E3146000,1753,69.0
5318,CRS3035RES1000mN2038000E3146000,1792,75.0
5319,CRS3035RES1000mN2038000E3146000,1763,56.0
5320,CRS3035RES1000mN2038000E3146000,1746,73.0
5321,CRS3035RES1000mN2038000E3146000,11572165,74.0
5322,CRS3035RES1000mN2038000E3146000,1761,64.0
5323,CRS3035RES1000mN2038000E3146000,1747,77.0
5324,CRS3035RES1000mN2038000E3146000,5768564,67.0
5325,CRS3035RES1000mN2038000E3146000,1798,52.0
5326,CRS3035RES1000mN2038000E3146000,66904,54.0
5327,CRS3035RES1000mN2038000E3146000,1777,45.0
5328,CRS3035RES1000mN2038000E3146000,1765,58.0
5329,CRS3035RES1000mN2038000E3146000,49416,75.0
5330,CRS3035RES1000mN2038000E3146000,12734939,75.0
5331,CRS3035RES1000mN2038000E3146000,167386167,50.0
5332,CRS3035RES1000mN2038000E3146000,295933804,38.0
5333,CRS3035RES1000mN2038000E3146000,303340017,43.0
5334,CRS3035RES1000mN2038000E3146000,315355551,50.0
5335,CRS3035RES1000mN2038000E3146000,339084977,54.0
5336,CRS3035RES1000mN2038000E3146000,412911553,44.0
5337,CRS3035RES1000mN2038000E3146000,558126037,67.0
5338,CRS3035RES1000mN2038000E3146000,711789768,110.0
5339,CRS3035RES1000mN2038000E3146000,727666062,
5340,CRS3035RES1000mN2038000E3146000,848085869,85.0
5341,CRS3035RES1000mN2038000E3146000,1056098898,57.0
5342,CRS3035RES1000mN2038000E3146000,1255438242,106.0
5343,CRS3035RES1000mN2038000E3146000,1469985039,88.0
5344,CRS3035RES1000mN2038000E3146000,1504302537,
5345,CRS3035RES1000mN2038000E3146000,1511617504,98.0
5346,CRS3035RES1000mN2038000E3146000,1541601287,47.0
5347,CRS3035RES1000mN2038000E3146000,1544591296,63.0
5348,CRS3035RES1000mN2038000E3146000,1598174183,81.0
5349,CRS3035RES1000mN2038000E3146000,1629887846,85.0
5350,CRS3035RES1000mN2038000E3146000,1686660176,78.0
5351,CRS3035RES1000mN2038000E3146000,1716927336,93.0
5352,CRS3035RES1000mN2038000E3146000,1734554324,92.0
5353,CRS3035RES1000mN2038000E3146000,1849109335,48.0
5354,CRS3035RES1000mN2038000E3146000,2028408680,110.0
5355,CRS3035RES1000mN2038000E3146000,2036887702,
5356,CRS3035RES1000mN2038000E3146000,2061404218,63.0
5357,CRS3035RES1000mN2038000E3146000,2134238030,94.0
5358,CRS3035RES1000mN2038000E3146000,2261600754,
5359,CRS3035RES1000mN2038000E3146000,2301402027,88.0
5360,CRS3035RES1000mN2038000E3146000,2303966810,107.0
5361,CRS3035RES1000mN2038000E3146000,2312029862,82.0
5362,CRS3035RES1000mN2038000E3146000,2408860250,68.0
5363,CRS3035RES1000mN2038000E3146000,2620185829,50.0
5364,CRS3035RES1000mN2038000E3146000,2622508931,43.0
5365,CRS3035RES1000mN2038000E3146000,2672130951,
5366,CRS3035RES1000mN2038000E3146000,2710518818,100.0
5367,CRS3035RES1000mN2038000E3146000,3034026261,
5368,CRS3035RES1000mN2038000E3146000,3179889751,103.0
5369,CRS3035RES1000mN2038000E3146000,3206611978,
5370,CRS3035RES1000mN2038000E3146000,3272828439,101.0
5371,CRS3035RES1000mN2038000E3146000,3452364276,81.0
5372,CRS3035RES1000mN2038000E3146000,3452364277,61.0
5373,CRS3035RES1000mN2038000E3146000,3495733197,
5374,CRS3035RES1000mN2038000E3146000,3497154853,
5375,CRS3035RES1000mN2038000E3146000,3517755445,
5376,CRS3035RES1000mN2038000E3146000,3522125657,
5377,CRS3035RES1000mN2038000E3146000,3526751794,88.0
5378,CRS3035RES1000mN2038000E3146000,3839306060,81.0
5379,CRS3035RES1000mN2038000E3146000,4214697664,51.0
5380,CRS3035RES1000mN2038000E3146000,4338252586,76.0
5381,CRS3035RES1000mN2038000E3146000,4401271633,
5382,CRS3035RES1000mN2038000E3146000,4515476768,
5383,CRS3035RES1000mN2038000E3146000,4569910891,51.0
5384,CRS3035RES1000mN2038000E3146000,4703730491,55.0
5385,CRS3035RES1000mN2038000E3146000,4707870392,53.0
5386,CRS3035RES1000mN2038000E3146000,4789037769,115.0
5387,CRS3035RES1000mN2038000E3146000,4794233143,119.0
5388,CRS3035RES1000mN2038000E3146000,4870405674,69.0
5389,CRS3035RES1000mN2038000E3146000,5139379922,50.0
5390,CRS3035RES1000mN2038000E3146000,5160337425,36.0
5391,CRS3035RES1000mN2038000E3146000,5196199575,66.0
5392,CRS3035RES1000mN2038000E3146000,5341570554,65.0
5393,CRS3035RES1000mN2038000E3146000,5345949864,103.0
5394,CRS3035RES1000mN2038000E3146000,5448507385,
5395,CRS3035RES1000mN2038000E3146000,5604693894,73.0
5396,CRS3035RES1000mN2038000E3146000,5670401989,69.0
5397,CRS3035RES1000mN2038000E3146000,5942671299,94.0
5398,CRS3035RES1000mN2038000E3146000,5943980960,62.0
5399,CRS3035RES1000mN2038000E3146000,6185791451,
5400,CRS3035RES1000mN2038000E3146000,6188948286,93.0
5401,CRS3035RES1000mN2038000E3146000,6555800191,88.0
5402,CRS3035RES1000mN2038000E3146000,6885254479,65.0
5403,CRS3035RES1000mN2038000E3146000,7222611268,
5404,CRS3035RES1000mN2038000E3146000,7408961006,
5405,CRS3035RES1000mN2038000E3146000,7619964683,113.0
5406,CRS3035RES1000mN2038000E3146000,7836562695,90.0
5407,CRS3035RES1000mN2038000E3146000,8493729364,56.0
5408,CRS3035RES1000mN2038000E3146000,8557885377,73.0
5409,CRS3035RES1000mN2038000E3146000,8807212208,53.0
5410,CRS3035RES1000mN2038000E3146000,8844229173,55.0
5411,CRS3035RES1000mN2038000E3146000,8878422600,40.0
5412,CRS3035RES1000mN2038000E3146000,9595709188,66.0
5413,CRS3035RES1000mN2038000E3146000,9611387099,59.0
5414,CRS3035RES1000mN2038000E3146000,9712656915,36.0
5415,CRS3035RES1000mN2038000E3146000,9713142744,55.0
5416,CRS3035RES1000mN2038000E3146000,9815746657,
5417,CRS3035RES1000mN2038000E3146000,10004871512,84.0
5418,CRS3035RES1000mN2038000E3146000,10281174134,
5419,CRS3035RES1000mN2038000E3146000,10580337411,85.0
5420,CRS3035RES1000mN2038000E3146000,10899442604,100.0
5421,CRS3035RES1000mN2038000E3146000,10922657146,94.0
5422,CRS3035RES1000mN2038000E3146000,11127499928,81.0
5423,CRS3035RES1000mN2038000E3146000,11143725881,57.0
5424,CRS3035RES1000mN2038000E3146000,11243087140,72.0
5425,CRS3035RES1000mN2038000E3146000,11269399969,33.0
5426,CRS3035RES1000mN2038000E3146000,11287269362,86.0
5427,CRS3035RES1000mN2038000E3146000,11287269363,92.0
5428,CRS3035RES1000mN2038000E3146000,11369705764,92.0
5429,CRS3035RES1000mN2038000E3146000,11387776374,84.0
5430,CRS3035RES1000mN2038000E3146000,11461799040,
5431,CRS3035RES1000mN2038000E3146000,11462802981,70.0
5432,CRS3035RES1000mN2038000E3146000,11652077658,53.0
5433,CRS3035RES1000mN2038000E3146000,11691390164,42.0
5434,CRS3035RES1000mN2038000E3146000,11739757462,82.0
5435,CRS3035RES1000mN2038000E3146000,12178446726,69.0
5436,CRS3035RES1000mN2038000E3146000,12407425114,42.0
5437,CRS3035RES1000mN2038000E3146000,12865480228,82.0
5438,CRS3035RES1000mN2038000E3146000,2960630,86.0
5439,CRS3035RES1000mN2038000E3146000,3554044,100.0
5440,CRS3035RES1000mN2038000E3146000,3557906,89.0
5441,CRS3035RES1000mN2038000E3146000,5231361,35.0
5442,CRS3035RES1000mN2038000E3146000,9314566,104.0
5443,CRS3035RES1000mN2038000E3146000,13696257,21.0
5444,CRS3035RES1000mN2038000E3146000,15996131,46.0
5445,CRS3035RES1000mN2038000E3146000,23526191,69.0
5446,CRS3035RES1000mN2038000E3146000,23545719,72.0
5447,CRS3035RES1000mN2038000E3146000,30599279,86.0
5448,CRS3035RES1000mN2038000E3146000,30649229,32.0
5449,CRS3035RES1000mN2038000E3146000,32198651,
5450,CRS3035RES1000mN2038000E3146000,34945111,89.0
5451,CRS3035RES1000mN2038000E3146000,50170625,94.0
5452,CRS3035RES1000mN2038000E3146000,82887228,67.0
5453,CRS3035RES1000mN2038000E3146000,92484952,25.0
5454,CRS3035RES1000mN2038000E3146000,95794713,83.0
5455,CRS3035RES1000mN2038000E3146000,96418670,104.0
5456,CRS3035RES1000mN2038000E3146000,98502686,25.0
5457,CRS3035RES1000mN2038000E3146000,132613257,81.0
5458,CRS3035RES1000mN2038000E3146000,135036040,88.0
5459,CRS3035RES1000mN2038000E3146000,150772489,49.0
5460,CRS3035RES1000mN2038000E3146000,154118456,54.0
5461,CRS3035RES1000mN2038000E3146000,157375776,81.0
5462,CRS3035RES1000mN2038000E3146000,158211204,85.0
5463,CRS3035RES1000mN2038000E3146000,162072415,83.0
5464,CRS3035RES1000mN2038000E3146000,162117720,32.0
5465,CRS3035RES1000mN2038000E3146000,170487273,
5466,CRS3035RES1000mN2038000E3146000,172686062,87.0
5467,CRS3035RES1000mN2038000E3146000,174318235,92.0
5468,CRS3035RES1000mN2038000E3146000,174318237,95.0
5469,CRS3035RES1000mN2038000E3146000,205060159,
5470,CRS3035RES1000mN2038000E3146000,205757163,
5471,CRS3035RES1000mN2038000E3146000,221095520,86.0
5472,CRS3035RES1000mN2038000E3146000,224503374,58.0
5473,CRS3035RES1000mN2038000E3146000,227333462,31.0
5474,CRS3035RES1000mN2038000E3146000,229117454,57.0
5475,CRS3035RES1000mN2038000E3146000,261460389,
5476,CRS3035RES1000mN2038000E3146000,283450022,46.0
5477,CRS3035RES1000mN2038000E3146000,288994040,57.0
5478,CRS3035RES1000mN2038000E3146000,296744564,108.0
5479,CRS3035RES1000mN2038000E3146000,297526406,76.0
5480,CRS3035RES1000mN2038000E3146000,300709861,109.0
5481,CRS3035RES1000mN2038000E3146000,301444634,56.0
5482,CRS3035RES1000mN2038000E3146000,302721609,102.0
5483,CRS3035RES1000mN2038000E3146000,308195630,79.0
5484,CRS3035RES1000mN2038000E3146000,312777902,59.0
5485,CRS3035RES1000mN2038000E3146000,330154630,
5486,CRS3035RES1000mN2038000E3146000,340205456,52.0
5487,CRS3035RES1000mN2038000E3146000,367883612,65.0
5488,CRS3035RES1000mN2038000E3146000,368211943,61.0
5489,CRS3035RES1000mN2038000E3146000,374180360,88.0
5490,CRS3035RES1000mN2038000E3146000,375369499,43.0
5491,CRS3035RES1000mN2038000E3146000,383494544,62.0
5492,CRS3035RES1000mN2038000E3146000,384574591,91.0
5493,CRS3035RES1000mN2038000E3146000,403538322,109.0
5494,CRS3035RES1000mN2038000E3146000,403859503,45.0
5495,CRS3035RES1000mN2038000E3146000,437050442,99.0
5496,CRS3035RES1000mN2038000E3146000,459881697,31.0
5497,CRS3035RES1000mN2038000E3146000,477278425,
5498,CRS3035RES1000mN2038000E3146000,486879235,
5499,CRS3035RES1000mN2038000E3146000,493748377,79.0
5500,CRS3035RES1000mN2038000E3146000,498234201,97.0
5501,CRS3035RES1000mN2038000E3146000,504315026,83.0
5502,CRS3035RES1000mN2038000E3146000,548701490,
5503,CRS3035RES1000mN2038000E3146000,574210084,61.0
5504,CRS3035RES1000mN2038000E3146000,576094143,83.0
5505,CRS3035RES1000mN2038000E3146000,584409067,105.0
5506,CRS3035RES1000mN2038000E3146000,635512756,74.0
5507,CRS3035RES1000mN2038000E3146000,638492224,116.0
5508,CRS3035RES1000mN2038000E3146000,653913062,78.0
5509,CRS3035RES1000mN2038000E3146000,659866770,75.0
5510,CRS3035RES1000mN2038000E3146000,697717972,89.0
5511,CRS3035RES1000mN2038000E3146000,717194862,102.0
5512,CRS3035RES1000mN2038000E3146000,736899303,
5513,CRS3035RES1000mN2038000E3146000,738042217,106.0
5514,CRS3035RES1000mN2038000E3146000,839611983,114.0
5515,CRS3035RES1000mN2038000E3146000,957893520,55.0
5516,CRS3035RES1000mN2038000E3146000,963308110,86.0
5517,CRS3035RES1000mN2038000E3146000,1073283182,94.0
5518,CRS3035RES1000mN2038000E3146000,1252864015,81.0
5519,CRS3035RES1000mN2038000E3146000,1283203658,
5520,CRS3035RES1000mN2038000E3147000,25526,68.0
5521,CRS3035RES1000mN2038000E3147000,1774,56.0
5522,CRS3035RES1000mN2038000E3147000,1770,74.0
5523,CRS3035RES1000mN2038000E3147000,1773,72.0
5524,CRS3035RES1000mN2038000E3147000,1771,42.0
5525,CRS3035RES1000mN2038000E3147000,123303,66.0
5526,CRS3035RES1000mN2038000E3147000,1764,51.0
5527,CRS3035RES1000mN2038000E3147000,181101,77.0
5528,CRS3035RES1000mN2038000E3147000,5765642,70.0
5529,CRS3035RES1000mN2038000E3147000,86719,77.0
5530,CRS3035RES1000mN2038000E3147000,1800,71.0
5531,CRS3035RES1000mN2038000E3147000,1757,58.0
5532,CRS3035RES1000mN2038000E3147000,1755,53.0
5533,CRS3035RES1000mN2038000E3147000,1882,44.0
5534,CRS3035RES1000mN2038000E3147000,1745,68.0
5535,CRS3035RES1000mN2038000E3147000,1794,66.0
5536,CRS3035RES1000mN2038000E3147000,1762,57.0
5537,CRS3035RES1000mN2038000E3147000,51188,59.0
5538,CRS3035RES1000mN2038000E3147000,6893633,59.0
5539,CRS3035RES1000mN2038000E3147000,167128,70.0
5540,CRS3035RES1000mN2038000E3147000,1760,62.0
5541,CRS3035RES1000mN2038000E3147000,12773298,68.0
5542,CRS3035RES1000mN2038000E3147000,1754,75.0
5543,CRS3035RES1000mN2038000E3147000,1748,73.0
5544,CRS3035RES1000mN2038000E3147000,79941,73.0
5545,CRS3035RES1000mN2038000E3147000,1750,67.0
5546,CRS3035RES1000mN2038000E3147000,5975465,50.0
5547,CRS3035RES1000mN2038000E3147000,115056,74.0
5548,CRS3035RES1000mN2038000E3147000,1790,59.0
5549,CRS3035RES1000mN2038000E3147000,1756,61.0
5550,CRS3035RES1000mN2038000E3147000,51849,66.0
5551,CRS3035RES1000mN2038000E3147000,185595,52.0
5552,CRS3035RES1000mN2038000E3147000,7697128,46.0
5553,CRS3035RES1000mN2038000E3147000,10395362,73.0
5554,CRS3035RES1000mN2038000E3147000,1759,60.0
5555,CRS3035RES1000mN2038000E3147000,1752,63.0
5556,CRS3035RES1000mN2038000E3147000,186714,64.0
5557,CRS3035RES1000mN2038000E3147000,1753,65.0
5558,CRS3035RES1000mN2038000E3147000,1792,74.0
5559,CRS3035RES1000mN2038000E3147000,1763,50.0
5560,CRS3035RES1000mN2038000E3147000,1746,72.0
5561,CRS3035RES1000mN2038000E3147000,11572165,70.0
5562,CRS3035RES1000mN2038000E3147000,1761,60.0
5563,CRS3035RES1000mN2038000E3147000,1747,74.0
5564,CRS3035RES1000mN2038000E3147000,5768564,62.0
5565,CRS3035RES1000mN2038000E3147000,1798,47.0
5566,CRS3035RES1000mN2038000E3147000,66904,54.0
5567,CRS3035RES1000mN2038000E3147000,1777,46.0
5568,CRS3035RES1000mN2038000E3147000,1765,59.0
5569,CRS3035RES1000mN2038000E3147000,49416,73.0
5570,CRS3035RES1000mN2038000E3147000,12734939,73.0
5571,CRS3035RES1000mN2038000E3147000,167386167,50.0
5572,CRS3035RES1000mN2038000E3147000,295933804,29.0
5573,CRS3035RES1000mN2038000E3147000,303340017,41.0
5574,CRS3035RES1000mN2038000E3147000,315355551,43.0
5575,CRS3035RES1000mN2038000E3147000,339084977,48.0
5576,CRS3035RES1000mN2038000E3147000,412911553,45.0
5577,CRS3035RES1000mN2038000E3147000,558126037,61.0
5578,CRS3035RES1000mN2038000E3147000,711789768,101.0
5579,CRS3035RES1000mN2038000E3147000,727666062,
5580,CRS3035RES1000mN2038000E3147000,848085869,85.0
5581,CRS3035RES1000mN2038000E3147000,1056098898,58.0
5582,CRS3035RES1000mN2038000E3147000,1255438242,105.0
5583,CRS3035RES1000mN2038000E3147000,1469985039,88.0
5584,CRS3035RES1000mN2038000E3147000,1504302537,95.0
5585,CRS3035RES1000mN2038000E3147000,1511617504,91.0
5586,CRS3035RES1000mN2038000E3147000,1541601287,48.0
5587,CRS3035RES1000mN2038000E3147000,1544591296,63.0
5588,CRS3035RES1000mN2038000E3147000,1598174183,81.0
5589,CRS3035RES1000mN2038000E3147000,1629887846,85.0
5590,CRS3035RES1000mN2038000E3147000,1686660176,76.0
5591,CRS3035RES1000mN2038000E3147000,1716927336,93.0
5592,CRS3035RES1000mN2038000E3147000,1734554324,91.0
5593,CRS3035RES1000mN2038000E3147000,1849109335,46.0
5594,CRS3035RES1000mN2038000E3147000,2028408680,107.0
5595,CRS3035RES1000mN2038000E3147000,2036887702,
5596,CRS3035RES1000mN2038000E3147000,2061404218,63.0
5597,CRS3035RES1000mN2038000E3147000,2134238030,93.0
5598,CRS3035RES1000mN2038000E3147000,2261600754,
5599,CRS3035RES1000mN2038000E3147000,2301402027,87.0
5600,CRS3035RES1000mN2038000E3147000,2303966810,98.0
5601,CRS3035RES1000mN2038000E3147000,2312029862,82.0
5602,CRS3035RES1000mN2038000E3147000,2408860250,68.0
5603,CRS3035RES1000mN2038000E3147000,2620185829,51.0
5604,CRS3035RES1000mN2038000E3147000,2622508931,41.0
5605,CRS3035RES1000mN2038000E3147000,2672130951,
5606,CRS3035RES1000mN2038000E3147000,2710518818,85.0
5607,CRS3035RES1000mN2038000E3147000,3034026261,
5608,CRS3035RES1000mN2038000E3147000,3179889751,102.0
5609,CRS3035RES1000mN2038000E3147000,3206611978,
5610,CRS3035RES1000mN2038000E3147000,3272828439,99.0
5611,CRS3035RES1000mN2038000E3147000,3452364276,79.0
5612,CRS3035RES1000mN2038000E3147000,3452364277,61.0
5613,CRS3035RES1000mN2038000E3147000,3495733197,
5614,CRS3035RES1000mN2038000E3147000,3497154853,
5615,CRS3035RES1000mN2038000E3147000,3517755445,
5616,CRS3035RES1000mN2038000E3147000,3522125657,
5617,CRS3035RES1000mN2038000E3147000,3526751794,88.0
5618,CRS3035RES1000mN2038000E3147000,3839306060,81.0
5619,CRS3035RES1000mN2038000E3147000,4214697664,48.0
5620,CRS3035RES1000mN2038000E3147000,4338252586,76.0
5621,CRS3035RES1000mN2038000E3147000,4401271633,
5622,CRS3035RES1000mN2038000E3147000,4515476768,
5623,CRS3035RES1000mN2038000E3147000,4569910891,50.0
5624,CRS3035RES1000mN2038000E3147000,4703730491,41.0
5625,CRS3035RES1000mN2038000E3147000,4707870392,45.0
5626,CRS3035RES1000mN2038000E3147000,4789037769,113.0
5627,CRS3035RES1000mN2038000E3147000,4794233143,119.0
5628,CRS3035RES1000mN2038000E3147000,4870405674,64.0
5629,CRS3035RES1000mN2038000E3147000,5139379922,89.0
5630,CRS3035RES1000mN2038000E3147000,5160337425,35.0
5631,CRS3035RES1000mN2038000E3147000,5196199575,70.0
5632,CRS3035RES1000mN2038000E3147000,5341570554,63.0
5633,CRS3035RES1000mN2038000E3147000,5345949864,82.0
5634,CRS3035RES1000mN2038000E3147000,5448507385,
5635,CRS3035RES1000mN2038000E3147000,5604693894,73.0
5636,CRS3035RES1000mN2038000E3147000,5670401989,68.0
5637,CRS3035RES1000mN2038000E3147000,5942671299,84.0
5638,CRS3035RES1000mN2038000E3147000,5943980960,77.0
5639,CRS3035RES1000mN2038000E3147000,6185791451,
5640,CRS3035RES1000mN2038000E3147000,6188948286,91.0
5641,CRS3035RES1000mN2038000E3147000,6555800191,83.0
5642,CRS3035RES1000mN2038000E3147000,6885254479,65.0
5643,CRS3035RES1000mN2038000E3147000,7222611268,
5644,CRS3035RES1000mN2038000E3147000,7408961006,115.0
5645,CRS3035RES1000mN2038000E3147000,7619964683,113.0
5646,CRS3035RES1000mN2038000E3147000,7836562695,89.0
5647,CRS3035RES1000mN2038000E3147000,8493729364,52.0
5648,CRS3035RES1000mN2038000E3147000,8557885377,72.0
5649,CRS3035RES1000mN2038000E3147000,8807212208,53.0
5650,CRS3035RES1000mN2038000E3147000,8844229173,56.0
5651,CRS3035RES1000mN2038000E3147000,8878422600,36.0
5652,CRS3035RES1000mN2038000E3147000,9595709188,65.0
5653,CRS3035RES1000mN2038000E3147000,9611387099,54.0
5654,CRS3035RES1000mN2038000E3147000,9712656915,35.0
5655,CRS3035RES1000mN2038000E3147000,9713142744,54.0
5656,CRS3035RES1000mN2038000E3147000,9815746657,
5657,CRS3035RES1000mN2038000E3147000,10004871512,84.0
5658,CRS3035RES1000mN2038000E3147000,10281174134,
5659,CRS3035RES1000mN2038000E3147000,10580337411,85.0
5660,CRS3035RES1000mN2038000E3147000,10899442604,95.0
5661,CRS3035RES1000mN2038000E3147000,10922657146,89.0
5662,CRS3035RES1000mN2038000E3147000,11127499928,74.0
5663,CRS3035RES1000mN2038000E3147000,11143725881,56.0
5664,CRS3035RES1000mN2038000E3147000,11243087140,72.0
5665,CRS3035RES1000mN2038000E3147000,11269399969,34.0
5666,CRS3035RES1000mN2038000E3147000,11287269362,86.0
5667,CRS3035RES1000mN2038000E3147000,11287269363,92.0
5668,CRS3035RES1000mN2038000E3147000,11369705764,92.0
5669,CRS3035RES1000mN2038000E3147000,11387776374,81.0
5670,CRS3035RES1000mN2038000E3147000,11461799040,
5671,CRS3035RES1000mN2038000E3147000,11462802981,69.0
5672,CRS3035RES1000mN2038000E3147000,11652077658,51.0
5673,CRS3035RES1000mN2038000E3147000,11691390164,41.0
5674,CRS3035RES1000mN2038000E3147000,11739757462,77.0
5675,CRS3035RES1000mN2038000E3147000,12178446726,64.0
5676,CRS3035RES1000mN2038000E3147000,12407425114,48.0
5677,CRS3035RES1000mN2038000E3147000,12865480228,82.0
5678,CRS3035RES1000mN2038000E3147000,2960630,86.0
5679,CRS3035RES1000mN2038000E3147000,3554044,98.0
5680,CRS3035RES1000mN2038000E3147000,3557906,85.0
5681,CRS3035RES1000mN2038000E3147000,5231361,35.0
5682,CRS3035RES1000mN2038000E3147000,9314566,103.0
5683,CRS3035RES1000mN2038000E3147000,13696257,13.0
5684,CRS3035RES1000mN2038000E3147000,15996131,45.0
5685,CRS3035RES1000mN2038000E3147000,23526191,68.0
5686,CRS3035RES1000mN2038000E3147000,23545719,71.0
5687,CRS3035RES1000mN2038000E3147000,30599279,81.0
5688,CRS3035RES1000mN2038000E3147000,30649229,33.0
5689,CRS3035RES1000mN2038000E3147000,32198651,
5690,CRS3035RES1000mN2038000E3147000,34945111,85.0
5691,CRS3035RES1000mN2038000E3147000,50170625,94.0
5692,CRS3035RES1000mN2038000E3147000,82887228,67.0
5693,CRS3035RES1000mN2038000E3147000,92484952,27.0
5694,CRS3035RES1000mN2038000E3147000,95794713,80.0
5695,CRS3035RES1000mN2038000E3147000,96418670,100.0
5696,CRS3035RES1000mN2038000E3147000,98502686,28.0
5697,CRS3035RES1000mN2038000E3147000,132613257,78.0
5698,CRS3035RES1000mN2038000E3147000,135036040,85.0
5699,CRS3035RES1000mN2038000E3147000,150772489,50.0
5700,CRS3035RES1000mN2038000E3147000,154118456,54.0
5701,CRS3035RES1000mN2038000E3147000,157375776,71.0
5702,CRS3035RES1000mN2038000E3147000,158211204,81.0
5703,CRS3035RES1000mN2038000E3147000,162072415,81.0
5704,CRS3035RES1000mN2038000E3147000,162117720,40.0
5705,CRS3035RES1000mN2038000E3147000,170487273,112.0
5706,CRS3035RES1000mN2038000E3147000,172686062,83.0
5707,CRS3035RES1000mN2038000E3147000,174318235,92.0
5708,CRS3035RES1000mN2038000E3147000,174318237,92.0
5709,CRS3035RES1000mN2038000E3147000,205060159,105.0
5710,CRS3035RES1000mN2038000E3147000,205757163,
5711,CRS3035RES1000mN2038000E3147000,221095520,86.0
5712,CRS3035RES1000mN2038000E3147000,224503374,58.0
5713,CRS3035RES1000mN2038000E3147000,227333462,39.0
5714,CRS3035RES1000mN2038000E3147000,229117454,56.0
5715,CRS3035RES1000mN2038000E3147000,261460389,
5716,CRS3035RES1000mN2038000E3147000,283450022,44.0
5717,CRS3035RES1000mN2038000E3147000,288994040,51.0
5718,CRS3035RES1000mN2038000E3147000,296744564,107.0
5719,CRS3035RES1000mN2038000E3147000,297526406,75.0
5720,CRS3035RES1000mN2038000E3147000,300709861,102.0
5721,CRS3035RES1000mN2038000E3147000,301444634,58.0
5722,CRS3035RES1000mN2038000E3147000,302721609,102.0
5723,CRS3035RES1000mN2038000E3147000,308195630,78.0
5724,CRS3035RES1000mN2038000E3147000,312777902,53.0
5725,CRS3035RES1000mN2038000E3147000,330154630,
5726,CRS3035RES1000mN2038000E3147000,340205456,52.0
5727,CRS3035RES1000mN2038000E3147000,367883612,65.0
5728,CRS3035RES1000mN2038000E3147000,368211943,60.0
5729,CRS3035RES1000mN2038000E3147000,374180360,88.0
5730,CRS3035RES1000mN2038000E3147000,375369499,43.0
5731,CRS3035RES1000mN2038000E3147000,383494544,61.0
5732,CRS3035RES1000mN2038000E3147000,384574591,81.0
5733,CRS3035RES1000mN2038000E3147000,403538322,109.0
5734,CRS3035RES1000mN2038000E3147000,403859503,42.0
5735,CRS3035RES1000mN2038000E3147000,437050442,94.0
5736,CRS3035RES1000mN2038000E3147000,459881697,33.0
5737,CRS3035RES1000mN2038000E3147000,477278425,
5738,CRS3035RES1000mN2038000E3147000,486879235,
5739,CRS3035RES1000mN2038000E3147000,493748377,75.0
5740,CRS3035RES1000mN2038000E3147000,498234201,92.0
5741,CRS3035RES1000mN2038000E3147000,504315026,83.0
5742,CRS3035RES1000mN2038000E3147000,548701490,
5743,CRS3035RES1000mN2038000E3147000,574210084,60.0
5744,CRS3035RES1000mN2038000E3147000,576094143,80.0
5745,CRS3035RES1000mN2038000E3147000,584409067,102.0
5746,CRS3035RES1000mN2038000E3147000,635512756,70.0
5747,CRS3035RES1000mN2038000E3147000,638492224,107.0
5748,CRS3035RES1000mN2038000E3147000,653913062,74.0
5749,CRS3035RES1000mN2038000E3147000,659866770,75.0
5750,CRS3035RES1000mN2038000E3147000,697717972,84.0
5751,CRS3035RES1000mN2038000E3147000,717194862,102.0
5752,CRS3035RES1000mN2038000E3147000,736899303,
5753,CRS3035RES1000mN2038000E3147000,738042217,106.0
5754,CRS3035RES1000mN2038000E3147000,839611983,114.0
5755,CRS3035RES1000mN2038000E3147000,957893520,55.0
5756,CRS3035RES1000mN2038000E3147000,963308110,86.0
5757,CRS3035RES1000mN2038000E3147000,1073283182,94.0
5758,CRS3035RES1000mN2038000E3147000,1252864015,81.0
5759,CRS3035RES1000mN2038000E3147000,1283203658,
5760,CRS3035RES1000mN2038000E3148000,25526,67.0
5761,CRS3035RES1000mN2038000E3148000,1774,54.0
5762,CRS3035RES1000mN2038000E3148000,1770,73.0
5763,CRS3035RES1000mN2038000E3148000,1773,70.0
5764,CRS3035RES1000mN2038000E3148000,1771,38.0
5765,CRS3035RES1000mN2038000E3148000,123303,64.0
5766,CRS3035RES1000mN2038000E3148000,1764,50.0
5767,CRS3035RES1000mN2038000E3148000,181101,75.0
5768,CRS3035RES1000mN2038000E3148000,5765642,69.0
5769,CRS3035RES1000mN2038000E3148000,86719,75.0
5770,CRS3035RES1000mN2038000E3148000,1800,70.0
5771,CRS3035RES1000mN2038000E3148000,1757,57.0
5772,CRS3035RES1000mN2038000E3148000,1755,51.0
5773,CRS3035RES1000mN2038000E3148000,1882,41.0
5774,CRS3035RES1000mN2038000E3148000,1745,67.0
5775,CRS3035RES1000mN2038000E3148000,1794,64.0
5776,CRS3035RES1000mN2038000E3148000,1762,55.0
5777,CRS3035RES1000mN2038000E3148000,51188,58.0
5778,CRS3035RES1000mN2038000E3148000,6893633,57.0
5779,CRS3035RES1000mN2038000E3148000,167128,68.0
5780,CRS3035RES1000mN2038000E3148000,1760,61.0
5781,CRS3035RES1000mN2038000E3148000,12773298,66.0
5782,CRS3035RES1000mN2038000E3148000,1754,73.0
5783,CRS3035RES1000mN2038000E3148000,1748,72.0
5784,CRS3035RES1000mN2038000E3148000,79941,69.0
5785,CRS3035RES1000mN2038000E3148000,1750,65.0
5786,CRS3035RES1000mN2038000E3148000,5975465,48.0
5787,CRS3035RES1000mN2038000E3148000,115056,72.0
5788,CRS3035RES1000mN2038000E3148000,1790,59.0
5789,CRS3035RES1000mN2038000E3148000,1756,59.0
5790,CRS3035RES1000mN2038000E3148000,51849,63.0
5791,CRS3035RES1000mN2038000E3148000,185595,52.0
5792,CRS3035RES1000mN2038000E3148000,7697128,45.0
5793,CRS3035RES1000mN2038000E3148000,10395362,72.0
5794,CRS3035RES1000mN2038000E3148000,1759,60.0
5795,CRS3035RES1000mN2038000E3148000,1752,62.0
5796,CRS3035RES1000mN2038000E3148000,186714,63.0
5797,CRS3035RES1000mN2038000E3148000,1753,64.0
5798,CRS3035RES1000mN2038000E3148000,1792,71.0
5799,CRS3035RES1000mN2038000E3148000,1763,48.0
5800,CRS3035RES1000mN2038000E3148000,1746,70.0
5801,CRS3035RES1000mN2038000E3148000,11572165,66.0
5802,CRS3035RES1000mN2038000E3148000,1761,59.0
5803,CRS3035RES1000mN2038000E3148000,1747,73.0
5804,CRS3035RES1000mN2038000E3148000,5768564,60.0
5805,CRS3035RES1000mN2038000E3148000,1798,45.0
5806,CRS3035RES1000mN2038000E3148000,66904,54.0
5807,CRS3035RES1000mN2038000E3148000,1777,45.0
5808,CRS3035RES1000mN2038000E3148000,1765,58.0
5809,CRS3035RES1000mN2038000E3148000,49416,71.0
5810,CRS3035RES1000mN2038000E3148000,12734939,71.0
5811,CRS3035RES1000mN2038000E3148000,167386167,49.0
5812,CRS3035RES1000mN2038000E3148000,295933804,27.0
5813,CRS3035RES1000mN2038000E3148000,303340017,41.0
5814,CRS3035RES1000mN2038000E3148000,315355551,41.0
5815,CRS3035RES1000mN2038000E3148000,339084977,46.0
5816,CRS3035RES1000mN2038000E3148000,412911553,42.0
5817,CRS3035RES1000mN2038000E3148000,558126037,59.0
5818,CRS3035RES1000mN2038000E3148000,711789768,99.0
5819,CRS3035RES1000mN2038000E3148000,727666062,
5820,CRS3035RES1000mN2038000E3148000,848085869,85.0
5821,CRS3035RES1000mN2038000E3148000,1056098898,56.0
5822,CRS3035RES1000mN2038000E3148000,1255438242,96.0
5823,CRS3035RES1000mN2038000E3148000,1469985039,87.0
5824,CRS3035RES1000mN2038000E3148000,1504302537,93.0
5825,CRS3035RES1000mN2038000E3148000,1511617504,90.0
5826,CRS3035RES1000mN2038000E3148000,1541601287,46.0
5827,CRS3035RES1000mN2038000E3148000,1544591296,63.0
5828,CRS3035RES1000mN2038000E3148000,1598174183,81.0
5829,CRS3035RES1000mN2038000E3148000,1629887846,79.0
5830,CRS3035RES1000mN2038000E3148000,1686660176,75.0
5831,CRS3035RES1000mN2038000E3148000,1716927336,93.0
5832,CRS3035RES1000mN2038000E3148000,1734554324,92.0
5833,CRS3035RES1000mN2038000E3148000,1849109335,46.0
5834,CRS3035RES1000mN2038000E3148000,2028408680,105.0
5835,CRS3035RES1000mN2038000E3148000,2036887702,
5836,CRS3035RES1000mN2038000E3148000,2061404218,63.0
5837,CRS3035RES1000mN2038000E3148000,2134238030,94.0
5838,CRS3035RES1000mN2038000E3148000,2261600754,
5839,CRS3035RES1000mN2038000E3148000,2301402027,87.0
5840,CRS3035RES1000mN2038000E3148000,2303966810,96.0
5841,CRS3035RES1000mN2038000E3148000,2312029862,79.0
5842,CRS3035RES1000mN2038000E3148000,2408860250,60.0
5843,CRS3035RES1000mN2038000E3148000,2620185829,49.0
5844,CRS3035RES1000mN2038000E3148000,2622508931,40.0
5845,CRS3035RES1000mN2038000E3148000,2672130951,
5846,CRS3035RES1000mN2038000E3148000,2710518818,83.0
5847,CRS3035RES1000mN2038000E3148000,3034026261,
5848,CRS3035RES1000mN2038000E3148000,3179889751,102.0
5849,CRS3035RES1000mN2038000E3148000,3206611978,
5850,CRS3035RES1000mN2038000E3148000,3272828439,99.0
5851,CRS3035RES1000mN2038000E3148000,3452364276,78.0
5852,CRS3035RES1000mN2038000E3148000,3452364277,60.0
5853,CRS3035RES1000mN2038000E3148000,3495733197,
5854,CRS3035RES1000mN2038000E3148000,3497154853,
5855,CRS3035RES1000mN2038000E3148000,3517755445,
5856,CRS3035RES1000mN2038000E3148000,3522125657,
5857,CRS3035RES1000mN2038000E3148000,3526751794,88.0
5858,CRS3035RES1000mN2038000E3148000,3839306060,79.0
5859,CRS3035RES1000mN2038000E3148000,4214697664,46.0
5860,CRS3035RES1000mN2038000E3148000,4338252586,76.0
5861,CRS3035RES1000mN2038000E3148000,4401271633,
5862,CRS3035RES1000mN2038000E3148000,4515476768,
5863,CRS3035RES1000mN2038000E3148000,4569910891,48.0
5864,CRS3035RES1000mN2038000E3148000,4703730491,39.0
5865,CRS3035RES1000mN2038000E3148000,4707870392,43.0
5866,CRS3035RES1000mN2038000E3148000,4789037769,112.0
5867,CRS3035RES1000mN2038000E3148000,4794233143,119.0
5868,CRS3035RES1000mN2038000E3148000,4870405674,62.0
5869,CRS3035RES1000mN2038000E3148000,5139379922,92.0
5870,CRS3035RES1000mN2038000E3148000,5160337425,33.0
5871,CRS3035RES1000mN2038000E3148000,5196199575,72.0
5872,CRS3035RES1000mN2038000E3148000,5341570554,61.0
5873,CRS3035RES1000mN2038000E3148000,5345949864,80.0
5874,CRS3035RES1000mN2038000E3148000,5448507385,
5875,CRS3035RES1000mN2038000E3148000,5604693894,73.0
5876,CRS3035RES1000mN2038000E3148000,5670401989,68.0
5877,CRS3035RES1000mN2038000E3148000,5942671299,82.0
5878,CRS3035RES1000mN2038000E3148000,5943980960,80.0
5879,CRS3035RES1000mN2038000E3148000,6185791451,
5880,CRS3035RES1000mN2038000E3148000,6188948286,89.0
5881,CRS3035RES1000mN2038000E3148000,6555800191,81.0
5882,CRS3035RES1000mN2038000E3148000,6885254479,65.0
5883,CRS3035RES1000mN2038000E3148000,7222611268,
5884,CRS3035RES1000mN2038000E3148000,7408961006,113.0
5885,CRS3035RES1000mN2038000E3148000,7619964683,113.0
5886,CRS3035RES1000mN2038000E3148000,7836562695,89.0
5887,CRS3035RES1000mN2038000E3148000,8493729364,51.0
5888,CRS3035RES1000mN2038000E3148000,8557885377,72.0
5889,CRS3035RES1000mN2038000E3148000,8807212208,51.0
5890,CRS3035RES1000mN2038000E3148000,8844229173,55.0
5891,CRS3035RES1000mN2038000E3148000,8878422600,30.0
5892,CRS3035RES1000mN2038000E3148000,9595709188,64.0
5893,CRS3035RES1000mN2038000E3148000,9611387099,52.0
5894,CRS3035RES1000mN2038000E3148000,9712656915,32.0
5895,CRS3035RES1000mN2038000E3148000,9713142744,53.0
5896,CRS3035RES1000mN2038000E3148000,9815746657,
5897,CRS3035RES1000mN2038000E3148000,10004871512,84.0
5898,CRS3035RES1000mN2038000E3148000,10281174134,
5899,CRS3035RES1000mN2038000E3148000,10580337411,83.0
5900,CRS3035RES1000mN2038000E3148000,10899442604,94.0
5901,CRS3035RES1000mN2038000E3148000,10922657146,88.0
5902,CRS3035RES1000mN2038000E3148000,11127499928,74.0
5903,CRS3035RES1000mN2038000E3148000,11143725881,57.0
5904,CRS3035RES1000mN2038000E3148000,11243087140,72.0
5905,CRS3035RES1000mN2038000E3148000,11269399969,32.0
5906,CRS3035RES1000mN2038000E3148000,11287269362,84.0
5907,CRS3035RES1000mN2038000E3148000,11287269363,91.0
5908,CRS3035RES1000mN2038000E3148000,11369705764,91.0
5909,CRS3035RES1000mN2038000E3148000,11387776374,80.0
5910,CRS3035RES1000mN2038000E3148000,11461799040,
5911,CRS3035RES1000mN2038000E3148000,11462802981,68.0
5912,CRS3035RES1000mN2038000E3148000,11652077658,51.0
5913,CRS3035RES1000mN2038000E3148000,11691390164,39.0
5914,CRS3035RES1000mN2038000E3148000,11739757462,75.0
5915,CRS3035RES1000mN2038000E3148000,12178446726,62.0
5916,CRS3035RES1000mN2038000E3148000,12407425114,50.0
5917,CRS3035RES1000mN2038000E3148000,12865480228,80.0
5918,CRS3035RES1000mN2038000E3148000,2960630,86.0
5919,CRS3035RES1000mN2038000E3148000,3554044,96.0
5920,CRS3035RES1000mN2038000E3148000,3557906,83.0
5921,CRS3035RES1000mN2038000E3148000,5231361,34.0
5922,CRS3035RES1000mN2038000E3148000,9314566,100.0
5923,CRS3035RES1000mN2038000E3148000,13696257,22.0
5924,CRS3035RES1000mN2038000E3148000,15996131,43.0
5925,CRS3035RES1000mN2038000E3148000,23526191,66.0
5926,CRS3035RES1000mN2038000E3148000,23545719,70.0
5927,CRS3035RES1000mN2038000E3148000,30599279,80.0
5928,CRS3035RES1000mN2038000E3148000,30649229,31.0
5929,CRS3035RES1000mN2038000E3148000,32198651,
5930,CRS3035RES1000mN2038000E3148000,34945111,84.0
5931,CRS3035RES1000mN2038000E3148000,50170625,93.0
5932,CRS3035RES1000mN2038000E3148000,82887228,56.0
5933,CRS3035RES1000mN2038000E3148000,92484952,33.0
5934,CRS3035RES1000mN2038000E3148000,95794713,77.0
5935,CRS3035RES1000mN2038000E3148000,96418670,99.0
5936,CRS3035RES1000mN2038000E3148000,98502686,27.0
5937,CRS3035RES1000mN2038000E3148000,132613257,77.0
5938,CRS3035RES1000mN2038000E3148000,135036040,77.0
5939,CRS3035RES1000mN2038000E3148000,150772489,48.0
5940,CRS3035RES1000mN2038000E3148000,154118456,57.0
5941,CRS3035RES1000mN2038000E3148000,157375776,71.0
5942,CRS3035RES1000mN2038000E3148000,158211204,79.0
5943,CRS3035RES1000mN2038000E3148000,162072415,79.0
5944,CRS3035RES1000mN2038000E3148000,162117720,36.0
5945,CRS3035RES1000mN2038000E3148000,170487273,111.0
5946,CRS3035RES1000mN2038000E3148000,172686062,81.0
5947,CRS3035RES1000mN2038000E3148000,174318235,92.0
5948,CRS3035RES1000mN2038000E3148000,174318237,91.0
5949,CRS3035RES1000mN2038000E3148000,205060159,105.0
5950,CRS3035RES1000mN2038000E3148000,205757163,
5951,CRS3035RES1000mN2038000E3148000,221095520,85.0
5952,CRS3035RES1000mN2038000E3148000,224503374,57.0
5953,CRS3035RES1000mN2038000E3148000,227333462,41.0
5954,CRS3035RES1000mN2038000E3148000,229117454,57.0
5955,CRS3035RES1000mN2038000E3148000,261460389,
5956,CRS3035RES1000mN2038000E3148000,283450022,43.0
5957,CRS3035RES1000mN2038000E3148000,288994040,50.0
5958,CRS3035RES1000mN2038000E3148000,296744564,96.0
5959,CRS3035RES1000mN2038000E3148000,297526406,75.0
5960,CRS3035RES1000mN2038000E3148000,300709861,100.0
5961,CRS3035RES1000mN2038000E3148000,301444634,60.0
5962,CRS3035RES1000mN2038000E3148000,302721609,102.0
5963,CRS3035RES1000mN2038000E3148000,308195630,78.0
5964,CRS3035RES1000mN2038000E3148000,312777902,52.0
5965,CRS3035RES1000mN2038000E3148000,330154630,
5966,CRS3035RES1000mN2038000E3148000,340205456,51.0
5967,CRS3035RES1000mN2038000E3148000,367883612,54.0
5968,CRS3035RES1000mN2038000E3148000,368211943,49.0
5969,CRS3035RES1000mN2038000E3148000,374180360,86.0
5970,CRS3035RES1000mN2038000E3148000,375369499,46.0
5971,CRS3035RES1000mN2038000E3148000,383494544,62.0
5972,CRS3035RES1000mN2038000E3148000,384574591,79.0
5973,CRS3035RES1000mN2038000E3148000,403538322,93.0
5974,CRS3035RES1000mN2038000E3148000,403859503,42.0
5975,CRS3035RES1000mN2038000E3148000,437050442,92.0
5976,CRS3035RES1000mN2038000E3148000,459881697,34.0
5977,CRS3035RES1000mN2038000E3148000,477278425,114.0
5978,CRS3035RES1000mN2038000E3148000,486879235,
5979,CRS3035RES1000mN2038000E3148000,493748377,73.0
5980,CRS3035RES1000mN2038000E3148000,498234201,90.0
5981,CRS3035RES1000mN2038000E3148000,504315026,81.0
5982,CRS3035RES1000mN2038000E3148000,548701490,
5983,CRS3035RES1000mN2038000E3148000,574210084,60.0
5984,CRS3035RES1000mN2038000E3148000,576094143,79.0
5985,CRS3035RES1000mN2038000E3148000,584409067,100.0
5986,CRS3035RES1000mN2038000E3148000,635512756,70.0
5987,CRS3035RES1000mN2038000E3148000,638492224,105.0
5988,CRS3035RES1000mN2038000E3148000,653913062,74.0
5989,CRS3035RES1000mN2038000E3148000,659866770,76.0
5990,CRS3035RES1000mN2038000E3148000,697717972,81.0
5991,CRS3035RES1000mN2038000E3148000,717194862,102.0
5992,CRS3035RES1000mN2038000E3148000,736899303,
5993,CRS3035RES1000mN2038000E3148000,738042217,106.0
5994,CRS3035RES1000mN2038000E3148000,839611983,114.0
5995,CRS3035RES1000mN2038000E3148000,957893520,52.0
5996,CRS3035RES1000mN2038000E3148000,963308110,84.0
5997,CRS3035RES1000mN2038000E3148000,1073283182,94.0
5998,CRS3035RES1000mN2038000E3148000,1252864015,81.0
5999,CRS3035RES1000mN2038000E3148000,1283203658,
6000,CRS3035RES1000mN2039000E3141000,25526,86.0
6001,CRS3035RES1000mN2039000E3141000,1774,80.0
6002,CRS3035RES1000mN2039000E3141000,1770,91.0
6003,CRS3035RES1000mN2039000E3141000,1773,92.0
6004,CRS3035RES1000mN2039000E3141000,1771,57.0
6005,CRS3035RES1000mN2039000E3141000,123303,92.0
6006,CRS3035RES1000mN2039000E3141000,1764,69.0
6007,CRS3035RES1000mN2039000E3141000,181101,97.0
6008,CRS3035RES1000mN2039000E3141000,5765642,92.0
6009,CRS3035RES1000mN2039000E3141000,86719,101.0
6010,CRS3035RES1000mN2039000E3141000,1800,92.0
6011,CRS3035RES1000mN2039000E3141000,1757,78.0
6012,CRS3035RES1000mN2039000E3141000,1755,81.0
6013,CRS3035RES1000mN2039000E3141000,1882,59.0
6014,CRS3035RES1000mN2039000E3141000,1745,82.0
6015,CRS3035RES1000mN2039000E3141000,1794,83.0
6016,CRS3035RES1000mN2039000E3141000,1762,72.0
6017,CRS3035RES1000mN2039000E3141000,51188,78.0
6018,CRS3035RES1000mN2039000E3141000,6893633,76.0
6019,CRS3035RES1000mN2039000E3141000,167128,87.0
6020,CRS3035RES1000mN2039000E3141000,1760,80.0
6021,CRS3035RES1000mN2039000E3141000,12773298,91.0
6022,CRS3035RES1000mN2039000E3141000,1754,103.0
6023,CRS3035RES1000mN2039000E3141000,1748,92.0
6024,CRS3035RES1000mN2039000E3141000,79941,83.0
6025,CRS3035RES1000mN2039000E3141000,1750,84.0
6026,CRS3035RES1000mN2039000E3141000,5975465,69.0
6027,CRS3035RES1000mN2039000E3141000,115056,90.0
6028,CRS3035RES1000mN2039000E3141000,1790,78.0
6029,CRS3035RES1000mN2039000E3141000,1756,85.0
6030,CRS3035RES1000mN2039000E3141000,51849,82.0
6031,CRS3035RES1000mN2039000E3141000,185595,68.0
6032,CRS3035RES1000mN2039000E3141000,7697128,65.0
6033,CRS3035RES1000mN2039000E3141000,10395362,95.0
6034,CRS3035RES1000mN2039000E3141000,1759,81.0
6035,CRS3035RES1000mN2039000E3141000,1752,81.0
6036,CRS3035RES1000mN2039000E3141000,186714,81.0
6037,CRS3035RES1000mN2039000E3141000,1753,86.0
6038,CRS3035RES1000mN2039000E3141000,1792,90.0
6039,CRS3035RES1000mN2039000E3141000,1763,81.0
6040,CRS3035RES1000mN2039000E3141000,1746,89.0
6041,CRS3035RES1000mN2039000E3141000,11572165,96.0
6042,CRS3035RES1000mN2039000E3141000,1761,81.0
6043,CRS3035RES1000mN2039000E3141000,1747,91.0
6044,CRS3035RES1000mN2039000E3141000,5768564,82.0
6045,CRS3035RES1000mN2039000E3141000,1798,69.0
6046,CRS3035RES1000mN2039000E3141000,66904,84.0
6047,CRS3035RES1000mN2039000E3141000,1777,62.0
6048,CRS3035RES1000mN2039000E3141000,1765,74.0
6049,CRS3035RES1000mN2039000E3141000,49416,92.0
6050,CRS3035RES1000mN2039000E3141000,12734939,92.0
6051,CRS3035RES1000mN2039000E3141000,167386167,67.0
6052,CRS3035RES1000mN2039000E3141000,295933804,75.0
6053,CRS3035RES1000mN2039000E3141000,303340017,59.0
6054,CRS3035RES1000mN2039000E3141000,315355551,84.0
6055,CRS3035RES1000mN2039000E3141000,339084977,79.0
6056,CRS3035RES1000mN2039000E3141000,412911553,62.0
6057,CRS3035RES1000mN2039000E3141000,558126037,99.0
6058,CRS3035RES1000mN2039000E3141000,711789768,
6059,CRS3035RES1000mN2039000E3141000,727666062,
6060,CRS3035RES1000mN2039000E3141000,848085869,111.0
6061,CRS3035RES1000mN2039000E3141000,1056098898,73.0
6062,CRS3035RES1000mN2039000E3141000,1255438242,119.0
6063,CRS3035RES1000mN2039000E3141000,1469985039,105.0
6064,CRS3035RES1000mN2039000E3141000,1504302537,
6065,CRS3035RES1000mN2039000E3141000,1511617504,113.0
6066,CRS3035RES1000mN2039000E3141000,1541601287,74.0
6067,CRS3035RES1000mN2039000E3141000,1544591296,86.0
6068,CRS3035RES1000mN2039000E3141000,1598174183,85.0
6069,CRS3035RES1000mN2039000E3141000,1629887846,91.0
6070,CRS3035RES1000mN2039000E3141000,1686660176,93.0
6071,CRS3035RES1000mN2039000E3141000,1716927336,
6072,CRS3035RES1000mN2039000E3141000,1734554324,94.0
6073,CRS3035RES1000mN2039000E3141000,1849109335,64.0
6074,CRS3035RES1000mN2039000E3141000,2028408680,
6075,CRS3035RES1000mN2039000E3141000,2036887702,
6076,CRS3035RES1000mN2039000E3141000,2061404218,103.0
6077,CRS3035RES1000mN2039000E3141000,2134238030,96.0
6078,CRS3035RES1000mN2039000E3141000,2261600754,
6079,CRS3035RES1000mN2039000E3141000,2301402027,101.0
6080,CRS3035RES1000mN2039000E3141000,2303966810,
6081,CRS3035RES1000mN2039000E3141000,2312029862,88.0
6082,CRS3035RES1000mN2039000E3141000,2408860250,84.0
6083,CRS3035RES1000mN2039000E3141000,2620185829,66.0
6084,CRS3035RES1000mN2039000E3141000,2622508931,58.0
6085,CRS3035RES1000mN2039000E3141000,2672130951,
6086,CRS3035RES1000mN2039000E3141000,2710518818,111.0
6087,CRS3035RES1000mN2039000E3141000,3034026261,
6088,CRS3035RES1000mN2039000E3141000,3179889751,
6089,CRS3035RES1000mN2039000E3141000,3206611978,
6090,CRS3035RES1000mN2039000E3141000,3272828439,
6091,CRS3035RES1000mN2039000E3141000,3452364276,95.0
6092,CRS3035RES1000mN2039000E3141000,3452364277,77.0
6093,CRS3035RES1000mN2039000E3141000,3495733197,
6094,CRS3035RES1000mN2039000E3141000,3497154853,
6095,CRS3035RES1000mN2039000E3141000,3517755445,
6096,CRS3035RES1000mN2039000E3141000,3522125657,
6097,CRS3035RES1000mN2039000E3141000,3526751794,
6098,CRS3035RES1000mN2039000E3141000,3839306060,92.0
6099,CRS3035RES1000mN2039000E3141000,4214697664,66.0
6100,CRS3035RES1000mN2039000E3141000,4338252586,
6101,CRS3035RES1000mN2039000E3141000,4401271633,
6102,CRS3035RES1000mN2039000E3141000,4515476768,
6103,CRS3035RES1000mN2039000E3141000,4569910891,68.0
6104,CRS3035RES1000mN2039000E3141000,4703730491,87.0
6105,CRS3035RES1000mN2039000E3141000,4707870392,84.0
6106,CRS3035RES1000mN2039000E3141000,4789037769,
6107,CRS3035RES1000mN2039000E3141000,4794233143,
6108,CRS3035RES1000mN2039000E3141000,4870405674,83.0
6109,CRS3035RES1000mN2039000E3141000,5139379922,101.0
6110,CRS3035RES1000mN2039000E3141000,5160337425,52.0
6111,CRS3035RES1000mN2039000E3141000,5196199575,103.0
6112,CRS3035RES1000mN2039000E3141000,5341570554,81.0
6113,CRS3035RES1000mN2039000E3141000,5345949864,112.0
6114,CRS3035RES1000mN2039000E3141000,5448507385,
6115,CRS3035RES1000mN2039000E3141000,5604693894,
6116,CRS3035RES1000mN2039000E3141000,5670401989,95.0
6117,CRS3035RES1000mN2039000E3141000,5942671299,110.0
6118,CRS3035RES1000mN2039000E3141000,5943980960,80.0
6119,CRS3035RES1000mN2039000E3141000,6185791451,
6120,CRS3035RES1000mN2039000E3141000,6188948286,110.0
6121,CRS3035RES1000mN2039000E3141000,6555800191,104.0
6122,CRS3035RES1000mN2039000E3141000,6885254479,91.0
6123,CRS3035RES1000mN2039000E3141000,7222611268,
6124,CRS3035RES1000mN2039000E3141000,7408961006,
6125,CRS3035RES1000mN2039000E3141000,7619964683,
6126,CRS3035RES1000mN2039000E3141000,7836562695,114.0
6127,CRS3035RES1000mN2039000E3141000,8493729364,73.0
6128,CRS3035RES1000mN2039000E3141000,8557885377,75.0
6129,CRS3035RES1000mN2039000E3141000,8807212208,69.0
6130,CRS3035RES1000mN2039000E3141000,8844229173,72.0
6131,CRS3035RES1000mN2039000E3141000,8878422600,70.0
6132,CRS3035RES1000mN2039000E3141000,9595709188,83.0
6133,CRS3035RES1000mN2039000E3141000,9611387099,79.0
6134,CRS3035RES1000mN2039000E3141000,9712656915,51.0
6135,CRS3035RES1000mN2039000E3141000,9713142744,71.0
6136,CRS3035RES1000mN2039000E3141000,9815746657,
6137,CRS3035RES1000mN2039000E3141000,10004871512,88.0
6138,CRS3035RES1000mN2039000E3141000,10281174134,
6139,CRS3035RES1000mN2039000E3141000,10580337411,96.0
6140,CRS3035RES1000mN2039000E3141000,10899442604,117.0
6141,CRS3035RES1000mN2039000E3141000,10922657146,110.0
6142,CRS3035RES1000mN2039000E3141000,11127499928,100.0
6143,CRS3035RES1000mN2039000E3141000,11143725881,67.0
6144,CRS3035RES1000mN2039000E3141000,11243087140,99.0
6145,CRS3035RES1000mN2039000E3141000,11269399969,53.0
6146,CRS3035RES1000mN2039000E3141000,11287269362,92.0
6147,CRS3035RES1000mN2039000E3141000,11287269363,112.0
6148,CRS3035RES1000mN2039000E3141000,11369705764,103.0
6149,CRS3035RES1000mN2039000E3141000,11387776374,101.0
6150,CRS3035RES1000mN2039000E3141000,11461799040,
6151,CRS3035RES1000mN2039000E3141000,11462802981,87.0
6152,CRS3035RES1000mN2039000E3141000,11652077658,69.0
6153,CRS3035RES1000mN2039000E3141000,11691390164,59.0
6154,CRS3035RES1000mN2039000E3141000,11739757462,100.0
6155,CRS3035RES1000mN2039000E3141000,12178446726,85.0
6156,CRS3035RES1000mN2039000E3141000,12407425114,53.0
6157,CRS3035RES1000mN2039000E3141000,12865480228,93.0
6158,CRS3035RES1000mN2039000E3141000,2960630,106.0
6159,CRS3035RES1000mN2039000E3141000,3554044,109.0
6160,CRS3035RES1000mN2039000E3141000,3557906,107.0
6161,CRS3035RES1000mN2039000E3141000,5231361,54.0
6162,CRS3035RES1000mN2039000E3141000,9314566,
6163,CRS3035RES1000mN2039000E3141000,13696257,75.0
6164,CRS3035RES1000mN2039000E3141000,15996131,61.0
6165,CRS3035RES1000mN2039000E3141000,23526191,85.0
6166,CRS3035RES1000mN2039000E3141000,23545719,88.0
6167,CRS3035RES1000mN2039000E3141000,30599279,102.0
6168,CRS3035RES1000mN2039000E3141000,30649229,51.0
6169,CRS3035RES1000mN2039000E3141000,32198651,
6170,CRS3035RES1000mN2039000E3141000,34945111,106.0
6171,CRS3035RES1000mN2039000E3141000,50170625,
6172,CRS3035RES1000mN2039000E3141000,82887228,91.0
6173,CRS3035RES1000mN2039000E3141000,92484952,67.0
6174,CRS3035RES1000mN2039000E3141000,95794713,99.0
6175,CRS3035RES1000mN2039000E3141000,96418670,
6176,CRS3035RES1000mN2039000E3141000,98502686,50.0
6177,CRS3035RES1000mN2039000E3141000,132613257,96.0
6178,CRS3035RES1000mN2039000E3141000,135036040,94.0
6179,CRS3035RES1000mN2039000E3141000,150772489,67.0
6180,CRS3035RES1000mN2039000E3141000,154118456,83.0
6181,CRS3035RES1000mN2039000E3141000,157375776,97.0
6182,CRS3035RES1000mN2039000E3141000,158211204,101.0
6183,CRS3035RES1000mN2039000E3141000,162072415,101.0
6184,CRS3035RES1000mN2039000E3141000,162117720,67.0
6185,CRS3035RES1000mN2039000E3141000,170487273,
6186,CRS3035RES1000mN2039000E3141000,172686062,103.0
6187,CRS3035RES1000mN2039000E3141000,174318235,114.0
6188,CRS3035RES1000mN2039000E3141000,174318237,113.0
6189,CRS3035RES1000mN2039000E3141000,205060159,
6190,CRS3035RES1000mN2039000E3141000,205757163,
6191,CRS3035RES1000mN2039000E3141000,221095520,99.0
6192,CRS3035RES1000mN2039000E3141000,224503374,74.0
6193,CRS3035RES1000mN2039000E3141000,227333462,54.0
6194,CRS3035RES1000mN2039000E3141000,229117454,66.0
6195,CRS3035RES1000mN2039000E3141000,261460389,
6196,CRS3035RES1000mN2039000E3141000,283450022,61.0
6197,CRS3035RES1000mN2039000E3141000,288994040,75.0
6198,CRS3035RES1000mN2039000E3141000,296744564,
6199,CRS3035RES1000mN2039000E3141000,297526406,98.0
6200,CRS3035RES1000mN2039000E3141000,300709861,
6201,CRS3035RES1000mN2039000E3141000,301444634,70.0
6202,CRS3035RES1000mN2039000E3141000,302721609,
6203,CRS3035RES1000mN2039000E3141000,308195630,81.0
6204,CRS3035RES1000mN2039000E3141000,312777902,78.0
6205,CRS3035RES1000mN2039000E3141000,330154630,
6206,CRS3035RES1000mN2039000E3141000,340205456,68.0
6207,CRS3035RES1000mN2039000E3141000,367883612,89.0
6208,CRS3035RES1000mN2039000E3141000,368211943,83.0
6209,CRS3035RES1000mN2039000E3141000,374180360,94.0
6210,CRS3035RES1000mN2039000E3141000,375369499,77.0
6211,CRS3035RES1000mN2039000E3141000,383494544,84.0
6212,CRS3035RES1000mN2039000E3141000,384574591,104.0
6213,CRS3035RES1000mN2039000E3141000,403538322,113.0
6214,CRS3035RES1000mN2039000E3141000,403859503,60.0
6215,CRS3035RES1000mN2039000E3141000,437050442,117.0
6216,CRS3035RES1000mN2039000E3141000,459881697,41.0
6217,CRS3035RES1000mN2039000E3141000,477278425,
6218,CRS3035RES1000mN2039000E3141000,486879235,
6219,CRS3035RES1000mN2039000E3141000,493748377,97.0
6220,CRS3035RES1000mN2039000E3141000,498234201,115.0
6221,CRS3035RES1000mN2039000E3141000,504315026,94.0
6222,CRS3035RES1000mN2039000E3141000,548701490,
6223,CRS3035RES1000mN2039000E3141000,574210084,64.0
6224,CRS3035RES1000mN2039000E3141000,576094143,103.0
6225,CRS3035RES1000mN2039000E3141000,584409067,
6226,CRS3035RES1000mN2039000E3141000,635512756,98.0
6227,CRS3035RES1000mN2039000E3141000,638492224,
6228,CRS3035RES1000mN2039000E3141000,653913062,100.0
6229,CRS3035RES1000mN2039000E3141000,659866770,
6230,CRS3035RES1000mN2039000E3141000,697717972,104.0
6231,CRS3035RES1000mN2039000E3141000,717194862,
6232,CRS3035RES1000mN2039000E3141000,736899303,
6233,CRS3035RES1000mN2039000E3141000,738042217,
6234,CRS3035RES1000mN2039000E3141000,839611983,
6235,CRS3035RES1000mN2039000E3141000,957893520,70.0
6236,CRS3035RES1000mN2039000E3141000,963308110,103.0
6237,CRS3035RES1000mN2039000E3141000,1073283182,
6238,CRS3035RES1000mN2039000E3141000,1252864015,85.0
6239,CRS3035RES1000mN2039000E3141000,1283203658,
6240,CRS3035RES1000mN2039000E3142000,25526,85.0
6241,CRS3035RES1000mN2039000E3142000,1774,78.0
6242,CRS3035RES1000mN2039000E3142000,1770,89.0
6243,CRS3035RES1000mN2039000E3142000,1773,91.0
6244,CRS3035RES1000mN2039000E3142000,1771,56.0
6245,CRS3035RES1000mN2039000E3142000,123303,90.0
6246,CRS3035RES1000mN2039000E3142000,1764,68.0
6247,CRS3035RES1000mN2039000E3142000,181101,94.0
6248,CRS3035RES1000mN2039000E3142000,5765642,92.0
6249,CRS3035RES1000mN2039000E3142000,86719,99.0
6250,CRS3035RES1000mN2039000E3142000,1800,90.0
6251,CRS3035RES1000mN2039000E3142000,1757,77.0
6252,CRS3035RES1000mN2039000E3142000,1755,80.0
6253,CRS3035RES1000mN2039000E3142000,1882,58.0
6254,CRS3035RES1000mN2039000E3142000,1745,81.0
6255,CRS3035RES1000mN2039000E3142000,1794,82.0
6256,CRS3035RES1000mN2039000E3142000,1762,70.0
6257,CRS3035RES1000mN2039000E3142000,51188,76.0
6258,CRS3035RES1000mN2039000E3142000,6893633,74.0
6259,CRS3035RES1000mN2039000E3142000,167128,87.0
6260,CRS3035RES1000mN2039000E3142000,1760,78.0
6261,CRS3035RES1000mN2039000E3142000,12773298,88.0
6262,CRS3035RES1000mN2039000E3142000,1754,103.0
6263,CRS3035RES1000mN2039000E3142000,1748,90.0
6264,CRS3035RES1000mN2039000E3142000,79941,83.0
6265,CRS3035RES1000mN2039000E3142000,1750,82.0
6266,CRS3035RES1000mN2039000E3142000,5975465,68.0
6267,CRS3035RES1000mN2039000E3142000,115056,89.0
6268,CRS3035RES1000mN2039000E3142000,1790,77.0
6269,CRS3035RES1000mN2039000E3142000,1756,84.0
6270,CRS3035RES1000mN2039000E3142000,51849,80.0
6271,CRS3035RES1000mN2039000E3142000,185595,68.0
6272,CRS3035RES1000mN2039000E3142000,7697128,64.0
6273,CRS3035RES1000mN2039000E3142000,10395362,96.0
6274,CRS3035RES1000mN2039000E3142000,1759,80.0
6275,CRS3035RES1000mN2039000E3142000,1752,81.0
6276,CRS3035RES1000mN2039000E3142000,186714,81.0
6277,CRS3035RES1000mN2039000E3142000,1753,84.0
6278,CRS3035RES1000mN2039000E3142000,1792,87.0
6279,CRS3035RES1000mN2039000E3142000,1763,79.0
6280,CRS3035RES1000mN2039000E3142000,1746,88.0
6281,CRS3035RES1000mN2039000E3142000,11572165,94.0
6282,CRS3035RES1000mN2039000E3142000,1761,79.0
6283,CRS3035RES1000mN2039000E3142000,1747,91.0
6284,CRS3035RES1000mN2039000E3142000,5768564,80.0
6285,CRS3035RES1000mN2039000E3142000,1798,67.0
6286,CRS3035RES1000mN2039000E3142000,66904,83.0
6287,CRS3035RES1000mN2039000E3142000,1777,60.0
6288,CRS3035RES1000mN2039000E3142000,1765,73.0
6289,CRS3035RES1000mN2039000E3142000,49416,89.0
6290,CRS3035RES1000mN2039000E3142000,12734939,89.0
6291,CRS3035RES1000mN2039000E3142000,167386167,65.0
6292,CRS3035RES1000mN2039000E3142000,295933804,71.0
6293,CRS3035RES1000mN2039000E3142000,303340017,58.0
6294,CRS3035RES1000mN2039000E3142000,315355551,83.0
6295,CRS3035RES1000mN2039000E3142000,339084977,78.0
6296,CRS3035RES1000mN2039000E3142000,412911553,61.0
6297,CRS3035RES1000mN2039000E3142000,558126037,98.0
6298,CRS3035RES1000mN2039000E3142000,711789768,
6299,CRS3035RES1000mN2039000E3142000,727666062,
6300,CRS3035RES1000mN2039000E3142000,848085869,111.0
6301,CRS3035RES1000mN2039000E3142000,1056098898,72.0
6302,CRS3035RES1000mN2039000E3142000,1255438242,118.0
6303,CRS3035RES1000mN2039000E3142000,1469985039,101.0
6304,CRS3035RES1000mN2039000E3142000,1504302537,
6305,CRS3035RES1000mN2039000E3142000,1511617504,112.0
6306,CRS3035RES1000mN2039000E3142000,1541601287,74.0
6307,CRS3035RES1000mN2039000E3142000,1544591296,86.0
6308,CRS3035RES1000mN2039000E3142000,1598174183,85.0
6309,CRS3035RES1000mN2039000E3142000,1629887846,91.0
6310,CRS3035RES1000mN2039000E3142000,1686660176,92.0
6311,CRS3035RES1000mN2039000E3142000,1716927336,
6312,CRS3035RES1000mN2039000E3142000,1734554324,93.0
6313,CRS3035RES1000mN2039000E3142000,1849109335,63.0
6314,CRS3035RES1000mN2039000E3142000,2028408680,
6315,CRS3035RES1000mN2039000E3142000,2036887702,
6316,CRS3035RES1000mN2039000E3142000,2061404218,103.0
6317,CRS3035RES1000mN2039000E3142000,2134238030,95.0
6318,CRS3035RES1000mN2039000E3142000,2261600754,
6319,CRS3035RES1000mN2039000E3142000,2301402027,100.0
6320,CRS3035RES1000mN2039000E3142000,2303966810,
6321,CRS3035RES1000mN2039000E3142000,2312029862,88.0
6322,CRS3035RES1000mN2039000E3142000,2408860250,83.0
6323,CRS3035RES1000mN2039000E3142000,2620185829,65.0
6324,CRS3035RES1000mN2039000E3142000,2622508931,57.0
6325,CRS3035RES1000mN2039000E3142000,2672130951,
6326,CRS3035RES1000mN2039000E3142000,2710518818,110.0
6327,CRS3035RES1000mN2039000E3142000,3034026261,
6328,CRS3035RES1000mN2039000E3142000,3179889751,
6329,CRS3035RES1000mN2039000E3142000,3206611978,
6330,CRS3035RES1000mN2039000E3142000,3272828439,
6331,CRS3035RES1000mN2039000E3142000,3452364276,94.0
6332,CRS3035RES1000mN2039000E3142000,3452364277,76.0
6333,CRS3035RES1000mN2039000E3142000,3495733197,
6334,CRS3035RES1000mN2039000E3142000,3497154853,
6335,CRS3035RES1000mN2039000E3142000,3517755445,
6336,CRS3035RES1000mN2039000E3142000,3522125657,
6337,CRS3035RES1000mN2039000E3142000,3526751794,
6338,CRS3035RES1000mN2039000E3142000,3839306060,92.0
6339,CRS3035RES1000mN2039000E3142000,4214697664,65.0
6340,CRS3035RES1000mN2039000E3142000,4338252586,
6341,CRS3035RES1000mN2039000E3142000,4401271633,
6342,CRS3035RES1000mN2039000E3142000,4515476768,
6343,CRS3035RES1000mN2039000E3142000,4569910891,66.0
6344,CRS3035RES1000mN2039000E3142000,4703730491,85.0
6345,CRS3035RES1000mN2039000E3142000,4707870392,83.0
6346,CRS3035RES1000mN2039000E3142000,4789037769,
6347,CRS3035RES1000mN2039000E3142000,4794233143,
6348,CRS3035RES1000mN2039000E3142000,4870405674,82.0
6349,CRS3035RES1000mN2039000E3142000,5139379922,102.0
6350,CRS3035RES1000mN2039000E3142000,5160337425,51.0
6351,CRS3035RES1000mN2039000E3142000,5196199575,103.0
6352,CRS3035RES1000mN2039000E3142000,5341570554,79.0
6353,CRS3035RES1000mN2039000E3142000,5345949864,111.0
6354,CRS3035RES1000mN2039000E3142000,5448507385,
6355,CRS3035RES1000mN2039000E3142000,5604693894,
6356,CRS3035RES1000mN2039000E3142000,5670401989,94.0
6357,CRS3035RES1000mN2039000E3142000,5942671299,109.0
6358,CRS3035RES1000mN2039000E3142000,5943980960,82.0
6359,CRS3035RES1000mN2039000E3142000,6185791451,
6360,CRS3035RES1000mN2039000E3142000,6188948286,106.0
6361,CRS3035RES1000mN2039000E3142000,6555800191,103.0
6362,CRS3035RES1000mN2039000E3142000,6885254479,91.0
6363,CRS3035RES1000mN2039000E3142000,7222611268,
6364,CRS3035RES1000mN2039000E3142000,7408961006,
6365,CRS3035RES1000mN2039000E3142000,7619964683,
6366,CRS3035RES1000mN2039000E3142000,7836562695,114.0
6367,CRS3035RES1000mN2039000E3142000,8493729364,71.0
6368,CRS3035RES1000mN2039000E3142000,8557885377,74.0
6369,CRS3035RES1000mN2039000E3142000,8807212208,68.0
6370,CRS3035RES1000mN2039000E3142000,8844229173,70.0
6371,CRS3035RES1000mN2039000E3142000,8878422600,69.0
6372,CRS3035RES1000mN2039000E3142000,9595709188,81.0
6373,CRS3035RES1000mN2039000E3142000,9611387099,78.0
6374,CRS3035RES1000mN2039000E3142000,9712656915,50.0
6375,CRS3035RES1000mN2039000E3142000,9713142744,69.0
6376,CRS3035RES1000mN2039000E3142000,9815746657,
6377,CRS3035RES1000mN2039000E3142000,10004871512,88.0
6378,CRS3035RES1000mN2039000E3142000,10281174134,
6379,CRS3035RES1000mN2039000E3142000,10580337411,96.0
6380,CRS3035RES1000mN2039000E3142000,10899442604,116.0
6381,CRS3035RES1000mN2039000E3142000,10922657146,110.0
6382,CRS3035RES1000mN2039000E3142000,11127499928,100.0
6383,CRS3035RES1000mN2039000E3142000,11143725881,66.0
6384,CRS3035RES1000mN2039000E3142000,11243087140,99.0
6385,CRS3035RES1000mN2039000E3142000,11269399969,52.0
6386,CRS3035RES1000mN2039000E3142000,11287269362,92.0
6387,CRS3035RES1000mN2039000E3142000,11287269363,111.0
6388,CRS3035RES1000mN2039000E3142000,11369705764,102.0
6389,CRS3035RES1000mN2039000E3142000,11387776374,98.0
6390,CRS3035RES1000mN2039000E3142000,11461799040,
6391,CRS3035RES1000mN2039000E3142000,11462802981,84.0
6392,CRS3035RES1000mN2039000E3142000,11652077658,68.0
6393,CRS3035RES1000mN2039000E3142000,11691390164,57.0
6394,CRS3035RES1000mN2039000E3142000,11739757462,97.0
6395,CRS3035RES1000mN2039000E3142000,12178446726,84.0
6396,CRS3035RES1000mN2039000E3142000,12407425114,56.0
6397,CRS3035RES1000mN2039000E3142000,12865480228,93.0
6398,CRS3035RES1000mN2039000E3142000,2960630,105.0
6399,CRS3035RES1000mN2039000E3142000,3554044,108.0
6400,CRS3035RES1000mN2039000E3142000,3557906,105.0
6401,CRS3035RES1000mN2039000E3142000,5231361,53.0
6402,CRS3035RES1000mN2039000E3142000,9314566,
6403,CRS3035RES1000mN2039000E3142000,13696257,72.0
6404,CRS3035RES1000mN2039000E3142000,15996131,60.0
6405,CRS3035RES1000mN2039000E3142000,23526191,84.0
6406,CRS3035RES1000mN2039000E3142000,23545719,86.0
6407,CRS3035RES1000mN2039000E3142000,30599279,100.0
6408,CRS3035RES1000mN2039000E3142000,30649229,50.0
6409,CRS3035RES1000mN2039000E3142000,32198651,
6410,CRS3035RES1000mN2039000E3142000,34945111,106.0
6411,CRS3035RES1000mN2039000E3142000,50170625,
6412,CRS3035RES1000mN2039000E3142000,82887228,91.0
6413,CRS3035RES1000mN2039000E3142000,92484952,64.0
6414,CRS3035RES1000mN2039000E3142000,95794713,97.0
6415,CRS3035RES1000mN2039000E3142000,96418670,
6416,CRS3035RES1000mN2039000E3142000,98502686,49.0
6417,CRS3035RES1000mN2039000E3142000,132613257,94.0
6418,CRS3035RES1000mN2039000E3142000,135036040,94.0
6419,CRS3035RES1000mN2039000E3142000,150772489,65.0
6420,CRS3035RES1000mN2039000E3142000,154118456,81.0
6421,CRS3035RES1000mN2039000E3142000,157375776,97.0
6422,CRS3035RES1000mN2039000E3142000,158211204,100.0
6423,CRS3035RES1000mN2039000E3142000,162072415,101.0
6424,CRS3035RES1000mN2039000E3142000,162117720,67.0
6425,CRS3035RES1000mN2039000E3142000,170487273,
6426,CRS3035RES1000mN2039000E3142000,172686062,102.0
6427,CRS3035RES1000mN2039000E3142000,174318235,114.0
6428,CRS3035RES1000mN2039000E3142000,174318237,113.0
6429,CRS3035RES1000mN2039000E3142000,205060159,
6430,CRS3035RES1000mN2039000E3142000,205757163,
6431,CRS3035RES1000mN2039000E3142000,221095520,98.0
6432,CRS3035RES1000mN2039000E3142000,224503374,73.0
6433,CRS3035RES1000mN2039000E3142000,227333462,57.0
6434,CRS3035RES1000mN2039000E3142000,229117454,65.0
6435,CRS3035RES1000mN2039000E3142000,261460389,
6436,CRS3035RES1000mN2039000E3142000,283450022,60.0
6437,CRS3035RES1000mN2039000E3142000,288994040,73.0
6438,CRS3035RES1000mN2039000E3142000,296744564,
6439,CRS3035RES1000mN2039000E3142000,297526406,98.0
6440,CRS3035RES1000mN2039000E3142000,300709861,
6441,CRS3035RES1000mN2039000E3142000,301444634,73.0
6442,CRS3035RES1000mN2039000E3142000,302721609,
6443,CRS3035RES1000mN2039000E3142000,308195630,80.0
6444,CRS3035RES1000mN2039000E3142000,312777902,76.0
6445,CRS3035RES1000mN2039000E3142000,330154630,
6446,CRS3035RES1000mN2039000E3142000,340205456,66.0
6447,CRS3035RES1000mN2039000E3142000,367883612,89.0
6448,CRS3035RES1000mN2039000E3142000,368211943,82.0
6449,CRS3035RES1000mN2039000E3142000,374180360,93.0
6450,CRS3035RES1000mN2039000E3142000,375369499,75.0
6451,CRS3035RES1000mN2039000E3142000,383494544,82.0
6452,CRS3035RES1000mN2039000E3142000,384574591,101.0
6453,CRS3035RES1000mN2039000E3142000,403538322,113.0
6454,CRS3035RES1000mN2039000E3142000,403859503,59.0
6455,CRS3035RES1000mN2039000E3142000,437050442,114.0
6456,CRS3035RES1000mN2039000E3142000,459881697,43.0
6457,CRS3035RES1000mN2039000E3142000,477278425,
6458,CRS3035RES1000mN2039000E3142000,486879235,
6459,CRS3035RES1000mN2039000E3142000,493748377,96.0
6460,CRS3035RES1000mN2039000E3142000,498234201,112.0
6461,CRS3035RES1000mN2039000E3142000,504315026,94.0
6462,CRS3035RES1000mN2039000E3142000,548701490,
6463,CRS3035RES1000mN2039000E3142000,574210084,63.0
6464,CRS3035RES1000mN2039000E3142000,576094143,103.0
6465,CRS3035RES1000mN2039000E3142000,584409067,
6466,CRS3035RES1000mN2039000E3142000,635512756,98.0
6467,CRS3035RES1000mN2039000E3142000,638492224,
6468,CRS3035RES1000mN2039000E3142000,653913062,100.0
6469,CRS3035RES1000mN2039000E3142000,659866770,
6470,CRS3035RES1000mN2039000E3142000,697717972,103.0
6471,CRS3035RES1000mN2039000E3142000,717194862,
6472,CRS3035RES1000mN2039000E3142000,736899303,
6473,CRS3035RES1000mN2039000E3142000,738042217,
6474,CRS3035RES1000mN2039000E3142000,839611983,
6475,CRS3035RES1000mN2039000E3142000,957893520,69.0
6476,CRS3035RES1000mN2039000E3142000,963308110,101.0
6477,CRS3035RES1000mN2039000E3142000,1073283182,
6478,CRS3035RES1000mN2039000E3142000,1252864015,85.0
6479,CRS3035RES1000mN2039000E3142000,1283203658,
6480,CRS3035RES1000mN2039000E3143000,25526,107.0
6481,CRS3035RES1000mN2039000E3143000,1774,97.0
6482,CRS3035RES1000mN2039000E3143000,1770,109.0
6483,CRS3035RES1000mN2039000E3143000,1773,111.0
6484,CRS3035RES1000mN2039000E3143000,1771,75.0
6485,CRS3035RES1000mN2039000E3143000,123303,109.0
6486,CRS3035RES1000mN2039000E3143000,1764,87.0
6487,CRS3035RES1000mN2039000E3143000,181101,116.0
6488,CRS3035RES1000mN2039000E3143000,5765642,110.0
6489,CRS3035RES1000mN2039000E3143000,86719,119.0
6490,CRS3035RES1000mN2039000E3143000,1800,109.0
6491,CRS3035RES1000mN2039000E3143000,1757,96.0
6492,CRS3035RES1000mN2039000E3143000,1755,98.0
6493,CRS3035RES1000mN2039000E3143000,1882,77.0
6494,CRS3035RES1000mN2039000E3143000,1745,104.0
6495,CRS3035RES1000mN2039000E3143000,1794,101.0
6496,CRS3035RES1000mN2039000E3143000,1762,90.0
6497,CRS3035RES1000mN2039000E3143000,51188,95.0
6498,CRS3035RES1000mN2039000E3143000,6893633,94.0
6499,CRS3035RES1000mN2039000E3143000,167128,107.0
6500,CRS3035RES1000mN2039000E3143000,1760,98.0
6501,CRS3035RES1000mN2039000E3143000,12773298,109.0
6502,CRS3035RES1000mN2039000E3143000,1754,119.0
6503,CRS3035RES1000mN2039000E3143000,1748,110.0
6504,CRS3035RES1000mN2039000E3143000,79941,109.0
6505,CRS3035RES1000mN2039000E3143000,1750,102.0
6506,CRS3035RES1000mN2039000E3143000,5975465,87.0
6507,CRS3035RES1000mN2039000E3143000,115056,109.0
6508,CRS3035RES1000mN2039000E3143000,1790,93.0
6509,CRS3035RES1000mN2039000E3143000,1756,103.0
6510,CRS3035RES1000mN2039000E3143000,51849,100.0
6511,CRS3035RES1000mN2039000E3143000,185595,87.0
6512,CRS3035RES1000mN2039000E3143000,7697128,83.0
6513,CRS3035RES1000mN2039000E3143000,10395362,115.0
6514,CRS3035RES1000mN2039000E3143000,1759,98.0
6515,CRS3035RES1000mN2039000E3143000,1752,100.0
6516,CRS3035RES1000mN2039000E3143000,186714,100.0
6517,CRS3035RES1000mN2039000E3143000,1753,103.0
6518,CRS3035RES1000mN2039000E3143000,1792,109.0
6519,CRS3035RES1000mN2039000E3143000,1763,95.0
6520,CRS3035RES1000mN2039000E3143000,1746,107.0
6521,CRS3035RES1000mN2039000E3143000,11572165,111.0
6522,CRS3035RES1000mN2039000E3143000,1761,98.0
6523,CRS3035RES1000mN2039000E3143000,1747,110.0
6524,CRS3035RES1000mN2039000E3143000,5768564,100.0
6525,CRS3035RES1000mN2039000E3143000,1798,86.0
6526,CRS3035RES1000mN2039000E3143000,66904,100.0
6527,CRS3035RES1000mN2039000E3143000,1777,80.0
6528,CRS3035RES1000mN2039000E3143000,1765,93.0
6529,CRS3035RES1000mN2039000E3143000,49416,111.0
6530,CRS3035RES1000mN2039000E3143000,12734939,111.0
6531,CRS3035RES1000mN2039000E3143000,167386167,84.0
6532,CRS3035RES1000mN2039000E3143000,295933804,84.0
6533,CRS3035RES1000mN2039000E3143000,303340017,72.0
6534,CRS3035RES1000mN2039000E3143000,315355551,90.0
6535,CRS3035RES1000mN2039000E3143000,339084977,102.0
6536,CRS3035RES1000mN2039000E3143000,412911553,78.0
6537,CRS3035RES1000mN2039000E3143000,558126037,111.0
6538,CRS3035RES1000mN2039000E3143000,711789768,
6539,CRS3035RES1000mN2039000E3143000,727666062,
6540,CRS3035RES1000mN2039000E3143000,848085869,
6541,CRS3035RES1000mN2039000E3143000,1056098898,92.0
6542,CRS3035RES1000mN2039000E3143000,1255438242,
6543,CRS3035RES1000mN2039000E3143000,1469985039,
6544,CRS3035RES1000mN2039000E3143000,1504302537,
6545,CRS3035RES1000mN2039000E3143000,1511617504,
6546,CRS3035RES1000mN2039000E3143000,1541601287,94.0
6547,CRS3035RES1000mN2039000E3143000,1544591296,106.0
6548,CRS3035RES1000mN2039000E3143000,1598174183,112.0
6549,CRS3035RES1000mN2039000E3143000,1629887846,117.0
6550,CRS3035RES1000mN2039000E3143000,1686660176,111.0
6551,CRS3035RES1000mN2039000E3143000,1716927336,
6552,CRS3035RES1000mN2039000E3143000,1734554324,
6553,CRS3035RES1000mN2039000E3143000,1849109335,77.0
6554,CRS3035RES1000mN2039000E3143000,2028408680,
6555,CRS3035RES1000mN2039000E3143000,2036887702,
6556,CRS3035RES1000mN2039000E3143000,2061404218,109.0
6557,CRS3035RES1000mN2039000E3143000,2134238030,
6558,CRS3035RES1000mN2039000E3143000,2261600754,
6559,CRS3035RES1000mN2039000E3143000,2301402027,119.0
6560,CRS3035RES1000mN2039000E3143000,2303966810,
6561,CRS3035RES1000mN2039000E3143000,2312029862,115.0
6562,CRS3035RES1000mN2039000E3143000,2408860250,102.0
6563,CRS3035RES1000mN2039000E3143000,2620185829,85.0
6564,CRS3035RES1000mN2039000E3143000,2622508931,76.0
6565,CRS3035RES1000mN2039000E3143000,2672130951,
6566,CRS3035RES1000mN2039000E3143000,2710518818,
6567,CRS3035RES1000mN2039000E3143000,3034026261,
6568,CRS3035RES1000mN2039000E3143000,3179889751,
6569,CRS3035RES1000mN2039000E3143000,3206611978,
6570,CRS3035RES1000mN2039000E3143000,3272828439,
6571,CRS3035RES1000mN2039000E3143000,3452364276,115.0
6572,CRS3035RES1000mN2039000E3143000,3452364277,96.0
6573,CRS3035RES1000mN2039000E3143000,3495733197,
6574,CRS3035RES1000mN2039000E3143000,3497154853,
6575,CRS3035RES1000mN2039000E3143000,3517755445,
6576,CRS3035RES1000mN2039000E3143000,3522125657,
6577,CRS3035RES1000mN2039000E3143000,3526751794,
6578,CRS3035RES1000mN2039000E3143000,3839306060,114.0
6579,CRS3035RES1000mN2039000E3143000,4214697664,85.0
6580,CRS3035RES1000mN2039000E3143000,4338252586,
6581,CRS3035RES1000mN2039000E3143000,4401271633,
6582,CRS3035RES1000mN2039000E3143000,4515476768,
6583,CRS3035RES1000mN2039000E3143000,4569910891,85.0
6584,CRS3035RES1000mN2039000E3143000,4703730491,98.0
6585,CRS3035RES1000mN2039000E3143000,4707870392,94.0
6586,CRS3035RES1000mN2039000E3143000,4789037769,
6587,CRS3035RES1000mN2039000E3143000,4794233143,
6588,CRS3035RES1000mN2039000E3143000,4870405674,102.0
6589,CRS3035RES1000mN2039000E3143000,5139379922,102.0
6590,CRS3035RES1000mN2039000E3143000,5160337425,70.0
6591,CRS3035RES1000mN2039000E3143000,5196199575,119.0
6592,CRS3035RES1000mN2039000E3143000,5341570554,98.0
6593,CRS3035RES1000mN2039000E3143000,5345949864,
6594,CRS3035RES1000mN2039000E3143000,5448507385,
6595,CRS3035RES1000mN2039000E3143000,5604693894,
6596,CRS3035RES1000mN2039000E3143000,5670401989,
6597,CRS3035RES1000mN2039000E3143000,5942671299,
6598,CRS3035RES1000mN2039000E3143000,5943980960,108.0
6599,CRS3035RES1000mN2039000E3143000,6185791451,
6600,CRS3035RES1000mN2039000E3143000,6188948286,
6601,CRS3035RES1000mN2039000E3143000,6555800191,
6602,CRS3035RES1000mN2039000E3143000,6885254479,109.0
6603,CRS3035RES1000mN2039000E3143000,7222611268,
6604,CRS3035RES1000mN2039000E3143000,7408961006,
6605,CRS3035RES1000mN2039000E3143000,7619964683,
6606,CRS3035RES1000mN2039000E3143000,7836562695,
6607,CRS3035RES1000mN2039000E3143000,8493729364,90.0
6608,CRS3035RES1000mN2039000E3143000,8557885377,103.0
6609,CRS3035RES1000mN2039000E3143000,8807212208,88.0
6610,CRS3035RES1000mN2039000E3143000,8844229173,90.0
6611,CRS3035RES1000mN2039000E3143000,8878422600,78.0
6612,CRS3035RES1000mN2039000E3143000,9595709188,102.0
6613,CRS3035RES1000mN2039000E3143000,9611387099,96.0
6614,CRS3035RES1000mN2039000E3143000,9712656915,69.0
6615,CRS3035RES1000mN2039000E3143000,9713142744,89.0
6616,CRS3035RES1000mN2039000E3143000,9815746657,
6617,CRS3035RES1000mN2039000E3143000,10004871512,115.0
6618,CRS3035RES1000mN2039000E3143000,10281174134,
6619,CRS3035RES1000mN2039000E3143000,10580337411,118.0
6620,CRS3035RES1000mN2039000E3143000,10899442604,
6621,CRS3035RES1000mN2039000E3143000,10922657146,
6622,CRS3035RES1000mN2039000E3143000,11127499928,
6623,CRS3035RES1000mN2039000E3143000,11143725881,75.0
6624,CRS3035RES1000mN2039000E3143000,11243087140,113.0
6625,CRS3035RES1000mN2039000E3143000,11269399969,67.0
6626,CRS3035RES1000mN2039000E3143000,11287269362,119.0
6627,CRS3035RES1000mN2039000E3143000,11287269363,
6628,CRS3035RES1000mN2039000E3143000,11369705764,
6629,CRS3035RES1000mN2039000E3143000,11387776374,118.0
6630,CRS3035RES1000mN2039000E3143000,11461799040,
6631,CRS3035RES1000mN2039000E3143000,11462802981,106.0
6632,CRS3035RES1000mN2039000E3143000,11652077658,82.0
6633,CRS3035RES1000mN2039000E3143000,11691390164,76.0
6634,CRS3035RES1000mN2039000E3143000,11739757462,
6635,CRS3035RES1000mN2039000E3143000,12178446726,103.0
6636,CRS3035RES1000mN2039000E3143000,12407425114,73.0
6637,CRS3035RES1000mN2039000E3143000,12865480228,115.0
6638,CRS3035RES1000mN2039000E3143000,2960630,
6639,CRS3035RES1000mN2039000E3143000,3554044,
6640,CRS3035RES1000mN2039000E3143000,3557906,
6641,CRS3035RES1000mN2039000E3143000,5231361,69.0
6642,CRS3035RES1000mN2039000E3143000,9314566,
6643,CRS3035RES1000mN2039000E3143000,13696257,68.0
6644,CRS3035RES1000mN2039000E3143000,15996131,79.0
6645,CRS3035RES1000mN2039000E3143000,23526191,102.0
6646,CRS3035RES1000mN2039000E3143000,23545719,106.0
6647,CRS3035RES1000mN2039000E3143000,30599279,119.0
6648,CRS3035RES1000mN2039000E3143000,30649229,66.0
6649,CRS3035RES1000mN2039000E3143000,32198651,
6650,CRS3035RES1000mN2039000E3143000,34945111,
6651,CRS3035RES1000mN2039000E3143000,50170625,
6652,CRS3035RES1000mN2039000E3143000,82887228,104.0
6653,CRS3035RES1000mN2039000E3143000,92484952,71.0
6654,CRS3035RES1000mN2039000E3143000,95794713,118.0
6655,CRS3035RES1000mN2039000E3143000,96418670,
6656,CRS3035RES1000mN2039000E3143000,98502686,64.0
6657,CRS3035RES1000mN2039000E3143000,132613257,114.0
6658,CRS3035RES1000mN2039000E3143000,135036040,119.0
6659,CRS3035RES1000mN2039000E3143000,150772489,84.0
6660,CRS3035RES1000mN2039000E3143000,154118456,84.0
6661,CRS3035RES1000mN2039000E3143000,157375776,
6662,CRS3035RES1000mN2039000E3143000,158211204,118.0
6663,CRS3035RES1000mN2039000E3143000,162072415,115.0
6664,CRS3035RES1000mN2039000E3143000,162117720,72.0
6665,CRS3035RES1000mN2039000E3143000,170487273,
6666,CRS3035RES1000mN2039000E3143000,172686062,
6667,CRS3035RES1000mN2039000E3143000,174318235,
6668,CRS3035RES1000mN2039000E3143000,174318237,
6669,CRS3035RES1000mN2039000E3143000,205060159,
6670,CRS3035RES1000mN2039000E3143000,205757163,
6671,CRS3035RES1000mN2039000E3143000,221095520,118.0
6672,CRS3035RES1000mN2039000E3143000,224503374,92.0
6673,CRS3035RES1000mN2039000E3143000,227333462,84.0
6674,CRS3035RES1000mN2039000E3143000,229117454,74.0
6675,CRS3035RES1000mN2039000E3143000,261460389,
6676,CRS3035RES1000mN2039000E3143000,283450022,79.0
6677,CRS3035RES1000mN2039000E3143000,288994040,92.0
6678,CRS3035RES1000mN2039000E3143000,296744564,
6679,CRS3035RES1000mN2039000E3143000,297526406,
6680,CRS3035RES1000mN2039000E3143000,300709861,
6681,CRS3035RES1000mN2039000E3143000,301444634,83.0
6682,CRS3035RES1000mN2039000E3143000,302721609,
6683,CRS3035RES1000mN2039000E3143000,308195630,109.0
6684,CRS3035RES1000mN2039000E3143000,312777902,96.0
6685,CRS3035RES1000mN2039000E3143000,330154630,
6686,CRS3035RES1000mN2039000E3143000,340205456,86.0
6687,CRS3035RES1000mN2039000E3143000,367883612,98.0
6688,CRS3035RES1000mN2039000E3143000,368211943,94.0
6689,CRS3035RES1000mN2039000E3143000,374180360,117.0
6690,CRS3035RES1000mN2039000E3143000,375369499,78.0
6691,CRS3035RES1000mN2039000E3143000,383494544,101.0
6692,CRS3035RES1000mN2039000E3143000,384574591,
6693,CRS3035RES1000mN2039000E3143000,403538322,
6694,CRS3035RES1000mN2039000E3143000,403859503,78.0
6695,CRS3035RES1000mN2039000E3143000,437050442,
6696,CRS3035RES1000mN2039000E3143000,459881697,56.0
6697,CRS3035RES1000mN2039000E3143000,477278425,
6698,CRS3035RES1000mN2039000E3143000,486879235,
6699,CRS3035RES1000mN2039000E3143000,493748377,113.0
6700,CRS3035RES1000mN2039000E3143000,498234201,
6701,CRS3035RES1000mN2039000E3143000,504315026,116.0
6702,CRS3035RES1000mN2039000E3143000,548701490,
6703,CRS3035RES1000mN2039000E3143000,574210084,91.0
6704,CRS3035RES1000mN2039000E3143000,576094143,117.0
6705,CRS3035RES1000mN2039000E3143000,584409067,
6706,CRS3035RES1000mN2039000E3143000,635512756,
6707,CRS3035RES1000mN2039000E3143000,638492224,
6708,CRS3035RES1000mN2039000E3143000,653913062,
6709,CRS3035RES1000mN2039000E3143000,659866770,
6710,CRS3035RES1000mN2039000E3143000,697717972,
6711,CRS3035RES1000mN2039000E3143000,717194862,
6712,CRS3035RES1000mN2039000E3143000,736899303,
6713,CRS3035RES1000mN2039000E3143000,738042217,
6714,CRS3035RES1000mN2039000E3143000,839611983,
6715,CRS3035RES1000mN2039000E3143000,957893520,88.0
6716,CRS3035RES1000mN2039000E3143000,963308110,
6717,CRS3035RES1000mN2039000E3143000,1073283182,
6718,CRS3035RES1000mN2039000E3143000,1252864015,112.0
6719,CRS3035RES1000mN2039000E3143000,1283203658,
6720,CRS3035RES1000mN2039000E3144000,25526,89.0
6721,CRS3035RES1000mN2039000E3144000,1774,81.0
6722,CRS3035RES1000mN2039000E3144000,1770,93.0
6723,CRS3035RES1000mN2039000E3144000,1773,94.0
6724,CRS3035RES1000mN2039000E3144000,1771,59.0
6725,CRS3035RES1000mN2039000E3144000,123303,92.0
6726,CRS3035RES1000mN2039000E3144000,1764,71.0
6727,CRS3035RES1000mN2039000E3144000,181101,100.0
6728,CRS3035RES1000mN2039000E3144000,5765642,94.0
6729,CRS3035RES1000mN2039000E3144000,86719,103.0
6730,CRS3035RES1000mN2039000E3144000,1800,93.0
6731,CRS3035RES1000mN2039000E3144000,1757,80.0
6732,CRS3035RES1000mN2039000E3144000,1755,80.0
6733,CRS3035RES1000mN2039000E3144000,1882,61.0
6734,CRS3035RES1000mN2039000E3144000,1745,84.0
6735,CRS3035RES1000mN2039000E3144000,1794,84.0
6736,CRS3035RES1000mN2039000E3144000,1762,74.0
6737,CRS3035RES1000mN2039000E3144000,51188,80.0
6738,CRS3035RES1000mN2039000E3144000,6893633,77.0
6739,CRS3035RES1000mN2039000E3144000,167128,91.0
6740,CRS3035RES1000mN2039000E3144000,1760,82.0
6741,CRS3035RES1000mN2039000E3144000,12773298,92.0
6742,CRS3035RES1000mN2039000E3144000,1754,103.0
6743,CRS3035RES1000mN2039000E3144000,1748,94.0
6744,CRS3035RES1000mN2039000E3144000,79941,86.0
6745,CRS3035RES1000mN2039000E3144000,1750,86.0
6746,CRS3035RES1000mN2039000E3144000,5975465,71.0
6747,CRS3035RES1000mN2039000E3144000,115056,93.0
6748,CRS3035RES1000mN2039000E3144000,1790,81.0
6749,CRS3035RES1000mN2039000E3144000,1756,86.0
6750,CRS3035RES1000mN2039000E3144000,51849,83.0
6751,CRS3035RES1000mN2039000E3144000,185595,71.0
6752,CRS3035RES1000mN2039000E3144000,7697128,67.0
6753,CRS3035RES1000mN2039000E3144000,10395362,97.0
6754,CRS3035RES1000mN2039000E3144000,1759,83.0
6755,CRS3035RES1000mN2039000E3144000,1752,84.0
6756,CRS3035RES1000mN2039000E3144000,186714,84.0
6757,CRS3035RES1000mN2039000E3144000,1753,88.0
6758,CRS3035RES1000mN2039000E3144000,1792,94.0
6759,CRS3035RES1000mN2039000E3144000,1763,78.0
6760,CRS3035RES1000mN2039000E3144000,1746,91.0
6761,CRS3035RES1000mN2039000E3144000,11572165,96.0
6762,CRS3035RES1000mN2039000E3144000,1761,83.0
6763,CRS3035RES1000mN2039000E3144000,1747,94.0
6764,CRS3035RES1000mN2039000E3144000,5768564,84.0
6765,CRS3035RES1000mN2039000E3144000,1798,70.0
6766,CRS3035RES1000mN2039000E3144000,66904,83.0
6767,CRS3035RES1000mN2039000E3144000,1777,64.0
6768,CRS3035RES1000mN2039000E3144000,1765,77.0
6769,CRS3035RES1000mN2039000E3144000,49416,95.0
6770,CRS3035RES1000mN2039000E3144000,12734939,95.0
6771,CRS3035RES1000mN2039000E3144000,167386167,68.0
6772,CRS3035RES1000mN2039000E3144000,295933804,59.0
6773,CRS3035RES1000mN2039000E3144000,303340017,61.0
6774,CRS3035RES1000mN2039000E3144000,315355551,69.0
6775,CRS3035RES1000mN2039000E3144000,339084977,77.0
6776,CRS3035RES1000mN2039000E3144000,412911553,64.0
6777,CRS3035RES1000mN2039000E3144000,558126037,93.0
6778,CRS3035RES1000mN2039000E3144000,711789768,
6779,CRS3035RES1000mN2039000E3144000,727666062,
6780,CRS3035RES1000mN2039000E3144000,848085869,111.0
6781,CRS3035RES1000mN2039000E3144000,1056098898,76.0
6782,CRS3035RES1000mN2039000E3144000,1255438242,
6783,CRS3035RES1000mN2039000E3144000,1469985039,108.0
6784,CRS3035RES1000mN2039000E3144000,1504302537,
6785,CRS3035RES1000mN2039000E3144000,1511617504,116.0
6786,CRS3035RES1000mN2039000E3144000,1541601287,62.0
6787,CRS3035RES1000mN2039000E3144000,1544591296,89.0
6788,CRS3035RES1000mN2039000E3144000,1598174183,88.0
6789,CRS3035RES1000mN2039000E3144000,1629887846,94.0
6790,CRS3035RES1000mN2039000E3144000,1686660176,95.0
6791,CRS3035RES1000mN2039000E3144000,1716927336,
6792,CRS3035RES1000mN2039000E3144000,1734554324,96.0
6793,CRS3035RES1000mN2039000E3144000,1849109335,66.0
6794,CRS3035RES1000mN2039000E3144000,2028408680,
6795,CRS3035RES1000mN2039000E3144000,2036887702,
6796,CRS3035RES1000mN2039000E3144000,2061404218,103.0
6797,CRS3035RES1000mN2039000E3144000,2134238030,98.0
6798,CRS3035RES1000mN2039000E3144000,2261600754,
6799,CRS3035RES1000mN2039000E3144000,2301402027,103.0
6800,CRS3035RES1000mN2039000E3144000,2303966810,
6801,CRS3035RES1000mN2039000E3144000,2312029862,91.0
6802,CRS3035RES1000mN2039000E3144000,2408860250,86.0
6803,CRS3035RES1000mN2039000E3144000,2620185829,68.0
6804,CRS3035RES1000mN2039000E3144000,2622508931,60.0
6805,CRS3035RES1000mN2039000E3144000,2672130951,
6806,CRS3035RES1000mN2039000E3144000,2710518818,112.0
6807,CRS3035RES1000mN2039000E3144000,3034026261,
6808,CRS3035RES1000mN2039000E3144000,3179889751,
6809,CRS3035RES1000mN2039000E3144000,3206611978,
6810,CRS3035RES1000mN2039000E3144000,3272828439,
6811,CRS3035RES1000mN2039000E3144000,3452364276,97.0
6812,CRS3035RES1000mN2039000E3144000,3452364277,80.0
6813,CRS3035RES1000mN2039000E3144000,3495733197,
6814,CRS3035RES1000mN2039000E3144000,3497154853,
6815,CRS3035RES1000mN2039000E3144000,3517755445,
6816,CRS3035RES1000mN2039000E3144000,3522125657,
6817,CRS3035RES1000mN2039000E3144000,3526751794,
6818,CRS3035RES1000mN2039000E3144000,3839306060,95.0
6819,CRS3035RES1000mN2039000E3144000,4214697664,68.0
6820,CRS3035RES1000mN2039000E3144000,4338252586,
6821,CRS3035RES1000mN2039000E3144000,4401271633,
6822,CRS3035RES1000mN2039000E3144000,4515476768,
6823,CRS3035RES1000mN2039000E3144000,4569910891,69.0
6824,CRS3035RES1000mN2039000E3144000,4703730491,76.0
6825,CRS3035RES1000mN2039000E3144000,4707870392,73.0
6826,CRS3035RES1000mN2039000E3144000,4789037769,
6827,CRS3035RES1000mN2039000E3144000,4794233143,
6828,CRS3035RES1000mN2039000E3144000,4870405674,86.0
6829,CRS3035RES1000mN2039000E3144000,5139379922,96.0
6830,CRS3035RES1000mN2039000E3144000,5160337425,54.0
6831,CRS3035RES1000mN2039000E3144000,5196199575,104.0
6832,CRS3035RES1000mN2039000E3144000,5341570554,83.0
6833,CRS3035RES1000mN2039000E3144000,5345949864,110.0
6834,CRS3035RES1000mN2039000E3144000,5448507385,
6835,CRS3035RES1000mN2039000E3144000,5604693894,
6836,CRS3035RES1000mN2039000E3144000,5670401989,97.0
6837,CRS3035RES1000mN2039000E3144000,5942671299,113.0
6838,CRS3035RES1000mN2039000E3144000,5943980960,84.0
6839,CRS3035RES1000mN2039000E3144000,6185791451,
6840,CRS3035RES1000mN2039000E3144000,6188948286,114.0
6841,CRS3035RES1000mN2039000E3144000,6555800191,106.0
6842,CRS3035RES1000mN2039000E3144000,6885254479,94.0
6843,CRS3035RES1000mN2039000E3144000,7222611268,
6844,CRS3035RES1000mN2039000E3144000,7408961006,
6845,CRS3035RES1000mN2039000E3144000,7619964683,
6846,CRS3035RES1000mN2039000E3144000,7836562695,114.0
6847,CRS3035RES1000mN2039000E3144000,8493729364,74.0
6848,CRS3035RES1000mN2039000E3144000,8557885377,77.0
6849,CRS3035RES1000mN2039000E3144000,8807212208,71.0
6850,CRS3035RES1000mN2039000E3144000,8844229173,74.0
6851,CRS3035RES1000mN2039000E3144000,8878422600,57.0
6852,CRS3035RES1000mN2039000E3144000,9595709188,86.0
6853,CRS3035RES1000mN2039000E3144000,9611387099,80.0
6854,CRS3035RES1000mN2039000E3144000,9712656915,53.0
6855,CRS3035RES1000mN2039000E3144000,9713142744,73.0
6856,CRS3035RES1000mN2039000E3144000,9815746657,
6857,CRS3035RES1000mN2039000E3144000,10004871512,91.0
6858,CRS3035RES1000mN2039000E3144000,10281174134,
6859,CRS3035RES1000mN2039000E3144000,10580337411,99.0
6860,CRS3035RES1000mN2039000E3144000,10899442604,119.0
6861,CRS3035RES1000mN2039000E3144000,10922657146,112.0
6862,CRS3035RES1000mN2039000E3144000,11127499928,100.0
6863,CRS3035RES1000mN2039000E3144000,11143725881,69.0
6864,CRS3035RES1000mN2039000E3144000,11243087140,102.0
6865,CRS3035RES1000mN2039000E3144000,11269399969,55.0
6866,CRS3035RES1000mN2039000E3144000,11287269362,95.0
6867,CRS3035RES1000mN2039000E3144000,11287269363,114.0
6868,CRS3035RES1000mN2039000E3144000,11369705764,106.0
6869,CRS3035RES1000mN2039000E3144000,11387776374,102.0
6870,CRS3035RES1000mN2039000E3144000,11461799040,
6871,CRS3035RES1000mN2039000E3144000,11462802981,90.0
6872,CRS3035RES1000mN2039000E3144000,11652077658,71.0
6873,CRS3035RES1000mN2039000E3144000,11691390164,61.0
6874,CRS3035RES1000mN2039000E3144000,11739757462,101.0
6875,CRS3035RES1000mN2039000E3144000,12178446726,87.0
6876,CRS3035RES1000mN2039000E3144000,12407425114,58.0
6877,CRS3035RES1000mN2039000E3144000,12865480228,96.0
6878,CRS3035RES1000mN2039000E3144000,2960630,108.0
6879,CRS3035RES1000mN2039000E3144000,3554044,112.0
6880,CRS3035RES1000mN2039000E3144000,3557906,109.0
6881,CRS3035RES1000mN2039000E3144000,5231361,56.0
6882,CRS3035RES1000mN2039000E3144000,9314566,
6883,CRS3035RES1000mN2039000E3144000,13696257,39.0
6884,CRS3035RES1000mN2039000E3144000,15996131,63.0
6885,CRS3035RES1000mN2039000E3144000,23526191,86.0
6886,CRS3035RES1000mN2039000E3144000,23545719,90.0
6887,CRS3035RES1000mN2039000E3144000,30599279,104.0
6888,CRS3035RES1000mN2039000E3144000,30649229,53.0
6889,CRS3035RES1000mN2039000E3144000,32198651,
6890,CRS3035RES1000mN2039000E3144000,34945111,110.0
6891,CRS3035RES1000mN2039000E3144000,50170625,
6892,CRS3035RES1000mN2039000E3144000,82887228,89.0
6893,CRS3035RES1000mN2039000E3144000,92484952,49.0
6894,CRS3035RES1000mN2039000E3144000,95794713,102.0
6895,CRS3035RES1000mN2039000E3144000,96418670,
6896,CRS3035RES1000mN2039000E3144000,98502686,49.0
6897,CRS3035RES1000mN2039000E3144000,132613257,98.0
6898,CRS3035RES1000mN2039000E3144000,135036040,97.0
6899,CRS3035RES1000mN2039000E3144000,150772489,69.0
6900,CRS3035RES1000mN2039000E3144000,154118456,81.0
6901,CRS3035RES1000mN2039000E3144000,157375776,97.0
6902,CRS3035RES1000mN2039000E3144000,158211204,103.0
6903,CRS3035RES1000mN2039000E3144000,162072415,100.0
6904,CRS3035RES1000mN2039000E3144000,162117720,57.0
6905,CRS3035RES1000mN2039000E3144000,170487273,
6906,CRS3035RES1000mN2039000E3144000,172686062,105.0
6907,CRS3035RES1000mN2039000E3144000,174318235,114.0
6908,CRS3035RES1000mN2039000E3144000,174318237,115.0
6909,CRS3035RES1000mN2039000E3144000,205060159,
6910,CRS3035RES1000mN2039000E3144000,205757163,
6911,CRS3035RES1000mN2039000E3144000,221095520,101.0
6912,CRS3035RES1000mN2039000E3144000,224503374,76.0
6913,CRS3035RES1000mN2039000E3144000,227333462,46.0
6914,CRS3035RES1000mN2039000E3144000,229117454,68.0
6915,CRS3035RES1000mN2039000E3144000,261460389,
6916,CRS3035RES1000mN2039000E3144000,283450022,63.0
6917,CRS3035RES1000mN2039000E3144000,288994040,76.0
6918,CRS3035RES1000mN2039000E3144000,296744564,
6919,CRS3035RES1000mN2039000E3144000,297526406,98.0
6920,CRS3035RES1000mN2039000E3144000,300709861,
6921,CRS3035RES1000mN2039000E3144000,301444634,77.0
6922,CRS3035RES1000mN2039000E3144000,302721609,
6923,CRS3035RES1000mN2039000E3144000,308195630,83.0
6924,CRS3035RES1000mN2039000E3144000,312777902,79.0
6925,CRS3035RES1000mN2039000E3144000,330154630,
6926,CRS3035RES1000mN2039000E3144000,340205456,70.0
6927,CRS3035RES1000mN2039000E3144000,367883612,85.0
6928,CRS3035RES1000mN2039000E3144000,368211943,82.0
6929,CRS3035RES1000mN2039000E3144000,374180360,96.0
6930,CRS3035RES1000mN2039000E3144000,375369499,75.0
6931,CRS3035RES1000mN2039000E3144000,383494544,85.0
6932,CRS3035RES1000mN2039000E3144000,384574591,107.0
6933,CRS3035RES1000mN2039000E3144000,403538322,113.0
6934,CRS3035RES1000mN2039000E3144000,403859503,62.0
6935,CRS3035RES1000mN2039000E3144000,437050442,118.0
6936,CRS3035RES1000mN2039000E3144000,459881697,47.0
6937,CRS3035RES1000mN2039000E3144000,477278425,
6938,CRS3035RES1000mN2039000E3144000,486879235,
6939,CRS3035RES1000mN2039000E3144000,493748377,98.0
6940,CRS3035RES1000mN2039000E3144000,498234201,116.0
6941,CRS3035RES1000mN2039000E3144000,504315026,97.0
6942,CRS3035RES1000mN2039000E3144000,548701490,
6943,CRS3035RES1000mN2039000E3144000,574210084,66.0
6944,CRS3035RES1000mN2039000E3144000,576094143,104.0
6945,CRS3035RES1000mN2039000E3144000,584409067,
6946,CRS3035RES1000mN2039000E3144000,635512756,98.0
6947,CRS3035RES1000mN2039000E3144000,638492224,
6948,CRS3035RES1000mN2039000E3144000,653913062,100.0
6949,CRS3035RES1000mN2039000E3144000,659866770,
6950,CRS3035RES1000mN2039000E3144000,697717972,107.0
6951,CRS3035RES1000mN2039000E3144000,717194862,
6952,CRS3035RES1000mN2039000E3144000,736899303,
6953,CRS3035RES1000mN2039000E3144000,738042217,
6954,CRS3035RES1000mN2039000E3144000,839611983,
6955,CRS3035RES1000mN2039000E3144000,957893520,72.0
6956,CRS3035RES1000mN2039000E3144000,963308110,104.0
6957,CRS3035RES1000mN2039000E3144000,1073283182,
6958,CRS3035RES1000mN2039000E3144000,1252864015,88.0
6959,CRS3035RES1000mN2039000E3144000,1283203658,
6960,CRS3035RES1000mN2039000E3145000,25526,77.0
6961,CRS3035RES1000mN2039000E3145000,1774,66.0
6962,CRS3035RES1000mN2039000E3145000,1770,79.0
6963,CRS3035RES1000mN2039000E3145000,1773,80.0
6964,CRS3035RES1000mN2039000E3145000,1771,44.0
6965,CRS3035RES1000mN2039000E3145000,123303,77.0
6966,CRS3035RES1000mN2039000E3145000,1764,57.0
6967,CRS3035RES1000mN2039000E3145000,181101,83.0
6968,CRS3035RES1000mN2039000E3145000,5765642,76.0
6969,CRS3035RES1000mN2039000E3145000,86719,88.0
6970,CRS3035RES1000mN2039000E3145000,1800,80.0
6971,CRS3035RES1000mN2039000E3145000,1757,66.0
6972,CRS3035RES1000mN2039000E3145000,1755,66.0
6973,CRS3035RES1000mN2039000E3145000,1882,47.0
6974,CRS3035RES1000mN2039000E3145000,1745,72.0
6975,CRS3035RES1000mN2039000E3145000,1794,71.0
6976,CRS3035RES1000mN2039000E3145000,1762,60.0
6977,CRS3035RES1000mN2039000E3145000,51188,65.0
6978,CRS3035RES1000mN2039000E3145000,6893633,64.0
6979,CRS3035RES1000mN2039000E3145000,167128,76.0
6980,CRS3035RES1000mN2039000E3145000,1760,68.0
6981,CRS3035RES1000mN2039000E3145000,12773298,78.0
6982,CRS3035RES1000mN2039000E3145000,1754,88.0
6983,CRS3035RES1000mN2039000E3145000,1748,81.0
6984,CRS3035RES1000mN2039000E3145000,79941,80.0
6985,CRS3035RES1000mN2039000E3145000,1750,72.0
6986,CRS3035RES1000mN2039000E3145000,5975465,57.0
6987,CRS3035RES1000mN2039000E3145000,115056,79.0
6988,CRS3035RES1000mN2039000E3145000,1790,62.0
6989,CRS3035RES1000mN2039000E3145000,1756,72.0
6990,CRS3035RES1000mN2039000E3145000,51849,70.0
6991,CRS3035RES1000mN2039000E3145000,185595,57.0
6992,CRS3035RES1000mN2039000E3145000,7697128,53.0
6993,CRS3035RES1000mN2039000E3145000,10395362,81.0
6994,CRS3035RES1000mN2039000E3145000,1759,66.0
6995,CRS3035RES1000mN2039000E3145000,1752,69.0
6996,CRS3035RES1000mN2039000E3145000,186714,70.0
6997,CRS3035RES1000mN2039000E3145000,1753,74.0
6998,CRS3035RES1000mN2039000E3145000,1792,79.0
6999,CRS3035RES1000mN2039000E3145000,1763,64.0
7000,CRS3035RES1000mN2039000E3145000,1746,77.0
7001,CRS3035RES1000mN2039000E3145000,11572165,80.0
7002,CRS3035RES1000mN2039000E3145000,1761,69.0
7003,CRS3035RES1000mN2039000E3145000,1747,80.0
7004,CRS3035RES1000mN2039000E3145000,5768564,70.0
7005,CRS3035RES1000mN2039000E3145000,1798,56.0
7006,CRS3035RES1000mN2039000E3145000,66904,59.0
7007,CRS3035RES1000mN2039000E3145000,1777,50.0
7008,CRS3035RES1000mN2039000E3145000,1765,63.0
7009,CRS3035RES1000mN2039000E3145000,49416,80.0
7010,CRS3035RES1000mN2039000E3145000,12734939,80.0
7011,CRS3035RES1000mN2039000E3145000,167386167,55.0
7012,CRS3035RES1000mN2039000E3145000,295933804,46.0
7013,CRS3035RES1000mN2039000E3145000,303340017,42.0
7014,CRS3035RES1000mN2039000E3145000,315355551,60.0
7015,CRS3035RES1000mN2039000E3145000,339084977,62.0
7016,CRS3035RES1000mN2039000E3145000,412911553,47.0
7017,CRS3035RES1000mN2039000E3145000,558126037,75.0
7018,CRS3035RES1000mN2039000E3145000,711789768,114.0
7019,CRS3035RES1000mN2039000E3145000,727666062,
7020,CRS3035RES1000mN2039000E3145000,848085869,85.0
7021,CRS3035RES1000mN2039000E3145000,1056098898,61.0
7022,CRS3035RES1000mN2039000E3145000,1255438242,114.0
7023,CRS3035RES1000mN2039000E3145000,1469985039,92.0
7024,CRS3035RES1000mN2039000E3145000,1504302537,
7025,CRS3035RES1000mN2039000E3145000,1511617504,103.0
7026,CRS3035RES1000mN2039000E3145000,1541601287,52.0
7027,CRS3035RES1000mN2039000E3145000,1544591296,68.0
7028,CRS3035RES1000mN2039000E3145000,1598174183,83.0
7029,CRS3035RES1000mN2039000E3145000,1629887846,89.0
7030,CRS3035RES1000mN2039000E3145000,1686660176,81.0
7031,CRS3035RES1000mN2039000E3145000,1716927336,97.0
7032,CRS3035RES1000mN2039000E3145000,1734554324,92.0
7033,CRS3035RES1000mN2039000E3145000,1849109335,47.0
7034,CRS3035RES1000mN2039000E3145000,2028408680,112.0
7035,CRS3035RES1000mN2039000E3145000,2036887702,
7036,CRS3035RES1000mN2039000E3145000,2061404218,68.0
7037,CRS3035RES1000mN2039000E3145000,2134238030,94.0
7038,CRS3035RES1000mN2039000E3145000,2261600754,
7039,CRS3035RES1000mN2039000E3145000,2301402027,90.0
7040,CRS3035RES1000mN2039000E3145000,2303966810,111.0
7041,CRS3035RES1000mN2039000E3145000,2312029862,86.0
7042,CRS3035RES1000mN2039000E3145000,2408860250,72.0
7043,CRS3035RES1000mN2039000E3145000,2620185829,54.0
7044,CRS3035RES1000mN2039000E3145000,2622508931,46.0
7045,CRS3035RES1000mN2039000E3145000,2672130951,
7046,CRS3035RES1000mN2039000E3145000,2710518818,106.0
7047,CRS3035RES1000mN2039000E3145000,3034026261,
7048,CRS3035RES1000mN2039000E3145000,3179889751,102.0
7049,CRS3035RES1000mN2039000E3145000,3206611978,
7050,CRS3035RES1000mN2039000E3145000,3272828439,101.0
7051,CRS3035RES1000mN2039000E3145000,3452364276,84.0
7052,CRS3035RES1000mN2039000E3145000,3452364277,65.0
7053,CRS3035RES1000mN2039000E3145000,3495733197,
7054,CRS3035RES1000mN2039000E3145000,3497154853,
7055,CRS3035RES1000mN2039000E3145000,3517755445,
7056,CRS3035RES1000mN2039000E3145000,3522125657,
7057,CRS3035RES1000mN2039000E3145000,3526751794,88.0
7058,CRS3035RES1000mN2039000E3145000,3839306060,85.0
7059,CRS3035RES1000mN2039000E3145000,4214697664,55.0
7060,CRS3035RES1000mN2039000E3145000,4338252586,76.0
7061,CRS3035RES1000mN2039000E3145000,4401271633,
7062,CRS3035RES1000mN2039000E3145000,4515476768,
7063,CRS3035RES1000mN2039000E3145000,4569910891,56.0
7064,CRS3035RES1000mN2039000E3145000,4703730491,63.0
7065,CRS3035RES1000mN2039000E3145000,4707870392,61.0
7066,CRS3035RES1000mN2039000E3145000,4789037769,116.0
7067,CRS3035RES1000mN2039000E3145000,4794233143,
7068,CRS3035RES1000mN2039000E3145000,4870405674,72.0
7069,CRS3035RES1000mN2039000E3145000,5139379922,92.0
7070,CRS3035RES1000mN2039000E3145000,5160337425,39.0
7071,CRS3035RES1000mN2039000E3145000,5196199575,71.0
7072,CRS3035RES1000mN2039000E3145000,5341570554,69.0
7073,CRS3035RES1000mN2039000E3145000,5345949864,108.0
7074,CRS3035RES1000mN2039000E3145000,5448507385,
7075,CRS3035RES1000mN2039000E3145000,5604693894,73.0
7076,CRS3035RES1000mN2039000E3145000,5670401989,68.0
7077,CRS3035RES1000mN2039000E3145000,5942671299,102.0
7078,CRS3035RES1000mN2039000E3145000,5943980960,80.0
7079,CRS3035RES1000mN2039000E3145000,6185791451,
7080,CRS3035RES1000mN2039000E3145000,6188948286,97.0
7081,CRS3035RES1000mN2039000E3145000,6555800191,92.0
7082,CRS3035RES1000mN2039000E3145000,6885254479,70.0
7083,CRS3035RES1000mN2039000E3145000,7222611268,
7084,CRS3035RES1000mN2039000E3145000,7408961006,
7085,CRS3035RES1000mN2039000E3145000,7619964683,113.0
7086,CRS3035RES1000mN2039000E3145000,7836562695,90.0
7087,CRS3035RES1000mN2039000E3145000,8493729364,61.0
7088,CRS3035RES1000mN2039000E3145000,8557885377,73.0
7089,CRS3035RES1000mN2039000E3145000,8807212208,57.0
7090,CRS3035RES1000mN2039000E3145000,8844229173,59.0
7091,CRS3035RES1000mN2039000E3145000,8878422600,40.0
7092,CRS3035RES1000mN2039000E3145000,9595709188,70.0
7093,CRS3035RES1000mN2039000E3145000,9611387099,65.0
7094,CRS3035RES1000mN2039000E3145000,9712656915,39.0
7095,CRS3035RES1000mN2039000E3145000,9713142744,59.0
7096,CRS3035RES1000mN2039000E3145000,9815746657,
7097,CRS3035RES1000mN2039000E3145000,10004871512,86.0
7098,CRS3035RES1000mN2039000E3145000,10281174134,
7099,CRS3035RES1000mN2039000E3145000,10580337411,89.0
7100,CRS3035RES1000mN2039000E3145000,10899442604,103.0
7101,CRS3035RES1000mN2039000E3145000,10922657146,98.0
7102,CRS3035RES1000mN2039000E3145000,11127499928,88.0
7103,CRS3035RES1000mN2039000E3145000,11143725881,57.0
7104,CRS3035RES1000mN2039000E3145000,11243087140,77.0
7105,CRS3035RES1000mN2039000E3145000,11269399969,36.0
7106,CRS3035RES1000mN2039000E3145000,11287269362,90.0
7107,CRS3035RES1000mN2039000E3145000,11287269363,96.0
7108,CRS3035RES1000mN2039000E3145000,11369705764,95.0
7109,CRS3035RES1000mN2039000E3145000,11387776374,89.0
7110,CRS3035RES1000mN2039000E3145000,11461799040,
7111,CRS3035RES1000mN2039000E3145000,11462802981,74.0
7112,CRS3035RES1000mN2039000E3145000,11652077658,52.0
7113,CRS3035RES1000mN2039000E3145000,11691390164,45.0
7114,CRS3035RES1000mN2039000E3145000,11739757462,87.0
7115,CRS3035RES1000mN2039000E3145000,12178446726,73.0
7116,CRS3035RES1000mN2039000E3145000,12407425114,51.0
7117,CRS3035RES1000mN2039000E3145000,12865480228,86.0
7118,CRS3035RES1000mN2039000E3145000,2960630,95.0
7119,CRS3035RES1000mN2039000E3145000,3554044,103.0
7120,CRS3035RES1000mN2039000E3145000,3557906,94.0
7121,CRS3035RES1000mN2039000E3145000,5231361,38.0
7122,CRS3035RES1000mN2039000E3145000,9314566,116.0
7123,CRS3035RES1000mN2039000E3145000,13696257,32.0
7124,CRS3035RES1000mN2039000E3145000,15996131,49.0
7125,CRS3035RES1000mN2039000E3145000,23526191,73.0
7126,CRS3035RES1000mN2039000E3145000,23545719,76.0
7127,CRS3035RES1000mN2039000E3145000,30599279,90.0
7128,CRS3035RES1000mN2039000E3145000,30649229,35.0
7129,CRS3035RES1000mN2039000E3145000,32198651,
7130,CRS3035RES1000mN2039000E3145000,34945111,95.0
7131,CRS3035RES1000mN2039000E3145000,50170625,98.0
7132,CRS3035RES1000mN2039000E3145000,82887228,71.0
7133,CRS3035RES1000mN2039000E3145000,92484952,35.0
7134,CRS3035RES1000mN2039000E3145000,95794713,86.0
7135,CRS3035RES1000mN2039000E3145000,96418670,108.0
7136,CRS3035RES1000mN2039000E3145000,98502686,28.0
7137,CRS3035RES1000mN2039000E3145000,132613257,84.0
7138,CRS3035RES1000mN2039000E3145000,135036040,92.0
7139,CRS3035RES1000mN2039000E3145000,150772489,52.0
7140,CRS3035RES1000mN2039000E3145000,154118456,54.0
7141,CRS3035RES1000mN2039000E3145000,157375776,87.0
7142,CRS3035RES1000mN2039000E3145000,158211204,89.0
7143,CRS3035RES1000mN2039000E3145000,162072415,85.0
7144,CRS3035RES1000mN2039000E3145000,162117720,41.0
7145,CRS3035RES1000mN2039000E3145000,170487273,
7146,CRS3035RES1000mN2039000E3145000,172686062,91.0
7147,CRS3035RES1000mN2039000E3145000,174318235,92.0
7148,CRS3035RES1000mN2039000E3145000,174318237,96.0
7149,CRS3035RES1000mN2039000E3145000,205060159,
7150,CRS3035RES1000mN2039000E3145000,205757163,
7151,CRS3035RES1000mN2039000E3145000,221095520,89.0
7152,CRS3035RES1000mN2039000E3145000,224503374,62.0
7153,CRS3035RES1000mN2039000E3145000,227333462,42.0
7154,CRS3035RES1000mN2039000E3145000,229117454,57.0
7155,CRS3035RES1000mN2039000E3145000,261460389,
7156,CRS3035RES1000mN2039000E3145000,283450022,49.0
7157,CRS3035RES1000mN2039000E3145000,288994040,62.0
7158,CRS3035RES1000mN2039000E3145000,296744564,116.0
7159,CRS3035RES1000mN2039000E3145000,297526406,78.0
7160,CRS3035RES1000mN2039000E3145000,300709861,112.0
7161,CRS3035RES1000mN2039000E3145000,301444634,61.0
7162,CRS3035RES1000mN2039000E3145000,302721609,104.0
7163,CRS3035RES1000mN2039000E3145000,308195630,79.0
7164,CRS3035RES1000mN2039000E3145000,312777902,65.0
7165,CRS3035RES1000mN2039000E3145000,330154630,
7166,CRS3035RES1000mN2039000E3145000,340205456,56.0
7167,CRS3035RES1000mN2039000E3145000,367883612,69.0
7168,CRS3035RES1000mN2039000E3145000,368211943,64.0
7169,CRS3035RES1000mN2039000E3145000,374180360,92.0
7170,CRS3035RES1000mN2039000E3145000,375369499,43.0
7171,CRS3035RES1000mN2039000E3145000,383494544,66.0
7172,CRS3035RES1000mN2039000E3145000,384574591,96.0
7173,CRS3035RES1000mN2039000E3145000,403538322,113.0
7174,CRS3035RES1000mN2039000E3145000,403859503,48.0
7175,CRS3035RES1000mN2039000E3145000,437050442,104.0
7176,CRS3035RES1000mN2039000E3145000,459881697,35.0
7177,CRS3035RES1000mN2039000E3145000,477278425,
7178,CRS3035RES1000mN2039000E3145000,486879235,
7179,CRS3035RES1000mN2039000E3145000,493748377,81.0
7180,CRS3035RES1000mN2039000E3145000,498234201,102.0
7181,CRS3035RES1000mN2039000E3145000,504315026,87.0
7182,CRS3035RES1000mN2039000E3145000,548701490,
7183,CRS3035RES1000mN2039000E3145000,574210084,61.0
7184,CRS3035RES1000mN2039000E3145000,576094143,85.0
7185,CRS3035RES1000mN2039000E3145000,584409067,109.0
7186,CRS3035RES1000mN2039000E3145000,635512756,78.0
7187,CRS3035RES1000mN2039000E3145000,638492224,
7188,CRS3035RES1000mN2039000E3145000,653913062,86.0
7189,CRS3035RES1000mN2039000E3145000,659866770,77.0
7190,CRS3035RES1000mN2039000E3145000,697717972,93.0
7191,CRS3035RES1000mN2039000E3145000,717194862,102.0
7192,CRS3035RES1000mN2039000E3145000,736899303,
7193,CRS3035RES1000mN2039000E3145000,738042217,106.0
7194,CRS3035RES1000mN2039000E3145000,839611983,114.0
7195,CRS3035RES1000mN2039000E3145000,957893520,58.0
7196,CRS3035RES1000mN2039000E3145000,963308110,91.0
7197,CRS3035RES1000mN2039000E3145000,1073283182,99.0
7198,CRS3035RES1000mN2039000E3145000,1252864015,83.0
7199,CRS3035RES1000mN2039000E3145000,1283203658,
7200,CRS3035RES1000mN2039000E3146000,25526,72.0
7201,CRS3035RES1000mN2039000E3146000,1774,62.0
7202,CRS3035RES1000mN2039000E3146000,1770,75.0
7203,CRS3035RES1000mN2039000E3146000,1773,76.0
7204,CRS3035RES1000mN2039000E3146000,1771,41.0
7205,CRS3035RES1000mN2039000E3146000,123303,73.0
7206,CRS3035RES1000mN2039000E3146000,1764,53.0
7207,CRS3035RES1000mN2039000E3146000,181101,79.0
7208,CRS3035RES1000mN2039000E3146000,5765642,74.0
7209,CRS3035RES1000mN2039000E3146000,86719,85.0
7210,CRS3035RES1000mN2039000E3146000,1800,76.0
7211,CRS3035RES1000mN2039000E3146000,1757,62.0
7212,CRS3035RES1000mN2039000E3146000,1755,62.0
7213,CRS3035RES1000mN2039000E3146000,1882,43.0
7214,CRS3035RES1000mN2039000E3146000,1745,69.0
7215,CRS3035RES1000mN2039000E3146000,1794,67.0
7216,CRS3035RES1000mN2039000E3146000,1762,56.0
7217,CRS3035RES1000mN2039000E3146000,51188,61.0
7218,CRS3035RES1000mN2039000E3146000,6893633,60.0
7219,CRS3035RES1000mN2039000E3146000,167128,72.0
7220,CRS3035RES1000mN2039000E3146000,1760,64.0
7221,CRS3035RES1000mN2039000E3146000,12773298,74.0
7222,CRS3035RES1000mN2039000E3146000,1754,84.0
7223,CRS3035RES1000mN2039000E3146000,1748,77.0
7224,CRS3035RES1000mN2039000E3146000,79941,76.0
7225,CRS3035RES1000mN2039000E3146000,1750,68.0
7226,CRS3035RES1000mN2039000E3146000,5975465,53.0
7227,CRS3035RES1000mN2039000E3146000,115056,75.0
7228,CRS3035RES1000mN2039000E3146000,1790,59.0
7229,CRS3035RES1000mN2039000E3146000,1756,68.0
7230,CRS3035RES1000mN2039000E3146000,51849,65.0
7231,CRS3035RES1000mN2039000E3146000,185595,53.0
7232,CRS3035RES1000mN2039000E3146000,7697128,49.0
7233,CRS3035RES1000mN2039000E3146000,10395362,76.0
7234,CRS3035RES1000mN2039000E3146000,1759,62.0
7235,CRS3035RES1000mN2039000E3146000,1752,65.0
7236,CRS3035RES1000mN2039000E3146000,186714,66.0
7237,CRS3035RES1000mN2039000E3146000,1753,70.0
7238,CRS3035RES1000mN2039000E3146000,1792,77.0
7239,CRS3035RES1000mN2039000E3146000,1763,60.0
7240,CRS3035RES1000mN2039000E3146000,1746,72.0
7241,CRS3035RES1000mN2039000E3146000,11572165,76.0
7242,CRS3035RES1000mN2039000E3146000,1761,65.0
7243,CRS3035RES1000mN2039000E3146000,1747,76.0
7244,CRS3035RES1000mN2039000E3146000,5768564,67.0
7245,CRS3035RES1000mN2039000E3146000,1798,51.0
7246,CRS3035RES1000mN2039000E3146000,66904,55.0
7247,CRS3035RES1000mN2039000E3146000,1777,46.0
7248,CRS3035RES1000mN2039000E3146000,1765,59.0
7249,CRS3035RES1000mN2039000E3146000,49416,76.0
7250,CRS3035RES1000mN2039000E3146000,12734939,76.0
7251,CRS3035RES1000mN2039000E3146000,167386167,50.0
7252,CRS3035RES1000mN2039000E3146000,295933804,42.0
7253,CRS3035RES1000mN2039000E3146000,303340017,42.0
7254,CRS3035RES1000mN2039000E3146000,315355551,58.0
7255,CRS3035RES1000mN2039000E3146000,339084977,58.0
7256,CRS3035RES1000mN2039000E3146000,412911553,43.0
7257,CRS3035RES1000mN2039000E3146000,558126037,71.0
7258,CRS3035RES1000mN2039000E3146000,711789768,110.0
7259,CRS3035RES1000mN2039000E3146000,727666062,
7260,CRS3035RES1000mN2039000E3146000,848085869,85.0
7261,CRS3035RES1000mN2039000E3146000,1056098898,58.0
7262,CRS3035RES1000mN2039000E3146000,1255438242,106.0
7263,CRS3035RES1000mN2039000E3146000,1469985039,90.0
7264,CRS3035RES1000mN2039000E3146000,1504302537,
7265,CRS3035RES1000mN2039000E3146000,1511617504,99.0
7266,CRS3035RES1000mN2039000E3146000,1541601287,47.0
7267,CRS3035RES1000mN2039000E3146000,1544591296,64.0
7268,CRS3035RES1000mN2039000E3146000,1598174183,81.0
7269,CRS3035RES1000mN2039000E3146000,1629887846,85.0
7270,CRS3035RES1000mN2039000E3146000,1686660176,77.0
7271,CRS3035RES1000mN2039000E3146000,1716927336,94.0
7272,CRS3035RES1000mN2039000E3146000,1734554324,92.0
7273,CRS3035RES1000mN2039000E3146000,1849109335,47.0
7274,CRS3035RES1000mN2039000E3146000,2028408680,110.0
7275,CRS3035RES1000mN2039000E3146000,2036887702,
7276,CRS3035RES1000mN2039000E3146000,2061404218,64.0
7277,CRS3035RES1000mN2039000E3146000,2134238030,94.0
7278,CRS3035RES1000mN2039000E3146000,2261600754,
7279,CRS3035RES1000mN2039000E3146000,2301402027,88.0
7280,CRS3035RES1000mN2039000E3146000,2303966810,107.0
7281,CRS3035RES1000mN2039000E3146000,2312029862,82.0
7282,CRS3035RES1000mN2039000E3146000,2408860250,68.0
7283,CRS3035RES1000mN2039000E3146000,2620185829,51.0
7284,CRS3035RES1000mN2039000E3146000,2622508931,42.0
7285,CRS3035RES1000mN2039000E3146000,2672130951,
7286,CRS3035RES1000mN2039000E3146000,2710518818,102.0
7287,CRS3035RES1000mN2039000E3146000,3034026261,
7288,CRS3035RES1000mN2039000E3146000,3179889751,102.0
7289,CRS3035RES1000mN2039000E3146000,3206611978,
7290,CRS3035RES1000mN2039000E3146000,3272828439,101.0
7291,CRS3035RES1000mN2039000E3146000,3452364276,81.0
7292,CRS3035RES1000mN2039000E3146000,3452364277,62.0
7293,CRS3035RES1000mN2039000E3146000,3495733197,
7294,CRS3035RES1000mN2039000E3146000,3497154853,
7295,CRS3035RES1000mN2039000E3146000,3517755445,
7296,CRS3035RES1000mN2039000E3146000,3522125657,
7297,CRS3035RES1000mN2039000E3146000,3526751794,88.0
7298,CRS3035RES1000mN2039000E3146000,3839306060,81.0
7299,CRS3035RES1000mN2039000E3146000,4214697664,51.0
7300,CRS3035RES1000mN2039000E3146000,4338252586,76.0
7301,CRS3035RES1000mN2039000E3146000,4401271633,
7302,CRS3035RES1000mN2039000E3146000,4515476768,
7303,CRS3035RES1000mN2039000E3146000,4569910891,51.0
7304,CRS3035RES1000mN2039000E3146000,4703730491,59.0
7305,CRS3035RES1000mN2039000E3146000,4707870392,57.0
7306,CRS3035RES1000mN2039000E3146000,4789037769,116.0
7307,CRS3035RES1000mN2039000E3146000,4794233143,
7308,CRS3035RES1000mN2039000E3146000,4870405674,68.0
7309,CRS3035RES1000mN2039000E3146000,5139379922,92.0
7310,CRS3035RES1000mN2039000E3146000,5160337425,35.0
7311,CRS3035RES1000mN2039000E3146000,5196199575,71.0
7312,CRS3035RES1000mN2039000E3146000,5341570554,65.0
7313,CRS3035RES1000mN2039000E3146000,5345949864,106.0
7314,CRS3035RES1000mN2039000E3146000,5448507385,
7315,CRS3035RES1000mN2039000E3146000,5604693894,73.0
7316,CRS3035RES1000mN2039000E3146000,5670401989,68.0
7317,CRS3035RES1000mN2039000E3146000,5942671299,97.0
7318,CRS3035RES1000mN2039000E3146000,5943980960,80.0
7319,CRS3035RES1000mN2039000E3146000,6185791451,
7320,CRS3035RES1000mN2039000E3146000,6188948286,93.0
7321,CRS3035RES1000mN2039000E3146000,6555800191,88.0
7322,CRS3035RES1000mN2039000E3146000,6885254479,66.0
7323,CRS3035RES1000mN2039000E3146000,7222611268,
7324,CRS3035RES1000mN2039000E3146000,7408961006,
7325,CRS3035RES1000mN2039000E3146000,7619964683,113.0
7326,CRS3035RES1000mN2039000E3146000,7836562695,90.0
7327,CRS3035RES1000mN2039000E3146000,8493729364,55.0
7328,CRS3035RES1000mN2039000E3146000,8557885377,73.0
7329,CRS3035RES1000mN2039000E3146000,8807212208,53.0
7330,CRS3035RES1000mN2039000E3146000,8844229173,56.0
7331,CRS3035RES1000mN2039000E3146000,8878422600,41.0
7332,CRS3035RES1000mN2039000E3146000,9595709188,67.0
7333,CRS3035RES1000mN2039000E3146000,9611387099,61.0
7334,CRS3035RES1000mN2039000E3146000,9712656915,35.0
7335,CRS3035RES1000mN2039000E3146000,9713142744,55.0
7336,CRS3035RES1000mN2039000E3146000,9815746657,
7337,CRS3035RES1000mN2039000E3146000,10004871512,84.0
7338,CRS3035RES1000mN2039000E3146000,10281174134,
7339,CRS3035RES1000mN2039000E3146000,10580337411,85.0
7340,CRS3035RES1000mN2039000E3146000,10899442604,102.0
7341,CRS3035RES1000mN2039000E3146000,10922657146,95.0
7342,CRS3035RES1000mN2039000E3146000,11127499928,82.0
7343,CRS3035RES1000mN2039000E3146000,11143725881,57.0
7344,CRS3035RES1000mN2039000E3146000,11243087140,73.0
7345,CRS3035RES1000mN2039000E3146000,11269399969,33.0
7346,CRS3035RES1000mN2039000E3146000,11287269362,86.0
7347,CRS3035RES1000mN2039000E3146000,11287269363,92.0
7348,CRS3035RES1000mN2039000E3146000,11369705764,92.0
7349,CRS3035RES1000mN2039000E3146000,11387776374,85.0
7350,CRS3035RES1000mN2039000E3146000,11461799040,
7351,CRS3035RES1000mN2039000E3146000,11462802981,71.0
7352,CRS3035RES1000mN2039000E3146000,11652077658,52.0
7353,CRS3035RES1000mN2039000E3146000,11691390164,41.0
7354,CRS3035RES1000mN2039000E3146000,11739757462,83.0
7355,CRS3035RES1000mN2039000E3146000,12178446726,69.0
7356,CRS3035RES1000mN2039000E3146000,12407425114,42.0
7357,CRS3035RES1000mN2039000E3146000,12865480228,82.0
7358,CRS3035RES1000mN2039000E3146000,2960630,92.0
7359,CRS3035RES1000mN2039000E3146000,3554044,100.0
7360,CRS3035RES1000mN2039000E3146000,3557906,91.0
7361,CRS3035RES1000mN2039000E3146000,5231361,34.0
7362,CRS3035RES1000mN2039000E3146000,9314566,104.0
7363,CRS3035RES1000mN2039000E3146000,13696257,26.0
7364,CRS3035RES1000mN2039000E3146000,15996131,44.0
7365,CRS3035RES1000mN2039000E3146000,23526191,69.0
7366,CRS3035RES1000mN2039000E3146000,23545719,72.0
7367,CRS3035RES1000mN2039000E3146000,30599279,86.0
7368,CRS3035RES1000mN2039000E3146000,30649229,31.0
7369,CRS3035RES1000mN2039000E3146000,32198651,
7370,CRS3035RES1000mN2039000E3146000,34945111,91.0
7371,CRS3035RES1000mN2039000E3146000,50170625,94.0
7372,CRS3035RES1000mN2039000E3146000,82887228,67.0
7373,CRS3035RES1000mN2039000E3146000,92484952,30.0
7374,CRS3035RES1000mN2039000E3146000,95794713,82.0
7375,CRS3035RES1000mN2039000E3146000,96418670,106.0
7376,CRS3035RES1000mN2039000E3146000,98502686,25.0
7377,CRS3035RES1000mN2039000E3146000,132613257,80.0
7378,CRS3035RES1000mN2039000E3146000,135036040,88.0
7379,CRS3035RES1000mN2039000E3146000,150772489,49.0
7380,CRS3035RES1000mN2039000E3146000,154118456,54.0
7381,CRS3035RES1000mN2039000E3146000,157375776,83.0
7382,CRS3035RES1000mN2039000E3146000,158211204,85.0
7383,CRS3035RES1000mN2039000E3146000,162072415,84.0
7384,CRS3035RES1000mN2039000E3146000,162117720,32.0
7385,CRS3035RES1000mN2039000E3146000,170487273,
7386,CRS3035RES1000mN2039000E3146000,172686062,87.0
7387,CRS3035RES1000mN2039000E3146000,174318235,92.0
7388,CRS3035RES1000mN2039000E3146000,174318237,95.0
7389,CRS3035RES1000mN2039000E3146000,205060159,
7390,CRS3035RES1000mN2039000E3146000,205757163,
7391,CRS3035RES1000mN2039000E3146000,221095520,86.0
7392,CRS3035RES1000mN2039000E3146000,224503374,59.0
7393,CRS3035RES1000mN2039000E3146000,227333462,31.0
7394,CRS3035RES1000mN2039000E3146000,229117454,57.0
7395,CRS3035RES1000mN2039000E3146000,261460389,
7396,CRS3035RES1000mN2039000E3146000,283450022,45.0
7397,CRS3035RES1000mN2039000E3146000,288994040,58.0
7398,CRS3035RES1000mN2039000E3146000,296744564,108.0
7399,CRS3035RES1000mN2039000E3146000,297526406,76.0
7400,CRS3035RES1000mN2039000E3146000,300709861,110.0
7401,CRS3035RES1000mN2039000E3146000,301444634,56.0
7402,CRS3035RES1000mN2039000E3146000,302721609,102.0
7403,CRS3035RES1000mN2039000E3146000,308195630,79.0
7404,CRS3035RES1000mN2039000E3146000,312777902,60.0
7405,CRS3035RES1000mN2039000E3146000,330154630,
7406,CRS3035RES1000mN2039000E3146000,340205456,52.0
7407,CRS3035RES1000mN2039000E3146000,367883612,65.0
7408,CRS3035RES1000mN2039000E3146000,368211943,60.0
7409,CRS3035RES1000mN2039000E3146000,374180360,88.0
7410,CRS3035RES1000mN2039000E3146000,375369499,43.0
7411,CRS3035RES1000mN2039000E3146000,383494544,63.0
7412,CRS3035RES1000mN2039000E3146000,384574591,92.0
7413,CRS3035RES1000mN2039000E3146000,403538322,109.0
7414,CRS3035RES1000mN2039000E3146000,403859503,44.0
7415,CRS3035RES1000mN2039000E3146000,437050442,100.0
7416,CRS3035RES1000mN2039000E3146000,459881697,32.0
7417,CRS3035RES1000mN2039000E3146000,477278425,
7418,CRS3035RES1000mN2039000E3146000,486879235,
7419,CRS3035RES1000mN2039000E3146000,493748377,79.0
7420,CRS3035RES1000mN2039000E3146000,498234201,98.0
7421,CRS3035RES1000mN2039000E3146000,504315026,83.0
7422,CRS3035RES1000mN2039000E3146000,548701490,
7423,CRS3035RES1000mN2039000E3146000,574210084,61.0
7424,CRS3035RES1000mN2039000E3146000,576094143,83.0
7425,CRS3035RES1000mN2039000E3146000,584409067,107.0
7426,CRS3035RES1000mN2039000E3146000,635512756,74.0
7427,CRS3035RES1000mN2039000E3146000,638492224,116.0
7428,CRS3035RES1000mN2039000E3146000,653913062,79.0
7429,CRS3035RES1000mN2039000E3146000,659866770,77.0
7430,CRS3035RES1000mN2039000E3146000,697717972,89.0
7431,CRS3035RES1000mN2039000E3146000,717194862,102.0
7432,CRS3035RES1000mN2039000E3146000,736899303,
7433,CRS3035RES1000mN2039000E3146000,738042217,106.0
7434,CRS3035RES1000mN2039000E3146000,839611983,114.0
7435,CRS3035RES1000mN2039000E3146000,957893520,54.0
7436,CRS3035RES1000mN2039000E3146000,963308110,87.0
7437,CRS3035RES1000mN2039000E3146000,1073283182,95.0
7438,CRS3035RES1000mN2039000E3146000,1252864015,81.0
7439,CRS3035RES1000mN2039000E3146000,1283203658,
7440,CRS3035RES1000mN2040000E3141000,25526,73.0
7441,CRS3035RES1000mN2040000E3141000,1774,63.0
7442,CRS3035RES1000mN2040000E3141000,1770,74.0
7443,CRS3035RES1000mN2040000E3141000,1773,76.0
7444,CRS3035RES1000mN2040000E3141000,1771,41.0
7445,CRS3035RES1000mN2040000E3141000,123303,76.0
7446,CRS3035RES1000mN2040000E3141000,1764,51.0
7447,CRS3035RES1000mN2040000E3141000,181101,79.0
7448,CRS3035RES1000mN2040000E3141000,5765642,74.0
7449,CRS3035RES1000mN2040000E3141000,86719,86.0
7450,CRS3035RES1000mN2040000E3141000,1800,75.0
7451,CRS3035RES1000mN2040000E3141000,1757,62.0
7452,CRS3035RES1000mN2040000E3141000,1755,64.0
7453,CRS3035RES1000mN2040000E3141000,1882,43.0
7454,CRS3035RES1000mN2040000E3141000,1745,69.0
7455,CRS3035RES1000mN2040000E3141000,1794,66.0
7456,CRS3035RES1000mN2040000E3141000,1762,55.0
7457,CRS3035RES1000mN2040000E3141000,51188,60.0
7458,CRS3035RES1000mN2040000E3141000,6893633,59.0
7459,CRS3035RES1000mN2040000E3141000,167128,72.0
7460,CRS3035RES1000mN2040000E3141000,1760,63.0
7461,CRS3035RES1000mN2040000E3141000,12773298,76.0
7462,CRS3035RES1000mN2040000E3141000,1754,87.0
7463,CRS3035RES1000mN2040000E3141000,1748,77.0
7464,CRS3035RES1000mN2040000E3141000,79941,74.0
7465,CRS3035RES1000mN2040000E3141000,1750,67.0
7466,CRS3035RES1000mN2040000E3141000,5975465,53.0
7467,CRS3035RES1000mN2040000E3141000,115056,74.0
7468,CRS3035RES1000mN2040000E3141000,1790,58.0
7469,CRS3035RES1000mN2040000E3141000,1756,69.0
7470,CRS3035RES1000mN2040000E3141000,51849,65.0
7471,CRS3035RES1000mN2040000E3141000,185595,53.0
7472,CRS3035RES1000mN2040000E3141000,7697128,49.0
7473,CRS3035RES1000mN2040000E3141000,10395362,76.0
7474,CRS3035RES1000mN2040000E3141000,1759,61.0
7475,CRS3035RES1000mN2040000E3141000,1752,65.0
7476,CRS3035RES1000mN2040000E3141000,186714,64.0
7477,CRS3035RES1000mN2040000E3141000,1753,69.0
7478,CRS3035RES1000mN2040000E3141000,1792,76.0
7479,CRS3035RES1000mN2040000E3141000,1763,64.0
7480,CRS3035RES1000mN2040000E3141000,1746,72.0
7481,CRS3035RES1000mN2040000E3141000,11572165,80.0
7482,CRS3035RES1000mN2040000E3141000,1761,65.0
7483,CRS3035RES1000mN2040000E3141000,1747,76.0
7484,CRS3035RES1000mN2040000E3141000,5768564,67.0
7485,CRS3035RES1000mN2040000E3141000,1798,52.0
7486,CRS3035RES1000mN2040000E3141000,66904,54.0
7487,CRS3035RES1000mN2040000E3141000,1777,45.0
7488,CRS3035RES1000mN2040000E3141000,1765,58.0
7489,CRS3035RES1000mN2040000E3141000,49416,76.0
7490,CRS3035RES1000mN2040000E3141000,12734939,76.0
7491,CRS3035RES1000mN2040000E3141000,167386167,50.0
7492,CRS3035RES1000mN2040000E3141000,295933804,50.0
7493,CRS3035RES1000mN2040000E3141000,303340017,42.0
7494,CRS3035RES1000mN2040000E3141000,315355551,60.0
7495,CRS3035RES1000mN2040000E3141000,339084977,70.0
7496,CRS3035RES1000mN2040000E3141000,412911553,43.0
7497,CRS3035RES1000mN2040000E3141000,558126037,77.0
7498,CRS3035RES1000mN2040000E3141000,711789768,110.0
7499,CRS3035RES1000mN2040000E3141000,727666062,97.0
7500,CRS3035RES1000mN2040000E3141000,848085869,85.0
7501,CRS3035RES1000mN2040000E3141000,1056098898,57.0
7502,CRS3035RES1000mN2040000E3141000,1255438242,106.0
7503,CRS3035RES1000mN2040000E3141000,1469985039,89.0
7504,CRS3035RES1000mN2040000E3141000,1504302537,
7505,CRS3035RES1000mN2040000E3141000,1511617504,76.0
7506,CRS3035RES1000mN2040000E3141000,1541601287,48.0
7507,CRS3035RES1000mN2040000E3141000,1544591296,63.0
7508,CRS3035RES1000mN2040000E3141000,1598174183,81.0
7509,CRS3035RES1000mN2040000E3141000,1629887846,85.0
7510,CRS3035RES1000mN2040000E3141000,1686660176,76.0
7511,CRS3035RES1000mN2040000E3141000,1716927336,97.0
7512,CRS3035RES1000mN2040000E3141000,1734554324,92.0
7513,CRS3035RES1000mN2040000E3141000,1849109335,47.0
7514,CRS3035RES1000mN2040000E3141000,2028408680,102.0
7515,CRS3035RES1000mN2040000E3141000,2036887702,
7516,CRS3035RES1000mN2040000E3141000,2061404218,63.0
7517,CRS3035RES1000mN2040000E3141000,2134238030,94.0
7518,CRS3035RES1000mN2040000E3141000,2261600754,
7519,CRS3035RES1000mN2040000E3141000,2301402027,88.0
7520,CRS3035RES1000mN2040000E3141000,2303966810,107.0
7521,CRS3035RES1000mN2040000E3141000,2312029862,82.0
7522,CRS3035RES1000mN2040000E3141000,2408860250,68.0
7523,CRS3035RES1000mN2040000E3141000,2620185829,49.0
7524,CRS3035RES1000mN2040000E3141000,2622508931,40.0
7525,CRS3035RES1000mN2040000E3141000,2672130951,
7526,CRS3035RES1000mN2040000E3141000,2710518818,103.0
7527,CRS3035RES1000mN2040000E3141000,3034026261,59.0
7528,CRS3035RES1000mN2040000E3141000,3179889751,101.0
7529,CRS3035RES1000mN2040000E3141000,3206611978,
7530,CRS3035RES1000mN2040000E3141000,3272828439,101.0
7531,CRS3035RES1000mN2040000E3141000,3452364276,79.0
7532,CRS3035RES1000mN2040000E3141000,3452364277,61.0
7533,CRS3035RES1000mN2040000E3141000,3495733197,
7534,CRS3035RES1000mN2040000E3141000,3497154853,
7535,CRS3035RES1000mN2040000E3141000,3517755445,
7536,CRS3035RES1000mN2040000E3141000,3522125657,
7537,CRS3035RES1000mN2040000E3141000,3526751794,88.0
7538,CRS3035RES1000mN2040000E3141000,3839306060,81.0
7539,CRS3035RES1000mN2040000E3141000,4214697664,50.0
7540,CRS3035RES1000mN2040000E3141000,4338252586,76.0
7541,CRS3035RES1000mN2040000E3141000,4401271633,
7542,CRS3035RES1000mN2040000E3141000,4515476768,
7543,CRS3035RES1000mN2040000E3141000,4569910891,51.0
7544,CRS3035RES1000mN2040000E3141000,4703730491,60.0
7545,CRS3035RES1000mN2040000E3141000,4707870392,58.0
7546,CRS3035RES1000mN2040000E3141000,4789037769,116.0
7547,CRS3035RES1000mN2040000E3141000,4794233143,119.0
7548,CRS3035RES1000mN2040000E3141000,4870405674,68.0
7549,CRS3035RES1000mN2040000E3141000,5139379922,80.0
7550,CRS3035RES1000mN2040000E3141000,5160337425,34.0
7551,CRS3035RES1000mN2040000E3141000,5196199575,71.0
7552,CRS3035RES1000mN2040000E3141000,5341570554,64.0
7553,CRS3035RES1000mN2040000E3141000,5345949864,107.0
7554,CRS3035RES1000mN2040000E3141000,5448507385,
7555,CRS3035RES1000mN2040000E3141000,5604693894,73.0
7556,CRS3035RES1000mN2040000E3141000,5670401989,68.0
7557,CRS3035RES1000mN2040000E3141000,5942671299,100.0
7558,CRS3035RES1000mN2040000E3141000,5943980960,50.0
7559,CRS3035RES1000mN2040000E3141000,6185791451,
7560,CRS3035RES1000mN2040000E3141000,6188948286,93.0
7561,CRS3035RES1000mN2040000E3141000,6555800191,84.0
7562,CRS3035RES1000mN2040000E3141000,6885254479,65.0
7563,CRS3035RES1000mN2040000E3141000,7222611268,
7564,CRS3035RES1000mN2040000E3141000,7408961006,
7565,CRS3035RES1000mN2040000E3141000,7619964683,113.0
7566,CRS3035RES1000mN2040000E3141000,7836562695,90.0
7567,CRS3035RES1000mN2040000E3141000,8493729364,56.0
7568,CRS3035RES1000mN2040000E3141000,8557885377,73.0
7569,CRS3035RES1000mN2040000E3141000,8807212208,51.0
7570,CRS3035RES1000mN2040000E3141000,8844229173,55.0
7571,CRS3035RES1000mN2040000E3141000,8878422600,43.0
7572,CRS3035RES1000mN2040000E3141000,9595709188,66.0
7573,CRS3035RES1000mN2040000E3141000,9611387099,62.0
7574,CRS3035RES1000mN2040000E3141000,9712656915,35.0
7575,CRS3035RES1000mN2040000E3141000,9713142744,55.0
7576,CRS3035RES1000mN2040000E3141000,9815746657,
7577,CRS3035RES1000mN2040000E3141000,10004871512,84.0
7578,CRS3035RES1000mN2040000E3141000,10281174134,
7579,CRS3035RES1000mN2040000E3141000,10580337411,85.0
7580,CRS3035RES1000mN2040000E3141000,10899442604,98.0
7581,CRS3035RES1000mN2040000E3141000,10922657146,90.0
7582,CRS3035RES1000mN2040000E3141000,11127499928,82.0
7583,CRS3035RES1000mN2040000E3141000,11143725881,57.0
7584,CRS3035RES1000mN2040000E3141000,11243087140,72.0
7585,CRS3035RES1000mN2040000E3141000,11269399969,33.0
7586,CRS3035RES1000mN2040000E3141000,11287269362,86.0
7587,CRS3035RES1000mN2040000E3141000,11287269363,92.0
7588,CRS3035RES1000mN2040000E3141000,11369705764,92.0
7589,CRS3035RES1000mN2040000E3141000,11387776374,84.0
7590,CRS3035RES1000mN2040000E3141000,11461799040,
7591,CRS3035RES1000mN2040000E3141000,11462802981,71.0
7592,CRS3035RES1000mN2040000E3141000,11652077658,52.0
7593,CRS3035RES1000mN2040000E3141000,11691390164,40.0
7594,CRS3035RES1000mN2040000E3141000,11739757462,85.0
7595,CRS3035RES1000mN2040000E3141000,12178446726,69.0
7596,CRS3035RES1000mN2040000E3141000,12407425114,32.0
7597,CRS3035RES1000mN2040000E3141000,12865480228,82.0
7598,CRS3035RES1000mN2040000E3141000,2960630,82.0
7599,CRS3035RES1000mN2040000E3141000,3554044,100.0
7600,CRS3035RES1000mN2040000E3141000,3557906,91.0
7601,CRS3035RES1000mN2040000E3141000,5231361,34.0
7602,CRS3035RES1000mN2040000E3141000,9314566,104.0
7603,CRS3035RES1000mN2040000E3141000,13696257,35.0
7604,CRS3035RES1000mN2040000E3141000,15996131,44.0
7605,CRS3035RES1000mN2040000E3141000,23526191,68.0
7606,CRS3035RES1000mN2040000E3141000,23545719,71.0
7607,CRS3035RES1000mN2040000E3141000,30599279,86.0
7608,CRS3035RES1000mN2040000E3141000,30649229,31.0
7609,CRS3035RES1000mN2040000E3141000,32198651,
7610,CRS3035RES1000mN2040000E3141000,34945111,93.0
7611,CRS3035RES1000mN2040000E3141000,50170625,94.0
7612,CRS3035RES1000mN2040000E3141000,82887228,67.0
7613,CRS3035RES1000mN2040000E3141000,92484952,39.0
7614,CRS3035RES1000mN2040000E3141000,95794713,82.0
7615,CRS3035RES1000mN2040000E3141000,96418670,102.0
7616,CRS3035RES1000mN2040000E3141000,98502686,25.0
7617,CRS3035RES1000mN2040000E3141000,132613257,80.0
7618,CRS3035RES1000mN2040000E3141000,135036040,88.0
7619,CRS3035RES1000mN2040000E3141000,150772489,48.0
7620,CRS3035RES1000mN2040000E3141000,154118456,54.0
7621,CRS3035RES1000mN2040000E3141000,157375776,81.0
7622,CRS3035RES1000mN2040000E3141000,158211204,84.0
7623,CRS3035RES1000mN2040000E3141000,162072415,84.0
7624,CRS3035RES1000mN2040000E3141000,162117720,41.0
7625,CRS3035RES1000mN2040000E3141000,170487273,
7626,CRS3035RES1000mN2040000E3141000,172686062,82.0
7627,CRS3035RES1000mN2040000E3141000,174318235,92.0
7628,CRS3035RES1000mN2040000E3141000,174318237,95.0
7629,CRS3035RES1000mN2040000E3141000,205060159,
7630,CRS3035RES1000mN2040000E3141000,205757163,
7631,CRS3035RES1000mN2040000E3141000,221095520,86.0
7632,CRS3035RES1000mN2040000E3141000,224503374,58.0
7633,CRS3035RES1000mN2040000E3141000,227333462,27.0
7634,CRS3035RES1000mN2040000E3141000,229117454,57.0
7635,CRS3035RES1000mN2040000E3141000,261460389,
7636,CRS3035RES1000mN2040000E3141000,283450022,45.0
7637,CRS3035RES1000mN2040000E3141000,288994040,59.0
7638,CRS3035RES1000mN2040000E3141000,296744564,108.0
7639,CRS3035RES1000mN2040000E3141000,297526406,76.0
7640,CRS3035RES1000mN2040000E3141000,300709861,110.0
7641,CRS3035RES1000mN2040000E3141000,301444634,39.0
7642,CRS3035RES1000mN2040000E3141000,302721609,105.0
7643,CRS3035RES1000mN2040000E3141000,308195630,79.0
7644,CRS3035RES1000mN2040000E3141000,312777902,61.0
7645,CRS3035RES1000mN2040000E3141000,330154630,
7646,CRS3035RES1000mN2040000E3141000,340205456,51.0
7647,CRS3035RES1000mN2040000E3141000,367883612,65.0
7648,CRS3035RES1000mN2040000E3141000,368211943,60.0
7649,CRS3035RES1000mN2040000E3141000,374180360,88.0
7650,CRS3035RES1000mN2040000E3141000,375369499,43.0
7651,CRS3035RES1000mN2040000E3141000,383494544,62.0
7652,CRS3035RES1000mN2040000E3141000,384574591,94.0
7653,CRS3035RES1000mN2040000E3141000,403538322,109.0
7654,CRS3035RES1000mN2040000E3141000,403859503,42.0
7655,CRS3035RES1000mN2040000E3141000,437050442,102.0
7656,CRS3035RES1000mN2040000E3141000,459881697,19.0
7657,CRS3035RES1000mN2040000E3141000,477278425,
7658,CRS3035RES1000mN2040000E3141000,486879235,
7659,CRS3035RES1000mN2040000E3141000,493748377,79.0
7660,CRS3035RES1000mN2040000E3141000,498234201,100.0
7661,CRS3035RES1000mN2040000E3141000,504315026,83.0
7662,CRS3035RES1000mN2040000E3141000,548701490,
7663,CRS3035RES1000mN2040000E3141000,574210084,61.0
7664,CRS3035RES1000mN2040000E3141000,576094143,83.0
7665,CRS3035RES1000mN2040000E3141000,584409067,107.0
7666,CRS3035RES1000mN2040000E3141000,635512756,74.0
7667,CRS3035RES1000mN2040000E3141000,638492224,116.0
7668,CRS3035RES1000mN2040000E3141000,653913062,79.0
7669,CRS3035RES1000mN2040000E3141000,659866770,76.0
7670,CRS3035RES1000mN2040000E3141000,697717972,73.0
7671,CRS3035RES1000mN2040000E3141000,717194862,102.0
7672,CRS3035RES1000mN2040000E3141000,736899303,117.0
7673,CRS3035RES1000mN2040000E3141000,738042217,106.0
7674,CRS3035RES1000mN2040000E3141000,839611983,114.0
7675,CRS3035RES1000mN2040000E3141000,957893520,54.0
7676,CRS3035RES1000mN2040000E3141000,963308110,86.0
7677,CRS3035RES1000mN2040000E3141000,1073283182,99.0
7678,CRS3035RES1000mN2040000E3141000,1252864015,81.0
7679,CRS3035RES1000mN2040000E3141000,1283203658,
7680,CRS3035RES1000mN2040000E3142000,25526,84.0
7681,CRS3035RES1000mN2040000E3142000,1774,77.0
7682,CRS3035RES1000mN2040000E3142000,1770,89.0
7683,CRS3035RES1000mN2040000E3142000,1773,90.0
7684,CRS3035RES1000mN2040000E3142000,1771,55.0
7685,CRS3035RES1000mN2040000E3142000,123303,89.0
7686,CRS3035RES1000mN2040000E3142000,1764,67.0
7687,CRS3035RES1000mN2040000E3142000,181101,93.0
7688,CRS3035RES1000mN2040000E3142000,5765642,90.0
7689,CRS3035RES1000mN2040000E3142000,86719,99.0
7690,CRS3035RES1000mN2040000E3142000,1800,89.0
7691,CRS3035RES1000mN2040000E3142000,1757,75.0
7692,CRS3035RES1000mN2040000E3142000,1755,78.0
7693,CRS3035RES1000mN2040000E3142000,1882,57.0
7694,CRS3035RES1000mN2040000E3142000,1745,80.0
7695,CRS3035RES1000mN2040000E3142000,1794,82.0
7696,CRS3035RES1000mN2040000E3142000,1762,70.0
7697,CRS3035RES1000mN2040000E3142000,51188,76.0
7698,CRS3035RES1000mN2040000E3142000,6893633,73.0
7699,CRS3035RES1000mN2040000E3142000,167128,86.0
7700,CRS3035RES1000mN2040000E3142000,1760,78.0
7701,CRS3035RES1000mN2040000E3142000,12773298,89.0
7702,CRS3035RES1000mN2040000E3142000,1754,101.0
7703,CRS3035RES1000mN2040000E3142000,1748,90.0
7704,CRS3035RES1000mN2040000E3142000,79941,81.0
7705,CRS3035RES1000mN2040000E3142000,1750,81.0
7706,CRS3035RES1000mN2040000E3142000,5975465,67.0
7707,CRS3035RES1000mN2040000E3142000,115056,88.0
7708,CRS3035RES1000mN2040000E3142000,1790,76.0
7709,CRS3035RES1000mN2040000E3142000,1756,83.0
7710,CRS3035RES1000mN2040000E3142000,51849,79.0
7711,CRS3035RES1000mN2040000E3142000,185595,68.0
7712,CRS3035RES1000mN2040000E3142000,7697128,63.0
7713,CRS3035RES1000mN2040000E3142000,10395362,95.0
7714,CRS3035RES1000mN2040000E3142000,1759,79.0
7715,CRS3035RES1000mN2040000E3142000,1752,79.0
7716,CRS3035RES1000mN2040000E3142000,186714,80.0
7717,CRS3035RES1000mN2040000E3142000,1753,83.0
7718,CRS3035RES1000mN2040000E3142000,1792,87.0
7719,CRS3035RES1000mN2040000E3142000,1763,78.0
7720,CRS3035RES1000mN2040000E3142000,1746,87.0
7721,CRS3035RES1000mN2040000E3142000,11572165,93.0
7722,CRS3035RES1000mN2040000E3142000,1761,78.0
7723,CRS3035RES1000mN2040000E3142000,1747,90.0
7724,CRS3035RES1000mN2040000E3142000,5768564,80.0
7725,CRS3035RES1000mN2040000E3142000,1798,66.0
7726,CRS3035RES1000mN2040000E3142000,66904,82.0
7727,CRS3035RES1000mN2040000E3142000,1777,60.0
7728,CRS3035RES1000mN2040000E3142000,1765,73.0
7729,CRS3035RES1000mN2040000E3142000,49416,89.0
7730,CRS3035RES1000mN2040000E3142000,12734939,89.0
7731,CRS3035RES1000mN2040000E3142000,167386167,64.0
7732,CRS3035RES1000mN2040000E3142000,295933804,66.0
7733,CRS3035RES1000mN2040000E3142000,303340017,57.0
7734,CRS3035RES1000mN2040000E3142000,315355551,82.0
7735,CRS3035RES1000mN2040000E3142000,339084977,77.0
7736,CRS3035RES1000mN2040000E3142000,412911553,60.0
7737,CRS3035RES1000mN2040000E3142000,558126037,97.0
7738,CRS3035RES1000mN2040000E3142000,711789768,
7739,CRS3035RES1000mN2040000E3142000,727666062,
7740,CRS3035RES1000mN2040000E3142000,848085869,111.0
7741,CRS3035RES1000mN2040000E3142000,1056098898,72.0
7742,CRS3035RES1000mN2040000E3142000,1255438242,117.0
7743,CRS3035RES1000mN2040000E3142000,1469985039,101.0
7744,CRS3035RES1000mN2040000E3142000,1504302537,
7745,CRS3035RES1000mN2040000E3142000,1511617504,111.0
7746,CRS3035RES1000mN2040000E3142000,1541601287,73.0
7747,CRS3035RES1000mN2040000E3142000,1544591296,85.0
7748,CRS3035RES1000mN2040000E3142000,1598174183,83.0
7749,CRS3035RES1000mN2040000E3142000,1629887846,89.0
7750,CRS3035RES1000mN2040000E3142000,1686660176,92.0
7751,CRS3035RES1000mN2040000E3142000,1716927336,
7752,CRS3035RES1000mN2040000E3142000,1734554324,92.0
7753,CRS3035RES1000mN2040000E3142000,1849109335,62.0
7754,CRS3035RES1000mN2040000E3142000,2028408680,
7755,CRS3035RES1000mN2040000E3142000,2036887702,
7756,CRS3035RES1000mN2040000E3142000,2061404218,103.0
7757,CRS3035RES1000mN2040000E3142000,2134238030,94.0
7758,CRS3035RES1000mN2040000E3142000,2261600754,
7759,CRS3035RES1000mN2040000E3142000,2301402027,99.0
7760,CRS3035RES1000mN2040000E3142000,2303966810,
7761,CRS3035RES1000mN2040000E3142000,2312029862,86.0
7762,CRS3035RES1000mN2040000E3142000,2408860250,82.0
7763,CRS3035RES1000mN2040000E3142000,2620185829,65.0
7764,CRS3035RES1000mN2040000E3142000,2622508931,56.0
7765,CRS3035RES1000mN2040000E3142000,2672130951,
7766,CRS3035RES1000mN2040000E3142000,2710518818,111.0
7767,CRS3035RES1000mN2040000E3142000,3034026261,
7768,CRS3035RES1000mN2040000E3142000,3179889751,
7769,CRS3035RES1000mN2040000E3142000,3206611978,
7770,CRS3035RES1000mN2040000E3142000,3272828439,
7771,CRS3035RES1000mN2040000E3142000,3452364276,92.0
7772,CRS3035RES1000mN2040000E3142000,3452364277,75.0
7773,CRS3035RES1000mN2040000E3142000,3495733197,
7774,CRS3035RES1000mN2040000E3142000,3497154853,
7775,CRS3035RES1000mN2040000E3142000,3517755445,
7776,CRS3035RES1000mN2040000E3142000,3522125657,
7777,CRS3035RES1000mN2040000E3142000,3526751794,
7778,CRS3035RES1000mN2040000E3142000,3839306060,90.0
7779,CRS3035RES1000mN2040000E3142000,4214697664,64.0
7780,CRS3035RES1000mN2040000E3142000,4338252586,
7781,CRS3035RES1000mN2040000E3142000,4401271633,
7782,CRS3035RES1000mN2040000E3142000,4515476768,
7783,CRS3035RES1000mN2040000E3142000,4569910891,65.0
7784,CRS3035RES1000mN2040000E3142000,4703730491,83.0
7785,CRS3035RES1000mN2040000E3142000,4707870392,82.0
7786,CRS3035RES1000mN2040000E3142000,4789037769,
7787,CRS3035RES1000mN2040000E3142000,4794233143,
7788,CRS3035RES1000mN2040000E3142000,4870405674,81.0
7789,CRS3035RES1000mN2040000E3142000,5139379922,96.0
7790,CRS3035RES1000mN2040000E3142000,5160337425,50.0
7791,CRS3035RES1000mN2040000E3142000,5196199575,103.0
7792,CRS3035RES1000mN2040000E3142000,5341570554,79.0
7793,CRS3035RES1000mN2040000E3142000,5345949864,110.0
7794,CRS3035RES1000mN2040000E3142000,5448507385,
7795,CRS3035RES1000mN2040000E3142000,5604693894,
7796,CRS3035RES1000mN2040000E3142000,5670401989,93.0
7797,CRS3035RES1000mN2040000E3142000,5942671299,109.0
7798,CRS3035RES1000mN2040000E3142000,5943980960,80.0
7799,CRS3035RES1000mN2040000E3142000,6185791451,
7800,CRS3035RES1000mN2040000E3142000,6188948286,106.0
7801,CRS3035RES1000mN2040000E3142000,6555800191,101.0
7802,CRS3035RES1000mN2040000E3142000,6885254479,90.0
7803,CRS3035RES1000mN2040000E3142000,7222611268,
7804,CRS3035RES1000mN2040000E3142000,7408961006,
7805,CRS3035RES1000mN2040000E3142000,7619964683,
7806,CRS3035RES1000mN2040000E3142000,7836562695,114.0
7807,CRS3035RES1000mN2040000E3142000,8493729364,70.0
7808,CRS3035RES1000mN2040000E3142000,8557885377,73.0
7809,CRS3035RES1000mN2040000E3142000,8807212208,67.0
7810,CRS3035RES1000mN2040000E3142000,8844229173,70.0
7811,CRS3035RES1000mN2040000E3142000,8878422600,68.0
7812,CRS3035RES1000mN2040000E3142000,9595709188,81.0
7813,CRS3035RES1000mN2040000E3142000,9611387099,76.0
7814,CRS3035RES1000mN2040000E3142000,9712656915,49.0
7815,CRS3035RES1000mN2040000E3142000,9713142744,69.0
7816,CRS3035RES1000mN2040000E3142000,9815746657,
7817,CRS3035RES1000mN2040000E3142000,10004871512,86.0
7818,CRS3035RES1000mN2040000E3142000,10281174134,
7819,CRS3035RES1000mN2040000E3142000,10580337411,94.0
7820,CRS3035RES1000mN2040000E3142000,10899442604,115.0
7821,CRS3035RES1000mN2040000E3142000,10922657146,108.0
7822,CRS3035RES1000mN2040000E3142000,11127499928,100.0
7823,CRS3035RES1000mN2040000E3142000,11143725881,65.0
7824,CRS3035RES1000mN2040000E3142000,11243087140,98.0
7825,CRS3035RES1000mN2040000E3142000,11269399969,51.0
7826,CRS3035RES1000mN2040000E3142000,11287269362,90.0
7827,CRS3035RES1000mN2040000E3142000,11287269363,110.0
7828,CRS3035RES1000mN2040000E3142000,11369705764,101.0
7829,CRS3035RES1000mN2040000E3142000,11387776374,99.0
7830,CRS3035RES1000mN2040000E3142000,11461799040,
7831,CRS3035RES1000mN2040000E3142000,11462802981,83.0
7832,CRS3035RES1000mN2040000E3142000,11652077658,67.0
7833,CRS3035RES1000mN2040000E3142000,11691390164,56.0
7834,CRS3035RES1000mN2040000E3142000,11739757462,98.0
7835,CRS3035RES1000mN2040000E3142000,12178446726,82.0
7836,CRS3035RES1000mN2040000E3142000,12407425114,50.0
7837,CRS3035RES1000mN2040000E3142000,12865480228,91.0
7838,CRS3035RES1000mN2040000E3142000,2960630,104.0
7839,CRS3035RES1000mN2040000E3142000,3554044,107.0
7840,CRS3035RES1000mN2040000E3142000,3557906,105.0
7841,CRS3035RES1000mN2040000E3142000,5231361,52.0
7842,CRS3035RES1000mN2040000E3142000,9314566,
7843,CRS3035RES1000mN2040000E3142000,13696257,57.0
7844,CRS3035RES1000mN2040000E3142000,15996131,59.0
7845,CRS3035RES1000mN2040000E3142000,23526191,84.0
7846,CRS3035RES1000mN2040000E3142000,23545719,86.0
7847,CRS3035RES1000mN2040000E3142000,30599279,99.0
7848,CRS3035RES1000mN2040000E3142000,30649229,49.0
7849,CRS3035RES1000mN2040000E3142000,32198651,
7850,CRS3035RES1000mN2040000E3142000,34945111,105.0
7851,CRS3035RES1000mN2040000E3142000,50170625,
7852,CRS3035RES1000mN2040000E3142000,82887228,92.0
7853,CRS3035RES1000mN2040000E3142000,92484952,58.0
7854,CRS3035RES1000mN2040000E3142000,95794713,97.0
7855,CRS3035RES1000mN2040000E3142000,96418670,
7856,CRS3035RES1000mN2040000E3142000,98502686,47.0
7857,CRS3035RES1000mN2040000E3142000,132613257,94.0
7858,CRS3035RES1000mN2040000E3142000,135036040,92.0
7859,CRS3035RES1000mN2040000E3142000,150772489,64.0
7860,CRS3035RES1000mN2040000E3142000,154118456,80.0
7861,CRS3035RES1000mN2040000E3142000,157375776,97.0
7862,CRS3035RES1000mN2040000E3142000,158211204,99.0
7863,CRS3035RES1000mN2040000E3142000,162072415,100.0
7864,CRS3035RES1000mN2040000E3142000,162117720,67.0
7865,CRS3035RES1000mN2040000E3142000,170487273,
7866,CRS3035RES1000mN2040000E3142000,172686062,101.0
7867,CRS3035RES1000mN2040000E3142000,174318235,114.0
7868,CRS3035RES1000mN2040000E3142000,174318237,112.0
7869,CRS3035RES1000mN2040000E3142000,205060159,
7870,CRS3035RES1000mN2040000E3142000,205757163,
7871,CRS3035RES1000mN2040000E3142000,221095520,97.0
7872,CRS3035RES1000mN2040000E3142000,224503374,73.0
7873,CRS3035RES1000mN2040000E3142000,227333462,47.0
7874,CRS3035RES1000mN2040000E3142000,229117454,64.0
7875,CRS3035RES1000mN2040000E3142000,261460389,
7876,CRS3035RES1000mN2040000E3142000,283450022,59.0
7877,CRS3035RES1000mN2040000E3142000,288994040,73.0
7878,CRS3035RES1000mN2040000E3142000,296744564,119.0
7879,CRS3035RES1000mN2040000E3142000,297526406,98.0
7880,CRS3035RES1000mN2040000E3142000,300709861,
7881,CRS3035RES1000mN2040000E3142000,301444634,56.0
7882,CRS3035RES1000mN2040000E3142000,302721609,
7883,CRS3035RES1000mN2040000E3142000,308195630,79.0
7884,CRS3035RES1000mN2040000E3142000,312777902,75.0
7885,CRS3035RES1000mN2040000E3142000,330154630,
7886,CRS3035RES1000mN2040000E3142000,340205456,66.0
7887,CRS3035RES1000mN2040000E3142000,367883612,89.0
7888,CRS3035RES1000mN2040000E3142000,368211943,81.0
7889,CRS3035RES1000mN2040000E3142000,374180360,92.0
7890,CRS3035RES1000mN2040000E3142000,375369499,74.0
7891,CRS3035RES1000mN2040000E3142000,383494544,81.0
7892,CRS3035RES1000mN2040000E3142000,384574591,102.0
7893,CRS3035RES1000mN2040000E3142000,403538322,113.0
7894,CRS3035RES1000mN2040000E3142000,403859503,58.0
7895,CRS3035RES1000mN2040000E3142000,437050442,115.0
7896,CRS3035RES1000mN2040000E3142000,459881697,39.0
7897,CRS3035RES1000mN2040000E3142000,477278425,
7898,CRS3035RES1000mN2040000E3142000,486879235,
7899,CRS3035RES1000mN2040000E3142000,493748377,95.0
7900,CRS3035RES1000mN2040000E3142000,498234201,113.0
7901,CRS3035RES1000mN2040000E3142000,504315026,92.0
7902,CRS3035RES1000mN2040000E3142000,548701490,
7903,CRS3035RES1000mN2040000E3142000,574210084,62.0
7904,CRS3035RES1000mN2040000E3142000,576094143,102.0
7905,CRS3035RES1000mN2040000E3142000,584409067,
7906,CRS3035RES1000mN2040000E3142000,635512756,98.0
7907,CRS3035RES1000mN2040000E3142000,638492224,
7908,CRS3035RES1000mN2040000E3142000,653913062,100.0
7909,CRS3035RES1000mN2040000E3142000,659866770,
7910,CRS3035RES1000mN2040000E3142000,697717972,102.0
7911,CRS3035RES1000mN2040000E3142000,717194862,
7912,CRS3035RES1000mN2040000E3142000,736899303,
7913,CRS3035RES1000mN2040000E3142000,738042217,
7914,CRS3035RES1000mN2040000E3142000,839611983,
7915,CRS3035RES1000mN2040000E3142000,957893520,68.0
7916,CRS3035RES1000mN2040000E3142000,963308110,100.0
7917,CRS3035RES1000mN2040000E3142000,1073283182,
7918,CRS3035RES1000mN2040000E3142000,1252864015,83.0
7919,CRS3035RES1000mN2040000E3142000,1283203658,
7920,CRS3035RES1000mN2040000E3143000,25526,108.0
7921,CRS3035RES1000mN2040000E3143000,1774,100.0
7922,CRS3035RES1000mN2040000E3143000,1770,112.0
7923,CRS3035RES1000mN2040000E3143000,1773,113.0
7924,CRS3035RES1000mN2040000E3143000,1771,78.0
7925,CRS3035RES1000mN2040000E3143000,123303,113.0
7926,CRS3035RES1000mN2040000E3143000,1764,90.0
7927,CRS3035RES1000mN2040000E3143000,181101,118.0
7928,CRS3035RES1000mN2040000E3143000,5765642,112.0
7929,CRS3035RES1000mN2040000E3143000,86719,
7930,CRS3035RES1000mN2040000E3143000,1800,112.0
7931,CRS3035RES1000mN2040000E3143000,1757,99.0
7932,CRS3035RES1000mN2040000E3143000,1755,101.0
7933,CRS3035RES1000mN2040000E3143000,1882,80.0
7934,CRS3035RES1000mN2040000E3143000,1745,105.0
7935,CRS3035RES1000mN2040000E3143000,1794,104.0
7936,CRS3035RES1000mN2040000E3143000,1762,93.0
7937,CRS3035RES1000mN2040000E3143000,51188,98.0
7938,CRS3035RES1000mN2040000E3143000,6893633,96.0
7939,CRS3035RES1000mN2040000E3143000,167128,109.0
7940,CRS3035RES1000mN2040000E3143000,1760,101.0
7941,CRS3035RES1000mN2040000E3143000,12773298,111.0
7942,CRS3035RES1000mN2040000E3143000,1754,
7943,CRS3035RES1000mN2040000E3143000,1748,114.0
7944,CRS3035RES1000mN2040000E3143000,79941,111.0
7945,CRS3035RES1000mN2040000E3143000,1750,104.0
7946,CRS3035RES1000mN2040000E3143000,5975465,90.0
7947,CRS3035RES1000mN2040000E3143000,115056,111.0
7948,CRS3035RES1000mN2040000E3143000,1790,98.0
7949,CRS3035RES1000mN2040000E3143000,1756,106.0
7950,CRS3035RES1000mN2040000E3143000,51849,102.0
7951,CRS3035RES1000mN2040000E3143000,185595,90.0
7952,CRS3035RES1000mN2040000E3143000,7697128,86.0
7953,CRS3035RES1000mN2040000E3143000,10395362,119.0
7954,CRS3035RES1000mN2040000E3143000,1759,102.0
7955,CRS3035RES1000mN2040000E3143000,1752,102.0
7956,CRS3035RES1000mN2040000E3143000,186714,103.0
7957,CRS3035RES1000mN2040000E3143000,1753,106.0
7958,CRS3035RES1000mN2040000E3143000,1792,112.0
7959,CRS3035RES1000mN2040000E3143000,1763,101.0
7960,CRS3035RES1000mN2040000E3143000,1746,109.0
7961,CRS3035RES1000mN2040000E3143000,11572165,119.0
7962,CRS3035RES1000mN2040000E3143000,1761,101.0
7963,CRS3035RES1000mN2040000E3143000,1747,113.0
7964,CRS3035RES1000mN2040000E3143000,5768564,103.0
7965,CRS3035RES1000mN2040000E3143000,1798,89.0
7966,CRS3035RES1000mN2040000E3143000,66904,104.0
7967,CRS3035RES1000mN2040000E3143000,1777,83.0
7968,CRS3035RES1000mN2040000E3143000,1765,95.0
7969,CRS3035RES1000mN2040000E3143000,49416,113.0
7970,CRS3035RES1000mN2040000E3143000,12734939,113.0
7971,CRS3035RES1000mN2040000E3143000,167386167,87.0
7972,CRS3035RES1000mN2040000E3143000,295933804,87.0
7973,CRS3035RES1000mN2040000E3143000,303340017,77.0
7974,CRS3035RES1000mN2040000E3143000,315355551,97.0
7975,CRS3035RES1000mN2040000E3143000,339084977,105.0
7976,CRS3035RES1000mN2040000E3143000,412911553,82.0
7977,CRS3035RES1000mN2040000E3143000,558126037,117.0
7978,CRS3035RES1000mN2040000E3143000,711789768,
7979,CRS3035RES1000mN2040000E3143000,727666062,
7980,CRS3035RES1000mN2040000E3143000,848085869,
7981,CRS3035RES1000mN2040000E3143000,1056098898,94.0
7982,CRS3035RES1000mN2040000E3143000,1255438242,
7983,CRS3035RES1000mN2040000E3143000,1469985039,
7984,CRS3035RES1000mN2040000E3143000,1504302537,
7985,CRS3035RES1000mN2040000E3143000,1511617504,
7986,CRS3035RES1000mN2040000E3143000,1541601287,95.0
7987,CRS3035RES1000mN2040000E3143000,1544591296,110.0
7988,CRS3035RES1000mN2040000E3143000,1598174183,114.0
7989,CRS3035RES1000mN2040000E3143000,1629887846,119.0
7990,CRS3035RES1000mN2040000E3143000,1686660176,114.0
7991,CRS3035RES1000mN2040000E3143000,1716927336,
7992,CRS3035RES1000mN2040000E3143000,1734554324,
7993,CRS3035RES1000mN2040000E3143000,1849109335,79.0
7994,CRS3035RES1000mN2040000E3143000,2028408680,
7995,CRS3035RES1000mN2040000E3143000,2036887702,
7996,CRS3035RES1000mN2040000E3143000,2061404218,114.0
7997,CRS3035RES1000mN2040000E3143000,2134238030,
7998,CRS3035RES1000mN2040000E3143000,2261600754,
7999,CRS3035RES1000mN2040000E3143000,2301402027,
8000,CRS3035RES1000mN2040000E3143000,2303966810,
8001,CRS3035RES1000mN2040000E3143000,2312029862,117.0
8002,CRS3035RES1000mN2040000E3143000,2408860250,104.0
8003,CRS3035RES1000mN2040000E3143000,2620185829,87.0
8004,CRS3035RES1000mN2040000E3143000,2622508931,79.0
8005,CRS3035RES1000mN2040000E3143000,2672130951,
8006,CRS3035RES1000mN2040000E3143000,2710518818,
8007,CRS3035RES1000mN2040000E3143000,3034026261,
8008,CRS3035RES1000mN2040000E3143000,3179889751,
8009,CRS3035RES1000mN2040000E3143000,3206611978,
8010,CRS3035RES1000mN2040000E3143000,3272828439,
8011,CRS3035RES1000mN2040000E3143000,3452364276,117.0
8012,CRS3035RES1000mN2040000E3143000,3452364277,98.0
8013,CRS3035RES1000mN2040000E3143000,3495733197,
8014,CRS3035RES1000mN2040000E3143000,3497154853,
8015,CRS3035RES1000mN2040000E3143000,3517755445,
8016,CRS3035RES1000mN2040000E3143000,3522125657,
8017,CRS3035RES1000mN2040000E3143000,3526751794,
8018,CRS3035RES1000mN2040000E3143000,3839306060,116.0
8019,CRS3035RES1000mN2040000E3143000,4214697664,88.0
8020,CRS3035RES1000mN2040000E3143000,4338252586,
8021,CRS3035RES1000mN2040000E3143000,4401271633,
8022,CRS3035RES1000mN2040000E3143000,4515476768,
8023,CRS3035RES1000mN2040000E3143000,4569910891,88.0
8024,CRS3035RES1000mN2040000E3143000,4703730491,104.0
8025,CRS3035RES1000mN2040000E3143000,4707870392,100.0
8026,CRS3035RES1000mN2040000E3143000,4789037769,
8027,CRS3035RES1000mN2040000E3143000,4794233143,
8028,CRS3035RES1000mN2040000E3143000,4870405674,105.0
8029,CRS3035RES1000mN2040000E3143000,5139379922,102.0
8030,CRS3035RES1000mN2040000E3143000,5160337425,73.0
8031,CRS3035RES1000mN2040000E3143000,5196199575,
8032,CRS3035RES1000mN2040000E3143000,5341570554,101.0
8033,CRS3035RES1000mN2040000E3143000,5345949864,
8034,CRS3035RES1000mN2040000E3143000,5448507385,
8035,CRS3035RES1000mN2040000E3143000,5604693894,
8036,CRS3035RES1000mN2040000E3143000,5670401989,
8037,CRS3035RES1000mN2040000E3143000,5942671299,
8038,CRS3035RES1000mN2040000E3143000,5943980960,108.0
8039,CRS3035RES1000mN2040000E3143000,6185791451,
8040,CRS3035RES1000mN2040000E3143000,6188948286,
8041,CRS3035RES1000mN2040000E3143000,6555800191,
8042,CRS3035RES1000mN2040000E3143000,6885254479,113.0
8043,CRS3035RES1000mN2040000E3143000,7222611268,
8044,CRS3035RES1000mN2040000E3143000,7408961006,
8045,CRS3035RES1000mN2040000E3143000,7619964683,
8046,CRS3035RES1000mN2040000E3143000,7836562695,
8047,CRS3035RES1000mN2040000E3143000,8493729364,93.0
8048,CRS3035RES1000mN2040000E3143000,8557885377,105.0
8049,CRS3035RES1000mN2040000E3143000,8807212208,90.0
8050,CRS3035RES1000mN2040000E3143000,8844229173,92.0
8051,CRS3035RES1000mN2040000E3143000,8878422600,83.0
8052,CRS3035RES1000mN2040000E3143000,9595709188,105.0
8053,CRS3035RES1000mN2040000E3143000,9611387099,99.0
8054,CRS3035RES1000mN2040000E3143000,9712656915,72.0
8055,CRS3035RES1000mN2040000E3143000,9713142744,92.0
8056,CRS3035RES1000mN2040000E3143000,9815746657,
8057,CRS3035RES1000mN2040000E3143000,10004871512,117.0
8058,CRS3035RES1000mN2040000E3143000,10281174134,
8059,CRS3035RES1000mN2040000E3143000,10580337411,
8060,CRS3035RES1000mN2040000E3143000,10899442604,
8061,CRS3035RES1000mN2040000E3143000,10922657146,
8062,CRS3035RES1000mN2040000E3143000,11127499928,
8063,CRS3035RES1000mN2040000E3143000,11143725881,77.0
8064,CRS3035RES1000mN2040000E3143000,11243087140,117.0
8065,CRS3035RES1000mN2040000E3143000,11269399969,72.0
8066,CRS3035RES1000mN2040000E3143000,11287269362,
8067,CRS3035RES1000mN2040000E3143000,11287269363,
8068,CRS3035RES1000mN2040000E3143000,11369705764,
8069,CRS3035RES1000mN2040000E3143000,11387776374,
8070,CRS3035RES1000mN2040000E3143000,11461799040,
8071,CRS3035RES1000mN2040000E3143000,11462802981,108.0
8072,CRS3035RES1000mN2040000E3143000,11652077658,84.0
8073,CRS3035RES1000mN2040000E3143000,11691390164,80.0
8074,CRS3035RES1000mN2040000E3143000,11739757462,
8075,CRS3035RES1000mN2040000E3143000,12178446726,106.0
8076,CRS3035RES1000mN2040000E3143000,12407425114,74.0
8077,CRS3035RES1000mN2040000E3143000,12865480228,117.0
8078,CRS3035RES1000mN2040000E3143000,2960630,
8079,CRS3035RES1000mN2040000E3143000,3554044,
8080,CRS3035RES1000mN2040000E3143000,3557906,
8081,CRS3035RES1000mN2040000E3143000,5231361,74.0
8082,CRS3035RES1000mN2040000E3143000,9314566,
8083,CRS3035RES1000mN2040000E3143000,13696257,71.0
8084,CRS3035RES1000mN2040000E3143000,15996131,82.0
8085,CRS3035RES1000mN2040000E3143000,23526191,106.0
8086,CRS3035RES1000mN2040000E3143000,23545719,109.0
8087,CRS3035RES1000mN2040000E3143000,30599279,
8088,CRS3035RES1000mN2040000E3143000,30649229,71.0
8089,CRS3035RES1000mN2040000E3143000,32198651,
8090,CRS3035RES1000mN2040000E3143000,34945111,
8091,CRS3035RES1000mN2040000E3143000,50170625,
8092,CRS3035RES1000mN2040000E3143000,82887228,105.0
8093,CRS3035RES1000mN2040000E3143000,92484952,78.0
8094,CRS3035RES1000mN2040000E3143000,95794713,
8095,CRS3035RES1000mN2040000E3143000,96418670,
8096,CRS3035RES1000mN2040000E3143000,98502686,70.0
8097,CRS3035RES1000mN2040000E3143000,132613257,117.0
8098,CRS3035RES1000mN2040000E3143000,135036040,
8099,CRS3035RES1000mN2040000E3143000,150772489,87.0
8100,CRS3035RES1000mN2040000E3143000,154118456,86.0
8101,CRS3035RES1000mN2040000E3143000,157375776,
8102,CRS3035RES1000mN2040000E3143000,158211204,
8103,CRS3035RES1000mN2040000E3143000,162072415,
8104,CRS3035RES1000mN2040000E3143000,162117720,78.0
8105,CRS3035RES1000mN2040000E3143000,170487273,
8106,CRS3035RES1000mN2040000E3143000,172686062,
8107,CRS3035RES1000mN2040000E3143000,174318235,
8108,CRS3035RES1000mN2040000E3143000,174318237,
8109,CRS3035RES1000mN2040000E3143000,205060159,
8110,CRS3035RES1000mN2040000E3143000,205757163,
8111,CRS3035RES1000mN2040000E3143000,221095520,
8112,CRS3035RES1000mN2040000E3143000,224503374,95.0
8113,CRS3035RES1000mN2040000E3143000,227333462,87.0
8114,CRS3035RES1000mN2040000E3143000,229117454,76.0
8115,CRS3035RES1000mN2040000E3143000,261460389,
8116,CRS3035RES1000mN2040000E3143000,283450022,82.0
8117,CRS3035RES1000mN2040000E3143000,288994040,96.0
8118,CRS3035RES1000mN2040000E3143000,296744564,
8119,CRS3035RES1000mN2040000E3143000,297526406,
8120,CRS3035RES1000mN2040000E3143000,300709861,
8121,CRS3035RES1000mN2040000E3143000,301444634,84.0
8122,CRS3035RES1000mN2040000E3143000,302721609,
8123,CRS3035RES1000mN2040000E3143000,308195630,111.0
8124,CRS3035RES1000mN2040000E3143000,312777902,98.0
8125,CRS3035RES1000mN2040000E3143000,330154630,
8126,CRS3035RES1000mN2040000E3143000,340205456,89.0
8127,CRS3035RES1000mN2040000E3143000,367883612,100.0
8128,CRS3035RES1000mN2040000E3143000,368211943,96.0
8129,CRS3035RES1000mN2040000E3143000,374180360,119.0
8130,CRS3035RES1000mN2040000E3143000,375369499,80.0
8131,CRS3035RES1000mN2040000E3143000,383494544,104.0
8132,CRS3035RES1000mN2040000E3143000,384574591,
8133,CRS3035RES1000mN2040000E3143000,403538322,
8134,CRS3035RES1000mN2040000E3143000,403859503,81.0
8135,CRS3035RES1000mN2040000E3143000,437050442,
8136,CRS3035RES1000mN2040000E3143000,459881697,59.0
8137,CRS3035RES1000mN2040000E3143000,477278425,
8138,CRS3035RES1000mN2040000E3143000,486879235,
8139,CRS3035RES1000mN2040000E3143000,493748377,117.0
8140,CRS3035RES1000mN2040000E3143000,498234201,
8141,CRS3035RES1000mN2040000E3143000,504315026,118.0
8142,CRS3035RES1000mN2040000E3143000,548701490,
8143,CRS3035RES1000mN2040000E3143000,574210084,93.0
8144,CRS3035RES1000mN2040000E3143000,576094143,
8145,CRS3035RES1000mN2040000E3143000,584409067,
8146,CRS3035RES1000mN2040000E3143000,635512756,
8147,CRS3035RES1000mN2040000E3143000,638492224,
8148,CRS3035RES1000mN2040000E3143000,653913062,
8149,CRS3035RES1000mN2040000E3143000,659866770,
8150,CRS3035RES1000mN2040000E3143000,697717972,
8151,CRS3035RES1000mN2040000E3143000,717194862,
8152,CRS3035RES1000mN2040000E3143000,736899303,
8153,CRS3035RES1000mN2040000E3143000,738042217,
8154,CRS3035RES1000mN2040000E3143000,839611983,
8155,CRS3035RES1000mN2040000E3143000,957893520,91.0
8156,CRS3035RES1000mN2040000E3143000,963308110,
8157,CRS3035RES1000mN2040000E3143000,1073283182,
8158,CRS3035RES1000mN2040000E3143000,1252864015,114.0
8159,CRS3035RES1000mN2040000E3143000,1283203658,
8160,CRS3035RES1000mN2040000E3144000,25526,83.0
8161,CRS3035RES1000mN2040000E3144000,1774,76.0
8162,CRS3035RES1000mN2040000E3144000,1770,88.0
8163,CRS3035RES1000mN2040000E3144000,1773,89.0
8164,CRS3035RES1000mN2040000E3144000,1771,54.0
8165,CRS3035RES1000mN2040000E3144000,123303,89.0
8166,CRS3035RES1000mN2040000E3144000,1764,66.0
8167,CRS3035RES1000mN2040000E3144000,181101,92.0
8168,CRS3035RES1000mN2040000E3144000,5765642,88.0
8169,CRS3035RES1000mN2040000E3144000,86719,97.0
8170,CRS3035RES1000mN2040000E3144000,1800,89.0
8171,CRS3035RES1000mN2040000E3144000,1757,74.0
8172,CRS3035RES1000mN2040000E3144000,1755,78.0
8173,CRS3035RES1000mN2040000E3144000,1882,56.0
8174,CRS3035RES1000mN2040000E3144000,1745,78.0
8175,CRS3035RES1000mN2040000E3144000,1794,79.0
8176,CRS3035RES1000mN2040000E3144000,1762,69.0
8177,CRS3035RES1000mN2040000E3144000,51188,75.0
8178,CRS3035RES1000mN2040000E3144000,6893633,73.0
8179,CRS3035RES1000mN2040000E3144000,167128,85.0
8180,CRS3035RES1000mN2040000E3144000,1760,76.0
8181,CRS3035RES1000mN2040000E3144000,12773298,87.0
8182,CRS3035RES1000mN2040000E3144000,1754,100.0
8183,CRS3035RES1000mN2040000E3144000,1748,88.0
8184,CRS3035RES1000mN2040000E3144000,79941,81.0
8185,CRS3035RES1000mN2040000E3144000,1750,80.0
8186,CRS3035RES1000mN2040000E3144000,5975465,67.0
8187,CRS3035RES1000mN2040000E3144000,115056,88.0
8188,CRS3035RES1000mN2040000E3144000,1790,74.0
8189,CRS3035RES1000mN2040000E3144000,1756,82.0
8190,CRS3035RES1000mN2040000E3144000,51849,79.0
8191,CRS3035RES1000mN2040000E3144000,185595,66.0
8192,CRS3035RES1000mN2040000E3144000,7697128,62.0
8193,CRS3035RES1000mN2040000E3144000,10395362,93.0
8194,CRS3035RES1000mN2040000E3144000,1759,77.0
8195,CRS3035RES1000mN2040000E3144000,1752,78.0
8196,CRS3035RES1000mN2040000E3144000,186714,80.0
8197,CRS3035RES1000mN2040000E3144000,1753,83.0
8198,CRS3035RES1000mN2040000E3144000,1792,85.0
8199,CRS3035RES1000mN2040000E3144000,1763,76.0
8200,CRS3035RES1000mN2040000E3144000,1746,86.0
8201,CRS3035RES1000mN2040000E3144000,11572165,92.0
8202,CRS3035RES1000mN2040000E3144000,1761,78.0
8203,CRS3035RES1000mN2040000E3144000,1747,89.0
8204,CRS3035RES1000mN2040000E3144000,5768564,79.0
8205,CRS3035RES1000mN2040000E3144000,1798,64.0
8206,CRS3035RES1000mN2040000E3144000,66904,80.0
8207,CRS3035RES1000mN2040000E3144000,1777,58.0
8208,CRS3035RES1000mN2040000E3144000,1765,71.0
8209,CRS3035RES1000mN2040000E3144000,49416,87.0
8210,CRS3035RES1000mN2040000E3144000,12734939,87.0
8211,CRS3035RES1000mN2040000E3144000,167386167,63.0
8212,CRS3035RES1000mN2040000E3144000,295933804,57.0
8213,CRS3035RES1000mN2040000E3144000,303340017,56.0
8214,CRS3035RES1000mN2040000E3144000,315355551,60.0
8215,CRS3035RES1000mN2040000E3144000,339084977,77.0
8216,CRS3035RES1000mN2040000E3144000,412911553,59.0
8217,CRS3035RES1000mN2040000E3144000,558126037,87.0
8218,CRS3035RES1000mN2040000E3144000,711789768,119.0
8219,CRS3035RES1000mN2040000E3144000,727666062,
8220,CRS3035RES1000mN2040000E3144000,848085869,108.0
8221,CRS3035RES1000mN2040000E3144000,1056098898,70.0
8222,CRS3035RES1000mN2040000E3144000,1255438242,117.0
8223,CRS3035RES1000mN2040000E3144000,1469985039,100.0
8224,CRS3035RES1000mN2040000E3144000,1504302537,
8225,CRS3035RES1000mN2040000E3144000,1511617504,109.0
8226,CRS3035RES1000mN2040000E3144000,1541601287,52.0
8227,CRS3035RES1000mN2040000E3144000,1544591296,83.0
8228,CRS3035RES1000mN2040000E3144000,1598174183,83.0
8229,CRS3035RES1000mN2040000E3144000,1629887846,89.0
8230,CRS3035RES1000mN2040000E3144000,1686660176,89.0
8231,CRS3035RES1000mN2040000E3144000,1716927336,
8232,CRS3035RES1000mN2040000E3144000,1734554324,92.0
8233,CRS3035RES1000mN2040000E3144000,1849109335,61.0
8234,CRS3035RES1000mN2040000E3144000,2028408680,
8235,CRS3035RES1000mN2040000E3144000,2036887702,
8236,CRS3035RES1000mN2040000E3144000,2061404218,102.0
8237,CRS3035RES1000mN2040000E3144000,2134238030,94.0
8238,CRS3035RES1000mN2040000E3144000,2261600754,
8239,CRS3035RES1000mN2040000E3144000,2301402027,98.0
8240,CRS3035RES1000mN2040000E3144000,2303966810,
8241,CRS3035RES1000mN2040000E3144000,2312029862,86.0
8242,CRS3035RES1000mN2040000E3144000,2408860250,81.0
8243,CRS3035RES1000mN2040000E3144000,2620185829,63.0
8244,CRS3035RES1000mN2040000E3144000,2622508931,55.0
8245,CRS3035RES1000mN2040000E3144000,2672130951,
8246,CRS3035RES1000mN2040000E3144000,2710518818,110.0
8247,CRS3035RES1000mN2040000E3144000,3034026261,
8248,CRS3035RES1000mN2040000E3144000,3179889751,
8249,CRS3035RES1000mN2040000E3144000,3206611978,
8250,CRS3035RES1000mN2040000E3144000,3272828439,119.0
8251,CRS3035RES1000mN2040000E3144000,3452364276,92.0
8252,CRS3035RES1000mN2040000E3144000,3452364277,74.0
8253,CRS3035RES1000mN2040000E3144000,3495733197,
8254,CRS3035RES1000mN2040000E3144000,3497154853,
8255,CRS3035RES1000mN2040000E3144000,3517755445,
8256,CRS3035RES1000mN2040000E3144000,3522125657,
8257,CRS3035RES1000mN2040000E3144000,3526751794,
8258,CRS3035RES1000mN2040000E3144000,3839306060,90.0
8259,CRS3035RES1000mN2040000E3144000,4214697664,63.0
8260,CRS3035RES1000mN2040000E3144000,4338252586,
8261,CRS3035RES1000mN2040000E3144000,4401271633,
8262,CRS3035RES1000mN2040000E3144000,4515476768,
8263,CRS3035RES1000mN2040000E3144000,4569910891,64.0
8264,CRS3035RES1000mN2040000E3144000,4703730491,72.0
8265,CRS3035RES1000mN2040000E3144000,4707870392,68.0
8266,CRS3035RES1000mN2040000E3144000,4789037769,
8267,CRS3035RES1000mN2040000E3144000,4794233143,
8268,CRS3035RES1000mN2040000E3144000,4870405674,80.0
8269,CRS3035RES1000mN2040000E3144000,5139379922,100.0
8270,CRS3035RES1000mN2040000E3144000,5160337425,49.0
8271,CRS3035RES1000mN2040000E3144000,5196199575,101.0
8272,CRS3035RES1000mN2040000E3144000,5341570554,78.0
8273,CRS3035RES1000mN2040000E3144000,5345949864,110.0
8274,CRS3035RES1000mN2040000E3144000,5448507385,
8275,CRS3035RES1000mN2040000E3144000,5604693894,
8276,CRS3035RES1000mN2040000E3144000,5670401989,92.0
8277,CRS3035RES1000mN2040000E3144000,5942671299,108.0
8278,CRS3035RES1000mN2040000E3144000,5943980960,81.0
8279,CRS3035RES1000mN2040000E3144000,6185791451,
8280,CRS3035RES1000mN2040000E3144000,6188948286,105.0
8281,CRS3035RES1000mN2040000E3144000,6555800191,99.0
8282,CRS3035RES1000mN2040000E3144000,6885254479,87.0
8283,CRS3035RES1000mN2040000E3144000,7222611268,
8284,CRS3035RES1000mN2040000E3144000,7408961006,
8285,CRS3035RES1000mN2040000E3144000,7619964683,
8286,CRS3035RES1000mN2040000E3144000,7836562695,113.0
8287,CRS3035RES1000mN2040000E3144000,8493729364,69.0
8288,CRS3035RES1000mN2040000E3144000,8557885377,73.0
8289,CRS3035RES1000mN2040000E3144000,8807212208,66.0
8290,CRS3035RES1000mN2040000E3144000,8844229173,68.0
8291,CRS3035RES1000mN2040000E3144000,8878422600,40.0
8292,CRS3035RES1000mN2040000E3144000,9595709188,80.0
8293,CRS3035RES1000mN2040000E3144000,9611387099,76.0
8294,CRS3035RES1000mN2040000E3144000,9712656915,48.0
8295,CRS3035RES1000mN2040000E3144000,9713142744,68.0
8296,CRS3035RES1000mN2040000E3144000,9815746657,
8297,CRS3035RES1000mN2040000E3144000,10004871512,86.0
8298,CRS3035RES1000mN2040000E3144000,10281174134,
8299,CRS3035RES1000mN2040000E3144000,10580337411,94.0
8300,CRS3035RES1000mN2040000E3144000,10899442604,113.0
8301,CRS3035RES1000mN2040000E3144000,10922657146,106.0
8302,CRS3035RES1000mN2040000E3144000,11127499928,99.0
8303,CRS3035RES1000mN2040000E3144000,11143725881,64.0
8304,CRS3035RES1000mN2040000E3144000,11243087140,95.0
8305,CRS3035RES1000mN2040000E3144000,11269399969,48.0
8306,CRS3035RES1000mN2040000E3144000,11287269362,90.0
8307,CRS3035RES1000mN2040000E3144000,11287269363,109.0
8308,CRS3035RES1000mN2040000E3144000,11369705764,100.0
8309,CRS3035RES1000mN2040000E3144000,11387776374,96.0
8310,CRS3035RES1000mN2040000E3144000,11461799040,
8311,CRS3035RES1000mN2040000E3144000,11462802981,82.0
8312,CRS3035RES1000mN2040000E3144000,11652077658,66.0
8313,CRS3035RES1000mN2040000E3144000,11691390164,55.0
8314,CRS3035RES1000mN2040000E3144000,11739757462,96.0
8315,CRS3035RES1000mN2040000E3144000,12178446726,82.0
8316,CRS3035RES1000mN2040000E3144000,12407425114,57.0
8317,CRS3035RES1000mN2040000E3144000,12865480228,91.0
8318,CRS3035RES1000mN2040000E3144000,2960630,102.0
8319,CRS3035RES1000mN2040000E3144000,3554044,107.0
8320,CRS3035RES1000mN2040000E3144000,3557906,104.0
8321,CRS3035RES1000mN2040000E3144000,5231361,50.0
8322,CRS3035RES1000mN2040000E3144000,9314566,
8323,CRS3035RES1000mN2040000E3144000,13696257,52.0
8324,CRS3035RES1000mN2040000E3144000,15996131,58.0
8325,CRS3035RES1000mN2040000E3144000,23526191,81.0
8326,CRS3035RES1000mN2040000E3144000,23545719,84.0
8327,CRS3035RES1000mN2040000E3144000,30599279,99.0
8328,CRS3035RES1000mN2040000E3144000,30649229,47.0
8329,CRS3035RES1000mN2040000E3144000,32198651,
8330,CRS3035RES1000mN2040000E3144000,34945111,103.0
8331,CRS3035RES1000mN2040000E3144000,50170625,
8332,CRS3035RES1000mN2040000E3144000,82887228,87.0
8333,CRS3035RES1000mN2040000E3144000,92484952,58.0
8334,CRS3035RES1000mN2040000E3144000,95794713,95.0
8335,CRS3035RES1000mN2040000E3144000,96418670,117.0
8336,CRS3035RES1000mN2040000E3144000,98502686,34.0
8337,CRS3035RES1000mN2040000E3144000,132613257,93.0
8338,CRS3035RES1000mN2040000E3144000,135036040,92.0
8339,CRS3035RES1000mN2040000E3144000,150772489,63.0
8340,CRS3035RES1000mN2040000E3144000,154118456,68.0
8341,CRS3035RES1000mN2040000E3144000,157375776,96.0
8342,CRS3035RES1000mN2040000E3144000,158211204,97.0
8343,CRS3035RES1000mN2040000E3144000,162072415,98.0
8344,CRS3035RES1000mN2040000E3144000,162117720,45.0
8345,CRS3035RES1000mN2040000E3144000,170487273,
8346,CRS3035RES1000mN2040000E3144000,172686062,100.0
8347,CRS3035RES1000mN2040000E3144000,174318235,111.0
8348,CRS3035RES1000mN2040000E3144000,174318237,110.0
8349,CRS3035RES1000mN2040000E3144000,205060159,
8350,CRS3035RES1000mN2040000E3144000,205757163,
8351,CRS3035RES1000mN2040000E3144000,221095520,96.0
8352,CRS3035RES1000mN2040000E3144000,224503374,71.0
8353,CRS3035RES1000mN2040000E3144000,227333462,45.0
8354,CRS3035RES1000mN2040000E3144000,229117454,63.0
8355,CRS3035RES1000mN2040000E3144000,261460389,
8356,CRS3035RES1000mN2040000E3144000,283450022,58.0
8357,CRS3035RES1000mN2040000E3144000,288994040,73.0
8358,CRS3035RES1000mN2040000E3144000,296744564,119.0
8359,CRS3035RES1000mN2040000E3144000,297526406,97.0
8360,CRS3035RES1000mN2040000E3144000,300709861,
8361,CRS3035RES1000mN2040000E3144000,301444634,76.0
8362,CRS3035RES1000mN2040000E3144000,302721609,
8363,CRS3035RES1000mN2040000E3144000,308195630,79.0
8364,CRS3035RES1000mN2040000E3144000,312777902,74.0
8365,CRS3035RES1000mN2040000E3144000,330154630,
8366,CRS3035RES1000mN2040000E3144000,340205456,65.0
8367,CRS3035RES1000mN2040000E3144000,367883612,81.0
8368,CRS3035RES1000mN2040000E3144000,368211943,77.0
8369,CRS3035RES1000mN2040000E3144000,374180360,92.0
8370,CRS3035RES1000mN2040000E3144000,375369499,64.0
8371,CRS3035RES1000mN2040000E3144000,383494544,80.0
8372,CRS3035RES1000mN2040000E3144000,384574591,100.0
8373,CRS3035RES1000mN2040000E3144000,403538322,113.0
8374,CRS3035RES1000mN2040000E3144000,403859503,57.0
8375,CRS3035RES1000mN2040000E3144000,437050442,113.0
8376,CRS3035RES1000mN2040000E3144000,459881697,46.0
8377,CRS3035RES1000mN2040000E3144000,477278425,
8378,CRS3035RES1000mN2040000E3144000,486879235,
8379,CRS3035RES1000mN2040000E3144000,493748377,93.0
8380,CRS3035RES1000mN2040000E3144000,498234201,111.0
8381,CRS3035RES1000mN2040000E3144000,504315026,92.0
8382,CRS3035RES1000mN2040000E3144000,548701490,
8383,CRS3035RES1000mN2040000E3144000,574210084,62.0
8384,CRS3035RES1000mN2040000E3144000,576094143,100.0
8385,CRS3035RES1000mN2040000E3144000,584409067,
8386,CRS3035RES1000mN2040000E3144000,635512756,97.0
8387,CRS3035RES1000mN2040000E3144000,638492224,
8388,CRS3035RES1000mN2040000E3144000,653913062,99.0
8389,CRS3035RES1000mN2040000E3144000,659866770,
8390,CRS3035RES1000mN2040000E3144000,697717972,101.0
8391,CRS3035RES1000mN2040000E3144000,717194862,
8392,CRS3035RES1000mN2040000E3144000,736899303,
8393,CRS3035RES1000mN2040000E3144000,738042217,
8394,CRS3035RES1000mN2040000E3144000,839611983,
8395,CRS3035RES1000mN2040000E3144000,957893520,67.0
8396,CRS3035RES1000mN2040000E3144000,963308110,100.0
8397,CRS3035RES1000mN2040000E3144000,1073283182,
8398,CRS3035RES1000mN2040000E3144000,1252864015,83.0
8399,CRS3035RES1000mN2040000E3144000,1283203658,
8400,CRS3035RES1000mN2041000E3141000,25526,85.0
8401,CRS3035RES1000mN2041000E3141000,1774,78.0
8402,CRS3035RES1000mN2041000E3141000,1770,89.0
8403,CRS3035RES1000mN2041000E3141000,1773,89.0
8404,CRS3035RES1000mN2041000E3141000,1771,54.0
8405,CRS3035RES1000mN2041000E3141000,123303,90.0
8406,CRS3035RES1000mN2041000E3141000,1764,66.0
8407,CRS3035RES1000mN2041000E3141000,181101,94.0
8408,CRS3035RES1000mN2041000E3141000,5765642,90.0
8409,CRS3035RES1000mN2041000E3141000,86719,98.0
8410,CRS3035RES1000mN2041000E3141000,1800,89.0
8411,CRS3035RES1000mN2041000E3141000,1757,76.0
8412,CRS3035RES1000mN2041000E3141000,1755,78.0
8413,CRS3035RES1000mN2041000E3141000,1882,57.0
8414,CRS3035RES1000mN2041000E3141000,1745,80.0
8415,CRS3035RES1000mN2041000E3141000,1794,81.0
8416,CRS3035RES1000mN2041000E3141000,1762,70.0
8417,CRS3035RES1000mN2041000E3141000,51188,76.0
8418,CRS3035RES1000mN2041000E3141000,6893633,73.0
8419,CRS3035RES1000mN2041000E3141000,167128,85.0
8420,CRS3035RES1000mN2041000E3141000,1760,78.0
8421,CRS3035RES1000mN2041000E3141000,12773298,88.0
8422,CRS3035RES1000mN2041000E3141000,1754,101.0
8423,CRS3035RES1000mN2041000E3141000,1748,89.0
8424,CRS3035RES1000mN2041000E3141000,79941,82.0
8425,CRS3035RES1000mN2041000E3141000,1750,82.0
8426,CRS3035RES1000mN2041000E3141000,5975465,67.0
8427,CRS3035RES1000mN2041000E3141000,115056,89.0
8428,CRS3035RES1000mN2041000E3141000,1790,76.0
8429,CRS3035RES1000mN2041000E3141000,1756,83.0
8430,CRS3035RES1000mN2041000E3141000,51849,79.0
8431,CRS3035RES1000mN2041000E3141000,185595,67.0
8432,CRS3035RES1000mN2041000E3141000,7697128,63.0
8433,CRS3035RES1000mN2041000E3141000,10395362,95.0
8434,CRS3035RES1000mN2041000E3141000,1759,78.0
8435,CRS3035RES1000mN2041000E3141000,1752,79.0
8436,CRS3035RES1000mN2041000E3141000,186714,80.0
8437,CRS3035RES1000mN2041000E3141000,1753,84.0
8438,CRS3035RES1000mN2041000E3141000,1792,86.0
8439,CRS3035RES1000mN2041000E3141000,1763,77.0
8440,CRS3035RES1000mN2041000E3141000,1746,86.0
8441,CRS3035RES1000mN2041000E3141000,11572165,93.0
8442,CRS3035RES1000mN2041000E3141000,1761,79.0
8443,CRS3035RES1000mN2041000E3141000,1747,90.0
8444,CRS3035RES1000mN2041000E3141000,5768564,80.0
8445,CRS3035RES1000mN2041000E3141000,1798,65.0
8446,CRS3035RES1000mN2041000E3141000,66904,83.0
8447,CRS3035RES1000mN2041000E3141000,1777,60.0
8448,CRS3035RES1000mN2041000E3141000,1765,72.0
8449,CRS3035RES1000mN2041000E3141000,49416,88.0
8450,CRS3035RES1000mN2041000E3141000,12734939,88.0
8451,CRS3035RES1000mN2041000E3141000,167386167,64.0
8452,CRS3035RES1000mN2041000E3141000,295933804,63.0
8453,CRS3035RES1000mN2041000E3141000,303340017,57.0
8454,CRS3035RES1000mN2041000E3141000,315355551,82.0
8455,CRS3035RES1000mN2041000E3141000,339084977,77.0
8456,CRS3035RES1000mN2041000E3141000,412911553,60.0
8457,CRS3035RES1000mN2041000E3141000,558126037,97.0
8458,CRS3035RES1000mN2041000E3141000,711789768,
8459,CRS3035RES1000mN2041000E3141000,727666062,
8460,CRS3035RES1000mN2041000E3141000,848085869,111.0
8461,CRS3035RES1000mN2041000E3141000,1056098898,71.0
8462,CRS3035RES1000mN2041000E3141000,1255438242,118.0
8463,CRS3035RES1000mN2041000E3141000,1469985039,100.0
8464,CRS3035RES1000mN2041000E3141000,1504302537,
8465,CRS3035RES1000mN2041000E3141000,1511617504,111.0
8466,CRS3035RES1000mN2041000E3141000,1541601287,73.0
8467,CRS3035RES1000mN2041000E3141000,1544591296,85.0
8468,CRS3035RES1000mN2041000E3141000,1598174183,84.0
8469,CRS3035RES1000mN2041000E3141000,1629887846,90.0
8470,CRS3035RES1000mN2041000E3141000,1686660176,91.0
8471,CRS3035RES1000mN2041000E3141000,1716927336,
8472,CRS3035RES1000mN2041000E3141000,1734554324,92.0
8473,CRS3035RES1000mN2041000E3141000,1849109335,62.0
8474,CRS3035RES1000mN2041000E3141000,2028408680,
8475,CRS3035RES1000mN2041000E3141000,2036887702,
8476,CRS3035RES1000mN2041000E3141000,2061404218,103.0
8477,CRS3035RES1000mN2041000E3141000,2134238030,94.0
8478,CRS3035RES1000mN2041000E3141000,2261600754,
8479,CRS3035RES1000mN2041000E3141000,2301402027,99.0
8480,CRS3035RES1000mN2041000E3141000,2303966810,
8481,CRS3035RES1000mN2041000E3141000,2312029862,87.0
8482,CRS3035RES1000mN2041000E3141000,2408860250,82.0
8483,CRS3035RES1000mN2041000E3141000,2620185829,64.0
8484,CRS3035RES1000mN2041000E3141000,2622508931,56.0
8485,CRS3035RES1000mN2041000E3141000,2672130951,
8486,CRS3035RES1000mN2041000E3141000,2710518818,110.0
8487,CRS3035RES1000mN2041000E3141000,3034026261,
8488,CRS3035RES1000mN2041000E3141000,3179889751,
8489,CRS3035RES1000mN2041000E3141000,3206611978,
8490,CRS3035RES1000mN2041000E3141000,3272828439,
8491,CRS3035RES1000mN2041000E3141000,3452364276,94.0
8492,CRS3035RES1000mN2041000E3141000,3452364277,76.0
8493,CRS3035RES1000mN2041000E3141000,3495733197,
8494,CRS3035RES1000mN2041000E3141000,3497154853,
8495,CRS3035RES1000mN2041000E3141000,3517755445,
8496,CRS3035RES1000mN2041000E3141000,3522125657,
8497,CRS3035RES1000mN2041000E3141000,3526751794,
8498,CRS3035RES1000mN2041000E3141000,3839306060,91.0
8499,CRS3035RES1000mN2041000E3141000,4214697664,64.0
8500,CRS3035RES1000mN2041000E3141000,4338252586,
8501,CRS3035RES1000mN2041000E3141000,4401271633,
8502,CRS3035RES1000mN2041000E3141000,4515476768,
8503,CRS3035RES1000mN2041000E3141000,4569910891,65.0
8504,CRS3035RES1000mN2041000E3141000,4703730491,81.0
8505,CRS3035RES1000mN2041000E3141000,4707870392,82.0
8506,CRS3035RES1000mN2041000E3141000,4789037769,
8507,CRS3035RES1000mN2041000E3141000,4794233143,
8508,CRS3035RES1000mN2041000E3141000,4870405674,82.0
8509,CRS3035RES1000mN2041000E3141000,5139379922,93.0
8510,CRS3035RES1000mN2041000E3141000,5160337425,50.0
8511,CRS3035RES1000mN2041000E3141000,5196199575,103.0
8512,CRS3035RES1000mN2041000E3141000,5341570554,79.0
8513,CRS3035RES1000mN2041000E3141000,5345949864,110.0
8514,CRS3035RES1000mN2041000E3141000,5448507385,
8515,CRS3035RES1000mN2041000E3141000,5604693894,
8516,CRS3035RES1000mN2041000E3141000,5670401989,93.0
8517,CRS3035RES1000mN2041000E3141000,5942671299,108.0
8518,CRS3035RES1000mN2041000E3141000,5943980960,80.0
8519,CRS3035RES1000mN2041000E3141000,6185791451,
8520,CRS3035RES1000mN2041000E3141000,6188948286,106.0
8521,CRS3035RES1000mN2041000E3141000,6555800191,101.0
8522,CRS3035RES1000mN2041000E3141000,6885254479,90.0
8523,CRS3035RES1000mN2041000E3141000,7222611268,
8524,CRS3035RES1000mN2041000E3141000,7408961006,
8525,CRS3035RES1000mN2041000E3141000,7619964683,
8526,CRS3035RES1000mN2041000E3141000,7836562695,114.0
8527,CRS3035RES1000mN2041000E3141000,8493729364,70.0
8528,CRS3035RES1000mN2041000E3141000,8557885377,73.0
8529,CRS3035RES1000mN2041000E3141000,8807212208,67.0
8530,CRS3035RES1000mN2041000E3141000,8844229173,69.0
8531,CRS3035RES1000mN2041000E3141000,8878422600,68.0
8532,CRS3035RES1000mN2041000E3141000,9595709188,81.0
8533,CRS3035RES1000mN2041000E3141000,9611387099,77.0
8534,CRS3035RES1000mN2041000E3141000,9712656915,49.0
8535,CRS3035RES1000mN2041000E3141000,9713142744,69.0
8536,CRS3035RES1000mN2041000E3141000,9815746657,
8537,CRS3035RES1000mN2041000E3141000,10004871512,87.0
8538,CRS3035RES1000mN2041000E3141000,10281174134,
8539,CRS3035RES1000mN2041000E3141000,10580337411,95.0
8540,CRS3035RES1000mN2041000E3141000,10899442604,116.0
8541,CRS3035RES1000mN2041000E3141000,10922657146,107.0
8542,CRS3035RES1000mN2041000E3141000,11127499928,100.0
8543,CRS3035RES1000mN2041000E3141000,11143725881,65.0
8544,CRS3035RES1000mN2041000E3141000,11243087140,98.0
8545,CRS3035RES1000mN2041000E3141000,11269399969,51.0
8546,CRS3035RES1000mN2041000E3141000,11287269362,91.0
8547,CRS3035RES1000mN2041000E3141000,11287269363,110.0
8548,CRS3035RES1000mN2041000E3141000,11369705764,102.0
8549,CRS3035RES1000mN2041000E3141000,11387776374,98.0
8550,CRS3035RES1000mN2041000E3141000,11461799040,
8551,CRS3035RES1000mN2041000E3141000,11462802981,83.0
8552,CRS3035RES1000mN2041000E3141000,11652077658,67.0
8553,CRS3035RES1000mN2041000E3141000,11691390164,57.0
8554,CRS3035RES1000mN2041000E3141000,11739757462,97.0
8555,CRS3035RES1000mN2041000E3141000,12178446726,83.0
8556,CRS3035RES1000mN2041000E3141000,12407425114,43.0
8557,CRS3035RES1000mN2041000E3141000,12865480228,92.0
8558,CRS3035RES1000mN2041000E3141000,2960630,104.0
8559,CRS3035RES1000mN2041000E3141000,3554044,107.0
8560,CRS3035RES1000mN2041000E3141000,3557906,105.0
8561,CRS3035RES1000mN2041000E3141000,5231361,52.0
8562,CRS3035RES1000mN2041000E3141000,9314566,
8563,CRS3035RES1000mN2041000E3141000,13696257,55.0
8564,CRS3035RES1000mN2041000E3141000,15996131,59.0
8565,CRS3035RES1000mN2041000E3141000,23526191,83.0
8566,CRS3035RES1000mN2041000E3141000,23545719,86.0
8567,CRS3035RES1000mN2041000E3141000,30599279,100.0
8568,CRS3035RES1000mN2041000E3141000,30649229,49.0
8569,CRS3035RES1000mN2041000E3141000,32198651,
8570,CRS3035RES1000mN2041000E3141000,34945111,105.0
8571,CRS3035RES1000mN2041000E3141000,50170625,
8572,CRS3035RES1000mN2041000E3141000,82887228,91.0
8573,CRS3035RES1000mN2041000E3141000,92484952,56.0
8574,CRS3035RES1000mN2041000E3141000,95794713,96.0
8575,CRS3035RES1000mN2041000E3141000,96418670,
8576,CRS3035RES1000mN2041000E3141000,98502686,45.0
8577,CRS3035RES1000mN2041000E3141000,132613257,94.0
8578,CRS3035RES1000mN2041000E3141000,135036040,93.0
8579,CRS3035RES1000mN2041000E3141000,150772489,65.0
8580,CRS3035RES1000mN2041000E3141000,154118456,79.0
8581,CRS3035RES1000mN2041000E3141000,157375776,97.0
8582,CRS3035RES1000mN2041000E3141000,158211204,99.0
8583,CRS3035RES1000mN2041000E3141000,162072415,100.0
8584,CRS3035RES1000mN2041000E3141000,162117720,67.0
8585,CRS3035RES1000mN2041000E3141000,170487273,
8586,CRS3035RES1000mN2041000E3141000,172686062,101.0
8587,CRS3035RES1000mN2041000E3141000,174318235,114.0
8588,CRS3035RES1000mN2041000E3141000,174318237,112.0
8589,CRS3035RES1000mN2041000E3141000,205060159,
8590,CRS3035RES1000mN2041000E3141000,205757163,
8591,CRS3035RES1000mN2041000E3141000,221095520,98.0
8592,CRS3035RES1000mN2041000E3141000,224503374,72.0
8593,CRS3035RES1000mN2041000E3141000,227333462,42.0
8594,CRS3035RES1000mN2041000E3141000,229117454,64.0
8595,CRS3035RES1000mN2041000E3141000,261460389,
8596,CRS3035RES1000mN2041000E3141000,283450022,59.0
8597,CRS3035RES1000mN2041000E3141000,288994040,73.0
8598,CRS3035RES1000mN2041000E3141000,296744564,
8599,CRS3035RES1000mN2041000E3141000,297526406,98.0
8600,CRS3035RES1000mN2041000E3141000,300709861,
8601,CRS3035RES1000mN2041000E3141000,301444634,53.0
8602,CRS3035RES1000mN2041000E3141000,302721609,
8603,CRS3035RES1000mN2041000E3141000,308195630,79.0
8604,CRS3035RES1000mN2041000E3141000,312777902,75.0
8605,CRS3035RES1000mN2041000E3141000,330154630,
8606,CRS3035RES1000mN2041000E3141000,340205456,66.0
8607,CRS3035RES1000mN2041000E3141000,367883612,89.0
8608,CRS3035RES1000mN2041000E3141000,368211943,81.0
8609,CRS3035RES1000mN2041000E3141000,374180360,92.0
8610,CRS3035RES1000mN2041000E3141000,375369499,73.0
8611,CRS3035RES1000mN2041000E3141000,383494544,81.0
8612,CRS3035RES1000mN2041000E3141000,384574591,101.0
8613,CRS3035RES1000mN2041000E3141000,403538322,113.0
8614,CRS3035RES1000mN2041000E3141000,403859503,58.0
8615,CRS3035RES1000mN2041000E3141000,437050442,114.0
8616,CRS3035RES1000mN2041000E3141000,459881697,33.0
8617,CRS3035RES1000mN2041000E3141000,477278425,
8618,CRS3035RES1000mN2041000E3141000,486879235,
8619,CRS3035RES1000mN2041000E3141000,493748377,95.0
8620,CRS3035RES1000mN2041000E3141000,498234201,112.0
8621,CRS3035RES1000mN2041000E3141000,504315026,93.0
8622,CRS3035RES1000mN2041000E3141000,548701490,
8623,CRS3035RES1000mN2041000E3141000,574210084,62.0
8624,CRS3035RES1000mN2041000E3141000,576094143,103.0
8625,CRS3035RES1000mN2041000E3141000,584409067,
8626,CRS3035RES1000mN2041000E3141000,635512756,98.0
8627,CRS3035RES1000mN2041000E3141000,638492224,
8628,CRS3035RES1000mN2041000E3141000,653913062,100.0
8629,CRS3035RES1000mN2041000E3141000,659866770,
8630,CRS3035RES1000mN2041000E3141000,697717972,102.0
8631,CRS3035RES1000mN2041000E3141000,717194862,
8632,CRS3035RES1000mN2041000E3141000,736899303,
8633,CRS3035RES1000mN2041000E3141000,738042217,
8634,CRS3035RES1000mN2041000E3141000,839611983,
8635,CRS3035RES1000mN2041000E3141000,957893520,68.0
8636,CRS3035RES1000mN2041000E3141000,963308110,100.0
8637,CRS3035RES1000mN2041000E3141000,1073283182,
8638,CRS3035RES1000mN2041000E3141000,1252864015,84.0
8639,CRS3035RES1000mN2041000E3141000,1283203658,
8640,CRS3035RES1000mN2041000E3142000,25526,96.0
8641,CRS3035RES1000mN2041000E3142000,1774,86.0
8642,CRS3035RES1000mN2041000E3142000,1770,98.0
8643,CRS3035RES1000mN2041000E3142000,1773,98.0
8644,CRS3035RES1000mN2041000E3142000,1771,63.0
8645,CRS3035RES1000mN2041000E3142000,123303,98.0
8646,CRS3035RES1000mN2041000E3142000,1764,75.0
8647,CRS3035RES1000mN2041000E3142000,181101,106.0
8648,CRS3035RES1000mN2041000E3142000,5765642,97.0
8649,CRS3035RES1000mN2041000E3142000,86719,109.0
8650,CRS3035RES1000mN2041000E3142000,1800,98.0
8651,CRS3035RES1000mN2041000E3142000,1757,84.0
8652,CRS3035RES1000mN2041000E3142000,1755,86.0
8653,CRS3035RES1000mN2041000E3142000,1882,65.0
8654,CRS3035RES1000mN2041000E3142000,1745,92.0
8655,CRS3035RES1000mN2041000E3142000,1794,90.0
8656,CRS3035RES1000mN2041000E3142000,1762,79.0
8657,CRS3035RES1000mN2041000E3142000,51188,85.0
8658,CRS3035RES1000mN2041000E3142000,6893633,81.0
8659,CRS3035RES1000mN2041000E3142000,167128,94.0
8660,CRS3035RES1000mN2041000E3142000,1760,86.0
8661,CRS3035RES1000mN2041000E3142000,12773298,100.0
8662,CRS3035RES1000mN2041000E3142000,1754,108.0
8663,CRS3035RES1000mN2041000E3142000,1748,100.0
8664,CRS3035RES1000mN2041000E3142000,79941,97.0
8665,CRS3035RES1000mN2041000E3142000,1750,90.0
8666,CRS3035RES1000mN2041000E3142000,5975465,75.0
8667,CRS3035RES1000mN2041000E3142000,115056,97.0
8668,CRS3035RES1000mN2041000E3142000,1790,85.0
8669,CRS3035RES1000mN2041000E3142000,1756,91.0
8670,CRS3035RES1000mN2041000E3142000,51849,87.0
8671,CRS3035RES1000mN2041000E3142000,185595,76.0
8672,CRS3035RES1000mN2041000E3142000,7697128,71.0
8673,CRS3035RES1000mN2041000E3142000,10395362,99.0
8674,CRS3035RES1000mN2041000E3142000,1759,88.0
8675,CRS3035RES1000mN2041000E3142000,1752,87.0
8676,CRS3035RES1000mN2041000E3142000,186714,88.0
8677,CRS3035RES1000mN2041000E3142000,1753,92.0
8678,CRS3035RES1000mN2041000E3142000,1792,102.0
8679,CRS3035RES1000mN2041000E3142000,1763,86.0
8680,CRS3035RES1000mN2041000E3142000,1746,94.0
8681,CRS3035RES1000mN2041000E3142000,11572165,102.0
8682,CRS3035RES1000mN2041000E3142000,1761,87.0
8683,CRS3035RES1000mN2041000E3142000,1747,98.0
8684,CRS3035RES1000mN2041000E3142000,5768564,88.0
8685,CRS3035RES1000mN2041000E3142000,1798,74.0
8686,CRS3035RES1000mN2041000E3142000,66904,87.0
8687,CRS3035RES1000mN2041000E3142000,1777,69.0
8688,CRS3035RES1000mN2041000E3142000,1765,81.0
8689,CRS3035RES1000mN2041000E3142000,49416,102.0
8690,CRS3035RES1000mN2041000E3142000,12734939,102.0
8691,CRS3035RES1000mN2041000E3142000,167386167,72.0
8692,CRS3035RES1000mN2041000E3142000,295933804,77.0
8693,CRS3035RES1000mN2041000E3142000,303340017,70.0
8694,CRS3035RES1000mN2041000E3142000,315355551,85.0
8695,CRS3035RES1000mN2041000E3142000,339084977,87.0
8696,CRS3035RES1000mN2041000E3142000,412911553,69.0
8697,CRS3035RES1000mN2041000E3142000,558126037,102.0
8698,CRS3035RES1000mN2041000E3142000,711789768,
8699,CRS3035RES1000mN2041000E3142000,727666062,
8700,CRS3035RES1000mN2041000E3142000,848085869,111.0
8701,CRS3035RES1000mN2041000E3142000,1056098898,80.0
8702,CRS3035RES1000mN2041000E3142000,1255438242,
8703,CRS3035RES1000mN2041000E3142000,1469985039,111.0
8704,CRS3035RES1000mN2041000E3142000,1504302537,
8705,CRS3035RES1000mN2041000E3142000,1511617504,
8706,CRS3035RES1000mN2041000E3142000,1541601287,79.0
8707,CRS3035RES1000mN2041000E3142000,1544591296,96.0
8708,CRS3035RES1000mN2041000E3142000,1598174183,97.0
8709,CRS3035RES1000mN2041000E3142000,1629887846,101.0
8710,CRS3035RES1000mN2041000E3142000,1686660176,100.0
8711,CRS3035RES1000mN2041000E3142000,1716927336,
8712,CRS3035RES1000mN2041000E3142000,1734554324,115.0
8713,CRS3035RES1000mN2041000E3142000,1849109335,75.0
8714,CRS3035RES1000mN2041000E3142000,2028408680,
8715,CRS3035RES1000mN2041000E3142000,2036887702,
8716,CRS3035RES1000mN2041000E3142000,2061404218,103.0
8717,CRS3035RES1000mN2041000E3142000,2134238030,110.0
8718,CRS3035RES1000mN2041000E3142000,2261600754,
8719,CRS3035RES1000mN2041000E3142000,2301402027,108.0
8720,CRS3035RES1000mN2041000E3142000,2303966810,
8721,CRS3035RES1000mN2041000E3142000,2312029862,100.0
8722,CRS3035RES1000mN2041000E3142000,2408860250,100.0
8723,CRS3035RES1000mN2041000E3142000,2620185829,73.0
8724,CRS3035RES1000mN2041000E3142000,2622508931,64.0
8725,CRS3035RES1000mN2041000E3142000,2672130951,
8726,CRS3035RES1000mN2041000E3142000,2710518818,116.0
8727,CRS3035RES1000mN2041000E3142000,3034026261,
8728,CRS3035RES1000mN2041000E3142000,3179889751,
8729,CRS3035RES1000mN2041000E3142000,3206611978,
8730,CRS3035RES1000mN2041000E3142000,3272828439,
8731,CRS3035RES1000mN2041000E3142000,3452364276,103.0
8732,CRS3035RES1000mN2041000E3142000,3452364277,85.0
8733,CRS3035RES1000mN2041000E3142000,3495733197,
8734,CRS3035RES1000mN2041000E3142000,3497154853,
8735,CRS3035RES1000mN2041000E3142000,3517755445,
8736,CRS3035RES1000mN2041000E3142000,3522125657,
8737,CRS3035RES1000mN2041000E3142000,3526751794,
8738,CRS3035RES1000mN2041000E3142000,3839306060,103.0
8739,CRS3035RES1000mN2041000E3142000,4214697664,73.0
8740,CRS3035RES1000mN2041000E3142000,4338252586,
8741,CRS3035RES1000mN2041000E3142000,4401271633,
8742,CRS3035RES1000mN2041000E3142000,4515476768,
8743,CRS3035RES1000mN2041000E3142000,4569910891,73.0
8744,CRS3035RES1000mN2041000E3142000,4703730491,88.0
8745,CRS3035RES1000mN2041000E3142000,4707870392,90.0
8746,CRS3035RES1000mN2041000E3142000,4789037769,
8747,CRS3035RES1000mN2041000E3142000,4794233143,
8748,CRS3035RES1000mN2041000E3142000,4870405674,90.0
8749,CRS3035RES1000mN2041000E3142000,5139379922,102.0
8750,CRS3035RES1000mN2041000E3142000,5160337425,58.0
8751,CRS3035RES1000mN2041000E3142000,5196199575,104.0
8752,CRS3035RES1000mN2041000E3142000,5341570554,87.0
8753,CRS3035RES1000mN2041000E3142000,5345949864,
8754,CRS3035RES1000mN2041000E3142000,5448507385,
8755,CRS3035RES1000mN2041000E3142000,5604693894,
8756,CRS3035RES1000mN2041000E3142000,5670401989,
8757,CRS3035RES1000mN2041000E3142000,5942671299,116.0
8758,CRS3035RES1000mN2041000E3142000,5943980960,104.0
8759,CRS3035RES1000mN2041000E3142000,6185791451,
8760,CRS3035RES1000mN2041000E3142000,6188948286,117.0
8761,CRS3035RES1000mN2041000E3142000,6555800191,110.0
8762,CRS3035RES1000mN2041000E3142000,6885254479,100.0
8763,CRS3035RES1000mN2041000E3142000,7222611268,
8764,CRS3035RES1000mN2041000E3142000,7408961006,
8765,CRS3035RES1000mN2041000E3142000,7619964683,
8766,CRS3035RES1000mN2041000E3142000,7836562695,115.0
8767,CRS3035RES1000mN2041000E3142000,8493729364,78.0
8768,CRS3035RES1000mN2041000E3142000,8557885377,101.0
8769,CRS3035RES1000mN2041000E3142000,8807212208,76.0
8770,CRS3035RES1000mN2041000E3142000,8844229173,79.0
8771,CRS3035RES1000mN2041000E3142000,8878422600,72.0
8772,CRS3035RES1000mN2041000E3142000,9595709188,90.0
8773,CRS3035RES1000mN2041000E3142000,9611387099,85.0
8774,CRS3035RES1000mN2041000E3142000,9712656915,57.0
8775,CRS3035RES1000mN2041000E3142000,9713142744,78.0
8776,CRS3035RES1000mN2041000E3142000,9815746657,
8777,CRS3035RES1000mN2041000E3142000,10004871512,100.0
8778,CRS3035RES1000mN2041000E3142000,10281174134,
8779,CRS3035RES1000mN2041000E3142000,10580337411,107.0
8780,CRS3035RES1000mN2041000E3142000,10899442604,
8781,CRS3035RES1000mN2041000E3142000,10922657146,117.0
8782,CRS3035RES1000mN2041000E3142000,11127499928,101.0
8783,CRS3035RES1000mN2041000E3142000,11143725881,73.0
8784,CRS3035RES1000mN2041000E3142000,11243087140,108.0
8785,CRS3035RES1000mN2041000E3142000,11269399969,59.0
8786,CRS3035RES1000mN2041000E3142000,11287269362,103.0
8787,CRS3035RES1000mN2041000E3142000,11287269363,
8788,CRS3035RES1000mN2041000E3142000,11369705764,113.0
8789,CRS3035RES1000mN2041000E3142000,11387776374,108.0
8790,CRS3035RES1000mN2041000E3142000,11461799040,
8791,CRS3035RES1000mN2041000E3142000,11462802981,96.0
8792,CRS3035RES1000mN2041000E3142000,11652077658,80.0
8793,CRS3035RES1000mN2041000E3142000,11691390164,64.0
8794,CRS3035RES1000mN2041000E3142000,11739757462,108.0
8795,CRS3035RES1000mN2041000E3142000,12178446726,91.0
8796,CRS3035RES1000mN2041000E3142000,12407425114,61.0
8797,CRS3035RES1000mN2041000E3142000,12865480228,104.0
8798,CRS3035RES1000mN2041000E3142000,2960630,111.0
8799,CRS3035RES1000mN2041000E3142000,3554044,
8800,CRS3035RES1000mN2041000E3142000,3557906,115.0
8801,CRS3035RES1000mN2041000E3142000,5231361,60.0
8802,CRS3035RES1000mN2041000E3142000,9314566,
8803,CRS3035RES1000mN2041000E3142000,13696257,74.0
8804,CRS3035RES1000mN2041000E3142000,15996131,68.0
8805,CRS3035RES1000mN2041000E3142000,23526191,91.0
8806,CRS3035RES1000mN2041000E3142000,23545719,95.0
8807,CRS3035RES1000mN2041000E3142000,30599279,108.0
8808,CRS3035RES1000mN2041000E3142000,30649229,57.0
8809,CRS3035RES1000mN2041000E3142000,32198651,
8810,CRS3035RES1000mN2041000E3142000,34945111,117.0
8811,CRS3035RES1000mN2041000E3142000,50170625,
8812,CRS3035RES1000mN2041000E3142000,82887228,91.0
8813,CRS3035RES1000mN2041000E3142000,92484952,60.0
8814,CRS3035RES1000mN2041000E3142000,95794713,105.0
8815,CRS3035RES1000mN2041000E3142000,96418670,
8816,CRS3035RES1000mN2041000E3142000,98502686,56.0
8817,CRS3035RES1000mN2041000E3142000,132613257,102.0
8818,CRS3035RES1000mN2041000E3142000,135036040,101.0
8819,CRS3035RES1000mN2041000E3142000,150772489,73.0
8820,CRS3035RES1000mN2041000E3142000,154118456,83.0
8821,CRS3035RES1000mN2041000E3142000,157375776,98.0
8822,CRS3035RES1000mN2041000E3142000,158211204,107.0
8823,CRS3035RES1000mN2041000E3142000,162072415,104.0
8824,CRS3035RES1000mN2041000E3142000,162117720,69.0
8825,CRS3035RES1000mN2041000E3142000,170487273,
8826,CRS3035RES1000mN2041000E3142000,172686062,109.0
8827,CRS3035RES1000mN2041000E3142000,174318235,114.0
8828,CRS3035RES1000mN2041000E3142000,174318237,117.0
8829,CRS3035RES1000mN2041000E3142000,205060159,
8830,CRS3035RES1000mN2041000E3142000,205757163,
8831,CRS3035RES1000mN2041000E3142000,221095520,107.0
8832,CRS3035RES1000mN2041000E3142000,224503374,81.0
8833,CRS3035RES1000mN2041000E3142000,227333462,57.0
8834,CRS3035RES1000mN2041000E3142000,229117454,72.0
8835,CRS3035RES1000mN2041000E3142000,261460389,
8836,CRS3035RES1000mN2041000E3142000,283450022,67.0
8837,CRS3035RES1000mN2041000E3142000,288994040,82.0
8838,CRS3035RES1000mN2041000E3142000,296744564,
8839,CRS3035RES1000mN2041000E3142000,297526406,99.0
8840,CRS3035RES1000mN2041000E3142000,300709861,
8841,CRS3035RES1000mN2041000E3142000,301444634,75.0
8842,CRS3035RES1000mN2041000E3142000,302721609,
8843,CRS3035RES1000mN2041000E3142000,308195630,107.0
8844,CRS3035RES1000mN2041000E3142000,312777902,83.0
8845,CRS3035RES1000mN2041000E3142000,330154630,
8846,CRS3035RES1000mN2041000E3142000,340205456,75.0
8847,CRS3035RES1000mN2041000E3142000,367883612,89.0
8848,CRS3035RES1000mN2041000E3142000,368211943,88.0
8849,CRS3035RES1000mN2041000E3142000,374180360,103.0
8850,CRS3035RES1000mN2041000E3142000,375369499,77.0
8851,CRS3035RES1000mN2041000E3142000,383494544,91.0
8852,CRS3035RES1000mN2041000E3142000,384574591,114.0
8853,CRS3035RES1000mN2041000E3142000,403538322,113.0
8854,CRS3035RES1000mN2041000E3142000,403859503,66.0
8855,CRS3035RES1000mN2041000E3142000,437050442,
8856,CRS3035RES1000mN2041000E3142000,459881697,46.0
8857,CRS3035RES1000mN2041000E3142000,477278425,
8858,CRS3035RES1000mN2041000E3142000,486879235,
8859,CRS3035RES1000mN2041000E3142000,493748377,102.0
8860,CRS3035RES1000mN2041000E3142000,498234201,
8861,CRS3035RES1000mN2041000E3142000,504315026,105.0
8862,CRS3035RES1000mN2041000E3142000,548701490,
8863,CRS3035RES1000mN2041000E3142000,574210084,89.0
8864,CRS3035RES1000mN2041000E3142000,576094143,107.0
8865,CRS3035RES1000mN2041000E3142000,584409067,
8866,CRS3035RES1000mN2041000E3142000,635512756,99.0
8867,CRS3035RES1000mN2041000E3142000,638492224,
8868,CRS3035RES1000mN2041000E3142000,653913062,101.0
8869,CRS3035RES1000mN2041000E3142000,659866770,
8870,CRS3035RES1000mN2041000E3142000,697717972,110.0
8871,CRS3035RES1000mN2041000E3142000,717194862,
8872,CRS3035RES1000mN2041000E3142000,736899303,
8873,CRS3035RES1000mN2041000E3142000,738042217,
8874,CRS3035RES1000mN2041000E3142000,839611983,
8875,CRS3035RES1000mN2041000E3142000,957893520,76.0
8876,CRS3035RES1000mN2041000E3142000,963308110,106.0
8877,CRS3035RES1000mN2041000E3142000,1073283182,
8878,CRS3035RES1000mN2041000E3142000,1252864015,97.0
8879,CRS3035RES1000mN2041000E3142000,1283203658,
8880,CRS3035RES1000mN2041000E3143000,25526,84.0
8881,CRS3035RES1000mN2041000E3143000,1774,76.0
8882,CRS3035RES1000mN2041000E3143000,1770,89.0
8883,CRS3035RES1000mN2041000E3143000,1773,90.0
8884,CRS3035RES1000mN2041000E3143000,1771,54.0
8885,CRS3035RES1000mN2041000E3143000,123303,89.0
8886,CRS3035RES1000mN2041000E3143000,1764,66.0
8887,CRS3035RES1000mN2041000E3143000,181101,94.0
8888,CRS3035RES1000mN2041000E3143000,5765642,89.0
8889,CRS3035RES1000mN2041000E3143000,86719,98.0
8890,CRS3035RES1000mN2041000E3143000,1800,88.0
8891,CRS3035RES1000mN2041000E3143000,1757,75.0
8892,CRS3035RES1000mN2041000E3143000,1755,79.0
8893,CRS3035RES1000mN2041000E3143000,1882,56.0
8894,CRS3035RES1000mN2041000E3143000,1745,79.0
8895,CRS3035RES1000mN2041000E3143000,1794,80.0
8896,CRS3035RES1000mN2041000E3143000,1762,70.0
8897,CRS3035RES1000mN2041000E3143000,51188,75.0
8898,CRS3035RES1000mN2041000E3143000,6893633,72.0
8899,CRS3035RES1000mN2041000E3143000,167128,86.0
8900,CRS3035RES1000mN2041000E3143000,1760,77.0
8901,CRS3035RES1000mN2041000E3143000,12773298,87.0
8902,CRS3035RES1000mN2041000E3143000,1754,100.0
8903,CRS3035RES1000mN2041000E3143000,1748,89.0
8904,CRS3035RES1000mN2041000E3143000,79941,82.0
8905,CRS3035RES1000mN2041000E3143000,1750,81.0
8906,CRS3035RES1000mN2041000E3143000,5975465,66.0
8907,CRS3035RES1000mN2041000E3143000,115056,87.0
8908,CRS3035RES1000mN2041000E3143000,1790,74.0
8909,CRS3035RES1000mN2041000E3143000,1756,82.0
8910,CRS3035RES1000mN2041000E3143000,51849,78.0
8911,CRS3035RES1000mN2041000E3143000,185595,66.0
8912,CRS3035RES1000mN2041000E3143000,7697128,62.0
8913,CRS3035RES1000mN2041000E3143000,10395362,94.0
8914,CRS3035RES1000mN2041000E3143000,1759,77.0
8915,CRS3035RES1000mN2041000E3143000,1752,79.0
8916,CRS3035RES1000mN2041000E3143000,186714,79.0
8917,CRS3035RES1000mN2041000E3143000,1753,82.0
8918,CRS3035RES1000mN2041000E3143000,1792,87.0
8919,CRS3035RES1000mN2041000E3143000,1763,78.0
8920,CRS3035RES1000mN2041000E3143000,1746,85.0
8921,CRS3035RES1000mN2041000E3143000,11572165,92.0
8922,CRS3035RES1000mN2041000E3143000,1761,77.0
8923,CRS3035RES1000mN2041000E3143000,1747,90.0
8924,CRS3035RES1000mN2041000E3143000,5768564,79.0
8925,CRS3035RES1000mN2041000E3143000,1798,66.0
8926,CRS3035RES1000mN2041000E3143000,66904,81.0
8927,CRS3035RES1000mN2041000E3143000,1777,59.0
8928,CRS3035RES1000mN2041000E3143000,1765,72.0
8929,CRS3035RES1000mN2041000E3143000,49416,88.0
8930,CRS3035RES1000mN2041000E3143000,12734939,88.0
8931,CRS3035RES1000mN2041000E3143000,167386167,63.0
8932,CRS3035RES1000mN2041000E3143000,295933804,57.0
8933,CRS3035RES1000mN2041000E3143000,303340017,56.0
8934,CRS3035RES1000mN2041000E3143000,315355551,62.0
8935,CRS3035RES1000mN2041000E3143000,339084977,77.0
8936,CRS3035RES1000mN2041000E3143000,412911553,59.0
8937,CRS3035RES1000mN2041000E3143000,558126037,89.0
8938,CRS3035RES1000mN2041000E3143000,711789768,
8939,CRS3035RES1000mN2041000E3143000,727666062,
8940,CRS3035RES1000mN2041000E3143000,848085869,110.0
8941,CRS3035RES1000mN2041000E3143000,1056098898,70.0
8942,CRS3035RES1000mN2041000E3143000,1255438242,117.0
8943,CRS3035RES1000mN2041000E3143000,1469985039,101.0
8944,CRS3035RES1000mN2041000E3143000,1504302537,
8945,CRS3035RES1000mN2041000E3143000,1511617504,111.0
8946,CRS3035RES1000mN2041000E3143000,1541601287,66.0
8947,CRS3035RES1000mN2041000E3143000,1544591296,84.0
8948,CRS3035RES1000mN2041000E3143000,1598174183,84.0
8949,CRS3035RES1000mN2041000E3143000,1629887846,90.0
8950,CRS3035RES1000mN2041000E3143000,1686660176,90.0
8951,CRS3035RES1000mN2041000E3143000,1716927336,
8952,CRS3035RES1000mN2041000E3143000,1734554324,92.0
8953,CRS3035RES1000mN2041000E3143000,1849109335,61.0
8954,CRS3035RES1000mN2041000E3143000,2028408680,
8955,CRS3035RES1000mN2041000E3143000,2036887702,
8956,CRS3035RES1000mN2041000E3143000,2061404218,102.0
8957,CRS3035RES1000mN2041000E3143000,2134238030,94.0
8958,CRS3035RES1000mN2041000E3143000,2261600754,
8959,CRS3035RES1000mN2041000E3143000,2301402027,98.0
8960,CRS3035RES1000mN2041000E3143000,2303966810,
8961,CRS3035RES1000mN2041000E3143000,2312029862,87.0
8962,CRS3035RES1000mN2041000E3143000,2408860250,81.0
8963,CRS3035RES1000mN2041000E3143000,2620185829,64.0
8964,CRS3035RES1000mN2041000E3143000,2622508931,55.0
8965,CRS3035RES1000mN2041000E3143000,2672130951,
8966,CRS3035RES1000mN2041000E3143000,2710518818,110.0
8967,CRS3035RES1000mN2041000E3143000,3034026261,
8968,CRS3035RES1000mN2041000E3143000,3179889751,
8969,CRS3035RES1000mN2041000E3143000,3206611978,
8970,CRS3035RES1000mN2041000E3143000,3272828439,
8971,CRS3035RES1000mN2041000E3143000,3452364276,92.0
8972,CRS3035RES1000mN2041000E3143000,3452364277,74.0
8973,CRS3035RES1000mN2041000E3143000,3495733197,
8974,CRS3035RES1000mN2041000E3143000,3497154853,
8975,CRS3035RES1000mN2041000E3143000,3517755445,
8976,CRS3035RES1000mN2041000E3143000,3522125657,
8977,CRS3035RES1000mN2041000E3143000,3526751794,
8978,CRS3035RES1000mN2041000E3143000,3839306060,90.0
8979,CRS3035RES1000mN2041000E3143000,4214697664,64.0
8980,CRS3035RES1000mN2041000E3143000,4338252586,
8981,CRS3035RES1000mN2041000E3143000,4401271633,
8982,CRS3035RES1000mN2041000E3143000,4515476768,
8983,CRS3035RES1000mN2041000E3143000,4569910891,65.0
8984,CRS3035RES1000mN2041000E3143000,4703730491,74.0
8985,CRS3035RES1000mN2041000E3143000,4707870392,69.0
8986,CRS3035RES1000mN2041000E3143000,4789037769,
8987,CRS3035RES1000mN2041000E3143000,4794233143,
8988,CRS3035RES1000mN2041000E3143000,4870405674,80.0
8989,CRS3035RES1000mN2041000E3143000,5139379922,101.0
8990,CRS3035RES1000mN2041000E3143000,5160337425,49.0
8991,CRS3035RES1000mN2041000E3143000,5196199575,102.0
8992,CRS3035RES1000mN2041000E3143000,5341570554,78.0
8993,CRS3035RES1000mN2041000E3143000,5345949864,110.0
8994,CRS3035RES1000mN2041000E3143000,5448507385,
8995,CRS3035RES1000mN2041000E3143000,5604693894,
8996,CRS3035RES1000mN2041000E3143000,5670401989,92.0
8997,CRS3035RES1000mN2041000E3143000,5942671299,108.0
8998,CRS3035RES1000mN2041000E3143000,5943980960,105.0
8999,CRS3035RES1000mN2041000E3143000,6185791451,
9000,CRS3035RES1000mN2041000E3143000,6188948286,105.0
9001,CRS3035RES1000mN2041000E3143000,6555800191,101.0
9002,CRS3035RES1000mN2041000E3143000,6885254479,88.0
9003,CRS3035RES1000mN2041000E3143000,7222611268,
9004,CRS3035RES1000mN2041000E3143000,7408961006,
9005,CRS3035RES1000mN2041000E3143000,7619964683,
9006,CRS3035RES1000mN2041000E3143000,7836562695,113.0
9007,CRS3035RES1000mN2041000E3143000,8493729364,69.0
9008,CRS3035RES1000mN2041000E3143000,8557885377,73.0
9009,CRS3035RES1000mN2041000E3143000,8807212208,66.0
9010,CRS3035RES1000mN2041000E3143000,8844229173,69.0
9011,CRS3035RES1000mN2041000E3143000,8878422600,52.0
9012,CRS3035RES1000mN2041000E3143000,9595709188,80.0
9013,CRS3035RES1000mN2041000E3143000,9611387099,75.0
9014,CRS3035RES1000mN2041000E3143000,9712656915,48.0
9015,CRS3035RES1000mN2041000E3143000,9713142744,69.0
9016,CRS3035RES1000mN2041000E3143000,9815746657,
9017,CRS3035RES1000mN2041000E3143000,10004871512,87.0
9018,CRS3035RES1000mN2041000E3143000,10281174134,
9019,CRS3035RES1000mN2041000E3143000,10580337411,94.0
9020,CRS3035RES1000mN2041000E3143000,10899442604,114.0
9021,CRS3035RES1000mN2041000E3143000,10922657146,108.0
9022,CRS3035RES1000mN2041000E3143000,11127499928,99.0
9023,CRS3035RES1000mN2041000E3143000,11143725881,62.0
9024,CRS3035RES1000mN2041000E3143000,11243087140,96.0
9025,CRS3035RES1000mN2041000E3143000,11269399969,48.0
9026,CRS3035RES1000mN2041000E3143000,11287269362,91.0
9027,CRS3035RES1000mN2041000E3143000,11287269363,109.0
9028,CRS3035RES1000mN2041000E3143000,11369705764,100.0
9029,CRS3035RES1000mN2041000E3143000,11387776374,97.0
9030,CRS3035RES1000mN2041000E3143000,11461799040,
9031,CRS3035RES1000mN2041000E3143000,11462802981,83.0
9032,CRS3035RES1000mN2041000E3143000,11652077658,66.0
9033,CRS3035RES1000mN2041000E3143000,11691390164,55.0
9034,CRS3035RES1000mN2041000E3143000,11739757462,96.0
9035,CRS3035RES1000mN2041000E3143000,12178446726,82.0
9036,CRS3035RES1000mN2041000E3143000,12407425114,70.0
9037,CRS3035RES1000mN2041000E3143000,12865480228,91.0
9038,CRS3035RES1000mN2041000E3143000,2960630,103.0
9039,CRS3035RES1000mN2041000E3143000,3554044,107.0
9040,CRS3035RES1000mN2041000E3143000,3557906,104.0
9041,CRS3035RES1000mN2041000E3143000,5231361,50.0
9042,CRS3035RES1000mN2041000E3143000,9314566,
9043,CRS3035RES1000mN2041000E3143000,13696257,55.0
9044,CRS3035RES1000mN2041000E3143000,15996131,58.0
9045,CRS3035RES1000mN2041000E3143000,23526191,82.0
9046,CRS3035RES1000mN2041000E3143000,23545719,86.0
9047,CRS3035RES1000mN2041000E3143000,30599279,99.0
9048,CRS3035RES1000mN2041000E3143000,30649229,47.0
9049,CRS3035RES1000mN2041000E3143000,32198651,
9050,CRS3035RES1000mN2041000E3143000,34945111,105.0
9051,CRS3035RES1000mN2041000E3143000,50170625,
9052,CRS3035RES1000mN2041000E3143000,82887228,92.0
9053,CRS3035RES1000mN2041000E3143000,92484952,59.0
9054,CRS3035RES1000mN2041000E3143000,95794713,97.0
9055,CRS3035RES1000mN2041000E3143000,96418670,118.0
9056,CRS3035RES1000mN2041000E3143000,98502686,40.0
9057,CRS3035RES1000mN2041000E3143000,132613257,94.0
9058,CRS3035RES1000mN2041000E3143000,135036040,93.0
9059,CRS3035RES1000mN2041000E3143000,150772489,63.0
9060,CRS3035RES1000mN2041000E3143000,154118456,75.0
9061,CRS3035RES1000mN2041000E3143000,157375776,96.0
9062,CRS3035RES1000mN2041000E3143000,158211204,98.0
9063,CRS3035RES1000mN2041000E3143000,162072415,99.0
9064,CRS3035RES1000mN2041000E3143000,162117720,60.0
9065,CRS3035RES1000mN2041000E3143000,170487273,
9066,CRS3035RES1000mN2041000E3143000,172686062,100.0
9067,CRS3035RES1000mN2041000E3143000,174318235,113.0
9068,CRS3035RES1000mN2041000E3143000,174318237,111.0
9069,CRS3035RES1000mN2041000E3143000,205060159,
9070,CRS3035RES1000mN2041000E3143000,205757163,
9071,CRS3035RES1000mN2041000E3143000,221095520,96.0
9072,CRS3035RES1000mN2041000E3143000,224503374,72.0
9073,CRS3035RES1000mN2041000E3143000,227333462,56.0
9074,CRS3035RES1000mN2041000E3143000,229117454,61.0
9075,CRS3035RES1000mN2041000E3143000,261460389,
9076,CRS3035RES1000mN2041000E3143000,283450022,58.0
9077,CRS3035RES1000mN2041000E3143000,288994040,71.0
9078,CRS3035RES1000mN2041000E3143000,296744564,119.0
9079,CRS3035RES1000mN2041000E3143000,297526406,97.0
9080,CRS3035RES1000mN2041000E3143000,300709861,
9081,CRS3035RES1000mN2041000E3143000,301444634,81.0
9082,CRS3035RES1000mN2041000E3143000,302721609,
9083,CRS3035RES1000mN2041000E3143000,308195630,79.0
9084,CRS3035RES1000mN2041000E3143000,312777902,75.0
9085,CRS3035RES1000mN2041000E3143000,330154630,
9086,CRS3035RES1000mN2041000E3143000,340205456,65.0
9087,CRS3035RES1000mN2041000E3143000,367883612,86.0
9088,CRS3035RES1000mN2041000E3143000,368211943,77.0
9089,CRS3035RES1000mN2041000E3143000,374180360,93.0
9090,CRS3035RES1000mN2041000E3143000,375369499,69.0
9091,CRS3035RES1000mN2041000E3143000,383494544,80.0
9092,CRS3035RES1000mN2041000E3143000,384574591,100.0
9093,CRS3035RES1000mN2041000E3143000,403538322,113.0
9094,CRS3035RES1000mN2041000E3143000,403859503,57.0
9095,CRS3035RES1000mN2041000E3143000,437050442,113.0
9096,CRS3035RES1000mN2041000E3143000,459881697,53.0
9097,CRS3035RES1000mN2041000E3143000,477278425,
9098,CRS3035RES1000mN2041000E3143000,486879235,
9099,CRS3035RES1000mN2041000E3143000,493748377,95.0
9100,CRS3035RES1000mN2041000E3143000,498234201,111.0
9101,CRS3035RES1000mN2041000E3143000,504315026,92.0
9102,CRS3035RES1000mN2041000E3143000,548701490,
9103,CRS3035RES1000mN2041000E3143000,574210084,62.0
9104,CRS3035RES1000mN2041000E3143000,576094143,102.0
9105,CRS3035RES1000mN2041000E3143000,584409067,
9106,CRS3035RES1000mN2041000E3143000,635512756,97.0
9107,CRS3035RES1000mN2041000E3143000,638492224,
9108,CRS3035RES1000mN2041000E3143000,653913062,99.0
9109,CRS3035RES1000mN2041000E3143000,659866770,
9110,CRS3035RES1000mN2041000E3143000,697717972,102.0
9111,CRS3035RES1000mN2041000E3143000,717194862,
9112,CRS3035RES1000mN2041000E3143000,736899303,
9113,CRS3035RES1000mN2041000E3143000,738042217,
9114,CRS3035RES1000mN2041000E3143000,839611983,
9115,CRS3035RES1000mN2041000E3143000,957893520,67.0
9116,CRS3035RES1000mN2041000E3143000,963308110,100.0
9117,CRS3035RES1000mN2041000E3143000,1073283182,
9118,CRS3035RES1000mN2041000E3143000,1252864015,84.0
9119,CRS3035RES1000mN2041000E3143000,1283203658,
