,from_id,to_id,travel_time
0,CRS3035RES1000mN2025000E3181000,25526,
1,CRS3035RES1000mN2025000E3181000,1774,105.0
2,CRS3035RES1000mN2025000E3181000,1770,118.0
3,CRS3035RES1000mN2025000E3181000,1773,115.0
4,CRS3035RES1000mN2025000E3181000,1771,111.0
5,CRS3035RES1000mN2025000E3181000,123303,
6,CRS3035RES1000mN2025000E3181000,1764,105.0
7,CRS3035RES1000mN2025000E3181000,181101,
8,CRS3035RES1000mN2025000E3181000,5765642,
9,CRS3035RES1000mN2025000E3181000,86719,
10,CRS3035RES1000mN2025000E3181000,1800,
11,CRS3035RES1000mN2025000E3181000,1757,
12,CRS3035RES1000mN2025000E3181000,1755,
13,CRS3035RES1000mN2025000E3181000,1882,111.0
14,CRS3035RES1000mN2025000E3181000,1745,95.0
15,CRS3035RES1000mN2025000E3181000,1794,101.0
16,CRS3035RES1000mN2025000E3181000,1762,96.0
17,CRS3035RES1000mN2025000E3181000,51188,108.0
18,CRS3035RES1000mN2025000E3181000,6893633,101.0
19,CRS3035RES1000mN2025000E3181000,167128,111.0
20,CRS3035RES1000mN2025000E3181000,1760,101.0
21,CRS3035RES1000mN2025000E3181000,12773298,
22,CRS3035RES1000mN2025000E3181000,1754,
23,CRS3035RES1000mN2025000E3181000,1748,
24,CRS3035RES1000mN2025000E3181000,79941,99.0
25,CRS3035RES1000mN2025000E3181000,1750,111.0
26,CRS3035RES1000mN2025000E3181000,5975465,114.0
27,CRS3035RES1000mN2025000E3181000,115056,106.0
28,CRS3035RES1000mN2025000E3181000,1790,116.0
29,CRS3035RES1000mN2025000E3181000,1756,
30,CRS3035RES1000mN2025000E3181000,51849,109.0
31,CRS3035RES1000mN2025000E3181000,185595,108.0
32,CRS3035RES1000mN2025000E3181000,7697128,106.0
33,CRS3035RES1000mN2025000E3181000,10395362,
34,CRS3035RES1000mN2025000E3181000,1759,107.0
35,CRS3035RES1000mN2025000E3181000,1752,104.0
36,CRS3035RES1000mN2025000E3181000,186714,104.0
37,CRS3035RES1000mN2025000E3181000,1753,119.0
38,CRS3035RES1000mN2025000E3181000,1792,
39,CRS3035RES1000mN2025000E3181000,1763,
40,CRS3035RES1000mN2025000E3181000,1746,113.0
41,CRS3035RES1000mN2025000E3181000,11572165,
42,CRS3035RES1000mN2025000E3181000,1761,114.0
43,CRS3035RES1000mN2025000E3181000,1747,114.0
44,CRS3035RES1000mN2025000E3181000,5768564,
45,CRS3035RES1000mN2025000E3181000,1798,112.0
46,CRS3035RES1000mN2025000E3181000,66904,115.0
47,CRS3035RES1000mN2025000E3181000,1777,99.0
48,CRS3035RES1000mN2025000E3181000,1765,99.0
49,CRS3035RES1000mN2025000E3181000,49416,
50,CRS3035RES1000mN2025000E3181000,12734939,
51,CRS3035RES1000mN2025000E3181000,167386167,104.0
52,CRS3035RES1000mN2025000E3181000,295933804,
53,CRS3035RES1000mN2025000E3181000,303340017,117.0
54,CRS3035RES1000mN2025000E3181000,315355551,
55,CRS3035RES1000mN2025000E3181000,339084977,118.0
56,CRS3035RES1000mN2025000E3181000,412911553,109.0
57,CRS3035RES1000mN2025000E3181000,558126037,
58,CRS3035RES1000mN2025000E3181000,711789768,
59,CRS3035RES1000mN2025000E3181000,727666062,
60,CRS3035RES1000mN2025000E3181000,848085869,
61,CRS3035RES1000mN2025000E3181000,1056098898,113.0
62,CRS3035RES1000mN2025000E3181000,1255438242,117.0
63,CRS3035RES1000mN2025000E3181000,1469985039,113.0
64,CRS3035RES1000mN2025000E3181000,1504302537,
65,CRS3035RES1000mN2025000E3181000,1511617504,
66,CRS3035RES1000mN2025000E3181000,1541601287,
67,CRS3035RES1000mN2025000E3181000,1544591296,119.0
68,CRS3035RES1000mN2025000E3181000,1598174183,98.0
69,CRS3035RES1000mN2025000E3181000,1629887846,85.0
70,CRS3035RES1000mN2025000E3181000,1686660176,106.0
71,CRS3035RES1000mN2025000E3181000,1716927336,
72,CRS3035RES1000mN2025000E3181000,1734554324,117.0
73,CRS3035RES1000mN2025000E3181000,1849109335,
74,CRS3035RES1000mN2025000E3181000,2028408680,
75,CRS3035RES1000mN2025000E3181000,2036887702,88.0
76,CRS3035RES1000mN2025000E3181000,2061404218,
77,CRS3035RES1000mN2025000E3181000,2134238030,112.0
78,CRS3035RES1000mN2025000E3181000,2261600754,
79,CRS3035RES1000mN2025000E3181000,2301402027,105.0
80,CRS3035RES1000mN2025000E3181000,2303966810,
81,CRS3035RES1000mN2025000E3181000,2312029862,93.0
82,CRS3035RES1000mN2025000E3181000,2408860250,
83,CRS3035RES1000mN2025000E3181000,2620185829,110.0
84,CRS3035RES1000mN2025000E3181000,2622508931,111.0
85,CRS3035RES1000mN2025000E3181000,2672130951,
86,CRS3035RES1000mN2025000E3181000,2710518818,
87,CRS3035RES1000mN2025000E3181000,3034026261,
88,CRS3035RES1000mN2025000E3181000,3179889751,
89,CRS3035RES1000mN2025000E3181000,3206611978,
90,CRS3035RES1000mN2025000E3181000,3272828439,
91,CRS3035RES1000mN2025000E3181000,3452364276,107.0
92,CRS3035RES1000mN2025000E3181000,3452364277,102.0
93,CRS3035RES1000mN2025000E3181000,3495733197,
94,CRS3035RES1000mN2025000E3181000,3497154853,
95,CRS3035RES1000mN2025000E3181000,3517755445,
96,CRS3035RES1000mN2025000E3181000,3522125657,
97,CRS3035RES1000mN2025000E3181000,3526751794,
98,CRS3035RES1000mN2025000E3181000,3839306060,105.0
99,CRS3035RES1000mN2025000E3181000,4214697664,119.0
100,CRS3035RES1000mN2025000E3181000,4338252586,
101,CRS3035RES1000mN2025000E3181000,4401271633,
102,CRS3035RES1000mN2025000E3181000,4515476768,
103,CRS3035RES1000mN2025000E3181000,4569910891,108.0
104,CRS3035RES1000mN2025000E3181000,4703730491,
105,CRS3035RES1000mN2025000E3181000,4707870392,
106,CRS3035RES1000mN2025000E3181000,4789037769,
107,CRS3035RES1000mN2025000E3181000,4794233143,
108,CRS3035RES1000mN2025000E3181000,4870405674,
109,CRS3035RES1000mN2025000E3181000,5139379922,
110,CRS3035RES1000mN2025000E3181000,5160337425,108.0
111,CRS3035RES1000mN2025000E3181000,5196199575,
112,CRS3035RES1000mN2025000E3181000,5341570554,107.0
113,CRS3035RES1000mN2025000E3181000,5345949864,
114,CRS3035RES1000mN2025000E3181000,5448507385,
115,CRS3035RES1000mN2025000E3181000,5604693894,
116,CRS3035RES1000mN2025000E3181000,5670401989,
117,CRS3035RES1000mN2025000E3181000,5942671299,
118,CRS3035RES1000mN2025000E3181000,5943980960,
119,CRS3035RES1000mN2025000E3181000,6185791451,
120,CRS3035RES1000mN2025000E3181000,6188948286,
121,CRS3035RES1000mN2025000E3181000,6555800191,
122,CRS3035RES1000mN2025000E3181000,6885254479,
123,CRS3035RES1000mN2025000E3181000,7222611268,85.0
124,CRS3035RES1000mN2025000E3181000,7408961006,
125,CRS3035RES1000mN2025000E3181000,7619964683,
126,CRS3035RES1000mN2025000E3181000,7836562695,
127,CRS3035RES1000mN2025000E3181000,8493729364,116.0
128,CRS3035RES1000mN2025000E3181000,8557885377,
129,CRS3035RES1000mN2025000E3181000,8807212208,99.0
130,CRS3035RES1000mN2025000E3181000,8844229173,108.0
131,CRS3035RES1000mN2025000E3181000,8878422600,
132,CRS3035RES1000mN2025000E3181000,9595709188,108.0
133,CRS3035RES1000mN2025000E3181000,9611387099,
134,CRS3035RES1000mN2025000E3181000,9712656915,110.0
135,CRS3035RES1000mN2025000E3181000,9713142744,102.0
136,CRS3035RES1000mN2025000E3181000,9815746657,
137,CRS3035RES1000mN2025000E3181000,10004871512,99.0
138,CRS3035RES1000mN2025000E3181000,10281174134,
139,CRS3035RES1000mN2025000E3181000,10580337411,109.0
140,CRS3035RES1000mN2025000E3181000,10899442604,
141,CRS3035RES1000mN2025000E3181000,10922657146,
142,CRS3035RES1000mN2025000E3181000,11127499928,
143,CRS3035RES1000mN2025000E3181000,11143725881,
144,CRS3035RES1000mN2025000E3181000,11243087140,119.0
145,CRS3035RES1000mN2025000E3181000,11269399969,
146,CRS3035RES1000mN2025000E3181000,11287269362,94.0
147,CRS3035RES1000mN2025000E3181000,11287269363,
148,CRS3035RES1000mN2025000E3181000,11369705764,101.0
149,CRS3035RES1000mN2025000E3181000,11387776374,
150,CRS3035RES1000mN2025000E3181000,11461799040,
151,CRS3035RES1000mN2025000E3181000,11462802981,112.0
152,CRS3035RES1000mN2025000E3181000,11652077658,
153,CRS3035RES1000mN2025000E3181000,11691390164,109.0
154,CRS3035RES1000mN2025000E3181000,11739757462,
155,CRS3035RES1000mN2025000E3181000,12178446726,
156,CRS3035RES1000mN2025000E3181000,12407425114,
157,CRS3035RES1000mN2025000E3181000,12865480228,106.0
158,CRS3035RES1000mN2025000E3181000,2960630,
159,CRS3035RES1000mN2025000E3181000,3554044,
160,CRS3035RES1000mN2025000E3181000,3557906,
161,CRS3035RES1000mN2025000E3181000,5231361,116.0
162,CRS3035RES1000mN2025000E3181000,9314566,
163,CRS3035RES1000mN2025000E3181000,13696257,
164,CRS3035RES1000mN2025000E3181000,15996131,117.0
165,CRS3035RES1000mN2025000E3181000,23526191,102.0
166,CRS3035RES1000mN2025000E3181000,23545719,115.0
167,CRS3035RES1000mN2025000E3181000,30599279,
168,CRS3035RES1000mN2025000E3181000,30649229,115.0
169,CRS3035RES1000mN2025000E3181000,32198651,
170,CRS3035RES1000mN2025000E3181000,34945111,
171,CRS3035RES1000mN2025000E3181000,50170625,
172,CRS3035RES1000mN2025000E3181000,82887228,
173,CRS3035RES1000mN2025000E3181000,92484952,
174,CRS3035RES1000mN2025000E3181000,95794713,
175,CRS3035RES1000mN2025000E3181000,96418670,
176,CRS3035RES1000mN2025000E3181000,98502686,119.0
177,CRS3035RES1000mN2025000E3181000,132613257,119.0
178,CRS3035RES1000mN2025000E3181000,135036040,111.0
179,CRS3035RES1000mN2025000E3181000,150772489,113.0
180,CRS3035RES1000mN2025000E3181000,154118456,
181,CRS3035RES1000mN2025000E3181000,157375776,114.0
182,CRS3035RES1000mN2025000E3181000,158211204,
183,CRS3035RES1000mN2025000E3181000,162072415,
184,CRS3035RES1000mN2025000E3181000,162117720,
185,CRS3035RES1000mN2025000E3181000,170487273,108.0
186,CRS3035RES1000mN2025000E3181000,172686062,
187,CRS3035RES1000mN2025000E3181000,174318235,
188,CRS3035RES1000mN2025000E3181000,174318237,
189,CRS3035RES1000mN2025000E3181000,205060159,
190,CRS3035RES1000mN2025000E3181000,205757163,
191,CRS3035RES1000mN2025000E3181000,221095520,106.0
192,CRS3035RES1000mN2025000E3181000,224503374,102.0
193,CRS3035RES1000mN2025000E3181000,227333462,117.0
194,CRS3035RES1000mN2025000E3181000,229117454,119.0
195,CRS3035RES1000mN2025000E3181000,261460389,
196,CRS3035RES1000mN2025000E3181000,283450022,107.0
197,CRS3035RES1000mN2025000E3181000,288994040,114.0
198,CRS3035RES1000mN2025000E3181000,296744564,119.0
199,CRS3035RES1000mN2025000E3181000,297526406,
200,CRS3035RES1000mN2025000E3181000,300709861,
201,CRS3035RES1000mN2025000E3181000,301444634,
202,CRS3035RES1000mN2025000E3181000,302721609,
203,CRS3035RES1000mN2025000E3181000,308195630,
204,CRS3035RES1000mN2025000E3181000,312777902,
205,CRS3035RES1000mN2025000E3181000,330154630,
206,CRS3035RES1000mN2025000E3181000,340205456,111.0
207,CRS3035RES1000mN2025000E3181000,367883612,
208,CRS3035RES1000mN2025000E3181000,368211943,
209,CRS3035RES1000mN2025000E3181000,374180360,105.0
210,CRS3035RES1000mN2025000E3181000,375369499,
211,CRS3035RES1000mN2025000E3181000,383494544,115.0
212,CRS3035RES1000mN2025000E3181000,384574591,
213,CRS3035RES1000mN2025000E3181000,403538322,55.0
214,CRS3035RES1000mN2025000E3181000,403859503,110.0
215,CRS3035RES1000mN2025000E3181000,437050442,
216,CRS3035RES1000mN2025000E3181000,459881697,118.0
217,CRS3035RES1000mN2025000E3181000,477278425,75.0
218,CRS3035RES1000mN2025000E3181000,486879235,
219,CRS3035RES1000mN2025000E3181000,493748377,
220,CRS3035RES1000mN2025000E3181000,498234201,
221,CRS3035RES1000mN2025000E3181000,504315026,107.0
222,CRS3035RES1000mN2025000E3181000,548701490,
223,CRS3035RES1000mN2025000E3181000,574210084,
224,CRS3035RES1000mN2025000E3181000,576094143,
225,CRS3035RES1000mN2025000E3181000,584409067,
226,CRS3035RES1000mN2025000E3181000,635512756,
227,CRS3035RES1000mN2025000E3181000,638492224,109.0
228,CRS3035RES1000mN2025000E3181000,653913062,
229,CRS3035RES1000mN2025000E3181000,659866770,
230,CRS3035RES1000mN2025000E3181000,697717972,
231,CRS3035RES1000mN2025000E3181000,717194862,
232,CRS3035RES1000mN2025000E3181000,736899303,
233,CRS3035RES1000mN2025000E3181000,738042217,
234,CRS3035RES1000mN2025000E3181000,839611983,
235,CRS3035RES1000mN2025000E3181000,957893520,107.0
236,CRS3035RES1000mN2025000E3181000,963308110,114.0
237,CRS3035RES1000mN2025000E3181000,1073283182,
238,CRS3035RES1000mN2025000E3181000,1252864015,98.0
239,CRS3035RES1000mN2025000E3181000,1283203658,
240,CRS3035RES1000mN2026000E3175000,25526,98.0
241,CRS3035RES1000mN2026000E3175000,1774,69.0
242,CRS3035RES1000mN2026000E3175000,1770,81.0
243,CRS3035RES1000mN2026000E3175000,1773,71.0
244,CRS3035RES1000mN2026000E3175000,1771,74.0
245,CRS3035RES1000mN2026000E3175000,123303,88.0
246,CRS3035RES1000mN2026000E3175000,1764,66.0
247,CRS3035RES1000mN2026000E3175000,181101,64.0
248,CRS3035RES1000mN2026000E3175000,5765642,92.0
249,CRS3035RES1000mN2026000E3175000,86719,93.0
250,CRS3035RES1000mN2026000E3175000,1800,67.0
251,CRS3035RES1000mN2026000E3175000,1757,86.0
252,CRS3035RES1000mN2026000E3175000,1755,88.0
253,CRS3035RES1000mN2026000E3175000,1882,74.0
254,CRS3035RES1000mN2026000E3175000,1745,54.0
255,CRS3035RES1000mN2026000E3175000,1794,59.0
256,CRS3035RES1000mN2026000E3175000,1762,61.0
257,CRS3035RES1000mN2026000E3175000,51188,71.0
258,CRS3035RES1000mN2026000E3175000,6893633,65.0
259,CRS3035RES1000mN2026000E3175000,167128,59.0
260,CRS3035RES1000mN2026000E3175000,1760,63.0
261,CRS3035RES1000mN2026000E3175000,12773298,83.0
262,CRS3035RES1000mN2026000E3175000,1754,91.0
263,CRS3035RES1000mN2026000E3175000,1748,62.0
264,CRS3035RES1000mN2026000E3175000,79941,56.0
265,CRS3035RES1000mN2026000E3175000,1750,74.0
266,CRS3035RES1000mN2026000E3175000,5975465,77.0
267,CRS3035RES1000mN2026000E3175000,115056,56.0
268,CRS3035RES1000mN2026000E3175000,1790,79.0
269,CRS3035RES1000mN2026000E3175000,1756,89.0
270,CRS3035RES1000mN2026000E3175000,51849,67.0
271,CRS3035RES1000mN2026000E3175000,185595,69.0
272,CRS3035RES1000mN2026000E3175000,7697128,68.0
273,CRS3035RES1000mN2026000E3175000,10395362,86.0
274,CRS3035RES1000mN2026000E3175000,1759,69.0
275,CRS3035RES1000mN2026000E3175000,1752,63.0
276,CRS3035RES1000mN2026000E3175000,186714,60.0
277,CRS3035RES1000mN2026000E3175000,1753,69.0
278,CRS3035RES1000mN2026000E3175000,1792,65.0
279,CRS3035RES1000mN2026000E3175000,1763,86.0
280,CRS3035RES1000mN2026000E3175000,1746,65.0
281,CRS3035RES1000mN2026000E3175000,11572165,84.0
282,CRS3035RES1000mN2026000E3175000,1761,70.0
283,CRS3035RES1000mN2026000E3175000,1747,57.0
284,CRS3035RES1000mN2026000E3175000,5768564,89.0
285,CRS3035RES1000mN2026000E3175000,1798,75.0
286,CRS3035RES1000mN2026000E3175000,66904,78.0
287,CRS3035RES1000mN2026000E3175000,1777,63.0
288,CRS3035RES1000mN2026000E3175000,1765,63.0
289,CRS3035RES1000mN2026000E3175000,49416,71.0
290,CRS3035RES1000mN2026000E3175000,12734939,71.0
291,CRS3035RES1000mN2026000E3175000,167386167,67.0
292,CRS3035RES1000mN2026000E3175000,295933804,93.0
293,CRS3035RES1000mN2026000E3175000,303340017,98.0
294,CRS3035RES1000mN2026000E3175000,315355551,109.0
295,CRS3035RES1000mN2026000E3175000,339084977,78.0
296,CRS3035RES1000mN2026000E3175000,412911553,73.0
297,CRS3035RES1000mN2026000E3175000,558126037,103.0
298,CRS3035RES1000mN2026000E3175000,711789768,
299,CRS3035RES1000mN2026000E3175000,727666062,
300,CRS3035RES1000mN2026000E3175000,848085869,109.0
301,CRS3035RES1000mN2026000E3175000,1056098898,75.0
302,CRS3035RES1000mN2026000E3175000,1255438242,66.0
303,CRS3035RES1000mN2026000E3175000,1469985039,48.0
304,CRS3035RES1000mN2026000E3175000,1504302537,93.0
305,CRS3035RES1000mN2026000E3175000,1511617504,119.0
306,CRS3035RES1000mN2026000E3175000,1541601287,103.0
307,CRS3035RES1000mN2026000E3175000,1544591296,82.0
308,CRS3035RES1000mN2026000E3175000,1598174183,57.0
309,CRS3035RES1000mN2026000E3175000,1629887846,62.0
310,CRS3035RES1000mN2026000E3175000,1686660176,66.0
311,CRS3035RES1000mN2026000E3175000,1716927336,99.0
312,CRS3035RES1000mN2026000E3175000,1734554324,78.0
313,CRS3035RES1000mN2026000E3175000,1849109335,100.0
314,CRS3035RES1000mN2026000E3175000,2028408680,
315,CRS3035RES1000mN2026000E3175000,2036887702,
316,CRS3035RES1000mN2026000E3175000,2061404218,88.0
317,CRS3035RES1000mN2026000E3175000,2134238030,77.0
318,CRS3035RES1000mN2026000E3175000,2261600754,
319,CRS3035RES1000mN2026000E3175000,2301402027,65.0
320,CRS3035RES1000mN2026000E3175000,2303966810,
321,CRS3035RES1000mN2026000E3175000,2312029862,62.0
322,CRS3035RES1000mN2026000E3175000,2408860250,115.0
323,CRS3035RES1000mN2026000E3175000,2620185829,74.0
324,CRS3035RES1000mN2026000E3175000,2622508931,73.0
325,CRS3035RES1000mN2026000E3175000,2672130951,
326,CRS3035RES1000mN2026000E3175000,2710518818,80.0
327,CRS3035RES1000mN2026000E3175000,3034026261,
328,CRS3035RES1000mN2026000E3175000,3179889751,88.0
329,CRS3035RES1000mN2026000E3175000,3206611978,
330,CRS3035RES1000mN2026000E3175000,3272828439,119.0
331,CRS3035RES1000mN2026000E3175000,3452364276,60.0
332,CRS3035RES1000mN2026000E3175000,3452364277,64.0
333,CRS3035RES1000mN2026000E3175000,3495733197,
334,CRS3035RES1000mN2026000E3175000,3497154853,
335,CRS3035RES1000mN2026000E3175000,3517755445,
336,CRS3035RES1000mN2026000E3175000,3522125657,
337,CRS3035RES1000mN2026000E3175000,3526751794,
338,CRS3035RES1000mN2026000E3175000,3839306060,60.0
339,CRS3035RES1000mN2026000E3175000,4214697664,81.0
340,CRS3035RES1000mN2026000E3175000,4338252586,
341,CRS3035RES1000mN2026000E3175000,4401271633,
342,CRS3035RES1000mN2026000E3175000,4515476768,
343,CRS3035RES1000mN2026000E3175000,4569910891,70.0
344,CRS3035RES1000mN2026000E3175000,4703730491,108.0
345,CRS3035RES1000mN2026000E3175000,4707870392,104.0
346,CRS3035RES1000mN2026000E3175000,4789037769,
347,CRS3035RES1000mN2026000E3175000,4794233143,
348,CRS3035RES1000mN2026000E3175000,4870405674,91.0
349,CRS3035RES1000mN2026000E3175000,5139379922,
350,CRS3035RES1000mN2026000E3175000,5160337425,72.0
351,CRS3035RES1000mN2026000E3175000,5196199575,108.0
352,CRS3035RES1000mN2026000E3175000,5341570554,71.0
353,CRS3035RES1000mN2026000E3175000,5345949864,80.0
354,CRS3035RES1000mN2026000E3175000,5448507385,
355,CRS3035RES1000mN2026000E3175000,5604693894,
356,CRS3035RES1000mN2026000E3175000,5670401989,
357,CRS3035RES1000mN2026000E3175000,5942671299,77.0
358,CRS3035RES1000mN2026000E3175000,5943980960,110.0
359,CRS3035RES1000mN2026000E3175000,6185791451,
360,CRS3035RES1000mN2026000E3175000,6188948286,68.0
361,CRS3035RES1000mN2026000E3175000,6555800191,110.0
362,CRS3035RES1000mN2026000E3175000,6885254479,81.0
363,CRS3035RES1000mN2026000E3175000,7222611268,119.0
364,CRS3035RES1000mN2026000E3175000,7408961006,113.0
365,CRS3035RES1000mN2026000E3175000,7619964683,
366,CRS3035RES1000mN2026000E3175000,7836562695,96.0
367,CRS3035RES1000mN2026000E3175000,8493729364,75.0
368,CRS3035RES1000mN2026000E3175000,8557885377,
369,CRS3035RES1000mN2026000E3175000,8807212208,61.0
370,CRS3035RES1000mN2026000E3175000,8844229173,72.0
371,CRS3035RES1000mN2026000E3175000,8878422600,99.0
372,CRS3035RES1000mN2026000E3175000,9595709188,71.0
373,CRS3035RES1000mN2026000E3175000,9611387099,79.0
374,CRS3035RES1000mN2026000E3175000,9712656915,73.0
375,CRS3035RES1000mN2026000E3175000,9713142744,66.0
376,CRS3035RES1000mN2026000E3175000,9815746657,99.0
377,CRS3035RES1000mN2026000E3175000,10004871512,59.0
378,CRS3035RES1000mN2026000E3175000,10281174134,
379,CRS3035RES1000mN2026000E3175000,10580337411,64.0
380,CRS3035RES1000mN2026000E3175000,10899442604,114.0
381,CRS3035RES1000mN2026000E3175000,10922657146,110.0
382,CRS3035RES1000mN2026000E3175000,11127499928,80.0
383,CRS3035RES1000mN2026000E3175000,11143725881,94.0
384,CRS3035RES1000mN2026000E3175000,11243087140,79.0
385,CRS3035RES1000mN2026000E3175000,11269399969,87.0
386,CRS3035RES1000mN2026000E3175000,11287269362,63.0
387,CRS3035RES1000mN2026000E3175000,11287269363,71.0
388,CRS3035RES1000mN2026000E3175000,11369705764,75.0
389,CRS3035RES1000mN2026000E3175000,11387776374,71.0
390,CRS3035RES1000mN2026000E3175000,11461799040,
391,CRS3035RES1000mN2026000E3175000,11462802981,55.0
392,CRS3035RES1000mN2026000E3175000,11652077658,98.0
393,CRS3035RES1000mN2026000E3175000,11691390164,73.0
394,CRS3035RES1000mN2026000E3175000,11739757462,95.0
395,CRS3035RES1000mN2026000E3175000,12178446726,94.0
396,CRS3035RES1000mN2026000E3175000,12407425114,98.0
397,CRS3035RES1000mN2026000E3175000,12865480228,61.0
398,CRS3035RES1000mN2026000E3175000,2960630,111.0
399,CRS3035RES1000mN2026000E3175000,3554044,
400,CRS3035RES1000mN2026000E3175000,3557906,99.0
401,CRS3035RES1000mN2026000E3175000,5231361,80.0
402,CRS3035RES1000mN2026000E3175000,9314566,78.0
403,CRS3035RES1000mN2026000E3175000,13696257,106.0
404,CRS3035RES1000mN2026000E3175000,15996131,81.0
405,CRS3035RES1000mN2026000E3175000,23526191,62.0
406,CRS3035RES1000mN2026000E3175000,23545719,78.0
407,CRS3035RES1000mN2026000E3175000,30599279,103.0
408,CRS3035RES1000mN2026000E3175000,30649229,78.0
409,CRS3035RES1000mN2026000E3175000,32198651,
410,CRS3035RES1000mN2026000E3175000,34945111,102.0
411,CRS3035RES1000mN2026000E3175000,50170625,74.0
412,CRS3035RES1000mN2026000E3175000,82887228,102.0
413,CRS3035RES1000mN2026000E3175000,92484952,95.0
414,CRS3035RES1000mN2026000E3175000,95794713,70.0
415,CRS3035RES1000mN2026000E3175000,96418670,118.0
416,CRS3035RES1000mN2026000E3175000,98502686,86.0
417,CRS3035RES1000mN2026000E3175000,132613257,62.0
418,CRS3035RES1000mN2026000E3175000,135036040,32.0
419,CRS3035RES1000mN2026000E3175000,150772489,77.0
420,CRS3035RES1000mN2026000E3175000,154118456,91.0
421,CRS3035RES1000mN2026000E3175000,157375776,74.0
422,CRS3035RES1000mN2026000E3175000,158211204,108.0
423,CRS3035RES1000mN2026000E3175000,162072415,99.0
424,CRS3035RES1000mN2026000E3175000,162117720,103.0
425,CRS3035RES1000mN2026000E3175000,170487273,55.0
426,CRS3035RES1000mN2026000E3175000,172686062,110.0
427,CRS3035RES1000mN2026000E3175000,174318235,112.0
428,CRS3035RES1000mN2026000E3175000,174318237,110.0
429,CRS3035RES1000mN2026000E3175000,205060159,119.0
430,CRS3035RES1000mN2026000E3175000,205757163,
431,CRS3035RES1000mN2026000E3175000,221095520,64.0
432,CRS3035RES1000mN2026000E3175000,224503374,66.0
433,CRS3035RES1000mN2026000E3175000,227333462,87.0
434,CRS3035RES1000mN2026000E3175000,229117454,93.0
435,CRS3035RES1000mN2026000E3175000,261460389,
436,CRS3035RES1000mN2026000E3175000,283450022,69.0
437,CRS3035RES1000mN2026000E3175000,288994040,72.0
438,CRS3035RES1000mN2026000E3175000,296744564,74.0
439,CRS3035RES1000mN2026000E3175000,297526406,78.0
440,CRS3035RES1000mN2026000E3175000,300709861,
441,CRS3035RES1000mN2026000E3175000,301444634,
442,CRS3035RES1000mN2026000E3175000,302721609,107.0
443,CRS3035RES1000mN2026000E3175000,308195630,
444,CRS3035RES1000mN2026000E3175000,312777902,81.0
445,CRS3035RES1000mN2026000E3175000,330154630,
446,CRS3035RES1000mN2026000E3175000,340205456,75.0
447,CRS3035RES1000mN2026000E3175000,367883612,100.0
448,CRS3035RES1000mN2026000E3175000,368211943,101.0
449,CRS3035RES1000mN2026000E3175000,374180360,66.0
450,CRS3035RES1000mN2026000E3175000,375369499,85.0
451,CRS3035RES1000mN2026000E3175000,383494544,77.0
452,CRS3035RES1000mN2026000E3175000,384574591,99.0
453,CRS3035RES1000mN2026000E3175000,403538322,75.0
454,CRS3035RES1000mN2026000E3175000,403859503,72.0
455,CRS3035RES1000mN2026000E3175000,437050442,112.0
456,CRS3035RES1000mN2026000E3175000,459881697,88.0
457,CRS3035RES1000mN2026000E3175000,477278425,109.0
458,CRS3035RES1000mN2026000E3175000,486879235,
459,CRS3035RES1000mN2026000E3175000,493748377,95.0
460,CRS3035RES1000mN2026000E3175000,498234201,110.0
461,CRS3035RES1000mN2026000E3175000,504315026,62.0
462,CRS3035RES1000mN2026000E3175000,548701490,
463,CRS3035RES1000mN2026000E3175000,574210084,114.0
464,CRS3035RES1000mN2026000E3175000,576094143,103.0
465,CRS3035RES1000mN2026000E3175000,584409067,82.0
466,CRS3035RES1000mN2026000E3175000,635512756,80.0
467,CRS3035RES1000mN2026000E3175000,638492224,49.0
468,CRS3035RES1000mN2026000E3175000,653913062,83.0
469,CRS3035RES1000mN2026000E3175000,659866770,
470,CRS3035RES1000mN2026000E3175000,697717972,109.0
471,CRS3035RES1000mN2026000E3175000,717194862,
472,CRS3035RES1000mN2026000E3175000,736899303,
473,CRS3035RES1000mN2026000E3175000,738042217,110.0
474,CRS3035RES1000mN2026000E3175000,839611983,
475,CRS3035RES1000mN2026000E3175000,957893520,71.0
476,CRS3035RES1000mN2026000E3175000,963308110,39.0
477,CRS3035RES1000mN2026000E3175000,1073283182,102.0
478,CRS3035RES1000mN2026000E3175000,1252864015,56.0
479,CRS3035RES1000mN2026000E3175000,1283203658,
480,CRS3035RES1000mN2026000E3176000,25526,
481,CRS3035RES1000mN2026000E3176000,1774,101.0
482,CRS3035RES1000mN2026000E3176000,1770,107.0
483,CRS3035RES1000mN2026000E3176000,1773,108.0
484,CRS3035RES1000mN2026000E3176000,1771,107.0
485,CRS3035RES1000mN2026000E3176000,123303,
486,CRS3035RES1000mN2026000E3176000,1764,100.0
487,CRS3035RES1000mN2026000E3176000,181101,100.0
488,CRS3035RES1000mN2026000E3176000,5765642,
489,CRS3035RES1000mN2026000E3176000,86719,
490,CRS3035RES1000mN2026000E3176000,1800,103.0
491,CRS3035RES1000mN2026000E3176000,1757,119.0
492,CRS3035RES1000mN2026000E3176000,1755,
493,CRS3035RES1000mN2026000E3176000,1882,106.0
494,CRS3035RES1000mN2026000E3176000,1745,85.0
495,CRS3035RES1000mN2026000E3176000,1794,92.0
496,CRS3035RES1000mN2026000E3176000,1762,92.0
497,CRS3035RES1000mN2026000E3176000,51188,102.0
498,CRS3035RES1000mN2026000E3176000,6893633,96.0
499,CRS3035RES1000mN2026000E3176000,167128,94.0
500,CRS3035RES1000mN2026000E3176000,1760,95.0
501,CRS3035RES1000mN2026000E3176000,12773298,
502,CRS3035RES1000mN2026000E3176000,1754,
503,CRS3035RES1000mN2026000E3176000,1748,98.0
504,CRS3035RES1000mN2026000E3176000,79941,90.0
505,CRS3035RES1000mN2026000E3176000,1750,102.0
506,CRS3035RES1000mN2026000E3176000,5975465,109.0
507,CRS3035RES1000mN2026000E3176000,115056,90.0
508,CRS3035RES1000mN2026000E3176000,1790,111.0
509,CRS3035RES1000mN2026000E3176000,1756,
510,CRS3035RES1000mN2026000E3176000,51849,103.0
511,CRS3035RES1000mN2026000E3176000,185595,103.0
512,CRS3035RES1000mN2026000E3176000,7697128,101.0
513,CRS3035RES1000mN2026000E3176000,10395362,
514,CRS3035RES1000mN2026000E3176000,1759,102.0
515,CRS3035RES1000mN2026000E3176000,1752,99.0
516,CRS3035RES1000mN2026000E3176000,186714,95.0
517,CRS3035RES1000mN2026000E3176000,1753,104.0
518,CRS3035RES1000mN2026000E3176000,1792,100.0
519,CRS3035RES1000mN2026000E3176000,1763,118.0
520,CRS3035RES1000mN2026000E3176000,1746,99.0
521,CRS3035RES1000mN2026000E3176000,11572165,
522,CRS3035RES1000mN2026000E3176000,1761,105.0
523,CRS3035RES1000mN2026000E3176000,1747,93.0
524,CRS3035RES1000mN2026000E3176000,5768564,
525,CRS3035RES1000mN2026000E3176000,1798,107.0
526,CRS3035RES1000mN2026000E3176000,66904,110.0
527,CRS3035RES1000mN2026000E3176000,1777,95.0
528,CRS3035RES1000mN2026000E3176000,1765,95.0
529,CRS3035RES1000mN2026000E3176000,49416,106.0
530,CRS3035RES1000mN2026000E3176000,12734939,106.0
531,CRS3035RES1000mN2026000E3176000,167386167,100.0
532,CRS3035RES1000mN2026000E3176000,295933804,
533,CRS3035RES1000mN2026000E3176000,303340017,117.0
534,CRS3035RES1000mN2026000E3176000,315355551,
535,CRS3035RES1000mN2026000E3176000,339084977,113.0
536,CRS3035RES1000mN2026000E3176000,412911553,106.0
537,CRS3035RES1000mN2026000E3176000,558126037,
538,CRS3035RES1000mN2026000E3176000,711789768,
539,CRS3035RES1000mN2026000E3176000,727666062,
540,CRS3035RES1000mN2026000E3176000,848085869,
541,CRS3035RES1000mN2026000E3176000,1056098898,108.0
542,CRS3035RES1000mN2026000E3176000,1255438242,117.0
543,CRS3035RES1000mN2026000E3176000,1469985039,82.0
544,CRS3035RES1000mN2026000E3176000,1504302537,
545,CRS3035RES1000mN2026000E3176000,1511617504,
546,CRS3035RES1000mN2026000E3176000,1541601287,
547,CRS3035RES1000mN2026000E3176000,1544591296,114.0
548,CRS3035RES1000mN2026000E3176000,1598174183,83.0
549,CRS3035RES1000mN2026000E3176000,1629887846,81.0
550,CRS3035RES1000mN2026000E3176000,1686660176,99.0
551,CRS3035RES1000mN2026000E3176000,1716927336,
552,CRS3035RES1000mN2026000E3176000,1734554324,92.0
553,CRS3035RES1000mN2026000E3176000,1849109335,
554,CRS3035RES1000mN2026000E3176000,2028408680,
555,CRS3035RES1000mN2026000E3176000,2036887702,
556,CRS3035RES1000mN2026000E3176000,2061404218,
557,CRS3035RES1000mN2026000E3176000,2134238030,94.0
558,CRS3035RES1000mN2026000E3176000,2261600754,
559,CRS3035RES1000mN2026000E3176000,2301402027,100.0
560,CRS3035RES1000mN2026000E3176000,2303966810,
561,CRS3035RES1000mN2026000E3176000,2312029862,82.0
562,CRS3035RES1000mN2026000E3176000,2408860250,
563,CRS3035RES1000mN2026000E3176000,2620185829,106.0
564,CRS3035RES1000mN2026000E3176000,2622508931,106.0
565,CRS3035RES1000mN2026000E3176000,2672130951,
566,CRS3035RES1000mN2026000E3176000,2710518818,113.0
567,CRS3035RES1000mN2026000E3176000,3034026261,
568,CRS3035RES1000mN2026000E3176000,3179889751,
569,CRS3035RES1000mN2026000E3176000,3206611978,
570,CRS3035RES1000mN2026000E3176000,3272828439,
571,CRS3035RES1000mN2026000E3176000,3452364276,94.0
572,CRS3035RES1000mN2026000E3176000,3452364277,96.0
573,CRS3035RES1000mN2026000E3176000,3495733197,
574,CRS3035RES1000mN2026000E3176000,3497154853,
575,CRS3035RES1000mN2026000E3176000,3517755445,
576,CRS3035RES1000mN2026000E3176000,3522125657,
577,CRS3035RES1000mN2026000E3176000,3526751794,
578,CRS3035RES1000mN2026000E3176000,3839306060,93.0
579,CRS3035RES1000mN2026000E3176000,4214697664,113.0
580,CRS3035RES1000mN2026000E3176000,4338252586,
581,CRS3035RES1000mN2026000E3176000,4401271633,
582,CRS3035RES1000mN2026000E3176000,4515476768,
583,CRS3035RES1000mN2026000E3176000,4569910891,103.0
584,CRS3035RES1000mN2026000E3176000,4703730491,
585,CRS3035RES1000mN2026000E3176000,4707870392,
586,CRS3035RES1000mN2026000E3176000,4789037769,
587,CRS3035RES1000mN2026000E3176000,4794233143,
588,CRS3035RES1000mN2026000E3176000,4870405674,
589,CRS3035RES1000mN2026000E3176000,5139379922,
590,CRS3035RES1000mN2026000E3176000,5160337425,104.0
591,CRS3035RES1000mN2026000E3176000,5196199575,
592,CRS3035RES1000mN2026000E3176000,5341570554,103.0
593,CRS3035RES1000mN2026000E3176000,5345949864,110.0
594,CRS3035RES1000mN2026000E3176000,5448507385,
595,CRS3035RES1000mN2026000E3176000,5604693894,
596,CRS3035RES1000mN2026000E3176000,5670401989,
597,CRS3035RES1000mN2026000E3176000,5942671299,117.0
598,CRS3035RES1000mN2026000E3176000,5943980960,
599,CRS3035RES1000mN2026000E3176000,6185791451,
600,CRS3035RES1000mN2026000E3176000,6188948286,104.0
601,CRS3035RES1000mN2026000E3176000,6555800191,
602,CRS3035RES1000mN2026000E3176000,6885254479,119.0
603,CRS3035RES1000mN2026000E3176000,7222611268,
604,CRS3035RES1000mN2026000E3176000,7408961006,
605,CRS3035RES1000mN2026000E3176000,7619964683,
606,CRS3035RES1000mN2026000E3176000,7836562695,
607,CRS3035RES1000mN2026000E3176000,8493729364,110.0
608,CRS3035RES1000mN2026000E3176000,8557885377,
609,CRS3035RES1000mN2026000E3176000,8807212208,94.0
610,CRS3035RES1000mN2026000E3176000,8844229173,104.0
611,CRS3035RES1000mN2026000E3176000,8878422600,
612,CRS3035RES1000mN2026000E3176000,9595709188,102.0
613,CRS3035RES1000mN2026000E3176000,9611387099,115.0
614,CRS3035RES1000mN2026000E3176000,9712656915,105.0
615,CRS3035RES1000mN2026000E3176000,9713142744,98.0
616,CRS3035RES1000mN2026000E3176000,9815746657,
617,CRS3035RES1000mN2026000E3176000,10004871512,84.0
618,CRS3035RES1000mN2026000E3176000,10281174134,
619,CRS3035RES1000mN2026000E3176000,10580337411,97.0
620,CRS3035RES1000mN2026000E3176000,10899442604,
621,CRS3035RES1000mN2026000E3176000,10922657146,
622,CRS3035RES1000mN2026000E3176000,11127499928,
623,CRS3035RES1000mN2026000E3176000,11143725881,
624,CRS3035RES1000mN2026000E3176000,11243087140,119.0
625,CRS3035RES1000mN2026000E3176000,11269399969,119.0
626,CRS3035RES1000mN2026000E3176000,11287269362,90.0
627,CRS3035RES1000mN2026000E3176000,11287269363,110.0
628,CRS3035RES1000mN2026000E3176000,11369705764,103.0
629,CRS3035RES1000mN2026000E3176000,11387776374,106.0
630,CRS3035RES1000mN2026000E3176000,11461799040,
631,CRS3035RES1000mN2026000E3176000,11462802981,90.0
632,CRS3035RES1000mN2026000E3176000,11652077658,
633,CRS3035RES1000mN2026000E3176000,11691390164,105.0
634,CRS3035RES1000mN2026000E3176000,11739757462,
635,CRS3035RES1000mN2026000E3176000,12178446726,
636,CRS3035RES1000mN2026000E3176000,12407425114,
637,CRS3035RES1000mN2026000E3176000,12865480228,94.0
638,CRS3035RES1000mN2026000E3176000,2960630,
639,CRS3035RES1000mN2026000E3176000,3554044,
640,CRS3035RES1000mN2026000E3176000,3557906,
641,CRS3035RES1000mN2026000E3176000,5231361,112.0
642,CRS3035RES1000mN2026000E3176000,9314566,
643,CRS3035RES1000mN2026000E3176000,13696257,
644,CRS3035RES1000mN2026000E3176000,15996131,113.0
645,CRS3035RES1000mN2026000E3176000,23526191,96.0
646,CRS3035RES1000mN2026000E3176000,23545719,105.0
647,CRS3035RES1000mN2026000E3176000,30599279,
648,CRS3035RES1000mN2026000E3176000,30649229,111.0
649,CRS3035RES1000mN2026000E3176000,32198651,
650,CRS3035RES1000mN2026000E3176000,34945111,
651,CRS3035RES1000mN2026000E3176000,50170625,
652,CRS3035RES1000mN2026000E3176000,82887228,
653,CRS3035RES1000mN2026000E3176000,92484952,
654,CRS3035RES1000mN2026000E3176000,95794713,105.0
655,CRS3035RES1000mN2026000E3176000,96418670,
656,CRS3035RES1000mN2026000E3176000,98502686,118.0
657,CRS3035RES1000mN2026000E3176000,132613257,97.0
658,CRS3035RES1000mN2026000E3176000,135036040,65.0
659,CRS3035RES1000mN2026000E3176000,150772489,110.0
660,CRS3035RES1000mN2026000E3176000,154118456,
661,CRS3035RES1000mN2026000E3176000,157375776,114.0
662,CRS3035RES1000mN2026000E3176000,158211204,
663,CRS3035RES1000mN2026000E3176000,162072415,
664,CRS3035RES1000mN2026000E3176000,162117720,
665,CRS3035RES1000mN2026000E3176000,170487273,93.0
666,CRS3035RES1000mN2026000E3176000,172686062,
667,CRS3035RES1000mN2026000E3176000,174318235,
668,CRS3035RES1000mN2026000E3176000,174318237,
669,CRS3035RES1000mN2026000E3176000,205060159,
670,CRS3035RES1000mN2026000E3176000,205757163,
671,CRS3035RES1000mN2026000E3176000,221095520,98.0
672,CRS3035RES1000mN2026000E3176000,224503374,98.0
673,CRS3035RES1000mN2026000E3176000,227333462,117.0
674,CRS3035RES1000mN2026000E3176000,229117454,119.0
675,CRS3035RES1000mN2026000E3176000,261460389,
676,CRS3035RES1000mN2026000E3176000,283450022,102.0
677,CRS3035RES1000mN2026000E3176000,288994040,108.0
678,CRS3035RES1000mN2026000E3176000,296744564,119.0
679,CRS3035RES1000mN2026000E3176000,297526406,
680,CRS3035RES1000mN2026000E3176000,300709861,
681,CRS3035RES1000mN2026000E3176000,301444634,
682,CRS3035RES1000mN2026000E3176000,302721609,
683,CRS3035RES1000mN2026000E3176000,308195630,
684,CRS3035RES1000mN2026000E3176000,312777902,117.0
685,CRS3035RES1000mN2026000E3176000,330154630,
686,CRS3035RES1000mN2026000E3176000,340205456,107.0
687,CRS3035RES1000mN2026000E3176000,367883612,
688,CRS3035RES1000mN2026000E3176000,368211943,
689,CRS3035RES1000mN2026000E3176000,374180360,93.0
690,CRS3035RES1000mN2026000E3176000,375369499,
691,CRS3035RES1000mN2026000E3176000,383494544,109.0
692,CRS3035RES1000mN2026000E3176000,384574591,
693,CRS3035RES1000mN2026000E3176000,403538322,113.0
694,CRS3035RES1000mN2026000E3176000,403859503,105.0
695,CRS3035RES1000mN2026000E3176000,437050442,
696,CRS3035RES1000mN2026000E3176000,459881697,118.0
697,CRS3035RES1000mN2026000E3176000,477278425,
698,CRS3035RES1000mN2026000E3176000,486879235,
699,CRS3035RES1000mN2026000E3176000,493748377,
700,CRS3035RES1000mN2026000E3176000,498234201,
701,CRS3035RES1000mN2026000E3176000,504315026,95.0
702,CRS3035RES1000mN2026000E3176000,548701490,
703,CRS3035RES1000mN2026000E3176000,574210084,
704,CRS3035RES1000mN2026000E3176000,576094143,
705,CRS3035RES1000mN2026000E3176000,584409067,119.0
706,CRS3035RES1000mN2026000E3176000,635512756,
707,CRS3035RES1000mN2026000E3176000,638492224,83.0
708,CRS3035RES1000mN2026000E3176000,653913062,
709,CRS3035RES1000mN2026000E3176000,659866770,
710,CRS3035RES1000mN2026000E3176000,697717972,
711,CRS3035RES1000mN2026000E3176000,717194862,
712,CRS3035RES1000mN2026000E3176000,736899303,
713,CRS3035RES1000mN2026000E3176000,738042217,
714,CRS3035RES1000mN2026000E3176000,839611983,
715,CRS3035RES1000mN2026000E3176000,957893520,102.0
716,CRS3035RES1000mN2026000E3176000,963308110,73.0
717,CRS3035RES1000mN2026000E3176000,1073283182,
718,CRS3035RES1000mN2026000E3176000,1252864015,83.0
719,CRS3035RES1000mN2026000E3176000,1283203658,
720,CRS3035RES1000mN2026000E3177000,25526,
721,CRS3035RES1000mN2026000E3177000,1774,110.0
722,CRS3035RES1000mN2026000E3177000,1770,
723,CRS3035RES1000mN2026000E3177000,1773,118.0
724,CRS3035RES1000mN2026000E3177000,1771,116.0
725,CRS3035RES1000mN2026000E3177000,123303,
726,CRS3035RES1000mN2026000E3177000,1764,109.0
727,CRS3035RES1000mN2026000E3177000,181101,114.0
728,CRS3035RES1000mN2026000E3177000,5765642,
729,CRS3035RES1000mN2026000E3177000,86719,
730,CRS3035RES1000mN2026000E3177000,1800,118.0
731,CRS3035RES1000mN2026000E3177000,1757,
732,CRS3035RES1000mN2026000E3177000,1755,
733,CRS3035RES1000mN2026000E3177000,1882,116.0
734,CRS3035RES1000mN2026000E3177000,1745,99.0
735,CRS3035RES1000mN2026000E3177000,1794,106.0
736,CRS3035RES1000mN2026000E3177000,1762,100.0
737,CRS3035RES1000mN2026000E3177000,51188,112.0
738,CRS3035RES1000mN2026000E3177000,6893633,105.0
739,CRS3035RES1000mN2026000E3177000,167128,109.0
740,CRS3035RES1000mN2026000E3177000,1760,105.0
741,CRS3035RES1000mN2026000E3177000,12773298,
742,CRS3035RES1000mN2026000E3177000,1754,
743,CRS3035RES1000mN2026000E3177000,1748,112.0
744,CRS3035RES1000mN2026000E3177000,79941,102.0
745,CRS3035RES1000mN2026000E3177000,1750,114.0
746,CRS3035RES1000mN2026000E3177000,5975465,118.0
747,CRS3035RES1000mN2026000E3177000,115056,100.0
748,CRS3035RES1000mN2026000E3177000,1790,
749,CRS3035RES1000mN2026000E3177000,1756,
750,CRS3035RES1000mN2026000E3177000,51849,112.0
751,CRS3035RES1000mN2026000E3177000,185595,112.0
752,CRS3035RES1000mN2026000E3177000,7697128,111.0
753,CRS3035RES1000mN2026000E3177000,10395362,
754,CRS3035RES1000mN2026000E3177000,1759,111.0
755,CRS3035RES1000mN2026000E3177000,1752,108.0
756,CRS3035RES1000mN2026000E3177000,186714,105.0
757,CRS3035RES1000mN2026000E3177000,1753,119.0
758,CRS3035RES1000mN2026000E3177000,1792,115.0
759,CRS3035RES1000mN2026000E3177000,1763,
760,CRS3035RES1000mN2026000E3177000,1746,110.0
761,CRS3035RES1000mN2026000E3177000,11572165,
762,CRS3035RES1000mN2026000E3177000,1761,116.0
763,CRS3035RES1000mN2026000E3177000,1747,107.0
764,CRS3035RES1000mN2026000E3177000,5768564,
765,CRS3035RES1000mN2026000E3177000,1798,116.0
766,CRS3035RES1000mN2026000E3177000,66904,119.0
767,CRS3035RES1000mN2026000E3177000,1777,104.0
768,CRS3035RES1000mN2026000E3177000,1765,104.0
769,CRS3035RES1000mN2026000E3177000,49416,
770,CRS3035RES1000mN2026000E3177000,12734939,
771,CRS3035RES1000mN2026000E3177000,167386167,109.0
772,CRS3035RES1000mN2026000E3177000,295933804,
773,CRS3035RES1000mN2026000E3177000,303340017,
774,CRS3035RES1000mN2026000E3177000,315355551,
775,CRS3035RES1000mN2026000E3177000,339084977,
776,CRS3035RES1000mN2026000E3177000,412911553,114.0
777,CRS3035RES1000mN2026000E3177000,558126037,
778,CRS3035RES1000mN2026000E3177000,711789768,
779,CRS3035RES1000mN2026000E3177000,727666062,
780,CRS3035RES1000mN2026000E3177000,848085869,
781,CRS3035RES1000mN2026000E3177000,1056098898,118.0
782,CRS3035RES1000mN2026000E3177000,1255438242,
783,CRS3035RES1000mN2026000E3177000,1469985039,93.0
784,CRS3035RES1000mN2026000E3177000,1504302537,
785,CRS3035RES1000mN2026000E3177000,1511617504,
786,CRS3035RES1000mN2026000E3177000,1541601287,
787,CRS3035RES1000mN2026000E3177000,1544591296,
788,CRS3035RES1000mN2026000E3177000,1598174183,100.0
789,CRS3035RES1000mN2026000E3177000,1629887846,107.0
790,CRS3035RES1000mN2026000E3177000,1686660176,111.0
791,CRS3035RES1000mN2026000E3177000,1716927336,
792,CRS3035RES1000mN2026000E3177000,1734554324,119.0
793,CRS3035RES1000mN2026000E3177000,1849109335,
794,CRS3035RES1000mN2026000E3177000,2028408680,
795,CRS3035RES1000mN2026000E3177000,2036887702,
796,CRS3035RES1000mN2026000E3177000,2061404218,
797,CRS3035RES1000mN2026000E3177000,2134238030,114.0
798,CRS3035RES1000mN2026000E3177000,2261600754,
799,CRS3035RES1000mN2026000E3177000,2301402027,112.0
800,CRS3035RES1000mN2026000E3177000,2303966810,
801,CRS3035RES1000mN2026000E3177000,2312029862,105.0
802,CRS3035RES1000mN2026000E3177000,2408860250,
803,CRS3035RES1000mN2026000E3177000,2620185829,114.0
804,CRS3035RES1000mN2026000E3177000,2622508931,116.0
805,CRS3035RES1000mN2026000E3177000,2672130951,
806,CRS3035RES1000mN2026000E3177000,2710518818,
807,CRS3035RES1000mN2026000E3177000,3034026261,
808,CRS3035RES1000mN2026000E3177000,3179889751,
809,CRS3035RES1000mN2026000E3177000,3206611978,
810,CRS3035RES1000mN2026000E3177000,3272828439,
811,CRS3035RES1000mN2026000E3177000,3452364276,106.0
812,CRS3035RES1000mN2026000E3177000,3452364277,105.0
813,CRS3035RES1000mN2026000E3177000,3495733197,
814,CRS3035RES1000mN2026000E3177000,3497154853,
815,CRS3035RES1000mN2026000E3177000,3517755445,
816,CRS3035RES1000mN2026000E3177000,3522125657,
817,CRS3035RES1000mN2026000E3177000,3526751794,
818,CRS3035RES1000mN2026000E3177000,3839306060,107.0
819,CRS3035RES1000mN2026000E3177000,4214697664,
820,CRS3035RES1000mN2026000E3177000,4338252586,
821,CRS3035RES1000mN2026000E3177000,4401271633,
822,CRS3035RES1000mN2026000E3177000,4515476768,
823,CRS3035RES1000mN2026000E3177000,4569910891,112.0
824,CRS3035RES1000mN2026000E3177000,4703730491,
825,CRS3035RES1000mN2026000E3177000,4707870392,
826,CRS3035RES1000mN2026000E3177000,4789037769,
827,CRS3035RES1000mN2026000E3177000,4794233143,
828,CRS3035RES1000mN2026000E3177000,4870405674,
829,CRS3035RES1000mN2026000E3177000,5139379922,
830,CRS3035RES1000mN2026000E3177000,5160337425,113.0
831,CRS3035RES1000mN2026000E3177000,5196199575,
832,CRS3035RES1000mN2026000E3177000,5341570554,111.0
833,CRS3035RES1000mN2026000E3177000,5345949864,
834,CRS3035RES1000mN2026000E3177000,5448507385,
835,CRS3035RES1000mN2026000E3177000,5604693894,
836,CRS3035RES1000mN2026000E3177000,5670401989,
837,CRS3035RES1000mN2026000E3177000,5942671299,
838,CRS3035RES1000mN2026000E3177000,5943980960,
839,CRS3035RES1000mN2026000E3177000,6185791451,
840,CRS3035RES1000mN2026000E3177000,6188948286,118.0
841,CRS3035RES1000mN2026000E3177000,6555800191,
842,CRS3035RES1000mN2026000E3177000,6885254479,
843,CRS3035RES1000mN2026000E3177000,7222611268,
844,CRS3035RES1000mN2026000E3177000,7408961006,
845,CRS3035RES1000mN2026000E3177000,7619964683,
846,CRS3035RES1000mN2026000E3177000,7836562695,
847,CRS3035RES1000mN2026000E3177000,8493729364,119.0
848,CRS3035RES1000mN2026000E3177000,8557885377,
849,CRS3035RES1000mN2026000E3177000,8807212208,104.0
850,CRS3035RES1000mN2026000E3177000,8844229173,113.0
851,CRS3035RES1000mN2026000E3177000,8878422600,
852,CRS3035RES1000mN2026000E3177000,9595709188,111.0
853,CRS3035RES1000mN2026000E3177000,9611387099,
854,CRS3035RES1000mN2026000E3177000,9712656915,114.0
855,CRS3035RES1000mN2026000E3177000,9713142744,107.0
856,CRS3035RES1000mN2026000E3177000,9815746657,
857,CRS3035RES1000mN2026000E3177000,10004871512,103.0
858,CRS3035RES1000mN2026000E3177000,10281174134,
859,CRS3035RES1000mN2026000E3177000,10580337411,111.0
860,CRS3035RES1000mN2026000E3177000,10899442604,
861,CRS3035RES1000mN2026000E3177000,10922657146,
862,CRS3035RES1000mN2026000E3177000,11127499928,
863,CRS3035RES1000mN2026000E3177000,11143725881,
864,CRS3035RES1000mN2026000E3177000,11243087140,
865,CRS3035RES1000mN2026000E3177000,11269399969,
866,CRS3035RES1000mN2026000E3177000,11287269362,107.0
867,CRS3035RES1000mN2026000E3177000,11287269363,
868,CRS3035RES1000mN2026000E3177000,11369705764,117.0
869,CRS3035RES1000mN2026000E3177000,11387776374,
870,CRS3035RES1000mN2026000E3177000,11461799040,
871,CRS3035RES1000mN2026000E3177000,11462802981,105.0
872,CRS3035RES1000mN2026000E3177000,11652077658,
873,CRS3035RES1000mN2026000E3177000,11691390164,114.0
874,CRS3035RES1000mN2026000E3177000,11739757462,
875,CRS3035RES1000mN2026000E3177000,12178446726,
876,CRS3035RES1000mN2026000E3177000,12407425114,
877,CRS3035RES1000mN2026000E3177000,12865480228,108.0
878,CRS3035RES1000mN2026000E3177000,2960630,
879,CRS3035RES1000mN2026000E3177000,3554044,
880,CRS3035RES1000mN2026000E3177000,3557906,
881,CRS3035RES1000mN2026000E3177000,5231361,
882,CRS3035RES1000mN2026000E3177000,9314566,
883,CRS3035RES1000mN2026000E3177000,13696257,
884,CRS3035RES1000mN2026000E3177000,15996131,
885,CRS3035RES1000mN2026000E3177000,23526191,108.0
886,CRS3035RES1000mN2026000E3177000,23545719,119.0
887,CRS3035RES1000mN2026000E3177000,30599279,
888,CRS3035RES1000mN2026000E3177000,30649229,
889,CRS3035RES1000mN2026000E3177000,32198651,
890,CRS3035RES1000mN2026000E3177000,34945111,
891,CRS3035RES1000mN2026000E3177000,50170625,
892,CRS3035RES1000mN2026000E3177000,82887228,
893,CRS3035RES1000mN2026000E3177000,92484952,
894,CRS3035RES1000mN2026000E3177000,95794713,
895,CRS3035RES1000mN2026000E3177000,96418670,
896,CRS3035RES1000mN2026000E3177000,98502686,
897,CRS3035RES1000mN2026000E3177000,132613257,112.0
898,CRS3035RES1000mN2026000E3177000,135036040,79.0
899,CRS3035RES1000mN2026000E3177000,150772489,119.0
900,CRS3035RES1000mN2026000E3177000,154118456,
901,CRS3035RES1000mN2026000E3177000,157375776,118.0
902,CRS3035RES1000mN2026000E3177000,158211204,
903,CRS3035RES1000mN2026000E3177000,162072415,
904,CRS3035RES1000mN2026000E3177000,162117720,
905,CRS3035RES1000mN2026000E3177000,170487273,113.0
906,CRS3035RES1000mN2026000E3177000,172686062,
907,CRS3035RES1000mN2026000E3177000,174318235,
908,CRS3035RES1000mN2026000E3177000,174318237,
909,CRS3035RES1000mN2026000E3177000,205060159,
910,CRS3035RES1000mN2026000E3177000,205757163,
911,CRS3035RES1000mN2026000E3177000,221095520,111.0
912,CRS3035RES1000mN2026000E3177000,224503374,106.0
913,CRS3035RES1000mN2026000E3177000,227333462,
914,CRS3035RES1000mN2026000E3177000,229117454,
915,CRS3035RES1000mN2026000E3177000,261460389,
916,CRS3035RES1000mN2026000E3177000,283450022,111.0
917,CRS3035RES1000mN2026000E3177000,288994040,118.0
918,CRS3035RES1000mN2026000E3177000,296744564,
919,CRS3035RES1000mN2026000E3177000,297526406,
920,CRS3035RES1000mN2026000E3177000,300709861,
921,CRS3035RES1000mN2026000E3177000,301444634,
922,CRS3035RES1000mN2026000E3177000,302721609,
923,CRS3035RES1000mN2026000E3177000,308195630,
924,CRS3035RES1000mN2026000E3177000,312777902,
925,CRS3035RES1000mN2026000E3177000,330154630,
926,CRS3035RES1000mN2026000E3177000,340205456,116.0
927,CRS3035RES1000mN2026000E3177000,367883612,
928,CRS3035RES1000mN2026000E3177000,368211943,
929,CRS3035RES1000mN2026000E3177000,374180360,107.0
930,CRS3035RES1000mN2026000E3177000,375369499,
931,CRS3035RES1000mN2026000E3177000,383494544,118.0
932,CRS3035RES1000mN2026000E3177000,384574591,
933,CRS3035RES1000mN2026000E3177000,403538322,
934,CRS3035RES1000mN2026000E3177000,403859503,114.0
935,CRS3035RES1000mN2026000E3177000,437050442,
936,CRS3035RES1000mN2026000E3177000,459881697,
937,CRS3035RES1000mN2026000E3177000,477278425,
938,CRS3035RES1000mN2026000E3177000,486879235,
939,CRS3035RES1000mN2026000E3177000,493748377,
940,CRS3035RES1000mN2026000E3177000,498234201,
941,CRS3035RES1000mN2026000E3177000,504315026,109.0
942,CRS3035RES1000mN2026000E3177000,548701490,
943,CRS3035RES1000mN2026000E3177000,574210084,
944,CRS3035RES1000mN2026000E3177000,576094143,
945,CRS3035RES1000mN2026000E3177000,584409067,
946,CRS3035RES1000mN2026000E3177000,635512756,
947,CRS3035RES1000mN2026000E3177000,638492224,105.0
948,CRS3035RES1000mN2026000E3177000,653913062,
949,CRS3035RES1000mN2026000E3177000,659866770,
950,CRS3035RES1000mN2026000E3177000,697717972,
951,CRS3035RES1000mN2026000E3177000,717194862,
952,CRS3035RES1000mN2026000E3177000,736899303,
953,CRS3035RES1000mN2026000E3177000,738042217,
954,CRS3035RES1000mN2026000E3177000,839611983,
955,CRS3035RES1000mN2026000E3177000,957893520,111.0
956,CRS3035RES1000mN2026000E3177000,963308110,84.0
957,CRS3035RES1000mN2026000E3177000,1073283182,
958,CRS3035RES1000mN2026000E3177000,1252864015,100.0
959,CRS3035RES1000mN2026000E3177000,1283203658,
960,CRS3035RES1000mN2026000E3178000,25526,
961,CRS3035RES1000mN2026000E3178000,1774,105.0
962,CRS3035RES1000mN2026000E3178000,1770,118.0
963,CRS3035RES1000mN2026000E3178000,1773,115.0
964,CRS3035RES1000mN2026000E3178000,1771,112.0
965,CRS3035RES1000mN2026000E3178000,123303,
966,CRS3035RES1000mN2026000E3178000,1764,104.0
967,CRS3035RES1000mN2026000E3178000,181101,118.0
968,CRS3035RES1000mN2026000E3178000,5765642,
969,CRS3035RES1000mN2026000E3178000,86719,
970,CRS3035RES1000mN2026000E3178000,1800,
971,CRS3035RES1000mN2026000E3178000,1757,
972,CRS3035RES1000mN2026000E3178000,1755,
973,CRS3035RES1000mN2026000E3178000,1882,111.0
974,CRS3035RES1000mN2026000E3178000,1745,95.0
975,CRS3035RES1000mN2026000E3178000,1794,102.0
976,CRS3035RES1000mN2026000E3178000,1762,97.0
977,CRS3035RES1000mN2026000E3178000,51188,108.0
978,CRS3035RES1000mN2026000E3178000,6893633,101.0
979,CRS3035RES1000mN2026000E3178000,167128,111.0
980,CRS3035RES1000mN2026000E3178000,1760,100.0
981,CRS3035RES1000mN2026000E3178000,12773298,
982,CRS3035RES1000mN2026000E3178000,1754,
983,CRS3035RES1000mN2026000E3178000,1748,118.0
984,CRS3035RES1000mN2026000E3178000,79941,99.0
985,CRS3035RES1000mN2026000E3178000,1750,111.0
986,CRS3035RES1000mN2026000E3178000,5975465,114.0
987,CRS3035RES1000mN2026000E3178000,115056,104.0
988,CRS3035RES1000mN2026000E3178000,1790,116.0
989,CRS3035RES1000mN2026000E3178000,1756,
990,CRS3035RES1000mN2026000E3178000,51849,109.0
991,CRS3035RES1000mN2026000E3178000,185595,107.0
992,CRS3035RES1000mN2026000E3178000,7697128,106.0
993,CRS3035RES1000mN2026000E3178000,10395362,
994,CRS3035RES1000mN2026000E3178000,1759,106.0
995,CRS3035RES1000mN2026000E3178000,1752,104.0
996,CRS3035RES1000mN2026000E3178000,186714,102.0
997,CRS3035RES1000mN2026000E3178000,1753,119.0
998,CRS3035RES1000mN2026000E3178000,1792,
999,CRS3035RES1000mN2026000E3178000,1763,
1000,CRS3035RES1000mN2026000E3178000,1746,112.0
1001,CRS3035RES1000mN2026000E3178000,11572165,
1002,CRS3035RES1000mN2026000E3178000,1761,114.0
1003,CRS3035RES1000mN2026000E3178000,1747,113.0
1004,CRS3035RES1000mN2026000E3178000,5768564,
1005,CRS3035RES1000mN2026000E3178000,1798,112.0
1006,CRS3035RES1000mN2026000E3178000,66904,115.0
1007,CRS3035RES1000mN2026000E3178000,1777,99.0
1008,CRS3035RES1000mN2026000E3178000,1765,100.0
1009,CRS3035RES1000mN2026000E3178000,49416,
1010,CRS3035RES1000mN2026000E3178000,12734939,
1011,CRS3035RES1000mN2026000E3178000,167386167,105.0
1012,CRS3035RES1000mN2026000E3178000,295933804,
1013,CRS3035RES1000mN2026000E3178000,303340017,117.0
1014,CRS3035RES1000mN2026000E3178000,315355551,
1015,CRS3035RES1000mN2026000E3178000,339084977,118.0
1016,CRS3035RES1000mN2026000E3178000,412911553,110.0
1017,CRS3035RES1000mN2026000E3178000,558126037,
1018,CRS3035RES1000mN2026000E3178000,711789768,
1019,CRS3035RES1000mN2026000E3178000,727666062,
1020,CRS3035RES1000mN2026000E3178000,848085869,
1021,CRS3035RES1000mN2026000E3178000,1056098898,112.0
1022,CRS3035RES1000mN2026000E3178000,1255438242,117.0
1023,CRS3035RES1000mN2026000E3178000,1469985039,106.0
1024,CRS3035RES1000mN2026000E3178000,1504302537,
1025,CRS3035RES1000mN2026000E3178000,1511617504,
1026,CRS3035RES1000mN2026000E3178000,1541601287,
1027,CRS3035RES1000mN2026000E3178000,1544591296,119.0
1028,CRS3035RES1000mN2026000E3178000,1598174183,93.0
1029,CRS3035RES1000mN2026000E3178000,1629887846,74.0
1030,CRS3035RES1000mN2026000E3178000,1686660176,107.0
1031,CRS3035RES1000mN2026000E3178000,1716927336,
1032,CRS3035RES1000mN2026000E3178000,1734554324,117.0
1033,CRS3035RES1000mN2026000E3178000,1849109335,
1034,CRS3035RES1000mN2026000E3178000,2028408680,
1035,CRS3035RES1000mN2026000E3178000,2036887702,
1036,CRS3035RES1000mN2026000E3178000,2061404218,
1037,CRS3035RES1000mN2026000E3178000,2134238030,112.0
1038,CRS3035RES1000mN2026000E3178000,2261600754,
1039,CRS3035RES1000mN2026000E3178000,2301402027,110.0
1040,CRS3035RES1000mN2026000E3178000,2303966810,
1041,CRS3035RES1000mN2026000E3178000,2312029862,93.0
1042,CRS3035RES1000mN2026000E3178000,2408860250,
1043,CRS3035RES1000mN2026000E3178000,2620185829,110.0
1044,CRS3035RES1000mN2026000E3178000,2622508931,110.0
1045,CRS3035RES1000mN2026000E3178000,2672130951,
1046,CRS3035RES1000mN2026000E3178000,2710518818,
1047,CRS3035RES1000mN2026000E3178000,3034026261,
1048,CRS3035RES1000mN2026000E3178000,3179889751,
1049,CRS3035RES1000mN2026000E3178000,3206611978,
1050,CRS3035RES1000mN2026000E3178000,3272828439,
1051,CRS3035RES1000mN2026000E3178000,3452364276,107.0
1052,CRS3035RES1000mN2026000E3178000,3452364277,101.0
1053,CRS3035RES1000mN2026000E3178000,3495733197,
1054,CRS3035RES1000mN2026000E3178000,3497154853,
1055,CRS3035RES1000mN2026000E3178000,3517755445,
1056,CRS3035RES1000mN2026000E3178000,3522125657,
1057,CRS3035RES1000mN2026000E3178000,3526751794,
1058,CRS3035RES1000mN2026000E3178000,3839306060,105.0
1059,CRS3035RES1000mN2026000E3178000,4214697664,118.0
1060,CRS3035RES1000mN2026000E3178000,4338252586,
1061,CRS3035RES1000mN2026000E3178000,4401271633,
1062,CRS3035RES1000mN2026000E3178000,4515476768,
1063,CRS3035RES1000mN2026000E3178000,4569910891,108.0
1064,CRS3035RES1000mN2026000E3178000,4703730491,
1065,CRS3035RES1000mN2026000E3178000,4707870392,
1066,CRS3035RES1000mN2026000E3178000,4789037769,
1067,CRS3035RES1000mN2026000E3178000,4794233143,
1068,CRS3035RES1000mN2026000E3178000,4870405674,
1069,CRS3035RES1000mN2026000E3178000,5139379922,
1070,CRS3035RES1000mN2026000E3178000,5160337425,109.0
1071,CRS3035RES1000mN2026000E3178000,5196199575,
1072,CRS3035RES1000mN2026000E3178000,5341570554,107.0
1073,CRS3035RES1000mN2026000E3178000,5345949864,
1074,CRS3035RES1000mN2026000E3178000,5448507385,
1075,CRS3035RES1000mN2026000E3178000,5604693894,
1076,CRS3035RES1000mN2026000E3178000,5670401989,
1077,CRS3035RES1000mN2026000E3178000,5942671299,
1078,CRS3035RES1000mN2026000E3178000,5943980960,
1079,CRS3035RES1000mN2026000E3178000,6185791451,
1080,CRS3035RES1000mN2026000E3178000,6188948286,
1081,CRS3035RES1000mN2026000E3178000,6555800191,
1082,CRS3035RES1000mN2026000E3178000,6885254479,
1083,CRS3035RES1000mN2026000E3178000,7222611268,
1084,CRS3035RES1000mN2026000E3178000,7408961006,
1085,CRS3035RES1000mN2026000E3178000,7619964683,
1086,CRS3035RES1000mN2026000E3178000,7836562695,
1087,CRS3035RES1000mN2026000E3178000,8493729364,115.0
1088,CRS3035RES1000mN2026000E3178000,8557885377,
1089,CRS3035RES1000mN2026000E3178000,8807212208,98.0
1090,CRS3035RES1000mN2026000E3178000,8844229173,109.0
1091,CRS3035RES1000mN2026000E3178000,8878422600,
1092,CRS3035RES1000mN2026000E3178000,9595709188,107.0
1093,CRS3035RES1000mN2026000E3178000,9611387099,
1094,CRS3035RES1000mN2026000E3178000,9712656915,110.0
1095,CRS3035RES1000mN2026000E3178000,9713142744,102.0
1096,CRS3035RES1000mN2026000E3178000,9815746657,
1097,CRS3035RES1000mN2026000E3178000,10004871512,97.0
1098,CRS3035RES1000mN2026000E3178000,10281174134,
1099,CRS3035RES1000mN2026000E3178000,10580337411,109.0
1100,CRS3035RES1000mN2026000E3178000,10899442604,
1101,CRS3035RES1000mN2026000E3178000,10922657146,
1102,CRS3035RES1000mN2026000E3178000,11127499928,
1103,CRS3035RES1000mN2026000E3178000,11143725881,
1104,CRS3035RES1000mN2026000E3178000,11243087140,119.0
1105,CRS3035RES1000mN2026000E3178000,11269399969,
1106,CRS3035RES1000mN2026000E3178000,11287269362,88.0
1107,CRS3035RES1000mN2026000E3178000,11287269363,
1108,CRS3035RES1000mN2026000E3178000,11369705764,115.0
1109,CRS3035RES1000mN2026000E3178000,11387776374,
1110,CRS3035RES1000mN2026000E3178000,11461799040,
1111,CRS3035RES1000mN2026000E3178000,11462802981,110.0
1112,CRS3035RES1000mN2026000E3178000,11652077658,
1113,CRS3035RES1000mN2026000E3178000,11691390164,109.0
1114,CRS3035RES1000mN2026000E3178000,11739757462,
1115,CRS3035RES1000mN2026000E3178000,12178446726,
1116,CRS3035RES1000mN2026000E3178000,12407425114,
1117,CRS3035RES1000mN2026000E3178000,12865480228,106.0
1118,CRS3035RES1000mN2026000E3178000,2960630,
1119,CRS3035RES1000mN2026000E3178000,3554044,
1120,CRS3035RES1000mN2026000E3178000,3557906,
1121,CRS3035RES1000mN2026000E3178000,5231361,117.0
1122,CRS3035RES1000mN2026000E3178000,9314566,
1123,CRS3035RES1000mN2026000E3178000,13696257,
1124,CRS3035RES1000mN2026000E3178000,15996131,119.0
1125,CRS3035RES1000mN2026000E3178000,23526191,103.0
1126,CRS3035RES1000mN2026000E3178000,23545719,115.0
1127,CRS3035RES1000mN2026000E3178000,30599279,
1128,CRS3035RES1000mN2026000E3178000,30649229,116.0
1129,CRS3035RES1000mN2026000E3178000,32198651,
1130,CRS3035RES1000mN2026000E3178000,34945111,
1131,CRS3035RES1000mN2026000E3178000,50170625,
1132,CRS3035RES1000mN2026000E3178000,82887228,
1133,CRS3035RES1000mN2026000E3178000,92484952,
1134,CRS3035RES1000mN2026000E3178000,95794713,118.0
1135,CRS3035RES1000mN2026000E3178000,96418670,
1136,CRS3035RES1000mN2026000E3178000,98502686,118.0
1137,CRS3035RES1000mN2026000E3178000,132613257,117.0
1138,CRS3035RES1000mN2026000E3178000,135036040,92.0
1139,CRS3035RES1000mN2026000E3178000,150772489,114.0
1140,CRS3035RES1000mN2026000E3178000,154118456,
1141,CRS3035RES1000mN2026000E3178000,157375776,114.0
1142,CRS3035RES1000mN2026000E3178000,158211204,
1143,CRS3035RES1000mN2026000E3178000,162072415,
1144,CRS3035RES1000mN2026000E3178000,162117720,
1145,CRS3035RES1000mN2026000E3178000,170487273,90.0
1146,CRS3035RES1000mN2026000E3178000,172686062,
1147,CRS3035RES1000mN2026000E3178000,174318235,
1148,CRS3035RES1000mN2026000E3178000,174318237,
1149,CRS3035RES1000mN2026000E3178000,205060159,
1150,CRS3035RES1000mN2026000E3178000,205757163,
1151,CRS3035RES1000mN2026000E3178000,221095520,109.0
1152,CRS3035RES1000mN2026000E3178000,224503374,102.0
1153,CRS3035RES1000mN2026000E3178000,227333462,117.0
1154,CRS3035RES1000mN2026000E3178000,229117454,119.0
1155,CRS3035RES1000mN2026000E3178000,261460389,
1156,CRS3035RES1000mN2026000E3178000,283450022,106.0
1157,CRS3035RES1000mN2026000E3178000,288994040,115.0
1158,CRS3035RES1000mN2026000E3178000,296744564,119.0
1159,CRS3035RES1000mN2026000E3178000,297526406,
1160,CRS3035RES1000mN2026000E3178000,300709861,
1161,CRS3035RES1000mN2026000E3178000,301444634,
1162,CRS3035RES1000mN2026000E3178000,302721609,
1163,CRS3035RES1000mN2026000E3178000,308195630,
1164,CRS3035RES1000mN2026000E3178000,312777902,
1165,CRS3035RES1000mN2026000E3178000,330154630,
1166,CRS3035RES1000mN2026000E3178000,340205456,112.0
1167,CRS3035RES1000mN2026000E3178000,367883612,
1168,CRS3035RES1000mN2026000E3178000,368211943,
1169,CRS3035RES1000mN2026000E3178000,374180360,105.0
1170,CRS3035RES1000mN2026000E3178000,375369499,
1171,CRS3035RES1000mN2026000E3178000,383494544,114.0
1172,CRS3035RES1000mN2026000E3178000,384574591,
1173,CRS3035RES1000mN2026000E3178000,403538322,92.0
1174,CRS3035RES1000mN2026000E3178000,403859503,109.0
1175,CRS3035RES1000mN2026000E3178000,437050442,
1176,CRS3035RES1000mN2026000E3178000,459881697,118.0
1177,CRS3035RES1000mN2026000E3178000,477278425,113.0
1178,CRS3035RES1000mN2026000E3178000,486879235,
1179,CRS3035RES1000mN2026000E3178000,493748377,
1180,CRS3035RES1000mN2026000E3178000,498234201,
1181,CRS3035RES1000mN2026000E3178000,504315026,107.0
1182,CRS3035RES1000mN2026000E3178000,548701490,
1183,CRS3035RES1000mN2026000E3178000,574210084,
1184,CRS3035RES1000mN2026000E3178000,576094143,
1185,CRS3035RES1000mN2026000E3178000,584409067,
1186,CRS3035RES1000mN2026000E3178000,635512756,
1187,CRS3035RES1000mN2026000E3178000,638492224,64.0
1188,CRS3035RES1000mN2026000E3178000,653913062,
1189,CRS3035RES1000mN2026000E3178000,659866770,
1190,CRS3035RES1000mN2026000E3178000,697717972,
1191,CRS3035RES1000mN2026000E3178000,717194862,
1192,CRS3035RES1000mN2026000E3178000,736899303,
1193,CRS3035RES1000mN2026000E3178000,738042217,
1194,CRS3035RES1000mN2026000E3178000,839611983,
1195,CRS3035RES1000mN2026000E3178000,957893520,107.0
1196,CRS3035RES1000mN2026000E3178000,963308110,97.0
1197,CRS3035RES1000mN2026000E3178000,1073283182,
1198,CRS3035RES1000mN2026000E3178000,1252864015,94.0
1199,CRS3035RES1000mN2026000E3178000,1283203658,
1200,CRS3035RES1000mN2026000E3179000,25526,
1201,CRS3035RES1000mN2026000E3179000,1774,105.0
1202,CRS3035RES1000mN2026000E3179000,1770,118.0
1203,CRS3035RES1000mN2026000E3179000,1773,113.0
1204,CRS3035RES1000mN2026000E3179000,1771,111.0
1205,CRS3035RES1000mN2026000E3179000,123303,
1206,CRS3035RES1000mN2026000E3179000,1764,104.0
1207,CRS3035RES1000mN2026000E3179000,181101,116.0
1208,CRS3035RES1000mN2026000E3179000,5765642,
1209,CRS3035RES1000mN2026000E3179000,86719,
1210,CRS3035RES1000mN2026000E3179000,1800,118.0
1211,CRS3035RES1000mN2026000E3179000,1757,
1212,CRS3035RES1000mN2026000E3179000,1755,
1213,CRS3035RES1000mN2026000E3179000,1882,111.0
1214,CRS3035RES1000mN2026000E3179000,1745,95.0
1215,CRS3035RES1000mN2026000E3179000,1794,102.0
1216,CRS3035RES1000mN2026000E3179000,1762,97.0
1217,CRS3035RES1000mN2026000E3179000,51188,107.0
1218,CRS3035RES1000mN2026000E3179000,6893633,100.0
1219,CRS3035RES1000mN2026000E3179000,167128,108.0
1220,CRS3035RES1000mN2026000E3179000,1760,100.0
1221,CRS3035RES1000mN2026000E3179000,12773298,
1222,CRS3035RES1000mN2026000E3179000,1754,
1223,CRS3035RES1000mN2026000E3179000,1748,114.0
1224,CRS3035RES1000mN2026000E3179000,79941,99.0
1225,CRS3035RES1000mN2026000E3179000,1750,111.0
1226,CRS3035RES1000mN2026000E3179000,5975465,113.0
1227,CRS3035RES1000mN2026000E3179000,115056,102.0
1228,CRS3035RES1000mN2026000E3179000,1790,116.0
1229,CRS3035RES1000mN2026000E3179000,1756,
1230,CRS3035RES1000mN2026000E3179000,51849,109.0
1231,CRS3035RES1000mN2026000E3179000,185595,107.0
1232,CRS3035RES1000mN2026000E3179000,7697128,105.0
1233,CRS3035RES1000mN2026000E3179000,10395362,
1234,CRS3035RES1000mN2026000E3179000,1759,106.0
1235,CRS3035RES1000mN2026000E3179000,1752,103.0
1236,CRS3035RES1000mN2026000E3179000,186714,103.0
1237,CRS3035RES1000mN2026000E3179000,1753,117.0
1238,CRS3035RES1000mN2026000E3179000,1792,116.0
1239,CRS3035RES1000mN2026000E3179000,1763,
1240,CRS3035RES1000mN2026000E3179000,1746,110.0
1241,CRS3035RES1000mN2026000E3179000,11572165,
1242,CRS3035RES1000mN2026000E3179000,1761,114.0
1243,CRS3035RES1000mN2026000E3179000,1747,109.0
1244,CRS3035RES1000mN2026000E3179000,5768564,
1245,CRS3035RES1000mN2026000E3179000,1798,112.0
1246,CRS3035RES1000mN2026000E3179000,66904,115.0
1247,CRS3035RES1000mN2026000E3179000,1777,99.0
1248,CRS3035RES1000mN2026000E3179000,1765,100.0
1249,CRS3035RES1000mN2026000E3179000,49416,
1250,CRS3035RES1000mN2026000E3179000,12734939,
1251,CRS3035RES1000mN2026000E3179000,167386167,103.0
1252,CRS3035RES1000mN2026000E3179000,295933804,
1253,CRS3035RES1000mN2026000E3179000,303340017,117.0
1254,CRS3035RES1000mN2026000E3179000,315355551,
1255,CRS3035RES1000mN2026000E3179000,339084977,117.0
1256,CRS3035RES1000mN2026000E3179000,412911553,109.0
1257,CRS3035RES1000mN2026000E3179000,558126037,
1258,CRS3035RES1000mN2026000E3179000,711789768,
1259,CRS3035RES1000mN2026000E3179000,727666062,
1260,CRS3035RES1000mN2026000E3179000,848085869,
1261,CRS3035RES1000mN2026000E3179000,1056098898,113.0
1262,CRS3035RES1000mN2026000E3179000,1255438242,117.0
1263,CRS3035RES1000mN2026000E3179000,1469985039,95.0
1264,CRS3035RES1000mN2026000E3179000,1504302537,
1265,CRS3035RES1000mN2026000E3179000,1511617504,
1266,CRS3035RES1000mN2026000E3179000,1541601287,
1267,CRS3035RES1000mN2026000E3179000,1544591296,119.0
1268,CRS3035RES1000mN2026000E3179000,1598174183,93.0
1269,CRS3035RES1000mN2026000E3179000,1629887846,71.0
1270,CRS3035RES1000mN2026000E3179000,1686660176,107.0
1271,CRS3035RES1000mN2026000E3179000,1716927336,
1272,CRS3035RES1000mN2026000E3179000,1734554324,117.0
1273,CRS3035RES1000mN2026000E3179000,1849109335,
1274,CRS3035RES1000mN2026000E3179000,2028408680,
1275,CRS3035RES1000mN2026000E3179000,2036887702,
1276,CRS3035RES1000mN2026000E3179000,2061404218,
1277,CRS3035RES1000mN2026000E3179000,2134238030,112.0
1278,CRS3035RES1000mN2026000E3179000,2261600754,
1279,CRS3035RES1000mN2026000E3179000,2301402027,108.0
1280,CRS3035RES1000mN2026000E3179000,2303966810,
1281,CRS3035RES1000mN2026000E3179000,2312029862,93.0
1282,CRS3035RES1000mN2026000E3179000,2408860250,
1283,CRS3035RES1000mN2026000E3179000,2620185829,110.0
1284,CRS3035RES1000mN2026000E3179000,2622508931,111.0
1285,CRS3035RES1000mN2026000E3179000,2672130951,
1286,CRS3035RES1000mN2026000E3179000,2710518818,
1287,CRS3035RES1000mN2026000E3179000,3034026261,
1288,CRS3035RES1000mN2026000E3179000,3179889751,
1289,CRS3035RES1000mN2026000E3179000,3206611978,
1290,CRS3035RES1000mN2026000E3179000,3272828439,
1291,CRS3035RES1000mN2026000E3179000,3452364276,105.0
1292,CRS3035RES1000mN2026000E3179000,3452364277,101.0
1293,CRS3035RES1000mN2026000E3179000,3495733197,
1294,CRS3035RES1000mN2026000E3179000,3497154853,
1295,CRS3035RES1000mN2026000E3179000,3517755445,
1296,CRS3035RES1000mN2026000E3179000,3522125657,
1297,CRS3035RES1000mN2026000E3179000,3526751794,
1298,CRS3035RES1000mN2026000E3179000,3839306060,105.0
1299,CRS3035RES1000mN2026000E3179000,4214697664,119.0
1300,CRS3035RES1000mN2026000E3179000,4338252586,
1301,CRS3035RES1000mN2026000E3179000,4401271633,
1302,CRS3035RES1000mN2026000E3179000,4515476768,
1303,CRS3035RES1000mN2026000E3179000,4569910891,107.0
1304,CRS3035RES1000mN2026000E3179000,4703730491,
1305,CRS3035RES1000mN2026000E3179000,4707870392,
1306,CRS3035RES1000mN2026000E3179000,4789037769,
1307,CRS3035RES1000mN2026000E3179000,4794233143,
1308,CRS3035RES1000mN2026000E3179000,4870405674,
1309,CRS3035RES1000mN2026000E3179000,5139379922,
1310,CRS3035RES1000mN2026000E3179000,5160337425,109.0
1311,CRS3035RES1000mN2026000E3179000,5196199575,
1312,CRS3035RES1000mN2026000E3179000,5341570554,107.0
1313,CRS3035RES1000mN2026000E3179000,5345949864,
1314,CRS3035RES1000mN2026000E3179000,5448507385,
1315,CRS3035RES1000mN2026000E3179000,5604693894,
1316,CRS3035RES1000mN2026000E3179000,5670401989,
1317,CRS3035RES1000mN2026000E3179000,5942671299,
1318,CRS3035RES1000mN2026000E3179000,5943980960,
1319,CRS3035RES1000mN2026000E3179000,6185791451,
1320,CRS3035RES1000mN2026000E3179000,6188948286,
1321,CRS3035RES1000mN2026000E3179000,6555800191,
1322,CRS3035RES1000mN2026000E3179000,6885254479,
1323,CRS3035RES1000mN2026000E3179000,7222611268,101.0
1324,CRS3035RES1000mN2026000E3179000,7408961006,
1325,CRS3035RES1000mN2026000E3179000,7619964683,
1326,CRS3035RES1000mN2026000E3179000,7836562695,
1327,CRS3035RES1000mN2026000E3179000,8493729364,114.0
1328,CRS3035RES1000mN2026000E3179000,8557885377,
1329,CRS3035RES1000mN2026000E3179000,8807212208,99.0
1330,CRS3035RES1000mN2026000E3179000,8844229173,109.0
1331,CRS3035RES1000mN2026000E3179000,8878422600,
1332,CRS3035RES1000mN2026000E3179000,9595709188,107.0
1333,CRS3035RES1000mN2026000E3179000,9611387099,
1334,CRS3035RES1000mN2026000E3179000,9712656915,109.0
1335,CRS3035RES1000mN2026000E3179000,9713142744,102.0
1336,CRS3035RES1000mN2026000E3179000,9815746657,
1337,CRS3035RES1000mN2026000E3179000,10004871512,94.0
1338,CRS3035RES1000mN2026000E3179000,10281174134,
1339,CRS3035RES1000mN2026000E3179000,10580337411,109.0
1340,CRS3035RES1000mN2026000E3179000,10899442604,
1341,CRS3035RES1000mN2026000E3179000,10922657146,
1342,CRS3035RES1000mN2026000E3179000,11127499928,
1343,CRS3035RES1000mN2026000E3179000,11143725881,
1344,CRS3035RES1000mN2026000E3179000,11243087140,119.0
1345,CRS3035RES1000mN2026000E3179000,11269399969,
1346,CRS3035RES1000mN2026000E3179000,11287269362,84.0
1347,CRS3035RES1000mN2026000E3179000,11287269363,
1348,CRS3035RES1000mN2026000E3179000,11369705764,106.0
1349,CRS3035RES1000mN2026000E3179000,11387776374,
1350,CRS3035RES1000mN2026000E3179000,11461799040,
1351,CRS3035RES1000mN2026000E3179000,11462802981,107.0
1352,CRS3035RES1000mN2026000E3179000,11652077658,
1353,CRS3035RES1000mN2026000E3179000,11691390164,109.0
1354,CRS3035RES1000mN2026000E3179000,11739757462,
1355,CRS3035RES1000mN2026000E3179000,12178446726,
1356,CRS3035RES1000mN2026000E3179000,12407425114,
1357,CRS3035RES1000mN2026000E3179000,12865480228,106.0
1358,CRS3035RES1000mN2026000E3179000,2960630,
1359,CRS3035RES1000mN2026000E3179000,3554044,
1360,CRS3035RES1000mN2026000E3179000,3557906,
1361,CRS3035RES1000mN2026000E3179000,5231361,117.0
1362,CRS3035RES1000mN2026000E3179000,9314566,
1363,CRS3035RES1000mN2026000E3179000,13696257,
1364,CRS3035RES1000mN2026000E3179000,15996131,118.0
1365,CRS3035RES1000mN2026000E3179000,23526191,104.0
1366,CRS3035RES1000mN2026000E3179000,23545719,115.0
1367,CRS3035RES1000mN2026000E3179000,30599279,
1368,CRS3035RES1000mN2026000E3179000,30649229,116.0
1369,CRS3035RES1000mN2026000E3179000,32198651,
1370,CRS3035RES1000mN2026000E3179000,34945111,
1371,CRS3035RES1000mN2026000E3179000,50170625,
1372,CRS3035RES1000mN2026000E3179000,82887228,
1373,CRS3035RES1000mN2026000E3179000,92484952,
1374,CRS3035RES1000mN2026000E3179000,95794713,117.0
1375,CRS3035RES1000mN2026000E3179000,96418670,
1376,CRS3035RES1000mN2026000E3179000,98502686,118.0
1377,CRS3035RES1000mN2026000E3179000,132613257,114.0
1378,CRS3035RES1000mN2026000E3179000,135036040,80.0
1379,CRS3035RES1000mN2026000E3179000,150772489,114.0
1380,CRS3035RES1000mN2026000E3179000,154118456,
1381,CRS3035RES1000mN2026000E3179000,157375776,114.0
1382,CRS3035RES1000mN2026000E3179000,158211204,
1383,CRS3035RES1000mN2026000E3179000,162072415,
1384,CRS3035RES1000mN2026000E3179000,162117720,
1385,CRS3035RES1000mN2026000E3179000,170487273,76.0
1386,CRS3035RES1000mN2026000E3179000,172686062,
1387,CRS3035RES1000mN2026000E3179000,174318235,
1388,CRS3035RES1000mN2026000E3179000,174318237,
1389,CRS3035RES1000mN2026000E3179000,205060159,
1390,CRS3035RES1000mN2026000E3179000,205757163,
1391,CRS3035RES1000mN2026000E3179000,221095520,108.0
1392,CRS3035RES1000mN2026000E3179000,224503374,102.0
1393,CRS3035RES1000mN2026000E3179000,227333462,117.0
1394,CRS3035RES1000mN2026000E3179000,229117454,119.0
1395,CRS3035RES1000mN2026000E3179000,261460389,
1396,CRS3035RES1000mN2026000E3179000,283450022,107.0
1397,CRS3035RES1000mN2026000E3179000,288994040,114.0
1398,CRS3035RES1000mN2026000E3179000,296744564,119.0
1399,CRS3035RES1000mN2026000E3179000,297526406,
1400,CRS3035RES1000mN2026000E3179000,300709861,
1401,CRS3035RES1000mN2026000E3179000,301444634,
1402,CRS3035RES1000mN2026000E3179000,302721609,
1403,CRS3035RES1000mN2026000E3179000,308195630,
1404,CRS3035RES1000mN2026000E3179000,312777902,
1405,CRS3035RES1000mN2026000E3179000,330154630,
1406,CRS3035RES1000mN2026000E3179000,340205456,112.0
1407,CRS3035RES1000mN2026000E3179000,367883612,
1408,CRS3035RES1000mN2026000E3179000,368211943,
1409,CRS3035RES1000mN2026000E3179000,374180360,105.0
1410,CRS3035RES1000mN2026000E3179000,375369499,
1411,CRS3035RES1000mN2026000E3179000,383494544,114.0
1412,CRS3035RES1000mN2026000E3179000,384574591,
1413,CRS3035RES1000mN2026000E3179000,403538322,73.0
1414,CRS3035RES1000mN2026000E3179000,403859503,109.0
1415,CRS3035RES1000mN2026000E3179000,437050442,
1416,CRS3035RES1000mN2026000E3179000,459881697,118.0
1417,CRS3035RES1000mN2026000E3179000,477278425,92.0
1418,CRS3035RES1000mN2026000E3179000,486879235,
1419,CRS3035RES1000mN2026000E3179000,493748377,
1420,CRS3035RES1000mN2026000E3179000,498234201,
1421,CRS3035RES1000mN2026000E3179000,504315026,107.0
1422,CRS3035RES1000mN2026000E3179000,548701490,
1423,CRS3035RES1000mN2026000E3179000,574210084,
1424,CRS3035RES1000mN2026000E3179000,576094143,
1425,CRS3035RES1000mN2026000E3179000,584409067,
1426,CRS3035RES1000mN2026000E3179000,635512756,
1427,CRS3035RES1000mN2026000E3179000,638492224,58.0
1428,CRS3035RES1000mN2026000E3179000,653913062,
1429,CRS3035RES1000mN2026000E3179000,659866770,
1430,CRS3035RES1000mN2026000E3179000,697717972,
1431,CRS3035RES1000mN2026000E3179000,717194862,
1432,CRS3035RES1000mN2026000E3179000,736899303,
1433,CRS3035RES1000mN2026000E3179000,738042217,
1434,CRS3035RES1000mN2026000E3179000,839611983,
1435,CRS3035RES1000mN2026000E3179000,957893520,107.0
1436,CRS3035RES1000mN2026000E3179000,963308110,86.0
1437,CRS3035RES1000mN2026000E3179000,1073283182,
1438,CRS3035RES1000mN2026000E3179000,1252864015,91.0
1439,CRS3035RES1000mN2026000E3179000,1283203658,
1440,CRS3035RES1000mN2026000E3181000,25526,
1441,CRS3035RES1000mN2026000E3181000,1774,100.0
1442,CRS3035RES1000mN2026000E3181000,1770,108.0
1443,CRS3035RES1000mN2026000E3181000,1773,105.0
1444,CRS3035RES1000mN2026000E3181000,1771,105.0
1445,CRS3035RES1000mN2026000E3181000,123303,119.0
1446,CRS3035RES1000mN2026000E3181000,1764,98.0
1447,CRS3035RES1000mN2026000E3181000,181101,96.0
1448,CRS3035RES1000mN2026000E3181000,5765642,
1449,CRS3035RES1000mN2026000E3181000,86719,
1450,CRS3035RES1000mN2026000E3181000,1800,100.0
1451,CRS3035RES1000mN2026000E3181000,1757,118.0
1452,CRS3035RES1000mN2026000E3181000,1755,118.0
1453,CRS3035RES1000mN2026000E3181000,1882,104.0
1454,CRS3035RES1000mN2026000E3181000,1745,81.0
1455,CRS3035RES1000mN2026000E3181000,1794,87.0
1456,CRS3035RES1000mN2026000E3181000,1762,91.0
1457,CRS3035RES1000mN2026000E3181000,51188,101.0
1458,CRS3035RES1000mN2026000E3181000,6893633,95.0
1459,CRS3035RES1000mN2026000E3181000,167128,90.0
1460,CRS3035RES1000mN2026000E3181000,1760,94.0
1461,CRS3035RES1000mN2026000E3181000,12773298,116.0
1462,CRS3035RES1000mN2026000E3181000,1754,
1463,CRS3035RES1000mN2026000E3181000,1748,94.0
1464,CRS3035RES1000mN2026000E3181000,79941,80.0
1465,CRS3035RES1000mN2026000E3181000,1750,101.0
1466,CRS3035RES1000mN2026000E3181000,5975465,108.0
1467,CRS3035RES1000mN2026000E3181000,115056,93.0
1468,CRS3035RES1000mN2026000E3181000,1790,109.0
1469,CRS3035RES1000mN2026000E3181000,1756,
1470,CRS3035RES1000mN2026000E3181000,51849,98.0
1471,CRS3035RES1000mN2026000E3181000,185595,101.0
1472,CRS3035RES1000mN2026000E3181000,7697128,99.0
1473,CRS3035RES1000mN2026000E3181000,10395362,118.0
1474,CRS3035RES1000mN2026000E3181000,1759,100.0
1475,CRS3035RES1000mN2026000E3181000,1752,97.0
1476,CRS3035RES1000mN2026000E3181000,186714,95.0
1477,CRS3035RES1000mN2026000E3181000,1753,101.0
1478,CRS3035RES1000mN2026000E3181000,1792,97.0
1479,CRS3035RES1000mN2026000E3181000,1763,117.0
1480,CRS3035RES1000mN2026000E3181000,1746,100.0
1481,CRS3035RES1000mN2026000E3181000,11572165,118.0
1482,CRS3035RES1000mN2026000E3181000,1761,103.0
1483,CRS3035RES1000mN2026000E3181000,1747,89.0
1484,CRS3035RES1000mN2026000E3181000,5768564,
1485,CRS3035RES1000mN2026000E3181000,1798,105.0
1486,CRS3035RES1000mN2026000E3181000,66904,109.0
1487,CRS3035RES1000mN2026000E3181000,1777,94.0
1488,CRS3035RES1000mN2026000E3181000,1765,93.0
1489,CRS3035RES1000mN2026000E3181000,49416,102.0
1490,CRS3035RES1000mN2026000E3181000,12734939,102.0
1491,CRS3035RES1000mN2026000E3181000,167386167,98.0
1492,CRS3035RES1000mN2026000E3181000,295933804,
1493,CRS3035RES1000mN2026000E3181000,303340017,117.0
1494,CRS3035RES1000mN2026000E3181000,315355551,
1495,CRS3035RES1000mN2026000E3181000,339084977,112.0
1496,CRS3035RES1000mN2026000E3181000,412911553,104.0
1497,CRS3035RES1000mN2026000E3181000,558126037,
1498,CRS3035RES1000mN2026000E3181000,711789768,
1499,CRS3035RES1000mN2026000E3181000,727666062,
1500,CRS3035RES1000mN2026000E3181000,848085869,
1501,CRS3035RES1000mN2026000E3181000,1056098898,106.0
1502,CRS3035RES1000mN2026000E3181000,1255438242,91.0
1503,CRS3035RES1000mN2026000E3181000,1469985039,87.0
1504,CRS3035RES1000mN2026000E3181000,1504302537,62.0
1505,CRS3035RES1000mN2026000E3181000,1511617504,
1506,CRS3035RES1000mN2026000E3181000,1541601287,
1507,CRS3035RES1000mN2026000E3181000,1544591296,105.0
1508,CRS3035RES1000mN2026000E3181000,1598174183,69.0
1509,CRS3035RES1000mN2026000E3181000,1629887846,58.0
1510,CRS3035RES1000mN2026000E3181000,1686660176,92.0
1511,CRS3035RES1000mN2026000E3181000,1716927336,
1512,CRS3035RES1000mN2026000E3181000,1734554324,92.0
1513,CRS3035RES1000mN2026000E3181000,1849109335,
1514,CRS3035RES1000mN2026000E3181000,2028408680,
1515,CRS3035RES1000mN2026000E3181000,2036887702,87.0
1516,CRS3035RES1000mN2026000E3181000,2061404218,110.0
1517,CRS3035RES1000mN2026000E3181000,2134238030,94.0
1518,CRS3035RES1000mN2026000E3181000,2261600754,
1519,CRS3035RES1000mN2026000E3181000,2301402027,99.0
1520,CRS3035RES1000mN2026000E3181000,2303966810,
1521,CRS3035RES1000mN2026000E3181000,2312029862,64.0
1522,CRS3035RES1000mN2026000E3181000,2408860250,
1523,CRS3035RES1000mN2026000E3181000,2620185829,105.0
1524,CRS3035RES1000mN2026000E3181000,2622508931,104.0
1525,CRS3035RES1000mN2026000E3181000,2672130951,
1526,CRS3035RES1000mN2026000E3181000,2710518818,74.0
1527,CRS3035RES1000mN2026000E3181000,3034026261,
1528,CRS3035RES1000mN2026000E3181000,3179889751,
1529,CRS3035RES1000mN2026000E3181000,3206611978,
1530,CRS3035RES1000mN2026000E3181000,3272828439,
1531,CRS3035RES1000mN2026000E3181000,3452364276,92.0
1532,CRS3035RES1000mN2026000E3181000,3452364277,95.0
1533,CRS3035RES1000mN2026000E3181000,3495733197,
1534,CRS3035RES1000mN2026000E3181000,3497154853,
1535,CRS3035RES1000mN2026000E3181000,3517755445,
1536,CRS3035RES1000mN2026000E3181000,3522125657,
1537,CRS3035RES1000mN2026000E3181000,3526751794,
1538,CRS3035RES1000mN2026000E3181000,3839306060,90.0
1539,CRS3035RES1000mN2026000E3181000,4214697664,112.0
1540,CRS3035RES1000mN2026000E3181000,4338252586,
1541,CRS3035RES1000mN2026000E3181000,4401271633,
1542,CRS3035RES1000mN2026000E3181000,4515476768,
1543,CRS3035RES1000mN2026000E3181000,4569910891,101.0
1544,CRS3035RES1000mN2026000E3181000,4703730491,
1545,CRS3035RES1000mN2026000E3181000,4707870392,
1546,CRS3035RES1000mN2026000E3181000,4789037769,
1547,CRS3035RES1000mN2026000E3181000,4794233143,
1548,CRS3035RES1000mN2026000E3181000,4870405674,
1549,CRS3035RES1000mN2026000E3181000,5139379922,
1550,CRS3035RES1000mN2026000E3181000,5160337425,103.0
1551,CRS3035RES1000mN2026000E3181000,5196199575,
1552,CRS3035RES1000mN2026000E3181000,5341570554,101.0
1553,CRS3035RES1000mN2026000E3181000,5345949864,80.0
1554,CRS3035RES1000mN2026000E3181000,5448507385,
1555,CRS3035RES1000mN2026000E3181000,5604693894,
1556,CRS3035RES1000mN2026000E3181000,5670401989,
1557,CRS3035RES1000mN2026000E3181000,5942671299,72.0
1558,CRS3035RES1000mN2026000E3181000,5943980960,
1559,CRS3035RES1000mN2026000E3181000,6185791451,
1560,CRS3035RES1000mN2026000E3181000,6188948286,94.0
1561,CRS3035RES1000mN2026000E3181000,6555800191,
1562,CRS3035RES1000mN2026000E3181000,6885254479,102.0
1563,CRS3035RES1000mN2026000E3181000,7222611268,69.0
1564,CRS3035RES1000mN2026000E3181000,7408961006,113.0
1565,CRS3035RES1000mN2026000E3181000,7619964683,
1566,CRS3035RES1000mN2026000E3181000,7836562695,118.0
1567,CRS3035RES1000mN2026000E3181000,8493729364,108.0
1568,CRS3035RES1000mN2026000E3181000,8557885377,
1569,CRS3035RES1000mN2026000E3181000,8807212208,93.0
1570,CRS3035RES1000mN2026000E3181000,8844229173,103.0
1571,CRS3035RES1000mN2026000E3181000,8878422600,
1572,CRS3035RES1000mN2026000E3181000,9595709188,101.0
1573,CRS3035RES1000mN2026000E3181000,9611387099,113.0
1574,CRS3035RES1000mN2026000E3181000,9712656915,104.0
1575,CRS3035RES1000mN2026000E3181000,9713142744,97.0
1576,CRS3035RES1000mN2026000E3181000,9815746657,
1577,CRS3035RES1000mN2026000E3181000,10004871512,69.0
1578,CRS3035RES1000mN2026000E3181000,10281174134,
1579,CRS3035RES1000mN2026000E3181000,10580337411,94.0
1580,CRS3035RES1000mN2026000E3181000,10899442604,
1581,CRS3035RES1000mN2026000E3181000,10922657146,
1582,CRS3035RES1000mN2026000E3181000,11127499928,100.0
1583,CRS3035RES1000mN2026000E3181000,11143725881,
1584,CRS3035RES1000mN2026000E3181000,11243087140,99.0
1585,CRS3035RES1000mN2026000E3181000,11269399969,118.0
1586,CRS3035RES1000mN2026000E3181000,11287269362,64.0
1587,CRS3035RES1000mN2026000E3181000,11287269363,110.0
1588,CRS3035RES1000mN2026000E3181000,11369705764,101.0
1589,CRS3035RES1000mN2026000E3181000,11387776374,102.0
1590,CRS3035RES1000mN2026000E3181000,11461799040,
1591,CRS3035RES1000mN2026000E3181000,11462802981,86.0
1592,CRS3035RES1000mN2026000E3181000,11652077658,
1593,CRS3035RES1000mN2026000E3181000,11691390164,104.0
1594,CRS3035RES1000mN2026000E3181000,11739757462,
1595,CRS3035RES1000mN2026000E3181000,12178446726,
1596,CRS3035RES1000mN2026000E3181000,12407425114,
1597,CRS3035RES1000mN2026000E3181000,12865480228,91.0
1598,CRS3035RES1000mN2026000E3181000,2960630,
1599,CRS3035RES1000mN2026000E3181000,3554044,
1600,CRS3035RES1000mN2026000E3181000,3557906,
1601,CRS3035RES1000mN2026000E3181000,5231361,112.0
1602,CRS3035RES1000mN2026000E3181000,9314566,102.0
1603,CRS3035RES1000mN2026000E3181000,13696257,
1604,CRS3035RES1000mN2026000E3181000,15996131,112.0
1605,CRS3035RES1000mN2026000E3181000,23526191,88.0
1606,CRS3035RES1000mN2026000E3181000,23545719,105.0
1607,CRS3035RES1000mN2026000E3181000,30599279,
1608,CRS3035RES1000mN2026000E3181000,30649229,110.0
1609,CRS3035RES1000mN2026000E3181000,32198651,
1610,CRS3035RES1000mN2026000E3181000,34945111,
1611,CRS3035RES1000mN2026000E3181000,50170625,
1612,CRS3035RES1000mN2026000E3181000,82887228,
1613,CRS3035RES1000mN2026000E3181000,92484952,
1614,CRS3035RES1000mN2026000E3181000,95794713,100.0
1615,CRS3035RES1000mN2026000E3181000,96418670,
1616,CRS3035RES1000mN2026000E3181000,98502686,118.0
1617,CRS3035RES1000mN2026000E3181000,132613257,93.0
1618,CRS3035RES1000mN2026000E3181000,135036040,77.0
1619,CRS3035RES1000mN2026000E3181000,150772489,109.0
1620,CRS3035RES1000mN2026000E3181000,154118456,
1621,CRS3035RES1000mN2026000E3181000,157375776,94.0
1622,CRS3035RES1000mN2026000E3181000,158211204,
1623,CRS3035RES1000mN2026000E3181000,162072415,
1624,CRS3035RES1000mN2026000E3181000,162117720,
1625,CRS3035RES1000mN2026000E3181000,170487273,73.0
1626,CRS3035RES1000mN2026000E3181000,172686062,
1627,CRS3035RES1000mN2026000E3181000,174318235,
1628,CRS3035RES1000mN2026000E3181000,174318237,
1629,CRS3035RES1000mN2026000E3181000,205060159,119.0
1630,CRS3035RES1000mN2026000E3181000,205757163,
1631,CRS3035RES1000mN2026000E3181000,221095520,97.0
1632,CRS3035RES1000mN2026000E3181000,224503374,96.0
1633,CRS3035RES1000mN2026000E3181000,227333462,117.0
1634,CRS3035RES1000mN2026000E3181000,229117454,119.0
1635,CRS3035RES1000mN2026000E3181000,261460389,
1636,CRS3035RES1000mN2026000E3181000,283450022,100.0
1637,CRS3035RES1000mN2026000E3181000,288994040,106.0
1638,CRS3035RES1000mN2026000E3181000,296744564,91.0
1639,CRS3035RES1000mN2026000E3181000,297526406,98.0
1640,CRS3035RES1000mN2026000E3181000,300709861,
1641,CRS3035RES1000mN2026000E3181000,301444634,
1642,CRS3035RES1000mN2026000E3181000,302721609,
1643,CRS3035RES1000mN2026000E3181000,308195630,
1644,CRS3035RES1000mN2026000E3181000,312777902,115.0
1645,CRS3035RES1000mN2026000E3181000,330154630,
1646,CRS3035RES1000mN2026000E3181000,340205456,106.0
1647,CRS3035RES1000mN2026000E3181000,367883612,
1648,CRS3035RES1000mN2026000E3181000,368211943,
1649,CRS3035RES1000mN2026000E3181000,374180360,92.0
1650,CRS3035RES1000mN2026000E3181000,375369499,
1651,CRS3035RES1000mN2026000E3181000,383494544,108.0
1652,CRS3035RES1000mN2026000E3181000,384574591,
1653,CRS3035RES1000mN2026000E3181000,403538322,39.0
1654,CRS3035RES1000mN2026000E3181000,403859503,103.0
1655,CRS3035RES1000mN2026000E3181000,437050442,
1656,CRS3035RES1000mN2026000E3181000,459881697,118.0
1657,CRS3035RES1000mN2026000E3181000,477278425,59.0
1658,CRS3035RES1000mN2026000E3181000,486879235,
1659,CRS3035RES1000mN2026000E3181000,493748377,
1660,CRS3035RES1000mN2026000E3181000,498234201,
1661,CRS3035RES1000mN2026000E3181000,504315026,92.0
1662,CRS3035RES1000mN2026000E3181000,548701490,
1663,CRS3035RES1000mN2026000E3181000,574210084,
1664,CRS3035RES1000mN2026000E3181000,576094143,
1665,CRS3035RES1000mN2026000E3181000,584409067,103.0
1666,CRS3035RES1000mN2026000E3181000,635512756,100.0
1667,CRS3035RES1000mN2026000E3181000,638492224,58.0
1668,CRS3035RES1000mN2026000E3181000,653913062,105.0
1669,CRS3035RES1000mN2026000E3181000,659866770,
1670,CRS3035RES1000mN2026000E3181000,697717972,
1671,CRS3035RES1000mN2026000E3181000,717194862,
1672,CRS3035RES1000mN2026000E3181000,736899303,
1673,CRS3035RES1000mN2026000E3181000,738042217,
1674,CRS3035RES1000mN2026000E3181000,839611983,
1675,CRS3035RES1000mN2026000E3181000,957893520,101.0
1676,CRS3035RES1000mN2026000E3181000,963308110,82.0
1677,CRS3035RES1000mN2026000E3181000,1073283182,
1678,CRS3035RES1000mN2026000E3181000,1252864015,70.0
1679,CRS3035RES1000mN2026000E3181000,1283203658,
1680,CRS3035RES1000mN2026000E3183000,25526,
1681,CRS3035RES1000mN2026000E3183000,1774,
1682,CRS3035RES1000mN2026000E3183000,1770,
1683,CRS3035RES1000mN2026000E3183000,1773,
1684,CRS3035RES1000mN2026000E3183000,1771,
1685,CRS3035RES1000mN2026000E3183000,123303,
1686,CRS3035RES1000mN2026000E3183000,1764,
1687,CRS3035RES1000mN2026000E3183000,181101,
1688,CRS3035RES1000mN2026000E3183000,5765642,
1689,CRS3035RES1000mN2026000E3183000,86719,
1690,CRS3035RES1000mN2026000E3183000,1800,
1691,CRS3035RES1000mN2026000E3183000,1757,
1692,CRS3035RES1000mN2026000E3183000,1755,
1693,CRS3035RES1000mN2026000E3183000,1882,
1694,CRS3035RES1000mN2026000E3183000,1745,119.0
1695,CRS3035RES1000mN2026000E3183000,1794,
1696,CRS3035RES1000mN2026000E3183000,1762,
1697,CRS3035RES1000mN2026000E3183000,51188,
1698,CRS3035RES1000mN2026000E3183000,6893633,
1699,CRS3035RES1000mN2026000E3183000,167128,
1700,CRS3035RES1000mN2026000E3183000,1760,
1701,CRS3035RES1000mN2026000E3183000,12773298,
1702,CRS3035RES1000mN2026000E3183000,1754,
1703,CRS3035RES1000mN2026000E3183000,1748,
1704,CRS3035RES1000mN2026000E3183000,79941,
1705,CRS3035RES1000mN2026000E3183000,1750,
1706,CRS3035RES1000mN2026000E3183000,5975465,
1707,CRS3035RES1000mN2026000E3183000,115056,
1708,CRS3035RES1000mN2026000E3183000,1790,
1709,CRS3035RES1000mN2026000E3183000,1756,
1710,CRS3035RES1000mN2026000E3183000,51849,
1711,CRS3035RES1000mN2026000E3183000,185595,
1712,CRS3035RES1000mN2026000E3183000,7697128,
1713,CRS3035RES1000mN2026000E3183000,10395362,
1714,CRS3035RES1000mN2026000E3183000,1759,
1715,CRS3035RES1000mN2026000E3183000,1752,
1716,CRS3035RES1000mN2026000E3183000,186714,
1717,CRS3035RES1000mN2026000E3183000,1753,
1718,CRS3035RES1000mN2026000E3183000,1792,
1719,CRS3035RES1000mN2026000E3183000,1763,
1720,CRS3035RES1000mN2026000E3183000,1746,
1721,CRS3035RES1000mN2026000E3183000,11572165,
1722,CRS3035RES1000mN2026000E3183000,1761,
1723,CRS3035RES1000mN2026000E3183000,1747,
1724,CRS3035RES1000mN2026000E3183000,5768564,
1725,CRS3035RES1000mN2026000E3183000,1798,
1726,CRS3035RES1000mN2026000E3183000,66904,
1727,CRS3035RES1000mN2026000E3183000,1777,
1728,CRS3035RES1000mN2026000E3183000,1765,
1729,CRS3035RES1000mN2026000E3183000,49416,
1730,CRS3035RES1000mN2026000E3183000,12734939,
1731,CRS3035RES1000mN2026000E3183000,167386167,
1732,CRS3035RES1000mN2026000E3183000,295933804,
1733,CRS3035RES1000mN2026000E3183000,303340017,
1734,CRS3035RES1000mN2026000E3183000,315355551,
1735,CRS3035RES1000mN2026000E3183000,339084977,
1736,CRS3035RES1000mN2026000E3183000,412911553,
1737,CRS3035RES1000mN2026000E3183000,558126037,
1738,CRS3035RES1000mN2026000E3183000,711789768,
1739,CRS3035RES1000mN2026000E3183000,727666062,
1740,CRS3035RES1000mN2026000E3183000,848085869,
1741,CRS3035RES1000mN2026000E3183000,1056098898,
1742,CRS3035RES1000mN2026000E3183000,1255438242,
1743,CRS3035RES1000mN2026000E3183000,1469985039,
1744,CRS3035RES1000mN2026000E3183000,1504302537,
1745,CRS3035RES1000mN2026000E3183000,1511617504,
1746,CRS3035RES1000mN2026000E3183000,1541601287,
1747,CRS3035RES1000mN2026000E3183000,1544591296,
1748,CRS3035RES1000mN2026000E3183000,1598174183,109.0
1749,CRS3035RES1000mN2026000E3183000,1629887846,100.0
1750,CRS3035RES1000mN2026000E3183000,1686660176,
1751,CRS3035RES1000mN2026000E3183000,1716927336,
1752,CRS3035RES1000mN2026000E3183000,1734554324,
1753,CRS3035RES1000mN2026000E3183000,1849109335,
1754,CRS3035RES1000mN2026000E3183000,2028408680,
1755,CRS3035RES1000mN2026000E3183000,2036887702,119.0
1756,CRS3035RES1000mN2026000E3183000,2061404218,
1757,CRS3035RES1000mN2026000E3183000,2134238030,
1758,CRS3035RES1000mN2026000E3183000,2261600754,
1759,CRS3035RES1000mN2026000E3183000,2301402027,
1760,CRS3035RES1000mN2026000E3183000,2303966810,
1761,CRS3035RES1000mN2026000E3183000,2312029862,105.0
1762,CRS3035RES1000mN2026000E3183000,2408860250,
1763,CRS3035RES1000mN2026000E3183000,2620185829,
1764,CRS3035RES1000mN2026000E3183000,2622508931,
1765,CRS3035RES1000mN2026000E3183000,2672130951,
1766,CRS3035RES1000mN2026000E3183000,2710518818,
1767,CRS3035RES1000mN2026000E3183000,3034026261,
1768,CRS3035RES1000mN2026000E3183000,3179889751,
1769,CRS3035RES1000mN2026000E3183000,3206611978,
1770,CRS3035RES1000mN2026000E3183000,3272828439,
1771,CRS3035RES1000mN2026000E3183000,3452364276,
1772,CRS3035RES1000mN2026000E3183000,3452364277,
1773,CRS3035RES1000mN2026000E3183000,3495733197,
1774,CRS3035RES1000mN2026000E3183000,3497154853,
1775,CRS3035RES1000mN2026000E3183000,3517755445,
1776,CRS3035RES1000mN2026000E3183000,3522125657,
1777,CRS3035RES1000mN2026000E3183000,3526751794,
1778,CRS3035RES1000mN2026000E3183000,3839306060,
1779,CRS3035RES1000mN2026000E3183000,4214697664,
1780,CRS3035RES1000mN2026000E3183000,4338252586,
1781,CRS3035RES1000mN2026000E3183000,4401271633,
1782,CRS3035RES1000mN2026000E3183000,4515476768,
1783,CRS3035RES1000mN2026000E3183000,4569910891,
1784,CRS3035RES1000mN2026000E3183000,4703730491,
1785,CRS3035RES1000mN2026000E3183000,4707870392,
1786,CRS3035RES1000mN2026000E3183000,4789037769,
1787,CRS3035RES1000mN2026000E3183000,4794233143,
1788,CRS3035RES1000mN2026000E3183000,4870405674,
1789,CRS3035RES1000mN2026000E3183000,5139379922,
1790,CRS3035RES1000mN2026000E3183000,5160337425,
1791,CRS3035RES1000mN2026000E3183000,5196199575,
1792,CRS3035RES1000mN2026000E3183000,5341570554,
1793,CRS3035RES1000mN2026000E3183000,5345949864,
1794,CRS3035RES1000mN2026000E3183000,5448507385,
1795,CRS3035RES1000mN2026000E3183000,5604693894,
1796,CRS3035RES1000mN2026000E3183000,5670401989,
1797,CRS3035RES1000mN2026000E3183000,5942671299,
1798,CRS3035RES1000mN2026000E3183000,5943980960,
1799,CRS3035RES1000mN2026000E3183000,6185791451,
1800,CRS3035RES1000mN2026000E3183000,6188948286,
1801,CRS3035RES1000mN2026000E3183000,6555800191,
1802,CRS3035RES1000mN2026000E3183000,6885254479,
1803,CRS3035RES1000mN2026000E3183000,7222611268,118.0
1804,CRS3035RES1000mN2026000E3183000,7408961006,
1805,CRS3035RES1000mN2026000E3183000,7619964683,
1806,CRS3035RES1000mN2026000E3183000,7836562695,
1807,CRS3035RES1000mN2026000E3183000,8493729364,
1808,CRS3035RES1000mN2026000E3183000,8557885377,
1809,CRS3035RES1000mN2026000E3183000,8807212208,
1810,CRS3035RES1000mN2026000E3183000,8844229173,
1811,CRS3035RES1000mN2026000E3183000,8878422600,
1812,CRS3035RES1000mN2026000E3183000,9595709188,
1813,CRS3035RES1000mN2026000E3183000,9611387099,
1814,CRS3035RES1000mN2026000E3183000,9712656915,
1815,CRS3035RES1000mN2026000E3183000,9713142744,
1816,CRS3035RES1000mN2026000E3183000,9815746657,
1817,CRS3035RES1000mN2026000E3183000,10004871512,109.0
1818,CRS3035RES1000mN2026000E3183000,10281174134,
1819,CRS3035RES1000mN2026000E3183000,10580337411,
1820,CRS3035RES1000mN2026000E3183000,10899442604,
1821,CRS3035RES1000mN2026000E3183000,10922657146,
1822,CRS3035RES1000mN2026000E3183000,11127499928,
1823,CRS3035RES1000mN2026000E3183000,11143725881,
1824,CRS3035RES1000mN2026000E3183000,11243087140,
1825,CRS3035RES1000mN2026000E3183000,11269399969,
1826,CRS3035RES1000mN2026000E3183000,11287269362,109.0
1827,CRS3035RES1000mN2026000E3183000,11287269363,
1828,CRS3035RES1000mN2026000E3183000,11369705764,
1829,CRS3035RES1000mN2026000E3183000,11387776374,
1830,CRS3035RES1000mN2026000E3183000,11461799040,
1831,CRS3035RES1000mN2026000E3183000,11462802981,
1832,CRS3035RES1000mN2026000E3183000,11652077658,
1833,CRS3035RES1000mN2026000E3183000,11691390164,
1834,CRS3035RES1000mN2026000E3183000,11739757462,
1835,CRS3035RES1000mN2026000E3183000,12178446726,
1836,CRS3035RES1000mN2026000E3183000,12407425114,
1837,CRS3035RES1000mN2026000E3183000,12865480228,
1838,CRS3035RES1000mN2026000E3183000,2960630,
1839,CRS3035RES1000mN2026000E3183000,3554044,
1840,CRS3035RES1000mN2026000E3183000,3557906,
1841,CRS3035RES1000mN2026000E3183000,5231361,
1842,CRS3035RES1000mN2026000E3183000,9314566,
1843,CRS3035RES1000mN2026000E3183000,13696257,
1844,CRS3035RES1000mN2026000E3183000,15996131,
1845,CRS3035RES1000mN2026000E3183000,23526191,
1846,CRS3035RES1000mN2026000E3183000,23545719,
1847,CRS3035RES1000mN2026000E3183000,30599279,
1848,CRS3035RES1000mN2026000E3183000,30649229,
1849,CRS3035RES1000mN2026000E3183000,32198651,
1850,CRS3035RES1000mN2026000E3183000,34945111,
1851,CRS3035RES1000mN2026000E3183000,50170625,
1852,CRS3035RES1000mN2026000E3183000,82887228,
1853,CRS3035RES1000mN2026000E3183000,92484952,
1854,CRS3035RES1000mN2026000E3183000,95794713,
1855,CRS3035RES1000mN2026000E3183000,96418670,
1856,CRS3035RES1000mN2026000E3183000,98502686,
1857,CRS3035RES1000mN2026000E3183000,132613257,
1858,CRS3035RES1000mN2026000E3183000,135036040,
1859,CRS3035RES1000mN2026000E3183000,150772489,
1860,CRS3035RES1000mN2026000E3183000,154118456,
1861,CRS3035RES1000mN2026000E3183000,157375776,
1862,CRS3035RES1000mN2026000E3183000,158211204,
1863,CRS3035RES1000mN2026000E3183000,162072415,
1864,CRS3035RES1000mN2026000E3183000,162117720,
1865,CRS3035RES1000mN2026000E3183000,170487273,108.0
1866,CRS3035RES1000mN2026000E3183000,172686062,
1867,CRS3035RES1000mN2026000E3183000,174318235,
1868,CRS3035RES1000mN2026000E3183000,174318237,
1869,CRS3035RES1000mN2026000E3183000,205060159,
1870,CRS3035RES1000mN2026000E3183000,205757163,
1871,CRS3035RES1000mN2026000E3183000,221095520,
1872,CRS3035RES1000mN2026000E3183000,224503374,
1873,CRS3035RES1000mN2026000E3183000,227333462,
1874,CRS3035RES1000mN2026000E3183000,229117454,
1875,CRS3035RES1000mN2026000E3183000,261460389,
1876,CRS3035RES1000mN2026000E3183000,283450022,
1877,CRS3035RES1000mN2026000E3183000,288994040,
1878,CRS3035RES1000mN2026000E3183000,296744564,
1879,CRS3035RES1000mN2026000E3183000,297526406,
1880,CRS3035RES1000mN2026000E3183000,300709861,
1881,CRS3035RES1000mN2026000E3183000,301444634,
1882,CRS3035RES1000mN2026000E3183000,302721609,
1883,CRS3035RES1000mN2026000E3183000,308195630,
1884,CRS3035RES1000mN2026000E3183000,312777902,
1885,CRS3035RES1000mN2026000E3183000,330154630,
1886,CRS3035RES1000mN2026000E3183000,340205456,
1887,CRS3035RES1000mN2026000E3183000,367883612,
1888,CRS3035RES1000mN2026000E3183000,368211943,
1889,CRS3035RES1000mN2026000E3183000,374180360,
1890,CRS3035RES1000mN2026000E3183000,375369499,
1891,CRS3035RES1000mN2026000E3183000,383494544,
1892,CRS3035RES1000mN2026000E3183000,384574591,
1893,CRS3035RES1000mN2026000E3183000,403538322,88.0
1894,CRS3035RES1000mN2026000E3183000,403859503,
1895,CRS3035RES1000mN2026000E3183000,437050442,
1896,CRS3035RES1000mN2026000E3183000,459881697,
1897,CRS3035RES1000mN2026000E3183000,477278425,108.0
1898,CRS3035RES1000mN2026000E3183000,486879235,
1899,CRS3035RES1000mN2026000E3183000,493748377,
1900,CRS3035RES1000mN2026000E3183000,498234201,
1901,CRS3035RES1000mN2026000E3183000,504315026,
1902,CRS3035RES1000mN2026000E3183000,548701490,
1903,CRS3035RES1000mN2026000E3183000,574210084,
1904,CRS3035RES1000mN2026000E3183000,576094143,
1905,CRS3035RES1000mN2026000E3183000,584409067,
1906,CRS3035RES1000mN2026000E3183000,635512756,
1907,CRS3035RES1000mN2026000E3183000,638492224,
1908,CRS3035RES1000mN2026000E3183000,653913062,
1909,CRS3035RES1000mN2026000E3183000,659866770,
1910,CRS3035RES1000mN2026000E3183000,697717972,
1911,CRS3035RES1000mN2026000E3183000,717194862,
1912,CRS3035RES1000mN2026000E3183000,736899303,
1913,CRS3035RES1000mN2026000E3183000,738042217,
1914,CRS3035RES1000mN2026000E3183000,839611983,
1915,CRS3035RES1000mN2026000E3183000,957893520,
1916,CRS3035RES1000mN2026000E3183000,963308110,
1917,CRS3035RES1000mN2026000E3183000,1073283182,
1918,CRS3035RES1000mN2026000E3183000,1252864015,110.0
1919,CRS3035RES1000mN2026000E3183000,1283203658,
1920,CRS3035RES1000mN2027000E3174000,25526,81.0
1921,CRS3035RES1000mN2027000E3174000,1774,56.0
1922,CRS3035RES1000mN2027000E3174000,1770,70.0
1923,CRS3035RES1000mN2027000E3174000,1773,54.0
1924,CRS3035RES1000mN2027000E3174000,1771,64.0
1925,CRS3035RES1000mN2027000E3174000,123303,75.0
1926,CRS3035RES1000mN2027000E3174000,1764,56.0
1927,CRS3035RES1000mN2027000E3174000,181101,44.0
1928,CRS3035RES1000mN2027000E3174000,5765642,79.0
1929,CRS3035RES1000mN2027000E3174000,86719,78.0
1930,CRS3035RES1000mN2027000E3174000,1800,48.0
1931,CRS3035RES1000mN2027000E3174000,1757,75.0
1932,CRS3035RES1000mN2027000E3174000,1755,68.0
1933,CRS3035RES1000mN2027000E3174000,1882,63.0
1934,CRS3035RES1000mN2027000E3174000,1745,44.0
1935,CRS3035RES1000mN2027000E3174000,1794,46.0
1936,CRS3035RES1000mN2027000E3174000,1762,49.0
1937,CRS3035RES1000mN2027000E3174000,51188,61.0
1938,CRS3035RES1000mN2027000E3174000,6893633,53.0
1939,CRS3035RES1000mN2027000E3174000,167128,40.0
1940,CRS3035RES1000mN2027000E3174000,1760,54.0
1941,CRS3035RES1000mN2027000E3174000,12773298,70.0
1942,CRS3035RES1000mN2027000E3174000,1754,78.0
1943,CRS3035RES1000mN2027000E3174000,1748,43.0
1944,CRS3035RES1000mN2027000E3174000,79941,47.0
1945,CRS3035RES1000mN2027000E3174000,1750,63.0
1946,CRS3035RES1000mN2027000E3174000,5975465,62.0
1947,CRS3035RES1000mN2027000E3174000,115056,34.0
1948,CRS3035RES1000mN2027000E3174000,1790,69.0
1949,CRS3035RES1000mN2027000E3174000,1756,75.0
1950,CRS3035RES1000mN2027000E3174000,51849,49.0
1951,CRS3035RES1000mN2027000E3174000,185595,59.0
1952,CRS3035RES1000mN2027000E3174000,7697128,57.0
1953,CRS3035RES1000mN2027000E3174000,10395362,79.0
1954,CRS3035RES1000mN2027000E3174000,1759,60.0
1955,CRS3035RES1000mN2027000E3174000,1752,47.0
1956,CRS3035RES1000mN2027000E3174000,186714,39.0
1957,CRS3035RES1000mN2027000E3174000,1753,51.0
1958,CRS3035RES1000mN2027000E3174000,1792,45.0
1959,CRS3035RES1000mN2027000E3174000,1763,65.0
1960,CRS3035RES1000mN2027000E3174000,1746,44.0
1961,CRS3035RES1000mN2027000E3174000,11572165,73.0
1962,CRS3035RES1000mN2027000E3174000,1761,52.0
1963,CRS3035RES1000mN2027000E3174000,1747,38.0
1964,CRS3035RES1000mN2027000E3174000,5768564,78.0
1965,CRS3035RES1000mN2027000E3174000,1798,61.0
1966,CRS3035RES1000mN2027000E3174000,66904,69.0
1967,CRS3035RES1000mN2027000E3174000,1777,52.0
1968,CRS3035RES1000mN2027000E3174000,1765,51.0
1969,CRS3035RES1000mN2027000E3174000,49416,51.0
1970,CRS3035RES1000mN2027000E3174000,12734939,51.0
1971,CRS3035RES1000mN2027000E3174000,167386167,53.0
1972,CRS3035RES1000mN2027000E3174000,295933804,71.0
1973,CRS3035RES1000mN2027000E3174000,303340017,72.0
1974,CRS3035RES1000mN2027000E3174000,315355551,90.0
1975,CRS3035RES1000mN2027000E3174000,339084977,58.0
1976,CRS3035RES1000mN2027000E3174000,412911553,63.0
1977,CRS3035RES1000mN2027000E3174000,558126037,92.0
1978,CRS3035RES1000mN2027000E3174000,711789768,116.0
1979,CRS3035RES1000mN2027000E3174000,727666062,
1980,CRS3035RES1000mN2027000E3174000,848085869,89.0
1981,CRS3035RES1000mN2027000E3174000,1056098898,65.0
1982,CRS3035RES1000mN2027000E3174000,1255438242,63.0
1983,CRS3035RES1000mN2027000E3174000,1469985039,26.0
1984,CRS3035RES1000mN2027000E3174000,1504302537,93.0
1985,CRS3035RES1000mN2027000E3174000,1511617504,106.0
1986,CRS3035RES1000mN2027000E3174000,1541601287,94.0
1987,CRS3035RES1000mN2027000E3174000,1544591296,73.0
1988,CRS3035RES1000mN2027000E3174000,1598174183,41.0
1989,CRS3035RES1000mN2027000E3174000,1629887846,51.0
1990,CRS3035RES1000mN2027000E3174000,1686660176,51.0
1991,CRS3035RES1000mN2027000E3174000,1716927336,93.0
1992,CRS3035RES1000mN2027000E3174000,1734554324,63.0
1993,CRS3035RES1000mN2027000E3174000,1849109335,77.0
1994,CRS3035RES1000mN2027000E3174000,2028408680,113.0
1995,CRS3035RES1000mN2027000E3174000,2036887702,63.0
1996,CRS3035RES1000mN2027000E3174000,2061404218,85.0
1997,CRS3035RES1000mN2027000E3174000,2134238030,54.0
1998,CRS3035RES1000mN2027000E3174000,2261600754,
1999,CRS3035RES1000mN2027000E3174000,2301402027,56.0
2000,CRS3035RES1000mN2027000E3174000,2303966810,115.0
2001,CRS3035RES1000mN2027000E3174000,2312029862,46.0
2002,CRS3035RES1000mN2027000E3174000,2408860250,102.0
2003,CRS3035RES1000mN2027000E3174000,2620185829,63.0
2004,CRS3035RES1000mN2027000E3174000,2622508931,63.0
2005,CRS3035RES1000mN2027000E3174000,2672130951,
2006,CRS3035RES1000mN2027000E3174000,2710518818,62.0
2007,CRS3035RES1000mN2027000E3174000,3034026261,
2008,CRS3035RES1000mN2027000E3174000,3179889751,85.0
2009,CRS3035RES1000mN2027000E3174000,3206611978,
2010,CRS3035RES1000mN2027000E3174000,3272828439,104.0
2011,CRS3035RES1000mN2027000E3174000,3452364276,39.0
2012,CRS3035RES1000mN2027000E3174000,3452364277,54.0
2013,CRS3035RES1000mN2027000E3174000,3495733197,
2014,CRS3035RES1000mN2027000E3174000,3497154853,
2015,CRS3035RES1000mN2027000E3174000,3517755445,
2016,CRS3035RES1000mN2027000E3174000,3522125657,
2017,CRS3035RES1000mN2027000E3174000,3526751794,88.0
2018,CRS3035RES1000mN2027000E3174000,3839306060,47.0
2019,CRS3035RES1000mN2027000E3174000,4214697664,69.0
2020,CRS3035RES1000mN2027000E3174000,4338252586,76.0
2021,CRS3035RES1000mN2027000E3174000,4401271633,
2022,CRS3035RES1000mN2027000E3174000,4515476768,
2023,CRS3035RES1000mN2027000E3174000,4569910891,59.0
2024,CRS3035RES1000mN2027000E3174000,4703730491,83.0
2025,CRS3035RES1000mN2027000E3174000,4707870392,84.0
2026,CRS3035RES1000mN2027000E3174000,4789037769,115.0
2027,CRS3035RES1000mN2027000E3174000,4794233143,
2028,CRS3035RES1000mN2027000E3174000,4870405674,79.0
2029,CRS3035RES1000mN2027000E3174000,5139379922,109.0
2030,CRS3035RES1000mN2027000E3174000,5160337425,62.0
2031,CRS3035RES1000mN2027000E3174000,5196199575,103.0
2032,CRS3035RES1000mN2027000E3174000,5341570554,58.0
2033,CRS3035RES1000mN2027000E3174000,5345949864,80.0
2034,CRS3035RES1000mN2027000E3174000,5448507385,
2035,CRS3035RES1000mN2027000E3174000,5604693894,73.0
2036,CRS3035RES1000mN2027000E3174000,5670401989,
2037,CRS3035RES1000mN2027000E3174000,5942671299,64.0
2038,CRS3035RES1000mN2027000E3174000,5943980960,103.0
2039,CRS3035RES1000mN2027000E3174000,6185791451,
2040,CRS3035RES1000mN2027000E3174000,6188948286,50.0
2041,CRS3035RES1000mN2027000E3174000,6555800191,95.0
2042,CRS3035RES1000mN2027000E3174000,6885254479,77.0
2043,CRS3035RES1000mN2027000E3174000,7222611268,95.0
2044,CRS3035RES1000mN2027000E3174000,7408961006,113.0
2045,CRS3035RES1000mN2027000E3174000,7619964683,113.0
2046,CRS3035RES1000mN2027000E3174000,7836562695,90.0
2047,CRS3035RES1000mN2027000E3174000,8493729364,60.0
2048,CRS3035RES1000mN2027000E3174000,8557885377,103.0
2049,CRS3035RES1000mN2027000E3174000,8807212208,51.0
2050,CRS3035RES1000mN2027000E3174000,8844229173,62.0
2051,CRS3035RES1000mN2027000E3174000,8878422600,93.0
2052,CRS3035RES1000mN2027000E3174000,9595709188,61.0
2053,CRS3035RES1000mN2027000E3174000,9611387099,62.0
2054,CRS3035RES1000mN2027000E3174000,9712656915,63.0
2055,CRS3035RES1000mN2027000E3174000,9713142744,55.0
2056,CRS3035RES1000mN2027000E3174000,9815746657,78.0
2057,CRS3035RES1000mN2027000E3174000,10004871512,43.0
2058,CRS3035RES1000mN2027000E3174000,10281174134,
2059,CRS3035RES1000mN2027000E3174000,10580337411,51.0
2060,CRS3035RES1000mN2027000E3174000,10899442604,100.0
2061,CRS3035RES1000mN2027000E3174000,10922657146,97.0
2062,CRS3035RES1000mN2027000E3174000,11127499928,80.0
2063,CRS3035RES1000mN2027000E3174000,11143725881,76.0
2064,CRS3035RES1000mN2027000E3174000,11243087140,79.0
2065,CRS3035RES1000mN2027000E3174000,11269399969,77.0
2066,CRS3035RES1000mN2027000E3174000,11287269362,47.0
2067,CRS3035RES1000mN2027000E3174000,11287269363,65.0
2068,CRS3035RES1000mN2027000E3174000,11369705764,56.0
2069,CRS3035RES1000mN2027000E3174000,11387776374,52.0
2070,CRS3035RES1000mN2027000E3174000,11461799040,
2071,CRS3035RES1000mN2027000E3174000,11462802981,35.0
2072,CRS3035RES1000mN2027000E3174000,11652077658,82.0
2073,CRS3035RES1000mN2027000E3174000,11691390164,62.0
2074,CRS3035RES1000mN2027000E3174000,11739757462,79.0
2075,CRS3035RES1000mN2027000E3174000,12178446726,79.0
2076,CRS3035RES1000mN2027000E3174000,12407425114,98.0
2077,CRS3035RES1000mN2027000E3174000,12865480228,48.0
2078,CRS3035RES1000mN2027000E3174000,2960630,99.0
2079,CRS3035RES1000mN2027000E3174000,3554044,105.0
2080,CRS3035RES1000mN2027000E3174000,3557906,86.0
2081,CRS3035RES1000mN2027000E3174000,5231361,70.0
2082,CRS3035RES1000mN2027000E3174000,9314566,69.0
2083,CRS3035RES1000mN2027000E3174000,13696257,96.0
2084,CRS3035RES1000mN2027000E3174000,15996131,71.0
2085,CRS3035RES1000mN2027000E3174000,23526191,50.0
2086,CRS3035RES1000mN2027000E3174000,23545719,67.0
2087,CRS3035RES1000mN2027000E3174000,30599279,90.0
2088,CRS3035RES1000mN2027000E3174000,30649229,69.0
2089,CRS3035RES1000mN2027000E3174000,32198651,
2090,CRS3035RES1000mN2027000E3174000,34945111,88.0
2091,CRS3035RES1000mN2027000E3174000,50170625,71.0
2092,CRS3035RES1000mN2027000E3174000,82887228,91.0
2093,CRS3035RES1000mN2027000E3174000,92484952,92.0
2094,CRS3035RES1000mN2027000E3174000,95794713,51.0
2095,CRS3035RES1000mN2027000E3174000,96418670,104.0
2096,CRS3035RES1000mN2027000E3174000,98502686,78.0
2097,CRS3035RES1000mN2027000E3174000,132613257,42.0
2098,CRS3035RES1000mN2027000E3174000,135036040,16.0
2099,CRS3035RES1000mN2027000E3174000,150772489,67.0
2100,CRS3035RES1000mN2027000E3174000,154118456,85.0
2101,CRS3035RES1000mN2027000E3174000,157375776,74.0
2102,CRS3035RES1000mN2027000E3174000,158211204,93.0
2103,CRS3035RES1000mN2027000E3174000,162072415,87.0
2104,CRS3035RES1000mN2027000E3174000,162117720,90.0
2105,CRS3035RES1000mN2027000E3174000,170487273,55.0
2106,CRS3035RES1000mN2027000E3174000,172686062,95.0
2107,CRS3035RES1000mN2027000E3174000,174318235,96.0
2108,CRS3035RES1000mN2027000E3174000,174318237,96.0
2109,CRS3035RES1000mN2027000E3174000,205060159,119.0
2110,CRS3035RES1000mN2027000E3174000,205757163,
2111,CRS3035RES1000mN2027000E3174000,221095520,54.0
2112,CRS3035RES1000mN2027000E3174000,224503374,55.0
2113,CRS3035RES1000mN2027000E3174000,227333462,87.0
2114,CRS3035RES1000mN2027000E3174000,229117454,75.0
2115,CRS3035RES1000mN2027000E3174000,261460389,
2116,CRS3035RES1000mN2027000E3174000,283450022,58.0
2117,CRS3035RES1000mN2027000E3174000,288994040,54.0
2118,CRS3035RES1000mN2027000E3174000,296744564,71.0
2119,CRS3035RES1000mN2027000E3174000,297526406,78.0
2120,CRS3035RES1000mN2027000E3174000,300709861,104.0
2121,CRS3035RES1000mN2027000E3174000,301444634,
2122,CRS3035RES1000mN2027000E3174000,302721609,102.0
2123,CRS3035RES1000mN2027000E3174000,308195630,109.0
2124,CRS3035RES1000mN2027000E3174000,312777902,65.0
2125,CRS3035RES1000mN2027000E3174000,330154630,
2126,CRS3035RES1000mN2027000E3174000,340205456,65.0
2127,CRS3035RES1000mN2027000E3174000,367883612,89.0
2128,CRS3035RES1000mN2027000E3174000,368211943,90.0
2129,CRS3035RES1000mN2027000E3174000,374180360,47.0
2130,CRS3035RES1000mN2027000E3174000,375369499,79.0
2131,CRS3035RES1000mN2027000E3174000,383494544,67.0
2132,CRS3035RES1000mN2027000E3174000,384574591,83.0
2133,CRS3035RES1000mN2027000E3174000,403538322,67.0
2134,CRS3035RES1000mN2027000E3174000,403859503,62.0
2135,CRS3035RES1000mN2027000E3174000,437050442,96.0
2136,CRS3035RES1000mN2027000E3174000,459881697,88.0
2137,CRS3035RES1000mN2027000E3174000,477278425,80.0
2138,CRS3035RES1000mN2027000E3174000,486879235,
2139,CRS3035RES1000mN2027000E3174000,493748377,80.0
2140,CRS3035RES1000mN2027000E3174000,498234201,94.0
2141,CRS3035RES1000mN2027000E3174000,504315026,49.0
2142,CRS3035RES1000mN2027000E3174000,548701490,
2143,CRS3035RES1000mN2027000E3174000,574210084,91.0
2144,CRS3035RES1000mN2027000E3174000,576094143,86.0
2145,CRS3035RES1000mN2027000E3174000,584409067,62.0
2146,CRS3035RES1000mN2027000E3174000,635512756,78.0
2147,CRS3035RES1000mN2027000E3174000,638492224,45.0
2148,CRS3035RES1000mN2027000E3174000,653913062,83.0
2149,CRS3035RES1000mN2027000E3174000,659866770,77.0
2150,CRS3035RES1000mN2027000E3174000,697717972,97.0
2151,CRS3035RES1000mN2027000E3174000,717194862,102.0
2152,CRS3035RES1000mN2027000E3174000,736899303,
2153,CRS3035RES1000mN2027000E3174000,738042217,106.0
2154,CRS3035RES1000mN2027000E3174000,839611983,114.0
2155,CRS3035RES1000mN2027000E3174000,957893520,56.0
2156,CRS3035RES1000mN2027000E3174000,963308110,17.0
2157,CRS3035RES1000mN2027000E3174000,1073283182,94.0
2158,CRS3035RES1000mN2027000E3174000,1252864015,40.0
2159,CRS3035RES1000mN2027000E3174000,1283203658,
2160,CRS3035RES1000mN2027000E3175000,25526,98.0
2161,CRS3035RES1000mN2027000E3175000,1774,70.0
2162,CRS3035RES1000mN2027000E3175000,1770,84.0
2163,CRS3035RES1000mN2027000E3175000,1773,69.0
2164,CRS3035RES1000mN2027000E3175000,1771,78.0
2165,CRS3035RES1000mN2027000E3175000,123303,90.0
2166,CRS3035RES1000mN2027000E3175000,1764,71.0
2167,CRS3035RES1000mN2027000E3175000,181101,58.0
2168,CRS3035RES1000mN2027000E3175000,5765642,96.0
2169,CRS3035RES1000mN2027000E3175000,86719,92.0
2170,CRS3035RES1000mN2027000E3175000,1800,62.0
2171,CRS3035RES1000mN2027000E3175000,1757,90.0
2172,CRS3035RES1000mN2027000E3175000,1755,88.0
2173,CRS3035RES1000mN2027000E3175000,1882,77.0
2174,CRS3035RES1000mN2027000E3175000,1745,57.0
2175,CRS3035RES1000mN2027000E3175000,1794,61.0
2176,CRS3035RES1000mN2027000E3175000,1762,64.0
2177,CRS3035RES1000mN2027000E3175000,51188,75.0
2178,CRS3035RES1000mN2027000E3175000,6893633,67.0
2179,CRS3035RES1000mN2027000E3175000,167128,54.0
2180,CRS3035RES1000mN2027000E3175000,1760,67.0
2181,CRS3035RES1000mN2027000E3175000,12773298,80.0
2182,CRS3035RES1000mN2027000E3175000,1754,92.0
2183,CRS3035RES1000mN2027000E3175000,1748,57.0
2184,CRS3035RES1000mN2027000E3175000,79941,59.0
2185,CRS3035RES1000mN2027000E3175000,1750,78.0
2186,CRS3035RES1000mN2027000E3175000,5975465,75.0
2187,CRS3035RES1000mN2027000E3175000,115056,50.0
2188,CRS3035RES1000mN2027000E3175000,1790,82.0
2189,CRS3035RES1000mN2027000E3175000,1756,91.0
2190,CRS3035RES1000mN2027000E3175000,51849,65.0
2191,CRS3035RES1000mN2027000E3175000,185595,74.0
2192,CRS3035RES1000mN2027000E3175000,7697128,71.0
2193,CRS3035RES1000mN2027000E3175000,10395362,91.0
2194,CRS3035RES1000mN2027000E3175000,1759,74.0
2195,CRS3035RES1000mN2027000E3175000,1752,61.0
2196,CRS3035RES1000mN2027000E3175000,186714,56.0
2197,CRS3035RES1000mN2027000E3175000,1753,64.0
2198,CRS3035RES1000mN2027000E3175000,1792,60.0
2199,CRS3035RES1000mN2027000E3175000,1763,84.0
2200,CRS3035RES1000mN2027000E3175000,1746,59.0
2201,CRS3035RES1000mN2027000E3175000,11572165,88.0
2202,CRS3035RES1000mN2027000E3175000,1761,65.0
2203,CRS3035RES1000mN2027000E3175000,1747,52.0
2204,CRS3035RES1000mN2027000E3175000,5768564,92.0
2205,CRS3035RES1000mN2027000E3175000,1798,76.0
2206,CRS3035RES1000mN2027000E3175000,66904,82.0
2207,CRS3035RES1000mN2027000E3175000,1777,66.0
2208,CRS3035RES1000mN2027000E3175000,1765,66.0
2209,CRS3035RES1000mN2027000E3175000,49416,65.0
2210,CRS3035RES1000mN2027000E3175000,12734939,65.0
2211,CRS3035RES1000mN2027000E3175000,167386167,68.0
2212,CRS3035RES1000mN2027000E3175000,295933804,94.0
2213,CRS3035RES1000mN2027000E3175000,303340017,101.0
2214,CRS3035RES1000mN2027000E3175000,315355551,110.0
2215,CRS3035RES1000mN2027000E3175000,339084977,76.0
2216,CRS3035RES1000mN2027000E3175000,412911553,76.0
2217,CRS3035RES1000mN2027000E3175000,558126037,105.0
2218,CRS3035RES1000mN2027000E3175000,711789768,
2219,CRS3035RES1000mN2027000E3175000,727666062,
2220,CRS3035RES1000mN2027000E3175000,848085869,107.0
2221,CRS3035RES1000mN2027000E3175000,1056098898,79.0
2222,CRS3035RES1000mN2027000E3175000,1255438242,65.0
2223,CRS3035RES1000mN2027000E3175000,1469985039,42.0
2224,CRS3035RES1000mN2027000E3175000,1504302537,93.0
2225,CRS3035RES1000mN2027000E3175000,1511617504,
2226,CRS3035RES1000mN2027000E3175000,1541601287,107.0
2227,CRS3035RES1000mN2027000E3175000,1544591296,84.0
2228,CRS3035RES1000mN2027000E3175000,1598174183,61.0
2229,CRS3035RES1000mN2027000E3175000,1629887846,63.0
2230,CRS3035RES1000mN2027000E3175000,1686660176,68.0
2231,CRS3035RES1000mN2027000E3175000,1716927336,99.0
2232,CRS3035RES1000mN2027000E3175000,1734554324,80.0
2233,CRS3035RES1000mN2027000E3175000,1849109335,103.0
2234,CRS3035RES1000mN2027000E3175000,2028408680,
2235,CRS3035RES1000mN2027000E3175000,2036887702,
2236,CRS3035RES1000mN2027000E3175000,2061404218,90.0
2237,CRS3035RES1000mN2027000E3175000,2134238030,77.0
2238,CRS3035RES1000mN2027000E3175000,2261600754,
2239,CRS3035RES1000mN2027000E3175000,2301402027,73.0
2240,CRS3035RES1000mN2027000E3175000,2303966810,
2241,CRS3035RES1000mN2027000E3175000,2312029862,63.0
2242,CRS3035RES1000mN2027000E3175000,2408860250,118.0
2243,CRS3035RES1000mN2027000E3175000,2620185829,77.0
2244,CRS3035RES1000mN2027000E3175000,2622508931,77.0
2245,CRS3035RES1000mN2027000E3175000,2672130951,
2246,CRS3035RES1000mN2027000E3175000,2710518818,78.0
2247,CRS3035RES1000mN2027000E3175000,3034026261,
2248,CRS3035RES1000mN2027000E3175000,3179889751,97.0
2249,CRS3035RES1000mN2027000E3175000,3206611978,
2250,CRS3035RES1000mN2027000E3175000,3272828439,115.0
2251,CRS3035RES1000mN2027000E3175000,3452364276,54.0
2252,CRS3035RES1000mN2027000E3175000,3452364277,67.0
2253,CRS3035RES1000mN2027000E3175000,3495733197,
2254,CRS3035RES1000mN2027000E3175000,3497154853,
2255,CRS3035RES1000mN2027000E3175000,3517755445,
2256,CRS3035RES1000mN2027000E3175000,3522125657,
2257,CRS3035RES1000mN2027000E3175000,3526751794,
2258,CRS3035RES1000mN2027000E3175000,3839306060,64.0
2259,CRS3035RES1000mN2027000E3175000,4214697664,84.0
2260,CRS3035RES1000mN2027000E3175000,4338252586,
2261,CRS3035RES1000mN2027000E3175000,4401271633,
2262,CRS3035RES1000mN2027000E3175000,4515476768,
2263,CRS3035RES1000mN2027000E3175000,4569910891,73.0
2264,CRS3035RES1000mN2027000E3175000,4703730491,109.0
2265,CRS3035RES1000mN2027000E3175000,4707870392,105.0
2266,CRS3035RES1000mN2027000E3175000,4789037769,117.0
2267,CRS3035RES1000mN2027000E3175000,4794233143,
2268,CRS3035RES1000mN2027000E3175000,4870405674,93.0
2269,CRS3035RES1000mN2027000E3175000,5139379922,
2270,CRS3035RES1000mN2027000E3175000,5160337425,75.0
2271,CRS3035RES1000mN2027000E3175000,5196199575,112.0
2272,CRS3035RES1000mN2027000E3175000,5341570554,73.0
2273,CRS3035RES1000mN2027000E3175000,5345949864,80.0
2274,CRS3035RES1000mN2027000E3175000,5448507385,
2275,CRS3035RES1000mN2027000E3175000,5604693894,
2276,CRS3035RES1000mN2027000E3175000,5670401989,
2277,CRS3035RES1000mN2027000E3175000,5942671299,74.0
2278,CRS3035RES1000mN2027000E3175000,5943980960,
2279,CRS3035RES1000mN2027000E3175000,6185791451,
2280,CRS3035RES1000mN2027000E3175000,6188948286,63.0
2281,CRS3035RES1000mN2027000E3175000,6555800191,113.0
2282,CRS3035RES1000mN2027000E3175000,6885254479,82.0
2283,CRS3035RES1000mN2027000E3175000,7222611268,119.0
2284,CRS3035RES1000mN2027000E3175000,7408961006,113.0
2285,CRS3035RES1000mN2027000E3175000,7619964683,
2286,CRS3035RES1000mN2027000E3175000,7836562695,99.0
2287,CRS3035RES1000mN2027000E3175000,8493729364,73.0
2288,CRS3035RES1000mN2027000E3175000,8557885377,
2289,CRS3035RES1000mN2027000E3175000,8807212208,65.0
2290,CRS3035RES1000mN2027000E3175000,8844229173,75.0
2291,CRS3035RES1000mN2027000E3175000,8878422600,100.0
2292,CRS3035RES1000mN2027000E3175000,9595709188,74.0
2293,CRS3035RES1000mN2027000E3175000,9611387099,76.0
2294,CRS3035RES1000mN2027000E3175000,9712656915,76.0
2295,CRS3035RES1000mN2027000E3175000,9713142744,69.0
2296,CRS3035RES1000mN2027000E3175000,9815746657,99.0
2297,CRS3035RES1000mN2027000E3175000,10004871512,64.0
2298,CRS3035RES1000mN2027000E3175000,10281174134,
2299,CRS3035RES1000mN2027000E3175000,10580337411,68.0
2300,CRS3035RES1000mN2027000E3175000,10899442604,110.0
2301,CRS3035RES1000mN2027000E3175000,10922657146,108.0
2302,CRS3035RES1000mN2027000E3175000,11127499928,80.0
2303,CRS3035RES1000mN2027000E3175000,11143725881,97.0
2304,CRS3035RES1000mN2027000E3175000,11243087140,79.0
2305,CRS3035RES1000mN2027000E3175000,11269399969,90.0
2306,CRS3035RES1000mN2027000E3175000,11287269362,65.0
2307,CRS3035RES1000mN2027000E3175000,11287269363,81.0
2308,CRS3035RES1000mN2027000E3175000,11369705764,78.0
2309,CRS3035RES1000mN2027000E3175000,11387776374,66.0
2310,CRS3035RES1000mN2027000E3175000,11461799040,
2311,CRS3035RES1000mN2027000E3175000,11462802981,49.0
2312,CRS3035RES1000mN2027000E3175000,11652077658,101.0
2313,CRS3035RES1000mN2027000E3175000,11691390164,76.0
2314,CRS3035RES1000mN2027000E3175000,11739757462,92.0
2315,CRS3035RES1000mN2027000E3175000,12178446726,96.0
2316,CRS3035RES1000mN2027000E3175000,12407425114,98.0
2317,CRS3035RES1000mN2027000E3175000,12865480228,65.0
2318,CRS3035RES1000mN2027000E3175000,2960630,115.0
2319,CRS3035RES1000mN2027000E3175000,3554044,
2320,CRS3035RES1000mN2027000E3175000,3557906,96.0
2321,CRS3035RES1000mN2027000E3175000,5231361,83.0
2322,CRS3035RES1000mN2027000E3175000,9314566,75.0
2323,CRS3035RES1000mN2027000E3175000,13696257,110.0
2324,CRS3035RES1000mN2027000E3175000,15996131,84.0
2325,CRS3035RES1000mN2027000E3175000,23526191,64.0
2326,CRS3035RES1000mN2027000E3175000,23545719,82.0
2327,CRS3035RES1000mN2027000E3175000,30599279,103.0
2328,CRS3035RES1000mN2027000E3175000,30649229,81.0
2329,CRS3035RES1000mN2027000E3175000,32198651,
2330,CRS3035RES1000mN2027000E3175000,34945111,98.0
2331,CRS3035RES1000mN2027000E3175000,50170625,83.0
2332,CRS3035RES1000mN2027000E3175000,82887228,105.0
2333,CRS3035RES1000mN2027000E3175000,92484952,111.0
2334,CRS3035RES1000mN2027000E3175000,95794713,66.0
2335,CRS3035RES1000mN2027000E3175000,96418670,114.0
2336,CRS3035RES1000mN2027000E3175000,98502686,90.0
2337,CRS3035RES1000mN2027000E3175000,132613257,57.0
2338,CRS3035RES1000mN2027000E3175000,135036040,32.0
2339,CRS3035RES1000mN2027000E3175000,150772489,80.0
2340,CRS3035RES1000mN2027000E3175000,154118456,94.0
2341,CRS3035RES1000mN2027000E3175000,157375776,74.0
2342,CRS3035RES1000mN2027000E3175000,158211204,113.0
2343,CRS3035RES1000mN2027000E3175000,162072415,96.0
2344,CRS3035RES1000mN2027000E3175000,162117720,106.0
2345,CRS3035RES1000mN2027000E3175000,170487273,68.0
2346,CRS3035RES1000mN2027000E3175000,172686062,115.0
2347,CRS3035RES1000mN2027000E3175000,174318235,110.0
2348,CRS3035RES1000mN2027000E3175000,174318237,106.0
2349,CRS3035RES1000mN2027000E3175000,205060159,119.0
2350,CRS3035RES1000mN2027000E3175000,205757163,
2351,CRS3035RES1000mN2027000E3175000,221095520,71.0
2352,CRS3035RES1000mN2027000E3175000,224503374,69.0
2353,CRS3035RES1000mN2027000E3175000,227333462,87.0
2354,CRS3035RES1000mN2027000E3175000,229117454,96.0
2355,CRS3035RES1000mN2027000E3175000,261460389,
2356,CRS3035RES1000mN2027000E3175000,283450022,73.0
2357,CRS3035RES1000mN2027000E3175000,288994040,68.0
2358,CRS3035RES1000mN2027000E3175000,296744564,73.0
2359,CRS3035RES1000mN2027000E3175000,297526406,78.0
2360,CRS3035RES1000mN2027000E3175000,300709861,
2361,CRS3035RES1000mN2027000E3175000,301444634,
2362,CRS3035RES1000mN2027000E3175000,302721609,106.0
2363,CRS3035RES1000mN2027000E3175000,308195630,
2364,CRS3035RES1000mN2027000E3175000,312777902,79.0
2365,CRS3035RES1000mN2027000E3175000,330154630,
2366,CRS3035RES1000mN2027000E3175000,340205456,78.0
2367,CRS3035RES1000mN2027000E3175000,367883612,103.0
2368,CRS3035RES1000mN2027000E3175000,368211943,104.0
2369,CRS3035RES1000mN2027000E3175000,374180360,68.0
2370,CRS3035RES1000mN2027000E3175000,375369499,88.0
2371,CRS3035RES1000mN2027000E3175000,383494544,81.0
2372,CRS3035RES1000mN2027000E3175000,384574591,98.0
2373,CRS3035RES1000mN2027000E3175000,403538322,79.0
2374,CRS3035RES1000mN2027000E3175000,403859503,76.0
2375,CRS3035RES1000mN2027000E3175000,437050442,109.0
2376,CRS3035RES1000mN2027000E3175000,459881697,88.0
2377,CRS3035RES1000mN2027000E3175000,477278425,109.0
2378,CRS3035RES1000mN2027000E3175000,486879235,
2379,CRS3035RES1000mN2027000E3175000,493748377,95.0
2380,CRS3035RES1000mN2027000E3175000,498234201,107.0
2381,CRS3035RES1000mN2027000E3175000,504315026,66.0
2382,CRS3035RES1000mN2027000E3175000,548701490,
2383,CRS3035RES1000mN2027000E3175000,574210084,117.0
2384,CRS3035RES1000mN2027000E3175000,576094143,104.0
2385,CRS3035RES1000mN2027000E3175000,584409067,79.0
2386,CRS3035RES1000mN2027000E3175000,635512756,80.0
2387,CRS3035RES1000mN2027000E3175000,638492224,61.0
2388,CRS3035RES1000mN2027000E3175000,653913062,83.0
2389,CRS3035RES1000mN2027000E3175000,659866770,
2390,CRS3035RES1000mN2027000E3175000,697717972,114.0
2391,CRS3035RES1000mN2027000E3175000,717194862,
2392,CRS3035RES1000mN2027000E3175000,736899303,
2393,CRS3035RES1000mN2027000E3175000,738042217,107.0
2394,CRS3035RES1000mN2027000E3175000,839611983,
2395,CRS3035RES1000mN2027000E3175000,957893520,70.0
2396,CRS3035RES1000mN2027000E3175000,963308110,33.0
2397,CRS3035RES1000mN2027000E3175000,1073283182,102.0
2398,CRS3035RES1000mN2027000E3175000,1252864015,61.0
2399,CRS3035RES1000mN2027000E3175000,1283203658,
2400,CRS3035RES1000mN2027000E3176000,25526,
2401,CRS3035RES1000mN2027000E3176000,1774,93.0
2402,CRS3035RES1000mN2027000E3176000,1770,104.0
2403,CRS3035RES1000mN2027000E3176000,1773,100.0
2404,CRS3035RES1000mN2027000E3176000,1771,99.0
2405,CRS3035RES1000mN2027000E3176000,123303,113.0
2406,CRS3035RES1000mN2027000E3176000,1764,93.0
2407,CRS3035RES1000mN2027000E3176000,181101,94.0
2408,CRS3035RES1000mN2027000E3176000,5765642,119.0
2409,CRS3035RES1000mN2027000E3176000,86719,119.0
2410,CRS3035RES1000mN2027000E3176000,1800,97.0
2411,CRS3035RES1000mN2027000E3176000,1757,112.0
2412,CRS3035RES1000mN2027000E3176000,1755,113.0
2413,CRS3035RES1000mN2027000E3176000,1882,99.0
2414,CRS3035RES1000mN2027000E3176000,1745,81.0
2415,CRS3035RES1000mN2027000E3176000,1794,88.0
2416,CRS3035RES1000mN2027000E3176000,1762,84.0
2417,CRS3035RES1000mN2027000E3176000,51188,96.0
2418,CRS3035RES1000mN2027000E3176000,6893633,89.0
2419,CRS3035RES1000mN2027000E3176000,167128,88.0
2420,CRS3035RES1000mN2027000E3176000,1760,88.0
2421,CRS3035RES1000mN2027000E3176000,12773298,113.0
2422,CRS3035RES1000mN2027000E3176000,1754,116.0
2423,CRS3035RES1000mN2027000E3176000,1748,92.0
2424,CRS3035RES1000mN2027000E3176000,79941,87.0
2425,CRS3035RES1000mN2027000E3176000,1750,98.0
2426,CRS3035RES1000mN2027000E3176000,5975465,101.0
2427,CRS3035RES1000mN2027000E3176000,115056,82.0
2428,CRS3035RES1000mN2027000E3176000,1790,104.0
2429,CRS3035RES1000mN2027000E3176000,1756,114.0
2430,CRS3035RES1000mN2027000E3176000,51849,95.0
2431,CRS3035RES1000mN2027000E3176000,185595,96.0
2432,CRS3035RES1000mN2027000E3176000,7697128,94.0
2433,CRS3035RES1000mN2027000E3176000,10395362,114.0
2434,CRS3035RES1000mN2027000E3176000,1759,94.0
2435,CRS3035RES1000mN2027000E3176000,1752,91.0
2436,CRS3035RES1000mN2027000E3176000,186714,87.0
2437,CRS3035RES1000mN2027000E3176000,1753,99.0
2438,CRS3035RES1000mN2027000E3176000,1792,95.0
2439,CRS3035RES1000mN2027000E3176000,1763,110.0
2440,CRS3035RES1000mN2027000E3176000,1746,91.0
2441,CRS3035RES1000mN2027000E3176000,11572165,108.0
2442,CRS3035RES1000mN2027000E3176000,1761,98.0
2443,CRS3035RES1000mN2027000E3176000,1747,87.0
2444,CRS3035RES1000mN2027000E3176000,5768564,115.0
2445,CRS3035RES1000mN2027000E3176000,1798,100.0
2446,CRS3035RES1000mN2027000E3176000,66904,103.0
2447,CRS3035RES1000mN2027000E3176000,1777,87.0
2448,CRS3035RES1000mN2027000E3176000,1765,88.0
2449,CRS3035RES1000mN2027000E3176000,49416,100.0
2450,CRS3035RES1000mN2027000E3176000,12734939,100.0
2451,CRS3035RES1000mN2027000E3176000,167386167,91.0
2452,CRS3035RES1000mN2027000E3176000,295933804,113.0
2453,CRS3035RES1000mN2027000E3176000,303340017,106.0
2454,CRS3035RES1000mN2027000E3176000,315355551,
2455,CRS3035RES1000mN2027000E3176000,339084977,105.0
2456,CRS3035RES1000mN2027000E3176000,412911553,98.0
2457,CRS3035RES1000mN2027000E3176000,558126037,
2458,CRS3035RES1000mN2027000E3176000,711789768,
2459,CRS3035RES1000mN2027000E3176000,727666062,
2460,CRS3035RES1000mN2027000E3176000,848085869,
2461,CRS3035RES1000mN2027000E3176000,1056098898,101.0
2462,CRS3035RES1000mN2027000E3176000,1255438242,117.0
2463,CRS3035RES1000mN2027000E3176000,1469985039,74.0
2464,CRS3035RES1000mN2027000E3176000,1504302537,
2465,CRS3035RES1000mN2027000E3176000,1511617504,
2466,CRS3035RES1000mN2027000E3176000,1541601287,
2467,CRS3035RES1000mN2027000E3176000,1544591296,108.0
2468,CRS3035RES1000mN2027000E3176000,1598174183,83.0
2469,CRS3035RES1000mN2027000E3176000,1629887846,76.0
2470,CRS3035RES1000mN2027000E3176000,1686660176,94.0
2471,CRS3035RES1000mN2027000E3176000,1716927336,
2472,CRS3035RES1000mN2027000E3176000,1734554324,92.0
2473,CRS3035RES1000mN2027000E3176000,1849109335,111.0
2474,CRS3035RES1000mN2027000E3176000,2028408680,
2475,CRS3035RES1000mN2027000E3176000,2036887702,
2476,CRS3035RES1000mN2027000E3176000,2061404218,110.0
2477,CRS3035RES1000mN2027000E3176000,2134238030,94.0
2478,CRS3035RES1000mN2027000E3176000,2261600754,
2479,CRS3035RES1000mN2027000E3176000,2301402027,96.0
2480,CRS3035RES1000mN2027000E3176000,2303966810,
2481,CRS3035RES1000mN2027000E3176000,2312029862,82.0
2482,CRS3035RES1000mN2027000E3176000,2408860250,
2483,CRS3035RES1000mN2027000E3176000,2620185829,98.0
2484,CRS3035RES1000mN2027000E3176000,2622508931,99.0
2485,CRS3035RES1000mN2027000E3176000,2672130951,
2486,CRS3035RES1000mN2027000E3176000,2710518818,110.0
2487,CRS3035RES1000mN2027000E3176000,3034026261,
2488,CRS3035RES1000mN2027000E3176000,3179889751,
2489,CRS3035RES1000mN2027000E3176000,3206611978,
2490,CRS3035RES1000mN2027000E3176000,3272828439,
2491,CRS3035RES1000mN2027000E3176000,3452364276,87.0
2492,CRS3035RES1000mN2027000E3176000,3452364277,88.0
2493,CRS3035RES1000mN2027000E3176000,3495733197,
2494,CRS3035RES1000mN2027000E3176000,3497154853,
2495,CRS3035RES1000mN2027000E3176000,3517755445,
2496,CRS3035RES1000mN2027000E3176000,3522125657,
2497,CRS3035RES1000mN2027000E3176000,3526751794,
2498,CRS3035RES1000mN2027000E3176000,3839306060,89.0
2499,CRS3035RES1000mN2027000E3176000,4214697664,107.0
2500,CRS3035RES1000mN2027000E3176000,4338252586,
2501,CRS3035RES1000mN2027000E3176000,4401271633,
2502,CRS3035RES1000mN2027000E3176000,4515476768,
2503,CRS3035RES1000mN2027000E3176000,4569910891,95.0
2504,CRS3035RES1000mN2027000E3176000,4703730491,
2505,CRS3035RES1000mN2027000E3176000,4707870392,
2506,CRS3035RES1000mN2027000E3176000,4789037769,
2507,CRS3035RES1000mN2027000E3176000,4794233143,
2508,CRS3035RES1000mN2027000E3176000,4870405674,117.0
2509,CRS3035RES1000mN2027000E3176000,5139379922,
2510,CRS3035RES1000mN2027000E3176000,5160337425,97.0
2511,CRS3035RES1000mN2027000E3176000,5196199575,
2512,CRS3035RES1000mN2027000E3176000,5341570554,95.0
2513,CRS3035RES1000mN2027000E3176000,5345949864,108.0
2514,CRS3035RES1000mN2027000E3176000,5448507385,
2515,CRS3035RES1000mN2027000E3176000,5604693894,
2516,CRS3035RES1000mN2027000E3176000,5670401989,
2517,CRS3035RES1000mN2027000E3176000,5942671299,114.0
2518,CRS3035RES1000mN2027000E3176000,5943980960,
2519,CRS3035RES1000mN2027000E3176000,6185791451,
2520,CRS3035RES1000mN2027000E3176000,6188948286,97.0
2521,CRS3035RES1000mN2027000E3176000,6555800191,
2522,CRS3035RES1000mN2027000E3176000,6885254479,110.0
2523,CRS3035RES1000mN2027000E3176000,7222611268,
2524,CRS3035RES1000mN2027000E3176000,7408961006,
2525,CRS3035RES1000mN2027000E3176000,7619964683,
2526,CRS3035RES1000mN2027000E3176000,7836562695,
2527,CRS3035RES1000mN2027000E3176000,8493729364,102.0
2528,CRS3035RES1000mN2027000E3176000,8557885377,
2529,CRS3035RES1000mN2027000E3176000,8807212208,88.0
2530,CRS3035RES1000mN2027000E3176000,8844229173,97.0
2531,CRS3035RES1000mN2027000E3176000,8878422600,
2532,CRS3035RES1000mN2027000E3176000,9595709188,95.0
2533,CRS3035RES1000mN2027000E3176000,9611387099,107.0
2534,CRS3035RES1000mN2027000E3176000,9712656915,97.0
2535,CRS3035RES1000mN2027000E3176000,9713142744,90.0
2536,CRS3035RES1000mN2027000E3176000,9815746657,
2537,CRS3035RES1000mN2027000E3176000,10004871512,84.0
2538,CRS3035RES1000mN2027000E3176000,10281174134,
2539,CRS3035RES1000mN2027000E3176000,10580337411,93.0
2540,CRS3035RES1000mN2027000E3176000,10899442604,
2541,CRS3035RES1000mN2027000E3176000,10922657146,
2542,CRS3035RES1000mN2027000E3176000,11127499928,117.0
2543,CRS3035RES1000mN2027000E3176000,11143725881,119.0
2544,CRS3035RES1000mN2027000E3176000,11243087140,113.0
2545,CRS3035RES1000mN2027000E3176000,11269399969,112.0
2546,CRS3035RES1000mN2027000E3176000,11287269362,86.0
2547,CRS3035RES1000mN2027000E3176000,11287269363,107.0
2548,CRS3035RES1000mN2027000E3176000,11369705764,100.0
2549,CRS3035RES1000mN2027000E3176000,11387776374,100.0
2550,CRS3035RES1000mN2027000E3176000,11461799040,
2551,CRS3035RES1000mN2027000E3176000,11462802981,84.0
2552,CRS3035RES1000mN2027000E3176000,11652077658,116.0
2553,CRS3035RES1000mN2027000E3176000,11691390164,97.0
2554,CRS3035RES1000mN2027000E3176000,11739757462,
2555,CRS3035RES1000mN2027000E3176000,12178446726,119.0
2556,CRS3035RES1000mN2027000E3176000,12407425114,
2557,CRS3035RES1000mN2027000E3176000,12865480228,90.0
2558,CRS3035RES1000mN2027000E3176000,2960630,
2559,CRS3035RES1000mN2027000E3176000,3554044,
2560,CRS3035RES1000mN2027000E3176000,3557906,
2561,CRS3035RES1000mN2027000E3176000,5231361,104.0
2562,CRS3035RES1000mN2027000E3176000,9314566,116.0
2563,CRS3035RES1000mN2027000E3176000,13696257,
2564,CRS3035RES1000mN2027000E3176000,15996131,105.0
2565,CRS3035RES1000mN2027000E3176000,23526191,91.0
2566,CRS3035RES1000mN2027000E3176000,23545719,102.0
2567,CRS3035RES1000mN2027000E3176000,30599279,
2568,CRS3035RES1000mN2027000E3176000,30649229,103.0
2569,CRS3035RES1000mN2027000E3176000,32198651,
2570,CRS3035RES1000mN2027000E3176000,34945111,
2571,CRS3035RES1000mN2027000E3176000,50170625,118.0
2572,CRS3035RES1000mN2027000E3176000,82887228,
2573,CRS3035RES1000mN2027000E3176000,92484952,
2574,CRS3035RES1000mN2027000E3176000,95794713,100.0
2575,CRS3035RES1000mN2027000E3176000,96418670,
2576,CRS3035RES1000mN2027000E3176000,98502686,111.0
2577,CRS3035RES1000mN2027000E3176000,132613257,91.0
2578,CRS3035RES1000mN2027000E3176000,135036040,59.0
2579,CRS3035RES1000mN2027000E3176000,150772489,102.0
2580,CRS3035RES1000mN2027000E3176000,154118456,
2581,CRS3035RES1000mN2027000E3176000,157375776,111.0
2582,CRS3035RES1000mN2027000E3176000,158211204,
2583,CRS3035RES1000mN2027000E3176000,162072415,
2584,CRS3035RES1000mN2027000E3176000,162117720,
2585,CRS3035RES1000mN2027000E3176000,170487273,90.0
2586,CRS3035RES1000mN2027000E3176000,172686062,
2587,CRS3035RES1000mN2027000E3176000,174318235,
2588,CRS3035RES1000mN2027000E3176000,174318237,
2589,CRS3035RES1000mN2027000E3176000,205060159,
2590,CRS3035RES1000mN2027000E3176000,205757163,
2591,CRS3035RES1000mN2027000E3176000,221095520,95.0
2592,CRS3035RES1000mN2027000E3176000,224503374,89.0
2593,CRS3035RES1000mN2027000E3176000,227333462,117.0
2594,CRS3035RES1000mN2027000E3176000,229117454,118.0
2595,CRS3035RES1000mN2027000E3176000,261460389,
2596,CRS3035RES1000mN2027000E3176000,283450022,94.0
2597,CRS3035RES1000mN2027000E3176000,288994040,101.0
2598,CRS3035RES1000mN2027000E3176000,296744564,119.0
2599,CRS3035RES1000mN2027000E3176000,297526406,
2600,CRS3035RES1000mN2027000E3176000,300709861,
2601,CRS3035RES1000mN2027000E3176000,301444634,
2602,CRS3035RES1000mN2027000E3176000,302721609,
2603,CRS3035RES1000mN2027000E3176000,308195630,
2604,CRS3035RES1000mN2027000E3176000,312777902,109.0
2605,CRS3035RES1000mN2027000E3176000,330154630,
2606,CRS3035RES1000mN2027000E3176000,340205456,100.0
2607,CRS3035RES1000mN2027000E3176000,367883612,
2608,CRS3035RES1000mN2027000E3176000,368211943,
2609,CRS3035RES1000mN2027000E3176000,374180360,92.0
2610,CRS3035RES1000mN2027000E3176000,375369499,
2611,CRS3035RES1000mN2027000E3176000,383494544,102.0
2612,CRS3035RES1000mN2027000E3176000,384574591,
2613,CRS3035RES1000mN2027000E3176000,403538322,110.0
2614,CRS3035RES1000mN2027000E3176000,403859503,97.0
2615,CRS3035RES1000mN2027000E3176000,437050442,
2616,CRS3035RES1000mN2027000E3176000,459881697,118.0
2617,CRS3035RES1000mN2027000E3176000,477278425,
2618,CRS3035RES1000mN2027000E3176000,486879235,
2619,CRS3035RES1000mN2027000E3176000,493748377,
2620,CRS3035RES1000mN2027000E3176000,498234201,
2621,CRS3035RES1000mN2027000E3176000,504315026,91.0
2622,CRS3035RES1000mN2027000E3176000,548701490,
2623,CRS3035RES1000mN2027000E3176000,574210084,
2624,CRS3035RES1000mN2027000E3176000,576094143,
2625,CRS3035RES1000mN2027000E3176000,584409067,108.0
2626,CRS3035RES1000mN2027000E3176000,635512756,117.0
2627,CRS3035RES1000mN2027000E3176000,638492224,81.0
2628,CRS3035RES1000mN2027000E3176000,653913062,
2629,CRS3035RES1000mN2027000E3176000,659866770,
2630,CRS3035RES1000mN2027000E3176000,697717972,
2631,CRS3035RES1000mN2027000E3176000,717194862,
2632,CRS3035RES1000mN2027000E3176000,736899303,
2633,CRS3035RES1000mN2027000E3176000,738042217,
2634,CRS3035RES1000mN2027000E3176000,839611983,
2635,CRS3035RES1000mN2027000E3176000,957893520,94.0
2636,CRS3035RES1000mN2027000E3176000,963308110,66.0
2637,CRS3035RES1000mN2027000E3176000,1073283182,
2638,CRS3035RES1000mN2027000E3176000,1252864015,83.0
2639,CRS3035RES1000mN2027000E3176000,1283203658,
2640,CRS3035RES1000mN2027000E3177000,25526,
2641,CRS3035RES1000mN2027000E3177000,1774,101.0
2642,CRS3035RES1000mN2027000E3177000,1770,108.0
2643,CRS3035RES1000mN2027000E3177000,1773,111.0
2644,CRS3035RES1000mN2027000E3177000,1771,107.0
2645,CRS3035RES1000mN2027000E3177000,123303,
2646,CRS3035RES1000mN2027000E3177000,1764,100.0
2647,CRS3035RES1000mN2027000E3177000,181101,103.0
2648,CRS3035RES1000mN2027000E3177000,5765642,
2649,CRS3035RES1000mN2027000E3177000,86719,
2650,CRS3035RES1000mN2027000E3177000,1800,106.0
2651,CRS3035RES1000mN2027000E3177000,1757,
2652,CRS3035RES1000mN2027000E3177000,1755,
2653,CRS3035RES1000mN2027000E3177000,1882,106.0
2654,CRS3035RES1000mN2027000E3177000,1745,84.0
2655,CRS3035RES1000mN2027000E3177000,1794,92.0
2656,CRS3035RES1000mN2027000E3177000,1762,93.0
2657,CRS3035RES1000mN2027000E3177000,51188,103.0
2658,CRS3035RES1000mN2027000E3177000,6893633,97.0
2659,CRS3035RES1000mN2027000E3177000,167128,98.0
2660,CRS3035RES1000mN2027000E3177000,1760,96.0
2661,CRS3035RES1000mN2027000E3177000,12773298,
2662,CRS3035RES1000mN2027000E3177000,1754,
2663,CRS3035RES1000mN2027000E3177000,1748,101.0
2664,CRS3035RES1000mN2027000E3177000,79941,91.0
2665,CRS3035RES1000mN2027000E3177000,1750,101.0
2666,CRS3035RES1000mN2027000E3177000,5975465,110.0
2667,CRS3035RES1000mN2027000E3177000,115056,95.0
2668,CRS3035RES1000mN2027000E3177000,1790,112.0
2669,CRS3035RES1000mN2027000E3177000,1756,
2670,CRS3035RES1000mN2027000E3177000,51849,105.0
2671,CRS3035RES1000mN2027000E3177000,185595,103.0
2672,CRS3035RES1000mN2027000E3177000,7697128,101.0
2673,CRS3035RES1000mN2027000E3177000,10395362,
2674,CRS3035RES1000mN2027000E3177000,1759,103.0
2675,CRS3035RES1000mN2027000E3177000,1752,100.0
2676,CRS3035RES1000mN2027000E3177000,186714,98.0
2677,CRS3035RES1000mN2027000E3177000,1753,108.0
2678,CRS3035RES1000mN2027000E3177000,1792,103.0
2679,CRS3035RES1000mN2027000E3177000,1763,118.0
2680,CRS3035RES1000mN2027000E3177000,1746,104.0
2681,CRS3035RES1000mN2027000E3177000,11572165,
2682,CRS3035RES1000mN2027000E3177000,1761,108.0
2683,CRS3035RES1000mN2027000E3177000,1747,96.0
2684,CRS3035RES1000mN2027000E3177000,5768564,
2685,CRS3035RES1000mN2027000E3177000,1798,109.0
2686,CRS3035RES1000mN2027000E3177000,66904,111.0
2687,CRS3035RES1000mN2027000E3177000,1777,95.0
2688,CRS3035RES1000mN2027000E3177000,1765,95.0
2689,CRS3035RES1000mN2027000E3177000,49416,109.0
2690,CRS3035RES1000mN2027000E3177000,12734939,109.0
2691,CRS3035RES1000mN2027000E3177000,167386167,100.0
2692,CRS3035RES1000mN2027000E3177000,295933804,
2693,CRS3035RES1000mN2027000E3177000,303340017,117.0
2694,CRS3035RES1000mN2027000E3177000,315355551,
2695,CRS3035RES1000mN2027000E3177000,339084977,113.0
2696,CRS3035RES1000mN2027000E3177000,412911553,105.0
2697,CRS3035RES1000mN2027000E3177000,558126037,
2698,CRS3035RES1000mN2027000E3177000,711789768,
2699,CRS3035RES1000mN2027000E3177000,727666062,
2700,CRS3035RES1000mN2027000E3177000,848085869,
2701,CRS3035RES1000mN2027000E3177000,1056098898,109.0
2702,CRS3035RES1000mN2027000E3177000,1255438242,117.0
2703,CRS3035RES1000mN2027000E3177000,1469985039,89.0
2704,CRS3035RES1000mN2027000E3177000,1504302537,
2705,CRS3035RES1000mN2027000E3177000,1511617504,
2706,CRS3035RES1000mN2027000E3177000,1541601287,
2707,CRS3035RES1000mN2027000E3177000,1544591296,116.0
2708,CRS3035RES1000mN2027000E3177000,1598174183,83.0
2709,CRS3035RES1000mN2027000E3177000,1629887846,77.0
2710,CRS3035RES1000mN2027000E3177000,1686660176,100.0
2711,CRS3035RES1000mN2027000E3177000,1716927336,
2712,CRS3035RES1000mN2027000E3177000,1734554324,92.0
2713,CRS3035RES1000mN2027000E3177000,1849109335,
2714,CRS3035RES1000mN2027000E3177000,2028408680,
2715,CRS3035RES1000mN2027000E3177000,2036887702,
2716,CRS3035RES1000mN2027000E3177000,2061404218,
2717,CRS3035RES1000mN2027000E3177000,2134238030,94.0
2718,CRS3035RES1000mN2027000E3177000,2261600754,
2719,CRS3035RES1000mN2027000E3177000,2301402027,100.0
2720,CRS3035RES1000mN2027000E3177000,2303966810,
2721,CRS3035RES1000mN2027000E3177000,2312029862,82.0
2722,CRS3035RES1000mN2027000E3177000,2408860250,
2723,CRS3035RES1000mN2027000E3177000,2620185829,106.0
2724,CRS3035RES1000mN2027000E3177000,2622508931,107.0
2725,CRS3035RES1000mN2027000E3177000,2672130951,
2726,CRS3035RES1000mN2027000E3177000,2710518818,113.0
2727,CRS3035RES1000mN2027000E3177000,3034026261,
2728,CRS3035RES1000mN2027000E3177000,3179889751,
2729,CRS3035RES1000mN2027000E3177000,3206611978,
2730,CRS3035RES1000mN2027000E3177000,3272828439,
2731,CRS3035RES1000mN2027000E3177000,3452364276,98.0
2732,CRS3035RES1000mN2027000E3177000,3452364277,97.0
2733,CRS3035RES1000mN2027000E3177000,3495733197,
2734,CRS3035RES1000mN2027000E3177000,3497154853,
2735,CRS3035RES1000mN2027000E3177000,3517755445,
2736,CRS3035RES1000mN2027000E3177000,3522125657,
2737,CRS3035RES1000mN2027000E3177000,3526751794,
2738,CRS3035RES1000mN2027000E3177000,3839306060,95.0
2739,CRS3035RES1000mN2027000E3177000,4214697664,114.0
2740,CRS3035RES1000mN2027000E3177000,4338252586,
2741,CRS3035RES1000mN2027000E3177000,4401271633,
2742,CRS3035RES1000mN2027000E3177000,4515476768,
2743,CRS3035RES1000mN2027000E3177000,4569910891,103.0
2744,CRS3035RES1000mN2027000E3177000,4703730491,
2745,CRS3035RES1000mN2027000E3177000,4707870392,
2746,CRS3035RES1000mN2027000E3177000,4789037769,
2747,CRS3035RES1000mN2027000E3177000,4794233143,
2748,CRS3035RES1000mN2027000E3177000,4870405674,
2749,CRS3035RES1000mN2027000E3177000,5139379922,
2750,CRS3035RES1000mN2027000E3177000,5160337425,105.0
2751,CRS3035RES1000mN2027000E3177000,5196199575,
2752,CRS3035RES1000mN2027000E3177000,5341570554,103.0
2753,CRS3035RES1000mN2027000E3177000,5345949864,110.0
2754,CRS3035RES1000mN2027000E3177000,5448507385,
2755,CRS3035RES1000mN2027000E3177000,5604693894,
2756,CRS3035RES1000mN2027000E3177000,5670401989,
2757,CRS3035RES1000mN2027000E3177000,5942671299,117.0
2758,CRS3035RES1000mN2027000E3177000,5943980960,
2759,CRS3035RES1000mN2027000E3177000,6185791451,
2760,CRS3035RES1000mN2027000E3177000,6188948286,107.0
2761,CRS3035RES1000mN2027000E3177000,6555800191,
2762,CRS3035RES1000mN2027000E3177000,6885254479,119.0
2763,CRS3035RES1000mN2027000E3177000,7222611268,
2764,CRS3035RES1000mN2027000E3177000,7408961006,
2765,CRS3035RES1000mN2027000E3177000,7619964683,
2766,CRS3035RES1000mN2027000E3177000,7836562695,
2767,CRS3035RES1000mN2027000E3177000,8493729364,111.0
2768,CRS3035RES1000mN2027000E3177000,8557885377,
2769,CRS3035RES1000mN2027000E3177000,8807212208,95.0
2770,CRS3035RES1000mN2027000E3177000,8844229173,105.0
2771,CRS3035RES1000mN2027000E3177000,8878422600,
2772,CRS3035RES1000mN2027000E3177000,9595709188,103.0
2773,CRS3035RES1000mN2027000E3177000,9611387099,117.0
2774,CRS3035RES1000mN2027000E3177000,9712656915,105.0
2775,CRS3035RES1000mN2027000E3177000,9713142744,98.0
2776,CRS3035RES1000mN2027000E3177000,9815746657,
2777,CRS3035RES1000mN2027000E3177000,10004871512,84.0
2778,CRS3035RES1000mN2027000E3177000,10281174134,
2779,CRS3035RES1000mN2027000E3177000,10580337411,99.0
2780,CRS3035RES1000mN2027000E3177000,10899442604,
2781,CRS3035RES1000mN2027000E3177000,10922657146,
2782,CRS3035RES1000mN2027000E3177000,11127499928,
2783,CRS3035RES1000mN2027000E3177000,11143725881,
2784,CRS3035RES1000mN2027000E3177000,11243087140,119.0
2785,CRS3035RES1000mN2027000E3177000,11269399969,
2786,CRS3035RES1000mN2027000E3177000,11287269362,87.0
2787,CRS3035RES1000mN2027000E3177000,11287269363,110.0
2788,CRS3035RES1000mN2027000E3177000,11369705764,104.0
2789,CRS3035RES1000mN2027000E3177000,11387776374,109.0
2790,CRS3035RES1000mN2027000E3177000,11461799040,
2791,CRS3035RES1000mN2027000E3177000,11462802981,93.0
2792,CRS3035RES1000mN2027000E3177000,11652077658,
2793,CRS3035RES1000mN2027000E3177000,11691390164,105.0
2794,CRS3035RES1000mN2027000E3177000,11739757462,
2795,CRS3035RES1000mN2027000E3177000,12178446726,
2796,CRS3035RES1000mN2027000E3177000,12407425114,
2797,CRS3035RES1000mN2027000E3177000,12865480228,96.0
2798,CRS3035RES1000mN2027000E3177000,2960630,
2799,CRS3035RES1000mN2027000E3177000,3554044,
2800,CRS3035RES1000mN2027000E3177000,3557906,
2801,CRS3035RES1000mN2027000E3177000,5231361,113.0
2802,CRS3035RES1000mN2027000E3177000,9314566,
2803,CRS3035RES1000mN2027000E3177000,13696257,
2804,CRS3035RES1000mN2027000E3177000,15996131,114.0
2805,CRS3035RES1000mN2027000E3177000,23526191,97.0
2806,CRS3035RES1000mN2027000E3177000,23545719,105.0
2807,CRS3035RES1000mN2027000E3177000,30599279,
2808,CRS3035RES1000mN2027000E3177000,30649229,112.0
2809,CRS3035RES1000mN2027000E3177000,32198651,
2810,CRS3035RES1000mN2027000E3177000,34945111,
2811,CRS3035RES1000mN2027000E3177000,50170625,
2812,CRS3035RES1000mN2027000E3177000,82887228,
2813,CRS3035RES1000mN2027000E3177000,92484952,
2814,CRS3035RES1000mN2027000E3177000,95794713,109.0
2815,CRS3035RES1000mN2027000E3177000,96418670,
2816,CRS3035RES1000mN2027000E3177000,98502686,118.0
2817,CRS3035RES1000mN2027000E3177000,132613257,100.0
2818,CRS3035RES1000mN2027000E3177000,135036040,74.0
2819,CRS3035RES1000mN2027000E3177000,150772489,110.0
2820,CRS3035RES1000mN2027000E3177000,154118456,
2821,CRS3035RES1000mN2027000E3177000,157375776,114.0
2822,CRS3035RES1000mN2027000E3177000,158211204,
2823,CRS3035RES1000mN2027000E3177000,162072415,
2824,CRS3035RES1000mN2027000E3177000,162117720,
2825,CRS3035RES1000mN2027000E3177000,170487273,113.0
2826,CRS3035RES1000mN2027000E3177000,172686062,
2827,CRS3035RES1000mN2027000E3177000,174318235,
2828,CRS3035RES1000mN2027000E3177000,174318237,
2829,CRS3035RES1000mN2027000E3177000,205060159,
2830,CRS3035RES1000mN2027000E3177000,205757163,
2831,CRS3035RES1000mN2027000E3177000,221095520,99.0
2832,CRS3035RES1000mN2027000E3177000,224503374,98.0
2833,CRS3035RES1000mN2027000E3177000,227333462,117.0
2834,CRS3035RES1000mN2027000E3177000,229117454,119.0
2835,CRS3035RES1000mN2027000E3177000,261460389,
2836,CRS3035RES1000mN2027000E3177000,283450022,102.0
2837,CRS3035RES1000mN2027000E3177000,288994040,111.0
2838,CRS3035RES1000mN2027000E3177000,296744564,119.0
2839,CRS3035RES1000mN2027000E3177000,297526406,
2840,CRS3035RES1000mN2027000E3177000,300709861,
2841,CRS3035RES1000mN2027000E3177000,301444634,
2842,CRS3035RES1000mN2027000E3177000,302721609,
2843,CRS3035RES1000mN2027000E3177000,308195630,
2844,CRS3035RES1000mN2027000E3177000,312777902,118.0
2845,CRS3035RES1000mN2027000E3177000,330154630,
2846,CRS3035RES1000mN2027000E3177000,340205456,107.0
2847,CRS3035RES1000mN2027000E3177000,367883612,
2848,CRS3035RES1000mN2027000E3177000,368211943,
2849,CRS3035RES1000mN2027000E3177000,374180360,93.0
2850,CRS3035RES1000mN2027000E3177000,375369499,
2851,CRS3035RES1000mN2027000E3177000,383494544,111.0
2852,CRS3035RES1000mN2027000E3177000,384574591,
2853,CRS3035RES1000mN2027000E3177000,403538322,113.0
2854,CRS3035RES1000mN2027000E3177000,403859503,106.0
2855,CRS3035RES1000mN2027000E3177000,437050442,
2856,CRS3035RES1000mN2027000E3177000,459881697,118.0
2857,CRS3035RES1000mN2027000E3177000,477278425,
2858,CRS3035RES1000mN2027000E3177000,486879235,
2859,CRS3035RES1000mN2027000E3177000,493748377,
2860,CRS3035RES1000mN2027000E3177000,498234201,
2861,CRS3035RES1000mN2027000E3177000,504315026,97.0
2862,CRS3035RES1000mN2027000E3177000,548701490,
2863,CRS3035RES1000mN2027000E3177000,574210084,
2864,CRS3035RES1000mN2027000E3177000,576094143,
2865,CRS3035RES1000mN2027000E3177000,584409067,
2866,CRS3035RES1000mN2027000E3177000,635512756,
2867,CRS3035RES1000mN2027000E3177000,638492224,105.0
2868,CRS3035RES1000mN2027000E3177000,653913062,
2869,CRS3035RES1000mN2027000E3177000,659866770,
2870,CRS3035RES1000mN2027000E3177000,697717972,
2871,CRS3035RES1000mN2027000E3177000,717194862,
2872,CRS3035RES1000mN2027000E3177000,736899303,
2873,CRS3035RES1000mN2027000E3177000,738042217,
2874,CRS3035RES1000mN2027000E3177000,839611983,
2875,CRS3035RES1000mN2027000E3177000,957893520,103.0
2876,CRS3035RES1000mN2027000E3177000,963308110,81.0
2877,CRS3035RES1000mN2027000E3177000,1073283182,
2878,CRS3035RES1000mN2027000E3177000,1252864015,83.0
2879,CRS3035RES1000mN2027000E3177000,1283203658,
2880,CRS3035RES1000mN2027000E3178000,25526,
2881,CRS3035RES1000mN2027000E3178000,1774,
2882,CRS3035RES1000mN2027000E3178000,1770,
2883,CRS3035RES1000mN2027000E3178000,1773,
2884,CRS3035RES1000mN2027000E3178000,1771,
2885,CRS3035RES1000mN2027000E3178000,123303,
2886,CRS3035RES1000mN2027000E3178000,1764,
2887,CRS3035RES1000mN2027000E3178000,181101,
2888,CRS3035RES1000mN2027000E3178000,5765642,
2889,CRS3035RES1000mN2027000E3178000,86719,
2890,CRS3035RES1000mN2027000E3178000,1800,
2891,CRS3035RES1000mN2027000E3178000,1757,
2892,CRS3035RES1000mN2027000E3178000,1755,
2893,CRS3035RES1000mN2027000E3178000,1882,
2894,CRS3035RES1000mN2027000E3178000,1745,
2895,CRS3035RES1000mN2027000E3178000,1794,
2896,CRS3035RES1000mN2027000E3178000,1762,
2897,CRS3035RES1000mN2027000E3178000,51188,
2898,CRS3035RES1000mN2027000E3178000,6893633,
2899,CRS3035RES1000mN2027000E3178000,167128,
2900,CRS3035RES1000mN2027000E3178000,1760,
2901,CRS3035RES1000mN2027000E3178000,12773298,
2902,CRS3035RES1000mN2027000E3178000,1754,
2903,CRS3035RES1000mN2027000E3178000,1748,
2904,CRS3035RES1000mN2027000E3178000,79941,
2905,CRS3035RES1000mN2027000E3178000,1750,
2906,CRS3035RES1000mN2027000E3178000,5975465,
2907,CRS3035RES1000mN2027000E3178000,115056,
2908,CRS3035RES1000mN2027000E3178000,1790,
2909,CRS3035RES1000mN2027000E3178000,1756,
2910,CRS3035RES1000mN2027000E3178000,51849,
2911,CRS3035RES1000mN2027000E3178000,185595,
2912,CRS3035RES1000mN2027000E3178000,7697128,
2913,CRS3035RES1000mN2027000E3178000,10395362,
2914,CRS3035RES1000mN2027000E3178000,1759,
2915,CRS3035RES1000mN2027000E3178000,1752,
2916,CRS3035RES1000mN2027000E3178000,186714,
2917,CRS3035RES1000mN2027000E3178000,1753,
2918,CRS3035RES1000mN2027000E3178000,1792,
2919,CRS3035RES1000mN2027000E3178000,1763,
2920,CRS3035RES1000mN2027000E3178000,1746,
2921,CRS3035RES1000mN2027000E3178000,11572165,
2922,CRS3035RES1000mN2027000E3178000,1761,
2923,CRS3035RES1000mN2027000E3178000,1747,
2924,CRS3035RES1000mN2027000E3178000,5768564,
2925,CRS3035RES1000mN2027000E3178000,1798,
2926,CRS3035RES1000mN2027000E3178000,66904,
2927,CRS3035RES1000mN2027000E3178000,1777,
2928,CRS3035RES1000mN2027000E3178000,1765,
2929,CRS3035RES1000mN2027000E3178000,49416,
2930,CRS3035RES1000mN2027000E3178000,12734939,
2931,CRS3035RES1000mN2027000E3178000,167386167,
2932,CRS3035RES1000mN2027000E3178000,295933804,
2933,CRS3035RES1000mN2027000E3178000,303340017,
2934,CRS3035RES1000mN2027000E3178000,315355551,
2935,CRS3035RES1000mN2027000E3178000,339084977,
2936,CRS3035RES1000mN2027000E3178000,412911553,
2937,CRS3035RES1000mN2027000E3178000,558126037,
2938,CRS3035RES1000mN2027000E3178000,711789768,
2939,CRS3035RES1000mN2027000E3178000,727666062,
2940,CRS3035RES1000mN2027000E3178000,848085869,
2941,CRS3035RES1000mN2027000E3178000,1056098898,
2942,CRS3035RES1000mN2027000E3178000,1255438242,
2943,CRS3035RES1000mN2027000E3178000,1469985039,
2944,CRS3035RES1000mN2027000E3178000,1504302537,
2945,CRS3035RES1000mN2027000E3178000,1511617504,
2946,CRS3035RES1000mN2027000E3178000,1541601287,
2947,CRS3035RES1000mN2027000E3178000,1544591296,
2948,CRS3035RES1000mN2027000E3178000,1598174183,113.0
2949,CRS3035RES1000mN2027000E3178000,1629887846,101.0
2950,CRS3035RES1000mN2027000E3178000,1686660176,
2951,CRS3035RES1000mN2027000E3178000,1716927336,
2952,CRS3035RES1000mN2027000E3178000,1734554324,
2953,CRS3035RES1000mN2027000E3178000,1849109335,
2954,CRS3035RES1000mN2027000E3178000,2028408680,
2955,CRS3035RES1000mN2027000E3178000,2036887702,
2956,CRS3035RES1000mN2027000E3178000,2061404218,
2957,CRS3035RES1000mN2027000E3178000,2134238030,
2958,CRS3035RES1000mN2027000E3178000,2261600754,
2959,CRS3035RES1000mN2027000E3178000,2301402027,
2960,CRS3035RES1000mN2027000E3178000,2303966810,
2961,CRS3035RES1000mN2027000E3178000,2312029862,116.0
2962,CRS3035RES1000mN2027000E3178000,2408860250,
2963,CRS3035RES1000mN2027000E3178000,2620185829,
2964,CRS3035RES1000mN2027000E3178000,2622508931,
2965,CRS3035RES1000mN2027000E3178000,2672130951,
2966,CRS3035RES1000mN2027000E3178000,2710518818,
2967,CRS3035RES1000mN2027000E3178000,3034026261,
2968,CRS3035RES1000mN2027000E3178000,3179889751,
2969,CRS3035RES1000mN2027000E3178000,3206611978,
2970,CRS3035RES1000mN2027000E3178000,3272828439,
2971,CRS3035RES1000mN2027000E3178000,3452364276,
2972,CRS3035RES1000mN2027000E3178000,3452364277,
2973,CRS3035RES1000mN2027000E3178000,3495733197,
2974,CRS3035RES1000mN2027000E3178000,3497154853,
2975,CRS3035RES1000mN2027000E3178000,3517755445,
2976,CRS3035RES1000mN2027000E3178000,3522125657,
2977,CRS3035RES1000mN2027000E3178000,3526751794,
2978,CRS3035RES1000mN2027000E3178000,3839306060,
2979,CRS3035RES1000mN2027000E3178000,4214697664,
2980,CRS3035RES1000mN2027000E3178000,4338252586,
2981,CRS3035RES1000mN2027000E3178000,4401271633,
2982,CRS3035RES1000mN2027000E3178000,4515476768,
2983,CRS3035RES1000mN2027000E3178000,4569910891,
2984,CRS3035RES1000mN2027000E3178000,4703730491,
2985,CRS3035RES1000mN2027000E3178000,4707870392,
2986,CRS3035RES1000mN2027000E3178000,4789037769,
2987,CRS3035RES1000mN2027000E3178000,4794233143,
2988,CRS3035RES1000mN2027000E3178000,4870405674,
2989,CRS3035RES1000mN2027000E3178000,5139379922,
2990,CRS3035RES1000mN2027000E3178000,5160337425,
2991,CRS3035RES1000mN2027000E3178000,5196199575,
2992,CRS3035RES1000mN2027000E3178000,5341570554,
2993,CRS3035RES1000mN2027000E3178000,5345949864,
2994,CRS3035RES1000mN2027000E3178000,5448507385,
2995,CRS3035RES1000mN2027000E3178000,5604693894,
2996,CRS3035RES1000mN2027000E3178000,5670401989,
2997,CRS3035RES1000mN2027000E3178000,5942671299,
2998,CRS3035RES1000mN2027000E3178000,5943980960,
2999,CRS3035RES1000mN2027000E3178000,6185791451,
3000,CRS3035RES1000mN2027000E3178000,6188948286,
3001,CRS3035RES1000mN2027000E3178000,6555800191,
3002,CRS3035RES1000mN2027000E3178000,6885254479,
3003,CRS3035RES1000mN2027000E3178000,7222611268,
3004,CRS3035RES1000mN2027000E3178000,7408961006,
3005,CRS3035RES1000mN2027000E3178000,7619964683,
3006,CRS3035RES1000mN2027000E3178000,7836562695,
3007,CRS3035RES1000mN2027000E3178000,8493729364,
3008,CRS3035RES1000mN2027000E3178000,8557885377,
3009,CRS3035RES1000mN2027000E3178000,8807212208,
3010,CRS3035RES1000mN2027000E3178000,8844229173,
3011,CRS3035RES1000mN2027000E3178000,8878422600,
3012,CRS3035RES1000mN2027000E3178000,9595709188,
3013,CRS3035RES1000mN2027000E3178000,9611387099,
3014,CRS3035RES1000mN2027000E3178000,9712656915,
3015,CRS3035RES1000mN2027000E3178000,9713142744,
3016,CRS3035RES1000mN2027000E3178000,9815746657,
3017,CRS3035RES1000mN2027000E3178000,10004871512,117.0
3018,CRS3035RES1000mN2027000E3178000,10281174134,
3019,CRS3035RES1000mN2027000E3178000,10580337411,
3020,CRS3035RES1000mN2027000E3178000,10899442604,
3021,CRS3035RES1000mN2027000E3178000,10922657146,
3022,CRS3035RES1000mN2027000E3178000,11127499928,
3023,CRS3035RES1000mN2027000E3178000,11143725881,
3024,CRS3035RES1000mN2027000E3178000,11243087140,
3025,CRS3035RES1000mN2027000E3178000,11269399969,
3026,CRS3035RES1000mN2027000E3178000,11287269362,
3027,CRS3035RES1000mN2027000E3178000,11287269363,
3028,CRS3035RES1000mN2027000E3178000,11369705764,
3029,CRS3035RES1000mN2027000E3178000,11387776374,
3030,CRS3035RES1000mN2027000E3178000,11461799040,
3031,CRS3035RES1000mN2027000E3178000,11462802981,
3032,CRS3035RES1000mN2027000E3178000,11652077658,
3033,CRS3035RES1000mN2027000E3178000,11691390164,
3034,CRS3035RES1000mN2027000E3178000,11739757462,
3035,CRS3035RES1000mN2027000E3178000,12178446726,
3036,CRS3035RES1000mN2027000E3178000,12407425114,
3037,CRS3035RES1000mN2027000E3178000,12865480228,
3038,CRS3035RES1000mN2027000E3178000,2960630,
3039,CRS3035RES1000mN2027000E3178000,3554044,
3040,CRS3035RES1000mN2027000E3178000,3557906,
3041,CRS3035RES1000mN2027000E3178000,5231361,
3042,CRS3035RES1000mN2027000E3178000,9314566,
3043,CRS3035RES1000mN2027000E3178000,13696257,
3044,CRS3035RES1000mN2027000E3178000,15996131,
3045,CRS3035RES1000mN2027000E3178000,23526191,
3046,CRS3035RES1000mN2027000E3178000,23545719,
3047,CRS3035RES1000mN2027000E3178000,30599279,
3048,CRS3035RES1000mN2027000E3178000,30649229,
3049,CRS3035RES1000mN2027000E3178000,32198651,
3050,CRS3035RES1000mN2027000E3178000,34945111,
3051,CRS3035RES1000mN2027000E3178000,50170625,
3052,CRS3035RES1000mN2027000E3178000,82887228,
3053,CRS3035RES1000mN2027000E3178000,92484952,
3054,CRS3035RES1000mN2027000E3178000,95794713,
3055,CRS3035RES1000mN2027000E3178000,96418670,
3056,CRS3035RES1000mN2027000E3178000,98502686,
3057,CRS3035RES1000mN2027000E3178000,132613257,
3058,CRS3035RES1000mN2027000E3178000,135036040,105.0
3059,CRS3035RES1000mN2027000E3178000,150772489,
3060,CRS3035RES1000mN2027000E3178000,154118456,
3061,CRS3035RES1000mN2027000E3178000,157375776,
3062,CRS3035RES1000mN2027000E3178000,158211204,
3063,CRS3035RES1000mN2027000E3178000,162072415,
3064,CRS3035RES1000mN2027000E3178000,162117720,
3065,CRS3035RES1000mN2027000E3178000,170487273,
3066,CRS3035RES1000mN2027000E3178000,172686062,
3067,CRS3035RES1000mN2027000E3178000,174318235,
3068,CRS3035RES1000mN2027000E3178000,174318237,
3069,CRS3035RES1000mN2027000E3178000,205060159,
3070,CRS3035RES1000mN2027000E3178000,205757163,
3071,CRS3035RES1000mN2027000E3178000,221095520,
3072,CRS3035RES1000mN2027000E3178000,224503374,
3073,CRS3035RES1000mN2027000E3178000,227333462,
3074,CRS3035RES1000mN2027000E3178000,229117454,
3075,CRS3035RES1000mN2027000E3178000,261460389,
3076,CRS3035RES1000mN2027000E3178000,283450022,
3077,CRS3035RES1000mN2027000E3178000,288994040,
3078,CRS3035RES1000mN2027000E3178000,296744564,
3079,CRS3035RES1000mN2027000E3178000,297526406,
3080,CRS3035RES1000mN2027000E3178000,300709861,
3081,CRS3035RES1000mN2027000E3178000,301444634,
3082,CRS3035RES1000mN2027000E3178000,302721609,
3083,CRS3035RES1000mN2027000E3178000,308195630,
3084,CRS3035RES1000mN2027000E3178000,312777902,
3085,CRS3035RES1000mN2027000E3178000,330154630,
3086,CRS3035RES1000mN2027000E3178000,340205456,
3087,CRS3035RES1000mN2027000E3178000,367883612,
3088,CRS3035RES1000mN2027000E3178000,368211943,
3089,CRS3035RES1000mN2027000E3178000,374180360,
3090,CRS3035RES1000mN2027000E3178000,375369499,
3091,CRS3035RES1000mN2027000E3178000,383494544,
3092,CRS3035RES1000mN2027000E3178000,384574591,
3093,CRS3035RES1000mN2027000E3178000,403538322,
3094,CRS3035RES1000mN2027000E3178000,403859503,
3095,CRS3035RES1000mN2027000E3178000,437050442,
3096,CRS3035RES1000mN2027000E3178000,459881697,
3097,CRS3035RES1000mN2027000E3178000,477278425,
3098,CRS3035RES1000mN2027000E3178000,486879235,
3099,CRS3035RES1000mN2027000E3178000,493748377,
3100,CRS3035RES1000mN2027000E3178000,498234201,
3101,CRS3035RES1000mN2027000E3178000,504315026,
3102,CRS3035RES1000mN2027000E3178000,548701490,
3103,CRS3035RES1000mN2027000E3178000,574210084,
3104,CRS3035RES1000mN2027000E3178000,576094143,
3105,CRS3035RES1000mN2027000E3178000,584409067,
3106,CRS3035RES1000mN2027000E3178000,635512756,
3107,CRS3035RES1000mN2027000E3178000,638492224,118.0
3108,CRS3035RES1000mN2027000E3178000,653913062,
3109,CRS3035RES1000mN2027000E3178000,659866770,
3110,CRS3035RES1000mN2027000E3178000,697717972,
3111,CRS3035RES1000mN2027000E3178000,717194862,
3112,CRS3035RES1000mN2027000E3178000,736899303,
3113,CRS3035RES1000mN2027000E3178000,738042217,
3114,CRS3035RES1000mN2027000E3178000,839611983,
3115,CRS3035RES1000mN2027000E3178000,957893520,
3116,CRS3035RES1000mN2027000E3178000,963308110,113.0
3117,CRS3035RES1000mN2027000E3178000,1073283182,
3118,CRS3035RES1000mN2027000E3178000,1252864015,114.0
3119,CRS3035RES1000mN2027000E3178000,1283203658,
3120,CRS3035RES1000mN2027000E3179000,25526,105.0
3121,CRS3035RES1000mN2027000E3179000,1774,75.0
3122,CRS3035RES1000mN2027000E3179000,1770,88.0
3123,CRS3035RES1000mN2027000E3179000,1773,85.0
3124,CRS3035RES1000mN2027000E3179000,1771,80.0
3125,CRS3035RES1000mN2027000E3179000,123303,95.0
3126,CRS3035RES1000mN2027000E3179000,1764,74.0
3127,CRS3035RES1000mN2027000E3179000,181101,96.0
3128,CRS3035RES1000mN2027000E3179000,5765642,101.0
3129,CRS3035RES1000mN2027000E3179000,86719,106.0
3130,CRS3035RES1000mN2027000E3179000,1800,94.0
3131,CRS3035RES1000mN2027000E3179000,1757,94.0
3132,CRS3035RES1000mN2027000E3179000,1755,95.0
3133,CRS3035RES1000mN2027000E3179000,1882,81.0
3134,CRS3035RES1000mN2027000E3179000,1745,65.0
3135,CRS3035RES1000mN2027000E3179000,1794,71.0
3136,CRS3035RES1000mN2027000E3179000,1762,67.0
3137,CRS3035RES1000mN2027000E3179000,51188,78.0
3138,CRS3035RES1000mN2027000E3179000,6893633,71.0
3139,CRS3035RES1000mN2027000E3179000,167128,81.0
3140,CRS3035RES1000mN2027000E3179000,1760,70.0
3141,CRS3035RES1000mN2027000E3179000,12773298,101.0
3142,CRS3035RES1000mN2027000E3179000,1754,101.0
3143,CRS3035RES1000mN2027000E3179000,1748,94.0
3144,CRS3035RES1000mN2027000E3179000,79941,65.0
3145,CRS3035RES1000mN2027000E3179000,1750,81.0
3146,CRS3035RES1000mN2027000E3179000,5975465,84.0
3147,CRS3035RES1000mN2027000E3179000,115056,76.0
3148,CRS3035RES1000mN2027000E3179000,1790,86.0
3149,CRS3035RES1000mN2027000E3179000,1756,96.0
3150,CRS3035RES1000mN2027000E3179000,51849,79.0
3151,CRS3035RES1000mN2027000E3179000,185595,77.0
3152,CRS3035RES1000mN2027000E3179000,7697128,75.0
3153,CRS3035RES1000mN2027000E3179000,10395362,97.0
3154,CRS3035RES1000mN2027000E3179000,1759,77.0
3155,CRS3035RES1000mN2027000E3179000,1752,74.0
3156,CRS3035RES1000mN2027000E3179000,186714,74.0
3157,CRS3035RES1000mN2027000E3179000,1753,89.0
3158,CRS3035RES1000mN2027000E3179000,1792,94.0
3159,CRS3035RES1000mN2027000E3179000,1763,92.0
3160,CRS3035RES1000mN2027000E3179000,1746,83.0
3161,CRS3035RES1000mN2027000E3179000,11572165,93.0
3162,CRS3035RES1000mN2027000E3179000,1761,84.0
3163,CRS3035RES1000mN2027000E3179000,1747,86.0
3164,CRS3035RES1000mN2027000E3179000,5768564,98.0
3165,CRS3035RES1000mN2027000E3179000,1798,83.0
3166,CRS3035RES1000mN2027000E3179000,66904,86.0
3167,CRS3035RES1000mN2027000E3179000,1777,69.0
3168,CRS3035RES1000mN2027000E3179000,1765,70.0
3169,CRS3035RES1000mN2027000E3179000,49416,96.0
3170,CRS3035RES1000mN2027000E3179000,12734939,96.0
3171,CRS3035RES1000mN2027000E3179000,167386167,73.0
3172,CRS3035RES1000mN2027000E3179000,295933804,97.0
3173,CRS3035RES1000mN2027000E3179000,303340017,102.0
3174,CRS3035RES1000mN2027000E3179000,315355551,114.0
3175,CRS3035RES1000mN2027000E3179000,339084977,88.0
3176,CRS3035RES1000mN2027000E3179000,412911553,80.0
3177,CRS3035RES1000mN2027000E3179000,558126037,112.0
3178,CRS3035RES1000mN2027000E3179000,711789768,
3179,CRS3035RES1000mN2027000E3179000,727666062,
3180,CRS3035RES1000mN2027000E3179000,848085869,115.0
3181,CRS3035RES1000mN2027000E3179000,1056098898,83.0
3182,CRS3035RES1000mN2027000E3179000,1255438242,82.0
3183,CRS3035RES1000mN2027000E3179000,1469985039,87.0
3184,CRS3035RES1000mN2027000E3179000,1504302537,
3185,CRS3035RES1000mN2027000E3179000,1511617504,
3186,CRS3035RES1000mN2027000E3179000,1541601287,108.0
3187,CRS3035RES1000mN2027000E3179000,1544591296,92.0
3188,CRS3035RES1000mN2027000E3179000,1598174183,65.0
3189,CRS3035RES1000mN2027000E3179000,1629887846,47.0
3190,CRS3035RES1000mN2027000E3179000,1686660176,76.0
3191,CRS3035RES1000mN2027000E3179000,1716927336,
3192,CRS3035RES1000mN2027000E3179000,1734554324,92.0
3193,CRS3035RES1000mN2027000E3179000,1849109335,104.0
3194,CRS3035RES1000mN2027000E3179000,2028408680,
3195,CRS3035RES1000mN2027000E3179000,2036887702,
3196,CRS3035RES1000mN2027000E3179000,2061404218,103.0
3197,CRS3035RES1000mN2027000E3179000,2134238030,94.0
3198,CRS3035RES1000mN2027000E3179000,2261600754,
3199,CRS3035RES1000mN2027000E3179000,2301402027,84.0
3200,CRS3035RES1000mN2027000E3179000,2303966810,
3201,CRS3035RES1000mN2027000E3179000,2312029862,63.0
3202,CRS3035RES1000mN2027000E3179000,2408860250,119.0
3203,CRS3035RES1000mN2027000E3179000,2620185829,80.0
3204,CRS3035RES1000mN2027000E3179000,2622508931,81.0
3205,CRS3035RES1000mN2027000E3179000,2672130951,
3206,CRS3035RES1000mN2027000E3179000,2710518818,109.0
3207,CRS3035RES1000mN2027000E3179000,3034026261,
3208,CRS3035RES1000mN2027000E3179000,3179889751,101.0
3209,CRS3035RES1000mN2027000E3179000,3206611978,
3210,CRS3035RES1000mN2027000E3179000,3272828439,
3211,CRS3035RES1000mN2027000E3179000,3452364276,78.0
3212,CRS3035RES1000mN2027000E3179000,3452364277,71.0
3213,CRS3035RES1000mN2027000E3179000,3495733197,
3214,CRS3035RES1000mN2027000E3179000,3497154853,
3215,CRS3035RES1000mN2027000E3179000,3517755445,
3216,CRS3035RES1000mN2027000E3179000,3522125657,
3217,CRS3035RES1000mN2027000E3179000,3526751794,
3218,CRS3035RES1000mN2027000E3179000,3839306060,75.0
3219,CRS3035RES1000mN2027000E3179000,4214697664,89.0
3220,CRS3035RES1000mN2027000E3179000,4338252586,
3221,CRS3035RES1000mN2027000E3179000,4401271633,
3222,CRS3035RES1000mN2027000E3179000,4515476768,
3223,CRS3035RES1000mN2027000E3179000,4569910891,76.0
3224,CRS3035RES1000mN2027000E3179000,4703730491,114.0
3225,CRS3035RES1000mN2027000E3179000,4707870392,108.0
3226,CRS3035RES1000mN2027000E3179000,4789037769,
3227,CRS3035RES1000mN2027000E3179000,4794233143,
3228,CRS3035RES1000mN2027000E3179000,4870405674,99.0
3229,CRS3035RES1000mN2027000E3179000,5139379922,
3230,CRS3035RES1000mN2027000E3179000,5160337425,79.0
3231,CRS3035RES1000mN2027000E3179000,5196199575,117.0
3232,CRS3035RES1000mN2027000E3179000,5341570554,77.0
3233,CRS3035RES1000mN2027000E3179000,5345949864,110.0
3234,CRS3035RES1000mN2027000E3179000,5448507385,
3235,CRS3035RES1000mN2027000E3179000,5604693894,
3236,CRS3035RES1000mN2027000E3179000,5670401989,
3237,CRS3035RES1000mN2027000E3179000,5942671299,107.0
3238,CRS3035RES1000mN2027000E3179000,5943980960,
3239,CRS3035RES1000mN2027000E3179000,6185791451,
3240,CRS3035RES1000mN2027000E3179000,6188948286,100.0
3241,CRS3035RES1000mN2027000E3179000,6555800191,
3242,CRS3035RES1000mN2027000E3179000,6885254479,97.0
3243,CRS3035RES1000mN2027000E3179000,7222611268,97.0
3244,CRS3035RES1000mN2027000E3179000,7408961006,
3245,CRS3035RES1000mN2027000E3179000,7619964683,
3246,CRS3035RES1000mN2027000E3179000,7836562695,114.0
3247,CRS3035RES1000mN2027000E3179000,8493729364,84.0
3248,CRS3035RES1000mN2027000E3179000,8557885377,
3249,CRS3035RES1000mN2027000E3179000,8807212208,69.0
3250,CRS3035RES1000mN2027000E3179000,8844229173,79.0
3251,CRS3035RES1000mN2027000E3179000,8878422600,100.0
3252,CRS3035RES1000mN2027000E3179000,9595709188,77.0
3253,CRS3035RES1000mN2027000E3179000,9611387099,90.0
3254,CRS3035RES1000mN2027000E3179000,9712656915,79.0
3255,CRS3035RES1000mN2027000E3179000,9713142744,72.0
3256,CRS3035RES1000mN2027000E3179000,9815746657,
3257,CRS3035RES1000mN2027000E3179000,10004871512,69.0
3258,CRS3035RES1000mN2027000E3179000,10281174134,
3259,CRS3035RES1000mN2027000E3179000,10580337411,79.0
3260,CRS3035RES1000mN2027000E3179000,10899442604,
3261,CRS3035RES1000mN2027000E3179000,10922657146,
3262,CRS3035RES1000mN2027000E3179000,11127499928,100.0
3263,CRS3035RES1000mN2027000E3179000,11143725881,98.0
3264,CRS3035RES1000mN2027000E3179000,11243087140,99.0
3265,CRS3035RES1000mN2027000E3179000,11269399969,94.0
3266,CRS3035RES1000mN2027000E3179000,11287269362,61.0
3267,CRS3035RES1000mN2027000E3179000,11287269363,87.0
3268,CRS3035RES1000mN2027000E3179000,11369705764,88.0
3269,CRS3035RES1000mN2027000E3179000,11387776374,103.0
3270,CRS3035RES1000mN2027000E3179000,11461799040,
3271,CRS3035RES1000mN2027000E3179000,11462802981,86.0
3272,CRS3035RES1000mN2027000E3179000,11652077658,102.0
3273,CRS3035RES1000mN2027000E3179000,11691390164,79.0
3274,CRS3035RES1000mN2027000E3179000,11739757462,109.0
3275,CRS3035RES1000mN2027000E3179000,12178446726,100.0
3276,CRS3035RES1000mN2027000E3179000,12407425114,98.0
3277,CRS3035RES1000mN2027000E3179000,12865480228,76.0
3278,CRS3035RES1000mN2027000E3179000,2960630,
3279,CRS3035RES1000mN2027000E3179000,3554044,
3280,CRS3035RES1000mN2027000E3179000,3557906,116.0
3281,CRS3035RES1000mN2027000E3179000,5231361,87.0
3282,CRS3035RES1000mN2027000E3179000,9314566,119.0
3283,CRS3035RES1000mN2027000E3179000,13696257,119.0
3284,CRS3035RES1000mN2027000E3179000,15996131,88.0
3285,CRS3035RES1000mN2027000E3179000,23526191,73.0
3286,CRS3035RES1000mN2027000E3179000,23545719,85.0
3287,CRS3035RES1000mN2027000E3179000,30599279,115.0
3288,CRS3035RES1000mN2027000E3179000,30649229,86.0
3289,CRS3035RES1000mN2027000E3179000,32198651,
3290,CRS3035RES1000mN2027000E3179000,34945111,118.0
3291,CRS3035RES1000mN2027000E3179000,50170625,89.0
3292,CRS3035RES1000mN2027000E3179000,82887228,108.0
3293,CRS3035RES1000mN2027000E3179000,92484952,115.0
3294,CRS3035RES1000mN2027000E3179000,95794713,93.0
3295,CRS3035RES1000mN2027000E3179000,96418670,
3296,CRS3035RES1000mN2027000E3179000,98502686,93.0
3297,CRS3035RES1000mN2027000E3179000,132613257,90.0
3298,CRS3035RES1000mN2027000E3179000,135036040,79.0
3299,CRS3035RES1000mN2027000E3179000,150772489,84.0
3300,CRS3035RES1000mN2027000E3179000,154118456,94.0
3301,CRS3035RES1000mN2027000E3179000,157375776,94.0
3302,CRS3035RES1000mN2027000E3179000,158211204,119.0
3303,CRS3035RES1000mN2027000E3179000,162072415,111.0
3304,CRS3035RES1000mN2027000E3179000,162117720,107.0
3305,CRS3035RES1000mN2027000E3179000,170487273,95.0
3306,CRS3035RES1000mN2027000E3179000,172686062,
3307,CRS3035RES1000mN2027000E3179000,174318235,118.0
3308,CRS3035RES1000mN2027000E3179000,174318237,
3309,CRS3035RES1000mN2027000E3179000,205060159,119.0
3310,CRS3035RES1000mN2027000E3179000,205757163,
3311,CRS3035RES1000mN2027000E3179000,221095520,82.0
3312,CRS3035RES1000mN2027000E3179000,224503374,72.0
3313,CRS3035RES1000mN2027000E3179000,227333462,87.0
3314,CRS3035RES1000mN2027000E3179000,229117454,97.0
3315,CRS3035RES1000mN2027000E3179000,261460389,
3316,CRS3035RES1000mN2027000E3179000,283450022,77.0
3317,CRS3035RES1000mN2027000E3179000,288994040,84.0
3318,CRS3035RES1000mN2027000E3179000,296744564,84.0
3319,CRS3035RES1000mN2027000E3179000,297526406,98.0
3320,CRS3035RES1000mN2027000E3179000,300709861,
3321,CRS3035RES1000mN2027000E3179000,301444634,
3322,CRS3035RES1000mN2027000E3179000,302721609,
3323,CRS3035RES1000mN2027000E3179000,308195630,
3324,CRS3035RES1000mN2027000E3179000,312777902,92.0
3325,CRS3035RES1000mN2027000E3179000,330154630,
3326,CRS3035RES1000mN2027000E3179000,340205456,82.0
3327,CRS3035RES1000mN2027000E3179000,367883612,106.0
3328,CRS3035RES1000mN2027000E3179000,368211943,107.0
3329,CRS3035RES1000mN2027000E3179000,374180360,82.0
3330,CRS3035RES1000mN2027000E3179000,375369499,88.0
3331,CRS3035RES1000mN2027000E3179000,383494544,84.0
3332,CRS3035RES1000mN2027000E3179000,384574591,115.0
3333,CRS3035RES1000mN2027000E3179000,403538322,69.0
3334,CRS3035RES1000mN2027000E3179000,403859503,80.0
3335,CRS3035RES1000mN2027000E3179000,437050442,
3336,CRS3035RES1000mN2027000E3179000,459881697,88.0
3337,CRS3035RES1000mN2027000E3179000,477278425,88.0
3338,CRS3035RES1000mN2027000E3179000,486879235,
3339,CRS3035RES1000mN2027000E3179000,493748377,109.0
3340,CRS3035RES1000mN2027000E3179000,498234201,
3341,CRS3035RES1000mN2027000E3179000,504315026,77.0
3342,CRS3035RES1000mN2027000E3179000,548701490,
3343,CRS3035RES1000mN2027000E3179000,574210084,119.0
3344,CRS3035RES1000mN2027000E3179000,576094143,111.0
3345,CRS3035RES1000mN2027000E3179000,584409067,110.0
3346,CRS3035RES1000mN2027000E3179000,635512756,98.0
3347,CRS3035RES1000mN2027000E3179000,638492224,79.0
3348,CRS3035RES1000mN2027000E3179000,653913062,100.0
3349,CRS3035RES1000mN2027000E3179000,659866770,
3350,CRS3035RES1000mN2027000E3179000,697717972,
3351,CRS3035RES1000mN2027000E3179000,717194862,
3352,CRS3035RES1000mN2027000E3179000,736899303,
3353,CRS3035RES1000mN2027000E3179000,738042217,
3354,CRS3035RES1000mN2027000E3179000,839611983,
3355,CRS3035RES1000mN2027000E3179000,957893520,77.0
3356,CRS3035RES1000mN2027000E3179000,963308110,82.0
3357,CRS3035RES1000mN2027000E3179000,1073283182,
3358,CRS3035RES1000mN2027000E3179000,1252864015,68.0
3359,CRS3035RES1000mN2027000E3179000,1283203658,
3360,CRS3035RES1000mN2027000E3180000,25526,106.0
3361,CRS3035RES1000mN2027000E3180000,1774,76.0
3362,CRS3035RES1000mN2027000E3180000,1770,88.0
3363,CRS3035RES1000mN2027000E3180000,1773,84.0
3364,CRS3035RES1000mN2027000E3180000,1771,81.0
3365,CRS3035RES1000mN2027000E3180000,123303,95.0
3366,CRS3035RES1000mN2027000E3180000,1764,74.0
3367,CRS3035RES1000mN2027000E3180000,181101,96.0
3368,CRS3035RES1000mN2027000E3180000,5765642,102.0
3369,CRS3035RES1000mN2027000E3180000,86719,106.0
3370,CRS3035RES1000mN2027000E3180000,1800,94.0
3371,CRS3035RES1000mN2027000E3180000,1757,94.0
3372,CRS3035RES1000mN2027000E3180000,1755,94.0
3373,CRS3035RES1000mN2027000E3180000,1882,81.0
3374,CRS3035RES1000mN2027000E3180000,1745,65.0
3375,CRS3035RES1000mN2027000E3180000,1794,72.0
3376,CRS3035RES1000mN2027000E3180000,1762,67.0
3377,CRS3035RES1000mN2027000E3180000,51188,78.0
3378,CRS3035RES1000mN2027000E3180000,6893633,71.0
3379,CRS3035RES1000mN2027000E3180000,167128,81.0
3380,CRS3035RES1000mN2027000E3180000,1760,70.0
3381,CRS3035RES1000mN2027000E3180000,12773298,101.0
3382,CRS3035RES1000mN2027000E3180000,1754,102.0
3383,CRS3035RES1000mN2027000E3180000,1748,94.0
3384,CRS3035RES1000mN2027000E3180000,79941,65.0
3385,CRS3035RES1000mN2027000E3180000,1750,81.0
3386,CRS3035RES1000mN2027000E3180000,5975465,84.0
3387,CRS3035RES1000mN2027000E3180000,115056,77.0
3388,CRS3035RES1000mN2027000E3180000,1790,85.0
3389,CRS3035RES1000mN2027000E3180000,1756,96.0
3390,CRS3035RES1000mN2027000E3180000,51849,79.0
3391,CRS3035RES1000mN2027000E3180000,185595,77.0
3392,CRS3035RES1000mN2027000E3180000,7697128,76.0
3393,CRS3035RES1000mN2027000E3180000,10395362,97.0
3394,CRS3035RES1000mN2027000E3180000,1759,76.0
3395,CRS3035RES1000mN2027000E3180000,1752,74.0
3396,CRS3035RES1000mN2027000E3180000,186714,73.0
3397,CRS3035RES1000mN2027000E3180000,1753,89.0
3398,CRS3035RES1000mN2027000E3180000,1792,95.0
3399,CRS3035RES1000mN2027000E3180000,1763,93.0
3400,CRS3035RES1000mN2027000E3180000,1746,84.0
3401,CRS3035RES1000mN2027000E3180000,11572165,93.0
3402,CRS3035RES1000mN2027000E3180000,1761,84.0
3403,CRS3035RES1000mN2027000E3180000,1747,85.0
3404,CRS3035RES1000mN2027000E3180000,5768564,98.0
3405,CRS3035RES1000mN2027000E3180000,1798,82.0
3406,CRS3035RES1000mN2027000E3180000,66904,85.0
3407,CRS3035RES1000mN2027000E3180000,1777,70.0
3408,CRS3035RES1000mN2027000E3180000,1765,70.0
3409,CRS3035RES1000mN2027000E3180000,49416,97.0
3410,CRS3035RES1000mN2027000E3180000,12734939,97.0
3411,CRS3035RES1000mN2027000E3180000,167386167,74.0
3412,CRS3035RES1000mN2027000E3180000,295933804,97.0
3413,CRS3035RES1000mN2027000E3180000,303340017,103.0
3414,CRS3035RES1000mN2027000E3180000,315355551,114.0
3415,CRS3035RES1000mN2027000E3180000,339084977,88.0
3416,CRS3035RES1000mN2027000E3180000,412911553,80.0
3417,CRS3035RES1000mN2027000E3180000,558126037,113.0
3418,CRS3035RES1000mN2027000E3180000,711789768,
3419,CRS3035RES1000mN2027000E3180000,727666062,
3420,CRS3035RES1000mN2027000E3180000,848085869,115.0
3421,CRS3035RES1000mN2027000E3180000,1056098898,82.0
3422,CRS3035RES1000mN2027000E3180000,1255438242,82.0
3423,CRS3035RES1000mN2027000E3180000,1469985039,87.0
3424,CRS3035RES1000mN2027000E3180000,1504302537,
3425,CRS3035RES1000mN2027000E3180000,1511617504,
3426,CRS3035RES1000mN2027000E3180000,1541601287,108.0
3427,CRS3035RES1000mN2027000E3180000,1544591296,92.0
3428,CRS3035RES1000mN2027000E3180000,1598174183,66.0
3429,CRS3035RES1000mN2027000E3180000,1629887846,50.0
3430,CRS3035RES1000mN2027000E3180000,1686660176,77.0
3431,CRS3035RES1000mN2027000E3180000,1716927336,
3432,CRS3035RES1000mN2027000E3180000,1734554324,92.0
3433,CRS3035RES1000mN2027000E3180000,1849109335,105.0
3434,CRS3035RES1000mN2027000E3180000,2028408680,
3435,CRS3035RES1000mN2027000E3180000,2036887702,88.0
3436,CRS3035RES1000mN2027000E3180000,2061404218,103.0
3437,CRS3035RES1000mN2027000E3180000,2134238030,94.0
3438,CRS3035RES1000mN2027000E3180000,2261600754,
3439,CRS3035RES1000mN2027000E3180000,2301402027,84.0
3440,CRS3035RES1000mN2027000E3180000,2303966810,
3441,CRS3035RES1000mN2027000E3180000,2312029862,63.0
3442,CRS3035RES1000mN2027000E3180000,2408860250,119.0
3443,CRS3035RES1000mN2027000E3180000,2620185829,80.0
3444,CRS3035RES1000mN2027000E3180000,2622508931,81.0
3445,CRS3035RES1000mN2027000E3180000,2672130951,
3446,CRS3035RES1000mN2027000E3180000,2710518818,109.0
3447,CRS3035RES1000mN2027000E3180000,3034026261,
3448,CRS3035RES1000mN2027000E3180000,3179889751,101.0
3449,CRS3035RES1000mN2027000E3180000,3206611978,
3450,CRS3035RES1000mN2027000E3180000,3272828439,
3451,CRS3035RES1000mN2027000E3180000,3452364276,78.0
3452,CRS3035RES1000mN2027000E3180000,3452364277,71.0
3453,CRS3035RES1000mN2027000E3180000,3495733197,
3454,CRS3035RES1000mN2027000E3180000,3497154853,
3455,CRS3035RES1000mN2027000E3180000,3517755445,
3456,CRS3035RES1000mN2027000E3180000,3522125657,
3457,CRS3035RES1000mN2027000E3180000,3526751794,
3458,CRS3035RES1000mN2027000E3180000,3839306060,75.0
3459,CRS3035RES1000mN2027000E3180000,4214697664,89.0
3460,CRS3035RES1000mN2027000E3180000,4338252586,
3461,CRS3035RES1000mN2027000E3180000,4401271633,
3462,CRS3035RES1000mN2027000E3180000,4515476768,
3463,CRS3035RES1000mN2027000E3180000,4569910891,77.0
3464,CRS3035RES1000mN2027000E3180000,4703730491,114.0
3465,CRS3035RES1000mN2027000E3180000,4707870392,108.0
3466,CRS3035RES1000mN2027000E3180000,4789037769,
3467,CRS3035RES1000mN2027000E3180000,4794233143,
3468,CRS3035RES1000mN2027000E3180000,4870405674,100.0
3469,CRS3035RES1000mN2027000E3180000,5139379922,
3470,CRS3035RES1000mN2027000E3180000,5160337425,79.0
3471,CRS3035RES1000mN2027000E3180000,5196199575,118.0
3472,CRS3035RES1000mN2027000E3180000,5341570554,78.0
3473,CRS3035RES1000mN2027000E3180000,5345949864,110.0
3474,CRS3035RES1000mN2027000E3180000,5448507385,
3475,CRS3035RES1000mN2027000E3180000,5604693894,
3476,CRS3035RES1000mN2027000E3180000,5670401989,
3477,CRS3035RES1000mN2027000E3180000,5942671299,107.0
3478,CRS3035RES1000mN2027000E3180000,5943980960,
3479,CRS3035RES1000mN2027000E3180000,6185791451,
3480,CRS3035RES1000mN2027000E3180000,6188948286,99.0
3481,CRS3035RES1000mN2027000E3180000,6555800191,
3482,CRS3035RES1000mN2027000E3180000,6885254479,97.0
3483,CRS3035RES1000mN2027000E3180000,7222611268,85.0
3484,CRS3035RES1000mN2027000E3180000,7408961006,
3485,CRS3035RES1000mN2027000E3180000,7619964683,
3486,CRS3035RES1000mN2027000E3180000,7836562695,114.0
3487,CRS3035RES1000mN2027000E3180000,8493729364,85.0
3488,CRS3035RES1000mN2027000E3180000,8557885377,
3489,CRS3035RES1000mN2027000E3180000,8807212208,69.0
3490,CRS3035RES1000mN2027000E3180000,8844229173,80.0
3491,CRS3035RES1000mN2027000E3180000,8878422600,100.0
3492,CRS3035RES1000mN2027000E3180000,9595709188,77.0
3493,CRS3035RES1000mN2027000E3180000,9611387099,91.0
3494,CRS3035RES1000mN2027000E3180000,9712656915,79.0
3495,CRS3035RES1000mN2027000E3180000,9713142744,72.0
3496,CRS3035RES1000mN2027000E3180000,9815746657,
3497,CRS3035RES1000mN2027000E3180000,10004871512,69.0
3498,CRS3035RES1000mN2027000E3180000,10281174134,
3499,CRS3035RES1000mN2027000E3180000,10580337411,79.0
3500,CRS3035RES1000mN2027000E3180000,10899442604,
3501,CRS3035RES1000mN2027000E3180000,10922657146,
3502,CRS3035RES1000mN2027000E3180000,11127499928,100.0
3503,CRS3035RES1000mN2027000E3180000,11143725881,99.0
3504,CRS3035RES1000mN2027000E3180000,11243087140,99.0
3505,CRS3035RES1000mN2027000E3180000,11269399969,94.0
3506,CRS3035RES1000mN2027000E3180000,11287269362,62.0
3507,CRS3035RES1000mN2027000E3180000,11287269363,87.0
3508,CRS3035RES1000mN2027000E3180000,11369705764,88.0
3509,CRS3035RES1000mN2027000E3180000,11387776374,102.0
3510,CRS3035RES1000mN2027000E3180000,11461799040,
3511,CRS3035RES1000mN2027000E3180000,11462802981,86.0
3512,CRS3035RES1000mN2027000E3180000,11652077658,103.0
3513,CRS3035RES1000mN2027000E3180000,11691390164,80.0
3514,CRS3035RES1000mN2027000E3180000,11739757462,108.0
3515,CRS3035RES1000mN2027000E3180000,12178446726,101.0
3516,CRS3035RES1000mN2027000E3180000,12407425114,98.0
3517,CRS3035RES1000mN2027000E3180000,12865480228,76.0
3518,CRS3035RES1000mN2027000E3180000,2960630,
3519,CRS3035RES1000mN2027000E3180000,3554044,
3520,CRS3035RES1000mN2027000E3180000,3557906,115.0
3521,CRS3035RES1000mN2027000E3180000,5231361,87.0
3522,CRS3035RES1000mN2027000E3180000,9314566,118.0
3523,CRS3035RES1000mN2027000E3180000,13696257,119.0
3524,CRS3035RES1000mN2027000E3180000,15996131,88.0
3525,CRS3035RES1000mN2027000E3180000,23526191,74.0
3526,CRS3035RES1000mN2027000E3180000,23545719,85.0
3527,CRS3035RES1000mN2027000E3180000,30599279,116.0
3528,CRS3035RES1000mN2027000E3180000,30649229,86.0
3529,CRS3035RES1000mN2027000E3180000,32198651,
3530,CRS3035RES1000mN2027000E3180000,34945111,117.0
3531,CRS3035RES1000mN2027000E3180000,50170625,89.0
3532,CRS3035RES1000mN2027000E3180000,82887228,108.0
3533,CRS3035RES1000mN2027000E3180000,92484952,116.0
3534,CRS3035RES1000mN2027000E3180000,95794713,93.0
3535,CRS3035RES1000mN2027000E3180000,96418670,
3536,CRS3035RES1000mN2027000E3180000,98502686,93.0
3537,CRS3035RES1000mN2027000E3180000,132613257,90.0
3538,CRS3035RES1000mN2027000E3180000,135036040,77.0
3539,CRS3035RES1000mN2027000E3180000,150772489,85.0
3540,CRS3035RES1000mN2027000E3180000,154118456,95.0
3541,CRS3035RES1000mN2027000E3180000,157375776,94.0
3542,CRS3035RES1000mN2027000E3180000,158211204,119.0
3543,CRS3035RES1000mN2027000E3180000,162072415,111.0
3544,CRS3035RES1000mN2027000E3180000,162117720,107.0
3545,CRS3035RES1000mN2027000E3180000,170487273,73.0
3546,CRS3035RES1000mN2027000E3180000,172686062,
3547,CRS3035RES1000mN2027000E3180000,174318235,118.0
3548,CRS3035RES1000mN2027000E3180000,174318237,
3549,CRS3035RES1000mN2027000E3180000,205060159,119.0
3550,CRS3035RES1000mN2027000E3180000,205757163,
3551,CRS3035RES1000mN2027000E3180000,221095520,82.0
3552,CRS3035RES1000mN2027000E3180000,224503374,72.0
3553,CRS3035RES1000mN2027000E3180000,227333462,87.0
3554,CRS3035RES1000mN2027000E3180000,229117454,98.0
3555,CRS3035RES1000mN2027000E3180000,261460389,
3556,CRS3035RES1000mN2027000E3180000,283450022,77.0
3557,CRS3035RES1000mN2027000E3180000,288994040,85.0
3558,CRS3035RES1000mN2027000E3180000,296744564,84.0
3559,CRS3035RES1000mN2027000E3180000,297526406,98.0
3560,CRS3035RES1000mN2027000E3180000,300709861,
3561,CRS3035RES1000mN2027000E3180000,301444634,
3562,CRS3035RES1000mN2027000E3180000,302721609,
3563,CRS3035RES1000mN2027000E3180000,308195630,
3564,CRS3035RES1000mN2027000E3180000,312777902,91.0
3565,CRS3035RES1000mN2027000E3180000,330154630,
3566,CRS3035RES1000mN2027000E3180000,340205456,82.0
3567,CRS3035RES1000mN2027000E3180000,367883612,106.0
3568,CRS3035RES1000mN2027000E3180000,368211943,107.0
3569,CRS3035RES1000mN2027000E3180000,374180360,82.0
3570,CRS3035RES1000mN2027000E3180000,375369499,89.0
3571,CRS3035RES1000mN2027000E3180000,383494544,84.0
3572,CRS3035RES1000mN2027000E3180000,384574591,115.0
3573,CRS3035RES1000mN2027000E3180000,403538322,55.0
3574,CRS3035RES1000mN2027000E3180000,403859503,79.0
3575,CRS3035RES1000mN2027000E3180000,437050442,
3576,CRS3035RES1000mN2027000E3180000,459881697,88.0
3577,CRS3035RES1000mN2027000E3180000,477278425,75.0
3578,CRS3035RES1000mN2027000E3180000,486879235,
3579,CRS3035RES1000mN2027000E3180000,493748377,108.0
3580,CRS3035RES1000mN2027000E3180000,498234201,
3581,CRS3035RES1000mN2027000E3180000,504315026,77.0
3582,CRS3035RES1000mN2027000E3180000,548701490,
3583,CRS3035RES1000mN2027000E3180000,574210084,
3584,CRS3035RES1000mN2027000E3180000,576094143,111.0
3585,CRS3035RES1000mN2027000E3180000,584409067,110.0
3586,CRS3035RES1000mN2027000E3180000,635512756,98.0
3587,CRS3035RES1000mN2027000E3180000,638492224,58.0
3588,CRS3035RES1000mN2027000E3180000,653913062,100.0
3589,CRS3035RES1000mN2027000E3180000,659866770,
3590,CRS3035RES1000mN2027000E3180000,697717972,
3591,CRS3035RES1000mN2027000E3180000,717194862,
3592,CRS3035RES1000mN2027000E3180000,736899303,
3593,CRS3035RES1000mN2027000E3180000,738042217,
3594,CRS3035RES1000mN2027000E3180000,839611983,
3595,CRS3035RES1000mN2027000E3180000,957893520,77.0
3596,CRS3035RES1000mN2027000E3180000,963308110,81.0
3597,CRS3035RES1000mN2027000E3180000,1073283182,
3598,CRS3035RES1000mN2027000E3180000,1252864015,69.0
3599,CRS3035RES1000mN2027000E3180000,1283203658,
3600,CRS3035RES1000mN2027000E3181000,25526,106.0
3601,CRS3035RES1000mN2027000E3181000,1774,75.0
3602,CRS3035RES1000mN2027000E3181000,1770,88.0
3603,CRS3035RES1000mN2027000E3181000,1773,85.0
3604,CRS3035RES1000mN2027000E3181000,1771,81.0
3605,CRS3035RES1000mN2027000E3181000,123303,95.0
3606,CRS3035RES1000mN2027000E3181000,1764,74.0
3607,CRS3035RES1000mN2027000E3181000,181101,96.0
3608,CRS3035RES1000mN2027000E3181000,5765642,101.0
3609,CRS3035RES1000mN2027000E3181000,86719,106.0
3610,CRS3035RES1000mN2027000E3181000,1800,93.0
3611,CRS3035RES1000mN2027000E3181000,1757,94.0
3612,CRS3035RES1000mN2027000E3181000,1755,95.0
3613,CRS3035RES1000mN2027000E3181000,1882,81.0
3614,CRS3035RES1000mN2027000E3181000,1745,65.0
3615,CRS3035RES1000mN2027000E3181000,1794,71.0
3616,CRS3035RES1000mN2027000E3181000,1762,67.0
3617,CRS3035RES1000mN2027000E3181000,51188,79.0
3618,CRS3035RES1000mN2027000E3181000,6893633,71.0
3619,CRS3035RES1000mN2027000E3181000,167128,81.0
3620,CRS3035RES1000mN2027000E3181000,1760,71.0
3621,CRS3035RES1000mN2027000E3181000,12773298,100.0
3622,CRS3035RES1000mN2027000E3181000,1754,101.0
3623,CRS3035RES1000mN2027000E3181000,1748,94.0
3624,CRS3035RES1000mN2027000E3181000,79941,65.0
3625,CRS3035RES1000mN2027000E3181000,1750,81.0
3626,CRS3035RES1000mN2027000E3181000,5975465,84.0
3627,CRS3035RES1000mN2027000E3181000,115056,76.0
3628,CRS3035RES1000mN2027000E3181000,1790,86.0
3629,CRS3035RES1000mN2027000E3181000,1756,96.0
3630,CRS3035RES1000mN2027000E3181000,51849,80.0
3631,CRS3035RES1000mN2027000E3181000,185595,77.0
3632,CRS3035RES1000mN2027000E3181000,7697128,76.0
3633,CRS3035RES1000mN2027000E3181000,10395362,97.0
3634,CRS3035RES1000mN2027000E3181000,1759,77.0
3635,CRS3035RES1000mN2027000E3181000,1752,74.0
3636,CRS3035RES1000mN2027000E3181000,186714,73.0
3637,CRS3035RES1000mN2027000E3181000,1753,89.0
3638,CRS3035RES1000mN2027000E3181000,1792,95.0
3639,CRS3035RES1000mN2027000E3181000,1763,92.0
3640,CRS3035RES1000mN2027000E3181000,1746,84.0
3641,CRS3035RES1000mN2027000E3181000,11572165,93.0
3642,CRS3035RES1000mN2027000E3181000,1761,84.0
3643,CRS3035RES1000mN2027000E3181000,1747,85.0
3644,CRS3035RES1000mN2027000E3181000,5768564,98.0
3645,CRS3035RES1000mN2027000E3181000,1798,82.0
3646,CRS3035RES1000mN2027000E3181000,66904,86.0
3647,CRS3035RES1000mN2027000E3181000,1777,69.0
3648,CRS3035RES1000mN2027000E3181000,1765,69.0
3649,CRS3035RES1000mN2027000E3181000,49416,96.0
3650,CRS3035RES1000mN2027000E3181000,12734939,96.0
3651,CRS3035RES1000mN2027000E3181000,167386167,74.0
3652,CRS3035RES1000mN2027000E3181000,295933804,97.0
3653,CRS3035RES1000mN2027000E3181000,303340017,102.0
3654,CRS3035RES1000mN2027000E3181000,315355551,115.0
3655,CRS3035RES1000mN2027000E3181000,339084977,87.0
3656,CRS3035RES1000mN2027000E3181000,412911553,80.0
3657,CRS3035RES1000mN2027000E3181000,558126037,113.0
3658,CRS3035RES1000mN2027000E3181000,711789768,
3659,CRS3035RES1000mN2027000E3181000,727666062,
3660,CRS3035RES1000mN2027000E3181000,848085869,113.0
3661,CRS3035RES1000mN2027000E3181000,1056098898,83.0
3662,CRS3035RES1000mN2027000E3181000,1255438242,82.0
3663,CRS3035RES1000mN2027000E3181000,1469985039,87.0
3664,CRS3035RES1000mN2027000E3181000,1504302537,66.0
3665,CRS3035RES1000mN2027000E3181000,1511617504,
3666,CRS3035RES1000mN2027000E3181000,1541601287,108.0
3667,CRS3035RES1000mN2027000E3181000,1544591296,92.0
3668,CRS3035RES1000mN2027000E3181000,1598174183,66.0
3669,CRS3035RES1000mN2027000E3181000,1629887846,50.0
3670,CRS3035RES1000mN2027000E3181000,1686660176,76.0
3671,CRS3035RES1000mN2027000E3181000,1716927336,
3672,CRS3035RES1000mN2027000E3181000,1734554324,92.0
3673,CRS3035RES1000mN2027000E3181000,1849109335,104.0
3674,CRS3035RES1000mN2027000E3181000,2028408680,
3675,CRS3035RES1000mN2027000E3181000,2036887702,87.0
3676,CRS3035RES1000mN2027000E3181000,2061404218,103.0
3677,CRS3035RES1000mN2027000E3181000,2134238030,94.0
3678,CRS3035RES1000mN2027000E3181000,2261600754,
3679,CRS3035RES1000mN2027000E3181000,2301402027,84.0
3680,CRS3035RES1000mN2027000E3181000,2303966810,
3681,CRS3035RES1000mN2027000E3181000,2312029862,63.0
3682,CRS3035RES1000mN2027000E3181000,2408860250,119.0
3683,CRS3035RES1000mN2027000E3181000,2620185829,80.0
3684,CRS3035RES1000mN2027000E3181000,2622508931,81.0
3685,CRS3035RES1000mN2027000E3181000,2672130951,
3686,CRS3035RES1000mN2027000E3181000,2710518818,78.0
3687,CRS3035RES1000mN2027000E3181000,3034026261,
3688,CRS3035RES1000mN2027000E3181000,3179889751,101.0
3689,CRS3035RES1000mN2027000E3181000,3206611978,
3690,CRS3035RES1000mN2027000E3181000,3272828439,
3691,CRS3035RES1000mN2027000E3181000,3452364276,77.0
3692,CRS3035RES1000mN2027000E3181000,3452364277,72.0
3693,CRS3035RES1000mN2027000E3181000,3495733197,
3694,CRS3035RES1000mN2027000E3181000,3497154853,
3695,CRS3035RES1000mN2027000E3181000,3517755445,
3696,CRS3035RES1000mN2027000E3181000,3522125657,
3697,CRS3035RES1000mN2027000E3181000,3526751794,
3698,CRS3035RES1000mN2027000E3181000,3839306060,75.0
3699,CRS3035RES1000mN2027000E3181000,4214697664,88.0
3700,CRS3035RES1000mN2027000E3181000,4338252586,
3701,CRS3035RES1000mN2027000E3181000,4401271633,
3702,CRS3035RES1000mN2027000E3181000,4515476768,
3703,CRS3035RES1000mN2027000E3181000,4569910891,78.0
3704,CRS3035RES1000mN2027000E3181000,4703730491,114.0
3705,CRS3035RES1000mN2027000E3181000,4707870392,108.0
3706,CRS3035RES1000mN2027000E3181000,4789037769,
3707,CRS3035RES1000mN2027000E3181000,4794233143,
3708,CRS3035RES1000mN2027000E3181000,4870405674,99.0
3709,CRS3035RES1000mN2027000E3181000,5139379922,
3710,CRS3035RES1000mN2027000E3181000,5160337425,79.0
3711,CRS3035RES1000mN2027000E3181000,5196199575,118.0
3712,CRS3035RES1000mN2027000E3181000,5341570554,77.0
3713,CRS3035RES1000mN2027000E3181000,5345949864,84.0
3714,CRS3035RES1000mN2027000E3181000,5448507385,
3715,CRS3035RES1000mN2027000E3181000,5604693894,
3716,CRS3035RES1000mN2027000E3181000,5670401989,
3717,CRS3035RES1000mN2027000E3181000,5942671299,76.0
3718,CRS3035RES1000mN2027000E3181000,5943980960,
3719,CRS3035RES1000mN2027000E3181000,6185791451,
3720,CRS3035RES1000mN2027000E3181000,6188948286,96.0
3721,CRS3035RES1000mN2027000E3181000,6555800191,
3722,CRS3035RES1000mN2027000E3181000,6885254479,97.0
3723,CRS3035RES1000mN2027000E3181000,7222611268,73.0
3724,CRS3035RES1000mN2027000E3181000,7408961006,117.0
3725,CRS3035RES1000mN2027000E3181000,7619964683,
3726,CRS3035RES1000mN2027000E3181000,7836562695,114.0
3727,CRS3035RES1000mN2027000E3181000,8493729364,85.0
3728,CRS3035RES1000mN2027000E3181000,8557885377,
3729,CRS3035RES1000mN2027000E3181000,8807212208,69.0
3730,CRS3035RES1000mN2027000E3181000,8844229173,79.0
3731,CRS3035RES1000mN2027000E3181000,8878422600,100.0
3732,CRS3035RES1000mN2027000E3181000,9595709188,78.0
3733,CRS3035RES1000mN2027000E3181000,9611387099,90.0
3734,CRS3035RES1000mN2027000E3181000,9712656915,80.0
3735,CRS3035RES1000mN2027000E3181000,9713142744,72.0
3736,CRS3035RES1000mN2027000E3181000,9815746657,
3737,CRS3035RES1000mN2027000E3181000,10004871512,69.0
3738,CRS3035RES1000mN2027000E3181000,10281174134,
3739,CRS3035RES1000mN2027000E3181000,10580337411,79.0
3740,CRS3035RES1000mN2027000E3181000,10899442604,
3741,CRS3035RES1000mN2027000E3181000,10922657146,
3742,CRS3035RES1000mN2027000E3181000,11127499928,100.0
3743,CRS3035RES1000mN2027000E3181000,11143725881,98.0
3744,CRS3035RES1000mN2027000E3181000,11243087140,99.0
3745,CRS3035RES1000mN2027000E3181000,11269399969,94.0
3746,CRS3035RES1000mN2027000E3181000,11287269362,62.0
3747,CRS3035RES1000mN2027000E3181000,11287269363,87.0
3748,CRS3035RES1000mN2027000E3181000,11369705764,88.0
3749,CRS3035RES1000mN2027000E3181000,11387776374,103.0
3750,CRS3035RES1000mN2027000E3181000,11461799040,
3751,CRS3035RES1000mN2027000E3181000,11462802981,86.0
3752,CRS3035RES1000mN2027000E3181000,11652077658,102.0
3753,CRS3035RES1000mN2027000E3181000,11691390164,79.0
3754,CRS3035RES1000mN2027000E3181000,11739757462,108.0
3755,CRS3035RES1000mN2027000E3181000,12178446726,101.0
3756,CRS3035RES1000mN2027000E3181000,12407425114,98.0
3757,CRS3035RES1000mN2027000E3181000,12865480228,76.0
3758,CRS3035RES1000mN2027000E3181000,2960630,
3759,CRS3035RES1000mN2027000E3181000,3554044,
3760,CRS3035RES1000mN2027000E3181000,3557906,115.0
3761,CRS3035RES1000mN2027000E3181000,5231361,87.0
3762,CRS3035RES1000mN2027000E3181000,9314566,113.0
3763,CRS3035RES1000mN2027000E3181000,13696257,119.0
3764,CRS3035RES1000mN2027000E3181000,15996131,88.0
3765,CRS3035RES1000mN2027000E3181000,23526191,73.0
3766,CRS3035RES1000mN2027000E3181000,23545719,86.0
3767,CRS3035RES1000mN2027000E3181000,30599279,115.0
3768,CRS3035RES1000mN2027000E3181000,30649229,86.0
3769,CRS3035RES1000mN2027000E3181000,32198651,
3770,CRS3035RES1000mN2027000E3181000,34945111,116.0
3771,CRS3035RES1000mN2027000E3181000,50170625,89.0
3772,CRS3035RES1000mN2027000E3181000,82887228,109.0
3773,CRS3035RES1000mN2027000E3181000,92484952,115.0
3774,CRS3035RES1000mN2027000E3181000,95794713,93.0
3775,CRS3035RES1000mN2027000E3181000,96418670,
3776,CRS3035RES1000mN2027000E3181000,98502686,93.0
3777,CRS3035RES1000mN2027000E3181000,132613257,90.0
3778,CRS3035RES1000mN2027000E3181000,135036040,77.0
3779,CRS3035RES1000mN2027000E3181000,150772489,84.0
3780,CRS3035RES1000mN2027000E3181000,154118456,94.0
3781,CRS3035RES1000mN2027000E3181000,157375776,94.0
3782,CRS3035RES1000mN2027000E3181000,158211204,119.0
3783,CRS3035RES1000mN2027000E3181000,162072415,110.0
3784,CRS3035RES1000mN2027000E3181000,162117720,107.0
3785,CRS3035RES1000mN2027000E3181000,170487273,73.0
3786,CRS3035RES1000mN2027000E3181000,172686062,
3787,CRS3035RES1000mN2027000E3181000,174318235,116.0
3788,CRS3035RES1000mN2027000E3181000,174318237,
3789,CRS3035RES1000mN2027000E3181000,205060159,119.0
3790,CRS3035RES1000mN2027000E3181000,205757163,
3791,CRS3035RES1000mN2027000E3181000,221095520,82.0
3792,CRS3035RES1000mN2027000E3181000,224503374,72.0
3793,CRS3035RES1000mN2027000E3181000,227333462,87.0
3794,CRS3035RES1000mN2027000E3181000,229117454,97.0
3795,CRS3035RES1000mN2027000E3181000,261460389,
3796,CRS3035RES1000mN2027000E3181000,283450022,76.0
3797,CRS3035RES1000mN2027000E3181000,288994040,85.0
3798,CRS3035RES1000mN2027000E3181000,296744564,84.0
3799,CRS3035RES1000mN2027000E3181000,297526406,98.0
3800,CRS3035RES1000mN2027000E3181000,300709861,
3801,CRS3035RES1000mN2027000E3181000,301444634,
3802,CRS3035RES1000mN2027000E3181000,302721609,
3803,CRS3035RES1000mN2027000E3181000,308195630,
3804,CRS3035RES1000mN2027000E3181000,312777902,91.0
3805,CRS3035RES1000mN2027000E3181000,330154630,
3806,CRS3035RES1000mN2027000E3181000,340205456,82.0
3807,CRS3035RES1000mN2027000E3181000,367883612,107.0
3808,CRS3035RES1000mN2027000E3181000,368211943,108.0
3809,CRS3035RES1000mN2027000E3181000,374180360,82.0
3810,CRS3035RES1000mN2027000E3181000,375369499,88.0
3811,CRS3035RES1000mN2027000E3181000,383494544,86.0
3812,CRS3035RES1000mN2027000E3181000,384574591,115.0
3813,CRS3035RES1000mN2027000E3181000,403538322,43.0
3814,CRS3035RES1000mN2027000E3181000,403859503,79.0
3815,CRS3035RES1000mN2027000E3181000,437050442,
3816,CRS3035RES1000mN2027000E3181000,459881697,88.0
3817,CRS3035RES1000mN2027000E3181000,477278425,63.0
3818,CRS3035RES1000mN2027000E3181000,486879235,
3819,CRS3035RES1000mN2027000E3181000,493748377,108.0
3820,CRS3035RES1000mN2027000E3181000,498234201,
3821,CRS3035RES1000mN2027000E3181000,504315026,77.0
3822,CRS3035RES1000mN2027000E3181000,548701490,
3823,CRS3035RES1000mN2027000E3181000,574210084,
3824,CRS3035RES1000mN2027000E3181000,576094143,110.0
3825,CRS3035RES1000mN2027000E3181000,584409067,106.0
3826,CRS3035RES1000mN2027000E3181000,635512756,98.0
3827,CRS3035RES1000mN2027000E3181000,638492224,58.0
3828,CRS3035RES1000mN2027000E3181000,653913062,100.0
3829,CRS3035RES1000mN2027000E3181000,659866770,
3830,CRS3035RES1000mN2027000E3181000,697717972,
3831,CRS3035RES1000mN2027000E3181000,717194862,
3832,CRS3035RES1000mN2027000E3181000,736899303,
3833,CRS3035RES1000mN2027000E3181000,738042217,
3834,CRS3035RES1000mN2027000E3181000,839611983,
3835,CRS3035RES1000mN2027000E3181000,957893520,77.0
3836,CRS3035RES1000mN2027000E3181000,963308110,81.0
3837,CRS3035RES1000mN2027000E3181000,1073283182,
3838,CRS3035RES1000mN2027000E3181000,1252864015,69.0
3839,CRS3035RES1000mN2027000E3181000,1283203658,
3840,CRS3035RES1000mN2027000E3182000,25526,
3841,CRS3035RES1000mN2027000E3182000,1774,
3842,CRS3035RES1000mN2027000E3182000,1770,
3843,CRS3035RES1000mN2027000E3182000,1773,
3844,CRS3035RES1000mN2027000E3182000,1771,
3845,CRS3035RES1000mN2027000E3182000,123303,
3846,CRS3035RES1000mN2027000E3182000,1764,
3847,CRS3035RES1000mN2027000E3182000,181101,
3848,CRS3035RES1000mN2027000E3182000,5765642,
3849,CRS3035RES1000mN2027000E3182000,86719,
3850,CRS3035RES1000mN2027000E3182000,1800,
3851,CRS3035RES1000mN2027000E3182000,1757,
3852,CRS3035RES1000mN2027000E3182000,1755,
3853,CRS3035RES1000mN2027000E3182000,1882,
3854,CRS3035RES1000mN2027000E3182000,1745,116.0
3855,CRS3035RES1000mN2027000E3182000,1794,
3856,CRS3035RES1000mN2027000E3182000,1762,
3857,CRS3035RES1000mN2027000E3182000,51188,
3858,CRS3035RES1000mN2027000E3182000,6893633,
3859,CRS3035RES1000mN2027000E3182000,167128,
3860,CRS3035RES1000mN2027000E3182000,1760,
3861,CRS3035RES1000mN2027000E3182000,12773298,
3862,CRS3035RES1000mN2027000E3182000,1754,
3863,CRS3035RES1000mN2027000E3182000,1748,
3864,CRS3035RES1000mN2027000E3182000,79941,117.0
3865,CRS3035RES1000mN2027000E3182000,1750,
3866,CRS3035RES1000mN2027000E3182000,5975465,
3867,CRS3035RES1000mN2027000E3182000,115056,
3868,CRS3035RES1000mN2027000E3182000,1790,
3869,CRS3035RES1000mN2027000E3182000,1756,
3870,CRS3035RES1000mN2027000E3182000,51849,
3871,CRS3035RES1000mN2027000E3182000,185595,
3872,CRS3035RES1000mN2027000E3182000,7697128,
3873,CRS3035RES1000mN2027000E3182000,10395362,
3874,CRS3035RES1000mN2027000E3182000,1759,
3875,CRS3035RES1000mN2027000E3182000,1752,
3876,CRS3035RES1000mN2027000E3182000,186714,
3877,CRS3035RES1000mN2027000E3182000,1753,
3878,CRS3035RES1000mN2027000E3182000,1792,
3879,CRS3035RES1000mN2027000E3182000,1763,
3880,CRS3035RES1000mN2027000E3182000,1746,
3881,CRS3035RES1000mN2027000E3182000,11572165,
3882,CRS3035RES1000mN2027000E3182000,1761,
3883,CRS3035RES1000mN2027000E3182000,1747,
3884,CRS3035RES1000mN2027000E3182000,5768564,
3885,CRS3035RES1000mN2027000E3182000,1798,
3886,CRS3035RES1000mN2027000E3182000,66904,
3887,CRS3035RES1000mN2027000E3182000,1777,
3888,CRS3035RES1000mN2027000E3182000,1765,
3889,CRS3035RES1000mN2027000E3182000,49416,
3890,CRS3035RES1000mN2027000E3182000,12734939,
3891,CRS3035RES1000mN2027000E3182000,167386167,
3892,CRS3035RES1000mN2027000E3182000,295933804,
3893,CRS3035RES1000mN2027000E3182000,303340017,
3894,CRS3035RES1000mN2027000E3182000,315355551,
3895,CRS3035RES1000mN2027000E3182000,339084977,
3896,CRS3035RES1000mN2027000E3182000,412911553,
3897,CRS3035RES1000mN2027000E3182000,558126037,
3898,CRS3035RES1000mN2027000E3182000,711789768,
3899,CRS3035RES1000mN2027000E3182000,727666062,
3900,CRS3035RES1000mN2027000E3182000,848085869,
3901,CRS3035RES1000mN2027000E3182000,1056098898,
3902,CRS3035RES1000mN2027000E3182000,1255438242,
3903,CRS3035RES1000mN2027000E3182000,1469985039,
3904,CRS3035RES1000mN2027000E3182000,1504302537,
3905,CRS3035RES1000mN2027000E3182000,1511617504,
3906,CRS3035RES1000mN2027000E3182000,1541601287,
3907,CRS3035RES1000mN2027000E3182000,1544591296,
3908,CRS3035RES1000mN2027000E3182000,1598174183,110.0
3909,CRS3035RES1000mN2027000E3182000,1629887846,115.0
3910,CRS3035RES1000mN2027000E3182000,1686660176,
3911,CRS3035RES1000mN2027000E3182000,1716927336,
3912,CRS3035RES1000mN2027000E3182000,1734554324,
3913,CRS3035RES1000mN2027000E3182000,1849109335,
3914,CRS3035RES1000mN2027000E3182000,2028408680,
3915,CRS3035RES1000mN2027000E3182000,2036887702,
3916,CRS3035RES1000mN2027000E3182000,2061404218,
3917,CRS3035RES1000mN2027000E3182000,2134238030,
3918,CRS3035RES1000mN2027000E3182000,2261600754,
3919,CRS3035RES1000mN2027000E3182000,2301402027,
3920,CRS3035RES1000mN2027000E3182000,2303966810,
3921,CRS3035RES1000mN2027000E3182000,2312029862,113.0
3922,CRS3035RES1000mN2027000E3182000,2408860250,
3923,CRS3035RES1000mN2027000E3182000,2620185829,
3924,CRS3035RES1000mN2027000E3182000,2622508931,
3925,CRS3035RES1000mN2027000E3182000,2672130951,
3926,CRS3035RES1000mN2027000E3182000,2710518818,
3927,CRS3035RES1000mN2027000E3182000,3034026261,
3928,CRS3035RES1000mN2027000E3182000,3179889751,
3929,CRS3035RES1000mN2027000E3182000,3206611978,
3930,CRS3035RES1000mN2027000E3182000,3272828439,
3931,CRS3035RES1000mN2027000E3182000,3452364276,
3932,CRS3035RES1000mN2027000E3182000,3452364277,
3933,CRS3035RES1000mN2027000E3182000,3495733197,
3934,CRS3035RES1000mN2027000E3182000,3497154853,
3935,CRS3035RES1000mN2027000E3182000,3517755445,
3936,CRS3035RES1000mN2027000E3182000,3522125657,
3937,CRS3035RES1000mN2027000E3182000,3526751794,
3938,CRS3035RES1000mN2027000E3182000,3839306060,117.0
3939,CRS3035RES1000mN2027000E3182000,4214697664,
3940,CRS3035RES1000mN2027000E3182000,4338252586,
3941,CRS3035RES1000mN2027000E3182000,4401271633,
3942,CRS3035RES1000mN2027000E3182000,4515476768,
3943,CRS3035RES1000mN2027000E3182000,4569910891,
3944,CRS3035RES1000mN2027000E3182000,4703730491,
3945,CRS3035RES1000mN2027000E3182000,4707870392,
3946,CRS3035RES1000mN2027000E3182000,4789037769,
3947,CRS3035RES1000mN2027000E3182000,4794233143,
3948,CRS3035RES1000mN2027000E3182000,4870405674,
3949,CRS3035RES1000mN2027000E3182000,5139379922,
3950,CRS3035RES1000mN2027000E3182000,5160337425,
3951,CRS3035RES1000mN2027000E3182000,5196199575,
3952,CRS3035RES1000mN2027000E3182000,5341570554,
3953,CRS3035RES1000mN2027000E3182000,5345949864,
3954,CRS3035RES1000mN2027000E3182000,5448507385,
3955,CRS3035RES1000mN2027000E3182000,5604693894,
3956,CRS3035RES1000mN2027000E3182000,5670401989,
3957,CRS3035RES1000mN2027000E3182000,5942671299,
3958,CRS3035RES1000mN2027000E3182000,5943980960,
3959,CRS3035RES1000mN2027000E3182000,6185791451,
3960,CRS3035RES1000mN2027000E3182000,6188948286,
3961,CRS3035RES1000mN2027000E3182000,6555800191,
3962,CRS3035RES1000mN2027000E3182000,6885254479,
3963,CRS3035RES1000mN2027000E3182000,7222611268,
3964,CRS3035RES1000mN2027000E3182000,7408961006,
3965,CRS3035RES1000mN2027000E3182000,7619964683,
3966,CRS3035RES1000mN2027000E3182000,7836562695,
3967,CRS3035RES1000mN2027000E3182000,8493729364,
3968,CRS3035RES1000mN2027000E3182000,8557885377,
3969,CRS3035RES1000mN2027000E3182000,8807212208,
3970,CRS3035RES1000mN2027000E3182000,8844229173,
3971,CRS3035RES1000mN2027000E3182000,8878422600,
3972,CRS3035RES1000mN2027000E3182000,9595709188,
3973,CRS3035RES1000mN2027000E3182000,9611387099,
3974,CRS3035RES1000mN2027000E3182000,9712656915,
3975,CRS3035RES1000mN2027000E3182000,9713142744,
3976,CRS3035RES1000mN2027000E3182000,9815746657,
3977,CRS3035RES1000mN2027000E3182000,10004871512,107.0
3978,CRS3035RES1000mN2027000E3182000,10281174134,
3979,CRS3035RES1000mN2027000E3182000,10580337411,
3980,CRS3035RES1000mN2027000E3182000,10899442604,
3981,CRS3035RES1000mN2027000E3182000,10922657146,
3982,CRS3035RES1000mN2027000E3182000,11127499928,
3983,CRS3035RES1000mN2027000E3182000,11143725881,
3984,CRS3035RES1000mN2027000E3182000,11243087140,
3985,CRS3035RES1000mN2027000E3182000,11269399969,
3986,CRS3035RES1000mN2027000E3182000,11287269362,102.0
3987,CRS3035RES1000mN2027000E3182000,11287269363,
3988,CRS3035RES1000mN2027000E3182000,11369705764,
3989,CRS3035RES1000mN2027000E3182000,11387776374,
3990,CRS3035RES1000mN2027000E3182000,11461799040,
3991,CRS3035RES1000mN2027000E3182000,11462802981,
3992,CRS3035RES1000mN2027000E3182000,11652077658,
3993,CRS3035RES1000mN2027000E3182000,11691390164,
3994,CRS3035RES1000mN2027000E3182000,11739757462,
3995,CRS3035RES1000mN2027000E3182000,12178446726,
3996,CRS3035RES1000mN2027000E3182000,12407425114,
3997,CRS3035RES1000mN2027000E3182000,12865480228,118.0
3998,CRS3035RES1000mN2027000E3182000,2960630,
3999,CRS3035RES1000mN2027000E3182000,3554044,
4000,CRS3035RES1000mN2027000E3182000,3557906,
4001,CRS3035RES1000mN2027000E3182000,5231361,
4002,CRS3035RES1000mN2027000E3182000,9314566,
4003,CRS3035RES1000mN2027000E3182000,13696257,
4004,CRS3035RES1000mN2027000E3182000,15996131,
4005,CRS3035RES1000mN2027000E3182000,23526191,
4006,CRS3035RES1000mN2027000E3182000,23545719,
4007,CRS3035RES1000mN2027000E3182000,30599279,
4008,CRS3035RES1000mN2027000E3182000,30649229,
4009,CRS3035RES1000mN2027000E3182000,32198651,
4010,CRS3035RES1000mN2027000E3182000,34945111,
4011,CRS3035RES1000mN2027000E3182000,50170625,
4012,CRS3035RES1000mN2027000E3182000,82887228,
4013,CRS3035RES1000mN2027000E3182000,92484952,
4014,CRS3035RES1000mN2027000E3182000,95794713,
4015,CRS3035RES1000mN2027000E3182000,96418670,
4016,CRS3035RES1000mN2027000E3182000,98502686,
4017,CRS3035RES1000mN2027000E3182000,132613257,
4018,CRS3035RES1000mN2027000E3182000,135036040,
4019,CRS3035RES1000mN2027000E3182000,150772489,
4020,CRS3035RES1000mN2027000E3182000,154118456,
4021,CRS3035RES1000mN2027000E3182000,157375776,
4022,CRS3035RES1000mN2027000E3182000,158211204,
4023,CRS3035RES1000mN2027000E3182000,162072415,
4024,CRS3035RES1000mN2027000E3182000,162117720,
4025,CRS3035RES1000mN2027000E3182000,170487273,
4026,CRS3035RES1000mN2027000E3182000,172686062,
4027,CRS3035RES1000mN2027000E3182000,174318235,
4028,CRS3035RES1000mN2027000E3182000,174318237,
4029,CRS3035RES1000mN2027000E3182000,205060159,
4030,CRS3035RES1000mN2027000E3182000,205757163,
4031,CRS3035RES1000mN2027000E3182000,221095520,119.0
4032,CRS3035RES1000mN2027000E3182000,224503374,
4033,CRS3035RES1000mN2027000E3182000,227333462,
4034,CRS3035RES1000mN2027000E3182000,229117454,
4035,CRS3035RES1000mN2027000E3182000,261460389,
4036,CRS3035RES1000mN2027000E3182000,283450022,
4037,CRS3035RES1000mN2027000E3182000,288994040,
4038,CRS3035RES1000mN2027000E3182000,296744564,
4039,CRS3035RES1000mN2027000E3182000,297526406,
4040,CRS3035RES1000mN2027000E3182000,300709861,
4041,CRS3035RES1000mN2027000E3182000,301444634,
4042,CRS3035RES1000mN2027000E3182000,302721609,
4043,CRS3035RES1000mN2027000E3182000,308195630,
4044,CRS3035RES1000mN2027000E3182000,312777902,
4045,CRS3035RES1000mN2027000E3182000,330154630,
4046,CRS3035RES1000mN2027000E3182000,340205456,
4047,CRS3035RES1000mN2027000E3182000,367883612,
4048,CRS3035RES1000mN2027000E3182000,368211943,
4049,CRS3035RES1000mN2027000E3182000,374180360,
4050,CRS3035RES1000mN2027000E3182000,375369499,
4051,CRS3035RES1000mN2027000E3182000,383494544,
4052,CRS3035RES1000mN2027000E3182000,384574591,
4053,CRS3035RES1000mN2027000E3182000,403538322,112.0
4054,CRS3035RES1000mN2027000E3182000,403859503,
4055,CRS3035RES1000mN2027000E3182000,437050442,
4056,CRS3035RES1000mN2027000E3182000,459881697,
4057,CRS3035RES1000mN2027000E3182000,477278425,
4058,CRS3035RES1000mN2027000E3182000,486879235,
4059,CRS3035RES1000mN2027000E3182000,493748377,
4060,CRS3035RES1000mN2027000E3182000,498234201,
4061,CRS3035RES1000mN2027000E3182000,504315026,119.0
4062,CRS3035RES1000mN2027000E3182000,548701490,
4063,CRS3035RES1000mN2027000E3182000,574210084,
4064,CRS3035RES1000mN2027000E3182000,576094143,
4065,CRS3035RES1000mN2027000E3182000,584409067,
4066,CRS3035RES1000mN2027000E3182000,635512756,
4067,CRS3035RES1000mN2027000E3182000,638492224,
4068,CRS3035RES1000mN2027000E3182000,653913062,
4069,CRS3035RES1000mN2027000E3182000,659866770,
4070,CRS3035RES1000mN2027000E3182000,697717972,
4071,CRS3035RES1000mN2027000E3182000,717194862,
4072,CRS3035RES1000mN2027000E3182000,736899303,
4073,CRS3035RES1000mN2027000E3182000,738042217,
4074,CRS3035RES1000mN2027000E3182000,839611983,
4075,CRS3035RES1000mN2027000E3182000,957893520,
4076,CRS3035RES1000mN2027000E3182000,963308110,
4077,CRS3035RES1000mN2027000E3182000,1073283182,
4078,CRS3035RES1000mN2027000E3182000,1252864015,106.0
4079,CRS3035RES1000mN2027000E3182000,1283203658,
4080,CRS3035RES1000mN2027000E3183000,25526,
4081,CRS3035RES1000mN2027000E3183000,1774,
4082,CRS3035RES1000mN2027000E3183000,1770,
4083,CRS3035RES1000mN2027000E3183000,1773,
4084,CRS3035RES1000mN2027000E3183000,1771,
4085,CRS3035RES1000mN2027000E3183000,123303,
4086,CRS3035RES1000mN2027000E3183000,1764,
4087,CRS3035RES1000mN2027000E3183000,181101,
4088,CRS3035RES1000mN2027000E3183000,5765642,
4089,CRS3035RES1000mN2027000E3183000,86719,
4090,CRS3035RES1000mN2027000E3183000,1800,
4091,CRS3035RES1000mN2027000E3183000,1757,
4092,CRS3035RES1000mN2027000E3183000,1755,
4093,CRS3035RES1000mN2027000E3183000,1882,
4094,CRS3035RES1000mN2027000E3183000,1745,119.0
4095,CRS3035RES1000mN2027000E3183000,1794,
4096,CRS3035RES1000mN2027000E3183000,1762,
4097,CRS3035RES1000mN2027000E3183000,51188,
4098,CRS3035RES1000mN2027000E3183000,6893633,
4099,CRS3035RES1000mN2027000E3183000,167128,
4100,CRS3035RES1000mN2027000E3183000,1760,
4101,CRS3035RES1000mN2027000E3183000,12773298,
4102,CRS3035RES1000mN2027000E3183000,1754,
4103,CRS3035RES1000mN2027000E3183000,1748,
4104,CRS3035RES1000mN2027000E3183000,79941,
4105,CRS3035RES1000mN2027000E3183000,1750,
4106,CRS3035RES1000mN2027000E3183000,5975465,
4107,CRS3035RES1000mN2027000E3183000,115056,
4108,CRS3035RES1000mN2027000E3183000,1790,
4109,CRS3035RES1000mN2027000E3183000,1756,
4110,CRS3035RES1000mN2027000E3183000,51849,
4111,CRS3035RES1000mN2027000E3183000,185595,
4112,CRS3035RES1000mN2027000E3183000,7697128,
4113,CRS3035RES1000mN2027000E3183000,10395362,
4114,CRS3035RES1000mN2027000E3183000,1759,
4115,CRS3035RES1000mN2027000E3183000,1752,
4116,CRS3035RES1000mN2027000E3183000,186714,
4117,CRS3035RES1000mN2027000E3183000,1753,
4118,CRS3035RES1000mN2027000E3183000,1792,
4119,CRS3035RES1000mN2027000E3183000,1763,
4120,CRS3035RES1000mN2027000E3183000,1746,
4121,CRS3035RES1000mN2027000E3183000,11572165,
4122,CRS3035RES1000mN2027000E3183000,1761,
4123,CRS3035RES1000mN2027000E3183000,1747,
4124,CRS3035RES1000mN2027000E3183000,5768564,
4125,CRS3035RES1000mN2027000E3183000,1798,
4126,CRS3035RES1000mN2027000E3183000,66904,
4127,CRS3035RES1000mN2027000E3183000,1777,
4128,CRS3035RES1000mN2027000E3183000,1765,
4129,CRS3035RES1000mN2027000E3183000,49416,
4130,CRS3035RES1000mN2027000E3183000,12734939,
4131,CRS3035RES1000mN2027000E3183000,167386167,
4132,CRS3035RES1000mN2027000E3183000,295933804,
4133,CRS3035RES1000mN2027000E3183000,303340017,
4134,CRS3035RES1000mN2027000E3183000,315355551,
4135,CRS3035RES1000mN2027000E3183000,339084977,
4136,CRS3035RES1000mN2027000E3183000,412911553,
4137,CRS3035RES1000mN2027000E3183000,558126037,
4138,CRS3035RES1000mN2027000E3183000,711789768,
4139,CRS3035RES1000mN2027000E3183000,727666062,
4140,CRS3035RES1000mN2027000E3183000,848085869,
4141,CRS3035RES1000mN2027000E3183000,1056098898,
4142,CRS3035RES1000mN2027000E3183000,1255438242,
4143,CRS3035RES1000mN2027000E3183000,1469985039,
4144,CRS3035RES1000mN2027000E3183000,1504302537,
4145,CRS3035RES1000mN2027000E3183000,1511617504,
4146,CRS3035RES1000mN2027000E3183000,1541601287,
4147,CRS3035RES1000mN2027000E3183000,1544591296,
4148,CRS3035RES1000mN2027000E3183000,1598174183,112.0
4149,CRS3035RES1000mN2027000E3183000,1629887846,115.0
4150,CRS3035RES1000mN2027000E3183000,1686660176,
4151,CRS3035RES1000mN2027000E3183000,1716927336,
4152,CRS3035RES1000mN2027000E3183000,1734554324,
4153,CRS3035RES1000mN2027000E3183000,1849109335,
4154,CRS3035RES1000mN2027000E3183000,2028408680,
4155,CRS3035RES1000mN2027000E3183000,2036887702,106.0
4156,CRS3035RES1000mN2027000E3183000,2061404218,
4157,CRS3035RES1000mN2027000E3183000,2134238030,
4158,CRS3035RES1000mN2027000E3183000,2261600754,
4159,CRS3035RES1000mN2027000E3183000,2301402027,
4160,CRS3035RES1000mN2027000E3183000,2303966810,
4161,CRS3035RES1000mN2027000E3183000,2312029862,113.0
4162,CRS3035RES1000mN2027000E3183000,2408860250,
4163,CRS3035RES1000mN2027000E3183000,2620185829,
4164,CRS3035RES1000mN2027000E3183000,2622508931,
4165,CRS3035RES1000mN2027000E3183000,2672130951,
4166,CRS3035RES1000mN2027000E3183000,2710518818,
4167,CRS3035RES1000mN2027000E3183000,3034026261,
4168,CRS3035RES1000mN2027000E3183000,3179889751,
4169,CRS3035RES1000mN2027000E3183000,3206611978,
4170,CRS3035RES1000mN2027000E3183000,3272828439,
4171,CRS3035RES1000mN2027000E3183000,3452364276,
4172,CRS3035RES1000mN2027000E3183000,3452364277,
4173,CRS3035RES1000mN2027000E3183000,3495733197,
4174,CRS3035RES1000mN2027000E3183000,3497154853,
4175,CRS3035RES1000mN2027000E3183000,3517755445,
4176,CRS3035RES1000mN2027000E3183000,3522125657,
4177,CRS3035RES1000mN2027000E3183000,3526751794,
4178,CRS3035RES1000mN2027000E3183000,3839306060,118.0
4179,CRS3035RES1000mN2027000E3183000,4214697664,
4180,CRS3035RES1000mN2027000E3183000,4338252586,
4181,CRS3035RES1000mN2027000E3183000,4401271633,
4182,CRS3035RES1000mN2027000E3183000,4515476768,
4183,CRS3035RES1000mN2027000E3183000,4569910891,
4184,CRS3035RES1000mN2027000E3183000,4703730491,
4185,CRS3035RES1000mN2027000E3183000,4707870392,
4186,CRS3035RES1000mN2027000E3183000,4789037769,
4187,CRS3035RES1000mN2027000E3183000,4794233143,
4188,CRS3035RES1000mN2027000E3183000,4870405674,
4189,CRS3035RES1000mN2027000E3183000,5139379922,
4190,CRS3035RES1000mN2027000E3183000,5160337425,
4191,CRS3035RES1000mN2027000E3183000,5196199575,
4192,CRS3035RES1000mN2027000E3183000,5341570554,
4193,CRS3035RES1000mN2027000E3183000,5345949864,
4194,CRS3035RES1000mN2027000E3183000,5448507385,
4195,CRS3035RES1000mN2027000E3183000,5604693894,
4196,CRS3035RES1000mN2027000E3183000,5670401989,
4197,CRS3035RES1000mN2027000E3183000,5942671299,
4198,CRS3035RES1000mN2027000E3183000,5943980960,
4199,CRS3035RES1000mN2027000E3183000,6185791451,
4200,CRS3035RES1000mN2027000E3183000,6188948286,
4201,CRS3035RES1000mN2027000E3183000,6555800191,
4202,CRS3035RES1000mN2027000E3183000,6885254479,
4203,CRS3035RES1000mN2027000E3183000,7222611268,
4204,CRS3035RES1000mN2027000E3183000,7408961006,
4205,CRS3035RES1000mN2027000E3183000,7619964683,
4206,CRS3035RES1000mN2027000E3183000,7836562695,
4207,CRS3035RES1000mN2027000E3183000,8493729364,
4208,CRS3035RES1000mN2027000E3183000,8557885377,
4209,CRS3035RES1000mN2027000E3183000,8807212208,
4210,CRS3035RES1000mN2027000E3183000,8844229173,
4211,CRS3035RES1000mN2027000E3183000,8878422600,
4212,CRS3035RES1000mN2027000E3183000,9595709188,
4213,CRS3035RES1000mN2027000E3183000,9611387099,
4214,CRS3035RES1000mN2027000E3183000,9712656915,
4215,CRS3035RES1000mN2027000E3183000,9713142744,
4216,CRS3035RES1000mN2027000E3183000,9815746657,
4217,CRS3035RES1000mN2027000E3183000,10004871512,111.0
4218,CRS3035RES1000mN2027000E3183000,10281174134,
4219,CRS3035RES1000mN2027000E3183000,10580337411,
4220,CRS3035RES1000mN2027000E3183000,10899442604,
4221,CRS3035RES1000mN2027000E3183000,10922657146,
4222,CRS3035RES1000mN2027000E3183000,11127499928,
4223,CRS3035RES1000mN2027000E3183000,11143725881,
4224,CRS3035RES1000mN2027000E3183000,11243087140,
4225,CRS3035RES1000mN2027000E3183000,11269399969,
4226,CRS3035RES1000mN2027000E3183000,11287269362,104.0
4227,CRS3035RES1000mN2027000E3183000,11287269363,
4228,CRS3035RES1000mN2027000E3183000,11369705764,
4229,CRS3035RES1000mN2027000E3183000,11387776374,
4230,CRS3035RES1000mN2027000E3183000,11461799040,
4231,CRS3035RES1000mN2027000E3183000,11462802981,
4232,CRS3035RES1000mN2027000E3183000,11652077658,
4233,CRS3035RES1000mN2027000E3183000,11691390164,
4234,CRS3035RES1000mN2027000E3183000,11739757462,
4235,CRS3035RES1000mN2027000E3183000,12178446726,
4236,CRS3035RES1000mN2027000E3183000,12407425114,
4237,CRS3035RES1000mN2027000E3183000,12865480228,119.0
4238,CRS3035RES1000mN2027000E3183000,2960630,
4239,CRS3035RES1000mN2027000E3183000,3554044,
4240,CRS3035RES1000mN2027000E3183000,3557906,
4241,CRS3035RES1000mN2027000E3183000,5231361,
4242,CRS3035RES1000mN2027000E3183000,9314566,
4243,CRS3035RES1000mN2027000E3183000,13696257,
4244,CRS3035RES1000mN2027000E3183000,15996131,
4245,CRS3035RES1000mN2027000E3183000,23526191,
4246,CRS3035RES1000mN2027000E3183000,23545719,
4247,CRS3035RES1000mN2027000E3183000,30599279,
4248,CRS3035RES1000mN2027000E3183000,30649229,
4249,CRS3035RES1000mN2027000E3183000,32198651,
4250,CRS3035RES1000mN2027000E3183000,34945111,
4251,CRS3035RES1000mN2027000E3183000,50170625,
4252,CRS3035RES1000mN2027000E3183000,82887228,
4253,CRS3035RES1000mN2027000E3183000,92484952,
4254,CRS3035RES1000mN2027000E3183000,95794713,
4255,CRS3035RES1000mN2027000E3183000,96418670,
4256,CRS3035RES1000mN2027000E3183000,98502686,
4257,CRS3035RES1000mN2027000E3183000,132613257,
4258,CRS3035RES1000mN2027000E3183000,135036040,
4259,CRS3035RES1000mN2027000E3183000,150772489,
4260,CRS3035RES1000mN2027000E3183000,154118456,
4261,CRS3035RES1000mN2027000E3183000,157375776,
4262,CRS3035RES1000mN2027000E3183000,158211204,
4263,CRS3035RES1000mN2027000E3183000,162072415,
4264,CRS3035RES1000mN2027000E3183000,162117720,
4265,CRS3035RES1000mN2027000E3183000,170487273,
4266,CRS3035RES1000mN2027000E3183000,172686062,
4267,CRS3035RES1000mN2027000E3183000,174318235,
4268,CRS3035RES1000mN2027000E3183000,174318237,
4269,CRS3035RES1000mN2027000E3183000,205060159,
4270,CRS3035RES1000mN2027000E3183000,205757163,
4271,CRS3035RES1000mN2027000E3183000,221095520,
4272,CRS3035RES1000mN2027000E3183000,224503374,
4273,CRS3035RES1000mN2027000E3183000,227333462,
4274,CRS3035RES1000mN2027000E3183000,229117454,
4275,CRS3035RES1000mN2027000E3183000,261460389,
4276,CRS3035RES1000mN2027000E3183000,283450022,
4277,CRS3035RES1000mN2027000E3183000,288994040,
4278,CRS3035RES1000mN2027000E3183000,296744564,
4279,CRS3035RES1000mN2027000E3183000,297526406,
4280,CRS3035RES1000mN2027000E3183000,300709861,
4281,CRS3035RES1000mN2027000E3183000,301444634,
4282,CRS3035RES1000mN2027000E3183000,302721609,
4283,CRS3035RES1000mN2027000E3183000,308195630,
4284,CRS3035RES1000mN2027000E3183000,312777902,
4285,CRS3035RES1000mN2027000E3183000,330154630,
4286,CRS3035RES1000mN2027000E3183000,340205456,
4287,CRS3035RES1000mN2027000E3183000,367883612,
4288,CRS3035RES1000mN2027000E3183000,368211943,
4289,CRS3035RES1000mN2027000E3183000,374180360,
4290,CRS3035RES1000mN2027000E3183000,375369499,
4291,CRS3035RES1000mN2027000E3183000,383494544,
4292,CRS3035RES1000mN2027000E3183000,384574591,
4293,CRS3035RES1000mN2027000E3183000,403538322,102.0
4294,CRS3035RES1000mN2027000E3183000,403859503,
4295,CRS3035RES1000mN2027000E3183000,437050442,
4296,CRS3035RES1000mN2027000E3183000,459881697,
4297,CRS3035RES1000mN2027000E3183000,477278425,
4298,CRS3035RES1000mN2027000E3183000,486879235,
4299,CRS3035RES1000mN2027000E3183000,493748377,
4300,CRS3035RES1000mN2027000E3183000,498234201,
4301,CRS3035RES1000mN2027000E3183000,504315026,
4302,CRS3035RES1000mN2027000E3183000,548701490,
4303,CRS3035RES1000mN2027000E3183000,574210084,
4304,CRS3035RES1000mN2027000E3183000,576094143,
4305,CRS3035RES1000mN2027000E3183000,584409067,
4306,CRS3035RES1000mN2027000E3183000,635512756,
4307,CRS3035RES1000mN2027000E3183000,638492224,
4308,CRS3035RES1000mN2027000E3183000,653913062,
4309,CRS3035RES1000mN2027000E3183000,659866770,
4310,CRS3035RES1000mN2027000E3183000,697717972,
4311,CRS3035RES1000mN2027000E3183000,717194862,
4312,CRS3035RES1000mN2027000E3183000,736899303,
4313,CRS3035RES1000mN2027000E3183000,738042217,
4314,CRS3035RES1000mN2027000E3183000,839611983,
4315,CRS3035RES1000mN2027000E3183000,957893520,
4316,CRS3035RES1000mN2027000E3183000,963308110,
4317,CRS3035RES1000mN2027000E3183000,1073283182,
4318,CRS3035RES1000mN2027000E3183000,1252864015,109.0
4319,CRS3035RES1000mN2027000E3183000,1283203658,
4320,CRS3035RES1000mN2028000E3174000,25526,76.0
4321,CRS3035RES1000mN2028000E3174000,1774,47.0
4322,CRS3035RES1000mN2028000E3174000,1770,59.0
4323,CRS3035RES1000mN2028000E3174000,1773,55.0
4324,CRS3035RES1000mN2028000E3174000,1771,52.0
4325,CRS3035RES1000mN2028000E3174000,123303,66.0
4326,CRS3035RES1000mN2028000E3174000,1764,47.0
4327,CRS3035RES1000mN2028000E3174000,181101,51.0
4328,CRS3035RES1000mN2028000E3174000,5765642,72.0
4329,CRS3035RES1000mN2028000E3174000,86719,73.0
4330,CRS3035RES1000mN2028000E3174000,1800,56.0
4331,CRS3035RES1000mN2028000E3174000,1757,66.0
4332,CRS3035RES1000mN2028000E3174000,1755,66.0
4333,CRS3035RES1000mN2028000E3174000,1882,52.0
4334,CRS3035RES1000mN2028000E3174000,1745,34.0
4335,CRS3035RES1000mN2028000E3174000,1794,41.0
4336,CRS3035RES1000mN2028000E3174000,1762,38.0
4337,CRS3035RES1000mN2028000E3174000,51188,49.0
4338,CRS3035RES1000mN2028000E3174000,6893633,42.0
4339,CRS3035RES1000mN2028000E3174000,167128,47.0
4340,CRS3035RES1000mN2028000E3174000,1760,42.0
4341,CRS3035RES1000mN2028000E3174000,12773298,71.0
4342,CRS3035RES1000mN2028000E3174000,1754,71.0
4343,CRS3035RES1000mN2028000E3174000,1748,50.0
4344,CRS3035RES1000mN2028000E3174000,79941,37.0
4345,CRS3035RES1000mN2028000E3174000,1750,53.0
4346,CRS3035RES1000mN2028000E3174000,5975465,55.0
4347,CRS3035RES1000mN2028000E3174000,115056,42.0
4348,CRS3035RES1000mN2028000E3174000,1790,57.0
4349,CRS3035RES1000mN2028000E3174000,1756,67.0
4350,CRS3035RES1000mN2028000E3174000,51849,50.0
4351,CRS3035RES1000mN2028000E3174000,185595,50.0
4352,CRS3035RES1000mN2028000E3174000,7697128,47.0
4353,CRS3035RES1000mN2028000E3174000,10395362,69.0
4354,CRS3035RES1000mN2028000E3174000,1759,48.0
4355,CRS3035RES1000mN2028000E3174000,1752,45.0
4356,CRS3035RES1000mN2028000E3174000,186714,44.0
4357,CRS3035RES1000mN2028000E3174000,1753,57.0
4358,CRS3035RES1000mN2028000E3174000,1792,53.0
4359,CRS3035RES1000mN2028000E3174000,1763,64.0
4360,CRS3035RES1000mN2028000E3174000,1746,51.0
4361,CRS3035RES1000mN2028000E3174000,11572165,65.0
4362,CRS3035RES1000mN2028000E3174000,1761,54.0
4363,CRS3035RES1000mN2028000E3174000,1747,45.0
4364,CRS3035RES1000mN2028000E3174000,5768564,69.0
4365,CRS3035RES1000mN2028000E3174000,1798,54.0
4366,CRS3035RES1000mN2028000E3174000,66904,58.0
4367,CRS3035RES1000mN2028000E3174000,1777,41.0
4368,CRS3035RES1000mN2028000E3174000,1765,41.0
4369,CRS3035RES1000mN2028000E3174000,49416,59.0
4370,CRS3035RES1000mN2028000E3174000,12734939,59.0
4371,CRS3035RES1000mN2028000E3174000,167386167,45.0
4372,CRS3035RES1000mN2028000E3174000,295933804,70.0
4373,CRS3035RES1000mN2028000E3174000,303340017,59.0
4374,CRS3035RES1000mN2028000E3174000,315355551,89.0
4375,CRS3035RES1000mN2028000E3174000,339084977,59.0
4376,CRS3035RES1000mN2028000E3174000,412911553,51.0
4377,CRS3035RES1000mN2028000E3174000,558126037,85.0
4378,CRS3035RES1000mN2028000E3174000,711789768,113.0
4379,CRS3035RES1000mN2028000E3174000,727666062,
4380,CRS3035RES1000mN2028000E3174000,848085869,87.0
4381,CRS3035RES1000mN2028000E3174000,1056098898,55.0
4382,CRS3035RES1000mN2028000E3174000,1255438242,63.0
4383,CRS3035RES1000mN2028000E3174000,1469985039,34.0
4384,CRS3035RES1000mN2028000E3174000,1504302537,93.0
4385,CRS3035RES1000mN2028000E3174000,1511617504,94.0
4386,CRS3035RES1000mN2028000E3174000,1541601287,80.0
4387,CRS3035RES1000mN2028000E3174000,1544591296,63.0
4388,CRS3035RES1000mN2028000E3174000,1598174183,38.0
4389,CRS3035RES1000mN2028000E3174000,1629887846,46.0
4390,CRS3035RES1000mN2028000E3174000,1686660176,47.0
4391,CRS3035RES1000mN2028000E3174000,1716927336,87.0
4392,CRS3035RES1000mN2028000E3174000,1734554324,62.0
4393,CRS3035RES1000mN2028000E3174000,1849109335,64.0
4394,CRS3035RES1000mN2028000E3174000,2028408680,97.0
4395,CRS3035RES1000mN2028000E3174000,2036887702,61.0
4396,CRS3035RES1000mN2028000E3174000,2061404218,65.0
4397,CRS3035RES1000mN2028000E3174000,2134238030,52.0
4398,CRS3035RES1000mN2028000E3174000,2261600754,
4399,CRS3035RES1000mN2028000E3174000,2301402027,52.0
4400,CRS3035RES1000mN2028000E3174000,2303966810,112.0
4401,CRS3035RES1000mN2028000E3174000,2312029862,43.0
4402,CRS3035RES1000mN2028000E3174000,2408860250,84.0
4403,CRS3035RES1000mN2028000E3174000,2620185829,51.0
4404,CRS3035RES1000mN2028000E3174000,2622508931,53.0
4405,CRS3035RES1000mN2028000E3174000,2672130951,
4406,CRS3035RES1000mN2028000E3174000,2710518818,75.0
4407,CRS3035RES1000mN2028000E3174000,3034026261,
4408,CRS3035RES1000mN2028000E3174000,3179889751,83.0
4409,CRS3035RES1000mN2028000E3174000,3206611978,
4410,CRS3035RES1000mN2028000E3174000,3272828439,103.0
4411,CRS3035RES1000mN2028000E3174000,3452364276,44.0
4412,CRS3035RES1000mN2028000E3174000,3452364277,42.0
4413,CRS3035RES1000mN2028000E3174000,3495733197,
4414,CRS3035RES1000mN2028000E3174000,3497154853,
4415,CRS3035RES1000mN2028000E3174000,3517755445,
4416,CRS3035RES1000mN2028000E3174000,3522125657,
4417,CRS3035RES1000mN2028000E3174000,3526751794,88.0
4418,CRS3035RES1000mN2028000E3174000,3839306060,43.0
4419,CRS3035RES1000mN2028000E3174000,4214697664,60.0
4420,CRS3035RES1000mN2028000E3174000,4338252586,76.0
4421,CRS3035RES1000mN2028000E3174000,4401271633,
4422,CRS3035RES1000mN2028000E3174000,4515476768,
4423,CRS3035RES1000mN2028000E3174000,4569910891,48.0
4424,CRS3035RES1000mN2028000E3174000,4703730491,82.0
4425,CRS3035RES1000mN2028000E3174000,4707870392,82.0
4426,CRS3035RES1000mN2028000E3174000,4789037769,102.0
4427,CRS3035RES1000mN2028000E3174000,4794233143,
4428,CRS3035RES1000mN2028000E3174000,4870405674,71.0
4429,CRS3035RES1000mN2028000E3174000,5139379922,100.0
4430,CRS3035RES1000mN2028000E3174000,5160337425,50.0
4431,CRS3035RES1000mN2028000E3174000,5196199575,94.0
4432,CRS3035RES1000mN2028000E3174000,5341570554,49.0
4433,CRS3035RES1000mN2028000E3174000,5345949864,80.0
4434,CRS3035RES1000mN2028000E3174000,5448507385,
4435,CRS3035RES1000mN2028000E3174000,5604693894,73.0
4436,CRS3035RES1000mN2028000E3174000,5670401989,95.0
4437,CRS3035RES1000mN2028000E3174000,5942671299,69.0
4438,CRS3035RES1000mN2028000E3174000,5943980960,96.0
4439,CRS3035RES1000mN2028000E3174000,6185791451,
4440,CRS3035RES1000mN2028000E3174000,6188948286,54.0
4441,CRS3035RES1000mN2028000E3174000,6555800191,92.0
4442,CRS3035RES1000mN2028000E3174000,6885254479,64.0
4443,CRS3035RES1000mN2028000E3174000,7222611268,94.0
4444,CRS3035RES1000mN2028000E3174000,7408961006,113.0
4445,CRS3035RES1000mN2028000E3174000,7619964683,113.0
4446,CRS3035RES1000mN2028000E3174000,7836562695,88.0
4447,CRS3035RES1000mN2028000E3174000,8493729364,56.0
4448,CRS3035RES1000mN2028000E3174000,8557885377,75.0
4449,CRS3035RES1000mN2028000E3174000,8807212208,41.0
4450,CRS3035RES1000mN2028000E3174000,8844229173,50.0
4451,CRS3035RES1000mN2028000E3174000,8878422600,81.0
4452,CRS3035RES1000mN2028000E3174000,9595709188,49.0
4453,CRS3035RES1000mN2028000E3174000,9611387099,62.0
4454,CRS3035RES1000mN2028000E3174000,9712656915,51.0
4455,CRS3035RES1000mN2028000E3174000,9713142744,44.0
4456,CRS3035RES1000mN2028000E3174000,9815746657,97.0
4457,CRS3035RES1000mN2028000E3174000,10004871512,41.0
4458,CRS3035RES1000mN2028000E3174000,10281174134,
4459,CRS3035RES1000mN2028000E3174000,10580337411,47.0
4460,CRS3035RES1000mN2028000E3174000,10899442604,100.0
4461,CRS3035RES1000mN2028000E3174000,10922657146,96.0
4462,CRS3035RES1000mN2028000E3174000,11127499928,62.0
4463,CRS3035RES1000mN2028000E3174000,11143725881,67.0
4464,CRS3035RES1000mN2028000E3174000,11243087140,61.0
4465,CRS3035RES1000mN2028000E3174000,11269399969,65.0
4466,CRS3035RES1000mN2028000E3174000,11287269362,45.0
4467,CRS3035RES1000mN2028000E3174000,11287269363,63.0
4468,CRS3035RES1000mN2028000E3174000,11369705764,54.0
4469,CRS3035RES1000mN2028000E3174000,11387776374,58.0
4470,CRS3035RES1000mN2028000E3174000,11461799040,
4471,CRS3035RES1000mN2028000E3174000,11462802981,42.0
4472,CRS3035RES1000mN2028000E3174000,11652077658,69.0
4473,CRS3035RES1000mN2028000E3174000,11691390164,51.0
4474,CRS3035RES1000mN2028000E3174000,11739757462,80.0
4475,CRS3035RES1000mN2028000E3174000,12178446726,72.0
4476,CRS3035RES1000mN2028000E3174000,12407425114,74.0
4477,CRS3035RES1000mN2028000E3174000,12865480228,44.0
4478,CRS3035RES1000mN2028000E3174000,2960630,86.0
4479,CRS3035RES1000mN2028000E3174000,3554044,103.0
4480,CRS3035RES1000mN2028000E3174000,3557906,87.0
4481,CRS3035RES1000mN2028000E3174000,5231361,58.0
4482,CRS3035RES1000mN2028000E3174000,9314566,72.0
4483,CRS3035RES1000mN2028000E3174000,13696257,85.0
4484,CRS3035RES1000mN2028000E3174000,15996131,59.0
4485,CRS3035RES1000mN2028000E3174000,23526191,43.0
4486,CRS3035RES1000mN2028000E3174000,23545719,56.0
4487,CRS3035RES1000mN2028000E3174000,30599279,87.0
4488,CRS3035RES1000mN2028000E3174000,30649229,57.0
4489,CRS3035RES1000mN2028000E3174000,32198651,
4490,CRS3035RES1000mN2028000E3174000,34945111,88.0
4491,CRS3035RES1000mN2028000E3174000,50170625,69.0
4492,CRS3035RES1000mN2028000E3174000,82887228,81.0
4493,CRS3035RES1000mN2028000E3174000,92484952,91.0
4494,CRS3035RES1000mN2028000E3174000,95794713,59.0
4495,CRS3035RES1000mN2028000E3174000,96418670,104.0
4496,CRS3035RES1000mN2028000E3174000,98502686,61.0
4497,CRS3035RES1000mN2028000E3174000,132613257,50.0
4498,CRS3035RES1000mN2028000E3174000,135036040,17.0
4499,CRS3035RES1000mN2028000E3174000,150772489,56.0
4500,CRS3035RES1000mN2028000E3174000,154118456,85.0
4501,CRS3035RES1000mN2028000E3174000,157375776,56.0
4502,CRS3035RES1000mN2028000E3174000,158211204,91.0
4503,CRS3035RES1000mN2028000E3174000,162072415,82.0
4504,CRS3035RES1000mN2028000E3174000,162117720,76.0
4505,CRS3035RES1000mN2028000E3174000,170487273,55.0
4506,CRS3035RES1000mN2028000E3174000,172686062,93.0
4507,CRS3035RES1000mN2028000E3174000,174318235,94.0
4508,CRS3035RES1000mN2028000E3174000,174318237,95.0
4509,CRS3035RES1000mN2028000E3174000,205060159,72.0
4510,CRS3035RES1000mN2028000E3174000,205757163,
4511,CRS3035RES1000mN2028000E3174000,221095520,50.0
4512,CRS3035RES1000mN2028000E3174000,224503374,44.0
4513,CRS3035RES1000mN2028000E3174000,227333462,59.0
4514,CRS3035RES1000mN2028000E3174000,229117454,66.0
4515,CRS3035RES1000mN2028000E3174000,261460389,
4516,CRS3035RES1000mN2028000E3174000,283450022,49.0
4517,CRS3035RES1000mN2028000E3174000,288994040,55.0
4518,CRS3035RES1000mN2028000E3174000,296744564,71.0
4519,CRS3035RES1000mN2028000E3174000,297526406,68.0
4520,CRS3035RES1000mN2028000E3174000,300709861,105.0
4521,CRS3035RES1000mN2028000E3174000,301444634,85.0
4522,CRS3035RES1000mN2028000E3174000,302721609,89.0
4523,CRS3035RES1000mN2028000E3174000,308195630,81.0
4524,CRS3035RES1000mN2028000E3174000,312777902,63.0
4525,CRS3035RES1000mN2028000E3174000,330154630,
4526,CRS3035RES1000mN2028000E3174000,340205456,53.0
4527,CRS3035RES1000mN2028000E3174000,367883612,79.0
4528,CRS3035RES1000mN2028000E3174000,368211943,80.0
4529,CRS3035RES1000mN2028000E3174000,374180360,45.0
4530,CRS3035RES1000mN2028000E3174000,375369499,79.0
4531,CRS3035RES1000mN2028000E3174000,383494544,55.0
4532,CRS3035RES1000mN2028000E3174000,384574591,84.0
4533,CRS3035RES1000mN2028000E3174000,403538322,66.0
4534,CRS3035RES1000mN2028000E3174000,403859503,51.0
4535,CRS3035RES1000mN2028000E3174000,437050442,93.0
4536,CRS3035RES1000mN2028000E3174000,459881697,60.0
4537,CRS3035RES1000mN2028000E3174000,477278425,78.0
4538,CRS3035RES1000mN2028000E3174000,486879235,
4539,CRS3035RES1000mN2028000E3174000,493748377,76.0
4540,CRS3035RES1000mN2028000E3174000,498234201,95.0
4541,CRS3035RES1000mN2028000E3174000,504315026,45.0
4542,CRS3035RES1000mN2028000E3174000,548701490,117.0
4543,CRS3035RES1000mN2028000E3174000,574210084,64.0
4544,CRS3035RES1000mN2028000E3174000,576094143,82.0
4545,CRS3035RES1000mN2028000E3174000,584409067,71.0
4546,CRS3035RES1000mN2028000E3174000,635512756,62.0
4547,CRS3035RES1000mN2028000E3174000,638492224,49.0
4548,CRS3035RES1000mN2028000E3174000,653913062,70.0
4549,CRS3035RES1000mN2028000E3174000,659866770,64.0
4550,CRS3035RES1000mN2028000E3174000,697717972,92.0
4551,CRS3035RES1000mN2028000E3174000,717194862,102.0
4552,CRS3035RES1000mN2028000E3174000,736899303,
4553,CRS3035RES1000mN2028000E3174000,738042217,106.0
4554,CRS3035RES1000mN2028000E3174000,839611983,114.0
4555,CRS3035RES1000mN2028000E3174000,957893520,49.0
4556,CRS3035RES1000mN2028000E3174000,963308110,26.0
4557,CRS3035RES1000mN2028000E3174000,1073283182,82.0
4558,CRS3035RES1000mN2028000E3174000,1252864015,38.0
4559,CRS3035RES1000mN2028000E3174000,1283203658,
4560,CRS3035RES1000mN2028000E3175000,25526,103.0
4561,CRS3035RES1000mN2028000E3175000,1774,73.0
4562,CRS3035RES1000mN2028000E3175000,1770,85.0
4563,CRS3035RES1000mN2028000E3175000,1773,72.0
4564,CRS3035RES1000mN2028000E3175000,1771,80.0
4565,CRS3035RES1000mN2028000E3175000,123303,92.0
4566,CRS3035RES1000mN2028000E3175000,1764,72.0
4567,CRS3035RES1000mN2028000E3175000,181101,63.0
4568,CRS3035RES1000mN2028000E3175000,5765642,98.0
4569,CRS3035RES1000mN2028000E3175000,86719,95.0
4570,CRS3035RES1000mN2028000E3175000,1800,67.0
4571,CRS3035RES1000mN2028000E3175000,1757,92.0
4572,CRS3035RES1000mN2028000E3175000,1755,91.0
4573,CRS3035RES1000mN2028000E3175000,1882,79.0
4574,CRS3035RES1000mN2028000E3175000,1745,60.0
4575,CRS3035RES1000mN2028000E3175000,1794,65.0
4576,CRS3035RES1000mN2028000E3175000,1762,65.0
4577,CRS3035RES1000mN2028000E3175000,51188,76.0
4578,CRS3035RES1000mN2028000E3175000,6893633,69.0
4579,CRS3035RES1000mN2028000E3175000,167128,58.0
4580,CRS3035RES1000mN2028000E3175000,1760,69.0
4581,CRS3035RES1000mN2028000E3175000,12773298,83.0
4582,CRS3035RES1000mN2028000E3175000,1754,96.0
4583,CRS3035RES1000mN2028000E3175000,1748,62.0
4584,CRS3035RES1000mN2028000E3175000,79941,61.0
4585,CRS3035RES1000mN2028000E3175000,1750,78.0
4586,CRS3035RES1000mN2028000E3175000,5975465,80.0
4587,CRS3035RES1000mN2028000E3175000,115056,54.0
4588,CRS3035RES1000mN2028000E3175000,1790,83.0
4589,CRS3035RES1000mN2028000E3175000,1756,93.0
4590,CRS3035RES1000mN2028000E3175000,51849,69.0
4591,CRS3035RES1000mN2028000E3175000,185595,75.0
4592,CRS3035RES1000mN2028000E3175000,7697128,74.0
4593,CRS3035RES1000mN2028000E3175000,10395362,92.0
4594,CRS3035RES1000mN2028000E3175000,1759,75.0
4595,CRS3035RES1000mN2028000E3175000,1752,65.0
4596,CRS3035RES1000mN2028000E3175000,186714,59.0
4597,CRS3035RES1000mN2028000E3175000,1753,69.0
4598,CRS3035RES1000mN2028000E3175000,1792,64.0
4599,CRS3035RES1000mN2028000E3175000,1763,88.0
4600,CRS3035RES1000mN2028000E3175000,1746,63.0
4601,CRS3035RES1000mN2028000E3175000,11572165,91.0
4602,CRS3035RES1000mN2028000E3175000,1761,70.0
4603,CRS3035RES1000mN2028000E3175000,1747,56.0
4604,CRS3035RES1000mN2028000E3175000,5768564,95.0
4605,CRS3035RES1000mN2028000E3175000,1798,80.0
4606,CRS3035RES1000mN2028000E3175000,66904,84.0
4607,CRS3035RES1000mN2028000E3175000,1777,67.0
4608,CRS3035RES1000mN2028000E3175000,1765,68.0
4609,CRS3035RES1000mN2028000E3175000,49416,70.0
4610,CRS3035RES1000mN2028000E3175000,12734939,70.0
4611,CRS3035RES1000mN2028000E3175000,167386167,71.0
4612,CRS3035RES1000mN2028000E3175000,295933804,97.0
4613,CRS3035RES1000mN2028000E3175000,303340017,102.0
4614,CRS3035RES1000mN2028000E3175000,315355551,113.0
4615,CRS3035RES1000mN2028000E3175000,339084977,80.0
4616,CRS3035RES1000mN2028000E3175000,412911553,78.0
4617,CRS3035RES1000mN2028000E3175000,558126037,108.0
4618,CRS3035RES1000mN2028000E3175000,711789768,
4619,CRS3035RES1000mN2028000E3175000,727666062,
4620,CRS3035RES1000mN2028000E3175000,848085869,110.0
4621,CRS3035RES1000mN2028000E3175000,1056098898,81.0
4622,CRS3035RES1000mN2028000E3175000,1255438242,87.0
4623,CRS3035RES1000mN2028000E3175000,1469985039,46.0
4624,CRS3035RES1000mN2028000E3175000,1504302537,93.0
4625,CRS3035RES1000mN2028000E3175000,1511617504,
4626,CRS3035RES1000mN2028000E3175000,1541601287,108.0
4627,CRS3035RES1000mN2028000E3175000,1544591296,86.0
4628,CRS3035RES1000mN2028000E3175000,1598174183,70.0
4629,CRS3035RES1000mN2028000E3175000,1629887846,70.0
4630,CRS3035RES1000mN2028000E3175000,1686660176,71.0
4631,CRS3035RES1000mN2028000E3175000,1716927336,103.0
4632,CRS3035RES1000mN2028000E3175000,1734554324,82.0
4633,CRS3035RES1000mN2028000E3175000,1849109335,104.0
4634,CRS3035RES1000mN2028000E3175000,2028408680,
4635,CRS3035RES1000mN2028000E3175000,2036887702,
4636,CRS3035RES1000mN2028000E3175000,2061404218,91.0
4637,CRS3035RES1000mN2028000E3175000,2134238030,78.0
4638,CRS3035RES1000mN2028000E3175000,2261600754,
4639,CRS3035RES1000mN2028000E3175000,2301402027,75.0
4640,CRS3035RES1000mN2028000E3175000,2303966810,
4641,CRS3035RES1000mN2028000E3175000,2312029862,69.0
4642,CRS3035RES1000mN2028000E3175000,2408860250,119.0
4643,CRS3035RES1000mN2028000E3175000,2620185829,78.0
4644,CRS3035RES1000mN2028000E3175000,2622508931,79.0
4645,CRS3035RES1000mN2028000E3175000,2672130951,
4646,CRS3035RES1000mN2028000E3175000,2710518818,80.0
4647,CRS3035RES1000mN2028000E3175000,3034026261,
4648,CRS3035RES1000mN2028000E3175000,3179889751,98.0
4649,CRS3035RES1000mN2028000E3175000,3206611978,
4650,CRS3035RES1000mN2028000E3175000,3272828439,118.0
4651,CRS3035RES1000mN2028000E3175000,3452364276,59.0
4652,CRS3035RES1000mN2028000E3175000,3452364277,69.0
4653,CRS3035RES1000mN2028000E3175000,3495733197,
4654,CRS3035RES1000mN2028000E3175000,3497154853,
4655,CRS3035RES1000mN2028000E3175000,3517755445,
4656,CRS3035RES1000mN2028000E3175000,3522125657,
4657,CRS3035RES1000mN2028000E3175000,3526751794,
4658,CRS3035RES1000mN2028000E3175000,3839306060,66.0
4659,CRS3035RES1000mN2028000E3175000,4214697664,87.0
4660,CRS3035RES1000mN2028000E3175000,4338252586,
4661,CRS3035RES1000mN2028000E3175000,4401271633,
4662,CRS3035RES1000mN2028000E3175000,4515476768,
4663,CRS3035RES1000mN2028000E3175000,4569910891,75.0
4664,CRS3035RES1000mN2028000E3175000,4703730491,112.0
4665,CRS3035RES1000mN2028000E3175000,4707870392,107.0
4666,CRS3035RES1000mN2028000E3175000,4789037769,119.0
4667,CRS3035RES1000mN2028000E3175000,4794233143,
4668,CRS3035RES1000mN2028000E3175000,4870405674,96.0
4669,CRS3035RES1000mN2028000E3175000,5139379922,
4670,CRS3035RES1000mN2028000E3175000,5160337425,77.0
4671,CRS3035RES1000mN2028000E3175000,5196199575,114.0
4672,CRS3035RES1000mN2028000E3175000,5341570554,75.0
4673,CRS3035RES1000mN2028000E3175000,5345949864,80.0
4674,CRS3035RES1000mN2028000E3175000,5448507385,
4675,CRS3035RES1000mN2028000E3175000,5604693894,
4676,CRS3035RES1000mN2028000E3175000,5670401989,
4677,CRS3035RES1000mN2028000E3175000,5942671299,77.0
4678,CRS3035RES1000mN2028000E3175000,5943980960,
4679,CRS3035RES1000mN2028000E3175000,6185791451,
4680,CRS3035RES1000mN2028000E3175000,6188948286,67.0
4681,CRS3035RES1000mN2028000E3175000,6555800191,118.0
4682,CRS3035RES1000mN2028000E3175000,6885254479,83.0
4683,CRS3035RES1000mN2028000E3175000,7222611268,119.0
4684,CRS3035RES1000mN2028000E3175000,7408961006,113.0
4685,CRS3035RES1000mN2028000E3175000,7619964683,
4686,CRS3035RES1000mN2028000E3175000,7836562695,101.0
4687,CRS3035RES1000mN2028000E3175000,8493729364,78.0
4688,CRS3035RES1000mN2028000E3175000,8557885377,
4689,CRS3035RES1000mN2028000E3175000,8807212208,67.0
4690,CRS3035RES1000mN2028000E3175000,8844229173,77.0
4691,CRS3035RES1000mN2028000E3175000,8878422600,100.0
4692,CRS3035RES1000mN2028000E3175000,9595709188,76.0
4693,CRS3035RES1000mN2028000E3175000,9611387099,81.0
4694,CRS3035RES1000mN2028000E3175000,9712656915,78.0
4695,CRS3035RES1000mN2028000E3175000,9713142744,71.0
4696,CRS3035RES1000mN2028000E3175000,9815746657,99.0
4697,CRS3035RES1000mN2028000E3175000,10004871512,70.0
4698,CRS3035RES1000mN2028000E3175000,10281174134,
4699,CRS3035RES1000mN2028000E3175000,10580337411,70.0
4700,CRS3035RES1000mN2028000E3175000,10899442604,113.0
4701,CRS3035RES1000mN2028000E3175000,10922657146,110.0
4702,CRS3035RES1000mN2028000E3175000,11127499928,81.0
4703,CRS3035RES1000mN2028000E3175000,11143725881,98.0
4704,CRS3035RES1000mN2028000E3175000,11243087140,80.0
4705,CRS3035RES1000mN2028000E3175000,11269399969,92.0
4706,CRS3035RES1000mN2028000E3175000,11287269362,72.0
4707,CRS3035RES1000mN2028000E3175000,11287269363,83.0
4708,CRS3035RES1000mN2028000E3175000,11369705764,80.0
4709,CRS3035RES1000mN2028000E3175000,11387776374,70.0
4710,CRS3035RES1000mN2028000E3175000,11461799040,
4711,CRS3035RES1000mN2028000E3175000,11462802981,54.0
4712,CRS3035RES1000mN2028000E3175000,11652077658,102.0
4713,CRS3035RES1000mN2028000E3175000,11691390164,77.0
4714,CRS3035RES1000mN2028000E3175000,11739757462,95.0
4715,CRS3035RES1000mN2028000E3175000,12178446726,98.0
4716,CRS3035RES1000mN2028000E3175000,12407425114,98.0
4717,CRS3035RES1000mN2028000E3175000,12865480228,67.0
4718,CRS3035RES1000mN2028000E3175000,2960630,
4719,CRS3035RES1000mN2028000E3175000,3554044,
4720,CRS3035RES1000mN2028000E3175000,3557906,99.0
4721,CRS3035RES1000mN2028000E3175000,5231361,85.0
4722,CRS3035RES1000mN2028000E3175000,9314566,77.0
4723,CRS3035RES1000mN2028000E3175000,13696257,116.0
4724,CRS3035RES1000mN2028000E3175000,15996131,86.0
4725,CRS3035RES1000mN2028000E3175000,23526191,67.0
4726,CRS3035RES1000mN2028000E3175000,23545719,82.0
4727,CRS3035RES1000mN2028000E3175000,30599279,105.0
4728,CRS3035RES1000mN2028000E3175000,30649229,84.0
4729,CRS3035RES1000mN2028000E3175000,32198651,
4730,CRS3035RES1000mN2028000E3175000,34945111,101.0
4731,CRS3035RES1000mN2028000E3175000,50170625,85.0
4732,CRS3035RES1000mN2028000E3175000,82887228,107.0
4733,CRS3035RES1000mN2028000E3175000,92484952,113.0
4734,CRS3035RES1000mN2028000E3175000,95794713,69.0
4735,CRS3035RES1000mN2028000E3175000,96418670,117.0
4736,CRS3035RES1000mN2028000E3175000,98502686,92.0
4737,CRS3035RES1000mN2028000E3175000,132613257,60.0
4738,CRS3035RES1000mN2028000E3175000,135036040,36.0
4739,CRS3035RES1000mN2028000E3175000,150772489,82.0
4740,CRS3035RES1000mN2028000E3175000,154118456,94.0
4741,CRS3035RES1000mN2028000E3175000,157375776,75.0
4742,CRS3035RES1000mN2028000E3175000,158211204,117.0
4743,CRS3035RES1000mN2028000E3175000,162072415,98.0
4744,CRS3035RES1000mN2028000E3175000,162117720,107.0
4745,CRS3035RES1000mN2028000E3175000,170487273,72.0
4746,CRS3035RES1000mN2028000E3175000,172686062,119.0
4747,CRS3035RES1000mN2028000E3175000,174318235,113.0
4748,CRS3035RES1000mN2028000E3175000,174318237,109.0
4749,CRS3035RES1000mN2028000E3175000,205060159,119.0
4750,CRS3035RES1000mN2028000E3175000,205757163,
4751,CRS3035RES1000mN2028000E3175000,221095520,73.0
4752,CRS3035RES1000mN2028000E3175000,224503374,70.0
4753,CRS3035RES1000mN2028000E3175000,227333462,87.0
4754,CRS3035RES1000mN2028000E3175000,229117454,97.0
4755,CRS3035RES1000mN2028000E3175000,261460389,
4756,CRS3035RES1000mN2028000E3175000,283450022,74.0
4757,CRS3035RES1000mN2028000E3175000,288994040,73.0
4758,CRS3035RES1000mN2028000E3175000,296744564,84.0
4759,CRS3035RES1000mN2028000E3175000,297526406,79.0
4760,CRS3035RES1000mN2028000E3175000,300709861,
4761,CRS3035RES1000mN2028000E3175000,301444634,
4762,CRS3035RES1000mN2028000E3175000,302721609,109.0
4763,CRS3035RES1000mN2028000E3175000,308195630,
4764,CRS3035RES1000mN2028000E3175000,312777902,84.0
4765,CRS3035RES1000mN2028000E3175000,330154630,
4766,CRS3035RES1000mN2028000E3175000,340205456,80.0
4767,CRS3035RES1000mN2028000E3175000,367883612,105.0
4768,CRS3035RES1000mN2028000E3175000,368211943,106.0
4769,CRS3035RES1000mN2028000E3175000,374180360,69.0
4770,CRS3035RES1000mN2028000E3175000,375369499,88.0
4771,CRS3035RES1000mN2028000E3175000,383494544,82.0
4772,CRS3035RES1000mN2028000E3175000,384574591,99.0
4773,CRS3035RES1000mN2028000E3175000,403538322,80.0
4774,CRS3035RES1000mN2028000E3175000,403859503,78.0
4775,CRS3035RES1000mN2028000E3175000,437050442,112.0
4776,CRS3035RES1000mN2028000E3175000,459881697,88.0
4777,CRS3035RES1000mN2028000E3175000,477278425,109.0
4778,CRS3035RES1000mN2028000E3175000,486879235,
4779,CRS3035RES1000mN2028000E3175000,493748377,98.0
4780,CRS3035RES1000mN2028000E3175000,498234201,110.0
4781,CRS3035RES1000mN2028000E3175000,504315026,68.0
4782,CRS3035RES1000mN2028000E3175000,548701490,
4783,CRS3035RES1000mN2028000E3175000,574210084,118.0
4784,CRS3035RES1000mN2028000E3175000,576094143,106.0
4785,CRS3035RES1000mN2028000E3175000,584409067,82.0
4786,CRS3035RES1000mN2028000E3175000,635512756,81.0
4787,CRS3035RES1000mN2028000E3175000,638492224,66.0
4788,CRS3035RES1000mN2028000E3175000,653913062,84.0
4789,CRS3035RES1000mN2028000E3175000,659866770,
4790,CRS3035RES1000mN2028000E3175000,697717972,118.0
4791,CRS3035RES1000mN2028000E3175000,717194862,
4792,CRS3035RES1000mN2028000E3175000,736899303,
4793,CRS3035RES1000mN2028000E3175000,738042217,109.0
4794,CRS3035RES1000mN2028000E3175000,839611983,
4795,CRS3035RES1000mN2028000E3175000,957893520,74.0
4796,CRS3035RES1000mN2028000E3175000,963308110,37.0
4797,CRS3035RES1000mN2028000E3175000,1073283182,105.0
4798,CRS3035RES1000mN2028000E3175000,1252864015,69.0
4799,CRS3035RES1000mN2028000E3175000,1283203658,
4800,CRS3035RES1000mN2028000E3176000,25526,104.0
4801,CRS3035RES1000mN2028000E3176000,1774,73.0
4802,CRS3035RES1000mN2028000E3176000,1770,85.0
4803,CRS3035RES1000mN2028000E3176000,1773,83.0
4804,CRS3035RES1000mN2028000E3176000,1771,79.0
4805,CRS3035RES1000mN2028000E3176000,123303,93.0
4806,CRS3035RES1000mN2028000E3176000,1764,73.0
4807,CRS3035RES1000mN2028000E3176000,181101,78.0
4808,CRS3035RES1000mN2028000E3176000,5765642,100.0
4809,CRS3035RES1000mN2028000E3176000,86719,104.0
4810,CRS3035RES1000mN2028000E3176000,1800,82.0
4811,CRS3035RES1000mN2028000E3176000,1757,92.0
4812,CRS3035RES1000mN2028000E3176000,1755,93.0
4813,CRS3035RES1000mN2028000E3176000,1882,79.0
4814,CRS3035RES1000mN2028000E3176000,1745,60.0
4815,CRS3035RES1000mN2028000E3176000,1794,67.0
4816,CRS3035RES1000mN2028000E3176000,1762,65.0
4817,CRS3035RES1000mN2028000E3176000,51188,76.0
4818,CRS3035RES1000mN2028000E3176000,6893633,69.0
4819,CRS3035RES1000mN2028000E3176000,167128,73.0
4820,CRS3035RES1000mN2028000E3176000,1760,68.0
4821,CRS3035RES1000mN2028000E3176000,12773298,96.0
4822,CRS3035RES1000mN2028000E3176000,1754,99.0
4823,CRS3035RES1000mN2028000E3176000,1748,77.0
4824,CRS3035RES1000mN2028000E3176000,79941,60.0
4825,CRS3035RES1000mN2028000E3176000,1750,79.0
4826,CRS3035RES1000mN2028000E3176000,5975465,83.0
4827,CRS3035RES1000mN2028000E3176000,115056,68.0
4828,CRS3035RES1000mN2028000E3176000,1790,83.0
4829,CRS3035RES1000mN2028000E3176000,1756,94.0
4830,CRS3035RES1000mN2028000E3176000,51849,77.0
4831,CRS3035RES1000mN2028000E3176000,185595,76.0
4832,CRS3035RES1000mN2028000E3176000,7697128,74.0
4833,CRS3035RES1000mN2028000E3176000,10395362,92.0
4834,CRS3035RES1000mN2028000E3176000,1759,74.0
4835,CRS3035RES1000mN2028000E3176000,1752,72.0
4836,CRS3035RES1000mN2028000E3176000,186714,70.0
4837,CRS3035RES1000mN2028000E3176000,1753,83.0
4838,CRS3035RES1000mN2028000E3176000,1792,79.0
4839,CRS3035RES1000mN2028000E3176000,1763,91.0
4840,CRS3035RES1000mN2028000E3176000,1746,77.0
4841,CRS3035RES1000mN2028000E3176000,11572165,93.0
4842,CRS3035RES1000mN2028000E3176000,1761,81.0
4843,CRS3035RES1000mN2028000E3176000,1747,71.0
4844,CRS3035RES1000mN2028000E3176000,5768564,95.0
4845,CRS3035RES1000mN2028000E3176000,1798,81.0
4846,CRS3035RES1000mN2028000E3176000,66904,83.0
4847,CRS3035RES1000mN2028000E3176000,1777,67.0
4848,CRS3035RES1000mN2028000E3176000,1765,68.0
4849,CRS3035RES1000mN2028000E3176000,49416,85.0
4850,CRS3035RES1000mN2028000E3176000,12734939,85.0
4851,CRS3035RES1000mN2028000E3176000,167386167,72.0
4852,CRS3035RES1000mN2028000E3176000,295933804,97.0
4853,CRS3035RES1000mN2028000E3176000,303340017,102.0
4854,CRS3035RES1000mN2028000E3176000,315355551,113.0
4855,CRS3035RES1000mN2028000E3176000,339084977,85.0
4856,CRS3035RES1000mN2028000E3176000,412911553,78.0
4857,CRS3035RES1000mN2028000E3176000,558126037,107.0
4858,CRS3035RES1000mN2028000E3176000,711789768,
4859,CRS3035RES1000mN2028000E3176000,727666062,
4860,CRS3035RES1000mN2028000E3176000,848085869,112.0
4861,CRS3035RES1000mN2028000E3176000,1056098898,81.0
4862,CRS3035RES1000mN2028000E3176000,1255438242,63.0
4863,CRS3035RES1000mN2028000E3176000,1469985039,62.0
4864,CRS3035RES1000mN2028000E3176000,1504302537,97.0
4865,CRS3035RES1000mN2028000E3176000,1511617504,
4866,CRS3035RES1000mN2028000E3176000,1541601287,108.0
4867,CRS3035RES1000mN2028000E3176000,1544591296,85.0
4868,CRS3035RES1000mN2028000E3176000,1598174183,58.0
4869,CRS3035RES1000mN2028000E3176000,1629887846,59.0
4870,CRS3035RES1000mN2028000E3176000,1686660176,72.0
4871,CRS3035RES1000mN2028000E3176000,1716927336,
4872,CRS3035RES1000mN2028000E3176000,1734554324,92.0
4873,CRS3035RES1000mN2028000E3176000,1849109335,104.0
4874,CRS3035RES1000mN2028000E3176000,2028408680,
4875,CRS3035RES1000mN2028000E3176000,2036887702,
4876,CRS3035RES1000mN2028000E3176000,2061404218,90.0
4877,CRS3035RES1000mN2028000E3176000,2134238030,94.0
4878,CRS3035RES1000mN2028000E3176000,2261600754,
4879,CRS3035RES1000mN2028000E3176000,2301402027,84.0
4880,CRS3035RES1000mN2028000E3176000,2303966810,
4881,CRS3035RES1000mN2028000E3176000,2312029862,61.0
4882,CRS3035RES1000mN2028000E3176000,2408860250,119.0
4883,CRS3035RES1000mN2028000E3176000,2620185829,78.0
4884,CRS3035RES1000mN2028000E3176000,2622508931,79.0
4885,CRS3035RES1000mN2028000E3176000,2672130951,
4886,CRS3035RES1000mN2028000E3176000,2710518818,87.0
4887,CRS3035RES1000mN2028000E3176000,3034026261,
4888,CRS3035RES1000mN2028000E3176000,3179889751,101.0
4889,CRS3035RES1000mN2028000E3176000,3206611978,
4890,CRS3035RES1000mN2028000E3176000,3272828439,
4891,CRS3035RES1000mN2028000E3176000,3452364276,72.0
4892,CRS3035RES1000mN2028000E3176000,3452364277,69.0
4893,CRS3035RES1000mN2028000E3176000,3495733197,
4894,CRS3035RES1000mN2028000E3176000,3497154853,
4895,CRS3035RES1000mN2028000E3176000,3517755445,
4896,CRS3035RES1000mN2028000E3176000,3522125657,
4897,CRS3035RES1000mN2028000E3176000,3526751794,
4898,CRS3035RES1000mN2028000E3176000,3839306060,75.0
4899,CRS3035RES1000mN2028000E3176000,4214697664,87.0
4900,CRS3035RES1000mN2028000E3176000,4338252586,
4901,CRS3035RES1000mN2028000E3176000,4401271633,
4902,CRS3035RES1000mN2028000E3176000,4515476768,
4903,CRS3035RES1000mN2028000E3176000,4569910891,75.0
4904,CRS3035RES1000mN2028000E3176000,4703730491,113.0
4905,CRS3035RES1000mN2028000E3176000,4707870392,108.0
4906,CRS3035RES1000mN2028000E3176000,4789037769,
4907,CRS3035RES1000mN2028000E3176000,4794233143,
4908,CRS3035RES1000mN2028000E3176000,4870405674,97.0
4909,CRS3035RES1000mN2028000E3176000,5139379922,
4910,CRS3035RES1000mN2028000E3176000,5160337425,76.0
4911,CRS3035RES1000mN2028000E3176000,5196199575,114.0
4912,CRS3035RES1000mN2028000E3176000,5341570554,75.0
4913,CRS3035RES1000mN2028000E3176000,5345949864,84.0
4914,CRS3035RES1000mN2028000E3176000,5448507385,
4915,CRS3035RES1000mN2028000E3176000,5604693894,
4916,CRS3035RES1000mN2028000E3176000,5670401989,
4917,CRS3035RES1000mN2028000E3176000,5942671299,91.0
4918,CRS3035RES1000mN2028000E3176000,5943980960,
4919,CRS3035RES1000mN2028000E3176000,6185791451,
4920,CRS3035RES1000mN2028000E3176000,6188948286,83.0
4921,CRS3035RES1000mN2028000E3176000,6555800191,119.0
4922,CRS3035RES1000mN2028000E3176000,6885254479,82.0
4923,CRS3035RES1000mN2028000E3176000,7222611268,119.0
4924,CRS3035RES1000mN2028000E3176000,7408961006,117.0
4925,CRS3035RES1000mN2028000E3176000,7619964683,
4926,CRS3035RES1000mN2028000E3176000,7836562695,100.0
4927,CRS3035RES1000mN2028000E3176000,8493729364,83.0
4928,CRS3035RES1000mN2028000E3176000,8557885377,
4929,CRS3035RES1000mN2028000E3176000,8807212208,67.0
4930,CRS3035RES1000mN2028000E3176000,8844229173,76.0
4931,CRS3035RES1000mN2028000E3176000,8878422600,100.0
4932,CRS3035RES1000mN2028000E3176000,9595709188,75.0
4933,CRS3035RES1000mN2028000E3176000,9611387099,88.0
4934,CRS3035RES1000mN2028000E3176000,9712656915,77.0
4935,CRS3035RES1000mN2028000E3176000,9713142744,70.0
4936,CRS3035RES1000mN2028000E3176000,9815746657,
4937,CRS3035RES1000mN2028000E3176000,10004871512,61.0
4938,CRS3035RES1000mN2028000E3176000,10281174134,
4939,CRS3035RES1000mN2028000E3176000,10580337411,79.0
4940,CRS3035RES1000mN2028000E3176000,10899442604,
4941,CRS3035RES1000mN2028000E3176000,10922657146,
4942,CRS3035RES1000mN2028000E3176000,11127499928,80.0
4943,CRS3035RES1000mN2028000E3176000,11143725881,98.0
4944,CRS3035RES1000mN2028000E3176000,11243087140,79.0
4945,CRS3035RES1000mN2028000E3176000,11269399969,92.0
4946,CRS3035RES1000mN2028000E3176000,11287269362,64.0
4947,CRS3035RES1000mN2028000E3176000,11287269363,87.0
4948,CRS3035RES1000mN2028000E3176000,11369705764,88.0
4949,CRS3035RES1000mN2028000E3176000,11387776374,85.0
4950,CRS3035RES1000mN2028000E3176000,11461799040,
4951,CRS3035RES1000mN2028000E3176000,11462802981,69.0
4952,CRS3035RES1000mN2028000E3176000,11652077658,102.0
4953,CRS3035RES1000mN2028000E3176000,11691390164,77.0
4954,CRS3035RES1000mN2028000E3176000,11739757462,105.0
4955,CRS3035RES1000mN2028000E3176000,12178446726,99.0
4956,CRS3035RES1000mN2028000E3176000,12407425114,98.0
4957,CRS3035RES1000mN2028000E3176000,12865480228,76.0
4958,CRS3035RES1000mN2028000E3176000,2960630,
4959,CRS3035RES1000mN2028000E3176000,3554044,
4960,CRS3035RES1000mN2028000E3176000,3557906,113.0
4961,CRS3035RES1000mN2028000E3176000,5231361,84.0
4962,CRS3035RES1000mN2028000E3176000,9314566,99.0
4963,CRS3035RES1000mN2028000E3176000,13696257,113.0
4964,CRS3035RES1000mN2028000E3176000,15996131,85.0
4965,CRS3035RES1000mN2028000E3176000,23526191,69.0
4966,CRS3035RES1000mN2028000E3176000,23545719,82.0
4967,CRS3035RES1000mN2028000E3176000,30599279,113.0
4968,CRS3035RES1000mN2028000E3176000,30649229,83.0
4969,CRS3035RES1000mN2028000E3176000,32198651,
4970,CRS3035RES1000mN2028000E3176000,34945111,113.0
4971,CRS3035RES1000mN2028000E3176000,50170625,89.0
4972,CRS3035RES1000mN2028000E3176000,82887228,107.0
4973,CRS3035RES1000mN2028000E3176000,92484952,101.0
4974,CRS3035RES1000mN2028000E3176000,95794713,84.0
4975,CRS3035RES1000mN2028000E3176000,96418670,
4976,CRS3035RES1000mN2028000E3176000,98502686,91.0
4977,CRS3035RES1000mN2028000E3176000,132613257,76.0
4978,CRS3035RES1000mN2028000E3176000,135036040,52.0
4979,CRS3035RES1000mN2028000E3176000,150772489,82.0
4980,CRS3035RES1000mN2028000E3176000,154118456,94.0
4981,CRS3035RES1000mN2028000E3176000,157375776,74.0
4982,CRS3035RES1000mN2028000E3176000,158211204,119.0
4983,CRS3035RES1000mN2028000E3176000,162072415,108.0
4984,CRS3035RES1000mN2028000E3176000,162117720,107.0
4985,CRS3035RES1000mN2028000E3176000,170487273,93.0
4986,CRS3035RES1000mN2028000E3176000,172686062,
4987,CRS3035RES1000mN2028000E3176000,174318235,115.0
4988,CRS3035RES1000mN2028000E3176000,174318237,119.0
4989,CRS3035RES1000mN2028000E3176000,205060159,119.0
4990,CRS3035RES1000mN2028000E3176000,205757163,
4991,CRS3035RES1000mN2028000E3176000,221095520,82.0
4992,CRS3035RES1000mN2028000E3176000,224503374,70.0
4993,CRS3035RES1000mN2028000E3176000,227333462,87.0
4994,CRS3035RES1000mN2028000E3176000,229117454,97.0
4995,CRS3035RES1000mN2028000E3176000,261460389,
4996,CRS3035RES1000mN2028000E3176000,283450022,75.0
4997,CRS3035RES1000mN2028000E3176000,288994040,82.0
4998,CRS3035RES1000mN2028000E3176000,296744564,71.0
4999,CRS3035RES1000mN2028000E3176000,297526406,78.0
5000,CRS3035RES1000mN2028000E3176000,300709861,
5001,CRS3035RES1000mN2028000E3176000,301444634,
5002,CRS3035RES1000mN2028000E3176000,302721609,
5003,CRS3035RES1000mN2028000E3176000,308195630,
5004,CRS3035RES1000mN2028000E3176000,312777902,90.0
5005,CRS3035RES1000mN2028000E3176000,330154630,
5006,CRS3035RES1000mN2028000E3176000,340205456,79.0
5007,CRS3035RES1000mN2028000E3176000,367883612,105.0
5008,CRS3035RES1000mN2028000E3176000,368211943,106.0
5009,CRS3035RES1000mN2028000E3176000,374180360,82.0
5010,CRS3035RES1000mN2028000E3176000,375369499,88.0
5011,CRS3035RES1000mN2028000E3176000,383494544,82.0
5012,CRS3035RES1000mN2028000E3176000,384574591,111.0
5013,CRS3035RES1000mN2028000E3176000,403538322,88.0
5014,CRS3035RES1000mN2028000E3176000,403859503,78.0
5015,CRS3035RES1000mN2028000E3176000,437050442,
5016,CRS3035RES1000mN2028000E3176000,459881697,88.0
5017,CRS3035RES1000mN2028000E3176000,477278425,109.0
5018,CRS3035RES1000mN2028000E3176000,486879235,
5019,CRS3035RES1000mN2028000E3176000,493748377,105.0
5020,CRS3035RES1000mN2028000E3176000,498234201,
5021,CRS3035RES1000mN2028000E3176000,504315026,77.0
5022,CRS3035RES1000mN2028000E3176000,548701490,
5023,CRS3035RES1000mN2028000E3176000,574210084,118.0
5024,CRS3035RES1000mN2028000E3176000,576094143,109.0
5025,CRS3035RES1000mN2028000E3176000,584409067,99.0
5026,CRS3035RES1000mN2028000E3176000,635512756,80.0
5027,CRS3035RES1000mN2028000E3176000,638492224,83.0
5028,CRS3035RES1000mN2028000E3176000,653913062,83.0
5029,CRS3035RES1000mN2028000E3176000,659866770,
5030,CRS3035RES1000mN2028000E3176000,697717972,118.0
5031,CRS3035RES1000mN2028000E3176000,717194862,
5032,CRS3035RES1000mN2028000E3176000,736899303,
5033,CRS3035RES1000mN2028000E3176000,738042217,
5034,CRS3035RES1000mN2028000E3176000,839611983,
5035,CRS3035RES1000mN2028000E3176000,957893520,75.0
5036,CRS3035RES1000mN2028000E3176000,963308110,53.0
5037,CRS3035RES1000mN2028000E3176000,1073283182,
5038,CRS3035RES1000mN2028000E3176000,1252864015,58.0
5039,CRS3035RES1000mN2028000E3176000,1283203658,
5040,CRS3035RES1000mN2028000E3177000,25526,103.0
5041,CRS3035RES1000mN2028000E3177000,1774,74.0
5042,CRS3035RES1000mN2028000E3177000,1770,85.0
5043,CRS3035RES1000mN2028000E3177000,1773,83.0
5044,CRS3035RES1000mN2028000E3177000,1771,79.0
5045,CRS3035RES1000mN2028000E3177000,123303,93.0
5046,CRS3035RES1000mN2028000E3177000,1764,72.0
5047,CRS3035RES1000mN2028000E3177000,181101,80.0
5048,CRS3035RES1000mN2028000E3177000,5765642,100.0
5049,CRS3035RES1000mN2028000E3177000,86719,103.0
5050,CRS3035RES1000mN2028000E3177000,1800,83.0
5051,CRS3035RES1000mN2028000E3177000,1757,92.0
5052,CRS3035RES1000mN2028000E3177000,1755,93.0
5053,CRS3035RES1000mN2028000E3177000,1882,79.0
5054,CRS3035RES1000mN2028000E3177000,1745,60.0
5055,CRS3035RES1000mN2028000E3177000,1794,67.0
5056,CRS3035RES1000mN2028000E3177000,1762,65.0
5057,CRS3035RES1000mN2028000E3177000,51188,76.0
5058,CRS3035RES1000mN2028000E3177000,6893633,69.0
5059,CRS3035RES1000mN2028000E3177000,167128,75.0
5060,CRS3035RES1000mN2028000E3177000,1760,68.0
5061,CRS3035RES1000mN2028000E3177000,12773298,97.0
5062,CRS3035RES1000mN2028000E3177000,1754,99.0
5063,CRS3035RES1000mN2028000E3177000,1748,78.0
5064,CRS3035RES1000mN2028000E3177000,79941,60.0
5065,CRS3035RES1000mN2028000E3177000,1750,79.0
5066,CRS3035RES1000mN2028000E3177000,5975465,82.0
5067,CRS3035RES1000mN2028000E3177000,115056,69.0
5068,CRS3035RES1000mN2028000E3177000,1790,84.0
5069,CRS3035RES1000mN2028000E3177000,1756,94.0
5070,CRS3035RES1000mN2028000E3177000,51849,77.0
5071,CRS3035RES1000mN2028000E3177000,185595,75.0
5072,CRS3035RES1000mN2028000E3177000,7697128,74.0
5073,CRS3035RES1000mN2028000E3177000,10395362,91.0
5074,CRS3035RES1000mN2028000E3177000,1759,74.0
5075,CRS3035RES1000mN2028000E3177000,1752,72.0
5076,CRS3035RES1000mN2028000E3177000,186714,70.0
5077,CRS3035RES1000mN2028000E3177000,1753,84.0
5078,CRS3035RES1000mN2028000E3177000,1792,81.0
5079,CRS3035RES1000mN2028000E3177000,1763,91.0
5080,CRS3035RES1000mN2028000E3177000,1746,78.0
5081,CRS3035RES1000mN2028000E3177000,11572165,93.0
5082,CRS3035RES1000mN2028000E3177000,1761,82.0
5083,CRS3035RES1000mN2028000E3177000,1747,73.0
5084,CRS3035RES1000mN2028000E3177000,5768564,95.0
5085,CRS3035RES1000mN2028000E3177000,1798,80.0
5086,CRS3035RES1000mN2028000E3177000,66904,83.0
5087,CRS3035RES1000mN2028000E3177000,1777,67.0
5088,CRS3035RES1000mN2028000E3177000,1765,68.0
5089,CRS3035RES1000mN2028000E3177000,49416,87.0
5090,CRS3035RES1000mN2028000E3177000,12734939,87.0
5091,CRS3035RES1000mN2028000E3177000,167386167,72.0
5092,CRS3035RES1000mN2028000E3177000,295933804,97.0
5093,CRS3035RES1000mN2028000E3177000,303340017,102.0
5094,CRS3035RES1000mN2028000E3177000,315355551,113.0
5095,CRS3035RES1000mN2028000E3177000,339084977,85.0
5096,CRS3035RES1000mN2028000E3177000,412911553,78.0
5097,CRS3035RES1000mN2028000E3177000,558126037,107.0
5098,CRS3035RES1000mN2028000E3177000,711789768,
5099,CRS3035RES1000mN2028000E3177000,727666062,
5100,CRS3035RES1000mN2028000E3177000,848085869,112.0
5101,CRS3035RES1000mN2028000E3177000,1056098898,81.0
5102,CRS3035RES1000mN2028000E3177000,1255438242,63.0
5103,CRS3035RES1000mN2028000E3177000,1469985039,62.0
5104,CRS3035RES1000mN2028000E3177000,1504302537,
5105,CRS3035RES1000mN2028000E3177000,1511617504,
5106,CRS3035RES1000mN2028000E3177000,1541601287,108.0
5107,CRS3035RES1000mN2028000E3177000,1544591296,85.0
5108,CRS3035RES1000mN2028000E3177000,1598174183,58.0
5109,CRS3035RES1000mN2028000E3177000,1629887846,58.0
5110,CRS3035RES1000mN2028000E3177000,1686660176,72.0
5111,CRS3035RES1000mN2028000E3177000,1716927336,
5112,CRS3035RES1000mN2028000E3177000,1734554324,91.0
5113,CRS3035RES1000mN2028000E3177000,1849109335,104.0
5114,CRS3035RES1000mN2028000E3177000,2028408680,
5115,CRS3035RES1000mN2028000E3177000,2036887702,
5116,CRS3035RES1000mN2028000E3177000,2061404218,90.0
5117,CRS3035RES1000mN2028000E3177000,2134238030,93.0
5118,CRS3035RES1000mN2028000E3177000,2261600754,
5119,CRS3035RES1000mN2028000E3177000,2301402027,84.0
5120,CRS3035RES1000mN2028000E3177000,2303966810,
5121,CRS3035RES1000mN2028000E3177000,2312029862,61.0
5122,CRS3035RES1000mN2028000E3177000,2408860250,119.0
5123,CRS3035RES1000mN2028000E3177000,2620185829,78.0
5124,CRS3035RES1000mN2028000E3177000,2622508931,79.0
5125,CRS3035RES1000mN2028000E3177000,2672130951,
5126,CRS3035RES1000mN2028000E3177000,2710518818,95.0
5127,CRS3035RES1000mN2028000E3177000,3034026261,
5128,CRS3035RES1000mN2028000E3177000,3179889751,101.0
5129,CRS3035RES1000mN2028000E3177000,3206611978,
5130,CRS3035RES1000mN2028000E3177000,3272828439,
5131,CRS3035RES1000mN2028000E3177000,3452364276,72.0
5132,CRS3035RES1000mN2028000E3177000,3452364277,69.0
5133,CRS3035RES1000mN2028000E3177000,3495733197,
5134,CRS3035RES1000mN2028000E3177000,3497154853,
5135,CRS3035RES1000mN2028000E3177000,3517755445,
5136,CRS3035RES1000mN2028000E3177000,3522125657,
5137,CRS3035RES1000mN2028000E3177000,3526751794,
5138,CRS3035RES1000mN2028000E3177000,3839306060,75.0
5139,CRS3035RES1000mN2028000E3177000,4214697664,87.0
5140,CRS3035RES1000mN2028000E3177000,4338252586,
5141,CRS3035RES1000mN2028000E3177000,4401271633,
5142,CRS3035RES1000mN2028000E3177000,4515476768,
5143,CRS3035RES1000mN2028000E3177000,4569910891,75.0
5144,CRS3035RES1000mN2028000E3177000,4703730491,113.0
5145,CRS3035RES1000mN2028000E3177000,4707870392,108.0
5146,CRS3035RES1000mN2028000E3177000,4789037769,
5147,CRS3035RES1000mN2028000E3177000,4794233143,
5148,CRS3035RES1000mN2028000E3177000,4870405674,97.0
5149,CRS3035RES1000mN2028000E3177000,5139379922,
5150,CRS3035RES1000mN2028000E3177000,5160337425,77.0
5151,CRS3035RES1000mN2028000E3177000,5196199575,114.0
5152,CRS3035RES1000mN2028000E3177000,5341570554,76.0
5153,CRS3035RES1000mN2028000E3177000,5345949864,102.0
5154,CRS3035RES1000mN2028000E3177000,5448507385,
5155,CRS3035RES1000mN2028000E3177000,5604693894,
5156,CRS3035RES1000mN2028000E3177000,5670401989,
5157,CRS3035RES1000mN2028000E3177000,5942671299,93.0
5158,CRS3035RES1000mN2028000E3177000,5943980960,
5159,CRS3035RES1000mN2028000E3177000,6185791451,
5160,CRS3035RES1000mN2028000E3177000,6188948286,84.0
5161,CRS3035RES1000mN2028000E3177000,6555800191,
5162,CRS3035RES1000mN2028000E3177000,6885254479,82.0
5163,CRS3035RES1000mN2028000E3177000,7222611268,118.0
5164,CRS3035RES1000mN2028000E3177000,7408961006,
5165,CRS3035RES1000mN2028000E3177000,7619964683,
5166,CRS3035RES1000mN2028000E3177000,7836562695,100.0
5167,CRS3035RES1000mN2028000E3177000,8493729364,83.0
5168,CRS3035RES1000mN2028000E3177000,8557885377,
5169,CRS3035RES1000mN2028000E3177000,8807212208,67.0
5170,CRS3035RES1000mN2028000E3177000,8844229173,77.0
5171,CRS3035RES1000mN2028000E3177000,8878422600,100.0
5172,CRS3035RES1000mN2028000E3177000,9595709188,75.0
5173,CRS3035RES1000mN2028000E3177000,9611387099,89.0
5174,CRS3035RES1000mN2028000E3177000,9712656915,77.0
5175,CRS3035RES1000mN2028000E3177000,9713142744,70.0
5176,CRS3035RES1000mN2028000E3177000,9815746657,
5177,CRS3035RES1000mN2028000E3177000,10004871512,61.0
5178,CRS3035RES1000mN2028000E3177000,10281174134,
5179,CRS3035RES1000mN2028000E3177000,10580337411,79.0
5180,CRS3035RES1000mN2028000E3177000,10899442604,
5181,CRS3035RES1000mN2028000E3177000,10922657146,
5182,CRS3035RES1000mN2028000E3177000,11127499928,80.0
5183,CRS3035RES1000mN2028000E3177000,11143725881,98.0
5184,CRS3035RES1000mN2028000E3177000,11243087140,79.0
5185,CRS3035RES1000mN2028000E3177000,11269399969,91.0
5186,CRS3035RES1000mN2028000E3177000,11287269362,64.0
5187,CRS3035RES1000mN2028000E3177000,11287269363,87.0
5188,CRS3035RES1000mN2028000E3177000,11369705764,88.0
5189,CRS3035RES1000mN2028000E3177000,11387776374,87.0
5190,CRS3035RES1000mN2028000E3177000,11461799040,
5191,CRS3035RES1000mN2028000E3177000,11462802981,71.0
5192,CRS3035RES1000mN2028000E3177000,11652077658,102.0
5193,CRS3035RES1000mN2028000E3177000,11691390164,77.0
5194,CRS3035RES1000mN2028000E3177000,11739757462,106.0
5195,CRS3035RES1000mN2028000E3177000,12178446726,99.0
5196,CRS3035RES1000mN2028000E3177000,12407425114,98.0
5197,CRS3035RES1000mN2028000E3177000,12865480228,76.0
5198,CRS3035RES1000mN2028000E3177000,2960630,
5199,CRS3035RES1000mN2028000E3177000,3554044,
5200,CRS3035RES1000mN2028000E3177000,3557906,113.0
5201,CRS3035RES1000mN2028000E3177000,5231361,84.0
5202,CRS3035RES1000mN2028000E3177000,9314566,99.0
5203,CRS3035RES1000mN2028000E3177000,13696257,116.0
5204,CRS3035RES1000mN2028000E3177000,15996131,86.0
5205,CRS3035RES1000mN2028000E3177000,23526191,69.0
5206,CRS3035RES1000mN2028000E3177000,23545719,82.0
5207,CRS3035RES1000mN2028000E3177000,30599279,113.0
5208,CRS3035RES1000mN2028000E3177000,30649229,83.0
5209,CRS3035RES1000mN2028000E3177000,32198651,
5210,CRS3035RES1000mN2028000E3177000,34945111,115.0
5211,CRS3035RES1000mN2028000E3177000,50170625,89.0
5212,CRS3035RES1000mN2028000E3177000,82887228,106.0
5213,CRS3035RES1000mN2028000E3177000,92484952,112.0
5214,CRS3035RES1000mN2028000E3177000,95794713,85.0
5215,CRS3035RES1000mN2028000E3177000,96418670,
5216,CRS3035RES1000mN2028000E3177000,98502686,92.0
5217,CRS3035RES1000mN2028000E3177000,132613257,78.0
5218,CRS3035RES1000mN2028000E3177000,135036040,52.0
5219,CRS3035RES1000mN2028000E3177000,150772489,82.0
5220,CRS3035RES1000mN2028000E3177000,154118456,94.0
5221,CRS3035RES1000mN2028000E3177000,157375776,74.0
5222,CRS3035RES1000mN2028000E3177000,158211204,119.0
5223,CRS3035RES1000mN2028000E3177000,162072415,106.0
5224,CRS3035RES1000mN2028000E3177000,162117720,107.0
5225,CRS3035RES1000mN2028000E3177000,170487273,93.0
5226,CRS3035RES1000mN2028000E3177000,172686062,
5227,CRS3035RES1000mN2028000E3177000,174318235,115.0
5228,CRS3035RES1000mN2028000E3177000,174318237,119.0
5229,CRS3035RES1000mN2028000E3177000,205060159,119.0
5230,CRS3035RES1000mN2028000E3177000,205757163,
5231,CRS3035RES1000mN2028000E3177000,221095520,82.0
5232,CRS3035RES1000mN2028000E3177000,224503374,70.0
5233,CRS3035RES1000mN2028000E3177000,227333462,87.0
5234,CRS3035RES1000mN2028000E3177000,229117454,97.0
5235,CRS3035RES1000mN2028000E3177000,261460389,
5236,CRS3035RES1000mN2028000E3177000,283450022,74.0
5237,CRS3035RES1000mN2028000E3177000,288994040,82.0
5238,CRS3035RES1000mN2028000E3177000,296744564,71.0
5239,CRS3035RES1000mN2028000E3177000,297526406,78.0
5240,CRS3035RES1000mN2028000E3177000,300709861,
5241,CRS3035RES1000mN2028000E3177000,301444634,
5242,CRS3035RES1000mN2028000E3177000,302721609,
5243,CRS3035RES1000mN2028000E3177000,308195630,
5244,CRS3035RES1000mN2028000E3177000,312777902,89.0
5245,CRS3035RES1000mN2028000E3177000,330154630,
5246,CRS3035RES1000mN2028000E3177000,340205456,79.0
5247,CRS3035RES1000mN2028000E3177000,367883612,104.0
5248,CRS3035RES1000mN2028000E3177000,368211943,105.0
5249,CRS3035RES1000mN2028000E3177000,374180360,81.0
5250,CRS3035RES1000mN2028000E3177000,375369499,88.0
5251,CRS3035RES1000mN2028000E3177000,383494544,82.0
5252,CRS3035RES1000mN2028000E3177000,384574591,112.0
5253,CRS3035RES1000mN2028000E3177000,403538322,87.0
5254,CRS3035RES1000mN2028000E3177000,403859503,78.0
5255,CRS3035RES1000mN2028000E3177000,437050442,
5256,CRS3035RES1000mN2028000E3177000,459881697,88.0
5257,CRS3035RES1000mN2028000E3177000,477278425,108.0
5258,CRS3035RES1000mN2028000E3177000,486879235,
5259,CRS3035RES1000mN2028000E3177000,493748377,105.0
5260,CRS3035RES1000mN2028000E3177000,498234201,
5261,CRS3035RES1000mN2028000E3177000,504315026,77.0
5262,CRS3035RES1000mN2028000E3177000,548701490,
5263,CRS3035RES1000mN2028000E3177000,574210084,118.0
5264,CRS3035RES1000mN2028000E3177000,576094143,110.0
5265,CRS3035RES1000mN2028000E3177000,584409067,100.0
5266,CRS3035RES1000mN2028000E3177000,635512756,80.0
5267,CRS3035RES1000mN2028000E3177000,638492224,83.0
5268,CRS3035RES1000mN2028000E3177000,653913062,83.0
5269,CRS3035RES1000mN2028000E3177000,659866770,
5270,CRS3035RES1000mN2028000E3177000,697717972,118.0
5271,CRS3035RES1000mN2028000E3177000,717194862,
5272,CRS3035RES1000mN2028000E3177000,736899303,
5273,CRS3035RES1000mN2028000E3177000,738042217,
5274,CRS3035RES1000mN2028000E3177000,839611983,
5275,CRS3035RES1000mN2028000E3177000,957893520,75.0
5276,CRS3035RES1000mN2028000E3177000,963308110,53.0
5277,CRS3035RES1000mN2028000E3177000,1073283182,
5278,CRS3035RES1000mN2028000E3177000,1252864015,58.0
5279,CRS3035RES1000mN2028000E3177000,1283203658,
5280,CRS3035RES1000mN2028000E3180000,25526,86.0
5281,CRS3035RES1000mN2028000E3180000,1774,52.0
5282,CRS3035RES1000mN2028000E3180000,1770,64.0
5283,CRS3035RES1000mN2028000E3180000,1773,61.0
5284,CRS3035RES1000mN2028000E3180000,1771,57.0
5285,CRS3035RES1000mN2028000E3180000,123303,72.0
5286,CRS3035RES1000mN2028000E3180000,1764,52.0
5287,CRS3035RES1000mN2028000E3180000,181101,66.0
5288,CRS3035RES1000mN2028000E3180000,5765642,79.0
5289,CRS3035RES1000mN2028000E3180000,86719,79.0
5290,CRS3035RES1000mN2028000E3180000,1800,69.0
5291,CRS3035RES1000mN2028000E3180000,1757,73.0
5292,CRS3035RES1000mN2028000E3180000,1755,74.0
5293,CRS3035RES1000mN2028000E3180000,1882,58.0
5294,CRS3035RES1000mN2028000E3180000,1745,40.0
5295,CRS3035RES1000mN2028000E3180000,1794,47.0
5296,CRS3035RES1000mN2028000E3180000,1762,42.0
5297,CRS3035RES1000mN2028000E3180000,51188,53.0
5298,CRS3035RES1000mN2028000E3180000,6893633,48.0
5299,CRS3035RES1000mN2028000E3180000,167128,58.0
5300,CRS3035RES1000mN2028000E3180000,1760,47.0
5301,CRS3035RES1000mN2028000E3180000,12773298,80.0
5302,CRS3035RES1000mN2028000E3180000,1754,78.0
5303,CRS3035RES1000mN2028000E3180000,1748,65.0
5304,CRS3035RES1000mN2028000E3180000,79941,42.0
5305,CRS3035RES1000mN2028000E3180000,1750,57.0
5306,CRS3035RES1000mN2028000E3180000,5975465,63.0
5307,CRS3035RES1000mN2028000E3180000,115056,52.0
5308,CRS3035RES1000mN2028000E3180000,1790,61.0
5309,CRS3035RES1000mN2028000E3180000,1756,73.0
5310,CRS3035RES1000mN2028000E3180000,51849,56.0
5311,CRS3035RES1000mN2028000E3180000,185595,54.0
5312,CRS3035RES1000mN2028000E3180000,7697128,53.0
5313,CRS3035RES1000mN2028000E3180000,10395362,74.0
5314,CRS3035RES1000mN2028000E3180000,1759,54.0
5315,CRS3035RES1000mN2028000E3180000,1752,51.0
5316,CRS3035RES1000mN2028000E3180000,186714,51.0
5317,CRS3035RES1000mN2028000E3180000,1753,66.0
5318,CRS3035RES1000mN2028000E3180000,1792,68.0
5319,CRS3035RES1000mN2028000E3180000,1763,73.0
5320,CRS3035RES1000mN2028000E3180000,1746,60.0
5321,CRS3035RES1000mN2028000E3180000,11572165,68.0
5322,CRS3035RES1000mN2028000E3180000,1761,61.0
5323,CRS3035RES1000mN2028000E3180000,1747,61.0
5324,CRS3035RES1000mN2028000E3180000,5768564,76.0
5325,CRS3035RES1000mN2028000E3180000,1798,61.0
5326,CRS3035RES1000mN2028000E3180000,66904,63.0
5327,CRS3035RES1000mN2028000E3180000,1777,46.0
5328,CRS3035RES1000mN2028000E3180000,1765,47.0
5329,CRS3035RES1000mN2028000E3180000,49416,73.0
5330,CRS3035RES1000mN2028000E3180000,12734939,73.0
5331,CRS3035RES1000mN2028000E3180000,167386167,50.0
5332,CRS3035RES1000mN2028000E3180000,295933804,72.0
5333,CRS3035RES1000mN2028000E3180000,303340017,62.0
5334,CRS3035RES1000mN2028000E3180000,315355551,92.0
5335,CRS3035RES1000mN2028000E3180000,339084977,68.0
5336,CRS3035RES1000mN2028000E3180000,412911553,57.0
5337,CRS3035RES1000mN2028000E3180000,558126037,94.0
5338,CRS3035RES1000mN2028000E3180000,711789768,119.0
5339,CRS3035RES1000mN2028000E3180000,727666062,
5340,CRS3035RES1000mN2028000E3180000,848085869,90.0
5341,CRS3035RES1000mN2028000E3180000,1056098898,60.0
5342,CRS3035RES1000mN2028000E3180000,1255438242,63.0
5343,CRS3035RES1000mN2028000E3180000,1469985039,58.0
5344,CRS3035RES1000mN2028000E3180000,1504302537,92.0
5345,CRS3035RES1000mN2028000E3180000,1511617504,105.0
5346,CRS3035RES1000mN2028000E3180000,1541601287,83.0
5347,CRS3035RES1000mN2028000E3180000,1544591296,66.0
5348,CRS3035RES1000mN2028000E3180000,1598174183,41.0
5349,CRS3035RES1000mN2028000E3180000,1629887846,26.0
5350,CRS3035RES1000mN2028000E3180000,1686660176,53.0
5351,CRS3035RES1000mN2028000E3180000,1716927336,98.0
5352,CRS3035RES1000mN2028000E3180000,1734554324,67.0
5353,CRS3035RES1000mN2028000E3180000,1849109335,67.0
5354,CRS3035RES1000mN2028000E3180000,2028408680,117.0
5355,CRS3035RES1000mN2028000E3180000,2036887702,66.0
5356,CRS3035RES1000mN2028000E3180000,2061404218,68.0
5357,CRS3035RES1000mN2028000E3180000,2134238030,57.0
5358,CRS3035RES1000mN2028000E3180000,2261600754,
5359,CRS3035RES1000mN2028000E3180000,2301402027,59.0
5360,CRS3035RES1000mN2028000E3180000,2303966810,116.0
5361,CRS3035RES1000mN2028000E3180000,2312029862,38.0
5362,CRS3035RES1000mN2028000E3180000,2408860250,87.0
5363,CRS3035RES1000mN2028000E3180000,2620185829,57.0
5364,CRS3035RES1000mN2028000E3180000,2622508931,58.0
5365,CRS3035RES1000mN2028000E3180000,2672130951,
5366,CRS3035RES1000mN2028000E3180000,2710518818,81.0
5367,CRS3035RES1000mN2028000E3180000,3034026261,
5368,CRS3035RES1000mN2028000E3180000,3179889751,90.0
5369,CRS3035RES1000mN2028000E3180000,3206611978,
5370,CRS3035RES1000mN2028000E3180000,3272828439,106.0
5371,CRS3035RES1000mN2028000E3180000,3452364276,51.0
5372,CRS3035RES1000mN2028000E3180000,3452364277,47.0
5373,CRS3035RES1000mN2028000E3180000,3495733197,
5374,CRS3035RES1000mN2028000E3180000,3497154853,
5375,CRS3035RES1000mN2028000E3180000,3517755445,
5376,CRS3035RES1000mN2028000E3180000,3522125657,
5377,CRS3035RES1000mN2028000E3180000,3526751794,93.0
5378,CRS3035RES1000mN2028000E3180000,3839306060,50.0
5379,CRS3035RES1000mN2028000E3180000,4214697664,67.0
5380,CRS3035RES1000mN2028000E3180000,4338252586,81.0
5381,CRS3035RES1000mN2028000E3180000,4401271633,
5382,CRS3035RES1000mN2028000E3180000,4515476768,
5383,CRS3035RES1000mN2028000E3180000,4569910891,53.0
5384,CRS3035RES1000mN2028000E3180000,4703730491,84.0
5385,CRS3035RES1000mN2028000E3180000,4707870392,87.0
5386,CRS3035RES1000mN2028000E3180000,4789037769,117.0
5387,CRS3035RES1000mN2028000E3180000,4794233143,
5388,CRS3035RES1000mN2028000E3180000,4870405674,79.0
5389,CRS3035RES1000mN2028000E3180000,5139379922,110.0
5390,CRS3035RES1000mN2028000E3180000,5160337425,56.0
5391,CRS3035RES1000mN2028000E3180000,5196199575,108.0
5392,CRS3035RES1000mN2028000E3180000,5341570554,54.0
5393,CRS3035RES1000mN2028000E3180000,5345949864,80.0
5394,CRS3035RES1000mN2028000E3180000,5448507385,
5395,CRS3035RES1000mN2028000E3180000,5604693894,78.0
5396,CRS3035RES1000mN2028000E3180000,5670401989,98.0
5397,CRS3035RES1000mN2028000E3180000,5942671299,81.0
5398,CRS3035RES1000mN2028000E3180000,5943980960,106.0
5399,CRS3035RES1000mN2028000E3180000,6185791451,
5400,CRS3035RES1000mN2028000E3180000,6188948286,72.0
5401,CRS3035RES1000mN2028000E3180000,6555800191,98.0
5402,CRS3035RES1000mN2028000E3180000,6885254479,67.0
5403,CRS3035RES1000mN2028000E3180000,7222611268,83.0
5404,CRS3035RES1000mN2028000E3180000,7408961006,113.0
5405,CRS3035RES1000mN2028000E3180000,7619964683,118.0
5406,CRS3035RES1000mN2028000E3180000,7836562695,93.0
5407,CRS3035RES1000mN2028000E3180000,8493729364,63.0
5408,CRS3035RES1000mN2028000E3180000,8557885377,78.0
5409,CRS3035RES1000mN2028000E3180000,8807212208,46.0
5410,CRS3035RES1000mN2028000E3180000,8844229173,56.0
5411,CRS3035RES1000mN2028000E3180000,8878422600,83.0
5412,CRS3035RES1000mN2028000E3180000,9595709188,54.0
5413,CRS3035RES1000mN2028000E3180000,9611387099,68.0
5414,CRS3035RES1000mN2028000E3180000,9712656915,57.0
5415,CRS3035RES1000mN2028000E3180000,9713142744,48.0
5416,CRS3035RES1000mN2028000E3180000,9815746657,102.0
5417,CRS3035RES1000mN2028000E3180000,10004871512,44.0
5418,CRS3035RES1000mN2028000E3180000,10281174134,
5419,CRS3035RES1000mN2028000E3180000,10580337411,54.0
5420,CRS3035RES1000mN2028000E3180000,10899442604,112.0
5421,CRS3035RES1000mN2028000E3180000,10922657146,105.0
5422,CRS3035RES1000mN2028000E3180000,11127499928,65.0
5423,CRS3035RES1000mN2028000E3180000,11143725881,70.0
5424,CRS3035RES1000mN2028000E3180000,11243087140,64.0
5425,CRS3035RES1000mN2028000E3180000,11269399969,70.0
5426,CRS3035RES1000mN2028000E3180000,11287269362,36.0
5427,CRS3035RES1000mN2028000E3180000,11287269363,70.0
5428,CRS3035RES1000mN2028000E3180000,11369705764,59.0
5429,CRS3035RES1000mN2028000E3180000,11387776374,75.0
5430,CRS3035RES1000mN2028000E3180000,11461799040,
5431,CRS3035RES1000mN2028000E3180000,11462802981,57.0
5432,CRS3035RES1000mN2028000E3180000,11652077658,72.0
5433,CRS3035RES1000mN2028000E3180000,11691390164,56.0
5434,CRS3035RES1000mN2028000E3180000,11739757462,90.0
5435,CRS3035RES1000mN2028000E3180000,12178446726,78.0
5436,CRS3035RES1000mN2028000E3180000,12407425114,77.0
5437,CRS3035RES1000mN2028000E3180000,12865480228,51.0
5438,CRS3035RES1000mN2028000E3180000,2960630,100.0
5439,CRS3035RES1000mN2028000E3180000,3554044,108.0
5440,CRS3035RES1000mN2028000E3180000,3557906,98.0
5441,CRS3035RES1000mN2028000E3180000,5231361,64.0
5442,CRS3035RES1000mN2028000E3180000,9314566,80.0
5443,CRS3035RES1000mN2028000E3180000,13696257,88.0
5444,CRS3035RES1000mN2028000E3180000,15996131,65.0
5445,CRS3035RES1000mN2028000E3180000,23526191,49.0
5446,CRS3035RES1000mN2028000E3180000,23545719,62.0
5447,CRS3035RES1000mN2028000E3180000,30599279,91.0
5448,CRS3035RES1000mN2028000E3180000,30649229,61.0
5449,CRS3035RES1000mN2028000E3180000,32198651,
5450,CRS3035RES1000mN2028000E3180000,34945111,100.0
5451,CRS3035RES1000mN2028000E3180000,50170625,76.0
5452,CRS3035RES1000mN2028000E3180000,82887228,99.0
5453,CRS3035RES1000mN2028000E3180000,92484952,95.0
5454,CRS3035RES1000mN2028000E3180000,95794713,68.0
5455,CRS3035RES1000mN2028000E3180000,96418670,117.0
5456,CRS3035RES1000mN2028000E3180000,98502686,63.0
5457,CRS3035RES1000mN2028000E3180000,132613257,65.0
5458,CRS3035RES1000mN2028000E3180000,135036040,52.0
5459,CRS3035RES1000mN2028000E3180000,150772489,61.0
5460,CRS3035RES1000mN2028000E3180000,154118456,89.0
5461,CRS3035RES1000mN2028000E3180000,157375776,59.0
5462,CRS3035RES1000mN2028000E3180000,158211204,94.0
5463,CRS3035RES1000mN2028000E3180000,162072415,86.0
5464,CRS3035RES1000mN2028000E3180000,162117720,78.0
5465,CRS3035RES1000mN2028000E3180000,170487273,73.0
5466,CRS3035RES1000mN2028000E3180000,172686062,96.0
5467,CRS3035RES1000mN2028000E3180000,174318235,97.0
5468,CRS3035RES1000mN2028000E3180000,174318237,101.0
5469,CRS3035RES1000mN2028000E3180000,205060159,75.0
5470,CRS3035RES1000mN2028000E3180000,205757163,
5471,CRS3035RES1000mN2028000E3180000,221095520,57.0
5472,CRS3035RES1000mN2028000E3180000,224503374,47.0
5473,CRS3035RES1000mN2028000E3180000,227333462,62.0
5474,CRS3035RES1000mN2028000E3180000,229117454,69.0
5475,CRS3035RES1000mN2028000E3180000,261460389,
5476,CRS3035RES1000mN2028000E3180000,283450022,55.0
5477,CRS3035RES1000mN2028000E3180000,288994040,61.0
5478,CRS3035RES1000mN2028000E3180000,296744564,71.0
5479,CRS3035RES1000mN2028000E3180000,297526406,72.0
5480,CRS3035RES1000mN2028000E3180000,300709861,117.0
5481,CRS3035RES1000mN2028000E3180000,301444634,88.0
5482,CRS3035RES1000mN2028000E3180000,302721609,107.0
5483,CRS3035RES1000mN2028000E3180000,308195630,84.0
5484,CRS3035RES1000mN2028000E3180000,312777902,70.0
5485,CRS3035RES1000mN2028000E3180000,330154630,
5486,CRS3035RES1000mN2028000E3180000,340205456,59.0
5487,CRS3035RES1000mN2028000E3180000,367883612,94.0
5488,CRS3035RES1000mN2028000E3180000,368211943,89.0
5489,CRS3035RES1000mN2028000E3180000,374180360,50.0
5490,CRS3035RES1000mN2028000E3180000,375369499,83.0
5491,CRS3035RES1000mN2028000E3180000,383494544,61.0
5492,CRS3035RES1000mN2028000E3180000,384574591,99.0
5493,CRS3035RES1000mN2028000E3180000,403538322,53.0
5494,CRS3035RES1000mN2028000E3180000,403859503,57.0
5495,CRS3035RES1000mN2028000E3180000,437050442,107.0
5496,CRS3035RES1000mN2028000E3180000,459881697,63.0
5497,CRS3035RES1000mN2028000E3180000,477278425,73.0
5498,CRS3035RES1000mN2028000E3180000,486879235,
5499,CRS3035RES1000mN2028000E3180000,493748377,80.0
5500,CRS3035RES1000mN2028000E3180000,498234201,105.0
5501,CRS3035RES1000mN2028000E3180000,504315026,52.0
5502,CRS3035RES1000mN2028000E3180000,548701490,
5503,CRS3035RES1000mN2028000E3180000,574210084,67.0
5504,CRS3035RES1000mN2028000E3180000,576094143,85.0
5505,CRS3035RES1000mN2028000E3180000,584409067,85.0
5506,CRS3035RES1000mN2028000E3180000,635512756,65.0
5507,CRS3035RES1000mN2028000E3180000,638492224,58.0
5508,CRS3035RES1000mN2028000E3180000,653913062,75.0
5509,CRS3035RES1000mN2028000E3180000,659866770,67.0
5510,CRS3035RES1000mN2028000E3180000,697717972,97.0
5511,CRS3035RES1000mN2028000E3180000,717194862,107.0
5512,CRS3035RES1000mN2028000E3180000,736899303,
5513,CRS3035RES1000mN2028000E3180000,738042217,111.0
5514,CRS3035RES1000mN2028000E3180000,839611983,119.0
5515,CRS3035RES1000mN2028000E3180000,957893520,54.0
5516,CRS3035RES1000mN2028000E3180000,963308110,60.0
5517,CRS3035RES1000mN2028000E3180000,1073283182,99.0
5518,CRS3035RES1000mN2028000E3180000,1252864015,43.0
5519,CRS3035RES1000mN2028000E3180000,1283203658,
5520,CRS3035RES1000mN2028000E3181000,25526,105.0
5521,CRS3035RES1000mN2028000E3181000,1774,75.0
5522,CRS3035RES1000mN2028000E3181000,1770,89.0
5523,CRS3035RES1000mN2028000E3181000,1773,85.0
5524,CRS3035RES1000mN2028000E3181000,1771,81.0
5525,CRS3035RES1000mN2028000E3181000,123303,95.0
5526,CRS3035RES1000mN2028000E3181000,1764,74.0
5527,CRS3035RES1000mN2028000E3181000,181101,96.0
5528,CRS3035RES1000mN2028000E3181000,5765642,101.0
5529,CRS3035RES1000mN2028000E3181000,86719,106.0
5530,CRS3035RES1000mN2028000E3181000,1800,93.0
5531,CRS3035RES1000mN2028000E3181000,1757,94.0
5532,CRS3035RES1000mN2028000E3181000,1755,94.0
5533,CRS3035RES1000mN2028000E3181000,1882,81.0
5534,CRS3035RES1000mN2028000E3181000,1745,65.0
5535,CRS3035RES1000mN2028000E3181000,1794,71.0
5536,CRS3035RES1000mN2028000E3181000,1762,66.0
5537,CRS3035RES1000mN2028000E3181000,51188,77.0
5538,CRS3035RES1000mN2028000E3181000,6893633,71.0
5539,CRS3035RES1000mN2028000E3181000,167128,81.0
5540,CRS3035RES1000mN2028000E3181000,1760,70.0
5541,CRS3035RES1000mN2028000E3181000,12773298,101.0
5542,CRS3035RES1000mN2028000E3181000,1754,101.0
5543,CRS3035RES1000mN2028000E3181000,1748,93.0
5544,CRS3035RES1000mN2028000E3181000,79941,65.0
5545,CRS3035RES1000mN2028000E3181000,1750,82.0
5546,CRS3035RES1000mN2028000E3181000,5975465,84.0
5547,CRS3035RES1000mN2028000E3181000,115056,76.0
5548,CRS3035RES1000mN2028000E3181000,1790,85.0
5549,CRS3035RES1000mN2028000E3181000,1756,95.0
5550,CRS3035RES1000mN2028000E3181000,51849,80.0
5551,CRS3035RES1000mN2028000E3181000,185595,77.0
5552,CRS3035RES1000mN2028000E3181000,7697128,75.0
5553,CRS3035RES1000mN2028000E3181000,10395362,97.0
5554,CRS3035RES1000mN2028000E3181000,1759,76.0
5555,CRS3035RES1000mN2028000E3181000,1752,74.0
5556,CRS3035RES1000mN2028000E3181000,186714,73.0
5557,CRS3035RES1000mN2028000E3181000,1753,90.0
5558,CRS3035RES1000mN2028000E3181000,1792,95.0
5559,CRS3035RES1000mN2028000E3181000,1763,92.0
5560,CRS3035RES1000mN2028000E3181000,1746,84.0
5561,CRS3035RES1000mN2028000E3181000,11572165,93.0
5562,CRS3035RES1000mN2028000E3181000,1761,84.0
5563,CRS3035RES1000mN2028000E3181000,1747,85.0
5564,CRS3035RES1000mN2028000E3181000,5768564,96.0
5565,CRS3035RES1000mN2028000E3181000,1798,82.0
5566,CRS3035RES1000mN2028000E3181000,66904,85.0
5567,CRS3035RES1000mN2028000E3181000,1777,69.0
5568,CRS3035RES1000mN2028000E3181000,1765,69.0
5569,CRS3035RES1000mN2028000E3181000,49416,96.0
5570,CRS3035RES1000mN2028000E3181000,12734939,96.0
5571,CRS3035RES1000mN2028000E3181000,167386167,74.0
5572,CRS3035RES1000mN2028000E3181000,295933804,97.0
5573,CRS3035RES1000mN2028000E3181000,303340017,102.0
5574,CRS3035RES1000mN2028000E3181000,315355551,114.0
5575,CRS3035RES1000mN2028000E3181000,339084977,87.0
5576,CRS3035RES1000mN2028000E3181000,412911553,80.0
5577,CRS3035RES1000mN2028000E3181000,558126037,112.0
5578,CRS3035RES1000mN2028000E3181000,711789768,
5579,CRS3035RES1000mN2028000E3181000,727666062,
5580,CRS3035RES1000mN2028000E3181000,848085869,115.0
5581,CRS3035RES1000mN2028000E3181000,1056098898,83.0
5582,CRS3035RES1000mN2028000E3181000,1255438242,82.0
5583,CRS3035RES1000mN2028000E3181000,1469985039,87.0
5584,CRS3035RES1000mN2028000E3181000,1504302537,
5585,CRS3035RES1000mN2028000E3181000,1511617504,
5586,CRS3035RES1000mN2028000E3181000,1541601287,108.0
5587,CRS3035RES1000mN2028000E3181000,1544591296,92.0
5588,CRS3035RES1000mN2028000E3181000,1598174183,67.0
5589,CRS3035RES1000mN2028000E3181000,1629887846,51.0
5590,CRS3035RES1000mN2028000E3181000,1686660176,76.0
5591,CRS3035RES1000mN2028000E3181000,1716927336,
5592,CRS3035RES1000mN2028000E3181000,1734554324,92.0
5593,CRS3035RES1000mN2028000E3181000,1849109335,104.0
5594,CRS3035RES1000mN2028000E3181000,2028408680,
5595,CRS3035RES1000mN2028000E3181000,2036887702,
5596,CRS3035RES1000mN2028000E3181000,2061404218,103.0
5597,CRS3035RES1000mN2028000E3181000,2134238030,94.0
5598,CRS3035RES1000mN2028000E3181000,2261600754,
5599,CRS3035RES1000mN2028000E3181000,2301402027,84.0
5600,CRS3035RES1000mN2028000E3181000,2303966810,
5601,CRS3035RES1000mN2028000E3181000,2312029862,63.0
5602,CRS3035RES1000mN2028000E3181000,2408860250,119.0
5603,CRS3035RES1000mN2028000E3181000,2620185829,80.0
5604,CRS3035RES1000mN2028000E3181000,2622508931,81.0
5605,CRS3035RES1000mN2028000E3181000,2672130951,
5606,CRS3035RES1000mN2028000E3181000,2710518818,109.0
5607,CRS3035RES1000mN2028000E3181000,3034026261,
5608,CRS3035RES1000mN2028000E3181000,3179889751,101.0
5609,CRS3035RES1000mN2028000E3181000,3206611978,
5610,CRS3035RES1000mN2028000E3181000,3272828439,
5611,CRS3035RES1000mN2028000E3181000,3452364276,77.0
5612,CRS3035RES1000mN2028000E3181000,3452364277,71.0
5613,CRS3035RES1000mN2028000E3181000,3495733197,
5614,CRS3035RES1000mN2028000E3181000,3497154853,
5615,CRS3035RES1000mN2028000E3181000,3517755445,
5616,CRS3035RES1000mN2028000E3181000,3522125657,
5617,CRS3035RES1000mN2028000E3181000,3526751794,
5618,CRS3035RES1000mN2028000E3181000,3839306060,75.0
5619,CRS3035RES1000mN2028000E3181000,4214697664,88.0
5620,CRS3035RES1000mN2028000E3181000,4338252586,
5621,CRS3035RES1000mN2028000E3181000,4401271633,
5622,CRS3035RES1000mN2028000E3181000,4515476768,
5623,CRS3035RES1000mN2028000E3181000,4569910891,77.0
5624,CRS3035RES1000mN2028000E3181000,4703730491,114.0
5625,CRS3035RES1000mN2028000E3181000,4707870392,108.0
5626,CRS3035RES1000mN2028000E3181000,4789037769,
5627,CRS3035RES1000mN2028000E3181000,4794233143,
5628,CRS3035RES1000mN2028000E3181000,4870405674,98.0
5629,CRS3035RES1000mN2028000E3181000,5139379922,
5630,CRS3035RES1000mN2028000E3181000,5160337425,79.0
5631,CRS3035RES1000mN2028000E3181000,5196199575,116.0
5632,CRS3035RES1000mN2028000E3181000,5341570554,77.0
5633,CRS3035RES1000mN2028000E3181000,5345949864,110.0
5634,CRS3035RES1000mN2028000E3181000,5448507385,
5635,CRS3035RES1000mN2028000E3181000,5604693894,
5636,CRS3035RES1000mN2028000E3181000,5670401989,
5637,CRS3035RES1000mN2028000E3181000,5942671299,107.0
5638,CRS3035RES1000mN2028000E3181000,5943980960,
5639,CRS3035RES1000mN2028000E3181000,6185791451,
5640,CRS3035RES1000mN2028000E3181000,6188948286,100.0
5641,CRS3035RES1000mN2028000E3181000,6555800191,
5642,CRS3035RES1000mN2028000E3181000,6885254479,97.0
5643,CRS3035RES1000mN2028000E3181000,7222611268,96.0
5644,CRS3035RES1000mN2028000E3181000,7408961006,
5645,CRS3035RES1000mN2028000E3181000,7619964683,
5646,CRS3035RES1000mN2028000E3181000,7836562695,114.0
5647,CRS3035RES1000mN2028000E3181000,8493729364,84.0
5648,CRS3035RES1000mN2028000E3181000,8557885377,
5649,CRS3035RES1000mN2028000E3181000,8807212208,69.0
5650,CRS3035RES1000mN2028000E3181000,8844229173,79.0
5651,CRS3035RES1000mN2028000E3181000,8878422600,100.0
5652,CRS3035RES1000mN2028000E3181000,9595709188,77.0
5653,CRS3035RES1000mN2028000E3181000,9611387099,90.0
5654,CRS3035RES1000mN2028000E3181000,9712656915,80.0
5655,CRS3035RES1000mN2028000E3181000,9713142744,72.0
5656,CRS3035RES1000mN2028000E3181000,9815746657,
5657,CRS3035RES1000mN2028000E3181000,10004871512,69.0
5658,CRS3035RES1000mN2028000E3181000,10281174134,
5659,CRS3035RES1000mN2028000E3181000,10580337411,79.0
5660,CRS3035RES1000mN2028000E3181000,10899442604,
5661,CRS3035RES1000mN2028000E3181000,10922657146,
5662,CRS3035RES1000mN2028000E3181000,11127499928,100.0
5663,CRS3035RES1000mN2028000E3181000,11143725881,98.0
5664,CRS3035RES1000mN2028000E3181000,11243087140,99.0
5665,CRS3035RES1000mN2028000E3181000,11269399969,95.0
5666,CRS3035RES1000mN2028000E3181000,11287269362,63.0
5667,CRS3035RES1000mN2028000E3181000,11287269363,87.0
5668,CRS3035RES1000mN2028000E3181000,11369705764,88.0
5669,CRS3035RES1000mN2028000E3181000,11387776374,102.0
5670,CRS3035RES1000mN2028000E3181000,11461799040,
5671,CRS3035RES1000mN2028000E3181000,11462802981,86.0
5672,CRS3035RES1000mN2028000E3181000,11652077658,102.0
5673,CRS3035RES1000mN2028000E3181000,11691390164,79.0
5674,CRS3035RES1000mN2028000E3181000,11739757462,109.0
5675,CRS3035RES1000mN2028000E3181000,12178446726,100.0
5676,CRS3035RES1000mN2028000E3181000,12407425114,98.0
5677,CRS3035RES1000mN2028000E3181000,12865480228,76.0
5678,CRS3035RES1000mN2028000E3181000,2960630,
5679,CRS3035RES1000mN2028000E3181000,3554044,
5680,CRS3035RES1000mN2028000E3181000,3557906,116.0
5681,CRS3035RES1000mN2028000E3181000,5231361,87.0
5682,CRS3035RES1000mN2028000E3181000,9314566,119.0
5683,CRS3035RES1000mN2028000E3181000,13696257,119.0
5684,CRS3035RES1000mN2028000E3181000,15996131,88.0
5685,CRS3035RES1000mN2028000E3181000,23526191,73.0
5686,CRS3035RES1000mN2028000E3181000,23545719,85.0
5687,CRS3035RES1000mN2028000E3181000,30599279,114.0
5688,CRS3035RES1000mN2028000E3181000,30649229,86.0
5689,CRS3035RES1000mN2028000E3181000,32198651,
5690,CRS3035RES1000mN2028000E3181000,34945111,
5691,CRS3035RES1000mN2028000E3181000,50170625,89.0
5692,CRS3035RES1000mN2028000E3181000,82887228,108.0
5693,CRS3035RES1000mN2028000E3181000,92484952,115.0
5694,CRS3035RES1000mN2028000E3181000,95794713,93.0
5695,CRS3035RES1000mN2028000E3181000,96418670,
5696,CRS3035RES1000mN2028000E3181000,98502686,93.0
5697,CRS3035RES1000mN2028000E3181000,132613257,89.0
5698,CRS3035RES1000mN2028000E3181000,135036040,79.0
5699,CRS3035RES1000mN2028000E3181000,150772489,84.0
5700,CRS3035RES1000mN2028000E3181000,154118456,94.0
5701,CRS3035RES1000mN2028000E3181000,157375776,94.0
5702,CRS3035RES1000mN2028000E3181000,158211204,119.0
5703,CRS3035RES1000mN2028000E3181000,162072415,111.0
5704,CRS3035RES1000mN2028000E3181000,162117720,107.0
5705,CRS3035RES1000mN2028000E3181000,170487273,108.0
5706,CRS3035RES1000mN2028000E3181000,172686062,
5707,CRS3035RES1000mN2028000E3181000,174318235,118.0
5708,CRS3035RES1000mN2028000E3181000,174318237,
5709,CRS3035RES1000mN2028000E3181000,205060159,119.0
5710,CRS3035RES1000mN2028000E3181000,205757163,
5711,CRS3035RES1000mN2028000E3181000,221095520,82.0
5712,CRS3035RES1000mN2028000E3181000,224503374,72.0
5713,CRS3035RES1000mN2028000E3181000,227333462,87.0
5714,CRS3035RES1000mN2028000E3181000,229117454,97.0
5715,CRS3035RES1000mN2028000E3181000,261460389,
5716,CRS3035RES1000mN2028000E3181000,283450022,76.0
5717,CRS3035RES1000mN2028000E3181000,288994040,84.0
5718,CRS3035RES1000mN2028000E3181000,296744564,84.0
5719,CRS3035RES1000mN2028000E3181000,297526406,98.0
5720,CRS3035RES1000mN2028000E3181000,300709861,
5721,CRS3035RES1000mN2028000E3181000,301444634,
5722,CRS3035RES1000mN2028000E3181000,302721609,
5723,CRS3035RES1000mN2028000E3181000,308195630,
5724,CRS3035RES1000mN2028000E3181000,312777902,91.0
5725,CRS3035RES1000mN2028000E3181000,330154630,
5726,CRS3035RES1000mN2028000E3181000,340205456,82.0
5727,CRS3035RES1000mN2028000E3181000,367883612,106.0
5728,CRS3035RES1000mN2028000E3181000,368211943,107.0
5729,CRS3035RES1000mN2028000E3181000,374180360,82.0
5730,CRS3035RES1000mN2028000E3181000,375369499,88.0
5731,CRS3035RES1000mN2028000E3181000,383494544,84.0
5732,CRS3035RES1000mN2028000E3181000,384574591,115.0
5733,CRS3035RES1000mN2028000E3181000,403538322,68.0
5734,CRS3035RES1000mN2028000E3181000,403859503,79.0
5735,CRS3035RES1000mN2028000E3181000,437050442,
5736,CRS3035RES1000mN2028000E3181000,459881697,88.0
5737,CRS3035RES1000mN2028000E3181000,477278425,87.0
5738,CRS3035RES1000mN2028000E3181000,486879235,
5739,CRS3035RES1000mN2028000E3181000,493748377,109.0
5740,CRS3035RES1000mN2028000E3181000,498234201,
5741,CRS3035RES1000mN2028000E3181000,504315026,77.0
5742,CRS3035RES1000mN2028000E3181000,548701490,
5743,CRS3035RES1000mN2028000E3181000,574210084,119.0
5744,CRS3035RES1000mN2028000E3181000,576094143,111.0
5745,CRS3035RES1000mN2028000E3181000,584409067,111.0
5746,CRS3035RES1000mN2028000E3181000,635512756,98.0
5747,CRS3035RES1000mN2028000E3181000,638492224,105.0
5748,CRS3035RES1000mN2028000E3181000,653913062,100.0
5749,CRS3035RES1000mN2028000E3181000,659866770,
5750,CRS3035RES1000mN2028000E3181000,697717972,119.0
5751,CRS3035RES1000mN2028000E3181000,717194862,
5752,CRS3035RES1000mN2028000E3181000,736899303,
5753,CRS3035RES1000mN2028000E3181000,738042217,
5754,CRS3035RES1000mN2028000E3181000,839611983,
5755,CRS3035RES1000mN2028000E3181000,957893520,77.0
5756,CRS3035RES1000mN2028000E3181000,963308110,82.0
5757,CRS3035RES1000mN2028000E3181000,1073283182,
5758,CRS3035RES1000mN2028000E3181000,1252864015,70.0
5759,CRS3035RES1000mN2028000E3181000,1283203658,
5760,CRS3035RES1000mN2028000E3182000,25526,
5761,CRS3035RES1000mN2028000E3182000,1774,105.0
5762,CRS3035RES1000mN2028000E3182000,1770,118.0
5763,CRS3035RES1000mN2028000E3182000,1773,114.0
5764,CRS3035RES1000mN2028000E3182000,1771,111.0
5765,CRS3035RES1000mN2028000E3182000,123303,
5766,CRS3035RES1000mN2028000E3182000,1764,104.0
5767,CRS3035RES1000mN2028000E3182000,181101,119.0
5768,CRS3035RES1000mN2028000E3182000,5765642,
5769,CRS3035RES1000mN2028000E3182000,86719,
5770,CRS3035RES1000mN2028000E3182000,1800,
5771,CRS3035RES1000mN2028000E3182000,1757,
5772,CRS3035RES1000mN2028000E3182000,1755,
5773,CRS3035RES1000mN2028000E3182000,1882,111.0
5774,CRS3035RES1000mN2028000E3182000,1745,95.0
5775,CRS3035RES1000mN2028000E3182000,1794,101.0
5776,CRS3035RES1000mN2028000E3182000,1762,97.0
5777,CRS3035RES1000mN2028000E3182000,51188,108.0
5778,CRS3035RES1000mN2028000E3182000,6893633,101.0
5779,CRS3035RES1000mN2028000E3182000,167128,109.0
5780,CRS3035RES1000mN2028000E3182000,1760,101.0
5781,CRS3035RES1000mN2028000E3182000,12773298,
5782,CRS3035RES1000mN2028000E3182000,1754,
5783,CRS3035RES1000mN2028000E3182000,1748,117.0
5784,CRS3035RES1000mN2028000E3182000,79941,99.0
5785,CRS3035RES1000mN2028000E3182000,1750,111.0
5786,CRS3035RES1000mN2028000E3182000,5975465,114.0
5787,CRS3035RES1000mN2028000E3182000,115056,104.0
5788,CRS3035RES1000mN2028000E3182000,1790,116.0
5789,CRS3035RES1000mN2028000E3182000,1756,
5790,CRS3035RES1000mN2028000E3182000,51849,109.0
5791,CRS3035RES1000mN2028000E3182000,185595,106.0
5792,CRS3035RES1000mN2028000E3182000,7697128,105.0
5793,CRS3035RES1000mN2028000E3182000,10395362,
5794,CRS3035RES1000mN2028000E3182000,1759,107.0
5795,CRS3035RES1000mN2028000E3182000,1752,104.0
5796,CRS3035RES1000mN2028000E3182000,186714,103.0
5797,CRS3035RES1000mN2028000E3182000,1753,119.0
5798,CRS3035RES1000mN2028000E3182000,1792,
5799,CRS3035RES1000mN2028000E3182000,1763,
5800,CRS3035RES1000mN2028000E3182000,1746,112.0
5801,CRS3035RES1000mN2028000E3182000,11572165,
5802,CRS3035RES1000mN2028000E3182000,1761,114.0
5803,CRS3035RES1000mN2028000E3182000,1747,112.0
5804,CRS3035RES1000mN2028000E3182000,5768564,
5805,CRS3035RES1000mN2028000E3182000,1798,112.0
5806,CRS3035RES1000mN2028000E3182000,66904,116.0
5807,CRS3035RES1000mN2028000E3182000,1777,100.0
5808,CRS3035RES1000mN2028000E3182000,1765,99.0
5809,CRS3035RES1000mN2028000E3182000,49416,
5810,CRS3035RES1000mN2028000E3182000,12734939,
5811,CRS3035RES1000mN2028000E3182000,167386167,104.0
5812,CRS3035RES1000mN2028000E3182000,295933804,
5813,CRS3035RES1000mN2028000E3182000,303340017,117.0
5814,CRS3035RES1000mN2028000E3182000,315355551,
5815,CRS3035RES1000mN2028000E3182000,339084977,118.0
5816,CRS3035RES1000mN2028000E3182000,412911553,111.0
5817,CRS3035RES1000mN2028000E3182000,558126037,
5818,CRS3035RES1000mN2028000E3182000,711789768,
5819,CRS3035RES1000mN2028000E3182000,727666062,
5820,CRS3035RES1000mN2028000E3182000,848085869,
5821,CRS3035RES1000mN2028000E3182000,1056098898,112.0
5822,CRS3035RES1000mN2028000E3182000,1255438242,117.0
5823,CRS3035RES1000mN2028000E3182000,1469985039,110.0
5824,CRS3035RES1000mN2028000E3182000,1504302537,
5825,CRS3035RES1000mN2028000E3182000,1511617504,
5826,CRS3035RES1000mN2028000E3182000,1541601287,
5827,CRS3035RES1000mN2028000E3182000,1544591296,
5828,CRS3035RES1000mN2028000E3182000,1598174183,90.0
5829,CRS3035RES1000mN2028000E3182000,1629887846,71.0
5830,CRS3035RES1000mN2028000E3182000,1686660176,106.0
5831,CRS3035RES1000mN2028000E3182000,1716927336,
5832,CRS3035RES1000mN2028000E3182000,1734554324,117.0
5833,CRS3035RES1000mN2028000E3182000,1849109335,
5834,CRS3035RES1000mN2028000E3182000,2028408680,
5835,CRS3035RES1000mN2028000E3182000,2036887702,
5836,CRS3035RES1000mN2028000E3182000,2061404218,
5837,CRS3035RES1000mN2028000E3182000,2134238030,112.0
5838,CRS3035RES1000mN2028000E3182000,2261600754,
5839,CRS3035RES1000mN2028000E3182000,2301402027,108.0
5840,CRS3035RES1000mN2028000E3182000,2303966810,
5841,CRS3035RES1000mN2028000E3182000,2312029862,91.0
5842,CRS3035RES1000mN2028000E3182000,2408860250,
5843,CRS3035RES1000mN2028000E3182000,2620185829,111.0
5844,CRS3035RES1000mN2028000E3182000,2622508931,110.0
5845,CRS3035RES1000mN2028000E3182000,2672130951,
5846,CRS3035RES1000mN2028000E3182000,2710518818,
5847,CRS3035RES1000mN2028000E3182000,3034026261,
5848,CRS3035RES1000mN2028000E3182000,3179889751,
5849,CRS3035RES1000mN2028000E3182000,3206611978,
5850,CRS3035RES1000mN2028000E3182000,3272828439,
5851,CRS3035RES1000mN2028000E3182000,3452364276,107.0
5852,CRS3035RES1000mN2028000E3182000,3452364277,101.0
5853,CRS3035RES1000mN2028000E3182000,3495733197,
5854,CRS3035RES1000mN2028000E3182000,3497154853,
5855,CRS3035RES1000mN2028000E3182000,3517755445,
5856,CRS3035RES1000mN2028000E3182000,3522125657,
5857,CRS3035RES1000mN2028000E3182000,3526751794,
5858,CRS3035RES1000mN2028000E3182000,3839306060,105.0
5859,CRS3035RES1000mN2028000E3182000,4214697664,118.0
5860,CRS3035RES1000mN2028000E3182000,4338252586,
5861,CRS3035RES1000mN2028000E3182000,4401271633,
5862,CRS3035RES1000mN2028000E3182000,4515476768,
5863,CRS3035RES1000mN2028000E3182000,4569910891,108.0
5864,CRS3035RES1000mN2028000E3182000,4703730491,
5865,CRS3035RES1000mN2028000E3182000,4707870392,
5866,CRS3035RES1000mN2028000E3182000,4789037769,
5867,CRS3035RES1000mN2028000E3182000,4794233143,
5868,CRS3035RES1000mN2028000E3182000,4870405674,
5869,CRS3035RES1000mN2028000E3182000,5139379922,
5870,CRS3035RES1000mN2028000E3182000,5160337425,109.0
5871,CRS3035RES1000mN2028000E3182000,5196199575,
5872,CRS3035RES1000mN2028000E3182000,5341570554,107.0
5873,CRS3035RES1000mN2028000E3182000,5345949864,
5874,CRS3035RES1000mN2028000E3182000,5448507385,
5875,CRS3035RES1000mN2028000E3182000,5604693894,
5876,CRS3035RES1000mN2028000E3182000,5670401989,
5877,CRS3035RES1000mN2028000E3182000,5942671299,
5878,CRS3035RES1000mN2028000E3182000,5943980960,
5879,CRS3035RES1000mN2028000E3182000,6185791451,
5880,CRS3035RES1000mN2028000E3182000,6188948286,
5881,CRS3035RES1000mN2028000E3182000,6555800191,
5882,CRS3035RES1000mN2028000E3182000,6885254479,
5883,CRS3035RES1000mN2028000E3182000,7222611268,115.0
5884,CRS3035RES1000mN2028000E3182000,7408961006,
5885,CRS3035RES1000mN2028000E3182000,7619964683,
5886,CRS3035RES1000mN2028000E3182000,7836562695,
5887,CRS3035RES1000mN2028000E3182000,8493729364,115.0
5888,CRS3035RES1000mN2028000E3182000,8557885377,
5889,CRS3035RES1000mN2028000E3182000,8807212208,98.0
5890,CRS3035RES1000mN2028000E3182000,8844229173,110.0
5891,CRS3035RES1000mN2028000E3182000,8878422600,
5892,CRS3035RES1000mN2028000E3182000,9595709188,107.0
5893,CRS3035RES1000mN2028000E3182000,9611387099,
5894,CRS3035RES1000mN2028000E3182000,9712656915,110.0
5895,CRS3035RES1000mN2028000E3182000,9713142744,102.0
5896,CRS3035RES1000mN2028000E3182000,9815746657,
5897,CRS3035RES1000mN2028000E3182000,10004871512,88.0
5898,CRS3035RES1000mN2028000E3182000,10281174134,
5899,CRS3035RES1000mN2028000E3182000,10580337411,109.0
5900,CRS3035RES1000mN2028000E3182000,10899442604,
5901,CRS3035RES1000mN2028000E3182000,10922657146,
5902,CRS3035RES1000mN2028000E3182000,11127499928,
5903,CRS3035RES1000mN2028000E3182000,11143725881,
5904,CRS3035RES1000mN2028000E3182000,11243087140,119.0
5905,CRS3035RES1000mN2028000E3182000,11269399969,
5906,CRS3035RES1000mN2028000E3182000,11287269362,79.0
5907,CRS3035RES1000mN2028000E3182000,11287269363,
5908,CRS3035RES1000mN2028000E3182000,11369705764,111.0
5909,CRS3035RES1000mN2028000E3182000,11387776374,
5910,CRS3035RES1000mN2028000E3182000,11461799040,
5911,CRS3035RES1000mN2028000E3182000,11462802981,109.0
5912,CRS3035RES1000mN2028000E3182000,11652077658,
5913,CRS3035RES1000mN2028000E3182000,11691390164,110.0
5914,CRS3035RES1000mN2028000E3182000,11739757462,
5915,CRS3035RES1000mN2028000E3182000,12178446726,
5916,CRS3035RES1000mN2028000E3182000,12407425114,
5917,CRS3035RES1000mN2028000E3182000,12865480228,106.0
5918,CRS3035RES1000mN2028000E3182000,2960630,
5919,CRS3035RES1000mN2028000E3182000,3554044,
5920,CRS3035RES1000mN2028000E3182000,3557906,
5921,CRS3035RES1000mN2028000E3182000,5231361,118.0
5922,CRS3035RES1000mN2028000E3182000,9314566,
5923,CRS3035RES1000mN2028000E3182000,13696257,
5924,CRS3035RES1000mN2028000E3182000,15996131,118.0
5925,CRS3035RES1000mN2028000E3182000,23526191,103.0
5926,CRS3035RES1000mN2028000E3182000,23545719,115.0
5927,CRS3035RES1000mN2028000E3182000,30599279,
5928,CRS3035RES1000mN2028000E3182000,30649229,115.0
5929,CRS3035RES1000mN2028000E3182000,32198651,
5930,CRS3035RES1000mN2028000E3182000,34945111,
5931,CRS3035RES1000mN2028000E3182000,50170625,
5932,CRS3035RES1000mN2028000E3182000,82887228,
5933,CRS3035RES1000mN2028000E3182000,92484952,
5934,CRS3035RES1000mN2028000E3182000,95794713,
5935,CRS3035RES1000mN2028000E3182000,96418670,
5936,CRS3035RES1000mN2028000E3182000,98502686,118.0
5937,CRS3035RES1000mN2028000E3182000,132613257,116.0
5938,CRS3035RES1000mN2028000E3182000,135036040,111.0
5939,CRS3035RES1000mN2028000E3182000,150772489,115.0
5940,CRS3035RES1000mN2028000E3182000,154118456,
5941,CRS3035RES1000mN2028000E3182000,157375776,114.0
5942,CRS3035RES1000mN2028000E3182000,158211204,
5943,CRS3035RES1000mN2028000E3182000,162072415,
5944,CRS3035RES1000mN2028000E3182000,162117720,
5945,CRS3035RES1000mN2028000E3182000,170487273,108.0
5946,CRS3035RES1000mN2028000E3182000,172686062,
5947,CRS3035RES1000mN2028000E3182000,174318235,
5948,CRS3035RES1000mN2028000E3182000,174318237,
5949,CRS3035RES1000mN2028000E3182000,205060159,
5950,CRS3035RES1000mN2028000E3182000,205757163,
5951,CRS3035RES1000mN2028000E3182000,221095520,108.0
5952,CRS3035RES1000mN2028000E3182000,224503374,102.0
5953,CRS3035RES1000mN2028000E3182000,227333462,117.0
5954,CRS3035RES1000mN2028000E3182000,229117454,119.0
5955,CRS3035RES1000mN2028000E3182000,261460389,
5956,CRS3035RES1000mN2028000E3182000,283450022,107.0
5957,CRS3035RES1000mN2028000E3182000,288994040,115.0
5958,CRS3035RES1000mN2028000E3182000,296744564,119.0
5959,CRS3035RES1000mN2028000E3182000,297526406,
5960,CRS3035RES1000mN2028000E3182000,300709861,
5961,CRS3035RES1000mN2028000E3182000,301444634,
5962,CRS3035RES1000mN2028000E3182000,302721609,
5963,CRS3035RES1000mN2028000E3182000,308195630,
5964,CRS3035RES1000mN2028000E3182000,312777902,
5965,CRS3035RES1000mN2028000E3182000,330154630,
5966,CRS3035RES1000mN2028000E3182000,340205456,112.0
5967,CRS3035RES1000mN2028000E3182000,367883612,
5968,CRS3035RES1000mN2028000E3182000,368211943,
5969,CRS3035RES1000mN2028000E3182000,374180360,105.0
5970,CRS3035RES1000mN2028000E3182000,375369499,
5971,CRS3035RES1000mN2028000E3182000,383494544,114.0
5972,CRS3035RES1000mN2028000E3182000,384574591,
5973,CRS3035RES1000mN2028000E3182000,403538322,84.0
5974,CRS3035RES1000mN2028000E3182000,403859503,109.0
5975,CRS3035RES1000mN2028000E3182000,437050442,
5976,CRS3035RES1000mN2028000E3182000,459881697,118.0
5977,CRS3035RES1000mN2028000E3182000,477278425,105.0
5978,CRS3035RES1000mN2028000E3182000,486879235,
5979,CRS3035RES1000mN2028000E3182000,493748377,
5980,CRS3035RES1000mN2028000E3182000,498234201,
5981,CRS3035RES1000mN2028000E3182000,504315026,107.0
5982,CRS3035RES1000mN2028000E3182000,548701490,
5983,CRS3035RES1000mN2028000E3182000,574210084,
5984,CRS3035RES1000mN2028000E3182000,576094143,
5985,CRS3035RES1000mN2028000E3182000,584409067,
5986,CRS3035RES1000mN2028000E3182000,635512756,
5987,CRS3035RES1000mN2028000E3182000,638492224,
5988,CRS3035RES1000mN2028000E3182000,653913062,
5989,CRS3035RES1000mN2028000E3182000,659866770,
5990,CRS3035RES1000mN2028000E3182000,697717972,
5991,CRS3035RES1000mN2028000E3182000,717194862,
5992,CRS3035RES1000mN2028000E3182000,736899303,
5993,CRS3035RES1000mN2028000E3182000,738042217,
5994,CRS3035RES1000mN2028000E3182000,839611983,
5995,CRS3035RES1000mN2028000E3182000,957893520,107.0
5996,CRS3035RES1000mN2028000E3182000,963308110,112.0
5997,CRS3035RES1000mN2028000E3182000,1073283182,
5998,CRS3035RES1000mN2028000E3182000,1252864015,86.0
5999,CRS3035RES1000mN2028000E3182000,1283203658,
6000,CRS3035RES1000mN2029000E3174000,25526,87.0
6001,CRS3035RES1000mN2029000E3174000,1774,59.0
6002,CRS3035RES1000mN2029000E3174000,1770,71.0
6003,CRS3035RES1000mN2029000E3174000,1773,68.0
6004,CRS3035RES1000mN2029000E3174000,1771,66.0
6005,CRS3035RES1000mN2029000E3174000,123303,79.0
6006,CRS3035RES1000mN2029000E3174000,1764,58.0
6007,CRS3035RES1000mN2029000E3174000,181101,62.0
6008,CRS3035RES1000mN2029000E3174000,5765642,84.0
6009,CRS3035RES1000mN2029000E3174000,86719,88.0
6010,CRS3035RES1000mN2029000E3174000,1800,65.0
6011,CRS3035RES1000mN2029000E3174000,1757,78.0
6012,CRS3035RES1000mN2029000E3174000,1755,79.0
6013,CRS3035RES1000mN2029000E3174000,1882,65.0
6014,CRS3035RES1000mN2029000E3174000,1745,50.0
6015,CRS3035RES1000mN2029000E3174000,1794,55.0
6016,CRS3035RES1000mN2029000E3174000,1762,51.0
6017,CRS3035RES1000mN2029000E3174000,51188,62.0
6018,CRS3035RES1000mN2029000E3174000,6893633,55.0
6019,CRS3035RES1000mN2029000E3174000,167128,56.0
6020,CRS3035RES1000mN2029000E3174000,1760,55.0
6021,CRS3035RES1000mN2029000E3174000,12773298,81.0
6022,CRS3035RES1000mN2029000E3174000,1754,85.0
6023,CRS3035RES1000mN2029000E3174000,1748,60.0
6024,CRS3035RES1000mN2029000E3174000,79941,52.0
6025,CRS3035RES1000mN2029000E3174000,1750,65.0
6026,CRS3035RES1000mN2029000E3174000,5975465,68.0
6027,CRS3035RES1000mN2029000E3174000,115056,60.0
6028,CRS3035RES1000mN2029000E3174000,1790,70.0
6029,CRS3035RES1000mN2029000E3174000,1756,80.0
6030,CRS3035RES1000mN2029000E3174000,51849,63.0
6031,CRS3035RES1000mN2029000E3174000,185595,61.0
6032,CRS3035RES1000mN2029000E3174000,7697128,60.0
6033,CRS3035RES1000mN2029000E3174000,10395362,81.0
6034,CRS3035RES1000mN2029000E3174000,1759,61.0
6035,CRS3035RES1000mN2029000E3174000,1752,58.0
6036,CRS3035RES1000mN2029000E3174000,186714,56.0
6037,CRS3035RES1000mN2029000E3174000,1753,67.0
6038,CRS3035RES1000mN2029000E3174000,1792,63.0
6039,CRS3035RES1000mN2029000E3174000,1763,77.0
6040,CRS3035RES1000mN2029000E3174000,1746,68.0
6041,CRS3035RES1000mN2029000E3174000,11572165,76.0
6042,CRS3035RES1000mN2029000E3174000,1761,67.0
6043,CRS3035RES1000mN2029000E3174000,1747,54.0
6044,CRS3035RES1000mN2029000E3174000,5768564,80.0
6045,CRS3035RES1000mN2029000E3174000,1798,67.0
6046,CRS3035RES1000mN2029000E3174000,66904,71.0
6047,CRS3035RES1000mN2029000E3174000,1777,53.0
6048,CRS3035RES1000mN2029000E3174000,1765,54.0
6049,CRS3035RES1000mN2029000E3174000,49416,68.0
6050,CRS3035RES1000mN2029000E3174000,12734939,68.0
6051,CRS3035RES1000mN2029000E3174000,167386167,59.0
6052,CRS3035RES1000mN2029000E3174000,295933804,78.0
6053,CRS3035RES1000mN2029000E3174000,303340017,73.0
6054,CRS3035RES1000mN2029000E3174000,315355551,95.0
6055,CRS3035RES1000mN2029000E3174000,339084977,71.0
6056,CRS3035RES1000mN2029000E3174000,412911553,64.0
6057,CRS3035RES1000mN2029000E3174000,558126037,97.0
6058,CRS3035RES1000mN2029000E3174000,711789768,
6059,CRS3035RES1000mN2029000E3174000,727666062,
6060,CRS3035RES1000mN2029000E3174000,848085869,106.0
6061,CRS3035RES1000mN2029000E3174000,1056098898,67.0
6062,CRS3035RES1000mN2029000E3174000,1255438242,63.0
6063,CRS3035RES1000mN2029000E3174000,1469985039,53.0
6064,CRS3035RES1000mN2029000E3174000,1504302537,93.0
6065,CRS3035RES1000mN2029000E3174000,1511617504,111.0
6066,CRS3035RES1000mN2029000E3174000,1541601287,95.0
6067,CRS3035RES1000mN2029000E3174000,1544591296,74.0
6068,CRS3035RES1000mN2029000E3174000,1598174183,54.0
6069,CRS3035RES1000mN2029000E3174000,1629887846,59.0
6070,CRS3035RES1000mN2029000E3174000,1686660176,62.0
6071,CRS3035RES1000mN2029000E3174000,1716927336,94.0
6072,CRS3035RES1000mN2029000E3174000,1734554324,77.0
6073,CRS3035RES1000mN2029000E3174000,1849109335,78.0
6074,CRS3035RES1000mN2029000E3174000,2028408680,114.0
6075,CRS3035RES1000mN2029000E3174000,2036887702,
6076,CRS3035RES1000mN2029000E3174000,2061404218,86.0
6077,CRS3035RES1000mN2029000E3174000,2134238030,77.0
6078,CRS3035RES1000mN2029000E3174000,2261600754,
6079,CRS3035RES1000mN2029000E3174000,2301402027,61.0
6080,CRS3035RES1000mN2029000E3174000,2303966810,
6081,CRS3035RES1000mN2029000E3174000,2312029862,59.0
6082,CRS3035RES1000mN2029000E3174000,2408860250,103.0
6083,CRS3035RES1000mN2029000E3174000,2620185829,64.0
6084,CRS3035RES1000mN2029000E3174000,2622508931,65.0
6085,CRS3035RES1000mN2029000E3174000,2672130951,
6086,CRS3035RES1000mN2029000E3174000,2710518818,79.0
6087,CRS3035RES1000mN2029000E3174000,3034026261,
6088,CRS3035RES1000mN2029000E3174000,3179889751,85.0
6089,CRS3035RES1000mN2029000E3174000,3206611978,
6090,CRS3035RES1000mN2029000E3174000,3272828439,115.0
6091,CRS3035RES1000mN2029000E3174000,3452364276,60.0
6092,CRS3035RES1000mN2029000E3174000,3452364277,56.0
6093,CRS3035RES1000mN2029000E3174000,3495733197,
6094,CRS3035RES1000mN2029000E3174000,3497154853,
6095,CRS3035RES1000mN2029000E3174000,3517755445,
6096,CRS3035RES1000mN2029000E3174000,3522125657,
6097,CRS3035RES1000mN2029000E3174000,3526751794,89.0
6098,CRS3035RES1000mN2029000E3174000,3839306060,56.0
6099,CRS3035RES1000mN2029000E3174000,4214697664,73.0
6100,CRS3035RES1000mN2029000E3174000,4338252586,77.0
6101,CRS3035RES1000mN2029000E3174000,4401271633,
6102,CRS3035RES1000mN2029000E3174000,4515476768,
6103,CRS3035RES1000mN2029000E3174000,4569910891,62.0
6104,CRS3035RES1000mN2029000E3174000,4703730491,88.0
6105,CRS3035RES1000mN2029000E3174000,4707870392,86.0
6106,CRS3035RES1000mN2029000E3174000,4789037769,117.0
6107,CRS3035RES1000mN2029000E3174000,4794233143,
6108,CRS3035RES1000mN2029000E3174000,4870405674,83.0
6109,CRS3035RES1000mN2029000E3174000,5139379922,111.0
6110,CRS3035RES1000mN2029000E3174000,5160337425,63.0
6111,CRS3035RES1000mN2029000E3174000,5196199575,104.0
6112,CRS3035RES1000mN2029000E3174000,5341570554,61.0
6113,CRS3035RES1000mN2029000E3174000,5345949864,80.0
6114,CRS3035RES1000mN2029000E3174000,5448507385,
6115,CRS3035RES1000mN2029000E3174000,5604693894,74.0
6116,CRS3035RES1000mN2029000E3174000,5670401989,
6117,CRS3035RES1000mN2029000E3174000,5942671299,75.0
6118,CRS3035RES1000mN2029000E3174000,5943980960,105.0
6119,CRS3035RES1000mN2029000E3174000,6185791451,
6120,CRS3035RES1000mN2029000E3174000,6188948286,66.0
6121,CRS3035RES1000mN2029000E3174000,6555800191,103.0
6122,CRS3035RES1000mN2029000E3174000,6885254479,78.0
6123,CRS3035RES1000mN2029000E3174000,7222611268,119.0
6124,CRS3035RES1000mN2029000E3174000,7408961006,113.0
6125,CRS3035RES1000mN2029000E3174000,7619964683,114.0
6126,CRS3035RES1000mN2029000E3174000,7836562695,91.0
6127,CRS3035RES1000mN2029000E3174000,8493729364,68.0
6128,CRS3035RES1000mN2029000E3174000,8557885377,104.0
6129,CRS3035RES1000mN2029000E3174000,8807212208,53.0
6130,CRS3035RES1000mN2029000E3174000,8844229173,63.0
6131,CRS3035RES1000mN2029000E3174000,8878422600,98.0
6132,CRS3035RES1000mN2029000E3174000,9595709188,62.0
6133,CRS3035RES1000mN2029000E3174000,9611387099,75.0
6134,CRS3035RES1000mN2029000E3174000,9712656915,63.0
6135,CRS3035RES1000mN2029000E3174000,9713142744,56.0
6136,CRS3035RES1000mN2029000E3174000,9815746657,99.0
6137,CRS3035RES1000mN2029000E3174000,10004871512,56.0
6138,CRS3035RES1000mN2029000E3174000,10281174134,
6139,CRS3035RES1000mN2029000E3174000,10580337411,60.0
6140,CRS3035RES1000mN2029000E3174000,10899442604,110.0
6141,CRS3035RES1000mN2029000E3174000,10922657146,107.0
6142,CRS3035RES1000mN2029000E3174000,11127499928,80.0
6143,CRS3035RES1000mN2029000E3174000,11143725881,77.0
6144,CRS3035RES1000mN2029000E3174000,11243087140,79.0
6145,CRS3035RES1000mN2029000E3174000,11269399969,78.0
6146,CRS3035RES1000mN2029000E3174000,11287269362,60.0
6147,CRS3035RES1000mN2029000E3174000,11287269363,68.0
6148,CRS3035RES1000mN2029000E3174000,11369705764,66.0
6149,CRS3035RES1000mN2029000E3174000,11387776374,68.0
6150,CRS3035RES1000mN2029000E3174000,11461799040,
6151,CRS3035RES1000mN2029000E3174000,11462802981,52.0
6152,CRS3035RES1000mN2029000E3174000,11652077658,83.0
6153,CRS3035RES1000mN2029000E3174000,11691390164,63.0
6154,CRS3035RES1000mN2029000E3174000,11739757462,91.0
6155,CRS3035RES1000mN2029000E3174000,12178446726,85.0
6156,CRS3035RES1000mN2029000E3174000,12407425114,98.0
6157,CRS3035RES1000mN2029000E3174000,12865480228,57.0
6158,CRS3035RES1000mN2029000E3174000,2960630,105.0
6159,CRS3035RES1000mN2029000E3174000,3554044,108.0
6160,CRS3035RES1000mN2029000E3174000,3557906,96.0
6161,CRS3035RES1000mN2029000E3174000,5231361,71.0
6162,CRS3035RES1000mN2029000E3174000,9314566,76.0
6163,CRS3035RES1000mN2029000E3174000,13696257,98.0
6164,CRS3035RES1000mN2029000E3174000,15996131,72.0
6165,CRS3035RES1000mN2029000E3174000,23526191,58.0
6166,CRS3035RES1000mN2029000E3174000,23545719,69.0
6167,CRS3035RES1000mN2029000E3174000,30599279,99.0
6168,CRS3035RES1000mN2029000E3174000,30649229,70.0
6169,CRS3035RES1000mN2029000E3174000,32198651,
6170,CRS3035RES1000mN2029000E3174000,34945111,98.0
6171,CRS3035RES1000mN2029000E3174000,50170625,71.0
6172,CRS3035RES1000mN2029000E3174000,82887228,93.0
6173,CRS3035RES1000mN2029000E3174000,92484952,92.0
6174,CRS3035RES1000mN2029000E3174000,95794713,68.0
6175,CRS3035RES1000mN2029000E3174000,96418670,114.0
6176,CRS3035RES1000mN2029000E3174000,98502686,79.0
6177,CRS3035RES1000mN2029000E3174000,132613257,59.0
6178,CRS3035RES1000mN2029000E3174000,135036040,42.0
6179,CRS3035RES1000mN2029000E3174000,150772489,68.0
6180,CRS3035RES1000mN2029000E3174000,154118456,86.0
6181,CRS3035RES1000mN2029000E3174000,157375776,74.0
6182,CRS3035RES1000mN2029000E3174000,158211204,101.0
6183,CRS3035RES1000mN2029000E3174000,162072415,97.0
6184,CRS3035RES1000mN2029000E3174000,162117720,91.0
6185,CRS3035RES1000mN2029000E3174000,170487273,72.0
6186,CRS3035RES1000mN2029000E3174000,172686062,103.0
6187,CRS3035RES1000mN2029000E3174000,174318235,109.0
6188,CRS3035RES1000mN2029000E3174000,174318237,106.0
6189,CRS3035RES1000mN2029000E3174000,205060159,119.0
6190,CRS3035RES1000mN2029000E3174000,205757163,
6191,CRS3035RES1000mN2029000E3174000,221095520,59.0
6192,CRS3035RES1000mN2029000E3174000,224503374,56.0
6193,CRS3035RES1000mN2029000E3174000,227333462,87.0
6194,CRS3035RES1000mN2029000E3174000,229117454,76.0
6195,CRS3035RES1000mN2029000E3174000,261460389,
6196,CRS3035RES1000mN2029000E3174000,283450022,61.0
6197,CRS3035RES1000mN2029000E3174000,288994040,68.0
6198,CRS3035RES1000mN2029000E3174000,296744564,71.0
6199,CRS3035RES1000mN2029000E3174000,297526406,78.0
6200,CRS3035RES1000mN2029000E3174000,300709861,
6201,CRS3035RES1000mN2029000E3174000,301444634,
6202,CRS3035RES1000mN2029000E3174000,302721609,103.0
6203,CRS3035RES1000mN2029000E3174000,308195630,110.0
6204,CRS3035RES1000mN2029000E3174000,312777902,76.0
6205,CRS3035RES1000mN2029000E3174000,330154630,
6206,CRS3035RES1000mN2029000E3174000,340205456,65.0
6207,CRS3035RES1000mN2029000E3174000,367883612,91.0
6208,CRS3035RES1000mN2029000E3174000,368211943,92.0
6209,CRS3035RES1000mN2029000E3174000,374180360,63.0
6210,CRS3035RES1000mN2029000E3174000,375369499,80.0
6211,CRS3035RES1000mN2029000E3174000,383494544,68.0
6212,CRS3035RES1000mN2029000E3174000,384574591,97.0
6213,CRS3035RES1000mN2029000E3174000,403538322,80.0
6214,CRS3035RES1000mN2029000E3174000,403859503,63.0
6215,CRS3035RES1000mN2029000E3174000,437050442,108.0
6216,CRS3035RES1000mN2029000E3174000,459881697,88.0
6217,CRS3035RES1000mN2029000E3174000,477278425,109.0
6218,CRS3035RES1000mN2029000E3174000,486879235,
6219,CRS3035RES1000mN2029000E3174000,493748377,91.0
6220,CRS3035RES1000mN2029000E3174000,498234201,106.0
6221,CRS3035RES1000mN2029000E3174000,504315026,58.0
6222,CRS3035RES1000mN2029000E3174000,548701490,
6223,CRS3035RES1000mN2029000E3174000,574210084,92.0
6224,CRS3035RES1000mN2029000E3174000,576094143,98.0
6225,CRS3035RES1000mN2029000E3174000,584409067,81.0
6226,CRS3035RES1000mN2029000E3174000,635512756,78.0
6227,CRS3035RES1000mN2029000E3174000,638492224,66.0
6228,CRS3035RES1000mN2029000E3174000,653913062,83.0
6229,CRS3035RES1000mN2029000E3174000,659866770,78.0
6230,CRS3035RES1000mN2029000E3174000,697717972,103.0
6231,CRS3035RES1000mN2029000E3174000,717194862,103.0
6232,CRS3035RES1000mN2029000E3174000,736899303,
6233,CRS3035RES1000mN2029000E3174000,738042217,107.0
6234,CRS3035RES1000mN2029000E3174000,839611983,115.0
6235,CRS3035RES1000mN2029000E3174000,957893520,61.0
6236,CRS3035RES1000mN2029000E3174000,963308110,52.0
6237,CRS3035RES1000mN2029000E3174000,1073283182,95.0
6238,CRS3035RES1000mN2029000E3174000,1252864015,53.0
6239,CRS3035RES1000mN2029000E3174000,1283203658,
6240,CRS3035RES1000mN2029000E3175000,25526,104.0
6241,CRS3035RES1000mN2029000E3175000,1774,74.0
6242,CRS3035RES1000mN2029000E3175000,1770,85.0
6243,CRS3035RES1000mN2029000E3175000,1773,81.0
6244,CRS3035RES1000mN2029000E3175000,1771,79.0
6245,CRS3035RES1000mN2029000E3175000,123303,93.0
6246,CRS3035RES1000mN2029000E3175000,1764,73.0
6247,CRS3035RES1000mN2029000E3175000,181101,72.0
6248,CRS3035RES1000mN2029000E3175000,5765642,99.0
6249,CRS3035RES1000mN2029000E3175000,86719,102.0
6250,CRS3035RES1000mN2029000E3175000,1800,76.0
6251,CRS3035RES1000mN2029000E3175000,1757,93.0
6252,CRS3035RES1000mN2029000E3175000,1755,93.0
6253,CRS3035RES1000mN2029000E3175000,1882,79.0
6254,CRS3035RES1000mN2029000E3175000,1745,60.0
6255,CRS3035RES1000mN2029000E3175000,1794,67.0
6256,CRS3035RES1000mN2029000E3175000,1762,65.0
6257,CRS3035RES1000mN2029000E3175000,51188,76.0
6258,CRS3035RES1000mN2029000E3175000,6893633,69.0
6259,CRS3035RES1000mN2029000E3175000,167128,68.0
6260,CRS3035RES1000mN2029000E3175000,1760,69.0
6261,CRS3035RES1000mN2029000E3175000,12773298,93.0
6262,CRS3035RES1000mN2029000E3175000,1754,98.0
6263,CRS3035RES1000mN2029000E3175000,1748,71.0
6264,CRS3035RES1000mN2029000E3175000,79941,61.0
6265,CRS3035RES1000mN2029000E3175000,1750,79.0
6266,CRS3035RES1000mN2029000E3175000,5975465,82.0
6267,CRS3035RES1000mN2029000E3175000,115056,71.0
6268,CRS3035RES1000mN2029000E3175000,1790,84.0
6269,CRS3035RES1000mN2029000E3175000,1756,94.0
6270,CRS3035RES1000mN2029000E3175000,51849,78.0
6271,CRS3035RES1000mN2029000E3175000,185595,76.0
6272,CRS3035RES1000mN2029000E3175000,7697128,74.0
6273,CRS3035RES1000mN2029000E3175000,10395362,93.0
6274,CRS3035RES1000mN2029000E3175000,1759,75.0
6275,CRS3035RES1000mN2029000E3175000,1752,72.0
6276,CRS3035RES1000mN2029000E3175000,186714,71.0
6277,CRS3035RES1000mN2029000E3175000,1753,78.0
6278,CRS3035RES1000mN2029000E3175000,1792,73.0
6279,CRS3035RES1000mN2029000E3175000,1763,92.0
6280,CRS3035RES1000mN2029000E3175000,1746,78.0
6281,CRS3035RES1000mN2029000E3175000,11572165,92.0
6282,CRS3035RES1000mN2029000E3175000,1761,79.0
6283,CRS3035RES1000mN2029000E3175000,1747,66.0
6284,CRS3035RES1000mN2029000E3175000,5768564,96.0
6285,CRS3035RES1000mN2029000E3175000,1798,81.0
6286,CRS3035RES1000mN2029000E3175000,66904,84.0
6287,CRS3035RES1000mN2029000E3175000,1777,67.0
6288,CRS3035RES1000mN2029000E3175000,1765,68.0
6289,CRS3035RES1000mN2029000E3175000,49416,79.0
6290,CRS3035RES1000mN2029000E3175000,12734939,79.0
6291,CRS3035RES1000mN2029000E3175000,167386167,72.0
6292,CRS3035RES1000mN2029000E3175000,295933804,97.0
6293,CRS3035RES1000mN2029000E3175000,303340017,102.0
6294,CRS3035RES1000mN2029000E3175000,315355551,114.0
6295,CRS3035RES1000mN2029000E3175000,339084977,85.0
6296,CRS3035RES1000mN2029000E3175000,412911553,78.0
6297,CRS3035RES1000mN2029000E3175000,558126037,108.0
6298,CRS3035RES1000mN2029000E3175000,711789768,
6299,CRS3035RES1000mN2029000E3175000,727666062,
6300,CRS3035RES1000mN2029000E3175000,848085869,112.0
6301,CRS3035RES1000mN2029000E3175000,1056098898,81.0
6302,CRS3035RES1000mN2029000E3175000,1255438242,87.0
6303,CRS3035RES1000mN2029000E3175000,1469985039,64.0
6304,CRS3035RES1000mN2029000E3175000,1504302537,93.0
6305,CRS3035RES1000mN2029000E3175000,1511617504,
6306,CRS3035RES1000mN2029000E3175000,1541601287,108.0
6307,CRS3035RES1000mN2029000E3175000,1544591296,87.0
6308,CRS3035RES1000mN2029000E3175000,1598174183,62.0
6309,CRS3035RES1000mN2029000E3175000,1629887846,63.0
6310,CRS3035RES1000mN2029000E3175000,1686660176,72.0
6311,CRS3035RES1000mN2029000E3175000,1716927336,
6312,CRS3035RES1000mN2029000E3175000,1734554324,83.0
6313,CRS3035RES1000mN2029000E3175000,1849109335,104.0
6314,CRS3035RES1000mN2029000E3175000,2028408680,
6315,CRS3035RES1000mN2029000E3175000,2036887702,
6316,CRS3035RES1000mN2029000E3175000,2061404218,92.0
6317,CRS3035RES1000mN2029000E3175000,2134238030,79.0
6318,CRS3035RES1000mN2029000E3175000,2261600754,
6319,CRS3035RES1000mN2029000E3175000,2301402027,76.0
6320,CRS3035RES1000mN2029000E3175000,2303966810,
6321,CRS3035RES1000mN2029000E3175000,2312029862,64.0
6322,CRS3035RES1000mN2029000E3175000,2408860250,119.0
6323,CRS3035RES1000mN2029000E3175000,2620185829,78.0
6324,CRS3035RES1000mN2029000E3175000,2622508931,80.0
6325,CRS3035RES1000mN2029000E3175000,2672130951,
6326,CRS3035RES1000mN2029000E3175000,2710518818,83.0
6327,CRS3035RES1000mN2029000E3175000,3034026261,
6328,CRS3035RES1000mN2029000E3175000,3179889751,98.0
6329,CRS3035RES1000mN2029000E3175000,3206611978,
6330,CRS3035RES1000mN2029000E3175000,3272828439,
6331,CRS3035RES1000mN2029000E3175000,3452364276,72.0
6332,CRS3035RES1000mN2029000E3175000,3452364277,69.0
6333,CRS3035RES1000mN2029000E3175000,3495733197,
6334,CRS3035RES1000mN2029000E3175000,3497154853,
6335,CRS3035RES1000mN2029000E3175000,3517755445,
6336,CRS3035RES1000mN2029000E3175000,3522125657,
6337,CRS3035RES1000mN2029000E3175000,3526751794,
6338,CRS3035RES1000mN2029000E3175000,3839306060,67.0
6339,CRS3035RES1000mN2029000E3175000,4214697664,87.0
6340,CRS3035RES1000mN2029000E3175000,4338252586,
6341,CRS3035RES1000mN2029000E3175000,4401271633,
6342,CRS3035RES1000mN2029000E3175000,4515476768,
6343,CRS3035RES1000mN2029000E3175000,4569910891,75.0
6344,CRS3035RES1000mN2029000E3175000,4703730491,113.0
6345,CRS3035RES1000mN2029000E3175000,4707870392,108.0
6346,CRS3035RES1000mN2029000E3175000,4789037769,
6347,CRS3035RES1000mN2029000E3175000,4794233143,
6348,CRS3035RES1000mN2029000E3175000,4870405674,97.0
6349,CRS3035RES1000mN2029000E3175000,5139379922,
6350,CRS3035RES1000mN2029000E3175000,5160337425,77.0
6351,CRS3035RES1000mN2029000E3175000,5196199575,114.0
6352,CRS3035RES1000mN2029000E3175000,5341570554,76.0
6353,CRS3035RES1000mN2029000E3175000,5345949864,80.0
6354,CRS3035RES1000mN2029000E3175000,5448507385,
6355,CRS3035RES1000mN2029000E3175000,5604693894,
6356,CRS3035RES1000mN2029000E3175000,5670401989,
6357,CRS3035RES1000mN2029000E3175000,5942671299,86.0
6358,CRS3035RES1000mN2029000E3175000,5943980960,
6359,CRS3035RES1000mN2029000E3175000,6185791451,
6360,CRS3035RES1000mN2029000E3175000,6188948286,76.0
6361,CRS3035RES1000mN2029000E3175000,6555800191,
6362,CRS3035RES1000mN2029000E3175000,6885254479,84.0
6363,CRS3035RES1000mN2029000E3175000,7222611268,119.0
6364,CRS3035RES1000mN2029000E3175000,7408961006,113.0
6365,CRS3035RES1000mN2029000E3175000,7619964683,
6366,CRS3035RES1000mN2029000E3175000,7836562695,102.0
6367,CRS3035RES1000mN2029000E3175000,8493729364,82.0
6368,CRS3035RES1000mN2029000E3175000,8557885377,
6369,CRS3035RES1000mN2029000E3175000,8807212208,68.0
6370,CRS3035RES1000mN2029000E3175000,8844229173,77.0
6371,CRS3035RES1000mN2029000E3175000,8878422600,100.0
6372,CRS3035RES1000mN2029000E3175000,9595709188,76.0
6373,CRS3035RES1000mN2029000E3175000,9611387099,88.0
6374,CRS3035RES1000mN2029000E3175000,9712656915,77.0
6375,CRS3035RES1000mN2029000E3175000,9713142744,70.0
6376,CRS3035RES1000mN2029000E3175000,9815746657,103.0
6377,CRS3035RES1000mN2029000E3175000,10004871512,65.0
6378,CRS3035RES1000mN2029000E3175000,10281174134,
6379,CRS3035RES1000mN2029000E3175000,10580337411,71.0
6380,CRS3035RES1000mN2029000E3175000,10899442604,
6381,CRS3035RES1000mN2029000E3175000,10922657146,
6382,CRS3035RES1000mN2029000E3175000,11127499928,82.0
6383,CRS3035RES1000mN2029000E3175000,11143725881,99.0
6384,CRS3035RES1000mN2029000E3175000,11243087140,81.0
6385,CRS3035RES1000mN2029000E3175000,11269399969,92.0
6386,CRS3035RES1000mN2029000E3175000,11287269362,66.0
6387,CRS3035RES1000mN2029000E3175000,11287269363,83.0
6388,CRS3035RES1000mN2029000E3175000,11369705764,81.0
6389,CRS3035RES1000mN2029000E3175000,11387776374,79.0
6390,CRS3035RES1000mN2029000E3175000,11461799040,
6391,CRS3035RES1000mN2029000E3175000,11462802981,63.0
6392,CRS3035RES1000mN2029000E3175000,11652077658,103.0
6393,CRS3035RES1000mN2029000E3175000,11691390164,77.0
6394,CRS3035RES1000mN2029000E3175000,11739757462,102.0
6395,CRS3035RES1000mN2029000E3175000,12178446726,99.0
6396,CRS3035RES1000mN2029000E3175000,12407425114,98.0
6397,CRS3035RES1000mN2029000E3175000,12865480228,68.0
6398,CRS3035RES1000mN2029000E3175000,2960630,
6399,CRS3035RES1000mN2029000E3175000,3554044,
6400,CRS3035RES1000mN2029000E3175000,3557906,110.0
6401,CRS3035RES1000mN2029000E3175000,5231361,85.0
6402,CRS3035RES1000mN2029000E3175000,9314566,95.0
6403,CRS3035RES1000mN2029000E3175000,13696257,117.0
6404,CRS3035RES1000mN2029000E3175000,15996131,86.0
6405,CRS3035RES1000mN2029000E3175000,23526191,69.0
6406,CRS3035RES1000mN2029000E3175000,23545719,82.0
6407,CRS3035RES1000mN2029000E3175000,30599279,112.0
6408,CRS3035RES1000mN2029000E3175000,30649229,84.0
6409,CRS3035RES1000mN2029000E3175000,32198651,
6410,CRS3035RES1000mN2029000E3175000,34945111,111.0
6411,CRS3035RES1000mN2029000E3175000,50170625,85.0
6412,CRS3035RES1000mN2029000E3175000,82887228,107.0
6413,CRS3035RES1000mN2029000E3175000,92484952,113.0
6414,CRS3035RES1000mN2029000E3175000,95794713,79.0
6415,CRS3035RES1000mN2029000E3175000,96418670,
6416,CRS3035RES1000mN2029000E3175000,98502686,92.0
6417,CRS3035RES1000mN2029000E3175000,132613257,70.0
6418,CRS3035RES1000mN2029000E3175000,135036040,52.0
6419,CRS3035RES1000mN2029000E3175000,150772489,82.0
6420,CRS3035RES1000mN2029000E3175000,154118456,95.0
6421,CRS3035RES1000mN2029000E3175000,157375776,76.0
6422,CRS3035RES1000mN2029000E3175000,158211204,118.0
6423,CRS3035RES1000mN2029000E3175000,162072415,106.0
6424,CRS3035RES1000mN2029000E3175000,162117720,107.0
6425,CRS3035RES1000mN2029000E3175000,170487273,88.0
6426,CRS3035RES1000mN2029000E3175000,172686062,
6427,CRS3035RES1000mN2029000E3175000,174318235,115.0
6428,CRS3035RES1000mN2029000E3175000,174318237,117.0
6429,CRS3035RES1000mN2029000E3175000,205060159,119.0
6430,CRS3035RES1000mN2029000E3175000,205757163,
6431,CRS3035RES1000mN2029000E3175000,221095520,74.0
6432,CRS3035RES1000mN2029000E3175000,224503374,70.0
6433,CRS3035RES1000mN2029000E3175000,227333462,87.0
6434,CRS3035RES1000mN2029000E3175000,229117454,98.0
6435,CRS3035RES1000mN2029000E3175000,261460389,
6436,CRS3035RES1000mN2029000E3175000,283450022,75.0
6437,CRS3035RES1000mN2029000E3175000,288994040,81.0
6438,CRS3035RES1000mN2029000E3175000,296744564,85.0
6439,CRS3035RES1000mN2029000E3175000,297526406,80.0
6440,CRS3035RES1000mN2029000E3175000,300709861,
6441,CRS3035RES1000mN2029000E3175000,301444634,
6442,CRS3035RES1000mN2029000E3175000,302721609,
6443,CRS3035RES1000mN2029000E3175000,308195630,
6444,CRS3035RES1000mN2029000E3175000,312777902,90.0
6445,CRS3035RES1000mN2029000E3175000,330154630,
6446,CRS3035RES1000mN2029000E3175000,340205456,80.0
6447,CRS3035RES1000mN2029000E3175000,367883612,105.0
6448,CRS3035RES1000mN2029000E3175000,368211943,106.0
6449,CRS3035RES1000mN2029000E3175000,374180360,70.0
6450,CRS3035RES1000mN2029000E3175000,375369499,89.0
6451,CRS3035RES1000mN2029000E3175000,383494544,82.0
6452,CRS3035RES1000mN2029000E3175000,384574591,108.0
6453,CRS3035RES1000mN2029000E3175000,403538322,85.0
6454,CRS3035RES1000mN2029000E3175000,403859503,78.0
6455,CRS3035RES1000mN2029000E3175000,437050442,119.0
6456,CRS3035RES1000mN2029000E3175000,459881697,88.0
6457,CRS3035RES1000mN2029000E3175000,477278425,109.0
6458,CRS3035RES1000mN2029000E3175000,486879235,
6459,CRS3035RES1000mN2029000E3175000,493748377,103.0
6460,CRS3035RES1000mN2029000E3175000,498234201,117.0
6461,CRS3035RES1000mN2029000E3175000,504315026,69.0
6462,CRS3035RES1000mN2029000E3175000,548701490,
6463,CRS3035RES1000mN2029000E3175000,574210084,118.0
6464,CRS3035RES1000mN2029000E3175000,576094143,109.0
6465,CRS3035RES1000mN2029000E3175000,584409067,88.0
6466,CRS3035RES1000mN2029000E3175000,635512756,82.0
6467,CRS3035RES1000mN2029000E3175000,638492224,80.0
6468,CRS3035RES1000mN2029000E3175000,653913062,85.0
6469,CRS3035RES1000mN2029000E3175000,659866770,
6470,CRS3035RES1000mN2029000E3175000,697717972,118.0
6471,CRS3035RES1000mN2029000E3175000,717194862,
6472,CRS3035RES1000mN2029000E3175000,736899303,
6473,CRS3035RES1000mN2029000E3175000,738042217,
6474,CRS3035RES1000mN2029000E3175000,839611983,
6475,CRS3035RES1000mN2029000E3175000,957893520,75.0
6476,CRS3035RES1000mN2029000E3175000,963308110,63.0
6477,CRS3035RES1000mN2029000E3175000,1073283182,
6478,CRS3035RES1000mN2029000E3175000,1252864015,62.0
6479,CRS3035RES1000mN2029000E3175000,1283203658,
6480,CRS3035RES1000mN2029000E3176000,25526,101.0
6481,CRS3035RES1000mN2029000E3176000,1774,71.0
6482,CRS3035RES1000mN2029000E3176000,1770,81.0
6483,CRS3035RES1000mN2029000E3176000,1773,81.0
6484,CRS3035RES1000mN2029000E3176000,1771,76.0
6485,CRS3035RES1000mN2029000E3176000,123303,90.0
6486,CRS3035RES1000mN2029000E3176000,1764,70.0
6487,CRS3035RES1000mN2029000E3176000,181101,74.0
6488,CRS3035RES1000mN2029000E3176000,5765642,96.0
6489,CRS3035RES1000mN2029000E3176000,86719,97.0
6490,CRS3035RES1000mN2029000E3176000,1800,77.0
6491,CRS3035RES1000mN2029000E3176000,1757,89.0
6492,CRS3035RES1000mN2029000E3176000,1755,91.0
6493,CRS3035RES1000mN2029000E3176000,1882,76.0
6494,CRS3035RES1000mN2029000E3176000,1745,57.0
6495,CRS3035RES1000mN2029000E3176000,1794,64.0
6496,CRS3035RES1000mN2029000E3176000,1762,62.0
6497,CRS3035RES1000mN2029000E3176000,51188,73.0
6498,CRS3035RES1000mN2029000E3176000,6893633,66.0
6499,CRS3035RES1000mN2029000E3176000,167128,69.0
6500,CRS3035RES1000mN2029000E3176000,1760,65.0
6501,CRS3035RES1000mN2029000E3176000,12773298,95.0
6502,CRS3035RES1000mN2029000E3176000,1754,94.0
6503,CRS3035RES1000mN2029000E3176000,1748,72.0
6504,CRS3035RES1000mN2029000E3176000,79941,59.0
6505,CRS3035RES1000mN2029000E3176000,1750,75.0
6506,CRS3035RES1000mN2029000E3176000,5975465,80.0
6507,CRS3035RES1000mN2029000E3176000,115056,67.0
6508,CRS3035RES1000mN2029000E3176000,1790,81.0
6509,CRS3035RES1000mN2029000E3176000,1756,91.0
6510,CRS3035RES1000mN2029000E3176000,51849,74.0
6511,CRS3035RES1000mN2029000E3176000,185595,72.0
6512,CRS3035RES1000mN2029000E3176000,7697128,71.0
6513,CRS3035RES1000mN2029000E3176000,10395362,91.0
6514,CRS3035RES1000mN2029000E3176000,1759,72.0
6515,CRS3035RES1000mN2029000E3176000,1752,69.0
6516,CRS3035RES1000mN2029000E3176000,186714,68.0
6517,CRS3035RES1000mN2029000E3176000,1753,79.0
6518,CRS3035RES1000mN2029000E3176000,1792,75.0
6519,CRS3035RES1000mN2029000E3176000,1763,89.0
6520,CRS3035RES1000mN2029000E3176000,1746,75.0
6521,CRS3035RES1000mN2029000E3176000,11572165,90.0
6522,CRS3035RES1000mN2029000E3176000,1761,79.0
6523,CRS3035RES1000mN2029000E3176000,1747,67.0
6524,CRS3035RES1000mN2029000E3176000,5768564,92.0
6525,CRS3035RES1000mN2029000E3176000,1798,78.0
6526,CRS3035RES1000mN2029000E3176000,66904,81.0
6527,CRS3035RES1000mN2029000E3176000,1777,64.0
6528,CRS3035RES1000mN2029000E3176000,1765,65.0
6529,CRS3035RES1000mN2029000E3176000,49416,80.0
6530,CRS3035RES1000mN2029000E3176000,12734939,80.0
6531,CRS3035RES1000mN2029000E3176000,167386167,69.0
6532,CRS3035RES1000mN2029000E3176000,295933804,96.0
6533,CRS3035RES1000mN2029000E3176000,303340017,101.0
6534,CRS3035RES1000mN2029000E3176000,315355551,112.0
6535,CRS3035RES1000mN2029000E3176000,339084977,83.0
6536,CRS3035RES1000mN2029000E3176000,412911553,75.0
6537,CRS3035RES1000mN2029000E3176000,558126037,104.0
6538,CRS3035RES1000mN2029000E3176000,711789768,
6539,CRS3035RES1000mN2029000E3176000,727666062,
6540,CRS3035RES1000mN2029000E3176000,848085869,110.0
6541,CRS3035RES1000mN2029000E3176000,1056098898,78.0
6542,CRS3035RES1000mN2029000E3176000,1255438242,63.0
6543,CRS3035RES1000mN2029000E3176000,1469985039,61.0
6544,CRS3035RES1000mN2029000E3176000,1504302537,93.0
6545,CRS3035RES1000mN2029000E3176000,1511617504,
6546,CRS3035RES1000mN2029000E3176000,1541601287,105.0
6547,CRS3035RES1000mN2029000E3176000,1544591296,82.0
6548,CRS3035RES1000mN2029000E3176000,1598174183,49.0
6549,CRS3035RES1000mN2029000E3176000,1629887846,52.0
6550,CRS3035RES1000mN2029000E3176000,1686660176,69.0
6551,CRS3035RES1000mN2029000E3176000,1716927336,107.0
6552,CRS3035RES1000mN2029000E3176000,1734554324,79.0
6553,CRS3035RES1000mN2029000E3176000,1849109335,103.0
6554,CRS3035RES1000mN2029000E3176000,2028408680,
6555,CRS3035RES1000mN2029000E3176000,2036887702,
6556,CRS3035RES1000mN2029000E3176000,2061404218,88.0
6557,CRS3035RES1000mN2029000E3176000,2134238030,76.0
6558,CRS3035RES1000mN2029000E3176000,2261600754,
6559,CRS3035RES1000mN2029000E3176000,2301402027,65.0
6560,CRS3035RES1000mN2029000E3176000,2303966810,
6561,CRS3035RES1000mN2029000E3176000,2312029862,51.0
6562,CRS3035RES1000mN2029000E3176000,2408860250,118.0
6563,CRS3035RES1000mN2029000E3176000,2620185829,75.0
6564,CRS3035RES1000mN2029000E3176000,2622508931,76.0
6565,CRS3035RES1000mN2029000E3176000,2672130951,
6566,CRS3035RES1000mN2029000E3176000,2710518818,83.0
6567,CRS3035RES1000mN2029000E3176000,3034026261,
6568,CRS3035RES1000mN2029000E3176000,3179889751,85.0
6569,CRS3035RES1000mN2029000E3176000,3206611978,
6570,CRS3035RES1000mN2029000E3176000,3272828439,
6571,CRS3035RES1000mN2029000E3176000,3452364276,68.0
6572,CRS3035RES1000mN2029000E3176000,3452364277,66.0
6573,CRS3035RES1000mN2029000E3176000,3495733197,
6574,CRS3035RES1000mN2029000E3176000,3497154853,
6575,CRS3035RES1000mN2029000E3176000,3517755445,
6576,CRS3035RES1000mN2029000E3176000,3522125657,
6577,CRS3035RES1000mN2029000E3176000,3526751794,
6578,CRS3035RES1000mN2029000E3176000,3839306060,59.0
6579,CRS3035RES1000mN2029000E3176000,4214697664,84.0
6580,CRS3035RES1000mN2029000E3176000,4338252586,
6581,CRS3035RES1000mN2029000E3176000,4401271633,
6582,CRS3035RES1000mN2029000E3176000,4515476768,
6583,CRS3035RES1000mN2029000E3176000,4569910891,73.0
6584,CRS3035RES1000mN2029000E3176000,4703730491,111.0
6585,CRS3035RES1000mN2029000E3176000,4707870392,107.0
6586,CRS3035RES1000mN2029000E3176000,4789037769,
6587,CRS3035RES1000mN2029000E3176000,4794233143,
6588,CRS3035RES1000mN2029000E3176000,4870405674,93.0
6589,CRS3035RES1000mN2029000E3176000,5139379922,
6590,CRS3035RES1000mN2029000E3176000,5160337425,74.0
6591,CRS3035RES1000mN2029000E3176000,5196199575,111.0
6592,CRS3035RES1000mN2029000E3176000,5341570554,72.0
6593,CRS3035RES1000mN2029000E3176000,5345949864,80.0
6594,CRS3035RES1000mN2029000E3176000,5448507385,
6595,CRS3035RES1000mN2029000E3176000,5604693894,
6596,CRS3035RES1000mN2029000E3176000,5670401989,
6597,CRS3035RES1000mN2029000E3176000,5942671299,86.0
6598,CRS3035RES1000mN2029000E3176000,5943980960,113.0
6599,CRS3035RES1000mN2029000E3176000,6185791451,
6600,CRS3035RES1000mN2029000E3176000,6188948286,78.0
6601,CRS3035RES1000mN2029000E3176000,6555800191,113.0
6602,CRS3035RES1000mN2029000E3176000,6885254479,81.0
6603,CRS3035RES1000mN2029000E3176000,7222611268,95.0
6604,CRS3035RES1000mN2029000E3176000,7408961006,113.0
6605,CRS3035RES1000mN2029000E3176000,7619964683,
6606,CRS3035RES1000mN2029000E3176000,7836562695,99.0
6607,CRS3035RES1000mN2029000E3176000,8493729364,81.0
6608,CRS3035RES1000mN2029000E3176000,8557885377,
6609,CRS3035RES1000mN2029000E3176000,8807212208,64.0
6610,CRS3035RES1000mN2029000E3176000,8844229173,73.0
6611,CRS3035RES1000mN2029000E3176000,8878422600,99.0
6612,CRS3035RES1000mN2029000E3176000,9595709188,72.0
6613,CRS3035RES1000mN2029000E3176000,9611387099,86.0
6614,CRS3035RES1000mN2029000E3176000,9712656915,75.0
6615,CRS3035RES1000mN2029000E3176000,9713142744,67.0
6616,CRS3035RES1000mN2029000E3176000,9815746657,
6617,CRS3035RES1000mN2029000E3176000,10004871512,52.0
6618,CRS3035RES1000mN2029000E3176000,10281174134,
6619,CRS3035RES1000mN2029000E3176000,10580337411,63.0
6620,CRS3035RES1000mN2029000E3176000,10899442604,
6621,CRS3035RES1000mN2029000E3176000,10922657146,
6622,CRS3035RES1000mN2029000E3176000,11127499928,79.0
6623,CRS3035RES1000mN2029000E3176000,11143725881,97.0
6624,CRS3035RES1000mN2029000E3176000,11243087140,78.0
6625,CRS3035RES1000mN2029000E3176000,11269399969,89.0
6626,CRS3035RES1000mN2029000E3176000,11287269362,54.0
6627,CRS3035RES1000mN2029000E3176000,11287269363,68.0
6628,CRS3035RES1000mN2029000E3176000,11369705764,78.0
6629,CRS3035RES1000mN2029000E3176000,11387776374,81.0
6630,CRS3035RES1000mN2029000E3176000,11461799040,
6631,CRS3035RES1000mN2029000E3176000,11462802981,64.0
6632,CRS3035RES1000mN2029000E3176000,11652077658,101.0
6633,CRS3035RES1000mN2029000E3176000,11691390164,74.0
6634,CRS3035RES1000mN2029000E3176000,11739757462,104.0
6635,CRS3035RES1000mN2029000E3176000,12178446726,96.0
6636,CRS3035RES1000mN2029000E3176000,12407425114,97.0
6637,CRS3035RES1000mN2029000E3176000,12865480228,60.0
6638,CRS3035RES1000mN2029000E3176000,2960630,116.0
6639,CRS3035RES1000mN2029000E3176000,3554044,
6640,CRS3035RES1000mN2029000E3176000,3557906,111.0
6641,CRS3035RES1000mN2029000E3176000,5231361,82.0
6642,CRS3035RES1000mN2029000E3176000,9314566,97.0
6643,CRS3035RES1000mN2029000E3176000,13696257,108.0
6644,CRS3035RES1000mN2029000E3176000,15996131,83.0
6645,CRS3035RES1000mN2029000E3176000,23526191,66.0
6646,CRS3035RES1000mN2029000E3176000,23545719,79.0
6647,CRS3035RES1000mN2029000E3176000,30599279,108.0
6648,CRS3035RES1000mN2029000E3176000,30649229,80.0
6649,CRS3035RES1000mN2029000E3176000,32198651,
6650,CRS3035RES1000mN2029000E3176000,34945111,113.0
6651,CRS3035RES1000mN2029000E3176000,50170625,71.0
6652,CRS3035RES1000mN2029000E3176000,82887228,105.0
6653,CRS3035RES1000mN2029000E3176000,92484952,96.0
6654,CRS3035RES1000mN2029000E3176000,95794713,80.0
6655,CRS3035RES1000mN2029000E3176000,96418670,
6656,CRS3035RES1000mN2029000E3176000,98502686,89.0
6657,CRS3035RES1000mN2029000E3176000,132613257,72.0
6658,CRS3035RES1000mN2029000E3176000,135036040,52.0
6659,CRS3035RES1000mN2029000E3176000,150772489,79.0
6660,CRS3035RES1000mN2029000E3176000,154118456,93.0
6661,CRS3035RES1000mN2029000E3176000,157375776,73.0
6662,CRS3035RES1000mN2029000E3176000,158211204,112.0
6663,CRS3035RES1000mN2029000E3176000,162072415,101.0
6664,CRS3035RES1000mN2029000E3176000,162117720,106.0
6665,CRS3035RES1000mN2029000E3176000,170487273,92.0
6666,CRS3035RES1000mN2029000E3176000,172686062,114.0
6667,CRS3035RES1000mN2029000E3176000,174318235,113.0
6668,CRS3035RES1000mN2029000E3176000,174318237,117.0
6669,CRS3035RES1000mN2029000E3176000,205060159,118.0
6670,CRS3035RES1000mN2029000E3176000,205757163,
6671,CRS3035RES1000mN2029000E3176000,221095520,64.0
6672,CRS3035RES1000mN2029000E3176000,224503374,67.0
6673,CRS3035RES1000mN2029000E3176000,227333462,86.0
6674,CRS3035RES1000mN2029000E3176000,229117454,96.0
6675,CRS3035RES1000mN2029000E3176000,261460389,
6676,CRS3035RES1000mN2029000E3176000,283450022,72.0
6677,CRS3035RES1000mN2029000E3176000,288994040,80.0
6678,CRS3035RES1000mN2029000E3176000,296744564,71.0
6679,CRS3035RES1000mN2029000E3176000,297526406,78.0
6680,CRS3035RES1000mN2029000E3176000,300709861,
6681,CRS3035RES1000mN2029000E3176000,301444634,
6682,CRS3035RES1000mN2029000E3176000,302721609,118.0
6683,CRS3035RES1000mN2029000E3176000,308195630,
6684,CRS3035RES1000mN2029000E3176000,312777902,88.0
6685,CRS3035RES1000mN2029000E3176000,330154630,
6686,CRS3035RES1000mN2029000E3176000,340205456,77.0
6687,CRS3035RES1000mN2029000E3176000,367883612,103.0
6688,CRS3035RES1000mN2029000E3176000,368211943,104.0
6689,CRS3035RES1000mN2029000E3176000,374180360,66.0
6690,CRS3035RES1000mN2029000E3176000,375369499,87.0
6691,CRS3035RES1000mN2029000E3176000,383494544,79.0
6692,CRS3035RES1000mN2029000E3176000,384574591,110.0
6693,CRS3035RES1000mN2029000E3176000,403538322,67.0
6694,CRS3035RES1000mN2029000E3176000,403859503,75.0
6695,CRS3035RES1000mN2029000E3176000,437050442,
6696,CRS3035RES1000mN2029000E3176000,459881697,87.0
6697,CRS3035RES1000mN2029000E3176000,477278425,86.0
6698,CRS3035RES1000mN2029000E3176000,486879235,
6699,CRS3035RES1000mN2029000E3176000,493748377,101.0
6700,CRS3035RES1000mN2029000E3176000,498234201,119.0
6701,CRS3035RES1000mN2029000E3176000,504315026,61.0
6702,CRS3035RES1000mN2029000E3176000,548701490,
6703,CRS3035RES1000mN2029000E3176000,574210084,117.0
6704,CRS3035RES1000mN2029000E3176000,576094143,106.0
6705,CRS3035RES1000mN2029000E3176000,584409067,92.0
6706,CRS3035RES1000mN2029000E3176000,635512756,79.0
6707,CRS3035RES1000mN2029000E3176000,638492224,82.0
6708,CRS3035RES1000mN2029000E3176000,653913062,82.0
6709,CRS3035RES1000mN2029000E3176000,659866770,
6710,CRS3035RES1000mN2029000E3176000,697717972,114.0
6711,CRS3035RES1000mN2029000E3176000,717194862,
6712,CRS3035RES1000mN2029000E3176000,736899303,
6713,CRS3035RES1000mN2029000E3176000,738042217,
6714,CRS3035RES1000mN2029000E3176000,839611983,
6715,CRS3035RES1000mN2029000E3176000,957893520,72.0
6716,CRS3035RES1000mN2029000E3176000,963308110,53.0
6717,CRS3035RES1000mN2029000E3176000,1073283182,106.0
6718,CRS3035RES1000mN2029000E3176000,1252864015,49.0
6719,CRS3035RES1000mN2029000E3176000,1283203658,
6720,CRS3035RES1000mN2029000E3177000,25526,101.0
6721,CRS3035RES1000mN2029000E3177000,1774,72.0
6722,CRS3035RES1000mN2029000E3177000,1770,82.0
6723,CRS3035RES1000mN2029000E3177000,1773,71.0
6724,CRS3035RES1000mN2029000E3177000,1771,77.0
6725,CRS3035RES1000mN2029000E3177000,123303,91.0
6726,CRS3035RES1000mN2029000E3177000,1764,70.0
6727,CRS3035RES1000mN2029000E3177000,181101,61.0
6728,CRS3035RES1000mN2029000E3177000,5765642,97.0
6729,CRS3035RES1000mN2029000E3177000,86719,95.0
6730,CRS3035RES1000mN2029000E3177000,1800,65.0
6731,CRS3035RES1000mN2029000E3177000,1757,90.0
6732,CRS3035RES1000mN2029000E3177000,1755,91.0
6733,CRS3035RES1000mN2029000E3177000,1882,77.0
6734,CRS3035RES1000mN2029000E3177000,1745,54.0
6735,CRS3035RES1000mN2029000E3177000,1794,60.0
6736,CRS3035RES1000mN2029000E3177000,1762,63.0
6737,CRS3035RES1000mN2029000E3177000,51188,74.0
6738,CRS3035RES1000mN2029000E3177000,6893633,68.0
6739,CRS3035RES1000mN2029000E3177000,167128,56.0
6740,CRS3035RES1000mN2029000E3177000,1760,66.0
6741,CRS3035RES1000mN2029000E3177000,12773298,82.0
6742,CRS3035RES1000mN2029000E3177000,1754,94.0
6743,CRS3035RES1000mN2029000E3177000,1748,60.0
6744,CRS3035RES1000mN2029000E3177000,79941,58.0
6745,CRS3035RES1000mN2029000E3177000,1750,76.0
6746,CRS3035RES1000mN2029000E3177000,5975465,79.0
6747,CRS3035RES1000mN2029000E3177000,115056,65.0
6748,CRS3035RES1000mN2029000E3177000,1790,82.0
6749,CRS3035RES1000mN2029000E3177000,1756,92.0
6750,CRS3035RES1000mN2029000E3177000,51849,72.0
6751,CRS3035RES1000mN2029000E3177000,185595,73.0
6752,CRS3035RES1000mN2029000E3177000,7697128,71.0
6753,CRS3035RES1000mN2029000E3177000,10395362,91.0
6754,CRS3035RES1000mN2029000E3177000,1759,72.0
6755,CRS3035RES1000mN2029000E3177000,1752,64.0
6756,CRS3035RES1000mN2029000E3177000,186714,67.0
6757,CRS3035RES1000mN2029000E3177000,1753,67.0
6758,CRS3035RES1000mN2029000E3177000,1792,63.0
6759,CRS3035RES1000mN2029000E3177000,1763,88.0
6760,CRS3035RES1000mN2029000E3177000,1746,70.0
6761,CRS3035RES1000mN2029000E3177000,11572165,90.0
6762,CRS3035RES1000mN2029000E3177000,1761,68.0
6763,CRS3035RES1000mN2029000E3177000,1747,55.0
6764,CRS3035RES1000mN2029000E3177000,5768564,92.0
6765,CRS3035RES1000mN2029000E3177000,1798,78.0
6766,CRS3035RES1000mN2029000E3177000,66904,81.0
6767,CRS3035RES1000mN2029000E3177000,1777,65.0
6768,CRS3035RES1000mN2029000E3177000,1765,66.0
6769,CRS3035RES1000mN2029000E3177000,49416,68.0
6770,CRS3035RES1000mN2029000E3177000,12734939,68.0
6771,CRS3035RES1000mN2029000E3177000,167386167,70.0
6772,CRS3035RES1000mN2029000E3177000,295933804,97.0
6773,CRS3035RES1000mN2029000E3177000,303340017,102.0
6774,CRS3035RES1000mN2029000E3177000,315355551,113.0
6775,CRS3035RES1000mN2029000E3177000,339084977,79.0
6776,CRS3035RES1000mN2029000E3177000,412911553,76.0
6777,CRS3035RES1000mN2029000E3177000,558126037,105.0
6778,CRS3035RES1000mN2029000E3177000,711789768,
6779,CRS3035RES1000mN2029000E3177000,727666062,
6780,CRS3035RES1000mN2029000E3177000,848085869,110.0
6781,CRS3035RES1000mN2029000E3177000,1056098898,79.0
6782,CRS3035RES1000mN2029000E3177000,1255438242,63.0
6783,CRS3035RES1000mN2029000E3177000,1469985039,53.0
6784,CRS3035RES1000mN2029000E3177000,1504302537,93.0
6785,CRS3035RES1000mN2029000E3177000,1511617504,
6786,CRS3035RES1000mN2029000E3177000,1541601287,105.0
6787,CRS3035RES1000mN2029000E3177000,1544591296,84.0
6788,CRS3035RES1000mN2029000E3177000,1598174183,43.0
6789,CRS3035RES1000mN2029000E3177000,1629887846,42.0
6790,CRS3035RES1000mN2029000E3177000,1686660176,65.0
6791,CRS3035RES1000mN2029000E3177000,1716927336,100.0
6792,CRS3035RES1000mN2029000E3177000,1734554324,67.0
6793,CRS3035RES1000mN2029000E3177000,1849109335,104.0
6794,CRS3035RES1000mN2029000E3177000,2028408680,
6795,CRS3035RES1000mN2029000E3177000,2036887702,87.0
6796,CRS3035RES1000mN2029000E3177000,2061404218,89.0
6797,CRS3035RES1000mN2029000E3177000,2134238030,77.0
6798,CRS3035RES1000mN2029000E3177000,2261600754,
6799,CRS3035RES1000mN2029000E3177000,2301402027,66.0
6800,CRS3035RES1000mN2029000E3177000,2303966810,
6801,CRS3035RES1000mN2029000E3177000,2312029862,42.0
6802,CRS3035RES1000mN2029000E3177000,2408860250,119.0
6803,CRS3035RES1000mN2029000E3177000,2620185829,76.0
6804,CRS3035RES1000mN2029000E3177000,2622508931,77.0
6805,CRS3035RES1000mN2029000E3177000,2672130951,
6806,CRS3035RES1000mN2029000E3177000,2710518818,79.0
6807,CRS3035RES1000mN2029000E3177000,3034026261,
6808,CRS3035RES1000mN2029000E3177000,3179889751,85.0
6809,CRS3035RES1000mN2029000E3177000,3206611978,
6810,CRS3035RES1000mN2029000E3177000,3272828439,118.0
6811,CRS3035RES1000mN2029000E3177000,3452364276,65.0
6812,CRS3035RES1000mN2029000E3177000,3452364277,67.0
6813,CRS3035RES1000mN2029000E3177000,3495733197,
6814,CRS3035RES1000mN2029000E3177000,3497154853,
6815,CRS3035RES1000mN2029000E3177000,3517755445,
6816,CRS3035RES1000mN2029000E3177000,3522125657,
6817,CRS3035RES1000mN2029000E3177000,3526751794,
6818,CRS3035RES1000mN2029000E3177000,3839306060,60.0
6819,CRS3035RES1000mN2029000E3177000,4214697664,84.0
6820,CRS3035RES1000mN2029000E3177000,4338252586,
6821,CRS3035RES1000mN2029000E3177000,4401271633,
6822,CRS3035RES1000mN2029000E3177000,4515476768,
6823,CRS3035RES1000mN2029000E3177000,4569910891,74.0
6824,CRS3035RES1000mN2029000E3177000,4703730491,112.0
6825,CRS3035RES1000mN2029000E3177000,4707870392,108.0
6826,CRS3035RES1000mN2029000E3177000,4789037769,116.0
6827,CRS3035RES1000mN2029000E3177000,4794233143,
6828,CRS3035RES1000mN2029000E3177000,4870405674,94.0
6829,CRS3035RES1000mN2029000E3177000,5139379922,
6830,CRS3035RES1000mN2029000E3177000,5160337425,74.0
6831,CRS3035RES1000mN2029000E3177000,5196199575,111.0
6832,CRS3035RES1000mN2029000E3177000,5341570554,73.0
6833,CRS3035RES1000mN2029000E3177000,5345949864,80.0
6834,CRS3035RES1000mN2029000E3177000,5448507385,
6835,CRS3035RES1000mN2029000E3177000,5604693894,
6836,CRS3035RES1000mN2029000E3177000,5670401989,
6837,CRS3035RES1000mN2029000E3177000,5942671299,76.0
6838,CRS3035RES1000mN2029000E3177000,5943980960,115.0
6839,CRS3035RES1000mN2029000E3177000,6185791451,
6840,CRS3035RES1000mN2029000E3177000,6188948286,66.0
6841,CRS3035RES1000mN2029000E3177000,6555800191,115.0
6842,CRS3035RES1000mN2029000E3177000,6885254479,82.0
6843,CRS3035RES1000mN2029000E3177000,7222611268,84.0
6844,CRS3035RES1000mN2029000E3177000,7408961006,113.0
6845,CRS3035RES1000mN2029000E3177000,7619964683,
6846,CRS3035RES1000mN2029000E3177000,7836562695,100.0
6847,CRS3035RES1000mN2029000E3177000,8493729364,77.0
6848,CRS3035RES1000mN2029000E3177000,8557885377,
6849,CRS3035RES1000mN2029000E3177000,8807212208,65.0
6850,CRS3035RES1000mN2029000E3177000,8844229173,74.0
6851,CRS3035RES1000mN2029000E3177000,8878422600,100.0
6852,CRS3035RES1000mN2029000E3177000,9595709188,73.0
6853,CRS3035RES1000mN2029000E3177000,9611387099,79.0
6854,CRS3035RES1000mN2029000E3177000,9712656915,75.0
6855,CRS3035RES1000mN2029000E3177000,9713142744,68.0
6856,CRS3035RES1000mN2029000E3177000,9815746657,99.0
6857,CRS3035RES1000mN2029000E3177000,10004871512,44.0
6858,CRS3035RES1000mN2029000E3177000,10281174134,
6859,CRS3035RES1000mN2029000E3177000,10580337411,64.0
6860,CRS3035RES1000mN2029000E3177000,10899442604,113.0
6861,CRS3035RES1000mN2029000E3177000,10922657146,111.0
6862,CRS3035RES1000mN2029000E3177000,11127499928,80.0
6863,CRS3035RES1000mN2029000E3177000,11143725881,98.0
6864,CRS3035RES1000mN2029000E3177000,11243087140,79.0
6865,CRS3035RES1000mN2029000E3177000,11269399969,90.0
6866,CRS3035RES1000mN2029000E3177000,11287269362,49.0
6867,CRS3035RES1000mN2029000E3177000,11287269363,68.0
6868,CRS3035RES1000mN2029000E3177000,11369705764,79.0
6869,CRS3035RES1000mN2029000E3177000,11387776374,69.0
6870,CRS3035RES1000mN2029000E3177000,11461799040,
6871,CRS3035RES1000mN2029000E3177000,11462802981,52.0
6872,CRS3035RES1000mN2029000E3177000,11652077658,102.0
6873,CRS3035RES1000mN2029000E3177000,11691390164,75.0
6874,CRS3035RES1000mN2029000E3177000,11739757462,95.0
6875,CRS3035RES1000mN2029000E3177000,12178446726,97.0
6876,CRS3035RES1000mN2029000E3177000,12407425114,98.0
6877,CRS3035RES1000mN2029000E3177000,12865480228,61.0
6878,CRS3035RES1000mN2029000E3177000,2960630,117.0
6879,CRS3035RES1000mN2029000E3177000,3554044,
6880,CRS3035RES1000mN2029000E3177000,3557906,98.0
6881,CRS3035RES1000mN2029000E3177000,5231361,82.0
6882,CRS3035RES1000mN2029000E3177000,9314566,75.0
6883,CRS3035RES1000mN2029000E3177000,13696257,110.0
6884,CRS3035RES1000mN2029000E3177000,15996131,84.0
6885,CRS3035RES1000mN2029000E3177000,23526191,62.0
6886,CRS3035RES1000mN2029000E3177000,23545719,79.0
6887,CRS3035RES1000mN2029000E3177000,30599279,105.0
6888,CRS3035RES1000mN2029000E3177000,30649229,81.0
6889,CRS3035RES1000mN2029000E3177000,32198651,
6890,CRS3035RES1000mN2029000E3177000,34945111,101.0
6891,CRS3035RES1000mN2029000E3177000,50170625,71.0
6892,CRS3035RES1000mN2029000E3177000,82887228,106.0
6893,CRS3035RES1000mN2029000E3177000,92484952,98.0
6894,CRS3035RES1000mN2029000E3177000,95794713,68.0
6895,CRS3035RES1000mN2029000E3177000,96418670,117.0
6896,CRS3035RES1000mN2029000E3177000,98502686,90.0
6897,CRS3035RES1000mN2029000E3177000,132613257,59.0
6898,CRS3035RES1000mN2029000E3177000,135036040,51.0
6899,CRS3035RES1000mN2029000E3177000,150772489,80.0
6900,CRS3035RES1000mN2029000E3177000,154118456,94.0
6901,CRS3035RES1000mN2029000E3177000,157375776,74.0
6902,CRS3035RES1000mN2029000E3177000,158211204,113.0
6903,CRS3035RES1000mN2029000E3177000,162072415,96.0
6904,CRS3035RES1000mN2029000E3177000,162117720,107.0
6905,CRS3035RES1000mN2029000E3177000,170487273,91.0
6906,CRS3035RES1000mN2029000E3177000,172686062,115.0
6907,CRS3035RES1000mN2029000E3177000,174318235,113.0
6908,CRS3035RES1000mN2029000E3177000,174318237,109.0
6909,CRS3035RES1000mN2029000E3177000,205060159,119.0
6910,CRS3035RES1000mN2029000E3177000,205757163,
6911,CRS3035RES1000mN2029000E3177000,221095520,65.0
6912,CRS3035RES1000mN2029000E3177000,224503374,68.0
6913,CRS3035RES1000mN2029000E3177000,227333462,87.0
6914,CRS3035RES1000mN2029000E3177000,229117454,97.0
6915,CRS3035RES1000mN2029000E3177000,261460389,
6916,CRS3035RES1000mN2029000E3177000,283450022,72.0
6917,CRS3035RES1000mN2029000E3177000,288994040,72.0
6918,CRS3035RES1000mN2029000E3177000,296744564,71.0
6919,CRS3035RES1000mN2029000E3177000,297526406,78.0
6920,CRS3035RES1000mN2029000E3177000,300709861,
6921,CRS3035RES1000mN2029000E3177000,301444634,
6922,CRS3035RES1000mN2029000E3177000,302721609,106.0
6923,CRS3035RES1000mN2029000E3177000,308195630,
6924,CRS3035RES1000mN2029000E3177000,312777902,82.0
6925,CRS3035RES1000mN2029000E3177000,330154630,
6926,CRS3035RES1000mN2029000E3177000,340205456,77.0
6927,CRS3035RES1000mN2029000E3177000,367883612,104.0
6928,CRS3035RES1000mN2029000E3177000,368211943,105.0
6929,CRS3035RES1000mN2029000E3177000,374180360,60.0
6930,CRS3035RES1000mN2029000E3177000,375369499,88.0
6931,CRS3035RES1000mN2029000E3177000,383494544,80.0
6932,CRS3035RES1000mN2029000E3177000,384574591,99.0
6933,CRS3035RES1000mN2029000E3177000,403538322,54.0
6934,CRS3035RES1000mN2029000E3177000,403859503,76.0
6935,CRS3035RES1000mN2029000E3177000,437050442,112.0
6936,CRS3035RES1000mN2029000E3177000,459881697,88.0
6937,CRS3035RES1000mN2029000E3177000,477278425,74.0
6938,CRS3035RES1000mN2029000E3177000,486879235,
6939,CRS3035RES1000mN2029000E3177000,493748377,98.0
6940,CRS3035RES1000mN2029000E3177000,498234201,110.0
6941,CRS3035RES1000mN2029000E3177000,504315026,62.0
6942,CRS3035RES1000mN2029000E3177000,548701490,
6943,CRS3035RES1000mN2029000E3177000,574210084,118.0
6944,CRS3035RES1000mN2029000E3177000,576094143,106.0
6945,CRS3035RES1000mN2029000E3177000,584409067,82.0
6946,CRS3035RES1000mN2029000E3177000,635512756,80.0
6947,CRS3035RES1000mN2029000E3177000,638492224,81.0
6948,CRS3035RES1000mN2029000E3177000,653913062,83.0
6949,CRS3035RES1000mN2029000E3177000,659866770,
6950,CRS3035RES1000mN2029000E3177000,697717972,116.0
6951,CRS3035RES1000mN2029000E3177000,717194862,
6952,CRS3035RES1000mN2029000E3177000,736899303,
6953,CRS3035RES1000mN2029000E3177000,738042217,106.0
6954,CRS3035RES1000mN2029000E3177000,839611983,
6955,CRS3035RES1000mN2029000E3177000,957893520,73.0
6956,CRS3035RES1000mN2029000E3177000,963308110,52.0
6957,CRS3035RES1000mN2029000E3177000,1073283182,103.0
6958,CRS3035RES1000mN2029000E3177000,1252864015,43.0
6959,CRS3035RES1000mN2029000E3177000,1283203658,
6960,CRS3035RES1000mN2029000E3182000,25526,
6961,CRS3035RES1000mN2029000E3182000,1774,105.0
6962,CRS3035RES1000mN2029000E3182000,1770,118.0
6963,CRS3035RES1000mN2029000E3182000,1773,115.0
6964,CRS3035RES1000mN2029000E3182000,1771,111.0
6965,CRS3035RES1000mN2029000E3182000,123303,
6966,CRS3035RES1000mN2029000E3182000,1764,104.0
6967,CRS3035RES1000mN2029000E3182000,181101,
6968,CRS3035RES1000mN2029000E3182000,5765642,
6969,CRS3035RES1000mN2029000E3182000,86719,
6970,CRS3035RES1000mN2029000E3182000,1800,
6971,CRS3035RES1000mN2029000E3182000,1757,
6972,CRS3035RES1000mN2029000E3182000,1755,
6973,CRS3035RES1000mN2029000E3182000,1882,111.0
6974,CRS3035RES1000mN2029000E3182000,1745,95.0
6975,CRS3035RES1000mN2029000E3182000,1794,101.0
6976,CRS3035RES1000mN2029000E3182000,1762,97.0
6977,CRS3035RES1000mN2029000E3182000,51188,109.0
6978,CRS3035RES1000mN2029000E3182000,6893633,102.0
6979,CRS3035RES1000mN2029000E3182000,167128,111.0
6980,CRS3035RES1000mN2029000E3182000,1760,101.0
6981,CRS3035RES1000mN2029000E3182000,12773298,
6982,CRS3035RES1000mN2029000E3182000,1754,
6983,CRS3035RES1000mN2029000E3182000,1748,
6984,CRS3035RES1000mN2029000E3182000,79941,100.0
6985,CRS3035RES1000mN2029000E3182000,1750,111.0
6986,CRS3035RES1000mN2029000E3182000,5975465,114.0
6987,CRS3035RES1000mN2029000E3182000,115056,106.0
6988,CRS3035RES1000mN2029000E3182000,1790,117.0
6989,CRS3035RES1000mN2029000E3182000,1756,
6990,CRS3035RES1000mN2029000E3182000,51849,110.0
6991,CRS3035RES1000mN2029000E3182000,185595,106.0
6992,CRS3035RES1000mN2029000E3182000,7697128,105.0
6993,CRS3035RES1000mN2029000E3182000,10395362,
6994,CRS3035RES1000mN2029000E3182000,1759,107.0
6995,CRS3035RES1000mN2029000E3182000,1752,105.0
6996,CRS3035RES1000mN2029000E3182000,186714,103.0
6997,CRS3035RES1000mN2029000E3182000,1753,119.0
6998,CRS3035RES1000mN2029000E3182000,1792,
6999,CRS3035RES1000mN2029000E3182000,1763,
7000,CRS3035RES1000mN2029000E3182000,1746,113.0
7001,CRS3035RES1000mN2029000E3182000,11572165,
7002,CRS3035RES1000mN2029000E3182000,1761,114.0
7003,CRS3035RES1000mN2029000E3182000,1747,114.0
7004,CRS3035RES1000mN2029000E3182000,5768564,
7005,CRS3035RES1000mN2029000E3182000,1798,112.0
7006,CRS3035RES1000mN2029000E3182000,66904,116.0
7007,CRS3035RES1000mN2029000E3182000,1777,99.0
7008,CRS3035RES1000mN2029000E3182000,1765,100.0
7009,CRS3035RES1000mN2029000E3182000,49416,
7010,CRS3035RES1000mN2029000E3182000,12734939,
7011,CRS3035RES1000mN2029000E3182000,167386167,105.0
7012,CRS3035RES1000mN2029000E3182000,295933804,
7013,CRS3035RES1000mN2029000E3182000,303340017,117.0
7014,CRS3035RES1000mN2029000E3182000,315355551,
7015,CRS3035RES1000mN2029000E3182000,339084977,118.0
7016,CRS3035RES1000mN2029000E3182000,412911553,110.0
7017,CRS3035RES1000mN2029000E3182000,558126037,
7018,CRS3035RES1000mN2029000E3182000,711789768,
7019,CRS3035RES1000mN2029000E3182000,727666062,
7020,CRS3035RES1000mN2029000E3182000,848085869,
7021,CRS3035RES1000mN2029000E3182000,1056098898,112.0
7022,CRS3035RES1000mN2029000E3182000,1255438242,117.0
7023,CRS3035RES1000mN2029000E3182000,1469985039,113.0
7024,CRS3035RES1000mN2029000E3182000,1504302537,
7025,CRS3035RES1000mN2029000E3182000,1511617504,
7026,CRS3035RES1000mN2029000E3182000,1541601287,
7027,CRS3035RES1000mN2029000E3182000,1544591296,119.0
7028,CRS3035RES1000mN2029000E3182000,1598174183,94.0
7029,CRS3035RES1000mN2029000E3182000,1629887846,76.0
7030,CRS3035RES1000mN2029000E3182000,1686660176,106.0
7031,CRS3035RES1000mN2029000E3182000,1716927336,
7032,CRS3035RES1000mN2029000E3182000,1734554324,117.0
7033,CRS3035RES1000mN2029000E3182000,1849109335,
7034,CRS3035RES1000mN2029000E3182000,2028408680,
7035,CRS3035RES1000mN2029000E3182000,2036887702,
7036,CRS3035RES1000mN2029000E3182000,2061404218,
7037,CRS3035RES1000mN2029000E3182000,2134238030,112.0
7038,CRS3035RES1000mN2029000E3182000,2261600754,
7039,CRS3035RES1000mN2029000E3182000,2301402027,110.0
7040,CRS3035RES1000mN2029000E3182000,2303966810,
7041,CRS3035RES1000mN2029000E3182000,2312029862,93.0
7042,CRS3035RES1000mN2029000E3182000,2408860250,
7043,CRS3035RES1000mN2029000E3182000,2620185829,110.0
7044,CRS3035RES1000mN2029000E3182000,2622508931,110.0
7045,CRS3035RES1000mN2029000E3182000,2672130951,
7046,CRS3035RES1000mN2029000E3182000,2710518818,
7047,CRS3035RES1000mN2029000E3182000,3034026261,
7048,CRS3035RES1000mN2029000E3182000,3179889751,
7049,CRS3035RES1000mN2029000E3182000,3206611978,
7050,CRS3035RES1000mN2029000E3182000,3272828439,
7051,CRS3035RES1000mN2029000E3182000,3452364276,107.0
7052,CRS3035RES1000mN2029000E3182000,3452364277,101.0
7053,CRS3035RES1000mN2029000E3182000,3495733197,
7054,CRS3035RES1000mN2029000E3182000,3497154853,
7055,CRS3035RES1000mN2029000E3182000,3517755445,
7056,CRS3035RES1000mN2029000E3182000,3522125657,
7057,CRS3035RES1000mN2029000E3182000,3526751794,
7058,CRS3035RES1000mN2029000E3182000,3839306060,105.0
7059,CRS3035RES1000mN2029000E3182000,4214697664,119.0
7060,CRS3035RES1000mN2029000E3182000,4338252586,
7061,CRS3035RES1000mN2029000E3182000,4401271633,
7062,CRS3035RES1000mN2029000E3182000,4515476768,
7063,CRS3035RES1000mN2029000E3182000,4569910891,108.0
7064,CRS3035RES1000mN2029000E3182000,4703730491,
7065,CRS3035RES1000mN2029000E3182000,4707870392,
7066,CRS3035RES1000mN2029000E3182000,4789037769,
7067,CRS3035RES1000mN2029000E3182000,4794233143,
7068,CRS3035RES1000mN2029000E3182000,4870405674,
7069,CRS3035RES1000mN2029000E3182000,5139379922,
7070,CRS3035RES1000mN2029000E3182000,5160337425,109.0
7071,CRS3035RES1000mN2029000E3182000,5196199575,
7072,CRS3035RES1000mN2029000E3182000,5341570554,107.0
7073,CRS3035RES1000mN2029000E3182000,5345949864,
7074,CRS3035RES1000mN2029000E3182000,5448507385,
7075,CRS3035RES1000mN2029000E3182000,5604693894,
7076,CRS3035RES1000mN2029000E3182000,5670401989,
7077,CRS3035RES1000mN2029000E3182000,5942671299,
7078,CRS3035RES1000mN2029000E3182000,5943980960,
7079,CRS3035RES1000mN2029000E3182000,6185791451,
7080,CRS3035RES1000mN2029000E3182000,6188948286,
7081,CRS3035RES1000mN2029000E3182000,6555800191,
7082,CRS3035RES1000mN2029000E3182000,6885254479,
7083,CRS3035RES1000mN2029000E3182000,7222611268,119.0
7084,CRS3035RES1000mN2029000E3182000,7408961006,
7085,CRS3035RES1000mN2029000E3182000,7619964683,
7086,CRS3035RES1000mN2029000E3182000,7836562695,
7087,CRS3035RES1000mN2029000E3182000,8493729364,115.0
7088,CRS3035RES1000mN2029000E3182000,8557885377,
7089,CRS3035RES1000mN2029000E3182000,8807212208,98.0
7090,CRS3035RES1000mN2029000E3182000,8844229173,109.0
7091,CRS3035RES1000mN2029000E3182000,8878422600,
7092,CRS3035RES1000mN2029000E3182000,9595709188,108.0
7093,CRS3035RES1000mN2029000E3182000,9611387099,
7094,CRS3035RES1000mN2029000E3182000,9712656915,109.0
7095,CRS3035RES1000mN2029000E3182000,9713142744,102.0
7096,CRS3035RES1000mN2029000E3182000,9815746657,
7097,CRS3035RES1000mN2029000E3182000,10004871512,98.0
7098,CRS3035RES1000mN2029000E3182000,10281174134,
7099,CRS3035RES1000mN2029000E3182000,10580337411,109.0
7100,CRS3035RES1000mN2029000E3182000,10899442604,
7101,CRS3035RES1000mN2029000E3182000,10922657146,
7102,CRS3035RES1000mN2029000E3182000,11127499928,
7103,CRS3035RES1000mN2029000E3182000,11143725881,
7104,CRS3035RES1000mN2029000E3182000,11243087140,119.0
7105,CRS3035RES1000mN2029000E3182000,11269399969,
7106,CRS3035RES1000mN2029000E3182000,11287269362,90.0
7107,CRS3035RES1000mN2029000E3182000,11287269363,
7108,CRS3035RES1000mN2029000E3182000,11369705764,115.0
7109,CRS3035RES1000mN2029000E3182000,11387776374,
7110,CRS3035RES1000mN2029000E3182000,11461799040,
7111,CRS3035RES1000mN2029000E3182000,11462802981,112.0
7112,CRS3035RES1000mN2029000E3182000,11652077658,
7113,CRS3035RES1000mN2029000E3182000,11691390164,109.0
7114,CRS3035RES1000mN2029000E3182000,11739757462,
7115,CRS3035RES1000mN2029000E3182000,12178446726,
7116,CRS3035RES1000mN2029000E3182000,12407425114,
7117,CRS3035RES1000mN2029000E3182000,12865480228,106.0
7118,CRS3035RES1000mN2029000E3182000,2960630,
7119,CRS3035RES1000mN2029000E3182000,3554044,
7120,CRS3035RES1000mN2029000E3182000,3557906,
7121,CRS3035RES1000mN2029000E3182000,5231361,117.0
7122,CRS3035RES1000mN2029000E3182000,9314566,
7123,CRS3035RES1000mN2029000E3182000,13696257,
7124,CRS3035RES1000mN2029000E3182000,15996131,118.0
7125,CRS3035RES1000mN2029000E3182000,23526191,103.0
7126,CRS3035RES1000mN2029000E3182000,23545719,115.0
7127,CRS3035RES1000mN2029000E3182000,30599279,
7128,CRS3035RES1000mN2029000E3182000,30649229,115.0
7129,CRS3035RES1000mN2029000E3182000,32198651,
7130,CRS3035RES1000mN2029000E3182000,34945111,
7131,CRS3035RES1000mN2029000E3182000,50170625,
7132,CRS3035RES1000mN2029000E3182000,82887228,
7133,CRS3035RES1000mN2029000E3182000,92484952,
7134,CRS3035RES1000mN2029000E3182000,95794713,
7135,CRS3035RES1000mN2029000E3182000,96418670,
7136,CRS3035RES1000mN2029000E3182000,98502686,119.0
7137,CRS3035RES1000mN2029000E3182000,132613257,119.0
7138,CRS3035RES1000mN2029000E3182000,135036040,111.0
7139,CRS3035RES1000mN2029000E3182000,150772489,114.0
7140,CRS3035RES1000mN2029000E3182000,154118456,
7141,CRS3035RES1000mN2029000E3182000,157375776,114.0
7142,CRS3035RES1000mN2029000E3182000,158211204,
7143,CRS3035RES1000mN2029000E3182000,162072415,
7144,CRS3035RES1000mN2029000E3182000,162117720,
7145,CRS3035RES1000mN2029000E3182000,170487273,108.0
7146,CRS3035RES1000mN2029000E3182000,172686062,
7147,CRS3035RES1000mN2029000E3182000,174318235,
7148,CRS3035RES1000mN2029000E3182000,174318237,
7149,CRS3035RES1000mN2029000E3182000,205060159,
7150,CRS3035RES1000mN2029000E3182000,205757163,
7151,CRS3035RES1000mN2029000E3182000,221095520,109.0
7152,CRS3035RES1000mN2029000E3182000,224503374,102.0
7153,CRS3035RES1000mN2029000E3182000,227333462,117.0
7154,CRS3035RES1000mN2029000E3182000,229117454,119.0
7155,CRS3035RES1000mN2029000E3182000,261460389,
7156,CRS3035RES1000mN2029000E3182000,283450022,106.0
7157,CRS3035RES1000mN2029000E3182000,288994040,114.0
7158,CRS3035RES1000mN2029000E3182000,296744564,119.0
7159,CRS3035RES1000mN2029000E3182000,297526406,
7160,CRS3035RES1000mN2029000E3182000,300709861,
7161,CRS3035RES1000mN2029000E3182000,301444634,
7162,CRS3035RES1000mN2029000E3182000,302721609,
7163,CRS3035RES1000mN2029000E3182000,308195630,
7164,CRS3035RES1000mN2029000E3182000,312777902,
7165,CRS3035RES1000mN2029000E3182000,330154630,
7166,CRS3035RES1000mN2029000E3182000,340205456,112.0
7167,CRS3035RES1000mN2029000E3182000,367883612,
7168,CRS3035RES1000mN2029000E3182000,368211943,
7169,CRS3035RES1000mN2029000E3182000,374180360,105.0
7170,CRS3035RES1000mN2029000E3182000,375369499,
7171,CRS3035RES1000mN2029000E3182000,383494544,115.0
7172,CRS3035RES1000mN2029000E3182000,384574591,
7173,CRS3035RES1000mN2029000E3182000,403538322,88.0
7174,CRS3035RES1000mN2029000E3182000,403859503,109.0
7175,CRS3035RES1000mN2029000E3182000,437050442,
7176,CRS3035RES1000mN2029000E3182000,459881697,118.0
7177,CRS3035RES1000mN2029000E3182000,477278425,109.0
7178,CRS3035RES1000mN2029000E3182000,486879235,
7179,CRS3035RES1000mN2029000E3182000,493748377,
7180,CRS3035RES1000mN2029000E3182000,498234201,
7181,CRS3035RES1000mN2029000E3182000,504315026,107.0
7182,CRS3035RES1000mN2029000E3182000,548701490,
7183,CRS3035RES1000mN2029000E3182000,574210084,
7184,CRS3035RES1000mN2029000E3182000,576094143,
7185,CRS3035RES1000mN2029000E3182000,584409067,
7186,CRS3035RES1000mN2029000E3182000,635512756,
7187,CRS3035RES1000mN2029000E3182000,638492224,
7188,CRS3035RES1000mN2029000E3182000,653913062,
7189,CRS3035RES1000mN2029000E3182000,659866770,
7190,CRS3035RES1000mN2029000E3182000,697717972,
7191,CRS3035RES1000mN2029000E3182000,717194862,
7192,CRS3035RES1000mN2029000E3182000,736899303,
7193,CRS3035RES1000mN2029000E3182000,738042217,
7194,CRS3035RES1000mN2029000E3182000,839611983,
7195,CRS3035RES1000mN2029000E3182000,957893520,106.0
7196,CRS3035RES1000mN2029000E3182000,963308110,114.0
7197,CRS3035RES1000mN2029000E3182000,1073283182,
7198,CRS3035RES1000mN2029000E3182000,1252864015,95.0
7199,CRS3035RES1000mN2029000E3182000,1283203658,
7200,CRS3035RES1000mN2029000E3183000,25526,112.0
7201,CRS3035RES1000mN2029000E3183000,1774,82.0
7202,CRS3035RES1000mN2029000E3183000,1770,93.0
7203,CRS3035RES1000mN2029000E3183000,1773,91.0
7204,CRS3035RES1000mN2029000E3183000,1771,87.0
7205,CRS3035RES1000mN2029000E3183000,123303,101.0
7206,CRS3035RES1000mN2029000E3183000,1764,81.0
7207,CRS3035RES1000mN2029000E3183000,181101,93.0
7208,CRS3035RES1000mN2029000E3183000,5765642,107.0
7209,CRS3035RES1000mN2029000E3183000,86719,110.0
7210,CRS3035RES1000mN2029000E3183000,1800,95.0
7211,CRS3035RES1000mN2029000E3183000,1757,100.0
7212,CRS3035RES1000mN2029000E3183000,1755,103.0
7213,CRS3035RES1000mN2029000E3183000,1882,87.0
7214,CRS3035RES1000mN2029000E3183000,1745,70.0
7215,CRS3035RES1000mN2029000E3183000,1794,77.0
7216,CRS3035RES1000mN2029000E3183000,1762,72.0
7217,CRS3035RES1000mN2029000E3183000,51188,85.0
7218,CRS3035RES1000mN2029000E3183000,6893633,77.0
7219,CRS3035RES1000mN2029000E3183000,167128,85.0
7220,CRS3035RES1000mN2029000E3183000,1760,77.0
7221,CRS3035RES1000mN2029000E3183000,12773298,108.0
7222,CRS3035RES1000mN2029000E3183000,1754,106.0
7223,CRS3035RES1000mN2029000E3183000,1748,91.0
7224,CRS3035RES1000mN2029000E3183000,79941,70.0
7225,CRS3035RES1000mN2029000E3183000,1750,86.0
7226,CRS3035RES1000mN2029000E3183000,5975465,90.0
7227,CRS3035RES1000mN2029000E3183000,115056,81.0
7228,CRS3035RES1000mN2029000E3183000,1790,93.0
7229,CRS3035RES1000mN2029000E3183000,1756,102.0
7230,CRS3035RES1000mN2029000E3183000,51849,85.0
7231,CRS3035RES1000mN2029000E3183000,185595,84.0
7232,CRS3035RES1000mN2029000E3183000,7697128,82.0
7233,CRS3035RES1000mN2029000E3183000,10395362,99.0
7234,CRS3035RES1000mN2029000E3183000,1759,83.0
7235,CRS3035RES1000mN2029000E3183000,1752,80.0
7236,CRS3035RES1000mN2029000E3183000,186714,80.0
7237,CRS3035RES1000mN2029000E3183000,1753,95.0
7238,CRS3035RES1000mN2029000E3183000,1792,93.0
7239,CRS3035RES1000mN2029000E3183000,1763,101.0
7240,CRS3035RES1000mN2029000E3183000,1746,88.0
7241,CRS3035RES1000mN2029000E3183000,11572165,98.0
7242,CRS3035RES1000mN2029000E3183000,1761,91.0
7243,CRS3035RES1000mN2029000E3183000,1747,85.0
7244,CRS3035RES1000mN2029000E3183000,5768564,103.0
7245,CRS3035RES1000mN2029000E3183000,1798,90.0
7246,CRS3035RES1000mN2029000E3183000,66904,92.0
7247,CRS3035RES1000mN2029000E3183000,1777,75.0
7248,CRS3035RES1000mN2029000E3183000,1765,76.0
7249,CRS3035RES1000mN2029000E3183000,49416,98.0
7250,CRS3035RES1000mN2029000E3183000,12734939,98.0
7251,CRS3035RES1000mN2029000E3183000,167386167,81.0
7252,CRS3035RES1000mN2029000E3183000,295933804,102.0
7253,CRS3035RES1000mN2029000E3183000,303340017,102.0
7254,CRS3035RES1000mN2029000E3183000,315355551,
7255,CRS3035RES1000mN2029000E3183000,339084977,94.0
7256,CRS3035RES1000mN2029000E3183000,412911553,86.0
7257,CRS3035RES1000mN2029000E3183000,558126037,118.0
7258,CRS3035RES1000mN2029000E3183000,711789768,
7259,CRS3035RES1000mN2029000E3183000,727666062,
7260,CRS3035RES1000mN2029000E3183000,848085869,
7261,CRS3035RES1000mN2029000E3183000,1056098898,89.0
7262,CRS3035RES1000mN2029000E3183000,1255438242,84.0
7263,CRS3035RES1000mN2029000E3183000,1469985039,84.0
7264,CRS3035RES1000mN2029000E3183000,1504302537,
7265,CRS3035RES1000mN2029000E3183000,1511617504,
7266,CRS3035RES1000mN2029000E3183000,1541601287,113.0
7267,CRS3035RES1000mN2029000E3183000,1544591296,97.0
7268,CRS3035RES1000mN2029000E3183000,1598174183,65.0
7269,CRS3035RES1000mN2029000E3183000,1629887846,63.0
7270,CRS3035RES1000mN2029000E3183000,1686660176,82.0
7271,CRS3035RES1000mN2029000E3183000,1716927336,
7272,CRS3035RES1000mN2029000E3183000,1734554324,89.0
7273,CRS3035RES1000mN2029000E3183000,1849109335,106.0
7274,CRS3035RES1000mN2029000E3183000,2028408680,
7275,CRS3035RES1000mN2029000E3183000,2036887702,99.0
7276,CRS3035RES1000mN2029000E3183000,2061404218,104.0
7277,CRS3035RES1000mN2029000E3183000,2134238030,91.0
7278,CRS3035RES1000mN2029000E3183000,2261600754,
7279,CRS3035RES1000mN2029000E3183000,2301402027,75.0
7280,CRS3035RES1000mN2029000E3183000,2303966810,
7281,CRS3035RES1000mN2029000E3183000,2312029862,66.0
7282,CRS3035RES1000mN2029000E3183000,2408860250,
7283,CRS3035RES1000mN2029000E3183000,2620185829,87.0
7284,CRS3035RES1000mN2029000E3183000,2622508931,88.0
7285,CRS3035RES1000mN2029000E3183000,2672130951,
7286,CRS3035RES1000mN2029000E3183000,2710518818,110.0
7287,CRS3035RES1000mN2029000E3183000,3034026261,
7288,CRS3035RES1000mN2029000E3183000,3179889751,101.0
7289,CRS3035RES1000mN2029000E3183000,3206611978,
7290,CRS3035RES1000mN2029000E3183000,3272828439,
7291,CRS3035RES1000mN2029000E3183000,3452364276,83.0
7292,CRS3035RES1000mN2029000E3183000,3452364277,77.0
7293,CRS3035RES1000mN2029000E3183000,3495733197,
7294,CRS3035RES1000mN2029000E3183000,3497154853,
7295,CRS3035RES1000mN2029000E3183000,3517755445,
7296,CRS3035RES1000mN2029000E3183000,3522125657,
7297,CRS3035RES1000mN2029000E3183000,3526751794,
7298,CRS3035RES1000mN2029000E3183000,3839306060,73.0
7299,CRS3035RES1000mN2029000E3183000,4214697664,95.0
7300,CRS3035RES1000mN2029000E3183000,4338252586,
7301,CRS3035RES1000mN2029000E3183000,4401271633,
7302,CRS3035RES1000mN2029000E3183000,4515476768,
7303,CRS3035RES1000mN2029000E3183000,4569910891,84.0
7304,CRS3035RES1000mN2029000E3183000,4703730491,117.0
7305,CRS3035RES1000mN2029000E3183000,4707870392,113.0
7306,CRS3035RES1000mN2029000E3183000,4789037769,
7307,CRS3035RES1000mN2029000E3183000,4794233143,
7308,CRS3035RES1000mN2029000E3183000,4870405674,105.0
7309,CRS3035RES1000mN2029000E3183000,5139379922,
7310,CRS3035RES1000mN2029000E3183000,5160337425,85.0
7311,CRS3035RES1000mN2029000E3183000,5196199575,
7312,CRS3035RES1000mN2029000E3183000,5341570554,84.0
7313,CRS3035RES1000mN2029000E3183000,5345949864,110.0
7314,CRS3035RES1000mN2029000E3183000,5448507385,
7315,CRS3035RES1000mN2029000E3183000,5604693894,
7316,CRS3035RES1000mN2029000E3183000,5670401989,
7317,CRS3035RES1000mN2029000E3183000,5942671299,110.0
7318,CRS3035RES1000mN2029000E3183000,5943980960,
7319,CRS3035RES1000mN2029000E3183000,6185791451,
7320,CRS3035RES1000mN2029000E3183000,6188948286,96.0
7321,CRS3035RES1000mN2029000E3183000,6555800191,
7322,CRS3035RES1000mN2029000E3183000,6885254479,100.0
7323,CRS3035RES1000mN2029000E3183000,7222611268,119.0
7324,CRS3035RES1000mN2029000E3183000,7408961006,
7325,CRS3035RES1000mN2029000E3183000,7619964683,
7326,CRS3035RES1000mN2029000E3183000,7836562695,116.0
7327,CRS3035RES1000mN2029000E3183000,8493729364,91.0
7328,CRS3035RES1000mN2029000E3183000,8557885377,
7329,CRS3035RES1000mN2029000E3183000,8807212208,76.0
7330,CRS3035RES1000mN2029000E3183000,8844229173,85.0
7331,CRS3035RES1000mN2029000E3183000,8878422600,105.0
7332,CRS3035RES1000mN2029000E3183000,9595709188,84.0
7333,CRS3035RES1000mN2029000E3183000,9611387099,97.0
7334,CRS3035RES1000mN2029000E3183000,9712656915,86.0
7335,CRS3035RES1000mN2029000E3183000,9713142744,78.0
7336,CRS3035RES1000mN2029000E3183000,9815746657,
7337,CRS3035RES1000mN2029000E3183000,10004871512,67.0
7338,CRS3035RES1000mN2029000E3183000,10281174134,
7339,CRS3035RES1000mN2029000E3183000,10580337411,77.0
7340,CRS3035RES1000mN2029000E3183000,10899442604,
7341,CRS3035RES1000mN2029000E3183000,10922657146,
7342,CRS3035RES1000mN2029000E3183000,11127499928,100.0
7343,CRS3035RES1000mN2029000E3183000,11143725881,109.0
7344,CRS3035RES1000mN2029000E3183000,11243087140,99.0
7345,CRS3035RES1000mN2029000E3183000,11269399969,100.0
7346,CRS3035RES1000mN2029000E3183000,11287269362,60.0
7347,CRS3035RES1000mN2029000E3183000,11287269363,85.0
7348,CRS3035RES1000mN2029000E3183000,11369705764,79.0
7349,CRS3035RES1000mN2029000E3183000,11387776374,100.0
7350,CRS3035RES1000mN2029000E3183000,11461799040,
7351,CRS3035RES1000mN2029000E3183000,11462802981,83.0
7352,CRS3035RES1000mN2029000E3183000,11652077658,108.0
7353,CRS3035RES1000mN2029000E3183000,11691390164,85.0
7354,CRS3035RES1000mN2029000E3183000,11739757462,115.0
7355,CRS3035RES1000mN2029000E3183000,12178446726,107.0
7356,CRS3035RES1000mN2029000E3183000,12407425114,103.0
7357,CRS3035RES1000mN2029000E3183000,12865480228,74.0
7358,CRS3035RES1000mN2029000E3183000,2960630,
7359,CRS3035RES1000mN2029000E3183000,3554044,
7360,CRS3035RES1000mN2029000E3183000,3557906,
7361,CRS3035RES1000mN2029000E3183000,5231361,93.0
7362,CRS3035RES1000mN2029000E3183000,9314566,115.0
7363,CRS3035RES1000mN2029000E3183000,13696257,
7364,CRS3035RES1000mN2029000E3183000,15996131,95.0
7365,CRS3035RES1000mN2029000E3183000,23526191,79.0
7366,CRS3035RES1000mN2029000E3183000,23545719,90.0
7367,CRS3035RES1000mN2029000E3183000,30599279,
7368,CRS3035RES1000mN2029000E3183000,30649229,91.0
7369,CRS3035RES1000mN2029000E3183000,32198651,
7370,CRS3035RES1000mN2029000E3183000,34945111,
7371,CRS3035RES1000mN2029000E3183000,50170625,88.0
7372,CRS3035RES1000mN2029000E3183000,82887228,116.0
7373,CRS3035RES1000mN2029000E3183000,92484952,
7374,CRS3035RES1000mN2029000E3183000,95794713,96.0
7375,CRS3035RES1000mN2029000E3183000,96418670,
7376,CRS3035RES1000mN2029000E3183000,98502686,98.0
7377,CRS3035RES1000mN2029000E3183000,132613257,90.0
7378,CRS3035RES1000mN2029000E3183000,135036040,81.0
7379,CRS3035RES1000mN2029000E3183000,150772489,90.0
7380,CRS3035RES1000mN2029000E3183000,154118456,100.0
7381,CRS3035RES1000mN2029000E3183000,157375776,94.0
7382,CRS3035RES1000mN2029000E3183000,158211204,
7383,CRS3035RES1000mN2029000E3183000,162072415,114.0
7384,CRS3035RES1000mN2029000E3183000,162117720,112.0
7385,CRS3035RES1000mN2029000E3183000,170487273,108.0
7386,CRS3035RES1000mN2029000E3183000,172686062,
7387,CRS3035RES1000mN2029000E3183000,174318235,
7388,CRS3035RES1000mN2029000E3183000,174318237,
7389,CRS3035RES1000mN2029000E3183000,205060159,119.0
7390,CRS3035RES1000mN2029000E3183000,205757163,
7391,CRS3035RES1000mN2029000E3183000,221095520,74.0
7392,CRS3035RES1000mN2029000E3183000,224503374,77.0
7393,CRS3035RES1000mN2029000E3183000,227333462,92.0
7394,CRS3035RES1000mN2029000E3183000,229117454,108.0
7395,CRS3035RES1000mN2029000E3183000,261460389,
7396,CRS3035RES1000mN2029000E3183000,283450022,82.0
7397,CRS3035RES1000mN2029000E3183000,288994040,91.0
7398,CRS3035RES1000mN2029000E3183000,296744564,86.0
7399,CRS3035RES1000mN2029000E3183000,297526406,98.0
7400,CRS3035RES1000mN2029000E3183000,300709861,
7401,CRS3035RES1000mN2029000E3183000,301444634,
7402,CRS3035RES1000mN2029000E3183000,302721609,
7403,CRS3035RES1000mN2029000E3183000,308195630,
7404,CRS3035RES1000mN2029000E3183000,312777902,98.0
7405,CRS3035RES1000mN2029000E3183000,330154630,
7406,CRS3035RES1000mN2029000E3183000,340205456,88.0
7407,CRS3035RES1000mN2029000E3183000,367883612,114.0
7408,CRS3035RES1000mN2029000E3183000,368211943,115.0
7409,CRS3035RES1000mN2029000E3183000,374180360,79.0
7410,CRS3035RES1000mN2029000E3183000,375369499,94.0
7411,CRS3035RES1000mN2029000E3183000,383494544,91.0
7412,CRS3035RES1000mN2029000E3183000,384574591,
7413,CRS3035RES1000mN2029000E3183000,403538322,88.0
7414,CRS3035RES1000mN2029000E3183000,403859503,85.0
7415,CRS3035RES1000mN2029000E3183000,437050442,
7416,CRS3035RES1000mN2029000E3183000,459881697,93.0
7417,CRS3035RES1000mN2029000E3183000,477278425,109.0
7418,CRS3035RES1000mN2029000E3183000,486879235,
7419,CRS3035RES1000mN2029000E3183000,493748377,110.0
7420,CRS3035RES1000mN2029000E3183000,498234201,
7421,CRS3035RES1000mN2029000E3183000,504315026,75.0
7422,CRS3035RES1000mN2029000E3183000,548701490,
7423,CRS3035RES1000mN2029000E3183000,574210084,
7424,CRS3035RES1000mN2029000E3183000,576094143,116.0
7425,CRS3035RES1000mN2029000E3183000,584409067,108.0
7426,CRS3035RES1000mN2029000E3183000,635512756,99.0
7427,CRS3035RES1000mN2029000E3183000,638492224,110.0
7428,CRS3035RES1000mN2029000E3183000,653913062,103.0
7429,CRS3035RES1000mN2029000E3183000,659866770,
7430,CRS3035RES1000mN2029000E3183000,697717972,
7431,CRS3035RES1000mN2029000E3183000,717194862,
7432,CRS3035RES1000mN2029000E3183000,736899303,
7433,CRS3035RES1000mN2029000E3183000,738042217,
7434,CRS3035RES1000mN2029000E3183000,839611983,
7435,CRS3035RES1000mN2029000E3183000,957893520,83.0
7436,CRS3035RES1000mN2029000E3183000,963308110,84.0
7437,CRS3035RES1000mN2029000E3183000,1073283182,
7438,CRS3035RES1000mN2029000E3183000,1252864015,63.0
7439,CRS3035RES1000mN2029000E3183000,1283203658,
7440,CRS3035RES1000mN2030000E3174000,25526,73.0
7441,CRS3035RES1000mN2030000E3174000,1774,44.0
7442,CRS3035RES1000mN2030000E3174000,1770,55.0
7443,CRS3035RES1000mN2030000E3174000,1773,52.0
7444,CRS3035RES1000mN2030000E3174000,1771,49.0
7445,CRS3035RES1000mN2030000E3174000,123303,64.0
7446,CRS3035RES1000mN2030000E3174000,1764,42.0
7447,CRS3035RES1000mN2030000E3174000,181101,45.0
7448,CRS3035RES1000mN2030000E3174000,5765642,70.0
7449,CRS3035RES1000mN2030000E3174000,86719,71.0
7450,CRS3035RES1000mN2030000E3174000,1800,49.0
7451,CRS3035RES1000mN2030000E3174000,1757,62.0
7452,CRS3035RES1000mN2030000E3174000,1755,63.0
7453,CRS3035RES1000mN2030000E3174000,1882,49.0
7454,CRS3035RES1000mN2030000E3174000,1745,31.0
7455,CRS3035RES1000mN2030000E3174000,1794,37.0
7456,CRS3035RES1000mN2030000E3174000,1762,35.0
7457,CRS3035RES1000mN2030000E3174000,51188,46.0
7458,CRS3035RES1000mN2030000E3174000,6893633,40.0
7459,CRS3035RES1000mN2030000E3174000,167128,42.0
7460,CRS3035RES1000mN2030000E3174000,1760,39.0
7461,CRS3035RES1000mN2030000E3174000,12773298,68.0
7462,CRS3035RES1000mN2030000E3174000,1754,69.0
7463,CRS3035RES1000mN2030000E3174000,1748,44.0
7464,CRS3035RES1000mN2030000E3174000,79941,34.0
7465,CRS3035RES1000mN2030000E3174000,1750,49.0
7466,CRS3035RES1000mN2030000E3174000,5975465,53.0
7467,CRS3035RES1000mN2030000E3174000,115056,42.0
7468,CRS3035RES1000mN2030000E3174000,1790,54.0
7469,CRS3035RES1000mN2030000E3174000,1756,65.0
7470,CRS3035RES1000mN2030000E3174000,51849,47.0
7471,CRS3035RES1000mN2030000E3174000,185595,45.0
7472,CRS3035RES1000mN2030000E3174000,7697128,44.0
7473,CRS3035RES1000mN2030000E3174000,10395362,66.0
7474,CRS3035RES1000mN2030000E3174000,1759,45.0
7475,CRS3035RES1000mN2030000E3174000,1752,42.0
7476,CRS3035RES1000mN2030000E3174000,186714,42.0
7477,CRS3035RES1000mN2030000E3174000,1753,52.0
7478,CRS3035RES1000mN2030000E3174000,1792,47.0
7479,CRS3035RES1000mN2030000E3174000,1763,61.0
7480,CRS3035RES1000mN2030000E3174000,1746,50.0
7481,CRS3035RES1000mN2030000E3174000,11572165,63.0
7482,CRS3035RES1000mN2030000E3174000,1761,50.0
7483,CRS3035RES1000mN2030000E3174000,1747,40.0
7484,CRS3035RES1000mN2030000E3174000,5768564,65.0
7485,CRS3035RES1000mN2030000E3174000,1798,51.0
7486,CRS3035RES1000mN2030000E3174000,66904,55.0
7487,CRS3035RES1000mN2030000E3174000,1777,38.0
7488,CRS3035RES1000mN2030000E3174000,1765,38.0
7489,CRS3035RES1000mN2030000E3174000,49416,52.0
7490,CRS3035RES1000mN2030000E3174000,12734939,52.0
7491,CRS3035RES1000mN2030000E3174000,167386167,43.0
7492,CRS3035RES1000mN2030000E3174000,295933804,67.0
7493,CRS3035RES1000mN2030000E3174000,303340017,57.0
7494,CRS3035RES1000mN2030000E3174000,315355551,84.0
7495,CRS3035RES1000mN2030000E3174000,339084977,56.0
7496,CRS3035RES1000mN2030000E3174000,412911553,49.0
7497,CRS3035RES1000mN2030000E3174000,558126037,78.0
7498,CRS3035RES1000mN2030000E3174000,711789768,110.0
7499,CRS3035RES1000mN2030000E3174000,727666062,
7500,CRS3035RES1000mN2030000E3174000,848085869,85.0
7501,CRS3035RES1000mN2030000E3174000,1056098898,51.0
7502,CRS3035RES1000mN2030000E3174000,1255438242,63.0
7503,CRS3035RES1000mN2030000E3174000,1469985039,37.0
7504,CRS3035RES1000mN2030000E3174000,1504302537,93.0
7505,CRS3035RES1000mN2030000E3174000,1511617504,91.0
7506,CRS3035RES1000mN2030000E3174000,1541601287,78.0
7507,CRS3035RES1000mN2030000E3174000,1544591296,61.0
7508,CRS3035RES1000mN2030000E3174000,1598174183,38.0
7509,CRS3035RES1000mN2030000E3174000,1629887846,42.0
7510,CRS3035RES1000mN2030000E3174000,1686660176,43.0
7511,CRS3035RES1000mN2030000E3174000,1716927336,85.0
7512,CRS3035RES1000mN2030000E3174000,1734554324,62.0
7513,CRS3035RES1000mN2030000E3174000,1849109335,62.0
7514,CRS3035RES1000mN2030000E3174000,2028408680,94.0
7515,CRS3035RES1000mN2030000E3174000,2036887702,61.0
7516,CRS3035RES1000mN2030000E3174000,2061404218,63.0
7517,CRS3035RES1000mN2030000E3174000,2134238030,52.0
7518,CRS3035RES1000mN2030000E3174000,2261600754,
7519,CRS3035RES1000mN2030000E3174000,2301402027,47.0
7520,CRS3035RES1000mN2030000E3174000,2303966810,107.0
7521,CRS3035RES1000mN2030000E3174000,2312029862,40.0
7522,CRS3035RES1000mN2030000E3174000,2408860250,82.0
7523,CRS3035RES1000mN2030000E3174000,2620185829,49.0
7524,CRS3035RES1000mN2030000E3174000,2622508931,49.0
7525,CRS3035RES1000mN2030000E3174000,2672130951,118.0
7526,CRS3035RES1000mN2030000E3174000,2710518818,63.0
7527,CRS3035RES1000mN2030000E3174000,3034026261,
7528,CRS3035RES1000mN2030000E3174000,3179889751,66.0
7529,CRS3035RES1000mN2030000E3174000,3206611978,
7530,CRS3035RES1000mN2030000E3174000,3272828439,100.0
7531,CRS3035RES1000mN2030000E3174000,3452364276,41.0
7532,CRS3035RES1000mN2030000E3174000,3452364277,39.0
7533,CRS3035RES1000mN2030000E3174000,3495733197,
7534,CRS3035RES1000mN2030000E3174000,3497154853,
7535,CRS3035RES1000mN2030000E3174000,3517755445,
7536,CRS3035RES1000mN2030000E3174000,3522125657,
7537,CRS3035RES1000mN2030000E3174000,3526751794,88.0
7538,CRS3035RES1000mN2030000E3174000,3839306060,38.0
7539,CRS3035RES1000mN2030000E3174000,4214697664,57.0
7540,CRS3035RES1000mN2030000E3174000,4338252586,76.0
7541,CRS3035RES1000mN2030000E3174000,4401271633,
7542,CRS3035RES1000mN2030000E3174000,4515476768,
7543,CRS3035RES1000mN2030000E3174000,4569910891,46.0
7544,CRS3035RES1000mN2030000E3174000,4703730491,79.0
7545,CRS3035RES1000mN2030000E3174000,4707870392,80.0
7546,CRS3035RES1000mN2030000E3174000,4789037769,100.0
7547,CRS3035RES1000mN2030000E3174000,4794233143,119.0
7548,CRS3035RES1000mN2030000E3174000,4870405674,67.0
7549,CRS3035RES1000mN2030000E3174000,5139379922,97.0
7550,CRS3035RES1000mN2030000E3174000,5160337425,48.0
7551,CRS3035RES1000mN2030000E3174000,5196199575,85.0
7552,CRS3035RES1000mN2030000E3174000,5341570554,46.0
7553,CRS3035RES1000mN2030000E3174000,5345949864,80.0
7554,CRS3035RES1000mN2030000E3174000,5448507385,
7555,CRS3035RES1000mN2030000E3174000,5604693894,73.0
7556,CRS3035RES1000mN2030000E3174000,5670401989,93.0
7557,CRS3035RES1000mN2030000E3174000,5942671299,66.0
7558,CRS3035RES1000mN2030000E3174000,5943980960,93.0
7559,CRS3035RES1000mN2030000E3174000,6185791451,
7560,CRS3035RES1000mN2030000E3174000,6188948286,51.0
7561,CRS3035RES1000mN2030000E3174000,6555800191,88.0
7562,CRS3035RES1000mN2030000E3174000,6885254479,62.0
7563,CRS3035RES1000mN2030000E3174000,7222611268,86.0
7564,CRS3035RES1000mN2030000E3174000,7408961006,113.0
7565,CRS3035RES1000mN2030000E3174000,7619964683,113.0
7566,CRS3035RES1000mN2030000E3174000,7836562695,88.0
7567,CRS3035RES1000mN2030000E3174000,8493729364,53.0
7568,CRS3035RES1000mN2030000E3174000,8557885377,73.0
7569,CRS3035RES1000mN2030000E3174000,8807212208,37.0
7570,CRS3035RES1000mN2030000E3174000,8844229173,48.0
7571,CRS3035RES1000mN2030000E3174000,8878422600,79.0
7572,CRS3035RES1000mN2030000E3174000,9595709188,46.0
7573,CRS3035RES1000mN2030000E3174000,9611387099,59.0
7574,CRS3035RES1000mN2030000E3174000,9712656915,48.0
7575,CRS3035RES1000mN2030000E3174000,9713142744,41.0
7576,CRS3035RES1000mN2030000E3174000,9815746657,79.0
7577,CRS3035RES1000mN2030000E3174000,10004871512,41.0
7578,CRS3035RES1000mN2030000E3174000,10281174134,
7579,CRS3035RES1000mN2030000E3174000,10580337411,42.0
7580,CRS3035RES1000mN2030000E3174000,10899442604,96.0
7581,CRS3035RES1000mN2030000E3174000,10922657146,92.0
7582,CRS3035RES1000mN2030000E3174000,11127499928,60.0
7583,CRS3035RES1000mN2030000E3174000,11143725881,65.0
7584,CRS3035RES1000mN2030000E3174000,11243087140,59.0
7585,CRS3035RES1000mN2030000E3174000,11269399969,63.0
7586,CRS3035RES1000mN2030000E3174000,11287269362,43.0
7587,CRS3035RES1000mN2030000E3174000,11287269363,50.0
7588,CRS3035RES1000mN2030000E3174000,11369705764,51.0
7589,CRS3035RES1000mN2030000E3174000,11387776374,53.0
7590,CRS3035RES1000mN2030000E3174000,11461799040,
7591,CRS3035RES1000mN2030000E3174000,11462802981,36.0
7592,CRS3035RES1000mN2030000E3174000,11652077658,67.0
7593,CRS3035RES1000mN2030000E3174000,11691390164,48.0
7594,CRS3035RES1000mN2030000E3174000,11739757462,77.0
7595,CRS3035RES1000mN2030000E3174000,12178446726,70.0
7596,CRS3035RES1000mN2030000E3174000,12407425114,72.0
7597,CRS3035RES1000mN2030000E3174000,12865480228,39.0
7598,CRS3035RES1000mN2030000E3174000,2960630,83.0
7599,CRS3035RES1000mN2030000E3174000,3554044,101.0
7600,CRS3035RES1000mN2030000E3174000,3557906,84.0
7601,CRS3035RES1000mN2030000E3174000,5231361,56.0
7602,CRS3035RES1000mN2030000E3174000,9314566,70.0
7603,CRS3035RES1000mN2030000E3174000,13696257,83.0
7604,CRS3035RES1000mN2030000E3174000,15996131,57.0
7605,CRS3035RES1000mN2030000E3174000,23526191,39.0
7606,CRS3035RES1000mN2030000E3174000,23545719,53.0
7607,CRS3035RES1000mN2030000E3174000,30599279,83.0
7608,CRS3035RES1000mN2030000E3174000,30649229,55.0
7609,CRS3035RES1000mN2030000E3174000,32198651,
7610,CRS3035RES1000mN2030000E3174000,34945111,85.0
7611,CRS3035RES1000mN2030000E3174000,50170625,52.0
7612,CRS3035RES1000mN2030000E3174000,82887228,78.0
7613,CRS3035RES1000mN2030000E3174000,92484952,90.0
7614,CRS3035RES1000mN2030000E3174000,95794713,53.0
7615,CRS3035RES1000mN2030000E3174000,96418670,100.0
7616,CRS3035RES1000mN2030000E3174000,98502686,59.0
7617,CRS3035RES1000mN2030000E3174000,132613257,45.0
7618,CRS3035RES1000mN2030000E3174000,135036040,25.0
7619,CRS3035RES1000mN2030000E3174000,150772489,53.0
7620,CRS3035RES1000mN2030000E3174000,154118456,84.0
7621,CRS3035RES1000mN2030000E3174000,157375776,54.0
7622,CRS3035RES1000mN2030000E3174000,158211204,87.0
7623,CRS3035RES1000mN2030000E3174000,162072415,79.0
7624,CRS3035RES1000mN2030000E3174000,162117720,74.0
7625,CRS3035RES1000mN2030000E3174000,170487273,55.0
7626,CRS3035RES1000mN2030000E3174000,172686062,89.0
7627,CRS3035RES1000mN2030000E3174000,174318235,92.0
7628,CRS3035RES1000mN2030000E3174000,174318237,92.0
7629,CRS3035RES1000mN2030000E3174000,205060159,70.0
7630,CRS3035RES1000mN2030000E3174000,205757163,
7631,CRS3035RES1000mN2030000E3174000,221095520,45.0
7632,CRS3035RES1000mN2030000E3174000,224503374,40.0
7633,CRS3035RES1000mN2030000E3174000,227333462,57.0
7634,CRS3035RES1000mN2030000E3174000,229117454,64.0
7635,CRS3035RES1000mN2030000E3174000,261460389,
7636,CRS3035RES1000mN2030000E3174000,283450022,45.0
7637,CRS3035RES1000mN2030000E3174000,288994040,52.0
7638,CRS3035RES1000mN2030000E3174000,296744564,71.0
7639,CRS3035RES1000mN2030000E3174000,297526406,66.0
7640,CRS3035RES1000mN2030000E3174000,300709861,102.0
7641,CRS3035RES1000mN2030000E3174000,301444634,83.0
7642,CRS3035RES1000mN2030000E3174000,302721609,87.0
7643,CRS3035RES1000mN2030000E3174000,308195630,79.0
7644,CRS3035RES1000mN2030000E3174000,312777902,60.0
7645,CRS3035RES1000mN2030000E3174000,330154630,
7646,CRS3035RES1000mN2030000E3174000,340205456,50.0
7647,CRS3035RES1000mN2030000E3174000,367883612,76.0
7648,CRS3035RES1000mN2030000E3174000,368211943,77.0
7649,CRS3035RES1000mN2030000E3174000,374180360,43.0
7650,CRS3035RES1000mN2030000E3174000,375369499,78.0
7651,CRS3035RES1000mN2030000E3174000,383494544,53.0
7652,CRS3035RES1000mN2030000E3174000,384574591,81.0
7653,CRS3035RES1000mN2030000E3174000,403538322,56.0
7654,CRS3035RES1000mN2030000E3174000,403859503,47.0
7655,CRS3035RES1000mN2030000E3174000,437050442,91.0
7656,CRS3035RES1000mN2030000E3174000,459881697,58.0
7657,CRS3035RES1000mN2030000E3174000,477278425,75.0
7658,CRS3035RES1000mN2030000E3174000,486879235,
7659,CRS3035RES1000mN2030000E3174000,493748377,75.0
7660,CRS3035RES1000mN2030000E3174000,498234201,92.0
7661,CRS3035RES1000mN2030000E3174000,504315026,40.0
7662,CRS3035RES1000mN2030000E3174000,548701490,115.0
7663,CRS3035RES1000mN2030000E3174000,574210084,62.0
7664,CRS3035RES1000mN2030000E3174000,576094143,80.0
7665,CRS3035RES1000mN2030000E3174000,584409067,63.0
7666,CRS3035RES1000mN2030000E3174000,635512756,60.0
7667,CRS3035RES1000mN2030000E3174000,638492224,49.0
7668,CRS3035RES1000mN2030000E3174000,653913062,69.0
7669,CRS3035RES1000mN2030000E3174000,659866770,62.0
7670,CRS3035RES1000mN2030000E3174000,697717972,87.0
7671,CRS3035RES1000mN2030000E3174000,717194862,102.0
7672,CRS3035RES1000mN2030000E3174000,736899303,
7673,CRS3035RES1000mN2030000E3174000,738042217,106.0
7674,CRS3035RES1000mN2030000E3174000,839611983,114.0
7675,CRS3035RES1000mN2030000E3174000,957893520,45.0
7676,CRS3035RES1000mN2030000E3174000,963308110,35.0
7677,CRS3035RES1000mN2030000E3174000,1073283182,80.0
7678,CRS3035RES1000mN2030000E3174000,1252864015,38.0
7679,CRS3035RES1000mN2030000E3174000,1283203658,
7680,CRS3035RES1000mN2030000E3175000,25526,74.0
7681,CRS3035RES1000mN2030000E3175000,1774,46.0
7682,CRS3035RES1000mN2030000E3175000,1770,58.0
7683,CRS3035RES1000mN2030000E3175000,1773,54.0
7684,CRS3035RES1000mN2030000E3175000,1771,51.0
7685,CRS3035RES1000mN2030000E3175000,123303,65.0
7686,CRS3035RES1000mN2030000E3175000,1764,45.0
7687,CRS3035RES1000mN2030000E3175000,181101,59.0
7688,CRS3035RES1000mN2030000E3175000,5765642,70.0
7689,CRS3035RES1000mN2030000E3175000,86719,71.0
7690,CRS3035RES1000mN2030000E3175000,1800,61.0
7691,CRS3035RES1000mN2030000E3175000,1757,64.0
7692,CRS3035RES1000mN2030000E3175000,1755,65.0
7693,CRS3035RES1000mN2030000E3175000,1882,51.0
7694,CRS3035RES1000mN2030000E3175000,1745,35.0
7695,CRS3035RES1000mN2030000E3175000,1794,42.0
7696,CRS3035RES1000mN2030000E3175000,1762,37.0
7697,CRS3035RES1000mN2030000E3175000,51188,48.0
7698,CRS3035RES1000mN2030000E3175000,6893633,41.0
7699,CRS3035RES1000mN2030000E3175000,167128,50.0
7700,CRS3035RES1000mN2030000E3175000,1760,40.0
7701,CRS3035RES1000mN2030000E3175000,12773298,70.0
7702,CRS3035RES1000mN2030000E3175000,1754,69.0
7703,CRS3035RES1000mN2030000E3175000,1748,57.0
7704,CRS3035RES1000mN2030000E3175000,79941,37.0
7705,CRS3035RES1000mN2030000E3175000,1750,51.0
7706,CRS3035RES1000mN2030000E3175000,5975465,54.0
7707,CRS3035RES1000mN2030000E3175000,115056,46.0
7708,CRS3035RES1000mN2030000E3175000,1790,56.0
7709,CRS3035RES1000mN2030000E3175000,1756,66.0
7710,CRS3035RES1000mN2030000E3175000,51849,49.0
7711,CRS3035RES1000mN2030000E3175000,185595,47.0
7712,CRS3035RES1000mN2030000E3175000,7697128,46.0
7713,CRS3035RES1000mN2030000E3175000,10395362,68.0
7714,CRS3035RES1000mN2030000E3175000,1759,46.0
7715,CRS3035RES1000mN2030000E3175000,1752,44.0
7716,CRS3035RES1000mN2030000E3175000,186714,42.0
7717,CRS3035RES1000mN2030000E3175000,1753,58.0
7718,CRS3035RES1000mN2030000E3175000,1792,59.0
7719,CRS3035RES1000mN2030000E3175000,1763,63.0
7720,CRS3035RES1000mN2030000E3175000,1746,53.0
7721,CRS3035RES1000mN2030000E3175000,11572165,63.0
7722,CRS3035RES1000mN2030000E3175000,1761,54.0
7723,CRS3035RES1000mN2030000E3175000,1747,52.0
7724,CRS3035RES1000mN2030000E3175000,5768564,67.0
7725,CRS3035RES1000mN2030000E3175000,1798,52.0
7726,CRS3035RES1000mN2030000E3175000,66904,56.0
7727,CRS3035RES1000mN2030000E3175000,1777,40.0
7728,CRS3035RES1000mN2030000E3175000,1765,40.0
7729,CRS3035RES1000mN2030000E3175000,49416,64.0
7730,CRS3035RES1000mN2030000E3175000,12734939,64.0
7731,CRS3035RES1000mN2030000E3175000,167386167,44.0
7732,CRS3035RES1000mN2030000E3175000,295933804,67.0
7733,CRS3035RES1000mN2030000E3175000,303340017,57.0
7734,CRS3035RES1000mN2030000E3175000,315355551,86.0
7735,CRS3035RES1000mN2030000E3175000,339084977,57.0
7736,CRS3035RES1000mN2030000E3175000,412911553,50.0
7737,CRS3035RES1000mN2030000E3175000,558126037,81.0
7738,CRS3035RES1000mN2030000E3175000,711789768,113.0
7739,CRS3035RES1000mN2030000E3175000,727666062,
7740,CRS3035RES1000mN2030000E3175000,848085869,85.0
7741,CRS3035RES1000mN2030000E3175000,1056098898,53.0
7742,CRS3035RES1000mN2030000E3175000,1255438242,52.0
7743,CRS3035RES1000mN2030000E3175000,1469985039,50.0
7744,CRS3035RES1000mN2030000E3175000,1504302537,92.0
7745,CRS3035RES1000mN2030000E3175000,1511617504,92.0
7746,CRS3035RES1000mN2030000E3175000,1541601287,78.0
7747,CRS3035RES1000mN2030000E3175000,1544591296,61.0
7748,CRS3035RES1000mN2030000E3175000,1598174183,35.0
7749,CRS3035RES1000mN2030000E3175000,1629887846,36.0
7750,CRS3035RES1000mN2030000E3175000,1686660176,47.0
7751,CRS3035RES1000mN2030000E3175000,1716927336,86.0
7752,CRS3035RES1000mN2030000E3175000,1734554324,62.0
7753,CRS3035RES1000mN2030000E3175000,1849109335,62.0
7754,CRS3035RES1000mN2030000E3175000,2028408680,95.0
7755,CRS3035RES1000mN2030000E3175000,2036887702,61.0
7756,CRS3035RES1000mN2030000E3175000,2061404218,63.0
7757,CRS3035RES1000mN2030000E3175000,2134238030,52.0
7758,CRS3035RES1000mN2030000E3175000,2261600754,
7759,CRS3035RES1000mN2030000E3175000,2301402027,54.0
7760,CRS3035RES1000mN2030000E3175000,2303966810,110.0
7761,CRS3035RES1000mN2030000E3175000,2312029862,35.0
7762,CRS3035RES1000mN2030000E3175000,2408860250,82.0
7763,CRS3035RES1000mN2030000E3175000,2620185829,51.0
7764,CRS3035RES1000mN2030000E3175000,2622508931,51.0
7765,CRS3035RES1000mN2030000E3175000,2672130951,118.0
7766,CRS3035RES1000mN2030000E3175000,2710518818,79.0
7767,CRS3035RES1000mN2030000E3175000,3034026261,
7768,CRS3035RES1000mN2030000E3175000,3179889751,85.0
7769,CRS3035RES1000mN2030000E3175000,3206611978,
7770,CRS3035RES1000mN2030000E3175000,3272828439,101.0
7771,CRS3035RES1000mN2030000E3175000,3452364276,45.0
7772,CRS3035RES1000mN2030000E3175000,3452364277,41.0
7773,CRS3035RES1000mN2030000E3175000,3495733197,
7774,CRS3035RES1000mN2030000E3175000,3497154853,
7775,CRS3035RES1000mN2030000E3175000,3517755445,
7776,CRS3035RES1000mN2030000E3175000,3522125657,
7777,CRS3035RES1000mN2030000E3175000,3526751794,88.0
7778,CRS3035RES1000mN2030000E3175000,3839306060,45.0
7779,CRS3035RES1000mN2030000E3175000,4214697664,59.0
7780,CRS3035RES1000mN2030000E3175000,4338252586,76.0
7781,CRS3035RES1000mN2030000E3175000,4401271633,
7782,CRS3035RES1000mN2030000E3175000,4515476768,
7783,CRS3035RES1000mN2030000E3175000,4569910891,48.0
7784,CRS3035RES1000mN2030000E3175000,4703730491,79.0
7785,CRS3035RES1000mN2030000E3175000,4707870392,82.0
7786,CRS3035RES1000mN2030000E3175000,4789037769,101.0
7787,CRS3035RES1000mN2030000E3175000,4794233143,119.0
7788,CRS3035RES1000mN2030000E3175000,4870405674,68.0
7789,CRS3035RES1000mN2030000E3175000,5139379922,97.0
7790,CRS3035RES1000mN2030000E3175000,5160337425,49.0
7791,CRS3035RES1000mN2030000E3175000,5196199575,87.0
7792,CRS3035RES1000mN2030000E3175000,5341570554,47.0
7793,CRS3035RES1000mN2030000E3175000,5345949864,80.0
7794,CRS3035RES1000mN2030000E3175000,5448507385,
7795,CRS3035RES1000mN2030000E3175000,5604693894,73.0
7796,CRS3035RES1000mN2030000E3175000,5670401989,93.0
7797,CRS3035RES1000mN2030000E3175000,5942671299,75.0
7798,CRS3035RES1000mN2030000E3175000,5943980960,94.0
7799,CRS3035RES1000mN2030000E3175000,6185791451,
7800,CRS3035RES1000mN2030000E3175000,6188948286,63.0
7801,CRS3035RES1000mN2030000E3175000,6555800191,90.0
7802,CRS3035RES1000mN2030000E3175000,6885254479,62.0
7803,CRS3035RES1000mN2030000E3175000,7222611268,83.0
7804,CRS3035RES1000mN2030000E3175000,7408961006,113.0
7805,CRS3035RES1000mN2030000E3175000,7619964683,113.0
7806,CRS3035RES1000mN2030000E3175000,7836562695,88.0
7807,CRS3035RES1000mN2030000E3175000,8493729364,54.0
7808,CRS3035RES1000mN2030000E3175000,8557885377,73.0
7809,CRS3035RES1000mN2030000E3175000,8807212208,39.0
7810,CRS3035RES1000mN2030000E3175000,8844229173,49.0
7811,CRS3035RES1000mN2030000E3175000,8878422600,78.0
7812,CRS3035RES1000mN2030000E3175000,9595709188,47.0
7813,CRS3035RES1000mN2030000E3175000,9611387099,60.0
7814,CRS3035RES1000mN2030000E3175000,9712656915,49.0
7815,CRS3035RES1000mN2030000E3175000,9713142744,43.0
7816,CRS3035RES1000mN2030000E3175000,9815746657,99.0
7817,CRS3035RES1000mN2030000E3175000,10004871512,37.0
7818,CRS3035RES1000mN2030000E3175000,10281174134,
7819,CRS3035RES1000mN2030000E3175000,10580337411,49.0
7820,CRS3035RES1000mN2030000E3175000,10899442604,99.0
7821,CRS3035RES1000mN2030000E3175000,10922657146,95.0
7822,CRS3035RES1000mN2030000E3175000,11127499928,61.0
7823,CRS3035RES1000mN2030000E3175000,11143725881,65.0
7824,CRS3035RES1000mN2030000E3175000,11243087140,60.0
7825,CRS3035RES1000mN2030000E3175000,11269399969,64.0
7826,CRS3035RES1000mN2030000E3175000,11287269362,41.0
7827,CRS3035RES1000mN2030000E3175000,11287269363,65.0
7828,CRS3035RES1000mN2030000E3175000,11369705764,54.0
7829,CRS3035RES1000mN2030000E3175000,11387776374,66.0
7830,CRS3035RES1000mN2030000E3175000,11461799040,
7831,CRS3035RES1000mN2030000E3175000,11462802981,49.0
7832,CRS3035RES1000mN2030000E3175000,11652077658,67.0
7833,CRS3035RES1000mN2030000E3175000,11691390164,50.0
7834,CRS3035RES1000mN2030000E3175000,11739757462,80.0
7835,CRS3035RES1000mN2030000E3175000,12178446726,71.0
7836,CRS3035RES1000mN2030000E3175000,12407425114,72.0
7837,CRS3035RES1000mN2030000E3175000,12865480228,46.0
7838,CRS3035RES1000mN2030000E3175000,2960630,84.0
7839,CRS3035RES1000mN2030000E3175000,3554044,103.0
7840,CRS3035RES1000mN2030000E3175000,3557906,87.0
7841,CRS3035RES1000mN2030000E3175000,5231361,57.0
7842,CRS3035RES1000mN2030000E3175000,9314566,75.0
7843,CRS3035RES1000mN2030000E3175000,13696257,83.0
7844,CRS3035RES1000mN2030000E3175000,15996131,59.0
7845,CRS3035RES1000mN2030000E3175000,23526191,44.0
7846,CRS3035RES1000mN2030000E3175000,23545719,55.0
7847,CRS3035RES1000mN2030000E3175000,30599279,85.0
7848,CRS3035RES1000mN2030000E3175000,30649229,56.0
7849,CRS3035RES1000mN2030000E3175000,32198651,
7850,CRS3035RES1000mN2030000E3175000,34945111,87.0
7851,CRS3035RES1000mN2030000E3175000,50170625,71.0
7852,CRS3035RES1000mN2030000E3175000,82887228,80.0
7853,CRS3035RES1000mN2030000E3175000,92484952,90.0
7854,CRS3035RES1000mN2030000E3175000,95794713,62.0
7855,CRS3035RES1000mN2030000E3175000,96418670,103.0
7856,CRS3035RES1000mN2030000E3175000,98502686,58.0
7857,CRS3035RES1000mN2030000E3175000,132613257,57.0
7858,CRS3035RES1000mN2030000E3175000,135036040,45.0
7859,CRS3035RES1000mN2030000E3175000,150772489,55.0
7860,CRS3035RES1000mN2030000E3175000,154118456,84.0
7861,CRS3035RES1000mN2030000E3175000,157375776,55.0
7862,CRS3035RES1000mN2030000E3175000,158211204,89.0
7863,CRS3035RES1000mN2030000E3175000,162072415,80.0
7864,CRS3035RES1000mN2030000E3175000,162117720,73.0
7865,CRS3035RES1000mN2030000E3175000,170487273,72.0
7866,CRS3035RES1000mN2030000E3175000,172686062,91.0
7867,CRS3035RES1000mN2030000E3175000,174318235,92.0
7868,CRS3035RES1000mN2030000E3175000,174318237,94.0
7869,CRS3035RES1000mN2030000E3175000,205060159,71.0
7870,CRS3035RES1000mN2030000E3175000,205757163,
7871,CRS3035RES1000mN2030000E3175000,221095520,52.0
7872,CRS3035RES1000mN2030000E3175000,224503374,42.0
7873,CRS3035RES1000mN2030000E3175000,227333462,57.0
7874,CRS3035RES1000mN2030000E3175000,229117454,64.0
7875,CRS3035RES1000mN2030000E3175000,261460389,
7876,CRS3035RES1000mN2030000E3175000,283450022,46.0
7877,CRS3035RES1000mN2030000E3175000,288994040,54.0
7878,CRS3035RES1000mN2030000E3175000,296744564,53.0
7879,CRS3035RES1000mN2030000E3175000,297526406,67.0
7880,CRS3035RES1000mN2030000E3175000,300709861,105.0
7881,CRS3035RES1000mN2030000E3175000,301444634,83.0
7882,CRS3035RES1000mN2030000E3175000,302721609,88.0
7883,CRS3035RES1000mN2030000E3175000,308195630,79.0
7884,CRS3035RES1000mN2030000E3175000,312777902,62.0
7885,CRS3035RES1000mN2030000E3175000,330154630,
7886,CRS3035RES1000mN2030000E3175000,340205456,52.0
7887,CRS3035RES1000mN2030000E3175000,367883612,78.0
7888,CRS3035RES1000mN2030000E3175000,368211943,79.0
7889,CRS3035RES1000mN2030000E3175000,374180360,45.0
7890,CRS3035RES1000mN2030000E3175000,375369499,78.0
7891,CRS3035RES1000mN2030000E3175000,383494544,54.0
7892,CRS3035RES1000mN2030000E3175000,384574591,84.0
7893,CRS3035RES1000mN2030000E3175000,403538322,53.0
7894,CRS3035RES1000mN2030000E3175000,403859503,49.0
7895,CRS3035RES1000mN2030000E3175000,437050442,91.0
7896,CRS3035RES1000mN2030000E3175000,459881697,58.0
7897,CRS3035RES1000mN2030000E3175000,477278425,73.0
7898,CRS3035RES1000mN2030000E3175000,486879235,
7899,CRS3035RES1000mN2030000E3175000,493748377,75.0
7900,CRS3035RES1000mN2030000E3175000,498234201,95.0
7901,CRS3035RES1000mN2030000E3175000,504315026,47.0
7902,CRS3035RES1000mN2030000E3175000,548701490,115.0
7903,CRS3035RES1000mN2030000E3175000,574210084,62.0
7904,CRS3035RES1000mN2030000E3175000,576094143,80.0
7905,CRS3035RES1000mN2030000E3175000,584409067,80.0
7906,CRS3035RES1000mN2030000E3175000,635512756,60.0
7907,CRS3035RES1000mN2030000E3175000,638492224,63.0
7908,CRS3035RES1000mN2030000E3175000,653913062,69.0
7909,CRS3035RES1000mN2030000E3175000,659866770,62.0
7910,CRS3035RES1000mN2030000E3175000,697717972,89.0
7911,CRS3035RES1000mN2030000E3175000,717194862,102.0
7912,CRS3035RES1000mN2030000E3175000,736899303,
7913,CRS3035RES1000mN2030000E3175000,738042217,106.0
7914,CRS3035RES1000mN2030000E3175000,839611983,114.0
7915,CRS3035RES1000mN2030000E3175000,957893520,47.0
7916,CRS3035RES1000mN2030000E3175000,963308110,51.0
7917,CRS3035RES1000mN2030000E3175000,1073283182,81.0
7918,CRS3035RES1000mN2030000E3175000,1252864015,34.0
7919,CRS3035RES1000mN2030000E3175000,1283203658,
7920,CRS3035RES1000mN2030000E3176000,25526,63.0
7921,CRS3035RES1000mN2030000E3176000,1774,32.0
7922,CRS3035RES1000mN2030000E3176000,1770,46.0
7923,CRS3035RES1000mN2030000E3176000,1773,41.0
7924,CRS3035RES1000mN2030000E3176000,1771,38.0
7925,CRS3035RES1000mN2030000E3176000,123303,52.0
7926,CRS3035RES1000mN2030000E3176000,1764,31.0
7927,CRS3035RES1000mN2030000E3176000,181101,53.0
7928,CRS3035RES1000mN2030000E3176000,5765642,58.0
7929,CRS3035RES1000mN2030000E3176000,86719,60.0
7930,CRS3035RES1000mN2030000E3176000,1800,51.0
7931,CRS3035RES1000mN2030000E3176000,1757,50.0
7932,CRS3035RES1000mN2030000E3176000,1755,52.0
7933,CRS3035RES1000mN2030000E3176000,1882,38.0
7934,CRS3035RES1000mN2030000E3176000,1745,26.0
7935,CRS3035RES1000mN2030000E3176000,1794,34.0
7936,CRS3035RES1000mN2030000E3176000,1762,24.0
7937,CRS3035RES1000mN2030000E3176000,51188,35.0
7938,CRS3035RES1000mN2030000E3176000,6893633,28.0
7939,CRS3035RES1000mN2030000E3176000,167128,38.0
7940,CRS3035RES1000mN2030000E3176000,1760,27.0
7941,CRS3035RES1000mN2030000E3176000,12773298,55.0
7942,CRS3035RES1000mN2030000E3176000,1754,57.0
7943,CRS3035RES1000mN2030000E3176000,1748,52.0
7944,CRS3035RES1000mN2030000E3176000,79941,28.0
7945,CRS3035RES1000mN2030000E3176000,1750,38.0
7946,CRS3035RES1000mN2030000E3176000,5975465,41.0
7947,CRS3035RES1000mN2030000E3176000,115056,36.0
7948,CRS3035RES1000mN2030000E3176000,1790,43.0
7949,CRS3035RES1000mN2030000E3176000,1756,52.0
7950,CRS3035RES1000mN2030000E3176000,51849,36.0
7951,CRS3035RES1000mN2030000E3176000,185595,33.0
7952,CRS3035RES1000mN2030000E3176000,7697128,32.0
7953,CRS3035RES1000mN2030000E3176000,10395362,54.0
7954,CRS3035RES1000mN2030000E3176000,1759,33.0
7955,CRS3035RES1000mN2030000E3176000,1752,31.0
7956,CRS3035RES1000mN2030000E3176000,186714,29.0
7957,CRS3035RES1000mN2030000E3176000,1753,46.0
7958,CRS3035RES1000mN2030000E3176000,1792,51.0
7959,CRS3035RES1000mN2030000E3176000,1763,50.0
7960,CRS3035RES1000mN2030000E3176000,1746,41.0
7961,CRS3035RES1000mN2030000E3176000,11572165,48.0
7962,CRS3035RES1000mN2030000E3176000,1761,41.0
7963,CRS3035RES1000mN2030000E3176000,1747,42.0
7964,CRS3035RES1000mN2030000E3176000,5768564,53.0
7965,CRS3035RES1000mN2030000E3176000,1798,39.0
7966,CRS3035RES1000mN2030000E3176000,66904,43.0
7967,CRS3035RES1000mN2030000E3176000,1777,26.0
7968,CRS3035RES1000mN2030000E3176000,1765,27.0
7969,CRS3035RES1000mN2030000E3176000,49416,53.0
7970,CRS3035RES1000mN2030000E3176000,12734939,53.0
7971,CRS3035RES1000mN2030000E3176000,167386167,32.0
7972,CRS3035RES1000mN2030000E3176000,295933804,51.0
7973,CRS3035RES1000mN2030000E3176000,303340017,44.0
7974,CRS3035RES1000mN2030000E3176000,315355551,65.0
7975,CRS3035RES1000mN2030000E3176000,339084977,46.0
7976,CRS3035RES1000mN2030000E3176000,412911553,37.0
7977,CRS3035RES1000mN2030000E3176000,558126037,71.0
7978,CRS3035RES1000mN2030000E3176000,711789768,100.0
7979,CRS3035RES1000mN2030000E3176000,727666062,
7980,CRS3035RES1000mN2030000E3176000,848085869,67.0
7981,CRS3035RES1000mN2030000E3176000,1056098898,39.0
7982,CRS3035RES1000mN2030000E3176000,1255438242,47.0
7983,CRS3035RES1000mN2030000E3176000,1469985039,45.0
7984,CRS3035RES1000mN2030000E3176000,1504302537,62.0
7985,CRS3035RES1000mN2030000E3176000,1511617504,79.0
7986,CRS3035RES1000mN2030000E3176000,1541601287,68.0
7987,CRS3035RES1000mN2030000E3176000,1544591296,51.0
7988,CRS3035RES1000mN2030000E3176000,1598174183,22.0
7989,CRS3035RES1000mN2030000E3176000,1629887846,28.0
7990,CRS3035RES1000mN2030000E3176000,1686660176,41.0
7991,CRS3035RES1000mN2030000E3176000,1716927336,65.0
7992,CRS3035RES1000mN2030000E3176000,1734554324,59.0
7993,CRS3035RES1000mN2030000E3176000,1849109335,49.0
7994,CRS3035RES1000mN2030000E3176000,2028408680,91.0
7995,CRS3035RES1000mN2030000E3176000,2036887702,61.0
7996,CRS3035RES1000mN2030000E3176000,2061404218,60.0
7997,CRS3035RES1000mN2030000E3176000,2134238030,52.0
7998,CRS3035RES1000mN2030000E3176000,2261600754,
7999,CRS3035RES1000mN2030000E3176000,2301402027,41.0
8000,CRS3035RES1000mN2030000E3176000,2303966810,84.0
8001,CRS3035RES1000mN2030000E3176000,2312029862,25.0
8002,CRS3035RES1000mN2030000E3176000,2408860250,74.0
8003,CRS3035RES1000mN2030000E3176000,2620185829,37.0
8004,CRS3035RES1000mN2030000E3176000,2622508931,37.0
8005,CRS3035RES1000mN2030000E3176000,2672130951,103.0
8006,CRS3035RES1000mN2030000E3176000,2710518818,53.0
8007,CRS3035RES1000mN2030000E3176000,3034026261,
8008,CRS3035RES1000mN2030000E3176000,3179889751,65.0
8009,CRS3035RES1000mN2030000E3176000,3206611978,
8010,CRS3035RES1000mN2030000E3176000,3272828439,72.0
8011,CRS3035RES1000mN2030000E3176000,3452364276,37.0
8012,CRS3035RES1000mN2030000E3176000,3452364277,28.0
8013,CRS3035RES1000mN2030000E3176000,3495733197,
8014,CRS3035RES1000mN2030000E3176000,3497154853,
8015,CRS3035RES1000mN2030000E3176000,3517755445,
8016,CRS3035RES1000mN2030000E3176000,3522125657,
8017,CRS3035RES1000mN2030000E3176000,3526751794,88.0
8018,CRS3035RES1000mN2030000E3176000,3839306060,32.0
8019,CRS3035RES1000mN2030000E3176000,4214697664,46.0
8020,CRS3035RES1000mN2030000E3176000,4338252586,76.0
8021,CRS3035RES1000mN2030000E3176000,4401271633,100.0
8022,CRS3035RES1000mN2030000E3176000,4515476768,
8023,CRS3035RES1000mN2030000E3176000,4569910891,35.0
8024,CRS3035RES1000mN2030000E3176000,4703730491,61.0
8025,CRS3035RES1000mN2030000E3176000,4707870392,59.0
8026,CRS3035RES1000mN2030000E3176000,4789037769,89.0
8027,CRS3035RES1000mN2030000E3176000,4794233143,101.0
8028,CRS3035RES1000mN2030000E3176000,4870405674,55.0
8029,CRS3035RES1000mN2030000E3176000,5139379922,85.0
8030,CRS3035RES1000mN2030000E3176000,5160337425,35.0
8031,CRS3035RES1000mN2030000E3176000,5196199575,73.0
8032,CRS3035RES1000mN2030000E3176000,5341570554,34.0
8033,CRS3035RES1000mN2030000E3176000,5345949864,80.0
8034,CRS3035RES1000mN2030000E3176000,5448507385,
8035,CRS3035RES1000mN2030000E3176000,5604693894,73.0
8036,CRS3035RES1000mN2030000E3176000,5670401989,70.0
8037,CRS3035RES1000mN2030000E3176000,5942671299,49.0
8038,CRS3035RES1000mN2030000E3176000,5943980960,80.0
8039,CRS3035RES1000mN2030000E3176000,6185791451,
8040,CRS3035RES1000mN2030000E3176000,6188948286,58.0
8041,CRS3035RES1000mN2030000E3176000,6555800191,76.0
8042,CRS3035RES1000mN2030000E3176000,6885254479,56.0
8043,CRS3035RES1000mN2030000E3176000,7222611268,69.0
8044,CRS3035RES1000mN2030000E3176000,7408961006,113.0
8045,CRS3035RES1000mN2030000E3176000,7619964683,103.0
8046,CRS3035RES1000mN2030000E3176000,7836562695,76.0
8047,CRS3035RES1000mN2030000E3176000,8493729364,43.0
8048,CRS3035RES1000mN2030000E3176000,8557885377,73.0
8049,CRS3035RES1000mN2030000E3176000,8807212208,25.0
8050,CRS3035RES1000mN2030000E3176000,8844229173,35.0
8051,CRS3035RES1000mN2030000E3176000,8878422600,70.0
8052,CRS3035RES1000mN2030000E3176000,9595709188,34.0
8053,CRS3035RES1000mN2030000E3176000,9611387099,48.0
8054,CRS3035RES1000mN2030000E3176000,9712656915,36.0
8055,CRS3035RES1000mN2030000E3176000,9713142744,29.0
8056,CRS3035RES1000mN2030000E3176000,9815746657,99.0
8057,CRS3035RES1000mN2030000E3176000,10004871512,25.0
8058,CRS3035RES1000mN2030000E3176000,10281174134,
8059,CRS3035RES1000mN2030000E3176000,10580337411,36.0
8060,CRS3035RES1000mN2030000E3176000,10899442604,84.0
8061,CRS3035RES1000mN2030000E3176000,10922657146,80.0
8062,CRS3035RES1000mN2030000E3176000,11127499928,60.0
8063,CRS3035RES1000mN2030000E3176000,11143725881,59.0
8064,CRS3035RES1000mN2030000E3176000,11243087140,56.0
8065,CRS3035RES1000mN2030000E3176000,11269399969,51.0
8066,CRS3035RES1000mN2030000E3176000,11287269362,29.0
8067,CRS3035RES1000mN2030000E3176000,11287269363,49.0
8068,CRS3035RES1000mN2030000E3176000,11369705764,50.0
8069,CRS3035RES1000mN2030000E3176000,11387776374,60.0
8070,CRS3035RES1000mN2030000E3176000,11461799040,
8071,CRS3035RES1000mN2030000E3176000,11462802981,44.0
8072,CRS3035RES1000mN2030000E3176000,11652077658,54.0
8073,CRS3035RES1000mN2030000E3176000,11691390164,36.0
8074,CRS3035RES1000mN2030000E3176000,11739757462,66.0
8075,CRS3035RES1000mN2030000E3176000,12178446726,58.0
8076,CRS3035RES1000mN2030000E3176000,12407425114,56.0
8077,CRS3035RES1000mN2030000E3176000,12865480228,33.0
8078,CRS3035RES1000mN2030000E3176000,2960630,80.0
8079,CRS3035RES1000mN2030000E3176000,3554044,82.0
8080,CRS3035RES1000mN2030000E3176000,3557906,70.0
8081,CRS3035RES1000mN2030000E3176000,5231361,43.0
8082,CRS3035RES1000mN2030000E3176000,9314566,73.0
8083,CRS3035RES1000mN2030000E3176000,13696257,77.0
8084,CRS3035RES1000mN2030000E3176000,15996131,44.0
8085,CRS3035RES1000mN2030000E3176000,23526191,37.0
8086,CRS3035RES1000mN2030000E3176000,23545719,42.0
8087,CRS3035RES1000mN2030000E3176000,30599279,71.0
8088,CRS3035RES1000mN2030000E3176000,30649229,42.0
8089,CRS3035RES1000mN2030000E3176000,32198651,
8090,CRS3035RES1000mN2030000E3176000,34945111,73.0
8091,CRS3035RES1000mN2030000E3176000,50170625,51.0
8092,CRS3035RES1000mN2030000E3176000,82887228,73.0
8093,CRS3035RES1000mN2030000E3176000,92484952,62.0
8094,CRS3035RES1000mN2030000E3176000,95794713,48.0
8095,CRS3035RES1000mN2030000E3176000,96418670,88.0
8096,CRS3035RES1000mN2030000E3176000,98502686,50.0
8097,CRS3035RES1000mN2030000E3176000,132613257,46.0
8098,CRS3035RES1000mN2030000E3176000,135036040,40.0
8099,CRS3035RES1000mN2030000E3176000,150772489,41.0
8100,CRS3035RES1000mN2030000E3176000,154118456,57.0
8101,CRS3035RES1000mN2030000E3176000,157375776,54.0
8102,CRS3035RES1000mN2030000E3176000,158211204,73.0
8103,CRS3035RES1000mN2030000E3176000,162072415,65.0
8104,CRS3035RES1000mN2030000E3176000,162117720,69.0
8105,CRS3035RES1000mN2030000E3176000,170487273,72.0
8106,CRS3035RES1000mN2030000E3176000,172686062,75.0
8107,CRS3035RES1000mN2030000E3176000,174318235,72.0
8108,CRS3035RES1000mN2030000E3176000,174318237,76.0
8109,CRS3035RES1000mN2030000E3176000,205060159,70.0
8110,CRS3035RES1000mN2030000E3176000,205757163,
8111,CRS3035RES1000mN2030000E3176000,221095520,39.0
8112,CRS3035RES1000mN2030000E3176000,224503374,29.0
8113,CRS3035RES1000mN2030000E3176000,227333462,44.0
8114,CRS3035RES1000mN2030000E3176000,229117454,59.0
8115,CRS3035RES1000mN2030000E3176000,261460389,
8116,CRS3035RES1000mN2030000E3176000,283450022,33.0
8117,CRS3035RES1000mN2030000E3176000,288994040,42.0
8118,CRS3035RES1000mN2030000E3176000,296744564,48.0
8119,CRS3035RES1000mN2030000E3176000,297526406,66.0
8120,CRS3035RES1000mN2030000E3176000,300709861,88.0
8121,CRS3035RES1000mN2030000E3176000,301444634,75.0
8122,CRS3035RES1000mN2030000E3176000,302721609,74.0
8123,CRS3035RES1000mN2030000E3176000,308195630,79.0
8124,CRS3035RES1000mN2030000E3176000,312777902,49.0
8125,CRS3035RES1000mN2030000E3176000,330154630,
8126,CRS3035RES1000mN2030000E3176000,340205456,38.0
8127,CRS3035RES1000mN2030000E3176000,367883612,71.0
8128,CRS3035RES1000mN2030000E3176000,368211943,66.0
8129,CRS3035RES1000mN2030000E3176000,374180360,40.0
8130,CRS3035RES1000mN2030000E3176000,375369499,46.0
8131,CRS3035RES1000mN2030000E3176000,383494544,41.0
8132,CRS3035RES1000mN2030000E3176000,384574591,73.0
8133,CRS3035RES1000mN2030000E3176000,403538322,39.0
8134,CRS3035RES1000mN2030000E3176000,403859503,36.0
8135,CRS3035RES1000mN2030000E3176000,437050442,79.0
8136,CRS3035RES1000mN2030000E3176000,459881697,45.0
8137,CRS3035RES1000mN2030000E3176000,477278425,59.0
8138,CRS3035RES1000mN2030000E3176000,486879235,
8139,CRS3035RES1000mN2030000E3176000,493748377,59.0
8140,CRS3035RES1000mN2030000E3176000,498234201,82.0
8141,CRS3035RES1000mN2030000E3176000,504315026,34.0
8142,CRS3035RES1000mN2030000E3176000,548701490,90.0
8143,CRS3035RES1000mN2030000E3176000,574210084,61.0
8144,CRS3035RES1000mN2030000E3176000,576094143,66.0
8145,CRS3035RES1000mN2030000E3176000,584409067,74.0
8146,CRS3035RES1000mN2030000E3176000,635512756,60.0
8147,CRS3035RES1000mN2030000E3176000,638492224,58.0
8148,CRS3035RES1000mN2030000E3176000,653913062,66.0
8149,CRS3035RES1000mN2030000E3176000,659866770,62.0
8150,CRS3035RES1000mN2030000E3176000,697717972,75.0
8151,CRS3035RES1000mN2030000E3176000,717194862,102.0
8152,CRS3035RES1000mN2030000E3176000,736899303,
8153,CRS3035RES1000mN2030000E3176000,738042217,79.0
8154,CRS3035RES1000mN2030000E3176000,839611983,114.0
8155,CRS3035RES1000mN2030000E3176000,957893520,34.0
8156,CRS3035RES1000mN2030000E3176000,963308110,46.0
8157,CRS3035RES1000mN2030000E3176000,1073283182,66.0
8158,CRS3035RES1000mN2030000E3176000,1252864015,22.0
8159,CRS3035RES1000mN2030000E3176000,1283203658,119.0
8160,CRS3035RES1000mN2030000E3177000,25526,71.0
8161,CRS3035RES1000mN2030000E3177000,1774,41.0
8162,CRS3035RES1000mN2030000E3177000,1770,49.0
8163,CRS3035RES1000mN2030000E3177000,1773,51.0
8164,CRS3035RES1000mN2030000E3177000,1771,46.0
8165,CRS3035RES1000mN2030000E3177000,123303,61.0
8166,CRS3035RES1000mN2030000E3177000,1764,40.0
8167,CRS3035RES1000mN2030000E3177000,181101,53.0
8168,CRS3035RES1000mN2030000E3177000,5765642,66.0
8169,CRS3035RES1000mN2030000E3177000,86719,69.0
8170,CRS3035RES1000mN2030000E3177000,1800,56.0
8171,CRS3035RES1000mN2030000E3177000,1757,60.0
8172,CRS3035RES1000mN2030000E3177000,1755,60.0
8173,CRS3035RES1000mN2030000E3177000,1882,46.0
8174,CRS3035RES1000mN2030000E3177000,1745,27.0
8175,CRS3035RES1000mN2030000E3177000,1794,34.0
8176,CRS3035RES1000mN2030000E3177000,1762,32.0
8177,CRS3035RES1000mN2030000E3177000,51188,42.0
8178,CRS3035RES1000mN2030000E3177000,6893633,37.0
8179,CRS3035RES1000mN2030000E3177000,167128,46.0
8180,CRS3035RES1000mN2030000E3177000,1760,36.0
8181,CRS3035RES1000mN2030000E3177000,12773298,67.0
8182,CRS3035RES1000mN2030000E3177000,1754,66.0
8183,CRS3035RES1000mN2030000E3177000,1748,52.0
8184,CRS3035RES1000mN2030000E3177000,79941,28.0
8185,CRS3035RES1000mN2030000E3177000,1750,42.0
8186,CRS3035RES1000mN2030000E3177000,5975465,50.0
8187,CRS3035RES1000mN2030000E3177000,115056,36.0
8188,CRS3035RES1000mN2030000E3177000,1790,51.0
8189,CRS3035RES1000mN2030000E3177000,1756,61.0
8190,CRS3035RES1000mN2030000E3177000,51849,45.0
8191,CRS3035RES1000mN2030000E3177000,185595,43.0
8192,CRS3035RES1000mN2030000E3177000,7697128,41.0
8193,CRS3035RES1000mN2030000E3177000,10395362,60.0
8194,CRS3035RES1000mN2030000E3177000,1759,42.0
8195,CRS3035RES1000mN2030000E3177000,1752,40.0
8196,CRS3035RES1000mN2030000E3177000,186714,39.0
8197,CRS3035RES1000mN2030000E3177000,1753,54.0
8198,CRS3035RES1000mN2030000E3177000,1792,54.0
8199,CRS3035RES1000mN2030000E3177000,1763,59.0
8200,CRS3035RES1000mN2030000E3177000,1746,43.0
8201,CRS3035RES1000mN2030000E3177000,11572165,60.0
8202,CRS3035RES1000mN2030000E3177000,1761,50.0
8203,CRS3035RES1000mN2030000E3177000,1747,46.0
8204,CRS3035RES1000mN2030000E3177000,5768564,63.0
8205,CRS3035RES1000mN2030000E3177000,1798,47.0
8206,CRS3035RES1000mN2030000E3177000,66904,52.0
8207,CRS3035RES1000mN2030000E3177000,1777,34.0
8208,CRS3035RES1000mN2030000E3177000,1765,35.0
8209,CRS3035RES1000mN2030000E3177000,49416,60.0
8210,CRS3035RES1000mN2030000E3177000,12734939,60.0
8211,CRS3035RES1000mN2030000E3177000,167386167,39.0
8212,CRS3035RES1000mN2030000E3177000,295933804,66.0
8213,CRS3035RES1000mN2030000E3177000,303340017,56.0
8214,CRS3035RES1000mN2030000E3177000,315355551,81.0
8215,CRS3035RES1000mN2030000E3177000,339084977,54.0
8216,CRS3035RES1000mN2030000E3177000,412911553,45.0
8217,CRS3035RES1000mN2030000E3177000,558126037,75.0
8218,CRS3035RES1000mN2030000E3177000,711789768,101.0
8219,CRS3035RES1000mN2030000E3177000,727666062,
8220,CRS3035RES1000mN2030000E3177000,848085869,84.0
8221,CRS3035RES1000mN2030000E3177000,1056098898,49.0
8222,CRS3035RES1000mN2030000E3177000,1255438242,47.0
8223,CRS3035RES1000mN2030000E3177000,1469985039,45.0
8224,CRS3035RES1000mN2030000E3177000,1504302537,62.0
8225,CRS3035RES1000mN2030000E3177000,1511617504,90.0
8226,CRS3035RES1000mN2030000E3177000,1541601287,77.0
8227,CRS3035RES1000mN2030000E3177000,1544591296,57.0
8228,CRS3035RES1000mN2030000E3177000,1598174183,22.0
8229,CRS3035RES1000mN2030000E3177000,1629887846,28.0
8230,CRS3035RES1000mN2030000E3177000,1686660176,42.0
8231,CRS3035RES1000mN2030000E3177000,1716927336,85.0
8232,CRS3035RES1000mN2030000E3177000,1734554324,59.0
8233,CRS3035RES1000mN2030000E3177000,1849109335,61.0
8234,CRS3035RES1000mN2030000E3177000,2028408680,93.0
8235,CRS3035RES1000mN2030000E3177000,2036887702,61.0
8236,CRS3035RES1000mN2030000E3177000,2061404218,63.0
8237,CRS3035RES1000mN2030000E3177000,2134238030,52.0
8238,CRS3035RES1000mN2030000E3177000,2261600754,
8239,CRS3035RES1000mN2030000E3177000,2301402027,41.0
8240,CRS3035RES1000mN2030000E3177000,2303966810,98.0
8241,CRS3035RES1000mN2030000E3177000,2312029862,24.0
8242,CRS3035RES1000mN2030000E3177000,2408860250,77.0
8243,CRS3035RES1000mN2030000E3177000,2620185829,45.0
8244,CRS3035RES1000mN2030000E3177000,2622508931,47.0
8245,CRS3035RES1000mN2030000E3177000,2672130951,117.0
8246,CRS3035RES1000mN2030000E3177000,2710518818,72.0
8247,CRS3035RES1000mN2030000E3177000,3034026261,
8248,CRS3035RES1000mN2030000E3177000,3179889751,65.0
8249,CRS3035RES1000mN2030000E3177000,3206611978,
8250,CRS3035RES1000mN2030000E3177000,3272828439,99.0
8251,CRS3035RES1000mN2030000E3177000,3452364276,37.0
8252,CRS3035RES1000mN2030000E3177000,3452364277,36.0
8253,CRS3035RES1000mN2030000E3177000,3495733197,
8254,CRS3035RES1000mN2030000E3177000,3497154853,
8255,CRS3035RES1000mN2030000E3177000,3517755445,
8256,CRS3035RES1000mN2030000E3177000,3522125657,
8257,CRS3035RES1000mN2030000E3177000,3526751794,88.0
8258,CRS3035RES1000mN2030000E3177000,3839306060,32.0
8259,CRS3035RES1000mN2030000E3177000,4214697664,54.0
8260,CRS3035RES1000mN2030000E3177000,4338252586,76.0
8261,CRS3035RES1000mN2030000E3177000,4401271633,
8262,CRS3035RES1000mN2030000E3177000,4515476768,
8263,CRS3035RES1000mN2030000E3177000,4569910891,42.0
8264,CRS3035RES1000mN2030000E3177000,4703730491,78.0
8265,CRS3035RES1000mN2030000E3177000,4707870392,78.0
8266,CRS3035RES1000mN2030000E3177000,4789037769,100.0
8267,CRS3035RES1000mN2030000E3177000,4794233143,115.0
8268,CRS3035RES1000mN2030000E3177000,4870405674,65.0
8269,CRS3035RES1000mN2030000E3177000,5139379922,95.0
8270,CRS3035RES1000mN2030000E3177000,5160337425,44.0
8271,CRS3035RES1000mN2030000E3177000,5196199575,83.0
8272,CRS3035RES1000mN2030000E3177000,5341570554,43.0
8273,CRS3035RES1000mN2030000E3177000,5345949864,80.0
8274,CRS3035RES1000mN2030000E3177000,5448507385,
8275,CRS3035RES1000mN2030000E3177000,5604693894,73.0
8276,CRS3035RES1000mN2030000E3177000,5670401989,90.0
8277,CRS3035RES1000mN2030000E3177000,5942671299,70.0
8278,CRS3035RES1000mN2030000E3177000,5943980960,92.0
8279,CRS3035RES1000mN2030000E3177000,6185791451,
8280,CRS3035RES1000mN2030000E3177000,6188948286,58.0
8281,CRS3035RES1000mN2030000E3177000,6555800191,86.0
8282,CRS3035RES1000mN2030000E3177000,6885254479,59.0
8283,CRS3035RES1000mN2030000E3177000,7222611268,69.0
8284,CRS3035RES1000mN2030000E3177000,7408961006,113.0
8285,CRS3035RES1000mN2030000E3177000,7619964683,112.0
8286,CRS3035RES1000mN2030000E3177000,7836562695,87.0
8287,CRS3035RES1000mN2030000E3177000,8493729364,50.0
8288,CRS3035RES1000mN2030000E3177000,8557885377,73.0
8289,CRS3035RES1000mN2030000E3177000,8807212208,35.0
8290,CRS3035RES1000mN2030000E3177000,8844229173,44.0
8291,CRS3035RES1000mN2030000E3177000,8878422600,76.0
8292,CRS3035RES1000mN2030000E3177000,9595709188,42.0
8293,CRS3035RES1000mN2030000E3177000,9611387099,56.0
8294,CRS3035RES1000mN2030000E3177000,9712656915,45.0
8295,CRS3035RES1000mN2030000E3177000,9713142744,38.0
8296,CRS3035RES1000mN2030000E3177000,9815746657,99.0
8297,CRS3035RES1000mN2030000E3177000,10004871512,25.0
8298,CRS3035RES1000mN2030000E3177000,10281174134,
8299,CRS3035RES1000mN2030000E3177000,10580337411,36.0
8300,CRS3035RES1000mN2030000E3177000,10899442604,96.0
8301,CRS3035RES1000mN2030000E3177000,10922657146,91.0
8302,CRS3035RES1000mN2030000E3177000,11127499928,60.0
8303,CRS3035RES1000mN2030000E3177000,11143725881,64.0
8304,CRS3035RES1000mN2030000E3177000,11243087140,59.0
8305,CRS3035RES1000mN2030000E3177000,11269399969,59.0
8306,CRS3035RES1000mN2030000E3177000,11287269362,29.0
8307,CRS3035RES1000mN2030000E3177000,11287269363,49.0
8308,CRS3035RES1000mN2030000E3177000,11369705764,50.0
8309,CRS3035RES1000mN2030000E3177000,11387776374,60.0
8310,CRS3035RES1000mN2030000E3177000,11461799040,
8311,CRS3035RES1000mN2030000E3177000,11462802981,44.0
8312,CRS3035RES1000mN2030000E3177000,11652077658,66.0
8313,CRS3035RES1000mN2030000E3177000,11691390164,44.0
8314,CRS3035RES1000mN2030000E3177000,11739757462,76.0
8315,CRS3035RES1000mN2030000E3177000,12178446726,66.0
8316,CRS3035RES1000mN2030000E3177000,12407425114,71.0
8317,CRS3035RES1000mN2030000E3177000,12865480228,33.0
8318,CRS3035RES1000mN2030000E3177000,2960630,82.0
8319,CRS3035RES1000mN2030000E3177000,3554044,100.0
8320,CRS3035RES1000mN2030000E3177000,3557906,82.0
8321,CRS3035RES1000mN2030000E3177000,5231361,52.0
8322,CRS3035RES1000mN2030000E3177000,9314566,75.0
8323,CRS3035RES1000mN2030000E3177000,13696257,82.0
8324,CRS3035RES1000mN2030000E3177000,15996131,53.0
8325,CRS3035RES1000mN2030000E3177000,23526191,38.0
8326,CRS3035RES1000mN2030000E3177000,23545719,46.0
8327,CRS3035RES1000mN2030000E3177000,30599279,81.0
8328,CRS3035RES1000mN2030000E3177000,30649229,51.0
8329,CRS3035RES1000mN2030000E3177000,32198651,
8330,CRS3035RES1000mN2030000E3177000,34945111,84.0
8331,CRS3035RES1000mN2030000E3177000,50170625,51.0
8332,CRS3035RES1000mN2030000E3177000,82887228,74.0
8333,CRS3035RES1000mN2030000E3177000,92484952,89.0
8334,CRS3035RES1000mN2030000E3177000,95794713,57.0
8335,CRS3035RES1000mN2030000E3177000,96418670,100.0
8336,CRS3035RES1000mN2030000E3177000,98502686,58.0
8337,CRS3035RES1000mN2030000E3177000,132613257,51.0
8338,CRS3035RES1000mN2030000E3177000,135036040,41.0
8339,CRS3035RES1000mN2030000E3177000,150772489,49.0
8340,CRS3035RES1000mN2030000E3177000,154118456,83.0
8341,CRS3035RES1000mN2030000E3177000,157375776,54.0
8342,CRS3035RES1000mN2030000E3177000,158211204,85.0
8343,CRS3035RES1000mN2030000E3177000,162072415,72.0
8344,CRS3035RES1000mN2030000E3177000,162117720,73.0
8345,CRS3035RES1000mN2030000E3177000,170487273,72.0
8346,CRS3035RES1000mN2030000E3177000,172686062,87.0
8347,CRS3035RES1000mN2030000E3177000,174318235,91.0
8348,CRS3035RES1000mN2030000E3177000,174318237,92.0
8349,CRS3035RES1000mN2030000E3177000,205060159,70.0
8350,CRS3035RES1000mN2030000E3177000,205757163,
8351,CRS3035RES1000mN2030000E3177000,221095520,39.0
8352,CRS3035RES1000mN2030000E3177000,224503374,38.0
8353,CRS3035RES1000mN2030000E3177000,227333462,56.0
8354,CRS3035RES1000mN2030000E3177000,229117454,63.0
8355,CRS3035RES1000mN2030000E3177000,261460389,
8356,CRS3035RES1000mN2030000E3177000,283450022,42.0
8357,CRS3035RES1000mN2030000E3177000,288994040,50.0
8358,CRS3035RES1000mN2030000E3177000,296744564,48.0
8359,CRS3035RES1000mN2030000E3177000,297526406,66.0
8360,CRS3035RES1000mN2030000E3177000,300709861,101.0
8361,CRS3035RES1000mN2030000E3177000,301444634,82.0
8362,CRS3035RES1000mN2030000E3177000,302721609,87.0
8363,CRS3035RES1000mN2030000E3177000,308195630,79.0
8364,CRS3035RES1000mN2030000E3177000,312777902,57.0
8365,CRS3035RES1000mN2030000E3177000,330154630,
8366,CRS3035RES1000mN2030000E3177000,340205456,47.0
8367,CRS3035RES1000mN2030000E3177000,367883612,72.0
8368,CRS3035RES1000mN2030000E3177000,368211943,72.0
8369,CRS3035RES1000mN2030000E3177000,374180360,40.0
8370,CRS3035RES1000mN2030000E3177000,375369499,77.0
8371,CRS3035RES1000mN2030000E3177000,383494544,50.0
8372,CRS3035RES1000mN2030000E3177000,384574591,80.0
8373,CRS3035RES1000mN2030000E3177000,403538322,39.0
8374,CRS3035RES1000mN2030000E3177000,403859503,46.0
8375,CRS3035RES1000mN2030000E3177000,437050442,90.0
8376,CRS3035RES1000mN2030000E3177000,459881697,57.0
8377,CRS3035RES1000mN2030000E3177000,477278425,59.0
8378,CRS3035RES1000mN2030000E3177000,486879235,
8379,CRS3035RES1000mN2030000E3177000,493748377,71.0
8380,CRS3035RES1000mN2030000E3177000,498234201,91.0
8381,CRS3035RES1000mN2030000E3177000,504315026,34.0
8382,CRS3035RES1000mN2030000E3177000,548701490,114.0
8383,CRS3035RES1000mN2030000E3177000,574210084,62.0
8384,CRS3035RES1000mN2030000E3177000,576094143,77.0
8385,CRS3035RES1000mN2030000E3177000,584409067,75.0
8386,CRS3035RES1000mN2030000E3177000,635512756,60.0
8387,CRS3035RES1000mN2030000E3177000,638492224,58.0
8388,CRS3035RES1000mN2030000E3177000,653913062,68.0
8389,CRS3035RES1000mN2030000E3177000,659866770,62.0
8390,CRS3035RES1000mN2030000E3177000,697717972,85.0
8391,CRS3035RES1000mN2030000E3177000,717194862,102.0
8392,CRS3035RES1000mN2030000E3177000,736899303,
8393,CRS3035RES1000mN2030000E3177000,738042217,103.0
8394,CRS3035RES1000mN2030000E3177000,839611983,114.0
8395,CRS3035RES1000mN2030000E3177000,957893520,43.0
8396,CRS3035RES1000mN2030000E3177000,963308110,46.0
8397,CRS3035RES1000mN2030000E3177000,1073283182,80.0
8398,CRS3035RES1000mN2030000E3177000,1252864015,22.0
8399,CRS3035RES1000mN2030000E3177000,1283203658,
8400,CRS3035RES1000mN2031000E3175000,25526,
8401,CRS3035RES1000mN2031000E3175000,1774,99.0
8402,CRS3035RES1000mN2031000E3175000,1770,109.0
8403,CRS3035RES1000mN2031000E3175000,1773,107.0
8404,CRS3035RES1000mN2031000E3175000,1771,105.0
8405,CRS3035RES1000mN2031000E3175000,123303,118.0
8406,CRS3035RES1000mN2031000E3175000,1764,96.0
8407,CRS3035RES1000mN2031000E3175000,181101,114.0
8408,CRS3035RES1000mN2031000E3175000,5765642,
8409,CRS3035RES1000mN2031000E3175000,86719,
8410,CRS3035RES1000mN2031000E3175000,1800,115.0
8411,CRS3035RES1000mN2031000E3175000,1757,116.0
8412,CRS3035RES1000mN2031000E3175000,1755,119.0
8413,CRS3035RES1000mN2031000E3175000,1882,104.0
8414,CRS3035RES1000mN2031000E3175000,1745,87.0
8415,CRS3035RES1000mN2031000E3175000,1794,93.0
8416,CRS3035RES1000mN2031000E3175000,1762,90.0
8417,CRS3035RES1000mN2031000E3175000,51188,100.0
8418,CRS3035RES1000mN2031000E3175000,6893633,93.0
8419,CRS3035RES1000mN2031000E3175000,167128,103.0
8420,CRS3035RES1000mN2031000E3175000,1760,93.0
8421,CRS3035RES1000mN2031000E3175000,12773298,
8422,CRS3035RES1000mN2031000E3175000,1754,
8423,CRS3035RES1000mN2031000E3175000,1748,111.0
8424,CRS3035RES1000mN2031000E3175000,79941,88.0
8425,CRS3035RES1000mN2031000E3175000,1750,103.0
8426,CRS3035RES1000mN2031000E3175000,5975465,107.0
8427,CRS3035RES1000mN2031000E3175000,115056,96.0
8428,CRS3035RES1000mN2031000E3175000,1790,108.0
8429,CRS3035RES1000mN2031000E3175000,1756,119.0
8430,CRS3035RES1000mN2031000E3175000,51849,103.0
8431,CRS3035RES1000mN2031000E3175000,185595,99.0
8432,CRS3035RES1000mN2031000E3175000,7697128,98.0
8433,CRS3035RES1000mN2031000E3175000,10395362,119.0
8434,CRS3035RES1000mN2031000E3175000,1759,99.0
8435,CRS3035RES1000mN2031000E3175000,1752,96.0
8436,CRS3035RES1000mN2031000E3175000,186714,96.0
8437,CRS3035RES1000mN2031000E3175000,1753,112.0
8438,CRS3035RES1000mN2031000E3175000,1792,115.0
8439,CRS3035RES1000mN2031000E3175000,1763,116.0
8440,CRS3035RES1000mN2031000E3175000,1746,105.0
8441,CRS3035RES1000mN2031000E3175000,11572165,
8442,CRS3035RES1000mN2031000E3175000,1761,107.0
8443,CRS3035RES1000mN2031000E3175000,1747,105.0
8444,CRS3035RES1000mN2031000E3175000,5768564,119.0
8445,CRS3035RES1000mN2031000E3175000,1798,106.0
8446,CRS3035RES1000mN2031000E3175000,66904,108.0
8447,CRS3035RES1000mN2031000E3175000,1777,92.0
8448,CRS3035RES1000mN2031000E3175000,1765,93.0
8449,CRS3035RES1000mN2031000E3175000,49416,118.0
8450,CRS3035RES1000mN2031000E3175000,12734939,118.0
8451,CRS3035RES1000mN2031000E3175000,167386167,98.0
8452,CRS3035RES1000mN2031000E3175000,295933804,
8453,CRS3035RES1000mN2031000E3175000,303340017,114.0
8454,CRS3035RES1000mN2031000E3175000,315355551,
8455,CRS3035RES1000mN2031000E3175000,339084977,110.0
8456,CRS3035RES1000mN2031000E3175000,412911553,103.0
8457,CRS3035RES1000mN2031000E3175000,558126037,
8458,CRS3035RES1000mN2031000E3175000,711789768,
8459,CRS3035RES1000mN2031000E3175000,727666062,
8460,CRS3035RES1000mN2031000E3175000,848085869,
8461,CRS3035RES1000mN2031000E3175000,1056098898,105.0
8462,CRS3035RES1000mN2031000E3175000,1255438242,117.0
8463,CRS3035RES1000mN2031000E3175000,1469985039,105.0
8464,CRS3035RES1000mN2031000E3175000,1504302537,
8465,CRS3035RES1000mN2031000E3175000,1511617504,
8466,CRS3035RES1000mN2031000E3175000,1541601287,
8467,CRS3035RES1000mN2031000E3175000,1544591296,112.0
8468,CRS3035RES1000mN2031000E3175000,1598174183,87.0
8469,CRS3035RES1000mN2031000E3175000,1629887846,91.0
8470,CRS3035RES1000mN2031000E3175000,1686660176,98.0
8471,CRS3035RES1000mN2031000E3175000,1716927336,
8472,CRS3035RES1000mN2031000E3175000,1734554324,94.0
8473,CRS3035RES1000mN2031000E3175000,1849109335,119.0
8474,CRS3035RES1000mN2031000E3175000,2028408680,
8475,CRS3035RES1000mN2031000E3175000,2036887702,
8476,CRS3035RES1000mN2031000E3175000,2061404218,117.0
8477,CRS3035RES1000mN2031000E3175000,2134238030,96.0
8478,CRS3035RES1000mN2031000E3175000,2261600754,
8479,CRS3035RES1000mN2031000E3175000,2301402027,99.0
8480,CRS3035RES1000mN2031000E3175000,2303966810,
8481,CRS3035RES1000mN2031000E3175000,2312029862,90.0
8482,CRS3035RES1000mN2031000E3175000,2408860250,
8483,CRS3035RES1000mN2031000E3175000,2620185829,103.0
8484,CRS3035RES1000mN2031000E3175000,2622508931,103.0
8485,CRS3035RES1000mN2031000E3175000,2672130951,
8486,CRS3035RES1000mN2031000E3175000,2710518818,
8487,CRS3035RES1000mN2031000E3175000,3034026261,
8488,CRS3035RES1000mN2031000E3175000,3179889751,
8489,CRS3035RES1000mN2031000E3175000,3206611978,
8490,CRS3035RES1000mN2031000E3175000,3272828439,
8491,CRS3035RES1000mN2031000E3175000,3452364276,99.0
8492,CRS3035RES1000mN2031000E3175000,3452364277,94.0
8493,CRS3035RES1000mN2031000E3175000,3495733197,
8494,CRS3035RES1000mN2031000E3175000,3497154853,
8495,CRS3035RES1000mN2031000E3175000,3517755445,
8496,CRS3035RES1000mN2031000E3175000,3522125657,
8497,CRS3035RES1000mN2031000E3175000,3526751794,
8498,CRS3035RES1000mN2031000E3175000,3839306060,94.0
8499,CRS3035RES1000mN2031000E3175000,4214697664,112.0
8500,CRS3035RES1000mN2031000E3175000,4338252586,
8501,CRS3035RES1000mN2031000E3175000,4401271633,
8502,CRS3035RES1000mN2031000E3175000,4515476768,
8503,CRS3035RES1000mN2031000E3175000,4569910891,100.0
8504,CRS3035RES1000mN2031000E3175000,4703730491,
8505,CRS3035RES1000mN2031000E3175000,4707870392,
8506,CRS3035RES1000mN2031000E3175000,4789037769,
8507,CRS3035RES1000mN2031000E3175000,4794233143,
8508,CRS3035RES1000mN2031000E3175000,4870405674,
8509,CRS3035RES1000mN2031000E3175000,5139379922,
8510,CRS3035RES1000mN2031000E3175000,5160337425,102.0
8511,CRS3035RES1000mN2031000E3175000,5196199575,
8512,CRS3035RES1000mN2031000E3175000,5341570554,101.0
8513,CRS3035RES1000mN2031000E3175000,5345949864,
8514,CRS3035RES1000mN2031000E3175000,5448507385,
8515,CRS3035RES1000mN2031000E3175000,5604693894,
8516,CRS3035RES1000mN2031000E3175000,5670401989,
8517,CRS3035RES1000mN2031000E3175000,5942671299,
8518,CRS3035RES1000mN2031000E3175000,5943980960,
8519,CRS3035RES1000mN2031000E3175000,6185791451,
8520,CRS3035RES1000mN2031000E3175000,6188948286,116.0
8521,CRS3035RES1000mN2031000E3175000,6555800191,
8522,CRS3035RES1000mN2031000E3175000,6885254479,116.0
8523,CRS3035RES1000mN2031000E3175000,7222611268,
8524,CRS3035RES1000mN2031000E3175000,7408961006,
8525,CRS3035RES1000mN2031000E3175000,7619964683,
8526,CRS3035RES1000mN2031000E3175000,7836562695,
8527,CRS3035RES1000mN2031000E3175000,8493729364,109.0
8528,CRS3035RES1000mN2031000E3175000,8557885377,
8529,CRS3035RES1000mN2031000E3175000,8807212208,91.0
8530,CRS3035RES1000mN2031000E3175000,8844229173,102.0
8531,CRS3035RES1000mN2031000E3175000,8878422600,
8532,CRS3035RES1000mN2031000E3175000,9595709188,100.0
8533,CRS3035RES1000mN2031000E3175000,9611387099,114.0
8534,CRS3035RES1000mN2031000E3175000,9712656915,103.0
8535,CRS3035RES1000mN2031000E3175000,9713142744,96.0
8536,CRS3035RES1000mN2031000E3175000,9815746657,
8537,CRS3035RES1000mN2031000E3175000,10004871512,89.0
8538,CRS3035RES1000mN2031000E3175000,10281174134,
8539,CRS3035RES1000mN2031000E3175000,10580337411,98.0
8540,CRS3035RES1000mN2031000E3175000,10899442604,
8541,CRS3035RES1000mN2031000E3175000,10922657146,
8542,CRS3035RES1000mN2031000E3175000,11127499928,117.0
8543,CRS3035RES1000mN2031000E3175000,11143725881,
8544,CRS3035RES1000mN2031000E3175000,11243087140,116.0
8545,CRS3035RES1000mN2031000E3175000,11269399969,117.0
8546,CRS3035RES1000mN2031000E3175000,11287269362,90.0
8547,CRS3035RES1000mN2031000E3175000,11287269363,109.0
8548,CRS3035RES1000mN2031000E3175000,11369705764,103.0
8549,CRS3035RES1000mN2031000E3175000,11387776374,
8550,CRS3035RES1000mN2031000E3175000,11461799040,
8551,CRS3035RES1000mN2031000E3175000,11462802981,104.0
8552,CRS3035RES1000mN2031000E3175000,11652077658,
8553,CRS3035RES1000mN2031000E3175000,11691390164,103.0
8554,CRS3035RES1000mN2031000E3175000,11739757462,
8555,CRS3035RES1000mN2031000E3175000,12178446726,
8556,CRS3035RES1000mN2031000E3175000,12407425114,
8557,CRS3035RES1000mN2031000E3175000,12865480228,95.0
8558,CRS3035RES1000mN2031000E3175000,2960630,
8559,CRS3035RES1000mN2031000E3175000,3554044,
8560,CRS3035RES1000mN2031000E3175000,3557906,
8561,CRS3035RES1000mN2031000E3175000,5231361,110.0
8562,CRS3035RES1000mN2031000E3175000,9314566,
8563,CRS3035RES1000mN2031000E3175000,13696257,
8564,CRS3035RES1000mN2031000E3175000,15996131,111.0
8565,CRS3035RES1000mN2031000E3175000,23526191,95.0
8566,CRS3035RES1000mN2031000E3175000,23545719,106.0
8567,CRS3035RES1000mN2031000E3175000,30599279,
8568,CRS3035RES1000mN2031000E3175000,30649229,109.0
8569,CRS3035RES1000mN2031000E3175000,32198651,
8570,CRS3035RES1000mN2031000E3175000,34945111,
8571,CRS3035RES1000mN2031000E3175000,50170625,
8572,CRS3035RES1000mN2031000E3175000,82887228,
8573,CRS3035RES1000mN2031000E3175000,92484952,
8574,CRS3035RES1000mN2031000E3175000,95794713,118.0
8575,CRS3035RES1000mN2031000E3175000,96418670,
8576,CRS3035RES1000mN2031000E3175000,98502686,115.0
8577,CRS3035RES1000mN2031000E3175000,132613257,110.0
8578,CRS3035RES1000mN2031000E3175000,135036040,91.0
8579,CRS3035RES1000mN2031000E3175000,150772489,107.0
8580,CRS3035RES1000mN2031000E3175000,154118456,
8581,CRS3035RES1000mN2031000E3175000,157375776,111.0
8582,CRS3035RES1000mN2031000E3175000,158211204,
8583,CRS3035RES1000mN2031000E3175000,162072415,
8584,CRS3035RES1000mN2031000E3175000,162117720,
8585,CRS3035RES1000mN2031000E3175000,170487273,
8586,CRS3035RES1000mN2031000E3175000,172686062,
8587,CRS3035RES1000mN2031000E3175000,174318235,
8588,CRS3035RES1000mN2031000E3175000,174318237,
8589,CRS3035RES1000mN2031000E3175000,205060159,
8590,CRS3035RES1000mN2031000E3175000,205757163,
8591,CRS3035RES1000mN2031000E3175000,221095520,98.0
8592,CRS3035RES1000mN2031000E3175000,224503374,95.0
8593,CRS3035RES1000mN2031000E3175000,227333462,117.0
8594,CRS3035RES1000mN2031000E3175000,229117454,119.0
8595,CRS3035RES1000mN2031000E3175000,261460389,
8596,CRS3035RES1000mN2031000E3175000,283450022,99.0
8597,CRS3035RES1000mN2031000E3175000,288994040,108.0
8598,CRS3035RES1000mN2031000E3175000,296744564,119.0
8599,CRS3035RES1000mN2031000E3175000,297526406,
8600,CRS3035RES1000mN2031000E3175000,300709861,
8601,CRS3035RES1000mN2031000E3175000,301444634,
8602,CRS3035RES1000mN2031000E3175000,302721609,
8603,CRS3035RES1000mN2031000E3175000,308195630,
8604,CRS3035RES1000mN2031000E3175000,312777902,115.0
8605,CRS3035RES1000mN2031000E3175000,330154630,
8606,CRS3035RES1000mN2031000E3175000,340205456,105.0
8607,CRS3035RES1000mN2031000E3175000,367883612,
8608,CRS3035RES1000mN2031000E3175000,368211943,
8609,CRS3035RES1000mN2031000E3175000,374180360,95.0
8610,CRS3035RES1000mN2031000E3175000,375369499,
8611,CRS3035RES1000mN2031000E3175000,383494544,107.0
8612,CRS3035RES1000mN2031000E3175000,384574591,
8613,CRS3035RES1000mN2031000E3175000,403538322,113.0
8614,CRS3035RES1000mN2031000E3175000,403859503,102.0
8615,CRS3035RES1000mN2031000E3175000,437050442,
8616,CRS3035RES1000mN2031000E3175000,459881697,118.0
8617,CRS3035RES1000mN2031000E3175000,477278425,
8618,CRS3035RES1000mN2031000E3175000,486879235,
8619,CRS3035RES1000mN2031000E3175000,493748377,
8620,CRS3035RES1000mN2031000E3175000,498234201,
8621,CRS3035RES1000mN2031000E3175000,504315026,96.0
8622,CRS3035RES1000mN2031000E3175000,548701490,
8623,CRS3035RES1000mN2031000E3175000,574210084,
8624,CRS3035RES1000mN2031000E3175000,576094143,
8625,CRS3035RES1000mN2031000E3175000,584409067,
8626,CRS3035RES1000mN2031000E3175000,635512756,117.0
8627,CRS3035RES1000mN2031000E3175000,638492224,
8628,CRS3035RES1000mN2031000E3175000,653913062,
8629,CRS3035RES1000mN2031000E3175000,659866770,
8630,CRS3035RES1000mN2031000E3175000,697717972,
8631,CRS3035RES1000mN2031000E3175000,717194862,
8632,CRS3035RES1000mN2031000E3175000,736899303,
8633,CRS3035RES1000mN2031000E3175000,738042217,
8634,CRS3035RES1000mN2031000E3175000,839611983,
8635,CRS3035RES1000mN2031000E3175000,957893520,100.0
8636,CRS3035RES1000mN2031000E3175000,963308110,100.0
8637,CRS3035RES1000mN2031000E3175000,1073283182,
8638,CRS3035RES1000mN2031000E3175000,1252864015,86.0
8639,CRS3035RES1000mN2031000E3175000,1283203658,
8640,CRS3035RES1000mN2031000E3176000,25526,72.0
8641,CRS3035RES1000mN2031000E3176000,1774,44.0
8642,CRS3035RES1000mN2031000E3176000,1770,55.0
8643,CRS3035RES1000mN2031000E3176000,1773,53.0
8644,CRS3035RES1000mN2031000E3176000,1771,49.0
8645,CRS3035RES1000mN2031000E3176000,123303,63.0
8646,CRS3035RES1000mN2031000E3176000,1764,43.0
8647,CRS3035RES1000mN2031000E3176000,181101,62.0
8648,CRS3035RES1000mN2031000E3176000,5765642,69.0
8649,CRS3035RES1000mN2031000E3176000,86719,70.0
8650,CRS3035RES1000mN2031000E3176000,1800,62.0
8651,CRS3035RES1000mN2031000E3176000,1757,62.0
8652,CRS3035RES1000mN2031000E3176000,1755,62.0
8653,CRS3035RES1000mN2031000E3176000,1882,49.0
8654,CRS3035RES1000mN2031000E3176000,1745,32.0
8655,CRS3035RES1000mN2031000E3176000,1794,39.0
8656,CRS3035RES1000mN2031000E3176000,1762,35.0
8657,CRS3035RES1000mN2031000E3176000,51188,46.0
8658,CRS3035RES1000mN2031000E3176000,6893633,39.0
8659,CRS3035RES1000mN2031000E3176000,167128,49.0
8660,CRS3035RES1000mN2031000E3176000,1760,39.0
8661,CRS3035RES1000mN2031000E3176000,12773298,69.0
8662,CRS3035RES1000mN2031000E3176000,1754,69.0
8663,CRS3035RES1000mN2031000E3176000,1748,61.0
8664,CRS3035RES1000mN2031000E3176000,79941,35.0
8665,CRS3035RES1000mN2031000E3176000,1750,49.0
8666,CRS3035RES1000mN2031000E3176000,5975465,52.0
8667,CRS3035RES1000mN2031000E3176000,115056,44.0
8668,CRS3035RES1000mN2031000E3176000,1790,54.0
8669,CRS3035RES1000mN2031000E3176000,1756,64.0
8670,CRS3035RES1000mN2031000E3176000,51849,48.0
8671,CRS3035RES1000mN2031000E3176000,185595,45.0
8672,CRS3035RES1000mN2031000E3176000,7697128,44.0
8673,CRS3035RES1000mN2031000E3176000,10395362,65.0
8674,CRS3035RES1000mN2031000E3176000,1759,45.0
8675,CRS3035RES1000mN2031000E3176000,1752,42.0
8676,CRS3035RES1000mN2031000E3176000,186714,41.0
8677,CRS3035RES1000mN2031000E3176000,1753,57.0
8678,CRS3035RES1000mN2031000E3176000,1792,62.0
8679,CRS3035RES1000mN2031000E3176000,1763,61.0
8680,CRS3035RES1000mN2031000E3176000,1746,52.0
8681,CRS3035RES1000mN2031000E3176000,11572165,62.0
8682,CRS3035RES1000mN2031000E3176000,1761,52.0
8683,CRS3035RES1000mN2031000E3176000,1747,53.0
8684,CRS3035RES1000mN2031000E3176000,5768564,65.0
8685,CRS3035RES1000mN2031000E3176000,1798,50.0
8686,CRS3035RES1000mN2031000E3176000,66904,55.0
8687,CRS3035RES1000mN2031000E3176000,1777,37.0
8688,CRS3035RES1000mN2031000E3176000,1765,38.0
8689,CRS3035RES1000mN2031000E3176000,49416,65.0
8690,CRS3035RES1000mN2031000E3176000,12734939,65.0
8691,CRS3035RES1000mN2031000E3176000,167386167,43.0
8692,CRS3035RES1000mN2031000E3176000,295933804,67.0
8693,CRS3035RES1000mN2031000E3176000,303340017,57.0
8694,CRS3035RES1000mN2031000E3176000,315355551,84.0
8695,CRS3035RES1000mN2031000E3176000,339084977,57.0
8696,CRS3035RES1000mN2031000E3176000,412911553,48.0
8697,CRS3035RES1000mN2031000E3176000,558126037,78.0
8698,CRS3035RES1000mN2031000E3176000,711789768,104.0
8699,CRS3035RES1000mN2031000E3176000,727666062,
8700,CRS3035RES1000mN2031000E3176000,848085869,85.0
8701,CRS3035RES1000mN2031000E3176000,1056098898,51.0
8702,CRS3035RES1000mN2031000E3176000,1255438242,48.0
8703,CRS3035RES1000mN2031000E3176000,1469985039,54.0
8704,CRS3035RES1000mN2031000E3176000,1504302537,93.0
8705,CRS3035RES1000mN2031000E3176000,1511617504,91.0
8706,CRS3035RES1000mN2031000E3176000,1541601287,78.0
8707,CRS3035RES1000mN2031000E3176000,1544591296,59.0
8708,CRS3035RES1000mN2031000E3176000,1598174183,34.0
8709,CRS3035RES1000mN2031000E3176000,1629887846,35.0
8710,CRS3035RES1000mN2031000E3176000,1686660176,44.0
8711,CRS3035RES1000mN2031000E3176000,1716927336,86.0
8712,CRS3035RES1000mN2031000E3176000,1734554324,62.0
8713,CRS3035RES1000mN2031000E3176000,1849109335,62.0
8714,CRS3035RES1000mN2031000E3176000,2028408680,95.0
8715,CRS3035RES1000mN2031000E3176000,2036887702,61.0
8716,CRS3035RES1000mN2031000E3176000,2061404218,63.0
8717,CRS3035RES1000mN2031000E3176000,2134238030,52.0
8718,CRS3035RES1000mN2031000E3176000,2261600754,
8719,CRS3035RES1000mN2031000E3176000,2301402027,54.0
8720,CRS3035RES1000mN2031000E3176000,2303966810,101.0
8721,CRS3035RES1000mN2031000E3176000,2312029862,32.0
8722,CRS3035RES1000mN2031000E3176000,2408860250,79.0
8723,CRS3035RES1000mN2031000E3176000,2620185829,48.0
8724,CRS3035RES1000mN2031000E3176000,2622508931,49.0
8725,CRS3035RES1000mN2031000E3176000,2672130951,118.0
8726,CRS3035RES1000mN2031000E3176000,2710518818,79.0
8727,CRS3035RES1000mN2031000E3176000,3034026261,
8728,CRS3035RES1000mN2031000E3176000,3179889751,85.0
8729,CRS3035RES1000mN2031000E3176000,3206611978,
8730,CRS3035RES1000mN2031000E3176000,3272828439,100.0
8731,CRS3035RES1000mN2031000E3176000,3452364276,42.0
8732,CRS3035RES1000mN2031000E3176000,3452364277,39.0
8733,CRS3035RES1000mN2031000E3176000,3495733197,
8734,CRS3035RES1000mN2031000E3176000,3497154853,
8735,CRS3035RES1000mN2031000E3176000,3517755445,
8736,CRS3035RES1000mN2031000E3176000,3522125657,
8737,CRS3035RES1000mN2031000E3176000,3526751794,88.0
8738,CRS3035RES1000mN2031000E3176000,3839306060,45.0
8739,CRS3035RES1000mN2031000E3176000,4214697664,57.0
8740,CRS3035RES1000mN2031000E3176000,4338252586,76.0
8741,CRS3035RES1000mN2031000E3176000,4401271633,
8742,CRS3035RES1000mN2031000E3176000,4515476768,
8743,CRS3035RES1000mN2031000E3176000,4569910891,46.0
8744,CRS3035RES1000mN2031000E3176000,4703730491,79.0
8745,CRS3035RES1000mN2031000E3176000,4707870392,81.0
8746,CRS3035RES1000mN2031000E3176000,4789037769,101.0
8747,CRS3035RES1000mN2031000E3176000,4794233143,117.0
8748,CRS3035RES1000mN2031000E3176000,4870405674,67.0
8749,CRS3035RES1000mN2031000E3176000,5139379922,97.0
8750,CRS3035RES1000mN2031000E3176000,5160337425,47.0
8751,CRS3035RES1000mN2031000E3176000,5196199575,86.0
8752,CRS3035RES1000mN2031000E3176000,5341570554,46.0
8753,CRS3035RES1000mN2031000E3176000,5345949864,80.0
8754,CRS3035RES1000mN2031000E3176000,5448507385,
8755,CRS3035RES1000mN2031000E3176000,5604693894,73.0
8756,CRS3035RES1000mN2031000E3176000,5670401989,92.0
8757,CRS3035RES1000mN2031000E3176000,5942671299,76.0
8758,CRS3035RES1000mN2031000E3176000,5943980960,92.0
8759,CRS3035RES1000mN2031000E3176000,6185791451,
8760,CRS3035RES1000mN2031000E3176000,6188948286,67.0
8761,CRS3035RES1000mN2031000E3176000,6555800191,87.0
8762,CRS3035RES1000mN2031000E3176000,6885254479,61.0
8763,CRS3035RES1000mN2031000E3176000,7222611268,85.0
8764,CRS3035RES1000mN2031000E3176000,7408961006,113.0
8765,CRS3035RES1000mN2031000E3176000,7619964683,113.0
8766,CRS3035RES1000mN2031000E3176000,7836562695,88.0
8767,CRS3035RES1000mN2031000E3176000,8493729364,53.0
8768,CRS3035RES1000mN2031000E3176000,8557885377,73.0
8769,CRS3035RES1000mN2031000E3176000,8807212208,37.0
8770,CRS3035RES1000mN2031000E3176000,8844229173,47.0
8771,CRS3035RES1000mN2031000E3176000,8878422600,77.0
8772,CRS3035RES1000mN2031000E3176000,9595709188,45.0
8773,CRS3035RES1000mN2031000E3176000,9611387099,59.0
8774,CRS3035RES1000mN2031000E3176000,9712656915,48.0
8775,CRS3035RES1000mN2031000E3176000,9713142744,40.0
8776,CRS3035RES1000mN2031000E3176000,9815746657,99.0
8777,CRS3035RES1000mN2031000E3176000,10004871512,37.0
8778,CRS3035RES1000mN2031000E3176000,10281174134,
8779,CRS3035RES1000mN2031000E3176000,10580337411,49.0
8780,CRS3035RES1000mN2031000E3176000,10899442604,97.0
8781,CRS3035RES1000mN2031000E3176000,10922657146,92.0
8782,CRS3035RES1000mN2031000E3176000,11127499928,60.0
8783,CRS3035RES1000mN2031000E3176000,11143725881,65.0
8784,CRS3035RES1000mN2031000E3176000,11243087140,59.0
8785,CRS3035RES1000mN2031000E3176000,11269399969,62.0
8786,CRS3035RES1000mN2031000E3176000,11287269362,40.0
8787,CRS3035RES1000mN2031000E3176000,11287269363,65.0
8788,CRS3035RES1000mN2031000E3176000,11369705764,54.0
8789,CRS3035RES1000mN2031000E3176000,11387776374,69.0
8790,CRS3035RES1000mN2031000E3176000,11461799040,
8791,CRS3035RES1000mN2031000E3176000,11462802981,53.0
8792,CRS3035RES1000mN2031000E3176000,11652077658,67.0
8793,CRS3035RES1000mN2031000E3176000,11691390164,47.0
8794,CRS3035RES1000mN2031000E3176000,11739757462,78.0
8795,CRS3035RES1000mN2031000E3176000,12178446726,69.0
8796,CRS3035RES1000mN2031000E3176000,12407425114,72.0
8797,CRS3035RES1000mN2031000E3176000,12865480228,46.0
8798,CRS3035RES1000mN2031000E3176000,2960630,84.0
8799,CRS3035RES1000mN2031000E3176000,3554044,101.0
8800,CRS3035RES1000mN2031000E3176000,3557906,85.0
8801,CRS3035RES1000mN2031000E3176000,5231361,55.0
8802,CRS3035RES1000mN2031000E3176000,9314566,76.0
8803,CRS3035RES1000mN2031000E3176000,13696257,83.0
8804,CRS3035RES1000mN2031000E3176000,15996131,56.0
8805,CRS3035RES1000mN2031000E3176000,23526191,41.0
8806,CRS3035RES1000mN2031000E3176000,23545719,52.0
8807,CRS3035RES1000mN2031000E3176000,30599279,83.0
8808,CRS3035RES1000mN2031000E3176000,30649229,54.0
8809,CRS3035RES1000mN2031000E3176000,32198651,
8810,CRS3035RES1000mN2031000E3176000,34945111,86.0
8811,CRS3035RES1000mN2031000E3176000,50170625,71.0
8812,CRS3035RES1000mN2031000E3176000,82887228,75.0
8813,CRS3035RES1000mN2031000E3176000,92484952,90.0
8814,CRS3035RES1000mN2031000E3176000,95794713,63.0
8815,CRS3035RES1000mN2031000E3176000,96418670,102.0
8816,CRS3035RES1000mN2031000E3176000,98502686,59.0
8817,CRS3035RES1000mN2031000E3176000,132613257,58.0
8818,CRS3035RES1000mN2031000E3176000,135036040,42.0
8819,CRS3035RES1000mN2031000E3176000,150772489,52.0
8820,CRS3035RES1000mN2031000E3176000,154118456,84.0
8821,CRS3035RES1000mN2031000E3176000,157375776,54.0
8822,CRS3035RES1000mN2031000E3176000,158211204,87.0
8823,CRS3035RES1000mN2031000E3176000,162072415,76.0
8824,CRS3035RES1000mN2031000E3176000,162117720,74.0
8825,CRS3035RES1000mN2031000E3176000,170487273,72.0
8826,CRS3035RES1000mN2031000E3176000,172686062,89.0
8827,CRS3035RES1000mN2031000E3176000,174318235,92.0
8828,CRS3035RES1000mN2031000E3176000,174318237,93.0
8829,CRS3035RES1000mN2031000E3176000,205060159,70.0
8830,CRS3035RES1000mN2031000E3176000,205757163,
8831,CRS3035RES1000mN2031000E3176000,221095520,52.0
8832,CRS3035RES1000mN2031000E3176000,224503374,41.0
8833,CRS3035RES1000mN2031000E3176000,227333462,57.0
8834,CRS3035RES1000mN2031000E3176000,229117454,64.0
8835,CRS3035RES1000mN2031000E3176000,261460389,
8836,CRS3035RES1000mN2031000E3176000,283450022,45.0
8837,CRS3035RES1000mN2031000E3176000,288994040,53.0
8838,CRS3035RES1000mN2031000E3176000,296744564,49.0
8839,CRS3035RES1000mN2031000E3176000,297526406,66.0
8840,CRS3035RES1000mN2031000E3176000,300709861,103.0
8841,CRS3035RES1000mN2031000E3176000,301444634,83.0
8842,CRS3035RES1000mN2031000E3176000,302721609,88.0
8843,CRS3035RES1000mN2031000E3176000,308195630,79.0
8844,CRS3035RES1000mN2031000E3176000,312777902,59.0
8845,CRS3035RES1000mN2031000E3176000,330154630,
8846,CRS3035RES1000mN2031000E3176000,340205456,50.0
8847,CRS3035RES1000mN2031000E3176000,367883612,73.0
8848,CRS3035RES1000mN2031000E3176000,368211943,74.0
8849,CRS3035RES1000mN2031000E3176000,374180360,45.0
8850,CRS3035RES1000mN2031000E3176000,375369499,78.0
8851,CRS3035RES1000mN2031000E3176000,383494544,52.0
8852,CRS3035RES1000mN2031000E3176000,384574591,82.0
8853,CRS3035RES1000mN2031000E3176000,403538322,55.0
8854,CRS3035RES1000mN2031000E3176000,403859503,48.0
8855,CRS3035RES1000mN2031000E3176000,437050442,91.0
8856,CRS3035RES1000mN2031000E3176000,459881697,58.0
8857,CRS3035RES1000mN2031000E3176000,477278425,75.0
8858,CRS3035RES1000mN2031000E3176000,486879235,
8859,CRS3035RES1000mN2031000E3176000,493748377,74.0
8860,CRS3035RES1000mN2031000E3176000,498234201,93.0
8861,CRS3035RES1000mN2031000E3176000,504315026,47.0
8862,CRS3035RES1000mN2031000E3176000,548701490,115.0
8863,CRS3035RES1000mN2031000E3176000,574210084,62.0
8864,CRS3035RES1000mN2031000E3176000,576094143,79.0
8865,CRS3035RES1000mN2031000E3176000,584409067,81.0
8866,CRS3035RES1000mN2031000E3176000,635512756,60.0
8867,CRS3035RES1000mN2031000E3176000,638492224,59.0
8868,CRS3035RES1000mN2031000E3176000,653913062,69.0
8869,CRS3035RES1000mN2031000E3176000,659866770,62.0
8870,CRS3035RES1000mN2031000E3176000,697717972,88.0
8871,CRS3035RES1000mN2031000E3176000,717194862,102.0
8872,CRS3035RES1000mN2031000E3176000,736899303,
8873,CRS3035RES1000mN2031000E3176000,738042217,106.0
8874,CRS3035RES1000mN2031000E3176000,839611983,114.0
8875,CRS3035RES1000mN2031000E3176000,957893520,45.0
8876,CRS3035RES1000mN2031000E3176000,963308110,52.0
8877,CRS3035RES1000mN2031000E3176000,1073283182,81.0
8878,CRS3035RES1000mN2031000E3176000,1252864015,34.0
8879,CRS3035RES1000mN2031000E3176000,1283203658,
8880,CRS3035RES1000mN2031000E3177000,25526,75.0
8881,CRS3035RES1000mN2031000E3177000,1774,46.0
8882,CRS3035RES1000mN2031000E3177000,1770,58.0
8883,CRS3035RES1000mN2031000E3177000,1773,55.0
8884,CRS3035RES1000mN2031000E3177000,1771,52.0
8885,CRS3035RES1000mN2031000E3177000,123303,65.0
8886,CRS3035RES1000mN2031000E3177000,1764,45.0
8887,CRS3035RES1000mN2031000E3177000,181101,57.0
8888,CRS3035RES1000mN2031000E3177000,5765642,72.0
8889,CRS3035RES1000mN2031000E3177000,86719,72.0
8890,CRS3035RES1000mN2031000E3177000,1800,60.0
8891,CRS3035RES1000mN2031000E3177000,1757,65.0
8892,CRS3035RES1000mN2031000E3177000,1755,65.0
8893,CRS3035RES1000mN2031000E3177000,1882,52.0
8894,CRS3035RES1000mN2031000E3177000,1745,37.0
8895,CRS3035RES1000mN2031000E3177000,1794,43.0
8896,CRS3035RES1000mN2031000E3177000,1762,37.0
8897,CRS3035RES1000mN2031000E3177000,51188,48.0
8898,CRS3035RES1000mN2031000E3177000,6893633,42.0
8899,CRS3035RES1000mN2031000E3177000,167128,50.0
8900,CRS3035RES1000mN2031000E3177000,1760,41.0
8901,CRS3035RES1000mN2031000E3177000,12773298,71.0
8902,CRS3035RES1000mN2031000E3177000,1754,70.0
8903,CRS3035RES1000mN2031000E3177000,1748,56.0
8904,CRS3035RES1000mN2031000E3177000,79941,39.0
8905,CRS3035RES1000mN2031000E3177000,1750,51.0
8906,CRS3035RES1000mN2031000E3177000,5975465,54.0
8907,CRS3035RES1000mN2031000E3177000,115056,48.0
8908,CRS3035RES1000mN2031000E3177000,1790,56.0
8909,CRS3035RES1000mN2031000E3177000,1756,66.0
8910,CRS3035RES1000mN2031000E3177000,51849,49.0
8911,CRS3035RES1000mN2031000E3177000,185595,48.0
8912,CRS3035RES1000mN2031000E3177000,7697128,46.0
8913,CRS3035RES1000mN2031000E3177000,10395362,67.0
8914,CRS3035RES1000mN2031000E3177000,1759,47.0
8915,CRS3035RES1000mN2031000E3177000,1752,45.0
8916,CRS3035RES1000mN2031000E3177000,186714,43.0
8917,CRS3035RES1000mN2031000E3177000,1753,59.0
8918,CRS3035RES1000mN2031000E3177000,1792,58.0
8919,CRS3035RES1000mN2031000E3177000,1763,63.0
8920,CRS3035RES1000mN2031000E3177000,1746,54.0
8921,CRS3035RES1000mN2031000E3177000,11572165,64.0
8922,CRS3035RES1000mN2031000E3177000,1761,55.0
8923,CRS3035RES1000mN2031000E3177000,1747,51.0
8924,CRS3035RES1000mN2031000E3177000,5768564,68.0
8925,CRS3035RES1000mN2031000E3177000,1798,52.0
8926,CRS3035RES1000mN2031000E3177000,66904,57.0
8927,CRS3035RES1000mN2031000E3177000,1777,40.0
8928,CRS3035RES1000mN2031000E3177000,1765,40.0
8929,CRS3035RES1000mN2031000E3177000,49416,63.0
8930,CRS3035RES1000mN2031000E3177000,12734939,63.0
8931,CRS3035RES1000mN2031000E3177000,167386167,45.0
8932,CRS3035RES1000mN2031000E3177000,295933804,68.0
8933,CRS3035RES1000mN2031000E3177000,303340017,58.0
8934,CRS3035RES1000mN2031000E3177000,315355551,87.0
8935,CRS3035RES1000mN2031000E3177000,339084977,58.0
8936,CRS3035RES1000mN2031000E3177000,412911553,50.0
8937,CRS3035RES1000mN2031000E3177000,558126037,84.0
8938,CRS3035RES1000mN2031000E3177000,711789768,114.0
8939,CRS3035RES1000mN2031000E3177000,727666062,
8940,CRS3035RES1000mN2031000E3177000,848085869,86.0
8941,CRS3035RES1000mN2031000E3177000,1056098898,54.0
8942,CRS3035RES1000mN2031000E3177000,1255438242,50.0
8943,CRS3035RES1000mN2031000E3177000,1469985039,49.0
8944,CRS3035RES1000mN2031000E3177000,1504302537,89.0
8945,CRS3035RES1000mN2031000E3177000,1511617504,93.0
8946,CRS3035RES1000mN2031000E3177000,1541601287,79.0
8947,CRS3035RES1000mN2031000E3177000,1544591296,62.0
8948,CRS3035RES1000mN2031000E3177000,1598174183,29.0
8949,CRS3035RES1000mN2031000E3177000,1629887846,32.0
8950,CRS3035RES1000mN2031000E3177000,1686660176,48.0
8951,CRS3035RES1000mN2031000E3177000,1716927336,86.0
8952,CRS3035RES1000mN2031000E3177000,1734554324,62.0
8953,CRS3035RES1000mN2031000E3177000,1849109335,63.0
8954,CRS3035RES1000mN2031000E3177000,2028408680,96.0
8955,CRS3035RES1000mN2031000E3177000,2036887702,61.0
8956,CRS3035RES1000mN2031000E3177000,2061404218,64.0
8957,CRS3035RES1000mN2031000E3177000,2134238030,52.0
8958,CRS3035RES1000mN2031000E3177000,2261600754,
8959,CRS3035RES1000mN2031000E3177000,2301402027,53.0
8960,CRS3035RES1000mN2031000E3177000,2303966810,111.0
8961,CRS3035RES1000mN2031000E3177000,2312029862,22.0
8962,CRS3035RES1000mN2031000E3177000,2408860250,83.0
8963,CRS3035RES1000mN2031000E3177000,2620185829,51.0
8964,CRS3035RES1000mN2031000E3177000,2622508931,51.0
8965,CRS3035RES1000mN2031000E3177000,2672130951,119.0
8966,CRS3035RES1000mN2031000E3177000,2710518818,77.0
8967,CRS3035RES1000mN2031000E3177000,3034026261,
8968,CRS3035RES1000mN2031000E3177000,3179889751,84.0
8969,CRS3035RES1000mN2031000E3177000,3206611978,
8970,CRS3035RES1000mN2031000E3177000,3272828439,102.0
8971,CRS3035RES1000mN2031000E3177000,3452364276,47.0
8972,CRS3035RES1000mN2031000E3177000,3452364277,41.0
8973,CRS3035RES1000mN2031000E3177000,3495733197,
8974,CRS3035RES1000mN2031000E3177000,3497154853,
8975,CRS3035RES1000mN2031000E3177000,3517755445,
8976,CRS3035RES1000mN2031000E3177000,3522125657,
8977,CRS3035RES1000mN2031000E3177000,3526751794,88.0
8978,CRS3035RES1000mN2031000E3177000,3839306060,44.0
8979,CRS3035RES1000mN2031000E3177000,4214697664,59.0
8980,CRS3035RES1000mN2031000E3177000,4338252586,76.0
8981,CRS3035RES1000mN2031000E3177000,4401271633,
8982,CRS3035RES1000mN2031000E3177000,4515476768,
8983,CRS3035RES1000mN2031000E3177000,4569910891,48.0
8984,CRS3035RES1000mN2031000E3177000,4703730491,80.0
8985,CRS3035RES1000mN2031000E3177000,4707870392,82.0
8986,CRS3035RES1000mN2031000E3177000,4789037769,101.0
8987,CRS3035RES1000mN2031000E3177000,4794233143,119.0
8988,CRS3035RES1000mN2031000E3177000,4870405674,70.0
8989,CRS3035RES1000mN2031000E3177000,5139379922,100.0
8990,CRS3035RES1000mN2031000E3177000,5160337425,49.0
8991,CRS3035RES1000mN2031000E3177000,5196199575,88.0
8992,CRS3035RES1000mN2031000E3177000,5341570554,48.0
8993,CRS3035RES1000mN2031000E3177000,5345949864,80.0
8994,CRS3035RES1000mN2031000E3177000,5448507385,
8995,CRS3035RES1000mN2031000E3177000,5604693894,73.0
8996,CRS3035RES1000mN2031000E3177000,5670401989,94.0
8997,CRS3035RES1000mN2031000E3177000,5942671299,73.0
8998,CRS3035RES1000mN2031000E3177000,5943980960,95.0
8999,CRS3035RES1000mN2031000E3177000,6185791451,
9000,CRS3035RES1000mN2031000E3177000,6188948286,61.0
9001,CRS3035RES1000mN2031000E3177000,6555800191,91.0
9002,CRS3035RES1000mN2031000E3177000,6885254479,63.0
9003,CRS3035RES1000mN2031000E3177000,7222611268,80.0
9004,CRS3035RES1000mN2031000E3177000,7408961006,113.0
9005,CRS3035RES1000mN2031000E3177000,7619964683,113.0
9006,CRS3035RES1000mN2031000E3177000,7836562695,88.0
9007,CRS3035RES1000mN2031000E3177000,8493729364,55.0
9008,CRS3035RES1000mN2031000E3177000,8557885377,74.0
9009,CRS3035RES1000mN2031000E3177000,8807212208,40.0
9010,CRS3035RES1000mN2031000E3177000,8844229173,49.0
9011,CRS3035RES1000mN2031000E3177000,8878422600,79.0
9012,CRS3035RES1000mN2031000E3177000,9595709188,48.0
9013,CRS3035RES1000mN2031000E3177000,9611387099,61.0
9014,CRS3035RES1000mN2031000E3177000,9712656915,50.0
9015,CRS3035RES1000mN2031000E3177000,9713142744,43.0
9016,CRS3035RES1000mN2031000E3177000,9815746657,99.0
9017,CRS3035RES1000mN2031000E3177000,10004871512,31.0
9018,CRS3035RES1000mN2031000E3177000,10281174134,
9019,CRS3035RES1000mN2031000E3177000,10580337411,48.0
9020,CRS3035RES1000mN2031000E3177000,10899442604,100.0
9021,CRS3035RES1000mN2031000E3177000,10922657146,96.0
9022,CRS3035RES1000mN2031000E3177000,11127499928,63.0
9023,CRS3035RES1000mN2031000E3177000,11143725881,66.0
9024,CRS3035RES1000mN2031000E3177000,11243087140,62.0
9025,CRS3035RES1000mN2031000E3177000,11269399969,64.0
9026,CRS3035RES1000mN2031000E3177000,11287269362,34.0
9027,CRS3035RES1000mN2031000E3177000,11287269363,64.0
9028,CRS3035RES1000mN2031000E3177000,11369705764,54.0
9029,CRS3035RES1000mN2031000E3177000,11387776374,64.0
9030,CRS3035RES1000mN2031000E3177000,11461799040,
9031,CRS3035RES1000mN2031000E3177000,11462802981,48.0
9032,CRS3035RES1000mN2031000E3177000,11652077658,68.0
9033,CRS3035RES1000mN2031000E3177000,11691390164,50.0
9034,CRS3035RES1000mN2031000E3177000,11739757462,80.0
9035,CRS3035RES1000mN2031000E3177000,12178446726,71.0
9036,CRS3035RES1000mN2031000E3177000,12407425114,73.0
9037,CRS3035RES1000mN2031000E3177000,12865480228,45.0
9038,CRS3035RES1000mN2031000E3177000,2960630,85.0
9039,CRS3035RES1000mN2031000E3177000,3554044,103.0
9040,CRS3035RES1000mN2031000E3177000,3557906,87.0
9041,CRS3035RES1000mN2031000E3177000,5231361,57.0
9042,CRS3035RES1000mN2031000E3177000,9314566,75.0
9043,CRS3035RES1000mN2031000E3177000,13696257,84.0
9044,CRS3035RES1000mN2031000E3177000,15996131,58.0
9045,CRS3035RES1000mN2031000E3177000,23526191,45.0
9046,CRS3035RES1000mN2031000E3177000,23545719,55.0
9047,CRS3035RES1000mN2031000E3177000,30599279,86.0
9048,CRS3035RES1000mN2031000E3177000,30649229,56.0
9049,CRS3035RES1000mN2031000E3177000,32198651,
9050,CRS3035RES1000mN2031000E3177000,34945111,88.0
9051,CRS3035RES1000mN2031000E3177000,50170625,70.0
9052,CRS3035RES1000mN2031000E3177000,82887228,80.0
9053,CRS3035RES1000mN2031000E3177000,92484952,90.0
9054,CRS3035RES1000mN2031000E3177000,95794713,61.0
9055,CRS3035RES1000mN2031000E3177000,96418670,104.0
9056,CRS3035RES1000mN2031000E3177000,98502686,60.0
9057,CRS3035RES1000mN2031000E3177000,132613257,55.0
9058,CRS3035RES1000mN2031000E3177000,135036040,46.0
9059,CRS3035RES1000mN2031000E3177000,150772489,55.0
9060,CRS3035RES1000mN2031000E3177000,154118456,84.0
9061,CRS3035RES1000mN2031000E3177000,157375776,57.0
9062,CRS3035RES1000mN2031000E3177000,158211204,90.0
9063,CRS3035RES1000mN2031000E3177000,162072415,81.0
9064,CRS3035RES1000mN2031000E3177000,162117720,75.0
9065,CRS3035RES1000mN2031000E3177000,170487273,72.0
9066,CRS3035RES1000mN2031000E3177000,172686062,92.0
9067,CRS3035RES1000mN2031000E3177000,174318235,93.0
9068,CRS3035RES1000mN2031000E3177000,174318237,95.0
9069,CRS3035RES1000mN2031000E3177000,205060159,73.0
9070,CRS3035RES1000mN2031000E3177000,205757163,
9071,CRS3035RES1000mN2031000E3177000,221095520,51.0
9072,CRS3035RES1000mN2031000E3177000,224503374,42.0
9073,CRS3035RES1000mN2031000E3177000,227333462,58.0
9074,CRS3035RES1000mN2031000E3177000,229117454,65.0
9075,CRS3035RES1000mN2031000E3177000,261460389,
9076,CRS3035RES1000mN2031000E3177000,283450022,47.0
9077,CRS3035RES1000mN2031000E3177000,288994040,55.0
9078,CRS3035RES1000mN2031000E3177000,296744564,51.0
9079,CRS3035RES1000mN2031000E3177000,297526406,68.0
9080,CRS3035RES1000mN2031000E3177000,300709861,105.0
9081,CRS3035RES1000mN2031000E3177000,301444634,84.0
9082,CRS3035RES1000mN2031000E3177000,302721609,88.0
9083,CRS3035RES1000mN2031000E3177000,308195630,80.0
9084,CRS3035RES1000mN2031000E3177000,312777902,61.0
9085,CRS3035RES1000mN2031000E3177000,330154630,
9086,CRS3035RES1000mN2031000E3177000,340205456,52.0
9087,CRS3035RES1000mN2031000E3177000,367883612,78.0
9088,CRS3035RES1000mN2031000E3177000,368211943,79.0
9089,CRS3035RES1000mN2031000E3177000,374180360,44.0
9090,CRS3035RES1000mN2031000E3177000,375369499,78.0
9091,CRS3035RES1000mN2031000E3177000,383494544,54.0
9092,CRS3035RES1000mN2031000E3177000,384574591,84.0
9093,CRS3035RES1000mN2031000E3177000,403538322,50.0
9094,CRS3035RES1000mN2031000E3177000,403859503,50.0
9095,CRS3035RES1000mN2031000E3177000,437050442,92.0
9096,CRS3035RES1000mN2031000E3177000,459881697,59.0
9097,CRS3035RES1000mN2031000E3177000,477278425,70.0
9098,CRS3035RES1000mN2031000E3177000,486879235,
9099,CRS3035RES1000mN2031000E3177000,493748377,76.0
9100,CRS3035RES1000mN2031000E3177000,498234201,95.0
9101,CRS3035RES1000mN2031000E3177000,504315026,46.0
9102,CRS3035RES1000mN2031000E3177000,548701490,116.0
9103,CRS3035RES1000mN2031000E3177000,574210084,63.0
9104,CRS3035RES1000mN2031000E3177000,576094143,81.0
9105,CRS3035RES1000mN2031000E3177000,584409067,77.0
9106,CRS3035RES1000mN2031000E3177000,635512756,61.0
9107,CRS3035RES1000mN2031000E3177000,638492224,62.0
9108,CRS3035RES1000mN2031000E3177000,653913062,69.0
9109,CRS3035RES1000mN2031000E3177000,659866770,63.0
9110,CRS3035RES1000mN2031000E3177000,697717972,90.0
9111,CRS3035RES1000mN2031000E3177000,717194862,102.0
9112,CRS3035RES1000mN2031000E3177000,736899303,
9113,CRS3035RES1000mN2031000E3177000,738042217,106.0
9114,CRS3035RES1000mN2031000E3177000,839611983,114.0
9115,CRS3035RES1000mN2031000E3177000,957893520,48.0
9116,CRS3035RES1000mN2031000E3177000,963308110,50.0
9117,CRS3035RES1000mN2031000E3177000,1073283182,81.0
9118,CRS3035RES1000mN2031000E3177000,1252864015,29.0
9119,CRS3035RES1000mN2031000E3177000,1283203658,
9120,CRS3035RES1000mN2032000E3175000,25526,117.0
9121,CRS3035RES1000mN2032000E3175000,1774,88.0
9122,CRS3035RES1000mN2032000E3175000,1770,99.0
9123,CRS3035RES1000mN2032000E3175000,1773,97.0
9124,CRS3035RES1000mN2032000E3175000,1771,94.0
9125,CRS3035RES1000mN2032000E3175000,123303,108.0
9126,CRS3035RES1000mN2032000E3175000,1764,87.0
9127,CRS3035RES1000mN2032000E3175000,181101,103.0
9128,CRS3035RES1000mN2032000E3175000,5765642,113.0
9129,CRS3035RES1000mN2032000E3175000,86719,115.0
9130,CRS3035RES1000mN2032000E3175000,1800,105.0
9131,CRS3035RES1000mN2032000E3175000,1757,106.0
9132,CRS3035RES1000mN2032000E3175000,1755,108.0
9133,CRS3035RES1000mN2032000E3175000,1882,93.0
9134,CRS3035RES1000mN2032000E3175000,1745,75.0
9135,CRS3035RES1000mN2032000E3175000,1794,81.0
9136,CRS3035RES1000mN2032000E3175000,1762,79.0
9137,CRS3035RES1000mN2032000E3175000,51188,90.0
9138,CRS3035RES1000mN2032000E3175000,6893633,84.0
9139,CRS3035RES1000mN2032000E3175000,167128,93.0
9140,CRS3035RES1000mN2032000E3175000,1760,82.0
9141,CRS3035RES1000mN2032000E3175000,12773298,109.0
9142,CRS3035RES1000mN2032000E3175000,1754,112.0
9143,CRS3035RES1000mN2032000E3175000,1748,101.0
9144,CRS3035RES1000mN2032000E3175000,79941,73.0
9145,CRS3035RES1000mN2032000E3175000,1750,93.0
9146,CRS3035RES1000mN2032000E3175000,5975465,97.0
9147,CRS3035RES1000mN2032000E3175000,115056,85.0
9148,CRS3035RES1000mN2032000E3175000,1790,98.0
9149,CRS3035RES1000mN2032000E3175000,1756,109.0
9150,CRS3035RES1000mN2032000E3175000,51849,91.0
9151,CRS3035RES1000mN2032000E3175000,185595,90.0
9152,CRS3035RES1000mN2032000E3175000,7697128,88.0
9153,CRS3035RES1000mN2032000E3175000,10395362,100.0
9154,CRS3035RES1000mN2032000E3175000,1759,89.0
9155,CRS3035RES1000mN2032000E3175000,1752,86.0
9156,CRS3035RES1000mN2032000E3175000,186714,86.0
9157,CRS3035RES1000mN2032000E3175000,1753,102.0
9158,CRS3035RES1000mN2032000E3175000,1792,104.0
9159,CRS3035RES1000mN2032000E3175000,1763,106.0
9160,CRS3035RES1000mN2032000E3175000,1746,94.0
9161,CRS3035RES1000mN2032000E3175000,11572165,104.0
9162,CRS3035RES1000mN2032000E3175000,1761,97.0
9163,CRS3035RES1000mN2032000E3175000,1747,95.0
9164,CRS3035RES1000mN2032000E3175000,5768564,109.0
9165,CRS3035RES1000mN2032000E3175000,1798,95.0
9166,CRS3035RES1000mN2032000E3175000,66904,97.0
9167,CRS3035RES1000mN2032000E3175000,1777,81.0
9168,CRS3035RES1000mN2032000E3175000,1765,83.0
9169,CRS3035RES1000mN2032000E3175000,49416,107.0
9170,CRS3035RES1000mN2032000E3175000,12734939,107.0
9171,CRS3035RES1000mN2032000E3175000,167386167,87.0
9172,CRS3035RES1000mN2032000E3175000,295933804,107.0
9173,CRS3035RES1000mN2032000E3175000,303340017,102.0
9174,CRS3035RES1000mN2032000E3175000,315355551,
9175,CRS3035RES1000mN2032000E3175000,339084977,101.0
9176,CRS3035RES1000mN2032000E3175000,412911553,91.0
9177,CRS3035RES1000mN2032000E3175000,558126037,
9178,CRS3035RES1000mN2032000E3175000,711789768,
9179,CRS3035RES1000mN2032000E3175000,727666062,
9180,CRS3035RES1000mN2032000E3175000,848085869,
9181,CRS3035RES1000mN2032000E3175000,1056098898,96.0
9182,CRS3035RES1000mN2032000E3175000,1255438242,72.0
9183,CRS3035RES1000mN2032000E3175000,1469985039,94.0
9184,CRS3035RES1000mN2032000E3175000,1504302537,
9185,CRS3035RES1000mN2032000E3175000,1511617504,
9186,CRS3035RES1000mN2032000E3175000,1541601287,
9187,CRS3035RES1000mN2032000E3175000,1544591296,101.0
9188,CRS3035RES1000mN2032000E3175000,1598174183,77.0
9189,CRS3035RES1000mN2032000E3175000,1629887846,74.0
9190,CRS3035RES1000mN2032000E3175000,1686660176,87.0
9191,CRS3035RES1000mN2032000E3175000,1716927336,
9192,CRS3035RES1000mN2032000E3175000,1734554324,92.0
9193,CRS3035RES1000mN2032000E3175000,1849109335,107.0
9194,CRS3035RES1000mN2032000E3175000,2028408680,
9195,CRS3035RES1000mN2032000E3175000,2036887702,
9196,CRS3035RES1000mN2032000E3175000,2061404218,104.0
9197,CRS3035RES1000mN2032000E3175000,2134238030,94.0
9198,CRS3035RES1000mN2032000E3175000,2261600754,
9199,CRS3035RES1000mN2032000E3175000,2301402027,90.0
9200,CRS3035RES1000mN2032000E3175000,2303966810,
9201,CRS3035RES1000mN2032000E3175000,2312029862,72.0
9202,CRS3035RES1000mN2032000E3175000,2408860250,
9203,CRS3035RES1000mN2032000E3175000,2620185829,92.0
9204,CRS3035RES1000mN2032000E3175000,2622508931,94.0
9205,CRS3035RES1000mN2032000E3175000,2672130951,
9206,CRS3035RES1000mN2032000E3175000,2710518818,113.0
9207,CRS3035RES1000mN2032000E3175000,3034026261,
9208,CRS3035RES1000mN2032000E3175000,3179889751,102.0
9209,CRS3035RES1000mN2032000E3175000,3206611978,
9210,CRS3035RES1000mN2032000E3175000,3272828439,
9211,CRS3035RES1000mN2032000E3175000,3452364276,88.0
9212,CRS3035RES1000mN2032000E3175000,3452364277,83.0
9213,CRS3035RES1000mN2032000E3175000,3495733197,
9214,CRS3035RES1000mN2032000E3175000,3497154853,
9215,CRS3035RES1000mN2032000E3175000,3517755445,
9216,CRS3035RES1000mN2032000E3175000,3522125657,
9217,CRS3035RES1000mN2032000E3175000,3526751794,
9218,CRS3035RES1000mN2032000E3175000,3839306060,85.0
9219,CRS3035RES1000mN2032000E3175000,4214697664,100.0
9220,CRS3035RES1000mN2032000E3175000,4338252586,
9221,CRS3035RES1000mN2032000E3175000,4401271633,
9222,CRS3035RES1000mN2032000E3175000,4515476768,
9223,CRS3035RES1000mN2032000E3175000,4569910891,90.0
9224,CRS3035RES1000mN2032000E3175000,4703730491,119.0
9225,CRS3035RES1000mN2032000E3175000,4707870392,
9226,CRS3035RES1000mN2032000E3175000,4789037769,
9227,CRS3035RES1000mN2032000E3175000,4794233143,
9228,CRS3035RES1000mN2032000E3175000,4870405674,111.0
9229,CRS3035RES1000mN2032000E3175000,5139379922,
9230,CRS3035RES1000mN2032000E3175000,5160337425,91.0
9231,CRS3035RES1000mN2032000E3175000,5196199575,
9232,CRS3035RES1000mN2032000E3175000,5341570554,90.0
9233,CRS3035RES1000mN2032000E3175000,5345949864,110.0
9234,CRS3035RES1000mN2032000E3175000,5448507385,
9235,CRS3035RES1000mN2032000E3175000,5604693894,
9236,CRS3035RES1000mN2032000E3175000,5670401989,
9237,CRS3035RES1000mN2032000E3175000,5942671299,116.0
9238,CRS3035RES1000mN2032000E3175000,5943980960,
9239,CRS3035RES1000mN2032000E3175000,6185791451,
9240,CRS3035RES1000mN2032000E3175000,6188948286,107.0
9241,CRS3035RES1000mN2032000E3175000,6555800191,
9242,CRS3035RES1000mN2032000E3175000,6885254479,102.0
9243,CRS3035RES1000mN2032000E3175000,7222611268,119.0
9244,CRS3035RES1000mN2032000E3175000,7408961006,
9245,CRS3035RES1000mN2032000E3175000,7619964683,
9246,CRS3035RES1000mN2032000E3175000,7836562695,114.0
9247,CRS3035RES1000mN2032000E3175000,8493729364,97.0
9248,CRS3035RES1000mN2032000E3175000,8557885377,
9249,CRS3035RES1000mN2032000E3175000,8807212208,82.0
9250,CRS3035RES1000mN2032000E3175000,8844229173,90.0
9251,CRS3035RES1000mN2032000E3175000,8878422600,
9252,CRS3035RES1000mN2032000E3175000,9595709188,89.0
9253,CRS3035RES1000mN2032000E3175000,9611387099,103.0
9254,CRS3035RES1000mN2032000E3175000,9712656915,91.0
9255,CRS3035RES1000mN2032000E3175000,9713142744,84.0
9256,CRS3035RES1000mN2032000E3175000,9815746657,
9257,CRS3035RES1000mN2032000E3175000,10004871512,80.0
9258,CRS3035RES1000mN2032000E3175000,10281174134,
9259,CRS3035RES1000mN2032000E3175000,10580337411,89.0
9260,CRS3035RES1000mN2032000E3175000,10899442604,
9261,CRS3035RES1000mN2032000E3175000,10922657146,
9262,CRS3035RES1000mN2032000E3175000,11127499928,100.0
9263,CRS3035RES1000mN2032000E3175000,11143725881,116.0
9264,CRS3035RES1000mN2032000E3175000,11243087140,99.0
9265,CRS3035RES1000mN2032000E3175000,11269399969,104.0
9266,CRS3035RES1000mN2032000E3175000,11287269362,79.0
9267,CRS3035RES1000mN2032000E3175000,11287269363,96.0
9268,CRS3035RES1000mN2032000E3175000,11369705764,95.0
9269,CRS3035RES1000mN2032000E3175000,11387776374,109.0
9270,CRS3035RES1000mN2032000E3175000,11461799040,
9271,CRS3035RES1000mN2032000E3175000,11462802981,93.0
9272,CRS3035RES1000mN2032000E3175000,11652077658,111.0
9273,CRS3035RES1000mN2032000E3175000,11691390164,91.0
9274,CRS3035RES1000mN2032000E3175000,11739757462,
9275,CRS3035RES1000mN2032000E3175000,12178446726,114.0
9276,CRS3035RES1000mN2032000E3175000,12407425114,
9277,CRS3035RES1000mN2032000E3175000,12865480228,86.0
9278,CRS3035RES1000mN2032000E3175000,2960630,
9279,CRS3035RES1000mN2032000E3175000,3554044,
9280,CRS3035RES1000mN2032000E3175000,3557906,
9281,CRS3035RES1000mN2032000E3175000,5231361,98.0
9282,CRS3035RES1000mN2032000E3175000,9314566,
9283,CRS3035RES1000mN2032000E3175000,13696257,
9284,CRS3035RES1000mN2032000E3175000,15996131,99.0
9285,CRS3035RES1000mN2032000E3175000,23526191,83.0
9286,CRS3035RES1000mN2032000E3175000,23545719,97.0
9287,CRS3035RES1000mN2032000E3175000,30599279,
9288,CRS3035RES1000mN2032000E3175000,30649229,96.0
9289,CRS3035RES1000mN2032000E3175000,32198651,
9290,CRS3035RES1000mN2032000E3175000,34945111,
9291,CRS3035RES1000mN2032000E3175000,50170625,98.0
9292,CRS3035RES1000mN2032000E3175000,82887228,
9293,CRS3035RES1000mN2032000E3175000,92484952,
9294,CRS3035RES1000mN2032000E3175000,95794713,104.0
9295,CRS3035RES1000mN2032000E3175000,96418670,
9296,CRS3035RES1000mN2032000E3175000,98502686,105.0
9297,CRS3035RES1000mN2032000E3175000,132613257,100.0
9298,CRS3035RES1000mN2032000E3175000,135036040,83.0
9299,CRS3035RES1000mN2032000E3175000,150772489,96.0
9300,CRS3035RES1000mN2032000E3175000,154118456,
9301,CRS3035RES1000mN2032000E3175000,157375776,94.0
9302,CRS3035RES1000mN2032000E3175000,158211204,
9303,CRS3035RES1000mN2032000E3175000,162072415,119.0
9304,CRS3035RES1000mN2032000E3175000,162117720,
9305,CRS3035RES1000mN2032000E3175000,170487273,108.0
9306,CRS3035RES1000mN2032000E3175000,172686062,
9307,CRS3035RES1000mN2032000E3175000,174318235,
9308,CRS3035RES1000mN2032000E3175000,174318237,
9309,CRS3035RES1000mN2032000E3175000,205060159,119.0
9310,CRS3035RES1000mN2032000E3175000,205757163,
9311,CRS3035RES1000mN2032000E3175000,221095520,89.0
9312,CRS3035RES1000mN2032000E3175000,224503374,84.0
9313,CRS3035RES1000mN2032000E3175000,227333462,116.0
9314,CRS3035RES1000mN2032000E3175000,229117454,115.0
9315,CRS3035RES1000mN2032000E3175000,261460389,
9316,CRS3035RES1000mN2032000E3175000,283450022,89.0
9317,CRS3035RES1000mN2032000E3175000,288994040,97.0
9318,CRS3035RES1000mN2032000E3175000,296744564,74.0
9319,CRS3035RES1000mN2032000E3175000,297526406,98.0
9320,CRS3035RES1000mN2032000E3175000,300709861,
9321,CRS3035RES1000mN2032000E3175000,301444634,
9322,CRS3035RES1000mN2032000E3175000,302721609,
9323,CRS3035RES1000mN2032000E3175000,308195630,
9324,CRS3035RES1000mN2032000E3175000,312777902,104.0
9325,CRS3035RES1000mN2032000E3175000,330154630,
9326,CRS3035RES1000mN2032000E3175000,340205456,93.0
9327,CRS3035RES1000mN2032000E3175000,367883612,
9328,CRS3035RES1000mN2032000E3175000,368211943,
9329,CRS3035RES1000mN2032000E3175000,374180360,91.0
9330,CRS3035RES1000mN2032000E3175000,375369499,119.0
9331,CRS3035RES1000mN2032000E3175000,383494544,96.0
9332,CRS3035RES1000mN2032000E3175000,384574591,
9333,CRS3035RES1000mN2032000E3175000,403538322,88.0
9334,CRS3035RES1000mN2032000E3175000,403859503,92.0
9335,CRS3035RES1000mN2032000E3175000,437050442,
9336,CRS3035RES1000mN2032000E3175000,459881697,116.0
9337,CRS3035RES1000mN2032000E3175000,477278425,109.0
9338,CRS3035RES1000mN2032000E3175000,486879235,
9339,CRS3035RES1000mN2032000E3175000,493748377,115.0
9340,CRS3035RES1000mN2032000E3175000,498234201,
9341,CRS3035RES1000mN2032000E3175000,504315026,87.0
9342,CRS3035RES1000mN2032000E3175000,548701490,
9343,CRS3035RES1000mN2032000E3175000,574210084,
9344,CRS3035RES1000mN2032000E3175000,576094143,
9345,CRS3035RES1000mN2032000E3175000,584409067,
9346,CRS3035RES1000mN2032000E3175000,635512756,100.0
9347,CRS3035RES1000mN2032000E3175000,638492224,115.0
9348,CRS3035RES1000mN2032000E3175000,653913062,105.0
9349,CRS3035RES1000mN2032000E3175000,659866770,
9350,CRS3035RES1000mN2032000E3175000,697717972,
9351,CRS3035RES1000mN2032000E3175000,717194862,
9352,CRS3035RES1000mN2032000E3175000,736899303,
9353,CRS3035RES1000mN2032000E3175000,738042217,
9354,CRS3035RES1000mN2032000E3175000,839611983,
9355,CRS3035RES1000mN2032000E3175000,957893520,89.0
9356,CRS3035RES1000mN2032000E3175000,963308110,93.0
9357,CRS3035RES1000mN2032000E3175000,1073283182,
9358,CRS3035RES1000mN2032000E3175000,1252864015,77.0
9359,CRS3035RES1000mN2032000E3175000,1283203658,
9360,CRS3035RES1000mN2032000E3176000,25526,102.0
9361,CRS3035RES1000mN2032000E3176000,1774,71.0
9362,CRS3035RES1000mN2032000E3176000,1770,82.0
9363,CRS3035RES1000mN2032000E3176000,1773,80.0
9364,CRS3035RES1000mN2032000E3176000,1771,77.0
9365,CRS3035RES1000mN2032000E3176000,123303,91.0
9366,CRS3035RES1000mN2032000E3176000,1764,70.0
9367,CRS3035RES1000mN2032000E3176000,181101,87.0
9368,CRS3035RES1000mN2032000E3176000,5765642,96.0
9369,CRS3035RES1000mN2032000E3176000,86719,97.0
9370,CRS3035RES1000mN2032000E3176000,1800,88.0
9371,CRS3035RES1000mN2032000E3176000,1757,90.0
9372,CRS3035RES1000mN2032000E3176000,1755,91.0
9373,CRS3035RES1000mN2032000E3176000,1882,77.0
9374,CRS3035RES1000mN2032000E3176000,1745,59.0
9375,CRS3035RES1000mN2032000E3176000,1794,65.0
9376,CRS3035RES1000mN2032000E3176000,1762,63.0
9377,CRS3035RES1000mN2032000E3176000,51188,74.0
9378,CRS3035RES1000mN2032000E3176000,6893633,67.0
9379,CRS3035RES1000mN2032000E3176000,167128,76.0
9380,CRS3035RES1000mN2032000E3176000,1760,67.0
9381,CRS3035RES1000mN2032000E3176000,12773298,96.0
9382,CRS3035RES1000mN2032000E3176000,1754,95.0
9383,CRS3035RES1000mN2032000E3176000,1748,86.0
9384,CRS3035RES1000mN2032000E3176000,79941,60.0
9385,CRS3035RES1000mN2032000E3176000,1750,76.0
9386,CRS3035RES1000mN2032000E3176000,5975465,80.0
9387,CRS3035RES1000mN2032000E3176000,115056,70.0
9388,CRS3035RES1000mN2032000E3176000,1790,82.0
9389,CRS3035RES1000mN2032000E3176000,1756,92.0
9390,CRS3035RES1000mN2032000E3176000,51849,75.0
9391,CRS3035RES1000mN2032000E3176000,185595,73.0
9392,CRS3035RES1000mN2032000E3176000,7697128,72.0
9393,CRS3035RES1000mN2032000E3176000,10395362,91.0
9394,CRS3035RES1000mN2032000E3176000,1759,73.0
9395,CRS3035RES1000mN2032000E3176000,1752,70.0
9396,CRS3035RES1000mN2032000E3176000,186714,68.0
9397,CRS3035RES1000mN2032000E3176000,1753,85.0
9398,CRS3035RES1000mN2032000E3176000,1792,87.0
9399,CRS3035RES1000mN2032000E3176000,1763,89.0
9400,CRS3035RES1000mN2032000E3176000,1746,78.0
9401,CRS3035RES1000mN2032000E3176000,11572165,89.0
9402,CRS3035RES1000mN2032000E3176000,1761,80.0
9403,CRS3035RES1000mN2032000E3176000,1747,78.0
9404,CRS3035RES1000mN2032000E3176000,5768564,92.0
9405,CRS3035RES1000mN2032000E3176000,1798,78.0
9406,CRS3035RES1000mN2032000E3176000,66904,81.0
9407,CRS3035RES1000mN2032000E3176000,1777,65.0
9408,CRS3035RES1000mN2032000E3176000,1765,66.0
9409,CRS3035RES1000mN2032000E3176000,49416,91.0
9410,CRS3035RES1000mN2032000E3176000,12734939,91.0
9411,CRS3035RES1000mN2032000E3176000,167386167,71.0
9412,CRS3035RES1000mN2032000E3176000,295933804,97.0
9413,CRS3035RES1000mN2032000E3176000,303340017,102.0
9414,CRS3035RES1000mN2032000E3176000,315355551,113.0
9415,CRS3035RES1000mN2032000E3176000,339084977,84.0
9416,CRS3035RES1000mN2032000E3176000,412911553,76.0
9417,CRS3035RES1000mN2032000E3176000,558126037,105.0
9418,CRS3035RES1000mN2032000E3176000,711789768,
9419,CRS3035RES1000mN2032000E3176000,727666062,
9420,CRS3035RES1000mN2032000E3176000,848085869,111.0
9421,CRS3035RES1000mN2032000E3176000,1056098898,78.0
9422,CRS3035RES1000mN2032000E3176000,1255438242,56.0
9423,CRS3035RES1000mN2032000E3176000,1469985039,79.0
9424,CRS3035RES1000mN2032000E3176000,1504302537,
9425,CRS3035RES1000mN2032000E3176000,1511617504,
9426,CRS3035RES1000mN2032000E3176000,1541601287,106.0
9427,CRS3035RES1000mN2032000E3176000,1544591296,83.0
9428,CRS3035RES1000mN2032000E3176000,1598174183,59.0
9429,CRS3035RES1000mN2032000E3176000,1629887846,61.0
9430,CRS3035RES1000mN2032000E3176000,1686660176,71.0
9431,CRS3035RES1000mN2032000E3176000,1716927336,108.0
9432,CRS3035RES1000mN2032000E3176000,1734554324,84.0
9433,CRS3035RES1000mN2032000E3176000,1849109335,104.0
9434,CRS3035RES1000mN2032000E3176000,2028408680,
9435,CRS3035RES1000mN2032000E3176000,2036887702,
9436,CRS3035RES1000mN2032000E3176000,2061404218,90.0
9437,CRS3035RES1000mN2032000E3176000,2134238030,81.0
9438,CRS3035RES1000mN2032000E3176000,2261600754,
9439,CRS3035RES1000mN2032000E3176000,2301402027,77.0
9440,CRS3035RES1000mN2032000E3176000,2303966810,
9441,CRS3035RES1000mN2032000E3176000,2312029862,61.0
9442,CRS3035RES1000mN2032000E3176000,2408860250,119.0
9443,CRS3035RES1000mN2032000E3176000,2620185829,77.0
9444,CRS3035RES1000mN2032000E3176000,2622508931,76.0
9445,CRS3035RES1000mN2032000E3176000,2672130951,
9446,CRS3035RES1000mN2032000E3176000,2710518818,105.0
9447,CRS3035RES1000mN2032000E3176000,3034026261,
9448,CRS3035RES1000mN2032000E3176000,3179889751,99.0
9449,CRS3035RES1000mN2032000E3176000,3206611978,
9450,CRS3035RES1000mN2032000E3176000,3272828439,
9451,CRS3035RES1000mN2032000E3176000,3452364276,70.0
9452,CRS3035RES1000mN2032000E3176000,3452364277,67.0
9453,CRS3035RES1000mN2032000E3176000,3495733197,
9454,CRS3035RES1000mN2032000E3176000,3497154853,
9455,CRS3035RES1000mN2032000E3176000,3517755445,
9456,CRS3035RES1000mN2032000E3176000,3522125657,
9457,CRS3035RES1000mN2032000E3176000,3526751794,
9458,CRS3035RES1000mN2032000E3176000,3839306060,68.0
9459,CRS3035RES1000mN2032000E3176000,4214697664,85.0
9460,CRS3035RES1000mN2032000E3176000,4338252586,
9461,CRS3035RES1000mN2032000E3176000,4401271633,
9462,CRS3035RES1000mN2032000E3176000,4515476768,
9463,CRS3035RES1000mN2032000E3176000,4569910891,74.0
9464,CRS3035RES1000mN2032000E3176000,4703730491,112.0
9465,CRS3035RES1000mN2032000E3176000,4707870392,108.0
9466,CRS3035RES1000mN2032000E3176000,4789037769,
9467,CRS3035RES1000mN2032000E3176000,4794233143,
9468,CRS3035RES1000mN2032000E3176000,4870405674,94.0
9469,CRS3035RES1000mN2032000E3176000,5139379922,
9470,CRS3035RES1000mN2032000E3176000,5160337425,75.0
9471,CRS3035RES1000mN2032000E3176000,5196199575,111.0
9472,CRS3035RES1000mN2032000E3176000,5341570554,73.0
9473,CRS3035RES1000mN2032000E3176000,5345949864,108.0
9474,CRS3035RES1000mN2032000E3176000,5448507385,
9475,CRS3035RES1000mN2032000E3176000,5604693894,
9476,CRS3035RES1000mN2032000E3176000,5670401989,
9477,CRS3035RES1000mN2032000E3176000,5942671299,101.0
9478,CRS3035RES1000mN2032000E3176000,5943980960,114.0
9479,CRS3035RES1000mN2032000E3176000,6185791451,
9480,CRS3035RES1000mN2032000E3176000,6188948286,93.0
9481,CRS3035RES1000mN2032000E3176000,6555800191,116.0
9482,CRS3035RES1000mN2032000E3176000,6885254479,82.0
9483,CRS3035RES1000mN2032000E3176000,7222611268,118.0
9484,CRS3035RES1000mN2032000E3176000,7408961006,
9485,CRS3035RES1000mN2032000E3176000,7619964683,
9486,CRS3035RES1000mN2032000E3176000,7836562695,100.0
9487,CRS3035RES1000mN2032000E3176000,8493729364,81.0
9488,CRS3035RES1000mN2032000E3176000,8557885377,
9489,CRS3035RES1000mN2032000E3176000,8807212208,65.0
9490,CRS3035RES1000mN2032000E3176000,8844229173,75.0
9491,CRS3035RES1000mN2032000E3176000,8878422600,100.0
9492,CRS3035RES1000mN2032000E3176000,9595709188,73.0
9493,CRS3035RES1000mN2032000E3176000,9611387099,86.0
9494,CRS3035RES1000mN2032000E3176000,9712656915,75.0
9495,CRS3035RES1000mN2032000E3176000,9713142744,68.0
9496,CRS3035RES1000mN2032000E3176000,9815746657,
9497,CRS3035RES1000mN2032000E3176000,10004871512,62.0
9498,CRS3035RES1000mN2032000E3176000,10281174134,
9499,CRS3035RES1000mN2032000E3176000,10580337411,72.0
9500,CRS3035RES1000mN2032000E3176000,10899442604,
9501,CRS3035RES1000mN2032000E3176000,10922657146,
9502,CRS3035RES1000mN2032000E3176000,11127499928,80.0
9503,CRS3035RES1000mN2032000E3176000,11143725881,98.0
9504,CRS3035RES1000mN2032000E3176000,11243087140,79.0
9505,CRS3035RES1000mN2032000E3176000,11269399969,90.0
9506,CRS3035RES1000mN2032000E3176000,11287269362,62.0
9507,CRS3035RES1000mN2032000E3176000,11287269363,84.0
9508,CRS3035RES1000mN2032000E3176000,11369705764,83.0
9509,CRS3035RES1000mN2032000E3176000,11387776374,94.0
9510,CRS3035RES1000mN2032000E3176000,11461799040,
9511,CRS3035RES1000mN2032000E3176000,11462802981,78.0
9512,CRS3035RES1000mN2032000E3176000,11652077658,102.0
9513,CRS3035RES1000mN2032000E3176000,11691390164,76.0
9514,CRS3035RES1000mN2032000E3176000,11739757462,105.0
9515,CRS3035RES1000mN2032000E3176000,12178446726,97.0
9516,CRS3035RES1000mN2032000E3176000,12407425114,98.0
9517,CRS3035RES1000mN2032000E3176000,12865480228,69.0
9518,CRS3035RES1000mN2032000E3176000,2960630,118.0
9519,CRS3035RES1000mN2032000E3176000,3554044,
9520,CRS3035RES1000mN2032000E3176000,3557906,112.0
9521,CRS3035RES1000mN2032000E3176000,5231361,83.0
9522,CRS3035RES1000mN2032000E3176000,9314566,104.0
9523,CRS3035RES1000mN2032000E3176000,13696257,109.0
9524,CRS3035RES1000mN2032000E3176000,15996131,84.0
9525,CRS3035RES1000mN2032000E3176000,23526191,68.0
9526,CRS3035RES1000mN2032000E3176000,23545719,79.0
9527,CRS3035RES1000mN2032000E3176000,30599279,108.0
9528,CRS3035RES1000mN2032000E3176000,30649229,81.0
9529,CRS3035RES1000mN2032000E3176000,32198651,
9530,CRS3035RES1000mN2032000E3176000,34945111,114.0
9531,CRS3035RES1000mN2032000E3176000,50170625,86.0
9532,CRS3035RES1000mN2032000E3176000,82887228,106.0
9533,CRS3035RES1000mN2032000E3176000,92484952,97.0
9534,CRS3035RES1000mN2032000E3176000,95794713,87.0
9535,CRS3035RES1000mN2032000E3176000,96418670,
9536,CRS3035RES1000mN2032000E3176000,98502686,90.0
9537,CRS3035RES1000mN2032000E3176000,132613257,83.0
9538,CRS3035RES1000mN2032000E3176000,135036040,66.0
9539,CRS3035RES1000mN2032000E3176000,150772489,80.0
9540,CRS3035RES1000mN2032000E3176000,154118456,94.0
9541,CRS3035RES1000mN2032000E3176000,157375776,74.0
9542,CRS3035RES1000mN2032000E3176000,158211204,114.0
9543,CRS3035RES1000mN2032000E3176000,162072415,102.0
9544,CRS3035RES1000mN2032000E3176000,162117720,107.0
9545,CRS3035RES1000mN2032000E3176000,170487273,97.0
9546,CRS3035RES1000mN2032000E3176000,172686062,116.0
9547,CRS3035RES1000mN2032000E3176000,174318235,114.0
9548,CRS3035RES1000mN2032000E3176000,174318237,119.0
9549,CRS3035RES1000mN2032000E3176000,205060159,70.0
9550,CRS3035RES1000mN2032000E3176000,205757163,
9551,CRS3035RES1000mN2032000E3176000,221095520,75.0
9552,CRS3035RES1000mN2032000E3176000,224503374,68.0
9553,CRS3035RES1000mN2032000E3176000,227333462,87.0
9554,CRS3035RES1000mN2032000E3176000,229117454,97.0
9555,CRS3035RES1000mN2032000E3176000,261460389,
9556,CRS3035RES1000mN2032000E3176000,283450022,72.0
9557,CRS3035RES1000mN2032000E3176000,288994040,80.0
9558,CRS3035RES1000mN2032000E3176000,296744564,56.0
9559,CRS3035RES1000mN2032000E3176000,297526406,78.0
9560,CRS3035RES1000mN2032000E3176000,300709861,
9561,CRS3035RES1000mN2032000E3176000,301444634,
9562,CRS3035RES1000mN2032000E3176000,302721609,119.0
9563,CRS3035RES1000mN2032000E3176000,308195630,
9564,CRS3035RES1000mN2032000E3176000,312777902,88.0
9565,CRS3035RES1000mN2032000E3176000,330154630,
9566,CRS3035RES1000mN2032000E3176000,340205456,78.0
9567,CRS3035RES1000mN2032000E3176000,367883612,104.0
9568,CRS3035RES1000mN2032000E3176000,368211943,105.0
9569,CRS3035RES1000mN2032000E3176000,374180360,72.0
9570,CRS3035RES1000mN2032000E3176000,375369499,88.0
9571,CRS3035RES1000mN2032000E3176000,383494544,80.0
9572,CRS3035RES1000mN2032000E3176000,384574591,111.0
9573,CRS3035RES1000mN2032000E3176000,403538322,87.0
9574,CRS3035RES1000mN2032000E3176000,403859503,75.0
9575,CRS3035RES1000mN2032000E3176000,437050442,
9576,CRS3035RES1000mN2032000E3176000,459881697,88.0
9577,CRS3035RES1000mN2032000E3176000,477278425,108.0
9578,CRS3035RES1000mN2032000E3176000,486879235,
9579,CRS3035RES1000mN2032000E3176000,493748377,100.0
9580,CRS3035RES1000mN2032000E3176000,498234201,
9581,CRS3035RES1000mN2032000E3176000,504315026,70.0
9582,CRS3035RES1000mN2032000E3176000,548701490,
9583,CRS3035RES1000mN2032000E3176000,574210084,118.0
9584,CRS3035RES1000mN2032000E3176000,576094143,105.0
9585,CRS3035RES1000mN2032000E3176000,584409067,106.0
9586,CRS3035RES1000mN2032000E3176000,635512756,80.0
9587,CRS3035RES1000mN2032000E3176000,638492224,87.0
9588,CRS3035RES1000mN2032000E3176000,653913062,83.0
9589,CRS3035RES1000mN2032000E3176000,659866770,
9590,CRS3035RES1000mN2032000E3176000,697717972,115.0
9591,CRS3035RES1000mN2032000E3176000,717194862,
9592,CRS3035RES1000mN2032000E3176000,736899303,
9593,CRS3035RES1000mN2032000E3176000,738042217,
9594,CRS3035RES1000mN2032000E3176000,839611983,
9595,CRS3035RES1000mN2032000E3176000,957893520,73.0
9596,CRS3035RES1000mN2032000E3176000,963308110,72.0
9597,CRS3035RES1000mN2032000E3176000,1073283182,107.0
9598,CRS3035RES1000mN2032000E3176000,1252864015,59.0
9599,CRS3035RES1000mN2032000E3176000,1283203658,
9600,CRS3035RES1000mN2032000E3177000,25526,103.0
9601,CRS3035RES1000mN2032000E3177000,1774,72.0
9602,CRS3035RES1000mN2032000E3177000,1770,83.0
9603,CRS3035RES1000mN2032000E3177000,1773,81.0
9604,CRS3035RES1000mN2032000E3177000,1771,77.0
9605,CRS3035RES1000mN2032000E3177000,123303,92.0
9606,CRS3035RES1000mN2032000E3177000,1764,71.0
9607,CRS3035RES1000mN2032000E3177000,181101,93.0
9608,CRS3035RES1000mN2032000E3177000,5765642,98.0
9609,CRS3035RES1000mN2032000E3177000,86719,99.0
9610,CRS3035RES1000mN2032000E3177000,1800,90.0
9611,CRS3035RES1000mN2032000E3177000,1757,91.0
9612,CRS3035RES1000mN2032000E3177000,1755,92.0
9613,CRS3035RES1000mN2032000E3177000,1882,78.0
9614,CRS3035RES1000mN2032000E3177000,1745,60.0
9615,CRS3035RES1000mN2032000E3177000,1794,66.0
9616,CRS3035RES1000mN2032000E3177000,1762,63.0
9617,CRS3035RES1000mN2032000E3177000,51188,75.0
9618,CRS3035RES1000mN2032000E3177000,6893633,68.0
9619,CRS3035RES1000mN2032000E3177000,167128,77.0
9620,CRS3035RES1000mN2032000E3177000,1760,67.0
9621,CRS3035RES1000mN2032000E3177000,12773298,97.0
9622,CRS3035RES1000mN2032000E3177000,1754,96.0
9623,CRS3035RES1000mN2032000E3177000,1748,90.0
9624,CRS3035RES1000mN2032000E3177000,79941,61.0
9625,CRS3035RES1000mN2032000E3177000,1750,76.0
9626,CRS3035RES1000mN2032000E3177000,5975465,81.0
9627,CRS3035RES1000mN2032000E3177000,115056,72.0
9628,CRS3035RES1000mN2032000E3177000,1790,83.0
9629,CRS3035RES1000mN2032000E3177000,1756,92.0
9630,CRS3035RES1000mN2032000E3177000,51849,76.0
9631,CRS3035RES1000mN2032000E3177000,185595,74.0
9632,CRS3035RES1000mN2032000E3177000,7697128,72.0
9633,CRS3035RES1000mN2032000E3177000,10395362,92.0
9634,CRS3035RES1000mN2032000E3177000,1759,73.0
9635,CRS3035RES1000mN2032000E3177000,1752,70.0
9636,CRS3035RES1000mN2032000E3177000,186714,70.0
9637,CRS3035RES1000mN2032000E3177000,1753,86.0
9638,CRS3035RES1000mN2032000E3177000,1792,90.0
9639,CRS3035RES1000mN2032000E3177000,1763,89.0
9640,CRS3035RES1000mN2032000E3177000,1746,79.0
9641,CRS3035RES1000mN2032000E3177000,11572165,91.0
9642,CRS3035RES1000mN2032000E3177000,1761,81.0
9643,CRS3035RES1000mN2032000E3177000,1747,81.0
9644,CRS3035RES1000mN2032000E3177000,5768564,94.0
9645,CRS3035RES1000mN2032000E3177000,1798,79.0
9646,CRS3035RES1000mN2032000E3177000,66904,82.0
9647,CRS3035RES1000mN2032000E3177000,1777,66.0
9648,CRS3035RES1000mN2032000E3177000,1765,67.0
9649,CRS3035RES1000mN2032000E3177000,49416,93.0
9650,CRS3035RES1000mN2032000E3177000,12734939,93.0
9651,CRS3035RES1000mN2032000E3177000,167386167,71.0
9652,CRS3035RES1000mN2032000E3177000,295933804,97.0
9653,CRS3035RES1000mN2032000E3177000,303340017,102.0
9654,CRS3035RES1000mN2032000E3177000,315355551,113.0
9655,CRS3035RES1000mN2032000E3177000,339084977,84.0
9656,CRS3035RES1000mN2032000E3177000,412911553,77.0
9657,CRS3035RES1000mN2032000E3177000,558126037,106.0
9658,CRS3035RES1000mN2032000E3177000,711789768,
9659,CRS3035RES1000mN2032000E3177000,727666062,
9660,CRS3035RES1000mN2032000E3177000,848085869,112.0
9661,CRS3035RES1000mN2032000E3177000,1056098898,79.0
9662,CRS3035RES1000mN2032000E3177000,1255438242,69.0
9663,CRS3035RES1000mN2032000E3177000,1469985039,84.0
9664,CRS3035RES1000mN2032000E3177000,1504302537,
9665,CRS3035RES1000mN2032000E3177000,1511617504,
9666,CRS3035RES1000mN2032000E3177000,1541601287,106.0
9667,CRS3035RES1000mN2032000E3177000,1544591296,84.0
9668,CRS3035RES1000mN2032000E3177000,1598174183,63.0
9669,CRS3035RES1000mN2032000E3177000,1629887846,64.0
9670,CRS3035RES1000mN2032000E3177000,1686660176,72.0
9671,CRS3035RES1000mN2032000E3177000,1716927336,110.0
9672,CRS3035RES1000mN2032000E3177000,1734554324,89.0
9673,CRS3035RES1000mN2032000E3177000,1849109335,104.0
9674,CRS3035RES1000mN2032000E3177000,2028408680,
9675,CRS3035RES1000mN2032000E3177000,2036887702,
9676,CRS3035RES1000mN2032000E3177000,2061404218,91.0
9677,CRS3035RES1000mN2032000E3177000,2134238030,91.0
9678,CRS3035RES1000mN2032000E3177000,2261600754,
9679,CRS3035RES1000mN2032000E3177000,2301402027,81.0
9680,CRS3035RES1000mN2032000E3177000,2303966810,
9681,CRS3035RES1000mN2032000E3177000,2312029862,65.0
9682,CRS3035RES1000mN2032000E3177000,2408860250,119.0
9683,CRS3035RES1000mN2032000E3177000,2620185829,77.0
9684,CRS3035RES1000mN2032000E3177000,2622508931,78.0
9685,CRS3035RES1000mN2032000E3177000,2672130951,
9686,CRS3035RES1000mN2032000E3177000,2710518818,107.0
9687,CRS3035RES1000mN2032000E3177000,3034026261,
9688,CRS3035RES1000mN2032000E3177000,3179889751,101.0
9689,CRS3035RES1000mN2032000E3177000,3206611978,
9690,CRS3035RES1000mN2032000E3177000,3272828439,
9691,CRS3035RES1000mN2032000E3177000,3452364276,72.0
9692,CRS3035RES1000mN2032000E3177000,3452364277,68.0
9693,CRS3035RES1000mN2032000E3177000,3495733197,
9694,CRS3035RES1000mN2032000E3177000,3497154853,
9695,CRS3035RES1000mN2032000E3177000,3517755445,
9696,CRS3035RES1000mN2032000E3177000,3522125657,
9697,CRS3035RES1000mN2032000E3177000,3526751794,
9698,CRS3035RES1000mN2032000E3177000,3839306060,72.0
9699,CRS3035RES1000mN2032000E3177000,4214697664,85.0
9700,CRS3035RES1000mN2032000E3177000,4338252586,
9701,CRS3035RES1000mN2032000E3177000,4401271633,
9702,CRS3035RES1000mN2032000E3177000,4515476768,
9703,CRS3035RES1000mN2032000E3177000,4569910891,74.0
9704,CRS3035RES1000mN2032000E3177000,4703730491,112.0
9705,CRS3035RES1000mN2032000E3177000,4707870392,108.0
9706,CRS3035RES1000mN2032000E3177000,4789037769,
9707,CRS3035RES1000mN2032000E3177000,4794233143,
9708,CRS3035RES1000mN2032000E3177000,4870405674,96.0
9709,CRS3035RES1000mN2032000E3177000,5139379922,
9710,CRS3035RES1000mN2032000E3177000,5160337425,76.0
9711,CRS3035RES1000mN2032000E3177000,5196199575,113.0
9712,CRS3035RES1000mN2032000E3177000,5341570554,74.0
9713,CRS3035RES1000mN2032000E3177000,5345949864,110.0
9714,CRS3035RES1000mN2032000E3177000,5448507385,
9715,CRS3035RES1000mN2032000E3177000,5604693894,
9716,CRS3035RES1000mN2032000E3177000,5670401989,
9717,CRS3035RES1000mN2032000E3177000,5942671299,105.0
9718,CRS3035RES1000mN2032000E3177000,5943980960,
9719,CRS3035RES1000mN2032000E3177000,6185791451,
9720,CRS3035RES1000mN2032000E3177000,6188948286,96.0
9721,CRS3035RES1000mN2032000E3177000,6555800191,117.0
9722,CRS3035RES1000mN2032000E3177000,6885254479,83.0
9723,CRS3035RES1000mN2032000E3177000,7222611268,119.0
9724,CRS3035RES1000mN2032000E3177000,7408961006,
9725,CRS3035RES1000mN2032000E3177000,7619964683,
9726,CRS3035RES1000mN2032000E3177000,7836562695,101.0
9727,CRS3035RES1000mN2032000E3177000,8493729364,82.0
9728,CRS3035RES1000mN2032000E3177000,8557885377,
9729,CRS3035RES1000mN2032000E3177000,8807212208,66.0
9730,CRS3035RES1000mN2032000E3177000,8844229173,76.0
9731,CRS3035RES1000mN2032000E3177000,8878422600,100.0
9732,CRS3035RES1000mN2032000E3177000,9595709188,74.0
9733,CRS3035RES1000mN2032000E3177000,9611387099,87.0
9734,CRS3035RES1000mN2032000E3177000,9712656915,76.0
9735,CRS3035RES1000mN2032000E3177000,9713142744,69.0
9736,CRS3035RES1000mN2032000E3177000,9815746657,
9737,CRS3035RES1000mN2032000E3177000,10004871512,66.0
9738,CRS3035RES1000mN2032000E3177000,10281174134,
9739,CRS3035RES1000mN2032000E3177000,10580337411,76.0
9740,CRS3035RES1000mN2032000E3177000,10899442604,
9741,CRS3035RES1000mN2032000E3177000,10922657146,
9742,CRS3035RES1000mN2032000E3177000,11127499928,81.0
9743,CRS3035RES1000mN2032000E3177000,11143725881,98.0
9744,CRS3035RES1000mN2032000E3177000,11243087140,80.0
9745,CRS3035RES1000mN2032000E3177000,11269399969,91.0
9746,CRS3035RES1000mN2032000E3177000,11287269362,65.0
9747,CRS3035RES1000mN2032000E3177000,11287269363,86.0
9748,CRS3035RES1000mN2032000E3177000,11369705764,85.0
9749,CRS3035RES1000mN2032000E3177000,11387776374,98.0
9750,CRS3035RES1000mN2032000E3177000,11461799040,
9751,CRS3035RES1000mN2032000E3177000,11462802981,83.0
9752,CRS3035RES1000mN2032000E3177000,11652077658,102.0
9753,CRS3035RES1000mN2032000E3177000,11691390164,76.0
9754,CRS3035RES1000mN2032000E3177000,11739757462,106.0
9755,CRS3035RES1000mN2032000E3177000,12178446726,97.0
9756,CRS3035RES1000mN2032000E3177000,12407425114,98.0
9757,CRS3035RES1000mN2032000E3177000,12865480228,73.0
9758,CRS3035RES1000mN2032000E3177000,2960630,
9759,CRS3035RES1000mN2032000E3177000,3554044,
9760,CRS3035RES1000mN2032000E3177000,3557906,113.0
9761,CRS3035RES1000mN2032000E3177000,5231361,84.0
9762,CRS3035RES1000mN2032000E3177000,9314566,114.0
9763,CRS3035RES1000mN2032000E3177000,13696257,112.0
9764,CRS3035RES1000mN2032000E3177000,15996131,85.0
9765,CRS3035RES1000mN2032000E3177000,23526191,68.0
9766,CRS3035RES1000mN2032000E3177000,23545719,80.0
9767,CRS3035RES1000mN2032000E3177000,30599279,111.0
9768,CRS3035RES1000mN2032000E3177000,30649229,82.0
9769,CRS3035RES1000mN2032000E3177000,32198651,
9770,CRS3035RES1000mN2032000E3177000,34945111,115.0
9771,CRS3035RES1000mN2032000E3177000,50170625,88.0
9772,CRS3035RES1000mN2032000E3177000,82887228,107.0
9773,CRS3035RES1000mN2032000E3177000,92484952,100.0
9774,CRS3035RES1000mN2032000E3177000,95794713,89.0
9775,CRS3035RES1000mN2032000E3177000,96418670,
9776,CRS3035RES1000mN2032000E3177000,98502686,91.0
9777,CRS3035RES1000mN2032000E3177000,132613257,86.0
9778,CRS3035RES1000mN2032000E3177000,135036040,69.0
9779,CRS3035RES1000mN2032000E3177000,150772489,81.0
9780,CRS3035RES1000mN2032000E3177000,154118456,94.0
9781,CRS3035RES1000mN2032000E3177000,157375776,75.0
9782,CRS3035RES1000mN2032000E3177000,158211204,117.0
9783,CRS3035RES1000mN2032000E3177000,162072415,104.0
9784,CRS3035RES1000mN2032000E3177000,162117720,107.0
9785,CRS3035RES1000mN2032000E3177000,170487273,105.0
9786,CRS3035RES1000mN2032000E3177000,172686062,119.0
9787,CRS3035RES1000mN2032000E3177000,174318235,115.0
9788,CRS3035RES1000mN2032000E3177000,174318237,119.0
9789,CRS3035RES1000mN2032000E3177000,205060159,119.0
9790,CRS3035RES1000mN2032000E3177000,205757163,
9791,CRS3035RES1000mN2032000E3177000,221095520,79.0
9792,CRS3035RES1000mN2032000E3177000,224503374,68.0
9793,CRS3035RES1000mN2032000E3177000,227333462,87.0
9794,CRS3035RES1000mN2032000E3177000,229117454,97.0
9795,CRS3035RES1000mN2032000E3177000,261460389,
9796,CRS3035RES1000mN2032000E3177000,283450022,73.0
9797,CRS3035RES1000mN2032000E3177000,288994040,81.0
9798,CRS3035RES1000mN2032000E3177000,296744564,74.0
9799,CRS3035RES1000mN2032000E3177000,297526406,79.0
9800,CRS3035RES1000mN2032000E3177000,300709861,
9801,CRS3035RES1000mN2032000E3177000,301444634,
9802,CRS3035RES1000mN2032000E3177000,302721609,
9803,CRS3035RES1000mN2032000E3177000,308195630,
9804,CRS3035RES1000mN2032000E3177000,312777902,88.0
9805,CRS3035RES1000mN2032000E3177000,330154630,
9806,CRS3035RES1000mN2032000E3177000,340205456,78.0
9807,CRS3035RES1000mN2032000E3177000,367883612,105.0
9808,CRS3035RES1000mN2032000E3177000,368211943,106.0
9809,CRS3035RES1000mN2032000E3177000,374180360,79.0
9810,CRS3035RES1000mN2032000E3177000,375369499,88.0
9811,CRS3035RES1000mN2032000E3177000,383494544,81.0
9812,CRS3035RES1000mN2032000E3177000,384574591,112.0
9813,CRS3035RES1000mN2032000E3177000,403538322,88.0
9814,CRS3035RES1000mN2032000E3177000,403859503,76.0
9815,CRS3035RES1000mN2032000E3177000,437050442,
9816,CRS3035RES1000mN2032000E3177000,459881697,88.0
9817,CRS3035RES1000mN2032000E3177000,477278425,109.0
9818,CRS3035RES1000mN2032000E3177000,486879235,
9819,CRS3035RES1000mN2032000E3177000,493748377,103.0
9820,CRS3035RES1000mN2032000E3177000,498234201,
9821,CRS3035RES1000mN2032000E3177000,504315026,74.0
9822,CRS3035RES1000mN2032000E3177000,548701490,
9823,CRS3035RES1000mN2032000E3177000,574210084,118.0
9824,CRS3035RES1000mN2032000E3177000,576094143,108.0
9825,CRS3035RES1000mN2032000E3177000,584409067,107.0
9826,CRS3035RES1000mN2032000E3177000,635512756,81.0
9827,CRS3035RES1000mN2032000E3177000,638492224,102.0
9828,CRS3035RES1000mN2032000E3177000,653913062,84.0
9829,CRS3035RES1000mN2032000E3177000,659866770,
9830,CRS3035RES1000mN2032000E3177000,697717972,116.0
9831,CRS3035RES1000mN2032000E3177000,717194862,
9832,CRS3035RES1000mN2032000E3177000,736899303,
9833,CRS3035RES1000mN2032000E3177000,738042217,
9834,CRS3035RES1000mN2032000E3177000,839611983,
9835,CRS3035RES1000mN2032000E3177000,957893520,73.0
9836,CRS3035RES1000mN2032000E3177000,963308110,79.0
9837,CRS3035RES1000mN2032000E3177000,1073283182,109.0
9838,CRS3035RES1000mN2032000E3177000,1252864015,62.0
9839,CRS3035RES1000mN2032000E3177000,1283203658,
