,from_id,to_id,travel_time
0,CRS3035RES1000mN2018000E3143000,25526,81.0
1,CRS3035RES1000mN2018000E3143000,1774,102.0
2,CRS3035RES1000mN2018000E3143000,1770,
3,CRS3035RES1000mN2018000E3143000,1773,
4,CRS3035RES1000mN2018000E3143000,1771,100.0
5,CRS3035RES1000mN2018000E3143000,123303,100.0
6,CRS3035RES1000mN2018000E3143000,1764,104.0
7,CRS3035RES1000mN2018000E3143000,181101,119.0
8,CRS3035RES1000mN2018000E3143000,5765642,83.0
9,CRS3035RES1000mN2018000E3143000,86719,96.0
10,CRS3035RES1000mN2018000E3143000,1800,116.0
11,CRS3035RES1000mN2018000E3143000,1757,89.0
12,CRS3035RES1000mN2018000E3143000,1755,96.0
13,CRS3035RES1000mN2018000E3143000,1882,98.0
14,CRS3035RES1000mN2018000E3143000,1745,118.0
15,CRS3035RES1000mN2018000E3143000,1794,116.0
16,CRS3035RES1000mN2018000E3143000,1762,108.0
17,CRS3035RES1000mN2018000E3143000,51188,108.0
18,CRS3035RES1000mN2018000E3143000,6893633,110.0
19,CRS3035RES1000mN2018000E3143000,167128,118.0
20,CRS3035RES1000mN2018000E3143000,1760,112.0
21,CRS3035RES1000mN2018000E3143000,12773298,94.0
22,CRS3035RES1000mN2018000E3143000,1754,107.0
23,CRS3035RES1000mN2018000E3143000,1748,115.0
24,CRS3035RES1000mN2018000E3143000,79941,
25,CRS3035RES1000mN2018000E3143000,1750,117.0
26,CRS3035RES1000mN2018000E3143000,5975465,100.0
27,CRS3035RES1000mN2018000E3143000,115056,
28,CRS3035RES1000mN2018000E3143000,1790,116.0
29,CRS3035RES1000mN2018000E3143000,1756,88.0
30,CRS3035RES1000mN2018000E3143000,51849,117.0
31,CRS3035RES1000mN2018000E3143000,185595,110.0
32,CRS3035RES1000mN2018000E3143000,7697128,94.0
33,CRS3035RES1000mN2018000E3143000,10395362,
34,CRS3035RES1000mN2018000E3143000,1759,112.0
35,CRS3035RES1000mN2018000E3143000,1752,112.0
36,CRS3035RES1000mN2018000E3143000,186714,114.0
37,CRS3035RES1000mN2018000E3143000,1753,111.0
38,CRS3035RES1000mN2018000E3143000,1792,111.0
39,CRS3035RES1000mN2018000E3143000,1763,98.0
40,CRS3035RES1000mN2018000E3143000,1746,
41,CRS3035RES1000mN2018000E3143000,11572165,104.0
42,CRS3035RES1000mN2018000E3143000,1761,106.0
43,CRS3035RES1000mN2018000E3143000,1747,119.0
44,CRS3035RES1000mN2018000E3143000,5768564,88.0
45,CRS3035RES1000mN2018000E3143000,1798,94.0
46,CRS3035RES1000mN2018000E3143000,66904,116.0
47,CRS3035RES1000mN2018000E3143000,1777,102.0
48,CRS3035RES1000mN2018000E3143000,1765,111.0
49,CRS3035RES1000mN2018000E3143000,49416,113.0
50,CRS3035RES1000mN2018000E3143000,12734939,113.0
51,CRS3035RES1000mN2018000E3143000,167386167,102.0
52,CRS3035RES1000mN2018000E3143000,295933804,108.0
53,CRS3035RES1000mN2018000E3143000,303340017,102.0
54,CRS3035RES1000mN2018000E3143000,315355551,109.0
55,CRS3035RES1000mN2018000E3143000,339084977,102.0
56,CRS3035RES1000mN2018000E3143000,412911553,106.0
57,CRS3035RES1000mN2018000E3143000,558126037,104.0
58,CRS3035RES1000mN2018000E3143000,711789768,99.0
59,CRS3035RES1000mN2018000E3143000,727666062,
60,CRS3035RES1000mN2018000E3143000,848085869,64.0
61,CRS3035RES1000mN2018000E3143000,1056098898,115.0
62,CRS3035RES1000mN2018000E3143000,1255438242,
63,CRS3035RES1000mN2018000E3143000,1469985039,
64,CRS3035RES1000mN2018000E3143000,1504302537,
65,CRS3035RES1000mN2018000E3143000,1511617504,76.0
66,CRS3035RES1000mN2018000E3143000,1541601287,
67,CRS3035RES1000mN2018000E3143000,1544591296,119.0
68,CRS3035RES1000mN2018000E3143000,1598174183,
69,CRS3035RES1000mN2018000E3143000,1629887846,
70,CRS3035RES1000mN2018000E3143000,1686660176,
71,CRS3035RES1000mN2018000E3143000,1716927336,101.0
72,CRS3035RES1000mN2018000E3143000,1734554324,
73,CRS3035RES1000mN2018000E3143000,1849109335,107.0
74,CRS3035RES1000mN2018000E3143000,2028408680,85.0
75,CRS3035RES1000mN2018000E3143000,2036887702,
76,CRS3035RES1000mN2018000E3143000,2061404218,
77,CRS3035RES1000mN2018000E3143000,2134238030,
78,CRS3035RES1000mN2018000E3143000,2261600754,
79,CRS3035RES1000mN2018000E3143000,2301402027,
80,CRS3035RES1000mN2018000E3143000,2303966810,78.0
81,CRS3035RES1000mN2018000E3143000,2312029862,
82,CRS3035RES1000mN2018000E3143000,2408860250,
83,CRS3035RES1000mN2018000E3143000,2620185829,109.0
84,CRS3035RES1000mN2018000E3143000,2622508931,106.0
85,CRS3035RES1000mN2018000E3143000,2672130951,109.0
86,CRS3035RES1000mN2018000E3143000,2710518818,
87,CRS3035RES1000mN2018000E3143000,3034026261,104.0
88,CRS3035RES1000mN2018000E3143000,3179889751,
89,CRS3035RES1000mN2018000E3143000,3206611978,
90,CRS3035RES1000mN2018000E3143000,3272828439,73.0
91,CRS3035RES1000mN2018000E3143000,3452364276,
92,CRS3035RES1000mN2018000E3143000,3452364277,112.0
93,CRS3035RES1000mN2018000E3143000,3495733197,
94,CRS3035RES1000mN2018000E3143000,3497154853,
95,CRS3035RES1000mN2018000E3143000,3517755445,
96,CRS3035RES1000mN2018000E3143000,3522125657,
97,CRS3035RES1000mN2018000E3143000,3526751794,
98,CRS3035RES1000mN2018000E3143000,3839306060,
99,CRS3035RES1000mN2018000E3143000,4214697664,89.0
100,CRS3035RES1000mN2018000E3143000,4338252586,
101,CRS3035RES1000mN2018000E3143000,4401271633,
102,CRS3035RES1000mN2018000E3143000,4515476768,89.0
103,CRS3035RES1000mN2018000E3143000,4569910891,99.0
104,CRS3035RES1000mN2018000E3143000,4703730491,111.0
105,CRS3035RES1000mN2018000E3143000,4707870392,103.0
106,CRS3035RES1000mN2018000E3143000,4789037769,117.0
107,CRS3035RES1000mN2018000E3143000,4794233143,
108,CRS3035RES1000mN2018000E3143000,4870405674,89.0
109,CRS3035RES1000mN2018000E3143000,5139379922,
110,CRS3035RES1000mN2018000E3143000,5160337425,104.0
111,CRS3035RES1000mN2018000E3143000,5196199575,103.0
112,CRS3035RES1000mN2018000E3143000,5341570554,111.0
113,CRS3035RES1000mN2018000E3143000,5345949864,
114,CRS3035RES1000mN2018000E3143000,5448507385,
115,CRS3035RES1000mN2018000E3143000,5604693894,
116,CRS3035RES1000mN2018000E3143000,5670401989,
117,CRS3035RES1000mN2018000E3143000,5942671299,
118,CRS3035RES1000mN2018000E3143000,5943980960,93.0
119,CRS3035RES1000mN2018000E3143000,6185791451,
120,CRS3035RES1000mN2018000E3143000,6188948286,
121,CRS3035RES1000mN2018000E3143000,6555800191,57.0
122,CRS3035RES1000mN2018000E3143000,6885254479,
123,CRS3035RES1000mN2018000E3143000,7222611268,
124,CRS3035RES1000mN2018000E3143000,7408961006,
125,CRS3035RES1000mN2018000E3143000,7619964683,
126,CRS3035RES1000mN2018000E3143000,7836562695,
127,CRS3035RES1000mN2018000E3143000,8493729364,98.0
128,CRS3035RES1000mN2018000E3143000,8557885377,
129,CRS3035RES1000mN2018000E3143000,8807212208,105.0
130,CRS3035RES1000mN2018000E3143000,8844229173,111.0
131,CRS3035RES1000mN2018000E3143000,8878422600,
132,CRS3035RES1000mN2018000E3143000,9595709188,114.0
133,CRS3035RES1000mN2018000E3143000,9611387099,92.0
134,CRS3035RES1000mN2018000E3143000,9712656915,100.0
135,CRS3035RES1000mN2018000E3143000,9713142744,105.0
136,CRS3035RES1000mN2018000E3143000,9815746657,
137,CRS3035RES1000mN2018000E3143000,10004871512,
138,CRS3035RES1000mN2018000E3143000,10281174134,
139,CRS3035RES1000mN2018000E3143000,10580337411,
140,CRS3035RES1000mN2018000E3143000,10899442604,65.0
141,CRS3035RES1000mN2018000E3143000,10922657146,55.0
142,CRS3035RES1000mN2018000E3143000,11127499928,
143,CRS3035RES1000mN2018000E3143000,11143725881,
144,CRS3035RES1000mN2018000E3143000,11243087140,
145,CRS3035RES1000mN2018000E3143000,11269399969,114.0
146,CRS3035RES1000mN2018000E3143000,11287269362,
147,CRS3035RES1000mN2018000E3143000,11287269363,
148,CRS3035RES1000mN2018000E3143000,11369705764,
149,CRS3035RES1000mN2018000E3143000,11387776374,
150,CRS3035RES1000mN2018000E3143000,11461799040,
151,CRS3035RES1000mN2018000E3143000,11462802981,108.0
152,CRS3035RES1000mN2018000E3143000,11652077658,112.0
153,CRS3035RES1000mN2018000E3143000,11691390164,105.0
154,CRS3035RES1000mN2018000E3143000,11739757462,84.0
155,CRS3035RES1000mN2018000E3143000,12178446726,93.0
156,CRS3035RES1000mN2018000E3143000,12407425114,
157,CRS3035RES1000mN2018000E3143000,12865480228,
158,CRS3035RES1000mN2018000E3143000,2960630,68.0
159,CRS3035RES1000mN2018000E3143000,3554044,53.0
160,CRS3035RES1000mN2018000E3143000,3557906,80.0
161,CRS3035RES1000mN2018000E3143000,5231361,109.0
162,CRS3035RES1000mN2018000E3143000,9314566,
163,CRS3035RES1000mN2018000E3143000,13696257,
164,CRS3035RES1000mN2018000E3143000,15996131,106.0
165,CRS3035RES1000mN2018000E3143000,23526191,118.0
166,CRS3035RES1000mN2018000E3143000,23545719,
167,CRS3035RES1000mN2018000E3143000,30599279,82.0
168,CRS3035RES1000mN2018000E3143000,30649229,105.0
169,CRS3035RES1000mN2018000E3143000,32198651,
170,CRS3035RES1000mN2018000E3143000,34945111,73.0
171,CRS3035RES1000mN2018000E3143000,50170625,
172,CRS3035RES1000mN2018000E3143000,82887228,
173,CRS3035RES1000mN2018000E3143000,92484952,
174,CRS3035RES1000mN2018000E3143000,95794713,
175,CRS3035RES1000mN2018000E3143000,96418670,69.0
176,CRS3035RES1000mN2018000E3143000,98502686,108.0
177,CRS3035RES1000mN2018000E3143000,132613257,
178,CRS3035RES1000mN2018000E3143000,135036040,
179,CRS3035RES1000mN2018000E3143000,150772489,110.0
180,CRS3035RES1000mN2018000E3143000,154118456,
181,CRS3035RES1000mN2018000E3143000,157375776,
182,CRS3035RES1000mN2018000E3143000,158211204,62.0
183,CRS3035RES1000mN2018000E3143000,162072415,81.0
184,CRS3035RES1000mN2018000E3143000,162117720,
185,CRS3035RES1000mN2018000E3143000,170487273,
186,CRS3035RES1000mN2018000E3143000,172686062,78.0
187,CRS3035RES1000mN2018000E3143000,174318235,64.0
188,CRS3035RES1000mN2018000E3143000,174318237,62.0
189,CRS3035RES1000mN2018000E3143000,205060159,
190,CRS3035RES1000mN2018000E3143000,205757163,
191,CRS3035RES1000mN2018000E3143000,221095520,
192,CRS3035RES1000mN2018000E3143000,224503374,109.0
193,CRS3035RES1000mN2018000E3143000,227333462,117.0
194,CRS3035RES1000mN2018000E3143000,229117454,119.0
195,CRS3035RES1000mN2018000E3143000,261460389,
196,CRS3035RES1000mN2018000E3143000,283450022,95.0
197,CRS3035RES1000mN2018000E3143000,288994040,92.0
198,CRS3035RES1000mN2018000E3143000,296744564,
199,CRS3035RES1000mN2018000E3143000,297526406,
200,CRS3035RES1000mN2018000E3143000,300709861,82.0
201,CRS3035RES1000mN2018000E3143000,301444634,
202,CRS3035RES1000mN2018000E3143000,302721609,107.0
203,CRS3035RES1000mN2018000E3143000,308195630,
204,CRS3035RES1000mN2018000E3143000,312777902,92.0
205,CRS3035RES1000mN2018000E3143000,330154630,
206,CRS3035RES1000mN2018000E3143000,340205456,111.0
207,CRS3035RES1000mN2018000E3143000,367883612,
208,CRS3035RES1000mN2018000E3143000,368211943,
209,CRS3035RES1000mN2018000E3143000,374180360,
210,CRS3035RES1000mN2018000E3143000,375369499,
211,CRS3035RES1000mN2018000E3143000,383494544,113.0
212,CRS3035RES1000mN2018000E3143000,384574591,80.0
213,CRS3035RES1000mN2018000E3143000,403538322,
214,CRS3035RES1000mN2018000E3143000,403859503,107.0
215,CRS3035RES1000mN2018000E3143000,437050442,97.0
216,CRS3035RES1000mN2018000E3143000,459881697,118.0
217,CRS3035RES1000mN2018000E3143000,477278425,
218,CRS3035RES1000mN2018000E3143000,486879235,
219,CRS3035RES1000mN2018000E3143000,493748377,82.0
220,CRS3035RES1000mN2018000E3143000,498234201,98.0
221,CRS3035RES1000mN2018000E3143000,504315026,
222,CRS3035RES1000mN2018000E3143000,548701490,
223,CRS3035RES1000mN2018000E3143000,574210084,
224,CRS3035RES1000mN2018000E3143000,576094143,78.0
225,CRS3035RES1000mN2018000E3143000,584409067,
226,CRS3035RES1000mN2018000E3143000,635512756,
227,CRS3035RES1000mN2018000E3143000,638492224,
228,CRS3035RES1000mN2018000E3143000,653913062,
229,CRS3035RES1000mN2018000E3143000,659866770,
230,CRS3035RES1000mN2018000E3143000,697717972,69.0
231,CRS3035RES1000mN2018000E3143000,717194862,
232,CRS3035RES1000mN2018000E3143000,736899303,
233,CRS3035RES1000mN2018000E3143000,738042217,107.0
234,CRS3035RES1000mN2018000E3143000,839611983,
235,CRS3035RES1000mN2018000E3143000,957893520,101.0
236,CRS3035RES1000mN2018000E3143000,963308110,
237,CRS3035RES1000mN2018000E3143000,1073283182,104.0
238,CRS3035RES1000mN2018000E3143000,1252864015,
239,CRS3035RES1000mN2018000E3143000,1283203658,98.0
240,CRS3035RES1000mN2018000E3144000,25526,72.0
241,CRS3035RES1000mN2018000E3144000,1774,89.0
242,CRS3035RES1000mN2018000E3144000,1770,116.0
243,CRS3035RES1000mN2018000E3144000,1773,107.0
244,CRS3035RES1000mN2018000E3144000,1771,95.0
245,CRS3035RES1000mN2018000E3144000,123303,86.0
246,CRS3035RES1000mN2018000E3144000,1764,98.0
247,CRS3035RES1000mN2018000E3144000,181101,109.0
248,CRS3035RES1000mN2018000E3144000,5765642,64.0
249,CRS3035RES1000mN2018000E3144000,86719,81.0
250,CRS3035RES1000mN2018000E3144000,1800,104.0
251,CRS3035RES1000mN2018000E3144000,1757,77.0
252,CRS3035RES1000mN2018000E3144000,1755,84.0
253,CRS3035RES1000mN2018000E3144000,1882,94.0
254,CRS3035RES1000mN2018000E3144000,1745,109.0
255,CRS3035RES1000mN2018000E3144000,1794,108.0
256,CRS3035RES1000mN2018000E3144000,1762,97.0
257,CRS3035RES1000mN2018000E3144000,51188,102.0
258,CRS3035RES1000mN2018000E3144000,6893633,99.0
259,CRS3035RES1000mN2018000E3144000,167128,107.0
260,CRS3035RES1000mN2018000E3144000,1760,105.0
261,CRS3035RES1000mN2018000E3144000,12773298,79.0
262,CRS3035RES1000mN2018000E3144000,1754,90.0
263,CRS3035RES1000mN2018000E3144000,1748,104.0
264,CRS3035RES1000mN2018000E3144000,79941,114.0
265,CRS3035RES1000mN2018000E3144000,1750,109.0
266,CRS3035RES1000mN2018000E3144000,5975465,91.0
267,CRS3035RES1000mN2018000E3144000,115056,116.0
268,CRS3035RES1000mN2018000E3144000,1790,110.0
269,CRS3035RES1000mN2018000E3144000,1756,68.0
270,CRS3035RES1000mN2018000E3144000,51849,105.0
271,CRS3035RES1000mN2018000E3144000,185595,104.0
272,CRS3035RES1000mN2018000E3144000,7697128,89.0
273,CRS3035RES1000mN2018000E3144000,10395362,
274,CRS3035RES1000mN2018000E3144000,1759,105.0
275,CRS3035RES1000mN2018000E3144000,1752,101.0
276,CRS3035RES1000mN2018000E3144000,186714,106.0
277,CRS3035RES1000mN2018000E3144000,1753,98.0
278,CRS3035RES1000mN2018000E3144000,1792,103.0
279,CRS3035RES1000mN2018000E3144000,1763,90.0
280,CRS3035RES1000mN2018000E3144000,1746,112.0
281,CRS3035RES1000mN2018000E3144000,11572165,92.0
282,CRS3035RES1000mN2018000E3144000,1761,93.0
283,CRS3035RES1000mN2018000E3144000,1747,108.0
284,CRS3035RES1000mN2018000E3144000,5768564,76.0
285,CRS3035RES1000mN2018000E3144000,1798,83.0
286,CRS3035RES1000mN2018000E3144000,66904,111.0
287,CRS3035RES1000mN2018000E3144000,1777,95.0
288,CRS3035RES1000mN2018000E3144000,1765,100.0
289,CRS3035RES1000mN2018000E3144000,49416,104.0
290,CRS3035RES1000mN2018000E3144000,12734939,104.0
291,CRS3035RES1000mN2018000E3144000,167386167,88.0
292,CRS3035RES1000mN2018000E3144000,295933804,102.0
293,CRS3035RES1000mN2018000E3144000,303340017,102.0
294,CRS3035RES1000mN2018000E3144000,315355551,106.0
295,CRS3035RES1000mN2018000E3144000,339084977,90.0
296,CRS3035RES1000mN2018000E3144000,412911553,100.0
297,CRS3035RES1000mN2018000E3144000,558126037,94.0
298,CRS3035RES1000mN2018000E3144000,711789768,87.0
299,CRS3035RES1000mN2018000E3144000,727666062,
300,CRS3035RES1000mN2018000E3144000,848085869,45.0
301,CRS3035RES1000mN2018000E3144000,1056098898,109.0
302,CRS3035RES1000mN2018000E3144000,1255438242,
303,CRS3035RES1000mN2018000E3144000,1469985039,118.0
304,CRS3035RES1000mN2018000E3144000,1504302537,
305,CRS3035RES1000mN2018000E3144000,1511617504,71.0
306,CRS3035RES1000mN2018000E3144000,1541601287,
307,CRS3035RES1000mN2018000E3144000,1544591296,113.0
308,CRS3035RES1000mN2018000E3144000,1598174183,
309,CRS3035RES1000mN2018000E3144000,1629887846,
310,CRS3035RES1000mN2018000E3144000,1686660176,118.0
311,CRS3035RES1000mN2018000E3144000,1716927336,100.0
312,CRS3035RES1000mN2018000E3144000,1734554324,
313,CRS3035RES1000mN2018000E3144000,1849109335,107.0
314,CRS3035RES1000mN2018000E3144000,2028408680,76.0
315,CRS3035RES1000mN2018000E3144000,2036887702,
316,CRS3035RES1000mN2018000E3144000,2061404218,117.0
317,CRS3035RES1000mN2018000E3144000,2134238030,
318,CRS3035RES1000mN2018000E3144000,2261600754,
319,CRS3035RES1000mN2018000E3144000,2301402027,
320,CRS3035RES1000mN2018000E3144000,2303966810,67.0
321,CRS3035RES1000mN2018000E3144000,2312029862,
322,CRS3035RES1000mN2018000E3144000,2408860250,
323,CRS3035RES1000mN2018000E3144000,2620185829,102.0
324,CRS3035RES1000mN2018000E3144000,2622508931,101.0
325,CRS3035RES1000mN2018000E3144000,2672130951,103.0
326,CRS3035RES1000mN2018000E3144000,2710518818,119.0
327,CRS3035RES1000mN2018000E3144000,3034026261,96.0
328,CRS3035RES1000mN2018000E3144000,3179889751,
329,CRS3035RES1000mN2018000E3144000,3206611978,
330,CRS3035RES1000mN2018000E3144000,3272828439,58.0
331,CRS3035RES1000mN2018000E3144000,3452364276,
332,CRS3035RES1000mN2018000E3144000,3452364277,103.0
333,CRS3035RES1000mN2018000E3144000,3495733197,
334,CRS3035RES1000mN2018000E3144000,3497154853,
335,CRS3035RES1000mN2018000E3144000,3517755445,
336,CRS3035RES1000mN2018000E3144000,3522125657,
337,CRS3035RES1000mN2018000E3144000,3526751794,
338,CRS3035RES1000mN2018000E3144000,3839306060,119.0
339,CRS3035RES1000mN2018000E3144000,4214697664,83.0
340,CRS3035RES1000mN2018000E3144000,4338252586,
341,CRS3035RES1000mN2018000E3144000,4401271633,
342,CRS3035RES1000mN2018000E3144000,4515476768,81.0
343,CRS3035RES1000mN2018000E3144000,4569910891,93.0
344,CRS3035RES1000mN2018000E3144000,4703730491,98.0
345,CRS3035RES1000mN2018000E3144000,4707870392,96.0
346,CRS3035RES1000mN2018000E3144000,4789037769,116.0
347,CRS3035RES1000mN2018000E3144000,4794233143,
348,CRS3035RES1000mN2018000E3144000,4870405674,76.0
349,CRS3035RES1000mN2018000E3144000,5139379922,110.0
350,CRS3035RES1000mN2018000E3144000,5160337425,98.0
351,CRS3035RES1000mN2018000E3144000,5196199575,103.0
352,CRS3035RES1000mN2018000E3144000,5341570554,98.0
353,CRS3035RES1000mN2018000E3144000,5345949864,
354,CRS3035RES1000mN2018000E3144000,5448507385,
355,CRS3035RES1000mN2018000E3144000,5604693894,
356,CRS3035RES1000mN2018000E3144000,5670401989,
357,CRS3035RES1000mN2018000E3144000,5942671299,
358,CRS3035RES1000mN2018000E3144000,5943980960,97.0
359,CRS3035RES1000mN2018000E3144000,6185791451,
360,CRS3035RES1000mN2018000E3144000,6188948286,
361,CRS3035RES1000mN2018000E3144000,6555800191,51.0
362,CRS3035RES1000mN2018000E3144000,6885254479,116.0
363,CRS3035RES1000mN2018000E3144000,7222611268,
364,CRS3035RES1000mN2018000E3144000,7408961006,
365,CRS3035RES1000mN2018000E3144000,7619964683,
366,CRS3035RES1000mN2018000E3144000,7836562695,
367,CRS3035RES1000mN2018000E3144000,8493729364,89.0
368,CRS3035RES1000mN2018000E3144000,8557885377,
369,CRS3035RES1000mN2018000E3144000,8807212208,99.0
370,CRS3035RES1000mN2018000E3144000,8844229173,104.0
371,CRS3035RES1000mN2018000E3144000,8878422600,
372,CRS3035RES1000mN2018000E3144000,9595709188,108.0
373,CRS3035RES1000mN2018000E3144000,9611387099,87.0
374,CRS3035RES1000mN2018000E3144000,9712656915,94.0
375,CRS3035RES1000mN2018000E3144000,9713142744,97.0
376,CRS3035RES1000mN2018000E3144000,9815746657,
377,CRS3035RES1000mN2018000E3144000,10004871512,
378,CRS3035RES1000mN2018000E3144000,10281174134,
379,CRS3035RES1000mN2018000E3144000,10580337411,
380,CRS3035RES1000mN2018000E3144000,10899442604,49.0
381,CRS3035RES1000mN2018000E3144000,10922657146,36.0
382,CRS3035RES1000mN2018000E3144000,11127499928,
383,CRS3035RES1000mN2018000E3144000,11143725881,117.0
384,CRS3035RES1000mN2018000E3144000,11243087140,
385,CRS3035RES1000mN2018000E3144000,11269399969,107.0
386,CRS3035RES1000mN2018000E3144000,11287269362,
387,CRS3035RES1000mN2018000E3144000,11287269363,
388,CRS3035RES1000mN2018000E3144000,11369705764,
389,CRS3035RES1000mN2018000E3144000,11387776374,113.0
390,CRS3035RES1000mN2018000E3144000,11461799040,
391,CRS3035RES1000mN2018000E3144000,11462802981,99.0
392,CRS3035RES1000mN2018000E3144000,11652077658,112.0
393,CRS3035RES1000mN2018000E3144000,11691390164,99.0
394,CRS3035RES1000mN2018000E3144000,11739757462,67.0
395,CRS3035RES1000mN2018000E3144000,12178446726,81.0
396,CRS3035RES1000mN2018000E3144000,12407425114,
397,CRS3035RES1000mN2018000E3144000,12865480228,
398,CRS3035RES1000mN2018000E3144000,2960630,61.0
399,CRS3035RES1000mN2018000E3144000,3554044,61.0
400,CRS3035RES1000mN2018000E3144000,3557906,65.0
401,CRS3035RES1000mN2018000E3144000,5231361,102.0
402,CRS3035RES1000mN2018000E3144000,9314566,
403,CRS3035RES1000mN2018000E3144000,13696257,
404,CRS3035RES1000mN2018000E3144000,15996131,102.0
405,CRS3035RES1000mN2018000E3144000,23526191,110.0
406,CRS3035RES1000mN2018000E3144000,23545719,113.0
407,CRS3035RES1000mN2018000E3144000,30599279,68.0
408,CRS3035RES1000mN2018000E3144000,30649229,98.0
409,CRS3035RES1000mN2018000E3144000,32198651,
410,CRS3035RES1000mN2018000E3144000,34945111,57.0
411,CRS3035RES1000mN2018000E3144000,50170625,
412,CRS3035RES1000mN2018000E3144000,82887228,
413,CRS3035RES1000mN2018000E3144000,92484952,
414,CRS3035RES1000mN2018000E3144000,95794713,111.0
415,CRS3035RES1000mN2018000E3144000,96418670,53.0
416,CRS3035RES1000mN2018000E3144000,98502686,106.0
417,CRS3035RES1000mN2018000E3144000,132613257,113.0
418,CRS3035RES1000mN2018000E3144000,135036040,
419,CRS3035RES1000mN2018000E3144000,150772489,104.0
420,CRS3035RES1000mN2018000E3144000,154118456,109.0
421,CRS3035RES1000mN2018000E3144000,157375776,
422,CRS3035RES1000mN2018000E3144000,158211204,56.0
423,CRS3035RES1000mN2018000E3144000,162072415,63.0
424,CRS3035RES1000mN2018000E3144000,162117720,
425,CRS3035RES1000mN2018000E3144000,170487273,
426,CRS3035RES1000mN2018000E3144000,172686062,70.0
427,CRS3035RES1000mN2018000E3144000,174318235,45.0
428,CRS3035RES1000mN2018000E3144000,174318237,45.0
429,CRS3035RES1000mN2018000E3144000,205060159,
430,CRS3035RES1000mN2018000E3144000,205757163,
431,CRS3035RES1000mN2018000E3144000,221095520,
432,CRS3035RES1000mN2018000E3144000,224503374,102.0
433,CRS3035RES1000mN2018000E3144000,227333462,117.0
434,CRS3035RES1000mN2018000E3144000,229117454,116.0
435,CRS3035RES1000mN2018000E3144000,261460389,
436,CRS3035RES1000mN2018000E3144000,283450022,90.0
437,CRS3035RES1000mN2018000E3144000,288994040,85.0
438,CRS3035RES1000mN2018000E3144000,296744564,
439,CRS3035RES1000mN2018000E3144000,297526406,
440,CRS3035RES1000mN2018000E3144000,300709861,70.0
441,CRS3035RES1000mN2018000E3144000,301444634,
442,CRS3035RES1000mN2018000E3144000,302721609,106.0
443,CRS3035RES1000mN2018000E3144000,308195630,
444,CRS3035RES1000mN2018000E3144000,312777902,87.0
445,CRS3035RES1000mN2018000E3144000,330154630,
446,CRS3035RES1000mN2018000E3144000,340205456,104.0
447,CRS3035RES1000mN2018000E3144000,367883612,
448,CRS3035RES1000mN2018000E3144000,368211943,
449,CRS3035RES1000mN2018000E3144000,374180360,
450,CRS3035RES1000mN2018000E3144000,375369499,103.0
451,CRS3035RES1000mN2018000E3144000,383494544,108.0
452,CRS3035RES1000mN2018000E3144000,384574591,65.0
453,CRS3035RES1000mN2018000E3144000,403538322,
454,CRS3035RES1000mN2018000E3144000,403859503,101.0
455,CRS3035RES1000mN2018000E3144000,437050442,81.0
456,CRS3035RES1000mN2018000E3144000,459881697,116.0
457,CRS3035RES1000mN2018000E3144000,477278425,
458,CRS3035RES1000mN2018000E3144000,486879235,
459,CRS3035RES1000mN2018000E3144000,493748377,62.0
460,CRS3035RES1000mN2018000E3144000,498234201,83.0
461,CRS3035RES1000mN2018000E3144000,504315026,
462,CRS3035RES1000mN2018000E3144000,548701490,113.0
463,CRS3035RES1000mN2018000E3144000,574210084,
464,CRS3035RES1000mN2018000E3144000,576094143,59.0
465,CRS3035RES1000mN2018000E3144000,584409067,
466,CRS3035RES1000mN2018000E3144000,635512756,
467,CRS3035RES1000mN2018000E3144000,638492224,
468,CRS3035RES1000mN2018000E3144000,653913062,
469,CRS3035RES1000mN2018000E3144000,659866770,
470,CRS3035RES1000mN2018000E3144000,697717972,62.0
471,CRS3035RES1000mN2018000E3144000,717194862,
472,CRS3035RES1000mN2018000E3144000,736899303,
473,CRS3035RES1000mN2018000E3144000,738042217,106.0
474,CRS3035RES1000mN2018000E3144000,839611983,
475,CRS3035RES1000mN2018000E3144000,957893520,90.0
476,CRS3035RES1000mN2018000E3144000,963308110,119.0
477,CRS3035RES1000mN2018000E3144000,1073283182,103.0
478,CRS3035RES1000mN2018000E3144000,1252864015,117.0
479,CRS3035RES1000mN2018000E3144000,1283203658,94.0
480,CRS3035RES1000mN2019000E3142000,25526,81.0
481,CRS3035RES1000mN2019000E3142000,1774,101.0
482,CRS3035RES1000mN2019000E3142000,1770,
483,CRS3035RES1000mN2019000E3142000,1773,119.0
484,CRS3035RES1000mN2019000E3142000,1771,100.0
485,CRS3035RES1000mN2019000E3142000,123303,101.0
486,CRS3035RES1000mN2019000E3142000,1764,103.0
487,CRS3035RES1000mN2019000E3142000,181101,118.0
488,CRS3035RES1000mN2019000E3142000,5765642,87.0
489,CRS3035RES1000mN2019000E3142000,86719,96.0
490,CRS3035RES1000mN2019000E3142000,1800,116.0
491,CRS3035RES1000mN2019000E3142000,1757,88.0
492,CRS3035RES1000mN2019000E3142000,1755,96.0
493,CRS3035RES1000mN2019000E3142000,1882,97.0
494,CRS3035RES1000mN2019000E3142000,1745,117.0
495,CRS3035RES1000mN2019000E3142000,1794,116.0
496,CRS3035RES1000mN2019000E3142000,1762,108.0
497,CRS3035RES1000mN2019000E3142000,51188,107.0
498,CRS3035RES1000mN2019000E3142000,6893633,110.0
499,CRS3035RES1000mN2019000E3142000,167128,117.0
500,CRS3035RES1000mN2019000E3142000,1760,112.0
501,CRS3035RES1000mN2019000E3142000,12773298,93.0
502,CRS3035RES1000mN2019000E3142000,1754,109.0
503,CRS3035RES1000mN2019000E3142000,1748,115.0
504,CRS3035RES1000mN2019000E3142000,79941,
505,CRS3035RES1000mN2019000E3142000,1750,116.0
506,CRS3035RES1000mN2019000E3142000,5975465,99.0
507,CRS3035RES1000mN2019000E3142000,115056,
508,CRS3035RES1000mN2019000E3142000,1790,115.0
509,CRS3035RES1000mN2019000E3142000,1756,91.0
510,CRS3035RES1000mN2019000E3142000,51849,117.0
511,CRS3035RES1000mN2019000E3142000,185595,111.0
512,CRS3035RES1000mN2019000E3142000,7697128,94.0
513,CRS3035RES1000mN2019000E3142000,10395362,
514,CRS3035RES1000mN2019000E3142000,1759,110.0
515,CRS3035RES1000mN2019000E3142000,1752,111.0
516,CRS3035RES1000mN2019000E3142000,186714,113.0
517,CRS3035RES1000mN2019000E3142000,1753,110.0
518,CRS3035RES1000mN2019000E3142000,1792,110.0
519,CRS3035RES1000mN2019000E3142000,1763,97.0
520,CRS3035RES1000mN2019000E3142000,1746,
521,CRS3035RES1000mN2019000E3142000,11572165,104.0
522,CRS3035RES1000mN2019000E3142000,1761,105.0
523,CRS3035RES1000mN2019000E3142000,1747,119.0
524,CRS3035RES1000mN2019000E3142000,5768564,87.0
525,CRS3035RES1000mN2019000E3142000,1798,93.0
526,CRS3035RES1000mN2019000E3142000,66904,115.0
527,CRS3035RES1000mN2019000E3142000,1777,102.0
528,CRS3035RES1000mN2019000E3142000,1765,110.0
529,CRS3035RES1000mN2019000E3142000,49416,112.0
530,CRS3035RES1000mN2019000E3142000,12734939,112.0
531,CRS3035RES1000mN2019000E3142000,167386167,102.0
532,CRS3035RES1000mN2019000E3142000,295933804,108.0
533,CRS3035RES1000mN2019000E3142000,303340017,102.0
534,CRS3035RES1000mN2019000E3142000,315355551,108.0
535,CRS3035RES1000mN2019000E3142000,339084977,101.0
536,CRS3035RES1000mN2019000E3142000,412911553,106.0
537,CRS3035RES1000mN2019000E3142000,558126037,104.0
538,CRS3035RES1000mN2019000E3142000,711789768,70.0
539,CRS3035RES1000mN2019000E3142000,727666062,
540,CRS3035RES1000mN2019000E3142000,848085869,72.0
541,CRS3035RES1000mN2019000E3142000,1056098898,116.0
542,CRS3035RES1000mN2019000E3142000,1255438242,
543,CRS3035RES1000mN2019000E3142000,1469985039,
544,CRS3035RES1000mN2019000E3142000,1504302537,
545,CRS3035RES1000mN2019000E3142000,1511617504,69.0
546,CRS3035RES1000mN2019000E3142000,1541601287,
547,CRS3035RES1000mN2019000E3142000,1544591296,118.0
548,CRS3035RES1000mN2019000E3142000,1598174183,
549,CRS3035RES1000mN2019000E3142000,1629887846,
550,CRS3035RES1000mN2019000E3142000,1686660176,
551,CRS3035RES1000mN2019000E3142000,1716927336,100.0
552,CRS3035RES1000mN2019000E3142000,1734554324,
553,CRS3035RES1000mN2019000E3142000,1849109335,107.0
554,CRS3035RES1000mN2019000E3142000,2028408680,69.0
555,CRS3035RES1000mN2019000E3142000,2036887702,
556,CRS3035RES1000mN2019000E3142000,2061404218,
557,CRS3035RES1000mN2019000E3142000,2134238030,
558,CRS3035RES1000mN2019000E3142000,2261600754,
559,CRS3035RES1000mN2019000E3142000,2301402027,
560,CRS3035RES1000mN2019000E3142000,2303966810,75.0
561,CRS3035RES1000mN2019000E3142000,2312029862,
562,CRS3035RES1000mN2019000E3142000,2408860250,
563,CRS3035RES1000mN2019000E3142000,2620185829,109.0
564,CRS3035RES1000mN2019000E3142000,2622508931,106.0
565,CRS3035RES1000mN2019000E3142000,2672130951,109.0
566,CRS3035RES1000mN2019000E3142000,2710518818,
567,CRS3035RES1000mN2019000E3142000,3034026261,92.0
568,CRS3035RES1000mN2019000E3142000,3179889751,
569,CRS3035RES1000mN2019000E3142000,3206611978,
570,CRS3035RES1000mN2019000E3142000,3272828439,72.0
571,CRS3035RES1000mN2019000E3142000,3452364276,
572,CRS3035RES1000mN2019000E3142000,3452364277,111.0
573,CRS3035RES1000mN2019000E3142000,3495733197,
574,CRS3035RES1000mN2019000E3142000,3497154853,
575,CRS3035RES1000mN2019000E3142000,3517755445,
576,CRS3035RES1000mN2019000E3142000,3522125657,
577,CRS3035RES1000mN2019000E3142000,3526751794,
578,CRS3035RES1000mN2019000E3142000,3839306060,
579,CRS3035RES1000mN2019000E3142000,4214697664,88.0
580,CRS3035RES1000mN2019000E3142000,4338252586,
581,CRS3035RES1000mN2019000E3142000,4401271633,
582,CRS3035RES1000mN2019000E3142000,4515476768,89.0
583,CRS3035RES1000mN2019000E3142000,4569910891,99.0
584,CRS3035RES1000mN2019000E3142000,4703730491,111.0
585,CRS3035RES1000mN2019000E3142000,4707870392,102.0
586,CRS3035RES1000mN2019000E3142000,4789037769,116.0
587,CRS3035RES1000mN2019000E3142000,4794233143,
588,CRS3035RES1000mN2019000E3142000,4870405674,88.0
589,CRS3035RES1000mN2019000E3142000,5139379922,
590,CRS3035RES1000mN2019000E3142000,5160337425,104.0
591,CRS3035RES1000mN2019000E3142000,5196199575,103.0
592,CRS3035RES1000mN2019000E3142000,5341570554,111.0
593,CRS3035RES1000mN2019000E3142000,5345949864,
594,CRS3035RES1000mN2019000E3142000,5448507385,
595,CRS3035RES1000mN2019000E3142000,5604693894,
596,CRS3035RES1000mN2019000E3142000,5670401989,
597,CRS3035RES1000mN2019000E3142000,5942671299,
598,CRS3035RES1000mN2019000E3142000,5943980960,93.0
599,CRS3035RES1000mN2019000E3142000,6185791451,
600,CRS3035RES1000mN2019000E3142000,6188948286,
601,CRS3035RES1000mN2019000E3142000,6555800191,52.0
602,CRS3035RES1000mN2019000E3142000,6885254479,
603,CRS3035RES1000mN2019000E3142000,7222611268,
604,CRS3035RES1000mN2019000E3142000,7408961006,
605,CRS3035RES1000mN2019000E3142000,7619964683,
606,CRS3035RES1000mN2019000E3142000,7836562695,
607,CRS3035RES1000mN2019000E3142000,8493729364,97.0
608,CRS3035RES1000mN2019000E3142000,8557885377,
609,CRS3035RES1000mN2019000E3142000,8807212208,104.0
610,CRS3035RES1000mN2019000E3142000,8844229173,110.0
611,CRS3035RES1000mN2019000E3142000,8878422600,
612,CRS3035RES1000mN2019000E3142000,9595709188,113.0
613,CRS3035RES1000mN2019000E3142000,9611387099,92.0
614,CRS3035RES1000mN2019000E3142000,9712656915,100.0
615,CRS3035RES1000mN2019000E3142000,9713142744,104.0
616,CRS3035RES1000mN2019000E3142000,9815746657,
617,CRS3035RES1000mN2019000E3142000,10004871512,
618,CRS3035RES1000mN2019000E3142000,10281174134,
619,CRS3035RES1000mN2019000E3142000,10580337411,
620,CRS3035RES1000mN2019000E3142000,10899442604,64.0
621,CRS3035RES1000mN2019000E3142000,10922657146,55.0
622,CRS3035RES1000mN2019000E3142000,11127499928,
623,CRS3035RES1000mN2019000E3142000,11143725881,
624,CRS3035RES1000mN2019000E3142000,11243087140,
625,CRS3035RES1000mN2019000E3142000,11269399969,114.0
626,CRS3035RES1000mN2019000E3142000,11287269362,
627,CRS3035RES1000mN2019000E3142000,11287269363,
628,CRS3035RES1000mN2019000E3142000,11369705764,
629,CRS3035RES1000mN2019000E3142000,11387776374,
630,CRS3035RES1000mN2019000E3142000,11461799040,
631,CRS3035RES1000mN2019000E3142000,11462802981,107.0
632,CRS3035RES1000mN2019000E3142000,11652077658,112.0
633,CRS3035RES1000mN2019000E3142000,11691390164,105.0
634,CRS3035RES1000mN2019000E3142000,11739757462,84.0
635,CRS3035RES1000mN2019000E3142000,12178446726,93.0
636,CRS3035RES1000mN2019000E3142000,12407425114,
637,CRS3035RES1000mN2019000E3142000,12865480228,
638,CRS3035RES1000mN2019000E3142000,2960630,54.0
639,CRS3035RES1000mN2019000E3142000,3554044,53.0
640,CRS3035RES1000mN2019000E3142000,3557906,80.0
641,CRS3035RES1000mN2019000E3142000,5231361,109.0
642,CRS3035RES1000mN2019000E3142000,9314566,
643,CRS3035RES1000mN2019000E3142000,13696257,
644,CRS3035RES1000mN2019000E3142000,15996131,106.0
645,CRS3035RES1000mN2019000E3142000,23526191,117.0
646,CRS3035RES1000mN2019000E3142000,23545719,
647,CRS3035RES1000mN2019000E3142000,30599279,79.0
648,CRS3035RES1000mN2019000E3142000,30649229,105.0
649,CRS3035RES1000mN2019000E3142000,32198651,
650,CRS3035RES1000mN2019000E3142000,34945111,72.0
651,CRS3035RES1000mN2019000E3142000,50170625,
652,CRS3035RES1000mN2019000E3142000,82887228,
653,CRS3035RES1000mN2019000E3142000,92484952,
654,CRS3035RES1000mN2019000E3142000,95794713,
655,CRS3035RES1000mN2019000E3142000,96418670,68.0
656,CRS3035RES1000mN2019000E3142000,98502686,108.0
657,CRS3035RES1000mN2019000E3142000,132613257,
658,CRS3035RES1000mN2019000E3142000,135036040,
659,CRS3035RES1000mN2019000E3142000,150772489,110.0
660,CRS3035RES1000mN2019000E3142000,154118456,
661,CRS3035RES1000mN2019000E3142000,157375776,
662,CRS3035RES1000mN2019000E3142000,158211204,55.0
663,CRS3035RES1000mN2019000E3142000,162072415,82.0
664,CRS3035RES1000mN2019000E3142000,162117720,
665,CRS3035RES1000mN2019000E3142000,170487273,
666,CRS3035RES1000mN2019000E3142000,172686062,73.0
667,CRS3035RES1000mN2019000E3142000,174318235,71.0
668,CRS3035RES1000mN2019000E3142000,174318237,62.0
669,CRS3035RES1000mN2019000E3142000,205060159,
670,CRS3035RES1000mN2019000E3142000,205757163,
671,CRS3035RES1000mN2019000E3142000,221095520,
672,CRS3035RES1000mN2019000E3142000,224503374,109.0
673,CRS3035RES1000mN2019000E3142000,227333462,117.0
674,CRS3035RES1000mN2019000E3142000,229117454,119.0
675,CRS3035RES1000mN2019000E3142000,261460389,
676,CRS3035RES1000mN2019000E3142000,283450022,94.0
677,CRS3035RES1000mN2019000E3142000,288994040,91.0
678,CRS3035RES1000mN2019000E3142000,296744564,
679,CRS3035RES1000mN2019000E3142000,297526406,
680,CRS3035RES1000mN2019000E3142000,300709861,82.0
681,CRS3035RES1000mN2019000E3142000,301444634,
682,CRS3035RES1000mN2019000E3142000,302721609,106.0
683,CRS3035RES1000mN2019000E3142000,308195630,
684,CRS3035RES1000mN2019000E3142000,312777902,92.0
685,CRS3035RES1000mN2019000E3142000,330154630,
686,CRS3035RES1000mN2019000E3142000,340205456,111.0
687,CRS3035RES1000mN2019000E3142000,367883612,
688,CRS3035RES1000mN2019000E3142000,368211943,
689,CRS3035RES1000mN2019000E3142000,374180360,
690,CRS3035RES1000mN2019000E3142000,375369499,
691,CRS3035RES1000mN2019000E3142000,383494544,112.0
692,CRS3035RES1000mN2019000E3142000,384574591,79.0
693,CRS3035RES1000mN2019000E3142000,403538322,
694,CRS3035RES1000mN2019000E3142000,403859503,107.0
695,CRS3035RES1000mN2019000E3142000,437050442,96.0
696,CRS3035RES1000mN2019000E3142000,459881697,118.0
697,CRS3035RES1000mN2019000E3142000,477278425,
698,CRS3035RES1000mN2019000E3142000,486879235,
699,CRS3035RES1000mN2019000E3142000,493748377,85.0
700,CRS3035RES1000mN2019000E3142000,498234201,97.0
701,CRS3035RES1000mN2019000E3142000,504315026,
702,CRS3035RES1000mN2019000E3142000,548701490,
703,CRS3035RES1000mN2019000E3142000,574210084,
704,CRS3035RES1000mN2019000E3142000,576094143,84.0
705,CRS3035RES1000mN2019000E3142000,584409067,
706,CRS3035RES1000mN2019000E3142000,635512756,
707,CRS3035RES1000mN2019000E3142000,638492224,
708,CRS3035RES1000mN2019000E3142000,653913062,
709,CRS3035RES1000mN2019000E3142000,659866770,
710,CRS3035RES1000mN2019000E3142000,697717972,65.0
711,CRS3035RES1000mN2019000E3142000,717194862,
712,CRS3035RES1000mN2019000E3142000,736899303,115.0
713,CRS3035RES1000mN2019000E3142000,738042217,106.0
714,CRS3035RES1000mN2019000E3142000,839611983,
715,CRS3035RES1000mN2019000E3142000,957893520,101.0
716,CRS3035RES1000mN2019000E3142000,963308110,
717,CRS3035RES1000mN2019000E3142000,1073283182,103.0
718,CRS3035RES1000mN2019000E3142000,1252864015,
719,CRS3035RES1000mN2019000E3142000,1283203658,98.0
720,CRS3035RES1000mN2019000E3143000,25526,69.0
721,CRS3035RES1000mN2019000E3143000,1774,89.0
722,CRS3035RES1000mN2019000E3143000,1770,113.0
723,CRS3035RES1000mN2019000E3143000,1773,108.0
724,CRS3035RES1000mN2019000E3143000,1771,88.0
725,CRS3035RES1000mN2019000E3143000,123303,90.0
726,CRS3035RES1000mN2019000E3143000,1764,93.0
727,CRS3035RES1000mN2019000E3143000,181101,108.0
728,CRS3035RES1000mN2019000E3143000,5765642,75.0
729,CRS3035RES1000mN2019000E3143000,86719,83.0
730,CRS3035RES1000mN2019000E3143000,1800,104.0
731,CRS3035RES1000mN2019000E3143000,1757,78.0
732,CRS3035RES1000mN2019000E3143000,1755,84.0
733,CRS3035RES1000mN2019000E3143000,1882,87.0
734,CRS3035RES1000mN2019000E3143000,1745,108.0
735,CRS3035RES1000mN2019000E3143000,1794,106.0
736,CRS3035RES1000mN2019000E3143000,1762,97.0
737,CRS3035RES1000mN2019000E3143000,51188,97.0
738,CRS3035RES1000mN2019000E3143000,6893633,97.0
739,CRS3035RES1000mN2019000E3143000,167128,107.0
740,CRS3035RES1000mN2019000E3143000,1760,102.0
741,CRS3035RES1000mN2019000E3143000,12773298,81.0
742,CRS3035RES1000mN2019000E3143000,1754,97.0
743,CRS3035RES1000mN2019000E3143000,1748,104.0
744,CRS3035RES1000mN2019000E3143000,79941,111.0
745,CRS3035RES1000mN2019000E3143000,1750,106.0
746,CRS3035RES1000mN2019000E3143000,5975465,87.0
747,CRS3035RES1000mN2019000E3143000,115056,113.0
748,CRS3035RES1000mN2019000E3143000,1790,105.0
749,CRS3035RES1000mN2019000E3143000,1756,79.0
750,CRS3035RES1000mN2019000E3143000,51849,105.0
751,CRS3035RES1000mN2019000E3143000,185595,99.0
752,CRS3035RES1000mN2019000E3143000,7697128,84.0
753,CRS3035RES1000mN2019000E3143000,10395362,117.0
754,CRS3035RES1000mN2019000E3143000,1759,101.0
755,CRS3035RES1000mN2019000E3143000,1752,100.0
756,CRS3035RES1000mN2019000E3143000,186714,104.0
757,CRS3035RES1000mN2019000E3143000,1753,98.0
758,CRS3035RES1000mN2019000E3143000,1792,101.0
759,CRS3035RES1000mN2019000E3143000,1763,86.0
760,CRS3035RES1000mN2019000E3143000,1746,111.0
761,CRS3035RES1000mN2019000E3143000,11572165,94.0
762,CRS3035RES1000mN2019000E3143000,1761,93.0
763,CRS3035RES1000mN2019000E3143000,1747,110.0
764,CRS3035RES1000mN2019000E3143000,5768564,75.0
765,CRS3035RES1000mN2019000E3143000,1798,82.0
766,CRS3035RES1000mN2019000E3143000,66904,106.0
767,CRS3035RES1000mN2019000E3143000,1777,91.0
768,CRS3035RES1000mN2019000E3143000,1765,99.0
769,CRS3035RES1000mN2019000E3143000,49416,103.0
770,CRS3035RES1000mN2019000E3143000,12734939,103.0
771,CRS3035RES1000mN2019000E3143000,167386167,89.0
772,CRS3035RES1000mN2019000E3143000,295933804,98.0
773,CRS3035RES1000mN2019000E3143000,303340017,102.0
774,CRS3035RES1000mN2019000E3143000,315355551,102.0
775,CRS3035RES1000mN2019000E3143000,339084977,89.0
776,CRS3035RES1000mN2019000E3143000,412911553,94.0
777,CRS3035RES1000mN2019000E3143000,558126037,90.0
778,CRS3035RES1000mN2019000E3143000,711789768,74.0
779,CRS3035RES1000mN2019000E3143000,727666062,
780,CRS3035RES1000mN2019000E3143000,848085869,61.0
781,CRS3035RES1000mN2019000E3143000,1056098898,104.0
782,CRS3035RES1000mN2019000E3143000,1255438242,
783,CRS3035RES1000mN2019000E3143000,1469985039,116.0
784,CRS3035RES1000mN2019000E3143000,1504302537,
785,CRS3035RES1000mN2019000E3143000,1511617504,62.0
786,CRS3035RES1000mN2019000E3143000,1541601287,
787,CRS3035RES1000mN2019000E3143000,1544591296,108.0
788,CRS3035RES1000mN2019000E3143000,1598174183,
789,CRS3035RES1000mN2019000E3143000,1629887846,
790,CRS3035RES1000mN2019000E3143000,1686660176,116.0
791,CRS3035RES1000mN2019000E3143000,1716927336,100.0
792,CRS3035RES1000mN2019000E3143000,1734554324,
793,CRS3035RES1000mN2019000E3143000,1849109335,107.0
794,CRS3035RES1000mN2019000E3143000,2028408680,68.0
795,CRS3035RES1000mN2019000E3143000,2036887702,
796,CRS3035RES1000mN2019000E3143000,2061404218,111.0
797,CRS3035RES1000mN2019000E3143000,2134238030,
798,CRS3035RES1000mN2019000E3143000,2261600754,
799,CRS3035RES1000mN2019000E3143000,2301402027,
800,CRS3035RES1000mN2019000E3143000,2303966810,73.0
801,CRS3035RES1000mN2019000E3143000,2312029862,
802,CRS3035RES1000mN2019000E3143000,2408860250,
803,CRS3035RES1000mN2019000E3143000,2620185829,97.0
804,CRS3035RES1000mN2019000E3143000,2622508931,93.0
805,CRS3035RES1000mN2019000E3143000,2672130951,103.0
806,CRS3035RES1000mN2019000E3143000,2710518818,
807,CRS3035RES1000mN2019000E3143000,3034026261,93.0
808,CRS3035RES1000mN2019000E3143000,3179889751,
809,CRS3035RES1000mN2019000E3143000,3206611978,
810,CRS3035RES1000mN2019000E3143000,3272828439,59.0
811,CRS3035RES1000mN2019000E3143000,3452364276,119.0
812,CRS3035RES1000mN2019000E3143000,3452364277,101.0
813,CRS3035RES1000mN2019000E3143000,3495733197,
814,CRS3035RES1000mN2019000E3143000,3497154853,
815,CRS3035RES1000mN2019000E3143000,3517755445,
816,CRS3035RES1000mN2019000E3143000,3522125657,
817,CRS3035RES1000mN2019000E3143000,3526751794,
818,CRS3035RES1000mN2019000E3143000,3839306060,119.0
819,CRS3035RES1000mN2019000E3143000,4214697664,76.0
820,CRS3035RES1000mN2019000E3143000,4338252586,
821,CRS3035RES1000mN2019000E3143000,4401271633,
822,CRS3035RES1000mN2019000E3143000,4515476768,81.0
823,CRS3035RES1000mN2019000E3143000,4569910891,89.0
824,CRS3035RES1000mN2019000E3143000,4703730491,96.0
825,CRS3035RES1000mN2019000E3143000,4707870392,92.0
826,CRS3035RES1000mN2019000E3143000,4789037769,116.0
827,CRS3035RES1000mN2019000E3143000,4794233143,
828,CRS3035RES1000mN2019000E3143000,4870405674,76.0
829,CRS3035RES1000mN2019000E3143000,5139379922,107.0
830,CRS3035RES1000mN2019000E3143000,5160337425,92.0
831,CRS3035RES1000mN2019000E3143000,5196199575,103.0
832,CRS3035RES1000mN2019000E3143000,5341570554,98.0
833,CRS3035RES1000mN2019000E3143000,5345949864,
834,CRS3035RES1000mN2019000E3143000,5448507385,
835,CRS3035RES1000mN2019000E3143000,5604693894,
836,CRS3035RES1000mN2019000E3143000,5670401989,
837,CRS3035RES1000mN2019000E3143000,5942671299,
838,CRS3035RES1000mN2019000E3143000,5943980960,73.0
839,CRS3035RES1000mN2019000E3143000,6185791451,
840,CRS3035RES1000mN2019000E3143000,6188948286,
841,CRS3035RES1000mN2019000E3143000,6555800191,42.0
842,CRS3035RES1000mN2019000E3143000,6885254479,111.0
843,CRS3035RES1000mN2019000E3143000,7222611268,
844,CRS3035RES1000mN2019000E3143000,7408961006,
845,CRS3035RES1000mN2019000E3143000,7619964683,
846,CRS3035RES1000mN2019000E3143000,7836562695,
847,CRS3035RES1000mN2019000E3143000,8493729364,86.0
848,CRS3035RES1000mN2019000E3143000,8557885377,
849,CRS3035RES1000mN2019000E3143000,8807212208,94.0
850,CRS3035RES1000mN2019000E3143000,8844229173,99.0
851,CRS3035RES1000mN2019000E3143000,8878422600,117.0
852,CRS3035RES1000mN2019000E3143000,9595709188,104.0
853,CRS3035RES1000mN2019000E3143000,9611387099,80.0
854,CRS3035RES1000mN2019000E3143000,9712656915,87.0
855,CRS3035RES1000mN2019000E3143000,9713142744,94.0
856,CRS3035RES1000mN2019000E3143000,9815746657,
857,CRS3035RES1000mN2019000E3143000,10004871512,
858,CRS3035RES1000mN2019000E3143000,10281174134,
859,CRS3035RES1000mN2019000E3143000,10580337411,
860,CRS3035RES1000mN2019000E3143000,10899442604,51.0
861,CRS3035RES1000mN2019000E3143000,10922657146,42.0
862,CRS3035RES1000mN2019000E3143000,11127499928,
863,CRS3035RES1000mN2019000E3143000,11143725881,111.0
864,CRS3035RES1000mN2019000E3143000,11243087140,114.0
865,CRS3035RES1000mN2019000E3143000,11269399969,100.0
866,CRS3035RES1000mN2019000E3143000,11287269362,
867,CRS3035RES1000mN2019000E3143000,11287269363,
868,CRS3035RES1000mN2019000E3143000,11369705764,
869,CRS3035RES1000mN2019000E3143000,11387776374,112.0
870,CRS3035RES1000mN2019000E3143000,11461799040,
871,CRS3035RES1000mN2019000E3143000,11462802981,98.0
872,CRS3035RES1000mN2019000E3143000,11652077658,110.0
873,CRS3035RES1000mN2019000E3143000,11691390164,92.0
874,CRS3035RES1000mN2019000E3143000,11739757462,68.0
875,CRS3035RES1000mN2019000E3143000,12178446726,81.0
876,CRS3035RES1000mN2019000E3143000,12407425114,111.0
877,CRS3035RES1000mN2019000E3143000,12865480228,
878,CRS3035RES1000mN2019000E3143000,2960630,53.0
879,CRS3035RES1000mN2019000E3143000,3554044,49.0
880,CRS3035RES1000mN2019000E3143000,3557906,66.0
881,CRS3035RES1000mN2019000E3143000,5231361,95.0
882,CRS3035RES1000mN2019000E3143000,9314566,
883,CRS3035RES1000mN2019000E3143000,13696257,
884,CRS3035RES1000mN2019000E3143000,15996131,95.0
885,CRS3035RES1000mN2019000E3143000,23526191,108.0
886,CRS3035RES1000mN2019000E3143000,23545719,110.0
887,CRS3035RES1000mN2019000E3143000,30599279,68.0
888,CRS3035RES1000mN2019000E3143000,30649229,91.0
889,CRS3035RES1000mN2019000E3143000,32198651,
890,CRS3035RES1000mN2019000E3143000,34945111,59.0
891,CRS3035RES1000mN2019000E3143000,50170625,
892,CRS3035RES1000mN2019000E3143000,82887228,116.0
893,CRS3035RES1000mN2019000E3143000,92484952,
894,CRS3035RES1000mN2019000E3143000,95794713,112.0
895,CRS3035RES1000mN2019000E3143000,96418670,55.0
896,CRS3035RES1000mN2019000E3143000,98502686,102.0
897,CRS3035RES1000mN2019000E3143000,132613257,114.0
898,CRS3035RES1000mN2019000E3143000,135036040,119.0
899,CRS3035RES1000mN2019000E3143000,150772489,98.0
900,CRS3035RES1000mN2019000E3143000,154118456,102.0
901,CRS3035RES1000mN2019000E3143000,157375776,
902,CRS3035RES1000mN2019000E3143000,158211204,47.0
903,CRS3035RES1000mN2019000E3143000,162072415,69.0
904,CRS3035RES1000mN2019000E3143000,162117720,116.0
905,CRS3035RES1000mN2019000E3143000,170487273,
906,CRS3035RES1000mN2019000E3143000,172686062,63.0
907,CRS3035RES1000mN2019000E3143000,174318235,62.0
908,CRS3035RES1000mN2019000E3143000,174318237,49.0
909,CRS3035RES1000mN2019000E3143000,205060159,
910,CRS3035RES1000mN2019000E3143000,205757163,
911,CRS3035RES1000mN2019000E3143000,221095520,
912,CRS3035RES1000mN2019000E3143000,224503374,99.0
913,CRS3035RES1000mN2019000E3143000,227333462,114.0
914,CRS3035RES1000mN2019000E3143000,229117454,110.0
915,CRS3035RES1000mN2019000E3143000,261460389,
916,CRS3035RES1000mN2019000E3143000,283450022,84.0
917,CRS3035RES1000mN2019000E3143000,288994040,79.0
918,CRS3035RES1000mN2019000E3143000,296744564,
919,CRS3035RES1000mN2019000E3143000,297526406,
920,CRS3035RES1000mN2019000E3143000,300709861,72.0
921,CRS3035RES1000mN2019000E3143000,301444634,
922,CRS3035RES1000mN2019000E3143000,302721609,106.0
923,CRS3035RES1000mN2019000E3143000,308195630,
924,CRS3035RES1000mN2019000E3143000,312777902,80.0
925,CRS3035RES1000mN2019000E3143000,330154630,
926,CRS3035RES1000mN2019000E3143000,340205456,98.0
927,CRS3035RES1000mN2019000E3143000,367883612,114.0
928,CRS3035RES1000mN2019000E3143000,368211943,115.0
929,CRS3035RES1000mN2019000E3143000,374180360,
930,CRS3035RES1000mN2019000E3143000,375369499,96.0
931,CRS3035RES1000mN2019000E3143000,383494544,103.0
932,CRS3035RES1000mN2019000E3143000,384574591,67.0
933,CRS3035RES1000mN2019000E3143000,403538322,
934,CRS3035RES1000mN2019000E3143000,403859503,94.0
935,CRS3035RES1000mN2019000E3143000,437050442,82.0
936,CRS3035RES1000mN2019000E3143000,459881697,113.0
937,CRS3035RES1000mN2019000E3143000,477278425,
938,CRS3035RES1000mN2019000E3143000,486879235,
939,CRS3035RES1000mN2019000E3143000,493748377,72.0
940,CRS3035RES1000mN2019000E3143000,498234201,85.0
941,CRS3035RES1000mN2019000E3143000,504315026,
942,CRS3035RES1000mN2019000E3143000,548701490,114.0
943,CRS3035RES1000mN2019000E3143000,574210084,
944,CRS3035RES1000mN2019000E3143000,576094143,75.0
945,CRS3035RES1000mN2019000E3143000,584409067,
946,CRS3035RES1000mN2019000E3143000,635512756,
947,CRS3035RES1000mN2019000E3143000,638492224,
948,CRS3035RES1000mN2019000E3143000,653913062,
949,CRS3035RES1000mN2019000E3143000,659866770,
950,CRS3035RES1000mN2019000E3143000,697717972,53.0
951,CRS3035RES1000mN2019000E3143000,717194862,
952,CRS3035RES1000mN2019000E3143000,736899303,112.0
953,CRS3035RES1000mN2019000E3143000,738042217,106.0
954,CRS3035RES1000mN2019000E3143000,839611983,
955,CRS3035RES1000mN2019000E3143000,957893520,88.0
956,CRS3035RES1000mN2019000E3143000,963308110,116.0
957,CRS3035RES1000mN2019000E3143000,1073283182,103.0
958,CRS3035RES1000mN2019000E3143000,1252864015,116.0
959,CRS3035RES1000mN2019000E3143000,1283203658,94.0
960,CRS3035RES1000mN2019000E3144000,25526,65.0
961,CRS3035RES1000mN2019000E3144000,1774,84.0
962,CRS3035RES1000mN2019000E3144000,1770,111.0
963,CRS3035RES1000mN2019000E3144000,1773,103.0
964,CRS3035RES1000mN2019000E3144000,1771,84.0
965,CRS3035RES1000mN2019000E3144000,123303,83.0
966,CRS3035RES1000mN2019000E3144000,1764,90.0
967,CRS3035RES1000mN2019000E3144000,181101,104.0
968,CRS3035RES1000mN2019000E3144000,5765642,73.0
969,CRS3035RES1000mN2019000E3144000,86719,78.0
970,CRS3035RES1000mN2019000E3144000,1800,99.0
971,CRS3035RES1000mN2019000E3144000,1757,74.0
972,CRS3035RES1000mN2019000E3144000,1755,80.0
973,CRS3035RES1000mN2019000E3144000,1882,84.0
974,CRS3035RES1000mN2019000E3144000,1745,105.0
975,CRS3035RES1000mN2019000E3144000,1794,102.0
976,CRS3035RES1000mN2019000E3144000,1762,92.0
977,CRS3035RES1000mN2019000E3144000,51188,94.0
978,CRS3035RES1000mN2019000E3144000,6893633,93.0
979,CRS3035RES1000mN2019000E3144000,167128,100.0
980,CRS3035RES1000mN2019000E3144000,1760,98.0
981,CRS3035RES1000mN2019000E3144000,12773298,75.0
982,CRS3035RES1000mN2019000E3144000,1754,92.0
983,CRS3035RES1000mN2019000E3144000,1748,99.0
984,CRS3035RES1000mN2019000E3144000,79941,110.0
985,CRS3035RES1000mN2019000E3144000,1750,103.0
986,CRS3035RES1000mN2019000E3144000,5975465,83.0
987,CRS3035RES1000mN2019000E3144000,115056,109.0
988,CRS3035RES1000mN2019000E3144000,1790,102.0
989,CRS3035RES1000mN2019000E3144000,1756,77.0
990,CRS3035RES1000mN2019000E3144000,51849,100.0
991,CRS3035RES1000mN2019000E3144000,185595,95.0
992,CRS3035RES1000mN2019000E3144000,7697128,81.0
993,CRS3035RES1000mN2019000E3144000,10395362,113.0
994,CRS3035RES1000mN2019000E3144000,1759,97.0
995,CRS3035RES1000mN2019000E3144000,1752,94.0
996,CRS3035RES1000mN2019000E3144000,186714,99.0
997,CRS3035RES1000mN2019000E3144000,1753,94.0
998,CRS3035RES1000mN2019000E3144000,1792,95.0
999,CRS3035RES1000mN2019000E3144000,1763,82.0
1000,CRS3035RES1000mN2019000E3144000,1746,107.0
1001,CRS3035RES1000mN2019000E3144000,11572165,88.0
1002,CRS3035RES1000mN2019000E3144000,1761,89.0
1003,CRS3035RES1000mN2019000E3144000,1747,103.0
1004,CRS3035RES1000mN2019000E3144000,5768564,71.0
1005,CRS3035RES1000mN2019000E3144000,1798,78.0
1006,CRS3035RES1000mN2019000E3144000,66904,101.0
1007,CRS3035RES1000mN2019000E3144000,1777,88.0
1008,CRS3035RES1000mN2019000E3144000,1765,95.0
1009,CRS3035RES1000mN2019000E3144000,49416,97.0
1010,CRS3035RES1000mN2019000E3144000,12734939,97.0
1011,CRS3035RES1000mN2019000E3144000,167386167,84.0
1012,CRS3035RES1000mN2019000E3144000,295933804,97.0
1013,CRS3035RES1000mN2019000E3144000,303340017,102.0
1014,CRS3035RES1000mN2019000E3144000,315355551,101.0
1015,CRS3035RES1000mN2019000E3144000,339084977,85.0
1016,CRS3035RES1000mN2019000E3144000,412911553,90.0
1017,CRS3035RES1000mN2019000E3144000,558126037,88.0
1018,CRS3035RES1000mN2019000E3144000,711789768,71.0
1019,CRS3035RES1000mN2019000E3144000,727666062,
1020,CRS3035RES1000mN2019000E3144000,848085869,57.0
1021,CRS3035RES1000mN2019000E3144000,1056098898,101.0
1022,CRS3035RES1000mN2019000E3144000,1255438242,
1023,CRS3035RES1000mN2019000E3144000,1469985039,110.0
1024,CRS3035RES1000mN2019000E3144000,1504302537,
1025,CRS3035RES1000mN2019000E3144000,1511617504,58.0
1026,CRS3035RES1000mN2019000E3144000,1541601287,112.0
1027,CRS3035RES1000mN2019000E3144000,1544591296,104.0
1028,CRS3035RES1000mN2019000E3144000,1598174183,114.0
1029,CRS3035RES1000mN2019000E3144000,1629887846,118.0
1030,CRS3035RES1000mN2019000E3144000,1686660176,113.0
1031,CRS3035RES1000mN2019000E3144000,1716927336,99.0
1032,CRS3035RES1000mN2019000E3144000,1734554324,
1033,CRS3035RES1000mN2019000E3144000,1849109335,106.0
1034,CRS3035RES1000mN2019000E3144000,2028408680,65.0
1035,CRS3035RES1000mN2019000E3144000,2036887702,
1036,CRS3035RES1000mN2019000E3144000,2061404218,107.0
1037,CRS3035RES1000mN2019000E3144000,2134238030,
1038,CRS3035RES1000mN2019000E3144000,2261600754,
1039,CRS3035RES1000mN2019000E3144000,2301402027,
1040,CRS3035RES1000mN2019000E3144000,2303966810,71.0
1041,CRS3035RES1000mN2019000E3144000,2312029862,117.0
1042,CRS3035RES1000mN2019000E3144000,2408860250,
1043,CRS3035RES1000mN2019000E3144000,2620185829,93.0
1044,CRS3035RES1000mN2019000E3144000,2622508931,90.0
1045,CRS3035RES1000mN2019000E3144000,2672130951,102.0
1046,CRS3035RES1000mN2019000E3144000,2710518818,116.0
1047,CRS3035RES1000mN2019000E3144000,3034026261,93.0
1048,CRS3035RES1000mN2019000E3144000,3179889751,
1049,CRS3035RES1000mN2019000E3144000,3206611978,
1050,CRS3035RES1000mN2019000E3144000,3272828439,54.0
1051,CRS3035RES1000mN2019000E3144000,3452364276,115.0
1052,CRS3035RES1000mN2019000E3144000,3452364277,98.0
1053,CRS3035RES1000mN2019000E3144000,3495733197,
1054,CRS3035RES1000mN2019000E3144000,3497154853,
1055,CRS3035RES1000mN2019000E3144000,3517755445,
1056,CRS3035RES1000mN2019000E3144000,3522125657,
1057,CRS3035RES1000mN2019000E3144000,3526751794,
1058,CRS3035RES1000mN2019000E3144000,3839306060,116.0
1059,CRS3035RES1000mN2019000E3144000,4214697664,73.0
1060,CRS3035RES1000mN2019000E3144000,4338252586,
1061,CRS3035RES1000mN2019000E3144000,4401271633,
1062,CRS3035RES1000mN2019000E3144000,4515476768,79.0
1063,CRS3035RES1000mN2019000E3144000,4569910891,86.0
1064,CRS3035RES1000mN2019000E3144000,4703730491,95.0
1065,CRS3035RES1000mN2019000E3144000,4707870392,89.0
1066,CRS3035RES1000mN2019000E3144000,4789037769,116.0
1067,CRS3035RES1000mN2019000E3144000,4794233143,
1068,CRS3035RES1000mN2019000E3144000,4870405674,73.0
1069,CRS3035RES1000mN2019000E3144000,5139379922,106.0
1070,CRS3035RES1000mN2019000E3144000,5160337425,88.0
1071,CRS3035RES1000mN2019000E3144000,5196199575,102.0
1072,CRS3035RES1000mN2019000E3144000,5341570554,94.0
1073,CRS3035RES1000mN2019000E3144000,5345949864,114.0
1074,CRS3035RES1000mN2019000E3144000,5448507385,
1075,CRS3035RES1000mN2019000E3144000,5604693894,
1076,CRS3035RES1000mN2019000E3144000,5670401989,
1077,CRS3035RES1000mN2019000E3144000,5942671299,118.0
1078,CRS3035RES1000mN2019000E3144000,5943980960,71.0
1079,CRS3035RES1000mN2019000E3144000,6185791451,
1080,CRS3035RES1000mN2019000E3144000,6188948286,117.0
1081,CRS3035RES1000mN2019000E3144000,6555800191,39.0
1082,CRS3035RES1000mN2019000E3144000,6885254479,106.0
1083,CRS3035RES1000mN2019000E3144000,7222611268,
1084,CRS3035RES1000mN2019000E3144000,7408961006,
1085,CRS3035RES1000mN2019000E3144000,7619964683,
1086,CRS3035RES1000mN2019000E3144000,7836562695,
1087,CRS3035RES1000mN2019000E3144000,8493729364,82.0
1088,CRS3035RES1000mN2019000E3144000,8557885377,
1089,CRS3035RES1000mN2019000E3144000,8807212208,91.0
1090,CRS3035RES1000mN2019000E3144000,8844229173,96.0
1091,CRS3035RES1000mN2019000E3144000,8878422600,104.0
1092,CRS3035RES1000mN2019000E3144000,9595709188,100.0
1093,CRS3035RES1000mN2019000E3144000,9611387099,76.0
1094,CRS3035RES1000mN2019000E3144000,9712656915,84.0
1095,CRS3035RES1000mN2019000E3144000,9713142744,90.0
1096,CRS3035RES1000mN2019000E3144000,9815746657,
1097,CRS3035RES1000mN2019000E3144000,10004871512,117.0
1098,CRS3035RES1000mN2019000E3144000,10281174134,
1099,CRS3035RES1000mN2019000E3144000,10580337411,
1100,CRS3035RES1000mN2019000E3144000,10899442604,46.0
1101,CRS3035RES1000mN2019000E3144000,10922657146,37.0
1102,CRS3035RES1000mN2019000E3144000,11127499928,
1103,CRS3035RES1000mN2019000E3144000,11143725881,102.0
1104,CRS3035RES1000mN2019000E3144000,11243087140,112.0
1105,CRS3035RES1000mN2019000E3144000,11269399969,98.0
1106,CRS3035RES1000mN2019000E3144000,11287269362,119.0
1107,CRS3035RES1000mN2019000E3144000,11287269363,
1108,CRS3035RES1000mN2019000E3144000,11369705764,
1109,CRS3035RES1000mN2019000E3144000,11387776374,107.0
1110,CRS3035RES1000mN2019000E3144000,11461799040,
1111,CRS3035RES1000mN2019000E3144000,11462802981,92.0
1112,CRS3035RES1000mN2019000E3144000,11652077658,106.0
1113,CRS3035RES1000mN2019000E3144000,11691390164,89.0
1114,CRS3035RES1000mN2019000E3144000,11739757462,63.0
1115,CRS3035RES1000mN2019000E3144000,12178446726,77.0
1116,CRS3035RES1000mN2019000E3144000,12407425114,102.0
1117,CRS3035RES1000mN2019000E3144000,12865480228,117.0
1118,CRS3035RES1000mN2019000E3144000,2960630,51.0
1119,CRS3035RES1000mN2019000E3144000,3554044,44.0
1120,CRS3035RES1000mN2019000E3144000,3557906,62.0
1121,CRS3035RES1000mN2019000E3144000,5231361,93.0
1122,CRS3035RES1000mN2019000E3144000,9314566,
1123,CRS3035RES1000mN2019000E3144000,13696257,119.0
1124,CRS3035RES1000mN2019000E3144000,15996131,91.0
1125,CRS3035RES1000mN2019000E3144000,23526191,104.0
1126,CRS3035RES1000mN2019000E3144000,23545719,107.0
1127,CRS3035RES1000mN2019000E3144000,30599279,65.0
1128,CRS3035RES1000mN2019000E3144000,30649229,89.0
1129,CRS3035RES1000mN2019000E3144000,32198651,
1130,CRS3035RES1000mN2019000E3144000,34945111,54.0
1131,CRS3035RES1000mN2019000E3144000,50170625,
1132,CRS3035RES1000mN2019000E3144000,82887228,112.0
1133,CRS3035RES1000mN2019000E3144000,92484952,119.0
1134,CRS3035RES1000mN2019000E3144000,95794713,107.0
1135,CRS3035RES1000mN2019000E3144000,96418670,50.0
1136,CRS3035RES1000mN2019000E3144000,98502686,97.0
1137,CRS3035RES1000mN2019000E3144000,132613257,107.0
1138,CRS3035RES1000mN2019000E3144000,135036040,115.0
1139,CRS3035RES1000mN2019000E3144000,150772489,94.0
1140,CRS3035RES1000mN2019000E3144000,154118456,98.0
1141,CRS3035RES1000mN2019000E3144000,157375776,
1142,CRS3035RES1000mN2019000E3144000,158211204,44.0
1143,CRS3035RES1000mN2019000E3144000,162072415,64.0
1144,CRS3035RES1000mN2019000E3144000,162117720,111.0
1145,CRS3035RES1000mN2019000E3144000,170487273,
1146,CRS3035RES1000mN2019000E3144000,172686062,59.0
1147,CRS3035RES1000mN2019000E3144000,174318235,59.0
1148,CRS3035RES1000mN2019000E3144000,174318237,44.0
1149,CRS3035RES1000mN2019000E3144000,205060159,
1150,CRS3035RES1000mN2019000E3144000,205757163,
1151,CRS3035RES1000mN2019000E3144000,221095520,
1152,CRS3035RES1000mN2019000E3144000,224503374,95.0
1153,CRS3035RES1000mN2019000E3144000,227333462,91.0
1154,CRS3035RES1000mN2019000E3144000,229117454,101.0
1155,CRS3035RES1000mN2019000E3144000,261460389,
1156,CRS3035RES1000mN2019000E3144000,283450022,81.0
1157,CRS3035RES1000mN2019000E3144000,288994040,76.0
1158,CRS3035RES1000mN2019000E3144000,296744564,
1159,CRS3035RES1000mN2019000E3144000,297526406,
1160,CRS3035RES1000mN2019000E3144000,300709861,67.0
1161,CRS3035RES1000mN2019000E3144000,301444634,
1162,CRS3035RES1000mN2019000E3144000,302721609,106.0
1163,CRS3035RES1000mN2019000E3144000,308195630,
1164,CRS3035RES1000mN2019000E3144000,312777902,76.0
1165,CRS3035RES1000mN2019000E3144000,330154630,
1166,CRS3035RES1000mN2019000E3144000,340205456,95.0
1167,CRS3035RES1000mN2019000E3144000,367883612,110.0
1168,CRS3035RES1000mN2019000E3144000,368211943,111.0
1169,CRS3035RES1000mN2019000E3144000,374180360,119.0
1170,CRS3035RES1000mN2019000E3144000,375369499,92.0
1171,CRS3035RES1000mN2019000E3144000,383494544,99.0
1172,CRS3035RES1000mN2019000E3144000,384574591,61.0
1173,CRS3035RES1000mN2019000E3144000,403538322,
1174,CRS3035RES1000mN2019000E3144000,403859503,91.0
1175,CRS3035RES1000mN2019000E3144000,437050442,77.0
1176,CRS3035RES1000mN2019000E3144000,459881697,92.0
1177,CRS3035RES1000mN2019000E3144000,477278425,
1178,CRS3035RES1000mN2019000E3144000,486879235,
1179,CRS3035RES1000mN2019000E3144000,493748377,68.0
1180,CRS3035RES1000mN2019000E3144000,498234201,80.0
1181,CRS3035RES1000mN2019000E3144000,504315026,118.0
1182,CRS3035RES1000mN2019000E3144000,548701490,111.0
1183,CRS3035RES1000mN2019000E3144000,574210084,
1184,CRS3035RES1000mN2019000E3144000,576094143,71.0
1185,CRS3035RES1000mN2019000E3144000,584409067,
1186,CRS3035RES1000mN2019000E3144000,635512756,
1187,CRS3035RES1000mN2019000E3144000,638492224,
1188,CRS3035RES1000mN2019000E3144000,653913062,
1189,CRS3035RES1000mN2019000E3144000,659866770,
1190,CRS3035RES1000mN2019000E3144000,697717972,50.0
1191,CRS3035RES1000mN2019000E3144000,717194862,
1192,CRS3035RES1000mN2019000E3144000,736899303,109.0
1193,CRS3035RES1000mN2019000E3144000,738042217,106.0
1194,CRS3035RES1000mN2019000E3144000,839611983,
1195,CRS3035RES1000mN2019000E3144000,957893520,84.0
1196,CRS3035RES1000mN2019000E3144000,963308110,112.0
1197,CRS3035RES1000mN2019000E3144000,1073283182,102.0
1198,CRS3035RES1000mN2019000E3144000,1252864015,114.0
1199,CRS3035RES1000mN2019000E3144000,1283203658,94.0
1200,CRS3035RES1000mN2020000E3137000,25526,61.0
1201,CRS3035RES1000mN2020000E3137000,1774,81.0
1202,CRS3035RES1000mN2020000E3137000,1770,107.0
1203,CRS3035RES1000mN2020000E3137000,1773,100.0
1204,CRS3035RES1000mN2020000E3137000,1771,81.0
1205,CRS3035RES1000mN2020000E3137000,123303,78.0
1206,CRS3035RES1000mN2020000E3137000,1764,87.0
1207,CRS3035RES1000mN2020000E3137000,181101,98.0
1208,CRS3035RES1000mN2020000E3137000,5765642,70.0
1209,CRS3035RES1000mN2020000E3137000,86719,88.0
1210,CRS3035RES1000mN2020000E3137000,1800,98.0
1211,CRS3035RES1000mN2020000E3137000,1757,71.0
1212,CRS3035RES1000mN2020000E3137000,1755,77.0
1213,CRS3035RES1000mN2020000E3137000,1882,81.0
1214,CRS3035RES1000mN2020000E3137000,1745,104.0
1215,CRS3035RES1000mN2020000E3137000,1794,100.0
1216,CRS3035RES1000mN2020000E3137000,1762,89.0
1217,CRS3035RES1000mN2020000E3137000,51188,91.0
1218,CRS3035RES1000mN2020000E3137000,6893633,90.0
1219,CRS3035RES1000mN2020000E3137000,167128,97.0
1220,CRS3035RES1000mN2020000E3137000,1760,96.0
1221,CRS3035RES1000mN2020000E3137000,12773298,87.0
1222,CRS3035RES1000mN2020000E3137000,1754,89.0
1223,CRS3035RES1000mN2020000E3137000,1748,95.0
1224,CRS3035RES1000mN2020000E3137000,79941,109.0
1225,CRS3035RES1000mN2020000E3137000,1750,101.0
1226,CRS3035RES1000mN2020000E3137000,5975465,80.0
1227,CRS3035RES1000mN2020000E3137000,115056,107.0
1228,CRS3035RES1000mN2020000E3137000,1790,99.0
1229,CRS3035RES1000mN2020000E3137000,1756,74.0
1230,CRS3035RES1000mN2020000E3137000,51849,98.0
1231,CRS3035RES1000mN2020000E3137000,185595,91.0
1232,CRS3035RES1000mN2020000E3137000,7697128,78.0
1233,CRS3035RES1000mN2020000E3137000,10395362,109.0
1234,CRS3035RES1000mN2020000E3137000,1759,94.0
1235,CRS3035RES1000mN2020000E3137000,1752,91.0
1236,CRS3035RES1000mN2020000E3137000,186714,97.0
1237,CRS3035RES1000mN2020000E3137000,1753,92.0
1238,CRS3035RES1000mN2020000E3137000,1792,91.0
1239,CRS3035RES1000mN2020000E3137000,1763,78.0
1240,CRS3035RES1000mN2020000E3137000,1746,105.0
1241,CRS3035RES1000mN2020000E3137000,11572165,87.0
1242,CRS3035RES1000mN2020000E3137000,1761,87.0
1243,CRS3035RES1000mN2020000E3137000,1747,100.0
1244,CRS3035RES1000mN2020000E3137000,5768564,68.0
1245,CRS3035RES1000mN2020000E3137000,1798,74.0
1246,CRS3035RES1000mN2020000E3137000,66904,98.0
1247,CRS3035RES1000mN2020000E3137000,1777,85.0
1248,CRS3035RES1000mN2020000E3137000,1765,92.0
1249,CRS3035RES1000mN2020000E3137000,49416,93.0
1250,CRS3035RES1000mN2020000E3137000,12734939,93.0
1251,CRS3035RES1000mN2020000E3137000,167386167,84.0
1252,CRS3035RES1000mN2020000E3137000,295933804,97.0
1253,CRS3035RES1000mN2020000E3137000,303340017,102.0
1254,CRS3035RES1000mN2020000E3137000,315355551,101.0
1255,CRS3035RES1000mN2020000E3137000,339084977,81.0
1256,CRS3035RES1000mN2020000E3137000,412911553,86.0
1257,CRS3035RES1000mN2020000E3137000,558126037,87.0
1258,CRS3035RES1000mN2020000E3137000,711789768,50.0
1259,CRS3035RES1000mN2020000E3137000,727666062,
1260,CRS3035RES1000mN2020000E3137000,848085869,66.0
1261,CRS3035RES1000mN2020000E3137000,1056098898,97.0
1262,CRS3035RES1000mN2020000E3137000,1255438242,
1263,CRS3035RES1000mN2020000E3137000,1469985039,106.0
1264,CRS3035RES1000mN2020000E3137000,1504302537,
1265,CRS3035RES1000mN2020000E3137000,1511617504,56.0
1266,CRS3035RES1000mN2020000E3137000,1541601287,108.0
1267,CRS3035RES1000mN2020000E3137000,1544591296,101.0
1268,CRS3035RES1000mN2020000E3137000,1598174183,113.0
1269,CRS3035RES1000mN2020000E3137000,1629887846,118.0
1270,CRS3035RES1000mN2020000E3137000,1686660176,110.0
1271,CRS3035RES1000mN2020000E3137000,1716927336,100.0
1272,CRS3035RES1000mN2020000E3137000,1734554324,
1273,CRS3035RES1000mN2020000E3137000,1849109335,104.0
1274,CRS3035RES1000mN2020000E3137000,2028408680,22.0
1275,CRS3035RES1000mN2020000E3137000,2036887702,
1276,CRS3035RES1000mN2020000E3137000,2061404218,104.0
1277,CRS3035RES1000mN2020000E3137000,2134238030,
1278,CRS3035RES1000mN2020000E3137000,2261600754,
1279,CRS3035RES1000mN2020000E3137000,2301402027,
1280,CRS3035RES1000mN2020000E3137000,2303966810,51.0
1281,CRS3035RES1000mN2020000E3137000,2312029862,116.0
1282,CRS3035RES1000mN2020000E3137000,2408860250,119.0
1283,CRS3035RES1000mN2020000E3137000,2620185829,89.0
1284,CRS3035RES1000mN2020000E3137000,2622508931,86.0
1285,CRS3035RES1000mN2020000E3137000,2672130951,105.0
1286,CRS3035RES1000mN2020000E3137000,2710518818,113.0
1287,CRS3035RES1000mN2020000E3137000,3034026261,74.0
1288,CRS3035RES1000mN2020000E3137000,3179889751,
1289,CRS3035RES1000mN2020000E3137000,3206611978,77.0
1290,CRS3035RES1000mN2020000E3137000,3272828439,67.0
1291,CRS3035RES1000mN2020000E3137000,3452364276,113.0
1292,CRS3035RES1000mN2020000E3137000,3452364277,95.0
1293,CRS3035RES1000mN2020000E3137000,3495733197,
1294,CRS3035RES1000mN2020000E3137000,3497154853,
1295,CRS3035RES1000mN2020000E3137000,3517755445,
1296,CRS3035RES1000mN2020000E3137000,3522125657,
1297,CRS3035RES1000mN2020000E3137000,3526751794,
1298,CRS3035RES1000mN2020000E3137000,3839306060,115.0
1299,CRS3035RES1000mN2020000E3137000,4214697664,69.0
1300,CRS3035RES1000mN2020000E3137000,4338252586,
1301,CRS3035RES1000mN2020000E3137000,4401271633,
1302,CRS3035RES1000mN2020000E3137000,4515476768,85.0
1303,CRS3035RES1000mN2020000E3137000,4569910891,83.0
1304,CRS3035RES1000mN2020000E3137000,4703730491,93.0
1305,CRS3035RES1000mN2020000E3137000,4707870392,87.0
1306,CRS3035RES1000mN2020000E3137000,4789037769,116.0
1307,CRS3035RES1000mN2020000E3137000,4794233143,
1308,CRS3035RES1000mN2020000E3137000,4870405674,69.0
1309,CRS3035RES1000mN2020000E3137000,5139379922,105.0
1310,CRS3035RES1000mN2020000E3137000,5160337425,85.0
1311,CRS3035RES1000mN2020000E3137000,5196199575,103.0
1312,CRS3035RES1000mN2020000E3137000,5341570554,91.0
1313,CRS3035RES1000mN2020000E3137000,5345949864,110.0
1314,CRS3035RES1000mN2020000E3137000,5448507385,
1315,CRS3035RES1000mN2020000E3137000,5604693894,
1316,CRS3035RES1000mN2020000E3137000,5670401989,
1317,CRS3035RES1000mN2020000E3137000,5942671299,117.0
1318,CRS3035RES1000mN2020000E3137000,5943980960,71.0
1319,CRS3035RES1000mN2020000E3137000,6185791451,
1320,CRS3035RES1000mN2020000E3137000,6188948286,110.0
1321,CRS3035RES1000mN2020000E3137000,6555800191,37.0
1322,CRS3035RES1000mN2020000E3137000,6885254479,104.0
1323,CRS3035RES1000mN2020000E3137000,7222611268,
1324,CRS3035RES1000mN2020000E3137000,7408961006,
1325,CRS3035RES1000mN2020000E3137000,7619964683,
1326,CRS3035RES1000mN2020000E3137000,7836562695,
1327,CRS3035RES1000mN2020000E3137000,8493729364,78.0
1328,CRS3035RES1000mN2020000E3137000,8557885377,
1329,CRS3035RES1000mN2020000E3137000,8807212208,88.0
1330,CRS3035RES1000mN2020000E3137000,8844229173,93.0
1331,CRS3035RES1000mN2020000E3137000,8878422600,100.0
1332,CRS3035RES1000mN2020000E3137000,9595709188,97.0
1333,CRS3035RES1000mN2020000E3137000,9611387099,72.0
1334,CRS3035RES1000mN2020000E3137000,9712656915,80.0
1335,CRS3035RES1000mN2020000E3137000,9713142744,88.0
1336,CRS3035RES1000mN2020000E3137000,9815746657,
1337,CRS3035RES1000mN2020000E3137000,10004871512,116.0
1338,CRS3035RES1000mN2020000E3137000,10281174134,
1339,CRS3035RES1000mN2020000E3137000,10580337411,119.0
1340,CRS3035RES1000mN2020000E3137000,10899442604,58.0
1341,CRS3035RES1000mN2020000E3137000,10922657146,49.0
1342,CRS3035RES1000mN2020000E3137000,11127499928,
1343,CRS3035RES1000mN2020000E3137000,11143725881,98.0
1344,CRS3035RES1000mN2020000E3137000,11243087140,111.0
1345,CRS3035RES1000mN2020000E3137000,11269399969,95.0
1346,CRS3035RES1000mN2020000E3137000,11287269362,
1347,CRS3035RES1000mN2020000E3137000,11287269363,
1348,CRS3035RES1000mN2020000E3137000,11369705764,
1349,CRS3035RES1000mN2020000E3137000,11387776374,104.0
1350,CRS3035RES1000mN2020000E3137000,11461799040,
1351,CRS3035RES1000mN2020000E3137000,11462802981,88.0
1352,CRS3035RES1000mN2020000E3137000,11652077658,102.0
1353,CRS3035RES1000mN2020000E3137000,11691390164,85.0
1354,CRS3035RES1000mN2020000E3137000,11739757462,78.0
1355,CRS3035RES1000mN2020000E3137000,12178446726,74.0
1356,CRS3035RES1000mN2020000E3137000,12407425114,98.0
1357,CRS3035RES1000mN2020000E3137000,12865480228,116.0
1358,CRS3035RES1000mN2020000E3137000,2960630,40.0
1359,CRS3035RES1000mN2020000E3137000,3554044,43.0
1360,CRS3035RES1000mN2020000E3137000,3557906,74.0
1361,CRS3035RES1000mN2020000E3137000,5231361,90.0
1362,CRS3035RES1000mN2020000E3137000,9314566,
1363,CRS3035RES1000mN2020000E3137000,13696257,119.0
1364,CRS3035RES1000mN2020000E3137000,15996131,87.0
1365,CRS3035RES1000mN2020000E3137000,23526191,102.0
1366,CRS3035RES1000mN2020000E3137000,23545719,105.0
1367,CRS3035RES1000mN2020000E3137000,30599279,66.0
1368,CRS3035RES1000mN2020000E3137000,30649229,86.0
1369,CRS3035RES1000mN2020000E3137000,32198651,
1370,CRS3035RES1000mN2020000E3137000,34945111,66.0
1371,CRS3035RES1000mN2020000E3137000,50170625,
1372,CRS3035RES1000mN2020000E3137000,82887228,109.0
1373,CRS3035RES1000mN2020000E3137000,92484952,115.0
1374,CRS3035RES1000mN2020000E3137000,95794713,103.0
1375,CRS3035RES1000mN2020000E3137000,96418670,63.0
1376,CRS3035RES1000mN2020000E3137000,98502686,93.0
1377,CRS3035RES1000mN2020000E3137000,132613257,104.0
1378,CRS3035RES1000mN2020000E3137000,135036040,110.0
1379,CRS3035RES1000mN2020000E3137000,150772489,90.0
1380,CRS3035RES1000mN2020000E3137000,154118456,94.0
1381,CRS3035RES1000mN2020000E3137000,157375776,
1382,CRS3035RES1000mN2020000E3137000,158211204,35.0
1383,CRS3035RES1000mN2020000E3137000,162072415,70.0
1384,CRS3035RES1000mN2020000E3137000,162117720,107.0
1385,CRS3035RES1000mN2020000E3137000,170487273,
1386,CRS3035RES1000mN2020000E3137000,172686062,55.0
1387,CRS3035RES1000mN2020000E3137000,174318235,65.0
1388,CRS3035RES1000mN2020000E3137000,174318237,57.0
1389,CRS3035RES1000mN2020000E3137000,205060159,
1390,CRS3035RES1000mN2020000E3137000,205757163,
1391,CRS3035RES1000mN2020000E3137000,221095520,119.0
1392,CRS3035RES1000mN2020000E3137000,224503374,93.0
1393,CRS3035RES1000mN2020000E3137000,227333462,87.0
1394,CRS3035RES1000mN2020000E3137000,229117454,97.0
1395,CRS3035RES1000mN2020000E3137000,261460389,
1396,CRS3035RES1000mN2020000E3137000,283450022,78.0
1397,CRS3035RES1000mN2020000E3137000,288994040,72.0
1398,CRS3035RES1000mN2020000E3137000,296744564,
1399,CRS3035RES1000mN2020000E3137000,297526406,
1400,CRS3035RES1000mN2020000E3137000,300709861,78.0
1401,CRS3035RES1000mN2020000E3137000,301444634,
1402,CRS3035RES1000mN2020000E3137000,302721609,106.0
1403,CRS3035RES1000mN2020000E3137000,308195630,
1404,CRS3035RES1000mN2020000E3137000,312777902,72.0
1405,CRS3035RES1000mN2020000E3137000,330154630,
1406,CRS3035RES1000mN2020000E3137000,340205456,91.0
1407,CRS3035RES1000mN2020000E3137000,367883612,107.0
1408,CRS3035RES1000mN2020000E3137000,368211943,108.0
1409,CRS3035RES1000mN2020000E3137000,374180360,118.0
1410,CRS3035RES1000mN2020000E3137000,375369499,88.0
1411,CRS3035RES1000mN2020000E3137000,383494544,97.0
1412,CRS3035RES1000mN2020000E3137000,384574591,73.0
1413,CRS3035RES1000mN2020000E3137000,403538322,
1414,CRS3035RES1000mN2020000E3137000,403859503,87.0
1415,CRS3035RES1000mN2020000E3137000,437050442,90.0
1416,CRS3035RES1000mN2020000E3137000,459881697,88.0
1417,CRS3035RES1000mN2020000E3137000,477278425,
1418,CRS3035RES1000mN2020000E3137000,486879235,
1419,CRS3035RES1000mN2020000E3137000,493748377,76.0
1420,CRS3035RES1000mN2020000E3137000,498234201,91.0
1421,CRS3035RES1000mN2020000E3137000,504315026,117.0
1422,CRS3035RES1000mN2020000E3137000,548701490,
1423,CRS3035RES1000mN2020000E3137000,574210084,
1424,CRS3035RES1000mN2020000E3137000,576094143,76.0
1425,CRS3035RES1000mN2020000E3137000,584409067,
1426,CRS3035RES1000mN2020000E3137000,635512756,
1427,CRS3035RES1000mN2020000E3137000,638492224,
1428,CRS3035RES1000mN2020000E3137000,653913062,118.0
1429,CRS3035RES1000mN2020000E3137000,659866770,
1430,CRS3035RES1000mN2020000E3137000,697717972,52.0
1431,CRS3035RES1000mN2020000E3137000,717194862,
1432,CRS3035RES1000mN2020000E3137000,736899303,105.0
1433,CRS3035RES1000mN2020000E3137000,738042217,106.0
1434,CRS3035RES1000mN2020000E3137000,839611983,
1435,CRS3035RES1000mN2020000E3137000,957893520,82.0
1436,CRS3035RES1000mN2020000E3137000,963308110,107.0
1437,CRS3035RES1000mN2020000E3137000,1073283182,103.0
1438,CRS3035RES1000mN2020000E3137000,1252864015,113.0
1439,CRS3035RES1000mN2020000E3137000,1283203658,94.0
1440,CRS3035RES1000mN2020000E3139000,25526,83.0
1441,CRS3035RES1000mN2020000E3139000,1774,104.0
1442,CRS3035RES1000mN2020000E3139000,1770,
1443,CRS3035RES1000mN2020000E3139000,1773,
1444,CRS3035RES1000mN2020000E3139000,1771,102.0
1445,CRS3035RES1000mN2020000E3139000,123303,101.0
1446,CRS3035RES1000mN2020000E3139000,1764,106.0
1447,CRS3035RES1000mN2020000E3139000,181101,
1448,CRS3035RES1000mN2020000E3139000,5765642,94.0
1449,CRS3035RES1000mN2020000E3139000,86719,109.0
1450,CRS3035RES1000mN2020000E3139000,1800,
1451,CRS3035RES1000mN2020000E3139000,1757,92.0
1452,CRS3035RES1000mN2020000E3139000,1755,100.0
1453,CRS3035RES1000mN2020000E3139000,1882,101.0
1454,CRS3035RES1000mN2020000E3139000,1745,
1455,CRS3035RES1000mN2020000E3139000,1794,119.0
1456,CRS3035RES1000mN2020000E3139000,1762,111.0
1457,CRS3035RES1000mN2020000E3139000,51188,111.0
1458,CRS3035RES1000mN2020000E3139000,6893633,113.0
1459,CRS3035RES1000mN2020000E3139000,167128,
1460,CRS3035RES1000mN2020000E3139000,1760,115.0
1461,CRS3035RES1000mN2020000E3139000,12773298,107.0
1462,CRS3035RES1000mN2020000E3139000,1754,113.0
1463,CRS3035RES1000mN2020000E3139000,1748,119.0
1464,CRS3035RES1000mN2020000E3139000,79941,
1465,CRS3035RES1000mN2020000E3139000,1750,
1466,CRS3035RES1000mN2020000E3139000,5975465,102.0
1467,CRS3035RES1000mN2020000E3139000,115056,
1468,CRS3035RES1000mN2020000E3139000,1790,118.0
1469,CRS3035RES1000mN2020000E3139000,1756,96.0
1470,CRS3035RES1000mN2020000E3139000,51849,
1471,CRS3035RES1000mN2020000E3139000,185595,114.0
1472,CRS3035RES1000mN2020000E3139000,7697128,98.0
1473,CRS3035RES1000mN2020000E3139000,10395362,
1474,CRS3035RES1000mN2020000E3139000,1759,114.0
1475,CRS3035RES1000mN2020000E3139000,1752,114.0
1476,CRS3035RES1000mN2020000E3139000,186714,116.0
1477,CRS3035RES1000mN2020000E3139000,1753,116.0
1478,CRS3035RES1000mN2020000E3139000,1792,115.0
1479,CRS3035RES1000mN2020000E3139000,1763,100.0
1480,CRS3035RES1000mN2020000E3139000,1746,
1481,CRS3035RES1000mN2020000E3139000,11572165,108.0
1482,CRS3035RES1000mN2020000E3139000,1761,111.0
1483,CRS3035RES1000mN2020000E3139000,1747,
1484,CRS3035RES1000mN2020000E3139000,5768564,91.0
1485,CRS3035RES1000mN2020000E3139000,1798,97.0
1486,CRS3035RES1000mN2020000E3139000,66904,118.0
1487,CRS3035RES1000mN2020000E3139000,1777,105.0
1488,CRS3035RES1000mN2020000E3139000,1765,114.0
1489,CRS3035RES1000mN2020000E3139000,49416,117.0
1490,CRS3035RES1000mN2020000E3139000,12734939,117.0
1491,CRS3035RES1000mN2020000E3139000,167386167,106.0
1492,CRS3035RES1000mN2020000E3139000,295933804,109.0
1493,CRS3035RES1000mN2020000E3139000,303340017,107.0
1494,CRS3035RES1000mN2020000E3139000,315355551,110.0
1495,CRS3035RES1000mN2020000E3139000,339084977,104.0
1496,CRS3035RES1000mN2020000E3139000,412911553,108.0
1497,CRS3035RES1000mN2020000E3139000,558126037,102.0
1498,CRS3035RES1000mN2020000E3139000,711789768,69.0
1499,CRS3035RES1000mN2020000E3139000,727666062,
1500,CRS3035RES1000mN2020000E3139000,848085869,83.0
1501,CRS3035RES1000mN2020000E3139000,1056098898,118.0
1502,CRS3035RES1000mN2020000E3139000,1255438242,
1503,CRS3035RES1000mN2020000E3139000,1469985039,
1504,CRS3035RES1000mN2020000E3139000,1504302537,
1505,CRS3035RES1000mN2020000E3139000,1511617504,62.0
1506,CRS3035RES1000mN2020000E3139000,1541601287,
1507,CRS3035RES1000mN2020000E3139000,1544591296,
1508,CRS3035RES1000mN2020000E3139000,1598174183,
1509,CRS3035RES1000mN2020000E3139000,1629887846,
1510,CRS3035RES1000mN2020000E3139000,1686660176,
1511,CRS3035RES1000mN2020000E3139000,1716927336,
1512,CRS3035RES1000mN2020000E3139000,1734554324,
1513,CRS3035RES1000mN2020000E3139000,1849109335,112.0
1514,CRS3035RES1000mN2020000E3139000,2028408680,34.0
1515,CRS3035RES1000mN2020000E3139000,2036887702,
1516,CRS3035RES1000mN2020000E3139000,2061404218,
1517,CRS3035RES1000mN2020000E3139000,2134238030,
1518,CRS3035RES1000mN2020000E3139000,2261600754,
1519,CRS3035RES1000mN2020000E3139000,2301402027,
1520,CRS3035RES1000mN2020000E3139000,2303966810,73.0
1521,CRS3035RES1000mN2020000E3139000,2312029862,
1522,CRS3035RES1000mN2020000E3139000,2408860250,
1523,CRS3035RES1000mN2020000E3139000,2620185829,111.0
1524,CRS3035RES1000mN2020000E3139000,2622508931,108.0
1525,CRS3035RES1000mN2020000E3139000,2672130951,
1526,CRS3035RES1000mN2020000E3139000,2710518818,
1527,CRS3035RES1000mN2020000E3139000,3034026261,74.0
1528,CRS3035RES1000mN2020000E3139000,3179889751,
1529,CRS3035RES1000mN2020000E3139000,3206611978,
1530,CRS3035RES1000mN2020000E3139000,3272828439,88.0
1531,CRS3035RES1000mN2020000E3139000,3452364276,
1532,CRS3035RES1000mN2020000E3139000,3452364277,115.0
1533,CRS3035RES1000mN2020000E3139000,3495733197,
1534,CRS3035RES1000mN2020000E3139000,3497154853,
1535,CRS3035RES1000mN2020000E3139000,3517755445,
1536,CRS3035RES1000mN2020000E3139000,3522125657,
1537,CRS3035RES1000mN2020000E3139000,3526751794,
1538,CRS3035RES1000mN2020000E3139000,3839306060,
1539,CRS3035RES1000mN2020000E3139000,4214697664,91.0
1540,CRS3035RES1000mN2020000E3139000,4338252586,
1541,CRS3035RES1000mN2020000E3139000,4401271633,
1542,CRS3035RES1000mN2020000E3139000,4515476768,
1543,CRS3035RES1000mN2020000E3139000,4569910891,103.0
1544,CRS3035RES1000mN2020000E3139000,4703730491,109.0
1545,CRS3035RES1000mN2020000E3139000,4707870392,104.0
1546,CRS3035RES1000mN2020000E3139000,4789037769,
1547,CRS3035RES1000mN2020000E3139000,4794233143,
1548,CRS3035RES1000mN2020000E3139000,4870405674,92.0
1549,CRS3035RES1000mN2020000E3139000,5139379922,
1550,CRS3035RES1000mN2020000E3139000,5160337425,106.0
1551,CRS3035RES1000mN2020000E3139000,5196199575,108.0
1552,CRS3035RES1000mN2020000E3139000,5341570554,114.0
1553,CRS3035RES1000mN2020000E3139000,5345949864,
1554,CRS3035RES1000mN2020000E3139000,5448507385,
1555,CRS3035RES1000mN2020000E3139000,5604693894,
1556,CRS3035RES1000mN2020000E3139000,5670401989,
1557,CRS3035RES1000mN2020000E3139000,5942671299,
1558,CRS3035RES1000mN2020000E3139000,5943980960,92.0
1559,CRS3035RES1000mN2020000E3139000,6185791451,
1560,CRS3035RES1000mN2020000E3139000,6188948286,
1561,CRS3035RES1000mN2020000E3139000,6555800191,58.0
1562,CRS3035RES1000mN2020000E3139000,6885254479,
1563,CRS3035RES1000mN2020000E3139000,7222611268,
1564,CRS3035RES1000mN2020000E3139000,7408961006,
1565,CRS3035RES1000mN2020000E3139000,7619964683,
1566,CRS3035RES1000mN2020000E3139000,7836562695,
1567,CRS3035RES1000mN2020000E3139000,8493729364,100.0
1568,CRS3035RES1000mN2020000E3139000,8557885377,
1569,CRS3035RES1000mN2020000E3139000,8807212208,107.0
1570,CRS3035RES1000mN2020000E3139000,8844229173,113.0
1571,CRS3035RES1000mN2020000E3139000,8878422600,
1572,CRS3035RES1000mN2020000E3139000,9595709188,117.0
1573,CRS3035RES1000mN2020000E3139000,9611387099,94.0
1574,CRS3035RES1000mN2020000E3139000,9712656915,102.0
1575,CRS3035RES1000mN2020000E3139000,9713142744,108.0
1576,CRS3035RES1000mN2020000E3139000,9815746657,
1577,CRS3035RES1000mN2020000E3139000,10004871512,
1578,CRS3035RES1000mN2020000E3139000,10281174134,
1579,CRS3035RES1000mN2020000E3139000,10580337411,
1580,CRS3035RES1000mN2020000E3139000,10899442604,79.0
1581,CRS3035RES1000mN2020000E3139000,10922657146,70.0
1582,CRS3035RES1000mN2020000E3139000,11127499928,
1583,CRS3035RES1000mN2020000E3139000,11143725881,118.0
1584,CRS3035RES1000mN2020000E3139000,11243087140,
1585,CRS3035RES1000mN2020000E3139000,11269399969,117.0
1586,CRS3035RES1000mN2020000E3139000,11287269362,
1587,CRS3035RES1000mN2020000E3139000,11287269363,
1588,CRS3035RES1000mN2020000E3139000,11369705764,
1589,CRS3035RES1000mN2020000E3139000,11387776374,
1590,CRS3035RES1000mN2020000E3139000,11461799040,
1591,CRS3035RES1000mN2020000E3139000,11462802981,111.0
1592,CRS3035RES1000mN2020000E3139000,11652077658,117.0
1593,CRS3035RES1000mN2020000E3139000,11691390164,107.0
1594,CRS3035RES1000mN2020000E3139000,11739757462,93.0
1595,CRS3035RES1000mN2020000E3139000,12178446726,97.0
1596,CRS3035RES1000mN2020000E3139000,12407425114,
1597,CRS3035RES1000mN2020000E3139000,12865480228,
1598,CRS3035RES1000mN2020000E3139000,2960630,54.0
1599,CRS3035RES1000mN2020000E3139000,3554044,67.0
1600,CRS3035RES1000mN2020000E3139000,3557906,94.0
1601,CRS3035RES1000mN2020000E3139000,5231361,112.0
1602,CRS3035RES1000mN2020000E3139000,9314566,
1603,CRS3035RES1000mN2020000E3139000,13696257,
1604,CRS3035RES1000mN2020000E3139000,15996131,109.0
1605,CRS3035RES1000mN2020000E3139000,23526191,
1606,CRS3035RES1000mN2020000E3139000,23545719,
1607,CRS3035RES1000mN2020000E3139000,30599279,87.0
1608,CRS3035RES1000mN2020000E3139000,30649229,108.0
1609,CRS3035RES1000mN2020000E3139000,32198651,
1610,CRS3035RES1000mN2020000E3139000,34945111,87.0
1611,CRS3035RES1000mN2020000E3139000,50170625,
1612,CRS3035RES1000mN2020000E3139000,82887228,
1613,CRS3035RES1000mN2020000E3139000,92484952,
1614,CRS3035RES1000mN2020000E3139000,95794713,
1615,CRS3035RES1000mN2020000E3139000,96418670,83.0
1616,CRS3035RES1000mN2020000E3139000,98502686,110.0
1617,CRS3035RES1000mN2020000E3139000,132613257,
1618,CRS3035RES1000mN2020000E3139000,135036040,
1619,CRS3035RES1000mN2020000E3139000,150772489,112.0
1620,CRS3035RES1000mN2020000E3139000,154118456,
1621,CRS3035RES1000mN2020000E3139000,157375776,
1622,CRS3035RES1000mN2020000E3139000,158211204,56.0
1623,CRS3035RES1000mN2020000E3139000,162072415,91.0
1624,CRS3035RES1000mN2020000E3139000,162117720,
1625,CRS3035RES1000mN2020000E3139000,170487273,
1626,CRS3035RES1000mN2020000E3139000,172686062,75.0
1627,CRS3035RES1000mN2020000E3139000,174318235,83.0
1628,CRS3035RES1000mN2020000E3139000,174318237,77.0
1629,CRS3035RES1000mN2020000E3139000,205060159,
1630,CRS3035RES1000mN2020000E3139000,205757163,
1631,CRS3035RES1000mN2020000E3139000,221095520,
1632,CRS3035RES1000mN2020000E3139000,224503374,113.0
1633,CRS3035RES1000mN2020000E3139000,227333462,117.0
1634,CRS3035RES1000mN2020000E3139000,229117454,117.0
1635,CRS3035RES1000mN2020000E3139000,261460389,
1636,CRS3035RES1000mN2020000E3139000,283450022,98.0
1637,CRS3035RES1000mN2020000E3139000,288994040,94.0
1638,CRS3035RES1000mN2020000E3139000,296744564,
1639,CRS3035RES1000mN2020000E3139000,297526406,
1640,CRS3035RES1000mN2020000E3139000,300709861,103.0
1641,CRS3035RES1000mN2020000E3139000,301444634,
1642,CRS3035RES1000mN2020000E3139000,302721609,
1643,CRS3035RES1000mN2020000E3139000,308195630,
1644,CRS3035RES1000mN2020000E3139000,312777902,94.0
1645,CRS3035RES1000mN2020000E3139000,330154630,
1646,CRS3035RES1000mN2020000E3139000,340205456,113.0
1647,CRS3035RES1000mN2020000E3139000,367883612,
1648,CRS3035RES1000mN2020000E3139000,368211943,
1649,CRS3035RES1000mN2020000E3139000,374180360,
1650,CRS3035RES1000mN2020000E3139000,375369499,
1651,CRS3035RES1000mN2020000E3139000,383494544,116.0
1652,CRS3035RES1000mN2020000E3139000,384574591,93.0
1653,CRS3035RES1000mN2020000E3139000,403538322,
1654,CRS3035RES1000mN2020000E3139000,403859503,109.0
1655,CRS3035RES1000mN2020000E3139000,437050442,109.0
1656,CRS3035RES1000mN2020000E3139000,459881697,118.0
1657,CRS3035RES1000mN2020000E3139000,477278425,
1658,CRS3035RES1000mN2020000E3139000,486879235,
1659,CRS3035RES1000mN2020000E3139000,493748377,98.0
1660,CRS3035RES1000mN2020000E3139000,498234201,111.0
1661,CRS3035RES1000mN2020000E3139000,504315026,
1662,CRS3035RES1000mN2020000E3139000,548701490,
1663,CRS3035RES1000mN2020000E3139000,574210084,
1664,CRS3035RES1000mN2020000E3139000,576094143,94.0
1665,CRS3035RES1000mN2020000E3139000,584409067,
1666,CRS3035RES1000mN2020000E3139000,635512756,
1667,CRS3035RES1000mN2020000E3139000,638492224,
1668,CRS3035RES1000mN2020000E3139000,653913062,
1669,CRS3035RES1000mN2020000E3139000,659866770,
1670,CRS3035RES1000mN2020000E3139000,697717972,72.0
1671,CRS3035RES1000mN2020000E3139000,717194862,
1672,CRS3035RES1000mN2020000E3139000,736899303,107.0
1673,CRS3035RES1000mN2020000E3139000,738042217,
1674,CRS3035RES1000mN2020000E3139000,839611983,
1675,CRS3035RES1000mN2020000E3139000,957893520,104.0
1676,CRS3035RES1000mN2020000E3139000,963308110,
1677,CRS3035RES1000mN2020000E3139000,1073283182,
1678,CRS3035RES1000mN2020000E3139000,1252864015,
1679,CRS3035RES1000mN2020000E3139000,1283203658,
1680,CRS3035RES1000mN2020000E3141000,25526,62.0
1681,CRS3035RES1000mN2020000E3141000,1774,82.0
1682,CRS3035RES1000mN2020000E3141000,1770,106.0
1683,CRS3035RES1000mN2020000E3141000,1773,102.0
1684,CRS3035RES1000mN2020000E3141000,1771,80.0
1685,CRS3035RES1000mN2020000E3141000,123303,81.0
1686,CRS3035RES1000mN2020000E3141000,1764,86.0
1687,CRS3035RES1000mN2020000E3141000,181101,100.0
1688,CRS3035RES1000mN2020000E3141000,5765642,70.0
1689,CRS3035RES1000mN2020000E3141000,86719,88.0
1690,CRS3035RES1000mN2020000E3141000,1800,98.0
1691,CRS3035RES1000mN2020000E3141000,1757,71.0
1692,CRS3035RES1000mN2020000E3141000,1755,77.0
1693,CRS3035RES1000mN2020000E3141000,1882,80.0
1694,CRS3035RES1000mN2020000E3141000,1745,104.0
1695,CRS3035RES1000mN2020000E3141000,1794,99.0
1696,CRS3035RES1000mN2020000E3141000,1762,90.0
1697,CRS3035RES1000mN2020000E3141000,51188,91.0
1698,CRS3035RES1000mN2020000E3141000,6893633,91.0
1699,CRS3035RES1000mN2020000E3141000,167128,99.0
1700,CRS3035RES1000mN2020000E3141000,1760,95.0
1701,CRS3035RES1000mN2020000E3141000,12773298,86.0
1702,CRS3035RES1000mN2020000E3141000,1754,92.0
1703,CRS3035RES1000mN2020000E3141000,1748,96.0
1704,CRS3035RES1000mN2020000E3141000,79941,108.0
1705,CRS3035RES1000mN2020000E3141000,1750,99.0
1706,CRS3035RES1000mN2020000E3141000,5975465,79.0
1707,CRS3035RES1000mN2020000E3141000,115056,106.0
1708,CRS3035RES1000mN2020000E3141000,1790,99.0
1709,CRS3035RES1000mN2020000E3141000,1756,74.0
1710,CRS3035RES1000mN2020000E3141000,51849,99.0
1711,CRS3035RES1000mN2020000E3141000,185595,91.0
1712,CRS3035RES1000mN2020000E3141000,7697128,77.0
1713,CRS3035RES1000mN2020000E3141000,10395362,107.0
1714,CRS3035RES1000mN2020000E3141000,1759,93.0
1715,CRS3035RES1000mN2020000E3141000,1752,92.0
1716,CRS3035RES1000mN2020000E3141000,186714,97.0
1717,CRS3035RES1000mN2020000E3141000,1753,93.0
1718,CRS3035RES1000mN2020000E3141000,1792,92.0
1719,CRS3035RES1000mN2020000E3141000,1763,78.0
1720,CRS3035RES1000mN2020000E3141000,1746,106.0
1721,CRS3035RES1000mN2020000E3141000,11572165,89.0
1722,CRS3035RES1000mN2020000E3141000,1761,88.0
1723,CRS3035RES1000mN2020000E3141000,1747,101.0
1724,CRS3035RES1000mN2020000E3141000,5768564,68.0
1725,CRS3035RES1000mN2020000E3141000,1798,75.0
1726,CRS3035RES1000mN2020000E3141000,66904,96.0
1727,CRS3035RES1000mN2020000E3141000,1777,84.0
1728,CRS3035RES1000mN2020000E3141000,1765,93.0
1729,CRS3035RES1000mN2020000E3141000,49416,94.0
1730,CRS3035RES1000mN2020000E3141000,12734939,94.0
1731,CRS3035RES1000mN2020000E3141000,167386167,84.0
1732,CRS3035RES1000mN2020000E3141000,295933804,97.0
1733,CRS3035RES1000mN2020000E3141000,303340017,102.0
1734,CRS3035RES1000mN2020000E3141000,315355551,101.0
1735,CRS3035RES1000mN2020000E3141000,339084977,82.0
1736,CRS3035RES1000mN2020000E3141000,412911553,85.0
1737,CRS3035RES1000mN2020000E3141000,558126037,86.0
1738,CRS3035RES1000mN2020000E3141000,711789768,37.0
1739,CRS3035RES1000mN2020000E3141000,727666062,
1740,CRS3035RES1000mN2020000E3141000,848085869,65.0
1741,CRS3035RES1000mN2020000E3141000,1056098898,96.0
1742,CRS3035RES1000mN2020000E3141000,1255438242,
1743,CRS3035RES1000mN2020000E3141000,1469985039,107.0
1744,CRS3035RES1000mN2020000E3141000,1504302537,
1745,CRS3035RES1000mN2020000E3141000,1511617504,57.0
1746,CRS3035RES1000mN2020000E3141000,1541601287,108.0
1747,CRS3035RES1000mN2020000E3141000,1544591296,101.0
1748,CRS3035RES1000mN2020000E3141000,1598174183,113.0
1749,CRS3035RES1000mN2020000E3141000,1629887846,118.0
1750,CRS3035RES1000mN2020000E3141000,1686660176,109.0
1751,CRS3035RES1000mN2020000E3141000,1716927336,100.0
1752,CRS3035RES1000mN2020000E3141000,1734554324,
1753,CRS3035RES1000mN2020000E3141000,1849109335,104.0
1754,CRS3035RES1000mN2020000E3141000,2028408680,39.0
1755,CRS3035RES1000mN2020000E3141000,2036887702,
1756,CRS3035RES1000mN2020000E3141000,2061404218,104.0
1757,CRS3035RES1000mN2020000E3141000,2134238030,
1758,CRS3035RES1000mN2020000E3141000,2261600754,
1759,CRS3035RES1000mN2020000E3141000,2301402027,
1760,CRS3035RES1000mN2020000E3141000,2303966810,51.0
1761,CRS3035RES1000mN2020000E3141000,2312029862,116.0
1762,CRS3035RES1000mN2020000E3141000,2408860250,119.0
1763,CRS3035RES1000mN2020000E3141000,2620185829,89.0
1764,CRS3035RES1000mN2020000E3141000,2622508931,85.0
1765,CRS3035RES1000mN2020000E3141000,2672130951,105.0
1766,CRS3035RES1000mN2020000E3141000,2710518818,113.0
1767,CRS3035RES1000mN2020000E3141000,3034026261,74.0
1768,CRS3035RES1000mN2020000E3141000,3179889751,
1769,CRS3035RES1000mN2020000E3141000,3206611978,72.0
1770,CRS3035RES1000mN2020000E3141000,3272828439,67.0
1771,CRS3035RES1000mN2020000E3141000,3452364276,113.0
1772,CRS3035RES1000mN2020000E3141000,3452364277,95.0
1773,CRS3035RES1000mN2020000E3141000,3495733197,
1774,CRS3035RES1000mN2020000E3141000,3497154853,
1775,CRS3035RES1000mN2020000E3141000,3517755445,
1776,CRS3035RES1000mN2020000E3141000,3522125657,
1777,CRS3035RES1000mN2020000E3141000,3526751794,
1778,CRS3035RES1000mN2020000E3141000,3839306060,115.0
1779,CRS3035RES1000mN2020000E3141000,4214697664,69.0
1780,CRS3035RES1000mN2020000E3141000,4338252586,
1781,CRS3035RES1000mN2020000E3141000,4401271633,
1782,CRS3035RES1000mN2020000E3141000,4515476768,85.0
1783,CRS3035RES1000mN2020000E3141000,4569910891,82.0
1784,CRS3035RES1000mN2020000E3141000,4703730491,93.0
1785,CRS3035RES1000mN2020000E3141000,4707870392,86.0
1786,CRS3035RES1000mN2020000E3141000,4789037769,116.0
1787,CRS3035RES1000mN2020000E3141000,4794233143,
1788,CRS3035RES1000mN2020000E3141000,4870405674,69.0
1789,CRS3035RES1000mN2020000E3141000,5139379922,105.0
1790,CRS3035RES1000mN2020000E3141000,5160337425,84.0
1791,CRS3035RES1000mN2020000E3141000,5196199575,103.0
1792,CRS3035RES1000mN2020000E3141000,5341570554,93.0
1793,CRS3035RES1000mN2020000E3141000,5345949864,110.0
1794,CRS3035RES1000mN2020000E3141000,5448507385,
1795,CRS3035RES1000mN2020000E3141000,5604693894,
1796,CRS3035RES1000mN2020000E3141000,5670401989,
1797,CRS3035RES1000mN2020000E3141000,5942671299,117.0
1798,CRS3035RES1000mN2020000E3141000,5943980960,71.0
1799,CRS3035RES1000mN2020000E3141000,6185791451,
1800,CRS3035RES1000mN2020000E3141000,6188948286,111.0
1801,CRS3035RES1000mN2020000E3141000,6555800191,37.0
1802,CRS3035RES1000mN2020000E3141000,6885254479,103.0
1803,CRS3035RES1000mN2020000E3141000,7222611268,
1804,CRS3035RES1000mN2020000E3141000,7408961006,
1805,CRS3035RES1000mN2020000E3141000,7619964683,
1806,CRS3035RES1000mN2020000E3141000,7836562695,
1807,CRS3035RES1000mN2020000E3141000,8493729364,78.0
1808,CRS3035RES1000mN2020000E3141000,8557885377,
1809,CRS3035RES1000mN2020000E3141000,8807212208,88.0
1810,CRS3035RES1000mN2020000E3141000,8844229173,93.0
1811,CRS3035RES1000mN2020000E3141000,8878422600,100.0
1812,CRS3035RES1000mN2020000E3141000,9595709188,97.0
1813,CRS3035RES1000mN2020000E3141000,9611387099,72.0
1814,CRS3035RES1000mN2020000E3141000,9712656915,79.0
1815,CRS3035RES1000mN2020000E3141000,9713142744,87.0
1816,CRS3035RES1000mN2020000E3141000,9815746657,
1817,CRS3035RES1000mN2020000E3141000,10004871512,116.0
1818,CRS3035RES1000mN2020000E3141000,10281174134,
1819,CRS3035RES1000mN2020000E3141000,10580337411,119.0
1820,CRS3035RES1000mN2020000E3141000,10899442604,58.0
1821,CRS3035RES1000mN2020000E3141000,10922657146,49.0
1822,CRS3035RES1000mN2020000E3141000,11127499928,
1823,CRS3035RES1000mN2020000E3141000,11143725881,98.0
1824,CRS3035RES1000mN2020000E3141000,11243087140,110.0
1825,CRS3035RES1000mN2020000E3141000,11269399969,94.0
1826,CRS3035RES1000mN2020000E3141000,11287269362,
1827,CRS3035RES1000mN2020000E3141000,11287269363,
1828,CRS3035RES1000mN2020000E3141000,11369705764,
1829,CRS3035RES1000mN2020000E3141000,11387776374,105.0
1830,CRS3035RES1000mN2020000E3141000,11461799040,
1831,CRS3035RES1000mN2020000E3141000,11462802981,89.0
1832,CRS3035RES1000mN2020000E3141000,11652077658,102.0
1833,CRS3035RES1000mN2020000E3141000,11691390164,85.0
1834,CRS3035RES1000mN2020000E3141000,11739757462,77.0
1835,CRS3035RES1000mN2020000E3141000,12178446726,74.0
1836,CRS3035RES1000mN2020000E3141000,12407425114,98.0
1837,CRS3035RES1000mN2020000E3141000,12865480228,116.0
1838,CRS3035RES1000mN2020000E3141000,2960630,33.0
1839,CRS3035RES1000mN2020000E3141000,3554044,43.0
1840,CRS3035RES1000mN2020000E3141000,3557906,73.0
1841,CRS3035RES1000mN2020000E3141000,5231361,89.0
1842,CRS3035RES1000mN2020000E3141000,9314566,
1843,CRS3035RES1000mN2020000E3141000,13696257,119.0
1844,CRS3035RES1000mN2020000E3141000,15996131,88.0
1845,CRS3035RES1000mN2020000E3141000,23526191,101.0
1846,CRS3035RES1000mN2020000E3141000,23545719,103.0
1847,CRS3035RES1000mN2020000E3141000,30599279,68.0
1848,CRS3035RES1000mN2020000E3141000,30649229,86.0
1849,CRS3035RES1000mN2020000E3141000,32198651,
1850,CRS3035RES1000mN2020000E3141000,34945111,66.0
1851,CRS3035RES1000mN2020000E3141000,50170625,
1852,CRS3035RES1000mN2020000E3141000,82887228,108.0
1853,CRS3035RES1000mN2020000E3141000,92484952,115.0
1854,CRS3035RES1000mN2020000E3141000,95794713,103.0
1855,CRS3035RES1000mN2020000E3141000,96418670,62.0
1856,CRS3035RES1000mN2020000E3141000,98502686,93.0
1857,CRS3035RES1000mN2020000E3141000,132613257,105.0
1858,CRS3035RES1000mN2020000E3141000,135036040,111.0
1859,CRS3035RES1000mN2020000E3141000,150772489,89.0
1860,CRS3035RES1000mN2020000E3141000,154118456,94.0
1861,CRS3035RES1000mN2020000E3141000,157375776,117.0
1862,CRS3035RES1000mN2020000E3141000,158211204,35.0
1863,CRS3035RES1000mN2020000E3141000,162072415,72.0
1864,CRS3035RES1000mN2020000E3141000,162117720,107.0
1865,CRS3035RES1000mN2020000E3141000,170487273,
1866,CRS3035RES1000mN2020000E3141000,172686062,55.0
1867,CRS3035RES1000mN2020000E3141000,174318235,64.0
1868,CRS3035RES1000mN2020000E3141000,174318237,56.0
1869,CRS3035RES1000mN2020000E3141000,205060159,
1870,CRS3035RES1000mN2020000E3141000,205757163,
1871,CRS3035RES1000mN2020000E3141000,221095520,119.0
1872,CRS3035RES1000mN2020000E3141000,224503374,92.0
1873,CRS3035RES1000mN2020000E3141000,227333462,87.0
1874,CRS3035RES1000mN2020000E3141000,229117454,97.0
1875,CRS3035RES1000mN2020000E3141000,261460389,
1876,CRS3035RES1000mN2020000E3141000,283450022,77.0
1877,CRS3035RES1000mN2020000E3141000,288994040,72.0
1878,CRS3035RES1000mN2020000E3141000,296744564,
1879,CRS3035RES1000mN2020000E3141000,297526406,119.0
1880,CRS3035RES1000mN2020000E3141000,300709861,78.0
1881,CRS3035RES1000mN2020000E3141000,301444634,
1882,CRS3035RES1000mN2020000E3141000,302721609,106.0
1883,CRS3035RES1000mN2020000E3141000,308195630,
1884,CRS3035RES1000mN2020000E3141000,312777902,72.0
1885,CRS3035RES1000mN2020000E3141000,330154630,
1886,CRS3035RES1000mN2020000E3141000,340205456,90.0
1887,CRS3035RES1000mN2020000E3141000,367883612,106.0
1888,CRS3035RES1000mN2020000E3141000,368211943,107.0
1889,CRS3035RES1000mN2020000E3141000,374180360,118.0
1890,CRS3035RES1000mN2020000E3141000,375369499,88.0
1891,CRS3035RES1000mN2020000E3141000,383494544,96.0
1892,CRS3035RES1000mN2020000E3141000,384574591,73.0
1893,CRS3035RES1000mN2020000E3141000,403538322,
1894,CRS3035RES1000mN2020000E3141000,403859503,87.0
1895,CRS3035RES1000mN2020000E3141000,437050442,90.0
1896,CRS3035RES1000mN2020000E3141000,459881697,88.0
1897,CRS3035RES1000mN2020000E3141000,477278425,
1898,CRS3035RES1000mN2020000E3141000,486879235,
1899,CRS3035RES1000mN2020000E3141000,493748377,77.0
1900,CRS3035RES1000mN2020000E3141000,498234201,90.0
1901,CRS3035RES1000mN2020000E3141000,504315026,117.0
1902,CRS3035RES1000mN2020000E3141000,548701490,
1903,CRS3035RES1000mN2020000E3141000,574210084,
1904,CRS3035RES1000mN2020000E3141000,576094143,76.0
1905,CRS3035RES1000mN2020000E3141000,584409067,
1906,CRS3035RES1000mN2020000E3141000,635512756,119.0
1907,CRS3035RES1000mN2020000E3141000,638492224,
1908,CRS3035RES1000mN2020000E3141000,653913062,117.0
1909,CRS3035RES1000mN2020000E3141000,659866770,
1910,CRS3035RES1000mN2020000E3141000,697717972,54.0
1911,CRS3035RES1000mN2020000E3141000,717194862,
1912,CRS3035RES1000mN2020000E3141000,736899303,107.0
1913,CRS3035RES1000mN2020000E3141000,738042217,106.0
1914,CRS3035RES1000mN2020000E3141000,839611983,
1915,CRS3035RES1000mN2020000E3141000,957893520,82.0
1916,CRS3035RES1000mN2020000E3141000,963308110,108.0
1917,CRS3035RES1000mN2020000E3141000,1073283182,103.0
1918,CRS3035RES1000mN2020000E3141000,1252864015,113.0
1919,CRS3035RES1000mN2020000E3141000,1283203658,94.0
1920,CRS3035RES1000mN2020000E3142000,25526,64.0
1921,CRS3035RES1000mN2020000E3142000,1774,81.0
1922,CRS3035RES1000mN2020000E3142000,1770,108.0
1923,CRS3035RES1000mN2020000E3142000,1773,100.0
1924,CRS3035RES1000mN2020000E3142000,1771,82.0
1925,CRS3035RES1000mN2020000E3142000,123303,76.0
1926,CRS3035RES1000mN2020000E3142000,1764,88.0
1927,CRS3035RES1000mN2020000E3142000,181101,101.0
1928,CRS3035RES1000mN2020000E3142000,5765642,72.0
1929,CRS3035RES1000mN2020000E3142000,86719,80.0
1930,CRS3035RES1000mN2020000E3142000,1800,100.0
1931,CRS3035RES1000mN2020000E3142000,1757,72.0
1932,CRS3035RES1000mN2020000E3142000,1755,78.0
1933,CRS3035RES1000mN2020000E3142000,1882,81.0
1934,CRS3035RES1000mN2020000E3142000,1745,105.0
1935,CRS3035RES1000mN2020000E3142000,1794,100.0
1936,CRS3035RES1000mN2020000E3142000,1762,90.0
1937,CRS3035RES1000mN2020000E3142000,51188,92.0
1938,CRS3035RES1000mN2020000E3142000,6893633,91.0
1939,CRS3035RES1000mN2020000E3142000,167128,98.0
1940,CRS3035RES1000mN2020000E3142000,1760,97.0
1941,CRS3035RES1000mN2020000E3142000,12773298,78.0
1942,CRS3035RES1000mN2020000E3142000,1754,88.0
1943,CRS3035RES1000mN2020000E3142000,1748,98.0
1944,CRS3035RES1000mN2020000E3142000,79941,108.0
1945,CRS3035RES1000mN2020000E3142000,1750,101.0
1946,CRS3035RES1000mN2020000E3142000,5975465,82.0
1947,CRS3035RES1000mN2020000E3142000,115056,107.0
1948,CRS3035RES1000mN2020000E3142000,1790,100.0
1949,CRS3035RES1000mN2020000E3142000,1756,76.0
1950,CRS3035RES1000mN2020000E3142000,51849,99.0
1951,CRS3035RES1000mN2020000E3142000,185595,93.0
1952,CRS3035RES1000mN2020000E3142000,7697128,78.0
1953,CRS3035RES1000mN2020000E3142000,10395362,108.0
1954,CRS3035RES1000mN2020000E3142000,1759,95.0
1955,CRS3035RES1000mN2020000E3142000,1752,91.0
1956,CRS3035RES1000mN2020000E3142000,186714,98.0
1957,CRS3035RES1000mN2020000E3142000,1753,94.0
1958,CRS3035RES1000mN2020000E3142000,1792,95.0
1959,CRS3035RES1000mN2020000E3142000,1763,80.0
1960,CRS3035RES1000mN2020000E3142000,1746,106.0
1961,CRS3035RES1000mN2020000E3142000,11572165,87.0
1962,CRS3035RES1000mN2020000E3142000,1761,89.0
1963,CRS3035RES1000mN2020000E3142000,1747,101.0
1964,CRS3035RES1000mN2020000E3142000,5768564,70.0
1965,CRS3035RES1000mN2020000E3142000,1798,76.0
1966,CRS3035RES1000mN2020000E3142000,66904,97.0
1967,CRS3035RES1000mN2020000E3142000,1777,85.0
1968,CRS3035RES1000mN2020000E3142000,1765,92.0
1969,CRS3035RES1000mN2020000E3142000,49416,96.0
1970,CRS3035RES1000mN2020000E3142000,12734939,96.0
1971,CRS3035RES1000mN2020000E3142000,167386167,86.0
1972,CRS3035RES1000mN2020000E3142000,295933804,96.0
1973,CRS3035RES1000mN2020000E3142000,303340017,102.0
1974,CRS3035RES1000mN2020000E3142000,315355551,99.0
1975,CRS3035RES1000mN2020000E3142000,339084977,82.0
1976,CRS3035RES1000mN2020000E3142000,412911553,88.0
1977,CRS3035RES1000mN2020000E3142000,558126037,87.0
1978,CRS3035RES1000mN2020000E3142000,711789768,53.0
1979,CRS3035RES1000mN2020000E3142000,727666062,
1980,CRS3035RES1000mN2020000E3142000,848085869,60.0
1981,CRS3035RES1000mN2020000E3142000,1056098898,98.0
1982,CRS3035RES1000mN2020000E3142000,1255438242,
1983,CRS3035RES1000mN2020000E3142000,1469985039,109.0
1984,CRS3035RES1000mN2020000E3142000,1504302537,
1985,CRS3035RES1000mN2020000E3142000,1511617504,55.0
1986,CRS3035RES1000mN2020000E3142000,1541601287,111.0
1987,CRS3035RES1000mN2020000E3142000,1544591296,102.0
1988,CRS3035RES1000mN2020000E3142000,1598174183,114.0
1989,CRS3035RES1000mN2020000E3142000,1629887846,119.0
1990,CRS3035RES1000mN2020000E3142000,1686660176,110.0
1991,CRS3035RES1000mN2020000E3142000,1716927336,100.0
1992,CRS3035RES1000mN2020000E3142000,1734554324,
1993,CRS3035RES1000mN2020000E3142000,1849109335,105.0
1994,CRS3035RES1000mN2020000E3142000,2028408680,51.0
1995,CRS3035RES1000mN2020000E3142000,2036887702,
1996,CRS3035RES1000mN2020000E3142000,2061404218,106.0
1997,CRS3035RES1000mN2020000E3142000,2134238030,
1998,CRS3035RES1000mN2020000E3142000,2261600754,
1999,CRS3035RES1000mN2020000E3142000,2301402027,
2000,CRS3035RES1000mN2020000E3142000,2303966810,54.0
2001,CRS3035RES1000mN2020000E3142000,2312029862,117.0
2002,CRS3035RES1000mN2020000E3142000,2408860250,
2003,CRS3035RES1000mN2020000E3142000,2620185829,91.0
2004,CRS3035RES1000mN2020000E3142000,2622508931,87.0
2005,CRS3035RES1000mN2020000E3142000,2672130951,103.0
2006,CRS3035RES1000mN2020000E3142000,2710518818,116.0
2007,CRS3035RES1000mN2020000E3142000,3034026261,74.0
2008,CRS3035RES1000mN2020000E3142000,3179889751,
2009,CRS3035RES1000mN2020000E3142000,3206611978,
2010,CRS3035RES1000mN2020000E3142000,3272828439,57.0
2011,CRS3035RES1000mN2020000E3142000,3452364276,113.0
2012,CRS3035RES1000mN2020000E3142000,3452364277,96.0
2013,CRS3035RES1000mN2020000E3142000,3495733197,
2014,CRS3035RES1000mN2020000E3142000,3497154853,
2015,CRS3035RES1000mN2020000E3142000,3517755445,
2016,CRS3035RES1000mN2020000E3142000,3522125657,
2017,CRS3035RES1000mN2020000E3142000,3526751794,
2018,CRS3035RES1000mN2020000E3142000,3839306060,116.0
2019,CRS3035RES1000mN2020000E3142000,4214697664,71.0
2020,CRS3035RES1000mN2020000E3142000,4338252586,
2021,CRS3035RES1000mN2020000E3142000,4401271633,
2022,CRS3035RES1000mN2020000E3142000,4515476768,80.0
2023,CRS3035RES1000mN2020000E3142000,4569910891,84.0
2024,CRS3035RES1000mN2020000E3142000,4703730491,92.0
2025,CRS3035RES1000mN2020000E3142000,4707870392,87.0
2026,CRS3035RES1000mN2020000E3142000,4789037769,116.0
2027,CRS3035RES1000mN2020000E3142000,4794233143,
2028,CRS3035RES1000mN2020000E3142000,4870405674,71.0
2029,CRS3035RES1000mN2020000E3142000,5139379922,104.0
2030,CRS3035RES1000mN2020000E3142000,5160337425,86.0
2031,CRS3035RES1000mN2020000E3142000,5196199575,100.0
2032,CRS3035RES1000mN2020000E3142000,5341570554,91.0
2033,CRS3035RES1000mN2020000E3142000,5345949864,113.0
2034,CRS3035RES1000mN2020000E3142000,5448507385,
2035,CRS3035RES1000mN2020000E3142000,5604693894,
2036,CRS3035RES1000mN2020000E3142000,5670401989,
2037,CRS3035RES1000mN2020000E3142000,5942671299,119.0
2038,CRS3035RES1000mN2020000E3142000,5943980960,71.0
2039,CRS3035RES1000mN2020000E3142000,6185791451,
2040,CRS3035RES1000mN2020000E3142000,6188948286,115.0
2041,CRS3035RES1000mN2020000E3142000,6555800191,35.0
2042,CRS3035RES1000mN2020000E3142000,6885254479,104.0
2043,CRS3035RES1000mN2020000E3142000,7222611268,
2044,CRS3035RES1000mN2020000E3142000,7408961006,
2045,CRS3035RES1000mN2020000E3142000,7619964683,
2046,CRS3035RES1000mN2020000E3142000,7836562695,
2047,CRS3035RES1000mN2020000E3142000,8493729364,81.0
2048,CRS3035RES1000mN2020000E3142000,8557885377,
2049,CRS3035RES1000mN2020000E3142000,8807212208,89.0
2050,CRS3035RES1000mN2020000E3142000,8844229173,94.0
2051,CRS3035RES1000mN2020000E3142000,8878422600,103.0
2052,CRS3035RES1000mN2020000E3142000,9595709188,97.0
2053,CRS3035RES1000mN2020000E3142000,9611387099,75.0
2054,CRS3035RES1000mN2020000E3142000,9712656915,81.0
2055,CRS3035RES1000mN2020000E3142000,9713142744,89.0
2056,CRS3035RES1000mN2020000E3142000,9815746657,
2057,CRS3035RES1000mN2020000E3142000,10004871512,117.0
2058,CRS3035RES1000mN2020000E3142000,10281174134,
2059,CRS3035RES1000mN2020000E3142000,10580337411,
2060,CRS3035RES1000mN2020000E3142000,10899442604,48.0
2061,CRS3035RES1000mN2020000E3142000,10922657146,39.0
2062,CRS3035RES1000mN2020000E3142000,11127499928,
2063,CRS3035RES1000mN2020000E3142000,11143725881,101.0
2064,CRS3035RES1000mN2020000E3142000,11243087140,111.0
2065,CRS3035RES1000mN2020000E3142000,11269399969,96.0
2066,CRS3035RES1000mN2020000E3142000,11287269362,118.0
2067,CRS3035RES1000mN2020000E3142000,11287269363,
2068,CRS3035RES1000mN2020000E3142000,11369705764,
2069,CRS3035RES1000mN2020000E3142000,11387776374,107.0
2070,CRS3035RES1000mN2020000E3142000,11461799040,
2071,CRS3035RES1000mN2020000E3142000,11462802981,91.0
2072,CRS3035RES1000mN2020000E3142000,11652077658,105.0
2073,CRS3035RES1000mN2020000E3142000,11691390164,87.0
2074,CRS3035RES1000mN2020000E3142000,11739757462,66.0
2075,CRS3035RES1000mN2020000E3142000,12178446726,76.0
2076,CRS3035RES1000mN2020000E3142000,12407425114,101.0
2077,CRS3035RES1000mN2020000E3142000,12865480228,117.0
2078,CRS3035RES1000mN2020000E3142000,2960630,35.0
2079,CRS3035RES1000mN2020000E3142000,3554044,43.0
2080,CRS3035RES1000mN2020000E3142000,3557906,64.0
2081,CRS3035RES1000mN2020000E3142000,5231361,92.0
2082,CRS3035RES1000mN2020000E3142000,9314566,
2083,CRS3035RES1000mN2020000E3142000,13696257,119.0
2084,CRS3035RES1000mN2020000E3142000,15996131,89.0
2085,CRS3035RES1000mN2020000E3142000,23526191,102.0
2086,CRS3035RES1000mN2020000E3142000,23545719,106.0
2087,CRS3035RES1000mN2020000E3142000,30599279,62.0
2088,CRS3035RES1000mN2020000E3142000,30649229,88.0
2089,CRS3035RES1000mN2020000E3142000,32198651,
2090,CRS3035RES1000mN2020000E3142000,34945111,56.0
2091,CRS3035RES1000mN2020000E3142000,50170625,
2092,CRS3035RES1000mN2020000E3142000,82887228,110.0
2093,CRS3035RES1000mN2020000E3142000,92484952,117.0
2094,CRS3035RES1000mN2020000E3142000,95794713,105.0
2095,CRS3035RES1000mN2020000E3142000,96418670,53.0
2096,CRS3035RES1000mN2020000E3142000,98502686,95.0
2097,CRS3035RES1000mN2020000E3142000,132613257,105.0
2098,CRS3035RES1000mN2020000E3142000,135036040,111.0
2099,CRS3035RES1000mN2020000E3142000,150772489,92.0
2100,CRS3035RES1000mN2020000E3142000,154118456,97.0
2101,CRS3035RES1000mN2020000E3142000,157375776,116.0
2102,CRS3035RES1000mN2020000E3142000,158211204,36.0
2103,CRS3035RES1000mN2020000E3142000,162072415,65.0
2104,CRS3035RES1000mN2020000E3142000,162117720,110.0
2105,CRS3035RES1000mN2020000E3142000,170487273,
2106,CRS3035RES1000mN2020000E3142000,172686062,51.0
2107,CRS3035RES1000mN2020000E3142000,174318235,61.0
2108,CRS3035RES1000mN2020000E3142000,174318237,47.0
2109,CRS3035RES1000mN2020000E3142000,205060159,
2110,CRS3035RES1000mN2020000E3142000,205757163,
2111,CRS3035RES1000mN2020000E3142000,221095520,
2112,CRS3035RES1000mN2020000E3142000,224503374,94.0
2113,CRS3035RES1000mN2020000E3142000,227333462,90.0
2114,CRS3035RES1000mN2020000E3142000,229117454,100.0
2115,CRS3035RES1000mN2020000E3142000,261460389,
2116,CRS3035RES1000mN2020000E3142000,283450022,79.0
2117,CRS3035RES1000mN2020000E3142000,288994040,74.0
2118,CRS3035RES1000mN2020000E3142000,296744564,
2119,CRS3035RES1000mN2020000E3142000,297526406,119.0
2120,CRS3035RES1000mN2020000E3142000,300709861,70.0
2121,CRS3035RES1000mN2020000E3142000,301444634,
2122,CRS3035RES1000mN2020000E3142000,302721609,106.0
2123,CRS3035RES1000mN2020000E3142000,308195630,
2124,CRS3035RES1000mN2020000E3142000,312777902,75.0
2125,CRS3035RES1000mN2020000E3142000,330154630,
2126,CRS3035RES1000mN2020000E3142000,340205456,93.0
2127,CRS3035RES1000mN2020000E3142000,367883612,108.0
2128,CRS3035RES1000mN2020000E3142000,368211943,109.0
2129,CRS3035RES1000mN2020000E3142000,374180360,119.0
2130,CRS3035RES1000mN2020000E3142000,375369499,91.0
2131,CRS3035RES1000mN2020000E3142000,383494544,97.0
2132,CRS3035RES1000mN2020000E3142000,384574591,63.0
2133,CRS3035RES1000mN2020000E3142000,403538322,
2134,CRS3035RES1000mN2020000E3142000,403859503,89.0
2135,CRS3035RES1000mN2020000E3142000,437050442,82.0
2136,CRS3035RES1000mN2020000E3142000,459881697,91.0
2137,CRS3035RES1000mN2020000E3142000,477278425,
2138,CRS3035RES1000mN2020000E3142000,486879235,
2139,CRS3035RES1000mN2020000E3142000,493748377,70.0
2140,CRS3035RES1000mN2020000E3142000,498234201,83.0
2141,CRS3035RES1000mN2020000E3142000,504315026,118.0
2142,CRS3035RES1000mN2020000E3142000,548701490,114.0
2143,CRS3035RES1000mN2020000E3142000,574210084,119.0
2144,CRS3035RES1000mN2020000E3142000,576094143,72.0
2145,CRS3035RES1000mN2020000E3142000,584409067,
2146,CRS3035RES1000mN2020000E3142000,635512756,
2147,CRS3035RES1000mN2020000E3142000,638492224,
2148,CRS3035RES1000mN2020000E3142000,653913062,118.0
2149,CRS3035RES1000mN2020000E3142000,659866770,
2150,CRS3035RES1000mN2020000E3142000,697717972,47.0
2151,CRS3035RES1000mN2020000E3142000,717194862,
2152,CRS3035RES1000mN2020000E3142000,736899303,107.0
2153,CRS3035RES1000mN2020000E3142000,738042217,106.0
2154,CRS3035RES1000mN2020000E3142000,839611983,
2155,CRS3035RES1000mN2020000E3142000,957893520,84.0
2156,CRS3035RES1000mN2020000E3142000,963308110,110.0
2157,CRS3035RES1000mN2020000E3142000,1073283182,103.0
2158,CRS3035RES1000mN2020000E3142000,1252864015,113.0
2159,CRS3035RES1000mN2020000E3142000,1283203658,94.0
2160,CRS3035RES1000mN2020000E3143000,25526,51.0
2161,CRS3035RES1000mN2020000E3143000,1774,70.0
2162,CRS3035RES1000mN2020000E3143000,1770,97.0
2163,CRS3035RES1000mN2020000E3143000,1773,88.0
2164,CRS3035RES1000mN2020000E3143000,1771,70.0
2165,CRS3035RES1000mN2020000E3143000,123303,69.0
2166,CRS3035RES1000mN2020000E3143000,1764,75.0
2167,CRS3035RES1000mN2020000E3143000,181101,86.0
2168,CRS3035RES1000mN2020000E3143000,5765642,55.0
2169,CRS3035RES1000mN2020000E3143000,86719,64.0
2170,CRS3035RES1000mN2020000E3143000,1800,85.0
2171,CRS3035RES1000mN2020000E3143000,1757,59.0
2172,CRS3035RES1000mN2020000E3143000,1755,66.0
2173,CRS3035RES1000mN2020000E3143000,1882,69.0
2174,CRS3035RES1000mN2020000E3143000,1745,92.0
2175,CRS3035RES1000mN2020000E3143000,1794,88.0
2176,CRS3035RES1000mN2020000E3143000,1762,79.0
2177,CRS3035RES1000mN2020000E3143000,51188,79.0
2178,CRS3035RES1000mN2020000E3143000,6893633,79.0
2179,CRS3035RES1000mN2020000E3143000,167128,86.0
2180,CRS3035RES1000mN2020000E3143000,1760,84.0
2181,CRS3035RES1000mN2020000E3143000,12773298,61.0
2182,CRS3035RES1000mN2020000E3143000,1754,78.0
2183,CRS3035RES1000mN2020000E3143000,1748,84.0
2184,CRS3035RES1000mN2020000E3143000,79941,96.0
2185,CRS3035RES1000mN2020000E3143000,1750,89.0
2186,CRS3035RES1000mN2020000E3143000,5975465,70.0
2187,CRS3035RES1000mN2020000E3143000,115056,94.0
2188,CRS3035RES1000mN2020000E3143000,1790,87.0
2189,CRS3035RES1000mN2020000E3143000,1756,59.0
2190,CRS3035RES1000mN2020000E3143000,51849,87.0
2191,CRS3035RES1000mN2020000E3143000,185595,81.0
2192,CRS3035RES1000mN2020000E3143000,7697128,66.0
2193,CRS3035RES1000mN2020000E3143000,10395362,97.0
2194,CRS3035RES1000mN2020000E3143000,1759,83.0
2195,CRS3035RES1000mN2020000E3143000,1752,81.0
2196,CRS3035RES1000mN2020000E3143000,186714,85.0
2197,CRS3035RES1000mN2020000E3143000,1753,79.0
2198,CRS3035RES1000mN2020000E3143000,1792,80.0
2199,CRS3035RES1000mN2020000E3143000,1763,68.0
2200,CRS3035RES1000mN2020000E3143000,1746,94.0
2201,CRS3035RES1000mN2020000E3143000,11572165,73.0
2202,CRS3035RES1000mN2020000E3143000,1761,74.0
2203,CRS3035RES1000mN2020000E3143000,1747,89.0
2204,CRS3035RES1000mN2020000E3143000,5768564,57.0
2205,CRS3035RES1000mN2020000E3143000,1798,64.0
2206,CRS3035RES1000mN2020000E3143000,66904,90.0
2207,CRS3035RES1000mN2020000E3143000,1777,73.0
2208,CRS3035RES1000mN2020000E3143000,1765,82.0
2209,CRS3035RES1000mN2020000E3143000,49416,82.0
2210,CRS3035RES1000mN2020000E3143000,12734939,82.0
2211,CRS3035RES1000mN2020000E3143000,167386167,72.0
2212,CRS3035RES1000mN2020000E3143000,295933804,77.0
2213,CRS3035RES1000mN2020000E3143000,303340017,73.0
2214,CRS3035RES1000mN2020000E3143000,315355551,80.0
2215,CRS3035RES1000mN2020000E3143000,339084977,71.0
2216,CRS3035RES1000mN2020000E3143000,412911553,75.0
2217,CRS3035RES1000mN2020000E3143000,558126037,74.0
2218,CRS3035RES1000mN2020000E3143000,711789768,66.0
2219,CRS3035RES1000mN2020000E3143000,727666062,
2220,CRS3035RES1000mN2020000E3143000,848085869,37.0
2221,CRS3035RES1000mN2020000E3143000,1056098898,86.0
2222,CRS3035RES1000mN2020000E3143000,1255438242,
2223,CRS3035RES1000mN2020000E3143000,1469985039,95.0
2224,CRS3035RES1000mN2020000E3143000,1504302537,
2225,CRS3035RES1000mN2020000E3143000,1511617504,45.0
2226,CRS3035RES1000mN2020000E3143000,1541601287,96.0
2227,CRS3035RES1000mN2020000E3143000,1544591296,92.0
2228,CRS3035RES1000mN2020000E3143000,1598174183,97.0
2229,CRS3035RES1000mN2020000E3143000,1629887846,101.0
2230,CRS3035RES1000mN2020000E3143000,1686660176,99.0
2231,CRS3035RES1000mN2020000E3143000,1716927336,70.0
2232,CRS3035RES1000mN2020000E3143000,1734554324,114.0
2233,CRS3035RES1000mN2020000E3143000,1849109335,78.0
2234,CRS3035RES1000mN2020000E3143000,2028408680,52.0
2235,CRS3035RES1000mN2020000E3143000,2036887702,
2236,CRS3035RES1000mN2020000E3143000,2061404218,102.0
2237,CRS3035RES1000mN2020000E3143000,2134238030,109.0
2238,CRS3035RES1000mN2020000E3143000,2261600754,
2239,CRS3035RES1000mN2020000E3143000,2301402027,107.0
2240,CRS3035RES1000mN2020000E3143000,2303966810,63.0
2241,CRS3035RES1000mN2020000E3143000,2312029862,100.0
2242,CRS3035RES1000mN2020000E3143000,2408860250,103.0
2243,CRS3035RES1000mN2020000E3143000,2620185829,78.0
2244,CRS3035RES1000mN2020000E3143000,2622508931,75.0
2245,CRS3035RES1000mN2020000E3143000,2672130951,98.0
2246,CRS3035RES1000mN2020000E3143000,2710518818,108.0
2247,CRS3035RES1000mN2020000E3143000,3034026261,74.0
2248,CRS3035RES1000mN2020000E3143000,3179889751,
2249,CRS3035RES1000mN2020000E3143000,3206611978,
2250,CRS3035RES1000mN2020000E3143000,3272828439,42.0
2251,CRS3035RES1000mN2020000E3143000,3452364276,101.0
2252,CRS3035RES1000mN2020000E3143000,3452364277,84.0
2253,CRS3035RES1000mN2020000E3143000,3495733197,
2254,CRS3035RES1000mN2020000E3143000,3497154853,
2255,CRS3035RES1000mN2020000E3143000,3517755445,
2256,CRS3035RES1000mN2020000E3143000,3522125657,
2257,CRS3035RES1000mN2020000E3143000,3526751794,
2258,CRS3035RES1000mN2020000E3143000,3839306060,102.0
2259,CRS3035RES1000mN2020000E3143000,4214697664,59.0
2260,CRS3035RES1000mN2020000E3143000,4338252586,
2261,CRS3035RES1000mN2020000E3143000,4401271633,
2262,CRS3035RES1000mN2020000E3143000,4515476768,75.0
2263,CRS3035RES1000mN2020000E3143000,4569910891,71.0
2264,CRS3035RES1000mN2020000E3143000,4703730491,80.0
2265,CRS3035RES1000mN2020000E3143000,4707870392,76.0
2266,CRS3035RES1000mN2020000E3143000,4789037769,86.0
2267,CRS3035RES1000mN2020000E3143000,4794233143,
2268,CRS3035RES1000mN2020000E3143000,4870405674,58.0
2269,CRS3035RES1000mN2020000E3143000,5139379922,94.0
2270,CRS3035RES1000mN2020000E3143000,5160337425,74.0
2271,CRS3035RES1000mN2020000E3143000,5196199575,82.0
2272,CRS3035RES1000mN2020000E3143000,5341570554,80.0
2273,CRS3035RES1000mN2020000E3143000,5345949864,109.0
2274,CRS3035RES1000mN2020000E3143000,5448507385,
2275,CRS3035RES1000mN2020000E3143000,5604693894,
2276,CRS3035RES1000mN2020000E3143000,5670401989,
2277,CRS3035RES1000mN2020000E3143000,5942671299,105.0
2278,CRS3035RES1000mN2020000E3143000,5943980960,48.0
2279,CRS3035RES1000mN2020000E3143000,6185791451,
2280,CRS3035RES1000mN2020000E3143000,6188948286,100.0
2281,CRS3035RES1000mN2020000E3143000,6555800191,24.0
2282,CRS3035RES1000mN2020000E3143000,6885254479,97.0
2283,CRS3035RES1000mN2020000E3143000,7222611268,
2284,CRS3035RES1000mN2020000E3143000,7408961006,
2285,CRS3035RES1000mN2020000E3143000,7619964683,
2286,CRS3035RES1000mN2020000E3143000,7836562695,114.0
2287,CRS3035RES1000mN2020000E3143000,8493729364,68.0
2288,CRS3035RES1000mN2020000E3143000,8557885377,104.0
2289,CRS3035RES1000mN2020000E3143000,8807212208,76.0
2290,CRS3035RES1000mN2020000E3143000,8844229173,81.0
2291,CRS3035RES1000mN2020000E3143000,8878422600,98.0
2292,CRS3035RES1000mN2020000E3143000,9595709188,85.0
2293,CRS3035RES1000mN2020000E3143000,9611387099,62.0
2294,CRS3035RES1000mN2020000E3143000,9712656915,69.0
2295,CRS3035RES1000mN2020000E3143000,9713142744,76.0
2296,CRS3035RES1000mN2020000E3143000,9815746657,
2297,CRS3035RES1000mN2020000E3143000,10004871512,100.0
2298,CRS3035RES1000mN2020000E3143000,10281174134,
2299,CRS3035RES1000mN2020000E3143000,10580337411,106.0
2300,CRS3035RES1000mN2020000E3143000,10899442604,33.0
2301,CRS3035RES1000mN2020000E3143000,10922657146,24.0
2302,CRS3035RES1000mN2020000E3143000,11127499928,100.0
2303,CRS3035RES1000mN2020000E3143000,11143725881,84.0
2304,CRS3035RES1000mN2020000E3143000,11243087140,105.0
2305,CRS3035RES1000mN2020000E3143000,11269399969,84.0
2306,CRS3035RES1000mN2020000E3143000,11287269362,102.0
2307,CRS3035RES1000mN2020000E3143000,11287269363,
2308,CRS3035RES1000mN2020000E3143000,11369705764,112.0
2309,CRS3035RES1000mN2020000E3143000,11387776374,93.0
2310,CRS3035RES1000mN2020000E3143000,11461799040,
2311,CRS3035RES1000mN2020000E3143000,11462802981,77.0
2312,CRS3035RES1000mN2020000E3143000,11652077658,83.0
2313,CRS3035RES1000mN2020000E3143000,11691390164,74.0
2314,CRS3035RES1000mN2020000E3143000,11739757462,50.0
2315,CRS3035RES1000mN2020000E3143000,12178446726,64.0
2316,CRS3035RES1000mN2020000E3143000,12407425114,94.0
2317,CRS3035RES1000mN2020000E3143000,12865480228,103.0
2318,CRS3035RES1000mN2020000E3143000,2960630,34.0
2319,CRS3035RES1000mN2020000E3143000,3554044,26.0
2320,CRS3035RES1000mN2020000E3143000,3557906,48.0
2321,CRS3035RES1000mN2020000E3143000,5231361,79.0
2322,CRS3035RES1000mN2020000E3143000,9314566,119.0
2323,CRS3035RES1000mN2020000E3143000,13696257,107.0
2324,CRS3035RES1000mN2020000E3143000,15996131,76.0
2325,CRS3035RES1000mN2020000E3143000,23526191,91.0
2326,CRS3035RES1000mN2020000E3143000,23545719,94.0
2327,CRS3035RES1000mN2020000E3143000,30599279,50.0
2328,CRS3035RES1000mN2020000E3143000,30649229,76.0
2329,CRS3035RES1000mN2020000E3143000,32198651,
2330,CRS3035RES1000mN2020000E3143000,34945111,41.0
2331,CRS3035RES1000mN2020000E3143000,50170625,
2332,CRS3035RES1000mN2020000E3143000,82887228,98.0
2333,CRS3035RES1000mN2020000E3143000,92484952,96.0
2334,CRS3035RES1000mN2020000E3143000,95794713,92.0
2335,CRS3035RES1000mN2020000E3143000,96418670,37.0
2336,CRS3035RES1000mN2020000E3143000,98502686,79.0
2337,CRS3035RES1000mN2020000E3143000,132613257,93.0
2338,CRS3035RES1000mN2020000E3143000,135036040,98.0
2339,CRS3035RES1000mN2020000E3143000,150772489,79.0
2340,CRS3035RES1000mN2020000E3143000,154118456,93.0
2341,CRS3035RES1000mN2020000E3143000,157375776,97.0
2342,CRS3035RES1000mN2020000E3143000,158211204,29.0
2343,CRS3035RES1000mN2020000E3143000,162072415,52.0
2344,CRS3035RES1000mN2020000E3143000,162117720,93.0
2345,CRS3035RES1000mN2020000E3143000,170487273,
2346,CRS3035RES1000mN2020000E3143000,172686062,45.0
2347,CRS3035RES1000mN2020000E3143000,174318235,37.0
2348,CRS3035RES1000mN2020000E3143000,174318237,31.0
2349,CRS3035RES1000mN2020000E3143000,205060159,
2350,CRS3035RES1000mN2020000E3143000,205757163,
2351,CRS3035RES1000mN2020000E3143000,221095520,106.0
2352,CRS3035RES1000mN2020000E3143000,224503374,81.0
2353,CRS3035RES1000mN2020000E3143000,227333462,87.0
2354,CRS3035RES1000mN2020000E3143000,229117454,83.0
2355,CRS3035RES1000mN2020000E3143000,261460389,
2356,CRS3035RES1000mN2020000E3143000,283450022,66.0
2357,CRS3035RES1000mN2020000E3143000,288994040,62.0
2358,CRS3035RES1000mN2020000E3143000,296744564,
2359,CRS3035RES1000mN2020000E3143000,297526406,98.0
2360,CRS3035RES1000mN2020000E3143000,300709861,57.0
2361,CRS3035RES1000mN2020000E3143000,301444634,104.0
2362,CRS3035RES1000mN2020000E3143000,302721609,76.0
2363,CRS3035RES1000mN2020000E3143000,308195630,110.0
2364,CRS3035RES1000mN2020000E3143000,312777902,62.0
2365,CRS3035RES1000mN2020000E3143000,330154630,
2366,CRS3035RES1000mN2020000E3143000,340205456,80.0
2367,CRS3035RES1000mN2020000E3143000,367883612,96.0
2368,CRS3035RES1000mN2020000E3143000,368211943,95.0
2369,CRS3035RES1000mN2020000E3143000,374180360,102.0
2370,CRS3035RES1000mN2020000E3143000,375369499,87.0
2371,CRS3035RES1000mN2020000E3143000,383494544,85.0
2372,CRS3035RES1000mN2020000E3143000,384574591,47.0
2373,CRS3035RES1000mN2020000E3143000,403538322,113.0
2374,CRS3035RES1000mN2020000E3143000,403859503,77.0
2375,CRS3035RES1000mN2020000E3143000,437050442,65.0
2376,CRS3035RES1000mN2020000E3143000,459881697,88.0
2377,CRS3035RES1000mN2020000E3143000,477278425,
2378,CRS3035RES1000mN2020000E3143000,486879235,
2379,CRS3035RES1000mN2020000E3143000,493748377,54.0
2380,CRS3035RES1000mN2020000E3143000,498234201,66.0
2381,CRS3035RES1000mN2020000E3143000,504315026,104.0
2382,CRS3035RES1000mN2020000E3143000,548701490,88.0
2383,CRS3035RES1000mN2020000E3143000,574210084,92.0
2384,CRS3035RES1000mN2020000E3143000,576094143,52.0
2385,CRS3035RES1000mN2020000E3143000,584409067,111.0
2386,CRS3035RES1000mN2020000E3143000,635512756,98.0
2387,CRS3035RES1000mN2020000E3143000,638492224,
2388,CRS3035RES1000mN2020000E3143000,653913062,100.0
2389,CRS3035RES1000mN2020000E3143000,659866770,
2390,CRS3035RES1000mN2020000E3143000,697717972,36.0
2391,CRS3035RES1000mN2020000E3143000,717194862,
2392,CRS3035RES1000mN2020000E3143000,736899303,107.0
2393,CRS3035RES1000mN2020000E3143000,738042217,76.0
2394,CRS3035RES1000mN2020000E3143000,839611983,
2395,CRS3035RES1000mN2020000E3143000,957893520,70.0
2396,CRS3035RES1000mN2020000E3143000,963308110,95.0
2397,CRS3035RES1000mN2020000E3143000,1073283182,73.0
2398,CRS3035RES1000mN2020000E3143000,1252864015,97.0
2399,CRS3035RES1000mN2020000E3143000,1283203658,91.0
2400,CRS3035RES1000mN2020000E3144000,25526,53.0
2401,CRS3035RES1000mN2020000E3144000,1774,72.0
2402,CRS3035RES1000mN2020000E3144000,1770,97.0
2403,CRS3035RES1000mN2020000E3144000,1773,91.0
2404,CRS3035RES1000mN2020000E3144000,1771,71.0
2405,CRS3035RES1000mN2020000E3144000,123303,70.0
2406,CRS3035RES1000mN2020000E3144000,1764,76.0
2407,CRS3035RES1000mN2020000E3144000,181101,90.0
2408,CRS3035RES1000mN2020000E3144000,5765642,56.0
2409,CRS3035RES1000mN2020000E3144000,86719,66.0
2410,CRS3035RES1000mN2020000E3144000,1800,87.0
2411,CRS3035RES1000mN2020000E3144000,1757,61.0
2412,CRS3035RES1000mN2020000E3144000,1755,69.0
2413,CRS3035RES1000mN2020000E3144000,1882,70.0
2414,CRS3035RES1000mN2020000E3144000,1745,93.0
2415,CRS3035RES1000mN2020000E3144000,1794,88.0
2416,CRS3035RES1000mN2020000E3144000,1762,80.0
2417,CRS3035RES1000mN2020000E3144000,51188,80.0
2418,CRS3035RES1000mN2020000E3144000,6893633,81.0
2419,CRS3035RES1000mN2020000E3144000,167128,89.0
2420,CRS3035RES1000mN2020000E3144000,1760,85.0
2421,CRS3035RES1000mN2020000E3144000,12773298,63.0
2422,CRS3035RES1000mN2020000E3144000,1754,80.0
2423,CRS3035RES1000mN2020000E3144000,1748,86.0
2424,CRS3035RES1000mN2020000E3144000,79941,98.0
2425,CRS3035RES1000mN2020000E3144000,1750,89.0
2426,CRS3035RES1000mN2020000E3144000,5975465,71.0
2427,CRS3035RES1000mN2020000E3144000,115056,96.0
2428,CRS3035RES1000mN2020000E3144000,1790,88.0
2429,CRS3035RES1000mN2020000E3144000,1756,60.0
2430,CRS3035RES1000mN2020000E3144000,51849,88.0
2431,CRS3035RES1000mN2020000E3144000,185595,82.0
2432,CRS3035RES1000mN2020000E3144000,7697128,67.0
2433,CRS3035RES1000mN2020000E3144000,10395362,99.0
2434,CRS3035RES1000mN2020000E3144000,1759,83.0
2435,CRS3035RES1000mN2020000E3144000,1752,83.0
2436,CRS3035RES1000mN2020000E3144000,186714,87.0
2437,CRS3035RES1000mN2020000E3144000,1753,82.0
2438,CRS3035RES1000mN2020000E3144000,1792,82.0
2439,CRS3035RES1000mN2020000E3144000,1763,70.0
2440,CRS3035RES1000mN2020000E3144000,1746,95.0
2441,CRS3035RES1000mN2020000E3144000,11572165,75.0
2442,CRS3035RES1000mN2020000E3144000,1761,77.0
2443,CRS3035RES1000mN2020000E3144000,1747,90.0
2444,CRS3035RES1000mN2020000E3144000,5768564,58.0
2445,CRS3035RES1000mN2020000E3144000,1798,66.0
2446,CRS3035RES1000mN2020000E3144000,66904,91.0
2447,CRS3035RES1000mN2020000E3144000,1777,74.0
2448,CRS3035RES1000mN2020000E3144000,1765,83.0
2449,CRS3035RES1000mN2020000E3144000,49416,84.0
2450,CRS3035RES1000mN2020000E3144000,12734939,84.0
2451,CRS3035RES1000mN2020000E3144000,167386167,74.0
2452,CRS3035RES1000mN2020000E3144000,295933804,78.0
2453,CRS3035RES1000mN2020000E3144000,303340017,74.0
2454,CRS3035RES1000mN2020000E3144000,315355551,80.0
2455,CRS3035RES1000mN2020000E3144000,339084977,73.0
2456,CRS3035RES1000mN2020000E3144000,412911553,77.0
2457,CRS3035RES1000mN2020000E3144000,558126037,74.0
2458,CRS3035RES1000mN2020000E3144000,711789768,69.0
2459,CRS3035RES1000mN2020000E3144000,727666062,
2460,CRS3035RES1000mN2020000E3144000,848085869,38.0
2461,CRS3035RES1000mN2020000E3144000,1056098898,87.0
2462,CRS3035RES1000mN2020000E3144000,1255438242,
2463,CRS3035RES1000mN2020000E3144000,1469985039,97.0
2464,CRS3035RES1000mN2020000E3144000,1504302537,
2465,CRS3035RES1000mN2020000E3144000,1511617504,46.0
2466,CRS3035RES1000mN2020000E3144000,1541601287,97.0
2467,CRS3035RES1000mN2020000E3144000,1544591296,92.0
2468,CRS3035RES1000mN2020000E3144000,1598174183,98.0
2469,CRS3035RES1000mN2020000E3144000,1629887846,102.0
2470,CRS3035RES1000mN2020000E3144000,1686660176,99.0
2471,CRS3035RES1000mN2020000E3144000,1716927336,70.0
2472,CRS3035RES1000mN2020000E3144000,1734554324,116.0
2473,CRS3035RES1000mN2020000E3144000,1849109335,79.0
2474,CRS3035RES1000mN2020000E3144000,2028408680,53.0
2475,CRS3035RES1000mN2020000E3144000,2036887702,
2476,CRS3035RES1000mN2020000E3144000,2061404218,103.0
2477,CRS3035RES1000mN2020000E3144000,2134238030,111.0
2478,CRS3035RES1000mN2020000E3144000,2261600754,
2479,CRS3035RES1000mN2020000E3144000,2301402027,109.0
2480,CRS3035RES1000mN2020000E3144000,2303966810,66.0
2481,CRS3035RES1000mN2020000E3144000,2312029862,101.0
2482,CRS3035RES1000mN2020000E3144000,2408860250,104.0
2483,CRS3035RES1000mN2020000E3144000,2620185829,80.0
2484,CRS3035RES1000mN2020000E3144000,2622508931,77.0
2485,CRS3035RES1000mN2020000E3144000,2672130951,100.0
2486,CRS3035RES1000mN2020000E3144000,2710518818,110.0
2487,CRS3035RES1000mN2020000E3144000,3034026261,74.0
2488,CRS3035RES1000mN2020000E3144000,3179889751,
2489,CRS3035RES1000mN2020000E3144000,3206611978,
2490,CRS3035RES1000mN2020000E3144000,3272828439,44.0
2491,CRS3035RES1000mN2020000E3144000,3452364276,102.0
2492,CRS3035RES1000mN2020000E3144000,3452364277,85.0
2493,CRS3035RES1000mN2020000E3144000,3495733197,
2494,CRS3035RES1000mN2020000E3144000,3497154853,
2495,CRS3035RES1000mN2020000E3144000,3517755445,
2496,CRS3035RES1000mN2020000E3144000,3522125657,
2497,CRS3035RES1000mN2020000E3144000,3526751794,
2498,CRS3035RES1000mN2020000E3144000,3839306060,104.0
2499,CRS3035RES1000mN2020000E3144000,4214697664,61.0
2500,CRS3035RES1000mN2020000E3144000,4338252586,
2501,CRS3035RES1000mN2020000E3144000,4401271633,
2502,CRS3035RES1000mN2020000E3144000,4515476768,77.0
2503,CRS3035RES1000mN2020000E3144000,4569910891,72.0
2504,CRS3035RES1000mN2020000E3144000,4703730491,82.0
2505,CRS3035RES1000mN2020000E3144000,4707870392,76.0
2506,CRS3035RES1000mN2020000E3144000,4789037769,86.0
2507,CRS3035RES1000mN2020000E3144000,4794233143,
2508,CRS3035RES1000mN2020000E3144000,4870405674,60.0
2509,CRS3035RES1000mN2020000E3144000,5139379922,95.0
2510,CRS3035RES1000mN2020000E3144000,5160337425,76.0
2511,CRS3035RES1000mN2020000E3144000,5196199575,83.0
2512,CRS3035RES1000mN2020000E3144000,5341570554,82.0
2513,CRS3035RES1000mN2020000E3144000,5345949864,109.0
2514,CRS3035RES1000mN2020000E3144000,5448507385,
2515,CRS3035RES1000mN2020000E3144000,5604693894,
2516,CRS3035RES1000mN2020000E3144000,5670401989,
2517,CRS3035RES1000mN2020000E3144000,5942671299,114.0
2518,CRS3035RES1000mN2020000E3144000,5943980960,60.0
2519,CRS3035RES1000mN2020000E3144000,6185791451,
2520,CRS3035RES1000mN2020000E3144000,6188948286,102.0
2521,CRS3035RES1000mN2020000E3144000,6555800191,27.0
2522,CRS3035RES1000mN2020000E3144000,6885254479,97.0
2523,CRS3035RES1000mN2020000E3144000,7222611268,
2524,CRS3035RES1000mN2020000E3144000,7408961006,
2525,CRS3035RES1000mN2020000E3144000,7619964683,
2526,CRS3035RES1000mN2020000E3144000,7836562695,114.0
2527,CRS3035RES1000mN2020000E3144000,8493729364,70.0
2528,CRS3035RES1000mN2020000E3144000,8557885377,105.0
2529,CRS3035RES1000mN2020000E3144000,8807212208,76.0
2530,CRS3035RES1000mN2020000E3144000,8844229173,83.0
2531,CRS3035RES1000mN2020000E3144000,8878422600,99.0
2532,CRS3035RES1000mN2020000E3144000,9595709188,86.0
2533,CRS3035RES1000mN2020000E3144000,9611387099,64.0
2534,CRS3035RES1000mN2020000E3144000,9712656915,70.0
2535,CRS3035RES1000mN2020000E3144000,9713142744,77.0
2536,CRS3035RES1000mN2020000E3144000,9815746657,
2537,CRS3035RES1000mN2020000E3144000,10004871512,101.0
2538,CRS3035RES1000mN2020000E3144000,10281174134,
2539,CRS3035RES1000mN2020000E3144000,10580337411,108.0
2540,CRS3035RES1000mN2020000E3144000,10899442604,35.0
2541,CRS3035RES1000mN2020000E3144000,10922657146,26.0
2542,CRS3035RES1000mN2020000E3144000,11127499928,100.0
2543,CRS3035RES1000mN2020000E3144000,11143725881,86.0
2544,CRS3035RES1000mN2020000E3144000,11243087140,105.0
2545,CRS3035RES1000mN2020000E3144000,11269399969,86.0
2546,CRS3035RES1000mN2020000E3144000,11287269362,104.0
2547,CRS3035RES1000mN2020000E3144000,11287269363,
2548,CRS3035RES1000mN2020000E3144000,11369705764,114.0
2549,CRS3035RES1000mN2020000E3144000,11387776374,95.0
2550,CRS3035RES1000mN2020000E3144000,11461799040,
2551,CRS3035RES1000mN2020000E3144000,11462802981,79.0
2552,CRS3035RES1000mN2020000E3144000,11652077658,84.0
2553,CRS3035RES1000mN2020000E3144000,11691390164,76.0
2554,CRS3035RES1000mN2020000E3144000,11739757462,51.0
2555,CRS3035RES1000mN2020000E3144000,12178446726,66.0
2556,CRS3035RES1000mN2020000E3144000,12407425114,90.0
2557,CRS3035RES1000mN2020000E3144000,12865480228,105.0
2558,CRS3035RES1000mN2020000E3144000,2960630,39.0
2559,CRS3035RES1000mN2020000E3144000,3554044,21.0
2560,CRS3035RES1000mN2020000E3144000,3557906,50.0
2561,CRS3035RES1000mN2020000E3144000,5231361,81.0
2562,CRS3035RES1000mN2020000E3144000,9314566,
2563,CRS3035RES1000mN2020000E3144000,13696257,107.0
2564,CRS3035RES1000mN2020000E3144000,15996131,78.0
2565,CRS3035RES1000mN2020000E3144000,23526191,91.0
2566,CRS3035RES1000mN2020000E3144000,23545719,94.0
2567,CRS3035RES1000mN2020000E3144000,30599279,53.0
2568,CRS3035RES1000mN2020000E3144000,30649229,77.0
2569,CRS3035RES1000mN2020000E3144000,32198651,
2570,CRS3035RES1000mN2020000E3144000,34945111,43.0
2571,CRS3035RES1000mN2020000E3144000,50170625,
2572,CRS3035RES1000mN2020000E3144000,82887228,100.0
2573,CRS3035RES1000mN2020000E3144000,92484952,96.0
2574,CRS3035RES1000mN2020000E3144000,95794713,94.0
2575,CRS3035RES1000mN2020000E3144000,96418670,39.0
2576,CRS3035RES1000mN2020000E3144000,98502686,80.0
2577,CRS3035RES1000mN2020000E3144000,132613257,95.0
2578,CRS3035RES1000mN2020000E3144000,135036040,101.0
2579,CRS3035RES1000mN2020000E3144000,150772489,81.0
2580,CRS3035RES1000mN2020000E3144000,154118456,94.0
2581,CRS3035RES1000mN2020000E3144000,157375776,97.0
2582,CRS3035RES1000mN2020000E3144000,158211204,28.0
2583,CRS3035RES1000mN2020000E3144000,162072415,53.0
2584,CRS3035RES1000mN2020000E3144000,162117720,94.0
2585,CRS3035RES1000mN2020000E3144000,170487273,
2586,CRS3035RES1000mN2020000E3144000,172686062,46.0
2587,CRS3035RES1000mN2020000E3144000,174318235,38.0
2588,CRS3035RES1000mN2020000E3144000,174318237,33.0
2589,CRS3035RES1000mN2020000E3144000,205060159,
2590,CRS3035RES1000mN2020000E3144000,205757163,
2591,CRS3035RES1000mN2020000E3144000,221095520,108.0
2592,CRS3035RES1000mN2020000E3144000,224503374,82.0
2593,CRS3035RES1000mN2020000E3144000,227333462,87.0
2594,CRS3035RES1000mN2020000E3144000,229117454,85.0
2595,CRS3035RES1000mN2020000E3144000,261460389,
2596,CRS3035RES1000mN2020000E3144000,283450022,67.0
2597,CRS3035RES1000mN2020000E3144000,288994040,64.0
2598,CRS3035RES1000mN2020000E3144000,296744564,
2599,CRS3035RES1000mN2020000E3144000,297526406,98.0
2600,CRS3035RES1000mN2020000E3144000,300709861,59.0
2601,CRS3035RES1000mN2020000E3144000,301444634,100.0
2602,CRS3035RES1000mN2020000E3144000,302721609,76.0
2603,CRS3035RES1000mN2020000E3144000,308195630,111.0
2604,CRS3035RES1000mN2020000E3144000,312777902,64.0
2605,CRS3035RES1000mN2020000E3144000,330154630,
2606,CRS3035RES1000mN2020000E3144000,340205456,82.0
2607,CRS3035RES1000mN2020000E3144000,367883612,97.0
2608,CRS3035RES1000mN2020000E3144000,368211943,96.0
2609,CRS3035RES1000mN2020000E3144000,374180360,104.0
2610,CRS3035RES1000mN2020000E3144000,375369499,88.0
2611,CRS3035RES1000mN2020000E3144000,383494544,86.0
2612,CRS3035RES1000mN2020000E3144000,384574591,49.0
2613,CRS3035RES1000mN2020000E3144000,403538322,113.0
2614,CRS3035RES1000mN2020000E3144000,403859503,78.0
2615,CRS3035RES1000mN2020000E3144000,437050442,67.0
2616,CRS3035RES1000mN2020000E3144000,459881697,88.0
2617,CRS3035RES1000mN2020000E3144000,477278425,
2618,CRS3035RES1000mN2020000E3144000,486879235,
2619,CRS3035RES1000mN2020000E3144000,493748377,55.0
2620,CRS3035RES1000mN2020000E3144000,498234201,68.0
2621,CRS3035RES1000mN2020000E3144000,504315026,106.0
2622,CRS3035RES1000mN2020000E3144000,548701490,88.0
2623,CRS3035RES1000mN2020000E3144000,574210084,93.0
2624,CRS3035RES1000mN2020000E3144000,576094143,53.0
2625,CRS3035RES1000mN2020000E3144000,584409067,111.0
2626,CRS3035RES1000mN2020000E3144000,635512756,98.0
2627,CRS3035RES1000mN2020000E3144000,638492224,
2628,CRS3035RES1000mN2020000E3144000,653913062,100.0
2629,CRS3035RES1000mN2020000E3144000,659866770,
2630,CRS3035RES1000mN2020000E3144000,697717972,39.0
2631,CRS3035RES1000mN2020000E3144000,717194862,
2632,CRS3035RES1000mN2020000E3144000,736899303,107.0
2633,CRS3035RES1000mN2020000E3144000,738042217,76.0
2634,CRS3035RES1000mN2020000E3144000,839611983,
2635,CRS3035RES1000mN2020000E3144000,957893520,72.0
2636,CRS3035RES1000mN2020000E3144000,963308110,98.0
2637,CRS3035RES1000mN2020000E3144000,1073283182,73.0
2638,CRS3035RES1000mN2020000E3144000,1252864015,98.0
2639,CRS3035RES1000mN2020000E3144000,1283203658,93.0
2640,CRS3035RES1000mN2020000E3145000,25526,60.0
2641,CRS3035RES1000mN2020000E3145000,1774,82.0
2642,CRS3035RES1000mN2020000E3145000,1770,102.0
2643,CRS3035RES1000mN2020000E3145000,1773,101.0
2644,CRS3035RES1000mN2020000E3145000,1771,77.0
2645,CRS3035RES1000mN2020000E3145000,123303,82.0
2646,CRS3035RES1000mN2020000E3145000,1764,80.0
2647,CRS3035RES1000mN2020000E3145000,181101,99.0
2648,CRS3035RES1000mN2020000E3145000,5765642,70.0
2649,CRS3035RES1000mN2020000E3145000,86719,89.0
2650,CRS3035RES1000mN2020000E3145000,1800,97.0
2651,CRS3035RES1000mN2020000E3145000,1757,66.0
2652,CRS3035RES1000mN2020000E3145000,1755,77.0
2653,CRS3035RES1000mN2020000E3145000,1882,75.0
2654,CRS3035RES1000mN2020000E3145000,1745,98.0
2655,CRS3035RES1000mN2020000E3145000,1794,93.0
2656,CRS3035RES1000mN2020000E3145000,1762,85.0
2657,CRS3035RES1000mN2020000E3145000,51188,85.0
2658,CRS3035RES1000mN2020000E3145000,6893633,88.0
2659,CRS3035RES1000mN2020000E3145000,167128,97.0
2660,CRS3035RES1000mN2020000E3145000,1760,89.0
2661,CRS3035RES1000mN2020000E3145000,12773298,86.0
2662,CRS3035RES1000mN2020000E3145000,1754,92.0
2663,CRS3035RES1000mN2020000E3145000,1748,95.0
2664,CRS3035RES1000mN2020000E3145000,79941,103.0
2665,CRS3035RES1000mN2020000E3145000,1750,94.0
2666,CRS3035RES1000mN2020000E3145000,5975465,77.0
2667,CRS3035RES1000mN2020000E3145000,115056,100.0
2668,CRS3035RES1000mN2020000E3145000,1790,93.0
2669,CRS3035RES1000mN2020000E3145000,1756,74.0
2670,CRS3035RES1000mN2020000E3145000,51849,95.0
2671,CRS3035RES1000mN2020000E3145000,185595,88.0
2672,CRS3035RES1000mN2020000E3145000,7697128,72.0
2673,CRS3035RES1000mN2020000E3145000,10395362,102.0
2674,CRS3035RES1000mN2020000E3145000,1759,88.0
2675,CRS3035RES1000mN2020000E3145000,1752,91.0
2676,CRS3035RES1000mN2020000E3145000,186714,91.0
2677,CRS3035RES1000mN2020000E3145000,1753,92.0
2678,CRS3035RES1000mN2020000E3145000,1792,91.0
2679,CRS3035RES1000mN2020000E3145000,1763,78.0
2680,CRS3035RES1000mN2020000E3145000,1746,102.0
2681,CRS3035RES1000mN2020000E3145000,11572165,89.0
2682,CRS3035RES1000mN2020000E3145000,1761,87.0
2683,CRS3035RES1000mN2020000E3145000,1747,100.0
2684,CRS3035RES1000mN2020000E3145000,5768564,63.0
2685,CRS3035RES1000mN2020000E3145000,1798,73.0
2686,CRS3035RES1000mN2020000E3145000,66904,94.0
2687,CRS3035RES1000mN2020000E3145000,1777,79.0
2688,CRS3035RES1000mN2020000E3145000,1765,88.0
2689,CRS3035RES1000mN2020000E3145000,49416,93.0
2690,CRS3035RES1000mN2020000E3145000,12734939,93.0
2691,CRS3035RES1000mN2020000E3145000,167386167,81.0
2692,CRS3035RES1000mN2020000E3145000,295933804,84.0
2693,CRS3035RES1000mN2020000E3145000,303340017,101.0
2694,CRS3035RES1000mN2020000E3145000,315355551,84.0
2695,CRS3035RES1000mN2020000E3145000,339084977,79.0
2696,CRS3035RES1000mN2020000E3145000,412911553,82.0
2697,CRS3035RES1000mN2020000E3145000,558126037,78.0
2698,CRS3035RES1000mN2020000E3145000,711789768,70.0
2699,CRS3035RES1000mN2020000E3145000,727666062,
2700,CRS3035RES1000mN2020000E3145000,848085869,62.0
2701,CRS3035RES1000mN2020000E3145000,1056098898,93.0
2702,CRS3035RES1000mN2020000E3145000,1255438242,
2703,CRS3035RES1000mN2020000E3145000,1469985039,106.0
2704,CRS3035RES1000mN2020000E3145000,1504302537,
2705,CRS3035RES1000mN2020000E3145000,1511617504,49.0
2706,CRS3035RES1000mN2020000E3145000,1541601287,105.0
2707,CRS3035RES1000mN2020000E3145000,1544591296,96.0
2708,CRS3035RES1000mN2020000E3145000,1598174183,102.0
2709,CRS3035RES1000mN2020000E3145000,1629887846,106.0
2710,CRS3035RES1000mN2020000E3145000,1686660176,104.0
2711,CRS3035RES1000mN2020000E3145000,1716927336,100.0
2712,CRS3035RES1000mN2020000E3145000,1734554324,
2713,CRS3035RES1000mN2020000E3145000,1849109335,103.0
2714,CRS3035RES1000mN2020000E3145000,2028408680,56.0
2715,CRS3035RES1000mN2020000E3145000,2036887702,
2716,CRS3035RES1000mN2020000E3145000,2061404218,104.0
2717,CRS3035RES1000mN2020000E3145000,2134238030,116.0
2718,CRS3035RES1000mN2020000E3145000,2261600754,
2719,CRS3035RES1000mN2020000E3145000,2301402027,114.0
2720,CRS3035RES1000mN2020000E3145000,2303966810,76.0
2721,CRS3035RES1000mN2020000E3145000,2312029862,105.0
2722,CRS3035RES1000mN2020000E3145000,2408860250,118.0
2723,CRS3035RES1000mN2020000E3145000,2620185829,86.0
2724,CRS3035RES1000mN2020000E3145000,2622508931,82.0
2725,CRS3035RES1000mN2020000E3145000,2672130951,103.0
2726,CRS3035RES1000mN2020000E3145000,2710518818,113.0
2727,CRS3035RES1000mN2020000E3145000,3034026261,77.0
2728,CRS3035RES1000mN2020000E3145000,3179889751,
2729,CRS3035RES1000mN2020000E3145000,3206611978,
2730,CRS3035RES1000mN2020000E3145000,3272828439,62.0
2731,CRS3035RES1000mN2020000E3145000,3452364276,107.0
2732,CRS3035RES1000mN2020000E3145000,3452364277,90.0
2733,CRS3035RES1000mN2020000E3145000,3495733197,
2734,CRS3035RES1000mN2020000E3145000,3497154853,
2735,CRS3035RES1000mN2020000E3145000,3517755445,
2736,CRS3035RES1000mN2020000E3145000,3522125657,
2737,CRS3035RES1000mN2020000E3145000,3526751794,
2738,CRS3035RES1000mN2020000E3145000,3839306060,109.0
2739,CRS3035RES1000mN2020000E3145000,4214697664,67.0
2740,CRS3035RES1000mN2020000E3145000,4338252586,
2741,CRS3035RES1000mN2020000E3145000,4401271633,
2742,CRS3035RES1000mN2020000E3145000,4515476768,81.0
2743,CRS3035RES1000mN2020000E3145000,4569910891,77.0
2744,CRS3035RES1000mN2020000E3145000,4703730491,86.0
2745,CRS3035RES1000mN2020000E3145000,4707870392,81.0
2746,CRS3035RES1000mN2020000E3145000,4789037769,116.0
2747,CRS3035RES1000mN2020000E3145000,4794233143,
2748,CRS3035RES1000mN2020000E3145000,4870405674,64.0
2749,CRS3035RES1000mN2020000E3145000,5139379922,99.0
2750,CRS3035RES1000mN2020000E3145000,5160337425,81.0
2751,CRS3035RES1000mN2020000E3145000,5196199575,87.0
2752,CRS3035RES1000mN2020000E3145000,5341570554,91.0
2753,CRS3035RES1000mN2020000E3145000,5345949864,110.0
2754,CRS3035RES1000mN2020000E3145000,5448507385,
2755,CRS3035RES1000mN2020000E3145000,5604693894,
2756,CRS3035RES1000mN2020000E3145000,5670401989,
2757,CRS3035RES1000mN2020000E3145000,5942671299,117.0
2758,CRS3035RES1000mN2020000E3145000,5943980960,67.0
2759,CRS3035RES1000mN2020000E3145000,6185791451,
2760,CRS3035RES1000mN2020000E3145000,6188948286,111.0
2761,CRS3035RES1000mN2020000E3145000,6555800191,37.0
2762,CRS3035RES1000mN2020000E3145000,6885254479,100.0
2763,CRS3035RES1000mN2020000E3145000,7222611268,
2764,CRS3035RES1000mN2020000E3145000,7408961006,
2765,CRS3035RES1000mN2020000E3145000,7619964683,
2766,CRS3035RES1000mN2020000E3145000,7836562695,117.0
2767,CRS3035RES1000mN2020000E3145000,8493729364,77.0
2768,CRS3035RES1000mN2020000E3145000,8557885377,
2769,CRS3035RES1000mN2020000E3145000,8807212208,83.0
2770,CRS3035RES1000mN2020000E3145000,8844229173,87.0
2771,CRS3035RES1000mN2020000E3145000,8878422600,100.0
2772,CRS3035RES1000mN2020000E3145000,9595709188,91.0
2773,CRS3035RES1000mN2020000E3145000,9611387099,72.0
2774,CRS3035RES1000mN2020000E3145000,9712656915,76.0
2775,CRS3035RES1000mN2020000E3145000,9713142744,82.0
2776,CRS3035RES1000mN2020000E3145000,9815746657,
2777,CRS3035RES1000mN2020000E3145000,10004871512,105.0
2778,CRS3035RES1000mN2020000E3145000,10281174134,
2779,CRS3035RES1000mN2020000E3145000,10580337411,113.0
2780,CRS3035RES1000mN2020000E3145000,10899442604,57.0
2781,CRS3035RES1000mN2020000E3145000,10922657146,47.0
2782,CRS3035RES1000mN2020000E3145000,11127499928,103.0
2783,CRS3035RES1000mN2020000E3145000,11143725881,97.0
2784,CRS3035RES1000mN2020000E3145000,11243087140,107.0
2785,CRS3035RES1000mN2020000E3145000,11269399969,91.0
2786,CRS3035RES1000mN2020000E3145000,11287269362,109.0
2787,CRS3035RES1000mN2020000E3145000,11287269363,
2788,CRS3035RES1000mN2020000E3145000,11369705764,119.0
2789,CRS3035RES1000mN2020000E3145000,11387776374,105.0
2790,CRS3035RES1000mN2020000E3145000,11461799040,
2791,CRS3035RES1000mN2020000E3145000,11462802981,88.0
2792,CRS3035RES1000mN2020000E3145000,11652077658,101.0
2793,CRS3035RES1000mN2020000E3145000,11691390164,82.0
2794,CRS3035RES1000mN2020000E3145000,11739757462,78.0
2795,CRS3035RES1000mN2020000E3145000,12178446726,74.0
2796,CRS3035RES1000mN2020000E3145000,12407425114,94.0
2797,CRS3035RES1000mN2020000E3145000,12865480228,110.0
2798,CRS3035RES1000mN2020000E3145000,2960630,47.0
2799,CRS3035RES1000mN2020000E3145000,3554044,22.0
2800,CRS3035RES1000mN2020000E3145000,3557906,72.0
2801,CRS3035RES1000mN2020000E3145000,5231361,86.0
2802,CRS3035RES1000mN2020000E3145000,9314566,
2803,CRS3035RES1000mN2020000E3145000,13696257,111.0
2804,CRS3035RES1000mN2020000E3145000,15996131,83.0
2805,CRS3035RES1000mN2020000E3145000,23526191,95.0
2806,CRS3035RES1000mN2020000E3145000,23545719,99.0
2807,CRS3035RES1000mN2020000E3145000,30599279,66.0
2808,CRS3035RES1000mN2020000E3145000,30649229,82.0
2809,CRS3035RES1000mN2020000E3145000,32198651,
2810,CRS3035RES1000mN2020000E3145000,34945111,65.0
2811,CRS3035RES1000mN2020000E3145000,50170625,
2812,CRS3035RES1000mN2020000E3145000,82887228,107.0
2813,CRS3035RES1000mN2020000E3145000,92484952,101.0
2814,CRS3035RES1000mN2020000E3145000,95794713,103.0
2815,CRS3035RES1000mN2020000E3145000,96418670,61.0
2816,CRS3035RES1000mN2020000E3145000,98502686,91.0
2817,CRS3035RES1000mN2020000E3145000,132613257,104.0
2818,CRS3035RES1000mN2020000E3145000,135036040,106.0
2819,CRS3035RES1000mN2020000E3145000,150772489,87.0
2820,CRS3035RES1000mN2020000E3145000,154118456,94.0
2821,CRS3035RES1000mN2020000E3145000,157375776,100.0
2822,CRS3035RES1000mN2020000E3145000,158211204,35.0
2823,CRS3035RES1000mN2020000E3145000,162072415,70.0
2824,CRS3035RES1000mN2020000E3145000,162117720,105.0
2825,CRS3035RES1000mN2020000E3145000,170487273,
2826,CRS3035RES1000mN2020000E3145000,172686062,51.0
2827,CRS3035RES1000mN2020000E3145000,174318235,55.0
2828,CRS3035RES1000mN2020000E3145000,174318237,54.0
2829,CRS3035RES1000mN2020000E3145000,205060159,
2830,CRS3035RES1000mN2020000E3145000,205757163,
2831,CRS3035RES1000mN2020000E3145000,221095520,113.0
2832,CRS3035RES1000mN2020000E3145000,224503374,87.0
2833,CRS3035RES1000mN2020000E3145000,227333462,87.0
2834,CRS3035RES1000mN2020000E3145000,229117454,96.0
2835,CRS3035RES1000mN2020000E3145000,261460389,
2836,CRS3035RES1000mN2020000E3145000,283450022,72.0
2837,CRS3035RES1000mN2020000E3145000,288994040,72.0
2838,CRS3035RES1000mN2020000E3145000,296744564,
2839,CRS3035RES1000mN2020000E3145000,297526406,101.0
2840,CRS3035RES1000mN2020000E3145000,300709861,72.0
2841,CRS3035RES1000mN2020000E3145000,301444634,104.0
2842,CRS3035RES1000mN2020000E3145000,302721609,106.0
2843,CRS3035RES1000mN2020000E3145000,308195630,
2844,CRS3035RES1000mN2020000E3145000,312777902,72.0
2845,CRS3035RES1000mN2020000E3145000,330154630,
2846,CRS3035RES1000mN2020000E3145000,340205456,87.0
2847,CRS3035RES1000mN2020000E3145000,367883612,105.0
2848,CRS3035RES1000mN2020000E3145000,368211943,106.0
2849,CRS3035RES1000mN2020000E3145000,374180360,109.0
2850,CRS3035RES1000mN2020000E3145000,375369499,88.0
2851,CRS3035RES1000mN2020000E3145000,383494544,91.0
2852,CRS3035RES1000mN2020000E3145000,384574591,72.0
2853,CRS3035RES1000mN2020000E3145000,403538322,117.0
2854,CRS3035RES1000mN2020000E3145000,403859503,83.0
2855,CRS3035RES1000mN2020000E3145000,437050442,89.0
2856,CRS3035RES1000mN2020000E3145000,459881697,88.0
2857,CRS3035RES1000mN2020000E3145000,477278425,
2858,CRS3035RES1000mN2020000E3145000,486879235,
2859,CRS3035RES1000mN2020000E3145000,493748377,77.0
2860,CRS3035RES1000mN2020000E3145000,498234201,91.0
2861,CRS3035RES1000mN2020000E3145000,504315026,111.0
2862,CRS3035RES1000mN2020000E3145000,548701490,117.0
2863,CRS3035RES1000mN2020000E3145000,574210084,118.0
2864,CRS3035RES1000mN2020000E3145000,576094143,75.0
2865,CRS3035RES1000mN2020000E3145000,584409067,
2866,CRS3035RES1000mN2020000E3145000,635512756,101.0
2867,CRS3035RES1000mN2020000E3145000,638492224,
2868,CRS3035RES1000mN2020000E3145000,653913062,103.0
2869,CRS3035RES1000mN2020000E3145000,659866770,
2870,CRS3035RES1000mN2020000E3145000,697717972,51.0
2871,CRS3035RES1000mN2020000E3145000,717194862,
2872,CRS3035RES1000mN2020000E3145000,736899303,110.0
2873,CRS3035RES1000mN2020000E3145000,738042217,106.0
2874,CRS3035RES1000mN2020000E3145000,839611983,
2875,CRS3035RES1000mN2020000E3145000,957893520,80.0
2876,CRS3035RES1000mN2020000E3145000,963308110,107.0
2877,CRS3035RES1000mN2020000E3145000,1073283182,103.0
2878,CRS3035RES1000mN2020000E3145000,1252864015,102.0
2879,CRS3035RES1000mN2020000E3145000,1283203658,94.0
2880,CRS3035RES1000mN2021000E3137000,25526,62.0
2881,CRS3035RES1000mN2021000E3137000,1774,77.0
2882,CRS3035RES1000mN2021000E3137000,1770,108.0
2883,CRS3035RES1000mN2021000E3137000,1773,98.0
2884,CRS3035RES1000mN2021000E3137000,1771,80.0
2885,CRS3035RES1000mN2021000E3137000,123303,73.0
2886,CRS3035RES1000mN2021000E3137000,1764,86.0
2887,CRS3035RES1000mN2021000E3137000,181101,98.0
2888,CRS3035RES1000mN2021000E3137000,5765642,70.0
2889,CRS3035RES1000mN2021000E3137000,86719,89.0
2890,CRS3035RES1000mN2021000E3137000,1800,96.0
2891,CRS3035RES1000mN2021000E3137000,1757,71.0
2892,CRS3035RES1000mN2021000E3137000,1755,76.0
2893,CRS3035RES1000mN2021000E3137000,1882,81.0
2894,CRS3035RES1000mN2021000E3137000,1745,104.0
2895,CRS3035RES1000mN2021000E3137000,1794,99.0
2896,CRS3035RES1000mN2021000E3137000,1762,87.0
2897,CRS3035RES1000mN2021000E3137000,51188,91.0
2898,CRS3035RES1000mN2021000E3137000,6893633,90.0
2899,CRS3035RES1000mN2021000E3137000,167128,94.0
2900,CRS3035RES1000mN2021000E3137000,1760,96.0
2901,CRS3035RES1000mN2021000E3137000,12773298,92.0
2902,CRS3035RES1000mN2021000E3137000,1754,85.0
2903,CRS3035RES1000mN2021000E3137000,1748,95.0
2904,CRS3035RES1000mN2021000E3137000,79941,108.0
2905,CRS3035RES1000mN2021000E3137000,1750,101.0
2906,CRS3035RES1000mN2021000E3137000,5975465,80.0
2907,CRS3035RES1000mN2021000E3137000,115056,106.0
2908,CRS3035RES1000mN2021000E3137000,1790,99.0
2909,CRS3035RES1000mN2021000E3137000,1756,74.0
2910,CRS3035RES1000mN2021000E3137000,51849,96.0
2911,CRS3035RES1000mN2021000E3137000,185595,92.0
2912,CRS3035RES1000mN2021000E3137000,7697128,77.0
2913,CRS3035RES1000mN2021000E3137000,10395362,108.0
2914,CRS3035RES1000mN2021000E3137000,1759,94.0
2915,CRS3035RES1000mN2021000E3137000,1752,88.0
2916,CRS3035RES1000mN2021000E3137000,186714,96.0
2917,CRS3035RES1000mN2021000E3137000,1753,91.0
2918,CRS3035RES1000mN2021000E3137000,1792,91.0
2919,CRS3035RES1000mN2021000E3137000,1763,78.0
2920,CRS3035RES1000mN2021000E3137000,1746,103.0
2921,CRS3035RES1000mN2021000E3137000,11572165,84.0
2922,CRS3035RES1000mN2021000E3137000,1761,86.0
2923,CRS3035RES1000mN2021000E3137000,1747,99.0
2924,CRS3035RES1000mN2021000E3137000,5768564,68.0
2925,CRS3035RES1000mN2021000E3137000,1798,74.0
2926,CRS3035RES1000mN2021000E3137000,66904,97.0
2927,CRS3035RES1000mN2021000E3137000,1777,85.0
2928,CRS3035RES1000mN2021000E3137000,1765,89.0
2929,CRS3035RES1000mN2021000E3137000,49416,93.0
2930,CRS3035RES1000mN2021000E3137000,12734939,93.0
2931,CRS3035RES1000mN2021000E3137000,167386167,84.0
2932,CRS3035RES1000mN2021000E3137000,295933804,97.0
2933,CRS3035RES1000mN2021000E3137000,303340017,102.0
2934,CRS3035RES1000mN2021000E3137000,315355551,100.0
2935,CRS3035RES1000mN2021000E3137000,339084977,80.0
2936,CRS3035RES1000mN2021000E3137000,412911553,86.0
2937,CRS3035RES1000mN2021000E3137000,558126037,86.0
2938,CRS3035RES1000mN2021000E3137000,711789768,50.0
2939,CRS3035RES1000mN2021000E3137000,727666062,
2940,CRS3035RES1000mN2021000E3137000,848085869,70.0
2941,CRS3035RES1000mN2021000E3137000,1056098898,97.0
2942,CRS3035RES1000mN2021000E3137000,1255438242,
2943,CRS3035RES1000mN2021000E3137000,1469985039,106.0
2944,CRS3035RES1000mN2021000E3137000,1504302537,
2945,CRS3035RES1000mN2021000E3137000,1511617504,53.0
2946,CRS3035RES1000mN2021000E3137000,1541601287,108.0
2947,CRS3035RES1000mN2021000E3137000,1544591296,101.0
2948,CRS3035RES1000mN2021000E3137000,1598174183,113.0
2949,CRS3035RES1000mN2021000E3137000,1629887846,118.0
2950,CRS3035RES1000mN2021000E3137000,1686660176,109.0
2951,CRS3035RES1000mN2021000E3137000,1716927336,100.0
2952,CRS3035RES1000mN2021000E3137000,1734554324,
2953,CRS3035RES1000mN2021000E3137000,1849109335,104.0
2954,CRS3035RES1000mN2021000E3137000,2028408680,16.0
2955,CRS3035RES1000mN2021000E3137000,2036887702,
2956,CRS3035RES1000mN2021000E3137000,2061404218,104.0
2957,CRS3035RES1000mN2021000E3137000,2134238030,
2958,CRS3035RES1000mN2021000E3137000,2261600754,
2959,CRS3035RES1000mN2021000E3137000,2301402027,
2960,CRS3035RES1000mN2021000E3137000,2303966810,51.0
2961,CRS3035RES1000mN2021000E3137000,2312029862,116.0
2962,CRS3035RES1000mN2021000E3137000,2408860250,119.0
2963,CRS3035RES1000mN2021000E3137000,2620185829,89.0
2964,CRS3035RES1000mN2021000E3137000,2622508931,86.0
2965,CRS3035RES1000mN2021000E3137000,2672130951,105.0
2966,CRS3035RES1000mN2021000E3137000,2710518818,113.0
2967,CRS3035RES1000mN2021000E3137000,3034026261,74.0
2968,CRS3035RES1000mN2021000E3137000,3179889751,
2969,CRS3035RES1000mN2021000E3137000,3206611978,72.0
2970,CRS3035RES1000mN2021000E3137000,3272828439,70.0
2971,CRS3035RES1000mN2021000E3137000,3452364276,112.0
2972,CRS3035RES1000mN2021000E3137000,3452364277,95.0
2973,CRS3035RES1000mN2021000E3137000,3495733197,
2974,CRS3035RES1000mN2021000E3137000,3497154853,
2975,CRS3035RES1000mN2021000E3137000,3517755445,
2976,CRS3035RES1000mN2021000E3137000,3522125657,
2977,CRS3035RES1000mN2021000E3137000,3526751794,
2978,CRS3035RES1000mN2021000E3137000,3839306060,115.0
2979,CRS3035RES1000mN2021000E3137000,4214697664,69.0
2980,CRS3035RES1000mN2021000E3137000,4338252586,
2981,CRS3035RES1000mN2021000E3137000,4401271633,
2982,CRS3035RES1000mN2021000E3137000,4515476768,85.0
2983,CRS3035RES1000mN2021000E3137000,4569910891,82.0
2984,CRS3035RES1000mN2021000E3137000,4703730491,92.0
2985,CRS3035RES1000mN2021000E3137000,4707870392,86.0
2986,CRS3035RES1000mN2021000E3137000,4789037769,116.0
2987,CRS3035RES1000mN2021000E3137000,4794233143,
2988,CRS3035RES1000mN2021000E3137000,4870405674,69.0
2989,CRS3035RES1000mN2021000E3137000,5139379922,104.0
2990,CRS3035RES1000mN2021000E3137000,5160337425,85.0
2991,CRS3035RES1000mN2021000E3137000,5196199575,102.0
2992,CRS3035RES1000mN2021000E3137000,5341570554,88.0
2993,CRS3035RES1000mN2021000E3137000,5345949864,110.0
2994,CRS3035RES1000mN2021000E3137000,5448507385,
2995,CRS3035RES1000mN2021000E3137000,5604693894,
2996,CRS3035RES1000mN2021000E3137000,5670401989,
2997,CRS3035RES1000mN2021000E3137000,5942671299,117.0
2998,CRS3035RES1000mN2021000E3137000,5943980960,71.0
2999,CRS3035RES1000mN2021000E3137000,6185791451,
3000,CRS3035RES1000mN2021000E3137000,6188948286,110.0
3001,CRS3035RES1000mN2021000E3137000,6555800191,45.0
3002,CRS3035RES1000mN2021000E3137000,6885254479,103.0
3003,CRS3035RES1000mN2021000E3137000,7222611268,
3004,CRS3035RES1000mN2021000E3137000,7408961006,
3005,CRS3035RES1000mN2021000E3137000,7619964683,
3006,CRS3035RES1000mN2021000E3137000,7836562695,
3007,CRS3035RES1000mN2021000E3137000,8493729364,78.0
3008,CRS3035RES1000mN2021000E3137000,8557885377,
3009,CRS3035RES1000mN2021000E3137000,8807212208,88.0
3010,CRS3035RES1000mN2021000E3137000,8844229173,93.0
3011,CRS3035RES1000mN2021000E3137000,8878422600,100.0
3012,CRS3035RES1000mN2021000E3137000,9595709188,97.0
3013,CRS3035RES1000mN2021000E3137000,9611387099,72.0
3014,CRS3035RES1000mN2021000E3137000,9712656915,80.0
3015,CRS3035RES1000mN2021000E3137000,9713142744,88.0
3016,CRS3035RES1000mN2021000E3137000,9815746657,
3017,CRS3035RES1000mN2021000E3137000,10004871512,116.0
3018,CRS3035RES1000mN2021000E3137000,10281174134,
3019,CRS3035RES1000mN2021000E3137000,10580337411,119.0
3020,CRS3035RES1000mN2021000E3137000,10899442604,62.0
3021,CRS3035RES1000mN2021000E3137000,10922657146,53.0
3022,CRS3035RES1000mN2021000E3137000,11127499928,
3023,CRS3035RES1000mN2021000E3137000,11143725881,98.0
3024,CRS3035RES1000mN2021000E3137000,11243087140,110.0
3025,CRS3035RES1000mN2021000E3137000,11269399969,95.0
3026,CRS3035RES1000mN2021000E3137000,11287269362,
3027,CRS3035RES1000mN2021000E3137000,11287269363,
3028,CRS3035RES1000mN2021000E3137000,11369705764,
3029,CRS3035RES1000mN2021000E3137000,11387776374,104.0
3030,CRS3035RES1000mN2021000E3137000,11461799040,
3031,CRS3035RES1000mN2021000E3137000,11462802981,88.0
3032,CRS3035RES1000mN2021000E3137000,11652077658,102.0
3033,CRS3035RES1000mN2021000E3137000,11691390164,85.0
3034,CRS3035RES1000mN2021000E3137000,11739757462,81.0
3035,CRS3035RES1000mN2021000E3137000,12178446726,73.0
3036,CRS3035RES1000mN2021000E3137000,12407425114,98.0
3037,CRS3035RES1000mN2021000E3137000,12865480228,116.0
3038,CRS3035RES1000mN2021000E3137000,2960630,30.0
3039,CRS3035RES1000mN2021000E3137000,3554044,51.0
3040,CRS3035RES1000mN2021000E3137000,3557906,77.0
3041,CRS3035RES1000mN2021000E3137000,5231361,90.0
3042,CRS3035RES1000mN2021000E3137000,9314566,
3043,CRS3035RES1000mN2021000E3137000,13696257,119.0
3044,CRS3035RES1000mN2021000E3137000,15996131,88.0
3045,CRS3035RES1000mN2021000E3137000,23526191,100.0
3046,CRS3035RES1000mN2021000E3137000,23545719,105.0
3047,CRS3035RES1000mN2021000E3137000,30599279,68.0
3048,CRS3035RES1000mN2021000E3137000,30649229,86.0
3049,CRS3035RES1000mN2021000E3137000,32198651,
3050,CRS3035RES1000mN2021000E3137000,34945111,70.0
3051,CRS3035RES1000mN2021000E3137000,50170625,
3052,CRS3035RES1000mN2021000E3137000,82887228,108.0
3053,CRS3035RES1000mN2021000E3137000,92484952,115.0
3054,CRS3035RES1000mN2021000E3137000,95794713,102.0
3055,CRS3035RES1000mN2021000E3137000,96418670,66.0
3056,CRS3035RES1000mN2021000E3137000,98502686,93.0
3057,CRS3035RES1000mN2021000E3137000,132613257,103.0
3058,CRS3035RES1000mN2021000E3137000,135036040,110.0
3059,CRS3035RES1000mN2021000E3137000,150772489,90.0
3060,CRS3035RES1000mN2021000E3137000,154118456,94.0
3061,CRS3035RES1000mN2021000E3137000,157375776,119.0
3062,CRS3035RES1000mN2021000E3137000,158211204,44.0
3063,CRS3035RES1000mN2021000E3137000,162072415,72.0
3064,CRS3035RES1000mN2021000E3137000,162117720,107.0
3065,CRS3035RES1000mN2021000E3137000,170487273,
3066,CRS3035RES1000mN2021000E3137000,172686062,55.0
3067,CRS3035RES1000mN2021000E3137000,174318235,70.0
3068,CRS3035RES1000mN2021000E3137000,174318237,60.0
3069,CRS3035RES1000mN2021000E3137000,205060159,
3070,CRS3035RES1000mN2021000E3137000,205757163,
3071,CRS3035RES1000mN2021000E3137000,221095520,119.0
3072,CRS3035RES1000mN2021000E3137000,224503374,92.0
3073,CRS3035RES1000mN2021000E3137000,227333462,87.0
3074,CRS3035RES1000mN2021000E3137000,229117454,97.0
3075,CRS3035RES1000mN2021000E3137000,261460389,
3076,CRS3035RES1000mN2021000E3137000,283450022,78.0
3077,CRS3035RES1000mN2021000E3137000,288994040,72.0
3078,CRS3035RES1000mN2021000E3137000,296744564,
3079,CRS3035RES1000mN2021000E3137000,297526406,119.0
3080,CRS3035RES1000mN2021000E3137000,300709861,78.0
3081,CRS3035RES1000mN2021000E3137000,301444634,
3082,CRS3035RES1000mN2021000E3137000,302721609,106.0
3083,CRS3035RES1000mN2021000E3137000,308195630,
3084,CRS3035RES1000mN2021000E3137000,312777902,72.0
3085,CRS3035RES1000mN2021000E3137000,330154630,
3086,CRS3035RES1000mN2021000E3137000,340205456,91.0
3087,CRS3035RES1000mN2021000E3137000,367883612,106.0
3088,CRS3035RES1000mN2021000E3137000,368211943,107.0
3089,CRS3035RES1000mN2021000E3137000,374180360,118.0
3090,CRS3035RES1000mN2021000E3137000,375369499,88.0
3091,CRS3035RES1000mN2021000E3137000,383494544,96.0
3092,CRS3035RES1000mN2021000E3137000,384574591,77.0
3093,CRS3035RES1000mN2021000E3137000,403538322,
3094,CRS3035RES1000mN2021000E3137000,403859503,87.0
3095,CRS3035RES1000mN2021000E3137000,437050442,92.0
3096,CRS3035RES1000mN2021000E3137000,459881697,88.0
3097,CRS3035RES1000mN2021000E3137000,477278425,
3098,CRS3035RES1000mN2021000E3137000,486879235,
3099,CRS3035RES1000mN2021000E3137000,493748377,75.0
3100,CRS3035RES1000mN2021000E3137000,498234201,96.0
3101,CRS3035RES1000mN2021000E3137000,504315026,117.0
3102,CRS3035RES1000mN2021000E3137000,548701490,
3103,CRS3035RES1000mN2021000E3137000,574210084,
3104,CRS3035RES1000mN2021000E3137000,576094143,77.0
3105,CRS3035RES1000mN2021000E3137000,584409067,
3106,CRS3035RES1000mN2021000E3137000,635512756,
3107,CRS3035RES1000mN2021000E3137000,638492224,
3108,CRS3035RES1000mN2021000E3137000,653913062,117.0
3109,CRS3035RES1000mN2021000E3137000,659866770,
3110,CRS3035RES1000mN2021000E3137000,697717972,53.0
3111,CRS3035RES1000mN2021000E3137000,717194862,
3112,CRS3035RES1000mN2021000E3137000,736899303,79.0
3113,CRS3035RES1000mN2021000E3137000,738042217,106.0
3114,CRS3035RES1000mN2021000E3137000,839611983,
3115,CRS3035RES1000mN2021000E3137000,957893520,82.0
3116,CRS3035RES1000mN2021000E3137000,963308110,107.0
3117,CRS3035RES1000mN2021000E3137000,1073283182,103.0
3118,CRS3035RES1000mN2021000E3137000,1252864015,113.0
3119,CRS3035RES1000mN2021000E3137000,1283203658,94.0
3120,CRS3035RES1000mN2021000E3138000,25526,71.0
3121,CRS3035RES1000mN2021000E3138000,1774,78.0
3122,CRS3035RES1000mN2021000E3138000,1770,115.0
3123,CRS3035RES1000mN2021000E3138000,1773,98.0
3124,CRS3035RES1000mN2021000E3138000,1771,91.0
3125,CRS3035RES1000mN2021000E3138000,123303,73.0
3126,CRS3035RES1000mN2021000E3138000,1764,96.0
3127,CRS3035RES1000mN2021000E3138000,181101,105.0
3128,CRS3035RES1000mN2021000E3138000,5765642,76.0
3129,CRS3035RES1000mN2021000E3138000,86719,91.0
3130,CRS3035RES1000mN2021000E3138000,1800,97.0
3131,CRS3035RES1000mN2021000E3138000,1757,81.0
3132,CRS3035RES1000mN2021000E3138000,1755,77.0
3133,CRS3035RES1000mN2021000E3138000,1882,90.0
3134,CRS3035RES1000mN2021000E3138000,1745,104.0
3135,CRS3035RES1000mN2021000E3138000,1794,100.0
3136,CRS3035RES1000mN2021000E3138000,1762,87.0
3137,CRS3035RES1000mN2021000E3138000,51188,100.0
3138,CRS3035RES1000mN2021000E3138000,6893633,90.0
3139,CRS3035RES1000mN2021000E3138000,167128,95.0
3140,CRS3035RES1000mN2021000E3138000,1760,100.0
3141,CRS3035RES1000mN2021000E3138000,12773298,91.0
3142,CRS3035RES1000mN2021000E3138000,1754,85.0
3143,CRS3035RES1000mN2021000E3138000,1748,99.0
3144,CRS3035RES1000mN2021000E3138000,79941,111.0
3145,CRS3035RES1000mN2021000E3138000,1750,107.0
3146,CRS3035RES1000mN2021000E3138000,5975465,89.0
3147,CRS3035RES1000mN2021000E3138000,115056,111.0
3148,CRS3035RES1000mN2021000E3138000,1790,108.0
3149,CRS3035RES1000mN2021000E3138000,1756,78.0
3150,CRS3035RES1000mN2021000E3138000,51849,96.0
3151,CRS3035RES1000mN2021000E3138000,185595,101.0
3152,CRS3035RES1000mN2021000E3138000,7697128,87.0
3153,CRS3035RES1000mN2021000E3138000,10395362,
3154,CRS3035RES1000mN2021000E3138000,1759,104.0
3155,CRS3035RES1000mN2021000E3138000,1752,88.0
3156,CRS3035RES1000mN2021000E3138000,186714,98.0
3157,CRS3035RES1000mN2021000E3138000,1753,91.0
3158,CRS3035RES1000mN2021000E3138000,1792,98.0
3159,CRS3035RES1000mN2021000E3138000,1763,84.0
3160,CRS3035RES1000mN2021000E3138000,1746,103.0
3161,CRS3035RES1000mN2021000E3138000,11572165,84.0
3162,CRS3035RES1000mN2021000E3138000,1761,86.0
3163,CRS3035RES1000mN2021000E3138000,1747,100.0
3164,CRS3035RES1000mN2021000E3138000,5768564,78.0
3165,CRS3035RES1000mN2021000E3138000,1798,79.0
3166,CRS3035RES1000mN2021000E3138000,66904,109.0
3167,CRS3035RES1000mN2021000E3138000,1777,92.0
3168,CRS3035RES1000mN2021000E3138000,1765,89.0
3169,CRS3035RES1000mN2021000E3138000,49416,100.0
3170,CRS3035RES1000mN2021000E3138000,12734939,100.0
3171,CRS3035RES1000mN2021000E3138000,167386167,91.0
3172,CRS3035RES1000mN2021000E3138000,295933804,97.0
3173,CRS3035RES1000mN2021000E3138000,303340017,102.0
3174,CRS3035RES1000mN2021000E3138000,315355551,102.0
3175,CRS3035RES1000mN2021000E3138000,339084977,80.0
3176,CRS3035RES1000mN2021000E3138000,412911553,96.0
3177,CRS3035RES1000mN2021000E3138000,558126037,93.0
3178,CRS3035RES1000mN2021000E3138000,711789768,50.0
3179,CRS3035RES1000mN2021000E3138000,727666062,
3180,CRS3035RES1000mN2021000E3138000,848085869,71.0
3181,CRS3035RES1000mN2021000E3138000,1056098898,106.0
3182,CRS3035RES1000mN2021000E3138000,1255438242,
3183,CRS3035RES1000mN2021000E3138000,1469985039,118.0
3184,CRS3035RES1000mN2021000E3138000,1504302537,
3185,CRS3035RES1000mN2021000E3138000,1511617504,55.0
3186,CRS3035RES1000mN2021000E3138000,1541601287,
3187,CRS3035RES1000mN2021000E3138000,1544591296,111.0
3188,CRS3035RES1000mN2021000E3138000,1598174183,113.0
3189,CRS3035RES1000mN2021000E3138000,1629887846,118.0
3190,CRS3035RES1000mN2021000E3138000,1686660176,110.0
3191,CRS3035RES1000mN2021000E3138000,1716927336,100.0
3192,CRS3035RES1000mN2021000E3138000,1734554324,
3193,CRS3035RES1000mN2021000E3138000,1849109335,107.0
3194,CRS3035RES1000mN2021000E3138000,2028408680,12.0
3195,CRS3035RES1000mN2021000E3138000,2036887702,
3196,CRS3035RES1000mN2021000E3138000,2061404218,117.0
3197,CRS3035RES1000mN2021000E3138000,2134238030,
3198,CRS3035RES1000mN2021000E3138000,2261600754,
3199,CRS3035RES1000mN2021000E3138000,2301402027,
3200,CRS3035RES1000mN2021000E3138000,2303966810,51.0
3201,CRS3035RES1000mN2021000E3138000,2312029862,116.0
3202,CRS3035RES1000mN2021000E3138000,2408860250,
3203,CRS3035RES1000mN2021000E3138000,2620185829,100.0
3204,CRS3035RES1000mN2021000E3138000,2622508931,96.0
3205,CRS3035RES1000mN2021000E3138000,2672130951,107.0
3206,CRS3035RES1000mN2021000E3138000,2710518818,113.0
3207,CRS3035RES1000mN2021000E3138000,3034026261,74.0
3208,CRS3035RES1000mN2021000E3138000,3179889751,
3209,CRS3035RES1000mN2021000E3138000,3206611978,72.0
3210,CRS3035RES1000mN2021000E3138000,3272828439,71.0
3211,CRS3035RES1000mN2021000E3138000,3452364276,116.0
3212,CRS3035RES1000mN2021000E3138000,3452364277,99.0
3213,CRS3035RES1000mN2021000E3138000,3495733197,
3214,CRS3035RES1000mN2021000E3138000,3497154853,
3215,CRS3035RES1000mN2021000E3138000,3517755445,
3216,CRS3035RES1000mN2021000E3138000,3522125657,
3217,CRS3035RES1000mN2021000E3138000,3526751794,
3218,CRS3035RES1000mN2021000E3138000,3839306060,115.0
3219,CRS3035RES1000mN2021000E3138000,4214697664,79.0
3220,CRS3035RES1000mN2021000E3138000,4338252586,
3221,CRS3035RES1000mN2021000E3138000,4401271633,
3222,CRS3035RES1000mN2021000E3138000,4515476768,87.0
3223,CRS3035RES1000mN2021000E3138000,4569910891,91.0
3224,CRS3035RES1000mN2021000E3138000,4703730491,99.0
3225,CRS3035RES1000mN2021000E3138000,4707870392,95.0
3226,CRS3035RES1000mN2021000E3138000,4789037769,117.0
3227,CRS3035RES1000mN2021000E3138000,4794233143,
3228,CRS3035RES1000mN2021000E3138000,4870405674,79.0
3229,CRS3035RES1000mN2021000E3138000,5139379922,109.0
3230,CRS3035RES1000mN2021000E3138000,5160337425,95.0
3231,CRS3035RES1000mN2021000E3138000,5196199575,103.0
3232,CRS3035RES1000mN2021000E3138000,5341570554,88.0
3233,CRS3035RES1000mN2021000E3138000,5345949864,110.0
3234,CRS3035RES1000mN2021000E3138000,5448507385,
3235,CRS3035RES1000mN2021000E3138000,5604693894,
3236,CRS3035RES1000mN2021000E3138000,5670401989,
3237,CRS3035RES1000mN2021000E3138000,5942671299,117.0
3238,CRS3035RES1000mN2021000E3138000,5943980960,77.0
3239,CRS3035RES1000mN2021000E3138000,6185791451,
3240,CRS3035RES1000mN2021000E3138000,6188948286,118.0
3241,CRS3035RES1000mN2021000E3138000,6555800191,47.0
3242,CRS3035RES1000mN2021000E3138000,6885254479,114.0
3243,CRS3035RES1000mN2021000E3138000,7222611268,
3244,CRS3035RES1000mN2021000E3138000,7408961006,
3245,CRS3035RES1000mN2021000E3138000,7619964683,
3246,CRS3035RES1000mN2021000E3138000,7836562695,
3247,CRS3035RES1000mN2021000E3138000,8493729364,87.0
3248,CRS3035RES1000mN2021000E3138000,8557885377,
3249,CRS3035RES1000mN2021000E3138000,8807212208,96.0
3250,CRS3035RES1000mN2021000E3138000,8844229173,101.0
3251,CRS3035RES1000mN2021000E3138000,8878422600,119.0
3252,CRS3035RES1000mN2021000E3138000,9595709188,106.0
3253,CRS3035RES1000mN2021000E3138000,9611387099,82.0
3254,CRS3035RES1000mN2021000E3138000,9712656915,90.0
3255,CRS3035RES1000mN2021000E3138000,9713142744,95.0
3256,CRS3035RES1000mN2021000E3138000,9815746657,
3257,CRS3035RES1000mN2021000E3138000,10004871512,116.0
3258,CRS3035RES1000mN2021000E3138000,10281174134,
3259,CRS3035RES1000mN2021000E3138000,10580337411,119.0
3260,CRS3035RES1000mN2021000E3138000,10899442604,63.0
3261,CRS3035RES1000mN2021000E3138000,10922657146,54.0
3262,CRS3035RES1000mN2021000E3138000,11127499928,
3263,CRS3035RES1000mN2021000E3138000,11143725881,113.0
3264,CRS3035RES1000mN2021000E3138000,11243087140,
3265,CRS3035RES1000mN2021000E3138000,11269399969,102.0
3266,CRS3035RES1000mN2021000E3138000,11287269362,
3267,CRS3035RES1000mN2021000E3138000,11287269363,
3268,CRS3035RES1000mN2021000E3138000,11369705764,
3269,CRS3035RES1000mN2021000E3138000,11387776374,107.0
3270,CRS3035RES1000mN2021000E3138000,11461799040,
3271,CRS3035RES1000mN2021000E3138000,11462802981,96.0
3272,CRS3035RES1000mN2021000E3138000,11652077658,112.0
3273,CRS3035RES1000mN2021000E3138000,11691390164,96.0
3274,CRS3035RES1000mN2021000E3138000,11739757462,83.0
3275,CRS3035RES1000mN2021000E3138000,12178446726,83.0
3276,CRS3035RES1000mN2021000E3138000,12407425114,112.0
3277,CRS3035RES1000mN2021000E3138000,12865480228,116.0
3278,CRS3035RES1000mN2021000E3138000,2960630,37.0
3279,CRS3035RES1000mN2021000E3138000,3554044,52.0
3280,CRS3035RES1000mN2021000E3138000,3557906,79.0
3281,CRS3035RES1000mN2021000E3138000,5231361,97.0
3282,CRS3035RES1000mN2021000E3138000,9314566,
3283,CRS3035RES1000mN2021000E3138000,13696257,119.0
3284,CRS3035RES1000mN2021000E3138000,15996131,97.0
3285,CRS3035RES1000mN2021000E3138000,23526191,102.0
3286,CRS3035RES1000mN2021000E3138000,23545719,112.0
3287,CRS3035RES1000mN2021000E3138000,30599279,73.0
3288,CRS3035RES1000mN2021000E3138000,30649229,93.0
3289,CRS3035RES1000mN2021000E3138000,32198651,
3290,CRS3035RES1000mN2021000E3138000,34945111,71.0
3291,CRS3035RES1000mN2021000E3138000,50170625,
3292,CRS3035RES1000mN2021000E3138000,82887228,119.0
3293,CRS3035RES1000mN2021000E3138000,92484952,
3294,CRS3035RES1000mN2021000E3138000,95794713,103.0
3295,CRS3035RES1000mN2021000E3138000,96418670,67.0
3296,CRS3035RES1000mN2021000E3138000,98502686,104.0
3297,CRS3035RES1000mN2021000E3138000,132613257,104.0
3298,CRS3035RES1000mN2021000E3138000,135036040,
3299,CRS3035RES1000mN2021000E3138000,150772489,100.0
3300,CRS3035RES1000mN2021000E3138000,154118456,104.0
3301,CRS3035RES1000mN2021000E3138000,157375776,
3302,CRS3035RES1000mN2021000E3138000,158211204,45.0
3303,CRS3035RES1000mN2021000E3138000,162072415,77.0
3304,CRS3035RES1000mN2021000E3138000,162117720,118.0
3305,CRS3035RES1000mN2021000E3138000,170487273,
3306,CRS3035RES1000mN2021000E3138000,172686062,65.0
3307,CRS3035RES1000mN2021000E3138000,174318235,70.0
3308,CRS3035RES1000mN2021000E3138000,174318237,61.0
3309,CRS3035RES1000mN2021000E3138000,205060159,
3310,CRS3035RES1000mN2021000E3138000,205757163,
3311,CRS3035RES1000mN2021000E3138000,221095520,119.0
3312,CRS3035RES1000mN2021000E3138000,224503374,97.0
3313,CRS3035RES1000mN2021000E3138000,227333462,117.0
3314,CRS3035RES1000mN2021000E3138000,229117454,112.0
3315,CRS3035RES1000mN2021000E3138000,261460389,
3316,CRS3035RES1000mN2021000E3138000,283450022,87.0
3317,CRS3035RES1000mN2021000E3138000,288994040,81.0
3318,CRS3035RES1000mN2021000E3138000,296744564,
3319,CRS3035RES1000mN2021000E3138000,297526406,
3320,CRS3035RES1000mN2021000E3138000,300709861,80.0
3321,CRS3035RES1000mN2021000E3138000,301444634,
3322,CRS3035RES1000mN2021000E3138000,302721609,106.0
3323,CRS3035RES1000mN2021000E3138000,308195630,
3324,CRS3035RES1000mN2021000E3138000,312777902,82.0
3325,CRS3035RES1000mN2021000E3138000,330154630,
3326,CRS3035RES1000mN2021000E3138000,340205456,101.0
3327,CRS3035RES1000mN2021000E3138000,367883612,117.0
3328,CRS3035RES1000mN2021000E3138000,368211943,118.0
3329,CRS3035RES1000mN2021000E3138000,374180360,118.0
3330,CRS3035RES1000mN2021000E3138000,375369499,98.0
3331,CRS3035RES1000mN2021000E3138000,383494544,106.0
3332,CRS3035RES1000mN2021000E3138000,384574591,78.0
3333,CRS3035RES1000mN2021000E3138000,403538322,
3334,CRS3035RES1000mN2021000E3138000,403859503,98.0
3335,CRS3035RES1000mN2021000E3138000,437050442,94.0
3336,CRS3035RES1000mN2021000E3138000,459881697,115.0
3337,CRS3035RES1000mN2021000E3138000,477278425,
3338,CRS3035RES1000mN2021000E3138000,486879235,
3339,CRS3035RES1000mN2021000E3138000,493748377,75.0
3340,CRS3035RES1000mN2021000E3138000,498234201,96.0
3341,CRS3035RES1000mN2021000E3138000,504315026,117.0
3342,CRS3035RES1000mN2021000E3138000,548701490,
3343,CRS3035RES1000mN2021000E3138000,574210084,
3344,CRS3035RES1000mN2021000E3138000,576094143,78.0
3345,CRS3035RES1000mN2021000E3138000,584409067,
3346,CRS3035RES1000mN2021000E3138000,635512756,
3347,CRS3035RES1000mN2021000E3138000,638492224,
3348,CRS3035RES1000mN2021000E3138000,653913062,
3349,CRS3035RES1000mN2021000E3138000,659866770,
3350,CRS3035RES1000mN2021000E3138000,697717972,59.0
3351,CRS3035RES1000mN2021000E3138000,717194862,
3352,CRS3035RES1000mN2021000E3138000,736899303,76.0
3353,CRS3035RES1000mN2021000E3138000,738042217,107.0
3354,CRS3035RES1000mN2021000E3138000,839611983,
3355,CRS3035RES1000mN2021000E3138000,957893520,89.0
3356,CRS3035RES1000mN2021000E3138000,963308110,119.0
3357,CRS3035RES1000mN2021000E3138000,1073283182,103.0
3358,CRS3035RES1000mN2021000E3138000,1252864015,113.0
3359,CRS3035RES1000mN2021000E3138000,1283203658,96.0
3360,CRS3035RES1000mN2021000E3139000,25526,71.0
3361,CRS3035RES1000mN2021000E3139000,1774,78.0
3362,CRS3035RES1000mN2021000E3139000,1770,114.0
3363,CRS3035RES1000mN2021000E3139000,1773,98.0
3364,CRS3035RES1000mN2021000E3139000,1771,89.0
3365,CRS3035RES1000mN2021000E3139000,123303,74.0
3366,CRS3035RES1000mN2021000E3139000,1764,95.0
3367,CRS3035RES1000mN2021000E3139000,181101,105.0
3368,CRS3035RES1000mN2021000E3139000,5765642,75.0
3369,CRS3035RES1000mN2021000E3139000,86719,91.0
3370,CRS3035RES1000mN2021000E3139000,1800,98.0
3371,CRS3035RES1000mN2021000E3139000,1757,80.0
3372,CRS3035RES1000mN2021000E3139000,1755,78.0
3373,CRS3035RES1000mN2021000E3139000,1882,90.0
3374,CRS3035RES1000mN2021000E3139000,1745,104.0
3375,CRS3035RES1000mN2021000E3139000,1794,101.0
3376,CRS3035RES1000mN2021000E3139000,1762,87.0
3377,CRS3035RES1000mN2021000E3139000,51188,100.0
3378,CRS3035RES1000mN2021000E3139000,6893633,89.0
3379,CRS3035RES1000mN2021000E3139000,167128,95.0
3380,CRS3035RES1000mN2021000E3139000,1760,99.0
3381,CRS3035RES1000mN2021000E3139000,12773298,91.0
3382,CRS3035RES1000mN2021000E3139000,1754,85.0
3383,CRS3035RES1000mN2021000E3139000,1748,100.0
3384,CRS3035RES1000mN2021000E3139000,79941,111.0
3385,CRS3035RES1000mN2021000E3139000,1750,106.0
3386,CRS3035RES1000mN2021000E3139000,5975465,88.0
3387,CRS3035RES1000mN2021000E3139000,115056,111.0
3388,CRS3035RES1000mN2021000E3139000,1790,108.0
3389,CRS3035RES1000mN2021000E3139000,1756,77.0
3390,CRS3035RES1000mN2021000E3139000,51849,96.0
3391,CRS3035RES1000mN2021000E3139000,185595,100.0
3392,CRS3035RES1000mN2021000E3139000,7697128,87.0
3393,CRS3035RES1000mN2021000E3139000,10395362,
3394,CRS3035RES1000mN2021000E3139000,1759,103.0
3395,CRS3035RES1000mN2021000E3139000,1752,88.0
3396,CRS3035RES1000mN2021000E3139000,186714,98.0
3397,CRS3035RES1000mN2021000E3139000,1753,92.0
3398,CRS3035RES1000mN2021000E3139000,1792,99.0
3399,CRS3035RES1000mN2021000E3139000,1763,83.0
3400,CRS3035RES1000mN2021000E3139000,1746,104.0
3401,CRS3035RES1000mN2021000E3139000,11572165,84.0
3402,CRS3035RES1000mN2021000E3139000,1761,87.0
3403,CRS3035RES1000mN2021000E3139000,1747,99.0
3404,CRS3035RES1000mN2021000E3139000,5768564,78.0
3405,CRS3035RES1000mN2021000E3139000,1798,79.0
3406,CRS3035RES1000mN2021000E3139000,66904,109.0
3407,CRS3035RES1000mN2021000E3139000,1777,92.0
3408,CRS3035RES1000mN2021000E3139000,1765,90.0
3409,CRS3035RES1000mN2021000E3139000,49416,100.0
3410,CRS3035RES1000mN2021000E3139000,12734939,100.0
3411,CRS3035RES1000mN2021000E3139000,167386167,90.0
3412,CRS3035RES1000mN2021000E3139000,295933804,97.0
3413,CRS3035RES1000mN2021000E3139000,303340017,102.0
3414,CRS3035RES1000mN2021000E3139000,315355551,103.0
3415,CRS3035RES1000mN2021000E3139000,339084977,80.0
3416,CRS3035RES1000mN2021000E3139000,412911553,94.0
3417,CRS3035RES1000mN2021000E3139000,558126037,94.0
3418,CRS3035RES1000mN2021000E3139000,711789768,50.0
3419,CRS3035RES1000mN2021000E3139000,727666062,
3420,CRS3035RES1000mN2021000E3139000,848085869,71.0
3421,CRS3035RES1000mN2021000E3139000,1056098898,105.0
3422,CRS3035RES1000mN2021000E3139000,1255438242,
3423,CRS3035RES1000mN2021000E3139000,1469985039,117.0
3424,CRS3035RES1000mN2021000E3139000,1504302537,
3425,CRS3035RES1000mN2021000E3139000,1511617504,55.0
3426,CRS3035RES1000mN2021000E3139000,1541601287,
3427,CRS3035RES1000mN2021000E3139000,1544591296,110.0
3428,CRS3035RES1000mN2021000E3139000,1598174183,113.0
3429,CRS3035RES1000mN2021000E3139000,1629887846,118.0
3430,CRS3035RES1000mN2021000E3139000,1686660176,111.0
3431,CRS3035RES1000mN2021000E3139000,1716927336,101.0
3432,CRS3035RES1000mN2021000E3139000,1734554324,
3433,CRS3035RES1000mN2021000E3139000,1849109335,107.0
3434,CRS3035RES1000mN2021000E3139000,2028408680,22.0
3435,CRS3035RES1000mN2021000E3139000,2036887702,
3436,CRS3035RES1000mN2021000E3139000,2061404218,118.0
3437,CRS3035RES1000mN2021000E3139000,2134238030,
3438,CRS3035RES1000mN2021000E3139000,2261600754,
3439,CRS3035RES1000mN2021000E3139000,2301402027,
3440,CRS3035RES1000mN2021000E3139000,2303966810,51.0
3441,CRS3035RES1000mN2021000E3139000,2312029862,116.0
3442,CRS3035RES1000mN2021000E3139000,2408860250,
3443,CRS3035RES1000mN2021000E3139000,2620185829,98.0
3444,CRS3035RES1000mN2021000E3139000,2622508931,94.0
3445,CRS3035RES1000mN2021000E3139000,2672130951,108.0
3446,CRS3035RES1000mN2021000E3139000,2710518818,113.0
3447,CRS3035RES1000mN2021000E3139000,3034026261,74.0
3448,CRS3035RES1000mN2021000E3139000,3179889751,
3449,CRS3035RES1000mN2021000E3139000,3206611978,72.0
3450,CRS3035RES1000mN2021000E3139000,3272828439,71.0
3451,CRS3035RES1000mN2021000E3139000,3452364276,115.0
3452,CRS3035RES1000mN2021000E3139000,3452364277,98.0
3453,CRS3035RES1000mN2021000E3139000,3495733197,
3454,CRS3035RES1000mN2021000E3139000,3497154853,
3455,CRS3035RES1000mN2021000E3139000,3517755445,
3456,CRS3035RES1000mN2021000E3139000,3522125657,
3457,CRS3035RES1000mN2021000E3139000,3526751794,
3458,CRS3035RES1000mN2021000E3139000,3839306060,115.0
3459,CRS3035RES1000mN2021000E3139000,4214697664,78.0
3460,CRS3035RES1000mN2021000E3139000,4338252586,
3461,CRS3035RES1000mN2021000E3139000,4401271633,
3462,CRS3035RES1000mN2021000E3139000,4515476768,88.0
3463,CRS3035RES1000mN2021000E3139000,4569910891,90.0
3464,CRS3035RES1000mN2021000E3139000,4703730491,99.0
3465,CRS3035RES1000mN2021000E3139000,4707870392,94.0
3466,CRS3035RES1000mN2021000E3139000,4789037769,117.0
3467,CRS3035RES1000mN2021000E3139000,4794233143,
3468,CRS3035RES1000mN2021000E3139000,4870405674,78.0
3469,CRS3035RES1000mN2021000E3139000,5139379922,110.0
3470,CRS3035RES1000mN2021000E3139000,5160337425,93.0
3471,CRS3035RES1000mN2021000E3139000,5196199575,103.0
3472,CRS3035RES1000mN2021000E3139000,5341570554,89.0
3473,CRS3035RES1000mN2021000E3139000,5345949864,110.0
3474,CRS3035RES1000mN2021000E3139000,5448507385,
3475,CRS3035RES1000mN2021000E3139000,5604693894,
3476,CRS3035RES1000mN2021000E3139000,5670401989,
3477,CRS3035RES1000mN2021000E3139000,5942671299,117.0
3478,CRS3035RES1000mN2021000E3139000,5943980960,77.0
3479,CRS3035RES1000mN2021000E3139000,6185791451,
3480,CRS3035RES1000mN2021000E3139000,6188948286,117.0
3481,CRS3035RES1000mN2021000E3139000,6555800191,47.0
3482,CRS3035RES1000mN2021000E3139000,6885254479,115.0
3483,CRS3035RES1000mN2021000E3139000,7222611268,
3484,CRS3035RES1000mN2021000E3139000,7408961006,
3485,CRS3035RES1000mN2021000E3139000,7619964683,
3486,CRS3035RES1000mN2021000E3139000,7836562695,
3487,CRS3035RES1000mN2021000E3139000,8493729364,86.0
3488,CRS3035RES1000mN2021000E3139000,8557885377,
3489,CRS3035RES1000mN2021000E3139000,8807212208,97.0
3490,CRS3035RES1000mN2021000E3139000,8844229173,100.0
3491,CRS3035RES1000mN2021000E3139000,8878422600,118.0
3492,CRS3035RES1000mN2021000E3139000,9595709188,104.0
3493,CRS3035RES1000mN2021000E3139000,9611387099,81.0
3494,CRS3035RES1000mN2021000E3139000,9712656915,88.0
3495,CRS3035RES1000mN2021000E3139000,9713142744,95.0
3496,CRS3035RES1000mN2021000E3139000,9815746657,
3497,CRS3035RES1000mN2021000E3139000,10004871512,116.0
3498,CRS3035RES1000mN2021000E3139000,10281174134,
3499,CRS3035RES1000mN2021000E3139000,10580337411,119.0
3500,CRS3035RES1000mN2021000E3139000,10899442604,63.0
3501,CRS3035RES1000mN2021000E3139000,10922657146,54.0
3502,CRS3035RES1000mN2021000E3139000,11127499928,
3503,CRS3035RES1000mN2021000E3139000,11143725881,112.0
3504,CRS3035RES1000mN2021000E3139000,11243087140,
3505,CRS3035RES1000mN2021000E3139000,11269399969,101.0
3506,CRS3035RES1000mN2021000E3139000,11287269362,
3507,CRS3035RES1000mN2021000E3139000,11287269363,
3508,CRS3035RES1000mN2021000E3139000,11369705764,
3509,CRS3035RES1000mN2021000E3139000,11387776374,107.0
3510,CRS3035RES1000mN2021000E3139000,11461799040,
3511,CRS3035RES1000mN2021000E3139000,11462802981,95.0
3512,CRS3035RES1000mN2021000E3139000,11652077658,111.0
3513,CRS3035RES1000mN2021000E3139000,11691390164,94.0
3514,CRS3035RES1000mN2021000E3139000,11739757462,83.0
3515,CRS3035RES1000mN2021000E3139000,12178446726,81.0
3516,CRS3035RES1000mN2021000E3139000,12407425114,111.0
3517,CRS3035RES1000mN2021000E3139000,12865480228,116.0
3518,CRS3035RES1000mN2021000E3139000,2960630,38.0
3519,CRS3035RES1000mN2021000E3139000,3554044,51.0
3520,CRS3035RES1000mN2021000E3139000,3557906,79.0
3521,CRS3035RES1000mN2021000E3139000,5231361,96.0
3522,CRS3035RES1000mN2021000E3139000,9314566,
3523,CRS3035RES1000mN2021000E3139000,13696257,119.0
3524,CRS3035RES1000mN2021000E3139000,15996131,96.0
3525,CRS3035RES1000mN2021000E3139000,23526191,103.0
3526,CRS3035RES1000mN2021000E3139000,23545719,111.0
3527,CRS3035RES1000mN2021000E3139000,30599279,73.0
3528,CRS3035RES1000mN2021000E3139000,30649229,92.0
3529,CRS3035RES1000mN2021000E3139000,32198651,
3530,CRS3035RES1000mN2021000E3139000,34945111,71.0
3531,CRS3035RES1000mN2021000E3139000,50170625,
3532,CRS3035RES1000mN2021000E3139000,82887228,117.0
3533,CRS3035RES1000mN2021000E3139000,92484952,
3534,CRS3035RES1000mN2021000E3139000,95794713,104.0
3535,CRS3035RES1000mN2021000E3139000,96418670,68.0
3536,CRS3035RES1000mN2021000E3139000,98502686,103.0
3537,CRS3035RES1000mN2021000E3139000,132613257,104.0
3538,CRS3035RES1000mN2021000E3139000,135036040,119.0
3539,CRS3035RES1000mN2021000E3139000,150772489,98.0
3540,CRS3035RES1000mN2021000E3139000,154118456,103.0
3541,CRS3035RES1000mN2021000E3139000,157375776,
3542,CRS3035RES1000mN2021000E3139000,158211204,45.0
3543,CRS3035RES1000mN2021000E3139000,162072415,77.0
3544,CRS3035RES1000mN2021000E3139000,162117720,117.0
3545,CRS3035RES1000mN2021000E3139000,170487273,
3546,CRS3035RES1000mN2021000E3139000,172686062,64.0
3547,CRS3035RES1000mN2021000E3139000,174318235,70.0
3548,CRS3035RES1000mN2021000E3139000,174318237,62.0
3549,CRS3035RES1000mN2021000E3139000,205060159,
3550,CRS3035RES1000mN2021000E3139000,205757163,
3551,CRS3035RES1000mN2021000E3139000,221095520,119.0
3552,CRS3035RES1000mN2021000E3139000,224503374,97.0
3553,CRS3035RES1000mN2021000E3139000,227333462,116.0
3554,CRS3035RES1000mN2021000E3139000,229117454,111.0
3555,CRS3035RES1000mN2021000E3139000,261460389,
3556,CRS3035RES1000mN2021000E3139000,283450022,87.0
3557,CRS3035RES1000mN2021000E3139000,288994040,80.0
3558,CRS3035RES1000mN2021000E3139000,296744564,
3559,CRS3035RES1000mN2021000E3139000,297526406,
3560,CRS3035RES1000mN2021000E3139000,300709861,81.0
3561,CRS3035RES1000mN2021000E3139000,301444634,
3562,CRS3035RES1000mN2021000E3139000,302721609,107.0
3563,CRS3035RES1000mN2021000E3139000,308195630,
3564,CRS3035RES1000mN2021000E3139000,312777902,81.0
3565,CRS3035RES1000mN2021000E3139000,330154630,
3566,CRS3035RES1000mN2021000E3139000,340205456,99.0
3567,CRS3035RES1000mN2021000E3139000,367883612,115.0
3568,CRS3035RES1000mN2021000E3139000,368211943,116.0
3569,CRS3035RES1000mN2021000E3139000,374180360,118.0
3570,CRS3035RES1000mN2021000E3139000,375369499,97.0
3571,CRS3035RES1000mN2021000E3139000,383494544,106.0
3572,CRS3035RES1000mN2021000E3139000,384574591,78.0
3573,CRS3035RES1000mN2021000E3139000,403538322,
3574,CRS3035RES1000mN2021000E3139000,403859503,95.0
3575,CRS3035RES1000mN2021000E3139000,437050442,95.0
3576,CRS3035RES1000mN2021000E3139000,459881697,114.0
3577,CRS3035RES1000mN2021000E3139000,477278425,
3578,CRS3035RES1000mN2021000E3139000,486879235,
3579,CRS3035RES1000mN2021000E3139000,493748377,75.0
3580,CRS3035RES1000mN2021000E3139000,498234201,96.0
3581,CRS3035RES1000mN2021000E3139000,504315026,117.0
3582,CRS3035RES1000mN2021000E3139000,548701490,
3583,CRS3035RES1000mN2021000E3139000,574210084,
3584,CRS3035RES1000mN2021000E3139000,576094143,79.0
3585,CRS3035RES1000mN2021000E3139000,584409067,
3586,CRS3035RES1000mN2021000E3139000,635512756,
3587,CRS3035RES1000mN2021000E3139000,638492224,
3588,CRS3035RES1000mN2021000E3139000,653913062,
3589,CRS3035RES1000mN2021000E3139000,659866770,
3590,CRS3035RES1000mN2021000E3139000,697717972,59.0
3591,CRS3035RES1000mN2021000E3139000,717194862,
3592,CRS3035RES1000mN2021000E3139000,736899303,74.0
3593,CRS3035RES1000mN2021000E3139000,738042217,107.0
3594,CRS3035RES1000mN2021000E3139000,839611983,
3595,CRS3035RES1000mN2021000E3139000,957893520,88.0
3596,CRS3035RES1000mN2021000E3139000,963308110,118.0
3597,CRS3035RES1000mN2021000E3139000,1073283182,103.0
3598,CRS3035RES1000mN2021000E3139000,1252864015,113.0
3599,CRS3035RES1000mN2021000E3139000,1283203658,97.0
3600,CRS3035RES1000mN2021000E3140000,25526,79.0
3601,CRS3035RES1000mN2021000E3140000,1774,101.0
3602,CRS3035RES1000mN2021000E3140000,1770,
3603,CRS3035RES1000mN2021000E3140000,1773,
3604,CRS3035RES1000mN2021000E3140000,1771,99.0
3605,CRS3035RES1000mN2021000E3140000,123303,101.0
3606,CRS3035RES1000mN2021000E3140000,1764,103.0
3607,CRS3035RES1000mN2021000E3140000,181101,119.0
3608,CRS3035RES1000mN2021000E3140000,5765642,88.0
3609,CRS3035RES1000mN2021000E3140000,86719,100.0
3610,CRS3035RES1000mN2021000E3140000,1800,117.0
3611,CRS3035RES1000mN2021000E3140000,1757,89.0
3612,CRS3035RES1000mN2021000E3140000,1755,95.0
3613,CRS3035RES1000mN2021000E3140000,1882,98.0
3614,CRS3035RES1000mN2021000E3140000,1745,
3615,CRS3035RES1000mN2021000E3140000,1794,117.0
3616,CRS3035RES1000mN2021000E3140000,1762,108.0
3617,CRS3035RES1000mN2021000E3140000,51188,108.0
3618,CRS3035RES1000mN2021000E3140000,6893633,109.0
3619,CRS3035RES1000mN2021000E3140000,167128,117.0
3620,CRS3035RES1000mN2021000E3140000,1760,112.0
3621,CRS3035RES1000mN2021000E3140000,12773298,98.0
3622,CRS3035RES1000mN2021000E3140000,1754,112.0
3623,CRS3035RES1000mN2021000E3140000,1748,115.0
3624,CRS3035RES1000mN2021000E3140000,79941,
3625,CRS3035RES1000mN2021000E3140000,1750,117.0
3626,CRS3035RES1000mN2021000E3140000,5975465,98.0
3627,CRS3035RES1000mN2021000E3140000,115056,
3628,CRS3035RES1000mN2021000E3140000,1790,115.0
3629,CRS3035RES1000mN2021000E3140000,1756,92.0
3630,CRS3035RES1000mN2021000E3140000,51849,117.0
3631,CRS3035RES1000mN2021000E3140000,185595,110.0
3632,CRS3035RES1000mN2021000E3140000,7697128,95.0
3633,CRS3035RES1000mN2021000E3140000,10395362,
3634,CRS3035RES1000mN2021000E3140000,1759,111.0
3635,CRS3035RES1000mN2021000E3140000,1752,111.0
3636,CRS3035RES1000mN2021000E3140000,186714,114.0
3637,CRS3035RES1000mN2021000E3140000,1753,111.0
3638,CRS3035RES1000mN2021000E3140000,1792,111.0
3639,CRS3035RES1000mN2021000E3140000,1763,96.0
3640,CRS3035RES1000mN2021000E3140000,1746,
3641,CRS3035RES1000mN2021000E3140000,11572165,105.0
3642,CRS3035RES1000mN2021000E3140000,1761,106.0
3643,CRS3035RES1000mN2021000E3140000,1747,
3644,CRS3035RES1000mN2021000E3140000,5768564,86.0
3645,CRS3035RES1000mN2021000E3140000,1798,92.0
3646,CRS3035RES1000mN2021000E3140000,66904,116.0
3647,CRS3035RES1000mN2021000E3140000,1777,102.0
3648,CRS3035RES1000mN2021000E3140000,1765,111.0
3649,CRS3035RES1000mN2021000E3140000,49416,113.0
3650,CRS3035RES1000mN2021000E3140000,12734939,113.0
3651,CRS3035RES1000mN2021000E3140000,167386167,102.0
3652,CRS3035RES1000mN2021000E3140000,295933804,107.0
3653,CRS3035RES1000mN2021000E3140000,303340017,102.0
3654,CRS3035RES1000mN2021000E3140000,315355551,109.0
3655,CRS3035RES1000mN2021000E3140000,339084977,100.0
3656,CRS3035RES1000mN2021000E3140000,412911553,104.0
3657,CRS3035RES1000mN2021000E3140000,558126037,103.0
3658,CRS3035RES1000mN2021000E3140000,711789768,70.0
3659,CRS3035RES1000mN2021000E3140000,727666062,
3660,CRS3035RES1000mN2021000E3140000,848085869,76.0
3661,CRS3035RES1000mN2021000E3140000,1056098898,115.0
3662,CRS3035RES1000mN2021000E3140000,1255438242,
3663,CRS3035RES1000mN2021000E3140000,1469985039,
3664,CRS3035RES1000mN2021000E3140000,1504302537,
3665,CRS3035RES1000mN2021000E3140000,1511617504,60.0
3666,CRS3035RES1000mN2021000E3140000,1541601287,
3667,CRS3035RES1000mN2021000E3140000,1544591296,118.0
3668,CRS3035RES1000mN2021000E3140000,1598174183,
3669,CRS3035RES1000mN2021000E3140000,1629887846,
3670,CRS3035RES1000mN2021000E3140000,1686660176,
3671,CRS3035RES1000mN2021000E3140000,1716927336,104.0
3672,CRS3035RES1000mN2021000E3140000,1734554324,
3673,CRS3035RES1000mN2021000E3140000,1849109335,107.0
3674,CRS3035RES1000mN2021000E3140000,2028408680,52.0
3675,CRS3035RES1000mN2021000E3140000,2036887702,
3676,CRS3035RES1000mN2021000E3140000,2061404218,
3677,CRS3035RES1000mN2021000E3140000,2134238030,
3678,CRS3035RES1000mN2021000E3140000,2261600754,
3679,CRS3035RES1000mN2021000E3140000,2301402027,
3680,CRS3035RES1000mN2021000E3140000,2303966810,74.0
3681,CRS3035RES1000mN2021000E3140000,2312029862,
3682,CRS3035RES1000mN2021000E3140000,2408860250,
3683,CRS3035RES1000mN2021000E3140000,2620185829,108.0
3684,CRS3035RES1000mN2021000E3140000,2622508931,104.0
3685,CRS3035RES1000mN2021000E3140000,2672130951,
3686,CRS3035RES1000mN2021000E3140000,2710518818,
3687,CRS3035RES1000mN2021000E3140000,3034026261,74.0
3688,CRS3035RES1000mN2021000E3140000,3179889751,
3689,CRS3035RES1000mN2021000E3140000,3206611978,
3690,CRS3035RES1000mN2021000E3140000,3272828439,78.0
3691,CRS3035RES1000mN2021000E3140000,3452364276,
3692,CRS3035RES1000mN2021000E3140000,3452364277,113.0
3693,CRS3035RES1000mN2021000E3140000,3495733197,
3694,CRS3035RES1000mN2021000E3140000,3497154853,
3695,CRS3035RES1000mN2021000E3140000,3517755445,
3696,CRS3035RES1000mN2021000E3140000,3522125657,
3697,CRS3035RES1000mN2021000E3140000,3526751794,
3698,CRS3035RES1000mN2021000E3140000,3839306060,
3699,CRS3035RES1000mN2021000E3140000,4214697664,87.0
3700,CRS3035RES1000mN2021000E3140000,4338252586,
3701,CRS3035RES1000mN2021000E3140000,4401271633,
3702,CRS3035RES1000mN2021000E3140000,4515476768,
3703,CRS3035RES1000mN2021000E3140000,4569910891,100.0
3704,CRS3035RES1000mN2021000E3140000,4703730491,110.0
3705,CRS3035RES1000mN2021000E3140000,4707870392,103.0
3706,CRS3035RES1000mN2021000E3140000,4789037769,
3707,CRS3035RES1000mN2021000E3140000,4794233143,
3708,CRS3035RES1000mN2021000E3140000,4870405674,87.0
3709,CRS3035RES1000mN2021000E3140000,5139379922,
3710,CRS3035RES1000mN2021000E3140000,5160337425,103.0
3711,CRS3035RES1000mN2021000E3140000,5196199575,103.0
3712,CRS3035RES1000mN2021000E3140000,5341570554,111.0
3713,CRS3035RES1000mN2021000E3140000,5345949864,
3714,CRS3035RES1000mN2021000E3140000,5448507385,
3715,CRS3035RES1000mN2021000E3140000,5604693894,
3716,CRS3035RES1000mN2021000E3140000,5670401989,
3717,CRS3035RES1000mN2021000E3140000,5942671299,
3718,CRS3035RES1000mN2021000E3140000,5943980960,93.0
3719,CRS3035RES1000mN2021000E3140000,6185791451,
3720,CRS3035RES1000mN2021000E3140000,6188948286,
3721,CRS3035RES1000mN2021000E3140000,6555800191,50.0
3722,CRS3035RES1000mN2021000E3140000,6885254479,
3723,CRS3035RES1000mN2021000E3140000,7222611268,
3724,CRS3035RES1000mN2021000E3140000,7408961006,
3725,CRS3035RES1000mN2021000E3140000,7619964683,
3726,CRS3035RES1000mN2021000E3140000,7836562695,
3727,CRS3035RES1000mN2021000E3140000,8493729364,96.0
3728,CRS3035RES1000mN2021000E3140000,8557885377,
3729,CRS3035RES1000mN2021000E3140000,8807212208,105.0
3730,CRS3035RES1000mN2021000E3140000,8844229173,110.0
3731,CRS3035RES1000mN2021000E3140000,8878422600,
3732,CRS3035RES1000mN2021000E3140000,9595709188,114.0
3733,CRS3035RES1000mN2021000E3140000,9611387099,90.0
3734,CRS3035RES1000mN2021000E3140000,9712656915,98.0
3735,CRS3035RES1000mN2021000E3140000,9713142744,105.0
3736,CRS3035RES1000mN2021000E3140000,9815746657,
3737,CRS3035RES1000mN2021000E3140000,10004871512,
3738,CRS3035RES1000mN2021000E3140000,10281174134,
3739,CRS3035RES1000mN2021000E3140000,10580337411,
3740,CRS3035RES1000mN2021000E3140000,10899442604,70.0
3741,CRS3035RES1000mN2021000E3140000,10922657146,60.0
3742,CRS3035RES1000mN2021000E3140000,11127499928,
3743,CRS3035RES1000mN2021000E3140000,11143725881,118.0
3744,CRS3035RES1000mN2021000E3140000,11243087140,
3745,CRS3035RES1000mN2021000E3140000,11269399969,113.0
3746,CRS3035RES1000mN2021000E3140000,11287269362,
3747,CRS3035RES1000mN2021000E3140000,11287269363,
3748,CRS3035RES1000mN2021000E3140000,11369705764,
3749,CRS3035RES1000mN2021000E3140000,11387776374,
3750,CRS3035RES1000mN2021000E3140000,11461799040,
3751,CRS3035RES1000mN2021000E3140000,11462802981,107.0
3752,CRS3035RES1000mN2021000E3140000,11652077658,112.0
3753,CRS3035RES1000mN2021000E3140000,11691390164,104.0
3754,CRS3035RES1000mN2021000E3140000,11739757462,87.0
3755,CRS3035RES1000mN2021000E3140000,12178446726,91.0
3756,CRS3035RES1000mN2021000E3140000,12407425114,
3757,CRS3035RES1000mN2021000E3140000,12865480228,
3758,CRS3035RES1000mN2021000E3140000,2960630,44.0
3759,CRS3035RES1000mN2021000E3140000,3554044,61.0
3760,CRS3035RES1000mN2021000E3140000,3557906,85.0
3761,CRS3035RES1000mN2021000E3140000,5231361,108.0
3762,CRS3035RES1000mN2021000E3140000,9314566,
3763,CRS3035RES1000mN2021000E3140000,13696257,
3764,CRS3035RES1000mN2021000E3140000,15996131,106.0
3765,CRS3035RES1000mN2021000E3140000,23526191,119.0
3766,CRS3035RES1000mN2021000E3140000,23545719,
3767,CRS3035RES1000mN2021000E3140000,30599279,80.0
3768,CRS3035RES1000mN2021000E3140000,30649229,104.0
3769,CRS3035RES1000mN2021000E3140000,32198651,
3770,CRS3035RES1000mN2021000E3140000,34945111,78.0
3771,CRS3035RES1000mN2021000E3140000,50170625,
3772,CRS3035RES1000mN2021000E3140000,82887228,
3773,CRS3035RES1000mN2021000E3140000,92484952,
3774,CRS3035RES1000mN2021000E3140000,95794713,
3775,CRS3035RES1000mN2021000E3140000,96418670,74.0
3776,CRS3035RES1000mN2021000E3140000,98502686,108.0
3777,CRS3035RES1000mN2021000E3140000,132613257,
3778,CRS3035RES1000mN2021000E3140000,135036040,
3779,CRS3035RES1000mN2021000E3140000,150772489,108.0
3780,CRS3035RES1000mN2021000E3140000,154118456,
3781,CRS3035RES1000mN2021000E3140000,157375776,
3782,CRS3035RES1000mN2021000E3140000,158211204,48.0
3783,CRS3035RES1000mN2021000E3140000,162072415,84.0
3784,CRS3035RES1000mN2021000E3140000,162117720,
3785,CRS3035RES1000mN2021000E3140000,170487273,
3786,CRS3035RES1000mN2021000E3140000,172686062,71.0
3787,CRS3035RES1000mN2021000E3140000,174318235,75.0
3788,CRS3035RES1000mN2021000E3140000,174318237,68.0
3789,CRS3035RES1000mN2021000E3140000,205060159,
3790,CRS3035RES1000mN2021000E3140000,205757163,
3791,CRS3035RES1000mN2021000E3140000,221095520,
3792,CRS3035RES1000mN2021000E3140000,224503374,110.0
3793,CRS3035RES1000mN2021000E3140000,227333462,117.0
3794,CRS3035RES1000mN2021000E3140000,229117454,117.0
3795,CRS3035RES1000mN2021000E3140000,261460389,
3796,CRS3035RES1000mN2021000E3140000,283450022,95.0
3797,CRS3035RES1000mN2021000E3140000,288994040,90.0
3798,CRS3035RES1000mN2021000E3140000,296744564,
3799,CRS3035RES1000mN2021000E3140000,297526406,
3800,CRS3035RES1000mN2021000E3140000,300709861,96.0
3801,CRS3035RES1000mN2021000E3140000,301444634,
3802,CRS3035RES1000mN2021000E3140000,302721609,110.0
3803,CRS3035RES1000mN2021000E3140000,308195630,
3804,CRS3035RES1000mN2021000E3140000,312777902,90.0
3805,CRS3035RES1000mN2021000E3140000,330154630,
3806,CRS3035RES1000mN2021000E3140000,340205456,109.0
3807,CRS3035RES1000mN2021000E3140000,367883612,
3808,CRS3035RES1000mN2021000E3140000,368211943,
3809,CRS3035RES1000mN2021000E3140000,374180360,
3810,CRS3035RES1000mN2021000E3140000,375369499,
3811,CRS3035RES1000mN2021000E3140000,383494544,113.0
3812,CRS3035RES1000mN2021000E3140000,384574591,84.0
3813,CRS3035RES1000mN2021000E3140000,403538322,
3814,CRS3035RES1000mN2021000E3140000,403859503,105.0
3815,CRS3035RES1000mN2021000E3140000,437050442,101.0
3816,CRS3035RES1000mN2021000E3140000,459881697,118.0
3817,CRS3035RES1000mN2021000E3140000,477278425,
3818,CRS3035RES1000mN2021000E3140000,486879235,
3819,CRS3035RES1000mN2021000E3140000,493748377,88.0
3820,CRS3035RES1000mN2021000E3140000,498234201,102.0
3821,CRS3035RES1000mN2021000E3140000,504315026,
3822,CRS3035RES1000mN2021000E3140000,548701490,
3823,CRS3035RES1000mN2021000E3140000,574210084,
3824,CRS3035RES1000mN2021000E3140000,576094143,87.0
3825,CRS3035RES1000mN2021000E3140000,584409067,
3826,CRS3035RES1000mN2021000E3140000,635512756,
3827,CRS3035RES1000mN2021000E3140000,638492224,
3828,CRS3035RES1000mN2021000E3140000,653913062,
3829,CRS3035RES1000mN2021000E3140000,659866770,
3830,CRS3035RES1000mN2021000E3140000,697717972,66.0
3831,CRS3035RES1000mN2021000E3140000,717194862,
3832,CRS3035RES1000mN2021000E3140000,736899303,107.0
3833,CRS3035RES1000mN2021000E3140000,738042217,110.0
3834,CRS3035RES1000mN2021000E3140000,839611983,
3835,CRS3035RES1000mN2021000E3140000,957893520,100.0
3836,CRS3035RES1000mN2021000E3140000,963308110,
3837,CRS3035RES1000mN2021000E3140000,1073283182,107.0
3838,CRS3035RES1000mN2021000E3140000,1252864015,
3839,CRS3035RES1000mN2021000E3140000,1283203658,
3840,CRS3035RES1000mN2021000E3141000,25526,59.0
3841,CRS3035RES1000mN2021000E3141000,1774,77.0
3842,CRS3035RES1000mN2021000E3141000,1770,104.0
3843,CRS3035RES1000mN2021000E3141000,1773,97.0
3844,CRS3035RES1000mN2021000E3141000,1771,77.0
3845,CRS3035RES1000mN2021000E3141000,123303,74.0
3846,CRS3035RES1000mN2021000E3141000,1764,84.0
3847,CRS3035RES1000mN2021000E3141000,181101,96.0
3848,CRS3035RES1000mN2021000E3141000,5765642,67.0
3849,CRS3035RES1000mN2021000E3141000,86719,84.0
3850,CRS3035RES1000mN2021000E3141000,1800,95.0
3851,CRS3035RES1000mN2021000E3141000,1757,68.0
3852,CRS3035RES1000mN2021000E3141000,1755,74.0
3853,CRS3035RES1000mN2021000E3141000,1882,78.0
3854,CRS3035RES1000mN2021000E3141000,1745,100.0
3855,CRS3035RES1000mN2021000E3141000,1794,97.0
3856,CRS3035RES1000mN2021000E3141000,1762,85.0
3857,CRS3035RES1000mN2021000E3141000,51188,88.0
3858,CRS3035RES1000mN2021000E3141000,6893633,87.0
3859,CRS3035RES1000mN2021000E3141000,167128,93.0
3860,CRS3035RES1000mN2021000E3141000,1760,92.0
3861,CRS3035RES1000mN2021000E3141000,12773298,82.0
3862,CRS3035RES1000mN2021000E3141000,1754,85.0
3863,CRS3035RES1000mN2021000E3141000,1748,93.0
3864,CRS3035RES1000mN2021000E3141000,79941,104.0
3865,CRS3035RES1000mN2021000E3141000,1750,97.0
3866,CRS3035RES1000mN2021000E3141000,5975465,76.0
3867,CRS3035RES1000mN2021000E3141000,115056,103.0
3868,CRS3035RES1000mN2021000E3141000,1790,96.0
3869,CRS3035RES1000mN2021000E3141000,1756,71.0
3870,CRS3035RES1000mN2021000E3141000,51849,95.0
3871,CRS3035RES1000mN2021000E3141000,185595,89.0
3872,CRS3035RES1000mN2021000E3141000,7697128,74.0
3873,CRS3035RES1000mN2021000E3141000,10395362,103.0
3874,CRS3035RES1000mN2021000E3141000,1759,91.0
3875,CRS3035RES1000mN2021000E3141000,1752,86.0
3876,CRS3035RES1000mN2021000E3141000,186714,94.0
3877,CRS3035RES1000mN2021000E3141000,1753,89.0
3878,CRS3035RES1000mN2021000E3141000,1792,89.0
3879,CRS3035RES1000mN2021000E3141000,1763,75.0
3880,CRS3035RES1000mN2021000E3141000,1746,102.0
3881,CRS3035RES1000mN2021000E3141000,11572165,82.0
3882,CRS3035RES1000mN2021000E3141000,1761,84.0
3883,CRS3035RES1000mN2021000E3141000,1747,97.0
3884,CRS3035RES1000mN2021000E3141000,5768564,64.0
3885,CRS3035RES1000mN2021000E3141000,1798,72.0
3886,CRS3035RES1000mN2021000E3141000,66904,95.0
3887,CRS3035RES1000mN2021000E3141000,1777,81.0
3888,CRS3035RES1000mN2021000E3141000,1765,88.0
3889,CRS3035RES1000mN2021000E3141000,49416,91.0
3890,CRS3035RES1000mN2021000E3141000,12734939,91.0
3891,CRS3035RES1000mN2021000E3141000,167386167,81.0
3892,CRS3035RES1000mN2021000E3141000,295933804,94.0
3893,CRS3035RES1000mN2021000E3141000,303340017,99.0
3894,CRS3035RES1000mN2021000E3141000,315355551,97.0
3895,CRS3035RES1000mN2021000E3141000,339084977,77.0
3896,CRS3035RES1000mN2021000E3141000,412911553,82.0
3897,CRS3035RES1000mN2021000E3141000,558126037,82.0
3898,CRS3035RES1000mN2021000E3141000,711789768,46.0
3899,CRS3035RES1000mN2021000E3141000,727666062,
3900,CRS3035RES1000mN2021000E3141000,848085869,62.0
3901,CRS3035RES1000mN2021000E3141000,1056098898,93.0
3902,CRS3035RES1000mN2021000E3141000,1255438242,
3903,CRS3035RES1000mN2021000E3141000,1469985039,103.0
3904,CRS3035RES1000mN2021000E3141000,1504302537,
3905,CRS3035RES1000mN2021000E3141000,1511617504,51.0
3906,CRS3035RES1000mN2021000E3141000,1541601287,105.0
3907,CRS3035RES1000mN2021000E3141000,1544591296,98.0
3908,CRS3035RES1000mN2021000E3141000,1598174183,109.0
3909,CRS3035RES1000mN2021000E3141000,1629887846,114.0
3910,CRS3035RES1000mN2021000E3141000,1686660176,107.0
3911,CRS3035RES1000mN2021000E3141000,1716927336,98.0
3912,CRS3035RES1000mN2021000E3141000,1734554324,
3913,CRS3035RES1000mN2021000E3141000,1849109335,101.0
3914,CRS3035RES1000mN2021000E3141000,2028408680,33.0
3915,CRS3035RES1000mN2021000E3141000,2036887702,
3916,CRS3035RES1000mN2021000E3141000,2061404218,104.0
3917,CRS3035RES1000mN2021000E3141000,2134238030,
3918,CRS3035RES1000mN2021000E3141000,2261600754,
3919,CRS3035RES1000mN2021000E3141000,2301402027,116.0
3920,CRS3035RES1000mN2021000E3141000,2303966810,51.0
3921,CRS3035RES1000mN2021000E3141000,2312029862,112.0
3922,CRS3035RES1000mN2021000E3141000,2408860250,116.0
3923,CRS3035RES1000mN2021000E3141000,2620185829,86.0
3924,CRS3035RES1000mN2021000E3141000,2622508931,82.0
3925,CRS3035RES1000mN2021000E3141000,2672130951,104.0
3926,CRS3035RES1000mN2021000E3141000,2710518818,113.0
3927,CRS3035RES1000mN2021000E3141000,3034026261,74.0
3928,CRS3035RES1000mN2021000E3141000,3179889751,
3929,CRS3035RES1000mN2021000E3141000,3206611978,72.0
3930,CRS3035RES1000mN2021000E3141000,3272828439,61.0
3931,CRS3035RES1000mN2021000E3141000,3452364276,109.0
3932,CRS3035RES1000mN2021000E3141000,3452364277,92.0
3933,CRS3035RES1000mN2021000E3141000,3495733197,
3934,CRS3035RES1000mN2021000E3141000,3497154853,
3935,CRS3035RES1000mN2021000E3141000,3517755445,
3936,CRS3035RES1000mN2021000E3141000,3522125657,
3937,CRS3035RES1000mN2021000E3141000,3526751794,
3938,CRS3035RES1000mN2021000E3141000,3839306060,111.0
3939,CRS3035RES1000mN2021000E3141000,4214697664,66.0
3940,CRS3035RES1000mN2021000E3141000,4338252586,
3941,CRS3035RES1000mN2021000E3141000,4401271633,
3942,CRS3035RES1000mN2021000E3141000,4515476768,82.0
3943,CRS3035RES1000mN2021000E3141000,4569910891,80.0
3944,CRS3035RES1000mN2021000E3141000,4703730491,89.0
3945,CRS3035RES1000mN2021000E3141000,4707870392,83.0
3946,CRS3035RES1000mN2021000E3141000,4789037769,116.0
3947,CRS3035RES1000mN2021000E3141000,4794233143,
3948,CRS3035RES1000mN2021000E3141000,4870405674,65.0
3949,CRS3035RES1000mN2021000E3141000,5139379922,101.0
3950,CRS3035RES1000mN2021000E3141000,5160337425,81.0
3951,CRS3035RES1000mN2021000E3141000,5196199575,99.0
3952,CRS3035RES1000mN2021000E3141000,5341570554,87.0
3953,CRS3035RES1000mN2021000E3141000,5345949864,110.0
3954,CRS3035RES1000mN2021000E3141000,5448507385,
3955,CRS3035RES1000mN2021000E3141000,5604693894,
3956,CRS3035RES1000mN2021000E3141000,5670401989,
3957,CRS3035RES1000mN2021000E3141000,5942671299,116.0
3958,CRS3035RES1000mN2021000E3141000,5943980960,68.0
3959,CRS3035RES1000mN2021000E3141000,6185791451,
3960,CRS3035RES1000mN2021000E3141000,6188948286,109.0
3961,CRS3035RES1000mN2021000E3141000,6555800191,34.0
3962,CRS3035RES1000mN2021000E3141000,6885254479,101.0
3963,CRS3035RES1000mN2021000E3141000,7222611268,
3964,CRS3035RES1000mN2021000E3141000,7408961006,
3965,CRS3035RES1000mN2021000E3141000,7619964683,
3966,CRS3035RES1000mN2021000E3141000,7836562695,118.0
3967,CRS3035RES1000mN2021000E3141000,8493729364,75.0
3968,CRS3035RES1000mN2021000E3141000,8557885377,
3969,CRS3035RES1000mN2021000E3141000,8807212208,85.0
3970,CRS3035RES1000mN2021000E3141000,8844229173,91.0
3971,CRS3035RES1000mN2021000E3141000,8878422600,100.0
3972,CRS3035RES1000mN2021000E3141000,9595709188,93.0
3973,CRS3035RES1000mN2021000E3141000,9611387099,69.0
3974,CRS3035RES1000mN2021000E3141000,9712656915,76.0
3975,CRS3035RES1000mN2021000E3141000,9713142744,85.0
3976,CRS3035RES1000mN2021000E3141000,9815746657,
3977,CRS3035RES1000mN2021000E3141000,10004871512,112.0
3978,CRS3035RES1000mN2021000E3141000,10281174134,
3979,CRS3035RES1000mN2021000E3141000,10580337411,115.0
3980,CRS3035RES1000mN2021000E3141000,10899442604,52.0
3981,CRS3035RES1000mN2021000E3141000,10922657146,43.0
3982,CRS3035RES1000mN2021000E3141000,11127499928,104.0
3983,CRS3035RES1000mN2021000E3141000,11143725881,95.0
3984,CRS3035RES1000mN2021000E3141000,11243087140,109.0
3985,CRS3035RES1000mN2021000E3141000,11269399969,92.0
3986,CRS3035RES1000mN2021000E3141000,11287269362,116.0
3987,CRS3035RES1000mN2021000E3141000,11287269363,
3988,CRS3035RES1000mN2021000E3141000,11369705764,
3989,CRS3035RES1000mN2021000E3141000,11387776374,103.0
3990,CRS3035RES1000mN2021000E3141000,11461799040,
3991,CRS3035RES1000mN2021000E3141000,11462802981,85.0
3992,CRS3035RES1000mN2021000E3141000,11652077658,99.0
3993,CRS3035RES1000mN2021000E3141000,11691390164,82.0
3994,CRS3035RES1000mN2021000E3141000,11739757462,73.0
3995,CRS3035RES1000mN2021000E3141000,12178446726,70.0
3996,CRS3035RES1000mN2021000E3141000,12407425114,95.0
3997,CRS3035RES1000mN2021000E3141000,12865480228,112.0
3998,CRS3035RES1000mN2021000E3141000,2960630,26.0
3999,CRS3035RES1000mN2021000E3141000,3554044,40.0
4000,CRS3035RES1000mN2021000E3141000,3557906,68.0
4001,CRS3035RES1000mN2021000E3141000,5231361,87.0
4002,CRS3035RES1000mN2021000E3141000,9314566,
4003,CRS3035RES1000mN2021000E3141000,13696257,116.0
4004,CRS3035RES1000mN2021000E3141000,15996131,85.0
4005,CRS3035RES1000mN2021000E3141000,23526191,99.0
4006,CRS3035RES1000mN2021000E3141000,23545719,101.0
4007,CRS3035RES1000mN2021000E3141000,30599279,63.0
4008,CRS3035RES1000mN2021000E3141000,30649229,83.0
4009,CRS3035RES1000mN2021000E3141000,32198651,
4010,CRS3035RES1000mN2021000E3141000,34945111,60.0
4011,CRS3035RES1000mN2021000E3141000,50170625,
4012,CRS3035RES1000mN2021000E3141000,82887228,106.0
4013,CRS3035RES1000mN2021000E3141000,92484952,112.0
4014,CRS3035RES1000mN2021000E3141000,95794713,100.0
4015,CRS3035RES1000mN2021000E3141000,96418670,56.0
4016,CRS3035RES1000mN2021000E3141000,98502686,90.0
4017,CRS3035RES1000mN2021000E3141000,132613257,101.0
4018,CRS3035RES1000mN2021000E3141000,135036040,106.0
4019,CRS3035RES1000mN2021000E3141000,150772489,87.0
4020,CRS3035RES1000mN2021000E3141000,154118456,94.0
4021,CRS3035RES1000mN2021000E3141000,157375776,101.0
4022,CRS3035RES1000mN2021000E3141000,158211204,32.0
4023,CRS3035RES1000mN2021000E3141000,162072415,67.0
4024,CRS3035RES1000mN2021000E3141000,162117720,104.0
4025,CRS3035RES1000mN2021000E3141000,170487273,
4026,CRS3035RES1000mN2021000E3141000,172686062,52.0
4027,CRS3035RES1000mN2021000E3141000,174318235,62.0
4028,CRS3035RES1000mN2021000E3141000,174318237,50.0
4029,CRS3035RES1000mN2021000E3141000,205060159,
4030,CRS3035RES1000mN2021000E3141000,205757163,
4031,CRS3035RES1000mN2021000E3141000,221095520,115.0
4032,CRS3035RES1000mN2021000E3141000,224503374,90.0
4033,CRS3035RES1000mN2021000E3141000,227333462,87.0
4034,CRS3035RES1000mN2021000E3141000,229117454,94.0
4035,CRS3035RES1000mN2021000E3141000,261460389,
4036,CRS3035RES1000mN2021000E3141000,283450022,75.0
4037,CRS3035RES1000mN2021000E3141000,288994040,69.0
4038,CRS3035RES1000mN2021000E3141000,296744564,
4039,CRS3035RES1000mN2021000E3141000,297526406,102.0
4040,CRS3035RES1000mN2021000E3141000,300709861,73.0
4041,CRS3035RES1000mN2021000E3141000,301444634,119.0
4042,CRS3035RES1000mN2021000E3141000,302721609,105.0
4043,CRS3035RES1000mN2021000E3141000,308195630,
4044,CRS3035RES1000mN2021000E3141000,312777902,69.0
4045,CRS3035RES1000mN2021000E3141000,330154630,
4046,CRS3035RES1000mN2021000E3141000,340205456,87.0
4047,CRS3035RES1000mN2021000E3141000,367883612,103.0
4048,CRS3035RES1000mN2021000E3141000,368211943,103.0
4049,CRS3035RES1000mN2021000E3141000,374180360,114.0
4050,CRS3035RES1000mN2021000E3141000,375369499,88.0
4051,CRS3035RES1000mN2021000E3141000,383494544,93.0
4052,CRS3035RES1000mN2021000E3141000,384574591,68.0
4053,CRS3035RES1000mN2021000E3141000,403538322,
4054,CRS3035RES1000mN2021000E3141000,403859503,84.0
4055,CRS3035RES1000mN2021000E3141000,437050442,84.0
4056,CRS3035RES1000mN2021000E3141000,459881697,88.0
4057,CRS3035RES1000mN2021000E3141000,477278425,
4058,CRS3035RES1000mN2021000E3141000,486879235,
4059,CRS3035RES1000mN2021000E3141000,493748377,72.0
4060,CRS3035RES1000mN2021000E3141000,498234201,86.0
4061,CRS3035RES1000mN2021000E3141000,504315026,113.0
4062,CRS3035RES1000mN2021000E3141000,548701490,113.0
4063,CRS3035RES1000mN2021000E3141000,574210084,116.0
4064,CRS3035RES1000mN2021000E3141000,576094143,73.0
4065,CRS3035RES1000mN2021000E3141000,584409067,
4066,CRS3035RES1000mN2021000E3141000,635512756,102.0
4067,CRS3035RES1000mN2021000E3141000,638492224,
4068,CRS3035RES1000mN2021000E3141000,653913062,104.0
4069,CRS3035RES1000mN2021000E3141000,659866770,
4070,CRS3035RES1000mN2021000E3141000,697717972,49.0
4071,CRS3035RES1000mN2021000E3141000,717194862,
4072,CRS3035RES1000mN2021000E3141000,736899303,103.0
4073,CRS3035RES1000mN2021000E3141000,738042217,106.0
4074,CRS3035RES1000mN2021000E3141000,839611983,
4075,CRS3035RES1000mN2021000E3141000,957893520,79.0
4076,CRS3035RES1000mN2021000E3141000,963308110,103.0
4077,CRS3035RES1000mN2021000E3141000,1073283182,100.0
4078,CRS3035RES1000mN2021000E3141000,1252864015,109.0
4079,CRS3035RES1000mN2021000E3141000,1283203658,94.0
4080,CRS3035RES1000mN2021000E3142000,25526,44.0
4081,CRS3035RES1000mN2021000E3142000,1774,65.0
4082,CRS3035RES1000mN2021000E3142000,1770,90.0
4083,CRS3035RES1000mN2021000E3142000,1773,84.0
4084,CRS3035RES1000mN2021000E3142000,1771,63.0
4085,CRS3035RES1000mN2021000E3142000,123303,65.0
4086,CRS3035RES1000mN2021000E3142000,1764,69.0
4087,CRS3035RES1000mN2021000E3142000,181101,83.0
4088,CRS3035RES1000mN2021000E3142000,5765642,53.0
4089,CRS3035RES1000mN2021000E3142000,86719,70.0
4090,CRS3035RES1000mN2021000E3142000,1800,81.0
4091,CRS3035RES1000mN2021000E3142000,1757,54.0
4092,CRS3035RES1000mN2021000E3142000,1755,59.0
4093,CRS3035RES1000mN2021000E3142000,1882,63.0
4094,CRS3035RES1000mN2021000E3142000,1745,82.0
4095,CRS3035RES1000mN2021000E3142000,1794,81.0
4096,CRS3035RES1000mN2021000E3142000,1762,74.0
4097,CRS3035RES1000mN2021000E3142000,51188,73.0
4098,CRS3035RES1000mN2021000E3142000,6893633,74.0
4099,CRS3035RES1000mN2021000E3142000,167128,83.0
4100,CRS3035RES1000mN2021000E3142000,1760,78.0
4101,CRS3035RES1000mN2021000E3142000,12773298,68.0
4102,CRS3035RES1000mN2021000E3142000,1754,73.0
4103,CRS3035RES1000mN2021000E3142000,1748,81.0
4104,CRS3035RES1000mN2021000E3142000,79941,85.0
4105,CRS3035RES1000mN2021000E3142000,1750,83.0
4106,CRS3035RES1000mN2021000E3142000,5975465,63.0
4107,CRS3035RES1000mN2021000E3142000,115056,89.0
4108,CRS3035RES1000mN2021000E3142000,1790,81.0
4109,CRS3035RES1000mN2021000E3142000,1756,57.0
4110,CRS3035RES1000mN2021000E3142000,51849,82.0
4111,CRS3035RES1000mN2021000E3142000,185595,75.0
4112,CRS3035RES1000mN2021000E3142000,7697128,60.0
4113,CRS3035RES1000mN2021000E3142000,10395362,93.0
4114,CRS3035RES1000mN2021000E3142000,1759,77.0
4115,CRS3035RES1000mN2021000E3142000,1752,77.0
4116,CRS3035RES1000mN2021000E3142000,186714,80.0
4117,CRS3035RES1000mN2021000E3142000,1753,76.0
4118,CRS3035RES1000mN2021000E3142000,1792,77.0
4119,CRS3035RES1000mN2021000E3142000,1763,61.0
4120,CRS3035RES1000mN2021000E3142000,1746,89.0
4121,CRS3035RES1000mN2021000E3142000,11572165,73.0
4122,CRS3035RES1000mN2021000E3142000,1761,71.0
4123,CRS3035RES1000mN2021000E3142000,1747,86.0
4124,CRS3035RES1000mN2021000E3142000,5768564,51.0
4125,CRS3035RES1000mN2021000E3142000,1798,57.0
4126,CRS3035RES1000mN2021000E3142000,66904,80.0
4127,CRS3035RES1000mN2021000E3142000,1777,67.0
4128,CRS3035RES1000mN2021000E3142000,1765,76.0
4129,CRS3035RES1000mN2021000E3142000,49416,79.0
4130,CRS3035RES1000mN2021000E3142000,12734939,79.0
4131,CRS3035RES1000mN2021000E3142000,167386167,69.0
4132,CRS3035RES1000mN2021000E3142000,295933804,72.0
4133,CRS3035RES1000mN2021000E3142000,303340017,72.0
4134,CRS3035RES1000mN2021000E3142000,315355551,76.0
4135,CRS3035RES1000mN2021000E3142000,339084977,65.0
4136,CRS3035RES1000mN2021000E3142000,412911553,69.0
4137,CRS3035RES1000mN2021000E3142000,558126037,70.0
4138,CRS3035RES1000mN2021000E3142000,711789768,35.0
4139,CRS3035RES1000mN2021000E3142000,727666062,100.0
4140,CRS3035RES1000mN2021000E3142000,848085869,44.0
4141,CRS3035RES1000mN2021000E3142000,1056098898,79.0
4142,CRS3035RES1000mN2021000E3142000,1255438242,119.0
4143,CRS3035RES1000mN2021000E3142000,1469985039,91.0
4144,CRS3035RES1000mN2021000E3142000,1504302537,
4145,CRS3035RES1000mN2021000E3142000,1511617504,27.0
4146,CRS3035RES1000mN2021000E3142000,1541601287,93.0
4147,CRS3035RES1000mN2021000E3142000,1544591296,83.0
4148,CRS3035RES1000mN2021000E3142000,1598174183,87.0
4149,CRS3035RES1000mN2021000E3142000,1629887846,93.0
4150,CRS3035RES1000mN2021000E3142000,1686660176,92.0
4151,CRS3035RES1000mN2021000E3142000,1716927336,74.0
4152,CRS3035RES1000mN2021000E3142000,1734554324,95.0
4153,CRS3035RES1000mN2021000E3142000,1849109335,77.0
4154,CRS3035RES1000mN2021000E3142000,2028408680,25.0
4155,CRS3035RES1000mN2021000E3142000,2036887702,
4156,CRS3035RES1000mN2021000E3142000,2061404218,89.0
4157,CRS3035RES1000mN2021000E3142000,2134238030,97.0
4158,CRS3035RES1000mN2021000E3142000,2261600754,
4159,CRS3035RES1000mN2021000E3142000,2301402027,102.0
4160,CRS3035RES1000mN2021000E3142000,2303966810,51.0
4161,CRS3035RES1000mN2021000E3142000,2312029862,90.0
4162,CRS3035RES1000mN2021000E3142000,2408860250,102.0
4163,CRS3035RES1000mN2021000E3142000,2620185829,72.0
4164,CRS3035RES1000mN2021000E3142000,2622508931,69.0
4165,CRS3035RES1000mN2021000E3142000,2672130951,101.0
4166,CRS3035RES1000mN2021000E3142000,2710518818,106.0
4167,CRS3035RES1000mN2021000E3142000,3034026261,74.0
4168,CRS3035RES1000mN2021000E3142000,3179889751,
4169,CRS3035RES1000mN2021000E3142000,3206611978,72.0
4170,CRS3035RES1000mN2021000E3142000,3272828439,48.0
4171,CRS3035RES1000mN2021000E3142000,3452364276,95.0
4172,CRS3035RES1000mN2021000E3142000,3452364277,78.0
4173,CRS3035RES1000mN2021000E3142000,3495733197,
4174,CRS3035RES1000mN2021000E3142000,3497154853,
4175,CRS3035RES1000mN2021000E3142000,3517755445,
4176,CRS3035RES1000mN2021000E3142000,3522125657,
4177,CRS3035RES1000mN2021000E3142000,3526751794,
4178,CRS3035RES1000mN2021000E3142000,3839306060,93.0
4179,CRS3035RES1000mN2021000E3142000,4214697664,52.0
4180,CRS3035RES1000mN2021000E3142000,4338252586,
4181,CRS3035RES1000mN2021000E3142000,4401271633,
4182,CRS3035RES1000mN2021000E3142000,4515476768,78.0
4183,CRS3035RES1000mN2021000E3142000,4569910891,65.0
4184,CRS3035RES1000mN2021000E3142000,4703730491,75.0
4185,CRS3035RES1000mN2021000E3142000,4707870392,70.0
4186,CRS3035RES1000mN2021000E3142000,4789037769,90.0
4187,CRS3035RES1000mN2021000E3142000,4794233143,
4188,CRS3035RES1000mN2021000E3142000,4870405674,52.0
4189,CRS3035RES1000mN2021000E3142000,5139379922,60.0
4190,CRS3035RES1000mN2021000E3142000,5160337425,68.0
4191,CRS3035RES1000mN2021000E3142000,5196199575,79.0
4192,CRS3035RES1000mN2021000E3142000,5341570554,76.0
4193,CRS3035RES1000mN2021000E3142000,5345949864,107.0
4194,CRS3035RES1000mN2021000E3142000,5448507385,
4195,CRS3035RES1000mN2021000E3142000,5604693894,
4196,CRS3035RES1000mN2021000E3142000,5670401989,
4197,CRS3035RES1000mN2021000E3142000,5942671299,100.0
4198,CRS3035RES1000mN2021000E3142000,5943980960,32.0
4199,CRS3035RES1000mN2021000E3142000,6185791451,
4200,CRS3035RES1000mN2021000E3142000,6188948286,96.0
4201,CRS3035RES1000mN2021000E3142000,6555800191,20.0
4202,CRS3035RES1000mN2021000E3142000,6885254479,85.0
4203,CRS3035RES1000mN2021000E3142000,7222611268,
4204,CRS3035RES1000mN2021000E3142000,7408961006,
4205,CRS3035RES1000mN2021000E3142000,7619964683,
4206,CRS3035RES1000mN2021000E3142000,7836562695,112.0
4207,CRS3035RES1000mN2021000E3142000,8493729364,61.0
4208,CRS3035RES1000mN2021000E3142000,8557885377,103.0
4209,CRS3035RES1000mN2021000E3142000,8807212208,71.0
4210,CRS3035RES1000mN2021000E3142000,8844229173,76.0
4211,CRS3035RES1000mN2021000E3142000,8878422600,94.0
4212,CRS3035RES1000mN2021000E3142000,9595709188,79.0
4213,CRS3035RES1000mN2021000E3142000,9611387099,55.0
4214,CRS3035RES1000mN2021000E3142000,9712656915,63.0
4215,CRS3035RES1000mN2021000E3142000,9713142744,70.0
4216,CRS3035RES1000mN2021000E3142000,9815746657,
4217,CRS3035RES1000mN2021000E3142000,10004871512,90.0
4218,CRS3035RES1000mN2021000E3142000,10281174134,
4219,CRS3035RES1000mN2021000E3142000,10580337411,97.0
4220,CRS3035RES1000mN2021000E3142000,10899442604,39.0
4221,CRS3035RES1000mN2021000E3142000,10922657146,30.0
4222,CRS3035RES1000mN2021000E3142000,11127499928,98.0
4223,CRS3035RES1000mN2021000E3142000,11143725881,78.0
4224,CRS3035RES1000mN2021000E3142000,11243087140,92.0
4225,CRS3035RES1000mN2021000E3142000,11269399969,78.0
4226,CRS3035RES1000mN2021000E3142000,11287269362,93.0
4227,CRS3035RES1000mN2021000E3142000,11287269363,113.0
4228,CRS3035RES1000mN2021000E3142000,11369705764,104.0
4229,CRS3035RES1000mN2021000E3142000,11387776374,90.0
4230,CRS3035RES1000mN2021000E3142000,11461799040,
4231,CRS3035RES1000mN2021000E3142000,11462802981,73.0
4232,CRS3035RES1000mN2021000E3142000,11652077658,82.0
4233,CRS3035RES1000mN2021000E3142000,11691390164,68.0
4234,CRS3035RES1000mN2021000E3142000,11739757462,56.0
4235,CRS3035RES1000mN2021000E3142000,12178446726,56.0
4236,CRS3035RES1000mN2021000E3142000,12407425114,85.0
4237,CRS3035RES1000mN2021000E3142000,12865480228,94.0
4238,CRS3035RES1000mN2021000E3142000,2960630,14.0
4239,CRS3035RES1000mN2021000E3142000,3554044,26.0
4240,CRS3035RES1000mN2021000E3142000,3557906,55.0
4241,CRS3035RES1000mN2021000E3142000,5231361,73.0
4242,CRS3035RES1000mN2021000E3142000,9314566,114.0
4243,CRS3035RES1000mN2021000E3142000,13696257,99.0
4244,CRS3035RES1000mN2021000E3142000,15996131,71.0
4245,CRS3035RES1000mN2021000E3142000,23526191,84.0
4246,CRS3035RES1000mN2021000E3142000,23545719,87.0
4247,CRS3035RES1000mN2021000E3142000,30599279,49.0
4248,CRS3035RES1000mN2021000E3142000,30649229,69.0
4249,CRS3035RES1000mN2021000E3142000,32198651,
4250,CRS3035RES1000mN2021000E3142000,34945111,47.0
4251,CRS3035RES1000mN2021000E3142000,50170625,
4252,CRS3035RES1000mN2021000E3142000,82887228,93.0
4253,CRS3035RES1000mN2021000E3142000,92484952,93.0
4254,CRS3035RES1000mN2021000E3142000,95794713,89.0
4255,CRS3035RES1000mN2021000E3142000,96418670,43.0
4256,CRS3035RES1000mN2021000E3142000,98502686,78.0
4257,CRS3035RES1000mN2021000E3142000,132613257,90.0
4258,CRS3035RES1000mN2021000E3142000,135036040,94.0
4259,CRS3035RES1000mN2021000E3142000,150772489,73.0
4260,CRS3035RES1000mN2021000E3142000,154118456,87.0
4261,CRS3035RES1000mN2021000E3142000,157375776,95.0
4262,CRS3035RES1000mN2021000E3142000,158211204,17.0
4263,CRS3035RES1000mN2021000E3142000,162072415,53.0
4264,CRS3035RES1000mN2021000E3142000,162117720,90.0
4265,CRS3035RES1000mN2021000E3142000,170487273,
4266,CRS3035RES1000mN2021000E3142000,172686062,38.0
4267,CRS3035RES1000mN2021000E3142000,174318235,44.0
4268,CRS3035RES1000mN2021000E3142000,174318237,37.0
4269,CRS3035RES1000mN2021000E3142000,205060159,
4270,CRS3035RES1000mN2021000E3142000,205757163,
4271,CRS3035RES1000mN2021000E3142000,221095520,100.0
4272,CRS3035RES1000mN2021000E3142000,224503374,75.0
4273,CRS3035RES1000mN2021000E3142000,227333462,87.0
4274,CRS3035RES1000mN2021000E3142000,229117454,77.0
4275,CRS3035RES1000mN2021000E3142000,261460389,
4276,CRS3035RES1000mN2021000E3142000,283450022,60.0
4277,CRS3035RES1000mN2021000E3142000,288994040,55.0
4278,CRS3035RES1000mN2021000E3142000,296744564,
4279,CRS3035RES1000mN2021000E3142000,297526406,96.0
4280,CRS3035RES1000mN2021000E3142000,300709861,62.0
4281,CRS3035RES1000mN2021000E3142000,301444634,88.0
4282,CRS3035RES1000mN2021000E3142000,302721609,80.0
4283,CRS3035RES1000mN2021000E3142000,308195630,109.0
4284,CRS3035RES1000mN2021000E3142000,312777902,55.0
4285,CRS3035RES1000mN2021000E3142000,330154630,
4286,CRS3035RES1000mN2021000E3142000,340205456,74.0
4287,CRS3035RES1000mN2021000E3142000,367883612,91.0
4288,CRS3035RES1000mN2021000E3142000,368211943,91.0
4289,CRS3035RES1000mN2021000E3142000,374180360,95.0
4290,CRS3035RES1000mN2021000E3142000,375369499,81.0
4291,CRS3035RES1000mN2021000E3142000,383494544,79.0
4292,CRS3035RES1000mN2021000E3142000,384574591,55.0
4293,CRS3035RES1000mN2021000E3142000,403538322,113.0
4294,CRS3035RES1000mN2021000E3142000,403859503,70.0
4295,CRS3035RES1000mN2021000E3142000,437050442,71.0
4296,CRS3035RES1000mN2021000E3142000,459881697,88.0
4297,CRS3035RES1000mN2021000E3142000,477278425,
4298,CRS3035RES1000mN2021000E3142000,486879235,
4299,CRS3035RES1000mN2021000E3142000,493748377,58.0
4300,CRS3035RES1000mN2021000E3142000,498234201,73.0
4301,CRS3035RES1000mN2021000E3142000,504315026,95.0
4302,CRS3035RES1000mN2021000E3142000,548701490,90.0
4303,CRS3035RES1000mN2021000E3142000,574210084,91.0
4304,CRS3035RES1000mN2021000E3142000,576094143,56.0
4305,CRS3035RES1000mN2021000E3142000,584409067,110.0
4306,CRS3035RES1000mN2021000E3142000,635512756,96.0
4307,CRS3035RES1000mN2021000E3142000,638492224,
4308,CRS3035RES1000mN2021000E3142000,653913062,98.0
4309,CRS3035RES1000mN2021000E3142000,659866770,
4310,CRS3035RES1000mN2021000E3142000,697717972,34.0
4311,CRS3035RES1000mN2021000E3142000,717194862,
4312,CRS3035RES1000mN2021000E3142000,736899303,72.0
4313,CRS3035RES1000mN2021000E3142000,738042217,80.0
4314,CRS3035RES1000mN2021000E3142000,839611983,
4315,CRS3035RES1000mN2021000E3142000,957893520,65.0
4316,CRS3035RES1000mN2021000E3142000,963308110,92.0
4317,CRS3035RES1000mN2021000E3142000,1073283182,77.0
4318,CRS3035RES1000mN2021000E3142000,1252864015,87.0
4319,CRS3035RES1000mN2021000E3142000,1283203658,94.0
4320,CRS3035RES1000mN2021000E3143000,25526,46.0
4321,CRS3035RES1000mN2021000E3143000,1774,66.0
4322,CRS3035RES1000mN2021000E3143000,1770,92.0
4323,CRS3035RES1000mN2021000E3143000,1773,85.0
4324,CRS3035RES1000mN2021000E3143000,1771,65.0
4325,CRS3035RES1000mN2021000E3143000,123303,65.0
4326,CRS3035RES1000mN2021000E3143000,1764,70.0
4327,CRS3035RES1000mN2021000E3143000,181101,83.0
4328,CRS3035RES1000mN2021000E3143000,5765642,53.0
4329,CRS3035RES1000mN2021000E3143000,86719,63.0
4330,CRS3035RES1000mN2021000E3143000,1800,82.0
4331,CRS3035RES1000mN2021000E3143000,1757,55.0
4332,CRS3035RES1000mN2021000E3143000,1755,61.0
4333,CRS3035RES1000mN2021000E3143000,1882,64.0
4334,CRS3035RES1000mN2021000E3143000,1745,84.0
4335,CRS3035RES1000mN2021000E3143000,1794,82.0
4336,CRS3035RES1000mN2021000E3143000,1762,74.0
4337,CRS3035RES1000mN2021000E3143000,51188,74.0
4338,CRS3035RES1000mN2021000E3143000,6893633,75.0
4339,CRS3035RES1000mN2021000E3143000,167128,82.0
4340,CRS3035RES1000mN2021000E3143000,1760,79.0
4341,CRS3035RES1000mN2021000E3143000,12773298,61.0
4342,CRS3035RES1000mN2021000E3143000,1754,73.0
4343,CRS3035RES1000mN2021000E3143000,1748,81.0
4344,CRS3035RES1000mN2021000E3143000,79941,87.0
4345,CRS3035RES1000mN2021000E3143000,1750,85.0
4346,CRS3035RES1000mN2021000E3143000,5975465,64.0
4347,CRS3035RES1000mN2021000E3143000,115056,89.0
4348,CRS3035RES1000mN2021000E3143000,1790,82.0
4349,CRS3035RES1000mN2021000E3143000,1756,57.0
4350,CRS3035RES1000mN2021000E3143000,51849,83.0
4351,CRS3035RES1000mN2021000E3143000,185595,76.0
4352,CRS3035RES1000mN2021000E3143000,7697128,61.0
4353,CRS3035RES1000mN2021000E3143000,10395362,94.0
4354,CRS3035RES1000mN2021000E3143000,1759,77.0
4355,CRS3035RES1000mN2021000E3143000,1752,76.0
4356,CRS3035RES1000mN2021000E3143000,186714,80.0
4357,CRS3035RES1000mN2021000E3143000,1753,76.0
4358,CRS3035RES1000mN2021000E3143000,1792,77.0
4359,CRS3035RES1000mN2021000E3143000,1763,62.0
4360,CRS3035RES1000mN2021000E3143000,1746,90.0
4361,CRS3035RES1000mN2021000E3143000,11572165,72.0
4362,CRS3035RES1000mN2021000E3143000,1761,71.0
4363,CRS3035RES1000mN2021000E3143000,1747,86.0
4364,CRS3035RES1000mN2021000E3143000,5768564,52.0
4365,CRS3035RES1000mN2021000E3143000,1798,58.0
4366,CRS3035RES1000mN2021000E3143000,66904,82.0
4367,CRS3035RES1000mN2021000E3143000,1777,68.0
4368,CRS3035RES1000mN2021000E3143000,1765,77.0
4369,CRS3035RES1000mN2021000E3143000,49416,79.0
4370,CRS3035RES1000mN2021000E3143000,12734939,79.0
4371,CRS3035RES1000mN2021000E3143000,167386167,69.0
4372,CRS3035RES1000mN2021000E3143000,295933804,72.0
4373,CRS3035RES1000mN2021000E3143000,303340017,72.0
4374,CRS3035RES1000mN2021000E3143000,315355551,76.0
4375,CRS3035RES1000mN2021000E3143000,339084977,66.0
4376,CRS3035RES1000mN2021000E3143000,412911553,70.0
4377,CRS3035RES1000mN2021000E3143000,558126037,70.0
4378,CRS3035RES1000mN2021000E3143000,711789768,39.0
4379,CRS3035RES1000mN2021000E3143000,727666062,
4380,CRS3035RES1000mN2021000E3143000,848085869,37.0
4381,CRS3035RES1000mN2021000E3143000,1056098898,81.0
4382,CRS3035RES1000mN2021000E3143000,1255438242,
4383,CRS3035RES1000mN2021000E3143000,1469985039,91.0
4384,CRS3035RES1000mN2021000E3143000,1504302537,
4385,CRS3035RES1000mN2021000E3143000,1511617504,38.0
4386,CRS3035RES1000mN2021000E3143000,1541601287,94.0
4387,CRS3035RES1000mN2021000E3143000,1544591296,85.0
4388,CRS3035RES1000mN2021000E3143000,1598174183,94.0
4389,CRS3035RES1000mN2021000E3143000,1629887846,98.0
4390,CRS3035RES1000mN2021000E3143000,1686660176,93.0
4391,CRS3035RES1000mN2021000E3143000,1716927336,70.0
4392,CRS3035RES1000mN2021000E3143000,1734554324,95.0
4393,CRS3035RES1000mN2021000E3143000,1849109335,77.0
4394,CRS3035RES1000mN2021000E3143000,2028408680,37.0
4395,CRS3035RES1000mN2021000E3143000,2036887702,
4396,CRS3035RES1000mN2021000E3143000,2061404218,90.0
4397,CRS3035RES1000mN2021000E3143000,2134238030,97.0
4398,CRS3035RES1000mN2021000E3143000,2261600754,
4399,CRS3035RES1000mN2021000E3143000,2301402027,102.0
4400,CRS3035RES1000mN2021000E3143000,2303966810,51.0
4401,CRS3035RES1000mN2021000E3143000,2312029862,96.0
4402,CRS3035RES1000mN2021000E3143000,2408860250,102.0
4403,CRS3035RES1000mN2021000E3143000,2620185829,74.0
4404,CRS3035RES1000mN2021000E3143000,2622508931,70.0
4405,CRS3035RES1000mN2021000E3143000,2672130951,97.0
4406,CRS3035RES1000mN2021000E3143000,2710518818,106.0
4407,CRS3035RES1000mN2021000E3143000,3034026261,74.0
4408,CRS3035RES1000mN2021000E3143000,3179889751,
4409,CRS3035RES1000mN2021000E3143000,3206611978,72.0
4410,CRS3035RES1000mN2021000E3143000,3272828439,41.0
4411,CRS3035RES1000mN2021000E3143000,3452364276,96.0
4412,CRS3035RES1000mN2021000E3143000,3452364277,79.0
4413,CRS3035RES1000mN2021000E3143000,3495733197,
4414,CRS3035RES1000mN2021000E3143000,3497154853,
4415,CRS3035RES1000mN2021000E3143000,3517755445,
4416,CRS3035RES1000mN2021000E3143000,3522125657,
4417,CRS3035RES1000mN2021000E3143000,3526751794,
4418,CRS3035RES1000mN2021000E3143000,3839306060,94.0
4419,CRS3035RES1000mN2021000E3143000,4214697664,53.0
4420,CRS3035RES1000mN2021000E3143000,4338252586,
4421,CRS3035RES1000mN2021000E3143000,4401271633,
4422,CRS3035RES1000mN2021000E3143000,4515476768,74.0
4423,CRS3035RES1000mN2021000E3143000,4569910891,66.0
4424,CRS3035RES1000mN2021000E3143000,4703730491,75.0
4425,CRS3035RES1000mN2021000E3143000,4707870392,70.0
4426,CRS3035RES1000mN2021000E3143000,4789037769,86.0
4427,CRS3035RES1000mN2021000E3143000,4794233143,
4428,CRS3035RES1000mN2021000E3143000,4870405674,53.0
4429,CRS3035RES1000mN2021000E3143000,5139379922,80.0
4430,CRS3035RES1000mN2021000E3143000,5160337425,69.0
4431,CRS3035RES1000mN2021000E3143000,5196199575,79.0
4432,CRS3035RES1000mN2021000E3143000,5341570554,76.0
4433,CRS3035RES1000mN2021000E3143000,5345949864,108.0
4434,CRS3035RES1000mN2021000E3143000,5448507385,
4435,CRS3035RES1000mN2021000E3143000,5604693894,
4436,CRS3035RES1000mN2021000E3143000,5670401989,
4437,CRS3035RES1000mN2021000E3143000,5942671299,100.0
4438,CRS3035RES1000mN2021000E3143000,5943980960,39.0
4439,CRS3035RES1000mN2021000E3143000,6185791451,
4440,CRS3035RES1000mN2021000E3143000,6188948286,96.0
4441,CRS3035RES1000mN2021000E3143000,6555800191,19.0
4442,CRS3035RES1000mN2021000E3143000,6885254479,87.0
4443,CRS3035RES1000mN2021000E3143000,7222611268,
4444,CRS3035RES1000mN2021000E3143000,7408961006,
4445,CRS3035RES1000mN2021000E3143000,7619964683,
4446,CRS3035RES1000mN2021000E3143000,7836562695,113.0
4447,CRS3035RES1000mN2021000E3143000,8493729364,62.0
4448,CRS3035RES1000mN2021000E3143000,8557885377,103.0
4449,CRS3035RES1000mN2021000E3143000,8807212208,71.0
4450,CRS3035RES1000mN2021000E3143000,8844229173,77.0
4451,CRS3035RES1000mN2021000E3143000,8878422600,94.0
4452,CRS3035RES1000mN2021000E3143000,9595709188,80.0
4453,CRS3035RES1000mN2021000E3143000,9611387099,57.0
4454,CRS3035RES1000mN2021000E3143000,9712656915,65.0
4455,CRS3035RES1000mN2021000E3143000,9713142744,71.0
4456,CRS3035RES1000mN2021000E3143000,9815746657,
4457,CRS3035RES1000mN2021000E3143000,10004871512,96.0
4458,CRS3035RES1000mN2021000E3143000,10281174134,
4459,CRS3035RES1000mN2021000E3143000,10580337411,98.0
4460,CRS3035RES1000mN2021000E3143000,10899442604,32.0
4461,CRS3035RES1000mN2021000E3143000,10922657146,23.0
4462,CRS3035RES1000mN2021000E3143000,11127499928,99.0
4463,CRS3035RES1000mN2021000E3143000,11143725881,79.0
4464,CRS3035RES1000mN2021000E3143000,11243087140,95.0
4465,CRS3035RES1000mN2021000E3143000,11269399969,79.0
4466,CRS3035RES1000mN2021000E3143000,11287269362,95.0
4467,CRS3035RES1000mN2021000E3143000,11287269363,112.0
4468,CRS3035RES1000mN2021000E3143000,11369705764,104.0
4469,CRS3035RES1000mN2021000E3143000,11387776374,89.0
4470,CRS3035RES1000mN2021000E3143000,11461799040,
4471,CRS3035RES1000mN2021000E3143000,11462802981,73.0
4472,CRS3035RES1000mN2021000E3143000,11652077658,82.0
4473,CRS3035RES1000mN2021000E3143000,11691390164,70.0
4474,CRS3035RES1000mN2021000E3143000,11739757462,49.0
4475,CRS3035RES1000mN2021000E3143000,12178446726,58.0
4476,CRS3035RES1000mN2021000E3143000,12407425114,87.0
4477,CRS3035RES1000mN2021000E3143000,12865480228,95.0
4478,CRS3035RES1000mN2021000E3143000,2960630,22.0
4479,CRS3035RES1000mN2021000E3143000,3554044,35.0
4480,CRS3035RES1000mN2021000E3143000,3557906,47.0
4481,CRS3035RES1000mN2021000E3143000,5231361,75.0
4482,CRS3035RES1000mN2021000E3143000,9314566,113.0
4483,CRS3035RES1000mN2021000E3143000,13696257,100.0
4484,CRS3035RES1000mN2021000E3143000,15996131,71.0
4485,CRS3035RES1000mN2021000E3143000,23526191,85.0
4486,CRS3035RES1000mN2021000E3143000,23545719,89.0
4487,CRS3035RES1000mN2021000E3143000,30599279,45.0
4488,CRS3035RES1000mN2021000E3143000,30649229,71.0
4489,CRS3035RES1000mN2021000E3143000,32198651,
4490,CRS3035RES1000mN2021000E3143000,34945111,40.0
4491,CRS3035RES1000mN2021000E3143000,50170625,
4492,CRS3035RES1000mN2021000E3143000,82887228,94.0
4493,CRS3035RES1000mN2021000E3143000,92484952,94.0
4494,CRS3035RES1000mN2021000E3143000,95794713,89.0
4495,CRS3035RES1000mN2021000E3143000,96418670,36.0
4496,CRS3035RES1000mN2021000E3143000,98502686,78.0
4497,CRS3035RES1000mN2021000E3143000,132613257,90.0
4498,CRS3035RES1000mN2021000E3143000,135036040,95.0
4499,CRS3035RES1000mN2021000E3143000,150772489,75.0
4500,CRS3035RES1000mN2021000E3143000,154118456,89.0
4501,CRS3035RES1000mN2021000E3143000,157375776,96.0
4502,CRS3035RES1000mN2021000E3143000,158211204,21.0
4503,CRS3035RES1000mN2021000E3143000,162072415,48.0
4504,CRS3035RES1000mN2021000E3143000,162117720,91.0
4505,CRS3035RES1000mN2021000E3143000,170487273,
4506,CRS3035RES1000mN2021000E3143000,172686062,40.0
4507,CRS3035RES1000mN2021000E3143000,174318235,36.0
4508,CRS3035RES1000mN2021000E3143000,174318237,30.0
4509,CRS3035RES1000mN2021000E3143000,205060159,
4510,CRS3035RES1000mN2021000E3143000,205757163,
4511,CRS3035RES1000mN2021000E3143000,221095520,100.0
4512,CRS3035RES1000mN2021000E3143000,224503374,76.0
4513,CRS3035RES1000mN2021000E3143000,227333462,87.0
4514,CRS3035RES1000mN2021000E3143000,229117454,78.0
4515,CRS3035RES1000mN2021000E3143000,261460389,
4516,CRS3035RES1000mN2021000E3143000,283450022,61.0
4517,CRS3035RES1000mN2021000E3143000,288994040,56.0
4518,CRS3035RES1000mN2021000E3143000,296744564,
4519,CRS3035RES1000mN2021000E3143000,297526406,97.0
4520,CRS3035RES1000mN2021000E3143000,300709861,56.0
4521,CRS3035RES1000mN2021000E3143000,301444634,96.0
4522,CRS3035RES1000mN2021000E3143000,302721609,76.0
4523,CRS3035RES1000mN2021000E3143000,308195630,109.0
4524,CRS3035RES1000mN2021000E3143000,312777902,57.0
4525,CRS3035RES1000mN2021000E3143000,330154630,
4526,CRS3035RES1000mN2021000E3143000,340205456,76.0
4527,CRS3035RES1000mN2021000E3143000,367883612,92.0
4528,CRS3035RES1000mN2021000E3143000,368211943,92.0
4529,CRS3035RES1000mN2021000E3143000,374180360,95.0
4530,CRS3035RES1000mN2021000E3143000,375369499,83.0
4531,CRS3035RES1000mN2021000E3143000,383494544,80.0
4532,CRS3035RES1000mN2021000E3143000,384574591,46.0
4533,CRS3035RES1000mN2021000E3143000,403538322,113.0
4534,CRS3035RES1000mN2021000E3143000,403859503,72.0
4535,CRS3035RES1000mN2021000E3143000,437050442,63.0
4536,CRS3035RES1000mN2021000E3143000,459881697,88.0
4537,CRS3035RES1000mN2021000E3143000,477278425,
4538,CRS3035RES1000mN2021000E3143000,486879235,
4539,CRS3035RES1000mN2021000E3143000,493748377,52.0
4540,CRS3035RES1000mN2021000E3143000,498234201,65.0
4541,CRS3035RES1000mN2021000E3143000,504315026,96.0
4542,CRS3035RES1000mN2021000E3143000,548701490,88.0
4543,CRS3035RES1000mN2021000E3143000,574210084,91.0
4544,CRS3035RES1000mN2021000E3143000,576094143,51.0
4545,CRS3035RES1000mN2021000E3143000,584409067,110.0
4546,CRS3035RES1000mN2021000E3143000,635512756,97.0
4547,CRS3035RES1000mN2021000E3143000,638492224,
4548,CRS3035RES1000mN2021000E3143000,653913062,98.0
4549,CRS3035RES1000mN2021000E3143000,659866770,
4550,CRS3035RES1000mN2021000E3143000,697717972,31.0
4551,CRS3035RES1000mN2021000E3143000,717194862,
4552,CRS3035RES1000mN2021000E3143000,736899303,106.0
4553,CRS3035RES1000mN2021000E3143000,738042217,76.0
4554,CRS3035RES1000mN2021000E3143000,839611983,
4555,CRS3035RES1000mN2021000E3143000,957893520,66.0
4556,CRS3035RES1000mN2021000E3143000,963308110,92.0
4557,CRS3035RES1000mN2021000E3143000,1073283182,73.0
4558,CRS3035RES1000mN2021000E3143000,1252864015,92.0
4559,CRS3035RES1000mN2021000E3143000,1283203658,90.0
4560,CRS3035RES1000mN2021000E3144000,25526,47.0
4561,CRS3035RES1000mN2021000E3144000,1774,68.0
4562,CRS3035RES1000mN2021000E3144000,1770,92.0
4563,CRS3035RES1000mN2021000E3144000,1773,87.0
4564,CRS3035RES1000mN2021000E3144000,1771,66.0
4565,CRS3035RES1000mN2021000E3144000,123303,68.0
4566,CRS3035RES1000mN2021000E3144000,1764,71.0
4567,CRS3035RES1000mN2021000E3144000,181101,88.0
4568,CRS3035RES1000mN2021000E3144000,5765642,54.0
4569,CRS3035RES1000mN2021000E3144000,86719,67.0
4570,CRS3035RES1000mN2021000E3144000,1800,84.0
4571,CRS3035RES1000mN2021000E3144000,1757,56.0
4572,CRS3035RES1000mN2021000E3144000,1755,62.0
4573,CRS3035RES1000mN2021000E3144000,1882,65.0
4574,CRS3035RES1000mN2021000E3144000,1745,86.0
4575,CRS3035RES1000mN2021000E3144000,1794,84.0
4576,CRS3035RES1000mN2021000E3144000,1762,76.0
4577,CRS3035RES1000mN2021000E3144000,51188,76.0
4578,CRS3035RES1000mN2021000E3144000,6893633,77.0
4579,CRS3035RES1000mN2021000E3144000,167128,85.0
4580,CRS3035RES1000mN2021000E3144000,1760,80.0
4581,CRS3035RES1000mN2021000E3144000,12773298,65.0
4582,CRS3035RES1000mN2021000E3144000,1754,78.0
4583,CRS3035RES1000mN2021000E3144000,1748,83.0
4584,CRS3035RES1000mN2021000E3144000,79941,91.0
4585,CRS3035RES1000mN2021000E3144000,1750,86.0
4586,CRS3035RES1000mN2021000E3144000,5975465,65.0
4587,CRS3035RES1000mN2021000E3144000,115056,91.0
4588,CRS3035RES1000mN2021000E3144000,1790,83.0
4589,CRS3035RES1000mN2021000E3144000,1756,58.0
4590,CRS3035RES1000mN2021000E3144000,51849,85.0
4591,CRS3035RES1000mN2021000E3144000,185595,77.0
4592,CRS3035RES1000mN2021000E3144000,7697128,62.0
4593,CRS3035RES1000mN2021000E3144000,10395362,95.0
4594,CRS3035RES1000mN2021000E3144000,1759,78.0
4595,CRS3035RES1000mN2021000E3144000,1752,78.0
4596,CRS3035RES1000mN2021000E3144000,186714,82.0
4597,CRS3035RES1000mN2021000E3144000,1753,79.0
4598,CRS3035RES1000mN2021000E3144000,1792,79.0
4599,CRS3035RES1000mN2021000E3144000,1763,63.0
4600,CRS3035RES1000mN2021000E3144000,1746,92.0
4601,CRS3035RES1000mN2021000E3144000,11572165,74.0
4602,CRS3035RES1000mN2021000E3144000,1761,74.0
4603,CRS3035RES1000mN2021000E3144000,1747,87.0
4604,CRS3035RES1000mN2021000E3144000,5768564,53.0
4605,CRS3035RES1000mN2021000E3144000,1798,59.0
4606,CRS3035RES1000mN2021000E3144000,66904,86.0
4607,CRS3035RES1000mN2021000E3144000,1777,69.0
4608,CRS3035RES1000mN2021000E3144000,1765,78.0
4609,CRS3035RES1000mN2021000E3144000,49416,81.0
4610,CRS3035RES1000mN2021000E3144000,12734939,81.0
4611,CRS3035RES1000mN2021000E3144000,167386167,71.0
4612,CRS3035RES1000mN2021000E3144000,295933804,74.0
4613,CRS3035RES1000mN2021000E3144000,303340017,72.0
4614,CRS3035RES1000mN2021000E3144000,315355551,78.0
4615,CRS3035RES1000mN2021000E3144000,339084977,67.0
4616,CRS3035RES1000mN2021000E3144000,412911553,71.0
4617,CRS3035RES1000mN2021000E3144000,558126037,72.0
4618,CRS3035RES1000mN2021000E3144000,711789768,51.0
4619,CRS3035RES1000mN2021000E3144000,727666062,99.0
4620,CRS3035RES1000mN2021000E3144000,848085869,41.0
4621,CRS3035RES1000mN2021000E3144000,1056098898,82.0
4622,CRS3035RES1000mN2021000E3144000,1255438242,
4623,CRS3035RES1000mN2021000E3144000,1469985039,94.0
4624,CRS3035RES1000mN2021000E3144000,1504302537,
4625,CRS3035RES1000mN2021000E3144000,1511617504,41.0
4626,CRS3035RES1000mN2021000E3144000,1541601287,95.0
4627,CRS3035RES1000mN2021000E3144000,1544591296,88.0
4628,CRS3035RES1000mN2021000E3144000,1598174183,95.0
4629,CRS3035RES1000mN2021000E3144000,1629887846,99.0
4630,CRS3035RES1000mN2021000E3144000,1686660176,95.0
4631,CRS3035RES1000mN2021000E3144000,1716927336,71.0
4632,CRS3035RES1000mN2021000E3144000,1734554324,97.0
4633,CRS3035RES1000mN2021000E3144000,1849109335,77.0
4634,CRS3035RES1000mN2021000E3144000,2028408680,48.0
4635,CRS3035RES1000mN2021000E3144000,2036887702,
4636,CRS3035RES1000mN2021000E3144000,2061404218,99.0
4637,CRS3035RES1000mN2021000E3144000,2134238030,99.0
4638,CRS3035RES1000mN2021000E3144000,2261600754,
4639,CRS3035RES1000mN2021000E3144000,2301402027,104.0
4640,CRS3035RES1000mN2021000E3144000,2303966810,52.0
4641,CRS3035RES1000mN2021000E3144000,2312029862,98.0
4642,CRS3035RES1000mN2021000E3144000,2408860250,102.0
4643,CRS3035RES1000mN2021000E3144000,2620185829,74.0
4644,CRS3035RES1000mN2021000E3144000,2622508931,71.0
4645,CRS3035RES1000mN2021000E3144000,2672130951,101.0
4646,CRS3035RES1000mN2021000E3144000,2710518818,108.0
4647,CRS3035RES1000mN2021000E3144000,3034026261,74.0
4648,CRS3035RES1000mN2021000E3144000,3179889751,
4649,CRS3035RES1000mN2021000E3144000,3206611978,
4650,CRS3035RES1000mN2021000E3144000,3272828439,46.0
4651,CRS3035RES1000mN2021000E3144000,3452364276,97.0
4652,CRS3035RES1000mN2021000E3144000,3452364277,80.0
4653,CRS3035RES1000mN2021000E3144000,3495733197,
4654,CRS3035RES1000mN2021000E3144000,3497154853,
4655,CRS3035RES1000mN2021000E3144000,3517755445,
4656,CRS3035RES1000mN2021000E3144000,3522125657,
4657,CRS3035RES1000mN2021000E3144000,3526751794,
4658,CRS3035RES1000mN2021000E3144000,3839306060,97.0
4659,CRS3035RES1000mN2021000E3144000,4214697664,54.0
4660,CRS3035RES1000mN2021000E3144000,4338252586,
4661,CRS3035RES1000mN2021000E3144000,4401271633,
4662,CRS3035RES1000mN2021000E3144000,4515476768,78.0
4663,CRS3035RES1000mN2021000E3144000,4569910891,67.0
4664,CRS3035RES1000mN2021000E3144000,4703730491,77.0
4665,CRS3035RES1000mN2021000E3144000,4707870392,71.0
4666,CRS3035RES1000mN2021000E3144000,4789037769,87.0
4667,CRS3035RES1000mN2021000E3144000,4794233143,
4668,CRS3035RES1000mN2021000E3144000,4870405674,54.0
4669,CRS3035RES1000mN2021000E3144000,5139379922,59.0
4670,CRS3035RES1000mN2021000E3144000,5160337425,70.0
4671,CRS3035RES1000mN2021000E3144000,5196199575,80.0
4672,CRS3035RES1000mN2021000E3144000,5341570554,79.0
4673,CRS3035RES1000mN2021000E3144000,5345949864,109.0
4674,CRS3035RES1000mN2021000E3144000,5448507385,
4675,CRS3035RES1000mN2021000E3144000,5604693894,
4676,CRS3035RES1000mN2021000E3144000,5670401989,
4677,CRS3035RES1000mN2021000E3144000,5942671299,104.0
4678,CRS3035RES1000mN2021000E3144000,5943980960,31.0
4679,CRS3035RES1000mN2021000E3144000,6185791451,
4680,CRS3035RES1000mN2021000E3144000,6188948286,99.0
4681,CRS3035RES1000mN2021000E3144000,6555800191,15.0
4682,CRS3035RES1000mN2021000E3144000,6885254479,93.0
4683,CRS3035RES1000mN2021000E3144000,7222611268,
4684,CRS3035RES1000mN2021000E3144000,7408961006,
4685,CRS3035RES1000mN2021000E3144000,7619964683,
4686,CRS3035RES1000mN2021000E3144000,7836562695,113.0
4687,CRS3035RES1000mN2021000E3144000,8493729364,64.0
4688,CRS3035RES1000mN2021000E3144000,8557885377,103.0
4689,CRS3035RES1000mN2021000E3144000,8807212208,72.0
4690,CRS3035RES1000mN2021000E3144000,8844229173,78.0
4691,CRS3035RES1000mN2021000E3144000,8878422600,95.0
4692,CRS3035RES1000mN2021000E3144000,9595709188,82.0
4693,CRS3035RES1000mN2021000E3144000,9611387099,58.0
4694,CRS3035RES1000mN2021000E3144000,9712656915,65.0
4695,CRS3035RES1000mN2021000E3144000,9713142744,72.0
4696,CRS3035RES1000mN2021000E3144000,9815746657,
4697,CRS3035RES1000mN2021000E3144000,10004871512,98.0
4698,CRS3035RES1000mN2021000E3144000,10281174134,
4699,CRS3035RES1000mN2021000E3144000,10580337411,101.0
4700,CRS3035RES1000mN2021000E3144000,10899442604,37.0
4701,CRS3035RES1000mN2021000E3144000,10922657146,28.0
4702,CRS3035RES1000mN2021000E3144000,11127499928,99.0
4703,CRS3035RES1000mN2021000E3144000,11143725881,80.0
4704,CRS3035RES1000mN2021000E3144000,11243087140,101.0
4705,CRS3035RES1000mN2021000E3144000,11269399969,80.0
4706,CRS3035RES1000mN2021000E3144000,11287269362,97.0
4707,CRS3035RES1000mN2021000E3144000,11287269363,115.0
4708,CRS3035RES1000mN2021000E3144000,11369705764,106.0
4709,CRS3035RES1000mN2021000E3144000,11387776374,93.0
4710,CRS3035RES1000mN2021000E3144000,11461799040,
4711,CRS3035RES1000mN2021000E3144000,11462802981,76.0
4712,CRS3035RES1000mN2021000E3144000,11652077658,82.0
4713,CRS3035RES1000mN2021000E3144000,11691390164,70.0
4714,CRS3035RES1000mN2021000E3144000,11739757462,54.0
4715,CRS3035RES1000mN2021000E3144000,12178446726,60.0
4716,CRS3035RES1000mN2021000E3144000,12407425114,84.0
4717,CRS3035RES1000mN2021000E3144000,12865480228,98.0
4718,CRS3035RES1000mN2021000E3144000,2960630,30.0
4719,CRS3035RES1000mN2021000E3144000,3554044,21.0
4720,CRS3035RES1000mN2021000E3144000,3557906,52.0
4721,CRS3035RES1000mN2021000E3144000,5231361,75.0
4722,CRS3035RES1000mN2021000E3144000,9314566,118.0
4723,CRS3035RES1000mN2021000E3144000,13696257,103.0
4724,CRS3035RES1000mN2021000E3144000,15996131,73.0
4725,CRS3035RES1000mN2021000E3144000,23526191,86.0
4726,CRS3035RES1000mN2021000E3144000,23545719,90.0
4727,CRS3035RES1000mN2021000E3144000,30599279,46.0
4728,CRS3035RES1000mN2021000E3144000,30649229,72.0
4729,CRS3035RES1000mN2021000E3144000,32198651,
4730,CRS3035RES1000mN2021000E3144000,34945111,45.0
4731,CRS3035RES1000mN2021000E3144000,50170625,
4732,CRS3035RES1000mN2021000E3144000,82887228,95.0
4733,CRS3035RES1000mN2021000E3144000,92484952,94.0
4734,CRS3035RES1000mN2021000E3144000,95794713,92.0
4735,CRS3035RES1000mN2021000E3144000,96418670,41.0
4736,CRS3035RES1000mN2021000E3144000,98502686,78.0
4737,CRS3035RES1000mN2021000E3144000,132613257,92.0
4738,CRS3035RES1000mN2021000E3144000,135036040,97.0
4739,CRS3035RES1000mN2021000E3144000,150772489,75.0
4740,CRS3035RES1000mN2021000E3144000,154118456,90.0
4741,CRS3035RES1000mN2021000E3144000,157375776,96.0
4742,CRS3035RES1000mN2021000E3144000,158211204,14.0
4743,CRS3035RES1000mN2021000E3144000,162072415,50.0
4744,CRS3035RES1000mN2021000E3144000,162117720,91.0
4745,CRS3035RES1000mN2021000E3144000,170487273,
4746,CRS3035RES1000mN2021000E3144000,172686062,41.0
4747,CRS3035RES1000mN2021000E3144000,174318235,41.0
4748,CRS3035RES1000mN2021000E3144000,174318237,35.0
4749,CRS3035RES1000mN2021000E3144000,205060159,
4750,CRS3035RES1000mN2021000E3144000,205757163,
4751,CRS3035RES1000mN2021000E3144000,221095520,102.0
4752,CRS3035RES1000mN2021000E3144000,224503374,77.0
4753,CRS3035RES1000mN2021000E3144000,227333462,87.0
4754,CRS3035RES1000mN2021000E3144000,229117454,79.0
4755,CRS3035RES1000mN2021000E3144000,261460389,
4756,CRS3035RES1000mN2021000E3144000,283450022,62.0
4757,CRS3035RES1000mN2021000E3144000,288994040,57.0
4758,CRS3035RES1000mN2021000E3144000,296744564,
4759,CRS3035RES1000mN2021000E3144000,297526406,97.0
4760,CRS3035RES1000mN2021000E3144000,300709861,60.0
4761,CRS3035RES1000mN2021000E3144000,301444634,87.0
4762,CRS3035RES1000mN2021000E3144000,302721609,77.0
4763,CRS3035RES1000mN2021000E3144000,308195630,109.0
4764,CRS3035RES1000mN2021000E3144000,312777902,58.0
4765,CRS3035RES1000mN2021000E3144000,330154630,
4766,CRS3035RES1000mN2021000E3144000,340205456,76.0
4767,CRS3035RES1000mN2021000E3144000,367883612,93.0
4768,CRS3035RES1000mN2021000E3144000,368211943,93.0
4769,CRS3035RES1000mN2021000E3144000,374180360,97.0
4770,CRS3035RES1000mN2021000E3144000,375369499,84.0
4771,CRS3035RES1000mN2021000E3144000,383494544,81.0
4772,CRS3035RES1000mN2021000E3144000,384574591,53.0
4773,CRS3035RES1000mN2021000E3144000,403538322,113.0
4774,CRS3035RES1000mN2021000E3144000,403859503,72.0
4775,CRS3035RES1000mN2021000E3144000,437050442,69.0
4776,CRS3035RES1000mN2021000E3144000,459881697,88.0
4777,CRS3035RES1000mN2021000E3144000,477278425,
4778,CRS3035RES1000mN2021000E3144000,486879235,
4779,CRS3035RES1000mN2021000E3144000,493748377,56.0
4780,CRS3035RES1000mN2021000E3144000,498234201,70.0
4781,CRS3035RES1000mN2021000E3144000,504315026,99.0
4782,CRS3035RES1000mN2021000E3144000,548701490,88.0
4783,CRS3035RES1000mN2021000E3144000,574210084,91.0
4784,CRS3035RES1000mN2021000E3144000,576094143,54.0
4785,CRS3035RES1000mN2021000E3144000,584409067,111.0
4786,CRS3035RES1000mN2021000E3144000,635512756,97.0
4787,CRS3035RES1000mN2021000E3144000,638492224,
4788,CRS3035RES1000mN2021000E3144000,653913062,99.0
4789,CRS3035RES1000mN2021000E3144000,659866770,
4790,CRS3035RES1000mN2021000E3144000,697717972,31.0
4791,CRS3035RES1000mN2021000E3144000,717194862,
4792,CRS3035RES1000mN2021000E3144000,736899303,107.0
4793,CRS3035RES1000mN2021000E3144000,738042217,77.0
4794,CRS3035RES1000mN2021000E3144000,839611983,
4795,CRS3035RES1000mN2021000E3144000,957893520,67.0
4796,CRS3035RES1000mN2021000E3144000,963308110,95.0
4797,CRS3035RES1000mN2021000E3144000,1073283182,74.0
4798,CRS3035RES1000mN2021000E3144000,1252864015,95.0
4799,CRS3035RES1000mN2021000E3144000,1283203658,94.0
4800,CRS3035RES1000mN2021000E3145000,25526,57.0
4801,CRS3035RES1000mN2021000E3145000,1774,78.0
4802,CRS3035RES1000mN2021000E3145000,1770,94.0
4803,CRS3035RES1000mN2021000E3145000,1773,97.0
4804,CRS3035RES1000mN2021000E3145000,1771,71.0
4805,CRS3035RES1000mN2021000E3145000,123303,78.0
4806,CRS3035RES1000mN2021000E3145000,1764,75.0
4807,CRS3035RES1000mN2021000E3145000,181101,96.0
4808,CRS3035RES1000mN2021000E3145000,5765642,67.0
4809,CRS3035RES1000mN2021000E3145000,86719,85.0
4810,CRS3035RES1000mN2021000E3145000,1800,94.0
4811,CRS3035RES1000mN2021000E3145000,1757,59.0
4812,CRS3035RES1000mN2021000E3145000,1755,74.0
4813,CRS3035RES1000mN2021000E3145000,1882,68.0
4814,CRS3035RES1000mN2021000E3145000,1745,91.0
4815,CRS3035RES1000mN2021000E3145000,1794,87.0
4816,CRS3035RES1000mN2021000E3145000,1762,79.0
4817,CRS3035RES1000mN2021000E3145000,51188,78.0
4818,CRS3035RES1000mN2021000E3145000,6893633,83.0
4819,CRS3035RES1000mN2021000E3145000,167128,94.0
4820,CRS3035RES1000mN2021000E3145000,1760,83.0
4821,CRS3035RES1000mN2021000E3145000,12773298,82.0
4822,CRS3035RES1000mN2021000E3145000,1754,88.0
4823,CRS3035RES1000mN2021000E3145000,1748,93.0
4824,CRS3035RES1000mN2021000E3145000,79941,96.0
4825,CRS3035RES1000mN2021000E3145000,1750,88.0
4826,CRS3035RES1000mN2021000E3145000,5975465,74.0
4827,CRS3035RES1000mN2021000E3145000,115056,93.0
4828,CRS3035RES1000mN2021000E3145000,1790,86.0
4829,CRS3035RES1000mN2021000E3145000,1756,71.0
4830,CRS3035RES1000mN2021000E3145000,51849,88.0
4831,CRS3035RES1000mN2021000E3145000,185595,82.0
4832,CRS3035RES1000mN2021000E3145000,7697128,65.0
4833,CRS3035RES1000mN2021000E3145000,10395362,96.0
4834,CRS3035RES1000mN2021000E3145000,1759,81.0
4835,CRS3035RES1000mN2021000E3145000,1752,88.0
4836,CRS3035RES1000mN2021000E3145000,186714,84.0
4837,CRS3035RES1000mN2021000E3145000,1753,88.0
4838,CRS3035RES1000mN2021000E3145000,1792,89.0
4839,CRS3035RES1000mN2021000E3145000,1763,75.0
4840,CRS3035RES1000mN2021000E3145000,1746,95.0
4841,CRS3035RES1000mN2021000E3145000,11572165,85.0
4842,CRS3035RES1000mN2021000E3145000,1761,84.0
4843,CRS3035RES1000mN2021000E3145000,1747,97.0
4844,CRS3035RES1000mN2021000E3145000,5768564,57.0
4845,CRS3035RES1000mN2021000E3145000,1798,70.0
4846,CRS3035RES1000mN2021000E3145000,66904,88.0
4847,CRS3035RES1000mN2021000E3145000,1777,73.0
4848,CRS3035RES1000mN2021000E3145000,1765,82.0
4849,CRS3035RES1000mN2021000E3145000,49416,90.0
4850,CRS3035RES1000mN2021000E3145000,12734939,90.0
4851,CRS3035RES1000mN2021000E3145000,167386167,74.0
4852,CRS3035RES1000mN2021000E3145000,295933804,77.0
4853,CRS3035RES1000mN2021000E3145000,303340017,99.0
4854,CRS3035RES1000mN2021000E3145000,315355551,78.0
4855,CRS3035RES1000mN2021000E3145000,339084977,76.0
4856,CRS3035RES1000mN2021000E3145000,412911553,77.0
4857,CRS3035RES1000mN2021000E3145000,558126037,73.0
4858,CRS3035RES1000mN2021000E3145000,711789768,67.0
4859,CRS3035RES1000mN2021000E3145000,727666062,
4860,CRS3035RES1000mN2021000E3145000,848085869,60.0
4861,CRS3035RES1000mN2021000E3145000,1056098898,87.0
4862,CRS3035RES1000mN2021000E3145000,1255438242,
4863,CRS3035RES1000mN2021000E3145000,1469985039,103.0
4864,CRS3035RES1000mN2021000E3145000,1504302537,
4865,CRS3035RES1000mN2021000E3145000,1511617504,44.0
4866,CRS3035RES1000mN2021000E3145000,1541601287,100.0
4867,CRS3035RES1000mN2021000E3145000,1544591296,89.0
4868,CRS3035RES1000mN2021000E3145000,1598174183,96.0
4869,CRS3035RES1000mN2021000E3145000,1629887846,100.0
4870,CRS3035RES1000mN2021000E3145000,1686660176,97.0
4871,CRS3035RES1000mN2021000E3145000,1716927336,98.0
4872,CRS3035RES1000mN2021000E3145000,1734554324,114.0
4873,CRS3035RES1000mN2021000E3145000,1849109335,101.0
4874,CRS3035RES1000mN2021000E3145000,2028408680,50.0
4875,CRS3035RES1000mN2021000E3145000,2036887702,
4876,CRS3035RES1000mN2021000E3145000,2061404218,101.0
4877,CRS3035RES1000mN2021000E3145000,2134238030,109.0
4878,CRS3035RES1000mN2021000E3145000,2261600754,
4879,CRS3035RES1000mN2021000E3145000,2301402027,107.0
4880,CRS3035RES1000mN2021000E3145000,2303966810,71.0
4881,CRS3035RES1000mN2021000E3145000,2312029862,99.0
4882,CRS3035RES1000mN2021000E3145000,2408860250,116.0
4883,CRS3035RES1000mN2021000E3145000,2620185829,81.0
4884,CRS3035RES1000mN2021000E3145000,2622508931,77.0
4885,CRS3035RES1000mN2021000E3145000,2672130951,102.0
4886,CRS3035RES1000mN2021000E3145000,2710518818,110.0
4887,CRS3035RES1000mN2021000E3145000,3034026261,74.0
4888,CRS3035RES1000mN2021000E3145000,3179889751,
4889,CRS3035RES1000mN2021000E3145000,3206611978,
4890,CRS3035RES1000mN2021000E3145000,3272828439,58.0
4891,CRS3035RES1000mN2021000E3145000,3452364276,100.0
4892,CRS3035RES1000mN2021000E3145000,3452364277,83.0
4893,CRS3035RES1000mN2021000E3145000,3495733197,
4894,CRS3035RES1000mN2021000E3145000,3497154853,
4895,CRS3035RES1000mN2021000E3145000,3517755445,
4896,CRS3035RES1000mN2021000E3145000,3522125657,
4897,CRS3035RES1000mN2021000E3145000,3526751794,
4898,CRS3035RES1000mN2021000E3145000,3839306060,102.0
4899,CRS3035RES1000mN2021000E3145000,4214697664,64.0
4900,CRS3035RES1000mN2021000E3145000,4338252586,
4901,CRS3035RES1000mN2021000E3145000,4401271633,
4902,CRS3035RES1000mN2021000E3145000,4515476768,80.0
4903,CRS3035RES1000mN2021000E3145000,4569910891,70.0
4904,CRS3035RES1000mN2021000E3145000,4703730491,79.0
4905,CRS3035RES1000mN2021000E3145000,4707870392,74.0
4906,CRS3035RES1000mN2021000E3145000,4789037769,115.0
4907,CRS3035RES1000mN2021000E3145000,4794233143,
4908,CRS3035RES1000mN2021000E3145000,4870405674,58.0
4909,CRS3035RES1000mN2021000E3145000,5139379922,92.0
4910,CRS3035RES1000mN2021000E3145000,5160337425,76.0
4911,CRS3035RES1000mN2021000E3145000,5196199575,81.0
4912,CRS3035RES1000mN2021000E3145000,5341570554,88.0
4913,CRS3035RES1000mN2021000E3145000,5345949864,109.0
4914,CRS3035RES1000mN2021000E3145000,5448507385,
4915,CRS3035RES1000mN2021000E3145000,5604693894,
4916,CRS3035RES1000mN2021000E3145000,5670401989,
4917,CRS3035RES1000mN2021000E3145000,5942671299,114.0
4918,CRS3035RES1000mN2021000E3145000,5943980960,60.0
4919,CRS3035RES1000mN2021000E3145000,6185791451,
4920,CRS3035RES1000mN2021000E3145000,6188948286,107.0
4921,CRS3035RES1000mN2021000E3145000,6555800191,29.0
4922,CRS3035RES1000mN2021000E3145000,6885254479,94.0
4923,CRS3035RES1000mN2021000E3145000,7222611268,
4924,CRS3035RES1000mN2021000E3145000,7408961006,
4925,CRS3035RES1000mN2021000E3145000,7619964683,
4926,CRS3035RES1000mN2021000E3145000,7836562695,113.0
4927,CRS3035RES1000mN2021000E3145000,8493729364,75.0
4928,CRS3035RES1000mN2021000E3145000,8557885377,
4929,CRS3035RES1000mN2021000E3145000,8807212208,75.0
4930,CRS3035RES1000mN2021000E3145000,8844229173,81.0
4931,CRS3035RES1000mN2021000E3145000,8878422600,97.0
4932,CRS3035RES1000mN2021000E3145000,9595709188,84.0
4933,CRS3035RES1000mN2021000E3145000,9611387099,69.0
4934,CRS3035RES1000mN2021000E3145000,9712656915,71.0
4935,CRS3035RES1000mN2021000E3145000,9713142744,75.0
4936,CRS3035RES1000mN2021000E3145000,9815746657,
4937,CRS3035RES1000mN2021000E3145000,10004871512,99.0
4938,CRS3035RES1000mN2021000E3145000,10281174134,
4939,CRS3035RES1000mN2021000E3145000,10580337411,106.0
4940,CRS3035RES1000mN2021000E3145000,10899442604,53.0
4941,CRS3035RES1000mN2021000E3145000,10922657146,43.0
4942,CRS3035RES1000mN2021000E3145000,11127499928,99.0
4943,CRS3035RES1000mN2021000E3145000,11143725881,95.0
4944,CRS3035RES1000mN2021000E3145000,11243087140,102.0
4945,CRS3035RES1000mN2021000E3145000,11269399969,85.0
4946,CRS3035RES1000mN2021000E3145000,11287269362,102.0
4947,CRS3035RES1000mN2021000E3145000,11287269363,
4948,CRS3035RES1000mN2021000E3145000,11369705764,112.0
4949,CRS3035RES1000mN2021000E3145000,11387776374,101.0
4950,CRS3035RES1000mN2021000E3145000,11461799040,
4951,CRS3035RES1000mN2021000E3145000,11462802981,85.0
4952,CRS3035RES1000mN2021000E3145000,11652077658,99.0
4953,CRS3035RES1000mN2021000E3145000,11691390164,77.0
4954,CRS3035RES1000mN2021000E3145000,11739757462,74.0
4955,CRS3035RES1000mN2021000E3145000,12178446726,71.0
4956,CRS3035RES1000mN2021000E3145000,12407425114,90.0
4957,CRS3035RES1000mN2021000E3145000,12865480228,103.0
4958,CRS3035RES1000mN2021000E3145000,2960630,41.0
4959,CRS3035RES1000mN2021000E3145000,3554044,9.0
4960,CRS3035RES1000mN2021000E3145000,3557906,68.0
4961,CRS3035RES1000mN2021000E3145000,5231361,81.0
4962,CRS3035RES1000mN2021000E3145000,9314566,
4963,CRS3035RES1000mN2021000E3145000,13696257,104.0
4964,CRS3035RES1000mN2021000E3145000,15996131,77.0
4965,CRS3035RES1000mN2021000E3145000,23526191,89.0
4966,CRS3035RES1000mN2021000E3145000,23545719,92.0
4967,CRS3035RES1000mN2021000E3145000,30599279,61.0
4968,CRS3035RES1000mN2021000E3145000,30649229,77.0
4969,CRS3035RES1000mN2021000E3145000,32198651,
4970,CRS3035RES1000mN2021000E3145000,34945111,61.0
4971,CRS3035RES1000mN2021000E3145000,50170625,
4972,CRS3035RES1000mN2021000E3145000,82887228,103.0
4973,CRS3035RES1000mN2021000E3145000,92484952,95.0
4974,CRS3035RES1000mN2021000E3145000,95794713,100.0
4975,CRS3035RES1000mN2021000E3145000,96418670,57.0
4976,CRS3035RES1000mN2021000E3145000,98502686,86.0
4977,CRS3035RES1000mN2021000E3145000,132613257,101.0
4978,CRS3035RES1000mN2021000E3145000,135036040,100.0
4979,CRS3035RES1000mN2021000E3145000,150772489,82.0
4980,CRS3035RES1000mN2021000E3145000,154118456,91.0
4981,CRS3035RES1000mN2021000E3145000,157375776,96.0
4982,CRS3035RES1000mN2021000E3145000,158211204,23.0
4983,CRS3035RES1000mN2021000E3145000,162072415,65.0
4984,CRS3035RES1000mN2021000E3145000,162117720,103.0
4985,CRS3035RES1000mN2021000E3145000,170487273,
4986,CRS3035RES1000mN2021000E3145000,172686062,45.0
4987,CRS3035RES1000mN2021000E3145000,174318235,54.0
4988,CRS3035RES1000mN2021000E3145000,174318237,51.0
4989,CRS3035RES1000mN2021000E3145000,205060159,
4990,CRS3035RES1000mN2021000E3145000,205757163,
4991,CRS3035RES1000mN2021000E3145000,221095520,106.0
4992,CRS3035RES1000mN2021000E3145000,224503374,80.0
4993,CRS3035RES1000mN2021000E3145000,227333462,87.0
4994,CRS3035RES1000mN2021000E3145000,229117454,94.0
4995,CRS3035RES1000mN2021000E3145000,261460389,
4996,CRS3035RES1000mN2021000E3145000,283450022,65.0
4997,CRS3035RES1000mN2021000E3145000,288994040,69.0
4998,CRS3035RES1000mN2021000E3145000,296744564,
4999,CRS3035RES1000mN2021000E3145000,297526406,97.0
5000,CRS3035RES1000mN2021000E3145000,300709861,69.0
5001,CRS3035RES1000mN2021000E3145000,301444634,100.0
5002,CRS3035RES1000mN2021000E3145000,302721609,105.0
5003,CRS3035RES1000mN2021000E3145000,308195630,
5004,CRS3035RES1000mN2021000E3145000,312777902,69.0
5005,CRS3035RES1000mN2021000E3145000,330154630,
5006,CRS3035RES1000mN2021000E3145000,340205456,82.0
5007,CRS3035RES1000mN2021000E3145000,367883612,101.0
5008,CRS3035RES1000mN2021000E3145000,368211943,102.0
5009,CRS3035RES1000mN2021000E3145000,374180360,102.0
5010,CRS3035RES1000mN2021000E3145000,375369499,85.0
5011,CRS3035RES1000mN2021000E3145000,383494544,84.0
5012,CRS3035RES1000mN2021000E3145000,384574591,68.0
5013,CRS3035RES1000mN2021000E3145000,403538322,113.0
5014,CRS3035RES1000mN2021000E3145000,403859503,78.0
5015,CRS3035RES1000mN2021000E3145000,437050442,86.0
5016,CRS3035RES1000mN2021000E3145000,459881697,88.0
5017,CRS3035RES1000mN2021000E3145000,477278425,
5018,CRS3035RES1000mN2021000E3145000,486879235,
5019,CRS3035RES1000mN2021000E3145000,493748377,73.0
5020,CRS3035RES1000mN2021000E3145000,498234201,87.0
5021,CRS3035RES1000mN2021000E3145000,504315026,104.0
5022,CRS3035RES1000mN2021000E3145000,548701490,112.0
5023,CRS3035RES1000mN2021000E3145000,574210084,115.0
5024,CRS3035RES1000mN2021000E3145000,576094143,71.0
5025,CRS3035RES1000mN2021000E3145000,584409067,
5026,CRS3035RES1000mN2021000E3145000,635512756,97.0
5027,CRS3035RES1000mN2021000E3145000,638492224,
5028,CRS3035RES1000mN2021000E3145000,653913062,99.0
5029,CRS3035RES1000mN2021000E3145000,659866770,
5030,CRS3035RES1000mN2021000E3145000,697717972,46.0
5031,CRS3035RES1000mN2021000E3145000,717194862,
5032,CRS3035RES1000mN2021000E3145000,736899303,107.0
5033,CRS3035RES1000mN2021000E3145000,738042217,105.0
5034,CRS3035RES1000mN2021000E3145000,839611983,
5035,CRS3035RES1000mN2021000E3145000,957893520,77.0
5036,CRS3035RES1000mN2021000E3145000,963308110,103.0
5037,CRS3035RES1000mN2021000E3145000,1073283182,100.0
5038,CRS3035RES1000mN2021000E3145000,1252864015,96.0
5039,CRS3035RES1000mN2021000E3145000,1283203658,94.0
5040,CRS3035RES1000mN2022000E3137000,25526,61.0
5041,CRS3035RES1000mN2022000E3137000,1774,79.0
5042,CRS3035RES1000mN2022000E3137000,1770,108.0
5043,CRS3035RES1000mN2022000E3137000,1773,99.0
5044,CRS3035RES1000mN2022000E3137000,1771,81.0
5045,CRS3035RES1000mN2022000E3137000,123303,73.0
5046,CRS3035RES1000mN2022000E3137000,1764,86.0
5047,CRS3035RES1000mN2022000E3137000,181101,100.0
5048,CRS3035RES1000mN2022000E3137000,5765642,70.0
5049,CRS3035RES1000mN2022000E3137000,86719,88.0
5050,CRS3035RES1000mN2022000E3137000,1800,97.0
5051,CRS3035RES1000mN2022000E3137000,1757,71.0
5052,CRS3035RES1000mN2022000E3137000,1755,76.0
5053,CRS3035RES1000mN2022000E3137000,1882,80.0
5054,CRS3035RES1000mN2022000E3137000,1745,104.0
5055,CRS3035RES1000mN2022000E3137000,1794,99.0
5056,CRS3035RES1000mN2022000E3137000,1762,88.0
5057,CRS3035RES1000mN2022000E3137000,51188,90.0
5058,CRS3035RES1000mN2022000E3137000,6893633,90.0
5059,CRS3035RES1000mN2022000E3137000,167128,95.0
5060,CRS3035RES1000mN2022000E3137000,1760,95.0
5061,CRS3035RES1000mN2022000E3137000,12773298,93.0
5062,CRS3035RES1000mN2022000E3137000,1754,85.0
5063,CRS3035RES1000mN2022000E3137000,1748,96.0
5064,CRS3035RES1000mN2022000E3137000,79941,108.0
5065,CRS3035RES1000mN2022000E3137000,1750,100.0
5066,CRS3035RES1000mN2022000E3137000,5975465,80.0
5067,CRS3035RES1000mN2022000E3137000,115056,106.0
5068,CRS3035RES1000mN2022000E3137000,1790,98.0
5069,CRS3035RES1000mN2022000E3137000,1756,73.0
5070,CRS3035RES1000mN2022000E3137000,51849,97.0
5071,CRS3035RES1000mN2022000E3137000,185595,92.0
5072,CRS3035RES1000mN2022000E3137000,7697128,77.0
5073,CRS3035RES1000mN2022000E3137000,10395362,107.0
5074,CRS3035RES1000mN2022000E3137000,1759,94.0
5075,CRS3035RES1000mN2022000E3137000,1752,88.0
5076,CRS3035RES1000mN2022000E3137000,186714,97.0
5077,CRS3035RES1000mN2022000E3137000,1753,92.0
5078,CRS3035RES1000mN2022000E3137000,1792,91.0
5079,CRS3035RES1000mN2022000E3137000,1763,78.0
5080,CRS3035RES1000mN2022000E3137000,1746,104.0
5081,CRS3035RES1000mN2022000E3137000,11572165,84.0
5082,CRS3035RES1000mN2022000E3137000,1761,87.0
5083,CRS3035RES1000mN2022000E3137000,1747,99.0
5084,CRS3035RES1000mN2022000E3137000,5768564,68.0
5085,CRS3035RES1000mN2022000E3137000,1798,74.0
5086,CRS3035RES1000mN2022000E3137000,66904,95.0
5087,CRS3035RES1000mN2022000E3137000,1777,84.0
5088,CRS3035RES1000mN2022000E3137000,1765,90.0
5089,CRS3035RES1000mN2022000E3137000,49416,93.0
5090,CRS3035RES1000mN2022000E3137000,12734939,93.0
5091,CRS3035RES1000mN2022000E3137000,167386167,84.0
5092,CRS3035RES1000mN2022000E3137000,295933804,96.0
5093,CRS3035RES1000mN2022000E3137000,303340017,102.0
5094,CRS3035RES1000mN2022000E3137000,315355551,100.0
5095,CRS3035RES1000mN2022000E3137000,339084977,80.0
5096,CRS3035RES1000mN2022000E3137000,412911553,86.0
5097,CRS3035RES1000mN2022000E3137000,558126037,86.0
5098,CRS3035RES1000mN2022000E3137000,711789768,70.0
5099,CRS3035RES1000mN2022000E3137000,727666062,
5100,CRS3035RES1000mN2022000E3137000,848085869,72.0
5101,CRS3035RES1000mN2022000E3137000,1056098898,97.0
5102,CRS3035RES1000mN2022000E3137000,1255438242,
5103,CRS3035RES1000mN2022000E3137000,1469985039,106.0
5104,CRS3035RES1000mN2022000E3137000,1504302537,
5105,CRS3035RES1000mN2022000E3137000,1511617504,53.0
5106,CRS3035RES1000mN2022000E3137000,1541601287,108.0
5107,CRS3035RES1000mN2022000E3137000,1544591296,100.0
5108,CRS3035RES1000mN2022000E3137000,1598174183,113.0
5109,CRS3035RES1000mN2022000E3137000,1629887846,118.0
5110,CRS3035RES1000mN2022000E3137000,1686660176,109.0
5111,CRS3035RES1000mN2022000E3137000,1716927336,100.0
5112,CRS3035RES1000mN2022000E3137000,1734554324,
5113,CRS3035RES1000mN2022000E3137000,1849109335,104.0
5114,CRS3035RES1000mN2022000E3137000,2028408680,38.0
5115,CRS3035RES1000mN2022000E3137000,2036887702,
5116,CRS3035RES1000mN2022000E3137000,2061404218,103.0
5117,CRS3035RES1000mN2022000E3137000,2134238030,
5118,CRS3035RES1000mN2022000E3137000,2261600754,
5119,CRS3035RES1000mN2022000E3137000,2301402027,
5120,CRS3035RES1000mN2022000E3137000,2303966810,74.0
5121,CRS3035RES1000mN2022000E3137000,2312029862,116.0
5122,CRS3035RES1000mN2022000E3137000,2408860250,119.0
5123,CRS3035RES1000mN2022000E3137000,2620185829,90.0
5124,CRS3035RES1000mN2022000E3137000,2622508931,86.0
5125,CRS3035RES1000mN2022000E3137000,2672130951,105.0
5126,CRS3035RES1000mN2022000E3137000,2710518818,113.0
5127,CRS3035RES1000mN2022000E3137000,3034026261,78.0
5128,CRS3035RES1000mN2022000E3137000,3179889751,
5129,CRS3035RES1000mN2022000E3137000,3206611978,
5130,CRS3035RES1000mN2022000E3137000,3272828439,70.0
5131,CRS3035RES1000mN2022000E3137000,3452364276,113.0
5132,CRS3035RES1000mN2022000E3137000,3452364277,95.0
5133,CRS3035RES1000mN2022000E3137000,3495733197,
5134,CRS3035RES1000mN2022000E3137000,3497154853,
5135,CRS3035RES1000mN2022000E3137000,3517755445,
5136,CRS3035RES1000mN2022000E3137000,3522125657,
5137,CRS3035RES1000mN2022000E3137000,3526751794,
5138,CRS3035RES1000mN2022000E3137000,3839306060,115.0
5139,CRS3035RES1000mN2022000E3137000,4214697664,69.0
5140,CRS3035RES1000mN2022000E3137000,4338252586,
5141,CRS3035RES1000mN2022000E3137000,4401271633,
5142,CRS3035RES1000mN2022000E3137000,4515476768,85.0
5143,CRS3035RES1000mN2022000E3137000,4569910891,82.0
5144,CRS3035RES1000mN2022000E3137000,4703730491,92.0
5145,CRS3035RES1000mN2022000E3137000,4707870392,86.0
5146,CRS3035RES1000mN2022000E3137000,4789037769,116.0
5147,CRS3035RES1000mN2022000E3137000,4794233143,
5148,CRS3035RES1000mN2022000E3137000,4870405674,69.0
5149,CRS3035RES1000mN2022000E3137000,5139379922,104.0
5150,CRS3035RES1000mN2022000E3137000,5160337425,85.0
5151,CRS3035RES1000mN2022000E3137000,5196199575,102.0
5152,CRS3035RES1000mN2022000E3137000,5341570554,89.0
5153,CRS3035RES1000mN2022000E3137000,5345949864,110.0
5154,CRS3035RES1000mN2022000E3137000,5448507385,
5155,CRS3035RES1000mN2022000E3137000,5604693894,
5156,CRS3035RES1000mN2022000E3137000,5670401989,
5157,CRS3035RES1000mN2022000E3137000,5942671299,117.0
5158,CRS3035RES1000mN2022000E3137000,5943980960,71.0
5159,CRS3035RES1000mN2022000E3137000,6185791451,
5160,CRS3035RES1000mN2022000E3137000,6188948286,112.0
5161,CRS3035RES1000mN2022000E3137000,6555800191,47.0
5162,CRS3035RES1000mN2022000E3137000,6885254479,102.0
5163,CRS3035RES1000mN2022000E3137000,7222611268,
5164,CRS3035RES1000mN2022000E3137000,7408961006,
5165,CRS3035RES1000mN2022000E3137000,7619964683,
5166,CRS3035RES1000mN2022000E3137000,7836562695,
5167,CRS3035RES1000mN2022000E3137000,8493729364,78.0
5168,CRS3035RES1000mN2022000E3137000,8557885377,
5169,CRS3035RES1000mN2022000E3137000,8807212208,87.0
5170,CRS3035RES1000mN2022000E3137000,8844229173,92.0
5171,CRS3035RES1000mN2022000E3137000,8878422600,100.0
5172,CRS3035RES1000mN2022000E3137000,9595709188,96.0
5173,CRS3035RES1000mN2022000E3137000,9611387099,72.0
5174,CRS3035RES1000mN2022000E3137000,9712656915,80.0
5175,CRS3035RES1000mN2022000E3137000,9713142744,87.0
5176,CRS3035RES1000mN2022000E3137000,9815746657,
5177,CRS3035RES1000mN2022000E3137000,10004871512,116.0
5178,CRS3035RES1000mN2022000E3137000,10281174134,
5179,CRS3035RES1000mN2022000E3137000,10580337411,119.0
5180,CRS3035RES1000mN2022000E3137000,10899442604,63.0
5181,CRS3035RES1000mN2022000E3137000,10922657146,54.0
5182,CRS3035RES1000mN2022000E3137000,11127499928,119.0
5183,CRS3035RES1000mN2022000E3137000,11143725881,98.0
5184,CRS3035RES1000mN2022000E3137000,11243087140,110.0
5185,CRS3035RES1000mN2022000E3137000,11269399969,95.0
5186,CRS3035RES1000mN2022000E3137000,11287269362,
5187,CRS3035RES1000mN2022000E3137000,11287269363,
5188,CRS3035RES1000mN2022000E3137000,11369705764,
5189,CRS3035RES1000mN2022000E3137000,11387776374,104.0
5190,CRS3035RES1000mN2022000E3137000,11461799040,
5191,CRS3035RES1000mN2022000E3137000,11462802981,88.0
5192,CRS3035RES1000mN2022000E3137000,11652077658,102.0
5193,CRS3035RES1000mN2022000E3137000,11691390164,86.0
5194,CRS3035RES1000mN2022000E3137000,11739757462,83.0
5195,CRS3035RES1000mN2022000E3137000,12178446726,73.0
5196,CRS3035RES1000mN2022000E3137000,12407425114,98.0
5197,CRS3035RES1000mN2022000E3137000,12865480228,116.0
5198,CRS3035RES1000mN2022000E3137000,2960630,30.0
5199,CRS3035RES1000mN2022000E3137000,3554044,62.0
5200,CRS3035RES1000mN2022000E3137000,3557906,78.0
5201,CRS3035RES1000mN2022000E3137000,5231361,91.0
5202,CRS3035RES1000mN2022000E3137000,9314566,
5203,CRS3035RES1000mN2022000E3137000,13696257,119.0
5204,CRS3035RES1000mN2022000E3137000,15996131,87.0
5205,CRS3035RES1000mN2022000E3137000,23526191,101.0
5206,CRS3035RES1000mN2022000E3137000,23545719,104.0
5207,CRS3035RES1000mN2022000E3137000,30599279,67.0
5208,CRS3035RES1000mN2022000E3137000,30649229,86.0
5209,CRS3035RES1000mN2022000E3137000,32198651,
5210,CRS3035RES1000mN2022000E3137000,34945111,71.0
5211,CRS3035RES1000mN2022000E3137000,50170625,
5212,CRS3035RES1000mN2022000E3137000,82887228,109.0
5213,CRS3035RES1000mN2022000E3137000,92484952,115.0
5214,CRS3035RES1000mN2022000E3137000,95794713,103.0
5215,CRS3035RES1000mN2022000E3137000,96418670,67.0
5216,CRS3035RES1000mN2022000E3137000,98502686,93.0
5217,CRS3035RES1000mN2022000E3137000,132613257,103.0
5218,CRS3035RES1000mN2022000E3137000,135036040,109.0
5219,CRS3035RES1000mN2022000E3137000,150772489,90.0
5220,CRS3035RES1000mN2022000E3137000,154118456,94.0
5221,CRS3035RES1000mN2022000E3137000,157375776,116.0
5222,CRS3035RES1000mN2022000E3137000,158211204,47.0
5223,CRS3035RES1000mN2022000E3137000,162072415,71.0
5224,CRS3035RES1000mN2022000E3137000,162117720,107.0
5225,CRS3035RES1000mN2022000E3137000,170487273,
5226,CRS3035RES1000mN2022000E3137000,172686062,55.0
5227,CRS3035RES1000mN2022000E3137000,174318235,72.0
5228,CRS3035RES1000mN2022000E3137000,174318237,61.0
5229,CRS3035RES1000mN2022000E3137000,205060159,
5230,CRS3035RES1000mN2022000E3137000,205757163,
5231,CRS3035RES1000mN2022000E3137000,221095520,119.0
5232,CRS3035RES1000mN2022000E3137000,224503374,92.0
5233,CRS3035RES1000mN2022000E3137000,227333462,87.0
5234,CRS3035RES1000mN2022000E3137000,229117454,97.0
5235,CRS3035RES1000mN2022000E3137000,261460389,
5236,CRS3035RES1000mN2022000E3137000,283450022,77.0
5237,CRS3035RES1000mN2022000E3137000,288994040,72.0
5238,CRS3035RES1000mN2022000E3137000,296744564,
5239,CRS3035RES1000mN2022000E3137000,297526406,
5240,CRS3035RES1000mN2022000E3137000,300709861,78.0
5241,CRS3035RES1000mN2022000E3137000,301444634,
5242,CRS3035RES1000mN2022000E3137000,302721609,106.0
5243,CRS3035RES1000mN2022000E3137000,308195630,
5244,CRS3035RES1000mN2022000E3137000,312777902,72.0
5245,CRS3035RES1000mN2022000E3137000,330154630,
5246,CRS3035RES1000mN2022000E3137000,340205456,91.0
5247,CRS3035RES1000mN2022000E3137000,367883612,107.0
5248,CRS3035RES1000mN2022000E3137000,368211943,108.0
5249,CRS3035RES1000mN2022000E3137000,374180360,118.0
5250,CRS3035RES1000mN2022000E3137000,375369499,88.0
5251,CRS3035RES1000mN2022000E3137000,383494544,96.0
5252,CRS3035RES1000mN2022000E3137000,384574591,78.0
5253,CRS3035RES1000mN2022000E3137000,403538322,
5254,CRS3035RES1000mN2022000E3137000,403859503,87.0
5255,CRS3035RES1000mN2022000E3137000,437050442,93.0
5256,CRS3035RES1000mN2022000E3137000,459881697,88.0
5257,CRS3035RES1000mN2022000E3137000,477278425,
5258,CRS3035RES1000mN2022000E3137000,486879235,
5259,CRS3035RES1000mN2022000E3137000,493748377,75.0
5260,CRS3035RES1000mN2022000E3137000,498234201,97.0
5261,CRS3035RES1000mN2022000E3137000,504315026,117.0
5262,CRS3035RES1000mN2022000E3137000,548701490,
5263,CRS3035RES1000mN2022000E3137000,574210084,
5264,CRS3035RES1000mN2022000E3137000,576094143,77.0
5265,CRS3035RES1000mN2022000E3137000,584409067,
5266,CRS3035RES1000mN2022000E3137000,635512756,119.0
5267,CRS3035RES1000mN2022000E3137000,638492224,
5268,CRS3035RES1000mN2022000E3137000,653913062,116.0
5269,CRS3035RES1000mN2022000E3137000,659866770,
5270,CRS3035RES1000mN2022000E3137000,697717972,52.0
5271,CRS3035RES1000mN2022000E3137000,717194862,
5272,CRS3035RES1000mN2022000E3137000,736899303,107.0
5273,CRS3035RES1000mN2022000E3137000,738042217,106.0
5274,CRS3035RES1000mN2022000E3137000,839611983,
5275,CRS3035RES1000mN2022000E3137000,957893520,83.0
5276,CRS3035RES1000mN2022000E3137000,963308110,106.0
5277,CRS3035RES1000mN2022000E3137000,1073283182,103.0
5278,CRS3035RES1000mN2022000E3137000,1252864015,113.0
5279,CRS3035RES1000mN2022000E3137000,1283203658,94.0
5280,CRS3035RES1000mN2022000E3138000,25526,61.0
5281,CRS3035RES1000mN2022000E3138000,1774,78.0
5282,CRS3035RES1000mN2022000E3138000,1770,108.0
5283,CRS3035RES1000mN2022000E3138000,1773,98.0
5284,CRS3035RES1000mN2022000E3138000,1771,81.0
5285,CRS3035RES1000mN2022000E3138000,123303,73.0
5286,CRS3035RES1000mN2022000E3138000,1764,87.0
5287,CRS3035RES1000mN2022000E3138000,181101,99.0
5288,CRS3035RES1000mN2022000E3138000,5765642,70.0
5289,CRS3035RES1000mN2022000E3138000,86719,88.0
5290,CRS3035RES1000mN2022000E3138000,1800,97.0
5291,CRS3035RES1000mN2022000E3138000,1757,71.0
5292,CRS3035RES1000mN2022000E3138000,1755,76.0
5293,CRS3035RES1000mN2022000E3138000,1882,81.0
5294,CRS3035RES1000mN2022000E3138000,1745,104.0
5295,CRS3035RES1000mN2022000E3138000,1794,99.0
5296,CRS3035RES1000mN2022000E3138000,1762,87.0
5297,CRS3035RES1000mN2022000E3138000,51188,91.0
5298,CRS3035RES1000mN2022000E3138000,6893633,89.0
5299,CRS3035RES1000mN2022000E3138000,167128,94.0
5300,CRS3035RES1000mN2022000E3138000,1760,95.0
5301,CRS3035RES1000mN2022000E3138000,12773298,91.0
5302,CRS3035RES1000mN2022000E3138000,1754,85.0
5303,CRS3035RES1000mN2022000E3138000,1748,96.0
5304,CRS3035RES1000mN2022000E3138000,79941,109.0
5305,CRS3035RES1000mN2022000E3138000,1750,101.0
5306,CRS3035RES1000mN2022000E3138000,5975465,80.0
5307,CRS3035RES1000mN2022000E3138000,115056,106.0
5308,CRS3035RES1000mN2022000E3138000,1790,99.0
5309,CRS3035RES1000mN2022000E3138000,1756,74.0
5310,CRS3035RES1000mN2022000E3138000,51849,96.0
5311,CRS3035RES1000mN2022000E3138000,185595,92.0
5312,CRS3035RES1000mN2022000E3138000,7697128,78.0
5313,CRS3035RES1000mN2022000E3138000,10395362,108.0
5314,CRS3035RES1000mN2022000E3138000,1759,94.0
5315,CRS3035RES1000mN2022000E3138000,1752,88.0
5316,CRS3035RES1000mN2022000E3138000,186714,97.0
5317,CRS3035RES1000mN2022000E3138000,1753,92.0
5318,CRS3035RES1000mN2022000E3138000,1792,92.0
5319,CRS3035RES1000mN2022000E3138000,1763,78.0
5320,CRS3035RES1000mN2022000E3138000,1746,103.0
5321,CRS3035RES1000mN2022000E3138000,11572165,84.0
5322,CRS3035RES1000mN2022000E3138000,1761,86.0
5323,CRS3035RES1000mN2022000E3138000,1747,98.0
5324,CRS3035RES1000mN2022000E3138000,5768564,68.0
5325,CRS3035RES1000mN2022000E3138000,1798,74.0
5326,CRS3035RES1000mN2022000E3138000,66904,97.0
5327,CRS3035RES1000mN2022000E3138000,1777,84.0
5328,CRS3035RES1000mN2022000E3138000,1765,90.0
5329,CRS3035RES1000mN2022000E3138000,49416,94.0
5330,CRS3035RES1000mN2022000E3138000,12734939,94.0
5331,CRS3035RES1000mN2022000E3138000,167386167,84.0
5332,CRS3035RES1000mN2022000E3138000,295933804,97.0
5333,CRS3035RES1000mN2022000E3138000,303340017,102.0
5334,CRS3035RES1000mN2022000E3138000,315355551,101.0
5335,CRS3035RES1000mN2022000E3138000,339084977,80.0
5336,CRS3035RES1000mN2022000E3138000,412911553,86.0
5337,CRS3035RES1000mN2022000E3138000,558126037,87.0
5338,CRS3035RES1000mN2022000E3138000,711789768,70.0
5339,CRS3035RES1000mN2022000E3138000,727666062,
5340,CRS3035RES1000mN2022000E3138000,848085869,69.0
5341,CRS3035RES1000mN2022000E3138000,1056098898,97.0
5342,CRS3035RES1000mN2022000E3138000,1255438242,
5343,CRS3035RES1000mN2022000E3138000,1469985039,107.0
5344,CRS3035RES1000mN2022000E3138000,1504302537,
5345,CRS3035RES1000mN2022000E3138000,1511617504,53.0
5346,CRS3035RES1000mN2022000E3138000,1541601287,108.0
5347,CRS3035RES1000mN2022000E3138000,1544591296,101.0
5348,CRS3035RES1000mN2022000E3138000,1598174183,113.0
5349,CRS3035RES1000mN2022000E3138000,1629887846,118.0
5350,CRS3035RES1000mN2022000E3138000,1686660176,109.0
5351,CRS3035RES1000mN2022000E3138000,1716927336,100.0
5352,CRS3035RES1000mN2022000E3138000,1734554324,
5353,CRS3035RES1000mN2022000E3138000,1849109335,104.0
5354,CRS3035RES1000mN2022000E3138000,2028408680,47.0
5355,CRS3035RES1000mN2022000E3138000,2036887702,
5356,CRS3035RES1000mN2022000E3138000,2061404218,104.0
5357,CRS3035RES1000mN2022000E3138000,2134238030,
5358,CRS3035RES1000mN2022000E3138000,2261600754,
5359,CRS3035RES1000mN2022000E3138000,2301402027,
5360,CRS3035RES1000mN2022000E3138000,2303966810,74.0
5361,CRS3035RES1000mN2022000E3138000,2312029862,116.0
5362,CRS3035RES1000mN2022000E3138000,2408860250,119.0
5363,CRS3035RES1000mN2022000E3138000,2620185829,89.0
5364,CRS3035RES1000mN2022000E3138000,2622508931,86.0
5365,CRS3035RES1000mN2022000E3138000,2672130951,105.0
5366,CRS3035RES1000mN2022000E3138000,2710518818,113.0
5367,CRS3035RES1000mN2022000E3138000,3034026261,93.0
5368,CRS3035RES1000mN2022000E3138000,3179889751,
5369,CRS3035RES1000mN2022000E3138000,3206611978,
5370,CRS3035RES1000mN2022000E3138000,3272828439,70.0
5371,CRS3035RES1000mN2022000E3138000,3452364276,113.0
5372,CRS3035RES1000mN2022000E3138000,3452364277,96.0
5373,CRS3035RES1000mN2022000E3138000,3495733197,
5374,CRS3035RES1000mN2022000E3138000,3497154853,
5375,CRS3035RES1000mN2022000E3138000,3517755445,
5376,CRS3035RES1000mN2022000E3138000,3522125657,
5377,CRS3035RES1000mN2022000E3138000,3526751794,
5378,CRS3035RES1000mN2022000E3138000,3839306060,115.0
5379,CRS3035RES1000mN2022000E3138000,4214697664,69.0
5380,CRS3035RES1000mN2022000E3138000,4338252586,
5381,CRS3035RES1000mN2022000E3138000,4401271633,
5382,CRS3035RES1000mN2022000E3138000,4515476768,85.0
5383,CRS3035RES1000mN2022000E3138000,4569910891,83.0
5384,CRS3035RES1000mN2022000E3138000,4703730491,93.0
5385,CRS3035RES1000mN2022000E3138000,4707870392,86.0
5386,CRS3035RES1000mN2022000E3138000,4789037769,116.0
5387,CRS3035RES1000mN2022000E3138000,4794233143,
5388,CRS3035RES1000mN2022000E3138000,4870405674,69.0
5389,CRS3035RES1000mN2022000E3138000,5139379922,105.0
5390,CRS3035RES1000mN2022000E3138000,5160337425,84.0
5391,CRS3035RES1000mN2022000E3138000,5196199575,103.0
5392,CRS3035RES1000mN2022000E3138000,5341570554,89.0
5393,CRS3035RES1000mN2022000E3138000,5345949864,110.0
5394,CRS3035RES1000mN2022000E3138000,5448507385,
5395,CRS3035RES1000mN2022000E3138000,5604693894,
5396,CRS3035RES1000mN2022000E3138000,5670401989,
5397,CRS3035RES1000mN2022000E3138000,5942671299,117.0
5398,CRS3035RES1000mN2022000E3138000,5943980960,71.0
5399,CRS3035RES1000mN2022000E3138000,6185791451,
5400,CRS3035RES1000mN2022000E3138000,6188948286,113.0
5401,CRS3035RES1000mN2022000E3138000,6555800191,46.0
5402,CRS3035RES1000mN2022000E3138000,6885254479,103.0
5403,CRS3035RES1000mN2022000E3138000,7222611268,
5404,CRS3035RES1000mN2022000E3138000,7408961006,
5405,CRS3035RES1000mN2022000E3138000,7619964683,
5406,CRS3035RES1000mN2022000E3138000,7836562695,
5407,CRS3035RES1000mN2022000E3138000,8493729364,78.0
5408,CRS3035RES1000mN2022000E3138000,8557885377,
5409,CRS3035RES1000mN2022000E3138000,8807212208,87.0
5410,CRS3035RES1000mN2022000E3138000,8844229173,94.0
5411,CRS3035RES1000mN2022000E3138000,8878422600,100.0
5412,CRS3035RES1000mN2022000E3138000,9595709188,97.0
5413,CRS3035RES1000mN2022000E3138000,9611387099,72.0
5414,CRS3035RES1000mN2022000E3138000,9712656915,80.0
5415,CRS3035RES1000mN2022000E3138000,9713142744,88.0
5416,CRS3035RES1000mN2022000E3138000,9815746657,
5417,CRS3035RES1000mN2022000E3138000,10004871512,116.0
5418,CRS3035RES1000mN2022000E3138000,10281174134,
5419,CRS3035RES1000mN2022000E3138000,10580337411,119.0
5420,CRS3035RES1000mN2022000E3138000,10899442604,62.0
5421,CRS3035RES1000mN2022000E3138000,10922657146,53.0
5422,CRS3035RES1000mN2022000E3138000,11127499928,
5423,CRS3035RES1000mN2022000E3138000,11143725881,98.0
5424,CRS3035RES1000mN2022000E3138000,11243087140,110.0
5425,CRS3035RES1000mN2022000E3138000,11269399969,95.0
5426,CRS3035RES1000mN2022000E3138000,11287269362,
5427,CRS3035RES1000mN2022000E3138000,11287269363,
5428,CRS3035RES1000mN2022000E3138000,11369705764,
5429,CRS3035RES1000mN2022000E3138000,11387776374,105.0
5430,CRS3035RES1000mN2022000E3138000,11461799040,
5431,CRS3035RES1000mN2022000E3138000,11462802981,89.0
5432,CRS3035RES1000mN2022000E3138000,11652077658,102.0
5433,CRS3035RES1000mN2022000E3138000,11691390164,85.0
5434,CRS3035RES1000mN2022000E3138000,11739757462,82.0
5435,CRS3035RES1000mN2022000E3138000,12178446726,73.0
5436,CRS3035RES1000mN2022000E3138000,12407425114,98.0
5437,CRS3035RES1000mN2022000E3138000,12865480228,116.0
5438,CRS3035RES1000mN2022000E3138000,2960630,30.0
5439,CRS3035RES1000mN2022000E3138000,3554044,62.0
5440,CRS3035RES1000mN2022000E3138000,3557906,78.0
5441,CRS3035RES1000mN2022000E3138000,5231361,90.0
5442,CRS3035RES1000mN2022000E3138000,9314566,
5443,CRS3035RES1000mN2022000E3138000,13696257,119.0
5444,CRS3035RES1000mN2022000E3138000,15996131,88.0
5445,CRS3035RES1000mN2022000E3138000,23526191,101.0
5446,CRS3035RES1000mN2022000E3138000,23545719,105.0
5447,CRS3035RES1000mN2022000E3138000,30599279,67.0
5448,CRS3035RES1000mN2022000E3138000,30649229,86.0
5449,CRS3035RES1000mN2022000E3138000,32198651,
5450,CRS3035RES1000mN2022000E3138000,34945111,70.0
5451,CRS3035RES1000mN2022000E3138000,50170625,
5452,CRS3035RES1000mN2022000E3138000,82887228,109.0
5453,CRS3035RES1000mN2022000E3138000,92484952,115.0
5454,CRS3035RES1000mN2022000E3138000,95794713,103.0
5455,CRS3035RES1000mN2022000E3138000,96418670,66.0
5456,CRS3035RES1000mN2022000E3138000,98502686,93.0
5457,CRS3035RES1000mN2022000E3138000,132613257,102.0
5458,CRS3035RES1000mN2022000E3138000,135036040,111.0
5459,CRS3035RES1000mN2022000E3138000,150772489,90.0
5460,CRS3035RES1000mN2022000E3138000,154118456,94.0
5461,CRS3035RES1000mN2022000E3138000,157375776,
5462,CRS3035RES1000mN2022000E3138000,158211204,47.0
5463,CRS3035RES1000mN2022000E3138000,162072415,71.0
5464,CRS3035RES1000mN2022000E3138000,162117720,107.0
5465,CRS3035RES1000mN2022000E3138000,170487273,
5466,CRS3035RES1000mN2022000E3138000,172686062,55.0
5467,CRS3035RES1000mN2022000E3138000,174318235,68.0
5468,CRS3035RES1000mN2022000E3138000,174318237,60.0
5469,CRS3035RES1000mN2022000E3138000,205060159,
5470,CRS3035RES1000mN2022000E3138000,205757163,
5471,CRS3035RES1000mN2022000E3138000,221095520,119.0
5472,CRS3035RES1000mN2022000E3138000,224503374,93.0
5473,CRS3035RES1000mN2022000E3138000,227333462,87.0
5474,CRS3035RES1000mN2022000E3138000,229117454,97.0
5475,CRS3035RES1000mN2022000E3138000,261460389,
5476,CRS3035RES1000mN2022000E3138000,283450022,78.0
5477,CRS3035RES1000mN2022000E3138000,288994040,72.0
5478,CRS3035RES1000mN2022000E3138000,296744564,
5479,CRS3035RES1000mN2022000E3138000,297526406,
5480,CRS3035RES1000mN2022000E3138000,300709861,78.0
5481,CRS3035RES1000mN2022000E3138000,301444634,
5482,CRS3035RES1000mN2022000E3138000,302721609,106.0
5483,CRS3035RES1000mN2022000E3138000,308195630,
5484,CRS3035RES1000mN2022000E3138000,312777902,72.0
5485,CRS3035RES1000mN2022000E3138000,330154630,
5486,CRS3035RES1000mN2022000E3138000,340205456,91.0
5487,CRS3035RES1000mN2022000E3138000,367883612,107.0
5488,CRS3035RES1000mN2022000E3138000,368211943,108.0
5489,CRS3035RES1000mN2022000E3138000,374180360,118.0
5490,CRS3035RES1000mN2022000E3138000,375369499,88.0
5491,CRS3035RES1000mN2022000E3138000,383494544,97.0
5492,CRS3035RES1000mN2022000E3138000,384574591,77.0
5493,CRS3035RES1000mN2022000E3138000,403538322,
5494,CRS3035RES1000mN2022000E3138000,403859503,87.0
5495,CRS3035RES1000mN2022000E3138000,437050442,93.0
5496,CRS3035RES1000mN2022000E3138000,459881697,88.0
5497,CRS3035RES1000mN2022000E3138000,477278425,
5498,CRS3035RES1000mN2022000E3138000,486879235,
5499,CRS3035RES1000mN2022000E3138000,493748377,75.0
5500,CRS3035RES1000mN2022000E3138000,498234201,95.0
5501,CRS3035RES1000mN2022000E3138000,504315026,117.0
5502,CRS3035RES1000mN2022000E3138000,548701490,
5503,CRS3035RES1000mN2022000E3138000,574210084,
5504,CRS3035RES1000mN2022000E3138000,576094143,76.0
5505,CRS3035RES1000mN2022000E3138000,584409067,
5506,CRS3035RES1000mN2022000E3138000,635512756,
5507,CRS3035RES1000mN2022000E3138000,638492224,
5508,CRS3035RES1000mN2022000E3138000,653913062,118.0
5509,CRS3035RES1000mN2022000E3138000,659866770,
5510,CRS3035RES1000mN2022000E3138000,697717972,52.0
5511,CRS3035RES1000mN2022000E3138000,717194862,
5512,CRS3035RES1000mN2022000E3138000,736899303,107.0
5513,CRS3035RES1000mN2022000E3138000,738042217,106.0
5514,CRS3035RES1000mN2022000E3138000,839611983,
5515,CRS3035RES1000mN2022000E3138000,957893520,82.0
5516,CRS3035RES1000mN2022000E3138000,963308110,108.0
5517,CRS3035RES1000mN2022000E3138000,1073283182,103.0
5518,CRS3035RES1000mN2022000E3138000,1252864015,113.0
5519,CRS3035RES1000mN2022000E3138000,1283203658,94.0
5520,CRS3035RES1000mN2022000E3139000,25526,92.0
5521,CRS3035RES1000mN2022000E3139000,1774,107.0
5522,CRS3035RES1000mN2022000E3139000,1770,
5523,CRS3035RES1000mN2022000E3139000,1773,
5524,CRS3035RES1000mN2022000E3139000,1771,110.0
5525,CRS3035RES1000mN2022000E3139000,123303,103.0
5526,CRS3035RES1000mN2022000E3139000,1764,113.0
5527,CRS3035RES1000mN2022000E3139000,181101,
5528,CRS3035RES1000mN2022000E3139000,5765642,99.0
5529,CRS3035RES1000mN2022000E3139000,86719,118.0
5530,CRS3035RES1000mN2022000E3139000,1800,
5531,CRS3035RES1000mN2022000E3139000,1757,98.0
5532,CRS3035RES1000mN2022000E3139000,1755,107.0
5533,CRS3035RES1000mN2022000E3139000,1882,107.0
5534,CRS3035RES1000mN2022000E3139000,1745,
5535,CRS3035RES1000mN2022000E3139000,1794,
5536,CRS3035RES1000mN2022000E3139000,1762,116.0
5537,CRS3035RES1000mN2022000E3139000,51188,117.0
5538,CRS3035RES1000mN2022000E3139000,6893633,118.0
5539,CRS3035RES1000mN2022000E3139000,167128,
5540,CRS3035RES1000mN2022000E3139000,1760,
5541,CRS3035RES1000mN2022000E3139000,12773298,117.0
5542,CRS3035RES1000mN2022000E3139000,1754,117.0
5543,CRS3035RES1000mN2022000E3139000,1748,
5544,CRS3035RES1000mN2022000E3139000,79941,
5545,CRS3035RES1000mN2022000E3139000,1750,
5546,CRS3035RES1000mN2022000E3139000,5975465,110.0
5547,CRS3035RES1000mN2022000E3139000,115056,
5548,CRS3035RES1000mN2022000E3139000,1790,
5549,CRS3035RES1000mN2022000E3139000,1756,104.0
5550,CRS3035RES1000mN2022000E3139000,51849,
5551,CRS3035RES1000mN2022000E3139000,185595,
5552,CRS3035RES1000mN2022000E3139000,7697128,104.0
5553,CRS3035RES1000mN2022000E3139000,10395362,
5554,CRS3035RES1000mN2022000E3139000,1759,
5555,CRS3035RES1000mN2022000E3139000,1752,118.0
5556,CRS3035RES1000mN2022000E3139000,186714,
5557,CRS3035RES1000mN2022000E3139000,1753,
5558,CRS3035RES1000mN2022000E3139000,1792,
5559,CRS3035RES1000mN2022000E3139000,1763,108.0
5560,CRS3035RES1000mN2022000E3139000,1746,
5561,CRS3035RES1000mN2022000E3139000,11572165,114.0
5562,CRS3035RES1000mN2022000E3139000,1761,115.0
5563,CRS3035RES1000mN2022000E3139000,1747,
5564,CRS3035RES1000mN2022000E3139000,5768564,97.0
5565,CRS3035RES1000mN2022000E3139000,1798,105.0
5566,CRS3035RES1000mN2022000E3139000,66904,
5567,CRS3035RES1000mN2022000E3139000,1777,112.0
5568,CRS3035RES1000mN2022000E3139000,1765,118.0
5569,CRS3035RES1000mN2022000E3139000,49416,
5570,CRS3035RES1000mN2022000E3139000,12734939,
5571,CRS3035RES1000mN2022000E3139000,167386167,113.0
5572,CRS3035RES1000mN2022000E3139000,295933804,
5573,CRS3035RES1000mN2022000E3139000,303340017,117.0
5574,CRS3035RES1000mN2022000E3139000,315355551,116.0
5575,CRS3035RES1000mN2022000E3139000,339084977,109.0
5576,CRS3035RES1000mN2022000E3139000,412911553,115.0
5577,CRS3035RES1000mN2022000E3139000,558126037,109.0
5578,CRS3035RES1000mN2022000E3139000,711789768,70.0
5579,CRS3035RES1000mN2022000E3139000,727666062,
5580,CRS3035RES1000mN2022000E3139000,848085869,96.0
5581,CRS3035RES1000mN2022000E3139000,1056098898,
5582,CRS3035RES1000mN2022000E3139000,1255438242,
5583,CRS3035RES1000mN2022000E3139000,1469985039,
5584,CRS3035RES1000mN2022000E3139000,1504302537,
5585,CRS3035RES1000mN2022000E3139000,1511617504,76.0
5586,CRS3035RES1000mN2022000E3139000,1541601287,
5587,CRS3035RES1000mN2022000E3139000,1544591296,
5588,CRS3035RES1000mN2022000E3139000,1598174183,
5589,CRS3035RES1000mN2022000E3139000,1629887846,
5590,CRS3035RES1000mN2022000E3139000,1686660176,
5591,CRS3035RES1000mN2022000E3139000,1716927336,
5592,CRS3035RES1000mN2022000E3139000,1734554324,
5593,CRS3035RES1000mN2022000E3139000,1849109335,
5594,CRS3035RES1000mN2022000E3139000,2028408680,37.0
5595,CRS3035RES1000mN2022000E3139000,2036887702,
5596,CRS3035RES1000mN2022000E3139000,2061404218,
5597,CRS3035RES1000mN2022000E3139000,2134238030,
5598,CRS3035RES1000mN2022000E3139000,2261600754,
5599,CRS3035RES1000mN2022000E3139000,2301402027,
5600,CRS3035RES1000mN2022000E3139000,2303966810,81.0
5601,CRS3035RES1000mN2022000E3139000,2312029862,
5602,CRS3035RES1000mN2022000E3139000,2408860250,
5603,CRS3035RES1000mN2022000E3139000,2620185829,119.0
5604,CRS3035RES1000mN2022000E3139000,2622508931,115.0
5605,CRS3035RES1000mN2022000E3139000,2672130951,
5606,CRS3035RES1000mN2022000E3139000,2710518818,
5607,CRS3035RES1000mN2022000E3139000,3034026261,90.0
5608,CRS3035RES1000mN2022000E3139000,3179889751,
5609,CRS3035RES1000mN2022000E3139000,3206611978,
5610,CRS3035RES1000mN2022000E3139000,3272828439,99.0
5611,CRS3035RES1000mN2022000E3139000,3452364276,
5612,CRS3035RES1000mN2022000E3139000,3452364277,
5613,CRS3035RES1000mN2022000E3139000,3495733197,
5614,CRS3035RES1000mN2022000E3139000,3497154853,
5615,CRS3035RES1000mN2022000E3139000,3517755445,
5616,CRS3035RES1000mN2022000E3139000,3522125657,
5617,CRS3035RES1000mN2022000E3139000,3526751794,
5618,CRS3035RES1000mN2022000E3139000,3839306060,
5619,CRS3035RES1000mN2022000E3139000,4214697664,99.0
5620,CRS3035RES1000mN2022000E3139000,4338252586,
5621,CRS3035RES1000mN2022000E3139000,4401271633,
5622,CRS3035RES1000mN2022000E3139000,4515476768,
5623,CRS3035RES1000mN2022000E3139000,4569910891,109.0
5624,CRS3035RES1000mN2022000E3139000,4703730491,118.0
5625,CRS3035RES1000mN2022000E3139000,4707870392,113.0
5626,CRS3035RES1000mN2022000E3139000,4789037769,
5627,CRS3035RES1000mN2022000E3139000,4794233143,
5628,CRS3035RES1000mN2022000E3139000,4870405674,98.0
5629,CRS3035RES1000mN2022000E3139000,5139379922,
5630,CRS3035RES1000mN2022000E3139000,5160337425,114.0
5631,CRS3035RES1000mN2022000E3139000,5196199575,118.0
5632,CRS3035RES1000mN2022000E3139000,5341570554,118.0
5633,CRS3035RES1000mN2022000E3139000,5345949864,
5634,CRS3035RES1000mN2022000E3139000,5448507385,
5635,CRS3035RES1000mN2022000E3139000,5604693894,
5636,CRS3035RES1000mN2022000E3139000,5670401989,
5637,CRS3035RES1000mN2022000E3139000,5942671299,
5638,CRS3035RES1000mN2022000E3139000,5943980960,97.0
5639,CRS3035RES1000mN2022000E3139000,6185791451,
5640,CRS3035RES1000mN2022000E3139000,6188948286,
5641,CRS3035RES1000mN2022000E3139000,6555800191,67.0
5642,CRS3035RES1000mN2022000E3139000,6885254479,
5643,CRS3035RES1000mN2022000E3139000,7222611268,
5644,CRS3035RES1000mN2022000E3139000,7408961006,
5645,CRS3035RES1000mN2022000E3139000,7619964683,
5646,CRS3035RES1000mN2022000E3139000,7836562695,
5647,CRS3035RES1000mN2022000E3139000,8493729364,108.0
5648,CRS3035RES1000mN2022000E3139000,8557885377,
5649,CRS3035RES1000mN2022000E3139000,8807212208,115.0
5650,CRS3035RES1000mN2022000E3139000,8844229173,
5651,CRS3035RES1000mN2022000E3139000,8878422600,
5652,CRS3035RES1000mN2022000E3139000,9595709188,
5653,CRS3035RES1000mN2022000E3139000,9611387099,102.0
5654,CRS3035RES1000mN2022000E3139000,9712656915,109.0
5655,CRS3035RES1000mN2022000E3139000,9713142744,114.0
5656,CRS3035RES1000mN2022000E3139000,9815746657,
5657,CRS3035RES1000mN2022000E3139000,10004871512,
5658,CRS3035RES1000mN2022000E3139000,10281174134,
5659,CRS3035RES1000mN2022000E3139000,10580337411,
5660,CRS3035RES1000mN2022000E3139000,10899442604,89.0
5661,CRS3035RES1000mN2022000E3139000,10922657146,80.0
5662,CRS3035RES1000mN2022000E3139000,11127499928,
5663,CRS3035RES1000mN2022000E3139000,11143725881,
5664,CRS3035RES1000mN2022000E3139000,11243087140,
5665,CRS3035RES1000mN2022000E3139000,11269399969,
5666,CRS3035RES1000mN2022000E3139000,11287269362,
5667,CRS3035RES1000mN2022000E3139000,11287269363,
5668,CRS3035RES1000mN2022000E3139000,11369705764,
5669,CRS3035RES1000mN2022000E3139000,11387776374,
5670,CRS3035RES1000mN2022000E3139000,11461799040,
5671,CRS3035RES1000mN2022000E3139000,11462802981,
5672,CRS3035RES1000mN2022000E3139000,11652077658,
5673,CRS3035RES1000mN2022000E3139000,11691390164,115.0
5674,CRS3035RES1000mN2022000E3139000,11739757462,108.0
5675,CRS3035RES1000mN2022000E3139000,12178446726,104.0
5676,CRS3035RES1000mN2022000E3139000,12407425114,
5677,CRS3035RES1000mN2022000E3139000,12865480228,
5678,CRS3035RES1000mN2022000E3139000,2960630,61.0
5679,CRS3035RES1000mN2022000E3139000,3554044,78.0
5680,CRS3035RES1000mN2022000E3139000,3557906,105.0
5681,CRS3035RES1000mN2022000E3139000,5231361,119.0
5682,CRS3035RES1000mN2022000E3139000,9314566,
5683,CRS3035RES1000mN2022000E3139000,13696257,
5684,CRS3035RES1000mN2022000E3139000,15996131,116.0
5685,CRS3035RES1000mN2022000E3139000,23526191,
5686,CRS3035RES1000mN2022000E3139000,23545719,
5687,CRS3035RES1000mN2022000E3139000,30599279,98.0
5688,CRS3035RES1000mN2022000E3139000,30649229,115.0
5689,CRS3035RES1000mN2022000E3139000,32198651,
5690,CRS3035RES1000mN2022000E3139000,34945111,97.0
5691,CRS3035RES1000mN2022000E3139000,50170625,
5692,CRS3035RES1000mN2022000E3139000,82887228,
5693,CRS3035RES1000mN2022000E3139000,92484952,
5694,CRS3035RES1000mN2022000E3139000,95794713,
5695,CRS3035RES1000mN2022000E3139000,96418670,93.0
5696,CRS3035RES1000mN2022000E3139000,98502686,118.0
5697,CRS3035RES1000mN2022000E3139000,132613257,
5698,CRS3035RES1000mN2022000E3139000,135036040,
5699,CRS3035RES1000mN2022000E3139000,150772489,119.0
5700,CRS3035RES1000mN2022000E3139000,154118456,
5701,CRS3035RES1000mN2022000E3139000,157375776,
5702,CRS3035RES1000mN2022000E3139000,158211204,64.0
5703,CRS3035RES1000mN2022000E3139000,162072415,102.0
5704,CRS3035RES1000mN2022000E3139000,162117720,
5705,CRS3035RES1000mN2022000E3139000,170487273,
5706,CRS3035RES1000mN2022000E3139000,172686062,85.0
5707,CRS3035RES1000mN2022000E3139000,174318235,95.0
5708,CRS3035RES1000mN2022000E3139000,174318237,87.0
5709,CRS3035RES1000mN2022000E3139000,205060159,
5710,CRS3035RES1000mN2022000E3139000,205757163,
5711,CRS3035RES1000mN2022000E3139000,221095520,
5712,CRS3035RES1000mN2022000E3139000,224503374,119.0
5713,CRS3035RES1000mN2022000E3139000,227333462,117.0
5714,CRS3035RES1000mN2022000E3139000,229117454,119.0
5715,CRS3035RES1000mN2022000E3139000,261460389,
5716,CRS3035RES1000mN2022000E3139000,283450022,105.0
5717,CRS3035RES1000mN2022000E3139000,288994040,102.0
5718,CRS3035RES1000mN2022000E3139000,296744564,
5719,CRS3035RES1000mN2022000E3139000,297526406,
5720,CRS3035RES1000mN2022000E3139000,300709861,112.0
5721,CRS3035RES1000mN2022000E3139000,301444634,
5722,CRS3035RES1000mN2022000E3139000,302721609,
5723,CRS3035RES1000mN2022000E3139000,308195630,
5724,CRS3035RES1000mN2022000E3139000,312777902,102.0
5725,CRS3035RES1000mN2022000E3139000,330154630,
5726,CRS3035RES1000mN2022000E3139000,340205456,
5727,CRS3035RES1000mN2022000E3139000,367883612,
5728,CRS3035RES1000mN2022000E3139000,368211943,
5729,CRS3035RES1000mN2022000E3139000,374180360,
5730,CRS3035RES1000mN2022000E3139000,375369499,
5731,CRS3035RES1000mN2022000E3139000,383494544,
5732,CRS3035RES1000mN2022000E3139000,384574591,104.0
5733,CRS3035RES1000mN2022000E3139000,403538322,
5734,CRS3035RES1000mN2022000E3139000,403859503,117.0
5735,CRS3035RES1000mN2022000E3139000,437050442,
5736,CRS3035RES1000mN2022000E3139000,459881697,118.0
5737,CRS3035RES1000mN2022000E3139000,477278425,
5738,CRS3035RES1000mN2022000E3139000,486879235,
5739,CRS3035RES1000mN2022000E3139000,493748377,105.0
5740,CRS3035RES1000mN2022000E3139000,498234201,
5741,CRS3035RES1000mN2022000E3139000,504315026,
5742,CRS3035RES1000mN2022000E3139000,548701490,
5743,CRS3035RES1000mN2022000E3139000,574210084,
5744,CRS3035RES1000mN2022000E3139000,576094143,107.0
5745,CRS3035RES1000mN2022000E3139000,584409067,
5746,CRS3035RES1000mN2022000E3139000,635512756,
5747,CRS3035RES1000mN2022000E3139000,638492224,
5748,CRS3035RES1000mN2022000E3139000,653913062,
5749,CRS3035RES1000mN2022000E3139000,659866770,
5750,CRS3035RES1000mN2022000E3139000,697717972,83.0
5751,CRS3035RES1000mN2022000E3139000,717194862,
5752,CRS3035RES1000mN2022000E3139000,736899303,107.0
5753,CRS3035RES1000mN2022000E3139000,738042217,
5754,CRS3035RES1000mN2022000E3139000,839611983,
5755,CRS3035RES1000mN2022000E3139000,957893520,112.0
5756,CRS3035RES1000mN2022000E3139000,963308110,
5757,CRS3035RES1000mN2022000E3139000,1073283182,
5758,CRS3035RES1000mN2022000E3139000,1252864015,
5759,CRS3035RES1000mN2022000E3139000,1283203658,
5760,CRS3035RES1000mN2022000E3140000,25526,90.0
5761,CRS3035RES1000mN2022000E3140000,1774,106.0
5762,CRS3035RES1000mN2022000E3140000,1770,
5763,CRS3035RES1000mN2022000E3140000,1773,
5764,CRS3035RES1000mN2022000E3140000,1771,109.0
5765,CRS3035RES1000mN2022000E3140000,123303,103.0
5766,CRS3035RES1000mN2022000E3140000,1764,115.0
5767,CRS3035RES1000mN2022000E3140000,181101,
5768,CRS3035RES1000mN2022000E3140000,5765642,97.0
5769,CRS3035RES1000mN2022000E3140000,86719,117.0
5770,CRS3035RES1000mN2022000E3140000,1800,
5771,CRS3035RES1000mN2022000E3140000,1757,99.0
5772,CRS3035RES1000mN2022000E3140000,1755,104.0
5773,CRS3035RES1000mN2022000E3140000,1882,109.0
5774,CRS3035RES1000mN2022000E3140000,1745,
5775,CRS3035RES1000mN2022000E3140000,1794,
5776,CRS3035RES1000mN2022000E3140000,1762,115.0
5777,CRS3035RES1000mN2022000E3140000,51188,
5778,CRS3035RES1000mN2022000E3140000,6893633,117.0
5779,CRS3035RES1000mN2022000E3140000,167128,
5780,CRS3035RES1000mN2022000E3140000,1760,
5781,CRS3035RES1000mN2022000E3140000,12773298,115.0
5782,CRS3035RES1000mN2022000E3140000,1754,117.0
5783,CRS3035RES1000mN2022000E3140000,1748,
5784,CRS3035RES1000mN2022000E3140000,79941,
5785,CRS3035RES1000mN2022000E3140000,1750,
5786,CRS3035RES1000mN2022000E3140000,5975465,108.0
5787,CRS3035RES1000mN2022000E3140000,115056,
5788,CRS3035RES1000mN2022000E3140000,1790,
5789,CRS3035RES1000mN2022000E3140000,1756,102.0
5790,CRS3035RES1000mN2022000E3140000,51849,
5791,CRS3035RES1000mN2022000E3140000,185595,
5792,CRS3035RES1000mN2022000E3140000,7697128,106.0
5793,CRS3035RES1000mN2022000E3140000,10395362,
5794,CRS3035RES1000mN2022000E3140000,1759,
5795,CRS3035RES1000mN2022000E3140000,1752,117.0
5796,CRS3035RES1000mN2022000E3140000,186714,
5797,CRS3035RES1000mN2022000E3140000,1753,119.0
5798,CRS3035RES1000mN2022000E3140000,1792,
5799,CRS3035RES1000mN2022000E3140000,1763,106.0
5800,CRS3035RES1000mN2022000E3140000,1746,
5801,CRS3035RES1000mN2022000E3140000,11572165,112.0
5802,CRS3035RES1000mN2022000E3140000,1761,114.0
5803,CRS3035RES1000mN2022000E3140000,1747,
5804,CRS3035RES1000mN2022000E3140000,5768564,96.0
5805,CRS3035RES1000mN2022000E3140000,1798,102.0
5806,CRS3035RES1000mN2022000E3140000,66904,
5807,CRS3035RES1000mN2022000E3140000,1777,112.0
5808,CRS3035RES1000mN2022000E3140000,1765,117.0
5809,CRS3035RES1000mN2022000E3140000,49416,
5810,CRS3035RES1000mN2022000E3140000,12734939,
5811,CRS3035RES1000mN2022000E3140000,167386167,114.0
5812,CRS3035RES1000mN2022000E3140000,295933804,
5813,CRS3035RES1000mN2022000E3140000,303340017,115.0
5814,CRS3035RES1000mN2022000E3140000,315355551,
5815,CRS3035RES1000mN2022000E3140000,339084977,108.0
5816,CRS3035RES1000mN2022000E3140000,412911553,114.0
5817,CRS3035RES1000mN2022000E3140000,558126037,115.0
5818,CRS3035RES1000mN2022000E3140000,711789768,86.0
5819,CRS3035RES1000mN2022000E3140000,727666062,
5820,CRS3035RES1000mN2022000E3140000,848085869,94.0
5821,CRS3035RES1000mN2022000E3140000,1056098898,
5822,CRS3035RES1000mN2022000E3140000,1255438242,
5823,CRS3035RES1000mN2022000E3140000,1469985039,
5824,CRS3035RES1000mN2022000E3140000,1504302537,
5825,CRS3035RES1000mN2022000E3140000,1511617504,75.0
5826,CRS3035RES1000mN2022000E3140000,1541601287,
5827,CRS3035RES1000mN2022000E3140000,1544591296,
5828,CRS3035RES1000mN2022000E3140000,1598174183,
5829,CRS3035RES1000mN2022000E3140000,1629887846,
5830,CRS3035RES1000mN2022000E3140000,1686660176,
5831,CRS3035RES1000mN2022000E3140000,1716927336,
5832,CRS3035RES1000mN2022000E3140000,1734554324,
5833,CRS3035RES1000mN2022000E3140000,1849109335,
5834,CRS3035RES1000mN2022000E3140000,2028408680,55.0
5835,CRS3035RES1000mN2022000E3140000,2036887702,
5836,CRS3035RES1000mN2022000E3140000,2061404218,
5837,CRS3035RES1000mN2022000E3140000,2134238030,
5838,CRS3035RES1000mN2022000E3140000,2261600754,
5839,CRS3035RES1000mN2022000E3140000,2301402027,
5840,CRS3035RES1000mN2022000E3140000,2303966810,93.0
5841,CRS3035RES1000mN2022000E3140000,2312029862,
5842,CRS3035RES1000mN2022000E3140000,2408860250,
5843,CRS3035RES1000mN2022000E3140000,2620185829,117.0
5844,CRS3035RES1000mN2022000E3140000,2622508931,114.0
5845,CRS3035RES1000mN2022000E3140000,2672130951,
5846,CRS3035RES1000mN2022000E3140000,2710518818,
5847,CRS3035RES1000mN2022000E3140000,3034026261,93.0
5848,CRS3035RES1000mN2022000E3140000,3179889751,
5849,CRS3035RES1000mN2022000E3140000,3206611978,
5850,CRS3035RES1000mN2022000E3140000,3272828439,96.0
5851,CRS3035RES1000mN2022000E3140000,3452364276,
5852,CRS3035RES1000mN2022000E3140000,3452364277,
5853,CRS3035RES1000mN2022000E3140000,3495733197,
5854,CRS3035RES1000mN2022000E3140000,3497154853,
5855,CRS3035RES1000mN2022000E3140000,3517755445,
5856,CRS3035RES1000mN2022000E3140000,3522125657,
5857,CRS3035RES1000mN2022000E3140000,3526751794,
5858,CRS3035RES1000mN2022000E3140000,3839306060,
5859,CRS3035RES1000mN2022000E3140000,4214697664,97.0
5860,CRS3035RES1000mN2022000E3140000,4338252586,
5861,CRS3035RES1000mN2022000E3140000,4401271633,
5862,CRS3035RES1000mN2022000E3140000,4515476768,
5863,CRS3035RES1000mN2022000E3140000,4569910891,111.0
5864,CRS3035RES1000mN2022000E3140000,4703730491,
5865,CRS3035RES1000mN2022000E3140000,4707870392,116.0
5866,CRS3035RES1000mN2022000E3140000,4789037769,
5867,CRS3035RES1000mN2022000E3140000,4794233143,
5868,CRS3035RES1000mN2022000E3140000,4870405674,97.0
5869,CRS3035RES1000mN2022000E3140000,5139379922,
5870,CRS3035RES1000mN2022000E3140000,5160337425,112.0
5871,CRS3035RES1000mN2022000E3140000,5196199575,
5872,CRS3035RES1000mN2022000E3140000,5341570554,117.0
5873,CRS3035RES1000mN2022000E3140000,5345949864,
5874,CRS3035RES1000mN2022000E3140000,5448507385,
5875,CRS3035RES1000mN2022000E3140000,5604693894,
5876,CRS3035RES1000mN2022000E3140000,5670401989,
5877,CRS3035RES1000mN2022000E3140000,5942671299,
5878,CRS3035RES1000mN2022000E3140000,5943980960,101.0
5879,CRS3035RES1000mN2022000E3140000,6185791451,
5880,CRS3035RES1000mN2022000E3140000,6188948286,
5881,CRS3035RES1000mN2022000E3140000,6555800191,67.0
5882,CRS3035RES1000mN2022000E3140000,6885254479,
5883,CRS3035RES1000mN2022000E3140000,7222611268,
5884,CRS3035RES1000mN2022000E3140000,7408961006,
5885,CRS3035RES1000mN2022000E3140000,7619964683,
5886,CRS3035RES1000mN2022000E3140000,7836562695,
5887,CRS3035RES1000mN2022000E3140000,8493729364,106.0
5888,CRS3035RES1000mN2022000E3140000,8557885377,
5889,CRS3035RES1000mN2022000E3140000,8807212208,115.0
5890,CRS3035RES1000mN2022000E3140000,8844229173,
5891,CRS3035RES1000mN2022000E3140000,8878422600,
5892,CRS3035RES1000mN2022000E3140000,9595709188,
5893,CRS3035RES1000mN2022000E3140000,9611387099,100.0
5894,CRS3035RES1000mN2022000E3140000,9712656915,108.0
5895,CRS3035RES1000mN2022000E3140000,9713142744,116.0
5896,CRS3035RES1000mN2022000E3140000,9815746657,
5897,CRS3035RES1000mN2022000E3140000,10004871512,
5898,CRS3035RES1000mN2022000E3140000,10281174134,
5899,CRS3035RES1000mN2022000E3140000,10580337411,
5900,CRS3035RES1000mN2022000E3140000,10899442604,87.0
5901,CRS3035RES1000mN2022000E3140000,10922657146,78.0
5902,CRS3035RES1000mN2022000E3140000,11127499928,
5903,CRS3035RES1000mN2022000E3140000,11143725881,
5904,CRS3035RES1000mN2022000E3140000,11243087140,
5905,CRS3035RES1000mN2022000E3140000,11269399969,
5906,CRS3035RES1000mN2022000E3140000,11287269362,
5907,CRS3035RES1000mN2022000E3140000,11287269363,
5908,CRS3035RES1000mN2022000E3140000,11369705764,
5909,CRS3035RES1000mN2022000E3140000,11387776374,
5910,CRS3035RES1000mN2022000E3140000,11461799040,
5911,CRS3035RES1000mN2022000E3140000,11462802981,
5912,CRS3035RES1000mN2022000E3140000,11652077658,
5913,CRS3035RES1000mN2022000E3140000,11691390164,113.0
5914,CRS3035RES1000mN2022000E3140000,11739757462,106.0
5915,CRS3035RES1000mN2022000E3140000,12178446726,101.0
5916,CRS3035RES1000mN2022000E3140000,12407425114,
5917,CRS3035RES1000mN2022000E3140000,12865480228,
5918,CRS3035RES1000mN2022000E3140000,2960630,48.0
5919,CRS3035RES1000mN2022000E3140000,3554044,78.0
5920,CRS3035RES1000mN2022000E3140000,3557906,102.0
5921,CRS3035RES1000mN2022000E3140000,5231361,118.0
5922,CRS3035RES1000mN2022000E3140000,9314566,
5923,CRS3035RES1000mN2022000E3140000,13696257,
5924,CRS3035RES1000mN2022000E3140000,15996131,116.0
5925,CRS3035RES1000mN2022000E3140000,23526191,
5926,CRS3035RES1000mN2022000E3140000,23545719,
5927,CRS3035RES1000mN2022000E3140000,30599279,95.0
5928,CRS3035RES1000mN2022000E3140000,30649229,113.0
5929,CRS3035RES1000mN2022000E3140000,32198651,
5930,CRS3035RES1000mN2022000E3140000,34945111,95.0
5931,CRS3035RES1000mN2022000E3140000,50170625,
5932,CRS3035RES1000mN2022000E3140000,82887228,
5933,CRS3035RES1000mN2022000E3140000,92484952,
5934,CRS3035RES1000mN2022000E3140000,95794713,
5935,CRS3035RES1000mN2022000E3140000,96418670,91.0
5936,CRS3035RES1000mN2022000E3140000,98502686,116.0
5937,CRS3035RES1000mN2022000E3140000,132613257,
5938,CRS3035RES1000mN2022000E3140000,135036040,
5939,CRS3035RES1000mN2022000E3140000,150772489,118.0
5940,CRS3035RES1000mN2022000E3140000,154118456,
5941,CRS3035RES1000mN2022000E3140000,157375776,
5942,CRS3035RES1000mN2022000E3140000,158211204,66.0
5943,CRS3035RES1000mN2022000E3140000,162072415,99.0
5944,CRS3035RES1000mN2022000E3140000,162117720,
5945,CRS3035RES1000mN2022000E3140000,170487273,
5946,CRS3035RES1000mN2022000E3140000,172686062,83.0
5947,CRS3035RES1000mN2022000E3140000,174318235,94.0
5948,CRS3035RES1000mN2022000E3140000,174318237,85.0
5949,CRS3035RES1000mN2022000E3140000,205060159,
5950,CRS3035RES1000mN2022000E3140000,205757163,
5951,CRS3035RES1000mN2022000E3140000,221095520,
5952,CRS3035RES1000mN2022000E3140000,224503374,
5953,CRS3035RES1000mN2022000E3140000,227333462,117.0
5954,CRS3035RES1000mN2022000E3140000,229117454,119.0
5955,CRS3035RES1000mN2022000E3140000,261460389,
5956,CRS3035RES1000mN2022000E3140000,283450022,106.0
5957,CRS3035RES1000mN2022000E3140000,288994040,100.0
5958,CRS3035RES1000mN2022000E3140000,296744564,
5959,CRS3035RES1000mN2022000E3140000,297526406,
5960,CRS3035RES1000mN2022000E3140000,300709861,112.0
5961,CRS3035RES1000mN2022000E3140000,301444634,
5962,CRS3035RES1000mN2022000E3140000,302721609,
5963,CRS3035RES1000mN2022000E3140000,308195630,
5964,CRS3035RES1000mN2022000E3140000,312777902,100.0
5965,CRS3035RES1000mN2022000E3140000,330154630,
5966,CRS3035RES1000mN2022000E3140000,340205456,119.0
5967,CRS3035RES1000mN2022000E3140000,367883612,
5968,CRS3035RES1000mN2022000E3140000,368211943,
5969,CRS3035RES1000mN2022000E3140000,374180360,
5970,CRS3035RES1000mN2022000E3140000,375369499,
5971,CRS3035RES1000mN2022000E3140000,383494544,
5972,CRS3035RES1000mN2022000E3140000,384574591,101.0
5973,CRS3035RES1000mN2022000E3140000,403538322,
5974,CRS3035RES1000mN2022000E3140000,403859503,115.0
5975,CRS3035RES1000mN2022000E3140000,437050442,119.0
5976,CRS3035RES1000mN2022000E3140000,459881697,118.0
5977,CRS3035RES1000mN2022000E3140000,477278425,
5978,CRS3035RES1000mN2022000E3140000,486879235,
5979,CRS3035RES1000mN2022000E3140000,493748377,104.0
5980,CRS3035RES1000mN2022000E3140000,498234201,119.0
5981,CRS3035RES1000mN2022000E3140000,504315026,
5982,CRS3035RES1000mN2022000E3140000,548701490,
5983,CRS3035RES1000mN2022000E3140000,574210084,
5984,CRS3035RES1000mN2022000E3140000,576094143,103.0
5985,CRS3035RES1000mN2022000E3140000,584409067,
5986,CRS3035RES1000mN2022000E3140000,635512756,
5987,CRS3035RES1000mN2022000E3140000,638492224,
5988,CRS3035RES1000mN2022000E3140000,653913062,
5989,CRS3035RES1000mN2022000E3140000,659866770,
5990,CRS3035RES1000mN2022000E3140000,697717972,81.0
5991,CRS3035RES1000mN2022000E3140000,717194862,
5992,CRS3035RES1000mN2022000E3140000,736899303,117.0
5993,CRS3035RES1000mN2022000E3140000,738042217,
5994,CRS3035RES1000mN2022000E3140000,839611983,
5995,CRS3035RES1000mN2022000E3140000,957893520,110.0
5996,CRS3035RES1000mN2022000E3140000,963308110,
5997,CRS3035RES1000mN2022000E3140000,1073283182,
5998,CRS3035RES1000mN2022000E3140000,1252864015,
5999,CRS3035RES1000mN2022000E3140000,1283203658,
6000,CRS3035RES1000mN2022000E3141000,25526,61.0
6001,CRS3035RES1000mN2022000E3141000,1774,78.0
6002,CRS3035RES1000mN2022000E3141000,1770,107.0
6003,CRS3035RES1000mN2022000E3141000,1773,98.0
6004,CRS3035RES1000mN2022000E3141000,1771,81.0
6005,CRS3035RES1000mN2022000E3141000,123303,73.0
6006,CRS3035RES1000mN2022000E3141000,1764,86.0
6007,CRS3035RES1000mN2022000E3141000,181101,100.0
6008,CRS3035RES1000mN2022000E3141000,5765642,70.0
6009,CRS3035RES1000mN2022000E3141000,86719,89.0
6010,CRS3035RES1000mN2022000E3141000,1800,97.0
6011,CRS3035RES1000mN2022000E3141000,1757,71.0
6012,CRS3035RES1000mN2022000E3141000,1755,77.0
6013,CRS3035RES1000mN2022000E3141000,1882,80.0
6014,CRS3035RES1000mN2022000E3141000,1745,104.0
6015,CRS3035RES1000mN2022000E3141000,1794,98.0
6016,CRS3035RES1000mN2022000E3141000,1762,87.0
6017,CRS3035RES1000mN2022000E3141000,51188,90.0
6018,CRS3035RES1000mN2022000E3141000,6893633,90.0
6019,CRS3035RES1000mN2022000E3141000,167128,94.0
6020,CRS3035RES1000mN2022000E3141000,1760,95.0
6021,CRS3035RES1000mN2022000E3141000,12773298,92.0
6022,CRS3035RES1000mN2022000E3141000,1754,85.0
6023,CRS3035RES1000mN2022000E3141000,1748,96.0
6024,CRS3035RES1000mN2022000E3141000,79941,108.0
6025,CRS3035RES1000mN2022000E3141000,1750,99.0
6026,CRS3035RES1000mN2022000E3141000,5975465,80.0
6027,CRS3035RES1000mN2022000E3141000,115056,106.0
6028,CRS3035RES1000mN2022000E3141000,1790,98.0
6029,CRS3035RES1000mN2022000E3141000,1756,74.0
6030,CRS3035RES1000mN2022000E3141000,51849,96.0
6031,CRS3035RES1000mN2022000E3141000,185595,92.0
6032,CRS3035RES1000mN2022000E3141000,7697128,77.0
6033,CRS3035RES1000mN2022000E3141000,10395362,106.0
6034,CRS3035RES1000mN2022000E3141000,1759,94.0
6035,CRS3035RES1000mN2022000E3141000,1752,87.0
6036,CRS3035RES1000mN2022000E3141000,186714,97.0
6037,CRS3035RES1000mN2022000E3141000,1753,91.0
6038,CRS3035RES1000mN2022000E3141000,1792,91.0
6039,CRS3035RES1000mN2022000E3141000,1763,78.0
6040,CRS3035RES1000mN2022000E3141000,1746,103.0
6041,CRS3035RES1000mN2022000E3141000,11572165,84.0
6042,CRS3035RES1000mN2022000E3141000,1761,86.0
6043,CRS3035RES1000mN2022000E3141000,1747,99.0
6044,CRS3035RES1000mN2022000E3141000,5768564,68.0
6045,CRS3035RES1000mN2022000E3141000,1798,74.0
6046,CRS3035RES1000mN2022000E3141000,66904,95.0
6047,CRS3035RES1000mN2022000E3141000,1777,84.0
6048,CRS3035RES1000mN2022000E3141000,1765,89.0
6049,CRS3035RES1000mN2022000E3141000,49416,93.0
6050,CRS3035RES1000mN2022000E3141000,12734939,93.0
6051,CRS3035RES1000mN2022000E3141000,167386167,84.0
6052,CRS3035RES1000mN2022000E3141000,295933804,96.0
6053,CRS3035RES1000mN2022000E3141000,303340017,102.0
6054,CRS3035RES1000mN2022000E3141000,315355551,100.0
6055,CRS3035RES1000mN2022000E3141000,339084977,80.0
6056,CRS3035RES1000mN2022000E3141000,412911553,86.0
6057,CRS3035RES1000mN2022000E3141000,558126037,86.0
6058,CRS3035RES1000mN2022000E3141000,711789768,70.0
6059,CRS3035RES1000mN2022000E3141000,727666062,
6060,CRS3035RES1000mN2022000E3141000,848085869,70.0
6061,CRS3035RES1000mN2022000E3141000,1056098898,97.0
6062,CRS3035RES1000mN2022000E3141000,1255438242,
6063,CRS3035RES1000mN2022000E3141000,1469985039,106.0
6064,CRS3035RES1000mN2022000E3141000,1504302537,
6065,CRS3035RES1000mN2022000E3141000,1511617504,53.0
6066,CRS3035RES1000mN2022000E3141000,1541601287,108.0
6067,CRS3035RES1000mN2022000E3141000,1544591296,100.0
6068,CRS3035RES1000mN2022000E3141000,1598174183,113.0
6069,CRS3035RES1000mN2022000E3141000,1629887846,118.0
6070,CRS3035RES1000mN2022000E3141000,1686660176,108.0
6071,CRS3035RES1000mN2022000E3141000,1716927336,100.0
6072,CRS3035RES1000mN2022000E3141000,1734554324,
6073,CRS3035RES1000mN2022000E3141000,1849109335,104.0
6074,CRS3035RES1000mN2022000E3141000,2028408680,52.0
6075,CRS3035RES1000mN2022000E3141000,2036887702,
6076,CRS3035RES1000mN2022000E3141000,2061404218,104.0
6077,CRS3035RES1000mN2022000E3141000,2134238030,
6078,CRS3035RES1000mN2022000E3141000,2261600754,
6079,CRS3035RES1000mN2022000E3141000,2301402027,
6080,CRS3035RES1000mN2022000E3141000,2303966810,74.0
6081,CRS3035RES1000mN2022000E3141000,2312029862,116.0
6082,CRS3035RES1000mN2022000E3141000,2408860250,119.0
6083,CRS3035RES1000mN2022000E3141000,2620185829,90.0
6084,CRS3035RES1000mN2022000E3141000,2622508931,86.0
6085,CRS3035RES1000mN2022000E3141000,2672130951,105.0
6086,CRS3035RES1000mN2022000E3141000,2710518818,113.0
6087,CRS3035RES1000mN2022000E3141000,3034026261,74.0
6088,CRS3035RES1000mN2022000E3141000,3179889751,
6089,CRS3035RES1000mN2022000E3141000,3206611978,
6090,CRS3035RES1000mN2022000E3141000,3272828439,70.0
6091,CRS3035RES1000mN2022000E3141000,3452364276,112.0
6092,CRS3035RES1000mN2022000E3141000,3452364277,94.0
6093,CRS3035RES1000mN2022000E3141000,3495733197,
6094,CRS3035RES1000mN2022000E3141000,3497154853,
6095,CRS3035RES1000mN2022000E3141000,3517755445,
6096,CRS3035RES1000mN2022000E3141000,3522125657,
6097,CRS3035RES1000mN2022000E3141000,3526751794,
6098,CRS3035RES1000mN2022000E3141000,3839306060,115.0
6099,CRS3035RES1000mN2022000E3141000,4214697664,69.0
6100,CRS3035RES1000mN2022000E3141000,4338252586,
6101,CRS3035RES1000mN2022000E3141000,4401271633,
6102,CRS3035RES1000mN2022000E3141000,4515476768,85.0
6103,CRS3035RES1000mN2022000E3141000,4569910891,82.0
6104,CRS3035RES1000mN2022000E3141000,4703730491,92.0
6105,CRS3035RES1000mN2022000E3141000,4707870392,86.0
6106,CRS3035RES1000mN2022000E3141000,4789037769,116.0
6107,CRS3035RES1000mN2022000E3141000,4794233143,
6108,CRS3035RES1000mN2022000E3141000,4870405674,69.0
6109,CRS3035RES1000mN2022000E3141000,5139379922,101.0
6110,CRS3035RES1000mN2022000E3141000,5160337425,85.0
6111,CRS3035RES1000mN2022000E3141000,5196199575,101.0
6112,CRS3035RES1000mN2022000E3141000,5341570554,88.0
6113,CRS3035RES1000mN2022000E3141000,5345949864,110.0
6114,CRS3035RES1000mN2022000E3141000,5448507385,
6115,CRS3035RES1000mN2022000E3141000,5604693894,
6116,CRS3035RES1000mN2022000E3141000,5670401989,
6117,CRS3035RES1000mN2022000E3141000,5942671299,117.0
6118,CRS3035RES1000mN2022000E3141000,5943980960,69.0
6119,CRS3035RES1000mN2022000E3141000,6185791451,
6120,CRS3035RES1000mN2022000E3141000,6188948286,111.0
6121,CRS3035RES1000mN2022000E3141000,6555800191,43.0
6122,CRS3035RES1000mN2022000E3141000,6885254479,102.0
6123,CRS3035RES1000mN2022000E3141000,7222611268,
6124,CRS3035RES1000mN2022000E3141000,7408961006,
6125,CRS3035RES1000mN2022000E3141000,7619964683,
6126,CRS3035RES1000mN2022000E3141000,7836562695,
6127,CRS3035RES1000mN2022000E3141000,8493729364,78.0
6128,CRS3035RES1000mN2022000E3141000,8557885377,
6129,CRS3035RES1000mN2022000E3141000,8807212208,87.0
6130,CRS3035RES1000mN2022000E3141000,8844229173,92.0
6131,CRS3035RES1000mN2022000E3141000,8878422600,100.0
6132,CRS3035RES1000mN2022000E3141000,9595709188,96.0
6133,CRS3035RES1000mN2022000E3141000,9611387099,72.0
6134,CRS3035RES1000mN2022000E3141000,9712656915,80.0
6135,CRS3035RES1000mN2022000E3141000,9713142744,87.0
6136,CRS3035RES1000mN2022000E3141000,9815746657,
6137,CRS3035RES1000mN2022000E3141000,10004871512,116.0
6138,CRS3035RES1000mN2022000E3141000,10281174134,
6139,CRS3035RES1000mN2022000E3141000,10580337411,119.0
6140,CRS3035RES1000mN2022000E3141000,10899442604,62.0
6141,CRS3035RES1000mN2022000E3141000,10922657146,53.0
6142,CRS3035RES1000mN2022000E3141000,11127499928,116.0
6143,CRS3035RES1000mN2022000E3141000,11143725881,98.0
6144,CRS3035RES1000mN2022000E3141000,11243087140,110.0
6145,CRS3035RES1000mN2022000E3141000,11269399969,95.0
6146,CRS3035RES1000mN2022000E3141000,11287269362,
6147,CRS3035RES1000mN2022000E3141000,11287269363,
6148,CRS3035RES1000mN2022000E3141000,11369705764,
6149,CRS3035RES1000mN2022000E3141000,11387776374,105.0
6150,CRS3035RES1000mN2022000E3141000,11461799040,
6151,CRS3035RES1000mN2022000E3141000,11462802981,88.0
6152,CRS3035RES1000mN2022000E3141000,11652077658,102.0
6153,CRS3035RES1000mN2022000E3141000,11691390164,86.0
6154,CRS3035RES1000mN2022000E3141000,11739757462,82.0
6155,CRS3035RES1000mN2022000E3141000,12178446726,74.0
6156,CRS3035RES1000mN2022000E3141000,12407425114,96.0
6157,CRS3035RES1000mN2022000E3141000,12865480228,116.0
6158,CRS3035RES1000mN2022000E3141000,2960630,25.0
6159,CRS3035RES1000mN2022000E3141000,3554044,48.0
6160,CRS3035RES1000mN2022000E3141000,3557906,78.0
6161,CRS3035RES1000mN2022000E3141000,5231361,90.0
6162,CRS3035RES1000mN2022000E3141000,9314566,
6163,CRS3035RES1000mN2022000E3141000,13696257,119.0
6164,CRS3035RES1000mN2022000E3141000,15996131,87.0
6165,CRS3035RES1000mN2022000E3141000,23526191,100.0
6166,CRS3035RES1000mN2022000E3141000,23545719,104.0
6167,CRS3035RES1000mN2022000E3141000,30599279,67.0
6168,CRS3035RES1000mN2022000E3141000,30649229,86.0
6169,CRS3035RES1000mN2022000E3141000,32198651,
6170,CRS3035RES1000mN2022000E3141000,34945111,70.0
6171,CRS3035RES1000mN2022000E3141000,50170625,
6172,CRS3035RES1000mN2022000E3141000,82887228,108.0
6173,CRS3035RES1000mN2022000E3141000,92484952,115.0
6174,CRS3035RES1000mN2022000E3141000,95794713,103.0
6175,CRS3035RES1000mN2022000E3141000,96418670,66.0
6176,CRS3035RES1000mN2022000E3141000,98502686,93.0
6177,CRS3035RES1000mN2022000E3141000,132613257,103.0
6178,CRS3035RES1000mN2022000E3141000,135036040,110.0
6179,CRS3035RES1000mN2022000E3141000,150772489,90.0
6180,CRS3035RES1000mN2022000E3141000,154118456,94.0
6181,CRS3035RES1000mN2022000E3141000,157375776,112.0
6182,CRS3035RES1000mN2022000E3141000,158211204,41.0
6183,CRS3035RES1000mN2022000E3141000,162072415,71.0
6184,CRS3035RES1000mN2022000E3141000,162117720,107.0
6185,CRS3035RES1000mN2022000E3141000,170487273,
6186,CRS3035RES1000mN2022000E3141000,172686062,55.0
6187,CRS3035RES1000mN2022000E3141000,174318235,70.0
6188,CRS3035RES1000mN2022000E3141000,174318237,61.0
6189,CRS3035RES1000mN2022000E3141000,205060159,
6190,CRS3035RES1000mN2022000E3141000,205757163,
6191,CRS3035RES1000mN2022000E3141000,221095520,119.0
6192,CRS3035RES1000mN2022000E3141000,224503374,92.0
6193,CRS3035RES1000mN2022000E3141000,227333462,87.0
6194,CRS3035RES1000mN2022000E3141000,229117454,97.0
6195,CRS3035RES1000mN2022000E3141000,261460389,
6196,CRS3035RES1000mN2022000E3141000,283450022,77.0
6197,CRS3035RES1000mN2022000E3141000,288994040,72.0
6198,CRS3035RES1000mN2022000E3141000,296744564,
6199,CRS3035RES1000mN2022000E3141000,297526406,114.0
6200,CRS3035RES1000mN2022000E3141000,300709861,78.0
6201,CRS3035RES1000mN2022000E3141000,301444634,
6202,CRS3035RES1000mN2022000E3141000,302721609,106.0
6203,CRS3035RES1000mN2022000E3141000,308195630,
6204,CRS3035RES1000mN2022000E3141000,312777902,72.0
6205,CRS3035RES1000mN2022000E3141000,330154630,
6206,CRS3035RES1000mN2022000E3141000,340205456,91.0
6207,CRS3035RES1000mN2022000E3141000,367883612,106.0
6208,CRS3035RES1000mN2022000E3141000,368211943,107.0
6209,CRS3035RES1000mN2022000E3141000,374180360,118.0
6210,CRS3035RES1000mN2022000E3141000,375369499,88.0
6211,CRS3035RES1000mN2022000E3141000,383494544,96.0
6212,CRS3035RES1000mN2022000E3141000,384574591,78.0
6213,CRS3035RES1000mN2022000E3141000,403538322,
6214,CRS3035RES1000mN2022000E3141000,403859503,87.0
6215,CRS3035RES1000mN2022000E3141000,437050442,93.0
6216,CRS3035RES1000mN2022000E3141000,459881697,88.0
6217,CRS3035RES1000mN2022000E3141000,477278425,
6218,CRS3035RES1000mN2022000E3141000,486879235,
6219,CRS3035RES1000mN2022000E3141000,493748377,75.0
6220,CRS3035RES1000mN2022000E3141000,498234201,96.0
6221,CRS3035RES1000mN2022000E3141000,504315026,117.0
6222,CRS3035RES1000mN2022000E3141000,548701490,
6223,CRS3035RES1000mN2022000E3141000,574210084,
6224,CRS3035RES1000mN2022000E3141000,576094143,76.0
6225,CRS3035RES1000mN2022000E3141000,584409067,
6226,CRS3035RES1000mN2022000E3141000,635512756,117.0
6227,CRS3035RES1000mN2022000E3141000,638492224,
6228,CRS3035RES1000mN2022000E3141000,653913062,114.0
6229,CRS3035RES1000mN2022000E3141000,659866770,
6230,CRS3035RES1000mN2022000E3141000,697717972,53.0
6231,CRS3035RES1000mN2022000E3141000,717194862,
6232,CRS3035RES1000mN2022000E3141000,736899303,107.0
6233,CRS3035RES1000mN2022000E3141000,738042217,106.0
6234,CRS3035RES1000mN2022000E3141000,839611983,
6235,CRS3035RES1000mN2022000E3141000,957893520,82.0
6236,CRS3035RES1000mN2022000E3141000,963308110,107.0
6237,CRS3035RES1000mN2022000E3141000,1073283182,103.0
6238,CRS3035RES1000mN2022000E3141000,1252864015,113.0
6239,CRS3035RES1000mN2022000E3141000,1283203658,94.0
6240,CRS3035RES1000mN2022000E3142000,25526,46.0
6241,CRS3035RES1000mN2022000E3142000,1774,67.0
6242,CRS3035RES1000mN2022000E3142000,1770,93.0
6243,CRS3035RES1000mN2022000E3142000,1773,86.0
6244,CRS3035RES1000mN2022000E3142000,1771,65.0
6245,CRS3035RES1000mN2022000E3142000,123303,67.0
6246,CRS3035RES1000mN2022000E3142000,1764,72.0
6247,CRS3035RES1000mN2022000E3142000,181101,85.0
6248,CRS3035RES1000mN2022000E3142000,5765642,53.0
6249,CRS3035RES1000mN2022000E3142000,86719,74.0
6250,CRS3035RES1000mN2022000E3142000,1800,84.0
6251,CRS3035RES1000mN2022000E3142000,1757,56.0
6252,CRS3035RES1000mN2022000E3142000,1755,61.0
6253,CRS3035RES1000mN2022000E3142000,1882,65.0
6254,CRS3035RES1000mN2022000E3142000,1745,86.0
6255,CRS3035RES1000mN2022000E3142000,1794,84.0
6256,CRS3035RES1000mN2022000E3142000,1762,75.0
6257,CRS3035RES1000mN2022000E3142000,51188,75.0
6258,CRS3035RES1000mN2022000E3142000,6893633,75.0
6259,CRS3035RES1000mN2022000E3142000,167128,84.0
6260,CRS3035RES1000mN2022000E3142000,1760,80.0
6261,CRS3035RES1000mN2022000E3142000,12773298,73.0
6262,CRS3035RES1000mN2022000E3142000,1754,76.0
6263,CRS3035RES1000mN2022000E3142000,1748,82.0
6264,CRS3035RES1000mN2022000E3142000,79941,91.0
6265,CRS3035RES1000mN2022000E3142000,1750,85.0
6266,CRS3035RES1000mN2022000E3142000,5975465,64.0
6267,CRS3035RES1000mN2022000E3142000,115056,91.0
6268,CRS3035RES1000mN2022000E3142000,1790,83.0
6269,CRS3035RES1000mN2022000E3142000,1756,57.0
6270,CRS3035RES1000mN2022000E3142000,51849,83.0
6271,CRS3035RES1000mN2022000E3142000,185595,77.0
6272,CRS3035RES1000mN2022000E3142000,7697128,62.0
6273,CRS3035RES1000mN2022000E3142000,10395362,95.0
6274,CRS3035RES1000mN2022000E3142000,1759,78.0
6275,CRS3035RES1000mN2022000E3142000,1752,77.0
6276,CRS3035RES1000mN2022000E3142000,186714,82.0
6277,CRS3035RES1000mN2022000E3142000,1753,78.0
6278,CRS3035RES1000mN2022000E3142000,1792,78.0
6279,CRS3035RES1000mN2022000E3142000,1763,62.0
6280,CRS3035RES1000mN2022000E3142000,1746,91.0
6281,CRS3035RES1000mN2022000E3142000,11572165,74.0
6282,CRS3035RES1000mN2022000E3142000,1761,73.0
6283,CRS3035RES1000mN2022000E3142000,1747,87.0
6284,CRS3035RES1000mN2022000E3142000,5768564,53.0
6285,CRS3035RES1000mN2022000E3142000,1798,58.0
6286,CRS3035RES1000mN2022000E3142000,66904,84.0
6287,CRS3035RES1000mN2022000E3142000,1777,69.0
6288,CRS3035RES1000mN2022000E3142000,1765,78.0
6289,CRS3035RES1000mN2022000E3142000,49416,79.0
6290,CRS3035RES1000mN2022000E3142000,12734939,79.0
6291,CRS3035RES1000mN2022000E3142000,167386167,70.0
6292,CRS3035RES1000mN2022000E3142000,295933804,72.0
6293,CRS3035RES1000mN2022000E3142000,303340017,72.0
6294,CRS3035RES1000mN2022000E3142000,315355551,77.0
6295,CRS3035RES1000mN2022000E3142000,339084977,66.0
6296,CRS3035RES1000mN2022000E3142000,412911553,71.0
6297,CRS3035RES1000mN2022000E3142000,558126037,71.0
6298,CRS3035RES1000mN2022000E3142000,711789768,46.0
6299,CRS3035RES1000mN2022000E3142000,727666062,97.0
6300,CRS3035RES1000mN2022000E3142000,848085869,55.0
6301,CRS3035RES1000mN2022000E3142000,1056098898,81.0
6302,CRS3035RES1000mN2022000E3142000,1255438242,
6303,CRS3035RES1000mN2022000E3142000,1469985039,93.0
6304,CRS3035RES1000mN2022000E3142000,1504302537,
6305,CRS3035RES1000mN2022000E3142000,1511617504,30.0
6306,CRS3035RES1000mN2022000E3142000,1541601287,94.0
6307,CRS3035RES1000mN2022000E3142000,1544591296,86.0
6308,CRS3035RES1000mN2022000E3142000,1598174183,94.0
6309,CRS3035RES1000mN2022000E3142000,1629887846,98.0
6310,CRS3035RES1000mN2022000E3142000,1686660176,95.0
6311,CRS3035RES1000mN2022000E3142000,1716927336,91.0
6312,CRS3035RES1000mN2022000E3142000,1734554324,97.0
6313,CRS3035RES1000mN2022000E3142000,1849109335,77.0
6314,CRS3035RES1000mN2022000E3142000,2028408680,32.0
6315,CRS3035RES1000mN2022000E3142000,2036887702,
6316,CRS3035RES1000mN2022000E3142000,2061404218,99.0
6317,CRS3035RES1000mN2022000E3142000,2134238030,99.0
6318,CRS3035RES1000mN2022000E3142000,2261600754,
6319,CRS3035RES1000mN2022000E3142000,2301402027,103.0
6320,CRS3035RES1000mN2022000E3142000,2303966810,51.0
6321,CRS3035RES1000mN2022000E3142000,2312029862,97.0
6322,CRS3035RES1000mN2022000E3142000,2408860250,102.0
6323,CRS3035RES1000mN2022000E3142000,2620185829,74.0
6324,CRS3035RES1000mN2022000E3142000,2622508931,70.0
6325,CRS3035RES1000mN2022000E3142000,2672130951,102.0
6326,CRS3035RES1000mN2022000E3142000,2710518818,107.0
6327,CRS3035RES1000mN2022000E3142000,3034026261,74.0
6328,CRS3035RES1000mN2022000E3142000,3179889751,
6329,CRS3035RES1000mN2022000E3142000,3206611978,72.0
6330,CRS3035RES1000mN2022000E3142000,3272828439,52.0
6331,CRS3035RES1000mN2022000E3142000,3452364276,97.0
6332,CRS3035RES1000mN2022000E3142000,3452364277,80.0
6333,CRS3035RES1000mN2022000E3142000,3495733197,
6334,CRS3035RES1000mN2022000E3142000,3497154853,
6335,CRS3035RES1000mN2022000E3142000,3517755445,
6336,CRS3035RES1000mN2022000E3142000,3522125657,
6337,CRS3035RES1000mN2022000E3142000,3526751794,
6338,CRS3035RES1000mN2022000E3142000,3839306060,96.0
6339,CRS3035RES1000mN2022000E3142000,4214697664,54.0
6340,CRS3035RES1000mN2022000E3142000,4338252586,
6341,CRS3035RES1000mN2022000E3142000,4401271633,
6342,CRS3035RES1000mN2022000E3142000,4515476768,78.0
6343,CRS3035RES1000mN2022000E3142000,4569910891,67.0
6344,CRS3035RES1000mN2022000E3142000,4703730491,77.0
6345,CRS3035RES1000mN2022000E3142000,4707870392,72.0
6346,CRS3035RES1000mN2022000E3142000,4789037769,113.0
6347,CRS3035RES1000mN2022000E3142000,4794233143,
6348,CRS3035RES1000mN2022000E3142000,4870405674,54.0
6349,CRS3035RES1000mN2022000E3142000,5139379922,57.0
6350,CRS3035RES1000mN2022000E3142000,5160337425,69.0
6351,CRS3035RES1000mN2022000E3142000,5196199575,80.0
6352,CRS3035RES1000mN2022000E3142000,5341570554,78.0
6353,CRS3035RES1000mN2022000E3142000,5345949864,108.0
6354,CRS3035RES1000mN2022000E3142000,5448507385,
6355,CRS3035RES1000mN2022000E3142000,5604693894,
6356,CRS3035RES1000mN2022000E3142000,5670401989,
6357,CRS3035RES1000mN2022000E3142000,5942671299,101.0
6358,CRS3035RES1000mN2022000E3142000,5943980960,29.0
6359,CRS3035RES1000mN2022000E3142000,6185791451,
6360,CRS3035RES1000mN2022000E3142000,6188948286,97.0
6361,CRS3035RES1000mN2022000E3142000,6555800191,22.0
6362,CRS3035RES1000mN2022000E3142000,6885254479,91.0
6363,CRS3035RES1000mN2022000E3142000,7222611268,
6364,CRS3035RES1000mN2022000E3142000,7408961006,
6365,CRS3035RES1000mN2022000E3142000,7619964683,
6366,CRS3035RES1000mN2022000E3142000,7836562695,113.0
6367,CRS3035RES1000mN2022000E3142000,8493729364,63.0
6368,CRS3035RES1000mN2022000E3142000,8557885377,103.0
6369,CRS3035RES1000mN2022000E3142000,8807212208,72.0
6370,CRS3035RES1000mN2022000E3142000,8844229173,78.0
6371,CRS3035RES1000mN2022000E3142000,8878422600,94.0
6372,CRS3035RES1000mN2022000E3142000,9595709188,81.0
6373,CRS3035RES1000mN2022000E3142000,9611387099,57.0
6374,CRS3035RES1000mN2022000E3142000,9712656915,64.0
6375,CRS3035RES1000mN2022000E3142000,9713142744,72.0
6376,CRS3035RES1000mN2022000E3142000,9815746657,
6377,CRS3035RES1000mN2022000E3142000,10004871512,97.0
6378,CRS3035RES1000mN2022000E3142000,10281174134,
6379,CRS3035RES1000mN2022000E3142000,10580337411,100.0
6380,CRS3035RES1000mN2022000E3142000,10899442604,43.0
6381,CRS3035RES1000mN2022000E3142000,10922657146,34.0
6382,CRS3035RES1000mN2022000E3142000,11127499928,99.0
6383,CRS3035RES1000mN2022000E3142000,11143725881,80.0
6384,CRS3035RES1000mN2022000E3142000,11243087140,99.0
6385,CRS3035RES1000mN2022000E3142000,11269399969,79.0
6386,CRS3035RES1000mN2022000E3142000,11287269362,96.0
6387,CRS3035RES1000mN2022000E3142000,11287269363,113.0
6388,CRS3035RES1000mN2022000E3142000,11369705764,105.0
6389,CRS3035RES1000mN2022000E3142000,11387776374,91.0
6390,CRS3035RES1000mN2022000E3142000,11461799040,
6391,CRS3035RES1000mN2022000E3142000,11462802981,74.0
6392,CRS3035RES1000mN2022000E3142000,11652077658,82.0
6393,CRS3035RES1000mN2022000E3142000,11691390164,70.0
6394,CRS3035RES1000mN2022000E3142000,11739757462,61.0
6395,CRS3035RES1000mN2022000E3142000,12178446726,58.0
6396,CRS3035RES1000mN2022000E3142000,12407425114,82.0
6397,CRS3035RES1000mN2022000E3142000,12865480228,97.0
6398,CRS3035RES1000mN2022000E3142000,2960630,8.0
6399,CRS3035RES1000mN2022000E3142000,3554044,35.0
6400,CRS3035RES1000mN2022000E3142000,3557906,59.0
6401,CRS3035RES1000mN2022000E3142000,5231361,75.0
6402,CRS3035RES1000mN2022000E3142000,9314566,116.0
6403,CRS3035RES1000mN2022000E3142000,13696257,101.0
6404,CRS3035RES1000mN2022000E3142000,15996131,72.0
6405,CRS3035RES1000mN2022000E3142000,23526191,87.0
6406,CRS3035RES1000mN2022000E3142000,23545719,89.0
6407,CRS3035RES1000mN2022000E3142000,30599279,50.0
6408,CRS3035RES1000mN2022000E3142000,30649229,71.0
6409,CRS3035RES1000mN2022000E3142000,32198651,
6410,CRS3035RES1000mN2022000E3142000,34945111,51.0
6411,CRS3035RES1000mN2022000E3142000,50170625,
6412,CRS3035RES1000mN2022000E3142000,82887228,94.0
6413,CRS3035RES1000mN2022000E3142000,92484952,94.0
6414,CRS3035RES1000mN2022000E3142000,95794713,90.0
6415,CRS3035RES1000mN2022000E3142000,96418670,48.0
6416,CRS3035RES1000mN2022000E3142000,98502686,78.0
6417,CRS3035RES1000mN2022000E3142000,132613257,91.0
6418,CRS3035RES1000mN2022000E3142000,135036040,97.0
6419,CRS3035RES1000mN2022000E3142000,150772489,75.0
6420,CRS3035RES1000mN2022000E3142000,154118456,89.0
6421,CRS3035RES1000mN2022000E3142000,157375776,96.0
6422,CRS3035RES1000mN2022000E3142000,158211204,21.0
6423,CRS3035RES1000mN2022000E3142000,162072415,54.0
6424,CRS3035RES1000mN2022000E3142000,162117720,91.0
6425,CRS3035RES1000mN2022000E3142000,170487273,
6426,CRS3035RES1000mN2022000E3142000,172686062,40.0
6427,CRS3035RES1000mN2022000E3142000,174318235,58.0
6428,CRS3035RES1000mN2022000E3142000,174318237,42.0
6429,CRS3035RES1000mN2022000E3142000,205060159,
6430,CRS3035RES1000mN2022000E3142000,205757163,
6431,CRS3035RES1000mN2022000E3142000,221095520,101.0
6432,CRS3035RES1000mN2022000E3142000,224503374,77.0
6433,CRS3035RES1000mN2022000E3142000,227333462,87.0
6434,CRS3035RES1000mN2022000E3142000,229117454,79.0
6435,CRS3035RES1000mN2022000E3142000,261460389,
6436,CRS3035RES1000mN2022000E3142000,283450022,62.0
6437,CRS3035RES1000mN2022000E3142000,288994040,57.0
6438,CRS3035RES1000mN2022000E3142000,296744564,
6439,CRS3035RES1000mN2022000E3142000,297526406,97.0
6440,CRS3035RES1000mN2022000E3142000,300709861,65.0
6441,CRS3035RES1000mN2022000E3142000,301444634,85.0
6442,CRS3035RES1000mN2022000E3142000,302721609,100.0
6443,CRS3035RES1000mN2022000E3142000,308195630,109.0
6444,CRS3035RES1000mN2022000E3142000,312777902,57.0
6445,CRS3035RES1000mN2022000E3142000,330154630,
6446,CRS3035RES1000mN2022000E3142000,340205456,76.0
6447,CRS3035RES1000mN2022000E3142000,367883612,92.0
6448,CRS3035RES1000mN2022000E3142000,368211943,92.0
6449,CRS3035RES1000mN2022000E3142000,374180360,97.0
6450,CRS3035RES1000mN2022000E3142000,375369499,83.0
6451,CRS3035RES1000mN2022000E3142000,383494544,81.0
6452,CRS3035RES1000mN2022000E3142000,384574591,59.0
6453,CRS3035RES1000mN2022000E3142000,403538322,113.0
6454,CRS3035RES1000mN2022000E3142000,403859503,72.0
6455,CRS3035RES1000mN2022000E3142000,437050442,75.0
6456,CRS3035RES1000mN2022000E3142000,459881697,88.0
6457,CRS3035RES1000mN2022000E3142000,477278425,
6458,CRS3035RES1000mN2022000E3142000,486879235,
6459,CRS3035RES1000mN2022000E3142000,493748377,59.0
6460,CRS3035RES1000mN2022000E3142000,498234201,78.0
6461,CRS3035RES1000mN2022000E3142000,504315026,98.0
6462,CRS3035RES1000mN2022000E3142000,548701490,93.0
6463,CRS3035RES1000mN2022000E3142000,574210084,91.0
6464,CRS3035RES1000mN2022000E3142000,576094143,57.0
6465,CRS3035RES1000mN2022000E3142000,584409067,109.0
6466,CRS3035RES1000mN2022000E3142000,635512756,97.0
6467,CRS3035RES1000mN2022000E3142000,638492224,
6468,CRS3035RES1000mN2022000E3142000,653913062,99.0
6469,CRS3035RES1000mN2022000E3142000,659866770,
6470,CRS3035RES1000mN2022000E3142000,697717972,35.0
6471,CRS3035RES1000mN2022000E3142000,717194862,
6472,CRS3035RES1000mN2022000E3142000,736899303,74.0
6473,CRS3035RES1000mN2022000E3142000,738042217,104.0
6474,CRS3035RES1000mN2022000E3142000,839611983,
6475,CRS3035RES1000mN2022000E3142000,957893520,66.0
6476,CRS3035RES1000mN2022000E3142000,963308110,94.0
6477,CRS3035RES1000mN2022000E3142000,1073283182,92.0
6478,CRS3035RES1000mN2022000E3142000,1252864015,94.0
6479,CRS3035RES1000mN2022000E3142000,1283203658,94.0
6480,CRS3035RES1000mN2022000E3143000,25526,43.0
6481,CRS3035RES1000mN2022000E3143000,1774,64.0
6482,CRS3035RES1000mN2022000E3143000,1770,90.0
6483,CRS3035RES1000mN2022000E3143000,1773,84.0
6484,CRS3035RES1000mN2022000E3143000,1771,63.0
6485,CRS3035RES1000mN2022000E3143000,123303,64.0
6486,CRS3035RES1000mN2022000E3143000,1764,68.0
6487,CRS3035RES1000mN2022000E3143000,181101,82.0
6488,CRS3035RES1000mN2022000E3143000,5765642,53.0
6489,CRS3035RES1000mN2022000E3143000,86719,71.0
6490,CRS3035RES1000mN2022000E3143000,1800,80.0
6491,CRS3035RES1000mN2022000E3143000,1757,53.0
6492,CRS3035RES1000mN2022000E3143000,1755,59.0
6493,CRS3035RES1000mN2022000E3143000,1882,62.0
6494,CRS3035RES1000mN2022000E3143000,1745,82.0
6495,CRS3035RES1000mN2022000E3143000,1794,81.0
6496,CRS3035RES1000mN2022000E3143000,1762,72.0
6497,CRS3035RES1000mN2022000E3143000,51188,73.0
6498,CRS3035RES1000mN2022000E3143000,6893633,73.0
6499,CRS3035RES1000mN2022000E3143000,167128,81.0
6500,CRS3035RES1000mN2022000E3143000,1760,78.0
6501,CRS3035RES1000mN2022000E3143000,12773298,70.0
6502,CRS3035RES1000mN2022000E3143000,1754,72.0
6503,CRS3035RES1000mN2022000E3143000,1748,80.0
6504,CRS3035RES1000mN2022000E3143000,79941,84.0
6505,CRS3035RES1000mN2022000E3143000,1750,82.0
6506,CRS3035RES1000mN2022000E3143000,5975465,62.0
6507,CRS3035RES1000mN2022000E3143000,115056,88.0
6508,CRS3035RES1000mN2022000E3143000,1790,80.0
6509,CRS3035RES1000mN2022000E3143000,1756,56.0
6510,CRS3035RES1000mN2022000E3143000,51849,81.0
6511,CRS3035RES1000mN2022000E3143000,185595,74.0
6512,CRS3035RES1000mN2022000E3143000,7697128,59.0
6513,CRS3035RES1000mN2022000E3143000,10395362,92.0
6514,CRS3035RES1000mN2022000E3143000,1759,76.0
6515,CRS3035RES1000mN2022000E3143000,1752,74.0
6516,CRS3035RES1000mN2022000E3143000,186714,79.0
6517,CRS3035RES1000mN2022000E3143000,1753,74.0
6518,CRS3035RES1000mN2022000E3143000,1792,76.0
6519,CRS3035RES1000mN2022000E3143000,1763,60.0
6520,CRS3035RES1000mN2022000E3143000,1746,88.0
6521,CRS3035RES1000mN2022000E3143000,11572165,72.0
6522,CRS3035RES1000mN2022000E3143000,1761,69.0
6523,CRS3035RES1000mN2022000E3143000,1747,84.0
6524,CRS3035RES1000mN2022000E3143000,5768564,50.0
6525,CRS3035RES1000mN2022000E3143000,1798,56.0
6526,CRS3035RES1000mN2022000E3143000,66904,79.0
6527,CRS3035RES1000mN2022000E3143000,1777,67.0
6528,CRS3035RES1000mN2022000E3143000,1765,75.0
6529,CRS3035RES1000mN2022000E3143000,49416,77.0
6530,CRS3035RES1000mN2022000E3143000,12734939,77.0
6531,CRS3035RES1000mN2022000E3143000,167386167,68.0
6532,CRS3035RES1000mN2022000E3143000,295933804,71.0
6533,CRS3035RES1000mN2022000E3143000,303340017,72.0
6534,CRS3035RES1000mN2022000E3143000,315355551,75.0
6535,CRS3035RES1000mN2022000E3143000,339084977,64.0
6536,CRS3035RES1000mN2022000E3143000,412911553,68.0
6537,CRS3035RES1000mN2022000E3143000,558126037,70.0
6538,CRS3035RES1000mN2022000E3143000,711789768,34.0
6539,CRS3035RES1000mN2022000E3143000,727666062,97.0
6540,CRS3035RES1000mN2022000E3143000,848085869,52.0
6541,CRS3035RES1000mN2022000E3143000,1056098898,79.0
6542,CRS3035RES1000mN2022000E3143000,1255438242,119.0
6543,CRS3035RES1000mN2022000E3143000,1469985039,90.0
6544,CRS3035RES1000mN2022000E3143000,1504302537,
6545,CRS3035RES1000mN2022000E3143000,1511617504,28.0
6546,CRS3035RES1000mN2022000E3143000,1541601287,93.0
6547,CRS3035RES1000mN2022000E3143000,1544591296,82.0
6548,CRS3035RES1000mN2022000E3143000,1598174183,87.0
6549,CRS3035RES1000mN2022000E3143000,1629887846,93.0
6550,CRS3035RES1000mN2022000E3143000,1686660176,92.0
6551,CRS3035RES1000mN2022000E3143000,1716927336,89.0
6552,CRS3035RES1000mN2022000E3143000,1734554324,94.0
6553,CRS3035RES1000mN2022000E3143000,1849109335,77.0
6554,CRS3035RES1000mN2022000E3143000,2028408680,31.0
6555,CRS3035RES1000mN2022000E3143000,2036887702,
6556,CRS3035RES1000mN2022000E3143000,2061404218,88.0
6557,CRS3035RES1000mN2022000E3143000,2134238030,96.0
6558,CRS3035RES1000mN2022000E3143000,2261600754,
6559,CRS3035RES1000mN2022000E3143000,2301402027,101.0
6560,CRS3035RES1000mN2022000E3143000,2303966810,51.0
6561,CRS3035RES1000mN2022000E3143000,2312029862,90.0
6562,CRS3035RES1000mN2022000E3143000,2408860250,102.0
6563,CRS3035RES1000mN2022000E3143000,2620185829,72.0
6564,CRS3035RES1000mN2022000E3143000,2622508931,68.0
6565,CRS3035RES1000mN2022000E3143000,2672130951,102.0
6566,CRS3035RES1000mN2022000E3143000,2710518818,105.0
6567,CRS3035RES1000mN2022000E3143000,3034026261,74.0
6568,CRS3035RES1000mN2022000E3143000,3179889751,
6569,CRS3035RES1000mN2022000E3143000,3206611978,72.0
6570,CRS3035RES1000mN2022000E3143000,3272828439,50.0
6571,CRS3035RES1000mN2022000E3143000,3452364276,93.0
6572,CRS3035RES1000mN2022000E3143000,3452364277,77.0
6573,CRS3035RES1000mN2022000E3143000,3495733197,
6574,CRS3035RES1000mN2022000E3143000,3497154853,
6575,CRS3035RES1000mN2022000E3143000,3517755445,
6576,CRS3035RES1000mN2022000E3143000,3522125657,
6577,CRS3035RES1000mN2022000E3143000,3526751794,
6578,CRS3035RES1000mN2022000E3143000,3839306060,92.0
6579,CRS3035RES1000mN2022000E3143000,4214697664,51.0
6580,CRS3035RES1000mN2022000E3143000,4338252586,
6581,CRS3035RES1000mN2022000E3143000,4401271633,
6582,CRS3035RES1000mN2022000E3143000,4515476768,78.0
6583,CRS3035RES1000mN2022000E3143000,4569910891,64.0
6584,CRS3035RES1000mN2022000E3143000,4703730491,74.0
6585,CRS3035RES1000mN2022000E3143000,4707870392,68.0
6586,CRS3035RES1000mN2022000E3143000,4789037769,110.0
6587,CRS3035RES1000mN2022000E3143000,4794233143,
6588,CRS3035RES1000mN2022000E3143000,4870405674,51.0
6589,CRS3035RES1000mN2022000E3143000,5139379922,57.0
6590,CRS3035RES1000mN2022000E3143000,5160337425,67.0
6591,CRS3035RES1000mN2022000E3143000,5196199575,78.0
6592,CRS3035RES1000mN2022000E3143000,5341570554,75.0
6593,CRS3035RES1000mN2022000E3143000,5345949864,107.0
6594,CRS3035RES1000mN2022000E3143000,5448507385,
6595,CRS3035RES1000mN2022000E3143000,5604693894,
6596,CRS3035RES1000mN2022000E3143000,5670401989,
6597,CRS3035RES1000mN2022000E3143000,5942671299,99.0
6598,CRS3035RES1000mN2022000E3143000,5943980960,29.0
6599,CRS3035RES1000mN2022000E3143000,6185791451,
6600,CRS3035RES1000mN2022000E3143000,6188948286,94.0
6601,CRS3035RES1000mN2022000E3143000,6555800191,14.0
6602,CRS3035RES1000mN2022000E3143000,6885254479,84.0
6603,CRS3035RES1000mN2022000E3143000,7222611268,
6604,CRS3035RES1000mN2022000E3143000,7408961006,
6605,CRS3035RES1000mN2022000E3143000,7619964683,
6606,CRS3035RES1000mN2022000E3143000,7836562695,112.0
6607,CRS3035RES1000mN2022000E3143000,8493729364,60.0
6608,CRS3035RES1000mN2022000E3143000,8557885377,103.0
6609,CRS3035RES1000mN2022000E3143000,8807212208,69.0
6610,CRS3035RES1000mN2022000E3143000,8844229173,75.0
6611,CRS3035RES1000mN2022000E3143000,8878422600,93.0
6612,CRS3035RES1000mN2022000E3143000,9595709188,79.0
6613,CRS3035RES1000mN2022000E3143000,9611387099,54.0
6614,CRS3035RES1000mN2022000E3143000,9712656915,62.0
6615,CRS3035RES1000mN2022000E3143000,9713142744,69.0
6616,CRS3035RES1000mN2022000E3143000,9815746657,
6617,CRS3035RES1000mN2022000E3143000,10004871512,90.0
6618,CRS3035RES1000mN2022000E3143000,10281174134,
6619,CRS3035RES1000mN2022000E3143000,10580337411,96.0
6620,CRS3035RES1000mN2022000E3143000,10899442604,41.0
6621,CRS3035RES1000mN2022000E3143000,10922657146,32.0
6622,CRS3035RES1000mN2022000E3143000,11127499928,98.0
6623,CRS3035RES1000mN2022000E3143000,11143725881,77.0
6624,CRS3035RES1000mN2022000E3143000,11243087140,91.0
6625,CRS3035RES1000mN2022000E3143000,11269399969,78.0
6626,CRS3035RES1000mN2022000E3143000,11287269362,93.0
6627,CRS3035RES1000mN2022000E3143000,11287269363,111.0
6628,CRS3035RES1000mN2022000E3143000,11369705764,103.0
6629,CRS3035RES1000mN2022000E3143000,11387776374,89.0
6630,CRS3035RES1000mN2022000E3143000,11461799040,
6631,CRS3035RES1000mN2022000E3143000,11462802981,72.0
6632,CRS3035RES1000mN2022000E3143000,11652077658,82.0
6633,CRS3035RES1000mN2022000E3143000,11691390164,68.0
6634,CRS3035RES1000mN2022000E3143000,11739757462,59.0
6635,CRS3035RES1000mN2022000E3143000,12178446726,56.0
6636,CRS3035RES1000mN2022000E3143000,12407425114,82.0
6637,CRS3035RES1000mN2022000E3143000,12865480228,93.0
6638,CRS3035RES1000mN2022000E3143000,2960630,16.0
6639,CRS3035RES1000mN2022000E3143000,3554044,28.0
6640,CRS3035RES1000mN2022000E3143000,3557906,57.0
6641,CRS3035RES1000mN2022000E3143000,5231361,73.0
6642,CRS3035RES1000mN2022000E3143000,9314566,103.0
6643,CRS3035RES1000mN2022000E3143000,13696257,98.0
6644,CRS3035RES1000mN2022000E3143000,15996131,70.0
6645,CRS3035RES1000mN2022000E3143000,23526191,83.0
6646,CRS3035RES1000mN2022000E3143000,23545719,86.0
6647,CRS3035RES1000mN2022000E3143000,30599279,48.0
6648,CRS3035RES1000mN2022000E3143000,30649229,69.0
6649,CRS3035RES1000mN2022000E3143000,32198651,
6650,CRS3035RES1000mN2022000E3143000,34945111,49.0
6651,CRS3035RES1000mN2022000E3143000,50170625,
6652,CRS3035RES1000mN2022000E3143000,82887228,93.0
6653,CRS3035RES1000mN2022000E3143000,92484952,92.0
6654,CRS3035RES1000mN2022000E3143000,95794713,88.0
6655,CRS3035RES1000mN2022000E3143000,96418670,46.0
6656,CRS3035RES1000mN2022000E3143000,98502686,78.0
6657,CRS3035RES1000mN2022000E3143000,132613257,89.0
6658,CRS3035RES1000mN2022000E3143000,135036040,93.0
6659,CRS3035RES1000mN2022000E3143000,150772489,73.0
6660,CRS3035RES1000mN2022000E3143000,154118456,86.0
6661,CRS3035RES1000mN2022000E3143000,157375776,95.0
6662,CRS3035RES1000mN2022000E3143000,158211204,18.0
6663,CRS3035RES1000mN2022000E3143000,162072415,52.0
6664,CRS3035RES1000mN2022000E3143000,162117720,89.0
6665,CRS3035RES1000mN2022000E3143000,170487273,
6666,CRS3035RES1000mN2022000E3143000,172686062,37.0
6667,CRS3035RES1000mN2022000E3143000,174318235,53.0
6668,CRS3035RES1000mN2022000E3143000,174318237,40.0
6669,CRS3035RES1000mN2022000E3143000,205060159,
6670,CRS3035RES1000mN2022000E3143000,205757163,
6671,CRS3035RES1000mN2022000E3143000,221095520,99.0
6672,CRS3035RES1000mN2022000E3143000,224503374,74.0
6673,CRS3035RES1000mN2022000E3143000,227333462,87.0
6674,CRS3035RES1000mN2022000E3143000,229117454,76.0
6675,CRS3035RES1000mN2022000E3143000,261460389,
6676,CRS3035RES1000mN2022000E3143000,283450022,59.0
6677,CRS3035RES1000mN2022000E3143000,288994040,54.0
6678,CRS3035RES1000mN2022000E3143000,296744564,
6679,CRS3035RES1000mN2022000E3143000,297526406,96.0
6680,CRS3035RES1000mN2022000E3143000,300709861,64.0
6681,CRS3035RES1000mN2022000E3143000,301444634,85.0
6682,CRS3035RES1000mN2022000E3143000,302721609,98.0
6683,CRS3035RES1000mN2022000E3143000,308195630,109.0
6684,CRS3035RES1000mN2022000E3143000,312777902,54.0
6685,CRS3035RES1000mN2022000E3143000,330154630,
6686,CRS3035RES1000mN2022000E3143000,340205456,73.0
6687,CRS3035RES1000mN2022000E3143000,367883612,91.0
6688,CRS3035RES1000mN2022000E3143000,368211943,91.0
6689,CRS3035RES1000mN2022000E3143000,374180360,94.0
6690,CRS3035RES1000mN2022000E3143000,375369499,80.0
6691,CRS3035RES1000mN2022000E3143000,383494544,78.0
6692,CRS3035RES1000mN2022000E3143000,384574591,57.0
6693,CRS3035RES1000mN2022000E3143000,403538322,113.0
6694,CRS3035RES1000mN2022000E3143000,403859503,70.0
6695,CRS3035RES1000mN2022000E3143000,437050442,73.0
6696,CRS3035RES1000mN2022000E3143000,459881697,88.0
6697,CRS3035RES1000mN2022000E3143000,477278425,
6698,CRS3035RES1000mN2022000E3143000,486879235,
6699,CRS3035RES1000mN2022000E3143000,493748377,58.0
6700,CRS3035RES1000mN2022000E3143000,498234201,75.0
6701,CRS3035RES1000mN2022000E3143000,504315026,94.0
6702,CRS3035RES1000mN2022000E3143000,548701490,91.0
6703,CRS3035RES1000mN2022000E3143000,574210084,91.0
6704,CRS3035RES1000mN2022000E3143000,576094143,56.0
6705,CRS3035RES1000mN2022000E3143000,584409067,109.0
6706,CRS3035RES1000mN2022000E3143000,635512756,96.0
6707,CRS3035RES1000mN2022000E3143000,638492224,
6708,CRS3035RES1000mN2022000E3143000,653913062,97.0
6709,CRS3035RES1000mN2022000E3143000,659866770,
6710,CRS3035RES1000mN2022000E3143000,697717972,33.0
6711,CRS3035RES1000mN2022000E3143000,717194862,
6712,CRS3035RES1000mN2022000E3143000,736899303,73.0
6713,CRS3035RES1000mN2022000E3143000,738042217,102.0
6714,CRS3035RES1000mN2022000E3143000,839611983,
6715,CRS3035RES1000mN2022000E3143000,957893520,64.0
6716,CRS3035RES1000mN2022000E3143000,963308110,91.0
6717,CRS3035RES1000mN2022000E3143000,1073283182,90.0
6718,CRS3035RES1000mN2022000E3143000,1252864015,87.0
6719,CRS3035RES1000mN2022000E3143000,1283203658,94.0
6720,CRS3035RES1000mN2022000E3144000,25526,34.0
6721,CRS3035RES1000mN2022000E3144000,1774,54.0
6722,CRS3035RES1000mN2022000E3144000,1770,81.0
6723,CRS3035RES1000mN2022000E3144000,1773,74.0
6724,CRS3035RES1000mN2022000E3144000,1771,54.0
6725,CRS3035RES1000mN2022000E3144000,123303,54.0
6726,CRS3035RES1000mN2022000E3144000,1764,60.0
6727,CRS3035RES1000mN2022000E3144000,181101,70.0
6728,CRS3035RES1000mN2022000E3144000,5765642,43.0
6729,CRS3035RES1000mN2022000E3144000,86719,62.0
6730,CRS3035RES1000mN2022000E3144000,1800,71.0
6731,CRS3035RES1000mN2022000E3144000,1757,44.0
6732,CRS3035RES1000mN2022000E3144000,1755,50.0
6733,CRS3035RES1000mN2022000E3144000,1882,54.0
6734,CRS3035RES1000mN2022000E3144000,1745,75.0
6735,CRS3035RES1000mN2022000E3144000,1794,72.0
6736,CRS3035RES1000mN2022000E3144000,1762,63.0
6737,CRS3035RES1000mN2022000E3144000,51188,64.0
6738,CRS3035RES1000mN2022000E3144000,6893633,64.0
6739,CRS3035RES1000mN2022000E3144000,167128,71.0
6740,CRS3035RES1000mN2022000E3144000,1760,69.0
6741,CRS3035RES1000mN2022000E3144000,12773298,60.0
6742,CRS3035RES1000mN2022000E3144000,1754,65.0
6743,CRS3035RES1000mN2022000E3144000,1748,69.0
6744,CRS3035RES1000mN2022000E3144000,79941,79.0
6745,CRS3035RES1000mN2022000E3144000,1750,73.0
6746,CRS3035RES1000mN2022000E3144000,5975465,52.0
6747,CRS3035RES1000mN2022000E3144000,115056,80.0
6748,CRS3035RES1000mN2022000E3144000,1790,72.0
6749,CRS3035RES1000mN2022000E3144000,1756,47.0
6750,CRS3035RES1000mN2022000E3144000,51849,72.0
6751,CRS3035RES1000mN2022000E3144000,185595,65.0
6752,CRS3035RES1000mN2022000E3144000,7697128,51.0
6753,CRS3035RES1000mN2022000E3144000,10395362,82.0
6754,CRS3035RES1000mN2022000E3144000,1759,67.0
6755,CRS3035RES1000mN2022000E3144000,1752,65.0
6756,CRS3035RES1000mN2022000E3144000,186714,70.0
6757,CRS3035RES1000mN2022000E3144000,1753,66.0
6758,CRS3035RES1000mN2022000E3144000,1792,64.0
6759,CRS3035RES1000mN2022000E3144000,1763,51.0
6760,CRS3035RES1000mN2022000E3144000,1746,79.0
6761,CRS3035RES1000mN2022000E3144000,11572165,65.0
6762,CRS3035RES1000mN2022000E3144000,1761,61.0
6763,CRS3035RES1000mN2022000E3144000,1747,73.0
6764,CRS3035RES1000mN2022000E3144000,5768564,41.0
6765,CRS3035RES1000mN2022000E3144000,1798,47.0
6766,CRS3035RES1000mN2022000E3144000,66904,73.0
6767,CRS3035RES1000mN2022000E3144000,1777,57.0
6768,CRS3035RES1000mN2022000E3144000,1765,66.0
6769,CRS3035RES1000mN2022000E3144000,49416,67.0
6770,CRS3035RES1000mN2022000E3144000,12734939,67.0
6771,CRS3035RES1000mN2022000E3144000,167386167,59.0
6772,CRS3035RES1000mN2022000E3144000,295933804,68.0
6773,CRS3035RES1000mN2022000E3144000,303340017,60.0
6774,CRS3035RES1000mN2022000E3144000,315355551,61.0
6775,CRS3035RES1000mN2022000E3144000,339084977,55.0
6776,CRS3035RES1000mN2022000E3144000,412911553,60.0
6777,CRS3035RES1000mN2022000E3144000,558126037,56.0
6778,CRS3035RES1000mN2022000E3144000,711789768,34.0
6779,CRS3035RES1000mN2022000E3144000,727666062,97.0
6780,CRS3035RES1000mN2022000E3144000,848085869,36.0
6781,CRS3035RES1000mN2022000E3144000,1056098898,69.0
6782,CRS3035RES1000mN2022000E3144000,1255438242,113.0
6783,CRS3035RES1000mN2022000E3144000,1469985039,79.0
6784,CRS3035RES1000mN2022000E3144000,1504302537,96.0
6785,CRS3035RES1000mN2022000E3144000,1511617504,24.0
6786,CRS3035RES1000mN2022000E3144000,1541601287,81.0
6787,CRS3035RES1000mN2022000E3144000,1544591296,74.0
6788,CRS3035RES1000mN2022000E3144000,1598174183,84.0
6789,CRS3035RES1000mN2022000E3144000,1629887846,90.0
6790,CRS3035RES1000mN2022000E3144000,1686660176,82.0
6791,CRS3035RES1000mN2022000E3144000,1716927336,70.0
6792,CRS3035RES1000mN2022000E3144000,1734554324,92.0
6793,CRS3035RES1000mN2022000E3144000,1849109335,65.0
6794,CRS3035RES1000mN2022000E3144000,2028408680,34.0
6795,CRS3035RES1000mN2022000E3144000,2036887702,
6796,CRS3035RES1000mN2022000E3144000,2061404218,86.0
6797,CRS3035RES1000mN2022000E3144000,2134238030,94.0
6798,CRS3035RES1000mN2022000E3144000,2261600754,
6799,CRS3035RES1000mN2022000E3144000,2301402027,93.0
6800,CRS3035RES1000mN2022000E3144000,2303966810,51.0
6801,CRS3035RES1000mN2022000E3144000,2312029862,87.0
6802,CRS3035RES1000mN2022000E3144000,2408860250,85.0
6803,CRS3035RES1000mN2022000E3144000,2620185829,63.0
6804,CRS3035RES1000mN2022000E3144000,2622508931,59.0
6805,CRS3035RES1000mN2022000E3144000,2672130951,97.0
6806,CRS3035RES1000mN2022000E3144000,2710518818,86.0
6807,CRS3035RES1000mN2022000E3144000,3034026261,74.0
6808,CRS3035RES1000mN2022000E3144000,3179889751,105.0
6809,CRS3035RES1000mN2022000E3144000,3206611978,72.0
6810,CRS3035RES1000mN2022000E3144000,3272828439,41.0
6811,CRS3035RES1000mN2022000E3144000,3452364276,86.0
6812,CRS3035RES1000mN2022000E3144000,3452364277,68.0
6813,CRS3035RES1000mN2022000E3144000,3495733197,
6814,CRS3035RES1000mN2022000E3144000,3497154853,
6815,CRS3035RES1000mN2022000E3144000,3517755445,
6816,CRS3035RES1000mN2022000E3144000,3522125657,
6817,CRS3035RES1000mN2022000E3144000,3526751794,90.0
6818,CRS3035RES1000mN2022000E3144000,3839306060,87.0
6819,CRS3035RES1000mN2022000E3144000,4214697664,42.0
6820,CRS3035RES1000mN2022000E3144000,4338252586,78.0
6821,CRS3035RES1000mN2022000E3144000,4401271633,
6822,CRS3035RES1000mN2022000E3144000,4515476768,74.0
6823,CRS3035RES1000mN2022000E3144000,4569910891,56.0
6824,CRS3035RES1000mN2022000E3144000,4703730491,63.0
6825,CRS3035RES1000mN2022000E3144000,4707870392,58.0
6826,CRS3035RES1000mN2022000E3144000,4789037769,86.0
6827,CRS3035RES1000mN2022000E3144000,4794233143,
6828,CRS3035RES1000mN2022000E3144000,4870405674,42.0
6829,CRS3035RES1000mN2022000E3144000,5139379922,57.0
6830,CRS3035RES1000mN2022000E3144000,5160337425,57.0
6831,CRS3035RES1000mN2022000E3144000,5196199575,71.0
6832,CRS3035RES1000mN2022000E3144000,5341570554,65.0
6833,CRS3035RES1000mN2022000E3144000,5345949864,83.0
6834,CRS3035RES1000mN2022000E3144000,5448507385,
6835,CRS3035RES1000mN2022000E3144000,5604693894,75.0
6836,CRS3035RES1000mN2022000E3144000,5670401989,96.0
6837,CRS3035RES1000mN2022000E3144000,5942671299,85.0
6838,CRS3035RES1000mN2022000E3144000,5943980960,29.0
6839,CRS3035RES1000mN2022000E3144000,6185791451,
6840,CRS3035RES1000mN2022000E3144000,6188948286,86.0
6841,CRS3035RES1000mN2022000E3144000,6555800191,11.0
6842,CRS3035RES1000mN2022000E3144000,6885254479,77.0
6843,CRS3035RES1000mN2022000E3144000,7222611268,
6844,CRS3035RES1000mN2022000E3144000,7408961006,116.0
6845,CRS3035RES1000mN2022000E3144000,7619964683,115.0
6846,CRS3035RES1000mN2022000E3144000,7836562695,91.0
6847,CRS3035RES1000mN2022000E3144000,8493729364,51.0
6848,CRS3035RES1000mN2022000E3144000,8557885377,76.0
6849,CRS3035RES1000mN2022000E3144000,8807212208,60.0
6850,CRS3035RES1000mN2022000E3144000,8844229173,66.0
6851,CRS3035RES1000mN2022000E3144000,8878422600,81.0
6852,CRS3035RES1000mN2022000E3144000,9595709188,70.0
6853,CRS3035RES1000mN2022000E3144000,9611387099,45.0
6854,CRS3035RES1000mN2022000E3144000,9712656915,53.0
6855,CRS3035RES1000mN2022000E3144000,9713142744,61.0
6856,CRS3035RES1000mN2022000E3144000,9815746657,
6857,CRS3035RES1000mN2022000E3144000,10004871512,87.0
6858,CRS3035RES1000mN2022000E3144000,10281174134,
6859,CRS3035RES1000mN2022000E3144000,10580337411,91.0
6860,CRS3035RES1000mN2022000E3144000,10899442604,31.0
6861,CRS3035RES1000mN2022000E3144000,10922657146,22.0
6862,CRS3035RES1000mN2022000E3144000,11127499928,88.0
6863,CRS3035RES1000mN2022000E3144000,11143725881,68.0
6864,CRS3035RES1000mN2022000E3144000,11243087140,85.0
6865,CRS3035RES1000mN2022000E3144000,11269399969,67.0
6866,CRS3035RES1000mN2022000E3144000,11287269362,91.0
6867,CRS3035RES1000mN2022000E3144000,11287269363,99.0
6868,CRS3035RES1000mN2022000E3144000,11369705764,97.0
6869,CRS3035RES1000mN2022000E3144000,11387776374,78.0
6870,CRS3035RES1000mN2022000E3144000,11461799040,
6871,CRS3035RES1000mN2022000E3144000,11462802981,61.0
6872,CRS3035RES1000mN2022000E3144000,11652077658,70.0
6873,CRS3035RES1000mN2022000E3144000,11691390164,58.0
6874,CRS3035RES1000mN2022000E3144000,11739757462,49.0
6875,CRS3035RES1000mN2022000E3144000,12178446726,47.0
6876,CRS3035RES1000mN2022000E3144000,12407425114,75.0
6877,CRS3035RES1000mN2022000E3144000,12865480228,88.0
6878,CRS3035RES1000mN2022000E3144000,2960630,17.0
6879,CRS3035RES1000mN2022000E3144000,3554044,17.0
6880,CRS3035RES1000mN2022000E3144000,3557906,46.0
6881,CRS3035RES1000mN2022000E3144000,5231361,62.0
6882,CRS3035RES1000mN2022000E3144000,9314566,100.0
6883,CRS3035RES1000mN2022000E3144000,13696257,86.0
6884,CRS3035RES1000mN2022000E3144000,15996131,60.0
6885,CRS3035RES1000mN2022000E3144000,23526191,74.0
6886,CRS3035RES1000mN2022000E3144000,23545719,78.0
6887,CRS3035RES1000mN2022000E3144000,30599279,38.0
6888,CRS3035RES1000mN2022000E3144000,30649229,58.0
6889,CRS3035RES1000mN2022000E3144000,32198651,
6890,CRS3035RES1000mN2022000E3144000,34945111,39.0
6891,CRS3035RES1000mN2022000E3144000,50170625,101.0
6892,CRS3035RES1000mN2022000E3144000,82887228,88.0
6893,CRS3035RES1000mN2022000E3144000,92484952,89.0
6894,CRS3035RES1000mN2022000E3144000,95794713,76.0
6895,CRS3035RES1000mN2022000E3144000,96418670,35.0
6896,CRS3035RES1000mN2022000E3144000,98502686,61.0
6897,CRS3035RES1000mN2022000E3144000,132613257,77.0
6898,CRS3035RES1000mN2022000E3144000,135036040,84.0
6899,CRS3035RES1000mN2022000E3144000,150772489,64.0
6900,CRS3035RES1000mN2022000E3144000,154118456,84.0
6901,CRS3035RES1000mN2022000E3144000,157375776,86.0
6902,CRS3035RES1000mN2022000E3144000,158211204,6.0
6903,CRS3035RES1000mN2022000E3144000,162072415,42.0
6904,CRS3035RES1000mN2022000E3144000,162117720,76.0
6905,CRS3035RES1000mN2022000E3144000,170487273,116.0
6906,CRS3035RES1000mN2022000E3144000,172686062,28.0
6907,CRS3035RES1000mN2022000E3144000,174318235,35.0
6908,CRS3035RES1000mN2022000E3144000,174318237,29.0
6909,CRS3035RES1000mN2022000E3144000,205060159,
6910,CRS3035RES1000mN2022000E3144000,205757163,
6911,CRS3035RES1000mN2022000E3144000,221095520,92.0
6912,CRS3035RES1000mN2022000E3144000,224503374,66.0
6913,CRS3035RES1000mN2022000E3144000,227333462,60.0
6914,CRS3035RES1000mN2022000E3144000,229117454,67.0
6915,CRS3035RES1000mN2022000E3144000,261460389,
6916,CRS3035RES1000mN2022000E3144000,283450022,51.0
6917,CRS3035RES1000mN2022000E3144000,288994040,45.0
6918,CRS3035RES1000mN2022000E3144000,296744564,115.0
6919,CRS3035RES1000mN2022000E3144000,297526406,78.0
6920,CRS3035RES1000mN2022000E3144000,300709861,56.0
6921,CRS3035RES1000mN2022000E3144000,301444634,83.0
6922,CRS3035RES1000mN2022000E3144000,302721609,76.0
6923,CRS3035RES1000mN2022000E3144000,308195630,82.0
6924,CRS3035RES1000mN2022000E3144000,312777902,45.0
6925,CRS3035RES1000mN2022000E3144000,330154630,
6926,CRS3035RES1000mN2022000E3144000,340205456,64.0
6927,CRS3035RES1000mN2022000E3144000,367883612,86.0
6928,CRS3035RES1000mN2022000E3144000,368211943,85.0
6929,CRS3035RES1000mN2022000E3144000,374180360,92.0
6930,CRS3035RES1000mN2022000E3144000,375369499,78.0
6931,CRS3035RES1000mN2022000E3144000,383494544,70.0
6932,CRS3035RES1000mN2022000E3144000,384574591,45.0
6933,CRS3035RES1000mN2022000E3144000,403538322,113.0
6934,CRS3035RES1000mN2022000E3144000,403859503,60.0
6935,CRS3035RES1000mN2022000E3144000,437050442,62.0
6936,CRS3035RES1000mN2022000E3144000,459881697,61.0
6937,CRS3035RES1000mN2022000E3144000,477278425,
6938,CRS3035RES1000mN2022000E3144000,486879235,
6939,CRS3035RES1000mN2022000E3144000,493748377,49.0
6940,CRS3035RES1000mN2022000E3144000,498234201,64.0
6941,CRS3035RES1000mN2022000E3144000,504315026,89.0
6942,CRS3035RES1000mN2022000E3144000,548701490,88.0
6943,CRS3035RES1000mN2022000E3144000,574210084,65.0
6944,CRS3035RES1000mN2022000E3144000,576094143,46.0
6945,CRS3035RES1000mN2022000E3144000,584409067,101.0
6946,CRS3035RES1000mN2022000E3144000,635512756,77.0
6947,CRS3035RES1000mN2022000E3144000,638492224,108.0
6948,CRS3035RES1000mN2022000E3144000,653913062,86.0
6949,CRS3035RES1000mN2022000E3144000,659866770,79.0
6950,CRS3035RES1000mN2022000E3144000,697717972,24.0
6951,CRS3035RES1000mN2022000E3144000,717194862,104.0
6952,CRS3035RES1000mN2022000E3144000,736899303,103.0
6953,CRS3035RES1000mN2022000E3144000,738042217,76.0
6954,CRS3035RES1000mN2022000E3144000,839611983,116.0
6955,CRS3035RES1000mN2022000E3144000,957893520,55.0
6956,CRS3035RES1000mN2022000E3144000,963308110,80.0
6957,CRS3035RES1000mN2022000E3144000,1073283182,73.0
6958,CRS3035RES1000mN2022000E3144000,1252864015,84.0
6959,CRS3035RES1000mN2022000E3144000,1283203658,90.0
6960,CRS3035RES1000mN2022000E3145000,25526,56.0
6961,CRS3035RES1000mN2022000E3145000,1774,76.0
6962,CRS3035RES1000mN2022000E3145000,1770,101.0
6963,CRS3035RES1000mN2022000E3145000,1773,95.0
6964,CRS3035RES1000mN2022000E3145000,1771,75.0
6965,CRS3035RES1000mN2022000E3145000,123303,74.0
6966,CRS3035RES1000mN2022000E3145000,1764,80.0
6967,CRS3035RES1000mN2022000E3145000,181101,94.0
6968,CRS3035RES1000mN2022000E3145000,5765642,61.0
6969,CRS3035RES1000mN2022000E3145000,86719,82.0
6970,CRS3035RES1000mN2022000E3145000,1800,93.0
6971,CRS3035RES1000mN2022000E3145000,1757,64.0
6972,CRS3035RES1000mN2022000E3145000,1755,71.0
6973,CRS3035RES1000mN2022000E3145000,1882,74.0
6974,CRS3035RES1000mN2022000E3145000,1745,98.0
6975,CRS3035RES1000mN2022000E3145000,1794,93.0
6976,CRS3035RES1000mN2022000E3145000,1762,84.0
6977,CRS3035RES1000mN2022000E3145000,51188,84.0
6978,CRS3035RES1000mN2022000E3145000,6893633,84.0
6979,CRS3035RES1000mN2022000E3145000,167128,92.0
6980,CRS3035RES1000mN2022000E3145000,1760,89.0
6981,CRS3035RES1000mN2022000E3145000,12773298,80.0
6982,CRS3035RES1000mN2022000E3145000,1754,85.0
6983,CRS3035RES1000mN2022000E3145000,1748,91.0
6984,CRS3035RES1000mN2022000E3145000,79941,102.0
6985,CRS3035RES1000mN2022000E3145000,1750,94.0
6986,CRS3035RES1000mN2022000E3145000,5975465,74.0
6987,CRS3035RES1000mN2022000E3145000,115056,100.0
6988,CRS3035RES1000mN2022000E3145000,1790,92.0
6989,CRS3035RES1000mN2022000E3145000,1756,66.0
6990,CRS3035RES1000mN2022000E3145000,51849,93.0
6991,CRS3035RES1000mN2022000E3145000,185595,86.0
6992,CRS3035RES1000mN2022000E3145000,7697128,71.0
6993,CRS3035RES1000mN2022000E3145000,10395362,101.0
6994,CRS3035RES1000mN2022000E3145000,1759,87.0
6995,CRS3035RES1000mN2022000E3145000,1752,86.0
6996,CRS3035RES1000mN2022000E3145000,186714,91.0
6997,CRS3035RES1000mN2022000E3145000,1753,87.0
6998,CRS3035RES1000mN2022000E3145000,1792,87.0
6999,CRS3035RES1000mN2022000E3145000,1763,72.0
7000,CRS3035RES1000mN2022000E3145000,1746,100.0
7001,CRS3035RES1000mN2022000E3145000,11572165,80.0
7002,CRS3035RES1000mN2022000E3145000,1761,82.0
7003,CRS3035RES1000mN2022000E3145000,1747,95.0
7004,CRS3035RES1000mN2022000E3145000,5768564,62.0
7005,CRS3035RES1000mN2022000E3145000,1798,68.0
7006,CRS3035RES1000mN2022000E3145000,66904,93.0
7007,CRS3035RES1000mN2022000E3145000,1777,78.0
7008,CRS3035RES1000mN2022000E3145000,1765,87.0
7009,CRS3035RES1000mN2022000E3145000,49416,89.0
7010,CRS3035RES1000mN2022000E3145000,12734939,89.0
7011,CRS3035RES1000mN2022000E3145000,167386167,80.0
7012,CRS3035RES1000mN2022000E3145000,295933804,82.0
7013,CRS3035RES1000mN2022000E3145000,303340017,76.0
7014,CRS3035RES1000mN2022000E3145000,315355551,84.0
7015,CRS3035RES1000mN2022000E3145000,339084977,75.0
7016,CRS3035RES1000mN2022000E3145000,412911553,80.0
7017,CRS3035RES1000mN2022000E3145000,558126037,78.0
7018,CRS3035RES1000mN2022000E3145000,711789768,55.0
7019,CRS3035RES1000mN2022000E3145000,727666062,
7020,CRS3035RES1000mN2022000E3145000,848085869,62.0
7021,CRS3035RES1000mN2022000E3145000,1056098898,90.0
7022,CRS3035RES1000mN2022000E3145000,1255438242,
7023,CRS3035RES1000mN2022000E3145000,1469985039,101.0
7024,CRS3035RES1000mN2022000E3145000,1504302537,
7025,CRS3035RES1000mN2022000E3145000,1511617504,31.0
7026,CRS3035RES1000mN2022000E3145000,1541601287,99.0
7027,CRS3035RES1000mN2022000E3145000,1544591296,96.0
7028,CRS3035RES1000mN2022000E3145000,1598174183,102.0
7029,CRS3035RES1000mN2022000E3145000,1629887846,106.0
7030,CRS3035RES1000mN2022000E3145000,1686660176,103.0
7031,CRS3035RES1000mN2022000E3145000,1716927336,96.0
7032,CRS3035RES1000mN2022000E3145000,1734554324,
7033,CRS3035RES1000mN2022000E3145000,1849109335,81.0
7034,CRS3035RES1000mN2022000E3145000,2028408680,51.0
7035,CRS3035RES1000mN2022000E3145000,2036887702,
7036,CRS3035RES1000mN2022000E3145000,2061404218,104.0
7037,CRS3035RES1000mN2022000E3145000,2134238030,116.0
7038,CRS3035RES1000mN2022000E3145000,2261600754,
7039,CRS3035RES1000mN2022000E3145000,2301402027,114.0
7040,CRS3035RES1000mN2022000E3145000,2303966810,56.0
7041,CRS3035RES1000mN2022000E3145000,2312029862,105.0
7042,CRS3035RES1000mN2022000E3145000,2408860250,106.0
7043,CRS3035RES1000mN2022000E3145000,2620185829,83.0
7044,CRS3035RES1000mN2022000E3145000,2622508931,80.0
7045,CRS3035RES1000mN2022000E3145000,2672130951,104.0
7046,CRS3035RES1000mN2022000E3145000,2710518818,113.0
7047,CRS3035RES1000mN2022000E3145000,3034026261,74.0
7048,CRS3035RES1000mN2022000E3145000,3179889751,
7049,CRS3035RES1000mN2022000E3145000,3206611978,
7050,CRS3035RES1000mN2022000E3145000,3272828439,61.0
7051,CRS3035RES1000mN2022000E3145000,3452364276,107.0
7052,CRS3035RES1000mN2022000E3145000,3452364277,88.0
7053,CRS3035RES1000mN2022000E3145000,3495733197,
7054,CRS3035RES1000mN2022000E3145000,3497154853,
7055,CRS3035RES1000mN2022000E3145000,3517755445,
7056,CRS3035RES1000mN2022000E3145000,3522125657,
7057,CRS3035RES1000mN2022000E3145000,3526751794,
7058,CRS3035RES1000mN2022000E3145000,3839306060,109.0
7059,CRS3035RES1000mN2022000E3145000,4214697664,63.0
7060,CRS3035RES1000mN2022000E3145000,4338252586,
7061,CRS3035RES1000mN2022000E3145000,4401271633,
7062,CRS3035RES1000mN2022000E3145000,4515476768,82.0
7063,CRS3035RES1000mN2022000E3145000,4569910891,76.0
7064,CRS3035RES1000mN2022000E3145000,4703730491,86.0
7065,CRS3035RES1000mN2022000E3145000,4707870392,80.0
7066,CRS3035RES1000mN2022000E3145000,4789037769,116.0
7067,CRS3035RES1000mN2022000E3145000,4794233143,
7068,CRS3035RES1000mN2022000E3145000,4870405674,63.0
7069,CRS3035RES1000mN2022000E3145000,5139379922,98.0
7070,CRS3035RES1000mN2022000E3145000,5160337425,78.0
7071,CRS3035RES1000mN2022000E3145000,5196199575,87.0
7072,CRS3035RES1000mN2022000E3145000,5341570554,86.0
7073,CRS3035RES1000mN2022000E3145000,5345949864,110.0
7074,CRS3035RES1000mN2022000E3145000,5448507385,
7075,CRS3035RES1000mN2022000E3145000,5604693894,
7076,CRS3035RES1000mN2022000E3145000,5670401989,
7077,CRS3035RES1000mN2022000E3145000,5942671299,116.0
7078,CRS3035RES1000mN2022000E3145000,5943980960,46.0
7079,CRS3035RES1000mN2022000E3145000,6185791451,
7080,CRS3035RES1000mN2022000E3145000,6188948286,107.0
7081,CRS3035RES1000mN2022000E3145000,6555800191,30.0
7082,CRS3035RES1000mN2022000E3145000,6885254479,100.0
7083,CRS3035RES1000mN2022000E3145000,7222611268,
7084,CRS3035RES1000mN2022000E3145000,7408961006,
7085,CRS3035RES1000mN2022000E3145000,7619964683,
7086,CRS3035RES1000mN2022000E3145000,7836562695,117.0
7087,CRS3035RES1000mN2022000E3145000,8493729364,72.0
7088,CRS3035RES1000mN2022000E3145000,8557885377,107.0
7089,CRS3035RES1000mN2022000E3145000,8807212208,81.0
7090,CRS3035RES1000mN2022000E3145000,8844229173,87.0
7091,CRS3035RES1000mN2022000E3145000,8878422600,99.0
7092,CRS3035RES1000mN2022000E3145000,9595709188,90.0
7093,CRS3035RES1000mN2022000E3145000,9611387099,66.0
7094,CRS3035RES1000mN2022000E3145000,9712656915,74.0
7095,CRS3035RES1000mN2022000E3145000,9713142744,81.0
7096,CRS3035RES1000mN2022000E3145000,9815746657,
7097,CRS3035RES1000mN2022000E3145000,10004871512,105.0
7098,CRS3035RES1000mN2022000E3145000,10281174134,
7099,CRS3035RES1000mN2022000E3145000,10580337411,113.0
7100,CRS3035RES1000mN2022000E3145000,10899442604,51.0
7101,CRS3035RES1000mN2022000E3145000,10922657146,42.0
7102,CRS3035RES1000mN2022000E3145000,11127499928,103.0
7103,CRS3035RES1000mN2022000E3145000,11143725881,88.0
7104,CRS3035RES1000mN2022000E3145000,11243087140,107.0
7105,CRS3035RES1000mN2022000E3145000,11269399969,88.0
7106,CRS3035RES1000mN2022000E3145000,11287269362,109.0
7107,CRS3035RES1000mN2022000E3145000,11287269363,
7108,CRS3035RES1000mN2022000E3145000,11369705764,119.0
7109,CRS3035RES1000mN2022000E3145000,11387776374,100.0
7110,CRS3035RES1000mN2022000E3145000,11461799040,
7111,CRS3035RES1000mN2022000E3145000,11462802981,83.0
7112,CRS3035RES1000mN2022000E3145000,11652077658,86.0
7113,CRS3035RES1000mN2022000E3145000,11691390164,79.0
7114,CRS3035RES1000mN2022000E3145000,11739757462,68.0
7115,CRS3035RES1000mN2022000E3145000,12178446726,68.0
7116,CRS3035RES1000mN2022000E3145000,12407425114,93.0
7117,CRS3035RES1000mN2022000E3145000,12865480228,110.0
7118,CRS3035RES1000mN2022000E3145000,2960630,36.0
7119,CRS3035RES1000mN2022000E3145000,3554044,28.0
7120,CRS3035RES1000mN2022000E3145000,3557906,67.0
7121,CRS3035RES1000mN2022000E3145000,5231361,83.0
7122,CRS3035RES1000mN2022000E3145000,9314566,
7123,CRS3035RES1000mN2022000E3145000,13696257,111.0
7124,CRS3035RES1000mN2022000E3145000,15996131,82.0
7125,CRS3035RES1000mN2022000E3145000,23526191,95.0
7126,CRS3035RES1000mN2022000E3145000,23545719,98.0
7127,CRS3035RES1000mN2022000E3145000,30599279,60.0
7128,CRS3035RES1000mN2022000E3145000,30649229,79.0
7129,CRS3035RES1000mN2022000E3145000,32198651,
7130,CRS3035RES1000mN2022000E3145000,34945111,59.0
7131,CRS3035RES1000mN2022000E3145000,50170625,
7132,CRS3035RES1000mN2022000E3145000,82887228,103.0
7133,CRS3035RES1000mN2022000E3145000,92484952,100.0
7134,CRS3035RES1000mN2022000E3145000,95794713,99.0
7135,CRS3035RES1000mN2022000E3145000,96418670,55.0
7136,CRS3035RES1000mN2022000E3145000,98502686,82.0
7137,CRS3035RES1000mN2022000E3145000,132613257,99.0
7138,CRS3035RES1000mN2022000E3145000,135036040,105.0
7139,CRS3035RES1000mN2022000E3145000,150772489,84.0
7140,CRS3035RES1000mN2022000E3145000,154118456,94.0
7141,CRS3035RES1000mN2022000E3145000,157375776,100.0
7142,CRS3035RES1000mN2022000E3145000,158211204,24.0
7143,CRS3035RES1000mN2022000E3145000,162072415,63.0
7144,CRS3035RES1000mN2022000E3145000,162117720,96.0
7145,CRS3035RES1000mN2022000E3145000,170487273,
7146,CRS3035RES1000mN2022000E3145000,172686062,37.0
7147,CRS3035RES1000mN2022000E3145000,174318235,61.0
7148,CRS3035RES1000mN2022000E3145000,174318237,49.0
7149,CRS3035RES1000mN2022000E3145000,205060159,
7150,CRS3035RES1000mN2022000E3145000,205757163,
7151,CRS3035RES1000mN2022000E3145000,221095520,113.0
7152,CRS3035RES1000mN2022000E3145000,224503374,86.0
7153,CRS3035RES1000mN2022000E3145000,227333462,87.0
7154,CRS3035RES1000mN2022000E3145000,229117454,87.0
7155,CRS3035RES1000mN2022000E3145000,261460389,
7156,CRS3035RES1000mN2022000E3145000,283450022,71.0
7157,CRS3035RES1000mN2022000E3145000,288994040,66.0
7158,CRS3035RES1000mN2022000E3145000,296744564,
7159,CRS3035RES1000mN2022000E3145000,297526406,101.0
7160,CRS3035RES1000mN2022000E3145000,300709861,72.0
7161,CRS3035RES1000mN2022000E3145000,301444634,103.0
7162,CRS3035RES1000mN2022000E3145000,302721609,104.0
7163,CRS3035RES1000mN2022000E3145000,308195630,113.0
7164,CRS3035RES1000mN2022000E3145000,312777902,66.0
7165,CRS3035RES1000mN2022000E3145000,330154630,
7166,CRS3035RES1000mN2022000E3145000,340205456,85.0
7167,CRS3035RES1000mN2022000E3145000,367883612,100.0
7168,CRS3035RES1000mN2022000E3145000,368211943,98.0
7169,CRS3035RES1000mN2022000E3145000,374180360,109.0
7170,CRS3035RES1000mN2022000E3145000,375369499,88.0
7171,CRS3035RES1000mN2022000E3145000,383494544,89.0
7172,CRS3035RES1000mN2022000E3145000,384574591,68.0
7173,CRS3035RES1000mN2022000E3145000,403538322,117.0
7174,CRS3035RES1000mN2022000E3145000,403859503,81.0
7175,CRS3035RES1000mN2022000E3145000,437050442,81.0
7176,CRS3035RES1000mN2022000E3145000,459881697,88.0
7177,CRS3035RES1000mN2022000E3145000,477278425,
7178,CRS3035RES1000mN2022000E3145000,486879235,
7179,CRS3035RES1000mN2022000E3145000,493748377,68.0
7180,CRS3035RES1000mN2022000E3145000,498234201,85.0
7181,CRS3035RES1000mN2022000E3145000,504315026,111.0
7182,CRS3035RES1000mN2022000E3145000,548701490,113.0
7183,CRS3035RES1000mN2022000E3145000,574210084,95.0
7184,CRS3035RES1000mN2022000E3145000,576094143,67.0
7185,CRS3035RES1000mN2022000E3145000,584409067,
7186,CRS3035RES1000mN2022000E3145000,635512756,101.0
7187,CRS3035RES1000mN2022000E3145000,638492224,
7188,CRS3035RES1000mN2022000E3145000,653913062,103.0
7189,CRS3035RES1000mN2022000E3145000,659866770,
7190,CRS3035RES1000mN2022000E3145000,697717972,44.0
7191,CRS3035RES1000mN2022000E3145000,717194862,
7192,CRS3035RES1000mN2022000E3145000,736899303,107.0
7193,CRS3035RES1000mN2022000E3145000,738042217,106.0
7194,CRS3035RES1000mN2022000E3145000,839611983,
7195,CRS3035RES1000mN2022000E3145000,957893520,76.0
7196,CRS3035RES1000mN2022000E3145000,963308110,102.0
7197,CRS3035RES1000mN2022000E3145000,1073283182,98.0
7198,CRS3035RES1000mN2022000E3145000,1252864015,102.0
7199,CRS3035RES1000mN2022000E3145000,1283203658,94.0
7200,CRS3035RES1000mN2023000E3138000,25526,111.0
7201,CRS3035RES1000mN2023000E3138000,1774,
7202,CRS3035RES1000mN2023000E3138000,1770,
7203,CRS3035RES1000mN2023000E3138000,1773,
7204,CRS3035RES1000mN2023000E3138000,1771,
7205,CRS3035RES1000mN2023000E3138000,123303,
7206,CRS3035RES1000mN2023000E3138000,1764,
7207,CRS3035RES1000mN2023000E3138000,181101,
7208,CRS3035RES1000mN2023000E3138000,5765642,118.0
7209,CRS3035RES1000mN2023000E3138000,86719,
7210,CRS3035RES1000mN2023000E3138000,1800,
7211,CRS3035RES1000mN2023000E3138000,1757,
7212,CRS3035RES1000mN2023000E3138000,1755,
7213,CRS3035RES1000mN2023000E3138000,1882,
7214,CRS3035RES1000mN2023000E3138000,1745,
7215,CRS3035RES1000mN2023000E3138000,1794,
7216,CRS3035RES1000mN2023000E3138000,1762,
7217,CRS3035RES1000mN2023000E3138000,51188,
7218,CRS3035RES1000mN2023000E3138000,6893633,
7219,CRS3035RES1000mN2023000E3138000,167128,
7220,CRS3035RES1000mN2023000E3138000,1760,
7221,CRS3035RES1000mN2023000E3138000,12773298,
7222,CRS3035RES1000mN2023000E3138000,1754,
7223,CRS3035RES1000mN2023000E3138000,1748,
7224,CRS3035RES1000mN2023000E3138000,79941,
7225,CRS3035RES1000mN2023000E3138000,1750,
7226,CRS3035RES1000mN2023000E3138000,5975465,
7227,CRS3035RES1000mN2023000E3138000,115056,
7228,CRS3035RES1000mN2023000E3138000,1790,
7229,CRS3035RES1000mN2023000E3138000,1756,
7230,CRS3035RES1000mN2023000E3138000,51849,
7231,CRS3035RES1000mN2023000E3138000,185595,
7232,CRS3035RES1000mN2023000E3138000,7697128,
7233,CRS3035RES1000mN2023000E3138000,10395362,
7234,CRS3035RES1000mN2023000E3138000,1759,
7235,CRS3035RES1000mN2023000E3138000,1752,
7236,CRS3035RES1000mN2023000E3138000,186714,
7237,CRS3035RES1000mN2023000E3138000,1753,
7238,CRS3035RES1000mN2023000E3138000,1792,
7239,CRS3035RES1000mN2023000E3138000,1763,
7240,CRS3035RES1000mN2023000E3138000,1746,
7241,CRS3035RES1000mN2023000E3138000,11572165,
7242,CRS3035RES1000mN2023000E3138000,1761,
7243,CRS3035RES1000mN2023000E3138000,1747,
7244,CRS3035RES1000mN2023000E3138000,5768564,118.0
7245,CRS3035RES1000mN2023000E3138000,1798,
7246,CRS3035RES1000mN2023000E3138000,66904,
7247,CRS3035RES1000mN2023000E3138000,1777,
7248,CRS3035RES1000mN2023000E3138000,1765,
7249,CRS3035RES1000mN2023000E3138000,49416,
7250,CRS3035RES1000mN2023000E3138000,12734939,
7251,CRS3035RES1000mN2023000E3138000,167386167,
7252,CRS3035RES1000mN2023000E3138000,295933804,
7253,CRS3035RES1000mN2023000E3138000,303340017,
7254,CRS3035RES1000mN2023000E3138000,315355551,
7255,CRS3035RES1000mN2023000E3138000,339084977,
7256,CRS3035RES1000mN2023000E3138000,412911553,
7257,CRS3035RES1000mN2023000E3138000,558126037,
7258,CRS3035RES1000mN2023000E3138000,711789768,100.0
7259,CRS3035RES1000mN2023000E3138000,727666062,
7260,CRS3035RES1000mN2023000E3138000,848085869,
7261,CRS3035RES1000mN2023000E3138000,1056098898,
7262,CRS3035RES1000mN2023000E3138000,1255438242,
7263,CRS3035RES1000mN2023000E3138000,1469985039,
7264,CRS3035RES1000mN2023000E3138000,1504302537,
7265,CRS3035RES1000mN2023000E3138000,1511617504,110.0
7266,CRS3035RES1000mN2023000E3138000,1541601287,
7267,CRS3035RES1000mN2023000E3138000,1544591296,
7268,CRS3035RES1000mN2023000E3138000,1598174183,
7269,CRS3035RES1000mN2023000E3138000,1629887846,
7270,CRS3035RES1000mN2023000E3138000,1686660176,
7271,CRS3035RES1000mN2023000E3138000,1716927336,
7272,CRS3035RES1000mN2023000E3138000,1734554324,
7273,CRS3035RES1000mN2023000E3138000,1849109335,
7274,CRS3035RES1000mN2023000E3138000,2028408680,66.0
7275,CRS3035RES1000mN2023000E3138000,2036887702,
7276,CRS3035RES1000mN2023000E3138000,2061404218,
7277,CRS3035RES1000mN2023000E3138000,2134238030,
7278,CRS3035RES1000mN2023000E3138000,2261600754,
7279,CRS3035RES1000mN2023000E3138000,2301402027,
7280,CRS3035RES1000mN2023000E3138000,2303966810,
7281,CRS3035RES1000mN2023000E3138000,2312029862,
7282,CRS3035RES1000mN2023000E3138000,2408860250,
7283,CRS3035RES1000mN2023000E3138000,2620185829,
7284,CRS3035RES1000mN2023000E3138000,2622508931,
7285,CRS3035RES1000mN2023000E3138000,2672130951,
7286,CRS3035RES1000mN2023000E3138000,2710518818,
7287,CRS3035RES1000mN2023000E3138000,3034026261,
7288,CRS3035RES1000mN2023000E3138000,3179889751,
7289,CRS3035RES1000mN2023000E3138000,3206611978,
7290,CRS3035RES1000mN2023000E3138000,3272828439,
7291,CRS3035RES1000mN2023000E3138000,3452364276,
7292,CRS3035RES1000mN2023000E3138000,3452364277,
7293,CRS3035RES1000mN2023000E3138000,3495733197,
7294,CRS3035RES1000mN2023000E3138000,3497154853,
7295,CRS3035RES1000mN2023000E3138000,3517755445,
7296,CRS3035RES1000mN2023000E3138000,3522125657,
7297,CRS3035RES1000mN2023000E3138000,3526751794,
7298,CRS3035RES1000mN2023000E3138000,3839306060,
7299,CRS3035RES1000mN2023000E3138000,4214697664,119.0
7300,CRS3035RES1000mN2023000E3138000,4338252586,
7301,CRS3035RES1000mN2023000E3138000,4401271633,
7302,CRS3035RES1000mN2023000E3138000,4515476768,
7303,CRS3035RES1000mN2023000E3138000,4569910891,
7304,CRS3035RES1000mN2023000E3138000,4703730491,
7305,CRS3035RES1000mN2023000E3138000,4707870392,
7306,CRS3035RES1000mN2023000E3138000,4789037769,
7307,CRS3035RES1000mN2023000E3138000,4794233143,
7308,CRS3035RES1000mN2023000E3138000,4870405674,119.0
7309,CRS3035RES1000mN2023000E3138000,5139379922,
7310,CRS3035RES1000mN2023000E3138000,5160337425,
7311,CRS3035RES1000mN2023000E3138000,5196199575,
7312,CRS3035RES1000mN2023000E3138000,5341570554,
7313,CRS3035RES1000mN2023000E3138000,5345949864,
7314,CRS3035RES1000mN2023000E3138000,5448507385,
7315,CRS3035RES1000mN2023000E3138000,5604693894,
7316,CRS3035RES1000mN2023000E3138000,5670401989,
7317,CRS3035RES1000mN2023000E3138000,5942671299,
7318,CRS3035RES1000mN2023000E3138000,5943980960,93.0
7319,CRS3035RES1000mN2023000E3138000,6185791451,
7320,CRS3035RES1000mN2023000E3138000,6188948286,
7321,CRS3035RES1000mN2023000E3138000,6555800191,90.0
7322,CRS3035RES1000mN2023000E3138000,6885254479,
7323,CRS3035RES1000mN2023000E3138000,7222611268,
7324,CRS3035RES1000mN2023000E3138000,7408961006,
7325,CRS3035RES1000mN2023000E3138000,7619964683,
7326,CRS3035RES1000mN2023000E3138000,7836562695,
7327,CRS3035RES1000mN2023000E3138000,8493729364,
7328,CRS3035RES1000mN2023000E3138000,8557885377,
7329,CRS3035RES1000mN2023000E3138000,8807212208,
7330,CRS3035RES1000mN2023000E3138000,8844229173,
7331,CRS3035RES1000mN2023000E3138000,8878422600,
7332,CRS3035RES1000mN2023000E3138000,9595709188,
7333,CRS3035RES1000mN2023000E3138000,9611387099,
7334,CRS3035RES1000mN2023000E3138000,9712656915,
7335,CRS3035RES1000mN2023000E3138000,9713142744,
7336,CRS3035RES1000mN2023000E3138000,9815746657,
7337,CRS3035RES1000mN2023000E3138000,10004871512,
7338,CRS3035RES1000mN2023000E3138000,10281174134,
7339,CRS3035RES1000mN2023000E3138000,10580337411,
7340,CRS3035RES1000mN2023000E3138000,10899442604,111.0
7341,CRS3035RES1000mN2023000E3138000,10922657146,102.0
7342,CRS3035RES1000mN2023000E3138000,11127499928,
7343,CRS3035RES1000mN2023000E3138000,11143725881,
7344,CRS3035RES1000mN2023000E3138000,11243087140,
7345,CRS3035RES1000mN2023000E3138000,11269399969,
7346,CRS3035RES1000mN2023000E3138000,11287269362,
7347,CRS3035RES1000mN2023000E3138000,11287269363,
7348,CRS3035RES1000mN2023000E3138000,11369705764,
7349,CRS3035RES1000mN2023000E3138000,11387776374,
7350,CRS3035RES1000mN2023000E3138000,11461799040,
7351,CRS3035RES1000mN2023000E3138000,11462802981,
7352,CRS3035RES1000mN2023000E3138000,11652077658,
7353,CRS3035RES1000mN2023000E3138000,11691390164,
7354,CRS3035RES1000mN2023000E3138000,11739757462,
7355,CRS3035RES1000mN2023000E3138000,12178446726,
7356,CRS3035RES1000mN2023000E3138000,12407425114,
7357,CRS3035RES1000mN2023000E3138000,12865480228,
7358,CRS3035RES1000mN2023000E3138000,2960630,79.0
7359,CRS3035RES1000mN2023000E3138000,3554044,103.0
7360,CRS3035RES1000mN2023000E3138000,3557906,
7361,CRS3035RES1000mN2023000E3138000,5231361,
7362,CRS3035RES1000mN2023000E3138000,9314566,
7363,CRS3035RES1000mN2023000E3138000,13696257,
7364,CRS3035RES1000mN2023000E3138000,15996131,
7365,CRS3035RES1000mN2023000E3138000,23526191,
7366,CRS3035RES1000mN2023000E3138000,23545719,
7367,CRS3035RES1000mN2023000E3138000,30599279,119.0
7368,CRS3035RES1000mN2023000E3138000,30649229,
7369,CRS3035RES1000mN2023000E3138000,32198651,
7370,CRS3035RES1000mN2023000E3138000,34945111,119.0
7371,CRS3035RES1000mN2023000E3138000,50170625,
7372,CRS3035RES1000mN2023000E3138000,82887228,
7373,CRS3035RES1000mN2023000E3138000,92484952,
7374,CRS3035RES1000mN2023000E3138000,95794713,
7375,CRS3035RES1000mN2023000E3138000,96418670,116.0
7376,CRS3035RES1000mN2023000E3138000,98502686,
7377,CRS3035RES1000mN2023000E3138000,132613257,
7378,CRS3035RES1000mN2023000E3138000,135036040,
7379,CRS3035RES1000mN2023000E3138000,150772489,
7380,CRS3035RES1000mN2023000E3138000,154118456,
7381,CRS3035RES1000mN2023000E3138000,157375776,
7382,CRS3035RES1000mN2023000E3138000,158211204,88.0
7383,CRS3035RES1000mN2023000E3138000,162072415,
7384,CRS3035RES1000mN2023000E3138000,162117720,
7385,CRS3035RES1000mN2023000E3138000,170487273,
7386,CRS3035RES1000mN2023000E3138000,172686062,105.0
7387,CRS3035RES1000mN2023000E3138000,174318235,
7388,CRS3035RES1000mN2023000E3138000,174318237,110.0
7389,CRS3035RES1000mN2023000E3138000,205060159,
7390,CRS3035RES1000mN2023000E3138000,205757163,
7391,CRS3035RES1000mN2023000E3138000,221095520,
7392,CRS3035RES1000mN2023000E3138000,224503374,
7393,CRS3035RES1000mN2023000E3138000,227333462,
7394,CRS3035RES1000mN2023000E3138000,229117454,
7395,CRS3035RES1000mN2023000E3138000,261460389,
7396,CRS3035RES1000mN2023000E3138000,283450022,
7397,CRS3035RES1000mN2023000E3138000,288994040,
7398,CRS3035RES1000mN2023000E3138000,296744564,
7399,CRS3035RES1000mN2023000E3138000,297526406,
7400,CRS3035RES1000mN2023000E3138000,300709861,
7401,CRS3035RES1000mN2023000E3138000,301444634,
7402,CRS3035RES1000mN2023000E3138000,302721609,
7403,CRS3035RES1000mN2023000E3138000,308195630,
7404,CRS3035RES1000mN2023000E3138000,312777902,
7405,CRS3035RES1000mN2023000E3138000,330154630,
7406,CRS3035RES1000mN2023000E3138000,340205456,
7407,CRS3035RES1000mN2023000E3138000,367883612,
7408,CRS3035RES1000mN2023000E3138000,368211943,
7409,CRS3035RES1000mN2023000E3138000,374180360,
7410,CRS3035RES1000mN2023000E3138000,375369499,
7411,CRS3035RES1000mN2023000E3138000,383494544,
7412,CRS3035RES1000mN2023000E3138000,384574591,
7413,CRS3035RES1000mN2023000E3138000,403538322,
7414,CRS3035RES1000mN2023000E3138000,403859503,
7415,CRS3035RES1000mN2023000E3138000,437050442,
7416,CRS3035RES1000mN2023000E3138000,459881697,
7417,CRS3035RES1000mN2023000E3138000,477278425,
7418,CRS3035RES1000mN2023000E3138000,486879235,
7419,CRS3035RES1000mN2023000E3138000,493748377,
7420,CRS3035RES1000mN2023000E3138000,498234201,
7421,CRS3035RES1000mN2023000E3138000,504315026,
7422,CRS3035RES1000mN2023000E3138000,548701490,
7423,CRS3035RES1000mN2023000E3138000,574210084,
7424,CRS3035RES1000mN2023000E3138000,576094143,
7425,CRS3035RES1000mN2023000E3138000,584409067,
7426,CRS3035RES1000mN2023000E3138000,635512756,
7427,CRS3035RES1000mN2023000E3138000,638492224,
7428,CRS3035RES1000mN2023000E3138000,653913062,
7429,CRS3035RES1000mN2023000E3138000,659866770,
7430,CRS3035RES1000mN2023000E3138000,697717972,105.0
7431,CRS3035RES1000mN2023000E3138000,717194862,
7432,CRS3035RES1000mN2023000E3138000,736899303,
7433,CRS3035RES1000mN2023000E3138000,738042217,
7434,CRS3035RES1000mN2023000E3138000,839611983,
7435,CRS3035RES1000mN2023000E3138000,957893520,
7436,CRS3035RES1000mN2023000E3138000,963308110,
7437,CRS3035RES1000mN2023000E3138000,1073283182,
7438,CRS3035RES1000mN2023000E3138000,1252864015,
7439,CRS3035RES1000mN2023000E3138000,1283203658,
7440,CRS3035RES1000mN2023000E3139000,25526,92.0
7441,CRS3035RES1000mN2023000E3139000,1774,109.0
7442,CRS3035RES1000mN2023000E3139000,1770,
7443,CRS3035RES1000mN2023000E3139000,1773,
7444,CRS3035RES1000mN2023000E3139000,1771,111.0
7445,CRS3035RES1000mN2023000E3139000,123303,106.0
7446,CRS3035RES1000mN2023000E3139000,1764,118.0
7447,CRS3035RES1000mN2023000E3139000,181101,
7448,CRS3035RES1000mN2023000E3139000,5765642,100.0
7449,CRS3035RES1000mN2023000E3139000,86719,
7450,CRS3035RES1000mN2023000E3139000,1800,
7451,CRS3035RES1000mN2023000E3139000,1757,102.0
7452,CRS3035RES1000mN2023000E3139000,1755,107.0
7453,CRS3035RES1000mN2023000E3139000,1882,111.0
7454,CRS3035RES1000mN2023000E3139000,1745,
7455,CRS3035RES1000mN2023000E3139000,1794,
7456,CRS3035RES1000mN2023000E3139000,1762,118.0
7457,CRS3035RES1000mN2023000E3139000,51188,
7458,CRS3035RES1000mN2023000E3139000,6893633,
7459,CRS3035RES1000mN2023000E3139000,167128,
7460,CRS3035RES1000mN2023000E3139000,1760,
7461,CRS3035RES1000mN2023000E3139000,12773298,
7462,CRS3035RES1000mN2023000E3139000,1754,118.0
7463,CRS3035RES1000mN2023000E3139000,1748,
7464,CRS3035RES1000mN2023000E3139000,79941,
7465,CRS3035RES1000mN2023000E3139000,1750,
7466,CRS3035RES1000mN2023000E3139000,5975465,110.0
7467,CRS3035RES1000mN2023000E3139000,115056,
7468,CRS3035RES1000mN2023000E3139000,1790,
7469,CRS3035RES1000mN2023000E3139000,1756,105.0
7470,CRS3035RES1000mN2023000E3139000,51849,
7471,CRS3035RES1000mN2023000E3139000,185595,
7472,CRS3035RES1000mN2023000E3139000,7697128,108.0
7473,CRS3035RES1000mN2023000E3139000,10395362,
7474,CRS3035RES1000mN2023000E3139000,1759,
7475,CRS3035RES1000mN2023000E3139000,1752,119.0
7476,CRS3035RES1000mN2023000E3139000,186714,
7477,CRS3035RES1000mN2023000E3139000,1753,
7478,CRS3035RES1000mN2023000E3139000,1792,
7479,CRS3035RES1000mN2023000E3139000,1763,109.0
7480,CRS3035RES1000mN2023000E3139000,1746,
7481,CRS3035RES1000mN2023000E3139000,11572165,116.0
7482,CRS3035RES1000mN2023000E3139000,1761,118.0
7483,CRS3035RES1000mN2023000E3139000,1747,
7484,CRS3035RES1000mN2023000E3139000,5768564,99.0
7485,CRS3035RES1000mN2023000E3139000,1798,105.0
7486,CRS3035RES1000mN2023000E3139000,66904,
7487,CRS3035RES1000mN2023000E3139000,1777,115.0
7488,CRS3035RES1000mN2023000E3139000,1765,
7489,CRS3035RES1000mN2023000E3139000,49416,
7490,CRS3035RES1000mN2023000E3139000,12734939,
7491,CRS3035RES1000mN2023000E3139000,167386167,117.0
7492,CRS3035RES1000mN2023000E3139000,295933804,
7493,CRS3035RES1000mN2023000E3139000,303340017,118.0
7494,CRS3035RES1000mN2023000E3139000,315355551,
7495,CRS3035RES1000mN2023000E3139000,339084977,110.0
7496,CRS3035RES1000mN2023000E3139000,412911553,117.0
7497,CRS3035RES1000mN2023000E3139000,558126037,116.0
7498,CRS3035RES1000mN2023000E3139000,711789768,100.0
7499,CRS3035RES1000mN2023000E3139000,727666062,
7500,CRS3035RES1000mN2023000E3139000,848085869,104.0
7501,CRS3035RES1000mN2023000E3139000,1056098898,
7502,CRS3035RES1000mN2023000E3139000,1255438242,
7503,CRS3035RES1000mN2023000E3139000,1469985039,
7504,CRS3035RES1000mN2023000E3139000,1504302537,
7505,CRS3035RES1000mN2023000E3139000,1511617504,86.0
7506,CRS3035RES1000mN2023000E3139000,1541601287,
7507,CRS3035RES1000mN2023000E3139000,1544591296,
7508,CRS3035RES1000mN2023000E3139000,1598174183,
7509,CRS3035RES1000mN2023000E3139000,1629887846,
7510,CRS3035RES1000mN2023000E3139000,1686660176,
7511,CRS3035RES1000mN2023000E3139000,1716927336,
7512,CRS3035RES1000mN2023000E3139000,1734554324,
7513,CRS3035RES1000mN2023000E3139000,1849109335,
7514,CRS3035RES1000mN2023000E3139000,2028408680,84.0
7515,CRS3035RES1000mN2023000E3139000,2036887702,
7516,CRS3035RES1000mN2023000E3139000,2061404218,
7517,CRS3035RES1000mN2023000E3139000,2134238030,
7518,CRS3035RES1000mN2023000E3139000,2261600754,
7519,CRS3035RES1000mN2023000E3139000,2301402027,
7520,CRS3035RES1000mN2023000E3139000,2303966810,109.0
7521,CRS3035RES1000mN2023000E3139000,2312029862,
7522,CRS3035RES1000mN2023000E3139000,2408860250,
7523,CRS3035RES1000mN2023000E3139000,2620185829,
7524,CRS3035RES1000mN2023000E3139000,2622508931,117.0
7525,CRS3035RES1000mN2023000E3139000,2672130951,
7526,CRS3035RES1000mN2023000E3139000,2710518818,
7527,CRS3035RES1000mN2023000E3139000,3034026261,
7528,CRS3035RES1000mN2023000E3139000,3179889751,
7529,CRS3035RES1000mN2023000E3139000,3206611978,
7530,CRS3035RES1000mN2023000E3139000,3272828439,105.0
7531,CRS3035RES1000mN2023000E3139000,3452364276,
7532,CRS3035RES1000mN2023000E3139000,3452364277,
7533,CRS3035RES1000mN2023000E3139000,3495733197,
7534,CRS3035RES1000mN2023000E3139000,3497154853,
7535,CRS3035RES1000mN2023000E3139000,3517755445,
7536,CRS3035RES1000mN2023000E3139000,3522125657,
7537,CRS3035RES1000mN2023000E3139000,3526751794,
7538,CRS3035RES1000mN2023000E3139000,3839306060,
7539,CRS3035RES1000mN2023000E3139000,4214697664,100.0
7540,CRS3035RES1000mN2023000E3139000,4338252586,
7541,CRS3035RES1000mN2023000E3139000,4401271633,
7542,CRS3035RES1000mN2023000E3139000,4515476768,
7543,CRS3035RES1000mN2023000E3139000,4569910891,113.0
7544,CRS3035RES1000mN2023000E3139000,4703730491,
7545,CRS3035RES1000mN2023000E3139000,4707870392,118.0
7546,CRS3035RES1000mN2023000E3139000,4789037769,
7547,CRS3035RES1000mN2023000E3139000,4794233143,
7548,CRS3035RES1000mN2023000E3139000,4870405674,100.0
7549,CRS3035RES1000mN2023000E3139000,5139379922,
7550,CRS3035RES1000mN2023000E3139000,5160337425,115.0
7551,CRS3035RES1000mN2023000E3139000,5196199575,
7552,CRS3035RES1000mN2023000E3139000,5341570554,
7553,CRS3035RES1000mN2023000E3139000,5345949864,
7554,CRS3035RES1000mN2023000E3139000,5448507385,
7555,CRS3035RES1000mN2023000E3139000,5604693894,
7556,CRS3035RES1000mN2023000E3139000,5670401989,
7557,CRS3035RES1000mN2023000E3139000,5942671299,
7558,CRS3035RES1000mN2023000E3139000,5943980960,92.0
7559,CRS3035RES1000mN2023000E3139000,6185791451,
7560,CRS3035RES1000mN2023000E3139000,6188948286,
7561,CRS3035RES1000mN2023000E3139000,6555800191,78.0
7562,CRS3035RES1000mN2023000E3139000,6885254479,
7563,CRS3035RES1000mN2023000E3139000,7222611268,
7564,CRS3035RES1000mN2023000E3139000,7408961006,
7565,CRS3035RES1000mN2023000E3139000,7619964683,
7566,CRS3035RES1000mN2023000E3139000,7836562695,
7567,CRS3035RES1000mN2023000E3139000,8493729364,109.0
7568,CRS3035RES1000mN2023000E3139000,8557885377,
7569,CRS3035RES1000mN2023000E3139000,8807212208,118.0
7570,CRS3035RES1000mN2023000E3139000,8844229173,
7571,CRS3035RES1000mN2023000E3139000,8878422600,
7572,CRS3035RES1000mN2023000E3139000,9595709188,
7573,CRS3035RES1000mN2023000E3139000,9611387099,103.0
7574,CRS3035RES1000mN2023000E3139000,9712656915,110.0
7575,CRS3035RES1000mN2023000E3139000,9713142744,119.0
7576,CRS3035RES1000mN2023000E3139000,9815746657,
7577,CRS3035RES1000mN2023000E3139000,10004871512,
7578,CRS3035RES1000mN2023000E3139000,10281174134,
7579,CRS3035RES1000mN2023000E3139000,10580337411,
7580,CRS3035RES1000mN2023000E3139000,10899442604,96.0
7581,CRS3035RES1000mN2023000E3139000,10922657146,87.0
7582,CRS3035RES1000mN2023000E3139000,11127499928,
7583,CRS3035RES1000mN2023000E3139000,11143725881,
7584,CRS3035RES1000mN2023000E3139000,11243087140,
7585,CRS3035RES1000mN2023000E3139000,11269399969,
7586,CRS3035RES1000mN2023000E3139000,11287269362,
7587,CRS3035RES1000mN2023000E3139000,11287269363,
7588,CRS3035RES1000mN2023000E3139000,11369705764,
7589,CRS3035RES1000mN2023000E3139000,11387776374,
7590,CRS3035RES1000mN2023000E3139000,11461799040,
7591,CRS3035RES1000mN2023000E3139000,11462802981,
7592,CRS3035RES1000mN2023000E3139000,11652077658,
7593,CRS3035RES1000mN2023000E3139000,11691390164,116.0
7594,CRS3035RES1000mN2023000E3139000,11739757462,115.0
7595,CRS3035RES1000mN2023000E3139000,12178446726,104.0
7596,CRS3035RES1000mN2023000E3139000,12407425114,
7597,CRS3035RES1000mN2023000E3139000,12865480228,
7598,CRS3035RES1000mN2023000E3139000,2960630,58.0
7599,CRS3035RES1000mN2023000E3139000,3554044,85.0
7600,CRS3035RES1000mN2023000E3139000,3557906,112.0
7601,CRS3035RES1000mN2023000E3139000,5231361,
7602,CRS3035RES1000mN2023000E3139000,9314566,
7603,CRS3035RES1000mN2023000E3139000,13696257,
7604,CRS3035RES1000mN2023000E3139000,15996131,118.0
7605,CRS3035RES1000mN2023000E3139000,23526191,
7606,CRS3035RES1000mN2023000E3139000,23545719,
7607,CRS3035RES1000mN2023000E3139000,30599279,103.0
7608,CRS3035RES1000mN2023000E3139000,30649229,116.0
7609,CRS3035RES1000mN2023000E3139000,32198651,
7610,CRS3035RES1000mN2023000E3139000,34945111,104.0
7611,CRS3035RES1000mN2023000E3139000,50170625,
7612,CRS3035RES1000mN2023000E3139000,82887228,
7613,CRS3035RES1000mN2023000E3139000,92484952,
7614,CRS3035RES1000mN2023000E3139000,95794713,
7615,CRS3035RES1000mN2023000E3139000,96418670,100.0
7616,CRS3035RES1000mN2023000E3139000,98502686,119.0
7617,CRS3035RES1000mN2023000E3139000,132613257,
7618,CRS3035RES1000mN2023000E3139000,135036040,
7619,CRS3035RES1000mN2023000E3139000,150772489,
7620,CRS3035RES1000mN2023000E3139000,154118456,
7621,CRS3035RES1000mN2023000E3139000,157375776,
7622,CRS3035RES1000mN2023000E3139000,158211204,76.0
7623,CRS3035RES1000mN2023000E3139000,162072415,107.0
7624,CRS3035RES1000mN2023000E3139000,162117720,
7625,CRS3035RES1000mN2023000E3139000,170487273,
7626,CRS3035RES1000mN2023000E3139000,172686062,86.0
7627,CRS3035RES1000mN2023000E3139000,174318235,104.0
7628,CRS3035RES1000mN2023000E3139000,174318237,94.0
7629,CRS3035RES1000mN2023000E3139000,205060159,
7630,CRS3035RES1000mN2023000E3139000,205757163,
7631,CRS3035RES1000mN2023000E3139000,221095520,
7632,CRS3035RES1000mN2023000E3139000,224503374,
7633,CRS3035RES1000mN2023000E3139000,227333462,118.0
7634,CRS3035RES1000mN2023000E3139000,229117454,
7635,CRS3035RES1000mN2023000E3139000,261460389,
7636,CRS3035RES1000mN2023000E3139000,283450022,109.0
7637,CRS3035RES1000mN2023000E3139000,288994040,103.0
7638,CRS3035RES1000mN2023000E3139000,296744564,
7639,CRS3035RES1000mN2023000E3139000,297526406,
7640,CRS3035RES1000mN2023000E3139000,300709861,116.0
7641,CRS3035RES1000mN2023000E3139000,301444634,
7642,CRS3035RES1000mN2023000E3139000,302721609,
7643,CRS3035RES1000mN2023000E3139000,308195630,
7644,CRS3035RES1000mN2023000E3139000,312777902,103.0
7645,CRS3035RES1000mN2023000E3139000,330154630,
7646,CRS3035RES1000mN2023000E3139000,340205456,
7647,CRS3035RES1000mN2023000E3139000,367883612,
7648,CRS3035RES1000mN2023000E3139000,368211943,
7649,CRS3035RES1000mN2023000E3139000,374180360,
7650,CRS3035RES1000mN2023000E3139000,375369499,
7651,CRS3035RES1000mN2023000E3139000,383494544,
7652,CRS3035RES1000mN2023000E3139000,384574591,113.0
7653,CRS3035RES1000mN2023000E3139000,403538322,
7654,CRS3035RES1000mN2023000E3139000,403859503,118.0
7655,CRS3035RES1000mN2023000E3139000,437050442,
7656,CRS3035RES1000mN2023000E3139000,459881697,119.0
7657,CRS3035RES1000mN2023000E3139000,477278425,
7658,CRS3035RES1000mN2023000E3139000,486879235,
7659,CRS3035RES1000mN2023000E3139000,493748377,106.0
7660,CRS3035RES1000mN2023000E3139000,498234201,
7661,CRS3035RES1000mN2023000E3139000,504315026,
7662,CRS3035RES1000mN2023000E3139000,548701490,
7663,CRS3035RES1000mN2023000E3139000,574210084,
7664,CRS3035RES1000mN2023000E3139000,576094143,109.0
7665,CRS3035RES1000mN2023000E3139000,584409067,
7666,CRS3035RES1000mN2023000E3139000,635512756,
7667,CRS3035RES1000mN2023000E3139000,638492224,
7668,CRS3035RES1000mN2023000E3139000,653913062,
7669,CRS3035RES1000mN2023000E3139000,659866770,
7670,CRS3035RES1000mN2023000E3139000,697717972,88.0
7671,CRS3035RES1000mN2023000E3139000,717194862,
7672,CRS3035RES1000mN2023000E3139000,736899303,
7673,CRS3035RES1000mN2023000E3139000,738042217,
7674,CRS3035RES1000mN2023000E3139000,839611983,
7675,CRS3035RES1000mN2023000E3139000,957893520,113.0
7676,CRS3035RES1000mN2023000E3139000,963308110,
7677,CRS3035RES1000mN2023000E3139000,1073283182,
7678,CRS3035RES1000mN2023000E3139000,1252864015,
7679,CRS3035RES1000mN2023000E3139000,1283203658,
7680,CRS3035RES1000mN2023000E3140000,25526,69.0
7681,CRS3035RES1000mN2023000E3140000,1774,90.0
7682,CRS3035RES1000mN2023000E3140000,1770,116.0
7683,CRS3035RES1000mN2023000E3140000,1773,110.0
7684,CRS3035RES1000mN2023000E3140000,1771,89.0
7685,CRS3035RES1000mN2023000E3140000,123303,89.0
7686,CRS3035RES1000mN2023000E3140000,1764,93.0
7687,CRS3035RES1000mN2023000E3140000,181101,109.0
7688,CRS3035RES1000mN2023000E3140000,5765642,75.0
7689,CRS3035RES1000mN2023000E3140000,86719,105.0
7690,CRS3035RES1000mN2023000E3140000,1800,106.0
7691,CRS3035RES1000mN2023000E3140000,1757,79.0
7692,CRS3035RES1000mN2023000E3140000,1755,84.0
7693,CRS3035RES1000mN2023000E3140000,1882,89.0
7694,CRS3035RES1000mN2023000E3140000,1745,109.0
7695,CRS3035RES1000mN2023000E3140000,1794,108.0
7696,CRS3035RES1000mN2023000E3140000,1762,98.0
7697,CRS3035RES1000mN2023000E3140000,51188,98.0
7698,CRS3035RES1000mN2023000E3140000,6893633,99.0
7699,CRS3035RES1000mN2023000E3140000,167128,107.0
7700,CRS3035RES1000mN2023000E3140000,1760,104.0
7701,CRS3035RES1000mN2023000E3140000,12773298,103.0
7702,CRS3035RES1000mN2023000E3140000,1754,100.0
7703,CRS3035RES1000mN2023000E3140000,1748,106.0
7704,CRS3035RES1000mN2023000E3140000,79941,112.0
7705,CRS3035RES1000mN2023000E3140000,1750,109.0
7706,CRS3035RES1000mN2023000E3140000,5975465,88.0
7707,CRS3035RES1000mN2023000E3140000,115056,114.0
7708,CRS3035RES1000mN2023000E3140000,1790,106.0
7709,CRS3035RES1000mN2023000E3140000,1756,79.0
7710,CRS3035RES1000mN2023000E3140000,51849,107.0
7711,CRS3035RES1000mN2023000E3140000,185595,99.0
7712,CRS3035RES1000mN2023000E3140000,7697128,85.0
7713,CRS3035RES1000mN2023000E3140000,10395362,117.0
7714,CRS3035RES1000mN2023000E3140000,1759,102.0
7715,CRS3035RES1000mN2023000E3140000,1752,100.0
7716,CRS3035RES1000mN2023000E3140000,186714,105.0
7717,CRS3035RES1000mN2023000E3140000,1753,100.0
7718,CRS3035RES1000mN2023000E3140000,1792,102.0
7719,CRS3035RES1000mN2023000E3140000,1763,86.0
7720,CRS3035RES1000mN2023000E3140000,1746,114.0
7721,CRS3035RES1000mN2023000E3140000,11572165,94.0
7722,CRS3035RES1000mN2023000E3140000,1761,95.0
7723,CRS3035RES1000mN2023000E3140000,1747,110.0
7724,CRS3035RES1000mN2023000E3140000,5768564,75.0
7725,CRS3035RES1000mN2023000E3140000,1798,82.0
7726,CRS3035RES1000mN2023000E3140000,66904,108.0
7727,CRS3035RES1000mN2023000E3140000,1777,92.0
7728,CRS3035RES1000mN2023000E3140000,1765,101.0
7729,CRS3035RES1000mN2023000E3140000,49416,104.0
7730,CRS3035RES1000mN2023000E3140000,12734939,104.0
7731,CRS3035RES1000mN2023000E3140000,167386167,92.0
7732,CRS3035RES1000mN2023000E3140000,295933804,100.0
7733,CRS3035RES1000mN2023000E3140000,303340017,102.0
7734,CRS3035RES1000mN2023000E3140000,315355551,104.0
7735,CRS3035RES1000mN2023000E3140000,339084977,90.0
7736,CRS3035RES1000mN2023000E3140000,412911553,94.0
7737,CRS3035RES1000mN2023000E3140000,558126037,92.0
7738,CRS3035RES1000mN2023000E3140000,711789768,87.0
7739,CRS3035RES1000mN2023000E3140000,727666062,
7740,CRS3035RES1000mN2023000E3140000,848085869,80.0
7741,CRS3035RES1000mN2023000E3140000,1056098898,104.0
7742,CRS3035RES1000mN2023000E3140000,1255438242,
7743,CRS3035RES1000mN2023000E3140000,1469985039,117.0
7744,CRS3035RES1000mN2023000E3140000,1504302537,
7745,CRS3035RES1000mN2023000E3140000,1511617504,69.0
7746,CRS3035RES1000mN2023000E3140000,1541601287,
7747,CRS3035RES1000mN2023000E3140000,1544591296,109.0
7748,CRS3035RES1000mN2023000E3140000,1598174183,
7749,CRS3035RES1000mN2023000E3140000,1629887846,
7750,CRS3035RES1000mN2023000E3140000,1686660176,118.0
7751,CRS3035RES1000mN2023000E3140000,1716927336,119.0
7752,CRS3035RES1000mN2023000E3140000,1734554324,
7753,CRS3035RES1000mN2023000E3140000,1849109335,106.0
7754,CRS3035RES1000mN2023000E3140000,2028408680,67.0
7755,CRS3035RES1000mN2023000E3140000,2036887702,
7756,CRS3035RES1000mN2023000E3140000,2061404218,113.0
7757,CRS3035RES1000mN2023000E3140000,2134238030,
7758,CRS3035RES1000mN2023000E3140000,2261600754,
7759,CRS3035RES1000mN2023000E3140000,2301402027,
7760,CRS3035RES1000mN2023000E3140000,2303966810,92.0
7761,CRS3035RES1000mN2023000E3140000,2312029862,
7762,CRS3035RES1000mN2023000E3140000,2408860250,
7763,CRS3035RES1000mN2023000E3140000,2620185829,97.0
7764,CRS3035RES1000mN2023000E3140000,2622508931,94.0
7765,CRS3035RES1000mN2023000E3140000,2672130951,
7766,CRS3035RES1000mN2023000E3140000,2710518818,
7767,CRS3035RES1000mN2023000E3140000,3034026261,93.0
7768,CRS3035RES1000mN2023000E3140000,3179889751,
7769,CRS3035RES1000mN2023000E3140000,3206611978,
7770,CRS3035RES1000mN2023000E3140000,3272828439,81.0
7771,CRS3035RES1000mN2023000E3140000,3452364276,
7772,CRS3035RES1000mN2023000E3140000,3452364277,103.0
7773,CRS3035RES1000mN2023000E3140000,3495733197,
7774,CRS3035RES1000mN2023000E3140000,3497154853,
7775,CRS3035RES1000mN2023000E3140000,3517755445,
7776,CRS3035RES1000mN2023000E3140000,3522125657,
7777,CRS3035RES1000mN2023000E3140000,3526751794,
7778,CRS3035RES1000mN2023000E3140000,3839306060,119.0
7779,CRS3035RES1000mN2023000E3140000,4214697664,77.0
7780,CRS3035RES1000mN2023000E3140000,4338252586,
7781,CRS3035RES1000mN2023000E3140000,4401271633,
7782,CRS3035RES1000mN2023000E3140000,4515476768,
7783,CRS3035RES1000mN2023000E3140000,4569910891,90.0
7784,CRS3035RES1000mN2023000E3140000,4703730491,98.0
7785,CRS3035RES1000mN2023000E3140000,4707870392,93.0
7786,CRS3035RES1000mN2023000E3140000,4789037769,
7787,CRS3035RES1000mN2023000E3140000,4794233143,
7788,CRS3035RES1000mN2023000E3140000,4870405674,76.0
7789,CRS3035RES1000mN2023000E3140000,5139379922,109.0
7790,CRS3035RES1000mN2023000E3140000,5160337425,93.0
7791,CRS3035RES1000mN2023000E3140000,5196199575,103.0
7792,CRS3035RES1000mN2023000E3140000,5341570554,100.0
7793,CRS3035RES1000mN2023000E3140000,5345949864,
7794,CRS3035RES1000mN2023000E3140000,5448507385,
7795,CRS3035RES1000mN2023000E3140000,5604693894,
7796,CRS3035RES1000mN2023000E3140000,5670401989,
7797,CRS3035RES1000mN2023000E3140000,5942671299,
7798,CRS3035RES1000mN2023000E3140000,5943980960,91.0
7799,CRS3035RES1000mN2023000E3140000,6185791451,
7800,CRS3035RES1000mN2023000E3140000,6188948286,
7801,CRS3035RES1000mN2023000E3140000,6555800191,56.0
7802,CRS3035RES1000mN2023000E3140000,6885254479,111.0
7803,CRS3035RES1000mN2023000E3140000,7222611268,
7804,CRS3035RES1000mN2023000E3140000,7408961006,
7805,CRS3035RES1000mN2023000E3140000,7619964683,
7806,CRS3035RES1000mN2023000E3140000,7836562695,
7807,CRS3035RES1000mN2023000E3140000,8493729364,86.0
7808,CRS3035RES1000mN2023000E3140000,8557885377,
7809,CRS3035RES1000mN2023000E3140000,8807212208,95.0
7810,CRS3035RES1000mN2023000E3140000,8844229173,100.0
7811,CRS3035RES1000mN2023000E3140000,8878422600,117.0
7812,CRS3035RES1000mN2023000E3140000,9595709188,104.0
7813,CRS3035RES1000mN2023000E3140000,9611387099,80.0
7814,CRS3035RES1000mN2023000E3140000,9712656915,88.0
7815,CRS3035RES1000mN2023000E3140000,9713142744,96.0
7816,CRS3035RES1000mN2023000E3140000,9815746657,
7817,CRS3035RES1000mN2023000E3140000,10004871512,
7818,CRS3035RES1000mN2023000E3140000,10281174134,
7819,CRS3035RES1000mN2023000E3140000,10580337411,
7820,CRS3035RES1000mN2023000E3140000,10899442604,72.0
7821,CRS3035RES1000mN2023000E3140000,10922657146,63.0
7822,CRS3035RES1000mN2023000E3140000,11127499928,
7823,CRS3035RES1000mN2023000E3140000,11143725881,111.0
7824,CRS3035RES1000mN2023000E3140000,11243087140,116.0
7825,CRS3035RES1000mN2023000E3140000,11269399969,101.0
7826,CRS3035RES1000mN2023000E3140000,11287269362,
7827,CRS3035RES1000mN2023000E3140000,11287269363,
7828,CRS3035RES1000mN2023000E3140000,11369705764,
7829,CRS3035RES1000mN2023000E3140000,11387776374,115.0
7830,CRS3035RES1000mN2023000E3140000,11461799040,
7831,CRS3035RES1000mN2023000E3140000,11462802981,99.0
7832,CRS3035RES1000mN2023000E3140000,11652077658,108.0
7833,CRS3035RES1000mN2023000E3140000,11691390164,93.0
7834,CRS3035RES1000mN2023000E3140000,11739757462,89.0
7835,CRS3035RES1000mN2023000E3140000,12178446726,80.0
7836,CRS3035RES1000mN2023000E3140000,12407425114,118.0
7837,CRS3035RES1000mN2023000E3140000,12865480228,
7838,CRS3035RES1000mN2023000E3140000,2960630,43.0
7839,CRS3035RES1000mN2023000E3140000,3554044,64.0
7840,CRS3035RES1000mN2023000E3140000,3557906,87.0
7841,CRS3035RES1000mN2023000E3140000,5231361,96.0
7842,CRS3035RES1000mN2023000E3140000,9314566,
7843,CRS3035RES1000mN2023000E3140000,13696257,
7844,CRS3035RES1000mN2023000E3140000,15996131,96.0
7845,CRS3035RES1000mN2023000E3140000,23526191,110.0
7846,CRS3035RES1000mN2023000E3140000,23545719,113.0
7847,CRS3035RES1000mN2023000E3140000,30599279,80.0
7848,CRS3035RES1000mN2023000E3140000,30649229,92.0
7849,CRS3035RES1000mN2023000E3140000,32198651,
7850,CRS3035RES1000mN2023000E3140000,34945111,80.0
7851,CRS3035RES1000mN2023000E3140000,50170625,
7852,CRS3035RES1000mN2023000E3140000,82887228,116.0
7853,CRS3035RES1000mN2023000E3140000,92484952,
7854,CRS3035RES1000mN2023000E3140000,95794713,114.0
7855,CRS3035RES1000mN2023000E3140000,96418670,76.0
7856,CRS3035RES1000mN2023000E3140000,98502686,102.0
7857,CRS3035RES1000mN2023000E3140000,132613257,115.0
7858,CRS3035RES1000mN2023000E3140000,135036040,
7859,CRS3035RES1000mN2023000E3140000,150772489,98.0
7860,CRS3035RES1000mN2023000E3140000,154118456,102.0
7861,CRS3035RES1000mN2023000E3140000,157375776,
7862,CRS3035RES1000mN2023000E3140000,158211204,55.0
7863,CRS3035RES1000mN2023000E3140000,162072415,83.0
7864,CRS3035RES1000mN2023000E3140000,162117720,116.0
7865,CRS3035RES1000mN2023000E3140000,170487273,
7866,CRS3035RES1000mN2023000E3140000,172686062,63.0
7867,CRS3035RES1000mN2023000E3140000,174318235,79.0
7868,CRS3035RES1000mN2023000E3140000,174318237,70.0
7869,CRS3035RES1000mN2023000E3140000,205060159,
7870,CRS3035RES1000mN2023000E3140000,205757163,
7871,CRS3035RES1000mN2023000E3140000,221095520,
7872,CRS3035RES1000mN2023000E3140000,224503374,100.0
7873,CRS3035RES1000mN2023000E3140000,227333462,113.0
7874,CRS3035RES1000mN2023000E3140000,229117454,110.0
7875,CRS3035RES1000mN2023000E3140000,261460389,
7876,CRS3035RES1000mN2023000E3140000,283450022,86.0
7877,CRS3035RES1000mN2023000E3140000,288994040,80.0
7878,CRS3035RES1000mN2023000E3140000,296744564,
7879,CRS3035RES1000mN2023000E3140000,297526406,
7880,CRS3035RES1000mN2023000E3140000,300709861,98.0
7881,CRS3035RES1000mN2023000E3140000,301444634,
7882,CRS3035RES1000mN2023000E3140000,302721609,
7883,CRS3035RES1000mN2023000E3140000,308195630,
7884,CRS3035RES1000mN2023000E3140000,312777902,80.0
7885,CRS3035RES1000mN2023000E3140000,330154630,
7886,CRS3035RES1000mN2023000E3140000,340205456,99.0
7887,CRS3035RES1000mN2023000E3140000,367883612,114.0
7888,CRS3035RES1000mN2023000E3140000,368211943,115.0
7889,CRS3035RES1000mN2023000E3140000,374180360,
7890,CRS3035RES1000mN2023000E3140000,375369499,96.0
7891,CRS3035RES1000mN2023000E3140000,383494544,104.0
7892,CRS3035RES1000mN2023000E3140000,384574591,90.0
7893,CRS3035RES1000mN2023000E3140000,403538322,
7894,CRS3035RES1000mN2023000E3140000,403859503,95.0
7895,CRS3035RES1000mN2023000E3140000,437050442,102.0
7896,CRS3035RES1000mN2023000E3140000,459881697,113.0
7897,CRS3035RES1000mN2023000E3140000,477278425,
7898,CRS3035RES1000mN2023000E3140000,486879235,
7899,CRS3035RES1000mN2023000E3140000,493748377,80.0
7900,CRS3035RES1000mN2023000E3140000,498234201,107.0
7901,CRS3035RES1000mN2023000E3140000,504315026,
7902,CRS3035RES1000mN2023000E3140000,548701490,
7903,CRS3035RES1000mN2023000E3140000,574210084,
7904,CRS3035RES1000mN2023000E3140000,576094143,83.0
7905,CRS3035RES1000mN2023000E3140000,584409067,
7906,CRS3035RES1000mN2023000E3140000,635512756,
7907,CRS3035RES1000mN2023000E3140000,638492224,
7908,CRS3035RES1000mN2023000E3140000,653913062,
7909,CRS3035RES1000mN2023000E3140000,659866770,
7910,CRS3035RES1000mN2023000E3140000,697717972,65.0
7911,CRS3035RES1000mN2023000E3140000,717194862,
7912,CRS3035RES1000mN2023000E3140000,736899303,111.0
7913,CRS3035RES1000mN2023000E3140000,738042217,
7914,CRS3035RES1000mN2023000E3140000,839611983,
7915,CRS3035RES1000mN2023000E3140000,957893520,90.0
7916,CRS3035RES1000mN2023000E3140000,963308110,117.0
7917,CRS3035RES1000mN2023000E3140000,1073283182,
7918,CRS3035RES1000mN2023000E3140000,1252864015,117.0
7919,CRS3035RES1000mN2023000E3140000,1283203658,
7920,CRS3035RES1000mN2023000E3141000,25526,57.0
7921,CRS3035RES1000mN2023000E3141000,1774,76.0
7922,CRS3035RES1000mN2023000E3141000,1770,104.0
7923,CRS3035RES1000mN2023000E3141000,1773,95.0
7924,CRS3035RES1000mN2023000E3141000,1771,76.0
7925,CRS3035RES1000mN2023000E3141000,123303,73.0
7926,CRS3035RES1000mN2023000E3141000,1764,82.0
7927,CRS3035RES1000mN2023000E3141000,181101,95.0
7928,CRS3035RES1000mN2023000E3141000,5765642,66.0
7929,CRS3035RES1000mN2023000E3141000,86719,88.0
7930,CRS3035RES1000mN2023000E3141000,1800,94.0
7931,CRS3035RES1000mN2023000E3141000,1757,67.0
7932,CRS3035RES1000mN2023000E3141000,1755,72.0
7933,CRS3035RES1000mN2023000E3141000,1882,77.0
7934,CRS3035RES1000mN2023000E3141000,1745,100.0
7935,CRS3035RES1000mN2023000E3141000,1794,95.0
7936,CRS3035RES1000mN2023000E3141000,1762,84.0
7937,CRS3035RES1000mN2023000E3141000,51188,87.0
7938,CRS3035RES1000mN2023000E3141000,6893633,86.0
7939,CRS3035RES1000mN2023000E3141000,167128,93.0
7940,CRS3035RES1000mN2023000E3141000,1760,92.0
7941,CRS3035RES1000mN2023000E3141000,12773298,87.0
7942,CRS3035RES1000mN2023000E3141000,1754,84.0
7943,CRS3035RES1000mN2023000E3141000,1748,92.0
7944,CRS3035RES1000mN2023000E3141000,79941,104.0
7945,CRS3035RES1000mN2023000E3141000,1750,96.0
7946,CRS3035RES1000mN2023000E3141000,5975465,76.0
7947,CRS3035RES1000mN2023000E3141000,115056,102.0
7948,CRS3035RES1000mN2023000E3141000,1790,94.0
7949,CRS3035RES1000mN2023000E3141000,1756,70.0
7950,CRS3035RES1000mN2023000E3141000,51849,93.0
7951,CRS3035RES1000mN2023000E3141000,185595,87.0
7952,CRS3035RES1000mN2023000E3141000,7697128,74.0
7953,CRS3035RES1000mN2023000E3141000,10395362,102.0
7954,CRS3035RES1000mN2023000E3141000,1759,90.0
7955,CRS3035RES1000mN2023000E3141000,1752,86.0
7956,CRS3035RES1000mN2023000E3141000,186714,93.0
7957,CRS3035RES1000mN2023000E3141000,1753,88.0
7958,CRS3035RES1000mN2023000E3141000,1792,88.0
7959,CRS3035RES1000mN2023000E3141000,1763,74.0
7960,CRS3035RES1000mN2023000E3141000,1746,100.0
7961,CRS3035RES1000mN2023000E3141000,11572165,81.0
7962,CRS3035RES1000mN2023000E3141000,1761,83.0
7963,CRS3035RES1000mN2023000E3141000,1747,96.0
7964,CRS3035RES1000mN2023000E3141000,5768564,64.0
7965,CRS3035RES1000mN2023000E3141000,1798,70.0
7966,CRS3035RES1000mN2023000E3141000,66904,94.0
7967,CRS3035RES1000mN2023000E3141000,1777,80.0
7968,CRS3035RES1000mN2023000E3141000,1765,87.0
7969,CRS3035RES1000mN2023000E3141000,49416,90.0
7970,CRS3035RES1000mN2023000E3141000,12734939,90.0
7971,CRS3035RES1000mN2023000E3141000,167386167,81.0
7972,CRS3035RES1000mN2023000E3141000,295933804,93.0
7973,CRS3035RES1000mN2023000E3141000,303340017,98.0
7974,CRS3035RES1000mN2023000E3141000,315355551,88.0
7975,CRS3035RES1000mN2023000E3141000,339084977,76.0
7976,CRS3035RES1000mN2023000E3141000,412911553,81.0
7977,CRS3035RES1000mN2023000E3141000,558126037,81.0
7978,CRS3035RES1000mN2023000E3141000,711789768,70.0
7979,CRS3035RES1000mN2023000E3141000,727666062,
7980,CRS3035RES1000mN2023000E3141000,848085869,68.0
7981,CRS3035RES1000mN2023000E3141000,1056098898,92.0
7982,CRS3035RES1000mN2023000E3141000,1255438242,
7983,CRS3035RES1000mN2023000E3141000,1469985039,103.0
7984,CRS3035RES1000mN2023000E3141000,1504302537,
7985,CRS3035RES1000mN2023000E3141000,1511617504,53.0
7986,CRS3035RES1000mN2023000E3141000,1541601287,104.0
7987,CRS3035RES1000mN2023000E3141000,1544591296,97.0
7988,CRS3035RES1000mN2023000E3141000,1598174183,109.0
7989,CRS3035RES1000mN2023000E3141000,1629887846,114.0
7990,CRS3035RES1000mN2023000E3141000,1686660176,106.0
7991,CRS3035RES1000mN2023000E3141000,1716927336,97.0
7992,CRS3035RES1000mN2023000E3141000,1734554324,
7993,CRS3035RES1000mN2023000E3141000,1849109335,100.0
7994,CRS3035RES1000mN2023000E3141000,2028408680,59.0
7995,CRS3035RES1000mN2023000E3141000,2036887702,
7996,CRS3035RES1000mN2023000E3141000,2061404218,104.0
7997,CRS3035RES1000mN2023000E3141000,2134238030,
7998,CRS3035RES1000mN2023000E3141000,2261600754,
7999,CRS3035RES1000mN2023000E3141000,2301402027,116.0
8000,CRS3035RES1000mN2023000E3141000,2303966810,74.0
8001,CRS3035RES1000mN2023000E3141000,2312029862,112.0
8002,CRS3035RES1000mN2023000E3141000,2408860250,115.0
8003,CRS3035RES1000mN2023000E3141000,2620185829,85.0
8004,CRS3035RES1000mN2023000E3141000,2622508931,81.0
8005,CRS3035RES1000mN2023000E3141000,2672130951,105.0
8006,CRS3035RES1000mN2023000E3141000,2710518818,113.0
8007,CRS3035RES1000mN2023000E3141000,3034026261,93.0
8008,CRS3035RES1000mN2023000E3141000,3179889751,
8009,CRS3035RES1000mN2023000E3141000,3206611978,
8010,CRS3035RES1000mN2023000E3141000,3272828439,68.0
8011,CRS3035RES1000mN2023000E3141000,3452364276,109.0
8012,CRS3035RES1000mN2023000E3141000,3452364277,92.0
8013,CRS3035RES1000mN2023000E3141000,3495733197,
8014,CRS3035RES1000mN2023000E3141000,3497154853,
8015,CRS3035RES1000mN2023000E3141000,3517755445,
8016,CRS3035RES1000mN2023000E3141000,3522125657,
8017,CRS3035RES1000mN2023000E3141000,3526751794,
8018,CRS3035RES1000mN2023000E3141000,3839306060,111.0
8019,CRS3035RES1000mN2023000E3141000,4214697664,65.0
8020,CRS3035RES1000mN2023000E3141000,4338252586,
8021,CRS3035RES1000mN2023000E3141000,4401271633,
8022,CRS3035RES1000mN2023000E3141000,4515476768,85.0
8023,CRS3035RES1000mN2023000E3141000,4569910891,79.0
8024,CRS3035RES1000mN2023000E3141000,4703730491,87.0
8025,CRS3035RES1000mN2023000E3141000,4707870392,82.0
8026,CRS3035RES1000mN2023000E3141000,4789037769,116.0
8027,CRS3035RES1000mN2023000E3141000,4794233143,
8028,CRS3035RES1000mN2023000E3141000,4870405674,65.0
8029,CRS3035RES1000mN2023000E3141000,5139379922,97.0
8030,CRS3035RES1000mN2023000E3141000,5160337425,80.0
8031,CRS3035RES1000mN2023000E3141000,5196199575,92.0
8032,CRS3035RES1000mN2023000E3141000,5341570554,86.0
8033,CRS3035RES1000mN2023000E3141000,5345949864,110.0
8034,CRS3035RES1000mN2023000E3141000,5448507385,
8035,CRS3035RES1000mN2023000E3141000,5604693894,
8036,CRS3035RES1000mN2023000E3141000,5670401989,
8037,CRS3035RES1000mN2023000E3141000,5942671299,117.0
8038,CRS3035RES1000mN2023000E3141000,5943980960,45.0
8039,CRS3035RES1000mN2023000E3141000,6185791451,
8040,CRS3035RES1000mN2023000E3141000,6188948286,109.0
8041,CRS3035RES1000mN2023000E3141000,6555800191,42.0
8042,CRS3035RES1000mN2023000E3141000,6885254479,101.0
8043,CRS3035RES1000mN2023000E3141000,7222611268,
8044,CRS3035RES1000mN2023000E3141000,7408961006,
8045,CRS3035RES1000mN2023000E3141000,7619964683,
8046,CRS3035RES1000mN2023000E3141000,7836562695,118.0
8047,CRS3035RES1000mN2023000E3141000,8493729364,74.0
8048,CRS3035RES1000mN2023000E3141000,8557885377,
8049,CRS3035RES1000mN2023000E3141000,8807212208,84.0
8050,CRS3035RES1000mN2023000E3141000,8844229173,89.0
8051,CRS3035RES1000mN2023000E3141000,8878422600,100.0
8052,CRS3035RES1000mN2023000E3141000,9595709188,93.0
8053,CRS3035RES1000mN2023000E3141000,9611387099,68.0
8054,CRS3035RES1000mN2023000E3141000,9712656915,75.0
8055,CRS3035RES1000mN2023000E3141000,9713142744,84.0
8056,CRS3035RES1000mN2023000E3141000,9815746657,
8057,CRS3035RES1000mN2023000E3141000,10004871512,112.0
8058,CRS3035RES1000mN2023000E3141000,10281174134,
8059,CRS3035RES1000mN2023000E3141000,10580337411,115.0
8060,CRS3035RES1000mN2023000E3141000,10899442604,59.0
8061,CRS3035RES1000mN2023000E3141000,10922657146,50.0
8062,CRS3035RES1000mN2023000E3141000,11127499928,104.0
8063,CRS3035RES1000mN2023000E3141000,11143725881,94.0
8064,CRS3035RES1000mN2023000E3141000,11243087140,108.0
8065,CRS3035RES1000mN2023000E3141000,11269399969,90.0
8066,CRS3035RES1000mN2023000E3141000,11287269362,116.0
8067,CRS3035RES1000mN2023000E3141000,11287269363,
8068,CRS3035RES1000mN2023000E3141000,11369705764,
8069,CRS3035RES1000mN2023000E3141000,11387776374,102.0
8070,CRS3035RES1000mN2023000E3141000,11461799040,
8071,CRS3035RES1000mN2023000E3141000,11462802981,85.0
8072,CRS3035RES1000mN2023000E3141000,11652077658,98.0
8073,CRS3035RES1000mN2023000E3141000,11691390164,81.0
8074,CRS3035RES1000mN2023000E3141000,11739757462,80.0
8075,CRS3035RES1000mN2023000E3141000,12178446726,69.0
8076,CRS3035RES1000mN2023000E3141000,12407425114,92.0
8077,CRS3035RES1000mN2023000E3141000,12865480228,112.0
8078,CRS3035RES1000mN2023000E3141000,2960630,27.0
8079,CRS3035RES1000mN2023000E3141000,3554044,49.0
8080,CRS3035RES1000mN2023000E3141000,3557906,75.0
8081,CRS3035RES1000mN2023000E3141000,5231361,86.0
8082,CRS3035RES1000mN2023000E3141000,9314566,
8083,CRS3035RES1000mN2023000E3141000,13696257,115.0
8084,CRS3035RES1000mN2023000E3141000,15996131,83.0
8085,CRS3035RES1000mN2023000E3141000,23526191,97.0
8086,CRS3035RES1000mN2023000E3141000,23545719,100.0
8087,CRS3035RES1000mN2023000E3141000,30599279,66.0
8088,CRS3035RES1000mN2023000E3141000,30649229,82.0
8089,CRS3035RES1000mN2023000E3141000,32198651,
8090,CRS3035RES1000mN2023000E3141000,34945111,67.0
8091,CRS3035RES1000mN2023000E3141000,50170625,
8092,CRS3035RES1000mN2023000E3141000,82887228,105.0
8093,CRS3035RES1000mN2023000E3141000,92484952,110.0
8094,CRS3035RES1000mN2023000E3141000,95794713,100.0
8095,CRS3035RES1000mN2023000E3141000,96418670,64.0
8096,CRS3035RES1000mN2023000E3141000,98502686,89.0
8097,CRS3035RES1000mN2023000E3141000,132613257,101.0
8098,CRS3035RES1000mN2023000E3141000,135036040,106.0
8099,CRS3035RES1000mN2023000E3141000,150772489,85.0
8100,CRS3035RES1000mN2023000E3141000,154118456,94.0
8101,CRS3035RES1000mN2023000E3141000,157375776,101.0
8102,CRS3035RES1000mN2023000E3141000,158211204,43.0
8103,CRS3035RES1000mN2023000E3141000,162072415,70.0
8104,CRS3035RES1000mN2023000E3141000,162117720,103.0
8105,CRS3035RES1000mN2023000E3141000,170487273,
8106,CRS3035RES1000mN2023000E3141000,172686062,51.0
8107,CRS3035RES1000mN2023000E3141000,174318235,67.0
8108,CRS3035RES1000mN2023000E3141000,174318237,58.0
8109,CRS3035RES1000mN2023000E3141000,205060159,
8110,CRS3035RES1000mN2023000E3141000,205757163,
8111,CRS3035RES1000mN2023000E3141000,221095520,115.0
8112,CRS3035RES1000mN2023000E3141000,224503374,89.0
8113,CRS3035RES1000mN2023000E3141000,227333462,87.0
8114,CRS3035RES1000mN2023000E3141000,229117454,93.0
8115,CRS3035RES1000mN2023000E3141000,261460389,
8116,CRS3035RES1000mN2023000E3141000,283450022,74.0
8117,CRS3035RES1000mN2023000E3141000,288994040,68.0
8118,CRS3035RES1000mN2023000E3141000,296744564,
8119,CRS3035RES1000mN2023000E3141000,297526406,102.0
8120,CRS3035RES1000mN2023000E3141000,300709861,78.0
8121,CRS3035RES1000mN2023000E3141000,301444634,102.0
8122,CRS3035RES1000mN2023000E3141000,302721609,105.0
8123,CRS3035RES1000mN2023000E3141000,308195630,
8124,CRS3035RES1000mN2023000E3141000,312777902,68.0
8125,CRS3035RES1000mN2023000E3141000,330154630,
8126,CRS3035RES1000mN2023000E3141000,340205456,87.0
8127,CRS3035RES1000mN2023000E3141000,367883612,102.0
8128,CRS3035RES1000mN2023000E3141000,368211943,102.0
8129,CRS3035RES1000mN2023000E3141000,374180360,114.0
8130,CRS3035RES1000mN2023000E3141000,375369499,88.0
8131,CRS3035RES1000mN2023000E3141000,383494544,92.0
8132,CRS3035RES1000mN2023000E3141000,384574591,75.0
8133,CRS3035RES1000mN2023000E3141000,403538322,
8134,CRS3035RES1000mN2023000E3141000,403859503,83.0
8135,CRS3035RES1000mN2023000E3141000,437050442,90.0
8136,CRS3035RES1000mN2023000E3141000,459881697,88.0
8137,CRS3035RES1000mN2023000E3141000,477278425,
8138,CRS3035RES1000mN2023000E3141000,486879235,
8139,CRS3035RES1000mN2023000E3141000,493748377,71.0
8140,CRS3035RES1000mN2023000E3141000,498234201,94.0
8141,CRS3035RES1000mN2023000E3141000,504315026,113.0
8142,CRS3035RES1000mN2023000E3141000,548701490,
8143,CRS3035RES1000mN2023000E3141000,574210084,115.0
8144,CRS3035RES1000mN2023000E3141000,576094143,71.0
8145,CRS3035RES1000mN2023000E3141000,584409067,
8146,CRS3035RES1000mN2023000E3141000,635512756,102.0
8147,CRS3035RES1000mN2023000E3141000,638492224,
8148,CRS3035RES1000mN2023000E3141000,653913062,104.0
8149,CRS3035RES1000mN2023000E3141000,659866770,
8150,CRS3035RES1000mN2023000E3141000,697717972,50.0
8151,CRS3035RES1000mN2023000E3141000,717194862,
8152,CRS3035RES1000mN2023000E3141000,736899303,107.0
8153,CRS3035RES1000mN2023000E3141000,738042217,106.0
8154,CRS3035RES1000mN2023000E3141000,839611983,
8155,CRS3035RES1000mN2023000E3141000,957893520,78.0
8156,CRS3035RES1000mN2023000E3141000,963308110,103.0
8157,CRS3035RES1000mN2023000E3141000,1073283182,99.0
8158,CRS3035RES1000mN2023000E3141000,1252864015,109.0
8159,CRS3035RES1000mN2023000E3141000,1283203658,94.0
8160,CRS3035RES1000mN2023000E3142000,25526,46.0
8161,CRS3035RES1000mN2023000E3142000,1774,67.0
8162,CRS3035RES1000mN2023000E3142000,1770,93.0
8163,CRS3035RES1000mN2023000E3142000,1773,87.0
8164,CRS3035RES1000mN2023000E3142000,1771,65.0
8165,CRS3035RES1000mN2023000E3142000,123303,68.0
8166,CRS3035RES1000mN2023000E3142000,1764,71.0
8167,CRS3035RES1000mN2023000E3142000,181101,85.0
8168,CRS3035RES1000mN2023000E3142000,5765642,54.0
8169,CRS3035RES1000mN2023000E3142000,86719,81.0
8170,CRS3035RES1000mN2023000E3142000,1800,84.0
8171,CRS3035RES1000mN2023000E3142000,1757,56.0
8172,CRS3035RES1000mN2023000E3142000,1755,62.0
8173,CRS3035RES1000mN2023000E3142000,1882,65.0
8174,CRS3035RES1000mN2023000E3142000,1745,85.0
8175,CRS3035RES1000mN2023000E3142000,1794,85.0
8176,CRS3035RES1000mN2023000E3142000,1762,76.0
8177,CRS3035RES1000mN2023000E3142000,51188,76.0
8178,CRS3035RES1000mN2023000E3142000,6893633,76.0
8179,CRS3035RES1000mN2023000E3142000,167128,85.0
8180,CRS3035RES1000mN2023000E3142000,1760,80.0
8181,CRS3035RES1000mN2023000E3142000,12773298,79.0
8182,CRS3035RES1000mN2023000E3142000,1754,75.0
8183,CRS3035RES1000mN2023000E3142000,1748,83.0
8184,CRS3035RES1000mN2023000E3142000,79941,90.0
8185,CRS3035RES1000mN2023000E3142000,1750,86.0
8186,CRS3035RES1000mN2023000E3142000,5975465,64.0
8187,CRS3035RES1000mN2023000E3142000,115056,91.0
8188,CRS3035RES1000mN2023000E3142000,1790,83.0
8189,CRS3035RES1000mN2023000E3142000,1756,58.0
8190,CRS3035RES1000mN2023000E3142000,51849,85.0
8191,CRS3035RES1000mN2023000E3142000,185595,76.0
8192,CRS3035RES1000mN2023000E3142000,7697128,62.0
8193,CRS3035RES1000mN2023000E3142000,10395362,94.0
8194,CRS3035RES1000mN2023000E3142000,1759,79.0
8195,CRS3035RES1000mN2023000E3142000,1752,78.0
8196,CRS3035RES1000mN2023000E3142000,186714,82.0
8197,CRS3035RES1000mN2023000E3142000,1753,78.0
8198,CRS3035RES1000mN2023000E3142000,1792,79.0
8199,CRS3035RES1000mN2023000E3142000,1763,63.0
8200,CRS3035RES1000mN2023000E3142000,1746,91.0
8201,CRS3035RES1000mN2023000E3142000,11572165,74.0
8202,CRS3035RES1000mN2023000E3142000,1761,73.0
8203,CRS3035RES1000mN2023000E3142000,1747,88.0
8204,CRS3035RES1000mN2023000E3142000,5768564,54.0
8205,CRS3035RES1000mN2023000E3142000,1798,59.0
8206,CRS3035RES1000mN2023000E3142000,66904,83.0
8207,CRS3035RES1000mN2023000E3142000,1777,68.0
8208,CRS3035RES1000mN2023000E3142000,1765,79.0
8209,CRS3035RES1000mN2023000E3142000,49416,80.0
8210,CRS3035RES1000mN2023000E3142000,12734939,80.0
8211,CRS3035RES1000mN2023000E3142000,167386167,70.0
8212,CRS3035RES1000mN2023000E3142000,295933804,72.0
8213,CRS3035RES1000mN2023000E3142000,303340017,72.0
8214,CRS3035RES1000mN2023000E3142000,315355551,77.0
8215,CRS3035RES1000mN2023000E3142000,339084977,67.0
8216,CRS3035RES1000mN2023000E3142000,412911553,70.0
8217,CRS3035RES1000mN2023000E3142000,558126037,71.0
8218,CRS3035RES1000mN2023000E3142000,711789768,54.0
8219,CRS3035RES1000mN2023000E3142000,727666062,97.0
8220,CRS3035RES1000mN2023000E3142000,848085869,61.0
8221,CRS3035RES1000mN2023000E3142000,1056098898,81.0
8222,CRS3035RES1000mN2023000E3142000,1255438242,
8223,CRS3035RES1000mN2023000E3142000,1469985039,93.0
8224,CRS3035RES1000mN2023000E3142000,1504302537,
8225,CRS3035RES1000mN2023000E3142000,1511617504,43.0
8226,CRS3035RES1000mN2023000E3142000,1541601287,94.0
8227,CRS3035RES1000mN2023000E3142000,1544591296,86.0
8228,CRS3035RES1000mN2023000E3142000,1598174183,94.0
8229,CRS3035RES1000mN2023000E3142000,1629887846,98.0
8230,CRS3035RES1000mN2023000E3142000,1686660176,95.0
8231,CRS3035RES1000mN2023000E3142000,1716927336,93.0
8232,CRS3035RES1000mN2023000E3142000,1734554324,97.0
8233,CRS3035RES1000mN2023000E3142000,1849109335,77.0
8234,CRS3035RES1000mN2023000E3142000,2028408680,50.0
8235,CRS3035RES1000mN2023000E3142000,2036887702,
8236,CRS3035RES1000mN2023000E3142000,2061404218,90.0
8237,CRS3035RES1000mN2023000E3142000,2134238030,99.0
8238,CRS3035RES1000mN2023000E3142000,2261600754,
8239,CRS3035RES1000mN2023000E3142000,2301402027,104.0
8240,CRS3035RES1000mN2023000E3142000,2303966810,55.0
8241,CRS3035RES1000mN2023000E3142000,2312029862,97.0
8242,CRS3035RES1000mN2023000E3142000,2408860250,102.0
8243,CRS3035RES1000mN2023000E3142000,2620185829,74.0
8244,CRS3035RES1000mN2023000E3142000,2622508931,70.0
8245,CRS3035RES1000mN2023000E3142000,2672130951,104.0
8246,CRS3035RES1000mN2023000E3142000,2710518818,108.0
8247,CRS3035RES1000mN2023000E3142000,3034026261,78.0
8248,CRS3035RES1000mN2023000E3142000,3179889751,
8249,CRS3035RES1000mN2023000E3142000,3206611978,
8250,CRS3035RES1000mN2023000E3142000,3272828439,59.0
8251,CRS3035RES1000mN2023000E3142000,3452364276,97.0
8252,CRS3035RES1000mN2023000E3142000,3452364277,80.0
8253,CRS3035RES1000mN2023000E3142000,3495733197,
8254,CRS3035RES1000mN2023000E3142000,3497154853,
8255,CRS3035RES1000mN2023000E3142000,3517755445,
8256,CRS3035RES1000mN2023000E3142000,3522125657,
8257,CRS3035RES1000mN2023000E3142000,3526751794,
8258,CRS3035RES1000mN2023000E3142000,3839306060,96.0
8259,CRS3035RES1000mN2023000E3142000,4214697664,54.0
8260,CRS3035RES1000mN2023000E3142000,4338252586,
8261,CRS3035RES1000mN2023000E3142000,4401271633,
8262,CRS3035RES1000mN2023000E3142000,4515476768,82.0
8263,CRS3035RES1000mN2023000E3142000,4569910891,67.0
8264,CRS3035RES1000mN2023000E3142000,4703730491,77.0
8265,CRS3035RES1000mN2023000E3142000,4707870392,71.0
8266,CRS3035RES1000mN2023000E3142000,4789037769,115.0
8267,CRS3035RES1000mN2023000E3142000,4794233143,
8268,CRS3035RES1000mN2023000E3142000,4870405674,54.0
8269,CRS3035RES1000mN2023000E3142000,5139379922,57.0
8270,CRS3035RES1000mN2023000E3142000,5160337425,69.0
8271,CRS3035RES1000mN2023000E3142000,5196199575,80.0
8272,CRS3035RES1000mN2023000E3142000,5341570554,78.0
8273,CRS3035RES1000mN2023000E3142000,5345949864,108.0
8274,CRS3035RES1000mN2023000E3142000,5448507385,
8275,CRS3035RES1000mN2023000E3142000,5604693894,
8276,CRS3035RES1000mN2023000E3142000,5670401989,
8277,CRS3035RES1000mN2023000E3142000,5942671299,102.0
8278,CRS3035RES1000mN2023000E3142000,5943980960,29.0
8279,CRS3035RES1000mN2023000E3142000,6185791451,
8280,CRS3035RES1000mN2023000E3142000,6188948286,98.0
8281,CRS3035RES1000mN2023000E3142000,6555800191,34.0
8282,CRS3035RES1000mN2023000E3142000,6885254479,88.0
8283,CRS3035RES1000mN2023000E3142000,7222611268,
8284,CRS3035RES1000mN2023000E3142000,7408961006,
8285,CRS3035RES1000mN2023000E3142000,7619964683,
8286,CRS3035RES1000mN2023000E3142000,7836562695,112.0
8287,CRS3035RES1000mN2023000E3142000,8493729364,63.0
8288,CRS3035RES1000mN2023000E3142000,8557885377,103.0
8289,CRS3035RES1000mN2023000E3142000,8807212208,73.0
8290,CRS3035RES1000mN2023000E3142000,8844229173,77.0
8291,CRS3035RES1000mN2023000E3142000,8878422600,94.0
8292,CRS3035RES1000mN2023000E3142000,9595709188,82.0
8293,CRS3035RES1000mN2023000E3142000,9611387099,57.0
8294,CRS3035RES1000mN2023000E3142000,9712656915,64.0
8295,CRS3035RES1000mN2023000E3142000,9713142744,72.0
8296,CRS3035RES1000mN2023000E3142000,9815746657,
8297,CRS3035RES1000mN2023000E3142000,10004871512,97.0
8298,CRS3035RES1000mN2023000E3142000,10281174134,
8299,CRS3035RES1000mN2023000E3142000,10580337411,100.0
8300,CRS3035RES1000mN2023000E3142000,10899442604,51.0
8301,CRS3035RES1000mN2023000E3142000,10922657146,42.0
8302,CRS3035RES1000mN2023000E3142000,11127499928,98.0
8303,CRS3035RES1000mN2023000E3142000,11143725881,80.0
8304,CRS3035RES1000mN2023000E3142000,11243087140,95.0
8305,CRS3035RES1000mN2023000E3142000,11269399969,79.0
8306,CRS3035RES1000mN2023000E3142000,11287269362,96.0
8307,CRS3035RES1000mN2023000E3142000,11287269363,115.0
8308,CRS3035RES1000mN2023000E3142000,11369705764,106.0
8309,CRS3035RES1000mN2023000E3142000,11387776374,92.0
8310,CRS3035RES1000mN2023000E3142000,11461799040,
8311,CRS3035RES1000mN2023000E3142000,11462802981,75.0
8312,CRS3035RES1000mN2023000E3142000,11652077658,82.0
8313,CRS3035RES1000mN2023000E3142000,11691390164,70.0
8314,CRS3035RES1000mN2023000E3142000,11739757462,68.0
8315,CRS3035RES1000mN2023000E3142000,12178446726,58.0
8316,CRS3035RES1000mN2023000E3142000,12407425114,82.0
8317,CRS3035RES1000mN2023000E3142000,12865480228,97.0
8318,CRS3035RES1000mN2023000E3142000,2960630,25.0
8319,CRS3035RES1000mN2023000E3142000,3554044,41.0
8320,CRS3035RES1000mN2023000E3142000,3557906,67.0
8321,CRS3035RES1000mN2023000E3142000,5231361,75.0
8322,CRS3035RES1000mN2023000E3142000,9314566,117.0
8323,CRS3035RES1000mN2023000E3142000,13696257,101.0
8324,CRS3035RES1000mN2023000E3142000,15996131,73.0
8325,CRS3035RES1000mN2023000E3142000,23526191,87.0
8326,CRS3035RES1000mN2023000E3142000,23545719,90.0
8327,CRS3035RES1000mN2023000E3142000,30599279,56.0
8328,CRS3035RES1000mN2023000E3142000,30649229,71.0
8329,CRS3035RES1000mN2023000E3142000,32198651,
8330,CRS3035RES1000mN2023000E3142000,34945111,59.0
8331,CRS3035RES1000mN2023000E3142000,50170625,
8332,CRS3035RES1000mN2023000E3142000,82887228,95.0
8333,CRS3035RES1000mN2023000E3142000,92484952,94.0
8334,CRS3035RES1000mN2023000E3142000,95794713,91.0
8335,CRS3035RES1000mN2023000E3142000,96418670,55.0
8336,CRS3035RES1000mN2023000E3142000,98502686,78.0
8337,CRS3035RES1000mN2023000E3142000,132613257,93.0
8338,CRS3035RES1000mN2023000E3142000,135036040,96.0
8339,CRS3035RES1000mN2023000E3142000,150772489,75.0
8340,CRS3035RES1000mN2023000E3142000,154118456,89.0
8341,CRS3035RES1000mN2023000E3142000,157375776,95.0
8342,CRS3035RES1000mN2023000E3142000,158211204,32.0
8343,CRS3035RES1000mN2023000E3142000,162072415,60.0
8344,CRS3035RES1000mN2023000E3142000,162117720,91.0
8345,CRS3035RES1000mN2023000E3142000,170487273,
8346,CRS3035RES1000mN2023000E3142000,172686062,40.0
8347,CRS3035RES1000mN2023000E3142000,174318235,62.0
8348,CRS3035RES1000mN2023000E3142000,174318237,49.0
8349,CRS3035RES1000mN2023000E3142000,205060159,
8350,CRS3035RES1000mN2023000E3142000,205757163,
8351,CRS3035RES1000mN2023000E3142000,221095520,102.0
8352,CRS3035RES1000mN2023000E3142000,224503374,77.0
8353,CRS3035RES1000mN2023000E3142000,227333462,87.0
8354,CRS3035RES1000mN2023000E3142000,229117454,79.0
8355,CRS3035RES1000mN2023000E3142000,261460389,
8356,CRS3035RES1000mN2023000E3142000,283450022,62.0
8357,CRS3035RES1000mN2023000E3142000,288994040,57.0
8358,CRS3035RES1000mN2023000E3142000,296744564,
8359,CRS3035RES1000mN2023000E3142000,297526406,96.0
8360,CRS3035RES1000mN2023000E3142000,300709861,72.0
8361,CRS3035RES1000mN2023000E3142000,301444634,85.0
8362,CRS3035RES1000mN2023000E3142000,302721609,102.0
8363,CRS3035RES1000mN2023000E3142000,308195630,109.0
8364,CRS3035RES1000mN2023000E3142000,312777902,57.0
8365,CRS3035RES1000mN2023000E3142000,330154630,
8366,CRS3035RES1000mN2023000E3142000,340205456,75.0
8367,CRS3035RES1000mN2023000E3142000,367883612,93.0
8368,CRS3035RES1000mN2023000E3142000,368211943,92.0
8369,CRS3035RES1000mN2023000E3142000,374180360,97.0
8370,CRS3035RES1000mN2023000E3142000,375369499,83.0
8371,CRS3035RES1000mN2023000E3142000,383494544,81.0
8372,CRS3035RES1000mN2023000E3142000,384574591,66.0
8373,CRS3035RES1000mN2023000E3142000,403538322,113.0
8374,CRS3035RES1000mN2023000E3142000,403859503,71.0
8375,CRS3035RES1000mN2023000E3142000,437050442,83.0
8376,CRS3035RES1000mN2023000E3142000,459881697,88.0
8377,CRS3035RES1000mN2023000E3142000,477278425,
8378,CRS3035RES1000mN2023000E3142000,486879235,
8379,CRS3035RES1000mN2023000E3142000,493748377,61.0
8380,CRS3035RES1000mN2023000E3142000,498234201,85.0
8381,CRS3035RES1000mN2023000E3142000,504315026,98.0
8382,CRS3035RES1000mN2023000E3142000,548701490,115.0
8383,CRS3035RES1000mN2023000E3142000,574210084,91.0
8384,CRS3035RES1000mN2023000E3142000,576094143,63.0
8385,CRS3035RES1000mN2023000E3142000,584409067,110.0
8386,CRS3035RES1000mN2023000E3142000,635512756,96.0
8387,CRS3035RES1000mN2023000E3142000,638492224,
8388,CRS3035RES1000mN2023000E3142000,653913062,98.0
8389,CRS3035RES1000mN2023000E3142000,659866770,
8390,CRS3035RES1000mN2023000E3142000,697717972,42.0
8391,CRS3035RES1000mN2023000E3142000,717194862,
8392,CRS3035RES1000mN2023000E3142000,736899303,104.0
8393,CRS3035RES1000mN2023000E3142000,738042217,106.0
8394,CRS3035RES1000mN2023000E3142000,839611983,
8395,CRS3035RES1000mN2023000E3142000,957893520,67.0
8396,CRS3035RES1000mN2023000E3142000,963308110,94.0
8397,CRS3035RES1000mN2023000E3142000,1073283182,94.0
8398,CRS3035RES1000mN2023000E3142000,1252864015,94.0
8399,CRS3035RES1000mN2023000E3142000,1283203658,94.0
8400,CRS3035RES1000mN2023000E3143000,25526,42.0
8401,CRS3035RES1000mN2023000E3143000,1774,50.0
8402,CRS3035RES1000mN2023000E3143000,1770,85.0
8403,CRS3035RES1000mN2023000E3143000,1773,70.0
8404,CRS3035RES1000mN2023000E3143000,1771,60.0
8405,CRS3035RES1000mN2023000E3143000,123303,46.0
8406,CRS3035RES1000mN2023000E3143000,1764,64.0
8407,CRS3035RES1000mN2023000E3143000,181101,75.0
8408,CRS3035RES1000mN2023000E3143000,5765642,48.0
8409,CRS3035RES1000mN2023000E3143000,86719,62.0
8410,CRS3035RES1000mN2023000E3143000,1800,69.0
8411,CRS3035RES1000mN2023000E3143000,1757,49.0
8412,CRS3035RES1000mN2023000E3143000,1755,50.0
8413,CRS3035RES1000mN2023000E3143000,1882,58.0
8414,CRS3035RES1000mN2023000E3143000,1745,74.0
8415,CRS3035RES1000mN2023000E3143000,1794,72.0
8416,CRS3035RES1000mN2023000E3143000,1762,59.0
8417,CRS3035RES1000mN2023000E3143000,51188,69.0
8418,CRS3035RES1000mN2023000E3143000,6893633,62.0
8419,CRS3035RES1000mN2023000E3143000,167128,67.0
8420,CRS3035RES1000mN2023000E3143000,1760,70.0
8421,CRS3035RES1000mN2023000E3143000,12773298,62.0
8422,CRS3035RES1000mN2023000E3143000,1754,59.0
8423,CRS3035RES1000mN2023000E3143000,1748,71.0
8424,CRS3035RES1000mN2023000E3143000,79941,81.0
8425,CRS3035RES1000mN2023000E3143000,1750,77.0
8426,CRS3035RES1000mN2023000E3143000,5975465,59.0
8427,CRS3035RES1000mN2023000E3143000,115056,82.0
8428,CRS3035RES1000mN2023000E3143000,1790,77.0
8429,CRS3035RES1000mN2023000E3143000,1756,50.0
8430,CRS3035RES1000mN2023000E3143000,51849,68.0
8431,CRS3035RES1000mN2023000E3143000,185595,71.0
8432,CRS3035RES1000mN2023000E3143000,7697128,55.0
8433,CRS3035RES1000mN2023000E3143000,10395362,88.0
8434,CRS3035RES1000mN2023000E3143000,1759,72.0
8435,CRS3035RES1000mN2023000E3143000,1752,60.0
8436,CRS3035RES1000mN2023000E3143000,186714,71.0
8437,CRS3035RES1000mN2023000E3143000,1753,63.0
8438,CRS3035RES1000mN2023000E3143000,1792,70.0
8439,CRS3035RES1000mN2023000E3143000,1763,55.0
8440,CRS3035RES1000mN2023000E3143000,1746,75.0
8441,CRS3035RES1000mN2023000E3143000,11572165,56.0
8442,CRS3035RES1000mN2023000E3143000,1761,58.0
8443,CRS3035RES1000mN2023000E3143000,1747,71.0
8444,CRS3035RES1000mN2023000E3143000,5768564,48.0
8445,CRS3035RES1000mN2023000E3143000,1798,50.0
8446,CRS3035RES1000mN2023000E3143000,66904,77.0
8447,CRS3035RES1000mN2023000E3143000,1777,62.0
8448,CRS3035RES1000mN2023000E3143000,1765,62.0
8449,CRS3035RES1000mN2023000E3143000,49416,72.0
8450,CRS3035RES1000mN2023000E3143000,12734939,72.0
8451,CRS3035RES1000mN2023000E3143000,167386167,62.0
8452,CRS3035RES1000mN2023000E3143000,295933804,69.0
8453,CRS3035RES1000mN2023000E3143000,303340017,71.0
8454,CRS3035RES1000mN2023000E3143000,315355551,67.0
8455,CRS3035RES1000mN2023000E3143000,339084977,53.0
8456,CRS3035RES1000mN2023000E3143000,412911553,66.0
8457,CRS3035RES1000mN2023000E3143000,558126037,61.0
8458,CRS3035RES1000mN2023000E3143000,711789768,50.0
8459,CRS3035RES1000mN2023000E3143000,727666062,97.0
8460,CRS3035RES1000mN2023000E3143000,848085869,38.0
8461,CRS3035RES1000mN2023000E3143000,1056098898,76.0
8462,CRS3035RES1000mN2023000E3143000,1255438242,117.0
8463,CRS3035RES1000mN2023000E3143000,1469985039,89.0
8464,CRS3035RES1000mN2023000E3143000,1504302537,95.0
8465,CRS3035RES1000mN2023000E3143000,1511617504,25.0
8466,CRS3035RES1000mN2023000E3143000,1541601287,92.0
8467,CRS3035RES1000mN2023000E3143000,1544591296,79.0
8468,CRS3035RES1000mN2023000E3143000,1598174183,84.0
8469,CRS3035RES1000mN2023000E3143000,1629887846,90.0
8470,CRS3035RES1000mN2023000E3143000,1686660176,82.0
8471,CRS3035RES1000mN2023000E3143000,1716927336,70.0
8472,CRS3035RES1000mN2023000E3143000,1734554324,92.0
8473,CRS3035RES1000mN2023000E3143000,1849109335,76.0
8474,CRS3035RES1000mN2023000E3143000,2028408680,31.0
8475,CRS3035RES1000mN2023000E3143000,2036887702,
8476,CRS3035RES1000mN2023000E3143000,2061404218,86.0
8477,CRS3035RES1000mN2023000E3143000,2134238030,94.0
8478,CRS3035RES1000mN2023000E3143000,2261600754,
8479,CRS3035RES1000mN2023000E3143000,2301402027,92.0
8480,CRS3035RES1000mN2023000E3143000,2303966810,51.0
8481,CRS3035RES1000mN2023000E3143000,2312029862,87.0
8482,CRS3035RES1000mN2023000E3143000,2408860250,101.0
8483,CRS3035RES1000mN2023000E3143000,2620185829,69.0
8484,CRS3035RES1000mN2023000E3143000,2622508931,66.0
8485,CRS3035RES1000mN2023000E3143000,2672130951,99.0
8486,CRS3035RES1000mN2023000E3143000,2710518818,85.0
8487,CRS3035RES1000mN2023000E3143000,3034026261,74.0
8488,CRS3035RES1000mN2023000E3143000,3179889751,104.0
8489,CRS3035RES1000mN2023000E3143000,3206611978,72.0
8490,CRS3035RES1000mN2023000E3143000,3272828439,43.0
8491,CRS3035RES1000mN2023000E3143000,3452364276,87.0
8492,CRS3035RES1000mN2023000E3143000,3452364277,70.0
8493,CRS3035RES1000mN2023000E3143000,3495733197,
8494,CRS3035RES1000mN2023000E3143000,3497154853,
8495,CRS3035RES1000mN2023000E3143000,3517755445,
8496,CRS3035RES1000mN2023000E3143000,3522125657,
8497,CRS3035RES1000mN2023000E3143000,3526751794,
8498,CRS3035RES1000mN2023000E3143000,3839306060,87.0
8499,CRS3035RES1000mN2023000E3143000,4214697664,49.0
8500,CRS3035RES1000mN2023000E3143000,4338252586,
8501,CRS3035RES1000mN2023000E3143000,4401271633,
8502,CRS3035RES1000mN2023000E3143000,4515476768,76.0
8503,CRS3035RES1000mN2023000E3143000,4569910891,60.0
8504,CRS3035RES1000mN2023000E3143000,4703730491,71.0
8505,CRS3035RES1000mN2023000E3143000,4707870392,65.0
8506,CRS3035RES1000mN2023000E3143000,4789037769,86.0
8507,CRS3035RES1000mN2023000E3143000,4794233143,
8508,CRS3035RES1000mN2023000E3143000,4870405674,49.0
8509,CRS3035RES1000mN2023000E3143000,5139379922,57.0
8510,CRS3035RES1000mN2023000E3143000,5160337425,65.0
8511,CRS3035RES1000mN2023000E3143000,5196199575,75.0
8512,CRS3035RES1000mN2023000E3143000,5341570554,61.0
8513,CRS3035RES1000mN2023000E3143000,5345949864,82.0
8514,CRS3035RES1000mN2023000E3143000,5448507385,
8515,CRS3035RES1000mN2023000E3143000,5604693894,
8516,CRS3035RES1000mN2023000E3143000,5670401989,
8517,CRS3035RES1000mN2023000E3143000,5942671299,84.0
8518,CRS3035RES1000mN2023000E3143000,5943980960,29.0
8519,CRS3035RES1000mN2023000E3143000,6185791451,
8520,CRS3035RES1000mN2023000E3143000,6188948286,90.0
8521,CRS3035RES1000mN2023000E3143000,6555800191,19.0
8522,CRS3035RES1000mN2023000E3143000,6885254479,82.0
8523,CRS3035RES1000mN2023000E3143000,7222611268,
8524,CRS3035RES1000mN2023000E3143000,7408961006,115.0
8525,CRS3035RES1000mN2023000E3143000,7619964683,
8526,CRS3035RES1000mN2023000E3143000,7836562695,110.0
8527,CRS3035RES1000mN2023000E3143000,8493729364,57.0
8528,CRS3035RES1000mN2023000E3143000,8557885377,102.0
8529,CRS3035RES1000mN2023000E3143000,8807212208,66.0
8530,CRS3035RES1000mN2023000E3143000,8844229173,71.0
8531,CRS3035RES1000mN2023000E3143000,8878422600,90.0
8532,CRS3035RES1000mN2023000E3143000,9595709188,74.0
8533,CRS3035RES1000mN2023000E3143000,9611387099,53.0
8534,CRS3035RES1000mN2023000E3143000,9712656915,60.0
8535,CRS3035RES1000mN2023000E3143000,9713142744,65.0
8536,CRS3035RES1000mN2023000E3143000,9815746657,
8537,CRS3035RES1000mN2023000E3143000,10004871512,87.0
8538,CRS3035RES1000mN2023000E3143000,10281174134,
8539,CRS3035RES1000mN2023000E3143000,10580337411,91.0
8540,CRS3035RES1000mN2023000E3143000,10899442604,34.0
8541,CRS3035RES1000mN2023000E3143000,10922657146,25.0
8542,CRS3035RES1000mN2023000E3143000,11127499928,96.0
8543,CRS3035RES1000mN2023000E3143000,11143725881,75.0
8544,CRS3035RES1000mN2023000E3143000,11243087140,89.0
8545,CRS3035RES1000mN2023000E3143000,11269399969,75.0
8546,CRS3035RES1000mN2023000E3143000,11287269362,91.0
8547,CRS3035RES1000mN2023000E3143000,11287269363,98.0
8548,CRS3035RES1000mN2023000E3143000,11369705764,97.0
8549,CRS3035RES1000mN2023000E3143000,11387776374,79.0
8550,CRS3035RES1000mN2023000E3143000,11461799040,
8551,CRS3035RES1000mN2023000E3143000,11462802981,67.0
8552,CRS3035RES1000mN2023000E3143000,11652077658,81.0
8553,CRS3035RES1000mN2023000E3143000,11691390164,65.0
8554,CRS3035RES1000mN2023000E3143000,11739757462,51.0
8555,CRS3035RES1000mN2023000E3143000,12178446726,53.0
8556,CRS3035RES1000mN2023000E3143000,12407425114,81.0
8557,CRS3035RES1000mN2023000E3143000,12865480228,88.0
8558,CRS3035RES1000mN2023000E3143000,2960630,17.0
8559,CRS3035RES1000mN2023000E3143000,3554044,33.0
8560,CRS3035RES1000mN2023000E3143000,3557906,50.0
8561,CRS3035RES1000mN2023000E3143000,5231361,70.0
8562,CRS3035RES1000mN2023000E3143000,9314566,100.0
8563,CRS3035RES1000mN2023000E3143000,13696257,96.0
8564,CRS3035RES1000mN2023000E3143000,15996131,67.0
8565,CRS3035RES1000mN2023000E3143000,23526191,74.0
8566,CRS3035RES1000mN2023000E3143000,23545719,81.0
8567,CRS3035RES1000mN2023000E3143000,30599279,38.0
8568,CRS3035RES1000mN2023000E3143000,30649229,66.0
8569,CRS3035RES1000mN2023000E3143000,32198651,
8570,CRS3035RES1000mN2023000E3143000,34945111,42.0
8571,CRS3035RES1000mN2023000E3143000,50170625,100.0
8572,CRS3035RES1000mN2023000E3143000,82887228,92.0
8573,CRS3035RES1000mN2023000E3143000,92484952,92.0
8574,CRS3035RES1000mN2023000E3143000,95794713,76.0
8575,CRS3035RES1000mN2023000E3143000,96418670,38.0
8576,CRS3035RES1000mN2023000E3143000,98502686,77.0
8577,CRS3035RES1000mN2023000E3143000,132613257,76.0
8578,CRS3035RES1000mN2023000E3143000,135036040,92.0
8579,CRS3035RES1000mN2023000E3143000,150772489,70.0
8580,CRS3035RES1000mN2023000E3143000,154118456,85.0
8581,CRS3035RES1000mN2023000E3143000,157375776,92.0
8582,CRS3035RES1000mN2023000E3143000,158211204,21.0
8583,CRS3035RES1000mN2023000E3143000,162072415,42.0
8584,CRS3035RES1000mN2023000E3143000,162117720,89.0
8585,CRS3035RES1000mN2023000E3143000,170487273,115.0
8586,CRS3035RES1000mN2023000E3143000,172686062,35.0
8587,CRS3035RES1000mN2023000E3143000,174318235,38.0
8588,CRS3035RES1000mN2023000E3143000,174318237,32.0
8589,CRS3035RES1000mN2023000E3143000,205060159,
8590,CRS3035RES1000mN2023000E3143000,205757163,
8591,CRS3035RES1000mN2023000E3143000,221095520,91.0
8592,CRS3035RES1000mN2023000E3143000,224503374,68.0
8593,CRS3035RES1000mN2023000E3143000,227333462,86.0
8594,CRS3035RES1000mN2023000E3143000,229117454,74.0
8595,CRS3035RES1000mN2023000E3143000,261460389,
8596,CRS3035RES1000mN2023000E3143000,283450022,55.0
8597,CRS3035RES1000mN2023000E3143000,288994040,52.0
8598,CRS3035RES1000mN2023000E3143000,296744564,119.0
8599,CRS3035RES1000mN2023000E3143000,297526406,94.0
8600,CRS3035RES1000mN2023000E3143000,300709861,58.0
8601,CRS3035RES1000mN2023000E3143000,301444634,85.0
8602,CRS3035RES1000mN2023000E3143000,302721609,76.0
8603,CRS3035RES1000mN2023000E3143000,308195630,108.0
8604,CRS3035RES1000mN2023000E3143000,312777902,53.0
8605,CRS3035RES1000mN2023000E3143000,330154630,
8606,CRS3035RES1000mN2023000E3143000,340205456,71.0
8607,CRS3035RES1000mN2023000E3143000,367883612,90.0
8608,CRS3035RES1000mN2023000E3143000,368211943,90.0
8609,CRS3035RES1000mN2023000E3143000,374180360,92.0
8610,CRS3035RES1000mN2023000E3143000,375369499,79.0
8611,CRS3035RES1000mN2023000E3143000,383494544,74.0
8612,CRS3035RES1000mN2023000E3143000,384574591,49.0
8613,CRS3035RES1000mN2023000E3143000,403538322,113.0
8614,CRS3035RES1000mN2023000E3143000,403859503,67.0
8615,CRS3035RES1000mN2023000E3143000,437050442,65.0
8616,CRS3035RES1000mN2023000E3143000,459881697,87.0
8617,CRS3035RES1000mN2023000E3143000,477278425,
8618,CRS3035RES1000mN2023000E3143000,486879235,
8619,CRS3035RES1000mN2023000E3143000,493748377,49.0
8620,CRS3035RES1000mN2023000E3143000,498234201,67.0
8621,CRS3035RES1000mN2023000E3143000,504315026,89.0
8622,CRS3035RES1000mN2023000E3143000,548701490,88.0
8623,CRS3035RES1000mN2023000E3143000,574210084,90.0
8624,CRS3035RES1000mN2023000E3143000,576094143,46.0
8625,CRS3035RES1000mN2023000E3143000,584409067,102.0
8626,CRS3035RES1000mN2023000E3143000,635512756,94.0
8627,CRS3035RES1000mN2023000E3143000,638492224,107.0
8628,CRS3035RES1000mN2023000E3143000,653913062,95.0
8629,CRS3035RES1000mN2023000E3143000,659866770,
8630,CRS3035RES1000mN2023000E3143000,697717972,24.0
8631,CRS3035RES1000mN2023000E3143000,717194862,
8632,CRS3035RES1000mN2023000E3143000,736899303,71.0
8633,CRS3035RES1000mN2023000E3143000,738042217,76.0
8634,CRS3035RES1000mN2023000E3143000,839611983,
8635,CRS3035RES1000mN2023000E3143000,957893520,60.0
8636,CRS3035RES1000mN2023000E3143000,963308110,89.0
8637,CRS3035RES1000mN2023000E3143000,1073283182,73.0
8638,CRS3035RES1000mN2023000E3143000,1252864015,84.0
8639,CRS3035RES1000mN2023000E3143000,1283203658,92.0
8640,CRS3035RES1000mN2023000E3144000,25526,46.0
8641,CRS3035RES1000mN2023000E3144000,1774,67.0
8642,CRS3035RES1000mN2023000E3144000,1770,89.0
8643,CRS3035RES1000mN2023000E3144000,1773,86.0
8644,CRS3035RES1000mN2023000E3144000,1771,65.0
8645,CRS3035RES1000mN2023000E3144000,123303,67.0
8646,CRS3035RES1000mN2023000E3144000,1764,69.0
8647,CRS3035RES1000mN2023000E3144000,181101,84.0
8648,CRS3035RES1000mN2023000E3144000,5765642,54.0
8649,CRS3035RES1000mN2023000E3144000,86719,68.0
8650,CRS3035RES1000mN2023000E3144000,1800,83.0
8651,CRS3035RES1000mN2023000E3144000,1757,54.0
8652,CRS3035RES1000mN2023000E3144000,1755,62.0
8653,CRS3035RES1000mN2023000E3144000,1882,63.0
8654,CRS3035RES1000mN2023000E3144000,1745,82.0
8655,CRS3035RES1000mN2023000E3144000,1794,82.0
8656,CRS3035RES1000mN2023000E3144000,1762,74.0
8657,CRS3035RES1000mN2023000E3144000,51188,74.0
8658,CRS3035RES1000mN2023000E3144000,6893633,75.0
8659,CRS3035RES1000mN2023000E3144000,167128,84.0
8660,CRS3035RES1000mN2023000E3144000,1760,77.0
8661,CRS3035RES1000mN2023000E3144000,12773298,69.0
8662,CRS3035RES1000mN2023000E3144000,1754,76.0
8663,CRS3035RES1000mN2023000E3144000,1748,82.0
8664,CRS3035RES1000mN2023000E3144000,79941,85.0
8665,CRS3035RES1000mN2023000E3144000,1750,82.0
8666,CRS3035RES1000mN2023000E3144000,5975465,64.0
8667,CRS3035RES1000mN2023000E3144000,115056,88.0
8668,CRS3035RES1000mN2023000E3144000,1790,82.0
8669,CRS3035RES1000mN2023000E3144000,1756,58.0
8670,CRS3035RES1000mN2023000E3144000,51849,83.0
8671,CRS3035RES1000mN2023000E3144000,185595,76.0
8672,CRS3035RES1000mN2023000E3144000,7697128,60.0
8673,CRS3035RES1000mN2023000E3144000,10395362,93.0
8674,CRS3035RES1000mN2023000E3144000,1759,77.0
8675,CRS3035RES1000mN2023000E3144000,1752,77.0
8676,CRS3035RES1000mN2023000E3144000,186714,79.0
8677,CRS3035RES1000mN2023000E3144000,1753,77.0
8678,CRS3035RES1000mN2023000E3144000,1792,78.0
8679,CRS3035RES1000mN2023000E3144000,1763,62.0
8680,CRS3035RES1000mN2023000E3144000,1746,90.0
8681,CRS3035RES1000mN2023000E3144000,11572165,74.0
8682,CRS3035RES1000mN2023000E3144000,1761,72.0
8683,CRS3035RES1000mN2023000E3144000,1747,87.0
8684,CRS3035RES1000mN2023000E3144000,5768564,53.0
8685,CRS3035RES1000mN2023000E3144000,1798,59.0
8686,CRS3035RES1000mN2023000E3144000,66904,83.0
8687,CRS3035RES1000mN2023000E3144000,1777,67.0
8688,CRS3035RES1000mN2023000E3144000,1765,77.0
8689,CRS3035RES1000mN2023000E3144000,49416,80.0
8690,CRS3035RES1000mN2023000E3144000,12734939,80.0
8691,CRS3035RES1000mN2023000E3144000,167386167,69.0
8692,CRS3035RES1000mN2023000E3144000,295933804,72.0
8693,CRS3035RES1000mN2023000E3144000,303340017,72.0
8694,CRS3035RES1000mN2023000E3144000,315355551,76.0
8695,CRS3035RES1000mN2023000E3144000,339084977,66.0
8696,CRS3035RES1000mN2023000E3144000,412911553,70.0
8697,CRS3035RES1000mN2023000E3144000,558126037,70.0
8698,CRS3035RES1000mN2023000E3144000,711789768,50.0
8699,CRS3035RES1000mN2023000E3144000,727666062,101.0
8700,CRS3035RES1000mN2023000E3144000,848085869,51.0
8701,CRS3035RES1000mN2023000E3144000,1056098898,81.0
8702,CRS3035RES1000mN2023000E3144000,1255438242,
8703,CRS3035RES1000mN2023000E3144000,1469985039,93.0
8704,CRS3035RES1000mN2023000E3144000,1504302537,
8705,CRS3035RES1000mN2023000E3144000,1511617504,14.0
8706,CRS3035RES1000mN2023000E3144000,1541601287,94.0
8707,CRS3035RES1000mN2023000E3144000,1544591296,86.0
8708,CRS3035RES1000mN2023000E3144000,1598174183,88.0
8709,CRS3035RES1000mN2023000E3144000,1629887846,94.0
8710,CRS3035RES1000mN2023000E3144000,1686660176,92.0
8711,CRS3035RES1000mN2023000E3144000,1716927336,75.0
8712,CRS3035RES1000mN2023000E3144000,1734554324,96.0
8713,CRS3035RES1000mN2023000E3144000,1849109335,77.0
8714,CRS3035RES1000mN2023000E3144000,2028408680,35.0
8715,CRS3035RES1000mN2023000E3144000,2036887702,
8716,CRS3035RES1000mN2023000E3144000,2061404218,99.0
8717,CRS3035RES1000mN2023000E3144000,2134238030,98.0
8718,CRS3035RES1000mN2023000E3144000,2261600754,
8719,CRS3035RES1000mN2023000E3144000,2301402027,101.0
8720,CRS3035RES1000mN2023000E3144000,2303966810,51.0
8721,CRS3035RES1000mN2023000E3144000,2312029862,91.0
8722,CRS3035RES1000mN2023000E3144000,2408860250,102.0
8723,CRS3035RES1000mN2023000E3144000,2620185829,74.0
8724,CRS3035RES1000mN2023000E3144000,2622508931,70.0
8725,CRS3035RES1000mN2023000E3144000,2672130951,102.0
8726,CRS3035RES1000mN2023000E3144000,2710518818,107.0
8727,CRS3035RES1000mN2023000E3144000,3034026261,74.0
8728,CRS3035RES1000mN2023000E3144000,3179889751,
8729,CRS3035RES1000mN2023000E3144000,3206611978,72.0
8730,CRS3035RES1000mN2023000E3144000,3272828439,49.0
8731,CRS3035RES1000mN2023000E3144000,3452364276,95.0
8732,CRS3035RES1000mN2023000E3144000,3452364277,78.0
8733,CRS3035RES1000mN2023000E3144000,3495733197,
8734,CRS3035RES1000mN2023000E3144000,3497154853,
8735,CRS3035RES1000mN2023000E3144000,3517755445,
8736,CRS3035RES1000mN2023000E3144000,3522125657,
8737,CRS3035RES1000mN2023000E3144000,3526751794,
8738,CRS3035RES1000mN2023000E3144000,3839306060,93.0
8739,CRS3035RES1000mN2023000E3144000,4214697664,54.0
8740,CRS3035RES1000mN2023000E3144000,4338252586,
8741,CRS3035RES1000mN2023000E3144000,4401271633,
8742,CRS3035RES1000mN2023000E3144000,4515476768,78.0
8743,CRS3035RES1000mN2023000E3144000,4569910891,65.0
8744,CRS3035RES1000mN2023000E3144000,4703730491,75.0
8745,CRS3035RES1000mN2023000E3144000,4707870392,69.0
8746,CRS3035RES1000mN2023000E3144000,4789037769,91.0
8747,CRS3035RES1000mN2023000E3144000,4794233143,
8748,CRS3035RES1000mN2023000E3144000,4870405674,54.0
8749,CRS3035RES1000mN2023000E3144000,5139379922,61.0
8750,CRS3035RES1000mN2023000E3144000,5160337425,69.0
8751,CRS3035RES1000mN2023000E3144000,5196199575,79.0
8752,CRS3035RES1000mN2023000E3144000,5341570554,77.0
8753,CRS3035RES1000mN2023000E3144000,5345949864,108.0
8754,CRS3035RES1000mN2023000E3144000,5448507385,
8755,CRS3035RES1000mN2023000E3144000,5604693894,
8756,CRS3035RES1000mN2023000E3144000,5670401989,
8757,CRS3035RES1000mN2023000E3144000,5942671299,101.0
8758,CRS3035RES1000mN2023000E3144000,5943980960,33.0
8759,CRS3035RES1000mN2023000E3144000,6185791451,
8760,CRS3035RES1000mN2023000E3144000,6188948286,99.0
8761,CRS3035RES1000mN2023000E3144000,6555800191,24.0
8762,CRS3035RES1000mN2023000E3144000,6885254479,89.0
8763,CRS3035RES1000mN2023000E3144000,7222611268,
8764,CRS3035RES1000mN2023000E3144000,7408961006,
8765,CRS3035RES1000mN2023000E3144000,7619964683,
8766,CRS3035RES1000mN2023000E3144000,7836562695,111.0
8767,CRS3035RES1000mN2023000E3144000,8493729364,62.0
8768,CRS3035RES1000mN2023000E3144000,8557885377,103.0
8769,CRS3035RES1000mN2023000E3144000,8807212208,70.0
8770,CRS3035RES1000mN2023000E3144000,8844229173,76.0
8771,CRS3035RES1000mN2023000E3144000,8878422600,94.0
8772,CRS3035RES1000mN2023000E3144000,9595709188,80.0
8773,CRS3035RES1000mN2023000E3144000,9611387099,57.0
8774,CRS3035RES1000mN2023000E3144000,9712656915,64.0
8775,CRS3035RES1000mN2023000E3144000,9713142744,70.0
8776,CRS3035RES1000mN2023000E3144000,9815746657,
8777,CRS3035RES1000mN2023000E3144000,10004871512,91.0
8778,CRS3035RES1000mN2023000E3144000,10281174134,
8779,CRS3035RES1000mN2023000E3144000,10580337411,97.0
8780,CRS3035RES1000mN2023000E3144000,10899442604,40.0
8781,CRS3035RES1000mN2023000E3144000,10922657146,31.0
8782,CRS3035RES1000mN2023000E3144000,11127499928,97.0
8783,CRS3035RES1000mN2023000E3144000,11143725881,80.0
8784,CRS3035RES1000mN2023000E3144000,11243087140,97.0
8785,CRS3035RES1000mN2023000E3144000,11269399969,79.0
8786,CRS3035RES1000mN2023000E3144000,11287269362,94.0
8787,CRS3035RES1000mN2023000E3144000,11287269363,112.0
8788,CRS3035RES1000mN2023000E3144000,11369705764,103.0
8789,CRS3035RES1000mN2023000E3144000,11387776374,92.0
8790,CRS3035RES1000mN2023000E3144000,11461799040,
8791,CRS3035RES1000mN2023000E3144000,11462802981,74.0
8792,CRS3035RES1000mN2023000E3144000,11652077658,82.0
8793,CRS3035RES1000mN2023000E3144000,11691390164,70.0
8794,CRS3035RES1000mN2023000E3144000,11739757462,57.0
8795,CRS3035RES1000mN2023000E3144000,12178446726,59.0
8796,CRS3035RES1000mN2023000E3144000,12407425114,86.0
8797,CRS3035RES1000mN2023000E3144000,12865480228,94.0
8798,CRS3035RES1000mN2023000E3144000,2960630,20.0
8799,CRS3035RES1000mN2023000E3144000,3554044,28.0
8800,CRS3035RES1000mN2023000E3144000,3557906,56.0
8801,CRS3035RES1000mN2023000E3144000,5231361,75.0
8802,CRS3035RES1000mN2023000E3144000,9314566,118.0
8803,CRS3035RES1000mN2023000E3144000,13696257,101.0
8804,CRS3035RES1000mN2023000E3144000,15996131,71.0
8805,CRS3035RES1000mN2023000E3144000,23526191,84.0
8806,CRS3035RES1000mN2023000E3144000,23545719,86.0
8807,CRS3035RES1000mN2023000E3144000,30599279,45.0
8808,CRS3035RES1000mN2023000E3144000,30649229,71.0
8809,CRS3035RES1000mN2023000E3144000,32198651,
8810,CRS3035RES1000mN2023000E3144000,34945111,48.0
8811,CRS3035RES1000mN2023000E3144000,50170625,
8812,CRS3035RES1000mN2023000E3144000,82887228,94.0
8813,CRS3035RES1000mN2023000E3144000,92484952,94.0
8814,CRS3035RES1000mN2023000E3144000,95794713,90.0
8815,CRS3035RES1000mN2023000E3144000,96418670,45.0
8816,CRS3035RES1000mN2023000E3144000,98502686,78.0
8817,CRS3035RES1000mN2023000E3144000,132613257,91.0
8818,CRS3035RES1000mN2023000E3144000,135036040,97.0
8819,CRS3035RES1000mN2023000E3144000,150772489,75.0
8820,CRS3035RES1000mN2023000E3144000,154118456,89.0
8821,CRS3035RES1000mN2023000E3144000,157375776,94.0
8822,CRS3035RES1000mN2023000E3144000,158211204,21.0
8823,CRS3035RES1000mN2023000E3144000,162072415,49.0
8824,CRS3035RES1000mN2023000E3144000,162117720,91.0
8825,CRS3035RES1000mN2023000E3144000,170487273,
8826,CRS3035RES1000mN2023000E3144000,172686062,40.0
8827,CRS3035RES1000mN2023000E3144000,174318235,52.0
8828,CRS3035RES1000mN2023000E3144000,174318237,39.0
8829,CRS3035RES1000mN2023000E3144000,205060159,
8830,CRS3035RES1000mN2023000E3144000,205757163,
8831,CRS3035RES1000mN2023000E3144000,221095520,99.0
8832,CRS3035RES1000mN2023000E3144000,224503374,75.0
8833,CRS3035RES1000mN2023000E3144000,227333462,87.0
8834,CRS3035RES1000mN2023000E3144000,229117454,79.0
8835,CRS3035RES1000mN2023000E3144000,261460389,
8836,CRS3035RES1000mN2023000E3144000,283450022,61.0
8837,CRS3035RES1000mN2023000E3144000,288994040,57.0
8838,CRS3035RES1000mN2023000E3144000,296744564,
8839,CRS3035RES1000mN2023000E3144000,297526406,95.0
8840,CRS3035RES1000mN2023000E3144000,300709861,64.0
8841,CRS3035RES1000mN2023000E3144000,301444634,89.0
8842,CRS3035RES1000mN2023000E3144000,302721609,81.0
8843,CRS3035RES1000mN2023000E3144000,308195630,109.0
8844,CRS3035RES1000mN2023000E3144000,312777902,57.0
8845,CRS3035RES1000mN2023000E3144000,330154630,
8846,CRS3035RES1000mN2023000E3144000,340205456,75.0
8847,CRS3035RES1000mN2023000E3144000,367883612,92.0
8848,CRS3035RES1000mN2023000E3144000,368211943,92.0
8849,CRS3035RES1000mN2023000E3144000,374180360,96.0
8850,CRS3035RES1000mN2023000E3144000,375369499,83.0
8851,CRS3035RES1000mN2023000E3144000,383494544,79.0
8852,CRS3035RES1000mN2023000E3144000,384574591,56.0
8853,CRS3035RES1000mN2023000E3144000,403538322,113.0
8854,CRS3035RES1000mN2023000E3144000,403859503,71.0
8855,CRS3035RES1000mN2023000E3144000,437050442,73.0
8856,CRS3035RES1000mN2023000E3144000,459881697,88.0
8857,CRS3035RES1000mN2023000E3144000,477278425,
8858,CRS3035RES1000mN2023000E3144000,486879235,
8859,CRS3035RES1000mN2023000E3144000,493748377,56.0
8860,CRS3035RES1000mN2023000E3144000,498234201,74.0
8861,CRS3035RES1000mN2023000E3144000,504315026,95.0
8862,CRS3035RES1000mN2023000E3144000,548701490,91.0
8863,CRS3035RES1000mN2023000E3144000,574210084,91.0
8864,CRS3035RES1000mN2023000E3144000,576094143,54.0
8865,CRS3035RES1000mN2023000E3144000,584409067,109.0
8866,CRS3035RES1000mN2023000E3144000,635512756,95.0
8867,CRS3035RES1000mN2023000E3144000,638492224,
8868,CRS3035RES1000mN2023000E3144000,653913062,97.0
8869,CRS3035RES1000mN2023000E3144000,659866770,
8870,CRS3035RES1000mN2023000E3144000,697717972,31.0
8871,CRS3035RES1000mN2023000E3144000,717194862,
8872,CRS3035RES1000mN2023000E3144000,736899303,76.0
8873,CRS3035RES1000mN2023000E3144000,738042217,81.0
8874,CRS3035RES1000mN2023000E3144000,839611983,
8875,CRS3035RES1000mN2023000E3144000,957893520,66.0
8876,CRS3035RES1000mN2023000E3144000,963308110,94.0
8877,CRS3035RES1000mN2023000E3144000,1073283182,78.0
8878,CRS3035RES1000mN2023000E3144000,1252864015,88.0
8879,CRS3035RES1000mN2023000E3144000,1283203658,94.0
8880,CRS3035RES1000mN2024000E3139000,25526,109.0
8881,CRS3035RES1000mN2024000E3139000,1774,
8882,CRS3035RES1000mN2024000E3139000,1770,
8883,CRS3035RES1000mN2024000E3139000,1773,
8884,CRS3035RES1000mN2024000E3139000,1771,
8885,CRS3035RES1000mN2024000E3139000,123303,
8886,CRS3035RES1000mN2024000E3139000,1764,
8887,CRS3035RES1000mN2024000E3139000,181101,
8888,CRS3035RES1000mN2024000E3139000,5765642,117.0
8889,CRS3035RES1000mN2024000E3139000,86719,
8890,CRS3035RES1000mN2024000E3139000,1800,
8891,CRS3035RES1000mN2024000E3139000,1757,114.0
8892,CRS3035RES1000mN2024000E3139000,1755,
8893,CRS3035RES1000mN2024000E3139000,1882,
8894,CRS3035RES1000mN2024000E3139000,1745,
8895,CRS3035RES1000mN2024000E3139000,1794,
8896,CRS3035RES1000mN2024000E3139000,1762,
8897,CRS3035RES1000mN2024000E3139000,51188,
8898,CRS3035RES1000mN2024000E3139000,6893633,
8899,CRS3035RES1000mN2024000E3139000,167128,
8900,CRS3035RES1000mN2024000E3139000,1760,
8901,CRS3035RES1000mN2024000E3139000,12773298,
8902,CRS3035RES1000mN2024000E3139000,1754,
8903,CRS3035RES1000mN2024000E3139000,1748,
8904,CRS3035RES1000mN2024000E3139000,79941,
8905,CRS3035RES1000mN2024000E3139000,1750,
8906,CRS3035RES1000mN2024000E3139000,5975465,
8907,CRS3035RES1000mN2024000E3139000,115056,
8908,CRS3035RES1000mN2024000E3139000,1790,
8909,CRS3035RES1000mN2024000E3139000,1756,
8910,CRS3035RES1000mN2024000E3139000,51849,
8911,CRS3035RES1000mN2024000E3139000,185595,
8912,CRS3035RES1000mN2024000E3139000,7697128,
8913,CRS3035RES1000mN2024000E3139000,10395362,
8914,CRS3035RES1000mN2024000E3139000,1759,
8915,CRS3035RES1000mN2024000E3139000,1752,
8916,CRS3035RES1000mN2024000E3139000,186714,
8917,CRS3035RES1000mN2024000E3139000,1753,
8918,CRS3035RES1000mN2024000E3139000,1792,
8919,CRS3035RES1000mN2024000E3139000,1763,
8920,CRS3035RES1000mN2024000E3139000,1746,
8921,CRS3035RES1000mN2024000E3139000,11572165,
8922,CRS3035RES1000mN2024000E3139000,1761,
8923,CRS3035RES1000mN2024000E3139000,1747,
8924,CRS3035RES1000mN2024000E3139000,5768564,111.0
8925,CRS3035RES1000mN2024000E3139000,1798,
8926,CRS3035RES1000mN2024000E3139000,66904,
8927,CRS3035RES1000mN2024000E3139000,1777,
8928,CRS3035RES1000mN2024000E3139000,1765,
8929,CRS3035RES1000mN2024000E3139000,49416,
8930,CRS3035RES1000mN2024000E3139000,12734939,
8931,CRS3035RES1000mN2024000E3139000,167386167,
8932,CRS3035RES1000mN2024000E3139000,295933804,
8933,CRS3035RES1000mN2024000E3139000,303340017,
8934,CRS3035RES1000mN2024000E3139000,315355551,
8935,CRS3035RES1000mN2024000E3139000,339084977,
8936,CRS3035RES1000mN2024000E3139000,412911553,
8937,CRS3035RES1000mN2024000E3139000,558126037,
8938,CRS3035RES1000mN2024000E3139000,711789768,
8939,CRS3035RES1000mN2024000E3139000,727666062,
8940,CRS3035RES1000mN2024000E3139000,848085869,116.0
8941,CRS3035RES1000mN2024000E3139000,1056098898,
8942,CRS3035RES1000mN2024000E3139000,1255438242,
8943,CRS3035RES1000mN2024000E3139000,1469985039,
8944,CRS3035RES1000mN2024000E3139000,1504302537,
8945,CRS3035RES1000mN2024000E3139000,1511617504,99.0
8946,CRS3035RES1000mN2024000E3139000,1541601287,
8947,CRS3035RES1000mN2024000E3139000,1544591296,
8948,CRS3035RES1000mN2024000E3139000,1598174183,
8949,CRS3035RES1000mN2024000E3139000,1629887846,
8950,CRS3035RES1000mN2024000E3139000,1686660176,
8951,CRS3035RES1000mN2024000E3139000,1716927336,
8952,CRS3035RES1000mN2024000E3139000,1734554324,
8953,CRS3035RES1000mN2024000E3139000,1849109335,
8954,CRS3035RES1000mN2024000E3139000,2028408680,94.0
8955,CRS3035RES1000mN2024000E3139000,2036887702,
8956,CRS3035RES1000mN2024000E3139000,2061404218,
8957,CRS3035RES1000mN2024000E3139000,2134238030,
8958,CRS3035RES1000mN2024000E3139000,2261600754,
8959,CRS3035RES1000mN2024000E3139000,2301402027,
8960,CRS3035RES1000mN2024000E3139000,2303966810,
8961,CRS3035RES1000mN2024000E3139000,2312029862,
8962,CRS3035RES1000mN2024000E3139000,2408860250,
8963,CRS3035RES1000mN2024000E3139000,2620185829,
8964,CRS3035RES1000mN2024000E3139000,2622508931,
8965,CRS3035RES1000mN2024000E3139000,2672130951,
8966,CRS3035RES1000mN2024000E3139000,2710518818,
8967,CRS3035RES1000mN2024000E3139000,3034026261,
8968,CRS3035RES1000mN2024000E3139000,3179889751,
8969,CRS3035RES1000mN2024000E3139000,3206611978,
8970,CRS3035RES1000mN2024000E3139000,3272828439,117.0
8971,CRS3035RES1000mN2024000E3139000,3452364276,
8972,CRS3035RES1000mN2024000E3139000,3452364277,
8973,CRS3035RES1000mN2024000E3139000,3495733197,
8974,CRS3035RES1000mN2024000E3139000,3497154853,
8975,CRS3035RES1000mN2024000E3139000,3517755445,
8976,CRS3035RES1000mN2024000E3139000,3522125657,
8977,CRS3035RES1000mN2024000E3139000,3526751794,
8978,CRS3035RES1000mN2024000E3139000,3839306060,
8979,CRS3035RES1000mN2024000E3139000,4214697664,116.0
8980,CRS3035RES1000mN2024000E3139000,4338252586,
8981,CRS3035RES1000mN2024000E3139000,4401271633,
8982,CRS3035RES1000mN2024000E3139000,4515476768,
8983,CRS3035RES1000mN2024000E3139000,4569910891,
8984,CRS3035RES1000mN2024000E3139000,4703730491,
8985,CRS3035RES1000mN2024000E3139000,4707870392,
8986,CRS3035RES1000mN2024000E3139000,4789037769,
8987,CRS3035RES1000mN2024000E3139000,4794233143,
8988,CRS3035RES1000mN2024000E3139000,4870405674,112.0
8989,CRS3035RES1000mN2024000E3139000,5139379922,96.0
8990,CRS3035RES1000mN2024000E3139000,5160337425,
8991,CRS3035RES1000mN2024000E3139000,5196199575,
8992,CRS3035RES1000mN2024000E3139000,5341570554,
8993,CRS3035RES1000mN2024000E3139000,5345949864,
8994,CRS3035RES1000mN2024000E3139000,5448507385,
8995,CRS3035RES1000mN2024000E3139000,5604693894,
8996,CRS3035RES1000mN2024000E3139000,5670401989,
8997,CRS3035RES1000mN2024000E3139000,5942671299,
8998,CRS3035RES1000mN2024000E3139000,5943980960,62.0
8999,CRS3035RES1000mN2024000E3139000,6185791451,
9000,CRS3035RES1000mN2024000E3139000,6188948286,
9001,CRS3035RES1000mN2024000E3139000,6555800191,91.0
9002,CRS3035RES1000mN2024000E3139000,6885254479,
9003,CRS3035RES1000mN2024000E3139000,7222611268,
9004,CRS3035RES1000mN2024000E3139000,7408961006,
9005,CRS3035RES1000mN2024000E3139000,7619964683,
9006,CRS3035RES1000mN2024000E3139000,7836562695,
9007,CRS3035RES1000mN2024000E3139000,8493729364,
9008,CRS3035RES1000mN2024000E3139000,8557885377,
9009,CRS3035RES1000mN2024000E3139000,8807212208,
9010,CRS3035RES1000mN2024000E3139000,8844229173,
9011,CRS3035RES1000mN2024000E3139000,8878422600,
9012,CRS3035RES1000mN2024000E3139000,9595709188,
9013,CRS3035RES1000mN2024000E3139000,9611387099,
9014,CRS3035RES1000mN2024000E3139000,9712656915,
9015,CRS3035RES1000mN2024000E3139000,9713142744,
9016,CRS3035RES1000mN2024000E3139000,9815746657,
9017,CRS3035RES1000mN2024000E3139000,10004871512,
9018,CRS3035RES1000mN2024000E3139000,10281174134,
9019,CRS3035RES1000mN2024000E3139000,10580337411,
9020,CRS3035RES1000mN2024000E3139000,10899442604,107.0
9021,CRS3035RES1000mN2024000E3139000,10922657146,98.0
9022,CRS3035RES1000mN2024000E3139000,11127499928,
9023,CRS3035RES1000mN2024000E3139000,11143725881,
9024,CRS3035RES1000mN2024000E3139000,11243087140,
9025,CRS3035RES1000mN2024000E3139000,11269399969,
9026,CRS3035RES1000mN2024000E3139000,11287269362,
9027,CRS3035RES1000mN2024000E3139000,11287269363,
9028,CRS3035RES1000mN2024000E3139000,11369705764,
9029,CRS3035RES1000mN2024000E3139000,11387776374,
9030,CRS3035RES1000mN2024000E3139000,11461799040,
9031,CRS3035RES1000mN2024000E3139000,11462802981,
9032,CRS3035RES1000mN2024000E3139000,11652077658,
9033,CRS3035RES1000mN2024000E3139000,11691390164,
9034,CRS3035RES1000mN2024000E3139000,11739757462,
9035,CRS3035RES1000mN2024000E3139000,12178446726,
9036,CRS3035RES1000mN2024000E3139000,12407425114,109.0
9037,CRS3035RES1000mN2024000E3139000,12865480228,
9038,CRS3035RES1000mN2024000E3139000,2960630,82.0
9039,CRS3035RES1000mN2024000E3139000,3554044,103.0
9040,CRS3035RES1000mN2024000E3139000,3557906,
9041,CRS3035RES1000mN2024000E3139000,5231361,
9042,CRS3035RES1000mN2024000E3139000,9314566,
9043,CRS3035RES1000mN2024000E3139000,13696257,
9044,CRS3035RES1000mN2024000E3139000,15996131,
9045,CRS3035RES1000mN2024000E3139000,23526191,
9046,CRS3035RES1000mN2024000E3139000,23545719,
9047,CRS3035RES1000mN2024000E3139000,30599279,111.0
9048,CRS3035RES1000mN2024000E3139000,30649229,
9049,CRS3035RES1000mN2024000E3139000,32198651,
9050,CRS3035RES1000mN2024000E3139000,34945111,115.0
9051,CRS3035RES1000mN2024000E3139000,50170625,
9052,CRS3035RES1000mN2024000E3139000,82887228,
9053,CRS3035RES1000mN2024000E3139000,92484952,112.0
9054,CRS3035RES1000mN2024000E3139000,95794713,
9055,CRS3035RES1000mN2024000E3139000,96418670,111.0
9056,CRS3035RES1000mN2024000E3139000,98502686,
9057,CRS3035RES1000mN2024000E3139000,132613257,
9058,CRS3035RES1000mN2024000E3139000,135036040,
9059,CRS3035RES1000mN2024000E3139000,150772489,
9060,CRS3035RES1000mN2024000E3139000,154118456,
9061,CRS3035RES1000mN2024000E3139000,157375776,
9062,CRS3035RES1000mN2024000E3139000,158211204,91.0
9063,CRS3035RES1000mN2024000E3139000,162072415,115.0
9064,CRS3035RES1000mN2024000E3139000,162117720,
9065,CRS3035RES1000mN2024000E3139000,170487273,
9066,CRS3035RES1000mN2024000E3139000,172686062,100.0
9067,CRS3035RES1000mN2024000E3139000,174318235,119.0
9068,CRS3035RES1000mN2024000E3139000,174318237,105.0
9069,CRS3035RES1000mN2024000E3139000,205060159,
9070,CRS3035RES1000mN2024000E3139000,205757163,
9071,CRS3035RES1000mN2024000E3139000,221095520,
9072,CRS3035RES1000mN2024000E3139000,224503374,
9073,CRS3035RES1000mN2024000E3139000,227333462,
9074,CRS3035RES1000mN2024000E3139000,229117454,119.0
9075,CRS3035RES1000mN2024000E3139000,261460389,
9076,CRS3035RES1000mN2024000E3139000,283450022,
9077,CRS3035RES1000mN2024000E3139000,288994040,
9078,CRS3035RES1000mN2024000E3139000,296744564,
9079,CRS3035RES1000mN2024000E3139000,297526406,
9080,CRS3035RES1000mN2024000E3139000,300709861,
9081,CRS3035RES1000mN2024000E3139000,301444634,119.0
9082,CRS3035RES1000mN2024000E3139000,302721609,
9083,CRS3035RES1000mN2024000E3139000,308195630,
9084,CRS3035RES1000mN2024000E3139000,312777902,
9085,CRS3035RES1000mN2024000E3139000,330154630,
9086,CRS3035RES1000mN2024000E3139000,340205456,
9087,CRS3035RES1000mN2024000E3139000,367883612,
9088,CRS3035RES1000mN2024000E3139000,368211943,
9089,CRS3035RES1000mN2024000E3139000,374180360,
9090,CRS3035RES1000mN2024000E3139000,375369499,
9091,CRS3035RES1000mN2024000E3139000,383494544,
9092,CRS3035RES1000mN2024000E3139000,384574591,
9093,CRS3035RES1000mN2024000E3139000,403538322,
9094,CRS3035RES1000mN2024000E3139000,403859503,
9095,CRS3035RES1000mN2024000E3139000,437050442,
9096,CRS3035RES1000mN2024000E3139000,459881697,
9097,CRS3035RES1000mN2024000E3139000,477278425,
9098,CRS3035RES1000mN2024000E3139000,486879235,
9099,CRS3035RES1000mN2024000E3139000,493748377,
9100,CRS3035RES1000mN2024000E3139000,498234201,
9101,CRS3035RES1000mN2024000E3139000,504315026,
9102,CRS3035RES1000mN2024000E3139000,548701490,
9103,CRS3035RES1000mN2024000E3139000,574210084,
9104,CRS3035RES1000mN2024000E3139000,576094143,118.0
9105,CRS3035RES1000mN2024000E3139000,584409067,
9106,CRS3035RES1000mN2024000E3139000,635512756,
9107,CRS3035RES1000mN2024000E3139000,638492224,
9108,CRS3035RES1000mN2024000E3139000,653913062,
9109,CRS3035RES1000mN2024000E3139000,659866770,
9110,CRS3035RES1000mN2024000E3139000,697717972,97.0
9111,CRS3035RES1000mN2024000E3139000,717194862,
9112,CRS3035RES1000mN2024000E3139000,736899303,
9113,CRS3035RES1000mN2024000E3139000,738042217,
9114,CRS3035RES1000mN2024000E3139000,839611983,
9115,CRS3035RES1000mN2024000E3139000,957893520,
9116,CRS3035RES1000mN2024000E3139000,963308110,
9117,CRS3035RES1000mN2024000E3139000,1073283182,
9118,CRS3035RES1000mN2024000E3139000,1252864015,
9119,CRS3035RES1000mN2024000E3139000,1283203658,
9120,CRS3035RES1000mN2024000E3140000,25526,83.0
9121,CRS3035RES1000mN2024000E3140000,1774,105.0
9122,CRS3035RES1000mN2024000E3140000,1770,
9123,CRS3035RES1000mN2024000E3140000,1773,
9124,CRS3035RES1000mN2024000E3140000,1771,101.0
9125,CRS3035RES1000mN2024000E3140000,123303,105.0
9126,CRS3035RES1000mN2024000E3140000,1764,104.0
9127,CRS3035RES1000mN2024000E3140000,181101,
9128,CRS3035RES1000mN2024000E3140000,5765642,92.0
9129,CRS3035RES1000mN2024000E3140000,86719,119.0
9130,CRS3035RES1000mN2024000E3140000,1800,
9131,CRS3035RES1000mN2024000E3140000,1757,89.0
9132,CRS3035RES1000mN2024000E3140000,1755,99.0
9133,CRS3035RES1000mN2024000E3140000,1882,98.0
9134,CRS3035RES1000mN2024000E3140000,1745,118.0
9135,CRS3035RES1000mN2024000E3140000,1794,117.0
9136,CRS3035RES1000mN2024000E3140000,1762,109.0
9137,CRS3035RES1000mN2024000E3140000,51188,108.0
9138,CRS3035RES1000mN2024000E3140000,6893633,113.0
9139,CRS3035RES1000mN2024000E3140000,167128,
9140,CRS3035RES1000mN2024000E3140000,1760,113.0
9141,CRS3035RES1000mN2024000E3140000,12773298,115.0
9142,CRS3035RES1000mN2024000E3140000,1754,115.0
9143,CRS3035RES1000mN2024000E3140000,1748,119.0
9144,CRS3035RES1000mN2024000E3140000,79941,
9145,CRS3035RES1000mN2024000E3140000,1750,118.0
9146,CRS3035RES1000mN2024000E3140000,5975465,101.0
9147,CRS3035RES1000mN2024000E3140000,115056,
9148,CRS3035RES1000mN2024000E3140000,1790,116.0
9149,CRS3035RES1000mN2024000E3140000,1756,96.0
9150,CRS3035RES1000mN2024000E3140000,51849,119.0
9151,CRS3035RES1000mN2024000E3140000,185595,112.0
9152,CRS3035RES1000mN2024000E3140000,7697128,95.0
9153,CRS3035RES1000mN2024000E3140000,10395362,
9154,CRS3035RES1000mN2024000E3140000,1759,111.0
9155,CRS3035RES1000mN2024000E3140000,1752,115.0
9156,CRS3035RES1000mN2024000E3140000,186714,114.0
9157,CRS3035RES1000mN2024000E3140000,1753,115.0
9158,CRS3035RES1000mN2024000E3140000,1792,115.0
9159,CRS3035RES1000mN2024000E3140000,1763,100.0
9160,CRS3035RES1000mN2024000E3140000,1746,
9161,CRS3035RES1000mN2024000E3140000,11572165,108.0
9162,CRS3035RES1000mN2024000E3140000,1761,110.0
9163,CRS3035RES1000mN2024000E3140000,1747,
9164,CRS3035RES1000mN2024000E3140000,5768564,89.0
9165,CRS3035RES1000mN2024000E3140000,1798,97.0
9166,CRS3035RES1000mN2024000E3140000,66904,117.0
9167,CRS3035RES1000mN2024000E3140000,1777,104.0
9168,CRS3035RES1000mN2024000E3140000,1765,112.0
9169,CRS3035RES1000mN2024000E3140000,49416,116.0
9170,CRS3035RES1000mN2024000E3140000,12734939,116.0
9171,CRS3035RES1000mN2024000E3140000,167386167,104.0
9172,CRS3035RES1000mN2024000E3140000,295933804,110.0
9173,CRS3035RES1000mN2024000E3140000,303340017,104.0
9174,CRS3035RES1000mN2024000E3140000,315355551,110.0
9175,CRS3035RES1000mN2024000E3140000,339084977,104.0
9176,CRS3035RES1000mN2024000E3140000,412911553,107.0
9177,CRS3035RES1000mN2024000E3140000,558126037,102.0
9178,CRS3035RES1000mN2024000E3140000,711789768,101.0
9179,CRS3035RES1000mN2024000E3140000,727666062,
9180,CRS3035RES1000mN2024000E3140000,848085869,108.0
9181,CRS3035RES1000mN2024000E3140000,1056098898,117.0
9182,CRS3035RES1000mN2024000E3140000,1255438242,
9183,CRS3035RES1000mN2024000E3140000,1469985039,
9184,CRS3035RES1000mN2024000E3140000,1504302537,
9185,CRS3035RES1000mN2024000E3140000,1511617504,78.0
9186,CRS3035RES1000mN2024000E3140000,1541601287,
9187,CRS3035RES1000mN2024000E3140000,1544591296,
9188,CRS3035RES1000mN2024000E3140000,1598174183,
9189,CRS3035RES1000mN2024000E3140000,1629887846,
9190,CRS3035RES1000mN2024000E3140000,1686660176,
9191,CRS3035RES1000mN2024000E3140000,1716927336,
9192,CRS3035RES1000mN2024000E3140000,1734554324,
9193,CRS3035RES1000mN2024000E3140000,1849109335,109.0
9194,CRS3035RES1000mN2024000E3140000,2028408680,96.0
9195,CRS3035RES1000mN2024000E3140000,2036887702,
9196,CRS3035RES1000mN2024000E3140000,2061404218,
9197,CRS3035RES1000mN2024000E3140000,2134238030,
9198,CRS3035RES1000mN2024000E3140000,2261600754,
9199,CRS3035RES1000mN2024000E3140000,2301402027,
9200,CRS3035RES1000mN2024000E3140000,2303966810,98.0
9201,CRS3035RES1000mN2024000E3140000,2312029862,
9202,CRS3035RES1000mN2024000E3140000,2408860250,
9203,CRS3035RES1000mN2024000E3140000,2620185829,110.0
9204,CRS3035RES1000mN2024000E3140000,2622508931,107.0
9205,CRS3035RES1000mN2024000E3140000,2672130951,
9206,CRS3035RES1000mN2024000E3140000,2710518818,
9207,CRS3035RES1000mN2024000E3140000,3034026261,
9208,CRS3035RES1000mN2024000E3140000,3179889751,
9209,CRS3035RES1000mN2024000E3140000,3206611978,
9210,CRS3035RES1000mN2024000E3140000,3272828439,110.0
9211,CRS3035RES1000mN2024000E3140000,3452364276,
9212,CRS3035RES1000mN2024000E3140000,3452364277,112.0
9213,CRS3035RES1000mN2024000E3140000,3495733197,
9214,CRS3035RES1000mN2024000E3140000,3497154853,
9215,CRS3035RES1000mN2024000E3140000,3517755445,
9216,CRS3035RES1000mN2024000E3140000,3522125657,
9217,CRS3035RES1000mN2024000E3140000,3526751794,
9218,CRS3035RES1000mN2024000E3140000,3839306060,
9219,CRS3035RES1000mN2024000E3140000,4214697664,91.0
9220,CRS3035RES1000mN2024000E3140000,4338252586,
9221,CRS3035RES1000mN2024000E3140000,4401271633,
9222,CRS3035RES1000mN2024000E3140000,4515476768,
9223,CRS3035RES1000mN2024000E3140000,4569910891,100.0
9224,CRS3035RES1000mN2024000E3140000,4703730491,113.0
9225,CRS3035RES1000mN2024000E3140000,4707870392,103.0
9226,CRS3035RES1000mN2024000E3140000,4789037769,
9227,CRS3035RES1000mN2024000E3140000,4794233143,
9228,CRS3035RES1000mN2024000E3140000,4870405674,90.0
9229,CRS3035RES1000mN2024000E3140000,5139379922,96.0
9230,CRS3035RES1000mN2024000E3140000,5160337425,106.0
9231,CRS3035RES1000mN2024000E3140000,5196199575,99.0
9232,CRS3035RES1000mN2024000E3140000,5341570554,115.0
9233,CRS3035RES1000mN2024000E3140000,5345949864,
9234,CRS3035RES1000mN2024000E3140000,5448507385,
9235,CRS3035RES1000mN2024000E3140000,5604693894,
9236,CRS3035RES1000mN2024000E3140000,5670401989,
9237,CRS3035RES1000mN2024000E3140000,5942671299,
9238,CRS3035RES1000mN2024000E3140000,5943980960,45.0
9239,CRS3035RES1000mN2024000E3140000,6185791451,
9240,CRS3035RES1000mN2024000E3140000,6188948286,
9241,CRS3035RES1000mN2024000E3140000,6555800191,86.0
9242,CRS3035RES1000mN2024000E3140000,6885254479,
9243,CRS3035RES1000mN2024000E3140000,7222611268,
9244,CRS3035RES1000mN2024000E3140000,7408961006,
9245,CRS3035RES1000mN2024000E3140000,7619964683,
9246,CRS3035RES1000mN2024000E3140000,7836562695,
9247,CRS3035RES1000mN2024000E3140000,8493729364,100.0
9248,CRS3035RES1000mN2024000E3140000,8557885377,
9249,CRS3035RES1000mN2024000E3140000,8807212208,105.0
9250,CRS3035RES1000mN2024000E3140000,8844229173,111.0
9251,CRS3035RES1000mN2024000E3140000,8878422600,
9252,CRS3035RES1000mN2024000E3140000,9595709188,114.0
9253,CRS3035RES1000mN2024000E3140000,9611387099,94.0
9254,CRS3035RES1000mN2024000E3140000,9712656915,101.0
9255,CRS3035RES1000mN2024000E3140000,9713142744,105.0
9256,CRS3035RES1000mN2024000E3140000,9815746657,
9257,CRS3035RES1000mN2024000E3140000,10004871512,
9258,CRS3035RES1000mN2024000E3140000,10281174134,
9259,CRS3035RES1000mN2024000E3140000,10580337411,
9260,CRS3035RES1000mN2024000E3140000,10899442604,101.0
9261,CRS3035RES1000mN2024000E3140000,10922657146,92.0
9262,CRS3035RES1000mN2024000E3140000,11127499928,
9263,CRS3035RES1000mN2024000E3140000,11143725881,
9264,CRS3035RES1000mN2024000E3140000,11243087140,
9265,CRS3035RES1000mN2024000E3140000,11269399969,116.0
9266,CRS3035RES1000mN2024000E3140000,11287269362,
9267,CRS3035RES1000mN2024000E3140000,11287269363,
9268,CRS3035RES1000mN2024000E3140000,11369705764,
9269,CRS3035RES1000mN2024000E3140000,11387776374,
9270,CRS3035RES1000mN2024000E3140000,11461799040,
9271,CRS3035RES1000mN2024000E3140000,11462802981,111.0
9272,CRS3035RES1000mN2024000E3140000,11652077658,114.0
9273,CRS3035RES1000mN2024000E3140000,11691390164,106.0
9274,CRS3035RES1000mN2024000E3140000,11739757462,117.0
9275,CRS3035RES1000mN2024000E3140000,12178446726,96.0
9276,CRS3035RES1000mN2024000E3140000,12407425114,90.0
9277,CRS3035RES1000mN2024000E3140000,12865480228,
9278,CRS3035RES1000mN2024000E3140000,2960630,77.0
9279,CRS3035RES1000mN2024000E3140000,3554044,102.0
9280,CRS3035RES1000mN2024000E3140000,3557906,112.0
9281,CRS3035RES1000mN2024000E3140000,5231361,111.0
9282,CRS3035RES1000mN2024000E3140000,9314566,
9283,CRS3035RES1000mN2024000E3140000,13696257,
9284,CRS3035RES1000mN2024000E3140000,15996131,107.0
9285,CRS3035RES1000mN2024000E3140000,23526191,119.0
9286,CRS3035RES1000mN2024000E3140000,23545719,
9287,CRS3035RES1000mN2024000E3140000,30599279,93.0
9288,CRS3035RES1000mN2024000E3140000,30649229,107.0
9289,CRS3035RES1000mN2024000E3140000,32198651,
9290,CRS3035RES1000mN2024000E3140000,34945111,109.0
9291,CRS3035RES1000mN2024000E3140000,50170625,
9292,CRS3035RES1000mN2024000E3140000,82887228,
9293,CRS3035RES1000mN2024000E3140000,92484952,112.0
9294,CRS3035RES1000mN2024000E3140000,95794713,
9295,CRS3035RES1000mN2024000E3140000,96418670,106.0
9296,CRS3035RES1000mN2024000E3140000,98502686,110.0
9297,CRS3035RES1000mN2024000E3140000,132613257,
9298,CRS3035RES1000mN2024000E3140000,135036040,
9299,CRS3035RES1000mN2024000E3140000,150772489,111.0
9300,CRS3035RES1000mN2024000E3140000,154118456,
9301,CRS3035RES1000mN2024000E3140000,157375776,
9302,CRS3035RES1000mN2024000E3140000,158211204,87.0
9303,CRS3035RES1000mN2024000E3140000,162072415,97.0
9304,CRS3035RES1000mN2024000E3140000,162117720,
9305,CRS3035RES1000mN2024000E3140000,170487273,
9306,CRS3035RES1000mN2024000E3140000,172686062,83.0
9307,CRS3035RES1000mN2024000E3140000,174318235,108.0
9308,CRS3035RES1000mN2024000E3140000,174318237,100.0
9309,CRS3035RES1000mN2024000E3140000,205060159,
9310,CRS3035RES1000mN2024000E3140000,205757163,
9311,CRS3035RES1000mN2024000E3140000,221095520,
9312,CRS3035RES1000mN2024000E3140000,224503374,110.0
9313,CRS3035RES1000mN2024000E3140000,227333462,117.0
9314,CRS3035RES1000mN2024000E3140000,229117454,119.0
9315,CRS3035RES1000mN2024000E3140000,261460389,
9316,CRS3035RES1000mN2024000E3140000,283450022,95.0
9317,CRS3035RES1000mN2024000E3140000,288994040,94.0
9318,CRS3035RES1000mN2024000E3140000,296744564,
9319,CRS3035RES1000mN2024000E3140000,297526406,
9320,CRS3035RES1000mN2024000E3140000,300709861,
9321,CRS3035RES1000mN2024000E3140000,301444634,100.0
9322,CRS3035RES1000mN2024000E3140000,302721609,
9323,CRS3035RES1000mN2024000E3140000,308195630,
9324,CRS3035RES1000mN2024000E3140000,312777902,94.0
9325,CRS3035RES1000mN2024000E3140000,330154630,
9326,CRS3035RES1000mN2024000E3140000,340205456,112.0
9327,CRS3035RES1000mN2024000E3140000,367883612,
9328,CRS3035RES1000mN2024000E3140000,368211943,
9329,CRS3035RES1000mN2024000E3140000,374180360,
9330,CRS3035RES1000mN2024000E3140000,375369499,
9331,CRS3035RES1000mN2024000E3140000,383494544,114.0
9332,CRS3035RES1000mN2024000E3140000,384574591,118.0
9333,CRS3035RES1000mN2024000E3140000,403538322,
9334,CRS3035RES1000mN2024000E3140000,403859503,108.0
9335,CRS3035RES1000mN2024000E3140000,437050442,
9336,CRS3035RES1000mN2024000E3140000,459881697,107.0
9337,CRS3035RES1000mN2024000E3140000,477278425,
9338,CRS3035RES1000mN2024000E3140000,486879235,
9339,CRS3035RES1000mN2024000E3140000,493748377,103.0
9340,CRS3035RES1000mN2024000E3140000,498234201,
9341,CRS3035RES1000mN2024000E3140000,504315026,
9342,CRS3035RES1000mN2024000E3140000,548701490,
9343,CRS3035RES1000mN2024000E3140000,574210084,
9344,CRS3035RES1000mN2024000E3140000,576094143,102.0
9345,CRS3035RES1000mN2024000E3140000,584409067,
9346,CRS3035RES1000mN2024000E3140000,635512756,
9347,CRS3035RES1000mN2024000E3140000,638492224,
9348,CRS3035RES1000mN2024000E3140000,653913062,
9349,CRS3035RES1000mN2024000E3140000,659866770,
9350,CRS3035RES1000mN2024000E3140000,697717972,75.0
9351,CRS3035RES1000mN2024000E3140000,717194862,
9352,CRS3035RES1000mN2024000E3140000,736899303,
9353,CRS3035RES1000mN2024000E3140000,738042217,
9354,CRS3035RES1000mN2024000E3140000,839611983,
9355,CRS3035RES1000mN2024000E3140000,957893520,104.0
9356,CRS3035RES1000mN2024000E3140000,963308110,
9357,CRS3035RES1000mN2024000E3140000,1073283182,
9358,CRS3035RES1000mN2024000E3140000,1252864015,
9359,CRS3035RES1000mN2024000E3140000,1283203658,
9360,CRS3035RES1000mN2024000E3141000,25526,69.0
9361,CRS3035RES1000mN2024000E3141000,1774,90.0
9362,CRS3035RES1000mN2024000E3141000,1770,106.0
9363,CRS3035RES1000mN2024000E3141000,1773,109.0
9364,CRS3035RES1000mN2024000E3141000,1771,82.0
9365,CRS3035RES1000mN2024000E3141000,123303,91.0
9366,CRS3035RES1000mN2024000E3141000,1764,85.0
9367,CRS3035RES1000mN2024000E3141000,181101,110.0
9368,CRS3035RES1000mN2024000E3141000,5765642,75.0
9369,CRS3035RES1000mN2024000E3141000,86719,98.0
9370,CRS3035RES1000mN2024000E3141000,1800,105.0
9371,CRS3035RES1000mN2024000E3141000,1757,71.0
9372,CRS3035RES1000mN2024000E3141000,1755,86.0
9373,CRS3035RES1000mN2024000E3141000,1882,79.0
9374,CRS3035RES1000mN2024000E3141000,1745,102.0
9375,CRS3035RES1000mN2024000E3141000,1794,98.0
9376,CRS3035RES1000mN2024000E3141000,1762,90.0
9377,CRS3035RES1000mN2024000E3141000,51188,89.0
9378,CRS3035RES1000mN2024000E3141000,6893633,94.0
9379,CRS3035RES1000mN2024000E3141000,167128,106.0
9380,CRS3035RES1000mN2024000E3141000,1760,94.0
9381,CRS3035RES1000mN2024000E3141000,12773298,103.0
9382,CRS3035RES1000mN2024000E3141000,1754,101.0
9383,CRS3035RES1000mN2024000E3141000,1748,106.0
9384,CRS3035RES1000mN2024000E3141000,79941,106.0
9385,CRS3035RES1000mN2024000E3141000,1750,99.0
9386,CRS3035RES1000mN2024000E3141000,5975465,84.0
9387,CRS3035RES1000mN2024000E3141000,115056,104.0
9388,CRS3035RES1000mN2024000E3141000,1790,97.0
9389,CRS3035RES1000mN2024000E3141000,1756,80.0
9390,CRS3035RES1000mN2024000E3141000,51849,99.0
9391,CRS3035RES1000mN2024000E3141000,185595,93.0
9392,CRS3035RES1000mN2024000E3141000,7697128,76.0
9393,CRS3035RES1000mN2024000E3141000,10395362,106.0
9394,CRS3035RES1000mN2024000E3141000,1759,92.0
9395,CRS3035RES1000mN2024000E3141000,1752,100.0
9396,CRS3035RES1000mN2024000E3141000,186714,95.0
9397,CRS3035RES1000mN2024000E3141000,1753,99.0
9398,CRS3035RES1000mN2024000E3141000,1792,102.0
9399,CRS3035RES1000mN2024000E3141000,1763,86.0
9400,CRS3035RES1000mN2024000E3141000,1746,106.0
9401,CRS3035RES1000mN2024000E3141000,11572165,101.0
9402,CRS3035RES1000mN2024000E3141000,1761,94.0
9403,CRS3035RES1000mN2024000E3141000,1747,110.0
9404,CRS3035RES1000mN2024000E3141000,5768564,70.0
9405,CRS3035RES1000mN2024000E3141000,1798,82.0
9406,CRS3035RES1000mN2024000E3141000,66904,95.0
9407,CRS3035RES1000mN2024000E3141000,1777,83.0
9408,CRS3035RES1000mN2024000E3141000,1765,92.0
9409,CRS3035RES1000mN2024000E3141000,49416,103.0
9410,CRS3035RES1000mN2024000E3141000,12734939,103.0
9411,CRS3035RES1000mN2024000E3141000,167386167,86.0
9412,CRS3035RES1000mN2024000E3141000,295933804,95.0
9413,CRS3035RES1000mN2024000E3141000,303340017,100.0
9414,CRS3035RES1000mN2024000E3141000,315355551,99.0
9415,CRS3035RES1000mN2024000E3141000,339084977,87.0
9416,CRS3035RES1000mN2024000E3141000,412911553,89.0
9417,CRS3035RES1000mN2024000E3141000,558126037,82.0
9418,CRS3035RES1000mN2024000E3141000,711789768,82.0
9419,CRS3035RES1000mN2024000E3141000,727666062,97.0
9420,CRS3035RES1000mN2024000E3141000,848085869,81.0
9421,CRS3035RES1000mN2024000E3141000,1056098898,99.0
9422,CRS3035RES1000mN2024000E3141000,1255438242,
9423,CRS3035RES1000mN2024000E3141000,1469985039,116.0
9424,CRS3035RES1000mN2024000E3141000,1504302537,
9425,CRS3035RES1000mN2024000E3141000,1511617504,71.0
9426,CRS3035RES1000mN2024000E3141000,1541601287,107.0
9427,CRS3035RES1000mN2024000E3141000,1544591296,99.0
9428,CRS3035RES1000mN2024000E3141000,1598174183,111.0
9429,CRS3035RES1000mN2024000E3141000,1629887846,116.0
9430,CRS3035RES1000mN2024000E3141000,1686660176,108.0
9431,CRS3035RES1000mN2024000E3141000,1716927336,
9432,CRS3035RES1000mN2024000E3141000,1734554324,
9433,CRS3035RES1000mN2024000E3141000,1849109335,105.0
9434,CRS3035RES1000mN2024000E3141000,2028408680,65.0
9435,CRS3035RES1000mN2024000E3141000,2036887702,
9436,CRS3035RES1000mN2024000E3141000,2061404218,102.0
9437,CRS3035RES1000mN2024000E3141000,2134238030,
9438,CRS3035RES1000mN2024000E3141000,2261600754,
9439,CRS3035RES1000mN2024000E3141000,2301402027,118.0
9440,CRS3035RES1000mN2024000E3141000,2303966810,79.0
9441,CRS3035RES1000mN2024000E3141000,2312029862,114.0
9442,CRS3035RES1000mN2024000E3141000,2408860250,117.0
9443,CRS3035RES1000mN2024000E3141000,2620185829,92.0
9444,CRS3035RES1000mN2024000E3141000,2622508931,89.0
9445,CRS3035RES1000mN2024000E3141000,2672130951,
9446,CRS3035RES1000mN2024000E3141000,2710518818,
9447,CRS3035RES1000mN2024000E3141000,3034026261,91.0
9448,CRS3035RES1000mN2024000E3141000,3179889751,
9449,CRS3035RES1000mN2024000E3141000,3206611978,
9450,CRS3035RES1000mN2024000E3141000,3272828439,83.0
9451,CRS3035RES1000mN2024000E3141000,3452364276,111.0
9452,CRS3035RES1000mN2024000E3141000,3452364277,94.0
9453,CRS3035RES1000mN2024000E3141000,3495733197,
9454,CRS3035RES1000mN2024000E3141000,3497154853,
9455,CRS3035RES1000mN2024000E3141000,3517755445,
9456,CRS3035RES1000mN2024000E3141000,3522125657,
9457,CRS3035RES1000mN2024000E3141000,3526751794,
9458,CRS3035RES1000mN2024000E3141000,3839306060,113.0
9459,CRS3035RES1000mN2024000E3141000,4214697664,75.0
9460,CRS3035RES1000mN2024000E3141000,4338252586,
9461,CRS3035RES1000mN2024000E3141000,4401271633,
9462,CRS3035RES1000mN2024000E3141000,4515476768,
9463,CRS3035RES1000mN2024000E3141000,4569910891,81.0
9464,CRS3035RES1000mN2024000E3141000,4703730491,91.0
9465,CRS3035RES1000mN2024000E3141000,4707870392,84.0
9466,CRS3035RES1000mN2024000E3141000,4789037769,
9467,CRS3035RES1000mN2024000E3141000,4794233143,
9468,CRS3035RES1000mN2024000E3141000,4870405674,73.0
9469,CRS3035RES1000mN2024000E3141000,5139379922,57.0
9470,CRS3035RES1000mN2024000E3141000,5160337425,87.0
9471,CRS3035RES1000mN2024000E3141000,5196199575,81.0
9472,CRS3035RES1000mN2024000E3141000,5341570554,99.0
9473,CRS3035RES1000mN2024000E3141000,5345949864,
9474,CRS3035RES1000mN2024000E3141000,5448507385,
9475,CRS3035RES1000mN2024000E3141000,5604693894,
9476,CRS3035RES1000mN2024000E3141000,5670401989,
9477,CRS3035RES1000mN2024000E3141000,5942671299,
9478,CRS3035RES1000mN2024000E3141000,5943980960,29.0
9479,CRS3035RES1000mN2024000E3141000,6185791451,
9480,CRS3035RES1000mN2024000E3141000,6188948286,
9481,CRS3035RES1000mN2024000E3141000,6555800191,58.0
9482,CRS3035RES1000mN2024000E3141000,6885254479,101.0
9483,CRS3035RES1000mN2024000E3141000,7222611268,
9484,CRS3035RES1000mN2024000E3141000,7408961006,
9485,CRS3035RES1000mN2024000E3141000,7619964683,
9486,CRS3035RES1000mN2024000E3141000,7836562695,
9487,CRS3035RES1000mN2024000E3141000,8493729364,86.0
9488,CRS3035RES1000mN2024000E3141000,8557885377,
9489,CRS3035RES1000mN2024000E3141000,8807212208,85.0
9490,CRS3035RES1000mN2024000E3141000,8844229173,92.0
9491,CRS3035RES1000mN2024000E3141000,8878422600,99.0
9492,CRS3035RES1000mN2024000E3141000,9595709188,95.0
9493,CRS3035RES1000mN2024000E3141000,9611387099,80.0
9494,CRS3035RES1000mN2024000E3141000,9712656915,82.0
9495,CRS3035RES1000mN2024000E3141000,9713142744,86.0
9496,CRS3035RES1000mN2024000E3141000,9815746657,
9497,CRS3035RES1000mN2024000E3141000,10004871512,114.0
9498,CRS3035RES1000mN2024000E3141000,10281174134,
9499,CRS3035RES1000mN2024000E3141000,10580337411,117.0
9500,CRS3035RES1000mN2024000E3141000,10899442604,74.0
9501,CRS3035RES1000mN2024000E3141000,10922657146,65.0
9502,CRS3035RES1000mN2024000E3141000,11127499928,117.0
9503,CRS3035RES1000mN2024000E3141000,11143725881,111.0
9504,CRS3035RES1000mN2024000E3141000,11243087140,108.0
9505,CRS3035RES1000mN2024000E3141000,11269399969,97.0
9506,CRS3035RES1000mN2024000E3141000,11287269362,118.0
9507,CRS3035RES1000mN2024000E3141000,11287269363,
9508,CRS3035RES1000mN2024000E3141000,11369705764,
9509,CRS3035RES1000mN2024000E3141000,11387776374,114.0
9510,CRS3035RES1000mN2024000E3141000,11461799040,
9511,CRS3035RES1000mN2024000E3141000,11462802981,98.0
9512,CRS3035RES1000mN2024000E3141000,11652077658,110.0
9513,CRS3035RES1000mN2024000E3141000,11691390164,88.0
9514,CRS3035RES1000mN2024000E3141000,11739757462,88.0
9515,CRS3035RES1000mN2024000E3141000,12178446726,82.0
9516,CRS3035RES1000mN2024000E3141000,12407425114,82.0
9517,CRS3035RES1000mN2024000E3141000,12865480228,114.0
9518,CRS3035RES1000mN2024000E3141000,2960630,45.0
9519,CRS3035RES1000mN2024000E3141000,3554044,62.0
9520,CRS3035RES1000mN2024000E3141000,3557906,89.0
9521,CRS3035RES1000mN2024000E3141000,5231361,92.0
9522,CRS3035RES1000mN2024000E3141000,9314566,
9523,CRS3035RES1000mN2024000E3141000,13696257,117.0
9524,CRS3035RES1000mN2024000E3141000,15996131,88.0
9525,CRS3035RES1000mN2024000E3141000,23526191,100.0
9526,CRS3035RES1000mN2024000E3141000,23545719,103.0
9527,CRS3035RES1000mN2024000E3141000,30599279,76.0
9528,CRS3035RES1000mN2024000E3141000,30649229,88.0
9529,CRS3035RES1000mN2024000E3141000,32198651,
9530,CRS3035RES1000mN2024000E3141000,34945111,82.0
9531,CRS3035RES1000mN2024000E3141000,50170625,
9532,CRS3035RES1000mN2024000E3141000,82887228,110.0
9533,CRS3035RES1000mN2024000E3141000,92484952,96.0
9534,CRS3035RES1000mN2024000E3141000,95794713,113.0
9535,CRS3035RES1000mN2024000E3141000,96418670,78.0
9536,CRS3035RES1000mN2024000E3141000,98502686,92.0
9537,CRS3035RES1000mN2024000E3141000,132613257,115.0
9538,CRS3035RES1000mN2024000E3141000,135036040,118.0
9539,CRS3035RES1000mN2024000E3141000,150772489,93.0
9540,CRS3035RES1000mN2024000E3141000,154118456,102.0
9541,CRS3035RES1000mN2024000E3141000,157375776,114.0
9542,CRS3035RES1000mN2024000E3141000,158211204,56.0
9543,CRS3035RES1000mN2024000E3141000,162072415,80.0
9544,CRS3035RES1000mN2024000E3141000,162117720,106.0
9545,CRS3035RES1000mN2024000E3141000,170487273,
9546,CRS3035RES1000mN2024000E3141000,172686062,64.0
9547,CRS3035RES1000mN2024000E3141000,174318235,81.0
9548,CRS3035RES1000mN2024000E3141000,174318237,72.0
9549,CRS3035RES1000mN2024000E3141000,205060159,
9550,CRS3035RES1000mN2024000E3141000,205757163,
9551,CRS3035RES1000mN2024000E3141000,221095520,117.0
9552,CRS3035RES1000mN2024000E3141000,224503374,91.0
9553,CRS3035RES1000mN2024000E3141000,227333462,88.0
9554,CRS3035RES1000mN2024000E3141000,229117454,110.0
9555,CRS3035RES1000mN2024000E3141000,261460389,
9556,CRS3035RES1000mN2024000E3141000,283450022,76.0
9557,CRS3035RES1000mN2024000E3141000,288994040,80.0
9558,CRS3035RES1000mN2024000E3141000,296744564,
9559,CRS3035RES1000mN2024000E3141000,297526406,115.0
9560,CRS3035RES1000mN2024000E3141000,300709861,98.0
9561,CRS3035RES1000mN2024000E3141000,301444634,85.0
9562,CRS3035RES1000mN2024000E3141000,302721609,
9563,CRS3035RES1000mN2024000E3141000,308195630,
9564,CRS3035RES1000mN2024000E3141000,312777902,80.0
9565,CRS3035RES1000mN2024000E3141000,330154630,
9566,CRS3035RES1000mN2024000E3141000,340205456,94.0
9567,CRS3035RES1000mN2024000E3141000,367883612,108.0
9568,CRS3035RES1000mN2024000E3141000,368211943,109.0
9569,CRS3035RES1000mN2024000E3141000,374180360,116.0
9570,CRS3035RES1000mN2024000E3141000,375369499,96.0
9571,CRS3035RES1000mN2024000E3141000,383494544,95.0
9572,CRS3035RES1000mN2024000E3141000,384574591,91.0
9573,CRS3035RES1000mN2024000E3141000,403538322,
9574,CRS3035RES1000mN2024000E3141000,403859503,89.0
9575,CRS3035RES1000mN2024000E3141000,437050442,106.0
9576,CRS3035RES1000mN2024000E3141000,459881697,89.0
9577,CRS3035RES1000mN2024000E3141000,477278425,
9578,CRS3035RES1000mN2024000E3141000,486879235,
9579,CRS3035RES1000mN2024000E3141000,493748377,79.0
9580,CRS3035RES1000mN2024000E3141000,498234201,108.0
9581,CRS3035RES1000mN2024000E3141000,504315026,115.0
9582,CRS3035RES1000mN2024000E3141000,548701490,
9583,CRS3035RES1000mN2024000E3141000,574210084,119.0
9584,CRS3035RES1000mN2024000E3141000,576094143,83.0
9585,CRS3035RES1000mN2024000E3141000,584409067,
9586,CRS3035RES1000mN2024000E3141000,635512756,119.0
9587,CRS3035RES1000mN2024000E3141000,638492224,
9588,CRS3035RES1000mN2024000E3141000,653913062,114.0
9589,CRS3035RES1000mN2024000E3141000,659866770,
9590,CRS3035RES1000mN2024000E3141000,697717972,62.0
9591,CRS3035RES1000mN2024000E3141000,717194862,
9592,CRS3035RES1000mN2024000E3141000,736899303,109.0
9593,CRS3035RES1000mN2024000E3141000,738042217,
9594,CRS3035RES1000mN2024000E3141000,839611983,
9595,CRS3035RES1000mN2024000E3141000,957893520,88.0
9596,CRS3035RES1000mN2024000E3141000,963308110,117.0
9597,CRS3035RES1000mN2024000E3141000,1073283182,
9598,CRS3035RES1000mN2024000E3141000,1252864015,111.0
9599,CRS3035RES1000mN2024000E3141000,1283203658,
9600,CRS3035RES1000mN2024000E3142000,25526,65.0
9601,CRS3035RES1000mN2024000E3142000,1774,83.0
9602,CRS3035RES1000mN2024000E3142000,1770,108.0
9603,CRS3035RES1000mN2024000E3142000,1773,103.0
9604,CRS3035RES1000mN2024000E3142000,1771,83.0
9605,CRS3035RES1000mN2024000E3142000,123303,82.0
9606,CRS3035RES1000mN2024000E3142000,1764,87.0
9607,CRS3035RES1000mN2024000E3142000,181101,104.0
9608,CRS3035RES1000mN2024000E3142000,5765642,73.0
9609,CRS3035RES1000mN2024000E3142000,86719,97.0
9610,CRS3035RES1000mN2024000E3142000,1800,102.0
9611,CRS3035RES1000mN2024000E3142000,1757,72.0
9612,CRS3035RES1000mN2024000E3142000,1755,80.0
9613,CRS3035RES1000mN2024000E3142000,1882,81.0
9614,CRS3035RES1000mN2024000E3142000,1745,105.0
9615,CRS3035RES1000mN2024000E3142000,1794,100.0
9616,CRS3035RES1000mN2024000E3142000,1762,90.0
9617,CRS3035RES1000mN2024000E3142000,51188,91.0
9618,CRS3035RES1000mN2024000E3142000,6893633,92.0
9619,CRS3035RES1000mN2024000E3142000,167128,100.0
9620,CRS3035RES1000mN2024000E3142000,1760,96.0
9621,CRS3035RES1000mN2024000E3142000,12773298,99.0
9622,CRS3035RES1000mN2024000E3142000,1754,93.0
9623,CRS3035RES1000mN2024000E3142000,1748,100.0
9624,CRS3035RES1000mN2024000E3142000,79941,108.0
9625,CRS3035RES1000mN2024000E3142000,1750,101.0
9626,CRS3035RES1000mN2024000E3142000,5975465,83.0
9627,CRS3035RES1000mN2024000E3142000,115056,107.0
9628,CRS3035RES1000mN2024000E3142000,1790,99.0
9629,CRS3035RES1000mN2024000E3142000,1756,77.0
9630,CRS3035RES1000mN2024000E3142000,51849,99.0
9631,CRS3035RES1000mN2024000E3142000,185595,95.0
9632,CRS3035RES1000mN2024000E3142000,7697128,78.0
9633,CRS3035RES1000mN2024000E3142000,10395362,109.0
9634,CRS3035RES1000mN2024000E3142000,1759,95.0
9635,CRS3035RES1000mN2024000E3142000,1752,94.0
9636,CRS3035RES1000mN2024000E3142000,186714,98.0
9637,CRS3035RES1000mN2024000E3142000,1753,96.0
9638,CRS3035RES1000mN2024000E3142000,1792,95.0
9639,CRS3035RES1000mN2024000E3142000,1763,82.0
9640,CRS3035RES1000mN2024000E3142000,1746,106.0
9641,CRS3035RES1000mN2024000E3142000,11572165,89.0
9642,CRS3035RES1000mN2024000E3142000,1761,91.0
9643,CRS3035RES1000mN2024000E3142000,1747,103.0
9644,CRS3035RES1000mN2024000E3142000,5768564,70.0
9645,CRS3035RES1000mN2024000E3142000,1798,78.0
9646,CRS3035RES1000mN2024000E3142000,66904,97.0
9647,CRS3035RES1000mN2024000E3142000,1777,86.0
9648,CRS3035RES1000mN2024000E3142000,1765,93.0
9649,CRS3035RES1000mN2024000E3142000,49416,97.0
9650,CRS3035RES1000mN2024000E3142000,12734939,97.0
9651,CRS3035RES1000mN2024000E3142000,167386167,86.0
9652,CRS3035RES1000mN2024000E3142000,295933804,96.0
9653,CRS3035RES1000mN2024000E3142000,303340017,102.0
9654,CRS3035RES1000mN2024000E3142000,315355551,100.0
9655,CRS3035RES1000mN2024000E3142000,339084977,85.0
9656,CRS3035RES1000mN2024000E3142000,412911553,88.0
9657,CRS3035RES1000mN2024000E3142000,558126037,85.0
9658,CRS3035RES1000mN2024000E3142000,711789768,74.0
9659,CRS3035RES1000mN2024000E3142000,727666062,98.0
9660,CRS3035RES1000mN2024000E3142000,848085869,78.0
9661,CRS3035RES1000mN2024000E3142000,1056098898,99.0
9662,CRS3035RES1000mN2024000E3142000,1255438242,
9663,CRS3035RES1000mN2024000E3142000,1469985039,110.0
9664,CRS3035RES1000mN2024000E3142000,1504302537,
9665,CRS3035RES1000mN2024000E3142000,1511617504,59.0
9666,CRS3035RES1000mN2024000E3142000,1541601287,110.0
9667,CRS3035RES1000mN2024000E3142000,1544591296,101.0
9668,CRS3035RES1000mN2024000E3142000,1598174183,114.0
9669,CRS3035RES1000mN2024000E3142000,1629887846,119.0
9670,CRS3035RES1000mN2024000E3142000,1686660176,110.0
9671,CRS3035RES1000mN2024000E3142000,1716927336,104.0
9672,CRS3035RES1000mN2024000E3142000,1734554324,
9673,CRS3035RES1000mN2024000E3142000,1849109335,105.0
9674,CRS3035RES1000mN2024000E3142000,2028408680,63.0
9675,CRS3035RES1000mN2024000E3142000,2036887702,
9676,CRS3035RES1000mN2024000E3142000,2061404218,105.0
9677,CRS3035RES1000mN2024000E3142000,2134238030,
9678,CRS3035RES1000mN2024000E3142000,2261600754,
9679,CRS3035RES1000mN2024000E3142000,2301402027,
9680,CRS3035RES1000mN2024000E3142000,2303966810,79.0
9681,CRS3035RES1000mN2024000E3142000,2312029862,117.0
9682,CRS3035RES1000mN2024000E3142000,2408860250,
9683,CRS3035RES1000mN2024000E3142000,2620185829,92.0
9684,CRS3035RES1000mN2024000E3142000,2622508931,88.0
9685,CRS3035RES1000mN2024000E3142000,2672130951,
9686,CRS3035RES1000mN2024000E3142000,2710518818,117.0
9687,CRS3035RES1000mN2024000E3142000,3034026261,93.0
9688,CRS3035RES1000mN2024000E3142000,3179889751,
9689,CRS3035RES1000mN2024000E3142000,3206611978,
9690,CRS3035RES1000mN2024000E3142000,3272828439,79.0
9691,CRS3035RES1000mN2024000E3142000,3452364276,113.0
9692,CRS3035RES1000mN2024000E3142000,3452364277,96.0
9693,CRS3035RES1000mN2024000E3142000,3495733197,
9694,CRS3035RES1000mN2024000E3142000,3497154853,
9695,CRS3035RES1000mN2024000E3142000,3517755445,
9696,CRS3035RES1000mN2024000E3142000,3522125657,
9697,CRS3035RES1000mN2024000E3142000,3526751794,
9698,CRS3035RES1000mN2024000E3142000,3839306060,116.0
9699,CRS3035RES1000mN2024000E3142000,4214697664,73.0
9700,CRS3035RES1000mN2024000E3142000,4338252586,
9701,CRS3035RES1000mN2024000E3142000,4401271633,
9702,CRS3035RES1000mN2024000E3142000,4515476768,
9703,CRS3035RES1000mN2024000E3142000,4569910891,83.0
9704,CRS3035RES1000mN2024000E3142000,4703730491,93.0
9705,CRS3035RES1000mN2024000E3142000,4707870392,87.0
9706,CRS3035RES1000mN2024000E3142000,4789037769,
9707,CRS3035RES1000mN2024000E3142000,4794233143,
9708,CRS3035RES1000mN2024000E3142000,4870405674,72.0
9709,CRS3035RES1000mN2024000E3142000,5139379922,58.0
9710,CRS3035RES1000mN2024000E3142000,5160337425,87.0
9711,CRS3035RES1000mN2024000E3142000,5196199575,84.0
9712,CRS3035RES1000mN2024000E3142000,5341570554,94.0
9713,CRS3035RES1000mN2024000E3142000,5345949864,114.0
9714,CRS3035RES1000mN2024000E3142000,5448507385,
9715,CRS3035RES1000mN2024000E3142000,5604693894,
9716,CRS3035RES1000mN2024000E3142000,5670401989,
9717,CRS3035RES1000mN2024000E3142000,5942671299,
9718,CRS3035RES1000mN2024000E3142000,5943980960,30.0
9719,CRS3035RES1000mN2024000E3142000,6185791451,
9720,CRS3035RES1000mN2024000E3142000,6188948286,117.0
9721,CRS3035RES1000mN2024000E3142000,6555800191,53.0
9722,CRS3035RES1000mN2024000E3142000,6885254479,104.0
9723,CRS3035RES1000mN2024000E3142000,7222611268,
9724,CRS3035RES1000mN2024000E3142000,7408961006,
9725,CRS3035RES1000mN2024000E3142000,7619964683,
9726,CRS3035RES1000mN2024000E3142000,7836562695,
9727,CRS3035RES1000mN2024000E3142000,8493729364,82.0
9728,CRS3035RES1000mN2024000E3142000,8557885377,
9729,CRS3035RES1000mN2024000E3142000,8807212208,88.0
9730,CRS3035RES1000mN2024000E3142000,8844229173,94.0
9731,CRS3035RES1000mN2024000E3142000,8878422600,102.0
9732,CRS3035RES1000mN2024000E3142000,9595709188,97.0
9733,CRS3035RES1000mN2024000E3142000,9611387099,76.0
9734,CRS3035RES1000mN2024000E3142000,9712656915,82.0
9735,CRS3035RES1000mN2024000E3142000,9713142744,88.0
9736,CRS3035RES1000mN2024000E3142000,9815746657,
9737,CRS3035RES1000mN2024000E3142000,10004871512,117.0
9738,CRS3035RES1000mN2024000E3142000,10281174134,
9739,CRS3035RES1000mN2024000E3142000,10580337411,
9740,CRS3035RES1000mN2024000E3142000,10899442604,69.0
9741,CRS3035RES1000mN2024000E3142000,10922657146,60.0
9742,CRS3035RES1000mN2024000E3142000,11127499928,
9743,CRS3035RES1000mN2024000E3142000,11143725881,102.0
9744,CRS3035RES1000mN2024000E3142000,11243087140,110.0
9745,CRS3035RES1000mN2024000E3142000,11269399969,97.0
9746,CRS3035RES1000mN2024000E3142000,11287269362,119.0
9747,CRS3035RES1000mN2024000E3142000,11287269363,
9748,CRS3035RES1000mN2024000E3142000,11369705764,
9749,CRS3035RES1000mN2024000E3142000,11387776374,109.0
9750,CRS3035RES1000mN2024000E3142000,11461799040,
9751,CRS3035RES1000mN2024000E3142000,11462802981,92.0
9752,CRS3035RES1000mN2024000E3142000,11652077658,106.0
9753,CRS3035RES1000mN2024000E3142000,11691390164,88.0
9754,CRS3035RES1000mN2024000E3142000,11739757462,88.0
9755,CRS3035RES1000mN2024000E3142000,12178446726,78.0
9756,CRS3035RES1000mN2024000E3142000,12407425114,83.0
9757,CRS3035RES1000mN2024000E3142000,12865480228,117.0
9758,CRS3035RES1000mN2024000E3142000,2960630,44.0
9759,CRS3035RES1000mN2024000E3142000,3554044,62.0
9760,CRS3035RES1000mN2024000E3142000,3557906,85.0
9761,CRS3035RES1000mN2024000E3142000,5231361,92.0
9762,CRS3035RES1000mN2024000E3142000,9314566,
9763,CRS3035RES1000mN2024000E3142000,13696257,119.0
9764,CRS3035RES1000mN2024000E3142000,15996131,89.0
9765,CRS3035RES1000mN2024000E3142000,23526191,102.0
9766,CRS3035RES1000mN2024000E3142000,23545719,105.0
9767,CRS3035RES1000mN2024000E3142000,30599279,75.0
9768,CRS3035RES1000mN2024000E3142000,30649229,88.0
9769,CRS3035RES1000mN2024000E3142000,32198651,
9770,CRS3035RES1000mN2024000E3142000,34945111,77.0
9771,CRS3035RES1000mN2024000E3142000,50170625,
9772,CRS3035RES1000mN2024000E3142000,82887228,111.0
9773,CRS3035RES1000mN2024000E3142000,92484952,99.0
9774,CRS3035RES1000mN2024000E3142000,95794713,107.0
9775,CRS3035RES1000mN2024000E3142000,96418670,74.0
9776,CRS3035RES1000mN2024000E3142000,98502686,95.0
9777,CRS3035RES1000mN2024000E3142000,132613257,107.0
9778,CRS3035RES1000mN2024000E3142000,135036040,116.0
9779,CRS3035RES1000mN2024000E3142000,150772489,92.0
9780,CRS3035RES1000mN2024000E3142000,154118456,98.0
9781,CRS3035RES1000mN2024000E3142000,157375776,119.0
9782,CRS3035RES1000mN2024000E3142000,158211204,51.0
9783,CRS3035RES1000mN2024000E3142000,162072415,79.0
9784,CRS3035RES1000mN2024000E3142000,162117720,109.0
9785,CRS3035RES1000mN2024000E3142000,170487273,
9786,CRS3035RES1000mN2024000E3142000,172686062,59.0
9787,CRS3035RES1000mN2024000E3142000,174318235,77.0
9788,CRS3035RES1000mN2024000E3142000,174318237,68.0
9789,CRS3035RES1000mN2024000E3142000,205060159,
9790,CRS3035RES1000mN2024000E3142000,205757163,
9791,CRS3035RES1000mN2024000E3142000,221095520,
9792,CRS3035RES1000mN2024000E3142000,224503374,93.0
9793,CRS3035RES1000mN2024000E3142000,227333462,89.0
9794,CRS3035RES1000mN2024000E3142000,229117454,101.0
9795,CRS3035RES1000mN2024000E3142000,261460389,
9796,CRS3035RES1000mN2024000E3142000,283450022,78.0
9797,CRS3035RES1000mN2024000E3142000,288994040,76.0
9798,CRS3035RES1000mN2024000E3142000,296744564,
9799,CRS3035RES1000mN2024000E3142000,297526406,
9800,CRS3035RES1000mN2024000E3142000,300709861,88.0
9801,CRS3035RES1000mN2024000E3142000,301444634,86.0
9802,CRS3035RES1000mN2024000E3142000,302721609,110.0
9803,CRS3035RES1000mN2024000E3142000,308195630,
9804,CRS3035RES1000mN2024000E3142000,312777902,76.0
9805,CRS3035RES1000mN2024000E3142000,330154630,
9806,CRS3035RES1000mN2024000E3142000,340205456,93.0
9807,CRS3035RES1000mN2024000E3142000,367883612,109.0
9808,CRS3035RES1000mN2024000E3142000,368211943,110.0
9809,CRS3035RES1000mN2024000E3142000,374180360,119.0
9810,CRS3035RES1000mN2024000E3142000,375369499,92.0
9811,CRS3035RES1000mN2024000E3142000,383494544,97.0
9812,CRS3035RES1000mN2024000E3142000,384574591,84.0
9813,CRS3035RES1000mN2024000E3142000,403538322,
9814,CRS3035RES1000mN2024000E3142000,403859503,89.0
9815,CRS3035RES1000mN2024000E3142000,437050442,102.0
9816,CRS3035RES1000mN2024000E3142000,459881697,90.0
9817,CRS3035RES1000mN2024000E3142000,477278425,
9818,CRS3035RES1000mN2024000E3142000,486879235,
9819,CRS3035RES1000mN2024000E3142000,493748377,79.0
9820,CRS3035RES1000mN2024000E3142000,498234201,104.0
9821,CRS3035RES1000mN2024000E3142000,504315026,118.0
9822,CRS3035RES1000mN2024000E3142000,548701490,
9823,CRS3035RES1000mN2024000E3142000,574210084,
9824,CRS3035RES1000mN2024000E3142000,576094143,81.0
9825,CRS3035RES1000mN2024000E3142000,584409067,
9826,CRS3035RES1000mN2024000E3142000,635512756,
9827,CRS3035RES1000mN2024000E3142000,638492224,
9828,CRS3035RES1000mN2024000E3142000,653913062,118.0
9829,CRS3035RES1000mN2024000E3142000,659866770,
9830,CRS3035RES1000mN2024000E3142000,697717972,60.0
9831,CRS3035RES1000mN2024000E3142000,717194862,
9832,CRS3035RES1000mN2024000E3142000,736899303,107.0
9833,CRS3035RES1000mN2024000E3142000,738042217,110.0
9834,CRS3035RES1000mN2024000E3142000,839611983,
9835,CRS3035RES1000mN2024000E3142000,957893520,86.0
9836,CRS3035RES1000mN2024000E3142000,963308110,112.0
9837,CRS3035RES1000mN2024000E3142000,1073283182,107.0
9838,CRS3035RES1000mN2024000E3142000,1252864015,113.0
9839,CRS3035RES1000mN2024000E3142000,1283203658,
9840,CRS3035RES1000mN2024000E3143000,25526,61.0
9841,CRS3035RES1000mN2024000E3143000,1774,78.0
9842,CRS3035RES1000mN2024000E3143000,1770,107.0
9843,CRS3035RES1000mN2024000E3143000,1773,99.0
9844,CRS3035RES1000mN2024000E3143000,1771,80.0
9845,CRS3035RES1000mN2024000E3143000,123303,73.0
9846,CRS3035RES1000mN2024000E3143000,1764,86.0
9847,CRS3035RES1000mN2024000E3143000,181101,100.0
9848,CRS3035RES1000mN2024000E3143000,5765642,70.0
9849,CRS3035RES1000mN2024000E3143000,86719,86.0
9850,CRS3035RES1000mN2024000E3143000,1800,97.0
9851,CRS3035RES1000mN2024000E3143000,1757,70.0
9852,CRS3035RES1000mN2024000E3143000,1755,76.0
9853,CRS3035RES1000mN2024000E3143000,1882,79.0
9854,CRS3035RES1000mN2024000E3143000,1745,103.0
9855,CRS3035RES1000mN2024000E3143000,1794,98.0
9856,CRS3035RES1000mN2024000E3143000,1762,87.0
9857,CRS3035RES1000mN2024000E3143000,51188,90.0
9858,CRS3035RES1000mN2024000E3143000,6893633,90.0
9859,CRS3035RES1000mN2024000E3143000,167128,95.0
9860,CRS3035RES1000mN2024000E3143000,1760,94.0
9861,CRS3035RES1000mN2024000E3143000,12773298,86.0
9862,CRS3035RES1000mN2024000E3143000,1754,85.0
9863,CRS3035RES1000mN2024000E3143000,1748,96.0
9864,CRS3035RES1000mN2024000E3143000,79941,107.0
9865,CRS3035RES1000mN2024000E3143000,1750,99.0
9866,CRS3035RES1000mN2024000E3143000,5975465,79.0
9867,CRS3035RES1000mN2024000E3143000,115056,106.0
9868,CRS3035RES1000mN2024000E3143000,1790,98.0
9869,CRS3035RES1000mN2024000E3143000,1756,73.0
9870,CRS3035RES1000mN2024000E3143000,51849,96.0
9871,CRS3035RES1000mN2024000E3143000,185595,92.0
9872,CRS3035RES1000mN2024000E3143000,7697128,76.0
9873,CRS3035RES1000mN2024000E3143000,10395362,105.0
9874,CRS3035RES1000mN2024000E3143000,1759,93.0
9875,CRS3035RES1000mN2024000E3143000,1752,88.0
9876,CRS3035RES1000mN2024000E3143000,186714,96.0
9877,CRS3035RES1000mN2024000E3143000,1753,92.0
9878,CRS3035RES1000mN2024000E3143000,1792,91.0
9879,CRS3035RES1000mN2024000E3143000,1763,78.0
9880,CRS3035RES1000mN2024000E3143000,1746,103.0
9881,CRS3035RES1000mN2024000E3143000,11572165,84.0
9882,CRS3035RES1000mN2024000E3143000,1761,87.0
9883,CRS3035RES1000mN2024000E3143000,1747,99.0
9884,CRS3035RES1000mN2024000E3143000,5768564,67.0
9885,CRS3035RES1000mN2024000E3143000,1798,74.0
9886,CRS3035RES1000mN2024000E3143000,66904,96.0
9887,CRS3035RES1000mN2024000E3143000,1777,84.0
9888,CRS3035RES1000mN2024000E3143000,1765,89.0
9889,CRS3035RES1000mN2024000E3143000,49416,93.0
9890,CRS3035RES1000mN2024000E3143000,12734939,93.0
9891,CRS3035RES1000mN2024000E3143000,167386167,84.0
9892,CRS3035RES1000mN2024000E3143000,295933804,96.0
9893,CRS3035RES1000mN2024000E3143000,303340017,102.0
9894,CRS3035RES1000mN2024000E3143000,315355551,98.0
9895,CRS3035RES1000mN2024000E3143000,339084977,80.0
9896,CRS3035RES1000mN2024000E3143000,412911553,86.0
9897,CRS3035RES1000mN2024000E3143000,558126037,85.0
9898,CRS3035RES1000mN2024000E3143000,711789768,70.0
9899,CRS3035RES1000mN2024000E3143000,727666062,
9900,CRS3035RES1000mN2024000E3143000,848085869,65.0
9901,CRS3035RES1000mN2024000E3143000,1056098898,96.0
9902,CRS3035RES1000mN2024000E3143000,1255438242,
9903,CRS3035RES1000mN2024000E3143000,1469985039,106.0
9904,CRS3035RES1000mN2024000E3143000,1504302537,
9905,CRS3035RES1000mN2024000E3143000,1511617504,38.0
9906,CRS3035RES1000mN2024000E3143000,1541601287,108.0
9907,CRS3035RES1000mN2024000E3143000,1544591296,101.0
9908,CRS3035RES1000mN2024000E3143000,1598174183,112.0
9909,CRS3035RES1000mN2024000E3143000,1629887846,117.0
9910,CRS3035RES1000mN2024000E3143000,1686660176,108.0
9911,CRS3035RES1000mN2024000E3143000,1716927336,100.0
9912,CRS3035RES1000mN2024000E3143000,1734554324,
9913,CRS3035RES1000mN2024000E3143000,1849109335,104.0
9914,CRS3035RES1000mN2024000E3143000,2028408680,61.0
9915,CRS3035RES1000mN2024000E3143000,2036887702,
9916,CRS3035RES1000mN2024000E3143000,2061404218,104.0
9917,CRS3035RES1000mN2024000E3143000,2134238030,
9918,CRS3035RES1000mN2024000E3143000,2261600754,
9919,CRS3035RES1000mN2024000E3143000,2301402027,119.0
9920,CRS3035RES1000mN2024000E3143000,2303966810,74.0
9921,CRS3035RES1000mN2024000E3143000,2312029862,115.0
9922,CRS3035RES1000mN2024000E3143000,2408860250,119.0
9923,CRS3035RES1000mN2024000E3143000,2620185829,89.0
9924,CRS3035RES1000mN2024000E3143000,2622508931,85.0
9925,CRS3035RES1000mN2024000E3143000,2672130951,105.0
9926,CRS3035RES1000mN2024000E3143000,2710518818,113.0
9927,CRS3035RES1000mN2024000E3143000,3034026261,91.0
9928,CRS3035RES1000mN2024000E3143000,3179889751,
9929,CRS3035RES1000mN2024000E3143000,3206611978,
9930,CRS3035RES1000mN2024000E3143000,3272828439,66.0
9931,CRS3035RES1000mN2024000E3143000,3452364276,112.0
9932,CRS3035RES1000mN2024000E3143000,3452364277,94.0
9933,CRS3035RES1000mN2024000E3143000,3495733197,
9934,CRS3035RES1000mN2024000E3143000,3497154853,
9935,CRS3035RES1000mN2024000E3143000,3517755445,
9936,CRS3035RES1000mN2024000E3143000,3522125657,
9937,CRS3035RES1000mN2024000E3143000,3526751794,
9938,CRS3035RES1000mN2024000E3143000,3839306060,114.0
9939,CRS3035RES1000mN2024000E3143000,4214697664,69.0
9940,CRS3035RES1000mN2024000E3143000,4338252586,
9941,CRS3035RES1000mN2024000E3143000,4401271633,
9942,CRS3035RES1000mN2024000E3143000,4515476768,85.0
9943,CRS3035RES1000mN2024000E3143000,4569910891,81.0
9944,CRS3035RES1000mN2024000E3143000,4703730491,90.0
9945,CRS3035RES1000mN2024000E3143000,4707870392,85.0
9946,CRS3035RES1000mN2024000E3143000,4789037769,116.0
9947,CRS3035RES1000mN2024000E3143000,4794233143,
9948,CRS3035RES1000mN2024000E3143000,4870405674,69.0
9949,CRS3035RES1000mN2024000E3143000,5139379922,96.0
9950,CRS3035RES1000mN2024000E3143000,5160337425,84.0
9951,CRS3035RES1000mN2024000E3143000,5196199575,96.0
9952,CRS3035RES1000mN2024000E3143000,5341570554,88.0
9953,CRS3035RES1000mN2024000E3143000,5345949864,110.0
9954,CRS3035RES1000mN2024000E3143000,5448507385,
9955,CRS3035RES1000mN2024000E3143000,5604693894,
9956,CRS3035RES1000mN2024000E3143000,5670401989,
9957,CRS3035RES1000mN2024000E3143000,5942671299,117.0
9958,CRS3035RES1000mN2024000E3143000,5943980960,44.0
9959,CRS3035RES1000mN2024000E3143000,6185791451,
9960,CRS3035RES1000mN2024000E3143000,6188948286,110.0
9961,CRS3035RES1000mN2024000E3143000,6555800191,42.0
9962,CRS3035RES1000mN2024000E3143000,6885254479,103.0
9963,CRS3035RES1000mN2024000E3143000,7222611268,
9964,CRS3035RES1000mN2024000E3143000,7408961006,
9965,CRS3035RES1000mN2024000E3143000,7619964683,
9966,CRS3035RES1000mN2024000E3143000,7836562695,119.0
9967,CRS3035RES1000mN2024000E3143000,8493729364,78.0
9968,CRS3035RES1000mN2024000E3143000,8557885377,
9969,CRS3035RES1000mN2024000E3143000,8807212208,87.0
9970,CRS3035RES1000mN2024000E3143000,8844229173,93.0
9971,CRS3035RES1000mN2024000E3143000,8878422600,100.0
9972,CRS3035RES1000mN2024000E3143000,9595709188,96.0
9973,CRS3035RES1000mN2024000E3143000,9611387099,72.0
9974,CRS3035RES1000mN2024000E3143000,9712656915,79.0
9975,CRS3035RES1000mN2024000E3143000,9713142744,87.0
9976,CRS3035RES1000mN2024000E3143000,9815746657,
9977,CRS3035RES1000mN2024000E3143000,10004871512,115.0
9978,CRS3035RES1000mN2024000E3143000,10281174134,
9979,CRS3035RES1000mN2024000E3143000,10580337411,118.0
9980,CRS3035RES1000mN2024000E3143000,10899442604,57.0
9981,CRS3035RES1000mN2024000E3143000,10922657146,48.0
9982,CRS3035RES1000mN2024000E3143000,11127499928,105.0
9983,CRS3035RES1000mN2024000E3143000,11143725881,98.0
9984,CRS3035RES1000mN2024000E3143000,11243087140,110.0
9985,CRS3035RES1000mN2024000E3143000,11269399969,94.0
9986,CRS3035RES1000mN2024000E3143000,11287269362,119.0
9987,CRS3035RES1000mN2024000E3143000,11287269363,
9988,CRS3035RES1000mN2024000E3143000,11369705764,
9989,CRS3035RES1000mN2024000E3143000,11387776374,105.0
9990,CRS3035RES1000mN2024000E3143000,11461799040,
9991,CRS3035RES1000mN2024000E3143000,11462802981,88.0
9992,CRS3035RES1000mN2024000E3143000,11652077658,102.0
9993,CRS3035RES1000mN2024000E3143000,11691390164,85.0
9994,CRS3035RES1000mN2024000E3143000,11739757462,77.0
9995,CRS3035RES1000mN2024000E3143000,12178446726,73.0
9996,CRS3035RES1000mN2024000E3143000,12407425114,91.0
9997,CRS3035RES1000mN2024000E3143000,12865480228,115.0
9998,CRS3035RES1000mN2024000E3143000,2960630,35.0
9999,CRS3035RES1000mN2024000E3143000,3554044,56.0
10000,CRS3035RES1000mN2024000E3143000,3557906,73.0
10001,CRS3035RES1000mN2024000E3143000,5231361,89.0
10002,CRS3035RES1000mN2024000E3143000,9314566,
10003,CRS3035RES1000mN2024000E3143000,13696257,119.0
10004,CRS3035RES1000mN2024000E3143000,15996131,87.0
10005,CRS3035RES1000mN2024000E3143000,23526191,100.0
10006,CRS3035RES1000mN2024000E3143000,23545719,103.0
10007,CRS3035RES1000mN2024000E3143000,30599279,62.0
10008,CRS3035RES1000mN2024000E3143000,30649229,86.0
10009,CRS3035RES1000mN2024000E3143000,32198651,
10010,CRS3035RES1000mN2024000E3143000,34945111,65.0
10011,CRS3035RES1000mN2024000E3143000,50170625,
10012,CRS3035RES1000mN2024000E3143000,82887228,108.0
10013,CRS3035RES1000mN2024000E3143000,92484952,112.0
10014,CRS3035RES1000mN2024000E3143000,95794713,102.0
10015,CRS3035RES1000mN2024000E3143000,96418670,62.0
10016,CRS3035RES1000mN2024000E3143000,98502686,93.0
10017,CRS3035RES1000mN2024000E3143000,132613257,103.0
10018,CRS3035RES1000mN2024000E3143000,135036040,110.0
10019,CRS3035RES1000mN2024000E3143000,150772489,90.0
10020,CRS3035RES1000mN2024000E3143000,154118456,94.0
10021,CRS3035RES1000mN2024000E3143000,157375776,102.0
10022,CRS3035RES1000mN2024000E3143000,158211204,42.0
10023,CRS3035RES1000mN2024000E3143000,162072415,66.0
10024,CRS3035RES1000mN2024000E3143000,162117720,107.0
10025,CRS3035RES1000mN2024000E3143000,170487273,
10026,CRS3035RES1000mN2024000E3143000,172686062,53.0
10027,CRS3035RES1000mN2024000E3143000,174318235,64.0
10028,CRS3035RES1000mN2024000E3143000,174318237,56.0
10029,CRS3035RES1000mN2024000E3143000,205060159,
10030,CRS3035RES1000mN2024000E3143000,205757163,
10031,CRS3035RES1000mN2024000E3143000,221095520,118.0
10032,CRS3035RES1000mN2024000E3143000,224503374,91.0
10033,CRS3035RES1000mN2024000E3143000,227333462,87.0
10034,CRS3035RES1000mN2024000E3143000,229117454,97.0
10035,CRS3035RES1000mN2024000E3143000,261460389,
10036,CRS3035RES1000mN2024000E3143000,283450022,77.0
10037,CRS3035RES1000mN2024000E3143000,288994040,72.0
10038,CRS3035RES1000mN2024000E3143000,296744564,
10039,CRS3035RES1000mN2024000E3143000,297526406,103.0
10040,CRS3035RES1000mN2024000E3143000,300709861,78.0
10041,CRS3035RES1000mN2024000E3143000,301444634,101.0
10042,CRS3035RES1000mN2024000E3143000,302721609,106.0
10043,CRS3035RES1000mN2024000E3143000,308195630,
10044,CRS3035RES1000mN2024000E3143000,312777902,72.0
10045,CRS3035RES1000mN2024000E3143000,330154630,
10046,CRS3035RES1000mN2024000E3143000,340205456,91.0
10047,CRS3035RES1000mN2024000E3143000,367883612,106.0
10048,CRS3035RES1000mN2024000E3143000,368211943,107.0
10049,CRS3035RES1000mN2024000E3143000,374180360,117.0
10050,CRS3035RES1000mN2024000E3143000,375369499,88.0
10051,CRS3035RES1000mN2024000E3143000,383494544,95.0
10052,CRS3035RES1000mN2024000E3143000,384574591,72.0
10053,CRS3035RES1000mN2024000E3143000,403538322,
10054,CRS3035RES1000mN2024000E3143000,403859503,87.0
10055,CRS3035RES1000mN2024000E3143000,437050442,89.0
10056,CRS3035RES1000mN2024000E3143000,459881697,88.0
10057,CRS3035RES1000mN2024000E3143000,477278425,
10058,CRS3035RES1000mN2024000E3143000,486879235,
10059,CRS3035RES1000mN2024000E3143000,493748377,73.0
10060,CRS3035RES1000mN2024000E3143000,498234201,90.0
10061,CRS3035RES1000mN2024000E3143000,504315026,116.0
10062,CRS3035RES1000mN2024000E3143000,548701490,118.0
10063,CRS3035RES1000mN2024000E3143000,574210084,119.0
10064,CRS3035RES1000mN2024000E3143000,576094143,72.0
10065,CRS3035RES1000mN2024000E3143000,584409067,
10066,CRS3035RES1000mN2024000E3143000,635512756,103.0
10067,CRS3035RES1000mN2024000E3143000,638492224,
10068,CRS3035RES1000mN2024000E3143000,653913062,105.0
10069,CRS3035RES1000mN2024000E3143000,659866770,
10070,CRS3035RES1000mN2024000E3143000,697717972,47.0
10071,CRS3035RES1000mN2024000E3143000,717194862,
10072,CRS3035RES1000mN2024000E3143000,736899303,107.0
10073,CRS3035RES1000mN2024000E3143000,738042217,106.0
10074,CRS3035RES1000mN2024000E3143000,839611983,
10075,CRS3035RES1000mN2024000E3143000,957893520,82.0
10076,CRS3035RES1000mN2024000E3143000,963308110,107.0
10077,CRS3035RES1000mN2024000E3143000,1073283182,103.0
10078,CRS3035RES1000mN2024000E3143000,1252864015,112.0
10079,CRS3035RES1000mN2024000E3143000,1283203658,94.0
10080,CRS3035RES1000mN2024000E3144000,25526,56.0
10081,CRS3035RES1000mN2024000E3144000,1774,75.0
10082,CRS3035RES1000mN2024000E3144000,1770,100.0
10083,CRS3035RES1000mN2024000E3144000,1773,95.0
10084,CRS3035RES1000mN2024000E3144000,1771,75.0
10085,CRS3035RES1000mN2024000E3144000,123303,72.0
10086,CRS3035RES1000mN2024000E3144000,1764,79.0
10087,CRS3035RES1000mN2024000E3144000,181101,95.0
10088,CRS3035RES1000mN2024000E3144000,5765642,62.0
10089,CRS3035RES1000mN2024000E3144000,86719,83.0
10090,CRS3035RES1000mN2024000E3144000,1800,93.0
10091,CRS3035RES1000mN2024000E3144000,1757,64.0
10092,CRS3035RES1000mN2024000E3144000,1755,71.0
10093,CRS3035RES1000mN2024000E3144000,1882,74.0
10094,CRS3035RES1000mN2024000E3144000,1745,97.0
10095,CRS3035RES1000mN2024000E3144000,1794,93.0
10096,CRS3035RES1000mN2024000E3144000,1762,83.0
10097,CRS3035RES1000mN2024000E3144000,51188,84.0
10098,CRS3035RES1000mN2024000E3144000,6893633,85.0
10099,CRS3035RES1000mN2024000E3144000,167128,92.0
10100,CRS3035RES1000mN2024000E3144000,1760,88.0
10101,CRS3035RES1000mN2024000E3144000,12773298,80.0
10102,CRS3035RES1000mN2024000E3144000,1754,84.0
10103,CRS3035RES1000mN2024000E3144000,1748,92.0
10104,CRS3035RES1000mN2024000E3144000,79941,100.0
10105,CRS3035RES1000mN2024000E3144000,1750,93.0
10106,CRS3035RES1000mN2024000E3144000,5975465,74.0
10107,CRS3035RES1000mN2024000E3144000,115056,100.0
10108,CRS3035RES1000mN2024000E3144000,1790,91.0
10109,CRS3035RES1000mN2024000E3144000,1756,67.0
10110,CRS3035RES1000mN2024000E3144000,51849,93.0
10111,CRS3035RES1000mN2024000E3144000,185595,85.0
10112,CRS3035RES1000mN2024000E3144000,7697128,70.0
10113,CRS3035RES1000mN2024000E3144000,10395362,99.0
10114,CRS3035RES1000mN2024000E3144000,1759,86.0
10115,CRS3035RES1000mN2024000E3144000,1752,85.0
10116,CRS3035RES1000mN2024000E3144000,186714,90.0
10117,CRS3035RES1000mN2024000E3144000,1753,87.0
10118,CRS3035RES1000mN2024000E3144000,1792,87.0
10119,CRS3035RES1000mN2024000E3144000,1763,73.0
10120,CRS3035RES1000mN2024000E3144000,1746,100.0
10121,CRS3035RES1000mN2024000E3144000,11572165,80.0
10122,CRS3035RES1000mN2024000E3144000,1761,82.0
10123,CRS3035RES1000mN2024000E3144000,1747,96.0
10124,CRS3035RES1000mN2024000E3144000,5768564,60.0
10125,CRS3035RES1000mN2024000E3144000,1798,68.0
10126,CRS3035RES1000mN2024000E3144000,66904,92.0
10127,CRS3035RES1000mN2024000E3144000,1777,77.0
10128,CRS3035RES1000mN2024000E3144000,1765,86.0
10129,CRS3035RES1000mN2024000E3144000,49416,89.0
10130,CRS3035RES1000mN2024000E3144000,12734939,89.0
10131,CRS3035RES1000mN2024000E3144000,167386167,79.0
10132,CRS3035RES1000mN2024000E3144000,295933804,82.0
10133,CRS3035RES1000mN2024000E3144000,303340017,77.0
10134,CRS3035RES1000mN2024000E3144000,315355551,82.0
10135,CRS3035RES1000mN2024000E3144000,339084977,76.0
10136,CRS3035RES1000mN2024000E3144000,412911553,80.0
10137,CRS3035RES1000mN2024000E3144000,558126037,76.0
10138,CRS3035RES1000mN2024000E3144000,711789768,55.0
10139,CRS3035RES1000mN2024000E3144000,727666062,
10140,CRS3035RES1000mN2024000E3144000,848085869,62.0
10141,CRS3035RES1000mN2024000E3144000,1056098898,90.0
10142,CRS3035RES1000mN2024000E3144000,1255438242,
10143,CRS3035RES1000mN2024000E3144000,1469985039,102.0
10144,CRS3035RES1000mN2024000E3144000,1504302537,
10145,CRS3035RES1000mN2024000E3144000,1511617504,29.0
10146,CRS3035RES1000mN2024000E3144000,1541601287,100.0
10147,CRS3035RES1000mN2024000E3144000,1544591296,96.0
10148,CRS3035RES1000mN2024000E3144000,1598174183,100.0
10149,CRS3035RES1000mN2024000E3144000,1629887846,104.0
10150,CRS3035RES1000mN2024000E3144000,1686660176,103.0
10151,CRS3035RES1000mN2024000E3144000,1716927336,97.0
10152,CRS3035RES1000mN2024000E3144000,1734554324,119.0
10153,CRS3035RES1000mN2024000E3144000,1849109335,82.0
10154,CRS3035RES1000mN2024000E3144000,2028408680,52.0
10155,CRS3035RES1000mN2024000E3144000,2036887702,
10156,CRS3035RES1000mN2024000E3144000,2061404218,103.0
10157,CRS3035RES1000mN2024000E3144000,2134238030,114.0
10158,CRS3035RES1000mN2024000E3144000,2261600754,
10159,CRS3035RES1000mN2024000E3144000,2301402027,112.0
10160,CRS3035RES1000mN2024000E3144000,2303966810,56.0
10161,CRS3035RES1000mN2024000E3144000,2312029862,103.0
10162,CRS3035RES1000mN2024000E3144000,2408860250,107.0
10163,CRS3035RES1000mN2024000E3144000,2620185829,83.0
10164,CRS3035RES1000mN2024000E3144000,2622508931,80.0
10165,CRS3035RES1000mN2024000E3144000,2672130951,104.0
10166,CRS3035RES1000mN2024000E3144000,2710518818,112.0
10167,CRS3035RES1000mN2024000E3144000,3034026261,74.0
10168,CRS3035RES1000mN2024000E3144000,3179889751,
10169,CRS3035RES1000mN2024000E3144000,3206611978,
10170,CRS3035RES1000mN2024000E3144000,3272828439,61.0
10171,CRS3035RES1000mN2024000E3144000,3452364276,106.0
10172,CRS3035RES1000mN2024000E3144000,3452364277,88.0
10173,CRS3035RES1000mN2024000E3144000,3495733197,
10174,CRS3035RES1000mN2024000E3144000,3497154853,
10175,CRS3035RES1000mN2024000E3144000,3517755445,
10176,CRS3035RES1000mN2024000E3144000,3522125657,
10177,CRS3035RES1000mN2024000E3144000,3526751794,
10178,CRS3035RES1000mN2024000E3144000,3839306060,107.0
10179,CRS3035RES1000mN2024000E3144000,4214697664,64.0
10180,CRS3035RES1000mN2024000E3144000,4338252586,
10181,CRS3035RES1000mN2024000E3144000,4401271633,
10182,CRS3035RES1000mN2024000E3144000,4515476768,82.0
10183,CRS3035RES1000mN2024000E3144000,4569910891,75.0
10184,CRS3035RES1000mN2024000E3144000,4703730491,83.0
10185,CRS3035RES1000mN2024000E3144000,4707870392,79.0
10186,CRS3035RES1000mN2024000E3144000,4789037769,116.0
10187,CRS3035RES1000mN2024000E3144000,4794233143,
10188,CRS3035RES1000mN2024000E3144000,4870405674,61.0
10189,CRS3035RES1000mN2024000E3144000,5139379922,94.0
10190,CRS3035RES1000mN2024000E3144000,5160337425,78.0
10191,CRS3035RES1000mN2024000E3144000,5196199575,85.0
10192,CRS3035RES1000mN2024000E3144000,5341570554,85.0
10193,CRS3035RES1000mN2024000E3144000,5345949864,110.0
10194,CRS3035RES1000mN2024000E3144000,5448507385,
10195,CRS3035RES1000mN2024000E3144000,5604693894,
10196,CRS3035RES1000mN2024000E3144000,5670401989,
10197,CRS3035RES1000mN2024000E3144000,5942671299,116.0
10198,CRS3035RES1000mN2024000E3144000,5943980960,45.0
10199,CRS3035RES1000mN2024000E3144000,6185791451,
10200,CRS3035RES1000mN2024000E3144000,6188948286,107.0
10201,CRS3035RES1000mN2024000E3144000,6555800191,36.0
10202,CRS3035RES1000mN2024000E3144000,6885254479,99.0
10203,CRS3035RES1000mN2024000E3144000,7222611268,
10204,CRS3035RES1000mN2024000E3144000,7408961006,
10205,CRS3035RES1000mN2024000E3144000,7619964683,
10206,CRS3035RES1000mN2024000E3144000,7836562695,115.0
10207,CRS3035RES1000mN2024000E3144000,8493729364,73.0
10208,CRS3035RES1000mN2024000E3144000,8557885377,108.0
10209,CRS3035RES1000mN2024000E3144000,8807212208,81.0
10210,CRS3035RES1000mN2024000E3144000,8844229173,86.0
10211,CRS3035RES1000mN2024000E3144000,8878422600,99.0
10212,CRS3035RES1000mN2024000E3144000,9595709188,90.0
10213,CRS3035RES1000mN2024000E3144000,9611387099,67.0
10214,CRS3035RES1000mN2024000E3144000,9712656915,74.0
10215,CRS3035RES1000mN2024000E3144000,9713142744,81.0
10216,CRS3035RES1000mN2024000E3144000,9815746657,
10217,CRS3035RES1000mN2024000E3144000,10004871512,103.0
10218,CRS3035RES1000mN2024000E3144000,10281174134,
10219,CRS3035RES1000mN2024000E3144000,10580337411,111.0
10220,CRS3035RES1000mN2024000E3144000,10899442604,53.0
10221,CRS3035RES1000mN2024000E3144000,10922657146,44.0
10222,CRS3035RES1000mN2024000E3144000,11127499928,101.0
10223,CRS3035RES1000mN2024000E3144000,11143725881,89.0
10224,CRS3035RES1000mN2024000E3144000,11243087140,107.0
10225,CRS3035RES1000mN2024000E3144000,11269399969,89.0
10226,CRS3035RES1000mN2024000E3144000,11287269362,107.0
10227,CRS3035RES1000mN2024000E3144000,11287269363,
10228,CRS3035RES1000mN2024000E3144000,11369705764,117.0
10229,CRS3035RES1000mN2024000E3144000,11387776374,101.0
10230,CRS3035RES1000mN2024000E3144000,11461799040,
10231,CRS3035RES1000mN2024000E3144000,11462802981,84.0
10232,CRS3035RES1000mN2024000E3144000,11652077658,87.0
10233,CRS3035RES1000mN2024000E3144000,11691390164,79.0
10234,CRS3035RES1000mN2024000E3144000,11739757462,71.0
10235,CRS3035RES1000mN2024000E3144000,12178446726,68.0
10236,CRS3035RES1000mN2024000E3144000,12407425114,91.0
10237,CRS3035RES1000mN2024000E3144000,12865480228,108.0
10238,CRS3035RES1000mN2024000E3144000,2960630,28.0
10239,CRS3035RES1000mN2024000E3144000,3554044,40.0
10240,CRS3035RES1000mN2024000E3144000,3557906,69.0
10241,CRS3035RES1000mN2024000E3144000,5231361,84.0
10242,CRS3035RES1000mN2024000E3144000,9314566,
10243,CRS3035RES1000mN2024000E3144000,13696257,110.0
10244,CRS3035RES1000mN2024000E3144000,15996131,81.0
10245,CRS3035RES1000mN2024000E3144000,23526191,95.0
10246,CRS3035RES1000mN2024000E3144000,23545719,97.0
10247,CRS3035RES1000mN2024000E3144000,30599279,58.0
10248,CRS3035RES1000mN2024000E3144000,30649229,80.0
10249,CRS3035RES1000mN2024000E3144000,32198651,
10250,CRS3035RES1000mN2024000E3144000,34945111,61.0
10251,CRS3035RES1000mN2024000E3144000,50170625,
10252,CRS3035RES1000mN2024000E3144000,82887228,104.0
10253,CRS3035RES1000mN2024000E3144000,92484952,100.0
10254,CRS3035RES1000mN2024000E3144000,95794713,99.0
10255,CRS3035RES1000mN2024000E3144000,96418670,57.0
10256,CRS3035RES1000mN2024000E3144000,98502686,83.0
10257,CRS3035RES1000mN2024000E3144000,132613257,100.0
10258,CRS3035RES1000mN2024000E3144000,135036040,105.0
10259,CRS3035RES1000mN2024000E3144000,150772489,84.0
10260,CRS3035RES1000mN2024000E3144000,154118456,94.0
10261,CRS3035RES1000mN2024000E3144000,157375776,98.0
10262,CRS3035RES1000mN2024000E3144000,158211204,34.0
10263,CRS3035RES1000mN2024000E3144000,162072415,62.0
10264,CRS3035RES1000mN2024000E3144000,162117720,97.0
10265,CRS3035RES1000mN2024000E3144000,170487273,
10266,CRS3035RES1000mN2024000E3144000,172686062,47.0
10267,CRS3035RES1000mN2024000E3144000,174318235,62.0
10268,CRS3035RES1000mN2024000E3144000,174318237,52.0
10269,CRS3035RES1000mN2024000E3144000,205060159,
10270,CRS3035RES1000mN2024000E3144000,205757163,
10271,CRS3035RES1000mN2024000E3144000,221095520,111.0
10272,CRS3035RES1000mN2024000E3144000,224503374,85.0
10273,CRS3035RES1000mN2024000E3144000,227333462,87.0
10274,CRS3035RES1000mN2024000E3144000,229117454,88.0
10275,CRS3035RES1000mN2024000E3144000,261460389,
10276,CRS3035RES1000mN2024000E3144000,283450022,71.0
10277,CRS3035RES1000mN2024000E3144000,288994040,67.0
10278,CRS3035RES1000mN2024000E3144000,296744564,
10279,CRS3035RES1000mN2024000E3144000,297526406,99.0
10280,CRS3035RES1000mN2024000E3144000,300709861,73.0
10281,CRS3035RES1000mN2024000E3144000,301444634,101.0
10282,CRS3035RES1000mN2024000E3144000,302721609,104.0
10283,CRS3035RES1000mN2024000E3144000,308195630,114.0
10284,CRS3035RES1000mN2024000E3144000,312777902,67.0
10285,CRS3035RES1000mN2024000E3144000,330154630,
10286,CRS3035RES1000mN2024000E3144000,340205456,85.0
10287,CRS3035RES1000mN2024000E3144000,367883612,101.0
10288,CRS3035RES1000mN2024000E3144000,368211943,99.0
10289,CRS3035RES1000mN2024000E3144000,374180360,107.0
10290,CRS3035RES1000mN2024000E3144000,375369499,88.0
10291,CRS3035RES1000mN2024000E3144000,383494544,89.0
10292,CRS3035RES1000mN2024000E3144000,384574591,68.0
10293,CRS3035RES1000mN2024000E3144000,403538322,115.0
10294,CRS3035RES1000mN2024000E3144000,403859503,81.0
10295,CRS3035RES1000mN2024000E3144000,437050442,85.0
10296,CRS3035RES1000mN2024000E3144000,459881697,88.0
10297,CRS3035RES1000mN2024000E3144000,477278425,
10298,CRS3035RES1000mN2024000E3144000,486879235,
10299,CRS3035RES1000mN2024000E3144000,493748377,69.0
10300,CRS3035RES1000mN2024000E3144000,498234201,85.0
10301,CRS3035RES1000mN2024000E3144000,504315026,109.0
10302,CRS3035RES1000mN2024000E3144000,548701490,117.0
10303,CRS3035RES1000mN2024000E3144000,574210084,96.0
10304,CRS3035RES1000mN2024000E3144000,576094143,64.0
10305,CRS3035RES1000mN2024000E3144000,584409067,
10306,CRS3035RES1000mN2024000E3144000,635512756,99.0
10307,CRS3035RES1000mN2024000E3144000,638492224,
10308,CRS3035RES1000mN2024000E3144000,653913062,101.0
10309,CRS3035RES1000mN2024000E3144000,659866770,
10310,CRS3035RES1000mN2024000E3144000,697717972,42.0
10311,CRS3035RES1000mN2024000E3144000,717194862,
10312,CRS3035RES1000mN2024000E3144000,736899303,106.0
10313,CRS3035RES1000mN2024000E3144000,738042217,106.0
10314,CRS3035RES1000mN2024000E3144000,839611983,
10315,CRS3035RES1000mN2024000E3144000,957893520,77.0
10316,CRS3035RES1000mN2024000E3144000,963308110,102.0
10317,CRS3035RES1000mN2024000E3144000,1073283182,99.0
10318,CRS3035RES1000mN2024000E3144000,1252864015,100.0
10319,CRS3035RES1000mN2024000E3144000,1283203658,94.0
10320,CRS3035RES1000mN2025000E3142000,25526,70.0
10321,CRS3035RES1000mN2025000E3142000,1774,92.0
10322,CRS3035RES1000mN2025000E3142000,1770,108.0
10323,CRS3035RES1000mN2025000E3142000,1773,111.0
10324,CRS3035RES1000mN2025000E3142000,1771,84.0
10325,CRS3035RES1000mN2025000E3142000,123303,92.0
10326,CRS3035RES1000mN2025000E3142000,1764,87.0
10327,CRS3035RES1000mN2025000E3142000,181101,111.0
10328,CRS3035RES1000mN2025000E3142000,5765642,77.0
10329,CRS3035RES1000mN2025000E3142000,86719,102.0
10330,CRS3035RES1000mN2025000E3142000,1800,107.0
10331,CRS3035RES1000mN2025000E3142000,1757,72.0
10332,CRS3035RES1000mN2025000E3142000,1755,86.0
10333,CRS3035RES1000mN2025000E3142000,1882,81.0
10334,CRS3035RES1000mN2025000E3142000,1745,104.0
10335,CRS3035RES1000mN2025000E3142000,1794,99.0
10336,CRS3035RES1000mN2025000E3142000,1762,92.0
10337,CRS3035RES1000mN2025000E3142000,51188,91.0
10338,CRS3035RES1000mN2025000E3142000,6893633,97.0
10339,CRS3035RES1000mN2025000E3142000,167128,108.0
10340,CRS3035RES1000mN2025000E3142000,1760,95.0
10341,CRS3035RES1000mN2025000E3142000,12773298,106.0
10342,CRS3035RES1000mN2025000E3142000,1754,102.0
10343,CRS3035RES1000mN2025000E3142000,1748,108.0
10344,CRS3035RES1000mN2025000E3142000,79941,109.0
10345,CRS3035RES1000mN2025000E3142000,1750,101.0
10346,CRS3035RES1000mN2025000E3142000,5975465,87.0
10347,CRS3035RES1000mN2025000E3142000,115056,107.0
10348,CRS3035RES1000mN2025000E3142000,1790,99.0
10349,CRS3035RES1000mN2025000E3142000,1756,81.0
10350,CRS3035RES1000mN2025000E3142000,51849,102.0
10351,CRS3035RES1000mN2025000E3142000,185595,96.0
10352,CRS3035RES1000mN2025000E3142000,7697128,78.0
10353,CRS3035RES1000mN2025000E3142000,10395362,110.0
10354,CRS3035RES1000mN2025000E3142000,1759,95.0
10355,CRS3035RES1000mN2025000E3142000,1752,101.0
10356,CRS3035RES1000mN2025000E3142000,186714,98.0
10357,CRS3035RES1000mN2025000E3142000,1753,101.0
10358,CRS3035RES1000mN2025000E3142000,1792,104.0
10359,CRS3035RES1000mN2025000E3142000,1763,88.0
10360,CRS3035RES1000mN2025000E3142000,1746,109.0
10361,CRS3035RES1000mN2025000E3142000,11572165,101.0
10362,CRS3035RES1000mN2025000E3142000,1761,96.0
10363,CRS3035RES1000mN2025000E3142000,1747,112.0
10364,CRS3035RES1000mN2025000E3142000,5768564,72.0
10365,CRS3035RES1000mN2025000E3142000,1798,84.0
10366,CRS3035RES1000mN2025000E3142000,66904,98.0
10367,CRS3035RES1000mN2025000E3142000,1777,87.0
10368,CRS3035RES1000mN2025000E3142000,1765,95.0
10369,CRS3035RES1000mN2025000E3142000,49416,106.0
10370,CRS3035RES1000mN2025000E3142000,12734939,106.0
10371,CRS3035RES1000mN2025000E3142000,167386167,87.0
10372,CRS3035RES1000mN2025000E3142000,295933804,97.0
10373,CRS3035RES1000mN2025000E3142000,303340017,102.0
10374,CRS3035RES1000mN2025000E3142000,315355551,101.0
10375,CRS3035RES1000mN2025000E3142000,339084977,89.0
10376,CRS3035RES1000mN2025000E3142000,412911553,91.0
10377,CRS3035RES1000mN2025000E3142000,558126037,84.0
10378,CRS3035RES1000mN2025000E3142000,711789768,84.0
10379,CRS3035RES1000mN2025000E3142000,727666062,97.0
10380,CRS3035RES1000mN2025000E3142000,848085869,84.0
10381,CRS3035RES1000mN2025000E3142000,1056098898,101.0
10382,CRS3035RES1000mN2025000E3142000,1255438242,
10383,CRS3035RES1000mN2025000E3142000,1469985039,118.0
10384,CRS3035RES1000mN2025000E3142000,1504302537,
10385,CRS3035RES1000mN2025000E3142000,1511617504,63.0
10386,CRS3035RES1000mN2025000E3142000,1541601287,109.0
10387,CRS3035RES1000mN2025000E3142000,1544591296,101.0
10388,CRS3035RES1000mN2025000E3142000,1598174183,113.0
10389,CRS3035RES1000mN2025000E3142000,1629887846,118.0
10390,CRS3035RES1000mN2025000E3142000,1686660176,110.0
10391,CRS3035RES1000mN2025000E3142000,1716927336,
10392,CRS3035RES1000mN2025000E3142000,1734554324,
10393,CRS3035RES1000mN2025000E3142000,1849109335,106.0
10394,CRS3035RES1000mN2025000E3142000,2028408680,73.0
10395,CRS3035RES1000mN2025000E3142000,2036887702,
10396,CRS3035RES1000mN2025000E3142000,2061404218,104.0
10397,CRS3035RES1000mN2025000E3142000,2134238030,
10398,CRS3035RES1000mN2025000E3142000,2261600754,
10399,CRS3035RES1000mN2025000E3142000,2301402027,
10400,CRS3035RES1000mN2025000E3142000,2303966810,81.0
10401,CRS3035RES1000mN2025000E3142000,2312029862,116.0
10402,CRS3035RES1000mN2025000E3142000,2408860250,119.0
10403,CRS3035RES1000mN2025000E3142000,2620185829,94.0
10404,CRS3035RES1000mN2025000E3142000,2622508931,91.0
10405,CRS3035RES1000mN2025000E3142000,2672130951,
10406,CRS3035RES1000mN2025000E3142000,2710518818,
10407,CRS3035RES1000mN2025000E3142000,3034026261,93.0
10408,CRS3035RES1000mN2025000E3142000,3179889751,
10409,CRS3035RES1000mN2025000E3142000,3206611978,
10410,CRS3035RES1000mN2025000E3142000,3272828439,90.0
10411,CRS3035RES1000mN2025000E3142000,3452364276,114.0
10412,CRS3035RES1000mN2025000E3142000,3452364277,95.0
10413,CRS3035RES1000mN2025000E3142000,3495733197,
10414,CRS3035RES1000mN2025000E3142000,3497154853,
10415,CRS3035RES1000mN2025000E3142000,3517755445,
10416,CRS3035RES1000mN2025000E3142000,3522125657,
10417,CRS3035RES1000mN2025000E3142000,3526751794,
10418,CRS3035RES1000mN2025000E3142000,3839306060,115.0
10419,CRS3035RES1000mN2025000E3142000,4214697664,77.0
10420,CRS3035RES1000mN2025000E3142000,4338252586,
10421,CRS3035RES1000mN2025000E3142000,4401271633,
10422,CRS3035RES1000mN2025000E3142000,4515476768,
10423,CRS3035RES1000mN2025000E3142000,4569910891,83.0
10424,CRS3035RES1000mN2025000E3142000,4703730491,93.0
10425,CRS3035RES1000mN2025000E3142000,4707870392,87.0
10426,CRS3035RES1000mN2025000E3142000,4789037769,
10427,CRS3035RES1000mN2025000E3142000,4794233143,
10428,CRS3035RES1000mN2025000E3142000,4870405674,75.0
10429,CRS3035RES1000mN2025000E3142000,5139379922,57.0
10430,CRS3035RES1000mN2025000E3142000,5160337425,89.0
10431,CRS3035RES1000mN2025000E3142000,5196199575,83.0
10432,CRS3035RES1000mN2025000E3142000,5341570554,101.0
10433,CRS3035RES1000mN2025000E3142000,5345949864,
10434,CRS3035RES1000mN2025000E3142000,5448507385,
10435,CRS3035RES1000mN2025000E3142000,5604693894,
10436,CRS3035RES1000mN2025000E3142000,5670401989,
10437,CRS3035RES1000mN2025000E3142000,5942671299,
10438,CRS3035RES1000mN2025000E3142000,5943980960,29.0
10439,CRS3035RES1000mN2025000E3142000,6185791451,
10440,CRS3035RES1000mN2025000E3142000,6188948286,
10441,CRS3035RES1000mN2025000E3142000,6555800191,62.0
10442,CRS3035RES1000mN2025000E3142000,6885254479,104.0
10443,CRS3035RES1000mN2025000E3142000,7222611268,
10444,CRS3035RES1000mN2025000E3142000,7408961006,
10445,CRS3035RES1000mN2025000E3142000,7619964683,
10446,CRS3035RES1000mN2025000E3142000,7836562695,
10447,CRS3035RES1000mN2025000E3142000,8493729364,88.0
10448,CRS3035RES1000mN2025000E3142000,8557885377,
10449,CRS3035RES1000mN2025000E3142000,8807212208,88.0
10450,CRS3035RES1000mN2025000E3142000,8844229173,94.0
10451,CRS3035RES1000mN2025000E3142000,8878422600,101.0
10452,CRS3035RES1000mN2025000E3142000,9595709188,98.0
10453,CRS3035RES1000mN2025000E3142000,9611387099,82.0
10454,CRS3035RES1000mN2025000E3142000,9712656915,84.0
10455,CRS3035RES1000mN2025000E3142000,9713142744,88.0
10456,CRS3035RES1000mN2025000E3142000,9815746657,
10457,CRS3035RES1000mN2025000E3142000,10004871512,116.0
10458,CRS3035RES1000mN2025000E3142000,10281174134,
10459,CRS3035RES1000mN2025000E3142000,10580337411,119.0
10460,CRS3035RES1000mN2025000E3142000,10899442604,80.0
10461,CRS3035RES1000mN2025000E3142000,10922657146,71.0
10462,CRS3035RES1000mN2025000E3142000,11127499928,
10463,CRS3035RES1000mN2025000E3142000,11143725881,112.0
10464,CRS3035RES1000mN2025000E3142000,11243087140,111.0
10465,CRS3035RES1000mN2025000E3142000,11269399969,98.0
10466,CRS3035RES1000mN2025000E3142000,11287269362,
10467,CRS3035RES1000mN2025000E3142000,11287269363,
10468,CRS3035RES1000mN2025000E3142000,11369705764,
10469,CRS3035RES1000mN2025000E3142000,11387776374,117.0
10470,CRS3035RES1000mN2025000E3142000,11461799040,
10471,CRS3035RES1000mN2025000E3142000,11462802981,100.0
10472,CRS3035RES1000mN2025000E3142000,11652077658,111.0
10473,CRS3035RES1000mN2025000E3142000,11691390164,90.0
10474,CRS3035RES1000mN2025000E3142000,11739757462,95.0
10475,CRS3035RES1000mN2025000E3142000,12178446726,83.0
10476,CRS3035RES1000mN2025000E3142000,12407425114,82.0
10477,CRS3035RES1000mN2025000E3142000,12865480228,116.0
10478,CRS3035RES1000mN2025000E3142000,2960630,47.0
10479,CRS3035RES1000mN2025000E3142000,3554044,62.0
10480,CRS3035RES1000mN2025000E3142000,3557906,95.0
10481,CRS3035RES1000mN2025000E3142000,5231361,94.0
10482,CRS3035RES1000mN2025000E3142000,9314566,
10483,CRS3035RES1000mN2025000E3142000,13696257,119.0
10484,CRS3035RES1000mN2025000E3142000,15996131,90.0
10485,CRS3035RES1000mN2025000E3142000,23526191,101.0
10486,CRS3035RES1000mN2025000E3142000,23545719,105.0
10487,CRS3035RES1000mN2025000E3142000,30599279,78.0
10488,CRS3035RES1000mN2025000E3142000,30649229,90.0
10489,CRS3035RES1000mN2025000E3142000,32198651,
10490,CRS3035RES1000mN2025000E3142000,34945111,88.0
10491,CRS3035RES1000mN2025000E3142000,50170625,
10492,CRS3035RES1000mN2025000E3142000,82887228,114.0
10493,CRS3035RES1000mN2025000E3142000,92484952,98.0
10494,CRS3035RES1000mN2025000E3142000,95794713,116.0
10495,CRS3035RES1000mN2025000E3142000,96418670,84.0
10496,CRS3035RES1000mN2025000E3142000,98502686,94.0
10497,CRS3035RES1000mN2025000E3142000,132613257,116.0
10498,CRS3035RES1000mN2025000E3142000,135036040,
10499,CRS3035RES1000mN2025000E3142000,150772489,95.0
10500,CRS3035RES1000mN2025000E3142000,154118456,103.0
10501,CRS3035RES1000mN2025000E3142000,157375776,
10502,CRS3035RES1000mN2025000E3142000,158211204,64.0
10503,CRS3035RES1000mN2025000E3142000,162072415,82.0
10504,CRS3035RES1000mN2025000E3142000,162117720,108.0
10505,CRS3035RES1000mN2025000E3142000,170487273,
10506,CRS3035RES1000mN2025000E3142000,172686062,75.0
10507,CRS3035RES1000mN2025000E3142000,174318235,84.0
10508,CRS3035RES1000mN2025000E3142000,174318237,79.0
10509,CRS3035RES1000mN2025000E3142000,205060159,
10510,CRS3035RES1000mN2025000E3142000,205757163,
10511,CRS3035RES1000mN2025000E3142000,221095520,119.0
10512,CRS3035RES1000mN2025000E3142000,224503374,93.0
10513,CRS3035RES1000mN2025000E3142000,227333462,88.0
10514,CRS3035RES1000mN2025000E3142000,229117454,111.0
10515,CRS3035RES1000mN2025000E3142000,261460389,
10516,CRS3035RES1000mN2025000E3142000,283450022,78.0
10517,CRS3035RES1000mN2025000E3142000,288994040,82.0
10518,CRS3035RES1000mN2025000E3142000,296744564,
10519,CRS3035RES1000mN2025000E3142000,297526406,
10520,CRS3035RES1000mN2025000E3142000,300709861,103.0
10521,CRS3035RES1000mN2025000E3142000,301444634,85.0
10522,CRS3035RES1000mN2025000E3142000,302721609,
10523,CRS3035RES1000mN2025000E3142000,308195630,
10524,CRS3035RES1000mN2025000E3142000,312777902,82.0
10525,CRS3035RES1000mN2025000E3142000,330154630,
10526,CRS3035RES1000mN2025000E3142000,340205456,96.0
10527,CRS3035RES1000mN2025000E3142000,367883612,112.0
10528,CRS3035RES1000mN2025000E3142000,368211943,113.0
10529,CRS3035RES1000mN2025000E3142000,374180360,118.0
10530,CRS3035RES1000mN2025000E3142000,375369499,97.0
10531,CRS3035RES1000mN2025000E3142000,383494544,97.0
10532,CRS3035RES1000mN2025000E3142000,384574591,94.0
10533,CRS3035RES1000mN2025000E3142000,403538322,
10534,CRS3035RES1000mN2025000E3142000,403859503,91.0
10535,CRS3035RES1000mN2025000E3142000,437050442,110.0
10536,CRS3035RES1000mN2025000E3142000,459881697,89.0
10537,CRS3035RES1000mN2025000E3142000,477278425,
10538,CRS3035RES1000mN2025000E3142000,486879235,
10539,CRS3035RES1000mN2025000E3142000,493748377,81.0
10540,CRS3035RES1000mN2025000E3142000,498234201,112.0
10541,CRS3035RES1000mN2025000E3142000,504315026,117.0
10542,CRS3035RES1000mN2025000E3142000,548701490,
10543,CRS3035RES1000mN2025000E3142000,574210084,
10544,CRS3035RES1000mN2025000E3142000,576094143,84.0
10545,CRS3035RES1000mN2025000E3142000,584409067,
10546,CRS3035RES1000mN2025000E3142000,635512756,
10547,CRS3035RES1000mN2025000E3142000,638492224,
10548,CRS3035RES1000mN2025000E3142000,653913062,
10549,CRS3035RES1000mN2025000E3142000,659866770,
10550,CRS3035RES1000mN2025000E3142000,697717972,64.0
10551,CRS3035RES1000mN2025000E3142000,717194862,
10552,CRS3035RES1000mN2025000E3142000,736899303,117.0
10553,CRS3035RES1000mN2025000E3142000,738042217,
10554,CRS3035RES1000mN2025000E3142000,839611983,
10555,CRS3035RES1000mN2025000E3142000,957893520,91.0
10556,CRS3035RES1000mN2025000E3142000,963308110,118.0
10557,CRS3035RES1000mN2025000E3142000,1073283182,
10558,CRS3035RES1000mN2025000E3142000,1252864015,113.0
10559,CRS3035RES1000mN2025000E3142000,1283203658,
10560,CRS3035RES1000mN2025000E3143000,25526,68.0
10561,CRS3035RES1000mN2025000E3143000,1774,84.0
10562,CRS3035RES1000mN2025000E3143000,1770,105.0
10563,CRS3035RES1000mN2025000E3143000,1773,105.0
10564,CRS3035RES1000mN2025000E3143000,1771,82.0
10565,CRS3035RES1000mN2025000E3143000,123303,78.0
10566,CRS3035RES1000mN2025000E3143000,1764,85.0
10567,CRS3035RES1000mN2025000E3143000,181101,108.0
10568,CRS3035RES1000mN2025000E3143000,5765642,75.0
10569,CRS3035RES1000mN2025000E3143000,86719,96.0
10570,CRS3035RES1000mN2025000E3143000,1800,103.0
10571,CRS3035RES1000mN2025000E3143000,1757,70.0
10572,CRS3035RES1000mN2025000E3143000,1755,82.0
10573,CRS3035RES1000mN2025000E3143000,1882,79.0
10574,CRS3035RES1000mN2025000E3143000,1745,102.0
10575,CRS3035RES1000mN2025000E3143000,1794,97.0
10576,CRS3035RES1000mN2025000E3143000,1762,89.0
10577,CRS3035RES1000mN2025000E3143000,51188,89.0
10578,CRS3035RES1000mN2025000E3143000,6893633,92.0
10579,CRS3035RES1000mN2025000E3143000,167128,102.0
10580,CRS3035RES1000mN2025000E3143000,1760,93.0
10581,CRS3035RES1000mN2025000E3143000,12773298,97.0
10582,CRS3035RES1000mN2025000E3143000,1754,91.0
10583,CRS3035RES1000mN2025000E3143000,1748,104.0
10584,CRS3035RES1000mN2025000E3143000,79941,106.0
10585,CRS3035RES1000mN2025000E3143000,1750,98.0
10586,CRS3035RES1000mN2025000E3143000,5975465,84.0
10587,CRS3035RES1000mN2025000E3143000,115056,104.0
10588,CRS3035RES1000mN2025000E3143000,1790,97.0
10589,CRS3035RES1000mN2025000E3143000,1756,79.0
10590,CRS3035RES1000mN2025000E3143000,51849,98.0
10591,CRS3035RES1000mN2025000E3143000,185595,92.0
10592,CRS3035RES1000mN2025000E3143000,7697128,76.0
10593,CRS3035RES1000mN2025000E3143000,10395362,103.0
10594,CRS3035RES1000mN2025000E3143000,1759,92.0
10595,CRS3035RES1000mN2025000E3143000,1752,95.0
10596,CRS3035RES1000mN2025000E3143000,186714,95.0
10597,CRS3035RES1000mN2025000E3143000,1753,97.0
10598,CRS3035RES1000mN2025000E3143000,1792,100.0
10599,CRS3035RES1000mN2025000E3143000,1763,85.0
10600,CRS3035RES1000mN2025000E3143000,1746,104.0
10601,CRS3035RES1000mN2025000E3143000,11572165,89.0
10602,CRS3035RES1000mN2025000E3143000,1761,92.0
10603,CRS3035RES1000mN2025000E3143000,1747,106.0
10604,CRS3035RES1000mN2025000E3143000,5768564,69.0
10605,CRS3035RES1000mN2025000E3143000,1798,80.0
10606,CRS3035RES1000mN2025000E3143000,66904,95.0
10607,CRS3035RES1000mN2025000E3143000,1777,84.0
10608,CRS3035RES1000mN2025000E3143000,1765,92.0
10609,CRS3035RES1000mN2025000E3143000,49416,102.0
10610,CRS3035RES1000mN2025000E3143000,12734939,102.0
10611,CRS3035RES1000mN2025000E3143000,167386167,85.0
10612,CRS3035RES1000mN2025000E3143000,295933804,95.0
10613,CRS3035RES1000mN2025000E3143000,303340017,102.0
10614,CRS3035RES1000mN2025000E3143000,315355551,99.0
10615,CRS3035RES1000mN2025000E3143000,339084977,86.0
10616,CRS3035RES1000mN2025000E3143000,412911553,88.0
10617,CRS3035RES1000mN2025000E3143000,558126037,84.0
10618,CRS3035RES1000mN2025000E3143000,711789768,85.0
10619,CRS3035RES1000mN2025000E3143000,727666062,
10620,CRS3035RES1000mN2025000E3143000,848085869,78.0
10621,CRS3035RES1000mN2025000E3143000,1056098898,98.0
10622,CRS3035RES1000mN2025000E3143000,1255438242,
10623,CRS3035RES1000mN2025000E3143000,1469985039,116.0
10624,CRS3035RES1000mN2025000E3143000,1504302537,
10625,CRS3035RES1000mN2025000E3143000,1511617504,52.0
10626,CRS3035RES1000mN2025000E3143000,1541601287,108.0
10627,CRS3035RES1000mN2025000E3143000,1544591296,99.0
10628,CRS3035RES1000mN2025000E3143000,1598174183,111.0
10629,CRS3035RES1000mN2025000E3143000,1629887846,116.0
10630,CRS3035RES1000mN2025000E3143000,1686660176,108.0
10631,CRS3035RES1000mN2025000E3143000,1716927336,108.0
10632,CRS3035RES1000mN2025000E3143000,1734554324,
10633,CRS3035RES1000mN2025000E3143000,1849109335,106.0
10634,CRS3035RES1000mN2025000E3143000,2028408680,64.0
10635,CRS3035RES1000mN2025000E3143000,2036887702,
10636,CRS3035RES1000mN2025000E3143000,2061404218,105.0
10637,CRS3035RES1000mN2025000E3143000,2134238030,
10638,CRS3035RES1000mN2025000E3143000,2261600754,
10639,CRS3035RES1000mN2025000E3143000,2301402027,118.0
10640,CRS3035RES1000mN2025000E3143000,2303966810,82.0
10641,CRS3035RES1000mN2025000E3143000,2312029862,114.0
10642,CRS3035RES1000mN2025000E3143000,2408860250,
10643,CRS3035RES1000mN2025000E3143000,2620185829,91.0
10644,CRS3035RES1000mN2025000E3143000,2622508931,88.0
10645,CRS3035RES1000mN2025000E3143000,2672130951,
10646,CRS3035RES1000mN2025000E3143000,2710518818,118.0
10647,CRS3035RES1000mN2025000E3143000,3034026261,93.0
10648,CRS3035RES1000mN2025000E3143000,3179889751,
10649,CRS3035RES1000mN2025000E3143000,3206611978,
10650,CRS3035RES1000mN2025000E3143000,3272828439,81.0
10651,CRS3035RES1000mN2025000E3143000,3452364276,111.0
10652,CRS3035RES1000mN2025000E3143000,3452364277,93.0
10653,CRS3035RES1000mN2025000E3143000,3495733197,
10654,CRS3035RES1000mN2025000E3143000,3497154853,
10655,CRS3035RES1000mN2025000E3143000,3517755445,
10656,CRS3035RES1000mN2025000E3143000,3522125657,
10657,CRS3035RES1000mN2025000E3143000,3526751794,
10658,CRS3035RES1000mN2025000E3143000,3839306060,113.0
10659,CRS3035RES1000mN2025000E3143000,4214697664,75.0
10660,CRS3035RES1000mN2025000E3143000,4338252586,
10661,CRS3035RES1000mN2025000E3143000,4401271633,
10662,CRS3035RES1000mN2025000E3143000,4515476768,
10663,CRS3035RES1000mN2025000E3143000,4569910891,81.0
10664,CRS3035RES1000mN2025000E3143000,4703730491,91.0
10665,CRS3035RES1000mN2025000E3143000,4707870392,85.0
10666,CRS3035RES1000mN2025000E3143000,4789037769,
10667,CRS3035RES1000mN2025000E3143000,4794233143,
10668,CRS3035RES1000mN2025000E3143000,4870405674,72.0
10669,CRS3035RES1000mN2025000E3143000,5139379922,96.0
10670,CRS3035RES1000mN2025000E3143000,5160337425,86.0
10671,CRS3035RES1000mN2025000E3143000,5196199575,94.0
10672,CRS3035RES1000mN2025000E3143000,5341570554,95.0
10673,CRS3035RES1000mN2025000E3143000,5345949864,115.0
10674,CRS3035RES1000mN2025000E3143000,5448507385,
10675,CRS3035RES1000mN2025000E3143000,5604693894,
10676,CRS3035RES1000mN2025000E3143000,5670401989,
10677,CRS3035RES1000mN2025000E3143000,5942671299,
10678,CRS3035RES1000mN2025000E3143000,5943980960,43.0
10679,CRS3035RES1000mN2025000E3143000,6185791451,
10680,CRS3035RES1000mN2025000E3143000,6188948286,119.0
10681,CRS3035RES1000mN2025000E3143000,6555800191,56.0
10682,CRS3035RES1000mN2025000E3143000,6885254479,102.0
10683,CRS3035RES1000mN2025000E3143000,7222611268,
10684,CRS3035RES1000mN2025000E3143000,7408961006,
10685,CRS3035RES1000mN2025000E3143000,7619964683,
10686,CRS3035RES1000mN2025000E3143000,7836562695,118.0
10687,CRS3035RES1000mN2025000E3143000,8493729364,85.0
10688,CRS3035RES1000mN2025000E3143000,8557885377,
10689,CRS3035RES1000mN2025000E3143000,8807212208,85.0
10690,CRS3035RES1000mN2025000E3143000,8844229173,92.0
10691,CRS3035RES1000mN2025000E3143000,8878422600,102.0
10692,CRS3035RES1000mN2025000E3143000,9595709188,95.0
10693,CRS3035RES1000mN2025000E3143000,9611387099,80.0
10694,CRS3035RES1000mN2025000E3143000,9712656915,82.0
10695,CRS3035RES1000mN2025000E3143000,9713142744,86.0
10696,CRS3035RES1000mN2025000E3143000,9815746657,
10697,CRS3035RES1000mN2025000E3143000,10004871512,114.0
10698,CRS3035RES1000mN2025000E3143000,10281174134,
10699,CRS3035RES1000mN2025000E3143000,10580337411,117.0
10700,CRS3035RES1000mN2025000E3143000,10899442604,72.0
10701,CRS3035RES1000mN2025000E3143000,10922657146,63.0
10702,CRS3035RES1000mN2025000E3143000,11127499928,104.0
10703,CRS3035RES1000mN2025000E3143000,11143725881,110.0
10704,CRS3035RES1000mN2025000E3143000,11243087140,109.0
10705,CRS3035RES1000mN2025000E3143000,11269399969,96.0
10706,CRS3035RES1000mN2025000E3143000,11287269362,118.0
10707,CRS3035RES1000mN2025000E3143000,11287269363,
10708,CRS3035RES1000mN2025000E3143000,11369705764,
10709,CRS3035RES1000mN2025000E3143000,11387776374,112.0
10710,CRS3035RES1000mN2025000E3143000,11461799040,
10711,CRS3035RES1000mN2025000E3143000,11462802981,98.0
10712,CRS3035RES1000mN2025000E3143000,11652077658,108.0
10713,CRS3035RES1000mN2025000E3143000,11691390164,87.0
10714,CRS3035RES1000mN2025000E3143000,11739757462,88.0
10715,CRS3035RES1000mN2025000E3143000,12178446726,82.0
10716,CRS3035RES1000mN2025000E3143000,12407425114,87.0
10717,CRS3035RES1000mN2025000E3143000,12865480228,114.0
10718,CRS3035RES1000mN2025000E3143000,2960630,47.0
10719,CRS3035RES1000mN2025000E3143000,3554044,62.0
10720,CRS3035RES1000mN2025000E3143000,3557906,86.0
10721,CRS3035RES1000mN2025000E3143000,5231361,91.0
10722,CRS3035RES1000mN2025000E3143000,9314566,
10723,CRS3035RES1000mN2025000E3143000,13696257,117.0
10724,CRS3035RES1000mN2025000E3143000,15996131,88.0
10725,CRS3035RES1000mN2025000E3143000,23526191,99.0
10726,CRS3035RES1000mN2025000E3143000,23545719,102.0
10727,CRS3035RES1000mN2025000E3143000,30599279,75.0
10728,CRS3035RES1000mN2025000E3143000,30649229,87.0
10729,CRS3035RES1000mN2025000E3143000,32198651,
10730,CRS3035RES1000mN2025000E3143000,34945111,80.0
10731,CRS3035RES1000mN2025000E3143000,50170625,
10732,CRS3035RES1000mN2025000E3143000,82887228,111.0
10733,CRS3035RES1000mN2025000E3143000,92484952,110.0
10734,CRS3035RES1000mN2025000E3143000,95794713,109.0
10735,CRS3035RES1000mN2025000E3143000,96418670,76.0
10736,CRS3035RES1000mN2025000E3143000,98502686,93.0
10737,CRS3035RES1000mN2025000E3143000,132613257,110.0
10738,CRS3035RES1000mN2025000E3143000,135036040,118.0
10739,CRS3035RES1000mN2025000E3143000,150772489,92.0
10740,CRS3035RES1000mN2025000E3143000,154118456,101.0
10741,CRS3035RES1000mN2025000E3143000,157375776,101.0
10742,CRS3035RES1000mN2025000E3143000,158211204,57.0
10743,CRS3035RES1000mN2025000E3143000,162072415,79.0
10744,CRS3035RES1000mN2025000E3143000,162117720,108.0
10745,CRS3035RES1000mN2025000E3143000,170487273,
10746,CRS3035RES1000mN2025000E3143000,172686062,71.0
10747,CRS3035RES1000mN2025000E3143000,174318235,77.0
10748,CRS3035RES1000mN2025000E3143000,174318237,70.0
10749,CRS3035RES1000mN2025000E3143000,205060159,
10750,CRS3035RES1000mN2025000E3143000,205757163,
10751,CRS3035RES1000mN2025000E3143000,221095520,117.0
10752,CRS3035RES1000mN2025000E3143000,224503374,91.0
10753,CRS3035RES1000mN2025000E3143000,227333462,89.0
10754,CRS3035RES1000mN2025000E3143000,229117454,109.0
10755,CRS3035RES1000mN2025000E3143000,261460389,
10756,CRS3035RES1000mN2025000E3143000,283450022,76.0
10757,CRS3035RES1000mN2025000E3143000,288994040,80.0
10758,CRS3035RES1000mN2025000E3143000,296744564,
10759,CRS3035RES1000mN2025000E3143000,297526406,102.0
10760,CRS3035RES1000mN2025000E3143000,300709861,99.0
10761,CRS3035RES1000mN2025000E3143000,301444634,97.0
10762,CRS3035RES1000mN2025000E3143000,302721609,119.0
10763,CRS3035RES1000mN2025000E3143000,308195630,
10764,CRS3035RES1000mN2025000E3143000,312777902,80.0
10765,CRS3035RES1000mN2025000E3143000,330154630,
10766,CRS3035RES1000mN2025000E3143000,340205456,93.0
10767,CRS3035RES1000mN2025000E3143000,367883612,109.0
10768,CRS3035RES1000mN2025000E3143000,368211943,110.0
10769,CRS3035RES1000mN2025000E3143000,374180360,116.0
10770,CRS3035RES1000mN2025000E3143000,375369499,95.0
10771,CRS3035RES1000mN2025000E3143000,383494544,95.0
10772,CRS3035RES1000mN2025000E3143000,384574591,88.0
10773,CRS3035RES1000mN2025000E3143000,403538322,
10774,CRS3035RES1000mN2025000E3143000,403859503,89.0
10775,CRS3035RES1000mN2025000E3143000,437050442,104.0
10776,CRS3035RES1000mN2025000E3143000,459881697,90.0
10777,CRS3035RES1000mN2025000E3143000,477278425,
10778,CRS3035RES1000mN2025000E3143000,486879235,
10779,CRS3035RES1000mN2025000E3143000,493748377,78.0
10780,CRS3035RES1000mN2025000E3143000,498234201,105.0
10781,CRS3035RES1000mN2025000E3143000,504315026,115.0
10782,CRS3035RES1000mN2025000E3143000,548701490,
10783,CRS3035RES1000mN2025000E3143000,574210084,
10784,CRS3035RES1000mN2025000E3143000,576094143,81.0
10785,CRS3035RES1000mN2025000E3143000,584409067,
10786,CRS3035RES1000mN2025000E3143000,635512756,102.0
10787,CRS3035RES1000mN2025000E3143000,638492224,
10788,CRS3035RES1000mN2025000E3143000,653913062,104.0
10789,CRS3035RES1000mN2025000E3143000,659866770,
10790,CRS3035RES1000mN2025000E3143000,697717972,60.0
10791,CRS3035RES1000mN2025000E3143000,717194862,
10792,CRS3035RES1000mN2025000E3143000,736899303,108.0
10793,CRS3035RES1000mN2025000E3143000,738042217,
10794,CRS3035RES1000mN2025000E3143000,839611983,
10795,CRS3035RES1000mN2025000E3143000,957893520,88.0
10796,CRS3035RES1000mN2025000E3143000,963308110,116.0
10797,CRS3035RES1000mN2025000E3143000,1073283182,108.0
10798,CRS3035RES1000mN2025000E3143000,1252864015,111.0
10799,CRS3035RES1000mN2025000E3143000,1283203658,
