{
"type": "FeatureCollection",
"name": "centrosEducativos_secundaria",
"crs": { "type": "name", "properties": { "name": "urn:ogc:def:crs:EPSG::3035" } },
"features": [
{ "type": "Feature", "properties": { "centro_codigo": "28000029", "centro_nombre": "SAN BLAS", "centro_tipo_descripcion": "COLEGIO DE EDUCACIÓN INFANTIL, PRIMARIA Y SECUNDARIA", "centro_titularidad": "PÚBLICO", "centro_titular": "COMUNIDAD DE MADRID", "municipio_nombre": "Ajalvir", "distrito_nombre": null, "direccion_coor_x": 458832.0, "direccion_coor_y": 4487797.0, "ARTE": 0, "DANZA": 0, "EDUCACIONADULTA": 0, "EDUCACIONESPECIAL": 0, "FORMACIONPROFESIONAL": 0, "HOSPITALARIA": 0, "IDIOMAS": 0, "INFANTIL": 1, "MILITAR": 0, "MUSICA": 0, "OTRO": 0, "OTRONOEDUCATIVO": 0, "PENITENCIARIO": 0, "PRIMARIA": 1, "SECUNDARIA": 1, "SUPERIOR": 0, "UNIVERSITARIO": 0 }, "geometry": { "type": "Point", "coordinates": [ 3179833.04116686526686, 2039986.860361265251413 ] } },
{ "type": "Feature", "properties": { "centro_codigo": "28000157", "centro_nombre": "SAGRADO CORAZON DE JESUS", "centro_tipo_descripcion": "CENTRO PRIVADO DE EDUCACIÓN INFANTIL, PRIMARIA Y SECUNDARIA", "centro_titularidad": "PRIVADO CONCERTADO", "centro_titular": "RELIGIOSAS FILIPENSES", "municipio_nombre": "Alcalá de Henares", "distrito_nombre": null, "direccion_coor_x": 468895.0, "direccion_coor_y": 4481221.0, "ARTE": 0, "DANZA": 0, "EDUCACIONADULTA": 0, "EDUCACIONESPECIAL": 0, "FORMACIONPROFESIONAL": 0, "HOSPITALARIA": 0, "IDIOMAS": 0, "INFANTIL": 1, "MILITAR": 0, "MUSICA": 0, "OTRO": 0, "OTRONOEDUCATIVO": 0, "PENITENCIARIO": 0, "PRIMARIA": 1, "SECUNDARIA": 1, "SUPERIOR": 0, "UNIVERSITARIO": 0 }, "geometry": { "type": "Point", "coordinates": [ 3188746.922696080990136, 2031770.447987182997167 ] } },
{ "type": "Feature", "properties": { "centro_codigo": "28000224", "centro_nombre": "SAN FELIPE NERI", "centro_tipo_descripcion": "CENTRO PRIVADO DE EDUCACIÓN INFANTIL, PRIMARIA Y SECUNDARIA", "centro_titularidad": "PRIVADO CONCERTADO", "centro_titular": "CONGREGACION DEL ORATORIO DE SAN FELIPE NERI", "municipio_nombre": "Alcalá de Henares", "distrito_nombre": null, "direccion_coor_x": 468721.0, "direccion_coor_y": 4481288.0, "ARTE": 0, "DANZA": 0, "EDUCACIONADULTA": 0, "EDUCACIONESPECIAL": 0, "FORMACIONPROFESIONAL": 0, "HOSPITALARIA": 0, "IDIOMAS": 0, "INFANTIL": 1, "MILITAR": 0, "MUSICA": 0, "OTRO": 0, "OTRONOEDUCATIVO": 0, "PENITENCIARIO": 0, "PRIMARIA": 1, "SECUNDARIA": 1, "SUPERIOR": 0, "UNIVERSITARIO": 0 }, "geometry": { "type": "Point", "coordinates": [ 3188585.453442944213748, 2031866.472103146603331 ] } },
{ "type": "Feature", "properties": { "centro_codigo": "28000303", "centro_nombre": "ESCUELAS PIAS", "centro_tipo_descripcion": "CENTRO PRIVADO DE EDUCACIÓN INFANTIL, PRIMARIA Y SECUNDARIA", "centro_titularidad": "PRIVADO CONCERTADO", "centro_titular": "ESCUELAS PIAS PROVINCIA BETANIA", "municipio_nombre": "Alcalá de Henares", "distrito_nombre": null, "direccion_coor_x": 470018.0, "direccion_coor_y": 4481495.0, "ARTE": 0, "DANZA": 0, "EDUCACIONADULTA": 0, "EDUCACIONESPECIAL": 0, "FORMACIONPROFESIONAL": 0, "HOSPITALARIA": 0, "IDIOMAS": 0, "INFANTIL": 1, "MILITAR": 0, "MUSICA": 0, "OTRO": 0, "OTRONOEDUCATIVO": 0, "PENITENCIARIO": 0, "PRIMARIA": 1, "SECUNDARIA": 1, "SUPERIOR": 0, "UNIVERSITARIO": 0 }, "geometry": { "type": "Point", "coordinates": [ 3189899.664765593595803, 2031846.775252030463889 ] } },
{ "type": "Feature", "properties": { "centro_codigo": "28000327", "centro_nombre": "SANTA MARIA DE LA PROVIDENCIA", "centro_tipo_descripcion": "CENTRO PRIVADO DE EDUCACIÓN INFANTIL, PRIMARIA Y SECUNDARIA", "centro_titularidad": "PRIVADO CONCERTADO", "centro_titular": "FUNDACION EDUCACION Y EVANGELIO", "municipio_nombre": "Alcalá de Henares", "distrito_nombre": null, "direccion_coor_x": 469022.0, "direccion_coor_y": 4482033.0, "ARTE": 0, "DANZA": 0, "EDUCACIONADULTA": 0, "EDUCACIONESPECIAL": 0, "FORMACIONPROFESIONAL": 0, "HOSPITALARIA": 0, "IDIOMAS": 0, "INFANTIL": 1, "MILITAR": 0, "MUSICA": 0, "OTRO": 0, "OTRONOEDUCATIVO": 0, "PENITENCIARIO": 0, "PRIMARIA": 1, "SECUNDARIA": 1, "SUPERIOR": 0, "UNIVERSITARIO": 0 }, "geometry": { "type": "Point", "coordinates": [ 3188999.579838141333312, 2032548.631782379932702 ] } },
{ "type": "Feature", "properties": { "centro_codigo": "28000364", "centro_nombre": "COMPLUTENSE", "centro_tipo_descripcion": "INSTITUTO DE EDUCACIÓN SECUNDARIA", "centro_titularidad": "PÚBLICO", "centro_titular": "COMUNIDAD DE MADRID", "municipio_nombre": "Alcalá de Henares", "distrito_nombre": null, "direccion_coor_x": 470510.0, "direccion_coor_y": 4481599.0, "ARTE": 0, "DANZA": 0, "EDUCACIONADULTA": 0, "EDUCACIONESPECIAL": 0, "FORMACIONPROFESIONAL": 0, "HOSPITALARIA": 0, "IDIOMAS": 0, "INFANTIL": 0, "MILITAR": 0, "MUSICA": 0, "OTRO": 0, "OTRONOEDUCATIVO": 0, "PENITENCIARIO": 0, "PRIMARIA": 0, "SECUNDARIA": 1, "SUPERIOR": 0, "UNIVERSITARIO": 0 }, "geometry": { "type": "Point", "coordinates": [ 3190402.186098180711269, 2031864.416547349188477 ] } },
{ "type": "Feature", "properties": { "centro_codigo": "28000406", "centro_nombre": "SAN GABRIEL", "centro_tipo_descripcion": "CENTRO PRIVADO DE EDUCACIÓN INFANTIL, PRIMARIA Y SECUNDARIA", "centro_titularidad": "PRIVADO CONCERTADO", "centro_titular": "PADRES PASIONISTAS", "municipio_nombre": "Alcalá de Henares", "distrito_nombre": null, "direccion_coor_x": 467137.0, "direccion_coor_y": 4483263.0, "ARTE": 0, "DANZA": 0, "EDUCACIONADULTA": 0, "EDUCACIONESPECIAL": 0, "FORMACIONPROFESIONAL": 0, "HOSPITALARIA": 0, "IDIOMAS": 0, "INFANTIL": 1, "MILITAR": 0, "MUSICA": 0, "OTRO": 0, "OTRONOEDUCATIVO": 0, "PENITENCIARIO": 0, "PRIMARIA": 1, "SECUNDARIA": 1, "SUPERIOR": 0, "UNIVERSITARIO": 0 }, "geometry": { "type": "Point", "coordinates": [ 3187329.347327837720513, 2034085.714525923365727 ] } },
{ "type": "Feature", "properties": { "centro_codigo": "28000421", "centro_nombre": "SAN IGNACIO DE LOYOLA", "centro_tipo_descripcion": "CENTRO PRIVADO DE EDUCACIÓN INFANTIL, PRIMARIA Y SECUNDARIA", "centro_titularidad": "PRIVADO CONCERTADO", "centro_titular": "LA FUNDACIÓN EDUCATIVA JESUITAS CENTRO-ESTE", "municipio_nombre": "Alcalá de Henares", "distrito_nombre": null, "direccion_coor_x": 469041.0, "direccion_coor_y": 4482916.0, "ARTE": 0, "DANZA": 0, "EDUCACIONADULTA": 0, "EDUCACIONESPECIAL": 0, "FORMACIONPROFESIONAL": 0, "HOSPITALARIA": 0, "IDIOMAS": 0, "INFANTIL": 1, "MILITAR": 0, "MUSICA": 0, "OTRO": 0, "OTRONOEDUCATIVO": 0, "PENITENCIARIO": 0, "PRIMARIA": 1, "SECUNDARIA": 1, "SUPERIOR": 0, "UNIVERSITARIO": 0 }, "geometry": { "type": "Point", "coordinates": [ 3189156.633282913826406, 2033415.402482178760692 ] } },
{ "type": "Feature", "properties": { "centro_codigo": "28000467", "centro_nombre": "ALONSO DE AVELLANEDA", "centro_tipo_descripcion": "INSTITUTO DE EDUCACIÓN SECUNDARIA", "centro_titularidad": "PÚBLICO", "centro_titular": "COMUNIDAD DE MADRID", "municipio_nombre": "Alcalá de Henares", "distrito_nombre": null, "direccion_coor_x": 471046.0, "direccion_coor_y": 4482286.0, "ARTE": 0, "DANZA": 0, "EDUCACIONADULTA": 0, "EDUCACIONESPECIAL": 0, "FORMACIONPROFESIONAL": 0, "HOSPITALARIA": 0, "IDIOMAS": 0, "INFANTIL": 0, "MILITAR": 0, "MUSICA": 0, "OTRO": 0, "OTRONOEDUCATIVO": 0, "PENITENCIARIO": 0, "PRIMARIA": 0, "SECUNDARIA": 1, "SUPERIOR": 0, "UNIVERSITARIO": 0 }, "geometry": { "type": "Point", "coordinates": [ 3191039.475597113370895, 2032448.919650371884927 ] } },
{ "type": "Feature", "properties": { "centro_codigo": "28000479", "centro_nombre": "CALASANZ", "centro_tipo_descripcion": "CENTRO PRIVADO DE EDUCACIÓN INFANTIL, PRIMARIA Y SECUNDARIA", "centro_titularidad": "PRIVADO CONCERTADO", "centro_titular": "FUNDACION ESCOLAPIAS MONTAL", "municipio_nombre": "Alcalá de Henares", "distrito_nombre": null, "direccion_coor_x": 468941.0, "direccion_coor_y": 4481493.0, "ARTE": 0, "DANZA": 0, "EDUCACIONADULTA": 0, "EDUCACIONESPECIAL": 0, "FORMACIONPROFESIONAL": 0, "HOSPITALARIA": 0, "IDIOMAS": 0, "INFANTIL": 1, "MILITAR": 0, "MUSICA": 0, "OTRO": 0, "OTRONOEDUCATIVO": 0, "PENITENCIARIO": 0, "PRIMARIA": 1, "SECUNDARIA": 1, "SUPERIOR": 0, "UNIVERSITARIO": 0 }, "geometry": { "type": "Point", "coordinates": [ 3188834.973093339242041, 2032030.523675801232457 ] } },
{ "type": "Feature", "properties": { "centro_codigo": "28000492", "centro_nombre": "LOPE DE VEGA", "centro_tipo_descripcion": "CENTRO PRIVADO DE EDUCACIÓN INFANTIL, PRIMARIA Y SECUNDARIA", "centro_titularidad": "PRIVADO CONCERTADO", "centro_titular": "PROLOVE, S.A.", "municipio_nombre": "Alcalá de Henares", "distrito_nombre": null, "direccion_coor_x": 469744.0, "direccion_coor_y": 4482228.0, "ARTE": 0, "DANZA": 0, "EDUCACIONADULTA": 0, "EDUCACIONESPECIAL": 0, "FORMACIONPROFESIONAL": 0, "HOSPITALARIA": 0, "IDIOMAS": 0, "INFANTIL": 1, "MILITAR": 0, "MUSICA": 0, "OTRO": 0, "OTRONOEDUCATIVO": 0, "PENITENCIARIO": 0, "PRIMARIA": 1, "SECUNDARIA": 1, "SUPERIOR": 0, "UNIVERSITARIO": 0 }, "geometry": { "type": "Point", "coordinates": [ 3189743.648700880352408, 2032616.265026266919449 ] } },
{ "type": "Feature", "properties": { "centro_codigo": "28000522", "centro_nombre": "ANTONIO MACHADO", "centro_tipo_descripcion": "INSTITUTO DE EDUCACIÓN SECUNDARIA", "centro_titularidad": "PÚBLICO", "centro_titular": "COMUNIDAD DE MADRID", "municipio_nombre": "Alcalá de Henares", "distrito_nombre": null, "direccion_coor_x": 468665.0, "direccion_coor_y": 4482393.0, "ARTE": 0, "DANZA": 0, "EDUCACIONADULTA": 0, "EDUCACIONESPECIAL": 0, "FORMACIONPROFESIONAL": 0, "HOSPITALARIA": 0, "IDIOMAS": 0, "INFANTIL": 0, "MILITAR": 0, "MUSICA": 0, "OTRO": 0, "OTRONOEDUCATIVO": 0, "PENITENCIARIO": 0, "PRIMARIA": 0, "SECUNDARIA": 1, "SUPERIOR": 0, "UNIVERSITARIO": 0 }, "geometry": { "type": "Point", "coordinates": [ 3188703.142565085552633, 2032964.918354439316317 ] } },
{ "type": "Feature", "properties": { "centro_codigo": "28000698", "centro_nombre": "LICEO EUROPEO", "centro_tipo_descripcion": "CENTRO PRIVADO DE EDUCACIÓN PRIMARIA Y SECUNDARIA", "centro_titularidad": "PRIVADO", "centro_titular": "LICEO EUROPEO, S.L.", "municipio_nombre": "Alcobendas", "distrito_nombre": null, "direccion_coor_x": 445505.0, "direccion_coor_y": 4484772.0, "ARTE": 0, "DANZA": 0, "EDUCACIONADULTA": 0, "EDUCACIONESPECIAL": 0, "FORMACIONPROFESIONAL": 0, "HOSPITALARIA": 0, "IDIOMAS": 0, "INFANTIL": 0, "MILITAR": 0, "MUSICA": 0, "OTRO": 0, "OTRONOEDUCATIVO": 0, "PENITENCIARIO": 0, "PRIMARIA": 1, "SECUNDARIA": 1, "SUPERIOR": 0, "UNIVERSITARIO": 0 }, "geometry": { "type": "Point", "coordinates": [ 3166190.868759137578309, 2039309.665401064325124 ] } },
{ "type": "Feature", "properties": { "centro_codigo": "28000753", "centro_nombre": "FRANCISCO GINER DE LOS RIOS", "centro_tipo_descripcion": "INSTITUTO DE EDUCACIÓN SECUNDARIA", "centro_titularidad": "PÚBLICO", "centro_titular": "COMUNIDAD DE MADRID", "municipio_nombre": "Alcobendas", "distrito_nombre": null, "direccion_coor_x": 447429.0, "direccion_coor_y": 4487172.0, "ARTE": 0, "DANZA": 0, "EDUCACIONADULTA": 0, "EDUCACIONESPECIAL": 0, "FORMACIONPROFESIONAL": 0, "HOSPITALARIA": 0, "IDIOMAS": 0, "INFANTIL": 0, "MILITAR": 0, "MUSICA": 0, "OTRO": 0, "OTRONOEDUCATIVO": 0, "PENITENCIARIO": 0, "PRIMARIA": 0, "SECUNDARIA": 1, "SUPERIOR": 0, "UNIVERSITARIO": 0 }, "geometry": { "type": "Point", "coordinates": [ 3168468.236990661360323, 2041341.857537382747978 ] } },
{ "type": "Feature", "properties": { "centro_codigo": "28000777", "centro_nombre": "BIENAVENTURADA VIRGEN MARIA", "centro_tipo_descripcion": "CENTRO PRIVADO DE EDUCACIÓN INFANTIL, PRIMARIA Y SECUNDARIA", "centro_titularidad": "PRIVADO", "centro_titular": "FUNDACIÓN EDUCATIVA MARY WARD", "municipio_nombre": "Alcobendas", "distrito_nombre": null, "direccion_coor_x": 445727.0, "direccion_coor_y": 4486106.0, "ARTE": 0, "DANZA": 0, "EDUCACIONADULTA": 0, "EDUCACIONESPECIAL": 0, "FORMACIONPROFESIONAL": 0, "HOSPITALARIA": 0, "IDIOMAS": 0, "INFANTIL": 1, "MILITAR": 0, "MUSICA": 0, "OTRO": 0, "OTRONOEDUCATIVO": 0, "PENITENCIARIO": 0, "PRIMARIA": 1, "SECUNDARIA": 1, "SUPERIOR": 0, "UNIVERSITARIO": 0 }, "geometry": { "type": "Point", "coordinates": [ 3166619.452137948945165, 2040585.81452649156563 ] } },
{ "type": "Feature", "properties": { "centro_codigo": "28000901", "centro_nombre": "COLEGIO SEI RIHONDO", "centro_tipo_descripcion": "CENTRO PRIVADO DE EDUCACIÓN INFANTIL, PRIMARIA Y SECUNDARIA", "centro_titularidad": "PRIVADO CONCERTADO", "centro_titular": "COLEGIO RIHONDO, S.L.", "municipio_nombre": "Alcorcón", "distrito_nombre": null, "direccion_coor_x": 428975.0, "direccion_coor_y": 4466342.0, "ARTE": 0, "DANZA": 0, "EDUCACIONADULTA": 0, "EDUCACIONESPECIAL": 0, "FORMACIONPROFESIONAL": 0, "HOSPITALARIA": 0, "IDIOMAS": 0, "INFANTIL": 1, "MILITAR": 0, "MUSICA": 0, "OTRO": 0, "OTRONOEDUCATIVO": 0, "PENITENCIARIO": 0, "PRIMARIA": 1, "SECUNDARIA": 1, "SUPERIOR": 0, "UNIVERSITARIO": 0 }, "geometry": { "type": "Point", "coordinates": [ 3146970.38122626952827, 2024011.27553993742913 ] } },
{ "type": "Feature", "properties": { "centro_codigo": "28000947", "centro_nombre": "SANTISIMA TRINIDAD", "centro_tipo_descripcion": "CENTRO PRIVADO DE EDUCACIÓN INFANTIL, PRIMARIA Y SECUNDARIA", "centro_titularidad": "PRIVADO CONCERTADO", "centro_titular": "FUNDACION EDUCATIVA SANTISIMA TRINIDAD", "municipio_nombre": "Alcorcón", "distrito_nombre": null, "direccion_coor_x": 430991.0, "direccion_coor_y": 4467463.0, "ARTE": 0, "DANZA": 0, "EDUCACIONADULTA": 0, "EDUCACIONESPECIAL": 0, "FORMACIONPROFESIONAL": 0, "HOSPITALARIA": 0, "IDIOMAS": 0, "INFANTIL": 1, "MILITAR": 0, "MUSICA": 0, "OTRO": 0, "OTRONOEDUCATIVO": 0, "PENITENCIARIO": 0, "PRIMARIA": 1, "SECUNDARIA": 1, "SUPERIOR": 0, "UNIVERSITARIO": 0 }, "geometry": { "type": "Point", "coordinates": [ 3149137.779277235269547, 2024766.481168047059327 ] } },
{ "type": "Feature", "properties": { "centro_codigo": "28000960", "centro_nombre": "NUESTRA SEÑORA DE LOS REMEDIOS", "centro_tipo_descripcion": "CENTRO PRIVADO DE EDUCACIÓN INFANTIL, PRIMARIA Y SECUNDARIA", "centro_titularidad": "PRIVADO CONCERTADO", "centro_titular": "COLEGIO NUESTRA SEÑORA DE LOS REMEDIOS, SOC. COOP. MADRILEÑA", "municipio_nombre": "Alcorcón", "distrito_nombre": null, "direccion_coor_x": 429201.0, "direccion_coor_y": 4466399.0, "ARTE": 0, "DANZA": 0, "EDUCACIONADULTA": 0, "EDUCACIONESPECIAL": 0, "FORMACIONPROFESIONAL": 0, "HOSPITALARIA": 0, "IDIOMAS": 0, "INFANTIL": 1, "MILITAR": 0, "MUSICA": 0, "OTRO": 0, "OTRONOEDUCATIVO": 0, "PENITENCIARIO": 0, "PRIMARIA": 1, "SECUNDARIA": 1, "SUPERIOR": 0, "UNIVERSITARIO": 0 }, "geometry": { "type": "Point", "coordinates": [ 3147202.59357891138643, 2024028.268955170642585 ] } },
{ "type": "Feature", "properties": { "centro_codigo": "28001010", "centro_nombre": "AMOR DE DIOS", "centro_tipo_descripcion": "CENTRO PRIVADO DE EDUCACIÓN INFANTIL, PRIMARIA Y SECUNDARIA", "centro_titularidad": "PRIVADO CONCERTADO", "centro_titular": "FUNDACIIÓN EDUCATIVA AMOR DE DIOS", "municipio_nombre": "Alcorcón", "distrito_nombre": null, "direccion_coor_x": 430735.0, "direccion_coor_y": 4467059.0, "ARTE": 0, "DANZA": 0, "EDUCACIONADULTA": 0, "EDUCACIONESPECIAL": 0, "FORMACIONPROFESIONAL": 0, "HOSPITALARIA": 0, "IDIOMAS": 0, "INFANTIL": 1, "MILITAR": 0, "MUSICA": 0, "OTRO": 0, "OTRONOEDUCATIVO": 0, "PENITENCIARIO": 0, "PRIMARIA": 1, "SECUNDARIA": 1, "SUPERIOR": 0, "UNIVERSITARIO": 0 }, "geometry": { "type": "Point", "coordinates": [ 3148821.558848367072642, 2024412.754067136673257 ] } },
{ "type": "Feature", "properties": { "centro_codigo": "28001022", "centro_nombre": "LA INMACULADA", "centro_tipo_descripcion": "CENTRO PRIVADO DE EDUCACIÓN INFANTIL, PRIMARIA Y SECUNDARIA", "centro_titularidad": "PRIVADO CONCERTADO", "centro_titular": "MISIONERAS SECULARES DE JESUS OBRERO", "municipio_nombre": "Alcorcón", "distrito_nombre": null, "direccion_coor_x": 431067.0, "direccion_coor_y": 4466962.0, "ARTE": 0, "DANZA": 0, "EDUCACIONADULTA": 0, "EDUCACIONESPECIAL": 0, "FORMACIONPROFESIONAL": 0, "HOSPITALARIA": 0, "IDIOMAS": 0, "INFANTIL": 1, "MILITAR": 0, "MUSICA": 0, "OTRO": 0, "OTRONOEDUCATIVO": 0, "PENITENCIARIO": 0, "PRIMARIA": 1, "SECUNDARIA": 1, "SUPERIOR": 0, "UNIVERSITARIO": 0 }, "geometry": { "type": "Point", "coordinates": [ 3149134.374156765639782, 2024259.640843976987526 ] } },
{ "type": "Feature", "properties": { "centro_codigo": "28001034", "centro_nombre": "VIRGEN DEL REMEDIO", "centro_tipo_descripcion": "CENTRO PRIVADO DE EDUCACIÓN INFANTIL, PRIMARIA Y SECUNDARIA", "centro_titularidad": "PRIVADO CONCERTADO", "centro_titular": "MADRES TRINITARIAS", "municipio_nombre": "Alcorcón", "distrito_nombre": null, "direccion_coor_x": 430148.0, "direccion_coor_y": 4467116.0, "ARTE": 0, "DANZA": 0, "EDUCACIONADULTA": 0, "EDUCACIONESPECIAL": 0, "FORMACIONPROFESIONAL": 0, "HOSPITALARIA": 0, "IDIOMAS": 0, "INFANTIL": 1, "MILITAR": 0, "MUSICA": 0, "OTRO": 0, "OTRONOEDUCATIVO": 0, "PENITENCIARIO": 0, "PRIMARIA": 1, "SECUNDARIA": 1, "SUPERIOR": 0, "UNIVERSITARIO": 0 }, "geometry": { "type": "Point", "coordinates": [ 3148250.543558085802943, 2024570.648040931439027 ] } },
{ "type": "Feature", "properties": { "centro_codigo": "28001046", "centro_nombre": "CENTRO EDUCATIVO VILLA DE ALCORCON", "centro_tipo_descripcion": "CENTRO PRIVADO DE EDUCACIÓN INFANTIL, PRIMARIA Y SECUNDARIA", "centro_titularidad": "PRIVADO CONCERTADO", "centro_titular": "JUAN XXIII DE ENSEÑANZA S.L.", "municipio_nombre": "Alcorcón", "distrito_nombre": null, "direccion_coor_x": 429720.0, "direccion_coor_y": 4466865.0, "ARTE": 0, "DANZA": 0, "EDUCACIONADULTA": 0, "EDUCACIONESPECIAL": 0, "FORMACIONPROFESIONAL": 0, "HOSPITALARIA": 0, "IDIOMAS": 0, "INFANTIL": 1, "MILITAR": 0, "MUSICA": 0, "OTRO": 0, "OTRONOEDUCATIVO": 0, "PENITENCIARIO": 0, "PRIMARIA": 1, "SECUNDARIA": 1, "SUPERIOR": 0, "UNIVERSITARIO": 0 }, "geometry": { "type": "Point", "coordinates": [ 3147788.363265105523169, 2024397.497520413948223 ] } },
{ "type": "Feature", "properties": { "centro_codigo": "28001514", "centro_nombre": "SAGRADA FAMILIA", "centro_tipo_descripcion": "CENTRO PRIVADO DE EDUCACIÓN INFANTIL, PRIMARIA Y SECUNDARIA", "centro_titularidad": "PRIVADO CONCERTADO", "centro_titular": "FUNDACION EDUCATIVA SANTO DOMINGO", "municipio_nombre": "Aranjuez", "distrito_nombre": null, "direccion_coor_x": 448554.0, "direccion_coor_y": 4431962.0, "ARTE": 0, "DANZA": 0, "EDUCACIONADULTA": 0, "EDUCACIONESPECIAL": 0, "FORMACIONPROFESIONAL": 0, "HOSPITALARIA": 0, "IDIOMAS": 0, "INFANTIL": 1, "MILITAR": 0, "MUSICA": 0, "OTRO": 0, "OTRONOEDUCATIVO": 0, "PENITENCIARIO": 0, "PRIMARIA": 1, "SECUNDARIA": 1, "SUPERIOR": 0, "UNIVERSITARIO": 0 }, "geometry": { "type": "Point", "coordinates": [ 3160945.979747725650668, 1986750.210632583126426 ] } },
{ "type": "Feature", "properties": { "centro_codigo": "28001563", "centro_nombre": "APOSTOL SANTIAGO", "centro_tipo_descripcion": "CENTRO PRIVADO DE EDUCACIÓN INFANTIL, PRIMARIA Y SECUNDARIA", "centro_titularidad": "PRIVADO CONCERTADO", "centro_titular": "PADRES SOMASCOS", "municipio_nombre": "Aranjuez", "distrito_nombre": null, "direccion_coor_x": 449686.0, "direccion_coor_y": 4431847.0, "ARTE": 0, "DANZA": 0, "EDUCACIONADULTA": 0, "EDUCACIONESPECIAL": 0, "FORMACIONPROFESIONAL": 0, "HOSPITALARIA": 0, "IDIOMAS": 0, "INFANTIL": 1, "MILITAR": 0, "MUSICA": 0, "OTRO": 0, "OTRONOEDUCATIVO": 0, "PENITENCIARIO": 0, "PRIMARIA": 1, "SECUNDARIA": 1, "SUPERIOR": 0, "UNIVERSITARIO": 0 }, "geometry": { "type": "Point", "coordinates": [ 3162047.048814758658409, 1986441.361855807015672 ] } },
{ "type": "Feature", "properties": { "centro_codigo": "28001605", "centro_nombre": "LOYOLA", "centro_tipo_descripcion": "CENTRO PRIVADO DE EDUCACIÓN INFANTIL, PRIMARIA Y SECUNDARIA", "centro_titularidad": "PRIVADO CONCERTADO", "centro_titular": "CONGREGACION SALESIANA", "municipio_nombre": "Aranjuez", "distrito_nombre": null, "direccion_coor_x": 447999.0, "direccion_coor_y": 4431042.0, "ARTE": 0, "DANZA": 0, "EDUCACIONADULTA": 0, "EDUCACIONESPECIAL": 0, "FORMACIONPROFESIONAL": 0, "HOSPITALARIA": 0, "IDIOMAS": 0, "INFANTIL": 1, "MILITAR": 0, "MUSICA": 0, "OTRO": 0, "OTRONOEDUCATIVO": 0, "PENITENCIARIO": 0, "PRIMARIA": 1, "SECUNDARIA": 1, "SUPERIOR": 0, "UNIVERSITARIO": 0 }, "geometry": { "type": "Point", "coordinates": [ 3160253.937906172126532, 1985939.78831859305501 ] } },
{ "type": "Feature", "properties": { "centro_codigo": "28001629", "centro_nombre": "DOMENICO SCARLATTI", "centro_tipo_descripcion": "INSTITUTO DE EDUCACIÓN SECUNDARIA", "centro_titularidad": "PÚBLICO", "centro_titular": "COMUNIDAD DE MADRID", "municipio_nombre": "Aranjuez", "distrito_nombre": null, "direccion_coor_x": 448012.0, "direccion_coor_y": 4431221.0, "ARTE": 0, "DANZA": 0, "EDUCACIONADULTA": 0, "EDUCACIONESPECIAL": 0, "FORMACIONPROFESIONAL": 0, "HOSPITALARIA": 0, "IDIOMAS": 0, "INFANTIL": 0, "MILITAR": 0, "MUSICA": 0, "OTRO": 0, "OTRONOEDUCATIVO": 0, "PENITENCIARIO": 0, "PRIMARIA": 0, "SECUNDARIA": 1, "SUPERIOR": 0, "UNIVERSITARIO": 0 }, "geometry": { "type": "Point", "coordinates": [ 3160294.692401744425297, 1986113.878824606537819 ] } },
{ "type": "Feature", "properties": { "centro_codigo": "28001678", "centro_nombre": "JORGE MANRIQUE", "centro_tipo_descripcion": "INSTITUTO DE EDUCACIÓN SECUNDARIA", "centro_titularidad": "PÚBLICO", "centro_titular": "COMUNIDAD DE MADRID", "municipio_nombre": "Tres Cantos", "distrito_nombre": null, "direccion_coor_x": 440399.0, "direccion_coor_y": 4493685.0, "ARTE": 0, "DANZA": 0, "EDUCACIONADULTA": 0, "EDUCACIONESPECIAL": 0, "FORMACIONPROFESIONAL": 0, "HOSPITALARIA": 0, "IDIOMAS": 0, "INFANTIL": 0, "MILITAR": 0, "MUSICA": 0, "OTRO": 0, "OTRONOEDUCATIVO": 0, "PENITENCIARIO": 0, "PRIMARIA": 0, "SECUNDARIA": 1, "SUPERIOR": 0, "UNIVERSITARIO": 0 }, "geometry": { "type": "Point", "coordinates": [ 3162545.388850327115506, 2048976.738414999796078 ] } },
{ "type": "Feature", "properties": { "centro_codigo": "28001769", "centro_nombre": "EL CARRASCAL", "centro_tipo_descripcion": "INSTITUTO DE EDUCACIÓN SECUNDARIA", "centro_titularidad": "PÚBLICO", "centro_titular": "COMUNIDAD DE MADRID", "municipio_nombre": "Arganda del Rey", "distrito_nombre": null, "direccion_coor_x": 462479.0, "direccion_coor_y": 4460073.0, "ARTE": 0, "DANZA": 0, "EDUCACIONADULTA": 0, "EDUCACIONESPECIAL": 0, "FORMACIONPROFESIONAL": 0, "HOSPITALARIA": 0, "IDIOMAS": 0, "INFANTIL": 0, "MILITAR": 0, "MUSICA": 0, "OTRO": 0, "OTRONOEDUCATIVO": 0, "PENITENCIARIO": 0, "PRIMARIA": 0, "SECUNDARIA": 1, "SUPERIOR": 0, "UNIVERSITARIO": 0 }, "geometry": { "type": "Point", "coordinates": [ 3179097.761660054326057, 2012040.459364936687052 ] } },
{ "type": "Feature", "properties": { "centro_codigo": "28001812", "centro_nombre": "JUAN RAMON JIMENEZ", "centro_tipo_descripcion": "COLEGIO DE EDUCACIÓN INFANTIL, PRIMARIA Y SECUNDARIA", "centro_titularidad": "PÚBLICO", "centro_titular": "COMUNIDAD DE MADRID", "municipio_nombre": "Becerril de la Sierra", "distrito_nombre": null, "direccion_coor_x": 416281.0, "direccion_coor_y": 4507436.0, "ARTE": 0, "DANZA": 0, "EDUCACIONADULTA": 0, "EDUCACIONESPECIAL": 0, "FORMACIONPROFESIONAL": 0, "HOSPITALARIA": 0, "IDIOMAS": 0, "INFANTIL": 1, "MILITAR": 0, "MUSICA": 0, "OTRO": 0, "OTRONOEDUCATIVO": 0, "PENITENCIARIO": 0, "PRIMARIA": 1, "SECUNDARIA": 1, "SUPERIOR": 0, "UNIVERSITARIO": 0 }, "geometry": { "type": "Point", "coordinates": [ 3140887.60839502280578, 2066712.184918798273429 ] } },
{ "type": "Feature", "properties": { "centro_codigo": "28001848", "centro_nombre": "PRINCIPE DON FELIPE", "centro_tipo_descripcion": "COLEGIO DE EDUCACIÓN INFANTIL, PRIMARIA Y SECUNDARIA", "centro_titularidad": "PÚBLICO", "centro_titular": "COMUNIDAD DE MADRID", "municipio_nombre": "Boadilla del Monte", "distrito_nombre": null, "direccion_coor_x": 425438.0, "direccion_coor_y": 4473342.0, "ARTE": 0, "DANZA": 0, "EDUCACIONADULTA": 0, "EDUCACIONESPECIAL": 0, "FORMACIONPROFESIONAL": 0, "HOSPITALARIA": 0, "IDIOMAS": 0, "INFANTIL": 1, "MILITAR": 0, "MUSICA": 0, "OTRO": 0, "OTRONOEDUCATIVO": 0, "PENITENCIARIO": 0, "PRIMARIA": 1, "SECUNDARIA": 1, "SUPERIOR": 0, "UNIVERSITARIO": 0 }, "geometry": { "type": "Point", "coordinates": [ 3144573.362441955134273, 2031522.299263956723735 ] } },
{ "type": "Feature", "properties": { "centro_codigo": "28001851", "centro_nombre": "VIRGEN DE EUROPA", "centro_tipo_descripcion": "CENTRO PRIVADO DE EDUCACIÓN INFANTIL, PRIMARIA Y SECUNDARIA", "centro_titularidad": "PRIVADO", "centro_titular": "COLEGIO VIRGEN DE EUROPA, S.L.", "municipio_nombre": "Boadilla del Monte", "distrito_nombre": null, "direccion_coor_x": 424464.0, "direccion_coor_y": 4475964.0, "ARTE": 0, "DANZA": 0, "EDUCACIONADULTA": 0, "EDUCACIONESPECIAL": 0, "FORMACIONPROFESIONAL": 0, "HOSPITALARIA": 0, "IDIOMAS": 0, "INFANTIL": 1, "MILITAR": 0, "MUSICA": 0, "OTRO": 0, "OTRONOEDUCATIVO": 0, "PENITENCIARIO": 0, "PRIMARIA": 1, "SECUNDARIA": 1, "SUPERIOR": 0, "UNIVERSITARIO": 0 }, "geometry": { "type": "Point", "coordinates": [ 3144022.467126422561705, 2034275.028581380844116 ] } },
{ "type": "Feature", "properties": { "centro_codigo": "28001861", "centro_nombre": "TRINITY COLLEGE BOADILLA", "centro_tipo_descripcion": "CENTRO PRIVADO DE EDUCACIÓN INFANTIL, PRIMARIA Y SECUNDARIA", "centro_titularidad": "PRIVADO", "centro_titular": "TRINITY COLLEGE GROUP OF SPAIN, S.L.", "municipio_nombre": "Boadilla del Monte", "distrito_nombre": null, "direccion_coor_x": 424290.0, "direccion_coor_y": 4477369.0, "ARTE": 0, "DANZA": 0, "EDUCACIONADULTA": 0, "EDUCACIONESPECIAL": 0, "FORMACIONPROFESIONAL": 0, "HOSPITALARIA": 0, "IDIOMAS": 0, "INFANTIL": 1, "MILITAR": 0, "MUSICA": 0, "OTRO": 0, "OTRONOEDUCATIVO": 0, "PENITENCIARIO": 0, "PRIMARIA": 1, "SECUNDARIA": 1, "SUPERIOR": 0, "UNIVERSITARIO": 0 }, "geometry": { "type": "Point", "coordinates": [ 3144071.021650984417647, 2035689.75439487840049 ] } },
{ "type": "Feature", "properties": { "centro_codigo": "28001952", "centro_nombre": "PEÑALTA", "centro_tipo_descripcion": "COLEGIO DE EDUCACIÓN INFANTIL, PRIMARIA Y SECUNDARIA", "centro_titularidad": "PÚBLICO", "centro_titular": "COMUNIDAD DE MADRID", "municipio_nombre": "Buitrago del Lozoya", "distrito_nombre": null, "direccion_coor_x": 446417.0, "direccion_coor_y": 4538003.0, "ARTE": 0, "DANZA": 0, "EDUCACIONADULTA": 0, "EDUCACIONESPECIAL": 0, "FORMACIONPROFESIONAL": 0, "HOSPITALARIA": 0, "IDIOMAS": 0, "INFANTIL": 1, "MILITAR": 0, "MUSICA": 0, "OTRO": 0, "OTRONOEDUCATIVO": 0, "PENITENCIARIO": 0, "PRIMARIA": 1, "SECUNDARIA": 1, "SUPERIOR": 0, "UNIVERSITARIO": 0 }, "geometry": { "type": "Point", "coordinates": [ 3175465.355427156668156, 2091614.042470559244975 ] } },
{ "type": "Feature", "properties": { "centro_codigo": "28001976", "centro_nombre": "GSD INTERNATIONAL SCHOOL BUITRAGO", "centro_tipo_descripcion": "CENTRO PRIVADO DE EDUCACIÓN PRIMARIA Y SECUNDARIA", "centro_titularidad": "PRIVADO CONCERTADO", "centro_titular": "GREDOS SAN DIEGO SOCIEDAD COOPERATIVA MADRILEÑA", "municipio_nombre": "Buitrago del Lozoya", "distrito_nombre": null, "direccion_coor_x": 446290.0, "direccion_coor_y": 4537673.0, "ARTE": 0, "DANZA": 0, "EDUCACIONADULTA": 0, "EDUCACIONESPECIAL": 0, "FORMACIONPROFESIONAL": 0, "HOSPITALARIA": 0, "IDIOMAS": 0, "INFANTIL": 0, "MILITAR": 0, "MUSICA": 0, "OTRO": 0, "OTRONOEDUCATIVO": 0, "PENITENCIARIO": 0, "PRIMARIA": 1, "SECUNDARIA": 1, "SUPERIOR": 0, "UNIVERSITARIO": 0 }, "geometry": { "type": "Point", "coordinates": [ 3175287.875154850073159, 2091310.754904554458335 ] } },
{ "type": "Feature", "properties": { "centro_codigo": "28002026", "centro_nombre": "EUGENIO MURO", "centro_tipo_descripcion": "COLEGIO DE EDUCACIÓN INFANTIL, PRIMARIA Y SECUNDARIA", "centro_titularidad": "PÚBLICO", "centro_titular": "COMUNIDAD DE MADRID", "municipio_nombre": "Cadalso de los Vidrios", "distrito_nombre": null, "direccion_coor_x": 376734.0, "direccion_coor_y": 4462250.0, "ARTE": 0, "DANZA": 0, "EDUCACIONADULTA": 0, "EDUCACIONESPECIAL": 0, "FORMACIONPROFESIONAL": 0, "HOSPITALARIA": 0, "IDIOMAS": 0, "INFANTIL": 1, "MILITAR": 0, "MUSICA": 0, "OTRO": 0, "OTRONOEDUCATIVO": 0, "PENITENCIARIO": 0, "PRIMARIA": 1, "SECUNDARIA": 1, "SUPERIOR": 0, "UNIVERSITARIO": 0 }, "geometry": { "type": "Point", "coordinates": [ 3094731.429860491771251, 2029065.382733110804111 ] } },
{ "type": "Feature", "properties": { "centro_codigo": "28002038", "centro_nombre": "FEDERICO GARCIA LORCA", "centro_tipo_descripcion": "COLEGIO DE EDUCACIÓN INFANTIL, PRIMARIA Y SECUNDARIA", "centro_titularidad": "PÚBLICO", "centro_titular": "COMUNIDAD DE MADRID", "municipio_nombre": "Camarma de Esteruelas", "distrito_nombre": null, "direccion_coor_x": 468269.0, "direccion_coor_y": 4488523.0, "ARTE": 0, "DANZA": 0, "EDUCACIONADULTA": 0, "EDUCACIONESPECIAL": 0, "FORMACIONPROFESIONAL": 0, "HOSPITALARIA": 0, "IDIOMAS": 0, "INFANTIL": 1, "MILITAR": 0, "MUSICA": 0, "OTRO": 0, "OTRONOEDUCATIVO": 0, "PENITENCIARIO": 0, "PRIMARIA": 1, "SECUNDARIA": 1, "SUPERIOR": 0, "UNIVERSITARIO": 0 }, "geometry": { "type": "Point", "coordinates": [ 3189272.102007344830781, 2039073.407994665205479 ] } },
{ "type": "Feature", "properties": { "centro_codigo": "28002105", "centro_nombre": "SUAREZ SOMONTE", "centro_tipo_descripcion": "COLEGIO DE EDUCACIÓN INFANTIL, PRIMARIA Y SECUNDARIA", "centro_titularidad": "PÚBLICO", "centro_titular": "COMUNIDAD DE MADRID", "municipio_nombre": "Cenicientos", "distrito_nombre": null, "direccion_coor_x": 375012.0, "direccion_coor_y": 4457835.0, "ARTE": 0, "DANZA": 0, "EDUCACIONADULTA": 0, "EDUCACIONESPECIAL": 0, "FORMACIONPROFESIONAL": 0, "HOSPITALARIA": 0, "IDIOMAS": 0, "INFANTIL": 1, "MILITAR": 0, "MUSICA": 0, "OTRO": 0, "OTRONOEDUCATIVO": 0, "PENITENCIARIO": 0, "PRIMARIA": 1, "SECUNDARIA": 1, "SUPERIOR": 0, "UNIVERSITARIO": 0 }, "geometry": { "type": "Point", "coordinates": [ 3092337.862562894821167, 2025015.157301326980814 ] } },
{ "type": "Feature", "properties": { "centro_codigo": "28002181", "centro_nombre": "JUAN CARLOS I", "centro_tipo_descripcion": "INSTITUTO DE EDUCACIÓN SECUNDARIA", "centro_titularidad": "PÚBLICO", "centro_titular": "COMUNIDAD DE MADRID", "municipio_nombre": "Ciempozuelos", "distrito_nombre": null, "direccion_coor_x": 447174.0, "direccion_coor_y": 4444995.0, "ARTE": 0, "DANZA": 0, "EDUCACIONADULTA": 0, "EDUCACIONESPECIAL": 0, "FORMACIONPROFESIONAL": 0, "HOSPITALARIA": 0, "IDIOMAS": 0, "INFANTIL": 0, "MILITAR": 0, "MUSICA": 0, "OTRO": 0, "OTRONOEDUCATIVO": 0, "PENITENCIARIO": 0, "PRIMARIA": 0, "SECUNDARIA": 1, "SUPERIOR": 0, "UNIVERSITARIO": 0 }, "geometry": { "type": "Point", "coordinates": [ 3161615.31283047888428, 1999828.305746504105628 ] } },
{ "type": "Feature", "properties": { "centro_codigo": "28002211", "centro_nombre": "VILLA DE COBEÑA", "centro_tipo_descripcion": "COLEGIO DE EDUCACIÓN INFANTIL, PRIMARIA Y SECUNDARIA", "centro_titularidad": "PÚBLICO", "centro_titular": "COMUNIDAD DE MADRID", "municipio_nombre": "Cobeña", "distrito_nombre": null, "direccion_coor_x": 457159.0, "direccion_coor_y": 4491094.0, "ARTE": 0, "DANZA": 0, "EDUCACIONADULTA": 0, "EDUCACIONESPECIAL": 0, "FORMACIONPROFESIONAL": 0, "HOSPITALARIA": 0, "IDIOMAS": 0, "INFANTIL": 1, "MILITAR": 0, "MUSICA": 0, "OTRO": 0, "OTRONOEDUCATIVO": 0, "PENITENCIARIO": 0, "PRIMARIA": 1, "SECUNDARIA": 1, "SUPERIOR": 0, "UNIVERSITARIO": 0 }, "geometry": { "type": "Point", "coordinates": [ 3178696.999348804354668, 2043524.725822119042277 ] } },
{ "type": "Feature", "properties": { "centro_codigo": "28002312", "centro_nombre": "MARQUES DE SANTILLANA", "centro_tipo_descripcion": "INSTITUTO DE EDUCACIÓN SECUNDARIA", "centro_titularidad": "PÚBLICO", "centro_titular": "COMUNIDAD DE MADRID", "municipio_nombre": "Colmenar Viejo", "distrito_nombre": null, "direccion_coor_x": 434845.0, "direccion_coor_y": 4502351.0, "ARTE": 0, "DANZA": 0, "EDUCACIONADULTA": 0, "EDUCACIONESPECIAL": 0, "FORMACIONPROFESIONAL": 0, "HOSPITALARIA": 0, "IDIOMAS": 0, "INFANTIL": 0, "MILITAR": 0, "MUSICA": 0, "OTRO": 0, "OTRONOEDUCATIVO": 0, "PENITENCIARIO": 0, "PRIMARIA": 0, "SECUNDARIA": 1, "SUPERIOR": 0, "UNIVERSITARIO": 0 }, "geometry": { "type": "Point", "coordinates": [ 3158421.042449741158634, 2058479.303707488812506 ] } },
{ "type": "Feature", "properties": { "centro_codigo": "28002397", "centro_nombre": "SANTISIMA TRINIDAD", "centro_tipo_descripcion": "CENTRO PRIVADO DE EDUCACIÓN INFANTIL, PRIMARIA Y SECUNDARIA", "centro_titularidad": "PRIVADO CONCERTADO", "centro_titular": "HIJAS DE LA CARIDAD DE SAN VICENTE DE PAUL", "municipio_nombre": "Collado Villalba", "distrito_nombre": null, "direccion_coor_x": 414652.0, "direccion_coor_y": 4497956.0, "ARTE": 0, "DANZA": 0, "EDUCACIONADULTA": 0, "EDUCACIONESPECIAL": 0, "FORMACIONPROFESIONAL": 0, "HOSPITALARIA": 0, "IDIOMAS": 0, "INFANTIL": 1, "MILITAR": 0, "MUSICA": 0, "OTRO": 0, "OTRONOEDUCATIVO": 0, "PENITENCIARIO": 0, "PRIMARIA": 1, "SECUNDARIA": 1, "SUPERIOR": 0, "UNIVERSITARIO": 0 }, "geometry": { "type": "Point", "coordinates": [ 3137786.621667988598347, 2057651.714429933112115 ] } },
{ "type": "Feature", "properties": { "centro_codigo": "28002415", "centro_nombre": "JAIME FERRAN", "centro_tipo_descripcion": "INSTITUTO DE EDUCACIÓN SECUNDARIA", "centro_titularidad": "PÚBLICO", "centro_titular": "COMUNIDAD DE MADRID", "municipio_nombre": "Collado Villalba", "distrito_nombre": null, "direccion_coor_x": 415198.0, "direccion_coor_y": 4499081.0, "ARTE": 0, "DANZA": 0, "EDUCACIONADULTA": 0, "EDUCACIONESPECIAL": 0, "FORMACIONPROFESIONAL": 0, "HOSPITALARIA": 0, "IDIOMAS": 0, "INFANTIL": 0, "MILITAR": 0, "MUSICA": 0, "OTRO": 0, "OTRONOEDUCATIVO": 0, "PENITENCIARIO": 0, "PRIMARIA": 0, "SECUNDARIA": 1, "SUPERIOR": 0, "UNIVERSITARIO": 0 }, "geometry": { "type": "Point", "coordinates": [ 3138502.833328756969422, 2058665.629433421883732 ] } },
{ "type": "Feature", "properties": { "centro_codigo": "28002427", "centro_nombre": "VIRGEN DE LA ALMUDENA", "centro_tipo_descripcion": "CENTRO PRIVADO DE EDUCACIÓN INFANTIL, PRIMARIA Y SECUNDARIA", "centro_titularidad": "PRIVADO CONCERTADO", "centro_titular": "RELIGIOSAS DE MARIA IANUA COELI", "municipio_nombre": "Collado Villalba", "distrito_nombre": null, "direccion_coor_x": 415723.0, "direccion_coor_y": 4499209.0, "ARTE": 0, "DANZA": 0, "EDUCACIONADULTA": 0, "EDUCACIONESPECIAL": 0, "FORMACIONPROFESIONAL": 0, "HOSPITALARIA": 0, "IDIOMAS": 0, "INFANTIL": 1, "MILITAR": 0, "MUSICA": 0, "OTRO": 0, "OTRONOEDUCATIVO": 0, "PENITENCIARIO": 0, "PRIMARIA": 1, "SECUNDARIA": 1, "SUPERIOR": 0, "UNIVERSITARIO": 0 }, "geometry": { "type": "Point", "coordinates": [ 3139041.425717619247735, 2058700.575472634285688 ] } },
{ "type": "Feature", "properties": { "centro_codigo": "28002506", "centro_nombre": "VIRGEN DEL HENAR", "centro_tipo_descripcion": "CENTRO PRIVADO DE EDUCACIÓN INFANTIL, PRIMARIA Y SECUNDARIA", "centro_titularidad": "PRIVADO CONCERTADO", "centro_titular": "COLEGIO VIRGEN DEL HENAR, S.L.", "municipio_nombre": "Coslada", "distrito_nombre": null, "direccion_coor_x": 452169.0, "direccion_coor_y": 4475393.0, "ARTE": 0, "DANZA": 0, "EDUCACIONADULTA": 0, "EDUCACIONESPECIAL": 0, "FORMACIONPROFESIONAL": 0, "HOSPITALARIA": 0, "IDIOMAS": 0, "INFANTIL": 1, "MILITAR": 0, "MUSICA": 0, "OTRO": 0, "OTRONOEDUCATIVO": 0, "PENITENCIARIO": 0, "PRIMARIA": 1, "SECUNDARIA": 1, "SUPERIOR": 0, "UNIVERSITARIO": 0 }, "geometry": { "type": "Point", "coordinates": [ 3171305.360630409326404, 2028915.433575572445989 ] } },
{ "type": "Feature", "properties": { "centro_codigo": "28002580", "centro_nombre": "MIGUEL CATALÁN", "centro_tipo_descripcion": "INSTITUTO DE EDUCACIÓN SECUNDARIA", "centro_titularidad": "PÚBLICO", "centro_titular": "COMUNIDAD DE MADRID", "municipio_nombre": "Coslada", "distrito_nombre": null, "direccion_coor_x": 454090.0, "direccion_coor_y": 4475869.0, "ARTE": 0, "DANZA": 0, "EDUCACIONADULTA": 0, "EDUCACIONESPECIAL": 0, "FORMACIONPROFESIONAL": 0, "HOSPITALARIA": 0, "IDIOMAS": 0, "INFANTIL": 0, "MILITAR": 0, "MUSICA": 0, "OTRO": 0, "OTRONOEDUCATIVO": 0, "PENITENCIARIO": 0, "PRIMARIA": 0, "SECUNDARIA": 1, "SUPERIOR": 0, "UNIVERSITARIO": 0 }, "geometry": { "type": "Point", "coordinates": [ 3173278.167858651839197, 2029052.510072813602164 ] } },
{ "type": "Feature", "properties": { "centro_codigo": "28002853", "centro_nombre": "MARTINA GARCIA", "centro_tipo_descripcion": "COLEGIO DE EDUCACIÓN INFANTIL, PRIMARIA Y SECUNDARIA", "centro_titularidad": "PÚBLICO", "centro_titular": "COMUNIDAD DE MADRID", "municipio_nombre": "Fuente el Saz de Jarama", "distrito_nombre": null, "direccion_coor_x": 456391.0, "direccion_coor_y": 4497763.0, "ARTE": 0, "DANZA": 0, "EDUCACIONADULTA": 0, "EDUCACIONESPECIAL": 0, "FORMACIONPROFESIONAL": 0, "HOSPITALARIA": 0, "IDIOMAS": 0, "INFANTIL": 1, "MILITAR": 0, "MUSICA": 0, "OTRO": 0, "OTRONOEDUCATIVO": 0, "PENITENCIARIO": 0, "PRIMARIA": 1, "SECUNDARIA": 1, "SUPERIOR": 0, "UNIVERSITARIO": 0 }, "geometry": { "type": "Point", "coordinates": [ 3178984.66973235597834, 2050229.29081695782952 ] } },
{ "type": "Feature", "properties": { "centro_codigo": "28003092", "centro_nombre": "SANTA TERESA", "centro_tipo_descripcion": "CENTRO PRIVADO DE EDUCACIÓN INFANTIL, PRIMARIA Y SECUNDARIA", "centro_titularidad": "PRIVADO CONCERTADO", "centro_titular": "RELIGIOSAS CARMELITAS MISIONERAS", "municipio_nombre": "Getafe", "distrito_nombre": null, "direccion_coor_x": 443798.0, "direccion_coor_y": 4464296.0, "ARTE": 0, "DANZA": 0, "EDUCACIONADULTA": 0, "EDUCACIONESPECIAL": 0, "FORMACIONPROFESIONAL": 0, "HOSPITALARIA": 0, "IDIOMAS": 0, "INFANTIL": 1, "MILITAR": 0, "MUSICA": 0, "OTRO": 0, "OTRONOEDUCATIVO": 0, "PENITENCIARIO": 0, "PRIMARIA": 1, "SECUNDARIA": 1, "SUPERIOR": 0, "UNIVERSITARIO": 0 }, "geometry": { "type": "Point", "coordinates": [ 3161296.103213057853281, 2019428.543702181894332 ] } },
{ "type": "Feature", "properties": { "centro_codigo": "28003110", "centro_nombre": "JESUS NAZARENO", "centro_tipo_descripcion": "CENTRO PRIVADO DE EDUCACIÓN INFANTIL, PRIMARIA Y SECUNDARIA", "centro_titularidad": "PRIVADO CONCERTADO", "centro_titular": "HNAS. HOSPITALARIAS DE JESUS NAZARENO", "municipio_nombre": "Getafe", "distrito_nombre": null, "direccion_coor_x": 438102.0, "direccion_coor_y": 4461929.0, "ARTE": 0, "DANZA": 0, "EDUCACIONADULTA": 0, "EDUCACIONESPECIAL": 0, "FORMACIONPROFESIONAL": 0, "HOSPITALARIA": 0, "IDIOMAS": 0, "INFANTIL": 1, "MILITAR": 0, "MUSICA": 0, "OTRO": 0, "OTRONOEDUCATIVO": 0, "PENITENCIARIO": 0, "PRIMARIA": 1, "SECUNDARIA": 1, "SUPERIOR": 0, "UNIVERSITARIO": 0 }, "geometry": { "type": "Point", "coordinates": [ 3155297.20858013164252, 2018081.957036030013114 ] } },
{ "type": "Feature", "properties": { "centro_codigo": "28003134", "centro_nombre": "SAN JOSE", "centro_tipo_descripcion": "CENTRO PRIVADO DE EDUCACIÓN INFANTIL, PRIMARIA Y SECUNDARIA", "centro_titularidad": "PRIVADO CONCERTADO", "centro_titular": "FUNDACION EDUCATIVA SANTO DOMINGO", "municipio_nombre": "Getafe", "distrito_nombre": null, "direccion_coor_x": 437914.0, "direccion_coor_y": 4462195.0, "ARTE": 0, "DANZA": 0, "EDUCACIONADULTA": 0, "EDUCACIONESPECIAL": 0, "FORMACIONPROFESIONAL": 0, "HOSPITALARIA": 0, "IDIOMAS": 0, "INFANTIL": 1, "MILITAR": 0, "MUSICA": 0, "OTRO": 0, "OTRONOEDUCATIVO": 0, "PENITENCIARIO": 0, "PRIMARIA": 1, "SECUNDARIA": 1, "SUPERIOR": 0, "UNIVERSITARIO": 0 }, "geometry": { "type": "Point", "coordinates": [ 3155153.077179292216897, 2018376.597482456360012 ] } },
{ "type": "Feature", "properties": { "centro_codigo": "28003201", "centro_nombre": "MATEMATICO PUIG ADAM", "centro_tipo_descripcion": "INSTITUTO DE EDUCACIÓN SECUNDARIA", "centro_titularidad": "PÚBLICO", "centro_titular": "COMUNIDAD DE MADRID", "municipio_nombre": "Getafe", "distrito_nombre": null, "direccion_coor_x": 437479.0, "direccion_coor_y": 4461038.0, "ARTE": 0, "DANZA": 0, "EDUCACIONADULTA": 0, "EDUCACIONESPECIAL": 0, "FORMACIONPROFESIONAL": 0, "HOSPITALARIA": 0, "IDIOMAS": 0, "INFANTIL": 0, "MILITAR": 0, "MUSICA": 0, "OTRO": 0, "OTRONOEDUCATIVO": 0, "PENITENCIARIO": 0, "PRIMARIA": 0, "SECUNDARIA": 1, "SUPERIOR": 0, "UNIVERSITARIO": 0 }, "geometry": { "type": "Point", "coordinates": [ 3154542.160590226761997, 2017311.887204441009089 ] } },
{ "type": "Feature", "properties": { "centro_codigo": "28003250", "centro_nombre": "LA INMACULADA-PADRES ESCOLAPIOS", "centro_tipo_descripcion": "CENTRO PRIVADO DE EDUCACIÓN INFANTIL, PRIMARIA Y SECUNDARIA", "centro_titularidad": "PRIVADO CONCERTADO", "centro_titular": "ESCUELAS PIAS PROVINCIA BETANIA", "municipio_nombre": "Getafe", "distrito_nombre": null, "direccion_coor_x": 437822.0, "direccion_coor_y": 4462088.0, "ARTE": 0, "DANZA": 0, "EDUCACIONADULTA": 0, "EDUCACIONESPECIAL": 0, "FORMACIONPROFESIONAL": 0, "HOSPITALARIA": 0, "IDIOMAS": 0, "INFANTIL": 1, "MILITAR": 0, "MUSICA": 0, "OTRO": 0, "OTRONOEDUCATIVO": 0, "PENITENCIARIO": 0, "PRIMARIA": 1, "SECUNDARIA": 1, "SUPERIOR": 0, "UNIVERSITARIO": 0 }, "geometry": { "type": "Point", "coordinates": [ 3155045.42307579703629, 2018287.094412468606606 ] } },
{ "type": "Feature", "properties": { "centro_codigo": "28003262", "centro_nombre": "DIVINA PASTORA", "centro_tipo_descripcion": "CENTRO PRIVADO DE EDUCACIÓN INFANTIL, PRIMARIA Y SECUNDARIA", "centro_titularidad": "PRIVADO CONCERTADO", "centro_titular": "INSTIT.CALASANCIO H.DIVINA PASTORA", "municipio_nombre": "Getafe", "distrito_nombre": null, "direccion_coor_x": 437718.0, "direccion_coor_y": 4462327.0, "ARTE": 0, "DANZA": 0, "EDUCACIONADULTA": 0, "EDUCACIONESPECIAL": 0, "FORMACIONPROFESIONAL": 0, "HOSPITALARIA": 0, "IDIOMAS": 0, "INFANTIL": 1, "MILITAR": 0, "MUSICA": 0, "OTRO": 0, "OTRONOEDUCATIVO": 0, "PENITENCIARIO": 0, "PRIMARIA": 1, "SECUNDARIA": 1, "SUPERIOR": 0, "UNIVERSITARIO": 0 }, "geometry": { "type": "Point", "coordinates": [ 3154980.068781581707299, 2018540.590862278593704 ] } },
{ "type": "Feature", "properties": { "centro_codigo": "28003304", "centro_nombre": "ALARNES", "centro_tipo_descripcion": "INSTITUTO DE EDUCACIÓN SECUNDARIA", "centro_titularidad": "PÚBLICO", "centro_titular": "COMUNIDAD DE MADRID", "municipio_nombre": "Getafe", "distrito_nombre": null, "direccion_coor_x": 437552.0, "direccion_coor_y": 4461314.0, "ARTE": 0, "DANZA": 0, "EDUCACIONADULTA": 0, "EDUCACIONESPECIAL": 0, "FORMACIONPROFESIONAL": 0, "HOSPITALARIA": 0, "IDIOMAS": 0, "INFANTIL": 0, "MILITAR": 0, "MUSICA": 0, "OTRO": 0, "OTRONOEDUCATIVO": 0, "PENITENCIARIO": 0, "PRIMARIA": 0, "SECUNDARIA": 1, "SUPERIOR": 0, "UNIVERSITARIO": 0 }, "geometry": { "type": "Point", "coordinates": [ 3154657.489299506880343, 2017571.197459407150745 ] } },
{ "type": "Feature", "properties": { "centro_codigo": "28003419", "centro_nombre": "LA SALLE", "centro_tipo_descripcion": "CENTRO PRIVADO DE EDUCACIÓN INFANTIL, PRIMARIA Y SECUNDARIA", "centro_titularidad": "PRIVADO CONCERTADO", "centro_titular": "HNOS. DE LAS ESCUELAS CRISTIANAS", "municipio_nombre": "Griñón", "distrito_nombre": null, "direccion_coor_x": 427182.0, "direccion_coor_y": 4451648.0, "ARTE": 0, "DANZA": 0, "EDUCACIONADULTA": 0, "EDUCACIONESPECIAL": 0, "FORMACIONPROFESIONAL": 0, "HOSPITALARIA": 0, "IDIOMAS": 0, "INFANTIL": 1, "MILITAR": 0, "MUSICA": 0, "OTRO": 0, "OTRONOEDUCATIVO": 0, "PENITENCIARIO": 0, "PRIMARIA": 1, "SECUNDARIA": 1, "SUPERIOR": 0, "UNIVERSITARIO": 0 }, "geometry": { "type": "Point", "coordinates": [ 3142898.431838263757527, 2009843.570829070638865 ] } },
{ "type": "Feature", "properties": { "centro_codigo": "28003444", "centro_nombre": "COLEGIO JUAN PABLO II Y LA INMACULADA", "centro_tipo_descripcion": "CENTRO PRIVADO DE EDUCACIÓN INFANTIL, PRIMARIA Y SECUNDARIA", "centro_titularidad": "PRIVADO CONCERTADO", "centro_titular": "COLEGIO JUAN PABLO II GUADARRAMA, S.L.", "municipio_nombre": "Guadarrama", "distrito_nombre": null, "direccion_coor_x": 407756.0, "direccion_coor_y": 4503145.0, "ARTE": 0, "DANZA": 0, "EDUCACIONADULTA": 0, "EDUCACIONESPECIAL": 0, "FORMACIONPROFESIONAL": 0, "HOSPITALARIA": 0, "IDIOMAS": 0, "INFANTIL": 1, "MILITAR": 0, "MUSICA": 0, "OTRO": 0, "OTRONOEDUCATIVO": 0, "PENITENCIARIO": 0, "PRIMARIA": 1, "SECUNDARIA": 1, "SUPERIOR": 0, "UNIVERSITARIO": 0 }, "geometry": { "type": "Point", "coordinates": [ 3131793.953271151520312, 2063964.723039926728234 ] } },
{ "type": "Feature", "properties": { "centro_codigo": "28003584", "centro_nombre": "LA INMACULADA", "centro_tipo_descripcion": "CENTRO PRIVADO DE EDUCACIÓN INFANTIL, PRIMARIA Y SECUNDARIA", "centro_titularidad": "PRIVADO CONCERTADO", "centro_titular": "HIJAS DE LA CARIDAD DE SAN VICENTE DE PAUL", "municipio_nombre": "Leganés", "distrito_nombre": null, "direccion_coor_x": 434742.0, "direccion_coor_y": 4464396.0, "ARTE": 0, "DANZA": 0, "EDUCACIONADULTA": 0, "EDUCACIONESPECIAL": 0, "FORMACIONPROFESIONAL": 0, "HOSPITALARIA": 0, "IDIOMAS": 0, "INFANTIL": 1, "MILITAR": 0, "MUSICA": 0, "OTRO": 0, "OTRONOEDUCATIVO": 0, "PENITENCIARIO": 0, "PRIMARIA": 1, "SECUNDARIA": 1, "SUPERIOR": 0, "UNIVERSITARIO": 0 }, "geometry": { "type": "Point", "coordinates": [ 3152363.45366792473942, 2021094.559238154673949 ] } },
{ "type": "Feature", "properties": { "centro_codigo": "28003675", "centro_nombre": "LICEO SAN PABLO", "centro_tipo_descripcion": "CENTRO PRIVADO DE EDUCACIÓN INFANTIL, PRIMARIA Y SECUNDARIA", "centro_titularidad": "PRIVADO CONCERTADO", "centro_titular": "CENTRO DE ENSEÑANZA SERRANO GARCIA S.L.", "municipio_nombre": "Leganés", "distrito_nombre": null, "direccion_coor_x": 435378.0, "direccion_coor_y": 4464388.0, "ARTE": 0, "DANZA": 0, "EDUCACIONADULTA": 0, "EDUCACIONESPECIAL": 0, "FORMACIONPROFESIONAL": 0, "HOSPITALARIA": 0, "IDIOMAS": 0, "INFANTIL": 1, "MILITAR": 0, "MUSICA": 0, "OTRO": 0, "OTRONOEDUCATIVO": 0, "PENITENCIARIO": 0, "PRIMARIA": 1, "SECUNDARIA": 1, "SUPERIOR": 0, "UNIVERSITARIO": 0 }, "geometry": { "type": "Point", "coordinates": [ 3152990.606927947606891, 2020976.530155832879245 ] } },
{ "type": "Feature", "properties": { "centro_codigo": "28003742", "centro_nombre": "EL SALVADOR", "centro_tipo_descripcion": "CENTRO PRIVADO DE EDUCACIÓN INFANTIL, PRIMARIA Y SECUNDARIA", "centro_titularidad": "PRIVADO CONCERTADO", "centro_titular": "EL SALVADOR, SDAD. COOP. MADRILEÑA", "municipio_nombre": "Leganés", "distrito_nombre": null, "direccion_coor_x": 435459.0, "direccion_coor_y": 4464671.0, "ARTE": 0, "DANZA": 0, "EDUCACIONADULTA": 0, "EDUCACIONESPECIAL": 0, "FORMACIONPROFESIONAL": 0, "HOSPITALARIA": 0, "IDIOMAS": 0, "INFANTIL": 1, "MILITAR": 0, "MUSICA": 0, "OTRO": 0, "OTRONOEDUCATIVO": 0, "PENITENCIARIO": 0, "PRIMARIA": 1, "SECUNDARIA": 1, "SUPERIOR": 0, "UNIVERSITARIO": 0 }, "geometry": { "type": "Point", "coordinates": [ 3153114.953602065797895, 2021241.354816029313952 ] } },
{ "type": "Feature", "properties": { "centro_codigo": "28003882", "centro_nombre": "JOSE DE CHURRIGUERA", "centro_tipo_descripcion": "INSTITUTO DE EDUCACIÓN SECUNDARIA", "centro_titularidad": "PÚBLICO", "centro_titular": "COMUNIDAD DE MADRID", "municipio_nombre": "Leganés", "distrito_nombre": null, "direccion_coor_x": 435250.0, "direccion_coor_y": 4463907.0, "ARTE": 0, "DANZA": 0, "EDUCACIONADULTA": 0, "EDUCACIONESPECIAL": 0, "FORMACIONPROFESIONAL": 0, "HOSPITALARIA": 0, "IDIOMAS": 0, "INFANTIL": 0, "MILITAR": 0, "MUSICA": 0, "OTRO": 0, "OTRONOEDUCATIVO": 0, "PENITENCIARIO": 0, "PRIMARIA": 0, "SECUNDARIA": 1, "SUPERIOR": 0, "UNIVERSITARIO": 0 }, "geometry": { "type": "Point", "coordinates": [ 3152788.8199089509435, 2020524.747961693443358 ] } },
{ "type": "Feature", "properties": { "centro_codigo": "28003894", "centro_nombre": "LUIS VIVES", "centro_tipo_descripcion": "INSTITUTO DE EDUCACIÓN SECUNDARIA", "centro_titularidad": "PÚBLICO", "centro_titular": "COMUNIDAD DE MADRID", "municipio_nombre": "Leganés", "distrito_nombre": null, "direccion_coor_x": 435027.0, "direccion_coor_y": 4465668.0, "ARTE": 0, "DANZA": 0, "EDUCACIONADULTA": 0, "EDUCACIONESPECIAL": 0, "FORMACIONPROFESIONAL": 0, "HOSPITALARIA": 0, "IDIOMAS": 0, "INFANTIL": 0, "MILITAR": 0, "MUSICA": 0, "OTRO": 0, "OTRONOEDUCATIVO": 0, "PENITENCIARIO": 0, "PRIMARIA": 0, "SECUNDARIA": 1, "SUPERIOR": 0, "UNIVERSITARIO": 0 }, "geometry": { "type": "Point", "coordinates": [ 3152844.24203706625849, 2022298.561322996858507 ] } },
{ "type": "Feature", "properties": { "centro_codigo": "28003900", "centro_nombre": "MARIA ZAMBRANO", "centro_tipo_descripcion": "INSTITUTO DE EDUCACIÓN SECUNDARIA", "centro_titularidad": "PÚBLICO", "centro_titular": "COMUNIDAD DE MADRID", "municipio_nombre": "Leganés", "distrito_nombre": null, "direccion_coor_x": 436494.0, "direccion_coor_y": 4464717.0, "ARTE": 0, "DANZA": 0, "EDUCACIONADULTA": 0, "EDUCACIONESPECIAL": 0, "FORMACIONPROFESIONAL": 0, "HOSPITALARIA": 0, "IDIOMAS": 0, "INFANTIL": 0, "MILITAR": 0, "MUSICA": 0, "OTRO": 0, "OTRONOEDUCATIVO": 0, "PENITENCIARIO": 0, "PRIMARIA": 0, "SECUNDARIA": 1, "SUPERIOR": 0, "UNIVERSITARIO": 0 }, "geometry": { "type": "Point", "coordinates": [ 3154144.806201285682619, 2021107.454193426296115 ] } },
{ "type": "Feature", "properties": { "centro_codigo": "28003973", "centro_nombre": "MONTFORT INTERNATIONAL SCHOOL", "centro_tipo_descripcion": "CENTRO PRIVADO DE EDUCACIÓN PRIMARIA Y SECUNDARIA", "centro_titularidad": "PRIVADO", "centro_titular": "MONTFORT INTERNATIONAL SCHOOL, S.L.", "municipio_nombre": "Loeches", "distrito_nombre": null, "direccion_coor_x": 464331.0, "direccion_coor_y": 4471265.0, "ARTE": 0, "DANZA": 0, "EDUCACIONADULTA": 0, "EDUCACIONESPECIAL": 0, "FORMACIONPROFESIONAL": 0, "HOSPITALARIA": 0, "IDIOMAS": 0, "INFANTIL": 0, "MILITAR": 0, "MUSICA": 0, "OTRO": 0, "OTRONOEDUCATIVO": 0, "PENITENCIARIO": 0, "PRIMARIA": 1, "SECUNDARIA": 1, "SUPERIOR": 0, "UNIVERSITARIO": 0 }, "geometry": { "type": "Point", "coordinates": [ 3182678.111636438407004, 2022747.977886637439951 ] } },
{ "type": "Feature", "properties": { "centro_codigo": "28004059", "centro_nombre": "CERVANTES", "centro_tipo_descripcion": "INSTITUTO DE EDUCACIÓN SECUNDARIA", "centro_titularidad": "PÚBLICO", "centro_titular": "COMUNIDAD DE MADRID", "municipio_nombre": "Madrid", "distrito_nombre": "Centro", "direccion_coor_x": 440331.0, "direccion_coor_y": 4473049.0, "ARTE": 0, "DANZA": 0, "EDUCACIONADULTA": 0, "EDUCACIONESPECIAL": 0, "FORMACIONPROFESIONAL": 0, "HOSPITALARIA": 0, "IDIOMAS": 0, "INFANTIL": 0, "MILITAR": 0, "MUSICA": 0, "OTRO": 0, "OTRONOEDUCATIVO": 0, "PENITENCIARIO": 0, "PRIMARIA": 0, "SECUNDARIA": 1, "SUPERIOR": 0, "UNIVERSITARIO": 0 }, "geometry": { "type": "Point", "coordinates": [ 3159241.059332699514925, 2028653.189464655471966 ] } },
{ "type": "Feature", "properties": { "centro_codigo": "28005131", "centro_nombre": "BEATA MARIA ANA DE JESUS", "centro_tipo_descripcion": "CENTRO PRIVADO DE EDUCACIÓN INFANTIL, PRIMARIA Y SECUNDARIA", "centro_titularidad": "PRIVADO CONCERTADO", "centro_titular": "ARZOBISPADO DE MADRID", "municipio_nombre": "Madrid", "distrito_nombre": "Arganzuela", "direccion_coor_x": 440841.0, "direccion_coor_y": 4471725.0, "ARTE": 0, "DANZA": 0, "EDUCACIONADULTA": 0, "EDUCACIONESPECIAL": 0, "FORMACIONPROFESIONAL": 0, "HOSPITALARIA": 0, "IDIOMAS": 0, "INFANTIL": 1, "MILITAR": 0, "MUSICA": 0, "OTRO": 0, "OTRONOEDUCATIVO": 0, "PENITENCIARIO": 0, "PRIMARIA": 1, "SECUNDARIA": 1, "SUPERIOR": 0, "UNIVERSITARIO": 0 }, "geometry": { "type": "Point", "coordinates": [ 3159537.526452898979187, 2027260.287896877387539 ] } },
{ "type": "Feature", "properties": { "centro_codigo": "28005295", "centro_nombre": "DIVINO CORAZON", "centro_tipo_descripcion": "CENTRO PRIVADO DE EDUCACIÓN INFANTIL, PRIMARIA Y SECUNDARIA", "centro_titularidad": "PRIVADO CONCERTADO", "centro_titular": "FUNDACION EDUCATIVA DOCTRINA CRISTIANA", "municipio_nombre": "Madrid", "distrito_nombre": "Tetuán", "direccion_coor_x": 440603.0, "direccion_coor_y": 4480012.0, "ARTE": 0, "DANZA": 0, "EDUCACIONADULTA": 0, "EDUCACIONESPECIAL": 0, "FORMACIONPROFESIONAL": 0, "HOSPITALARIA": 0, "IDIOMAS": 0, "INFANTIL": 1, "MILITAR": 0, "MUSICA": 0, "OTRO": 0, "OTRONOEDUCATIVO": 0, "PENITENCIARIO": 0, "PRIMARIA": 1, "SECUNDARIA": 1, "SUPERIOR": 0, "UNIVERSITARIO": 0 }, "geometry": { "type": "Point", "coordinates": [ 3160601.242513783276081, 2035467.397224407410249 ] } },
{ "type": "Feature", "properties": { "centro_codigo": "28005738", "centro_nombre": "LOPEZ VICUÑA", "centro_tipo_descripcion": "CENTRO PRIVADO DE EDUCACIÓN INFANTIL, PRIMARIA Y SECUNDARIA", "centro_titularidad": "PRIVADO CONCERTADO", "centro_titular": "RELIGIOSAS DE MARIA INMACULADA", "municipio_nombre": "Madrid", "distrito_nombre": "San Blas-Canillejas", "direccion_coor_x": 448004.0, "direccion_coor_y": 4475912.0, "ARTE": 0, "DANZA": 0, "EDUCACIONADULTA": 0, "EDUCACIONESPECIAL": 0, "FORMACIONPROFESIONAL": 0, "HOSPITALARIA": 0, "IDIOMAS": 0, "INFANTIL": 1, "MILITAR": 0, "MUSICA": 0, "OTRO": 0, "OTRONOEDUCATIVO": 0, "PENITENCIARIO": 0, "PRIMARIA": 1, "SECUNDARIA": 1, "SUPERIOR": 0, "UNIVERSITARIO": 0 }, "geometry": { "type": "Point", "coordinates": [ 3167271.112253556028008, 2030146.84200734551996 ] } },
{ "type": "Feature", "properties": { "centro_codigo": "28005787", "centro_nombre": "COLEGIO DIOCESANO MARIA INMACULADA - MOGAMBO", "centro_tipo_descripcion": "CENTRO PRIVADO DE EDUCACIÓN INFANTIL, PRIMARIA Y SECUNDARIA", "centro_titularidad": "PRIVADO CONCERTADO", "centro_titular": "FUNDACION PIA AUTONOMA CONGREG. MARIANAS,INMACULADA Y S.JOSE", "municipio_nombre": "Madrid", "distrito_nombre": "Puente de Vallecas", "direccion_coor_x": 444253.0, "direccion_coor_y": 4470123.0, "ARTE": 0, "DANZA": 0, "EDUCACIONADULTA": 0, "EDUCACIONESPECIAL": 0, "FORMACIONPROFESIONAL": 0, "HOSPITALARIA": 0, "IDIOMAS": 0, "INFANTIL": 1, "MILITAR": 0, "MUSICA": 0, "OTRO": 0, "OTRONOEDUCATIVO": 0, "PENITENCIARIO": 0, "PRIMARIA": 1, "SECUNDARIA": 1, "SUPERIOR": 0, "UNIVERSITARIO": 0 }, "geometry": { "type": "Point", "coordinates": [ 3162657.949545077048242, 2025091.364448690321296 ] } },
{ "type": "Feature", "properties": { "centro_codigo": "28005799", "centro_nombre": "COLEGIO DIOCESANO MARIA INMACULADA - JOAQUIN TURINA", "centro_tipo_descripcion": "CENTRO PRIVADO DE EDUCACIÓN INFANTIL, PRIMARIA Y SECUNDARIA", "centro_titularidad": "PRIVADO CONCERTADO", "centro_titular": "FUNDACION PIA AUTONOMA CONGREG. MARIANAS,INMACULADA Y S.JOSE", "municipio_nombre": "Madrid", "distrito_nombre": "Carabanchel", "direccion_coor_x": 435637.0, "direccion_coor_y": 4469345.0, "ARTE": 0, "DANZA": 0, "EDUCACIONADULTA": 0, "EDUCACIONESPECIAL": 0, "FORMACIONPROFESIONAL": 0, "HOSPITALARIA": 0, "IDIOMAS": 0, "INFANTIL": 1, "MILITAR": 0, "MUSICA": 0, "OTRO": 0, "OTRONOEDUCATIVO": 0, "PENITENCIARIO": 0, "PRIMARIA": 1, "SECUNDARIA": 1, "SUPERIOR": 0, "UNIVERSITARIO": 0 }, "geometry": { "type": "Point", "coordinates": [ 3154022.900401241146028, 2025816.082806506659836 ] } },
{ "type": "Feature", "properties": { "centro_codigo": "28005842", "centro_nombre": "MATER AMABILIS", "centro_tipo_descripcion": "CENTRO PRIVADO DE EDUCACIÓN INFANTIL, PRIMARIA Y SECUNDARIA", "centro_titularidad": "PRIVADO CONCERTADO", "centro_titular": "FUNDACION MATER AMABILIS", "municipio_nombre": "Madrid", "distrito_nombre": "Villa de Vallecas", "direccion_coor_x": 447426.0, "direccion_coor_y": 4470002.0, "ARTE": 0, "DANZA": 0, "EDUCACIONADULTA": 0, "EDUCACIONESPECIAL": 0, "FORMACIONPROFESIONAL": 0, "HOSPITALARIA": 0, "IDIOMAS": 0, "INFANTIL": 1, "MILITAR": 0, "MUSICA": 0, "OTRO": 0, "OTRONOEDUCATIVO": 0, "PENITENCIARIO": 0, "PRIMARIA": 1, "SECUNDARIA": 1, "SUPERIOR": 0, "UNIVERSITARIO": 0 }, "geometry": { "type": "Point", "coordinates": [ 3165774.339406225830317, 2024423.361323696561158 ] } },
{ "type": "Feature", "properties": { "centro_codigo": "28006019", "centro_nombre": "PADRE PIQUER", "centro_tipo_descripcion": "CENTRO PRIVADO DE EDUCACIÓN SECUNDARIA", "centro_titularidad": "PRIVADO CONCERTADO", "centro_titular": "FUNDACION OBRA SOCIAL Y MONTE DE PIEDAD DE MADRID", "municipio_nombre": "Madrid", "distrito_nombre": "Tetuán", "direccion_coor_x": 441378.0, "direccion_coor_y": 4480325.0, "ARTE": 0, "DANZA": 0, "EDUCACIONADULTA": 0, "EDUCACIONESPECIAL": 0, "FORMACIONPROFESIONAL": 0, "HOSPITALARIA": 0, "IDIOMAS": 0, "INFANTIL": 0, "MILITAR": 0, "MUSICA": 0, "OTRO": 0, "OTRONOEDUCATIVO": 0, "PENITENCIARIO": 0, "PRIMARIA": 0, "SECUNDARIA": 1, "SUPERIOR": 0, "UNIVERSITARIO": 0 }, "geometry": { "type": "Point", "coordinates": [ 3161416.01256594248116, 2035641.681993297766894 ] } },
{ "type": "Feature", "properties": { "centro_codigo": "28006378", "centro_nombre": "SANTA ANA Y SAN RAFAEL", "centro_tipo_descripcion": "CENTRO PRIVADO DE EDUCACIÓN INFANTIL, PRIMARIA Y SECUNDARIA", "centro_titularidad": "PRIVADO CONCERTADO", "centro_titular": "FUNDACION EDUCACION MARIANISTA DOMINGO LAZARO", "municipio_nombre": "Madrid", "distrito_nombre": "Salamanca", "direccion_coor_x": 443286.0, "direccion_coor_y": 4474769.0, "ARTE": 0, "DANZA": 0, "EDUCACIONADULTA": 0, "EDUCACIONESPECIAL": 0, "FORMACIONPROFESIONAL": 0, "HOSPITALARIA": 0, "IDIOMAS": 0, "INFANTIL": 1, "MILITAR": 0, "MUSICA": 0, "OTRO": 0, "OTRONOEDUCATIVO": 0, "PENITENCIARIO": 0, "PRIMARIA": 1, "SECUNDARIA": 1, "SUPERIOR": 0, "UNIVERSITARIO": 0 }, "geometry": { "type": "Point", "coordinates": [ 3162430.259082416538149, 2029836.649420165922493 ] } },
{ "type": "Feature", "properties": { "centro_codigo": "28006457", "centro_nombre": "VEDRUNA", "centro_tipo_descripcion": "CENTRO PRIVADO DE EDUCACIÓN INFANTIL, PRIMARIA Y SECUNDARIA", "centro_titularidad": "PRIVADO CONCERTADO", "centro_titular": "FUNDACION VEDRUNA EDUCACION", "municipio_nombre": "Madrid", "distrito_nombre": "Villaverde", "direccion_coor_x": 439291.0, "direccion_coor_y": 4466035.0, "ARTE": 0, "DANZA": 0, "EDUCACIONADULTA": 0, "EDUCACIONESPECIAL": 0, "FORMACIONPROFESIONAL": 0, "HOSPITALARIA": 0, "IDIOMAS": 0, "INFANTIL": 1, "MILITAR": 0, "MUSICA": 0, "OTRO": 0, "OTRONOEDUCATIVO": 0, "PENITENCIARIO": 0, "PRIMARIA": 1, "SECUNDARIA": 1, "SUPERIOR": 0, "UNIVERSITARIO": 0 }, "geometry": { "type": "Point", "coordinates": [ 3157114.844067625701427, 2021921.908064977265894 ] } },
{ "type": "Feature", "properties": { "centro_codigo": "28006561", "centro_nombre": "ALAMEDA DE OSUNA", "centro_tipo_descripcion": "CENTRO PRIVADO DE EDUCACIÓN INFANTIL, PRIMARIA Y SECUNDARIA", "centro_titularidad": "PRIVADO", "centro_titular": "FOMENTO DE ENSEÑANZA MEDIA, S.A.", "municipio_nombre": "Madrid", "distrito_nombre": "Barajas", "direccion_coor_x": 450121.0, "direccion_coor_y": 4479083.0, "ARTE": 0, "DANZA": 0, "EDUCACIONADULTA": 0, "EDUCACIONESPECIAL": 0, "FORMACIONPROFESIONAL": 0, "HOSPITALARIA": 0, "IDIOMAS": 0, "INFANTIL": 1, "MILITAR": 0, "MUSICA": 0, "OTRO": 0, "OTRONOEDUCATIVO": 0, "PENITENCIARIO": 0, "PRIMARIA": 1, "SECUNDARIA": 1, "SUPERIOR": 0, "UNIVERSITARIO": 0 }, "geometry": { "type": "Point", "coordinates": [ 3169859.780492990743369, 2032905.42457002052106 ] } },
{ "type": "Feature", "properties": { "centro_codigo": "28006779", "centro_nombre": "EL AVE MARIA", "centro_tipo_descripcion": "CENTRO PRIVADO DE EDUCACIÓN INFANTIL, PRIMARIA Y SECUNDARIA", "centro_titularidad": "PRIVADO CONCERTADO", "centro_titular": "RELIGIOSAS OPERARIAS DEL DIVINO MAESTRO", "municipio_nombre": "Madrid", "distrito_nombre": "Puente de Vallecas", "direccion_coor_x": 443629.0, "direccion_coor_y": 4472108.0, "ARTE": 0, "DANZA": 0, "EDUCACIONADULTA": 0, "EDUCACIONESPECIAL": 0, "FORMACIONPROFESIONAL": 0, "HOSPITALARIA": 0, "IDIOMAS": 0, "INFANTIL": 1, "MILITAR": 0, "MUSICA": 0, "OTRO": 0, "OTRONOEDUCATIVO": 0, "PENITENCIARIO": 0, "PRIMARIA": 1, "SECUNDARIA": 1, "SUPERIOR": 0, "UNIVERSITARIO": 0 }, "geometry": { "type": "Point", "coordinates": [ 3162352.273358088452369, 2027155.242253284435719 ] } },
{ "type": "Feature", "properties": { "centro_codigo": "28006809", "centro_nombre": "BEATA FILIPINA-FUND.FELICIANA VIERTOLA", "centro_tipo_descripcion": "CENTRO PRIVADO DE EDUCACIÓN INFANTIL, PRIMARIA Y SECUNDARIA", "centro_titularidad": "PRIVADO CONCERTADO", "centro_titular": "FUNDACION ESCUELAS FELICIANA VIERTOLA", "municipio_nombre": "Madrid", "distrito_nombre": "Latina", "direccion_coor_x": 434419.0, "direccion_coor_y": 4470254.0, "ARTE": 0, "DANZA": 0, "EDUCACIONADULTA": 0, "EDUCACIONESPECIAL": 0, "FORMACIONPROFESIONAL": 0, "HOSPITALARIA": 0, "IDIOMAS": 0, "INFANTIL": 1, "MILITAR": 0, "MUSICA": 0, "OTRO": 0, "OTRONOEDUCATIVO": 0, "PENITENCIARIO": 0, "PRIMARIA": 1, "SECUNDARIA": 1, "SUPERIOR": 0, "UNIVERSITARIO": 0 }, "geometry": { "type": "Point", "coordinates": [ 3152961.925516335759312, 2026922.747162847546861 ] } },
{ "type": "Feature", "properties": { "centro_codigo": "28007103", "centro_nombre": "MADRES CONCEPCIONISTAS", "centro_tipo_descripcion": "CENTRO PRIVADO DE EDUCACIÓN INFANTIL, PRIMARIA Y SECUNDARIA", "centro_titularidad": "PRIVADO CONCERTADO", "centro_titular": "CONCEPCIONISTAS MISIONERAS DE LA ENSEÑANZA", "municipio_nombre": "Madrid", "distrito_nombre": "Moncloa-Aravaca", "direccion_coor_x": 439480.0, "direccion_coor_y": 4475316.0, "ARTE": 0, "DANZA": 0, "EDUCACIONADULTA": 0, "EDUCACIONESPECIAL": 0, "FORMACIONPROFESIONAL": 0, "HOSPITALARIA": 0, "IDIOMAS": 0, "INFANTIL": 1, "MILITAR": 0, "MUSICA": 0, "OTRO": 0, "OTRONOEDUCATIVO": 0, "PENITENCIARIO": 0, "PRIMARIA": 1, "SECUNDARIA": 1, "SUPERIOR": 0, "UNIVERSITARIO": 0 }, "geometry": { "type": "Point", "coordinates": [ 3158755.516990963369608, 2031034.360279623651877 ] } },
{ "type": "Feature", "properties": { "centro_codigo": "28007127", "centro_nombre": "CRISTO REY", "centro_tipo_descripcion": "CENTRO PRIVADO DE EDUCACIÓN INFANTIL, PRIMARIA Y SECUNDARIA", "centro_titularidad": "PRIVADO CONCERTADO", "centro_titular": "RELIGIOSAS ESCLAVAS DE CRISTO REY", "municipio_nombre": "Madrid", "distrito_nombre": "Hortaleza", "direccion_coor_x": 444094.0, "direccion_coor_y": 4480242.0, "ARTE": 0, "DANZA": 0, "EDUCACIONADULTA": 0, "EDUCACIONESPECIAL": 0, "FORMACIONPROFESIONAL": 0, "HOSPITALARIA": 0, "IDIOMAS": 0, "INFANTIL": 1, "MILITAR": 0, "MUSICA": 0, "OTRO": 0, "OTRONOEDUCATIVO": 0, "PENITENCIARIO": 0, "PRIMARIA": 1, "SECUNDARIA": 1, "SUPERIOR": 0, "UNIVERSITARIO": 0 }, "geometry": { "type": "Point", "coordinates": [ 3164086.419018184300512, 2035089.875163367018104 ] } },
{ "type": "Feature", "properties": { "centro_codigo": "28007139", "centro_nombre": "CRISTO REY", "centro_tipo_descripcion": "CENTRO PRIVADO DE EDUCACIÓN INFANTIL, PRIMARIA Y SECUNDARIA", "centro_titularidad": "PRIVADO CONCERTADO", "centro_titular": "FUNDACION EDUCATIVA JOSE GRAS", "municipio_nombre": "Madrid", "distrito_nombre": "Latina", "direccion_coor_x": 438031.0, "direccion_coor_y": 4473779.0, "ARTE": 0, "DANZA": 0, "EDUCACIONADULTA": 0, "EDUCACIONESPECIAL": 0, "FORMACIONPROFESIONAL": 0, "HOSPITALARIA": 0, "IDIOMAS": 0, "INFANTIL": 1, "MILITAR": 0, "MUSICA": 0, "OTRO": 0, "OTRONOEDUCATIVO": 0, "PENITENCIARIO": 0, "PRIMARIA": 1, "SECUNDARIA": 1, "SUPERIOR": 0, "UNIVERSITARIO": 0 }, "geometry": { "type": "Point", "coordinates": [ 3157082.995499051176012, 2029770.685361381852999 ] } },
{ "type": "Feature", "properties": { "centro_codigo": "28007152", "centro_nombre": "LUZ CASANOVA EMBAJADORES", "centro_tipo_descripcion": "CENTRO PRIVADO DE EDUCACIÓN INFANTIL, PRIMARIA Y SECUNDARIA", "centro_titularidad": "PRIVADO CONCERTADO", "centro_titular": "FUNDACION EDUCACION Y EVANGELIO", "municipio_nombre": "Madrid", "distrito_nombre": "Arganzuela", "direccion_coor_x": 440875.0, "direccion_coor_y": 4471967.0, "ARTE": 0, "DANZA": 0, "EDUCACIONADULTA": 0, "EDUCACIONESPECIAL": 0, "FORMACIONPROFESIONAL": 0, "HOSPITALARIA": 0, "IDIOMAS": 0, "INFANTIL": 1, "MILITAR": 0, "MUSICA": 0, "OTRO": 0, "OTRONOEDUCATIVO": 0, "PENITENCIARIO": 0, "PRIMARIA": 1, "SECUNDARIA": 1, "SUPERIOR": 0, "UNIVERSITARIO": 0 }, "geometry": { "type": "Point", "coordinates": [ 3159609.033127977978438, 2027492.862104767234996 ] } },
{ "type": "Feature", "properties": { "centro_codigo": "28007191", "centro_nombre": "NAZARET-OPORTO", "centro_tipo_descripcion": "CENTRO PRIVADO DE EDUCACIÓN INFANTIL, PRIMARIA Y SECUNDARIA", "centro_titularidad": "PRIVADO CONCERTADO", "centro_titular": "CONGREGACION DE RELIGIOSAS HIJAS SGDA. FAMILIA DE NAZARET", "municipio_nombre": "Madrid", "distrito_nombre": "Carabanchel", "direccion_coor_x": 438208.0, "direccion_coor_y": 4471326.0, "ARTE": 0, "DANZA": 0, "EDUCACIONADULTA": 0, "EDUCACIONESPECIAL": 0, "FORMACIONPROFESIONAL": 0, "HOSPITALARIA": 0, "IDIOMAS": 0, "INFANTIL": 1, "MILITAR": 0, "MUSICA": 0, "OTRO": 0, "OTRONOEDUCATIVO": 0, "PENITENCIARIO": 0, "PRIMARIA": 1, "SECUNDARIA": 1, "SUPERIOR": 0, "UNIVERSITARIO": 0 }, "geometry": { "type": "Point", "coordinates": [ 3156873.488484233617783, 2027322.906413782620803 ] } },
{ "type": "Feature", "properties": { "centro_codigo": "28007292", "centro_nombre": "SAGRADO CORAZON DE JESUS", "centro_tipo_descripcion": "CENTRO PRIVADO DE EDUCACIÓN INFANTIL, PRIMARIA Y SECUNDARIA", "centro_titularidad": "PRIVADO CONCERTADO", "centro_titular": "FUNDACION EDUCATIVA ACI", "municipio_nombre": "Madrid", "distrito_nombre": "Chamberí", "direccion_coor_x": 440809.0, "direccion_coor_y": 4476256.0, "ARTE": 0, "DANZA": 0, "EDUCACIONADULTA": 0, "EDUCACIONESPECIAL": 0, "FORMACIONPROFESIONAL": 0, "HOSPITALARIA": 0, "IDIOMAS": 0, "INFANTIL": 1, "MILITAR": 0, "MUSICA": 0, "OTRO": 0, "OTRONOEDUCATIVO": 0, "PENITENCIARIO": 0, "PRIMARIA": 1, "SECUNDARIA": 1, "SUPERIOR": 0, "UNIVERSITARIO": 0 }, "geometry": { "type": "Point", "coordinates": [ 3160215.92428290983662, 2031730.574727251892909 ] } },
{ "type": "Feature", "properties": { "centro_codigo": "28007309", "centro_nombre": "COLEGIO NUEVO EQUIPO", "centro_tipo_descripcion": "CENTRO PRIVADO DE EDUCACIÓN INFANTIL, PRIMARIA Y SECUNDARIA", "centro_titularidad": "PRIVADO CONCERTADO", "centro_titular": "FUNDACION COLEGIO NUEVO EQUIPO", "municipio_nombre": "Madrid", "distrito_nombre": "Ciudad Lineal", "direccion_coor_x": 445721.0, "direccion_coor_y": 4477033.0, "ARTE": 0, "DANZA": 0, "EDUCACIONADULTA": 0, "EDUCACIONESPECIAL": 0, "FORMACIONPROFESIONAL": 0, "HOSPITALARIA": 0, "IDIOMAS": 0, "INFANTIL": 1, "MILITAR": 0, "MUSICA": 0, "OTRO": 0, "OTRONOEDUCATIVO": 0, "PENITENCIARIO": 0, "PRIMARIA": 1, "SECUNDARIA": 1, "SUPERIOR": 0, "UNIVERSITARIO": 0 }, "geometry": { "type": "Point", "coordinates": [ 3165190.966681658290327, 2031646.28577671572566 ] } },
{ "type": "Feature", "properties": { "centro_codigo": "28007395", "centro_nombre": "FUNDACION CALDEIRO", "centro_tipo_descripcion": "CENTRO PRIVADO DE EDUCACIÓN INFANTIL, PRIMARIA Y SECUNDARIA", "centro_titularidad": "PRIVADO CONCERTADO", "centro_titular": "TERCIARIOS CAPUCHINOS NUESTRA MADRE DE LOS DOLORES", "municipio_nombre": "Madrid", "distrito_nombre": "Salamanca", "direccion_coor_x": 443484.0, "direccion_coor_y": 4475977.0, "ARTE": 0, "DANZA": 0, "EDUCACIONADULTA": 0, "EDUCACIONESPECIAL": 0, "FORMACIONPROFESIONAL": 0, "HOSPITALARIA": 0, "IDIOMAS": 0, "INFANTIL": 1, "MILITAR": 0, "MUSICA": 0, "OTRO": 0, "OTRONOEDUCATIVO": 0, "PENITENCIARIO": 0, "PRIMARIA": 1, "SECUNDARIA": 1, "SUPERIOR": 0, "UNIVERSITARIO": 0 }, "geometry": { "type": "Point", "coordinates": [ 3162815.191186618991196, 2030992.726758052129298 ] } },
{ "type": "Feature", "properties": { "centro_codigo": "28007607", "centro_nombre": "JESUS MAESTRO", "centro_tipo_descripcion": "CENTRO PRIVADO DE EDUCACIÓN INFANTIL, PRIMARIA Y SECUNDARIA", "centro_titularidad": "PRIVADO CONCERTADO", "centro_titular": "FUNDACION ESCUELA TERESIANA", "municipio_nombre": "Madrid", "distrito_nombre": "Chamberí", "direccion_coor_x": 439618.0, "direccion_coor_y": 4476960.0, "ARTE": 0, "DANZA": 0, "EDUCACIONADULTA": 0, "EDUCACIONESPECIAL": 0, "FORMACIONPROFESIONAL": 0, "HOSPITALARIA": 0, "IDIOMAS": 0, "INFANTIL": 1, "MILITAR": 0, "MUSICA": 0, "OTRO": 0, "OTRONOEDUCATIVO": 0, "PENITENCIARIO": 0, "PRIMARIA": 1, "SECUNDARIA": 1, "SUPERIOR": 0, "UNIVERSITARIO": 0 }, "geometry": { "type": "Point", "coordinates": [ 3159149.559440429322422, 2032630.457044759532437 ] } },
{ "type": "Feature", "properties": { "centro_codigo": "28007619", "centro_nombre": "JESÚS MARIA", "centro_tipo_descripcion": "CENTRO PRIVADO DE EDUCACIÓN SECUNDARIA", "centro_titularidad": "PRIVADO CONCERTADO", "centro_titular": "RELIGIOSAS DE JESUS MARIA", "municipio_nombre": "Madrid", "distrito_nombre": "Ciudad Lineal", "direccion_coor_x": 446339.0, "direccion_coor_y": 4475633.0, "ARTE": 0, "DANZA": 0, "EDUCACIONADULTA": 0, "EDUCACIONESPECIAL": 0, "FORMACIONPROFESIONAL": 0, "HOSPITALARIA": 0, "IDIOMAS": 0, "INFANTIL": 0, "MILITAR": 0, "MUSICA": 0, "OTRO": 0, "OTRONOEDUCATIVO": 0, "PENITENCIARIO": 0, "PRIMARIA": 0, "SECUNDARIA": 1, "SUPERIOR": 0, "UNIVERSITARIO": 0 }, "geometry": { "type": "Point", "coordinates": [ 3165582.223305316176265, 2030159.867481324123219 ] } },
{ "type": "Feature", "properties": { "centro_codigo": "28007826", "centro_nombre": "MADRE DE DIOS", "centro_tipo_descripcion": "CENTRO PRIVADO DE EDUCACIÓN INFANTIL, PRIMARIA Y SECUNDARIA", "centro_titularidad": "PRIVADO CONCERTADO", "centro_titular": "ESCLAVAS DE LA SANTISIMA EUCARISTIA", "municipio_nombre": "Madrid", "distrito_nombre": "Ciudad Lineal", "direccion_coor_x": 444318.0, "direccion_coor_y": 4478376.0, "ARTE": 0, "DANZA": 0, "EDUCACIONADULTA": 0, "EDUCACIONESPECIAL": 0, "FORMACIONPROFESIONAL": 0, "HOSPITALARIA": 0, "IDIOMAS": 0, "INFANTIL": 1, "MILITAR": 0, "MUSICA": 0, "OTRO": 0, "OTRONOEDUCATIVO": 0, "PENITENCIARIO": 0, "PRIMARIA": 1, "SECUNDARIA": 1, "SUPERIOR": 0, "UNIVERSITARIO": 0 }, "geometry": { "type": "Point", "coordinates": [ 3164015.21556660393253, 2033212.369610473280773 ] } },
{ "type": "Feature", "properties": { "centro_codigo": "28007917", "centro_nombre": "MARIA INMACULADA", "centro_tipo_descripcion": "CENTRO PRIVADO DE EDUCACIÓN INFANTIL, PRIMARIA Y SECUNDARIA", "centro_titularidad": "PRIVADO CONCERTADO", "centro_titular": "HIJAS DE LA CARIDAD DE SAN VICENTE DE PAUL", "municipio_nombre": "Madrid", "distrito_nombre": "Chamberí", "direccion_coor_x": 440971.0, "direccion_coor_y": 4476254.0, "ARTE": 0, "DANZA": 0, "EDUCACIONADULTA": 0, "EDUCACIONESPECIAL": 0, "FORMACIONPROFESIONAL": 0, "HOSPITALARIA": 0, "IDIOMAS": 0, "INFANTIL": 1, "MILITAR": 0, "MUSICA": 0, "OTRO": 0, "OTRONOEDUCATIVO": 0, "PENITENCIARIO": 0, "PRIMARIA": 1, "SECUNDARIA": 1, "SUPERIOR": 0, "UNIVERSITARIO": 0 }, "geometry": { "type": "Point", "coordinates": [ 3160375.669999955222011, 2031700.564062622375786 ] } },
{ "type": "Feature", "properties": { "centro_codigo": "28007942", "centro_nombre": "MARIA REINA", "centro_tipo_descripcion": "CENTRO PRIVADO DE EDUCACIÓN INFANTIL, PRIMARIA Y SECUNDARIA", "centro_titularidad": "PRIVADO CONCERTADO", "centro_titular": "COLEGIO MARIA REINA, S.A.L.", "municipio_nombre": "Madrid", "distrito_nombre": "Ciudad Lineal", "direccion_coor_x": 445513.0, "direccion_coor_y": 4475704.0, "ARTE": 0, "DANZA": 0, "EDUCACIONADULTA": 0, "EDUCACIONESPECIAL": 0, "FORMACIONPROFESIONAL": 0, "HOSPITALARIA": 0, "IDIOMAS": 0, "INFANTIL": 1, "MILITAR": 0, "MUSICA": 0, "OTRO": 0, "OTRONOEDUCATIVO": 0, "PENITENCIARIO": 0, "PRIMARIA": 1, "SECUNDARIA": 1, "SUPERIOR": 0, "UNIVERSITARIO": 0 }, "geometry": { "type": "Point", "coordinates": [ 3164777.193016950041056, 2030372.69991942262277 ] } },
{ "type": "Feature", "properties": { "centro_codigo": "28007954", "centro_nombre": "MARIA REINA", "centro_tipo_descripcion": "CENTRO PRIVADO DE EDUCACIÓN INFANTIL, PRIMARIA Y SECUNDARIA", "centro_titularidad": "PRIVADO CONCERTADO", "centro_titular": "FUNDACION EDUCATIVA JESUITINAS", "municipio_nombre": "Madrid", "distrito_nombre": "Usera", "direccion_coor_x": 440375.0, "direccion_coor_y": 4468488.0, "ARTE": 0, "DANZA": 0, "EDUCACIONADULTA": 0, "EDUCACIONESPECIAL": 0, "FORMACIONPROFESIONAL": 0, "HOSPITALARIA": 0, "IDIOMAS": 0, "INFANTIL": 1, "MILITAR": 0, "MUSICA": 0, "OTRO": 0, "OTRONOEDUCATIVO": 0, "PENITENCIARIO": 0, "PRIMARIA": 1, "SECUNDARIA": 1, "SUPERIOR": 0, "UNIVERSITARIO": 0 }, "geometry": { "type": "Point", "coordinates": [ 3158570.054816842544824, 2024151.336743877734989 ] } },
{ "type": "Feature", "properties": { "centro_codigo": "28007978", "centro_nombre": "MATER CLEMENTISSIMA", "centro_tipo_descripcion": "CENTRO PRIVADO DE EDUCACIÓN PRIMARIA Y SECUNDARIA", "centro_titularidad": "PRIVADO CONCERTADO", "centro_titular": "COLEGIO MATER CLEMENTISIMA, S.L.", "municipio_nombre": "Madrid", "distrito_nombre": "Puente de Vallecas", "direccion_coor_x": 443860.0, "direccion_coor_y": 4471371.0, "ARTE": 0, "DANZA": 0, "EDUCACIONADULTA": 0, "EDUCACIONESPECIAL": 0, "FORMACIONPROFESIONAL": 0, "HOSPITALARIA": 0, "IDIOMAS": 0, "INFANTIL": 0, "MILITAR": 0, "MUSICA": 0, "OTRO": 0, "OTRONOEDUCATIVO": 0, "PENITENCIARIO": 0, "PRIMARIA": 1, "SECUNDARIA": 1, "SUPERIOR": 0, "UNIVERSITARIO": 0 }, "geometry": { "type": "Point", "coordinates": [ 3162465.081616353243589, 2026389.069644277216867 ] } },
{ "type": "Feature", "properties": { "centro_codigo": "28007991", "centro_nombre": "MATER IMMACULATA", "centro_tipo_descripcion": "CENTRO PRIVADO DE EDUCACIÓN INFANTIL, PRIMARIA Y SECUNDARIA", "centro_titularidad": "PRIVADO CONCERTADO", "centro_titular": "RELIGIOSAS MARIA INMACULADA MISIONERAS CLARETIANAS", "municipio_nombre": "Madrid", "distrito_nombre": "Ciudad Lineal", "direccion_coor_x": 444713.0, "direccion_coor_y": 4477300.0, "ARTE": 0, "DANZA": 0, "EDUCACIONADULTA": 0, "EDUCACIONESPECIAL": 0, "FORMACIONPROFESIONAL": 0, "HOSPITALARIA": 0, "IDIOMAS": 0, "INFANTIL": 1, "MILITAR": 0, "MUSICA": 0, "OTRO": 0, "OTRONOEDUCATIVO": 0, "PENITENCIARIO": 0, "PRIMARIA": 1, "SECUNDARIA": 1, "SUPERIOR": 0, "UNIVERSITARIO": 0 }, "geometry": { "type": "Point", "coordinates": [ 3164236.846018181182444, 2032083.755033703055233 ] } },
{ "type": "Feature", "properties": { "centro_codigo": "28008053", "centro_nombre": "MIRASIERRA", "centro_tipo_descripcion": "CENTRO PRIVADO DE EDUCACIÓN INFANTIL, PRIMARIA Y SECUNDARIA", "centro_titularidad": "PRIVADO CONCERTADO", "centro_titular": "COLEGIOS MIRASIERRA, S.A.", "municipio_nombre": "Madrid", "distrito_nombre": "Ciudad Lineal", "direccion_coor_x": 445685.0, "direccion_coor_y": 4475744.0, "ARTE": 0, "DANZA": 0, "EDUCACIONADULTA": 0, "EDUCACIONESPECIAL": 0, "FORMACIONPROFESIONAL": 0, "HOSPITALARIA": 0, "IDIOMAS": 0, "INFANTIL": 1, "MILITAR": 0, "MUSICA": 0, "OTRO": 0, "OTRONOEDUCATIVO": 0, "PENITENCIARIO": 0, "PRIMARIA": 1, "SECUNDARIA": 1, "SUPERIOR": 0, "UNIVERSITARIO": 0 }, "geometry": { "type": "Point", "coordinates": [ 3164953.409823259338737, 2030382.363111095735803 ] } },
{ "type": "Feature", "properties": { "centro_codigo": "28008107", "centro_nombre": "BLANCA DE CASTILLA", "centro_tipo_descripcion": "CENTRO PRIVADO DE EDUCACIÓN INFANTIL, PRIMARIA Y SECUNDARIA", "centro_titularidad": "PRIVADO CONCERTADO", "centro_titular": "FUNDACION EDUCACION Y EVANGELIO", "municipio_nombre": "Madrid", "distrito_nombre": "Chamberí", "direccion_coor_x": 440948.0, "direccion_coor_y": 4475999.0, "ARTE": 0, "DANZA": 0, "EDUCACIONADULTA": 0, "EDUCACIONESPECIAL": 0, "FORMACIONPROFESIONAL": 0, "HOSPITALARIA": 0, "IDIOMAS": 0, "INFANTIL": 1, "MILITAR": 0, "MUSICA": 0, "OTRO": 0, "OTRONOEDUCATIVO": 0, "PENITENCIARIO": 0, "PRIMARIA": 1, "SECUNDARIA": 1, "SUPERIOR": 0, "UNIVERSITARIO": 0 }, "geometry": { "type": "Point", "coordinates": [ 3160312.97740104328841, 2031453.270753043005243 ] } },
{ "type": "Feature", "properties": { "centro_codigo": "28008211", "centro_nombre": "NUESTRA SEÑORA DEL BUEN CONSEJO", "centro_tipo_descripcion": "CENTRO PRIVADO DE EDUCACIÓN INFANTIL, PRIMARIA Y SECUNDARIA", "centro_titularidad": "PRIVADO CONCERTADO", "centro_titular": "ORDEN DE SAN AGUSTIN (AGUSTINOS)", "municipio_nombre": "Madrid", "distrito_nombre": "Moncloa-Aravaca", "direccion_coor_x": 439540.0, "direccion_coor_y": 4477629.0, "ARTE": 0, "DANZA": 0, "EDUCACIONADULTA": 0, "EDUCACIONESPECIAL": 0, "FORMACIONPROFESIONAL": 0, "HOSPITALARIA": 0, "IDIOMAS": 0, "INFANTIL": 1, "MILITAR": 0, "MUSICA": 0, "OTRO": 0, "OTRONOEDUCATIVO": 0, "PENITENCIARIO": 0, "PRIMARIA": 1, "SECUNDARIA": 1, "SUPERIOR": 0, "UNIVERSITARIO": 0 }, "geometry": { "type": "Point", "coordinates": [ 3159177.375083385966718, 2033303.192626516334713 ] } },
{ "type": "Feature", "properties": { "centro_codigo": "28008223", "centro_nombre": "NUESTRA SEÑORA DEL BUEN CONSEJO", "centro_tipo_descripcion": "CENTRO PRIVADO DE EDUCACIÓN INFANTIL, PRIMARIA Y SECUNDARIA", "centro_titularidad": "PRIVADO CONCERTADO", "centro_titular": "FRANCISCANAS DE NTRA.SRA.DEL BUEN CONSEJO", "municipio_nombre": "Madrid", "distrito_nombre": "Ciudad Lineal", "direccion_coor_x": 444349.0, "direccion_coor_y": 4477935.0, "ARTE": 0, "DANZA": 0, "EDUCACIONADULTA": 0, "EDUCACIONESPECIAL": 0, "FORMACIONPROFESIONAL": 0, "HOSPITALARIA": 0, "IDIOMAS": 0, "INFANTIL": 1, "MILITAR": 0, "MUSICA": 0, "OTRO": 0, "OTRONOEDUCATIVO": 0, "PENITENCIARIO": 0, "PRIMARIA": 1, "SECUNDARIA": 1, "SUPERIOR": 0, "UNIVERSITARIO": 0 }, "geometry": { "type": "Point", "coordinates": [ 3163976.721185794565827, 2032772.449371038470417 ] } },
{ "type": "Feature", "properties": { "centro_codigo": "28008351", "centro_nombre": "NUESTRA SEÑORA DE LAS MARAVILLAS", "centro_tipo_descripcion": "CENTRO PRIVADO DE EDUCACIÓN INFANTIL, PRIMARIA Y SECUNDARIA", "centro_titularidad": "PRIVADO", "centro_titular": "HNOS. DE LAS ESCUELAS CRISTIANAS", "municipio_nombre": "Madrid", "distrito_nombre": "Chamartín", "direccion_coor_x": 441719.0, "direccion_coor_y": 4477558.0, "ARTE": 0, "DANZA": 0, "EDUCACIONADULTA": 0, "EDUCACIONESPECIAL": 0, "FORMACIONPROFESIONAL": 0, "HOSPITALARIA": 0, "IDIOMAS": 0, "INFANTIL": 1, "MILITAR": 0, "MUSICA": 0, "OTRO": 0, "OTRONOEDUCATIVO": 0, "PENITENCIARIO": 0, "PRIMARIA": 1, "SECUNDARIA": 1, "SUPERIOR": 0, "UNIVERSITARIO": 0 }, "geometry": { "type": "Point", "coordinates": [ 3161319.107379131484777, 2032856.053730658255517 ] } },
{ "type": "Feature", "properties": { "centro_codigo": "28008387", "centro_nombre": "OBRA SO.N.S.MONTSERRAT-S.SIMON Y S.JUDAS", "centro_tipo_descripcion": "CENTRO PRIVADO DE EDUCACIÓN INFANTIL, PRIMARIA Y SECUNDARIA", "centro_titularidad": "PRIVADO CONCERTADO", "centro_titular": "ASOCIACION CULTURAL SURCO", "municipio_nombre": "Madrid", "distrito_nombre": "Usera", "direccion_coor_x": 440318.0, "direccion_coor_y": 4468528.0, "ARTE": 0, "DANZA": 0, "EDUCACIONADULTA": 0, "EDUCACIONESPECIAL": 0, "FORMACIONPROFESIONAL": 0, "HOSPITALARIA": 0, "IDIOMAS": 0, "INFANTIL": 1, "MILITAR": 0, "MUSICA": 0, "OTRO": 0, "OTRONOEDUCATIVO": 0, "PENITENCIARIO": 0, "PRIMARIA": 1, "SECUNDARIA": 1, "SUPERIOR": 0, "UNIVERSITARIO": 0 }, "geometry": { "type": "Point", "coordinates": [ 3158519.99851381406188, 2024200.616025825496763 ] } },
{ "type": "Feature", "properties": { "centro_codigo": "28008405", "centro_nombre": "NUESTRA SEÑORA DE LAS NIEVES", "centro_tipo_descripcion": "CENTRO PRIVADO DE EDUCACIÓN INFANTIL, PRIMARIA Y SECUNDARIA", "centro_titularidad": "PRIVADO CONCERTADO", "centro_titular": "NUSNI, S.A.", "municipio_nombre": "Madrid", "distrito_nombre": "San Blas-Canillejas", "direccion_coor_x": 447938.0, "direccion_coor_y": 4477441.0, "ARTE": 0, "DANZA": 0, "EDUCACIONADULTA": 0, "EDUCACIONESPECIAL": 0, "FORMACIONPROFESIONAL": 0, "HOSPITALARIA": 0, "IDIOMAS": 0, "INFANTIL": 1, "MILITAR": 0, "MUSICA": 0, "OTRO": 0, "OTRONOEDUCATIVO": 0, "PENITENCIARIO": 0, "PRIMARIA": 1, "SECUNDARIA": 1, "SUPERIOR": 0, "UNIVERSITARIO": 0 }, "geometry": { "type": "Point", "coordinates": [ 3167445.469034791458398, 2031664.886490115663037 ] } },
{ "type": "Feature", "properties": { "centro_codigo": "28008508", "centro_nombre": "NUESTRA SEÑORA DEL PILAR", "centro_tipo_descripcion": "CENTRO PRIVADO DE EDUCACIÓN INFANTIL, PRIMARIA Y SECUNDARIA", "centro_titularidad": "PRIVADO CONCERTADO", "centro_titular": "HIJAS DE MARIA AUXILIADORA", "municipio_nombre": "Madrid", "distrito_nombre": "Tetuán", "direccion_coor_x": 441476.0, "direccion_coor_y": 4479978.0, "ARTE": 0, "DANZA": 0, "EDUCACIONADULTA": 0, "EDUCACIONESPECIAL": 0, "FORMACIONPROFESIONAL": 0, "HOSPITALARIA": 0, "IDIOMAS": 0, "INFANTIL": 1, "MILITAR": 0, "MUSICA": 0, "OTRO": 0, "OTRONOEDUCATIVO": 0, "PENITENCIARIO": 0, "PRIMARIA": 1, "SECUNDARIA": 1, "SUPERIOR": 0, "UNIVERSITARIO": 0 }, "geometry": { "type": "Point", "coordinates": [ 3161458.424841152969748, 2035282.782657797681168 ] } },
{ "type": "Feature", "properties": { "centro_codigo": "28008511", "centro_nombre": "NUESTRA SEÑORA DEL PILAR", "centro_tipo_descripcion": "CENTRO PRIVADO DE EDUCACIÓN INFANTIL, PRIMARIA Y SECUNDARIA", "centro_titularidad": "PRIVADO CONCERTADO", "centro_titular": "FUNDACION EDUCATIVA MARIANISTA DOMINGO LAZARO", "municipio_nombre": "Madrid", "distrito_nombre": "Salamanca", "direccion_coor_x": 442231.0, "direccion_coor_y": 4475516.0, "ARTE": 0, "DANZA": 0, "EDUCACIONADULTA": 0, "EDUCACIONESPECIAL": 0, "FORMACIONPROFESIONAL": 0, "HOSPITALARIA": 0, "IDIOMAS": 0, "INFANTIL": 1, "MILITAR": 0, "MUSICA": 0, "OTRO": 0, "OTRONOEDUCATIVO": 0, "PENITENCIARIO": 0, "PRIMARIA": 1, "SECUNDARIA": 1, "SUPERIOR": 0, "UNIVERSITARIO": 0 }, "geometry": { "type": "Point", "coordinates": [ 3161504.923994440585375, 2030755.283381721004844 ] } },
{ "type": "Feature", "properties": { "centro_codigo": "28008703", "centro_nombre": "EL PORVENIR", "centro_tipo_descripcion": "CENTRO PRIVADO DE EDUCACIÓN INFANTIL, PRIMARIA Y SECUNDARIA", "centro_titularidad": "PRIVADO CONCERTADO", "centro_titular": "FUNDACION FEDERICO FLIEDNER", "municipio_nombre": "Madrid", "distrito_nombre": "Chamberí", "direccion_coor_x": 440266.0, "direccion_coor_y": 4477385.0, "ARTE": 0, "DANZA": 0, "EDUCACIONADULTA": 0, "EDUCACIONESPECIAL": 0, "FORMACIONPROFESIONAL": 0, "HOSPITALARIA": 0, "IDIOMAS": 0, "INFANTIL": 1, "MILITAR": 0, "MUSICA": 0, "OTRO": 0, "OTRONOEDUCATIVO": 0, "PENITENCIARIO": 0, "PRIMARIA": 1, "SECUNDARIA": 1, "SUPERIOR": 0, "UNIVERSITARIO": 0 }, "geometry": { "type": "Point", "coordinates": [ 3159856.40913804853335, 2032937.075591238914058 ] } },
{ "type": "Feature", "properties": { "centro_codigo": "28008715", "centro_nombre": "EL PRADO", "centro_tipo_descripcion": "CENTRO PRIVADO DE EDUCACIÓN PRIMARIA Y SECUNDARIA", "centro_titularidad": "PRIVADO", "centro_titular": "FOMENTO DE CENTROS DE ENSEÑANZA, S.A.", "municipio_nombre": "Madrid", "distrito_nombre": "Fuencarral-El Pardo", "direccion_coor_x": 440445.0, "direccion_coor_y": 4483129.0, "ARTE": 0, "DANZA": 0, "EDUCACIONADULTA": 0, "EDUCACIONESPECIAL": 0, "FORMACIONPROFESIONAL": 0, "HOSPITALARIA": 0, "IDIOMAS": 0, "INFANTIL": 0, "MILITAR": 0, "MUSICA": 0, "OTRO": 0, "OTRONOEDUCATIVO": 0, "PENITENCIARIO": 0, "PRIMARIA": 1, "SECUNDARIA": 1, "SUPERIOR": 0, "UNIVERSITARIO": 0 }, "geometry": { "type": "Point", "coordinates": [ 3160934.002376836724579, 2038566.301170549588278 ] } },
{ "type": "Feature", "properties": { "centro_codigo": "28008806", "centro_nombre": "RAMON Y CAJAL", "centro_tipo_descripcion": "CENTRO PRIVADO DE EDUCACIÓN PRIMARIA Y SECUNDARIA", "centro_titularidad": "PRIVADO", "centro_titular": "COLEGIOS RAMON Y CAJAL, S.L.", "municipio_nombre": "Madrid", "distrito_nombre": "Ciudad Lineal", "direccion_coor_x": 443957.0, "direccion_coor_y": 4479078.0, "ARTE": 0, "DANZA": 0, "EDUCACIONADULTA": 0, "EDUCACIONESPECIAL": 0, "FORMACIONPROFESIONAL": 0, "HOSPITALARIA": 0, "IDIOMAS": 0, "INFANTIL": 0, "MILITAR": 0, "MUSICA": 0, "OTRO": 0, "OTRONOEDUCATIVO": 0, "PENITENCIARIO": 0, "PRIMARIA": 1, "SECUNDARIA": 1, "SUPERIOR": 0, "UNIVERSITARIO": 0 }, "geometry": { "type": "Point", "coordinates": [ 3163768.577096123714, 2033966.575324856676161 ] } },
{ "type": "Feature", "properties": { "centro_codigo": "28008892", "centro_nombre": "SAGRADO CORAZON", "centro_tipo_descripcion": "CENTRO PRIVADO DE EDUCACIÓN INFANTIL, PRIMARIA Y SECUNDARIA", "centro_titularidad": "PRIVADO CONCERTADO", "centro_titular": "FUNDACION EDUCATIVA SOFIA BARAT", "municipio_nombre": "Madrid", "distrito_nombre": "Chamartín", "direccion_coor_x": 442675.0, "direccion_coor_y": 4480039.0, "ARTE": 0, "DANZA": 0, "EDUCACIONADULTA": 0, "EDUCACIONESPECIAL": 0, "FORMACIONPROFESIONAL": 0, "HOSPITALARIA": 0, "IDIOMAS": 0, "INFANTIL": 1, "MILITAR": 0, "MUSICA": 0, "OTRO": 0, "OTRONOEDUCATIVO": 0, "PENITENCIARIO": 0, "PRIMARIA": 1, "SECUNDARIA": 1, "SUPERIOR": 0, "UNIVERSITARIO": 0 }, "geometry": { "type": "Point", "coordinates": [ 3162652.600924277678132, 2035135.381915302248672 ] } },
{ "type": "Feature", "properties": { "centro_codigo": "28008909", "centro_nombre": "SAGRADO CORAZON", "centro_tipo_descripcion": "CENTRO PRIVADO DE EDUCACIÓN INFANTIL, PRIMARIA Y SECUNDARIA", "centro_titularidad": "PRIVADO CONCERTADO", "centro_titular": "INSTITUCION DE HERMANOS DEL SAGRADO CORAZON", "municipio_nombre": "Madrid", "distrito_nombre": "Chamartín", "direccion_coor_x": 443112.0, "direccion_coor_y": 4479031.0, "ARTE": 0, "DANZA": 0, "EDUCACIONADULTA": 0, "EDUCACIONESPECIAL": 0, "FORMACIONPROFESIONAL": 0, "HOSPITALARIA": 0, "IDIOMAS": 0, "INFANTIL": 1, "MILITAR": 0, "MUSICA": 0, "OTRO": 0, "OTRONOEDUCATIVO": 0, "PENITENCIARIO": 0, "PRIMARIA": 1, "SECUNDARIA": 1, "SUPERIOR": 0, "UNIVERSITARIO": 0 }, "geometry": { "type": "Point", "coordinates": [ 3162926.328505342826247, 2034066.474642567336559 ] } },
{ "type": "Feature", "properties": { "centro_codigo": "28008910", "centro_nombre": "SAGRADO CORAZON", "centro_tipo_descripcion": "CENTRO PRIVADO DE EDUCACIÓN INFANTIL, PRIMARIA Y SECUNDARIA", "centro_titularidad": "PRIVADO CONCERTADO", "centro_titular": "PATRONATO PADRE PULGAR", "municipio_nombre": "Madrid", "distrito_nombre": "Villa de Vallecas", "direccion_coor_x": 446790.0, "direccion_coor_y": 4470130.0, "ARTE": 0, "DANZA": 0, "EDUCACIONADULTA": 0, "EDUCACIONESPECIAL": 0, "FORMACIONPROFESIONAL": 0, "HOSPITALARIA": 0, "IDIOMAS": 0, "INFANTIL": 1, "MILITAR": 0, "MUSICA": 0, "OTRO": 0, "OTRONOEDUCATIVO": 0, "PENITENCIARIO": 0, "PRIMARIA": 1, "SECUNDARIA": 1, "SUPERIOR": 0, "UNIVERSITARIO": 0 }, "geometry": { "type": "Point", "coordinates": [ 3165165.921562407165766, 2024659.463291829684749 ] } },
{ "type": "Feature", "properties": { "centro_codigo": "28008922", "centro_nombre": "SANTA MARIA MICAELA", "centro_tipo_descripcion": "CENTRO PRIVADO DE EDUCACIÓN INFANTIL, PRIMARIA Y SECUNDARIA", "centro_titularidad": "PRIVADO CONCERTADO", "centro_titular": "HIJAS DE LA CARIDAD DE SAN VICENTE DE PAUL", "municipio_nombre": "Madrid", "distrito_nombre": "Carabanchel", "direccion_coor_x": 437303.0, "direccion_coor_y": 4471793.0, "ARTE": 0, "DANZA": 0, "EDUCACIONADULTA": 0, "EDUCACIONESPECIAL": 0, "FORMACIONPROFESIONAL": 0, "HOSPITALARIA": 0, "IDIOMAS": 0, "INFANTIL": 1, "MILITAR": 0, "MUSICA": 0, "OTRO": 0, "OTRONOEDUCATIVO": 0, "PENITENCIARIO": 0, "PRIMARIA": 1, "SECUNDARIA": 1, "SUPERIOR": 0, "UNIVERSITARIO": 0 }, "geometry": { "type": "Point", "coordinates": [ 3156052.497393680736423, 2027939.771766289137304 ] } },
{ "type": "Feature", "properties": { "centro_codigo": "28008934", "centro_nombre": "LA SALLE-SAGRADO CORAZON", "centro_tipo_descripcion": "CENTRO PRIVADO DE EDUCACIÓN INFANTIL, PRIMARIA Y SECUNDARIA", "centro_titularidad": "PRIVADO CONCERTADO", "centro_titular": "FUNDACION VILLENA LA SALLE", "municipio_nombre": "Madrid", "distrito_nombre": "Fuencarral-El Pardo", "direccion_coor_x": 439193.0, "direccion_coor_y": 4481581.0, "ARTE": 0, "DANZA": 0, "EDUCACIONADULTA": 0, "EDUCACIONESPECIAL": 0, "FORMACIONPROFESIONAL": 0, "HOSPITALARIA": 0, "IDIOMAS": 0, "INFANTIL": 1, "MILITAR": 0, "MUSICA": 0, "OTRO": 0, "OTRONOEDUCATIVO": 0, "PENITENCIARIO": 0, "PRIMARIA": 1, "SECUNDARIA": 1, "SUPERIOR": 0, "UNIVERSITARIO": 0 }, "geometry": { "type": "Point", "coordinates": [ 3159454.271052611060441, 2037257.6192307616584 ] } },
{ "type": "Feature", "properties": { "centro_codigo": "28008946", "centro_nombre": "SAGRADOS CORAZONES", "centro_tipo_descripcion": "CENTRO PRIVADO DE EDUCACIÓN INFANTIL, PRIMARIA Y SECUNDARIA", "centro_titularidad": "PRIVADO CONCERTADO", "centro_titular": "CONGREGACION DE LOS SAGRADOS CORAZONES", "municipio_nombre": "Madrid", "distrito_nombre": "Moncloa-Aravaca", "direccion_coor_x": 438913.0, "direccion_coor_y": 4475938.0, "ARTE": 0, "DANZA": 0, "EDUCACIONADULTA": 0, "EDUCACIONESPECIAL": 0, "FORMACIONPROFESIONAL": 0, "HOSPITALARIA": 0, "IDIOMAS": 0, "INFANTIL": 1, "MILITAR": 0, "MUSICA": 0, "OTRO": 0, "OTRONOEDUCATIVO": 0, "PENITENCIARIO": 0, "PRIMARIA": 1, "SECUNDARIA": 1, "SUPERIOR": 0, "UNIVERSITARIO": 0 }, "geometry": { "type": "Point", "coordinates": [ 3158292.812588902190328, 2031745.434687616769224 ] } },
{ "type": "Feature", "properties": { "centro_codigo": "28008958", "centro_nombre": "ENRIQUETA AYMER", "centro_tipo_descripcion": "CENTRO PRIVADO DE EDUCACIÓN INFANTIL, PRIMARIA Y SECUNDARIA", "centro_titularidad": "PRIVADO CONCERTADO", "centro_titular": "CONGREGACION SAGRADOS CORAZONES", "municipio_nombre": "Madrid", "distrito_nombre": "Latina", "direccion_coor_x": 433771.0, "direccion_coor_y": 4470165.0, "ARTE": 0, "DANZA": 0, "EDUCACIONADULTA": 0, "EDUCACIONESPECIAL": 0, "FORMACIONPROFESIONAL": 0, "HOSPITALARIA": 0, "IDIOMAS": 0, "INFANTIL": 1, "MILITAR": 0, "MUSICA": 0, "OTRO": 0, "OTRONOEDUCATIVO": 0, "PENITENCIARIO": 0, "PRIMARIA": 1, "SECUNDARIA": 1, "SUPERIOR": 0, "UNIVERSITARIO": 0 }, "geometry": { "type": "Point", "coordinates": [ 3152307.757766854949296, 2026947.29853869182989 ] } },
{ "type": "Feature", "properties": { "centro_codigo": "28009033", "centro_nombre": "SAN BUENAVENTURA", "centro_tipo_descripcion": "CENTRO PRIVADO DE EDUCACIÓN INFANTIL, PRIMARIA Y SECUNDARIA", "centro_titularidad": "PRIVADO CONCERTADO", "centro_titular": "PADRES FRANCISCANOS MENORES CONVENTUALES", "municipio_nombre": "Madrid", "distrito_nombre": "Latina", "direccion_coor_x": 436603.0, "direccion_coor_y": 4473264.0, "ARTE": 0, "DANZA": 0, "EDUCACIONADULTA": 0, "EDUCACIONESPECIAL": 0, "FORMACIONPROFESIONAL": 0, "HOSPITALARIA": 0, "IDIOMAS": 0, "INFANTIL": 1, "MILITAR": 0, "MUSICA": 0, "OTRO": 0, "OTRONOEDUCATIVO": 0, "PENITENCIARIO": 0, "PRIMARIA": 1, "SECUNDARIA": 1, "SUPERIOR": 0, "UNIVERSITARIO": 0 }, "geometry": { "type": "Point", "coordinates": [ 3155591.41284306300804, 2029510.48438447387889 ] } },
{ "type": "Feature", "properties": { "centro_codigo": "28009069", "centro_nombre": "ARTURO SORIA", "centro_tipo_descripcion": "CENTRO PRIVADO DE EDUCACIÓN INFANTIL, PRIMARIA Y SECUNDARIA", "centro_titularidad": "PRIVADO", "centro_titular": "ARTURO SORIA SDAD.COOP.DE ENSEÑANZA", "municipio_nombre": "Madrid", "distrito_nombre": "Ciudad Lineal", "direccion_coor_x": 444566.0, "direccion_coor_y": 4477979.0, "ARTE": 0, "DANZA": 0, "EDUCACIONADULTA": 0, "EDUCACIONESPECIAL": 0, "FORMACIONPROFESIONAL": 0, "HOSPITALARIA": 0, "IDIOMAS": 0, "INFANTIL": 1, "MILITAR": 0, "MUSICA": 0, "OTRO": 0, "OTRONOEDUCATIVO": 0, "PENITENCIARIO": 0, "PRIMARIA": 1, "SECUNDARIA": 1, "SUPERIOR": 0, "UNIVERSITARIO": 0 }, "geometry": { "type": "Point", "coordinates": [ 3164198.023310929536819, 2032778.263628044165671 ] } },
{ "type": "Feature", "properties": { "centro_codigo": "28009082", "centro_nombre": "SAN EULOGIO", "centro_tipo_descripcion": "CENTRO PRIVADO DE EDUCACIÓN INFANTIL, PRIMARIA Y SECUNDARIA", "centro_titularidad": "PRIVADO CONCERTADO", "centro_titular": "ARZOBISPADO DE MADRID", "municipio_nombre": "Madrid", "distrito_nombre": "Villa de Vallecas", "direccion_coor_x": 447241.0, "direccion_coor_y": 4469540.0, "ARTE": 0, "DANZA": 0, "EDUCACIONADULTA": 0, "EDUCACIONESPECIAL": 0, "FORMACIONPROFESIONAL": 0, "HOSPITALARIA": 0, "IDIOMAS": 0, "INFANTIL": 1, "MILITAR": 0, "MUSICA": 0, "OTRO": 0, "OTRONOEDUCATIVO": 0, "PENITENCIARIO": 0, "PRIMARIA": 1, "SECUNDARIA": 1, "SUPERIOR": 0, "UNIVERSITARIO": 0 }, "geometry": { "type": "Point", "coordinates": [ 3165519.196510573849082, 2024000.125838479958475 ] } },
{ "type": "Feature", "properties": { "centro_codigo": "28009185", "centro_nombre": "SAN JAIME APOSTOL", "centro_tipo_descripcion": "CENTRO PRIVADO DE EDUCACIÓN INFANTIL, PRIMARIA Y SECUNDARIA", "centro_titularidad": "PRIVADO CONCERTADO", "centro_titular": "PARROQUIA DE SAN JAIME APOSTOL", "municipio_nombre": "Madrid", "distrito_nombre": "Villaverde", "direccion_coor_x": 441563.0, "direccion_coor_y": 4466994.0, "ARTE": 0, "DANZA": 0, "EDUCACIONADULTA": 0, "EDUCACIONESPECIAL": 0, "FORMACIONPROFESIONAL": 0, "HOSPITALARIA": 0, "IDIOMAS": 0, "INFANTIL": 1, "MILITAR": 0, "MUSICA": 0, "OTRO": 0, "OTRONOEDUCATIVO": 0, "PENITENCIARIO": 0, "PRIMARIA": 1, "SECUNDARIA": 1, "SUPERIOR": 0, "UNIVERSITARIO": 0 }, "geometry": { "type": "Point", "coordinates": [ 3159509.966026376001537, 2022473.639467055443674 ] } },
{ "type": "Feature", "properties": { "centro_codigo": "28009203", "centro_nombre": "SAN JAVIER", "centro_tipo_descripcion": "CENTRO PRIVADO DE EDUCACIÓN INFANTIL, PRIMARIA Y SECUNDARIA", "centro_titularidad": "PRIVADO CONCERTADO", "centro_titular": "COLEGIO SAN JAVIER-DIEGO PEREZ LLERENA, S.L.", "municipio_nombre": "Madrid", "distrito_nombre": "Arganzuela", "direccion_coor_x": 440415.0, "direccion_coor_y": 4472104.0, "ARTE": 0, "DANZA": 0, "EDUCACIONADULTA": 0, "EDUCACIONESPECIAL": 0, "FORMACIONPROFESIONAL": 0, "HOSPITALARIA": 0, "IDIOMAS": 0, "INFANTIL": 1, "MILITAR": 0, "MUSICA": 0, "OTRO": 0, "OTRONOEDUCATIVO": 0, "PENITENCIARIO": 0, "PRIMARIA": 1, "SECUNDARIA": 1, "SUPERIOR": 0, "UNIVERSITARIO": 0 }, "geometry": { "type": "Point", "coordinates": [ 3159175.991689099930227, 2027707.473748139804229 ] } },
{ "type": "Feature", "properties": { "centro_codigo": "28009215", "centro_nombre": "SAN JOSE", "centro_tipo_descripcion": "CENTRO PRIVADO DE EDUCACIÓN INFANTIL, PRIMARIA Y SECUNDARIA", "centro_titularidad": "PRIVADO CONCERTADO", "centro_titular": "FUNDACION EDUCATIVA FRANCISCANAS ANA MOGAS", "municipio_nombre": "Madrid", "distrito_nombre": "Puente de Vallecas", "direccion_coor_x": 443125.0, "direccion_coor_y": 4471341.0, "ARTE": 0, "DANZA": 0, "EDUCACIONADULTA": 0, "EDUCACIONESPECIAL": 0, "FORMACIONPROFESIONAL": 0, "HOSPITALARIA": 0, "IDIOMAS": 0, "INFANTIL": 1, "MILITAR": 0, "MUSICA": 0, "OTRO": 0, "OTRONOEDUCATIVO": 0, "PENITENCIARIO": 0, "PRIMARIA": 1, "SECUNDARIA": 1, "SUPERIOR": 0, "UNIVERSITARIO": 0 }, "geometry": { "type": "Point", "coordinates": [ 3161734.134648034349084, 2026486.671724191866815 ] } },
{ "type": "Feature", "properties": { "centro_codigo": "28009264", "centro_nombre": "SAN JOSE", "centro_tipo_descripcion": "CENTRO PRIVADO DE EDUCACIÓN INFANTIL, PRIMARIA Y SECUNDARIA", "centro_titularidad": "PRIVADO CONCERTADO", "centro_titular": "TERCIARIAS FRANCISCANAS PURISIMA CONCEPCION", "municipio_nombre": "Madrid", "distrito_nombre": "Arganzuela", "direccion_coor_x": 439063.0, "direccion_coor_y": 4473736.0, "ARTE": 0, "DANZA": 0, "EDUCACIONADULTA": 0, "EDUCACIONESPECIAL": 0, "FORMACIONPROFESIONAL": 0, "HOSPITALARIA": 0, "IDIOMAS": 0, "INFANTIL": 1, "MILITAR": 0, "MUSICA": 0, "OTRO": 0, "OTRONOEDUCATIVO": 0, "PENITENCIARIO": 0, "PRIMARIA": 1, "SECUNDARIA": 1, "SUPERIOR": 0, "UNIVERSITARIO": 0 }, "geometry": { "type": "Point", "coordinates": [ 3158095.888741562142968, 2029549.641162530286238 ] } },
{ "type": "Feature", "properties": { "centro_codigo": "28009291", "centro_nombre": "SALESIANOS ESTRECHO SAN JUAN BAUTISTA", "centro_tipo_descripcion": "CENTRO PRIVADO DE EDUCACIÓN INFANTIL, PRIMARIA Y SECUNDARIA", "centro_titularidad": "PRIVADO CONCERTADO", "centro_titular": "CONGREGACION DE RELIGIOSOS PADRES SALESIANOS", "municipio_nombre": "Madrid", "distrito_nombre": "Tetuán", "direccion_coor_x": 440326.0, "direccion_coor_y": 4478482.0, "ARTE": 0, "DANZA": 0, "EDUCACIONADULTA": 0, "EDUCACIONESPECIAL": 0, "FORMACIONPROFESIONAL": 0, "HOSPITALARIA": 0, "IDIOMAS": 0, "INFANTIL": 1, "MILITAR": 0, "MUSICA": 0, "OTRO": 0, "OTRONOEDUCATIVO": 0, "PENITENCIARIO": 0, "PRIMARIA": 1, "SECUNDARIA": 1, "SUPERIOR": 0, "UNIVERSITARIO": 0 }, "geometry": { "type": "Point", "coordinates": [ 3160087.671232586726546, 2034007.674004796426743 ] } },
{ "type": "Feature", "properties": { "centro_codigo": "28009446", "centro_nombre": "SAN VIATOR", "centro_tipo_descripcion": "CENTRO PRIVADO DE EDUCACIÓN INFANTIL, PRIMARIA Y SECUNDARIA", "centro_titularidad": "PRIVADO CONCERTADO", "centro_titular": "CONGREGACION DE RELIGIOSOS DE SAN VIATOR", "municipio_nombre": "Madrid", "distrito_nombre": "Usera", "direccion_coor_x": 439126.0, "direccion_coor_y": 4470697.0, "ARTE": 0, "DANZA": 0, "EDUCACIONADULTA": 0, "EDUCACIONESPECIAL": 0, "FORMACIONPROFESIONAL": 0, "HOSPITALARIA": 0, "IDIOMAS": 0, "INFANTIL": 1, "MILITAR": 0, "MUSICA": 0, "OTRO": 0, "OTRONOEDUCATIVO": 0, "PENITENCIARIO": 0, "PRIMARIA": 1, "SECUNDARIA": 1, "SUPERIOR": 0, "UNIVERSITARIO": 0 }, "geometry": { "type": "Point", "coordinates": [ 3157681.965747476555407, 2026544.184011098230258 ] } },
{ "type": "Feature", "properties": { "centro_codigo": "28009458", "centro_nombre": "SAN VICENTE", "centro_tipo_descripcion": "CENTRO PRIVADO DE EDUCACIÓN INFANTIL, PRIMARIA Y SECUNDARIA", "centro_titularidad": "PRIVADO CONCERTADO", "centro_titular": "COLEGIO SAN VICENTE COLONIA DEL TAXISTA, S.L.", "municipio_nombre": "Madrid", "distrito_nombre": "San Blas-Canillejas", "direccion_coor_x": 448476.0, "direccion_coor_y": 4475310.0, "ARTE": 0, "DANZA": 0, "EDUCACIONADULTA": 0, "EDUCACIONESPECIAL": 0, "FORMACIONPROFESIONAL": 0, "HOSPITALARIA": 0, "IDIOMAS": 0, "INFANTIL": 1, "MILITAR": 0, "MUSICA": 0, "OTRO": 0, "OTRONOEDUCATIVO": 0, "PENITENCIARIO": 0, "PRIMARIA": 1, "SECUNDARIA": 1, "SUPERIOR": 0, "UNIVERSITARIO": 0 }, "geometry": { "type": "Point", "coordinates": [ 3167643.187209851574153, 2029472.037657944951206 ] } },
{ "type": "Feature", "properties": { "centro_codigo": "28009525", "centro_nombre": "SANTA GEMA GALGANI", "centro_tipo_descripcion": "CENTRO PRIVADO DE EDUCACIÓN INFANTIL, PRIMARIA Y SECUNDARIA", "centro_titularidad": "PRIVADO CONCERTADO", "centro_titular": "SANTA GEMA SERVICIOS EDUCATIVOS, S. L.", "municipio_nombre": "Madrid", "distrito_nombre": "Latina", "direccion_coor_x": 435418.0, "direccion_coor_y": 4472104.0, "ARTE": 0, "DANZA": 0, "EDUCACIONADULTA": 0, "EDUCACIONESPECIAL": 0, "FORMACIONPROFESIONAL": 0, "HOSPITALARIA": 0, "IDIOMAS": 0, "INFANTIL": 1, "MILITAR": 0, "MUSICA": 0, "OTRO": 0, "OTRONOEDUCATIVO": 0, "PENITENCIARIO": 0, "PRIMARIA": 1, "SECUNDARIA": 1, "SUPERIOR": 0, "UNIVERSITARIO": 0 }, "geometry": { "type": "Point", "coordinates": [ 3154238.839802185539156, 2028572.665202524513006 ] } },
{ "type": "Feature", "properties": { "centro_codigo": "28009549", "centro_nombre": "REAL COLEGIO SANTA ISABEL-LA ASUNCION", "centro_tipo_descripcion": "CENTRO PRIVADO DE EDUCACIÓN INFANTIL, PRIMARIA Y SECUNDARIA", "centro_titularidad": "PRIVADO CONCERTADO", "centro_titular": "RELIGIOSAS DE LA ASUNCION", "municipio_nombre": "Madrid", "distrito_nombre": "Centro", "direccion_coor_x": 440895.0, "direccion_coor_y": 4473456.0, "ARTE": 0, "DANZA": 0, "EDUCACIONADULTA": 0, "EDUCACIONESPECIAL": 0, "FORMACIONPROFESIONAL": 0, "HOSPITALARIA": 0, "IDIOMAS": 0, "INFANTIL": 1, "MILITAR": 0, "MUSICA": 0, "OTRO": 0, "OTRONOEDUCATIVO": 0, "PENITENCIARIO": 0, "PRIMARIA": 1, "SECUNDARIA": 1, "SUPERIOR": 0, "UNIVERSITARIO": 0 }, "geometry": { "type": "Point", "coordinates": [ 3159862.088898953050375, 2028956.61814204393886 ] } },
{ "type": "Feature", "properties": { "centro_codigo": "28009586", "centro_nombre": "SANTA MARIA", "centro_tipo_descripcion": "CENTRO PRIVADO DE EDUCACIÓN INFANTIL, PRIMARIA Y SECUNDARIA", "centro_titularidad": "PRIVADO CONCERTADO", "centro_titular": "FUNDACION EDUCACION MARIANISTA DOMINGO LAZARO", "municipio_nombre": "Madrid", "distrito_nombre": "Usera", "direccion_coor_x": 439140.0, "direccion_coor_y": 4469394.0, "ARTE": 0, "DANZA": 0, "EDUCACIONADULTA": 0, "EDUCACIONESPECIAL": 0, "FORMACIONPROFESIONAL": 0, "HOSPITALARIA": 0, "IDIOMAS": 0, "INFANTIL": 1, "MILITAR": 0, "MUSICA": 0, "OTRO": 0, "OTRONOEDUCATIVO": 0, "PENITENCIARIO": 0, "PRIMARIA": 1, "SECUNDARIA": 1, "SUPERIOR": 0, "UNIVERSITARIO": 0 }, "geometry": { "type": "Point", "coordinates": [ 3157491.686176997609437, 2025257.833841755287722 ] } },
{ "type": "Feature", "properties": { "centro_codigo": "28009604", "centro_nombre": "SANTA MARIA DE LOS APOSTOLES", "centro_tipo_descripcion": "CENTRO PRIVADO DE EDUCACIÓN PRIMARIA Y SECUNDARIA", "centro_titularidad": "PRIVADO CONCERTADO", "centro_titular": "MISIONERAS CRUZADAS DE LA IGLESIA", "municipio_nombre": "Madrid", "distrito_nombre": "Carabanchel", "direccion_coor_x": 436349.0, "direccion_coor_y": 4469614.0, "ARTE": 0, "DANZA": 0, "EDUCACIONADULTA": 0, "EDUCACIONESPECIAL": 0, "FORMACIONPROFESIONAL": 0, "HOSPITALARIA": 0, "IDIOMAS": 0, "INFANTIL": 0, "MILITAR": 0, "MUSICA": 0, "OTRO": 0, "OTRONOEDUCATIVO": 0, "PENITENCIARIO": 0, "PRIMARIA": 1, "SECUNDARIA": 1, "SUPERIOR": 0, "UNIVERSITARIO": 0 }, "geometry": { "type": "Point", "coordinates": [ 3154768.517270867712796, 2025957.843311657197773 ] } },
{ "type": "Feature", "properties": { "centro_codigo": "28009641", "centro_nombre": "SANTA MARIA DEL PILAR", "centro_tipo_descripcion": "CENTRO PRIVADO DE EDUCACIÓN INFANTIL, PRIMARIA Y SECUNDARIA", "centro_titularidad": "PRIVADO CONCERTADO", "centro_titular": "FUNDACION EDUCACION MARIANISTA DOMINGO LAZARO", "municipio_nombre": "Madrid", "distrito_nombre": "Retiro", "direccion_coor_x": 442800.0, "direccion_coor_y": 4473716.0, "ARTE": 0, "DANZA": 0, "EDUCACIONADULTA": 0, "EDUCACIONESPECIAL": 0, "FORMACIONPROFESIONAL": 0, "HOSPITALARIA": 0, "IDIOMAS": 0, "INFANTIL": 1, "MILITAR": 0, "MUSICA": 0, "OTRO": 0, "OTRONOEDUCATIVO": 0, "PENITENCIARIO": 0, "PRIMARIA": 1, "SECUNDARIA": 1, "SUPERIOR": 0, "UNIVERSITARIO": 0 }, "geometry": { "type": "Point", "coordinates": [ 3161785.070452972315252, 2028883.144375269068405 ] } },
{ "type": "Feature", "properties": { "centro_codigo": "28009653", "centro_nombre": "SANTA MARIA DE LOS PINOS", "centro_tipo_descripcion": "CENTRO PRIVADO DE EDUCACIÓN INFANTIL, PRIMARIA Y SECUNDARIA", "centro_titularidad": "PRIVADO CONCERTADO", "centro_titular": "SANTA MARIA DE LOS PINOS, S.L.", "municipio_nombre": "Madrid", "distrito_nombre": "Puente de Vallecas", "direccion_coor_x": 445276.0, "direccion_coor_y": 4470310.0, "ARTE": 0, "DANZA": 0, "EDUCACIONADULTA": 0, "EDUCACIONESPECIAL": 0, "FORMACIONPROFESIONAL": 0, "HOSPITALARIA": 0, "IDIOMAS": 0, "INFANTIL": 1, "MILITAR": 0, "MUSICA": 0, "OTRO": 0, "OTRONOEDUCATIVO": 0, "PENITENCIARIO": 0, "PRIMARIA": 1, "SECUNDARIA": 1, "SUPERIOR": 0, "UNIVERSITARIO": 0 }, "geometry": { "type": "Point", "coordinates": [ 3163698.077431887388229, 2025098.668141551781446 ] } },
{ "type": "Feature", "properties": { "centro_codigo": "28009677", "centro_nombre": "SANTA MARIA DEL VALLE CEP", "centro_tipo_descripcion": "CENTRO PRIVADO DE EDUCACIÓN PRIMARIA Y SECUNDARIA", "centro_titularidad": "PRIVADO", "centro_titular": "CENTRO DE EDUCACION PERSONALIZADA (C.E.P.), S.L.", "municipio_nombre": "Madrid", "distrito_nombre": "Chamartín", "direccion_coor_x": 441705.0, "direccion_coor_y": 4477223.0, "ARTE": 0, "DANZA": 0, "EDUCACIONADULTA": 0, "EDUCACIONESPECIAL": 0, "FORMACIONPROFESIONAL": 0, "HOSPITALARIA": 0, "IDIOMAS": 0, "INFANTIL": 0, "MILITAR": 0, "MUSICA": 0, "OTRO": 0, "OTRONOEDUCATIVO": 0, "PENITENCIARIO": 0, "PRIMARIA": 1, "SECUNDARIA": 1, "SUPERIOR": 0, "UNIVERSITARIO": 0 }, "geometry": { "type": "Point", "coordinates": [ 3161252.7628676854074, 2032528.369842903921381 ] } },
{ "type": "Feature", "properties": { "centro_codigo": "28009781", "centro_nombre": "COLEGIO ESCUELAS SANTISIMO SACRAMENTO", "centro_tipo_descripcion": "CENTRO PRIVADO DE EDUCACIÓN INFANTIL, PRIMARIA Y SECUNDARIA", "centro_titularidad": "PRIVADO CONCERTADO", "centro_titular": "RELIGIOSAS HIJAS DE MARIA AUXILIADORA", "municipio_nombre": "Madrid", "distrito_nombre": "Moncloa-Aravaca", "direccion_coor_x": 439343.0, "direccion_coor_y": 4478815.0, "ARTE": 0, "DANZA": 0, "EDUCACIONADULTA": 0, "EDUCACIONESPECIAL": 0, "FORMACIONPROFESIONAL": 0, "HOSPITALARIA": 0, "IDIOMAS": 0, "INFANTIL": 1, "MILITAR": 0, "MUSICA": 0, "OTRO": 0, "OTRONOEDUCATIVO": 0, "PENITENCIARIO": 0, "PRIMARIA": 1, "SECUNDARIA": 1, "SUPERIOR": 0, "UNIVERSITARIO": 0 }, "geometry": { "type": "Point", "coordinates": [ 3159168.691991833038628, 2034505.988474226091057 ] } },
{ "type": "Feature", "properties": { "centro_codigo": "28009793", "centro_nombre": "SANTISIMO SACRAMENTO", "centro_tipo_descripcion": "CENTRO PRIVADO DE EDUCACIÓN INFANTIL, PRIMARIA Y SECUNDARIA", "centro_titularidad": "PRIVADO CONCERTADO", "centro_titular": "MISIONERAS STMO.SACRAMENTO Y MARIA INMACULADA", "municipio_nombre": "Madrid", "distrito_nombre": "Ciudad Lineal", "direccion_coor_x": 443922.0, "direccion_coor_y": 4479111.0, "ARTE": 0, "DANZA": 0, "EDUCACIONADULTA": 0, "EDUCACIONESPECIAL": 0, "FORMACIONPROFESIONAL": 0, "HOSPITALARIA": 0, "IDIOMAS": 0, "INFANTIL": 1, "MILITAR": 0, "MUSICA": 0, "OTRO": 0, "OTRONOEDUCATIVO": 0, "PENITENCIARIO": 0, "PRIMARIA": 1, "SECUNDARIA": 1, "SUPERIOR": 0, "UNIVERSITARIO": 0 }, "geometry": { "type": "Point", "coordinates": [ 3163739.169272482395172, 2034005.149226811947301 ] } },
{ "type": "Feature", "properties": { "centro_codigo": "28009801", "centro_nombre": "SANTO ANGEL DE LA GUARDA", "centro_tipo_descripcion": "CENTRO PRIVADO DE EDUCACIÓN INFANTIL, PRIMARIA Y SECUNDARIA", "centro_titularidad": "PRIVADO CONCERTADO", "centro_titular": "HNAS. DEL SANTO ANGEL DE LA GUARDA", "municipio_nombre": "Madrid", "distrito_nombre": "Puente de Vallecas", "direccion_coor_x": 443355.0, "direccion_coor_y": 4469494.0, "ARTE": 0, "DANZA": 0, "EDUCACIONADULTA": 0, "EDUCACIONESPECIAL": 0, "FORMACIONPROFESIONAL": 0, "HOSPITALARIA": 0, "IDIOMAS": 0, "INFANTIL": 1, "MILITAR": 0, "MUSICA": 0, "OTRO": 0, "OTRONOEDUCATIVO": 0, "PENITENCIARIO": 0, "PRIMARIA": 1, "SECUNDARIA": 1, "SUPERIOR": 0, "UNIVERSITARIO": 0 }, "geometry": { "type": "Point", "coordinates": [ 3161672.124180616345257, 2024626.934153228532523 ] } },
{ "type": "Feature", "properties": { "centro_codigo": "28009823", "centro_nombre": "SANTO ANGEL DE LA GUARDA", "centro_tipo_descripcion": "CENTRO PRIVADO DE EDUCACIÓN INFANTIL, PRIMARIA Y SECUNDARIA", "centro_titularidad": "PRIVADO CONCERTADO", "centro_titular": "COLEGIO SANTO ANGEL DE LA GUARDA, S.L. UNIPERSONAL", "municipio_nombre": "Madrid", "distrito_nombre": "San Blas-Canillejas", "direccion_coor_x": 447912.0, "direccion_coor_y": 4477405.0, "ARTE": 0, "DANZA": 0, "EDUCACIONADULTA": 0, "EDUCACIONESPECIAL": 0, "FORMACIONPROFESIONAL": 0, "HOSPITALARIA": 0, "IDIOMAS": 0, "INFANTIL": 1, "MILITAR": 0, "MUSICA": 0, "OTRO": 0, "OTRONOEDUCATIVO": 0, "PENITENCIARIO": 0, "PRIMARIA": 1, "SECUNDARIA": 1, "SUPERIOR": 0, "UNIVERSITARIO": 0 }, "geometry": { "type": "Point", "coordinates": [ 3167414.137624599970877, 2031633.909093386260793 ] } },
{ "type": "Feature", "properties": { "centro_codigo": "28010436", "centro_nombre": "ASUNCION CUESTABLANCA", "centro_tipo_descripcion": "CENTRO PRIVADO DE EDUCACIÓN INFANTIL, PRIMARIA Y SECUNDARIA", "centro_titularidad": "PRIVADO CONCERTADO", "centro_titular": "RELIGIOSAS DE LA ASUNCION", "municipio_nombre": "Madrid", "distrito_nombre": "Hortaleza", "direccion_coor_x": 444588.0, "direccion_coor_y": 4484169.0, "ARTE": 0, "DANZA": 0, "EDUCACIONADULTA": 0, "EDUCACIONESPECIAL": 0, "FORMACIONPROFESIONAL": 0, "HOSPITALARIA": 0, "IDIOMAS": 0, "INFANTIL": 1, "MILITAR": 0, "MUSICA": 0, "OTRO": 0, "OTRONOEDUCATIVO": 0, "PENITENCIARIO": 0, "PRIMARIA": 1, "SECUNDARIA": 1, "SUPERIOR": 0, "UNIVERSITARIO": 0 }, "geometry": { "type": "Point", "coordinates": [ 3165190.300484501756728, 2038874.111185541842133 ] } },
{ "type": "Feature", "properties": { "centro_codigo": "28010448", "centro_nombre": "SANTA RAFAELA MARIA", "centro_tipo_descripcion": "CENTRO PRIVADO DE EDUCACIÓN INFANTIL, PRIMARIA Y SECUNDARIA", "centro_titularidad": "PRIVADO CONCERTADO", "centro_titular": "FUNDACION EDUCATIVA ACI", "municipio_nombre": "Madrid", "distrito_nombre": "Puente de Vallecas", "direccion_coor_x": 442840.0, "direccion_coor_y": 4470003.0, "ARTE": 0, "DANZA": 0, "EDUCACIONADULTA": 0, "EDUCACIONESPECIAL": 0, "FORMACIONPROFESIONAL": 0, "HOSPITALARIA": 0, "IDIOMAS": 0, "INFANTIL": 1, "MILITAR": 0, "MUSICA": 0, "OTRO": 0, "OTRONOEDUCATIVO": 0, "PENITENCIARIO": 0, "PRIMARIA": 1, "SECUNDARIA": 1, "SUPERIOR": 0, "UNIVERSITARIO": 0 }, "geometry": { "type": "Point", "coordinates": [ 3161242.964549584314227, 2025217.579158182023093 ] } },
{ "type": "Feature", "properties": { "centro_codigo": "28010540", "centro_nombre": "DIVINO MAESTRO", "centro_tipo_descripcion": "CENTRO PRIVADO DE EDUCACIÓN INFANTIL, PRIMARIA Y SECUNDARIA", "centro_titularidad": "PRIVADO CONCERTADO", "centro_titular": "MISIONERAS DEL DIVINO MAESTRO", "municipio_nombre": "Madrid", "distrito_nombre": "Latina", "direccion_coor_x": 436919.0, "direccion_coor_y": 4473300.0, "ARTE": 0, "DANZA": 0, "EDUCACIONADULTA": 0, "EDUCACIONESPECIAL": 0, "FORMACIONPROFESIONAL": 0, "HOSPITALARIA": 0, "IDIOMAS": 0, "INFANTIL": 1, "MILITAR": 0, "MUSICA": 0, "OTRO": 0, "OTRONOEDUCATIVO": 0, "PENITENCIARIO": 0, "PRIMARIA": 1, "SECUNDARIA": 1, "SUPERIOR": 0, "UNIVERSITARIO": 0 }, "geometry": { "type": "Point", "coordinates": [ 3155909.262844145763665, 2029491.235810847487301 ] } },
{ "type": "Feature", "properties": { "centro_codigo": "28011209", "centro_nombre": "PATROCINIO DE MARIA", "centro_tipo_descripcion": "CENTRO PRIVADO DE EDUCACIÓN INFANTIL, PRIMARIA Y SECUNDARIA", "centro_titularidad": "PRIVADO CONCERTADO", "centro_titular": "HIJAS DEL PATROCINIO DE MARIA", "municipio_nombre": "Madrid", "distrito_nombre": "Hortaleza", "direccion_coor_x": 445063.0, "direccion_coor_y": 4478441.0, "ARTE": 0, "DANZA": 0, "EDUCACIONADULTA": 0, "EDUCACIONESPECIAL": 0, "FORMACIONPROFESIONAL": 0, "HOSPITALARIA": 0, "IDIOMAS": 0, "INFANTIL": 1, "MILITAR": 0, "MUSICA": 0, "OTRO": 0, "OTRONOEDUCATIVO": 0, "PENITENCIARIO": 0, "PRIMARIA": 1, "SECUNDARIA": 1, "SUPERIOR": 0, "UNIVERSITARIO": 0 }, "geometry": { "type": "Point", "coordinates": [ 3164761.495950530283153, 2033147.531659520696849 ] } },
{ "type": "Feature", "properties": { "centro_codigo": "28011246", "centro_nombre": "AMOR DE DIOS", "centro_tipo_descripcion": "CENTRO PRIVADO DE EDUCACIÓN INFANTIL, PRIMARIA Y SECUNDARIA", "centro_titularidad": "PRIVADO CONCERTADO", "centro_titular": "FUNDACIÓN EDUCATIVA AMOR DE DIOS", "municipio_nombre": "Madrid", "distrito_nombre": "San Blas-Canillejas", "direccion_coor_x": 447899.0, "direccion_coor_y": 4477663.0, "ARTE": 0, "DANZA": 0, "EDUCACIONADULTA": 0, "EDUCACIONESPECIAL": 0, "FORMACIONPROFESIONAL": 0, "HOSPITALARIA": 0, "IDIOMAS": 0, "INFANTIL": 1, "MILITAR": 0, "MUSICA": 0, "OTRO": 0, "OTRONOEDUCATIVO": 0, "PENITENCIARIO": 0, "PRIMARIA": 1, "SECUNDARIA": 1, "SUPERIOR": 0, "UNIVERSITARIO": 0 }, "geometry": { "type": "Point", "coordinates": [ 3167441.721190608106554, 2031890.383981883525848 ] } },
{ "type": "Feature", "properties": { "centro_codigo": "28011258", "centro_nombre": "AMOR MISERICORDIOSO", "centro_tipo_descripcion": "CENTRO PRIVADO DE EDUCACIÓN INFANTIL, PRIMARIA Y SECUNDARIA", "centro_titularidad": "PRIVADO CONCERTADO", "centro_titular": "RELIGIOSAS ESCLAVAS DEL AMOR MISERICORDIOSO", "municipio_nombre": "Madrid", "distrito_nombre": "Chamberí", "direccion_coor_x": 439617.0, "direccion_coor_y": 4477140.0, "ARTE": 0, "DANZA": 0, "EDUCACIONADULTA": 0, "EDUCACIONESPECIAL": 0, "FORMACIONPROFESIONAL": 0, "HOSPITALARIA": 0, "IDIOMAS": 0, "INFANTIL": 1, "MILITAR": 0, "MUSICA": 0, "OTRO": 0, "OTRONOEDUCATIVO": 0, "PENITENCIARIO": 0, "PRIMARIA": 1, "SECUNDARIA": 1, "SUPERIOR": 0, "UNIVERSITARIO": 0 }, "geometry": { "type": "Point", "coordinates": [ 3159176.789263322949409, 2032808.001823217840865 ] } },
{ "type": "Feature", "properties": { "centro_codigo": "28011261", "centro_nombre": "AMOROS", "centro_tipo_descripcion": "CENTRO PRIVADO DE EDUCACIÓN INFANTIL, PRIMARIA Y SECUNDARIA", "centro_titularidad": "PRIVADO CONCERTADO", "centro_titular": "FUNDACION EDUCACION MARIANISTA DOMINGO LAZARO", "municipio_nombre": "Madrid", "distrito_nombre": "Carabanchel", "direccion_coor_x": 435782.0, "direccion_coor_y": 4469012.0, "ARTE": 0, "DANZA": 0, "EDUCACIONADULTA": 0, "EDUCACIONESPECIAL": 0, "FORMACIONPROFESIONAL": 0, "HOSPITALARIA": 0, "IDIOMAS": 0, "INFANTIL": 1, "MILITAR": 0, "MUSICA": 0, "OTRO": 0, "OTRONOEDUCATIVO": 0, "PENITENCIARIO": 0, "PRIMARIA": 1, "SECUNDARIA": 1, "SUPERIOR": 0, "UNIVERSITARIO": 0 }, "geometry": { "type": "Point", "coordinates": [ 3154113.994979805313051, 2025462.843673914903775 ] } },
{ "type": "Feature", "properties": { "centro_codigo": "28011428", "centro_nombre": "SANTA BEATRIZ DE SILVA", "centro_tipo_descripcion": "CENTRO PRIVADO DE EDUCACIÓN INFANTIL, PRIMARIA Y SECUNDARIA", "centro_titularidad": "PRIVADO CONCERTADO", "centro_titular": "ESCOLAR BEASIL, S.L.", "municipio_nombre": "Madrid", "distrito_nombre": "Carabanchel", "direccion_coor_x": 438067.0, "direccion_coor_y": 4470271.0, "ARTE": 0, "DANZA": 0, "EDUCACIONADULTA": 0, "EDUCACIONESPECIAL": 0, "FORMACIONPROFESIONAL": 0, "HOSPITALARIA": 0, "IDIOMAS": 0, "INFANTIL": 1, "MILITAR": 0, "MUSICA": 0, "OTRO": 0, "OTRONOEDUCATIVO": 0, "PENITENCIARIO": 0, "PRIMARIA": 1, "SECUNDARIA": 1, "SUPERIOR": 0, "UNIVERSITARIO": 0 }, "geometry": { "type": "Point", "coordinates": [ 3156568.888359967619181, 2026307.753918427042663 ] } },
{ "type": "Feature", "properties": { "centro_codigo": "28011477", "centro_nombre": "CARDENAL SPINOLA", "centro_tipo_descripcion": "CENTRO PRIVADO DE EDUCACIÓN INFANTIL, PRIMARIA Y SECUNDARIA", "centro_titularidad": "PRIVADO CONCERTADO", "centro_titular": "FUNDACIÓN SPÍNOLA", "municipio_nombre": "Madrid", "distrito_nombre": "Chamartín", "direccion_coor_x": 443080.0, "direccion_coor_y": 4479873.0, "ARTE": 0, "DANZA": 0, "EDUCACIONADULTA": 0, "EDUCACIONESPECIAL": 0, "FORMACIONPROFESIONAL": 0, "HOSPITALARIA": 0, "IDIOMAS": 0, "INFANTIL": 1, "MILITAR": 0, "MUSICA": 0, "OTRO": 0, "OTRONOEDUCATIVO": 0, "PENITENCIARIO": 0, "PRIMARIA": 1, "SECUNDARIA": 1, "SUPERIOR": 0, "UNIVERSITARIO": 0 }, "geometry": { "type": "Point", "coordinates": [ 3163026.717893897555768, 2034901.719225316075608 ] } },
{ "type": "Feature", "properties": { "centro_codigo": "28011490", "centro_nombre": "EL CARMELO TERESIANO", "centro_tipo_descripcion": "CENTRO PRIVADO DE EDUCACIÓN INFANTIL, PRIMARIA Y SECUNDARIA", "centro_titularidad": "PRIVADO CONCERTADO", "centro_titular": "FUNDACIÓN EDUCATIVA TERESA GUASCH", "municipio_nombre": "Madrid", "distrito_nombre": "Latina", "direccion_coor_x": 433895.0, "direccion_coor_y": 4469897.0, "ARTE": 0, "DANZA": 0, "EDUCACIONADULTA": 0, "EDUCACIONESPECIAL": 0, "FORMACIONPROFESIONAL": 0, "HOSPITALARIA": 0, "IDIOMAS": 0, "INFANTIL": 1, "MILITAR": 0, "MUSICA": 0, "OTRO": 0, "OTRONOEDUCATIVO": 0, "PENITENCIARIO": 0, "PRIMARIA": 1, "SECUNDARIA": 1, "SUPERIOR": 0, "UNIVERSITARIO": 0 }, "geometry": { "type": "Point", "coordinates": [ 3152388.274899958632886, 2026661.736774098826572 ] } },
{ "type": "Feature", "properties": { "centro_codigo": "28011544", "centro_nombre": "LICEO SOROLLA B", "centro_tipo_descripcion": "CENTRO PRIVADO DE EDUCACIÓN INFANTIL, PRIMARIA Y SECUNDARIA", "centro_titularidad": "PRIVADO CONCERTADO", "centro_titular": "COLEGIO SOROLLA B, S.L.", "municipio_nombre": "Madrid", "distrito_nombre": "Moncloa-Aravaca", "direccion_coor_x": 438610.0, "direccion_coor_y": 4479776.0, "ARTE": 0, "DANZA": 0, "EDUCACIONADULTA": 0, "EDUCACIONESPECIAL": 0, "FORMACIONPROFESIONAL": 0, "HOSPITALARIA": 0, "IDIOMAS": 0, "INFANTIL": 1, "MILITAR": 0, "MUSICA": 0, "OTRO": 0, "OTRONOEDUCATIVO": 0, "PENITENCIARIO": 0, "PRIMARIA": 1, "SECUNDARIA": 1, "SUPERIOR": 0, "UNIVERSITARIO": 0 }, "geometry": { "type": "Point", "coordinates": [ 3158595.203947592526674, 2035579.8802908398211 ] } },
{ "type": "Feature", "properties": { "centro_codigo": "28011593", "centro_nombre": "CIUDAD DE LOS MUCHACHOS", "centro_tipo_descripcion": "CENTRO PRIVADO DE EDUCACIÓN INFANTIL, PRIMARIA Y SECUNDARIA", "centro_titularidad": "PRIVADO CONCERTADO", "centro_titular": "FUNDACION BENEFICO-DOCENTE CIUDAD DE LOS MUCHACHOS", "municipio_nombre": "Madrid", "distrito_nombre": "Puente de Vallecas", "direccion_coor_x": 443821.0, "direccion_coor_y": 4472669.0, "ARTE": 0, "DANZA": 0, "EDUCACIONADULTA": 0, "EDUCACIONESPECIAL": 0, "FORMACIONPROFESIONAL": 0, "HOSPITALARIA": 0, "IDIOMAS": 0, "INFANTIL": 1, "MILITAR": 0, "MUSICA": 0, "OTRO": 0, "OTRONOEDUCATIVO": 0, "PENITENCIARIO": 0, "PRIMARIA": 1, "SECUNDARIA": 1, "SUPERIOR": 0, "UNIVERSITARIO": 0 }, "geometry": { "type": "Point", "coordinates": [ 3162629.86528031155467, 2027674.812032542191446 ] } },
{ "type": "Feature", "properties": { "centro_codigo": "28011623", "centro_nombre": "LICEO CONSUL", "centro_tipo_descripcion": "CENTRO PRIVADO DE EDUCACIÓN INFANTIL, PRIMARIA Y SECUNDARIA", "centro_titularidad": "PRIVADO CONCERTADO", "centro_titular": "PROLICON, S.A.", "municipio_nombre": "Madrid", "distrito_nombre": "Puente de Vallecas", "direccion_coor_x": 443122.0, "direccion_coor_y": 4470368.0, "ARTE": 0, "DANZA": 0, "EDUCACIONADULTA": 0, "EDUCACIONESPECIAL": 0, "FORMACIONPROFESIONAL": 0, "HOSPITALARIA": 0, "IDIOMAS": 0, "INFANTIL": 1, "MILITAR": 0, "MUSICA": 0, "OTRO": 0, "OTRONOEDUCATIVO": 0, "PENITENCIARIO": 0, "PRIMARIA": 1, "SECUNDARIA": 1, "SUPERIOR": 0, "UNIVERSITARIO": 0 }, "geometry": { "type": "Point", "coordinates": [ 3161578.772842431440949, 2025528.441011974122375 ] } },
{ "type": "Feature", "properties": { "centro_codigo": "28011635", "centro_nombre": "CORAZON INMACULADO", "centro_tipo_descripcion": "CENTRO PRIVADO DE EDUCACIÓN INFANTIL, PRIMARIA Y SECUNDARIA", "centro_titularidad": "PRIVADO CONCERTADO", "centro_titular": "FUNDACION EDUCACION Y EVANGELIO", "municipio_nombre": "Madrid", "distrito_nombre": "Chamartín", "direccion_coor_x": 442585.0, "direccion_coor_y": 4477088.0, "ARTE": 0, "DANZA": 0, "EDUCACIONADULTA": 0, "EDUCACIONESPECIAL": 0, "FORMACIONPROFESIONAL": 0, "HOSPITALARIA": 0, "IDIOMAS": 0, "INFANTIL": 1, "MILITAR": 0, "MUSICA": 0, "OTRO": 0, "OTRONOEDUCATIVO": 0, "PENITENCIARIO": 0, "PRIMARIA": 1, "SECUNDARIA": 1, "SUPERIOR": 0, "UNIVERSITARIO": 0 }, "geometry": { "type": "Point", "coordinates": [ 3162101.064970635809004, 2032243.049762080656365 ] } },
{ "type": "Feature", "properties": { "centro_codigo": "28011647", "centro_nombre": "CORAZON DE MARIA", "centro_tipo_descripcion": "CENTRO PRIVADO DE EDUCACIÓN INFANTIL, PRIMARIA Y SECUNDARIA", "centro_titularidad": "PRIVADO CONCERTADO", "centro_titular": "MISIONERAS DEL INMACULADO CORAZON DE MARIA", "municipio_nombre": "Madrid", "distrito_nombre": "Ciudad Lineal", "direccion_coor_x": 445230.0, "direccion_coor_y": 4476625.0, "ARTE": 0, "DANZA": 0, "EDUCACIONADULTA": 0, "EDUCACIONESPECIAL": 0, "FORMACIONPROFESIONAL": 0, "HOSPITALARIA": 0, "IDIOMAS": 0, "INFANTIL": 1, "MILITAR": 0, "MUSICA": 0, "OTRO": 0, "OTRONOEDUCATIVO": 0, "PENITENCIARIO": 0, "PRIMARIA": 1, "SECUNDARIA": 1, "SUPERIOR": 0, "UNIVERSITARIO": 0 }, "geometry": { "type": "Point", "coordinates": [ 3164641.888858528807759, 2031329.184962205821648 ] } },
{ "type": "Feature", "properties": { "centro_codigo": "28011726", "centro_nombre": "DECROLY", "centro_tipo_descripcion": "CENTRO PRIVADO DE EDUCACIÓN INFANTIL, PRIMARIA Y SECUNDARIA", "centro_titularidad": "PRIVADO CONCERTADO", "centro_titular": "COLEGIO DECROLY, S.L.", "municipio_nombre": "Madrid", "distrito_nombre": "Chamberí", "direccion_coor_x": 439540.0, "direccion_coor_y": 4476506.0, "ARTE": 0, "DANZA": 0, "EDUCACIONADULTA": 0, "EDUCACIONESPECIAL": 0, "FORMACIONPROFESIONAL": 0, "HOSPITALARIA": 0, "IDIOMAS": 0, "INFANTIL": 1, "MILITAR": 0, "MUSICA": 0, "OTRO": 0, "OTRONOEDUCATIVO": 0, "PENITENCIARIO": 0, "PRIMARIA": 1, "SECUNDARIA": 1, "SUPERIOR": 0, "UNIVERSITARIO": 0 }, "geometry": { "type": "Point", "coordinates": [ 3159001.326115836389363, 2032196.590177287813276 ] } },
{ "type": "Feature", "properties": { "centro_codigo": "28011763", "centro_nombre": "DIVINA PASTORA", "centro_tipo_descripcion": "CENTRO PRIVADO DE EDUCACIÓN INFANTIL, PRIMARIA Y SECUNDARIA", "centro_titularidad": "PRIVADO CONCERTADO", "centro_titular": "FUNDACIÓN EDUCATIVA FRANCISCANAS ANA MOGAS", "municipio_nombre": "Madrid", "distrito_nombre": "Puente de Vallecas", "direccion_coor_x": 443434.0, "direccion_coor_y": 4472254.0, "ARTE": 0, "DANZA": 0, "EDUCACIONADULTA": 0, "EDUCACIONESPECIAL": 0, "FORMACIONPROFESIONAL": 0, "HOSPITALARIA": 0, "IDIOMAS": 0, "INFANTIL": 1, "MILITAR": 0, "MUSICA": 0, "OTRO": 0, "OTRONOEDUCATIVO": 0, "PENITENCIARIO": 0, "PRIMARIA": 1, "SECUNDARIA": 1, "SUPERIOR": 0, "UNIVERSITARIO": 0 }, "geometry": { "type": "Point", "coordinates": [ 3162182.466972977854311, 2027332.842217449564487 ] } },
{ "type": "Feature", "properties": { "centro_codigo": "28011775", "centro_nombre": "COLEGIO INSTITUCION DEL DIVINO MAESTRO", "centro_tipo_descripcion": "CENTRO PRIVADO DE EDUCACIÓN INFANTIL, PRIMARIA Y SECUNDARIA", "centro_titularidad": "PRIVADO CONCERTADO", "centro_titular": "FUNDACION VIRGEN DE LA ALMUDENA", "municipio_nombre": "Madrid", "distrito_nombre": "Centro", "direccion_coor_x": 439896.0, "direccion_coor_y": 4475312.0, "ARTE": 0, "DANZA": 0, "EDUCACIONADULTA": 0, "EDUCACIONESPECIAL": 0, "FORMACIONPROFESIONAL": 0, "HOSPITALARIA": 0, "IDIOMAS": 0, "INFANTIL": 1, "MILITAR": 0, "MUSICA": 0, "OTRO": 0, "OTRONOEDUCATIVO": 0, "PENITENCIARIO": 0, "PRIMARIA": 1, "SECUNDARIA": 1, "SUPERIOR": 0, "UNIVERSITARIO": 0 }, "geometry": { "type": "Point", "coordinates": [ 3159165.904130997136235, 2030958.404680161271244 ] } },
{ "type": "Feature", "properties": { "centro_codigo": "28011891", "centro_nombre": "FEM SCHOOL", "centro_tipo_descripcion": "CENTRO PRIVADO DE EDUCACIÓN PRIMARIA Y SECUNDARIA", "centro_titularidad": "PRIVADO", "centro_titular": "COLEGIO FEM, S. L.", "municipio_nombre": "Madrid", "distrito_nombre": "Chamberí", "direccion_coor_x": 439307.0, "direccion_coor_y": 4477431.0, "ARTE": 0, "DANZA": 0, "EDUCACIONADULTA": 0, "EDUCACIONESPECIAL": 0, "FORMACIONPROFESIONAL": 0, "HOSPITALARIA": 0, "IDIOMAS": 0, "INFANTIL": 0, "MILITAR": 0, "MUSICA": 0, "OTRO": 0, "OTRONOEDUCATIVO": 0, "PENITENCIARIO": 0, "PRIMARIA": 1, "SECUNDARIA": 1, "SUPERIOR": 0, "UNIVERSITARIO": 0 }, "geometry": { "type": "Point", "coordinates": [ 3158916.131365079432726, 2033148.420931863598526 ] } },
{ "type": "Feature", "properties": { "centro_codigo": "28011908", "centro_nombre": "TAJAMAR", "centro_tipo_descripcion": "CENTRO PRIVADO DE EDUCACIÓN INFANTIL, PRIMARIA Y SECUNDARIA", "centro_titularidad": "PRIVADO CONCERTADO", "centro_titular": "CENTRO CULTURAL Y DEPORTIVO TAJAMAR, S.A.", "municipio_nombre": "Madrid", "distrito_nombre": "Puente de Vallecas", "direccion_coor_x": 444853.0, "direccion_coor_y": 4472015.0, "ARTE": 0, "DANZA": 0, "EDUCACIONADULTA": 0, "EDUCACIONESPECIAL": 0, "FORMACIONPROFESIONAL": 0, "HOSPITALARIA": 0, "IDIOMAS": 0, "INFANTIL": 1, "MILITAR": 0, "MUSICA": 0, "OTRO": 0, "OTRONOEDUCATIVO": 0, "PENITENCIARIO": 0, "PRIMARIA": 1, "SECUNDARIA": 1, "SUPERIOR": 0, "UNIVERSITARIO": 0 }, "geometry": { "type": "Point", "coordinates": [ 3163547.133813745342195, 2026851.857729388400912 ] } },
{ "type": "Feature", "properties": { "centro_codigo": "28011911", "centro_nombre": "MONTPELLIER", "centro_tipo_descripcion": "CENTRO PRIVADO DE EDUCACIÓN INFANTIL, PRIMARIA Y SECUNDARIA", "centro_titularidad": "PRIVADO CONCERTADO", "centro_titular": "FUNDACION EDUCATIVA FRANCISCANAS DE MONTPELLIER", "municipio_nombre": "Madrid", "distrito_nombre": "Ciudad Lineal", "direccion_coor_x": 444515.0, "direccion_coor_y": 4476557.0, "ARTE": 0, "DANZA": 0, "EDUCACIONADULTA": 0, "EDUCACIONESPECIAL": 0, "FORMACIONPROFESIONAL": 0, "HOSPITALARIA": 0, "IDIOMAS": 0, "INFANTIL": 1, "MILITAR": 0, "MUSICA": 0, "OTRO": 0, "OTRONOEDUCATIVO": 0, "PENITENCIARIO": 0, "PRIMARIA": 1, "SECUNDARIA": 1, "SUPERIOR": 0, "UNIVERSITARIO": 0 }, "geometry": { "type": "Point", "coordinates": [ 3163924.768784063868225, 2031385.870295397704467 ] } },
{ "type": "Feature", "properties": { "centro_codigo": "28011921", "centro_nombre": "SANTA MARIA DE LA HISPANIDAD", "centro_tipo_descripcion": "CENTRO PRIVADO DE EDUCACIÓN INFANTIL, PRIMARIA Y SECUNDARIA", "centro_titularidad": "PRIVADO CONCERTADO", "centro_titular": "NEBRI, S.A.", "municipio_nombre": "Madrid", "distrito_nombre": "Hortaleza", "direccion_coor_x": 448120.0, "direccion_coor_y": 4478164.0, "ARTE": 0, "DANZA": 0, "EDUCACIONADULTA": 0, "EDUCACIONESPECIAL": 0, "FORMACIONPROFESIONAL": 0, "HOSPITALARIA": 0, "IDIOMAS": 0, "INFANTIL": 1, "MILITAR": 0, "MUSICA": 0, "OTRO": 0, "OTRONOEDUCATIVO": 0, "PENITENCIARIO": 0, "PRIMARIA": 1, "SECUNDARIA": 1, "SUPERIOR": 0, "UNIVERSITARIO": 0 }, "geometry": { "type": "Point", "coordinates": [ 3167738.597485199104995, 2032345.841182870790362 ] } },
{ "type": "Feature", "properties": { "centro_codigo": "28011945", "centro_nombre": "FRAY LUIS DE LEON", "centro_tipo_descripcion": "CENTRO PRIVADO DE EDUCACIÓN INFANTIL, PRIMARIA Y SECUNDARIA", "centro_titularidad": "PRIVADO CONCERTADO", "centro_titular": "SACERDOTES DEL CORAZON DE JESUS(PP.REPARADORES)", "municipio_nombre": "Madrid", "distrito_nombre": "Moncloa-Aravaca", "direccion_coor_x": 439319.0, "direccion_coor_y": 4475384.0, "ARTE": 0, "DANZA": 0, "EDUCACIONADULTA": 0, "EDUCACIONESPECIAL": 0, "FORMACIONPROFESIONAL": 0, "HOSPITALARIA": 0, "IDIOMAS": 0, "INFANTIL": 1, "MILITAR": 0, "MUSICA": 0, "OTRO": 0, "OTRONOEDUCATIVO": 0, "PENITENCIARIO": 0, "PRIMARIA": 1, "SECUNDARIA": 1, "SUPERIOR": 0, "UNIVERSITARIO": 0 }, "geometry": { "type": "Point", "coordinates": [ 3158607.105397330597043, 2031129.238689455669373 ] } },
{ "type": "Feature", "properties": { "centro_codigo": "28011970", "centro_nombre": "GAMO DIANA", "centro_tipo_descripcion": "CENTRO PRIVADO DE EDUCACIÓN INFANTIL, PRIMARIA Y SECUNDARIA", "centro_titularidad": "PRIVADO CONCERTADO", "centro_titular": "PADRES REDENTORISTAS", "municipio_nombre": "Madrid", "distrito_nombre": "Latina", "direccion_coor_x": 435312.0, "direccion_coor_y": 4471572.0, "ARTE": 0, "DANZA": 0, "EDUCACIONADULTA": 0, "EDUCACIONESPECIAL": 0, "FORMACIONPROFESIONAL": 0, "HOSPITALARIA": 0, "IDIOMAS": 0, "INFANTIL": 1, "MILITAR": 0, "MUSICA": 0, "OTRO": 0, "OTRONOEDUCATIVO": 0, "PENITENCIARIO": 0, "PRIMARIA": 1, "SECUNDARIA": 1, "SUPERIOR": 0, "UNIVERSITARIO": 0 }, "geometry": { "type": "Point", "coordinates": [ 3154050.740938779897988, 2028066.800866643665358 ] } },
{ "type": "Feature", "properties": { "centro_codigo": "28012032", "centro_nombre": "LOS ROBLES", "centro_tipo_descripcion": "CENTRO PRIVADO DE EDUCACIÓN INFANTIL, PRIMARIA Y SECUNDARIA", "centro_titularidad": "PRIVADO CONCERTADO", "centro_titular": "GRISSA, S.L.", "municipio_nombre": "Madrid", "distrito_nombre": "Moncloa-Aravaca", "direccion_coor_x": 432727.0, "direccion_coor_y": 4478554.0, "ARTE": 0, "DANZA": 0, "EDUCACIONADULTA": 0, "EDUCACIONESPECIAL": 0, "FORMACIONPROFESIONAL": 0, "HOSPITALARIA": 0, "IDIOMAS": 0, "INFANTIL": 1, "MILITAR": 0, "MUSICA": 0, "OTRO": 0, "OTRONOEDUCATIVO": 0, "PENITENCIARIO": 0, "PRIMARIA": 1, "SECUNDARIA": 1, "SUPERIOR": 0, "UNIVERSITARIO": 0 }, "geometry": { "type": "Point", "coordinates": [ 3152591.527500597760081, 2035394.718730577034876 ] } },
{ "type": "Feature", "properties": { "centro_codigo": "28012196", "centro_nombre": "LA INMACULADA-MARILLAC", "centro_tipo_descripcion": "CENTRO PRIVADO DE EDUCACIÓN INFANTIL, PRIMARIA Y SECUNDARIA", "centro_titularidad": "PRIVADO CONCERTADO", "centro_titular": "HIJAS DE LA CARIDAD DE SAN VICENTE DE PAUL", "municipio_nombre": "Madrid", "distrito_nombre": "Chamberí", "direccion_coor_x": 440834.0, "direccion_coor_y": 4476473.0, "ARTE": 0, "DANZA": 0, "EDUCACIONADULTA": 0, "EDUCACIONESPECIAL": 0, "FORMACIONPROFESIONAL": 0, "HOSPITALARIA": 0, "IDIOMAS": 0, "INFANTIL": 1, "MILITAR": 0, "MUSICA": 0, "OTRO": 0, "OTRONOEDUCATIVO": 0, "PENITENCIARIO": 0, "PRIMARIA": 1, "SECUNDARIA": 1, "SUPERIOR": 0, "UNIVERSITARIO": 0 }, "geometry": { "type": "Point", "coordinates": [ 3160274.637969123199582, 2031940.077350026229396 ] } },
{ "type": "Feature", "properties": { "centro_codigo": "28012354", "centro_nombre": "JESUS MARIA", "centro_tipo_descripcion": "CENTRO PRIVADO DE EDUCACIÓN INFANTIL, PRIMARIA Y SECUNDARIA", "centro_titularidad": "PRIVADO CONCERTADO", "centro_titular": "RELIGIOSAS DE JESUS MARIA", "municipio_nombre": "Madrid", "distrito_nombre": "Salamanca", "direccion_coor_x": 442100.0, "direccion_coor_y": 4476055.0, "ARTE": 0, "DANZA": 0, "EDUCACIONADULTA": 0, "EDUCACIONESPECIAL": 0, "FORMACIONPROFESIONAL": 0, "HOSPITALARIA": 0, "IDIOMAS": 0, "INFANTIL": 1, "MILITAR": 0, "MUSICA": 0, "OTRO": 0, "OTRONOEDUCATIVO": 0, "PENITENCIARIO": 0, "PRIMARIA": 1, "SECUNDARIA": 1, "SUPERIOR": 0, "UNIVERSITARIO": 0 }, "geometry": { "type": "Point", "coordinates": [ 3161459.963592500425875, 2031309.075367920100689 ] } },
{ "type": "Feature", "properties": { "centro_codigo": "28012585", "centro_nombre": "LUZ CASANOVA", "centro_tipo_descripcion": "CENTRO PRIVADO DE EDUCACIÓN INFANTIL, PRIMARIA Y SECUNDARIA", "centro_titularidad": "PRIVADO CONCERTADO", "centro_titular": "FUNDACION EDUCACION CATOLICA", "municipio_nombre": "Madrid", "distrito_nombre": "Carabanchel", "direccion_coor_x": 437597.0, "direccion_coor_y": 4471080.0, "ARTE": 0, "DANZA": 0, "EDUCACIONADULTA": 0, "EDUCACIONESPECIAL": 0, "FORMACIONPROFESIONAL": 0, "HOSPITALARIA": 0, "IDIOMAS": 0, "INFANTIL": 1, "MILITAR": 0, "MUSICA": 0, "OTRO": 0, "OTRONOEDUCATIVO": 0, "PENITENCIARIO": 0, "PRIMARIA": 1, "SECUNDARIA": 1, "SUPERIOR": 0, "UNIVERSITARIO": 0 }, "geometry": { "type": "Point", "coordinates": [ 3156231.258411745075136, 2027186.293385541299358 ] } },
{ "type": "Feature", "properties": { "centro_codigo": "28012603", "centro_nombre": "LUZ CASANOVA", "centro_tipo_descripcion": "CENTRO PRIVADO DE EDUCACIÓN INFANTIL, PRIMARIA Y SECUNDARIA", "centro_titularidad": "PRIVADO CONCERTADO", "centro_titular": "FUNDACION EDUCACION Y EVANGELIO", "municipio_nombre": "Madrid", "distrito_nombre": "Usera", "direccion_coor_x": 439732.0, "direccion_coor_y": 4470681.0, "ARTE": 0, "DANZA": 0, "EDUCACIONADULTA": 0, "EDUCACIONESPECIAL": 0, "FORMACIONPROFESIONAL": 0, "HOSPITALARIA": 0, "IDIOMAS": 0, "INFANTIL": 1, "MILITAR": 0, "MUSICA": 0, "OTRO": 0, "OTRONOEDUCATIVO": 0, "PENITENCIARIO": 0, "PRIMARIA": 1, "SECUNDARIA": 1, "SUPERIOR": 0, "UNIVERSITARIO": 0 }, "geometry": { "type": "Point", "coordinates": [ 3158278.219320835545659, 2026423.517820883076638 ] } },
{ "type": "Feature", "properties": { "centro_codigo": "28012640", "centro_nombre": "SALESIANOS ATOCHA", "centro_tipo_descripcion": "CENTRO PRIVADO DE EDUCACIÓN INFANTIL, PRIMARIA Y SECUNDARIA", "centro_titularidad": "PRIVADO CONCERTADO", "centro_titular": "CONGREGACION SALESIANA", "municipio_nombre": "Madrid", "distrito_nombre": "Arganzuela", "direccion_coor_x": 440871.0, "direccion_coor_y": 4473090.0, "ARTE": 0, "DANZA": 0, "EDUCACIONADULTA": 0, "EDUCACIONESPECIAL": 0, "FORMACIONPROFESIONAL": 0, "HOSPITALARIA": 0, "IDIOMAS": 0, "INFANTIL": 1, "MILITAR": 0, "MUSICA": 0, "OTRO": 0, "OTRONOEDUCATIVO": 0, "PENITENCIARIO": 0, "PRIMARIA": 1, "SECUNDARIA": 1, "SUPERIOR": 0, "UNIVERSITARIO": 0 }, "geometry": { "type": "Point", "coordinates": [ 3159781.027757762931287, 2028600.125066412379965 ] } },
{ "type": "Feature", "properties": { "centro_codigo": "28012688", "centro_nombre": "MARIA REINA", "centro_tipo_descripcion": "CENTRO PRIVADO DE EDUCACIÓN INFANTIL, PRIMARIA Y SECUNDARIA", "centro_titularidad": "PRIVADO CONCERTADO", "centro_titular": "HIJAS DE MARIA AUXILIADORA", "municipio_nombre": "Madrid", "distrito_nombre": "Moncloa-Aravaca", "direccion_coor_x": 433143.0, "direccion_coor_y": 4479275.0, "ARTE": 0, "DANZA": 0, "EDUCACIONADULTA": 0, "EDUCACIONESPECIAL": 0, "FORMACIONPROFESIONAL": 0, "HOSPITALARIA": 0, "IDIOMAS": 0, "INFANTIL": 1, "MILITAR": 0, "MUSICA": 0, "OTRO": 0, "OTRONOEDUCATIVO": 0, "PENITENCIARIO": 0, "PRIMARIA": 1, "SECUNDARIA": 1, "SUPERIOR": 0, "UNIVERSITARIO": 0 }, "geometry": { "type": "Point", "coordinates": [ 3153115.590583302080631, 2036033.128776994301006 ] } },
{ "type": "Feature", "properties": { "centro_codigo": "28012767", "centro_nombre": "MENESIANO", "centro_tipo_descripcion": "CENTRO PRIVADO DE EDUCACIÓN INFANTIL, PRIMARIA Y SECUNDARIA", "centro_titularidad": "PRIVADO CONCERTADO", "centro_titular": "CONGREGACION DE LOS HNOS.DE LA INSTRUCCION CRISTIANA", "municipio_nombre": "Madrid", "distrito_nombre": "Salamanca", "direccion_coor_x": 443908.0, "direccion_coor_y": 4476582.0, "ARTE": 0, "DANZA": 0, "EDUCACIONADULTA": 0, "EDUCACIONESPECIAL": 0, "FORMACIONPROFESIONAL": 0, "HOSPITALARIA": 0, "IDIOMAS": 0, "INFANTIL": 1, "MILITAR": 0, "MUSICA": 0, "OTRO": 0, "OTRONOEDUCATIVO": 0, "PENITENCIARIO": 0, "PRIMARIA": 1, "SECUNDARIA": 1, "SUPERIOR": 0, "UNIVERSITARIO": 0 }, "geometry": { "type": "Point", "coordinates": [ 3163328.937905156984925, 2031515.521813301835209 ] } },
{ "type": "Feature", "properties": { "centro_codigo": "28012779", "centro_nombre": "MADRES MERCEDARIAS DE D. JUAN DE ALARCON", "centro_tipo_descripcion": "CENTRO PRIVADO DE EDUCACIÓN INFANTIL, PRIMARIA Y SECUNDARIA", "centro_titularidad": "PRIVADO CONCERTADO", "centro_titular": "RELIGIOSAS DE LA ORDEN DE NTRA.SRA.DE LA MERCED", "municipio_nombre": "Madrid", "distrito_nombre": "Centro", "direccion_coor_x": 440445.0, "direccion_coor_y": 4474783.0, "ARTE": 0, "DANZA": 0, "EDUCACIONADULTA": 0, "EDUCACIONESPECIAL": 0, "FORMACIONPROFESIONAL": 0, "HOSPITALARIA": 0, "IDIOMAS": 0, "INFANTIL": 1, "MILITAR": 0, "MUSICA": 0, "OTRO": 0, "OTRONOEDUCATIVO": 0, "PENITENCIARIO": 0, "PRIMARIA": 1, "SECUNDARIA": 1, "SUPERIOR": 0, "UNIVERSITARIO": 0 }, "geometry": { "type": "Point", "coordinates": [ 3159625.420446941629052, 2030342.104418134083971 ] } },
{ "type": "Feature", "properties": { "centro_codigo": "28012871", "centro_nombre": "MONTEALTO", "centro_tipo_descripcion": "CENTRO PRIVADO DE EDUCACIÓN INFANTIL, PRIMARIA Y SECUNDARIA", "centro_titularidad": "PRIVADO", "centro_titular": "FOMENTO DE CENTROS DE ENSEÑANZA S.A.", "municipio_nombre": "Madrid", "distrito_nombre": "Fuencarral-El Pardo", "direccion_coor_x": 439446.0, "direccion_coor_y": 4482115.0, "ARTE": 0, "DANZA": 0, "EDUCACIONADULTA": 0, "EDUCACIONESPECIAL": 0, "FORMACIONPROFESIONAL": 0, "HOSPITALARIA": 0, "IDIOMAS": 0, "INFANTIL": 1, "MILITAR": 0, "MUSICA": 0, "OTRO": 0, "OTRONOEDUCATIVO": 0, "PENITENCIARIO": 0, "PRIMARIA": 1, "SECUNDARIA": 1, "SUPERIOR": 0, "UNIVERSITARIO": 0 }, "geometry": { "type": "Point", "coordinates": [ 3159787.981905870139599, 2037740.031863990239799 ] } },
{ "type": "Feature", "properties": { "centro_codigo": "28012901", "centro_nombre": "NATIVIDAD DE NUESTRA SEÑORA", "centro_tipo_descripcion": "CENTRO PRIVADO DE EDUCACIÓN INFANTIL, PRIMARIA Y SECUNDARIA", "centro_titularidad": "PRIVADO CONCERTADO", "centro_titular": "RELIGIOSAS HIJAS DE LA DIVINA PASTORA", "municipio_nombre": "Madrid", "distrito_nombre": "Salamanca", "direccion_coor_x": 443080.0, "direccion_coor_y": 4475991.0, "ARTE": 0, "DANZA": 0, "EDUCACIONADULTA": 0, "EDUCACIONESPECIAL": 0, "FORMACIONPROFESIONAL": 0, "HOSPITALARIA": 0, "IDIOMAS": 0, "INFANTIL": 1, "MILITAR": 0, "MUSICA": 0, "OTRO": 0, "OTRONOEDUCATIVO": 0, "PENITENCIARIO": 0, "PRIMARIA": 1, "SECUNDARIA": 1, "SUPERIOR": 0, "UNIVERSITARIO": 0 }, "geometry": { "type": "Point", "coordinates": [ 3162418.213437057100236, 2031076.4260388398543 ] } },
{ "type": "Feature", "properties": { "centro_codigo": "28012949", "centro_nombre": "NUESTRA SEÑORA DE LOS ANGELES", "centro_tipo_descripcion": "CENTRO PRIVADO DE EDUCACIÓN INFANTIL, PRIMARIA Y SECUNDARIA", "centro_titularidad": "PRIVADO CONCERTADO", "centro_titular": "CONGREGRACION DE LOS PADRES MERCEDARIOS", "municipio_nombre": "Madrid", "distrito_nombre": "Villaverde", "direccion_coor_x": 440516.0, "direccion_coor_y": 4467469.0, "ARTE": 0, "DANZA": 0, "EDUCACIONADULTA": 0, "EDUCACIONESPECIAL": 0, "FORMACIONPROFESIONAL": 0, "HOSPITALARIA": 0, "IDIOMAS": 0, "INFANTIL": 1, "MILITAR": 0, "MUSICA": 0, "OTRO": 0, "OTRONOEDUCATIVO": 0, "PENITENCIARIO": 0, "PRIMARIA": 1, "SECUNDARIA": 1, "SUPERIOR": 0, "UNIVERSITARIO": 0 }, "geometry": { "type": "Point", "coordinates": [ 3158549.799658354371786, 2023122.865195784950629 ] } },
{ "type": "Feature", "properties": { "centro_codigo": "28012962", "centro_nombre": "ASUNCION-VALLECAS", "centro_tipo_descripcion": "CENTRO PRIVADO DE EDUCACIÓN INFANTIL, PRIMARIA Y SECUNDARIA", "centro_titularidad": "PRIVADO CONCERTADO", "centro_titular": "RELIGIOSAS DE LA ASUNCION", "municipio_nombre": "Madrid", "distrito_nombre": "Puente de Vallecas", "direccion_coor_x": 443724.0, "direccion_coor_y": 4472462.0, "ARTE": 0, "DANZA": 0, "EDUCACIONADULTA": 0, "EDUCACIONESPECIAL": 0, "FORMACIONPROFESIONAL": 0, "HOSPITALARIA": 0, "IDIOMAS": 0, "INFANTIL": 1, "MILITAR": 0, "MUSICA": 0, "OTRO": 0, "OTRONOEDUCATIVO": 0, "PENITENCIARIO": 0, "PRIMARIA": 1, "SECUNDARIA": 1, "SUPERIOR": 0, "UNIVERSITARIO": 0 }, "geometry": { "type": "Point", "coordinates": [ 3162501.594399104826152, 2027487.623944516060874 ] } },
{ "type": "Feature", "properties": { "centro_codigo": "28013036", "centro_nombre": "NUESTRA SEÑORA DEL CARMEN", "centro_tipo_descripcion": "CENTRO PRIVADO DE EDUCACIÓN INFANTIL, PRIMARIA Y SECUNDARIA", "centro_titularidad": "PRIVADO CONCERTADO", "centro_titular": "HNAS. DE LA CARIDAD DEL SGDO.CORAZON JESUS", "municipio_nombre": "Madrid", "distrito_nombre": "Villaverde", "direccion_coor_x": 439986.0, "direccion_coor_y": 4466272.0, "ARTE": 0, "DANZA": 0, "EDUCACIONADULTA": 0, "EDUCACIONESPECIAL": 0, "FORMACIONPROFESIONAL": 0, "HOSPITALARIA": 0, "IDIOMAS": 0, "INFANTIL": 1, "MILITAR": 0, "MUSICA": 0, "OTRO": 0, "OTRONOEDUCATIVO": 0, "PENITENCIARIO": 0, "PRIMARIA": 1, "SECUNDARIA": 1, "SUPERIOR": 0, "UNIVERSITARIO": 0 }, "geometry": { "type": "Point", "coordinates": [ 3157838.679128356277943, 2022035.139771844260395 ] } },
{ "type": "Feature", "properties": { "centro_codigo": "28013048", "centro_nombre": "COLEGIO LA MILAGROSA", "centro_tipo_descripcion": "CENTRO PRIVADO DE EDUCACIÓN INFANTIL, PRIMARIA Y SECUNDARIA", "centro_titularidad": "PRIVADO CONCERTADO", "centro_titular": "HIJAS DE LA CARIDAD DE SAN VICENTE DE PAUL", "municipio_nombre": "Madrid", "distrito_nombre": "Carabanchel", "direccion_coor_x": 436742.0, "direccion_coor_y": 4470446.0, "ARTE": 0, "DANZA": 0, "EDUCACIONADULTA": 0, "EDUCACIONESPECIAL": 0, "FORMACIONPROFESIONAL": 0, "HOSPITALARIA": 0, "IDIOMAS": 0, "INFANTIL": 1, "MILITAR": 0, "MUSICA": 0, "OTRO": 0, "OTRONOEDUCATIVO": 0, "PENITENCIARIO": 0, "PRIMARIA": 1, "SECUNDARIA": 1, "SUPERIOR": 0, "UNIVERSITARIO": 0 }, "geometry": { "type": "Point", "coordinates": [ 3155287.161696568597108, 2026709.615769878728315 ] } },
{ "type": "Feature", "properties": { "centro_codigo": "28013051", "centro_nombre": "NUESTRA SEÑORA DE LA CONSOLACION", "centro_tipo_descripcion": "CENTRO PRIVADO DE EDUCACIÓN INFANTIL, PRIMARIA Y SECUNDARIA", "centro_titularidad": "PRIVADO CONCERTADO", "centro_titular": "HNAS. DE NTRA. SRA. DE LA CONSOLACION", "municipio_nombre": "Madrid", "distrito_nombre": "Chamartín", "direccion_coor_x": 441975.0, "direccion_coor_y": 4479378.0, "ARTE": 0, "DANZA": 0, "EDUCACIONADULTA": 0, "EDUCACIONESPECIAL": 0, "FORMACIONPROFESIONAL": 0, "HOSPITALARIA": 0, "IDIOMAS": 0, "INFANTIL": 1, "MILITAR": 0, "MUSICA": 0, "OTRO": 0, "OTRONOEDUCATIVO": 0, "PENITENCIARIO": 0, "PRIMARIA": 1, "SECUNDARIA": 1, "SUPERIOR": 0, "UNIVERSITARIO": 0 }, "geometry": { "type": "Point", "coordinates": [ 3161857.360544762574136, 2034605.173884633695707 ] } },
{ "type": "Feature", "properties": { "centro_codigo": "28013097", "centro_nombre": "NUESTRA SEÑORA DE LAS ESCUELAS PIAS", "centro_tipo_descripcion": "CENTRO PRIVADO DE EDUCACIÓN INFANTIL, PRIMARIA Y SECUNDARIA", "centro_titularidad": "PRIVADO CONCERTADO", "centro_titular": "ESCUELAS PIAS PROVINCIA BETANIA", "municipio_nombre": "Madrid", "distrito_nombre": "Latina", "direccion_coor_x": 436025.0, "direccion_coor_y": 4471249.0, "ARTE": 0, "DANZA": 0, "EDUCACIONADULTA": 0, "EDUCACIONESPECIAL": 0, "FORMACIONPROFESIONAL": 0, "HOSPITALARIA": 0, "IDIOMAS": 0, "INFANTIL": 1, "MILITAR": 0, "MUSICA": 0, "OTRO": 0, "OTRONOEDUCATIVO": 0, "PENITENCIARIO": 0, "PRIMARIA": 1, "SECUNDARIA": 1, "SUPERIOR": 0, "UNIVERSITARIO": 0 }, "geometry": { "type": "Point", "coordinates": [ 3154704.572743900120258, 2027625.037199499085546 ] } },
{ "type": "Feature", "properties": { "centro_codigo": "28013103", "centro_nombre": "CALASANCIO NUESTRA SEÑORA DE LAS ESCUELAS PIAS", "centro_tipo_descripcion": "CENTRO PRIVADO DE EDUCACIÓN INFANTIL, PRIMARIA Y SECUNDARIA", "centro_titularidad": "PRIVADO CONCERTADO", "centro_titular": "ESCUELAS PIAS PROVINCIA DE BETANIA", "municipio_nombre": "Madrid", "distrito_nombre": "Salamanca", "direccion_coor_x": 442706.0, "direccion_coor_y": 4475745.0, "ARTE": 0, "DANZA": 0, "EDUCACIONADULTA": 0, "EDUCACIONESPECIAL": 0, "FORMACIONPROFESIONAL": 0, "HOSPITALARIA": 0, "IDIOMAS": 0, "INFANTIL": 1, "MILITAR": 0, "MUSICA": 0, "OTRO": 0, "OTRONOEDUCATIVO": 0, "PENITENCIARIO": 0, "PRIMARIA": 1, "SECUNDARIA": 1, "SUPERIOR": 0, "UNIVERSITARIO": 0 }, "geometry": { "type": "Point", "coordinates": [ 3162010.132268695160747, 2030898.738375499146059 ] } },
{ "type": "Feature", "properties": { "centro_codigo": "28013115", "centro_nombre": "NUESTRA SEÑORA DE LAS ESCUELAS PIAS", "centro_tipo_descripcion": "CENTRO PRIVADO DE EDUCACIÓN INFANTIL, PRIMARIA Y SECUNDARIA", "centro_titularidad": "PRIVADO CONCERTADO", "centro_titular": "FUNDACION ESCOLAPIAS MONTAL", "municipio_nombre": "Madrid", "distrito_nombre": "Carabanchel", "direccion_coor_x": 436309.0, "direccion_coor_y": 4469758.0, "ARTE": 0, "DANZA": 0, "EDUCACIONADULTA": 0, "EDUCACIONESPECIAL": 0, "FORMACIONPROFESIONAL": 0, "HOSPITALARIA": 0, "IDIOMAS": 0, "INFANTIL": 1, "MILITAR": 0, "MUSICA": 0, "OTRO": 0, "OTRONOEDUCATIVO": 0, "PENITENCIARIO": 0, "PRIMARIA": 1, "SECUNDARIA": 1, "SUPERIOR": 0, "UNIVERSITARIO": 0 }, "geometry": { "type": "Point", "coordinates": [ 3154751.55621622921899, 2026106.663223423063755 ] } },
{ "type": "Feature", "properties": { "centro_codigo": "28013140", "centro_nombre": "NUESTRA SEÑORA DE GRACIA", "centro_tipo_descripcion": "CENTRO PRIVADO DE EDUCACIÓN SECUNDARIA", "centro_titularidad": "PRIVADO CONCERTADO", "centro_titular": "COLEGIO NTRA. SRA. DE GRACIA, S.L.", "municipio_nombre": "Madrid", "distrito_nombre": "Villaverde", "direccion_coor_x": 441065.0, "direccion_coor_y": 4467912.0, "ARTE": 0, "DANZA": 0, "EDUCACIONADULTA": 0, "EDUCACIONESPECIAL": 0, "FORMACIONPROFESIONAL": 0, "HOSPITALARIA": 0, "IDIOMAS": 0, "INFANTIL": 0, "MILITAR": 0, "MUSICA": 0, "OTRO": 0, "OTRONOEDUCATIVO": 0, "PENITENCIARIO": 0, "PRIMARIA": 0, "SECUNDARIA": 1, "SUPERIOR": 0, "UNIVERSITARIO": 0 }, "geometry": { "type": "Point", "coordinates": [ 3159161.634172150399536, 2023464.361537359422073 ] } },
{ "type": "Feature", "properties": { "centro_codigo": "28013188", "centro_nombre": "LICEO MADARIAGA", "centro_tipo_descripcion": "CENTRO PRIVADO DE EDUCACIÓN INFANTIL, PRIMARIA Y SECUNDARIA", "centro_titularidad": "PRIVADO CONCERTADO", "centro_titular": "LICEO MADARIAGA, S.L.", "municipio_nombre": "Madrid", "distrito_nombre": "Ciudad Lineal", "direccion_coor_x": 445610.0, "direccion_coor_y": 4476258.0, "ARTE": 0, "DANZA": 0, "EDUCACIONADULTA": 0, "EDUCACIONESPECIAL": 0, "FORMACIONPROFESIONAL": 0, "HOSPITALARIA": 0, "IDIOMAS": 0, "INFANTIL": 1, "MILITAR": 0, "MUSICA": 0, "OTRO": 0, "OTRONOEDUCATIVO": 0, "PENITENCIARIO": 0, "PRIMARIA": 1, "SECUNDARIA": 1, "SUPERIOR": 0, "UNIVERSITARIO": 0 }, "geometry": { "type": "Point", "coordinates": [ 3164959.844759866595268, 2030901.818551443517208 ] } },
{ "type": "Feature", "properties": { "centro_codigo": "28013191", "centro_nombre": "REAL COLEGIO NUESTRA SEÑORA DE LORETO", "centro_tipo_descripcion": "CENTRO PRIVADO DE EDUCACIÓN INFANTIL, PRIMARIA Y SECUNDARIA", "centro_titularidad": "PRIVADO CONCERTADO", "centro_titular": "FUNDACIÓN SPÍNOLA", "municipio_nombre": "Madrid", "distrito_nombre": "Salamanca", "direccion_coor_x": 443200.0, "direccion_coor_y": 4474749.0, "ARTE": 0, "DANZA": 0, "EDUCACIONADULTA": 0, "EDUCACIONESPECIAL": 0, "FORMACIONPROFESIONAL": 0, "HOSPITALARIA": 0, "IDIOMAS": 0, "INFANTIL": 1, "MILITAR": 0, "MUSICA": 0, "OTRO": 0, "OTRONOEDUCATIVO": 0, "PENITENCIARIO": 0, "PRIMARIA": 1, "SECUNDARIA": 1, "SUPERIOR": 0, "UNIVERSITARIO": 0 }, "geometry": { "type": "Point", "coordinates": [ 3162342.152106769382954, 2029831.822220014408231 ] } },
{ "type": "Feature", "properties": { "centro_codigo": "28013255", "centro_nombre": "NUESTRA SEÑORA DE LA MERCED", "centro_tipo_descripcion": "CENTRO PRIVADO DE EDUCACIÓN INFANTIL, PRIMARIA Y SECUNDARIA", "centro_titularidad": "PRIVADO CONCERTADO", "centro_titular": "HNAS. MERCEDARIAS DE LA CARIDAD", "municipio_nombre": "Madrid", "distrito_nombre": "Chamartín", "direccion_coor_x": 442393.0, "direccion_coor_y": 4479029.0, "ARTE": 0, "DANZA": 0, "EDUCACIONADULTA": 0, "EDUCACIONESPECIAL": 0, "FORMACIONPROFESIONAL": 0, "HOSPITALARIA": 0, "IDIOMAS": 0, "INFANTIL": 1, "MILITAR": 0, "MUSICA": 0, "OTRO": 0, "OTRONOEDUCATIVO": 0, "PENITENCIARIO": 0, "PRIMARIA": 1, "SECUNDARIA": 1, "SUPERIOR": 0, "UNIVERSITARIO": 0 }, "geometry": { "type": "Point", "coordinates": [ 3162215.631538486108184, 2034188.927571979817003 ] } },
{ "type": "Feature", "properties": { "centro_codigo": "28013280", "centro_nombre": "COLEGIO SEI LA MERCED", "centro_tipo_descripcion": "CENTRO PRIVADO DE EDUCACIÓN INFANTIL, PRIMARIA Y SECUNDARIA", "centro_titularidad": "PRIVADO CONCERTADO", "centro_titular": "ENSEÑANZA Y PEDAGOGIA S.A.", "municipio_nombre": "Madrid", "distrito_nombre": "Ciudad Lineal", "direccion_coor_x": 444428.0, "direccion_coor_y": 4474821.0, "ARTE": 0, "DANZA": 0, "EDUCACIONADULTA": 0, "EDUCACIONESPECIAL": 0, "FORMACIONPROFESIONAL": 0, "HOSPITALARIA": 0, "IDIOMAS": 0, "INFANTIL": 1, "MILITAR": 0, "MUSICA": 0, "OTRO": 0, "OTRONOEDUCATIVO": 0, "PENITENCIARIO": 0, "PRIMARIA": 1, "SECUNDARIA": 1, "SUPERIOR": 0, "UNIVERSITARIO": 0 }, "geometry": { "type": "Point", "coordinates": [ 3163566.778137488756329, 2029690.308425339870155 ] } },
{ "type": "Feature", "properties": { "centro_codigo": "28013292", "centro_nombre": "MONTSERRAT", "centro_tipo_descripcion": "CENTRO PRIVADO DE EDUCACIÓN INFANTIL, PRIMARIA Y SECUNDARIA", "centro_titularidad": "PRIVADO CONCERTADO", "centro_titular": "FUNDACION HOGAR DEL EMPLEADO", "municipio_nombre": "Madrid", "distrito_nombre": "Retiro", "direccion_coor_x": 443533.0, "direccion_coor_y": 4474077.0, "ARTE": 0, "DANZA": 0, "EDUCACIONADULTA": 0, "EDUCACIONESPECIAL": 0, "FORMACIONPROFESIONAL": 0, "HOSPITALARIA": 0, "IDIOMAS": 0, "INFANTIL": 1, "MILITAR": 0, "MUSICA": 0, "OTRO": 0, "OTRONOEDUCATIVO": 0, "PENITENCIARIO": 0, "PRIMARIA": 1, "SECUNDARIA": 1, "SUPERIOR": 0, "UNIVERSITARIO": 0 }, "geometry": { "type": "Point", "coordinates": [ 3162565.88414678350091, 2029112.035177464596927 ] } },
{ "type": "Feature", "properties": { "centro_codigo": "28013371", "centro_nombre": "NUESTRA SEÑORA DEL RECUERDO", "centro_tipo_descripcion": "CENTRO PRIVADO DE EDUCACIÓN INFANTIL, PRIMARIA Y SECUNDARIA", "centro_titularidad": "PRIVADO CONCERTADO", "centro_titular": "LA FUNDACIÓN EDUCATIVA JESUITAS CENTRO-ESTE", "municipio_nombre": "Madrid", "distrito_nombre": "Chamartín", "direccion_coor_x": 442482.0, "direccion_coor_y": 4479958.0, "ARTE": 0, "DANZA": 0, "EDUCACIONADULTA": 0, "EDUCACIONESPECIAL": 0, "FORMACIONPROFESIONAL": 0, "HOSPITALARIA": 0, "IDIOMAS": 0, "INFANTIL": 1, "MILITAR": 0, "MUSICA": 0, "OTRO": 0, "OTRONOEDUCATIVO": 0, "PENITENCIARIO": 0, "PRIMARIA": 1, "SECUNDARIA": 1, "SUPERIOR": 0, "UNIVERSITARIO": 0 }, "geometry": { "type": "Point", "coordinates": [ 3162449.215844529215246, 2035088.964319767197594 ] } },
{ "type": "Feature", "properties": { "centro_codigo": "28013383", "centro_nombre": "HUERFANOS DE LA ARMADA", "centro_tipo_descripcion": "CENTRO PRIVADO DE EDUCACIÓN INFANTIL, PRIMARIA Y SECUNDARIA", "centro_titularidad": "PRIVADO", "centro_titular": "PATRONATO DE HUERFANOS DE LA ARMADA", "municipio_nombre": "Madrid", "distrito_nombre": "Ciudad Lineal", "direccion_coor_x": 443388.0, "direccion_coor_y": 4480360.0, "ARTE": 0, "DANZA": 0, "EDUCACIONADULTA": 0, "EDUCACIONESPECIAL": 0, "FORMACIONPROFESIONAL": 0, "HOSPITALARIA": 0, "IDIOMAS": 0, "INFANTIL": 1, "MILITAR": 0, "MUSICA": 0, "OTRO": 0, "OTRONOEDUCATIVO": 0, "PENITENCIARIO": 0, "PRIMARIA": 1, "SECUNDARIA": 1, "SUPERIOR": 0, "UNIVERSITARIO": 0 }, "geometry": { "type": "Point", "coordinates": [ 3163407.380715493112803, 2035328.313418827485293 ] } },
{ "type": "Feature", "properties": { "centro_codigo": "28013395", "centro_nombre": "WISDOM SCHOOL MADRID", "centro_tipo_descripcion": "CENTRO PRIVADO DE EDUCACIÓN INFANTIL, PRIMARIA Y SECUNDARIA", "centro_titularidad": "PRIVADO CONCERTADO", "centro_titular": "EN2 INNOVACION DE PROYECTOS EDUCATIVOS, S. L.", "municipio_nombre": "Madrid", "distrito_nombre": "Chamartín", "direccion_coor_x": 442408.0, "direccion_coor_y": 4479184.0, "ARTE": 0, "DANZA": 0, "EDUCACIONADULTA": 0, "EDUCACIONESPECIAL": 0, "FORMACIONPROFESIONAL": 0, "HOSPITALARIA": 0, "IDIOMAS": 0, "INFANTIL": 1, "MILITAR": 0, "MUSICA": 0, "OTRO": 0, "OTRONOEDUCATIVO": 0, "PENITENCIARIO": 0, "PRIMARIA": 1, "SECUNDARIA": 1, "SUPERIOR": 0, "UNIVERSITARIO": 0 }, "geometry": { "type": "Point", "coordinates": [ 3162254.752105667255819, 2034339.068789859069511 ] } },
{ "type": "Feature", "properties": { "centro_codigo": "28013401", "centro_nombre": "NUESTRA SEÑORA DEL SAGRADO CORAZON", "centro_tipo_descripcion": "CENTRO PRIVADO DE EDUCACIÓN INFANTIL, PRIMARIA Y SECUNDARIA", "centro_titularidad": "PRIVADO CONCERTADO", "centro_titular": "FUNDACION EDUCATIVA FRANCISCANAS DE MONTPELLIER", "municipio_nombre": "Madrid", "distrito_nombre": "Latina", "direccion_coor_x": 437625.0, "direccion_coor_y": 4473550.0, "ARTE": 0, "DANZA": 0, "EDUCACIONADULTA": 0, "EDUCACIONESPECIAL": 0, "FORMACIONPROFESIONAL": 0, "HOSPITALARIA": 0, "IDIOMAS": 0, "INFANTIL": 1, "MILITAR": 0, "MUSICA": 0, "OTRO": 0, "OTRONOEDUCATIVO": 0, "PENITENCIARIO": 0, "PRIMARIA": 1, "SECUNDARIA": 1, "SUPERIOR": 0, "UNIVERSITARIO": 0 }, "geometry": { "type": "Point", "coordinates": [ 3156645.974634933285415, 2029615.330554978922009 ] } },
{ "type": "Feature", "properties": { "centro_codigo": "28013413", "centro_nombre": "COLEGIO MADRID-FUNDACIÓN SANTA MARÍA", "centro_tipo_descripcion": "CENTRO PRIVADO DE EDUCACIÓN INFANTIL, PRIMARIA Y SECUNDARIA", "centro_titularidad": "PRIVADO", "centro_titular": "ELMARMAREL SANTA MARÍA, S.L.", "municipio_nombre": "Madrid", "distrito_nombre": "Hortaleza", "direccion_coor_x": 445168.0, "direccion_coor_y": 4478290.0, "ARTE": 0, "DANZA": 0, "EDUCACIONADULTA": 0, "EDUCACIONESPECIAL": 0, "FORMACIONPROFESIONAL": 0, "HOSPITALARIA": 0, "IDIOMAS": 0, "INFANTIL": 1, "MILITAR": 0, "MUSICA": 0, "OTRO": 0, "OTRONOEDUCATIVO": 0, "PENITENCIARIO": 0, "PRIMARIA": 1, "SECUNDARIA": 1, "SUPERIOR": 0, "UNIVERSITARIO": 0 }, "geometry": { "type": "Point", "coordinates": [ 3164841.573302517645061, 2032980.573584976606071 ] } },
{ "type": "Feature", "properties": { "centro_codigo": "28013450", "centro_nombre": "NUESTRA SEÑORA DE LAS VICTORIAS", "centro_tipo_descripcion": "CENTRO PRIVADO DE EDUCACIÓN INFANTIL, PRIMARIA Y SECUNDARIA", "centro_titularidad": "PRIVADO CONCERTADO", "centro_titular": "RELIGIOSAS FILIPENSES", "municipio_nombre": "Madrid", "distrito_nombre": "Ciudad Lineal", "direccion_coor_x": 444487.0, "direccion_coor_y": 4475564.0, "ARTE": 0, "DANZA": 0, "EDUCACIONADULTA": 0, "EDUCACIONESPECIAL": 0, "FORMACIONPROFESIONAL": 0, "HOSPITALARIA": 0, "IDIOMAS": 0, "INFANTIL": 1, "MILITAR": 0, "MUSICA": 0, "OTRO": 0, "OTRONOEDUCATIVO": 0, "PENITENCIARIO": 0, "PRIMARIA": 1, "SECUNDARIA": 1, "SUPERIOR": 0, "UNIVERSITARIO": 0 }, "geometry": { "type": "Point", "coordinates": [ 3163741.49503109510988, 2030412.233956401934847 ] } },
{ "type": "Feature", "properties": { "centro_codigo": "28013504", "centro_nombre": "PATROCINIO DE SAN JOSE", "centro_tipo_descripcion": "CENTRO PRIVADO DE EDUCACIÓN INFANTIL, PRIMARIA Y SECUNDARIA", "centro_titularidad": "PRIVADO CONCERTADO", "centro_titular": "CONOCIMIENTO Y FORMACION, S.A.", "municipio_nombre": "Madrid", "distrito_nombre": "Tetuán", "direccion_coor_x": 440935.0, "direccion_coor_y": 4477956.0, "ARTE": 0, "DANZA": 0, "EDUCACIONADULTA": 0, "EDUCACIONESPECIAL": 0, "FORMACIONPROFESIONAL": 0, "HOSPITALARIA": 0, "IDIOMAS": 0, "INFANTIL": 1, "MILITAR": 0, "MUSICA": 0, "OTRO": 0, "OTRONOEDUCATIVO": 0, "PENITENCIARIO": 0, "PRIMARIA": 1, "SECUNDARIA": 1, "SUPERIOR": 0, "UNIVERSITARIO": 0 }, "geometry": { "type": "Point", "coordinates": [ 3160606.898128531873226, 2033383.936465995386243 ] } },
{ "type": "Feature", "properties": { "centro_codigo": "28013565", "centro_nombre": "PUREZA DE MARIA", "centro_tipo_descripcion": "CENTRO PRIVADO DE EDUCACIÓN INFANTIL, PRIMARIA Y SECUNDARIA", "centro_titularidad": "PRIVADO CONCERTADO", "centro_titular": "RELIGIOSAS DE LA PUREZA DE MARIA", "municipio_nombre": "Madrid", "distrito_nombre": "Retiro", "direccion_coor_x": 443310.0, "direccion_coor_y": 4473269.0, "ARTE": 0, "DANZA": 0, "EDUCACIONADULTA": 0, "EDUCACIONESPECIAL": 0, "FORMACIONPROFESIONAL": 0, "HOSPITALARIA": 0, "IDIOMAS": 0, "INFANTIL": 1, "MILITAR": 0, "MUSICA": 0, "OTRO": 0, "OTRONOEDUCATIVO": 0, "PENITENCIARIO": 0, "PRIMARIA": 1, "SECUNDARIA": 1, "SUPERIOR": 0, "UNIVERSITARIO": 0 }, "geometry": { "type": "Point", "coordinates": [ 3162218.95256753731519, 2028354.440681411419064 ] } },
{ "type": "Feature", "properties": { "centro_codigo": "28013590", "centro_nombre": "RAFAELA YBARRA", "centro_tipo_descripcion": "CENTRO PRIVADO DE EDUCACIÓN INFANTIL, PRIMARIA Y SECUNDARIA", "centro_titularidad": "PRIVADO CONCERTADO", "centro_titular": "RELIGIOSAS DE LOS SANTOS ANGELES CUSTODIOS", "municipio_nombre": "Madrid", "distrito_nombre": "Usera", "direccion_coor_x": 439618.0, "direccion_coor_y": 4470095.0, "ARTE": 0, "DANZA": 0, "EDUCACIONADULTA": 0, "EDUCACIONESPECIAL": 0, "FORMACIONPROFESIONAL": 0, "HOSPITALARIA": 0, "IDIOMAS": 0, "INFANTIL": 1, "MILITAR": 0, "MUSICA": 0, "OTRO": 0, "OTRONOEDUCATIVO": 0, "PENITENCIARIO": 0, "PRIMARIA": 1, "SECUNDARIA": 1, "SUPERIOR": 0, "UNIVERSITARIO": 0 }, "geometry": { "type": "Point", "coordinates": [ 3158073.784275973215699, 2025865.82854213938117 ] } },
{ "type": "Feature", "properties": { "centro_codigo": "28013607", "centro_nombre": "RAIMUNDO LULIO", "centro_tipo_descripcion": "CENTRO PRIVADO DE EDUCACIÓN INFANTIL, PRIMARIA Y SECUNDARIA", "centro_titularidad": "PRIVADO CONCERTADO", "centro_titular": "PADRES FRANCISCANOS TERCERA ORDEN REGULAR", "municipio_nombre": "Madrid", "distrito_nombre": "Puente de Vallecas", "direccion_coor_x": 443317.0, "direccion_coor_y": 4470890.0, "ARTE": 0, "DANZA": 0, "EDUCACIONADULTA": 0, "EDUCACIONESPECIAL": 0, "FORMACIONPROFESIONAL": 0, "HOSPITALARIA": 0, "IDIOMAS": 0, "INFANTIL": 1, "MILITAR": 0, "MUSICA": 0, "OTRO": 0, "OTRONOEDUCATIVO": 0, "PENITENCIARIO": 0, "PRIMARIA": 1, "SECUNDARIA": 1, "SUPERIOR": 0, "UNIVERSITARIO": 0 }, "geometry": { "type": "Point", "coordinates": [ 3161853.208060876466334, 2026009.057325107743964 ] } },
{ "type": "Feature", "properties": { "centro_codigo": "28013723", "centro_nombre": "SAGRADA FAMILIA", "centro_tipo_descripcion": "CENTRO PRIVADO DE EDUCACIÓN INFANTIL, PRIMARIA Y SECUNDARIA", "centro_titularidad": "PRIVADO CONCERTADO", "centro_titular": "HNAS. DE LA CARIDAD DEL SGDO.CORAZON DE JESUS", "municipio_nombre": "Madrid", "distrito_nombre": "Salamanca", "direccion_coor_x": 443615.0, "direccion_coor_y": 4474898.0, "ARTE": 0, "DANZA": 0, "EDUCACIONADULTA": 0, "EDUCACIONESPECIAL": 0, "FORMACIONPROFESIONAL": 0, "HOSPITALARIA": 0, "IDIOMAS": 0, "INFANTIL": 1, "MILITAR": 0, "MUSICA": 0, "OTRO": 0, "OTRONOEDUCATIVO": 0, "PENITENCIARIO": 0, "PRIMARIA": 1, "SECUNDARIA": 1, "SUPERIOR": 0, "UNIVERSITARIO": 0 }, "geometry": { "type": "Point", "coordinates": [ 3162775.544545548968017, 2029906.838468740228564 ] } },
{ "type": "Feature", "properties": { "centro_codigo": "28013759", "centro_nombre": "SAGRADA FAMILIA DE URGEL", "centro_tipo_descripcion": "CENTRO PRIVADO DE EDUCACIÓN INFANTIL, PRIMARIA Y SECUNDARIA", "centro_titularidad": "PRIVADO CONCERTADO", "centro_titular": "FUNDACIOÓN EDUCATIVA ANA MARÍA JANER", "municipio_nombre": "Madrid", "distrito_nombre": "Puente de Vallecas", "direccion_coor_x": 444430.0, "direccion_coor_y": 4470936.0, "ARTE": 0, "DANZA": 0, "EDUCACIONADULTA": 0, "EDUCACIONESPECIAL": 0, "FORMACIONPROFESIONAL": 0, "HOSPITALARIA": 0, "IDIOMAS": 0, "INFANTIL": 1, "MILITAR": 0, "MUSICA": 0, "OTRO": 0, "OTRONOEDUCATIVO": 0, "PENITENCIARIO": 0, "PRIMARIA": 1, "SECUNDARIA": 1, "SUPERIOR": 0, "UNIVERSITARIO": 0 }, "geometry": { "type": "Point", "coordinates": [ 3162960.168736597523093, 2025861.8341444961261 ] } },
{ "type": "Feature", "properties": { "centro_codigo": "28013772", "centro_nombre": "SAGRADO CORAZON", "centro_tipo_descripcion": "CENTRO PRIVADO DE EDUCACIÓN INFANTIL, PRIMARIA Y SECUNDARIA", "centro_titularidad": "PRIVADO CONCERTADO", "centro_titular": "PROVINCIA DE HERMANOS MENORES CAPUCHINOS DE ESPAÑA", "municipio_nombre": "Madrid", "distrito_nombre": "Usera", "direccion_coor_x": 439755.0, "direccion_coor_y": 4471326.0, "ARTE": 0, "DANZA": 0, "EDUCACIONADULTA": 0, "EDUCACIONESPECIAL": 0, "FORMACIONPROFESIONAL": 0, "HOSPITALARIA": 0, "IDIOMAS": 0, "INFANTIL": 1, "MILITAR": 0, "MUSICA": 0, "OTRO": 0, "OTRONOEDUCATIVO": 0, "PENITENCIARIO": 0, "PRIMARIA": 1, "SECUNDARIA": 1, "SUPERIOR": 0, "UNIVERSITARIO": 0 }, "geometry": { "type": "Point", "coordinates": [ 3158401.989763109013438, 2027055.097231957828626 ] } },
{ "type": "Feature", "properties": { "centro_codigo": "28013784", "centro_nombre": "SAGRADO CORAZON DE JESUS", "centro_tipo_descripcion": "CENTRO PRIVADO DE EDUCACIÓN INFANTIL, PRIMARIA Y SECUNDARIA", "centro_titularidad": "PRIVADO CONCERTADO", "centro_titular": "FUNDACION EDUCATIVA SOFIA BARAT", "municipio_nombre": "Madrid", "distrito_nombre": "Moncloa-Aravaca", "direccion_coor_x": 438751.0, "direccion_coor_y": 4475831.0, "ARTE": 0, "DANZA": 0, "EDUCACIONADULTA": 0, "EDUCACIONESPECIAL": 0, "FORMACIONPROFESIONAL": 0, "HOSPITALARIA": 0, "IDIOMAS": 0, "INFANTIL": 1, "MILITAR": 0, "MUSICA": 0, "OTRO": 0, "OTRONOEDUCATIVO": 0, "PENITENCIARIO": 0, "PRIMARIA": 1, "SECUNDARIA": 1, "SUPERIOR": 0, "UNIVERSITARIO": 0 }, "geometry": { "type": "Point", "coordinates": [ 3158115.984102975577116, 2031668.044918693602085 ] } },
{ "type": "Feature", "properties": { "centro_codigo": "28013802", "centro_nombre": "SAGRADO CORAZON DE JESUS", "centro_tipo_descripcion": "CENTRO PRIVADO DE EDUCACIÓN INFANTIL, PRIMARIA Y SECUNDARIA", "centro_titularidad": "PRIVADO CONCERTADO", "centro_titular": "HNAS. SALESIANAS DEL SAGRADO. CORAZON DE JESUS", "municipio_nombre": "Madrid", "distrito_nombre": "Retiro", "direccion_coor_x": 442283.0, "direccion_coor_y": 4473080.0, "ARTE": 0, "DANZA": 0, "EDUCACIONADULTA": 0, "EDUCACIONESPECIAL": 0, "FORMACIONPROFESIONAL": 0, "HOSPITALARIA": 0, "IDIOMAS": 0, "INFANTIL": 1, "MILITAR": 0, "MUSICA": 0, "OTRO": 0, "OTRONOEDUCATIVO": 0, "PENITENCIARIO": 0, "PRIMARIA": 1, "SECUNDARIA": 1, "SUPERIOR": 0, "UNIVERSITARIO": 0 }, "geometry": { "type": "Point", "coordinates": [ 3161174.595594511367381, 2028345.910285631893203 ] } },
{ "type": "Feature", "properties": { "centro_codigo": "28013838", "centro_nombre": "PARAISO SAGRADOS CORAZONES", "centro_tipo_descripcion": "CENTRO PRIVADO DE EDUCACIÓN INFANTIL, PRIMARIA Y SECUNDARIA", "centro_titularidad": "PRIVADO CONCERTADO", "centro_titular": "CONGREGACION DE RELIGIOSAS SAGRADOS CORAZONES", "municipio_nombre": "Madrid", "distrito_nombre": "Chamartín", "direccion_coor_x": 441878.0, "direccion_coor_y": 4478736.0, "ARTE": 0, "DANZA": 0, "EDUCACIONADULTA": 0, "EDUCACIONESPECIAL": 0, "FORMACIONPROFESIONAL": 0, "HOSPITALARIA": 0, "IDIOMAS": 0, "INFANTIL": 1, "MILITAR": 0, "MUSICA": 0, "OTRO": 0, "OTRONOEDUCATIVO": 0, "PENITENCIARIO": 0, "PRIMARIA": 1, "SECUNDARIA": 1, "SUPERIOR": 0, "UNIVERSITARIO": 0 }, "geometry": { "type": "Point", "coordinates": [ 3161660.871090429835021, 2033989.333689196035266 ] } },
{ "type": "Feature", "properties": { "centro_codigo": "28013851", "centro_nombre": "COLEGIO LA SALLE SAN RAFAEL", "centro_tipo_descripcion": "CENTRO PRIVADO DE EDUCACIÓN INFANTIL, PRIMARIA Y SECUNDARIA", "centro_titularidad": "PRIVADO CONCERTADO", "centro_titular": "FUNDACIÓN LA SALLE SAN RAFAEL", "municipio_nombre": "Madrid", "distrito_nombre": "Chamberí", "direccion_coor_x": 439547.0, "direccion_coor_y": 4476187.0, "ARTE": 0, "DANZA": 0, "EDUCACIONADULTA": 0, "EDUCACIONESPECIAL": 0, "FORMACIONPROFESIONAL": 0, "HOSPITALARIA": 0, "IDIOMAS": 0, "INFANTIL": 1, "MILITAR": 0, "MUSICA": 0, "OTRO": 0, "OTRONOEDUCATIVO": 0, "PENITENCIARIO": 0, "PRIMARIA": 1, "SECUNDARIA": 1, "SUPERIOR": 0, "UNIVERSITARIO": 0 }, "geometry": { "type": "Point", "coordinates": [ 3158958.237590430770069, 2031881.037487565306947 ] } },
{ "type": "Feature", "properties": { "centro_codigo": "28013863", "centro_nombre": "LA SALLE", "centro_tipo_descripcion": "CENTRO PRIVADO DE EDUCACIÓN INFANTIL, PRIMARIA Y SECUNDARIA", "centro_titularidad": "PRIVADO CONCERTADO", "centro_titular": "HNOS. DE LAS ESCUELAS CRISTIANAS", "municipio_nombre": "Madrid", "distrito_nombre": "Latina", "direccion_coor_x": 434294.0, "direccion_coor_y": 4470021.0, "ARTE": 0, "DANZA": 0, "EDUCACIONADULTA": 0, "EDUCACIONESPECIAL": 0, "FORMACIONPROFESIONAL": 0, "HOSPITALARIA": 0, "IDIOMAS": 0, "INFANTIL": 1, "MILITAR": 0, "MUSICA": 0, "OTRO": 0, "OTRONOEDUCATIVO": 0, "PENITENCIARIO": 0, "PRIMARIA": 1, "SECUNDARIA": 1, "SUPERIOR": 0, "UNIVERSITARIO": 0 }, "geometry": { "type": "Point", "coordinates": [ 3152801.916190414689481, 2026714.806824735365808 ] } },
{ "type": "Feature", "properties": { "centro_codigo": "28013887", "centro_nombre": "SAN ALFONSO", "centro_tipo_descripcion": "CENTRO PRIVADO DE EDUCACIÓN INFANTIL, PRIMARIA Y SECUNDARIA", "centro_titularidad": "PRIVADO CONCERTADO", "centro_titular": "HIJAS DE LA CARIDAD DE SAN VICENTE DE PAUL", "municipio_nombre": "Madrid", "distrito_nombre": "Centro", "direccion_coor_x": 440417.0, "direccion_coor_y": 4473156.0, "ARTE": 0, "DANZA": 0, "EDUCACIONADULTA": 0, "EDUCACIONESPECIAL": 0, "FORMACIONPROFESIONAL": 0, "HOSPITALARIA": 0, "IDIOMAS": 0, "INFANTIL": 1, "MILITAR": 0, "MUSICA": 0, "OTRO": 0, "OTRONOEDUCATIVO": 0, "PENITENCIARIO": 0, "PRIMARIA": 1, "SECUNDARIA": 1, "SUPERIOR": 0, "UNIVERSITARIO": 0 }, "geometry": { "type": "Point", "coordinates": [ 3159342.796796843409538, 2028743.73897503176704 ] } },
{ "type": "Feature", "properties": { "centro_codigo": "28013899", "centro_nombre": "EL ESPINILLO ", "centro_tipo_descripcion": "INSTITUTO DE EDUCACIÓN SECUNDARIA", "centro_titularidad": "PÚBLICO", "centro_titular": "COMUNIDAD DE MADRID", "municipio_nombre": "Madrid", "distrito_nombre": "Villaverde", "direccion_coor_x": 441540.0, "direccion_coor_y": 4468127.0, "ARTE": 0, "DANZA": 0, "EDUCACIONADULTA": 0, "EDUCACIONESPECIAL": 0, "FORMACIONPROFESIONAL": 0, "HOSPITALARIA": 0, "IDIOMAS": 0, "INFANTIL": 0, "MILITAR": 0, "MUSICA": 0, "OTRO": 0, "OTRONOEDUCATIVO": 0, "PENITENCIARIO": 0, "PRIMARIA": 0, "SECUNDARIA": 1, "SUPERIOR": 0, "UNIVERSITARIO": 0 }, "geometry": { "type": "Point", "coordinates": [ 3159664.648222890216857, 2023594.011223614914343 ] } },
{ "type": "Feature", "properties": { "centro_codigo": "28013991", "centro_nombre": "SAN FRANCISCO DE ASIS", "centro_tipo_descripcion": "CENTRO PRIVADO DE EDUCACIÓN INFANTIL, PRIMARIA Y SECUNDARIA", "centro_titularidad": "PRIVADO CONCERTADO", "centro_titular": "FRANCISCANAS DE LOS SAGRADOS CORAZONES", "municipio_nombre": "Madrid", "distrito_nombre": "Chamartín", "direccion_coor_x": 442277.0, "direccion_coor_y": 4478038.0, "ARTE": 0, "DANZA": 0, "EDUCACIONADULTA": 0, "EDUCACIONESPECIAL": 0, "FORMACIONPROFESIONAL": 0, "HOSPITALARIA": 0, "IDIOMAS": 0, "INFANTIL": 1, "MILITAR": 0, "MUSICA": 0, "OTRO": 0, "OTRONOEDUCATIVO": 0, "PENITENCIARIO": 0, "PRIMARIA": 1, "SECUNDARIA": 1, "SUPERIOR": 0, "UNIVERSITARIO": 0 }, "geometry": { "type": "Point", "coordinates": [ 3161945.665273142978549, 2033232.473170178709552 ] } },
{ "type": "Feature", "properties": { "centro_codigo": "28014065", "centro_nombre": "COLEGIO SEI SAN JOSÉ", "centro_tipo_descripcion": "CENTRO PRIVADO DE EDUCACIÓN INFANTIL, PRIMARIA Y SECUNDARIA", "centro_titularidad": "PRIVADO CONCERTADO", "centro_titular": "UNION DE CENTROS DE ENSEÑANZA S.A.", "municipio_nombre": "Madrid", "distrito_nombre": "Puente de Vallecas", "direccion_coor_x": 444356.0, "direccion_coor_y": 4471035.0, "ARTE": 0, "DANZA": 0, "EDUCACIONADULTA": 0, "EDUCACIONESPECIAL": 0, "FORMACIONPROFESIONAL": 0, "HOSPITALARIA": 0, "IDIOMAS": 0, "INFANTIL": 1, "MILITAR": 0, "MUSICA": 0, "OTRO": 0, "OTRONOEDUCATIVO": 0, "PENITENCIARIO": 0, "PRIMARIA": 1, "SECUNDARIA": 1, "SUPERIOR": 0, "UNIVERSITARIO": 0 }, "geometry": { "type": "Point", "coordinates": [ 3162902.554022202268243, 2025972.185058039613068 ] } },
{ "type": "Feature", "properties": { "centro_codigo": "28014107", "centro_nombre": "SAN JOSE DE BEGOÑA", "centro_tipo_descripcion": "CENTRO PRIVADO DE EDUCACIÓN PRIMARIA Y SECUNDARIA", "centro_titularidad": "PRIVADO CONCERTADO", "centro_titular": "PADRES CARMELITAS, PROVINCIA BETICA", "municipio_nombre": "Madrid", "distrito_nombre": "Fuencarral-El Pardo", "direccion_coor_x": 441775.0, "direccion_coor_y": 4481800.0, "ARTE": 0, "DANZA": 0, "EDUCACIONADULTA": 0, "EDUCACIONESPECIAL": 0, "FORMACIONPROFESIONAL": 0, "HOSPITALARIA": 0, "IDIOMAS": 0, "INFANTIL": 0, "MILITAR": 0, "MUSICA": 0, "OTRO": 0, "OTRONOEDUCATIVO": 0, "PENITENCIARIO": 0, "PRIMARIA": 1, "SECUNDARIA": 1, "SUPERIOR": 0, "UNIVERSITARIO": 0 }, "geometry": { "type": "Point", "coordinates": [ 3162039.549280386418104, 2037026.452581079211086 ] } },
{ "type": "Feature", "properties": { "centro_codigo": "28014119", "centro_nombre": "SAN JOSE DEL PARQUE", "centro_tipo_descripcion": "CENTRO PRIVADO DE EDUCACIÓN INFANTIL, PRIMARIA Y SECUNDARIA", "centro_titularidad": "PRIVADO", "centro_titular": "HNOS. MARISTAS", "municipio_nombre": "Madrid", "distrito_nombre": "Hortaleza", "direccion_coor_x": 445823.0, "direccion_coor_y": 4477916.0, "ARTE": 0, "DANZA": 0, "EDUCACIONADULTA": 0, "EDUCACIONESPECIAL": 0, "FORMACIONPROFESIONAL": 0, "HOSPITALARIA": 0, "IDIOMAS": 0, "INFANTIL": 1, "MILITAR": 0, "MUSICA": 0, "OTRO": 0, "OTRONOEDUCATIVO": 0, "PENITENCIARIO": 0, "PRIMARIA": 1, "SECUNDARIA": 1, "SUPERIOR": 0, "UNIVERSITARIO": 0 }, "geometry": { "type": "Point", "coordinates": [ 3165430.13139889203012, 2032498.734171853400767 ] } },
{ "type": "Feature", "properties": { "centro_codigo": "28014193", "centro_nombre": "SALESIANOS PASEO DE EXTREMADURA", "centro_tipo_descripcion": "CENTRO PRIVADO DE EDUCACIÓN INFANTIL, PRIMARIA Y SECUNDARIA", "centro_titularidad": "PRIVADO CONCERTADO", "centro_titular": "RELIGIOSOS SALESIANOS DE SAN JUAN BOSCO", "municipio_nombre": "Madrid", "distrito_nombre": "Latina", "direccion_coor_x": 437682.0, "direccion_coor_y": 4473560.0, "ARTE": 0, "DANZA": 0, "EDUCACIONADULTA": 0, "EDUCACIONESPECIAL": 0, "FORMACIONPROFESIONAL": 0, "HOSPITALARIA": 0, "IDIOMAS": 0, "INFANTIL": 1, "MILITAR": 0, "MUSICA": 0, "OTRO": 0, "OTRONOEDUCATIVO": 0, "PENITENCIARIO": 0, "PRIMARIA": 1, "SECUNDARIA": 1, "SUPERIOR": 0, "UNIVERSITARIO": 0 }, "geometry": { "type": "Point", "coordinates": [ 3156703.858274906873703, 2029615.31471173488535 ] } },
{ "type": "Feature", "properties": { "centro_codigo": "28014235", "centro_nombre": "SAN PEDRO", "centro_tipo_descripcion": "CENTRO PRIVADO DE EDUCACIÓN INFANTIL, PRIMARIA Y SECUNDARIA", "centro_titularidad": "PRIVADO CONCERTADO", "centro_titular": "COLEGIO SAN PEDRO S.L.", "municipio_nombre": "Madrid", "distrito_nombre": "Villaverde", "direccion_coor_x": 441480.0, "direccion_coor_y": 4466943.0, "ARTE": 0, "DANZA": 0, "EDUCACIONADULTA": 0, "EDUCACIONESPECIAL": 0, "FORMACIONPROFESIONAL": 0, "HOSPITALARIA": 0, "IDIOMAS": 0, "INFANTIL": 1, "MILITAR": 0, "MUSICA": 0, "OTRO": 0, "OTRONOEDUCATIVO": 0, "PENITENCIARIO": 0, "PRIMARIA": 1, "SECUNDARIA": 1, "SUPERIOR": 0, "UNIVERSITARIO": 0 }, "geometry": { "type": "Point", "coordinates": [ 3159419.967693814542145, 2022437.749794139061123 ] } },
{ "type": "Feature", "properties": { "centro_codigo": "28014363", "centro_nombre": "SANTA CATALINA DE SENA", "centro_tipo_descripcion": "CENTRO PRIVADO DE EDUCACIÓN INFANTIL, PRIMARIA Y SECUNDARIA", "centro_titularidad": "PRIVADO CONCERTADO", "centro_titular": "FUNDACION EDUCATIVA FRANCISCO COLL", "municipio_nombre": "Madrid", "distrito_nombre": "Chamartín", "direccion_coor_x": 442945.0, "direccion_coor_y": 4479085.0, "ARTE": 0, "DANZA": 0, "EDUCACIONADULTA": 0, "EDUCACIONESPECIAL": 0, "FORMACIONPROFESIONAL": 0, "HOSPITALARIA": 0, "IDIOMAS": 0, "INFANTIL": 1, "MILITAR": 0, "MUSICA": 0, "OTRO": 0, "OTRONOEDUCATIVO": 0, "PENITENCIARIO": 0, "PRIMARIA": 1, "SECUNDARIA": 1, "SUPERIOR": 0, "UNIVERSITARIO": 0 }, "geometry": { "type": "Point", "coordinates": [ 3162769.794978132471442, 2034148.584644622635096 ] } },
{ "type": "Feature", "properties": { "centro_codigo": "28014417", "centro_nombre": "SANTA FRANCISCA JAVIER CABRINI", "centro_tipo_descripcion": "CENTRO PRIVADO DE EDUCACIÓN INFANTIL, PRIMARIA Y SECUNDARIA", "centro_titularidad": "PRIVADO CONCERTADO", "centro_titular": "MISIONERAS DEL SAGRADO CORAZON DE JESUS", "municipio_nombre": "Madrid", "distrito_nombre": "Hortaleza", "direccion_coor_x": 445954.0, "direccion_coor_y": 4479484.0, "ARTE": 0, "DANZA": 0, "EDUCACIONADULTA": 0, "EDUCACIONESPECIAL": 0, "FORMACIONPROFESIONAL": 0, "HOSPITALARIA": 0, "IDIOMAS": 0, "INFANTIL": 1, "MILITAR": 0, "MUSICA": 0, "OTRO": 0, "OTRONOEDUCATIVO": 0, "PENITENCIARIO": 0, "PRIMARIA": 1, "SECUNDARIA": 1, "SUPERIOR": 0, "UNIVERSITARIO": 0 }, "geometry": { "type": "Point", "coordinates": [ 3165805.332636644132435, 2034021.162214417010546 ] } },
{ "type": "Feature", "properties": { "centro_codigo": "28014454", "centro_nombre": "SANTA ISABEL", "centro_tipo_descripcion": "CENTRO PRIVADO DE EDUCACIÓN INFANTIL, PRIMARIA Y SECUNDARIA", "centro_titularidad": "PRIVADO CONCERTADO", "centro_titular": "HIJAS DE LA CARIDAD DE SAN VICENTE DE PAUL", "municipio_nombre": "Madrid", "distrito_nombre": "Centro", "direccion_coor_x": 440818.0, "direccion_coor_y": 4475212.0, "ARTE": 0, "DANZA": 0, "EDUCACIONADULTA": 0, "EDUCACIONESPECIAL": 0, "FORMACIONPROFESIONAL": 0, "HOSPITALARIA": 0, "IDIOMAS": 0, "INFANTIL": 1, "MILITAR": 0, "MUSICA": 0, "OTRO": 0, "OTRONOEDUCATIVO": 0, "PENITENCIARIO": 0, "PRIMARIA": 1, "SECUNDARIA": 1, "SUPERIOR": 0, "UNIVERSITARIO": 0 }, "geometry": { "type": "Point", "coordinates": [ 3160061.188170863315463, 2030700.272408008342609 ] } },
{ "type": "Feature", "properties": { "centro_codigo": "28014478", "centro_nombre": "FUNDACION SANTAMARCA", "centro_tipo_descripcion": "CENTRO PRIVADO DE EDUCACIÓN INFANTIL, PRIMARIA Y SECUNDARIA", "centro_titularidad": "PRIVADO CONCERTADO", "centro_titular": "FUNDACION DE SANTAMARCA Y DE SAN RAMON Y SAN ANTONIO (FSRA)", "municipio_nombre": "Madrid", "distrito_nombre": "Chamartín", "direccion_coor_x": 442855.0, "direccion_coor_y": 4477885.0, "ARTE": 0, "DANZA": 0, "EDUCACIONADULTA": 0, "EDUCACIONESPECIAL": 0, "FORMACIONPROFESIONAL": 0, "HOSPITALARIA": 0, "IDIOMAS": 0, "INFANTIL": 1, "MILITAR": 0, "MUSICA": 0, "OTRO": 0, "OTRONOEDUCATIVO": 0, "PENITENCIARIO": 0, "PRIMARIA": 1, "SECUNDARIA": 1, "SUPERIOR": 0, "UNIVERSITARIO": 0 }, "geometry": { "type": "Point", "coordinates": [ 3162492.759178191423416, 2032981.683738384628668 ] } },
{ "type": "Feature", "properties": { "centro_codigo": "28014491", "centro_nombre": "SANTA MARIA DEL BOSQUE", "centro_tipo_descripcion": "CENTRO PRIVADO DE EDUCACIÓN INFANTIL, PRIMARIA Y SECUNDARIA", "centro_titularidad": "PRIVADO CONCERTADO", "centro_titular": "ESCOLAR CERVERA, S.A.", "municipio_nombre": "Madrid", "distrito_nombre": "Carabanchel", "direccion_coor_x": 437665.0, "direccion_coor_y": 4471096.0, "ARTE": 0, "DANZA": 0, "EDUCACIONADULTA": 0, "EDUCACIONESPECIAL": 0, "FORMACIONPROFESIONAL": 0, "HOSPITALARIA": 0, "IDIOMAS": 0, "INFANTIL": 1, "MILITAR": 0, "MUSICA": 0, "OTRO": 0, "OTRONOEDUCATIVO": 0, "PENITENCIARIO": 0, "PRIMARIA": 1, "SECUNDARIA": 1, "SUPERIOR": 0, "UNIVERSITARIO": 0 }, "geometry": { "type": "Point", "coordinates": [ 3156300.951260424219072, 2027190.285423118853942 ] } },
{ "type": "Feature", "properties": { "centro_codigo": "28014508", "centro_nombre": "SANTA MARIA DEL CARMEN", "centro_tipo_descripcion": "CENTRO PRIVADO DE EDUCACIÓN INFANTIL, PRIMARIA Y SECUNDARIA", "centro_titularidad": "PRIVADO CONCERTADO", "centro_titular": "CONGREGACION PADRES CARMELITAS", "municipio_nombre": "Madrid", "distrito_nombre": "Ciudad Lineal", "direccion_coor_x": 445520.0, "direccion_coor_y": 4476934.0, "ARTE": 0, "DANZA": 0, "EDUCACIONADULTA": 0, "EDUCACIONESPECIAL": 0, "FORMACIONPROFESIONAL": 0, "HOSPITALARIA": 0, "IDIOMAS": 0, "INFANTIL": 1, "MILITAR": 0, "MUSICA": 0, "OTRO": 0, "OTRONOEDUCATIVO": 0, "PENITENCIARIO": 0, "PRIMARIA": 1, "SECUNDARIA": 1, "SUPERIOR": 0, "UNIVERSITARIO": 0 }, "geometry": { "type": "Point", "coordinates": [ 3164976.85102669801563, 2031583.501890084706247 ] } },
{ "type": "Feature", "properties": { "centro_codigo": "28014511", "centro_nombre": "SANTA MARIA DE LOS ROSALES", "centro_tipo_descripcion": "CENTRO PRIVADO DE EDUCACIÓN INFANTIL, PRIMARIA Y SECUNDARIA", "centro_titularidad": "PRIVADO", "centro_titular": "ESTUDIOS GENERALES S.A.", "municipio_nombre": "Madrid", "distrito_nombre": "Moncloa-Aravaca", "direccion_coor_x": 434549.0, "direccion_coor_y": 4478395.0, "ARTE": 0, "DANZA": 0, "EDUCACIONADULTA": 0, "EDUCACIONESPECIAL": 0, "FORMACIONPROFESIONAL": 0, "HOSPITALARIA": 0, "IDIOMAS": 0, "INFANTIL": 1, "MILITAR": 0, "MUSICA": 0, "OTRO": 0, "OTRONOEDUCATIVO": 0, "PENITENCIARIO": 0, "PRIMARIA": 1, "SECUNDARIA": 1, "SUPERIOR": 0, "UNIVERSITARIO": 0 }, "geometry": { "type": "Point", "coordinates": [ 3154366.575815248303115, 2034922.357391676167026 ] } },
{ "type": "Feature", "properties": { "centro_codigo": "28014533", "centro_nombre": "SANTA RITA", "centro_tipo_descripcion": "CENTRO PRIVADO DE EDUCACIÓN INFANTIL, PRIMARIA Y SECUNDARIA", "centro_titularidad": "PRIVADO CONCERTADO", "centro_titular": "PADRES TERCIARIOS CAPUCHINOS", "municipio_nombre": "Madrid", "distrito_nombre": "Carabanchel", "direccion_coor_x": 436801.0, "direccion_coor_y": 4470285.0, "ARTE": 0, "DANZA": 0, "EDUCACIONADULTA": 0, "EDUCACIONESPECIAL": 0, "FORMACIONPROFESIONAL": 0, "HOSPITALARIA": 0, "IDIOMAS": 0, "INFANTIL": 1, "MILITAR": 0, "MUSICA": 0, "OTRO": 0, "OTRONOEDUCATIVO": 0, "PENITENCIARIO": 0, "PRIMARIA": 1, "SECUNDARIA": 1, "SUPERIOR": 0, "UNIVERSITARIO": 0 }, "geometry": { "type": "Point", "coordinates": [ 3155320.230595777742565, 2026540.754438130417839 ] } },
{ "type": "Feature", "properties": { "centro_codigo": "28014570", "centro_nombre": "SAN GABRIEL", "centro_tipo_descripcion": "CENTRO PRIVADO DE EDUCACIÓN INFANTIL, PRIMARIA Y SECUNDARIA", "centro_titularidad": "PRIVADO CONCERTADO", "centro_titular": "HNOS. DE SAN GABRIEL", "municipio_nombre": "Madrid", "distrito_nombre": "Carabanchel", "direccion_coor_x": 436432.0, "direccion_coor_y": 4469951.0, "ARTE": 0, "DANZA": 0, "EDUCACIONADULTA": 0, "EDUCACIONESPECIAL": 0, "FORMACIONPROFESIONAL": 0, "HOSPITALARIA": 0, "IDIOMAS": 0, "INFANTIL": 1, "MILITAR": 0, "MUSICA": 0, "OTRO": 0, "OTRONOEDUCATIVO": 0, "PENITENCIARIO": 0, "PRIMARIA": 1, "SECUNDARIA": 1, "SUPERIOR": 0, "UNIVERSITARIO": 0 }, "geometry": { "type": "Point", "coordinates": [ 3154903.320568086579442, 2026275.539369323756546 ] } },
{ "type": "Feature", "properties": { "centro_codigo": "28014612", "centro_nombre": "SANTO ANGEL", "centro_tipo_descripcion": "CENTRO PRIVADO DE INFANTIL Y SECUNDARIA", "centro_titularidad": "PRIVADO", "centro_titular": "SABS EDUCATION MADRID, S.L.", "municipio_nombre": "Madrid", "distrito_nombre": "Moratalaz", "direccion_coor_x": 445378.0, "direccion_coor_y": 4472159.0, "ARTE": 0, "DANZA": 0, "EDUCACIONADULTA": 0, "EDUCACIONESPECIAL": 0, "FORMACIONPROFESIONAL": 0, "HOSPITALARIA": 0, "IDIOMAS": 0, "INFANTIL": 1, "MILITAR": 0, "MUSICA": 0, "OTRO": 0, "OTRONOEDUCATIVO": 0, "PENITENCIARIO": 0, "PRIMARIA": 0, "SECUNDARIA": 1, "SUPERIOR": 0, "UNIVERSITARIO": 0 }, "geometry": { "type": "Point", "coordinates": [ 3164088.443180919624865, 2026902.936897294363007 ] } },
{ "type": "Feature", "properties": { "centro_codigo": "28014648", "centro_nombre": "SANTO DOMINGO", "centro_tipo_descripcion": "CENTRO PRIVADO DE EDUCACIÓN INFANTIL, PRIMARIA Y SECUNDARIA", "centro_titularidad": "PRIVADO CONCERTADO", "centro_titular": "FUNDACION EDUCATIVA SANTO DOMINGO", "municipio_nombre": "Madrid", "distrito_nombre": "Moncloa-Aravaca", "direccion_coor_x": 439370.0, "direccion_coor_y": 4477503.0, "ARTE": 0, "DANZA": 0, "EDUCACIONADULTA": 0, "EDUCACIONESPECIAL": 0, "FORMACIONPROFESIONAL": 0, "HOSPITALARIA": 0, "IDIOMAS": 0, "INFANTIL": 1, "MILITAR": 0, "MUSICA": 0, "OTRO": 0, "OTRONOEDUCATIVO": 0, "PENITENCIARIO": 0, "PRIMARIA": 1, "SECUNDARIA": 1, "SUPERIOR": 0, "UNIVERSITARIO": 0 }, "geometry": { "type": "Point", "coordinates": [ 3158989.662661232054234, 2033208.462929878616706 ] } },
{ "type": "Feature", "properties": { "centro_codigo": "28014651", "centro_nombre": "SANTO DOMINGO SAVIO", "centro_tipo_descripcion": "CENTRO PRIVADO DE EDUCACIÓN PRIMARIA Y SECUNDARIA", "centro_titularidad": "PRIVADO CONCERTADO", "centro_titular": "SALESIANOS MADRID SANTO DOMINGO SAVIO", "municipio_nombre": "Madrid", "distrito_nombre": "Ciudad Lineal", "direccion_coor_x": 446202.0, "direccion_coor_y": 4475721.0, "ARTE": 0, "DANZA": 0, "EDUCACIONADULTA": 0, "EDUCACIONESPECIAL": 0, "FORMACIONPROFESIONAL": 0, "HOSPITALARIA": 0, "IDIOMAS": 0, "INFANTIL": 0, "MILITAR": 0, "MUSICA": 0, "OTRO": 0, "OTRONOEDUCATIVO": 0, "PENITENCIARIO": 0, "PRIMARIA": 1, "SECUNDARIA": 1, "SUPERIOR": 0, "UNIVERSITARIO": 0 }, "geometry": { "type": "Point", "coordinates": [ 3165460.643748207949102, 2030270.27552848146297 ] } },
{ "type": "Feature", "properties": { "centro_codigo": "28014685", "centro_nombre": "COLEGIO SENARA", "centro_tipo_descripcion": "CENTRO PRIVADO DE EDUCACIÓN INFANTIL, PRIMARIA Y SECUNDARIA", "centro_titularidad": "PRIVADO CONCERTADO", "centro_titular": "SECULSA (ENSEÑANZA Y CULTURA S.A.)", "municipio_nombre": "Madrid", "distrito_nombre": "Moratalaz", "direccion_coor_x": 445375.0, "direccion_coor_y": 4473289.0, "ARTE": 0, "DANZA": 0, "EDUCACIONADULTA": 0, "EDUCACIONESPECIAL": 0, "FORMACIONPROFESIONAL": 0, "HOSPITALARIA": 0, "IDIOMAS": 0, "INFANTIL": 1, "MILITAR": 0, "MUSICA": 0, "OTRO": 0, "OTRONOEDUCATIVO": 0, "PENITENCIARIO": 0, "PRIMARIA": 1, "SECUNDARIA": 1, "SUPERIOR": 0, "UNIVERSITARIO": 0 }, "geometry": { "type": "Point", "coordinates": [ 3164262.480863278731704, 2028016.909746105317026 ] } },
{ "type": "Feature", "properties": { "centro_codigo": "28014867", "centro_nombre": "VEDRUNA", "centro_tipo_descripcion": "CENTRO PRIVADO DE EDUCACIÓN INFANTIL, PRIMARIA Y SECUNDARIA", "centro_titularidad": "PRIVADO CONCERTADO", "centro_titular": "FUNDACION VEDRUNA EDUCACION", "municipio_nombre": "Madrid", "distrito_nombre": "Carabanchel", "direccion_coor_x": 436944.0, "direccion_coor_y": 4470672.0, "ARTE": 0, "DANZA": 0, "EDUCACIONADULTA": 0, "EDUCACIONESPECIAL": 0, "FORMACIONPROFESIONAL": 0, "HOSPITALARIA": 0, "IDIOMAS": 0, "INFANTIL": 1, "MILITAR": 0, "MUSICA": 0, "OTRO": 0, "OTRONOEDUCATIVO": 0, "PENITENCIARIO": 0, "PRIMARIA": 1, "SECUNDARIA": 1, "SUPERIOR": 0, "UNIVERSITARIO": 0 }, "geometry": { "type": "Point", "coordinates": [ 3155522.151803613174707, 2026897.330896216677502 ] } },
{ "type": "Feature", "properties": { "centro_codigo": "28014910", "centro_nombre": "VIRGEN DE ATOCHA", "centro_tipo_descripcion": "CENTRO PRIVADO DE EDUCACIÓN INFANTIL, PRIMARIA Y SECUNDARIA", "centro_titularidad": "PRIVADO CONCERTADO", "centro_titular": "FUNDACION EDUCATIVA SANTO DOMINGO", "municipio_nombre": "Madrid", "distrito_nombre": "Retiro", "direccion_coor_x": 441940.0, "direccion_coor_y": 4473004.0, "ARTE": 0, "DANZA": 0, "EDUCACIONADULTA": 0, "EDUCACIONESPECIAL": 0, "FORMACIONPROFESIONAL": 0, "HOSPITALARIA": 0, "IDIOMAS": 0, "INFANTIL": 1, "MILITAR": 0, "MUSICA": 0, "OTRO": 0, "OTRONOEDUCATIVO": 0, "PENITENCIARIO": 0, "PRIMARIA": 1, "SECUNDARIA": 1, "SUPERIOR": 0, "UNIVERSITARIO": 0 }, "geometry": { "type": "Point", "coordinates": [ 3160823.783114133868366, 2028330.377599978120998 ] } },
{ "type": "Feature", "properties": { "centro_codigo": "28014958", "centro_nombre": "COLEGIO VIRGEN DE MIRASIERRA", "centro_tipo_descripcion": "CENTRO PRIVADO DE EDUCACIÓN INFANTIL, PRIMARIA Y SECUNDARIA", "centro_titularidad": "PRIVADO CONCERTADO", "centro_titular": "CONGREGACION SAGRADOS CORAZONES", "municipio_nombre": "Madrid", "distrito_nombre": "Fuencarral-El Pardo", "direccion_coor_x": 439485.0, "direccion_coor_y": 4481759.0, "ARTE": 0, "DANZA": 0, "EDUCACIONADULTA": 0, "EDUCACIONESPECIAL": 0, "FORMACIONPROFESIONAL": 0, "HOSPITALARIA": 0, "IDIOMAS": 0, "INFANTIL": 1, "MILITAR": 0, "MUSICA": 0, "OTRO": 0, "OTRONOEDUCATIVO": 0, "PENITENCIARIO": 0, "PRIMARIA": 1, "SECUNDARIA": 1, "SUPERIOR": 0, "UNIVERSITARIO": 0 }, "geometry": { "type": "Point", "coordinates": [ 3159770.672735152766109, 2037382.468414325499907 ] } },
{ "type": "Feature", "properties": { "centro_codigo": "28015033", "centro_nombre": "COLEGIO SAN PEDRO APOSTOL", "centro_tipo_descripcion": "CENTRO PRIVADO DE EDUCACIÓN INFANTIL, PRIMARIA Y SECUNDARIA", "centro_titularidad": "PRIVADO CONCERTADO", "centro_titular": "ARZOBISPADO DE MADRID", "municipio_nombre": "Madrid", "distrito_nombre": "Barajas", "direccion_coor_x": 450135.0, "direccion_coor_y": 4479823.0, "ARTE": 0, "DANZA": 0, "EDUCACIONADULTA": 0, "EDUCACIONESPECIAL": 0, "FORMACIONPROFESIONAL": 0, "HOSPITALARIA": 0, "IDIOMAS": 0, "INFANTIL": 1, "MILITAR": 0, "MUSICA": 0, "OTRO": 0, "OTRONOEDUCATIVO": 0, "PENITENCIARIO": 0, "PRIMARIA": 1, "SECUNDARIA": 1, "SUPERIOR": 0, "UNIVERSITARIO": 0 }, "geometry": { "type": "Point", "coordinates": [ 3169989.582209520973265, 2033632.184323559049517 ] } },
{ "type": "Feature", "properties": { "centro_codigo": "28015094", "centro_nombre": "CENTRO CULTURAL ELFO", "centro_tipo_descripcion": "CENTRO PRIVADO DE EDUCACIÓN INFANTIL, PRIMARIA Y SECUNDARIA", "centro_titularidad": "PRIVADO CONCERTADO", "centro_titular": "CENTRO CULTURAL ELFO, SDA. COOP. MADRILEÑA", "municipio_nombre": "Madrid", "distrito_nombre": "Ciudad Lineal", "direccion_coor_x": 444968.0, "direccion_coor_y": 4476145.0, "ARTE": 0, "DANZA": 0, "EDUCACIONADULTA": 0, "EDUCACIONESPECIAL": 0, "FORMACIONPROFESIONAL": 0, "HOSPITALARIA": 0, "IDIOMAS": 0, "INFANTIL": 1, "MILITAR": 0, "MUSICA": 0, "OTRO": 0, "OTRONOEDUCATIVO": 0, "PENITENCIARIO": 0, "PRIMARIA": 1, "SECUNDARIA": 1, "SUPERIOR": 0, "UNIVERSITARIO": 0 }, "geometry": { "type": "Point", "coordinates": [ 3164307.797154627740383, 2030901.5266111001838 ] } },
{ "type": "Feature", "properties": { "centro_codigo": "28015100", "centro_nombre": "STELLA MARIS", "centro_tipo_descripcion": "CENTRO PRIVADO DE EDUCACIÓN INFANTIL, PRIMARIA Y SECUNDARIA", "centro_titularidad": "PRIVADO CONCERTADO", "centro_titular": "FUNDACION EDUCATIVA SANTO DOMINGO", "municipio_nombre": "Madrid", "distrito_nombre": "Ciudad Lineal", "direccion_coor_x": 445144.0, "direccion_coor_y": 4477367.0, "ARTE": 0, "DANZA": 0, "EDUCACIONADULTA": 0, "EDUCACIONESPECIAL": 0, "FORMACIONPROFESIONAL": 0, "HOSPITALARIA": 0, "IDIOMAS": 0, "INFANTIL": 1, "MILITAR": 0, "MUSICA": 0, "OTRO": 0, "OTRONOEDUCATIVO": 0, "PENITENCIARIO": 0, "PRIMARIA": 1, "SECUNDARIA": 1, "SUPERIOR": 0, "UNIVERSITARIO": 0 }, "geometry": { "type": "Point", "coordinates": [ 3164673.198262880556285, 2032075.214618885191157 ] } },
{ "type": "Feature", "properties": { "centro_codigo": "28015124", "centro_nombre": "COLEGIO SANTA MARIA DEL CAMINO", "centro_tipo_descripcion": "CENTRO PRIVADO DE EDUCACIÓN INFANTIL, PRIMARIA Y SECUNDARIA", "centro_titularidad": "PRIVADO", "centro_titular": "COLEGIO SANTA MARIA DEL CAMINO S.L. UNIPERSONAL", "municipio_nombre": "Madrid", "distrito_nombre": "Moncloa-Aravaca", "direccion_coor_x": 437662.0, "direccion_coor_y": 4480009.0, "ARTE": 0, "DANZA": 0, "EDUCACIONADULTA": 0, "EDUCACIONESPECIAL": 0, "FORMACIONPROFESIONAL": 0, "HOSPITALARIA": 0, "IDIOMAS": 0, "INFANTIL": 1, "MILITAR": 0, "MUSICA": 0, "OTRO": 0, "OTRONOEDUCATIVO": 0, "PENITENCIARIO": 0, "PRIMARIA": 1, "SECUNDARIA": 1, "SUPERIOR": 0, "UNIVERSITARIO": 0 }, "geometry": { "type": "Point", "coordinates": [ 3157695.162242989521474, 2035973.638412787346169 ] } },
{ "type": "Feature", "properties": { "centro_codigo": "28015136", "centro_nombre": "COLEGIO INTERNACIONAL NICOLI", "centro_tipo_descripcion": "CENTRO PRIVADO DE EDUCACIÓN INFANTIL, PRIMARIA Y SECUNDARIA", "centro_titularidad": "PRIVADO CONCERTADO", "centro_titular": "FUNDACIÓN ESCUELA DE LOS OFICIOS", "municipio_nombre": "Madrid", "distrito_nombre": "Chamberí", "direccion_coor_x": 441020.0, "direccion_coor_y": 4476003.0, "ARTE": 0, "DANZA": 0, "EDUCACIONADULTA": 0, "EDUCACIONESPECIAL": 0, "FORMACIONPROFESIONAL": 0, "HOSPITALARIA": 0, "IDIOMAS": 0, "INFANTIL": 1, "MILITAR": 0, "MUSICA": 0, "OTRO": 0, "OTRONOEDUCATIVO": 0, "PENITENCIARIO": 0, "PRIMARIA": 1, "SECUNDARIA": 1, "SUPERIOR": 0, "UNIVERSITARIO": 0 }, "geometry": { "type": "Point", "coordinates": [ 3160384.74200205411762, 2031444.750347324181348 ] } },
{ "type": "Feature", "properties": { "centro_codigo": "28015148", "centro_nombre": "CLARET", "centro_tipo_descripcion": "CENTRO PRIVADO DE EDUCACIÓN INFANTIL, PRIMARIA Y SECUNDARIA", "centro_titularidad": "PRIVADO CONCERTADO", "centro_titular": "MISIONEROS CLARETIANOS", "municipio_nombre": "Madrid", "distrito_nombre": "Chamartín", "direccion_coor_x": 442995.0, "direccion_coor_y": 4476861.0, "ARTE": 0, "DANZA": 0, "EDUCACIONADULTA": 0, "EDUCACIONESPECIAL": 0, "FORMACIONPROFESIONAL": 0, "HOSPITALARIA": 0, "IDIOMAS": 0, "INFANTIL": 1, "MILITAR": 0, "MUSICA": 0, "OTRO": 0, "OTRONOEDUCATIVO": 0, "PENITENCIARIO": 0, "PRIMARIA": 1, "SECUNDARIA": 1, "SUPERIOR": 0, "UNIVERSITARIO": 0 }, "geometry": { "type": "Point", "coordinates": [ 3162470.580048691015691, 2031948.418630057247356 ] } },
{ "type": "Feature", "properties": { "centro_codigo": "28015291", "centro_nombre": "LICEO IBERICO", "centro_tipo_descripcion": "CENTRO PRIVADO DE EDUCACIÓN INFANTIL, PRIMARIA Y SECUNDARIA", "centro_titularidad": "PRIVADO CONCERTADO", "centro_titular": "SDAD. COOP. DE ENSEÑANZA ARGANZUELA, SDAD. COOP. MADRILEÑA", "municipio_nombre": "Madrid", "distrito_nombre": "Carabanchel", "direccion_coor_x": 439708.0, "direccion_coor_y": 4471771.0, "ARTE": 0, "DANZA": 0, "EDUCACIONADULTA": 0, "EDUCACIONESPECIAL": 0, "FORMACIONPROFESIONAL": 0, "HOSPITALARIA": 0, "IDIOMAS": 0, "INFANTIL": 1, "MILITAR": 0, "MUSICA": 0, "OTRO": 0, "OTRONOEDUCATIVO": 0, "PENITENCIARIO": 0, "PRIMARIA": 1, "SECUNDARIA": 1, "SUPERIOR": 0, "UNIVERSITARIO": 0 }, "geometry": { "type": "Point", "coordinates": [ 3158425.269108795095235, 2027501.72174645960331 ] } },
{ "type": "Feature", "properties": { "centro_codigo": "28015392", "centro_nombre": "AGRUPACION ESCOLAR EUROPA", "centro_tipo_descripcion": "CENTRO PRIVADO DE EDUCACIÓN INFANTIL, PRIMARIA Y SECUNDARIA", "centro_titularidad": "PRIVADO CONCERTADO", "centro_titular": "EUROPA VILLAVERDE, SOC.COOP.LDA.", "municipio_nombre": "Madrid", "distrito_nombre": "Villaverde", "direccion_coor_x": 442206.0, "direccion_coor_y": 4466963.0, "ARTE": 0, "DANZA": 0, "EDUCACIONADULTA": 0, "EDUCACIONESPECIAL": 0, "FORMACIONPROFESIONAL": 0, "HOSPITALARIA": 0, "IDIOMAS": 0, "INFANTIL": 1, "MILITAR": 0, "MUSICA": 0, "OTRO": 0, "OTRONOEDUCATIVO": 0, "PENITENCIARIO": 0, "PRIMARIA": 1, "SECUNDARIA": 1, "SUPERIOR": 0, "UNIVERSITARIO": 0 }, "geometry": { "type": "Point", "coordinates": [ 3160140.469487874303013, 2022331.832720837322995 ] } },
{ "type": "Feature", "properties": { "centro_codigo": "28015471", "centro_nombre": "SAN AGUSTIN", "centro_tipo_descripcion": "CENTRO PRIVADO DE EDUCACIÓN INFANTIL, PRIMARIA Y SECUNDARIA", "centro_titularidad": "PRIVADO CONCERTADO", "centro_titular": "PADRES AGUSTINOS", "municipio_nombre": "Madrid", "distrito_nombre": "Chamartín", "direccion_coor_x": 441759.0, "direccion_coor_y": 4478430.0, "ARTE": 0, "DANZA": 0, "EDUCACIONADULTA": 0, "EDUCACIONESPECIAL": 0, "FORMACIONPROFESIONAL": 0, "HOSPITALARIA": 0, "IDIOMAS": 0, "INFANTIL": 1, "MILITAR": 0, "MUSICA": 0, "OTRO": 0, "OTRONOEDUCATIVO": 0, "PENITENCIARIO": 0, "PRIMARIA": 1, "SECUNDARIA": 1, "SUPERIOR": 0, "UNIVERSITARIO": 0 }, "geometry": { "type": "Point", "coordinates": [ 3161495.325487901456654, 2033708.396869412157685 ] } },
{ "type": "Feature", "properties": { "centro_codigo": "28015495", "centro_nombre": "VALDELUZ", "centro_tipo_descripcion": "CENTRO PRIVADO DE EDUCACIÓN INFANTIL, PRIMARIA Y SECUNDARIA", "centro_titularidad": "PRIVADO CONCERTADO", "centro_titular": "PROVINCIA AGUSTINIANA MATRITENSE-PADRES AGUSTINOS", "municipio_nombre": "Madrid", "distrito_nombre": "Fuencarral-El Pardo", "direccion_coor_x": 440013.0, "direccion_coor_y": 4481602.0, "ARTE": 0, "DANZA": 0, "EDUCACIONADULTA": 0, "EDUCACIONESPECIAL": 0, "FORMACIONPROFESIONAL": 0, "HOSPITALARIA": 0, "IDIOMAS": 0, "INFANTIL": 1, "MILITAR": 0, "MUSICA": 0, "OTRO": 0, "OTRONOEDUCATIVO": 0, "PENITENCIARIO": 0, "PRIMARIA": 1, "SECUNDARIA": 1, "SUPERIOR": 0, "UNIVERSITARIO": 0 }, "geometry": { "type": "Point", "coordinates": [ 3160267.690268884412944, 2037136.345351642696187 ] } },
{ "type": "Feature", "properties": { "centro_codigo": "28015550", "centro_nombre": "AZORIN", "centro_tipo_descripcion": "CENTRO PRIVADO DE EDUCACIÓN INFANTIL, PRIMARIA Y SECUNDARIA", "centro_titularidad": "PRIVADO CONCERTADO", "centro_titular": "C.ANDRES VELA-J.M. ZABALA DEL OJO-L.ANDRES VELA", "municipio_nombre": "Madrid", "distrito_nombre": "Hortaleza", "direccion_coor_x": 445109.0, "direccion_coor_y": 4480624.0, "ARTE": 0, "DANZA": 0, "EDUCACIONADULTA": 0, "EDUCACIONESPECIAL": 0, "FORMACIONPROFESIONAL": 0, "HOSPITALARIA": 0, "IDIOMAS": 0, "INFANTIL": 1, "MILITAR": 0, "MUSICA": 0, "OTRO": 0, "OTRONOEDUCATIVO": 0, "PENITENCIARIO": 0, "PRIMARIA": 1, "SECUNDARIA": 1, "SUPERIOR": 0, "UNIVERSITARIO": 0 }, "geometry": { "type": "Point", "coordinates": [ 3165149.153442372567952, 2035290.690446519758552 ] } },
{ "type": "Feature", "properties": { "centro_codigo": "28015562", "centro_nombre": "NUESTRA SEÑORA DE LA PROVIDENCIA", "centro_tipo_descripcion": "CENTRO PRIVADO DE EDUCACIÓN INFANTIL, PRIMARIA Y SECUNDARIA", "centro_titularidad": "PRIVADO CONCERTADO", "centro_titular": "RELIGIOSAS TEATINAS DE LA INMACULADA CONCEPCION", "municipio_nombre": "Madrid", "distrito_nombre": "Usera", "direccion_coor_x": 440338.0, "direccion_coor_y": 4471207.0, "ARTE": 0, "DANZA": 0, "EDUCACIONADULTA": 0, "EDUCACIONESPECIAL": 0, "FORMACIONPROFESIONAL": 0, "HOSPITALARIA": 0, "IDIOMAS": 0, "INFANTIL": 1, "MILITAR": 0, "MUSICA": 0, "OTRO": 0, "OTRONOEDUCATIVO": 0, "PENITENCIARIO": 0, "PRIMARIA": 1, "SECUNDARIA": 1, "SUPERIOR": 0, "UNIVERSITARIO": 0 }, "geometry": { "type": "Point", "coordinates": [ 3158959.383000280708075, 2026836.927060100017115 ] } },
{ "type": "Feature", "properties": { "centro_codigo": "28015586", "centro_nombre": "NUESTRA SEÑORA DE LA ESTRELLA", "centro_tipo_descripcion": "CENTRO PRIVADO DE EDUCACIÓN INFANTIL, PRIMARIA Y SECUNDARIA", "centro_titularidad": "PRIVADO CONCERTADO", "centro_titular": "CNS DE LA ESTRELLA, S.L.L.", "municipio_nombre": "Madrid", "distrito_nombre": "Puente de Vallecas", "direccion_coor_x": 443975.0, "direccion_coor_y": 4471702.0, "ARTE": 0, "DANZA": 0, "EDUCACIONADULTA": 0, "EDUCACIONESPECIAL": 0, "FORMACIONPROFESIONAL": 0, "HOSPITALARIA": 0, "IDIOMAS": 0, "INFANTIL": 1, "MILITAR": 0, "MUSICA": 0, "OTRO": 0, "OTRONOEDUCATIVO": 0, "PENITENCIARIO": 0, "PRIMARIA": 1, "SECUNDARIA": 1, "SUPERIOR": 0, "UNIVERSITARIO": 0 }, "geometry": { "type": "Point", "coordinates": [ 3162630.557557457592338, 2026695.327197500504553 ] } },
{ "type": "Feature", "properties": { "centro_codigo": "28015653", "centro_nombre": "OBISPO PERELLO", "centro_tipo_descripcion": "CENTRO PRIVADO DE EDUCACIÓN INFANTIL, PRIMARIA Y SECUNDARIA", "centro_titularidad": "PRIVADO CONCERTADO", "centro_titular": "MISIONEROS SAGRADOS CORAZONES", "municipio_nombre": "Madrid", "distrito_nombre": "Ciudad Lineal", "direccion_coor_x": 444963.0, "direccion_coor_y": 4476355.0, "ARTE": 0, "DANZA": 0, "EDUCACIONADULTA": 0, "EDUCACIONESPECIAL": 0, "FORMACIONPROFESIONAL": 0, "HOSPITALARIA": 0, "IDIOMAS": 0, "INFANTIL": 1, "MILITAR": 0, "MUSICA": 0, "OTRO": 0, "OTRONOEDUCATIVO": 0, "PENITENCIARIO": 0, "PRIMARIA": 1, "SECUNDARIA": 1, "SUPERIOR": 0, "UNIVERSITARIO": 0 }, "geometry": { "type": "Point", "coordinates": [ 3164335.764694683253765, 2031109.320866765920073 ] } },
{ "type": "Feature", "properties": { "centro_codigo": "28015756", "centro_nombre": "VALDEBERNARDO", "centro_tipo_descripcion": "INSTITUTO DE EDUCACIÓN SECUNDARIA", "centro_titularidad": "PÚBLICO", "centro_titular": "COMUNIDAD DE MADRID", "municipio_nombre": "Madrid", "distrito_nombre": "Vicálvaro", "direccion_coor_x": 447474.0, "direccion_coor_y": 4472917.0, "ARTE": 0, "DANZA": 0, "EDUCACIONADULTA": 0, "EDUCACIONESPECIAL": 0, "FORMACIONPROFESIONAL": 0, "HOSPITALARIA": 0, "IDIOMAS": 0, "INFANTIL": 0, "MILITAR": 0, "MUSICA": 0, "OTRO": 0, "OTRONOEDUCATIVO": 0, "PENITENCIARIO": 0, "PRIMARIA": 0, "SECUNDARIA": 1, "SUPERIOR": 0, "UNIVERSITARIO": 0 }, "geometry": { "type": "Point", "coordinates": [ 3166278.253971375524998, 2027287.339659840567037 ] } },
{ "type": "Feature", "properties": { "centro_codigo": "28015847", "centro_nombre": "EL CID", "centro_tipo_descripcion": "CENTRO PRIVADO DE EDUCACIÓN INFANTIL, PRIMARIA Y SECUNDARIA", "centro_titularidad": "PRIVADO CONCERTADO", "centro_titular": "COLEGIOS Y ACADEMIAS IPAVACHE, S.L.", "municipio_nombre": "Madrid", "distrito_nombre": "Vicálvaro", "direccion_coor_x": 448586.0, "direccion_coor_y": 4472769.0, "ARTE": 0, "DANZA": 0, "EDUCACIONADULTA": 0, "EDUCACIONESPECIAL": 0, "FORMACIONPROFESIONAL": 0, "HOSPITALARIA": 0, "IDIOMAS": 0, "INFANTIL": 1, "MILITAR": 0, "MUSICA": 0, "OTRO": 0, "OTRONOEDUCATIVO": 0, "PENITENCIARIO": 0, "PRIMARIA": 1, "SECUNDARIA": 1, "SUPERIOR": 0, "UNIVERSITARIO": 0 }, "geometry": { "type": "Point", "coordinates": [ 3167353.87461705878377, 2026949.23220651759766 ] } },
{ "type": "Feature", "properties": { "centro_codigo": "28015902", "centro_nombre": "DIVINA PASTORA", "centro_tipo_descripcion": "CENTRO PRIVADO DE EDUCACIÓN INFANTIL, PRIMARIA Y SECUNDARIA", "centro_titularidad": "PRIVADO CONCERTADO", "centro_titular": "FUNDACION EDUCATIVA FRANCISCANAS ANA MOGAS", "municipio_nombre": "Madrid", "distrito_nombre": "Chamberí", "direccion_coor_x": 440443.0, "direccion_coor_y": 4477261.0, "ARTE": 0, "DANZA": 0, "EDUCACIONADULTA": 0, "EDUCACIONESPECIAL": 0, "FORMACIONPROFESIONAL": 0, "HOSPITALARIA": 0, "IDIOMAS": 0, "INFANTIL": 1, "MILITAR": 0, "MUSICA": 0, "OTRO": 0, "OTRONOEDUCATIVO": 0, "PENITENCIARIO": 0, "PRIMARIA": 1, "SECUNDARIA": 1, "SUPERIOR": 0, "UNIVERSITARIO": 0 }, "geometry": { "type": "Point", "coordinates": [ 3160011.847166523803025, 2032784.247389010386541 ] } },
{ "type": "Feature", "properties": { "centro_codigo": "28015987", "centro_nombre": "INMACULADA CONCEPCION", "centro_tipo_descripcion": "CENTRO PRIVADO DE EDUCACIÓN INFANTIL, PRIMARIA Y SECUNDARIA", "centro_titularidad": "PRIVADO CONCERTADO", "centro_titular": "CONGREGACION DE RELIGIOSAS AGUSTINAS MISIONERAS", "municipio_nombre": "Madrid", "distrito_nombre": "Salamanca", "direccion_coor_x": 442555.0, "direccion_coor_y": 4475354.0, "ARTE": 0, "DANZA": 0, "EDUCACIONADULTA": 0, "EDUCACIONESPECIAL": 0, "FORMACIONPROFESIONAL": 0, "HOSPITALARIA": 0, "IDIOMAS": 0, "INFANTIL": 1, "MILITAR": 0, "MUSICA": 0, "OTRO": 0, "OTRONOEDUCATIVO": 0, "PENITENCIARIO": 0, "PRIMARIA": 1, "SECUNDARIA": 1, "SUPERIOR": 0, "UNIVERSITARIO": 0 }, "geometry": { "type": "Point", "coordinates": [ 3161799.662727776914835, 2030539.583938309922814 ] } },
{ "type": "Feature", "properties": { "centro_codigo": "28016256", "centro_nombre": "REINADO DEL CORAZON DE JESUS", "centro_tipo_descripcion": "CENTRO PRIVADO DE EDUCACIÓN INFANTIL, PRIMARIA Y SECUNDARIA", "centro_titularidad": "PRIVADO CONCERTADO", "centro_titular": "SOCIEDAD EDUCATIVA REINADO, S.L. UNIPERSONAL", "municipio_nombre": "Madrid", "distrito_nombre": "Retiro", "direccion_coor_x": 443042.0, "direccion_coor_y": 4473287.0, "ARTE": 0, "DANZA": 0, "EDUCACIONADULTA": 0, "EDUCACIONESPECIAL": 0, "FORMACIONPROFESIONAL": 0, "HOSPITALARIA": 0, "IDIOMAS": 0, "INFANTIL": 1, "MILITAR": 0, "MUSICA": 0, "OTRO": 0, "OTRONOEDUCATIVO": 0, "PENITENCIARIO": 0, "PRIMARIA": 1, "SECUNDARIA": 1, "SUPERIOR": 0, "UNIVERSITARIO": 0 }, "geometry": { "type": "Point", "coordinates": [ 3161956.969343143515289, 2028418.547658658819273 ] } },
{ "type": "Feature", "properties": { "centro_codigo": "28016268", "centro_nombre": "SAGRADO CORAZON", "centro_tipo_descripcion": "CENTRO PRIVADO DE EDUCACIÓN INFANTIL, PRIMARIA Y SECUNDARIA", "centro_titularidad": "PRIVADO CONCERTADO", "centro_titular": "COLEGIO PARENTES SAGRADO CORAZÓN S.L", "municipio_nombre": "Madrid", "distrito_nombre": "Centro", "direccion_coor_x": 439480.0, "direccion_coor_y": 4473708.0, "ARTE": 0, "DANZA": 0, "EDUCACIONADULTA": 0, "EDUCACIONESPECIAL": 0, "FORMACIONPROFESIONAL": 0, "HOSPITALARIA": 0, "IDIOMAS": 0, "INFANTIL": 1, "MILITAR": 0, "MUSICA": 0, "OTRO": 0, "OTRONOEDUCATIVO": 0, "PENITENCIARIO": 0, "PRIMARIA": 1, "SECUNDARIA": 1, "SUPERIOR": 0, "UNIVERSITARIO": 0 }, "geometry": { "type": "Point", "coordinates": [ 3158503.506889976561069, 2029449.86128859850578 ] } },
{ "type": "Feature", "properties": { "centro_codigo": "28016271", "centro_nombre": "CENTRO CULTURAL SALMANTINO", "centro_tipo_descripcion": "CENTRO PRIVADO DE EDUCACIÓN INFANTIL, PRIMARIA Y SECUNDARIA", "centro_titularidad": "PRIVADO CONCERTADO", "centro_titular": "CENTRO CULTURAL SALMANTINO, S.L.", "municipio_nombre": "Madrid", "distrito_nombre": "Puente de Vallecas", "direccion_coor_x": 443612.0, "direccion_coor_y": 4471850.0, "ARTE": 0, "DANZA": 0, "EDUCACIONADULTA": 0, "EDUCACIONESPECIAL": 0, "FORMACIONPROFESIONAL": 0, "HOSPITALARIA": 0, "IDIOMAS": 0, "INFANTIL": 1, "MILITAR": 0, "MUSICA": 0, "OTRO": 0, "OTRONOEDUCATIVO": 0, "PENITENCIARIO": 0, "PRIMARIA": 1, "SECUNDARIA": 1, "SUPERIOR": 0, "UNIVERSITARIO": 0 }, "geometry": { "type": "Point", "coordinates": [ 3162295.06231886614114, 2026903.960828625131398 ] } },
{ "type": "Feature", "properties": { "centro_codigo": "28016645", "centro_nombre": "SAN ALBERTO MAGNO", "centro_tipo_descripcion": "CENTRO PRIVADO DE EDUCACIÓN INFANTIL, PRIMARIA Y SECUNDARIA", "centro_titularidad": "PRIVADO CONCERTADO", "centro_titular": "COLEGIO SAN ALBERTO MAGNO, SOC.CCOP.LDA.", "municipio_nombre": "Madrid", "distrito_nombre": "Carabanchel", "direccion_coor_x": 438596.0, "direccion_coor_y": 4472679.0, "ARTE": 0, "DANZA": 0, "EDUCACIONADULTA": 0, "EDUCACIONESPECIAL": 0, "FORMACIONPROFESIONAL": 0, "HOSPITALARIA": 0, "IDIOMAS": 0, "INFANTIL": 1, "MILITAR": 0, "MUSICA": 0, "OTRO": 0, "OTRONOEDUCATIVO": 0, "PENITENCIARIO": 0, "PRIMARIA": 1, "SECUNDARIA": 1, "SUPERIOR": 0, "UNIVERSITARIO": 0 }, "geometry": { "type": "Point", "coordinates": [ 3157468.843663907144219, 2028588.943669042782858 ] } },
{ "type": "Feature", "properties": { "centro_codigo": "28016694", "centro_nombre": "COLEGIO NUESTRA SEÑORA DE LORETO FESD", "centro_tipo_descripcion": "CENTRO PRIVADO DE EDUCACIÓN INFANTIL, PRIMARIA Y SECUNDARIA", "centro_titularidad": "PRIVADO CONCERTADO", "centro_titular": "FUNDACION EDUCATIVA SANTO DOMINGO", "municipio_nombre": "Madrid", "distrito_nombre": "Salamanca", "direccion_coor_x": 442366.0, "direccion_coor_y": 4475493.0, "ARTE": 0, "DANZA": 0, "EDUCACIONADULTA": 0, "EDUCACIONESPECIAL": 0, "FORMACIONPROFESIONAL": 0, "HOSPITALARIA": 0, "IDIOMAS": 0, "INFANTIL": 1, "MILITAR": 0, "MUSICA": 0, "OTRO": 0, "OTRONOEDUCATIVO": 0, "PENITENCIARIO": 0, "PRIMARIA": 1, "SECUNDARIA": 1, "SUPERIOR": 0, "UNIVERSITARIO": 0 }, "geometry": { "type": "Point", "coordinates": [ 3161634.705247732810676, 2030709.257734805112705 ] } },
{ "type": "Feature", "properties": { "centro_codigo": "28016712", "centro_nombre": "MATER PURISSIMA", "centro_tipo_descripcion": "CENTRO PRIVADO DE EDUCACIÓN INFANTIL, PRIMARIA Y SECUNDARIA", "centro_titularidad": "PRIVADO CONCERTADO", "centro_titular": "FUNDACION EDUCATIVA JESUITINAS", "municipio_nombre": "Madrid", "distrito_nombre": "Usera", "direccion_coor_x": 440420.0, "direccion_coor_y": 4470700.0, "ARTE": 0, "DANZA": 0, "EDUCACIONADULTA": 0, "EDUCACIONESPECIAL": 0, "FORMACIONPROFESIONAL": 0, "HOSPITALARIA": 0, "IDIOMAS": 0, "INFANTIL": 1, "MILITAR": 0, "MUSICA": 0, "OTRO": 0, "OTRONOEDUCATIVO": 0, "PENITENCIARIO": 0, "PRIMARIA": 1, "SECUNDARIA": 1, "SUPERIOR": 0, "UNIVERSITARIO": 0 }, "geometry": { "type": "Point", "coordinates": [ 3158960.981110309250653, 2026323.15524812345393 ] } },
{ "type": "Feature", "properties": { "centro_codigo": "28017182", "centro_nombre": "SIGLO XXI", "centro_tipo_descripcion": "CENTRO PRIVADO DE EDUCACIÓN INFANTIL, PRIMARIA Y SECUNDARIA", "centro_titularidad": "PRIVADO CONCERTADO", "centro_titular": "COIS-SIGLO XXI SDAD.COOP.MADRILEÑA DE ENSEÑANZA ", "municipio_nombre": "Madrid", "distrito_nombre": "Moratalaz", "direccion_coor_x": 443904.0, "direccion_coor_y": 4473386.0, "ARTE": 0, "DANZA": 0, "EDUCACIONADULTA": 0, "EDUCACIONESPECIAL": 0, "FORMACIONPROFESIONAL": 0, "HOSPITALARIA": 0, "IDIOMAS": 0, "INFANTIL": 1, "MILITAR": 0, "MUSICA": 0, "OTRO": 0, "OTRONOEDUCATIVO": 0, "PENITENCIARIO": 0, "PRIMARIA": 1, "SECUNDARIA": 1, "SUPERIOR": 0, "UNIVERSITARIO": 0 }, "geometry": { "type": "Point", "coordinates": [ 3162824.19966565258801, 2028366.958252538926899 ] } },
{ "type": "Feature", "properties": { "centro_codigo": "28017649", "centro_nombre": "LICEO VERSALLES", "centro_tipo_descripcion": "CENTRO PRIVADO DE EDUCACIÓN INFANTIL, PRIMARIA Y SECUNDARIA", "centro_titularidad": "PRIVADO CONCERTADO", "centro_titular": "LICEO VERSALLES S.L.", "municipio_nombre": "Madrid", "distrito_nombre": "Villa de Vallecas", "direccion_coor_x": 447173.0, "direccion_coor_y": 4469963.0, "ARTE": 0, "DANZA": 0, "EDUCACIONADULTA": 0, "EDUCACIONESPECIAL": 0, "FORMACIONPROFESIONAL": 0, "HOSPITALARIA": 0, "IDIOMAS": 0, "INFANTIL": 1, "MILITAR": 0, "MUSICA": 0, "OTRO": 0, "OTRONOEDUCATIVO": 0, "PENITENCIARIO": 0, "PRIMARIA": 1, "SECUNDARIA": 1, "SUPERIOR": 0, "UNIVERSITARIO": 0 }, "geometry": { "type": "Point", "coordinates": [ 3165518.231822556816041, 2024428.681396196130663 ] } },
{ "type": "Feature", "properties": { "centro_codigo": "28017741", "centro_nombre": "SAN JOSE", "centro_tipo_descripcion": "CENTRO PRIVADO DE EDUCACIÓN INFANTIL, PRIMARIA Y SECUNDARIA", "centro_titularidad": "PRIVADO CONCERTADO", "centro_titular": "HH. MARIA MADRE DE LA IGLESIA", "municipio_nombre": "Madrid", "distrito_nombre": "Tetuán", "direccion_coor_x": 440495.0, "direccion_coor_y": 4479296.0, "ARTE": 0, "DANZA": 0, "EDUCACIONADULTA": 0, "EDUCACIONESPECIAL": 0, "FORMACIONPROFESIONAL": 0, "HOSPITALARIA": 0, "IDIOMAS": 0, "INFANTIL": 1, "MILITAR": 0, "MUSICA": 0, "OTRO": 0, "OTRONOEDUCATIVO": 0, "PENITENCIARIO": 0, "PRIMARIA": 1, "SECUNDARIA": 1, "SUPERIOR": 0, "UNIVERSITARIO": 0 }, "geometry": { "type": "Point", "coordinates": [ 3160382.269292469136417, 2034780.539434698177502 ] } },
{ "type": "Feature", "properties": { "centro_codigo": "28017753", "centro_nombre": "SAN JOSE", "centro_tipo_descripcion": "CENTRO PRIVADO DE EDUCACIÓN INFANTIL, PRIMARIA Y SECUNDARIA", "centro_titularidad": "PRIVADO CONCERTADO", "centro_titular": "HIJAS DE MARIA AUXILIADORA", "municipio_nombre": "Madrid", "distrito_nombre": "Ciudad Lineal", "direccion_coor_x": 445775.0, "direccion_coor_y": 4475581.0, "ARTE": 0, "DANZA": 0, "EDUCACIONADULTA": 0, "EDUCACIONESPECIAL": 0, "FORMACIONPROFESIONAL": 0, "HOSPITALARIA": 0, "IDIOMAS": 0, "INFANTIL": 1, "MILITAR": 0, "MUSICA": 0, "OTRO": 0, "OTRONOEDUCATIVO": 0, "PENITENCIARIO": 0, "PRIMARIA": 1, "SECUNDARIA": 1, "SUPERIOR": 0, "UNIVERSITARIO": 0 }, "geometry": { "type": "Point", "coordinates": [ 3165016.796937601640821, 2030206.17998582450673 ] } },
{ "type": "Feature", "properties": { "centro_codigo": "28017844", "centro_nombre": "NUESTRA SEÑORA DEL PILAR", "centro_tipo_descripcion": "CENTRO PRIVADO DE EDUCACIÓN INFANTIL, PRIMARIA Y SECUNDARIA", "centro_titularidad": "PRIVADO CONCERTADO", "centro_titular": "FUNDACION TRILEMA", "municipio_nombre": "Madrid", "distrito_nombre": "Moncloa-Aravaca", "direccion_coor_x": 439850.0, "direccion_coor_y": 4479407.0, "ARTE": 0, "DANZA": 0, "EDUCACIONADULTA": 0, "EDUCACIONESPECIAL": 0, "FORMACIONPROFESIONAL": 0, "HOSPITALARIA": 0, "IDIOMAS": 0, "INFANTIL": 1, "MILITAR": 0, "MUSICA": 0, "OTRO": 0, "OTRONOEDUCATIVO": 0, "PENITENCIARIO": 0, "PRIMARIA": 1, "SECUNDARIA": 1, "SUPERIOR": 0, "UNIVERSITARIO": 0 }, "geometry": { "type": "Point", "coordinates": [ 3159762.42439780710265, 2035001.576769795035943 ] } },
{ "type": "Feature", "properties": { "centro_codigo": "28017893", "centro_nombre": "SAN MARTIN", "centro_tipo_descripcion": "CENTRO PRIVADO DE EDUCACIÓN INFANTIL, PRIMARIA Y SECUNDARIA", "centro_titularidad": "PRIVADO CONCERTADO", "centro_titular": "MARTIN MACIAS, S.A.", "municipio_nombre": "Madrid", "distrito_nombre": "Moratalaz", "direccion_coor_x": 444922.0, "direccion_coor_y": 4473579.0, "ARTE": 0, "DANZA": 0, "EDUCACIONADULTA": 0, "EDUCACIONESPECIAL": 0, "FORMACIONPROFESIONAL": 0, "HOSPITALARIA": 0, "IDIOMAS": 0, "INFANTIL": 1, "MILITAR": 0, "MUSICA": 0, "OTRO": 0, "OTRONOEDUCATIVO": 0, "PENITENCIARIO": 0, "PRIMARIA": 1, "SECUNDARIA": 1, "SUPERIOR": 0, "UNIVERSITARIO": 0 }, "geometry": { "type": "Point", "coordinates": [ 3163860.304485783912241, 2028381.023976869415492 ] } },
{ "type": "Feature", "properties": { "centro_codigo": "28017996", "centro_nombre": "PARQUE CONDE DE ORGAZ", "centro_tipo_descripcion": "CENTRO PRIVADO DE EDUCACIÓN INFANTIL, PRIMARIA Y SECUNDARIA", "centro_titularidad": "PRIVADO", "centro_titular": "PARQUE CONDE DE ORGAZ S.L.", "municipio_nombre": "Madrid", "distrito_nombre": "Hortaleza", "direccion_coor_x": 445281.0, "direccion_coor_y": 4477930.0, "ARTE": 0, "DANZA": 0, "EDUCACIONADULTA": 0, "EDUCACIONESPECIAL": 0, "FORMACIONPROFESIONAL": 0, "HOSPITALARIA": 0, "IDIOMAS": 0, "INFANTIL": 1, "MILITAR": 0, "MUSICA": 0, "OTRO": 0, "OTRONOEDUCATIVO": 0, "PENITENCIARIO": 0, "PRIMARIA": 1, "SECUNDARIA": 1, "SUPERIOR": 0, "UNIVERSITARIO": 0 }, "geometry": { "type": "Point", "coordinates": [ 3164896.798789554275572, 2032606.28635612083599 ] } },
{ "type": "Feature", "properties": { "centro_codigo": "28018061", "centro_nombre": "AGORA", "centro_tipo_descripcion": "CENTRO PRIVADO DE EDUCACIÓN INFANTIL, PRIMARIA Y SECUNDARIA", "centro_titularidad": "PRIVADO CONCERTADO", "centro_titular": "SOCIEDAD DE ENSEÑANZA COLEGIO ÁGORA, S.L.", "municipio_nombre": "Madrid", "distrito_nombre": "Ciudad Lineal", "direccion_coor_x": 445292.0, "direccion_coor_y": 4477553.0, "ARTE": 0, "DANZA": 0, "EDUCACIONADULTA": 0, "EDUCACIONESPECIAL": 0, "FORMACIONPROFESIONAL": 0, "HOSPITALARIA": 0, "IDIOMAS": 0, "INFANTIL": 1, "MILITAR": 0, "MUSICA": 0, "OTRO": 0, "OTRONOEDUCATIVO": 0, "PENITENCIARIO": 0, "PRIMARIA": 1, "SECUNDARIA": 1, "SUPERIOR": 0, "UNIVERSITARIO": 0 }, "geometry": { "type": "Point", "coordinates": [ 3164848.581212328746915, 2032232.893493385287002 ] } },
{ "type": "Feature", "properties": { "centro_codigo": "28018344", "centro_nombre": "SANTA TERESA DE JESUS", "centro_tipo_descripcion": "INSTITUTO DE EDUCACIÓN SECUNDARIA", "centro_titularidad": "PÚBLICO", "centro_titular": "COMUNIDAD DE MADRID", "municipio_nombre": "Madrid", "distrito_nombre": "Centro", "direccion_coor_x": 439759.0, "direccion_coor_y": 4474678.0, "ARTE": 0, "DANZA": 0, "EDUCACIONADULTA": 0, "EDUCACIONESPECIAL": 0, "FORMACIONPROFESIONAL": 0, "HOSPITALARIA": 0, "IDIOMAS": 0, "INFANTIL": 0, "MILITAR": 0, "MUSICA": 0, "OTRO": 0, "OTRONOEDUCATIVO": 0, "PENITENCIARIO": 0, "PRIMARIA": 0, "SECUNDARIA": 1, "SUPERIOR": 0, "UNIVERSITARIO": 0 }, "geometry": { "type": "Point", "coordinates": [ 3158931.179961911402643, 2030357.385233053937554 ] } },
{ "type": "Feature", "properties": { "centro_codigo": "28018356", "centro_nombre": "SANTAMARCA", "centro_tipo_descripcion": "INSTITUTO DE EDUCACIÓN SECUNDARIA", "centro_titularidad": "PÚBLICO", "centro_titular": "COMUNIDAD DE MADRID", "municipio_nombre": "Madrid", "distrito_nombre": "Chamartín", "direccion_coor_x": 442848.0, "direccion_coor_y": 4478607.0, "ARTE": 0, "DANZA": 0, "EDUCACIONADULTA": 0, "EDUCACIONESPECIAL": 0, "FORMACIONPROFESIONAL": 0, "HOSPITALARIA": 0, "IDIOMAS": 0, "INFANTIL": 0, "MILITAR": 0, "MUSICA": 0, "OTRO": 0, "OTRONOEDUCATIVO": 0, "PENITENCIARIO": 0, "PRIMARIA": 0, "SECUNDARIA": 1, "SUPERIOR": 0, "UNIVERSITARIO": 0 }, "geometry": { "type": "Point", "coordinates": [ 3162599.022108453325927, 2033694.350070375250652 ] } },
{ "type": "Feature", "properties": { "centro_codigo": "28018368", "centro_nombre": "SANTA ENGRACIA", "centro_tipo_descripcion": "INSTITUTO DE EDUCACIÓN SECUNDARIA", "centro_titularidad": "PÚBLICO", "centro_titular": "COMUNIDAD DE MADRID", "municipio_nombre": "Madrid", "distrito_nombre": "Chamberí", "direccion_coor_x": 440903.0, "direccion_coor_y": 4475696.0, "ARTE": 0, "DANZA": 0, "EDUCACIONADULTA": 0, "EDUCACIONESPECIAL": 0, "FORMACIONPROFESIONAL": 0, "HOSPITALARIA": 0, "IDIOMAS": 0, "INFANTIL": 0, "MILITAR": 0, "MUSICA": 0, "OTRO": 0, "OTRONOEDUCATIVO": 0, "PENITENCIARIO": 0, "PRIMARIA": 0, "SECUNDARIA": 1, "SUPERIOR": 0, "UNIVERSITARIO": 0 }, "geometry": { "type": "Point", "coordinates": [ 3160221.026204894296825, 2031162.4870243917685 ] } },
{ "type": "Feature", "properties": { "centro_codigo": "28018381", "centro_nombre": "ORTEGA Y GASSET", "centro_tipo_descripcion": "INSTITUTO DE EDUCACIÓN SECUNDARIA", "centro_titularidad": "PÚBLICO", "centro_titular": "COMUNIDAD DE MADRID", "municipio_nombre": "Madrid", "distrito_nombre": "Moncloa-Aravaca", "direccion_coor_x": 437594.0, "direccion_coor_y": 4475928.0, "ARTE": 0, "DANZA": 0, "EDUCACIONADULTA": 0, "EDUCACIONESPECIAL": 0, "FORMACIONPROFESIONAL": 0, "HOSPITALARIA": 0, "IDIOMAS": 0, "INFANTIL": 0, "MILITAR": 0, "MUSICA": 0, "OTRO": 0, "OTRONOEDUCATIVO": 0, "PENITENCIARIO": 0, "PRIMARIA": 0, "SECUNDARIA": 1, "SUPERIOR": 0, "UNIVERSITARIO": 0 }, "geometry": { "type": "Point", "coordinates": [ 3156988.082330877892673, 2031963.959896788699552 ] } },
{ "type": "Feature", "properties": { "centro_codigo": "28018423", "centro_nombre": "INSTITUTO POLITECNICO N.1 DEL EJERCITO", "centro_tipo_descripcion": "INSTITUTO DE EDUCACIÓN SECUNDARIA", "centro_titularidad": "PÚBLICO", "centro_titular": "MINISTERIO DE DEFENSA", "municipio_nombre": "Madrid", "distrito_nombre": "Carabanchel", "direccion_coor_x": 436089.0, "direccion_coor_y": 4469070.0, "ARTE": 0, "DANZA": 0, "EDUCACIONADULTA": 0, "EDUCACIONESPECIAL": 0, "FORMACIONPROFESIONAL": 0, "HOSPITALARIA": 0, "IDIOMAS": 0, "INFANTIL": 0, "MILITAR": 0, "MUSICA": 0, "OTRO": 0, "OTRONOEDUCATIVO": 0, "PENITENCIARIO": 0, "PRIMARIA": 0, "SECUNDARIA": 1, "SUPERIOR": 0, "UNIVERSITARIO": 0 }, "geometry": { "type": "Point", "coordinates": [ 3154426.405823919922113, 2025466.82889317185618 ] } },
{ "type": "Feature", "properties": { "centro_codigo": "28018435", "centro_nombre": "EMILIO CASTELAR", "centro_tipo_descripcion": "INSTITUTO DE EDUCACIÓN SECUNDARIA", "centro_titularidad": "PÚBLICO", "centro_titular": "COMUNIDAD DE MADRID", "municipio_nombre": "Madrid", "distrito_nombre": "Carabanchel", "direccion_coor_x": 438043.0, "direccion_coor_y": 4471168.0, "ARTE": 0, "DANZA": 0, "EDUCACIONADULTA": 0, "EDUCACIONESPECIAL": 0, "FORMACIONPROFESIONAL": 0, "HOSPITALARIA": 0, "IDIOMAS": 0, "INFANTIL": 0, "MILITAR": 0, "MUSICA": 0, "OTRO": 0, "OTRONOEDUCATIVO": 0, "PENITENCIARIO": 0, "PRIMARIA": 0, "SECUNDARIA": 1, "SUPERIOR": 0, "UNIVERSITARIO": 0 }, "geometry": { "type": "Point", "coordinates": [ 3156685.707889356650412, 2027195.784970352426171 ] } },
{ "type": "Feature", "properties": { "centro_codigo": "28018460", "centro_nombre": "ARCIPRESTE DE HITA", "centro_tipo_descripcion": "INSTITUTO DE EDUCACIÓN SECUNDARIA", "centro_titularidad": "PÚBLICO", "centro_titular": "COMUNIDAD DE MADRID", "municipio_nombre": "Madrid", "distrito_nombre": "Puente de Vallecas", "direccion_coor_x": 443017.0, "direccion_coor_y": 4469775.0, "ARTE": 0, "DANZA": 0, "EDUCACIONADULTA": 0, "EDUCACIONESPECIAL": 0, "FORMACIONPROFESIONAL": 0, "HOSPITALARIA": 0, "IDIOMAS": 0, "INFANTIL": 0, "MILITAR": 0, "MUSICA": 0, "OTRO": 0, "OTRONOEDUCATIVO": 0, "PENITENCIARIO": 0, "PRIMARIA": 0, "SECUNDARIA": 1, "SUPERIOR": 0, "UNIVERSITARIO": 0 }, "geometry": { "type": "Point", "coordinates": [ 3161382.15074938768521, 2024962.295023012207821 ] } },
{ "type": "Feature", "properties": { "centro_codigo": "28018472", "centro_nombre": "SAN CRISTOBAL DE LOS ANGELES", "centro_tipo_descripcion": "INSTITUTO DE EDUCACIÓN SECUNDARIA", "centro_titularidad": "PÚBLICO", "centro_titular": "COMUNIDAD DE MADRID", "municipio_nombre": "Madrid", "distrito_nombre": "Villaverde", "direccion_coor_x": 441427.0, "direccion_coor_y": 4466031.0, "ARTE": 0, "DANZA": 0, "EDUCACIONADULTA": 0, "EDUCACIONESPECIAL": 0, "FORMACIONPROFESIONAL": 0, "HOSPITALARIA": 0, "IDIOMAS": 0, "INFANTIL": 0, "MILITAR": 0, "MUSICA": 0, "OTRO": 0, "OTRONOEDUCATIVO": 0, "PENITENCIARIO": 0, "PRIMARIA": 0, "SECUNDARIA": 1, "SUPERIOR": 0, "UNIVERSITARIO": 0 }, "geometry": { "type": "Point", "coordinates": [ 3159224.810209457762539, 2021548.294802179327235 ] } },
{ "type": "Feature", "properties": { "centro_codigo": "28018484", "centro_nombre": "CARLOS MARIA RODRIGUEZ DE VALCARCEL", "centro_tipo_descripcion": "INSTITUTO DE EDUCACIÓN SECUNDARIA", "centro_titularidad": "PÚBLICO", "centro_titular": "COMUNIDAD DE MADRID", "municipio_nombre": "Madrid", "distrito_nombre": "Moratalaz", "direccion_coor_x": 444677.0, "direccion_coor_y": 4472926.0, "ARTE": 0, "DANZA": 0, "EDUCACIONADULTA": 0, "EDUCACIONESPECIAL": 0, "FORMACIONPROFESIONAL": 0, "HOSPITALARIA": 0, "IDIOMAS": 0, "INFANTIL": 0, "MILITAR": 0, "MUSICA": 0, "OTRO": 0, "OTRONOEDUCATIVO": 0, "PENITENCIARIO": 0, "PRIMARIA": 0, "SECUNDARIA": 1, "SUPERIOR": 0, "UNIVERSITARIO": 0 }, "geometry": { "type": "Point", "coordinates": [ 3163515.927796446718276, 2027779.964116832939908 ] } },
{ "type": "Feature", "properties": { "centro_codigo": "28018711", "centro_nombre": "SAN BERNARDO", "centro_tipo_descripcion": "CENTRO PRIVADO DE EDUCACIÓN INFANTIL, PRIMARIA Y SECUNDARIA", "centro_titularidad": "PRIVADO CONCERTADO", "centro_titular": "FUNDACION SAN BERNARDO", "municipio_nombre": "Madrid", "distrito_nombre": "Latina", "direccion_coor_x": 438683.0, "direccion_coor_y": 4473298.0, "ARTE": 0, "DANZA": 0, "EDUCACIONADULTA": 0, "EDUCACIONESPECIAL": 0, "FORMACIONPROFESIONAL": 0, "HOSPITALARIA": 0, "IDIOMAS": 0, "INFANTIL": 1, "MILITAR": 0, "MUSICA": 0, "OTRO": 0, "OTRONOEDUCATIVO": 0, "PENITENCIARIO": 0, "PRIMARIA": 1, "SECUNDARIA": 1, "SUPERIOR": 0, "UNIVERSITARIO": 0 }, "geometry": { "type": "Point", "coordinates": [ 3157651.801274223253131, 2029183.831298519857228 ] } },
{ "type": "Feature", "properties": { "centro_codigo": "28018897", "centro_nombre": "DIAZ BALAGUER", "centro_tipo_descripcion": "CENTRO PRIVADO DE EDUCACIÓN SECUNDARIA", "centro_titularidad": "PRIVADO", "centro_titular": "ACADEMIA DIAZ BALAGUER,S.L.", "municipio_nombre": "Madrid", "distrito_nombre": "Chamberí", "direccion_coor_x": 439149.0, "direccion_coor_y": 4476200.0, "ARTE": 0, "DANZA": 0, "EDUCACIONADULTA": 0, "EDUCACIONESPECIAL": 0, "FORMACIONPROFESIONAL": 0, "HOSPITALARIA": 0, "IDIOMAS": 0, "INFANTIL": 0, "MILITAR": 0, "MUSICA": 0, "OTRO": 0, "OTRONOEDUCATIVO": 0, "PENITENCIARIO": 0, "PRIMARIA": 0, "SECUNDARIA": 1, "SUPERIOR": 0, "UNIVERSITARIO": 0 }, "geometry": { "type": "Point", "coordinates": [ 3158567.050203700549901, 2031962.749839806929231 ] } },
{ "type": "Feature", "properties": { "centro_codigo": "28018903", "centro_nombre": "JOAQUÍN TURINA", "centro_tipo_descripcion": "INSTITUTO DE EDUCACIÓN SECUNDARIA", "centro_titularidad": "PÚBLICO", "centro_titular": "COMUNIDAD DE MADRID", "municipio_nombre": "Madrid", "distrito_nombre": "Chamberí", "direccion_coor_x": 439569.0, "direccion_coor_y": 4476889.0, "ARTE": 0, "DANZA": 0, "EDUCACIONADULTA": 0, "EDUCACIONESPECIAL": 0, "FORMACIONPROFESIONAL": 0, "HOSPITALARIA": 0, "IDIOMAS": 0, "INFANTIL": 0, "MILITAR": 0, "MUSICA": 0, "OTRO": 0, "OTRONOEDUCATIVO": 0, "PENITENCIARIO": 0, "PRIMARIA": 0, "SECUNDARIA": 1, "SUPERIOR": 0, "UNIVERSITARIO": 0 }, "geometry": { "type": "Point", "coordinates": [ 3159090.017255757935345, 2032568.97658722801134 ] } },
{ "type": "Feature", "properties": { "centro_codigo": "28018988", "centro_nombre": "VOX", "centro_tipo_descripcion": "CENTRO PRIVADO DE EDUCACIÓN SECUNDARIA", "centro_titularidad": "PRIVADO", "centro_titular": "INSTITUTO VOX, S.L. UNIPERSONAL", "municipio_nombre": "Madrid", "distrito_nombre": "Centro", "direccion_coor_x": 439850.0, "direccion_coor_y": 4474839.0, "ARTE": 0, "DANZA": 0, "EDUCACIONADULTA": 0, "EDUCACIONESPECIAL": 0, "FORMACIONPROFESIONAL": 0, "HOSPITALARIA": 0, "IDIOMAS": 0, "INFANTIL": 0, "MILITAR": 0, "MUSICA": 0, "OTRO": 0, "OTRONOEDUCATIVO": 0, "PENITENCIARIO": 0, "PRIMARIA": 0, "SECUNDARIA": 1, "SUPERIOR": 0, "UNIVERSITARIO": 0 }, "geometry": { "type": "Point", "coordinates": [ 3159046.322441727854311, 2030500.279589904937893 ] } },
{ "type": "Feature", "properties": { "centro_codigo": "28019038", "centro_nombre": "ESTUDIO", "centro_tipo_descripcion": "CENTRO PRIVADO DE EDUCACIÓN INFANTIL, PRIMARIA Y SECUNDARIA", "centro_titularidad": "PRIVADO", "centro_titular": "FUNDACION ESTUDIO", "municipio_nombre": "Madrid", "distrito_nombre": "Moncloa-Aravaca", "direccion_coor_x": 435065.0, "direccion_coor_y": 4480248.0, "ARTE": 0, "DANZA": 0, "EDUCACIONADULTA": 0, "EDUCACIONESPECIAL": 0, "FORMACIONPROFESIONAL": 0, "HOSPITALARIA": 0, "IDIOMAS": 0, "INFANTIL": 1, "MILITAR": 0, "MUSICA": 0, "OTRO": 0, "OTRONOEDUCATIVO": 0, "PENITENCIARIO": 0, "PRIMARIA": 1, "SECUNDARIA": 1, "SUPERIOR": 0, "UNIVERSITARIO": 0 }, "geometry": { "type": "Point", "coordinates": [ 3155166.983622947707772, 2036658.959464351879433 ] } },
{ "type": "Feature", "properties": { "centro_codigo": "28019142", "centro_nombre": "CENTRO CULTURAL PALOMERAS", "centro_tipo_descripcion": "CENTRO PRIVADO DE EDUCACIÓN INFANTIL, PRIMARIA Y SECUNDARIA", "centro_titularidad": "PRIVADO CONCERTADO", "centro_titular": "CENTRO CULTURAL PALOMERAS, SDAD. COOP. LDA.", "municipio_nombre": "Madrid", "distrito_nombre": "Puente de Vallecas", "direccion_coor_x": 445740.0, "direccion_coor_y": 4471459.0, "ARTE": 0, "DANZA": 0, "EDUCACIONADULTA": 0, "EDUCACIONESPECIAL": 0, "FORMACIONPROFESIONAL": 0, "HOSPITALARIA": 0, "IDIOMAS": 0, "INFANTIL": 1, "MILITAR": 0, "MUSICA": 0, "OTRO": 0, "OTRONOEDUCATIVO": 0, "PENITENCIARIO": 0, "PRIMARIA": 1, "SECUNDARIA": 1, "SUPERIOR": 0, "UNIVERSITARIO": 0 }, "geometry": { "type": "Point", "coordinates": [ 3164336.504601809196174, 2026150.5775547537487 ] } },
{ "type": "Feature", "properties": { "centro_codigo": "28019270", "centro_nombre": "LA INMACULADA", "centro_tipo_descripcion": "CENTRO PRIVADO DE EDUCACIÓN INFANTIL, PRIMARIA Y SECUNDARIA", "centro_titularidad": "PRIVADO CONCERTADO", "centro_titular": "CONCEPCIONISTAS MISIONERAS DE LA ENSEÑANZA", "municipio_nombre": "Madrid", "distrito_nombre": "Hortaleza", "direccion_coor_x": 444560.0, "direccion_coor_y": 4480591.0, "ARTE": 0, "DANZA": 0, "EDUCACIONADULTA": 0, "EDUCACIONESPECIAL": 0, "FORMACIONPROFESIONAL": 0, "HOSPITALARIA": 0, "IDIOMAS": 0, "INFANTIL": 1, "MILITAR": 0, "MUSICA": 0, "OTRO": 0, "OTRONOEDUCATIVO": 0, "PENITENCIARIO": 0, "PRIMARIA": 1, "SECUNDARIA": 1, "SUPERIOR": 0, "UNIVERSITARIO": 0 }, "geometry": { "type": "Point", "coordinates": [ 3164601.553927850909531, 2035353.153533972101286 ] } },
{ "type": "Feature", "properties": { "centro_codigo": "28019300", "centro_nombre": "MARIA INMACULADA", "centro_tipo_descripcion": "CENTRO PRIVADO DE EDUCACIÓN SECUNDARIA", "centro_titularidad": "PRIVADO CONCERTADO", "centro_titular": "RELIGIOSAS DE MARIA INMACULADA", "municipio_nombre": "Madrid", "distrito_nombre": "Chamberí", "direccion_coor_x": 440782.0, "direccion_coor_y": 4477051.0, "ARTE": 0, "DANZA": 0, "EDUCACIONADULTA": 0, "EDUCACIONESPECIAL": 0, "FORMACIONPROFESIONAL": 0, "HOSPITALARIA": 0, "IDIOMAS": 0, "INFANTIL": 0, "MILITAR": 0, "MUSICA": 0, "OTRO": 0, "OTRONOEDUCATIVO": 0, "PENITENCIARIO": 0, "PRIMARIA": 0, "SECUNDARIA": 1, "SUPERIOR": 0, "UNIVERSITARIO": 0 }, "geometry": { "type": "Point", "coordinates": [ 3160313.862765013240278, 2032518.63514436990954 ] } },
{ "type": "Feature", "properties": { "centro_codigo": "28019312", "centro_nombre": "EL LAGO", "centro_tipo_descripcion": "INSTITUTO DE EDUCACIÓN SECUNDARIA", "centro_titularidad": "PÚBLICO", "centro_titular": "COMUNIDAD DE MADRID", "municipio_nombre": "Madrid", "distrito_nombre": "Moncloa-Aravaca", "direccion_coor_x": 437812.0, "direccion_coor_y": 4474158.0, "ARTE": 0, "DANZA": 0, "EDUCACIONADULTA": 0, "EDUCACIONESPECIAL": 0, "FORMACIONPROFESIONAL": 0, "HOSPITALARIA": 0, "IDIOMAS": 0, "INFANTIL": 0, "MILITAR": 0, "MUSICA": 0, "OTRO": 0, "OTRONOEDUCATIVO": 0, "PENITENCIARIO": 0, "PRIMARIA": 0, "SECUNDARIA": 1, "SUPERIOR": 0, "UNIVERSITARIO": 0 }, "geometry": { "type": "Point", "coordinates": [ 3156926.021617177408189, 2030182.06622073170729 ] } },
{ "type": "Feature", "properties": { "centro_codigo": "28019348", "centro_nombre": "FEC SANTA JOAQUINA DE VEDRUNA", "centro_tipo_descripcion": "CENTRO PRIVADO DE EDUCACIÓN INFANTIL, PRIMARIA Y SECUNDARIA", "centro_titularidad": "PRIVADO CONCERTADO", "centro_titular": "FUNDACION EDUCACION CATOLICA", "municipio_nombre": "Madrid", "distrito_nombre": "Fuencarral-El Pardo", "direccion_coor_x": 440672.0, "direccion_coor_y": 4482959.0, "ARTE": 0, "DANZA": 0, "EDUCACIONADULTA": 0, "EDUCACIONESPECIAL": 0, "FORMACIONPROFESIONAL": 0, "HOSPITALARIA": 0, "IDIOMAS": 0, "INFANTIL": 1, "MILITAR": 0, "MUSICA": 0, "OTRO": 0, "OTRONOEDUCATIVO": 0, "PENITENCIARIO": 0, "PRIMARIA": 1, "SECUNDARIA": 1, "SUPERIOR": 0, "UNIVERSITARIO": 0 }, "geometry": { "type": "Point", "coordinates": [ 3161131.601844211108983, 2038359.481717566261068 ] } },
{ "type": "Feature", "properties": { "centro_codigo": "28019351", "centro_nombre": "SAN FERNANDO", "centro_tipo_descripcion": "INSTITUTO DE EDUCACIÓN SECUNDARIA", "centro_titularidad": "PÚBLICO", "centro_titular": "COMUNIDAD DE MADRID", "municipio_nombre": "Madrid", "distrito_nombre": "Fuencarral-El Pardo", "direccion_coor_x": 441627.0, "direccion_coor_y": 4486590.0, "ARTE": 0, "DANZA": 0, "EDUCACIONADULTA": 0, "EDUCACIONESPECIAL": 0, "FORMACIONPROFESIONAL": 0, "HOSPITALARIA": 0, "IDIOMAS": 0, "INFANTIL": 0, "MILITAR": 0, "MUSICA": 0, "OTRO": 0, "OTRONOEDUCATIVO": 0, "PENITENCIARIO": 0, "PRIMARIA": 0, "SECUNDARIA": 1, "SUPERIOR": 0, "UNIVERSITARIO": 0 }, "geometry": { "type": "Point", "coordinates": [ 3162644.746497991029173, 2041772.279067871393636 ] } },
{ "type": "Feature", "properties": { "centro_codigo": "28019464", "centro_nombre": "TIRSO DE MOLINA", "centro_tipo_descripcion": "INSTITUTO DE EDUCACIÓN SECUNDARIA", "centro_titularidad": "PÚBLICO", "centro_titular": "COMUNIDAD DE MADRID", "municipio_nombre": "Madrid", "distrito_nombre": "Puente de Vallecas", "direccion_coor_x": 444576.0, "direccion_coor_y": 4471377.0, "ARTE": 0, "DANZA": 0, "EDUCACIONADULTA": 0, "EDUCACIONESPECIAL": 0, "FORMACIONPROFESIONAL": 0, "HOSPITALARIA": 0, "IDIOMAS": 0, "INFANTIL": 0, "MILITAR": 0, "MUSICA": 0, "OTRO": 0, "OTRONOEDUCATIVO": 0, "PENITENCIARIO": 0, "PRIMARIA": 0, "SECUNDARIA": 1, "SUPERIOR": 0, "UNIVERSITARIO": 0 }, "geometry": { "type": "Point", "coordinates": [ 3163173.501294262707233, 2026271.118236293084919 ] } },
{ "type": "Feature", "properties": { "centro_codigo": "28019592", "centro_nombre": "NUESTRA SEÑORA DE LOS DOLORES", "centro_tipo_descripcion": "CENTRO PRIVADO DE EDUCACIÓN INFANTIL, PRIMARIA Y SECUNDARIA", "centro_titularidad": "PRIVADO CONCERTADO", "centro_titular": "COLEGIO NUESTRA SEÑORA DE LOS DOLORES S.L.", "municipio_nombre": "Madrid", "distrito_nombre": "Carabanchel", "direccion_coor_x": 437717.0, "direccion_coor_y": 4471512.0, "ARTE": 0, "DANZA": 0, "EDUCACIONADULTA": 0, "EDUCACIONESPECIAL": 0, "FORMACIONPROFESIONAL": 0, "HOSPITALARIA": 0, "IDIOMAS": 0, "INFANTIL": 1, "MILITAR": 0, "MUSICA": 0, "OTRO": 0, "OTRONOEDUCATIVO": 0, "PENITENCIARIO": 0, "PRIMARIA": 1, "SECUNDARIA": 1, "SUPERIOR": 0, "UNIVERSITARIO": 0 }, "geometry": { "type": "Point", "coordinates": [ 3156417.508746970910579, 2027591.197056827368215 ] } },
{ "type": "Feature", "properties": { "centro_codigo": "28019725", "centro_nombre": "SAN RAMON Y SAN ANTONIO", "centro_tipo_descripcion": "CENTRO PRIVADO DE EDUCACIÓN INFANTIL, PRIMARIA Y SECUNDARIA", "centro_titularidad": "PRIVADO CONCERTADO", "centro_titular": "FUNDACION DE SANTAMARCA Y DE SAN RAMON Y SAN ANTONIO (FSRA)", "municipio_nombre": "Madrid", "distrito_nombre": "Chamartín", "direccion_coor_x": 442433.0, "direccion_coor_y": 4477949.0, "ARTE": 0, "DANZA": 0, "EDUCACIONADULTA": 0, "EDUCACIONESPECIAL": 0, "FORMACIONPROFESIONAL": 0, "HOSPITALARIA": 0, "IDIOMAS": 0, "INFANTIL": 1, "MILITAR": 0, "MUSICA": 0, "OTRO": 0, "OTRONOEDUCATIVO": 0, "PENITENCIARIO": 0, "PRIMARIA": 1, "SECUNDARIA": 1, "SUPERIOR": 0, "UNIVERSITARIO": 0 }, "geometry": { "type": "Point", "coordinates": [ 3162085.845055870711803, 2033117.776114425389096 ] } },
{ "type": "Feature", "properties": { "centro_codigo": "28019737", "centro_nombre": "ALTAIR, COLEGIO INTERNACIONAL", "centro_tipo_descripcion": "CENTRO PRIVADO DE EDUCACIÓN INFANTIL, PRIMARIA Y SECUNDARIA", "centro_titularidad": "PRIVADO", "centro_titular": "ARGOLIDA,S.A.", "municipio_nombre": "Madrid", "distrito_nombre": "Chamartín", "direccion_coor_x": 441835.0, "direccion_coor_y": 4479454.0, "ARTE": 0, "DANZA": 0, "EDUCACIONADULTA": 0, "EDUCACIONESPECIAL": 0, "FORMACIONPROFESIONAL": 0, "HOSPITALARIA": 0, "IDIOMAS": 0, "INFANTIL": 1, "MILITAR": 0, "MUSICA": 0, "OTRO": 0, "OTRONOEDUCATIVO": 0, "PENITENCIARIO": 0, "PRIMARIA": 1, "SECUNDARIA": 1, "SUPERIOR": 0, "UNIVERSITARIO": 0 }, "geometry": { "type": "Point", "coordinates": [ 3161730.955903465859592, 2034704.294631246244535 ] } },
{ "type": "Feature", "properties": { "centro_codigo": "28019762", "centro_nombre": "MARIA VIRGEN", "centro_tipo_descripcion": "CENTRO PRIVADO DE EDUCACIÓN INFANTIL, PRIMARIA Y SECUNDARIA", "centro_titularidad": "PRIVADO CONCERTADO", "centro_titular": "FUNDACION EDUCATIVA JESUITINAS", "municipio_nombre": "Madrid", "distrito_nombre": "Chamartín", "direccion_coor_x": 441798.0, "direccion_coor_y": 4478451.0, "ARTE": 0, "DANZA": 0, "EDUCACIONADULTA": 0, "EDUCACIONESPECIAL": 0, "FORMACIONPROFESIONAL": 0, "HOSPITALARIA": 0, "IDIOMAS": 0, "INFANTIL": 1, "MILITAR": 0, "MUSICA": 0, "OTRO": 0, "OTRONOEDUCATIVO": 0, "PENITENCIARIO": 0, "PRIMARIA": 1, "SECUNDARIA": 1, "SUPERIOR": 0, "UNIVERSITARIO": 0 }, "geometry": { "type": "Point", "coordinates": [ 3161537.15007206145674, 2033722.340450084069744 ] } },
{ "type": "Feature", "properties": { "centro_codigo": "28019828", "centro_nombre": "AGUSTINIANO", "centro_tipo_descripcion": "CENTRO PRIVADO DE EDUCACIÓN INFANTIL, PRIMARIA Y SECUNDARIA", "centro_titularidad": "PRIVADO CONCERTADO", "centro_titular": "PADRES AGUSTINOS RECOLETOS", "municipio_nombre": "Madrid", "distrito_nombre": "Retiro", "direccion_coor_x": 443527.0, "direccion_coor_y": 4473724.0, "ARTE": 0, "DANZA": 0, "EDUCACIONADULTA": 0, "EDUCACIONESPECIAL": 0, "FORMACIONPROFESIONAL": 0, "HOSPITALARIA": 0, "IDIOMAS": 0, "INFANTIL": 1, "MILITAR": 0, "MUSICA": 0, "OTRO": 0, "OTRONOEDUCATIVO": 0, "PENITENCIARIO": 0, "PRIMARIA": 1, "SECUNDARIA": 1, "SUPERIOR": 0, "UNIVERSITARIO": 0 }, "geometry": { "type": "Point", "coordinates": [ 3162504.649118931032717, 2028765.237867985619232 ] } },
{ "type": "Feature", "properties": { "centro_codigo": "28019889", "centro_nombre": "LOPE DE VEGA", "centro_tipo_descripcion": "INSTITUTO DE EDUCACIÓN SECUNDARIA", "centro_titularidad": "PÚBLICO", "centro_titular": "COMUNIDAD DE MADRID", "municipio_nombre": "Madrid", "distrito_nombre": "Centro", "direccion_coor_x": 440080.0, "direccion_coor_y": 4475389.0, "ARTE": 0, "DANZA": 0, "EDUCACIONADULTA": 0, "EDUCACIONESPECIAL": 0, "FORMACIONPROFESIONAL": 0, "HOSPITALARIA": 0, "IDIOMAS": 0, "INFANTIL": 0, "MILITAR": 0, "MUSICA": 0, "OTRO": 0, "OTRONOEDUCATIVO": 0, "PENITENCIARIO": 0, "PRIMARIA": 0, "SECUNDARIA": 1, "SUPERIOR": 0, "UNIVERSITARIO": 0 }, "geometry": { "type": "Point", "coordinates": [ 3159359.767805150710046, 2031002.428440775955096 ] } },
{ "type": "Feature", "properties": { "centro_codigo": "28019907", "centro_nombre": "DARIO ESTUDIO", "centro_tipo_descripcion": "CENTRO PRIVADO DE EDUCACIÓN SECUNDARIA", "centro_titularidad": "PRIVADO", "centro_titular": "FRANCISCO ROCAMORA JARA", "municipio_nombre": "Madrid", "distrito_nombre": "Centro", "direccion_coor_x": 439789.0, "direccion_coor_y": 4474891.0, "ARTE": 0, "DANZA": 0, "EDUCACIONADULTA": 0, "EDUCACIONESPECIAL": 0, "FORMACIONPROFESIONAL": 0, "HOSPITALARIA": 0, "IDIOMAS": 0, "INFANTIL": 0, "MILITAR": 0, "MUSICA": 0, "OTRO": 0, "OTRONOEDUCATIVO": 0, "PENITENCIARIO": 0, "PRIMARIA": 0, "SECUNDARIA": 1, "SUPERIOR": 0, "UNIVERSITARIO": 0 }, "geometry": { "type": "Point", "coordinates": [ 3158994.202958996873349, 2030562.079137122025713 ] } },
{ "type": "Feature", "properties": { "centro_codigo": "28019971", "centro_nombre": "BARAJAS", "centro_tipo_descripcion": "INSTITUTO DE EDUCACIÓN SECUNDARIA", "centro_titularidad": "PÚBLICO", "centro_titular": "COMUNIDAD DE MADRID", "municipio_nombre": "Madrid", "distrito_nombre": "Barajas", "direccion_coor_x": 449192.0, "direccion_coor_y": 4477987.0, "ARTE": 0, "DANZA": 0, "EDUCACIONADULTA": 0, "EDUCACIONESPECIAL": 0, "FORMACIONPROFESIONAL": 0, "HOSPITALARIA": 0, "IDIOMAS": 0, "INFANTIL": 0, "MILITAR": 0, "MUSICA": 0, "OTRO": 0, "OTRONOEDUCATIVO": 0, "PENITENCIARIO": 0, "PRIMARIA": 0, "SECUNDARIA": 1, "SUPERIOR": 0, "UNIVERSITARIO": 0 }, "geometry": { "type": "Point", "coordinates": [ 3168770.09316791407764, 2031986.068283858243376 ] } },
{ "type": "Feature", "properties": { "centro_codigo": "28020028", "centro_nombre": "SANTA BARBARA", "centro_tipo_descripcion": "CENTRO PRIVADO DE EDUCACIÓN SECUNDARIA", "centro_titularidad": "PRIVADO CONCERTADO", "centro_titular": "COOP.DE ENSEÑANZA S.ANDRES Y STA.BARBARA,SDAD.COOP.MADRILEÑA", "municipio_nombre": "Madrid", "distrito_nombre": "Centro", "direccion_coor_x": 439643.0, "direccion_coor_y": 4473804.0, "ARTE": 0, "DANZA": 0, "EDUCACIONADULTA": 0, "EDUCACIONESPECIAL": 0, "FORMACIONPROFESIONAL": 0, "HOSPITALARIA": 0, "IDIOMAS": 0, "INFANTIL": 0, "MILITAR": 0, "MUSICA": 0, "OTRO": 0, "OTRONOEDUCATIVO": 0, "PENITENCIARIO": 0, "PRIMARIA": 0, "SECUNDARIA": 1, "SUPERIOR": 0, "UNIVERSITARIO": 0 }, "geometry": { "type": "Point", "coordinates": [ 3158679.599347377195954, 2029516.241069700103253 ] } },
{ "type": "Feature", "properties": { "centro_codigo": "28020077", "centro_nombre": "BRISTOL", "centro_tipo_descripcion": "CENTRO PRIVADO DE EDUCACIÓN INFANTIL, PRIMARIA Y SECUNDARIA", "centro_titularidad": "PRIVADO", "centro_titular": "COLEGIO BRISTOL, S.A.", "municipio_nombre": "Madrid", "distrito_nombre": "Hortaleza", "direccion_coor_x": 448005.0, "direccion_coor_y": 4478415.0, "ARTE": 0, "DANZA": 0, "EDUCACIONADULTA": 0, "EDUCACIONESPECIAL": 0, "FORMACIONPROFESIONAL": 0, "HOSPITALARIA": 0, "IDIOMAS": 0, "INFANTIL": 1, "MILITAR": 0, "MUSICA": 0, "OTRO": 0, "OTRONOEDUCATIVO": 0, "PENITENCIARIO": 0, "PRIMARIA": 1, "SECUNDARIA": 1, "SUPERIOR": 0, "UNIVERSITARIO": 0 }, "geometry": { "type": "Point", "coordinates": [ 3167664.30288658477366, 2032613.057779923547059 ] } },
{ "type": "Feature", "properties": { "centro_codigo": "28020107", "centro_nombre": "SAGRADO CORAZON", "centro_tipo_descripcion": "CENTRO PRIVADO DE EDUCACIÓN INFANTIL, PRIMARIA Y SECUNDARIA", "centro_titularidad": "PRIVADO CONCERTADO", "centro_titular": "FUNDACION EDUCATIVA FRANCISCANAS ANA MOGAS", "municipio_nombre": "Madrid", "distrito_nombre": "Fuencarral-El Pardo", "direccion_coor_x": 441603.0, "direccion_coor_y": 4482860.0, "ARTE": 0, "DANZA": 0, "EDUCACIONADULTA": 0, "EDUCACIONESPECIAL": 0, "FORMACIONPROFESIONAL": 0, "HOSPITALARIA": 0, "IDIOMAS": 0, "INFANTIL": 1, "MILITAR": 0, "MUSICA": 0, "OTRO": 0, "OTRONOEDUCATIVO": 0, "PENITENCIARIO": 0, "PRIMARIA": 1, "SECUNDARIA": 1, "SUPERIOR": 0, "UNIVERSITARIO": 0 }, "geometry": { "type": "Point", "coordinates": [ 3162035.867223027627915, 2038100.768516410840675 ] } },
{ "type": "Feature", "properties": { "centro_codigo": "28020119", "centro_nombre": "GREGORIO MARAÑON", "centro_tipo_descripcion": "INSTITUTO DE EDUCACIÓN SECUNDARIA", "centro_titularidad": "PÚBLICO", "centro_titular": "COMUNIDAD DE MADRID", "municipio_nombre": "Madrid", "distrito_nombre": "Fuencarral-El Pardo", "direccion_coor_x": 439806.0, "direccion_coor_y": 4480654.0, "ARTE": 0, "DANZA": 0, "EDUCACIONADULTA": 0, "EDUCACIONESPECIAL": 0, "FORMACIONPROFESIONAL": 0, "HOSPITALARIA": 0, "IDIOMAS": 0, "INFANTIL": 0, "MILITAR": 0, "MUSICA": 0, "OTRO": 0, "OTRONOEDUCATIVO": 0, "PENITENCIARIO": 0, "PRIMARIA": 0, "SECUNDARIA": 1, "SUPERIOR": 0, "UNIVERSITARIO": 0 }, "geometry": { "type": "Point", "coordinates": [ 3159914.502708177082241, 2036238.004609368741512 ] } },
{ "type": "Feature", "properties": { "centro_codigo": "28020120", "centro_nombre": "CHAMBERI", "centro_tipo_descripcion": "CENTRO PRIVADO DE EDUCACIÓN INFANTIL, PRIMARIA Y SECUNDARIA", "centro_titularidad": "PRIVADO CONCERTADO", "centro_titular": "FUNDACIÓN MARISTAS IBÉRICA", "municipio_nombre": "Madrid", "distrito_nombre": "Chamberí", "direccion_coor_x": 441009.0, "direccion_coor_y": 4476130.0, "ARTE": 0, "DANZA": 0, "EDUCACIONADULTA": 0, "EDUCACIONESPECIAL": 0, "FORMACIONPROFESIONAL": 0, "HOSPITALARIA": 0, "IDIOMAS": 0, "INFANTIL": 1, "MILITAR": 0, "MUSICA": 0, "OTRO": 0, "OTRONOEDUCATIVO": 0, "PENITENCIARIO": 0, "PRIMARIA": 1, "SECUNDARIA": 1, "SUPERIOR": 0, "UNIVERSITARIO": 0 }, "geometry": { "type": "Point", "coordinates": [ 3160393.779237646609545, 2031571.798613334307447 ] } },
{ "type": "Feature", "properties": { "centro_codigo": "28020156", "centro_nombre": "CASA DE LA VIRGEN", "centro_tipo_descripcion": "CENTRO PRIVADO DE EDUCACIÓN INFANTIL, PRIMARIA Y SECUNDARIA", "centro_titularidad": "PRIVADO CONCERTADO", "centro_titular": "FUNDACION BENEFICO-DOCENTE CASA DE LA VIRGEN", "municipio_nombre": "Madrid", "distrito_nombre": "Ciudad Lineal", "direccion_coor_x": 444438.0, "direccion_coor_y": 4476357.0, "ARTE": 0, "DANZA": 0, "EDUCACIONADULTA": 0, "EDUCACIONESPECIAL": 0, "FORMACIONPROFESIONAL": 0, "HOSPITALARIA": 0, "IDIOMAS": 0, "INFANTIL": 1, "MILITAR": 0, "MUSICA": 0, "OTRO": 0, "OTRONOEDUCATIVO": 0, "PENITENCIARIO": 0, "PRIMARIA": 1, "SECUNDARIA": 1, "SUPERIOR": 0, "UNIVERSITARIO": 0 }, "geometry": { "type": "Point", "coordinates": [ 3163817.345902138389647, 2031202.115510141244158 ] } },
{ "type": "Feature", "properties": { "centro_codigo": "28020171", "centro_nombre": "SAN JOSE-LUCERO", "centro_tipo_descripcion": "CENTRO PRIVADO DE EDUCACIÓN INFANTIL, PRIMARIA Y SECUNDARIA", "centro_titularidad": "PRIVADO CONCERTADO", "centro_titular": "SAN JOSE-LUCERO, SDAD. COOP. MADRILEÑA", "municipio_nombre": "Madrid", "distrito_nombre": "Latina", "direccion_coor_x": 436682.0, "direccion_coor_y": 4472845.0, "ARTE": 0, "DANZA": 0, "EDUCACIONADULTA": 0, "EDUCACIONESPECIAL": 0, "FORMACIONPROFESIONAL": 0, "HOSPITALARIA": 0, "IDIOMAS": 0, "INFANTIL": 1, "MILITAR": 0, "MUSICA": 0, "OTRO": 0, "OTRONOEDUCATIVO": 0, "PENITENCIARIO": 0, "PRIMARIA": 1, "SECUNDARIA": 1, "SUPERIOR": 0, "UNIVERSITARIO": 0 }, "geometry": { "type": "Point", "coordinates": [ 3155603.798096941784024, 2029083.927071337820962 ] } },
{ "type": "Feature", "properties": { "centro_codigo": "28020201", "centro_nombre": "BARRIO SIMANCAS", "centro_tipo_descripcion": "INSTITUTO DE EDUCACIÓN SECUNDARIA", "centro_titularidad": "PÚBLICO", "centro_titular": "COMUNIDAD DE MADRID", "municipio_nombre": "Madrid", "distrito_nombre": "San Blas-Canillejas", "direccion_coor_x": 446952.0, "direccion_coor_y": 4475562.0, "ARTE": 0, "DANZA": 0, "EDUCACIONADULTA": 0, "EDUCACIONESPECIAL": 0, "FORMACIONPROFESIONAL": 0, "HOSPITALARIA": 0, "IDIOMAS": 0, "INFANTIL": 0, "MILITAR": 0, "MUSICA": 0, "OTRO": 0, "OTRONOEDUCATIVO": 0, "PENITENCIARIO": 0, "PRIMARIA": 0, "SECUNDARIA": 1, "SUPERIOR": 0, "UNIVERSITARIO": 0 }, "geometry": { "type": "Point", "coordinates": [ 3166176.798134685028344, 2029983.887631909921765 ] } },
{ "type": "Feature", "properties": { "centro_codigo": "28020235", "centro_nombre": "LOURDES", "centro_tipo_descripcion": "CENTRO PRIVADO DE EDUCACIÓN INFANTIL, PRIMARIA Y SECUNDARIA", "centro_titularidad": "PRIVADO CONCERTADO", "centro_titular": "FUNDACION HOGAR DEL EMPLEADO", "municipio_nombre": "Madrid", "distrito_nombre": "Latina", "direccion_coor_x": 435541.0, "direccion_coor_y": 4472750.0, "ARTE": 0, "DANZA": 0, "EDUCACIONADULTA": 0, "EDUCACIONESPECIAL": 0, "FORMACIONPROFESIONAL": 0, "HOSPITALARIA": 0, "IDIOMAS": 0, "INFANTIL": 1, "MILITAR": 0, "MUSICA": 0, "OTRO": 0, "OTRONOEDUCATIVO": 0, "PENITENCIARIO": 0, "PRIMARIA": 1, "SECUNDARIA": 1, "SUPERIOR": 0, "UNIVERSITARIO": 0 }, "geometry": { "type": "Point", "coordinates": [ 3154461.60534380748868, 2029187.9207034164574 ] } },
{ "type": "Feature", "properties": { "centro_codigo": "28020272", "centro_nombre": "MATER SALVATORIS", "centro_tipo_descripcion": "CENTRO PRIVADO DE EDUCACIÓN INFANTIL, PRIMARIA Y SECUNDARIA", "centro_titularidad": "PRIVADO", "centro_titular": "RELIGIOSAS DE LA COMPAÑÍA EL SALVADOR", "municipio_nombre": "Madrid", "distrito_nombre": "Moncloa-Aravaca", "direccion_coor_x": 434561.0, "direccion_coor_y": 4479629.0, "ARTE": 0, "DANZA": 0, "EDUCACIONADULTA": 0, "EDUCACIONESPECIAL": 0, "FORMACIONPROFESIONAL": 0, "HOSPITALARIA": 0, "IDIOMAS": 0, "INFANTIL": 1, "MILITAR": 0, "MUSICA": 0, "OTRO": 0, "OTRONOEDUCATIVO": 0, "PENITENCIARIO": 0, "PRIMARIA": 1, "SECUNDARIA": 1, "SUPERIOR": 0, "UNIVERSITARIO": 0 }, "geometry": { "type": "Point", "coordinates": [ 3154571.977322293911129, 2036136.291081259259954 ] } },
{ "type": "Feature", "properties": { "centro_codigo": "28020341", "centro_nombre": "VIRGEN DE LA PALOMA", "centro_tipo_descripcion": "INSTITUTO DE EDUCACIÓN SECUNDARIA", "centro_titularidad": "PÚBLICO", "centro_titular": "COMUNIDAD DE MADRID", "municipio_nombre": "Madrid", "distrito_nombre": "Moncloa-Aravaca", "direccion_coor_x": 439312.0, "direccion_coor_y": 4478941.0, "ARTE": 0, "DANZA": 0, "EDUCACIONADULTA": 0, "EDUCACIONESPECIAL": 0, "FORMACIONPROFESIONAL": 0, "HOSPITALARIA": 0, "IDIOMAS": 0, "INFANTIL": 0, "MILITAR": 0, "MUSICA": 0, "OTRO": 0, "OTRONOEDUCATIVO": 0, "PENITENCIARIO": 0, "PRIMARIA": 0, "SECUNDARIA": 1, "SUPERIOR": 0, "UNIVERSITARIO": 0 }, "geometry": { "type": "Point", "coordinates": [ 3159157.821456707082689, 2034635.516994441626593 ] } },
{ "type": "Feature", "properties": { "centro_codigo": "28020417", "centro_nombre": "SANTA MARIA DEL YERMO", "centro_tipo_descripcion": "CENTRO PRIVADO DE EDUCACIÓN INFANTIL, PRIMARIA Y SECUNDARIA", "centro_titularidad": "PRIVADO CONCERTADO", "centro_titular": "FUNDACION EDUCATIVA SANTO DOMINGO", "municipio_nombre": "Madrid", "distrito_nombre": "Chamberí", "direccion_coor_x": 439238.0, "direccion_coor_y": 4476960.0, "ARTE": 0, "DANZA": 0, "EDUCACIONADULTA": 0, "EDUCACIONESPECIAL": 0, "FORMACIONPROFESIONAL": 0, "HOSPITALARIA": 0, "IDIOMAS": 0, "INFANTIL": 1, "MILITAR": 0, "MUSICA": 0, "OTRO": 0, "OTRONOEDUCATIVO": 0, "PENITENCIARIO": 0, "PRIMARIA": 1, "SECUNDARIA": 1, "SUPERIOR": 0, "UNIVERSITARIO": 0 }, "geometry": { "type": "Point", "coordinates": [ 3158774.120564130134881, 2032696.243255352368578 ] } },
{ "type": "Feature", "properties": { "centro_codigo": "28020429", "centro_nombre": "MARIA AUXILIADORA", "centro_tipo_descripcion": "CENTRO PRIVADO DE EDUCACIÓN INFANTIL, PRIMARIA Y SECUNDARIA", "centro_titularidad": "PRIVADO CONCERTADO", "centro_titular": "HIJAS DE MARIA AUXILIADORA", "municipio_nombre": "Madrid", "distrito_nombre": "Tetuán", "direccion_coor_x": 440105.0, "direccion_coor_y": 4478864.0, "ARTE": 0, "DANZA": 0, "EDUCACIONADULTA": 0, "EDUCACIONESPECIAL": 0, "FORMACIONPROFESIONAL": 0, "HOSPITALARIA": 0, "IDIOMAS": 0, "INFANTIL": 1, "MILITAR": 0, "MUSICA": 0, "OTRO": 0, "OTRONOEDUCATIVO": 0, "PENITENCIARIO": 0, "PRIMARIA": 1, "SECUNDARIA": 1, "SUPERIOR": 0, "UNIVERSITARIO": 0 }, "geometry": { "type": "Point", "coordinates": [ 3159929.218547527678311, 2034422.355700448621064 ] } },
{ "type": "Feature", "properties": { "centro_codigo": "28020491", "centro_nombre": "COLEGIO CEU SAN PABLO DE CLAUDIO COELLO", "centro_tipo_descripcion": "CENTRO PRIVADO DE EDUCACIÓN SECUNDARIA", "centro_titularidad": "PRIVADO", "centro_titular": "FUNDACION UNIVERSITARIA SAN PABLO CEU", "municipio_nombre": "Madrid", "distrito_nombre": "Salamanca", "direccion_coor_x": 439171.0, "direccion_coor_y": 4475586.0, "ARTE": 0, "DANZA": 0, "EDUCACIONADULTA": 0, "EDUCACIONESPECIAL": 0, "FORMACIONPROFESIONAL": 0, "HOSPITALARIA": 0, "IDIOMAS": 0, "INFANTIL": 0, "MILITAR": 0, "MUSICA": 0, "OTRO": 0, "OTRONOEDUCATIVO": 0, "PENITENCIARIO": 0, "PRIMARIA": 0, "SECUNDARIA": 1, "SUPERIOR": 0, "UNIVERSITARIO": 0 }, "geometry": { "type": "Point", "coordinates": [ 3158492.542028692550957, 2031353.909615874290466 ] } },
{ "type": "Feature", "properties": { "centro_codigo": "28020545", "centro_nombre": "CONDE DE ORGAZ", "centro_tipo_descripcion": "INSTITUTO DE EDUCACIÓN SECUNDARIA", "centro_titularidad": "PÚBLICO", "centro_titular": "COMUNIDAD DE MADRID", "municipio_nombre": "Madrid", "distrito_nombre": "Hortaleza", "direccion_coor_x": 445189.0, "direccion_coor_y": 4479012.0, "ARTE": 0, "DANZA": 0, "EDUCACIONADULTA": 0, "EDUCACIONESPECIAL": 0, "FORMACIONPROFESIONAL": 0, "HOSPITALARIA": 0, "IDIOMAS": 0, "INFANTIL": 0, "MILITAR": 0, "MUSICA": 0, "OTRO": 0, "OTRONOEDUCATIVO": 0, "PENITENCIARIO": 0, "PRIMARIA": 0, "SECUNDARIA": 1, "SUPERIOR": 0, "UNIVERSITARIO": 0 }, "geometry": { "type": "Point", "coordinates": [ 3164975.49152593780309, 2033688.392124333418906 ] } },
{ "type": "Feature", "properties": { "centro_codigo": "28020557", "centro_nombre": "CARLOS III", "centro_tipo_descripcion": "INSTITUTO DE EDUCACIÓN SECUNDARIA", "centro_titularidad": "PÚBLICO", "centro_titular": "COMUNIDAD DE MADRID", "municipio_nombre": "Madrid", "distrito_nombre": "San Blas-Canillejas", "direccion_coor_x": 447871.0, "direccion_coor_y": 4475100.0, "ARTE": 0, "DANZA": 0, "EDUCACIONADULTA": 0, "EDUCACIONESPECIAL": 0, "FORMACIONPROFESIONAL": 0, "HOSPITALARIA": 0, "IDIOMAS": 0, "INFANTIL": 0, "MILITAR": 0, "MUSICA": 0, "OTRO": 0, "OTRONOEDUCATIVO": 0, "PENITENCIARIO": 0, "PRIMARIA": 0, "SECUNDARIA": 1, "SUPERIOR": 0, "UNIVERSITARIO": 0 }, "geometry": { "type": "Point", "coordinates": [ 3167012.482646508142352, 2029369.724519101670012 ] } },
{ "type": "Feature", "properties": { "centro_codigo": "28020570", "centro_nombre": "SAN BLAS", "centro_tipo_descripcion": "INSTITUTO DE EDUCACIÓN SECUNDARIA", "centro_titularidad": "PÚBLICO", "centro_titular": "COMUNIDAD DE MADRID", "municipio_nombre": "Madrid", "distrito_nombre": "San Blas-Canillejas", "direccion_coor_x": 447974.0, "direccion_coor_y": 4475261.0, "ARTE": 0, "DANZA": 0, "EDUCACIONADULTA": 0, "EDUCACIONESPECIAL": 0, "FORMACIONPROFESIONAL": 0, "HOSPITALARIA": 0, "IDIOMAS": 0, "INFANTIL": 0, "MILITAR": 0, "MUSICA": 0, "OTRO": 0, "OTRONOEDUCATIVO": 0, "PENITENCIARIO": 0, "PRIMARIA": 0, "SECUNDARIA": 1, "SUPERIOR": 0, "UNIVERSITARIO": 0 }, "geometry": { "type": "Point", "coordinates": [ 3167139.479824671521783, 2029510.557193901157007 ] } },
{ "type": "Feature", "properties": { "centro_codigo": "28020582", "centro_nombre": "GÓMEZ MORENO", "centro_tipo_descripcion": "INSTITUTO DE EDUCACIÓN SECUNDARIA", "centro_titularidad": "PÚBLICO", "centro_titular": "COMUNIDAD DE MADRID", "municipio_nombre": "Madrid", "distrito_nombre": "San Blas-Canillejas", "direccion_coor_x": 447770.0, "direccion_coor_y": 4475903.0, "ARTE": 0, "DANZA": 0, "EDUCACIONADULTA": 0, "EDUCACIONESPECIAL": 0, "FORMACIONPROFESIONAL": 0, "HOSPITALARIA": 0, "IDIOMAS": 0, "INFANTIL": 0, "MILITAR": 0, "MUSICA": 0, "OTRO": 0, "OTRONOEDUCATIVO": 0, "PENITENCIARIO": 0, "PRIMARIA": 0, "SECUNDARIA": 1, "SUPERIOR": 0, "UNIVERSITARIO": 0 }, "geometry": { "type": "Point", "coordinates": [ 3167038.486673983745277, 2030178.437621494755149 ] } },
{ "type": "Feature", "properties": { "centro_codigo": "28020624", "centro_nombre": "REY PASTOR", "centro_tipo_descripcion": "INSTITUTO DE EDUCACIÓN SECUNDARIA", "centro_titularidad": "PÚBLICO", "centro_titular": "COMUNIDAD DE MADRID", "municipio_nombre": "Madrid", "distrito_nombre": "Moratalaz", "direccion_coor_x": 445014.0, "direccion_coor_y": 4473541.0, "ARTE": 0, "DANZA": 0, "EDUCACIONADULTA": 0, "EDUCACIONESPECIAL": 0, "FORMACIONPROFESIONAL": 0, "HOSPITALARIA": 0, "IDIOMAS": 0, "INFANTIL": 0, "MILITAR": 0, "MUSICA": 0, "OTRO": 0, "OTRONOEDUCATIVO": 0, "PENITENCIARIO": 0, "PRIMARIA": 0, "SECUNDARIA": 1, "SUPERIOR": 0, "UNIVERSITARIO": 0 }, "geometry": { "type": "Point", "coordinates": [ 3163945.255725181661546, 2028327.66573263052851 ] } },
{ "type": "Feature", "properties": { "centro_codigo": "28020648", "centro_nombre": "VALLECAS I", "centro_tipo_descripcion": "INSTITUTO DE EDUCACIÓN SECUNDARIA", "centro_titularidad": "PÚBLICO", "centro_titular": "COMUNIDAD DE MADRID", "municipio_nombre": "Madrid", "distrito_nombre": "Puente de Vallecas", "direccion_coor_x": 443721.0, "direccion_coor_y": 4471806.0, "ARTE": 0, "DANZA": 0, "EDUCACIONADULTA": 0, "EDUCACIONESPECIAL": 0, "FORMACIONPROFESIONAL": 0, "HOSPITALARIA": 0, "IDIOMAS": 0, "INFANTIL": 0, "MILITAR": 0, "MUSICA": 0, "OTRO": 0, "OTRONOEDUCATIVO": 0, "PENITENCIARIO": 0, "PRIMARIA": 0, "SECUNDARIA": 1, "SUPERIOR": 0, "UNIVERSITARIO": 0 }, "geometry": { "type": "Point", "coordinates": [ 3162395.872059580869973, 2026841.74721358390525 ] } },
{ "type": "Feature", "properties": { "centro_codigo": "28020703", "centro_nombre": "ENRIQUE TIERNO GALVAN", "centro_tipo_descripcion": "INSTITUTO DE EDUCACIÓN SECUNDARIA", "centro_titularidad": "PÚBLICO", "centro_titular": "COMUNIDAD DE MADRID", "municipio_nombre": "Madrid", "distrito_nombre": "Usera", "direccion_coor_x": 440978.0, "direccion_coor_y": 4469075.0, "ARTE": 0, "DANZA": 0, "EDUCACIONADULTA": 0, "EDUCACIONESPECIAL": 0, "FORMACIONPROFESIONAL": 0, "HOSPITALARIA": 0, "IDIOMAS": 0, "INFANTIL": 0, "MILITAR": 0, "MUSICA": 0, "OTRO": 0, "OTRONOEDUCATIVO": 0, "PENITENCIARIO": 0, "PRIMARIA": 0, "SECUNDARIA": 1, "SUPERIOR": 0, "UNIVERSITARIO": 0 }, "geometry": { "type": "Point", "coordinates": [ 3159257.800834639929235, 2024625.377389866393059 ] } },
{ "type": "Feature", "properties": { "centro_codigo": "28020715", "centro_nombre": "PIO BAROJA", "centro_tipo_descripcion": "INSTITUTO DE EDUCACIÓN SECUNDARIA", "centro_titularidad": "PÚBLICO", "centro_titular": "COMUNIDAD DE MADRID", "municipio_nombre": "Madrid", "distrito_nombre": "Usera", "direccion_coor_x": 438974.0, "direccion_coor_y": 4469398.0, "ARTE": 0, "DANZA": 0, "EDUCACIONADULTA": 0, "EDUCACIONESPECIAL": 0, "FORMACIONPROFESIONAL": 0, "HOSPITALARIA": 0, "IDIOMAS": 0, "INFANTIL": 0, "MILITAR": 0, "MUSICA": 0, "OTRO": 0, "OTRONOEDUCATIVO": 0, "PENITENCIARIO": 0, "PRIMARIA": 0, "SECUNDARIA": 1, "SUPERIOR": 0, "UNIVERSITARIO": 0 }, "geometry": { "type": "Point", "coordinates": [ 3157328.294718344230205, 2025290.511154221836478 ] } },
{ "type": "Feature", "properties": { "centro_codigo": "28020727", "centro_nombre": "PARQUE ALUCHE", "centro_tipo_descripcion": "INSTITUTO DE EDUCACIÓN SECUNDARIA", "centro_titularidad": "PÚBLICO", "centro_titular": "COMUNIDAD DE MADRID", "municipio_nombre": "Madrid", "distrito_nombre": "Latina", "direccion_coor_x": 435179.0, "direccion_coor_y": 4471345.0, "ARTE": 0, "DANZA": 0, "EDUCACIONADULTA": 0, "EDUCACIONESPECIAL": 0, "FORMACIONPROFESIONAL": 0, "HOSPITALARIA": 0, "IDIOMAS": 0, "INFANTIL": 0, "MILITAR": 0, "MUSICA": 0, "OTRO": 0, "OTRONOEDUCATIVO": 0, "PENITENCIARIO": 0, "PRIMARIA": 0, "SECUNDARIA": 1, "SUPERIOR": 0, "UNIVERSITARIO": 0 }, "geometry": { "type": "Point", "coordinates": [ 3153883.76456549577415, 2027866.15527382818982 ] } },
{ "type": "Feature", "properties": { "centro_codigo": "28020739", "centro_nombre": "EIJO Y GARAY", "centro_tipo_descripcion": "INSTITUTO DE EDUCACIÓN SECUNDARIA", "centro_titularidad": "PÚBLICO", "centro_titular": "COMUNIDAD DE MADRID", "municipio_nombre": "Madrid", "distrito_nombre": "Latina", "direccion_coor_x": 437309.0, "direccion_coor_y": 4473321.0, "ARTE": 0, "DANZA": 0, "EDUCACIONADULTA": 0, "EDUCACIONESPECIAL": 0, "FORMACIONPROFESIONAL": 0, "HOSPITALARIA": 0, "IDIOMAS": 0, "INFANTIL": 0, "MILITAR": 0, "MUSICA": 0, "OTRO": 0, "OTRONOEDUCATIVO": 0, "PENITENCIARIO": 0, "PRIMARIA": 0, "SECUNDARIA": 1, "SUPERIOR": 0, "UNIVERSITARIO": 0 }, "geometry": { "type": "Point", "coordinates": [ 3156297.875342210754752, 2029444.394819356966764 ] } },
{ "type": "Feature", "properties": { "centro_codigo": "28020806", "centro_nombre": "NUESTRA SEÑORA DE LA ALMUDENA", "centro_tipo_descripcion": "INSTITUTO DE EDUCACIÓN SECUNDARIA", "centro_titularidad": "PÚBLICO", "centro_titular": "COMUNIDAD DE MADRID", "municipio_nombre": "Madrid", "distrito_nombre": "Tetuán", "direccion_coor_x": 440788.0, "direccion_coor_y": 4479494.0, "ARTE": 0, "DANZA": 0, "EDUCACIONADULTA": 0, "EDUCACIONESPECIAL": 0, "FORMACIONPROFESIONAL": 0, "HOSPITALARIA": 0, "IDIOMAS": 0, "INFANTIL": 0, "MILITAR": 0, "MUSICA": 0, "OTRO": 0, "OTRONOEDUCATIVO": 0, "PENITENCIARIO": 0, "PRIMARIA": 0, "SECUNDARIA": 1, "SUPERIOR": 0, "UNIVERSITARIO": 0 }, "geometry": { "type": "Point", "coordinates": [ 3160702.795969010796398, 2034924.931571095250547 ] } },
{ "type": "Feature", "properties": { "centro_codigo": "28020831", "centro_nombre": "TETUAN DE LAS VICTORIAS", "centro_tipo_descripcion": "INSTITUTO DE EDUCACIÓN SECUNDARIA", "centro_titularidad": "PÚBLICO", "centro_titular": "COMUNIDAD DE MADRID", "municipio_nombre": "Madrid", "distrito_nombre": "Tetuán", "direccion_coor_x": 440924.0, "direccion_coor_y": 4480505.0, "ARTE": 0, "DANZA": 0, "EDUCACIONADULTA": 0, "EDUCACIONESPECIAL": 0, "FORMACIONPROFESIONAL": 0, "HOSPITALARIA": 0, "IDIOMAS": 0, "INFANTIL": 0, "MILITAR": 0, "MUSICA": 0, "OTRO": 0, "OTRONOEDUCATIVO": 0, "PENITENCIARIO": 0, "PRIMARIA": 0, "SECUNDARIA": 1, "SUPERIOR": 0, "UNIVERSITARIO": 0 }, "geometry": { "type": "Point", "coordinates": [ 3160995.692978986073285, 2035897.639921240042895 ] } },
{ "type": "Feature", "properties": { "centro_codigo": "28020855", "centro_nombre": "CARDENAL HERRERA ORIA", "centro_tipo_descripcion": "INSTITUTO DE EDUCACIÓN SECUNDARIA", "centro_titularidad": "PÚBLICO", "centro_titular": "COMUNIDAD DE MADRID", "municipio_nombre": "Madrid", "distrito_nombre": "Fuencarral-El Pardo", "direccion_coor_x": 439677.0, "direccion_coor_y": 4481555.0, "ARTE": 0, "DANZA": 0, "EDUCACIONADULTA": 0, "EDUCACIONESPECIAL": 0, "FORMACIONPROFESIONAL": 0, "HOSPITALARIA": 0, "IDIOMAS": 0, "INFANTIL": 0, "MILITAR": 0, "MUSICA": 0, "OTRO": 0, "OTRONOEDUCATIVO": 0, "PENITENCIARIO": 0, "PRIMARIA": 0, "SECUNDARIA": 1, "SUPERIOR": 0, "UNIVERSITARIO": 0 }, "geometry": { "type": "Point", "coordinates": [ 3159928.363866121508181, 2037148.200803955085576 ] } },
{ "type": "Feature", "properties": { "centro_codigo": "28020892", "centro_nombre": "BEATRIZ GALINDO", "centro_tipo_descripcion": "INSTITUTO DE EDUCACIÓN SECUNDARIA", "centro_titularidad": "PÚBLICO", "centro_titular": "COMUNIDAD DE MADRID", "municipio_nombre": "Madrid", "distrito_nombre": "Salamanca", "direccion_coor_x": 441788.0, "direccion_coor_y": 4475172.0, "ARTE": 0, "DANZA": 0, "EDUCACIONADULTA": 0, "EDUCACIONESPECIAL": 0, "FORMACIONPROFESIONAL": 0, "HOSPITALARIA": 0, "IDIOMAS": 0, "INFANTIL": 0, "MILITAR": 0, "MUSICA": 0, "OTRO": 0, "OTRONOEDUCATIVO": 0, "PENITENCIARIO": 0, "PRIMARIA": 0, "SECUNDARIA": 1, "SUPERIOR": 0, "UNIVERSITARIO": 0 }, "geometry": { "type": "Point", "coordinates": [ 3161013.312257744371891, 2030492.976320161251351 ] } },
{ "type": "Feature", "properties": { "centro_codigo": "28020909", "centro_nombre": "ISABEL LA CATOLICA", "centro_tipo_descripcion": "INSTITUTO DE EDUCACIÓN SECUNDARIA", "centro_titularidad": "PÚBLICO", "centro_titular": "COMUNIDAD DE MADRID", "municipio_nombre": "Madrid", "distrito_nombre": "Retiro", "direccion_coor_x": 441601.0, "direccion_coor_y": 4473437.0, "ARTE": 0, "DANZA": 0, "EDUCACIONADULTA": 0, "EDUCACIONESPECIAL": 0, "FORMACIONPROFESIONAL": 0, "HOSPITALARIA": 0, "IDIOMAS": 0, "INFANTIL": 0, "MILITAR": 0, "MUSICA": 0, "OTRO": 0, "OTRONOEDUCATIVO": 0, "PENITENCIARIO": 0, "PRIMARIA": 0, "SECUNDARIA": 1, "SUPERIOR": 0, "UNIVERSITARIO": 0 }, "geometry": { "type": "Point", "coordinates": [ 3160556.674255635589361, 2028815.709348226431757 ] } },
{ "type": "Feature", "properties": { "centro_codigo": "28020910", "centro_nombre": "JUAN DE LA CIERVA", "centro_tipo_descripcion": "INSTITUTO DE EDUCACIÓN SECUNDARIA", "centro_titularidad": "PÚBLICO", "centro_titular": "COMUNIDAD DE MADRID", "municipio_nombre": "Madrid", "distrito_nombre": "Arganzuela", "direccion_coor_x": 440056.0, "direccion_coor_y": 4472636.0, "ARTE": 0, "DANZA": 0, "EDUCACIONADULTA": 0, "EDUCACIONESPECIAL": 0, "FORMACIONPROFESIONAL": 0, "HOSPITALARIA": 0, "IDIOMAS": 0, "INFANTIL": 0, "MILITAR": 0, "MUSICA": 0, "OTRO": 0, "OTRONOEDUCATIVO": 0, "PENITENCIARIO": 0, "PRIMARIA": 0, "SECUNDARIA": 1, "SUPERIOR": 0, "UNIVERSITARIO": 0 }, "geometry": { "type": "Point", "coordinates": [ 3158904.635855467524379, 2028293.830248653423041 ] } },
{ "type": "Feature", "properties": { "centro_codigo": "28020934", "centro_nombre": "CARDENAL CISNEROS", "centro_tipo_descripcion": "INSTITUTO DE EDUCACIÓN SECUNDARIA", "centro_titularidad": "PÚBLICO", "centro_titular": "COMUNIDAD DE MADRID", "municipio_nombre": "Madrid", "distrito_nombre": "Centro", "direccion_coor_x": 439912.0, "direccion_coor_y": 4475107.0, "ARTE": 0, "DANZA": 0, "EDUCACIONADULTA": 0, "EDUCACIONESPECIAL": 0, "FORMACIONPROFESIONAL": 0, "HOSPITALARIA": 0, "IDIOMAS": 0, "INFANTIL": 0, "MILITAR": 0, "MUSICA": 0, "OTRO": 0, "OTRONOEDUCATIVO": 0, "PENITENCIARIO": 0, "PRIMARIA": 0, "SECUNDARIA": 1, "SUPERIOR": 0, "UNIVERSITARIO": 0 }, "geometry": { "type": "Point", "coordinates": [ 3159149.582548861857504, 2030753.630573891568929 ] } },
{ "type": "Feature", "properties": { "centro_codigo": "28020946", "centro_nombre": "SAN ISIDRO", "centro_tipo_descripcion": "INSTITUTO DE EDUCACIÓN SECUNDARIA", "centro_titularidad": "PÚBLICO", "centro_titular": "COMUNIDAD DE MADRID", "municipio_nombre": "Madrid", "distrito_nombre": "Centro", "direccion_coor_x": 439982.0, "direccion_coor_y": 4473798.0, "ARTE": 0, "DANZA": 0, "EDUCACIONADULTA": 0, "EDUCACIONESPECIAL": 0, "FORMACIONPROFESIONAL": 0, "HOSPITALARIA": 0, "IDIOMAS": 0, "INFANTIL": 0, "MILITAR": 0, "MUSICA": 0, "OTRO": 0, "OTRONOEDUCATIVO": 0, "PENITENCIARIO": 0, "PRIMARIA": 0, "SECUNDARIA": 1, "SUPERIOR": 0, "UNIVERSITARIO": 0 }, "geometry": { "type": "Point", "coordinates": [ 3159013.601100924890488, 2029451.646775075700134 ] } },
{ "type": "Feature", "properties": { "centro_codigo": "28020958", "centro_nombre": "EMPERATRIZ MARIA DE AUSTRIA", "centro_tipo_descripcion": "INSTITUTO DE EDUCACIÓN SECUNDARIA", "centro_titularidad": "PÚBLICO", "centro_titular": "COMUNIDAD DE MADRID", "municipio_nombre": "Madrid", "distrito_nombre": "Carabanchel", "direccion_coor_x": 439137.0, "direccion_coor_y": 4470976.0, "ARTE": 0, "DANZA": 0, "EDUCACIONADULTA": 0, "EDUCACIONESPECIAL": 0, "FORMACIONPROFESIONAL": 0, "HOSPITALARIA": 0, "IDIOMAS": 0, "INFANTIL": 0, "MILITAR": 0, "MUSICA": 0, "OTRO": 0, "OTRONOEDUCATIVO": 0, "PENITENCIARIO": 0, "PRIMARIA": 0, "SECUNDARIA": 1, "SUPERIOR": 0, "UNIVERSITARIO": 0 }, "geometry": { "type": "Point", "coordinates": [ 3157736.542918463237584, 2026817.196980301523581 ] } },
{ "type": "Feature", "properties": { "centro_codigo": "28020961", "centro_nombre": "CALDERON DE LA BARCA", "centro_tipo_descripcion": "INSTITUTO DE EDUCACIÓN SECUNDARIA", "centro_titularidad": "PÚBLICO", "centro_titular": "COMUNIDAD DE MADRID", "municipio_nombre": "Madrid", "distrito_nombre": "Carabanchel", "direccion_coor_x": 439137.0, "direccion_coor_y": 4470976.0, "ARTE": 0, "DANZA": 0, "EDUCACIONADULTA": 0, "EDUCACIONESPECIAL": 0, "FORMACIONPROFESIONAL": 0, "HOSPITALARIA": 0, "IDIOMAS": 0, "INFANTIL": 0, "MILITAR": 0, "MUSICA": 0, "OTRO": 0, "OTRONOEDUCATIVO": 0, "PENITENCIARIO": 0, "PRIMARIA": 0, "SECUNDARIA": 1, "SUPERIOR": 0, "UNIVERSITARIO": 0 }, "geometry": { "type": "Point", "coordinates": [ 3157736.542918463237584, 2026817.196980301523581 ] } },
{ "type": "Feature", "properties": { "centro_codigo": "28021008", "centro_nombre": "VISTA ALEGRE", "centro_tipo_descripcion": "INSTITUTO DE EDUCACIÓN SECUNDARIA", "centro_titularidad": "PÚBLICO", "centro_titular": "COMUNIDAD DE MADRID", "municipio_nombre": "Madrid", "distrito_nombre": "Carabanchel", "direccion_coor_x": 437496.0, "direccion_coor_y": 4470772.0, "ARTE": 0, "DANZA": 0, "EDUCACIONADULTA": 0, "EDUCACIONESPECIAL": 0, "FORMACIONPROFESIONAL": 0, "HOSPITALARIA": 0, "IDIOMAS": 0, "INFANTIL": 0, "MILITAR": 0, "MUSICA": 0, "OTRO": 0, "OTRONOEDUCATIVO": 0, "PENITENCIARIO": 0, "PRIMARIA": 0, "SECUNDARIA": 1, "SUPERIOR": 0, "UNIVERSITARIO": 0 }, "geometry": { "type": "Point", "coordinates": [ 3156083.210758320987225, 2026900.286867324262857 ] } },
{ "type": "Feature", "properties": { "centro_codigo": "28021100", "centro_nombre": "COLEGIO MADRID-FUNDACIÓN SANTA MARÍA II", "centro_tipo_descripcion": "CENTRO PRIVADO DE EDUCACIÓN INFANTIL, PRIMARIA Y SECUNDARIA", "centro_titularidad": "PRIVADO", "centro_titular": "ELMARMAREL SANTA MARÍA, S.L.", "municipio_nombre": "Madrid", "distrito_nombre": "Ciudad Lineal", "direccion_coor_x": 443606.0, "direccion_coor_y": 4480542.0, "ARTE": 0, "DANZA": 0, "EDUCACIONADULTA": 0, "EDUCACIONESPECIAL": 0, "FORMACIONPROFESIONAL": 0, "HOSPITALARIA": 0, "IDIOMAS": 0, "INFANTIL": 1, "MILITAR": 0, "MUSICA": 0, "OTRO": 0, "OTRONOEDUCATIVO": 0, "PENITENCIARIO": 0, "PRIMARIA": 1, "SECUNDARIA": 1, "SUPERIOR": 0, "UNIVERSITARIO": 0 }, "geometry": { "type": "Point", "coordinates": [ 3163651.303096918389201, 2035469.934703917242587 ] } },
{ "type": "Feature", "properties": { "centro_codigo": "28021252", "centro_nombre": "PACIFICO", "centro_tipo_descripcion": "INSTITUTO DE EDUCACIÓN SECUNDARIA", "centro_titularidad": "PÚBLICO", "centro_titular": "COMUNIDAD DE MADRID", "municipio_nombre": "Madrid", "distrito_nombre": "Retiro", "direccion_coor_x": 443257.0, "direccion_coor_y": 4472824.0, "ARTE": 0, "DANZA": 0, "EDUCACIONADULTA": 0, "EDUCACIONESPECIAL": 0, "FORMACIONPROFESIONAL": 0, "HOSPITALARIA": 0, "IDIOMAS": 0, "INFANTIL": 0, "MILITAR": 0, "MUSICA": 0, "OTRO": 0, "OTRONOEDUCATIVO": 0, "PENITENCIARIO": 0, "PRIMARIA": 0, "SECUNDARIA": 1, "SUPERIOR": 0, "UNIVERSITARIO": 0 }, "geometry": { "type": "Point", "coordinates": [ 3162096.869443429633975, 2027925.123070885892957 ] } },
{ "type": "Feature", "properties": { "centro_codigo": "28021549", "centro_nombre": "PALOMERAS VALLECAS", "centro_tipo_descripcion": "INSTITUTO DE EDUCACIÓN SECUNDARIA", "centro_titularidad": "PÚBLICO", "centro_titular": "COMUNIDAD DE MADRID", "municipio_nombre": "Madrid", "distrito_nombre": "Puente de Vallecas", "direccion_coor_x": 446561.0, "direccion_coor_y": 4471020.0, "ARTE": 0, "DANZA": 0, "EDUCACIONADULTA": 0, "EDUCACIONESPECIAL": 0, "FORMACIONPROFESIONAL": 0, "HOSPITALARIA": 0, "IDIOMAS": 0, "INFANTIL": 0, "MILITAR": 0, "MUSICA": 0, "OTRO": 0, "OTRONOEDUCATIVO": 0, "PENITENCIARIO": 0, "PRIMARIA": 0, "SECUNDARIA": 1, "SUPERIOR": 0, "UNIVERSITARIO": 0 }, "geometry": { "type": "Point", "coordinates": [ 3165079.003592482302338, 2025576.019507031654939 ] } },
{ "type": "Feature", "properties": { "centro_codigo": "28021550", "centro_nombre": "GARCIA MORATO", "centro_tipo_descripcion": "INSTITUTO DE EDUCACIÓN SECUNDARIA", "centro_titularidad": "PÚBLICO", "centro_titular": "MINISTERIO DE DEFENSA", "municipio_nombre": "Madrid", "distrito_nombre": "Latina", "direccion_coor_x": 434827.0, "direccion_coor_y": 4469571.0, "ARTE": 0, "DANZA": 0, "EDUCACIONADULTA": 0, "EDUCACIONESPECIAL": 0, "FORMACIONPROFESIONAL": 0, "HOSPITALARIA": 0, "IDIOMAS": 0, "INFANTIL": 0, "MILITAR": 0, "MUSICA": 0, "OTRO": 0, "OTRONOEDUCATIVO": 0, "PENITENCIARIO": 0, "PRIMARIA": 0, "SECUNDARIA": 1, "SUPERIOR": 0, "UNIVERSITARIO": 0 }, "geometry": { "type": "Point", "coordinates": [ 3153258.015183929353952, 2026179.065831080777571 ] } },
{ "type": "Feature", "properties": { "centro_codigo": "28021562", "centro_nombre": "GRAN CAPITÁN", "centro_tipo_descripcion": "INSTITUTO DE EDUCACIÓN SECUNDARIA", "centro_titularidad": "PÚBLICO", "centro_titular": "MINISTERIO DE DEFENSA", "municipio_nombre": "Madrid", "distrito_nombre": "Arganzuela", "direccion_coor_x": 438900.0, "direccion_coor_y": 4472822.0, "ARTE": 0, "DANZA": 0, "EDUCACIONADULTA": 0, "EDUCACIONESPECIAL": 0, "FORMACIONPROFESIONAL": 0, "HOSPITALARIA": 0, "IDIOMAS": 0, "INFANTIL": 0, "MILITAR": 0, "MUSICA": 0, "OTRO": 0, "OTRONOEDUCATIVO": 0, "PENITENCIARIO": 0, "PRIMARIA": 0, "SECUNDARIA": 1, "SUPERIOR": 0, "UNIVERSITARIO": 0 }, "geometry": { "type": "Point", "coordinates": [ 3157791.611720722634345, 2028677.222730494802818 ] } },
{ "type": "Feature", "properties": { "centro_codigo": "28021690", "centro_nombre": "BERNADETTE", "centro_tipo_descripcion": "CENTRO PRIVADO DE EDUCACIÓN INFANTIL, PRIMARIA Y SECUNDARIA", "centro_titularidad": "PRIVADO CONCERTADO", "centro_titular": "COSABER, SDAD. COOP. MADRILEÑA", "municipio_nombre": "Madrid", "distrito_nombre": "Moncloa-Aravaca", "direccion_coor_x": 434622.0, "direccion_coor_y": 4478391.0, "ARTE": 0, "DANZA": 0, "EDUCACIONADULTA": 0, "EDUCACIONESPECIAL": 0, "FORMACIONPROFESIONAL": 0, "HOSPITALARIA": 0, "IDIOMAS": 0, "INFANTIL": 1, "MILITAR": 0, "MUSICA": 0, "OTRO": 0, "OTRONOEDUCATIVO": 0, "PENITENCIARIO": 0, "PRIMARIA": 1, "SECUNDARIA": 1, "SUPERIOR": 0, "UNIVERSITARIO": 0 }, "geometry": { "type": "Point", "coordinates": [ 3154438.067330658435822, 2034905.769369622925296 ] } },
{ "type": "Feature", "properties": { "centro_codigo": "28021719", "centro_nombre": "GUZMÁN EL BUENO", "centro_tipo_descripcion": "CENTRO PRIVADO DE EDUCACIÓN SECUNDARIA", "centro_titularidad": "PRIVADO", "centro_titular": "COLEGIO GUZMAN EL BUENO, S.L.", "municipio_nombre": "Madrid", "distrito_nombre": "Chamartín", "direccion_coor_x": 442847.0, "direccion_coor_y": 4477380.0, "ARTE": 0, "DANZA": 0, "EDUCACIONADULTA": 0, "EDUCACIONESPECIAL": 0, "FORMACIONPROFESIONAL": 0, "HOSPITALARIA": 0, "IDIOMAS": 0, "INFANTIL": 0, "MILITAR": 0, "MUSICA": 0, "OTRO": 0, "OTRONOEDUCATIVO": 0, "PENITENCIARIO": 0, "PRIMARIA": 0, "SECUNDARIA": 1, "SUPERIOR": 0, "UNIVERSITARIO": 0 }, "geometry": { "type": "Point", "coordinates": [ 3162405.697675933130085, 2032485.445399774704129 ] } },
{ "type": "Feature", "properties": { "centro_codigo": "28021781", "centro_nombre": "CUMBRE", "centro_tipo_descripcion": "CENTRO PRIVADO DE EDUCACIÓN SECUNDARIA", "centro_titularidad": "PRIVADO", "centro_titular": "GENERAL DE DOCENCIA Y ENSEÑANZA, S.A.", "municipio_nombre": "Madrid", "distrito_nombre": "Chamartín", "direccion_coor_x": 443216.0, "direccion_coor_y": 4478911.0, "ARTE": 0, "DANZA": 0, "EDUCACIONADULTA": 0, "EDUCACIONESPECIAL": 0, "FORMACIONPROFESIONAL": 0, "HOSPITALARIA": 0, "IDIOMAS": 0, "INFANTIL": 0, "MILITAR": 0, "MUSICA": 0, "OTRO": 0, "OTRONOEDUCATIVO": 0, "PENITENCIARIO": 0, "PRIMARIA": 0, "SECUNDARIA": 1, "SUPERIOR": 0, "UNIVERSITARIO": 0 }, "geometry": { "type": "Point", "coordinates": [ 3163010.270575416274369, 2033930.23061751248315 ] } },
{ "type": "Feature", "properties": { "centro_codigo": "28021902", "centro_nombre": "LA INMACULADA", "centro_tipo_descripcion": "CENTRO PRIVADO DE EDUCACIÓN INFANTIL, PRIMARIA Y SECUNDARIA", "centro_titularidad": "PRIVADO CONCERTADO", "centro_titular": "FUNDACION ESCOLAPIAS MONTAL", "municipio_nombre": "Madrid", "distrito_nombre": "Moncloa-Aravaca", "direccion_coor_x": 438411.0, "direccion_coor_y": 4479179.0, "ARTE": 0, "DANZA": 0, "EDUCACIONADULTA": 0, "EDUCACIONESPECIAL": 0, "FORMACIONPROFESIONAL": 0, "HOSPITALARIA": 0, "IDIOMAS": 0, "INFANTIL": 1, "MILITAR": 0, "MUSICA": 0, "OTRO": 0, "OTRONOEDUCATIVO": 0, "PENITENCIARIO": 0, "PRIMARIA": 1, "SECUNDARIA": 1, "SUPERIOR": 0, "UNIVERSITARIO": 0 }, "geometry": { "type": "Point", "coordinates": [ 3158304.978837492410094, 2035026.044817819492891 ] } },
{ "type": "Feature", "properties": { "centro_codigo": "28021975", "centro_nombre": "MIRASOL", "centro_tipo_descripcion": "CENTRO PRIVADO DE EDUCACIÓN INFANTIL, PRIMARIA Y SECUNDARIA", "centro_titularidad": "PRIVADO CONCERTADO", "centro_titular": "FERNANDEZ ARENAS MIRASOL, S.L.", "municipio_nombre": "Madrid", "distrito_nombre": "Fuencarral-El Pardo", "direccion_coor_x": 439522.0, "direccion_coor_y": 4481830.0, "ARTE": 0, "DANZA": 0, "EDUCACIONADULTA": 0, "EDUCACIONESPECIAL": 0, "FORMACIONPROFESIONAL": 0, "HOSPITALARIA": 0, "IDIOMAS": 0, "INFANTIL": 1, "MILITAR": 0, "MUSICA": 0, "OTRO": 0, "OTRONOEDUCATIVO": 0, "PENITENCIARIO": 0, "PRIMARIA": 1, "SECUNDARIA": 1, "SUPERIOR": 0, "UNIVERSITARIO": 0 }, "geometry": { "type": "Point", "coordinates": [ 3159818.363368715625256, 2037446.027530835242942 ] } },
{ "type": "Feature", "properties": { "centro_codigo": "28021999", "centro_nombre": "LA NATIVIDAD", "centro_tipo_descripcion": "CENTRO PRIVADO DE EDUCACIÓN INFANTIL, PRIMARIA Y SECUNDARIA", "centro_titularidad": "PRIVADO CONCERTADO", "centro_titular": "HIJAS DEL PATROCINIO DE MARIA", "municipio_nombre": "Madrid", "distrito_nombre": "Usera", "direccion_coor_x": 441393.0, "direccion_coor_y": 4468818.0, "ARTE": 0, "DANZA": 0, "EDUCACIONADULTA": 0, "EDUCACIONESPECIAL": 0, "FORMACIONPROFESIONAL": 0, "HOSPITALARIA": 0, "IDIOMAS": 0, "INFANTIL": 1, "MILITAR": 0, "MUSICA": 0, "OTRO": 0, "OTRONOEDUCATIVO": 0, "PENITENCIARIO": 0, "PRIMARIA": 1, "SECUNDARIA": 1, "SUPERIOR": 0, "UNIVERSITARIO": 0 }, "geometry": { "type": "Point", "coordinates": [ 3159627.608568264171481, 2024300.323858500225469 ] } },
{ "type": "Feature", "properties": { "centro_codigo": "28022104", "centro_nombre": "LOS OLMOS", "centro_tipo_descripcion": "CENTRO PRIVADO DE EDUCACIÓN INFANTIL, PRIMARIA Y SECUNDARIA", "centro_titularidad": "PRIVADO CONCERTADO", "centro_titular": "FOMENTO DE CENTROS DE ENSEÑANZA, S.A.", "municipio_nombre": "Madrid", "distrito_nombre": "Retiro", "direccion_coor_x": 443397.0, "direccion_coor_y": 4473632.0, "ARTE": 0, "DANZA": 0, "EDUCACIONADULTA": 0, "EDUCACIONESPECIAL": 0, "FORMACIONPROFESIONAL": 0, "HOSPITALARIA": 0, "IDIOMAS": 0, "INFANTIL": 1, "MILITAR": 0, "MUSICA": 0, "OTRO": 0, "OTRONOEDUCATIVO": 0, "PENITENCIARIO": 0, "PRIMARIA": 1, "SECUNDARIA": 1, "SUPERIOR": 0, "UNIVERSITARIO": 0 }, "geometry": { "type": "Point", "coordinates": [ 3162361.785944296978414, 2028697.076355135301128 ] } },
{ "type": "Feature", "properties": { "centro_codigo": "28022207", "centro_nombre": "CARMEN MARTIN GAITE", "centro_tipo_descripcion": "INSTITUTO DE EDUCACIÓN SECUNDARIA", "centro_titularidad": "PÚBLICO", "centro_titular": "COMUNIDAD DE MADRID", "municipio_nombre": "Moralzarzal", "distrito_nombre": null, "direccion_coor_x": 417649.0, "direccion_coor_y": 4503042.0, "ARTE": 0, "DANZA": 0, "EDUCACIONADULTA": 0, "EDUCACIONESPECIAL": 0, "FORMACIONPROFESIONAL": 0, "HOSPITALARIA": 0, "IDIOMAS": 0, "INFANTIL": 0, "MILITAR": 0, "MUSICA": 0, "OTRO": 0, "OTRONOEDUCATIVO": 0, "PENITENCIARIO": 0, "PRIMARIA": 0, "SECUNDARIA": 1, "SUPERIOR": 0, "UNIVERSITARIO": 0 }, "geometry": { "type": "Point", "coordinates": [ 3141546.646264775190502, 2062143.777207722421736 ] } },
{ "type": "Feature", "properties": { "centro_codigo": "28022335", "centro_nombre": "TRABENCO", "centro_tipo_descripcion": "CENTRO PRIVADO DE EDUCACIÓN INFANTIL, PRIMARIA Y SECUNDARIA", "centro_titularidad": "PRIVADO CONCERTADO", "centro_titular": "ESENCO SOCIEDAD COOPERATIVA MADRILEÑA", "municipio_nombre": "Madrid", "distrito_nombre": "Puente de Vallecas", "direccion_coor_x": 444111.0, "direccion_coor_y": 4469101.0, "ARTE": 0, "DANZA": 0, "EDUCACIONADULTA": 0, "EDUCACIONESPECIAL": 0, "FORMACIONPROFESIONAL": 0, "HOSPITALARIA": 0, "IDIOMAS": 0, "INFANTIL": 1, "MILITAR": 0, "MUSICA": 0, "OTRO": 0, "OTRONOEDUCATIVO": 0, "PENITENCIARIO": 0, "PRIMARIA": 1, "SECUNDARIA": 1, "SUPERIOR": 0, "UNIVERSITARIO": 0 }, "geometry": { "type": "Point", "coordinates": [ 3162357.596708171535283, 2024108.906924629118294 ] } },
{ "type": "Feature", "properties": { "centro_codigo": "28022414", "centro_nombre": "BIENAVENTURADA VIRGEN MARIA", "centro_tipo_descripcion": "CENTRO PRIVADO DE EDUCACIÓN INFANTIL, PRIMARIA Y SECUNDARIA", "centro_titularidad": "PRIVADO CONCERTADO", "centro_titular": "FUNADACIÓN EDUCATIVA MARÍA WARD", "municipio_nombre": "Madrid", "distrito_nombre": "Latina", "direccion_coor_x": 436573.0, "direccion_coor_y": 4472018.0, "ARTE": 0, "DANZA": 0, "EDUCACIONADULTA": 0, "EDUCACIONESPECIAL": 0, "FORMACIONPROFESIONAL": 0, "HOSPITALARIA": 0, "IDIOMAS": 0, "INFANTIL": 1, "MILITAR": 0, "MUSICA": 0, "OTRO": 0, "OTRONOEDUCATIVO": 0, "PENITENCIARIO": 0, "PRIMARIA": 1, "SECUNDARIA": 1, "SUPERIOR": 0, "UNIVERSITARIO": 0 }, "geometry": { "type": "Point", "coordinates": [ 3155366.504738140385598, 2028287.891846387414262 ] } },
{ "type": "Feature", "properties": { "centro_codigo": "28022475", "centro_nombre": "SALESIANOS CARABANCHEL BEATO MIGUEL RÚA", "centro_tipo_descripcion": "CENTRO PRIVADO DE EDUCACIÓN INFANTIL, PRIMARIA Y SECUNDARIA", "centro_titularidad": "PRIVADO CONCERTADO", "centro_titular": "INSTITUCION SALESIANA", "municipio_nombre": "Madrid", "distrito_nombre": "Carabanchel", "direccion_coor_x": 436069.0, "direccion_coor_y": 4469559.0, "ARTE": 0, "DANZA": 0, "EDUCACIONADULTA": 0, "EDUCACIONESPECIAL": 0, "FORMACIONPROFESIONAL": 0, "HOSPITALARIA": 0, "IDIOMAS": 0, "INFANTIL": 1, "MILITAR": 0, "MUSICA": 0, "OTRO": 0, "OTRONOEDUCATIVO": 0, "PENITENCIARIO": 0, "PRIMARIA": 1, "SECUNDARIA": 1, "SUPERIOR": 0, "UNIVERSITARIO": 0 }, "geometry": { "type": "Point", "coordinates": [ 3154483.253266518004239, 2025952.136901083402336 ] } },
{ "type": "Feature", "properties": { "centro_codigo": "28022487", "centro_nombre": "NERVION", "centro_tipo_descripcion": "CENTRO PRIVADO DE EDUCACIÓN INFANTIL, PRIMARIA Y SECUNDARIA", "centro_titularidad": "PRIVADO CONCERTADO", "centro_titular": "COLEGIO NERVION, S.L.", "municipio_nombre": "Madrid", "distrito_nombre": "Chamartín", "direccion_coor_x": 441979.0, "direccion_coor_y": 4477565.0, "ARTE": 0, "DANZA": 0, "EDUCACIONADULTA": 0, "EDUCACIONESPECIAL": 0, "FORMACIONPROFESIONAL": 0, "HOSPITALARIA": 0, "IDIOMAS": 0, "INFANTIL": 1, "MILITAR": 0, "MUSICA": 0, "OTRO": 0, "OTRONOEDUCATIVO": 0, "PENITENCIARIO": 0, "PRIMARIA": 1, "SECUNDARIA": 1, "SUPERIOR": 0, "UNIVERSITARIO": 0 }, "geometry": { "type": "Point", "coordinates": [ 3161577.089564751833677, 2032817.953943330794573 ] } },
{ "type": "Feature", "properties": { "centro_codigo": "28022499", "centro_nombre": "NUESTRA SEÑORA DE FATIMA", "centro_tipo_descripcion": "CENTRO PRIVADO DE EDUCACIÓN INFANTIL, PRIMARIA Y SECUNDARIA", "centro_titularidad": "PRIVADO CONCERTADO", "centro_titular": "CLERIGOS DE SAN VIATOR", "municipio_nombre": "Madrid", "distrito_nombre": "Usera", "direccion_coor_x": 440501.0, "direccion_coor_y": 4470697.0, "ARTE": 0, "DANZA": 0, "EDUCACIONADULTA": 0, "EDUCACIONESPECIAL": 0, "FORMACIONPROFESIONAL": 0, "HOSPITALARIA": 0, "IDIOMAS": 0, "INFANTIL": 1, "MILITAR": 0, "MUSICA": 0, "OTRO": 0, "OTRONOEDUCATIVO": 0, "PENITENCIARIO": 0, "PRIMARIA": 1, "SECUNDARIA": 1, "SUPERIOR": 0, "UNIVERSITARIO": 0 }, "geometry": { "type": "Point", "coordinates": [ 3159040.544389303773642, 2026306.179766297340393 ] } },
{ "type": "Feature", "properties": { "centro_codigo": "28022505", "centro_nombre": "PRIMERO DE MAYO", "centro_tipo_descripcion": "CENTRO PRIVADO DE EDUCACIÓN SECUNDARIA", "centro_titularidad": "PRIVADO CONCERTADO", "centro_titular": "FUNDACION JOSE MARIA DE LLANOS", "municipio_nombre": "Madrid", "distrito_nombre": "Puente de Vallecas", "direccion_coor_x": 443303.0, "direccion_coor_y": 4469784.0, "ARTE": 0, "DANZA": 0, "EDUCACIONADULTA": 0, "EDUCACIONESPECIAL": 0, "FORMACIONPROFESIONAL": 0, "HOSPITALARIA": 0, "IDIOMAS": 0, "INFANTIL": 0, "MILITAR": 0, "MUSICA": 0, "OTRO": 0, "OTRONOEDUCATIVO": 0, "PENITENCIARIO": 0, "PRIMARIA": 0, "SECUNDARIA": 1, "SUPERIOR": 0, "UNIVERSITARIO": 0 }, "geometry": { "type": "Point", "coordinates": [ 3161666.157651136629283, 2024921.681305065285414 ] } },
{ "type": "Feature", "properties": { "centro_codigo": "28022566", "centro_nombre": "COLEGIO DE JESÚS", "centro_tipo_descripcion": "CENTRO PRIVADO DE EDUCACIÓN INFANTIL, PRIMARIA Y SECUNDARIA", "centro_titularidad": "PRIVADO CONCERTADO", "centro_titular": "FUNDACION EDUCACION CATOLICA", "municipio_nombre": "Madrid", "distrito_nombre": "Barajas", "direccion_coor_x": 450411.0, "direccion_coor_y": 4480399.0, "ARTE": 0, "DANZA": 0, "EDUCACIONADULTA": 0, "EDUCACIONESPECIAL": 0, "FORMACIONPROFESIONAL": 0, "HOSPITALARIA": 0, "IDIOMAS": 0, "INFANTIL": 1, "MILITAR": 0, "MUSICA": 0, "OTRO": 0, "OTRONOEDUCATIVO": 0, "PENITENCIARIO": 0, "PRIMARIA": 1, "SECUNDARIA": 1, "SUPERIOR": 0, "UNIVERSITARIO": 0 }, "geometry": { "type": "Point", "coordinates": [ 3170352.568021910265088, 2034152.04899586038664 ] } },
{ "type": "Feature", "properties": { "centro_codigo": "28022633", "centro_nombre": "NUESTRA SEÑORA DE LAS DELICIAS", "centro_tipo_descripcion": "CENTRO PRIVADO DE EDUCACIÓN INFANTIL, PRIMARIA Y SECUNDARIA", "centro_titularidad": "PRIVADO CONCERTADO", "centro_titular": "ARZOBISPADO DE MADRID", "municipio_nombre": "Madrid", "distrito_nombre": "Arganzuela", "direccion_coor_x": 441105.0, "direccion_coor_y": 4472155.0, "ARTE": 0, "DANZA": 0, "EDUCACIONADULTA": 0, "EDUCACIONESPECIAL": 0, "FORMACIONPROFESIONAL": 0, "HOSPITALARIA": 0, "IDIOMAS": 0, "INFANTIL": 1, "MILITAR": 0, "MUSICA": 0, "OTRO": 0, "OTRONOEDUCATIVO": 0, "PENITENCIARIO": 0, "PRIMARIA": 1, "SECUNDARIA": 1, "SUPERIOR": 0, "UNIVERSITARIO": 0 }, "geometry": { "type": "Point", "coordinates": [ 3159865.73983281571418, 2027638.304873294662684 ] } },
{ "type": "Feature", "properties": { "centro_codigo": "28022724", "centro_nombre": "CIUDAD ESCOLAR", "centro_tipo_descripcion": "INSTITUTO DE EDUCACIÓN SECUNDARIA", "centro_titularidad": "PÚBLICO", "centro_titular": "COMUNIDAD DE MADRID", "municipio_nombre": "Madrid", "distrito_nombre": "Fuencarral-El Pardo", "direccion_coor_x": 441939.0, "direccion_coor_y": 4486204.0, "ARTE": 0, "DANZA": 0, "EDUCACIONADULTA": 0, "EDUCACIONESPECIAL": 0, "FORMACIONPROFESIONAL": 0, "HOSPITALARIA": 0, "IDIOMAS": 0, "INFANTIL": 0, "MILITAR": 0, "MUSICA": 0, "OTRO": 0, "OTRONOEDUCATIVO": 0, "PENITENCIARIO": 0, "PRIMARIA": 0, "SECUNDARIA": 1, "SUPERIOR": 0, "UNIVERSITARIO": 0 }, "geometry": { "type": "Point", "coordinates": [ 3162892.416739102452993, 2041337.892855003708974 ] } },
{ "type": "Feature", "properties": { "centro_codigo": "28022839", "centro_nombre": "MARIA AUXILIADORA", "centro_tipo_descripcion": "CENTRO PRIVADO DE EDUCACIÓN INFANTIL, PRIMARIA Y SECUNDARIA", "centro_titularidad": "PRIVADO CONCERTADO", "centro_titular": "J.L. DE ORIOL-CATALINA DE URQUIJO DE Mª AUXIL.Y S.JUAN BOSCO", "municipio_nombre": "Majadahonda", "distrito_nombre": null, "direccion_coor_x": 428904.0, "direccion_coor_y": 4480744.0, "ARTE": 0, "DANZA": 0, "EDUCACIONADULTA": 0, "EDUCACIONESPECIAL": 0, "FORMACIONPROFESIONAL": 0, "HOSPITALARIA": 0, "IDIOMAS": 0, "INFANTIL": 1, "MILITAR": 0, "MUSICA": 0, "OTRO": 0, "OTRONOEDUCATIVO": 0, "PENITENCIARIO": 0, "PRIMARIA": 1, "SECUNDARIA": 1, "SUPERIOR": 0, "UNIVERSITARIO": 0 }, "geometry": { "type": "Point", "coordinates": [ 3149158.467682763934135, 2038215.459737096447498 ] } },
{ "type": "Feature", "properties": { "centro_codigo": "28022891", "centro_nombre": "VICENTE ALEIXANDRE", "centro_tipo_descripcion": "COLEGIO DE EDUCACIÓN INFANTIL, PRIMARIA Y SECUNDARIA", "centro_titularidad": "PÚBLICO", "centro_titular": "COMUNIDAD DE MADRID", "municipio_nombre": "Miraflores de la Sierra", "distrito_nombre": null, "direccion_coor_x": 435977.0, "direccion_coor_y": 4518028.0, "ARTE": 0, "DANZA": 0, "EDUCACIONADULTA": 0, "EDUCACIONESPECIAL": 0, "FORMACIONPROFESIONAL": 0, "HOSPITALARIA": 0, "IDIOMAS": 0, "INFANTIL": 1, "MILITAR": 0, "MUSICA": 0, "OTRO": 0, "OTRONOEDUCATIVO": 0, "PENITENCIARIO": 0, "PRIMARIA": 1, "SECUNDARIA": 1, "SUPERIOR": 0, "UNIVERSITARIO": 0 }, "geometry": { "type": "Point", "coordinates": [ 3162006.297231159172952, 2073734.119880086742342 ] } },
{ "type": "Feature", "properties": { "centro_codigo": "28023030", "centro_nombre": "LICEO VILLA FONTANA", "centro_tipo_descripcion": "CENTRO PRIVADO DE EDUCACIÓN INFANTIL, PRIMARIA Y SECUNDARIA", "centro_titularidad": "PRIVADO", "centro_titular": "ASESORIA DIDACTICA S.A.", "municipio_nombre": "Móstoles", "distrito_nombre": null, "direccion_coor_x": 427706.0, "direccion_coor_y": 4463450.0, "ARTE": 0, "DANZA": 0, "EDUCACIONADULTA": 0, "EDUCACIONESPECIAL": 0, "FORMACIONPROFESIONAL": 0, "HOSPITALARIA": 0, "IDIOMAS": 0, "INFANTIL": 1, "MILITAR": 0, "MUSICA": 0, "OTRO": 0, "OTRONOEDUCATIVO": 0, "PENITENCIARIO": 0, "PRIMARIA": 1, "SECUNDARIA": 1, "SUPERIOR": 0, "UNIVERSITARIO": 0 }, "geometry": { "type": "Point", "coordinates": [ 3145263.59159341501072, 2021381.573190674185753 ] } },
{ "type": "Feature", "properties": { "centro_codigo": "28023066", "centro_nombre": "VILLA DE MOSTOLES", "centro_tipo_descripcion": "CENTRO PRIVADO DE EDUCACIÓN INFANTIL, PRIMARIA Y SECUNDARIA", "centro_titularidad": "PRIVADO CONCERTADO", "centro_titular": "GRUPO EDUCATIVO VILLA DE MOSTOLES, S.L.", "municipio_nombre": "Móstoles", "distrito_nombre": null, "direccion_coor_x": 427149.0, "direccion_coor_y": 4462893.0, "ARTE": 0, "DANZA": 0, "EDUCACIONADULTA": 0, "EDUCACIONESPECIAL": 0, "FORMACIONPROFESIONAL": 0, "HOSPITALARIA": 0, "IDIOMAS": 0, "INFANTIL": 1, "MILITAR": 0, "MUSICA": 0, "OTRO": 0, "OTRONOEDUCATIVO": 0, "PENITENCIARIO": 0, "PRIMARIA": 1, "SECUNDARIA": 1, "SUPERIOR": 0, "UNIVERSITARIO": 0 }, "geometry": { "type": "Point", "coordinates": [ 3144626.040704765822738, 2020929.290427395142615 ] } },
{ "type": "Feature", "properties": { "centro_codigo": "28023081", "centro_nombre": "BALMES", "centro_tipo_descripcion": "CENTRO PRIVADO DE EDUCACIÓN INFANTIL, PRIMARIA Y SECUNDARIA", "centro_titularidad": "PRIVADO CONCERTADO", "centro_titular": "PROBAL XXI, S.L.L.", "municipio_nombre": "Móstoles", "distrito_nombre": null, "direccion_coor_x": 425613.0, "direccion_coor_y": 4463321.0, "ARTE": 0, "DANZA": 0, "EDUCACIONADULTA": 0, "EDUCACIONESPECIAL": 0, "FORMACIONPROFESIONAL": 0, "HOSPITALARIA": 0, "IDIOMAS": 0, "INFANTIL": 1, "MILITAR": 0, "MUSICA": 0, "OTRO": 0, "OTRONOEDUCATIVO": 0, "PENITENCIARIO": 0, "PRIMARIA": 1, "SECUNDARIA": 1, "SUPERIOR": 0, "UNIVERSITARIO": 0 }, "geometry": { "type": "Point", "coordinates": [ 3143175.560002653859556, 2021617.343668892513961 ] } },
{ "type": "Feature", "properties": { "centro_codigo": "28023121", "centro_nombre": "COLEGIO VILLAEUROPA", "centro_tipo_descripcion": "CENTRO PRIVADO DE EDUCACIÓN INFANTIL, PRIMARIA Y SECUNDARIA", "centro_titularidad": "PRIVADO CONCERTADO", "centro_titular": "COLEGIO VILLAEUROPA SDAD.COOP.MADRILEÑA", "municipio_nombre": "Móstoles", "distrito_nombre": null, "direccion_coor_x": 425383.0, "direccion_coor_y": 4463946.0, "ARTE": 0, "DANZA": 0, "EDUCACIONADULTA": 0, "EDUCACIONESPECIAL": 0, "FORMACIONPROFESIONAL": 0, "HOSPITALARIA": 0, "IDIOMAS": 0, "INFANTIL": 1, "MILITAR": 0, "MUSICA": 0, "OTRO": 0, "OTRONOEDUCATIVO": 0, "PENITENCIARIO": 0, "PRIMARIA": 1, "SECUNDARIA": 1, "SUPERIOR": 0, "UNIVERSITARIO": 0 }, "geometry": { "type": "Point", "coordinates": [ 3143046.241658245678991, 2022273.08096571918577 ] } },
{ "type": "Feature", "properties": { "centro_codigo": "28023194", "centro_nombre": "FELIPE TRIGO", "centro_tipo_descripcion": "INSTITUTO DE EDUCACIÓN SECUNDARIA", "centro_titularidad": "PÚBLICO", "centro_titular": "COMUNIDAD DE MADRID", "municipio_nombre": "Móstoles", "distrito_nombre": null, "direccion_coor_x": 425173.0, "direccion_coor_y": 4463689.0, "ARTE": 0, "DANZA": 0, "EDUCACIONADULTA": 0, "EDUCACIONESPECIAL": 0, "FORMACIONPROFESIONAL": 0, "HOSPITALARIA": 0, "IDIOMAS": 0, "INFANTIL": 0, "MILITAR": 0, "MUSICA": 0, "OTRO": 0, "OTRONOEDUCATIVO": 0, "PENITENCIARIO": 0, "PRIMARIA": 0, "SECUNDARIA": 1, "SUPERIOR": 0, "UNIVERSITARIO": 0 }, "geometry": { "type": "Point", "coordinates": [ 3142798.509299187920988, 2022056.258062760578468 ] } },
{ "type": "Feature", "properties": { "centro_codigo": "28023224", "centro_nombre": "NUESTRA SEÑORA DEL CARMEN", "centro_tipo_descripcion": "CENTRO PRIVADO DE EDUCACIÓN INFANTIL, PRIMARIA Y SECUNDARIA", "centro_titularidad": "PRIVADO CONCERTADO", "centro_titular": "HIJAS DE LA CARIDAD DE SAN VICENTE DE PAUL", "municipio_nombre": "Móstoles", "distrito_nombre": null, "direccion_coor_x": 427059.0, "direccion_coor_y": 4463410.0, "ARTE": 0, "DANZA": 0, "EDUCACIONADULTA": 0, "EDUCACIONESPECIAL": 0, "FORMACIONPROFESIONAL": 0, "HOSPITALARIA": 0, "IDIOMAS": 0, "INFANTIL": 1, "MILITAR": 0, "MUSICA": 0, "OTRO": 0, "OTRONOEDUCATIVO": 0, "PENITENCIARIO": 0, "PRIMARIA": 1, "SECUNDARIA": 1, "SUPERIOR": 0, "UNIVERSITARIO": 0 }, "geometry": { "type": "Point", "coordinates": [ 3144618.103242735378444, 2021454.324157939758152 ] } },
{ "type": "Feature", "properties": { "centro_codigo": "28023315", "centro_nombre": "SAN LUIS GONZAGA", "centro_tipo_descripcion": "CENTRO PRIVADO DE EDUCACIÓN INFANTIL, PRIMARIA Y SECUNDARIA", "centro_titularidad": "PRIVADO CONCERTADO", "centro_titular": "CENTRO DE ESTUDIOS SAN LUIS GONZAGA, S.L.", "municipio_nombre": "Navalcarnero", "distrito_nombre": null, "direccion_coor_x": 414548.0, "direccion_coor_y": 4459945.0, "ARTE": 0, "DANZA": 0, "EDUCACIONADULTA": 0, "EDUCACIONESPECIAL": 0, "FORMACIONPROFESIONAL": 0, "HOSPITALARIA": 0, "IDIOMAS": 0, "INFANTIL": 1, "MILITAR": 0, "MUSICA": 0, "OTRO": 0, "OTRONOEDUCATIVO": 0, "PENITENCIARIO": 0, "PRIMARIA": 1, "SECUNDARIA": 1, "SUPERIOR": 0, "UNIVERSITARIO": 0 }, "geometry": { "type": "Point", "coordinates": [ 3131715.41575555736199, 2020210.817760135512799 ] } },
{ "type": "Feature", "properties": { "centro_codigo": "28023327", "centro_nombre": "CARMEN MARTIN GAITE", "centro_tipo_descripcion": "INSTITUTO DE EDUCACIÓN SECUNDARIA", "centro_titularidad": "PÚBLICO", "centro_titular": "COMUNIDAD DE MADRID", "municipio_nombre": "Navalcarnero", "distrito_nombre": null, "direccion_coor_x": 413293.0, "direccion_coor_y": 4460168.0, "ARTE": 0, "DANZA": 0, "EDUCACIONADULTA": 0, "EDUCACIONESPECIAL": 0, "FORMACIONPROFESIONAL": 0, "HOSPITALARIA": 0, "IDIOMAS": 0, "INFANTIL": 0, "MILITAR": 0, "MUSICA": 0, "OTRO": 0, "OTRONOEDUCATIVO": 0, "PENITENCIARIO": 0, "PRIMARIA": 0, "SECUNDARIA": 1, "SUPERIOR": 0, "UNIVERSITARIO": 0 }, "geometry": { "type": "Point", "coordinates": [ 3130510.608149250037968, 2020648.508610450429842 ] } },
{ "type": "Feature", "properties": { "centro_codigo": "28023364", "centro_nombre": "ISABEL LA CATOLICA", "centro_tipo_descripcion": "COLEGIO DE EDUCACIÓN INFANTIL, PRIMARIA Y SECUNDARIA", "centro_titularidad": "PÚBLICO", "centro_titular": "COMUNIDAD DE MADRID", "municipio_nombre": "Navas del Rey", "distrito_nombre": null, "direccion_coor_x": 393905.0, "direccion_coor_y": 4471644.0, "ARTE": 0, "DANZA": 0, "EDUCACIONADULTA": 0, "EDUCACIONESPECIAL": 0, "FORMACIONPROFESIONAL": 0, "HOSPITALARIA": 0, "IDIOMAS": 0, "INFANTIL": 1, "MILITAR": 0, "MUSICA": 0, "OTRO": 0, "OTRONOEDUCATIVO": 0, "PENITENCIARIO": 0, "PRIMARIA": 1, "SECUNDARIA": 1, "SUPERIOR": 0, "UNIVERSITARIO": 0 }, "geometry": { "type": "Point", "coordinates": [ 3113162.13407765282318, 2035329.29820597358048 ] } },
{ "type": "Feature", "properties": { "centro_codigo": "28023376", "centro_nombre": "INTERNACIONAL EUROVILLAS", "centro_tipo_descripcion": "CENTRO PRIVADO DE EDUCACIÓN INFANTIL, PRIMARIA Y SECUNDARIA", "centro_titularidad": "PRIVADO CONCERTADO", "centro_titular": "COLEGIO INTERNACIONAL EUROVILLAS S.L.", "municipio_nombre": "Nuevo Baztán", "distrito_nombre": null, "direccion_coor_x": 476899.0, "direccion_coor_y": 4467089.0, "ARTE": 0, "DANZA": 0, "EDUCACIONADULTA": 0, "EDUCACIONESPECIAL": 0, "FORMACIONPROFESIONAL": 0, "HOSPITALARIA": 0, "IDIOMAS": 0, "INFANTIL": 1, "MILITAR": 0, "MUSICA": 0, "OTRO": 0, "OTRONOEDUCATIVO": 0, "PENITENCIARIO": 0, "PRIMARIA": 1, "SECUNDARIA": 1, "SUPERIOR": 0, "UNIVERSITARIO": 0 }, "geometry": { "type": "Point", "coordinates": [ 3194447.444205769337714, 2016467.197448023129255 ] } },
{ "type": "Feature", "properties": { "centro_codigo": "28023388", "centro_nombre": "JUAN DE GOYENECHE", "centro_tipo_descripcion": "COLEGIO DE EDUCACIÓN INFANTIL, PRIMARIA Y SECUNDARIA", "centro_titularidad": "PÚBLICO", "centro_titular": "COMUNIDAD DE MADRID", "municipio_nombre": "Nuevo Baztán", "distrito_nombre": null, "direccion_coor_x": 479335.0, "direccion_coor_y": 4467786.0, "ARTE": 0, "DANZA": 0, "EDUCACIONADULTA": 0, "EDUCACIONESPECIAL": 0, "FORMACIONPROFESIONAL": 0, "HOSPITALARIA": 0, "IDIOMAS": 0, "INFANTIL": 1, "MILITAR": 0, "MUSICA": 0, "OTRO": 0, "OTRONOEDUCATIVO": 0, "PENITENCIARIO": 0, "PRIMARIA": 1, "SECUNDARIA": 1, "SUPERIOR": 0, "UNIVERSITARIO": 0 }, "geometry": { "type": "Point", "coordinates": [ 3196964.326890461146832, 2016734.442441227845848 ] } },
{ "type": "Feature", "properties": { "centro_codigo": "28023698", "centro_nombre": "NUESTRA SEÑORA DE LA PROVIDENCIA", "centro_tipo_descripcion": "CENTRO PRIVADO DE EDUCACIÓN INFANTIL, PRIMARIA Y SECUNDARIA", "centro_titularidad": "PRIVADO CONCERTADO", "centro_titular": "RELIGIOSAS TEATINAS DE LA INMACULADA CONCEPCIÓN", "municipio_nombre": "Pinto", "distrito_nombre": null, "direccion_coor_x": 439965.0, "direccion_coor_y": 4454906.0, "ARTE": 0, "DANZA": 0, "EDUCACIONADULTA": 0, "EDUCACIONESPECIAL": 0, "FORMACIONPROFESIONAL": 0, "HOSPITALARIA": 0, "IDIOMAS": 0, "INFANTIL": 1, "MILITAR": 0, "MUSICA": 0, "OTRO": 0, "OTRONOEDUCATIVO": 0, "PENITENCIARIO": 0, "PRIMARIA": 1, "SECUNDARIA": 1, "SUPERIOR": 0, "UNIVERSITARIO": 0 }, "geometry": { "type": "Point", "coordinates": [ 3156039.425868553109467, 2010839.760677452431992 ] } },
{ "type": "Feature", "properties": { "centro_codigo": "28023704", "centro_nombre": "SAGRADA FAMILIA", "centro_tipo_descripcion": "CENTRO PRIVADO DE EDUCACIÓN INFANTIL, PRIMARIA Y SECUNDARIA", "centro_titularidad": "PRIVADO CONCERTADO", "centro_titular": "FUNDACION EDUCATIVA SANTO DOMINGO", "municipio_nombre": "Pinto", "distrito_nombre": null, "direccion_coor_x": 440767.0, "direccion_coor_y": 4454763.0, "ARTE": 0, "DANZA": 0, "EDUCACIONADULTA": 0, "EDUCACIONESPECIAL": 0, "FORMACIONPROFESIONAL": 0, "HOSPITALARIA": 0, "IDIOMAS": 0, "INFANTIL": 1, "MILITAR": 0, "MUSICA": 0, "OTRO": 0, "OTRONOEDUCATIVO": 0, "PENITENCIARIO": 0, "PRIMARIA": 1, "SECUNDARIA": 1, "SUPERIOR": 0, "UNIVERSITARIO": 0 }, "geometry": { "type": "Point", "coordinates": [ 3156809.605834758840501, 2010560.09315604926087 ] } },
{ "type": "Feature", "properties": { "centro_codigo": "28023716", "centro_nombre": "SANTO DOMINGO DE SILOS", "centro_tipo_descripcion": "CENTRO PRIVADO DE EDUCACIÓN INFANTIL, PRIMARIA Y SECUNDARIA", "centro_titularidad": "PRIVADO CONCERTADO", "centro_titular": "L.I.C.A.E.N.S.A.", "municipio_nombre": "Pinto", "distrito_nombre": null, "direccion_coor_x": 440830.0, "direccion_coor_y": 4454574.0, "ARTE": 0, "DANZA": 0, "EDUCACIONADULTA": 0, "EDUCACIONESPECIAL": 0, "FORMACIONPROFESIONAL": 0, "HOSPITALARIA": 0, "IDIOMAS": 0, "INFANTIL": 1, "MILITAR": 0, "MUSICA": 0, "OTRO": 0, "OTRONOEDUCATIVO": 0, "PENITENCIARIO": 0, "PRIMARIA": 1, "SECUNDARIA": 1, "SUPERIOR": 0, "UNIVERSITARIO": 0 }, "geometry": { "type": "Point", "coordinates": [ 3156842.310230643488467, 2010362.976012630853802 ] } },
{ "type": "Feature", "properties": { "centro_codigo": "28023741", "centro_nombre": "LOS ANGELES", "centro_tipo_descripcion": "COLEGIO DE EDUCACIÓN INFANTIL, PRIMARIA Y SECUNDARIA", "centro_titularidad": "PÚBLICO", "centro_titular": "COMUNIDAD DE MADRID", "municipio_nombre": "Pozuelo de Alarcón", "distrito_nombre": null, "direccion_coor_x": 433426.0, "direccion_coor_y": 4472530.0, "ARTE": 0, "DANZA": 0, "EDUCACIONADULTA": 0, "EDUCACIONESPECIAL": 0, "FORMACIONPROFESIONAL": 0, "HOSPITALARIA": 0, "IDIOMAS": 0, "INFANTIL": 1, "MILITAR": 0, "MUSICA": 0, "OTRO": 0, "OTRONOEDUCATIVO": 0, "PENITENCIARIO": 0, "PRIMARIA": 1, "SECUNDARIA": 1, "SUPERIOR": 0, "UNIVERSITARIO": 0 }, "geometry": { "type": "Point", "coordinates": [ 3152337.547268846537918, 2029337.502244432689622 ] } },
{ "type": "Feature", "properties": { "centro_codigo": "28023819", "centro_nombre": "RETAMAR", "centro_tipo_descripcion": "CENTRO PRIVADO DE EDUCACIÓN PRIMARIA Y SECUNDARIA", "centro_titularidad": "PRIVADO CONCERTADO", "centro_titular": "RETAMAR, S.A.", "municipio_nombre": "Pozuelo de Alarcón", "distrito_nombre": null, "direccion_coor_x": 431848.0, "direccion_coor_y": 4475505.0, "ARTE": 0, "DANZA": 0, "EDUCACIONADULTA": 0, "EDUCACIONESPECIAL": 0, "FORMACIONPROFESIONAL": 0, "HOSPITALARIA": 0, "IDIOMAS": 0, "INFANTIL": 0, "MILITAR": 0, "MUSICA": 0, "OTRO": 0, "OTRONOEDUCATIVO": 0, "PENITENCIARIO": 0, "PRIMARIA": 1, "SECUNDARIA": 1, "SUPERIOR": 0, "UNIVERSITARIO": 0 }, "geometry": { "type": "Point", "coordinates": [ 3151244.974035605788231, 2032542.493940533604473 ] } },
{ "type": "Feature", "properties": { "centro_codigo": "28023832", "centro_nombre": "SAN JOSE DE CLUNY", "centro_tipo_descripcion": "CENTRO PRIVADO DE EDUCACIÓN INFANTIL, PRIMARIA Y SECUNDARIA", "centro_titularidad": "PRIVADO CONCERTADO", "centro_titular": "FUNDACION EDUCATIVA SAN JOSE DE CLUNY", "municipio_nombre": "Pozuelo de Alarcón", "distrito_nombre": null, "direccion_coor_x": 431662.0, "direccion_coor_y": 4477754.0, "ARTE": 0, "DANZA": 0, "EDUCACIONADULTA": 0, "EDUCACIONESPECIAL": 0, "FORMACIONPROFESIONAL": 0, "HOSPITALARIA": 0, "IDIOMAS": 0, "INFANTIL": 1, "MILITAR": 0, "MUSICA": 0, "OTRO": 0, "OTRONOEDUCATIVO": 0, "PENITENCIARIO": 0, "PRIMARIA": 1, "SECUNDARIA": 1, "SUPERIOR": 0, "UNIVERSITARIO": 0 }, "geometry": { "type": "Point", "coordinates": [ 3151413.928883447311819, 2034790.934142541605979 ] } },
{ "type": "Feature", "properties": { "centro_codigo": "28023844", "centro_nombre": "HOGAR DEL BUEN CONSEJO", "centro_tipo_descripcion": "CENTRO PRIVADO DE EDUCACIÓN INFANTIL, PRIMARIA Y SECUNDARIA", "centro_titularidad": "PRIVADO CONCERTADO", "centro_titular": "FRANCISCANAS DE NTRA. SRA. DEL BUEN CONSEJO", "municipio_nombre": "Pozuelo de Alarcón", "distrito_nombre": null, "direccion_coor_x": 431880.0, "direccion_coor_y": 4478081.0, "ARTE": 0, "DANZA": 0, "EDUCACIONADULTA": 0, "EDUCACIONESPECIAL": 0, "FORMACIONPROFESIONAL": 0, "HOSPITALARIA": 0, "IDIOMAS": 0, "INFANTIL": 1, "MILITAR": 0, "MUSICA": 0, "OTRO": 0, "OTRONOEDUCATIVO": 0, "PENITENCIARIO": 0, "PRIMARIA": 1, "SECUNDARIA": 1, "SUPERIOR": 0, "UNIVERSITARIO": 0 }, "geometry": { "type": "Point", "coordinates": [ 3151680.581488684751093, 2035075.388688750565052 ] } },
{ "type": "Feature", "properties": { "centro_codigo": "28023868", "centro_nombre": "SAN LUIS DE LOS FRANCESES", "centro_tipo_descripcion": "CENTRO PRIVADO DE EDUCACIÓN INFANTIL, PRIMARIA Y SECUNDARIA", "centro_titularidad": "PRIVADO", "centro_titular": "OBRA BENEFICA SAN LUIS DE LOS FRANCESES", "municipio_nombre": "Pozuelo de Alarcón", "distrito_nombre": null, "direccion_coor_x": 431187.0, "direccion_coor_y": 4476511.0, "ARTE": 0, "DANZA": 0, "EDUCACIONADULTA": 0, "EDUCACIONESPECIAL": 0, "FORMACIONPROFESIONAL": 0, "HOSPITALARIA": 0, "IDIOMAS": 0, "INFANTIL": 1, "MILITAR": 0, "MUSICA": 0, "OTRO": 0, "OTRONOEDUCATIVO": 0, "PENITENCIARIO": 0, "PRIMARIA": 1, "SECUNDARIA": 1, "SUPERIOR": 0, "UNIVERSITARIO": 0 }, "geometry": { "type": "Point", "coordinates": [ 3150749.722328380681574, 2033648.374834690708667 ] } },
{ "type": "Feature", "properties": { "centro_codigo": "28023911", "centro_nombre": "GERARDO DIEGO", "centro_tipo_descripcion": "INSTITUTO DE EDUCACIÓN SECUNDARIA", "centro_titularidad": "PÚBLICO", "centro_titular": "COMUNIDAD DE MADRID", "municipio_nombre": "Pozuelo de Alarcón", "distrito_nombre": null, "direccion_coor_x": 433232.0, "direccion_coor_y": 4477228.0, "ARTE": 0, "DANZA": 0, "EDUCACIONADULTA": 0, "EDUCACIONESPECIAL": 0, "FORMACIONPROFESIONAL": 0, "HOSPITALARIA": 0, "IDIOMAS": 0, "INFANTIL": 0, "MILITAR": 0, "MUSICA": 0, "OTRO": 0, "OTRONOEDUCATIVO": 0, "PENITENCIARIO": 0, "PRIMARIA": 0, "SECUNDARIA": 1, "SUPERIOR": 0, "UNIVERSITARIO": 0 }, "geometry": { "type": "Point", "coordinates": [ 3152882.456020913086832, 2034000.546193001559004 ] } },
{ "type": "Feature", "properties": { "centro_codigo": "28023935", "centro_nombre": "INSTITUTO VERITAS", "centro_tipo_descripcion": "CENTRO PRIVADO DE EDUCACIÓN INFANTIL, PRIMARIA Y SECUNDARIA", "centro_titularidad": "PRIVADO CONCERTADO", "centro_titular": "ASOCIACION CIVIL INSTITUCION TERESIANA", "municipio_nombre": "Pozuelo de Alarcón", "distrito_nombre": null, "direccion_coor_x": 432935.0, "direccion_coor_y": 4474131.0, "ARTE": 0, "DANZA": 0, "EDUCACIONADULTA": 0, "EDUCACIONESPECIAL": 0, "FORMACIONPROFESIONAL": 0, "HOSPITALARIA": 0, "IDIOMAS": 0, "INFANTIL": 1, "MILITAR": 0, "MUSICA": 0, "OTRO": 0, "OTRONOEDUCATIVO": 0, "PENITENCIARIO": 0, "PRIMARIA": 1, "SECUNDARIA": 1, "SUPERIOR": 0, "UNIVERSITARIO": 0 }, "geometry": { "type": "Point", "coordinates": [ 3152103.42962340824306, 2031000.191279741702601 ] } },
{ "type": "Feature", "properties": { "centro_codigo": "28023947", "centro_nombre": "ESCUELAS PIAS DE SAN FERNANDO", "centro_tipo_descripcion": "CENTRO PRIVADO DE EDUCACIÓN INFANTIL, PRIMARIA Y SECUNDARIA", "centro_titularidad": "PRIVADO CONCERTADO", "centro_titular": "ESCUELAS PIAS PROVINCIA BETANIA", "municipio_nombre": "Pozuelo de Alarcón", "distrito_nombre": null, "direccion_coor_x": 431176.0, "direccion_coor_y": 4477665.0, "ARTE": 0, "DANZA": 0, "EDUCACIONADULTA": 0, "EDUCACIONESPECIAL": 0, "FORMACIONPROFESIONAL": 0, "HOSPITALARIA": 0, "IDIOMAS": 0, "INFANTIL": 1, "MILITAR": 0, "MUSICA": 0, "OTRO": 0, "OTRONOEDUCATIVO": 0, "PENITENCIARIO": 0, "PRIMARIA": 1, "SECUNDARIA": 1, "SUPERIOR": 0, "UNIVERSITARIO": 0 }, "geometry": { "type": "Point", "coordinates": [ 3150919.850200422573835, 2034787.45924191060476 ] } },
{ "type": "Feature", "properties": { "centro_codigo": "28023984", "centro_nombre": "EVEREST", "centro_tipo_descripcion": "CENTRO PRIVADO DE EDUCACIÓN INFANTIL, PRIMARIA Y SECUNDARIA", "centro_titularidad": "PRIVADO", "centro_titular": "CONGREGACION DE LOS LEGIONARIOS DE CRISTO", "municipio_nombre": "Pozuelo de Alarcón", "distrito_nombre": null, "direccion_coor_x": 428168.0, "direccion_coor_y": 4477108.0, "ARTE": 0, "DANZA": 0, "EDUCACIONADULTA": 0, "EDUCACIONESPECIAL": 0, "FORMACIONPROFESIONAL": 0, "HOSPITALARIA": 0, "IDIOMAS": 0, "INFANTIL": 1, "MILITAR": 0, "MUSICA": 0, "OTRO": 0, "OTRONOEDUCATIVO": 0, "PENITENCIARIO": 0, "PRIMARIA": 1, "SECUNDARIA": 1, "SUPERIOR": 0, "UNIVERSITARIO": 0 }, "geometry": { "type": "Point", "coordinates": [ 3147860.93031815579161, 2034760.006020539207384 ] } },
{ "type": "Feature", "properties": { "centro_codigo": "28023996", "centro_nombre": "LICEO SOROLLA C", "centro_tipo_descripcion": "CENTRO PRIVADO DE EDUCACIÓN INFANTIL, PRIMARIA Y SECUNDARIA", "centro_titularidad": "PRIVADO", "centro_titular": "LICEO SOROLLA, S.L", "municipio_nombre": "Pozuelo de Alarcón", "distrito_nombre": null, "direccion_coor_x": 431100.0, "direccion_coor_y": 4477703.0, "ARTE": 0, "DANZA": 0, "EDUCACIONADULTA": 0, "EDUCACIONESPECIAL": 0, "FORMACIONPROFESIONAL": 0, "HOSPITALARIA": 0, "IDIOMAS": 0, "INFANTIL": 1, "MILITAR": 0, "MUSICA": 0, "OTRO": 0, "OTRONOEDUCATIVO": 0, "PENITENCIARIO": 0, "PRIMARIA": 1, "SECUNDARIA": 1, "SUPERIOR": 0, "UNIVERSITARIO": 0 }, "geometry": { "type": "Point", "coordinates": [ 3150850.730460346676409, 2034838.077374778455123 ] } },
{ "type": "Feature", "properties": { "centro_codigo": "28024186", "centro_nombre": "FUNDACION COLEGIO BERRIZ", "centro_tipo_descripcion": "CENTRO PRIVADO DE EDUCACIÓN INFANTIL, PRIMARIA Y SECUNDARIA", "centro_titularidad": "PRIVADO CONCERTADO", "centro_titular": "FUNDACION BENEFICO-DOCENTE COLEGIO BERRIZ", "municipio_nombre": "Rozas de Madrid, Las", "distrito_nombre": null, "direccion_coor_x": 420288.0, "direccion_coor_y": 4487760.0, "ARTE": 0, "DANZA": 0, "EDUCACIONADULTA": 0, "EDUCACIONESPECIAL": 0, "FORMACIONPROFESIONAL": 0, "HOSPITALARIA": 0, "IDIOMAS": 0, "INFANTIL": 1, "MILITAR": 0, "MUSICA": 0, "OTRO": 0, "OTRONOEDUCATIVO": 0, "PENITENCIARIO": 0, "PRIMARIA": 1, "SECUNDARIA": 1, "SUPERIOR": 0, "UNIVERSITARIO": 0 }, "geometry": { "type": "Point", "coordinates": [ 3141749.585394981317222, 2046624.314573456300423 ] } },
{ "type": "Feature", "properties": { "centro_codigo": "28024198", "centro_nombre": "CRISTO REY", "centro_tipo_descripcion": "CENTRO PRIVADO DE EDUCACIÓN INFANTIL, PRIMARIA Y SECUNDARIA", "centro_titularidad": "PRIVADO CONCERTADO", "centro_titular": "FUNDACION EDUCATIVA JOSE GRAS", "municipio_nombre": "Rozas de Madrid, Las", "distrito_nombre": null, "direccion_coor_x": 426435.0, "direccion_coor_y": 4482022.0, "ARTE": 0, "DANZA": 0, "EDUCACIONADULTA": 0, "EDUCACIONESPECIAL": 0, "FORMACIONPROFESIONAL": 0, "HOSPITALARIA": 0, "IDIOMAS": 0, "INFANTIL": 1, "MILITAR": 0, "MUSICA": 0, "OTRO": 0, "OTRONOEDUCATIVO": 0, "PENITENCIARIO": 0, "PRIMARIA": 1, "SECUNDARIA": 1, "SUPERIOR": 0, "UNIVERSITARIO": 0 }, "geometry": { "type": "Point", "coordinates": [ 3146920.109667729586363, 2039903.009236045647413 ] } },
{ "type": "Feature", "properties": { "centro_codigo": "28024216", "centro_nombre": "INSTITUCION EDUCATIVA LOGOS", "centro_tipo_descripcion": "CENTRO PRIVADO DE EDUCACIÓN PRIMARIA Y SECUNDARIA", "centro_titularidad": "PRIVADO", "centro_titular": "INVESTIGACION Y SERVICIOS EDUCATIVOS LOGOS S.A.", "municipio_nombre": "Rozas de Madrid, Las", "distrito_nombre": null, "direccion_coor_x": 420170.0, "direccion_coor_y": 4487814.0, "ARTE": 0, "DANZA": 0, "EDUCACIONADULTA": 0, "EDUCACIONESPECIAL": 0, "FORMACIONPROFESIONAL": 0, "HOSPITALARIA": 0, "IDIOMAS": 0, "INFANTIL": 0, "MILITAR": 0, "MUSICA": 0, "OTRO": 0, "OTRONOEDUCATIVO": 0, "PENITENCIARIO": 0, "PRIMARIA": 1, "SECUNDARIA": 1, "SUPERIOR": 0, "UNIVERSITARIO": 0 }, "geometry": { "type": "Point", "coordinates": [ 3141641.523809794336557, 2046698.016035708133131 ] } },
{ "type": "Feature", "properties": { "centro_codigo": "28024228", "centro_nombre": "SANTA MARIA DE LAS ROZAS", "centro_tipo_descripcion": "CENTRO PRIVADO DE EDUCACIÓN INFANTIL, PRIMARIA Y SECUNDARIA", "centro_titularidad": "PRIVADO CONCERTADO", "centro_titular": "MISIONERAS DE CRISTO SACERDOTE", "municipio_nombre": "Rozas de Madrid, Las", "distrito_nombre": null, "direccion_coor_x": 426954.0, "direccion_coor_y": 4482028.0, "ARTE": 0, "DANZA": 0, "EDUCACIONADULTA": 0, "EDUCACIONESPECIAL": 0, "FORMACIONPROFESIONAL": 0, "HOSPITALARIA": 0, "IDIOMAS": 0, "INFANTIL": 1, "MILITAR": 0, "MUSICA": 0, "OTRO": 0, "OTRONOEDUCATIVO": 0, "PENITENCIARIO": 0, "PRIMARIA": 1, "SECUNDARIA": 1, "SUPERIOR": 0, "UNIVERSITARIO": 0 }, "geometry": { "type": "Point", "coordinates": [ 3147433.72301205387339, 2039818.912216477096081 ] } },
{ "type": "Feature", "properties": { "centro_codigo": "28024290", "centro_nombre": "VEGA DEL JARAMA", "centro_tipo_descripcion": "INSTITUTO DE EDUCACIÓN SECUNDARIA", "centro_titularidad": "PÚBLICO", "centro_titular": "COMUNIDAD DE MADRID", "municipio_nombre": "San Fernando de Henares", "distrito_nombre": null, "direccion_coor_x": 455106.0, "direccion_coor_y": 4474892.0, "ARTE": 0, "DANZA": 0, "EDUCACIONADULTA": 0, "EDUCACIONESPECIAL": 0, "FORMACIONPROFESIONAL": 0, "HOSPITALARIA": 0, "IDIOMAS": 0, "INFANTIL": 0, "MILITAR": 0, "MUSICA": 0, "OTRO": 0, "OTRONOEDUCATIVO": 0, "PENITENCIARIO": 0, "PRIMARIA": 0, "SECUNDARIA": 1, "SUPERIOR": 0, "UNIVERSITARIO": 0 }, "geometry": { "type": "Point", "coordinates": [ 3174129.156055814120919, 2027914.300864196382463 ] } },
{ "type": "Feature", "properties": { "centro_codigo": "28024344", "centro_nombre": "COLEGIO-ESCOLANIA SANTO DOMINGO DE SILOS", "centro_tipo_descripcion": "CENTRO PRIVADO DE EDUCACIÓN PRIMARIA Y SECUNDARIA", "centro_titularidad": "PRIVADO", "centro_titular": "PADRES BENEDICTINOS", "municipio_nombre": "San Lorenzo de El Escorial", "distrito_nombre": null, "direccion_coor_x": 402142.0, "direccion_coor_y": 4499659.0, "ARTE": 0, "DANZA": 0, "EDUCACIONADULTA": 0, "EDUCACIONESPECIAL": 0, "FORMACIONPROFESIONAL": 0, "HOSPITALARIA": 0, "IDIOMAS": 0, "INFANTIL": 0, "MILITAR": 0, "MUSICA": 0, "OTRO": 0, "OTRONOEDUCATIVO": 0, "PENITENCIARIO": 0, "PRIMARIA": 1, "SECUNDARIA": 1, "SUPERIOR": 0, "UNIVERSITARIO": 0 }, "geometry": { "type": "Point", "coordinates": [ 3125701.803008999209851, 2061505.53567456221208 ] } },
{ "type": "Feature", "properties": { "centro_codigo": "28024381", "centro_nombre": "LA INMACULADA CONCEPCION", "centro_tipo_descripcion": "CENTRO PRIVADO DE EDUCACIÓN INFANTIL, PRIMARIA Y SECUNDARIA", "centro_titularidad": "PRIVADO CONCERTADO", "centro_titular": "MM.CONCEPCIONISTAS MISIONERAS DE LA ENSEÑANZA", "municipio_nombre": "San Lorenzo de El Escorial", "distrito_nombre": null, "direccion_coor_x": 403316.0, "direccion_coor_y": 4494154.0, "ARTE": 0, "DANZA": 0, "EDUCACIONADULTA": 0, "EDUCACIONESPECIAL": 0, "FORMACIONPROFESIONAL": 0, "HOSPITALARIA": 0, "IDIOMAS": 0, "INFANTIL": 1, "MILITAR": 0, "MUSICA": 0, "OTRO": 0, "OTRONOEDUCATIVO": 0, "PENITENCIARIO": 0, "PRIMARIA": 1, "SECUNDARIA": 1, "SUPERIOR": 0, "UNIVERSITARIO": 0 }, "geometry": { "type": "Point", "coordinates": [ 3125994.330806445330381, 2055875.510472569381818 ] } },
{ "type": "Feature", "properties": { "centro_codigo": "28024393", "centro_nombre": "REAL COLEGIO ALFONSO XII", "centro_tipo_descripcion": "CENTRO PRIVADO DE EDUCACIÓN INFANTIL, PRIMARIA Y SECUNDARIA", "centro_titularidad": "PRIVADO CONCERTADO", "centro_titular": "PROVINCIA AGUSTINIANA MATRITENSE", "municipio_nombre": "San Lorenzo de El Escorial", "distrito_nombre": null, "direccion_coor_x": 403024.0, "direccion_coor_y": 4493901.0, "ARTE": 0, "DANZA": 0, "EDUCACIONADULTA": 0, "EDUCACIONESPECIAL": 0, "FORMACIONPROFESIONAL": 0, "HOSPITALARIA": 0, "IDIOMAS": 0, "INFANTIL": 1, "MILITAR": 0, "MUSICA": 0, "OTRO": 0, "OTRONOEDUCATIVO": 0, "PENITENCIARIO": 0, "PRIMARIA": 1, "SECUNDARIA": 1, "SUPERIOR": 0, "UNIVERSITARIO": 0 }, "geometry": { "type": "Point", "coordinates": [ 3125666.187250437214971, 2055676.964099263539538 ] } },
{ "type": "Feature", "properties": { "centro_codigo": "28024642", "centro_nombre": "JOAN MIRO", "centro_tipo_descripcion": "INSTITUTO DE EDUCACIÓN SECUNDARIA", "centro_titularidad": "PÚBLICO", "centro_titular": "COMUNIDAD DE MADRID", "municipio_nombre": "San Sebastián de los Reyes", "distrito_nombre": null, "direccion_coor_x": 447149.0, "direccion_coor_y": 4489890.0, "ARTE": 0, "DANZA": 0, "EDUCACIONADULTA": 0, "EDUCACIONESPECIAL": 0, "FORMACIONPROFESIONAL": 0, "HOSPITALARIA": 0, "IDIOMAS": 0, "INFANTIL": 0, "MILITAR": 0, "MUSICA": 0, "OTRO": 0, "OTRONOEDUCATIVO": 0, "PENITENCIARIO": 0, "PRIMARIA": 0, "SECUNDARIA": 1, "SUPERIOR": 0, "UNIVERSITARIO": 0 }, "geometry": { "type": "Point", "coordinates": [ 3168618.050193679518998, 2044068.704616796690971 ] } },
{ "type": "Feature", "properties": { "centro_codigo": "28024654", "centro_nombre": "COLEGIO INTERNACIONAL SEK-CIUDALCAMPO", "centro_tipo_descripcion": "CENTRO PRIVADO DE EDUCACIÓN INFANTIL, PRIMARIA Y SECUNDARIA", "centro_titularidad": "PRIVADO", "centro_titular": "SEK- CIUDALCAMPO S.L., SOCIEDAD UNIPERSONAL", "municipio_nombre": "San Sebastián de los Reyes", "distrito_nombre": null, "direccion_coor_x": 450289.0, "direccion_coor_y": 4496974.0, "ARTE": 0, "DANZA": 0, "EDUCACIONADULTA": 0, "EDUCACIONESPECIAL": 0, "FORMACIONPROFESIONAL": 0, "HOSPITALARIA": 0, "IDIOMAS": 0, "INFANTIL": 1, "MILITAR": 0, "MUSICA": 0, "OTRO": 0, "OTRONOEDUCATIVO": 0, "PENITENCIARIO": 0, "PRIMARIA": 1, "SECUNDARIA": 1, "SUPERIOR": 0, "UNIVERSITARIO": 0 }, "geometry": { "type": "Point", "coordinates": [ 3172832.206750754266977, 2050506.589328489964828 ] } },
{ "type": "Feature", "properties": { "centro_codigo": "28024812", "centro_nombre": "EL PILAR", "centro_tipo_descripcion": "CENTRO PRIVADO DE EDUCACIÓN INFANTIL, PRIMARIA Y SECUNDARIA", "centro_titularidad": "PRIVADO CONCERTADO", "centro_titular": "SOC.SAN FRANCISCO DE SALES, CONGREGACION SALESIANA", "municipio_nombre": "Soto del Real", "distrito_nombre": null, "direccion_coor_x": 433713.0, "direccion_coor_y": 4511765.0, "ARTE": 0, "DANZA": 0, "EDUCACIONADULTA": 0, "EDUCACIONESPECIAL": 0, "FORMACIONPROFESIONAL": 0, "HOSPITALARIA": 0, "IDIOMAS": 0, "INFANTIL": 1, "MILITAR": 0, "MUSICA": 0, "OTRO": 0, "OTRONOEDUCATIVO": 0, "PENITENCIARIO": 0, "PRIMARIA": 1, "SECUNDARIA": 1, "SUPERIOR": 0, "UNIVERSITARIO": 0 }, "geometry": { "type": "Point", "coordinates": [ 3158784.138036933727562, 2067953.680859945015982 ] } },
{ "type": "Feature", "properties": { "centro_codigo": "28024897", "centro_nombre": "SAN JUAN BOSCO", "centro_tipo_descripcion": "CENTRO PRIVADO DE EDUCACIÓN INFANTIL, PRIMARIA Y SECUNDARIA", "centro_titularidad": "PRIVADO CONCERTADO", "centro_titular": "COLEGIO SAN JUAN BOSCO, S.L.", "municipio_nombre": "Torrejón de Ardoz", "distrito_nombre": null, "direccion_coor_x": 460977.0, "direccion_coor_y": 4478077.0, "ARTE": 0, "DANZA": 0, "EDUCACIONADULTA": 0, "EDUCACIONESPECIAL": 0, "FORMACIONPROFESIONAL": 0, "HOSPITALARIA": 0, "IDIOMAS": 0, "INFANTIL": 1, "MILITAR": 0, "MUSICA": 0, "OTRO": 0, "OTRONOEDUCATIVO": 0, "PENITENCIARIO": 0, "PRIMARIA": 1, "SECUNDARIA": 1, "SUPERIOR": 0, "UNIVERSITARIO": 0 }, "geometry": { "type": "Point", "coordinates": [ 3180429.654317086562514, 2030038.740901416866109 ] } },
{ "type": "Feature", "properties": { "centro_codigo": "28024915", "centro_nombre": "ALBA", "centro_tipo_descripcion": "CENTRO PRIVADO DE EDUCACIÓN INFANTIL, PRIMARIA Y SECUNDARIA", "centro_titularidad": "PRIVADO CONCERTADO", "centro_titular": "COLEGIO ALBA, S.L", "municipio_nombre": "Torrejón de Ardoz", "distrito_nombre": null, "direccion_coor_x": 459096.0, "direccion_coor_y": 4478985.0, "ARTE": 0, "DANZA": 0, "EDUCACIONADULTA": 0, "EDUCACIONESPECIAL": 0, "FORMACIONPROFESIONAL": 0, "HOSPITALARIA": 0, "IDIOMAS": 0, "INFANTIL": 1, "MILITAR": 0, "MUSICA": 0, "OTRO": 0, "OTRONOEDUCATIVO": 0, "PENITENCIARIO": 0, "PRIMARIA": 1, "SECUNDARIA": 1, "SUPERIOR": 0, "UNIVERSITARIO": 0 }, "geometry": { "type": "Point", "coordinates": [ 3178713.035600444767624, 2031258.184822406619787 ] } },
{ "type": "Feature", "properties": { "centro_codigo": "28024988", "centro_nombre": "SAN JUAN EVANGELISTA", "centro_tipo_descripcion": "CENTRO PRIVADO DE EDUCACIÓN INFANTIL, PRIMARIA Y SECUNDARIA", "centro_titularidad": "PRIVADO CONCERTADO", "centro_titular": "COLEGIO S. JUAN EVANGELISTA,SL-DIOCESIS DE ALCALA DE HENARES", "municipio_nombre": "Torrejón de Ardoz", "distrito_nombre": null, "direccion_coor_x": 460263.0, "direccion_coor_y": 4477399.0, "ARTE": 0, "DANZA": 0, "EDUCACIONADULTA": 0, "EDUCACIONESPECIAL": 0, "FORMACIONPROFESIONAL": 0, "HOSPITALARIA": 0, "IDIOMAS": 0, "INFANTIL": 1, "MILITAR": 0, "MUSICA": 0, "OTRO": 0, "OTRONOEDUCATIVO": 0, "PENITENCIARIO": 0, "PRIMARIA": 1, "SECUNDARIA": 1, "SUPERIOR": 0, "UNIVERSITARIO": 0 }, "geometry": { "type": "Point", "coordinates": [ 3179617.895688795950264, 2029493.944101135479286 ] } },
{ "type": "Feature", "properties": { "centro_codigo": "28024991", "centro_nombre": "J.A.B.Y.", "centro_tipo_descripcion": "CENTRO PRIVADO DE EDUCACIÓN INFANTIL, PRIMARIA Y SECUNDARIA", "centro_titularidad": "PRIVADO CONCERTADO", "centro_titular": "COLEGIO JABY, S.L.", "municipio_nombre": "Torrejón de Ardoz", "distrito_nombre": null, "direccion_coor_x": 459318.0, "direccion_coor_y": 4478564.0, "ARTE": 0, "DANZA": 0, "EDUCACIONADULTA": 0, "EDUCACIONESPECIAL": 0, "FORMACIONPROFESIONAL": 0, "HOSPITALARIA": 0, "IDIOMAS": 0, "INFANTIL": 1, "MILITAR": 0, "MUSICA": 0, "OTRO": 0, "OTRONOEDUCATIVO": 0, "PENITENCIARIO": 0, "PRIMARIA": 1, "SECUNDARIA": 1, "SUPERIOR": 0, "UNIVERSITARIO": 0 }, "geometry": { "type": "Point", "coordinates": [ 3178866.47791812941432, 2030805.021777028916404 ] } },
{ "type": "Feature", "properties": { "centro_codigo": "28025014", "centro_nombre": "ISAAC PERAL", "centro_tipo_descripcion": "INSTITUTO DE EDUCACIÓN SECUNDARIA", "centro_titularidad": "PÚBLICO", "centro_titular": "COMUNIDAD DE MADRID", "municipio_nombre": "Torrejón de Ardoz", "distrito_nombre": null, "direccion_coor_x": 461603.0, "direccion_coor_y": 4478436.0, "ARTE": 0, "DANZA": 0, "EDUCACIONADULTA": 0, "EDUCACIONESPECIAL": 0, "FORMACIONPROFESIONAL": 0, "HOSPITALARIA": 0, "IDIOMAS": 0, "INFANTIL": 0, "MILITAR": 0, "MUSICA": 0, "OTRO": 0, "OTRONOEDUCATIVO": 0, "PENITENCIARIO": 0, "PRIMARIA": 0, "SECUNDARIA": 1, "SUPERIOR": 0, "UNIVERSITARIO": 0 }, "geometry": { "type": "Point", "coordinates": [ 3181104.49975036457181, 2030284.416392016690224 ] } },
{ "type": "Feature", "properties": { "centro_codigo": "28025026", "centro_nombre": "LAS VEREDILLAS", "centro_tipo_descripcion": "INSTITUTO DE EDUCACIÓN SECUNDARIA", "centro_titularidad": "PÚBLICO", "centro_titular": "COMUNIDAD DE MADRID", "municipio_nombre": "Torrejón de Ardoz", "distrito_nombre": null, "direccion_coor_x": 460077.0, "direccion_coor_y": 4479606.0, "ARTE": 0, "DANZA": 0, "EDUCACIONADULTA": 0, "EDUCACIONESPECIAL": 0, "FORMACIONPROFESIONAL": 0, "HOSPITALARIA": 0, "IDIOMAS": 0, "INFANTIL": 0, "MILITAR": 0, "MUSICA": 0, "OTRO": 0, "OTRONOEDUCATIVO": 0, "PENITENCIARIO": 0, "PRIMARIA": 0, "SECUNDARIA": 1, "SUPERIOR": 0, "UNIVERSITARIO": 0 }, "geometry": { "type": "Point", "coordinates": [ 3179779.722063792869449, 2031700.703036936465651 ] } },
{ "type": "Feature", "properties": { "centro_codigo": "28025129", "centro_nombre": "ALTO JARAMA", "centro_tipo_descripcion": "INSTITUTO DE EDUCACIÓN SECUNDARIA", "centro_titularidad": "PÚBLICO", "centro_titular": "COMUNIDAD DE MADRID", "municipio_nombre": "Torrelaguna", "distrito_nombre": null, "direccion_coor_x": 454344.0, "direccion_coor_y": 4519823.0, "ARTE": 0, "DANZA": 0, "EDUCACIONADULTA": 0, "EDUCACIONESPECIAL": 0, "FORMACIONPROFESIONAL": 0, "HOSPITALARIA": 0, "IDIOMAS": 0, "INFANTIL": 0, "MILITAR": 0, "MUSICA": 0, "OTRO": 0, "OTRONOEDUCATIVO": 0, "PENITENCIARIO": 0, "PRIMARIA": 0, "SECUNDARIA": 1, "SUPERIOR": 0, "UNIVERSITARIO": 0 }, "geometry": { "type": "Point", "coordinates": [ 3180429.856945469044149, 2072323.585502019850537 ] } },
{ "type": "Feature", "properties": { "centro_codigo": "28025166", "centro_nombre": "SAN IGNACIO DE LOYOLA", "centro_tipo_descripcion": "CENTRO PRIVADO DE EDUCACIÓN INFANTIL, PRIMARIA Y SECUNDARIA", "centro_titularidad": "PRIVADO CONCERTADO", "centro_titular": "PARROQUIA DE SAN IGNACIO DE LOYOLA", "municipio_nombre": "Torrelodones", "distrito_nombre": null, "direccion_coor_x": 419326.0, "direccion_coor_y": 4492238.0, "ARTE": 0, "DANZA": 0, "EDUCACIONADULTA": 0, "EDUCACIONESPECIAL": 0, "FORMACIONPROFESIONAL": 0, "HOSPITALARIA": 0, "IDIOMAS": 0, "INFANTIL": 1, "MILITAR": 0, "MUSICA": 0, "OTRO": 0, "OTRONOEDUCATIVO": 0, "PENITENCIARIO": 0, "PRIMARIA": 1, "SECUNDARIA": 1, "SUPERIOR": 0, "UNIVERSITARIO": 0 }, "geometry": { "type": "Point", "coordinates": [ 3141503.245828432962298, 2051204.495593129657209 ] } },
{ "type": "Feature", "properties": { "centro_codigo": "28025336", "centro_nombre": "SAN JOSE", "centro_tipo_descripcion": "CENTRO PRIVADO DE EDUCACIÓN INFANTIL, PRIMARIA Y SECUNDARIA", "centro_titularidad": "PRIVADO CONCERTADO", "centro_titular": "HIJAS DE LA CARIDAD DE SAN VICENTE DE PAUL", "municipio_nombre": "Valdemoro", "distrito_nombre": null, "direccion_coor_x": 442265.0, "direccion_coor_y": 4449307.0, "ARTE": 0, "DANZA": 0, "EDUCACIONADULTA": 0, "EDUCACIONESPECIAL": 0, "FORMACIONPROFESIONAL": 0, "HOSPITALARIA": 0, "IDIOMAS": 0, "INFANTIL": 1, "MILITAR": 0, "MUSICA": 0, "OTRO": 0, "OTRONOEDUCATIVO": 0, "PENITENCIARIO": 0, "PRIMARIA": 1, "SECUNDARIA": 1, "SUPERIOR": 0, "UNIVERSITARIO": 0 }, "geometry": { "type": "Point", "coordinates": [ 3157437.154594289138913, 2004925.380177922779694 ] } },
{ "type": "Feature", "properties": { "centro_codigo": "28025348", "centro_nombre": "MARQUES DE VALLEJO", "centro_tipo_descripcion": "CENTRO PRIVADO DE EDUCACIÓN INFANTIL, PRIMARIA Y SECUNDARIA", "centro_titularidad": "PRIVADO", "centro_titular": "ASOCIACION PRO-HUERFANOS GUARDIA CIVIL", "municipio_nombre": "Valdemoro", "distrito_nombre": null, "direccion_coor_x": 442505.0, "direccion_coor_y": 4447827.0, "ARTE": 0, "DANZA": 0, "EDUCACIONADULTA": 0, "EDUCACIONESPECIAL": 0, "FORMACIONPROFESIONAL": 0, "HOSPITALARIA": 0, "IDIOMAS": 0, "INFANTIL": 1, "MILITAR": 0, "MUSICA": 0, "OTRO": 0, "OTRONOEDUCATIVO": 0, "PENITENCIARIO": 0, "PRIMARIA": 1, "SECUNDARIA": 1, "SUPERIOR": 0, "UNIVERSITARIO": 0 }, "geometry": { "type": "Point", "coordinates": [ 3157443.101851835846901, 2003425.719943022588268 ] } },
{ "type": "Feature", "properties": { "centro_codigo": "28025361", "centro_nombre": "SAMER CALASANZ", "centro_tipo_descripcion": "CENTRO PRIVADO DE EDUCACIÓN INFANTIL, PRIMARIA Y SECUNDARIA", "centro_titularidad": "PRIVADO CONCERTADO", "centro_titular": "COLEGIO SAMER CALASANZ S.L.", "municipio_nombre": "Valdemoro", "distrito_nombre": null, "direccion_coor_x": 442303.0, "direccion_coor_y": 4449795.0, "ARTE": 0, "DANZA": 0, "EDUCACIONADULTA": 0, "EDUCACIONESPECIAL": 0, "FORMACIONPROFESIONAL": 0, "HOSPITALARIA": 0, "IDIOMAS": 0, "INFANTIL": 1, "MILITAR": 0, "MUSICA": 0, "OTRO": 0, "OTRONOEDUCATIVO": 0, "PENITENCIARIO": 0, "PRIMARIA": 1, "SECUNDARIA": 1, "SUPERIOR": 0, "UNIVERSITARIO": 0 }, "geometry": { "type": "Point", "coordinates": [ 3157550.965001036878675, 2005399.604772434104234 ] } },
{ "type": "Feature", "properties": { "centro_codigo": "28025403", "centro_nombre": "JESUS ARAMBURU", "centro_tipo_descripcion": "COLEGIO DE EDUCACIÓN INFANTIL, PRIMARIA Y SECUNDARIA", "centro_titularidad": "PÚBLICO", "centro_titular": "COMUNIDAD DE MADRID", "municipio_nombre": "Valdetorres de Jarama", "distrito_nombre": null, "direccion_coor_x": 456338.0, "direccion_coor_y": 4504715.0, "ARTE": 0, "DANZA": 0, "EDUCACIONADULTA": 0, "EDUCACIONESPECIAL": 0, "FORMACIONPROFESIONAL": 0, "HOSPITALARIA": 0, "IDIOMAS": 0, "INFANTIL": 1, "MILITAR": 0, "MUSICA": 0, "OTRO": 0, "OTRONOEDUCATIVO": 0, "PENITENCIARIO": 0, "PRIMARIA": 1, "SECUNDARIA": 1, "SUPERIOR": 0, "UNIVERSITARIO": 0 }, "geometry": { "type": "Point", "coordinates": [ 3180024.047642992809415, 2057089.455335215898231 ] } },
{ "type": "Feature", "properties": { "centro_codigo": "28025415", "centro_nombre": "MIGUEL DE CERVANTES", "centro_tipo_descripcion": "COLEGIO DE EDUCACIÓN INFANTIL, PRIMARIA Y SECUNDARIA", "centro_titularidad": "PÚBLICO", "centro_titular": "COMUNIDAD DE MADRID", "municipio_nombre": "Valdilecha", "distrito_nombre": null, "direccion_coor_x": 474525.0, "direccion_coor_y": 4460413.0, "ARTE": 0, "DANZA": 0, "EDUCACIONADULTA": 0, "EDUCACIONESPECIAL": 0, "FORMACIONPROFESIONAL": 0, "HOSPITALARIA": 0, "IDIOMAS": 0, "INFANTIL": 1, "MILITAR": 0, "MUSICA": 0, "OTRO": 0, "OTRONOEDUCATIVO": 0, "PENITENCIARIO": 0, "PRIMARIA": 1, "SECUNDARIA": 1, "SUPERIOR": 0, "UNIVERSITARIO": 0 }, "geometry": { "type": "Point", "coordinates": [ 3191057.887687032110989, 2010298.832993282936513 ] } },
{ "type": "Feature", "properties": { "centro_codigo": "28025579", "centro_nombre": "COLEGIO INTERNACIONAL SEK-EL CASTILLO", "centro_tipo_descripcion": "CENTRO PRIVADO DE EDUCACIÓN INFANTIL, PRIMARIA Y SECUNDARIA", "centro_titularidad": "PRIVADO", "centro_titular": "SEK EL CASTILLO, S.L.", "municipio_nombre": "Villanueva de la Cañada", "distrito_nombre": null, "direccion_coor_x": 420228.0, "direccion_coor_y": 4480407.0, "ARTE": 0, "DANZA": 0, "EDUCACIONADULTA": 0, "EDUCACIONESPECIAL": 0, "FORMACIONPROFESIONAL": 0, "HOSPITALARIA": 0, "IDIOMAS": 0, "INFANTIL": 1, "MILITAR": 0, "MUSICA": 0, "OTRO": 0, "OTRONOEDUCATIVO": 0, "PENITENCIARIO": 0, "PRIMARIA": 1, "SECUNDARIA": 1, "SUPERIOR": 0, "UNIVERSITARIO": 0 }, "geometry": { "type": "Point", "coordinates": [ 3140535.468655744567513, 2039388.421460345387459 ] } },
{ "type": "Feature", "properties": { "centro_codigo": "28025646", "centro_nombre": "SANTA ELENA", "centro_tipo_descripcion": "CENTRO PRIVADO DE EDUCACIÓN INFANTIL, PRIMARIA Y SECUNDARIA", "centro_titularidad": "PRIVADO CONCERTADO", "centro_titular": "FUNDACION BENEFICO-DOCENTE SANTA ELENA", "municipio_nombre": "Villarejo de Salvanés", "distrito_nombre": null, "direccion_coor_x": 476442.0, "direccion_coor_y": 4446395.0, "ARTE": 0, "DANZA": 0, "EDUCACIONADULTA": 0, "EDUCACIONESPECIAL": 0, "FORMACIONPROFESIONAL": 0, "HOSPITALARIA": 0, "IDIOMAS": 0, "INFANTIL": 1, "MILITAR": 0, "MUSICA": 0, "OTRO": 0, "OTRONOEDUCATIVO": 0, "PENITENCIARIO": 0, "PRIMARIA": 1, "SECUNDARIA": 1, "SUPERIOR": 0, "UNIVERSITARIO": 0 }, "geometry": { "type": "Point", "coordinates": [ 3190765.832464658189565, 1996158.867788177682087 ] } },
{ "type": "Feature", "properties": { "centro_codigo": "28025658", "centro_nombre": "NUESTRA SEÑORA DE LA VICTORIA DE LEPANTO", "centro_tipo_descripcion": "INSTITUTO DE EDUCACIÓN SECUNDARIA", "centro_titularidad": "PÚBLICO", "centro_titular": "COMUNIDAD DE MADRID", "municipio_nombre": "Villarejo de Salvanés", "distrito_nombre": null, "direccion_coor_x": 476454.0, "direccion_coor_y": 4446336.0, "ARTE": 0, "DANZA": 0, "EDUCACIONADULTA": 0, "EDUCACIONESPECIAL": 0, "FORMACIONPROFESIONAL": 0, "HOSPITALARIA": 0, "IDIOMAS": 0, "INFANTIL": 0, "MILITAR": 0, "MUSICA": 0, "OTRO": 0, "OTRONOEDUCATIVO": 0, "PENITENCIARIO": 0, "PRIMARIA": 0, "SECUNDARIA": 1, "SUPERIOR": 0, "UNIVERSITARIO": 0 }, "geometry": { "type": "Point", "coordinates": [ 3190768.498745625372976, 1996098.680493489140645 ] } },
{ "type": "Feature", "properties": { "centro_codigo": "28025695", "centro_nombre": "COLEGIO ALCALA", "centro_tipo_descripcion": "CENTRO PRIVADO DE EDUCACIÓN INFANTIL, PRIMARIA Y SECUNDARIA", "centro_titularidad": "PRIVADO CONCERTADO", "centro_titular": "COLEGIO ALCALA S.L.", "municipio_nombre": "Villaviciosa de Odón", "distrito_nombre": null, "direccion_coor_x": 423193.0, "direccion_coor_y": 4467977.0, "ARTE": 0, "DANZA": 0, "EDUCACIONADULTA": 0, "EDUCACIONESPECIAL": 0, "FORMACIONPROFESIONAL": 0, "HOSPITALARIA": 0, "IDIOMAS": 0, "INFANTIL": 1, "MILITAR": 0, "MUSICA": 0, "OTRO": 0, "OTRONOEDUCATIVO": 0, "PENITENCIARIO": 0, "PRIMARIA": 1, "SECUNDARIA": 1, "SUPERIOR": 0, "UNIVERSITARIO": 0 }, "geometry": { "type": "Point", "coordinates": [ 3141514.391221906524152, 2026624.991480104159564 ] } },
{ "type": "Feature", "properties": { "centro_codigo": "28025828", "centro_nombre": "FELIPE II", "centro_tipo_descripcion": "INSTITUTO DE EDUCACIÓN SECUNDARIA", "centro_titularidad": "PÚBLICO", "centro_titular": "COMUNIDAD DE MADRID", "municipio_nombre": "Madrid", "distrito_nombre": "Moratalaz", "direccion_coor_x": 446203.0, "direccion_coor_y": 4472071.0, "ARTE": 0, "DANZA": 0, "EDUCACIONADULTA": 0, "EDUCACIONESPECIAL": 0, "FORMACIONPROFESIONAL": 0, "HOSPITALARIA": 0, "IDIOMAS": 0, "INFANTIL": 0, "MILITAR": 0, "MUSICA": 0, "OTRO": 0, "OTRONOEDUCATIVO": 0, "PENITENCIARIO": 0, "PRIMARIA": 0, "SECUNDARIA": 1, "SUPERIOR": 0, "UNIVERSITARIO": 0 }, "geometry": { "type": "Point", "coordinates": [ 3164889.85202576732263, 2026673.534238174092025 ] } },
{ "type": "Feature", "properties": { "centro_codigo": "28026031", "centro_nombre": "VICENTE ALEIXANDRE", "centro_tipo_descripcion": "INSTITUTO DE EDUCACIÓN SECUNDARIA", "centro_titularidad": "PÚBLICO", "centro_titular": "COMUNIDAD DE MADRID", "municipio_nombre": "Pinto", "distrito_nombre": null, "direccion_coor_x": 441078.0, "direccion_coor_y": 4455858.0, "ARTE": 0, "DANZA": 0, "EDUCACIONADULTA": 0, "EDUCACIONESPECIAL": 0, "FORMACIONPROFESIONAL": 0, "HOSPITALARIA": 0, "IDIOMAS": 0, "INFANTIL": 0, "MILITAR": 0, "MUSICA": 0, "OTRO": 0, "OTRONOEDUCATIVO": 0, "PENITENCIARIO": 0, "PRIMARIA": 0, "SECUNDARIA": 1, "SUPERIOR": 0, "UNIVERSITARIO": 0 }, "geometry": { "type": "Point", "coordinates": [ 3157288.169155430980027, 2011585.161171926185489 ] } },
{ "type": "Feature", "properties": { "centro_codigo": "28026092", "centro_nombre": "LOS CASTILLOS", "centro_tipo_descripcion": "INSTITUTO DE EDUCACIÓN SECUNDARIA", "centro_titularidad": "PÚBLICO", "centro_titular": "COMUNIDAD DE MADRID", "municipio_nombre": "Alcorcón", "distrito_nombre": null, "direccion_coor_x": 431213.0, "direccion_coor_y": 4467748.0, "ARTE": 0, "DANZA": 0, "EDUCACIONADULTA": 0, "EDUCACIONESPECIAL": 0, "FORMACIONPROFESIONAL": 0, "HOSPITALARIA": 0, "IDIOMAS": 0, "INFANTIL": 0, "MILITAR": 0, "MUSICA": 0, "OTRO": 0, "OTRONOEDUCATIVO": 0, "PENITENCIARIO": 0, "PRIMARIA": 0, "SECUNDARIA": 1, "SUPERIOR": 0, "UNIVERSITARIO": 0 }, "geometry": { "type": "Point", "coordinates": [ 3149401.765078551135957, 2025008.842416757717729 ] } },
{ "type": "Feature", "properties": { "centro_codigo": "28026183", "centro_nombre": "JOYFE", "centro_tipo_descripcion": "CENTRO PRIVADO DE EDUCACIÓN INFANTIL, PRIMARIA Y SECUNDARIA", "centro_titularidad": "PRIVADO", "centro_titular": "COLEGIO JOYFE, S.L.U.", "municipio_nombre": "Madrid", "distrito_nombre": "Ciudad Lineal", "direccion_coor_x": 445777.0, "direccion_coor_y": 4476048.0, "ARTE": 0, "DANZA": 0, "EDUCACIONADULTA": 0, "EDUCACIONESPECIAL": 0, "FORMACIONPROFESIONAL": 0, "HOSPITALARIA": 0, "IDIOMAS": 0, "INFANTIL": 1, "MILITAR": 0, "MUSICA": 0, "OTRO": 0, "OTRONOEDUCATIVO": 0, "PENITENCIARIO": 0, "PRIMARIA": 1, "SECUNDARIA": 1, "SUPERIOR": 0, "UNIVERSITARIO": 0 }, "geometry": { "type": "Point", "coordinates": [ 3165091.946997251361609, 2030666.003131292993203 ] } },
{ "type": "Feature", "properties": { "centro_codigo": "28026420", "centro_nombre": "LOS ANGELES", "centro_tipo_descripcion": "CENTRO PRIVADO DE EDUCACIÓN INFANTIL, PRIMARIA Y SECUNDARIA", "centro_titularidad": "PRIVADO CONCERTADO", "centro_titular": "SDAD. COOP. MADRILEÑA LOS ANGELES", "municipio_nombre": "Getafe", "distrito_nombre": null, "direccion_coor_x": 436739.0, "direccion_coor_y": 4458536.0, "ARTE": 0, "DANZA": 0, "EDUCACIONADULTA": 0, "EDUCACIONESPECIAL": 0, "FORMACIONPROFESIONAL": 0, "HOSPITALARIA": 0, "IDIOMAS": 0, "INFANTIL": 1, "MILITAR": 0, "MUSICA": 0, "OTRO": 0, "OTRONOEDUCATIVO": 0, "PENITENCIARIO": 0, "PRIMARIA": 1, "SECUNDARIA": 1, "SUPERIOR": 0, "UNIVERSITARIO": 0 }, "geometry": { "type": "Point", "coordinates": [ 3153419.416969675105065, 2014974.748066361993551 ] } },
{ "type": "Feature", "properties": { "centro_codigo": "28026456", "centro_nombre": "AMANECER", "centro_tipo_descripcion": "CENTRO PRIVADO DE EDUCACIÓN INFANTIL, PRIMARIA Y SECUNDARIA", "centro_titularidad": "PRIVADO", "centro_titular": "CENTRO ESCOLAR AMANECER, S.L.", "municipio_nombre": "Alcorcón", "distrito_nombre": null, "direccion_coor_x": 428758.0, "direccion_coor_y": 4466128.0, "ARTE": 0, "DANZA": 0, "EDUCACIONADULTA": 0, "EDUCACIONESPECIAL": 0, "FORMACIONPROFESIONAL": 0, "HOSPITALARIA": 0, "IDIOMAS": 0, "INFANTIL": 1, "MILITAR": 0, "MUSICA": 0, "OTRO": 0, "OTRONOEDUCATIVO": 0, "PENITENCIARIO": 0, "PRIMARIA": 1, "SECUNDARIA": 1, "SUPERIOR": 0, "UNIVERSITARIO": 0 }, "geometry": { "type": "Point", "coordinates": [ 3146722.4632204528898, 2023838.019959337543696 ] } },
{ "type": "Feature", "properties": { "centro_codigo": "28027931", "centro_nombre": "SAN JUAN GARCIA", "centro_tipo_descripcion": "CENTRO PRIVADO DE EDUCACIÓN PRIMARIA Y SECUNDARIA", "centro_titularidad": "PRIVADO CONCERTADO", "centro_titular": "FUNDACION EDUCATIVA SANTISIMA TRINIDAD", "municipio_nombre": "Madrid", "distrito_nombre": "Latina", "direccion_coor_x": 435907.0, "direccion_coor_y": 4471853.0, "ARTE": 0, "DANZA": 0, "EDUCACIONADULTA": 0, "EDUCACIONESPECIAL": 0, "FORMACIONPROFESIONAL": 0, "HOSPITALARIA": 0, "IDIOMAS": 0, "INFANTIL": 0, "MILITAR": 0, "MUSICA": 0, "OTRO": 0, "OTRONOEDUCATIVO": 0, "PENITENCIARIO": 0, "PRIMARIA": 1, "SECUNDARIA": 1, "SUPERIOR": 0, "UNIVERSITARIO": 0 }, "geometry": { "type": "Point", "coordinates": [ 3154682.636327209882438, 2028240.642280254513025 ] } },
{ "type": "Feature", "properties": { "centro_codigo": "28027941", "centro_nombre": "MARIA INMACULADA", "centro_tipo_descripcion": "CENTRO PRIVADO DE EDUCACIÓN SECUNDARIA", "centro_titularidad": "PRIVADO CONCERTADO", "centro_titular": "RELIGIOSAS DE MARIA INMACULADA", "municipio_nombre": "Madrid", "distrito_nombre": "Centro", "direccion_coor_x": 440461.0, "direccion_coor_y": 4475445.0, "ARTE": 0, "DANZA": 0, "EDUCACIONADULTA": 0, "EDUCACIONESPECIAL": 0, "FORMACIONPROFESIONAL": 0, "HOSPITALARIA": 0, "IDIOMAS": 0, "INFANTIL": 0, "MILITAR": 0, "MUSICA": 0, "OTRO": 0, "OTRONOEDUCATIVO": 0, "PENITENCIARIO": 0, "PRIMARIA": 0, "SECUNDARIA": 1, "SUPERIOR": 0, "UNIVERSITARIO": 0 }, "geometry": { "type": "Point", "coordinates": [ 3159744.980478833429515, 2030991.659982379293069 ] } },
{ "type": "Feature", "properties": { "centro_codigo": "28028301", "centro_nombre": "ARQUITECTO PEDRO GUMIEL", "centro_tipo_descripcion": "INSTITUTO DE EDUCACIÓN SECUNDARIA", "centro_titularidad": "PÚBLICO", "centro_titular": "COMUNIDAD DE MADRID", "municipio_nombre": "Alcalá de Henares", "distrito_nombre": null, "direccion_coor_x": 467874.0, "direccion_coor_y": 4482731.0, "ARTE": 0, "DANZA": 0, "EDUCACIONADULTA": 0, "EDUCACIONESPECIAL": 0, "FORMACIONPROFESIONAL": 0, "HOSPITALARIA": 0, "IDIOMAS": 0, "INFANTIL": 0, "MILITAR": 0, "MUSICA": 0, "OTRO": 0, "OTRONOEDUCATIVO": 0, "PENITENCIARIO": 0, "PRIMARIA": 0, "SECUNDARIA": 1, "SUPERIOR": 0, "UNIVERSITARIO": 0 }, "geometry": { "type": "Point", "coordinates": [ 3187974.362904639914632, 2033434.387385898269713 ] } },
{ "type": "Feature", "properties": { "centro_codigo": "28028350", "centro_nombre": "MARIA MOLINER", "centro_tipo_descripcion": "INSTITUTO DE EDUCACIÓN SECUNDARIA", "centro_titularidad": "PÚBLICO", "centro_titular": "COMUNIDAD DE MADRID", "municipio_nombre": "Coslada", "distrito_nombre": null, "direccion_coor_x": 453407.0, "direccion_coor_y": 4474809.0, "ARTE": 0, "DANZA": 0, "EDUCACIONADULTA": 0, "EDUCACIONESPECIAL": 0, "FORMACIONPROFESIONAL": 0, "HOSPITALARIA": 0, "IDIOMAS": 0, "INFANTIL": 0, "MILITAR": 0, "MUSICA": 0, "OTRO": 0, "OTRONOEDUCATIVO": 0, "PENITENCIARIO": 0, "PRIMARIA": 0, "SECUNDARIA": 1, "SUPERIOR": 0, "UNIVERSITARIO": 0 }, "geometry": { "type": "Point", "coordinates": [ 3172437.241628867574036, 2028126.056578039191663 ] } },
{ "type": "Feature", "properties": { "centro_codigo": "28028374", "centro_nombre": "DIONISIO AGUADO", "centro_tipo_descripcion": "INSTITUTO DE EDUCACIÓN SECUNDARIA", "centro_titularidad": "PÚBLICO", "centro_titular": "COMUNIDAD DE MADRID", "municipio_nombre": "Fuenlabrada", "distrito_nombre": null, "direccion_coor_x": 431497.0, "direccion_coor_y": 4459521.0, "ARTE": 0, "DANZA": 0, "EDUCACIONADULTA": 0, "EDUCACIONESPECIAL": 0, "FORMACIONPROFESIONAL": 0, "HOSPITALARIA": 0, "IDIOMAS": 0, "INFANTIL": 0, "MILITAR": 0, "MUSICA": 0, "OTRO": 0, "OTRONOEDUCATIVO": 0, "PENITENCIARIO": 0, "PRIMARIA": 0, "SECUNDARIA": 1, "SUPERIOR": 0, "UNIVERSITARIO": 0 }, "geometry": { "type": "Point", "coordinates": [ 3148393.966228709556162, 2016853.160813907627016 ] } },
{ "type": "Feature", "properties": { "centro_codigo": "28028404", "centro_nombre": "BUTARQUE", "centro_tipo_descripcion": "INSTITUTO DE EDUCACIÓN SECUNDARIA", "centro_titularidad": "PÚBLICO", "centro_titular": "COMUNIDAD DE MADRID", "municipio_nombre": "Leganés", "distrito_nombre": null, "direccion_coor_x": 435523.0, "direccion_coor_y": 4465453.0, "ARTE": 0, "DANZA": 0, "EDUCACIONADULTA": 0, "EDUCACIONESPECIAL": 0, "FORMACIONPROFESIONAL": 0, "HOSPITALARIA": 0, "IDIOMAS": 0, "INFANTIL": 0, "MILITAR": 0, "MUSICA": 0, "OTRO": 0, "OTRONOEDUCATIVO": 0, "PENITENCIARIO": 0, "PRIMARIA": 0, "SECUNDARIA": 1, "SUPERIOR": 0, "UNIVERSITARIO": 0 }, "geometry": { "type": "Point", "coordinates": [ 3153300.645710444077849, 2022000.81179487076588 ] } },
{ "type": "Feature", "properties": { "centro_codigo": "28028428", "centro_nombre": "AVENIDA DE LOS TOREROS", "centro_tipo_descripcion": "INSTITUTO DE EDUCACIÓN SECUNDARIA", "centro_titularidad": "PÚBLICO", "centro_titular": "COMUNIDAD DE MADRID", "municipio_nombre": "Madrid", "distrito_nombre": "Salamanca", "direccion_coor_x": 443606.0, "direccion_coor_y": 4476086.0, "ARTE": 0, "DANZA": 0, "EDUCACIONADULTA": 0, "EDUCACIONESPECIAL": 0, "FORMACIONPROFESIONAL": 0, "HOSPITALARIA": 0, "IDIOMAS": 0, "INFANTIL": 0, "MILITAR": 0, "MUSICA": 0, "OTRO": 0, "OTRONOEDUCATIVO": 0, "PENITENCIARIO": 0, "PRIMARIA": 0, "SECUNDARIA": 1, "SUPERIOR": 0, "UNIVERSITARIO": 0 }, "geometry": { "type": "Point", "coordinates": [ 3162952.815170958638191, 2031079.024384420597926 ] } },
{ "type": "Feature", "properties": { "centro_codigo": "28028431", "centro_nombre": "MARIANO JOSE DE LARRA", "centro_tipo_descripcion": "INSTITUTO DE EDUCACIÓN SECUNDARIA", "centro_titularidad": "PÚBLICO", "centro_titular": "COMUNIDAD DE MADRID", "municipio_nombre": "Madrid", "distrito_nombre": "Latina", "direccion_coor_x": 436011.0, "direccion_coor_y": 4471128.0, "ARTE": 0, "DANZA": 0, "EDUCACIONADULTA": 0, "EDUCACIONESPECIAL": 0, "FORMACIONPROFESIONAL": 0, "HOSPITALARIA": 0, "IDIOMAS": 0, "INFANTIL": 0, "MILITAR": 0, "MUSICA": 0, "OTRO": 0, "OTRONOEDUCATIVO": 0, "PENITENCIARIO": 0, "PRIMARIA": 0, "SECUNDARIA": 1, "SUPERIOR": 0, "UNIVERSITARIO": 0 }, "geometry": { "type": "Point", "coordinates": [ 3154671.780426025390625, 2027508.231115387985483 ] } },
{ "type": "Feature", "properties": { "centro_codigo": "28028453", "centro_nombre": "LA ESTRELLA", "centro_tipo_descripcion": "INSTITUTO DE EDUCACIÓN SECUNDARIA", "centro_titularidad": "PÚBLICO", "centro_titular": "COMUNIDAD DE MADRID", "municipio_nombre": "Madrid", "distrito_nombre": "Retiro", "direccion_coor_x": 443434.0, "direccion_coor_y": 4473420.0, "ARTE": 0, "DANZA": 0, "EDUCACIONADULTA": 0, "EDUCACIONESPECIAL": 0, "FORMACIONPROFESIONAL": 0, "HOSPITALARIA": 0, "IDIOMAS": 0, "INFANTIL": 0, "MILITAR": 0, "MUSICA": 0, "OTRO": 0, "OTRONOEDUCATIVO": 0, "PENITENCIARIO": 0, "PRIMARIA": 0, "SECUNDARIA": 1, "SUPERIOR": 0, "UNIVERSITARIO": 0 }, "geometry": { "type": "Point", "coordinates": [ 3162365.13048829883337, 2028481.77668249886483 ] } },
{ "type": "Feature", "properties": { "centro_codigo": "28028465", "centro_nombre": "SAN JUAN BAUTISTA", "centro_tipo_descripcion": "INSTITUTO DE EDUCACIÓN SECUNDARIA", "centro_titularidad": "PÚBLICO", "centro_titular": "COMUNIDAD DE MADRID", "municipio_nombre": "Madrid", "distrito_nombre": "Ciudad Lineal", "direccion_coor_x": 444178.0, "direccion_coor_y": 4478137.0, "ARTE": 0, "DANZA": 0, "EDUCACIONADULTA": 0, "EDUCACIONESPECIAL": 0, "FORMACIONPROFESIONAL": 0, "HOSPITALARIA": 0, "IDIOMAS": 0, "INFANTIL": 0, "MILITAR": 0, "MUSICA": 0, "OTRO": 0, "OTRONOEDUCATIVO": 0, "PENITENCIARIO": 0, "PRIMARIA": 0, "SECUNDARIA": 1, "SUPERIOR": 0, "UNIVERSITARIO": 0 }, "geometry": { "type": "Point", "coordinates": [ 3163839.427871602587402, 2033001.083259424893185 ] } },
{ "type": "Feature", "properties": { "centro_codigo": "28028477", "centro_nombre": "JAIME VERA", "centro_tipo_descripcion": "INSTITUTO DE EDUCACIÓN SECUNDARIA", "centro_titularidad": "PÚBLICO", "centro_titular": "COMUNIDAD DE MADRID", "municipio_nombre": "Madrid", "distrito_nombre": "Tetuán", "direccion_coor_x": 440807.0, "direccion_coor_y": 4478713.0, "ARTE": 0, "DANZA": 0, "EDUCACIONADULTA": 0, "EDUCACIONESPECIAL": 0, "FORMACIONPROFESIONAL": 0, "HOSPITALARIA": 0, "IDIOMAS": 0, "INFANTIL": 0, "MILITAR": 0, "MUSICA": 0, "OTRO": 0, "OTRONOEDUCATIVO": 0, "PENITENCIARIO": 0, "PRIMARIA": 0, "SECUNDARIA": 1, "SUPERIOR": 0, "UNIVERSITARIO": 0 }, "geometry": { "type": "Point", "coordinates": [ 3160599.114111099392176, 2034152.041014281334355 ] } },
{ "type": "Feature", "properties": { "centro_codigo": "28028568", "centro_nombre": "MANUEL DE FALLA", "centro_tipo_descripcion": "INSTITUTO DE EDUCACIÓN SECUNDARIA", "centro_titularidad": "PÚBLICO", "centro_titular": "COMUNIDAD DE MADRID", "municipio_nombre": "Móstoles", "distrito_nombre": null, "direccion_coor_x": 424898.0, "direccion_coor_y": 4464545.0, "ARTE": 0, "DANZA": 0, "EDUCACIONADULTA": 0, "EDUCACIONESPECIAL": 0, "FORMACIONPROFESIONAL": 0, "HOSPITALARIA": 0, "IDIOMAS": 0, "INFANTIL": 0, "MILITAR": 0, "MUSICA": 0, "OTRO": 0, "OTRONOEDUCATIVO": 0, "PENITENCIARIO": 0, "PRIMARIA": 0, "SECUNDARIA": 1, "SUPERIOR": 0, "UNIVERSITARIO": 0 }, "geometry": { "type": "Point", "coordinates": [ 3142660.934422864578664, 2022947.424853816628456 ] } },
{ "type": "Feature", "properties": { "centro_codigo": "28028571", "centro_nombre": "LAS ROZAS I", "centro_tipo_descripcion": "INSTITUTO DE EDUCACIÓN SECUNDARIA", "centro_titularidad": "PÚBLICO", "centro_titular": "COMUNIDAD DE MADRID", "municipio_nombre": "Rozas de Madrid, Las", "distrito_nombre": null, "direccion_coor_x": 426438.0, "direccion_coor_y": 4482429.0, "ARTE": 0, "DANZA": 0, "EDUCACIONADULTA": 0, "EDUCACIONESPECIAL": 0, "FORMACIONPROFESIONAL": 0, "HOSPITALARIA": 0, "IDIOMAS": 0, "INFANTIL": 0, "MILITAR": 0, "MUSICA": 0, "OTRO": 0, "OTRONOEDUCATIVO": 0, "PENITENCIARIO": 0, "PRIMARIA": 0, "SECUNDARIA": 1, "SUPERIOR": 0, "UNIVERSITARIO": 0 }, "geometry": { "type": "Point", "coordinates": [ 3146986.960803819820285, 2040303.572576303966343 ] } },
{ "type": "Feature", "properties": { "centro_codigo": "28028611", "centro_nombre": "GONZALO TORRENTE BALLESTER", "centro_tipo_descripcion": "INSTITUTO DE EDUCACIÓN SECUNDARIA", "centro_titularidad": "PÚBLICO", "centro_titular": "COMUNIDAD DE MADRID", "municipio_nombre": "San Sebastián de los Reyes", "distrito_nombre": null, "direccion_coor_x": 446728.0, "direccion_coor_y": 4489977.0, "ARTE": 0, "DANZA": 0, "EDUCACIONADULTA": 0, "EDUCACIONESPECIAL": 0, "FORMACIONPROFESIONAL": 0, "HOSPITALARIA": 0, "IDIOMAS": 0, "INFANTIL": 0, "MILITAR": 0, "MUSICA": 0, "OTRO": 0, "OTRONOEDUCATIVO": 0, "PENITENCIARIO": 0, "PRIMARIA": 0, "SECUNDARIA": 1, "SUPERIOR": 0, "UNIVERSITARIO": 0 }, "geometry": { "type": "Point", "coordinates": [ 3168215.769169357605278, 2044227.266413945937529 ] } },
{ "type": "Feature", "properties": { "centro_codigo": "28028659", "centro_nombre": "NUESTRA SEÑORA DE LORETO", "centro_tipo_descripcion": "CENTRO PRIVADO DE EDUCACIÓN INFANTIL, PRIMARIA Y SECUNDARIA", "centro_titularidad": "PRIVADO", "centro_titular": "PATRONATO HUERFANOS DEL EJECITO DEL AIRE N.SRA.DE LORETO", "municipio_nombre": "Madrid", "distrito_nombre": "San Blas-Canillejas", "direccion_coor_x": 445574.0, "direccion_coor_y": 4477440.0, "ARTE": 0, "DANZA": 0, "EDUCACIONADULTA": 0, "EDUCACIONESPECIAL": 0, "FORMACIONPROFESIONAL": 0, "HOSPITALARIA": 0, "IDIOMAS": 0, "INFANTIL": 1, "MILITAR": 0, "MUSICA": 0, "OTRO": 0, "OTRONOEDUCATIVO": 0, "PENITENCIARIO": 0, "PRIMARIA": 1, "SECUNDARIA": 1, "SUPERIOR": 0, "UNIVERSITARIO": 0 }, "geometry": { "type": "Point", "coordinates": [ 3165109.504385103005916, 2032072.763618397759274 ] } },
{ "type": "Feature", "properties": { "centro_codigo": "28028672", "centro_nombre": "RAMIRO DE MAEZTU", "centro_tipo_descripcion": "INSTITUTO DE EDUCACIÓN SECUNDARIA", "centro_titularidad": "PÚBLICO", "centro_titular": "COMUNIDAD DE MADRID", "municipio_nombre": "Madrid", "distrito_nombre": "Chamartín", "direccion_coor_x": 441808.0, "direccion_coor_y": 4477079.0, "ARTE": 0, "DANZA": 0, "EDUCACIONADULTA": 0, "EDUCACIONESPECIAL": 0, "FORMACIONPROFESIONAL": 0, "HOSPITALARIA": 0, "IDIOMAS": 0, "INFANTIL": 0, "MILITAR": 0, "MUSICA": 0, "OTRO": 0, "OTRONOEDUCATIVO": 0, "PENITENCIARIO": 0, "PRIMARIA": 0, "SECUNDARIA": 1, "SUPERIOR": 0, "UNIVERSITARIO": 0 }, "geometry": { "type": "Point", "coordinates": [ 3161331.957308555021882, 2032368.647318983217701 ] } },
{ "type": "Feature", "properties": { "centro_codigo": "28028684", "centro_nombre": "JUAN DE HERRERA", "centro_tipo_descripcion": "INSTITUTO DE EDUCACIÓN SECUNDARIA", "centro_titularidad": "PÚBLICO", "centro_titular": "COMUNIDAD DE MADRID", "municipio_nombre": "San Lorenzo de El Escorial", "distrito_nombre": null, "direccion_coor_x": 404807.0, "direccion_coor_y": 4495242.0, "ARTE": 0, "DANZA": 0, "EDUCACIONADULTA": 0, "EDUCACIONESPECIAL": 0, "FORMACIONPROFESIONAL": 0, "HOSPITALARIA": 0, "IDIOMAS": 0, "INFANTIL": 0, "MILITAR": 0, "MUSICA": 0, "OTRO": 0, "OTRONOEDUCATIVO": 0, "PENITENCIARIO": 0, "PRIMARIA": 0, "SECUNDARIA": 1, "SUPERIOR": 0, "UNIVERSITARIO": 0 }, "geometry": { "type": "Point", "coordinates": [ 3127637.814194364473224, 2056688.429181777639315 ] } },
{ "type": "Feature", "properties": { "centro_codigo": "28029445", "centro_nombre": "SEMINARIO ARZOBISPAL LA INMACULADA Y SAN DAMASO", "centro_tipo_descripcion": "CENTRO PRIVADO DE EDUCACIÓN PRIMARIA Y SECUNDARIA", "centro_titularidad": "PRIVADO", "centro_titular": "DIOCESIS DE GETAFE", "municipio_nombre": "Rozas de Puerto Real", "distrito_nombre": null, "direccion_coor_x": 371350.0, "direccion_coor_y": 4463549.0, "ARTE": 0, "DANZA": 0, "EDUCACIONADULTA": 0, "EDUCACIONESPECIAL": 0, "FORMACIONPROFESIONAL": 0, "HOSPITALARIA": 0, "IDIOMAS": 0, "INFANTIL": 0, "MILITAR": 0, "MUSICA": 0, "OTRO": 0, "OTRONOEDUCATIVO": 0, "PENITENCIARIO": 0, "PRIMARIA": 1, "SECUNDARIA": 1, "SUPERIOR": 0, "UNIVERSITARIO": 0 }, "geometry": { "type": "Point", "coordinates": [ 3089619.781489608809352, 2031285.542347356444225 ] } },
{ "type": "Feature", "properties": { "centro_codigo": "28029494", "centro_nombre": "ARCANGEL RAFAEL", "centro_tipo_descripcion": "CENTRO PRIVADO DE EDUCACIÓN INFANTIL, PRIMARIA Y SECUNDARIA", "centro_titularidad": "PRIVADO", "centro_titular": "COLEGIO ARCÁNGEL RAFAEL, S.L.", "municipio_nombre": "Madrid", "distrito_nombre": "Latina", "direccion_coor_x": 435041.0, "direccion_coor_y": 4471840.0, "ARTE": 0, "DANZA": 0, "EDUCACIONADULTA": 0, "EDUCACIONESPECIAL": 0, "FORMACIONPROFESIONAL": 0, "HOSPITALARIA": 0, "IDIOMAS": 0, "INFANTIL": 1, "MILITAR": 0, "MUSICA": 0, "OTRO": 0, "OTRONOEDUCATIVO": 0, "PENITENCIARIO": 0, "PRIMARIA": 1, "SECUNDARIA": 1, "SUPERIOR": 0, "UNIVERSITARIO": 0 }, "geometry": { "type": "Point", "coordinates": [ 3153824.992989922873676, 2028377.821811859030277 ] } },
{ "type": "Feature", "properties": { "centro_codigo": "28029536", "centro_nombre": "KING'S COLLEGE", "centro_tipo_descripcion": "CENTRO PRIVADO DE EDUCACIÓN SECUNDARIA", "centro_titularidad": "PRIVADO", "centro_titular": "KING'S COLLEGE, S.A.", "municipio_nombre": "Tres Cantos", "distrito_nombre": null, "direccion_coor_x": 442514.0, "direccion_coor_y": 4496098.0, "ARTE": 0, "DANZA": 0, "EDUCACIONADULTA": 0, "EDUCACIONESPECIAL": 0, "FORMACIONPROFESIONAL": 0, "HOSPITALARIA": 0, "IDIOMAS": 0, "INFANTIL": 0, "MILITAR": 0, "MUSICA": 0, "OTRO": 0, "OTRONOEDUCATIVO": 0, "PENITENCIARIO": 0, "PRIMARIA": 0, "SECUNDARIA": 1, "SUPERIOR": 0, "UNIVERSITARIO": 0 }, "geometry": { "type": "Point", "coordinates": [ 3165013.701218388974667, 2050988.550439198967069 ] } },
{ "type": "Feature", "properties": { "centro_codigo": "28029573", "centro_nombre": "SAGRADO CORAZON REPARADORAS", "centro_tipo_descripcion": "CENTRO PRIVADO DE EDUCACIÓN INFANTIL, PRIMARIA Y SECUNDARIA", "centro_titularidad": "PRIVADO CONCERTADO", "centro_titular": "RELIGIOSAS REPARADORAS DEL SAGRADO CORAZON DE JESUS", "municipio_nombre": "Majadahonda", "distrito_nombre": null, "direccion_coor_x": 425642.0, "direccion_coor_y": 4481451.0, "ARTE": 0, "DANZA": 0, "EDUCACIONADULTA": 0, "EDUCACIONESPECIAL": 0, "FORMACIONPROFESIONAL": 0, "HOSPITALARIA": 0, "IDIOMAS": 0, "INFANTIL": 1, "MILITAR": 0, "MUSICA": 0, "OTRO": 0, "OTRONOEDUCATIVO": 0, "PENITENCIARIO": 0, "PRIMARIA": 1, "SECUNDARIA": 1, "SUPERIOR": 0, "UNIVERSITARIO": 0 }, "geometry": { "type": "Point", "coordinates": [ 3146047.154836556874216, 2039477.851153288735077 ] } },
{ "type": "Feature", "properties": { "centro_codigo": "28029780", "centro_nombre": "LOS PEÑASCALES", "centro_tipo_descripcion": "CENTRO PRIVADO DE EDUCACIÓN INFANTIL, PRIMARIA Y SECUNDARIA", "centro_titularidad": "PRIVADO", "centro_titular": "COLEGIO LOS PEÑASCALES, SDAD.COOP.LDA.", "municipio_nombre": "Rozas de Madrid, Las", "distrito_nombre": null, "direccion_coor_x": 423741.0, "direccion_coor_y": 4490710.0, "ARTE": 0, "DANZA": 0, "EDUCACIONADULTA": 0, "EDUCACIONESPECIAL": 0, "FORMACIONPROFESIONAL": 0, "HOSPITALARIA": 0, "IDIOMAS": 0, "INFANTIL": 1, "MILITAR": 0, "MUSICA": 0, "OTRO": 0, "OTRONOEDUCATIVO": 0, "PENITENCIARIO": 0, "PRIMARIA": 1, "SECUNDARIA": 1, "SUPERIOR": 0, "UNIVERSITARIO": 0 }, "geometry": { "type": "Point", "coordinates": [ 3145623.613972264807671, 2048932.28861448680982 ] } },
{ "type": "Feature", "properties": { "centro_codigo": "28030058", "centro_nombre": "PARQUE", "centro_tipo_descripcion": "CENTRO PRIVADO DE EDUCACIÓN INFANTIL, PRIMARIA Y SECUNDARIA", "centro_titularidad": "PRIVADO CONCERTADO", "centro_titular": "COLEGIO PARQUE, S.L. UNIPERSONAL", "municipio_nombre": "Galapagar", "distrito_nombre": null, "direccion_coor_x": 418946.0, "direccion_coor_y": 4494324.0, "ARTE": 0, "DANZA": 0, "EDUCACIONADULTA": 0, "EDUCACIONESPECIAL": 0, "FORMACIONPROFESIONAL": 0, "HOSPITALARIA": 0, "IDIOMAS": 0, "INFANTIL": 1, "MILITAR": 0, "MUSICA": 0, "OTRO": 0, "OTRONOEDUCATIVO": 0, "PENITENCIARIO": 0, "PRIMARIA": 1, "SECUNDARIA": 1, "SUPERIOR": 0, "UNIVERSITARIO": 0 }, "geometry": { "type": "Point", "coordinates": [ 3141455.927408779039979, 2053326.315589190926403 ] } },
{ "type": "Feature", "properties": { "centro_codigo": "28030137", "centro_nombre": "FORTUNY", "centro_tipo_descripcion": "INSTITUTO DE EDUCACIÓN SECUNDARIA", "centro_titularidad": "PÚBLICO", "centro_titular": "COMUNIDAD DE MADRID", "municipio_nombre": "Madrid", "distrito_nombre": "Chamberí", "direccion_coor_x": 441483.0, "direccion_coor_y": 4476129.0, "ARTE": 0, "DANZA": 0, "EDUCACIONADULTA": 0, "EDUCACIONESPECIAL": 0, "FORMACIONPROFESIONAL": 0, "HOSPITALARIA": 0, "IDIOMAS": 0, "INFANTIL": 0, "MILITAR": 0, "MUSICA": 0, "OTRO": 0, "OTRONOEDUCATIVO": 0, "PENITENCIARIO": 0, "PRIMARIA": 0, "SECUNDARIA": 1, "SUPERIOR": 0, "UNIVERSITARIO": 0 }, "geometry": { "type": "Point", "coordinates": [ 3160861.94628060143441, 2031488.774681036127731 ] } },
{ "type": "Feature", "properties": { "centro_codigo": "28030149", "centro_nombre": "CIUDAD DE LOS POETAS", "centro_tipo_descripcion": "INSTITUTO DE EDUCACIÓN SECUNDARIA", "centro_titularidad": "PÚBLICO", "centro_titular": "COMUNIDAD DE MADRID", "municipio_nombre": "Madrid", "distrito_nombre": "Moncloa-Aravaca", "direccion_coor_x": 439162.0, "direccion_coor_y": 4479925.0, "ARTE": 0, "DANZA": 0, "EDUCACIONADULTA": 0, "EDUCACIONESPECIAL": 0, "FORMACIONPROFESIONAL": 0, "HOSPITALARIA": 0, "IDIOMAS": 0, "INFANTIL": 0, "MILITAR": 0, "MUSICA": 0, "OTRO": 0, "OTRONOEDUCATIVO": 0, "PENITENCIARIO": 0, "PRIMARIA": 0, "SECUNDARIA": 1, "SUPERIOR": 0, "UNIVERSITARIO": 0 }, "geometry": { "type": "Point", "coordinates": [ 3159163.927092397585511, 2035631.132378755137324 ] } },
{ "type": "Feature", "properties": { "centro_codigo": "28030150", "centro_nombre": "RAMON Y CAJAL", "centro_tipo_descripcion": "INSTITUTO DE EDUCACIÓN SECUNDARIA", "centro_titularidad": "PÚBLICO", "centro_titular": "COMUNIDAD DE MADRID", "municipio_nombre": "Madrid", "distrito_nombre": "Hortaleza", "direccion_coor_x": 444059.0, "direccion_coor_y": 4482066.0, "ARTE": 0, "DANZA": 0, "EDUCACIONADULTA": 0, "EDUCACIONESPECIAL": 0, "FORMACIONPROFESIONAL": 0, "HOSPITALARIA": 0, "IDIOMAS": 0, "INFANTIL": 0, "MILITAR": 0, "MUSICA": 0, "OTRO": 0, "OTRONOEDUCATIVO": 0, "PENITENCIARIO": 0, "PRIMARIA": 0, "SECUNDARIA": 1, "SUPERIOR": 0, "UNIVERSITARIO": 0 }, "geometry": { "type": "Point", "coordinates": [ 3164337.837366683408618, 2036893.312529145972803 ] } },
{ "type": "Feature", "properties": { "centro_codigo": "28030162", "centro_nombre": "MIGUEL DELIBES", "centro_tipo_descripcion": "INSTITUTO DE EDUCACIÓN SECUNDARIA", "centro_titularidad": "PÚBLICO", "centro_titular": "COMUNIDAD DE MADRID", "municipio_nombre": "Madrid", "distrito_nombre": "Ciudad Lineal", "direccion_coor_x": 446432.0, "direccion_coor_y": 4474808.0, "ARTE": 0, "DANZA": 0, "EDUCACIONADULTA": 0, "EDUCACIONESPECIAL": 0, "FORMACIONPROFESIONAL": 0, "HOSPITALARIA": 0, "IDIOMAS": 0, "INFANTIL": 0, "MILITAR": 0, "MUSICA": 0, "OTRO": 0, "OTRONOEDUCATIVO": 0, "PENITENCIARIO": 0, "PRIMARIA": 0, "SECUNDARIA": 1, "SUPERIOR": 0, "UNIVERSITARIO": 0 }, "geometry": { "type": "Point", "coordinates": [ 3165544.860053376294672, 2029330.854271477088332 ] } },
{ "type": "Feature", "properties": { "centro_codigo": "28030174", "centro_nombre": "CELESTINO MUTIS", "centro_tipo_descripcion": "INSTITUTO DE EDUCACIÓN SECUNDARIA", "centro_titularidad": "PÚBLICO", "centro_titular": "COMUNIDAD DE MADRID", "municipio_nombre": "Madrid", "distrito_nombre": "Villaverde", "direccion_coor_x": 439450.0, "direccion_coor_y": 4466650.0, "ARTE": 0, "DANZA": 0, "EDUCACIONADULTA": 0, "EDUCACIONESPECIAL": 0, "FORMACIONPROFESIONAL": 0, "HOSPITALARIA": 0, "IDIOMAS": 0, "INFANTIL": 0, "MILITAR": 0, "MUSICA": 0, "OTRO": 0, "OTRONOEDUCATIVO": 0, "PENITENCIARIO": 0, "PRIMARIA": 0, "SECUNDARIA": 1, "SUPERIOR": 0, "UNIVERSITARIO": 0 }, "geometry": { "type": "Point", "coordinates": [ 3157368.248098690062761, 2022500.371433556778356 ] } },
{ "type": "Feature", "properties": { "centro_codigo": "28030186", "centro_nombre": "DAMASO ALONSO", "centro_tipo_descripcion": "INSTITUTO DE EDUCACIÓN SECUNDARIA", "centro_titularidad": "PÚBLICO", "centro_titular": "COMUNIDAD DE MADRID", "municipio_nombre": "Madrid", "distrito_nombre": "Fuencarral-El Pardo", "direccion_coor_x": 440628.0, "direccion_coor_y": 4482066.0, "ARTE": 0, "DANZA": 0, "EDUCACIONADULTA": 0, "EDUCACIONESPECIAL": 0, "FORMACIONPROFESIONAL": 0, "HOSPITALARIA": 0, "IDIOMAS": 0, "INFANTIL": 0, "MILITAR": 0, "MUSICA": 0, "OTRO": 0, "OTRONOEDUCATIVO": 0, "PENITENCIARIO": 0, "PRIMARIA": 0, "SECUNDARIA": 1, "SUPERIOR": 0, "UNIVERSITARIO": 0 }, "geometry": { "type": "Point", "coordinates": [ 3160948.063035438768566, 2037487.114825900644064 ] } },
{ "type": "Feature", "properties": { "centro_codigo": "28030216", "centro_nombre": "HUMANEJOS", "centro_tipo_descripcion": "INSTITUTO DE EDUCACIÓN SECUNDARIA", "centro_titularidad": "PÚBLICO", "centro_titular": "COMUNIDAD DE MADRID", "municipio_nombre": "Parla", "distrito_nombre": null, "direccion_coor_x": 434580.0, "direccion_coor_y": 4453421.0, "ARTE": 0, "DANZA": 0, "EDUCACIONADULTA": 0, "EDUCACIONESPECIAL": 0, "FORMACIONPROFESIONAL": 0, "HOSPITALARIA": 0, "IDIOMAS": 0, "INFANTIL": 0, "MILITAR": 0, "MUSICA": 0, "OTRO": 0, "OTRONOEDUCATIVO": 0, "PENITENCIARIO": 0, "PRIMARIA": 0, "SECUNDARIA": 1, "SUPERIOR": 0, "UNIVERSITARIO": 0 }, "geometry": { "type": "Point", "coordinates": [ 3150485.857393623329699, 2010308.786238318542019 ] } },
{ "type": "Feature", "properties": { "centro_codigo": "28030228", "centro_nombre": "LEON FELIPE", "centro_tipo_descripcion": "INSTITUTO DE EDUCACIÓN SECUNDARIA", "centro_titularidad": "PÚBLICO", "centro_titular": "COMUNIDAD DE MADRID", "municipio_nombre": "Torrejón de Ardoz", "distrito_nombre": null, "direccion_coor_x": 458744.0, "direccion_coor_y": 4479130.0, "ARTE": 0, "DANZA": 0, "EDUCACIONADULTA": 0, "EDUCACIONESPECIAL": 0, "FORMACIONPROFESIONAL": 0, "HOSPITALARIA": 0, "IDIOMAS": 0, "INFANTIL": 0, "MILITAR": 0, "MUSICA": 0, "OTRO": 0, "OTRONOEDUCATIVO": 0, "PENITENCIARIO": 0, "PRIMARIA": 0, "SECUNDARIA": 1, "SUPERIOR": 0, "UNIVERSITARIO": 0 }, "geometry": { "type": "Point", "coordinates": [ 3178387.903215268626809, 2031461.842673510313034 ] } },
{ "type": "Feature", "properties": { "centro_codigo": "28030241", "centro_nombre": "PRADO DE SANTO DOMINGO", "centro_tipo_descripcion": "INSTITUTO DE EDUCACIÓN SECUNDARIA", "centro_titularidad": "PÚBLICO", "centro_titular": "COMUNIDAD DE MADRID", "municipio_nombre": "Alcorcón", "distrito_nombre": null, "direccion_coor_x": 428582.0, "direccion_coor_y": 4465879.0, "ARTE": 0, "DANZA": 0, "EDUCACIONADULTA": 0, "EDUCACIONESPECIAL": 0, "FORMACIONPROFESIONAL": 0, "HOSPITALARIA": 0, "IDIOMAS": 0, "INFANTIL": 0, "MILITAR": 0, "MUSICA": 0, "OTRO": 0, "OTRONOEDUCATIVO": 0, "PENITENCIARIO": 0, "PRIMARIA": 0, "SECUNDARIA": 1, "SUPERIOR": 0, "UNIVERSITARIO": 0 }, "geometry": { "type": "Point", "coordinates": [ 3146509.56909195240587, 2023623.170511214528233 ] } },
{ "type": "Feature", "properties": { "centro_codigo": "28030289", "centro_nombre": "NUESTRA SEÑORA DE MORATALAZ", "centro_tipo_descripcion": "CENTRO PRIVADO DE EDUCACIÓN INFANTIL, PRIMARIA Y SECUNDARIA", "centro_titularidad": "PRIVADO CONCERTADO", "centro_titular": "ARZOBISPADO DE MADRID", "municipio_nombre": "Madrid", "distrito_nombre": "Moratalaz", "direccion_coor_x": 444371.0, "direccion_coor_y": 4473104.0, "ARTE": 0, "DANZA": 0, "EDUCACIONADULTA": 0, "EDUCACIONESPECIAL": 0, "FORMACIONPROFESIONAL": 0, "HOSPITALARIA": 0, "IDIOMAS": 0, "INFANTIL": 1, "MILITAR": 0, "MUSICA": 0, "OTRO": 0, "OTRONOEDUCATIVO": 0, "PENITENCIARIO": 0, "PRIMARIA": 1, "SECUNDARIA": 1, "SUPERIOR": 0, "UNIVERSITARIO": 0 }, "geometry": { "type": "Point", "coordinates": [ 3163241.456491586752236, 2028008.293948279693723 ] } },
{ "type": "Feature", "properties": { "centro_codigo": "28030575", "centro_nombre": "ARTURO SORIA", "centro_tipo_descripcion": "INSTITUTO DE EDUCACIÓN SECUNDARIA", "centro_titularidad": "PÚBLICO", "centro_titular": "COMUNIDAD DE MADRID", "municipio_nombre": "Madrid", "distrito_nombre": "Hortaleza", "direccion_coor_x": 444036.0, "direccion_coor_y": 4480992.0, "ARTE": 0, "DANZA": 0, "EDUCACIONADULTA": 0, "EDUCACIONESPECIAL": 0, "FORMACIONPROFESIONAL": 0, "HOSPITALARIA": 0, "IDIOMAS": 0, "INFANTIL": 0, "MILITAR": 0, "MUSICA": 0, "OTRO": 0, "OTRONOEDUCATIVO": 0, "PENITENCIARIO": 0, "PRIMARIA": 0, "SECUNDARIA": 1, "SUPERIOR": 0, "UNIVERSITARIO": 0 }, "geometry": { "type": "Point", "coordinates": [ 3164146.705296067520976, 2035838.963397494284436 ] } },
{ "type": "Feature", "properties": { "centro_codigo": "28030681", "centro_nombre": "SAN MIGUEL II", "centro_tipo_descripcion": "CENTRO PRIVADO DE EDUCACIÓN PRIMARIA Y SECUNDARIA", "centro_titularidad": "PRIVADO", "centro_titular": "EDUCATIONAL INVESTMENT, S.L.", "municipio_nombre": "Boadilla del Monte", "distrito_nombre": null, "direccion_coor_x": 421943.0, "direccion_coor_y": 4475988.0, "ARTE": 0, "DANZA": 0, "EDUCACIONADULTA": 0, "EDUCACIONESPECIAL": 0, "FORMACIONPROFESIONAL": 0, "HOSPITALARIA": 0, "IDIOMAS": 0, "INFANTIL": 0, "MILITAR": 0, "MUSICA": 0, "OTRO": 0, "OTRONOEDUCATIVO": 0, "PENITENCIARIO": 0, "PRIMARIA": 1, "SECUNDARIA": 1, "SUPERIOR": 0, "UNIVERSITARIO": 0 }, "geometry": { "type": "Point", "coordinates": [ 3141535.9406554447487, 2034736.055165913421661 ] } },
{ "type": "Feature", "properties": { "centro_codigo": "28030745", "centro_nombre": "FOMENTO-FUNDACION", "centro_tipo_descripcion": "CENTRO PRIVADO DE EDUCACIÓN SECUNDARIA", "centro_titularidad": "PRIVADO", "centro_titular": "FOMENTO DE CENTROS DE ENSEÑANZA, S.A.", "municipio_nombre": "Madrid", "distrito_nombre": "Chamartín", "direccion_coor_x": 443652.0, "direccion_coor_y": 4477784.0, "ARTE": 0, "DANZA": 0, "EDUCACIONADULTA": 0, "EDUCACIONESPECIAL": 0, "FORMACIONPROFESIONAL": 0, "HOSPITALARIA": 0, "IDIOMAS": 0, "INFANTIL": 0, "MILITAR": 0, "MUSICA": 0, "OTRO": 0, "OTRONOEDUCATIVO": 0, "PENITENCIARIO": 0, "PRIMARIA": 0, "SECUNDARIA": 1, "SUPERIOR": 0, "UNIVERSITARIO": 0 }, "geometry": { "type": "Point", "coordinates": [ 3163264.389314394444227, 2032744.249628485646099 ] } },
{ "type": "Feature", "properties": { "centro_codigo": "28030794", "centro_nombre": "K.S.", "centro_tipo_descripcion": "CENTRO PRIVADO DE EDUCACIÓN SECUNDARIA", "centro_titularidad": "PRIVADO", "centro_titular": "KENSINGTON SCHOOL S.A.", "municipio_nombre": "Pozuelo de Alarcón", "distrito_nombre": null, "direccion_coor_x": 431321.0, "direccion_coor_y": 4477774.0, "ARTE": 0, "DANZA": 0, "EDUCACIONADULTA": 0, "EDUCACIONESPECIAL": 0, "FORMACIONPROFESIONAL": 0, "HOSPITALARIA": 0, "IDIOMAS": 0, "INFANTIL": 0, "MILITAR": 0, "MUSICA": 0, "OTRO": 0, "OTRONOEDUCATIVO": 0, "PENITENCIARIO": 0, "PRIMARIA": 0, "SECUNDARIA": 1, "SUPERIOR": 0, "UNIVERSITARIO": 0 }, "geometry": { "type": "Point", "coordinates": [ 3151080.192121418192983, 2034869.740362639538944 ] } },
{ "type": "Feature", "properties": { "centro_codigo": "28030903", "centro_nombre": "MATEO ALEMAN", "centro_tipo_descripcion": "INSTITUTO DE EDUCACIÓN SECUNDARIA", "centro_titularidad": "PÚBLICO", "centro_titular": "COMUNIDAD DE MADRID", "municipio_nombre": "Alcalá de Henares", "distrito_nombre": null, "direccion_coor_x": 467556.0, "direccion_coor_y": 4480917.0, "ARTE": 0, "DANZA": 0, "EDUCACIONADULTA": 0, "EDUCACIONESPECIAL": 0, "FORMACIONPROFESIONAL": 0, "HOSPITALARIA": 0, "IDIOMAS": 0, "INFANTIL": 0, "MILITAR": 0, "MUSICA": 0, "OTRO": 0, "OTRONOEDUCATIVO": 0, "PENITENCIARIO": 0, "PRIMARIA": 0, "SECUNDARIA": 1, "SUPERIOR": 0, "UNIVERSITARIO": 0 }, "geometry": { "type": "Point", "coordinates": [ 3187376.026283334940672, 2031701.844280060147867 ] } },
{ "type": "Feature", "properties": { "centro_codigo": "28030915", "centro_nombre": "GALILEO GALILEI", "centro_tipo_descripcion": "INSTITUTO DE EDUCACIÓN SECUNDARIA", "centro_titularidad": "PÚBLICO", "centro_titular": "COMUNIDAD DE MADRID", "municipio_nombre": "Alcorcón", "distrito_nombre": null, "direccion_coor_x": 428726.0, "direccion_coor_y": 4465828.0, "ARTE": 0, "DANZA": 0, "EDUCACIONADULTA": 0, "EDUCACIONESPECIAL": 0, "FORMACIONPROFESIONAL": 0, "HOSPITALARIA": 0, "IDIOMAS": 0, "INFANTIL": 0, "MILITAR": 0, "MUSICA": 0, "OTRO": 0, "OTRONOEDUCATIVO": 0, "PENITENCIARIO": 0, "PRIMARIA": 0, "SECUNDARIA": 1, "SUPERIOR": 0, "UNIVERSITARIO": 0 }, "geometry": { "type": "Point", "coordinates": [ 3146643.847069524694234, 2023547.95580729120411 ] } },
{ "type": "Feature", "properties": { "centro_codigo": "28030927", "centro_nombre": "BLAS DE OTERO", "centro_tipo_descripcion": "INSTITUTO DE EDUCACIÓN SECUNDARIA", "centro_titularidad": "PÚBLICO", "centro_titular": "COMUNIDAD DE MADRID", "municipio_nombre": "Madrid", "distrito_nombre": "Latina", "direccion_coor_x": 435312.0, "direccion_coor_y": 4471198.0, "ARTE": 0, "DANZA": 0, "EDUCACIONADULTA": 0, "EDUCACIONESPECIAL": 0, "FORMACIONPROFESIONAL": 0, "HOSPITALARIA": 0, "IDIOMAS": 0, "INFANTIL": 0, "MILITAR": 0, "MUSICA": 0, "OTRO": 0, "OTRONOEDUCATIVO": 0, "PENITENCIARIO": 0, "PRIMARIA": 0, "SECUNDARIA": 1, "SUPERIOR": 0, "UNIVERSITARIO": 0 }, "geometry": { "type": "Point", "coordinates": [ 3153992.133113176561892, 2027698.268593040294945 ] } },
{ "type": "Feature", "properties": { "centro_codigo": "28030939", "centro_nombre": "SAN MATEO", "centro_tipo_descripcion": "INSTITUTO DE EDUCACIÓN SECUNDARIA", "centro_titularidad": "PÚBLICO", "centro_titular": "COMUNIDAD DE MADRID", "municipio_nombre": "Madrid", "distrito_nombre": "Centro", "direccion_coor_x": 440612.0, "direccion_coor_y": 4475226.0, "ARTE": 0, "DANZA": 0, "EDUCACIONADULTA": 0, "EDUCACIONESPECIAL": 0, "FORMACIONPROFESIONAL": 0, "HOSPITALARIA": 0, "IDIOMAS": 0, "INFANTIL": 0, "MILITAR": 0, "MUSICA": 0, "OTRO": 0, "OTRONOEDUCATIVO": 0, "PENITENCIARIO": 0, "PRIMARIA": 0, "SECUNDARIA": 1, "SUPERIOR": 0, "UNIVERSITARIO": 0 }, "geometry": { "type": "Point", "coordinates": [ 3159859.848744816146791, 2030749.723646369995549 ] } },
{ "type": "Feature", "properties": { "centro_codigo": "28030952", "centro_nombre": "MARIANA PINEDA", "centro_tipo_descripcion": "INSTITUTO DE EDUCACIÓN SECUNDARIA", "centro_titularidad": "PÚBLICO", "centro_titular": "COMUNIDAD DE MADRID", "municipio_nombre": "Madrid", "distrito_nombre": "Moratalaz", "direccion_coor_x": 444370.0, "direccion_coor_y": 4473880.0, "ARTE": 0, "DANZA": 0, "EDUCACIONADULTA": 0, "EDUCACIONESPECIAL": 0, "FORMACIONPROFESIONAL": 0, "HOSPITALARIA": 0, "IDIOMAS": 0, "INFANTIL": 0, "MILITAR": 0, "MUSICA": 0, "OTRO": 0, "OTRONOEDUCATIVO": 0, "PENITENCIARIO": 0, "PRIMARIA": 0, "SECUNDARIA": 1, "SUPERIOR": 0, "UNIVERSITARIO": 0 }, "geometry": { "type": "Point", "coordinates": [ 3163362.037586557678878, 2028773.109937897650525 ] } },
{ "type": "Feature", "properties": { "centro_codigo": "28030964", "centro_nombre": "VALLECAS-MAGERIT", "centro_tipo_descripcion": "INSTITUTO DE EDUCACIÓN SECUNDARIA", "centro_titularidad": "PÚBLICO", "centro_titular": "COMUNIDAD DE MADRID", "municipio_nombre": "Madrid", "distrito_nombre": "Puente de Vallecas", "direccion_coor_x": 443894.0, "direccion_coor_y": 4471134.0, "ARTE": 0, "DANZA": 0, "EDUCACIONADULTA": 0, "EDUCACIONESPECIAL": 0, "FORMACIONPROFESIONAL": 0, "HOSPITALARIA": 0, "IDIOMAS": 0, "INFANTIL": 0, "MILITAR": 0, "MUSICA": 0, "OTRO": 0, "OTRONOEDUCATIVO": 0, "PENITENCIARIO": 0, "PRIMARIA": 0, "SECUNDARIA": 1, "SUPERIOR": 0, "UNIVERSITARIO": 0 }, "geometry": { "type": "Point", "coordinates": [ 3162461.556424045003951, 2026149.658660964109004 ] } },
{ "type": "Feature", "properties": { "centro_codigo": "28030976", "centro_nombre": "LAS MUSAS", "centro_tipo_descripcion": "INSTITUTO DE EDUCACIÓN SECUNDARIA", "centro_titularidad": "PÚBLICO", "centro_titular": "COMUNIDAD DE MADRID", "municipio_nombre": "Madrid", "distrito_nombre": "San Blas-Canillejas", "direccion_coor_x": 448438.0, "direccion_coor_y": 4475515.0, "ARTE": 0, "DANZA": 0, "EDUCACIONADULTA": 0, "EDUCACIONESPECIAL": 0, "FORMACIONPROFESIONAL": 0, "HOSPITALARIA": 0, "IDIOMAS": 0, "INFANTIL": 0, "MILITAR": 0, "MUSICA": 0, "OTRO": 0, "OTRONOEDUCATIVO": 0, "PENITENCIARIO": 0, "PRIMARIA": 0, "SECUNDARIA": 1, "SUPERIOR": 0, "UNIVERSITARIO": 0 }, "geometry": { "type": "Point", "coordinates": [ 3167637.753947176970541, 2029680.60742314485833 ] } },
{ "type": "Feature", "properties": { "centro_codigo": "28031002", "centro_nombre": "LEONARDO DA VINCI", "centro_tipo_descripcion": "INSTITUTO DE EDUCACIÓN SECUNDARIA", "centro_titularidad": "PÚBLICO", "centro_titular": "COMUNIDAD DE MADRID", "municipio_nombre": "Madrid", "distrito_nombre": "Latina", "direccion_coor_x": 435197.0, "direccion_coor_y": 4470011.0, "ARTE": 0, "DANZA": 0, "EDUCACIONADULTA": 0, "EDUCACIONESPECIAL": 0, "FORMACIONPROFESIONAL": 0, "HOSPITALARIA": 0, "IDIOMAS": 0, "INFANTIL": 0, "MILITAR": 0, "MUSICA": 0, "OTRO": 0, "OTRONOEDUCATIVO": 0, "PENITENCIARIO": 0, "PRIMARIA": 0, "SECUNDARIA": 1, "SUPERIOR": 0, "UNIVERSITARIO": 0 }, "geometry": { "type": "Point", "coordinates": [ 3153692.518559154123068, 2026548.544781765900552 ] } },
{ "type": "Feature", "properties": { "centro_codigo": "28031014", "centro_nombre": "MORATALAZ", "centro_tipo_descripcion": "INSTITUTO DE EDUCACIÓN SECUNDARIA", "centro_titularidad": "PÚBLICO", "centro_titular": "COMUNIDAD DE MADRID", "municipio_nombre": "Madrid", "distrito_nombre": "Moratalaz", "direccion_coor_x": 444155.0, "direccion_coor_y": 4473776.0, "ARTE": 0, "DANZA": 0, "EDUCACIONADULTA": 0, "EDUCACIONESPECIAL": 0, "FORMACIONPROFESIONAL": 0, "HOSPITALARIA": 0, "IDIOMAS": 0, "INFANTIL": 0, "MILITAR": 0, "MUSICA": 0, "OTRO": 0, "OTRONOEDUCATIVO": 0, "PENITENCIARIO": 0, "PRIMARIA": 0, "SECUNDARIA": 1, "SUPERIOR": 0, "UNIVERSITARIO": 0 }, "geometry": { "type": "Point", "coordinates": [ 3163133.307109056040645, 2028707.826843313407153 ] } },
{ "type": "Feature", "properties": { "centro_codigo": "28031555", "centro_nombre": "ESCUELA SUPERIOR DE HOSTELERIA Y TURISMO", "centro_tipo_descripcion": "INSTITUTO DE EDUCACIÓN SECUNDARIA", "centro_titularidad": "PÚBLICO", "centro_titular": "COMUNIDAD DE MADRID", "municipio_nombre": "Madrid", "distrito_nombre": "Moncloa-Aravaca", "direccion_coor_x": 437838.0, "direccion_coor_y": 4474136.0, "ARTE": 0, "DANZA": 0, "EDUCACIONADULTA": 0, "EDUCACIONESPECIAL": 0, "FORMACIONPROFESIONAL": 0, "HOSPITALARIA": 0, "IDIOMAS": 0, "INFANTIL": 0, "MILITAR": 0, "MUSICA": 0, "OTRO": 0, "OTRONOEDUCATIVO": 0, "PENITENCIARIO": 0, "PRIMARIA": 0, "SECUNDARIA": 1, "SUPERIOR": 0, "UNIVERSITARIO": 0 }, "geometry": { "type": "Point", "coordinates": [ 3156948.261636880226433, 2030155.885778474621475 ] } },
{ "type": "Feature", "properties": { "centro_codigo": "28031646", "centro_nombre": "ORVALLE", "centro_tipo_descripcion": "CENTRO PRIVADO DE EDUCACIÓN INFANTIL, PRIMARIA Y SECUNDARIA", "centro_titularidad": "PRIVADO", "centro_titular": "CENTROS DOCENTES, S.A.", "municipio_nombre": "Rozas de Madrid, Las", "distrito_nombre": null, "direccion_coor_x": 423719.0, "direccion_coor_y": 4487310.0, "ARTE": 0, "DANZA": 0, "EDUCACIONADULTA": 0, "EDUCACIONESPECIAL": 0, "FORMACIONPROFESIONAL": 0, "HOSPITALARIA": 0, "IDIOMAS": 0, "INFANTIL": 1, "MILITAR": 0, "MUSICA": 0, "OTRO": 0, "OTRONOEDUCATIVO": 0, "PENITENCIARIO": 0, "PRIMARIA": 1, "SECUNDARIA": 1, "SUPERIOR": 0, "UNIVERSITARIO": 0 }, "geometry": { "type": "Point", "coordinates": [ 3145067.698180221952498, 2045585.382620462449268 ] } },
{ "type": "Feature", "properties": { "centro_codigo": "28031658", "centro_nombre": "ESCUELA LIBRE MICAEL", "centro_tipo_descripcion": "CENTRO PRIVADO DE EDUCACIÓN INFANTIL, PRIMARIA Y SECUNDARIA", "centro_titularidad": "PRIVADO", "centro_titular": "FUNDACION MICAEL-STEINER", "municipio_nombre": "Rozas de Madrid, Las", "distrito_nombre": null, "direccion_coor_x": 425269.0, "direccion_coor_y": 4485413.0, "ARTE": 0, "DANZA": 0, "EDUCACIONADULTA": 0, "EDUCACIONESPECIAL": 0, "FORMACIONPROFESIONAL": 0, "HOSPITALARIA": 0, "IDIOMAS": 0, "INFANTIL": 1, "MILITAR": 0, "MUSICA": 0, "OTRO": 0, "OTRONOEDUCATIVO": 0, "PENITENCIARIO": 0, "PRIMARIA": 1, "SECUNDARIA": 1, "SUPERIOR": 0, "UNIVERSITARIO": 0 }, "geometry": { "type": "Point", "coordinates": [ 3146300.754405773244798, 2043446.994782302062958 ] } },
{ "type": "Feature", "properties": { "centro_codigo": "28031993", "centro_nombre": "NUESTRA SEÑORA DE LA VEGA", "centro_tipo_descripcion": "CENTRO PRIVADO DE EDUCACIÓN INFANTIL, PRIMARIA Y SECUNDARIA", "centro_titularidad": "PRIVADO CONCERTADO", "centro_titular": "ENSEÑANZAS Y PROMOCION S.A.", "municipio_nombre": "Madrid", "distrito_nombre": "Fuencarral-El Pardo", "direccion_coor_x": 439616.0, "direccion_coor_y": 4480557.0, "ARTE": 0, "DANZA": 0, "EDUCACIONADULTA": 0, "EDUCACIONESPECIAL": 0, "FORMACIONPROFESIONAL": 0, "HOSPITALARIA": 0, "IDIOMAS": 0, "INFANTIL": 1, "MILITAR": 0, "MUSICA": 0, "OTRO": 0, "OTRONOEDUCATIVO": 0, "PENITENCIARIO": 0, "PRIMARIA": 1, "SECUNDARIA": 1, "SUPERIOR": 0, "UNIVERSITARIO": 0 }, "geometry": { "type": "Point", "coordinates": [ 3159711.57662163907662, 2036175.313113640062511 ] } },
{ "type": "Feature", "properties": { "centro_codigo": "28032471", "centro_nombre": "ARQUITECTO PERIDIS", "centro_tipo_descripcion": "INSTITUTO DE EDUCACIÓN SECUNDARIA", "centro_titularidad": "PÚBLICO", "centro_titular": "COMUNIDAD DE MADRID", "municipio_nombre": "Leganés", "distrito_nombre": null, "direccion_coor_x": 437065.0, "direccion_coor_y": 4465113.0, "ARTE": 0, "DANZA": 0, "EDUCACIONADULTA": 0, "EDUCACIONESPECIAL": 0, "FORMACIONPROFESIONAL": 0, "HOSPITALARIA": 0, "IDIOMAS": 0, "INFANTIL": 0, "MILITAR": 0, "MUSICA": 0, "OTRO": 0, "OTRONOEDUCATIVO": 0, "PENITENCIARIO": 0, "PRIMARIA": 0, "SECUNDARIA": 1, "SUPERIOR": 0, "UNIVERSITARIO": 0 }, "geometry": { "type": "Point", "coordinates": [ 3154771.002352334558964, 2021398.782081327168271 ] } },
{ "type": "Feature", "properties": { "centro_codigo": "28032481", "centro_nombre": "CIUDAD DE JAEN", "centro_tipo_descripcion": "INSTITUTO DE EDUCACIÓN SECUNDARIA", "centro_titularidad": "PÚBLICO", "centro_titular": "COMUNIDAD DE MADRID", "municipio_nombre": "Madrid", "distrito_nombre": "Usera", "direccion_coor_x": 440564.0, "direccion_coor_y": 4469252.0, "ARTE": 0, "DANZA": 0, "EDUCACIONADULTA": 0, "EDUCACIONESPECIAL": 0, "FORMACIONPROFESIONAL": 0, "HOSPITALARIA": 0, "IDIOMAS": 0, "INFANTIL": 0, "MILITAR": 0, "MUSICA": 0, "OTRO": 0, "OTRONOEDUCATIVO": 0, "PENITENCIARIO": 0, "PRIMARIA": 0, "SECUNDARIA": 1, "SUPERIOR": 0, "UNIVERSITARIO": 0 }, "geometry": { "type": "Point", "coordinates": [ 3158876.456405994948, 2024871.434558376669884 ] } },
{ "type": "Feature", "properties": { "centro_codigo": "28032501", "centro_nombre": "LEONARDO DA VINCI", "centro_tipo_descripcion": "INSTITUTO DE EDUCACIÓN SECUNDARIA", "centro_titularidad": "PÚBLICO", "centro_titular": "COMUNIDAD DE MADRID", "municipio_nombre": "Majadahonda", "distrito_nombre": null, "direccion_coor_x": 425440.0, "direccion_coor_y": 4481282.0, "ARTE": 0, "DANZA": 0, "EDUCACIONADULTA": 0, "EDUCACIONESPECIAL": 0, "FORMACIONPROFESIONAL": 0, "HOSPITALARIA": 0, "IDIOMAS": 0, "INFANTIL": 0, "MILITAR": 0, "MUSICA": 0, "OTRO": 0, "OTRONOEDUCATIVO": 0, "PENITENCIARIO": 0, "PRIMARIA": 0, "SECUNDARIA": 1, "SUPERIOR": 0, "UNIVERSITARIO": 0 }, "geometry": { "type": "Point", "coordinates": [ 3145821.092334, 2039346.345872899983078 ] } },
{ "type": "Feature", "properties": { "centro_codigo": "28032559", "centro_nombre": "ENRIQUE TIERNO GALVAN", "centro_tipo_descripcion": "INSTITUTO DE EDUCACIÓN SECUNDARIA", "centro_titularidad": "PÚBLICO", "centro_titular": "COMUNIDAD DE MADRID", "municipio_nombre": "Parla", "distrito_nombre": null, "direccion_coor_x": 434637.0, "direccion_coor_y": 4453119.0, "ARTE": 0, "DANZA": 0, "EDUCACIONADULTA": 0, "EDUCACIONESPECIAL": 0, "FORMACIONPROFESIONAL": 0, "HOSPITALARIA": 0, "IDIOMAS": 0, "INFANTIL": 0, "MILITAR": 0, "MUSICA": 0, "OTRO": 0, "OTRONOEDUCATIVO": 0, "PENITENCIARIO": 0, "PRIMARIA": 0, "SECUNDARIA": 1, "SUPERIOR": 0, "UNIVERSITARIO": 0 }, "geometry": { "type": "Point", "coordinates": [ 3150494.950463943183422, 2010001.360108213266358 ] } },
{ "type": "Feature", "properties": { "centro_codigo": "28032584", "centro_nombre": "NUESTRA SEÑORA DEL ROSARIO", "centro_tipo_descripcion": "COLEGIO DE EDUCACIÓN INFANTIL, PRIMARIA Y SECUNDARIA", "centro_titularidad": "PÚBLICO", "centro_titular": "COMUNIDAD DE MADRID", "municipio_nombre": "Valdemoro", "distrito_nombre": null, "direccion_coor_x": 441818.0, "direccion_coor_y": 4448717.0, "ARTE": 0, "DANZA": 0, "EDUCACIONADULTA": 0, "EDUCACIONESPECIAL": 0, "FORMACIONPROFESIONAL": 0, "HOSPITALARIA": 0, "IDIOMAS": 0, "INFANTIL": 1, "MILITAR": 0, "MUSICA": 0, "OTRO": 0, "OTRONOEDUCATIVO": 0, "PENITENCIARIO": 0, "PRIMARIA": 1, "SECUNDARIA": 1, "SUPERIOR": 0, "UNIVERSITARIO": 0 }, "geometry": { "type": "Point", "coordinates": [ 3156903.204126051161438, 2004421.410032020416111 ] } },
{ "type": "Feature", "properties": { "centro_codigo": "28032602", "centro_nombre": "ALDOVEA", "centro_tipo_descripcion": "CENTRO PRIVADO DE EDUCACIÓN PRIMARIA Y SECUNDARIA", "centro_titularidad": "PRIVADO", "centro_titular": "FOMENTO DE CENTROS DE ENSEÑANZA, S.A.", "municipio_nombre": "Alcobendas", "distrito_nombre": null, "direccion_coor_x": 446420.0, "direccion_coor_y": 4486243.0, "ARTE": 0, "DANZA": 0, "EDUCACIONADULTA": 0, "EDUCACIONESPECIAL": 0, "FORMACIONPROFESIONAL": 0, "HOSPITALARIA": 0, "IDIOMAS": 0, "INFANTIL": 0, "MILITAR": 0, "MUSICA": 0, "OTRO": 0, "OTRONOEDUCATIVO": 0, "PENITENCIARIO": 0, "PRIMARIA": 1, "SECUNDARIA": 1, "SUPERIOR": 0, "UNIVERSITARIO": 0 }, "geometry": { "type": "Point", "coordinates": [ 3167325.619585348293185, 2040600.931352772051468 ] } },
{ "type": "Feature", "properties": { "centro_codigo": "28032614", "centro_nombre": "BASE", "centro_tipo_descripcion": "CENTRO PRIVADO DE EDUCACIÓN PRIMARIA Y SECUNDARIA", "centro_titularidad": "PRIVADO", "centro_titular": "COLEGIO BASE, S.L.", "municipio_nombre": "Alcobendas", "distrito_nombre": null, "direccion_coor_x": 448229.0, "direccion_coor_y": 4484508.0, "ARTE": 0, "DANZA": 0, "EDUCACIONADULTA": 0, "EDUCACIONESPECIAL": 0, "FORMACIONPROFESIONAL": 0, "HOSPITALARIA": 0, "IDIOMAS": 0, "INFANTIL": 0, "MILITAR": 0, "MUSICA": 0, "OTRO": 0, "OTRONOEDUCATIVO": 0, "PENITENCIARIO": 0, "PRIMARIA": 1, "SECUNDARIA": 1, "SUPERIOR": 0, "UNIVERSITARIO": 0 }, "geometry": { "type": "Point", "coordinates": [ 3168840.80846544355154, 2038578.335416316520423 ] } },
{ "type": "Feature", "properties": { "centro_codigo": "28032638", "centro_nombre": "PADRE MANYANET", "centro_tipo_descripcion": "CENTRO PRIVADO DE EDUCACIÓN INFANTIL, PRIMARIA Y SECUNDARIA", "centro_titularidad": "PRIVADO CONCERTADO", "centro_titular": "CONGREGACION RR. HIJOS DE LA SAGRADA FAMILIA", "municipio_nombre": "Alcobendas", "distrito_nombre": null, "direccion_coor_x": 443570.0, "direccion_coor_y": 4489086.0, "ARTE": 0, "DANZA": 0, "EDUCACIONADULTA": 0, "EDUCACIONESPECIAL": 0, "FORMACIONPROFESIONAL": 0, "HOSPITALARIA": 0, "IDIOMAS": 0, "INFANTIL": 1, "MILITAR": 0, "MUSICA": 0, "OTRO": 0, "OTRONOEDUCATIVO": 0, "PENITENCIARIO": 0, "PRIMARIA": 1, "SECUNDARIA": 1, "SUPERIOR": 0, "UNIVERSITARIO": 0 }, "geometry": { "type": "Point", "coordinates": [ 3164955.996526446193457, 2043895.655943078454584 ] } },
{ "type": "Feature", "properties": { "centro_codigo": "28032811", "centro_nombre": "COLEGIO ANA PELLEGRINI", "centro_tipo_descripcion": "CENTRO PRIVADO DE EDUCACIÓN INFANTIL, PRIMARIA Y SECUNDARIA", "centro_titularidad": "PRIVADO CONCERTADO", "centro_titular": "SAN JOAQUIN Y SANTA ANA, S.A.", "municipio_nombre": "Alcalá de Henares", "distrito_nombre": null, "direccion_coor_x": 470615.0, "direccion_coor_y": 4481798.0, "ARTE": 0, "DANZA": 0, "EDUCACIONADULTA": 0, "EDUCACIONESPECIAL": 0, "FORMACIONPROFESIONAL": 0, "HOSPITALARIA": 0, "IDIOMAS": 0, "INFANTIL": 1, "MILITAR": 0, "MUSICA": 0, "OTRO": 0, "OTRONOEDUCATIVO": 0, "PENITENCIARIO": 0, "PRIMARIA": 1, "SECUNDARIA": 1, "SUPERIOR": 0, "UNIVERSITARIO": 0 }, "geometry": { "type": "Point", "coordinates": [ 3190537.114205975085497, 2032042.391778462799266 ] } },
{ "type": "Feature", "properties": { "centro_codigo": "28032870", "centro_nombre": "CIUDADESCUELA MUCHACHOS", "centro_tipo_descripcion": "CENTRO PRIVADO DE EDUCACIÓN INFANTIL, PRIMARIA Y SECUNDARIA", "centro_titularidad": "PRIVADO CONCERTADO", "centro_titular": "FUNDACIÓN CIUDADESCUELA MUCHACHOS \"CEMU\"", "municipio_nombre": "Leganés", "distrito_nombre": null, "direccion_coor_x": 435115.0, "direccion_coor_y": 4463889.0, "ARTE": 0, "DANZA": 0, "EDUCACIONADULTA": 0, "EDUCACIONESPECIAL": 0, "FORMACIONPROFESIONAL": 0, "HOSPITALARIA": 0, "IDIOMAS": 0, "INFANTIL": 1, "MILITAR": 0, "MUSICA": 0, "OTRO": 0, "OTRONOEDUCATIVO": 0, "PENITENCIARIO": 0, "PRIMARIA": 1, "SECUNDARIA": 1, "SUPERIOR": 0, "UNIVERSITARIO": 0 }, "geometry": { "type": "Point", "coordinates": [ 3152652.612693748436868, 2020530.391375958221033 ] } },
{ "type": "Feature", "properties": { "centro_codigo": "28032985", "centro_nombre": "LEGAMAR", "centro_tipo_descripcion": "CENTRO PRIVADO DE EDUCACIÓN INFANTIL, PRIMARIA Y SECUNDARIA", "centro_titularidad": "PRIVADO", "centro_titular": "COLEGIO LEGAMAR, S.L.", "municipio_nombre": "Leganés", "distrito_nombre": null, "direccion_coor_x": 434126.0, "direccion_coor_y": 4463083.0, "ARTE": 0, "DANZA": 0, "EDUCACIONADULTA": 0, "EDUCACIONESPECIAL": 0, "FORMACIONPROFESIONAL": 0, "HOSPITALARIA": 0, "IDIOMAS": 0, "INFANTIL": 1, "MILITAR": 0, "MUSICA": 0, "OTRO": 0, "OTRONOEDUCATIVO": 0, "PENITENCIARIO": 0, "PRIMARIA": 1, "SECUNDARIA": 1, "SUPERIOR": 0, "UNIVERSITARIO": 0 }, "geometry": { "type": "Point", "coordinates": [ 3151549.219833337701857, 2019907.496140440227464 ] } },
{ "type": "Feature", "properties": { "centro_codigo": "28033035", "centro_nombre": "WILLOUGHBY COLLEGE", "centro_tipo_descripcion": "CENTRO PRIVADO DE EDUCACIÓN INFANTIL, PRIMARIA Y SECUNDARIA", "centro_titularidad": "PRIVADO", "centro_titular": "WILLOUGHBY COLLEGE, S.A.", "municipio_nombre": "Madrid", "distrito_nombre": "Chamartín", "direccion_coor_x": 442621.0, "direccion_coor_y": 4479225.0, "ARTE": 0, "DANZA": 0, "EDUCACIONADULTA": 0, "EDUCACIONESPECIAL": 0, "FORMACIONPROFESIONAL": 0, "HOSPITALARIA": 0, "IDIOMAS": 0, "INFANTIL": 1, "MILITAR": 0, "MUSICA": 0, "OTRO": 0, "OTRONOEDUCATIVO": 0, "PENITENCIARIO": 0, "PRIMARIA": 1, "SECUNDARIA": 1, "SUPERIOR": 0, "UNIVERSITARIO": 0 }, "geometry": { "type": "Point", "coordinates": [ 3162471.626469568349421, 2034342.609062541741878 ] } },
{ "type": "Feature", "properties": { "centro_codigo": "28033141", "centro_nombre": "AGORA INTERNATIONAL SCHOOL MADRID", "centro_tipo_descripcion": "CENTRO PRIVADO DE EDUCACIÓN INFANTIL, PRIMARIA Y SECUNDARIA", "centro_titularidad": "PRIVADO", "centro_titular": "EDUCACION Y PROGRESO, S.A.", "municipio_nombre": "Villaviciosa de Odón", "distrito_nombre": null, "direccion_coor_x": 421114.0, "direccion_coor_y": 4471022.0, "ARTE": 0, "DANZA": 0, "EDUCACIONADULTA": 0, "EDUCACIONESPECIAL": 0, "FORMACIONPROFESIONAL": 0, "HOSPITALARIA": 0, "IDIOMAS": 0, "INFANTIL": 1, "MILITAR": 0, "MUSICA": 0, "OTRO": 0, "OTRONOEDUCATIVO": 0, "PENITENCIARIO": 0, "PRIMARIA": 1, "SECUNDARIA": 1, "SUPERIOR": 0, "UNIVERSITARIO": 0 }, "geometry": { "type": "Point", "coordinates": [ 3139938.046655420679599, 2029986.261761986184865 ] } },
{ "type": "Feature", "properties": { "centro_codigo": "28033382", "centro_nombre": "VALDECÁS", "centro_tipo_descripcion": "CENTRO PRIVADO DE EDUCACIÓN SECUNDARIA", "centro_titularidad": "PRIVADO CONCERTADO", "centro_titular": "VALDECAS SOCIEDAD COOPERATIVA ", "municipio_nombre": "Madrid", "distrito_nombre": "Puente de Vallecas", "direccion_coor_x": 443846.0, "direccion_coor_y": 4471072.0, "ARTE": 0, "DANZA": 0, "EDUCACIONADULTA": 0, "EDUCACIONESPECIAL": 0, "FORMACIONPROFESIONAL": 0, "HOSPITALARIA": 0, "IDIOMAS": 0, "INFANTIL": 0, "MILITAR": 0, "MUSICA": 0, "OTRO": 0, "OTRONOEDUCATIVO": 0, "PENITENCIARIO": 0, "PRIMARIA": 0, "SECUNDARIA": 1, "SUPERIOR": 0, "UNIVERSITARIO": 0 }, "geometry": { "type": "Point", "coordinates": [ 3162404.416977636516094, 2026096.870799353113398 ] } },
{ "type": "Feature", "properties": { "centro_codigo": "28033539", "centro_nombre": "ALAMEDA DE OSUNA", "centro_tipo_descripcion": "INSTITUTO DE EDUCACIÓN SECUNDARIA", "centro_titularidad": "PÚBLICO", "centro_titular": "COMUNIDAD DE MADRID", "municipio_nombre": "Madrid", "distrito_nombre": "Barajas", "direccion_coor_x": 450060.0, "direccion_coor_y": 4479021.0, "ARTE": 0, "DANZA": 0, "EDUCACIONADULTA": 0, "EDUCACIONESPECIAL": 0, "FORMACIONPROFESIONAL": 0, "HOSPITALARIA": 0, "IDIOMAS": 0, "INFANTIL": 0, "MILITAR": 0, "MUSICA": 0, "OTRO": 0, "OTRONOEDUCATIVO": 0, "PENITENCIARIO": 0, "PRIMARIA": 0, "SECUNDARIA": 1, "SUPERIOR": 0, "UNIVERSITARIO": 0 }, "geometry": { "type": "Point", "coordinates": [ 3169789.790737115778029, 2032854.877007721923292 ] } },
{ "type": "Feature", "properties": { "centro_codigo": "28033552", "centro_nombre": "MANUELA MALASAÑA", "centro_tipo_descripcion": "INSTITUTO DE EDUCACIÓN SECUNDARIA", "centro_titularidad": "PÚBLICO", "centro_titular": "COMUNIDAD DE MADRID", "municipio_nombre": "Móstoles", "distrito_nombre": null, "direccion_coor_x": 426491.0, "direccion_coor_y": 4462839.0, "ARTE": 0, "DANZA": 0, "EDUCACIONADULTA": 0, "EDUCACIONESPECIAL": 0, "FORMACIONPROFESIONAL": 0, "HOSPITALARIA": 0, "IDIOMAS": 0, "INFANTIL": 0, "MILITAR": 0, "MUSICA": 0, "OTRO": 0, "OTRONOEDUCATIVO": 0, "PENITENCIARIO": 0, "PRIMARIA": 0, "SECUNDARIA": 1, "SUPERIOR": 0, "UNIVERSITARIO": 0 }, "geometry": { "type": "Point", "coordinates": [ 3143967.492904115468264, 2020990.161027330206707 ] } },
{ "type": "Feature", "properties": { "centro_codigo": "28033679", "centro_nombre": "MIGUEL DE CERVANTES", "centro_tipo_descripcion": "COLEGIO DE EDUCACIÓN INFANTIL, PRIMARIA Y SECUNDARIA", "centro_titularidad": "PÚBLICO", "centro_titular": "COMUNIDAD DE MADRID", "municipio_nombre": "Alcorcón", "distrito_nombre": null, "direccion_coor_x": 429271.0, "direccion_coor_y": 4467093.0, "ARTE": 0, "DANZA": 0, "EDUCACIONADULTA": 0, "EDUCACIONESPECIAL": 0, "FORMACIONPROFESIONAL": 0, "HOSPITALARIA": 0, "IDIOMAS": 0, "INFANTIL": 1, "MILITAR": 0, "MUSICA": 0, "OTRO": 0, "OTRONOEDUCATIVO": 0, "PENITENCIARIO": 0, "PRIMARIA": 1, "SECUNDARIA": 1, "SUPERIOR": 0, "UNIVERSITARIO": 0 }, "geometry": { "type": "Point", "coordinates": [ 3147380.486818005330861, 2024699.984588632360101 ] } },
{ "type": "Feature", "properties": { "centro_codigo": "28033850", "centro_nombre": "GASPAR MELCHOR DE JOVELLANOS", "centro_tipo_descripcion": "INSTITUTO DE EDUCACIÓN SECUNDARIA", "centro_titularidad": "PÚBLICO", "centro_titular": "COMUNIDAD DE MADRID", "municipio_nombre": "Fuenlabrada", "distrito_nombre": null, "direccion_coor_x": 431562.0, "direccion_coor_y": 4460477.0, "ARTE": 0, "DANZA": 0, "EDUCACIONADULTA": 0, "EDUCACIONESPECIAL": 0, "FORMACIONPROFESIONAL": 0, "HOSPITALARIA": 0, "IDIOMAS": 0, "INFANTIL": 0, "MILITAR": 0, "MUSICA": 0, "OTRO": 0, "OTRONOEDUCATIVO": 0, "PENITENCIARIO": 0, "PRIMARIA": 0, "SECUNDARIA": 1, "SUPERIOR": 0, "UNIVERSITARIO": 0 }, "geometry": { "type": "Point", "coordinates": [ 3148607.843476666603237, 2017783.874217751901597 ] } },
{ "type": "Feature", "properties": { "centro_codigo": "28034118", "centro_nombre": "ZURBARAN", "centro_tipo_descripcion": "CENTRO PRIVADO DE EDUCACIÓN INFANTIL, PRIMARIA Y SECUNDARIA", "centro_titularidad": "PRIVADO CONCERTADO", "centro_titular": "COLEGIO ZURBARÁN, S.L.", "municipio_nombre": "Colmenar Viejo", "distrito_nombre": null, "direccion_coor_x": 434712.0, "direccion_coor_y": 4502543.0, "ARTE": 0, "DANZA": 0, "EDUCACIONADULTA": 0, "EDUCACIONESPECIAL": 0, "FORMACIONPROFESIONAL": 0, "HOSPITALARIA": 0, "IDIOMAS": 0, "INFANTIL": 1, "MILITAR": 0, "MUSICA": 0, "OTRO": 0, "OTRONOEDUCATIVO": 0, "PENITENCIARIO": 0, "PRIMARIA": 1, "SECUNDARIA": 1, "SUPERIOR": 0, "UNIVERSITARIO": 0 }, "geometry": { "type": "Point", "coordinates": [ 3158319.867627040483057, 2058691.577885103877634 ] } },
{ "type": "Feature", "properties": { "centro_codigo": "28034441", "centro_nombre": "SAN ISIDORO DE SEVILLA", "centro_tipo_descripcion": "INSTITUTO DE EDUCACIÓN SECUNDARIA", "centro_titularidad": "PÚBLICO", "centro_titular": "COMUNIDAD DE MADRID", "municipio_nombre": "Madrid", "distrito_nombre": "Chamberí", "direccion_coor_x": 439009.0, "direccion_coor_y": 4477420.0, "ARTE": 0, "DANZA": 0, "EDUCACIONADULTA": 0, "EDUCACIONESPECIAL": 0, "FORMACIONPROFESIONAL": 0, "HOSPITALARIA": 0, "IDIOMAS": 0, "INFANTIL": 0, "MILITAR": 0, "MUSICA": 0, "OTRO": 0, "OTRONOEDUCATIVO": 0, "PENITENCIARIO": 0, "PRIMARIA": 0, "SECUNDARIA": 1, "SUPERIOR": 0, "UNIVERSITARIO": 0 }, "geometry": { "type": "Point", "coordinates": [ 3158619.985846207477152, 2033189.174025942571461 ] } },
{ "type": "Feature", "properties": { "centro_codigo": "28034477", "centro_nombre": "COLEGIO PRIVADO ENGAGE", "centro_tipo_descripcion": "CENTRO PRIVADO DE EDUCACIÓN INFANTIL, PRIMARIA Y SECUNDARIA", "centro_titularidad": "PRIVADO", "centro_titular": "COLEGIO 67, S.L. UNIPERSONAL", "municipio_nombre": "Majadahonda", "distrito_nombre": null, "direccion_coor_x": 426559.0, "direccion_coor_y": 4479971.0, "ARTE": 0, "DANZA": 0, "EDUCACIONADULTA": 0, "EDUCACIONESPECIAL": 0, "FORMACIONPROFESIONAL": 0, "HOSPITALARIA": 0, "IDIOMAS": 0, "INFANTIL": 1, "MILITAR": 0, "MUSICA": 0, "OTRO": 0, "OTRONOEDUCATIVO": 0, "PENITENCIARIO": 0, "PRIMARIA": 1, "SECUNDARIA": 1, "SUPERIOR": 0, "UNIVERSITARIO": 0 }, "geometry": { "type": "Point", "coordinates": [ 3146720.693064251448959, 2037860.331913581583649 ] } },
{ "type": "Feature", "properties": { "centro_codigo": "28034635", "centro_nombre": "MIRABAL INTERNATIONAL SCHOOL", "centro_tipo_descripcion": "CENTRO PRIVADO DE EDUCACIÓN PRIMARIA Y SECUNDARIA", "centro_titularidad": "PRIVADO", "centro_titular": "MIRABAL SCHOOL, S. L.", "municipio_nombre": "Boadilla del Monte", "distrito_nombre": null, "direccion_coor_x": 423203.0, "direccion_coor_y": 4474665.0, "ARTE": 0, "DANZA": 0, "EDUCACIONADULTA": 0, "EDUCACIONESPECIAL": 0, "FORMACIONPROFESIONAL": 0, "HOSPITALARIA": 0, "IDIOMAS": 0, "INFANTIL": 0, "MILITAR": 0, "MUSICA": 0, "OTRO": 0, "OTRONOEDUCATIVO": 0, "PENITENCIARIO": 0, "PRIMARIA": 1, "SECUNDARIA": 1, "SUPERIOR": 0, "UNIVERSITARIO": 0 }, "geometry": { "type": "Point", "coordinates": [ 3142573.029113614931703, 2033213.704509500414133 ] } },
{ "type": "Feature", "properties": { "centro_codigo": "28034933", "centro_nombre": "NUEVA CASTILLA", "centro_tipo_descripcion": "CENTRO PRIVADO DE EDUCACIÓN INFANTIL, PRIMARIA Y SECUNDARIA", "centro_titularidad": "PRIVADO CONCERTADO", "centro_titular": "COLEGIO NUEVA CASTILLA, S.L.", "municipio_nombre": "Madrid", "distrito_nombre": "Villa de Vallecas", "direccion_coor_x": 448441.0, "direccion_coor_y": 4469692.0, "ARTE": 0, "DANZA": 0, "EDUCACIONADULTA": 0, "EDUCACIONESPECIAL": 0, "FORMACIONPROFESIONAL": 0, "HOSPITALARIA": 0, "IDIOMAS": 0, "INFANTIL": 1, "MILITAR": 0, "MUSICA": 0, "OTRO": 0, "OTRONOEDUCATIVO": 0, "PENITENCIARIO": 0, "PRIMARIA": 1, "SECUNDARIA": 1, "SUPERIOR": 0, "UNIVERSITARIO": 0 }, "geometry": { "type": "Point", "coordinates": [ 3166728.781588114798069, 2023942.411594112403691 ] } },
{ "type": "Feature", "properties": { "centro_codigo": "28034994", "centro_nombre": "CASTILLA", "centro_tipo_descripcion": "CENTRO PRIVADO DE EDUCACIÓN INFANTIL, PRIMARIA Y SECUNDARIA", "centro_titularidad": "PRIVADO CONCERTADO", "centro_titular": "ANTONIO MACHADO DE PARLA, SDAD. COOP. MADRILEÑA DE ENSEÑANZA", "municipio_nombre": "Torrejón de la Calzada", "distrito_nombre": null, "direccion_coor_x": 432360.0, "direccion_coor_y": 4450216.0, "ARTE": 0, "DANZA": 0, "EDUCACIONADULTA": 0, "EDUCACIONESPECIAL": 0, "FORMACIONPROFESIONAL": 0, "HOSPITALARIA": 0, "IDIOMAS": 0, "INFANTIL": 1, "MILITAR": 0, "MUSICA": 0, "OTRO": 0, "OTRONOEDUCATIVO": 0, "PENITENCIARIO": 0, "PRIMARIA": 1, "SECUNDARIA": 1, "SUPERIOR": 0, "UNIVERSITARIO": 0 }, "geometry": { "type": "Point", "coordinates": [ 3147790.951684106141329, 2007535.442022063070908 ] } },
{ "type": "Feature", "properties": { "centro_codigo": "28035044", "centro_nombre": "NAZARET", "centro_tipo_descripcion": "CENTRO PRIVADO DE EDUCACIÓN INFANTIL, PRIMARIA Y SECUNDARIA", "centro_titularidad": "PRIVADO CONCERTADO", "centro_titular": "MISIONERAS HIJAS SAGRADA FAMILIA DE NAZARET", "municipio_nombre": "Madrid", "distrito_nombre": "San Blas-Canillejas", "direccion_coor_x": 446873.0, "direccion_coor_y": 4475379.0, "ARTE": 0, "DANZA": 0, "EDUCACIONADULTA": 0, "EDUCACIONESPECIAL": 0, "FORMACIONPROFESIONAL": 0, "HOSPITALARIA": 0, "IDIOMAS": 0, "INFANTIL": 1, "MILITAR": 0, "MUSICA": 0, "OTRO": 0, "OTRONOEDUCATIVO": 0, "PENITENCIARIO": 0, "PRIMARIA": 1, "SECUNDARIA": 1, "SUPERIOR": 0, "UNIVERSITARIO": 0 }, "geometry": { "type": "Point", "coordinates": [ 3166070.067542518489063, 2029817.227965833386406 ] } },
{ "type": "Feature", "properties": { "centro_codigo": "28035275", "centro_nombre": "COMUNIDAD INFANTIL DE VILLAVERDE", "centro_tipo_descripcion": "CENTRO PRIVADO DE EDUCACIÓN INFANTIL, PRIMARIA Y SECUNDARIA", "centro_titularidad": "PRIVADO CONCERTADO", "centro_titular": "ENSEÑANTES DE VILLAVERDE, SDAD. COOP. MADRILEÑA", "municipio_nombre": "Madrid", "distrito_nombre": "Villaverde", "direccion_coor_x": 439567.0, "direccion_coor_y": 4466107.0, "ARTE": 0, "DANZA": 0, "EDUCACIONADULTA": 0, "EDUCACIONESPECIAL": 0, "FORMACIONPROFESIONAL": 0, "HOSPITALARIA": 0, "IDIOMAS": 0, "INFANTIL": 1, "MILITAR": 0, "MUSICA": 0, "OTRO": 0, "OTRONOEDUCATIVO": 0, "PENITENCIARIO": 0, "PRIMARIA": 1, "SECUNDARIA": 1, "SUPERIOR": 0, "UNIVERSITARIO": 0 }, "geometry": { "type": "Point", "coordinates": [ 3157398.831558257341385, 2021945.079910173080862 ] } },
{ "type": "Feature", "properties": { "centro_codigo": "28035305", "centro_nombre": "ALONSO QUIJANO", "centro_tipo_descripcion": "INSTITUTO DE EDUCACIÓN SECUNDARIA", "centro_titularidad": "PÚBLICO", "centro_titular": "COMUNIDAD DE MADRID", "municipio_nombre": "Alcalá de Henares", "distrito_nombre": null, "direccion_coor_x": 469033.0, "direccion_coor_y": 4480657.0, "ARTE": 0, "DANZA": 0, "EDUCACIONADULTA": 0, "EDUCACIONESPECIAL": 0, "FORMACIONPROFESIONAL": 0, "HOSPITALARIA": 0, "IDIOMAS": 0, "INFANTIL": 0, "MILITAR": 0, "MUSICA": 0, "OTRO": 0, "OTRONOEDUCATIVO": 0, "PENITENCIARIO": 0, "PRIMARIA": 0, "SECUNDARIA": 1, "SUPERIOR": 0, "UNIVERSITARIO": 0 }, "geometry": { "type": "Point", "coordinates": [ 3188794.998820047359914, 2031190.927452528383583 ] } },
{ "type": "Feature", "properties": { "centro_codigo": "28035317", "centro_nombre": "JOSE LUIS SAMPEDRO", "centro_tipo_descripcion": "INSTITUTO DE EDUCACIÓN SECUNDARIA", "centro_titularidad": "PÚBLICO", "centro_titular": "COMUNIDAD DE MADRID", "municipio_nombre": "Tres Cantos", "distrito_nombre": null, "direccion_coor_x": 440112.0, "direccion_coor_y": 4495680.0, "ARTE": 0, "DANZA": 0, "EDUCACIONADULTA": 0, "EDUCACIONESPECIAL": 0, "FORMACIONPROFESIONAL": 0, "HOSPITALARIA": 0, "IDIOMAS": 0, "INFANTIL": 0, "MILITAR": 0, "MUSICA": 0, "OTRO": 0, "OTRONOEDUCATIVO": 0, "PENITENCIARIO": 0, "PRIMARIA": 0, "SECUNDARIA": 1, "SUPERIOR": 0, "UNIVERSITARIO": 0 }, "geometry": { "type": "Point", "coordinates": [ 3162575.224477702751756, 2050992.485589831136167 ] } },
{ "type": "Feature", "properties": { "centro_codigo": "28035330", "centro_nombre": "JUAN DE VILLANUEVA", "centro_tipo_descripcion": "INSTITUTO DE EDUCACIÓN SECUNDARIA", "centro_titularidad": "PÚBLICO", "centro_titular": "COMUNIDAD DE MADRID", "municipio_nombre": "Madrid", "distrito_nombre": "Usera", "direccion_coor_x": 439622.0, "direccion_coor_y": 4468937.0, "ARTE": 0, "DANZA": 0, "EDUCACIONADULTA": 0, "EDUCACIONESPECIAL": 0, "FORMACIONPROFESIONAL": 0, "HOSPITALARIA": 0, "IDIOMAS": 0, "INFANTIL": 0, "MILITAR": 0, "MUSICA": 0, "OTRO": 0, "OTRONOEDUCATIVO": 0, "PENITENCIARIO": 0, "PRIMARIA": 0, "SECUNDARIA": 1, "SUPERIOR": 0, "UNIVERSITARIO": 0 }, "geometry": { "type": "Point", "coordinates": [ 3157896.353874207474291, 2024724.091971314512193 ] } },
{ "type": "Feature", "properties": { "centro_codigo": "28035342", "centro_nombre": "LA DEHESILLA", "centro_tipo_descripcion": "INSTITUTO DE EDUCACIÓN SECUNDARIA", "centro_titularidad": "PÚBLICO", "centro_titular": "COMUNIDAD DE MADRID", "municipio_nombre": "Cercedilla", "distrito_nombre": null, "direccion_coor_x": 411865.0, "direccion_coor_y": 4510130.0, "ARTE": 0, "DANZA": 0, "EDUCACIONADULTA": 0, "EDUCACIONESPECIAL": 0, "FORMACIONPROFESIONAL": 0, "HOSPITALARIA": 0, "IDIOMAS": 0, "INFANTIL": 0, "MILITAR": 0, "MUSICA": 0, "OTRO": 0, "OTRONOEDUCATIVO": 0, "PENITENCIARIO": 0, "PRIMARIA": 0, "SECUNDARIA": 1, "SUPERIOR": 0, "UNIVERSITARIO": 0 }, "geometry": { "type": "Point", "coordinates": [ 3136951.552587357349694, 2070134.926755121676251 ] } },
{ "type": "Feature", "properties": { "centro_codigo": "28036061", "centro_nombre": "CALASANZ", "centro_tipo_descripcion": "CENTRO PRIVADO DE EDUCACIÓN INFANTIL, PRIMARIA Y SECUNDARIA", "centro_titularidad": "PRIVADO CONCERTADO", "centro_titular": "ASOCIACION EDUCATIVA, CALASANZ", "municipio_nombre": "Pinto", "distrito_nombre": null, "direccion_coor_x": 441019.0, "direccion_coor_y": 4455610.0, "ARTE": 0, "DANZA": 0, "EDUCACIONADULTA": 0, "EDUCACIONESPECIAL": 0, "FORMACIONPROFESIONAL": 0, "HOSPITALARIA": 0, "IDIOMAS": 0, "INFANTIL": 1, "MILITAR": 0, "MUSICA": 0, "OTRO": 0, "OTRONOEDUCATIVO": 0, "PENITENCIARIO": 0, "PRIMARIA": 1, "SECUNDARIA": 1, "SUPERIOR": 0, "UNIVERSITARIO": 0 }, "geometry": { "type": "Point", "coordinates": [ 3157191.082471678499132, 2011351.020294430432841 ] } },
{ "type": "Feature", "properties": { "centro_codigo": "28036450", "centro_nombre": "CENTRO IBN GABIROL COLEGIO ESTRELLA TOLEDANO", "centro_tipo_descripcion": "CENTRO PRIVADO DE EDUCACIÓN INFANTIL, PRIMARIA Y SECUNDARIA", "centro_titularidad": "PRIVADO CONCERTADO", "centro_titular": "COMUNIDAD JUDIA DE MADRID", "municipio_nombre": "Alcobendas", "distrito_nombre": null, "direccion_coor_x": 446693.0, "direccion_coor_y": 4486411.0, "ARTE": 0, "DANZA": 0, "EDUCACIONADULTA": 0, "EDUCACIONESPECIAL": 0, "FORMACIONPROFESIONAL": 0, "HOSPITALARIA": 0, "IDIOMAS": 0, "INFANTIL": 1, "MILITAR": 0, "MUSICA": 0, "OTRO": 0, "OTRONOEDUCATIVO": 0, "PENITENCIARIO": 0, "PRIMARIA": 1, "SECUNDARIA": 1, "SUPERIOR": 0, "UNIVERSITARIO": 0 }, "geometry": { "type": "Point", "coordinates": [ 3167621.695213511586189, 2040719.257775327423587 ] } },
{ "type": "Feature", "properties": { "centro_codigo": "28036474", "centro_nombre": "JUAN DE VALDES", "centro_tipo_descripcion": "CENTRO PRIVADO DE EDUCACIÓN INFANTIL, PRIMARIA Y SECUNDARIA", "centro_titularidad": "PRIVADO CONCERTADO", "centro_titular": "FUNDACIÓN FEDERICO FLIEDNER", "municipio_nombre": "Madrid", "distrito_nombre": "San Blas-Canillejas", "direccion_coor_x": 448245.0, "direccion_coor_y": 4475266.0, "ARTE": 0, "DANZA": 0, "EDUCACIONADULTA": 0, "EDUCACIONESPECIAL": 0, "FORMACIONPROFESIONAL": 0, "HOSPITALARIA": 0, "IDIOMAS": 0, "INFANTIL": 1, "MILITAR": 0, "MUSICA": 0, "OTRO": 0, "OTRONOEDUCATIVO": 0, "PENITENCIARIO": 0, "PRIMARIA": 1, "SECUNDARIA": 1, "SUPERIOR": 0, "UNIVERSITARIO": 0 }, "geometry": { "type": "Point", "coordinates": [ 3167408.040590956807137, 2029468.6238968600519 ] } },
{ "type": "Feature", "properties": { "centro_codigo": "28036978", "centro_nombre": "LA ARBOLEDA", "centro_tipo_descripcion": "INSTITUTO DE EDUCACIÓN SECUNDARIA", "centro_titularidad": "PÚBLICO", "centro_titular": "COMUNIDAD DE MADRID", "municipio_nombre": "Alcorcón", "distrito_nombre": null, "direccion_coor_x": 429282.0, "direccion_coor_y": 4466010.0, "ARTE": 0, "DANZA": 0, "EDUCACIONADULTA": 0, "EDUCACIONESPECIAL": 0, "FORMACIONPROFESIONAL": 0, "HOSPITALARIA": 0, "IDIOMAS": 0, "INFANTIL": 0, "MILITAR": 0, "MUSICA": 0, "OTRO": 0, "OTRONOEDUCATIVO": 0, "PENITENCIARIO": 0, "PRIMARIA": 0, "SECUNDARIA": 1, "SUPERIOR": 0, "UNIVERSITARIO": 0 }, "geometry": { "type": "Point", "coordinates": [ 3147221.675217019859701, 2023630.920686338329688 ] } },
{ "type": "Feature", "properties": { "centro_codigo": "28036981", "centro_nombre": "LA POVEDA", "centro_tipo_descripcion": "INSTITUTO DE EDUCACIÓN SECUNDARIA", "centro_titularidad": "PÚBLICO", "centro_titular": "COMUNIDAD DE MADRID", "municipio_nombre": "Arganda del Rey", "distrito_nombre": null, "direccion_coor_x": 459643.0, "direccion_coor_y": 4462736.0, "ARTE": 0, "DANZA": 0, "EDUCACIONADULTA": 0, "EDUCACIONESPECIAL": 0, "FORMACIONPROFESIONAL": 0, "HOSPITALARIA": 0, "IDIOMAS": 0, "INFANTIL": 0, "MILITAR": 0, "MUSICA": 0, "OTRO": 0, "OTRONOEDUCATIVO": 0, "PENITENCIARIO": 0, "PRIMARIA": 0, "SECUNDARIA": 1, "SUPERIOR": 0, "UNIVERSITARIO": 0 }, "geometry": { "type": "Point", "coordinates": [ 3176710.960792444646358, 2015153.57227499014698 ] } },
{ "type": "Feature", "properties": { "centro_codigo": "28036991", "centro_nombre": "ANGEL CORELLA", "centro_tipo_descripcion": "INSTITUTO DE EDUCACIÓN SECUNDARIA", "centro_titularidad": "PÚBLICO", "centro_titular": "COMUNIDAD DE MADRID", "municipio_nombre": "Colmenar Viejo", "distrito_nombre": null, "direccion_coor_x": 436419.0, "direccion_coor_y": 4500797.0, "ARTE": 0, "DANZA": 0, "EDUCACIONADULTA": 0, "EDUCACIONESPECIAL": 0, "FORMACIONPROFESIONAL": 0, "HOSPITALARIA": 0, "IDIOMAS": 0, "INFANTIL": 0, "MILITAR": 0, "MUSICA": 0, "OTRO": 0, "OTRONOEDUCATIVO": 0, "PENITENCIARIO": 0, "PRIMARIA": 0, "SECUNDARIA": 1, "SUPERIOR": 0, "UNIVERSITARIO": 0 }, "geometry": { "type": "Point", "coordinates": [ 3159731.410093133337796, 2056675.031231872504577 ] } },
{ "type": "Feature", "properties": { "centro_codigo": "28037004", "centro_nombre": "ENRIQUE TIERNO GALVAN", "centro_tipo_descripcion": "INSTITUTO DE EDUCACIÓN SECUNDARIA", "centro_titularidad": "PÚBLICO", "centro_titular": "COMUNIDAD DE MADRID", "municipio_nombre": "Leganés", "distrito_nombre": null, "direccion_coor_x": 434348.0, "direccion_coor_y": 4463239.0, "ARTE": 0, "DANZA": 0, "EDUCACIONADULTA": 0, "EDUCACIONESPECIAL": 0, "FORMACIONPROFESIONAL": 0, "HOSPITALARIA": 0, "IDIOMAS": 0, "INFANTIL": 0, "MILITAR": 0, "MUSICA": 0, "OTRO": 0, "OTRONOEDUCATIVO": 0, "PENITENCIARIO": 0, "PRIMARIA": 0, "SECUNDARIA": 1, "SUPERIOR": 0, "UNIVERSITARIO": 0 }, "geometry": { "type": "Point", "coordinates": [ 3151792.994664752855897, 2020022.758252519648522 ] } },
{ "type": "Feature", "properties": { "centro_codigo": "28037016", "centro_nombre": "CIUDAD DE LOS ÁNGELES", "centro_tipo_descripcion": "INSTITUTO DE EDUCACIÓN SECUNDARIA", "centro_titularidad": "PÚBLICO", "centro_titular": "COMUNIDAD DE MADRID", "municipio_nombre": "Madrid", "distrito_nombre": "Villaverde", "direccion_coor_x": 440867.0, "direccion_coor_y": 4467157.0, "ARTE": 0, "DANZA": 0, "EDUCACIONADULTA": 0, "EDUCACIONESPECIAL": 0, "FORMACIONPROFESIONAL": 0, "HOSPITALARIA": 0, "IDIOMAS": 0, "INFANTIL": 0, "MILITAR": 0, "MUSICA": 0, "OTRO": 0, "OTRONOEDUCATIVO": 0, "PENITENCIARIO": 0, "PRIMARIA": 0, "SECUNDARIA": 1, "SUPERIOR": 0, "UNIVERSITARIO": 0 }, "geometry": { "type": "Point", "coordinates": [ 3158847.766853884793818, 2022754.693032431649044 ] } },
{ "type": "Feature", "properties": { "centro_codigo": "28037028", "centro_nombre": "ROSA CHACEL", "centro_tipo_descripcion": "INSTITUTO DE EDUCACIÓN SECUNDARIA", "centro_titularidad": "PÚBLICO", "centro_titular": "COMUNIDAD DE MADRID", "municipio_nombre": "Madrid", "distrito_nombre": "Hortaleza", "direccion_coor_x": 444866.0, "direccion_coor_y": 4481001.0, "ARTE": 0, "DANZA": 0, "EDUCACIONADULTA": 0, "EDUCACIONESPECIAL": 0, "FORMACIONPROFESIONAL": 0, "HOSPITALARIA": 0, "IDIOMAS": 0, "INFANTIL": 0, "MILITAR": 0, "MUSICA": 0, "OTRO": 0, "OTRONOEDUCATIVO": 0, "PENITENCIARIO": 0, "PRIMARIA": 0, "SECUNDARIA": 1, "SUPERIOR": 0, "UNIVERSITARIO": 0 }, "geometry": { "type": "Point", "coordinates": [ 3164968.17078214045614, 2035704.227159962058067 ] } },
{ "type": "Feature", "properties": { "centro_codigo": "28037031", "centro_nombre": "ANTONIO DOMINGUEZ ORTIZ", "centro_tipo_descripcion": "INSTITUTO DE EDUCACIÓN SECUNDARIA", "centro_titularidad": "PÚBLICO", "centro_titular": "COMUNIDAD DE MADRID", "municipio_nombre": "Madrid", "distrito_nombre": "Puente de Vallecas", "direccion_coor_x": 446064.0, "direccion_coor_y": 4471127.0, "ARTE": 0, "DANZA": 0, "EDUCACIONADULTA": 0, "EDUCACIONESPECIAL": 0, "FORMACIONPROFESIONAL": 0, "HOSPITALARIA": 0, "IDIOMAS": 0, "INFANTIL": 0, "MILITAR": 0, "MUSICA": 0, "OTRO": 0, "OTRONOEDUCATIVO": 0, "PENITENCIARIO": 0, "PRIMARIA": 0, "SECUNDARIA": 1, "SUPERIOR": 0, "UNIVERSITARIO": 0 }, "geometry": { "type": "Point", "coordinates": [ 3164604.661169554106891, 2025767.404746179934591 ] } },
{ "type": "Feature", "properties": { "centro_codigo": "28037041", "centro_nombre": "JOAQUÍN RODRIGO", "centro_tipo_descripcion": "INSTITUTO DE EDUCACIÓN SECUNDARIA", "centro_titularidad": "PÚBLICO", "centro_titular": "COMUNIDAD DE MADRID", "municipio_nombre": "Madrid", "distrito_nombre": "Vicálvaro", "direccion_coor_x": 447900.0, "direccion_coor_y": 4473352.0, "ARTE": 0, "DANZA": 0, "EDUCACIONADULTA": 0, "EDUCACIONESPECIAL": 0, "FORMACIONPROFESIONAL": 0, "HOSPITALARIA": 0, "IDIOMAS": 0, "INFANTIL": 0, "MILITAR": 0, "MUSICA": 0, "OTRO": 0, "OTRONOEDUCATIVO": 0, "PENITENCIARIO": 0, "PRIMARIA": 0, "SECUNDARIA": 1, "SUPERIOR": 0, "UNIVERSITARIO": 0 }, "geometry": { "type": "Point", "coordinates": [ 3166767.326489415951073, 2027642.304641061928123 ] } },
{ "type": "Feature", "properties": { "centro_codigo": "28037053", "centro_nombre": "PRADOLONGO", "centro_tipo_descripcion": "INSTITUTO DE EDUCACIÓN SECUNDARIA", "centro_titularidad": "PÚBLICO", "centro_titular": "COMUNIDAD DE MADRID", "municipio_nombre": "Madrid", "distrito_nombre": "Usera", "direccion_coor_x": 439124.0, "direccion_coor_y": 4470131.0, "ARTE": 0, "DANZA": 0, "EDUCACIONADULTA": 0, "EDUCACIONESPECIAL": 0, "FORMACIONPROFESIONAL": 0, "HOSPITALARIA": 0, "IDIOMAS": 0, "INFANTIL": 0, "MILITAR": 0, "MUSICA": 0, "OTRO": 0, "OTRONOEDUCATIVO": 0, "PENITENCIARIO": 0, "PRIMARIA": 0, "SECUNDARIA": 1, "SUPERIOR": 0, "UNIVERSITARIO": 0 }, "geometry": { "type": "Point", "coordinates": [ 3157591.32320146355778, 2025986.814212043071166 ] } },
{ "type": "Feature", "properties": { "centro_codigo": "28037065", "centro_nombre": "REY FERNANDO VI", "centro_tipo_descripcion": "INSTITUTO DE EDUCACIÓN SECUNDARIA", "centro_titularidad": "PÚBLICO", "centro_titular": "COMUNIDAD DE MADRID", "municipio_nombre": "San Fernando de Henares", "distrito_nombre": null, "direccion_coor_x": 455141.0, "direccion_coor_y": 4474956.0, "ARTE": 0, "DANZA": 0, "EDUCACIONADULTA": 0, "EDUCACIONESPECIAL": 0, "FORMACIONPROFESIONAL": 0, "HOSPITALARIA": 0, "IDIOMAS": 0, "INFANTIL": 0, "MILITAR": 0, "MUSICA": 0, "OTRO": 0, "OTRONOEDUCATIVO": 0, "PENITENCIARIO": 0, "PRIMARIA": 0, "SECUNDARIA": 1, "SUPERIOR": 0, "UNIVERSITARIO": 0 }, "geometry": { "type": "Point", "coordinates": [ 3174173.764417024329305, 2027971.316202164627612 ] } },
{ "type": "Feature", "properties": { "centro_codigo": "28037077", "centro_nombre": "VICTORIA KENT", "centro_tipo_descripcion": "INSTITUTO DE EDUCACIÓN SECUNDARIA", "centro_titularidad": "PÚBLICO", "centro_titular": "COMUNIDAD DE MADRID", "municipio_nombre": "Torrejón de Ardoz", "distrito_nombre": null, "direccion_coor_x": 461782.0, "direccion_coor_y": 4478469.0, "ARTE": 0, "DANZA": 0, "EDUCACIONADULTA": 0, "EDUCACIONESPECIAL": 0, "FORMACIONPROFESIONAL": 0, "HOSPITALARIA": 0, "IDIOMAS": 0, "INFANTIL": 0, "MILITAR": 0, "MUSICA": 0, "OTRO": 0, "OTRONOEDUCATIVO": 0, "PENITENCIARIO": 0, "PRIMARIA": 0, "SECUNDARIA": 1, "SUPERIOR": 0, "UNIVERSITARIO": 0 }, "geometry": { "type": "Point", "coordinates": [ 3181286.559916282538325, 2030286.035072066821158 ] } },
{ "type": "Feature", "properties": { "centro_codigo": "28037089", "centro_nombre": "DIEGO VELAZQUEZ", "centro_tipo_descripcion": "INSTITUTO DE EDUCACIÓN SECUNDARIA", "centro_titularidad": "PÚBLICO", "centro_titular": "COMUNIDAD DE MADRID", "municipio_nombre": "Torrelodones", "distrito_nombre": null, "direccion_coor_x": 420818.0, "direccion_coor_y": 4492625.0, "ARTE": 0, "DANZA": 0, "EDUCACIONADULTA": 0, "EDUCACIONESPECIAL": 0, "FORMACIONPROFESIONAL": 0, "HOSPITALARIA": 0, "IDIOMAS": 0, "INFANTIL": 0, "MILITAR": 0, "MUSICA": 0, "OTRO": 0, "OTRONOEDUCATIVO": 0, "PENITENCIARIO": 0, "PRIMARIA": 0, "SECUNDARIA": 1, "SUPERIOR": 0, "UNIVERSITARIO": 0 }, "geometry": { "type": "Point", "coordinates": [ 3143037.639117760118097, 2051326.87362866429612 ] } },
{ "type": "Feature", "properties": { "centro_codigo": "28037405", "centro_nombre": "FUENTELARREYNA", "centro_tipo_descripcion": "CENTRO PRIVADO DE EDUCACIÓN INFANTIL, PRIMARIA Y SECUNDARIA", "centro_titularidad": "PRIVADO CONCERTADO", "centro_titular": "FUENTE LA REINA 82, SDAD. COOP. MADRILEÑA", "municipio_nombre": "Madrid", "distrito_nombre": "Fuencarral-El Pardo", "direccion_coor_x": 438189.0, "direccion_coor_y": 4481744.0, "ARTE": 0, "DANZA": 0, "EDUCACIONADULTA": 0, "EDUCACIONESPECIAL": 0, "FORMACIONPROFESIONAL": 0, "HOSPITALARIA": 0, "IDIOMAS": 0, "INFANTIL": 1, "MILITAR": 0, "MUSICA": 0, "OTRO": 0, "OTRONOEDUCATIVO": 0, "PENITENCIARIO": 0, "PRIMARIA": 1, "SECUNDARIA": 1, "SUPERIOR": 0, "UNIVERSITARIO": 0 }, "geometry": { "type": "Point", "coordinates": [ 3158487.939494302496314, 2037592.088791322894394 ] } },
{ "type": "Feature", "properties": { "centro_codigo": "28037791", "centro_nombre": "RETIRO", "centro_tipo_descripcion": "CENTRO PRIVADO DE EDUCACIÓN INFANTIL, PRIMARIA Y SECUNDARIA", "centro_titularidad": "PRIVADO CONCERTADO", "centro_titular": "ENSEÑANZA Y FORMACION, SDAD. COOP. MADRILEÑA", "municipio_nombre": "Madrid", "distrito_nombre": "Retiro", "direccion_coor_x": 442192.0, "direccion_coor_y": 4473253.0, "ARTE": 0, "DANZA": 0, "EDUCACIONADULTA": 0, "EDUCACIONESPECIAL": 0, "FORMACIONPROFESIONAL": 0, "HOSPITALARIA": 0, "IDIOMAS": 0, "INFANTIL": 1, "MILITAR": 0, "MUSICA": 0, "OTRO": 0, "OTRONOEDUCATIVO": 0, "PENITENCIARIO": 0, "PRIMARIA": 1, "SECUNDARIA": 1, "SUPERIOR": 0, "UNIVERSITARIO": 0 }, "geometry": { "type": "Point", "coordinates": [ 3161111.786638581193984, 2028532.126310755033046 ] } },
{ "type": "Feature", "properties": { "centro_codigo": "28037806", "centro_nombre": "COL. BRITANICO DE MADRID EN SOMOSAGUAS", "centro_tipo_descripcion": "CENTRO PRIVADO DE EDUCACIÓN SECUNDARIA", "centro_titularidad": "PRIVADO", "centro_titular": "THE BRITISH COUNCIL SCHOOL", "municipio_nombre": "Pozuelo de Alarcón", "distrito_nombre": null, "direccion_coor_x": 432812.0, "direccion_coor_y": 4473846.0, "ARTE": 0, "DANZA": 0, "EDUCACIONADULTA": 0, "EDUCACIONESPECIAL": 0, "FORMACIONPROFESIONAL": 0, "HOSPITALARIA": 0, "IDIOMAS": 0, "INFANTIL": 0, "MILITAR": 0, "MUSICA": 0, "OTRO": 0, "OTRONOEDUCATIVO": 0, "PENITENCIARIO": 0, "PRIMARIA": 0, "SECUNDARIA": 1, "SUPERIOR": 0, "UNIVERSITARIO": 0 }, "geometry": { "type": "Point", "coordinates": [ 3151937.231766685843468, 2030740.663395139854401 ] } },
{ "type": "Feature", "properties": { "centro_codigo": "28037961", "centro_nombre": "FUENLABRADA", "centro_tipo_descripcion": "CENTRO PRIVADO DE EDUCACIÓN INFANTIL, PRIMARIA Y SECUNDARIA", "centro_titularidad": "PRIVADO CONCERTADO", "centro_titular": "LORCA-SAN PABLO SDAD. COOP. MADRILEÑA", "municipio_nombre": "Fuenlabrada", "distrito_nombre": null, "direccion_coor_x": 432632.0, "direccion_coor_y": 4460468.0, "ARTE": 0, "DANZA": 0, "EDUCACIONADULTA": 0, "EDUCACIONESPECIAL": 0, "FORMACIONPROFESIONAL": 0, "HOSPITALARIA": 0, "IDIOMAS": 0, "INFANTIL": 1, "MILITAR": 0, "MUSICA": 0, "OTRO": 0, "OTRONOEDUCATIVO": 0, "PENITENCIARIO": 0, "PRIMARIA": 1, "SECUNDARIA": 1, "SUPERIOR": 0, "UNIVERSITARIO": 0 }, "geometry": { "type": "Point", "coordinates": [ 3149663.659635442774743, 2017589.63516689883545 ] } },
{ "type": "Feature", "properties": { "centro_codigo": "28037971", "centro_nombre": "ESPIRITU SANTO", "centro_tipo_descripcion": "CENTRO PRIVADO DE EDUCACIÓN INFANTIL, PRIMARIA Y SECUNDARIA", "centro_titularidad": "PRIVADO CONCERTADO", "centro_titular": "SDAD. COOP. MADRILEÑA DE ENSEÑANZA COLEGIO ESPIRITU SANTO", "municipio_nombre": "Madrid", "distrito_nombre": "Ciudad Lineal", "direccion_coor_x": 444334.0, "direccion_coor_y": 4475256.0, "ARTE": 0, "DANZA": 0, "EDUCACIONADULTA": 0, "EDUCACIONESPECIAL": 0, "FORMACIONPROFESIONAL": 0, "HOSPITALARIA": 0, "IDIOMAS": 0, "INFANTIL": 1, "MILITAR": 0, "MUSICA": 0, "OTRO": 0, "OTRONOEDUCATIVO": 0, "PENITENCIARIO": 0, "PRIMARIA": 1, "SECUNDARIA": 1, "SUPERIOR": 0, "UNIVERSITARIO": 0 }, "geometry": { "type": "Point", "coordinates": [ 3163542.05896663479507, 2030135.207765920320526 ] } },
{ "type": "Feature", "properties": { "centro_codigo": "28037983", "centro_nombre": "COLEGIO ADDIS", "centro_tipo_descripcion": "CENTRO PRIVADO DE EDUCACIÓN INFANTIL, PRIMARIA Y SECUNDARIA", "centro_titularidad": "PRIVADO CONCERTADO", "centro_titular": "EQUIPO DOCENTE VILLAVERDE, SOCIEDAD COOPERATIVA MADRILEÑA", "municipio_nombre": "Madrid", "distrito_nombre": "Villaverde", "direccion_coor_x": 439814.0, "direccion_coor_y": 4466564.0, "ARTE": 0, "DANZA": 0, "EDUCACIONADULTA": 0, "EDUCACIONESPECIAL": 0, "FORMACIONPROFESIONAL": 0, "HOSPITALARIA": 0, "IDIOMAS": 0, "INFANTIL": 1, "MILITAR": 0, "MUSICA": 0, "OTRO": 0, "OTRONOEDUCATIVO": 0, "PENITENCIARIO": 0, "PRIMARIA": 1, "SECUNDARIA": 1, "SUPERIOR": 0, "UNIVERSITARIO": 0 }, "geometry": { "type": "Point", "coordinates": [ 3157714.447296740487218, 2022352.628712522797287 ] } },
{ "type": "Feature", "properties": { "centro_codigo": "28038070", "centro_nombre": "VIRGEN DE LA PAZ", "centro_tipo_descripcion": "INSTITUTO DE EDUCACIÓN SECUNDARIA", "centro_titularidad": "PÚBLICO", "centro_titular": "COMUNIDAD DE MADRID", "municipio_nombre": "Alcobendas", "distrito_nombre": null, "direccion_coor_x": 444539.0, "direccion_coor_y": 4486145.0, "ARTE": 0, "DANZA": 0, "EDUCACIONADULTA": 0, "EDUCACIONESPECIAL": 0, "FORMACIONPROFESIONAL": 0, "HOSPITALARIA": 0, "IDIOMAS": 0, "INFANTIL": 0, "MILITAR": 0, "MUSICA": 0, "OTRO": 0, "OTRONOEDUCATIVO": 0, "PENITENCIARIO": 0, "PRIMARIA": 0, "SECUNDARIA": 1, "SUPERIOR": 0, "UNIVERSITARIO": 0 }, "geometry": { "type": "Point", "coordinates": [ 3165451.850748080760241, 2040829.791743281763047 ] } },
{ "type": "Feature", "properties": { "centro_codigo": "28038100", "centro_nombre": "LUIS BUÑUEL", "centro_tipo_descripcion": "INSTITUTO DE EDUCACIÓN SECUNDARIA", "centro_titularidad": "PÚBLICO", "centro_titular": "COMUNIDAD DE MADRID", "municipio_nombre": "Alcorcón", "distrito_nombre": null, "direccion_coor_x": 429293.0, "direccion_coor_y": 4467001.0, "ARTE": 0, "DANZA": 0, "EDUCACIONADULTA": 0, "EDUCACIONESPECIAL": 0, "FORMACIONPROFESIONAL": 0, "HOSPITALARIA": 0, "IDIOMAS": 0, "INFANTIL": 0, "MILITAR": 0, "MUSICA": 0, "OTRO": 0, "OTRONOEDUCATIVO": 0, "PENITENCIARIO": 0, "PRIMARIA": 0, "SECUNDARIA": 1, "SUPERIOR": 0, "UNIVERSITARIO": 0 }, "geometry": { "type": "Point", "coordinates": [ 3147387.807233924977481, 2024605.516950290650129 ] } },
{ "type": "Feature", "properties": { "centro_codigo": "28038124", "centro_nombre": "ROSALIA DE CASTRO", "centro_tipo_descripcion": "COLEGIO DE EDUCACIÓN INFANTIL, PRIMARIA Y SECUNDARIA", "centro_titularidad": "PÚBLICO", "centro_titular": "COMUNIDAD DE MADRID", "municipio_nombre": "Arganda del Rey", "distrito_nombre": null, "direccion_coor_x": 462320.0, "direccion_coor_y": 4461707.0, "ARTE": 0, "DANZA": 0, "EDUCACIONADULTA": 0, "EDUCACIONESPECIAL": 0, "FORMACIONPROFESIONAL": 0, "HOSPITALARIA": 0, "IDIOMAS": 0, "INFANTIL": 1, "MILITAR": 0, "MUSICA": 0, "OTRO": 0, "OTRONOEDUCATIVO": 0, "PENITENCIARIO": 0, "PRIMARIA": 1, "SECUNDARIA": 1, "SUPERIOR": 0, "UNIVERSITARIO": 0 }, "geometry": { "type": "Point", "coordinates": [ 3179195.966427105478942, 2013677.772132476791739 ] } },
{ "type": "Feature", "properties": { "centro_codigo": "28038151", "centro_nombre": "RAFAEL ALBERTI", "centro_tipo_descripcion": "INSTITUTO DE EDUCACIÓN SECUNDARIA", "centro_titularidad": "PÚBLICO", "centro_titular": "COMUNIDAD DE MADRID", "municipio_nombre": "Coslada", "distrito_nombre": null, "direccion_coor_x": 452101.0, "direccion_coor_y": 4475633.0, "ARTE": 0, "DANZA": 0, "EDUCACIONADULTA": 0, "EDUCACIONESPECIAL": 0, "FORMACIONPROFESIONAL": 0, "HOSPITALARIA": 0, "IDIOMAS": 0, "INFANTIL": 0, "MILITAR": 0, "MUSICA": 0, "OTRO": 0, "OTRONOEDUCATIVO": 0, "PENITENCIARIO": 0, "PRIMARIA": 0, "SECUNDARIA": 1, "SUPERIOR": 0, "UNIVERSITARIO": 0 }, "geometry": { "type": "Point", "coordinates": [ 3171275.756939064711332, 2029163.669802547665313 ] } },
{ "type": "Feature", "properties": { "centro_codigo": "28038291", "centro_nombre": "SALVADOR DALI", "centro_tipo_descripcion": "INSTITUTO DE EDUCACIÓN SECUNDARIA", "centro_titularidad": "PÚBLICO", "centro_titular": "COMUNIDAD DE MADRID", "municipio_nombre": "Leganés", "distrito_nombre": null, "direccion_coor_x": 436920.0, "direccion_coor_y": 4465420.0, "ARTE": 0, "DANZA": 0, "EDUCACIONADULTA": 0, "EDUCACIONESPECIAL": 0, "FORMACIONPROFESIONAL": 0, "HOSPITALARIA": 0, "IDIOMAS": 0, "INFANTIL": 0, "MILITAR": 0, "MUSICA": 0, "OTRO": 0, "OTRONOEDUCATIVO": 0, "PENITENCIARIO": 0, "PRIMARIA": 0, "SECUNDARIA": 1, "SUPERIOR": 0, "UNIVERSITARIO": 0 }, "geometry": { "type": "Point", "coordinates": [ 3154675.802907324396074, 2021726.388037908589467 ] } },
{ "type": "Feature", "properties": { "centro_codigo": "28038306", "centro_nombre": "SIGLO XXI", "centro_tipo_descripcion": "INSTITUTO DE EDUCACIÓN SECUNDARIA", "centro_titularidad": "PÚBLICO", "centro_titular": "COMUNIDAD DE MADRID", "municipio_nombre": "Leganés", "distrito_nombre": null, "direccion_coor_x": 435127.0, "direccion_coor_y": 4465592.0, "ARTE": 0, "DANZA": 0, "EDUCACIONADULTA": 0, "EDUCACIONESPECIAL": 0, "FORMACIONPROFESIONAL": 0, "HOSPITALARIA": 0, "IDIOMAS": 0, "INFANTIL": 0, "MILITAR": 0, "MUSICA": 0, "OTRO": 0, "OTRONOEDUCATIVO": 0, "PENITENCIARIO": 0, "PRIMARIA": 0, "SECUNDARIA": 1, "SUPERIOR": 0, "UNIVERSITARIO": 0 }, "geometry": { "type": "Point", "coordinates": [ 3152931.144752427469939, 2022206.355797225376591 ] } },
{ "type": "Feature", "properties": { "centro_codigo": "28038355", "centro_nombre": "MIRASIERRA", "centro_tipo_descripcion": "INSTITUTO DE EDUCACIÓN SECUNDARIA", "centro_titularidad": "PÚBLICO", "centro_titular": "COMUNIDAD DE MADRID", "municipio_nombre": "Madrid", "distrito_nombre": "Fuencarral-El Pardo", "direccion_coor_x": 439389.0, "direccion_coor_y": 4482506.0, "ARTE": 0, "DANZA": 0, "EDUCACIONADULTA": 0, "EDUCACIONESPECIAL": 0, "FORMACIONPROFESIONAL": 0, "HOSPITALARIA": 0, "IDIOMAS": 0, "INFANTIL": 0, "MILITAR": 0, "MUSICA": 0, "OTRO": 0, "OTRONOEDUCATIVO": 0, "PENITENCIARIO": 0, "PRIMARIA": 0, "SECUNDARIA": 1, "SUPERIOR": 0, "UNIVERSITARIO": 0 }, "geometry": { "type": "Point", "coordinates": [ 3159793.000668580643833, 2038135.202574190218002 ] } },
{ "type": "Feature", "properties": { "centro_codigo": "28038367", "centro_nombre": "FRANCISCO TOMAS Y VALIENTE", "centro_tipo_descripcion": "INSTITUTO DE EDUCACIÓN SECUNDARIA", "centro_titularidad": "PÚBLICO", "centro_titular": "COMUNIDAD DE MADRID", "municipio_nombre": "Madrid", "distrito_nombre": "Hortaleza", "direccion_coor_x": 444850.0, "direccion_coor_y": 4479427.0, "ARTE": 0, "DANZA": 0, "EDUCACIONADULTA": 0, "EDUCACIONESPECIAL": 0, "FORMACIONPROFESIONAL": 0, "HOSPITALARIA": 0, "IDIOMAS": 0, "INFANTIL": 0, "MILITAR": 0, "MUSICA": 0, "OTRO": 0, "OTRONOEDUCATIVO": 0, "PENITENCIARIO": 0, "PRIMARIA": 0, "SECUNDARIA": 1, "SUPERIOR": 0, "UNIVERSITARIO": 0 }, "geometry": { "type": "Point", "coordinates": [ 3164705.599681012332439, 2034155.977111377054825 ] } },
{ "type": "Feature", "properties": { "centro_codigo": "28038379", "centro_nombre": "ISLAS FILIPINAS", "centro_tipo_descripcion": "INSTITUTO DE EDUCACIÓN SECUNDARIA", "centro_titularidad": "PÚBLICO", "centro_titular": "COMUNIDAD DE MADRID", "municipio_nombre": "Madrid", "distrito_nombre": "Chamberí", "direccion_coor_x": 439679.0, "direccion_coor_y": 4476905.0, "ARTE": 0, "DANZA": 0, "EDUCACIONADULTA": 0, "EDUCACIONESPECIAL": 0, "FORMACIONPROFESIONAL": 0, "HOSPITALARIA": 0, "IDIOMAS": 0, "INFANTIL": 0, "MILITAR": 0, "MUSICA": 0, "OTRO": 0, "OTRONOEDUCATIVO": 0, "PENITENCIARIO": 0, "PRIMARIA": 0, "SECUNDARIA": 1, "SUPERIOR": 0, "UNIVERSITARIO": 0 }, "geometry": { "type": "Point", "coordinates": [ 3159201.205441982485354, 2032565.700085695134476 ] } },
{ "type": "Feature", "properties": { "centro_codigo": "28038422", "centro_nombre": "LUIS BUÑUEL", "centro_tipo_descripcion": "INSTITUTO DE EDUCACIÓN SECUNDARIA", "centro_titularidad": "PÚBLICO", "centro_titular": "COMUNIDAD DE MADRID", "municipio_nombre": "Móstoles", "distrito_nombre": null, "direccion_coor_x": 426493.0, "direccion_coor_y": 4465805.0, "ARTE": 0, "DANZA": 0, "EDUCACIONADULTA": 0, "EDUCACIONESPECIAL": 0, "FORMACIONPROFESIONAL": 0, "HOSPITALARIA": 0, "IDIOMAS": 0, "INFANTIL": 0, "MILITAR": 0, "MUSICA": 0, "OTRO": 0, "OTRONOEDUCATIVO": 0, "PENITENCIARIO": 0, "PRIMARIA": 0, "SECUNDARIA": 1, "SUPERIOR": 0, "UNIVERSITARIO": 0 }, "geometry": { "type": "Point", "coordinates": [ 3144434.12666180357337, 2023912.412959690438583 ] } },
{ "type": "Feature", "properties": { "centro_codigo": "28038446", "centro_nombre": "NARCIS MONTURIOL", "centro_tipo_descripcion": "INSTITUTO DE EDUCACIÓN SECUNDARIA", "centro_titularidad": "PÚBLICO", "centro_titular": "COMUNIDAD DE MADRID", "municipio_nombre": "Parla", "distrito_nombre": null, "direccion_coor_x": 433938.0, "direccion_coor_y": 4455055.0, "ARTE": 0, "DANZA": 0, "EDUCACIONADULTA": 0, "EDUCACIONESPECIAL": 0, "FORMACIONPROFESIONAL": 0, "HOSPITALARIA": 0, "IDIOMAS": 0, "INFANTIL": 0, "MILITAR": 0, "MUSICA": 0, "OTRO": 0, "OTRONOEDUCATIVO": 0, "PENITENCIARIO": 0, "PRIMARIA": 0, "SECUNDARIA": 1, "SUPERIOR": 0, "UNIVERSITARIO": 0 }, "geometry": { "type": "Point", "coordinates": [ 3150107.054918033070862, 2012029.92923171329312 ] } },
{ "type": "Feature", "properties": { "centro_codigo": "28038537", "centro_nombre": "PAX-CASVI", "centro_tipo_descripcion": "CENTRO PRIVADO DE EDUCACIÓN INFANTIL, PRIMARIA Y SECUNDARIA", "centro_titularidad": "PRIVADO", "centro_titular": "EUROLENGUAS, S.A.", "municipio_nombre": "Villaviciosa de Odón", "distrito_nombre": null, "direccion_coor_x": 424695.0, "direccion_coor_y": 4467347.0, "ARTE": 0, "DANZA": 0, "EDUCACIONADULTA": 0, "EDUCACIONESPECIAL": 0, "FORMACIONPROFESIONAL": 0, "HOSPITALARIA": 0, "IDIOMAS": 0, "INFANTIL": 1, "MILITAR": 0, "MUSICA": 0, "OTRO": 0, "OTRONOEDUCATIVO": 0, "PENITENCIARIO": 0, "PRIMARIA": 1, "SECUNDARIA": 1, "SUPERIOR": 0, "UNIVERSITARIO": 0 }, "geometry": { "type": "Point", "coordinates": [ 3142899.471934564877301, 2025743.667107999557629 ] } },
{ "type": "Feature", "properties": { "centro_codigo": "28038562", "centro_nombre": "ALKOR", "centro_tipo_descripcion": "CENTRO PRIVADO DE EDUCACIÓN INFANTIL, PRIMARIA Y SECUNDARIA", "centro_titularidad": "PRIVADO CONCERTADO", "centro_titular": "PROSCIENCIA, SDAD. COOP. MADRILEÑA", "municipio_nombre": "Alcorcón", "distrito_nombre": null, "direccion_coor_x": 428753.0, "direccion_coor_y": 4466135.0, "ARTE": 0, "DANZA": 0, "EDUCACIONADULTA": 0, "EDUCACIONESPECIAL": 0, "FORMACIONPROFESIONAL": 0, "HOSPITALARIA": 0, "IDIOMAS": 0, "INFANTIL": 1, "MILITAR": 0, "MUSICA": 0, "OTRO": 0, "OTRONOEDUCATIVO": 0, "PENITENCIARIO": 0, "PRIMARIA": 1, "SECUNDARIA": 1, "SUPERIOR": 0, "UNIVERSITARIO": 0 }, "geometry": { "type": "Point", "coordinates": [ 3146718.6200714064762, 2023845.784242577617988 ] } },
{ "type": "Feature", "properties": { "centro_codigo": "28038586", "centro_nombre": "N.I.L.E.", "centro_tipo_descripcion": "CENTRO PRIVADO DE EDUCACIÓN INFANTIL, PRIMARIA Y SECUNDARIA", "centro_titularidad": "PRIVADO CONCERTADO", "centro_titular": "N.I.L.E., SOCIEDAD COOPERATIVA MADRILEÑA", "municipio_nombre": "Fuenlabrada", "distrito_nombre": null, "direccion_coor_x": 431682.0, "direccion_coor_y": 4460756.0, "ARTE": 0, "DANZA": 0, "EDUCACIONADULTA": 0, "EDUCACIONESPECIAL": 0, "FORMACIONPROFESIONAL": 0, "HOSPITALARIA": 0, "IDIOMAS": 0, "INFANTIL": 1, "MILITAR": 0, "MUSICA": 0, "OTRO": 0, "OTRONOEDUCATIVO": 0, "PENITENCIARIO": 0, "PRIMARIA": 1, "SECUNDARIA": 1, "SUPERIOR": 0, "UNIVERSITARIO": 0 }, "geometry": { "type": "Point", "coordinates": [ 3148770.087735705543309, 2018037.991365442518145 ] } },
{ "type": "Feature", "properties": { "centro_codigo": "28038598", "centro_nombre": "ALTAMIRA", "centro_tipo_descripcion": "CENTRO PRIVADO DE EDUCACIÓN INFANTIL, PRIMARIA Y SECUNDARIA", "centro_titularidad": "PRIVADO CONCERTADO", "centro_titular": "ALTAMIRA DE FUENLABRADA SDAD.COOP. MADRILEÑA", "municipio_nombre": "Fuenlabrada", "distrito_nombre": null, "direccion_coor_x": 432760.0, "direccion_coor_y": 4460814.0, "ARTE": 0, "DANZA": 0, "EDUCACIONADULTA": 0, "EDUCACIONESPECIAL": 0, "FORMACIONPROFESIONAL": 0, "HOSPITALARIA": 0, "IDIOMAS": 0, "INFANTIL": 1, "MILITAR": 0, "MUSICA": 0, "OTRO": 0, "OTRONOEDUCATIVO": 0, "PENITENCIARIO": 0, "PRIMARIA": 1, "SECUNDARIA": 1, "SUPERIOR": 0, "UNIVERSITARIO": 0 }, "geometry": { "type": "Point", "coordinates": [ 3149844.295624043326825, 2017908.385753935435787 ] } },
{ "type": "Feature", "properties": { "centro_codigo": "28038616", "centro_nombre": "JAIME FERRAN CLUA", "centro_tipo_descripcion": "INSTITUTO DE EDUCACIÓN SECUNDARIA", "centro_titularidad": "PÚBLICO", "centro_titular": "COMUNIDAD DE MADRID", "municipio_nombre": "San Fernando de Henares", "distrito_nombre": null, "direccion_coor_x": 455798.0, "direccion_coor_y": 4473919.0, "ARTE": 0, "DANZA": 0, "EDUCACIONADULTA": 0, "EDUCACIONESPECIAL": 0, "FORMACIONPROFESIONAL": 0, "HOSPITALARIA": 0, "IDIOMAS": 0, "INFANTIL": 0, "MILITAR": 0, "MUSICA": 0, "OTRO": 0, "OTRONOEDUCATIVO": 0, "PENITENCIARIO": 0, "PRIMARIA": 0, "SECUNDARIA": 1, "SUPERIOR": 0, "UNIVERSITARIO": 0 }, "geometry": { "type": "Point", "coordinates": [ 3174660.637318560853601, 2026836.032731518382207 ] } },
{ "type": "Feature", "properties": { "centro_codigo": "28038801", "centro_nombre": "MARIA DE MOLINA", "centro_tipo_descripcion": "INSTITUTO DE EDUCACIÓN SECUNDARIA", "centro_titularidad": "PÚBLICO", "centro_titular": "COMUNIDAD DE MADRID", "municipio_nombre": "Madrid", "distrito_nombre": "Latina", "direccion_coor_x": 433785.0, "direccion_coor_y": 4469968.0, "ARTE": 0, "DANZA": 0, "EDUCACIONADULTA": 0, "EDUCACIONESPECIAL": 0, "FORMACIONPROFESIONAL": 0, "HOSPITALARIA": 0, "IDIOMAS": 0, "INFANTIL": 0, "MILITAR": 0, "MUSICA": 0, "OTRO": 0, "OTRONOEDUCATIVO": 0, "PENITENCIARIO": 0, "PRIMARIA": 0, "SECUNDARIA": 1, "SUPERIOR": 0, "UNIVERSITARIO": 0 }, "geometry": { "type": "Point", "coordinates": [ 3152290.72054212493822, 2026750.753873455803841 ] } },
{ "type": "Feature", "properties": { "centro_codigo": "28038823", "centro_nombre": "ISAAC NEWTON", "centro_tipo_descripcion": "INSTITUTO DE EDUCACIÓN SECUNDARIA", "centro_titularidad": "PÚBLICO", "centro_titular": "COMUNIDAD DE MADRID", "municipio_nombre": "Madrid", "distrito_nombre": "Fuencarral-El Pardo", "direccion_coor_x": 438746.0, "direccion_coor_y": 4480509.0, "ARTE": 0, "DANZA": 0, "EDUCACIONADULTA": 0, "EDUCACIONESPECIAL": 0, "FORMACIONPROFESIONAL": 0, "HOSPITALARIA": 0, "IDIOMAS": 0, "INFANTIL": 0, "MILITAR": 0, "MUSICA": 0, "OTRO": 0, "OTRONOEDUCATIVO": 0, "PENITENCIARIO": 0, "PRIMARIA": 0, "SECUNDARIA": 1, "SUPERIOR": 0, "UNIVERSITARIO": 0 }, "geometry": { "type": "Point", "coordinates": [ 3158844.521368559449911, 2036278.643073050072417 ] } },
{ "type": "Feature", "properties": { "centro_codigo": "28038847", "centro_nombre": "SEVERO OCHOA", "centro_tipo_descripcion": "INSTITUTO DE EDUCACIÓN SECUNDARIA", "centro_titularidad": "PÚBLICO", "centro_titular": "COMUNIDAD DE MADRID", "municipio_nombre": "Alcobendas", "distrito_nombre": null, "direccion_coor_x": 444569.0, "direccion_coor_y": 4486071.0, "ARTE": 0, "DANZA": 0, "EDUCACIONADULTA": 0, "EDUCACIONESPECIAL": 0, "FORMACIONPROFESIONAL": 0, "HOSPITALARIA": 0, "IDIOMAS": 0, "INFANTIL": 0, "MILITAR": 0, "MUSICA": 0, "OTRO": 0, "OTRONOEDUCATIVO": 0, "PENITENCIARIO": 0, "PRIMARIA": 0, "SECUNDARIA": 1, "SUPERIOR": 0, "UNIVERSITARIO": 0 }, "geometry": { "type": "Point", "coordinates": [ 3165469.880844175815582, 2040751.678890741895884 ] } },
{ "type": "Feature", "properties": { "centro_codigo": "28038859", "centro_nombre": "PARQUE DE LISBOA", "centro_tipo_descripcion": "INSTITUTO DE EDUCACIÓN SECUNDARIA", "centro_titularidad": "PÚBLICO", "centro_titular": "COMUNIDAD DE MADRID", "municipio_nombre": "Alcorcón", "distrito_nombre": null, "direccion_coor_x": 431036.0, "direccion_coor_y": 4467006.0, "ARTE": 0, "DANZA": 0, "EDUCACIONADULTA": 0, "EDUCACIONESPECIAL": 0, "FORMACIONPROFESIONAL": 0, "HOSPITALARIA": 0, "IDIOMAS": 0, "INFANTIL": 0, "MILITAR": 0, "MUSICA": 0, "OTRO": 0, "OTRONOEDUCATIVO": 0, "PENITENCIARIO": 0, "PRIMARIA": 0, "SECUNDARIA": 1, "SUPERIOR": 0, "UNIVERSITARIO": 0 }, "geometry": { "type": "Point", "coordinates": [ 3149110.639797506853938, 2024308.368962630629539 ] } },
{ "type": "Feature", "properties": { "centro_codigo": "28038860", "centro_nombre": "LA SERNA", "centro_tipo_descripcion": "INSTITUTO DE EDUCACIÓN SECUNDARIA", "centro_titularidad": "PÚBLICO", "centro_titular": "COMUNIDAD DE MADRID", "municipio_nombre": "Fuenlabrada", "distrito_nombre": null, "direccion_coor_x": 432507.0, "direccion_coor_y": 4460914.0, "ARTE": 0, "DANZA": 0, "EDUCACIONADULTA": 0, "EDUCACIONESPECIAL": 0, "FORMACIONPROFESIONAL": 0, "HOSPITALARIA": 0, "IDIOMAS": 0, "INFANTIL": 0, "MILITAR": 0, "MUSICA": 0, "OTRO": 0, "OTRONOEDUCATIVO": 0, "PENITENCIARIO": 0, "PRIMARIA": 0, "SECUNDARIA": 1, "SUPERIOR": 0, "UNIVERSITARIO": 0 }, "geometry": { "type": "Point", "coordinates": [ 3149609.97020540991798, 2018050.746707638492808 ] } },
{ "type": "Feature", "properties": { "centro_codigo": "28038872", "centro_nombre": "LA FORTUNA", "centro_tipo_descripcion": "INSTITUTO DE EDUCACIÓN SECUNDARIA", "centro_titularidad": "PÚBLICO", "centro_titular": "COMUNIDAD DE MADRID", "municipio_nombre": "Leganés", "distrito_nombre": null, "direccion_coor_x": 433432.0, "direccion_coor_y": 4467967.0, "ARTE": 0, "DANZA": 0, "EDUCACIONADULTA": 0, "EDUCACIONESPECIAL": 0, "FORMACIONPROFESIONAL": 0, "HOSPITALARIA": 0, "IDIOMAS": 0, "INFANTIL": 0, "MILITAR": 0, "MUSICA": 0, "OTRO": 0, "OTRONOEDUCATIVO": 0, "PENITENCIARIO": 0, "PRIMARIA": 0, "SECUNDARIA": 1, "SUPERIOR": 0, "UNIVERSITARIO": 0 }, "geometry": { "type": "Point", "coordinates": [ 3151628.441961430944502, 2024840.175165739143267 ] } },
{ "type": "Feature", "properties": { "centro_codigo": "28038884", "centro_nombre": "CLARA CAMPOAMOR", "centro_tipo_descripcion": "INSTITUTO DE EDUCACIÓN SECUNDARIA", "centro_titularidad": "PÚBLICO", "centro_titular": "COMUNIDAD DE MADRID", "municipio_nombre": "Móstoles", "distrito_nombre": null, "direccion_coor_x": 427507.0, "direccion_coor_y": 4464739.0, "ARTE": 0, "DANZA": 0, "EDUCACIONADULTA": 0, "EDUCACIONESPECIAL": 0, "FORMACIONPROFESIONAL": 0, "HOSPITALARIA": 0, "IDIOMAS": 0, "INFANTIL": 0, "MILITAR": 0, "MUSICA": 0, "OTRO": 0, "OTRONOEDUCATIVO": 0, "PENITENCIARIO": 0, "PRIMARIA": 0, "SECUNDARIA": 1, "SUPERIOR": 0, "UNIVERSITARIO": 0 }, "geometry": { "type": "Point", "coordinates": [ 3145268.902978471945971, 2022686.204209335846826 ] } },
{ "type": "Feature", "properties": { "centro_codigo": "28038896", "centro_nombre": "VELAZQUEZ", "centro_tipo_descripcion": "INSTITUTO DE EDUCACIÓN SECUNDARIA", "centro_titularidad": "PÚBLICO", "centro_titular": "COMUNIDAD DE MADRID", "municipio_nombre": "Móstoles", "distrito_nombre": null, "direccion_coor_x": 425918.0, "direccion_coor_y": 4464810.0, "ARTE": 0, "DANZA": 0, "EDUCACIONADULTA": 0, "EDUCACIONESPECIAL": 0, "FORMACIONPROFESIONAL": 0, "HOSPITALARIA": 0, "IDIOMAS": 0, "INFANTIL": 0, "MILITAR": 0, "MUSICA": 0, "OTRO": 0, "OTRONOEDUCATIVO": 0, "PENITENCIARIO": 0, "PRIMARIA": 0, "SECUNDARIA": 1, "SUPERIOR": 0, "UNIVERSITARIO": 0 }, "geometry": { "type": "Point", "coordinates": [ 3143710.158225237391889, 2023031.668610307155177 ] } },
{ "type": "Feature", "properties": { "centro_codigo": "28038902", "centro_nombre": "MANUEL ELKIN PATARROYO", "centro_tipo_descripcion": "INSTITUTO DE EDUCACIÓN SECUNDARIA", "centro_titularidad": "PÚBLICO", "centro_titular": "COMUNIDAD DE MADRID", "municipio_nombre": "Parla", "distrito_nombre": null, "direccion_coor_x": 435044.0, "direccion_coor_y": 4455095.0, "ARTE": 0, "DANZA": 0, "EDUCACIONADULTA": 0, "EDUCACIONESPECIAL": 0, "FORMACIONPROFESIONAL": 0, "HOSPITALARIA": 0, "IDIOMAS": 0, "INFANTIL": 0, "MILITAR": 0, "MUSICA": 0, "OTRO": 0, "OTRONOEDUCATIVO": 0, "PENITENCIARIO": 0, "PRIMARIA": 0, "SECUNDARIA": 1, "SUPERIOR": 0, "UNIVERSITARIO": 0 }, "geometry": { "type": "Point", "coordinates": [ 3151206.191456959582865, 2011877.812180360080674 ] } },
{ "type": "Feature", "properties": { "centro_codigo": "28038914", "centro_nombre": "CAMILO JOSE CELA", "centro_tipo_descripcion": "INSTITUTO DE EDUCACIÓN SECUNDARIA", "centro_titularidad": "PÚBLICO", "centro_titular": "COMUNIDAD DE MADRID", "municipio_nombre": "Pozuelo de Alarcón", "distrito_nombre": null, "direccion_coor_x": 430486.0, "direccion_coor_y": 4476825.0, "ARTE": 0, "DANZA": 0, "EDUCACIONADULTA": 0, "EDUCACIONESPECIAL": 0, "FORMACIONPROFESIONAL": 0, "HOSPITALARIA": 0, "IDIOMAS": 0, "INFANTIL": 0, "MILITAR": 0, "MUSICA": 0, "OTRO": 0, "OTRONOEDUCATIVO": 0, "PENITENCIARIO": 0, "PRIMARIA": 0, "SECUNDARIA": 1, "SUPERIOR": 0, "UNIVERSITARIO": 0 }, "geometry": { "type": "Point", "coordinates": [ 3150106.449996400158852, 2034079.293871733825654 ] } },
{ "type": "Feature", "properties": { "centro_codigo": "28038926", "centro_nombre": "VILLA DE VALDEMORO", "centro_tipo_descripcion": "INSTITUTO DE EDUCACIÓN SECUNDARIA", "centro_titularidad": "PÚBLICO", "centro_titular": "COMUNIDAD DE MADRID", "municipio_nombre": "Valdemoro", "distrito_nombre": null, "direccion_coor_x": 441876.0, "direccion_coor_y": 4448986.0, "ARTE": 0, "DANZA": 0, "EDUCACIONADULTA": 0, "EDUCACIONESPECIAL": 0, "FORMACIONPROFESIONAL": 0, "HOSPITALARIA": 0, "IDIOMAS": 0, "INFANTIL": 0, "MILITAR": 0, "MUSICA": 0, "OTRO": 0, "OTRONOEDUCATIVO": 0, "PENITENCIARIO": 0, "PRIMARIA": 0, "SECUNDARIA": 1, "SUPERIOR": 0, "UNIVERSITARIO": 0 }, "geometry": { "type": "Point", "coordinates": [ 3157002.556484904140234, 2004676.406253235880286 ] } },
{ "type": "Feature", "properties": { "centro_codigo": "28039037", "centro_nombre": "ALPAJES", "centro_tipo_descripcion": "INSTITUTO DE EDUCACIÓN SECUNDARIA", "centro_titularidad": "PÚBLICO", "centro_titular": "COMUNIDAD DE MADRID", "municipio_nombre": "Aranjuez", "distrito_nombre": null, "direccion_coor_x": 449352.0, "direccion_coor_y": 4431819.0, "ARTE": 0, "DANZA": 0, "EDUCACIONADULTA": 0, "EDUCACIONESPECIAL": 0, "FORMACIONPROFESIONAL": 0, "HOSPITALARIA": 0, "IDIOMAS": 0, "INFANTIL": 0, "MILITAR": 0, "MUSICA": 0, "OTRO": 0, "OTRONOEDUCATIVO": 0, "PENITENCIARIO": 0, "PRIMARIA": 0, "SECUNDARIA": 1, "SUPERIOR": 0, "UNIVERSITARIO": 0 }, "geometry": { "type": "Point", "coordinates": [ 3161712.519021033775061, 1986471.475717101478949 ] } },
{ "type": "Feature", "properties": { "centro_codigo": "28039128", "centro_nombre": "MARIA DE ZAYAS Y SOTOMAYOR", "centro_tipo_descripcion": "INSTITUTO DE EDUCACIÓN SECUNDARIA", "centro_titularidad": "PÚBLICO", "centro_titular": "COMUNIDAD DE MADRID", "municipio_nombre": "Majadahonda", "distrito_nombre": null, "direccion_coor_x": 427303.0, "direccion_coor_y": 4481027.0, "ARTE": 0, "DANZA": 0, "EDUCACIONADULTA": 0, "EDUCACIONESPECIAL": 0, "FORMACIONPROFESIONAL": 0, "HOSPITALARIA": 0, "IDIOMAS": 0, "INFANTIL": 0, "MILITAR": 0, "MUSICA": 0, "OTRO": 0, "OTRONOEDUCATIVO": 0, "PENITENCIARIO": 0, "PRIMARIA": 0, "SECUNDARIA": 1, "SUPERIOR": 0, "UNIVERSITARIO": 0 }, "geometry": { "type": "Point", "coordinates": [ 3147621.359691027551889, 2038771.946014357032254 ] } },
{ "type": "Feature", "properties": { "centro_codigo": "28039268", "centro_nombre": "LOS SAUCES", "centro_tipo_descripcion": "CENTRO PRIVADO DE EDUCACIÓN INFANTIL, PRIMARIA Y SECUNDARIA", "centro_titularidad": "PRIVADO", "centro_titular": "ADELLIS, S.A.(3-9-90 BOE 20-9-90)", "municipio_nombre": "Alcobendas", "distrito_nombre": null, "direccion_coor_x": 446779.0, "direccion_coor_y": 4486604.0, "ARTE": 0, "DANZA": 0, "EDUCACIONADULTA": 0, "EDUCACIONESPECIAL": 0, "FORMACIONPROFESIONAL": 0, "HOSPITALARIA": 0, "IDIOMAS": 0, "INFANTIL": 1, "MILITAR": 0, "MUSICA": 0, "OTRO": 0, "OTRONOEDUCATIVO": 0, "PENITENCIARIO": 0, "PRIMARIA": 1, "SECUNDARIA": 1, "SUPERIOR": 0, "UNIVERSITARIO": 0 }, "geometry": { "type": "Point", "coordinates": [ 3167736.938070784322917, 2040894.56861777137965 ] } },
{ "type": "Feature", "properties": { "centro_codigo": "28039657", "centro_nombre": "SANTA ROSA DE LIMA", "centro_tipo_descripcion": "CENTRO PRIVADO DE EDUCACIÓN SECUNDARIA", "centro_titularidad": "PRIVADO CONCERTADO", "centro_titular": "NUEVO SANTA ROSA DE LIMA, S.L.", "municipio_nombre": "Madrid", "distrito_nombre": "Hortaleza", "direccion_coor_x": 445153.0, "direccion_coor_y": 4479396.0, "ARTE": 0, "DANZA": 0, "EDUCACIONADULTA": 0, "EDUCACIONESPECIAL": 0, "FORMACIONPROFESIONAL": 0, "HOSPITALARIA": 0, "IDIOMAS": 0, "INFANTIL": 0, "MILITAR": 0, "MUSICA": 0, "OTRO": 0, "OTRONOEDUCATIVO": 0, "PENITENCIARIO": 0, "PRIMARIA": 0, "SECUNDARIA": 1, "SUPERIOR": 0, "UNIVERSITARIO": 0 }, "geometry": { "type": "Point", "coordinates": [ 3165000.115513488184661, 2034073.01078303786926 ] } },
{ "type": "Feature", "properties": { "centro_codigo": "28039669", "centro_nombre": "SANTO DOMINGO", "centro_tipo_descripcion": "COLEGIO DE EDUCACIÓN INFANTIL, PRIMARIA Y SECUNDARIA", "centro_titularidad": "PÚBLICO", "centro_titular": "COMUNIDAD DE MADRID", "municipio_nombre": "Algete", "distrito_nombre": null, "direccion_coor_x": 450685.0, "direccion_coor_y": 4497691.0, "ARTE": 0, "DANZA": 0, "EDUCACIONADULTA": 0, "EDUCACIONESPECIAL": 0, "FORMACIONPROFESIONAL": 0, "HOSPITALARIA": 0, "IDIOMAS": 0, "INFANTIL": 1, "MILITAR": 0, "MUSICA": 0, "OTRO": 0, "OTRONOEDUCATIVO": 0, "PENITENCIARIO": 0, "PRIMARIA": 1, "SECUNDARIA": 1, "SUPERIOR": 0, "UNIVERSITARIO": 0 }, "geometry": { "type": "Point", "coordinates": [ 3173336.016272867098451, 2051144.69174726610072 ] } },
{ "type": "Feature", "properties": { "centro_codigo": "28039670", "centro_nombre": "CARDENAL CISNEROS", "centro_tipo_descripcion": "INSTITUTO DE EDUCACIÓN SECUNDARIA", "centro_titularidad": "PÚBLICO", "centro_titular": "COMUNIDAD DE MADRID", "municipio_nombre": "Alcalá de Henares", "distrito_nombre": null, "direccion_coor_x": 468572.0, "direccion_coor_y": 4481236.0, "ARTE": 0, "DANZA": 0, "EDUCACIONADULTA": 0, "EDUCACIONESPECIAL": 0, "FORMACIONPROFESIONAL": 0, "HOSPITALARIA": 0, "IDIOMAS": 0, "INFANTIL": 0, "MILITAR": 0, "MUSICA": 0, "OTRO": 0, "OTRONOEDUCATIVO": 0, "PENITENCIARIO": 0, "PRIMARIA": 0, "SECUNDARIA": 1, "SUPERIOR": 0, "UNIVERSITARIO": 0 }, "geometry": { "type": "Point", "coordinates": [ 3188430.058378642890602, 2031840.931628663092852 ] } },
{ "type": "Feature", "properties": { "centro_codigo": "28039682", "centro_nombre": "ALKALA-NAHAR", "centro_tipo_descripcion": "INSTITUTO DE EDUCACIÓN SECUNDARIA", "centro_titularidad": "PÚBLICO", "centro_titular": "COMUNIDAD DE MADRID", "municipio_nombre": "Alcalá de Henares", "distrito_nombre": null, "direccion_coor_x": 470983.0, "direccion_coor_y": 4481842.0, "ARTE": 0, "DANZA": 0, "EDUCACIONADULTA": 0, "EDUCACIONESPECIAL": 0, "FORMACIONPROFESIONAL": 0, "HOSPITALARIA": 0, "IDIOMAS": 0, "INFANTIL": 0, "MILITAR": 0, "MUSICA": 0, "OTRO": 0, "OTRONOEDUCATIVO": 0, "PENITENCIARIO": 0, "PRIMARIA": 0, "SECUNDARIA": 1, "SUPERIOR": 0, "UNIVERSITARIO": 0 }, "geometry": { "type": "Point", "coordinates": [ 3190907.694630010053515, 2032022.29841615143232 ] } },
{ "type": "Feature", "properties": { "centro_codigo": "28039700", "centro_nombre": "JOSEFINA ALDECOA", "centro_tipo_descripcion": "INSTITUTO DE EDUCACIÓN SECUNDARIA", "centro_titularidad": "PÚBLICO", "centro_titular": "COMUNIDAD DE MADRID", "municipio_nombre": "Alcorcón", "distrito_nombre": null, "direccion_coor_x": 430644.0, "direccion_coor_y": 4467670.0, "ARTE": 0, "DANZA": 0, "EDUCACIONADULTA": 0, "EDUCACIONESPECIAL": 0, "FORMACIONPROFESIONAL": 0, "HOSPITALARIA": 0, "IDIOMAS": 0, "INFANTIL": 0, "MILITAR": 0, "MUSICA": 0, "OTRO": 0, "OTRONOEDUCATIVO": 0, "PENITENCIARIO": 0, "PRIMARIA": 0, "SECUNDARIA": 1, "SUPERIOR": 0, "UNIVERSITARIO": 0 }, "geometry": { "type": "Point", "coordinates": [ 3148827.381912722252309, 2025030.586269191466272 ] } },
{ "type": "Feature", "properties": { "centro_codigo": "28039724", "centro_nombre": "GRANDE COVIAN", "centro_tipo_descripcion": "INSTITUTO DE EDUCACIÓN SECUNDARIA", "centro_titularidad": "PÚBLICO", "centro_titular": "COMUNIDAD DE MADRID", "municipio_nombre": "Arganda del Rey", "distrito_nombre": null, "direccion_coor_x": 463159.0, "direccion_coor_y": 4460765.0, "ARTE": 0, "DANZA": 0, "EDUCACIONADULTA": 0, "EDUCACIONESPECIAL": 0, "FORMACIONPROFESIONAL": 0, "HOSPITALARIA": 0, "IDIOMAS": 0, "INFANTIL": 0, "MILITAR": 0, "MUSICA": 0, "OTRO": 0, "OTRONOEDUCATIVO": 0, "PENITENCIARIO": 0, "PRIMARIA": 0, "SECUNDARIA": 1, "SUPERIOR": 0, "UNIVERSITARIO": 0 }, "geometry": { "type": "Point", "coordinates": [ 3179878.010720455087721, 2012604.925659391796216 ] } },
{ "type": "Feature", "properties": { "centro_codigo": "28039797", "centro_nombre": "JULIO CARO BAROJA", "centro_tipo_descripcion": "INSTITUTO DE EDUCACIÓN SECUNDARIA", "centro_titularidad": "PÚBLICO", "centro_titular": "COMUNIDAD DE MADRID", "municipio_nombre": "Fuenlabrada", "distrito_nombre": null, "direccion_coor_x": 433168.0, "direccion_coor_y": 4459965.0, "ARTE": 0, "DANZA": 0, "EDUCACIONADULTA": 0, "EDUCACIONESPECIAL": 0, "FORMACIONPROFESIONAL": 0, "HOSPITALARIA": 0, "IDIOMAS": 0, "INFANTIL": 0, "MILITAR": 0, "MUSICA": 0, "OTRO": 0, "OTRONOEDUCATIVO": 0, "PENITENCIARIO": 0, "PRIMARIA": 0, "SECUNDARIA": 1, "SUPERIOR": 0, "UNIVERSITARIO": 0 }, "geometry": { "type": "Point", "coordinates": [ 3150114.530445489101112, 2017001.167432836722583 ] } },
{ "type": "Feature", "properties": { "centro_codigo": "28039803", "centro_nombre": "SALVADOR ALLENDE", "centro_tipo_descripcion": "INSTITUTO DE EDUCACIÓN SECUNDARIA", "centro_titularidad": "PÚBLICO", "centro_titular": "COMUNIDAD DE MADRID", "municipio_nombre": "Fuenlabrada", "distrito_nombre": null, "direccion_coor_x": 432231.0, "direccion_coor_y": 4460180.0, "ARTE": 0, "DANZA": 0, "EDUCACIONADULTA": 0, "EDUCACIONESPECIAL": 0, "FORMACIONPROFESIONAL": 0, "HOSPITALARIA": 0, "IDIOMAS": 0, "INFANTIL": 0, "MILITAR": 0, "MUSICA": 0, "OTRO": 0, "OTRONOEDUCATIVO": 0, "PENITENCIARIO": 0, "PRIMARIA": 0, "SECUNDARIA": 1, "SUPERIOR": 0, "UNIVERSITARIO": 0 }, "geometry": { "type": "Point", "coordinates": [ 3149222.361994428560138, 2017375.328023897949606 ] } },
{ "type": "Feature", "properties": { "centro_codigo": "28039827", "centro_nombre": "LAGUNA DE JOATZEL", "centro_tipo_descripcion": "INSTITUTO DE EDUCACIÓN SECUNDARIA", "centro_titularidad": "PÚBLICO", "centro_titular": "COMUNIDAD DE MADRID", "municipio_nombre": "Getafe", "distrito_nombre": null, "direccion_coor_x": 439505.0, "direccion_coor_y": 4462569.0, "ARTE": 0, "DANZA": 0, "EDUCACIONADULTA": 0, "EDUCACIONESPECIAL": 0, "FORMACIONPROFESIONAL": 0, "HOSPITALARIA": 0, "IDIOMAS": 0, "INFANTIL": 0, "MILITAR": 0, "MUSICA": 0, "OTRO": 0, "OTRONOEDUCATIVO": 0, "PENITENCIARIO": 0, "PRIMARIA": 0, "SECUNDARIA": 1, "SUPERIOR": 0, "UNIVERSITARIO": 0 }, "geometry": { "type": "Point", "coordinates": [ 3156783.712654878851026, 2018469.713652127422392 ] } },
{ "type": "Feature", "properties": { "centro_codigo": "28039839", "centro_nombre": "ISAAC ALBENIZ", "centro_tipo_descripcion": "INSTITUTO DE EDUCACIÓN SECUNDARIA", "centro_titularidad": "PÚBLICO", "centro_titular": "COMUNIDAD DE MADRID", "municipio_nombre": "Leganés", "distrito_nombre": null, "direccion_coor_x": 436847.0, "direccion_coor_y": 4465814.0, "ARTE": 0, "DANZA": 0, "EDUCACIONADULTA": 0, "EDUCACIONESPECIAL": 0, "FORMACIONPROFESIONAL": 0, "HOSPITALARIA": 0, "IDIOMAS": 0, "INFANTIL": 0, "MILITAR": 0, "MUSICA": 0, "OTRO": 0, "OTRONOEDUCATIVO": 0, "PENITENCIARIO": 0, "PRIMARIA": 0, "SECUNDARIA": 1, "SUPERIOR": 0, "UNIVERSITARIO": 0 }, "geometry": { "type": "Point", "coordinates": [ 3154665.370689634233713, 2022127.253586929291487 ] } },
{ "type": "Feature", "properties": { "centro_codigo": "28039840", "centro_nombre": "MARQUES DE SUANZES", "centro_tipo_descripcion": "INSTITUTO DE EDUCACIÓN SECUNDARIA", "centro_titularidad": "PÚBLICO", "centro_titular": "COMUNIDAD DE MADRID", "municipio_nombre": "Madrid", "distrito_nombre": "San Blas-Canillejas", "direccion_coor_x": 446960.0, "direccion_coor_y": 4477284.0, "ARTE": 0, "DANZA": 0, "EDUCACIONADULTA": 0, "EDUCACIONESPECIAL": 0, "FORMACIONPROFESIONAL": 0, "HOSPITALARIA": 0, "IDIOMAS": 0, "INFANTIL": 0, "MILITAR": 0, "MUSICA": 0, "OTRO": 0, "OTRONOEDUCATIVO": 0, "PENITENCIARIO": 0, "PRIMARIA": 0, "SECUNDARIA": 1, "SUPERIOR": 0, "UNIVERSITARIO": 0 }, "geometry": { "type": "Point", "coordinates": [ 3166454.521970452275127, 2031679.315270966617391 ] } },
{ "type": "Feature", "properties": { "centro_codigo": "28039864", "centro_nombre": "JULIO VERNE", "centro_tipo_descripcion": "INSTITUTO DE EDUCACIÓN SECUNDARIA", "centro_titularidad": "PÚBLICO", "centro_titular": "COMUNIDAD DE MADRID", "municipio_nombre": "Leganés", "distrito_nombre": null, "direccion_coor_x": 435186.0, "direccion_coor_y": 4465486.0, "ARTE": 0, "DANZA": 0, "EDUCACIONADULTA": 0, "EDUCACIONESPECIAL": 0, "FORMACIONPROFESIONAL": 0, "HOSPITALARIA": 0, "IDIOMAS": 0, "INFANTIL": 0, "MILITAR": 0, "MUSICA": 0, "OTRO": 0, "OTRONOEDUCATIVO": 0, "PENITENCIARIO": 0, "PRIMARIA": 0, "SECUNDARIA": 1, "SUPERIOR": 0, "UNIVERSITARIO": 0 }, "geometry": { "type": "Point", "coordinates": [ 3152972.839590847492218, 2022091.690731424372643 ] } },
{ "type": "Feature", "properties": { "centro_codigo": "28039876", "centro_nombre": "SALVADOR DALÍ", "centro_tipo_descripcion": "INSTITUTO DE EDUCACIÓN SECUNDARIA", "centro_titularidad": "PÚBLICO", "centro_titular": "COMUNIDAD DE MADRID", "municipio_nombre": "Madrid", "distrito_nombre": "Ciudad Lineal", "direccion_coor_x": 444316.0, "direccion_coor_y": 4476758.0, "ARTE": 0, "DANZA": 0, "EDUCACIONADULTA": 0, "EDUCACIONESPECIAL": 0, "FORMACIONPROFESIONAL": 0, "HOSPITALARIA": 0, "IDIOMAS": 0, "INFANTIL": 0, "MILITAR": 0, "MUSICA": 0, "OTRO": 0, "OTRONOEDUCATIVO": 0, "PENITENCIARIO": 0, "PRIMARIA": 0, "SECUNDARIA": 1, "SUPERIOR": 0, "UNIVERSITARIO": 0 }, "geometry": { "type": "Point", "coordinates": [ 3163759.645682224072516, 2031618.360047606052831 ] } },
{ "type": "Feature", "properties": { "centro_codigo": "28039888", "centro_nombre": "GABRIEL GARCIA MARQUEZ", "centro_tipo_descripcion": "INSTITUTO DE EDUCACIÓN SECUNDARIA", "centro_titularidad": "PÚBLICO", "centro_titular": "COMUNIDAD DE MADRID", "municipio_nombre": "Madrid", "distrito_nombre": "Hortaleza", "direccion_coor_x": 446131.0, "direccion_coor_y": 4480101.0, "ARTE": 0, "DANZA": 0, "EDUCACIONADULTA": 0, "EDUCACIONESPECIAL": 0, "FORMACIONPROFESIONAL": 0, "HOSPITALARIA": 0, "IDIOMAS": 0, "INFANTIL": 0, "MILITAR": 0, "MUSICA": 0, "OTRO": 0, "OTRONOEDUCATIVO": 0, "PENITENCIARIO": 0, "PRIMARIA": 0, "SECUNDARIA": 1, "SUPERIOR": 0, "UNIVERSITARIO": 0 }, "geometry": { "type": "Point", "coordinates": [ 3166076.935379105154425, 2034598.53278313903138 ] } },
{ "type": "Feature", "properties": { "centro_codigo": "28039891", "centro_nombre": "VILLABLANCA", "centro_tipo_descripcion": "INSTITUTO DE EDUCACIÓN SECUNDARIA", "centro_titularidad": "PÚBLICO", "centro_titular": "COMUNIDAD DE MADRID", "municipio_nombre": "Madrid", "distrito_nombre": "Vicálvaro", "direccion_coor_x": 449068.0, "direccion_coor_y": 4472993.0, "ARTE": 0, "DANZA": 0, "EDUCACIONADULTA": 0, "EDUCACIONESPECIAL": 0, "FORMACIONPROFESIONAL": 0, "HOSPITALARIA": 0, "IDIOMAS": 0, "INFANTIL": 0, "MILITAR": 0, "MUSICA": 0, "OTRO": 0, "OTRONOEDUCATIVO": 0, "PENITENCIARIO": 0, "PRIMARIA": 0, "SECUNDARIA": 1, "SUPERIOR": 0, "UNIVERSITARIO": 0 }, "geometry": { "type": "Point", "coordinates": [ 3167865.237920864485204, 2027086.616404811386019 ] } },
{ "type": "Feature", "properties": { "centro_codigo": "28039943", "centro_nombre": "CARLOS BOUSOÑO", "centro_tipo_descripcion": "INSTITUTO DE EDUCACIÓN SECUNDARIA", "centro_titularidad": "PÚBLICO", "centro_titular": "COMUNIDAD DE MADRID", "municipio_nombre": "Majadahonda", "distrito_nombre": null, "direccion_coor_x": 427039.0, "direccion_coor_y": 4480543.0, "ARTE": 0, "DANZA": 0, "EDUCACIONADULTA": 0, "EDUCACIONESPECIAL": 0, "FORMACIONPROFESIONAL": 0, "HOSPITALARIA": 0, "IDIOMAS": 0, "INFANTIL": 0, "MILITAR": 0, "MUSICA": 0, "OTRO": 0, "OTRONOEDUCATIVO": 0, "PENITENCIARIO": 0, "PRIMARIA": 0, "SECUNDARIA": 1, "SUPERIOR": 0, "UNIVERSITARIO": 0 }, "geometry": { "type": "Point", "coordinates": [ 3147284.615056935697794, 2038340.767907284898683 ] } },
{ "type": "Feature", "properties": { "centro_codigo": "28039992", "centro_nombre": "LOS ROSALES", "centro_tipo_descripcion": "INSTITUTO DE EDUCACIÓN SECUNDARIA", "centro_titularidad": "PÚBLICO", "centro_titular": "COMUNIDAD DE MADRID", "municipio_nombre": "Móstoles", "distrito_nombre": null, "direccion_coor_x": 426018.0, "direccion_coor_y": 4465388.0, "ARTE": 0, "DANZA": 0, "EDUCACIONADULTA": 0, "EDUCACIONESPECIAL": 0, "FORMACIONPROFESIONAL": 0, "HOSPITALARIA": 0, "IDIOMAS": 0, "INFANTIL": 0, "MILITAR": 0, "MUSICA": 0, "OTRO": 0, "OTRONOEDUCATIVO": 0, "PENITENCIARIO": 0, "PRIMARIA": 0, "SECUNDARIA": 1, "SUPERIOR": 0, "UNIVERSITARIO": 0 }, "geometry": { "type": "Point", "coordinates": [ 3143899.513854342047125, 2023583.874068041797727 ] } },
{ "type": "Feature", "properties": { "centro_codigo": "28040003", "centro_nombre": "BENJAMIN RUA", "centro_tipo_descripcion": "INSTITUTO DE EDUCACIÓN SECUNDARIA", "centro_titularidad": "PÚBLICO", "centro_titular": "COMUNIDAD DE MADRID", "municipio_nombre": "Móstoles", "distrito_nombre": null, "direccion_coor_x": 425978.0, "direccion_coor_y": 4465445.0, "ARTE": 0, "DANZA": 0, "EDUCACIONADULTA": 0, "EDUCACIONESPECIAL": 0, "FORMACIONPROFESIONAL": 0, "HOSPITALARIA": 0, "IDIOMAS": 0, "INFANTIL": 0, "MILITAR": 0, "MUSICA": 0, "OTRO": 0, "OTRONOEDUCATIVO": 0, "PENITENCIARIO": 0, "PRIMARIA": 0, "SECUNDARIA": 1, "SUPERIOR": 0, "UNIVERSITARIO": 0 }, "geometry": { "type": "Point", "coordinates": [ 3143868.927061078138649, 2023646.976401031948626 ] } },
{ "type": "Feature", "properties": { "centro_codigo": "28040027", "centro_nombre": "LUIS DE GONGORA", "centro_tipo_descripcion": "INSTITUTO DE EDUCACIÓN SECUNDARIA", "centro_titularidad": "PÚBLICO", "centro_titular": "COMUNIDAD DE MADRID", "municipio_nombre": "Torrejón de Ardoz", "distrito_nombre": null, "direccion_coor_x": 459903.0, "direccion_coor_y": 4477814.0, "ARTE": 0, "DANZA": 0, "EDUCACIONADULTA": 0, "EDUCACIONESPECIAL": 0, "FORMACIONPROFESIONAL": 0, "HOSPITALARIA": 0, "IDIOMAS": 0, "INFANTIL": 0, "MILITAR": 0, "MUSICA": 0, "OTRO": 0, "OTRONOEDUCATIVO": 0, "PENITENCIARIO": 0, "PRIMARIA": 0, "SECUNDARIA": 1, "SUPERIOR": 0, "UNIVERSITARIO": 0 }, "geometry": { "type": "Point", "coordinates": [ 3179327.123527419753373, 2029965.010982553474605 ] } },
{ "type": "Feature", "properties": { "centro_codigo": "28040416", "centro_nombre": "CENTRO DE FORMACION Y CAPACITACION SOPEÑA MADRID", "centro_tipo_descripcion": "CENTRO PRIVADO DE EDUCACIÓN SECUNDARIA", "centro_titularidad": "PRIVADO", "centro_titular": "FUNDACION DOLORES SOPEÑA", "municipio_nombre": "Madrid", "distrito_nombre": "Puente de Vallecas", "direccion_coor_x": 443550.0, "direccion_coor_y": 4471644.0, "ARTE": 0, "DANZA": 0, "EDUCACIONADULTA": 0, "EDUCACIONESPECIAL": 0, "FORMACIONPROFESIONAL": 0, "HOSPITALARIA": 0, "IDIOMAS": 0, "INFANTIL": 0, "MILITAR": 0, "MUSICA": 0, "OTRO": 0, "OTRONOEDUCATIVO": 0, "PENITENCIARIO": 0, "PRIMARIA": 0, "SECUNDARIA": 1, "SUPERIOR": 0, "UNIVERSITARIO": 0 }, "geometry": { "type": "Point", "coordinates": [ 3162201.533325682394207, 2026711.703736253781244 ] } },
{ "type": "Feature", "properties": { "centro_codigo": "28040519", "centro_nombre": "VILLALKOR", "centro_tipo_descripcion": "CENTRO PRIVADO DE EDUCACIÓN INFANTIL, PRIMARIA Y SECUNDARIA", "centro_titularidad": "PRIVADO CONCERTADO", "centro_titular": "PROSCIENCIA, SOCIEDAD COOPERATIVA MADRILEÑA", "municipio_nombre": "Alcorcón", "distrito_nombre": null, "direccion_coor_x": 426056.0, "direccion_coor_y": 4467511.0, "ARTE": 0, "DANZA": 0, "EDUCACIONADULTA": 0, "EDUCACIONESPECIAL": 0, "FORMACIONPROFESIONAL": 0, "HOSPITALARIA": 0, "IDIOMAS": 0, "INFANTIL": 1, "MILITAR": 0, "MUSICA": 0, "OTRO": 0, "OTRONOEDUCATIVO": 0, "PENITENCIARIO": 0, "PRIMARIA": 1, "SECUNDARIA": 1, "SUPERIOR": 0, "UNIVERSITARIO": 0 }, "geometry": { "type": "Point", "coordinates": [ 3144269.73466335516423, 2025669.246221514185891 ] } },
{ "type": "Feature", "properties": { "centro_codigo": "28040520", "centro_nombre": "ZAZUAR", "centro_tipo_descripcion": "CENTRO PRIVADO DE EDUCACIÓN INFANTIL, PRIMARIA Y SECUNDARIA", "centro_titularidad": "PRIVADO CONCERTADO", "centro_titular": "ZAZUAR,  SDAD. COOP. MADRILEÑA", "municipio_nombre": "Madrid", "distrito_nombre": "Villa de Vallecas", "direccion_coor_x": 448390.0, "direccion_coor_y": 4470279.0, "ARTE": 0, "DANZA": 0, "EDUCACIONADULTA": 0, "EDUCACIONESPECIAL": 0, "FORMACIONPROFESIONAL": 0, "HOSPITALARIA": 0, "IDIOMAS": 0, "INFANTIL": 1, "MILITAR": 0, "MUSICA": 0, "OTRO": 0, "OTRONOEDUCATIVO": 0, "PENITENCIARIO": 0, "PRIMARIA": 1, "SECUNDARIA": 1, "SUPERIOR": 0, "UNIVERSITARIO": 0 }, "geometry": { "type": "Point", "coordinates": [ 3166770.288475938607007, 2024529.619719406357035 ] } },
{ "type": "Feature", "properties": { "centro_codigo": "28040556", "centro_nombre": "MANUEL BARTOLOME COSSIO", "centro_tipo_descripcion": "CENTRO PRIVADO DE EDUCACIÓN INFANTIL, PRIMARIA Y SECUNDARIA", "centro_titularidad": "PRIVADO CONCERTADO", "centro_titular": "COSSIO, SDAD. COOP. MADRILEÑA", "municipio_nombre": "Fuenlabrada", "distrito_nombre": null, "direccion_coor_x": 432564.0, "direccion_coor_y": 4459072.0, "ARTE": 0, "DANZA": 0, "EDUCACIONADULTA": 0, "EDUCACIONESPECIAL": 0, "FORMACIONPROFESIONAL": 0, "HOSPITALARIA": 0, "IDIOMAS": 0, "INFANTIL": 1, "MILITAR": 0, "MUSICA": 0, "OTRO": 0, "OTRONOEDUCATIVO": 0, "PENITENCIARIO": 0, "PRIMARIA": 1, "SECUNDARIA": 1, "SUPERIOR": 0, "UNIVERSITARIO": 0 }, "geometry": { "type": "Point", "coordinates": [ 3149377.958029088564217, 2016225.900758879492059 ] } },
{ "type": "Feature", "properties": { "centro_codigo": "28040611", "centro_nombre": "AL-SATT", "centro_tipo_descripcion": "INSTITUTO DE EDUCACIÓN SECUNDARIA", "centro_titularidad": "PÚBLICO", "centro_titular": "COMUNIDAD DE MADRID", "municipio_nombre": "Algete", "distrito_nombre": null, "direccion_coor_x": 456928.0, "direccion_coor_y": 4494195.0, "ARTE": 0, "DANZA": 0, "EDUCACIONADULTA": 0, "EDUCACIONESPECIAL": 0, "FORMACIONPROFESIONAL": 0, "HOSPITALARIA": 0, "IDIOMAS": 0, "INFANTIL": 0, "MILITAR": 0, "MUSICA": 0, "OTRO": 0, "OTRONOEDUCATIVO": 0, "PENITENCIARIO": 0, "PRIMARIA": 0, "SECUNDARIA": 1, "SUPERIOR": 0, "UNIVERSITARIO": 0 }, "geometry": { "type": "Point", "coordinates": [ 3178955.254940579645336, 2046620.439596535637975 ] } },
{ "type": "Feature", "properties": { "centro_codigo": "28040623", "centro_nombre": "CENTRO EDUCATIVO LA AMISTAD", "centro_tipo_descripcion": "CENTRO PRIVADO DE EDUCACIÓN INFANTIL, PRIMARIA Y SECUNDARIA", "centro_titularidad": "PRIVADO CONCERTADO", "centro_titular": "GESTION Y FORMACION EDUCATIVA LAZARILLO-08, S.L.", "municipio_nombre": "Fuenlabrada", "distrito_nombre": null, "direccion_coor_x": 432295.0, "direccion_coor_y": 4460399.0, "ARTE": 0, "DANZA": 0, "EDUCACIONADULTA": 0, "EDUCACIONESPECIAL": 0, "FORMACIONPROFESIONAL": 0, "HOSPITALARIA": 0, "IDIOMAS": 0, "INFANTIL": 1, "MILITAR": 0, "MUSICA": 0, "OTRO": 0, "OTRONOEDUCATIVO": 0, "PENITENCIARIO": 0, "PRIMARIA": 1, "SECUNDARIA": 1, "SUPERIOR": 0, "UNIVERSITARIO": 0 }, "geometry": { "type": "Point", "coordinates": [ 3149319.88031383883208, 2017580.027751141926274 ] } },
{ "type": "Feature", "properties": { "centro_codigo": "28040660", "centro_nombre": "ALDEBARAN", "centro_tipo_descripcion": "INSTITUTO DE EDUCACIÓN SECUNDARIA", "centro_titularidad": "PÚBLICO", "centro_titular": "COMUNIDAD DE MADRID", "municipio_nombre": "Alcobendas", "distrito_nombre": null, "direccion_coor_x": 444057.0, "direccion_coor_y": 4488252.0, "ARTE": 0, "DANZA": 0, "EDUCACIONADULTA": 0, "EDUCACIONESPECIAL": 0, "FORMACIONPROFESIONAL": 0, "HOSPITALARIA": 0, "IDIOMAS": 0, "INFANTIL": 0, "MILITAR": 0, "MUSICA": 0, "OTRO": 0, "OTRONOEDUCATIVO": 0, "PENITENCIARIO": 0, "PRIMARIA": 0, "SECUNDARIA": 1, "SUPERIOR": 0, "UNIVERSITARIO": 0 }, "geometry": { "type": "Point", "coordinates": [ 3165306.244065311737359, 2042989.514744349522516 ] } },
{ "type": "Feature", "properties": { "centro_codigo": "28040672", "centro_nombre": "GUSTAVO ADOLFO BECQUER", "centro_tipo_descripcion": "INSTITUTO DE EDUCACIÓN SECUNDARIA", "centro_titularidad": "PÚBLICO", "centro_titular": "COMUNIDAD DE MADRID", "municipio_nombre": "Algete", "distrito_nombre": null, "direccion_coor_x": 456928.0, "direccion_coor_y": 4494195.0, "ARTE": 0, "DANZA": 0, "EDUCACIONADULTA": 0, "EDUCACIONESPECIAL": 0, "FORMACIONPROFESIONAL": 0, "HOSPITALARIA": 0, "IDIOMAS": 0, "INFANTIL": 0, "MILITAR": 0, "MUSICA": 0, "OTRO": 0, "OTRONOEDUCATIVO": 0, "PENITENCIARIO": 0, "PRIMARIA": 0, "SECUNDARIA": 1, "SUPERIOR": 0, "UNIVERSITARIO": 0 }, "geometry": { "type": "Point", "coordinates": [ 3178955.254940579645336, 2046620.439596535637975 ] } },
{ "type": "Feature", "properties": { "centro_codigo": "28040684", "centro_nombre": "CARPE DIEM", "centro_tipo_descripcion": "INSTITUTO DE EDUCACIÓN SECUNDARIA", "centro_titularidad": "PÚBLICO", "centro_titular": "COMUNIDAD DE MADRID", "municipio_nombre": "Chinchón", "distrito_nombre": null, "direccion_coor_x": 464693.0, "direccion_coor_y": 4443300.0, "ARTE": 0, "DANZA": 0, "EDUCACIONADULTA": 0, "EDUCACIONESPECIAL": 0, "FORMACIONPROFESIONAL": 0, "HOSPITALARIA": 0, "IDIOMAS": 0, "INFANTIL": 0, "MILITAR": 0, "MUSICA": 0, "OTRO": 0, "OTRONOEDUCATIVO": 0, "PENITENCIARIO": 0, "PRIMARIA": 0, "SECUNDARIA": 1, "SUPERIOR": 0, "UNIVERSITARIO": 0 }, "geometry": { "type": "Point", "coordinates": [ 3178667.911158040165901, 1995134.103015960659832 ] } },
{ "type": "Feature", "properties": { "centro_codigo": "28040696", "centro_nombre": "JOSÉ HIERRO", "centro_tipo_descripcion": "INSTITUTO DE EDUCACIÓN SECUNDARIA", "centro_titularidad": "PÚBLICO", "centro_titular": "COMUNIDAD DE MADRID", "municipio_nombre": "Getafe", "distrito_nombre": null, "direccion_coor_x": 436112.0, "direccion_coor_y": 4460299.0, "ARTE": 0, "DANZA": 0, "EDUCACIONADULTA": 0, "EDUCACIONESPECIAL": 0, "FORMACIONPROFESIONAL": 0, "HOSPITALARIA": 0, "IDIOMAS": 0, "INFANTIL": 0, "MILITAR": 0, "MUSICA": 0, "OTRO": 0, "OTRONOEDUCATIVO": 0, "PENITENCIARIO": 0, "PRIMARIA": 0, "SECUNDARIA": 1, "SUPERIOR": 0, "UNIVERSITARIO": 0 }, "geometry": { "type": "Point", "coordinates": [ 3153075.752654383890331, 2016820.412321088369936 ] } },
{ "type": "Feature", "properties": { "centro_codigo": "28040702", "centro_nombre": "LEON FELIPE", "centro_tipo_descripcion": "INSTITUTO DE EDUCACIÓN SECUNDARIA", "centro_titularidad": "PÚBLICO", "centro_titular": "COMUNIDAD DE MADRID", "municipio_nombre": "Getafe", "distrito_nombre": null, "direccion_coor_x": 437734.0, "direccion_coor_y": 4461273.0, "ARTE": 0, "DANZA": 0, "EDUCACIONADULTA": 0, "EDUCACIONESPECIAL": 0, "FORMACIONPROFESIONAL": 0, "HOSPITALARIA": 0, "IDIOMAS": 0, "INFANTIL": 0, "MILITAR": 0, "MUSICA": 0, "OTRO": 0, "OTRONOEDUCATIVO": 0, "PENITENCIARIO": 0, "PRIMARIA": 0, "SECUNDARIA": 1, "SUPERIOR": 0, "UNIVERSITARIO": 0 }, "geometry": { "type": "Point", "coordinates": [ 3154830.909707881510258, 2017499.292134416289628 ] } },
{ "type": "Feature", "properties": { "centro_codigo": "28040714", "centro_nombre": "DE GUADARRAMA", "centro_tipo_descripcion": "INSTITUTO DE EDUCACIÓN SECUNDARIA", "centro_titularidad": "PÚBLICO", "centro_titular": "COMUNIDAD DE MADRID", "municipio_nombre": "Guadarrama", "distrito_nombre": null, "direccion_coor_x": 408024.0, "direccion_coor_y": 4502165.0, "ARTE": 0, "DANZA": 0, "EDUCACIONADULTA": 0, "EDUCACIONESPECIAL": 0, "FORMACIONPROFESIONAL": 0, "HOSPITALARIA": 0, "IDIOMAS": 0, "INFANTIL": 0, "MILITAR": 0, "MUSICA": 0, "OTRO": 0, "OTRONOEDUCATIVO": 0, "PENITENCIARIO": 0, "PRIMARIA": 0, "SECUNDARIA": 1, "SUPERIOR": 0, "UNIVERSITARIO": 0 }, "geometry": { "type": "Point", "coordinates": [ 3131904.240134602878243, 2062952.208528672344983 ] } },
{ "type": "Feature", "properties": { "centro_codigo": "28040738", "centro_nombre": "SAN NICASIO", "centro_tipo_descripcion": "INSTITUTO DE EDUCACIÓN SECUNDARIA", "centro_titularidad": "PÚBLICO", "centro_titular": "COMUNIDAD DE MADRID", "municipio_nombre": "Leganés", "distrito_nombre": null, "direccion_coor_x": 435202.0, "direccion_coor_y": 4465855.0, "ARTE": 0, "DANZA": 0, "EDUCACIONADULTA": 0, "EDUCACIONESPECIAL": 0, "FORMACIONPROFESIONAL": 0, "HOSPITALARIA": 0, "IDIOMAS": 0, "INFANTIL": 0, "MILITAR": 0, "MUSICA": 0, "OTRO": 0, "OTRONOEDUCATIVO": 0, "PENITENCIARIO": 0, "PRIMARIA": 0, "SECUNDARIA": 1, "SUPERIOR": 0, "UNIVERSITARIO": 0 }, "geometry": { "type": "Point", "coordinates": [ 3153046.436390735208988, 2022452.51385723054409 ] } },
{ "type": "Feature", "properties": { "centro_codigo": "28040741", "centro_nombre": "ITURRALDE", "centro_tipo_descripcion": "INSTITUTO DE EDUCACIÓN SECUNDARIA", "centro_titularidad": "PÚBLICO", "centro_titular": "COMUNIDAD DE MADRID", "municipio_nombre": "Madrid", "distrito_nombre": "Latina", "direccion_coor_x": 436242.0, "direccion_coor_y": 4470828.0, "ARTE": 0, "DANZA": 0, "EDUCACIONADULTA": 0, "EDUCACIONESPECIAL": 0, "FORMACIONPROFESIONAL": 0, "HOSPITALARIA": 0, "IDIOMAS": 0, "INFANTIL": 0, "MILITAR": 0, "MUSICA": 0, "OTRO": 0, "OTRONOEDUCATIVO": 0, "PENITENCIARIO": 0, "PRIMARIA": 0, "SECUNDARIA": 1, "SUPERIOR": 0, "UNIVERSITARIO": 0 }, "geometry": { "type": "Point", "coordinates": [ 3154853.004097159020603, 2027172.613691181410104 ] } },
{ "type": "Feature", "properties": { "centro_codigo": "28040751", "centro_nombre": "VILLA DE VALLECAS", "centro_tipo_descripcion": "INSTITUTO DE EDUCACIÓN SECUNDARIA", "centro_titularidad": "PÚBLICO", "centro_titular": "COMUNIDAD DE MADRID", "municipio_nombre": "Madrid", "distrito_nombre": "Villa de Vallecas", "direccion_coor_x": 446969.0, "direccion_coor_y": 4469551.0, "ARTE": 0, "DANZA": 0, "EDUCACIONADULTA": 0, "EDUCACIONESPECIAL": 0, "FORMACIONPROFESIONAL": 0, "HOSPITALARIA": 0, "IDIOMAS": 0, "INFANTIL": 0, "MILITAR": 0, "MUSICA": 0, "OTRO": 0, "OTRONOEDUCATIVO": 0, "PENITENCIARIO": 0, "PRIMARIA": 0, "SECUNDARIA": 1, "SUPERIOR": 0, "UNIVERSITARIO": 0 }, "geometry": { "type": "Point", "coordinates": [ 3165252.142279995139688, 2024057.999029126483947 ] } },
{ "type": "Feature", "properties": { "centro_codigo": "28040775", "centro_nombre": "SAN JUAN DE LA CRUZ", "centro_tipo_descripcion": "INSTITUTO DE EDUCACIÓN SECUNDARIA", "centro_titularidad": "PÚBLICO", "centro_titular": "COMUNIDAD DE MADRID", "municipio_nombre": "Pozuelo de Alarcón", "distrito_nombre": null, "direccion_coor_x": 430705.0, "direccion_coor_y": 4475846.0, "ARTE": 0, "DANZA": 0, "EDUCACIONADULTA": 0, "EDUCACIONESPECIAL": 0, "FORMACIONPROFESIONAL": 0, "HOSPITALARIA": 0, "IDIOMAS": 0, "INFANTIL": 0, "MILITAR": 0, "MUSICA": 0, "OTRO": 0, "OTRONOEDUCATIVO": 0, "PENITENCIARIO": 0, "PRIMARIA": 0, "SECUNDARIA": 1, "SUPERIOR": 0, "UNIVERSITARIO": 0 }, "geometry": { "type": "Point", "coordinates": [ 3150169.260649324860424, 2033076.609336125198752 ] } },
{ "type": "Feature", "properties": { "centro_codigo": "28040787", "centro_nombre": "EL BURGO-IGNACIO ECHEVERRÍA", "centro_tipo_descripcion": "INSTITUTO DE EDUCACIÓN SECUNDARIA", "centro_titularidad": "PÚBLICO", "centro_titular": "COMUNIDAD DE MADRID", "municipio_nombre": "Rozas de Madrid, Las", "distrito_nombre": null, "direccion_coor_x": 425171.0, "direccion_coor_y": 4482324.0, "ARTE": 0, "DANZA": 0, "EDUCACIONADULTA": 0, "EDUCACIONESPECIAL": 0, "FORMACIONPROFESIONAL": 0, "HOSPITALARIA": 0, "IDIOMAS": 0, "INFANTIL": 0, "MILITAR": 0, "MUSICA": 0, "OTRO": 0, "OTRONOEDUCATIVO": 0, "PENITENCIARIO": 0, "PRIMARIA": 0, "SECUNDARIA": 1, "SUPERIOR": 0, "UNIVERSITARIO": 0 }, "geometry": { "type": "Point", "coordinates": [ 3145718.944148188456893, 2040419.86060912697576 ] } },
{ "type": "Feature", "properties": { "centro_codigo": "28040799", "centro_nombre": "JULIO PALACIOS", "centro_tipo_descripcion": "INSTITUTO DE EDUCACIÓN SECUNDARIA", "centro_titularidad": "PÚBLICO", "centro_titular": "COMUNIDAD DE MADRID", "municipio_nombre": "San Sebastián de los Reyes", "distrito_nombre": null, "direccion_coor_x": 447655.0, "direccion_coor_y": 4488271.0, "ARTE": 0, "DANZA": 0, "EDUCACIONADULTA": 0, "EDUCACIONESPECIAL": 0, "FORMACIONPROFESIONAL": 0, "HOSPITALARIA": 0, "IDIOMAS": 0, "INFANTIL": 0, "MILITAR": 0, "MUSICA": 0, "OTRO": 0, "OTRONOEDUCATIVO": 0, "PENITENCIARIO": 0, "PRIMARIA": 0, "SECUNDARIA": 1, "SUPERIOR": 0, "UNIVERSITARIO": 0 }, "geometry": { "type": "Point", "coordinates": [ 3168863.935803201049566, 2042385.754915883066133 ] } },
{ "type": "Feature", "properties": { "centro_codigo": "28041101", "centro_nombre": "ZOLA-ROZAS", "centro_tipo_descripcion": "CENTRO PRIVADO DE EDUCACIÓN INFANTIL, PRIMARIA Y SECUNDARIA", "centro_titularidad": "PRIVADO CONCERTADO", "centro_titular": "GRUPO ZOLA EDUCACION, S.L. UNIPERSONAL", "municipio_nombre": "Rozas de Madrid, Las", "distrito_nombre": null, "direccion_coor_x": 422548.0, "direccion_coor_y": 4485066.0, "ARTE": 0, "DANZA": 0, "EDUCACIONADULTA": 0, "EDUCACIONESPECIAL": 0, "FORMACIONPROFESIONAL": 0, "HOSPITALARIA": 0, "IDIOMAS": 0, "INFANTIL": 1, "MILITAR": 0, "MUSICA": 0, "OTRO": 0, "OTRONOEDUCATIVO": 0, "PENITENCIARIO": 0, "PRIMARIA": 1, "SECUNDARIA": 1, "SUPERIOR": 0, "UNIVERSITARIO": 0 }, "geometry": { "type": "Point", "coordinates": [ 3143558.60339972935617, 2043577.12952865101397 ] } },
{ "type": "Feature", "properties": { "centro_codigo": "28041275", "centro_nombre": "LOS NARANJOS", "centro_tipo_descripcion": "CENTRO PRIVADO DE EDUCACIÓN INFANTIL, PRIMARIA Y SECUNDARIA", "centro_titularidad": "PRIVADO CONCERTADO", "centro_titular": "DAFNE SDAD. COOP. MADRILEÑA", "municipio_nombre": "Fuenlabrada", "distrito_nombre": null, "direccion_coor_x": 431644.0, "direccion_coor_y": 4461275.0, "ARTE": 0, "DANZA": 0, "EDUCACIONADULTA": 0, "EDUCACIONESPECIAL": 0, "FORMACIONPROFESIONAL": 0, "HOSPITALARIA": 0, "IDIOMAS": 0, "INFANTIL": 1, "MILITAR": 0, "MUSICA": 0, "OTRO": 0, "OTRONOEDUCATIVO": 0, "PENITENCIARIO": 0, "PRIMARIA": 1, "SECUNDARIA": 1, "SUPERIOR": 0, "UNIVERSITARIO": 0 }, "geometry": { "type": "Point", "coordinates": [ 3148813.795264191925526, 2018555.963792081456631 ] } },
{ "type": "Feature", "properties": { "centro_codigo": "28041287", "centro_nombre": "CENTRO EDUCATIVO PUNTA GALEA", "centro_tipo_descripcion": "CENTRO PRIVADO DE EDUCACIÓN INFANTIL, PRIMARIA Y SECUNDARIA", "centro_titularidad": "PRIVADO CONCERTADO", "centro_titular": "PUNTA GALEA S.A.", "municipio_nombre": "Rozas de Madrid, Las", "distrito_nombre": null, "direccion_coor_x": 423783.0, "direccion_coor_y": 4487736.0, "ARTE": 0, "DANZA": 0, "EDUCACIONADULTA": 0, "EDUCACIONESPECIAL": 0, "FORMACIONPROFESIONAL": 0, "HOSPITALARIA": 0, "IDIOMAS": 0, "INFANTIL": 1, "MILITAR": 0, "MUSICA": 0, "OTRO": 0, "OTRONOEDUCATIVO": 0, "PENITENCIARIO": 0, "PRIMARIA": 1, "SECUNDARIA": 1, "SUPERIOR": 0, "UNIVERSITARIO": 0 }, "geometry": { "type": "Point", "coordinates": [ 3145197.831843124702573, 2045994.100428819190711 ] } },
{ "type": "Feature", "properties": { "centro_codigo": "28041342", "centro_nombre": "ALBANTA", "centro_tipo_descripcion": "CENTRO PRIVADO DE EDUCACIÓN INFANTIL, PRIMARIA Y SECUNDARIA", "centro_titularidad": "PRIVADO CONCERTADO", "centro_titular": "LIS, SDAD. COOP. MADRILEÑA", "municipio_nombre": "Fuenlabrada", "distrito_nombre": null, "direccion_coor_x": 431481.0, "direccion_coor_y": 4458987.0, "ARTE": 0, "DANZA": 0, "EDUCACIONADULTA": 0, "EDUCACIONESPECIAL": 0, "FORMACIONPROFESIONAL": 0, "HOSPITALARIA": 0, "IDIOMAS": 0, "INFANTIL": 1, "MILITAR": 0, "MUSICA": 0, "OTRO": 0, "OTRONOEDUCATIVO": 0, "PENITENCIARIO": 0, "PRIMARIA": 1, "SECUNDARIA": 1, "SUPERIOR": 0, "UNIVERSITARIO": 0 }, "geometry": { "type": "Point", "coordinates": [ 3148294.570881912950426, 2016329.769026723923162 ] } },
{ "type": "Feature", "properties": { "centro_codigo": "28041354", "centro_nombre": "AGORA", "centro_tipo_descripcion": "INSTITUTO DE EDUCACIÓN SECUNDARIA", "centro_titularidad": "PÚBLICO", "centro_titular": "COMUNIDAD DE MADRID", "municipio_nombre": "Alcobendas", "distrito_nombre": null, "direccion_coor_x": 445609.0, "direccion_coor_y": 4489257.0, "ARTE": 0, "DANZA": 0, "EDUCACIONADULTA": 0, "EDUCACIONESPECIAL": 0, "FORMACIONPROFESIONAL": 0, "HOSPITALARIA": 0, "IDIOMAS": 0, "INFANTIL": 0, "MILITAR": 0, "MUSICA": 0, "OTRO": 0, "OTRONOEDUCATIVO": 0, "PENITENCIARIO": 0, "PRIMARIA": 0, "SECUNDARIA": 1, "SUPERIOR": 0, "UNIVERSITARIO": 0 }, "geometry": { "type": "Point", "coordinates": [ 3166997.25483059277758, 2043711.338976918719709 ] } },
{ "type": "Feature", "properties": { "centro_codigo": "28041366", "centro_nombre": "EL PINAR", "centro_tipo_descripcion": "INSTITUTO DE EDUCACIÓN SECUNDARIA", "centro_titularidad": "PÚBLICO", "centro_titular": "COMUNIDAD DE MADRID", "municipio_nombre": "Alcorcón", "distrito_nombre": null, "direccion_coor_x": 429974.0, "direccion_coor_y": 4465799.0, "ARTE": 0, "DANZA": 0, "EDUCACIONADULTA": 0, "EDUCACIONESPECIAL": 0, "FORMACIONPROFESIONAL": 0, "HOSPITALARIA": 0, "IDIOMAS": 0, "INFANTIL": 0, "MILITAR": 0, "MUSICA": 0, "OTRO": 0, "OTRONOEDUCATIVO": 0, "PENITENCIARIO": 0, "PRIMARIA": 0, "SECUNDARIA": 1, "SUPERIOR": 0, "UNIVERSITARIO": 0 }, "geometry": { "type": "Point", "coordinates": [ 3147872.304443237371743, 2023303.073009758954868 ] } },
{ "type": "Feature", "properties": { "centro_codigo": "28041378", "centro_nombre": "PROFESOR MAXIMO TRUEBA", "centro_tipo_descripcion": "INSTITUTO DE EDUCACIÓN SECUNDARIA", "centro_titularidad": "PÚBLICO", "centro_titular": "COMUNIDAD DE MADRID", "municipio_nombre": "Boadilla del Monte", "distrito_nombre": null, "direccion_coor_x": 425185.0, "direccion_coor_y": 4473217.0, "ARTE": 0, "DANZA": 0, "EDUCACIONADULTA": 0, "EDUCACIONESPECIAL": 0, "FORMACIONPROFESIONAL": 0, "HOSPITALARIA": 0, "IDIOMAS": 0, "INFANTIL": 0, "MILITAR": 0, "MUSICA": 0, "OTRO": 0, "OTRONOEDUCATIVO": 0, "PENITENCIARIO": 0, "PRIMARIA": 0, "SECUNDARIA": 1, "SUPERIOR": 0, "UNIVERSITARIO": 0 }, "geometry": { "type": "Point", "coordinates": [ 3144303.828504126518965, 2031443.001531184883788 ] } },
{ "type": "Feature", "properties": { "centro_codigo": "28041381", "centro_nombre": "DE LA CABRERA", "centro_tipo_descripcion": "INSTITUTO DE EDUCACIÓN SECUNDARIA", "centro_titularidad": "PÚBLICO", "centro_titular": "COMUNIDAD DE MADRID", "municipio_nombre": "Cabrera, La", "distrito_nombre": null, "direccion_coor_x": 448552.0, "direccion_coor_y": 4524164.0, "ARTE": 0, "DANZA": 0, "EDUCACIONADULTA": 0, "EDUCACIONESPECIAL": 0, "FORMACIONPROFESIONAL": 0, "HOSPITALARIA": 0, "IDIOMAS": 0, "INFANTIL": 0, "MILITAR": 0, "MUSICA": 0, "OTRO": 0, "OTRONOEDUCATIVO": 0, "PENITENCIARIO": 0, "PRIMARIA": 0, "SECUNDARIA": 1, "SUPERIOR": 0, "UNIVERSITARIO": 0 }, "geometry": { "type": "Point", "coordinates": [ 3175392.367194307502359, 2077604.003730200696737 ] } },
{ "type": "Feature", "properties": { "centro_codigo": "28041391", "centro_nombre": "ANTONIO GAUDI", "centro_tipo_descripcion": "INSTITUTO DE EDUCACIÓN SECUNDARIA", "centro_titularidad": "PÚBLICO", "centro_titular": "COMUNIDAD DE MADRID", "municipio_nombre": "Coslada", "distrito_nombre": null, "direccion_coor_x": 454300.0, "direccion_coor_y": 4474904.0, "ARTE": 0, "DANZA": 0, "EDUCACIONADULTA": 0, "EDUCACIONESPECIAL": 0, "FORMACIONPROFESIONAL": 0, "HOSPITALARIA": 0, "IDIOMAS": 0, "INFANTIL": 0, "MILITAR": 0, "MUSICA": 0, "OTRO": 0, "OTRONOEDUCATIVO": 0, "PENITENCIARIO": 0, "PRIMARIA": 0, "SECUNDARIA": 1, "SUPERIOR": 0, "UNIVERSITARIO": 0 }, "geometry": { "type": "Point", "coordinates": [ 3173334.558987519703805, 2028065.370637843618169 ] } },
{ "type": "Feature", "properties": { "centro_codigo": "28041411", "centro_nombre": "ALTAIR", "centro_tipo_descripcion": "INSTITUTO DE EDUCACIÓN SECUNDARIA", "centro_titularidad": "PÚBLICO", "centro_titular": "COMUNIDAD DE MADRID", "municipio_nombre": "Getafe", "distrito_nombre": null, "direccion_coor_x": 437002.0, "direccion_coor_y": 4463015.0, "ARTE": 0, "DANZA": 0, "EDUCACIONADULTA": 0, "EDUCACIONESPECIAL": 0, "FORMACIONPROFESIONAL": 0, "HOSPITALARIA": 0, "IDIOMAS": 0, "INFANTIL": 0, "MILITAR": 0, "MUSICA": 0, "OTRO": 0, "OTRONOEDUCATIVO": 0, "PENITENCIARIO": 0, "PRIMARIA": 0, "SECUNDARIA": 1, "SUPERIOR": 0, "UNIVERSITARIO": 0 }, "geometry": { "type": "Point", "coordinates": [ 3154380.284624085295945, 2019342.455265838187188 ] } },
{ "type": "Feature", "properties": { "centro_codigo": "28041433", "centro_nombre": "JUANA DE CASTILLA", "centro_tipo_descripcion": "INSTITUTO DE EDUCACIÓN SECUNDARIA", "centro_titularidad": "PÚBLICO", "centro_titular": "COMUNIDAD DE MADRID", "municipio_nombre": "Madrid", "distrito_nombre": "Moratalaz", "direccion_coor_x": 446275.0, "direccion_coor_y": 4472184.0, "ARTE": 0, "DANZA": 0, "EDUCACIONADULTA": 0, "EDUCACIONESPECIAL": 0, "FORMACIONPROFESIONAL": 0, "HOSPITALARIA": 0, "IDIOMAS": 0, "INFANTIL": 0, "MILITAR": 0, "MUSICA": 0, "OTRO": 0, "OTRONOEDUCATIVO": 0, "PENITENCIARIO": 0, "PRIMARIA": 0, "SECUNDARIA": 1, "SUPERIOR": 0, "UNIVERSITARIO": 0 }, "geometry": { "type": "Point", "coordinates": [ 3164978.694538516923785, 2026772.426630210131407 ] } },
{ "type": "Feature", "properties": { "centro_codigo": "28041445", "centro_nombre": "MIGUEL DELIBES", "centro_tipo_descripcion": "INSTITUTO DE EDUCACIÓN SECUNDARIA", "centro_titularidad": "PÚBLICO", "centro_titular": "COMUNIDAD DE MADRID", "municipio_nombre": "Mejorada del Campo", "distrito_nombre": null, "direccion_coor_x": 458918.0, "direccion_coor_y": 4471227.0, "ARTE": 0, "DANZA": 0, "EDUCACIONADULTA": 0, "EDUCACIONESPECIAL": 0, "FORMACIONPROFESIONAL": 0, "HOSPITALARIA": 0, "IDIOMAS": 0, "INFANTIL": 0, "MILITAR": 0, "MUSICA": 0, "OTRO": 0, "OTRONOEDUCATIVO": 0, "PENITENCIARIO": 0, "PRIMARIA": 0, "SECUNDARIA": 1, "SUPERIOR": 0, "UNIVERSITARIO": 0 }, "geometry": { "type": "Point", "coordinates": [ 3177322.548885329626501, 2023644.756610570242628 ] } },
{ "type": "Feature", "properties": { "centro_codigo": "28041470", "centro_nombre": "PROFESOR ANGEL YSERN", "centro_tipo_descripcion": "INSTITUTO DE EDUCACIÓN SECUNDARIA", "centro_titularidad": "PÚBLICO", "centro_titular": "COMUNIDAD DE MADRID", "municipio_nombre": "Navalcarnero", "distrito_nombre": null, "direccion_coor_x": 414098.0, "direccion_coor_y": 4460786.0, "ARTE": 0, "DANZA": 0, "EDUCACIONADULTA": 0, "EDUCACIONESPECIAL": 0, "FORMACIONPROFESIONAL": 0, "HOSPITALARIA": 0, "IDIOMAS": 0, "INFANTIL": 0, "MILITAR": 0, "MUSICA": 0, "OTRO": 0, "OTRONOEDUCATIVO": 0, "PENITENCIARIO": 0, "PRIMARIA": 0, "SECUNDARIA": 1, "SUPERIOR": 0, "UNIVERSITARIO": 0 }, "geometry": { "type": "Point", "coordinates": [ 3131402.668388798832893, 2021117.66632184619084 ] } },
{ "type": "Feature", "properties": { "centro_codigo": "28041482", "centro_nombre": "LA LAGUNA", "centro_tipo_descripcion": "INSTITUTO DE EDUCACIÓN SECUNDARIA", "centro_titularidad": "PÚBLICO", "centro_titular": "COMUNIDAD DE MADRID", "municipio_nombre": "Parla", "distrito_nombre": null, "direccion_coor_x": 434308.0, "direccion_coor_y": 4455253.0, "ARTE": 0, "DANZA": 0, "EDUCACIONADULTA": 0, "EDUCACIONESPECIAL": 0, "FORMACIONPROFESIONAL": 0, "HOSPITALARIA": 0, "IDIOMAS": 0, "INFANTIL": 0, "MILITAR": 0, "MUSICA": 0, "OTRO": 0, "OTRONOEDUCATIVO": 0, "PENITENCIARIO": 0, "PRIMARIA": 0, "SECUNDARIA": 1, "SUPERIOR": 0, "UNIVERSITARIO": 0 }, "geometry": { "type": "Point", "coordinates": [ 3150503.637599105481058, 2012160.940657314844429 ] } },
{ "type": "Feature", "properties": { "centro_codigo": "28041494", "centro_nombre": "LAS LAGUNAS", "centro_tipo_descripcion": "INSTITUTO DE EDUCACIÓN SECUNDARIA", "centro_titularidad": "PÚBLICO", "centro_titular": "COMUNIDAD DE MADRID", "municipio_nombre": "Rivas-Vaciamadrid", "distrito_nombre": null, "direccion_coor_x": 453482.0, "direccion_coor_y": 4468126.0, "ARTE": 0, "DANZA": 0, "EDUCACIONADULTA": 0, "EDUCACIONESPECIAL": 0, "FORMACIONPROFESIONAL": 0, "HOSPITALARIA": 0, "IDIOMAS": 0, "INFANTIL": 0, "MILITAR": 0, "MUSICA": 0, "OTRO": 0, "OTRONOEDUCATIVO": 0, "PENITENCIARIO": 0, "PRIMARIA": 0, "SECUNDARIA": 1, "SUPERIOR": 0, "UNIVERSITARIO": 0 }, "geometry": { "type": "Point", "coordinates": [ 3171465.168099207803607, 2021528.169767270097509 ] } },
{ "type": "Feature", "properties": { "centro_codigo": "28041500", "centro_nombre": "PALAS ATENEA", "centro_tipo_descripcion": "INSTITUTO DE EDUCACIÓN SECUNDARIA", "centro_titularidad": "PÚBLICO", "centro_titular": "COMUNIDAD DE MADRID", "municipio_nombre": "Torrejón de Ardoz", "distrito_nombre": null, "direccion_coor_x": 461191.0, "direccion_coor_y": 4479344.0, "ARTE": 0, "DANZA": 0, "EDUCACIONADULTA": 0, "EDUCACIONESPECIAL": 0, "FORMACIONPROFESIONAL": 0, "HOSPITALARIA": 0, "IDIOMAS": 0, "INFANTIL": 0, "MILITAR": 0, "MUSICA": 0, "OTRO": 0, "OTRONOEDUCATIVO": 0, "PENITENCIARIO": 0, "PRIMARIA": 0, "SECUNDARIA": 1, "SUPERIOR": 0, "UNIVERSITARIO": 0 }, "geometry": { "type": "Point", "coordinates": [ 3180839.549349554814398, 2031250.22294838540256 ] } },
{ "type": "Feature", "properties": { "centro_codigo": "28041512", "centro_nombre": "CALATALIFA", "centro_tipo_descripcion": "INSTITUTO DE EDUCACIÓN SECUNDARIA", "centro_titularidad": "PÚBLICO", "centro_titular": "COMUNIDAD DE MADRID", "municipio_nombre": "Villaviciosa de Odón", "distrito_nombre": null, "direccion_coor_x": 423389.0, "direccion_coor_y": 4467516.0, "ARTE": 0, "DANZA": 0, "EDUCACIONADULTA": 0, "EDUCACIONESPECIAL": 0, "FORMACIONPROFESIONAL": 0, "HOSPITALARIA": 0, "IDIOMAS": 0, "INFANTIL": 0, "MILITAR": 0, "MUSICA": 0, "OTRO": 0, "OTRONOEDUCATIVO": 0, "PENITENCIARIO": 0, "PRIMARIA": 0, "SECUNDARIA": 1, "SUPERIOR": 0, "UNIVERSITARIO": 0 }, "geometry": { "type": "Point", "coordinates": [ 3141635.756831490900367, 2026136.724784595659003 ] } },
{ "type": "Feature", "properties": { "centro_codigo": "28041536", "centro_nombre": "TORRENTE BALLESTER", "centro_tipo_descripcion": "CENTRO PRIVADO DE EDUCACIÓN INFANTIL, PRIMARIA Y SECUNDARIA", "centro_titularidad": "PRIVADO CONCERTADO", "centro_titular": "LA CANTOÑA SDAD. COOP. MADRILEÑA LIMITADA", "municipio_nombre": "Parla", "distrito_nombre": null, "direccion_coor_x": 434349.0, "direccion_coor_y": 4455050.0, "ARTE": 0, "DANZA": 0, "EDUCACIONADULTA": 0, "EDUCACIONESPECIAL": 0, "FORMACIONPROFESIONAL": 0, "HOSPITALARIA": 0, "IDIOMAS": 0, "INFANTIL": 1, "MILITAR": 0, "MUSICA": 0, "OTRO": 0, "OTRONOEDUCATIVO": 0, "PENITENCIARIO": 0, "PRIMARIA": 1, "SECUNDARIA": 1, "SUPERIOR": 0, "UNIVERSITARIO": 0 }, "geometry": { "type": "Point", "coordinates": [ 3150512.39545904379338, 2011953.825519867241383 ] } },
{ "type": "Feature", "properties": { "centro_codigo": "28041597", "centro_nombre": "LAS CANTERAS", "centro_tipo_descripcion": "INSTITUTO DE EDUCACIÓN SECUNDARIA", "centro_titularidad": "PÚBLICO", "centro_titular": "COMUNIDAD DE MADRID", "municipio_nombre": "Collado Villalba", "distrito_nombre": null, "direccion_coor_x": 415452.0, "direccion_coor_y": 4499222.0, "ARTE": 0, "DANZA": 0, "EDUCACIONADULTA": 0, "EDUCACIONESPECIAL": 0, "FORMACIONPROFESIONAL": 0, "HOSPITALARIA": 0, "IDIOMAS": 0, "INFANTIL": 0, "MILITAR": 0, "MUSICA": 0, "OTRO": 0, "OTRONOEDUCATIVO": 0, "PENITENCIARIO": 0, "PRIMARIA": 0, "SECUNDARIA": 1, "SUPERIOR": 0, "UNIVERSITARIO": 0 }, "geometry": { "type": "Point", "coordinates": [ 3138775.852104119490832, 2058760.468242015922442 ] } },
{ "type": "Feature", "properties": { "centro_codigo": "28041615", "centro_nombre": "SATAFI", "centro_tipo_descripcion": "INSTITUTO DE EDUCACIÓN SECUNDARIA", "centro_titularidad": "PÚBLICO", "centro_titular": "COMUNIDAD DE MADRID", "municipio_nombre": "Getafe", "distrito_nombre": null, "direccion_coor_x": 439484.0, "direccion_coor_y": 4462658.0, "ARTE": 0, "DANZA": 0, "EDUCACIONADULTA": 0, "EDUCACIONESPECIAL": 0, "FORMACIONPROFESIONAL": 0, "HOSPITALARIA": 0, "IDIOMAS": 0, "INFANTIL": 0, "MILITAR": 0, "MUSICA": 0, "OTRO": 0, "OTRONOEDUCATIVO": 0, "PENITENCIARIO": 0, "PRIMARIA": 0, "SECUNDARIA": 1, "SUPERIOR": 0, "UNIVERSITARIO": 0 }, "geometry": { "type": "Point", "coordinates": [ 3156776.891867347061634, 2018561.041819353587925 ] } },
{ "type": "Feature", "properties": { "centro_codigo": "28041858", "centro_nombre": "BRA-INSTITUCION", "centro_tipo_descripcion": "CENTRO PRIVADO DE EDUCACIÓN INFANTIL, PRIMARIA Y SECUNDARIA", "centro_titularidad": "PRIVADO", "centro_titular": "COLEGIO BRAINS, S.L.", "municipio_nombre": "Madrid", "distrito_nombre": "San Blas-Canillejas", "direccion_coor_x": 445891.0, "direccion_coor_y": 4477206.0, "ARTE": 0, "DANZA": 0, "EDUCACIONADULTA": 0, "EDUCACIONESPECIAL": 0, "FORMACIONPROFESIONAL": 0, "HOSPITALARIA": 0, "IDIOMAS": 0, "INFANTIL": 1, "MILITAR": 0, "MUSICA": 0, "OTRO": 0, "OTRONOEDUCATIVO": 0, "PENITENCIARIO": 0, "PRIMARIA": 1, "SECUNDARIA": 1, "SUPERIOR": 0, "UNIVERSITARIO": 0 }, "geometry": { "type": "Point", "coordinates": [ 3165386.049180127680302, 2031787.350765191717073 ] } },
{ "type": "Feature", "properties": { "centro_codigo": "28041895", "centro_nombre": "CENTRO EDUCATIVO ZOLA", "centro_tipo_descripcion": "CENTRO PRIVADO DE EDUCACIÓN INFANTIL, PRIMARIA Y SECUNDARIA", "centro_titularidad": "PRIVADO CONCERTADO", "centro_titular": "CENTRO EDUCATIVO ZOLA, S.A.", "municipio_nombre": "Villanueva de la Cañada", "distrito_nombre": null, "direccion_coor_x": 418831.0, "direccion_coor_y": 4479926.0, "ARTE": 0, "DANZA": 0, "EDUCACIONADULTA": 0, "EDUCACIONESPECIAL": 0, "FORMACIONPROFESIONAL": 0, "HOSPITALARIA": 0, "IDIOMAS": 0, "INFANTIL": 1, "MILITAR": 0, "MUSICA": 0, "OTRO": 0, "OTRONOEDUCATIVO": 0, "PENITENCIARIO": 0, "PRIMARIA": 1, "SECUNDARIA": 1, "SUPERIOR": 0, "UNIVERSITARIO": 0 }, "geometry": { "type": "Point", "coordinates": [ 3139080.081865934189409, 2039156.913211631122977 ] } },
{ "type": "Feature", "properties": { "centro_codigo": "28041901", "centro_nombre": "SAN PATRICIO DEL SOTO", "centro_tipo_descripcion": "CENTRO PRIVADO DE EDUCACIÓN SECUNDARIA", "centro_titularidad": "PRIVADO", "centro_titular": "INSDE, S.L.U.", "municipio_nombre": "Alcobendas", "distrito_nombre": null, "direccion_coor_x": 445640.0, "direccion_coor_y": 4485799.0, "ARTE": 0, "DANZA": 0, "EDUCACIONADULTA": 0, "EDUCACIONESPECIAL": 0, "FORMACIONPROFESIONAL": 0, "HOSPITALARIA": 0, "IDIOMAS": 0, "INFANTIL": 0, "MILITAR": 0, "MUSICA": 0, "OTRO": 0, "OTRONOEDUCATIVO": 0, "PENITENCIARIO": 0, "PRIMARIA": 0, "SECUNDARIA": 1, "SUPERIOR": 0, "UNIVERSITARIO": 0 }, "geometry": { "type": "Point", "coordinates": [ 3166485.339101764373481, 2040298.339880218030885 ] } },
{ "type": "Feature", "properties": { "centro_codigo": "28041913", "centro_nombre": "T.E.M.S.", "centro_tipo_descripcion": "CENTRO PRIVADO DE EDUCACIÓN SECUNDARIA", "centro_titularidad": "PRIVADO", "centro_titular": "THE ENGLISH MONTESSORI SCHOOL, S.A.", "municipio_nombre": "Madrid", "distrito_nombre": "Moncloa-Aravaca", "direccion_coor_x": 433916.0, "direccion_coor_y": 4479843.0, "ARTE": 0, "DANZA": 0, "EDUCACIONADULTA": 0, "EDUCACIONESPECIAL": 0, "FORMACIONPROFESIONAL": 0, "HOSPITALARIA": 0, "IDIOMAS": 0, "INFANTIL": 0, "MILITAR": 0, "MUSICA": 0, "OTRO": 0, "OTRONOEDUCATIVO": 0, "PENITENCIARIO": 0, "PRIMARIA": 0, "SECUNDARIA": 1, "SUPERIOR": 0, "UNIVERSITARIO": 0 }, "geometry": { "type": "Point", "coordinates": [ 3153968.341124193742871, 2036458.918612864334136 ] } },
{ "type": "Feature", "properties": { "centro_codigo": "28042000", "centro_nombre": "IGNACIO ELLACURIA", "centro_tipo_descripcion": "INSTITUTO DE EDUCACIÓN SECUNDARIA", "centro_titularidad": "PÚBLICO", "centro_titular": "COMUNIDAD DE MADRID", "municipio_nombre": "Alcalá de Henares", "distrito_nombre": null, "direccion_coor_x": 469944.0, "direccion_coor_y": 4482770.0, "ARTE": 0, "DANZA": 0, "EDUCACIONADULTA": 0, "EDUCACIONESPECIAL": 0, "FORMACIONPROFESIONAL": 0, "HOSPITALARIA": 0, "IDIOMAS": 0, "INFANTIL": 0, "MILITAR": 0, "MUSICA": 0, "OTRO": 0, "OTRONOEDUCATIVO": 0, "PENITENCIARIO": 0, "PRIMARIA": 0, "SECUNDARIA": 1, "SUPERIOR": 0, "UNIVERSITARIO": 0 }, "geometry": { "type": "Point", "coordinates": [ 3190026.17644768115133, 2033115.825738156912848 ] } },
{ "type": "Feature", "properties": { "centro_codigo": "28042012", "centro_nombre": "MARIA GUERRERO", "centro_tipo_descripcion": "INSTITUTO DE EDUCACIÓN SECUNDARIA", "centro_titularidad": "PÚBLICO", "centro_titular": "COMUNIDAD DE MADRID", "municipio_nombre": "Collado Villalba", "distrito_nombre": null, "direccion_coor_x": 415056.0, "direccion_coor_y": 4497533.0, "ARTE": 0, "DANZA": 0, "EDUCACIONADULTA": 0, "EDUCACIONESPECIAL": 0, "FORMACIONPROFESIONAL": 0, "HOSPITALARIA": 0, "IDIOMAS": 0, "INFANTIL": 0, "MILITAR": 0, "MUSICA": 0, "OTRO": 0, "OTRONOEDUCATIVO": 0, "PENITENCIARIO": 0, "PRIMARIA": 0, "SECUNDARIA": 1, "SUPERIOR": 0, "UNIVERSITARIO": 0 }, "geometry": { "type": "Point", "coordinates": [ 3138119.027811910025775, 2057164.624564285157248 ] } },
{ "type": "Feature", "properties": { "centro_codigo": "28042024", "centro_nombre": "PABLO NERUDA", "centro_tipo_descripcion": "INSTITUTO DE EDUCACIÓN SECUNDARIA", "centro_titularidad": "PÚBLICO", "centro_titular": "COMUNIDAD DE MADRID", "municipio_nombre": "Leganés", "distrito_nombre": null, "direccion_coor_x": 436672.0, "direccion_coor_y": 4464536.0, "ARTE": 0, "DANZA": 0, "EDUCACIONADULTA": 0, "EDUCACIONESPECIAL": 0, "FORMACIONPROFESIONAL": 0, "HOSPITALARIA": 0, "IDIOMAS": 0, "INFANTIL": 0, "MILITAR": 0, "MUSICA": 0, "OTRO": 0, "OTRONOEDUCATIVO": 0, "PENITENCIARIO": 0, "PRIMARIA": 0, "SECUNDARIA": 1, "SUPERIOR": 0, "UNIVERSITARIO": 0 }, "geometry": { "type": "Point", "coordinates": [ 3154292.343202158808708, 2020898.286696105729789 ] } },
{ "type": "Feature", "properties": { "centro_codigo": "28042036", "centro_nombre": "GABRIEL GARCIA MARQUEZ", "centro_tipo_descripcion": "INSTITUTO DE EDUCACIÓN SECUNDARIA", "centro_titularidad": "PÚBLICO", "centro_titular": "COMUNIDAD DE MADRID", "municipio_nombre": "Leganés", "distrito_nombre": null, "direccion_coor_x": 436048.0, "direccion_coor_y": 4464403.0, "ARTE": 0, "DANZA": 0, "EDUCACIONADULTA": 0, "EDUCACIONESPECIAL": 0, "FORMACIONPROFESIONAL": 0, "HOSPITALARIA": 0, "IDIOMAS": 0, "INFANTIL": 0, "MILITAR": 0, "MUSICA": 0, "OTRO": 0, "OTRONOEDUCATIVO": 0, "PENITENCIARIO": 0, "PRIMARIA": 0, "SECUNDARIA": 1, "SUPERIOR": 0, "UNIVERSITARIO": 0 }, "geometry": { "type": "Point", "coordinates": [ 3153654.960581410676241, 2020875.285808467306197 ] } },
{ "type": "Feature", "properties": { "centro_codigo": "28042048", "centro_nombre": "JOAQUIN ARAUJO", "centro_tipo_descripcion": "INSTITUTO DE EDUCACIÓN SECUNDARIA", "centro_titularidad": "PÚBLICO", "centro_titular": "COMUNIDAD DE MADRID", "municipio_nombre": "Fuenlabrada", "distrito_nombre": null, "direccion_coor_x": 433020.0, "direccion_coor_y": 4458926.0, "ARTE": 0, "DANZA": 0, "EDUCACIONADULTA": 0, "EDUCACIONESPECIAL": 0, "FORMACIONPROFESIONAL": 0, "HOSPITALARIA": 0, "IDIOMAS": 0, "INFANTIL": 0, "MILITAR": 0, "MUSICA": 0, "OTRO": 0, "OTRONOEDUCATIVO": 0, "PENITENCIARIO": 0, "PRIMARIA": 0, "SECUNDARIA": 1, "SUPERIOR": 0, "UNIVERSITARIO": 0 }, "geometry": { "type": "Point", "coordinates": [ 3149805.672609108500183, 2016003.054019854869694 ] } },
{ "type": "Feature", "properties": { "centro_codigo": "28042051", "centro_nombre": "DOLORES IBARRURI", "centro_tipo_descripcion": "INSTITUTO DE EDUCACIÓN SECUNDARIA", "centro_titularidad": "PÚBLICO", "centro_titular": "COMUNIDAD DE MADRID", "municipio_nombre": "Fuenlabrada", "distrito_nombre": null, "direccion_coor_x": 432286.0, "direccion_coor_y": 4458780.0, "ARTE": 0, "DANZA": 0, "EDUCACIONADULTA": 0, "EDUCACIONESPECIAL": 0, "FORMACIONPROFESIONAL": 0, "HOSPITALARIA": 0, "IDIOMAS": 0, "INFANTIL": 0, "MILITAR": 0, "MUSICA": 0, "OTRO": 0, "OTRONOEDUCATIVO": 0, "PENITENCIARIO": 0, "PRIMARIA": 0, "SECUNDARIA": 1, "SUPERIOR": 0, "UNIVERSITARIO": 0 }, "geometry": { "type": "Point", "coordinates": [ 3149057.569962385110557, 2015986.345463941572234 ] } },
{ "type": "Feature", "properties": { "centro_codigo": "28042061", "centro_nombre": "ANTONIO LOPEZ GARCÍA", "centro_tipo_descripcion": "INSTITUTO DE EDUCACIÓN SECUNDARIA", "centro_titularidad": "PÚBLICO", "centro_titular": "COMUNIDAD DE MADRID", "municipio_nombre": "Getafe", "distrito_nombre": null, "direccion_coor_x": 438373.0, "direccion_coor_y": 4463982.0, "ARTE": 0, "DANZA": 0, "EDUCACIONADULTA": 0, "EDUCACIONESPECIAL": 0, "FORMACIONPROFESIONAL": 0, "HOSPITALARIA": 0, "IDIOMAS": 0, "INFANTIL": 0, "MILITAR": 0, "MUSICA": 0, "OTRO": 0, "OTRONOEDUCATIVO": 0, "PENITENCIARIO": 0, "PRIMARIA": 0, "SECUNDARIA": 1, "SUPERIOR": 0, "UNIVERSITARIO": 0 }, "geometry": { "type": "Point", "coordinates": [ 3155886.347278035245836, 2020057.91969216009602 ] } },
{ "type": "Feature", "properties": { "centro_codigo": "28042073", "centro_nombre": "MARGARITA SALAS", "centro_tipo_descripcion": "INSTITUTO DE EDUCACIÓN SECUNDARIA", "centro_titularidad": "PÚBLICO", "centro_titular": "COMUNIDAD DE MADRID", "municipio_nombre": "Majadahonda", "distrito_nombre": null, "direccion_coor_x": 426465.0, "direccion_coor_y": 4479740.0, "ARTE": 0, "DANZA": 0, "EDUCACIONADULTA": 0, "EDUCACIONESPECIAL": 0, "FORMACIONPROFESIONAL": 0, "HOSPITALARIA": 0, "IDIOMAS": 0, "INFANTIL": 0, "MILITAR": 0, "MUSICA": 0, "OTRO": 0, "OTRONOEDUCATIVO": 0, "PENITENCIARIO": 0, "PRIMARIA": 0, "SECUNDARIA": 1, "SUPERIOR": 0, "UNIVERSITARIO": 0 }, "geometry": { "type": "Point", "coordinates": [ 3146591.586692717857659, 2037648.994994055945426 ] } },
{ "type": "Feature", "properties": { "centro_codigo": "28042085", "centro_nombre": "ANTONIO GALA", "centro_tipo_descripcion": "INSTITUTO DE EDUCACIÓN SECUNDARIA", "centro_titularidad": "PÚBLICO", "centro_titular": "COMUNIDAD DE MADRID", "municipio_nombre": "Móstoles", "distrito_nombre": null, "direccion_coor_x": 425006.0, "direccion_coor_y": 4463893.0, "ARTE": 0, "DANZA": 0, "EDUCACIONADULTA": 0, "EDUCACIONESPECIAL": 0, "FORMACIONPROFESIONAL": 0, "HOSPITALARIA": 0, "IDIOMAS": 0, "INFANTIL": 0, "MILITAR": 0, "MUSICA": 0, "OTRO": 0, "OTRONOEDUCATIVO": 0, "PENITENCIARIO": 0, "PRIMARIA": 0, "SECUNDARIA": 1, "SUPERIOR": 0, "UNIVERSITARIO": 0 }, "geometry": { "type": "Point", "coordinates": [ 3142665.481328041758388, 2022286.233702451223508 ] } },
{ "type": "Feature", "properties": { "centro_codigo": "28042097", "centro_nombre": "MIGUEL HERNÁNDEZ", "centro_tipo_descripcion": "INSTITUTO DE EDUCACIÓN SECUNDARIA", "centro_titularidad": "PÚBLICO", "centro_titular": "COMUNIDAD DE MADRID", "municipio_nombre": "Móstoles", "distrito_nombre": null, "direccion_coor_x": 427816.0, "direccion_coor_y": 4464015.0, "ARTE": 0, "DANZA": 0, "EDUCACIONADULTA": 0, "EDUCACIONESPECIAL": 0, "FORMACIONPROFESIONAL": 0, "HOSPITALARIA": 0, "IDIOMAS": 0, "INFANTIL": 0, "MILITAR": 0, "MUSICA": 0, "OTRO": 0, "OTRONOEDUCATIVO": 0, "PENITENCIARIO": 0, "PRIMARIA": 0, "SECUNDARIA": 1, "SUPERIOR": 0, "UNIVERSITARIO": 0 }, "geometry": { "type": "Point", "coordinates": [ 3145460.771069341339171, 2021919.232837286312133 ] } },
{ "type": "Feature", "properties": { "centro_codigo": "28042103", "centro_nombre": "PINTOR ANTONIO LOPEZ", "centro_tipo_descripcion": "INSTITUTO DE EDUCACIÓN SECUNDARIA", "centro_titularidad": "PÚBLICO", "centro_titular": "COMUNIDAD DE MADRID", "municipio_nombre": "Tres Cantos", "distrito_nombre": null, "direccion_coor_x": 440561.0, "direccion_coor_y": 4494858.0, "ARTE": 0, "DANZA": 0, "EDUCACIONADULTA": 0, "EDUCACIONESPECIAL": 0, "FORMACIONPROFESIONAL": 0, "HOSPITALARIA": 0, "IDIOMAS": 0, "INFANTIL": 0, "MILITAR": 0, "MUSICA": 0, "OTRO": 0, "OTRONOEDUCATIVO": 0, "PENITENCIARIO": 0, "PRIMARIA": 0, "SECUNDARIA": 1, "SUPERIOR": 0, "UNIVERSITARIO": 0 }, "geometry": { "type": "Point", "coordinates": [ 3162889.650283648632467, 2050104.664031847845763 ] } },
{ "type": "Feature", "properties": { "centro_codigo": "28042115", "centro_nombre": "ITACA", "centro_tipo_descripcion": "INSTITUTO DE EDUCACIÓN SECUNDARIA", "centro_titularidad": "PÚBLICO", "centro_titular": "COMUNIDAD DE MADRID", "municipio_nombre": "Alcorcón", "distrito_nombre": null, "direccion_coor_x": 431314.0, "direccion_coor_y": 4467598.0, "ARTE": 0, "DANZA": 0, "EDUCACIONADULTA": 0, "EDUCACIONESPECIAL": 0, "FORMACIONPROFESIONAL": 0, "HOSPITALARIA": 0, "IDIOMAS": 0, "INFANTIL": 0, "MILITAR": 0, "MUSICA": 0, "OTRO": 0, "OTRONOEDUCATIVO": 0, "PENITENCIARIO": 0, "PRIMARIA": 0, "SECUNDARIA": 1, "SUPERIOR": 0, "UNIVERSITARIO": 0 }, "geometry": { "type": "Point", "coordinates": [ 3149478.050189421046525, 2024843.534959265263751 ] } },
{ "type": "Feature", "properties": { "centro_codigo": "28042139", "centro_nombre": "ALHUCEMA", "centro_tipo_descripcion": "CENTRO PRIVADO DE EDUCACIÓN INFANTIL, PRIMARIA Y SECUNDARIA", "centro_titularidad": "PRIVADO CONCERTADO", "centro_titular": "SCIENTIA ALHUCEMA, S.L.", "municipio_nombre": "Fuenlabrada", "distrito_nombre": null, "direccion_coor_x": 432153.0, "direccion_coor_y": 4460994.0, "ARTE": 0, "DANZA": 0, "EDUCACIONADULTA": 0, "EDUCACIONESPECIAL": 0, "FORMACIONPROFESIONAL": 0, "HOSPITALARIA": 0, "IDIOMAS": 0, "INFANTIL": 1, "MILITAR": 0, "MUSICA": 0, "OTRO": 0, "OTRONOEDUCATIVO": 0, "PENITENCIARIO": 0, "PRIMARIA": 1, "SECUNDARIA": 1, "SUPERIOR": 0, "UNIVERSITARIO": 0 }, "geometry": { "type": "Point", "coordinates": [ 3149272.7213144027628, 2018190.900237074820325 ] } },
{ "type": "Feature", "properties": { "centro_codigo": "28042191", "centro_nombre": "VELAZQUEZ", "centro_tipo_descripcion": "COLEGIO DE EDUCACIÓN INFANTIL, PRIMARIA Y SECUNDARIA", "centro_titularidad": "PÚBLICO", "centro_titular": "COMUNIDAD DE MADRID", "municipio_nombre": "Fuenlabrada", "distrito_nombre": null, "direccion_coor_x": 429277.0, "direccion_coor_y": 4460559.0, "ARTE": 0, "DANZA": 0, "EDUCACIONADULTA": 0, "EDUCACIONESPECIAL": 0, "FORMACIONPROFESIONAL": 0, "HOSPITALARIA": 0, "IDIOMAS": 0, "INFANTIL": 1, "MILITAR": 0, "MUSICA": 0, "OTRO": 0, "OTRONOEDUCATIVO": 0, "PENITENCIARIO": 0, "PRIMARIA": 1, "SECUNDARIA": 1, "SUPERIOR": 0, "UNIVERSITARIO": 0 }, "geometry": { "type": "Point", "coordinates": [ 3146363.007709979545325, 2018260.624096179148182 ] } },
{ "type": "Feature", "properties": { "centro_codigo": "28042346", "centro_nombre": "ARETEIA", "centro_tipo_descripcion": "CENTRO PRIVADO DE EDUCACIÓN INFANTIL, PRIMARIA Y SECUNDARIA", "centro_titularidad": "PRIVADO", "centro_titular": "ARETEIA, S.A.", "municipio_nombre": "Alcobendas", "distrito_nombre": null, "direccion_coor_x": 446504.0, "direccion_coor_y": 4486537.0, "ARTE": 0, "DANZA": 0, "EDUCACIONADULTA": 0, "EDUCACIONESPECIAL": 0, "FORMACIONPROFESIONAL": 0, "HOSPITALARIA": 0, "IDIOMAS": 0, "INFANTIL": 1, "MILITAR": 0, "MUSICA": 0, "OTRO": 0, "OTRONOEDUCATIVO": 0, "PENITENCIARIO": 0, "PRIMARIA": 1, "SECUNDARIA": 1, "SUPERIOR": 0, "UNIVERSITARIO": 0 }, "geometry": { "type": "Point", "coordinates": [ 3167454.730002707801759, 2040876.115817739628255 ] } },
{ "type": "Feature", "properties": { "centro_codigo": "28042371", "centro_nombre": "VILLA DE GRIÑON", "centro_tipo_descripcion": "CENTRO PRIVADO DE EDUCACIÓN INFANTIL, PRIMARIA Y SECUNDARIA", "centro_titularidad": "PRIVADO", "centro_titular": "COLEGIO VILLA DE GRIÑON, S.A.", "municipio_nombre": "Griñón", "distrito_nombre": null, "direccion_coor_x": 427828.0, "direccion_coor_y": 4452496.0, "ARTE": 0, "DANZA": 0, "EDUCACIONADULTA": 0, "EDUCACIONESPECIAL": 0, "FORMACIONPROFESIONAL": 0, "HOSPITALARIA": 0, "IDIOMAS": 0, "INFANTIL": 1, "MILITAR": 0, "MUSICA": 0, "OTRO": 0, "OTRONOEDUCATIVO": 0, "PENITENCIARIO": 0, "PRIMARIA": 1, "SECUNDARIA": 1, "SUPERIOR": 0, "UNIVERSITARIO": 0 }, "geometry": { "type": "Point", "coordinates": [ 3143669.394361445680261, 2010567.132912203436717 ] } },
{ "type": "Feature", "properties": { "centro_codigo": "28042498", "centro_nombre": "LA PRESENTACIÓN FESD", "centro_tipo_descripcion": "CENTRO PRIVADO DE EDUCACIÓN INFANTIL, PRIMARIA Y SECUNDARIA", "centro_titularidad": "PRIVADO CONCERTADO", "centro_titular": "FUNDACIÓN EDUCATIVA SANTO DOMINGO", "municipio_nombre": "Madrid", "distrito_nombre": "Vicálvaro", "direccion_coor_x": 448235.0, "direccion_coor_y": 4473427.0, "ARTE": 0, "DANZA": 0, "EDUCACIONADULTA": 0, "EDUCACIONESPECIAL": 0, "FORMACIONPROFESIONAL": 0, "HOSPITALARIA": 0, "IDIOMAS": 0, "INFANTIL": 1, "MILITAR": 0, "MUSICA": 0, "OTRO": 0, "OTRONOEDUCATIVO": 0, "PENITENCIARIO": 0, "PRIMARIA": 1, "SECUNDARIA": 1, "SUPERIOR": 0, "UNIVERSITARIO": 0 }, "geometry": { "type": "Point", "coordinates": [ 3167110.095361639745533, 2027658.28103075386025 ] } },
{ "type": "Feature", "properties": { "centro_codigo": "28042607", "centro_nombre": "LUIS BRAILLE", "centro_tipo_descripcion": "INSTITUTO DE EDUCACIÓN SECUNDARIA", "centro_titularidad": "PÚBLICO", "centro_titular": "COMUNIDAD DE MADRID", "municipio_nombre": "Coslada", "distrito_nombre": null, "direccion_coor_x": 452668.0, "direccion_coor_y": 4475307.0, "ARTE": 0, "DANZA": 0, "EDUCACIONADULTA": 0, "EDUCACIONESPECIAL": 0, "FORMACIONPROFESIONAL": 0, "HOSPITALARIA": 0, "IDIOMAS": 0, "INFANTIL": 0, "MILITAR": 0, "MUSICA": 0, "OTRO": 0, "OTRONOEDUCATIVO": 0, "PENITENCIARIO": 0, "PRIMARIA": 0, "SECUNDARIA": 1, "SUPERIOR": 0, "UNIVERSITARIO": 0 }, "geometry": { "type": "Point", "coordinates": [ 3171784.980531911365688, 2028744.458402371499687 ] } },
{ "type": "Feature", "properties": { "centro_codigo": "28042620", "centro_nombre": "INFANTA ELENA", "centro_tipo_descripcion": "INSTITUTO DE EDUCACIÓN SECUNDARIA", "centro_titularidad": "PÚBLICO", "centro_titular": "COMUNIDAD DE MADRID", "municipio_nombre": "Galapagar", "distrito_nombre": null, "direccion_coor_x": 414402.0, "direccion_coor_y": 4492947.0, "ARTE": 0, "DANZA": 0, "EDUCACIONADULTA": 0, "EDUCACIONESPECIAL": 0, "FORMACIONPROFESIONAL": 0, "HOSPITALARIA": 0, "IDIOMAS": 0, "INFANTIL": 0, "MILITAR": 0, "MUSICA": 0, "OTRO": 0, "OTRONOEDUCATIVO": 0, "PENITENCIARIO": 0, "PRIMARIA": 0, "SECUNDARIA": 1, "SUPERIOR": 0, "UNIVERSITARIO": 0 }, "geometry": { "type": "Point", "coordinates": [ 3136751.793437701649964, 2052758.455173449590802 ] } },
{ "type": "Feature", "properties": { "centro_codigo": "28042632", "centro_nombre": "ICARO", "centro_tipo_descripcion": "INSTITUTO DE EDUCACIÓN SECUNDARIA", "centro_titularidad": "PÚBLICO", "centro_titular": "COMUNIDAD DE MADRID", "municipio_nombre": "Getafe", "distrito_nombre": null, "direccion_coor_x": 436940.0, "direccion_coor_y": 4463089.0, "ARTE": 0, "DANZA": 0, "EDUCACIONADULTA": 0, "EDUCACIONESPECIAL": 0, "FORMACIONPROFESIONAL": 0, "HOSPITALARIA": 0, "IDIOMAS": 0, "INFANTIL": 0, "MILITAR": 0, "MUSICA": 0, "OTRO": 0, "OTRONOEDUCATIVO": 0, "PENITENCIARIO": 0, "PRIMARIA": 0, "SECUNDARIA": 1, "SUPERIOR": 0, "UNIVERSITARIO": 0 }, "geometry": { "type": "Point", "coordinates": [ 3154330.607200420461595, 2019426.104255100945011 ] } },
{ "type": "Feature", "properties": { "centro_codigo": "28042644", "centro_nombre": "SANTA EUGENIA", "centro_tipo_descripcion": "INSTITUTO DE EDUCACIÓN SECUNDARIA", "centro_titularidad": "PÚBLICO", "centro_titular": "COMUNIDAD DE MADRID", "municipio_nombre": "Madrid", "distrito_nombre": "Villa de Vallecas", "direccion_coor_x": 448691.0, "direccion_coor_y": 4470723.0, "ARTE": 0, "DANZA": 0, "EDUCACIONADULTA": 0, "EDUCACIONESPECIAL": 0, "FORMACIONPROFESIONAL": 0, "HOSPITALARIA": 0, "IDIOMAS": 0, "INFANTIL": 0, "MILITAR": 0, "MUSICA": 0, "OTRO": 0, "OTRONOEDUCATIVO": 0, "PENITENCIARIO": 0, "PRIMARIA": 0, "SECUNDARIA": 1, "SUPERIOR": 0, "UNIVERSITARIO": 0 }, "geometry": { "type": "Point", "coordinates": [ 3167137.241332213394344, 2024915.068697532871738 ] } },
{ "type": "Feature", "properties": { "centro_codigo": "28042656", "centro_nombre": "CLARA DEL REY", "centro_tipo_descripcion": "INSTITUTO DE EDUCACIÓN SECUNDARIA", "centro_titularidad": "PÚBLICO", "centro_titular": "COMUNIDAD DE MADRID", "municipio_nombre": "Madrid", "distrito_nombre": "Chamartín", "direccion_coor_x": 443659.0, "direccion_coor_y": 4477517.0, "ARTE": 0, "DANZA": 0, "EDUCACIONADULTA": 0, "EDUCACIONESPECIAL": 0, "FORMACIONPROFESIONAL": 0, "HOSPITALARIA": 0, "IDIOMAS": 0, "INFANTIL": 0, "MILITAR": 0, "MUSICA": 0, "OTRO": 0, "OTRONOEDUCATIVO": 0, "PENITENCIARIO": 0, "PRIMARIA": 0, "SECUNDARIA": 1, "SUPERIOR": 0, "UNIVERSITARIO": 0 }, "geometry": { "type": "Point", "coordinates": [ 3163229.455943471752107, 2032479.939552660798654 ] } },
{ "type": "Feature", "properties": { "centro_codigo": "28042668", "centro_nombre": "EUROPA", "centro_tipo_descripcion": "INSTITUTO DE EDUCACIÓN SECUNDARIA", "centro_titularidad": "PÚBLICO", "centro_titular": "COMUNIDAD DE MADRID", "municipio_nombre": "Móstoles", "distrito_nombre": null, "direccion_coor_x": 427757.0, "direccion_coor_y": 4464450.0, "ARTE": 0, "DANZA": 0, "EDUCACIONADULTA": 0, "EDUCACIONESPECIAL": 0, "FORMACIONPROFESIONAL": 0, "HOSPITALARIA": 0, "IDIOMAS": 0, "INFANTIL": 0, "MILITAR": 0, "MUSICA": 0, "OTRO": 0, "OTRONOEDUCATIVO": 0, "PENITENCIARIO": 0, "PRIMARIA": 0, "SECUNDARIA": 1, "SUPERIOR": 0, "UNIVERSITARIO": 0 }, "geometry": { "type": "Point", "coordinates": [ 3145470.622435298748314, 2022358.093699377728626 ] } },
{ "type": "Feature", "properties": { "centro_codigo": "28042671", "centro_nombre": "ANTONIO DE NEBRIJA", "centro_tipo_descripcion": "INSTITUTO DE EDUCACIÓN SECUNDARIA", "centro_titularidad": "PÚBLICO", "centro_titular": "COMUNIDAD DE MADRID", "municipio_nombre": "Móstoles", "distrito_nombre": null, "direccion_coor_x": 427520.0, "direccion_coor_y": 4462730.0, "ARTE": 0, "DANZA": 0, "EDUCACIONADULTA": 0, "EDUCACIONESPECIAL": 0, "FORMACIONPROFESIONAL": 0, "HOSPITALARIA": 0, "IDIOMAS": 0, "INFANTIL": 0, "MILITAR": 0, "MUSICA": 0, "OTRO": 0, "OTRONOEDUCATIVO": 0, "PENITENCIARIO": 0, "PRIMARIA": 0, "SECUNDARIA": 1, "SUPERIOR": 0, "UNIVERSITARIO": 0 }, "geometry": { "type": "Point", "coordinates": [ 3144967.052682618610561, 2020704.360142073128372 ] } },
{ "type": "Feature", "properties": { "centro_codigo": "28042681", "centro_nombre": "VALLE INCLAN", "centro_tipo_descripcion": "INSTITUTO DE EDUCACIÓN SECUNDARIA", "centro_titularidad": "PÚBLICO", "centro_titular": "COMUNIDAD DE MADRID", "municipio_nombre": "Torrejón de Ardoz", "distrito_nombre": null, "direccion_coor_x": 461129.0, "direccion_coor_y": 4479225.0, "ARTE": 0, "DANZA": 0, "EDUCACIONADULTA": 0, "EDUCACIONESPECIAL": 0, "FORMACIONPROFESIONAL": 0, "HOSPITALARIA": 0, "IDIOMAS": 0, "INFANTIL": 0, "MILITAR": 0, "MUSICA": 0, "OTRO": 0, "OTRONOEDUCATIVO": 0, "PENITENCIARIO": 0, "PRIMARIA": 0, "SECUNDARIA": 1, "SUPERIOR": 0, "UNIVERSITARIO": 0 }, "geometry": { "type": "Point", "coordinates": [ 3180759.643191965296865, 2031143.67014743713662 ] } },
{ "type": "Feature", "properties": { "centro_codigo": "28042981", "centro_nombre": "ROSA CHACEL", "centro_tipo_descripcion": "INSTITUTO DE EDUCACIÓN SECUNDARIA", "centro_titularidad": "PÚBLICO", "centro_titular": "COMUNIDAD DE MADRID", "municipio_nombre": "Colmenar Viejo", "distrito_nombre": null, "direccion_coor_x": 435281.0, "direccion_coor_y": 4500654.0, "ARTE": 0, "DANZA": 0, "EDUCACIONADULTA": 0, "EDUCACIONESPECIAL": 0, "FORMACIONPROFESIONAL": 0, "HOSPITALARIA": 0, "IDIOMAS": 0, "INFANTIL": 0, "MILITAR": 0, "MUSICA": 0, "OTRO": 0, "OTRONOEDUCATIVO": 0, "PENITENCIARIO": 0, "PRIMARIA": 0, "SECUNDARIA": 1, "SUPERIOR": 0, "UNIVERSITARIO": 0 }, "geometry": { "type": "Point", "coordinates": [ 3158584.872622638940811, 2056731.285430595744401 ] } },
{ "type": "Feature", "properties": { "centro_codigo": "28042991", "centro_nombre": "VICTORIA KENT", "centro_tipo_descripcion": "INSTITUTO DE EDUCACIÓN SECUNDARIA", "centro_titularidad": "PÚBLICO", "centro_titular": "COMUNIDAD DE MADRID", "municipio_nombre": "Fuenlabrada", "distrito_nombre": null, "direccion_coor_x": 431132.0, "direccion_coor_y": 4461643.0, "ARTE": 0, "DANZA": 0, "EDUCACIONADULTA": 0, "EDUCACIONESPECIAL": 0, "FORMACIONPROFESIONAL": 0, "HOSPITALARIA": 0, "IDIOMAS": 0, "INFANTIL": 0, "MILITAR": 0, "MUSICA": 0, "OTRO": 0, "OTRONOEDUCATIVO": 0, "PENITENCIARIO": 0, "PRIMARIA": 0, "SECUNDARIA": 1, "SUPERIOR": 0, "UNIVERSITARIO": 0 }, "geometry": { "type": "Point", "coordinates": [ 3148365.533841519616544, 2019007.278969496721402 ] } },
{ "type": "Feature", "properties": { "centro_codigo": "28043016", "centro_nombre": "PABLO PICASSO", "centro_tipo_descripcion": "INSTITUTO DE EDUCACIÓN SECUNDARIA", "centro_titularidad": "PÚBLICO", "centro_titular": "COMUNIDAD DE MADRID", "municipio_nombre": "Pinto", "distrito_nombre": null, "direccion_coor_x": 440970.0, "direccion_coor_y": 4454428.0, "ARTE": 0, "DANZA": 0, "EDUCACIONADULTA": 0, "EDUCACIONESPECIAL": 0, "FORMACIONPROFESIONAL": 0, "HOSPITALARIA": 0, "IDIOMAS": 0, "INFANTIL": 0, "MILITAR": 0, "MUSICA": 0, "OTRO": 0, "OTRONOEDUCATIVO": 0, "PENITENCIARIO": 0, "PRIMARIA": 0, "SECUNDARIA": 1, "SUPERIOR": 0, "UNIVERSITARIO": 0 }, "geometry": { "type": "Point", "coordinates": [ 3156957.831597746349871, 2010194.903430524747819 ] } },
{ "type": "Feature", "properties": { "centro_codigo": "28043028", "centro_nombre": "JUAN DE MAIRENA", "centro_tipo_descripcion": "INSTITUTO DE EDUCACIÓN SECUNDARIA", "centro_titularidad": "PÚBLICO", "centro_titular": "COMUNIDAD DE MADRID", "municipio_nombre": "San Sebastián de los Reyes", "distrito_nombre": null, "direccion_coor_x": 446241.0, "direccion_coor_y": 4488874.0, "ARTE": 0, "DANZA": 0, "EDUCACIONADULTA": 0, "EDUCACIONESPECIAL": 0, "FORMACIONPROFESIONAL": 0, "HOSPITALARIA": 0, "IDIOMAS": 0, "INFANTIL": 0, "MILITAR": 0, "MUSICA": 0, "OTRO": 0, "OTRONOEDUCATIVO": 0, "PENITENCIARIO": 0, "PRIMARIA": 0, "SECUNDARIA": 1, "SUPERIOR": 0, "UNIVERSITARIO": 0 }, "geometry": { "type": "Point", "coordinates": [ 3167561.546867771539837, 2043224.572752127423882 ] } },
{ "type": "Feature", "properties": { "centro_codigo": "28043077", "centro_nombre": "SANTA SUSANA", "centro_tipo_descripcion": "CENTRO PRIVADO DE EDUCACIÓN INFANTIL, PRIMARIA Y SECUNDARIA", "centro_titularidad": "PRIVADO CONCERTADO", "centro_titular": "HNAS. DE LA CARIDAD DEL SGDO. CORAZON DE JESUS", "municipio_nombre": "Madrid", "distrito_nombre": "Salamanca", "direccion_coor_x": 443736.0, "direccion_coor_y": 4475639.0, "ARTE": 0, "DANZA": 0, "EDUCACIONADULTA": 0, "EDUCACIONESPECIAL": 0, "FORMACIONPROFESIONAL": 0, "HOSPITALARIA": 0, "IDIOMAS": 0, "INFANTIL": 1, "MILITAR": 0, "MUSICA": 0, "OTRO": 0, "OTRONOEDUCATIVO": 0, "PENITENCIARIO": 0, "PRIMARIA": 1, "SECUNDARIA": 1, "SUPERIOR": 0, "UNIVERSITARIO": 0 }, "geometry": { "type": "Point", "coordinates": [ 3163011.213352357968688, 2030616.06711617927067 ] } },
{ "type": "Feature", "properties": { "centro_codigo": "28043156", "centro_nombre": "LOS SAUCES", "centro_tipo_descripcion": "CENTRO PRIVADO DE EDUCACIÓN INFANTIL, PRIMARIA Y SECUNDARIA", "centro_titularidad": "PRIVADO", "centro_titular": "PAIDOPOLIS, S.A.", "municipio_nombre": "Torrelodones", "distrito_nombre": null, "direccion_coor_x": 423979.0, "direccion_coor_y": 4491157.0, "ARTE": 0, "DANZA": 0, "EDUCACIONADULTA": 0, "EDUCACIONESPECIAL": 0, "FORMACIONPROFESIONAL": 0, "HOSPITALARIA": 0, "IDIOMAS": 0, "INFANTIL": 1, "MILITAR": 0, "MUSICA": 0, "OTRO": 0, "OTRONOEDUCATIVO": 0, "PENITENCIARIO": 0, "PRIMARIA": 1, "SECUNDARIA": 1, "SUPERIOR": 0, "UNIVERSITARIO": 0 }, "geometry": { "type": "Point", "coordinates": [ 3145928.929528432898223, 2049331.51719575910829 ] } },
{ "type": "Feature", "properties": { "centro_codigo": "28043193", "centro_nombre": "KHALIL GIBRAN", "centro_tipo_descripcion": "CENTRO PRIVADO DE EDUCACIÓN INFANTIL, PRIMARIA Y SECUNDARIA", "centro_titularidad": "PRIVADO", "centro_titular": "C.E.C.B.A.F. KHALIL GIBRAN, S.L.", "municipio_nombre": "Fuenlabrada", "distrito_nombre": null, "direccion_coor_x": 431325.0, "direccion_coor_y": 4459123.0, "ARTE": 0, "DANZA": 0, "EDUCACIONADULTA": 0, "EDUCACIONESPECIAL": 0, "FORMACIONPROFESIONAL": 0, "HOSPITALARIA": 0, "IDIOMAS": 0, "INFANTIL": 1, "MILITAR": 0, "MUSICA": 0, "OTRO": 0, "OTRONOEDUCATIVO": 0, "PENITENCIARIO": 0, "PRIMARIA": 1, "SECUNDARIA": 1, "SUPERIOR": 0, "UNIVERSITARIO": 0 }, "geometry": { "type": "Point", "coordinates": [ 3148161.720194764900953, 2016490.801161395618692 ] } },
{ "type": "Feature", "properties": { "centro_codigo": "28044306", "centro_nombre": "CARMEN CONDE", "centro_tipo_descripcion": "INSTITUTO DE EDUCACIÓN SECUNDARIA", "centro_titularidad": "PÚBLICO", "centro_titular": "COMUNIDAD DE MADRID", "municipio_nombre": "Rozas de Madrid, Las", "distrito_nombre": null, "direccion_coor_x": 422869.0, "direccion_coor_y": 4487022.0, "ARTE": 0, "DANZA": 0, "EDUCACIONADULTA": 0, "EDUCACIONESPECIAL": 0, "FORMACIONPROFESIONAL": 0, "HOSPITALARIA": 0, "IDIOMAS": 0, "INFANTIL": 0, "MILITAR": 0, "MUSICA": 0, "OTRO": 0, "OTRONOEDUCATIVO": 0, "PENITENCIARIO": 0, "PRIMARIA": 0, "SECUNDARIA": 1, "SUPERIOR": 0, "UNIVERSITARIO": 0 }, "geometry": { "type": "Point", "coordinates": [ 3144182.894300724379718, 2045449.052039079135284 ] } },
{ "type": "Feature", "properties": { "centro_codigo": "28044318", "centro_nombre": "LUIS GARCIA BERLANGA", "centro_tipo_descripcion": "INSTITUTO DE EDUCACIÓN SECUNDARIA", "centro_titularidad": "PÚBLICO", "centro_titular": "COMUNIDAD DE MADRID", "municipio_nombre": "Coslada", "distrito_nombre": null, "direccion_coor_x": 452276.0, "direccion_coor_y": 4475626.0, "ARTE": 0, "DANZA": 0, "EDUCACIONADULTA": 0, "EDUCACIONESPECIAL": 0, "FORMACIONPROFESIONAL": 0, "HOSPITALARIA": 0, "IDIOMAS": 0, "INFANTIL": 0, "MILITAR": 0, "MUSICA": 0, "OTRO": 0, "OTRONOEDUCATIVO": 0, "PENITENCIARIO": 0, "PRIMARIA": 0, "SECUNDARIA": 1, "SUPERIOR": 0, "UNIVERSITARIO": 0 }, "geometry": { "type": "Point", "coordinates": [ 3171447.586801396217197, 2029126.528468889184296 ] } },
{ "type": "Feature", "properties": { "centro_codigo": "28044331", "centro_nombre": "ARCADIA", "centro_tipo_descripcion": "CENTRO PRIVADO DE EDUCACIÓN INFANTIL, PRIMARIA Y SECUNDARIA", "centro_titularidad": "PRIVADO CONCERTADO", "centro_titular": "ARCADIA, SDAD. COOP. MADRILEÑA", "municipio_nombre": "Villanueva de la Cañada", "distrito_nombre": null, "direccion_coor_x": 417675.0, "direccion_coor_y": 4475091.0, "ARTE": 0, "DANZA": 0, "EDUCACIONADULTA": 0, "EDUCACIONESPECIAL": 0, "FORMACIONPROFESIONAL": 0, "HOSPITALARIA": 0, "IDIOMAS": 0, "INFANTIL": 1, "MILITAR": 0, "MUSICA": 0, "OTRO": 0, "OTRONOEDUCATIVO": 0, "PENITENCIARIO": 0, "PRIMARIA": 1, "SECUNDARIA": 1, "SUPERIOR": 0, "UNIVERSITARIO": 0 }, "geometry": { "type": "Point", "coordinates": [ 3137179.330612846650183, 2034592.907708363840356 ] } },
{ "type": "Feature", "properties": { "centro_codigo": "28044631", "centro_nombre": "PEQUEÑO PRINCIPE", "centro_tipo_descripcion": "CENTRO PRIVADO DE EDUCACIÓN INFANTIL, PRIMARIA Y SECUNDARIA", "centro_titularidad": "PRIVADO", "centro_titular": "PEQUEÑO PRINCIPE SOC.COOP.LTDA.", "municipio_nombre": "Leganés", "distrito_nombre": null, "direccion_coor_x": 433438.0, "direccion_coor_y": 4464805.0, "ARTE": 0, "DANZA": 0, "EDUCACIONADULTA": 0, "EDUCACIONESPECIAL": 0, "FORMACIONPROFESIONAL": 0, "HOSPITALARIA": 0, "IDIOMAS": 0, "INFANTIL": 1, "MILITAR": 0, "MUSICA": 0, "OTRO": 0, "OTRONOEDUCATIVO": 0, "PENITENCIARIO": 0, "PRIMARIA": 1, "SECUNDARIA": 1, "SUPERIOR": 0, "UNIVERSITARIO": 0 }, "geometry": { "type": "Point", "coordinates": [ 3151139.089483978226781, 2021723.431160216685385 ] } },
{ "type": "Feature", "properties": { "centro_codigo": "28044719", "centro_nombre": "RAYUELA", "centro_tipo_descripcion": "INSTITUTO DE EDUCACIÓN SECUNDARIA", "centro_titularidad": "PÚBLICO", "centro_titular": "COMUNIDAD DE MADRID", "municipio_nombre": "Móstoles", "distrito_nombre": null, "direccion_coor_x": 425701.0, "direccion_coor_y": 4464878.0, "ARTE": 0, "DANZA": 0, "EDUCACIONADULTA": 0, "EDUCACIONESPECIAL": 0, "FORMACIONPROFESIONAL": 0, "HOSPITALARIA": 0, "IDIOMAS": 0, "INFANTIL": 0, "MILITAR": 0, "MUSICA": 0, "OTRO": 0, "OTRONOEDUCATIVO": 0, "PENITENCIARIO": 0, "PRIMARIA": 0, "SECUNDARIA": 1, "SUPERIOR": 0, "UNIVERSITARIO": 0 }, "geometry": { "type": "Point", "coordinates": [ 3143506.427380748558789, 2023136.302274414571002 ] } },
{ "type": "Feature", "properties": { "centro_codigo": "28044720", "centro_nombre": "EL OLIVO", "centro_tipo_descripcion": "INSTITUTO DE EDUCACIÓN SECUNDARIA", "centro_titularidad": "PÚBLICO", "centro_titular": "COMUNIDAD DE MADRID", "municipio_nombre": "Parla", "distrito_nombre": null, "direccion_coor_x": 435217.0, "direccion_coor_y": 4454283.0, "ARTE": 0, "DANZA": 0, "EDUCACIONADULTA": 0, "EDUCACIONESPECIAL": 0, "FORMACIONPROFESIONAL": 0, "HOSPITALARIA": 0, "IDIOMAS": 0, "INFANTIL": 0, "MILITAR": 0, "MUSICA": 0, "OTRO": 0, "OTRONOEDUCATIVO": 0, "PENITENCIARIO": 0, "PRIMARIA": 0, "SECUNDARIA": 1, "SUPERIOR": 0, "UNIVERSITARIO": 0 }, "geometry": { "type": "Point", "coordinates": [ 3151250.130826954729855, 2011047.80046192323789 ] } },
{ "type": "Feature", "properties": { "centro_codigo": "28044744", "centro_nombre": "DOCTOR MARAÑON", "centro_tipo_descripcion": "INSTITUTO DE EDUCACIÓN SECUNDARIA", "centro_titularidad": "PÚBLICO", "centro_titular": "COMUNIDAD DE MADRID", "municipio_nombre": "Alcalá de Henares", "distrito_nombre": null, "direccion_coor_x": 468081.0, "direccion_coor_y": 4482616.0, "ARTE": 0, "DANZA": 0, "EDUCACIONADULTA": 0, "EDUCACIONESPECIAL": 0, "FORMACIONPROFESIONAL": 0, "HOSPITALARIA": 0, "IDIOMAS": 0, "INFANTIL": 0, "MILITAR": 0, "MUSICA": 0, "OTRO": 0, "OTRONOEDUCATIVO": 0, "PENITENCIARIO": 0, "PRIMARIA": 0, "SECUNDARIA": 1, "SUPERIOR": 0, "UNIVERSITARIO": 0 }, "geometry": { "type": "Point", "coordinates": [ 3188160.921350857242942, 2033285.37039373582229 ] } },
{ "type": "Feature", "properties": { "centro_codigo": "28044756", "centro_nombre": "DUQUE DE RIVAS", "centro_tipo_descripcion": "INSTITUTO DE EDUCACIÓN SECUNDARIA", "centro_titularidad": "PÚBLICO", "centro_titular": "COMUNIDAD DE MADRID", "municipio_nombre": "Rivas-Vaciamadrid", "distrito_nombre": null, "direccion_coor_x": 454683.0, "direccion_coor_y": 4468689.0, "ARTE": 0, "DANZA": 0, "EDUCACIONADULTA": 0, "EDUCACIONESPECIAL": 0, "FORMACIONPROFESIONAL": 0, "HOSPITALARIA": 0, "IDIOMAS": 0, "INFANTIL": 0, "MILITAR": 0, "MUSICA": 0, "OTRO": 0, "OTRONOEDUCATIVO": 0, "PENITENCIARIO": 0, "PRIMARIA": 0, "SECUNDARIA": 1, "SUPERIOR": 0, "UNIVERSITARIO": 0 }, "geometry": { "type": "Point", "coordinates": [ 3172740.140054233372211, 2021875.418993394821882 ] } },
{ "type": "Feature", "properties": { "centro_codigo": "28044768", "centro_nombre": "ANSELMO LORENZO", "centro_tipo_descripcion": "INSTITUTO DE EDUCACIÓN SECUNDARIA", "centro_titularidad": "PÚBLICO", "centro_titular": "COMUNIDAD DE MADRID", "municipio_nombre": "San Martín de la Vega", "distrito_nombre": null, "direccion_coor_x": 451784.0, "direccion_coor_y": 4451765.0, "ARTE": 0, "DANZA": 0, "EDUCACIONADULTA": 0, "EDUCACIONESPECIAL": 0, "FORMACIONPROFESIONAL": 0, "HOSPITALARIA": 0, "IDIOMAS": 0, "INFANTIL": 0, "MILITAR": 0, "MUSICA": 0, "OTRO": 0, "OTRONOEDUCATIVO": 0, "PENITENCIARIO": 0, "PRIMARIA": 0, "SECUNDARIA": 1, "SUPERIOR": 0, "UNIVERSITARIO": 0 }, "geometry": { "type": "Point", "coordinates": [ 3167228.994381346739829, 2005701.589302166132256 ] } },
{ "type": "Feature", "properties": { "centro_codigo": "28044902", "centro_nombre": "FRANCISCO DE QUEVEDO", "centro_tipo_descripcion": "INSTITUTO DE EDUCACIÓN SECUNDARIA", "centro_titularidad": "PÚBLICO", "centro_titular": "COMUNIDAD DE MADRID", "municipio_nombre": "Madrid", "distrito_nombre": "San Blas-Canillejas", "direccion_coor_x": 447191.0, "direccion_coor_y": 4474742.0, "ARTE": 0, "DANZA": 0, "EDUCACIONADULTA": 0, "EDUCACIONESPECIAL": 0, "FORMACIONPROFESIONAL": 0, "HOSPITALARIA": 0, "IDIOMAS": 0, "INFANTIL": 0, "MILITAR": 0, "MUSICA": 0, "OTRO": 0, "OTRONOEDUCATIVO": 0, "PENITENCIARIO": 0, "PRIMARIA": 0, "SECUNDARIA": 1, "SUPERIOR": 0, "UNIVERSITARIO": 0 }, "geometry": { "type": "Point", "coordinates": [ 3166284.487365643493831, 2029134.555682318052277 ] } },
{ "type": "Feature", "properties": { "centro_codigo": "28045025", "centro_nombre": "LOS OLIVOS", "centro_tipo_descripcion": "INSTITUTO DE EDUCACIÓN SECUNDARIA", "centro_titularidad": "PÚBLICO", "centro_titular": "COMUNIDAD DE MADRID", "municipio_nombre": "Mejorada del Campo", "distrito_nombre": null, "direccion_coor_x": 459270.0, "direccion_coor_y": 4471451.0, "ARTE": 0, "DANZA": 0, "EDUCACIONADULTA": 0, "EDUCACIONESPECIAL": 0, "FORMACIONPROFESIONAL": 0, "HOSPITALARIA": 0, "IDIOMAS": 0, "INFANTIL": 0, "MILITAR": 0, "MUSICA": 0, "OTRO": 0, "OTRONOEDUCATIVO": 0, "PENITENCIARIO": 0, "PRIMARIA": 0, "SECUNDARIA": 1, "SUPERIOR": 0, "UNIVERSITARIO": 0 }, "geometry": { "type": "Point", "coordinates": [ 3177705.471589815802872, 2023804.693215218838304 ] } },
{ "type": "Feature", "properties": { "centro_codigo": "28045037", "centro_nombre": "MANUEL DE FALLA", "centro_tipo_descripcion": "INSTITUTO DE EDUCACIÓN SECUNDARIA", "centro_titularidad": "PÚBLICO", "centro_titular": "COMUNIDAD DE MADRID", "municipio_nombre": "Coslada", "distrito_nombre": null, "direccion_coor_x": 452943.0, "direccion_coor_y": 4474151.0, "ARTE": 0, "DANZA": 0, "EDUCACIONADULTA": 0, "EDUCACIONESPECIAL": 0, "FORMACIONPROFESIONAL": 0, "HOSPITALARIA": 0, "IDIOMAS": 0, "INFANTIL": 0, "MILITAR": 0, "MUSICA": 0, "OTRO": 0, "OTRONOEDUCATIVO": 0, "PENITENCIARIO": 0, "PRIMARIA": 0, "SECUNDARIA": 1, "SUPERIOR": 0, "UNIVERSITARIO": 0 }, "geometry": { "type": "Point", "coordinates": [ 3171875.687518953345716, 2027557.878522863145918 ] } },
{ "type": "Feature", "properties": { "centro_codigo": "28045049", "centro_nombre": "VILLAREJO DE SALVANÉS", "centro_tipo_descripcion": "INSTITUTO DE EDUCACIÓN SECUNDARIA", "centro_titularidad": "PÚBLICO", "centro_titular": "COMUNIDAD DE MADRID", "municipio_nombre": "Villarejo de Salvanés", "distrito_nombre": null, "direccion_coor_x": 475595.0, "direccion_coor_y": 4447198.0, "ARTE": 0, "DANZA": 0, "EDUCACIONADULTA": 0, "EDUCACIONESPECIAL": 0, "FORMACIONPROFESIONAL": 0, "HOSPITALARIA": 0, "IDIOMAS": 0, "INFANTIL": 0, "MILITAR": 0, "MUSICA": 0, "OTRO": 0, "OTRONOEDUCATIVO": 0, "PENITENCIARIO": 0, "PRIMARIA": 0, "SECUNDARIA": 1, "SUPERIOR": 0, "UNIVERSITARIO": 0 }, "geometry": { "type": "Point", "coordinates": [ 3190053.627790131606162, 1997095.736222351668403 ] } },
{ "type": "Feature", "properties": { "centro_codigo": "28045050", "centro_nombre": "LAZARO CARDENAS", "centro_tipo_descripcion": "INSTITUTO DE EDUCACIÓN SECUNDARIA", "centro_titularidad": "PÚBLICO", "centro_titular": "COMUNIDAD DE MADRID", "municipio_nombre": "Collado Villalba", "distrito_nombre": null, "direccion_coor_x": 413860.0, "direccion_coor_y": 4497184.0, "ARTE": 0, "DANZA": 0, "EDUCACIONADULTA": 0, "EDUCACIONESPECIAL": 0, "FORMACIONPROFESIONAL": 0, "HOSPITALARIA": 0, "IDIOMAS": 0, "INFANTIL": 0, "MILITAR": 0, "MUSICA": 0, "OTRO": 0, "OTRONOEDUCATIVO": 0, "PENITENCIARIO": 0, "PRIMARIA": 0, "SECUNDARIA": 1, "SUPERIOR": 0, "UNIVERSITARIO": 0 }, "geometry": { "type": "Point", "coordinates": [ 3136883.033406509552151, 2057028.461998317856342 ] } },
{ "type": "Feature", "properties": { "centro_codigo": "28045566", "centro_nombre": "GSD VALLECAS", "centro_tipo_descripcion": "CENTRO PRIVADO DE EDUCACIÓN INFANTIL, PRIMARIA Y SECUNDARIA", "centro_titularidad": "PRIVADO CONCERTADO", "centro_titular": "GREDOS-SAN DIEGO, SDAD. COOP. MADRILEÑA", "municipio_nombre": "Madrid", "distrito_nombre": "Puente de Vallecas", "direccion_coor_x": 443749.0, "direccion_coor_y": 4470152.0, "ARTE": 0, "DANZA": 0, "EDUCACIONADULTA": 0, "EDUCACIONESPECIAL": 0, "FORMACIONPROFESIONAL": 0, "HOSPITALARIA": 0, "IDIOMAS": 0, "INFANTIL": 1, "MILITAR": 0, "MUSICA": 0, "OTRO": 0, "OTRONOEDUCATIVO": 0, "PENITENCIARIO": 0, "PRIMARIA": 1, "SECUNDARIA": 1, "SUPERIOR": 0, "UNIVERSITARIO": 0 }, "geometry": { "type": "Point", "coordinates": [ 3162164.484137700870633, 2025207.129021643893793 ] } },
{ "type": "Feature", "properties": { "centro_codigo": "28045578", "centro_nombre": "VERACRUZ", "centro_tipo_descripcion": "CENTRO PRIVADO DE EDUCACIÓN INFANTIL, PRIMARIA Y SECUNDARIA", "centro_titularidad": "PRIVADO", "centro_titular": "HIJAS DE SANTA MARIA DEL CORAZON DE JESUS", "municipio_nombre": "Galapagar", "distrito_nombre": null, "direccion_coor_x": 415936.0, "direccion_coor_y": 4491612.0, "ARTE": 0, "DANZA": 0, "EDUCACIONADULTA": 0, "EDUCACIONESPECIAL": 0, "FORMACIONPROFESIONAL": 0, "HOSPITALARIA": 0, "IDIOMAS": 0, "INFANTIL": 1, "MILITAR": 0, "MUSICA": 0, "OTRO": 0, "OTRONOEDUCATIVO": 0, "PENITENCIARIO": 0, "PRIMARIA": 1, "SECUNDARIA": 1, "SUPERIOR": 0, "UNIVERSITARIO": 0 }, "geometry": { "type": "Point", "coordinates": [ 3138056.819917269982398, 2051176.26484716241248 ] } },
{ "type": "Feature", "properties": { "centro_codigo": "28045633", "centro_nombre": "FRANCISCO DE GOYA", "centro_tipo_descripcion": "INSTITUTO DE EDUCACIÓN SECUNDARIA", "centro_titularidad": "PÚBLICO", "centro_titular": "COMUNIDAD DE MADRID", "municipio_nombre": "Madrid", "distrito_nombre": "Ciudad Lineal", "direccion_coor_x": 444784.0, "direccion_coor_y": 4474395.0, "ARTE": 0, "DANZA": 0, "EDUCACIONADULTA": 0, "EDUCACIONESPECIAL": 0, "FORMACIONPROFESIONAL": 0, "HOSPITALARIA": 0, "IDIOMAS": 0, "INFANTIL": 0, "MILITAR": 0, "MUSICA": 0, "OTRO": 0, "OTRONOEDUCATIVO": 0, "PENITENCIARIO": 0, "PRIMARIA": 0, "SECUNDARIA": 1, "SUPERIOR": 0, "UNIVERSITARIO": 0 }, "geometry": { "type": "Point", "coordinates": [ 3163851.788034480530769, 2029208.954724033595994 ] } },
{ "type": "Feature", "properties": { "centro_codigo": "28045645", "centro_nombre": "PEDRO DE TOLOSA", "centro_tipo_descripcion": "INSTITUTO DE EDUCACIÓN SECUNDARIA", "centro_titularidad": "PÚBLICO", "centro_titular": "COMUNIDAD DE MADRID", "municipio_nombre": "San Martín de Valdeiglesias", "distrito_nombre": null, "direccion_coor_x": 380747.0, "direccion_coor_y": 4468943.0, "ARTE": 0, "DANZA": 0, "EDUCACIONADULTA": 0, "EDUCACIONESPECIAL": 0, "FORMACIONPROFESIONAL": 0, "HOSPITALARIA": 0, "IDIOMAS": 0, "INFANTIL": 0, "MILITAR": 0, "MUSICA": 0, "OTRO": 0, "OTRONOEDUCATIVO": 0, "PENITENCIARIO": 0, "PRIMARIA": 0, "SECUNDARIA": 1, "SUPERIOR": 0, "UNIVERSITARIO": 0 }, "geometry": { "type": "Point", "coordinates": [ 3099745.208515171892941, 2034960.984136583749205 ] } },
{ "type": "Feature", "properties": { "centro_codigo": "28045773", "centro_nombre": "SENDA GALIANA", "centro_tipo_descripcion": "INSTITUTO DE EDUCACIÓN SECUNDARIA", "centro_titularidad": "PÚBLICO", "centro_titular": "COMUNIDAD DE MADRID", "municipio_nombre": "Torres de la Alameda", "distrito_nombre": null, "direccion_coor_x": 469487.0, "direccion_coor_y": 4471920.0, "ARTE": 0, "DANZA": 0, "EDUCACIONADULTA": 0, "EDUCACIONESPECIAL": 0, "FORMACIONPROFESIONAL": 0, "HOSPITALARIA": 0, "IDIOMAS": 0, "INFANTIL": 0, "MILITAR": 0, "MUSICA": 0, "OTRO": 0, "OTRONOEDUCATIVO": 0, "PENITENCIARIO": 0, "PRIMARIA": 0, "SECUNDARIA": 1, "SUPERIOR": 0, "UNIVERSITARIO": 0 }, "geometry": { "type": "Point", "coordinates": [ 3187876.46734547894448, 2022504.101388230919838 ] } },
{ "type": "Feature", "properties": { "centro_codigo": "28045803", "centro_nombre": "HUMANES", "centro_tipo_descripcion": "INSTITUTO DE EDUCACIÓN SECUNDARIA", "centro_titularidad": "PÚBLICO", "centro_titular": "COMUNIDAD DE MADRID", "municipio_nombre": "Humanes de Madrid", "distrito_nombre": null, "direccion_coor_x": 430251.0, "direccion_coor_y": 4455513.0, "ARTE": 0, "DANZA": 0, "EDUCACIONADULTA": 0, "EDUCACIONESPECIAL": 0, "FORMACIONPROFESIONAL": 0, "HOSPITALARIA": 0, "IDIOMAS": 0, "INFANTIL": 0, "MILITAR": 0, "MUSICA": 0, "OTRO": 0, "OTRONOEDUCATIVO": 0, "PENITENCIARIO": 0, "PRIMARIA": 0, "SECUNDARIA": 1, "SUPERIOR": 0, "UNIVERSITARIO": 0 }, "geometry": { "type": "Point", "coordinates": [ 3146535.558947526849806, 2013119.894286765949801 ] } },
{ "type": "Feature", "properties": { "centro_codigo": "28045815", "centro_nombre": "AVALON", "centro_tipo_descripcion": "INSTITUTO DE EDUCACIÓN SECUNDARIA", "centro_titularidad": "PÚBLICO", "centro_titular": "COMUNIDAD DE MADRID", "municipio_nombre": "Valdemoro", "distrito_nombre": null, "direccion_coor_x": 441548.0, "direccion_coor_y": 4449705.0, "ARTE": 0, "DANZA": 0, "EDUCACIONADULTA": 0, "EDUCACIONESPECIAL": 0, "FORMACIONPROFESIONAL": 0, "HOSPITALARIA": 0, "IDIOMAS": 0, "INFANTIL": 0, "MILITAR": 0, "MUSICA": 0, "OTRO": 0, "OTRONOEDUCATIVO": 0, "PENITENCIARIO": 0, "PRIMARIA": 0, "SECUNDARIA": 1, "SUPERIOR": 0, "UNIVERSITARIO": 0 }, "geometry": { "type": "Point", "coordinates": [ 3156790.757335678674281, 2005441.534179045818746 ] } },
{ "type": "Feature", "properties": { "centro_codigo": "28045839", "centro_nombre": "VALMAYOR", "centro_tipo_descripcion": "INSTITUTO DE EDUCACIÓN SECUNDARIA", "centro_titularidad": "PÚBLICO", "centro_titular": "COMUNIDAD DE MADRID", "municipio_nombre": "Valdemorillo", "distrito_nombre": null, "direccion_coor_x": 409703.0, "direccion_coor_y": 4484005.0, "ARTE": 0, "DANZA": 0, "EDUCACIONADULTA": 0, "EDUCACIONESPECIAL": 0, "FORMACIONPROFESIONAL": 0, "HOSPITALARIA": 0, "IDIOMAS": 0, "INFANTIL": 0, "MILITAR": 0, "MUSICA": 0, "OTRO": 0, "OTRONOEDUCATIVO": 0, "PENITENCIARIO": 0, "PRIMARIA": 0, "SECUNDARIA": 1, "SUPERIOR": 0, "UNIVERSITARIO": 0 }, "geometry": { "type": "Point", "coordinates": [ 3130705.430560778826475, 2044762.402820159913972 ] } },
{ "type": "Feature", "properties": { "centro_codigo": "28045840", "centro_nombre": "MADRID-SUR", "centro_tipo_descripcion": "INSTITUTO DE EDUCACIÓN SECUNDARIA", "centro_titularidad": "PÚBLICO", "centro_titular": "COMUNIDAD DE MADRID", "municipio_nombre": "Madrid", "distrito_nombre": "Puente de Vallecas", "direccion_coor_x": 444264.0, "direccion_coor_y": 4469751.0, "ARTE": 0, "DANZA": 0, "EDUCACIONADULTA": 0, "EDUCACIONESPECIAL": 0, "FORMACIONPROFESIONAL": 0, "HOSPITALARIA": 0, "IDIOMAS": 0, "INFANTIL": 0, "MILITAR": 0, "MUSICA": 0, "OTRO": 0, "OTRONOEDUCATIVO": 0, "PENITENCIARIO": 0, "PRIMARIA": 0, "SECUNDARIA": 1, "SUPERIOR": 0, "UNIVERSITARIO": 0 }, "geometry": { "type": "Point", "coordinates": [ 3162610.563491549342871, 2024722.912890793988481 ] } },
{ "type": "Feature", "properties": { "centro_codigo": "28046091", "centro_nombre": "ATENEA", "centro_tipo_descripcion": "INSTITUTO DE EDUCACIÓN SECUNDARIA", "centro_titularidad": "PÚBLICO", "centro_titular": "COMUNIDAD DE MADRID", "municipio_nombre": "Alcalá de Henares", "distrito_nombre": null, "direccion_coor_x": 468795.0, "direccion_coor_y": 4479791.0, "ARTE": 0, "DANZA": 0, "EDUCACIONADULTA": 0, "EDUCACIONESPECIAL": 0, "FORMACIONPROFESIONAL": 0, "HOSPITALARIA": 0, "IDIOMAS": 0, "INFANTIL": 0, "MILITAR": 0, "MUSICA": 0, "OTRO": 0, "OTRONOEDUCATIVO": 0, "PENITENCIARIO": 0, "PRIMARIA": 0, "SECUNDARIA": 1, "SUPERIOR": 0, "UNIVERSITARIO": 0 }, "geometry": { "type": "Point", "coordinates": [ 3188424.205835099797696, 2030378.683724569389597 ] } },
{ "type": "Feature", "properties": { "centro_codigo": "28046111", "centro_nombre": "ALPEDRETE", "centro_tipo_descripcion": "INSTITUTO DE EDUCACIÓN SECUNDARIA", "centro_titularidad": "PÚBLICO", "centro_titular": "COMUNIDAD DE MADRID", "municipio_nombre": "Alpedrete", "distrito_nombre": null, "direccion_coor_x": 414076.0, "direccion_coor_y": 4500861.0, "ARTE": 0, "DANZA": 0, "EDUCACIONADULTA": 0, "EDUCACIONESPECIAL": 0, "FORMACIONPROFESIONAL": 0, "HOSPITALARIA": 0, "IDIOMAS": 0, "INFANTIL": 0, "MILITAR": 0, "MUSICA": 0, "OTRO": 0, "OTRONOEDUCATIVO": 0, "PENITENCIARIO": 0, "PRIMARIA": 0, "SECUNDARIA": 1, "SUPERIOR": 0, "UNIVERSITARIO": 0 }, "geometry": { "type": "Point", "coordinates": [ 3137674.990490231662989, 2060614.92536829225719 ] } },
{ "type": "Feature", "properties": { "centro_codigo": "28046182", "centro_nombre": "SANTA MARIA", "centro_tipo_descripcion": "CENTRO PRIVADO DE EDUCACIÓN INFANTIL, PRIMARIA Y SECUNDARIA", "centro_titularidad": "PRIVADO CONCERTADO", "centro_titular": "FUNDACIÓN MARISTAS IBÉRICA", "municipio_nombre": "Collado Villalba", "distrito_nombre": null, "direccion_coor_x": 415648.0, "direccion_coor_y": 4499128.0, "ARTE": 0, "DANZA": 0, "EDUCACIONADULTA": 0, "EDUCACIONESPECIAL": 0, "FORMACIONPROFESIONAL": 0, "HOSPITALARIA": 0, "IDIOMAS": 0, "INFANTIL": 1, "MILITAR": 0, "MUSICA": 0, "OTRO": 0, "OTRONOEDUCATIVO": 0, "PENITENCIARIO": 0, "PRIMARIA": 1, "SECUNDARIA": 1, "SUPERIOR": 0, "UNIVERSITARIO": 0 }, "geometry": { "type": "Point", "coordinates": [ 3138954.615118648856878, 2058633.772775501245633 ] } },
{ "type": "Feature", "properties": { "centro_codigo": "28046251", "centro_nombre": "FRANCISCO AYALA", "centro_tipo_descripcion": "INSTITUTO DE EDUCACIÓN SECUNDARIA", "centro_titularidad": "PÚBLICO", "centro_titular": "COMUNIDAD DE MADRID", "municipio_nombre": "Hoyo de Manzanares", "distrito_nombre": null, "direccion_coor_x": 423775.0, "direccion_coor_y": 4497627.0, "ARTE": 0, "DANZA": 0, "EDUCACIONADULTA": 0, "EDUCACIONESPECIAL": 0, "FORMACIONPROFESIONAL": 0, "HOSPITALARIA": 0, "IDIOMAS": 0, "INFANTIL": 0, "MILITAR": 0, "MUSICA": 0, "OTRO": 0, "OTRONOEDUCATIVO": 0, "PENITENCIARIO": 0, "PRIMARIA": 0, "SECUNDARIA": 1, "SUPERIOR": 0, "UNIVERSITARIO": 0 }, "geometry": { "type": "Point", "coordinates": [ 3146744.564667886123061, 2055743.327017155941576 ] } },
{ "type": "Feature", "properties": { "centro_codigo": "28046261", "centro_nombre": "IGNACIO ALDECOA", "centro_tipo_descripcion": "INSTITUTO DE EDUCACIÓN SECUNDARIA", "centro_titularidad": "PÚBLICO", "centro_titular": "COMUNIDAD DE MADRID", "municipio_nombre": "Getafe", "distrito_nombre": null, "direccion_coor_x": 444148.0, "direccion_coor_y": 4464074.0, "ARTE": 0, "DANZA": 0, "EDUCACIONADULTA": 0, "EDUCACIONESPECIAL": 0, "FORMACIONPROFESIONAL": 0, "HOSPITALARIA": 0, "IDIOMAS": 0, "INFANTIL": 0, "MILITAR": 0, "MUSICA": 0, "OTRO": 0, "OTRONOEDUCATIVO": 0, "PENITENCIARIO": 0, "PRIMARIA": 0, "SECUNDARIA": 1, "SUPERIOR": 0, "UNIVERSITARIO": 0 }, "geometry": { "type": "Point", "coordinates": [ 3161607.216421096585691, 2019149.261494814185426 ] } },
{ "type": "Feature", "properties": { "centro_codigo": "28046273", "centro_nombre": "MAESTRO JUAN MARIA LEONET", "centro_tipo_descripcion": "INSTITUTO DE EDUCACIÓN SECUNDARIA", "centro_titularidad": "PÚBLICO", "centro_titular": "COMUNIDAD DE MADRID", "municipio_nombre": "Villa del Prado", "distrito_nombre": null, "direccion_coor_x": 389134.0, "direccion_coor_y": 4458839.0, "ARTE": 0, "DANZA": 0, "EDUCACIONADULTA": 0, "EDUCACIONESPECIAL": 0, "FORMACIONPROFESIONAL": 0, "HOSPITALARIA": 0, "IDIOMAS": 0, "INFANTIL": 0, "MILITAR": 0, "MUSICA": 0, "OTRO": 0, "OTRONOEDUCATIVO": 0, "PENITENCIARIO": 0, "PRIMARIA": 0, "SECUNDARIA": 1, "SUPERIOR": 0, "UNIVERSITARIO": 0 }, "geometry": { "type": "Point", "coordinates": [ 3106440.418102722615004, 2023541.628068099962547 ] } },
{ "type": "Feature", "properties": { "centro_codigo": "28046285", "centro_nombre": "IES NUEVO EN COLMENAR DE OREJA", "centro_tipo_descripcion": "SECCIÓN DE INSTITUTO DE EDUCACIÓN SECUNDARIA", "centro_titularidad": "PÚBLICO", "centro_titular": "COMUNIDAD DE MADRID", "municipio_nombre": "Colmenar de Oreja", "distrito_nombre": null, "direccion_coor_x": 466500.0, "direccion_coor_y": 4440522.0, "ARTE": 0, "DANZA": 0, "EDUCACIONADULTA": 0, "EDUCACIONESPECIAL": 0, "FORMACIONPROFESIONAL": 0, "HOSPITALARIA": 0, "IDIOMAS": 0, "INFANTIL": 0, "MILITAR": 0, "MUSICA": 0, "OTRO": 0, "OTRONOEDUCATIVO": 0, "PENITENCIARIO": 0, "PRIMARIA": 0, "SECUNDARIA": 1, "SUPERIOR": 0, "UNIVERSITARIO": 0 }, "geometry": { "type": "Point", "coordinates": [ 3180021.176758584566414, 1992085.912840070901439 ] } },
{ "type": "Feature", "properties": { "centro_codigo": "28046297", "centro_nombre": "VEGA DEL TAJUÑA", "centro_tipo_descripcion": "INSTITUTO DE EDUCACIÓN SECUNDARIA", "centro_titularidad": "PÚBLICO", "centro_titular": "COMUNIDAD DE MADRID", "municipio_nombre": "Morata de Tajuña", "distrito_nombre": null, "direccion_coor_x": 462330.0, "direccion_coor_y": 4453313.0, "ARTE": 0, "DANZA": 0, "EDUCACIONADULTA": 0, "EDUCACIONESPECIAL": 0, "FORMACIONPROFESIONAL": 0, "HOSPITALARIA": 0, "IDIOMAS": 0, "INFANTIL": 0, "MILITAR": 0, "MUSICA": 0, "OTRO": 0, "OTRONOEDUCATIVO": 0, "PENITENCIARIO": 0, "PRIMARIA": 0, "SECUNDARIA": 1, "SUPERIOR": 0, "UNIVERSITARIO": 0 }, "geometry": { "type": "Point", "coordinates": [ 3177894.541608188301325, 2005406.107082267291844 ] } },
{ "type": "Feature", "properties": { "centro_codigo": "28046303", "centro_nombre": "LAS ENCINAS", "centro_tipo_descripcion": "INSTITUTO DE EDUCACIÓN SECUNDARIA", "centro_titularidad": "PÚBLICO", "centro_titular": "COMUNIDAD DE MADRID", "municipio_nombre": "Villanueva de la Cañada", "distrito_nombre": null, "direccion_coor_x": 415709.0, "direccion_coor_y": 4478773.0, "ARTE": 0, "DANZA": 0, "EDUCACIONADULTA": 0, "EDUCACIONESPECIAL": 0, "FORMACIONPROFESIONAL": 0, "HOSPITALARIA": 0, "IDIOMAS": 0, "INFANTIL": 0, "MILITAR": 0, "MUSICA": 0, "OTRO": 0, "OTRONOEDUCATIVO": 0, "PENITENCIARIO": 0, "PRIMARIA": 0, "SECUNDARIA": 1, "SUPERIOR": 0, "UNIVERSITARIO": 0 }, "geometry": { "type": "Point", "coordinates": [ 3135815.398200476542115, 2038562.762295906199142 ] } },
{ "type": "Feature", "properties": { "centro_codigo": "28046315", "centro_nombre": "GRIÑON", "centro_tipo_descripcion": "INSTITUTO DE EDUCACIÓN SECUNDARIA", "centro_titularidad": "PÚBLICO", "centro_titular": "COMUNIDAD DE MADRID", "municipio_nombre": "Griñón", "distrito_nombre": null, "direccion_coor_x": 428019.0, "direccion_coor_y": 4451937.0, "ARTE": 0, "DANZA": 0, "EDUCACIONADULTA": 0, "EDUCACIONESPECIAL": 0, "FORMACIONPROFESIONAL": 0, "HOSPITALARIA": 0, "IDIOMAS": 0, "INFANTIL": 0, "MILITAR": 0, "MUSICA": 0, "OTRO": 0, "OTRONOEDUCATIVO": 0, "PENITENCIARIO": 0, "PRIMARIA": 0, "SECUNDARIA": 1, "SUPERIOR": 0, "UNIVERSITARIO": 0 }, "geometry": { "type": "Point", "coordinates": [ 3143770.669814321212471, 2009983.248048207256943 ] } },
{ "type": "Feature", "properties": { "centro_codigo": "28046339", "centro_nombre": "SAN AGUSTIN DE GUADALIX", "centro_tipo_descripcion": "INSTITUTO DE EDUCACIÓN SECUNDARIA", "centro_titularidad": "PÚBLICO", "centro_titular": "COMUNIDAD DE MADRID", "municipio_nombre": "San Agustín del Guadalix", "distrito_nombre": null, "direccion_coor_x": 447673.0, "direccion_coor_y": 4503321.0, "ARTE": 0, "DANZA": 0, "EDUCACIONADULTA": 0, "EDUCACIONESPECIAL": 0, "FORMACIONPROFESIONAL": 0, "HOSPITALARIA": 0, "IDIOMAS": 0, "INFANTIL": 0, "MILITAR": 0, "MUSICA": 0, "OTRO": 0, "OTRONOEDUCATIVO": 0, "PENITENCIARIO": 0, "PRIMARIA": 0, "SECUNDARIA": 1, "SUPERIOR": 0, "UNIVERSITARIO": 0 }, "geometry": { "type": "Point", "coordinates": [ 3171244.887029017787427, 2057214.000571342650801 ] } },
{ "type": "Feature", "properties": { "centro_codigo": "28046352", "centro_nombre": "CAÑADA REAL", "centro_tipo_descripcion": "INSTITUTO DE EDUCACIÓN SECUNDARIA", "centro_titularidad": "PÚBLICO", "centro_titular": "COMUNIDAD DE MADRID", "municipio_nombre": "Galapagar", "distrito_nombre": null, "direccion_coor_x": 414672.0, "direccion_coor_y": 4493001.0, "ARTE": 0, "DANZA": 0, "EDUCACIONADULTA": 0, "EDUCACIONESPECIAL": 0, "FORMACIONPROFESIONAL": 0, "HOSPITALARIA": 0, "IDIOMAS": 0, "INFANTIL": 0, "MILITAR": 0, "MUSICA": 0, "OTRO": 0, "OTRONOEDUCATIVO": 0, "PENITENCIARIO": 0, "PRIMARIA": 0, "SECUNDARIA": 1, "SUPERIOR": 0, "UNIVERSITARIO": 0 }, "geometry": { "type": "Point", "coordinates": [ 3137026.928670080378652, 2052764.766381830209866 ] } },
{ "type": "Feature", "properties": { "centro_codigo": "28046364", "centro_nombre": "EL ESCORIAL", "centro_tipo_descripcion": "INSTITUTO DE EDUCACIÓN SECUNDARIA", "centro_titularidad": "PÚBLICO", "centro_titular": "COMUNIDAD DE MADRID", "municipio_nombre": "Escorial, El", "distrito_nombre": null, "direccion_coor_x": 404844.0, "direccion_coor_y": 4492574.0, "ARTE": 0, "DANZA": 0, "EDUCACIONADULTA": 0, "EDUCACIONESPECIAL": 0, "FORMACIONPROFESIONAL": 0, "HOSPITALARIA": 0, "IDIOMAS": 0, "INFANTIL": 0, "MILITAR": 0, "MUSICA": 0, "OTRO": 0, "OTRONOEDUCATIVO": 0, "PENITENCIARIO": 0, "PRIMARIA": 0, "SECUNDARIA": 1, "SUPERIOR": 0, "UNIVERSITARIO": 0 }, "geometry": { "type": "Point", "coordinates": [ 3127254.504844642244279, 2054052.463722498854622 ] } },
{ "type": "Feature", "properties": { "centro_codigo": "28046509", "centro_nombre": "SAGRADA FAMILIA", "centro_tipo_descripcion": "CENTRO PRIVADO DE EDUCACIÓN INFANTIL, PRIMARIA Y SECUNDARIA", "centro_titularidad": "PRIVADO CONCERTADO", "centro_titular": "HNOS. DE LA SAGRADA FAMILIA", "municipio_nombre": "Madrid", "distrito_nombre": "Moratalaz", "direccion_coor_x": 446095.0, "direccion_coor_y": 4473064.0, "ARTE": 0, "DANZA": 0, "EDUCACIONADULTA": 0, "EDUCACIONESPECIAL": 0, "FORMACIONPROFESIONAL": 0, "HOSPITALARIA": 0, "IDIOMAS": 0, "INFANTIL": 1, "MILITAR": 0, "MUSICA": 0, "OTRO": 0, "OTRONOEDUCATIVO": 0, "PENITENCIARIO": 0, "PRIMARIA": 1, "SECUNDARIA": 1, "SUPERIOR": 0, "UNIVERSITARIO": 0 }, "geometry": { "type": "Point", "coordinates": [ 3164938.668900943361223, 2027670.669873798033223 ] } },
{ "type": "Feature", "properties": { "centro_codigo": "28046510", "centro_nombre": "MONCAYO", "centro_tipo_descripcion": "CENTRO PRIVADO DE EDUCACIÓN INFANTIL, PRIMARIA Y SECUNDARIA", "centro_titularidad": "PRIVADO CONCERTADO", "centro_titular": "CEIPS MONCAYO, S.L.", "municipio_nombre": "Fuenlabrada", "distrito_nombre": null, "direccion_coor_x": 431993.0, "direccion_coor_y": 4460006.0, "ARTE": 0, "DANZA": 0, "EDUCACIONADULTA": 0, "EDUCACIONESPECIAL": 0, "FORMACIONPROFESIONAL": 0, "HOSPITALARIA": 0, "IDIOMAS": 0, "INFANTIL": 1, "MILITAR": 0, "MUSICA": 0, "OTRO": 0, "OTRONOEDUCATIVO": 0, "PENITENCIARIO": 0, "PRIMARIA": 1, "SECUNDARIA": 1, "SUPERIOR": 0, "UNIVERSITARIO": 0 }, "geometry": { "type": "Point", "coordinates": [ 3148959.965117419138551, 2017245.112613482167944 ] } },
{ "type": "Feature", "properties": { "centro_codigo": "28046522", "centro_nombre": "EUROPA", "centro_tipo_descripcion": "INSTITUTO DE EDUCACIÓN SECUNDARIA", "centro_titularidad": "PÚBLICO", "centro_titular": "COMUNIDAD DE MADRID", "municipio_nombre": "Rivas-Vaciamadrid", "distrito_nombre": null, "direccion_coor_x": 455017.0, "direccion_coor_y": 4467449.0, "ARTE": 0, "DANZA": 0, "EDUCACIONADULTA": 0, "EDUCACIONESPECIAL": 0, "FORMACIONPROFESIONAL": 0, "HOSPITALARIA": 0, "IDIOMAS": 0, "INFANTIL": 0, "MILITAR": 0, "MUSICA": 0, "OTRO": 0, "OTRONOEDUCATIVO": 0, "PENITENCIARIO": 0, "PRIMARIA": 0, "SECUNDARIA": 1, "SUPERIOR": 0, "UNIVERSITARIO": 0 }, "geometry": { "type": "Point", "coordinates": [ 3172876.188394587486982, 2020595.95030083344318 ] } },
{ "type": "Feature", "properties": { "centro_codigo": "28046558", "centro_nombre": "GREGORIO PECES-BARBA", "centro_tipo_descripcion": "INSTITUTO DE EDUCACIÓN SECUNDARIA", "centro_titularidad": "PÚBLICO", "centro_titular": "COMUNIDAD DE MADRID", "municipio_nombre": "Colmenarejo", "distrito_nombre": null, "direccion_coor_x": 414244.0, "direccion_coor_y": 4490055.0, "ARTE": 0, "DANZA": 0, "EDUCACIONADULTA": 0, "EDUCACIONESPECIAL": 0, "FORMACIONPROFESIONAL": 0, "HOSPITALARIA": 0, "IDIOMAS": 0, "INFANTIL": 0, "MILITAR": 0, "MUSICA": 0, "OTRO": 0, "OTRONOEDUCATIVO": 0, "PENITENCIARIO": 0, "PRIMARIA": 0, "SECUNDARIA": 1, "SUPERIOR": 0, "UNIVERSITARIO": 0 }, "geometry": { "type": "Point", "coordinates": [ 3136141.021271384321153, 2049935.710415225476027 ] } },
{ "type": "Feature", "properties": { "centro_codigo": "28046601", "centro_nombre": "CENTRO ESCOLAR BALDER", "centro_tipo_descripcion": "CENTRO PRIVADO DE EDUCACIÓN INFANTIL, PRIMARIA Y SECUNDARIA", "centro_titularidad": "PRIVADO", "centro_titular": "CENTROS ESCOLARES BALDER S.L.", "municipio_nombre": "Rozas de Madrid, Las", "distrito_nombre": null, "direccion_coor_x": 423470.0, "direccion_coor_y": 4489335.0, "ARTE": 0, "DANZA": 0, "EDUCACIONADULTA": 0, "EDUCACIONESPECIAL": 0, "FORMACIONPROFESIONAL": 0, "HOSPITALARIA": 0, "IDIOMAS": 0, "INFANTIL": 1, "MILITAR": 0, "MUSICA": 0, "OTRO": 0, "OTRONOEDUCATIVO": 0, "PENITENCIARIO": 0, "PRIMARIA": 1, "SECUNDARIA": 1, "SUPERIOR": 0, "UNIVERSITARIO": 0 }, "geometry": { "type": "Point", "coordinates": [ 3145139.890502068214118, 2047624.233232771977782 ] } },
{ "type": "Feature", "properties": { "centro_codigo": "28046881", "centro_nombre": "SAN SATURIO", "centro_tipo_descripcion": "CENTRO PRIVADO DE EDUCACIÓN INFANTIL, PRIMARIA Y SECUNDARIA", "centro_titularidad": "PRIVADO CONCERTADO", "centro_titular": "FORMACION, EDUCACION SAN SATURIO SOCIEDAD COOP.  MADRILEÑA", "municipio_nombre": "Madrid", "distrito_nombre": "Arganzuela", "direccion_coor_x": 440689.0, "direccion_coor_y": 4472845.0, "ARTE": 0, "DANZA": 0, "EDUCACIONADULTA": 0, "EDUCACIONESPECIAL": 0, "FORMACIONPROFESIONAL": 0, "HOSPITALARIA": 0, "IDIOMAS": 0, "INFANTIL": 1, "MILITAR": 0, "MUSICA": 0, "OTRO": 0, "OTRONOEDUCATIVO": 0, "PENITENCIARIO": 0, "PRIMARIA": 1, "SECUNDARIA": 1, "SUPERIOR": 0, "UNIVERSITARIO": 0 }, "geometry": { "type": "Point", "coordinates": [ 3159562.815427896101028, 2028390.209000871516764 ] } },
{ "type": "Feature", "properties": { "centro_codigo": "28046901", "centro_nombre": "LAS ROSAS", "centro_tipo_descripcion": "CENTRO PRIVADO DE EDUCACIÓN INFANTIL, PRIMARIA Y SECUNDARIA", "centro_titularidad": "PRIVADO CONCERTADO", "centro_titular": "COLEGIO LAS ROSAS, S.L.", "municipio_nombre": "Madrid", "distrito_nombre": "San Blas-Canillejas", "direccion_coor_x": 448523.0, "direccion_coor_y": 4475776.0, "ARTE": 0, "DANZA": 0, "EDUCACIONADULTA": 0, "EDUCACIONESPECIAL": 0, "FORMACIONPROFESIONAL": 0, "HOSPITALARIA": 0, "IDIOMAS": 0, "INFANTIL": 1, "MILITAR": 0, "MUSICA": 0, "OTRO": 0, "OTRONOEDUCATIVO": 0, "PENITENCIARIO": 0, "PRIMARIA": 1, "SECUNDARIA": 1, "SUPERIOR": 0, "UNIVERSITARIO": 0 }, "geometry": { "type": "Point", "coordinates": [ 3167762.632088469807059, 2029923.090086808195338 ] } },
{ "type": "Feature", "properties": { "centro_codigo": "28047320", "centro_nombre": "GONDOMAR", "centro_tipo_descripcion": "CENTRO PRIVADO DE EDUCACIÓN INFANTIL, PRIMARIA Y SECUNDARIA", "centro_titularidad": "PRIVADO", "centro_titular": "EPISTEME GALAPAGAR, S.L.", "municipio_nombre": "Galapagar", "distrito_nombre": null, "direccion_coor_x": 415325.0, "direccion_coor_y": 4491677.0, "ARTE": 0, "DANZA": 0, "EDUCACIONADULTA": 0, "EDUCACIONESPECIAL": 0, "FORMACIONPROFESIONAL": 0, "HOSPITALARIA": 0, "IDIOMAS": 0, "INFANTIL": 1, "MILITAR": 0, "MUSICA": 0, "OTRO": 0, "OTRONOEDUCATIVO": 0, "PENITENCIARIO": 0, "PRIMARIA": 1, "SECUNDARIA": 1, "SUPERIOR": 0, "UNIVERSITARIO": 0 }, "geometry": { "type": "Point", "coordinates": [ 3137463.621416897512972, 2051346.460261718835682 ] } },
{ "type": "Feature", "properties": { "centro_codigo": "28047368", "centro_nombre": "LOS ABETOS", "centro_tipo_descripcion": "CENTRO PRIVADO DE EDUCACIÓN INFANTIL, PRIMARIA Y SECUNDARIA", "centro_titularidad": "PRIVADO CONCERTADO", "centro_titular": "ANGELES SANTIAGO OROZCO", "municipio_nombre": "Manzanares el Real", "distrito_nombre": null, "direccion_coor_x": 425998.0, "direccion_coor_y": 4508640.0, "ARTE": 0, "DANZA": 0, "EDUCACIONADULTA": 0, "EDUCACIONESPECIAL": 0, "FORMACIONPROFESIONAL": 0, "HOSPITALARIA": 0, "IDIOMAS": 0, "INFANTIL": 1, "MILITAR": 0, "MUSICA": 0, "OTRO": 0, "OTRONOEDUCATIVO": 0, "PENITENCIARIO": 0, "PRIMARIA": 1, "SECUNDARIA": 1, "SUPERIOR": 0, "UNIVERSITARIO": 0 }, "geometry": { "type": "Point", "coordinates": [ 3150672.871501465328038, 2066211.740675028879195 ] } },
{ "type": "Feature", "properties": { "centro_codigo": "28047411", "centro_nombre": "PRINCIPE FELIPE", "centro_tipo_descripcion": "INSTITUTO DE EDUCACIÓN SECUNDARIA", "centro_titularidad": "PÚBLICO", "centro_titular": "COMUNIDAD DE MADRID", "municipio_nombre": "Madrid", "distrito_nombre": "Fuencarral-El Pardo", "direccion_coor_x": 440443.0, "direccion_coor_y": 4481344.0, "ARTE": 0, "DANZA": 0, "EDUCACIONADULTA": 0, "EDUCACIONESPECIAL": 0, "FORMACIONPROFESIONAL": 0, "HOSPITALARIA": 0, "IDIOMAS": 0, "INFANTIL": 0, "MILITAR": 0, "MUSICA": 0, "OTRO": 0, "OTRONOEDUCATIVO": 0, "PENITENCIARIO": 0, "PRIMARIA": 0, "SECUNDARIA": 1, "SUPERIOR": 0, "UNIVERSITARIO": 0 }, "geometry": { "type": "Point", "coordinates": [ 3160652.051618546247482, 2036807.666864061495289 ] } },
{ "type": "Feature", "properties": { "centro_codigo": "28048282", "centro_nombre": "PUERTA BONITA", "centro_tipo_descripcion": "INSTITUTO DE EDUCACIÓN SECUNDARIA", "centro_titularidad": "PÚBLICO", "centro_titular": "COMUNIDAD DE MADRID", "municipio_nombre": "Madrid", "distrito_nombre": "Carabanchel", "direccion_coor_x": 437217.0, "direccion_coor_y": 4470150.0, "ARTE": 0, "DANZA": 0, "EDUCACIONADULTA": 0, "EDUCACIONESPECIAL": 0, "FORMACIONPROFESIONAL": 0, "HOSPITALARIA": 0, "IDIOMAS": 0, "INFANTIL": 0, "MILITAR": 0, "MUSICA": 0, "OTRO": 0, "OTRONOEDUCATIVO": 0, "PENITENCIARIO": 0, "PRIMARIA": 0, "SECUNDARIA": 1, "SUPERIOR": 0, "UNIVERSITARIO": 0 }, "geometry": { "type": "Point", "coordinates": [ 3155710.100534796714783, 2026335.696002578828484 ] } },
{ "type": "Feature", "properties": { "centro_codigo": "28048294", "centro_nombre": "HOTEL ESCUELA DE LA COMUNIDAD DE MADRID", "centro_tipo_descripcion": "INSTITUTO DE EDUCACIÓN SECUNDARIA", "centro_titularidad": "PÚBLICO", "centro_titular": "COMUNIDAD DE MADRID", "municipio_nombre": "Madrid", "distrito_nombre": "Fuencarral-El Pardo", "direccion_coor_x": 442165.0, "direccion_coor_y": 4486317.0, "ARTE": 0, "DANZA": 0, "EDUCACIONADULTA": 0, "EDUCACIONESPECIAL": 0, "FORMACIONPROFESIONAL": 0, "HOSPITALARIA": 0, "IDIOMAS": 0, "INFANTIL": 0, "MILITAR": 0, "MUSICA": 0, "OTRO": 0, "OTRONOEDUCATIVO": 0, "PENITENCIARIO": 0, "PRIMARIA": 0, "SECUNDARIA": 1, "SUPERIOR": 0, "UNIVERSITARIO": 0 }, "geometry": { "type": "Point", "coordinates": [ 3163133.422286287881434, 2041410.129385585896671 ] } },
{ "type": "Feature", "properties": { "centro_codigo": "28048324", "centro_nombre": "B.R.A.-INSTITUCION", "centro_tipo_descripcion": "CENTRO PRIVADO DE EDUCACIÓN INFANTIL, PRIMARIA Y SECUNDARIA", "centro_titularidad": "PRIVADO", "centro_titular": "COLEGIO BRAINS, S.L.", "municipio_nombre": "Alcobendas", "distrito_nombre": null, "direccion_coor_x": 446505.0, "direccion_coor_y": 4486823.0, "ARTE": 0, "DANZA": 0, "EDUCACIONADULTA": 0, "EDUCACIONESPECIAL": 0, "FORMACIONPROFESIONAL": 0, "HOSPITALARIA": 0, "IDIOMAS": 0, "INFANTIL": 1, "MILITAR": 0, "MUSICA": 0, "OTRO": 0, "OTRONOEDUCATIVO": 0, "PENITENCIARIO": 0, "PRIMARIA": 1, "SECUNDARIA": 1, "SUPERIOR": 0, "UNIVERSITARIO": 0 }, "geometry": { "type": "Point", "coordinates": [ 3167500.583503067493439, 2041157.775302963797003 ] } },
{ "type": "Feature", "properties": { "centro_codigo": "28048476", "centro_nombre": "FEDERICO GARCIA LORCA", "centro_tipo_descripcion": "INSTITUTO DE EDUCACIÓN SECUNDARIA", "centro_titularidad": "PÚBLICO", "centro_titular": "COMUNIDAD DE MADRID", "municipio_nombre": "Rozas de Madrid, Las", "distrito_nombre": null, "direccion_coor_x": 423904.0, "direccion_coor_y": 4489337.0, "ARTE": 0, "DANZA": 0, "EDUCACIONADULTA": 0, "EDUCACIONESPECIAL": 0, "FORMACIONPROFESIONAL": 0, "HOSPITALARIA": 0, "IDIOMAS": 0, "INFANTIL": 0, "MILITAR": 0, "MUSICA": 0, "OTRO": 0, "OTRONOEDUCATIVO": 0, "PENITENCIARIO": 0, "PRIMARIA": 0, "SECUNDARIA": 1, "SUPERIOR": 0, "UNIVERSITARIO": 0 }, "geometry": { "type": "Point", "coordinates": [ 3145568.869593605399132, 2047550.89744583168067 ] } },
{ "type": "Feature", "properties": { "centro_codigo": "28048774", "centro_nombre": "ALARCON", "centro_tipo_descripcion": "CENTRO PRIVADO DE EDUCACIÓN INFANTIL, PRIMARIA Y SECUNDARIA", "centro_titularidad": "PRIVADO", "centro_titular": "LABORDOC, S.L. UNIPERSONAL", "municipio_nombre": "Pozuelo de Alarcón", "distrito_nombre": null, "direccion_coor_x": 432070.0, "direccion_coor_y": 4477000.0, "ARTE": 0, "DANZA": 0, "EDUCACIONADULTA": 0, "EDUCACIONESPECIAL": 0, "FORMACIONPROFESIONAL": 0, "HOSPITALARIA": 0, "IDIOMAS": 0, "INFANTIL": 1, "MILITAR": 0, "MUSICA": 0, "OTRO": 0, "OTRONOEDUCATIVO": 0, "PENITENCIARIO": 0, "PRIMARIA": 1, "SECUNDARIA": 1, "SUPERIOR": 0, "UNIVERSITARIO": 0 }, "geometry": { "type": "Point", "coordinates": [ 3151698.73757612798363, 2033977.220299029257149 ] } },
{ "type": "Feature", "properties": { "centro_codigo": "28048877", "centro_nombre": "VIRGEN DE LA VEGA", "centro_tipo_descripcion": "CENTRO PRIVADO DE EDUCACIÓN INFANTIL, PRIMARIA Y SECUNDARIA", "centro_titularidad": "PRIVADO CONCERTADO", "centro_titular": "COLEGIO VIRGEN DE LA VEGA, S.L.", "municipio_nombre": "Fuenlabrada", "distrito_nombre": null, "direccion_coor_x": 432417.0, "direccion_coor_y": 4459007.0, "ARTE": 0, "DANZA": 0, "EDUCACIONADULTA": 0, "EDUCACIONESPECIAL": 0, "FORMACIONPROFESIONAL": 0, "HOSPITALARIA": 0, "IDIOMAS": 0, "INFANTIL": 1, "MILITAR": 0, "MUSICA": 0, "OTRO": 0, "OTRONOEDUCATIVO": 0, "PENITENCIARIO": 0, "PRIMARIA": 1, "SECUNDARIA": 1, "SUPERIOR": 0, "UNIVERSITARIO": 0 }, "geometry": { "type": "Point", "coordinates": [ 3149222.536996438167989, 2016187.319773836992681 ] } },
{ "type": "Feature", "properties": { "centro_codigo": "28048932", "centro_nombre": "NORFOLK", "centro_tipo_descripcion": "CENTRO PRIVADO DE EDUCACIÓN INFANTIL, PRIMARIA Y SECUNDARIA", "centro_titularidad": "PRIVADO CONCERTADO", "centro_titular": "COLEGIOS Y ORGANIZACION, S.L.", "municipio_nombre": "Cobeña", "distrito_nombre": null, "direccion_coor_x": 457891.0, "direccion_coor_y": 4490567.0, "ARTE": 0, "DANZA": 0, "EDUCACIONADULTA": 0, "EDUCACIONESPECIAL": 0, "FORMACIONPROFESIONAL": 0, "HOSPITALARIA": 0, "IDIOMAS": 0, "INFANTIL": 1, "MILITAR": 0, "MUSICA": 0, "OTRO": 0, "OTRONOEDUCATIVO": 0, "PENITENCIARIO": 0, "PRIMARIA": 1, "SECUNDARIA": 1, "SUPERIOR": 0, "UNIVERSITARIO": 0 }, "geometry": { "type": "Point", "coordinates": [ 3179337.609720474109054, 2042878.960260106250644 ] } },
{ "type": "Feature", "properties": { "centro_codigo": "28048944", "centro_nombre": "COLEGIO EUROPEO ARISTOS", "centro_tipo_descripcion": "CENTRO PRIVADO DE EDUCACIÓN INFANTIL, PRIMARIA Y SECUNDARIA", "centro_titularidad": "PRIVADO", "centro_titular": "INGLAN, S.A.", "municipio_nombre": "Getafe", "distrito_nombre": null, "direccion_coor_x": 436115.0, "direccion_coor_y": 4460903.0, "ARTE": 0, "DANZA": 0, "EDUCACIONADULTA": 0, "EDUCACIONESPECIAL": 0, "FORMACIONPROFESIONAL": 0, "HOSPITALARIA": 0, "IDIOMAS": 0, "INFANTIL": 1, "MILITAR": 0, "MUSICA": 0, "OTRO": 0, "OTRONOEDUCATIVO": 0, "PENITENCIARIO": 0, "PRIMARIA": 1, "SECUNDARIA": 1, "SUPERIOR": 0, "UNIVERSITARIO": 0 }, "geometry": { "type": "Point", "coordinates": [ 3153173.249357003718615, 2017415.025963383493945 ] } },
{ "type": "Feature", "properties": { "centro_codigo": "28048993", "centro_nombre": "MADRIGAL", "centro_tipo_descripcion": "CENTRO PRIVADO DE EDUCACIÓN INFANTIL, PRIMARIA Y SECUNDARIA", "centro_titularidad": "PRIVADO CONCERTADO", "centro_titular": "COLEGIO MADRIGAL, SDAD. COOP. MADRILEÑA", "municipio_nombre": "Fuenlabrada", "distrito_nombre": null, "direccion_coor_x": 428541.0, "direccion_coor_y": 4461912.0, "ARTE": 0, "DANZA": 0, "EDUCACIONADULTA": 0, "EDUCACIONESPECIAL": 0, "FORMACIONPROFESIONAL": 0, "HOSPITALARIA": 0, "IDIOMAS": 0, "INFANTIL": 1, "MILITAR": 0, "MUSICA": 0, "OTRO": 0, "OTRONOEDUCATIVO": 0, "PENITENCIARIO": 0, "PRIMARIA": 1, "SECUNDARIA": 1, "SUPERIOR": 0, "UNIVERSITARIO": 0 }, "geometry": { "type": "Point", "coordinates": [ 3145847.688340531662107, 2019721.357947554904968 ] } },
{ "type": "Feature", "properties": { "centro_codigo": "28049341", "centro_nombre": "CENTRO DE CAPACITACION AGRARIA", "centro_tipo_descripcion": "INSTITUTO DE EDUCACIÓN SECUNDARIA", "centro_titularidad": "PÚBLICO", "centro_titular": "COMUNIDAD DE MADRID", "municipio_nombre": "Villaviciosa de Odón", "distrito_nombre": null, "direccion_coor_x": 424379.0, "direccion_coor_y": 4468054.0, "ARTE": 0, "DANZA": 0, "EDUCACIONADULTA": 0, "EDUCACIONESPECIAL": 0, "FORMACIONPROFESIONAL": 0, "HOSPITALARIA": 0, "IDIOMAS": 0, "INFANTIL": 0, "MILITAR": 0, "MUSICA": 0, "OTRO": 0, "OTRONOEDUCATIVO": 0, "PENITENCIARIO": 0, "PRIMARIA": 0, "SECUNDARIA": 1, "SUPERIOR": 0, "UNIVERSITARIO": 0 }, "geometry": { "type": "Point", "coordinates": [ 3142698.10631768591702, 2026495.145366717595607 ] } },
{ "type": "Feature", "properties": { "centro_codigo": "28049663", "centro_nombre": "COLEGIO EUROPEO DE MADRID", "centro_tipo_descripcion": "CENTRO PRIVADO DE EDUCACIÓN PRIMARIA Y SECUNDARIA", "centro_titularidad": "PRIVADO", "centro_titular": "COLEGIO EUROPEO DE MADRID, S.L.", "municipio_nombre": "Rozas de Madrid, Las", "distrito_nombre": null, "direccion_coor_x": 424754.0, "direccion_coor_y": 4487890.0, "ARTE": 0, "DANZA": 0, "EDUCACIONADULTA": 0, "EDUCACIONESPECIAL": 0, "FORMACIONPROFESIONAL": 0, "HOSPITALARIA": 0, "IDIOMAS": 0, "INFANTIL": 0, "MILITAR": 0, "MUSICA": 0, "OTRO": 0, "OTRONOEDUCATIVO": 0, "PENITENCIARIO": 0, "PRIMARIA": 1, "SECUNDARIA": 1, "SUPERIOR": 0, "UNIVERSITARIO": 0 }, "geometry": { "type": "Point", "coordinates": [ 3146181.106528346426785, 2045977.398208975559101 ] } },
{ "type": "Feature", "properties": { "centro_codigo": "28049857", "centro_nombre": "EL VALLE", "centro_tipo_descripcion": "CENTRO PRIVADO DE EDUCACIÓN INFANTIL, PRIMARIA Y SECUNDARIA", "centro_titularidad": "PRIVADO CONCERTADO", "centro_titular": "VALRISCO, S.L.L.", "municipio_nombre": "Madrid", "distrito_nombre": "Vicálvaro", "direccion_coor_x": 447582.0, "direccion_coor_y": 4472646.0, "ARTE": 0, "DANZA": 0, "EDUCACIONADULTA": 0, "EDUCACIONESPECIAL": 0, "FORMACIONPROFESIONAL": 0, "HOSPITALARIA": 0, "IDIOMAS": 0, "INFANTIL": 1, "MILITAR": 0, "MUSICA": 0, "OTRO": 0, "OTRONOEDUCATIVO": 0, "PENITENCIARIO": 0, "PRIMARIA": 1, "SECUNDARIA": 1, "SUPERIOR": 0, "UNIVERSITARIO": 0 }, "geometry": { "type": "Point", "coordinates": [ 3166342.527209721505642, 2027001.634020597673953 ] } },
{ "type": "Feature", "properties": { "centro_codigo": "28050173", "centro_nombre": "LAGOMAR", "centro_tipo_descripcion": "CENTRO PRIVADO DE EDUCACIÓN INFANTIL, PRIMARIA Y SECUNDARIA", "centro_titularidad": "PRIVADO CONCERTADO", "centro_titular": "LAGOMAR, SDAD. COOP. MADRILEÑA", "municipio_nombre": "Valdemoro", "distrito_nombre": null, "direccion_coor_x": 441734.0, "direccion_coor_y": 4447691.0, "ARTE": 0, "DANZA": 0, "EDUCACIONADULTA": 0, "EDUCACIONESPECIAL": 0, "FORMACIONPROFESIONAL": 0, "HOSPITALARIA": 0, "IDIOMAS": 0, "INFANTIL": 1, "MILITAR": 0, "MUSICA": 0, "OTRO": 0, "OTRONOEDUCATIVO": 0, "PENITENCIARIO": 0, "PRIMARIA": 1, "SECUNDARIA": 1, "SUPERIOR": 0, "UNIVERSITARIO": 0 }, "geometry": { "type": "Point", "coordinates": [ 3156659.882860329467803, 2003425.089302810141817 ] } },
{ "type": "Feature", "properties": { "centro_codigo": "28050215", "centro_nombre": "ALDEAFUENTE", "centro_tipo_descripcion": "CENTRO PRIVADO DE EDUCACIÓN INFANTIL, PRIMARIA Y SECUNDARIA", "centro_titularidad": "PRIVADO", "centro_titular": "FOMENTO DE CENTROS DE ENSEÑANZA, S.A.", "municipio_nombre": "Alcobendas", "distrito_nombre": null, "direccion_coor_x": 446750.0, "direccion_coor_y": 4486728.0, "ARTE": 0, "DANZA": 0, "EDUCACIONADULTA": 0, "EDUCACIONESPECIAL": 0, "FORMACIONPROFESIONAL": 0, "HOSPITALARIA": 0, "IDIOMAS": 0, "INFANTIL": 1, "MILITAR": 0, "MUSICA": 0, "OTRO": 0, "OTRONOEDUCATIVO": 0, "PENITENCIARIO": 0, "PRIMARIA": 1, "SECUNDARIA": 1, "SUPERIOR": 0, "UNIVERSITARIO": 0 }, "geometry": { "type": "Point", "coordinates": [ 3167727.738149181939662, 2041021.778094682144001 ] } },
{ "type": "Feature", "properties": { "centro_codigo": "28050525", "centro_nombre": "GABRIELA MISTRAL", "centro_tipo_descripcion": "INSTITUTO DE EDUCACIÓN SECUNDARIA", "centro_titularidad": "PÚBLICO", "centro_titular": "COMUNIDAD DE MADRID", "municipio_nombre": "Arroyomolinos", "distrito_nombre": null, "direccion_coor_x": 422105.0, "direccion_coor_y": 4457468.0, "ARTE": 0, "DANZA": 0, "EDUCACIONADULTA": 0, "EDUCACIONESPECIAL": 0, "FORMACIONPROFESIONAL": 0, "HOSPITALARIA": 0, "IDIOMAS": 0, "INFANTIL": 0, "MILITAR": 0, "MUSICA": 0, "OTRO": 0, "OTRONOEDUCATIVO": 0, "PENITENCIARIO": 0, "PRIMARIA": 0, "SECUNDARIA": 1, "SUPERIOR": 0, "UNIVERSITARIO": 0 }, "geometry": { "type": "Point", "coordinates": [ 3138793.098421909846365, 2016458.487803627504036 ] } },
{ "type": "Feature", "properties": { "centro_codigo": "28050537", "centro_nombre": "ALFONSO MORENO", "centro_tipo_descripcion": "INSTITUTO DE EDUCACIÓN SECUNDARIA", "centro_titularidad": "PÚBLICO", "centro_titular": "COMUNIDAD DE MADRID", "municipio_nombre": "Brunete", "distrito_nombre": null, "direccion_coor_x": 414990.0, "direccion_coor_y": 4474113.0, "ARTE": 0, "DANZA": 0, "EDUCACIONADULTA": 0, "EDUCACIONESPECIAL": 0, "FORMACIONPROFESIONAL": 0, "HOSPITALARIA": 0, "IDIOMAS": 0, "INFANTIL": 0, "MILITAR": 0, "MUSICA": 0, "OTRO": 0, "OTRONOEDUCATIVO": 0, "PENITENCIARIO": 0, "PRIMARIA": 0, "SECUNDARIA": 1, "SUPERIOR": 0, "UNIVERSITARIO": 0 }, "geometry": { "type": "Point", "coordinates": [ 3134373.745378701016307, 2034095.382226514164358 ] } },
{ "type": "Feature", "properties": { "centro_codigo": "28050549", "centro_nombre": "GABRIEL CISNEROS", "centro_tipo_descripcion": "INSTITUTO DE EDUCACIÓN SECUNDARIA", "centro_titularidad": "PÚBLICO", "centro_titular": "COMUNIDAD DE MADRID", "municipio_nombre": "Móstoles", "distrito_nombre": null, "direccion_coor_x": 421615.0, "direccion_coor_y": 4463229.0, "ARTE": 0, "DANZA": 0, "EDUCACIONADULTA": 0, "EDUCACIONESPECIAL": 0, "FORMACIONPROFESIONAL": 0, "HOSPITALARIA": 0, "IDIOMAS": 0, "INFANTIL": 0, "MILITAR": 0, "MUSICA": 0, "OTRO": 0, "OTRONOEDUCATIVO": 0, "PENITENCIARIO": 0, "PRIMARIA": 0, "SECUNDARIA": 1, "SUPERIOR": 0, "UNIVERSITARIO": 0 }, "geometry": { "type": "Point", "coordinates": [ 3139211.374966588336974, 2022220.140912087634206 ] } },
{ "type": "Feature", "properties": { "centro_codigo": "28050550", "centro_nombre": "SEVILLA LA NUEVA", "centro_tipo_descripcion": "INSTITUTO DE EDUCACIÓN SECUNDARIA", "centro_titularidad": "PÚBLICO", "centro_titular": "COMUNIDAD DE MADRID", "municipio_nombre": "Sevilla la Nueva", "distrito_nombre": null, "direccion_coor_x": 412436.0, "direccion_coor_y": 4466716.0, "ARTE": 0, "DANZA": 0, "EDUCACIONADULTA": 0, "EDUCACIONESPECIAL": 0, "FORMACIONPROFESIONAL": 0, "HOSPITALARIA": 0, "IDIOMAS": 0, "INFANTIL": 0, "MILITAR": 0, "MUSICA": 0, "OTRO": 0, "OTRONOEDUCATIVO": 0, "PENITENCIARIO": 0, "PRIMARIA": 0, "SECUNDARIA": 1, "SUPERIOR": 0, "UNIVERSITARIO": 0 }, "geometry": { "type": "Point", "coordinates": [ 3130690.572688122745603, 2027249.754031949909404 ] } },
{ "type": "Feature", "properties": { "centro_codigo": "28050562", "centro_nombre": "SAPERE AUDE", "centro_tipo_descripcion": "INSTITUTO DE EDUCACIÓN SECUNDARIA", "centro_titularidad": "PÚBLICO", "centro_titular": "COMUNIDAD DE MADRID", "municipio_nombre": "Villanueva del Pardillo", "distrito_nombre": null, "direccion_coor_x": 418455.0, "direccion_coor_y": 4482689.0, "ARTE": 0, "DANZA": 0, "EDUCACIONADULTA": 0, "EDUCACIONESPECIAL": 0, "FORMACIONPROFESIONAL": 0, "HOSPITALARIA": 0, "IDIOMAS": 0, "INFANTIL": 0, "MILITAR": 0, "MUSICA": 0, "OTRO": 0, "OTRONOEDUCATIVO": 0, "PENITENCIARIO": 0, "PRIMARIA": 0, "SECUNDARIA": 1, "SUPERIOR": 0, "UNIVERSITARIO": 0 }, "geometry": { "type": "Point", "coordinates": [ 3139142.560277091339231, 2041945.071064363932237 ] } },
{ "type": "Feature", "properties": { "centro_codigo": "28050720", "centro_nombre": "MIGUEL DE CERVANTES", "centro_tipo_descripcion": "INSTITUTO DE EDUCACIÓN SECUNDARIA", "centro_titularidad": "PÚBLICO", "centro_titular": "COMUNIDAD DE MADRID", "municipio_nombre": "Móstoles", "distrito_nombre": null, "direccion_coor_x": 425373.0, "direccion_coor_y": 4462407.0, "ARTE": 0, "DANZA": 0, "EDUCACIONADULTA": 0, "EDUCACIONESPECIAL": 0, "FORMACIONPROFESIONAL": 0, "HOSPITALARIA": 0, "IDIOMAS": 0, "INFANTIL": 0, "MILITAR": 0, "MUSICA": 0, "OTRO": 0, "OTRONOEDUCATIVO": 0, "PENITENCIARIO": 0, "PRIMARIA": 0, "SECUNDARIA": 1, "SUPERIOR": 0, "UNIVERSITARIO": 0 }, "geometry": { "type": "Point", "coordinates": [ 3142795.275371570140123, 2020758.340057144407183 ] } },
{ "type": "Feature", "properties": { "centro_codigo": "28050732", "centro_nombre": "PROFESOR JULIO PEREZ", "centro_tipo_descripcion": "INSTITUTO DE EDUCACIÓN SECUNDARIA", "centro_titularidad": "PÚBLICO", "centro_titular": "COMUNIDAD DE MADRID", "municipio_nombre": "Rivas-Vaciamadrid", "distrito_nombre": null, "direccion_coor_x": 456338.0, "direccion_coor_y": 4464745.0, "ARTE": 0, "DANZA": 0, "EDUCACIONADULTA": 0, "EDUCACIONESPECIAL": 0, "FORMACIONPROFESIONAL": 0, "HOSPITALARIA": 0, "IDIOMAS": 0, "INFANTIL": 0, "MILITAR": 0, "MUSICA": 0, "OTRO": 0, "OTRONOEDUCATIVO": 0, "PENITENCIARIO": 0, "PRIMARIA": 0, "SECUNDARIA": 1, "SUPERIOR": 0, "UNIVERSITARIO": 0 }, "geometry": { "type": "Point", "coordinates": [ 3173758.709112284705043, 2017703.578856580192223 ] } },
{ "type": "Feature", "properties": { "centro_codigo": "28056709", "centro_nombre": "LUYFERIVAS", "centro_tipo_descripcion": "CENTRO PRIVADO DE EDUCACIÓN INFANTIL, PRIMARIA Y SECUNDARIA", "centro_titularidad": "PRIVADO", "centro_titular": "COLEGIO LUYFERIVAS, S.L.", "municipio_nombre": "Rivas-Vaciamadrid", "distrito_nombre": null, "direccion_coor_x": 454049.0, "direccion_coor_y": 4467593.0, "ARTE": 0, "DANZA": 0, "EDUCACIONADULTA": 0, "EDUCACIONESPECIAL": 0, "FORMACIONPROFESIONAL": 0, "HOSPITALARIA": 0, "IDIOMAS": 0, "INFANTIL": 1, "MILITAR": 0, "MUSICA": 0, "OTRO": 0, "OTRONOEDUCATIVO": 0, "PENITENCIARIO": 0, "PRIMARIA": 1, "SECUNDARIA": 1, "SUPERIOR": 0, "UNIVERSITARIO": 0 }, "geometry": { "type": "Point", "coordinates": [ 3171942.095234290696681, 2020905.047192359576002 ] } },
{ "type": "Feature", "properties": { "centro_codigo": "28056886", "centro_nombre": "GSD MORATALAZ", "centro_tipo_descripcion": "CENTRO PRIVADO DE EDUCACIÓN INFANTIL, PRIMARIA Y SECUNDARIA", "centro_titularidad": "PRIVADO CONCERTADO", "centro_titular": "GREDOS SAN DIEGO, SDAD. COOP. MADRILEÑA", "municipio_nombre": "Madrid", "distrito_nombre": "Moratalaz", "direccion_coor_x": 446671.0, "direccion_coor_y": 4472732.0, "ARTE": 0, "DANZA": 0, "EDUCACIONADULTA": 0, "EDUCACIONESPECIAL": 0, "FORMACIONPROFESIONAL": 0, "HOSPITALARIA": 0, "IDIOMAS": 0, "INFANTIL": 1, "MILITAR": 0, "MUSICA": 0, "OTRO": 0, "OTRONOEDUCATIVO": 0, "PENITENCIARIO": 0, "PRIMARIA": 1, "SECUNDARIA": 1, "SUPERIOR": 0, "UNIVERSITARIO": 0 }, "geometry": { "type": "Point", "coordinates": [ 3165455.818600269965827, 2027243.913763114251196 ] } },
{ "type": "Feature", "properties": { "centro_codigo": "28056904", "centro_nombre": "FONTENEBRO INTERNATIONAL SCHOOL", "centro_tipo_descripcion": "CENTRO PRIVADO DE EDUCACIÓN INFANTIL, PRIMARIA Y SECUNDARIA", "centro_titularidad": "PRIVADO", "centro_titular": "COLEGIOS LAUDE S.L.", "municipio_nombre": "Moralzarzal", "distrito_nombre": null, "direccion_coor_x": 417956.0, "direccion_coor_y": 4502838.0, "ARTE": 0, "DANZA": 0, "EDUCACIONADULTA": 0, "EDUCACIONESPECIAL": 0, "FORMACIONPROFESIONAL": 0, "HOSPITALARIA": 0, "IDIOMAS": 0, "INFANTIL": 1, "MILITAR": 0, "MUSICA": 0, "OTRO": 0, "OTRONOEDUCATIVO": 0, "PENITENCIARIO": 0, "PRIMARIA": 1, "SECUNDARIA": 1, "SUPERIOR": 0, "UNIVERSITARIO": 0 }, "geometry": { "type": "Point", "coordinates": [ 3141817.703833076637238, 2061889.39366047619842 ] } },
{ "type": "Feature", "properties": { "centro_codigo": "28057076", "centro_nombre": "EL ENCINAR", "centro_tipo_descripcion": "COLEGIO DE EDUCACIÓN INFANTIL, PRIMARIA Y SECUNDARIA", "centro_titularidad": "PÚBLICO", "centro_titular": "COMUNIDAD DE MADRID", "municipio_nombre": "Torrelodones", "distrito_nombre": null, "direccion_coor_x": 421516.0, "direccion_coor_y": 4491417.0, "ARTE": 0, "DANZA": 0, "EDUCACIONADULTA": 0, "EDUCACIONESPECIAL": 0, "FORMACIONPROFESIONAL": 0, "HOSPITALARIA": 0, "IDIOMAS": 0, "INFANTIL": 1, "MILITAR": 0, "MUSICA": 0, "OTRO": 0, "OTRONOEDUCATIVO": 0, "PENITENCIARIO": 0, "PRIMARIA": 1, "SECUNDARIA": 1, "SUPERIOR": 0, "UNIVERSITARIO": 0 }, "geometry": { "type": "Point", "coordinates": [ 3143537.138352612499148, 2050015.193224869668484 ] } },
{ "type": "Feature", "properties": { "centro_codigo": "28057088", "centro_nombre": "MARIA MOLINER", "centro_tipo_descripcion": "COLEGIO DE EDUCACIÓN INFANTIL, PRIMARIA Y SECUNDARIA", "centro_titularidad": "PÚBLICO", "centro_titular": "COMUNIDAD DE MADRID", "municipio_nombre": "Villanueva de la Cañada", "distrito_nombre": null, "direccion_coor_x": 415203.0, "direccion_coor_y": 4477059.0, "ARTE": 0, "DANZA": 0, "EDUCACIONADULTA": 0, "EDUCACIONESPECIAL": 0, "FORMACIONPROFESIONAL": 0, "HOSPITALARIA": 0, "IDIOMAS": 0, "INFANTIL": 1, "MILITAR": 0, "MUSICA": 0, "OTRO": 0, "OTRONOEDUCATIVO": 0, "PENITENCIARIO": 0, "PRIMARIA": 1, "SECUNDARIA": 1, "SUPERIOR": 0, "UNIVERSITARIO": 0 }, "geometry": { "type": "Point", "coordinates": [ 3135046.528137627989054, 2036961.54774083988741 ] } },
{ "type": "Feature", "properties": { "centro_codigo": "28057180", "centro_nombre": "LAS AMERICAS", "centro_tipo_descripcion": "INSTITUTO DE EDUCACIÓN SECUNDARIA", "centro_titularidad": "PÚBLICO", "centro_titular": "COMUNIDAD DE MADRID", "municipio_nombre": "Parla", "distrito_nombre": null, "direccion_coor_x": 435163.0, "direccion_coor_y": 4454205.0, "ARTE": 0, "DANZA": 0, "EDUCACIONADULTA": 0, "EDUCACIONESPECIAL": 0, "FORMACIONPROFESIONAL": 0, "HOSPITALARIA": 0, "IDIOMAS": 0, "INFANTIL": 0, "MILITAR": 0, "MUSICA": 0, "OTRO": 0, "OTRONOEDUCATIVO": 0, "PENITENCIARIO": 0, "PRIMARIA": 0, "SECUNDARIA": 1, "SUPERIOR": 0, "UNIVERSITARIO": 0 }, "geometry": { "type": "Point", "coordinates": [ 3151184.570759697817266, 2010980.298329284181818 ] } },
{ "type": "Feature", "properties": { "centro_codigo": "28057209", "centro_nombre": "ANA MARIA MATUTE", "centro_tipo_descripcion": "INSTITUTO DE EDUCACIÓN SECUNDARIA", "centro_titularidad": "PÚBLICO", "centro_titular": "COMUNIDAD DE MADRID", "municipio_nombre": "Velilla de San Antonio", "distrito_nombre": null, "direccion_coor_x": 458897.0, "direccion_coor_y": 4469090.0, "ARTE": 0, "DANZA": 0, "EDUCACIONADULTA": 0, "EDUCACIONESPECIAL": 0, "FORMACIONPROFESIONAL": 0, "HOSPITALARIA": 0, "IDIOMAS": 0, "INFANTIL": 0, "MILITAR": 0, "MUSICA": 0, "OTRO": 0, "OTRONOEDUCATIVO": 0, "PENITENCIARIO": 0, "PRIMARIA": 0, "SECUNDARIA": 1, "SUPERIOR": 0, "UNIVERSITARIO": 0 }, "geometry": { "type": "Point", "coordinates": [ 3176967.412845586426556, 2021542.795595096657053 ] } },
{ "type": "Feature", "properties": { "centro_codigo": "28057210", "centro_nombre": "GASPAR SANZ", "centro_tipo_descripcion": "INSTITUTO DE EDUCACIÓN SECUNDARIA", "centro_titularidad": "PÚBLICO", "centro_titular": "COMUNIDAD DE MADRID", "municipio_nombre": "Meco", "distrito_nombre": null, "direccion_coor_x": 472717.0, "direccion_coor_y": 4488433.0, "ARTE": 0, "DANZA": 0, "EDUCACIONADULTA": 0, "EDUCACIONESPECIAL": 0, "FORMACIONPROFESIONAL": 0, "HOSPITALARIA": 0, "IDIOMAS": 0, "INFANTIL": 0, "MILITAR": 0, "MUSICA": 0, "OTRO": 0, "OTRONOEDUCATIVO": 0, "PENITENCIARIO": 0, "PRIMARIA": 0, "SECUNDARIA": 1, "SUPERIOR": 0, "UNIVERSITARIO": 0 }, "geometry": { "type": "Point", "coordinates": [ 3193653.642254514619708, 2038217.701640044571832 ] } },
{ "type": "Feature", "properties": { "centro_codigo": "28057222", "centro_nombre": "ADOLFO SUAREZ", "centro_tipo_descripcion": "INSTITUTO DE EDUCACIÓN SECUNDARIA", "centro_titularidad": "PÚBLICO", "centro_titular": "COMUNIDAD DE MADRID", "municipio_nombre": "Paracuellos de Jarama", "distrito_nombre": null, "direccion_coor_x": 455441.0, "direccion_coor_y": 4483703.0, "ARTE": 0, "DANZA": 0, "EDUCACIONADULTA": 0, "EDUCACIONESPECIAL": 0, "FORMACIONPROFESIONAL": 0, "HOSPITALARIA": 0, "IDIOMAS": 0, "INFANTIL": 0, "MILITAR": 0, "MUSICA": 0, "OTRO": 0, "OTRONOEDUCATIVO": 0, "PENITENCIARIO": 0, "PRIMARIA": 0, "SECUNDARIA": 1, "SUPERIOR": 0, "UNIVERSITARIO": 0 }, "geometry": { "type": "Point", "coordinates": [ 3175840.566076129674911, 2036538.441668628714979 ] } },
{ "type": "Feature", "properties": { "centro_codigo": "28057271", "centro_nombre": "RENACIMIENTO", "centro_tipo_descripcion": "INSTITUTO DE EDUCACIÓN SECUNDARIA", "centro_titularidad": "PÚBLICO", "centro_titular": "COMUNIDAD DE MADRID", "municipio_nombre": "Madrid", "distrito_nombre": "Carabanchel", "direccion_coor_x": 437410.0, "direccion_coor_y": 4471756.0, "ARTE": 0, "DANZA": 0, "EDUCACIONADULTA": 0, "EDUCACIONESPECIAL": 0, "FORMACIONPROFESIONAL": 0, "HOSPITALARIA": 0, "IDIOMAS": 0, "INFANTIL": 0, "MILITAR": 0, "MUSICA": 0, "OTRO": 0, "OTRONOEDUCATIVO": 0, "PENITENCIARIO": 0, "PRIMARIA": 0, "SECUNDARIA": 1, "SUPERIOR": 0, "UNIVERSITARIO": 0 }, "geometry": { "type": "Point", "coordinates": [ 3156152.417837662622333, 2027884.785335703287274 ] } },
{ "type": "Feature", "properties": { "centro_codigo": "28057751", "centro_nombre": "SIERRA DE GUADARRAMA", "centro_tipo_descripcion": "INSTITUTO DE EDUCACIÓN SECUNDARIA", "centro_titularidad": "PÚBLICO", "centro_titular": "COMUNIDAD DE MADRID", "municipio_nombre": "Soto del Real", "distrito_nombre": null, "direccion_coor_x": 434156.0, "direccion_coor_y": 4511819.0, "ARTE": 0, "DANZA": 0, "EDUCACIONADULTA": 0, "EDUCACIONESPECIAL": 0, "FORMACIONPROFESIONAL": 0, "HOSPITALARIA": 0, "IDIOMAS": 0, "INFANTIL": 0, "MILITAR": 0, "MUSICA": 0, "OTRO": 0, "OTRONOEDUCATIVO": 0, "PENITENCIARIO": 0, "PRIMARIA": 0, "SECUNDARIA": 1, "SUPERIOR": 0, "UNIVERSITARIO": 0 }, "geometry": { "type": "Point", "coordinates": [ 3159230.158464498817921, 2067930.109337061876431 ] } },
{ "type": "Feature", "properties": { "centro_codigo": "28057881", "centro_nombre": "VILLA DE NAVALCARNERO", "centro_tipo_descripcion": "CENTRO PRIVADO DE EDUCACIÓN INFANTIL, PRIMARIA Y SECUNDARIA", "centro_titularidad": "PRIVADO CONCERTADO", "centro_titular": "VILLA DE NAVALCARNERO,SDAD.COOP.MAD.DE ENSEÑANZA DETRABAJO", "municipio_nombre": "Navalcarnero", "distrito_nombre": null, "direccion_coor_x": 414362.0, "direccion_coor_y": 4459904.0, "ARTE": 0, "DANZA": 0, "EDUCACIONADULTA": 0, "EDUCACIONESPECIAL": 0, "FORMACIONPROFESIONAL": 0, "HOSPITALARIA": 0, "IDIOMAS": 0, "INFANTIL": 1, "MILITAR": 0, "MUSICA": 0, "OTRO": 0, "OTRONOEDUCATIVO": 0, "PENITENCIARIO": 0, "PRIMARIA": 1, "SECUNDARIA": 1, "SUPERIOR": 0, "UNIVERSITARIO": 0 }, "geometry": { "type": "Point", "coordinates": [ 3131525.249841114040464, 2020202.717051969608292 ] } },
{ "type": "Feature", "properties": { "centro_codigo": "28058135", "centro_nombre": "TRES OLIVOS", "centro_tipo_descripcion": "CENTRO PRIVADO DE EDUCACIÓN INFANTIL, PRIMARIA Y SECUNDARIA", "centro_titularidad": "PRIVADO CONCERTADO", "centro_titular": "FUNDACION DALES LA PALABRA", "municipio_nombre": "Madrid", "distrito_nombre": "Fuencarral-El Pardo", "direccion_coor_x": 441658.0, "direccion_coor_y": 4483377.0, "ARTE": 0, "DANZA": 0, "EDUCACIONADULTA": 0, "EDUCACIONESPECIAL": 0, "FORMACIONPROFESIONAL": 0, "HOSPITALARIA": 0, "IDIOMAS": 0, "INFANTIL": 1, "MILITAR": 0, "MUSICA": 0, "OTRO": 0, "OTRONOEDUCATIVO": 0, "PENITENCIARIO": 0, "PRIMARIA": 1, "SECUNDARIA": 1, "SUPERIOR": 0, "UNIVERSITARIO": 0 }, "geometry": { "type": "Point", "coordinates": [ 3162171.298669232986867, 2038600.713002035394311 ] } },
{ "type": "Feature", "properties": { "centro_codigo": "28058603", "centro_nombre": "NUMANCIA", "centro_tipo_descripcion": "INSTITUTO DE EDUCACIÓN SECUNDARIA", "centro_titularidad": "PÚBLICO", "centro_titular": "COMUNIDAD DE MADRID", "municipio_nombre": "Madrid", "distrito_nombre": "Puente de Vallecas", "direccion_coor_x": 444464.0, "direccion_coor_y": 4472602.0, "ARTE": 0, "DANZA": 0, "EDUCACIONADULTA": 0, "EDUCACIONESPECIAL": 0, "FORMACIONPROFESIONAL": 0, "HOSPITALARIA": 0, "IDIOMAS": 0, "INFANTIL": 0, "MILITAR": 0, "MUSICA": 0, "OTRO": 0, "OTRONOEDUCATIVO": 0, "PENITENCIARIO": 0, "PRIMARIA": 0, "SECUNDARIA": 1, "SUPERIOR": 0, "UNIVERSITARIO": 0 }, "geometry": { "type": "Point", "coordinates": [ 3163254.710639839526266, 2027497.554260058095679 ] } },
{ "type": "Feature", "properties": { "centro_codigo": "28058615", "centro_nombre": "ESCUELA DE HOSTELERIA Y TURISMO", "centro_tipo_descripcion": "INSTITUTO DE EDUCACIÓN SECUNDARIA", "centro_titularidad": "PÚBLICO", "centro_titular": "COMUNIDAD DE MADRID", "municipio_nombre": "Alcalá de Henares", "distrito_nombre": null, "direccion_coor_x": 470579.0, "direccion_coor_y": 4482479.0, "ARTE": 0, "DANZA": 0, "EDUCACIONADULTA": 0, "EDUCACIONESPECIAL": 0, "FORMACIONPROFESIONAL": 0, "HOSPITALARIA": 0, "IDIOMAS": 0, "INFANTIL": 0, "MILITAR": 0, "MUSICA": 0, "OTRO": 0, "OTRONOEDUCATIVO": 0, "PENITENCIARIO": 0, "PRIMARIA": 0, "SECUNDARIA": 1, "SUPERIOR": 0, "UNIVERSITARIO": 0 }, "geometry": { "type": "Point", "coordinates": [ 3190608.165818765293807, 2032719.604284510249272 ] } },
{ "type": "Feature", "properties": { "centro_codigo": "28058627", "centro_nombre": "JOSE SARAMAGO", "centro_tipo_descripcion": "INSTITUTO DE EDUCACIÓN SECUNDARIA", "centro_titularidad": "PÚBLICO", "centro_titular": "COMUNIDAD DE MADRID", "municipio_nombre": "Arganda del Rey", "distrito_nombre": null, "direccion_coor_x": 461530.0, "direccion_coor_y": 4462546.0, "ARTE": 0, "DANZA": 0, "EDUCACIONADULTA": 0, "EDUCACIONESPECIAL": 0, "FORMACIONPROFESIONAL": 0, "HOSPITALARIA": 0, "IDIOMAS": 0, "INFANTIL": 0, "MILITAR": 0, "MUSICA": 0, "OTRO": 0, "OTRONOEDUCATIVO": 0, "PENITENCIARIO": 0, "PRIMARIA": 0, "SECUNDARIA": 1, "SUPERIOR": 0, "UNIVERSITARIO": 0 }, "geometry": { "type": "Point", "coordinates": [ 3178546.28887883387506, 2014640.708956429501995 ] } },
{ "type": "Feature", "properties": { "centro_codigo": "28058639", "centro_nombre": "ATENEA", "centro_tipo_descripcion": "INSTITUTO DE EDUCACIÓN SECUNDARIA", "centro_titularidad": "PÚBLICO", "centro_titular": "COMUNIDAD DE MADRID", "municipio_nombre": "San Sebastián de los Reyes", "distrito_nombre": null, "direccion_coor_x": 446956.0, "direccion_coor_y": 4490007.0, "ARTE": 0, "DANZA": 0, "EDUCACIONADULTA": 0, "EDUCACIONESPECIAL": 0, "FORMACIONPROFESIONAL": 0, "HOSPITALARIA": 0, "IDIOMAS": 0, "INFANTIL": 0, "MILITAR": 0, "MUSICA": 0, "OTRO": 0, "OTRONOEDUCATIVO": 0, "PENITENCIARIO": 0, "PRIMARIA": 0, "SECUNDARIA": 1, "SUPERIOR": 0, "UNIVERSITARIO": 0 }, "geometry": { "type": "Point", "coordinates": [ 3168445.732788229361176, 2044217.387823715573177 ] } },
{ "type": "Feature", "properties": { "centro_codigo": "28058640", "centro_nombre": "ARQUITECTO VENTURA RODRIGUEZ", "centro_tipo_descripcion": "INSTITUTO DE EDUCACIÓN SECUNDARIA", "centro_titularidad": "PÚBLICO", "centro_titular": "COMUNIDAD DE MADRID", "municipio_nombre": "Boadilla del Monte", "distrito_nombre": null, "direccion_coor_x": 424225.0, "direccion_coor_y": 4473561.0, "ARTE": 0, "DANZA": 0, "EDUCACIONADULTA": 0, "EDUCACIONESPECIAL": 0, "FORMACIONPROFESIONAL": 0, "HOSPITALARIA": 0, "IDIOMAS": 0, "INFANTIL": 0, "MILITAR": 0, "MUSICA": 0, "OTRO": 0, "OTRONOEDUCATIVO": 0, "PENITENCIARIO": 0, "PRIMARIA": 0, "SECUNDARIA": 1, "SUPERIOR": 0, "UNIVERSITARIO": 0 }, "geometry": { "type": "Point", "coordinates": [ 3143409.434336525388062, 2031948.499754957156256 ] } },
{ "type": "Feature", "properties": { "centro_codigo": "28058652", "centro_nombre": "JOSE SARAMAGO", "centro_tipo_descripcion": "INSTITUTO DE EDUCACIÓN SECUNDARIA", "centro_titularidad": "PÚBLICO", "centro_titular": "COMUNIDAD DE MADRID", "municipio_nombre": "Majadahonda", "distrito_nombre": null, "direccion_coor_x": 425692.0, "direccion_coor_y": 4479985.0, "ARTE": 0, "DANZA": 0, "EDUCACIONADULTA": 0, "EDUCACIONESPECIAL": 0, "FORMACIONPROFESIONAL": 0, "HOSPITALARIA": 0, "IDIOMAS": 0, "INFANTIL": 0, "MILITAR": 0, "MUSICA": 0, "OTRO": 0, "OTRONOEDUCATIVO": 0, "PENITENCIARIO": 0, "PRIMARIA": 0, "SECUNDARIA": 1, "SUPERIOR": 0, "UNIVERSITARIO": 0 }, "geometry": { "type": "Point", "coordinates": [ 3145866.452055451460183, 2038024.497874052962288 ] } },
{ "type": "Feature", "properties": { "centro_codigo": "28058664", "centro_nombre": "BARRIO LORANCA", "centro_tipo_descripcion": "INSTITUTO DE EDUCACIÓN SECUNDARIA", "centro_titularidad": "PÚBLICO", "centro_titular": "COMUNIDAD DE MADRID", "municipio_nombre": "Fuenlabrada", "distrito_nombre": null, "direccion_coor_x": 429027.0, "direccion_coor_y": 4460792.0, "ARTE": 0, "DANZA": 0, "EDUCACIONADULTA": 0, "EDUCACIONESPECIAL": 0, "FORMACIONPROFESIONAL": 0, "HOSPITALARIA": 0, "IDIOMAS": 0, "INFANTIL": 0, "MILITAR": 0, "MUSICA": 0, "OTRO": 0, "OTRONOEDUCATIVO": 0, "PENITENCIARIO": 0, "PRIMARIA": 0, "SECUNDARIA": 1, "SUPERIOR": 0, "UNIVERSITARIO": 0 }, "geometry": { "type": "Point", "coordinates": [ 3146152.483305425383151, 2018533.536627302179113 ] } },
{ "type": "Feature", "properties": { "centro_codigo": "28058676", "centro_nombre": "EL ALAMO", "centro_tipo_descripcion": "INSTITUTO DE EDUCACIÓN SECUNDARIA", "centro_titularidad": "PÚBLICO", "centro_titular": "COMUNIDAD DE MADRID", "municipio_nombre": "Álamo, El", "distrito_nombre": null, "direccion_coor_x": 416218.0, "direccion_coor_y": 4453568.0, "ARTE": 0, "DANZA": 0, "EDUCACIONADULTA": 0, "EDUCACIONESPECIAL": 0, "FORMACIONPROFESIONAL": 0, "HOSPITALARIA": 0, "IDIOMAS": 0, "INFANTIL": 0, "MILITAR": 0, "MUSICA": 0, "OTRO": 0, "OTRONOEDUCATIVO": 0, "PENITENCIARIO": 0, "PRIMARIA": 0, "SECUNDARIA": 1, "SUPERIOR": 0, "UNIVERSITARIO": 0 }, "geometry": { "type": "Point", "coordinates": [ 3132366.375943853519857, 2013637.256675986107439 ] } },
{ "type": "Feature", "properties": { "centro_codigo": "28058688", "centro_nombre": "MIGUEL DELIBES", "centro_tipo_descripcion": "INSTITUTO DE EDUCACIÓN SECUNDARIA", "centro_titularidad": "PÚBLICO", "centro_titular": "COMUNIDAD DE MADRID", "municipio_nombre": "Torrejón de la Calzada", "distrito_nombre": null, "direccion_coor_x": 431486.0, "direccion_coor_y": 4449551.0, "ARTE": 0, "DANZA": 0, "EDUCACIONADULTA": 0, "EDUCACIONESPECIAL": 0, "FORMACIONPROFESIONAL": 0, "HOSPITALARIA": 0, "IDIOMAS": 0, "INFANTIL": 0, "MILITAR": 0, "MUSICA": 0, "OTRO": 0, "OTRONOEDUCATIVO": 0, "PENITENCIARIO": 0, "PRIMARIA": 0, "SECUNDARIA": 1, "SUPERIOR": 0, "UNIVERSITARIO": 0 }, "geometry": { "type": "Point", "coordinates": [ 3146823.324355765245855, 2007031.628188320202753 ] } },
{ "type": "Feature", "properties": { "centro_codigo": "28058743", "centro_nombre": "MIRASUR", "centro_tipo_descripcion": "CENTRO PRIVADO DE EDUCACIÓN INFANTIL, PRIMARIA Y SECUNDARIA", "centro_titularidad": "PRIVADO", "centro_titular": "MIRASUR INTERNATIONAL SCHOOL, S.L.", "municipio_nombre": "Pinto", "distrito_nombre": null, "direccion_coor_x": 440787.0, "direccion_coor_y": 4456254.0, "ARTE": 0, "DANZA": 0, "EDUCACIONADULTA": 0, "EDUCACIONESPECIAL": 0, "FORMACIONPROFESIONAL": 0, "HOSPITALARIA": 0, "IDIOMAS": 0, "INFANTIL": 1, "MILITAR": 0, "MUSICA": 0, "OTRO": 0, "OTRONOEDUCATIVO": 0, "PENITENCIARIO": 0, "PRIMARIA": 1, "SECUNDARIA": 1, "SUPERIOR": 0, "UNIVERSITARIO": 0 }, "geometry": { "type": "Point", "coordinates": [ 3157062.53222138620913, 2012025.682336950208992 ] } },
{ "type": "Feature", "properties": { "centro_codigo": "28059279", "centro_nombre": "SABINO FERNANDEZ CAMPO", "centro_tipo_descripcion": "INSTITUTO DE EDUCACIÓN SECUNDARIA", "centro_titularidad": "PÚBLICO", "centro_titular": "COMUNIDAD DE MADRID", "municipio_nombre": "Robledo de Chavela", "distrito_nombre": null, "direccion_coor_x": 395352.0, "direccion_coor_y": 4483846.0, "ARTE": 0, "DANZA": 0, "EDUCACIONADULTA": 0, "EDUCACIONESPECIAL": 0, "FORMACIONPROFESIONAL": 0, "HOSPITALARIA": 0, "IDIOMAS": 0, "INFANTIL": 0, "MILITAR": 0, "MUSICA": 0, "OTRO": 0, "OTRONOEDUCATIVO": 0, "PENITENCIARIO": 0, "PRIMARIA": 0, "SECUNDARIA": 1, "SUPERIOR": 0, "UNIVERSITARIO": 0 }, "geometry": { "type": "Point", "coordinates": [ 3116508.828464918769896, 2047102.583497029729187 ] } },
{ "type": "Feature", "properties": { "centro_codigo": "28060026", "centro_nombre": "MATAESPESA SCHOOL", "centro_tipo_descripcion": "CENTRO PRIVADO DE EDUCACIÓN INFANTIL, PRIMARIA Y SECUNDARIA", "centro_titularidad": "PRIVADO CONCERTADO", "centro_titular": "LAS ENCINAS DE MATAESPESA, S.L.", "municipio_nombre": "Alpedrete", "distrito_nombre": null, "direccion_coor_x": 412318.0, "direccion_coor_y": 4501597.0, "ARTE": 0, "DANZA": 0, "EDUCACIONADULTA": 0, "EDUCACIONESPECIAL": 0, "FORMACIONPROFESIONAL": 0, "HOSPITALARIA": 0, "IDIOMAS": 0, "INFANTIL": 1, "MILITAR": 0, "MUSICA": 0, "OTRO": 0, "OTRONOEDUCATIVO": 0, "PENITENCIARIO": 0, "PRIMARIA": 1, "SECUNDARIA": 1, "SUPERIOR": 0, "UNIVERSITARIO": 0 }, "geometry": { "type": "Point", "coordinates": [ 3136054.860727270133793, 2061645.842914418317378 ] } },
{ "type": "Feature", "properties": { "centro_codigo": "28060099", "centro_nombre": "COLEGIO INTERNACIONAL SANTO TOMAS DE AQUINO", "centro_tipo_descripcion": "CENTRO PRIVADO DE EDUCACIÓN INFANTIL, PRIMARIA Y SECUNDARIA", "centro_titularidad": "PRIVADO", "centro_titular": "CISTA COLEGIOS, S.L.", "municipio_nombre": "Camarma de Esteruelas", "distrito_nombre": null, "direccion_coor_x": 468036.0, "direccion_coor_y": 4488538.0, "ARTE": 0, "DANZA": 0, "EDUCACIONADULTA": 0, "EDUCACIONESPECIAL": 0, "FORMACIONPROFESIONAL": 0, "HOSPITALARIA": 0, "IDIOMAS": 0, "INFANTIL": 1, "MILITAR": 0, "MUSICA": 0, "OTRO": 0, "OTRONOEDUCATIVO": 0, "PENITENCIARIO": 0, "PRIMARIA": 1, "SECUNDARIA": 1, "SUPERIOR": 0, "UNIVERSITARIO": 0 }, "geometry": { "type": "Point", "coordinates": [ 3189044.201074806973338, 2039128.380195239093155 ] } },
{ "type": "Feature", "properties": { "centro_codigo": "28060105", "centro_nombre": "MARIA TERESA", "centro_tipo_descripcion": "CENTRO PRIVADO DE EDUCACIÓN INFANTIL, PRIMARIA Y SECUNDARIA", "centro_titularidad": "PRIVADO CONCERTADO", "centro_titular": "FUNDACION TERTIO MILENNIO", "municipio_nombre": "Alcobendas", "distrito_nombre": null, "direccion_coor_x": 444796.0, "direccion_coor_y": 4488734.0, "ARTE": 0, "DANZA": 0, "EDUCACIONADULTA": 0, "EDUCACIONESPECIAL": 0, "FORMACIONPROFESIONAL": 0, "HOSPITALARIA": 0, "IDIOMAS": 0, "INFANTIL": 1, "MILITAR": 0, "MUSICA": 0, "OTRO": 0, "OTRONOEDUCATIVO": 0, "PENITENCIARIO": 0, "PRIMARIA": 1, "SECUNDARIA": 1, "SUPERIOR": 0, "UNIVERSITARIO": 0 }, "geometry": { "type": "Point", "coordinates": [ 3166111.976182904094458, 2043336.621132244588807 ] } },
{ "type": "Feature", "properties": { "centro_codigo": "28060270", "centro_nombre": "SALVADOR DALI", "centro_tipo_descripcion": "COLEGIO DE EDUCACIÓN INFANTIL, PRIMARIA Y SECUNDARIA", "centro_titularidad": "PÚBLICO", "centro_titular": "COMUNIDAD DE MADRID", "municipio_nombre": "Fuenlabrada", "distrito_nombre": null, "direccion_coor_x": 428419.0, "direccion_coor_y": 4461816.0, "ARTE": 0, "DANZA": 0, "EDUCACIONADULTA": 0, "EDUCACIONESPECIAL": 0, "FORMACIONPROFESIONAL": 0, "HOSPITALARIA": 0, "IDIOMAS": 0, "INFANTIL": 1, "MILITAR": 0, "MUSICA": 0, "OTRO": 0, "OTRONOEDUCATIVO": 0, "PENITENCIARIO": 0, "PRIMARIA": 1, "SECUNDARIA": 1, "SUPERIOR": 0, "UNIVERSITARIO": 0 }, "geometry": { "type": "Point", "coordinates": [ 3145712.117858347482979, 2019647.91106190555729 ] } },
{ "type": "Feature", "properties": { "centro_codigo": "28060348", "centro_nombre": "EL CANTIZAL", "centro_tipo_descripcion": "COLEGIO DE EDUCACIÓN INFANTIL, PRIMARIA Y SECUNDARIA", "centro_titularidad": "PÚBLICO", "centro_titular": "COMUNIDAD DE MADRID", "municipio_nombre": "Rozas de Madrid, Las", "distrito_nombre": null, "direccion_coor_x": 421852.0, "direccion_coor_y": 4485759.0, "ARTE": 0, "DANZA": 0, "EDUCACIONADULTA": 0, "EDUCACIONESPECIAL": 0, "FORMACIONPROFESIONAL": 0, "HOSPITALARIA": 0, "IDIOMAS": 0, "INFANTIL": 1, "MILITAR": 0, "MUSICA": 0, "OTRO": 0, "OTRONOEDUCATIVO": 0, "PENITENCIARIO": 0, "PRIMARIA": 1, "SECUNDARIA": 1, "SUPERIOR": 0, "UNIVERSITARIO": 0 }, "geometry": { "type": "Point", "coordinates": [ 3142979.993366507813334, 2044380.860231613740325 ] } },
{ "type": "Feature", "properties": { "centro_codigo": "28060373", "centro_nombre": "LAZARO CARRETER", "centro_tipo_descripcion": "INSTITUTO DE EDUCACIÓN SECUNDARIA", "centro_titularidad": "PÚBLICO", "centro_titular": "COMUNIDAD DE MADRID", "municipio_nombre": "Alcalá de Henares", "distrito_nombre": null, "direccion_coor_x": 468359.0, "direccion_coor_y": 4483836.0, "ARTE": 0, "DANZA": 0, "EDUCACIONADULTA": 0, "EDUCACIONESPECIAL": 0, "FORMACIONPROFESIONAL": 0, "HOSPITALARIA": 0, "IDIOMAS": 0, "INFANTIL": 0, "MILITAR": 0, "MUSICA": 0, "OTRO": 0, "OTRONOEDUCATIVO": 0, "PENITENCIARIO": 0, "PRIMARIA": 0, "SECUNDARIA": 1, "SUPERIOR": 0, "UNIVERSITARIO": 0 }, "geometry": { "type": "Point", "coordinates": [ 3188626.730497054755688, 2034439.534209831617773 ] } },
{ "type": "Feature", "properties": { "centro_codigo": "28060385", "centro_nombre": "MIGUEL DE CERVANTES", "centro_tipo_descripcion": "INSTITUTO DE EDUCACIÓN SECUNDARIA", "centro_titularidad": "PÚBLICO", "centro_titular": "COMUNIDAD DE MADRID", "municipio_nombre": "Daganzo de Arriba", "distrito_nombre": null, "direccion_coor_x": 460824.0, "direccion_coor_y": 4488335.0, "ARTE": 0, "DANZA": 0, "EDUCACIONADULTA": 0, "EDUCACIONESPECIAL": 0, "FORMACIONPROFESIONAL": 0, "HOSPITALARIA": 0, "IDIOMAS": 0, "INFANTIL": 0, "MILITAR": 0, "MUSICA": 0, "OTRO": 0, "OTRONOEDUCATIVO": 0, "PENITENCIARIO": 0, "PRIMARIA": 0, "SECUNDARIA": 1, "SUPERIOR": 0, "UNIVERSITARIO": 0 }, "geometry": { "type": "Point", "coordinates": [ 3181885.725693260319531, 2040173.009658764814958 ] } },
{ "type": "Feature", "properties": { "centro_codigo": "28060397", "centro_nombre": "DON PELAYO", "centro_tipo_descripcion": "INSTITUTO DE EDUCACIÓN SECUNDARIA", "centro_titularidad": "PÚBLICO", "centro_titular": "COMUNIDAD DE MADRID", "municipio_nombre": "Villalbilla", "distrito_nombre": null, "direccion_coor_x": 470155.0, "direccion_coor_y": 4477705.0, "ARTE": 0, "DANZA": 0, "EDUCACIONADULTA": 0, "EDUCACIONESPECIAL": 0, "FORMACIONPROFESIONAL": 0, "HOSPITALARIA": 0, "IDIOMAS": 0, "INFANTIL": 0, "MILITAR": 0, "MUSICA": 0, "OTRO": 0, "OTRONOEDUCATIVO": 0, "PENITENCIARIO": 0, "PRIMARIA": 0, "SECUNDARIA": 1, "SUPERIOR": 0, "UNIVERSITARIO": 0 }, "geometry": { "type": "Point", "coordinates": [ 3189441.78206321503967, 2028088.82069700025022 ] } },
{ "type": "Feature", "properties": { "centro_codigo": "28060491", "centro_nombre": "COLEGIO NUESTRA SEÑORA DE SCHOENSTATT", "centro_tipo_descripcion": "CENTRO PRIVADO DE EDUCACIÓN INFANTIL, PRIMARIA Y SECUNDARIA", "centro_titularidad": "PRIVADO", "centro_titular": "INSTITUTO SECULAR DE SCHÖENSTATT HERMANAS DE MARIA", "municipio_nombre": "Pozuelo de Alarcón", "distrito_nombre": null, "direccion_coor_x": 431004.0, "direccion_coor_y": 4476104.0, "ARTE": 0, "DANZA": 0, "EDUCACIONADULTA": 0, "EDUCACIONESPECIAL": 0, "FORMACIONPROFESIONAL": 0, "HOSPITALARIA": 0, "IDIOMAS": 0, "INFANTIL": 1, "MILITAR": 0, "MUSICA": 0, "OTRO": 0, "OTRONOEDUCATIVO": 0, "PENITENCIARIO": 0, "PRIMARIA": 1, "SECUNDARIA": 1, "SUPERIOR": 0, "UNIVERSITARIO": 0 }, "geometry": { "type": "Point", "coordinates": [ 3150505.105988433584571, 2033279.025443379534408 ] } },
{ "type": "Feature", "properties": { "centro_codigo": "28060816", "centro_nombre": "PADRE ANTONIO SOLER", "centro_tipo_descripcion": "CENTRO INTEGRADO DE ENSEÑANZAS ARTÍSTICAS ELEMENTALES Y PROFESIONALES DE MÚSICA, EDUCACIÓN PRIMARIA Y SECUNDARIA", "centro_titularidad": "PÚBLICO", "centro_titular": "COMUNIDAD DE MADRID", "municipio_nombre": "San Lorenzo de El Escorial", "distrito_nombre": null, "direccion_coor_x": 402931.0, "direccion_coor_y": 4493951.0, "ARTE": 1, "DANZA": 0, "EDUCACIONADULTA": 0, "EDUCACIONESPECIAL": 0, "FORMACIONPROFESIONAL": 0, "HOSPITALARIA": 0, "IDIOMAS": 0, "INFANTIL": 0, "MILITAR": 0, "MUSICA": 0, "OTRO": 0, "OTRONOEDUCATIVO": 0, "PENITENCIARIO": 0, "PRIMARIA": 1, "SECUNDARIA": 1, "SUPERIOR": 0, "UNIVERSITARIO": 0 }, "geometry": { "type": "Point", "coordinates": [ 3125582.226331911049783, 2055742.425305834738538 ] } },
{ "type": "Feature", "properties": { "centro_codigo": "28061286", "centro_nombre": "GSD EL ESCORIAL", "centro_tipo_descripcion": "CENTRO PRIVADO DE EDUCACIÓN INFANTIL, PRIMARIA Y SECUNDARIA", "centro_titularidad": "PRIVADO CONCERTADO", "centro_titular": "GREDOS SAN DIEGO, SDAD. COOP. MADRILEÑA", "municipio_nombre": "Escorial, El", "distrito_nombre": null, "direccion_coor_x": 411490.0, "direccion_coor_y": 4493303.0, "ARTE": 0, "DANZA": 0, "EDUCACIONADULTA": 0, "EDUCACIONESPECIAL": 0, "FORMACIONPROFESIONAL": 0, "HOSPITALARIA": 0, "IDIOMAS": 0, "INFANTIL": 1, "MILITAR": 0, "MUSICA": 0, "OTRO": 0, "OTRONOEDUCATIVO": 0, "PENITENCIARIO": 0, "PRIMARIA": 1, "SECUNDARIA": 1, "SUPERIOR": 0, "UNIVERSITARIO": 0 }, "geometry": { "type": "Point", "coordinates": [ 3133932.049400695599616, 2053615.337353966664523 ] } },
{ "type": "Feature", "properties": { "centro_codigo": "28061298", "centro_nombre": "COLEGIO INTERNACIONAL KOLBE", "centro_tipo_descripcion": "CENTRO PRIVADO DE EDUCACIÓN INFANTIL, PRIMARIA Y SECUNDARIA", "centro_titularidad": "PRIVADO CONCERTADO", "centro_titular": "COLEGIO INTE.KOLBE, S.L.Y CIA, SOC.EN COMANDITA POR ACCIONES", "municipio_nombre": "Villanueva de la Cañada", "distrito_nombre": null, "direccion_coor_x": 415814.0, "direccion_coor_y": 4478157.0, "ARTE": 0, "DANZA": 0, "EDUCACIONADULTA": 0, "EDUCACIONESPECIAL": 0, "FORMACIONPROFESIONAL": 0, "HOSPITALARIA": 0, "IDIOMAS": 0, "INFANTIL": 1, "MILITAR": 0, "MUSICA": 0, "OTRO": 0, "OTRONOEDUCATIVO": 0, "PENITENCIARIO": 0, "PRIMARIA": 1, "SECUNDARIA": 1, "SUPERIOR": 0, "UNIVERSITARIO": 0 }, "geometry": { "type": "Point", "coordinates": [ 3135822.394744794815779, 2037937.476310211932287 ] } },
{ "type": "Feature", "properties": { "centro_codigo": "28061389", "centro_nombre": "COLEGIO DE NUESTRA SEÑORA", "centro_tipo_descripcion": "CENTRO PRIVADO DE EDUCACIÓN INFANTIL, PRIMARIA Y SECUNDARIA", "centro_titularidad": "PRIVADO", "centro_titular": "ORDEN DE HIJAS DE MARIA NUESTRA SEÑORA", "municipio_nombre": "Valdemoro", "distrito_nombre": null, "direccion_coor_x": 442555.0, "direccion_coor_y": 4448342.0, "ARTE": 0, "DANZA": 0, "EDUCACIONADULTA": 0, "EDUCACIONESPECIAL": 0, "FORMACIONPROFESIONAL": 0, "HOSPITALARIA": 0, "IDIOMAS": 0, "INFANTIL": 1, "MILITAR": 0, "MUSICA": 0, "OTRO": 0, "OTRONOEDUCATIVO": 0, "PENITENCIARIO": 0, "PRIMARIA": 1, "SECUNDARIA": 1, "SUPERIOR": 0, "UNIVERSITARIO": 0 }, "geometry": { "type": "Point", "coordinates": [ 3157572.977104381192476, 2003924.46633428405039 ] } },
{ "type": "Feature", "properties": { "centro_codigo": "28062011", "centro_nombre": "SANTIAGO RUSIÑOL", "centro_tipo_descripcion": "INSTITUTO DE EDUCACIÓN SECUNDARIA", "centro_titularidad": "PÚBLICO", "centro_titular": "COMUNIDAD DE MADRID", "municipio_nombre": "Aranjuez", "distrito_nombre": null, "direccion_coor_x": 450187.0, "direccion_coor_y": 4431707.0, "ARTE": 0, "DANZA": 0, "EDUCACIONADULTA": 0, "EDUCACIONESPECIAL": 0, "FORMACIONPROFESIONAL": 0, "HOSPITALARIA": 0, "IDIOMAS": 0, "INFANTIL": 0, "MILITAR": 0, "MUSICA": 0, "OTRO": 0, "OTRONOEDUCATIVO": 0, "PENITENCIARIO": 0, "PRIMARIA": 0, "SECUNDARIA": 1, "SUPERIOR": 0, "UNIVERSITARIO": 0 }, "geometry": { "type": "Point", "coordinates": [ 3162520.4754897095263, 1986216.904523734468967 ] } },
{ "type": "Feature", "properties": { "centro_codigo": "28062023", "centro_nombre": "MAESTRO MATIAS BRAVO", "centro_tipo_descripcion": "INSTITUTO DE EDUCACIÓN SECUNDARIA", "centro_titularidad": "PÚBLICO", "centro_titular": "COMUNIDAD DE MADRID", "municipio_nombre": "Valdemoro", "distrito_nombre": null, "direccion_coor_x": 441323.0, "direccion_coor_y": 4447804.0, "ARTE": 0, "DANZA": 0, "EDUCACIONADULTA": 0, "EDUCACIONESPECIAL": 0, "FORMACIONPROFESIONAL": 0, "HOSPITALARIA": 0, "IDIOMAS": 0, "INFANTIL": 0, "MILITAR": 0, "MUSICA": 0, "OTRO": 0, "OTRONOEDUCATIVO": 0, "PENITENCIARIO": 0, "PRIMARIA": 0, "SECUNDARIA": 1, "SUPERIOR": 0, "UNIVERSITARIO": 0 }, "geometry": { "type": "Point", "coordinates": [ 3156271.353313179221004, 2003607.517577494028956 ] } },
{ "type": "Feature", "properties": { "centro_codigo": "28062035", "centro_nombre": "FRANCISCO UMBRAL", "centro_tipo_descripcion": "INSTITUTO DE EDUCACIÓN SECUNDARIA", "centro_titularidad": "PÚBLICO", "centro_titular": "COMUNIDAD DE MADRID", "municipio_nombre": "Ciempozuelos", "distrito_nombre": null, "direccion_coor_x": 446583.0, "direccion_coor_y": 4445879.0, "ARTE": 0, "DANZA": 0, "EDUCACIONADULTA": 0, "EDUCACIONESPECIAL": 0, "FORMACIONPROFESIONAL": 0, "HOSPITALARIA": 0, "IDIOMAS": 0, "INFANTIL": 0, "MILITAR": 0, "MUSICA": 0, "OTRO": 0, "OTRONOEDUCATIVO": 0, "PENITENCIARIO": 0, "PRIMARIA": 0, "SECUNDARIA": 1, "SUPERIOR": 0, "UNIVERSITARIO": 0 }, "geometry": { "type": "Point", "coordinates": [ 3161169.224931528791785, 2000801.381452966714278 ] } },
{ "type": "Feature", "properties": { "centro_codigo": "28062126", "centro_nombre": "VILLAVERDE", "centro_tipo_descripcion": "INSTITUTO DE EDUCACIÓN SECUNDARIA", "centro_titularidad": "PÚBLICO", "centro_titular": "COMUNIDAD DE MADRID", "municipio_nombre": "Madrid", "distrito_nombre": "Villaverde", "direccion_coor_x": 441377.0, "direccion_coor_y": 4467648.0, "ARTE": 0, "DANZA": 0, "EDUCACIONADULTA": 0, "EDUCACIONESPECIAL": 0, "FORMACIONPROFESIONAL": 0, "HOSPITALARIA": 0, "IDIOMAS": 0, "INFANTIL": 0, "MILITAR": 0, "MUSICA": 0, "OTRO": 0, "OTRONOEDUCATIVO": 0, "PENITENCIARIO": 0, "PRIMARIA": 0, "SECUNDARIA": 1, "SUPERIOR": 0, "UNIVERSITARIO": 0 }, "geometry": { "type": "Point", "coordinates": [ 3159428.581374796107411, 2023150.238456025719643 ] } },
{ "type": "Feature", "properties": { "centro_codigo": "28062217", "centro_nombre": "LA PURISIMA", "centro_tipo_descripcion": "CENTRO PRIVADO DE EDUCACIÓN INFANTIL, PRIMARIA Y SECUNDARIA", "centro_titularidad": "PRIVADO CONCERTADO", "centro_titular": "FUNDACION EDUCATIVA FRANCISCANAS DE LA INMACULADA", "municipio_nombre": "Madrid", "distrito_nombre": "Ciudad Lineal", "direccion_coor_x": 444202.0, "direccion_coor_y": 4475405.0, "ARTE": 0, "DANZA": 0, "EDUCACIONADULTA": 0, "EDUCACIONESPECIAL": 0, "FORMACIONPROFESIONAL": 0, "HOSPITALARIA": 0, "IDIOMAS": 0, "INFANTIL": 1, "MILITAR": 0, "MUSICA": 0, "OTRO": 0, "OTRONOEDUCATIVO": 0, "PENITENCIARIO": 0, "PRIMARIA": 1, "SECUNDARIA": 1, "SUPERIOR": 0, "UNIVERSITARIO": 0 }, "geometry": { "type": "Point", "coordinates": [ 3163434.98174660326913, 2030304.865242474945262 ] } },
{ "type": "Feature", "properties": { "centro_codigo": "28062497", "centro_nombre": "CENTRO EDUCATIVO PONCE DE LEON", "centro_tipo_descripcion": "CENTRO PRIVADO DE EDUCACIÓN INFANTIL, PRIMARIA Y SECUNDARIA", "centro_titularidad": "PRIVADO CONCERTADO", "centro_titular": "ASOCIACION DE GESTION DOCENTE Y CULTURAL", "municipio_nombre": "Madrid", "distrito_nombre": "Usera", "direccion_coor_x": 440882.0, "direccion_coor_y": 4469272.0, "ARTE": 0, "DANZA": 0, "EDUCACIONADULTA": 0, "EDUCACIONESPECIAL": 0, "FORMACIONPROFESIONAL": 0, "HOSPITALARIA": 0, "IDIOMAS": 0, "INFANTIL": 1, "MILITAR": 0, "MUSICA": 0, "OTRO": 0, "OTRONOEDUCATIVO": 0, "PENITENCIARIO": 0, "PRIMARIA": 1, "SECUNDARIA": 1, "SUPERIOR": 0, "UNIVERSITARIO": 0 }, "geometry": { "type": "Point", "coordinates": [ 3159193.798329437151551, 2024836.105812388239428 ] } },
{ "type": "Feature", "properties": { "centro_codigo": "28062813", "centro_nombre": "NUESTRA SEÑORA DE LA MERCED", "centro_tipo_descripcion": "CENTRO PRIVADO DE EDUCACIÓN INFANTIL, PRIMARIA Y SECUNDARIA", "centro_titularidad": "PRIVADO CONCERTADO", "centro_titular": "RELIGIOSAS DE LA ORDEN DE NTRA. SRA. DE LA MERCED", "municipio_nombre": "Tres Cantos", "distrito_nombre": null, "direccion_coor_x": 439066.0, "direccion_coor_y": 4496052.0, "ARTE": 0, "DANZA": 0, "EDUCACIONADULTA": 0, "EDUCACIONESPECIAL": 0, "FORMACIONPROFESIONAL": 0, "HOSPITALARIA": 0, "IDIOMAS": 0, "INFANTIL": 1, "MILITAR": 0, "MUSICA": 0, "OTRO": 0, "OTRONOEDUCATIVO": 0, "PENITENCIARIO": 0, "PRIMARIA": 1, "SECUNDARIA": 1, "SUPERIOR": 0, "UNIVERSITARIO": 0 }, "geometry": { "type": "Point", "coordinates": [ 3161600.391085776966065, 2051540.231230939039961 ] } },
{ "type": "Feature", "properties": { "centro_codigo": "28063192", "centro_nombre": "HELICON", "centro_tipo_descripcion": "CENTRO PRIVADO DE EDUCACIÓN INFANTIL, PRIMARIA Y SECUNDARIA", "centro_titularidad": "PRIVADO CONCERTADO", "centro_titular": "SDAD. COOP. MADRILEÑA HELICON", "municipio_nombre": "Valdemoro", "distrito_nombre": null, "direccion_coor_x": 441421.0, "direccion_coor_y": 4449936.0, "ARTE": 0, "DANZA": 0, "EDUCACIONADULTA": 0, "EDUCACIONESPECIAL": 0, "FORMACIONPROFESIONAL": 0, "HOSPITALARIA": 0, "IDIOMAS": 0, "INFANTIL": 1, "MILITAR": 0, "MUSICA": 0, "OTRO": 0, "OTRONOEDUCATIVO": 0, "PENITENCIARIO": 0, "PRIMARIA": 1, "SECUNDARIA": 1, "SUPERIOR": 0, "UNIVERSITARIO": 0 }, "geometry": { "type": "Point", "coordinates": [ 3156701.347148077562451, 2005691.095766758779064 ] } },
{ "type": "Feature", "properties": { "centro_codigo": "28063738", "centro_nombre": "SEMIN.MENOR ARZ.LA INMACULADA Y S.DAMASO", "centro_tipo_descripcion": "CENTRO PRIVADO DE EDUCACIÓN SECUNDARIA", "centro_titularidad": "PRIVADO", "centro_titular": "ARZOBISPADO DE MADRID", "municipio_nombre": "Madrid", "distrito_nombre": "Centro", "direccion_coor_x": 439391.0, "direccion_coor_y": 4473625.0, "ARTE": 0, "DANZA": 0, "EDUCACIONADULTA": 0, "EDUCACIONESPECIAL": 0, "FORMACIONPROFESIONAL": 0, "HOSPITALARIA": 0, "IDIOMAS": 0, "INFANTIL": 0, "MILITAR": 0, "MUSICA": 0, "OTRO": 0, "OTRONOEDUCATIVO": 0, "PENITENCIARIO": 0, "PRIMARIA": 0, "SECUNDARIA": 1, "SUPERIOR": 0, "UNIVERSITARIO": 0 }, "geometry": { "type": "Point", "coordinates": [ 3158402.565741533413529, 2029383.481637225020677 ] } },
{ "type": "Feature", "properties": { "centro_codigo": "28063799", "centro_nombre": "ADOLFO SUAREZ", "centro_tipo_descripcion": "COLEGIO DE EDUCACIÓN INFANTIL, PRIMARIA Y SECUNDARIA", "centro_titularidad": "PÚBLICO", "centro_titular": "COMUNIDAD DE MADRID", "municipio_nombre": "Madrid", "distrito_nombre": "Hortaleza", "direccion_coor_x": 444666.0, "direccion_coor_y": 4482269.0, "ARTE": 0, "DANZA": 0, "EDUCACIONADULTA": 0, "EDUCACIONESPECIAL": 0, "FORMACIONPROFESIONAL": 0, "HOSPITALARIA": 0, "IDIOMAS": 0, "INFANTIL": 1, "MILITAR": 0, "MUSICA": 0, "OTRO": 0, "OTRONOEDUCATIVO": 0, "PENITENCIARIO": 0, "PRIMARIA": 1, "SECUNDARIA": 1, "SUPERIOR": 0, "UNIVERSITARIO": 0 }, "geometry": { "type": "Point", "coordinates": [ 3164969.389943219721317, 2036988.325652421917766 ] } },
{ "type": "Feature", "properties": { "centro_codigo": "28063830", "centro_nombre": "SANSUEÑA", "centro_tipo_descripcion": "COLEGIO DE EDUCACIÓN INFANTIL, PRIMARIA Y SECUNDARIA", "centro_titularidad": "PÚBLICO", "centro_titular": "COMUNIDAD DE MADRID", "municipio_nombre": "Talamanca de Jarama", "distrito_nombre": null, "direccion_coor_x": 456526.0, "direccion_coor_y": 4510857.0, "ARTE": 0, "DANZA": 0, "EDUCACIONADULTA": 0, "EDUCACIONESPECIAL": 0, "FORMACIONPROFESIONAL": 0, "HOSPITALARIA": 0, "IDIOMAS": 0, "INFANTIL": 1, "MILITAR": 0, "MUSICA": 0, "OTRO": 0, "OTRONOEDUCATIVO": 0, "PENITENCIARIO": 0, "PRIMARIA": 1, "SECUNDARIA": 1, "SUPERIOR": 0, "UNIVERSITARIO": 0 }, "geometry": { "type": "Point", "coordinates": [ 3181175.012426032684743, 2063109.942189487628639 ] } },
{ "type": "Feature", "properties": { "centro_codigo": "28063878", "centro_nombre": "MARIA MARTIN", "centro_tipo_descripcion": "COLEGIO DE EDUCACIÓN INFANTIL, PRIMARIA Y SECUNDARIA", "centro_titularidad": "PÚBLICO", "centro_titular": "COMUNIDAD DE MADRID", "municipio_nombre": "Navalcarnero", "distrito_nombre": null, "direccion_coor_x": 415338.0, "direccion_coor_y": 4460828.0, "ARTE": 0, "DANZA": 0, "EDUCACIONADULTA": 0, "EDUCACIONESPECIAL": 0, "FORMACIONPROFESIONAL": 0, "HOSPITALARIA": 0, "IDIOMAS": 0, "INFANTIL": 1, "MILITAR": 0, "MUSICA": 0, "OTRO": 0, "OTRONOEDUCATIVO": 0, "PENITENCIARIO": 0, "PRIMARIA": 1, "SECUNDARIA": 1, "SUPERIOR": 0, "UNIVERSITARIO": 0 }, "geometry": { "type": "Point", "coordinates": [ 3132634.187587076798081, 2020943.726066769799218 ] } },
{ "type": "Feature", "properties": { "centro_codigo": "28064007", "centro_nombre": "ANTARES", "centro_tipo_descripcion": "INSTITUTO DE EDUCACIÓN SECUNDARIA", "centro_titularidad": "PÚBLICO", "centro_titular": "COMUNIDAD DE MADRID", "municipio_nombre": "Rivas-Vaciamadrid", "distrito_nombre": null, "direccion_coor_x": 456214.0, "direccion_coor_y": 4467134.0, "ARTE": 0, "DANZA": 0, "EDUCACIONADULTA": 0, "EDUCACIONESPECIAL": 0, "FORMACIONPROFESIONAL": 0, "HOSPITALARIA": 0, "IDIOMAS": 0, "INFANTIL": 0, "MILITAR": 0, "MUSICA": 0, "OTRO": 0, "OTRONOEDUCATIVO": 0, "PENITENCIARIO": 0, "PRIMARIA": 0, "SECUNDARIA": 1, "SUPERIOR": 0, "UNIVERSITARIO": 0 }, "geometry": { "type": "Point", "coordinates": [ 3174009.855529431253672, 2020078.841924749780446 ] } },
{ "type": "Feature", "properties": { "centro_codigo": "28064019", "centro_nombre": "CIUDAD DEL FUTBOL", "centro_tipo_descripcion": "CENTRO AUTORIZADO DE ENSEÑANZAS DEPORTIVAS GRADO MEDIO Y SUPERIOR", "centro_titularidad": "PRIVADO", "centro_titular": "REAL FEDERACION ESPAÑOLA DE FUTBOL", "municipio_nombre": "Rozas de Madrid, Las", "distrito_nombre": null, "direccion_coor_x": 423808.0, "direccion_coor_y": 4486173.0, "ARTE": 0, "DANZA": 0, "EDUCACIONADULTA": 0, "EDUCACIONESPECIAL": 0, "FORMACIONPROFESIONAL": 0, "HOSPITALARIA": 0, "IDIOMAS": 0, "INFANTIL": 0, "MILITAR": 0, "MUSICA": 0, "OTRO": 0, "OTRONOEDUCATIVO": 0, "PENITENCIARIO": 0, "PRIMARIA": 0, "SECUNDARIA": 1, "SUPERIOR": 1, "UNIVERSITARIO": 0 }, "geometry": { "type": "Point", "coordinates": [ 3144977.013033835683018, 2044449.432739431969821 ] } },
{ "type": "Feature", "properties": { "centro_codigo": "28064020", "centro_nombre": "CENTRO DE FORMACION DE TECNICOS DEPORTIVOS DE LA REAL FEDERACION DE FUTBOL DE MADRID Y GSD", "centro_tipo_descripcion": "CENTRO AUTORIZADO DE ENSEÑANZAS DEPORTIVAS GRADO MEDIO Y SUPERIOR", "centro_titularidad": "PRIVADO", "centro_titular": "FEDERACION DE FUTBOL DE MADRID", "municipio_nombre": "Madrid", "distrito_nombre": "Moratalaz", "direccion_coor_x": 446671.0, "direccion_coor_y": 4472732.0, "ARTE": 0, "DANZA": 0, "EDUCACIONADULTA": 0, "EDUCACIONESPECIAL": 0, "FORMACIONPROFESIONAL": 0, "HOSPITALARIA": 0, "IDIOMAS": 0, "INFANTIL": 0, "MILITAR": 0, "MUSICA": 0, "OTRO": 0, "OTRONOEDUCATIVO": 0, "PENITENCIARIO": 0, "PRIMARIA": 0, "SECUNDARIA": 1, "SUPERIOR": 1, "UNIVERSITARIO": 0 }, "geometry": { "type": "Point", "coordinates": [ 3165455.818600269965827, 2027243.913763114251196 ] } },
{ "type": "Feature", "properties": { "centro_codigo": "28064044", "centro_nombre": "LUIS GARCIA BERLANGA", "centro_tipo_descripcion": "INSTITUTO DE EDUCACIÓN SECUNDARIA", "centro_titularidad": "PÚBLICO", "centro_titular": "COMUNIDAD DE MADRID", "municipio_nombre": "Guadalix de la Sierra", "distrito_nombre": null, "direccion_coor_x": 441266.0, "direccion_coor_y": 4514810.0, "ARTE": 0, "DANZA": 0, "EDUCACIONADULTA": 0, "EDUCACIONESPECIAL": 0, "FORMACIONPROFESIONAL": 0, "HOSPITALARIA": 0, "IDIOMAS": 0, "INFANTIL": 0, "MILITAR": 0, "MUSICA": 0, "OTRO": 0, "OTRONOEDUCATIVO": 0, "PENITENCIARIO": 0, "PRIMARIA": 0, "SECUNDARIA": 1, "SUPERIOR": 0, "UNIVERSITARIO": 0 }, "geometry": { "type": "Point", "coordinates": [ 3166723.233193933032453, 2069646.075946634402499 ] } },
{ "type": "Feature", "properties": { "centro_codigo": "28064160", "centro_nombre": "PRINCIPES DE ASTURIAS", "centro_tipo_descripcion": "COLEGIO DE EDUCACIÓN INFANTIL, PRIMARIA Y SECUNDARIA", "centro_titularidad": "PÚBLICO", "centro_titular": "COMUNIDAD DE MADRID", "municipio_nombre": "Pozuelo de Alarcón", "distrito_nombre": null, "direccion_coor_x": 431594.0, "direccion_coor_y": 4478830.0, "ARTE": 0, "DANZA": 0, "EDUCACIONADULTA": 0, "EDUCACIONESPECIAL": 0, "FORMACIONPROFESIONAL": 0, "HOSPITALARIA": 0, "IDIOMAS": 0, "INFANTIL": 1, "MILITAR": 0, "MUSICA": 0, "OTRO": 0, "OTRONOEDUCATIVO": 0, "PENITENCIARIO": 0, "PRIMARIA": 1, "SECUNDARIA": 1, "SUPERIOR": 0, "UNIVERSITARIO": 0 }, "geometry": { "type": "Point", "coordinates": [ 3151515.531331801787019, 2035863.039465119596571 ] } },
{ "type": "Feature", "properties": { "centro_codigo": "28064172", "centro_nombre": "FUENLLANA", "centro_tipo_descripcion": "CENTRO PRIVADO DE EDUCACIÓN INFANTIL, PRIMARIA Y SECUNDARIA", "centro_titularidad": "PRIVADO CONCERTADO", "centro_titular": "CENTRO CULTURAL PEDRALTA, S.A.", "municipio_nombre": "Alcorcón", "distrito_nombre": null, "direccion_coor_x": 427104.0, "direccion_coor_y": 4465573.0, "ARTE": 0, "DANZA": 0, "EDUCACIONADULTA": 0, "EDUCACIONESPECIAL": 0, "FORMACIONPROFESIONAL": 0, "HOSPITALARIA": 0, "IDIOMAS": 0, "INFANTIL": 1, "MILITAR": 0, "MUSICA": 0, "OTRO": 0, "OTRONOEDUCATIVO": 0, "PENITENCIARIO": 0, "PRIMARIA": 1, "SECUNDARIA": 1, "SUPERIOR": 0, "UNIVERSITARIO": 0 }, "geometry": { "type": "Point", "coordinates": [ 3145001.415408629924059, 2023577.869867095490918 ] } },
{ "type": "Feature", "properties": { "centro_codigo": "28064184", "centro_nombre": "CASVI-BOADILLA", "centro_tipo_descripcion": "CENTRO PRIVADO DE EDUCACIÓN INFANTIL, PRIMARIA Y SECUNDARIA", "centro_titularidad": "PRIVADO CONCERTADO", "centro_titular": "CASVI-BOADILLA, S.A.", "municipio_nombre": "Boadilla del Monte", "distrito_nombre": null, "direccion_coor_x": 423799.0, "direccion_coor_y": 4474965.0, "ARTE": 0, "DANZA": 0, "EDUCACIONADULTA": 0, "EDUCACIONESPECIAL": 0, "FORMACIONPROFESIONAL": 0, "HOSPITALARIA": 0, "IDIOMAS": 0, "INFANTIL": 1, "MILITAR": 0, "MUSICA": 0, "OTRO": 0, "OTRONOEDUCATIVO": 0, "PENITENCIARIO": 0, "PRIMARIA": 1, "SECUNDARIA": 1, "SUPERIOR": 0, "UNIVERSITARIO": 0 }, "geometry": { "type": "Point", "coordinates": [ 3143208.838475058786571, 2033405.938134423457086 ] } },
{ "type": "Feature", "properties": { "centro_codigo": "28064196", "centro_nombre": "COLEGIO VALLMONT", "centro_tipo_descripcion": "CENTRO PRIVADO DE EDUCACIÓN INFANTIL, PRIMARIA Y SECUNDARIA", "centro_titularidad": "PRIVADO CONCERTADO", "centro_titular": "COLEGIO BILINGÜE VALLMONT,S.L.", "municipio_nombre": "Villanueva del Pardillo", "distrito_nombre": null, "direccion_coor_x": 418254.0, "direccion_coor_y": 4482320.0, "ARTE": 0, "DANZA": 0, "EDUCACIONADULTA": 0, "EDUCACIONESPECIAL": 0, "FORMACIONPROFESIONAL": 0, "HOSPITALARIA": 0, "IDIOMAS": 0, "INFANTIL": 1, "MILITAR": 0, "MUSICA": 0, "OTRO": 0, "OTRONOEDUCATIVO": 0, "PENITENCIARIO": 0, "PRIMARIA": 1, "SECUNDARIA": 1, "SUPERIOR": 0, "UNIVERSITARIO": 0 }, "geometry": { "type": "Point", "coordinates": [ 3138886.080903630703688, 2041616.324462872231379 ] } },
{ "type": "Feature", "properties": { "centro_codigo": "28064202", "centro_nombre": "COLEGIO INTERNACIONAL J.H. NEWMAN", "centro_tipo_descripcion": "CENTRO PRIVADO DE EDUCACIÓN INFANTIL, PRIMARIA Y SECUNDARIA", "centro_titularidad": "PRIVADO CONCERTADO", "centro_titular": "FUNDACION INTERNACIONAL DE EDUCACION", "municipio_nombre": "Madrid", "distrito_nombre": "San Blas-Canillejas", "direccion_coor_x": 447787.0, "direccion_coor_y": 4474666.0, "ARTE": 0, "DANZA": 0, "EDUCACIONADULTA": 0, "EDUCACIONESPECIAL": 0, "FORMACIONPROFESIONAL": 0, "HOSPITALARIA": 0, "IDIOMAS": 0, "INFANTIL": 1, "MILITAR": 0, "MUSICA": 0, "OTRO": 0, "OTRONOEDUCATIVO": 0, "PENITENCIARIO": 0, "PRIMARIA": 1, "SECUNDARIA": 1, "SUPERIOR": 0, "UNIVERSITARIO": 0 }, "geometry": { "type": "Point", "coordinates": [ 3166861.493336646817625, 2028956.60302211670205 ] } },
{ "type": "Feature", "properties": { "centro_codigo": "28064214", "centro_nombre": "ANDEL", "centro_tipo_descripcion": "CENTRO PRIVADO DE EDUCACIÓN PRIMARIA Y SECUNDARIA", "centro_titularidad": "PRIVADO CONCERTADO", "centro_titular": "ANDEL PROMOCIONES EDUCATIVAS, S.A. UNIPERSONAL", "municipio_nombre": "Alcorcón", "distrito_nombre": null, "direccion_coor_x": 427264.0, "direccion_coor_y": 4465634.0, "ARTE": 0, "DANZA": 0, "EDUCACIONADULTA": 0, "EDUCACIONESPECIAL": 0, "FORMACIONPROFESIONAL": 0, "HOSPITALARIA": 0, "IDIOMAS": 0, "INFANTIL": 0, "MILITAR": 0, "MUSICA": 0, "OTRO": 0, "OTRONOEDUCATIVO": 0, "PENITENCIARIO": 0, "PRIMARIA": 1, "SECUNDARIA": 1, "SUPERIOR": 0, "UNIVERSITARIO": 0 }, "geometry": { "type": "Point", "coordinates": [ 3145169.046001377515495, 2023610.237916638609022 ] } },
{ "type": "Feature", "properties": { "centro_codigo": "28064238", "centro_nombre": "MALVAR", "centro_tipo_descripcion": "CENTRO PRIVADO DE EDUCACIÓN INFANTIL, PRIMARIA Y SECUNDARIA", "centro_titularidad": "PRIVADO CONCERTADO", "centro_titular": "MALVAR, SDAD. COOP. MADRILEÑA", "municipio_nombre": "Arganda del Rey", "distrito_nombre": null, "direccion_coor_x": 462073.0, "direccion_coor_y": 4462004.0, "ARTE": 0, "DANZA": 0, "EDUCACIONADULTA": 0, "EDUCACIONESPECIAL": 0, "FORMACIONPROFESIONAL": 0, "HOSPITALARIA": 0, "IDIOMAS": 0, "INFANTIL": 1, "MILITAR": 0, "MUSICA": 0, "OTRO": 0, "OTRONOEDUCATIVO": 0, "PENITENCIARIO": 0, "PRIMARIA": 1, "SECUNDARIA": 1, "SUPERIOR": 0, "UNIVERSITARIO": 0 }, "geometry": { "type": "Point", "coordinates": [ 3178998.256538362242281, 2014013.00785262696445 ] } },
{ "type": "Feature", "properties": { "centro_codigo": "28064408", "centro_nombre": "TIMON", "centro_tipo_descripcion": "CENTRO PRIVADO DE EDUCACIÓN INFANTIL, PRIMARIA Y SECUNDARIA", "centro_titularidad": "PRIVADO CONCERTADO", "centro_titular": "UNION DE IGLESIAS CRISTIANAS ADVENTISTAS DEL SEPTIMO DIA ESP", "municipio_nombre": "Madrid", "distrito_nombre": "San Blas-Canillejas", "direccion_coor_x": 448248.0, "direccion_coor_y": 4475026.0, "ARTE": 0, "DANZA": 0, "EDUCACIONADULTA": 0, "EDUCACIONESPECIAL": 0, "FORMACIONPROFESIONAL": 0, "HOSPITALARIA": 0, "IDIOMAS": 0, "INFANTIL": 1, "MILITAR": 0, "MUSICA": 0, "OTRO": 0, "OTRONOEDUCATIVO": 0, "PENITENCIARIO": 0, "PRIMARIA": 1, "SECUNDARIA": 1, "SUPERIOR": 0, "UNIVERSITARIO": 0 }, "geometry": { "type": "Point", "coordinates": [ 3167373.407584014348686, 2029231.618401741608977 ] } },
{ "type": "Feature", "properties": { "centro_codigo": "28064846", "centro_nombre": "COLEGIO EL CATÓN", "centro_tipo_descripcion": "CENTRO PRIVADO DE EDUCACIÓN INFANTIL, PRIMARIA Y SECUNDARIA", "centro_titularidad": "PRIVADO CONCERTADO", "centro_titular": "FORMULA EDUCATIVA, SDAD. COOP. MADRILEÑA", "municipio_nombre": "Torrejón de Velasco", "distrito_nombre": null, "direccion_coor_x": 434055.0, "direccion_coor_y": 4449176.0, "ARTE": 0, "DANZA": 0, "EDUCACIONADULTA": 0, "EDUCACIONESPECIAL": 0, "FORMACIONPROFESIONAL": 0, "HOSPITALARIA": 0, "IDIOMAS": 0, "INFANTIL": 1, "MILITAR": 0, "MUSICA": 0, "OTRO": 0, "OTRONOEDUCATIVO": 0, "PENITENCIARIO": 0, "PRIMARIA": 1, "SECUNDARIA": 1, "SUPERIOR": 0, "UNIVERSITARIO": 0 }, "geometry": { "type": "Point", "coordinates": [ 3149303.300201286561787, 2006217.210470291320235 ] } },
{ "type": "Feature", "properties": { "centro_codigo": "28065632", "centro_nombre": "IES NUEVO MORALEJA DE ENMEDIO", "centro_tipo_descripcion": "SECCIÓN DE INSTITUTO DE EDUCACIÓN SECUNDARIA", "centro_titularidad": "PÚBLICO", "centro_titular": "COMUNIDAD DE MADRID", "municipio_nombre": "Moraleja de Enmedio", "distrito_nombre": null, "direccion_coor_x": 427351.0, "direccion_coor_y": 4457638.0, "ARTE": 0, "DANZA": 0, "EDUCACIONADULTA": 0, "EDUCACIONESPECIAL": 0, "FORMACIONPROFESIONAL": 0, "HOSPITALARIA": 0, "IDIOMAS": 0, "INFANTIL": 0, "MILITAR": 0, "MUSICA": 0, "OTRO": 0, "OTRONOEDUCATIVO": 0, "PENITENCIARIO": 0, "PRIMARIA": 0, "SECUNDARIA": 1, "SUPERIOR": 0, "UNIVERSITARIO": 0 }, "geometry": { "type": "Point", "coordinates": [ 3144002.767678736709058, 2015716.295490820659325 ] } },
{ "type": "Feature", "properties": { "centro_codigo": "28065644", "centro_nombre": "GONZALO ANES", "centro_tipo_descripcion": "INSTITUTO DE EDUCACIÓN SECUNDARIA", "centro_titularidad": "PÚBLICO", "centro_titular": "COMUNIDAD DE MADRID", "municipio_nombre": "Collado Mediano", "distrito_nombre": null, "direccion_coor_x": 411960.0, "direccion_coor_y": 4504888.0, "ARTE": 0, "DANZA": 0, "EDUCACIONADULTA": 0, "EDUCACIONESPECIAL": 0, "FORMACIONPROFESIONAL": 0, "HOSPITALARIA": 0, "IDIOMAS": 0, "INFANTIL": 0, "MILITAR": 0, "MUSICA": 0, "OTRO": 0, "OTRONOEDUCATIVO": 0, "PENITENCIARIO": 0, "PRIMARIA": 0, "SECUNDARIA": 1, "SUPERIOR": 0, "UNIVERSITARIO": 0 }, "geometry": { "type": "Point", "coordinates": [ 3136219.555338188074529, 2064951.71703699300997 ] } },
{ "type": "Feature", "properties": { "centro_codigo": "28065711", "centro_nombre": "FEDERICO MORENO TORROBA", "centro_tipo_descripcion": "CENTRO INTEGRADO DE ENSEÑANZAS ARTÍSTICAS  PROFESIONALES DE MÚSICA Y EDUCACIÓN SECUNDARIA", "centro_titularidad": "PÚBLICO", "centro_titular": "COMUNIDAD DE MADRID", "municipio_nombre": "Madrid", "distrito_nombre": "Carabanchel", "direccion_coor_x": 437496.0, "direccion_coor_y": 4470772.0, "ARTE": 0, "DANZA": 0, "EDUCACIONADULTA": 0, "EDUCACIONESPECIAL": 0, "FORMACIONPROFESIONAL": 0, "HOSPITALARIA": 0, "IDIOMAS": 0, "INFANTIL": 0, "MILITAR": 0, "MUSICA": 1, "OTRO": 0, "OTRONOEDUCATIVO": 0, "PENITENCIARIO": 0, "PRIMARIA": 0, "SECUNDARIA": 1, "SUPERIOR": 0, "UNIVERSITARIO": 0 }, "geometry": { "type": "Point", "coordinates": [ 3156083.210758320987225, 2026900.286867324262857 ] } },
{ "type": "Feature", "properties": { "centro_codigo": "28065735", "centro_nombre": "EL VALLE II", "centro_tipo_descripcion": "CENTRO PRIVADO DE EDUCACIÓN INFANTIL, PRIMARIA Y SECUNDARIA", "centro_titularidad": "PRIVADO CONCERTADO", "centro_titular": "SERVICIOS EDUCATIVOS SANCHINARRO, S.L.L.", "municipio_nombre": "Madrid", "distrito_nombre": "Hortaleza", "direccion_coor_x": 444596.0, "direccion_coor_y": 4483525.0, "ARTE": 0, "DANZA": 0, "EDUCACIONADULTA": 0, "EDUCACIONESPECIAL": 0, "FORMACIONPROFESIONAL": 0, "HOSPITALARIA": 0, "IDIOMAS": 0, "INFANTIL": 1, "MILITAR": 0, "MUSICA": 0, "OTRO": 0, "OTRONOEDUCATIVO": 0, "PENITENCIARIO": 0, "PRIMARIA": 1, "SECUNDARIA": 1, "SUPERIOR": 0, "UNIVERSITARIO": 0 }, "geometry": { "type": "Point", "coordinates": [ 3165097.199507110752165, 2038238.117044396698475 ] } },
{ "type": "Feature", "properties": { "centro_codigo": "28065747", "centro_nombre": "COLEGIO VALDEFUENTES", "centro_tipo_descripcion": "CENTRO PRIVADO DE EDUCACIÓN INFANTIL, PRIMARIA Y SECUNDARIA", "centro_titularidad": "PRIVADO CONCERTADO", "centro_titular": "COLEGIO VALDEFUENTES, S.L.", "municipio_nombre": "Madrid", "distrito_nombre": "Hortaleza", "direccion_coor_x": 443756.0, "direccion_coor_y": 4482466.0, "ARTE": 0, "DANZA": 0, "EDUCACIONADULTA": 0, "EDUCACIONESPECIAL": 0, "FORMACIONPROFESIONAL": 0, "HOSPITALARIA": 0, "IDIOMAS": 0, "INFANTIL": 1, "MILITAR": 0, "MUSICA": 0, "OTRO": 0, "OTRONOEDUCATIVO": 0, "PENITENCIARIO": 0, "PRIMARIA": 1, "SECUNDARIA": 1, "SUPERIOR": 0, "UNIVERSITARIO": 0 }, "geometry": { "type": "Point", "coordinates": [ 3164101.20074619166553, 2037339.907099088653922 ] } },
{ "type": "Feature", "properties": { "centro_codigo": "28065759", "centro_nombre": "MONTE TABOR", "centro_tipo_descripcion": "CENTRO PRIVADO DE EDUCACIÓN INFANTIL, PRIMARIA Y SECUNDARIA", "centro_titularidad": "PRIVADO CONCERTADO", "centro_titular": "FUND. TIEMPOS MAS NUEVOS y CTROS. ENSEÑANZA EDUC. Y VIDA S.A", "municipio_nombre": "Pozuelo de Alarcón", "distrito_nombre": null, "direccion_coor_x": 433326.0, "direccion_coor_y": 4473639.0, "ARTE": 0, "DANZA": 0, "EDUCACIONADULTA": 0, "EDUCACIONESPECIAL": 0, "FORMACIONPROFESIONAL": 0, "HOSPITALARIA": 0, "IDIOMAS": 0, "INFANTIL": 1, "MILITAR": 0, "MUSICA": 0, "OTRO": 0, "OTRONOEDUCATIVO": 0, "PENITENCIARIO": 0, "PRIMARIA": 1, "SECUNDARIA": 1, "SUPERIOR": 0, "UNIVERSITARIO": 0 }, "geometry": { "type": "Point", "coordinates": [ 3152412.5891875308007, 2030447.630467693787068 ] } },
{ "type": "Feature", "properties": { "centro_codigo": "28065760", "centro_nombre": "COLEGIO PEÑALAR", "centro_tipo_descripcion": "CENTRO PRIVADO DE EDUCACIÓN INFANTIL, PRIMARIA Y SECUNDARIA", "centro_titularidad": "PRIVADO CONCERTADO", "centro_titular": "COLEGIO PEÑALAR, S.L. UNIPERSONAL", "municipio_nombre": "Torrelodones", "distrito_nombre": null, "direccion_coor_x": 420812.0, "direccion_coor_y": 4492613.0, "ARTE": 0, "DANZA": 0, "EDUCACIONADULTA": 0, "EDUCACIONESPECIAL": 0, "FORMACIONPROFESIONAL": 0, "HOSPITALARIA": 0, "IDIOMAS": 0, "INFANTIL": 1, "MILITAR": 0, "MUSICA": 0, "OTRO": 0, "OTRONOEDUCATIVO": 0, "PENITENCIARIO": 0, "PRIMARIA": 1, "SECUNDARIA": 1, "SUPERIOR": 0, "UNIVERSITARIO": 0 }, "geometry": { "type": "Point", "coordinates": [ 3143029.826832409016788, 2051316.088776823366061 ] } },
{ "type": "Feature", "properties": { "centro_codigo": "28065772", "centro_nombre": "COLEGIO QUERCUS", "centro_tipo_descripcion": "CENTRO PRIVADO DE EDUCACIÓN INFANTIL, PRIMARIA Y SECUNDARIA", "centro_titularidad": "PRIVADO CONCERTADO", "centro_titular": "AVANTIS SOCIEDAD COOPERATIVA MADRILEÑA", "municipio_nombre": "Boadilla del Monte", "distrito_nombre": null, "direccion_coor_x": 423450.0, "direccion_coor_y": 4473025.0, "ARTE": 0, "DANZA": 0, "EDUCACIONADULTA": 0, "EDUCACIONESPECIAL": 0, "FORMACIONPROFESIONAL": 0, "HOSPITALARIA": 0, "IDIOMAS": 0, "INFANTIL": 1, "MILITAR": 0, "MUSICA": 0, "OTRO": 0, "OTRONOEDUCATIVO": 0, "PENITENCIARIO": 0, "PRIMARIA": 1, "SECUNDARIA": 1, "SUPERIOR": 0, "UNIVERSITARIO": 0 }, "geometry": { "type": "Point", "coordinates": [ 3142559.78379841055721, 2031554.75337016931735 ] } },
{ "type": "Feature", "properties": { "centro_codigo": "28065784", "centro_nombre": "COLEGIO CAUDE", "centro_tipo_descripcion": "CENTRO PRIVADO DE EDUCACIÓN INFANTIL, PRIMARIA Y SECUNDARIA", "centro_titularidad": "PRIVADO CONCERTADO", "centro_titular": "EL CATON, SDAD. COOP. MADRILEÑA", "municipio_nombre": "Majadahonda", "distrito_nombre": null, "direccion_coor_x": 425819.0, "direccion_coor_y": 4479098.0, "ARTE": 0, "DANZA": 0, "EDUCACIONADULTA": 0, "EDUCACIONESPECIAL": 0, "FORMACIONPROFESIONAL": 0, "HOSPITALARIA": 0, "IDIOMAS": 0, "INFANTIL": 1, "MILITAR": 0, "MUSICA": 0, "OTRO": 0, "OTRONOEDUCATIVO": 0, "PENITENCIARIO": 0, "PRIMARIA": 1, "SECUNDARIA": 1, "SUPERIOR": 0, "UNIVERSITARIO": 0 }, "geometry": { "type": "Point", "coordinates": [ 3145852.706339726224542, 2037128.375391878653318 ] } },
{ "type": "Feature", "properties": { "centro_codigo": "28065841", "centro_nombre": "CAMPO REAL", "centro_tipo_descripcion": "INSTITUTO DE EDUCACIÓN SECUNDARIA", "centro_titularidad": "PÚBLICO", "centro_titular": "COMUNIDAD DE MADRID", "municipio_nombre": "Campo Real", "distrito_nombre": null, "direccion_coor_x": 468367.0, "direccion_coor_y": 4464837.0, "ARTE": 0, "DANZA": 0, "EDUCACIONADULTA": 0, "EDUCACIONESPECIAL": 0, "FORMACIONPROFESIONAL": 0, "HOSPITALARIA": 0, "IDIOMAS": 0, "INFANTIL": 0, "MILITAR": 0, "MUSICA": 0, "OTRO": 0, "OTRONOEDUCATIVO": 0, "PENITENCIARIO": 0, "PRIMARIA": 0, "SECUNDARIA": 1, "SUPERIOR": 0, "UNIVERSITARIO": 0 }, "geometry": { "type": "Point", "coordinates": [ 3185662.03117677429691, 2015718.627328106667846 ] } },
{ "type": "Feature", "properties": { "centro_codigo": "28066417", "centro_nombre": "COLEGIO SAN FRANCISCO", "centro_tipo_descripcion": "CENTRO PRIVADO DE EDUCACIÓN SECUNDARIA", "centro_titularidad": "PRIVADO CONCERTADO", "centro_titular": "FUNDACION VIRGEN DE LA ALMUDENA", "municipio_nombre": "Madrid", "distrito_nombre": "Fuencarral-El Pardo", "direccion_coor_x": 434009.0, "direccion_coor_y": 4487044.0, "ARTE": 0, "DANZA": 0, "EDUCACIONADULTA": 0, "EDUCACIONESPECIAL": 0, "FORMACIONPROFESIONAL": 0, "HOSPITALARIA": 0, "IDIOMAS": 0, "INFANTIL": 0, "MILITAR": 0, "MUSICA": 0, "OTRO": 0, "OTRONOEDUCATIVO": 0, "PENITENCIARIO": 0, "PRIMARIA": 0, "SECUNDARIA": 1, "SUPERIOR": 0, "UNIVERSITARIO": 0 }, "geometry": { "type": "Point", "coordinates": [ 3155190.244995964691043, 2043539.021376648684964 ] } },
{ "type": "Feature", "properties": { "centro_codigo": "28066508", "centro_nombre": "DOROTEO HERNANDEZ", "centro_tipo_descripcion": "CENTRO PRIVADO DE EDUCACIÓN PRIMARIA Y SECUNDARIA", "centro_titularidad": "PRIVADO CONCERTADO", "centro_titular": "INSTITUTO SECULAR CRUZADA EVANGÉLICA", "municipio_nombre": "Coslada", "distrito_nombre": null, "direccion_coor_x": 451676.0, "direccion_coor_y": 4475444.0, "ARTE": 0, "DANZA": 0, "EDUCACIONADULTA": 0, "EDUCACIONESPECIAL": 0, "FORMACIONPROFESIONAL": 0, "HOSPITALARIA": 0, "IDIOMAS": 0, "INFANTIL": 0, "MILITAR": 0, "MUSICA": 0, "OTRO": 0, "OTRONOEDUCATIVO": 0, "PENITENCIARIO": 0, "PRIMARIA": 1, "SECUNDARIA": 1, "SUPERIOR": 0, "UNIVERSITARIO": 0 }, "geometry": { "type": "Point", "coordinates": [ 3170826.191140684299171, 2029050.890507959295064 ] } },
{ "type": "Feature", "properties": { "centro_codigo": "28067318", "centro_nombre": "COLEGIO ARTICA", "centro_tipo_descripcion": "CENTRO PRIVADO DE EDUCACIÓN INFANTIL, PRIMARIA Y SECUNDARIA", "centro_titularidad": "PRIVADO CONCERTADO", "centro_titular": "COOPERATIVA DE ENSEÑANZA JOSE RAMON OTERO,SOC COOP MADRILEÑA", "municipio_nombre": "Madrid", "distrito_nombre": "Carabanchel", "direccion_coor_x": 435799.0, "direccion_coor_y": 4468052.0, "ARTE": 0, "DANZA": 0, "EDUCACIONADULTA": 0, "EDUCACIONESPECIAL": 0, "FORMACIONPROFESIONAL": 0, "HOSPITALARIA": 0, "IDIOMAS": 0, "INFANTIL": 1, "MILITAR": 0, "MUSICA": 0, "OTRO": 0, "OTRONOEDUCATIVO": 0, "PENITENCIARIO": 0, "PRIMARIA": 1, "SECUNDARIA": 1, "SUPERIOR": 0, "UNIVERSITARIO": 0 }, "geometry": { "type": "Point", "coordinates": [ 3153980.406053999438882, 2024513.950499884784222 ] } },
{ "type": "Feature", "properties": { "centro_codigo": "28067321", "centro_nombre": "EL VALLE III", "centro_tipo_descripcion": "CENTRO PRIVADO DE EDUCACIÓN INFANTIL, PRIMARIA Y SECUNDARIA", "centro_titularidad": "PRIVADO CONCERTADO", "centro_titular": "SERVICIOS EDUCATIVOS LAS TABLAS S.L. UNIPERSONAL", "municipio_nombre": "Madrid", "distrito_nombre": "Fuencarral-El Pardo", "direccion_coor_x": 443867.0, "direccion_coor_y": 4483933.0, "ARTE": 0, "DANZA": 0, "EDUCACIONADULTA": 0, "EDUCACIONESPECIAL": 0, "FORMACIONPROFESIONAL": 0, "HOSPITALARIA": 0, "IDIOMAS": 0, "INFANTIL": 1, "MILITAR": 0, "MUSICA": 0, "OTRO": 0, "OTRONOEDUCATIVO": 0, "PENITENCIARIO": 0, "PRIMARIA": 1, "SECUNDARIA": 1, "SUPERIOR": 0, "UNIVERSITARIO": 0 }, "geometry": { "type": "Point", "coordinates": [ 3164440.945501606911421, 2038766.308150943135843 ] } },
{ "type": "Feature", "properties": { "centro_codigo": "28067331", "centro_nombre": "GSD LAS SUERTES", "centro_tipo_descripcion": "CENTRO PRIVADO DE EDUCACIÓN INFANTIL, PRIMARIA Y SECUNDARIA", "centro_titularidad": "PRIVADO CONCERTADO", "centro_titular": "GREDOS SAN DIEGO, SOCIEDAD COOPERATIVA MADRILEÑA", "municipio_nombre": "Madrid", "distrito_nombre": "Villa de Vallecas", "direccion_coor_x": 449026.0, "direccion_coor_y": 4468565.0, "ARTE": 0, "DANZA": 0, "EDUCACIONADULTA": 0, "EDUCACIONESPECIAL": 0, "FORMACIONPROFESIONAL": 0, "HOSPITALARIA": 0, "IDIOMAS": 0, "INFANTIL": 1, "MILITAR": 0, "MUSICA": 0, "OTRO": 0, "OTRONOEDUCATIVO": 0, "PENITENCIARIO": 0, "PRIMARIA": 1, "SECUNDARIA": 1, "SUPERIOR": 0, "UNIVERSITARIO": 0 }, "geometry": { "type": "Point", "coordinates": [ 3167130.433900348842144, 2022730.811478025047109 ] } },
{ "type": "Feature", "properties": { "centro_codigo": "28067343", "centro_nombre": "GSD ALCALA", "centro_tipo_descripcion": "CENTRO PRIVADO DE EDUCACIÓN INFANTIL, PRIMARIA Y SECUNDARIA", "centro_titularidad": "PRIVADO CONCERTADO", "centro_titular": "EDUCACION ACTIVA COMPLUTENSE, SOCIEDAD COOPERATIVA MADRILEÑA", "municipio_nombre": "Alcalá de Henares", "distrito_nombre": null, "direccion_coor_x": 469149.0, "direccion_coor_y": 4483691.0, "ARTE": 0, "DANZA": 0, "EDUCACIONADULTA": 0, "EDUCACIONESPECIAL": 0, "FORMACIONPROFESIONAL": 0, "HOSPITALARIA": 0, "IDIOMAS": 0, "INFANTIL": 1, "MILITAR": 0, "MUSICA": 0, "OTRO": 0, "OTRONOEDUCATIVO": 0, "PENITENCIARIO": 0, "PRIMARIA": 1, "SECUNDARIA": 1, "SUPERIOR": 0, "UNIVERSITARIO": 0 }, "geometry": { "type": "Point", "coordinates": [ 3189384.740041764453053, 2034160.411996235605329 ] } },
{ "type": "Feature", "properties": { "centro_codigo": "28067355", "centro_nombre": "GSD LAS ROZAS", "centro_tipo_descripcion": "CENTRO PRIVADO DE EDUCACIÓN INFANTIL, PRIMARIA Y SECUNDARIA", "centro_titularidad": "PRIVADO CONCERTADO", "centro_titular": "GREDOS SOCIEDAD COOPERATIVA MADRILEÑA", "municipio_nombre": "Rozas de Madrid, Las", "distrito_nombre": null, "direccion_coor_x": 425311.0, "direccion_coor_y": 4483875.0, "ARTE": 0, "DANZA": 0, "EDUCACIONADULTA": 0, "EDUCACIONESPECIAL": 0, "FORMACIONPROFESIONAL": 0, "HOSPITALARIA": 0, "IDIOMAS": 0, "INFANTIL": 1, "MILITAR": 0, "MUSICA": 0, "OTRO": 0, "OTRONOEDUCATIVO": 0, "PENITENCIARIO": 0, "PRIMARIA": 1, "SECUNDARIA": 1, "SUPERIOR": 0, "UNIVERSITARIO": 0 }, "geometry": { "type": "Point", "coordinates": [ 3146100.737239208072424, 2041924.041621804935858 ] } },
{ "type": "Feature", "properties": { "centro_codigo": "28067367", "centro_nombre": "COLEGIO PEÑALVENTO", "centro_tipo_descripcion": "CENTRO PRIVADO DE EDUCACIÓN INFANTIL, PRIMARIA Y SECUNDARIA", "centro_titularidad": "PRIVADO CONCERTADO", "centro_titular": "COLEGIO PEÑALVENTO, S.L.", "municipio_nombre": "Colmenar Viejo", "distrito_nombre": null, "direccion_coor_x": 434523.0, "direccion_coor_y": 4500004.0, "ARTE": 0, "DANZA": 0, "EDUCACIONADULTA": 0, "EDUCACIONESPECIAL": 0, "FORMACIONPROFESIONAL": 0, "HOSPITALARIA": 0, "IDIOMAS": 0, "INFANTIL": 1, "MILITAR": 0, "MUSICA": 0, "OTRO": 0, "OTRONOEDUCATIVO": 0, "PENITENCIARIO": 0, "PRIMARIA": 1, "SECUNDARIA": 1, "SUPERIOR": 0, "UNIVERSITARIO": 0 }, "geometry": { "type": "Point", "coordinates": [ 3157733.977972067892551, 2056222.044727016473189 ] } },
{ "type": "Feature", "properties": { "centro_codigo": "28067379", "centro_nombre": "EDUCREA EL MIRADOR", "centro_tipo_descripcion": "CENTRO PRIVADO DE EDUCACIÓN INFANTIL, PRIMARIA Y SECUNDARIA", "centro_titularidad": "PRIVADO CONCERTADO", "centro_titular": "EDUCANDO EN LA CREATIVIDAD, S.L.", "municipio_nombre": "Villalbilla", "distrito_nombre": null, "direccion_coor_x": 475462.0, "direccion_coor_y": 4475847.0, "ARTE": 0, "DANZA": 0, "EDUCACIONADULTA": 0, "EDUCACIONESPECIAL": 0, "FORMACIONPROFESIONAL": 0, "HOSPITALARIA": 0, "IDIOMAS": 0, "INFANTIL": 1, "MILITAR": 0, "MUSICA": 0, "OTRO": 0, "OTRONOEDUCATIVO": 0, "PENITENCIARIO": 0, "PRIMARIA": 1, "SECUNDARIA": 1, "SUPERIOR": 0, "UNIVERSITARIO": 0 }, "geometry": { "type": "Point", "coordinates": [ 3194396.284212010912597, 2025343.51149780373089 ] } },
{ "type": "Feature", "properties": { "centro_codigo": "28067392", "centro_nombre": "LOS TILOS", "centro_tipo_descripcion": "CENTRO PRIVADO DE EDUCACIÓN INFANTIL, PRIMARIA Y SECUNDARIA", "centro_titularidad": "PRIVADO CONCERTADO", "centro_titular": "ESCUELA LOS TILOS, S.L.", "municipio_nombre": "Madrid", "distrito_nombre": "Puente de Vallecas", "direccion_coor_x": 444890.0, "direccion_coor_y": 4472326.0, "ARTE": 0, "DANZA": 0, "EDUCACIONADULTA": 0, "EDUCACIONESPECIAL": 0, "FORMACIONPROFESIONAL": 0, "HOSPITALARIA": 0, "IDIOMAS": 0, "INFANTIL": 1, "MILITAR": 0, "MUSICA": 0, "OTRO": 0, "OTRONOEDUCATIVO": 0, "PENITENCIARIO": 0, "PRIMARIA": 1, "SECUNDARIA": 1, "SUPERIOR": 0, "UNIVERSITARIO": 0 }, "geometry": { "type": "Point", "coordinates": [ 3163632.406640757806599, 2027151.903163531795144 ] } },
{ "type": "Feature", "properties": { "centro_codigo": "28067409", "centro_nombre": "LAS TABLAS VALVERDE", "centro_tipo_descripcion": "CENTRO PRIVADO DE EDUCACIÓN INFANTIL, PRIMARIA Y SECUNDARIA", "centro_titularidad": "PRIVADO CONCERTADO", "centro_titular": "FOMENTO DE CENTROS DE ENSEÑANZA DE MADRID, S.A.", "municipio_nombre": "Madrid", "distrito_nombre": "Fuencarral-El Pardo", "direccion_coor_x": 443920.0, "direccion_coor_y": 4484134.0, "ARTE": 0, "DANZA": 0, "EDUCACIONADULTA": 0, "EDUCACIONESPECIAL": 0, "FORMACIONPROFESIONAL": 0, "HOSPITALARIA": 0, "IDIOMAS": 0, "INFANTIL": 1, "MILITAR": 0, "MUSICA": 0, "OTRO": 0, "OTRONOEDUCATIVO": 0, "PENITENCIARIO": 0, "PRIMARIA": 1, "SECUNDARIA": 1, "SUPERIOR": 0, "UNIVERSITARIO": 0 }, "geometry": { "type": "Point", "coordinates": [ 3164524.835390218533576, 2038955.20691201207228 ] } },
{ "type": "Feature", "properties": { "centro_codigo": "28067410", "centro_nombre": "COLEGIO HELADE", "centro_tipo_descripcion": "CENTRO PRIVADO DE EDUCACIÓN INFANTIL, PRIMARIA Y SECUNDARIA", "centro_titularidad": "PRIVADO CONCERTADO", "centro_titular": "HELADE, SOCIEDAD COOPERATIVA MADRILEÑA", "municipio_nombre": "Boadilla del Monte", "distrito_nombre": null, "direccion_coor_x": 424173.0, "direccion_coor_y": 4473412.0, "ARTE": 0, "DANZA": 0, "EDUCACIONADULTA": 0, "EDUCACIONESPECIAL": 0, "FORMACIONPROFESIONAL": 0, "HOSPITALARIA": 0, "IDIOMAS": 0, "INFANTIL": 1, "MILITAR": 0, "MUSICA": 0, "OTRO": 0, "OTRONOEDUCATIVO": 0, "PENITENCIARIO": 0, "PRIMARIA": 1, "SECUNDARIA": 1, "SUPERIOR": 0, "UNIVERSITARIO": 0 }, "geometry": { "type": "Point", "coordinates": [ 3143334.696721905842423, 2031810.691850635455921 ] } },
{ "type": "Feature", "properties": { "centro_codigo": "28067422", "centro_nombre": "COLEGIO MIRAMADRID", "centro_tipo_descripcion": "CENTRO PRIVADO DE EDUCACIÓN INFANTIL, PRIMARIA Y SECUNDARIA", "centro_titularidad": "PRIVADO CONCERTADO", "centro_titular": "GUADIELA, SOCIEDAD COOPERATIVA MADRILEÑA", "municipio_nombre": "Paracuellos de Jarama", "distrito_nombre": null, "direccion_coor_x": 455996.0, "direccion_coor_y": 4483947.0, "ARTE": 0, "DANZA": 0, "EDUCACIONADULTA": 0, "EDUCACIONESPECIAL": 0, "FORMACIONPROFESIONAL": 0, "HOSPITALARIA": 0, "IDIOMAS": 0, "INFANTIL": 1, "MILITAR": 0, "MUSICA": 0, "OTRO": 0, "OTRONOEDUCATIVO": 0, "PENITENCIARIO": 0, "PRIMARIA": 1, "SECUNDARIA": 1, "SUPERIOR": 0, "UNIVERSITARIO": 0 }, "geometry": { "type": "Point", "coordinates": [ 3176427.21474077180028, 2036682.989501480711624 ] } },
{ "type": "Feature", "properties": { "centro_codigo": "28067434", "centro_nombre": "COLEGIO ARULA", "centro_tipo_descripcion": "CENTRO PRIVADO DE EDUCACIÓN INFANTIL, PRIMARIA Y SECUNDARIA", "centro_titularidad": "PRIVADO CONCERTADO", "centro_titular": "ARULA, S. COOP. MAD.", "municipio_nombre": "Valdeolmos-Alalpardo", "distrito_nombre": null, "direccion_coor_x": 460010.0, "direccion_coor_y": 4497454.0, "ARTE": 0, "DANZA": 0, "EDUCACIONADULTA": 0, "EDUCACIONESPECIAL": 0, "FORMACIONPROFESIONAL": 0, "HOSPITALARIA": 0, "IDIOMAS": 0, "INFANTIL": 1, "MILITAR": 0, "MUSICA": 0, "OTRO": 0, "OTRONOEDUCATIVO": 0, "PENITENCIARIO": 0, "PRIMARIA": 1, "SECUNDARIA": 1, "SUPERIOR": 0, "UNIVERSITARIO": 0 }, "geometry": { "type": "Point", "coordinates": [ 3182511.812050086911768, 2049299.583742849295959 ] } },
{ "type": "Feature", "properties": { "centro_codigo": "28067501", "centro_nombre": "C.R.E. ANTONIO VICENTE MOSQUETE", "centro_tipo_descripcion": "CENTRO PRIVADO DE EDUCACIÓN PRIMARIA Y SECUNDARIA", "centro_titularidad": "PRIVADO CONCERTADO", "centro_titular": "O.N.C.E.", "municipio_nombre": "Madrid", "distrito_nombre": "Moratalaz", "direccion_coor_x": 446148.0, "direccion_coor_y": 4473226.0, "ARTE": 0, "DANZA": 0, "EDUCACIONADULTA": 0, "EDUCACIONESPECIAL": 0, "FORMACIONPROFESIONAL": 0, "HOSPITALARIA": 0, "IDIOMAS": 0, "INFANTIL": 0, "MILITAR": 0, "MUSICA": 0, "OTRO": 0, "OTRONOEDUCATIVO": 0, "PENITENCIARIO": 0, "PRIMARIA": 1, "SECUNDARIA": 1, "SUPERIOR": 0, "UNIVERSITARIO": 0 }, "geometry": { "type": "Point", "coordinates": [ 3165016.414123683236539, 2027821.131159091833979 ] } },
{ "type": "Feature", "properties": { "centro_codigo": "28067604", "centro_nombre": "SALVADOR DE MADARIAGA", "centro_tipo_descripcion": "COLEGIO DE EDUCACIÓN INFANTIL, PRIMARIA Y SECUNDARIA", "centro_titularidad": "PÚBLICO", "centro_titular": "COMUNIDAD DE MADRID", "municipio_nombre": "Daganzo de Arriba", "distrito_nombre": null, "direccion_coor_x": 460503.0, "direccion_coor_y": 4488293.0, "ARTE": 0, "DANZA": 0, "EDUCACIONADULTA": 0, "EDUCACIONESPECIAL": 0, "FORMACIONPROFESIONAL": 0, "HOSPITALARIA": 0, "IDIOMAS": 0, "INFANTIL": 1, "MILITAR": 0, "MUSICA": 0, "OTRO": 0, "OTRONOEDUCATIVO": 0, "PENITENCIARIO": 0, "PRIMARIA": 1, "SECUNDARIA": 1, "SUPERIOR": 0, "UNIVERSITARIO": 0 }, "geometry": { "type": "Point", "coordinates": [ 3181561.952044653706253, 2040187.049752397928387 ] } },
{ "type": "Feature", "properties": { "centro_codigo": "28067628", "centro_nombre": "CALDERON DE LA BARCA", "centro_tipo_descripcion": "INSTITUTO DE EDUCACIÓN SECUNDARIA", "centro_titularidad": "PÚBLICO", "centro_titular": "COMUNIDAD DE MADRID", "municipio_nombre": "Pinto", "distrito_nombre": null, "direccion_coor_x": 440745.0, "direccion_coor_y": 4456403.0, "ARTE": 0, "DANZA": 0, "EDUCACIONADULTA": 0, "EDUCACIONESPECIAL": 0, "FORMACIONPROFESIONAL": 0, "HOSPITALARIA": 0, "IDIOMAS": 0, "INFANTIL": 0, "MILITAR": 0, "MUSICA": 0, "OTRO": 0, "OTRONOEDUCATIVO": 0, "PENITENCIARIO": 0, "PRIMARIA": 0, "SECUNDARIA": 1, "SUPERIOR": 0, "UNIVERSITARIO": 0 }, "geometry": { "type": "Point", "coordinates": [ 3157044.330688908696175, 2012179.756664689397439 ] } },
{ "type": "Feature", "properties": { "centro_codigo": "28067631", "centro_nombre": "COLEGIO SAN JAIME", "centro_tipo_descripcion": "CENTRO PRIVADO DE EDUCACIÓN INFANTIL, PRIMARIA Y SECUNDARIA", "centro_titularidad": "PRIVADO CONCERTADO", "centro_titular": "COLEGIO SAN JAIME, S.L.", "municipio_nombre": "Majadahonda", "distrito_nombre": null, "direccion_coor_x": 426276.0, "direccion_coor_y": 4477836.0, "ARTE": 0, "DANZA": 0, "EDUCACIONADULTA": 0, "EDUCACIONESPECIAL": 0, "FORMACIONPROFESIONAL": 0, "HOSPITALARIA": 0, "IDIOMAS": 0, "INFANTIL": 1, "MILITAR": 0, "MUSICA": 0, "OTRO": 0, "OTRONOEDUCATIVO": 0, "PENITENCIARIO": 0, "PRIMARIA": 1, "SECUNDARIA": 1, "SUPERIOR": 0, "UNIVERSITARIO": 0 }, "geometry": { "type": "Point", "coordinates": [ 3146106.123593695927411, 2035805.484901916701347 ] } },
{ "type": "Feature", "properties": { "centro_codigo": "28067707", "centro_nombre": "COLEGIO SEI CONCEPCIÓN", "centro_tipo_descripcion": "CENTRO PRIVADO DE EDUCACIÓN INFANTIL, PRIMARIA Y SECUNDARIA", "centro_titularidad": "PRIVADO CONCERTADO", "centro_titular": "SOLUCIONES EDUCATIVAS INTEGRALES NTRA. SRA. CONCEPCION, S.A.", "municipio_nombre": "Navalcarnero", "distrito_nombre": null, "direccion_coor_x": 414512.0, "direccion_coor_y": 4461841.0, "ARTE": 0, "DANZA": 0, "EDUCACIONADULTA": 0, "EDUCACIONESPECIAL": 0, "FORMACIONPROFESIONAL": 0, "HOSPITALARIA": 0, "IDIOMAS": 0, "INFANTIL": 1, "MILITAR": 0, "MUSICA": 0, "OTRO": 0, "OTRONOEDUCATIVO": 0, "PENITENCIARIO": 0, "PRIMARIA": 1, "SECUNDARIA": 1, "SUPERIOR": 0, "UNIVERSITARIO": 0 }, "geometry": { "type": "Point", "coordinates": [ 3131976.97319124918431, 2022085.349296794738621 ] } },
{ "type": "Feature", "properties": { "centro_codigo": "28067744", "centro_nombre": "SANTO ANGEL DE LA GUARDA", "centro_tipo_descripcion": "COLEGIO DE EDUCACIÓN INFANTIL, PRIMARIA Y SECUNDARIA", "centro_titularidad": "PÚBLICO", "centro_titular": "COMUNIDAD DE MADRID", "municipio_nombre": "Chapinería", "distrito_nombre": null, "direccion_coor_x": 397696.0, "direccion_coor_y": 4470406.0, "ARTE": 0, "DANZA": 0, "EDUCACIONADULTA": 0, "EDUCACIONESPECIAL": 0, "FORMACIONPROFESIONAL": 0, "HOSPITALARIA": 0, "IDIOMAS": 0, "INFANTIL": 1, "MILITAR": 0, "MUSICA": 0, "OTRO": 0, "OTRONOEDUCATIVO": 0, "PENITENCIARIO": 0, "PRIMARIA": 1, "SECUNDARIA": 1, "SUPERIOR": 0, "UNIVERSITARIO": 0 }, "geometry": { "type": "Point", "coordinates": [ 3116711.429389694705606, 2033449.218683454440907 ] } },
{ "type": "Feature", "properties": { "centro_codigo": "28067768", "centro_nombre": "SAN MIGUEL", "centro_tipo_descripcion": "COLEGIO DE EDUCACIÓN INFANTIL, PRIMARIA Y SECUNDARIA", "centro_titularidad": "PÚBLICO", "centro_titular": "COMUNIDAD DE MADRID", "municipio_nombre": "Villamantilla", "distrito_nombre": null, "direccion_coor_x": 404177.0, "direccion_coor_y": 4466682.0, "ARTE": 0, "DANZA": 0, "EDUCACIONADULTA": 0, "EDUCACIONESPECIAL": 0, "FORMACIONPROFESIONAL": 0, "HOSPITALARIA": 0, "IDIOMAS": 0, "INFANTIL": 1, "MILITAR": 0, "MUSICA": 0, "OTRO": 0, "OTRONOEDUCATIVO": 0, "PENITENCIARIO": 0, "PRIMARIA": 1, "SECUNDARIA": 1, "SUPERIOR": 0, "UNIVERSITARIO": 0 }, "geometry": { "type": "Point", "coordinates": [ 3122527.639277923852205, 2028651.773798872483894 ] } },
{ "type": "Feature", "properties": { "centro_codigo": "28067847", "centro_nombre": "COLEGIO VALLE DEL MIRO", "centro_tipo_descripcion": "CENTRO PRIVADO DE EDUCACIÓN INFANTIL, PRIMARIA Y SECUNDARIA", "centro_titularidad": "PRIVADO CONCERTADO", "centro_titular": "ESPACIOS EDUCATIVOS, SOCIEDAD COOPERATIVA MADRILEÑA", "municipio_nombre": "Valdemoro", "distrito_nombre": null, "direccion_coor_x": 441407.0, "direccion_coor_y": 4450850.0, "ARTE": 0, "DANZA": 0, "EDUCACIONADULTA": 0, "EDUCACIONESPECIAL": 0, "FORMACIONPROFESIONAL": 0, "HOSPITALARIA": 0, "IDIOMAS": 0, "INFANTIL": 1, "MILITAR": 0, "MUSICA": 0, "OTRO": 0, "OTRONOEDUCATIVO": 0, "PENITENCIARIO": 0, "PRIMARIA": 1, "SECUNDARIA": 1, "SUPERIOR": 0, "UNIVERSITARIO": 0 }, "geometry": { "type": "Point", "coordinates": [ 3156830.355817652307451, 2006594.03451769403182 ] } },
{ "type": "Feature", "properties": { "centro_codigo": "28067859", "centro_nombre": "COLEGIO LITTERATOR", "centro_tipo_descripcion": "CENTRO PRIVADO DE EDUCACIÓN INFANTIL, PRIMARIA Y SECUNDARIA", "centro_titularidad": "PRIVADO CONCERTADO", "centro_titular": "LITTERATOR, SOCIEDAD COOPERATIVA", "municipio_nombre": "Aranjuez", "distrito_nombre": null, "direccion_coor_x": 448169.0, "direccion_coor_y": 4434705.0, "ARTE": 0, "DANZA": 0, "EDUCACIONADULTA": 0, "EDUCACIONESPECIAL": 0, "FORMACIONPROFESIONAL": 0, "HOSPITALARIA": 0, "IDIOMAS": 0, "INFANTIL": 1, "MILITAR": 0, "MUSICA": 0, "OTRO": 0, "OTRONOEDUCATIVO": 0, "PENITENCIARIO": 0, "PRIMARIA": 1, "SECUNDARIA": 1, "SUPERIOR": 0, "UNIVERSITARIO": 0 }, "geometry": { "type": "Point", "coordinates": [ 3160993.107402229681611, 1989518.948011439992115 ] } },
{ "type": "Feature", "properties": { "centro_codigo": "28068128", "centro_nombre": "COLEGIO HIGHLANDS EL ENCINAR", "centro_tipo_descripcion": "CENTRO PRIVADO DE EDUCACIÓN INFANTIL, PRIMARIA Y SECUNDARIA", "centro_titularidad": "PRIVADO", "centro_titular": "CONGREGACION DE LOS LEGIONARIOS DE CRISTO", "municipio_nombre": "Madrid", "distrito_nombre": "Hortaleza", "direccion_coor_x": 445855.0, "direccion_coor_y": 4483903.0, "ARTE": 0, "DANZA": 0, "EDUCACIONADULTA": 0, "EDUCACIONESPECIAL": 0, "FORMACIONPROFESIONAL": 0, "HOSPITALARIA": 0, "IDIOMAS": 0, "INFANTIL": 1, "MILITAR": 0, "MUSICA": 0, "OTRO": 0, "OTRONOEDUCATIVO": 0, "PENITENCIARIO": 0, "PRIMARIA": 1, "SECUNDARIA": 1, "SUPERIOR": 0, "UNIVERSITARIO": 0 }, "geometry": { "type": "Point", "coordinates": [ 3166400.376235770061612, 2038392.786815427709371 ] } },
{ "type": "Feature", "properties": { "centro_codigo": "28069169", "centro_nombre": "LOYOLA DE PALACIO", "centro_tipo_descripcion": "COLEGIO DE EDUCACIÓN INFANTIL, PRIMARIA Y SECUNDARIA", "centro_titularidad": "PÚBLICO", "centro_titular": "COMUNIDAD DE MADRID", "municipio_nombre": "Madrid", "distrito_nombre": "Villa de Vallecas", "direccion_coor_x": 449172.0, "direccion_coor_y": 4467956.0, "ARTE": 0, "DANZA": 0, "EDUCACIONADULTA": 0, "EDUCACIONESPECIAL": 0, "FORMACIONPROFESIONAL": 0, "HOSPITALARIA": 0, "IDIOMAS": 0, "INFANTIL": 1, "MILITAR": 0, "MUSICA": 0, "OTRO": 0, "OTRONOEDUCATIVO": 0, "PENITENCIARIO": 0, "PRIMARIA": 1, "SECUNDARIA": 1, "SUPERIOR": 0, "UNIVERSITARIO": 0 }, "geometry": { "type": "Point", "coordinates": [ 3167179.383192234672606, 2022105.511377372313291 ] } },
{ "type": "Feature", "properties": { "centro_codigo": "28069251", "centro_nombre": "COLEGIO ABACO", "centro_tipo_descripcion": "CENTRO PRIVADO DE EDUCACIÓN INFANTIL, PRIMARIA Y SECUNDARIA", "centro_titularidad": "PRIVADO CONCERTADO", "centro_titular": "CENTRO EDUCATIVO ABACO, S.L. (UNIPERSONAL)", "municipio_nombre": "Madrid", "distrito_nombre": "Latina", "direccion_coor_x": 435027.0, "direccion_coor_y": 4468872.0, "ARTE": 0, "DANZA": 0, "EDUCACIONADULTA": 0, "EDUCACIONESPECIAL": 0, "FORMACIONPROFESIONAL": 0, "HOSPITALARIA": 0, "IDIOMAS": 0, "INFANTIL": 1, "MILITAR": 0, "MUSICA": 0, "OTRO": 0, "OTRONOEDUCATIVO": 0, "PENITENCIARIO": 0, "PRIMARIA": 1, "SECUNDARIA": 1, "SUPERIOR": 0, "UNIVERSITARIO": 0 }, "geometry": { "type": "Point", "coordinates": [ 3153346.104993941262364, 2025455.651669749524444 ] } },
{ "type": "Feature", "properties": { "centro_codigo": "28069261", "centro_nombre": "EDITH STEIN", "centro_tipo_descripcion": "CENTRO PRIVADO DE EDUCACIÓN INFANTIL, PRIMARIA Y SECUNDARIA", "centro_titularidad": "PRIVADO CONCERTADO", "centro_titular": "COLEGIO EDITH STEIN, S.L.", "municipio_nombre": "Madrid", "distrito_nombre": "Usera", "direccion_coor_x": 439943.0, "direccion_coor_y": 4468587.0, "ARTE": 0, "DANZA": 0, "EDUCACIONADULTA": 0, "EDUCACIONESPECIAL": 0, "FORMACIONPROFESIONAL": 0, "HOSPITALARIA": 0, "IDIOMAS": 0, "INFANTIL": 1, "MILITAR": 0, "MUSICA": 0, "OTRO": 0, "OTRONOEDUCATIVO": 0, "PENITENCIARIO": 0, "PRIMARIA": 1, "SECUNDARIA": 1, "SUPERIOR": 0, "UNIVERSITARIO": 0 }, "geometry": { "type": "Point", "coordinates": [ 3158158.708731393329799, 2024323.65682485094294 ] } },
{ "type": "Feature", "properties": { "centro_codigo": "28069273", "centro_nombre": "COLEGIO VILLAMADRID", "centro_tipo_descripcion": "CENTRO PRIVADO DE EDUCACIÓN INFANTIL, PRIMARIA Y SECUNDARIA", "centro_titularidad": "PRIVADO CONCERTADO", "centro_titular": "COLEGIO VILLAMADRID, SOCIEDAD COOPERATIVA MADRILEÑA", "municipio_nombre": "Madrid", "distrito_nombre": "Villaverde", "direccion_coor_x": 440615.0, "direccion_coor_y": 4464930.0, "ARTE": 0, "DANZA": 0, "EDUCACIONADULTA": 0, "EDUCACIONESPECIAL": 0, "FORMACIONPROFESIONAL": 0, "HOSPITALARIA": 0, "IDIOMAS": 0, "INFANTIL": 1, "MILITAR": 0, "MUSICA": 0, "OTRO": 0, "OTRONOEDUCATIVO": 0, "PENITENCIARIO": 0, "PRIMARIA": 1, "SECUNDARIA": 1, "SUPERIOR": 0, "UNIVERSITARIO": 0 }, "geometry": { "type": "Point", "coordinates": [ 3158250.095575029030442, 2020603.961445784196258 ] } },
{ "type": "Feature", "properties": { "centro_codigo": "28069285", "centro_nombre": "COLEGIO GAUDEM", "centro_tipo_descripcion": "CENTRO PRIVADO DE EDUCACIÓN INFANTIL, PRIMARIA Y SECUNDARIA", "centro_titularidad": "PRIVADO CONCERTADO", "centro_titular": "INSTITUTO HISPANOAMERICANO DE LA PALABRA SDAD COOP MADRILEÑA", "municipio_nombre": "Madrid", "distrito_nombre": "Barajas", "direccion_coor_x": 449676.0, "direccion_coor_y": 4480461.0, "ARTE": 0, "DANZA": 0, "EDUCACIONADULTA": 0, "EDUCACIONESPECIAL": 0, "FORMACIONPROFESIONAL": 0, "HOSPITALARIA": 0, "IDIOMAS": 0, "INFANTIL": 1, "MILITAR": 0, "MUSICA": 0, "OTRO": 0, "OTRONOEDUCATIVO": 0, "PENITENCIARIO": 0, "PRIMARIA": 1, "SECUNDARIA": 1, "SUPERIOR": 0, "UNIVERSITARIO": 0 }, "geometry": { "type": "Point", "coordinates": [ 3169636.043732550926507, 2034340.214837365783751 ] } },
{ "type": "Feature", "properties": { "centro_codigo": "28069297", "centro_nombre": "SANTA MARIA LA BLANCA", "centro_tipo_descripcion": "CENTRO PRIVADO DE EDUCACIÓN INFANTIL, PRIMARIA Y SECUNDARIA", "centro_titularidad": "PRIVADO CONCERTADO", "centro_titular": "FUNDACION IRUARITZ LEZAMA y COLEGIO ABANTOS, S.L.", "municipio_nombre": "Madrid", "distrito_nombre": "Fuencarral-El Pardo", "direccion_coor_x": 441066.0, "direccion_coor_y": 4484822.0, "ARTE": 0, "DANZA": 0, "EDUCACIONADULTA": 0, "EDUCACIONESPECIAL": 0, "FORMACIONPROFESIONAL": 0, "HOSPITALARIA": 0, "IDIOMAS": 0, "INFANTIL": 1, "MILITAR": 0, "MUSICA": 0, "OTRO": 0, "OTRONOEDUCATIVO": 0, "PENITENCIARIO": 0, "PRIMARIA": 1, "SECUNDARIA": 1, "SUPERIOR": 0, "UNIVERSITARIO": 0 }, "geometry": { "type": "Point", "coordinates": [ 3161813.110497830901295, 2040127.134211236378178 ] } },
{ "type": "Feature", "properties": { "centro_codigo": "28069303", "centro_nombre": "GSD GUADARRAMA", "centro_tipo_descripcion": "CENTRO PRIVADO DE EDUCACIÓN INFANTIL, PRIMARIA Y SECUNDARIA", "centro_titularidad": "PRIVADO CONCERTADO", "centro_titular": "GREDOS SAN DIEGO SOCIEDAD COOPERATIVA MADRILEÑA", "municipio_nombre": "Guadarrama", "distrito_nombre": null, "direccion_coor_x": 407404.0, "direccion_coor_y": 4502307.0, "ARTE": 0, "DANZA": 0, "EDUCACIONADULTA": 0, "EDUCACIONESPECIAL": 0, "FORMACIONPROFESIONAL": 0, "HOSPITALARIA": 0, "IDIOMAS": 0, "INFANTIL": 1, "MILITAR": 0, "MUSICA": 0, "OTRO": 0, "OTRONOEDUCATIVO": 0, "PENITENCIARIO": 0, "PRIMARIA": 1, "SECUNDARIA": 1, "SUPERIOR": 0, "UNIVERSITARIO": 0 }, "geometry": { "type": "Point", "coordinates": [ 3131314.411885445006192, 2063199.991955229081213 ] } },
{ "type": "Feature", "properties": { "centro_codigo": "28069315", "centro_nombre": "SAN AGUSTIN", "centro_tipo_descripcion": "CENTRO PRIVADO DE EDUCACIÓN INFANTIL, PRIMARIA Y SECUNDARIA", "centro_titularidad": "PRIVADO CONCERTADO", "centro_titular": "ORDEN DE SAN AGUSTIN,PROVINCIA DEL SANTISIMO NOMBRE DE JESUS", "municipio_nombre": "Guadarrama", "distrito_nombre": null, "direccion_coor_x": 413186.0, "direccion_coor_y": 4498485.0, "ARTE": 0, "DANZA": 0, "EDUCACIONADULTA": 0, "EDUCACIONESPECIAL": 0, "FORMACIONPROFESIONAL": 0, "HOSPITALARIA": 0, "IDIOMAS": 0, "INFANTIL": 1, "MILITAR": 0, "MUSICA": 0, "OTRO": 0, "OTRONOEDUCATIVO": 0, "PENITENCIARIO": 0, "PRIMARIA": 1, "SECUNDARIA": 1, "SUPERIOR": 0, "UNIVERSITARIO": 0 }, "geometry": { "type": "Point", "coordinates": [ 3136422.168925764039159, 2058427.823067709105089 ] } },
{ "type": "Feature", "properties": { "centro_codigo": "28069391", "centro_nombre": "FERNANDO FERNAN GOMEZ", "centro_tipo_descripcion": "INSTITUTO DE EDUCACIÓN SECUNDARIA", "centro_titularidad": "PÚBLICO", "centro_titular": "COMUNIDAD DE MADRID", "municipio_nombre": "Humanes de Madrid", "distrito_nombre": null, "direccion_coor_x": 430417.0, "direccion_coor_y": 4456467.0, "ARTE": 0, "DANZA": 0, "EDUCACIONADULTA": 0, "EDUCACIONESPECIAL": 0, "FORMACIONPROFESIONAL": 0, "HOSPITALARIA": 0, "IDIOMAS": 0, "INFANTIL": 0, "MILITAR": 0, "MUSICA": 0, "OTRO": 0, "OTRONOEDUCATIVO": 0, "PENITENCIARIO": 0, "PRIMARIA": 0, "SECUNDARIA": 1, "SUPERIOR": 0, "UNIVERSITARIO": 0 }, "geometry": { "type": "Point", "coordinates": [ 3146848.864471827633679, 2014031.117698370711878 ] } },
{ "type": "Feature", "properties": { "centro_codigo": "28069406", "centro_nombre": "LEONARDO DA VINCI", "centro_tipo_descripcion": "CENTRO PRIVADO DE EDUCACIÓN INFANTIL, PRIMARIA Y SECUNDARIA", "centro_titularidad": "PRIVADO CONCERTADO", "centro_titular": "LAS HACHAZUELAS, SOCIEDAD COOPERATIVA MADRILEÑA", "municipio_nombre": "Moralzarzal", "distrito_nombre": null, "direccion_coor_x": 418179.0, "direccion_coor_y": 4504850.0, "ARTE": 0, "DANZA": 0, "EDUCACIONADULTA": 0, "EDUCACIONESPECIAL": 0, "FORMACIONPROFESIONAL": 0, "HOSPITALARIA": 0, "IDIOMAS": 0, "INFANTIL": 1, "MILITAR": 0, "MUSICA": 0, "OTRO": 0, "OTRONOEDUCATIVO": 0, "PENITENCIARIO": 0, "PRIMARIA": 1, "SECUNDARIA": 1, "SUPERIOR": 0, "UNIVERSITARIO": 0 }, "geometry": { "type": "Point", "coordinates": [ 3142354.646923802793026, 2063833.688726069638506 ] } },
{ "type": "Feature", "properties": { "centro_codigo": "28069418", "centro_nombre": "COLEGIO NOVA HISPALIS", "centro_tipo_descripcion": "CENTRO PRIVADO DE EDUCACIÓN INFANTIL, PRIMARIA Y SECUNDARIA", "centro_titularidad": "PRIVADO CONCERTADO", "centro_titular": "COLEGIO NOVA HISPALIS, SOCIEDAD COOPERATIVA MADRILEÑA", "municipio_nombre": "Sevilla la Nueva", "distrito_nombre": null, "direccion_coor_x": 412481.0, "direccion_coor_y": 4466327.0, "ARTE": 0, "DANZA": 0, "EDUCACIONADULTA": 0, "EDUCACIONESPECIAL": 0, "FORMACIONPROFESIONAL": 0, "HOSPITALARIA": 0, "IDIOMAS": 0, "INFANTIL": 1, "MILITAR": 0, "MUSICA": 0, "OTRO": 0, "OTRONOEDUCATIVO": 0, "PENITENCIARIO": 0, "PRIMARIA": 1, "SECUNDARIA": 1, "SUPERIOR": 0, "UNIVERSITARIO": 0 }, "geometry": { "type": "Point", "coordinates": [ 3130674.017816545441747, 2026858.610120840836316 ] } },
{ "type": "Feature", "properties": { "centro_codigo": "28069844", "centro_nombre": "JIMENA MENENDEZ PIDAL", "centro_tipo_descripcion": "INSTITUTO DE EDUCACIÓN SECUNDARIA", "centro_titularidad": "PÚBLICO", "centro_titular": "COMUNIDAD DE MADRID", "municipio_nombre": "Fuenlabrada", "distrito_nombre": null, "direccion_coor_x": 430712.0, "direccion_coor_y": 4459704.0, "ARTE": 0, "DANZA": 0, "EDUCACIONADULTA": 0, "EDUCACIONESPECIAL": 0, "FORMACIONPROFESIONAL": 0, "HOSPITALARIA": 0, "IDIOMAS": 0, "INFANTIL": 0, "MILITAR": 0, "MUSICA": 0, "OTRO": 0, "OTRONOEDUCATIVO": 0, "PENITENCIARIO": 0, "PRIMARIA": 0, "SECUNDARIA": 1, "SUPERIOR": 0, "UNIVERSITARIO": 0 }, "geometry": { "type": "Point", "coordinates": [ 3147646.987952267285436, 2017169.488793076016009 ] } },
{ "type": "Feature", "properties": { "centro_codigo": "28070101", "centro_nombre": "LOS NOGALES", "centro_tipo_descripcion": "CENTRO PRIVADO DE EDUCACIÓN INFANTIL, PRIMARIA Y SECUNDARIA", "centro_titularidad": "PRIVADO CONCERTADO", "centro_titular": "UTE G.E. ESCUELAS URBANAS - G.E. ESCUELA DE OCIO", "municipio_nombre": "Álamo, El", "distrito_nombre": null, "direccion_coor_x": 415004.0, "direccion_coor_y": 4454282.0, "ARTE": 0, "DANZA": 0, "EDUCACIONADULTA": 0, "EDUCACIONESPECIAL": 0, "FORMACIONPROFESIONAL": 0, "HOSPITALARIA": 0, "IDIOMAS": 0, "INFANTIL": 1, "MILITAR": 0, "MUSICA": 0, "OTRO": 0, "OTRONOEDUCATIVO": 0, "PENITENCIARIO": 0, "PRIMARIA": 1, "SECUNDARIA": 1, "SUPERIOR": 0, "UNIVERSITARIO": 0 }, "geometry": { "type": "Point", "coordinates": [ 3131278.831988917663693, 2014551.553493448998779 ] } },
{ "type": "Feature", "properties": { "centro_codigo": "28070159", "centro_nombre": "COLEGIO NOBELIS", "centro_tipo_descripcion": "CENTRO PRIVADO DE EDUCACIÓN INFANTIL, PRIMARIA Y SECUNDARIA", "centro_titularidad": "PRIVADO CONCERTADO", "centro_titular": "NOBELIS, SOCIEDAD COOPERATIVA MADRILEÑA", "municipio_nombre": "Valdemoro", "distrito_nombre": null, "direccion_coor_x": 440568.0, "direccion_coor_y": 4449449.0, "ARTE": 0, "DANZA": 0, "EDUCACIONADULTA": 0, "EDUCACIONESPECIAL": 0, "FORMACIONPROFESIONAL": 0, "HOSPITALARIA": 0, "IDIOMAS": 0, "INFANTIL": 1, "MILITAR": 0, "MUSICA": 0, "OTRO": 0, "OTRONOEDUCATIVO": 0, "PENITENCIARIO": 0, "PRIMARIA": 1, "SECUNDARIA": 1, "SUPERIOR": 0, "UNIVERSITARIO": 0 }, "geometry": { "type": "Point", "coordinates": [ 3155782.255200569052249, 2005358.853293990949169 ] } },
{ "type": "Feature", "properties": { "centro_codigo": "28070524", "centro_nombre": "CENTRO DE FORMACION DE TECNICOS DEPORTIVOS EN DEPORTES DE INVIERNO F.M.D.I.", "centro_tipo_descripcion": "CENTRO AUTORIZADO DE ENSEÑANZAS DEPORTIVAS GRADO MEDIO Y SUPERIOR", "centro_titularidad": "PRIVADO", "centro_titular": "FEDERACION MADRILEÑA DE DEPORTES DE INVIERNO", "municipio_nombre": "Madrid", "distrito_nombre": "Fuencarral-El Pardo", "direccion_coor_x": 441939.0, "direccion_coor_y": 4486204.0, "ARTE": 0, "DANZA": 0, "EDUCACIONADULTA": 0, "EDUCACIONESPECIAL": 0, "FORMACIONPROFESIONAL": 0, "HOSPITALARIA": 0, "IDIOMAS": 0, "INFANTIL": 0, "MILITAR": 0, "MUSICA": 0, "OTRO": 0, "OTRONOEDUCATIVO": 0, "PENITENCIARIO": 0, "PRIMARIA": 0, "SECUNDARIA": 1, "SUPERIOR": 1, "UNIVERSITARIO": 0 }, "geometry": { "type": "Point", "coordinates": [ 3162892.416739102452993, 2041337.892855003708974 ] } },
{ "type": "Feature", "properties": { "centro_codigo": "28070561", "centro_nombre": "CENTRO DE FORMACION DE ESQUI MADRILEÑO", "centro_tipo_descripcion": "CENTRO AUTORIZADO DE ENSEÑANZAS DEPORTIVAS GRADO MEDIO Y SUPERIOR", "centro_titularidad": "PRIVADO", "centro_titular": "CREACION FORMATIVA, S.L.", "municipio_nombre": "Rozas de Madrid, Las", "distrito_nombre": null, "direccion_coor_x": 425171.0, "direccion_coor_y": 4482324.0, "ARTE": 0, "DANZA": 0, "EDUCACIONADULTA": 0, "EDUCACIONESPECIAL": 0, "FORMACIONPROFESIONAL": 0, "HOSPITALARIA": 0, "IDIOMAS": 0, "INFANTIL": 0, "MILITAR": 0, "MUSICA": 0, "OTRO": 0, "OTRONOEDUCATIVO": 0, "PENITENCIARIO": 0, "PRIMARIA": 0, "SECUNDARIA": 1, "SUPERIOR": 1, "UNIVERSITARIO": 0 }, "geometry": { "type": "Point", "coordinates": [ 3145718.944148188456893, 2040419.86060912697576 ] } },
{ "type": "Feature", "properties": { "centro_codigo": "28070691", "centro_nombre": "MAESTRO RODRIGO", "centro_tipo_descripcion": "COLEGIO DE EDUCACIÓN INFANTIL, PRIMARIA Y SECUNDARIA", "centro_titularidad": "PÚBLICO", "centro_titular": "COMUNIDAD DE MADRID", "municipio_nombre": "Aranjuez", "distrito_nombre": null, "direccion_coor_x": 449081.0, "direccion_coor_y": 4435218.0, "ARTE": 0, "DANZA": 0, "EDUCACIONADULTA": 0, "EDUCACIONESPECIAL": 0, "FORMACIONPROFESIONAL": 0, "HOSPITALARIA": 0, "IDIOMAS": 0, "INFANTIL": 1, "MILITAR": 0, "MUSICA": 0, "OTRO": 0, "OTRONOEDUCATIVO": 0, "PENITENCIARIO": 0, "PRIMARIA": 1, "SECUNDARIA": 1, "SUPERIOR": 0, "UNIVERSITARIO": 0 }, "geometry": { "type": "Point", "coordinates": [ 3161974.602381313219666, 1989866.752128452528268 ] } },
{ "type": "Feature", "properties": { "centro_codigo": "28070846", "centro_nombre": "COLEGIO TORREVILANO", "centro_tipo_descripcion": "CENTRO PRIVADO DE EDUCACIÓN INFANTIL, PRIMARIA Y SECUNDARIA", "centro_titularidad": "PRIVADO CONCERTADO", "centro_titular": "COLEGIO TORREVILANO, S.L. UNIPERSONAL", "municipio_nombre": "Madrid", "distrito_nombre": "Villa de Vallecas", "direccion_coor_x": 448863.0, "direccion_coor_y": 4468210.0, "ARTE": 0, "DANZA": 0, "EDUCACIONADULTA": 0, "EDUCACIONESPECIAL": 0, "FORMACIONPROFESIONAL": 0, "HOSPITALARIA": 0, "IDIOMAS": 0, "INFANTIL": 1, "MILITAR": 0, "MUSICA": 0, "OTRO": 0, "OTRONOEDUCATIVO": 0, "PENITENCIARIO": 0, "PRIMARIA": 1, "SECUNDARIA": 1, "SUPERIOR": 0, "UNIVERSITARIO": 0 }, "geometry": { "type": "Point", "coordinates": [ 3166913.792060647625476, 2022409.200348606100306 ] } },
{ "type": "Feature", "properties": { "centro_codigo": "28070858", "centro_nombre": "COLEGIO MONTESCLAROS", "centro_tipo_descripcion": "CENTRO PRIVADO DE EDUCACIÓN INFANTIL, PRIMARIA Y SECUNDARIA", "centro_titularidad": "PRIVADO CONCERTADO", "centro_titular": "COLEGIO MONTESCLAROS, S.L. UNIPERSONAL", "municipio_nombre": "Boalo, El", "distrito_nombre": null, "direccion_coor_x": 421631.0, "direccion_coor_y": 4506256.0, "ARTE": 0, "DANZA": 0, "EDUCACIONADULTA": 0, "EDUCACIONESPECIAL": 0, "FORMACIONPROFESIONAL": 0, "HOSPITALARIA": 0, "IDIOMAS": 0, "INFANTIL": 1, "MILITAR": 0, "MUSICA": 0, "OTRO": 0, "OTRONOEDUCATIVO": 0, "PENITENCIARIO": 0, "PRIMARIA": 1, "SECUNDARIA": 1, "SUPERIOR": 0, "UNIVERSITARIO": 0 }, "geometry": { "type": "Point", "coordinates": [ 3145984.920836633071303, 2064620.01815948728472 ] } },
{ "type": "Feature", "properties": { "centro_codigo": "28070871", "centro_nombre": "COLEGIO JUAN PABLO II", "centro_tipo_descripcion": "CENTRO PRIVADO DE EDUCACIÓN INFANTIL, PRIMARIA Y SECUNDARIA", "centro_titularidad": "PRIVADO CONCERTADO", "centro_titular": "JUPASE ESCOLAR, S.L. UNIPERSONAL", "municipio_nombre": "Alcorcón", "distrito_nombre": null, "direccion_coor_x": 430235.0, "direccion_coor_y": 4464762.0, "ARTE": 0, "DANZA": 0, "EDUCACIONADULTA": 0, "EDUCACIONESPECIAL": 0, "FORMACIONPROFESIONAL": 0, "HOSPITALARIA": 0, "IDIOMAS": 0, "INFANTIL": 1, "MILITAR": 0, "MUSICA": 0, "OTRO": 0, "OTRONOEDUCATIVO": 0, "PENITENCIARIO": 0, "PRIMARIA": 1, "SECUNDARIA": 1, "SUPERIOR": 0, "UNIVERSITARIO": 0 }, "geometry": { "type": "Point", "coordinates": [ 3147967.729375535622239, 2022236.019989933585748 ] } },
{ "type": "Feature", "properties": { "centro_codigo": "28070883", "centro_nombre": "COLEGIO ALBORADA", "centro_tipo_descripcion": "CENTRO PRIVADO DE EDUCACIÓN INFANTIL, PRIMARIA Y SECUNDARIA", "centro_titularidad": "PRIVADO CONCERTADO", "centro_titular": "FUNDACIÓN EDUCATIVA ALBORADA", "municipio_nombre": "Alcalá de Henares", "distrito_nombre": null, "direccion_coor_x": 468847.0, "direccion_coor_y": 4482761.0, "ARTE": 0, "DANZA": 0, "EDUCACIONADULTA": 0, "EDUCACIONESPECIAL": 0, "FORMACIONPROFESIONAL": 0, "HOSPITALARIA": 0, "IDIOMAS": 0, "INFANTIL": 1, "MILITAR": 0, "MUSICA": 0, "OTRO": 0, "OTRONOEDUCATIVO": 0, "PENITENCIARIO": 0, "PRIMARIA": 1, "SECUNDARIA": 1, "SUPERIOR": 0, "UNIVERSITARIO": 0 }, "geometry": { "type": "Point", "coordinates": [ 3188940.636334399692714, 2033296.132721523987129 ] } },
{ "type": "Feature", "properties": { "centro_codigo": "28070895", "centro_nombre": "COLEGIO ANTAMIRA", "centro_tipo_descripcion": "CENTRO PRIVADO DE EDUCACIÓN INFANTIL, PRIMARIA Y SECUNDARIA", "centro_titularidad": "PRIVADO CONCERTADO", "centro_titular": "COLEGIO ANTAMIRA, S.L.", "municipio_nombre": "Paracuellos de Jarama", "distrito_nombre": null, "direccion_coor_x": 456487.0, "direccion_coor_y": 4483239.0, "ARTE": 0, "DANZA": 0, "EDUCACIONADULTA": 0, "EDUCACIONESPECIAL": 0, "FORMACIONPROFESIONAL": 0, "HOSPITALARIA": 0, "IDIOMAS": 0, "INFANTIL": 1, "MILITAR": 0, "MUSICA": 0, "OTRO": 0, "OTRONOEDUCATIVO": 0, "PENITENCIARIO": 0, "PRIMARIA": 1, "SECUNDARIA": 1, "SUPERIOR": 0, "UNIVERSITARIO": 0 }, "geometry": { "type": "Point", "coordinates": [ 3176801.416755399666727, 2035900.517613355768844 ] } },
{ "type": "Feature", "properties": { "centro_codigo": "28070901", "centro_nombre": "COLEGIO SEI SOLEDAD", "centro_tipo_descripcion": "CENTRO PRIVADO DE EDUCACIÓN INFANTIL, PRIMARIA Y SECUNDARIA", "centro_titularidad": "PRIVADO CONCERTADO", "centro_titular": "SOLUCIONES EDUCATIVAS INTEGRALES ARGANDA, S.L.", "municipio_nombre": "Arganda del Rey", "distrito_nombre": null, "direccion_coor_x": 461731.0, "direccion_coor_y": 4460885.0, "ARTE": 0, "DANZA": 0, "EDUCACIONADULTA": 0, "EDUCACIONESPECIAL": 0, "FORMACIONPROFESIONAL": 0, "HOSPITALARIA": 0, "IDIOMAS": 0, "INFANTIL": 1, "MILITAR": 0, "MUSICA": 0, "OTRO": 0, "OTRONOEDUCATIVO": 0, "PENITENCIARIO": 0, "PRIMARIA": 1, "SECUNDARIA": 1, "SUPERIOR": 0, "UNIVERSITARIO": 0 }, "geometry": { "type": "Point", "coordinates": [ 3178485.338269859552383, 2012969.532331760274246 ] } },
{ "type": "Feature", "properties": { "centro_codigo": "28070962", "centro_nombre": "CARPE DIEM", "centro_tipo_descripcion": "INSTITUTO DE EDUCACIÓN SECUNDARIA", "centro_titularidad": "PÚBLICO", "centro_titular": "COMUNIDAD DE MADRID", "municipio_nombre": "Fuenlabrada", "distrito_nombre": null, "direccion_coor_x": 429358.0, "direccion_coor_y": 4460671.0, "ARTE": 0, "DANZA": 0, "EDUCACIONADULTA": 0, "EDUCACIONESPECIAL": 0, "FORMACIONPROFESIONAL": 0, "HOSPITALARIA": 0, "IDIOMAS": 0, "INFANTIL": 0, "MILITAR": 0, "MUSICA": 0, "OTRO": 0, "OTRONOEDUCATIVO": 0, "PENITENCIARIO": 0, "PRIMARIA": 0, "SECUNDARIA": 1, "SUPERIOR": 0, "UNIVERSITARIO": 0 }, "geometry": { "type": "Point", "coordinates": [ 3146460.573969151824713, 2018356.944019965128973 ] } },
{ "type": "Feature", "properties": { "centro_codigo": "28070974", "centro_nombre": "NICOLAS COPERNICO", "centro_tipo_descripcion": "INSTITUTO DE EDUCACIÓN SECUNDARIA", "centro_titularidad": "PÚBLICO", "centro_titular": "COMUNIDAD DE MADRID", "municipio_nombre": "Parla", "distrito_nombre": null, "direccion_coor_x": 435218.0, "direccion_coor_y": 4452871.0, "ARTE": 0, "DANZA": 0, "EDUCACIONADULTA": 0, "EDUCACIONESPECIAL": 0, "FORMACIONPROFESIONAL": 0, "HOSPITALARIA": 0, "IDIOMAS": 0, "INFANTIL": 0, "MILITAR": 0, "MUSICA": 0, "OTRO": 0, "OTRONOEDUCATIVO": 0, "PENITENCIARIO": 0, "PRIMARIA": 0, "SECUNDARIA": 1, "SUPERIOR": 0, "UNIVERSITARIO": 0 }, "geometry": { "type": "Point", "coordinates": [ 3151030.287371710408479, 2009656.406487572006881 ] } },
{ "type": "Feature", "properties": { "centro_codigo": "28071097", "centro_nombre": "CENTRO DE LA REAL FEDERACION ESPAÑOLA DE BALONMANO", "centro_tipo_descripcion": "CENTRO AUTORIZADO DE ENSEÑANZAS DEPORTIVAS GRADO MEDIO Y SUPERIOR", "centro_titularidad": "PRIVADO", "centro_titular": "REAL FEDERACION ESPAÑOLA DE BALONMANO", "municipio_nombre": "Madrid", "distrito_nombre": "Moncloa-Aravaca", "direccion_coor_x": 438083.0, "direccion_coor_y": 4476712.0, "ARTE": 0, "DANZA": 0, "EDUCACIONADULTA": 0, "EDUCACIONESPECIAL": 0, "FORMACIONPROFESIONAL": 0, "HOSPITALARIA": 0, "IDIOMAS": 0, "INFANTIL": 0, "MILITAR": 0, "MUSICA": 0, "OTRO": 0, "OTRONOEDUCATIVO": 0, "PENITENCIARIO": 0, "PRIMARIA": 0, "SECUNDARIA": 1, "SUPERIOR": 1, "UNIVERSITARIO": 0 }, "geometry": { "type": "Point", "coordinates": [ 3157594.113624397665262, 2032651.839606969617307 ] } },
{ "type": "Feature", "properties": { "centro_codigo": "28071191", "centro_nombre": "COLEGIO HIGHLANDS LOS FRESNOS", "centro_tipo_descripcion": "CENTRO PRIVADO DE EDUCACIÓN INFANTIL, PRIMARIA Y SECUNDARIA", "centro_titularidad": "PRIVADO", "centro_titular": "CONGREGACION LEGIONARIOS DE CRISTO", "municipio_nombre": "Boadilla del Monte", "distrito_nombre": null, "direccion_coor_x": 426038.0, "direccion_coor_y": 4477241.0, "ARTE": 0, "DANZA": 0, "EDUCACIONADULTA": 0, "EDUCACIONESPECIAL": 0, "FORMACIONPROFESIONAL": 0, "HOSPITALARIA": 0, "IDIOMAS": 0, "INFANTIL": 1, "MILITAR": 0, "MUSICA": 0, "OTRO": 0, "OTRONOEDUCATIVO": 0, "PENITENCIARIO": 0, "PRIMARIA": 1, "SECUNDARIA": 1, "SUPERIOR": 0, "UNIVERSITARIO": 0 }, "geometry": { "type": "Point", "coordinates": [ 3145777.666037881746888, 2035260.424719627480954 ] } },
{ "type": "Feature", "properties": { "centro_codigo": "28071309", "centro_nombre": "TRINITY COLLEGE SAN SEBASTIAN DE LOS REYES", "centro_tipo_descripcion": "CENTRO PRIVADO DE EDUCACIÓN INFANTIL, PRIMARIA Y SECUNDARIA", "centro_titularidad": "PRIVADO CONCERTADO", "centro_titular": "TRINITY COLLEGE SAN SEBASTIAN DE LOS REYES, S.L.", "municipio_nombre": "San Sebastián de los Reyes", "distrito_nombre": null, "direccion_coor_x": 450654.0, "direccion_coor_y": 4494813.0, "ARTE": 0, "DANZA": 0, "EDUCACIONADULTA": 0, "EDUCACIONESPECIAL": 0, "FORMACIONPROFESIONAL": 0, "HOSPITALARIA": 0, "IDIOMAS": 0, "INFANTIL": 1, "MILITAR": 0, "MUSICA": 0, "OTRO": 0, "OTRONOEDUCATIVO": 0, "PENITENCIARIO": 0, "PRIMARIA": 1, "SECUNDARIA": 1, "SUPERIOR": 0, "UNIVERSITARIO": 0 }, "geometry": { "type": "Point", "coordinates": [ 3172853.536058965139091, 2048313.883314447710291 ] } },
{ "type": "Feature", "properties": { "centro_codigo": "28071310", "centro_nombre": "CORTES DE CADIZ", "centro_tipo_descripcion": "INSTITUTO DE EDUCACIÓN SECUNDARIA", "centro_titularidad": "PÚBLICO", "centro_titular": "COMUNIDAD DE MADRID", "municipio_nombre": "Molar, El", "distrito_nombre": null, "direccion_coor_x": 450753.0, "direccion_coor_y": 4510085.0, "ARTE": 0, "DANZA": 0, "EDUCACIONADULTA": 0, "EDUCACIONESPECIAL": 0, "FORMACIONPROFESIONAL": 0, "HOSPITALARIA": 0, "IDIOMAS": 0, "INFANTIL": 0, "MILITAR": 0, "MUSICA": 0, "OTRO": 0, "OTRONOEDUCATIVO": 0, "PENITENCIARIO": 0, "PRIMARIA": 0, "SECUNDARIA": 1, "SUPERIOR": 0, "UNIVERSITARIO": 0 }, "geometry": { "type": "Point", "coordinates": [ 3175350.730044857598841, 2063347.276929087005556 ] } },
{ "type": "Feature", "properties": { "centro_codigo": "28071334", "centro_nombre": "CENTRO DE LA REAL FEDERACION ESPAÑOLA DE ATLETISMO", "centro_tipo_descripcion": "CENTRO AUTORIZADO DE ENSEÑANZAS DEPORTIVAS GRADO MEDIO Y SUPERIOR", "centro_titularidad": "PRIVADO", "centro_titular": "REAL FEDERACION ESPAÑOLA DE ATLETISMO", "municipio_nombre": "Madrid", "distrito_nombre": "Moncloa-Aravaca", "direccion_coor_x": 438083.0, "direccion_coor_y": 4476712.0, "ARTE": 0, "DANZA": 0, "EDUCACIONADULTA": 0, "EDUCACIONESPECIAL": 0, "FORMACIONPROFESIONAL": 0, "HOSPITALARIA": 0, "IDIOMAS": 0, "INFANTIL": 0, "MILITAR": 0, "MUSICA": 0, "OTRO": 0, "OTRONOEDUCATIVO": 0, "PENITENCIARIO": 0, "PRIMARIA": 0, "SECUNDARIA": 1, "SUPERIOR": 1, "UNIVERSITARIO": 0 }, "geometry": { "type": "Point", "coordinates": [ 3157594.113624397665262, 2032651.839606969617307 ] } },
{ "type": "Feature", "properties": { "centro_codigo": "28071656", "centro_nombre": "INTERNACIONAL ARAVACA", "centro_tipo_descripcion": "CENTRO PRIVADO DE EDUCACIÓN INFANTIL, PRIMARIA Y SECUNDARIA", "centro_titularidad": "PRIVADO", "centro_titular": "COLEGIOS LAUDE, S.L.U.", "municipio_nombre": "Madrid", "distrito_nombre": "Moncloa-Aravaca", "direccion_coor_x": 434534.0, "direccion_coor_y": 4478340.0, "ARTE": 0, "DANZA": 0, "EDUCACIONADULTA": 0, "EDUCACIONESPECIAL": 0, "FORMACIONPROFESIONAL": 0, "HOSPITALARIA": 0, "IDIOMAS": 0, "INFANTIL": 1, "MILITAR": 0, "MUSICA": 0, "OTRO": 0, "OTRONOEDUCATIVO": 0, "PENITENCIARIO": 0, "PRIMARIA": 1, "SECUNDARIA": 1, "SUPERIOR": 0, "UNIVERSITARIO": 0 }, "geometry": { "type": "Point", "coordinates": [ 3154343.131025670561939, 2034870.757864975137636 ] } },
{ "type": "Feature", "properties": { "centro_codigo": "28072107", "centro_nombre": "LA SENDA", "centro_tipo_descripcion": "INSTITUTO DE EDUCACIÓN SECUNDARIA", "centro_titularidad": "PÚBLICO", "centro_titular": "COMUNIDAD DE MADRID", "municipio_nombre": "Getafe", "distrito_nombre": null, "direccion_coor_x": 436475.0, "direccion_coor_y": 4460698.0, "ARTE": 0, "DANZA": 0, "EDUCACIONADULTA": 0, "EDUCACIONESPECIAL": 0, "FORMACIONPROFESIONAL": 0, "HOSPITALARIA": 0, "IDIOMAS": 0, "INFANTIL": 0, "MILITAR": 0, "MUSICA": 0, "OTRO": 0, "OTRONOEDUCATIVO": 0, "PENITENCIARIO": 0, "PRIMARIA": 0, "SECUNDARIA": 1, "SUPERIOR": 0, "UNIVERSITARIO": 0 }, "geometry": { "type": "Point", "coordinates": [ 3153496.882463847286999, 2017150.702459043823183 ] } },
{ "type": "Feature", "properties": { "centro_codigo": "28072132", "centro_nombre": "COLEGIO CEU SAN PABLO EN SANCHINARRO", "centro_tipo_descripcion": "CENTRO PRIVADO DE EDUCACIÓN INFANTIL, PRIMARIA Y SECUNDARIA", "centro_titularidad": "PRIVADO CONCERTADO", "centro_titular": "FUNDACION UNIVERSITARIA SAN PABLO CEU", "municipio_nombre": "Madrid", "distrito_nombre": "Hortaleza", "direccion_coor_x": 444860.0, "direccion_coor_y": 4482823.0, "ARTE": 0, "DANZA": 0, "EDUCACIONADULTA": 0, "EDUCACIONESPECIAL": 0, "FORMACIONPROFESIONAL": 0, "HOSPITALARIA": 0, "IDIOMAS": 0, "INFANTIL": 1, "MILITAR": 0, "MUSICA": 0, "OTRO": 0, "OTRONOEDUCATIVO": 0, "PENITENCIARIO": 0, "PRIMARIA": 1, "SECUNDARIA": 1, "SUPERIOR": 0, "UNIVERSITARIO": 0 }, "geometry": { "type": "Point", "coordinates": [ 3165247.939226298592985, 2037500.678756954381242 ] } },
{ "type": "Feature", "properties": { "centro_codigo": "28072144", "centro_nombre": "COLEGIO ESTUDIANTES LAS TABLAS", "centro_tipo_descripcion": "CENTRO PRIVADO DE EDUCACIÓN INFANTIL, PRIMARIA Y SECUNDARIA", "centro_titularidad": "PRIVADO CONCERTADO", "centro_titular": "COLEGIO ESTUDIANTES LAS TABLAS, S.L.", "municipio_nombre": "Madrid", "distrito_nombre": "Fuencarral-El Pardo", "direccion_coor_x": 442478.0, "direccion_coor_y": 4484463.0, "ARTE": 0, "DANZA": 0, "EDUCACIONADULTA": 0, "EDUCACIONESPECIAL": 0, "FORMACIONPROFESIONAL": 0, "HOSPITALARIA": 0, "IDIOMAS": 0, "INFANTIL": 1, "MILITAR": 0, "MUSICA": 0, "OTRO": 0, "OTRONOEDUCATIVO": 0, "PENITENCIARIO": 0, "PRIMARIA": 1, "SECUNDARIA": 1, "SUPERIOR": 0, "UNIVERSITARIO": 0 }, "geometry": { "type": "Point", "coordinates": [ 3163151.783710506744683, 2039528.960030714049935 ] } },
{ "type": "Feature", "properties": { "centro_codigo": "28072156", "centro_nombre": "COLEGIO ARENALES ARROYOMOLINOS", "centro_tipo_descripcion": "CENTRO PRIVADO DE EDUCACIÓN INFANTIL, PRIMARIA Y SECUNDARIA", "centro_titularidad": "PRIVADO CONCERTADO", "centro_titular": "FUNDACION ARENALES", "municipio_nombre": "Arroyomolinos", "distrito_nombre": null, "direccion_coor_x": 422747.0, "direccion_coor_y": 4459657.0, "ARTE": 0, "DANZA": 0, "EDUCACIONADULTA": 0, "EDUCACIONESPECIAL": 0, "FORMACIONPROFESIONAL": 0, "HOSPITALARIA": 0, "IDIOMAS": 0, "INFANTIL": 1, "MILITAR": 0, "MUSICA": 0, "OTRO": 0, "OTRONOEDUCATIVO": 0, "PENITENCIARIO": 0, "PRIMARIA": 1, "SECUNDARIA": 1, "SUPERIOR": 0, "UNIVERSITARIO": 0 }, "geometry": { "type": "Point", "coordinates": [ 3139770.164878705516458, 2018504.047208782052621 ] } },
{ "type": "Feature", "properties": { "centro_codigo": "28072168", "centro_nombre": "COLEGIO AQUILA", "centro_tipo_descripcion": "CENTRO PRIVADO DE EDUCACIÓN INFANTIL, PRIMARIA Y SECUNDARIA", "centro_titularidad": "PRIVADO CONCERTADO", "centro_titular": "AQUILA, SOCIEDAD COOPERATIVA MADRILEÑA", "municipio_nombre": "Parla", "distrito_nombre": null, "direccion_coor_x": 435331.0, "direccion_coor_y": 4452367.0, "ARTE": 0, "DANZA": 0, "EDUCACIONADULTA": 0, "EDUCACIONESPECIAL": 0, "FORMACIONPROFESIONAL": 0, "HOSPITALARIA": 0, "IDIOMAS": 0, "INFANTIL": 1, "MILITAR": 0, "MUSICA": 0, "OTRO": 0, "OTRONOEDUCATIVO": 0, "PENITENCIARIO": 0, "PRIMARIA": 1, "SECUNDARIA": 1, "SUPERIOR": 0, "UNIVERSITARIO": 0 }, "geometry": { "type": "Point", "coordinates": [ 3151063.135276508517563, 2009140.260536415502429 ] } },
{ "type": "Feature", "properties": { "centro_codigo": "28072211", "centro_nombre": "CIUDAD EDUCATIVA MUNICIPAL HIPATIA-FUHEM", "centro_tipo_descripcion": "CENTRO PRIVADO DE EDUCACIÓN INFANTIL, PRIMARIA Y SECUNDARIA", "centro_titularidad": "PRIVADO CONCERTADO", "centro_titular": "FUNDACION HOGAR DEL EMPLEADO", "municipio_nombre": "Rivas-Vaciamadrid", "distrito_nombre": null, "direccion_coor_x": 454482.0, "direccion_coor_y": 4469907.0, "ARTE": 0, "DANZA": 0, "EDUCACIONADULTA": 0, "EDUCACIONESPECIAL": 0, "FORMACIONPROFESIONAL": 0, "HOSPITALARIA": 0, "IDIOMAS": 0, "INFANTIL": 1, "MILITAR": 0, "MUSICA": 0, "OTRO": 0, "OTRONOEDUCATIVO": 0, "PENITENCIARIO": 0, "PRIMARIA": 1, "SECUNDARIA": 1, "SUPERIOR": 0, "UNIVERSITARIO": 0 }, "geometry": { "type": "Point", "coordinates": [ 3172732.11807691399008, 2023110.248356373980641 ] } },
{ "type": "Feature", "properties": { "centro_codigo": "28072223", "centro_nombre": "PEDRO DUQUE", "centro_tipo_descripcion": "INSTITUTO DE EDUCACIÓN SECUNDARIA", "centro_titularidad": "PÚBLICO", "centro_titular": "COMUNIDAD DE MADRID", "municipio_nombre": "Leganés", "distrito_nombre": null, "direccion_coor_x": 435993.0, "direccion_coor_y": 4464301.0, "ARTE": 0, "DANZA": 0, "EDUCACIONADULTA": 0, "EDUCACIONESPECIAL": 0, "FORMACIONPROFESIONAL": 0, "HOSPITALARIA": 0, "IDIOMAS": 0, "INFANTIL": 0, "MILITAR": 0, "MUSICA": 0, "OTRO": 0, "OTRONOEDUCATIVO": 0, "PENITENCIARIO": 0, "PRIMARIA": 0, "SECUNDARIA": 1, "SUPERIOR": 0, "UNIVERSITARIO": 0 }, "geometry": { "type": "Point", "coordinates": [ 3153584.645852880552411, 2020784.305088070919737 ] } },
{ "type": "Feature", "properties": { "centro_codigo": "28072272", "centro_nombre": "ANTAVILLA SCHOOL", "centro_tipo_descripcion": "CENTRO PRIVADO DE EDUCACIÓN INFANTIL, PRIMARIA Y SECUNDARIA", "centro_titularidad": "PRIVADO CONCERTADO", "centro_titular": "ANTAVILLA SCHOOL, S.L.", "municipio_nombre": "Villanueva del Pardillo", "distrito_nombre": null, "direccion_coor_x": 418539.0, "direccion_coor_y": 4482300.0, "ARTE": 0, "DANZA": 0, "EDUCACIONADULTA": 0, "EDUCACIONESPECIAL": 0, "FORMACIONPROFESIONAL": 0, "HOSPITALARIA": 0, "IDIOMAS": 0, "INFANTIL": 1, "MILITAR": 0, "MUSICA": 0, "OTRO": 0, "OTRONOEDUCATIVO": 0, "PENITENCIARIO": 0, "PRIMARIA": 1, "SECUNDARIA": 1, "SUPERIOR": 0, "UNIVERSITARIO": 0 }, "geometry": { "type": "Point", "coordinates": [ 3139164.436323770321906, 2041547.132997894193977 ] } },
{ "type": "Feature", "properties": { "centro_codigo": "28072491", "centro_nombre": "ESCUELA DE ENTRENADORES ESTUDIANTES", "centro_tipo_descripcion": "CENTRO AUTORIZADO DE ENSEÑANZAS DEPORTIVAS GRADO MEDIO Y SUPERIOR", "centro_titularidad": "PRIVADO", "centro_titular": "COLEGIO ESTUDIANTES LAS TABLAS, S.L.", "municipio_nombre": "Madrid", "distrito_nombre": "Fuencarral-El Pardo", "direccion_coor_x": 442435.0, "direccion_coor_y": 4484450.0, "ARTE": 0, "DANZA": 0, "EDUCACIONADULTA": 0, "EDUCACIONESPECIAL": 0, "FORMACIONPROFESIONAL": 0, "HOSPITALARIA": 0, "IDIOMAS": 0, "INFANTIL": 0, "MILITAR": 0, "MUSICA": 0, "OTRO": 0, "OTRONOEDUCATIVO": 0, "PENITENCIARIO": 0, "PRIMARIA": 0, "SECUNDARIA": 1, "SUPERIOR": 1, "UNIVERSITARIO": 0 }, "geometry": { "type": "Point", "coordinates": [ 3163107.261935777962208, 2039523.591654470888898 ] } },
{ "type": "Feature", "properties": { "centro_codigo": "28072958", "centro_nombre": "GREENWICH SCHOOL", "centro_tipo_descripcion": "CENTRO PRIVADO DE EDUCACIÓN INFANTIL, PRIMARIA Y SECUNDARIA", "centro_titularidad": "PRIVADO CONCERTADO", "centro_titular": "ESCUELA PARA EL FUTURO, S.A.", "municipio_nombre": "Alcobendas", "distrito_nombre": null, "direccion_coor_x": 444038.0, "direccion_coor_y": 4489018.0, "ARTE": 0, "DANZA": 0, "EDUCACIONADULTA": 0, "EDUCACIONESPECIAL": 0, "FORMACIONPROFESIONAL": 0, "HOSPITALARIA": 0, "IDIOMAS": 0, "INFANTIL": 1, "MILITAR": 0, "MUSICA": 0, "OTRO": 0, "OTRONOEDUCATIVO": 0, "PENITENCIARIO": 0, "PRIMARIA": 1, "SECUNDARIA": 1, "SUPERIOR": 0, "UNIVERSITARIO": 0 }, "geometry": { "type": "Point", "coordinates": [ 3165407.68012623488903, 2043747.654461584286764 ] } },
{ "type": "Feature", "properties": { "centro_codigo": "28072961", "centro_nombre": "HUMANITAS BILINGUAL SCHOOL TRES CANTOS", "centro_tipo_descripcion": "CENTRO PRIVADO DE EDUCACIÓN INFANTIL, PRIMARIA Y SECUNDARIA", "centro_titularidad": "PRIVADO CONCERTADO", "centro_titular": "PROY. ED. SIERRA NORTE S.A./ HUMANITAS BILINGUAL SCHOOL S.L.", "municipio_nombre": "Tres Cantos", "distrito_nombre": null, "direccion_coor_x": 439382.0, "direccion_coor_y": 4496341.0, "ARTE": 0, "DANZA": 0, "EDUCACIONADULTA": 0, "EDUCACIONESPECIAL": 0, "FORMACIONPROFESIONAL": 0, "HOSPITALARIA": 0, "IDIOMAS": 0, "INFANTIL": 1, "MILITAR": 0, "MUSICA": 0, "OTRO": 0, "OTRONOEDUCATIVO": 0, "PENITENCIARIO": 0, "PRIMARIA": 1, "SECUNDARIA": 1, "SUPERIOR": 0, "UNIVERSITARIO": 0 }, "geometry": { "type": "Point", "coordinates": [ 3161957.946307056583464, 2051770.314794439123943 ] } },
{ "type": "Feature", "properties": { "centro_codigo": "28073057", "centro_nombre": "CENETED", "centro_tipo_descripcion": "CENTRO AUTORIZADO DE ENSEÑANZAS DEPORTIVAS GRADO MEDIO Y SUPERIOR", "centro_titularidad": "PRIVADO", "centro_titular": "2002 AGONZA, S.L.", "municipio_nombre": "Móstoles", "distrito_nombre": null, "direccion_coor_x": 425383.0, "direccion_coor_y": 4463946.0, "ARTE": 0, "DANZA": 0, "EDUCACIONADULTA": 0, "EDUCACIONESPECIAL": 0, "FORMACIONPROFESIONAL": 0, "HOSPITALARIA": 0, "IDIOMAS": 0, "INFANTIL": 0, "MILITAR": 0, "MUSICA": 0, "OTRO": 0, "OTRONOEDUCATIVO": 0, "PENITENCIARIO": 0, "PRIMARIA": 0, "SECUNDARIA": 1, "SUPERIOR": 1, "UNIVERSITARIO": 0 }, "geometry": { "type": "Point", "coordinates": [ 3143046.241658245678991, 2022273.08096571918577 ] } },
{ "type": "Feature", "properties": { "centro_codigo": "28073070", "centro_nombre": "COLEGIO VEGASUR", "centro_tipo_descripcion": "CENTRO PRIVADO DE EDUCACIÓN INFANTIL, PRIMARIA Y SECUNDARIA", "centro_titularidad": "PRIVADO CONCERTADO", "centro_titular": "COLEGIO VEGASUR, SOCIEDAD COOPERATIVA MADRILEÑA", "municipio_nombre": "San Martín de la Vega", "distrito_nombre": null, "direccion_coor_x": 450429.0, "direccion_coor_y": 4451437.0, "ARTE": 0, "DANZA": 0, "EDUCACIONADULTA": 0, "EDUCACIONESPECIAL": 0, "FORMACIONPROFESIONAL": 0, "HOSPITALARIA": 0, "IDIOMAS": 0, "INFANTIL": 1, "MILITAR": 0, "MUSICA": 0, "OTRO": 0, "OTRONOEDUCATIVO": 0, "PENITENCIARIO": 0, "PRIMARIA": 1, "SECUNDARIA": 1, "SUPERIOR": 0, "UNIVERSITARIO": 0 }, "geometry": { "type": "Point", "coordinates": [ 3165838.534246068447828, 2005612.539814582327381 ] } },
{ "type": "Feature", "properties": { "centro_codigo": "28073148", "centro_nombre": "COLEGIO CHESTERTON", "centro_tipo_descripcion": "CENTRO PRIVADO DE EDUCACIÓN INFANTIL, PRIMARIA Y SECUNDARIA", "centro_titularidad": "PRIVADO CONCERTADO", "centro_titular": "COLEGIO CHESTERTON MECO, S.L.", "municipio_nombre": "Meco", "distrito_nombre": null, "direccion_coor_x": 471617.0, "direccion_coor_y": 4488983.0, "ARTE": 0, "DANZA": 0, "EDUCACIONADULTA": 0, "EDUCACIONESPECIAL": 0, "FORMACIONPROFESIONAL": 0, "HOSPITALARIA": 0, "IDIOMAS": 0, "INFANTIL": 1, "MILITAR": 0, "MUSICA": 0, "OTRO": 0, "OTRONOEDUCATIVO": 0, "PENITENCIARIO": 0, "PRIMARIA": 1, "SECUNDARIA": 1, "SUPERIOR": 0, "UNIVERSITARIO": 0 }, "geometry": { "type": "Point", "coordinates": [ 3192652.747786465100944, 2038949.29083194071427 ] } },
{ "type": "Feature", "properties": { "centro_codigo": "28073151", "centro_nombre": "COLEGIO ARENALES CARABANCHEL", "centro_tipo_descripcion": "CENTRO PRIVADO DE EDUCACIÓN INFANTIL, PRIMARIA Y SECUNDARIA", "centro_titularidad": "PRIVADO CONCERTADO", "centro_titular": "FUNDACIÓN ARENALES", "municipio_nombre": "Madrid", "distrito_nombre": "Carabanchel", "direccion_coor_x": 438534.0, "direccion_coor_y": 4469491.0, "ARTE": 0, "DANZA": 0, "EDUCACIONADULTA": 0, "EDUCACIONESPECIAL": 0, "FORMACIONPROFESIONAL": 0, "HOSPITALARIA": 0, "IDIOMAS": 0, "INFANTIL": 1, "MILITAR": 0, "MUSICA": 0, "OTRO": 0, "OTRONOEDUCATIVO": 0, "PENITENCIARIO": 0, "PRIMARIA": 1, "SECUNDARIA": 1, "SUPERIOR": 0, "UNIVERSITARIO": 0 }, "geometry": { "type": "Point", "coordinates": [ 3156908.117492786608636, 2025458.320169401122257 ] } },
{ "type": "Feature", "properties": { "centro_codigo": "28073161", "centro_nombre": "HUMANITAS BILINGUAL SCHOOL TORREJON", "centro_tipo_descripcion": "CENTRO PRIVADO DE EDUCACIÓN INFANTIL, PRIMARIA Y SECUNDARIA", "centro_titularidad": "PRIVADO CONCERTADO", "centro_titular": "PROY.EDUC.SOTO HENARES,S.A., HUMANITAS BIL.SCH.TORREJON, S.L", "municipio_nombre": "Torrejón de Ardoz", "distrito_nombre": null, "direccion_coor_x": 462446.0, "direccion_coor_y": 4478360.0, "ARTE": 0, "DANZA": 0, "EDUCACIONADULTA": 0, "EDUCACIONESPECIAL": 0, "FORMACIONPROFESIONAL": 0, "HOSPITALARIA": 0, "IDIOMAS": 0, "INFANTIL": 1, "MILITAR": 0, "MUSICA": 0, "OTRO": 0, "OTRONOEDUCATIVO": 0, "PENITENCIARIO": 0, "PRIMARIA": 1, "SECUNDARIA": 1, "SUPERIOR": 0, "UNIVERSITARIO": 0 }, "geometry": { "type": "Point", "coordinates": [ 3181925.677462466061115, 2030064.026543567888439 ] } },
{ "type": "Feature", "properties": { "centro_codigo": "28073173", "centro_nombre": "COLEGIO STELLA MARIS LA GAVIA", "centro_tipo_descripcion": "CENTRO PRIVADO DE EDUCACIÓN INFANTIL, PRIMARIA Y SECUNDARIA", "centro_titularidad": "PRIVADO CONCERTADO", "centro_titular": "FUNDACIÓN DIDASKALOS", "municipio_nombre": "Madrid", "distrito_nombre": "Villa de Vallecas", "direccion_coor_x": 448567.0, "direccion_coor_y": 4469257.0, "ARTE": 0, "DANZA": 0, "EDUCACIONADULTA": 0, "EDUCACIONESPECIAL": 0, "FORMACIONPROFESIONAL": 0, "HOSPITALARIA": 0, "IDIOMAS": 0, "INFANTIL": 1, "MILITAR": 0, "MUSICA": 0, "OTRO": 0, "OTRONOEDUCATIVO": 0, "PENITENCIARIO": 0, "PRIMARIA": 1, "SECUNDARIA": 1, "SUPERIOR": 0, "UNIVERSITARIO": 0 }, "geometry": { "type": "Point", "coordinates": [ 3166785.189292602241039, 2023492.009018960641697 ] } },
{ "type": "Feature", "properties": { "centro_codigo": "28073276", "centro_nombre": "BROTMADRID", "centro_tipo_descripcion": "CENTRO PRIVADO DE EDUCACIÓN PRIMARIA Y SECUNDARIA", "centro_titularidad": "PRIVADO CONCERTADO", "centro_titular": "FUNDACION APRENDER", "municipio_nombre": "Madrid", "distrito_nombre": "Latina", "direccion_coor_x": 435086.0, "direccion_coor_y": 4469978.0, "ARTE": 0, "DANZA": 0, "EDUCACIONADULTA": 0, "EDUCACIONESPECIAL": 0, "FORMACIONPROFESIONAL": 0, "HOSPITALARIA": 0, "IDIOMAS": 0, "INFANTIL": 0, "MILITAR": 0, "MUSICA": 0, "OTRO": 0, "OTRONOEDUCATIVO": 0, "PENITENCIARIO": 0, "PRIMARIA": 1, "SECUNDARIA": 1, "SUPERIOR": 0, "UNIVERSITARIO": 0 }, "geometry": { "type": "Point", "coordinates": [ 3153577.678861741907895, 2026535.252701126970351 ] } },
{ "type": "Feature", "properties": { "centro_codigo": "28073525", "centro_nombre": "COLEGIO ALEGRA", "centro_tipo_descripcion": "CENTRO PRIVADO DE EDUCACIÓN INFANTIL, PRIMARIA Y SECUNDARIA", "centro_titularidad": "PRIVADO", "centro_titular": "COLEGIO ALEGRA, S.L.", "municipio_nombre": "Majadahonda", "distrito_nombre": null, "direccion_coor_x": 427064.0, "direccion_coor_y": 4478420.0, "ARTE": 0, "DANZA": 0, "EDUCACIONADULTA": 0, "EDUCACIONESPECIAL": 0, "FORMACIONPROFESIONAL": 0, "HOSPITALARIA": 0, "IDIOMAS": 0, "INFANTIL": 1, "MILITAR": 0, "MUSICA": 0, "OTRO": 0, "OTRONOEDUCATIVO": 0, "PENITENCIARIO": 0, "PRIMARIA": 1, "SECUNDARIA": 1, "SUPERIOR": 0, "UNIVERSITARIO": 0 }, "geometry": { "type": "Point", "coordinates": [ 3146976.171143845655024, 2036244.328185359248891 ] } },
{ "type": "Feature", "properties": { "centro_codigo": "28073859", "centro_nombre": "MANUEL FRAGA IRIBARNE", "centro_tipo_descripcion": "INSTITUTO DE EDUCACIÓN SECUNDARIA", "centro_titularidad": "PÚBLICO", "centro_titular": "COMUNIDAD DE MADRID", "municipio_nombre": "Madrid", "distrito_nombre": "Hortaleza", "direccion_coor_x": 444310.0, "direccion_coor_y": 4483444.0, "ARTE": 0, "DANZA": 0, "EDUCACIONADULTA": 0, "EDUCACIONESPECIAL": 0, "FORMACIONPROFESIONAL": 0, "HOSPITALARIA": 0, "IDIOMAS": 0, "INFANTIL": 0, "MILITAR": 0, "MUSICA": 0, "OTRO": 0, "OTRONOEDUCATIVO": 0, "PENITENCIARIO": 0, "PRIMARIA": 0, "SECUNDARIA": 1, "SUPERIOR": 0, "UNIVERSITARIO": 0 }, "geometry": { "type": "Point", "coordinates": [ 3164801.929241408593953, 2038207.78351624798961 ] } },
{ "type": "Feature", "properties": { "centro_codigo": "28073872", "centro_nombre": "PUERTA DE LA SIERRA", "centro_tipo_descripcion": "COLEGIO DE EDUCACIÓN INFANTIL, PRIMARIA Y SECUNDARIA", "centro_titularidad": "PÚBLICO", "centro_titular": "COMUNIDAD DE MADRID", "municipio_nombre": "Venturada", "distrito_nombre": null, "direccion_coor_x": 447269.0, "direccion_coor_y": 4516544.0, "ARTE": 0, "DANZA": 0, "EDUCACIONADULTA": 0, "EDUCACIONESPECIAL": 0, "FORMACIONPROFESIONAL": 0, "HOSPITALARIA": 0, "IDIOMAS": 0, "INFANTIL": 1, "MILITAR": 0, "MUSICA": 0, "OTRO": 0, "OTRONOEDUCATIVO": 0, "PENITENCIARIO": 0, "PRIMARIA": 1, "SECUNDARIA": 1, "SUPERIOR": 0, "UNIVERSITARIO": 0 }, "geometry": { "type": "Point", "coordinates": [ 3172925.388875477947295, 2070315.786017201142386 ] } },
{ "type": "Feature", "properties": { "centro_codigo": "28074037", "centro_nombre": "JORGE GUILLEN", "centro_tipo_descripcion": "INSTITUTO DE EDUCACIÓN SECUNDARIA", "centro_titularidad": "PÚBLICO", "centro_titular": "COMUNIDAD DE MADRID", "municipio_nombre": "Alcorcón", "distrito_nombre": null, "direccion_coor_x": 430393.0, "direccion_coor_y": 4465781.0, "ARTE": 0, "DANZA": 0, "EDUCACIONADULTA": 0, "EDUCACIONESPECIAL": 0, "FORMACIONPROFESIONAL": 0, "HOSPITALARIA": 0, "IDIOMAS": 0, "INFANTIL": 0, "MILITAR": 0, "MUSICA": 0, "OTRO": 0, "OTRONOEDUCATIVO": 0, "PENITENCIARIO": 0, "PRIMARIA": 0, "SECUNDARIA": 1, "SUPERIOR": 0, "UNIVERSITARIO": 0 }, "geometry": { "type": "Point", "coordinates": [ 3148283.452938659116626, 2023212.722240965347737 ] } },
{ "type": "Feature", "properties": { "centro_codigo": "28074049", "centro_nombre": "GONZALO CHACON", "centro_tipo_descripcion": "INSTITUTO DE EDUCACIÓN SECUNDARIA", "centro_titularidad": "PÚBLICO", "centro_titular": "COMUNIDAD DE MADRID", "municipio_nombre": "Arroyomolinos", "distrito_nombre": null, "direccion_coor_x": 421715.0, "direccion_coor_y": 4459765.0, "ARTE": 0, "DANZA": 0, "EDUCACIONADULTA": 0, "EDUCACIONESPECIAL": 0, "FORMACIONPROFESIONAL": 0, "HOSPITALARIA": 0, "IDIOMAS": 0, "INFANTIL": 0, "MILITAR": 0, "MUSICA": 0, "OTRO": 0, "OTRONOEDUCATIVO": 0, "PENITENCIARIO": 0, "PRIMARIA": 0, "SECUNDARIA": 1, "SUPERIOR": 0, "UNIVERSITARIO": 0 }, "geometry": { "type": "Point", "coordinates": [ 3138767.512916817329824, 2018789.488744673551992 ] } },
{ "type": "Feature", "properties": { "centro_codigo": "28074050", "centro_nombre": "JOSE LUIS LOPEZ ARANGUREN", "centro_tipo_descripcion": "INSTITUTO DE EDUCACIÓN SECUNDARIA", "centro_titularidad": "PÚBLICO", "centro_titular": "COMUNIDAD DE MADRID", "municipio_nombre": "Fuenlabrada", "distrito_nombre": null, "direccion_coor_x": 433529.0, "direccion_coor_y": 4460602.0, "ARTE": 0, "DANZA": 0, "EDUCACIONADULTA": 0, "EDUCACIONESPECIAL": 0, "FORMACIONPROFESIONAL": 0, "HOSPITALARIA": 0, "IDIOMAS": 0, "INFANTIL": 0, "MILITAR": 0, "MUSICA": 0, "OTRO": 0, "OTRONOEDUCATIVO": 0, "PENITENCIARIO": 0, "PRIMARIA": 0, "SECUNDARIA": 1, "SUPERIOR": 0, "UNIVERSITARIO": 0 }, "geometry": { "type": "Point", "coordinates": [ 3150570.935740471817553, 2017566.28971823817119 ] } },
{ "type": "Feature", "properties": { "centro_codigo": "28074062", "centro_nombre": "NEIL ARMSTRONG", "centro_tipo_descripcion": "INSTITUTO DE EDUCACIÓN SECUNDARIA", "centro_titularidad": "PÚBLICO", "centro_titular": "COMUNIDAD DE MADRID", "municipio_nombre": "Valdemoro", "distrito_nombre": null, "direccion_coor_x": 443190.0, "direccion_coor_y": 4448972.0, "ARTE": 0, "DANZA": 0, "EDUCACIONADULTA": 0, "EDUCACIONESPECIAL": 0, "FORMACIONPROFESIONAL": 0, "HOSPITALARIA": 0, "IDIOMAS": 0, "INFANTIL": 0, "MILITAR": 0, "MUSICA": 0, "OTRO": 0, "OTRONOEDUCATIVO": 0, "PENITENCIARIO": 0, "PRIMARIA": 0, "SECUNDARIA": 1, "SUPERIOR": 0, "UNIVERSITARIO": 0 }, "geometry": { "type": "Point", "coordinates": [ 3158298.97325980104506, 2004435.33671397017315 ] } },
{ "type": "Feature", "properties": { "centro_codigo": "28074074", "centro_nombre": "COLEGIO PASTEUR ARROYOMOLINOS", "centro_tipo_descripcion": "CENTRO PRIVADO DE EDUCACIÓN INFANTIL, PRIMARIA Y SECUNDARIA", "centro_titularidad": "PRIVADO CONCERTADO", "centro_titular": "COLEGIO PASTEUR ARROYOMOLINOS, S.L. UNIPERSONAL", "municipio_nombre": "Arroyomolinos", "distrito_nombre": null, "direccion_coor_x": 422631.0, "direccion_coor_y": 4457839.0, "ARTE": 0, "DANZA": 0, "EDUCACIONADULTA": 0, "EDUCACIONESPECIAL": 0, "FORMACIONPROFESIONAL": 0, "HOSPITALARIA": 0, "IDIOMAS": 0, "INFANTIL": 1, "MILITAR": 0, "MUSICA": 0, "OTRO": 0, "OTRONOEDUCATIVO": 0, "PENITENCIARIO": 0, "PRIMARIA": 1, "SECUNDARIA": 1, "SUPERIOR": 0, "UNIVERSITARIO": 0 }, "geometry": { "type": "Point", "coordinates": [ 3139370.864123763516545, 2016732.807749088155106 ] } },
{ "type": "Feature", "properties": { "centro_codigo": "28074086", "centro_nombre": "COLEGIO LA DEHESA DE HUMANES", "centro_tipo_descripcion": "CENTRO PRIVADO DE EDUCACIÓN INFANTIL, PRIMARIA Y SECUNDARIA", "centro_titularidad": "PRIVADO CONCERTADO", "centro_titular": "EDUCAHUMANES, S.A.", "municipio_nombre": "Humanes de Madrid", "distrito_nombre": null, "direccion_coor_x": 430274.0, "direccion_coor_y": 4455521.0, "ARTE": 0, "DANZA": 0, "EDUCACIONADULTA": 0, "EDUCACIONESPECIAL": 0, "FORMACIONPROFESIONAL": 0, "HOSPITALARIA": 0, "IDIOMAS": 0, "INFANTIL": 1, "MILITAR": 0, "MUSICA": 0, "OTRO": 0, "OTRONOEDUCATIVO": 0, "PENITENCIARIO": 0, "PRIMARIA": 1, "SECUNDARIA": 1, "SUPERIOR": 0, "UNIVERSITARIO": 0 }, "geometry": { "type": "Point", "coordinates": [ 3146559.536680315621197, 2013123.791476514656097 ] } },
{ "type": "Feature", "properties": { "centro_codigo": "28074131", "centro_nombre": "ANTANES SCHOOL", "centro_tipo_descripcion": "CENTRO PRIVADO DE EDUCACIÓN INFANTIL, PRIMARIA Y SECUNDARIA", "centro_titularidad": "PRIVADO CONCERTADO", "centro_titular": "ANTANES SCHOOL, S.L.", "municipio_nombre": "Leganés", "distrito_nombre": null, "direccion_coor_x": 433528.0, "direccion_coor_y": 4462563.0, "ARTE": 0, "DANZA": 0, "EDUCACIONADULTA": 0, "EDUCACIONESPECIAL": 0, "FORMACIONPROFESIONAL": 0, "HOSPITALARIA": 0, "IDIOMAS": 0, "INFANTIL": 1, "MILITAR": 0, "MUSICA": 0, "OTRO": 0, "OTRONOEDUCATIVO": 0, "PENITENCIARIO": 0, "PRIMARIA": 1, "SECUNDARIA": 1, "SUPERIOR": 0, "UNIVERSITARIO": 0 }, "geometry": { "type": "Point", "coordinates": [ 3150876.94390903133899, 2019498.699941505910829 ] } },
{ "type": "Feature", "properties": { "centro_codigo": "28074232", "centro_nombre": "COLEGIO JARA", "centro_tipo_descripcion": "CENTRO PRIVADO DE EDUCACIÓN INFANTIL, PRIMARIA Y SECUNDARIA", "centro_titularidad": "PRIVADO", "centro_titular": "JARA INNOVACION, S.L.", "municipio_nombre": "Valdemorillo", "distrito_nombre": null, "direccion_coor_x": 409321.0, "direccion_coor_y": 4483426.0, "ARTE": 0, "DANZA": 0, "EDUCACIONADULTA": 0, "EDUCACIONESPECIAL": 0, "FORMACIONPROFESIONAL": 0, "HOSPITALARIA": 0, "IDIOMAS": 0, "INFANTIL": 1, "MILITAR": 0, "MUSICA": 0, "OTRO": 0, "OTRONOEDUCATIVO": 0, "PENITENCIARIO": 0, "PRIMARIA": 1, "SECUNDARIA": 1, "SUPERIOR": 0, "UNIVERSITARIO": 0 }, "geometry": { "type": "Point", "coordinates": [ 3130237.184189753141254, 2044258.191287226509303 ] } },
{ "type": "Feature", "properties": { "centro_codigo": "28074244", "centro_nombre": "PEDRO SALINAS", "centro_tipo_descripcion": "INSTITUTO DE EDUCACIÓN SECUNDARIA", "centro_titularidad": "PÚBLICO", "centro_titular": "COMUNIDAD DE MADRID", "municipio_nombre": "Madrid", "distrito_nombre": "Usera", "direccion_coor_x": 439833.0, "direccion_coor_y": 4471168.0, "ARTE": 0, "DANZA": 0, "EDUCACIONADULTA": 0, "EDUCACIONESPECIAL": 0, "FORMACIONPROFESIONAL": 0, "HOSPITALARIA": 0, "IDIOMAS": 0, "INFANTIL": 0, "MILITAR": 0, "MUSICA": 0, "OTRO": 0, "OTRONOEDUCATIVO": 0, "PENITENCIARIO": 0, "PRIMARIA": 0, "SECUNDARIA": 1, "SUPERIOR": 0, "UNIVERSITARIO": 0 }, "geometry": { "type": "Point", "coordinates": [ 3158454.30506576038897, 2026885.907833176199347 ] } },
{ "type": "Feature", "properties": { "centro_codigo": "28074256", "centro_nombre": "JOSE DE ECHEGARAY", "centro_tipo_descripcion": "COLEGIO DE EDUCACIÓN INFANTIL, PRIMARIA Y SECUNDARIA", "centro_titularidad": "PÚBLICO", "centro_titular": "COMUNIDAD DE MADRID", "municipio_nombre": "Madrid", "distrito_nombre": "Villa de Vallecas", "direccion_coor_x": 447993.0, "direccion_coor_y": 4468724.0, "ARTE": 0, "DANZA": 0, "EDUCACIONADULTA": 0, "EDUCACIONESPECIAL": 0, "FORMACIONPROFESIONAL": 0, "HOSPITALARIA": 0, "IDIOMAS": 0, "INFANTIL": 1, "MILITAR": 0, "MUSICA": 0, "OTRO": 0, "OTRONOEDUCATIVO": 0, "PENITENCIARIO": 0, "PRIMARIA": 1, "SECUNDARIA": 1, "SUPERIOR": 0, "UNIVERSITARIO": 0 }, "geometry": { "type": "Point", "coordinates": [ 3166134.541639839299023, 2023066.068942608311772 ] } },
{ "type": "Feature", "properties": { "centro_codigo": "28074414", "centro_nombre": "CENAFE", "centro_tipo_descripcion": "CENTRO AUTORIZADO DE ENSEÑANZAS DEPORTIVAS GRADO MEDIO Y SUPERIOR", "centro_titularidad": "PRIVADO", "centro_titular": "CENAFE ESCUELAS, S.L. UNIPERSONAL", "municipio_nombre": "Getafe", "distrito_nombre": null, "direccion_coor_x": 438437.0, "direccion_coor_y": 4462320.0, "ARTE": 0, "DANZA": 0, "EDUCACIONADULTA": 0, "EDUCACIONESPECIAL": 0, "FORMACIONPROFESIONAL": 0, "HOSPITALARIA": 0, "IDIOMAS": 0, "INFANTIL": 0, "MILITAR": 0, "MUSICA": 0, "OTRO": 0, "OTRONOEDUCATIVO": 0, "PENITENCIARIO": 0, "PRIMARIA": 0, "SECUNDARIA": 1, "SUPERIOR": 1, "UNIVERSITARIO": 0 }, "geometry": { "type": "Point", "coordinates": [ 3155689.426053984090686, 2018409.227789214113727 ] } },
{ "type": "Feature", "properties": { "centro_codigo": "28074669", "centro_nombre": "MENENDEZ PELAYO", "centro_tipo_descripcion": "INSTITUTO DE EDUCACIÓN SECUNDARIA", "centro_titularidad": "PÚBLICO", "centro_titular": "COMUNIDAD DE MADRID", "municipio_nombre": "Getafe", "distrito_nombre": null, "direccion_coor_x": 438564.0, "direccion_coor_y": 4463429.0, "ARTE": 0, "DANZA": 0, "EDUCACIONADULTA": 0, "EDUCACIONESPECIAL": 0, "FORMACIONPROFESIONAL": 0, "HOSPITALARIA": 0, "IDIOMAS": 0, "INFANTIL": 0, "MILITAR": 0, "MUSICA": 0, "OTRO": 0, "OTRONOEDUCATIVO": 0, "PENITENCIARIO": 0, "PRIMARIA": 0, "SECUNDARIA": 1, "SUPERIOR": 0, "UNIVERSITARIO": 0 }, "geometry": { "type": "Point", "coordinates": [ 3155988.506698369979858, 2019479.969414222054183 ] } },
{ "type": "Feature", "properties": { "centro_codigo": "28074670", "centro_nombre": "JUAN GRIS", "centro_tipo_descripcion": "INSTITUTO DE EDUCACIÓN SECUNDARIA", "centro_titularidad": "PÚBLICO", "centro_titular": "COMUNIDAD DE MADRID", "municipio_nombre": "Móstoles", "distrito_nombre": null, "direccion_coor_x": 427446.0, "direccion_coor_y": 4462648.0, "ARTE": 0, "DANZA": 0, "EDUCACIONADULTA": 0, "EDUCACIONESPECIAL": 0, "FORMACIONPROFESIONAL": 0, "HOSPITALARIA": 0, "IDIOMAS": 0, "INFANTIL": 0, "MILITAR": 0, "MUSICA": 0, "OTRO": 0, "OTRONOEDUCATIVO": 0, "PENITENCIARIO": 0, "PRIMARIA": 0, "SECUNDARIA": 1, "SUPERIOR": 0, "UNIVERSITARIO": 0 }, "geometry": { "type": "Point", "coordinates": [ 3144881.098423410672694, 2020636.389474307186902 ] } },
{ "type": "Feature", "properties": { "centro_codigo": "28074785", "centro_nombre": "NUEVO VELAZQUEZ", "centro_tipo_descripcion": "CENTRO PRIVADO DE EDUCACIÓN SECUNDARIA", "centro_titularidad": "PRIVADO", "centro_titular": "DOCENTES UNIDOS SOCIEDAD COOPERATIVA MADRILEÑA", "municipio_nombre": "Madrid", "distrito_nombre": "Chamartín", "direccion_coor_x": 443267.0, "direccion_coor_y": 4479666.0, "ARTE": 0, "DANZA": 0, "EDUCACIONADULTA": 0, "EDUCACIONESPECIAL": 0, "FORMACIONPROFESIONAL": 0, "HOSPITALARIA": 0, "IDIOMAS": 0, "INFANTIL": 0, "MILITAR": 0, "MUSICA": 0, "OTRO": 0, "OTRONOEDUCATIVO": 0, "PENITENCIARIO": 0, "PRIMARIA": 0, "SECUNDARIA": 1, "SUPERIOR": 0, "UNIVERSITARIO": 0 }, "geometry": { "type": "Point", "coordinates": [ 3163179.022753237746656, 2034665.381878192769364 ] } },
{ "type": "Feature", "properties": { "centro_codigo": "28074852", "centro_nombre": "EL CAÑAVERAL", "centro_tipo_descripcion": "INSTITUTO DE EDUCACIÓN SECUNDARIA", "centro_titularidad": "PÚBLICO", "centro_titular": "COMUNIDAD DE MADRID", "municipio_nombre": "Móstoles", "distrito_nombre": null, "direccion_coor_x": 427567.0, "direccion_coor_y": 4462805.0, "ARTE": 0, "DANZA": 0, "EDUCACIONADULTA": 0, "EDUCACIONESPECIAL": 0, "FORMACIONPROFESIONAL": 0, "HOSPITALARIA": 0, "IDIOMAS": 0, "INFANTIL": 0, "MILITAR": 0, "MUSICA": 0, "OTRO": 0, "OTRONOEDUCATIVO": 0, "PENITENCIARIO": 0, "PRIMARIA": 0, "SECUNDARIA": 1, "SUPERIOR": 0, "UNIVERSITARIO": 0 }, "geometry": { "type": "Point", "coordinates": [ 3145025.234972798265517, 2020770.114059060346335 ] } },
{ "type": "Feature", "properties": { "centro_codigo": "28074888", "centro_nombre": "CENTRO ACADEMICO DE ENTRENADORES DE FUTBOL DE BOADILLA DEL MONTE", "centro_tipo_descripcion": "CENTRO AUTORIZADO DE ENSEÑANZAS DEPORTIVAS GRADO MEDIO Y SUPERIOR", "centro_titularidad": "PRIVADO", "centro_titular": "ASOCIACION ACADEMICA DE ENTRENADORES DE FUTBOL", "municipio_nombre": "Boadilla del Monte", "distrito_nombre": null, "direccion_coor_x": 423352.0, "direccion_coor_y": 4473144.0, "ARTE": 0, "DANZA": 0, "EDUCACIONADULTA": 0, "EDUCACIONESPECIAL": 0, "FORMACIONPROFESIONAL": 0, "HOSPITALARIA": 0, "IDIOMAS": 0, "INFANTIL": 0, "MILITAR": 0, "MUSICA": 0, "OTRO": 0, "OTRONOEDUCATIVO": 0, "PENITENCIARIO": 0, "PRIMARIA": 0, "SECUNDARIA": 1, "SUPERIOR": 1, "UNIVERSITARIO": 0 }, "geometry": { "type": "Point", "coordinates": [ 3142481.638848678208888, 2031689.019800898851827 ] } },
{ "type": "Feature", "properties": { "centro_codigo": "28074918", "centro_nombre": "FRANCISCO AYALA", "centro_tipo_descripcion": "INSTITUTO DE EDUCACIÓN SECUNDARIA", "centro_titularidad": "PÚBLICO", "centro_titular": "COMUNIDAD DE MADRID", "municipio_nombre": "Madrid", "distrito_nombre": "Carabanchel", "direccion_coor_x": 435407.0, "direccion_coor_y": 4468628.0, "ARTE": 0, "DANZA": 0, "EDUCACIONADULTA": 0, "EDUCACIONESPECIAL": 0, "FORMACIONPROFESIONAL": 0, "HOSPITALARIA": 0, "IDIOMAS": 0, "INFANTIL": 0, "MILITAR": 0, "MUSICA": 0, "OTRO": 0, "OTRONOEDUCATIVO": 0, "PENITENCIARIO": 0, "PRIMARIA": 0, "SECUNDARIA": 1, "SUPERIOR": 0, "UNIVERSITARIO": 0 }, "geometry": { "type": "Point", "coordinates": [ 3153683.32839222624898, 2025149.408140134764835 ] } },
{ "type": "Feature", "properties": { "centro_codigo": "28075081", "centro_nombre": "AFEN ESCUELA TECNICO DEPORTIVO", "centro_tipo_descripcion": "CENTRO AUTORIZADO DE ENSEÑANZAS DEPORTIVAS GRADO MEDIO Y SUPERIOR", "centro_titularidad": "PRIVADO", "centro_titular": "ASOCIACION DE FORMACION DE ENTRENADORES NACIONALES (AFEN)", "municipio_nombre": "Madrid", "distrito_nombre": "Chamartín", "direccion_coor_x": 443112.0, "direccion_coor_y": 4479031.0, "ARTE": 0, "DANZA": 0, "EDUCACIONADULTA": 0, "EDUCACIONESPECIAL": 0, "FORMACIONPROFESIONAL": 0, "HOSPITALARIA": 0, "IDIOMAS": 0, "INFANTIL": 0, "MILITAR": 0, "MUSICA": 0, "OTRO": 0, "OTRONOEDUCATIVO": 0, "PENITENCIARIO": 0, "PRIMARIA": 0, "SECUNDARIA": 1, "SUPERIOR": 1, "UNIVERSITARIO": 0 }, "geometry": { "type": "Point", "coordinates": [ 3162926.328505342826247, 2034066.474642567336559 ] } },
{ "type": "Feature", "properties": { "centro_codigo": "28075091", "centro_nombre": "AFEN ESCUELA TECNICO DEPORTIVO", "centro_tipo_descripcion": "CENTRO AUTORIZADO DE ENSEÑANZAS DEPORTIVAS GRADO MEDIO Y SUPERIOR", "centro_titularidad": "PRIVADO", "centro_titular": "ASOCIACION DE FORMACION DE ENTRENADORES NACIONALES (AFEN)", "municipio_nombre": "Majadahonda", "distrito_nombre": null, "direccion_coor_x": 425819.0, "direccion_coor_y": 4479098.0, "ARTE": 0, "DANZA": 0, "EDUCACIONADULTA": 0, "EDUCACIONESPECIAL": 0, "FORMACIONPROFESIONAL": 0, "HOSPITALARIA": 0, "IDIOMAS": 0, "INFANTIL": 0, "MILITAR": 0, "MUSICA": 0, "OTRO": 0, "OTRONOEDUCATIVO": 0, "PENITENCIARIO": 0, "PRIMARIA": 0, "SECUNDARIA": 1, "SUPERIOR": 1, "UNIVERSITARIO": 0 }, "geometry": { "type": "Point", "coordinates": [ 3145852.706339726224542, 2037128.375391878653318 ] } },
{ "type": "Feature", "properties": { "centro_codigo": "28075194", "centro_nombre": "CENTRO DE ESTUDIOS SUPERIORES EL VALLE", "centro_tipo_descripcion": "CENTRO AUTORIZADO DE ENSEÑANZAS DEPORTIVAS GRADO MEDIO Y SUPERIOR", "centro_titularidad": "PRIVADO", "centro_titular": "SERVICIOS EDUCATIVOS SANCHINARRO, S.L.L.", "municipio_nombre": "Madrid", "distrito_nombre": "Hortaleza", "direccion_coor_x": 444596.0, "direccion_coor_y": 4483525.0, "ARTE": 0, "DANZA": 0, "EDUCACIONADULTA": 0, "EDUCACIONESPECIAL": 0, "FORMACIONPROFESIONAL": 0, "HOSPITALARIA": 0, "IDIOMAS": 0, "INFANTIL": 0, "MILITAR": 0, "MUSICA": 0, "OTRO": 0, "OTRONOEDUCATIVO": 0, "PENITENCIARIO": 0, "PRIMARIA": 0, "SECUNDARIA": 1, "SUPERIOR": 1, "UNIVERSITARIO": 0 }, "geometry": { "type": "Point", "coordinates": [ 3165097.199507110752165, 2038238.117044396698475 ] } },
{ "type": "Feature", "properties": { "centro_codigo": "28075297", "centro_nombre": "AFEN ESCUELA TECNICO DEPORTIVO", "centro_tipo_descripcion": "CENTRO AUTORIZADO DE ENSEÑANZAS DEPORTIVAS GRADO MEDIO Y SUPERIOR", "centro_titularidad": "PRIVADO", "centro_titular": "ASOCIACION DE FORMACION DE ENTRENADORES NACIONALES (AFEN)", "municipio_nombre": "Alcalá de Henares", "distrito_nombre": null, "direccion_coor_x": 470116.0, "direccion_coor_y": 4481651.0, "ARTE": 0, "DANZA": 0, "EDUCACIONADULTA": 0, "EDUCACIONESPECIAL": 0, "FORMACIONPROFESIONAL": 0, "HOSPITALARIA": 0, "IDIOMAS": 0, "INFANTIL": 0, "MILITAR": 0, "MUSICA": 0, "OTRO": 0, "OTRONOEDUCATIVO": 0, "PENITENCIARIO": 0, "PRIMARIA": 0, "SECUNDARIA": 1, "SUPERIOR": 1, "UNIVERSITARIO": 0 }, "geometry": { "type": "Point", "coordinates": [ 3190020.942244763486087, 2031983.587663352955133 ] } },
{ "type": "Feature", "properties": { "centro_codigo": "28075339", "centro_nombre": "MIRABAL SPORTS TRAINING CENTER", "centro_tipo_descripcion": "CENTRO AUTORIZADO DE ENSEÑANZAS DEPORTIVAS GRADO MEDIO Y SUPERIOR", "centro_titularidad": "PRIVADO", "centro_titular": "MIRABAL SCHOOL, S. L.", "municipio_nombre": "Boadilla del Monte", "distrito_nombre": null, "direccion_coor_x": 423203.0, "direccion_coor_y": 4474665.0, "ARTE": 0, "DANZA": 0, "EDUCACIONADULTA": 0, "EDUCACIONESPECIAL": 0, "FORMACIONPROFESIONAL": 0, "HOSPITALARIA": 0, "IDIOMAS": 0, "INFANTIL": 0, "MILITAR": 0, "MUSICA": 0, "OTRO": 0, "OTRONOEDUCATIVO": 0, "PENITENCIARIO": 0, "PRIMARIA": 0, "SECUNDARIA": 1, "SUPERIOR": 1, "UNIVERSITARIO": 0 }, "geometry": { "type": "Point", "coordinates": [ 3142573.029113614931703, 2033213.704509500414133 ] } },
{ "type": "Feature", "properties": { "centro_codigo": "28075406", "centro_nombre": "CENTRO DE ENSEÑANZAS DEPORTIVAS GSD", "centro_tipo_descripcion": "CENTRO AUTORIZADO DE ENSEÑANZAS DEPORTIVAS GRADO MEDIO Y SUPERIOR", "centro_titularidad": "PRIVADO", "centro_titular": "GREDOS SAN DIEGO, SOCIEDAD COOPERATIVA MADRILEÑA", "municipio_nombre": "Madrid", "distrito_nombre": "Puente de Vallecas", "direccion_coor_x": 443749.0, "direccion_coor_y": 4470152.0, "ARTE": 0, "DANZA": 0, "EDUCACIONADULTA": 0, "EDUCACIONESPECIAL": 0, "FORMACIONPROFESIONAL": 0, "HOSPITALARIA": 0, "IDIOMAS": 0, "INFANTIL": 0, "MILITAR": 0, "MUSICA": 0, "OTRO": 0, "OTRONOEDUCATIVO": 0, "PENITENCIARIO": 0, "PRIMARIA": 0, "SECUNDARIA": 1, "SUPERIOR": 1, "UNIVERSITARIO": 0 }, "geometry": { "type": "Point", "coordinates": [ 3162164.484137700870633, 2025207.129021643893793 ] } },
{ "type": "Feature", "properties": { "centro_codigo": "28075421", "centro_nombre": "ESCUNE FORMACION", "centro_tipo_descripcion": "CENTRO AUTORIZADO DE ENSEÑANZAS DEPORTIVAS GRADO MEDIO Y SUPERIOR", "centro_titularidad": "PRIVADO", "centro_titular": "ESCUNE FORMACION, S.L.", "municipio_nombre": "Madrid", "distrito_nombre": "Villaverde", "direccion_coor_x": 439159.0, "direccion_coor_y": 4466100.0, "ARTE": 0, "DANZA": 0, "EDUCACIONADULTA": 0, "EDUCACIONESPECIAL": 0, "FORMACIONPROFESIONAL": 0, "HOSPITALARIA": 0, "IDIOMAS": 0, "INFANTIL": 0, "MILITAR": 0, "MUSICA": 0, "OTRO": 0, "OTRONOEDUCATIVO": 0, "PENITENCIARIO": 0, "PRIMARIA": 0, "SECUNDARIA": 1, "SUPERIOR": 1, "UNIVERSITARIO": 0 }, "geometry": { "type": "Point", "coordinates": [ 3156994.59348936798051, 2022008.803575557889417 ] } },
{ "type": "Feature", "properties": { "centro_codigo": "28075492", "centro_nombre": "RAFAEL FRÜHBECK DE BURGOS", "centro_tipo_descripcion": "INSTITUTO DE EDUCACIÓN SECUNDARIA", "centro_titularidad": "PÚBLICO", "centro_titular": "COMUNIDAD DE MADRID", "municipio_nombre": "Leganés", "distrito_nombre": null, "direccion_coor_x": 433064.0, "direccion_coor_y": 4462404.0, "ARTE": 0, "DANZA": 0, "EDUCACIONADULTA": 0, "EDUCACIONESPECIAL": 0, "FORMACIONPROFESIONAL": 0, "HOSPITALARIA": 0, "IDIOMAS": 0, "INFANTIL": 0, "MILITAR": 0, "MUSICA": 0, "OTRO": 0, "OTRONOEDUCATIVO": 0, "PENITENCIARIO": 0, "PRIMARIA": 0, "SECUNDARIA": 1, "SUPERIOR": 0, "UNIVERSITARIO": 0 }, "geometry": { "type": "Point", "coordinates": [ 3150393.591254181228578, 2019422.406068288255483 ] } },
{ "type": "Feature", "properties": { "centro_codigo": "28075509", "centro_nombre": "SOR JUANA DE LA CRUZ", "centro_tipo_descripcion": "INSTITUTO DE EDUCACIÓN SECUNDARIA", "centro_titularidad": "PÚBLICO", "centro_titular": "COMUNIDAD DE MADRID", "municipio_nombre": "Cubas de la Sagra", "distrito_nombre": null, "direccion_coor_x": 428132.0, "direccion_coor_y": 4449946.0, "ARTE": 0, "DANZA": 0, "EDUCACIONADULTA": 0, "EDUCACIONESPECIAL": 0, "FORMACIONPROFESIONAL": 0, "HOSPITALARIA": 0, "IDIOMAS": 0, "INFANTIL": 0, "MILITAR": 0, "MUSICA": 0, "OTRO": 0, "OTRONOEDUCATIVO": 0, "PENITENCIARIO": 0, "PRIMARIA": 0, "SECUNDARIA": 1, "SUPERIOR": 0, "UNIVERSITARIO": 0 }, "geometry": { "type": "Point", "coordinates": [ 3143570.902979227714241, 2008001.952467187540606 ] } },
{ "type": "Feature", "properties": { "centro_codigo": "28075510", "centro_nombre": "JOSE GARCIA NIETO", "centro_tipo_descripcion": "INSTITUTO DE EDUCACIÓN SECUNDARIA", "centro_titularidad": "PÚBLICO", "centro_titular": "COMUNIDAD DE MADRID", "municipio_nombre": "Rozas de Madrid, Las", "distrito_nombre": null, "direccion_coor_x": 424417.0, "direccion_coor_y": 4486330.0, "ARTE": 0, "DANZA": 0, "EDUCACIONADULTA": 0, "EDUCACIONESPECIAL": 0, "FORMACIONPROFESIONAL": 0, "HOSPITALARIA": 0, "IDIOMAS": 0, "INFANTIL": 0, "MILITAR": 0, "MUSICA": 0, "OTRO": 0, "OTRONOEDUCATIVO": 0, "PENITENCIARIO": 0, "PRIMARIA": 0, "SECUNDARIA": 1, "SUPERIOR": 0, "UNIVERSITARIO": 0 }, "geometry": { "type": "Point", "coordinates": [ 3145603.204954746179283, 2044498.493408883921802 ] } },
{ "type": "Feature", "properties": { "centro_codigo": "28075522", "centro_nombre": "INSTEDE MADRID SAN VIATOR", "centro_tipo_descripcion": "CENTRO AUTORIZADO DE ENSEÑANZAS DEPORTIVAS GRADO MEDIO Y SUPERIOR", "centro_titularidad": "PRIVADO", "centro_titular": "INSTEDE FORMACION, S.L.", "municipio_nombre": "Madrid", "distrito_nombre": "Usera", "direccion_coor_x": 439127.0, "direccion_coor_y": 4470699.0, "ARTE": 0, "DANZA": 0, "EDUCACIONADULTA": 0, "EDUCACIONESPECIAL": 0, "FORMACIONPROFESIONAL": 0, "HOSPITALARIA": 0, "IDIOMAS": 0, "INFANTIL": 0, "MILITAR": 0, "MUSICA": 0, "OTRO": 0, "OTRONOEDUCATIVO": 0, "PENITENCIARIO": 0, "PRIMARIA": 0, "SECUNDARIA": 1, "SUPERIOR": 1, "UNIVERSITARIO": 0 }, "geometry": { "type": "Point", "coordinates": [ 3157683.267115768045187, 2026545.981632170500234 ] } },
{ "type": "Feature", "properties": { "centro_codigo": "28075583", "centro_nombre": "ESCUELA IDEO", "centro_tipo_descripcion": "CENTRO PRIVADO DE EDUCACIÓN INFANTIL, PRIMARIA Y SECUNDARIA", "centro_titularidad": "PRIVADO", "centro_titular": "ESCUELA NUEVA KEPLER, S.L.", "municipio_nombre": "Madrid", "distrito_nombre": "Fuencarral-El Pardo", "direccion_coor_x": 440854.0, "direccion_coor_y": 4488047.0, "ARTE": 0, "DANZA": 0, "EDUCACIONADULTA": 0, "EDUCACIONESPECIAL": 0, "FORMACIONPROFESIONAL": 0, "HOSPITALARIA": 0, "IDIOMAS": 0, "INFANTIL": 1, "MILITAR": 0, "MUSICA": 0, "OTRO": 0, "OTRONOEDUCATIVO": 0, "PENITENCIARIO": 0, "PRIMARIA": 1, "SECUNDARIA": 1, "SUPERIOR": 0, "UNIVERSITARIO": 0 }, "geometry": { "type": "Point", "coordinates": [ 3162109.727160103619099, 2043341.891289084218442 ] } },
{ "type": "Feature", "properties": { "centro_codigo": "28075595", "centro_nombre": "CAMPUS FP GETAFE ESCUELA SOCIOSANITARIA Y TECNOLOGIAS DE LA COMUNICACION", "centro_tipo_descripcion": "CENTRO PRIVADO DE EDUCACIÓN SECUNDARIA", "centro_titularidad": "PRIVADO", "centro_titular": "FORMACION Y EDUCACION INTEGRAL, S.L. UNIPERSONAL", "municipio_nombre": "Getafe", "distrito_nombre": null, "direccion_coor_x": 438519.0, "direccion_coor_y": 4463301.0, "ARTE": 0, "DANZA": 0, "EDUCACIONADULTA": 0, "EDUCACIONESPECIAL": 0, "FORMACIONPROFESIONAL": 0, "HOSPITALARIA": 0, "IDIOMAS": 0, "INFANTIL": 0, "MILITAR": 0, "MUSICA": 0, "OTRO": 0, "OTRONOEDUCATIVO": 0, "PENITENCIARIO": 0, "PRIMARIA": 0, "SECUNDARIA": 1, "SUPERIOR": 0, "UNIVERSITARIO": 0 }, "geometry": { "type": "Point", "coordinates": [ 3155924.005092065781355, 2019361.637063496513292 ] } },
{ "type": "Feature", "properties": { "centro_codigo": "28075637", "centro_nombre": "COLEGIO JUAN PABLO II", "centro_tipo_descripcion": "CENTRO PRIVADO DE EDUCACIÓN INFANTIL, PRIMARIA Y SECUNDARIA", "centro_titularidad": "PRIVADO CONCERTADO", "centro_titular": "COLEGIO JUAN PABLO II PARLA,  S.L.", "municipio_nombre": "Parla", "distrito_nombre": null, "direccion_coor_x": 436348.0, "direccion_coor_y": 4454175.0, "ARTE": 0, "DANZA": 0, "EDUCACIONADULTA": 0, "EDUCACIONESPECIAL": 0, "FORMACIONPROFESIONAL": 0, "HOSPITALARIA": 0, "IDIOMAS": 0, "INFANTIL": 1, "MILITAR": 0, "MUSICA": 0, "OTRO": 0, "OTRONOEDUCATIVO": 0, "PENITENCIARIO": 0, "PRIMARIA": 1, "SECUNDARIA": 1, "SUPERIOR": 0, "UNIVERSITARIO": 0 }, "geometry": { "type": "Point", "coordinates": [ 3152350.847504114732146, 2010745.568531404947862 ] } },
{ "type": "Feature", "properties": { "centro_codigo": "28075649", "centro_nombre": "COLEGIO SANTA MONICA", "centro_tipo_descripcion": "CENTRO PRIVADO DE EDUCACIÓN INFANTIL, PRIMARIA Y SECUNDARIA", "centro_titularidad": "PRIVADO CONCERTADO", "centro_titular": "FUNDACIÓN TERTIO MILLENNIO", "municipio_nombre": "Rivas-Vaciamadrid", "distrito_nombre": null, "direccion_coor_x": 455185.0, "direccion_coor_y": 4469979.0, "ARTE": 0, "DANZA": 0, "EDUCACIONADULTA": 0, "EDUCACIONESPECIAL": 0, "FORMACIONPROFESIONAL": 0, "HOSPITALARIA": 0, "IDIOMAS": 0, "INFANTIL": 1, "MILITAR": 0, "MUSICA": 0, "OTRO": 0, "OTRONOEDUCATIVO": 0, "PENITENCIARIO": 0, "PRIMARIA": 1, "SECUNDARIA": 1, "SUPERIOR": 0, "UNIVERSITARIO": 0 }, "geometry": { "type": "Point", "coordinates": [ 3173438.111943045631051, 2023059.75307558150962 ] } },
{ "type": "Feature", "properties": { "centro_codigo": "28075777", "centro_nombre": "BLAS DE LEZO", "centro_tipo_descripcion": "COLEGIO DE EDUCACIÓN INFANTIL, PRIMARIA Y SECUNDARIA", "centro_titularidad": "PÚBLICO", "centro_titular": "COMUNIDAD DE MADRID", "municipio_nombre": "Madrid", "distrito_nombre": "Fuencarral-El Pardo", "direccion_coor_x": 443020.0, "direccion_coor_y": 4484717.0, "ARTE": 0, "DANZA": 0, "EDUCACIONADULTA": 0, "EDUCACIONESPECIAL": 0, "FORMACIONPROFESIONAL": 0, "HOSPITALARIA": 0, "IDIOMAS": 0, "INFANTIL": 1, "MILITAR": 0, "MUSICA": 0, "OTRO": 0, "OTRONOEDUCATIVO": 0, "PENITENCIARIO": 0, "PRIMARIA": 1, "SECUNDARIA": 1, "SUPERIOR": 0, "UNIVERSITARIO": 0 }, "geometry": { "type": "Point", "coordinates": [ 3163727.10635079909116, 2039685.456023348262534 ] } },
{ "type": "Feature", "properties": { "centro_codigo": "28075923", "centro_nombre": "CADE", "centro_tipo_descripcion": "CENTRO AUTORIZADO DE ENSEÑANZAS DEPORTIVAS GRADO MEDIO Y SUPERIOR", "centro_titularidad": "PRIVADO", "centro_titular": "FOMENTO DE ENSEÑANZA MEDIA, S.A.", "municipio_nombre": "Madrid", "distrito_nombre": "Barajas", "direccion_coor_x": 449624.0, "direccion_coor_y": 4478467.0, "ARTE": 0, "DANZA": 0, "EDUCACIONADULTA": 0, "EDUCACIONESPECIAL": 0, "FORMACIONPROFESIONAL": 0, "HOSPITALARIA": 0, "IDIOMAS": 0, "INFANTIL": 0, "MILITAR": 0, "MUSICA": 0, "OTRO": 0, "OTRONOEDUCATIVO": 0, "PENITENCIARIO": 0, "PRIMARIA": 0, "SECUNDARIA": 1, "SUPERIOR": 1, "UNIVERSITARIO": 0 }, "geometry": { "type": "Point", "coordinates": [ 3169272.166432253085077, 2032384.35737531655468 ] } },
{ "type": "Feature", "properties": { "centro_codigo": "28076010", "centro_nombre": "UFEDEMA-CENTRO DE ENSEÑANZAS DEPORTIVAS", "centro_tipo_descripcion": "CENTRO AUTORIZADO DE ENSEÑANZAS DEPORTIVAS GRADO MEDIO Y SUPERIOR", "centro_titularidad": "PRIVADO", "centro_titular": "UNION DE FEDERACIONES DEPORTIVAS MADRILEÑAS (UFEDEMA)", "municipio_nombre": "Villaviciosa de Odón", "distrito_nombre": null, "direccion_coor_x": 421814.0, "direccion_coor_y": 4469689.0, "ARTE": 0, "DANZA": 0, "EDUCACIONADULTA": 0, "EDUCACIONESPECIAL": 0, "FORMACIONPROFESIONAL": 0, "HOSPITALARIA": 0, "IDIOMAS": 0, "INFANTIL": 0, "MILITAR": 0, "MUSICA": 0, "OTRO": 0, "OTRONOEDUCATIVO": 0, "PENITENCIARIO": 0, "PRIMARIA": 0, "SECUNDARIA": 1, "SUPERIOR": 1, "UNIVERSITARIO": 0 }, "geometry": { "type": "Point", "coordinates": [ 3140420.511775264516473, 2028551.243098342558369 ] } },
{ "type": "Feature", "properties": { "centro_codigo": "28076058", "centro_nombre": "CENTRO DEPORTIVO ZOLA", "centro_tipo_descripcion": "CENTRO AUTORIZADO DE ENSEÑANZAS DEPORTIVAS GRADO MEDIO Y SUPERIOR", "centro_titularidad": "PRIVADO", "centro_titular": "GRUPO ZOLA EDUCACION, S.L. UNIPERSONAL", "municipio_nombre": "Rozas de Madrid, Las", "distrito_nombre": null, "direccion_coor_x": 422588.0, "direccion_coor_y": 4485086.0, "ARTE": 0, "DANZA": 0, "EDUCACIONADULTA": 0, "EDUCACIONESPECIAL": 0, "FORMACIONPROFESIONAL": 0, "HOSPITALARIA": 0, "IDIOMAS": 0, "INFANTIL": 0, "MILITAR": 0, "MUSICA": 0, "OTRO": 0, "OTRONOEDUCATIVO": 0, "PENITENCIARIO": 0, "PRIMARIA": 0, "SECUNDARIA": 1, "SUPERIOR": 1, "UNIVERSITARIO": 0 }, "geometry": { "type": "Point", "coordinates": [ 3143601.253767351619899, 2043589.898029410745949 ] } },
{ "type": "Feature", "properties": { "centro_codigo": "28076307", "centro_nombre": "MIGUEL DE CERVANTES", "centro_tipo_descripcion": "COLEGIO DE EDUCACIÓN INFANTIL, PRIMARIA Y SECUNDARIA", "centro_titularidad": "PÚBLICO", "centro_titular": "COMUNIDAD DE MADRID", "municipio_nombre": "Getafe", "distrito_nombre": null, "direccion_coor_x": 439934.0, "direccion_coor_y": 4463059.0, "ARTE": 0, "DANZA": 0, "EDUCACIONADULTA": 0, "EDUCACIONESPECIAL": 0, "FORMACIONPROFESIONAL": 0, "HOSPITALARIA": 0, "IDIOMAS": 0, "INFANTIL": 1, "MILITAR": 0, "MUSICA": 0, "OTRO": 0, "OTRONOEDUCATIVO": 0, "PENITENCIARIO": 0, "PRIMARIA": 1, "SECUNDARIA": 1, "SUPERIOR": 0, "UNIVERSITARIO": 0 }, "geometry": { "type": "Point", "coordinates": [ 3157284.312225535977632, 2018878.272814231924713 ] } },
{ "type": "Feature", "properties": { "centro_codigo": "28076344", "centro_nombre": "NORTE JOVEN FUENCARRAL", "centro_tipo_descripcion": "CENTRO PRIVADO DE EDUCACIÓN SECUNDARIA", "centro_titularidad": "PRIVADO CONCERTADO", "centro_titular": "ASOCIACION CULTURAL NORTE JOVEN", "municipio_nombre": "Madrid", "distrito_nombre": "Fuencarral-El Pardo", "direccion_coor_x": 440243.0, "direccion_coor_y": 4480443.0, "ARTE": 0, "DANZA": 0, "EDUCACIONADULTA": 0, "EDUCACIONESPECIAL": 0, "FORMACIONPROFESIONAL": 0, "HOSPITALARIA": 0, "IDIOMAS": 0, "INFANTIL": 0, "MILITAR": 0, "MUSICA": 0, "OTRO": 0, "OTRONOEDUCATIVO": 0, "PENITENCIARIO": 0, "PRIMARIA": 0, "SECUNDARIA": 1, "SUPERIOR": 0, "UNIVERSITARIO": 0 }, "geometry": { "type": "Point", "coordinates": [ 3160313.156771472655237, 2035954.429110880708322 ] } },
{ "type": "Feature", "properties": { "centro_codigo": "28076368", "centro_nombre": "ALFREDO KRAUS", "centro_tipo_descripcion": "INSTITUTO DE EDUCACIÓN SECUNDARIA", "centro_titularidad": "PÚBLICO", "centro_titular": "COMUNIDAD DE MADRID", "municipio_nombre": "Madrid", "distrito_nombre": "San Blas-Canillejas", "direccion_coor_x": 448450.0, "direccion_coor_y": 4474978.0, "ARTE": 0, "DANZA": 0, "EDUCACIONADULTA": 0, "EDUCACIONESPECIAL": 0, "FORMACIONPROFESIONAL": 0, "HOSPITALARIA": 0, "IDIOMAS": 0, "INFANTIL": 0, "MILITAR": 0, "MUSICA": 0, "OTRO": 0, "OTRONOEDUCATIVO": 0, "PENITENCIARIO": 0, "PRIMARIA": 0, "SECUNDARIA": 1, "SUPERIOR": 0, "UNIVERSITARIO": 0 }, "geometry": { "type": "Point", "coordinates": [ 3167565.487251953221858, 2029149.393451820360497 ] } },
{ "type": "Feature", "properties": { "centro_codigo": "28076371", "centro_nombre": "JUAN RAMON JIMÉNEZ", "centro_tipo_descripcion": "INSTITUTO DE EDUCACIÓN SECUNDARIA", "centro_titularidad": "PÚBLICO", "centro_titular": "COMUNIDAD DE MADRID", "municipio_nombre": "Madrid", "distrito_nombre": "Villaverde", "direccion_coor_x": 442752.0, "direccion_coor_y": 4466071.0, "ARTE": 0, "DANZA": 0, "EDUCACIONADULTA": 0, "EDUCACIONESPECIAL": 0, "FORMACIONPROFESIONAL": 0, "HOSPITALARIA": 0, "IDIOMAS": 0, "INFANTIL": 0, "MILITAR": 0, "MUSICA": 0, "OTRO": 0, "OTRONOEDUCATIVO": 0, "PENITENCIARIO": 0, "PRIMARIA": 0, "SECUNDARIA": 1, "SUPERIOR": 0, "UNIVERSITARIO": 0 }, "geometry": { "type": "Point", "coordinates": [ 3160540.337037602439523, 2021358.447168124606833 ] } },
{ "type": "Feature", "properties": { "centro_codigo": "28076381", "centro_nombre": "MARIE CURIE", "centro_tipo_descripcion": "INSTITUTO DE EDUCACIÓN SECUNDARIA", "centro_titularidad": "PÚBLICO", "centro_titular": "COMUNIDAD DE MADRID", "municipio_nombre": "Loeches", "distrito_nombre": null, "direccion_coor_x": 464759.0, "direccion_coor_y": 4470458.0, "ARTE": 0, "DANZA": 0, "EDUCACIONADULTA": 0, "EDUCACIONESPECIAL": 0, "FORMACIONPROFESIONAL": 0, "HOSPITALARIA": 0, "IDIOMAS": 0, "INFANTIL": 0, "MILITAR": 0, "MUSICA": 0, "OTRO": 0, "OTRONOEDUCATIVO": 0, "PENITENCIARIO": 0, "PRIMARIA": 0, "SECUNDARIA": 1, "SUPERIOR": 0, "UNIVERSITARIO": 0 }, "geometry": { "type": "Point", "coordinates": [ 3182974.872110324911773, 2021879.014921268681064 ] } },
{ "type": "Feature", "properties": { "centro_codigo": "28076617", "centro_nombre": "CENTRO DE ENSEÑANZAS DEPORTIVAS SALESIANOS SOTO DEL REAL", "centro_tipo_descripcion": "CENTRO AUTORIZADO DE ENSEÑANZAS DEPORTIVAS GRADO MEDIO Y SUPERIOR", "centro_titularidad": "PRIVADO", "centro_titular": "CONGREGACIÓN SALESIANA", "municipio_nombre": "Soto del Real", "distrito_nombre": null, "direccion_coor_x": 433713.0, "direccion_coor_y": 4511765.0, "ARTE": 0, "DANZA": 0, "EDUCACIONADULTA": 0, "EDUCACIONESPECIAL": 0, "FORMACIONPROFESIONAL": 0, "HOSPITALARIA": 0, "IDIOMAS": 0, "INFANTIL": 0, "MILITAR": 0, "MUSICA": 0, "OTRO": 0, "OTRONOEDUCATIVO": 0, "PENITENCIARIO": 0, "PRIMARIA": 0, "SECUNDARIA": 1, "SUPERIOR": 1, "UNIVERSITARIO": 0 }, "geometry": { "type": "Point", "coordinates": [ 3158784.138036933727562, 2067953.680859945015982 ] } },
{ "type": "Feature", "properties": { "centro_codigo": "28076630", "centro_nombre": "ESCUELA HIPICA SOTO DEL ESPINAR", "centro_tipo_descripcion": "CENTRO AUTORIZADO DE ENSEÑANZAS DEPORTIVAS GRADO MEDIO Y SUPERIOR", "centro_titularidad": "PRIVADO", "centro_titular": "ESCUELA HIPICA SOTO DEL ESPINAR, S.L:", "municipio_nombre": "Fuente el Saz de Jarama", "distrito_nombre": null, "direccion_coor_x": 453448.0, "direccion_coor_y": 4495938.0, "ARTE": 0, "DANZA": 0, "EDUCACIONADULTA": 0, "EDUCACIONESPECIAL": 0, "FORMACIONPROFESIONAL": 0, "HOSPITALARIA": 0, "IDIOMAS": 0, "INFANTIL": 0, "MILITAR": 0, "MUSICA": 0, "OTRO": 0, "OTRONOEDUCATIVO": 0, "PENITENCIARIO": 0, "PRIMARIA": 0, "SECUNDARIA": 1, "SUPERIOR": 1, "UNIVERSITARIO": 0 }, "geometry": { "type": "Point", "coordinates": [ 3175790.530747026205063, 2048939.469868022017181 ] } },
{ "type": "Feature", "properties": { "centro_codigo": "28076711", "centro_nombre": "HIPICA VILLAVICIOSA", "centro_tipo_descripcion": "CENTRO AUTORIZADO DE ENSEÑANZAS DEPORTIVAS GRADO MEDIO", "centro_titularidad": "PRIVADO", "centro_titular": "ENSEÑANZAS ECUESTRES, S.L.", "municipio_nombre": "Villaviciosa de Odón", "distrito_nombre": null, "direccion_coor_x": 420521.0, "direccion_coor_y": 4468097.0, "ARTE": 0, "DANZA": 0, "EDUCACIONADULTA": 0, "EDUCACIONESPECIAL": 0, "FORMACIONPROFESIONAL": 0, "HOSPITALARIA": 0, "IDIOMAS": 0, "INFANTIL": 0, "MILITAR": 0, "MUSICA": 0, "OTRO": 0, "OTRONOEDUCATIVO": 0, "PENITENCIARIO": 0, "PRIMARIA": 0, "SECUNDARIA": 1, "SUPERIOR": 0, "UNIVERSITARIO": 0 }, "geometry": { "type": "Point", "coordinates": [ 3138893.604844447690994, 2027206.839503912022337 ] } },
{ "type": "Feature", "properties": { "centro_codigo": "28076927", "centro_nombre": "STELLA MARIS COLLEGE & PREP. SCHOOL", "centro_tipo_descripcion": "CENTRO PRIVADO DE EDUCACIÓN PRIMARIA Y SECUNDARIA", "centro_titularidad": "PRIVADO", "centro_titular": "DISCIPULOS COMUNIDAD STELLA MARIS", "municipio_nombre": "Madrid", "distrito_nombre": "Moncloa-Aravaca", "direccion_coor_x": 434424.0, "direccion_coor_y": 4479813.0, "ARTE": 0, "DANZA": 0, "EDUCACIONADULTA": 0, "EDUCACIONESPECIAL": 0, "FORMACIONPROFESIONAL": 0, "HOSPITALARIA": 0, "IDIOMAS": 0, "INFANTIL": 0, "MILITAR": 0, "MUSICA": 0, "OTRO": 0, "OTRONOEDUCATIVO": 0, "PENITENCIARIO": 0, "PRIMARIA": 1, "SECUNDARIA": 1, "SUPERIOR": 0, "UNIVERSITARIO": 0 }, "geometry": { "type": "Point", "coordinates": [ 3154465.494548291433603, 2036341.344095601700246 ] } },
{ "type": "Feature", "properties": { "centro_codigo": "28077041", "centro_nombre": "CENTRO DE FORMACION LAS CADENAS", "centro_tipo_descripcion": "CENTRO AUTORIZADO DE ENSEÑANZAS DEPORTIVAS GRADO MEDIO Y SUPERIOR", "centro_titularidad": "PRIVADO", "centro_titular": "CENTRO FORMACIÓN ENSEÑANZAS PROFESIONALES LAS CADENAS, S.L.", "municipio_nombre": "Camarma de Esteruelas", "distrito_nombre": null, "direccion_coor_x": 468123.0, "direccion_coor_y": 4488888.0, "ARTE": 0, "DANZA": 0, "EDUCACIONADULTA": 0, "EDUCACIONESPECIAL": 0, "FORMACIONPROFESIONAL": 0, "HOSPITALARIA": 0, "IDIOMAS": 0, "INFANTIL": 0, "MILITAR": 0, "MUSICA": 0, "OTRO": 0, "OTRONOEDUCATIVO": 0, "PENITENCIARIO": 0, "PRIMARIA": 0, "SECUNDARIA": 1, "SUPERIOR": 1, "UNIVERSITARIO": 0 }, "geometry": { "type": "Point", "coordinates": [ 3189185.025441531091928, 2039458.251337172463536 ] } },
{ "type": "Feature", "properties": { "centro_codigo": "28077154", "centro_nombre": "GM FOOTBALL ACADEMY", "centro_tipo_descripcion": "CENTRO AUTORIZADO DE ENSEÑANZAS DEPORTIVAS GRADO MEDIO Y SUPERIOR", "centro_titularidad": "PRIVADO", "centro_titular": "GM FOOTBALL ACADEMY, S.L.", "municipio_nombre": "Móstoles", "distrito_nombre": null, "direccion_coor_x": 427149.0, "direccion_coor_y": 4462893.0, "ARTE": 0, "DANZA": 0, "EDUCACIONADULTA": 0, "EDUCACIONESPECIAL": 0, "FORMACIONPROFESIONAL": 0, "HOSPITALARIA": 0, "IDIOMAS": 0, "INFANTIL": 0, "MILITAR": 0, "MUSICA": 0, "OTRO": 0, "OTRONOEDUCATIVO": 0, "PENITENCIARIO": 0, "PRIMARIA": 0, "SECUNDARIA": 1, "SUPERIOR": 1, "UNIVERSITARIO": 0 }, "geometry": { "type": "Point", "coordinates": [ 3144626.040704765822738, 2020929.290427395142615 ] } },
{ "type": "Feature", "properties": { "centro_codigo": "28077166", "centro_nombre": "TÁNDEM", "centro_tipo_descripcion": "CENTRO AUTORIZADO DE ENSEÑANZAS DEPORTIVAS GRADO MEDIO Y SUPERIOR", "centro_titularidad": "PRIVADO", "centro_titular": "TÉCNICOS DEPORTIVOS TANDEM, S.L.", "municipio_nombre": "Alcorcón", "distrito_nombre": null, "direccion_coor_x": 426196.0, "direccion_coor_y": 4467543.0, "ARTE": 0, "DANZA": 0, "EDUCACIONADULTA": 0, "EDUCACIONESPECIAL": 0, "FORMACIONPROFESIONAL": 0, "HOSPITALARIA": 0, "IDIOMAS": 0, "INFANTIL": 0, "MILITAR": 0, "MUSICA": 0, "OTRO": 0, "OTRONOEDUCATIVO": 0, "PENITENCIARIO": 0, "PRIMARIA": 0, "SECUNDARIA": 1, "SUPERIOR": 1, "UNIVERSITARIO": 0 }, "geometry": { "type": "Point", "coordinates": [ 3144413.059688478708267, 2025676.502184533048421 ] } },
{ "type": "Feature", "properties": { "centro_codigo": "28077257", "centro_nombre": "CENTRO DE LA FEDERACION MADRILEÑA DE VELA", "centro_tipo_descripcion": "CENTRO AUTORIZADO DE ENSEÑANZAS DEPORTIVAS GRADO MEDIO Y SUPERIOR", "centro_titularidad": "PRIVADO", "centro_titular": "FEDERACION MADRILEÑA DE VELA", "municipio_nombre": "Madrid", "distrito_nombre": "Fuencarral-El Pardo", "direccion_coor_x": 442031.0, "direccion_coor_y": 4481929.0, "ARTE": 0, "DANZA": 0, "EDUCACIONADULTA": 0, "EDUCACIONESPECIAL": 0, "FORMACIONPROFESIONAL": 0, "HOSPITALARIA": 0, "IDIOMAS": 0, "INFANTIL": 0, "MILITAR": 0, "MUSICA": 0, "OTRO": 0, "OTRONOEDUCATIVO": 0, "PENITENCIARIO": 0, "PRIMARIA": 0, "SECUNDARIA": 1, "SUPERIOR": 1, "UNIVERSITARIO": 0 }, "geometry": { "type": "Point", "coordinates": [ 3162312.703449911437929, 2037109.263064677128568 ] } },
{ "type": "Feature", "properties": { "centro_codigo": "28077269", "centro_nombre": "MARIA RODRIGO", "centro_tipo_descripcion": "INSTITUTO DE EDUCACIÓN SECUNDARIA", "centro_titularidad": "PÚBLICO", "centro_titular": "COMUNIDAD DE MADRID", "municipio_nombre": "Madrid", "distrito_nombre": "Villa de Vallecas", "direccion_coor_x": 447426.0, "direccion_coor_y": 4468793.0, "ARTE": 0, "DANZA": 0, "EDUCACIONADULTA": 0, "EDUCACIONESPECIAL": 0, "FORMACIONPROFESIONAL": 0, "HOSPITALARIA": 0, "IDIOMAS": 0, "INFANTIL": 0, "MILITAR": 0, "MUSICA": 0, "OTRO": 0, "OTRONOEDUCATIVO": 0, "PENITENCIARIO": 0, "PRIMARIA": 0, "SECUNDARIA": 1, "SUPERIOR": 0, "UNIVERSITARIO": 0 }, "geometry": { "type": "Point", "coordinates": [ 3165585.055346324108541, 2023232.093455347232521 ] } },
{ "type": "Feature", "properties": { "centro_codigo": "28077348", "centro_nombre": "LA LUNA", "centro_tipo_descripcion": "COLEGIO DE EDUCACIÓN INFANTIL, PRIMARIA Y SECUNDARIA", "centro_titularidad": "PÚBLICO", "centro_titular": "COMUNIDAD DE MADRID", "municipio_nombre": "Rivas-Vaciamadrid", "distrito_nombre": null, "direccion_coor_x": 454319.0, "direccion_coor_y": 4469450.0, "ARTE": 0, "DANZA": 0, "EDUCACIONADULTA": 0, "EDUCACIONESPECIAL": 0, "FORMACIONPROFESIONAL": 0, "HOSPITALARIA": 0, "IDIOMAS": 0, "INFANTIL": 1, "MILITAR": 0, "MUSICA": 0, "OTRO": 0, "OTRONOEDUCATIVO": 0, "PENITENCIARIO": 0, "PRIMARIA": 1, "SECUNDARIA": 1, "SUPERIOR": 0, "UNIVERSITARIO": 0 }, "geometry": { "type": "Point", "coordinates": [ 3172499.514296229928732, 2022688.119027090491727 ] } },
{ "type": "Feature", "properties": { "centro_codigo": "28077452", "centro_nombre": "TD JUMP UP", "centro_tipo_descripcion": "CENTRO AUTORIZADO DE ENSEÑANZAS DEPORTIVAS GRADO MEDIO Y SUPERIOR", "centro_titularidad": "PRIVADO", "centro_titular": "CENTRO DE EDUCACION DEPORTIVA JUMP UP, S.L.", "municipio_nombre": "Torrejón de Ardoz", "distrito_nombre": null, "direccion_coor_x": 459105.0, "direccion_coor_y": 4479183.0, "ARTE": 0, "DANZA": 0, "EDUCACIONADULTA": 0, "EDUCACIONESPECIAL": 0, "FORMACIONPROFESIONAL": 0, "HOSPITALARIA": 0, "IDIOMAS": 0, "INFANTIL": 0, "MILITAR": 0, "MUSICA": 0, "OTRO": 0, "OTRONOEDUCATIVO": 0, "PENITENCIARIO": 0, "PRIMARIA": 0, "SECUNDARIA": 1, "SUPERIOR": 1, "UNIVERSITARIO": 0 }, "geometry": { "type": "Point", "coordinates": [ 3178752.94160303240642, 2031451.729522523004562 ] } },
{ "type": "Feature", "properties": { "centro_codigo": "28077491", "centro_nombre": "MONTSERRAT CABALLE", "centro_tipo_descripcion": "INSTITUTO DE EDUCACIÓN SECUNDARIA", "centro_titularidad": "PÚBLICO", "centro_titular": "COMUNIDAD DE MADRID", "municipio_nombre": "Tres Cantos", "distrito_nombre": null, "direccion_coor_x": 438839.0, "direccion_coor_y": 4496377.0, "ARTE": 0, "DANZA": 0, "EDUCACIONADULTA": 0, "EDUCACIONESPECIAL": 0, "FORMACIONPROFESIONAL": 0, "HOSPITALARIA": 0, "IDIOMAS": 0, "INFANTIL": 0, "MILITAR": 0, "MUSICA": 0, "OTRO": 0, "OTRONOEDUCATIVO": 0, "PENITENCIARIO": 0, "PRIMARIA": 0, "SECUNDARIA": 1, "SUPERIOR": 0, "UNIVERSITARIO": 0 }, "geometry": { "type": "Point", "coordinates": [ 3161427.214690987020731, 2051899.833314062329009 ] } },
{ "type": "Feature", "properties": { "centro_codigo": "28077567", "centro_nombre": "ACADEMIA NACIONAL DE ENTRENADORES DE FUTBOL", "centro_tipo_descripcion": "CENTRO AUTORIZADO DE ENSEÑANZAS DEPORTIVAS GRADO MEDIO Y SUPERIOR", "centro_titularidad": "PRIVADO", "centro_titular": "CONRADO GALAN CASTELLANOS", "municipio_nombre": "Madrid", "distrito_nombre": "Arganzuela", "direccion_coor_x": 440475.0, "direccion_coor_y": 4472669.0, "ARTE": 0, "DANZA": 0, "EDUCACIONADULTA": 0, "EDUCACIONESPECIAL": 0, "FORMACIONPROFESIONAL": 0, "HOSPITALARIA": 0, "IDIOMAS": 0, "INFANTIL": 0, "MILITAR": 0, "MUSICA": 0, "OTRO": 0, "OTRONOEDUCATIVO": 0, "PENITENCIARIO": 0, "PRIMARIA": 0, "SECUNDARIA": 1, "SUPERIOR": 1, "UNIVERSITARIO": 0 }, "geometry": { "type": "Point", "coordinates": [ 3159323.797187424264848, 2028253.823105831630528 ] } },
{ "type": "Feature", "properties": { "centro_codigo": "28077701", "centro_nombre": "MONTESSIERRA", "centro_tipo_descripcion": "CENTRO AUTORIZADO DE ENSEÑANZAS DEPORTIVAS GRADO MEDIO Y SUPERIOR", "centro_titularidad": "PRIVADO", "centro_titular": "LAS ENCINAS MATAESPESA, S.L.", "municipio_nombre": "Alpedrete", "distrito_nombre": null, "direccion_coor_x": 412318.0, "direccion_coor_y": 4501597.0, "ARTE": 0, "DANZA": 0, "EDUCACIONADULTA": 0, "EDUCACIONESPECIAL": 0, "FORMACIONPROFESIONAL": 0, "HOSPITALARIA": 0, "IDIOMAS": 0, "INFANTIL": 0, "MILITAR": 0, "MUSICA": 0, "OTRO": 0, "OTRONOEDUCATIVO": 0, "PENITENCIARIO": 0, "PRIMARIA": 0, "SECUNDARIA": 1, "SUPERIOR": 1, "UNIVERSITARIO": 0 }, "geometry": { "type": "Point", "coordinates": [ 3136054.860727270133793, 2061645.842914418317378 ] } },
{ "type": "Feature", "properties": { "centro_codigo": "28077750", "centro_nombre": "AULA DE ENSEÑANZAS DEPORTIVAS SIDFOR", "centro_tipo_descripcion": "CENTRO AUTORIZADO DE ENSEÑANZAS DEPORTIVAS GRADO MEDIO Y SUPERIOR", "centro_titularidad": "PRIVADO", "centro_titular": "SOLUCIONES INTEGRALES DEPORTIVAS Y FORMATIVAS, S.L.", "municipio_nombre": "Villanueva del Pardillo", "distrito_nombre": null, "direccion_coor_x": 418039.0, "direccion_coor_y": 4482267.0, "ARTE": 0, "DANZA": 0, "EDUCACIONADULTA": 0, "EDUCACIONESPECIAL": 0, "FORMACIONPROFESIONAL": 0, "HOSPITALARIA": 0, "IDIOMAS": 0, "INFANTIL": 0, "MILITAR": 0, "MUSICA": 0, "OTRO": 0, "OTRONOEDUCATIVO": 0, "PENITENCIARIO": 0, "PRIMARIA": 0, "SECUNDARIA": 1, "SUPERIOR": 1, "UNIVERSITARIO": 0 }, "geometry": { "type": "Point", "coordinates": [ 3138665.401178005151451, 2041601.423267391743138 ] } },
{ "type": "Feature", "properties": { "centro_codigo": "28077865", "centro_nombre": "ALFREDO DI STEFANO", "centro_tipo_descripcion": "COLEGIO DE EDUCACIÓN INFANTIL, PRIMARIA Y SECUNDARIA", "centro_titularidad": "PÚBLICO", "centro_titular": "COMUNIDAD DE MADRID", "municipio_nombre": "Madrid", "distrito_nombre": "Hortaleza", "direccion_coor_x": 447188.0, "direccion_coor_y": 4483060.0, "ARTE": 0, "DANZA": 0, "EDUCACIONADULTA": 0, "EDUCACIONESPECIAL": 0, "FORMACIONPROFESIONAL": 0, "HOSPITALARIA": 0, "IDIOMAS": 0, "INFANTIL": 1, "MILITAR": 0, "MUSICA": 0, "OTRO": 0, "OTRONOEDUCATIVO": 0, "PENITENCIARIO": 0, "PRIMARIA": 1, "SECUNDARIA": 1, "SUPERIOR": 0, "UNIVERSITARIO": 0 }, "geometry": { "type": "Point", "coordinates": [ 3167585.208140203263611, 2037331.505542133236304 ] } },
{ "type": "Feature", "properties": { "centro_codigo": "28077889", "centro_nombre": "MALALA YOUSAFZAI", "centro_tipo_descripcion": "INSTITUTO DE EDUCACIÓN SECUNDARIA", "centro_titularidad": "PÚBLICO", "centro_titular": "COMUNIDAD DE MADRID", "municipio_nombre": "Madrid", "distrito_nombre": "Fuencarral-El Pardo", "direccion_coor_x": 443675.0, "direccion_coor_y": 4483462.0, "ARTE": 0, "DANZA": 0, "EDUCACIONADULTA": 0, "EDUCACIONESPECIAL": 0, "FORMACIONPROFESIONAL": 0, "HOSPITALARIA": 0, "IDIOMAS": 0, "INFANTIL": 0, "MILITAR": 0, "MUSICA": 0, "OTRO": 0, "OTRONOEDUCATIVO": 0, "PENITENCIARIO": 0, "PRIMARIA": 0, "SECUNDARIA": 1, "SUPERIOR": 0, "UNIVERSITARIO": 0 }, "geometry": { "type": "Point", "coordinates": [ 3164177.37841388117522, 2038335.398941402789205 ] } },
{ "type": "Feature", "properties": { "centro_codigo": "28077890", "centro_nombre": "SIMONE VEIL", "centro_tipo_descripcion": "INSTITUTO DE EDUCACIÓN SECUNDARIA", "centro_titularidad": "PÚBLICO", "centro_titular": "COMUNIDAD DE MADRID", "municipio_nombre": "Paracuellos de Jarama", "distrito_nombre": null, "direccion_coor_x": 456379.0, "direccion_coor_y": 4483076.0, "ARTE": 0, "DANZA": 0, "EDUCACIONADULTA": 0, "EDUCACIONESPECIAL": 0, "FORMACIONPROFESIONAL": 0, "HOSPITALARIA": 0, "IDIOMAS": 0, "INFANTIL": 0, "MILITAR": 0, "MUSICA": 0, "OTRO": 0, "OTRONOEDUCATIVO": 0, "PENITENCIARIO": 0, "PRIMARIA": 0, "SECUNDARIA": 1, "SUPERIOR": 0, "UNIVERSITARIO": 0 }, "geometry": { "type": "Point", "coordinates": [ 3176669.153043, 2035758.557877824874595 ] } },
{ "type": "Feature", "properties": { "centro_codigo": "28077907", "centro_nombre": "AFRICA", "centro_tipo_descripcion": "INSTITUTO DE EDUCACIÓN SECUNDARIA", "centro_titularidad": "PÚBLICO", "centro_titular": "COMUNIDAD DE MADRID", "municipio_nombre": "Fuenlabrada", "distrito_nombre": null, "direccion_coor_x": 431187.0, "direccion_coor_y": 4459801.0, "ARTE": 0, "DANZA": 0, "EDUCACIONADULTA": 0, "EDUCACIONESPECIAL": 0, "FORMACIONPROFESIONAL": 0, "HOSPITALARIA": 0, "IDIOMAS": 0, "INFANTIL": 0, "MILITAR": 0, "MUSICA": 0, "OTRO": 0, "OTRONOEDUCATIVO": 0, "PENITENCIARIO": 0, "PRIMARIA": 0, "SECUNDARIA": 1, "SUPERIOR": 0, "UNIVERSITARIO": 0 }, "geometry": { "type": "Point", "coordinates": [ 3148131.498201590962708, 2017182.763114734785631 ] } },
{ "type": "Feature", "properties": { "centro_codigo": "28078031", "centro_nombre": "ISABEL LA CATOLICA", "centro_tipo_descripcion": "INSTITUTO DE EDUCACIÓN SECUNDARIA", "centro_titularidad": "PÚBLICO", "centro_titular": "COMUNIDAD DE MADRID", "municipio_nombre": "Boadilla del Monte", "distrito_nombre": null, "direccion_coor_x": 422656.0, "direccion_coor_y": 4473733.0, "ARTE": 0, "DANZA": 0, "EDUCACIONADULTA": 0, "EDUCACIONESPECIAL": 0, "FORMACIONPROFESIONAL": 0, "HOSPITALARIA": 0, "IDIOMAS": 0, "INFANTIL": 0, "MILITAR": 0, "MUSICA": 0, "OTRO": 0, "OTRONOEDUCATIVO": 0, "PENITENCIARIO": 0, "PRIMARIA": 0, "SECUNDARIA": 1, "SUPERIOR": 0, "UNIVERSITARIO": 0 }, "geometry": { "type": "Point", "coordinates": [ 3141886.487686744891107, 2032390.185242547886446 ] } },
{ "type": "Feature", "properties": { "centro_codigo": "28078043", "centro_nombre": "GLORIA FUERTES", "centro_tipo_descripcion": "INSTITUTO DE EDUCACIÓN SECUNDARIA", "centro_titularidad": "PÚBLICO", "centro_titular": "COMUNIDAD DE MADRID", "municipio_nombre": "Alcobendas", "distrito_nombre": null, "direccion_coor_x": 444322.0, "direccion_coor_y": 4489473.0, "ARTE": 0, "DANZA": 0, "EDUCACIONADULTA": 0, "EDUCACIONESPECIAL": 0, "FORMACIONPROFESIONAL": 0, "HOSPITALARIA": 0, "IDIOMAS": 0, "INFANTIL": 0, "MILITAR": 0, "MUSICA": 0, "OTRO": 0, "OTRONOEDUCATIVO": 0, "PENITENCIARIO": 0, "PRIMARIA": 0, "SECUNDARIA": 1, "SUPERIOR": 0, "UNIVERSITARIO": 0 }, "geometry": { "type": "Point", "coordinates": [ 3165759.662094579078257, 2044146.887665061978623 ] } },
{ "type": "Feature", "properties": { "centro_codigo": "28078213", "centro_nombre": "CAMPUS FP ATOCHA", "centro_tipo_descripcion": "CENTRO PRIVADO DE EDUCACIÓN SECUNDARIA", "centro_titularidad": "PRIVADO", "centro_titular": "CAMPUS INNOVACION Y GESTION, S.L.L.", "municipio_nombre": "Madrid", "distrito_nombre": "Arganzuela", "direccion_coor_x": 440695.0, "direccion_coor_y": 4472825.0, "ARTE": 0, "DANZA": 0, "EDUCACIONADULTA": 0, "EDUCACIONESPECIAL": 0, "FORMACIONPROFESIONAL": 0, "HOSPITALARIA": 0, "IDIOMAS": 0, "INFANTIL": 0, "MILITAR": 0, "MUSICA": 0, "OTRO": 0, "OTRONOEDUCATIVO": 0, "PENITENCIARIO": 0, "PRIMARIA": 0, "SECUNDARIA": 1, "SUPERIOR": 0, "UNIVERSITARIO": 0 }, "geometry": { "type": "Point", "coordinates": [ 3159565.610062202438712, 2028369.463074295781553 ] } },
{ "type": "Feature", "properties": { "centro_codigo": "28078547", "centro_nombre": "ELISA SORIANO FISCHER", "centro_tipo_descripcion": "INSTITUTO DE EDUCACIÓN SECUNDARIA", "centro_titularidad": "PÚBLICO", "centro_titular": "COMUNIDAD DE MADRID", "municipio_nombre": "Getafe", "distrito_nombre": null, "direccion_coor_x": 436905.0, "direccion_coor_y": 4463603.0, "ARTE": 0, "DANZA": 0, "EDUCACIONADULTA": 0, "EDUCACIONESPECIAL": 0, "FORMACIONPROFESIONAL": 0, "HOSPITALARIA": 0, "IDIOMAS": 0, "INFANTIL": 0, "MILITAR": 0, "MUSICA": 0, "OTRO": 0, "OTRONOEDUCATIVO": 0, "PENITENCIARIO": 0, "PRIMARIA": 0, "SECUNDARIA": 1, "SUPERIOR": 0, "UNIVERSITARIO": 0 }, "geometry": { "type": "Point", "coordinates": [ 3154376.491310397628695, 2019938.624923137482256 ] } },
{ "type": "Feature", "properties": { "centro_codigo": "28078559", "centro_nombre": "ANTONIO FRAGUAS FORGES", "centro_tipo_descripcion": "INSTITUTO DE EDUCACIÓN SECUNDARIA", "centro_titularidad": "PÚBLICO", "centro_titular": "COMUNIDAD DE MADRID", "municipio_nombre": "Madrid", "distrito_nombre": "Arganzuela", "direccion_coor_x": 442289.0, "direccion_coor_y": 4472263.0, "ARTE": 0, "DANZA": 0, "EDUCACIONADULTA": 0, "EDUCACIONESPECIAL": 0, "FORMACIONPROFESIONAL": 0, "HOSPITALARIA": 0, "IDIOMAS": 0, "INFANTIL": 0, "MILITAR": 0, "MUSICA": 0, "OTRO": 0, "OTRONOEDUCATIVO": 0, "PENITENCIARIO": 0, "PRIMARIA": 0, "SECUNDARIA": 1, "SUPERIOR": 0, "UNIVERSITARIO": 0 }, "geometry": { "type": "Point", "coordinates": [ 3161052.528196069877595, 2027539.827486235881224 ] } },
{ "type": "Feature", "properties": { "centro_codigo": "28078924", "centro_nombre": "FORMACION, DEPORTE Y EMPLEO ESCUELA DEPORTIVA", "centro_tipo_descripcion": "CENTRO AUTORIZADO DE ENSEÑANZAS DEPORTIVAS GRADO MEDIO Y SUPERIOR", "centro_titularidad": "PRIVADO", "centro_titular": "FORMACION, DEPORTE Y EMPLEO ESCUELA DEPORTIVA, S.L.", "municipio_nombre": "Madrid", "distrito_nombre": "San Blas-Canillejas", "direccion_coor_x": 447912.0, "direccion_coor_y": 4477405.0, "ARTE": 0, "DANZA": 0, "EDUCACIONADULTA": 0, "EDUCACIONESPECIAL": 0, "FORMACIONPROFESIONAL": 0, "HOSPITALARIA": 0, "IDIOMAS": 0, "INFANTIL": 0, "MILITAR": 0, "MUSICA": 0, "OTRO": 0, "OTRONOEDUCATIVO": 0, "PENITENCIARIO": 0, "PRIMARIA": 0, "SECUNDARIA": 1, "SUPERIOR": 1, "UNIVERSITARIO": 0 }, "geometry": { "type": "Point", "coordinates": [ 3167414.137624599970877, 2031633.909093386260793 ] } },
{ "type": "Feature", "properties": { "centro_codigo": "28079060", "centro_nombre": "CLUB AIRES DE JARAMA", "centro_tipo_descripcion": "CENTRO AUTORIZADO DE ENSEÑANZAS DEPORTIVAS GRADO MEDIO", "centro_titularidad": "PRIVADO", "centro_titular": "CRISTINA PASCUAL SANCHEZ", "municipio_nombre": "Fuente el Saz de Jarama", "distrito_nombre": null, "direccion_coor_x": 453657.0, "direccion_coor_y": 4498671.0, "ARTE": 0, "DANZA": 0, "EDUCACIONADULTA": 0, "EDUCACIONESPECIAL": 0, "FORMACIONPROFESIONAL": 0, "HOSPITALARIA": 0, "IDIOMAS": 0, "INFANTIL": 0, "MILITAR": 0, "MUSICA": 0, "OTRO": 0, "OTRONOEDUCATIVO": 0, "PENITENCIARIO": 0, "PRIMARIA": 0, "SECUNDARIA": 1, "SUPERIOR": 0, "UNIVERSITARIO": 0 }, "geometry": { "type": "Point", "coordinates": [ 3176426.08624603971839, 2051596.608030895935372 ] } },
{ "type": "Feature", "properties": { "centro_codigo": "28079141", "centro_nombre": "ESCUELA NACIONAL DE ENTRENADORES DE ESGRIMA", "centro_tipo_descripcion": "CENTRO AUTORIZADO DE ENSEÑANZAS DEPORTIVAS GRADO MEDIO Y SUPERIOR", "centro_titularidad": "PRIVADO", "centro_titular": "REAL FEDERACION ESPAÑOLA DE ESGRIMA", "municipio_nombre": "Madrid", "distrito_nombre": "Moncloa-Aravaca", "direccion_coor_x": 437878.0, "direccion_coor_y": 4476522.0, "ARTE": 0, "DANZA": 0, "EDUCACIONADULTA": 0, "EDUCACIONESPECIAL": 0, "FORMACIONPROFESIONAL": 0, "HOSPITALARIA": 0, "IDIOMAS": 0, "INFANTIL": 0, "MILITAR": 0, "MUSICA": 0, "OTRO": 0, "OTRONOEDUCATIVO": 0, "PENITENCIARIO": 0, "PRIMARIA": 0, "SECUNDARIA": 1, "SUPERIOR": 1, "UNIVERSITARIO": 0 }, "geometry": { "type": "Point", "coordinates": [ 3157361.79014149447903, 2032500.110056016594172 ] } },
{ "type": "Feature", "properties": { "centro_codigo": "28079163", "centro_nombre": "MONTFORT BASKET SG", "centro_tipo_descripcion": "CENTRO AUTORIZADO DE ENSEÑANZAS DEPORTIVAS GRADO MEDIO Y SUPERIOR", "centro_titularidad": "PRIVADO", "centro_titular": "HERMANOS DE SAN GABRIEL", "municipio_nombre": "Madrid", "distrito_nombre": null, "direccion_coor_x": 436401.0, "direccion_coor_y": 4469953.0, "ARTE": 0, "DANZA": 0, "EDUCACIONADULTA": 0, "EDUCACIONESPECIAL": 0, "FORMACIONPROFESIONAL": 0, "HOSPITALARIA": 0, "IDIOMAS": 0, "INFANTIL": 0, "MILITAR": 0, "MUSICA": 0, "OTRO": 0, "OTRONOEDUCATIVO": 0, "PENITENCIARIO": 0, "PRIMARIA": 0, "SECUNDARIA": 1, "SUPERIOR": 1, "UNIVERSITARIO": 0 }, "geometry": { "type": "Point", "coordinates": [ 3154873.005121659487486, 2026282.878398807486519 ] } },
{ "type": "Feature", "properties": { "centro_codigo": "28079205", "centro_nombre": "ACADEF DE ARTURO SORIA", "centro_tipo_descripcion": "CENTRO AUTORIZADO DE ENSEÑANZAS DEPORTIVAS GRADO MEDIO Y SUPERIOR", "centro_titularidad": "PRIVADO", "centro_titular": "ACADEF FÚTBOL, S.L.", "municipio_nombre": "Madrid", "distrito_nombre": "Ciudad Lineal", "direccion_coor_x": 444532.0, "direccion_coor_y": 4477960.0, "ARTE": 0, "DANZA": 0, "EDUCACIONADULTA": 0, "EDUCACIONESPECIAL": 0, "FORMACIONPROFESIONAL": 0, "HOSPITALARIA": 0, "IDIOMAS": 0, "INFANTIL": 0, "MILITAR": 0, "MUSICA": 0, "OTRO": 0, "OTRONOEDUCATIVO": 0, "PENITENCIARIO": 0, "PRIMARIA": 0, "SECUNDARIA": 1, "SUPERIOR": 1, "UNIVERSITARIO": 0 }, "geometry": { "type": "Point", "coordinates": [ 3164161.451751867774874, 2032765.423470417736098 ] } },
{ "type": "Feature", "properties": { "centro_codigo": "28079357", "centro_nombre": "JANE GOODALL", "centro_tipo_descripcion": "INSTITUTO DE EDUCACIÓN SECUNDARIA", "centro_titularidad": "PÚBLICO", "centro_titular": "COMUNIDAD DE MADRID", "municipio_nombre": "Madrid", "distrito_nombre": "San Blas-Canillejas", "direccion_coor_x": 450111.0, "direccion_coor_y": 4476920.0, "ARTE": 0, "DANZA": 0, "EDUCACIONADULTA": 0, "EDUCACIONESPECIAL": 0, "FORMACIONPROFESIONAL": 0, "HOSPITALARIA": 0, "IDIOMAS": 0, "INFANTIL": 0, "MILITAR": 0, "MUSICA": 0, "OTRO": 0, "OTRONOEDUCATIVO": 0, "PENITENCIARIO": 0, "PRIMARIA": 0, "SECUNDARIA": 1, "SUPERIOR": 0, "UNIVERSITARIO": 0 }, "geometry": { "type": "Point", "coordinates": [ 3169510.981547422707081, 2030775.7962491880171 ] } },
{ "type": "Feature", "properties": { "centro_codigo": "28079370", "centro_nombre": "ANA FRANK", "centro_tipo_descripcion": "INSTITUTO DE EDUCACIÓN SECUNDARIA", "centro_titularidad": "PÚBLICO", "centro_titular": "COMUNIDAD DE MADRID", "municipio_nombre": "Madrid", "distrito_nombre": "Moncloa-Aravaca", "direccion_coor_x": 433852.0, "direccion_coor_y": 4478055.0, "ARTE": 0, "DANZA": 0, "EDUCACIONADULTA": 0, "EDUCACIONESPECIAL": 0, "FORMACIONPROFESIONAL": 0, "HOSPITALARIA": 0, "IDIOMAS": 0, "INFANTIL": 0, "MILITAR": 0, "MUSICA": 0, "OTRO": 0, "OTRONOEDUCATIVO": 0, "PENITENCIARIO": 0, "PRIMARIA": 0, "SECUNDARIA": 1, "SUPERIOR": 0, "UNIVERSITARIO": 0 }, "geometry": { "type": "Point", "coordinates": [ 3153624.667373066302389, 2034708.066914380295202 ] } },
{ "type": "Feature", "properties": { "centro_codigo": "28079394", "centro_nombre": "FRANCISCA DE PEDRAZA", "centro_tipo_descripcion": "INSTITUTO DE EDUCACIÓN SECUNDARIA", "centro_titularidad": "PÚBLICO", "centro_titular": "COMUNIDAD DE MADRID", "municipio_nombre": "Alcalá de Henares", "distrito_nombre": null, "direccion_coor_x": 467143.0, "direccion_coor_y": 4481514.0, "ARTE": 0, "DANZA": 0, "EDUCACIONADULTA": 0, "EDUCACIONESPECIAL": 0, "FORMACIONPROFESIONAL": 0, "HOSPITALARIA": 0, "IDIOMAS": 0, "INFANTIL": 0, "MILITAR": 0, "MUSICA": 0, "OTRO": 0, "OTRONOEDUCATIVO": 0, "PENITENCIARIO": 0, "PRIMARIA": 0, "SECUNDARIA": 1, "SUPERIOR": 0, "UNIVERSITARIO": 0 }, "geometry": { "type": "Point", "coordinates": [ 3187061.359347209334373, 2032361.324644680134952 ] } },
{ "type": "Feature", "properties": { "centro_codigo": "28079400", "centro_nombre": "JUAN BAUTISTA MONEGRO", "centro_tipo_descripcion": "INSTITUTO DE EDUCACIÓN SECUNDARIA", "centro_titularidad": "PÚBLICO", "centro_titular": "COMUNIDAD DE MADRID", "municipio_nombre": "Torrejón de Ardoz", "distrito_nombre": null, "direccion_coor_x": 462176.0, "direccion_coor_y": 4477853.0, "ARTE": 0, "DANZA": 0, "EDUCACIONADULTA": 0, "EDUCACIONESPECIAL": 0, "FORMACIONPROFESIONAL": 0, "HOSPITALARIA": 0, "IDIOMAS": 0, "INFANTIL": 0, "MILITAR": 0, "MUSICA": 0, "OTRO": 0, "OTRONOEDUCATIVO": 0, "PENITENCIARIO": 0, "PRIMARIA": 0, "SECUNDARIA": 1, "SUPERIOR": 0, "UNIVERSITARIO": 0 }, "geometry": { "type": "Point", "coordinates": [ 3181579.466708207502961, 2029611.064403207041323 ] } },
{ "type": "Feature", "properties": { "centro_codigo": "28079451", "centro_nombre": "PADRE GARRALDA", "centro_tipo_descripcion": "COLEGIO DE EDUCACIÓN INFANTIL, PRIMARIA Y SECUNDARIA", "centro_titularidad": "PÚBLICO", "centro_titular": "COMUNIDAD DE MADRID", "municipio_nombre": "Villanueva de la Cañada", "distrito_nombre": null, "direccion_coor_x": 414404.0, "direccion_coor_y": 4476861.0, "ARTE": 0, "DANZA": 0, "EDUCACIONADULTA": 0, "EDUCACIONESPECIAL": 0, "FORMACIONPROFESIONAL": 0, "HOSPITALARIA": 0, "IDIOMAS": 0, "INFANTIL": 1, "MILITAR": 0, "MUSICA": 0, "OTRO": 0, "OTRONOEDUCATIVO": 0, "PENITENCIARIO": 0, "PRIMARIA": 1, "SECUNDARIA": 1, "SUPERIOR": 0, "UNIVERSITARIO": 0 }, "geometry": { "type": "Point", "coordinates": [ 3134226.264578855130821, 2036905.202871999237686 ] } },
{ "type": "Feature", "properties": { "centro_codigo": "28079485", "centro_nombre": "COLEGIO REGGIO", "centro_tipo_descripcion": "CENTRO PRIVADO DE EDUCACIÓN INFANTIL, PRIMARIA Y SECUNDARIA", "centro_titularidad": "PRIVADO", "centro_titular": "CENTRO DE INVESTIGACION E INNOVACION PEDAGOGICA REGGIO, S.L.", "municipio_nombre": "Madrid", "distrito_nombre": "Hortaleza", "direccion_coor_x": 445973.0, "direccion_coor_y": 4483834.0, "ARTE": 0, "DANZA": 0, "EDUCACIONADULTA": 0, "EDUCACIONESPECIAL": 0, "FORMACIONPROFESIONAL": 0, "HOSPITALARIA": 0, "IDIOMAS": 0, "INFANTIL": 1, "MILITAR": 0, "MUSICA": 0, "OTRO": 0, "OTRONOEDUCATIVO": 0, "PENITENCIARIO": 0, "PRIMARIA": 1, "SECUNDARIA": 1, "SUPERIOR": 0, "UNIVERSITARIO": 0 }, "geometry": { "type": "Point", "coordinates": [ 3166506.140007343143225, 2038304.37997863534838 ] } },
{ "type": "Feature", "properties": { "centro_codigo": "28079527", "centro_nombre": "COLEGIO INGENIO", "centro_tipo_descripcion": "CENTRO PRIVADO DE EDUCACIÓN INFANTIL, PRIMARIA Y SECUNDARIA", "centro_titularidad": "PRIVADO", "centro_titular": "ALBERTO SOLANA ORTEGA", "municipio_nombre": "Madrid", "distrito_nombre": "Moncloa-Aravaca", "direccion_coor_x": 432997.0, "direccion_coor_y": 4479447.0, "ARTE": 0, "DANZA": 0, "EDUCACIONADULTA": 0, "EDUCACIONESPECIAL": 0, "FORMACIONPROFESIONAL": 0, "HOSPITALARIA": 0, "IDIOMAS": 0, "INFANTIL": 1, "MILITAR": 0, "MUSICA": 0, "OTRO": 0, "OTRONOEDUCATIVO": 0, "PENITENCIARIO": 0, "PRIMARIA": 1, "SECUNDARIA": 1, "SUPERIOR": 0, "UNIVERSITARIO": 0 }, "geometry": { "type": "Point", "coordinates": [ 3152998.337266734801233, 2036227.920858819736168 ] } },
{ "type": "Feature", "properties": { "centro_codigo": "28079591", "centro_nombre": "ACADEF GUADARRAMA", "centro_tipo_descripcion": "CENTRO AUTORIZADO DE ENSEÑANZAS DEPORTIVAS GRADO MEDIO Y SUPERIOR", "centro_titularidad": "PRIVADO", "centro_titular": "ACADEF FÚTBOL, S.L.", "municipio_nombre": "Guadarrama", "distrito_nombre": null, "direccion_coor_x": 413146.0, "direccion_coor_y": 4498455.0, "ARTE": 0, "DANZA": 0, "EDUCACIONADULTA": 0, "EDUCACIONESPECIAL": 0, "FORMACIONPROFESIONAL": 0, "HOSPITALARIA": 0, "IDIOMAS": 0, "INFANTIL": 0, "MILITAR": 0, "MUSICA": 0, "OTRO": 0, "OTRONOEDUCATIVO": 0, "PENITENCIARIO": 0, "PRIMARIA": 0, "SECUNDARIA": 1, "SUPERIOR": 1, "UNIVERSITARIO": 0 }, "geometry": { "type": "Point", "coordinates": [ 3136377.947748633101583, 2058405.206758869346231 ] } },
{ "type": "Feature", "properties": { "centro_codigo": "28079795", "centro_nombre": "GLOBAL COLLEGE", "centro_tipo_descripcion": "CENTRO PRIVADO DE EDUCACIÓN SECUNDARIA", "centro_titularidad": "PRIVADO", "centro_titular": "PROYECTO THE GLOBAL COLLEGE, S.L. UNIPERSONAL", "municipio_nombre": "Madrid", "distrito_nombre": "Chamartín", "direccion_coor_x": 441991.0, "direccion_coor_y": 4476813.0, "ARTE": 0, "DANZA": 0, "EDUCACIONADULTA": 0, "EDUCACIONESPECIAL": 0, "FORMACIONPROFESIONAL": 0, "HOSPITALARIA": 0, "IDIOMAS": 0, "INFANTIL": 0, "MILITAR": 0, "MUSICA": 0, "OTRO": 0, "OTRONOEDUCATIVO": 0, "PENITENCIARIO": 0, "PRIMARIA": 0, "SECUNDARIA": 1, "SUPERIOR": 0, "UNIVERSITARIO": 0 }, "geometry": { "type": "Point", "coordinates": [ 3161471.072076601907611, 2032074.862597638741136 ] } },
{ "type": "Feature", "properties": { "centro_codigo": "28079813", "centro_nombre": "CENAFE BALONCESTO", "centro_tipo_descripcion": "CENTRO AUTORIZADO DE ENSEÑANZAS DEPORTIVAS GRADO MEDIO Y SUPERIOR", "centro_titularidad": "PRIVADO", "centro_titular": "CENAFE ESCUELAS S.L. UNIPERSONAL", "municipio_nombre": "Madrid", "distrito_nombre": "Chamartín", "direccion_coor_x": 441719.0, "direccion_coor_y": 4477558.0, "ARTE": 0, "DANZA": 0, "EDUCACIONADULTA": 0, "EDUCACIONESPECIAL": 0, "FORMACIONPROFESIONAL": 0, "HOSPITALARIA": 0, "IDIOMAS": 0, "INFANTIL": 0, "MILITAR": 0, "MUSICA": 0, "OTRO": 0, "OTRONOEDUCATIVO": 0, "PENITENCIARIO": 0, "PRIMARIA": 0, "SECUNDARIA": 1, "SUPERIOR": 1, "UNIVERSITARIO": 0 }, "geometry": { "type": "Point", "coordinates": [ 3161319.107379131484777, 2032856.053730658255517 ] } },
{ "type": "Feature", "properties": { "centro_codigo": "28080001", "centro_nombre": "123 COACH", "centro_tipo_descripcion": "CENTRO AUTORIZADO DE ENSEÑANZAS DEPORTIVAS GRADO MEDIO", "centro_titularidad": "PRIVADO", "centro_titular": "DAVID MARTÍN-MAESTRO FERNÁNDEZ E IGNACIO ÁLVAREZ GARCÍA", "municipio_nombre": "Alcobendas", "distrito_nombre": null, "direccion_coor_x": 446494.0, "direccion_coor_y": 4486480.0, "ARTE": 0, "DANZA": 0, "EDUCACIONADULTA": 0, "EDUCACIONESPECIAL": 0, "FORMACIONPROFESIONAL": 0, "HOSPITALARIA": 0, "IDIOMAS": 0, "INFANTIL": 0, "MILITAR": 0, "MUSICA": 0, "OTRO": 0, "OTRONOEDUCATIVO": 0, "PENITENCIARIO": 0, "PRIMARIA": 0, "SECUNDARIA": 1, "SUPERIOR": 0, "UNIVERSITARIO": 0 }, "geometry": { "type": "Point", "coordinates": [ 3167435.908532066270709, 2040821.67633822793141 ] } },
{ "type": "Feature", "properties": { "centro_codigo": "28080025", "centro_nombre": "JOSE PEDRO PEREZ LLORCA", "centro_tipo_descripcion": "INSTITUTO DE EDUCACIÓN SECUNDARIA", "centro_titularidad": "PÚBLICO", "centro_titular": "COMUNIDAD DE MADRID", "municipio_nombre": "Parla", "distrito_nombre": null, "direccion_coor_x": 435516.0, "direccion_coor_y": 4452207.0, "ARTE": 0, "DANZA": 0, "EDUCACIONADULTA": 0, "EDUCACIONESPECIAL": 0, "FORMACIONPROFESIONAL": 0, "HOSPITALARIA": 0, "IDIOMAS": 0, "INFANTIL": 0, "MILITAR": 0, "MUSICA": 0, "OTRO": 0, "OTRONOEDUCATIVO": 0, "PENITENCIARIO": 0, "PRIMARIA": 0, "SECUNDARIA": 1, "SUPERIOR": 0, "UNIVERSITARIO": 0 }, "geometry": { "type": "Point", "coordinates": [ 3151220.927709178999066, 2008950.584968414856121 ] } },
{ "type": "Feature", "properties": { "centro_codigo": "28080037", "centro_nombre": "BLANCA FERNANDEZ OCHOA", "centro_tipo_descripcion": "INSTITUTO DE EDUCACIÓN SECUNDARIA", "centro_titularidad": "PÚBLICO", "centro_titular": "COMUNIDAD DE MADRID", "municipio_nombre": "Madrid", "distrito_nombre": "Fuencarral-El Pardo", "direccion_coor_x": 439681.0, "direccion_coor_y": 4483528.0, "ARTE": 0, "DANZA": 0, "EDUCACIONADULTA": 0, "EDUCACIONESPECIAL": 0, "FORMACIONPROFESIONAL": 0, "HOSPITALARIA": 0, "IDIOMAS": 0, "INFANTIL": 0, "MILITAR": 0, "MUSICA": 0, "OTRO": 0, "OTRONOEDUCATIVO": 0, "PENITENCIARIO": 0, "PRIMARIA": 0, "SECUNDARIA": 1, "SUPERIOR": 0, "UNIVERSITARIO": 0 }, "geometry": { "type": "Point", "coordinates": [ 3160241.801896484103054, 2039091.756104308646172 ] } },
{ "type": "Feature", "properties": { "centro_codigo": "28080050", "centro_nombre": "TORCUATO FERNANDEZ MIRANDA", "centro_tipo_descripcion": "INSTITUTO DE EDUCACIÓN SECUNDARIA", "centro_titularidad": "PÚBLICO", "centro_titular": "COMUNIDAD DE MADRID", "municipio_nombre": "Arroyomolinos", "distrito_nombre": null, "direccion_coor_x": 421603.0, "direccion_coor_y": 4459578.0, "ARTE": 0, "DANZA": 0, "EDUCACIONADULTA": 0, "EDUCACIONESPECIAL": 0, "FORMACIONPROFESIONAL": 0, "HOSPITALARIA": 0, "IDIOMAS": 0, "INFANTIL": 0, "MILITAR": 0, "MUSICA": 0, "OTRO": 0, "OTRONOEDUCATIVO": 0, "PENITENCIARIO": 0, "PRIMARIA": 0, "SECUNDARIA": 1, "SUPERIOR": 0, "UNIVERSITARIO": 0 }, "geometry": { "type": "Point", "coordinates": [ 3138627.574271010700613, 2018624.657791014295071 ] } },
{ "type": "Feature", "properties": { "centro_codigo": "28080128", "centro_nombre": "CENTRO ACADEMICO DE ENTRENADORES DE FUTBOL DE ALCOBENDAS", "centro_tipo_descripcion": "CENTRO AUTORIZADO DE ENSEÑANZAS DEPORTIVAS GRADO MEDIO Y SUPERIOR", "centro_titularidad": "PRIVADO", "centro_titular": "ASOCIACION ACADEMICA DE ENTRENADORES DE FUTBOL", "municipio_nombre": "Alcobendas", "distrito_nombre": null, "direccion_coor_x": 443570.0, "direccion_coor_y": 4489086.0, "ARTE": 0, "DANZA": 0, "EDUCACIONADULTA": 0, "EDUCACIONESPECIAL": 0, "FORMACIONPROFESIONAL": 0, "HOSPITALARIA": 0, "IDIOMAS": 0, "INFANTIL": 0, "MILITAR": 0, "MUSICA": 0, "OTRO": 0, "OTRONOEDUCATIVO": 0, "PENITENCIARIO": 0, "PRIMARIA": 0, "SECUNDARIA": 1, "SUPERIOR": 1, "UNIVERSITARIO": 0 }, "geometry": { "type": "Point", "coordinates": [ 3164955.996526446193457, 2043895.655943078454584 ] } },
{ "type": "Feature", "properties": { "centro_codigo": "28080141", "centro_nombre": "CENTRO INTEGRAL DE FORMACION PROFESIONAL A DISTANCIA IGNACIO ELLACURIA", "centro_tipo_descripcion": "INSTITUTO DE EDUCACIÓN SECUNDARIA", "centro_titularidad": "PÚBLICO", "centro_titular": "COMUNIDAD DE MADRID", "municipio_nombre": "Alcorcón", "distrito_nombre": null, "direccion_coor_x": 430416.0, "direccion_coor_y": 4465623.0, "ARTE": 0, "DANZA": 0, "EDUCACIONADULTA": 0, "EDUCACIONESPECIAL": 0, "FORMACIONPROFESIONAL": 0, "HOSPITALARIA": 0, "IDIOMAS": 0, "INFANTIL": 0, "MILITAR": 0, "MUSICA": 0, "OTRO": 0, "OTRONOEDUCATIVO": 0, "PENITENCIARIO": 0, "PRIMARIA": 0, "SECUNDARIA": 1, "SUPERIOR": 0, "UNIVERSITARIO": 0 }, "geometry": { "type": "Point", "coordinates": [ 3148281.426041459664702, 2023053.048914969200268 ] } },
{ "type": "Feature", "properties": { "centro_codigo": "28080220", "centro_nombre": "SEK INTERNATIONAL SPORTS ACADEMY", "centro_tipo_descripcion": "CENTRO AUTORIZADO DE ENSEÑANZAS DEPORTIVAS GRADO MEDIO", "centro_titularidad": "PRIVADO", "centro_titular": "SEK EL CASTILLO, S.L.", "municipio_nombre": "Villanueva de la Cañada", "distrito_nombre": null, "direccion_coor_x": 420228.0, "direccion_coor_y": 4480407.0, "ARTE": 0, "DANZA": 0, "EDUCACIONADULTA": 0, "EDUCACIONESPECIAL": 0, "FORMACIONPROFESIONAL": 0, "HOSPITALARIA": 0, "IDIOMAS": 0, "INFANTIL": 0, "MILITAR": 0, "MUSICA": 0, "OTRO": 0, "OTRONOEDUCATIVO": 0, "PENITENCIARIO": 0, "PRIMARIA": 0, "SECUNDARIA": 1, "SUPERIOR": 0, "UNIVERSITARIO": 0 }, "geometry": { "type": "Point", "coordinates": [ 3140535.468655744567513, 2039388.421460345387459 ] } },
{ "type": "Feature", "properties": { "centro_codigo": "28080271", "centro_nombre": "CENTRO AUTORIZADO DE LA REAL FEDERACION ESPAÑOLA DE PIRAGÜISMO", "centro_tipo_descripcion": "CENTRO AUTORIZADO DE ENSEÑANZAS DEPORTIVAS GRADO MEDIO", "centro_titularidad": "PRIVADO", "centro_titular": "REAL FEDERACION ESPAÑOLA DE PIRAGÜISMO", "municipio_nombre": "Madrid", "distrito_nombre": "Moncloa-Aravaca", "direccion_coor_x": 437878.0, "direccion_coor_y": 4476522.0, "ARTE": 0, "DANZA": 0, "EDUCACIONADULTA": 0, "EDUCACIONESPECIAL": 0, "FORMACIONPROFESIONAL": 0, "HOSPITALARIA": 0, "IDIOMAS": 0, "INFANTIL": 0, "MILITAR": 0, "MUSICA": 0, "OTRO": 0, "OTRONOEDUCATIVO": 0, "PENITENCIARIO": 0, "PRIMARIA": 0, "SECUNDARIA": 1, "SUPERIOR": 0, "UNIVERSITARIO": 0 }, "geometry": { "type": "Point", "coordinates": [ 3157361.79014149447903, 2032500.110056016594172 ] } },
{ "type": "Feature", "properties": { "centro_codigo": "28080335", "centro_nombre": "CESUR OPEN AMOROS", "centro_tipo_descripcion": "CENTRO AUTORIZADO DE ENSEÑANZAS DEPORTIVAS GRADO MEDIO Y SUPERIOR", "centro_titularidad": "PRIVADO", "centro_titular": "CENTRO SUPERIOR DE FORMACION EUROPA SUR, S.A.", "municipio_nombre": "Madrid", "distrito_nombre": "Carabanchel", "direccion_coor_x": 435921.0, "direccion_coor_y": 4469288.0, "ARTE": 0, "DANZA": 0, "EDUCACIONADULTA": 0, "EDUCACIONESPECIAL": 0, "FORMACIONPROFESIONAL": 0, "HOSPITALARIA": 0, "IDIOMAS": 0, "INFANTIL": 0, "MILITAR": 0, "MUSICA": 0, "OTRO": 0, "OTRONOEDUCATIVO": 0, "PENITENCIARIO": 0, "PRIMARIA": 0, "SECUNDARIA": 1, "SUPERIOR": 1, "UNIVERSITARIO": 0 }, "geometry": { "type": "Point", "coordinates": [ 3154294.569248447194695, 2025710.732689983677119 ] } },
{ "type": "Feature", "properties": { "centro_codigo": "28080384", "centro_nombre": "DINAMICA CRC", "centro_tipo_descripcion": "CENTRO AUTORIZADO DE ENSEÑANZAS DEPORTIVAS GRADO MEDIO", "centro_titularidad": "PRIVADO", "centro_titular": "ENSEÑANZA DINAMICA, S.L. UNIPERSONAL", "municipio_nombre": "Madrid", "distrito_nombre": "Ciudad Lineal", "direccion_coor_x": 443957.0, "direccion_coor_y": 4479078.0, "ARTE": 0, "DANZA": 0, "EDUCACIONADULTA": 0, "EDUCACIONESPECIAL": 0, "FORMACIONPROFESIONAL": 0, "HOSPITALARIA": 0, "IDIOMAS": 0, "INFANTIL": 0, "MILITAR": 0, "MUSICA": 0, "OTRO": 0, "OTRONOEDUCATIVO": 0, "PENITENCIARIO": 0, "PRIMARIA": 0, "SECUNDARIA": 1, "SUPERIOR": 0, "UNIVERSITARIO": 0 }, "geometry": { "type": "Point", "coordinates": [ 3163768.577096123714, 2033966.575324856676161 ] } },
{ "type": "Feature", "properties": { "centro_codigo": "28080517", "centro_nombre": "ISIDRA DE GUZMAN", "centro_tipo_descripcion": "INSTITUTO DE EDUCACIÓN SECUNDARIA", "centro_titularidad": "PÚBLICO", "centro_titular": "COMUNIDAD DE MADRID", "municipio_nombre": "Alcalá de Henares", "distrito_nombre": null, "direccion_coor_x": 468490.0, "direccion_coor_y": 4480403.0, "ARTE": 0, "DANZA": 0, "EDUCACIONADULTA": 0, "EDUCACIONESPECIAL": 0, "FORMACIONPROFESIONAL": 0, "HOSPITALARIA": 0, "IDIOMAS": 0, "INFANTIL": 0, "MILITAR": 0, "MUSICA": 0, "OTRO": 0, "OTRONOEDUCATIVO": 0, "PENITENCIARIO": 0, "PRIMARIA": 0, "SECUNDARIA": 1, "SUPERIOR": 0, "UNIVERSITARIO": 0 }, "geometry": { "type": "Point", "coordinates": [ 3188218.593730034306645, 2031034.298437990713865 ] } },
{ "type": "Feature", "properties": { "centro_codigo": "28080633", "centro_nombre": "ESCUELA DEPORTIVA LICEO SOROLLA B", "centro_tipo_descripcion": "CENTRO AUTORIZADO DE ENSEÑANZAS DEPORTIVAS GRADO MEDIO Y SUPERIOR", "centro_titularidad": "PRIVADO", "centro_titular": "COLEGIO SOROLLA B, S.L.", "municipio_nombre": "Madrid", "distrito_nombre": "Moncloa-Aravaca", "direccion_coor_x": 438610.0, "direccion_coor_y": 4479776.0, "ARTE": 0, "DANZA": 0, "EDUCACIONADULTA": 0, "EDUCACIONESPECIAL": 0, "FORMACIONPROFESIONAL": 0, "HOSPITALARIA": 0, "IDIOMAS": 0, "INFANTIL": 0, "MILITAR": 0, "MUSICA": 0, "OTRO": 0, "OTRONOEDUCATIVO": 0, "PENITENCIARIO": 0, "PRIMARIA": 0, "SECUNDARIA": 1, "SUPERIOR": 1, "UNIVERSITARIO": 0 }, "geometry": { "type": "Point", "coordinates": [ 3158595.203947592526674, 2035579.8802908398211 ] } },
{ "type": "Feature", "properties": { "centro_codigo": "28080700", "centro_nombre": "ESCUELA NACIONAL DE EQUITACIÓN", "centro_tipo_descripcion": "CENTRO AUTORIZADO DE ENSEÑANZAS DEPORTIVAS GRADO MEDIO Y SUPERIOR", "centro_titularidad": "PRIVADO", "centro_titular": "ASOCIACION ESCUELA NACIONAL DE EQUITACION", "municipio_nombre": "Guadarrama", "distrito_nombre": null, "direccion_coor_x": 407201.0, "direccion_coor_y": 4501225.0, "ARTE": 0, "DANZA": 0, "EDUCACIONADULTA": 0, "EDUCACIONESPECIAL": 0, "FORMACIONPROFESIONAL": 0, "HOSPITALARIA": 0, "IDIOMAS": 0, "INFANTIL": 0, "MILITAR": 0, "MUSICA": 0, "OTRO": 0, "OTRONOEDUCATIVO": 0, "PENITENCIARIO": 0, "PRIMARIA": 0, "SECUNDARIA": 1, "SUPERIOR": 1, "UNIVERSITARIO": 0 }, "geometry": { "type": "Point", "coordinates": [ 3130943.579367714002728, 2062168.861429185140878 ] } },
{ "type": "Feature", "properties": { "centro_codigo": "28080785", "centro_nombre": "COLEGIO ESC MADRID", "centro_tipo_descripcion": "CENTRO PRIVADO DE EDUCACIÓN SECUNDARIA", "centro_titularidad": "PRIVADO", "centro_titular": "T3N GROUP 19, S.L.", "municipio_nombre": "Villaviciosa de Odón", "distrito_nombre": null, "direccion_coor_x": 421136.0, "direccion_coor_y": 4471391.0, "ARTE": 0, "DANZA": 0, "EDUCACIONADULTA": 0, "EDUCACIONESPECIAL": 0, "FORMACIONPROFESIONAL": 0, "HOSPITALARIA": 0, "IDIOMAS": 0, "INFANTIL": 0, "MILITAR": 0, "MUSICA": 0, "OTRO": 0, "OTRONOEDUCATIVO": 0, "PENITENCIARIO": 0, "PRIMARIA": 0, "SECUNDARIA": 1, "SUPERIOR": 0, "UNIVERSITARIO": 0 }, "geometry": { "type": "Point", "coordinates": [ 3140017.64879025798291, 2030346.063659900566563 ] } },
{ "type": "Feature", "properties": { "centro_codigo": "28080921", "centro_nombre": "MEDAC ALBALA", "centro_tipo_descripcion": "CENTRO PRIVADO DE EDUCACIÓN SECUNDARIA", "centro_titularidad": "PRIVADO", "centro_titular": "CENTRO DE F.P. EN EL DEPORTE Y LA SALUD MALAGA 2015, S.L.", "municipio_nombre": "Madrid", "distrito_nombre": "San Blas-Canillejas", "direccion_coor_x": 447468.0, "direccion_coor_y": 4476368.0, "ARTE": 0, "DANZA": 0, "EDUCACIONADULTA": 0, "EDUCACIONESPECIAL": 0, "FORMACIONPROFESIONAL": 0, "HOSPITALARIA": 0, "IDIOMAS": 0, "INFANTIL": 0, "MILITAR": 0, "MUSICA": 0, "OTRO": 0, "OTRONOEDUCATIVO": 0, "PENITENCIARIO": 0, "PRIMARIA": 0, "SECUNDARIA": 1, "SUPERIOR": 0, "UNIVERSITARIO": 0 }, "geometry": { "type": "Point", "coordinates": [ 3166812.937298479489982, 2030688.858841002453119 ] } },
{ "type": "Feature", "properties": { "centro_codigo": "28080943", "centro_nombre": "EDUCREA  EL VISO", "centro_tipo_descripcion": "CENTRO PRIVADO DE EDUCACIÓN INFANTIL, PRIMARIA Y SECUNDARIA", "centro_titularidad": "PRIVADO CONCERTADO", "centro_titular": "EDUCANDO EN LA CREATIVIDAD, S.L.", "municipio_nombre": "Villalbilla", "distrito_nombre": null, "direccion_coor_x": 469494.0, "direccion_coor_y": 4477252.0, "ARTE": 0, "DANZA": 0, "EDUCACIONADULTA": 0, "EDUCACIONESPECIAL": 0, "FORMACIONPROFESIONAL": 0, "HOSPITALARIA": 0, "IDIOMAS": 0, "INFANTIL": 1, "MILITAR": 0, "MUSICA": 0, "OTRO": 0, "OTRONOEDUCATIVO": 0, "PENITENCIARIO": 0, "PRIMARIA": 1, "SECUNDARIA": 1, "SUPERIOR": 0, "UNIVERSITARIO": 0 }, "geometry": { "type": "Point", "coordinates": [ 3188717.606233916245401, 2027756.447861388558522 ] } },
{ "type": "Feature", "properties": { "centro_codigo": "28080967", "centro_nombre": "MARIA GOYRI GOYRI", "centro_tipo_descripcion": "INSTITUTO DE EDUCACIÓN SECUNDARIA", "centro_titularidad": "PÚBLICO", "centro_titular": "COMUNIDAD DE MADRID", "municipio_nombre": "Madrid", "distrito_nombre": "Villaverde", "direccion_coor_x": 442513.0, "direccion_coor_y": 4465493.0, "ARTE": 0, "DANZA": 0, "EDUCACIONADULTA": 0, "EDUCACIONESPECIAL": 0, "FORMACIONPROFESIONAL": 0, "HOSPITALARIA": 0, "IDIOMAS": 0, "INFANTIL": 0, "MILITAR": 0, "MUSICA": 0, "OTRO": 0, "OTRONOEDUCATIVO": 0, "PENITENCIARIO": 0, "PRIMARIA": 0, "SECUNDARIA": 1, "SUPERIOR": 0, "UNIVERSITARIO": 0 }, "geometry": { "type": "Point", "coordinates": [ 3160213.691810817457736, 2020830.277570714009926 ] } },
{ "type": "Feature", "properties": { "centro_codigo": "28081133", "centro_nombre": "BRISTOL INTERNATIONAL SPORTS SCHOOL", "centro_tipo_descripcion": "CENTRO AUTORIZADO DE ENSEÑANZAS DEPORTIVAS GRADO MEDIO Y SUPERIOR", "centro_titularidad": "PRIVADO", "centro_titular": "COLEGIO BRISTOL, S.A.", "municipio_nombre": "Madrid", "distrito_nombre": "Hortaleza", "direccion_coor_x": 447935.0, "direccion_coor_y": 4478391.0, "ARTE": 0, "DANZA": 0, "EDUCACIONADULTA": 0, "EDUCACIONESPECIAL": 0, "FORMACIONPROFESIONAL": 0, "HOSPITALARIA": 0, "IDIOMAS": 0, "INFANTIL": 0, "MILITAR": 0, "MUSICA": 0, "OTRO": 0, "OTRONOEDUCATIVO": 0, "PENITENCIARIO": 0, "PRIMARIA": 0, "SECUNDARIA": 1, "SUPERIOR": 1, "UNIVERSITARIO": 0 }, "geometry": { "type": "Point", "coordinates": [ 3167591.376182149164379, 2032601.513669597683474 ] } },
{ "type": "Feature", "properties": { "centro_codigo": "28081157", "centro_nombre": "JOYFE CENTRO DEPORTIVO", "centro_tipo_descripcion": "CENTRO AUTORIZADO DE ENSEÑANZAS DEPORTIVAS GRADO MEDIO", "centro_titularidad": "PRIVADO", "centro_titular": "COLEGIO JOYFE, S.L. UNIPERSONAL", "municipio_nombre": "Madrid", "distrito_nombre": "Ciudad Lineal", "direccion_coor_x": 445777.0, "direccion_coor_y": 4476048.0, "ARTE": 0, "DANZA": 0, "EDUCACIONADULTA": 0, "EDUCACIONESPECIAL": 0, "FORMACIONPROFESIONAL": 0, "HOSPITALARIA": 0, "IDIOMAS": 0, "INFANTIL": 0, "MILITAR": 0, "MUSICA": 0, "OTRO": 0, "OTRONOEDUCATIVO": 0, "PENITENCIARIO": 0, "PRIMARIA": 0, "SECUNDARIA": 1, "SUPERIOR": 0, "UNIVERSITARIO": 0 }, "geometry": { "type": "Point", "coordinates": [ 3165091.946997251361609, 2030666.003131292993203 ] } },
{ "type": "Feature", "properties": { "centro_codigo": "28081303", "centro_nombre": "MIFRA", "centro_tipo_descripcion": "CENTRO AUTORIZADO DE ENSEÑANZAS DEPORTIVAS GRADO MEDIO", "centro_titularidad": "PRIVADO", "centro_titular": "ESCUELA TECNICO DEPORTIVA MIFRA, S.L.", "municipio_nombre": "Madrid", "distrito_nombre": "Hortaleza", "direccion_coor_x": 448149.0, "direccion_coor_y": 4478250.0, "ARTE": 0, "DANZA": 0, "EDUCACIONADULTA": 0, "EDUCACIONESPECIAL": 0, "FORMACIONPROFESIONAL": 0, "HOSPITALARIA": 0, "IDIOMAS": 0, "INFANTIL": 0, "MILITAR": 0, "MUSICA": 0, "OTRO": 0, "OTRONOEDUCATIVO": 0, "PENITENCIARIO": 0, "PRIMARIA": 0, "SECUNDARIA": 1, "SUPERIOR": 0, "UNIVERSITARIO": 0 }, "geometry": { "type": "Point", "coordinates": [ 3167780.728950290009379, 2032425.568905101856217 ] } },
{ "type": "Feature", "properties": { "centro_codigo": "28081388", "centro_nombre": "CENTRO DEPORTIVO COLEGIO AQUILA", "centro_tipo_descripcion": "CENTRO AUTORIZADO DE ENSEÑANZAS DEPORTIVAS GRADO MEDIO Y SUPERIOR", "centro_titularidad": "PRIVADO", "centro_titular": "AQUILA, SOCIEDAD COOPERATIVA MADRILEÑA", "municipio_nombre": "Parla", "distrito_nombre": null, "direccion_coor_x": 435323.0, "direccion_coor_y": 4452361.0, "ARTE": 0, "DANZA": 0, "EDUCACIONADULTA": 0, "EDUCACIONESPECIAL": 0, "FORMACIONPROFESIONAL": 0, "HOSPITALARIA": 0, "IDIOMAS": 0, "INFANTIL": 0, "MILITAR": 0, "MUSICA": 0, "OTRO": 0, "OTRONOEDUCATIVO": 0, "PENITENCIARIO": 0, "PRIMARIA": 0, "SECUNDARIA": 1, "SUPERIOR": 1, "UNIVERSITARIO": 0 }, "geometry": { "type": "Point", "coordinates": [ 3151054.291663900949061, 2009135.734035707544535 ] } },
{ "type": "Feature", "properties": { "centro_codigo": "28081561", "centro_nombre": "GSD VALDEBEBAS", "centro_tipo_descripcion": "CENTRO PRIVADO DE EDUCACIÓN INFANTIL, PRIMARIA Y SECUNDARIA", "centro_titularidad": "PRIVADO CONCERTADO", "centro_titular": "GREDOS SAN DIEGO, SOCIEDAD COOPERATIVA MADRILEÑA", "municipio_nombre": "Madrid", "distrito_nombre": "Hortaleza", "direccion_coor_x": 448182.0, "direccion_coor_y": 4483207.0, "ARTE": 0, "DANZA": 0, "EDUCACIONADULTA": 0, "EDUCACIONESPECIAL": 0, "FORMACIONPROFESIONAL": 0, "HOSPITALARIA": 0, "IDIOMAS": 0, "INFANTIL": 1, "MILITAR": 0, "MUSICA": 0, "OTRO": 0, "OTRONOEDUCATIVO": 0, "PENITENCIARIO": 0, "PRIMARIA": 1, "SECUNDARIA": 1, "SUPERIOR": 0, "UNIVERSITARIO": 0 }, "geometry": { "type": "Point", "coordinates": [ 3168590.363579639233649, 2037304.447836914332584 ] } },
{ "type": "Feature", "properties": { "centro_codigo": "28081571", "centro_nombre": "GSD LAS ARTES", "centro_tipo_descripcion": "CENTRO PRIVADO DE EDUCACIÓN INFANTIL, PRIMARIA Y SECUNDARIA", "centro_titularidad": "PRIVADO CONCERTADO", "centro_titular": "GREDOS SAN DIEGO SOCIEDAD COOPERATIVA MADRILEÑA", "municipio_nombre": "Madrid", "distrito_nombre": "Villa de Vallecas", "direccion_coor_x": 450205.0, "direccion_coor_y": 4468445.0, "ARTE": 0, "DANZA": 0, "EDUCACIONADULTA": 0, "EDUCACIONESPECIAL": 0, "FORMACIONPROFESIONAL": 0, "HOSPITALARIA": 0, "IDIOMAS": 0, "INFANTIL": 1, "MILITAR": 0, "MUSICA": 0, "OTRO": 0, "OTRONOEDUCATIVO": 0, "PENITENCIARIO": 0, "PRIMARIA": 1, "SECUNDARIA": 1, "SUPERIOR": 0, "UNIVERSITARIO": 0 }, "geometry": { "type": "Point", "coordinates": [ 3168276.721655575558543, 2022408.771859348984435 ] } }
]
}
