,from_id,to_id,travel_time
0,CRS3035RES1000mN2040000E3173000,28027618,
1,CRS3035RES1000mN2040000E3173000,28027591,
2,CRS3035RES1000mN2040000E3173000,28027606,
3,CRS3035RES1000mN2040000E3173000,28027898,
4,CRS3035RES1000mN2040000E3173000,28041810,
5,CRS3035RES1000mN2040000E3173000,AM_1,
6,CRS3035RES1000mN2040000E3173000,AM_2,
7,CRS3035RES1000mN2040000E3173000,AM_3,
8,CRS3035RES1000mN2040000E3173000,AM_5,
9,CRS3035RES1000mN2040000E3173000,AM_8,
10,CRS3035RES1000mN2040000E3173000,AM_9,
11,CRS3035RES1000mN2040000E3173000,AM_10,
12,CRS3035RES1000mN2040000E3173000,AM_11,
13,CRS3035RES1000mN2040000E3173000,AM_12,
14,CRS3035RES1000mN2040000E3173000,AM_13,
15,CRS3035RES1000mN2040000E3173000,AM_14,
16,CRS3035RES1000mN2040000E3173000,AM_15,
17,CRS3035RES1000mN2040000E3173000,AM_16,
18,CRS3035RES1000mN2040000E3173000,AM_17,
19,CRS3035RES1000mN2040000E3173000,AM_19,
20,CRS3035RES1000mN2040000E3173000,AM_20,
21,CRS3035RES1000mN2040000E3173000,AM_21,
22,CRS3035RES1000mN2040000E3173000,AM_22,
23,CRS3035RES1000mN2040000E3173000,AM_23,
24,CRS3035RES1000mN2040000E3173000,AM_24,
25,CRS3035RES1000mN2040000E3173000,AM_25,
26,CRS3035RES1000mN2040000E3173000,AM_27,
27,CRS3035RES1000mN2040000E3173000,AM_28,
28,CRS3035RES1000mN2040000E3173000,AM_29,
29,CRS3035RES1000mN2040000E3173000,AM_30,
30,CRS3035RES1000mN2040000E3173000,AM_32,
31,CRS3035RES1000mN2040000E3173000,AM_33,
32,CRS3035RES1000mN2040000E3173000,AM_34,116.0
33,CRS3035RES1000mN2040000E3173000,AM_35,
34,CRS3035RES1000mN2040000E3173000,AM_36,
35,CRS3035RES1000mN2040000E3173000,AM_37,
36,CRS3035RES1000mN2040000E3173000,AM_38,
37,CRS3035RES1000mN2040000E3174000,28027618,80.0
38,CRS3035RES1000mN2040000E3174000,28027591,77.0
39,CRS3035RES1000mN2040000E3174000,28027606,65.0
40,CRS3035RES1000mN2040000E3174000,28027898,70.0
41,CRS3035RES1000mN2040000E3174000,28041810,111.0
42,CRS3035RES1000mN2040000E3174000,AM_1,113.0
43,CRS3035RES1000mN2040000E3174000,AM_2,82.0
44,CRS3035RES1000mN2040000E3174000,AM_3,117.0
45,CRS3035RES1000mN2040000E3174000,AM_5,78.0
46,CRS3035RES1000mN2040000E3174000,AM_8,
47,CRS3035RES1000mN2040000E3174000,AM_9,115.0
48,CRS3035RES1000mN2040000E3174000,AM_10,71.0
49,CRS3035RES1000mN2040000E3174000,AM_11,76.0
50,CRS3035RES1000mN2040000E3174000,AM_12,81.0
51,CRS3035RES1000mN2040000E3174000,AM_13,65.0
52,CRS3035RES1000mN2040000E3174000,AM_14,78.0
53,CRS3035RES1000mN2040000E3174000,AM_15,91.0
54,CRS3035RES1000mN2040000E3174000,AM_16,88.0
55,CRS3035RES1000mN2040000E3174000,AM_17,111.0
56,CRS3035RES1000mN2040000E3174000,AM_19,75.0
57,CRS3035RES1000mN2040000E3174000,AM_20,86.0
58,CRS3035RES1000mN2040000E3174000,AM_21,82.0
59,CRS3035RES1000mN2040000E3174000,AM_22,87.0
60,CRS3035RES1000mN2040000E3174000,AM_23,69.0
61,CRS3035RES1000mN2040000E3174000,AM_24,
62,CRS3035RES1000mN2040000E3174000,AM_25,84.0
63,CRS3035RES1000mN2040000E3174000,AM_27,
64,CRS3035RES1000mN2040000E3174000,AM_28,83.0
65,CRS3035RES1000mN2040000E3174000,AM_29,115.0
66,CRS3035RES1000mN2040000E3174000,AM_30,111.0
67,CRS3035RES1000mN2040000E3174000,AM_32,71.0
68,CRS3035RES1000mN2040000E3174000,AM_33,72.0
69,CRS3035RES1000mN2040000E3174000,AM_34,58.0
70,CRS3035RES1000mN2040000E3174000,AM_35,71.0
71,CRS3035RES1000mN2040000E3174000,AM_36,79.0
72,CRS3035RES1000mN2040000E3174000,AM_37,109.0
73,CRS3035RES1000mN2040000E3174000,AM_38,111.0
74,CRS3035RES1000mN2041000E3170000,28027618,91.0
75,CRS3035RES1000mN2041000E3170000,28027591,88.0
76,CRS3035RES1000mN2041000E3170000,28027606,62.0
77,CRS3035RES1000mN2041000E3170000,28027898,94.0
78,CRS3035RES1000mN2041000E3170000,28041810,118.0
79,CRS3035RES1000mN2041000E3170000,AM_1,
80,CRS3035RES1000mN2041000E3170000,AM_2,93.0
81,CRS3035RES1000mN2041000E3170000,AM_3,
82,CRS3035RES1000mN2041000E3170000,AM_5,90.0
83,CRS3035RES1000mN2041000E3170000,AM_8,
84,CRS3035RES1000mN2041000E3170000,AM_9,
85,CRS3035RES1000mN2041000E3170000,AM_10,82.0
86,CRS3035RES1000mN2041000E3170000,AM_11,90.0
87,CRS3035RES1000mN2041000E3170000,AM_12,81.0
88,CRS3035RES1000mN2041000E3170000,AM_13,62.0
89,CRS3035RES1000mN2041000E3170000,AM_14,91.0
90,CRS3035RES1000mN2041000E3170000,AM_15,109.0
91,CRS3035RES1000mN2041000E3170000,AM_16,100.0
92,CRS3035RES1000mN2041000E3170000,AM_17,
93,CRS3035RES1000mN2041000E3170000,AM_19,93.0
94,CRS3035RES1000mN2041000E3170000,AM_20,103.0
95,CRS3035RES1000mN2041000E3170000,AM_21,94.0
96,CRS3035RES1000mN2041000E3170000,AM_22,105.0
97,CRS3035RES1000mN2041000E3170000,AM_23,86.0
98,CRS3035RES1000mN2041000E3170000,AM_24,
99,CRS3035RES1000mN2041000E3170000,AM_25,94.0
100,CRS3035RES1000mN2041000E3170000,AM_27,
101,CRS3035RES1000mN2041000E3170000,AM_28,95.0
102,CRS3035RES1000mN2041000E3170000,AM_29,
103,CRS3035RES1000mN2041000E3170000,AM_30,
104,CRS3035RES1000mN2041000E3170000,AM_32,76.0
105,CRS3035RES1000mN2041000E3170000,AM_33,83.0
106,CRS3035RES1000mN2041000E3170000,AM_34,32.0
107,CRS3035RES1000mN2041000E3170000,AM_35,73.0
108,CRS3035RES1000mN2041000E3170000,AM_36,91.0
109,CRS3035RES1000mN2041000E3170000,AM_37,118.0
110,CRS3035RES1000mN2041000E3170000,AM_38,
111,CRS3035RES1000mN2041000E3171000,28027618,109.0
112,CRS3035RES1000mN2041000E3171000,28027591,107.0
113,CRS3035RES1000mN2041000E3171000,28027606,82.0
114,CRS3035RES1000mN2041000E3171000,28027898,107.0
115,CRS3035RES1000mN2041000E3171000,28041810,
116,CRS3035RES1000mN2041000E3171000,AM_1,
117,CRS3035RES1000mN2041000E3171000,AM_2,111.0
118,CRS3035RES1000mN2041000E3171000,AM_3,
119,CRS3035RES1000mN2041000E3171000,AM_5,108.0
120,CRS3035RES1000mN2041000E3171000,AM_8,
121,CRS3035RES1000mN2041000E3171000,AM_9,
122,CRS3035RES1000mN2041000E3171000,AM_10,100.0
123,CRS3035RES1000mN2041000E3171000,AM_11,108.0
124,CRS3035RES1000mN2041000E3171000,AM_12,101.0
125,CRS3035RES1000mN2041000E3171000,AM_13,82.0
126,CRS3035RES1000mN2041000E3171000,AM_14,110.0
127,CRS3035RES1000mN2041000E3171000,AM_15,
128,CRS3035RES1000mN2041000E3171000,AM_16,116.0
129,CRS3035RES1000mN2041000E3171000,AM_17,
130,CRS3035RES1000mN2041000E3171000,AM_19,107.0
131,CRS3035RES1000mN2041000E3171000,AM_20,118.0
132,CRS3035RES1000mN2041000E3171000,AM_21,112.0
133,CRS3035RES1000mN2041000E3171000,AM_22,
134,CRS3035RES1000mN2041000E3171000,AM_23,102.0
135,CRS3035RES1000mN2041000E3171000,AM_24,
136,CRS3035RES1000mN2041000E3171000,AM_25,112.0
137,CRS3035RES1000mN2041000E3171000,AM_27,
138,CRS3035RES1000mN2041000E3171000,AM_28,111.0
139,CRS3035RES1000mN2041000E3171000,AM_29,
140,CRS3035RES1000mN2041000E3171000,AM_30,
141,CRS3035RES1000mN2041000E3171000,AM_32,91.0
142,CRS3035RES1000mN2041000E3171000,AM_33,100.0
143,CRS3035RES1000mN2041000E3171000,AM_34,53.0
144,CRS3035RES1000mN2041000E3171000,AM_35,91.0
145,CRS3035RES1000mN2041000E3171000,AM_36,109.0
146,CRS3035RES1000mN2041000E3171000,AM_37,
147,CRS3035RES1000mN2041000E3171000,AM_38,
148,CRS3035RES1000mN2041000E3172000,28027618,
149,CRS3035RES1000mN2041000E3172000,28027591,
150,CRS3035RES1000mN2041000E3172000,28027606,119.0
151,CRS3035RES1000mN2041000E3172000,28027898,
152,CRS3035RES1000mN2041000E3172000,28041810,
153,CRS3035RES1000mN2041000E3172000,AM_1,
154,CRS3035RES1000mN2041000E3172000,AM_2,
155,CRS3035RES1000mN2041000E3172000,AM_3,
156,CRS3035RES1000mN2041000E3172000,AM_5,
157,CRS3035RES1000mN2041000E3172000,AM_8,
158,CRS3035RES1000mN2041000E3172000,AM_9,
159,CRS3035RES1000mN2041000E3172000,AM_10,
160,CRS3035RES1000mN2041000E3172000,AM_11,
161,CRS3035RES1000mN2041000E3172000,AM_12,
162,CRS3035RES1000mN2041000E3172000,AM_13,116.0
163,CRS3035RES1000mN2041000E3172000,AM_14,
164,CRS3035RES1000mN2041000E3172000,AM_15,
165,CRS3035RES1000mN2041000E3172000,AM_16,
166,CRS3035RES1000mN2041000E3172000,AM_17,
167,CRS3035RES1000mN2041000E3172000,AM_19,
168,CRS3035RES1000mN2041000E3172000,AM_20,
169,CRS3035RES1000mN2041000E3172000,AM_21,
170,CRS3035RES1000mN2041000E3172000,AM_22,
171,CRS3035RES1000mN2041000E3172000,AM_23,
172,CRS3035RES1000mN2041000E3172000,AM_24,
173,CRS3035RES1000mN2041000E3172000,AM_25,
174,CRS3035RES1000mN2041000E3172000,AM_27,
175,CRS3035RES1000mN2041000E3172000,AM_28,
176,CRS3035RES1000mN2041000E3172000,AM_29,
177,CRS3035RES1000mN2041000E3172000,AM_30,
178,CRS3035RES1000mN2041000E3172000,AM_32,
179,CRS3035RES1000mN2041000E3172000,AM_33,
180,CRS3035RES1000mN2041000E3172000,AM_34,80.0
181,CRS3035RES1000mN2041000E3172000,AM_35,
182,CRS3035RES1000mN2041000E3172000,AM_36,
183,CRS3035RES1000mN2041000E3172000,AM_37,
184,CRS3035RES1000mN2041000E3172000,AM_38,
185,CRS3035RES1000mN2041000E3173000,28027618,
186,CRS3035RES1000mN2041000E3173000,28027591,
187,CRS3035RES1000mN2041000E3173000,28027606,
188,CRS3035RES1000mN2041000E3173000,28027898,
189,CRS3035RES1000mN2041000E3173000,28041810,
190,CRS3035RES1000mN2041000E3173000,AM_1,
191,CRS3035RES1000mN2041000E3173000,AM_2,
192,CRS3035RES1000mN2041000E3173000,AM_3,
193,CRS3035RES1000mN2041000E3173000,AM_5,
194,CRS3035RES1000mN2041000E3173000,AM_8,
195,CRS3035RES1000mN2041000E3173000,AM_9,
196,CRS3035RES1000mN2041000E3173000,AM_10,
197,CRS3035RES1000mN2041000E3173000,AM_11,
198,CRS3035RES1000mN2041000E3173000,AM_12,
199,CRS3035RES1000mN2041000E3173000,AM_13,
200,CRS3035RES1000mN2041000E3173000,AM_14,
201,CRS3035RES1000mN2041000E3173000,AM_15,
202,CRS3035RES1000mN2041000E3173000,AM_16,
203,CRS3035RES1000mN2041000E3173000,AM_17,
204,CRS3035RES1000mN2041000E3173000,AM_19,
205,CRS3035RES1000mN2041000E3173000,AM_20,
206,CRS3035RES1000mN2041000E3173000,AM_21,
207,CRS3035RES1000mN2041000E3173000,AM_22,
208,CRS3035RES1000mN2041000E3173000,AM_23,
209,CRS3035RES1000mN2041000E3173000,AM_24,
210,CRS3035RES1000mN2041000E3173000,AM_25,
211,CRS3035RES1000mN2041000E3173000,AM_27,
212,CRS3035RES1000mN2041000E3173000,AM_28,
213,CRS3035RES1000mN2041000E3173000,AM_29,
214,CRS3035RES1000mN2041000E3173000,AM_30,
215,CRS3035RES1000mN2041000E3173000,AM_32,
216,CRS3035RES1000mN2041000E3173000,AM_33,
217,CRS3035RES1000mN2041000E3173000,AM_34,95.0
218,CRS3035RES1000mN2041000E3173000,AM_35,
219,CRS3035RES1000mN2041000E3173000,AM_36,
220,CRS3035RES1000mN2041000E3173000,AM_37,
221,CRS3035RES1000mN2041000E3173000,AM_38,
222,CRS3035RES1000mN2042000E3168000,28027618,58.0
223,CRS3035RES1000mN2042000E3168000,28027591,55.0
224,CRS3035RES1000mN2042000E3168000,28027606,36.0
225,CRS3035RES1000mN2042000E3168000,28027898,67.0
226,CRS3035RES1000mN2042000E3168000,28041810,88.0
227,CRS3035RES1000mN2042000E3168000,AM_1,89.0
228,CRS3035RES1000mN2042000E3168000,AM_2,60.0
229,CRS3035RES1000mN2042000E3168000,AM_3,84.0
230,CRS3035RES1000mN2042000E3168000,AM_5,57.0
231,CRS3035RES1000mN2042000E3168000,AM_8,118.0
232,CRS3035RES1000mN2042000E3168000,AM_9,94.0
233,CRS3035RES1000mN2042000E3168000,AM_10,51.0
234,CRS3035RES1000mN2042000E3168000,AM_11,56.0
235,CRS3035RES1000mN2042000E3168000,AM_12,46.0
236,CRS3035RES1000mN2042000E3168000,AM_13,37.0
237,CRS3035RES1000mN2042000E3168000,AM_14,58.0
238,CRS3035RES1000mN2042000E3168000,AM_15,75.0
239,CRS3035RES1000mN2042000E3168000,AM_16,63.0
240,CRS3035RES1000mN2042000E3168000,AM_17,86.0
241,CRS3035RES1000mN2042000E3168000,AM_19,59.0
242,CRS3035RES1000mN2042000E3168000,AM_20,71.0
243,CRS3035RES1000mN2042000E3168000,AM_21,59.0
244,CRS3035RES1000mN2042000E3168000,AM_22,74.0
245,CRS3035RES1000mN2042000E3168000,AM_23,53.0
246,CRS3035RES1000mN2042000E3168000,AM_24,105.0
247,CRS3035RES1000mN2042000E3168000,AM_25,59.0
248,CRS3035RES1000mN2042000E3168000,AM_27,98.0
249,CRS3035RES1000mN2042000E3168000,AM_28,60.0
250,CRS3035RES1000mN2042000E3168000,AM_29,85.0
251,CRS3035RES1000mN2042000E3168000,AM_30,85.0
252,CRS3035RES1000mN2042000E3168000,AM_32,39.0
253,CRS3035RES1000mN2042000E3168000,AM_33,47.0
254,CRS3035RES1000mN2042000E3168000,AM_34,28.0
255,CRS3035RES1000mN2042000E3168000,AM_35,39.0
256,CRS3035RES1000mN2042000E3168000,AM_36,57.0
257,CRS3035RES1000mN2042000E3168000,AM_37,82.0
258,CRS3035RES1000mN2042000E3168000,AM_38,84.0
259,CRS3035RES1000mN2042000E3169000,28027618,75.0
260,CRS3035RES1000mN2042000E3169000,28027591,72.0
261,CRS3035RES1000mN2042000E3169000,28027606,60.0
262,CRS3035RES1000mN2042000E3169000,28027898,92.0
263,CRS3035RES1000mN2042000E3169000,28041810,102.0
264,CRS3035RES1000mN2042000E3169000,AM_1,106.0
265,CRS3035RES1000mN2042000E3169000,AM_2,77.0
266,CRS3035RES1000mN2042000E3169000,AM_3,109.0
267,CRS3035RES1000mN2042000E3169000,AM_5,75.0
268,CRS3035RES1000mN2042000E3169000,AM_8,119.0
269,CRS3035RES1000mN2042000E3169000,AM_9,112.0
270,CRS3035RES1000mN2042000E3169000,AM_10,69.0
271,CRS3035RES1000mN2042000E3169000,AM_11,74.0
272,CRS3035RES1000mN2042000E3169000,AM_12,63.0
273,CRS3035RES1000mN2042000E3169000,AM_13,57.0
274,CRS3035RES1000mN2042000E3169000,AM_14,76.0
275,CRS3035RES1000mN2042000E3169000,AM_15,93.0
276,CRS3035RES1000mN2042000E3169000,AM_16,82.0
277,CRS3035RES1000mN2042000E3169000,AM_17,108.0
278,CRS3035RES1000mN2042000E3169000,AM_19,78.0
279,CRS3035RES1000mN2042000E3169000,AM_20,88.0
280,CRS3035RES1000mN2042000E3169000,AM_21,77.0
281,CRS3035RES1000mN2042000E3169000,AM_22,91.0
282,CRS3035RES1000mN2042000E3169000,AM_23,71.0
283,CRS3035RES1000mN2042000E3169000,AM_24,118.0
284,CRS3035RES1000mN2042000E3169000,AM_25,77.0
285,CRS3035RES1000mN2042000E3169000,AM_27,
286,CRS3035RES1000mN2042000E3169000,AM_28,77.0
287,CRS3035RES1000mN2042000E3169000,AM_29,102.0
288,CRS3035RES1000mN2042000E3169000,AM_30,107.0
289,CRS3035RES1000mN2042000E3169000,AM_32,57.0
290,CRS3035RES1000mN2042000E3169000,AM_33,65.0
291,CRS3035RES1000mN2042000E3169000,AM_34,25.0
292,CRS3035RES1000mN2042000E3169000,AM_35,57.0
293,CRS3035RES1000mN2042000E3169000,AM_36,75.0
294,CRS3035RES1000mN2042000E3169000,AM_37,104.0
295,CRS3035RES1000mN2042000E3169000,AM_38,102.0
296,CRS3035RES1000mN2042000E3170000,28027618,94.0
297,CRS3035RES1000mN2042000E3170000,28027591,92.0
298,CRS3035RES1000mN2042000E3170000,28027606,64.0
299,CRS3035RES1000mN2042000E3170000,28027898,106.0
300,CRS3035RES1000mN2042000E3170000,28041810,
301,CRS3035RES1000mN2042000E3170000,AM_1,
302,CRS3035RES1000mN2042000E3170000,AM_2,97.0
303,CRS3035RES1000mN2042000E3170000,AM_3,
304,CRS3035RES1000mN2042000E3170000,AM_5,94.0
305,CRS3035RES1000mN2042000E3170000,AM_8,
306,CRS3035RES1000mN2042000E3170000,AM_9,
307,CRS3035RES1000mN2042000E3170000,AM_10,89.0
308,CRS3035RES1000mN2042000E3170000,AM_11,94.0
309,CRS3035RES1000mN2042000E3170000,AM_12,81.0
310,CRS3035RES1000mN2042000E3170000,AM_13,64.0
311,CRS3035RES1000mN2042000E3170000,AM_14,95.0
312,CRS3035RES1000mN2042000E3170000,AM_15,113.0
313,CRS3035RES1000mN2042000E3170000,AM_16,101.0
314,CRS3035RES1000mN2042000E3170000,AM_17,
315,CRS3035RES1000mN2042000E3170000,AM_19,97.0
316,CRS3035RES1000mN2042000E3170000,AM_20,108.0
317,CRS3035RES1000mN2042000E3170000,AM_21,97.0
318,CRS3035RES1000mN2042000E3170000,AM_22,111.0
319,CRS3035RES1000mN2042000E3170000,AM_23,91.0
320,CRS3035RES1000mN2042000E3170000,AM_24,
321,CRS3035RES1000mN2042000E3170000,AM_25,97.0
322,CRS3035RES1000mN2042000E3170000,AM_27,
323,CRS3035RES1000mN2042000E3170000,AM_28,98.0
324,CRS3035RES1000mN2042000E3170000,AM_29,
325,CRS3035RES1000mN2042000E3170000,AM_30,
326,CRS3035RES1000mN2042000E3170000,AM_32,78.0
327,CRS3035RES1000mN2042000E3170000,AM_33,85.0
328,CRS3035RES1000mN2042000E3170000,AM_34,41.0
329,CRS3035RES1000mN2042000E3170000,AM_35,74.0
330,CRS3035RES1000mN2042000E3170000,AM_36,94.0
331,CRS3035RES1000mN2042000E3170000,AM_37,
332,CRS3035RES1000mN2042000E3170000,AM_38,
333,CRS3035RES1000mN2042000E3171000,28027618,111.0
334,CRS3035RES1000mN2042000E3171000,28027591,108.0
335,CRS3035RES1000mN2042000E3171000,28027606,100.0
336,CRS3035RES1000mN2042000E3171000,28027898,
337,CRS3035RES1000mN2042000E3171000,28041810,
338,CRS3035RES1000mN2042000E3171000,AM_1,
339,CRS3035RES1000mN2042000E3171000,AM_2,112.0
340,CRS3035RES1000mN2042000E3171000,AM_3,
341,CRS3035RES1000mN2042000E3171000,AM_5,109.0
342,CRS3035RES1000mN2042000E3171000,AM_8,
343,CRS3035RES1000mN2042000E3171000,AM_9,
344,CRS3035RES1000mN2042000E3171000,AM_10,103.0
345,CRS3035RES1000mN2042000E3171000,AM_11,109.0
346,CRS3035RES1000mN2042000E3171000,AM_12,102.0
347,CRS3035RES1000mN2042000E3171000,AM_13,97.0
348,CRS3035RES1000mN2042000E3171000,AM_14,111.0
349,CRS3035RES1000mN2042000E3171000,AM_15,
350,CRS3035RES1000mN2042000E3171000,AM_16,116.0
351,CRS3035RES1000mN2042000E3171000,AM_17,
352,CRS3035RES1000mN2042000E3171000,AM_19,112.0
353,CRS3035RES1000mN2042000E3171000,AM_20,
354,CRS3035RES1000mN2042000E3171000,AM_21,112.0
355,CRS3035RES1000mN2042000E3171000,AM_22,
356,CRS3035RES1000mN2042000E3171000,AM_23,106.0
357,CRS3035RES1000mN2042000E3171000,AM_24,
358,CRS3035RES1000mN2042000E3171000,AM_25,112.0
359,CRS3035RES1000mN2042000E3171000,AM_27,
360,CRS3035RES1000mN2042000E3171000,AM_28,111.0
361,CRS3035RES1000mN2042000E3171000,AM_29,
362,CRS3035RES1000mN2042000E3171000,AM_30,
363,CRS3035RES1000mN2042000E3171000,AM_32,91.0
364,CRS3035RES1000mN2042000E3171000,AM_33,100.0
365,CRS3035RES1000mN2042000E3171000,AM_34,61.0
366,CRS3035RES1000mN2042000E3171000,AM_35,91.0
367,CRS3035RES1000mN2042000E3171000,AM_36,109.0
368,CRS3035RES1000mN2042000E3171000,AM_37,
369,CRS3035RES1000mN2042000E3171000,AM_38,
370,CRS3035RES1000mN2042000E3172000,28027618,
371,CRS3035RES1000mN2042000E3172000,28027591,
372,CRS3035RES1000mN2042000E3172000,28027606,102.0
373,CRS3035RES1000mN2042000E3172000,28027898,
374,CRS3035RES1000mN2042000E3172000,28041810,
375,CRS3035RES1000mN2042000E3172000,AM_1,
376,CRS3035RES1000mN2042000E3172000,AM_2,
377,CRS3035RES1000mN2042000E3172000,AM_3,
378,CRS3035RES1000mN2042000E3172000,AM_5,
379,CRS3035RES1000mN2042000E3172000,AM_8,
380,CRS3035RES1000mN2042000E3172000,AM_9,
381,CRS3035RES1000mN2042000E3172000,AM_10,119.0
382,CRS3035RES1000mN2042000E3172000,AM_11,
383,CRS3035RES1000mN2042000E3172000,AM_12,115.0
384,CRS3035RES1000mN2042000E3172000,AM_13,102.0
385,CRS3035RES1000mN2042000E3172000,AM_14,
386,CRS3035RES1000mN2042000E3172000,AM_15,
387,CRS3035RES1000mN2042000E3172000,AM_16,
388,CRS3035RES1000mN2042000E3172000,AM_17,
389,CRS3035RES1000mN2042000E3172000,AM_19,
390,CRS3035RES1000mN2042000E3172000,AM_20,
391,CRS3035RES1000mN2042000E3172000,AM_21,
392,CRS3035RES1000mN2042000E3172000,AM_22,
393,CRS3035RES1000mN2042000E3172000,AM_23,
394,CRS3035RES1000mN2042000E3172000,AM_24,
395,CRS3035RES1000mN2042000E3172000,AM_25,
396,CRS3035RES1000mN2042000E3172000,AM_27,
397,CRS3035RES1000mN2042000E3172000,AM_28,
398,CRS3035RES1000mN2042000E3172000,AM_29,
399,CRS3035RES1000mN2042000E3172000,AM_30,
400,CRS3035RES1000mN2042000E3172000,AM_32,110.0
401,CRS3035RES1000mN2042000E3172000,AM_33,118.0
402,CRS3035RES1000mN2042000E3172000,AM_34,73.0
403,CRS3035RES1000mN2042000E3172000,AM_35,109.0
404,CRS3035RES1000mN2042000E3172000,AM_36,
405,CRS3035RES1000mN2042000E3172000,AM_37,
406,CRS3035RES1000mN2042000E3172000,AM_38,
407,CRS3035RES1000mN2042000E3173000,28027618,
408,CRS3035RES1000mN2042000E3173000,28027591,
409,CRS3035RES1000mN2042000E3173000,28027606,118.0
410,CRS3035RES1000mN2042000E3173000,28027898,
411,CRS3035RES1000mN2042000E3173000,28041810,
412,CRS3035RES1000mN2042000E3173000,AM_1,
413,CRS3035RES1000mN2042000E3173000,AM_2,
414,CRS3035RES1000mN2042000E3173000,AM_3,
415,CRS3035RES1000mN2042000E3173000,AM_5,
416,CRS3035RES1000mN2042000E3173000,AM_8,
417,CRS3035RES1000mN2042000E3173000,AM_9,
418,CRS3035RES1000mN2042000E3173000,AM_10,
419,CRS3035RES1000mN2042000E3173000,AM_11,
420,CRS3035RES1000mN2042000E3173000,AM_12,118.0
421,CRS3035RES1000mN2042000E3173000,AM_13,115.0
422,CRS3035RES1000mN2042000E3173000,AM_14,
423,CRS3035RES1000mN2042000E3173000,AM_15,
424,CRS3035RES1000mN2042000E3173000,AM_16,
425,CRS3035RES1000mN2042000E3173000,AM_17,
426,CRS3035RES1000mN2042000E3173000,AM_19,
427,CRS3035RES1000mN2042000E3173000,AM_20,
428,CRS3035RES1000mN2042000E3173000,AM_21,
429,CRS3035RES1000mN2042000E3173000,AM_22,
430,CRS3035RES1000mN2042000E3173000,AM_23,
431,CRS3035RES1000mN2042000E3173000,AM_24,
432,CRS3035RES1000mN2042000E3173000,AM_25,
433,CRS3035RES1000mN2042000E3173000,AM_27,
434,CRS3035RES1000mN2042000E3173000,AM_28,
435,CRS3035RES1000mN2042000E3173000,AM_29,
436,CRS3035RES1000mN2042000E3173000,AM_30,
437,CRS3035RES1000mN2042000E3173000,AM_32,113.0
438,CRS3035RES1000mN2042000E3173000,AM_33,
439,CRS3035RES1000mN2042000E3173000,AM_34,91.0
440,CRS3035RES1000mN2042000E3173000,AM_35,111.0
441,CRS3035RES1000mN2042000E3173000,AM_36,
442,CRS3035RES1000mN2042000E3173000,AM_37,
443,CRS3035RES1000mN2042000E3173000,AM_38,
444,CRS3035RES1000mN2043000E3167000,28027618,66.0
445,CRS3035RES1000mN2043000E3167000,28027591,63.0
446,CRS3035RES1000mN2043000E3167000,28027606,36.0
447,CRS3035RES1000mN2043000E3167000,28027898,67.0
448,CRS3035RES1000mN2043000E3167000,28041810,92.0
449,CRS3035RES1000mN2043000E3167000,AM_1,96.0
450,CRS3035RES1000mN2043000E3167000,AM_2,68.0
451,CRS3035RES1000mN2043000E3167000,AM_3,90.0
452,CRS3035RES1000mN2043000E3167000,AM_5,65.0
453,CRS3035RES1000mN2043000E3167000,AM_8,119.0
454,CRS3035RES1000mN2043000E3167000,AM_9,98.0
455,CRS3035RES1000mN2043000E3167000,AM_10,59.0
456,CRS3035RES1000mN2043000E3167000,AM_11,65.0
457,CRS3035RES1000mN2043000E3167000,AM_12,52.0
458,CRS3035RES1000mN2043000E3167000,AM_13,37.0
459,CRS3035RES1000mN2043000E3167000,AM_14,67.0
460,CRS3035RES1000mN2043000E3167000,AM_15,85.0
461,CRS3035RES1000mN2043000E3167000,AM_16,72.0
462,CRS3035RES1000mN2043000E3167000,AM_17,99.0
463,CRS3035RES1000mN2043000E3167000,AM_19,68.0
464,CRS3035RES1000mN2043000E3167000,AM_20,80.0
465,CRS3035RES1000mN2043000E3167000,AM_21,68.0
466,CRS3035RES1000mN2043000E3167000,AM_22,82.0
467,CRS3035RES1000mN2043000E3167000,AM_23,62.0
468,CRS3035RES1000mN2043000E3167000,AM_24,111.0
469,CRS3035RES1000mN2043000E3167000,AM_25,68.0
470,CRS3035RES1000mN2043000E3167000,AM_27,113.0
471,CRS3035RES1000mN2043000E3167000,AM_28,69.0
472,CRS3035RES1000mN2043000E3167000,AM_29,90.0
473,CRS3035RES1000mN2043000E3167000,AM_30,98.0
474,CRS3035RES1000mN2043000E3167000,AM_32,49.0
475,CRS3035RES1000mN2043000E3167000,AM_33,56.0
476,CRS3035RES1000mN2043000E3167000,AM_34,32.0
477,CRS3035RES1000mN2043000E3167000,AM_35,47.0
478,CRS3035RES1000mN2043000E3167000,AM_36,65.0
479,CRS3035RES1000mN2043000E3167000,AM_37,93.0
480,CRS3035RES1000mN2043000E3167000,AM_38,89.0
481,CRS3035RES1000mN2043000E3168000,28027618,70.0
482,CRS3035RES1000mN2043000E3168000,28027591,67.0
483,CRS3035RES1000mN2043000E3168000,28027606,36.0
484,CRS3035RES1000mN2043000E3168000,28027898,70.0
485,CRS3035RES1000mN2043000E3168000,28041810,99.0
486,CRS3035RES1000mN2043000E3168000,AM_1,101.0
487,CRS3035RES1000mN2043000E3168000,AM_2,72.0
488,CRS3035RES1000mN2043000E3168000,AM_3,93.0
489,CRS3035RES1000mN2043000E3168000,AM_5,69.0
490,CRS3035RES1000mN2043000E3168000,AM_8,119.0
491,CRS3035RES1000mN2043000E3168000,AM_9,101.0
492,CRS3035RES1000mN2043000E3168000,AM_10,63.0
493,CRS3035RES1000mN2043000E3168000,AM_11,69.0
494,CRS3035RES1000mN2043000E3168000,AM_12,58.0
495,CRS3035RES1000mN2043000E3168000,AM_13,37.0
496,CRS3035RES1000mN2043000E3168000,AM_14,71.0
497,CRS3035RES1000mN2043000E3168000,AM_15,88.0
498,CRS3035RES1000mN2043000E3168000,AM_16,77.0
499,CRS3035RES1000mN2043000E3168000,AM_17,104.0
500,CRS3035RES1000mN2043000E3168000,AM_19,72.0
501,CRS3035RES1000mN2043000E3168000,AM_20,82.0
502,CRS3035RES1000mN2043000E3168000,AM_21,72.0
503,CRS3035RES1000mN2043000E3168000,AM_22,85.0
504,CRS3035RES1000mN2043000E3168000,AM_23,65.0
505,CRS3035RES1000mN2043000E3168000,AM_24,115.0
506,CRS3035RES1000mN2043000E3168000,AM_25,72.0
507,CRS3035RES1000mN2043000E3168000,AM_27,117.0
508,CRS3035RES1000mN2043000E3168000,AM_28,72.0
509,CRS3035RES1000mN2043000E3168000,AM_29,94.0
510,CRS3035RES1000mN2043000E3168000,AM_30,103.0
511,CRS3035RES1000mN2043000E3168000,AM_32,52.0
512,CRS3035RES1000mN2043000E3168000,AM_33,60.0
513,CRS3035RES1000mN2043000E3168000,AM_34,35.0
514,CRS3035RES1000mN2043000E3168000,AM_35,50.0
515,CRS3035RES1000mN2043000E3168000,AM_36,69.0
516,CRS3035RES1000mN2043000E3168000,AM_37,100.0
517,CRS3035RES1000mN2043000E3168000,AM_38,93.0
518,CRS3035RES1000mN2043000E3169000,28027618,61.0
519,CRS3035RES1000mN2043000E3169000,28027591,58.0
520,CRS3035RES1000mN2043000E3169000,28027606,36.0
521,CRS3035RES1000mN2043000E3169000,28027898,67.0
522,CRS3035RES1000mN2043000E3169000,28041810,89.0
523,CRS3035RES1000mN2043000E3169000,AM_1,92.0
524,CRS3035RES1000mN2043000E3169000,AM_2,62.0
525,CRS3035RES1000mN2043000E3169000,AM_3,86.0
526,CRS3035RES1000mN2043000E3169000,AM_5,60.0
527,CRS3035RES1000mN2043000E3169000,AM_8,119.0
528,CRS3035RES1000mN2043000E3169000,AM_9,95.0
529,CRS3035RES1000mN2043000E3169000,AM_10,54.0
530,CRS3035RES1000mN2043000E3169000,AM_11,59.0
531,CRS3035RES1000mN2043000E3169000,AM_12,49.0
532,CRS3035RES1000mN2043000E3169000,AM_13,37.0
533,CRS3035RES1000mN2043000E3169000,AM_14,61.0
534,CRS3035RES1000mN2043000E3169000,AM_15,78.0
535,CRS3035RES1000mN2043000E3169000,AM_16,68.0
536,CRS3035RES1000mN2043000E3169000,AM_17,89.0
537,CRS3035RES1000mN2043000E3169000,AM_19,62.0
538,CRS3035RES1000mN2043000E3169000,AM_20,74.0
539,CRS3035RES1000mN2043000E3169000,AM_21,63.0
540,CRS3035RES1000mN2043000E3169000,AM_22,76.0
541,CRS3035RES1000mN2043000E3169000,AM_23,56.0
542,CRS3035RES1000mN2043000E3169000,AM_24,107.0
543,CRS3035RES1000mN2043000E3169000,AM_25,62.0
544,CRS3035RES1000mN2043000E3169000,AM_27,101.0
545,CRS3035RES1000mN2043000E3169000,AM_28,62.0
546,CRS3035RES1000mN2043000E3169000,AM_29,86.0
547,CRS3035RES1000mN2043000E3169000,AM_30,88.0
548,CRS3035RES1000mN2043000E3169000,AM_32,42.0
549,CRS3035RES1000mN2043000E3169000,AM_33,50.0
550,CRS3035RES1000mN2043000E3169000,AM_34,32.0
551,CRS3035RES1000mN2043000E3169000,AM_35,42.0
552,CRS3035RES1000mN2043000E3169000,AM_36,60.0
553,CRS3035RES1000mN2043000E3169000,AM_37,88.0
554,CRS3035RES1000mN2043000E3169000,AM_38,86.0
555,CRS3035RES1000mN2043000E3170000,28027618,83.0
556,CRS3035RES1000mN2043000E3170000,28027591,79.0
557,CRS3035RES1000mN2043000E3170000,28027606,63.0
558,CRS3035RES1000mN2043000E3170000,28027898,95.0
559,CRS3035RES1000mN2043000E3170000,28041810,114.0
560,CRS3035RES1000mN2043000E3170000,AM_1,113.0
561,CRS3035RES1000mN2043000E3170000,AM_2,83.0
562,CRS3035RES1000mN2043000E3170000,AM_3,117.0
563,CRS3035RES1000mN2043000E3170000,AM_5,80.0
564,CRS3035RES1000mN2043000E3170000,AM_8,
565,CRS3035RES1000mN2043000E3170000,AM_9,117.0
566,CRS3035RES1000mN2043000E3170000,AM_10,76.0
567,CRS3035RES1000mN2043000E3170000,AM_11,80.0
568,CRS3035RES1000mN2043000E3170000,AM_12,70.0
569,CRS3035RES1000mN2043000E3170000,AM_13,61.0
570,CRS3035RES1000mN2043000E3170000,AM_14,82.0
571,CRS3035RES1000mN2043000E3170000,AM_15,101.0
572,CRS3035RES1000mN2043000E3170000,AM_16,89.0
573,CRS3035RES1000mN2043000E3170000,AM_17,114.0
574,CRS3035RES1000mN2043000E3170000,AM_19,85.0
575,CRS3035RES1000mN2043000E3170000,AM_20,95.0
576,CRS3035RES1000mN2043000E3170000,AM_21,84.0
577,CRS3035RES1000mN2043000E3170000,AM_22,98.0
578,CRS3035RES1000mN2043000E3170000,AM_23,79.0
579,CRS3035RES1000mN2043000E3170000,AM_24,
580,CRS3035RES1000mN2043000E3170000,AM_25,84.0
581,CRS3035RES1000mN2043000E3170000,AM_27,
582,CRS3035RES1000mN2043000E3170000,AM_28,82.0
583,CRS3035RES1000mN2043000E3170000,AM_29,113.0
584,CRS3035RES1000mN2043000E3170000,AM_30,113.0
585,CRS3035RES1000mN2043000E3170000,AM_32,62.0
586,CRS3035RES1000mN2043000E3170000,AM_33,71.0
587,CRS3035RES1000mN2043000E3170000,AM_34,54.0
588,CRS3035RES1000mN2043000E3170000,AM_35,62.0
589,CRS3035RES1000mN2043000E3170000,AM_36,81.0
590,CRS3035RES1000mN2043000E3170000,AM_37,109.0
591,CRS3035RES1000mN2043000E3170000,AM_38,108.0
592,CRS3035RES1000mN2043000E3171000,28027618,102.0
593,CRS3035RES1000mN2043000E3171000,28027591,99.0
594,CRS3035RES1000mN2043000E3171000,28027606,82.0
595,CRS3035RES1000mN2043000E3171000,28027898,109.0
596,CRS3035RES1000mN2043000E3171000,28041810,
597,CRS3035RES1000mN2043000E3171000,AM_1,
598,CRS3035RES1000mN2043000E3171000,AM_2,104.0
599,CRS3035RES1000mN2043000E3171000,AM_3,
600,CRS3035RES1000mN2043000E3171000,AM_5,101.0
601,CRS3035RES1000mN2043000E3171000,AM_8,
602,CRS3035RES1000mN2043000E3171000,AM_9,
603,CRS3035RES1000mN2043000E3171000,AM_10,96.0
604,CRS3035RES1000mN2043000E3171000,AM_11,101.0
605,CRS3035RES1000mN2043000E3171000,AM_12,86.0
606,CRS3035RES1000mN2043000E3171000,AM_13,81.0
607,CRS3035RES1000mN2043000E3171000,AM_14,103.0
608,CRS3035RES1000mN2043000E3171000,AM_15,
609,CRS3035RES1000mN2043000E3171000,AM_16,108.0
610,CRS3035RES1000mN2043000E3171000,AM_17,
611,CRS3035RES1000mN2043000E3171000,AM_19,105.0
612,CRS3035RES1000mN2043000E3171000,AM_20,115.0
613,CRS3035RES1000mN2043000E3171000,AM_21,104.0
614,CRS3035RES1000mN2043000E3171000,AM_22,119.0
615,CRS3035RES1000mN2043000E3171000,AM_23,98.0
616,CRS3035RES1000mN2043000E3171000,AM_24,
617,CRS3035RES1000mN2043000E3171000,AM_25,104.0
618,CRS3035RES1000mN2043000E3171000,AM_27,
619,CRS3035RES1000mN2043000E3171000,AM_28,104.0
620,CRS3035RES1000mN2043000E3171000,AM_29,
621,CRS3035RES1000mN2043000E3171000,AM_30,
622,CRS3035RES1000mN2043000E3171000,AM_32,84.0
623,CRS3035RES1000mN2043000E3171000,AM_33,92.0
624,CRS3035RES1000mN2043000E3171000,AM_34,70.0
625,CRS3035RES1000mN2043000E3171000,AM_35,83.0
626,CRS3035RES1000mN2043000E3171000,AM_36,101.0
627,CRS3035RES1000mN2043000E3171000,AM_37,
628,CRS3035RES1000mN2043000E3171000,AM_38,
629,CRS3035RES1000mN2043000E3172000,28027618,115.0
630,CRS3035RES1000mN2043000E3172000,28027591,112.0
631,CRS3035RES1000mN2043000E3172000,28027606,102.0
632,CRS3035RES1000mN2043000E3172000,28027898,
633,CRS3035RES1000mN2043000E3172000,28041810,
634,CRS3035RES1000mN2043000E3172000,AM_1,
635,CRS3035RES1000mN2043000E3172000,AM_2,116.0
636,CRS3035RES1000mN2043000E3172000,AM_3,
637,CRS3035RES1000mN2043000E3172000,AM_5,113.0
638,CRS3035RES1000mN2043000E3172000,AM_8,
639,CRS3035RES1000mN2043000E3172000,AM_9,
640,CRS3035RES1000mN2043000E3172000,AM_10,109.0
641,CRS3035RES1000mN2043000E3172000,AM_11,113.0
642,CRS3035RES1000mN2043000E3172000,AM_12,104.0
643,CRS3035RES1000mN2043000E3172000,AM_13,102.0
644,CRS3035RES1000mN2043000E3172000,AM_14,115.0
645,CRS3035RES1000mN2043000E3172000,AM_15,
646,CRS3035RES1000mN2043000E3172000,AM_16,
647,CRS3035RES1000mN2043000E3172000,AM_17,
648,CRS3035RES1000mN2043000E3172000,AM_19,117.0
649,CRS3035RES1000mN2043000E3172000,AM_20,
650,CRS3035RES1000mN2043000E3172000,AM_21,117.0
651,CRS3035RES1000mN2043000E3172000,AM_22,
652,CRS3035RES1000mN2043000E3172000,AM_23,111.0
653,CRS3035RES1000mN2043000E3172000,AM_24,
654,CRS3035RES1000mN2043000E3172000,AM_25,116.0
655,CRS3035RES1000mN2043000E3172000,AM_27,
656,CRS3035RES1000mN2043000E3172000,AM_28,116.0
657,CRS3035RES1000mN2043000E3172000,AM_29,
658,CRS3035RES1000mN2043000E3172000,AM_30,
659,CRS3035RES1000mN2043000E3172000,AM_32,96.0
660,CRS3035RES1000mN2043000E3172000,AM_33,105.0
661,CRS3035RES1000mN2043000E3172000,AM_34,94.0
662,CRS3035RES1000mN2043000E3172000,AM_35,95.0
663,CRS3035RES1000mN2043000E3172000,AM_36,114.0
664,CRS3035RES1000mN2043000E3172000,AM_37,
665,CRS3035RES1000mN2043000E3172000,AM_38,
666,CRS3035RES1000mN2043000E3173000,28027618,115.0
667,CRS3035RES1000mN2043000E3173000,28027591,112.0
668,CRS3035RES1000mN2043000E3173000,28027606,102.0
669,CRS3035RES1000mN2043000E3173000,28027898,
670,CRS3035RES1000mN2043000E3173000,28041810,
671,CRS3035RES1000mN2043000E3173000,AM_1,
672,CRS3035RES1000mN2043000E3173000,AM_2,117.0
673,CRS3035RES1000mN2043000E3173000,AM_3,
674,CRS3035RES1000mN2043000E3173000,AM_5,113.0
675,CRS3035RES1000mN2043000E3173000,AM_8,
676,CRS3035RES1000mN2043000E3173000,AM_9,
677,CRS3035RES1000mN2043000E3173000,AM_10,108.0
678,CRS3035RES1000mN2043000E3173000,AM_11,113.0
679,CRS3035RES1000mN2043000E3173000,AM_12,104.0
680,CRS3035RES1000mN2043000E3173000,AM_13,102.0
681,CRS3035RES1000mN2043000E3173000,AM_14,116.0
682,CRS3035RES1000mN2043000E3173000,AM_15,
683,CRS3035RES1000mN2043000E3173000,AM_16,
684,CRS3035RES1000mN2043000E3173000,AM_17,
685,CRS3035RES1000mN2043000E3173000,AM_19,116.0
686,CRS3035RES1000mN2043000E3173000,AM_20,
687,CRS3035RES1000mN2043000E3173000,AM_21,117.0
688,CRS3035RES1000mN2043000E3173000,AM_22,
689,CRS3035RES1000mN2043000E3173000,AM_23,110.0
690,CRS3035RES1000mN2043000E3173000,AM_24,
691,CRS3035RES1000mN2043000E3173000,AM_25,116.0
692,CRS3035RES1000mN2043000E3173000,AM_27,
693,CRS3035RES1000mN2043000E3173000,AM_28,116.0
694,CRS3035RES1000mN2043000E3173000,AM_29,
695,CRS3035RES1000mN2043000E3173000,AM_30,
696,CRS3035RES1000mN2043000E3173000,AM_32,96.0
697,CRS3035RES1000mN2043000E3173000,AM_33,104.0
698,CRS3035RES1000mN2043000E3173000,AM_34,92.0
699,CRS3035RES1000mN2043000E3173000,AM_35,95.0
700,CRS3035RES1000mN2043000E3173000,AM_36,113.0
701,CRS3035RES1000mN2043000E3173000,AM_37,
702,CRS3035RES1000mN2043000E3173000,AM_38,
703,CRS3035RES1000mN2044000E3166000,28027618,76.0
704,CRS3035RES1000mN2044000E3166000,28027591,74.0
705,CRS3035RES1000mN2044000E3166000,28027606,38.0
706,CRS3035RES1000mN2044000E3166000,28027898,93.0
707,CRS3035RES1000mN2044000E3166000,28041810,101.0
708,CRS3035RES1000mN2044000E3166000,AM_1,108.0
709,CRS3035RES1000mN2044000E3166000,AM_2,78.0
710,CRS3035RES1000mN2044000E3166000,AM_3,108.0
711,CRS3035RES1000mN2044000E3166000,AM_5,75.0
712,CRS3035RES1000mN2044000E3166000,AM_8,
713,CRS3035RES1000mN2044000E3166000,AM_9,113.0
714,CRS3035RES1000mN2044000E3166000,AM_10,70.0
715,CRS3035RES1000mN2044000E3166000,AM_11,75.0
716,CRS3035RES1000mN2044000E3166000,AM_12,62.0
717,CRS3035RES1000mN2044000E3166000,AM_13,38.0
718,CRS3035RES1000mN2044000E3166000,AM_14,77.0
719,CRS3035RES1000mN2044000E3166000,AM_15,95.0
720,CRS3035RES1000mN2044000E3166000,AM_16,82.0
721,CRS3035RES1000mN2044000E3166000,AM_17,108.0
722,CRS3035RES1000mN2044000E3166000,AM_19,79.0
723,CRS3035RES1000mN2044000E3166000,AM_20,89.0
724,CRS3035RES1000mN2044000E3166000,AM_21,78.0
725,CRS3035RES1000mN2044000E3166000,AM_22,92.0
726,CRS3035RES1000mN2044000E3166000,AM_23,72.0
727,CRS3035RES1000mN2044000E3166000,AM_24,117.0
728,CRS3035RES1000mN2044000E3166000,AM_25,78.0
729,CRS3035RES1000mN2044000E3166000,AM_27,
730,CRS3035RES1000mN2044000E3166000,AM_28,78.0
731,CRS3035RES1000mN2044000E3166000,AM_29,101.0
732,CRS3035RES1000mN2044000E3166000,AM_30,107.0
733,CRS3035RES1000mN2044000E3166000,AM_32,58.0
734,CRS3035RES1000mN2044000E3166000,AM_33,66.0
735,CRS3035RES1000mN2044000E3166000,AM_34,49.0
736,CRS3035RES1000mN2044000E3166000,AM_35,56.0
737,CRS3035RES1000mN2044000E3166000,AM_36,76.0
738,CRS3035RES1000mN2044000E3166000,AM_37,105.0
739,CRS3035RES1000mN2044000E3166000,AM_38,103.0
740,CRS3035RES1000mN2044000E3167000,28027618,71.0
741,CRS3035RES1000mN2044000E3167000,28027591,68.0
742,CRS3035RES1000mN2044000E3167000,28027606,36.0
743,CRS3035RES1000mN2044000E3167000,28027898,70.0
744,CRS3035RES1000mN2044000E3167000,28041810,99.0
745,CRS3035RES1000mN2044000E3167000,AM_1,101.0
746,CRS3035RES1000mN2044000E3167000,AM_2,73.0
747,CRS3035RES1000mN2044000E3167000,AM_3,93.0
748,CRS3035RES1000mN2044000E3167000,AM_5,69.0
749,CRS3035RES1000mN2044000E3167000,AM_8,119.0
750,CRS3035RES1000mN2044000E3167000,AM_9,101.0
751,CRS3035RES1000mN2044000E3167000,AM_10,63.0
752,CRS3035RES1000mN2044000E3167000,AM_11,70.0
753,CRS3035RES1000mN2044000E3167000,AM_12,58.0
754,CRS3035RES1000mN2044000E3167000,AM_13,37.0
755,CRS3035RES1000mN2044000E3167000,AM_14,71.0
756,CRS3035RES1000mN2044000E3167000,AM_15,89.0
757,CRS3035RES1000mN2044000E3167000,AM_16,77.0
758,CRS3035RES1000mN2044000E3167000,AM_17,104.0
759,CRS3035RES1000mN2044000E3167000,AM_19,72.0
760,CRS3035RES1000mN2044000E3167000,AM_20,83.0
761,CRS3035RES1000mN2044000E3167000,AM_21,73.0
762,CRS3035RES1000mN2044000E3167000,AM_22,85.0
763,CRS3035RES1000mN2044000E3167000,AM_23,66.0
764,CRS3035RES1000mN2044000E3167000,AM_24,115.0
765,CRS3035RES1000mN2044000E3167000,AM_25,72.0
766,CRS3035RES1000mN2044000E3167000,AM_27,117.0
767,CRS3035RES1000mN2044000E3167000,AM_28,73.0
768,CRS3035RES1000mN2044000E3167000,AM_29,94.0
769,CRS3035RES1000mN2044000E3167000,AM_30,104.0
770,CRS3035RES1000mN2044000E3167000,AM_32,53.0
771,CRS3035RES1000mN2044000E3167000,AM_33,60.0
772,CRS3035RES1000mN2044000E3167000,AM_34,35.0
773,CRS3035RES1000mN2044000E3167000,AM_35,50.0
774,CRS3035RES1000mN2044000E3167000,AM_36,70.0
775,CRS3035RES1000mN2044000E3167000,AM_37,100.0
776,CRS3035RES1000mN2044000E3167000,AM_38,93.0
777,CRS3035RES1000mN2044000E3168000,28027618,74.0
778,CRS3035RES1000mN2044000E3168000,28027591,71.0
779,CRS3035RES1000mN2044000E3168000,28027606,40.0
780,CRS3035RES1000mN2044000E3168000,28027898,88.0
781,CRS3035RES1000mN2044000E3168000,28041810,103.0
782,CRS3035RES1000mN2044000E3168000,AM_1,105.0
783,CRS3035RES1000mN2044000E3168000,AM_2,76.0
784,CRS3035RES1000mN2044000E3168000,AM_3,104.0
785,CRS3035RES1000mN2044000E3168000,AM_5,73.0
786,CRS3035RES1000mN2044000E3168000,AM_8,
787,CRS3035RES1000mN2044000E3168000,AM_9,110.0
788,CRS3035RES1000mN2044000E3168000,AM_10,67.0
789,CRS3035RES1000mN2044000E3168000,AM_11,73.0
790,CRS3035RES1000mN2044000E3168000,AM_12,62.0
791,CRS3035RES1000mN2044000E3168000,AM_13,41.0
792,CRS3035RES1000mN2044000E3168000,AM_14,75.0
793,CRS3035RES1000mN2044000E3168000,AM_15,93.0
794,CRS3035RES1000mN2044000E3168000,AM_16,81.0
795,CRS3035RES1000mN2044000E3168000,AM_17,108.0
796,CRS3035RES1000mN2044000E3168000,AM_19,76.0
797,CRS3035RES1000mN2044000E3168000,AM_20,87.0
798,CRS3035RES1000mN2044000E3168000,AM_21,76.0
799,CRS3035RES1000mN2044000E3168000,AM_22,91.0
800,CRS3035RES1000mN2044000E3168000,AM_23,70.0
801,CRS3035RES1000mN2044000E3168000,AM_24,
802,CRS3035RES1000mN2044000E3168000,AM_25,76.0
803,CRS3035RES1000mN2044000E3168000,AM_27,
804,CRS3035RES1000mN2044000E3168000,AM_28,76.0
805,CRS3035RES1000mN2044000E3168000,AM_29,99.0
806,CRS3035RES1000mN2044000E3168000,AM_30,107.0
807,CRS3035RES1000mN2044000E3168000,AM_32,56.0
808,CRS3035RES1000mN2044000E3168000,AM_33,64.0
809,CRS3035RES1000mN2044000E3168000,AM_34,48.0
810,CRS3035RES1000mN2044000E3168000,AM_35,55.0
811,CRS3035RES1000mN2044000E3168000,AM_36,74.0
812,CRS3035RES1000mN2044000E3168000,AM_37,105.0
813,CRS3035RES1000mN2044000E3168000,AM_38,100.0
814,CRS3035RES1000mN2044000E3169000,28027618,65.0
815,CRS3035RES1000mN2044000E3169000,28027591,63.0
816,CRS3035RES1000mN2044000E3169000,28027606,39.0
817,CRS3035RES1000mN2044000E3169000,28027898,83.0
818,CRS3035RES1000mN2044000E3169000,28041810,91.0
819,CRS3035RES1000mN2044000E3169000,AM_1,97.0
820,CRS3035RES1000mN2044000E3169000,AM_2,67.0
821,CRS3035RES1000mN2044000E3169000,AM_3,90.0
822,CRS3035RES1000mN2044000E3169000,AM_5,64.0
823,CRS3035RES1000mN2044000E3169000,AM_8,119.0
824,CRS3035RES1000mN2044000E3169000,AM_9,98.0
825,CRS3035RES1000mN2044000E3169000,AM_10,60.0
826,CRS3035RES1000mN2044000E3169000,AM_11,64.0
827,CRS3035RES1000mN2044000E3169000,AM_12,56.0
828,CRS3035RES1000mN2044000E3169000,AM_13,40.0
829,CRS3035RES1000mN2044000E3169000,AM_14,66.0
830,CRS3035RES1000mN2044000E3169000,AM_15,83.0
831,CRS3035RES1000mN2044000E3169000,AM_16,72.0
832,CRS3035RES1000mN2044000E3169000,AM_17,98.0
833,CRS3035RES1000mN2044000E3169000,AM_19,68.0
834,CRS3035RES1000mN2044000E3169000,AM_20,78.0
835,CRS3035RES1000mN2044000E3169000,AM_21,67.0
836,CRS3035RES1000mN2044000E3169000,AM_22,81.0
837,CRS3035RES1000mN2044000E3169000,AM_23,62.0
838,CRS3035RES1000mN2044000E3169000,AM_24,111.0
839,CRS3035RES1000mN2044000E3169000,AM_25,67.0
840,CRS3035RES1000mN2044000E3169000,AM_27,113.0
841,CRS3035RES1000mN2044000E3169000,AM_28,67.0
842,CRS3035RES1000mN2044000E3169000,AM_29,89.0
843,CRS3035RES1000mN2044000E3169000,AM_30,97.0
844,CRS3035RES1000mN2044000E3169000,AM_32,47.0
845,CRS3035RES1000mN2044000E3169000,AM_33,55.0
846,CRS3035RES1000mN2044000E3169000,AM_34,43.0
847,CRS3035RES1000mN2044000E3169000,AM_35,47.0
848,CRS3035RES1000mN2044000E3169000,AM_36,65.0
849,CRS3035RES1000mN2044000E3169000,AM_37,91.0
850,CRS3035RES1000mN2044000E3169000,AM_38,88.0
851,CRS3035RES1000mN2044000E3170000,28027618,61.0
852,CRS3035RES1000mN2044000E3170000,28027591,58.0
853,CRS3035RES1000mN2044000E3170000,28027606,38.0
854,CRS3035RES1000mN2044000E3170000,28027898,70.0
855,CRS3035RES1000mN2044000E3170000,28041810,90.0
856,CRS3035RES1000mN2044000E3170000,AM_1,94.0
857,CRS3035RES1000mN2044000E3170000,AM_2,63.0
858,CRS3035RES1000mN2044000E3170000,AM_3,87.0
859,CRS3035RES1000mN2044000E3170000,AM_5,60.0
860,CRS3035RES1000mN2044000E3170000,AM_8,119.0
861,CRS3035RES1000mN2044000E3170000,AM_9,96.0
862,CRS3035RES1000mN2044000E3170000,AM_10,55.0
863,CRS3035RES1000mN2044000E3170000,AM_11,60.0
864,CRS3035RES1000mN2044000E3170000,AM_12,52.0
865,CRS3035RES1000mN2044000E3170000,AM_13,39.0
866,CRS3035RES1000mN2044000E3170000,AM_14,62.0
867,CRS3035RES1000mN2044000E3170000,AM_15,80.0
868,CRS3035RES1000mN2044000E3170000,AM_16,67.0
869,CRS3035RES1000mN2044000E3170000,AM_17,93.0
870,CRS3035RES1000mN2044000E3170000,AM_19,64.0
871,CRS3035RES1000mN2044000E3170000,AM_20,75.0
872,CRS3035RES1000mN2044000E3170000,AM_21,63.0
873,CRS3035RES1000mN2044000E3170000,AM_22,78.0
874,CRS3035RES1000mN2044000E3170000,AM_23,57.0
875,CRS3035RES1000mN2044000E3170000,AM_24,108.0
876,CRS3035RES1000mN2044000E3170000,AM_25,63.0
877,CRS3035RES1000mN2044000E3170000,AM_27,109.0
878,CRS3035RES1000mN2044000E3170000,AM_28,63.0
879,CRS3035RES1000mN2044000E3170000,AM_29,87.0
880,CRS3035RES1000mN2044000E3170000,AM_30,91.0
881,CRS3035RES1000mN2044000E3170000,AM_32,43.0
882,CRS3035RES1000mN2044000E3170000,AM_33,51.0
883,CRS3035RES1000mN2044000E3170000,AM_34,35.0
884,CRS3035RES1000mN2044000E3170000,AM_35,43.0
885,CRS3035RES1000mN2044000E3170000,AM_36,61.0
886,CRS3035RES1000mN2044000E3170000,AM_37,88.0
887,CRS3035RES1000mN2044000E3170000,AM_38,86.0
888,CRS3035RES1000mN2044000E3171000,28027618,87.0
889,CRS3035RES1000mN2044000E3171000,28027591,83.0
890,CRS3035RES1000mN2044000E3171000,28027606,67.0
891,CRS3035RES1000mN2044000E3171000,28027898,97.0
892,CRS3035RES1000mN2044000E3171000,28041810,114.0
893,CRS3035RES1000mN2044000E3171000,AM_1,116.0
894,CRS3035RES1000mN2044000E3171000,AM_2,88.0
895,CRS3035RES1000mN2044000E3171000,AM_3,117.0
896,CRS3035RES1000mN2044000E3171000,AM_5,85.0
897,CRS3035RES1000mN2044000E3171000,AM_8,
898,CRS3035RES1000mN2044000E3171000,AM_9,
899,CRS3035RES1000mN2044000E3171000,AM_10,80.0
900,CRS3035RES1000mN2044000E3171000,AM_11,85.0
901,CRS3035RES1000mN2044000E3171000,AM_12,77.0
902,CRS3035RES1000mN2044000E3171000,AM_13,64.0
903,CRS3035RES1000mN2044000E3171000,AM_14,87.0
904,CRS3035RES1000mN2044000E3171000,AM_15,103.0
905,CRS3035RES1000mN2044000E3171000,AM_16,93.0
906,CRS3035RES1000mN2044000E3171000,AM_17,
907,CRS3035RES1000mN2044000E3171000,AM_19,88.0
908,CRS3035RES1000mN2044000E3171000,AM_20,98.0
909,CRS3035RES1000mN2044000E3171000,AM_21,89.0
910,CRS3035RES1000mN2044000E3171000,AM_22,101.0
911,CRS3035RES1000mN2044000E3171000,AM_23,82.0
912,CRS3035RES1000mN2044000E3171000,AM_24,
913,CRS3035RES1000mN2044000E3171000,AM_25,89.0
914,CRS3035RES1000mN2044000E3171000,AM_27,
915,CRS3035RES1000mN2044000E3171000,AM_28,88.0
916,CRS3035RES1000mN2044000E3171000,AM_29,115.0
917,CRS3035RES1000mN2044000E3171000,AM_30,
918,CRS3035RES1000mN2044000E3171000,AM_32,68.0
919,CRS3035RES1000mN2044000E3171000,AM_33,77.0
920,CRS3035RES1000mN2044000E3171000,AM_34,56.0
921,CRS3035RES1000mN2044000E3171000,AM_35,68.0
922,CRS3035RES1000mN2044000E3171000,AM_36,86.0
923,CRS3035RES1000mN2044000E3171000,AM_37,113.0
924,CRS3035RES1000mN2044000E3171000,AM_38,111.0
925,CRS3035RES1000mN2044000E3172000,28027618,91.0
926,CRS3035RES1000mN2044000E3172000,28027591,88.0
927,CRS3035RES1000mN2044000E3172000,28027606,84.0
928,CRS3035RES1000mN2044000E3172000,28027898,108.0
929,CRS3035RES1000mN2044000E3172000,28041810,118.0
930,CRS3035RES1000mN2044000E3172000,AM_1,
931,CRS3035RES1000mN2044000E3172000,AM_2,93.0
932,CRS3035RES1000mN2044000E3172000,AM_3,
933,CRS3035RES1000mN2044000E3172000,AM_5,89.0
934,CRS3035RES1000mN2044000E3172000,AM_8,
935,CRS3035RES1000mN2044000E3172000,AM_9,
936,CRS3035RES1000mN2044000E3172000,AM_10,85.0
937,CRS3035RES1000mN2044000E3172000,AM_11,89.0
938,CRS3035RES1000mN2044000E3172000,AM_12,81.0
939,CRS3035RES1000mN2044000E3172000,AM_13,87.0
940,CRS3035RES1000mN2044000E3172000,AM_14,91.0
941,CRS3035RES1000mN2044000E3172000,AM_15,108.0
942,CRS3035RES1000mN2044000E3172000,AM_16,97.0
943,CRS3035RES1000mN2044000E3172000,AM_17,
944,CRS3035RES1000mN2044000E3172000,AM_19,93.0
945,CRS3035RES1000mN2044000E3172000,AM_20,103.0
946,CRS3035RES1000mN2044000E3172000,AM_21,93.0
947,CRS3035RES1000mN2044000E3172000,AM_22,106.0
948,CRS3035RES1000mN2044000E3172000,AM_23,87.0
949,CRS3035RES1000mN2044000E3172000,AM_24,
950,CRS3035RES1000mN2044000E3172000,AM_25,93.0
951,CRS3035RES1000mN2044000E3172000,AM_27,
952,CRS3035RES1000mN2044000E3172000,AM_28,92.0
953,CRS3035RES1000mN2044000E3172000,AM_29,
954,CRS3035RES1000mN2044000E3172000,AM_30,
955,CRS3035RES1000mN2044000E3172000,AM_32,72.0
956,CRS3035RES1000mN2044000E3172000,AM_33,80.0
957,CRS3035RES1000mN2044000E3172000,AM_34,88.0
958,CRS3035RES1000mN2044000E3172000,AM_35,71.0
959,CRS3035RES1000mN2044000E3172000,AM_36,89.0
960,CRS3035RES1000mN2044000E3172000,AM_37,117.0
961,CRS3035RES1000mN2044000E3172000,AM_38,117.0
962,CRS3035RES1000mN2044000E3173000,28027618,92.0
963,CRS3035RES1000mN2044000E3173000,28027591,89.0
964,CRS3035RES1000mN2044000E3173000,28027606,84.0
965,CRS3035RES1000mN2044000E3173000,28027898,108.0
966,CRS3035RES1000mN2044000E3173000,28041810,118.0
967,CRS3035RES1000mN2044000E3173000,AM_1,
968,CRS3035RES1000mN2044000E3173000,AM_2,93.0
969,CRS3035RES1000mN2044000E3173000,AM_3,
970,CRS3035RES1000mN2044000E3173000,AM_5,89.0
971,CRS3035RES1000mN2044000E3173000,AM_8,
972,CRS3035RES1000mN2044000E3173000,AM_9,
973,CRS3035RES1000mN2044000E3173000,AM_10,85.0
974,CRS3035RES1000mN2044000E3173000,AM_11,89.0
975,CRS3035RES1000mN2044000E3173000,AM_12,81.0
976,CRS3035RES1000mN2044000E3173000,AM_13,88.0
977,CRS3035RES1000mN2044000E3173000,AM_14,92.0
978,CRS3035RES1000mN2044000E3173000,AM_15,108.0
979,CRS3035RES1000mN2044000E3173000,AM_16,98.0
980,CRS3035RES1000mN2044000E3173000,AM_17,
981,CRS3035RES1000mN2044000E3173000,AM_19,93.0
982,CRS3035RES1000mN2044000E3173000,AM_20,103.0
983,CRS3035RES1000mN2044000E3173000,AM_21,93.0
984,CRS3035RES1000mN2044000E3173000,AM_22,106.0
985,CRS3035RES1000mN2044000E3173000,AM_23,87.0
986,CRS3035RES1000mN2044000E3173000,AM_24,
987,CRS3035RES1000mN2044000E3173000,AM_25,93.0
988,CRS3035RES1000mN2044000E3173000,AM_27,
989,CRS3035RES1000mN2044000E3173000,AM_28,93.0
990,CRS3035RES1000mN2044000E3173000,AM_29,
991,CRS3035RES1000mN2044000E3173000,AM_30,
992,CRS3035RES1000mN2044000E3173000,AM_32,72.0
993,CRS3035RES1000mN2044000E3173000,AM_33,81.0
994,CRS3035RES1000mN2044000E3173000,AM_34,91.0
995,CRS3035RES1000mN2044000E3173000,AM_35,71.0
996,CRS3035RES1000mN2044000E3173000,AM_36,90.0
997,CRS3035RES1000mN2044000E3173000,AM_37,117.0
998,CRS3035RES1000mN2044000E3173000,AM_38,117.0
999,CRS3035RES1000mN2044000E3175000,28027618,91.0
1000,CRS3035RES1000mN2044000E3175000,28027591,88.0
1001,CRS3035RES1000mN2044000E3175000,28027606,84.0
1002,CRS3035RES1000mN2044000E3175000,28027898,92.0
1003,CRS3035RES1000mN2044000E3175000,28041810,118.0
1004,CRS3035RES1000mN2044000E3175000,AM_1,
1005,CRS3035RES1000mN2044000E3175000,AM_2,93.0
1006,CRS3035RES1000mN2044000E3175000,AM_3,
1007,CRS3035RES1000mN2044000E3175000,AM_5,90.0
1008,CRS3035RES1000mN2044000E3175000,AM_8,
1009,CRS3035RES1000mN2044000E3175000,AM_9,
1010,CRS3035RES1000mN2044000E3175000,AM_10,85.0
1011,CRS3035RES1000mN2044000E3175000,AM_11,89.0
1012,CRS3035RES1000mN2044000E3175000,AM_12,81.0
1013,CRS3035RES1000mN2044000E3175000,AM_13,86.0
1014,CRS3035RES1000mN2044000E3175000,AM_14,92.0
1015,CRS3035RES1000mN2044000E3175000,AM_15,108.0
1016,CRS3035RES1000mN2044000E3175000,AM_16,98.0
1017,CRS3035RES1000mN2044000E3175000,AM_17,
1018,CRS3035RES1000mN2044000E3175000,AM_19,93.0
1019,CRS3035RES1000mN2044000E3175000,AM_20,95.0
1020,CRS3035RES1000mN2044000E3175000,AM_21,94.0
1021,CRS3035RES1000mN2044000E3175000,AM_22,99.0
1022,CRS3035RES1000mN2044000E3175000,AM_23,87.0
1023,CRS3035RES1000mN2044000E3175000,AM_24,
1024,CRS3035RES1000mN2044000E3175000,AM_25,93.0
1025,CRS3035RES1000mN2044000E3175000,AM_27,
1026,CRS3035RES1000mN2044000E3175000,AM_28,92.0
1027,CRS3035RES1000mN2044000E3175000,AM_29,
1028,CRS3035RES1000mN2044000E3175000,AM_30,
1029,CRS3035RES1000mN2044000E3175000,AM_32,72.0
1030,CRS3035RES1000mN2044000E3175000,AM_33,81.0
1031,CRS3035RES1000mN2044000E3175000,AM_34,88.0
1032,CRS3035RES1000mN2044000E3175000,AM_35,71.0
1033,CRS3035RES1000mN2044000E3175000,AM_36,90.0
1034,CRS3035RES1000mN2044000E3175000,AM_37,117.0
1035,CRS3035RES1000mN2044000E3175000,AM_38,118.0
1036,CRS3035RES1000mN2045000E3166000,28027618,93.0
1037,CRS3035RES1000mN2045000E3166000,28027591,90.0
1038,CRS3035RES1000mN2045000E3166000,28027606,62.0
1039,CRS3035RES1000mN2045000E3166000,28027898,107.0
1040,CRS3035RES1000mN2045000E3166000,28041810,
1041,CRS3035RES1000mN2045000E3166000,AM_1,
1042,CRS3035RES1000mN2045000E3166000,AM_2,96.0
1043,CRS3035RES1000mN2045000E3166000,AM_3,
1044,CRS3035RES1000mN2045000E3166000,AM_5,93.0
1045,CRS3035RES1000mN2045000E3166000,AM_8,
1046,CRS3035RES1000mN2045000E3166000,AM_9,
1047,CRS3035RES1000mN2045000E3166000,AM_10,90.0
1048,CRS3035RES1000mN2045000E3166000,AM_11,93.0
1049,CRS3035RES1000mN2045000E3166000,AM_12,82.0
1050,CRS3035RES1000mN2045000E3166000,AM_13,60.0
1051,CRS3035RES1000mN2045000E3166000,AM_14,94.0
1052,CRS3035RES1000mN2045000E3166000,AM_15,115.0
1053,CRS3035RES1000mN2045000E3166000,AM_16,102.0
1054,CRS3035RES1000mN2045000E3166000,AM_17,
1055,CRS3035RES1000mN2045000E3166000,AM_19,96.0
1056,CRS3035RES1000mN2045000E3166000,AM_20,109.0
1057,CRS3035RES1000mN2045000E3166000,AM_21,96.0
1058,CRS3035RES1000mN2045000E3166000,AM_22,112.0
1059,CRS3035RES1000mN2045000E3166000,AM_23,90.0
1060,CRS3035RES1000mN2045000E3166000,AM_24,
1061,CRS3035RES1000mN2045000E3166000,AM_25,97.0
1062,CRS3035RES1000mN2045000E3166000,AM_27,
1063,CRS3035RES1000mN2045000E3166000,AM_28,98.0
1064,CRS3035RES1000mN2045000E3166000,AM_29,
1065,CRS3035RES1000mN2045000E3166000,AM_30,
1066,CRS3035RES1000mN2045000E3166000,AM_32,79.0
1067,CRS3035RES1000mN2045000E3166000,AM_33,86.0
1068,CRS3035RES1000mN2045000E3166000,AM_34,72.0
1069,CRS3035RES1000mN2045000E3166000,AM_35,78.0
1070,CRS3035RES1000mN2045000E3166000,AM_36,94.0
1071,CRS3035RES1000mN2045000E3166000,AM_37,
1072,CRS3035RES1000mN2045000E3166000,AM_38,
1073,CRS3035RES1000mN2045000E3167000,28027618,103.0
1074,CRS3035RES1000mN2045000E3167000,28027591,100.0
1075,CRS3035RES1000mN2045000E3167000,28027606,78.0
1076,CRS3035RES1000mN2045000E3167000,28027898,107.0
1077,CRS3035RES1000mN2045000E3167000,28041810,
1078,CRS3035RES1000mN2045000E3167000,AM_1,
1079,CRS3035RES1000mN2045000E3167000,AM_2,105.0
1080,CRS3035RES1000mN2045000E3167000,AM_3,
1081,CRS3035RES1000mN2045000E3167000,AM_5,101.0
1082,CRS3035RES1000mN2045000E3167000,AM_8,
1083,CRS3035RES1000mN2045000E3167000,AM_9,
1084,CRS3035RES1000mN2045000E3167000,AM_10,96.0
1085,CRS3035RES1000mN2045000E3167000,AM_11,102.0
1086,CRS3035RES1000mN2045000E3167000,AM_12,87.0
1087,CRS3035RES1000mN2045000E3167000,AM_13,75.0
1088,CRS3035RES1000mN2045000E3167000,AM_14,103.0
1089,CRS3035RES1000mN2045000E3167000,AM_15,
1090,CRS3035RES1000mN2045000E3167000,AM_16,108.0
1091,CRS3035RES1000mN2045000E3167000,AM_17,
1092,CRS3035RES1000mN2045000E3167000,AM_19,104.0
1093,CRS3035RES1000mN2045000E3167000,AM_20,115.0
1094,CRS3035RES1000mN2045000E3167000,AM_21,104.0
1095,CRS3035RES1000mN2045000E3167000,AM_22,118.0
1096,CRS3035RES1000mN2045000E3167000,AM_23,98.0
1097,CRS3035RES1000mN2045000E3167000,AM_24,
1098,CRS3035RES1000mN2045000E3167000,AM_25,104.0
1099,CRS3035RES1000mN2045000E3167000,AM_27,
1100,CRS3035RES1000mN2045000E3167000,AM_28,106.0
1101,CRS3035RES1000mN2045000E3167000,AM_29,
1102,CRS3035RES1000mN2045000E3167000,AM_30,
1103,CRS3035RES1000mN2045000E3167000,AM_32,86.0
1104,CRS3035RES1000mN2045000E3167000,AM_33,92.0
1105,CRS3035RES1000mN2045000E3167000,AM_34,72.0
1106,CRS3035RES1000mN2045000E3167000,AM_35,86.0
1107,CRS3035RES1000mN2045000E3167000,AM_36,102.0
1108,CRS3035RES1000mN2045000E3167000,AM_37,
1109,CRS3035RES1000mN2045000E3167000,AM_38,
1110,CRS3035RES1000mN2045000E3168000,28027618,96.0
1111,CRS3035RES1000mN2045000E3168000,28027591,93.0
1112,CRS3035RES1000mN2045000E3168000,28027606,62.0
1113,CRS3035RES1000mN2045000E3168000,28027898,107.0
1114,CRS3035RES1000mN2045000E3168000,28041810,
1115,CRS3035RES1000mN2045000E3168000,AM_1,
1116,CRS3035RES1000mN2045000E3168000,AM_2,98.0
1117,CRS3035RES1000mN2045000E3168000,AM_3,
1118,CRS3035RES1000mN2045000E3168000,AM_5,95.0
1119,CRS3035RES1000mN2045000E3168000,AM_8,
1120,CRS3035RES1000mN2045000E3168000,AM_9,
1121,CRS3035RES1000mN2045000E3168000,AM_10,90.0
1122,CRS3035RES1000mN2045000E3168000,AM_11,95.0
1123,CRS3035RES1000mN2045000E3168000,AM_12,81.0
1124,CRS3035RES1000mN2045000E3168000,AM_13,62.0
1125,CRS3035RES1000mN2045000E3168000,AM_14,97.0
1126,CRS3035RES1000mN2045000E3168000,AM_15,115.0
1127,CRS3035RES1000mN2045000E3168000,AM_16,102.0
1128,CRS3035RES1000mN2045000E3168000,AM_17,
1129,CRS3035RES1000mN2045000E3168000,AM_19,99.0
1130,CRS3035RES1000mN2045000E3168000,AM_20,110.0
1131,CRS3035RES1000mN2045000E3168000,AM_21,98.0
1132,CRS3035RES1000mN2045000E3168000,AM_22,113.0
1133,CRS3035RES1000mN2045000E3168000,AM_23,92.0
1134,CRS3035RES1000mN2045000E3168000,AM_24,
1135,CRS3035RES1000mN2045000E3168000,AM_25,98.0
1136,CRS3035RES1000mN2045000E3168000,AM_27,
1137,CRS3035RES1000mN2045000E3168000,AM_28,100.0
1138,CRS3035RES1000mN2045000E3168000,AM_29,
1139,CRS3035RES1000mN2045000E3168000,AM_30,
1140,CRS3035RES1000mN2045000E3168000,AM_32,80.0
1141,CRS3035RES1000mN2045000E3168000,AM_33,86.0
1142,CRS3035RES1000mN2045000E3168000,AM_34,72.0
1143,CRS3035RES1000mN2045000E3168000,AM_35,77.0
1144,CRS3035RES1000mN2045000E3168000,AM_36,95.0
1145,CRS3035RES1000mN2045000E3168000,AM_37,
1146,CRS3035RES1000mN2045000E3168000,AM_38,
1147,CRS3035RES1000mN2045000E3169000,28027618,77.0
1148,CRS3035RES1000mN2045000E3169000,28027591,73.0
1149,CRS3035RES1000mN2045000E3169000,28027606,62.0
1150,CRS3035RES1000mN2045000E3169000,28027898,92.0
1151,CRS3035RES1000mN2045000E3169000,28041810,103.0
1152,CRS3035RES1000mN2045000E3169000,AM_1,107.0
1153,CRS3035RES1000mN2045000E3169000,AM_2,78.0
1154,CRS3035RES1000mN2045000E3169000,AM_3,109.0
1155,CRS3035RES1000mN2045000E3169000,AM_5,75.0
1156,CRS3035RES1000mN2045000E3169000,AM_8,
1157,CRS3035RES1000mN2045000E3169000,AM_9,113.0
1158,CRS3035RES1000mN2045000E3169000,AM_10,70.0
1159,CRS3035RES1000mN2045000E3169000,AM_11,75.0
1160,CRS3035RES1000mN2045000E3169000,AM_12,65.0
1161,CRS3035RES1000mN2045000E3169000,AM_13,59.0
1162,CRS3035RES1000mN2045000E3169000,AM_14,77.0
1163,CRS3035RES1000mN2045000E3169000,AM_15,94.0
1164,CRS3035RES1000mN2045000E3169000,AM_16,83.0
1165,CRS3035RES1000mN2045000E3169000,AM_17,109.0
1166,CRS3035RES1000mN2045000E3169000,AM_19,78.0
1167,CRS3035RES1000mN2045000E3169000,AM_20,89.0
1168,CRS3035RES1000mN2045000E3169000,AM_21,79.0
1169,CRS3035RES1000mN2045000E3169000,AM_22,93.0
1170,CRS3035RES1000mN2045000E3169000,AM_23,72.0
1171,CRS3035RES1000mN2045000E3169000,AM_24,119.0
1172,CRS3035RES1000mN2045000E3169000,AM_25,78.0
1173,CRS3035RES1000mN2045000E3169000,AM_27,
1174,CRS3035RES1000mN2045000E3169000,AM_28,78.0
1175,CRS3035RES1000mN2045000E3169000,AM_29,102.0
1176,CRS3035RES1000mN2045000E3169000,AM_30,108.0
1177,CRS3035RES1000mN2045000E3169000,AM_32,58.0
1178,CRS3035RES1000mN2045000E3169000,AM_33,66.0
1179,CRS3035RES1000mN2045000E3169000,AM_34,51.0
1180,CRS3035RES1000mN2045000E3169000,AM_35,57.0
1181,CRS3035RES1000mN2045000E3169000,AM_36,75.0
1182,CRS3035RES1000mN2045000E3169000,AM_37,105.0
1183,CRS3035RES1000mN2045000E3169000,AM_38,103.0
1184,CRS3035RES1000mN2045000E3170000,28027618,76.0
1185,CRS3035RES1000mN2045000E3170000,28027591,73.0
1186,CRS3035RES1000mN2045000E3170000,28027606,62.0
1187,CRS3035RES1000mN2045000E3170000,28027898,92.0
1188,CRS3035RES1000mN2045000E3170000,28041810,103.0
1189,CRS3035RES1000mN2045000E3170000,AM_1,107.0
1190,CRS3035RES1000mN2045000E3170000,AM_2,78.0
1191,CRS3035RES1000mN2045000E3170000,AM_3,109.0
1192,CRS3035RES1000mN2045000E3170000,AM_5,75.0
1193,CRS3035RES1000mN2045000E3170000,AM_8,
1194,CRS3035RES1000mN2045000E3170000,AM_9,113.0
1195,CRS3035RES1000mN2045000E3170000,AM_10,70.0
1196,CRS3035RES1000mN2045000E3170000,AM_11,75.0
1197,CRS3035RES1000mN2045000E3170000,AM_12,65.0
1198,CRS3035RES1000mN2045000E3170000,AM_13,59.0
1199,CRS3035RES1000mN2045000E3170000,AM_14,77.0
1200,CRS3035RES1000mN2045000E3170000,AM_15,94.0
1201,CRS3035RES1000mN2045000E3170000,AM_16,83.0
1202,CRS3035RES1000mN2045000E3170000,AM_17,109.0
1203,CRS3035RES1000mN2045000E3170000,AM_19,78.0
1204,CRS3035RES1000mN2045000E3170000,AM_20,88.0
1205,CRS3035RES1000mN2045000E3170000,AM_21,78.0
1206,CRS3035RES1000mN2045000E3170000,AM_22,92.0
1207,CRS3035RES1000mN2045000E3170000,AM_23,72.0
1208,CRS3035RES1000mN2045000E3170000,AM_24,118.0
1209,CRS3035RES1000mN2045000E3170000,AM_25,78.0
1210,CRS3035RES1000mN2045000E3170000,AM_27,
1211,CRS3035RES1000mN2045000E3170000,AM_28,78.0
1212,CRS3035RES1000mN2045000E3170000,AM_29,102.0
1213,CRS3035RES1000mN2045000E3170000,AM_30,108.0
1214,CRS3035RES1000mN2045000E3170000,AM_32,57.0
1215,CRS3035RES1000mN2045000E3170000,AM_33,67.0
1216,CRS3035RES1000mN2045000E3170000,AM_34,51.0
1217,CRS3035RES1000mN2045000E3170000,AM_35,56.0
1218,CRS3035RES1000mN2045000E3170000,AM_36,75.0
1219,CRS3035RES1000mN2045000E3170000,AM_37,105.0
1220,CRS3035RES1000mN2045000E3170000,AM_38,103.0
1221,CRS3035RES1000mN2045000E3171000,28027618,80.0
1222,CRS3035RES1000mN2045000E3171000,28027591,76.0
1223,CRS3035RES1000mN2045000E3171000,28027606,62.0
1224,CRS3035RES1000mN2045000E3171000,28027898,92.0
1225,CRS3035RES1000mN2045000E3171000,28041810,111.0
1226,CRS3035RES1000mN2045000E3171000,AM_1,111.0
1227,CRS3035RES1000mN2045000E3171000,AM_2,81.0
1228,CRS3035RES1000mN2045000E3171000,AM_3,114.0
1229,CRS3035RES1000mN2045000E3171000,AM_5,78.0
1230,CRS3035RES1000mN2045000E3171000,AM_8,
1231,CRS3035RES1000mN2045000E3171000,AM_9,116.0
1232,CRS3035RES1000mN2045000E3171000,AM_10,73.0
1233,CRS3035RES1000mN2045000E3171000,AM_11,78.0
1234,CRS3035RES1000mN2045000E3171000,AM_12,67.0
1235,CRS3035RES1000mN2045000E3171000,AM_13,60.0
1236,CRS3035RES1000mN2045000E3171000,AM_14,80.0
1237,CRS3035RES1000mN2045000E3171000,AM_15,97.0
1238,CRS3035RES1000mN2045000E3171000,AM_16,86.0
1239,CRS3035RES1000mN2045000E3171000,AM_17,112.0
1240,CRS3035RES1000mN2045000E3171000,AM_19,81.0
1241,CRS3035RES1000mN2045000E3171000,AM_20,92.0
1242,CRS3035RES1000mN2045000E3171000,AM_21,81.0
1243,CRS3035RES1000mN2045000E3171000,AM_22,95.0
1244,CRS3035RES1000mN2045000E3171000,AM_23,75.0
1245,CRS3035RES1000mN2045000E3171000,AM_24,
1246,CRS3035RES1000mN2045000E3171000,AM_25,81.0
1247,CRS3035RES1000mN2045000E3171000,AM_27,
1248,CRS3035RES1000mN2045000E3171000,AM_28,81.0
1249,CRS3035RES1000mN2045000E3171000,AM_29,110.0
1250,CRS3035RES1000mN2045000E3171000,AM_30,111.0
1251,CRS3035RES1000mN2045000E3171000,AM_32,61.0
1252,CRS3035RES1000mN2045000E3171000,AM_33,69.0
1253,CRS3035RES1000mN2045000E3171000,AM_34,51.0
1254,CRS3035RES1000mN2045000E3171000,AM_35,58.0
1255,CRS3035RES1000mN2045000E3171000,AM_36,78.0
1256,CRS3035RES1000mN2045000E3171000,AM_37,108.0
1257,CRS3035RES1000mN2045000E3171000,AM_38,106.0
1258,CRS3035RES1000mN2045000E3172000,28027618,89.0
1259,CRS3035RES1000mN2045000E3172000,28027591,86.0
1260,CRS3035RES1000mN2045000E3172000,28027606,66.0
1261,CRS3035RES1000mN2045000E3172000,28027898,96.0
1262,CRS3035RES1000mN2045000E3172000,28041810,117.0
1263,CRS3035RES1000mN2045000E3172000,AM_1,
1264,CRS3035RES1000mN2045000E3172000,AM_2,91.0
1265,CRS3035RES1000mN2045000E3172000,AM_3,
1266,CRS3035RES1000mN2045000E3172000,AM_5,88.0
1267,CRS3035RES1000mN2045000E3172000,AM_8,
1268,CRS3035RES1000mN2045000E3172000,AM_9,
1269,CRS3035RES1000mN2045000E3172000,AM_10,82.0
1270,CRS3035RES1000mN2045000E3172000,AM_11,88.0
1271,CRS3035RES1000mN2045000E3172000,AM_12,79.0
1272,CRS3035RES1000mN2045000E3172000,AM_13,65.0
1273,CRS3035RES1000mN2045000E3172000,AM_14,89.0
1274,CRS3035RES1000mN2045000E3172000,AM_15,106.0
1275,CRS3035RES1000mN2045000E3172000,AM_16,97.0
1276,CRS3035RES1000mN2045000E3172000,AM_17,
1277,CRS3035RES1000mN2045000E3172000,AM_19,92.0
1278,CRS3035RES1000mN2045000E3172000,AM_20,101.0
1279,CRS3035RES1000mN2045000E3172000,AM_21,91.0
1280,CRS3035RES1000mN2045000E3172000,AM_22,103.0
1281,CRS3035RES1000mN2045000E3172000,AM_23,85.0
1282,CRS3035RES1000mN2045000E3172000,AM_24,
1283,CRS3035RES1000mN2045000E3172000,AM_25,92.0
1284,CRS3035RES1000mN2045000E3172000,AM_27,
1285,CRS3035RES1000mN2045000E3172000,AM_28,91.0
1286,CRS3035RES1000mN2045000E3172000,AM_29,
1287,CRS3035RES1000mN2045000E3172000,AM_30,
1288,CRS3035RES1000mN2045000E3172000,AM_32,71.0
1289,CRS3035RES1000mN2045000E3172000,AM_33,80.0
1290,CRS3035RES1000mN2045000E3172000,AM_34,56.0
1291,CRS3035RES1000mN2045000E3172000,AM_35,70.0
1292,CRS3035RES1000mN2045000E3172000,AM_36,89.0
1293,CRS3035RES1000mN2045000E3172000,AM_37,116.0
1294,CRS3035RES1000mN2045000E3172000,AM_38,116.0
1295,CRS3035RES1000mN2045000E3173000,28027618,90.0
1296,CRS3035RES1000mN2045000E3173000,28027591,87.0
1297,CRS3035RES1000mN2045000E3173000,28027606,79.0
1298,CRS3035RES1000mN2045000E3173000,28027898,105.0
1299,CRS3035RES1000mN2045000E3173000,28041810,116.0
1300,CRS3035RES1000mN2045000E3173000,AM_1,119.0
1301,CRS3035RES1000mN2045000E3173000,AM_2,91.0
1302,CRS3035RES1000mN2045000E3173000,AM_3,119.0
1303,CRS3035RES1000mN2045000E3173000,AM_5,88.0
1304,CRS3035RES1000mN2045000E3173000,AM_8,
1305,CRS3035RES1000mN2045000E3173000,AM_9,
1306,CRS3035RES1000mN2045000E3173000,AM_10,83.0
1307,CRS3035RES1000mN2045000E3173000,AM_11,87.0
1308,CRS3035RES1000mN2045000E3173000,AM_12,79.0
1309,CRS3035RES1000mN2045000E3173000,AM_13,76.0
1310,CRS3035RES1000mN2045000E3173000,AM_14,91.0
1311,CRS3035RES1000mN2045000E3173000,AM_15,107.0
1312,CRS3035RES1000mN2045000E3173000,AM_16,96.0
1313,CRS3035RES1000mN2045000E3173000,AM_17,
1314,CRS3035RES1000mN2045000E3173000,AM_19,91.0
1315,CRS3035RES1000mN2045000E3173000,AM_20,101.0
1316,CRS3035RES1000mN2045000E3173000,AM_21,92.0
1317,CRS3035RES1000mN2045000E3173000,AM_22,105.0
1318,CRS3035RES1000mN2045000E3173000,AM_23,85.0
1319,CRS3035RES1000mN2045000E3173000,AM_24,
1320,CRS3035RES1000mN2045000E3173000,AM_25,91.0
1321,CRS3035RES1000mN2045000E3173000,AM_27,
1322,CRS3035RES1000mN2045000E3173000,AM_28,90.0
1323,CRS3035RES1000mN2045000E3173000,AM_29,118.0
1324,CRS3035RES1000mN2045000E3173000,AM_30,
1325,CRS3035RES1000mN2045000E3173000,AM_32,70.0
1326,CRS3035RES1000mN2045000E3173000,AM_33,80.0
1327,CRS3035RES1000mN2045000E3173000,AM_34,70.0
1328,CRS3035RES1000mN2045000E3173000,AM_35,69.0
1329,CRS3035RES1000mN2045000E3173000,AM_36,88.0
1330,CRS3035RES1000mN2045000E3173000,AM_37,115.0
1331,CRS3035RES1000mN2045000E3173000,AM_38,116.0
1332,CRS3035RES1000mN2045000E3174000,28027618,76.0
1333,CRS3035RES1000mN2045000E3174000,28027591,73.0
1334,CRS3035RES1000mN2045000E3174000,28027606,62.0
1335,CRS3035RES1000mN2045000E3174000,28027898,90.0
1336,CRS3035RES1000mN2045000E3174000,28041810,102.0
1337,CRS3035RES1000mN2045000E3174000,AM_1,107.0
1338,CRS3035RES1000mN2045000E3174000,AM_2,78.0
1339,CRS3035RES1000mN2045000E3174000,AM_3,109.0
1340,CRS3035RES1000mN2045000E3174000,AM_5,75.0
1341,CRS3035RES1000mN2045000E3174000,AM_8,
1342,CRS3035RES1000mN2045000E3174000,AM_9,112.0
1343,CRS3035RES1000mN2045000E3174000,AM_10,70.0
1344,CRS3035RES1000mN2045000E3174000,AM_11,75.0
1345,CRS3035RES1000mN2045000E3174000,AM_12,64.0
1346,CRS3035RES1000mN2045000E3174000,AM_13,59.0
1347,CRS3035RES1000mN2045000E3174000,AM_14,76.0
1348,CRS3035RES1000mN2045000E3174000,AM_15,95.0
1349,CRS3035RES1000mN2045000E3174000,AM_16,82.0
1350,CRS3035RES1000mN2045000E3174000,AM_17,108.0
1351,CRS3035RES1000mN2045000E3174000,AM_19,78.0
1352,CRS3035RES1000mN2045000E3174000,AM_20,89.0
1353,CRS3035RES1000mN2045000E3174000,AM_21,78.0
1354,CRS3035RES1000mN2045000E3174000,AM_22,93.0
1355,CRS3035RES1000mN2045000E3174000,AM_23,72.0
1356,CRS3035RES1000mN2045000E3174000,AM_24,119.0
1357,CRS3035RES1000mN2045000E3174000,AM_25,77.0
1358,CRS3035RES1000mN2045000E3174000,AM_27,
1359,CRS3035RES1000mN2045000E3174000,AM_28,78.0
1360,CRS3035RES1000mN2045000E3174000,AM_29,102.0
1361,CRS3035RES1000mN2045000E3174000,AM_30,107.0
1362,CRS3035RES1000mN2045000E3174000,AM_32,58.0
1363,CRS3035RES1000mN2045000E3174000,AM_33,66.0
1364,CRS3035RES1000mN2045000E3174000,AM_34,51.0
1365,CRS3035RES1000mN2045000E3174000,AM_35,57.0
1366,CRS3035RES1000mN2045000E3174000,AM_36,76.0
1367,CRS3035RES1000mN2045000E3174000,AM_37,104.0
1368,CRS3035RES1000mN2045000E3174000,AM_38,102.0
1369,CRS3035RES1000mN2045000E3175000,28027618,91.0
1370,CRS3035RES1000mN2045000E3175000,28027591,89.0
1371,CRS3035RES1000mN2045000E3175000,28027606,81.0
1372,CRS3035RES1000mN2045000E3175000,28027898,103.0
1373,CRS3035RES1000mN2045000E3175000,28041810,118.0
1374,CRS3035RES1000mN2045000E3175000,AM_1,
1375,CRS3035RES1000mN2045000E3175000,AM_2,93.0
1376,CRS3035RES1000mN2045000E3175000,AM_3,
1377,CRS3035RES1000mN2045000E3175000,AM_5,90.0
1378,CRS3035RES1000mN2045000E3175000,AM_8,
1379,CRS3035RES1000mN2045000E3175000,AM_9,
1380,CRS3035RES1000mN2045000E3175000,AM_10,85.0
1381,CRS3035RES1000mN2045000E3175000,AM_11,89.0
1382,CRS3035RES1000mN2045000E3175000,AM_12,81.0
1383,CRS3035RES1000mN2045000E3175000,AM_13,78.0
1384,CRS3035RES1000mN2045000E3175000,AM_14,92.0
1385,CRS3035RES1000mN2045000E3175000,AM_15,108.0
1386,CRS3035RES1000mN2045000E3175000,AM_16,98.0
1387,CRS3035RES1000mN2045000E3175000,AM_17,
1388,CRS3035RES1000mN2045000E3175000,AM_19,94.0
1389,CRS3035RES1000mN2045000E3175000,AM_20,100.0
1390,CRS3035RES1000mN2045000E3175000,AM_21,94.0
1391,CRS3035RES1000mN2045000E3175000,AM_22,104.0
1392,CRS3035RES1000mN2045000E3175000,AM_23,87.0
1393,CRS3035RES1000mN2045000E3175000,AM_24,
1394,CRS3035RES1000mN2045000E3175000,AM_25,93.0
1395,CRS3035RES1000mN2045000E3175000,AM_27,
1396,CRS3035RES1000mN2045000E3175000,AM_28,92.0
1397,CRS3035RES1000mN2045000E3175000,AM_29,
1398,CRS3035RES1000mN2045000E3175000,AM_30,
1399,CRS3035RES1000mN2045000E3175000,AM_32,72.0
1400,CRS3035RES1000mN2045000E3175000,AM_33,81.0
1401,CRS3035RES1000mN2045000E3175000,AM_34,72.0
1402,CRS3035RES1000mN2045000E3175000,AM_35,72.0
1403,CRS3035RES1000mN2045000E3175000,AM_36,90.0
1404,CRS3035RES1000mN2045000E3175000,AM_37,117.0
1405,CRS3035RES1000mN2045000E3175000,AM_38,117.0
1406,CRS3035RES1000mN2046000E3165000,28027618,
1407,CRS3035RES1000mN2046000E3165000,28027591,
1408,CRS3035RES1000mN2046000E3165000,28027606,
1409,CRS3035RES1000mN2046000E3165000,28027898,
1410,CRS3035RES1000mN2046000E3165000,28041810,
1411,CRS3035RES1000mN2046000E3165000,AM_1,
1412,CRS3035RES1000mN2046000E3165000,AM_2,
1413,CRS3035RES1000mN2046000E3165000,AM_3,
1414,CRS3035RES1000mN2046000E3165000,AM_5,
1415,CRS3035RES1000mN2046000E3165000,AM_8,
1416,CRS3035RES1000mN2046000E3165000,AM_9,
1417,CRS3035RES1000mN2046000E3165000,AM_10,
1418,CRS3035RES1000mN2046000E3165000,AM_11,
1419,CRS3035RES1000mN2046000E3165000,AM_12,
1420,CRS3035RES1000mN2046000E3165000,AM_13,
1421,CRS3035RES1000mN2046000E3165000,AM_14,
1422,CRS3035RES1000mN2046000E3165000,AM_15,
1423,CRS3035RES1000mN2046000E3165000,AM_16,
1424,CRS3035RES1000mN2046000E3165000,AM_17,
1425,CRS3035RES1000mN2046000E3165000,AM_19,
1426,CRS3035RES1000mN2046000E3165000,AM_20,
1427,CRS3035RES1000mN2046000E3165000,AM_21,
1428,CRS3035RES1000mN2046000E3165000,AM_22,
1429,CRS3035RES1000mN2046000E3165000,AM_23,
1430,CRS3035RES1000mN2046000E3165000,AM_24,
1431,CRS3035RES1000mN2046000E3165000,AM_25,
1432,CRS3035RES1000mN2046000E3165000,AM_27,
1433,CRS3035RES1000mN2046000E3165000,AM_28,
1434,CRS3035RES1000mN2046000E3165000,AM_29,
1435,CRS3035RES1000mN2046000E3165000,AM_30,
1436,CRS3035RES1000mN2046000E3165000,AM_32,
1437,CRS3035RES1000mN2046000E3165000,AM_33,
1438,CRS3035RES1000mN2046000E3165000,AM_34,
1439,CRS3035RES1000mN2046000E3165000,AM_35,
1440,CRS3035RES1000mN2046000E3165000,AM_36,
1441,CRS3035RES1000mN2046000E3165000,AM_37,
1442,CRS3035RES1000mN2046000E3165000,AM_38,
1443,CRS3035RES1000mN2046000E3166000,28027618,112.0
1444,CRS3035RES1000mN2046000E3166000,28027591,109.0
1445,CRS3035RES1000mN2046000E3166000,28027606,82.0
1446,CRS3035RES1000mN2046000E3166000,28027898,
1447,CRS3035RES1000mN2046000E3166000,28041810,
1448,CRS3035RES1000mN2046000E3166000,AM_1,
1449,CRS3035RES1000mN2046000E3166000,AM_2,114.0
1450,CRS3035RES1000mN2046000E3166000,AM_3,
1451,CRS3035RES1000mN2046000E3166000,AM_5,111.0
1452,CRS3035RES1000mN2046000E3166000,AM_8,
1453,CRS3035RES1000mN2046000E3166000,AM_9,
1454,CRS3035RES1000mN2046000E3166000,AM_10,109.0
1455,CRS3035RES1000mN2046000E3166000,AM_11,111.0
1456,CRS3035RES1000mN2046000E3166000,AM_12,101.0
1457,CRS3035RES1000mN2046000E3166000,AM_13,79.0
1458,CRS3035RES1000mN2046000E3166000,AM_14,112.0
1459,CRS3035RES1000mN2046000E3166000,AM_15,
1460,CRS3035RES1000mN2046000E3166000,AM_16,
1461,CRS3035RES1000mN2046000E3166000,AM_17,
1462,CRS3035RES1000mN2046000E3166000,AM_19,113.0
1463,CRS3035RES1000mN2046000E3166000,AM_20,
1464,CRS3035RES1000mN2046000E3166000,AM_21,114.0
1465,CRS3035RES1000mN2046000E3166000,AM_22,
1466,CRS3035RES1000mN2046000E3166000,AM_23,107.0
1467,CRS3035RES1000mN2046000E3166000,AM_24,
1468,CRS3035RES1000mN2046000E3166000,AM_25,115.0
1469,CRS3035RES1000mN2046000E3166000,AM_27,
1470,CRS3035RES1000mN2046000E3166000,AM_28,117.0
1471,CRS3035RES1000mN2046000E3166000,AM_29,
1472,CRS3035RES1000mN2046000E3166000,AM_30,
1473,CRS3035RES1000mN2046000E3166000,AM_32,99.0
1474,CRS3035RES1000mN2046000E3166000,AM_33,104.0
1475,CRS3035RES1000mN2046000E3166000,AM_34,90.0
1476,CRS3035RES1000mN2046000E3166000,AM_35,99.0
1477,CRS3035RES1000mN2046000E3166000,AM_36,112.0
1478,CRS3035RES1000mN2046000E3166000,AM_37,
1479,CRS3035RES1000mN2046000E3166000,AM_38,
1480,CRS3035RES1000mN2046000E3170000,28027618,91.0
1481,CRS3035RES1000mN2046000E3170000,28027591,88.0
1482,CRS3035RES1000mN2046000E3170000,28027606,82.0
1483,CRS3035RES1000mN2046000E3170000,28027898,107.0
1484,CRS3035RES1000mN2046000E3170000,28041810,118.0
1485,CRS3035RES1000mN2046000E3170000,AM_1,
1486,CRS3035RES1000mN2046000E3170000,AM_2,92.0
1487,CRS3035RES1000mN2046000E3170000,AM_3,
1488,CRS3035RES1000mN2046000E3170000,AM_5,90.0
1489,CRS3035RES1000mN2046000E3170000,AM_8,
1490,CRS3035RES1000mN2046000E3170000,AM_9,
1491,CRS3035RES1000mN2046000E3170000,AM_10,84.0
1492,CRS3035RES1000mN2046000E3170000,AM_11,89.0
1493,CRS3035RES1000mN2046000E3170000,AM_12,81.0
1494,CRS3035RES1000mN2046000E3170000,AM_13,79.0
1495,CRS3035RES1000mN2046000E3170000,AM_14,91.0
1496,CRS3035RES1000mN2046000E3170000,AM_15,108.0
1497,CRS3035RES1000mN2046000E3170000,AM_16,98.0
1498,CRS3035RES1000mN2046000E3170000,AM_17,
1499,CRS3035RES1000mN2046000E3170000,AM_19,93.0
1500,CRS3035RES1000mN2046000E3170000,AM_20,102.0
1501,CRS3035RES1000mN2046000E3170000,AM_21,93.0
1502,CRS3035RES1000mN2046000E3170000,AM_22,106.0
1503,CRS3035RES1000mN2046000E3170000,AM_23,87.0
1504,CRS3035RES1000mN2046000E3170000,AM_24,
1505,CRS3035RES1000mN2046000E3170000,AM_25,92.0
1506,CRS3035RES1000mN2046000E3170000,AM_27,
1507,CRS3035RES1000mN2046000E3170000,AM_28,92.0
1508,CRS3035RES1000mN2046000E3170000,AM_29,
1509,CRS3035RES1000mN2046000E3170000,AM_30,
1510,CRS3035RES1000mN2046000E3170000,AM_32,72.0
1511,CRS3035RES1000mN2046000E3170000,AM_33,81.0
1512,CRS3035RES1000mN2046000E3170000,AM_34,72.0
1513,CRS3035RES1000mN2046000E3170000,AM_35,71.0
1514,CRS3035RES1000mN2046000E3170000,AM_36,90.0
1515,CRS3035RES1000mN2046000E3170000,AM_37,117.0
1516,CRS3035RES1000mN2046000E3170000,AM_38,117.0
1517,CRS3035RES1000mN2046000E3171000,28027618,93.0
1518,CRS3035RES1000mN2046000E3171000,28027591,90.0
1519,CRS3035RES1000mN2046000E3171000,28027606,82.0
1520,CRS3035RES1000mN2046000E3171000,28027898,107.0
1521,CRS3035RES1000mN2046000E3171000,28041810,
1522,CRS3035RES1000mN2046000E3171000,AM_1,
1523,CRS3035RES1000mN2046000E3171000,AM_2,95.0
1524,CRS3035RES1000mN2046000E3171000,AM_3,
1525,CRS3035RES1000mN2046000E3171000,AM_5,92.0
1526,CRS3035RES1000mN2046000E3171000,AM_8,
1527,CRS3035RES1000mN2046000E3171000,AM_9,
1528,CRS3035RES1000mN2046000E3171000,AM_10,87.0
1529,CRS3035RES1000mN2046000E3171000,AM_11,91.0
1530,CRS3035RES1000mN2046000E3171000,AM_12,81.0
1531,CRS3035RES1000mN2046000E3171000,AM_13,79.0
1532,CRS3035RES1000mN2046000E3171000,AM_14,94.0
1533,CRS3035RES1000mN2046000E3171000,AM_15,110.0
1534,CRS3035RES1000mN2046000E3171000,AM_16,99.0
1535,CRS3035RES1000mN2046000E3171000,AM_17,
1536,CRS3035RES1000mN2046000E3171000,AM_19,95.0
1537,CRS3035RES1000mN2046000E3171000,AM_20,104.0
1538,CRS3035RES1000mN2046000E3171000,AM_21,95.0
1539,CRS3035RES1000mN2046000E3171000,AM_22,108.0
1540,CRS3035RES1000mN2046000E3171000,AM_23,89.0
1541,CRS3035RES1000mN2046000E3171000,AM_24,
1542,CRS3035RES1000mN2046000E3171000,AM_25,94.0
1543,CRS3035RES1000mN2046000E3171000,AM_27,
1544,CRS3035RES1000mN2046000E3171000,AM_28,94.0
1545,CRS3035RES1000mN2046000E3171000,AM_29,
1546,CRS3035RES1000mN2046000E3171000,AM_30,
1547,CRS3035RES1000mN2046000E3171000,AM_32,74.0
1548,CRS3035RES1000mN2046000E3171000,AM_33,83.0
1549,CRS3035RES1000mN2046000E3171000,AM_34,72.0
1550,CRS3035RES1000mN2046000E3171000,AM_35,74.0
1551,CRS3035RES1000mN2046000E3171000,AM_36,92.0
1552,CRS3035RES1000mN2046000E3171000,AM_37,119.0
1553,CRS3035RES1000mN2046000E3171000,AM_38,119.0
1554,CRS3035RES1000mN2046000E3172000,28027618,79.0
1555,CRS3035RES1000mN2046000E3172000,28027591,76.0
1556,CRS3035RES1000mN2046000E3172000,28027606,65.0
1557,CRS3035RES1000mN2046000E3172000,28027898,95.0
1558,CRS3035RES1000mN2046000E3172000,28041810,110.0
1559,CRS3035RES1000mN2046000E3172000,AM_1,110.0
1560,CRS3035RES1000mN2046000E3172000,AM_2,80.0
1561,CRS3035RES1000mN2046000E3172000,AM_3,114.0
1562,CRS3035RES1000mN2046000E3172000,AM_5,78.0
1563,CRS3035RES1000mN2046000E3172000,AM_8,
1564,CRS3035RES1000mN2046000E3172000,AM_9,115.0
1565,CRS3035RES1000mN2046000E3172000,AM_10,73.0
1566,CRS3035RES1000mN2046000E3172000,AM_11,78.0
1567,CRS3035RES1000mN2046000E3172000,AM_12,67.0
1568,CRS3035RES1000mN2046000E3172000,AM_13,62.0
1569,CRS3035RES1000mN2046000E3172000,AM_14,80.0
1570,CRS3035RES1000mN2046000E3172000,AM_15,97.0
1571,CRS3035RES1000mN2046000E3172000,AM_16,86.0
1572,CRS3035RES1000mN2046000E3172000,AM_17,111.0
1573,CRS3035RES1000mN2046000E3172000,AM_19,81.0
1574,CRS3035RES1000mN2046000E3172000,AM_20,92.0
1575,CRS3035RES1000mN2046000E3172000,AM_21,81.0
1576,CRS3035RES1000mN2046000E3172000,AM_22,95.0
1577,CRS3035RES1000mN2046000E3172000,AM_23,75.0
1578,CRS3035RES1000mN2046000E3172000,AM_24,
1579,CRS3035RES1000mN2046000E3172000,AM_25,80.0
1580,CRS3035RES1000mN2046000E3172000,AM_27,
1581,CRS3035RES1000mN2046000E3172000,AM_28,80.0
1582,CRS3035RES1000mN2046000E3172000,AM_29,111.0
1583,CRS3035RES1000mN2046000E3172000,AM_30,111.0
1584,CRS3035RES1000mN2046000E3172000,AM_32,60.0
1585,CRS3035RES1000mN2046000E3172000,AM_33,69.0
1586,CRS3035RES1000mN2046000E3172000,AM_34,54.0
1587,CRS3035RES1000mN2046000E3172000,AM_35,59.0
1588,CRS3035RES1000mN2046000E3172000,AM_36,78.0
1589,CRS3035RES1000mN2046000E3172000,AM_37,107.0
1590,CRS3035RES1000mN2046000E3172000,AM_38,105.0
1591,CRS3035RES1000mN2046000E3173000,28027618,80.0
1592,CRS3035RES1000mN2046000E3173000,28027591,77.0
1593,CRS3035RES1000mN2046000E3173000,28027606,64.0
1594,CRS3035RES1000mN2046000E3173000,28027898,95.0
1595,CRS3035RES1000mN2046000E3173000,28041810,109.0
1596,CRS3035RES1000mN2046000E3173000,AM_1,110.0
1597,CRS3035RES1000mN2046000E3173000,AM_2,82.0
1598,CRS3035RES1000mN2046000E3173000,AM_3,115.0
1599,CRS3035RES1000mN2046000E3173000,AM_5,78.0
1600,CRS3035RES1000mN2046000E3173000,AM_8,
1601,CRS3035RES1000mN2046000E3173000,AM_9,115.0
1602,CRS3035RES1000mN2046000E3173000,AM_10,74.0
1603,CRS3035RES1000mN2046000E3173000,AM_11,78.0
1604,CRS3035RES1000mN2046000E3173000,AM_12,66.0
1605,CRS3035RES1000mN2046000E3173000,AM_13,61.0
1606,CRS3035RES1000mN2046000E3173000,AM_14,80.0
1607,CRS3035RES1000mN2046000E3173000,AM_15,98.0
1608,CRS3035RES1000mN2046000E3173000,AM_16,86.0
1609,CRS3035RES1000mN2046000E3173000,AM_17,111.0
1610,CRS3035RES1000mN2046000E3173000,AM_19,81.0
1611,CRS3035RES1000mN2046000E3173000,AM_20,93.0
1612,CRS3035RES1000mN2046000E3173000,AM_21,82.0
1613,CRS3035RES1000mN2046000E3173000,AM_22,96.0
1614,CRS3035RES1000mN2046000E3173000,AM_23,75.0
1615,CRS3035RES1000mN2046000E3173000,AM_24,
1616,CRS3035RES1000mN2046000E3173000,AM_25,81.0
1617,CRS3035RES1000mN2046000E3173000,AM_27,
1618,CRS3035RES1000mN2046000E3173000,AM_28,81.0
1619,CRS3035RES1000mN2046000E3173000,AM_29,112.0
1620,CRS3035RES1000mN2046000E3173000,AM_30,111.0
1621,CRS3035RES1000mN2046000E3173000,AM_32,61.0
1622,CRS3035RES1000mN2046000E3173000,AM_33,70.0
1623,CRS3035RES1000mN2046000E3173000,AM_34,54.0
1624,CRS3035RES1000mN2046000E3173000,AM_35,61.0
1625,CRS3035RES1000mN2046000E3173000,AM_36,79.0
1626,CRS3035RES1000mN2046000E3173000,AM_37,107.0
1627,CRS3035RES1000mN2046000E3173000,AM_38,106.0
1628,CRS3035RES1000mN2046000E3174000,28027618,73.0
1629,CRS3035RES1000mN2046000E3174000,28027591,70.0
1630,CRS3035RES1000mN2046000E3174000,28027606,62.0
1631,CRS3035RES1000mN2046000E3174000,28027898,91.0
1632,CRS3035RES1000mN2046000E3174000,28041810,100.0
1633,CRS3035RES1000mN2046000E3174000,AM_1,104.0
1634,CRS3035RES1000mN2046000E3174000,AM_2,75.0
1635,CRS3035RES1000mN2046000E3174000,AM_3,105.0
1636,CRS3035RES1000mN2046000E3174000,AM_5,72.0
1637,CRS3035RES1000mN2046000E3174000,AM_8,119.0
1638,CRS3035RES1000mN2046000E3174000,AM_9,110.0
1639,CRS3035RES1000mN2046000E3174000,AM_10,68.0
1640,CRS3035RES1000mN2046000E3174000,AM_11,73.0
1641,CRS3035RES1000mN2046000E3174000,AM_12,62.0
1642,CRS3035RES1000mN2046000E3174000,AM_13,59.0
1643,CRS3035RES1000mN2046000E3174000,AM_14,74.0
1644,CRS3035RES1000mN2046000E3174000,AM_15,92.0
1645,CRS3035RES1000mN2046000E3174000,AM_16,79.0
1646,CRS3035RES1000mN2046000E3174000,AM_17,106.0
1647,CRS3035RES1000mN2046000E3174000,AM_19,75.0
1648,CRS3035RES1000mN2046000E3174000,AM_20,86.0
1649,CRS3035RES1000mN2046000E3174000,AM_21,76.0
1650,CRS3035RES1000mN2046000E3174000,AM_22,90.0
1651,CRS3035RES1000mN2046000E3174000,AM_23,69.0
1652,CRS3035RES1000mN2046000E3174000,AM_24,117.0
1653,CRS3035RES1000mN2046000E3174000,AM_25,75.0
1654,CRS3035RES1000mN2046000E3174000,AM_27,
1655,CRS3035RES1000mN2046000E3174000,AM_28,75.0
1656,CRS3035RES1000mN2046000E3174000,AM_29,98.0
1657,CRS3035RES1000mN2046000E3174000,AM_30,106.0
1658,CRS3035RES1000mN2046000E3174000,AM_32,55.0
1659,CRS3035RES1000mN2046000E3174000,AM_33,63.0
1660,CRS3035RES1000mN2046000E3174000,AM_34,51.0
1661,CRS3035RES1000mN2046000E3174000,AM_35,55.0
1662,CRS3035RES1000mN2046000E3174000,AM_36,73.0
1663,CRS3035RES1000mN2046000E3174000,AM_37,102.0
1664,CRS3035RES1000mN2046000E3174000,AM_38,100.0
1665,CRS3035RES1000mN2047000E3165000,28027618,
1666,CRS3035RES1000mN2047000E3165000,28027591,
1667,CRS3035RES1000mN2047000E3165000,28027606,102.0
1668,CRS3035RES1000mN2047000E3165000,28027898,
1669,CRS3035RES1000mN2047000E3165000,28041810,
1670,CRS3035RES1000mN2047000E3165000,AM_1,
1671,CRS3035RES1000mN2047000E3165000,AM_2,
1672,CRS3035RES1000mN2047000E3165000,AM_3,
1673,CRS3035RES1000mN2047000E3165000,AM_5,
1674,CRS3035RES1000mN2047000E3165000,AM_8,
1675,CRS3035RES1000mN2047000E3165000,AM_9,
1676,CRS3035RES1000mN2047000E3165000,AM_10,
1677,CRS3035RES1000mN2047000E3165000,AM_11,
1678,CRS3035RES1000mN2047000E3165000,AM_12,
1679,CRS3035RES1000mN2047000E3165000,AM_13,99.0
1680,CRS3035RES1000mN2047000E3165000,AM_14,
1681,CRS3035RES1000mN2047000E3165000,AM_15,
1682,CRS3035RES1000mN2047000E3165000,AM_16,
1683,CRS3035RES1000mN2047000E3165000,AM_17,
1684,CRS3035RES1000mN2047000E3165000,AM_19,
1685,CRS3035RES1000mN2047000E3165000,AM_20,
1686,CRS3035RES1000mN2047000E3165000,AM_21,
1687,CRS3035RES1000mN2047000E3165000,AM_22,
1688,CRS3035RES1000mN2047000E3165000,AM_23,
1689,CRS3035RES1000mN2047000E3165000,AM_24,
1690,CRS3035RES1000mN2047000E3165000,AM_25,
1691,CRS3035RES1000mN2047000E3165000,AM_27,
1692,CRS3035RES1000mN2047000E3165000,AM_28,
1693,CRS3035RES1000mN2047000E3165000,AM_29,
1694,CRS3035RES1000mN2047000E3165000,AM_30,
1695,CRS3035RES1000mN2047000E3165000,AM_32,117.0
1696,CRS3035RES1000mN2047000E3165000,AM_33,
1697,CRS3035RES1000mN2047000E3165000,AM_34,107.0
1698,CRS3035RES1000mN2047000E3165000,AM_35,114.0
1699,CRS3035RES1000mN2047000E3165000,AM_36,
1700,CRS3035RES1000mN2047000E3165000,AM_37,
1701,CRS3035RES1000mN2047000E3165000,AM_38,
1702,CRS3035RES1000mN2047000E3166000,28027618,
1703,CRS3035RES1000mN2047000E3166000,28027591,
1704,CRS3035RES1000mN2047000E3166000,28027606,102.0
1705,CRS3035RES1000mN2047000E3166000,28027898,
1706,CRS3035RES1000mN2047000E3166000,28041810,
1707,CRS3035RES1000mN2047000E3166000,AM_1,
1708,CRS3035RES1000mN2047000E3166000,AM_2,
1709,CRS3035RES1000mN2047000E3166000,AM_3,
1710,CRS3035RES1000mN2047000E3166000,AM_5,
1711,CRS3035RES1000mN2047000E3166000,AM_8,
1712,CRS3035RES1000mN2047000E3166000,AM_9,
1713,CRS3035RES1000mN2047000E3166000,AM_10,
1714,CRS3035RES1000mN2047000E3166000,AM_11,
1715,CRS3035RES1000mN2047000E3166000,AM_12,112.0
1716,CRS3035RES1000mN2047000E3166000,AM_13,99.0
1717,CRS3035RES1000mN2047000E3166000,AM_14,
1718,CRS3035RES1000mN2047000E3166000,AM_15,
1719,CRS3035RES1000mN2047000E3166000,AM_16,
1720,CRS3035RES1000mN2047000E3166000,AM_17,
1721,CRS3035RES1000mN2047000E3166000,AM_19,
1722,CRS3035RES1000mN2047000E3166000,AM_20,
1723,CRS3035RES1000mN2047000E3166000,AM_21,
1724,CRS3035RES1000mN2047000E3166000,AM_22,
1725,CRS3035RES1000mN2047000E3166000,AM_23,
1726,CRS3035RES1000mN2047000E3166000,AM_24,
1727,CRS3035RES1000mN2047000E3166000,AM_25,
1728,CRS3035RES1000mN2047000E3166000,AM_27,
1729,CRS3035RES1000mN2047000E3166000,AM_28,
1730,CRS3035RES1000mN2047000E3166000,AM_29,
1731,CRS3035RES1000mN2047000E3166000,AM_30,
1732,CRS3035RES1000mN2047000E3166000,AM_32,110.0
1733,CRS3035RES1000mN2047000E3166000,AM_33,118.0
1734,CRS3035RES1000mN2047000E3166000,AM_34,95.0
1735,CRS3035RES1000mN2047000E3166000,AM_35,110.0
1736,CRS3035RES1000mN2047000E3166000,AM_36,
1737,CRS3035RES1000mN2047000E3166000,AM_37,
1738,CRS3035RES1000mN2047000E3166000,AM_38,
1739,CRS3035RES1000mN2047000E3171000,28027618,100.0
1740,CRS3035RES1000mN2047000E3171000,28027591,97.0
1741,CRS3035RES1000mN2047000E3171000,28027606,82.0
1742,CRS3035RES1000mN2047000E3171000,28027898,107.0
1743,CRS3035RES1000mN2047000E3171000,28041810,
1744,CRS3035RES1000mN2047000E3171000,AM_1,
1745,CRS3035RES1000mN2047000E3171000,AM_2,101.0
1746,CRS3035RES1000mN2047000E3171000,AM_3,
1747,CRS3035RES1000mN2047000E3171000,AM_5,99.0
1748,CRS3035RES1000mN2047000E3171000,AM_8,
1749,CRS3035RES1000mN2047000E3171000,AM_9,
1750,CRS3035RES1000mN2047000E3171000,AM_10,94.0
1751,CRS3035RES1000mN2047000E3171000,AM_11,99.0
1752,CRS3035RES1000mN2047000E3171000,AM_12,84.0
1753,CRS3035RES1000mN2047000E3171000,AM_13,82.0
1754,CRS3035RES1000mN2047000E3171000,AM_14,100.0
1755,CRS3035RES1000mN2047000E3171000,AM_15,118.0
1756,CRS3035RES1000mN2047000E3171000,AM_16,106.0
1757,CRS3035RES1000mN2047000E3171000,AM_17,
1758,CRS3035RES1000mN2047000E3171000,AM_19,102.0
1759,CRS3035RES1000mN2047000E3171000,AM_20,113.0
1760,CRS3035RES1000mN2047000E3171000,AM_21,102.0
1761,CRS3035RES1000mN2047000E3171000,AM_22,117.0
1762,CRS3035RES1000mN2047000E3171000,AM_23,96.0
1763,CRS3035RES1000mN2047000E3171000,AM_24,
1764,CRS3035RES1000mN2047000E3171000,AM_25,102.0
1765,CRS3035RES1000mN2047000E3171000,AM_27,
1766,CRS3035RES1000mN2047000E3171000,AM_28,102.0
1767,CRS3035RES1000mN2047000E3171000,AM_29,
1768,CRS3035RES1000mN2047000E3171000,AM_30,
1769,CRS3035RES1000mN2047000E3171000,AM_32,82.0
1770,CRS3035RES1000mN2047000E3171000,AM_33,89.0
1771,CRS3035RES1000mN2047000E3171000,AM_34,72.0
1772,CRS3035RES1000mN2047000E3171000,AM_35,81.0
1773,CRS3035RES1000mN2047000E3171000,AM_36,99.0
1774,CRS3035RES1000mN2047000E3171000,AM_37,
1775,CRS3035RES1000mN2047000E3171000,AM_38,
1776,CRS3035RES1000mN2047000E3172000,28027618,76.0
1777,CRS3035RES1000mN2047000E3172000,28027591,73.0
1778,CRS3035RES1000mN2047000E3172000,28027606,62.0
1779,CRS3035RES1000mN2047000E3172000,28027898,92.0
1780,CRS3035RES1000mN2047000E3172000,28041810,104.0
1781,CRS3035RES1000mN2047000E3172000,AM_1,106.0
1782,CRS3035RES1000mN2047000E3172000,AM_2,77.0
1783,CRS3035RES1000mN2047000E3172000,AM_3,111.0
1784,CRS3035RES1000mN2047000E3172000,AM_5,74.0
1785,CRS3035RES1000mN2047000E3172000,AM_8,119.0
1786,CRS3035RES1000mN2047000E3172000,AM_9,112.0
1787,CRS3035RES1000mN2047000E3172000,AM_10,70.0
1788,CRS3035RES1000mN2047000E3172000,AM_11,74.0
1789,CRS3035RES1000mN2047000E3172000,AM_12,64.0
1790,CRS3035RES1000mN2047000E3172000,AM_13,59.0
1791,CRS3035RES1000mN2047000E3172000,AM_14,76.0
1792,CRS3035RES1000mN2047000E3172000,AM_15,94.0
1793,CRS3035RES1000mN2047000E3172000,AM_16,81.0
1794,CRS3035RES1000mN2047000E3172000,AM_17,108.0
1795,CRS3035RES1000mN2047000E3172000,AM_19,78.0
1796,CRS3035RES1000mN2047000E3172000,AM_20,88.0
1797,CRS3035RES1000mN2047000E3172000,AM_21,77.0
1798,CRS3035RES1000mN2047000E3172000,AM_22,92.0
1799,CRS3035RES1000mN2047000E3172000,AM_23,71.0
1800,CRS3035RES1000mN2047000E3172000,AM_24,
1801,CRS3035RES1000mN2047000E3172000,AM_25,77.0
1802,CRS3035RES1000mN2047000E3172000,AM_27,
1803,CRS3035RES1000mN2047000E3172000,AM_28,77.0
1804,CRS3035RES1000mN2047000E3172000,AM_29,109.0
1805,CRS3035RES1000mN2047000E3172000,AM_30,107.0
1806,CRS3035RES1000mN2047000E3172000,AM_32,57.0
1807,CRS3035RES1000mN2047000E3172000,AM_33,65.0
1808,CRS3035RES1000mN2047000E3172000,AM_34,51.0
1809,CRS3035RES1000mN2047000E3172000,AM_35,57.0
1810,CRS3035RES1000mN2047000E3172000,AM_36,75.0
1811,CRS3035RES1000mN2047000E3172000,AM_37,104.0
1812,CRS3035RES1000mN2047000E3172000,AM_38,103.0
1813,CRS3035RES1000mN2047000E3173000,28027618,89.0
1814,CRS3035RES1000mN2047000E3173000,28027591,86.0
1815,CRS3035RES1000mN2047000E3173000,28027606,80.0
1816,CRS3035RES1000mN2047000E3173000,28027898,105.0
1817,CRS3035RES1000mN2047000E3173000,28041810,116.0
1818,CRS3035RES1000mN2047000E3173000,AM_1,
1819,CRS3035RES1000mN2047000E3173000,AM_2,90.0
1820,CRS3035RES1000mN2047000E3173000,AM_3,118.0
1821,CRS3035RES1000mN2047000E3173000,AM_5,88.0
1822,CRS3035RES1000mN2047000E3173000,AM_8,
1823,CRS3035RES1000mN2047000E3173000,AM_9,
1824,CRS3035RES1000mN2047000E3173000,AM_10,83.0
1825,CRS3035RES1000mN2047000E3173000,AM_11,87.0
1826,CRS3035RES1000mN2047000E3173000,AM_12,79.0
1827,CRS3035RES1000mN2047000E3173000,AM_13,77.0
1828,CRS3035RES1000mN2047000E3173000,AM_14,90.0
1829,CRS3035RES1000mN2047000E3173000,AM_15,106.0
1830,CRS3035RES1000mN2047000E3173000,AM_16,96.0
1831,CRS3035RES1000mN2047000E3173000,AM_17,
1832,CRS3035RES1000mN2047000E3173000,AM_19,92.0
1833,CRS3035RES1000mN2047000E3173000,AM_20,100.0
1834,CRS3035RES1000mN2047000E3173000,AM_21,92.0
1835,CRS3035RES1000mN2047000E3173000,AM_22,104.0
1836,CRS3035RES1000mN2047000E3173000,AM_23,86.0
1837,CRS3035RES1000mN2047000E3173000,AM_24,
1838,CRS3035RES1000mN2047000E3173000,AM_25,91.0
1839,CRS3035RES1000mN2047000E3173000,AM_27,
1840,CRS3035RES1000mN2047000E3173000,AM_28,90.0
1841,CRS3035RES1000mN2047000E3173000,AM_29,115.0
1842,CRS3035RES1000mN2047000E3173000,AM_30,
1843,CRS3035RES1000mN2047000E3173000,AM_32,70.0
1844,CRS3035RES1000mN2047000E3173000,AM_33,79.0
1845,CRS3035RES1000mN2047000E3173000,AM_34,70.0
1846,CRS3035RES1000mN2047000E3173000,AM_35,70.0
1847,CRS3035RES1000mN2047000E3173000,AM_36,89.0
1848,CRS3035RES1000mN2047000E3173000,AM_37,115.0
1849,CRS3035RES1000mN2047000E3173000,AM_38,115.0
1850,CRS3035RES1000mN2048000E3170000,28027618,114.0
1851,CRS3035RES1000mN2048000E3170000,28027591,111.0
1852,CRS3035RES1000mN2048000E3170000,28027606,102.0
1853,CRS3035RES1000mN2048000E3170000,28027898,
1854,CRS3035RES1000mN2048000E3170000,28041810,
1855,CRS3035RES1000mN2048000E3170000,AM_1,
1856,CRS3035RES1000mN2048000E3170000,AM_2,116.0
1857,CRS3035RES1000mN2048000E3170000,AM_3,
1858,CRS3035RES1000mN2048000E3170000,AM_5,113.0
1859,CRS3035RES1000mN2048000E3170000,AM_8,
1860,CRS3035RES1000mN2048000E3170000,AM_9,
1861,CRS3035RES1000mN2048000E3170000,AM_10,109.0
1862,CRS3035RES1000mN2048000E3170000,AM_11,113.0
1863,CRS3035RES1000mN2048000E3170000,AM_12,103.0
1864,CRS3035RES1000mN2048000E3170000,AM_13,102.0
1865,CRS3035RES1000mN2048000E3170000,AM_14,115.0
1866,CRS3035RES1000mN2048000E3170000,AM_15,
1867,CRS3035RES1000mN2048000E3170000,AM_16,
1868,CRS3035RES1000mN2048000E3170000,AM_17,
1869,CRS3035RES1000mN2048000E3170000,AM_19,116.0
1870,CRS3035RES1000mN2048000E3170000,AM_20,
1871,CRS3035RES1000mN2048000E3170000,AM_21,117.0
1872,CRS3035RES1000mN2048000E3170000,AM_22,
1873,CRS3035RES1000mN2048000E3170000,AM_23,110.0
1874,CRS3035RES1000mN2048000E3170000,AM_24,
1875,CRS3035RES1000mN2048000E3170000,AM_25,116.0
1876,CRS3035RES1000mN2048000E3170000,AM_27,
1877,CRS3035RES1000mN2048000E3170000,AM_28,116.0
1878,CRS3035RES1000mN2048000E3170000,AM_29,
1879,CRS3035RES1000mN2048000E3170000,AM_30,
1880,CRS3035RES1000mN2048000E3170000,AM_32,96.0
1881,CRS3035RES1000mN2048000E3170000,AM_33,104.0
1882,CRS3035RES1000mN2048000E3170000,AM_34,92.0
1883,CRS3035RES1000mN2048000E3170000,AM_35,95.0
1884,CRS3035RES1000mN2048000E3170000,AM_36,114.0
1885,CRS3035RES1000mN2048000E3170000,AM_37,
1886,CRS3035RES1000mN2048000E3170000,AM_38,
1887,CRS3035RES1000mN2048000E3171000,28027618,117.0
1888,CRS3035RES1000mN2048000E3171000,28027591,114.0
1889,CRS3035RES1000mN2048000E3171000,28027606,102.0
1890,CRS3035RES1000mN2048000E3171000,28027898,
1891,CRS3035RES1000mN2048000E3171000,28041810,
1892,CRS3035RES1000mN2048000E3171000,AM_1,
1893,CRS3035RES1000mN2048000E3171000,AM_2,119.0
1894,CRS3035RES1000mN2048000E3171000,AM_3,
1895,CRS3035RES1000mN2048000E3171000,AM_5,115.0
1896,CRS3035RES1000mN2048000E3171000,AM_8,
1897,CRS3035RES1000mN2048000E3171000,AM_9,
1898,CRS3035RES1000mN2048000E3171000,AM_10,110.0
1899,CRS3035RES1000mN2048000E3171000,AM_11,115.0
1900,CRS3035RES1000mN2048000E3171000,AM_12,103.0
1901,CRS3035RES1000mN2048000E3171000,AM_13,101.0
1902,CRS3035RES1000mN2048000E3171000,AM_14,117.0
1903,CRS3035RES1000mN2048000E3171000,AM_15,
1904,CRS3035RES1000mN2048000E3171000,AM_16,
1905,CRS3035RES1000mN2048000E3171000,AM_17,
1906,CRS3035RES1000mN2048000E3171000,AM_19,119.0
1907,CRS3035RES1000mN2048000E3171000,AM_20,
1908,CRS3035RES1000mN2048000E3171000,AM_21,119.0
1909,CRS3035RES1000mN2048000E3171000,AM_22,
1910,CRS3035RES1000mN2048000E3171000,AM_23,112.0
1911,CRS3035RES1000mN2048000E3171000,AM_24,
1912,CRS3035RES1000mN2048000E3171000,AM_25,118.0
1913,CRS3035RES1000mN2048000E3171000,AM_27,
1914,CRS3035RES1000mN2048000E3171000,AM_28,118.0
1915,CRS3035RES1000mN2048000E3171000,AM_29,
1916,CRS3035RES1000mN2048000E3171000,AM_30,
1917,CRS3035RES1000mN2048000E3171000,AM_32,98.0
1918,CRS3035RES1000mN2048000E3171000,AM_33,106.0
1919,CRS3035RES1000mN2048000E3171000,AM_34,92.0
1920,CRS3035RES1000mN2048000E3171000,AM_35,98.0
1921,CRS3035RES1000mN2048000E3171000,AM_36,116.0
1922,CRS3035RES1000mN2048000E3171000,AM_37,
1923,CRS3035RES1000mN2048000E3171000,AM_38,
1924,CRS3035RES1000mN2048000E3172000,28027618,93.0
1925,CRS3035RES1000mN2048000E3172000,28027591,90.0
1926,CRS3035RES1000mN2048000E3172000,28027606,80.0
1927,CRS3035RES1000mN2048000E3172000,28027898,105.0
1928,CRS3035RES1000mN2048000E3172000,28041810,116.0
1929,CRS3035RES1000mN2048000E3172000,AM_1,
1930,CRS3035RES1000mN2048000E3172000,AM_2,95.0
1931,CRS3035RES1000mN2048000E3172000,AM_3,
1932,CRS3035RES1000mN2048000E3172000,AM_5,91.0
1933,CRS3035RES1000mN2048000E3172000,AM_8,
1934,CRS3035RES1000mN2048000E3172000,AM_9,
1935,CRS3035RES1000mN2048000E3172000,AM_10,87.0
1936,CRS3035RES1000mN2048000E3172000,AM_11,91.0
1937,CRS3035RES1000mN2048000E3172000,AM_12,79.0
1938,CRS3035RES1000mN2048000E3172000,AM_13,80.0
1939,CRS3035RES1000mN2048000E3172000,AM_14,94.0
1940,CRS3035RES1000mN2048000E3172000,AM_15,111.0
1941,CRS3035RES1000mN2048000E3172000,AM_16,100.0
1942,CRS3035RES1000mN2048000E3172000,AM_17,
1943,CRS3035RES1000mN2048000E3172000,AM_19,96.0
1944,CRS3035RES1000mN2048000E3172000,AM_20,106.0
1945,CRS3035RES1000mN2048000E3172000,AM_21,95.0
1946,CRS3035RES1000mN2048000E3172000,AM_22,110.0
1947,CRS3035RES1000mN2048000E3172000,AM_23,89.0
1948,CRS3035RES1000mN2048000E3172000,AM_24,
1949,CRS3035RES1000mN2048000E3172000,AM_25,95.0
1950,CRS3035RES1000mN2048000E3172000,AM_27,
1951,CRS3035RES1000mN2048000E3172000,AM_28,95.0
1952,CRS3035RES1000mN2048000E3172000,AM_29,
1953,CRS3035RES1000mN2048000E3172000,AM_30,
1954,CRS3035RES1000mN2048000E3172000,AM_32,75.0
1955,CRS3035RES1000mN2048000E3172000,AM_33,83.0
1956,CRS3035RES1000mN2048000E3172000,AM_34,70.0
1957,CRS3035RES1000mN2048000E3172000,AM_35,75.0
1958,CRS3035RES1000mN2048000E3172000,AM_36,92.0
1959,CRS3035RES1000mN2048000E3172000,AM_37,118.0
1960,CRS3035RES1000mN2048000E3172000,AM_38,
1961,CRS3035RES1000mN2049000E3170000,28027618,104.0
1962,CRS3035RES1000mN2049000E3170000,28027591,101.0
1963,CRS3035RES1000mN2049000E3170000,28027606,87.0
1964,CRS3035RES1000mN2049000E3170000,28027898,112.0
1965,CRS3035RES1000mN2049000E3170000,28041810,
1966,CRS3035RES1000mN2049000E3170000,AM_1,
1967,CRS3035RES1000mN2049000E3170000,AM_2,103.0
1968,CRS3035RES1000mN2049000E3170000,AM_3,
1969,CRS3035RES1000mN2049000E3170000,AM_5,101.0
1970,CRS3035RES1000mN2049000E3170000,AM_8,
1971,CRS3035RES1000mN2049000E3170000,AM_9,
1972,CRS3035RES1000mN2049000E3170000,AM_10,96.0
1973,CRS3035RES1000mN2049000E3170000,AM_11,99.0
1974,CRS3035RES1000mN2049000E3170000,AM_12,86.0
1975,CRS3035RES1000mN2049000E3170000,AM_13,87.0
1976,CRS3035RES1000mN2049000E3170000,AM_14,104.0
1977,CRS3035RES1000mN2049000E3170000,AM_15,
1978,CRS3035RES1000mN2049000E3170000,AM_16,110.0
1979,CRS3035RES1000mN2049000E3170000,AM_17,
1980,CRS3035RES1000mN2049000E3170000,AM_19,105.0
1981,CRS3035RES1000mN2049000E3170000,AM_20,115.0
1982,CRS3035RES1000mN2049000E3170000,AM_21,104.0
1983,CRS3035RES1000mN2049000E3170000,AM_22,118.0
1984,CRS3035RES1000mN2049000E3170000,AM_23,98.0
1985,CRS3035RES1000mN2049000E3170000,AM_24,
1986,CRS3035RES1000mN2049000E3170000,AM_25,105.0
1987,CRS3035RES1000mN2049000E3170000,AM_27,
1988,CRS3035RES1000mN2049000E3170000,AM_28,103.0
1989,CRS3035RES1000mN2049000E3170000,AM_29,
1990,CRS3035RES1000mN2049000E3170000,AM_30,
1991,CRS3035RES1000mN2049000E3170000,AM_32,82.0
1992,CRS3035RES1000mN2049000E3170000,AM_33,92.0
1993,CRS3035RES1000mN2049000E3170000,AM_34,77.0
1994,CRS3035RES1000mN2049000E3170000,AM_35,81.0
1995,CRS3035RES1000mN2049000E3170000,AM_36,101.0
1996,CRS3035RES1000mN2049000E3170000,AM_37,
1997,CRS3035RES1000mN2049000E3170000,AM_38,
1998,CRS3035RES1000mN2049000E3171000,28027618,115.0
1999,CRS3035RES1000mN2049000E3171000,28027591,112.0
2000,CRS3035RES1000mN2049000E3171000,28027606,102.0
2001,CRS3035RES1000mN2049000E3171000,28027898,
2002,CRS3035RES1000mN2049000E3171000,28041810,
2003,CRS3035RES1000mN2049000E3171000,AM_1,
2004,CRS3035RES1000mN2049000E3171000,AM_2,116.0
2005,CRS3035RES1000mN2049000E3171000,AM_3,
2006,CRS3035RES1000mN2049000E3171000,AM_5,114.0
2007,CRS3035RES1000mN2049000E3171000,AM_8,
2008,CRS3035RES1000mN2049000E3171000,AM_9,
2009,CRS3035RES1000mN2049000E3171000,AM_10,109.0
2010,CRS3035RES1000mN2049000E3171000,AM_11,113.0
2011,CRS3035RES1000mN2049000E3171000,AM_12,104.0
2012,CRS3035RES1000mN2049000E3171000,AM_13,102.0
2013,CRS3035RES1000mN2049000E3171000,AM_14,115.0
2014,CRS3035RES1000mN2049000E3171000,AM_15,
2015,CRS3035RES1000mN2049000E3171000,AM_16,
2016,CRS3035RES1000mN2049000E3171000,AM_17,
2017,CRS3035RES1000mN2049000E3171000,AM_19,117.0
2018,CRS3035RES1000mN2049000E3171000,AM_20,
2019,CRS3035RES1000mN2049000E3171000,AM_21,117.0
2020,CRS3035RES1000mN2049000E3171000,AM_22,
2021,CRS3035RES1000mN2049000E3171000,AM_23,111.0
2022,CRS3035RES1000mN2049000E3171000,AM_24,
2023,CRS3035RES1000mN2049000E3171000,AM_25,117.0
2024,CRS3035RES1000mN2049000E3171000,AM_27,
2025,CRS3035RES1000mN2049000E3171000,AM_28,116.0
2026,CRS3035RES1000mN2049000E3171000,AM_29,
2027,CRS3035RES1000mN2049000E3171000,AM_30,
2028,CRS3035RES1000mN2049000E3171000,AM_32,96.0
2029,CRS3035RES1000mN2049000E3171000,AM_33,105.0
2030,CRS3035RES1000mN2049000E3171000,AM_34,92.0
2031,CRS3035RES1000mN2049000E3171000,AM_35,96.0
2032,CRS3035RES1000mN2049000E3171000,AM_36,114.0
2033,CRS3035RES1000mN2049000E3171000,AM_37,
2034,CRS3035RES1000mN2049000E3171000,AM_38,
2035,CRS3035RES1000mN2049000E3172000,28027618,92.0
2036,CRS3035RES1000mN2049000E3172000,28027591,89.0
2037,CRS3035RES1000mN2049000E3172000,28027606,78.0
2038,CRS3035RES1000mN2049000E3172000,28027898,103.0
2039,CRS3035RES1000mN2049000E3172000,28041810,114.0
2040,CRS3035RES1000mN2049000E3172000,AM_1,
2041,CRS3035RES1000mN2049000E3172000,AM_2,93.0
2042,CRS3035RES1000mN2049000E3172000,AM_3,119.0
2043,CRS3035RES1000mN2049000E3172000,AM_5,90.0
2044,CRS3035RES1000mN2049000E3172000,AM_8,
2045,CRS3035RES1000mN2049000E3172000,AM_9,
2046,CRS3035RES1000mN2049000E3172000,AM_10,85.0
2047,CRS3035RES1000mN2049000E3172000,AM_11,90.0
2048,CRS3035RES1000mN2049000E3172000,AM_12,77.0
2049,CRS3035RES1000mN2049000E3172000,AM_13,78.0
2050,CRS3035RES1000mN2049000E3172000,AM_14,92.0
2051,CRS3035RES1000mN2049000E3172000,AM_15,109.0
2052,CRS3035RES1000mN2049000E3172000,AM_16,98.0
2053,CRS3035RES1000mN2049000E3172000,AM_17,
2054,CRS3035RES1000mN2049000E3172000,AM_19,93.0
2055,CRS3035RES1000mN2049000E3172000,AM_20,103.0
2056,CRS3035RES1000mN2049000E3172000,AM_21,93.0
2057,CRS3035RES1000mN2049000E3172000,AM_22,106.0
2058,CRS3035RES1000mN2049000E3172000,AM_23,86.0
2059,CRS3035RES1000mN2049000E3172000,AM_24,
2060,CRS3035RES1000mN2049000E3172000,AM_25,92.0
2061,CRS3035RES1000mN2049000E3172000,AM_27,
2062,CRS3035RES1000mN2049000E3172000,AM_28,93.0
2063,CRS3035RES1000mN2049000E3172000,AM_29,
2064,CRS3035RES1000mN2049000E3172000,AM_30,
2065,CRS3035RES1000mN2049000E3172000,AM_32,73.0
2066,CRS3035RES1000mN2049000E3172000,AM_33,81.0
2067,CRS3035RES1000mN2049000E3172000,AM_34,68.0
2068,CRS3035RES1000mN2049000E3172000,AM_35,73.0
2069,CRS3035RES1000mN2049000E3172000,AM_36,91.0
2070,CRS3035RES1000mN2049000E3172000,AM_37,114.0
2071,CRS3035RES1000mN2049000E3172000,AM_38,118.0
2072,CRS3035RES1000mN2049000E3173000,28027618,75.0
2073,CRS3035RES1000mN2049000E3173000,28027591,72.0
2074,CRS3035RES1000mN2049000E3173000,28027606,61.0
2075,CRS3035RES1000mN2049000E3173000,28027898,92.0
2076,CRS3035RES1000mN2049000E3173000,28041810,101.0
2077,CRS3035RES1000mN2049000E3173000,AM_1,105.0
2078,CRS3035RES1000mN2049000E3173000,AM_2,76.0
2079,CRS3035RES1000mN2049000E3173000,AM_3,107.0
2080,CRS3035RES1000mN2049000E3173000,AM_5,74.0
2081,CRS3035RES1000mN2049000E3173000,AM_8,119.0
2082,CRS3035RES1000mN2049000E3173000,AM_9,111.0
2083,CRS3035RES1000mN2049000E3173000,AM_10,69.0
2084,CRS3035RES1000mN2049000E3173000,AM_11,74.0
2085,CRS3035RES1000mN2049000E3173000,AM_12,63.0
2086,CRS3035RES1000mN2049000E3173000,AM_13,58.0
2087,CRS3035RES1000mN2049000E3173000,AM_14,76.0
2088,CRS3035RES1000mN2049000E3173000,AM_15,92.0
2089,CRS3035RES1000mN2049000E3173000,AM_16,81.0
2090,CRS3035RES1000mN2049000E3173000,AM_17,107.0
2091,CRS3035RES1000mN2049000E3173000,AM_19,77.0
2092,CRS3035RES1000mN2049000E3173000,AM_20,86.0
2093,CRS3035RES1000mN2049000E3173000,AM_21,78.0
2094,CRS3035RES1000mN2049000E3173000,AM_22,90.0
2095,CRS3035RES1000mN2049000E3173000,AM_23,71.0
2096,CRS3035RES1000mN2049000E3173000,AM_24,118.0
2097,CRS3035RES1000mN2049000E3173000,AM_25,77.0
2098,CRS3035RES1000mN2049000E3173000,AM_27,
2099,CRS3035RES1000mN2049000E3173000,AM_28,76.0
2100,CRS3035RES1000mN2049000E3173000,AM_29,100.0
2101,CRS3035RES1000mN2049000E3173000,AM_30,107.0
2102,CRS3035RES1000mN2049000E3173000,AM_32,56.0
2103,CRS3035RES1000mN2049000E3173000,AM_33,65.0
2104,CRS3035RES1000mN2049000E3173000,AM_34,51.0
2105,CRS3035RES1000mN2049000E3173000,AM_35,56.0
2106,CRS3035RES1000mN2049000E3173000,AM_36,74.0
2107,CRS3035RES1000mN2049000E3173000,AM_37,103.0
2108,CRS3035RES1000mN2049000E3173000,AM_38,102.0
2109,CRS3035RES1000mN2050000E3170000,28027618,96.0
2110,CRS3035RES1000mN2050000E3170000,28027591,93.0
2111,CRS3035RES1000mN2050000E3170000,28027606,82.0
2112,CRS3035RES1000mN2050000E3170000,28027898,107.0
2113,CRS3035RES1000mN2050000E3170000,28041810,118.0
2114,CRS3035RES1000mN2050000E3170000,AM_1,
2115,CRS3035RES1000mN2050000E3170000,AM_2,98.0
2116,CRS3035RES1000mN2050000E3170000,AM_3,
2117,CRS3035RES1000mN2050000E3170000,AM_5,94.0
2118,CRS3035RES1000mN2050000E3170000,AM_8,
2119,CRS3035RES1000mN2050000E3170000,AM_9,
2120,CRS3035RES1000mN2050000E3170000,AM_10,90.0
2121,CRS3035RES1000mN2050000E3170000,AM_11,94.0
2122,CRS3035RES1000mN2050000E3170000,AM_12,81.0
2123,CRS3035RES1000mN2050000E3170000,AM_13,82.0
2124,CRS3035RES1000mN2050000E3170000,AM_14,97.0
2125,CRS3035RES1000mN2050000E3170000,AM_15,114.0
2126,CRS3035RES1000mN2050000E3170000,AM_16,102.0
2127,CRS3035RES1000mN2050000E3170000,AM_17,
2128,CRS3035RES1000mN2050000E3170000,AM_19,99.0
2129,CRS3035RES1000mN2050000E3170000,AM_20,108.0
2130,CRS3035RES1000mN2050000E3170000,AM_21,98.0
2131,CRS3035RES1000mN2050000E3170000,AM_22,112.0
2132,CRS3035RES1000mN2050000E3170000,AM_23,92.0
2133,CRS3035RES1000mN2050000E3170000,AM_24,
2134,CRS3035RES1000mN2050000E3170000,AM_25,97.0
2135,CRS3035RES1000mN2050000E3170000,AM_27,
2136,CRS3035RES1000mN2050000E3170000,AM_28,98.0
2137,CRS3035RES1000mN2050000E3170000,AM_29,
2138,CRS3035RES1000mN2050000E3170000,AM_30,
2139,CRS3035RES1000mN2050000E3170000,AM_32,77.0
2140,CRS3035RES1000mN2050000E3170000,AM_33,86.0
2141,CRS3035RES1000mN2050000E3170000,AM_34,72.0
2142,CRS3035RES1000mN2050000E3170000,AM_35,76.0
2143,CRS3035RES1000mN2050000E3170000,AM_36,95.0
2144,CRS3035RES1000mN2050000E3170000,AM_37,
2145,CRS3035RES1000mN2050000E3170000,AM_38,
2146,CRS3035RES1000mN2050000E3171000,28027618,96.0
2147,CRS3035RES1000mN2050000E3171000,28027591,93.0
2148,CRS3035RES1000mN2050000E3171000,28027606,82.0
2149,CRS3035RES1000mN2050000E3171000,28027898,107.0
2150,CRS3035RES1000mN2050000E3171000,28041810,118.0
2151,CRS3035RES1000mN2050000E3171000,AM_1,
2152,CRS3035RES1000mN2050000E3171000,AM_2,98.0
2153,CRS3035RES1000mN2050000E3171000,AM_3,
2154,CRS3035RES1000mN2050000E3171000,AM_5,95.0
2155,CRS3035RES1000mN2050000E3171000,AM_8,
2156,CRS3035RES1000mN2050000E3171000,AM_9,
2157,CRS3035RES1000mN2050000E3171000,AM_10,89.0
2158,CRS3035RES1000mN2050000E3171000,AM_11,95.0
2159,CRS3035RES1000mN2050000E3171000,AM_12,81.0
2160,CRS3035RES1000mN2050000E3171000,AM_13,82.0
2161,CRS3035RES1000mN2050000E3171000,AM_14,97.0
2162,CRS3035RES1000mN2050000E3171000,AM_15,114.0
2163,CRS3035RES1000mN2050000E3171000,AM_16,102.0
2164,CRS3035RES1000mN2050000E3171000,AM_17,
2165,CRS3035RES1000mN2050000E3171000,AM_19,98.0
2166,CRS3035RES1000mN2050000E3171000,AM_20,108.0
2167,CRS3035RES1000mN2050000E3171000,AM_21,98.0
2168,CRS3035RES1000mN2050000E3171000,AM_22,112.0
2169,CRS3035RES1000mN2050000E3171000,AM_23,91.0
2170,CRS3035RES1000mN2050000E3171000,AM_24,
2171,CRS3035RES1000mN2050000E3171000,AM_25,97.0
2172,CRS3035RES1000mN2050000E3171000,AM_27,
2173,CRS3035RES1000mN2050000E3171000,AM_28,97.0
2174,CRS3035RES1000mN2050000E3171000,AM_29,
2175,CRS3035RES1000mN2050000E3171000,AM_30,
2176,CRS3035RES1000mN2050000E3171000,AM_32,77.0
2177,CRS3035RES1000mN2050000E3171000,AM_33,85.0
2178,CRS3035RES1000mN2050000E3171000,AM_34,72.0
2179,CRS3035RES1000mN2050000E3171000,AM_35,77.0
2180,CRS3035RES1000mN2050000E3171000,AM_36,95.0
2181,CRS3035RES1000mN2050000E3171000,AM_37,
2182,CRS3035RES1000mN2050000E3171000,AM_38,
2183,CRS3035RES1000mN2050000E3172000,28027618,78.0
2184,CRS3035RES1000mN2050000E3172000,28027591,75.0
2185,CRS3035RES1000mN2050000E3172000,28027606,64.0
2186,CRS3035RES1000mN2050000E3172000,28027898,94.0
2187,CRS3035RES1000mN2050000E3172000,28041810,104.0
2188,CRS3035RES1000mN2050000E3172000,AM_1,108.0
2189,CRS3035RES1000mN2050000E3172000,AM_2,80.0
2190,CRS3035RES1000mN2050000E3172000,AM_3,113.0
2191,CRS3035RES1000mN2050000E3172000,AM_5,76.0
2192,CRS3035RES1000mN2050000E3172000,AM_8,
2193,CRS3035RES1000mN2050000E3172000,AM_9,114.0
2194,CRS3035RES1000mN2050000E3172000,AM_10,72.0
2195,CRS3035RES1000mN2050000E3172000,AM_11,76.0
2196,CRS3035RES1000mN2050000E3172000,AM_12,66.0
2197,CRS3035RES1000mN2050000E3172000,AM_13,61.0
2198,CRS3035RES1000mN2050000E3172000,AM_14,79.0
2199,CRS3035RES1000mN2050000E3172000,AM_15,95.0
2200,CRS3035RES1000mN2050000E3172000,AM_16,84.0
2201,CRS3035RES1000mN2050000E3172000,AM_17,110.0
2202,CRS3035RES1000mN2050000E3172000,AM_19,80.0
2203,CRS3035RES1000mN2050000E3172000,AM_20,90.0
2204,CRS3035RES1000mN2050000E3172000,AM_21,80.0
2205,CRS3035RES1000mN2050000E3172000,AM_22,93.0
2206,CRS3035RES1000mN2050000E3172000,AM_23,73.0
2207,CRS3035RES1000mN2050000E3172000,AM_24,
2208,CRS3035RES1000mN2050000E3172000,AM_25,79.0
2209,CRS3035RES1000mN2050000E3172000,AM_27,
2210,CRS3035RES1000mN2050000E3172000,AM_28,79.0
2211,CRS3035RES1000mN2050000E3172000,AM_29,111.0
2212,CRS3035RES1000mN2050000E3172000,AM_30,110.0
2213,CRS3035RES1000mN2050000E3172000,AM_32,59.0
2214,CRS3035RES1000mN2050000E3172000,AM_33,67.0
2215,CRS3035RES1000mN2050000E3172000,AM_34,53.0
2216,CRS3035RES1000mN2050000E3172000,AM_35,59.0
2217,CRS3035RES1000mN2050000E3172000,AM_36,77.0
2218,CRS3035RES1000mN2050000E3172000,AM_37,106.0
2219,CRS3035RES1000mN2050000E3172000,AM_38,105.0
2220,CRS3035RES1000mN2051000E3171000,28027618,107.0
2221,CRS3035RES1000mN2051000E3171000,28027591,104.0
2222,CRS3035RES1000mN2051000E3171000,28027606,99.0
2223,CRS3035RES1000mN2051000E3171000,28027898,
2224,CRS3035RES1000mN2051000E3171000,28041810,
2225,CRS3035RES1000mN2051000E3171000,AM_1,
2226,CRS3035RES1000mN2051000E3171000,AM_2,109.0
2227,CRS3035RES1000mN2051000E3171000,AM_3,
2228,CRS3035RES1000mN2051000E3171000,AM_5,106.0
2229,CRS3035RES1000mN2051000E3171000,AM_8,
2230,CRS3035RES1000mN2051000E3171000,AM_9,
2231,CRS3035RES1000mN2051000E3171000,AM_10,101.0
2232,CRS3035RES1000mN2051000E3171000,AM_11,105.0
2233,CRS3035RES1000mN2051000E3171000,AM_12,99.0
2234,CRS3035RES1000mN2051000E3171000,AM_13,96.0
2235,CRS3035RES1000mN2051000E3171000,AM_14,107.0
2236,CRS3035RES1000mN2051000E3171000,AM_15,
2237,CRS3035RES1000mN2051000E3171000,AM_16,113.0
2238,CRS3035RES1000mN2051000E3171000,AM_17,
2239,CRS3035RES1000mN2051000E3171000,AM_19,109.0
2240,CRS3035RES1000mN2051000E3171000,AM_20,
2241,CRS3035RES1000mN2051000E3171000,AM_21,109.0
2242,CRS3035RES1000mN2051000E3171000,AM_22,
2243,CRS3035RES1000mN2051000E3171000,AM_23,103.0
2244,CRS3035RES1000mN2051000E3171000,AM_24,
2245,CRS3035RES1000mN2051000E3171000,AM_25,108.0
2246,CRS3035RES1000mN2051000E3171000,AM_27,
2247,CRS3035RES1000mN2051000E3171000,AM_28,108.0
2248,CRS3035RES1000mN2051000E3171000,AM_29,
2249,CRS3035RES1000mN2051000E3171000,AM_30,
2250,CRS3035RES1000mN2051000E3171000,AM_32,88.0
2251,CRS3035RES1000mN2051000E3171000,AM_33,97.0
2252,CRS3035RES1000mN2051000E3171000,AM_34,89.0
2253,CRS3035RES1000mN2051000E3171000,AM_35,88.0
2254,CRS3035RES1000mN2051000E3171000,AM_36,106.0
2255,CRS3035RES1000mN2051000E3171000,AM_37,
2256,CRS3035RES1000mN2051000E3171000,AM_38,
