,from_id,to_id,travel_time
0,CRS3035RES1000mN2007000E3182000,28027618,
1,CRS3035RES1000mN2007000E3182000,28027591,
2,CRS3035RES1000mN2007000E3182000,28027606,
3,CRS3035RES1000mN2007000E3182000,28027898,
4,CRS3035RES1000mN2007000E3182000,28041810,
5,CRS3035RES1000mN2007000E3182000,AM_1,
6,CRS3035RES1000mN2007000E3182000,AM_2,
7,CRS3035RES1000mN2007000E3182000,AM_3,
8,CRS3035RES1000mN2007000E3182000,AM_5,
9,CRS3035RES1000mN2007000E3182000,AM_8,
10,CRS3035RES1000mN2007000E3182000,AM_9,
11,CRS3035RES1000mN2007000E3182000,AM_10,
12,CRS3035RES1000mN2007000E3182000,AM_11,
13,CRS3035RES1000mN2007000E3182000,AM_12,
14,CRS3035RES1000mN2007000E3182000,AM_13,
15,CRS3035RES1000mN2007000E3182000,AM_14,
16,CRS3035RES1000mN2007000E3182000,AM_15,
17,CRS3035RES1000mN2007000E3182000,AM_16,
18,CRS3035RES1000mN2007000E3182000,AM_17,
19,CRS3035RES1000mN2007000E3182000,AM_19,
20,CRS3035RES1000mN2007000E3182000,AM_20,106.0
21,CRS3035RES1000mN2007000E3182000,AM_21,
22,CRS3035RES1000mN2007000E3182000,AM_22,110.0
23,CRS3035RES1000mN2007000E3182000,AM_23,
24,CRS3035RES1000mN2007000E3182000,AM_24,
25,CRS3035RES1000mN2007000E3182000,AM_25,
26,CRS3035RES1000mN2007000E3182000,AM_27,
27,CRS3035RES1000mN2007000E3182000,AM_28,
28,CRS3035RES1000mN2007000E3182000,AM_29,
29,CRS3035RES1000mN2007000E3182000,AM_30,
30,CRS3035RES1000mN2007000E3182000,AM_32,
31,CRS3035RES1000mN2007000E3182000,AM_33,
32,CRS3035RES1000mN2007000E3182000,AM_34,
33,CRS3035RES1000mN2007000E3182000,AM_35,
34,CRS3035RES1000mN2007000E3182000,AM_36,
35,CRS3035RES1000mN2007000E3182000,AM_37,
36,CRS3035RES1000mN2007000E3182000,AM_38,
37,CRS3035RES1000mN2007000E3183000,28027618,80.0
38,CRS3035RES1000mN2007000E3183000,28027591,77.0
39,CRS3035RES1000mN2007000E3183000,28027606,94.0
40,CRS3035RES1000mN2007000E3183000,28027898,89.0
41,CRS3035RES1000mN2007000E3183000,28041810,87.0
42,CRS3035RES1000mN2007000E3183000,AM_1,94.0
43,CRS3035RES1000mN2007000E3183000,AM_2,83.0
44,CRS3035RES1000mN2007000E3183000,AM_3,90.0
45,CRS3035RES1000mN2007000E3183000,AM_5,75.0
46,CRS3035RES1000mN2007000E3183000,AM_8,
47,CRS3035RES1000mN2007000E3183000,AM_9,112.0
48,CRS3035RES1000mN2007000E3183000,AM_10,78.0
49,CRS3035RES1000mN2007000E3183000,AM_11,77.0
50,CRS3035RES1000mN2007000E3183000,AM_12,89.0
51,CRS3035RES1000mN2007000E3183000,AM_13,94.0
52,CRS3035RES1000mN2007000E3183000,AM_14,81.0
53,CRS3035RES1000mN2007000E3183000,AM_15,54.0
54,CRS3035RES1000mN2007000E3183000,AM_16,70.0
55,CRS3035RES1000mN2007000E3183000,AM_17,85.0
56,CRS3035RES1000mN2007000E3183000,AM_19,71.0
57,CRS3035RES1000mN2007000E3183000,AM_20,55.0
58,CRS3035RES1000mN2007000E3183000,AM_21,79.0
59,CRS3035RES1000mN2007000E3183000,AM_22,59.0
60,CRS3035RES1000mN2007000E3183000,AM_23,61.0
61,CRS3035RES1000mN2007000E3183000,AM_24,106.0
62,CRS3035RES1000mN2007000E3183000,AM_25,80.0
63,CRS3035RES1000mN2007000E3183000,AM_27,115.0
64,CRS3035RES1000mN2007000E3183000,AM_28,85.0
65,CRS3035RES1000mN2007000E3183000,AM_29,89.0
66,CRS3035RES1000mN2007000E3183000,AM_30,84.0
67,CRS3035RES1000mN2007000E3183000,AM_32,75.0
68,CRS3035RES1000mN2007000E3183000,AM_33,70.0
69,CRS3035RES1000mN2007000E3183000,AM_34,98.0
70,CRS3035RES1000mN2007000E3183000,AM_35,78.0
71,CRS3035RES1000mN2007000E3183000,AM_36,76.0
72,CRS3035RES1000mN2007000E3183000,AM_37,106.0
73,CRS3035RES1000mN2007000E3183000,AM_38,88.0
74,CRS3035RES1000mN2008000E3179000,28027618,
75,CRS3035RES1000mN2008000E3179000,28027591,
76,CRS3035RES1000mN2008000E3179000,28027606,
77,CRS3035RES1000mN2008000E3179000,28027898,
78,CRS3035RES1000mN2008000E3179000,28041810,
79,CRS3035RES1000mN2008000E3179000,AM_1,
80,CRS3035RES1000mN2008000E3179000,AM_2,
81,CRS3035RES1000mN2008000E3179000,AM_3,
82,CRS3035RES1000mN2008000E3179000,AM_5,
83,CRS3035RES1000mN2008000E3179000,AM_8,
84,CRS3035RES1000mN2008000E3179000,AM_9,
85,CRS3035RES1000mN2008000E3179000,AM_10,
86,CRS3035RES1000mN2008000E3179000,AM_11,
87,CRS3035RES1000mN2008000E3179000,AM_12,
88,CRS3035RES1000mN2008000E3179000,AM_13,
89,CRS3035RES1000mN2008000E3179000,AM_14,
90,CRS3035RES1000mN2008000E3179000,AM_15,
91,CRS3035RES1000mN2008000E3179000,AM_16,
92,CRS3035RES1000mN2008000E3179000,AM_17,
93,CRS3035RES1000mN2008000E3179000,AM_19,
94,CRS3035RES1000mN2008000E3179000,AM_20,114.0
95,CRS3035RES1000mN2008000E3179000,AM_21,
96,CRS3035RES1000mN2008000E3179000,AM_22,118.0
97,CRS3035RES1000mN2008000E3179000,AM_23,
98,CRS3035RES1000mN2008000E3179000,AM_24,
99,CRS3035RES1000mN2008000E3179000,AM_25,
100,CRS3035RES1000mN2008000E3179000,AM_27,
101,CRS3035RES1000mN2008000E3179000,AM_28,
102,CRS3035RES1000mN2008000E3179000,AM_29,
103,CRS3035RES1000mN2008000E3179000,AM_30,
104,CRS3035RES1000mN2008000E3179000,AM_32,
105,CRS3035RES1000mN2008000E3179000,AM_33,
106,CRS3035RES1000mN2008000E3179000,AM_34,
107,CRS3035RES1000mN2008000E3179000,AM_35,
108,CRS3035RES1000mN2008000E3179000,AM_36,
109,CRS3035RES1000mN2008000E3179000,AM_37,
110,CRS3035RES1000mN2008000E3179000,AM_38,
111,CRS3035RES1000mN2008000E3180000,28027618,
112,CRS3035RES1000mN2008000E3180000,28027591,
113,CRS3035RES1000mN2008000E3180000,28027606,
114,CRS3035RES1000mN2008000E3180000,28027898,
115,CRS3035RES1000mN2008000E3180000,28041810,
116,CRS3035RES1000mN2008000E3180000,AM_1,
117,CRS3035RES1000mN2008000E3180000,AM_2,
118,CRS3035RES1000mN2008000E3180000,AM_3,
119,CRS3035RES1000mN2008000E3180000,AM_5,
120,CRS3035RES1000mN2008000E3180000,AM_8,
121,CRS3035RES1000mN2008000E3180000,AM_9,
122,CRS3035RES1000mN2008000E3180000,AM_10,
123,CRS3035RES1000mN2008000E3180000,AM_11,
124,CRS3035RES1000mN2008000E3180000,AM_12,
125,CRS3035RES1000mN2008000E3180000,AM_13,
126,CRS3035RES1000mN2008000E3180000,AM_14,
127,CRS3035RES1000mN2008000E3180000,AM_15,
128,CRS3035RES1000mN2008000E3180000,AM_16,
129,CRS3035RES1000mN2008000E3180000,AM_17,
130,CRS3035RES1000mN2008000E3180000,AM_19,
131,CRS3035RES1000mN2008000E3180000,AM_20,106.0
132,CRS3035RES1000mN2008000E3180000,AM_21,
133,CRS3035RES1000mN2008000E3180000,AM_22,109.0
134,CRS3035RES1000mN2008000E3180000,AM_23,
135,CRS3035RES1000mN2008000E3180000,AM_24,
136,CRS3035RES1000mN2008000E3180000,AM_25,
137,CRS3035RES1000mN2008000E3180000,AM_27,
138,CRS3035RES1000mN2008000E3180000,AM_28,
139,CRS3035RES1000mN2008000E3180000,AM_29,
140,CRS3035RES1000mN2008000E3180000,AM_30,
141,CRS3035RES1000mN2008000E3180000,AM_32,
142,CRS3035RES1000mN2008000E3180000,AM_33,
143,CRS3035RES1000mN2008000E3180000,AM_34,
144,CRS3035RES1000mN2008000E3180000,AM_35,
145,CRS3035RES1000mN2008000E3180000,AM_36,
146,CRS3035RES1000mN2008000E3180000,AM_37,
147,CRS3035RES1000mN2008000E3180000,AM_38,
148,CRS3035RES1000mN2008000E3181000,28027618,
149,CRS3035RES1000mN2008000E3181000,28027591,117.0
150,CRS3035RES1000mN2008000E3181000,28027606,
151,CRS3035RES1000mN2008000E3181000,28027898,
152,CRS3035RES1000mN2008000E3181000,28041810,
153,CRS3035RES1000mN2008000E3181000,AM_1,
154,CRS3035RES1000mN2008000E3181000,AM_2,
155,CRS3035RES1000mN2008000E3181000,AM_3,
156,CRS3035RES1000mN2008000E3181000,AM_5,113.0
157,CRS3035RES1000mN2008000E3181000,AM_8,
158,CRS3035RES1000mN2008000E3181000,AM_9,
159,CRS3035RES1000mN2008000E3181000,AM_10,113.0
160,CRS3035RES1000mN2008000E3181000,AM_11,113.0
161,CRS3035RES1000mN2008000E3181000,AM_12,
162,CRS3035RES1000mN2008000E3181000,AM_13,
163,CRS3035RES1000mN2008000E3181000,AM_14,
164,CRS3035RES1000mN2008000E3181000,AM_15,89.0
165,CRS3035RES1000mN2008000E3181000,AM_16,114.0
166,CRS3035RES1000mN2008000E3181000,AM_17,
167,CRS3035RES1000mN2008000E3181000,AM_19,110.0
168,CRS3035RES1000mN2008000E3181000,AM_20,87.0
169,CRS3035RES1000mN2008000E3181000,AM_21,117.0
170,CRS3035RES1000mN2008000E3181000,AM_22,91.0
171,CRS3035RES1000mN2008000E3181000,AM_23,99.0
172,CRS3035RES1000mN2008000E3181000,AM_24,
173,CRS3035RES1000mN2008000E3181000,AM_25,119.0
174,CRS3035RES1000mN2008000E3181000,AM_27,
175,CRS3035RES1000mN2008000E3181000,AM_28,
176,CRS3035RES1000mN2008000E3181000,AM_29,
177,CRS3035RES1000mN2008000E3181000,AM_30,
178,CRS3035RES1000mN2008000E3181000,AM_32,116.0
179,CRS3035RES1000mN2008000E3181000,AM_33,107.0
180,CRS3035RES1000mN2008000E3181000,AM_34,
181,CRS3035RES1000mN2008000E3181000,AM_35,111.0
182,CRS3035RES1000mN2008000E3181000,AM_36,114.0
183,CRS3035RES1000mN2008000E3181000,AM_37,
184,CRS3035RES1000mN2008000E3181000,AM_38,
185,CRS3035RES1000mN2008000E3182000,28027618,81.0
186,CRS3035RES1000mN2008000E3182000,28027591,78.0
187,CRS3035RES1000mN2008000E3182000,28027606,93.0
188,CRS3035RES1000mN2008000E3182000,28027898,89.0
189,CRS3035RES1000mN2008000E3182000,28041810,87.0
190,CRS3035RES1000mN2008000E3182000,AM_1,94.0
191,CRS3035RES1000mN2008000E3182000,AM_2,83.0
192,CRS3035RES1000mN2008000E3182000,AM_3,90.0
193,CRS3035RES1000mN2008000E3182000,AM_5,75.0
194,CRS3035RES1000mN2008000E3182000,AM_8,
195,CRS3035RES1000mN2008000E3182000,AM_9,112.0
196,CRS3035RES1000mN2008000E3182000,AM_10,78.0
197,CRS3035RES1000mN2008000E3182000,AM_11,77.0
198,CRS3035RES1000mN2008000E3182000,AM_12,88.0
199,CRS3035RES1000mN2008000E3182000,AM_13,93.0
200,CRS3035RES1000mN2008000E3182000,AM_14,81.0
201,CRS3035RES1000mN2008000E3182000,AM_15,55.0
202,CRS3035RES1000mN2008000E3182000,AM_16,71.0
203,CRS3035RES1000mN2008000E3182000,AM_17,86.0
204,CRS3035RES1000mN2008000E3182000,AM_19,71.0
205,CRS3035RES1000mN2008000E3182000,AM_20,55.0
206,CRS3035RES1000mN2008000E3182000,AM_21,78.0
207,CRS3035RES1000mN2008000E3182000,AM_22,59.0
208,CRS3035RES1000mN2008000E3182000,AM_23,61.0
209,CRS3035RES1000mN2008000E3182000,AM_24,105.0
210,CRS3035RES1000mN2008000E3182000,AM_25,80.0
211,CRS3035RES1000mN2008000E3182000,AM_27,115.0
212,CRS3035RES1000mN2008000E3182000,AM_28,87.0
213,CRS3035RES1000mN2008000E3182000,AM_29,89.0
214,CRS3035RES1000mN2008000E3182000,AM_30,85.0
215,CRS3035RES1000mN2008000E3182000,AM_32,75.0
216,CRS3035RES1000mN2008000E3182000,AM_33,69.0
217,CRS3035RES1000mN2008000E3182000,AM_34,99.0
218,CRS3035RES1000mN2008000E3182000,AM_35,77.0
219,CRS3035RES1000mN2008000E3182000,AM_36,76.0
220,CRS3035RES1000mN2008000E3182000,AM_37,107.0
221,CRS3035RES1000mN2008000E3182000,AM_38,88.0
222,CRS3035RES1000mN2008000E3183000,28027618,80.0
223,CRS3035RES1000mN2008000E3183000,28027591,77.0
224,CRS3035RES1000mN2008000E3183000,28027606,93.0
225,CRS3035RES1000mN2008000E3183000,28027898,90.0
226,CRS3035RES1000mN2008000E3183000,28041810,87.0
227,CRS3035RES1000mN2008000E3183000,AM_1,94.0
228,CRS3035RES1000mN2008000E3183000,AM_2,83.0
229,CRS3035RES1000mN2008000E3183000,AM_3,90.0
230,CRS3035RES1000mN2008000E3183000,AM_5,75.0
231,CRS3035RES1000mN2008000E3183000,AM_8,
232,CRS3035RES1000mN2008000E3183000,AM_9,112.0
233,CRS3035RES1000mN2008000E3183000,AM_10,78.0
234,CRS3035RES1000mN2008000E3183000,AM_11,75.0
235,CRS3035RES1000mN2008000E3183000,AM_12,89.0
236,CRS3035RES1000mN2008000E3183000,AM_13,93.0
237,CRS3035RES1000mN2008000E3183000,AM_14,81.0
238,CRS3035RES1000mN2008000E3183000,AM_15,55.0
239,CRS3035RES1000mN2008000E3183000,AM_16,71.0
240,CRS3035RES1000mN2008000E3183000,AM_17,86.0
241,CRS3035RES1000mN2008000E3183000,AM_19,72.0
242,CRS3035RES1000mN2008000E3183000,AM_20,55.0
243,CRS3035RES1000mN2008000E3183000,AM_21,78.0
244,CRS3035RES1000mN2008000E3183000,AM_22,59.0
245,CRS3035RES1000mN2008000E3183000,AM_23,62.0
246,CRS3035RES1000mN2008000E3183000,AM_24,105.0
247,CRS3035RES1000mN2008000E3183000,AM_25,79.0
248,CRS3035RES1000mN2008000E3183000,AM_27,115.0
249,CRS3035RES1000mN2008000E3183000,AM_28,86.0
250,CRS3035RES1000mN2008000E3183000,AM_29,89.0
251,CRS3035RES1000mN2008000E3183000,AM_30,85.0
252,CRS3035RES1000mN2008000E3183000,AM_32,75.0
253,CRS3035RES1000mN2008000E3183000,AM_33,68.0
254,CRS3035RES1000mN2008000E3183000,AM_34,99.0
255,CRS3035RES1000mN2008000E3183000,AM_35,76.0
256,CRS3035RES1000mN2008000E3183000,AM_36,75.0
257,CRS3035RES1000mN2008000E3183000,AM_37,106.0
258,CRS3035RES1000mN2008000E3183000,AM_38,88.0
259,CRS3035RES1000mN2008000E3184000,28027618,
260,CRS3035RES1000mN2008000E3184000,28027591,
261,CRS3035RES1000mN2008000E3184000,28027606,
262,CRS3035RES1000mN2008000E3184000,28027898,
263,CRS3035RES1000mN2008000E3184000,28041810,
264,CRS3035RES1000mN2008000E3184000,AM_1,
265,CRS3035RES1000mN2008000E3184000,AM_2,
266,CRS3035RES1000mN2008000E3184000,AM_3,
267,CRS3035RES1000mN2008000E3184000,AM_5,
268,CRS3035RES1000mN2008000E3184000,AM_8,
269,CRS3035RES1000mN2008000E3184000,AM_9,
270,CRS3035RES1000mN2008000E3184000,AM_10,
271,CRS3035RES1000mN2008000E3184000,AM_11,
272,CRS3035RES1000mN2008000E3184000,AM_12,
273,CRS3035RES1000mN2008000E3184000,AM_13,
274,CRS3035RES1000mN2008000E3184000,AM_14,
275,CRS3035RES1000mN2008000E3184000,AM_15,115.0
276,CRS3035RES1000mN2008000E3184000,AM_16,
277,CRS3035RES1000mN2008000E3184000,AM_17,
278,CRS3035RES1000mN2008000E3184000,AM_19,
279,CRS3035RES1000mN2008000E3184000,AM_20,100.0
280,CRS3035RES1000mN2008000E3184000,AM_21,
281,CRS3035RES1000mN2008000E3184000,AM_22,103.0
282,CRS3035RES1000mN2008000E3184000,AM_23,
283,CRS3035RES1000mN2008000E3184000,AM_24,
284,CRS3035RES1000mN2008000E3184000,AM_25,
285,CRS3035RES1000mN2008000E3184000,AM_27,
286,CRS3035RES1000mN2008000E3184000,AM_28,
287,CRS3035RES1000mN2008000E3184000,AM_29,
288,CRS3035RES1000mN2008000E3184000,AM_30,
289,CRS3035RES1000mN2008000E3184000,AM_32,
290,CRS3035RES1000mN2008000E3184000,AM_33,
291,CRS3035RES1000mN2008000E3184000,AM_34,
292,CRS3035RES1000mN2008000E3184000,AM_35,
293,CRS3035RES1000mN2008000E3184000,AM_36,
294,CRS3035RES1000mN2008000E3184000,AM_37,
295,CRS3035RES1000mN2008000E3184000,AM_38,
296,CRS3035RES1000mN2009000E3175000,28027618,
297,CRS3035RES1000mN2009000E3175000,28027591,
298,CRS3035RES1000mN2009000E3175000,28027606,
299,CRS3035RES1000mN2009000E3175000,28027898,
300,CRS3035RES1000mN2009000E3175000,28041810,
301,CRS3035RES1000mN2009000E3175000,AM_1,
302,CRS3035RES1000mN2009000E3175000,AM_2,
303,CRS3035RES1000mN2009000E3175000,AM_3,
304,CRS3035RES1000mN2009000E3175000,AM_5,
305,CRS3035RES1000mN2009000E3175000,AM_8,
306,CRS3035RES1000mN2009000E3175000,AM_9,
307,CRS3035RES1000mN2009000E3175000,AM_10,
308,CRS3035RES1000mN2009000E3175000,AM_11,
309,CRS3035RES1000mN2009000E3175000,AM_12,
310,CRS3035RES1000mN2009000E3175000,AM_13,
311,CRS3035RES1000mN2009000E3175000,AM_14,
312,CRS3035RES1000mN2009000E3175000,AM_15,
313,CRS3035RES1000mN2009000E3175000,AM_16,
314,CRS3035RES1000mN2009000E3175000,AM_17,
315,CRS3035RES1000mN2009000E3175000,AM_19,
316,CRS3035RES1000mN2009000E3175000,AM_20,
317,CRS3035RES1000mN2009000E3175000,AM_21,
318,CRS3035RES1000mN2009000E3175000,AM_22,
319,CRS3035RES1000mN2009000E3175000,AM_23,
320,CRS3035RES1000mN2009000E3175000,AM_24,
321,CRS3035RES1000mN2009000E3175000,AM_25,
322,CRS3035RES1000mN2009000E3175000,AM_27,
323,CRS3035RES1000mN2009000E3175000,AM_28,
324,CRS3035RES1000mN2009000E3175000,AM_29,
325,CRS3035RES1000mN2009000E3175000,AM_30,
326,CRS3035RES1000mN2009000E3175000,AM_32,
327,CRS3035RES1000mN2009000E3175000,AM_33,
328,CRS3035RES1000mN2009000E3175000,AM_34,
329,CRS3035RES1000mN2009000E3175000,AM_35,
330,CRS3035RES1000mN2009000E3175000,AM_36,
331,CRS3035RES1000mN2009000E3175000,AM_37,
332,CRS3035RES1000mN2009000E3175000,AM_38,
333,CRS3035RES1000mN2009000E3176000,28027618,
334,CRS3035RES1000mN2009000E3176000,28027591,
335,CRS3035RES1000mN2009000E3176000,28027606,
336,CRS3035RES1000mN2009000E3176000,28027898,
337,CRS3035RES1000mN2009000E3176000,28041810,
338,CRS3035RES1000mN2009000E3176000,AM_1,
339,CRS3035RES1000mN2009000E3176000,AM_2,
340,CRS3035RES1000mN2009000E3176000,AM_3,
341,CRS3035RES1000mN2009000E3176000,AM_5,
342,CRS3035RES1000mN2009000E3176000,AM_8,
343,CRS3035RES1000mN2009000E3176000,AM_9,
344,CRS3035RES1000mN2009000E3176000,AM_10,
345,CRS3035RES1000mN2009000E3176000,AM_11,
346,CRS3035RES1000mN2009000E3176000,AM_12,
347,CRS3035RES1000mN2009000E3176000,AM_13,
348,CRS3035RES1000mN2009000E3176000,AM_14,
349,CRS3035RES1000mN2009000E3176000,AM_15,
350,CRS3035RES1000mN2009000E3176000,AM_16,
351,CRS3035RES1000mN2009000E3176000,AM_17,
352,CRS3035RES1000mN2009000E3176000,AM_19,
353,CRS3035RES1000mN2009000E3176000,AM_20,115.0
354,CRS3035RES1000mN2009000E3176000,AM_21,
355,CRS3035RES1000mN2009000E3176000,AM_22,119.0
356,CRS3035RES1000mN2009000E3176000,AM_23,
357,CRS3035RES1000mN2009000E3176000,AM_24,
358,CRS3035RES1000mN2009000E3176000,AM_25,
359,CRS3035RES1000mN2009000E3176000,AM_27,
360,CRS3035RES1000mN2009000E3176000,AM_28,
361,CRS3035RES1000mN2009000E3176000,AM_29,
362,CRS3035RES1000mN2009000E3176000,AM_30,
363,CRS3035RES1000mN2009000E3176000,AM_32,
364,CRS3035RES1000mN2009000E3176000,AM_33,
365,CRS3035RES1000mN2009000E3176000,AM_34,
366,CRS3035RES1000mN2009000E3176000,AM_35,
367,CRS3035RES1000mN2009000E3176000,AM_36,
368,CRS3035RES1000mN2009000E3176000,AM_37,
369,CRS3035RES1000mN2009000E3176000,AM_38,
370,CRS3035RES1000mN2009000E3177000,28027618,
371,CRS3035RES1000mN2009000E3177000,28027591,
372,CRS3035RES1000mN2009000E3177000,28027606,
373,CRS3035RES1000mN2009000E3177000,28027898,
374,CRS3035RES1000mN2009000E3177000,28041810,
375,CRS3035RES1000mN2009000E3177000,AM_1,
376,CRS3035RES1000mN2009000E3177000,AM_2,
377,CRS3035RES1000mN2009000E3177000,AM_3,
378,CRS3035RES1000mN2009000E3177000,AM_5,
379,CRS3035RES1000mN2009000E3177000,AM_8,
380,CRS3035RES1000mN2009000E3177000,AM_9,
381,CRS3035RES1000mN2009000E3177000,AM_10,
382,CRS3035RES1000mN2009000E3177000,AM_11,
383,CRS3035RES1000mN2009000E3177000,AM_12,
384,CRS3035RES1000mN2009000E3177000,AM_13,
385,CRS3035RES1000mN2009000E3177000,AM_14,
386,CRS3035RES1000mN2009000E3177000,AM_15,111.0
387,CRS3035RES1000mN2009000E3177000,AM_16,
388,CRS3035RES1000mN2009000E3177000,AM_17,
389,CRS3035RES1000mN2009000E3177000,AM_19,
390,CRS3035RES1000mN2009000E3177000,AM_20,101.0
391,CRS3035RES1000mN2009000E3177000,AM_21,
392,CRS3035RES1000mN2009000E3177000,AM_22,105.0
393,CRS3035RES1000mN2009000E3177000,AM_23,119.0
394,CRS3035RES1000mN2009000E3177000,AM_24,
395,CRS3035RES1000mN2009000E3177000,AM_25,
396,CRS3035RES1000mN2009000E3177000,AM_27,
397,CRS3035RES1000mN2009000E3177000,AM_28,
398,CRS3035RES1000mN2009000E3177000,AM_29,
399,CRS3035RES1000mN2009000E3177000,AM_30,
400,CRS3035RES1000mN2009000E3177000,AM_32,
401,CRS3035RES1000mN2009000E3177000,AM_33,
402,CRS3035RES1000mN2009000E3177000,AM_34,
403,CRS3035RES1000mN2009000E3177000,AM_35,
404,CRS3035RES1000mN2009000E3177000,AM_36,
405,CRS3035RES1000mN2009000E3177000,AM_37,
406,CRS3035RES1000mN2009000E3177000,AM_38,
407,CRS3035RES1000mN2009000E3178000,28027618,
408,CRS3035RES1000mN2009000E3178000,28027591,
409,CRS3035RES1000mN2009000E3178000,28027606,
410,CRS3035RES1000mN2009000E3178000,28027898,
411,CRS3035RES1000mN2009000E3178000,28041810,
412,CRS3035RES1000mN2009000E3178000,AM_1,
413,CRS3035RES1000mN2009000E3178000,AM_2,
414,CRS3035RES1000mN2009000E3178000,AM_3,
415,CRS3035RES1000mN2009000E3178000,AM_5,
416,CRS3035RES1000mN2009000E3178000,AM_8,
417,CRS3035RES1000mN2009000E3178000,AM_9,
418,CRS3035RES1000mN2009000E3178000,AM_10,
419,CRS3035RES1000mN2009000E3178000,AM_11,
420,CRS3035RES1000mN2009000E3178000,AM_12,
421,CRS3035RES1000mN2009000E3178000,AM_13,
422,CRS3035RES1000mN2009000E3178000,AM_14,
423,CRS3035RES1000mN2009000E3178000,AM_15,119.0
424,CRS3035RES1000mN2009000E3178000,AM_16,
425,CRS3035RES1000mN2009000E3178000,AM_17,
426,CRS3035RES1000mN2009000E3178000,AM_19,
427,CRS3035RES1000mN2009000E3178000,AM_20,104.0
428,CRS3035RES1000mN2009000E3178000,AM_21,
429,CRS3035RES1000mN2009000E3178000,AM_22,108.0
430,CRS3035RES1000mN2009000E3178000,AM_23,
431,CRS3035RES1000mN2009000E3178000,AM_24,
432,CRS3035RES1000mN2009000E3178000,AM_25,
433,CRS3035RES1000mN2009000E3178000,AM_27,
434,CRS3035RES1000mN2009000E3178000,AM_28,
435,CRS3035RES1000mN2009000E3178000,AM_29,
436,CRS3035RES1000mN2009000E3178000,AM_30,
437,CRS3035RES1000mN2009000E3178000,AM_32,
438,CRS3035RES1000mN2009000E3178000,AM_33,
439,CRS3035RES1000mN2009000E3178000,AM_34,
440,CRS3035RES1000mN2009000E3178000,AM_35,
441,CRS3035RES1000mN2009000E3178000,AM_36,
442,CRS3035RES1000mN2009000E3178000,AM_37,
443,CRS3035RES1000mN2009000E3178000,AM_38,
444,CRS3035RES1000mN2009000E3179000,28027618,
445,CRS3035RES1000mN2009000E3179000,28027591,
446,CRS3035RES1000mN2009000E3179000,28027606,
447,CRS3035RES1000mN2009000E3179000,28027898,
448,CRS3035RES1000mN2009000E3179000,28041810,
449,CRS3035RES1000mN2009000E3179000,AM_1,
450,CRS3035RES1000mN2009000E3179000,AM_2,
451,CRS3035RES1000mN2009000E3179000,AM_3,
452,CRS3035RES1000mN2009000E3179000,AM_5,
453,CRS3035RES1000mN2009000E3179000,AM_8,
454,CRS3035RES1000mN2009000E3179000,AM_9,
455,CRS3035RES1000mN2009000E3179000,AM_10,
456,CRS3035RES1000mN2009000E3179000,AM_11,
457,CRS3035RES1000mN2009000E3179000,AM_12,
458,CRS3035RES1000mN2009000E3179000,AM_13,
459,CRS3035RES1000mN2009000E3179000,AM_14,
460,CRS3035RES1000mN2009000E3179000,AM_15,103.0
461,CRS3035RES1000mN2009000E3179000,AM_16,
462,CRS3035RES1000mN2009000E3179000,AM_17,
463,CRS3035RES1000mN2009000E3179000,AM_19,
464,CRS3035RES1000mN2009000E3179000,AM_20,95.0
465,CRS3035RES1000mN2009000E3179000,AM_21,
466,CRS3035RES1000mN2009000E3179000,AM_22,99.0
467,CRS3035RES1000mN2009000E3179000,AM_23,112.0
468,CRS3035RES1000mN2009000E3179000,AM_24,
469,CRS3035RES1000mN2009000E3179000,AM_25,
470,CRS3035RES1000mN2009000E3179000,AM_27,
471,CRS3035RES1000mN2009000E3179000,AM_28,
472,CRS3035RES1000mN2009000E3179000,AM_29,
473,CRS3035RES1000mN2009000E3179000,AM_30,
474,CRS3035RES1000mN2009000E3179000,AM_32,
475,CRS3035RES1000mN2009000E3179000,AM_33,
476,CRS3035RES1000mN2009000E3179000,AM_34,
477,CRS3035RES1000mN2009000E3179000,AM_35,
478,CRS3035RES1000mN2009000E3179000,AM_36,
479,CRS3035RES1000mN2009000E3179000,AM_37,
480,CRS3035RES1000mN2009000E3179000,AM_38,
481,CRS3035RES1000mN2009000E3180000,28027618,
482,CRS3035RES1000mN2009000E3180000,28027591,
483,CRS3035RES1000mN2009000E3180000,28027606,
484,CRS3035RES1000mN2009000E3180000,28027898,
485,CRS3035RES1000mN2009000E3180000,28041810,
486,CRS3035RES1000mN2009000E3180000,AM_1,
487,CRS3035RES1000mN2009000E3180000,AM_2,
488,CRS3035RES1000mN2009000E3180000,AM_3,
489,CRS3035RES1000mN2009000E3180000,AM_5,
490,CRS3035RES1000mN2009000E3180000,AM_8,
491,CRS3035RES1000mN2009000E3180000,AM_9,
492,CRS3035RES1000mN2009000E3180000,AM_10,
493,CRS3035RES1000mN2009000E3180000,AM_11,
494,CRS3035RES1000mN2009000E3180000,AM_12,
495,CRS3035RES1000mN2009000E3180000,AM_13,
496,CRS3035RES1000mN2009000E3180000,AM_14,
497,CRS3035RES1000mN2009000E3180000,AM_15,109.0
498,CRS3035RES1000mN2009000E3180000,AM_16,
499,CRS3035RES1000mN2009000E3180000,AM_17,
500,CRS3035RES1000mN2009000E3180000,AM_19,
501,CRS3035RES1000mN2009000E3180000,AM_20,102.0
502,CRS3035RES1000mN2009000E3180000,AM_21,
503,CRS3035RES1000mN2009000E3180000,AM_22,105.0
504,CRS3035RES1000mN2009000E3180000,AM_23,119.0
505,CRS3035RES1000mN2009000E3180000,AM_24,
506,CRS3035RES1000mN2009000E3180000,AM_25,
507,CRS3035RES1000mN2009000E3180000,AM_27,
508,CRS3035RES1000mN2009000E3180000,AM_28,
509,CRS3035RES1000mN2009000E3180000,AM_29,
510,CRS3035RES1000mN2009000E3180000,AM_30,
511,CRS3035RES1000mN2009000E3180000,AM_32,
512,CRS3035RES1000mN2009000E3180000,AM_33,
513,CRS3035RES1000mN2009000E3180000,AM_34,
514,CRS3035RES1000mN2009000E3180000,AM_35,
515,CRS3035RES1000mN2009000E3180000,AM_36,
516,CRS3035RES1000mN2009000E3180000,AM_37,
517,CRS3035RES1000mN2009000E3180000,AM_38,
518,CRS3035RES1000mN2009000E3181000,28027618,
519,CRS3035RES1000mN2009000E3181000,28027591,
520,CRS3035RES1000mN2009000E3181000,28027606,
521,CRS3035RES1000mN2009000E3181000,28027898,
522,CRS3035RES1000mN2009000E3181000,28041810,
523,CRS3035RES1000mN2009000E3181000,AM_1,
524,CRS3035RES1000mN2009000E3181000,AM_2,
525,CRS3035RES1000mN2009000E3181000,AM_3,
526,CRS3035RES1000mN2009000E3181000,AM_5,
527,CRS3035RES1000mN2009000E3181000,AM_8,
528,CRS3035RES1000mN2009000E3181000,AM_9,
529,CRS3035RES1000mN2009000E3181000,AM_10,
530,CRS3035RES1000mN2009000E3181000,AM_11,
531,CRS3035RES1000mN2009000E3181000,AM_12,
532,CRS3035RES1000mN2009000E3181000,AM_13,
533,CRS3035RES1000mN2009000E3181000,AM_14,
534,CRS3035RES1000mN2009000E3181000,AM_15,96.0
535,CRS3035RES1000mN2009000E3181000,AM_16,119.0
536,CRS3035RES1000mN2009000E3181000,AM_17,
537,CRS3035RES1000mN2009000E3181000,AM_19,118.0
538,CRS3035RES1000mN2009000E3181000,AM_20,90.0
539,CRS3035RES1000mN2009000E3181000,AM_21,
540,CRS3035RES1000mN2009000E3181000,AM_22,94.0
541,CRS3035RES1000mN2009000E3181000,AM_23,106.0
542,CRS3035RES1000mN2009000E3181000,AM_24,
543,CRS3035RES1000mN2009000E3181000,AM_25,
544,CRS3035RES1000mN2009000E3181000,AM_27,
545,CRS3035RES1000mN2009000E3181000,AM_28,
546,CRS3035RES1000mN2009000E3181000,AM_29,
547,CRS3035RES1000mN2009000E3181000,AM_30,
548,CRS3035RES1000mN2009000E3181000,AM_32,
549,CRS3035RES1000mN2009000E3181000,AM_33,114.0
550,CRS3035RES1000mN2009000E3181000,AM_34,
551,CRS3035RES1000mN2009000E3181000,AM_35,118.0
552,CRS3035RES1000mN2009000E3181000,AM_36,
553,CRS3035RES1000mN2009000E3181000,AM_37,
554,CRS3035RES1000mN2009000E3181000,AM_38,
555,CRS3035RES1000mN2009000E3182000,28027618,
556,CRS3035RES1000mN2009000E3182000,28027591,
557,CRS3035RES1000mN2009000E3182000,28027606,
558,CRS3035RES1000mN2009000E3182000,28027898,
559,CRS3035RES1000mN2009000E3182000,28041810,
560,CRS3035RES1000mN2009000E3182000,AM_1,
561,CRS3035RES1000mN2009000E3182000,AM_2,
562,CRS3035RES1000mN2009000E3182000,AM_3,
563,CRS3035RES1000mN2009000E3182000,AM_5,
564,CRS3035RES1000mN2009000E3182000,AM_8,
565,CRS3035RES1000mN2009000E3182000,AM_9,
566,CRS3035RES1000mN2009000E3182000,AM_10,
567,CRS3035RES1000mN2009000E3182000,AM_11,
568,CRS3035RES1000mN2009000E3182000,AM_12,
569,CRS3035RES1000mN2009000E3182000,AM_13,
570,CRS3035RES1000mN2009000E3182000,AM_14,
571,CRS3035RES1000mN2009000E3182000,AM_15,
572,CRS3035RES1000mN2009000E3182000,AM_16,
573,CRS3035RES1000mN2009000E3182000,AM_17,
574,CRS3035RES1000mN2009000E3182000,AM_19,
575,CRS3035RES1000mN2009000E3182000,AM_20,119.0
576,CRS3035RES1000mN2009000E3182000,AM_21,
577,CRS3035RES1000mN2009000E3182000,AM_22,
578,CRS3035RES1000mN2009000E3182000,AM_23,
579,CRS3035RES1000mN2009000E3182000,AM_24,
580,CRS3035RES1000mN2009000E3182000,AM_25,
581,CRS3035RES1000mN2009000E3182000,AM_27,
582,CRS3035RES1000mN2009000E3182000,AM_28,
583,CRS3035RES1000mN2009000E3182000,AM_29,
584,CRS3035RES1000mN2009000E3182000,AM_30,
585,CRS3035RES1000mN2009000E3182000,AM_32,
586,CRS3035RES1000mN2009000E3182000,AM_33,
587,CRS3035RES1000mN2009000E3182000,AM_34,
588,CRS3035RES1000mN2009000E3182000,AM_35,
589,CRS3035RES1000mN2009000E3182000,AM_36,
590,CRS3035RES1000mN2009000E3182000,AM_37,
591,CRS3035RES1000mN2009000E3182000,AM_38,
592,CRS3035RES1000mN2009000E3183000,28027618,116.0
593,CRS3035RES1000mN2009000E3183000,28027591,113.0
594,CRS3035RES1000mN2009000E3183000,28027606,
595,CRS3035RES1000mN2009000E3183000,28027898,
596,CRS3035RES1000mN2009000E3183000,28041810,
597,CRS3035RES1000mN2009000E3183000,AM_1,
598,CRS3035RES1000mN2009000E3183000,AM_2,118.0
599,CRS3035RES1000mN2009000E3183000,AM_3,
600,CRS3035RES1000mN2009000E3183000,AM_5,110.0
601,CRS3035RES1000mN2009000E3183000,AM_8,
602,CRS3035RES1000mN2009000E3183000,AM_9,
603,CRS3035RES1000mN2009000E3183000,AM_10,109.0
604,CRS3035RES1000mN2009000E3183000,AM_11,110.0
605,CRS3035RES1000mN2009000E3183000,AM_12,
606,CRS3035RES1000mN2009000E3183000,AM_13,
607,CRS3035RES1000mN2009000E3183000,AM_14,116.0
608,CRS3035RES1000mN2009000E3183000,AM_15,86.0
609,CRS3035RES1000mN2009000E3183000,AM_16,111.0
610,CRS3035RES1000mN2009000E3183000,AM_17,
611,CRS3035RES1000mN2009000E3183000,AM_19,107.0
612,CRS3035RES1000mN2009000E3183000,AM_20,84.0
613,CRS3035RES1000mN2009000E3183000,AM_21,113.0
614,CRS3035RES1000mN2009000E3183000,AM_22,88.0
615,CRS3035RES1000mN2009000E3183000,AM_23,96.0
616,CRS3035RES1000mN2009000E3183000,AM_24,
617,CRS3035RES1000mN2009000E3183000,AM_25,115.0
618,CRS3035RES1000mN2009000E3183000,AM_27,
619,CRS3035RES1000mN2009000E3183000,AM_28,
620,CRS3035RES1000mN2009000E3183000,AM_29,
621,CRS3035RES1000mN2009000E3183000,AM_30,
622,CRS3035RES1000mN2009000E3183000,AM_32,112.0
623,CRS3035RES1000mN2009000E3183000,AM_33,103.0
624,CRS3035RES1000mN2009000E3183000,AM_34,
625,CRS3035RES1000mN2009000E3183000,AM_35,107.0
626,CRS3035RES1000mN2009000E3183000,AM_36,111.0
627,CRS3035RES1000mN2009000E3183000,AM_37,
628,CRS3035RES1000mN2009000E3183000,AM_38,
629,CRS3035RES1000mN2010000E3175000,28027618,
630,CRS3035RES1000mN2010000E3175000,28027591,
631,CRS3035RES1000mN2010000E3175000,28027606,
632,CRS3035RES1000mN2010000E3175000,28027898,
633,CRS3035RES1000mN2010000E3175000,28041810,
634,CRS3035RES1000mN2010000E3175000,AM_1,
635,CRS3035RES1000mN2010000E3175000,AM_2,
636,CRS3035RES1000mN2010000E3175000,AM_3,
637,CRS3035RES1000mN2010000E3175000,AM_5,
638,CRS3035RES1000mN2010000E3175000,AM_8,
639,CRS3035RES1000mN2010000E3175000,AM_9,
640,CRS3035RES1000mN2010000E3175000,AM_10,
641,CRS3035RES1000mN2010000E3175000,AM_11,
642,CRS3035RES1000mN2010000E3175000,AM_12,
643,CRS3035RES1000mN2010000E3175000,AM_13,
644,CRS3035RES1000mN2010000E3175000,AM_14,
645,CRS3035RES1000mN2010000E3175000,AM_15,
646,CRS3035RES1000mN2010000E3175000,AM_16,
647,CRS3035RES1000mN2010000E3175000,AM_17,
648,CRS3035RES1000mN2010000E3175000,AM_19,
649,CRS3035RES1000mN2010000E3175000,AM_20,
650,CRS3035RES1000mN2010000E3175000,AM_21,
651,CRS3035RES1000mN2010000E3175000,AM_22,
652,CRS3035RES1000mN2010000E3175000,AM_23,
653,CRS3035RES1000mN2010000E3175000,AM_24,
654,CRS3035RES1000mN2010000E3175000,AM_25,
655,CRS3035RES1000mN2010000E3175000,AM_27,
656,CRS3035RES1000mN2010000E3175000,AM_28,
657,CRS3035RES1000mN2010000E3175000,AM_29,
658,CRS3035RES1000mN2010000E3175000,AM_30,
659,CRS3035RES1000mN2010000E3175000,AM_32,
660,CRS3035RES1000mN2010000E3175000,AM_33,
661,CRS3035RES1000mN2010000E3175000,AM_34,
662,CRS3035RES1000mN2010000E3175000,AM_35,
663,CRS3035RES1000mN2010000E3175000,AM_36,
664,CRS3035RES1000mN2010000E3175000,AM_37,
665,CRS3035RES1000mN2010000E3175000,AM_38,
666,CRS3035RES1000mN2010000E3176000,28027618,
667,CRS3035RES1000mN2010000E3176000,28027591,
668,CRS3035RES1000mN2010000E3176000,28027606,
669,CRS3035RES1000mN2010000E3176000,28027898,
670,CRS3035RES1000mN2010000E3176000,28041810,
671,CRS3035RES1000mN2010000E3176000,AM_1,
672,CRS3035RES1000mN2010000E3176000,AM_2,
673,CRS3035RES1000mN2010000E3176000,AM_3,
674,CRS3035RES1000mN2010000E3176000,AM_5,
675,CRS3035RES1000mN2010000E3176000,AM_8,
676,CRS3035RES1000mN2010000E3176000,AM_9,
677,CRS3035RES1000mN2010000E3176000,AM_10,
678,CRS3035RES1000mN2010000E3176000,AM_11,
679,CRS3035RES1000mN2010000E3176000,AM_12,
680,CRS3035RES1000mN2010000E3176000,AM_13,
681,CRS3035RES1000mN2010000E3176000,AM_14,
682,CRS3035RES1000mN2010000E3176000,AM_15,111.0
683,CRS3035RES1000mN2010000E3176000,AM_16,
684,CRS3035RES1000mN2010000E3176000,AM_17,
685,CRS3035RES1000mN2010000E3176000,AM_19,
686,CRS3035RES1000mN2010000E3176000,AM_20,100.0
687,CRS3035RES1000mN2010000E3176000,AM_21,
688,CRS3035RES1000mN2010000E3176000,AM_22,104.0
689,CRS3035RES1000mN2010000E3176000,AM_23,119.0
690,CRS3035RES1000mN2010000E3176000,AM_24,
691,CRS3035RES1000mN2010000E3176000,AM_25,
692,CRS3035RES1000mN2010000E3176000,AM_27,
693,CRS3035RES1000mN2010000E3176000,AM_28,
694,CRS3035RES1000mN2010000E3176000,AM_29,
695,CRS3035RES1000mN2010000E3176000,AM_30,
696,CRS3035RES1000mN2010000E3176000,AM_32,
697,CRS3035RES1000mN2010000E3176000,AM_33,
698,CRS3035RES1000mN2010000E3176000,AM_34,
699,CRS3035RES1000mN2010000E3176000,AM_35,
700,CRS3035RES1000mN2010000E3176000,AM_36,
701,CRS3035RES1000mN2010000E3176000,AM_37,
702,CRS3035RES1000mN2010000E3176000,AM_38,
703,CRS3035RES1000mN2010000E3177000,28027618,
704,CRS3035RES1000mN2010000E3177000,28027591,
705,CRS3035RES1000mN2010000E3177000,28027606,
706,CRS3035RES1000mN2010000E3177000,28027898,
707,CRS3035RES1000mN2010000E3177000,28041810,
708,CRS3035RES1000mN2010000E3177000,AM_1,
709,CRS3035RES1000mN2010000E3177000,AM_2,
710,CRS3035RES1000mN2010000E3177000,AM_3,
711,CRS3035RES1000mN2010000E3177000,AM_5,
712,CRS3035RES1000mN2010000E3177000,AM_8,
713,CRS3035RES1000mN2010000E3177000,AM_9,
714,CRS3035RES1000mN2010000E3177000,AM_10,
715,CRS3035RES1000mN2010000E3177000,AM_11,
716,CRS3035RES1000mN2010000E3177000,AM_12,
717,CRS3035RES1000mN2010000E3177000,AM_13,
718,CRS3035RES1000mN2010000E3177000,AM_14,
719,CRS3035RES1000mN2010000E3177000,AM_15,99.0
720,CRS3035RES1000mN2010000E3177000,AM_16,
721,CRS3035RES1000mN2010000E3177000,AM_17,
722,CRS3035RES1000mN2010000E3177000,AM_19,
723,CRS3035RES1000mN2010000E3177000,AM_20,91.0
724,CRS3035RES1000mN2010000E3177000,AM_21,
725,CRS3035RES1000mN2010000E3177000,AM_22,94.0
726,CRS3035RES1000mN2010000E3177000,AM_23,109.0
727,CRS3035RES1000mN2010000E3177000,AM_24,
728,CRS3035RES1000mN2010000E3177000,AM_25,
729,CRS3035RES1000mN2010000E3177000,AM_27,
730,CRS3035RES1000mN2010000E3177000,AM_28,
731,CRS3035RES1000mN2010000E3177000,AM_29,
732,CRS3035RES1000mN2010000E3177000,AM_30,
733,CRS3035RES1000mN2010000E3177000,AM_32,
734,CRS3035RES1000mN2010000E3177000,AM_33,116.0
735,CRS3035RES1000mN2010000E3177000,AM_34,
736,CRS3035RES1000mN2010000E3177000,AM_35,
737,CRS3035RES1000mN2010000E3177000,AM_36,
738,CRS3035RES1000mN2010000E3177000,AM_37,
739,CRS3035RES1000mN2010000E3177000,AM_38,
740,CRS3035RES1000mN2010000E3178000,28027618,
741,CRS3035RES1000mN2010000E3178000,28027591,118.0
742,CRS3035RES1000mN2010000E3178000,28027606,
743,CRS3035RES1000mN2010000E3178000,28027898,119.0
744,CRS3035RES1000mN2010000E3178000,28041810,
745,CRS3035RES1000mN2010000E3178000,AM_1,
746,CRS3035RES1000mN2010000E3178000,AM_2,
747,CRS3035RES1000mN2010000E3178000,AM_3,
748,CRS3035RES1000mN2010000E3178000,AM_5,113.0
749,CRS3035RES1000mN2010000E3178000,AM_8,
750,CRS3035RES1000mN2010000E3178000,AM_9,
751,CRS3035RES1000mN2010000E3178000,AM_10,113.0
752,CRS3035RES1000mN2010000E3178000,AM_11,114.0
753,CRS3035RES1000mN2010000E3178000,AM_12,
754,CRS3035RES1000mN2010000E3178000,AM_13,
755,CRS3035RES1000mN2010000E3178000,AM_14,
756,CRS3035RES1000mN2010000E3178000,AM_15,91.0
757,CRS3035RES1000mN2010000E3178000,AM_16,115.0
758,CRS3035RES1000mN2010000E3178000,AM_17,
759,CRS3035RES1000mN2010000E3178000,AM_19,111.0
760,CRS3035RES1000mN2010000E3178000,AM_20,78.0
761,CRS3035RES1000mN2010000E3178000,AM_21,117.0
762,CRS3035RES1000mN2010000E3178000,AM_22,82.0
763,CRS3035RES1000mN2010000E3178000,AM_23,101.0
764,CRS3035RES1000mN2010000E3178000,AM_24,
765,CRS3035RES1000mN2010000E3178000,AM_25,119.0
766,CRS3035RES1000mN2010000E3178000,AM_27,
767,CRS3035RES1000mN2010000E3178000,AM_28,
768,CRS3035RES1000mN2010000E3178000,AM_29,
769,CRS3035RES1000mN2010000E3178000,AM_30,
770,CRS3035RES1000mN2010000E3178000,AM_32,115.0
771,CRS3035RES1000mN2010000E3178000,AM_33,107.0
772,CRS3035RES1000mN2010000E3178000,AM_34,
773,CRS3035RES1000mN2010000E3178000,AM_35,112.0
774,CRS3035RES1000mN2010000E3178000,AM_36,115.0
775,CRS3035RES1000mN2010000E3178000,AM_37,
776,CRS3035RES1000mN2010000E3178000,AM_38,
777,CRS3035RES1000mN2010000E3179000,28027618,97.0
778,CRS3035RES1000mN2010000E3179000,28027591,94.0
779,CRS3035RES1000mN2010000E3179000,28027606,112.0
780,CRS3035RES1000mN2010000E3179000,28027898,102.0
781,CRS3035RES1000mN2010000E3179000,28041810,114.0
782,CRS3035RES1000mN2010000E3179000,AM_1,119.0
783,CRS3035RES1000mN2010000E3179000,AM_2,99.0
784,CRS3035RES1000mN2010000E3179000,AM_3,
785,CRS3035RES1000mN2010000E3179000,AM_5,90.0
786,CRS3035RES1000mN2010000E3179000,AM_8,
787,CRS3035RES1000mN2010000E3179000,AM_9,
788,CRS3035RES1000mN2010000E3179000,AM_10,88.0
789,CRS3035RES1000mN2010000E3179000,AM_11,90.0
790,CRS3035RES1000mN2010000E3179000,AM_12,103.0
791,CRS3035RES1000mN2010000E3179000,AM_13,117.0
792,CRS3035RES1000mN2010000E3179000,AM_14,98.0
793,CRS3035RES1000mN2010000E3179000,AM_15,63.0
794,CRS3035RES1000mN2010000E3179000,AM_16,95.0
795,CRS3035RES1000mN2010000E3179000,AM_17,
796,CRS3035RES1000mN2010000E3179000,AM_19,87.0
797,CRS3035RES1000mN2010000E3179000,AM_20,66.0
798,CRS3035RES1000mN2010000E3179000,AM_21,94.0
799,CRS3035RES1000mN2010000E3179000,AM_22,69.0
800,CRS3035RES1000mN2010000E3179000,AM_23,75.0
801,CRS3035RES1000mN2010000E3179000,AM_24,
802,CRS3035RES1000mN2010000E3179000,AM_25,96.0
803,CRS3035RES1000mN2010000E3179000,AM_27,
804,CRS3035RES1000mN2010000E3179000,AM_28,103.0
805,CRS3035RES1000mN2010000E3179000,AM_29,118.0
806,CRS3035RES1000mN2010000E3179000,AM_30,
807,CRS3035RES1000mN2010000E3179000,AM_32,92.0
808,CRS3035RES1000mN2010000E3179000,AM_33,82.0
809,CRS3035RES1000mN2010000E3179000,AM_34,108.0
810,CRS3035RES1000mN2010000E3179000,AM_35,86.0
811,CRS3035RES1000mN2010000E3179000,AM_36,90.0
812,CRS3035RES1000mN2010000E3179000,AM_37,
813,CRS3035RES1000mN2010000E3179000,AM_38,119.0
814,CRS3035RES1000mN2010000E3180000,28027618,
815,CRS3035RES1000mN2010000E3180000,28027591,117.0
816,CRS3035RES1000mN2010000E3180000,28027606,
817,CRS3035RES1000mN2010000E3180000,28027898,119.0
818,CRS3035RES1000mN2010000E3180000,28041810,
819,CRS3035RES1000mN2010000E3180000,AM_1,
820,CRS3035RES1000mN2010000E3180000,AM_2,
821,CRS3035RES1000mN2010000E3180000,AM_3,
822,CRS3035RES1000mN2010000E3180000,AM_5,114.0
823,CRS3035RES1000mN2010000E3180000,AM_8,
824,CRS3035RES1000mN2010000E3180000,AM_9,
825,CRS3035RES1000mN2010000E3180000,AM_10,114.0
826,CRS3035RES1000mN2010000E3180000,AM_11,114.0
827,CRS3035RES1000mN2010000E3180000,AM_12,
828,CRS3035RES1000mN2010000E3180000,AM_13,
829,CRS3035RES1000mN2010000E3180000,AM_14,
830,CRS3035RES1000mN2010000E3180000,AM_15,92.0
831,CRS3035RES1000mN2010000E3180000,AM_16,115.0
832,CRS3035RES1000mN2010000E3180000,AM_17,
833,CRS3035RES1000mN2010000E3180000,AM_19,111.0
834,CRS3035RES1000mN2010000E3180000,AM_20,79.0
835,CRS3035RES1000mN2010000E3180000,AM_21,117.0
836,CRS3035RES1000mN2010000E3180000,AM_22,82.0
837,CRS3035RES1000mN2010000E3180000,AM_23,101.0
838,CRS3035RES1000mN2010000E3180000,AM_24,
839,CRS3035RES1000mN2010000E3180000,AM_25,119.0
840,CRS3035RES1000mN2010000E3180000,AM_27,
841,CRS3035RES1000mN2010000E3180000,AM_28,
842,CRS3035RES1000mN2010000E3180000,AM_29,
843,CRS3035RES1000mN2010000E3180000,AM_30,
844,CRS3035RES1000mN2010000E3180000,AM_32,115.0
845,CRS3035RES1000mN2010000E3180000,AM_33,107.0
846,CRS3035RES1000mN2010000E3180000,AM_34,
847,CRS3035RES1000mN2010000E3180000,AM_35,112.0
848,CRS3035RES1000mN2010000E3180000,AM_36,115.0
849,CRS3035RES1000mN2010000E3180000,AM_37,
850,CRS3035RES1000mN2010000E3180000,AM_38,
851,CRS3035RES1000mN2010000E3181000,28027618,
852,CRS3035RES1000mN2010000E3181000,28027591,
853,CRS3035RES1000mN2010000E3181000,28027606,
854,CRS3035RES1000mN2010000E3181000,28027898,
855,CRS3035RES1000mN2010000E3181000,28041810,
856,CRS3035RES1000mN2010000E3181000,AM_1,
857,CRS3035RES1000mN2010000E3181000,AM_2,
858,CRS3035RES1000mN2010000E3181000,AM_3,
859,CRS3035RES1000mN2010000E3181000,AM_5,
860,CRS3035RES1000mN2010000E3181000,AM_8,
861,CRS3035RES1000mN2010000E3181000,AM_9,
862,CRS3035RES1000mN2010000E3181000,AM_10,
863,CRS3035RES1000mN2010000E3181000,AM_11,
864,CRS3035RES1000mN2010000E3181000,AM_12,
865,CRS3035RES1000mN2010000E3181000,AM_13,
866,CRS3035RES1000mN2010000E3181000,AM_14,
867,CRS3035RES1000mN2010000E3181000,AM_15,98.0
868,CRS3035RES1000mN2010000E3181000,AM_16,
869,CRS3035RES1000mN2010000E3181000,AM_17,
870,CRS3035RES1000mN2010000E3181000,AM_19,119.0
871,CRS3035RES1000mN2010000E3181000,AM_20,90.0
872,CRS3035RES1000mN2010000E3181000,AM_21,
873,CRS3035RES1000mN2010000E3181000,AM_22,94.0
874,CRS3035RES1000mN2010000E3181000,AM_23,108.0
875,CRS3035RES1000mN2010000E3181000,AM_24,
876,CRS3035RES1000mN2010000E3181000,AM_25,
877,CRS3035RES1000mN2010000E3181000,AM_27,
878,CRS3035RES1000mN2010000E3181000,AM_28,
879,CRS3035RES1000mN2010000E3181000,AM_29,
880,CRS3035RES1000mN2010000E3181000,AM_30,
881,CRS3035RES1000mN2010000E3181000,AM_32,
882,CRS3035RES1000mN2010000E3181000,AM_33,115.0
883,CRS3035RES1000mN2010000E3181000,AM_34,
884,CRS3035RES1000mN2010000E3181000,AM_35,
885,CRS3035RES1000mN2010000E3181000,AM_36,
886,CRS3035RES1000mN2010000E3181000,AM_37,
887,CRS3035RES1000mN2010000E3181000,AM_38,
888,CRS3035RES1000mN2010000E3182000,28027618,
889,CRS3035RES1000mN2010000E3182000,28027591,
890,CRS3035RES1000mN2010000E3182000,28027606,
891,CRS3035RES1000mN2010000E3182000,28027898,
892,CRS3035RES1000mN2010000E3182000,28041810,
893,CRS3035RES1000mN2010000E3182000,AM_1,
894,CRS3035RES1000mN2010000E3182000,AM_2,
895,CRS3035RES1000mN2010000E3182000,AM_3,
896,CRS3035RES1000mN2010000E3182000,AM_5,
897,CRS3035RES1000mN2010000E3182000,AM_8,
898,CRS3035RES1000mN2010000E3182000,AM_9,
899,CRS3035RES1000mN2010000E3182000,AM_10,
900,CRS3035RES1000mN2010000E3182000,AM_11,
901,CRS3035RES1000mN2010000E3182000,AM_12,
902,CRS3035RES1000mN2010000E3182000,AM_13,
903,CRS3035RES1000mN2010000E3182000,AM_14,
904,CRS3035RES1000mN2010000E3182000,AM_15,109.0
905,CRS3035RES1000mN2010000E3182000,AM_16,
906,CRS3035RES1000mN2010000E3182000,AM_17,
907,CRS3035RES1000mN2010000E3182000,AM_19,
908,CRS3035RES1000mN2010000E3182000,AM_20,101.0
909,CRS3035RES1000mN2010000E3182000,AM_21,
910,CRS3035RES1000mN2010000E3182000,AM_22,105.0
911,CRS3035RES1000mN2010000E3182000,AM_23,118.0
912,CRS3035RES1000mN2010000E3182000,AM_24,
913,CRS3035RES1000mN2010000E3182000,AM_25,
914,CRS3035RES1000mN2010000E3182000,AM_27,
915,CRS3035RES1000mN2010000E3182000,AM_28,
916,CRS3035RES1000mN2010000E3182000,AM_29,
917,CRS3035RES1000mN2010000E3182000,AM_30,
918,CRS3035RES1000mN2010000E3182000,AM_32,
919,CRS3035RES1000mN2010000E3182000,AM_33,
920,CRS3035RES1000mN2010000E3182000,AM_34,
921,CRS3035RES1000mN2010000E3182000,AM_35,
922,CRS3035RES1000mN2010000E3182000,AM_36,
923,CRS3035RES1000mN2010000E3182000,AM_37,
924,CRS3035RES1000mN2010000E3182000,AM_38,
925,CRS3035RES1000mN2010000E3183000,28027618,
926,CRS3035RES1000mN2010000E3183000,28027591,
927,CRS3035RES1000mN2010000E3183000,28027606,
928,CRS3035RES1000mN2010000E3183000,28027898,
929,CRS3035RES1000mN2010000E3183000,28041810,
930,CRS3035RES1000mN2010000E3183000,AM_1,
931,CRS3035RES1000mN2010000E3183000,AM_2,
932,CRS3035RES1000mN2010000E3183000,AM_3,
933,CRS3035RES1000mN2010000E3183000,AM_5,
934,CRS3035RES1000mN2010000E3183000,AM_8,
935,CRS3035RES1000mN2010000E3183000,AM_9,
936,CRS3035RES1000mN2010000E3183000,AM_10,
937,CRS3035RES1000mN2010000E3183000,AM_11,
938,CRS3035RES1000mN2010000E3183000,AM_12,
939,CRS3035RES1000mN2010000E3183000,AM_13,
940,CRS3035RES1000mN2010000E3183000,AM_14,
941,CRS3035RES1000mN2010000E3183000,AM_15,118.0
942,CRS3035RES1000mN2010000E3183000,AM_16,
943,CRS3035RES1000mN2010000E3183000,AM_17,
944,CRS3035RES1000mN2010000E3183000,AM_19,
945,CRS3035RES1000mN2010000E3183000,AM_20,116.0
946,CRS3035RES1000mN2010000E3183000,AM_21,
947,CRS3035RES1000mN2010000E3183000,AM_22,
948,CRS3035RES1000mN2010000E3183000,AM_23,
949,CRS3035RES1000mN2010000E3183000,AM_24,
950,CRS3035RES1000mN2010000E3183000,AM_25,
951,CRS3035RES1000mN2010000E3183000,AM_27,
952,CRS3035RES1000mN2010000E3183000,AM_28,
953,CRS3035RES1000mN2010000E3183000,AM_29,
954,CRS3035RES1000mN2010000E3183000,AM_30,
955,CRS3035RES1000mN2010000E3183000,AM_32,
956,CRS3035RES1000mN2010000E3183000,AM_33,
957,CRS3035RES1000mN2010000E3183000,AM_34,
958,CRS3035RES1000mN2010000E3183000,AM_35,
959,CRS3035RES1000mN2010000E3183000,AM_36,
960,CRS3035RES1000mN2010000E3183000,AM_37,
961,CRS3035RES1000mN2010000E3183000,AM_38,
962,CRS3035RES1000mN2011000E3174000,28027618,
963,CRS3035RES1000mN2011000E3174000,28027591,
964,CRS3035RES1000mN2011000E3174000,28027606,
965,CRS3035RES1000mN2011000E3174000,28027898,
966,CRS3035RES1000mN2011000E3174000,28041810,
967,CRS3035RES1000mN2011000E3174000,AM_1,
968,CRS3035RES1000mN2011000E3174000,AM_2,
969,CRS3035RES1000mN2011000E3174000,AM_3,
970,CRS3035RES1000mN2011000E3174000,AM_5,
971,CRS3035RES1000mN2011000E3174000,AM_8,
972,CRS3035RES1000mN2011000E3174000,AM_9,
973,CRS3035RES1000mN2011000E3174000,AM_10,
974,CRS3035RES1000mN2011000E3174000,AM_11,
975,CRS3035RES1000mN2011000E3174000,AM_12,
976,CRS3035RES1000mN2011000E3174000,AM_13,
977,CRS3035RES1000mN2011000E3174000,AM_14,
978,CRS3035RES1000mN2011000E3174000,AM_15,
979,CRS3035RES1000mN2011000E3174000,AM_16,
980,CRS3035RES1000mN2011000E3174000,AM_17,
981,CRS3035RES1000mN2011000E3174000,AM_19,
982,CRS3035RES1000mN2011000E3174000,AM_20,
983,CRS3035RES1000mN2011000E3174000,AM_21,
984,CRS3035RES1000mN2011000E3174000,AM_22,
985,CRS3035RES1000mN2011000E3174000,AM_23,
986,CRS3035RES1000mN2011000E3174000,AM_24,
987,CRS3035RES1000mN2011000E3174000,AM_25,
988,CRS3035RES1000mN2011000E3174000,AM_27,
989,CRS3035RES1000mN2011000E3174000,AM_28,
990,CRS3035RES1000mN2011000E3174000,AM_29,
991,CRS3035RES1000mN2011000E3174000,AM_30,
992,CRS3035RES1000mN2011000E3174000,AM_32,
993,CRS3035RES1000mN2011000E3174000,AM_33,
994,CRS3035RES1000mN2011000E3174000,AM_34,
995,CRS3035RES1000mN2011000E3174000,AM_35,
996,CRS3035RES1000mN2011000E3174000,AM_36,
997,CRS3035RES1000mN2011000E3174000,AM_37,
998,CRS3035RES1000mN2011000E3174000,AM_38,
999,CRS3035RES1000mN2011000E3175000,28027618,
1000,CRS3035RES1000mN2011000E3175000,28027591,
1001,CRS3035RES1000mN2011000E3175000,28027606,
1002,CRS3035RES1000mN2011000E3175000,28027898,
1003,CRS3035RES1000mN2011000E3175000,28041810,
1004,CRS3035RES1000mN2011000E3175000,AM_1,
1005,CRS3035RES1000mN2011000E3175000,AM_2,
1006,CRS3035RES1000mN2011000E3175000,AM_3,
1007,CRS3035RES1000mN2011000E3175000,AM_5,
1008,CRS3035RES1000mN2011000E3175000,AM_8,
1009,CRS3035RES1000mN2011000E3175000,AM_9,
1010,CRS3035RES1000mN2011000E3175000,AM_10,
1011,CRS3035RES1000mN2011000E3175000,AM_11,
1012,CRS3035RES1000mN2011000E3175000,AM_12,
1013,CRS3035RES1000mN2011000E3175000,AM_13,
1014,CRS3035RES1000mN2011000E3175000,AM_14,
1015,CRS3035RES1000mN2011000E3175000,AM_15,
1016,CRS3035RES1000mN2011000E3175000,AM_16,
1017,CRS3035RES1000mN2011000E3175000,AM_17,
1018,CRS3035RES1000mN2011000E3175000,AM_19,
1019,CRS3035RES1000mN2011000E3175000,AM_20,110.0
1020,CRS3035RES1000mN2011000E3175000,AM_21,
1021,CRS3035RES1000mN2011000E3175000,AM_22,114.0
1022,CRS3035RES1000mN2011000E3175000,AM_23,
1023,CRS3035RES1000mN2011000E3175000,AM_24,
1024,CRS3035RES1000mN2011000E3175000,AM_25,
1025,CRS3035RES1000mN2011000E3175000,AM_27,
1026,CRS3035RES1000mN2011000E3175000,AM_28,
1027,CRS3035RES1000mN2011000E3175000,AM_29,
1028,CRS3035RES1000mN2011000E3175000,AM_30,
1029,CRS3035RES1000mN2011000E3175000,AM_32,
1030,CRS3035RES1000mN2011000E3175000,AM_33,
1031,CRS3035RES1000mN2011000E3175000,AM_34,
1032,CRS3035RES1000mN2011000E3175000,AM_35,
1033,CRS3035RES1000mN2011000E3175000,AM_36,
1034,CRS3035RES1000mN2011000E3175000,AM_37,
1035,CRS3035RES1000mN2011000E3175000,AM_38,
1036,CRS3035RES1000mN2011000E3176000,28027618,
1037,CRS3035RES1000mN2011000E3176000,28027591,
1038,CRS3035RES1000mN2011000E3176000,28027606,
1039,CRS3035RES1000mN2011000E3176000,28027898,
1040,CRS3035RES1000mN2011000E3176000,28041810,
1041,CRS3035RES1000mN2011000E3176000,AM_1,
1042,CRS3035RES1000mN2011000E3176000,AM_2,
1043,CRS3035RES1000mN2011000E3176000,AM_3,
1044,CRS3035RES1000mN2011000E3176000,AM_5,
1045,CRS3035RES1000mN2011000E3176000,AM_8,
1046,CRS3035RES1000mN2011000E3176000,AM_9,
1047,CRS3035RES1000mN2011000E3176000,AM_10,
1048,CRS3035RES1000mN2011000E3176000,AM_11,
1049,CRS3035RES1000mN2011000E3176000,AM_12,
1050,CRS3035RES1000mN2011000E3176000,AM_13,
1051,CRS3035RES1000mN2011000E3176000,AM_14,
1052,CRS3035RES1000mN2011000E3176000,AM_15,100.0
1053,CRS3035RES1000mN2011000E3176000,AM_16,
1054,CRS3035RES1000mN2011000E3176000,AM_17,
1055,CRS3035RES1000mN2011000E3176000,AM_19,
1056,CRS3035RES1000mN2011000E3176000,AM_20,91.0
1057,CRS3035RES1000mN2011000E3176000,AM_21,
1058,CRS3035RES1000mN2011000E3176000,AM_22,95.0
1059,CRS3035RES1000mN2011000E3176000,AM_23,109.0
1060,CRS3035RES1000mN2011000E3176000,AM_24,
1061,CRS3035RES1000mN2011000E3176000,AM_25,
1062,CRS3035RES1000mN2011000E3176000,AM_27,
1063,CRS3035RES1000mN2011000E3176000,AM_28,
1064,CRS3035RES1000mN2011000E3176000,AM_29,
1065,CRS3035RES1000mN2011000E3176000,AM_30,
1066,CRS3035RES1000mN2011000E3176000,AM_32,
1067,CRS3035RES1000mN2011000E3176000,AM_33,116.0
1068,CRS3035RES1000mN2011000E3176000,AM_34,
1069,CRS3035RES1000mN2011000E3176000,AM_35,
1070,CRS3035RES1000mN2011000E3176000,AM_36,
1071,CRS3035RES1000mN2011000E3176000,AM_37,
1072,CRS3035RES1000mN2011000E3176000,AM_38,
1073,CRS3035RES1000mN2011000E3177000,28027618,
1074,CRS3035RES1000mN2011000E3177000,28027591,
1075,CRS3035RES1000mN2011000E3177000,28027606,
1076,CRS3035RES1000mN2011000E3177000,28027898,
1077,CRS3035RES1000mN2011000E3177000,28041810,
1078,CRS3035RES1000mN2011000E3177000,AM_1,
1079,CRS3035RES1000mN2011000E3177000,AM_2,
1080,CRS3035RES1000mN2011000E3177000,AM_3,
1081,CRS3035RES1000mN2011000E3177000,AM_5,
1082,CRS3035RES1000mN2011000E3177000,AM_8,
1083,CRS3035RES1000mN2011000E3177000,AM_9,
1084,CRS3035RES1000mN2011000E3177000,AM_10,
1085,CRS3035RES1000mN2011000E3177000,AM_11,
1086,CRS3035RES1000mN2011000E3177000,AM_12,
1087,CRS3035RES1000mN2011000E3177000,AM_13,
1088,CRS3035RES1000mN2011000E3177000,AM_14,
1089,CRS3035RES1000mN2011000E3177000,AM_15,99.0
1090,CRS3035RES1000mN2011000E3177000,AM_16,
1091,CRS3035RES1000mN2011000E3177000,AM_17,
1092,CRS3035RES1000mN2011000E3177000,AM_19,
1093,CRS3035RES1000mN2011000E3177000,AM_20,92.0
1094,CRS3035RES1000mN2011000E3177000,AM_21,
1095,CRS3035RES1000mN2011000E3177000,AM_22,95.0
1096,CRS3035RES1000mN2011000E3177000,AM_23,109.0
1097,CRS3035RES1000mN2011000E3177000,AM_24,
1098,CRS3035RES1000mN2011000E3177000,AM_25,
1099,CRS3035RES1000mN2011000E3177000,AM_27,
1100,CRS3035RES1000mN2011000E3177000,AM_28,
1101,CRS3035RES1000mN2011000E3177000,AM_29,
1102,CRS3035RES1000mN2011000E3177000,AM_30,
1103,CRS3035RES1000mN2011000E3177000,AM_32,
1104,CRS3035RES1000mN2011000E3177000,AM_33,116.0
1105,CRS3035RES1000mN2011000E3177000,AM_34,
1106,CRS3035RES1000mN2011000E3177000,AM_35,
1107,CRS3035RES1000mN2011000E3177000,AM_36,
1108,CRS3035RES1000mN2011000E3177000,AM_37,
1109,CRS3035RES1000mN2011000E3177000,AM_38,
1110,CRS3035RES1000mN2011000E3178000,28027618,82.0
1111,CRS3035RES1000mN2011000E3178000,28027591,79.0
1112,CRS3035RES1000mN2011000E3178000,28027606,96.0
1113,CRS3035RES1000mN2011000E3178000,28027898,89.0
1114,CRS3035RES1000mN2011000E3178000,28041810,89.0
1115,CRS3035RES1000mN2011000E3178000,AM_1,96.0
1116,CRS3035RES1000mN2011000E3178000,AM_2,84.0
1117,CRS3035RES1000mN2011000E3178000,AM_3,92.0
1118,CRS3035RES1000mN2011000E3178000,AM_5,77.0
1119,CRS3035RES1000mN2011000E3178000,AM_8,
1120,CRS3035RES1000mN2011000E3178000,AM_9,113.0
1121,CRS3035RES1000mN2011000E3178000,AM_10,78.0
1122,CRS3035RES1000mN2011000E3178000,AM_11,77.0
1123,CRS3035RES1000mN2011000E3178000,AM_12,91.0
1124,CRS3035RES1000mN2011000E3178000,AM_13,96.0
1125,CRS3035RES1000mN2011000E3178000,AM_14,82.0
1126,CRS3035RES1000mN2011000E3178000,AM_15,55.0
1127,CRS3035RES1000mN2011000E3178000,AM_16,72.0
1128,CRS3035RES1000mN2011000E3178000,AM_17,88.0
1129,CRS3035RES1000mN2011000E3178000,AM_19,72.0
1130,CRS3035RES1000mN2011000E3178000,AM_20,53.0
1131,CRS3035RES1000mN2011000E3178000,AM_21,80.0
1132,CRS3035RES1000mN2011000E3178000,AM_22,57.0
1133,CRS3035RES1000mN2011000E3178000,AM_23,62.0
1134,CRS3035RES1000mN2011000E3178000,AM_24,107.0
1135,CRS3035RES1000mN2011000E3178000,AM_25,81.0
1136,CRS3035RES1000mN2011000E3178000,AM_27,117.0
1137,CRS3035RES1000mN2011000E3178000,AM_28,88.0
1138,CRS3035RES1000mN2011000E3178000,AM_29,91.0
1139,CRS3035RES1000mN2011000E3178000,AM_30,87.0
1140,CRS3035RES1000mN2011000E3178000,AM_32,77.0
1141,CRS3035RES1000mN2011000E3178000,AM_33,70.0
1142,CRS3035RES1000mN2011000E3178000,AM_34,98.0
1143,CRS3035RES1000mN2011000E3178000,AM_35,76.0
1144,CRS3035RES1000mN2011000E3178000,AM_36,77.0
1145,CRS3035RES1000mN2011000E3178000,AM_37,108.0
1146,CRS3035RES1000mN2011000E3178000,AM_38,90.0
1147,CRS3035RES1000mN2011000E3179000,28027618,69.0
1148,CRS3035RES1000mN2011000E3179000,28027591,66.0
1149,CRS3035RES1000mN2011000E3179000,28027606,85.0
1150,CRS3035RES1000mN2011000E3179000,28027898,80.0
1151,CRS3035RES1000mN2011000E3179000,28041810,84.0
1152,CRS3035RES1000mN2011000E3179000,AM_1,92.0
1153,CRS3035RES1000mN2011000E3179000,AM_2,71.0
1154,CRS3035RES1000mN2011000E3179000,AM_3,89.0
1155,CRS3035RES1000mN2011000E3179000,AM_5,63.0
1156,CRS3035RES1000mN2011000E3179000,AM_8,
1157,CRS3035RES1000mN2011000E3179000,AM_9,101.0
1158,CRS3035RES1000mN2011000E3179000,AM_10,62.0
1159,CRS3035RES1000mN2011000E3179000,AM_11,62.0
1160,CRS3035RES1000mN2011000E3179000,AM_12,78.0
1161,CRS3035RES1000mN2011000E3179000,AM_13,88.0
1162,CRS3035RES1000mN2011000E3179000,AM_14,69.0
1163,CRS3035RES1000mN2011000E3179000,AM_15,38.0
1164,CRS3035RES1000mN2011000E3179000,AM_16,66.0
1165,CRS3035RES1000mN2011000E3179000,AM_17,84.0
1166,CRS3035RES1000mN2011000E3179000,AM_19,58.0
1167,CRS3035RES1000mN2011000E3179000,AM_20,38.0
1168,CRS3035RES1000mN2011000E3179000,AM_21,66.0
1169,CRS3035RES1000mN2011000E3179000,AM_22,42.0
1170,CRS3035RES1000mN2011000E3179000,AM_23,48.0
1171,CRS3035RES1000mN2011000E3179000,AM_24,102.0
1172,CRS3035RES1000mN2011000E3179000,AM_25,68.0
1173,CRS3035RES1000mN2011000E3179000,AM_27,112.0
1174,CRS3035RES1000mN2011000E3179000,AM_28,75.0
1175,CRS3035RES1000mN2011000E3179000,AM_29,88.0
1176,CRS3035RES1000mN2011000E3179000,AM_30,83.0
1177,CRS3035RES1000mN2011000E3179000,AM_32,65.0
1178,CRS3035RES1000mN2011000E3179000,AM_33,56.0
1179,CRS3035RES1000mN2011000E3179000,AM_34,92.0
1180,CRS3035RES1000mN2011000E3179000,AM_35,60.0
1181,CRS3035RES1000mN2011000E3179000,AM_36,63.0
1182,CRS3035RES1000mN2011000E3179000,AM_37,103.0
1183,CRS3035RES1000mN2011000E3179000,AM_38,88.0
1184,CRS3035RES1000mN2011000E3180000,28027618,81.0
1185,CRS3035RES1000mN2011000E3180000,28027591,78.0
1186,CRS3035RES1000mN2011000E3180000,28027606,93.0
1187,CRS3035RES1000mN2011000E3180000,28027898,89.0
1188,CRS3035RES1000mN2011000E3180000,28041810,87.0
1189,CRS3035RES1000mN2011000E3180000,AM_1,94.0
1190,CRS3035RES1000mN2011000E3180000,AM_2,83.0
1191,CRS3035RES1000mN2011000E3180000,AM_3,90.0
1192,CRS3035RES1000mN2011000E3180000,AM_5,74.0
1193,CRS3035RES1000mN2011000E3180000,AM_8,
1194,CRS3035RES1000mN2011000E3180000,AM_9,112.0
1195,CRS3035RES1000mN2011000E3180000,AM_10,77.0
1196,CRS3035RES1000mN2011000E3180000,AM_11,76.0
1197,CRS3035RES1000mN2011000E3180000,AM_12,89.0
1198,CRS3035RES1000mN2011000E3180000,AM_13,93.0
1199,CRS3035RES1000mN2011000E3180000,AM_14,81.0
1200,CRS3035RES1000mN2011000E3180000,AM_15,55.0
1201,CRS3035RES1000mN2011000E3180000,AM_16,71.0
1202,CRS3035RES1000mN2011000E3180000,AM_17,85.0
1203,CRS3035RES1000mN2011000E3180000,AM_19,71.0
1204,CRS3035RES1000mN2011000E3180000,AM_20,55.0
1205,CRS3035RES1000mN2011000E3180000,AM_21,78.0
1206,CRS3035RES1000mN2011000E3180000,AM_22,59.0
1207,CRS3035RES1000mN2011000E3180000,AM_23,61.0
1208,CRS3035RES1000mN2011000E3180000,AM_24,104.0
1209,CRS3035RES1000mN2011000E3180000,AM_25,80.0
1210,CRS3035RES1000mN2011000E3180000,AM_27,114.0
1211,CRS3035RES1000mN2011000E3180000,AM_28,86.0
1212,CRS3035RES1000mN2011000E3180000,AM_29,89.0
1213,CRS3035RES1000mN2011000E3180000,AM_30,84.0
1214,CRS3035RES1000mN2011000E3180000,AM_32,75.0
1215,CRS3035RES1000mN2011000E3180000,AM_33,69.0
1216,CRS3035RES1000mN2011000E3180000,AM_34,97.0
1217,CRS3035RES1000mN2011000E3180000,AM_35,76.0
1218,CRS3035RES1000mN2011000E3180000,AM_36,75.0
1219,CRS3035RES1000mN2011000E3180000,AM_37,106.0
1220,CRS3035RES1000mN2011000E3180000,AM_38,88.0
1221,CRS3035RES1000mN2011000E3181000,28027618,93.0
1222,CRS3035RES1000mN2011000E3181000,28027591,89.0
1223,CRS3035RES1000mN2011000E3181000,28027606,109.0
1224,CRS3035RES1000mN2011000E3181000,28027898,98.0
1225,CRS3035RES1000mN2011000E3181000,28041810,108.0
1226,CRS3035RES1000mN2011000E3181000,AM_1,116.0
1227,CRS3035RES1000mN2011000E3181000,AM_2,95.0
1228,CRS3035RES1000mN2011000E3181000,AM_3,119.0
1229,CRS3035RES1000mN2011000E3181000,AM_5,85.0
1230,CRS3035RES1000mN2011000E3181000,AM_8,
1231,CRS3035RES1000mN2011000E3181000,AM_9,
1232,CRS3035RES1000mN2011000E3181000,AM_10,84.0
1233,CRS3035RES1000mN2011000E3181000,AM_11,86.0
1234,CRS3035RES1000mN2011000E3181000,AM_12,101.0
1235,CRS3035RES1000mN2011000E3181000,AM_13,114.0
1236,CRS3035RES1000mN2011000E3181000,AM_14,92.0
1237,CRS3035RES1000mN2011000E3181000,AM_15,61.0
1238,CRS3035RES1000mN2011000E3181000,AM_16,89.0
1239,CRS3035RES1000mN2011000E3181000,AM_17,109.0
1240,CRS3035RES1000mN2011000E3181000,AM_19,83.0
1241,CRS3035RES1000mN2011000E3181000,AM_20,61.0
1242,CRS3035RES1000mN2011000E3181000,AM_21,89.0
1243,CRS3035RES1000mN2011000E3181000,AM_22,65.0
1244,CRS3035RES1000mN2011000E3181000,AM_23,71.0
1245,CRS3035RES1000mN2011000E3181000,AM_24,
1246,CRS3035RES1000mN2011000E3181000,AM_25,91.0
1247,CRS3035RES1000mN2011000E3181000,AM_27,
1248,CRS3035RES1000mN2011000E3181000,AM_28,98.0
1249,CRS3035RES1000mN2011000E3181000,AM_29,115.0
1250,CRS3035RES1000mN2011000E3181000,AM_30,108.0
1251,CRS3035RES1000mN2011000E3181000,AM_32,88.0
1252,CRS3035RES1000mN2011000E3181000,AM_33,79.0
1253,CRS3035RES1000mN2011000E3181000,AM_34,106.0
1254,CRS3035RES1000mN2011000E3181000,AM_35,83.0
1255,CRS3035RES1000mN2011000E3181000,AM_36,87.0
1256,CRS3035RES1000mN2011000E3181000,AM_37,
1257,CRS3035RES1000mN2011000E3181000,AM_38,116.0
1258,CRS3035RES1000mN2011000E3182000,28027618,
1259,CRS3035RES1000mN2011000E3182000,28027591,
1260,CRS3035RES1000mN2011000E3182000,28027606,
1261,CRS3035RES1000mN2011000E3182000,28027898,
1262,CRS3035RES1000mN2011000E3182000,28041810,
1263,CRS3035RES1000mN2011000E3182000,AM_1,
1264,CRS3035RES1000mN2011000E3182000,AM_2,
1265,CRS3035RES1000mN2011000E3182000,AM_3,
1266,CRS3035RES1000mN2011000E3182000,AM_5,
1267,CRS3035RES1000mN2011000E3182000,AM_8,
1268,CRS3035RES1000mN2011000E3182000,AM_9,
1269,CRS3035RES1000mN2011000E3182000,AM_10,
1270,CRS3035RES1000mN2011000E3182000,AM_11,
1271,CRS3035RES1000mN2011000E3182000,AM_12,
1272,CRS3035RES1000mN2011000E3182000,AM_13,
1273,CRS3035RES1000mN2011000E3182000,AM_14,
1274,CRS3035RES1000mN2011000E3182000,AM_15,108.0
1275,CRS3035RES1000mN2011000E3182000,AM_16,
1276,CRS3035RES1000mN2011000E3182000,AM_17,
1277,CRS3035RES1000mN2011000E3182000,AM_19,
1278,CRS3035RES1000mN2011000E3182000,AM_20,102.0
1279,CRS3035RES1000mN2011000E3182000,AM_21,
1280,CRS3035RES1000mN2011000E3182000,AM_22,105.0
1281,CRS3035RES1000mN2011000E3182000,AM_23,118.0
1282,CRS3035RES1000mN2011000E3182000,AM_24,
1283,CRS3035RES1000mN2011000E3182000,AM_25,
1284,CRS3035RES1000mN2011000E3182000,AM_27,
1285,CRS3035RES1000mN2011000E3182000,AM_28,
1286,CRS3035RES1000mN2011000E3182000,AM_29,
1287,CRS3035RES1000mN2011000E3182000,AM_30,
1288,CRS3035RES1000mN2011000E3182000,AM_32,
1289,CRS3035RES1000mN2011000E3182000,AM_33,
1290,CRS3035RES1000mN2011000E3182000,AM_34,
1291,CRS3035RES1000mN2011000E3182000,AM_35,
1292,CRS3035RES1000mN2011000E3182000,AM_36,
1293,CRS3035RES1000mN2011000E3182000,AM_37,
1294,CRS3035RES1000mN2011000E3182000,AM_38,
1295,CRS3035RES1000mN2011000E3183000,28027618,
1296,CRS3035RES1000mN2011000E3183000,28027591,
1297,CRS3035RES1000mN2011000E3183000,28027606,
1298,CRS3035RES1000mN2011000E3183000,28027898,
1299,CRS3035RES1000mN2011000E3183000,28041810,
1300,CRS3035RES1000mN2011000E3183000,AM_1,
1301,CRS3035RES1000mN2011000E3183000,AM_2,
1302,CRS3035RES1000mN2011000E3183000,AM_3,
1303,CRS3035RES1000mN2011000E3183000,AM_5,
1304,CRS3035RES1000mN2011000E3183000,AM_8,
1305,CRS3035RES1000mN2011000E3183000,AM_9,
1306,CRS3035RES1000mN2011000E3183000,AM_10,
1307,CRS3035RES1000mN2011000E3183000,AM_11,
1308,CRS3035RES1000mN2011000E3183000,AM_12,
1309,CRS3035RES1000mN2011000E3183000,AM_13,
1310,CRS3035RES1000mN2011000E3183000,AM_14,
1311,CRS3035RES1000mN2011000E3183000,AM_15,
1312,CRS3035RES1000mN2011000E3183000,AM_16,
1313,CRS3035RES1000mN2011000E3183000,AM_17,
1314,CRS3035RES1000mN2011000E3183000,AM_19,
1315,CRS3035RES1000mN2011000E3183000,AM_20,
1316,CRS3035RES1000mN2011000E3183000,AM_21,
1317,CRS3035RES1000mN2011000E3183000,AM_22,
1318,CRS3035RES1000mN2011000E3183000,AM_23,
1319,CRS3035RES1000mN2011000E3183000,AM_24,
1320,CRS3035RES1000mN2011000E3183000,AM_25,
1321,CRS3035RES1000mN2011000E3183000,AM_27,
1322,CRS3035RES1000mN2011000E3183000,AM_28,
1323,CRS3035RES1000mN2011000E3183000,AM_29,
1324,CRS3035RES1000mN2011000E3183000,AM_30,
1325,CRS3035RES1000mN2011000E3183000,AM_32,
1326,CRS3035RES1000mN2011000E3183000,AM_33,
1327,CRS3035RES1000mN2011000E3183000,AM_34,
1328,CRS3035RES1000mN2011000E3183000,AM_35,
1329,CRS3035RES1000mN2011000E3183000,AM_36,
1330,CRS3035RES1000mN2011000E3183000,AM_37,
1331,CRS3035RES1000mN2011000E3183000,AM_38,
1332,CRS3035RES1000mN2011000E3184000,28027618,
1333,CRS3035RES1000mN2011000E3184000,28027591,
1334,CRS3035RES1000mN2011000E3184000,28027606,
1335,CRS3035RES1000mN2011000E3184000,28027898,
1336,CRS3035RES1000mN2011000E3184000,28041810,
1337,CRS3035RES1000mN2011000E3184000,AM_1,
1338,CRS3035RES1000mN2011000E3184000,AM_2,
1339,CRS3035RES1000mN2011000E3184000,AM_3,
1340,CRS3035RES1000mN2011000E3184000,AM_5,
1341,CRS3035RES1000mN2011000E3184000,AM_8,
1342,CRS3035RES1000mN2011000E3184000,AM_9,
1343,CRS3035RES1000mN2011000E3184000,AM_10,
1344,CRS3035RES1000mN2011000E3184000,AM_11,
1345,CRS3035RES1000mN2011000E3184000,AM_12,
1346,CRS3035RES1000mN2011000E3184000,AM_13,
1347,CRS3035RES1000mN2011000E3184000,AM_14,
1348,CRS3035RES1000mN2011000E3184000,AM_15,
1349,CRS3035RES1000mN2011000E3184000,AM_16,
1350,CRS3035RES1000mN2011000E3184000,AM_17,
1351,CRS3035RES1000mN2011000E3184000,AM_19,
1352,CRS3035RES1000mN2011000E3184000,AM_20,
1353,CRS3035RES1000mN2011000E3184000,AM_21,
1354,CRS3035RES1000mN2011000E3184000,AM_22,
1355,CRS3035RES1000mN2011000E3184000,AM_23,
1356,CRS3035RES1000mN2011000E3184000,AM_24,
1357,CRS3035RES1000mN2011000E3184000,AM_25,
1358,CRS3035RES1000mN2011000E3184000,AM_27,
1359,CRS3035RES1000mN2011000E3184000,AM_28,
1360,CRS3035RES1000mN2011000E3184000,AM_29,
1361,CRS3035RES1000mN2011000E3184000,AM_30,
1362,CRS3035RES1000mN2011000E3184000,AM_32,
1363,CRS3035RES1000mN2011000E3184000,AM_33,
1364,CRS3035RES1000mN2011000E3184000,AM_34,
1365,CRS3035RES1000mN2011000E3184000,AM_35,
1366,CRS3035RES1000mN2011000E3184000,AM_36,
1367,CRS3035RES1000mN2011000E3184000,AM_37,
1368,CRS3035RES1000mN2011000E3184000,AM_38,
1369,CRS3035RES1000mN2012000E3173000,28027618,
1370,CRS3035RES1000mN2012000E3173000,28027591,
1371,CRS3035RES1000mN2012000E3173000,28027606,
1372,CRS3035RES1000mN2012000E3173000,28027898,
1373,CRS3035RES1000mN2012000E3173000,28041810,
1374,CRS3035RES1000mN2012000E3173000,AM_1,
1375,CRS3035RES1000mN2012000E3173000,AM_2,
1376,CRS3035RES1000mN2012000E3173000,AM_3,
1377,CRS3035RES1000mN2012000E3173000,AM_5,
1378,CRS3035RES1000mN2012000E3173000,AM_8,
1379,CRS3035RES1000mN2012000E3173000,AM_9,
1380,CRS3035RES1000mN2012000E3173000,AM_10,
1381,CRS3035RES1000mN2012000E3173000,AM_11,
1382,CRS3035RES1000mN2012000E3173000,AM_12,
1383,CRS3035RES1000mN2012000E3173000,AM_13,
1384,CRS3035RES1000mN2012000E3173000,AM_14,
1385,CRS3035RES1000mN2012000E3173000,AM_15,102.0
1386,CRS3035RES1000mN2012000E3173000,AM_16,
1387,CRS3035RES1000mN2012000E3173000,AM_17,
1388,CRS3035RES1000mN2012000E3173000,AM_19,
1389,CRS3035RES1000mN2012000E3173000,AM_20,101.0
1390,CRS3035RES1000mN2012000E3173000,AM_21,
1391,CRS3035RES1000mN2012000E3173000,AM_22,104.0
1392,CRS3035RES1000mN2012000E3173000,AM_23,112.0
1393,CRS3035RES1000mN2012000E3173000,AM_24,
1394,CRS3035RES1000mN2012000E3173000,AM_25,
1395,CRS3035RES1000mN2012000E3173000,AM_27,
1396,CRS3035RES1000mN2012000E3173000,AM_28,
1397,CRS3035RES1000mN2012000E3173000,AM_29,
1398,CRS3035RES1000mN2012000E3173000,AM_30,
1399,CRS3035RES1000mN2012000E3173000,AM_32,
1400,CRS3035RES1000mN2012000E3173000,AM_33,
1401,CRS3035RES1000mN2012000E3173000,AM_34,
1402,CRS3035RES1000mN2012000E3173000,AM_35,
1403,CRS3035RES1000mN2012000E3173000,AM_36,
1404,CRS3035RES1000mN2012000E3173000,AM_37,
1405,CRS3035RES1000mN2012000E3173000,AM_38,
1406,CRS3035RES1000mN2012000E3174000,28027618,
1407,CRS3035RES1000mN2012000E3174000,28027591,
1408,CRS3035RES1000mN2012000E3174000,28027606,
1409,CRS3035RES1000mN2012000E3174000,28027898,
1410,CRS3035RES1000mN2012000E3174000,28041810,
1411,CRS3035RES1000mN2012000E3174000,AM_1,
1412,CRS3035RES1000mN2012000E3174000,AM_2,
1413,CRS3035RES1000mN2012000E3174000,AM_3,
1414,CRS3035RES1000mN2012000E3174000,AM_5,
1415,CRS3035RES1000mN2012000E3174000,AM_8,
1416,CRS3035RES1000mN2012000E3174000,AM_9,
1417,CRS3035RES1000mN2012000E3174000,AM_10,
1418,CRS3035RES1000mN2012000E3174000,AM_11,
1419,CRS3035RES1000mN2012000E3174000,AM_12,
1420,CRS3035RES1000mN2012000E3174000,AM_13,
1421,CRS3035RES1000mN2012000E3174000,AM_14,
1422,CRS3035RES1000mN2012000E3174000,AM_15,105.0
1423,CRS3035RES1000mN2012000E3174000,AM_16,
1424,CRS3035RES1000mN2012000E3174000,AM_17,
1425,CRS3035RES1000mN2012000E3174000,AM_19,
1426,CRS3035RES1000mN2012000E3174000,AM_20,102.0
1427,CRS3035RES1000mN2012000E3174000,AM_21,
1428,CRS3035RES1000mN2012000E3174000,AM_22,105.0
1429,CRS3035RES1000mN2012000E3174000,AM_23,116.0
1430,CRS3035RES1000mN2012000E3174000,AM_24,
1431,CRS3035RES1000mN2012000E3174000,AM_25,
1432,CRS3035RES1000mN2012000E3174000,AM_27,
1433,CRS3035RES1000mN2012000E3174000,AM_28,
1434,CRS3035RES1000mN2012000E3174000,AM_29,
1435,CRS3035RES1000mN2012000E3174000,AM_30,
1436,CRS3035RES1000mN2012000E3174000,AM_32,
1437,CRS3035RES1000mN2012000E3174000,AM_33,
1438,CRS3035RES1000mN2012000E3174000,AM_34,
1439,CRS3035RES1000mN2012000E3174000,AM_35,
1440,CRS3035RES1000mN2012000E3174000,AM_36,
1441,CRS3035RES1000mN2012000E3174000,AM_37,
1442,CRS3035RES1000mN2012000E3174000,AM_38,
1443,CRS3035RES1000mN2012000E3175000,28027618,
1444,CRS3035RES1000mN2012000E3175000,28027591,
1445,CRS3035RES1000mN2012000E3175000,28027606,
1446,CRS3035RES1000mN2012000E3175000,28027898,
1447,CRS3035RES1000mN2012000E3175000,28041810,
1448,CRS3035RES1000mN2012000E3175000,AM_1,
1449,CRS3035RES1000mN2012000E3175000,AM_2,
1450,CRS3035RES1000mN2012000E3175000,AM_3,
1451,CRS3035RES1000mN2012000E3175000,AM_5,119.0
1452,CRS3035RES1000mN2012000E3175000,AM_8,
1453,CRS3035RES1000mN2012000E3175000,AM_9,
1454,CRS3035RES1000mN2012000E3175000,AM_10,118.0
1455,CRS3035RES1000mN2012000E3175000,AM_11,119.0
1456,CRS3035RES1000mN2012000E3175000,AM_12,
1457,CRS3035RES1000mN2012000E3175000,AM_13,
1458,CRS3035RES1000mN2012000E3175000,AM_14,
1459,CRS3035RES1000mN2012000E3175000,AM_15,95.0
1460,CRS3035RES1000mN2012000E3175000,AM_16,118.0
1461,CRS3035RES1000mN2012000E3175000,AM_17,
1462,CRS3035RES1000mN2012000E3175000,AM_19,116.0
1463,CRS3035RES1000mN2012000E3175000,AM_20,91.0
1464,CRS3035RES1000mN2012000E3175000,AM_21,
1465,CRS3035RES1000mN2012000E3175000,AM_22,94.0
1466,CRS3035RES1000mN2012000E3175000,AM_23,105.0
1467,CRS3035RES1000mN2012000E3175000,AM_24,
1468,CRS3035RES1000mN2012000E3175000,AM_25,
1469,CRS3035RES1000mN2012000E3175000,AM_27,
1470,CRS3035RES1000mN2012000E3175000,AM_28,
1471,CRS3035RES1000mN2012000E3175000,AM_29,
1472,CRS3035RES1000mN2012000E3175000,AM_30,
1473,CRS3035RES1000mN2012000E3175000,AM_32,119.0
1474,CRS3035RES1000mN2012000E3175000,AM_33,112.0
1475,CRS3035RES1000mN2012000E3175000,AM_34,
1476,CRS3035RES1000mN2012000E3175000,AM_35,116.0
1477,CRS3035RES1000mN2012000E3175000,AM_36,
1478,CRS3035RES1000mN2012000E3175000,AM_37,
1479,CRS3035RES1000mN2012000E3175000,AM_38,
1480,CRS3035RES1000mN2012000E3176000,28027618,
1481,CRS3035RES1000mN2012000E3176000,28027591,119.0
1482,CRS3035RES1000mN2012000E3176000,28027606,
1483,CRS3035RES1000mN2012000E3176000,28027898,
1484,CRS3035RES1000mN2012000E3176000,28041810,
1485,CRS3035RES1000mN2012000E3176000,AM_1,
1486,CRS3035RES1000mN2012000E3176000,AM_2,
1487,CRS3035RES1000mN2012000E3176000,AM_3,
1488,CRS3035RES1000mN2012000E3176000,AM_5,115.0
1489,CRS3035RES1000mN2012000E3176000,AM_8,
1490,CRS3035RES1000mN2012000E3176000,AM_9,
1491,CRS3035RES1000mN2012000E3176000,AM_10,114.0
1492,CRS3035RES1000mN2012000E3176000,AM_11,115.0
1493,CRS3035RES1000mN2012000E3176000,AM_12,
1494,CRS3035RES1000mN2012000E3176000,AM_13,
1495,CRS3035RES1000mN2012000E3176000,AM_14,
1496,CRS3035RES1000mN2012000E3176000,AM_15,90.0
1497,CRS3035RES1000mN2012000E3176000,AM_16,115.0
1498,CRS3035RES1000mN2012000E3176000,AM_17,
1499,CRS3035RES1000mN2012000E3176000,AM_19,112.0
1500,CRS3035RES1000mN2012000E3176000,AM_20,87.0
1501,CRS3035RES1000mN2012000E3176000,AM_21,119.0
1502,CRS3035RES1000mN2012000E3176000,AM_22,90.0
1503,CRS3035RES1000mN2012000E3176000,AM_23,101.0
1504,CRS3035RES1000mN2012000E3176000,AM_24,
1505,CRS3035RES1000mN2012000E3176000,AM_25,
1506,CRS3035RES1000mN2012000E3176000,AM_27,
1507,CRS3035RES1000mN2012000E3176000,AM_28,
1508,CRS3035RES1000mN2012000E3176000,AM_29,
1509,CRS3035RES1000mN2012000E3176000,AM_30,
1510,CRS3035RES1000mN2012000E3176000,AM_32,116.0
1511,CRS3035RES1000mN2012000E3176000,AM_33,108.0
1512,CRS3035RES1000mN2012000E3176000,AM_34,
1513,CRS3035RES1000mN2012000E3176000,AM_35,112.0
1514,CRS3035RES1000mN2012000E3176000,AM_36,116.0
1515,CRS3035RES1000mN2012000E3176000,AM_37,
1516,CRS3035RES1000mN2012000E3176000,AM_38,
1517,CRS3035RES1000mN2012000E3177000,28027618,114.0
1518,CRS3035RES1000mN2012000E3177000,28027591,111.0
1519,CRS3035RES1000mN2012000E3177000,28027606,
1520,CRS3035RES1000mN2012000E3177000,28027898,116.0
1521,CRS3035RES1000mN2012000E3177000,28041810,
1522,CRS3035RES1000mN2012000E3177000,AM_1,
1523,CRS3035RES1000mN2012000E3177000,AM_2,117.0
1524,CRS3035RES1000mN2012000E3177000,AM_3,
1525,CRS3035RES1000mN2012000E3177000,AM_5,110.0
1526,CRS3035RES1000mN2012000E3177000,AM_8,
1527,CRS3035RES1000mN2012000E3177000,AM_9,
1528,CRS3035RES1000mN2012000E3177000,AM_10,110.0
1529,CRS3035RES1000mN2012000E3177000,AM_11,109.0
1530,CRS3035RES1000mN2012000E3177000,AM_12,
1531,CRS3035RES1000mN2012000E3177000,AM_13,
1532,CRS3035RES1000mN2012000E3177000,AM_14,115.0
1533,CRS3035RES1000mN2012000E3177000,AM_15,89.0
1534,CRS3035RES1000mN2012000E3177000,AM_16,110.0
1535,CRS3035RES1000mN2012000E3177000,AM_17,
1536,CRS3035RES1000mN2012000E3177000,AM_19,108.0
1537,CRS3035RES1000mN2012000E3177000,AM_20,75.0
1538,CRS3035RES1000mN2012000E3177000,AM_21,113.0
1539,CRS3035RES1000mN2012000E3177000,AM_22,79.0
1540,CRS3035RES1000mN2012000E3177000,AM_23,97.0
1541,CRS3035RES1000mN2012000E3177000,AM_24,
1542,CRS3035RES1000mN2012000E3177000,AM_25,114.0
1543,CRS3035RES1000mN2012000E3177000,AM_27,
1544,CRS3035RES1000mN2012000E3177000,AM_28,
1545,CRS3035RES1000mN2012000E3177000,AM_29,
1546,CRS3035RES1000mN2012000E3177000,AM_30,
1547,CRS3035RES1000mN2012000E3177000,AM_32,110.0
1548,CRS3035RES1000mN2012000E3177000,AM_33,103.0
1549,CRS3035RES1000mN2012000E3177000,AM_34,
1550,CRS3035RES1000mN2012000E3177000,AM_35,109.0
1551,CRS3035RES1000mN2012000E3177000,AM_36,111.0
1552,CRS3035RES1000mN2012000E3177000,AM_37,
1553,CRS3035RES1000mN2012000E3177000,AM_38,
1554,CRS3035RES1000mN2012000E3178000,28027618,70.0
1555,CRS3035RES1000mN2012000E3178000,28027591,67.0
1556,CRS3035RES1000mN2012000E3178000,28027606,86.0
1557,CRS3035RES1000mN2012000E3178000,28027898,80.0
1558,CRS3035RES1000mN2012000E3178000,28041810,85.0
1559,CRS3035RES1000mN2012000E3178000,AM_1,91.0
1560,CRS3035RES1000mN2012000E3178000,AM_2,72.0
1561,CRS3035RES1000mN2012000E3178000,AM_3,89.0
1562,CRS3035RES1000mN2012000E3178000,AM_5,63.0
1563,CRS3035RES1000mN2012000E3178000,AM_8,
1564,CRS3035RES1000mN2012000E3178000,AM_9,101.0
1565,CRS3035RES1000mN2012000E3178000,AM_10,62.0
1566,CRS3035RES1000mN2012000E3178000,AM_11,64.0
1567,CRS3035RES1000mN2012000E3178000,AM_12,78.0
1568,CRS3035RES1000mN2012000E3178000,AM_13,88.0
1569,CRS3035RES1000mN2012000E3178000,AM_14,70.0
1570,CRS3035RES1000mN2012000E3178000,AM_15,38.0
1571,CRS3035RES1000mN2012000E3178000,AM_16,67.0
1572,CRS3035RES1000mN2012000E3178000,AM_17,84.0
1573,CRS3035RES1000mN2012000E3178000,AM_19,60.0
1574,CRS3035RES1000mN2012000E3178000,AM_20,39.0
1575,CRS3035RES1000mN2012000E3178000,AM_21,67.0
1576,CRS3035RES1000mN2012000E3178000,AM_22,43.0
1577,CRS3035RES1000mN2012000E3178000,AM_23,48.0
1578,CRS3035RES1000mN2012000E3178000,AM_24,103.0
1579,CRS3035RES1000mN2012000E3178000,AM_25,69.0
1580,CRS3035RES1000mN2012000E3178000,AM_27,111.0
1581,CRS3035RES1000mN2012000E3178000,AM_28,76.0
1582,CRS3035RES1000mN2012000E3178000,AM_29,88.0
1583,CRS3035RES1000mN2012000E3178000,AM_30,83.0
1584,CRS3035RES1000mN2012000E3178000,AM_32,65.0
1585,CRS3035RES1000mN2012000E3178000,AM_33,56.0
1586,CRS3035RES1000mN2012000E3178000,AM_34,91.0
1587,CRS3035RES1000mN2012000E3178000,AM_35,60.0
1588,CRS3035RES1000mN2012000E3178000,AM_36,64.0
1589,CRS3035RES1000mN2012000E3178000,AM_37,103.0
1590,CRS3035RES1000mN2012000E3178000,AM_38,88.0
1591,CRS3035RES1000mN2012000E3179000,28027618,65.0
1592,CRS3035RES1000mN2012000E3179000,28027591,62.0
1593,CRS3035RES1000mN2012000E3179000,28027606,80.0
1594,CRS3035RES1000mN2012000E3179000,28027898,74.0
1595,CRS3035RES1000mN2012000E3179000,28041810,84.0
1596,CRS3035RES1000mN2012000E3179000,AM_1,91.0
1597,CRS3035RES1000mN2012000E3179000,AM_2,67.0
1598,CRS3035RES1000mN2012000E3179000,AM_3,89.0
1599,CRS3035RES1000mN2012000E3179000,AM_5,58.0
1600,CRS3035RES1000mN2012000E3179000,AM_8,119.0
1601,CRS3035RES1000mN2012000E3179000,AM_9,97.0
1602,CRS3035RES1000mN2012000E3179000,AM_10,58.0
1603,CRS3035RES1000mN2012000E3179000,AM_11,59.0
1604,CRS3035RES1000mN2012000E3179000,AM_12,72.0
1605,CRS3035RES1000mN2012000E3179000,AM_13,79.0
1606,CRS3035RES1000mN2012000E3179000,AM_14,65.0
1607,CRS3035RES1000mN2012000E3179000,AM_15,34.0
1608,CRS3035RES1000mN2012000E3179000,AM_16,63.0
1609,CRS3035RES1000mN2012000E3179000,AM_17,83.0
1610,CRS3035RES1000mN2012000E3179000,AM_19,56.0
1611,CRS3035RES1000mN2012000E3179000,AM_20,35.0
1612,CRS3035RES1000mN2012000E3179000,AM_21,62.0
1613,CRS3035RES1000mN2012000E3179000,AM_22,38.0
1614,CRS3035RES1000mN2012000E3179000,AM_23,45.0
1615,CRS3035RES1000mN2012000E3179000,AM_24,102.0
1616,CRS3035RES1000mN2012000E3179000,AM_25,64.0
1617,CRS3035RES1000mN2012000E3179000,AM_27,110.0
1618,CRS3035RES1000mN2012000E3179000,AM_28,71.0
1619,CRS3035RES1000mN2012000E3179000,AM_29,88.0
1620,CRS3035RES1000mN2012000E3179000,AM_30,82.0
1621,CRS3035RES1000mN2012000E3179000,AM_32,61.0
1622,CRS3035RES1000mN2012000E3179000,AM_33,52.0
1623,CRS3035RES1000mN2012000E3179000,AM_34,76.0
1624,CRS3035RES1000mN2012000E3179000,AM_35,56.0
1625,CRS3035RES1000mN2012000E3179000,AM_36,59.0
1626,CRS3035RES1000mN2012000E3179000,AM_37,102.0
1627,CRS3035RES1000mN2012000E3179000,AM_38,88.0
1628,CRS3035RES1000mN2012000E3180000,28027618,68.0
1629,CRS3035RES1000mN2012000E3180000,28027591,64.0
1630,CRS3035RES1000mN2012000E3180000,28027606,82.0
1631,CRS3035RES1000mN2012000E3180000,28027898,75.0
1632,CRS3035RES1000mN2012000E3180000,28041810,84.0
1633,CRS3035RES1000mN2012000E3180000,AM_1,90.0
1634,CRS3035RES1000mN2012000E3180000,AM_2,70.0
1635,CRS3035RES1000mN2012000E3180000,AM_3,89.0
1636,CRS3035RES1000mN2012000E3180000,AM_5,60.0
1637,CRS3035RES1000mN2012000E3180000,AM_8,
1638,CRS3035RES1000mN2012000E3180000,AM_9,99.0
1639,CRS3035RES1000mN2012000E3180000,AM_10,59.0
1640,CRS3035RES1000mN2012000E3180000,AM_11,60.0
1641,CRS3035RES1000mN2012000E3180000,AM_12,74.0
1642,CRS3035RES1000mN2012000E3180000,AM_13,80.0
1643,CRS3035RES1000mN2012000E3180000,AM_14,67.0
1644,CRS3035RES1000mN2012000E3180000,AM_15,36.0
1645,CRS3035RES1000mN2012000E3180000,AM_16,64.0
1646,CRS3035RES1000mN2012000E3180000,AM_17,84.0
1647,CRS3035RES1000mN2012000E3180000,AM_19,57.0
1648,CRS3035RES1000mN2012000E3180000,AM_20,37.0
1649,CRS3035RES1000mN2012000E3180000,AM_21,64.0
1650,CRS3035RES1000mN2012000E3180000,AM_22,40.0
1651,CRS3035RES1000mN2012000E3180000,AM_23,46.0
1652,CRS3035RES1000mN2012000E3180000,AM_24,102.0
1653,CRS3035RES1000mN2012000E3180000,AM_25,65.0
1654,CRS3035RES1000mN2012000E3180000,AM_27,109.0
1655,CRS3035RES1000mN2012000E3180000,AM_28,72.0
1656,CRS3035RES1000mN2012000E3180000,AM_29,88.0
1657,CRS3035RES1000mN2012000E3180000,AM_30,83.0
1658,CRS3035RES1000mN2012000E3180000,AM_32,63.0
1659,CRS3035RES1000mN2012000E3180000,AM_33,53.0
1660,CRS3035RES1000mN2012000E3180000,AM_34,78.0
1661,CRS3035RES1000mN2012000E3180000,AM_35,57.0
1662,CRS3035RES1000mN2012000E3180000,AM_36,61.0
1663,CRS3035RES1000mN2012000E3180000,AM_37,101.0
1664,CRS3035RES1000mN2012000E3180000,AM_38,88.0
1665,CRS3035RES1000mN2012000E3181000,28027618,85.0
1666,CRS3035RES1000mN2012000E3181000,28027591,82.0
1667,CRS3035RES1000mN2012000E3181000,28027606,104.0
1668,CRS3035RES1000mN2012000E3181000,28027898,92.0
1669,CRS3035RES1000mN2012000E3181000,28041810,99.0
1670,CRS3035RES1000mN2012000E3181000,AM_1,110.0
1671,CRS3035RES1000mN2012000E3181000,AM_2,88.0
1672,CRS3035RES1000mN2012000E3181000,AM_3,113.0
1673,CRS3035RES1000mN2012000E3181000,AM_5,80.0
1674,CRS3035RES1000mN2012000E3181000,AM_8,
1675,CRS3035RES1000mN2012000E3181000,AM_9,
1676,CRS3035RES1000mN2012000E3181000,AM_10,80.0
1677,CRS3035RES1000mN2012000E3181000,AM_11,80.0
1678,CRS3035RES1000mN2012000E3181000,AM_12,95.0
1679,CRS3035RES1000mN2012000E3181000,AM_13,109.0
1680,CRS3035RES1000mN2012000E3181000,AM_14,86.0
1681,CRS3035RES1000mN2012000E3181000,AM_15,57.0
1682,CRS3035RES1000mN2012000E3181000,AM_16,82.0
1683,CRS3035RES1000mN2012000E3181000,AM_17,101.0
1684,CRS3035RES1000mN2012000E3181000,AM_19,76.0
1685,CRS3035RES1000mN2012000E3181000,AM_20,58.0
1686,CRS3035RES1000mN2012000E3181000,AM_21,83.0
1687,CRS3035RES1000mN2012000E3181000,AM_22,61.0
1688,CRS3035RES1000mN2012000E3181000,AM_23,65.0
1689,CRS3035RES1000mN2012000E3181000,AM_24,115.0
1690,CRS3035RES1000mN2012000E3181000,AM_25,85.0
1691,CRS3035RES1000mN2012000E3181000,AM_27,
1692,CRS3035RES1000mN2012000E3181000,AM_28,92.0
1693,CRS3035RES1000mN2012000E3181000,AM_29,109.0
1694,CRS3035RES1000mN2012000E3181000,AM_30,102.0
1695,CRS3035RES1000mN2012000E3181000,AM_32,82.0
1696,CRS3035RES1000mN2012000E3181000,AM_33,73.0
1697,CRS3035RES1000mN2012000E3181000,AM_34,100.0
1698,CRS3035RES1000mN2012000E3181000,AM_35,79.0
1699,CRS3035RES1000mN2012000E3181000,AM_36,81.0
1700,CRS3035RES1000mN2012000E3181000,AM_37,116.0
1701,CRS3035RES1000mN2012000E3181000,AM_38,110.0
1702,CRS3035RES1000mN2012000E3182000,28027618,
1703,CRS3035RES1000mN2012000E3182000,28027591,
1704,CRS3035RES1000mN2012000E3182000,28027606,
1705,CRS3035RES1000mN2012000E3182000,28027898,
1706,CRS3035RES1000mN2012000E3182000,28041810,
1707,CRS3035RES1000mN2012000E3182000,AM_1,
1708,CRS3035RES1000mN2012000E3182000,AM_2,
1709,CRS3035RES1000mN2012000E3182000,AM_3,
1710,CRS3035RES1000mN2012000E3182000,AM_5,
1711,CRS3035RES1000mN2012000E3182000,AM_8,
1712,CRS3035RES1000mN2012000E3182000,AM_9,
1713,CRS3035RES1000mN2012000E3182000,AM_10,
1714,CRS3035RES1000mN2012000E3182000,AM_11,
1715,CRS3035RES1000mN2012000E3182000,AM_12,
1716,CRS3035RES1000mN2012000E3182000,AM_13,
1717,CRS3035RES1000mN2012000E3182000,AM_14,
1718,CRS3035RES1000mN2012000E3182000,AM_15,99.0
1719,CRS3035RES1000mN2012000E3182000,AM_16,
1720,CRS3035RES1000mN2012000E3182000,AM_17,
1721,CRS3035RES1000mN2012000E3182000,AM_19,
1722,CRS3035RES1000mN2012000E3182000,AM_20,91.0
1723,CRS3035RES1000mN2012000E3182000,AM_21,
1724,CRS3035RES1000mN2012000E3182000,AM_22,94.0
1725,CRS3035RES1000mN2012000E3182000,AM_23,109.0
1726,CRS3035RES1000mN2012000E3182000,AM_24,
1727,CRS3035RES1000mN2012000E3182000,AM_25,
1728,CRS3035RES1000mN2012000E3182000,AM_27,
1729,CRS3035RES1000mN2012000E3182000,AM_28,
1730,CRS3035RES1000mN2012000E3182000,AM_29,
1731,CRS3035RES1000mN2012000E3182000,AM_30,
1732,CRS3035RES1000mN2012000E3182000,AM_32,
1733,CRS3035RES1000mN2012000E3182000,AM_33,115.0
1734,CRS3035RES1000mN2012000E3182000,AM_34,
1735,CRS3035RES1000mN2012000E3182000,AM_35,
1736,CRS3035RES1000mN2012000E3182000,AM_36,
1737,CRS3035RES1000mN2012000E3182000,AM_37,
1738,CRS3035RES1000mN2012000E3182000,AM_38,
1739,CRS3035RES1000mN2013000E3173000,28027618,
1740,CRS3035RES1000mN2013000E3173000,28027591,118.0
1741,CRS3035RES1000mN2013000E3173000,28027606,
1742,CRS3035RES1000mN2013000E3173000,28027898,
1743,CRS3035RES1000mN2013000E3173000,28041810,
1744,CRS3035RES1000mN2013000E3173000,AM_1,
1745,CRS3035RES1000mN2013000E3173000,AM_2,
1746,CRS3035RES1000mN2013000E3173000,AM_3,
1747,CRS3035RES1000mN2013000E3173000,AM_5,114.0
1748,CRS3035RES1000mN2013000E3173000,AM_8,
1749,CRS3035RES1000mN2013000E3173000,AM_9,
1750,CRS3035RES1000mN2013000E3173000,AM_10,113.0
1751,CRS3035RES1000mN2013000E3173000,AM_11,114.0
1752,CRS3035RES1000mN2013000E3173000,AM_12,
1753,CRS3035RES1000mN2013000E3173000,AM_13,
1754,CRS3035RES1000mN2013000E3173000,AM_14,
1755,CRS3035RES1000mN2013000E3173000,AM_15,90.0
1756,CRS3035RES1000mN2013000E3173000,AM_16,115.0
1757,CRS3035RES1000mN2013000E3173000,AM_17,
1758,CRS3035RES1000mN2013000E3173000,AM_19,112.0
1759,CRS3035RES1000mN2013000E3173000,AM_20,85.0
1760,CRS3035RES1000mN2013000E3173000,AM_21,117.0
1761,CRS3035RES1000mN2013000E3173000,AM_22,88.0
1762,CRS3035RES1000mN2013000E3173000,AM_23,100.0
1763,CRS3035RES1000mN2013000E3173000,AM_24,
1764,CRS3035RES1000mN2013000E3173000,AM_25,119.0
1765,CRS3035RES1000mN2013000E3173000,AM_27,
1766,CRS3035RES1000mN2013000E3173000,AM_28,
1767,CRS3035RES1000mN2013000E3173000,AM_29,
1768,CRS3035RES1000mN2013000E3173000,AM_30,
1769,CRS3035RES1000mN2013000E3173000,AM_32,116.0
1770,CRS3035RES1000mN2013000E3173000,AM_33,108.0
1771,CRS3035RES1000mN2013000E3173000,AM_34,
1772,CRS3035RES1000mN2013000E3173000,AM_35,111.0
1773,CRS3035RES1000mN2013000E3173000,AM_36,115.0
1774,CRS3035RES1000mN2013000E3173000,AM_37,
1775,CRS3035RES1000mN2013000E3173000,AM_38,
1776,CRS3035RES1000mN2013000E3174000,28027618,
1777,CRS3035RES1000mN2013000E3174000,28027591,
1778,CRS3035RES1000mN2013000E3174000,28027606,
1779,CRS3035RES1000mN2013000E3174000,28027898,
1780,CRS3035RES1000mN2013000E3174000,28041810,
1781,CRS3035RES1000mN2013000E3174000,AM_1,
1782,CRS3035RES1000mN2013000E3174000,AM_2,
1783,CRS3035RES1000mN2013000E3174000,AM_3,
1784,CRS3035RES1000mN2013000E3174000,AM_5,118.0
1785,CRS3035RES1000mN2013000E3174000,AM_8,
1786,CRS3035RES1000mN2013000E3174000,AM_9,
1787,CRS3035RES1000mN2013000E3174000,AM_10,117.0
1788,CRS3035RES1000mN2013000E3174000,AM_11,118.0
1789,CRS3035RES1000mN2013000E3174000,AM_12,
1790,CRS3035RES1000mN2013000E3174000,AM_13,
1791,CRS3035RES1000mN2013000E3174000,AM_14,
1792,CRS3035RES1000mN2013000E3174000,AM_15,94.0
1793,CRS3035RES1000mN2013000E3174000,AM_16,117.0
1794,CRS3035RES1000mN2013000E3174000,AM_17,
1795,CRS3035RES1000mN2013000E3174000,AM_19,114.0
1796,CRS3035RES1000mN2013000E3174000,AM_20,90.0
1797,CRS3035RES1000mN2013000E3174000,AM_21,
1798,CRS3035RES1000mN2013000E3174000,AM_22,94.0
1799,CRS3035RES1000mN2013000E3174000,AM_23,103.0
1800,CRS3035RES1000mN2013000E3174000,AM_24,
1801,CRS3035RES1000mN2013000E3174000,AM_25,
1802,CRS3035RES1000mN2013000E3174000,AM_27,
1803,CRS3035RES1000mN2013000E3174000,AM_28,
1804,CRS3035RES1000mN2013000E3174000,AM_29,
1805,CRS3035RES1000mN2013000E3174000,AM_30,
1806,CRS3035RES1000mN2013000E3174000,AM_32,119.0
1807,CRS3035RES1000mN2013000E3174000,AM_33,111.0
1808,CRS3035RES1000mN2013000E3174000,AM_34,
1809,CRS3035RES1000mN2013000E3174000,AM_35,115.0
1810,CRS3035RES1000mN2013000E3174000,AM_36,119.0
1811,CRS3035RES1000mN2013000E3174000,AM_37,
1812,CRS3035RES1000mN2013000E3174000,AM_38,
1813,CRS3035RES1000mN2013000E3175000,28027618,108.0
1814,CRS3035RES1000mN2013000E3175000,28027591,105.0
1815,CRS3035RES1000mN2013000E3175000,28027606,
1816,CRS3035RES1000mN2013000E3175000,28027898,
1817,CRS3035RES1000mN2013000E3175000,28041810,112.0
1818,CRS3035RES1000mN2013000E3175000,AM_1,117.0
1819,CRS3035RES1000mN2013000E3175000,AM_2,111.0
1820,CRS3035RES1000mN2013000E3175000,AM_3,
1821,CRS3035RES1000mN2013000E3175000,AM_5,102.0
1822,CRS3035RES1000mN2013000E3175000,AM_8,
1823,CRS3035RES1000mN2013000E3175000,AM_9,
1824,CRS3035RES1000mN2013000E3175000,AM_10,107.0
1825,CRS3035RES1000mN2013000E3175000,AM_11,104.0
1826,CRS3035RES1000mN2013000E3175000,AM_12,
1827,CRS3035RES1000mN2013000E3175000,AM_13,
1828,CRS3035RES1000mN2013000E3175000,AM_14,109.0
1829,CRS3035RES1000mN2013000E3175000,AM_15,85.0
1830,CRS3035RES1000mN2013000E3175000,AM_16,96.0
1831,CRS3035RES1000mN2013000E3175000,AM_17,117.0
1832,CRS3035RES1000mN2013000E3175000,AM_19,100.0
1833,CRS3035RES1000mN2013000E3175000,AM_20,80.0
1834,CRS3035RES1000mN2013000E3175000,AM_21,105.0
1835,CRS3035RES1000mN2013000E3175000,AM_22,84.0
1836,CRS3035RES1000mN2013000E3175000,AM_23,90.0
1837,CRS3035RES1000mN2013000E3175000,AM_24,
1838,CRS3035RES1000mN2013000E3175000,AM_25,105.0
1839,CRS3035RES1000mN2013000E3175000,AM_27,
1840,CRS3035RES1000mN2013000E3175000,AM_28,115.0
1841,CRS3035RES1000mN2013000E3175000,AM_29,116.0
1842,CRS3035RES1000mN2013000E3175000,AM_30,118.0
1843,CRS3035RES1000mN2013000E3175000,AM_32,102.0
1844,CRS3035RES1000mN2013000E3175000,AM_33,96.0
1845,CRS3035RES1000mN2013000E3175000,AM_34,
1846,CRS3035RES1000mN2013000E3175000,AM_35,107.0
1847,CRS3035RES1000mN2013000E3175000,AM_36,103.0
1848,CRS3035RES1000mN2013000E3175000,AM_37,
1849,CRS3035RES1000mN2013000E3175000,AM_38,117.0
1850,CRS3035RES1000mN2013000E3176000,28027618,81.0
1851,CRS3035RES1000mN2013000E3176000,28027591,78.0
1852,CRS3035RES1000mN2013000E3176000,28027606,102.0
1853,CRS3035RES1000mN2013000E3176000,28027898,90.0
1854,CRS3035RES1000mN2013000E3176000,28041810,87.0
1855,CRS3035RES1000mN2013000E3176000,AM_1,94.0
1856,CRS3035RES1000mN2013000E3176000,AM_2,83.0
1857,CRS3035RES1000mN2013000E3176000,AM_3,90.0
1858,CRS3035RES1000mN2013000E3176000,AM_5,77.0
1859,CRS3035RES1000mN2013000E3176000,AM_8,
1860,CRS3035RES1000mN2013000E3176000,AM_9,112.0
1861,CRS3035RES1000mN2013000E3176000,AM_10,79.0
1862,CRS3035RES1000mN2013000E3176000,AM_11,77.0
1863,CRS3035RES1000mN2013000E3176000,AM_12,95.0
1864,CRS3035RES1000mN2013000E3176000,AM_13,108.0
1865,CRS3035RES1000mN2013000E3176000,AM_14,82.0
1866,CRS3035RES1000mN2013000E3176000,AM_15,56.0
1867,CRS3035RES1000mN2013000E3176000,AM_16,70.0
1868,CRS3035RES1000mN2013000E3176000,AM_17,86.0
1869,CRS3035RES1000mN2013000E3176000,AM_19,72.0
1870,CRS3035RES1000mN2013000E3176000,AM_20,56.0
1871,CRS3035RES1000mN2013000E3176000,AM_21,80.0
1872,CRS3035RES1000mN2013000E3176000,AM_22,60.0
1873,CRS3035RES1000mN2013000E3176000,AM_23,61.0
1874,CRS3035RES1000mN2013000E3176000,AM_24,105.0
1875,CRS3035RES1000mN2013000E3176000,AM_25,81.0
1876,CRS3035RES1000mN2013000E3176000,AM_27,115.0
1877,CRS3035RES1000mN2013000E3176000,AM_28,87.0
1878,CRS3035RES1000mN2013000E3176000,AM_29,89.0
1879,CRS3035RES1000mN2013000E3176000,AM_30,85.0
1880,CRS3035RES1000mN2013000E3176000,AM_32,78.0
1881,CRS3035RES1000mN2013000E3176000,AM_33,71.0
1882,CRS3035RES1000mN2013000E3176000,AM_34,100.0
1883,CRS3035RES1000mN2013000E3176000,AM_35,78.0
1884,CRS3035RES1000mN2013000E3176000,AM_36,78.0
1885,CRS3035RES1000mN2013000E3176000,AM_37,107.0
1886,CRS3035RES1000mN2013000E3176000,AM_38,88.0
1887,CRS3035RES1000mN2013000E3177000,28027618,73.0
1888,CRS3035RES1000mN2013000E3177000,28027591,71.0
1889,CRS3035RES1000mN2013000E3177000,28027606,88.0
1890,CRS3035RES1000mN2013000E3177000,28027898,82.0
1891,CRS3035RES1000mN2013000E3177000,28041810,86.0
1892,CRS3035RES1000mN2013000E3177000,AM_1,93.0
1893,CRS3035RES1000mN2013000E3177000,AM_2,76.0
1894,CRS3035RES1000mN2013000E3177000,AM_3,90.0
1895,CRS3035RES1000mN2013000E3177000,AM_5,66.0
1896,CRS3035RES1000mN2013000E3177000,AM_8,
1897,CRS3035RES1000mN2013000E3177000,AM_9,102.0
1898,CRS3035RES1000mN2013000E3177000,AM_10,65.0
1899,CRS3035RES1000mN2013000E3177000,AM_11,66.0
1900,CRS3035RES1000mN2013000E3177000,AM_12,83.0
1901,CRS3035RES1000mN2013000E3177000,AM_13,89.0
1902,CRS3035RES1000mN2013000E3177000,AM_14,74.0
1903,CRS3035RES1000mN2013000E3177000,AM_15,39.0
1904,CRS3035RES1000mN2013000E3177000,AM_16,67.0
1905,CRS3035RES1000mN2013000E3177000,AM_17,85.0
1906,CRS3035RES1000mN2013000E3177000,AM_19,64.0
1907,CRS3035RES1000mN2013000E3177000,AM_20,42.0
1908,CRS3035RES1000mN2013000E3177000,AM_21,71.0
1909,CRS3035RES1000mN2013000E3177000,AM_22,45.0
1910,CRS3035RES1000mN2013000E3177000,AM_23,51.0
1911,CRS3035RES1000mN2013000E3177000,AM_24,104.0
1912,CRS3035RES1000mN2013000E3177000,AM_25,71.0
1913,CRS3035RES1000mN2013000E3177000,AM_27,114.0
1914,CRS3035RES1000mN2013000E3177000,AM_28,79.0
1915,CRS3035RES1000mN2013000E3177000,AM_29,89.0
1916,CRS3035RES1000mN2013000E3177000,AM_30,84.0
1917,CRS3035RES1000mN2013000E3177000,AM_32,68.0
1918,CRS3035RES1000mN2013000E3177000,AM_33,58.0
1919,CRS3035RES1000mN2013000E3177000,AM_34,93.0
1920,CRS3035RES1000mN2013000E3177000,AM_35,62.0
1921,CRS3035RES1000mN2013000E3177000,AM_36,66.0
1922,CRS3035RES1000mN2013000E3177000,AM_37,105.0
1923,CRS3035RES1000mN2013000E3177000,AM_38,88.0
1924,CRS3035RES1000mN2013000E3178000,28027618,65.0
1925,CRS3035RES1000mN2013000E3178000,28027591,62.0
1926,CRS3035RES1000mN2013000E3178000,28027606,79.0
1927,CRS3035RES1000mN2013000E3178000,28027898,73.0
1928,CRS3035RES1000mN2013000E3178000,28041810,83.0
1929,CRS3035RES1000mN2013000E3178000,AM_1,83.0
1930,CRS3035RES1000mN2013000E3178000,AM_2,67.0
1931,CRS3035RES1000mN2013000E3178000,AM_3,88.0
1932,CRS3035RES1000mN2013000E3178000,AM_5,58.0
1933,CRS3035RES1000mN2013000E3178000,AM_8,119.0
1934,CRS3035RES1000mN2013000E3178000,AM_9,97.0
1935,CRS3035RES1000mN2013000E3178000,AM_10,57.0
1936,CRS3035RES1000mN2013000E3178000,AM_11,58.0
1937,CRS3035RES1000mN2013000E3178000,AM_12,71.0
1938,CRS3035RES1000mN2013000E3178000,AM_13,78.0
1939,CRS3035RES1000mN2013000E3178000,AM_14,65.0
1940,CRS3035RES1000mN2013000E3178000,AM_15,33.0
1941,CRS3035RES1000mN2013000E3178000,AM_16,63.0
1942,CRS3035RES1000mN2013000E3178000,AM_17,83.0
1943,CRS3035RES1000mN2013000E3178000,AM_19,55.0
1944,CRS3035RES1000mN2013000E3178000,AM_20,34.0
1945,CRS3035RES1000mN2013000E3178000,AM_21,62.0
1946,CRS3035RES1000mN2013000E3178000,AM_22,38.0
1947,CRS3035RES1000mN2013000E3178000,AM_23,44.0
1948,CRS3035RES1000mN2013000E3178000,AM_24,100.0
1949,CRS3035RES1000mN2013000E3178000,AM_25,63.0
1950,CRS3035RES1000mN2013000E3178000,AM_27,99.0
1951,CRS3035RES1000mN2013000E3178000,AM_28,71.0
1952,CRS3035RES1000mN2013000E3178000,AM_29,87.0
1953,CRS3035RES1000mN2013000E3178000,AM_30,82.0
1954,CRS3035RES1000mN2013000E3178000,AM_32,61.0
1955,CRS3035RES1000mN2013000E3178000,AM_33,51.0
1956,CRS3035RES1000mN2013000E3178000,AM_34,75.0
1957,CRS3035RES1000mN2013000E3178000,AM_35,56.0
1958,CRS3035RES1000mN2013000E3178000,AM_36,59.0
1959,CRS3035RES1000mN2013000E3178000,AM_37,101.0
1960,CRS3035RES1000mN2013000E3178000,AM_38,88.0
1961,CRS3035RES1000mN2013000E3179000,28027618,66.0
1962,CRS3035RES1000mN2013000E3179000,28027591,62.0
1963,CRS3035RES1000mN2013000E3179000,28027606,81.0
1964,CRS3035RES1000mN2013000E3179000,28027898,74.0
1965,CRS3035RES1000mN2013000E3179000,28041810,84.0
1966,CRS3035RES1000mN2013000E3179000,AM_1,91.0
1967,CRS3035RES1000mN2013000E3179000,AM_2,68.0
1968,CRS3035RES1000mN2013000E3179000,AM_3,89.0
1969,CRS3035RES1000mN2013000E3179000,AM_5,59.0
1970,CRS3035RES1000mN2013000E3179000,AM_8,119.0
1971,CRS3035RES1000mN2013000E3179000,AM_9,97.0
1972,CRS3035RES1000mN2013000E3179000,AM_10,58.0
1973,CRS3035RES1000mN2013000E3179000,AM_11,59.0
1974,CRS3035RES1000mN2013000E3179000,AM_12,73.0
1975,CRS3035RES1000mN2013000E3179000,AM_13,80.0
1976,CRS3035RES1000mN2013000E3179000,AM_14,66.0
1977,CRS3035RES1000mN2013000E3179000,AM_15,34.0
1978,CRS3035RES1000mN2013000E3179000,AM_16,63.0
1979,CRS3035RES1000mN2013000E3179000,AM_17,83.0
1980,CRS3035RES1000mN2013000E3179000,AM_19,56.0
1981,CRS3035RES1000mN2013000E3179000,AM_20,35.0
1982,CRS3035RES1000mN2013000E3179000,AM_21,63.0
1983,CRS3035RES1000mN2013000E3179000,AM_22,38.0
1984,CRS3035RES1000mN2013000E3179000,AM_23,45.0
1985,CRS3035RES1000mN2013000E3179000,AM_24,101.0
1986,CRS3035RES1000mN2013000E3179000,AM_25,64.0
1987,CRS3035RES1000mN2013000E3179000,AM_27,101.0
1988,CRS3035RES1000mN2013000E3179000,AM_28,71.0
1989,CRS3035RES1000mN2013000E3179000,AM_29,88.0
1990,CRS3035RES1000mN2013000E3179000,AM_30,82.0
1991,CRS3035RES1000mN2013000E3179000,AM_32,61.0
1992,CRS3035RES1000mN2013000E3179000,AM_33,52.0
1993,CRS3035RES1000mN2013000E3179000,AM_34,77.0
1994,CRS3035RES1000mN2013000E3179000,AM_35,56.0
1995,CRS3035RES1000mN2013000E3179000,AM_36,60.0
1996,CRS3035RES1000mN2013000E3179000,AM_37,102.0
1997,CRS3035RES1000mN2013000E3179000,AM_38,88.0
1998,CRS3035RES1000mN2013000E3180000,28027618,77.0
1999,CRS3035RES1000mN2013000E3180000,28027591,73.0
2000,CRS3035RES1000mN2013000E3180000,28027606,89.0
2001,CRS3035RES1000mN2013000E3180000,28027898,84.0
2002,CRS3035RES1000mN2013000E3180000,28041810,86.0
2003,CRS3035RES1000mN2013000E3180000,AM_1,92.0
2004,CRS3035RES1000mN2013000E3180000,AM_2,79.0
2005,CRS3035RES1000mN2013000E3180000,AM_3,90.0
2006,CRS3035RES1000mN2013000E3180000,AM_5,70.0
2007,CRS3035RES1000mN2013000E3180000,AM_8,
2008,CRS3035RES1000mN2013000E3180000,AM_9,108.0
2009,CRS3035RES1000mN2013000E3180000,AM_10,74.0
2010,CRS3035RES1000mN2013000E3180000,AM_11,71.0
2011,CRS3035RES1000mN2013000E3180000,AM_12,84.0
2012,CRS3035RES1000mN2013000E3180000,AM_13,90.0
2013,CRS3035RES1000mN2013000E3180000,AM_14,77.0
2014,CRS3035RES1000mN2013000E3180000,AM_15,51.0
2015,CRS3035RES1000mN2013000E3180000,AM_16,67.0
2016,CRS3035RES1000mN2013000E3180000,AM_17,85.0
2017,CRS3035RES1000mN2013000E3180000,AM_19,66.0
2018,CRS3035RES1000mN2013000E3180000,AM_20,51.0
2019,CRS3035RES1000mN2013000E3180000,AM_21,74.0
2020,CRS3035RES1000mN2013000E3180000,AM_22,54.0
2021,CRS3035RES1000mN2013000E3180000,AM_23,57.0
2022,CRS3035RES1000mN2013000E3180000,AM_24,103.0
2023,CRS3035RES1000mN2013000E3180000,AM_25,76.0
2024,CRS3035RES1000mN2013000E3180000,AM_27,113.0
2025,CRS3035RES1000mN2013000E3180000,AM_28,82.0
2026,CRS3035RES1000mN2013000E3180000,AM_29,89.0
2027,CRS3035RES1000mN2013000E3180000,AM_30,84.0
2028,CRS3035RES1000mN2013000E3180000,AM_32,70.0
2029,CRS3035RES1000mN2013000E3180000,AM_33,65.0
2030,CRS3035RES1000mN2013000E3180000,AM_34,93.0
2031,CRS3035RES1000mN2013000E3180000,AM_35,72.0
2032,CRS3035RES1000mN2013000E3180000,AM_36,72.0
2033,CRS3035RES1000mN2013000E3180000,AM_37,103.0
2034,CRS3035RES1000mN2013000E3180000,AM_38,88.0
2035,CRS3035RES1000mN2013000E3181000,28027618,87.0
2036,CRS3035RES1000mN2013000E3181000,28027591,84.0
2037,CRS3035RES1000mN2013000E3181000,28027606,105.0
2038,CRS3035RES1000mN2013000E3181000,28027898,94.0
2039,CRS3035RES1000mN2013000E3181000,28041810,106.0
2040,CRS3035RES1000mN2013000E3181000,AM_1,111.0
2041,CRS3035RES1000mN2013000E3181000,AM_2,89.0
2042,CRS3035RES1000mN2013000E3181000,AM_3,114.0
2043,CRS3035RES1000mN2013000E3181000,AM_5,81.0
2044,CRS3035RES1000mN2013000E3181000,AM_8,
2045,CRS3035RES1000mN2013000E3181000,AM_9,
2046,CRS3035RES1000mN2013000E3181000,AM_10,81.0
2047,CRS3035RES1000mN2013000E3181000,AM_11,81.0
2048,CRS3035RES1000mN2013000E3181000,AM_12,96.0
2049,CRS3035RES1000mN2013000E3181000,AM_13,109.0
2050,CRS3035RES1000mN2013000E3181000,AM_14,87.0
2051,CRS3035RES1000mN2013000E3181000,AM_15,58.0
2052,CRS3035RES1000mN2013000E3181000,AM_16,84.0
2053,CRS3035RES1000mN2013000E3181000,AM_17,103.0
2054,CRS3035RES1000mN2013000E3181000,AM_19,77.0
2055,CRS3035RES1000mN2013000E3181000,AM_20,58.0
2056,CRS3035RES1000mN2013000E3181000,AM_21,84.0
2057,CRS3035RES1000mN2013000E3181000,AM_22,62.0
2058,CRS3035RES1000mN2013000E3181000,AM_23,67.0
2059,CRS3035RES1000mN2013000E3181000,AM_24,
2060,CRS3035RES1000mN2013000E3181000,AM_25,86.0
2061,CRS3035RES1000mN2013000E3181000,AM_27,
2062,CRS3035RES1000mN2013000E3181000,AM_28,92.0
2063,CRS3035RES1000mN2013000E3181000,AM_29,110.0
2064,CRS3035RES1000mN2013000E3181000,AM_30,104.0
2065,CRS3035RES1000mN2013000E3181000,AM_32,83.0
2066,CRS3035RES1000mN2013000E3181000,AM_33,74.0
2067,CRS3035RES1000mN2013000E3181000,AM_34,101.0
2068,CRS3035RES1000mN2013000E3181000,AM_35,80.0
2069,CRS3035RES1000mN2013000E3181000,AM_36,82.0
2070,CRS3035RES1000mN2013000E3181000,AM_37,117.0
2071,CRS3035RES1000mN2013000E3181000,AM_38,111.0
2072,CRS3035RES1000mN2014000E3173000,28027618,96.0
2073,CRS3035RES1000mN2014000E3173000,28027591,93.0
2074,CRS3035RES1000mN2014000E3173000,28027606,107.0
2075,CRS3035RES1000mN2014000E3173000,28027898,102.0
2076,CRS3035RES1000mN2014000E3173000,28041810,105.0
2077,CRS3035RES1000mN2014000E3173000,AM_1,110.0
2078,CRS3035RES1000mN2014000E3173000,AM_2,98.0
2079,CRS3035RES1000mN2014000E3173000,AM_3,113.0
2080,CRS3035RES1000mN2014000E3173000,AM_5,89.0
2081,CRS3035RES1000mN2014000E3173000,AM_8,
2082,CRS3035RES1000mN2014000E3173000,AM_9,
2083,CRS3035RES1000mN2014000E3173000,AM_10,88.0
2084,CRS3035RES1000mN2014000E3173000,AM_11,89.0
2085,CRS3035RES1000mN2014000E3173000,AM_12,102.0
2086,CRS3035RES1000mN2014000E3173000,AM_13,118.0
2087,CRS3035RES1000mN2014000E3173000,AM_14,97.0
2088,CRS3035RES1000mN2014000E3173000,AM_15,65.0
2089,CRS3035RES1000mN2014000E3173000,AM_16,89.0
2090,CRS3035RES1000mN2014000E3173000,AM_17,106.0
2091,CRS3035RES1000mN2014000E3173000,AM_19,86.0
2092,CRS3035RES1000mN2014000E3173000,AM_20,65.0
2093,CRS3035RES1000mN2014000E3173000,AM_21,93.0
2094,CRS3035RES1000mN2014000E3173000,AM_22,68.0
2095,CRS3035RES1000mN2014000E3173000,AM_23,75.0
2096,CRS3035RES1000mN2014000E3173000,AM_24,
2097,CRS3035RES1000mN2014000E3173000,AM_25,94.0
2098,CRS3035RES1000mN2014000E3173000,AM_27,
2099,CRS3035RES1000mN2014000E3173000,AM_28,101.0
2100,CRS3035RES1000mN2014000E3173000,AM_29,109.0
2101,CRS3035RES1000mN2014000E3173000,AM_30,105.0
2102,CRS3035RES1000mN2014000E3173000,AM_32,92.0
2103,CRS3035RES1000mN2014000E3173000,AM_33,83.0
2104,CRS3035RES1000mN2014000E3173000,AM_34,112.0
2105,CRS3035RES1000mN2014000E3173000,AM_35,87.0
2106,CRS3035RES1000mN2014000E3173000,AM_36,91.0
2107,CRS3035RES1000mN2014000E3173000,AM_37,
2108,CRS3035RES1000mN2014000E3173000,AM_38,110.0
2109,CRS3035RES1000mN2014000E3174000,28027618,82.0
2110,CRS3035RES1000mN2014000E3174000,28027591,79.0
2111,CRS3035RES1000mN2014000E3174000,28027606,102.0
2112,CRS3035RES1000mN2014000E3174000,28027898,91.0
2113,CRS3035RES1000mN2014000E3174000,28041810,87.0
2114,CRS3035RES1000mN2014000E3174000,AM_1,94.0
2115,CRS3035RES1000mN2014000E3174000,AM_2,84.0
2116,CRS3035RES1000mN2014000E3174000,AM_3,90.0
2117,CRS3035RES1000mN2014000E3174000,AM_5,77.0
2118,CRS3035RES1000mN2014000E3174000,AM_8,
2119,CRS3035RES1000mN2014000E3174000,AM_9,112.0
2120,CRS3035RES1000mN2014000E3174000,AM_10,81.0
2121,CRS3035RES1000mN2014000E3174000,AM_11,78.0
2122,CRS3035RES1000mN2014000E3174000,AM_12,96.0
2123,CRS3035RES1000mN2014000E3174000,AM_13,111.0
2124,CRS3035RES1000mN2014000E3174000,AM_14,82.0
2125,CRS3035RES1000mN2014000E3174000,AM_15,58.0
2126,CRS3035RES1000mN2014000E3174000,AM_16,71.0
2127,CRS3035RES1000mN2014000E3174000,AM_17,86.0
2128,CRS3035RES1000mN2014000E3174000,AM_19,72.0
2129,CRS3035RES1000mN2014000E3174000,AM_20,59.0
2130,CRS3035RES1000mN2014000E3174000,AM_21,81.0
2131,CRS3035RES1000mN2014000E3174000,AM_22,62.0
2132,CRS3035RES1000mN2014000E3174000,AM_23,62.0
2133,CRS3035RES1000mN2014000E3174000,AM_24,105.0
2134,CRS3035RES1000mN2014000E3174000,AM_25,81.0
2135,CRS3035RES1000mN2014000E3174000,AM_27,115.0
2136,CRS3035RES1000mN2014000E3174000,AM_28,87.0
2137,CRS3035RES1000mN2014000E3174000,AM_29,89.0
2138,CRS3035RES1000mN2014000E3174000,AM_30,85.0
2139,CRS3035RES1000mN2014000E3174000,AM_32,78.0
2140,CRS3035RES1000mN2014000E3174000,AM_33,72.0
2141,CRS3035RES1000mN2014000E3174000,AM_34,102.0
2142,CRS3035RES1000mN2014000E3174000,AM_35,80.0
2143,CRS3035RES1000mN2014000E3174000,AM_36,78.0
2144,CRS3035RES1000mN2014000E3174000,AM_37,107.0
2145,CRS3035RES1000mN2014000E3174000,AM_38,88.0
2146,CRS3035RES1000mN2014000E3175000,28027618,118.0
2147,CRS3035RES1000mN2014000E3175000,28027591,115.0
2148,CRS3035RES1000mN2014000E3175000,28027606,
2149,CRS3035RES1000mN2014000E3175000,28027898,
2150,CRS3035RES1000mN2014000E3175000,28041810,
2151,CRS3035RES1000mN2014000E3175000,AM_1,
2152,CRS3035RES1000mN2014000E3175000,AM_2,
2153,CRS3035RES1000mN2014000E3175000,AM_3,
2154,CRS3035RES1000mN2014000E3175000,AM_5,113.0
2155,CRS3035RES1000mN2014000E3175000,AM_8,
2156,CRS3035RES1000mN2014000E3175000,AM_9,
2157,CRS3035RES1000mN2014000E3175000,AM_10,111.0
2158,CRS3035RES1000mN2014000E3175000,AM_11,113.0
2159,CRS3035RES1000mN2014000E3175000,AM_12,
2160,CRS3035RES1000mN2014000E3175000,AM_13,
2161,CRS3035RES1000mN2014000E3175000,AM_14,119.0
2162,CRS3035RES1000mN2014000E3175000,AM_15,88.0
2163,CRS3035RES1000mN2014000E3175000,AM_16,113.0
2164,CRS3035RES1000mN2014000E3175000,AM_17,
2165,CRS3035RES1000mN2014000E3175000,AM_19,109.0
2166,CRS3035RES1000mN2014000E3175000,AM_20,85.0
2167,CRS3035RES1000mN2014000E3175000,AM_21,116.0
2168,CRS3035RES1000mN2014000E3175000,AM_22,89.0
2169,CRS3035RES1000mN2014000E3175000,AM_23,98.0
2170,CRS3035RES1000mN2014000E3175000,AM_24,
2171,CRS3035RES1000mN2014000E3175000,AM_25,118.0
2172,CRS3035RES1000mN2014000E3175000,AM_27,
2173,CRS3035RES1000mN2014000E3175000,AM_28,
2174,CRS3035RES1000mN2014000E3175000,AM_29,
2175,CRS3035RES1000mN2014000E3175000,AM_30,
2176,CRS3035RES1000mN2014000E3175000,AM_32,114.0
2177,CRS3035RES1000mN2014000E3175000,AM_33,106.0
2178,CRS3035RES1000mN2014000E3175000,AM_34,
2179,CRS3035RES1000mN2014000E3175000,AM_35,110.0
2180,CRS3035RES1000mN2014000E3175000,AM_36,113.0
2181,CRS3035RES1000mN2014000E3175000,AM_37,
2182,CRS3035RES1000mN2014000E3175000,AM_38,
2183,CRS3035RES1000mN2014000E3176000,28027618,67.0
2184,CRS3035RES1000mN2014000E3176000,28027591,65.0
2185,CRS3035RES1000mN2014000E3176000,28027606,82.0
2186,CRS3035RES1000mN2014000E3176000,28027898,76.0
2187,CRS3035RES1000mN2014000E3176000,28041810,83.0
2188,CRS3035RES1000mN2014000E3176000,AM_1,91.0
2189,CRS3035RES1000mN2014000E3176000,AM_2,70.0
2190,CRS3035RES1000mN2014000E3176000,AM_3,90.0
2191,CRS3035RES1000mN2014000E3176000,AM_5,60.0
2192,CRS3035RES1000mN2014000E3176000,AM_8,
2193,CRS3035RES1000mN2014000E3176000,AM_9,99.0
2194,CRS3035RES1000mN2014000E3176000,AM_10,59.0
2195,CRS3035RES1000mN2014000E3176000,AM_11,61.0
2196,CRS3035RES1000mN2014000E3176000,AM_12,74.0
2197,CRS3035RES1000mN2014000E3176000,AM_13,80.0
2198,CRS3035RES1000mN2014000E3176000,AM_14,68.0
2199,CRS3035RES1000mN2014000E3176000,AM_15,36.0
2200,CRS3035RES1000mN2014000E3176000,AM_16,65.0
2201,CRS3035RES1000mN2014000E3176000,AM_17,84.0
2202,CRS3035RES1000mN2014000E3176000,AM_19,58.0
2203,CRS3035RES1000mN2014000E3176000,AM_20,37.0
2204,CRS3035RES1000mN2014000E3176000,AM_21,63.0
2205,CRS3035RES1000mN2014000E3176000,AM_22,41.0
2206,CRS3035RES1000mN2014000E3176000,AM_23,46.0
2207,CRS3035RES1000mN2014000E3176000,AM_24,100.0
2208,CRS3035RES1000mN2014000E3176000,AM_25,65.0
2209,CRS3035RES1000mN2014000E3176000,AM_27,109.0
2210,CRS3035RES1000mN2014000E3176000,AM_28,74.0
2211,CRS3035RES1000mN2014000E3176000,AM_29,89.0
2212,CRS3035RES1000mN2014000E3176000,AM_30,83.0
2213,CRS3035RES1000mN2014000E3176000,AM_32,63.0
2214,CRS3035RES1000mN2014000E3176000,AM_33,54.0
2215,CRS3035RES1000mN2014000E3176000,AM_34,77.0
2216,CRS3035RES1000mN2014000E3176000,AM_35,57.0
2217,CRS3035RES1000mN2014000E3176000,AM_36,61.0
2218,CRS3035RES1000mN2014000E3176000,AM_37,103.0
2219,CRS3035RES1000mN2014000E3176000,AM_38,88.0
2220,CRS3035RES1000mN2014000E3177000,28027618,65.0
2221,CRS3035RES1000mN2014000E3177000,28027591,61.0
2222,CRS3035RES1000mN2014000E3177000,28027606,79.0
2223,CRS3035RES1000mN2014000E3177000,28027898,71.0
2224,CRS3035RES1000mN2014000E3177000,28041810,84.0
2225,CRS3035RES1000mN2014000E3177000,AM_1,82.0
2226,CRS3035RES1000mN2014000E3177000,AM_2,67.0
2227,CRS3035RES1000mN2014000E3177000,AM_3,88.0
2228,CRS3035RES1000mN2014000E3177000,AM_5,58.0
2229,CRS3035RES1000mN2014000E3177000,AM_8,119.0
2230,CRS3035RES1000mN2014000E3177000,AM_9,97.0
2231,CRS3035RES1000mN2014000E3177000,AM_10,57.0
2232,CRS3035RES1000mN2014000E3177000,AM_11,58.0
2233,CRS3035RES1000mN2014000E3177000,AM_12,71.0
2234,CRS3035RES1000mN2014000E3177000,AM_13,77.0
2235,CRS3035RES1000mN2014000E3177000,AM_14,64.0
2236,CRS3035RES1000mN2014000E3177000,AM_15,34.0
2237,CRS3035RES1000mN2014000E3177000,AM_16,62.0
2238,CRS3035RES1000mN2014000E3177000,AM_17,83.0
2239,CRS3035RES1000mN2014000E3177000,AM_19,55.0
2240,CRS3035RES1000mN2014000E3177000,AM_20,35.0
2241,CRS3035RES1000mN2014000E3177000,AM_21,61.0
2242,CRS3035RES1000mN2014000E3177000,AM_22,38.0
2243,CRS3035RES1000mN2014000E3177000,AM_23,44.0
2244,CRS3035RES1000mN2014000E3177000,AM_24,101.0
2245,CRS3035RES1000mN2014000E3177000,AM_25,62.0
2246,CRS3035RES1000mN2014000E3177000,AM_27,100.0
2247,CRS3035RES1000mN2014000E3177000,AM_28,71.0
2248,CRS3035RES1000mN2014000E3177000,AM_29,88.0
2249,CRS3035RES1000mN2014000E3177000,AM_30,82.0
2250,CRS3035RES1000mN2014000E3177000,AM_32,60.0
2251,CRS3035RES1000mN2014000E3177000,AM_33,51.0
2252,CRS3035RES1000mN2014000E3177000,AM_34,74.0
2253,CRS3035RES1000mN2014000E3177000,AM_35,55.0
2254,CRS3035RES1000mN2014000E3177000,AM_36,59.0
2255,CRS3035RES1000mN2014000E3177000,AM_37,101.0
2256,CRS3035RES1000mN2014000E3177000,AM_38,88.0
2257,CRS3035RES1000mN2014000E3178000,28027618,67.0
2258,CRS3035RES1000mN2014000E3178000,28027591,63.0
2259,CRS3035RES1000mN2014000E3178000,28027606,80.0
2260,CRS3035RES1000mN2014000E3178000,28027898,72.0
2261,CRS3035RES1000mN2014000E3178000,28041810,85.0
2262,CRS3035RES1000mN2014000E3178000,AM_1,89.0
2263,CRS3035RES1000mN2014000E3178000,AM_2,68.0
2264,CRS3035RES1000mN2014000E3178000,AM_3,89.0
2265,CRS3035RES1000mN2014000E3178000,AM_5,59.0
2266,CRS3035RES1000mN2014000E3178000,AM_8,
2267,CRS3035RES1000mN2014000E3178000,AM_9,98.0
2268,CRS3035RES1000mN2014000E3178000,AM_10,58.0
2269,CRS3035RES1000mN2014000E3178000,AM_11,59.0
2270,CRS3035RES1000mN2014000E3178000,AM_12,72.0
2271,CRS3035RES1000mN2014000E3178000,AM_13,79.0
2272,CRS3035RES1000mN2014000E3178000,AM_14,66.0
2273,CRS3035RES1000mN2014000E3178000,AM_15,35.0
2274,CRS3035RES1000mN2014000E3178000,AM_16,64.0
2275,CRS3035RES1000mN2014000E3178000,AM_17,83.0
2276,CRS3035RES1000mN2014000E3178000,AM_19,56.0
2277,CRS3035RES1000mN2014000E3178000,AM_20,36.0
2278,CRS3035RES1000mN2014000E3178000,AM_21,63.0
2279,CRS3035RES1000mN2014000E3178000,AM_22,39.0
2280,CRS3035RES1000mN2014000E3178000,AM_23,45.0
2281,CRS3035RES1000mN2014000E3178000,AM_24,102.0
2282,CRS3035RES1000mN2014000E3178000,AM_25,64.0
2283,CRS3035RES1000mN2014000E3178000,AM_27,101.0
2284,CRS3035RES1000mN2014000E3178000,AM_28,72.0
2285,CRS3035RES1000mN2014000E3178000,AM_29,88.0
2286,CRS3035RES1000mN2014000E3178000,AM_30,82.0
2287,CRS3035RES1000mN2014000E3178000,AM_32,62.0
2288,CRS3035RES1000mN2014000E3178000,AM_33,53.0
2289,CRS3035RES1000mN2014000E3178000,AM_34,76.0
2290,CRS3035RES1000mN2014000E3178000,AM_35,57.0
2291,CRS3035RES1000mN2014000E3178000,AM_36,60.0
2292,CRS3035RES1000mN2014000E3178000,AM_37,102.0
2293,CRS3035RES1000mN2014000E3178000,AM_38,88.0
2294,CRS3035RES1000mN2014000E3179000,28027618,72.0
2295,CRS3035RES1000mN2014000E3179000,28027591,69.0
2296,CRS3035RES1000mN2014000E3179000,28027606,88.0
2297,CRS3035RES1000mN2014000E3179000,28027898,80.0
2298,CRS3035RES1000mN2014000E3179000,28041810,85.0
2299,CRS3035RES1000mN2014000E3179000,AM_1,91.0
2300,CRS3035RES1000mN2014000E3179000,AM_2,74.0
2301,CRS3035RES1000mN2014000E3179000,AM_3,88.0
2302,CRS3035RES1000mN2014000E3179000,AM_5,65.0
2303,CRS3035RES1000mN2014000E3179000,AM_8,
2304,CRS3035RES1000mN2014000E3179000,AM_9,102.0
2305,CRS3035RES1000mN2014000E3179000,AM_10,63.0
2306,CRS3035RES1000mN2014000E3179000,AM_11,65.0
2307,CRS3035RES1000mN2014000E3179000,AM_12,80.0
2308,CRS3035RES1000mN2014000E3179000,AM_13,88.0
2309,CRS3035RES1000mN2014000E3179000,AM_14,73.0
2310,CRS3035RES1000mN2014000E3179000,AM_15,40.0
2311,CRS3035RES1000mN2014000E3179000,AM_16,67.0
2312,CRS3035RES1000mN2014000E3179000,AM_17,85.0
2313,CRS3035RES1000mN2014000E3179000,AM_19,63.0
2314,CRS3035RES1000mN2014000E3179000,AM_20,40.0
2315,CRS3035RES1000mN2014000E3179000,AM_21,68.0
2316,CRS3035RES1000mN2014000E3179000,AM_22,43.0
2317,CRS3035RES1000mN2014000E3179000,AM_23,51.0
2318,CRS3035RES1000mN2014000E3179000,AM_24,103.0
2319,CRS3035RES1000mN2014000E3179000,AM_25,70.0
2320,CRS3035RES1000mN2014000E3179000,AM_27,111.0
2321,CRS3035RES1000mN2014000E3179000,AM_28,78.0
2322,CRS3035RES1000mN2014000E3179000,AM_29,88.0
2323,CRS3035RES1000mN2014000E3179000,AM_30,84.0
2324,CRS3035RES1000mN2014000E3179000,AM_32,68.0
2325,CRS3035RES1000mN2014000E3179000,AM_33,58.0
2326,CRS3035RES1000mN2014000E3179000,AM_34,91.0
2327,CRS3035RES1000mN2014000E3179000,AM_35,62.0
2328,CRS3035RES1000mN2014000E3179000,AM_36,66.0
2329,CRS3035RES1000mN2014000E3179000,AM_37,102.0
2330,CRS3035RES1000mN2014000E3179000,AM_38,88.0
2331,CRS3035RES1000mN2014000E3180000,28027618,85.0
2332,CRS3035RES1000mN2014000E3180000,28027591,82.0
2333,CRS3035RES1000mN2014000E3180000,28027606,97.0
2334,CRS3035RES1000mN2014000E3180000,28027898,93.0
2335,CRS3035RES1000mN2014000E3180000,28041810,91.0
2336,CRS3035RES1000mN2014000E3180000,AM_1,98.0
2337,CRS3035RES1000mN2014000E3180000,AM_2,87.0
2338,CRS3035RES1000mN2014000E3180000,AM_3,94.0
2339,CRS3035RES1000mN2014000E3180000,AM_5,78.0
2340,CRS3035RES1000mN2014000E3180000,AM_8,
2341,CRS3035RES1000mN2014000E3180000,AM_9,116.0
2342,CRS3035RES1000mN2014000E3180000,AM_10,81.0
2343,CRS3035RES1000mN2014000E3180000,AM_11,80.0
2344,CRS3035RES1000mN2014000E3180000,AM_12,93.0
2345,CRS3035RES1000mN2014000E3180000,AM_13,97.0
2346,CRS3035RES1000mN2014000E3180000,AM_14,85.0
2347,CRS3035RES1000mN2014000E3180000,AM_15,58.0
2348,CRS3035RES1000mN2014000E3180000,AM_16,75.0
2349,CRS3035RES1000mN2014000E3180000,AM_17,88.0
2350,CRS3035RES1000mN2014000E3180000,AM_19,75.0
2351,CRS3035RES1000mN2014000E3180000,AM_20,59.0
2352,CRS3035RES1000mN2014000E3180000,AM_21,82.0
2353,CRS3035RES1000mN2014000E3180000,AM_22,62.0
2354,CRS3035RES1000mN2014000E3180000,AM_23,65.0
2355,CRS3035RES1000mN2014000E3180000,AM_24,111.0
2356,CRS3035RES1000mN2014000E3180000,AM_25,84.0
2357,CRS3035RES1000mN2014000E3180000,AM_27,119.0
2358,CRS3035RES1000mN2014000E3180000,AM_28,91.0
2359,CRS3035RES1000mN2014000E3180000,AM_29,93.0
2360,CRS3035RES1000mN2014000E3180000,AM_30,87.0
2361,CRS3035RES1000mN2014000E3180000,AM_32,81.0
2362,CRS3035RES1000mN2014000E3180000,AM_33,73.0
2363,CRS3035RES1000mN2014000E3180000,AM_34,103.0
2364,CRS3035RES1000mN2014000E3180000,AM_35,80.0
2365,CRS3035RES1000mN2014000E3180000,AM_36,80.0
2366,CRS3035RES1000mN2014000E3180000,AM_37,109.0
2367,CRS3035RES1000mN2014000E3180000,AM_38,92.0
2368,CRS3035RES1000mN2015000E3174000,28027618,81.0
2369,CRS3035RES1000mN2015000E3174000,28027591,78.0
2370,CRS3035RES1000mN2015000E3174000,28027606,98.0
2371,CRS3035RES1000mN2015000E3174000,28027898,89.0
2372,CRS3035RES1000mN2015000E3174000,28041810,87.0
2373,CRS3035RES1000mN2015000E3174000,AM_1,94.0
2374,CRS3035RES1000mN2015000E3174000,AM_2,83.0
2375,CRS3035RES1000mN2015000E3174000,AM_3,90.0
2376,CRS3035RES1000mN2015000E3174000,AM_5,76.0
2377,CRS3035RES1000mN2015000E3174000,AM_8,
2378,CRS3035RES1000mN2015000E3174000,AM_9,112.0
2379,CRS3035RES1000mN2015000E3174000,AM_10,77.0
2380,CRS3035RES1000mN2015000E3174000,AM_11,76.0
2381,CRS3035RES1000mN2015000E3174000,AM_12,92.0
2382,CRS3035RES1000mN2015000E3174000,AM_13,99.0
2383,CRS3035RES1000mN2015000E3174000,AM_14,82.0
2384,CRS3035RES1000mN2015000E3174000,AM_15,55.0
2385,CRS3035RES1000mN2015000E3174000,AM_16,71.0
2386,CRS3035RES1000mN2015000E3174000,AM_17,85.0
2387,CRS3035RES1000mN2015000E3174000,AM_19,71.0
2388,CRS3035RES1000mN2015000E3174000,AM_20,53.0
2389,CRS3035RES1000mN2015000E3174000,AM_21,80.0
2390,CRS3035RES1000mN2015000E3174000,AM_22,56.0
2391,CRS3035RES1000mN2015000E3174000,AM_23,61.0
2392,CRS3035RES1000mN2015000E3174000,AM_24,106.0
2393,CRS3035RES1000mN2015000E3174000,AM_25,80.0
2394,CRS3035RES1000mN2015000E3174000,AM_27,115.0
2395,CRS3035RES1000mN2015000E3174000,AM_28,86.0
2396,CRS3035RES1000mN2015000E3174000,AM_29,89.0
2397,CRS3035RES1000mN2015000E3174000,AM_30,84.0
2398,CRS3035RES1000mN2015000E3174000,AM_32,77.0
2399,CRS3035RES1000mN2015000E3174000,AM_33,70.0
2400,CRS3035RES1000mN2015000E3174000,AM_34,99.0
2401,CRS3035RES1000mN2015000E3174000,AM_35,76.0
2402,CRS3035RES1000mN2015000E3174000,AM_36,77.0
2403,CRS3035RES1000mN2015000E3174000,AM_37,108.0
2404,CRS3035RES1000mN2015000E3174000,AM_38,88.0
2405,CRS3035RES1000mN2015000E3175000,28027618,81.0
2406,CRS3035RES1000mN2015000E3175000,28027591,78.0
2407,CRS3035RES1000mN2015000E3175000,28027606,100.0
2408,CRS3035RES1000mN2015000E3175000,28027898,89.0
2409,CRS3035RES1000mN2015000E3175000,28041810,87.0
2410,CRS3035RES1000mN2015000E3175000,AM_1,94.0
2411,CRS3035RES1000mN2015000E3175000,AM_2,84.0
2412,CRS3035RES1000mN2015000E3175000,AM_3,90.0
2413,CRS3035RES1000mN2015000E3175000,AM_5,77.0
2414,CRS3035RES1000mN2015000E3175000,AM_8,
2415,CRS3035RES1000mN2015000E3175000,AM_9,112.0
2416,CRS3035RES1000mN2015000E3175000,AM_10,78.0
2417,CRS3035RES1000mN2015000E3175000,AM_11,77.0
2418,CRS3035RES1000mN2015000E3175000,AM_12,93.0
2419,CRS3035RES1000mN2015000E3175000,AM_13,102.0
2420,CRS3035RES1000mN2015000E3175000,AM_14,81.0
2421,CRS3035RES1000mN2015000E3175000,AM_15,55.0
2422,CRS3035RES1000mN2015000E3175000,AM_16,71.0
2423,CRS3035RES1000mN2015000E3175000,AM_17,85.0
2424,CRS3035RES1000mN2015000E3175000,AM_19,71.0
2425,CRS3035RES1000mN2015000E3175000,AM_20,50.0
2426,CRS3035RES1000mN2015000E3175000,AM_21,81.0
2427,CRS3035RES1000mN2015000E3175000,AM_22,54.0
2428,CRS3035RES1000mN2015000E3175000,AM_23,61.0
2429,CRS3035RES1000mN2015000E3175000,AM_24,105.0
2430,CRS3035RES1000mN2015000E3175000,AM_25,81.0
2431,CRS3035RES1000mN2015000E3175000,AM_27,114.0
2432,CRS3035RES1000mN2015000E3175000,AM_28,86.0
2433,CRS3035RES1000mN2015000E3175000,AM_29,89.0
2434,CRS3035RES1000mN2015000E3175000,AM_30,84.0
2435,CRS3035RES1000mN2015000E3175000,AM_32,78.0
2436,CRS3035RES1000mN2015000E3175000,AM_33,71.0
2437,CRS3035RES1000mN2015000E3175000,AM_34,98.0
2438,CRS3035RES1000mN2015000E3175000,AM_35,76.0
2439,CRS3035RES1000mN2015000E3175000,AM_36,78.0
2440,CRS3035RES1000mN2015000E3175000,AM_37,106.0
2441,CRS3035RES1000mN2015000E3175000,AM_38,88.0
2442,CRS3035RES1000mN2015000E3176000,28027618,68.0
2443,CRS3035RES1000mN2015000E3176000,28027591,65.0
2444,CRS3035RES1000mN2015000E3176000,28027606,84.0
2445,CRS3035RES1000mN2015000E3176000,28027898,76.0
2446,CRS3035RES1000mN2015000E3176000,28041810,84.0
2447,CRS3035RES1000mN2015000E3176000,AM_1,91.0
2448,CRS3035RES1000mN2015000E3176000,AM_2,71.0
2449,CRS3035RES1000mN2015000E3176000,AM_3,89.0
2450,CRS3035RES1000mN2015000E3176000,AM_5,62.0
2451,CRS3035RES1000mN2015000E3176000,AM_8,
2452,CRS3035RES1000mN2015000E3176000,AM_9,100.0
2453,CRS3035RES1000mN2015000E3176000,AM_10,61.0
2454,CRS3035RES1000mN2015000E3176000,AM_11,62.0
2455,CRS3035RES1000mN2015000E3176000,AM_12,77.0
2456,CRS3035RES1000mN2015000E3176000,AM_13,86.0
2457,CRS3035RES1000mN2015000E3176000,AM_14,68.0
2458,CRS3035RES1000mN2015000E3176000,AM_15,37.0
2459,CRS3035RES1000mN2015000E3176000,AM_16,66.0
2460,CRS3035RES1000mN2015000E3176000,AM_17,84.0
2461,CRS3035RES1000mN2015000E3176000,AM_19,58.0
2462,CRS3035RES1000mN2015000E3176000,AM_20,37.0
2463,CRS3035RES1000mN2015000E3176000,AM_21,65.0
2464,CRS3035RES1000mN2015000E3176000,AM_22,40.0
2465,CRS3035RES1000mN2015000E3176000,AM_23,47.0
2466,CRS3035RES1000mN2015000E3176000,AM_24,102.0
2467,CRS3035RES1000mN2015000E3176000,AM_25,67.0
2468,CRS3035RES1000mN2015000E3176000,AM_27,111.0
2469,CRS3035RES1000mN2015000E3176000,AM_28,74.0
2470,CRS3035RES1000mN2015000E3176000,AM_29,88.0
2471,CRS3035RES1000mN2015000E3176000,AM_30,83.0
2472,CRS3035RES1000mN2015000E3176000,AM_32,64.0
2473,CRS3035RES1000mN2015000E3176000,AM_33,55.0
2474,CRS3035RES1000mN2015000E3176000,AM_34,79.0
2475,CRS3035RES1000mN2015000E3176000,AM_35,59.0
2476,CRS3035RES1000mN2015000E3176000,AM_36,62.0
2477,CRS3035RES1000mN2015000E3176000,AM_37,103.0
2478,CRS3035RES1000mN2015000E3176000,AM_38,88.0
2479,CRS3035RES1000mN2015000E3177000,28027618,81.0
2480,CRS3035RES1000mN2015000E3177000,28027591,78.0
2481,CRS3035RES1000mN2015000E3177000,28027606,98.0
2482,CRS3035RES1000mN2015000E3177000,28027898,88.0
2483,CRS3035RES1000mN2015000E3177000,28041810,87.0
2484,CRS3035RES1000mN2015000E3177000,AM_1,94.0
2485,CRS3035RES1000mN2015000E3177000,AM_2,83.0
2486,CRS3035RES1000mN2015000E3177000,AM_3,90.0
2487,CRS3035RES1000mN2015000E3177000,AM_5,76.0
2488,CRS3035RES1000mN2015000E3177000,AM_8,
2489,CRS3035RES1000mN2015000E3177000,AM_9,112.0
2490,CRS3035RES1000mN2015000E3177000,AM_10,79.0
2491,CRS3035RES1000mN2015000E3177000,AM_11,77.0
2492,CRS3035RES1000mN2015000E3177000,AM_12,92.0
2493,CRS3035RES1000mN2015000E3177000,AM_13,98.0
2494,CRS3035RES1000mN2015000E3177000,AM_14,81.0
2495,CRS3035RES1000mN2015000E3177000,AM_15,55.0
2496,CRS3035RES1000mN2015000E3177000,AM_16,71.0
2497,CRS3035RES1000mN2015000E3177000,AM_17,85.0
2498,CRS3035RES1000mN2015000E3177000,AM_19,71.0
2499,CRS3035RES1000mN2015000E3177000,AM_20,49.0
2500,CRS3035RES1000mN2015000E3177000,AM_21,79.0
2501,CRS3035RES1000mN2015000E3177000,AM_22,53.0
2502,CRS3035RES1000mN2015000E3177000,AM_23,61.0
2503,CRS3035RES1000mN2015000E3177000,AM_24,106.0
2504,CRS3035RES1000mN2015000E3177000,AM_25,80.0
2505,CRS3035RES1000mN2015000E3177000,AM_27,115.0
2506,CRS3035RES1000mN2015000E3177000,AM_28,86.0
2507,CRS3035RES1000mN2015000E3177000,AM_29,89.0
2508,CRS3035RES1000mN2015000E3177000,AM_30,84.0
2509,CRS3035RES1000mN2015000E3177000,AM_32,77.0
2510,CRS3035RES1000mN2015000E3177000,AM_33,70.0
2511,CRS3035RES1000mN2015000E3177000,AM_34,97.0
2512,CRS3035RES1000mN2015000E3177000,AM_35,77.0
2513,CRS3035RES1000mN2015000E3177000,AM_36,77.0
2514,CRS3035RES1000mN2015000E3177000,AM_37,106.0
2515,CRS3035RES1000mN2015000E3177000,AM_38,88.0
2516,CRS3035RES1000mN2015000E3178000,28027618,68.0
2517,CRS3035RES1000mN2015000E3178000,28027591,65.0
2518,CRS3035RES1000mN2015000E3178000,28027606,82.0
2519,CRS3035RES1000mN2015000E3178000,28027898,77.0
2520,CRS3035RES1000mN2015000E3178000,28041810,85.0
2521,CRS3035RES1000mN2015000E3178000,AM_1,91.0
2522,CRS3035RES1000mN2015000E3178000,AM_2,71.0
2523,CRS3035RES1000mN2015000E3178000,AM_3,89.0
2524,CRS3035RES1000mN2015000E3178000,AM_5,61.0
2525,CRS3035RES1000mN2015000E3178000,AM_8,
2526,CRS3035RES1000mN2015000E3178000,AM_9,100.0
2527,CRS3035RES1000mN2015000E3178000,AM_10,60.0
2528,CRS3035RES1000mN2015000E3178000,AM_11,61.0
2529,CRS3035RES1000mN2015000E3178000,AM_12,75.0
2530,CRS3035RES1000mN2015000E3178000,AM_13,88.0
2531,CRS3035RES1000mN2015000E3178000,AM_14,68.0
2532,CRS3035RES1000mN2015000E3178000,AM_15,36.0
2533,CRS3035RES1000mN2015000E3178000,AM_16,65.0
2534,CRS3035RES1000mN2015000E3178000,AM_17,85.0
2535,CRS3035RES1000mN2015000E3178000,AM_19,58.0
2536,CRS3035RES1000mN2015000E3178000,AM_20,37.0
2537,CRS3035RES1000mN2015000E3178000,AM_21,64.0
2538,CRS3035RES1000mN2015000E3178000,AM_22,41.0
2539,CRS3035RES1000mN2015000E3178000,AM_23,46.0
2540,CRS3035RES1000mN2015000E3178000,AM_24,103.0
2541,CRS3035RES1000mN2015000E3178000,AM_25,66.0
2542,CRS3035RES1000mN2015000E3178000,AM_27,110.0
2543,CRS3035RES1000mN2015000E3178000,AM_28,74.0
2544,CRS3035RES1000mN2015000E3178000,AM_29,88.0
2545,CRS3035RES1000mN2015000E3178000,AM_30,84.0
2546,CRS3035RES1000mN2015000E3178000,AM_32,64.0
2547,CRS3035RES1000mN2015000E3178000,AM_33,54.0
2548,CRS3035RES1000mN2015000E3178000,AM_34,91.0
2549,CRS3035RES1000mN2015000E3178000,AM_35,58.0
2550,CRS3035RES1000mN2015000E3178000,AM_36,62.0
2551,CRS3035RES1000mN2015000E3178000,AM_37,102.0
2552,CRS3035RES1000mN2015000E3178000,AM_38,88.0
2553,CRS3035RES1000mN2015000E3179000,28027618,81.0
2554,CRS3035RES1000mN2015000E3179000,28027591,78.0
2555,CRS3035RES1000mN2015000E3179000,28027606,93.0
2556,CRS3035RES1000mN2015000E3179000,28027898,90.0
2557,CRS3035RES1000mN2015000E3179000,28041810,87.0
2558,CRS3035RES1000mN2015000E3179000,AM_1,94.0
2559,CRS3035RES1000mN2015000E3179000,AM_2,83.0
2560,CRS3035RES1000mN2015000E3179000,AM_3,90.0
2561,CRS3035RES1000mN2015000E3179000,AM_5,75.0
2562,CRS3035RES1000mN2015000E3179000,AM_8,
2563,CRS3035RES1000mN2015000E3179000,AM_9,112.0
2564,CRS3035RES1000mN2015000E3179000,AM_10,78.0
2565,CRS3035RES1000mN2015000E3179000,AM_11,76.0
2566,CRS3035RES1000mN2015000E3179000,AM_12,89.0
2567,CRS3035RES1000mN2015000E3179000,AM_13,93.0
2568,CRS3035RES1000mN2015000E3179000,AM_14,81.0
2569,CRS3035RES1000mN2015000E3179000,AM_15,55.0
2570,CRS3035RES1000mN2015000E3179000,AM_16,71.0
2571,CRS3035RES1000mN2015000E3179000,AM_17,85.0
2572,CRS3035RES1000mN2015000E3179000,AM_19,72.0
2573,CRS3035RES1000mN2015000E3179000,AM_20,54.0
2574,CRS3035RES1000mN2015000E3179000,AM_21,79.0
2575,CRS3035RES1000mN2015000E3179000,AM_22,57.0
2576,CRS3035RES1000mN2015000E3179000,AM_23,62.0
2577,CRS3035RES1000mN2015000E3179000,AM_24,105.0
2578,CRS3035RES1000mN2015000E3179000,AM_25,81.0
2579,CRS3035RES1000mN2015000E3179000,AM_27,115.0
2580,CRS3035RES1000mN2015000E3179000,AM_28,87.0
2581,CRS3035RES1000mN2015000E3179000,AM_29,89.0
2582,CRS3035RES1000mN2015000E3179000,AM_30,84.0
2583,CRS3035RES1000mN2015000E3179000,AM_32,75.0
2584,CRS3035RES1000mN2015000E3179000,AM_33,69.0
2585,CRS3035RES1000mN2015000E3179000,AM_34,100.0
2586,CRS3035RES1000mN2015000E3179000,AM_35,77.0
2587,CRS3035RES1000mN2015000E3179000,AM_36,76.0
2588,CRS3035RES1000mN2015000E3179000,AM_37,107.0
2589,CRS3035RES1000mN2015000E3179000,AM_38,88.0
2590,CRS3035RES1000mN2016000E3177000,28027618,88.0
2591,CRS3035RES1000mN2016000E3177000,28027591,85.0
2592,CRS3035RES1000mN2016000E3177000,28027606,106.0
2593,CRS3035RES1000mN2016000E3177000,28027898,94.0
2594,CRS3035RES1000mN2016000E3177000,28041810,107.0
2595,CRS3035RES1000mN2016000E3177000,AM_1,112.0
2596,CRS3035RES1000mN2016000E3177000,AM_2,91.0
2597,CRS3035RES1000mN2016000E3177000,AM_3,115.0
2598,CRS3035RES1000mN2016000E3177000,AM_5,82.0
2599,CRS3035RES1000mN2016000E3177000,AM_8,
2600,CRS3035RES1000mN2016000E3177000,AM_9,
2601,CRS3035RES1000mN2016000E3177000,AM_10,82.0
2602,CRS3035RES1000mN2016000E3177000,AM_11,83.0
2603,CRS3035RES1000mN2016000E3177000,AM_12,98.0
2604,CRS3035RES1000mN2016000E3177000,AM_13,111.0
2605,CRS3035RES1000mN2016000E3177000,AM_14,89.0
2606,CRS3035RES1000mN2016000E3177000,AM_15,58.0
2607,CRS3035RES1000mN2016000E3177000,AM_16,86.0
2608,CRS3035RES1000mN2016000E3177000,AM_17,105.0
2609,CRS3035RES1000mN2016000E3177000,AM_19,78.0
2610,CRS3035RES1000mN2016000E3177000,AM_20,58.0
2611,CRS3035RES1000mN2016000E3177000,AM_21,85.0
2612,CRS3035RES1000mN2016000E3177000,AM_22,62.0
2613,CRS3035RES1000mN2016000E3177000,AM_23,68.0
2614,CRS3035RES1000mN2016000E3177000,AM_24,
2615,CRS3035RES1000mN2016000E3177000,AM_25,87.0
2616,CRS3035RES1000mN2016000E3177000,AM_27,
2617,CRS3035RES1000mN2016000E3177000,AM_28,94.0
2618,CRS3035RES1000mN2016000E3177000,AM_29,111.0
2619,CRS3035RES1000mN2016000E3177000,AM_30,105.0
2620,CRS3035RES1000mN2016000E3177000,AM_32,84.0
2621,CRS3035RES1000mN2016000E3177000,AM_33,76.0
2622,CRS3035RES1000mN2016000E3177000,AM_34,102.0
2623,CRS3035RES1000mN2016000E3177000,AM_35,80.0
2624,CRS3035RES1000mN2016000E3177000,AM_36,83.0
2625,CRS3035RES1000mN2016000E3177000,AM_37,118.0
2626,CRS3035RES1000mN2016000E3177000,AM_38,112.0
2627,CRS3035RES1000mN2016000E3178000,28027618,98.0
2628,CRS3035RES1000mN2016000E3178000,28027591,95.0
2629,CRS3035RES1000mN2016000E3178000,28027606,111.0
2630,CRS3035RES1000mN2016000E3178000,28027898,101.0
2631,CRS3035RES1000mN2016000E3178000,28041810,112.0
2632,CRS3035RES1000mN2016000E3178000,AM_1,118.0
2633,CRS3035RES1000mN2016000E3178000,AM_2,100.0
2634,CRS3035RES1000mN2016000E3178000,AM_3,
2635,CRS3035RES1000mN2016000E3178000,AM_5,89.0
2636,CRS3035RES1000mN2016000E3178000,AM_8,
2637,CRS3035RES1000mN2016000E3178000,AM_9,
2638,CRS3035RES1000mN2016000E3178000,AM_10,89.0
2639,CRS3035RES1000mN2016000E3178000,AM_11,90.0
2640,CRS3035RES1000mN2016000E3178000,AM_12,103.0
2641,CRS3035RES1000mN2016000E3178000,AM_13,116.0
2642,CRS3035RES1000mN2016000E3178000,AM_14,96.0
2643,CRS3035RES1000mN2016000E3178000,AM_15,63.0
2644,CRS3035RES1000mN2016000E3178000,AM_16,94.0
2645,CRS3035RES1000mN2016000E3178000,AM_17,114.0
2646,CRS3035RES1000mN2016000E3178000,AM_19,87.0
2647,CRS3035RES1000mN2016000E3178000,AM_20,64.0
2648,CRS3035RES1000mN2016000E3178000,AM_21,93.0
2649,CRS3035RES1000mN2016000E3178000,AM_22,67.0
2650,CRS3035RES1000mN2016000E3178000,AM_23,75.0
2651,CRS3035RES1000mN2016000E3178000,AM_24,
2652,CRS3035RES1000mN2016000E3178000,AM_25,95.0
2653,CRS3035RES1000mN2016000E3178000,AM_27,
2654,CRS3035RES1000mN2016000E3178000,AM_28,102.0
2655,CRS3035RES1000mN2016000E3178000,AM_29,117.0
2656,CRS3035RES1000mN2016000E3178000,AM_30,114.0
2657,CRS3035RES1000mN2016000E3178000,AM_32,92.0
2658,CRS3035RES1000mN2016000E3178000,AM_33,83.0
2659,CRS3035RES1000mN2016000E3178000,AM_34,108.0
2660,CRS3035RES1000mN2016000E3178000,AM_35,87.0
2661,CRS3035RES1000mN2016000E3178000,AM_36,91.0
2662,CRS3035RES1000mN2016000E3178000,AM_37,
2663,CRS3035RES1000mN2016000E3178000,AM_38,118.0
2664,CRS3035RES1000mN2016000E3179000,28027618,113.0
2665,CRS3035RES1000mN2016000E3179000,28027591,110.0
2666,CRS3035RES1000mN2016000E3179000,28027606,
2667,CRS3035RES1000mN2016000E3179000,28027898,114.0
2668,CRS3035RES1000mN2016000E3179000,28041810,119.0
2669,CRS3035RES1000mN2016000E3179000,AM_1,
2670,CRS3035RES1000mN2016000E3179000,AM_2,115.0
2671,CRS3035RES1000mN2016000E3179000,AM_3,
2672,CRS3035RES1000mN2016000E3179000,AM_5,106.0
2673,CRS3035RES1000mN2016000E3179000,AM_8,
2674,CRS3035RES1000mN2016000E3179000,AM_9,
2675,CRS3035RES1000mN2016000E3179000,AM_10,109.0
2676,CRS3035RES1000mN2016000E3179000,AM_11,108.0
2677,CRS3035RES1000mN2016000E3179000,AM_12,119.0
2678,CRS3035RES1000mN2016000E3179000,AM_13,
2679,CRS3035RES1000mN2016000E3179000,AM_14,113.0
2680,CRS3035RES1000mN2016000E3179000,AM_15,90.0
2681,CRS3035RES1000mN2016000E3179000,AM_16,107.0
2682,CRS3035RES1000mN2016000E3179000,AM_17,
2683,CRS3035RES1000mN2016000E3179000,AM_19,107.0
2684,CRS3035RES1000mN2016000E3179000,AM_20,74.0
2685,CRS3035RES1000mN2016000E3179000,AM_21,109.0
2686,CRS3035RES1000mN2016000E3179000,AM_22,77.0
2687,CRS3035RES1000mN2016000E3179000,AM_23,96.0
2688,CRS3035RES1000mN2016000E3179000,AM_24,
2689,CRS3035RES1000mN2016000E3179000,AM_25,112.0
2690,CRS3035RES1000mN2016000E3179000,AM_27,
2691,CRS3035RES1000mN2016000E3179000,AM_28,118.0
2692,CRS3035RES1000mN2016000E3179000,AM_29,
2693,CRS3035RES1000mN2016000E3179000,AM_30,
2694,CRS3035RES1000mN2016000E3179000,AM_32,107.0
2695,CRS3035RES1000mN2016000E3179000,AM_33,100.0
2696,CRS3035RES1000mN2016000E3179000,AM_34,
2697,CRS3035RES1000mN2016000E3179000,AM_35,107.0
2698,CRS3035RES1000mN2016000E3179000,AM_36,107.0
2699,CRS3035RES1000mN2016000E3179000,AM_37,
2700,CRS3035RES1000mN2016000E3179000,AM_38,
2701,CRS3035RES1000mN2016000E3180000,28027618,
2702,CRS3035RES1000mN2016000E3180000,28027591,
2703,CRS3035RES1000mN2016000E3180000,28027606,
2704,CRS3035RES1000mN2016000E3180000,28027898,
2705,CRS3035RES1000mN2016000E3180000,28041810,
2706,CRS3035RES1000mN2016000E3180000,AM_1,
2707,CRS3035RES1000mN2016000E3180000,AM_2,
2708,CRS3035RES1000mN2016000E3180000,AM_3,
2709,CRS3035RES1000mN2016000E3180000,AM_5,
2710,CRS3035RES1000mN2016000E3180000,AM_8,
2711,CRS3035RES1000mN2016000E3180000,AM_9,
2712,CRS3035RES1000mN2016000E3180000,AM_10,
2713,CRS3035RES1000mN2016000E3180000,AM_11,
2714,CRS3035RES1000mN2016000E3180000,AM_12,
2715,CRS3035RES1000mN2016000E3180000,AM_13,
2716,CRS3035RES1000mN2016000E3180000,AM_14,
2717,CRS3035RES1000mN2016000E3180000,AM_15,99.0
2718,CRS3035RES1000mN2016000E3180000,AM_16,
2719,CRS3035RES1000mN2016000E3180000,AM_17,
2720,CRS3035RES1000mN2016000E3180000,AM_19,
2721,CRS3035RES1000mN2016000E3180000,AM_20,91.0
2722,CRS3035RES1000mN2016000E3180000,AM_21,
2723,CRS3035RES1000mN2016000E3180000,AM_22,95.0
2724,CRS3035RES1000mN2016000E3180000,AM_23,109.0
2725,CRS3035RES1000mN2016000E3180000,AM_24,
2726,CRS3035RES1000mN2016000E3180000,AM_25,
2727,CRS3035RES1000mN2016000E3180000,AM_27,
2728,CRS3035RES1000mN2016000E3180000,AM_28,
2729,CRS3035RES1000mN2016000E3180000,AM_29,
2730,CRS3035RES1000mN2016000E3180000,AM_30,
2731,CRS3035RES1000mN2016000E3180000,AM_32,
2732,CRS3035RES1000mN2016000E3180000,AM_33,116.0
2733,CRS3035RES1000mN2016000E3180000,AM_34,
2734,CRS3035RES1000mN2016000E3180000,AM_35,
2735,CRS3035RES1000mN2016000E3180000,AM_36,
2736,CRS3035RES1000mN2016000E3180000,AM_37,
2737,CRS3035RES1000mN2016000E3180000,AM_38,
2738,CRS3035RES1000mN2017000E3177000,28027618,
2739,CRS3035RES1000mN2017000E3177000,28027591,
2740,CRS3035RES1000mN2017000E3177000,28027606,
2741,CRS3035RES1000mN2017000E3177000,28027898,
2742,CRS3035RES1000mN2017000E3177000,28041810,
2743,CRS3035RES1000mN2017000E3177000,AM_1,
2744,CRS3035RES1000mN2017000E3177000,AM_2,
2745,CRS3035RES1000mN2017000E3177000,AM_3,
2746,CRS3035RES1000mN2017000E3177000,AM_5,
2747,CRS3035RES1000mN2017000E3177000,AM_8,
2748,CRS3035RES1000mN2017000E3177000,AM_9,
2749,CRS3035RES1000mN2017000E3177000,AM_10,
2750,CRS3035RES1000mN2017000E3177000,AM_11,
2751,CRS3035RES1000mN2017000E3177000,AM_12,
2752,CRS3035RES1000mN2017000E3177000,AM_13,
2753,CRS3035RES1000mN2017000E3177000,AM_14,
2754,CRS3035RES1000mN2017000E3177000,AM_15,99.0
2755,CRS3035RES1000mN2017000E3177000,AM_16,
2756,CRS3035RES1000mN2017000E3177000,AM_17,
2757,CRS3035RES1000mN2017000E3177000,AM_19,
2758,CRS3035RES1000mN2017000E3177000,AM_20,90.0
2759,CRS3035RES1000mN2017000E3177000,AM_21,
2760,CRS3035RES1000mN2017000E3177000,AM_22,93.0
2761,CRS3035RES1000mN2017000E3177000,AM_23,109.0
2762,CRS3035RES1000mN2017000E3177000,AM_24,
2763,CRS3035RES1000mN2017000E3177000,AM_25,
2764,CRS3035RES1000mN2017000E3177000,AM_27,
2765,CRS3035RES1000mN2017000E3177000,AM_28,
2766,CRS3035RES1000mN2017000E3177000,AM_29,
2767,CRS3035RES1000mN2017000E3177000,AM_30,
2768,CRS3035RES1000mN2017000E3177000,AM_32,
2769,CRS3035RES1000mN2017000E3177000,AM_33,114.0
2770,CRS3035RES1000mN2017000E3177000,AM_34,
2771,CRS3035RES1000mN2017000E3177000,AM_35,
2772,CRS3035RES1000mN2017000E3177000,AM_36,
2773,CRS3035RES1000mN2017000E3177000,AM_37,
2774,CRS3035RES1000mN2017000E3177000,AM_38,
2775,CRS3035RES1000mN2017000E3178000,28027618,
2776,CRS3035RES1000mN2017000E3178000,28027591,
2777,CRS3035RES1000mN2017000E3178000,28027606,
2778,CRS3035RES1000mN2017000E3178000,28027898,
2779,CRS3035RES1000mN2017000E3178000,28041810,
2780,CRS3035RES1000mN2017000E3178000,AM_1,
2781,CRS3035RES1000mN2017000E3178000,AM_2,
2782,CRS3035RES1000mN2017000E3178000,AM_3,
2783,CRS3035RES1000mN2017000E3178000,AM_5,
2784,CRS3035RES1000mN2017000E3178000,AM_8,
2785,CRS3035RES1000mN2017000E3178000,AM_9,
2786,CRS3035RES1000mN2017000E3178000,AM_10,
2787,CRS3035RES1000mN2017000E3178000,AM_11,
2788,CRS3035RES1000mN2017000E3178000,AM_12,
2789,CRS3035RES1000mN2017000E3178000,AM_13,
2790,CRS3035RES1000mN2017000E3178000,AM_14,
2791,CRS3035RES1000mN2017000E3178000,AM_15,99.0
2792,CRS3035RES1000mN2017000E3178000,AM_16,
2793,CRS3035RES1000mN2017000E3178000,AM_17,
2794,CRS3035RES1000mN2017000E3178000,AM_19,119.0
2795,CRS3035RES1000mN2017000E3178000,AM_20,90.0
2796,CRS3035RES1000mN2017000E3178000,AM_21,
2797,CRS3035RES1000mN2017000E3178000,AM_22,93.0
2798,CRS3035RES1000mN2017000E3178000,AM_23,108.0
2799,CRS3035RES1000mN2017000E3178000,AM_24,
2800,CRS3035RES1000mN2017000E3178000,AM_25,
2801,CRS3035RES1000mN2017000E3178000,AM_27,
2802,CRS3035RES1000mN2017000E3178000,AM_28,
2803,CRS3035RES1000mN2017000E3178000,AM_29,
2804,CRS3035RES1000mN2017000E3178000,AM_30,
2805,CRS3035RES1000mN2017000E3178000,AM_32,
2806,CRS3035RES1000mN2017000E3178000,AM_33,115.0
2807,CRS3035RES1000mN2017000E3178000,AM_34,
2808,CRS3035RES1000mN2017000E3178000,AM_35,
2809,CRS3035RES1000mN2017000E3178000,AM_36,
2810,CRS3035RES1000mN2017000E3178000,AM_37,
2811,CRS3035RES1000mN2017000E3178000,AM_38,
2812,CRS3035RES1000mN2017000E3179000,28027618,
2813,CRS3035RES1000mN2017000E3179000,28027591,
2814,CRS3035RES1000mN2017000E3179000,28027606,
2815,CRS3035RES1000mN2017000E3179000,28027898,
2816,CRS3035RES1000mN2017000E3179000,28041810,
2817,CRS3035RES1000mN2017000E3179000,AM_1,
2818,CRS3035RES1000mN2017000E3179000,AM_2,
2819,CRS3035RES1000mN2017000E3179000,AM_3,
2820,CRS3035RES1000mN2017000E3179000,AM_5,
2821,CRS3035RES1000mN2017000E3179000,AM_8,
2822,CRS3035RES1000mN2017000E3179000,AM_9,
2823,CRS3035RES1000mN2017000E3179000,AM_10,
2824,CRS3035RES1000mN2017000E3179000,AM_11,
2825,CRS3035RES1000mN2017000E3179000,AM_12,
2826,CRS3035RES1000mN2017000E3179000,AM_13,
2827,CRS3035RES1000mN2017000E3179000,AM_14,
2828,CRS3035RES1000mN2017000E3179000,AM_15,105.0
2829,CRS3035RES1000mN2017000E3179000,AM_16,
2830,CRS3035RES1000mN2017000E3179000,AM_17,
2831,CRS3035RES1000mN2017000E3179000,AM_19,
2832,CRS3035RES1000mN2017000E3179000,AM_20,97.0
2833,CRS3035RES1000mN2017000E3179000,AM_21,
2834,CRS3035RES1000mN2017000E3179000,AM_22,101.0
2835,CRS3035RES1000mN2017000E3179000,AM_23,115.0
2836,CRS3035RES1000mN2017000E3179000,AM_24,
2837,CRS3035RES1000mN2017000E3179000,AM_25,
2838,CRS3035RES1000mN2017000E3179000,AM_27,
2839,CRS3035RES1000mN2017000E3179000,AM_28,
2840,CRS3035RES1000mN2017000E3179000,AM_29,
2841,CRS3035RES1000mN2017000E3179000,AM_30,
2842,CRS3035RES1000mN2017000E3179000,AM_32,
2843,CRS3035RES1000mN2017000E3179000,AM_33,
2844,CRS3035RES1000mN2017000E3179000,AM_34,
2845,CRS3035RES1000mN2017000E3179000,AM_35,
2846,CRS3035RES1000mN2017000E3179000,AM_36,
2847,CRS3035RES1000mN2017000E3179000,AM_37,
2848,CRS3035RES1000mN2017000E3179000,AM_38,
2849,CRS3035RES1000mN2017000E3180000,28027618,
2850,CRS3035RES1000mN2017000E3180000,28027591,
2851,CRS3035RES1000mN2017000E3180000,28027606,
2852,CRS3035RES1000mN2017000E3180000,28027898,
2853,CRS3035RES1000mN2017000E3180000,28041810,
2854,CRS3035RES1000mN2017000E3180000,AM_1,
2855,CRS3035RES1000mN2017000E3180000,AM_2,
2856,CRS3035RES1000mN2017000E3180000,AM_3,
2857,CRS3035RES1000mN2017000E3180000,AM_5,
2858,CRS3035RES1000mN2017000E3180000,AM_8,
2859,CRS3035RES1000mN2017000E3180000,AM_9,
2860,CRS3035RES1000mN2017000E3180000,AM_10,
2861,CRS3035RES1000mN2017000E3180000,AM_11,
2862,CRS3035RES1000mN2017000E3180000,AM_12,
2863,CRS3035RES1000mN2017000E3180000,AM_13,
2864,CRS3035RES1000mN2017000E3180000,AM_14,
2865,CRS3035RES1000mN2017000E3180000,AM_15,109.0
2866,CRS3035RES1000mN2017000E3180000,AM_16,
2867,CRS3035RES1000mN2017000E3180000,AM_17,
2868,CRS3035RES1000mN2017000E3180000,AM_19,
2869,CRS3035RES1000mN2017000E3180000,AM_20,103.0
2870,CRS3035RES1000mN2017000E3180000,AM_21,
2871,CRS3035RES1000mN2017000E3180000,AM_22,106.0
2872,CRS3035RES1000mN2017000E3180000,AM_23,118.0
2873,CRS3035RES1000mN2017000E3180000,AM_24,
2874,CRS3035RES1000mN2017000E3180000,AM_25,
2875,CRS3035RES1000mN2017000E3180000,AM_27,
2876,CRS3035RES1000mN2017000E3180000,AM_28,
2877,CRS3035RES1000mN2017000E3180000,AM_29,
2878,CRS3035RES1000mN2017000E3180000,AM_30,
2879,CRS3035RES1000mN2017000E3180000,AM_32,
2880,CRS3035RES1000mN2017000E3180000,AM_33,
2881,CRS3035RES1000mN2017000E3180000,AM_34,
2882,CRS3035RES1000mN2017000E3180000,AM_35,
2883,CRS3035RES1000mN2017000E3180000,AM_36,
2884,CRS3035RES1000mN2017000E3180000,AM_37,
2885,CRS3035RES1000mN2017000E3180000,AM_38,
2886,CRS3035RES1000mN2018000E3180000,28027618,
2887,CRS3035RES1000mN2018000E3180000,28027591,
2888,CRS3035RES1000mN2018000E3180000,28027606,
2889,CRS3035RES1000mN2018000E3180000,28027898,
2890,CRS3035RES1000mN2018000E3180000,28041810,
2891,CRS3035RES1000mN2018000E3180000,AM_1,
2892,CRS3035RES1000mN2018000E3180000,AM_2,
2893,CRS3035RES1000mN2018000E3180000,AM_3,
2894,CRS3035RES1000mN2018000E3180000,AM_5,
2895,CRS3035RES1000mN2018000E3180000,AM_8,
2896,CRS3035RES1000mN2018000E3180000,AM_9,
2897,CRS3035RES1000mN2018000E3180000,AM_10,
2898,CRS3035RES1000mN2018000E3180000,AM_11,
2899,CRS3035RES1000mN2018000E3180000,AM_12,
2900,CRS3035RES1000mN2018000E3180000,AM_13,
2901,CRS3035RES1000mN2018000E3180000,AM_14,
2902,CRS3035RES1000mN2018000E3180000,AM_15,
2903,CRS3035RES1000mN2018000E3180000,AM_16,
2904,CRS3035RES1000mN2018000E3180000,AM_17,
2905,CRS3035RES1000mN2018000E3180000,AM_19,
2906,CRS3035RES1000mN2018000E3180000,AM_20,
2907,CRS3035RES1000mN2018000E3180000,AM_21,
2908,CRS3035RES1000mN2018000E3180000,AM_22,
2909,CRS3035RES1000mN2018000E3180000,AM_23,
2910,CRS3035RES1000mN2018000E3180000,AM_24,
2911,CRS3035RES1000mN2018000E3180000,AM_25,
2912,CRS3035RES1000mN2018000E3180000,AM_27,
2913,CRS3035RES1000mN2018000E3180000,AM_28,
2914,CRS3035RES1000mN2018000E3180000,AM_29,
2915,CRS3035RES1000mN2018000E3180000,AM_30,
2916,CRS3035RES1000mN2018000E3180000,AM_32,
2917,CRS3035RES1000mN2018000E3180000,AM_33,
2918,CRS3035RES1000mN2018000E3180000,AM_34,
2919,CRS3035RES1000mN2018000E3180000,AM_35,
2920,CRS3035RES1000mN2018000E3180000,AM_36,
2921,CRS3035RES1000mN2018000E3180000,AM_37,
2922,CRS3035RES1000mN2018000E3180000,AM_38,
