,from_id,to_id,travel_time
0,CRS3035RES1000mN2014000E3168000,28027618,
1,CRS3035RES1000mN2014000E3168000,28027591,
2,CRS3035RES1000mN2014000E3168000,28027606,
3,CRS3035RES1000mN2014000E3168000,28027898,
4,CRS3035RES1000mN2014000E3168000,28041810,
5,CRS3035RES1000mN2014000E3168000,AM_1,
6,CRS3035RES1000mN2014000E3168000,AM_2,
7,CRS3035RES1000mN2014000E3168000,AM_3,
8,CRS3035RES1000mN2014000E3168000,AM_5,
9,CRS3035RES1000mN2014000E3168000,AM_8,
10,CRS3035RES1000mN2014000E3168000,AM_9,
11,CRS3035RES1000mN2014000E3168000,AM_10,
12,CRS3035RES1000mN2014000E3168000,AM_11,
13,CRS3035RES1000mN2014000E3168000,AM_12,
14,CRS3035RES1000mN2014000E3168000,AM_13,
15,CRS3035RES1000mN2014000E3168000,AM_14,
16,CRS3035RES1000mN2014000E3168000,AM_15,
17,CRS3035RES1000mN2014000E3168000,AM_16,
18,CRS3035RES1000mN2014000E3168000,AM_17,
19,CRS3035RES1000mN2014000E3168000,AM_19,
20,CRS3035RES1000mN2014000E3168000,AM_20,
21,CRS3035RES1000mN2014000E3168000,AM_21,
22,CRS3035RES1000mN2014000E3168000,AM_22,
23,CRS3035RES1000mN2014000E3168000,AM_23,
24,CRS3035RES1000mN2014000E3168000,AM_24,
25,CRS3035RES1000mN2014000E3168000,AM_25,
26,CRS3035RES1000mN2014000E3168000,AM_27,
27,CRS3035RES1000mN2014000E3168000,AM_28,
28,CRS3035RES1000mN2014000E3168000,AM_29,
29,CRS3035RES1000mN2014000E3168000,AM_30,
30,CRS3035RES1000mN2014000E3168000,AM_32,
31,CRS3035RES1000mN2014000E3168000,AM_33,
32,CRS3035RES1000mN2014000E3168000,AM_34,
33,CRS3035RES1000mN2014000E3168000,AM_35,
34,CRS3035RES1000mN2014000E3168000,AM_36,
35,CRS3035RES1000mN2014000E3168000,AM_37,
36,CRS3035RES1000mN2014000E3168000,AM_38,
37,CRS3035RES1000mN2014000E3169000,28027618,
38,CRS3035RES1000mN2014000E3169000,28027591,
39,CRS3035RES1000mN2014000E3169000,28027606,
40,CRS3035RES1000mN2014000E3169000,28027898,
41,CRS3035RES1000mN2014000E3169000,28041810,
42,CRS3035RES1000mN2014000E3169000,AM_1,
43,CRS3035RES1000mN2014000E3169000,AM_2,
44,CRS3035RES1000mN2014000E3169000,AM_3,
45,CRS3035RES1000mN2014000E3169000,AM_5,
46,CRS3035RES1000mN2014000E3169000,AM_8,
47,CRS3035RES1000mN2014000E3169000,AM_9,
48,CRS3035RES1000mN2014000E3169000,AM_10,
49,CRS3035RES1000mN2014000E3169000,AM_11,
50,CRS3035RES1000mN2014000E3169000,AM_12,
51,CRS3035RES1000mN2014000E3169000,AM_13,
52,CRS3035RES1000mN2014000E3169000,AM_14,
53,CRS3035RES1000mN2014000E3169000,AM_15,
54,CRS3035RES1000mN2014000E3169000,AM_16,
55,CRS3035RES1000mN2014000E3169000,AM_17,
56,CRS3035RES1000mN2014000E3169000,AM_19,
57,CRS3035RES1000mN2014000E3169000,AM_20,
58,CRS3035RES1000mN2014000E3169000,AM_21,
59,CRS3035RES1000mN2014000E3169000,AM_22,
60,CRS3035RES1000mN2014000E3169000,AM_23,
61,CRS3035RES1000mN2014000E3169000,AM_24,
62,CRS3035RES1000mN2014000E3169000,AM_25,
63,CRS3035RES1000mN2014000E3169000,AM_27,
64,CRS3035RES1000mN2014000E3169000,AM_28,
65,CRS3035RES1000mN2014000E3169000,AM_29,
66,CRS3035RES1000mN2014000E3169000,AM_30,
67,CRS3035RES1000mN2014000E3169000,AM_32,
68,CRS3035RES1000mN2014000E3169000,AM_33,
69,CRS3035RES1000mN2014000E3169000,AM_34,
70,CRS3035RES1000mN2014000E3169000,AM_35,
71,CRS3035RES1000mN2014000E3169000,AM_36,
72,CRS3035RES1000mN2014000E3169000,AM_37,
73,CRS3035RES1000mN2014000E3169000,AM_38,
74,CRS3035RES1000mN2014000E3170000,28027618,
75,CRS3035RES1000mN2014000E3170000,28027591,
76,CRS3035RES1000mN2014000E3170000,28027606,
77,CRS3035RES1000mN2014000E3170000,28027898,
78,CRS3035RES1000mN2014000E3170000,28041810,
79,CRS3035RES1000mN2014000E3170000,AM_1,
80,CRS3035RES1000mN2014000E3170000,AM_2,
81,CRS3035RES1000mN2014000E3170000,AM_3,
82,CRS3035RES1000mN2014000E3170000,AM_5,
83,CRS3035RES1000mN2014000E3170000,AM_8,
84,CRS3035RES1000mN2014000E3170000,AM_9,
85,CRS3035RES1000mN2014000E3170000,AM_10,
86,CRS3035RES1000mN2014000E3170000,AM_11,
87,CRS3035RES1000mN2014000E3170000,AM_12,
88,CRS3035RES1000mN2014000E3170000,AM_13,
89,CRS3035RES1000mN2014000E3170000,AM_14,
90,CRS3035RES1000mN2014000E3170000,AM_15,
91,CRS3035RES1000mN2014000E3170000,AM_16,
92,CRS3035RES1000mN2014000E3170000,AM_17,
93,CRS3035RES1000mN2014000E3170000,AM_19,
94,CRS3035RES1000mN2014000E3170000,AM_20,
95,CRS3035RES1000mN2014000E3170000,AM_21,
96,CRS3035RES1000mN2014000E3170000,AM_22,
97,CRS3035RES1000mN2014000E3170000,AM_23,
98,CRS3035RES1000mN2014000E3170000,AM_24,
99,CRS3035RES1000mN2014000E3170000,AM_25,
100,CRS3035RES1000mN2014000E3170000,AM_27,
101,CRS3035RES1000mN2014000E3170000,AM_28,
102,CRS3035RES1000mN2014000E3170000,AM_29,
103,CRS3035RES1000mN2014000E3170000,AM_30,
104,CRS3035RES1000mN2014000E3170000,AM_32,
105,CRS3035RES1000mN2014000E3170000,AM_33,
106,CRS3035RES1000mN2014000E3170000,AM_34,
107,CRS3035RES1000mN2014000E3170000,AM_35,
108,CRS3035RES1000mN2014000E3170000,AM_36,
109,CRS3035RES1000mN2014000E3170000,AM_37,
110,CRS3035RES1000mN2014000E3170000,AM_38,
111,CRS3035RES1000mN2014000E3171000,28027618,
112,CRS3035RES1000mN2014000E3171000,28027591,
113,CRS3035RES1000mN2014000E3171000,28027606,
114,CRS3035RES1000mN2014000E3171000,28027898,
115,CRS3035RES1000mN2014000E3171000,28041810,
116,CRS3035RES1000mN2014000E3171000,AM_1,
117,CRS3035RES1000mN2014000E3171000,AM_2,
118,CRS3035RES1000mN2014000E3171000,AM_3,
119,CRS3035RES1000mN2014000E3171000,AM_5,
120,CRS3035RES1000mN2014000E3171000,AM_8,
121,CRS3035RES1000mN2014000E3171000,AM_9,
122,CRS3035RES1000mN2014000E3171000,AM_10,
123,CRS3035RES1000mN2014000E3171000,AM_11,
124,CRS3035RES1000mN2014000E3171000,AM_12,
125,CRS3035RES1000mN2014000E3171000,AM_13,
126,CRS3035RES1000mN2014000E3171000,AM_14,
127,CRS3035RES1000mN2014000E3171000,AM_15,98.0
128,CRS3035RES1000mN2014000E3171000,AM_16,119.0
129,CRS3035RES1000mN2014000E3171000,AM_17,
130,CRS3035RES1000mN2014000E3171000,AM_19,119.0
131,CRS3035RES1000mN2014000E3171000,AM_20,90.0
132,CRS3035RES1000mN2014000E3171000,AM_21,
133,CRS3035RES1000mN2014000E3171000,AM_22,94.0
134,CRS3035RES1000mN2014000E3171000,AM_23,108.0
135,CRS3035RES1000mN2014000E3171000,AM_24,
136,CRS3035RES1000mN2014000E3171000,AM_25,
137,CRS3035RES1000mN2014000E3171000,AM_27,
138,CRS3035RES1000mN2014000E3171000,AM_28,
139,CRS3035RES1000mN2014000E3171000,AM_29,
140,CRS3035RES1000mN2014000E3171000,AM_30,
141,CRS3035RES1000mN2014000E3171000,AM_32,
142,CRS3035RES1000mN2014000E3171000,AM_33,113.0
143,CRS3035RES1000mN2014000E3171000,AM_34,
144,CRS3035RES1000mN2014000E3171000,AM_35,
145,CRS3035RES1000mN2014000E3171000,AM_36,
146,CRS3035RES1000mN2014000E3171000,AM_37,
147,CRS3035RES1000mN2014000E3171000,AM_38,
148,CRS3035RES1000mN2014000E3172000,28027618,116.0
149,CRS3035RES1000mN2014000E3172000,28027591,113.0
150,CRS3035RES1000mN2014000E3172000,28027606,
151,CRS3035RES1000mN2014000E3172000,28027898,
152,CRS3035RES1000mN2014000E3172000,28041810,
153,CRS3035RES1000mN2014000E3172000,AM_1,
154,CRS3035RES1000mN2014000E3172000,AM_2,119.0
155,CRS3035RES1000mN2014000E3172000,AM_3,
156,CRS3035RES1000mN2014000E3172000,AM_5,109.0
157,CRS3035RES1000mN2014000E3172000,AM_8,
158,CRS3035RES1000mN2014000E3172000,AM_9,
159,CRS3035RES1000mN2014000E3172000,AM_10,109.0
160,CRS3035RES1000mN2014000E3172000,AM_11,110.0
161,CRS3035RES1000mN2014000E3172000,AM_12,
162,CRS3035RES1000mN2014000E3172000,AM_13,
163,CRS3035RES1000mN2014000E3172000,AM_14,116.0
164,CRS3035RES1000mN2014000E3172000,AM_15,86.0
165,CRS3035RES1000mN2014000E3172000,AM_16,111.0
166,CRS3035RES1000mN2014000E3172000,AM_17,
167,CRS3035RES1000mN2014000E3172000,AM_19,106.0
168,CRS3035RES1000mN2014000E3172000,AM_20,80.0
169,CRS3035RES1000mN2014000E3172000,AM_21,113.0
170,CRS3035RES1000mN2014000E3172000,AM_22,83.0
171,CRS3035RES1000mN2014000E3172000,AM_23,96.0
172,CRS3035RES1000mN2014000E3172000,AM_24,
173,CRS3035RES1000mN2014000E3172000,AM_25,115.0
174,CRS3035RES1000mN2014000E3172000,AM_27,
175,CRS3035RES1000mN2014000E3172000,AM_28,
176,CRS3035RES1000mN2014000E3172000,AM_29,
177,CRS3035RES1000mN2014000E3172000,AM_30,
178,CRS3035RES1000mN2014000E3172000,AM_32,112.0
179,CRS3035RES1000mN2014000E3172000,AM_33,104.0
180,CRS3035RES1000mN2014000E3172000,AM_34,
181,CRS3035RES1000mN2014000E3172000,AM_35,107.0
182,CRS3035RES1000mN2014000E3172000,AM_36,111.0
183,CRS3035RES1000mN2014000E3172000,AM_37,
184,CRS3035RES1000mN2014000E3172000,AM_38,
185,CRS3035RES1000mN2015000E3168000,28027618,
186,CRS3035RES1000mN2015000E3168000,28027591,
187,CRS3035RES1000mN2015000E3168000,28027606,
188,CRS3035RES1000mN2015000E3168000,28027898,
189,CRS3035RES1000mN2015000E3168000,28041810,
190,CRS3035RES1000mN2015000E3168000,AM_1,
191,CRS3035RES1000mN2015000E3168000,AM_2,
192,CRS3035RES1000mN2015000E3168000,AM_3,
193,CRS3035RES1000mN2015000E3168000,AM_5,
194,CRS3035RES1000mN2015000E3168000,AM_8,
195,CRS3035RES1000mN2015000E3168000,AM_9,
196,CRS3035RES1000mN2015000E3168000,AM_10,
197,CRS3035RES1000mN2015000E3168000,AM_11,
198,CRS3035RES1000mN2015000E3168000,AM_12,
199,CRS3035RES1000mN2015000E3168000,AM_13,
200,CRS3035RES1000mN2015000E3168000,AM_14,
201,CRS3035RES1000mN2015000E3168000,AM_15,
202,CRS3035RES1000mN2015000E3168000,AM_16,
203,CRS3035RES1000mN2015000E3168000,AM_17,
204,CRS3035RES1000mN2015000E3168000,AM_19,
205,CRS3035RES1000mN2015000E3168000,AM_20,
206,CRS3035RES1000mN2015000E3168000,AM_21,
207,CRS3035RES1000mN2015000E3168000,AM_22,
208,CRS3035RES1000mN2015000E3168000,AM_23,
209,CRS3035RES1000mN2015000E3168000,AM_24,
210,CRS3035RES1000mN2015000E3168000,AM_25,
211,CRS3035RES1000mN2015000E3168000,AM_27,
212,CRS3035RES1000mN2015000E3168000,AM_28,
213,CRS3035RES1000mN2015000E3168000,AM_29,
214,CRS3035RES1000mN2015000E3168000,AM_30,
215,CRS3035RES1000mN2015000E3168000,AM_32,
216,CRS3035RES1000mN2015000E3168000,AM_33,
217,CRS3035RES1000mN2015000E3168000,AM_34,
218,CRS3035RES1000mN2015000E3168000,AM_35,
219,CRS3035RES1000mN2015000E3168000,AM_36,
220,CRS3035RES1000mN2015000E3168000,AM_37,
221,CRS3035RES1000mN2015000E3168000,AM_38,
222,CRS3035RES1000mN2015000E3169000,28027618,
223,CRS3035RES1000mN2015000E3169000,28027591,
224,CRS3035RES1000mN2015000E3169000,28027606,
225,CRS3035RES1000mN2015000E3169000,28027898,
226,CRS3035RES1000mN2015000E3169000,28041810,
227,CRS3035RES1000mN2015000E3169000,AM_1,
228,CRS3035RES1000mN2015000E3169000,AM_2,
229,CRS3035RES1000mN2015000E3169000,AM_3,
230,CRS3035RES1000mN2015000E3169000,AM_5,
231,CRS3035RES1000mN2015000E3169000,AM_8,
232,CRS3035RES1000mN2015000E3169000,AM_9,
233,CRS3035RES1000mN2015000E3169000,AM_10,
234,CRS3035RES1000mN2015000E3169000,AM_11,
235,CRS3035RES1000mN2015000E3169000,AM_12,
236,CRS3035RES1000mN2015000E3169000,AM_13,
237,CRS3035RES1000mN2015000E3169000,AM_14,
238,CRS3035RES1000mN2015000E3169000,AM_15,
239,CRS3035RES1000mN2015000E3169000,AM_16,
240,CRS3035RES1000mN2015000E3169000,AM_17,
241,CRS3035RES1000mN2015000E3169000,AM_19,
242,CRS3035RES1000mN2015000E3169000,AM_20,
243,CRS3035RES1000mN2015000E3169000,AM_21,
244,CRS3035RES1000mN2015000E3169000,AM_22,
245,CRS3035RES1000mN2015000E3169000,AM_23,
246,CRS3035RES1000mN2015000E3169000,AM_24,
247,CRS3035RES1000mN2015000E3169000,AM_25,
248,CRS3035RES1000mN2015000E3169000,AM_27,
249,CRS3035RES1000mN2015000E3169000,AM_28,
250,CRS3035RES1000mN2015000E3169000,AM_29,
251,CRS3035RES1000mN2015000E3169000,AM_30,
252,CRS3035RES1000mN2015000E3169000,AM_32,
253,CRS3035RES1000mN2015000E3169000,AM_33,
254,CRS3035RES1000mN2015000E3169000,AM_34,
255,CRS3035RES1000mN2015000E3169000,AM_35,
256,CRS3035RES1000mN2015000E3169000,AM_36,
257,CRS3035RES1000mN2015000E3169000,AM_37,
258,CRS3035RES1000mN2015000E3169000,AM_38,
259,CRS3035RES1000mN2015000E3170000,28027618,
260,CRS3035RES1000mN2015000E3170000,28027591,
261,CRS3035RES1000mN2015000E3170000,28027606,
262,CRS3035RES1000mN2015000E3170000,28027898,
263,CRS3035RES1000mN2015000E3170000,28041810,
264,CRS3035RES1000mN2015000E3170000,AM_1,
265,CRS3035RES1000mN2015000E3170000,AM_2,
266,CRS3035RES1000mN2015000E3170000,AM_3,
267,CRS3035RES1000mN2015000E3170000,AM_5,
268,CRS3035RES1000mN2015000E3170000,AM_8,
269,CRS3035RES1000mN2015000E3170000,AM_9,
270,CRS3035RES1000mN2015000E3170000,AM_10,
271,CRS3035RES1000mN2015000E3170000,AM_11,
272,CRS3035RES1000mN2015000E3170000,AM_12,
273,CRS3035RES1000mN2015000E3170000,AM_13,
274,CRS3035RES1000mN2015000E3170000,AM_14,
275,CRS3035RES1000mN2015000E3170000,AM_15,
276,CRS3035RES1000mN2015000E3170000,AM_16,
277,CRS3035RES1000mN2015000E3170000,AM_17,
278,CRS3035RES1000mN2015000E3170000,AM_19,
279,CRS3035RES1000mN2015000E3170000,AM_20,
280,CRS3035RES1000mN2015000E3170000,AM_21,
281,CRS3035RES1000mN2015000E3170000,AM_22,
282,CRS3035RES1000mN2015000E3170000,AM_23,
283,CRS3035RES1000mN2015000E3170000,AM_24,
284,CRS3035RES1000mN2015000E3170000,AM_25,
285,CRS3035RES1000mN2015000E3170000,AM_27,
286,CRS3035RES1000mN2015000E3170000,AM_28,
287,CRS3035RES1000mN2015000E3170000,AM_29,
288,CRS3035RES1000mN2015000E3170000,AM_30,
289,CRS3035RES1000mN2015000E3170000,AM_32,
290,CRS3035RES1000mN2015000E3170000,AM_33,
291,CRS3035RES1000mN2015000E3170000,AM_34,
292,CRS3035RES1000mN2015000E3170000,AM_35,
293,CRS3035RES1000mN2015000E3170000,AM_36,
294,CRS3035RES1000mN2015000E3170000,AM_37,
295,CRS3035RES1000mN2015000E3170000,AM_38,
296,CRS3035RES1000mN2015000E3171000,28027618,
297,CRS3035RES1000mN2015000E3171000,28027591,
298,CRS3035RES1000mN2015000E3171000,28027606,
299,CRS3035RES1000mN2015000E3171000,28027898,
300,CRS3035RES1000mN2015000E3171000,28041810,
301,CRS3035RES1000mN2015000E3171000,AM_1,
302,CRS3035RES1000mN2015000E3171000,AM_2,
303,CRS3035RES1000mN2015000E3171000,AM_3,
304,CRS3035RES1000mN2015000E3171000,AM_5,
305,CRS3035RES1000mN2015000E3171000,AM_8,
306,CRS3035RES1000mN2015000E3171000,AM_9,
307,CRS3035RES1000mN2015000E3171000,AM_10,
308,CRS3035RES1000mN2015000E3171000,AM_11,
309,CRS3035RES1000mN2015000E3171000,AM_12,
310,CRS3035RES1000mN2015000E3171000,AM_13,
311,CRS3035RES1000mN2015000E3171000,AM_14,
312,CRS3035RES1000mN2015000E3171000,AM_15,
313,CRS3035RES1000mN2015000E3171000,AM_16,
314,CRS3035RES1000mN2015000E3171000,AM_17,
315,CRS3035RES1000mN2015000E3171000,AM_19,
316,CRS3035RES1000mN2015000E3171000,AM_20,
317,CRS3035RES1000mN2015000E3171000,AM_21,
318,CRS3035RES1000mN2015000E3171000,AM_22,
319,CRS3035RES1000mN2015000E3171000,AM_23,
320,CRS3035RES1000mN2015000E3171000,AM_24,
321,CRS3035RES1000mN2015000E3171000,AM_25,
322,CRS3035RES1000mN2015000E3171000,AM_27,
323,CRS3035RES1000mN2015000E3171000,AM_28,
324,CRS3035RES1000mN2015000E3171000,AM_29,
325,CRS3035RES1000mN2015000E3171000,AM_30,
326,CRS3035RES1000mN2015000E3171000,AM_32,
327,CRS3035RES1000mN2015000E3171000,AM_33,
328,CRS3035RES1000mN2015000E3171000,AM_34,
329,CRS3035RES1000mN2015000E3171000,AM_35,
330,CRS3035RES1000mN2015000E3171000,AM_36,
331,CRS3035RES1000mN2015000E3171000,AM_37,
332,CRS3035RES1000mN2015000E3171000,AM_38,
333,CRS3035RES1000mN2015000E3172000,28027618,101.0
334,CRS3035RES1000mN2015000E3172000,28027591,99.0
335,CRS3035RES1000mN2015000E3172000,28027606,113.0
336,CRS3035RES1000mN2015000E3172000,28027898,105.0
337,CRS3035RES1000mN2015000E3172000,28041810,109.0
338,CRS3035RES1000mN2015000E3172000,AM_1,114.0
339,CRS3035RES1000mN2015000E3172000,AM_2,104.0
340,CRS3035RES1000mN2015000E3172000,AM_3,117.0
341,CRS3035RES1000mN2015000E3172000,AM_5,95.0
342,CRS3035RES1000mN2015000E3172000,AM_8,
343,CRS3035RES1000mN2015000E3172000,AM_9,
344,CRS3035RES1000mN2015000E3172000,AM_10,94.0
345,CRS3035RES1000mN2015000E3172000,AM_11,94.0
346,CRS3035RES1000mN2015000E3172000,AM_12,108.0
347,CRS3035RES1000mN2015000E3172000,AM_13,
348,CRS3035RES1000mN2015000E3172000,AM_14,102.0
349,CRS3035RES1000mN2015000E3172000,AM_15,70.0
350,CRS3035RES1000mN2015000E3172000,AM_16,93.0
351,CRS3035RES1000mN2015000E3172000,AM_17,113.0
352,CRS3035RES1000mN2015000E3172000,AM_19,92.0
353,CRS3035RES1000mN2015000E3172000,AM_20,66.0
354,CRS3035RES1000mN2015000E3172000,AM_21,99.0
355,CRS3035RES1000mN2015000E3172000,AM_22,69.0
356,CRS3035RES1000mN2015000E3172000,AM_23,81.0
357,CRS3035RES1000mN2015000E3172000,AM_24,
358,CRS3035RES1000mN2015000E3172000,AM_25,100.0
359,CRS3035RES1000mN2015000E3172000,AM_27,
360,CRS3035RES1000mN2015000E3172000,AM_28,107.0
361,CRS3035RES1000mN2015000E3172000,AM_29,113.0
362,CRS3035RES1000mN2015000E3172000,AM_30,113.0
363,CRS3035RES1000mN2015000E3172000,AM_32,97.0
364,CRS3035RES1000mN2015000E3172000,AM_33,88.0
365,CRS3035RES1000mN2015000E3172000,AM_34,117.0
366,CRS3035RES1000mN2015000E3172000,AM_35,92.0
367,CRS3035RES1000mN2015000E3172000,AM_36,96.0
368,CRS3035RES1000mN2015000E3172000,AM_37,
369,CRS3035RES1000mN2015000E3172000,AM_38,114.0
370,CRS3035RES1000mN2015000E3173000,28027618,81.0
371,CRS3035RES1000mN2015000E3173000,28027591,78.0
372,CRS3035RES1000mN2015000E3173000,28027606,99.0
373,CRS3035RES1000mN2015000E3173000,28027898,89.0
374,CRS3035RES1000mN2015000E3173000,28041810,87.0
375,CRS3035RES1000mN2015000E3173000,AM_1,94.0
376,CRS3035RES1000mN2015000E3173000,AM_2,84.0
377,CRS3035RES1000mN2015000E3173000,AM_3,90.0
378,CRS3035RES1000mN2015000E3173000,AM_5,76.0
379,CRS3035RES1000mN2015000E3173000,AM_8,
380,CRS3035RES1000mN2015000E3173000,AM_9,112.0
381,CRS3035RES1000mN2015000E3173000,AM_10,78.0
382,CRS3035RES1000mN2015000E3173000,AM_11,76.0
383,CRS3035RES1000mN2015000E3173000,AM_12,92.0
384,CRS3035RES1000mN2015000E3173000,AM_13,99.0
385,CRS3035RES1000mN2015000E3173000,AM_14,82.0
386,CRS3035RES1000mN2015000E3173000,AM_15,55.0
387,CRS3035RES1000mN2015000E3173000,AM_16,71.0
388,CRS3035RES1000mN2015000E3173000,AM_17,85.0
389,CRS3035RES1000mN2015000E3173000,AM_19,71.0
390,CRS3035RES1000mN2015000E3173000,AM_20,53.0
391,CRS3035RES1000mN2015000E3173000,AM_21,80.0
392,CRS3035RES1000mN2015000E3173000,AM_22,56.0
393,CRS3035RES1000mN2015000E3173000,AM_23,61.0
394,CRS3035RES1000mN2015000E3173000,AM_24,105.0
395,CRS3035RES1000mN2015000E3173000,AM_25,80.0
396,CRS3035RES1000mN2015000E3173000,AM_27,115.0
397,CRS3035RES1000mN2015000E3173000,AM_28,87.0
398,CRS3035RES1000mN2015000E3173000,AM_29,89.0
399,CRS3035RES1000mN2015000E3173000,AM_30,84.0
400,CRS3035RES1000mN2015000E3173000,AM_32,77.0
401,CRS3035RES1000mN2015000E3173000,AM_33,70.0
402,CRS3035RES1000mN2015000E3173000,AM_34,99.0
403,CRS3035RES1000mN2015000E3173000,AM_35,76.0
404,CRS3035RES1000mN2015000E3173000,AM_36,77.0
405,CRS3035RES1000mN2015000E3173000,AM_37,106.0
406,CRS3035RES1000mN2015000E3173000,AM_38,88.0
407,CRS3035RES1000mN2016000E3168000,28027618,
408,CRS3035RES1000mN2016000E3168000,28027591,
409,CRS3035RES1000mN2016000E3168000,28027606,
410,CRS3035RES1000mN2016000E3168000,28027898,
411,CRS3035RES1000mN2016000E3168000,28041810,
412,CRS3035RES1000mN2016000E3168000,AM_1,
413,CRS3035RES1000mN2016000E3168000,AM_2,
414,CRS3035RES1000mN2016000E3168000,AM_3,
415,CRS3035RES1000mN2016000E3168000,AM_5,
416,CRS3035RES1000mN2016000E3168000,AM_8,
417,CRS3035RES1000mN2016000E3168000,AM_9,
418,CRS3035RES1000mN2016000E3168000,AM_10,
419,CRS3035RES1000mN2016000E3168000,AM_11,
420,CRS3035RES1000mN2016000E3168000,AM_12,
421,CRS3035RES1000mN2016000E3168000,AM_13,
422,CRS3035RES1000mN2016000E3168000,AM_14,
423,CRS3035RES1000mN2016000E3168000,AM_15,
424,CRS3035RES1000mN2016000E3168000,AM_16,
425,CRS3035RES1000mN2016000E3168000,AM_17,
426,CRS3035RES1000mN2016000E3168000,AM_19,
427,CRS3035RES1000mN2016000E3168000,AM_20,
428,CRS3035RES1000mN2016000E3168000,AM_21,
429,CRS3035RES1000mN2016000E3168000,AM_22,
430,CRS3035RES1000mN2016000E3168000,AM_23,
431,CRS3035RES1000mN2016000E3168000,AM_24,
432,CRS3035RES1000mN2016000E3168000,AM_25,
433,CRS3035RES1000mN2016000E3168000,AM_27,
434,CRS3035RES1000mN2016000E3168000,AM_28,
435,CRS3035RES1000mN2016000E3168000,AM_29,
436,CRS3035RES1000mN2016000E3168000,AM_30,
437,CRS3035RES1000mN2016000E3168000,AM_32,
438,CRS3035RES1000mN2016000E3168000,AM_33,
439,CRS3035RES1000mN2016000E3168000,AM_34,
440,CRS3035RES1000mN2016000E3168000,AM_35,
441,CRS3035RES1000mN2016000E3168000,AM_36,
442,CRS3035RES1000mN2016000E3168000,AM_37,
443,CRS3035RES1000mN2016000E3168000,AM_38,
444,CRS3035RES1000mN2016000E3169000,28027618,
445,CRS3035RES1000mN2016000E3169000,28027591,
446,CRS3035RES1000mN2016000E3169000,28027606,
447,CRS3035RES1000mN2016000E3169000,28027898,
448,CRS3035RES1000mN2016000E3169000,28041810,
449,CRS3035RES1000mN2016000E3169000,AM_1,
450,CRS3035RES1000mN2016000E3169000,AM_2,
451,CRS3035RES1000mN2016000E3169000,AM_3,
452,CRS3035RES1000mN2016000E3169000,AM_5,
453,CRS3035RES1000mN2016000E3169000,AM_8,
454,CRS3035RES1000mN2016000E3169000,AM_9,
455,CRS3035RES1000mN2016000E3169000,AM_10,
456,CRS3035RES1000mN2016000E3169000,AM_11,
457,CRS3035RES1000mN2016000E3169000,AM_12,
458,CRS3035RES1000mN2016000E3169000,AM_13,
459,CRS3035RES1000mN2016000E3169000,AM_14,
460,CRS3035RES1000mN2016000E3169000,AM_15,
461,CRS3035RES1000mN2016000E3169000,AM_16,
462,CRS3035RES1000mN2016000E3169000,AM_17,
463,CRS3035RES1000mN2016000E3169000,AM_19,
464,CRS3035RES1000mN2016000E3169000,AM_20,
465,CRS3035RES1000mN2016000E3169000,AM_21,
466,CRS3035RES1000mN2016000E3169000,AM_22,
467,CRS3035RES1000mN2016000E3169000,AM_23,
468,CRS3035RES1000mN2016000E3169000,AM_24,
469,CRS3035RES1000mN2016000E3169000,AM_25,
470,CRS3035RES1000mN2016000E3169000,AM_27,
471,CRS3035RES1000mN2016000E3169000,AM_28,
472,CRS3035RES1000mN2016000E3169000,AM_29,
473,CRS3035RES1000mN2016000E3169000,AM_30,
474,CRS3035RES1000mN2016000E3169000,AM_32,
475,CRS3035RES1000mN2016000E3169000,AM_33,
476,CRS3035RES1000mN2016000E3169000,AM_34,
477,CRS3035RES1000mN2016000E3169000,AM_35,
478,CRS3035RES1000mN2016000E3169000,AM_36,
479,CRS3035RES1000mN2016000E3169000,AM_37,
480,CRS3035RES1000mN2016000E3169000,AM_38,
481,CRS3035RES1000mN2016000E3170000,28027618,
482,CRS3035RES1000mN2016000E3170000,28027591,
483,CRS3035RES1000mN2016000E3170000,28027606,
484,CRS3035RES1000mN2016000E3170000,28027898,
485,CRS3035RES1000mN2016000E3170000,28041810,
486,CRS3035RES1000mN2016000E3170000,AM_1,
487,CRS3035RES1000mN2016000E3170000,AM_2,
488,CRS3035RES1000mN2016000E3170000,AM_3,
489,CRS3035RES1000mN2016000E3170000,AM_5,
490,CRS3035RES1000mN2016000E3170000,AM_8,
491,CRS3035RES1000mN2016000E3170000,AM_9,
492,CRS3035RES1000mN2016000E3170000,AM_10,
493,CRS3035RES1000mN2016000E3170000,AM_11,
494,CRS3035RES1000mN2016000E3170000,AM_12,
495,CRS3035RES1000mN2016000E3170000,AM_13,
496,CRS3035RES1000mN2016000E3170000,AM_14,
497,CRS3035RES1000mN2016000E3170000,AM_15,
498,CRS3035RES1000mN2016000E3170000,AM_16,
499,CRS3035RES1000mN2016000E3170000,AM_17,
500,CRS3035RES1000mN2016000E3170000,AM_19,
501,CRS3035RES1000mN2016000E3170000,AM_20,
502,CRS3035RES1000mN2016000E3170000,AM_21,
503,CRS3035RES1000mN2016000E3170000,AM_22,
504,CRS3035RES1000mN2016000E3170000,AM_23,
505,CRS3035RES1000mN2016000E3170000,AM_24,
506,CRS3035RES1000mN2016000E3170000,AM_25,
507,CRS3035RES1000mN2016000E3170000,AM_27,
508,CRS3035RES1000mN2016000E3170000,AM_28,
509,CRS3035RES1000mN2016000E3170000,AM_29,
510,CRS3035RES1000mN2016000E3170000,AM_30,
511,CRS3035RES1000mN2016000E3170000,AM_32,
512,CRS3035RES1000mN2016000E3170000,AM_33,
513,CRS3035RES1000mN2016000E3170000,AM_34,
514,CRS3035RES1000mN2016000E3170000,AM_35,
515,CRS3035RES1000mN2016000E3170000,AM_36,
516,CRS3035RES1000mN2016000E3170000,AM_37,
517,CRS3035RES1000mN2016000E3170000,AM_38,
518,CRS3035RES1000mN2016000E3171000,28027618,
519,CRS3035RES1000mN2016000E3171000,28027591,
520,CRS3035RES1000mN2016000E3171000,28027606,
521,CRS3035RES1000mN2016000E3171000,28027898,
522,CRS3035RES1000mN2016000E3171000,28041810,
523,CRS3035RES1000mN2016000E3171000,AM_1,
524,CRS3035RES1000mN2016000E3171000,AM_2,
525,CRS3035RES1000mN2016000E3171000,AM_3,
526,CRS3035RES1000mN2016000E3171000,AM_5,
527,CRS3035RES1000mN2016000E3171000,AM_8,
528,CRS3035RES1000mN2016000E3171000,AM_9,
529,CRS3035RES1000mN2016000E3171000,AM_10,
530,CRS3035RES1000mN2016000E3171000,AM_11,
531,CRS3035RES1000mN2016000E3171000,AM_12,
532,CRS3035RES1000mN2016000E3171000,AM_13,
533,CRS3035RES1000mN2016000E3171000,AM_14,
534,CRS3035RES1000mN2016000E3171000,AM_15,
535,CRS3035RES1000mN2016000E3171000,AM_16,
536,CRS3035RES1000mN2016000E3171000,AM_17,
537,CRS3035RES1000mN2016000E3171000,AM_19,
538,CRS3035RES1000mN2016000E3171000,AM_20,
539,CRS3035RES1000mN2016000E3171000,AM_21,
540,CRS3035RES1000mN2016000E3171000,AM_22,
541,CRS3035RES1000mN2016000E3171000,AM_23,
542,CRS3035RES1000mN2016000E3171000,AM_24,
543,CRS3035RES1000mN2016000E3171000,AM_25,
544,CRS3035RES1000mN2016000E3171000,AM_27,
545,CRS3035RES1000mN2016000E3171000,AM_28,
546,CRS3035RES1000mN2016000E3171000,AM_29,
547,CRS3035RES1000mN2016000E3171000,AM_30,
548,CRS3035RES1000mN2016000E3171000,AM_32,
549,CRS3035RES1000mN2016000E3171000,AM_33,
550,CRS3035RES1000mN2016000E3171000,AM_34,
551,CRS3035RES1000mN2016000E3171000,AM_35,
552,CRS3035RES1000mN2016000E3171000,AM_36,
553,CRS3035RES1000mN2016000E3171000,AM_37,
554,CRS3035RES1000mN2016000E3171000,AM_38,
555,CRS3035RES1000mN2016000E3172000,28027618,81.0
556,CRS3035RES1000mN2016000E3172000,28027591,78.0
557,CRS3035RES1000mN2016000E3172000,28027606,96.0
558,CRS3035RES1000mN2016000E3172000,28027898,90.0
559,CRS3035RES1000mN2016000E3172000,28041810,87.0
560,CRS3035RES1000mN2016000E3172000,AM_1,94.0
561,CRS3035RES1000mN2016000E3172000,AM_2,83.0
562,CRS3035RES1000mN2016000E3172000,AM_3,90.0
563,CRS3035RES1000mN2016000E3172000,AM_5,75.0
564,CRS3035RES1000mN2016000E3172000,AM_8,
565,CRS3035RES1000mN2016000E3172000,AM_9,112.0
566,CRS3035RES1000mN2016000E3172000,AM_10,79.0
567,CRS3035RES1000mN2016000E3172000,AM_11,76.0
568,CRS3035RES1000mN2016000E3172000,AM_12,91.0
569,CRS3035RES1000mN2016000E3172000,AM_13,96.0
570,CRS3035RES1000mN2016000E3172000,AM_14,82.0
571,CRS3035RES1000mN2016000E3172000,AM_15,55.0
572,CRS3035RES1000mN2016000E3172000,AM_16,70.0
573,CRS3035RES1000mN2016000E3172000,AM_17,85.0
574,CRS3035RES1000mN2016000E3172000,AM_19,72.0
575,CRS3035RES1000mN2016000E3172000,AM_20,49.0
576,CRS3035RES1000mN2016000E3172000,AM_21,79.0
577,CRS3035RES1000mN2016000E3172000,AM_22,53.0
578,CRS3035RES1000mN2016000E3172000,AM_23,62.0
579,CRS3035RES1000mN2016000E3172000,AM_24,105.0
580,CRS3035RES1000mN2016000E3172000,AM_25,80.0
581,CRS3035RES1000mN2016000E3172000,AM_27,115.0
582,CRS3035RES1000mN2016000E3172000,AM_28,86.0
583,CRS3035RES1000mN2016000E3172000,AM_29,89.0
584,CRS3035RES1000mN2016000E3172000,AM_30,84.0
585,CRS3035RES1000mN2016000E3172000,AM_32,76.0
586,CRS3035RES1000mN2016000E3172000,AM_33,70.0
587,CRS3035RES1000mN2016000E3172000,AM_34,100.0
588,CRS3035RES1000mN2016000E3172000,AM_35,77.0
589,CRS3035RES1000mN2016000E3172000,AM_36,76.0
590,CRS3035RES1000mN2016000E3172000,AM_37,107.0
591,CRS3035RES1000mN2016000E3172000,AM_38,88.0
592,CRS3035RES1000mN2016000E3173000,28027618,81.0
593,CRS3035RES1000mN2016000E3173000,28027591,78.0
594,CRS3035RES1000mN2016000E3173000,28027606,96.0
595,CRS3035RES1000mN2016000E3173000,28027898,89.0
596,CRS3035RES1000mN2016000E3173000,28041810,87.0
597,CRS3035RES1000mN2016000E3173000,AM_1,94.0
598,CRS3035RES1000mN2016000E3173000,AM_2,83.0
599,CRS3035RES1000mN2016000E3173000,AM_3,90.0
600,CRS3035RES1000mN2016000E3173000,AM_5,75.0
601,CRS3035RES1000mN2016000E3173000,AM_8,
602,CRS3035RES1000mN2016000E3173000,AM_9,112.0
603,CRS3035RES1000mN2016000E3173000,AM_10,78.0
604,CRS3035RES1000mN2016000E3173000,AM_11,76.0
605,CRS3035RES1000mN2016000E3173000,AM_12,90.0
606,CRS3035RES1000mN2016000E3173000,AM_13,96.0
607,CRS3035RES1000mN2016000E3173000,AM_14,81.0
608,CRS3035RES1000mN2016000E3173000,AM_15,55.0
609,CRS3035RES1000mN2016000E3173000,AM_16,71.0
610,CRS3035RES1000mN2016000E3173000,AM_17,86.0
611,CRS3035RES1000mN2016000E3173000,AM_19,72.0
612,CRS3035RES1000mN2016000E3173000,AM_20,49.0
613,CRS3035RES1000mN2016000E3173000,AM_21,78.0
614,CRS3035RES1000mN2016000E3173000,AM_22,52.0
615,CRS3035RES1000mN2016000E3173000,AM_23,62.0
616,CRS3035RES1000mN2016000E3173000,AM_24,105.0
617,CRS3035RES1000mN2016000E3173000,AM_25,80.0
618,CRS3035RES1000mN2016000E3173000,AM_27,116.0
619,CRS3035RES1000mN2016000E3173000,AM_28,86.0
620,CRS3035RES1000mN2016000E3173000,AM_29,89.0
621,CRS3035RES1000mN2016000E3173000,AM_30,85.0
622,CRS3035RES1000mN2016000E3173000,AM_32,76.0
623,CRS3035RES1000mN2016000E3173000,AM_33,69.0
624,CRS3035RES1000mN2016000E3173000,AM_34,99.0
625,CRS3035RES1000mN2016000E3173000,AM_35,77.0
626,CRS3035RES1000mN2016000E3173000,AM_36,76.0
627,CRS3035RES1000mN2016000E3173000,AM_37,107.0
628,CRS3035RES1000mN2016000E3173000,AM_38,88.0
629,CRS3035RES1000mN2016000E3174000,28027618,84.0
630,CRS3035RES1000mN2016000E3174000,28027591,80.0
631,CRS3035RES1000mN2016000E3174000,28027606,104.0
632,CRS3035RES1000mN2016000E3174000,28027898,92.0
633,CRS3035RES1000mN2016000E3174000,28041810,90.0
634,CRS3035RES1000mN2016000E3174000,AM_1,97.0
635,CRS3035RES1000mN2016000E3174000,AM_2,86.0
636,CRS3035RES1000mN2016000E3174000,AM_3,93.0
637,CRS3035RES1000mN2016000E3174000,AM_5,79.0
638,CRS3035RES1000mN2016000E3174000,AM_8,
639,CRS3035RES1000mN2016000E3174000,AM_9,115.0
640,CRS3035RES1000mN2016000E3174000,AM_10,80.0
641,CRS3035RES1000mN2016000E3174000,AM_11,79.0
642,CRS3035RES1000mN2016000E3174000,AM_12,96.0
643,CRS3035RES1000mN2016000E3174000,AM_13,108.0
644,CRS3035RES1000mN2016000E3174000,AM_14,84.0
645,CRS3035RES1000mN2016000E3174000,AM_15,57.0
646,CRS3035RES1000mN2016000E3174000,AM_16,74.0
647,CRS3035RES1000mN2016000E3174000,AM_17,88.0
648,CRS3035RES1000mN2016000E3174000,AM_19,74.0
649,CRS3035RES1000mN2016000E3174000,AM_20,55.0
650,CRS3035RES1000mN2016000E3174000,AM_21,83.0
651,CRS3035RES1000mN2016000E3174000,AM_22,59.0
652,CRS3035RES1000mN2016000E3174000,AM_23,64.0
653,CRS3035RES1000mN2016000E3174000,AM_24,109.0
654,CRS3035RES1000mN2016000E3174000,AM_25,84.0
655,CRS3035RES1000mN2016000E3174000,AM_27,119.0
656,CRS3035RES1000mN2016000E3174000,AM_28,90.0
657,CRS3035RES1000mN2016000E3174000,AM_29,92.0
658,CRS3035RES1000mN2016000E3174000,AM_30,87.0
659,CRS3035RES1000mN2016000E3174000,AM_32,81.0
660,CRS3035RES1000mN2016000E3174000,AM_33,74.0
661,CRS3035RES1000mN2016000E3174000,AM_34,99.0
662,CRS3035RES1000mN2016000E3174000,AM_35,78.0
663,CRS3035RES1000mN2016000E3174000,AM_36,80.0
664,CRS3035RES1000mN2016000E3174000,AM_37,109.0
665,CRS3035RES1000mN2016000E3174000,AM_38,91.0
666,CRS3035RES1000mN2016000E3175000,28027618,96.0
667,CRS3035RES1000mN2016000E3175000,28027591,93.0
668,CRS3035RES1000mN2016000E3175000,28027606,111.0
669,CRS3035RES1000mN2016000E3175000,28027898,100.0
670,CRS3035RES1000mN2016000E3175000,28041810,113.0
671,CRS3035RES1000mN2016000E3175000,AM_1,118.0
672,CRS3035RES1000mN2016000E3175000,AM_2,98.0
673,CRS3035RES1000mN2016000E3175000,AM_3,
674,CRS3035RES1000mN2016000E3175000,AM_5,88.0
675,CRS3035RES1000mN2016000E3175000,AM_8,
676,CRS3035RES1000mN2016000E3175000,AM_9,
677,CRS3035RES1000mN2016000E3175000,AM_10,87.0
678,CRS3035RES1000mN2016000E3175000,AM_11,89.0
679,CRS3035RES1000mN2016000E3175000,AM_12,103.0
680,CRS3035RES1000mN2016000E3175000,AM_13,116.0
681,CRS3035RES1000mN2016000E3175000,AM_14,96.0
682,CRS3035RES1000mN2016000E3175000,AM_15,63.0
683,CRS3035RES1000mN2016000E3175000,AM_16,92.0
684,CRS3035RES1000mN2016000E3175000,AM_17,112.0
685,CRS3035RES1000mN2016000E3175000,AM_19,86.0
686,CRS3035RES1000mN2016000E3175000,AM_20,63.0
687,CRS3035RES1000mN2016000E3175000,AM_21,92.0
688,CRS3035RES1000mN2016000E3175000,AM_22,67.0
689,CRS3035RES1000mN2016000E3175000,AM_23,74.0
690,CRS3035RES1000mN2016000E3175000,AM_24,
691,CRS3035RES1000mN2016000E3175000,AM_25,94.0
692,CRS3035RES1000mN2016000E3175000,AM_27,
693,CRS3035RES1000mN2016000E3175000,AM_28,101.0
694,CRS3035RES1000mN2016000E3175000,AM_29,117.0
695,CRS3035RES1000mN2016000E3175000,AM_30,112.0
696,CRS3035RES1000mN2016000E3175000,AM_32,91.0
697,CRS3035RES1000mN2016000E3175000,AM_33,81.0
698,CRS3035RES1000mN2016000E3175000,AM_34,107.0
699,CRS3035RES1000mN2016000E3175000,AM_35,85.0
700,CRS3035RES1000mN2016000E3175000,AM_36,89.0
701,CRS3035RES1000mN2016000E3175000,AM_37,
702,CRS3035RES1000mN2016000E3175000,AM_38,118.0
703,CRS3035RES1000mN2016000E3176000,28027618,
704,CRS3035RES1000mN2016000E3176000,28027591,119.0
705,CRS3035RES1000mN2016000E3176000,28027606,
706,CRS3035RES1000mN2016000E3176000,28027898,
707,CRS3035RES1000mN2016000E3176000,28041810,
708,CRS3035RES1000mN2016000E3176000,AM_1,
709,CRS3035RES1000mN2016000E3176000,AM_2,
710,CRS3035RES1000mN2016000E3176000,AM_3,
711,CRS3035RES1000mN2016000E3176000,AM_5,116.0
712,CRS3035RES1000mN2016000E3176000,AM_8,
713,CRS3035RES1000mN2016000E3176000,AM_9,
714,CRS3035RES1000mN2016000E3176000,AM_10,116.0
715,CRS3035RES1000mN2016000E3176000,AM_11,116.0
716,CRS3035RES1000mN2016000E3176000,AM_12,
717,CRS3035RES1000mN2016000E3176000,AM_13,
718,CRS3035RES1000mN2016000E3176000,AM_14,
719,CRS3035RES1000mN2016000E3176000,AM_15,95.0
720,CRS3035RES1000mN2016000E3176000,AM_16,116.0
721,CRS3035RES1000mN2016000E3176000,AM_17,
722,CRS3035RES1000mN2016000E3176000,AM_19,113.0
723,CRS3035RES1000mN2016000E3176000,AM_20,81.0
724,CRS3035RES1000mN2016000E3176000,AM_21,119.0
725,CRS3035RES1000mN2016000E3176000,AM_22,85.0
726,CRS3035RES1000mN2016000E3176000,AM_23,103.0
727,CRS3035RES1000mN2016000E3176000,AM_24,
728,CRS3035RES1000mN2016000E3176000,AM_25,
729,CRS3035RES1000mN2016000E3176000,AM_27,
730,CRS3035RES1000mN2016000E3176000,AM_28,
731,CRS3035RES1000mN2016000E3176000,AM_29,
732,CRS3035RES1000mN2016000E3176000,AM_30,
733,CRS3035RES1000mN2016000E3176000,AM_32,116.0
734,CRS3035RES1000mN2016000E3176000,AM_33,109.0
735,CRS3035RES1000mN2016000E3176000,AM_34,
736,CRS3035RES1000mN2016000E3176000,AM_35,115.0
737,CRS3035RES1000mN2016000E3176000,AM_36,117.0
738,CRS3035RES1000mN2016000E3176000,AM_37,
739,CRS3035RES1000mN2016000E3176000,AM_38,
740,CRS3035RES1000mN2017000E3168000,28027618,
741,CRS3035RES1000mN2017000E3168000,28027591,
742,CRS3035RES1000mN2017000E3168000,28027606,
743,CRS3035RES1000mN2017000E3168000,28027898,
744,CRS3035RES1000mN2017000E3168000,28041810,
745,CRS3035RES1000mN2017000E3168000,AM_1,
746,CRS3035RES1000mN2017000E3168000,AM_2,
747,CRS3035RES1000mN2017000E3168000,AM_3,
748,CRS3035RES1000mN2017000E3168000,AM_5,
749,CRS3035RES1000mN2017000E3168000,AM_8,
750,CRS3035RES1000mN2017000E3168000,AM_9,
751,CRS3035RES1000mN2017000E3168000,AM_10,
752,CRS3035RES1000mN2017000E3168000,AM_11,
753,CRS3035RES1000mN2017000E3168000,AM_12,
754,CRS3035RES1000mN2017000E3168000,AM_13,
755,CRS3035RES1000mN2017000E3168000,AM_14,
756,CRS3035RES1000mN2017000E3168000,AM_15,
757,CRS3035RES1000mN2017000E3168000,AM_16,
758,CRS3035RES1000mN2017000E3168000,AM_17,
759,CRS3035RES1000mN2017000E3168000,AM_19,
760,CRS3035RES1000mN2017000E3168000,AM_20,
761,CRS3035RES1000mN2017000E3168000,AM_21,
762,CRS3035RES1000mN2017000E3168000,AM_22,
763,CRS3035RES1000mN2017000E3168000,AM_23,
764,CRS3035RES1000mN2017000E3168000,AM_24,
765,CRS3035RES1000mN2017000E3168000,AM_25,
766,CRS3035RES1000mN2017000E3168000,AM_27,
767,CRS3035RES1000mN2017000E3168000,AM_28,
768,CRS3035RES1000mN2017000E3168000,AM_29,
769,CRS3035RES1000mN2017000E3168000,AM_30,
770,CRS3035RES1000mN2017000E3168000,AM_32,
771,CRS3035RES1000mN2017000E3168000,AM_33,
772,CRS3035RES1000mN2017000E3168000,AM_34,
773,CRS3035RES1000mN2017000E3168000,AM_35,
774,CRS3035RES1000mN2017000E3168000,AM_36,
775,CRS3035RES1000mN2017000E3168000,AM_37,
776,CRS3035RES1000mN2017000E3168000,AM_38,
777,CRS3035RES1000mN2017000E3169000,28027618,
778,CRS3035RES1000mN2017000E3169000,28027591,
779,CRS3035RES1000mN2017000E3169000,28027606,
780,CRS3035RES1000mN2017000E3169000,28027898,
781,CRS3035RES1000mN2017000E3169000,28041810,
782,CRS3035RES1000mN2017000E3169000,AM_1,
783,CRS3035RES1000mN2017000E3169000,AM_2,
784,CRS3035RES1000mN2017000E3169000,AM_3,
785,CRS3035RES1000mN2017000E3169000,AM_5,
786,CRS3035RES1000mN2017000E3169000,AM_8,
787,CRS3035RES1000mN2017000E3169000,AM_9,
788,CRS3035RES1000mN2017000E3169000,AM_10,
789,CRS3035RES1000mN2017000E3169000,AM_11,
790,CRS3035RES1000mN2017000E3169000,AM_12,
791,CRS3035RES1000mN2017000E3169000,AM_13,
792,CRS3035RES1000mN2017000E3169000,AM_14,
793,CRS3035RES1000mN2017000E3169000,AM_15,112.0
794,CRS3035RES1000mN2017000E3169000,AM_16,
795,CRS3035RES1000mN2017000E3169000,AM_17,
796,CRS3035RES1000mN2017000E3169000,AM_19,
797,CRS3035RES1000mN2017000E3169000,AM_20,106.0
798,CRS3035RES1000mN2017000E3169000,AM_21,
799,CRS3035RES1000mN2017000E3169000,AM_22,110.0
800,CRS3035RES1000mN2017000E3169000,AM_23,
801,CRS3035RES1000mN2017000E3169000,AM_24,
802,CRS3035RES1000mN2017000E3169000,AM_25,
803,CRS3035RES1000mN2017000E3169000,AM_27,
804,CRS3035RES1000mN2017000E3169000,AM_28,
805,CRS3035RES1000mN2017000E3169000,AM_29,
806,CRS3035RES1000mN2017000E3169000,AM_30,
807,CRS3035RES1000mN2017000E3169000,AM_32,
808,CRS3035RES1000mN2017000E3169000,AM_33,
809,CRS3035RES1000mN2017000E3169000,AM_34,
810,CRS3035RES1000mN2017000E3169000,AM_35,
811,CRS3035RES1000mN2017000E3169000,AM_36,
812,CRS3035RES1000mN2017000E3169000,AM_37,
813,CRS3035RES1000mN2017000E3169000,AM_38,
814,CRS3035RES1000mN2017000E3170000,28027618,
815,CRS3035RES1000mN2017000E3170000,28027591,
816,CRS3035RES1000mN2017000E3170000,28027606,
817,CRS3035RES1000mN2017000E3170000,28027898,
818,CRS3035RES1000mN2017000E3170000,28041810,
819,CRS3035RES1000mN2017000E3170000,AM_1,
820,CRS3035RES1000mN2017000E3170000,AM_2,
821,CRS3035RES1000mN2017000E3170000,AM_3,
822,CRS3035RES1000mN2017000E3170000,AM_5,
823,CRS3035RES1000mN2017000E3170000,AM_8,
824,CRS3035RES1000mN2017000E3170000,AM_9,
825,CRS3035RES1000mN2017000E3170000,AM_10,
826,CRS3035RES1000mN2017000E3170000,AM_11,
827,CRS3035RES1000mN2017000E3170000,AM_12,
828,CRS3035RES1000mN2017000E3170000,AM_13,
829,CRS3035RES1000mN2017000E3170000,AM_14,
830,CRS3035RES1000mN2017000E3170000,AM_15,99.0
831,CRS3035RES1000mN2017000E3170000,AM_16,
832,CRS3035RES1000mN2017000E3170000,AM_17,
833,CRS3035RES1000mN2017000E3170000,AM_19,
834,CRS3035RES1000mN2017000E3170000,AM_20,92.0
835,CRS3035RES1000mN2017000E3170000,AM_21,
836,CRS3035RES1000mN2017000E3170000,AM_22,95.0
837,CRS3035RES1000mN2017000E3170000,AM_23,109.0
838,CRS3035RES1000mN2017000E3170000,AM_24,
839,CRS3035RES1000mN2017000E3170000,AM_25,
840,CRS3035RES1000mN2017000E3170000,AM_27,
841,CRS3035RES1000mN2017000E3170000,AM_28,
842,CRS3035RES1000mN2017000E3170000,AM_29,
843,CRS3035RES1000mN2017000E3170000,AM_30,
844,CRS3035RES1000mN2017000E3170000,AM_32,
845,CRS3035RES1000mN2017000E3170000,AM_33,115.0
846,CRS3035RES1000mN2017000E3170000,AM_34,
847,CRS3035RES1000mN2017000E3170000,AM_35,
848,CRS3035RES1000mN2017000E3170000,AM_36,
849,CRS3035RES1000mN2017000E3170000,AM_37,
850,CRS3035RES1000mN2017000E3170000,AM_38,
851,CRS3035RES1000mN2017000E3171000,28027618,117.0
852,CRS3035RES1000mN2017000E3171000,28027591,114.0
853,CRS3035RES1000mN2017000E3171000,28027606,
854,CRS3035RES1000mN2017000E3171000,28027898,119.0
855,CRS3035RES1000mN2017000E3171000,28041810,
856,CRS3035RES1000mN2017000E3171000,AM_1,
857,CRS3035RES1000mN2017000E3171000,AM_2,119.0
858,CRS3035RES1000mN2017000E3171000,AM_3,
859,CRS3035RES1000mN2017000E3171000,AM_5,111.0
860,CRS3035RES1000mN2017000E3171000,AM_8,
861,CRS3035RES1000mN2017000E3171000,AM_9,
862,CRS3035RES1000mN2017000E3171000,AM_10,110.0
863,CRS3035RES1000mN2017000E3171000,AM_11,111.0
864,CRS3035RES1000mN2017000E3171000,AM_12,
865,CRS3035RES1000mN2017000E3171000,AM_13,
866,CRS3035RES1000mN2017000E3171000,AM_14,118.0
867,CRS3035RES1000mN2017000E3171000,AM_15,88.0
868,CRS3035RES1000mN2017000E3171000,AM_16,112.0
869,CRS3035RES1000mN2017000E3171000,AM_17,
870,CRS3035RES1000mN2017000E3171000,AM_19,109.0
871,CRS3035RES1000mN2017000E3171000,AM_20,78.0
872,CRS3035RES1000mN2017000E3171000,AM_21,114.0
873,CRS3035RES1000mN2017000E3171000,AM_22,81.0
874,CRS3035RES1000mN2017000E3171000,AM_23,98.0
875,CRS3035RES1000mN2017000E3171000,AM_24,
876,CRS3035RES1000mN2017000E3171000,AM_25,116.0
877,CRS3035RES1000mN2017000E3171000,AM_27,
878,CRS3035RES1000mN2017000E3171000,AM_28,
879,CRS3035RES1000mN2017000E3171000,AM_29,
880,CRS3035RES1000mN2017000E3171000,AM_30,
881,CRS3035RES1000mN2017000E3171000,AM_32,113.0
882,CRS3035RES1000mN2017000E3171000,AM_33,104.0
883,CRS3035RES1000mN2017000E3171000,AM_34,
884,CRS3035RES1000mN2017000E3171000,AM_35,109.0
885,CRS3035RES1000mN2017000E3171000,AM_36,112.0
886,CRS3035RES1000mN2017000E3171000,AM_37,
887,CRS3035RES1000mN2017000E3171000,AM_38,
888,CRS3035RES1000mN2017000E3172000,28027618,
889,CRS3035RES1000mN2017000E3172000,28027591,
890,CRS3035RES1000mN2017000E3172000,28027606,
891,CRS3035RES1000mN2017000E3172000,28027898,
892,CRS3035RES1000mN2017000E3172000,28041810,
893,CRS3035RES1000mN2017000E3172000,AM_1,
894,CRS3035RES1000mN2017000E3172000,AM_2,
895,CRS3035RES1000mN2017000E3172000,AM_3,
896,CRS3035RES1000mN2017000E3172000,AM_5,
897,CRS3035RES1000mN2017000E3172000,AM_8,
898,CRS3035RES1000mN2017000E3172000,AM_9,
899,CRS3035RES1000mN2017000E3172000,AM_10,
900,CRS3035RES1000mN2017000E3172000,AM_11,
901,CRS3035RES1000mN2017000E3172000,AM_12,
902,CRS3035RES1000mN2017000E3172000,AM_13,
903,CRS3035RES1000mN2017000E3172000,AM_14,
904,CRS3035RES1000mN2017000E3172000,AM_15,
905,CRS3035RES1000mN2017000E3172000,AM_16,
906,CRS3035RES1000mN2017000E3172000,AM_17,
907,CRS3035RES1000mN2017000E3172000,AM_19,
908,CRS3035RES1000mN2017000E3172000,AM_20,
909,CRS3035RES1000mN2017000E3172000,AM_21,
910,CRS3035RES1000mN2017000E3172000,AM_22,
911,CRS3035RES1000mN2017000E3172000,AM_23,
912,CRS3035RES1000mN2017000E3172000,AM_24,
913,CRS3035RES1000mN2017000E3172000,AM_25,
914,CRS3035RES1000mN2017000E3172000,AM_27,
915,CRS3035RES1000mN2017000E3172000,AM_28,
916,CRS3035RES1000mN2017000E3172000,AM_29,
917,CRS3035RES1000mN2017000E3172000,AM_30,
918,CRS3035RES1000mN2017000E3172000,AM_32,
919,CRS3035RES1000mN2017000E3172000,AM_33,
920,CRS3035RES1000mN2017000E3172000,AM_34,
921,CRS3035RES1000mN2017000E3172000,AM_35,
922,CRS3035RES1000mN2017000E3172000,AM_36,
923,CRS3035RES1000mN2017000E3172000,AM_37,
924,CRS3035RES1000mN2017000E3172000,AM_38,
925,CRS3035RES1000mN2017000E3173000,28027618,75.0
926,CRS3035RES1000mN2017000E3173000,28027591,72.0
927,CRS3035RES1000mN2017000E3173000,28027606,87.0
928,CRS3035RES1000mN2017000E3173000,28027898,75.0
929,CRS3035RES1000mN2017000E3173000,28041810,84.0
930,CRS3035RES1000mN2017000E3173000,AM_1,92.0
931,CRS3035RES1000mN2017000E3173000,AM_2,77.0
932,CRS3035RES1000mN2017000E3173000,AM_3,87.0
933,CRS3035RES1000mN2017000E3173000,AM_5,68.0
934,CRS3035RES1000mN2017000E3173000,AM_8,
935,CRS3035RES1000mN2017000E3173000,AM_9,109.0
936,CRS3035RES1000mN2017000E3173000,AM_10,68.0
937,CRS3035RES1000mN2017000E3173000,AM_11,69.0
938,CRS3035RES1000mN2017000E3173000,AM_12,83.0
939,CRS3035RES1000mN2017000E3173000,AM_13,92.0
940,CRS3035RES1000mN2017000E3173000,AM_14,74.0
941,CRS3035RES1000mN2017000E3173000,AM_15,50.0
942,CRS3035RES1000mN2017000E3173000,AM_16,67.0
943,CRS3035RES1000mN2017000E3173000,AM_17,84.0
944,CRS3035RES1000mN2017000E3173000,AM_19,66.0
945,CRS3035RES1000mN2017000E3173000,AM_20,34.0
946,CRS3035RES1000mN2017000E3173000,AM_21,72.0
947,CRS3035RES1000mN2017000E3173000,AM_22,38.0
948,CRS3035RES1000mN2017000E3173000,AM_23,55.0
949,CRS3035RES1000mN2017000E3173000,AM_24,101.0
950,CRS3035RES1000mN2017000E3173000,AM_25,73.0
951,CRS3035RES1000mN2017000E3173000,AM_27,111.0
952,CRS3035RES1000mN2017000E3173000,AM_28,80.0
953,CRS3035RES1000mN2017000E3173000,AM_29,87.0
954,CRS3035RES1000mN2017000E3173000,AM_30,83.0
955,CRS3035RES1000mN2017000E3173000,AM_32,70.0
956,CRS3035RES1000mN2017000E3173000,AM_33,62.0
957,CRS3035RES1000mN2017000E3173000,AM_34,94.0
958,CRS3035RES1000mN2017000E3173000,AM_35,67.0
959,CRS3035RES1000mN2017000E3173000,AM_36,69.0
960,CRS3035RES1000mN2017000E3173000,AM_37,106.0
961,CRS3035RES1000mN2017000E3173000,AM_38,88.0
962,CRS3035RES1000mN2017000E3174000,28027618,89.0
963,CRS3035RES1000mN2017000E3174000,28027591,87.0
964,CRS3035RES1000mN2017000E3174000,28027606,105.0
965,CRS3035RES1000mN2017000E3174000,28027898,92.0
966,CRS3035RES1000mN2017000E3174000,28041810,98.0
967,CRS3035RES1000mN2017000E3174000,AM_1,113.0
968,CRS3035RES1000mN2017000E3174000,AM_2,92.0
969,CRS3035RES1000mN2017000E3174000,AM_3,116.0
970,CRS3035RES1000mN2017000E3174000,AM_5,83.0
971,CRS3035RES1000mN2017000E3174000,AM_8,
972,CRS3035RES1000mN2017000E3174000,AM_9,
973,CRS3035RES1000mN2017000E3174000,AM_10,83.0
974,CRS3035RES1000mN2017000E3174000,AM_11,84.0
975,CRS3035RES1000mN2017000E3174000,AM_12,98.0
976,CRS3035RES1000mN2017000E3174000,AM_13,111.0
977,CRS3035RES1000mN2017000E3174000,AM_14,90.0
978,CRS3035RES1000mN2017000E3174000,AM_15,60.0
979,CRS3035RES1000mN2017000E3174000,AM_16,84.0
980,CRS3035RES1000mN2017000E3174000,AM_17,106.0
981,CRS3035RES1000mN2017000E3174000,AM_19,81.0
982,CRS3035RES1000mN2017000E3174000,AM_20,52.0
983,CRS3035RES1000mN2017000E3174000,AM_21,87.0
984,CRS3035RES1000mN2017000E3174000,AM_22,55.0
985,CRS3035RES1000mN2017000E3174000,AM_23,70.0
986,CRS3035RES1000mN2017000E3174000,AM_24,114.0
987,CRS3035RES1000mN2017000E3174000,AM_25,88.0
988,CRS3035RES1000mN2017000E3174000,AM_27,
989,CRS3035RES1000mN2017000E3174000,AM_28,95.0
990,CRS3035RES1000mN2017000E3174000,AM_29,112.0
991,CRS3035RES1000mN2017000E3174000,AM_30,104.0
992,CRS3035RES1000mN2017000E3174000,AM_32,85.0
993,CRS3035RES1000mN2017000E3174000,AM_33,77.0
994,CRS3035RES1000mN2017000E3174000,AM_34,103.0
995,CRS3035RES1000mN2017000E3174000,AM_35,82.0
996,CRS3035RES1000mN2017000E3174000,AM_36,84.0
997,CRS3035RES1000mN2017000E3174000,AM_37,119.0
998,CRS3035RES1000mN2017000E3174000,AM_38,113.0
999,CRS3035RES1000mN2017000E3175000,28027618,112.0
1000,CRS3035RES1000mN2017000E3175000,28027591,108.0
1001,CRS3035RES1000mN2017000E3175000,28027606,
1002,CRS3035RES1000mN2017000E3175000,28027898,116.0
1003,CRS3035RES1000mN2017000E3175000,28041810,119.0
1004,CRS3035RES1000mN2017000E3175000,AM_1,
1005,CRS3035RES1000mN2017000E3175000,AM_2,114.0
1006,CRS3035RES1000mN2017000E3175000,AM_3,
1007,CRS3035RES1000mN2017000E3175000,AM_5,106.0
1008,CRS3035RES1000mN2017000E3175000,AM_8,
1009,CRS3035RES1000mN2017000E3175000,AM_9,
1010,CRS3035RES1000mN2017000E3175000,AM_10,108.0
1011,CRS3035RES1000mN2017000E3175000,AM_11,107.0
1012,CRS3035RES1000mN2017000E3175000,AM_12,
1013,CRS3035RES1000mN2017000E3175000,AM_13,
1014,CRS3035RES1000mN2017000E3175000,AM_14,112.0
1015,CRS3035RES1000mN2017000E3175000,AM_15,87.0
1016,CRS3035RES1000mN2017000E3175000,AM_16,106.0
1017,CRS3035RES1000mN2017000E3175000,AM_17,
1018,CRS3035RES1000mN2017000E3175000,AM_19,105.0
1019,CRS3035RES1000mN2017000E3175000,AM_20,73.0
1020,CRS3035RES1000mN2017000E3175000,AM_21,109.0
1021,CRS3035RES1000mN2017000E3175000,AM_22,76.0
1022,CRS3035RES1000mN2017000E3175000,AM_23,94.0
1023,CRS3035RES1000mN2017000E3175000,AM_24,
1024,CRS3035RES1000mN2017000E3175000,AM_25,111.0
1025,CRS3035RES1000mN2017000E3175000,AM_27,
1026,CRS3035RES1000mN2017000E3175000,AM_28,117.0
1027,CRS3035RES1000mN2017000E3175000,AM_29,
1028,CRS3035RES1000mN2017000E3175000,AM_30,
1029,CRS3035RES1000mN2017000E3175000,AM_32,107.0
1030,CRS3035RES1000mN2017000E3175000,AM_33,99.0
1031,CRS3035RES1000mN2017000E3175000,AM_34,
1032,CRS3035RES1000mN2017000E3175000,AM_35,106.0
1033,CRS3035RES1000mN2017000E3175000,AM_36,107.0
1034,CRS3035RES1000mN2017000E3175000,AM_37,
1035,CRS3035RES1000mN2017000E3175000,AM_38,
1036,CRS3035RES1000mN2017000E3176000,28027618,
1037,CRS3035RES1000mN2017000E3176000,28027591,117.0
1038,CRS3035RES1000mN2017000E3176000,28027606,
1039,CRS3035RES1000mN2017000E3176000,28027898,
1040,CRS3035RES1000mN2017000E3176000,28041810,
1041,CRS3035RES1000mN2017000E3176000,AM_1,
1042,CRS3035RES1000mN2017000E3176000,AM_2,
1043,CRS3035RES1000mN2017000E3176000,AM_3,
1044,CRS3035RES1000mN2017000E3176000,AM_5,114.0
1045,CRS3035RES1000mN2017000E3176000,AM_8,
1046,CRS3035RES1000mN2017000E3176000,AM_9,
1047,CRS3035RES1000mN2017000E3176000,AM_10,114.0
1048,CRS3035RES1000mN2017000E3176000,AM_11,114.0
1049,CRS3035RES1000mN2017000E3176000,AM_12,
1050,CRS3035RES1000mN2017000E3176000,AM_13,
1051,CRS3035RES1000mN2017000E3176000,AM_14,
1052,CRS3035RES1000mN2017000E3176000,AM_15,92.0
1053,CRS3035RES1000mN2017000E3176000,AM_16,114.0
1054,CRS3035RES1000mN2017000E3176000,AM_17,
1055,CRS3035RES1000mN2017000E3176000,AM_19,111.0
1056,CRS3035RES1000mN2017000E3176000,AM_20,79.0
1057,CRS3035RES1000mN2017000E3176000,AM_21,117.0
1058,CRS3035RES1000mN2017000E3176000,AM_22,82.0
1059,CRS3035RES1000mN2017000E3176000,AM_23,101.0
1060,CRS3035RES1000mN2017000E3176000,AM_24,
1061,CRS3035RES1000mN2017000E3176000,AM_25,119.0
1062,CRS3035RES1000mN2017000E3176000,AM_27,
1063,CRS3035RES1000mN2017000E3176000,AM_28,
1064,CRS3035RES1000mN2017000E3176000,AM_29,
1065,CRS3035RES1000mN2017000E3176000,AM_30,
1066,CRS3035RES1000mN2017000E3176000,AM_32,115.0
1067,CRS3035RES1000mN2017000E3176000,AM_33,107.0
1068,CRS3035RES1000mN2017000E3176000,AM_34,
1069,CRS3035RES1000mN2017000E3176000,AM_35,112.0
1070,CRS3035RES1000mN2017000E3176000,AM_36,115.0
1071,CRS3035RES1000mN2017000E3176000,AM_37,
1072,CRS3035RES1000mN2017000E3176000,AM_38,
1073,CRS3035RES1000mN2018000E3169000,28027618,
1074,CRS3035RES1000mN2018000E3169000,28027591,
1075,CRS3035RES1000mN2018000E3169000,28027606,
1076,CRS3035RES1000mN2018000E3169000,28027898,
1077,CRS3035RES1000mN2018000E3169000,28041810,
1078,CRS3035RES1000mN2018000E3169000,AM_1,
1079,CRS3035RES1000mN2018000E3169000,AM_2,
1080,CRS3035RES1000mN2018000E3169000,AM_3,
1081,CRS3035RES1000mN2018000E3169000,AM_5,
1082,CRS3035RES1000mN2018000E3169000,AM_8,
1083,CRS3035RES1000mN2018000E3169000,AM_9,
1084,CRS3035RES1000mN2018000E3169000,AM_10,
1085,CRS3035RES1000mN2018000E3169000,AM_11,
1086,CRS3035RES1000mN2018000E3169000,AM_12,
1087,CRS3035RES1000mN2018000E3169000,AM_13,
1088,CRS3035RES1000mN2018000E3169000,AM_14,
1089,CRS3035RES1000mN2018000E3169000,AM_15,118.0
1090,CRS3035RES1000mN2018000E3169000,AM_16,
1091,CRS3035RES1000mN2018000E3169000,AM_17,
1092,CRS3035RES1000mN2018000E3169000,AM_19,
1093,CRS3035RES1000mN2018000E3169000,AM_20,115.0
1094,CRS3035RES1000mN2018000E3169000,AM_21,
1095,CRS3035RES1000mN2018000E3169000,AM_22,118.0
1096,CRS3035RES1000mN2018000E3169000,AM_23,
1097,CRS3035RES1000mN2018000E3169000,AM_24,
1098,CRS3035RES1000mN2018000E3169000,AM_25,
1099,CRS3035RES1000mN2018000E3169000,AM_27,
1100,CRS3035RES1000mN2018000E3169000,AM_28,
1101,CRS3035RES1000mN2018000E3169000,AM_29,
1102,CRS3035RES1000mN2018000E3169000,AM_30,
1103,CRS3035RES1000mN2018000E3169000,AM_32,
1104,CRS3035RES1000mN2018000E3169000,AM_33,
1105,CRS3035RES1000mN2018000E3169000,AM_34,
1106,CRS3035RES1000mN2018000E3169000,AM_35,
1107,CRS3035RES1000mN2018000E3169000,AM_36,
1108,CRS3035RES1000mN2018000E3169000,AM_37,
1109,CRS3035RES1000mN2018000E3169000,AM_38,
1110,CRS3035RES1000mN2018000E3170000,28027618,
1111,CRS3035RES1000mN2018000E3170000,28027591,
1112,CRS3035RES1000mN2018000E3170000,28027606,
1113,CRS3035RES1000mN2018000E3170000,28027898,
1114,CRS3035RES1000mN2018000E3170000,28041810,
1115,CRS3035RES1000mN2018000E3170000,AM_1,
1116,CRS3035RES1000mN2018000E3170000,AM_2,
1117,CRS3035RES1000mN2018000E3170000,AM_3,
1118,CRS3035RES1000mN2018000E3170000,AM_5,
1119,CRS3035RES1000mN2018000E3170000,AM_8,
1120,CRS3035RES1000mN2018000E3170000,AM_9,
1121,CRS3035RES1000mN2018000E3170000,AM_10,
1122,CRS3035RES1000mN2018000E3170000,AM_11,
1123,CRS3035RES1000mN2018000E3170000,AM_12,
1124,CRS3035RES1000mN2018000E3170000,AM_13,
1125,CRS3035RES1000mN2018000E3170000,AM_14,
1126,CRS3035RES1000mN2018000E3170000,AM_15,107.0
1127,CRS3035RES1000mN2018000E3170000,AM_16,
1128,CRS3035RES1000mN2018000E3170000,AM_17,
1129,CRS3035RES1000mN2018000E3170000,AM_19,
1130,CRS3035RES1000mN2018000E3170000,AM_20,100.0
1131,CRS3035RES1000mN2018000E3170000,AM_21,
1132,CRS3035RES1000mN2018000E3170000,AM_22,104.0
1133,CRS3035RES1000mN2018000E3170000,AM_23,114.0
1134,CRS3035RES1000mN2018000E3170000,AM_24,
1135,CRS3035RES1000mN2018000E3170000,AM_25,
1136,CRS3035RES1000mN2018000E3170000,AM_27,
1137,CRS3035RES1000mN2018000E3170000,AM_28,
1138,CRS3035RES1000mN2018000E3170000,AM_29,
1139,CRS3035RES1000mN2018000E3170000,AM_30,
1140,CRS3035RES1000mN2018000E3170000,AM_32,
1141,CRS3035RES1000mN2018000E3170000,AM_33,
1142,CRS3035RES1000mN2018000E3170000,AM_34,
1143,CRS3035RES1000mN2018000E3170000,AM_35,
1144,CRS3035RES1000mN2018000E3170000,AM_36,
1145,CRS3035RES1000mN2018000E3170000,AM_37,
1146,CRS3035RES1000mN2018000E3170000,AM_38,
1147,CRS3035RES1000mN2018000E3171000,28027618,104.0
1148,CRS3035RES1000mN2018000E3171000,28027591,101.0
1149,CRS3035RES1000mN2018000E3171000,28027606,118.0
1150,CRS3035RES1000mN2018000E3171000,28027898,110.0
1151,CRS3035RES1000mN2018000E3171000,28041810,109.0
1152,CRS3035RES1000mN2018000E3171000,AM_1,114.0
1153,CRS3035RES1000mN2018000E3171000,AM_2,106.0
1154,CRS3035RES1000mN2018000E3171000,AM_3,117.0
1155,CRS3035RES1000mN2018000E3171000,AM_5,97.0
1156,CRS3035RES1000mN2018000E3171000,AM_8,
1157,CRS3035RES1000mN2018000E3171000,AM_9,
1158,CRS3035RES1000mN2018000E3171000,AM_10,99.0
1159,CRS3035RES1000mN2018000E3171000,AM_11,98.0
1160,CRS3035RES1000mN2018000E3171000,AM_12,113.0
1161,CRS3035RES1000mN2018000E3171000,AM_13,
1162,CRS3035RES1000mN2018000E3171000,AM_14,104.0
1163,CRS3035RES1000mN2018000E3171000,AM_15,76.0
1164,CRS3035RES1000mN2018000E3171000,AM_16,93.0
1165,CRS3035RES1000mN2018000E3171000,AM_17,112.0
1166,CRS3035RES1000mN2018000E3171000,AM_19,94.0
1167,CRS3035RES1000mN2018000E3171000,AM_20,70.0
1168,CRS3035RES1000mN2018000E3171000,AM_21,100.0
1169,CRS3035RES1000mN2018000E3171000,AM_22,74.0
1170,CRS3035RES1000mN2018000E3171000,AM_23,84.0
1171,CRS3035RES1000mN2018000E3171000,AM_24,
1172,CRS3035RES1000mN2018000E3171000,AM_25,101.0
1173,CRS3035RES1000mN2018000E3171000,AM_27,
1174,CRS3035RES1000mN2018000E3171000,AM_28,109.0
1175,CRS3035RES1000mN2018000E3171000,AM_29,113.0
1176,CRS3035RES1000mN2018000E3171000,AM_30,112.0
1177,CRS3035RES1000mN2018000E3171000,AM_32,99.0
1178,CRS3035RES1000mN2018000E3171000,AM_33,91.0
1179,CRS3035RES1000mN2018000E3171000,AM_34,
1180,CRS3035RES1000mN2018000E3171000,AM_35,97.0
1181,CRS3035RES1000mN2018000E3171000,AM_36,98.0
1182,CRS3035RES1000mN2018000E3171000,AM_37,
1183,CRS3035RES1000mN2018000E3171000,AM_38,114.0
1184,CRS3035RES1000mN2018000E3172000,28027618,78.0
1185,CRS3035RES1000mN2018000E3172000,28027591,75.0
1186,CRS3035RES1000mN2018000E3172000,28027606,89.0
1187,CRS3035RES1000mN2018000E3172000,28027898,77.0
1188,CRS3035RES1000mN2018000E3172000,28041810,87.0
1189,CRS3035RES1000mN2018000E3172000,AM_1,94.0
1190,CRS3035RES1000mN2018000E3172000,AM_2,80.0
1191,CRS3035RES1000mN2018000E3172000,AM_3,90.0
1192,CRS3035RES1000mN2018000E3172000,AM_5,72.0
1193,CRS3035RES1000mN2018000E3172000,AM_8,
1194,CRS3035RES1000mN2018000E3172000,AM_9,112.0
1195,CRS3035RES1000mN2018000E3172000,AM_10,72.0
1196,CRS3035RES1000mN2018000E3172000,AM_11,73.0
1197,CRS3035RES1000mN2018000E3172000,AM_12,85.0
1198,CRS3035RES1000mN2018000E3172000,AM_13,92.0
1199,CRS3035RES1000mN2018000E3172000,AM_14,78.0
1200,CRS3035RES1000mN2018000E3172000,AM_15,54.0
1201,CRS3035RES1000mN2018000E3172000,AM_16,71.0
1202,CRS3035RES1000mN2018000E3172000,AM_17,87.0
1203,CRS3035RES1000mN2018000E3172000,AM_19,69.0
1204,CRS3035RES1000mN2018000E3172000,AM_20,38.0
1205,CRS3035RES1000mN2018000E3172000,AM_21,76.0
1206,CRS3035RES1000mN2018000E3172000,AM_22,41.0
1207,CRS3035RES1000mN2018000E3172000,AM_23,59.0
1208,CRS3035RES1000mN2018000E3172000,AM_24,106.0
1209,CRS3035RES1000mN2018000E3172000,AM_25,78.0
1210,CRS3035RES1000mN2018000E3172000,AM_27,114.0
1211,CRS3035RES1000mN2018000E3172000,AM_28,83.0
1212,CRS3035RES1000mN2018000E3172000,AM_29,89.0
1213,CRS3035RES1000mN2018000E3172000,AM_30,86.0
1214,CRS3035RES1000mN2018000E3172000,AM_32,73.0
1215,CRS3035RES1000mN2018000E3172000,AM_33,66.0
1216,CRS3035RES1000mN2018000E3172000,AM_34,95.0
1217,CRS3035RES1000mN2018000E3172000,AM_35,71.0
1218,CRS3035RES1000mN2018000E3172000,AM_36,73.0
1219,CRS3035RES1000mN2018000E3172000,AM_37,107.0
1220,CRS3035RES1000mN2018000E3172000,AM_38,88.0
1221,CRS3035RES1000mN2018000E3173000,28027618,78.0
1222,CRS3035RES1000mN2018000E3173000,28027591,75.0
1223,CRS3035RES1000mN2018000E3173000,28027606,90.0
1224,CRS3035RES1000mN2018000E3173000,28027898,77.0
1225,CRS3035RES1000mN2018000E3173000,28041810,87.0
1226,CRS3035RES1000mN2018000E3173000,AM_1,95.0
1227,CRS3035RES1000mN2018000E3173000,AM_2,81.0
1228,CRS3035RES1000mN2018000E3173000,AM_3,90.0
1229,CRS3035RES1000mN2018000E3173000,AM_5,72.0
1230,CRS3035RES1000mN2018000E3173000,AM_8,
1231,CRS3035RES1000mN2018000E3173000,AM_9,112.0
1232,CRS3035RES1000mN2018000E3173000,AM_10,73.0
1233,CRS3035RES1000mN2018000E3173000,AM_11,72.0
1234,CRS3035RES1000mN2018000E3173000,AM_12,85.0
1235,CRS3035RES1000mN2018000E3173000,AM_13,93.0
1236,CRS3035RES1000mN2018000E3173000,AM_14,78.0
1237,CRS3035RES1000mN2018000E3173000,AM_15,54.0
1238,CRS3035RES1000mN2018000E3173000,AM_16,72.0
1239,CRS3035RES1000mN2018000E3173000,AM_17,94.0
1240,CRS3035RES1000mN2018000E3173000,AM_19,70.0
1241,CRS3035RES1000mN2018000E3173000,AM_20,37.0
1242,CRS3035RES1000mN2018000E3173000,AM_21,76.0
1243,CRS3035RES1000mN2018000E3173000,AM_22,41.0
1244,CRS3035RES1000mN2018000E3173000,AM_23,59.0
1245,CRS3035RES1000mN2018000E3173000,AM_24,105.0
1246,CRS3035RES1000mN2018000E3173000,AM_25,78.0
1247,CRS3035RES1000mN2018000E3173000,AM_27,
1248,CRS3035RES1000mN2018000E3173000,AM_28,84.0
1249,CRS3035RES1000mN2018000E3173000,AM_29,93.0
1250,CRS3035RES1000mN2018000E3173000,AM_30,91.0
1251,CRS3035RES1000mN2018000E3173000,AM_32,73.0
1252,CRS3035RES1000mN2018000E3173000,AM_33,66.0
1253,CRS3035RES1000mN2018000E3173000,AM_34,95.0
1254,CRS3035RES1000mN2018000E3173000,AM_35,71.0
1255,CRS3035RES1000mN2018000E3173000,AM_36,73.0
1256,CRS3035RES1000mN2018000E3173000,AM_37,109.0
1257,CRS3035RES1000mN2018000E3173000,AM_38,93.0
1258,CRS3035RES1000mN2018000E3174000,28027618,99.0
1259,CRS3035RES1000mN2018000E3174000,28027591,97.0
1260,CRS3035RES1000mN2018000E3174000,28027606,113.0
1261,CRS3035RES1000mN2018000E3174000,28027898,100.0
1262,CRS3035RES1000mN2018000E3174000,28041810,106.0
1263,CRS3035RES1000mN2018000E3174000,AM_1,114.0
1264,CRS3035RES1000mN2018000E3174000,AM_2,102.0
1265,CRS3035RES1000mN2018000E3174000,AM_3,117.0
1266,CRS3035RES1000mN2018000E3174000,AM_5,94.0
1267,CRS3035RES1000mN2018000E3174000,AM_8,
1268,CRS3035RES1000mN2018000E3174000,AM_9,
1269,CRS3035RES1000mN2018000E3174000,AM_10,95.0
1270,CRS3035RES1000mN2018000E3174000,AM_11,95.0
1271,CRS3035RES1000mN2018000E3174000,AM_12,108.0
1272,CRS3035RES1000mN2018000E3174000,AM_13,119.0
1273,CRS3035RES1000mN2018000E3174000,AM_14,100.0
1274,CRS3035RES1000mN2018000E3174000,AM_15,73.0
1275,CRS3035RES1000mN2018000E3174000,AM_16,92.0
1276,CRS3035RES1000mN2018000E3174000,AM_17,111.0
1277,CRS3035RES1000mN2018000E3174000,AM_19,92.0
1278,CRS3035RES1000mN2018000E3174000,AM_20,59.0
1279,CRS3035RES1000mN2018000E3174000,AM_21,98.0
1280,CRS3035RES1000mN2018000E3174000,AM_22,63.0
1281,CRS3035RES1000mN2018000E3174000,AM_23,82.0
1282,CRS3035RES1000mN2018000E3174000,AM_24,
1283,CRS3035RES1000mN2018000E3174000,AM_25,99.0
1284,CRS3035RES1000mN2018000E3174000,AM_27,
1285,CRS3035RES1000mN2018000E3174000,AM_28,105.0
1286,CRS3035RES1000mN2018000E3174000,AM_29,113.0
1287,CRS3035RES1000mN2018000E3174000,AM_30,111.0
1288,CRS3035RES1000mN2018000E3174000,AM_32,95.0
1289,CRS3035RES1000mN2018000E3174000,AM_33,87.0
1290,CRS3035RES1000mN2018000E3174000,AM_34,115.0
1291,CRS3035RES1000mN2018000E3174000,AM_35,93.0
1292,CRS3035RES1000mN2018000E3174000,AM_36,95.0
1293,CRS3035RES1000mN2018000E3174000,AM_37,
1294,CRS3035RES1000mN2018000E3174000,AM_38,114.0
1295,CRS3035RES1000mN2018000E3175000,28027618,118.0
1296,CRS3035RES1000mN2018000E3175000,28027591,115.0
1297,CRS3035RES1000mN2018000E3175000,28027606,
1298,CRS3035RES1000mN2018000E3175000,28027898,
1299,CRS3035RES1000mN2018000E3175000,28041810,
1300,CRS3035RES1000mN2018000E3175000,AM_1,
1301,CRS3035RES1000mN2018000E3175000,AM_2,
1302,CRS3035RES1000mN2018000E3175000,AM_3,
1303,CRS3035RES1000mN2018000E3175000,AM_5,112.0
1304,CRS3035RES1000mN2018000E3175000,AM_8,
1305,CRS3035RES1000mN2018000E3175000,AM_9,
1306,CRS3035RES1000mN2018000E3175000,AM_10,113.0
1307,CRS3035RES1000mN2018000E3175000,AM_11,113.0
1308,CRS3035RES1000mN2018000E3175000,AM_12,
1309,CRS3035RES1000mN2018000E3175000,AM_13,
1310,CRS3035RES1000mN2018000E3175000,AM_14,118.0
1311,CRS3035RES1000mN2018000E3175000,AM_15,93.0
1312,CRS3035RES1000mN2018000E3175000,AM_16,113.0
1313,CRS3035RES1000mN2018000E3175000,AM_17,
1314,CRS3035RES1000mN2018000E3175000,AM_19,110.0
1315,CRS3035RES1000mN2018000E3175000,AM_20,77.0
1316,CRS3035RES1000mN2018000E3175000,AM_21,116.0
1317,CRS3035RES1000mN2018000E3175000,AM_22,81.0
1318,CRS3035RES1000mN2018000E3175000,AM_23,100.0
1319,CRS3035RES1000mN2018000E3175000,AM_24,
1320,CRS3035RES1000mN2018000E3175000,AM_25,118.0
1321,CRS3035RES1000mN2018000E3175000,AM_27,
1322,CRS3035RES1000mN2018000E3175000,AM_28,
1323,CRS3035RES1000mN2018000E3175000,AM_29,
1324,CRS3035RES1000mN2018000E3175000,AM_30,
1325,CRS3035RES1000mN2018000E3175000,AM_32,113.0
1326,CRS3035RES1000mN2018000E3175000,AM_33,106.0
1327,CRS3035RES1000mN2018000E3175000,AM_34,
1328,CRS3035RES1000mN2018000E3175000,AM_35,111.0
1329,CRS3035RES1000mN2018000E3175000,AM_36,113.0
1330,CRS3035RES1000mN2018000E3175000,AM_37,
1331,CRS3035RES1000mN2018000E3175000,AM_38,
1332,CRS3035RES1000mN2018000E3176000,28027618,
1333,CRS3035RES1000mN2018000E3176000,28027591,
1334,CRS3035RES1000mN2018000E3176000,28027606,
1335,CRS3035RES1000mN2018000E3176000,28027898,
1336,CRS3035RES1000mN2018000E3176000,28041810,
1337,CRS3035RES1000mN2018000E3176000,AM_1,
1338,CRS3035RES1000mN2018000E3176000,AM_2,
1339,CRS3035RES1000mN2018000E3176000,AM_3,
1340,CRS3035RES1000mN2018000E3176000,AM_5,
1341,CRS3035RES1000mN2018000E3176000,AM_8,
1342,CRS3035RES1000mN2018000E3176000,AM_9,
1343,CRS3035RES1000mN2018000E3176000,AM_10,
1344,CRS3035RES1000mN2018000E3176000,AM_11,
1345,CRS3035RES1000mN2018000E3176000,AM_12,
1346,CRS3035RES1000mN2018000E3176000,AM_13,
1347,CRS3035RES1000mN2018000E3176000,AM_14,
1348,CRS3035RES1000mN2018000E3176000,AM_15,102.0
1349,CRS3035RES1000mN2018000E3176000,AM_16,
1350,CRS3035RES1000mN2018000E3176000,AM_17,
1351,CRS3035RES1000mN2018000E3176000,AM_19,
1352,CRS3035RES1000mN2018000E3176000,AM_20,95.0
1353,CRS3035RES1000mN2018000E3176000,AM_21,
1354,CRS3035RES1000mN2018000E3176000,AM_22,99.0
1355,CRS3035RES1000mN2018000E3176000,AM_23,112.0
1356,CRS3035RES1000mN2018000E3176000,AM_24,
1357,CRS3035RES1000mN2018000E3176000,AM_25,
1358,CRS3035RES1000mN2018000E3176000,AM_27,
1359,CRS3035RES1000mN2018000E3176000,AM_28,
1360,CRS3035RES1000mN2018000E3176000,AM_29,
1361,CRS3035RES1000mN2018000E3176000,AM_30,
1362,CRS3035RES1000mN2018000E3176000,AM_32,
1363,CRS3035RES1000mN2018000E3176000,AM_33,119.0
1364,CRS3035RES1000mN2018000E3176000,AM_34,
1365,CRS3035RES1000mN2018000E3176000,AM_35,
1366,CRS3035RES1000mN2018000E3176000,AM_36,
1367,CRS3035RES1000mN2018000E3176000,AM_37,
1368,CRS3035RES1000mN2018000E3176000,AM_38,
1369,CRS3035RES1000mN2019000E3169000,28027618,
1370,CRS3035RES1000mN2019000E3169000,28027591,
1371,CRS3035RES1000mN2019000E3169000,28027606,
1372,CRS3035RES1000mN2019000E3169000,28027898,
1373,CRS3035RES1000mN2019000E3169000,28041810,
1374,CRS3035RES1000mN2019000E3169000,AM_1,
1375,CRS3035RES1000mN2019000E3169000,AM_2,
1376,CRS3035RES1000mN2019000E3169000,AM_3,
1377,CRS3035RES1000mN2019000E3169000,AM_5,
1378,CRS3035RES1000mN2019000E3169000,AM_8,
1379,CRS3035RES1000mN2019000E3169000,AM_9,
1380,CRS3035RES1000mN2019000E3169000,AM_10,
1381,CRS3035RES1000mN2019000E3169000,AM_11,
1382,CRS3035RES1000mN2019000E3169000,AM_12,
1383,CRS3035RES1000mN2019000E3169000,AM_13,
1384,CRS3035RES1000mN2019000E3169000,AM_14,
1385,CRS3035RES1000mN2019000E3169000,AM_15,104.0
1386,CRS3035RES1000mN2019000E3169000,AM_16,
1387,CRS3035RES1000mN2019000E3169000,AM_17,
1388,CRS3035RES1000mN2019000E3169000,AM_19,
1389,CRS3035RES1000mN2019000E3169000,AM_20,103.0
1390,CRS3035RES1000mN2019000E3169000,AM_21,
1391,CRS3035RES1000mN2019000E3169000,AM_22,106.0
1392,CRS3035RES1000mN2019000E3169000,AM_23,113.0
1393,CRS3035RES1000mN2019000E3169000,AM_24,
1394,CRS3035RES1000mN2019000E3169000,AM_25,
1395,CRS3035RES1000mN2019000E3169000,AM_27,
1396,CRS3035RES1000mN2019000E3169000,AM_28,
1397,CRS3035RES1000mN2019000E3169000,AM_29,
1398,CRS3035RES1000mN2019000E3169000,AM_30,
1399,CRS3035RES1000mN2019000E3169000,AM_32,
1400,CRS3035RES1000mN2019000E3169000,AM_33,
1401,CRS3035RES1000mN2019000E3169000,AM_34,
1402,CRS3035RES1000mN2019000E3169000,AM_35,
1403,CRS3035RES1000mN2019000E3169000,AM_36,
1404,CRS3035RES1000mN2019000E3169000,AM_37,
1405,CRS3035RES1000mN2019000E3169000,AM_38,
1406,CRS3035RES1000mN2019000E3170000,28027618,
1407,CRS3035RES1000mN2019000E3170000,28027591,118.0
1408,CRS3035RES1000mN2019000E3170000,28027606,
1409,CRS3035RES1000mN2019000E3170000,28027898,
1410,CRS3035RES1000mN2019000E3170000,28041810,
1411,CRS3035RES1000mN2019000E3170000,AM_1,
1412,CRS3035RES1000mN2019000E3170000,AM_2,
1413,CRS3035RES1000mN2019000E3170000,AM_3,
1414,CRS3035RES1000mN2019000E3170000,AM_5,114.0
1415,CRS3035RES1000mN2019000E3170000,AM_8,
1416,CRS3035RES1000mN2019000E3170000,AM_9,
1417,CRS3035RES1000mN2019000E3170000,AM_10,114.0
1418,CRS3035RES1000mN2019000E3170000,AM_11,115.0
1419,CRS3035RES1000mN2019000E3170000,AM_12,
1420,CRS3035RES1000mN2019000E3170000,AM_13,
1421,CRS3035RES1000mN2019000E3170000,AM_14,
1422,CRS3035RES1000mN2019000E3170000,AM_15,91.0
1423,CRS3035RES1000mN2019000E3170000,AM_16,115.0
1424,CRS3035RES1000mN2019000E3170000,AM_17,
1425,CRS3035RES1000mN2019000E3170000,AM_19,112.0
1426,CRS3035RES1000mN2019000E3170000,AM_20,90.0
1427,CRS3035RES1000mN2019000E3170000,AM_21,118.0
1428,CRS3035RES1000mN2019000E3170000,AM_22,94.0
1429,CRS3035RES1000mN2019000E3170000,AM_23,101.0
1430,CRS3035RES1000mN2019000E3170000,AM_24,
1431,CRS3035RES1000mN2019000E3170000,AM_25,
1432,CRS3035RES1000mN2019000E3170000,AM_27,
1433,CRS3035RES1000mN2019000E3170000,AM_28,
1434,CRS3035RES1000mN2019000E3170000,AM_29,
1435,CRS3035RES1000mN2019000E3170000,AM_30,
1436,CRS3035RES1000mN2019000E3170000,AM_32,116.0
1437,CRS3035RES1000mN2019000E3170000,AM_33,108.0
1438,CRS3035RES1000mN2019000E3170000,AM_34,
1439,CRS3035RES1000mN2019000E3170000,AM_35,112.0
1440,CRS3035RES1000mN2019000E3170000,AM_36,115.0
1441,CRS3035RES1000mN2019000E3170000,AM_37,
1442,CRS3035RES1000mN2019000E3170000,AM_38,
1443,CRS3035RES1000mN2019000E3171000,28027618,
1444,CRS3035RES1000mN2019000E3171000,28027591,
1445,CRS3035RES1000mN2019000E3171000,28027606,
1446,CRS3035RES1000mN2019000E3171000,28027898,
1447,CRS3035RES1000mN2019000E3171000,28041810,
1448,CRS3035RES1000mN2019000E3171000,AM_1,
1449,CRS3035RES1000mN2019000E3171000,AM_2,
1450,CRS3035RES1000mN2019000E3171000,AM_3,
1451,CRS3035RES1000mN2019000E3171000,AM_5,118.0
1452,CRS3035RES1000mN2019000E3171000,AM_8,
1453,CRS3035RES1000mN2019000E3171000,AM_9,
1454,CRS3035RES1000mN2019000E3171000,AM_10,117.0
1455,CRS3035RES1000mN2019000E3171000,AM_11,118.0
1456,CRS3035RES1000mN2019000E3171000,AM_12,
1457,CRS3035RES1000mN2019000E3171000,AM_13,
1458,CRS3035RES1000mN2019000E3171000,AM_14,
1459,CRS3035RES1000mN2019000E3171000,AM_15,94.0
1460,CRS3035RES1000mN2019000E3171000,AM_16,117.0
1461,CRS3035RES1000mN2019000E3171000,AM_17,
1462,CRS3035RES1000mN2019000E3171000,AM_19,115.0
1463,CRS3035RES1000mN2019000E3171000,AM_20,86.0
1464,CRS3035RES1000mN2019000E3171000,AM_21,
1465,CRS3035RES1000mN2019000E3171000,AM_22,89.0
1466,CRS3035RES1000mN2019000E3171000,AM_23,105.0
1467,CRS3035RES1000mN2019000E3171000,AM_24,
1468,CRS3035RES1000mN2019000E3171000,AM_25,
1469,CRS3035RES1000mN2019000E3171000,AM_27,
1470,CRS3035RES1000mN2019000E3171000,AM_28,
1471,CRS3035RES1000mN2019000E3171000,AM_29,
1472,CRS3035RES1000mN2019000E3171000,AM_30,
1473,CRS3035RES1000mN2019000E3171000,AM_32,118.0
1474,CRS3035RES1000mN2019000E3171000,AM_33,111.0
1475,CRS3035RES1000mN2019000E3171000,AM_34,
1476,CRS3035RES1000mN2019000E3171000,AM_35,116.0
1477,CRS3035RES1000mN2019000E3171000,AM_36,119.0
1478,CRS3035RES1000mN2019000E3171000,AM_37,
1479,CRS3035RES1000mN2019000E3171000,AM_38,
1480,CRS3035RES1000mN2019000E3172000,28027618,80.0
1481,CRS3035RES1000mN2019000E3172000,28027591,77.0
1482,CRS3035RES1000mN2019000E3172000,28027606,91.0
1483,CRS3035RES1000mN2019000E3172000,28027898,78.0
1484,CRS3035RES1000mN2019000E3172000,28041810,87.0
1485,CRS3035RES1000mN2019000E3172000,AM_1,94.0
1486,CRS3035RES1000mN2019000E3172000,AM_2,82.0
1487,CRS3035RES1000mN2019000E3172000,AM_3,90.0
1488,CRS3035RES1000mN2019000E3172000,AM_5,73.0
1489,CRS3035RES1000mN2019000E3172000,AM_8,
1490,CRS3035RES1000mN2019000E3172000,AM_9,112.0
1491,CRS3035RES1000mN2019000E3172000,AM_10,74.0
1492,CRS3035RES1000mN2019000E3172000,AM_11,74.0
1493,CRS3035RES1000mN2019000E3172000,AM_12,87.0
1494,CRS3035RES1000mN2019000E3172000,AM_13,94.0
1495,CRS3035RES1000mN2019000E3172000,AM_14,79.0
1496,CRS3035RES1000mN2019000E3172000,AM_15,55.0
1497,CRS3035RES1000mN2019000E3172000,AM_16,72.0
1498,CRS3035RES1000mN2019000E3172000,AM_17,88.0
1499,CRS3035RES1000mN2019000E3172000,AM_19,70.0
1500,CRS3035RES1000mN2019000E3172000,AM_20,39.0
1501,CRS3035RES1000mN2019000E3172000,AM_21,77.0
1502,CRS3035RES1000mN2019000E3172000,AM_22,42.0
1503,CRS3035RES1000mN2019000E3172000,AM_23,60.0
1504,CRS3035RES1000mN2019000E3172000,AM_24,106.0
1505,CRS3035RES1000mN2019000E3172000,AM_25,78.0
1506,CRS3035RES1000mN2019000E3172000,AM_27,114.0
1507,CRS3035RES1000mN2019000E3172000,AM_28,84.0
1508,CRS3035RES1000mN2019000E3172000,AM_29,89.0
1509,CRS3035RES1000mN2019000E3172000,AM_30,87.0
1510,CRS3035RES1000mN2019000E3172000,AM_32,75.0
1511,CRS3035RES1000mN2019000E3172000,AM_33,67.0
1512,CRS3035RES1000mN2019000E3172000,AM_34,96.0
1513,CRS3035RES1000mN2019000E3172000,AM_35,72.0
1514,CRS3035RES1000mN2019000E3172000,AM_36,74.0
1515,CRS3035RES1000mN2019000E3172000,AM_37,106.0
1516,CRS3035RES1000mN2019000E3172000,AM_38,88.0
1517,CRS3035RES1000mN2019000E3173000,28027618,82.0
1518,CRS3035RES1000mN2019000E3173000,28027591,79.0
1519,CRS3035RES1000mN2019000E3173000,28027606,93.0
1520,CRS3035RES1000mN2019000E3173000,28027898,81.0
1521,CRS3035RES1000mN2019000E3173000,28041810,89.0
1522,CRS3035RES1000mN2019000E3173000,AM_1,97.0
1523,CRS3035RES1000mN2019000E3173000,AM_2,84.0
1524,CRS3035RES1000mN2019000E3173000,AM_3,93.0
1525,CRS3035RES1000mN2019000E3173000,AM_5,76.0
1526,CRS3035RES1000mN2019000E3173000,AM_8,
1527,CRS3035RES1000mN2019000E3173000,AM_9,115.0
1528,CRS3035RES1000mN2019000E3173000,AM_10,76.0
1529,CRS3035RES1000mN2019000E3173000,AM_11,77.0
1530,CRS3035RES1000mN2019000E3173000,AM_12,89.0
1531,CRS3035RES1000mN2019000E3173000,AM_13,95.0
1532,CRS3035RES1000mN2019000E3173000,AM_14,82.0
1533,CRS3035RES1000mN2019000E3173000,AM_15,56.0
1534,CRS3035RES1000mN2019000E3173000,AM_16,75.0
1535,CRS3035RES1000mN2019000E3173000,AM_17,97.0
1536,CRS3035RES1000mN2019000E3173000,AM_19,74.0
1537,CRS3035RES1000mN2019000E3173000,AM_20,41.0
1538,CRS3035RES1000mN2019000E3173000,AM_21,79.0
1539,CRS3035RES1000mN2019000E3173000,AM_22,45.0
1540,CRS3035RES1000mN2019000E3173000,AM_23,64.0
1541,CRS3035RES1000mN2019000E3173000,AM_24,108.0
1542,CRS3035RES1000mN2019000E3173000,AM_25,81.0
1543,CRS3035RES1000mN2019000E3173000,AM_27,
1544,CRS3035RES1000mN2019000E3173000,AM_28,87.0
1545,CRS3035RES1000mN2019000E3173000,AM_29,95.0
1546,CRS3035RES1000mN2019000E3173000,AM_30,96.0
1547,CRS3035RES1000mN2019000E3173000,AM_32,76.0
1548,CRS3035RES1000mN2019000E3173000,AM_33,69.0
1549,CRS3035RES1000mN2019000E3173000,AM_34,99.0
1550,CRS3035RES1000mN2019000E3173000,AM_35,75.0
1551,CRS3035RES1000mN2019000E3173000,AM_36,77.0
1552,CRS3035RES1000mN2019000E3173000,AM_37,112.0
1553,CRS3035RES1000mN2019000E3173000,AM_38,95.0
1554,CRS3035RES1000mN2019000E3174000,28027618,103.0
1555,CRS3035RES1000mN2019000E3174000,28027591,100.0
1556,CRS3035RES1000mN2019000E3174000,28027606,116.0
1557,CRS3035RES1000mN2019000E3174000,28027898,102.0
1558,CRS3035RES1000mN2019000E3174000,28041810,109.0
1559,CRS3035RES1000mN2019000E3174000,AM_1,119.0
1560,CRS3035RES1000mN2019000E3174000,AM_2,105.0
1561,CRS3035RES1000mN2019000E3174000,AM_3,
1562,CRS3035RES1000mN2019000E3174000,AM_5,97.0
1563,CRS3035RES1000mN2019000E3174000,AM_8,
1564,CRS3035RES1000mN2019000E3174000,AM_9,
1565,CRS3035RES1000mN2019000E3174000,AM_10,98.0
1566,CRS3035RES1000mN2019000E3174000,AM_11,98.0
1567,CRS3035RES1000mN2019000E3174000,AM_12,112.0
1568,CRS3035RES1000mN2019000E3174000,AM_13,
1569,CRS3035RES1000mN2019000E3174000,AM_14,103.0
1570,CRS3035RES1000mN2019000E3174000,AM_15,79.0
1571,CRS3035RES1000mN2019000E3174000,AM_16,95.0
1572,CRS3035RES1000mN2019000E3174000,AM_17,115.0
1573,CRS3035RES1000mN2019000E3174000,AM_19,95.0
1574,CRS3035RES1000mN2019000E3174000,AM_20,63.0
1575,CRS3035RES1000mN2019000E3174000,AM_21,100.0
1576,CRS3035RES1000mN2019000E3174000,AM_22,66.0
1577,CRS3035RES1000mN2019000E3174000,AM_23,85.0
1578,CRS3035RES1000mN2019000E3174000,AM_24,
1579,CRS3035RES1000mN2019000E3174000,AM_25,102.0
1580,CRS3035RES1000mN2019000E3174000,AM_27,
1581,CRS3035RES1000mN2019000E3174000,AM_28,108.0
1582,CRS3035RES1000mN2019000E3174000,AM_29,
1583,CRS3035RES1000mN2019000E3174000,AM_30,116.0
1584,CRS3035RES1000mN2019000E3174000,AM_32,97.0
1585,CRS3035RES1000mN2019000E3174000,AM_33,90.0
1586,CRS3035RES1000mN2019000E3174000,AM_34,116.0
1587,CRS3035RES1000mN2019000E3174000,AM_35,96.0
1588,CRS3035RES1000mN2019000E3174000,AM_36,98.0
1589,CRS3035RES1000mN2019000E3174000,AM_37,
1590,CRS3035RES1000mN2019000E3174000,AM_38,
1591,CRS3035RES1000mN2019000E3175000,28027618,
1592,CRS3035RES1000mN2019000E3175000,28027591,
1593,CRS3035RES1000mN2019000E3175000,28027606,
1594,CRS3035RES1000mN2019000E3175000,28027898,
1595,CRS3035RES1000mN2019000E3175000,28041810,
1596,CRS3035RES1000mN2019000E3175000,AM_1,
1597,CRS3035RES1000mN2019000E3175000,AM_2,
1598,CRS3035RES1000mN2019000E3175000,AM_3,
1599,CRS3035RES1000mN2019000E3175000,AM_5,
1600,CRS3035RES1000mN2019000E3175000,AM_8,
1601,CRS3035RES1000mN2019000E3175000,AM_9,
1602,CRS3035RES1000mN2019000E3175000,AM_10,
1603,CRS3035RES1000mN2019000E3175000,AM_11,
1604,CRS3035RES1000mN2019000E3175000,AM_12,
1605,CRS3035RES1000mN2019000E3175000,AM_13,
1606,CRS3035RES1000mN2019000E3175000,AM_14,
1607,CRS3035RES1000mN2019000E3175000,AM_15,117.0
1608,CRS3035RES1000mN2019000E3175000,AM_16,
1609,CRS3035RES1000mN2019000E3175000,AM_17,
1610,CRS3035RES1000mN2019000E3175000,AM_19,
1611,CRS3035RES1000mN2019000E3175000,AM_20,102.0
1612,CRS3035RES1000mN2019000E3175000,AM_21,
1613,CRS3035RES1000mN2019000E3175000,AM_22,105.0
1614,CRS3035RES1000mN2019000E3175000,AM_23,
1615,CRS3035RES1000mN2019000E3175000,AM_24,
1616,CRS3035RES1000mN2019000E3175000,AM_25,
1617,CRS3035RES1000mN2019000E3175000,AM_27,
1618,CRS3035RES1000mN2019000E3175000,AM_28,
1619,CRS3035RES1000mN2019000E3175000,AM_29,
1620,CRS3035RES1000mN2019000E3175000,AM_30,
1621,CRS3035RES1000mN2019000E3175000,AM_32,
1622,CRS3035RES1000mN2019000E3175000,AM_33,
1623,CRS3035RES1000mN2019000E3175000,AM_34,
1624,CRS3035RES1000mN2019000E3175000,AM_35,
1625,CRS3035RES1000mN2019000E3175000,AM_36,
1626,CRS3035RES1000mN2019000E3175000,AM_37,
1627,CRS3035RES1000mN2019000E3175000,AM_38,
1628,CRS3035RES1000mN2019000E3176000,28027618,
1629,CRS3035RES1000mN2019000E3176000,28027591,
1630,CRS3035RES1000mN2019000E3176000,28027606,
1631,CRS3035RES1000mN2019000E3176000,28027898,
1632,CRS3035RES1000mN2019000E3176000,28041810,
1633,CRS3035RES1000mN2019000E3176000,AM_1,
1634,CRS3035RES1000mN2019000E3176000,AM_2,
1635,CRS3035RES1000mN2019000E3176000,AM_3,
1636,CRS3035RES1000mN2019000E3176000,AM_5,
1637,CRS3035RES1000mN2019000E3176000,AM_8,
1638,CRS3035RES1000mN2019000E3176000,AM_9,
1639,CRS3035RES1000mN2019000E3176000,AM_10,
1640,CRS3035RES1000mN2019000E3176000,AM_11,
1641,CRS3035RES1000mN2019000E3176000,AM_12,
1642,CRS3035RES1000mN2019000E3176000,AM_13,
1643,CRS3035RES1000mN2019000E3176000,AM_14,
1644,CRS3035RES1000mN2019000E3176000,AM_15,
1645,CRS3035RES1000mN2019000E3176000,AM_16,
1646,CRS3035RES1000mN2019000E3176000,AM_17,
1647,CRS3035RES1000mN2019000E3176000,AM_19,
1648,CRS3035RES1000mN2019000E3176000,AM_20,116.0
1649,CRS3035RES1000mN2019000E3176000,AM_21,
1650,CRS3035RES1000mN2019000E3176000,AM_22,
1651,CRS3035RES1000mN2019000E3176000,AM_23,
1652,CRS3035RES1000mN2019000E3176000,AM_24,
1653,CRS3035RES1000mN2019000E3176000,AM_25,
1654,CRS3035RES1000mN2019000E3176000,AM_27,
1655,CRS3035RES1000mN2019000E3176000,AM_28,
1656,CRS3035RES1000mN2019000E3176000,AM_29,
1657,CRS3035RES1000mN2019000E3176000,AM_30,
1658,CRS3035RES1000mN2019000E3176000,AM_32,
1659,CRS3035RES1000mN2019000E3176000,AM_33,
1660,CRS3035RES1000mN2019000E3176000,AM_34,
1661,CRS3035RES1000mN2019000E3176000,AM_35,
1662,CRS3035RES1000mN2019000E3176000,AM_36,
1663,CRS3035RES1000mN2019000E3176000,AM_37,
1664,CRS3035RES1000mN2019000E3176000,AM_38,
1665,CRS3035RES1000mN2020000E3170000,28027618,
1666,CRS3035RES1000mN2020000E3170000,28027591,118.0
1667,CRS3035RES1000mN2020000E3170000,28027606,
1668,CRS3035RES1000mN2020000E3170000,28027898,
1669,CRS3035RES1000mN2020000E3170000,28041810,
1670,CRS3035RES1000mN2020000E3170000,AM_1,
1671,CRS3035RES1000mN2020000E3170000,AM_2,
1672,CRS3035RES1000mN2020000E3170000,AM_3,
1673,CRS3035RES1000mN2020000E3170000,AM_5,116.0
1674,CRS3035RES1000mN2020000E3170000,AM_8,
1675,CRS3035RES1000mN2020000E3170000,AM_9,
1676,CRS3035RES1000mN2020000E3170000,AM_10,114.0
1677,CRS3035RES1000mN2020000E3170000,AM_11,115.0
1678,CRS3035RES1000mN2020000E3170000,AM_12,
1679,CRS3035RES1000mN2020000E3170000,AM_13,
1680,CRS3035RES1000mN2020000E3170000,AM_14,
1681,CRS3035RES1000mN2020000E3170000,AM_15,91.0
1682,CRS3035RES1000mN2020000E3170000,AM_16,116.0
1683,CRS3035RES1000mN2020000E3170000,AM_17,
1684,CRS3035RES1000mN2020000E3170000,AM_19,112.0
1685,CRS3035RES1000mN2020000E3170000,AM_20,91.0
1686,CRS3035RES1000mN2020000E3170000,AM_21,119.0
1687,CRS3035RES1000mN2020000E3170000,AM_22,94.0
1688,CRS3035RES1000mN2020000E3170000,AM_23,100.0
1689,CRS3035RES1000mN2020000E3170000,AM_24,
1690,CRS3035RES1000mN2020000E3170000,AM_25,
1691,CRS3035RES1000mN2020000E3170000,AM_27,
1692,CRS3035RES1000mN2020000E3170000,AM_28,
1693,CRS3035RES1000mN2020000E3170000,AM_29,
1694,CRS3035RES1000mN2020000E3170000,AM_30,
1695,CRS3035RES1000mN2020000E3170000,AM_32,117.0
1696,CRS3035RES1000mN2020000E3170000,AM_33,109.0
1697,CRS3035RES1000mN2020000E3170000,AM_34,
1698,CRS3035RES1000mN2020000E3170000,AM_35,112.0
1699,CRS3035RES1000mN2020000E3170000,AM_36,116.0
1700,CRS3035RES1000mN2020000E3170000,AM_37,
1701,CRS3035RES1000mN2020000E3170000,AM_38,
1702,CRS3035RES1000mN2020000E3171000,28027618,78.0
1703,CRS3035RES1000mN2020000E3171000,28027591,75.0
1704,CRS3035RES1000mN2020000E3171000,28027606,93.0
1705,CRS3035RES1000mN2020000E3171000,28027898,89.0
1706,CRS3035RES1000mN2020000E3171000,28041810,84.0
1707,CRS3035RES1000mN2020000E3171000,AM_1,91.0
1708,CRS3035RES1000mN2020000E3171000,AM_2,80.0
1709,CRS3035RES1000mN2020000E3171000,AM_3,87.0
1710,CRS3035RES1000mN2020000E3171000,AM_5,73.0
1711,CRS3035RES1000mN2020000E3171000,AM_8,
1712,CRS3035RES1000mN2020000E3171000,AM_9,111.0
1713,CRS3035RES1000mN2020000E3171000,AM_10,77.0
1714,CRS3035RES1000mN2020000E3171000,AM_11,75.0
1715,CRS3035RES1000mN2020000E3171000,AM_12,89.0
1716,CRS3035RES1000mN2020000E3171000,AM_13,96.0
1717,CRS3035RES1000mN2020000E3171000,AM_14,79.0
1718,CRS3035RES1000mN2020000E3171000,AM_15,58.0
1719,CRS3035RES1000mN2020000E3171000,AM_16,69.0
1720,CRS3035RES1000mN2020000E3171000,AM_17,85.0
1721,CRS3035RES1000mN2020000E3171000,AM_19,69.0
1722,CRS3035RES1000mN2020000E3171000,AM_20,45.0
1723,CRS3035RES1000mN2020000E3171000,AM_21,77.0
1724,CRS3035RES1000mN2020000E3171000,AM_22,49.0
1725,CRS3035RES1000mN2020000E3171000,AM_23,60.0
1726,CRS3035RES1000mN2020000E3171000,AM_24,103.0
1727,CRS3035RES1000mN2020000E3171000,AM_25,77.0
1728,CRS3035RES1000mN2020000E3171000,AM_27,112.0
1729,CRS3035RES1000mN2020000E3171000,AM_28,84.0
1730,CRS3035RES1000mN2020000E3171000,AM_29,87.0
1731,CRS3035RES1000mN2020000E3171000,AM_30,85.0
1732,CRS3035RES1000mN2020000E3171000,AM_32,74.0
1733,CRS3035RES1000mN2020000E3171000,AM_33,67.0
1734,CRS3035RES1000mN2020000E3171000,AM_34,99.0
1735,CRS3035RES1000mN2020000E3171000,AM_35,77.0
1736,CRS3035RES1000mN2020000E3171000,AM_36,75.0
1737,CRS3035RES1000mN2020000E3171000,AM_37,107.0
1738,CRS3035RES1000mN2020000E3171000,AM_38,88.0
1739,CRS3035RES1000mN2020000E3172000,28027618,83.0
1740,CRS3035RES1000mN2020000E3172000,28027591,80.0
1741,CRS3035RES1000mN2020000E3172000,28027606,97.0
1742,CRS3035RES1000mN2020000E3172000,28027898,89.0
1743,CRS3035RES1000mN2020000E3172000,28041810,87.0
1744,CRS3035RES1000mN2020000E3172000,AM_1,94.0
1745,CRS3035RES1000mN2020000E3172000,AM_2,85.0
1746,CRS3035RES1000mN2020000E3172000,AM_3,90.0
1747,CRS3035RES1000mN2020000E3172000,AM_5,76.0
1748,CRS3035RES1000mN2020000E3172000,AM_8,
1749,CRS3035RES1000mN2020000E3172000,AM_9,112.0
1750,CRS3035RES1000mN2020000E3172000,AM_10,80.0
1751,CRS3035RES1000mN2020000E3172000,AM_11,79.0
1752,CRS3035RES1000mN2020000E3172000,AM_12,93.0
1753,CRS3035RES1000mN2020000E3172000,AM_13,97.0
1754,CRS3035RES1000mN2020000E3172000,AM_14,83.0
1755,CRS3035RES1000mN2020000E3172000,AM_15,61.0
1756,CRS3035RES1000mN2020000E3172000,AM_16,72.0
1757,CRS3035RES1000mN2020000E3172000,AM_17,96.0
1758,CRS3035RES1000mN2020000E3172000,AM_19,77.0
1759,CRS3035RES1000mN2020000E3172000,AM_20,45.0
1760,CRS3035RES1000mN2020000E3172000,AM_21,80.0
1761,CRS3035RES1000mN2020000E3172000,AM_22,48.0
1762,CRS3035RES1000mN2020000E3172000,AM_23,67.0
1763,CRS3035RES1000mN2020000E3172000,AM_24,106.0
1764,CRS3035RES1000mN2020000E3172000,AM_25,81.0
1765,CRS3035RES1000mN2020000E3172000,AM_27,117.0
1766,CRS3035RES1000mN2020000E3172000,AM_28,89.0
1767,CRS3035RES1000mN2020000E3172000,AM_29,89.0
1768,CRS3035RES1000mN2020000E3172000,AM_30,94.0
1769,CRS3035RES1000mN2020000E3172000,AM_32,76.0
1770,CRS3035RES1000mN2020000E3172000,AM_33,71.0
1771,CRS3035RES1000mN2020000E3172000,AM_34,101.0
1772,CRS3035RES1000mN2020000E3172000,AM_35,78.0
1773,CRS3035RES1000mN2020000E3172000,AM_36,78.0
1774,CRS3035RES1000mN2020000E3172000,AM_37,108.0
1775,CRS3035RES1000mN2020000E3172000,AM_38,88.0
1776,CRS3035RES1000mN2020000E3173000,28027618,98.0
1777,CRS3035RES1000mN2020000E3173000,28027591,95.0
1778,CRS3035RES1000mN2020000E3173000,28027606,112.0
1779,CRS3035RES1000mN2020000E3173000,28027898,99.0
1780,CRS3035RES1000mN2020000E3173000,28041810,105.0
1781,CRS3035RES1000mN2020000E3173000,AM_1,112.0
1782,CRS3035RES1000mN2020000E3173000,AM_2,100.0
1783,CRS3035RES1000mN2020000E3173000,AM_3,115.0
1784,CRS3035RES1000mN2020000E3173000,AM_5,92.0
1785,CRS3035RES1000mN2020000E3173000,AM_8,
1786,CRS3035RES1000mN2020000E3173000,AM_9,
1787,CRS3035RES1000mN2020000E3173000,AM_10,94.0
1788,CRS3035RES1000mN2020000E3173000,AM_11,93.0
1789,CRS3035RES1000mN2020000E3173000,AM_12,106.0
1790,CRS3035RES1000mN2020000E3173000,AM_13,118.0
1791,CRS3035RES1000mN2020000E3173000,AM_14,98.0
1792,CRS3035RES1000mN2020000E3173000,AM_15,75.0
1793,CRS3035RES1000mN2020000E3173000,AM_16,90.0
1794,CRS3035RES1000mN2020000E3173000,AM_17,106.0
1795,CRS3035RES1000mN2020000E3173000,AM_19,89.0
1796,CRS3035RES1000mN2020000E3173000,AM_20,58.0
1797,CRS3035RES1000mN2020000E3173000,AM_21,96.0
1798,CRS3035RES1000mN2020000E3173000,AM_22,62.0
1799,CRS3035RES1000mN2020000E3173000,AM_23,79.0
1800,CRS3035RES1000mN2020000E3173000,AM_24,
1801,CRS3035RES1000mN2020000E3173000,AM_25,98.0
1802,CRS3035RES1000mN2020000E3173000,AM_27,
1803,CRS3035RES1000mN2020000E3173000,AM_28,103.0
1804,CRS3035RES1000mN2020000E3173000,AM_29,111.0
1805,CRS3035RES1000mN2020000E3173000,AM_30,107.0
1806,CRS3035RES1000mN2020000E3173000,AM_32,92.0
1807,CRS3035RES1000mN2020000E3173000,AM_33,86.0
1808,CRS3035RES1000mN2020000E3173000,AM_34,113.0
1809,CRS3035RES1000mN2020000E3173000,AM_35,92.0
1810,CRS3035RES1000mN2020000E3173000,AM_36,93.0
1811,CRS3035RES1000mN2020000E3173000,AM_37,
1812,CRS3035RES1000mN2020000E3173000,AM_38,112.0
1813,CRS3035RES1000mN2020000E3174000,28027618,109.0
1814,CRS3035RES1000mN2020000E3174000,28027591,106.0
1815,CRS3035RES1000mN2020000E3174000,28027606,
1816,CRS3035RES1000mN2020000E3174000,28027898,113.0
1817,CRS3035RES1000mN2020000E3174000,28041810,116.0
1818,CRS3035RES1000mN2020000E3174000,AM_1,
1819,CRS3035RES1000mN2020000E3174000,AM_2,111.0
1820,CRS3035RES1000mN2020000E3174000,AM_3,
1821,CRS3035RES1000mN2020000E3174000,AM_5,103.0
1822,CRS3035RES1000mN2020000E3174000,AM_8,
1823,CRS3035RES1000mN2020000E3174000,AM_9,
1824,CRS3035RES1000mN2020000E3174000,AM_10,105.0
1825,CRS3035RES1000mN2020000E3174000,AM_11,104.0
1826,CRS3035RES1000mN2020000E3174000,AM_12,117.0
1827,CRS3035RES1000mN2020000E3174000,AM_13,
1828,CRS3035RES1000mN2020000E3174000,AM_14,109.0
1829,CRS3035RES1000mN2020000E3174000,AM_15,86.0
1830,CRS3035RES1000mN2020000E3174000,AM_16,104.0
1831,CRS3035RES1000mN2020000E3174000,AM_17,
1832,CRS3035RES1000mN2020000E3174000,AM_19,103.0
1833,CRS3035RES1000mN2020000E3174000,AM_20,69.0
1834,CRS3035RES1000mN2020000E3174000,AM_21,106.0
1835,CRS3035RES1000mN2020000E3174000,AM_22,73.0
1836,CRS3035RES1000mN2020000E3174000,AM_23,92.0
1837,CRS3035RES1000mN2020000E3174000,AM_24,
1838,CRS3035RES1000mN2020000E3174000,AM_25,108.0
1839,CRS3035RES1000mN2020000E3174000,AM_27,
1840,CRS3035RES1000mN2020000E3174000,AM_28,114.0
1841,CRS3035RES1000mN2020000E3174000,AM_29,
1842,CRS3035RES1000mN2020000E3174000,AM_30,
1843,CRS3035RES1000mN2020000E3174000,AM_32,103.0
1844,CRS3035RES1000mN2020000E3174000,AM_33,96.0
1845,CRS3035RES1000mN2020000E3174000,AM_34,
1846,CRS3035RES1000mN2020000E3174000,AM_35,103.0
1847,CRS3035RES1000mN2020000E3174000,AM_36,104.0
1848,CRS3035RES1000mN2020000E3174000,AM_37,
1849,CRS3035RES1000mN2020000E3174000,AM_38,
1850,CRS3035RES1000mN2020000E3175000,28027618,
1851,CRS3035RES1000mN2020000E3175000,28027591,
1852,CRS3035RES1000mN2020000E3175000,28027606,
1853,CRS3035RES1000mN2020000E3175000,28027898,
1854,CRS3035RES1000mN2020000E3175000,28041810,
1855,CRS3035RES1000mN2020000E3175000,AM_1,
1856,CRS3035RES1000mN2020000E3175000,AM_2,
1857,CRS3035RES1000mN2020000E3175000,AM_3,
1858,CRS3035RES1000mN2020000E3175000,AM_5,
1859,CRS3035RES1000mN2020000E3175000,AM_8,
1860,CRS3035RES1000mN2020000E3175000,AM_9,
1861,CRS3035RES1000mN2020000E3175000,AM_10,
1862,CRS3035RES1000mN2020000E3175000,AM_11,
1863,CRS3035RES1000mN2020000E3175000,AM_12,
1864,CRS3035RES1000mN2020000E3175000,AM_13,
1865,CRS3035RES1000mN2020000E3175000,AM_14,
1866,CRS3035RES1000mN2020000E3175000,AM_15,
1867,CRS3035RES1000mN2020000E3175000,AM_16,
1868,CRS3035RES1000mN2020000E3175000,AM_17,
1869,CRS3035RES1000mN2020000E3175000,AM_19,
1870,CRS3035RES1000mN2020000E3175000,AM_20,
1871,CRS3035RES1000mN2020000E3175000,AM_21,
1872,CRS3035RES1000mN2020000E3175000,AM_22,
1873,CRS3035RES1000mN2020000E3175000,AM_23,
1874,CRS3035RES1000mN2020000E3175000,AM_24,
1875,CRS3035RES1000mN2020000E3175000,AM_25,
1876,CRS3035RES1000mN2020000E3175000,AM_27,
1877,CRS3035RES1000mN2020000E3175000,AM_28,
1878,CRS3035RES1000mN2020000E3175000,AM_29,
1879,CRS3035RES1000mN2020000E3175000,AM_30,
1880,CRS3035RES1000mN2020000E3175000,AM_32,
1881,CRS3035RES1000mN2020000E3175000,AM_33,
1882,CRS3035RES1000mN2020000E3175000,AM_34,
1883,CRS3035RES1000mN2020000E3175000,AM_35,
1884,CRS3035RES1000mN2020000E3175000,AM_36,
1885,CRS3035RES1000mN2020000E3175000,AM_37,
1886,CRS3035RES1000mN2020000E3175000,AM_38,
1887,CRS3035RES1000mN2020000E3176000,28027618,
1888,CRS3035RES1000mN2020000E3176000,28027591,
1889,CRS3035RES1000mN2020000E3176000,28027606,
1890,CRS3035RES1000mN2020000E3176000,28027898,
1891,CRS3035RES1000mN2020000E3176000,28041810,
1892,CRS3035RES1000mN2020000E3176000,AM_1,
1893,CRS3035RES1000mN2020000E3176000,AM_2,
1894,CRS3035RES1000mN2020000E3176000,AM_3,
1895,CRS3035RES1000mN2020000E3176000,AM_5,
1896,CRS3035RES1000mN2020000E3176000,AM_8,
1897,CRS3035RES1000mN2020000E3176000,AM_9,
1898,CRS3035RES1000mN2020000E3176000,AM_10,
1899,CRS3035RES1000mN2020000E3176000,AM_11,
1900,CRS3035RES1000mN2020000E3176000,AM_12,
1901,CRS3035RES1000mN2020000E3176000,AM_13,
1902,CRS3035RES1000mN2020000E3176000,AM_14,
1903,CRS3035RES1000mN2020000E3176000,AM_15,
1904,CRS3035RES1000mN2020000E3176000,AM_16,
1905,CRS3035RES1000mN2020000E3176000,AM_17,
1906,CRS3035RES1000mN2020000E3176000,AM_19,
1907,CRS3035RES1000mN2020000E3176000,AM_20,
1908,CRS3035RES1000mN2020000E3176000,AM_21,
1909,CRS3035RES1000mN2020000E3176000,AM_22,
1910,CRS3035RES1000mN2020000E3176000,AM_23,
1911,CRS3035RES1000mN2020000E3176000,AM_24,
1912,CRS3035RES1000mN2020000E3176000,AM_25,
1913,CRS3035RES1000mN2020000E3176000,AM_27,
1914,CRS3035RES1000mN2020000E3176000,AM_28,
1915,CRS3035RES1000mN2020000E3176000,AM_29,
1916,CRS3035RES1000mN2020000E3176000,AM_30,
1917,CRS3035RES1000mN2020000E3176000,AM_32,
1918,CRS3035RES1000mN2020000E3176000,AM_33,
1919,CRS3035RES1000mN2020000E3176000,AM_34,
1920,CRS3035RES1000mN2020000E3176000,AM_35,
1921,CRS3035RES1000mN2020000E3176000,AM_36,
1922,CRS3035RES1000mN2020000E3176000,AM_37,
1923,CRS3035RES1000mN2020000E3176000,AM_38,
1924,CRS3035RES1000mN2021000E3171000,28027618,74.0
1925,CRS3035RES1000mN2021000E3171000,28027591,71.0
1926,CRS3035RES1000mN2021000E3171000,28027606,86.0
1927,CRS3035RES1000mN2021000E3171000,28027898,72.0
1928,CRS3035RES1000mN2021000E3171000,28041810,84.0
1929,CRS3035RES1000mN2021000E3171000,AM_1,92.0
1930,CRS3035RES1000mN2021000E3171000,AM_2,76.0
1931,CRS3035RES1000mN2021000E3171000,AM_3,87.0
1932,CRS3035RES1000mN2021000E3171000,AM_5,68.0
1933,CRS3035RES1000mN2021000E3171000,AM_8,
1934,CRS3035RES1000mN2021000E3171000,AM_9,108.0
1935,CRS3035RES1000mN2021000E3171000,AM_10,68.0
1936,CRS3035RES1000mN2021000E3171000,AM_11,68.0
1937,CRS3035RES1000mN2021000E3171000,AM_12,82.0
1938,CRS3035RES1000mN2021000E3171000,AM_13,90.0
1939,CRS3035RES1000mN2021000E3171000,AM_14,74.0
1940,CRS3035RES1000mN2021000E3171000,AM_15,48.0
1941,CRS3035RES1000mN2021000E3171000,AM_16,68.0
1942,CRS3035RES1000mN2021000E3171000,AM_17,85.0
1943,CRS3035RES1000mN2021000E3171000,AM_19,65.0
1944,CRS3035RES1000mN2021000E3171000,AM_20,32.0
1945,CRS3035RES1000mN2021000E3171000,AM_21,72.0
1946,CRS3035RES1000mN2021000E3171000,AM_22,35.0
1947,CRS3035RES1000mN2021000E3171000,AM_23,54.0
1948,CRS3035RES1000mN2021000E3171000,AM_24,102.0
1949,CRS3035RES1000mN2021000E3171000,AM_25,73.0
1950,CRS3035RES1000mN2021000E3171000,AM_27,110.0
1951,CRS3035RES1000mN2021000E3171000,AM_28,80.0
1952,CRS3035RES1000mN2021000E3171000,AM_29,87.0
1953,CRS3035RES1000mN2021000E3171000,AM_30,84.0
1954,CRS3035RES1000mN2021000E3171000,AM_32,69.0
1955,CRS3035RES1000mN2021000E3171000,AM_33,61.0
1956,CRS3035RES1000mN2021000E3171000,AM_34,92.0
1957,CRS3035RES1000mN2021000E3171000,AM_35,65.0
1958,CRS3035RES1000mN2021000E3171000,AM_36,68.0
1959,CRS3035RES1000mN2021000E3171000,AM_37,106.0
1960,CRS3035RES1000mN2021000E3171000,AM_38,88.0
1961,CRS3035RES1000mN2021000E3172000,28027618,83.0
1962,CRS3035RES1000mN2021000E3172000,28027591,81.0
1963,CRS3035RES1000mN2021000E3172000,28027606,95.0
1964,CRS3035RES1000mN2021000E3172000,28027898,87.0
1965,CRS3035RES1000mN2021000E3172000,28041810,91.0
1966,CRS3035RES1000mN2021000E3172000,AM_1,96.0
1967,CRS3035RES1000mN2021000E3172000,AM_2,86.0
1968,CRS3035RES1000mN2021000E3172000,AM_3,94.0
1969,CRS3035RES1000mN2021000E3172000,AM_5,78.0
1970,CRS3035RES1000mN2021000E3172000,AM_8,
1971,CRS3035RES1000mN2021000E3172000,AM_9,116.0
1972,CRS3035RES1000mN2021000E3172000,AM_10,78.0
1973,CRS3035RES1000mN2021000E3172000,AM_11,78.0
1974,CRS3035RES1000mN2021000E3172000,AM_12,91.0
1975,CRS3035RES1000mN2021000E3172000,AM_13,96.0
1976,CRS3035RES1000mN2021000E3172000,AM_14,84.0
1977,CRS3035RES1000mN2021000E3172000,AM_15,60.0
1978,CRS3035RES1000mN2021000E3172000,AM_16,76.0
1979,CRS3035RES1000mN2021000E3172000,AM_17,99.0
1980,CRS3035RES1000mN2021000E3172000,AM_19,76.0
1981,CRS3035RES1000mN2021000E3172000,AM_20,43.0
1982,CRS3035RES1000mN2021000E3172000,AM_21,81.0
1983,CRS3035RES1000mN2021000E3172000,AM_22,46.0
1984,CRS3035RES1000mN2021000E3172000,AM_23,65.0
1985,CRS3035RES1000mN2021000E3172000,AM_24,108.0
1986,CRS3035RES1000mN2021000E3172000,AM_25,83.0
1987,CRS3035RES1000mN2021000E3172000,AM_27,
1988,CRS3035RES1000mN2021000E3172000,AM_28,89.0
1989,CRS3035RES1000mN2021000E3172000,AM_29,97.0
1990,CRS3035RES1000mN2021000E3172000,AM_30,97.0
1991,CRS3035RES1000mN2021000E3172000,AM_32,78.0
1992,CRS3035RES1000mN2021000E3172000,AM_33,71.0
1993,CRS3035RES1000mN2021000E3172000,AM_34,99.0
1994,CRS3035RES1000mN2021000E3172000,AM_35,77.0
1995,CRS3035RES1000mN2021000E3172000,AM_36,79.0
1996,CRS3035RES1000mN2021000E3172000,AM_37,114.0
1997,CRS3035RES1000mN2021000E3172000,AM_38,97.0
1998,CRS3035RES1000mN2021000E3173000,28027618,107.0
1999,CRS3035RES1000mN2021000E3173000,28027591,104.0
2000,CRS3035RES1000mN2021000E3173000,28027606,
2001,CRS3035RES1000mN2021000E3173000,28027898,108.0
2002,CRS3035RES1000mN2021000E3173000,28041810,114.0
2003,CRS3035RES1000mN2021000E3173000,AM_1,116.0
2004,CRS3035RES1000mN2021000E3173000,AM_2,110.0
2005,CRS3035RES1000mN2021000E3173000,AM_3,
2006,CRS3035RES1000mN2021000E3173000,AM_5,101.0
2007,CRS3035RES1000mN2021000E3173000,AM_8,
2008,CRS3035RES1000mN2021000E3173000,AM_9,
2009,CRS3035RES1000mN2021000E3173000,AM_10,101.0
2010,CRS3035RES1000mN2021000E3173000,AM_11,102.0
2011,CRS3035RES1000mN2021000E3173000,AM_12,115.0
2012,CRS3035RES1000mN2021000E3173000,AM_13,
2013,CRS3035RES1000mN2021000E3173000,AM_14,108.0
2014,CRS3035RES1000mN2021000E3173000,AM_15,82.0
2015,CRS3035RES1000mN2021000E3173000,AM_16,101.0
2016,CRS3035RES1000mN2021000E3173000,AM_17,
2017,CRS3035RES1000mN2021000E3173000,AM_19,99.0
2018,CRS3035RES1000mN2021000E3173000,AM_20,66.0
2019,CRS3035RES1000mN2021000E3173000,AM_21,104.0
2020,CRS3035RES1000mN2021000E3173000,AM_22,70.0
2021,CRS3035RES1000mN2021000E3173000,AM_23,88.0
2022,CRS3035RES1000mN2021000E3173000,AM_24,
2023,CRS3035RES1000mN2021000E3173000,AM_25,106.0
2024,CRS3035RES1000mN2021000E3173000,AM_27,
2025,CRS3035RES1000mN2021000E3173000,AM_28,113.0
2026,CRS3035RES1000mN2021000E3173000,AM_29,
2027,CRS3035RES1000mN2021000E3173000,AM_30,
2028,CRS3035RES1000mN2021000E3173000,AM_32,101.0
2029,CRS3035RES1000mN2021000E3173000,AM_33,94.0
2030,CRS3035RES1000mN2021000E3173000,AM_34,119.0
2031,CRS3035RES1000mN2021000E3173000,AM_35,100.0
2032,CRS3035RES1000mN2021000E3173000,AM_36,102.0
2033,CRS3035RES1000mN2021000E3173000,AM_37,
2034,CRS3035RES1000mN2021000E3173000,AM_38,
2035,CRS3035RES1000mN2021000E3174000,28027618,
2036,CRS3035RES1000mN2021000E3174000,28027591,119.0
2037,CRS3035RES1000mN2021000E3174000,28027606,
2038,CRS3035RES1000mN2021000E3174000,28027898,
2039,CRS3035RES1000mN2021000E3174000,28041810,
2040,CRS3035RES1000mN2021000E3174000,AM_1,
2041,CRS3035RES1000mN2021000E3174000,AM_2,
2042,CRS3035RES1000mN2021000E3174000,AM_3,
2043,CRS3035RES1000mN2021000E3174000,AM_5,116.0
2044,CRS3035RES1000mN2021000E3174000,AM_8,
2045,CRS3035RES1000mN2021000E3174000,AM_9,
2046,CRS3035RES1000mN2021000E3174000,AM_10,117.0
2047,CRS3035RES1000mN2021000E3174000,AM_11,117.0
2048,CRS3035RES1000mN2021000E3174000,AM_12,
2049,CRS3035RES1000mN2021000E3174000,AM_13,
2050,CRS3035RES1000mN2021000E3174000,AM_14,
2051,CRS3035RES1000mN2021000E3174000,AM_15,98.0
2052,CRS3035RES1000mN2021000E3174000,AM_16,117.0
2053,CRS3035RES1000mN2021000E3174000,AM_17,
2054,CRS3035RES1000mN2021000E3174000,AM_19,114.0
2055,CRS3035RES1000mN2021000E3174000,AM_20,82.0
2056,CRS3035RES1000mN2021000E3174000,AM_21,
2057,CRS3035RES1000mN2021000E3174000,AM_22,85.0
2058,CRS3035RES1000mN2021000E3174000,AM_23,103.0
2059,CRS3035RES1000mN2021000E3174000,AM_24,
2060,CRS3035RES1000mN2021000E3174000,AM_25,
2061,CRS3035RES1000mN2021000E3174000,AM_27,
2062,CRS3035RES1000mN2021000E3174000,AM_28,
2063,CRS3035RES1000mN2021000E3174000,AM_29,
2064,CRS3035RES1000mN2021000E3174000,AM_30,
2065,CRS3035RES1000mN2021000E3174000,AM_32,116.0
2066,CRS3035RES1000mN2021000E3174000,AM_33,110.0
2067,CRS3035RES1000mN2021000E3174000,AM_34,
2068,CRS3035RES1000mN2021000E3174000,AM_35,115.0
2069,CRS3035RES1000mN2021000E3174000,AM_36,117.0
2070,CRS3035RES1000mN2021000E3174000,AM_37,
2071,CRS3035RES1000mN2021000E3174000,AM_38,
2072,CRS3035RES1000mN2022000E3171000,28027618,72.0
2073,CRS3035RES1000mN2022000E3171000,28027591,68.0
2074,CRS3035RES1000mN2022000E3171000,28027606,85.0
2075,CRS3035RES1000mN2022000E3171000,28027898,73.0
2076,CRS3035RES1000mN2022000E3171000,28041810,83.0
2077,CRS3035RES1000mN2022000E3171000,AM_1,91.0
2078,CRS3035RES1000mN2022000E3171000,AM_2,74.0
2079,CRS3035RES1000mN2022000E3171000,AM_3,86.0
2080,CRS3035RES1000mN2022000E3171000,AM_5,65.0
2081,CRS3035RES1000mN2022000E3171000,AM_8,
2082,CRS3035RES1000mN2022000E3171000,AM_9,101.0
2083,CRS3035RES1000mN2022000E3171000,AM_10,66.0
2084,CRS3035RES1000mN2022000E3171000,AM_11,66.0
2085,CRS3035RES1000mN2022000E3171000,AM_12,82.0
2086,CRS3035RES1000mN2022000E3171000,AM_13,90.0
2087,CRS3035RES1000mN2022000E3171000,AM_14,72.0
2088,CRS3035RES1000mN2022000E3171000,AM_15,48.0
2089,CRS3035RES1000mN2022000E3171000,AM_16,66.0
2090,CRS3035RES1000mN2022000E3171000,AM_17,87.0
2091,CRS3035RES1000mN2022000E3171000,AM_19,64.0
2092,CRS3035RES1000mN2022000E3171000,AM_20,31.0
2093,CRS3035RES1000mN2022000E3171000,AM_21,69.0
2094,CRS3035RES1000mN2022000E3171000,AM_22,34.0
2095,CRS3035RES1000mN2022000E3171000,AM_23,53.0
2096,CRS3035RES1000mN2022000E3171000,AM_24,100.0
2097,CRS3035RES1000mN2022000E3171000,AM_25,71.0
2098,CRS3035RES1000mN2022000E3171000,AM_27,100.0
2099,CRS3035RES1000mN2022000E3171000,AM_28,78.0
2100,CRS3035RES1000mN2022000E3171000,AM_29,87.0
2101,CRS3035RES1000mN2022000E3171000,AM_30,86.0
2102,CRS3035RES1000mN2022000E3171000,AM_32,67.0
2103,CRS3035RES1000mN2022000E3171000,AM_33,59.0
2104,CRS3035RES1000mN2022000E3171000,AM_34,91.0
2105,CRS3035RES1000mN2022000E3171000,AM_35,65.0
2106,CRS3035RES1000mN2022000E3171000,AM_36,66.0
2107,CRS3035RES1000mN2022000E3171000,AM_37,106.0
2108,CRS3035RES1000mN2022000E3171000,AM_38,91.0
2109,CRS3035RES1000mN2022000E3172000,28027618,80.0
2110,CRS3035RES1000mN2022000E3172000,28027591,76.0
2111,CRS3035RES1000mN2022000E3172000,28027606,91.0
2112,CRS3035RES1000mN2022000E3172000,28027898,76.0
2113,CRS3035RES1000mN2022000E3172000,28041810,87.0
2114,CRS3035RES1000mN2022000E3172000,AM_1,94.0
2115,CRS3035RES1000mN2022000E3172000,AM_2,81.0
2116,CRS3035RES1000mN2022000E3172000,AM_3,90.0
2117,CRS3035RES1000mN2022000E3172000,AM_5,73.0
2118,CRS3035RES1000mN2022000E3172000,AM_8,
2119,CRS3035RES1000mN2022000E3172000,AM_9,112.0
2120,CRS3035RES1000mN2022000E3172000,AM_10,73.0
2121,CRS3035RES1000mN2022000E3172000,AM_11,73.0
2122,CRS3035RES1000mN2022000E3172000,AM_12,86.0
2123,CRS3035RES1000mN2022000E3172000,AM_13,92.0
2124,CRS3035RES1000mN2022000E3172000,AM_14,79.0
2125,CRS3035RES1000mN2022000E3172000,AM_15,54.0
2126,CRS3035RES1000mN2022000E3172000,AM_16,74.0
2127,CRS3035RES1000mN2022000E3172000,AM_17,97.0
2128,CRS3035RES1000mN2022000E3172000,AM_19,70.0
2129,CRS3035RES1000mN2022000E3172000,AM_20,37.0
2130,CRS3035RES1000mN2022000E3172000,AM_21,76.0
2131,CRS3035RES1000mN2022000E3172000,AM_22,41.0
2132,CRS3035RES1000mN2022000E3172000,AM_23,60.0
2133,CRS3035RES1000mN2022000E3172000,AM_24,106.0
2134,CRS3035RES1000mN2022000E3172000,AM_25,78.0
2135,CRS3035RES1000mN2022000E3172000,AM_27,
2136,CRS3035RES1000mN2022000E3172000,AM_28,84.0
2137,CRS3035RES1000mN2022000E3172000,AM_29,95.0
2138,CRS3035RES1000mN2022000E3172000,AM_30,94.0
2139,CRS3035RES1000mN2022000E3172000,AM_32,74.0
2140,CRS3035RES1000mN2022000E3172000,AM_33,66.0
2141,CRS3035RES1000mN2022000E3172000,AM_34,95.0
2142,CRS3035RES1000mN2022000E3172000,AM_35,71.0
2143,CRS3035RES1000mN2022000E3172000,AM_36,74.0
2144,CRS3035RES1000mN2022000E3172000,AM_37,110.0
2145,CRS3035RES1000mN2022000E3172000,AM_38,95.0
2146,CRS3035RES1000mN2022000E3173000,28027618,101.0
2147,CRS3035RES1000mN2022000E3173000,28027591,98.0
2148,CRS3035RES1000mN2022000E3173000,28027606,114.0
2149,CRS3035RES1000mN2022000E3173000,28027898,101.0
2150,CRS3035RES1000mN2022000E3173000,28041810,107.0
2151,CRS3035RES1000mN2022000E3173000,AM_1,119.0
2152,CRS3035RES1000mN2022000E3173000,AM_2,103.0
2153,CRS3035RES1000mN2022000E3173000,AM_3,
2154,CRS3035RES1000mN2022000E3173000,AM_5,94.0
2155,CRS3035RES1000mN2022000E3173000,AM_8,
2156,CRS3035RES1000mN2022000E3173000,AM_9,
2157,CRS3035RES1000mN2022000E3173000,AM_10,96.0
2158,CRS3035RES1000mN2022000E3173000,AM_11,96.0
2159,CRS3035RES1000mN2022000E3173000,AM_12,109.0
2160,CRS3035RES1000mN2022000E3173000,AM_13,
2161,CRS3035RES1000mN2022000E3173000,AM_14,101.0
2162,CRS3035RES1000mN2022000E3173000,AM_15,77.0
2163,CRS3035RES1000mN2022000E3173000,AM_16,94.0
2164,CRS3035RES1000mN2022000E3173000,AM_17,113.0
2165,CRS3035RES1000mN2022000E3173000,AM_19,94.0
2166,CRS3035RES1000mN2022000E3173000,AM_20,61.0
2167,CRS3035RES1000mN2022000E3173000,AM_21,98.0
2168,CRS3035RES1000mN2022000E3173000,AM_22,64.0
2169,CRS3035RES1000mN2022000E3173000,AM_23,83.0
2170,CRS3035RES1000mN2022000E3173000,AM_24,
2171,CRS3035RES1000mN2022000E3173000,AM_25,100.0
2172,CRS3035RES1000mN2022000E3173000,AM_27,
2173,CRS3035RES1000mN2022000E3173000,AM_28,106.0
2174,CRS3035RES1000mN2022000E3173000,AM_29,
2175,CRS3035RES1000mN2022000E3173000,AM_30,114.0
2176,CRS3035RES1000mN2022000E3173000,AM_32,95.0
2177,CRS3035RES1000mN2022000E3173000,AM_33,88.0
2178,CRS3035RES1000mN2022000E3173000,AM_34,115.0
2179,CRS3035RES1000mN2022000E3173000,AM_35,94.0
2180,CRS3035RES1000mN2022000E3173000,AM_36,95.0
2181,CRS3035RES1000mN2022000E3173000,AM_37,
2182,CRS3035RES1000mN2022000E3173000,AM_38,
2183,CRS3035RES1000mN2022000E3174000,28027618,110.0
2184,CRS3035RES1000mN2022000E3174000,28027591,107.0
2185,CRS3035RES1000mN2022000E3174000,28027606,
2186,CRS3035RES1000mN2022000E3174000,28027898,107.0
2187,CRS3035RES1000mN2022000E3174000,28041810,
2188,CRS3035RES1000mN2022000E3174000,AM_1,
2189,CRS3035RES1000mN2022000E3174000,AM_2,112.0
2190,CRS3035RES1000mN2022000E3174000,AM_3,
2191,CRS3035RES1000mN2022000E3174000,AM_5,108.0
2192,CRS3035RES1000mN2022000E3174000,AM_8,
2193,CRS3035RES1000mN2022000E3174000,AM_9,
2194,CRS3035RES1000mN2022000E3174000,AM_10,103.0
2195,CRS3035RES1000mN2022000E3174000,AM_11,106.0
2196,CRS3035RES1000mN2022000E3174000,AM_12,
2197,CRS3035RES1000mN2022000E3174000,AM_13,
2198,CRS3035RES1000mN2022000E3174000,AM_14,109.0
2199,CRS3035RES1000mN2022000E3174000,AM_15,108.0
2200,CRS3035RES1000mN2022000E3174000,AM_16,118.0
2201,CRS3035RES1000mN2022000E3174000,AM_17,
2202,CRS3035RES1000mN2022000E3174000,AM_19,104.0
2203,CRS3035RES1000mN2022000E3174000,AM_20,105.0
2204,CRS3035RES1000mN2022000E3174000,AM_21,111.0
2205,CRS3035RES1000mN2022000E3174000,AM_22,109.0
2206,CRS3035RES1000mN2022000E3174000,AM_23,98.0
2207,CRS3035RES1000mN2022000E3174000,AM_24,
2208,CRS3035RES1000mN2022000E3174000,AM_25,113.0
2209,CRS3035RES1000mN2022000E3174000,AM_27,
2210,CRS3035RES1000mN2022000E3174000,AM_28,113.0
2211,CRS3035RES1000mN2022000E3174000,AM_29,
2212,CRS3035RES1000mN2022000E3174000,AM_30,
2213,CRS3035RES1000mN2022000E3174000,AM_32,108.0
2214,CRS3035RES1000mN2022000E3174000,AM_33,102.0
2215,CRS3035RES1000mN2022000E3174000,AM_34,115.0
2216,CRS3035RES1000mN2022000E3174000,AM_35,106.0
2217,CRS3035RES1000mN2022000E3174000,AM_36,109.0
2218,CRS3035RES1000mN2022000E3174000,AM_37,
2219,CRS3035RES1000mN2022000E3174000,AM_38,
2220,CRS3035RES1000mN2022000E3175000,28027618,105.0
2221,CRS3035RES1000mN2022000E3175000,28027591,102.0
2222,CRS3035RES1000mN2022000E3175000,28027606,
2223,CRS3035RES1000mN2022000E3175000,28027898,93.0
2224,CRS3035RES1000mN2022000E3175000,28041810,
2225,CRS3035RES1000mN2022000E3175000,AM_1,
2226,CRS3035RES1000mN2022000E3175000,AM_2,106.0
2227,CRS3035RES1000mN2022000E3175000,AM_3,
2228,CRS3035RES1000mN2022000E3175000,AM_5,102.0
2229,CRS3035RES1000mN2022000E3175000,AM_8,
2230,CRS3035RES1000mN2022000E3175000,AM_9,
2231,CRS3035RES1000mN2022000E3175000,AM_10,96.0
2232,CRS3035RES1000mN2022000E3175000,AM_11,100.0
2233,CRS3035RES1000mN2022000E3175000,AM_12,118.0
2234,CRS3035RES1000mN2022000E3175000,AM_13,
2235,CRS3035RES1000mN2022000E3175000,AM_14,103.0
2236,CRS3035RES1000mN2022000E3175000,AM_15,103.0
2237,CRS3035RES1000mN2022000E3175000,AM_16,111.0
2238,CRS3035RES1000mN2022000E3175000,AM_17,
2239,CRS3035RES1000mN2022000E3175000,AM_19,98.0
2240,CRS3035RES1000mN2022000E3175000,AM_20,89.0
2241,CRS3035RES1000mN2022000E3175000,AM_21,106.0
2242,CRS3035RES1000mN2022000E3175000,AM_22,93.0
2243,CRS3035RES1000mN2022000E3175000,AM_23,92.0
2244,CRS3035RES1000mN2022000E3175000,AM_24,
2245,CRS3035RES1000mN2022000E3175000,AM_25,108.0
2246,CRS3035RES1000mN2022000E3175000,AM_27,
2247,CRS3035RES1000mN2022000E3175000,AM_28,108.0
2248,CRS3035RES1000mN2022000E3175000,AM_29,
2249,CRS3035RES1000mN2022000E3175000,AM_30,
2250,CRS3035RES1000mN2022000E3175000,AM_32,102.0
2251,CRS3035RES1000mN2022000E3175000,AM_33,96.0
2252,CRS3035RES1000mN2022000E3175000,AM_34,115.0
2253,CRS3035RES1000mN2022000E3175000,AM_35,101.0
2254,CRS3035RES1000mN2022000E3175000,AM_36,103.0
2255,CRS3035RES1000mN2022000E3175000,AM_37,
2256,CRS3035RES1000mN2022000E3175000,AM_38,
2257,CRS3035RES1000mN2023000E3172000,28027618,81.0
2258,CRS3035RES1000mN2023000E3172000,28027591,78.0
2259,CRS3035RES1000mN2023000E3172000,28027606,92.0
2260,CRS3035RES1000mN2023000E3172000,28027898,78.0
2261,CRS3035RES1000mN2023000E3172000,28041810,88.0
2262,CRS3035RES1000mN2023000E3172000,AM_1,95.0
2263,CRS3035RES1000mN2023000E3172000,AM_2,83.0
2264,CRS3035RES1000mN2023000E3172000,AM_3,91.0
2265,CRS3035RES1000mN2023000E3172000,AM_5,74.0
2266,CRS3035RES1000mN2023000E3172000,AM_8,
2267,CRS3035RES1000mN2023000E3172000,AM_9,113.0
2268,CRS3035RES1000mN2023000E3172000,AM_10,74.0
2269,CRS3035RES1000mN2023000E3172000,AM_11,74.0
2270,CRS3035RES1000mN2023000E3172000,AM_12,87.0
2271,CRS3035RES1000mN2023000E3172000,AM_13,93.0
2272,CRS3035RES1000mN2023000E3172000,AM_14,81.0
2273,CRS3035RES1000mN2023000E3172000,AM_15,55.0
2274,CRS3035RES1000mN2023000E3172000,AM_16,75.0
2275,CRS3035RES1000mN2023000E3172000,AM_17,98.0
2276,CRS3035RES1000mN2023000E3172000,AM_19,72.0
2277,CRS3035RES1000mN2023000E3172000,AM_20,39.0
2278,CRS3035RES1000mN2023000E3172000,AM_21,78.0
2279,CRS3035RES1000mN2023000E3172000,AM_22,42.0
2280,CRS3035RES1000mN2023000E3172000,AM_23,61.0
2281,CRS3035RES1000mN2023000E3172000,AM_24,107.0
2282,CRS3035RES1000mN2023000E3172000,AM_25,80.0
2283,CRS3035RES1000mN2023000E3172000,AM_27,
2284,CRS3035RES1000mN2023000E3172000,AM_28,86.0
2285,CRS3035RES1000mN2023000E3172000,AM_29,96.0
2286,CRS3035RES1000mN2023000E3172000,AM_30,95.0
2287,CRS3035RES1000mN2023000E3172000,AM_32,76.0
2288,CRS3035RES1000mN2023000E3172000,AM_33,69.0
2289,CRS3035RES1000mN2023000E3172000,AM_34,96.0
2290,CRS3035RES1000mN2023000E3172000,AM_35,72.0
2291,CRS3035RES1000mN2023000E3172000,AM_36,76.0
2292,CRS3035RES1000mN2023000E3172000,AM_37,110.0
2293,CRS3035RES1000mN2023000E3172000,AM_38,96.0
2294,CRS3035RES1000mN2023000E3173000,28027618,102.0
2295,CRS3035RES1000mN2023000E3173000,28027591,99.0
2296,CRS3035RES1000mN2023000E3173000,28027606,115.0
2297,CRS3035RES1000mN2023000E3173000,28027898,102.0
2298,CRS3035RES1000mN2023000E3173000,28041810,109.0
2299,CRS3035RES1000mN2023000E3173000,AM_1,
2300,CRS3035RES1000mN2023000E3173000,AM_2,105.0
2301,CRS3035RES1000mN2023000E3173000,AM_3,
2302,CRS3035RES1000mN2023000E3173000,AM_5,96.0
2303,CRS3035RES1000mN2023000E3173000,AM_8,
2304,CRS3035RES1000mN2023000E3173000,AM_9,
2305,CRS3035RES1000mN2023000E3173000,AM_10,96.0
2306,CRS3035RES1000mN2023000E3173000,AM_11,97.0
2307,CRS3035RES1000mN2023000E3173000,AM_12,111.0
2308,CRS3035RES1000mN2023000E3173000,AM_13,
2309,CRS3035RES1000mN2023000E3173000,AM_14,103.0
2310,CRS3035RES1000mN2023000E3173000,AM_15,77.0
2311,CRS3035RES1000mN2023000E3173000,AM_16,95.0
2312,CRS3035RES1000mN2023000E3173000,AM_17,115.0
2313,CRS3035RES1000mN2023000E3173000,AM_19,94.0
2314,CRS3035RES1000mN2023000E3173000,AM_20,61.0
2315,CRS3035RES1000mN2023000E3173000,AM_21,100.0
2316,CRS3035RES1000mN2023000E3173000,AM_22,64.0
2317,CRS3035RES1000mN2023000E3173000,AM_23,83.0
2318,CRS3035RES1000mN2023000E3173000,AM_24,
2319,CRS3035RES1000mN2023000E3173000,AM_25,102.0
2320,CRS3035RES1000mN2023000E3173000,AM_27,
2321,CRS3035RES1000mN2023000E3173000,AM_28,108.0
2322,CRS3035RES1000mN2023000E3173000,AM_29,
2323,CRS3035RES1000mN2023000E3173000,AM_30,115.0
2324,CRS3035RES1000mN2023000E3173000,AM_32,96.0
2325,CRS3035RES1000mN2023000E3173000,AM_33,89.0
2326,CRS3035RES1000mN2023000E3173000,AM_34,114.0
2327,CRS3035RES1000mN2023000E3173000,AM_35,94.0
2328,CRS3035RES1000mN2023000E3173000,AM_36,97.0
2329,CRS3035RES1000mN2023000E3173000,AM_37,
2330,CRS3035RES1000mN2023000E3173000,AM_38,
2331,CRS3035RES1000mN2023000E3174000,28027618,104.0
2332,CRS3035RES1000mN2023000E3174000,28027591,101.0
2333,CRS3035RES1000mN2023000E3174000,28027606,
2334,CRS3035RES1000mN2023000E3174000,28027898,92.0
2335,CRS3035RES1000mN2023000E3174000,28041810,
2336,CRS3035RES1000mN2023000E3174000,AM_1,
2337,CRS3035RES1000mN2023000E3174000,AM_2,106.0
2338,CRS3035RES1000mN2023000E3174000,AM_3,
2339,CRS3035RES1000mN2023000E3174000,AM_5,102.0
2340,CRS3035RES1000mN2023000E3174000,AM_8,
2341,CRS3035RES1000mN2023000E3174000,AM_9,
2342,CRS3035RES1000mN2023000E3174000,AM_10,94.0
2343,CRS3035RES1000mN2023000E3174000,AM_11,99.0
2344,CRS3035RES1000mN2023000E3174000,AM_12,117.0
2345,CRS3035RES1000mN2023000E3174000,AM_13,
2346,CRS3035RES1000mN2023000E3174000,AM_14,102.0
2347,CRS3035RES1000mN2023000E3174000,AM_15,93.0
2348,CRS3035RES1000mN2023000E3174000,AM_16,111.0
2349,CRS3035RES1000mN2023000E3174000,AM_17,
2350,CRS3035RES1000mN2023000E3174000,AM_19,97.0
2351,CRS3035RES1000mN2023000E3174000,AM_20,88.0
2352,CRS3035RES1000mN2023000E3174000,AM_21,105.0
2353,CRS3035RES1000mN2023000E3174000,AM_22,91.0
2354,CRS3035RES1000mN2023000E3174000,AM_23,91.0
2355,CRS3035RES1000mN2023000E3174000,AM_24,
2356,CRS3035RES1000mN2023000E3174000,AM_25,107.0
2357,CRS3035RES1000mN2023000E3174000,AM_27,
2358,CRS3035RES1000mN2023000E3174000,AM_28,107.0
2359,CRS3035RES1000mN2023000E3174000,AM_29,
2360,CRS3035RES1000mN2023000E3174000,AM_30,
2361,CRS3035RES1000mN2023000E3174000,AM_32,101.0
2362,CRS3035RES1000mN2023000E3174000,AM_33,96.0
2363,CRS3035RES1000mN2023000E3174000,AM_34,115.0
2364,CRS3035RES1000mN2023000E3174000,AM_35,99.0
2365,CRS3035RES1000mN2023000E3174000,AM_36,103.0
2366,CRS3035RES1000mN2023000E3174000,AM_37,
2367,CRS3035RES1000mN2023000E3174000,AM_38,
2368,CRS3035RES1000mN2023000E3175000,28027618,101.0
2369,CRS3035RES1000mN2023000E3175000,28027591,98.0
2370,CRS3035RES1000mN2023000E3175000,28027606,119.0
2371,CRS3035RES1000mN2023000E3175000,28027898,89.0
2372,CRS3035RES1000mN2023000E3175000,28041810,
2373,CRS3035RES1000mN2023000E3175000,AM_1,
2374,CRS3035RES1000mN2023000E3175000,AM_2,103.0
2375,CRS3035RES1000mN2023000E3175000,AM_3,
2376,CRS3035RES1000mN2023000E3175000,AM_5,98.0
2377,CRS3035RES1000mN2023000E3175000,AM_8,
2378,CRS3035RES1000mN2023000E3175000,AM_9,
2379,CRS3035RES1000mN2023000E3175000,AM_10,92.0
2380,CRS3035RES1000mN2023000E3175000,AM_11,96.0
2381,CRS3035RES1000mN2023000E3175000,AM_12,114.0
2382,CRS3035RES1000mN2023000E3175000,AM_13,119.0
2383,CRS3035RES1000mN2023000E3175000,AM_14,99.0
2384,CRS3035RES1000mN2023000E3175000,AM_15,88.0
2385,CRS3035RES1000mN2023000E3175000,AM_16,107.0
2386,CRS3035RES1000mN2023000E3175000,AM_17,
2387,CRS3035RES1000mN2023000E3175000,AM_19,94.0
2388,CRS3035RES1000mN2023000E3175000,AM_20,85.0
2389,CRS3035RES1000mN2023000E3175000,AM_21,102.0
2390,CRS3035RES1000mN2023000E3175000,AM_22,89.0
2391,CRS3035RES1000mN2023000E3175000,AM_23,88.0
2392,CRS3035RES1000mN2023000E3175000,AM_24,
2393,CRS3035RES1000mN2023000E3175000,AM_25,104.0
2394,CRS3035RES1000mN2023000E3175000,AM_27,
2395,CRS3035RES1000mN2023000E3175000,AM_28,104.0
2396,CRS3035RES1000mN2023000E3175000,AM_29,
2397,CRS3035RES1000mN2023000E3175000,AM_30,
2398,CRS3035RES1000mN2023000E3175000,AM_32,99.0
2399,CRS3035RES1000mN2023000E3175000,AM_33,92.0
2400,CRS3035RES1000mN2023000E3175000,AM_34,112.0
2401,CRS3035RES1000mN2023000E3175000,AM_35,97.0
2402,CRS3035RES1000mN2023000E3175000,AM_36,99.0
2403,CRS3035RES1000mN2023000E3175000,AM_37,
2404,CRS3035RES1000mN2023000E3175000,AM_38,
2405,CRS3035RES1000mN2024000E3172000,28027618,95.0
2406,CRS3035RES1000mN2024000E3172000,28027591,92.0
2407,CRS3035RES1000mN2024000E3172000,28027606,109.0
2408,CRS3035RES1000mN2024000E3172000,28027898,92.0
2409,CRS3035RES1000mN2024000E3172000,28041810,99.0
2410,CRS3035RES1000mN2024000E3172000,AM_1,114.0
2411,CRS3035RES1000mN2024000E3172000,AM_2,97.0
2412,CRS3035RES1000mN2024000E3172000,AM_3,117.0
2413,CRS3035RES1000mN2024000E3172000,AM_5,89.0
2414,CRS3035RES1000mN2024000E3172000,AM_8,
2415,CRS3035RES1000mN2024000E3172000,AM_9,
2416,CRS3035RES1000mN2024000E3172000,AM_10,91.0
2417,CRS3035RES1000mN2024000E3172000,AM_11,90.0
2418,CRS3035RES1000mN2024000E3172000,AM_12,103.0
2419,CRS3035RES1000mN2024000E3172000,AM_13,112.0
2420,CRS3035RES1000mN2024000E3172000,AM_14,96.0
2421,CRS3035RES1000mN2024000E3172000,AM_15,68.0
2422,CRS3035RES1000mN2024000E3172000,AM_16,89.0
2423,CRS3035RES1000mN2024000E3172000,AM_17,107.0
2424,CRS3035RES1000mN2024000E3172000,AM_19,85.0
2425,CRS3035RES1000mN2024000E3172000,AM_20,54.0
2426,CRS3035RES1000mN2024000E3172000,AM_21,92.0
2427,CRS3035RES1000mN2024000E3172000,AM_22,57.0
2428,CRS3035RES1000mN2024000E3172000,AM_23,76.0
2429,CRS3035RES1000mN2024000E3172000,AM_24,116.0
2430,CRS3035RES1000mN2024000E3172000,AM_25,94.0
2431,CRS3035RES1000mN2024000E3172000,AM_27,
2432,CRS3035RES1000mN2024000E3172000,AM_28,101.0
2433,CRS3035RES1000mN2024000E3172000,AM_29,113.0
2434,CRS3035RES1000mN2024000E3172000,AM_30,107.0
2435,CRS3035RES1000mN2024000E3172000,AM_32,90.0
2436,CRS3035RES1000mN2024000E3172000,AM_33,83.0
2437,CRS3035RES1000mN2024000E3172000,AM_34,115.0
2438,CRS3035RES1000mN2024000E3172000,AM_35,90.0
2439,CRS3035RES1000mN2024000E3172000,AM_36,90.0
2440,CRS3035RES1000mN2024000E3172000,AM_37,
2441,CRS3035RES1000mN2024000E3172000,AM_38,114.0
2442,CRS3035RES1000mN2024000E3174000,28027618,76.0
2443,CRS3035RES1000mN2024000E3174000,28027591,73.0
2444,CRS3035RES1000mN2024000E3174000,28027606,82.0
2445,CRS3035RES1000mN2024000E3174000,28027898,62.0
2446,CRS3035RES1000mN2024000E3174000,28041810,97.0
2447,CRS3035RES1000mN2024000E3174000,AM_1,111.0
2448,CRS3035RES1000mN2024000E3174000,AM_2,79.0
2449,CRS3035RES1000mN2024000E3174000,AM_3,115.0
2450,CRS3035RES1000mN2024000E3174000,AM_5,74.0
2451,CRS3035RES1000mN2024000E3174000,AM_8,
2452,CRS3035RES1000mN2024000E3174000,AM_9,112.0
2453,CRS3035RES1000mN2024000E3174000,AM_10,67.0
2454,CRS3035RES1000mN2024000E3174000,AM_11,72.0
2455,CRS3035RES1000mN2024000E3174000,AM_12,88.0
2456,CRS3035RES1000mN2024000E3174000,AM_13,82.0
2457,CRS3035RES1000mN2024000E3174000,AM_14,75.0
2458,CRS3035RES1000mN2024000E3174000,AM_15,69.0
2459,CRS3035RES1000mN2024000E3174000,AM_16,83.0
2460,CRS3035RES1000mN2024000E3174000,AM_17,105.0
2461,CRS3035RES1000mN2024000E3174000,AM_19,69.0
2462,CRS3035RES1000mN2024000E3174000,AM_20,56.0
2463,CRS3035RES1000mN2024000E3174000,AM_21,77.0
2464,CRS3035RES1000mN2024000E3174000,AM_22,60.0
2465,CRS3035RES1000mN2024000E3174000,AM_23,64.0
2466,CRS3035RES1000mN2024000E3174000,AM_24,112.0
2467,CRS3035RES1000mN2024000E3174000,AM_25,79.0
2468,CRS3035RES1000mN2024000E3174000,AM_27,
2469,CRS3035RES1000mN2024000E3174000,AM_28,80.0
2470,CRS3035RES1000mN2024000E3174000,AM_29,113.0
2471,CRS3035RES1000mN2024000E3174000,AM_30,102.0
2472,CRS3035RES1000mN2024000E3174000,AM_32,73.0
2473,CRS3035RES1000mN2024000E3174000,AM_33,68.0
2474,CRS3035RES1000mN2024000E3174000,AM_34,75.0
2475,CRS3035RES1000mN2024000E3174000,AM_35,71.0
2476,CRS3035RES1000mN2024000E3174000,AM_36,75.0
2477,CRS3035RES1000mN2024000E3174000,AM_37,106.0
2478,CRS3035RES1000mN2024000E3174000,AM_38,108.0
2479,CRS3035RES1000mN2025000E3175000,28027618,91.0
2480,CRS3035RES1000mN2025000E3175000,28027591,89.0
2481,CRS3035RES1000mN2025000E3175000,28027606,102.0
2482,CRS3035RES1000mN2025000E3175000,28027898,85.0
2483,CRS3035RES1000mN2025000E3175000,28041810,118.0
2484,CRS3035RES1000mN2025000E3175000,AM_1,
2485,CRS3035RES1000mN2025000E3175000,AM_2,94.0
2486,CRS3035RES1000mN2025000E3175000,AM_3,
2487,CRS3035RES1000mN2025000E3175000,AM_5,88.0
2488,CRS3035RES1000mN2025000E3175000,AM_8,
2489,CRS3035RES1000mN2025000E3175000,AM_9,
2490,CRS3035RES1000mN2025000E3175000,AM_10,83.0
2491,CRS3035RES1000mN2025000E3175000,AM_11,87.0
2492,CRS3035RES1000mN2025000E3175000,AM_12,103.0
2493,CRS3035RES1000mN2025000E3175000,AM_13,102.0
2494,CRS3035RES1000mN2025000E3175000,AM_14,89.0
2495,CRS3035RES1000mN2025000E3175000,AM_15,90.0
2496,CRS3035RES1000mN2025000E3175000,AM_16,98.0
2497,CRS3035RES1000mN2025000E3175000,AM_17,
2498,CRS3035RES1000mN2025000E3175000,AM_19,84.0
2499,CRS3035RES1000mN2025000E3175000,AM_20,79.0
2500,CRS3035RES1000mN2025000E3175000,AM_21,91.0
2501,CRS3035RES1000mN2025000E3175000,AM_22,82.0
2502,CRS3035RES1000mN2025000E3175000,AM_23,78.0
2503,CRS3035RES1000mN2025000E3175000,AM_24,
2504,CRS3035RES1000mN2025000E3175000,AM_25,94.0
2505,CRS3035RES1000mN2025000E3175000,AM_27,
2506,CRS3035RES1000mN2025000E3175000,AM_28,94.0
2507,CRS3035RES1000mN2025000E3175000,AM_29,
2508,CRS3035RES1000mN2025000E3175000,AM_30,
2509,CRS3035RES1000mN2025000E3175000,AM_32,88.0
2510,CRS3035RES1000mN2025000E3175000,AM_33,82.0
2511,CRS3035RES1000mN2025000E3175000,AM_34,95.0
2512,CRS3035RES1000mN2025000E3175000,AM_35,87.0
2513,CRS3035RES1000mN2025000E3175000,AM_36,89.0
2514,CRS3035RES1000mN2025000E3175000,AM_37,
2515,CRS3035RES1000mN2025000E3175000,AM_38,
