,from_id,to_id,travel_time
0,CRS3035RES1000mN2012000E3164000,28027618,
1,CRS3035RES1000mN2012000E3164000,28027591,
2,CRS3035RES1000mN2012000E3164000,28027606,
3,CRS3035RES1000mN2012000E3164000,28027898,
4,CRS3035RES1000mN2012000E3164000,28041810,
5,CRS3035RES1000mN2012000E3164000,AM_1,
6,CRS3035RES1000mN2012000E3164000,AM_2,
7,CRS3035RES1000mN2012000E3164000,AM_3,
8,CRS3035RES1000mN2012000E3164000,AM_5,
9,CRS3035RES1000mN2012000E3164000,AM_8,
10,CRS3035RES1000mN2012000E3164000,AM_9,
11,CRS3035RES1000mN2012000E3164000,AM_10,
12,CRS3035RES1000mN2012000E3164000,AM_11,
13,CRS3035RES1000mN2012000E3164000,AM_12,
14,CRS3035RES1000mN2012000E3164000,AM_13,
15,CRS3035RES1000mN2012000E3164000,AM_14,
16,CRS3035RES1000mN2012000E3164000,AM_15,
17,CRS3035RES1000mN2012000E3164000,AM_16,
18,CRS3035RES1000mN2012000E3164000,AM_17,
19,CRS3035RES1000mN2012000E3164000,AM_19,
20,CRS3035RES1000mN2012000E3164000,AM_20,
21,CRS3035RES1000mN2012000E3164000,AM_21,
22,CRS3035RES1000mN2012000E3164000,AM_22,
23,CRS3035RES1000mN2012000E3164000,AM_23,
24,CRS3035RES1000mN2012000E3164000,AM_24,
25,CRS3035RES1000mN2012000E3164000,AM_25,
26,CRS3035RES1000mN2012000E3164000,AM_27,
27,CRS3035RES1000mN2012000E3164000,AM_28,
28,CRS3035RES1000mN2012000E3164000,AM_29,
29,CRS3035RES1000mN2012000E3164000,AM_30,
30,CRS3035RES1000mN2012000E3164000,AM_32,
31,CRS3035RES1000mN2012000E3164000,AM_33,
32,CRS3035RES1000mN2012000E3164000,AM_34,
33,CRS3035RES1000mN2012000E3164000,AM_35,
34,CRS3035RES1000mN2012000E3164000,AM_36,
35,CRS3035RES1000mN2012000E3164000,AM_37,
36,CRS3035RES1000mN2012000E3164000,AM_38,
37,CRS3035RES1000mN2012000E3165000,28027618,
38,CRS3035RES1000mN2012000E3165000,28027591,
39,CRS3035RES1000mN2012000E3165000,28027606,
40,CRS3035RES1000mN2012000E3165000,28027898,
41,CRS3035RES1000mN2012000E3165000,28041810,
42,CRS3035RES1000mN2012000E3165000,AM_1,
43,CRS3035RES1000mN2012000E3165000,AM_2,
44,CRS3035RES1000mN2012000E3165000,AM_3,
45,CRS3035RES1000mN2012000E3165000,AM_5,
46,CRS3035RES1000mN2012000E3165000,AM_8,
47,CRS3035RES1000mN2012000E3165000,AM_9,
48,CRS3035RES1000mN2012000E3165000,AM_10,
49,CRS3035RES1000mN2012000E3165000,AM_11,
50,CRS3035RES1000mN2012000E3165000,AM_12,
51,CRS3035RES1000mN2012000E3165000,AM_13,
52,CRS3035RES1000mN2012000E3165000,AM_14,
53,CRS3035RES1000mN2012000E3165000,AM_15,
54,CRS3035RES1000mN2012000E3165000,AM_16,
55,CRS3035RES1000mN2012000E3165000,AM_17,
56,CRS3035RES1000mN2012000E3165000,AM_19,
57,CRS3035RES1000mN2012000E3165000,AM_20,
58,CRS3035RES1000mN2012000E3165000,AM_21,
59,CRS3035RES1000mN2012000E3165000,AM_22,
60,CRS3035RES1000mN2012000E3165000,AM_23,
61,CRS3035RES1000mN2012000E3165000,AM_24,
62,CRS3035RES1000mN2012000E3165000,AM_25,
63,CRS3035RES1000mN2012000E3165000,AM_27,
64,CRS3035RES1000mN2012000E3165000,AM_28,
65,CRS3035RES1000mN2012000E3165000,AM_29,
66,CRS3035RES1000mN2012000E3165000,AM_30,
67,CRS3035RES1000mN2012000E3165000,AM_32,
68,CRS3035RES1000mN2012000E3165000,AM_33,
69,CRS3035RES1000mN2012000E3165000,AM_34,
70,CRS3035RES1000mN2012000E3165000,AM_35,
71,CRS3035RES1000mN2012000E3165000,AM_36,
72,CRS3035RES1000mN2012000E3165000,AM_37,
73,CRS3035RES1000mN2012000E3165000,AM_38,
74,CRS3035RES1000mN2013000E3163000,28027618,
75,CRS3035RES1000mN2013000E3163000,28027591,
76,CRS3035RES1000mN2013000E3163000,28027606,
77,CRS3035RES1000mN2013000E3163000,28027898,
78,CRS3035RES1000mN2013000E3163000,28041810,
79,CRS3035RES1000mN2013000E3163000,AM_1,
80,CRS3035RES1000mN2013000E3163000,AM_2,
81,CRS3035RES1000mN2013000E3163000,AM_3,
82,CRS3035RES1000mN2013000E3163000,AM_5,
83,CRS3035RES1000mN2013000E3163000,AM_8,
84,CRS3035RES1000mN2013000E3163000,AM_9,
85,CRS3035RES1000mN2013000E3163000,AM_10,
86,CRS3035RES1000mN2013000E3163000,AM_11,
87,CRS3035RES1000mN2013000E3163000,AM_12,
88,CRS3035RES1000mN2013000E3163000,AM_13,
89,CRS3035RES1000mN2013000E3163000,AM_14,
90,CRS3035RES1000mN2013000E3163000,AM_15,
91,CRS3035RES1000mN2013000E3163000,AM_16,
92,CRS3035RES1000mN2013000E3163000,AM_17,
93,CRS3035RES1000mN2013000E3163000,AM_19,
94,CRS3035RES1000mN2013000E3163000,AM_20,
95,CRS3035RES1000mN2013000E3163000,AM_21,
96,CRS3035RES1000mN2013000E3163000,AM_22,
97,CRS3035RES1000mN2013000E3163000,AM_23,
98,CRS3035RES1000mN2013000E3163000,AM_24,
99,CRS3035RES1000mN2013000E3163000,AM_25,
100,CRS3035RES1000mN2013000E3163000,AM_27,
101,CRS3035RES1000mN2013000E3163000,AM_28,
102,CRS3035RES1000mN2013000E3163000,AM_29,
103,CRS3035RES1000mN2013000E3163000,AM_30,
104,CRS3035RES1000mN2013000E3163000,AM_32,
105,CRS3035RES1000mN2013000E3163000,AM_33,
106,CRS3035RES1000mN2013000E3163000,AM_34,
107,CRS3035RES1000mN2013000E3163000,AM_35,
108,CRS3035RES1000mN2013000E3163000,AM_36,
109,CRS3035RES1000mN2013000E3163000,AM_37,
110,CRS3035RES1000mN2013000E3163000,AM_38,
111,CRS3035RES1000mN2013000E3164000,28027618,
112,CRS3035RES1000mN2013000E3164000,28027591,
113,CRS3035RES1000mN2013000E3164000,28027606,
114,CRS3035RES1000mN2013000E3164000,28027898,
115,CRS3035RES1000mN2013000E3164000,28041810,
116,CRS3035RES1000mN2013000E3164000,AM_1,
117,CRS3035RES1000mN2013000E3164000,AM_2,
118,CRS3035RES1000mN2013000E3164000,AM_3,
119,CRS3035RES1000mN2013000E3164000,AM_5,
120,CRS3035RES1000mN2013000E3164000,AM_8,
121,CRS3035RES1000mN2013000E3164000,AM_9,
122,CRS3035RES1000mN2013000E3164000,AM_10,
123,CRS3035RES1000mN2013000E3164000,AM_11,
124,CRS3035RES1000mN2013000E3164000,AM_12,
125,CRS3035RES1000mN2013000E3164000,AM_13,
126,CRS3035RES1000mN2013000E3164000,AM_14,
127,CRS3035RES1000mN2013000E3164000,AM_15,
128,CRS3035RES1000mN2013000E3164000,AM_16,
129,CRS3035RES1000mN2013000E3164000,AM_17,
130,CRS3035RES1000mN2013000E3164000,AM_19,
131,CRS3035RES1000mN2013000E3164000,AM_20,
132,CRS3035RES1000mN2013000E3164000,AM_21,
133,CRS3035RES1000mN2013000E3164000,AM_22,
134,CRS3035RES1000mN2013000E3164000,AM_23,
135,CRS3035RES1000mN2013000E3164000,AM_24,
136,CRS3035RES1000mN2013000E3164000,AM_25,
137,CRS3035RES1000mN2013000E3164000,AM_27,
138,CRS3035RES1000mN2013000E3164000,AM_28,
139,CRS3035RES1000mN2013000E3164000,AM_29,
140,CRS3035RES1000mN2013000E3164000,AM_30,
141,CRS3035RES1000mN2013000E3164000,AM_32,
142,CRS3035RES1000mN2013000E3164000,AM_33,
143,CRS3035RES1000mN2013000E3164000,AM_34,
144,CRS3035RES1000mN2013000E3164000,AM_35,
145,CRS3035RES1000mN2013000E3164000,AM_36,
146,CRS3035RES1000mN2013000E3164000,AM_37,
147,CRS3035RES1000mN2013000E3164000,AM_38,
148,CRS3035RES1000mN2013000E3165000,28027618,
149,CRS3035RES1000mN2013000E3165000,28027591,
150,CRS3035RES1000mN2013000E3165000,28027606,
151,CRS3035RES1000mN2013000E3165000,28027898,
152,CRS3035RES1000mN2013000E3165000,28041810,
153,CRS3035RES1000mN2013000E3165000,AM_1,
154,CRS3035RES1000mN2013000E3165000,AM_2,
155,CRS3035RES1000mN2013000E3165000,AM_3,
156,CRS3035RES1000mN2013000E3165000,AM_5,
157,CRS3035RES1000mN2013000E3165000,AM_8,
158,CRS3035RES1000mN2013000E3165000,AM_9,
159,CRS3035RES1000mN2013000E3165000,AM_10,
160,CRS3035RES1000mN2013000E3165000,AM_11,
161,CRS3035RES1000mN2013000E3165000,AM_12,
162,CRS3035RES1000mN2013000E3165000,AM_13,
163,CRS3035RES1000mN2013000E3165000,AM_14,
164,CRS3035RES1000mN2013000E3165000,AM_15,
165,CRS3035RES1000mN2013000E3165000,AM_16,
166,CRS3035RES1000mN2013000E3165000,AM_17,
167,CRS3035RES1000mN2013000E3165000,AM_19,
168,CRS3035RES1000mN2013000E3165000,AM_20,
169,CRS3035RES1000mN2013000E3165000,AM_21,
170,CRS3035RES1000mN2013000E3165000,AM_22,
171,CRS3035RES1000mN2013000E3165000,AM_23,
172,CRS3035RES1000mN2013000E3165000,AM_24,
173,CRS3035RES1000mN2013000E3165000,AM_25,
174,CRS3035RES1000mN2013000E3165000,AM_27,
175,CRS3035RES1000mN2013000E3165000,AM_28,
176,CRS3035RES1000mN2013000E3165000,AM_29,
177,CRS3035RES1000mN2013000E3165000,AM_30,
178,CRS3035RES1000mN2013000E3165000,AM_32,
179,CRS3035RES1000mN2013000E3165000,AM_33,
180,CRS3035RES1000mN2013000E3165000,AM_34,
181,CRS3035RES1000mN2013000E3165000,AM_35,
182,CRS3035RES1000mN2013000E3165000,AM_36,
183,CRS3035RES1000mN2013000E3165000,AM_37,
184,CRS3035RES1000mN2013000E3165000,AM_38,
185,CRS3035RES1000mN2014000E3155000,28027618,
186,CRS3035RES1000mN2014000E3155000,28027591,117.0
187,CRS3035RES1000mN2014000E3155000,28027606,
188,CRS3035RES1000mN2014000E3155000,28027898,
189,CRS3035RES1000mN2014000E3155000,28041810,75.0
190,CRS3035RES1000mN2014000E3155000,AM_1,94.0
191,CRS3035RES1000mN2014000E3155000,AM_2,
192,CRS3035RES1000mN2014000E3155000,AM_3,
193,CRS3035RES1000mN2014000E3155000,AM_5,113.0
194,CRS3035RES1000mN2014000E3155000,AM_8,
195,CRS3035RES1000mN2014000E3155000,AM_9,
196,CRS3035RES1000mN2014000E3155000,AM_10,119.0
197,CRS3035RES1000mN2014000E3155000,AM_11,115.0
198,CRS3035RES1000mN2014000E3155000,AM_12,
199,CRS3035RES1000mN2014000E3155000,AM_13,
200,CRS3035RES1000mN2014000E3155000,AM_14,
201,CRS3035RES1000mN2014000E3155000,AM_15,
202,CRS3035RES1000mN2014000E3155000,AM_16,111.0
203,CRS3035RES1000mN2014000E3155000,AM_17,92.0
204,CRS3035RES1000mN2014000E3155000,AM_19,
205,CRS3035RES1000mN2014000E3155000,AM_20,
206,CRS3035RES1000mN2014000E3155000,AM_21,117.0
207,CRS3035RES1000mN2014000E3155000,AM_22,
208,CRS3035RES1000mN2014000E3155000,AM_23,110.0
209,CRS3035RES1000mN2014000E3155000,AM_24,87.0
210,CRS3035RES1000mN2014000E3155000,AM_25,119.0
211,CRS3035RES1000mN2014000E3155000,AM_27,117.0
212,CRS3035RES1000mN2014000E3155000,AM_28,
213,CRS3035RES1000mN2014000E3155000,AM_29,
214,CRS3035RES1000mN2014000E3155000,AM_30,88.0
215,CRS3035RES1000mN2014000E3155000,AM_32,114.0
216,CRS3035RES1000mN2014000E3155000,AM_33,107.0
217,CRS3035RES1000mN2014000E3155000,AM_34,
218,CRS3035RES1000mN2014000E3155000,AM_35,
219,CRS3035RES1000mN2014000E3155000,AM_36,114.0
220,CRS3035RES1000mN2014000E3155000,AM_37,
221,CRS3035RES1000mN2014000E3155000,AM_38,
222,CRS3035RES1000mN2014000E3156000,28027618,110.0
223,CRS3035RES1000mN2014000E3156000,28027591,109.0
224,CRS3035RES1000mN2014000E3156000,28027606,
225,CRS3035RES1000mN2014000E3156000,28027898,
226,CRS3035RES1000mN2014000E3156000,28041810,78.0
227,CRS3035RES1000mN2014000E3156000,AM_1,111.0
228,CRS3035RES1000mN2014000E3156000,AM_2,114.0
229,CRS3035RES1000mN2014000E3156000,AM_3,
230,CRS3035RES1000mN2014000E3156000,AM_5,103.0
231,CRS3035RES1000mN2014000E3156000,AM_8,
232,CRS3035RES1000mN2014000E3156000,AM_9,
233,CRS3035RES1000mN2014000E3156000,AM_10,111.0
234,CRS3035RES1000mN2014000E3156000,AM_11,106.0
235,CRS3035RES1000mN2014000E3156000,AM_12,
236,CRS3035RES1000mN2014000E3156000,AM_13,
237,CRS3035RES1000mN2014000E3156000,AM_14,112.0
238,CRS3035RES1000mN2014000E3156000,AM_15,114.0
239,CRS3035RES1000mN2014000E3156000,AM_16,93.0
240,CRS3035RES1000mN2014000E3156000,AM_17,95.0
241,CRS3035RES1000mN2014000E3156000,AM_19,103.0
242,CRS3035RES1000mN2014000E3156000,AM_20,109.0
243,CRS3035RES1000mN2014000E3156000,AM_21,106.0
244,CRS3035RES1000mN2014000E3156000,AM_22,112.0
245,CRS3035RES1000mN2014000E3156000,AM_23,93.0
246,CRS3035RES1000mN2014000E3156000,AM_24,104.0
247,CRS3035RES1000mN2014000E3156000,AM_25,105.0
248,CRS3035RES1000mN2014000E3156000,AM_27,
249,CRS3035RES1000mN2014000E3156000,AM_28,118.0
250,CRS3035RES1000mN2014000E3156000,AM_29,117.0
251,CRS3035RES1000mN2014000E3156000,AM_30,92.0
252,CRS3035RES1000mN2014000E3156000,AM_32,107.0
253,CRS3035RES1000mN2014000E3156000,AM_33,100.0
254,CRS3035RES1000mN2014000E3156000,AM_34,
255,CRS3035RES1000mN2014000E3156000,AM_35,112.0
256,CRS3035RES1000mN2014000E3156000,AM_36,104.0
257,CRS3035RES1000mN2014000E3156000,AM_37,
258,CRS3035RES1000mN2014000E3156000,AM_38,118.0
259,CRS3035RES1000mN2014000E3157000,28027618,84.0
260,CRS3035RES1000mN2014000E3157000,28027591,84.0
261,CRS3035RES1000mN2014000E3157000,28027606,97.0
262,CRS3035RES1000mN2014000E3157000,28027898,97.0
263,CRS3035RES1000mN2014000E3157000,28041810,48.0
264,CRS3035RES1000mN2014000E3157000,AM_1,82.0
265,CRS3035RES1000mN2014000E3157000,AM_2,90.0
266,CRS3035RES1000mN2014000E3157000,AM_3,94.0
267,CRS3035RES1000mN2014000E3157000,AM_5,80.0
268,CRS3035RES1000mN2014000E3157000,AM_8,
269,CRS3035RES1000mN2014000E3157000,AM_9,117.0
270,CRS3035RES1000mN2014000E3157000,AM_10,84.0
271,CRS3035RES1000mN2014000E3157000,AM_11,79.0
272,CRS3035RES1000mN2014000E3157000,AM_12,96.0
273,CRS3035RES1000mN2014000E3157000,AM_13,97.0
274,CRS3035RES1000mN2014000E3157000,AM_14,87.0
275,CRS3035RES1000mN2014000E3157000,AM_15,90.0
276,CRS3035RES1000mN2014000E3157000,AM_16,66.0
277,CRS3035RES1000mN2014000E3157000,AM_17,75.0
278,CRS3035RES1000mN2014000E3157000,AM_19,78.0
279,CRS3035RES1000mN2014000E3157000,AM_20,85.0
280,CRS3035RES1000mN2014000E3157000,AM_21,83.0
281,CRS3035RES1000mN2014000E3157000,AM_22,88.0
282,CRS3035RES1000mN2014000E3157000,AM_23,68.0
283,CRS3035RES1000mN2014000E3157000,AM_24,77.0
284,CRS3035RES1000mN2014000E3157000,AM_25,83.0
285,CRS3035RES1000mN2014000E3157000,AM_27,101.0
286,CRS3035RES1000mN2014000E3157000,AM_28,94.0
287,CRS3035RES1000mN2014000E3157000,AM_29,93.0
288,CRS3035RES1000mN2014000E3157000,AM_30,69.0
289,CRS3035RES1000mN2014000E3157000,AM_32,82.0
290,CRS3035RES1000mN2014000E3157000,AM_33,74.0
291,CRS3035RES1000mN2014000E3157000,AM_34,108.0
292,CRS3035RES1000mN2014000E3157000,AM_35,87.0
293,CRS3035RES1000mN2014000E3157000,AM_36,80.0
294,CRS3035RES1000mN2014000E3157000,AM_37,109.0
295,CRS3035RES1000mN2014000E3157000,AM_38,93.0
296,CRS3035RES1000mN2014000E3158000,28027618,
297,CRS3035RES1000mN2014000E3158000,28027591,
298,CRS3035RES1000mN2014000E3158000,28027606,
299,CRS3035RES1000mN2014000E3158000,28027898,
300,CRS3035RES1000mN2014000E3158000,28041810,100.0
301,CRS3035RES1000mN2014000E3158000,AM_1,
302,CRS3035RES1000mN2014000E3158000,AM_2,
303,CRS3035RES1000mN2014000E3158000,AM_3,
304,CRS3035RES1000mN2014000E3158000,AM_5,
305,CRS3035RES1000mN2014000E3158000,AM_8,
306,CRS3035RES1000mN2014000E3158000,AM_9,
307,CRS3035RES1000mN2014000E3158000,AM_10,
308,CRS3035RES1000mN2014000E3158000,AM_11,
309,CRS3035RES1000mN2014000E3158000,AM_12,
310,CRS3035RES1000mN2014000E3158000,AM_13,
311,CRS3035RES1000mN2014000E3158000,AM_14,
312,CRS3035RES1000mN2014000E3158000,AM_15,
313,CRS3035RES1000mN2014000E3158000,AM_16,
314,CRS3035RES1000mN2014000E3158000,AM_17,119.0
315,CRS3035RES1000mN2014000E3158000,AM_19,
316,CRS3035RES1000mN2014000E3158000,AM_20,
317,CRS3035RES1000mN2014000E3158000,AM_21,
318,CRS3035RES1000mN2014000E3158000,AM_22,
319,CRS3035RES1000mN2014000E3158000,AM_23,
320,CRS3035RES1000mN2014000E3158000,AM_24,
321,CRS3035RES1000mN2014000E3158000,AM_25,
322,CRS3035RES1000mN2014000E3158000,AM_27,
323,CRS3035RES1000mN2014000E3158000,AM_28,
324,CRS3035RES1000mN2014000E3158000,AM_29,
325,CRS3035RES1000mN2014000E3158000,AM_30,116.0
326,CRS3035RES1000mN2014000E3158000,AM_32,
327,CRS3035RES1000mN2014000E3158000,AM_33,
328,CRS3035RES1000mN2014000E3158000,AM_34,
329,CRS3035RES1000mN2014000E3158000,AM_35,
330,CRS3035RES1000mN2014000E3158000,AM_36,
331,CRS3035RES1000mN2014000E3158000,AM_37,
332,CRS3035RES1000mN2014000E3158000,AM_38,
333,CRS3035RES1000mN2014000E3159000,28027618,
334,CRS3035RES1000mN2014000E3159000,28027591,
335,CRS3035RES1000mN2014000E3159000,28027606,
336,CRS3035RES1000mN2014000E3159000,28027898,
337,CRS3035RES1000mN2014000E3159000,28041810,108.0
338,CRS3035RES1000mN2014000E3159000,AM_1,
339,CRS3035RES1000mN2014000E3159000,AM_2,
340,CRS3035RES1000mN2014000E3159000,AM_3,
341,CRS3035RES1000mN2014000E3159000,AM_5,
342,CRS3035RES1000mN2014000E3159000,AM_8,
343,CRS3035RES1000mN2014000E3159000,AM_9,
344,CRS3035RES1000mN2014000E3159000,AM_10,
345,CRS3035RES1000mN2014000E3159000,AM_11,
346,CRS3035RES1000mN2014000E3159000,AM_12,
347,CRS3035RES1000mN2014000E3159000,AM_13,
348,CRS3035RES1000mN2014000E3159000,AM_14,
349,CRS3035RES1000mN2014000E3159000,AM_15,
350,CRS3035RES1000mN2014000E3159000,AM_16,
351,CRS3035RES1000mN2014000E3159000,AM_17,
352,CRS3035RES1000mN2014000E3159000,AM_19,
353,CRS3035RES1000mN2014000E3159000,AM_20,
354,CRS3035RES1000mN2014000E3159000,AM_21,
355,CRS3035RES1000mN2014000E3159000,AM_22,
356,CRS3035RES1000mN2014000E3159000,AM_23,
357,CRS3035RES1000mN2014000E3159000,AM_24,
358,CRS3035RES1000mN2014000E3159000,AM_25,
359,CRS3035RES1000mN2014000E3159000,AM_27,
360,CRS3035RES1000mN2014000E3159000,AM_28,
361,CRS3035RES1000mN2014000E3159000,AM_29,
362,CRS3035RES1000mN2014000E3159000,AM_30,
363,CRS3035RES1000mN2014000E3159000,AM_32,
364,CRS3035RES1000mN2014000E3159000,AM_33,
365,CRS3035RES1000mN2014000E3159000,AM_34,
366,CRS3035RES1000mN2014000E3159000,AM_35,
367,CRS3035RES1000mN2014000E3159000,AM_36,
368,CRS3035RES1000mN2014000E3159000,AM_37,
369,CRS3035RES1000mN2014000E3159000,AM_38,
370,CRS3035RES1000mN2014000E3163000,28027618,
371,CRS3035RES1000mN2014000E3163000,28027591,
372,CRS3035RES1000mN2014000E3163000,28027606,
373,CRS3035RES1000mN2014000E3163000,28027898,
374,CRS3035RES1000mN2014000E3163000,28041810,
375,CRS3035RES1000mN2014000E3163000,AM_1,
376,CRS3035RES1000mN2014000E3163000,AM_2,
377,CRS3035RES1000mN2014000E3163000,AM_3,
378,CRS3035RES1000mN2014000E3163000,AM_5,
379,CRS3035RES1000mN2014000E3163000,AM_8,
380,CRS3035RES1000mN2014000E3163000,AM_9,
381,CRS3035RES1000mN2014000E3163000,AM_10,
382,CRS3035RES1000mN2014000E3163000,AM_11,
383,CRS3035RES1000mN2014000E3163000,AM_12,
384,CRS3035RES1000mN2014000E3163000,AM_13,
385,CRS3035RES1000mN2014000E3163000,AM_14,
386,CRS3035RES1000mN2014000E3163000,AM_15,
387,CRS3035RES1000mN2014000E3163000,AM_16,
388,CRS3035RES1000mN2014000E3163000,AM_17,
389,CRS3035RES1000mN2014000E3163000,AM_19,
390,CRS3035RES1000mN2014000E3163000,AM_20,
391,CRS3035RES1000mN2014000E3163000,AM_21,
392,CRS3035RES1000mN2014000E3163000,AM_22,
393,CRS3035RES1000mN2014000E3163000,AM_23,
394,CRS3035RES1000mN2014000E3163000,AM_24,
395,CRS3035RES1000mN2014000E3163000,AM_25,
396,CRS3035RES1000mN2014000E3163000,AM_27,
397,CRS3035RES1000mN2014000E3163000,AM_28,
398,CRS3035RES1000mN2014000E3163000,AM_29,
399,CRS3035RES1000mN2014000E3163000,AM_30,
400,CRS3035RES1000mN2014000E3163000,AM_32,
401,CRS3035RES1000mN2014000E3163000,AM_33,
402,CRS3035RES1000mN2014000E3163000,AM_34,
403,CRS3035RES1000mN2014000E3163000,AM_35,
404,CRS3035RES1000mN2014000E3163000,AM_36,
405,CRS3035RES1000mN2014000E3163000,AM_37,
406,CRS3035RES1000mN2014000E3163000,AM_38,
407,CRS3035RES1000mN2014000E3164000,28027618,
408,CRS3035RES1000mN2014000E3164000,28027591,
409,CRS3035RES1000mN2014000E3164000,28027606,
410,CRS3035RES1000mN2014000E3164000,28027898,
411,CRS3035RES1000mN2014000E3164000,28041810,
412,CRS3035RES1000mN2014000E3164000,AM_1,
413,CRS3035RES1000mN2014000E3164000,AM_2,
414,CRS3035RES1000mN2014000E3164000,AM_3,
415,CRS3035RES1000mN2014000E3164000,AM_5,
416,CRS3035RES1000mN2014000E3164000,AM_8,
417,CRS3035RES1000mN2014000E3164000,AM_9,
418,CRS3035RES1000mN2014000E3164000,AM_10,
419,CRS3035RES1000mN2014000E3164000,AM_11,
420,CRS3035RES1000mN2014000E3164000,AM_12,
421,CRS3035RES1000mN2014000E3164000,AM_13,
422,CRS3035RES1000mN2014000E3164000,AM_14,
423,CRS3035RES1000mN2014000E3164000,AM_15,
424,CRS3035RES1000mN2014000E3164000,AM_16,
425,CRS3035RES1000mN2014000E3164000,AM_17,
426,CRS3035RES1000mN2014000E3164000,AM_19,
427,CRS3035RES1000mN2014000E3164000,AM_20,
428,CRS3035RES1000mN2014000E3164000,AM_21,
429,CRS3035RES1000mN2014000E3164000,AM_22,
430,CRS3035RES1000mN2014000E3164000,AM_23,
431,CRS3035RES1000mN2014000E3164000,AM_24,
432,CRS3035RES1000mN2014000E3164000,AM_25,
433,CRS3035RES1000mN2014000E3164000,AM_27,
434,CRS3035RES1000mN2014000E3164000,AM_28,
435,CRS3035RES1000mN2014000E3164000,AM_29,
436,CRS3035RES1000mN2014000E3164000,AM_30,
437,CRS3035RES1000mN2014000E3164000,AM_32,
438,CRS3035RES1000mN2014000E3164000,AM_33,
439,CRS3035RES1000mN2014000E3164000,AM_34,
440,CRS3035RES1000mN2014000E3164000,AM_35,
441,CRS3035RES1000mN2014000E3164000,AM_36,
442,CRS3035RES1000mN2014000E3164000,AM_37,
443,CRS3035RES1000mN2014000E3164000,AM_38,
444,CRS3035RES1000mN2014000E3165000,28027618,
445,CRS3035RES1000mN2014000E3165000,28027591,
446,CRS3035RES1000mN2014000E3165000,28027606,
447,CRS3035RES1000mN2014000E3165000,28027898,
448,CRS3035RES1000mN2014000E3165000,28041810,
449,CRS3035RES1000mN2014000E3165000,AM_1,
450,CRS3035RES1000mN2014000E3165000,AM_2,
451,CRS3035RES1000mN2014000E3165000,AM_3,
452,CRS3035RES1000mN2014000E3165000,AM_5,
453,CRS3035RES1000mN2014000E3165000,AM_8,
454,CRS3035RES1000mN2014000E3165000,AM_9,
455,CRS3035RES1000mN2014000E3165000,AM_10,
456,CRS3035RES1000mN2014000E3165000,AM_11,
457,CRS3035RES1000mN2014000E3165000,AM_12,
458,CRS3035RES1000mN2014000E3165000,AM_13,
459,CRS3035RES1000mN2014000E3165000,AM_14,
460,CRS3035RES1000mN2014000E3165000,AM_15,
461,CRS3035RES1000mN2014000E3165000,AM_16,
462,CRS3035RES1000mN2014000E3165000,AM_17,
463,CRS3035RES1000mN2014000E3165000,AM_19,
464,CRS3035RES1000mN2014000E3165000,AM_20,
465,CRS3035RES1000mN2014000E3165000,AM_21,
466,CRS3035RES1000mN2014000E3165000,AM_22,
467,CRS3035RES1000mN2014000E3165000,AM_23,
468,CRS3035RES1000mN2014000E3165000,AM_24,
469,CRS3035RES1000mN2014000E3165000,AM_25,
470,CRS3035RES1000mN2014000E3165000,AM_27,
471,CRS3035RES1000mN2014000E3165000,AM_28,
472,CRS3035RES1000mN2014000E3165000,AM_29,
473,CRS3035RES1000mN2014000E3165000,AM_30,
474,CRS3035RES1000mN2014000E3165000,AM_32,
475,CRS3035RES1000mN2014000E3165000,AM_33,
476,CRS3035RES1000mN2014000E3165000,AM_34,
477,CRS3035RES1000mN2014000E3165000,AM_35,
478,CRS3035RES1000mN2014000E3165000,AM_36,
479,CRS3035RES1000mN2014000E3165000,AM_37,
480,CRS3035RES1000mN2014000E3165000,AM_38,
481,CRS3035RES1000mN2014000E3166000,28027618,
482,CRS3035RES1000mN2014000E3166000,28027591,
483,CRS3035RES1000mN2014000E3166000,28027606,
484,CRS3035RES1000mN2014000E3166000,28027898,
485,CRS3035RES1000mN2014000E3166000,28041810,
486,CRS3035RES1000mN2014000E3166000,AM_1,
487,CRS3035RES1000mN2014000E3166000,AM_2,
488,CRS3035RES1000mN2014000E3166000,AM_3,
489,CRS3035RES1000mN2014000E3166000,AM_5,
490,CRS3035RES1000mN2014000E3166000,AM_8,
491,CRS3035RES1000mN2014000E3166000,AM_9,
492,CRS3035RES1000mN2014000E3166000,AM_10,
493,CRS3035RES1000mN2014000E3166000,AM_11,
494,CRS3035RES1000mN2014000E3166000,AM_12,
495,CRS3035RES1000mN2014000E3166000,AM_13,
496,CRS3035RES1000mN2014000E3166000,AM_14,
497,CRS3035RES1000mN2014000E3166000,AM_15,
498,CRS3035RES1000mN2014000E3166000,AM_16,
499,CRS3035RES1000mN2014000E3166000,AM_17,
500,CRS3035RES1000mN2014000E3166000,AM_19,
501,CRS3035RES1000mN2014000E3166000,AM_20,
502,CRS3035RES1000mN2014000E3166000,AM_21,
503,CRS3035RES1000mN2014000E3166000,AM_22,
504,CRS3035RES1000mN2014000E3166000,AM_23,
505,CRS3035RES1000mN2014000E3166000,AM_24,
506,CRS3035RES1000mN2014000E3166000,AM_25,
507,CRS3035RES1000mN2014000E3166000,AM_27,
508,CRS3035RES1000mN2014000E3166000,AM_28,
509,CRS3035RES1000mN2014000E3166000,AM_29,
510,CRS3035RES1000mN2014000E3166000,AM_30,
511,CRS3035RES1000mN2014000E3166000,AM_32,
512,CRS3035RES1000mN2014000E3166000,AM_33,
513,CRS3035RES1000mN2014000E3166000,AM_34,
514,CRS3035RES1000mN2014000E3166000,AM_35,
515,CRS3035RES1000mN2014000E3166000,AM_36,
516,CRS3035RES1000mN2014000E3166000,AM_37,
517,CRS3035RES1000mN2014000E3166000,AM_38,
518,CRS3035RES1000mN2014000E3167000,28027618,
519,CRS3035RES1000mN2014000E3167000,28027591,
520,CRS3035RES1000mN2014000E3167000,28027606,
521,CRS3035RES1000mN2014000E3167000,28027898,
522,CRS3035RES1000mN2014000E3167000,28041810,
523,CRS3035RES1000mN2014000E3167000,AM_1,
524,CRS3035RES1000mN2014000E3167000,AM_2,
525,CRS3035RES1000mN2014000E3167000,AM_3,
526,CRS3035RES1000mN2014000E3167000,AM_5,
527,CRS3035RES1000mN2014000E3167000,AM_8,
528,CRS3035RES1000mN2014000E3167000,AM_9,
529,CRS3035RES1000mN2014000E3167000,AM_10,
530,CRS3035RES1000mN2014000E3167000,AM_11,
531,CRS3035RES1000mN2014000E3167000,AM_12,
532,CRS3035RES1000mN2014000E3167000,AM_13,
533,CRS3035RES1000mN2014000E3167000,AM_14,
534,CRS3035RES1000mN2014000E3167000,AM_15,
535,CRS3035RES1000mN2014000E3167000,AM_16,
536,CRS3035RES1000mN2014000E3167000,AM_17,
537,CRS3035RES1000mN2014000E3167000,AM_19,
538,CRS3035RES1000mN2014000E3167000,AM_20,
539,CRS3035RES1000mN2014000E3167000,AM_21,
540,CRS3035RES1000mN2014000E3167000,AM_22,
541,CRS3035RES1000mN2014000E3167000,AM_23,
542,CRS3035RES1000mN2014000E3167000,AM_24,
543,CRS3035RES1000mN2014000E3167000,AM_25,
544,CRS3035RES1000mN2014000E3167000,AM_27,
545,CRS3035RES1000mN2014000E3167000,AM_28,
546,CRS3035RES1000mN2014000E3167000,AM_29,
547,CRS3035RES1000mN2014000E3167000,AM_30,
548,CRS3035RES1000mN2014000E3167000,AM_32,
549,CRS3035RES1000mN2014000E3167000,AM_33,
550,CRS3035RES1000mN2014000E3167000,AM_34,
551,CRS3035RES1000mN2014000E3167000,AM_35,
552,CRS3035RES1000mN2014000E3167000,AM_36,
553,CRS3035RES1000mN2014000E3167000,AM_37,
554,CRS3035RES1000mN2014000E3167000,AM_38,
555,CRS3035RES1000mN2015000E3153000,28027618,77.0
556,CRS3035RES1000mN2015000E3153000,28027591,74.0
557,CRS3035RES1000mN2015000E3153000,28027606,93.0
558,CRS3035RES1000mN2015000E3153000,28027898,96.0
559,CRS3035RES1000mN2015000E3153000,28041810,44.0
560,CRS3035RES1000mN2015000E3153000,AM_1,58.0
561,CRS3035RES1000mN2015000E3153000,AM_2,80.0
562,CRS3035RES1000mN2015000E3153000,AM_3,93.0
563,CRS3035RES1000mN2015000E3153000,AM_5,71.0
564,CRS3035RES1000mN2015000E3153000,AM_8,119.0
565,CRS3035RES1000mN2015000E3153000,AM_9,113.0
566,CRS3035RES1000mN2015000E3153000,AM_10,77.0
567,CRS3035RES1000mN2015000E3153000,AM_11,72.0
568,CRS3035RES1000mN2015000E3153000,AM_12,89.0
569,CRS3035RES1000mN2015000E3153000,AM_13,95.0
570,CRS3035RES1000mN2015000E3153000,AM_14,78.0
571,CRS3035RES1000mN2015000E3153000,AM_15,90.0
572,CRS3035RES1000mN2015000E3153000,AM_16,69.0
573,CRS3035RES1000mN2015000E3153000,AM_17,59.0
574,CRS3035RES1000mN2015000E3153000,AM_19,79.0
575,CRS3035RES1000mN2015000E3153000,AM_20,80.0
576,CRS3035RES1000mN2015000E3153000,AM_21,75.0
577,CRS3035RES1000mN2015000E3153000,AM_22,83.0
578,CRS3035RES1000mN2015000E3153000,AM_23,67.0
579,CRS3035RES1000mN2015000E3153000,AM_24,51.0
580,CRS3035RES1000mN2015000E3153000,AM_25,76.0
581,CRS3035RES1000mN2015000E3153000,AM_27,85.0
582,CRS3035RES1000mN2015000E3153000,AM_28,83.0
583,CRS3035RES1000mN2015000E3153000,AM_29,92.0
584,CRS3035RES1000mN2015000E3153000,AM_30,53.0
585,CRS3035RES1000mN2015000E3153000,AM_32,72.0
586,CRS3035RES1000mN2015000E3153000,AM_33,65.0
587,CRS3035RES1000mN2015000E3153000,AM_34,100.0
588,CRS3035RES1000mN2015000E3153000,AM_35,79.0
589,CRS3035RES1000mN2015000E3153000,AM_36,72.0
590,CRS3035RES1000mN2015000E3153000,AM_37,102.0
591,CRS3035RES1000mN2015000E3153000,AM_38,91.0
592,CRS3035RES1000mN2015000E3154000,28027618,86.0
593,CRS3035RES1000mN2015000E3154000,28027591,83.0
594,CRS3035RES1000mN2015000E3154000,28027606,102.0
595,CRS3035RES1000mN2015000E3154000,28027898,107.0
596,CRS3035RES1000mN2015000E3154000,28041810,50.0
597,CRS3035RES1000mN2015000E3154000,AM_1,65.0
598,CRS3035RES1000mN2015000E3154000,AM_2,89.0
599,CRS3035RES1000mN2015000E3154000,AM_3,115.0
600,CRS3035RES1000mN2015000E3154000,AM_5,79.0
601,CRS3035RES1000mN2015000E3154000,AM_8,
602,CRS3035RES1000mN2015000E3154000,AM_9,113.0
603,CRS3035RES1000mN2015000E3154000,AM_10,85.0
604,CRS3035RES1000mN2015000E3154000,AM_11,79.0
605,CRS3035RES1000mN2015000E3154000,AM_12,98.0
606,CRS3035RES1000mN2015000E3154000,AM_13,112.0
607,CRS3035RES1000mN2015000E3154000,AM_14,87.0
608,CRS3035RES1000mN2015000E3154000,AM_15,94.0
609,CRS3035RES1000mN2015000E3154000,AM_16,76.0
610,CRS3035RES1000mN2015000E3154000,AM_17,65.0
611,CRS3035RES1000mN2015000E3154000,AM_19,86.0
612,CRS3035RES1000mN2015000E3154000,AM_20,82.0
613,CRS3035RES1000mN2015000E3154000,AM_21,83.0
614,CRS3035RES1000mN2015000E3154000,AM_22,86.0
615,CRS3035RES1000mN2015000E3154000,AM_23,74.0
616,CRS3035RES1000mN2015000E3154000,AM_24,58.0
617,CRS3035RES1000mN2015000E3154000,AM_25,83.0
618,CRS3035RES1000mN2015000E3154000,AM_27,93.0
619,CRS3035RES1000mN2015000E3154000,AM_28,91.0
620,CRS3035RES1000mN2015000E3154000,AM_29,113.0
621,CRS3035RES1000mN2015000E3154000,AM_30,60.0
622,CRS3035RES1000mN2015000E3154000,AM_32,80.0
623,CRS3035RES1000mN2015000E3154000,AM_33,74.0
624,CRS3035RES1000mN2015000E3154000,AM_34,103.0
625,CRS3035RES1000mN2015000E3154000,AM_35,86.0
626,CRS3035RES1000mN2015000E3154000,AM_36,79.0
627,CRS3035RES1000mN2015000E3154000,AM_37,107.0
628,CRS3035RES1000mN2015000E3154000,AM_38,106.0
629,CRS3035RES1000mN2015000E3155000,28027618,105.0
630,CRS3035RES1000mN2015000E3155000,28027591,101.0
631,CRS3035RES1000mN2015000E3155000,28027606,
632,CRS3035RES1000mN2015000E3155000,28027898,
633,CRS3035RES1000mN2015000E3155000,28041810,73.0
634,CRS3035RES1000mN2015000E3155000,AM_1,87.0
635,CRS3035RES1000mN2015000E3155000,AM_2,107.0
636,CRS3035RES1000mN2015000E3155000,AM_3,
637,CRS3035RES1000mN2015000E3155000,AM_5,99.0
638,CRS3035RES1000mN2015000E3155000,AM_8,
639,CRS3035RES1000mN2015000E3155000,AM_9,
640,CRS3035RES1000mN2015000E3155000,AM_10,104.0
641,CRS3035RES1000mN2015000E3155000,AM_11,100.0
642,CRS3035RES1000mN2015000E3155000,AM_12,118.0
643,CRS3035RES1000mN2015000E3155000,AM_13,
644,CRS3035RES1000mN2015000E3155000,AM_14,105.0
645,CRS3035RES1000mN2015000E3155000,AM_15,119.0
646,CRS3035RES1000mN2015000E3155000,AM_16,98.0
647,CRS3035RES1000mN2015000E3155000,AM_17,86.0
648,CRS3035RES1000mN2015000E3155000,AM_19,107.0
649,CRS3035RES1000mN2015000E3155000,AM_20,110.0
650,CRS3035RES1000mN2015000E3155000,AM_21,102.0
651,CRS3035RES1000mN2015000E3155000,AM_22,113.0
652,CRS3035RES1000mN2015000E3155000,AM_23,96.0
653,CRS3035RES1000mN2015000E3155000,AM_24,80.0
654,CRS3035RES1000mN2015000E3155000,AM_25,104.0
655,CRS3035RES1000mN2015000E3155000,AM_27,112.0
656,CRS3035RES1000mN2015000E3155000,AM_28,111.0
657,CRS3035RES1000mN2015000E3155000,AM_29,
658,CRS3035RES1000mN2015000E3155000,AM_30,82.0
659,CRS3035RES1000mN2015000E3155000,AM_32,99.0
660,CRS3035RES1000mN2015000E3155000,AM_33,93.0
661,CRS3035RES1000mN2015000E3155000,AM_34,
662,CRS3035RES1000mN2015000E3155000,AM_35,105.0
663,CRS3035RES1000mN2015000E3155000,AM_36,100.0
664,CRS3035RES1000mN2015000E3155000,AM_37,
665,CRS3035RES1000mN2015000E3155000,AM_38,
666,CRS3035RES1000mN2015000E3156000,28027618,108.0
667,CRS3035RES1000mN2015000E3156000,28027591,108.0
668,CRS3035RES1000mN2015000E3156000,28027606,
669,CRS3035RES1000mN2015000E3156000,28027898,
670,CRS3035RES1000mN2015000E3156000,28041810,77.0
671,CRS3035RES1000mN2015000E3156000,AM_1,110.0
672,CRS3035RES1000mN2015000E3156000,AM_2,113.0
673,CRS3035RES1000mN2015000E3156000,AM_3,
674,CRS3035RES1000mN2015000E3156000,AM_5,102.0
675,CRS3035RES1000mN2015000E3156000,AM_8,
676,CRS3035RES1000mN2015000E3156000,AM_9,
677,CRS3035RES1000mN2015000E3156000,AM_10,111.0
678,CRS3035RES1000mN2015000E3156000,AM_11,104.0
679,CRS3035RES1000mN2015000E3156000,AM_12,119.0
680,CRS3035RES1000mN2015000E3156000,AM_13,
681,CRS3035RES1000mN2015000E3156000,AM_14,111.0
682,CRS3035RES1000mN2015000E3156000,AM_15,112.0
683,CRS3035RES1000mN2015000E3156000,AM_16,92.0
684,CRS3035RES1000mN2015000E3156000,AM_17,98.0
685,CRS3035RES1000mN2015000E3156000,AM_19,102.0
686,CRS3035RES1000mN2015000E3156000,AM_20,107.0
687,CRS3035RES1000mN2015000E3156000,AM_21,105.0
688,CRS3035RES1000mN2015000E3156000,AM_22,110.0
689,CRS3035RES1000mN2015000E3156000,AM_23,92.0
690,CRS3035RES1000mN2015000E3156000,AM_24,103.0
691,CRS3035RES1000mN2015000E3156000,AM_25,105.0
692,CRS3035RES1000mN2015000E3156000,AM_27,
693,CRS3035RES1000mN2015000E3156000,AM_28,117.0
694,CRS3035RES1000mN2015000E3156000,AM_29,116.0
695,CRS3035RES1000mN2015000E3156000,AM_30,95.0
696,CRS3035RES1000mN2015000E3156000,AM_32,106.0
697,CRS3035RES1000mN2015000E3156000,AM_33,99.0
698,CRS3035RES1000mN2015000E3156000,AM_34,
699,CRS3035RES1000mN2015000E3156000,AM_35,111.0
700,CRS3035RES1000mN2015000E3156000,AM_36,103.0
701,CRS3035RES1000mN2015000E3156000,AM_37,
702,CRS3035RES1000mN2015000E3156000,AM_38,117.0
703,CRS3035RES1000mN2015000E3157000,28027618,90.0
704,CRS3035RES1000mN2015000E3157000,28027591,87.0
705,CRS3035RES1000mN2015000E3157000,28027606,102.0
706,CRS3035RES1000mN2015000E3157000,28027898,108.0
707,CRS3035RES1000mN2015000E3157000,28041810,48.0
708,CRS3035RES1000mN2015000E3157000,AM_1,82.0
709,CRS3035RES1000mN2015000E3157000,AM_2,92.0
710,CRS3035RES1000mN2015000E3157000,AM_3,115.0
711,CRS3035RES1000mN2015000E3157000,AM_5,82.0
712,CRS3035RES1000mN2015000E3157000,AM_8,
713,CRS3035RES1000mN2015000E3157000,AM_9,
714,CRS3035RES1000mN2015000E3157000,AM_10,89.0
715,CRS3035RES1000mN2015000E3157000,AM_11,82.0
716,CRS3035RES1000mN2015000E3157000,AM_12,97.0
717,CRS3035RES1000mN2015000E3157000,AM_13,112.0
718,CRS3035RES1000mN2015000E3157000,AM_14,91.0
719,CRS3035RES1000mN2015000E3157000,AM_15,101.0
720,CRS3035RES1000mN2015000E3157000,AM_16,80.0
721,CRS3035RES1000mN2015000E3157000,AM_17,69.0
722,CRS3035RES1000mN2015000E3157000,AM_19,90.0
723,CRS3035RES1000mN2015000E3157000,AM_20,92.0
724,CRS3035RES1000mN2015000E3157000,AM_21,87.0
725,CRS3035RES1000mN2015000E3157000,AM_22,96.0
726,CRS3035RES1000mN2015000E3157000,AM_23,78.0
727,CRS3035RES1000mN2015000E3157000,AM_24,75.0
728,CRS3035RES1000mN2015000E3157000,AM_25,87.0
729,CRS3035RES1000mN2015000E3157000,AM_27,96.0
730,CRS3035RES1000mN2015000E3157000,AM_28,96.0
731,CRS3035RES1000mN2015000E3157000,AM_29,113.0
732,CRS3035RES1000mN2015000E3157000,AM_30,63.0
733,CRS3035RES1000mN2015000E3157000,AM_32,83.0
734,CRS3035RES1000mN2015000E3157000,AM_33,77.0
735,CRS3035RES1000mN2015000E3157000,AM_34,103.0
736,CRS3035RES1000mN2015000E3157000,AM_35,90.0
737,CRS3035RES1000mN2015000E3157000,AM_36,83.0
738,CRS3035RES1000mN2015000E3157000,AM_37,108.0
739,CRS3035RES1000mN2015000E3157000,AM_38,109.0
740,CRS3035RES1000mN2015000E3158000,28027618,117.0
741,CRS3035RES1000mN2015000E3158000,28027591,114.0
742,CRS3035RES1000mN2015000E3158000,28027606,
743,CRS3035RES1000mN2015000E3158000,28027898,
744,CRS3035RES1000mN2015000E3158000,28041810,75.0
745,CRS3035RES1000mN2015000E3158000,AM_1,108.0
746,CRS3035RES1000mN2015000E3158000,AM_2,119.0
747,CRS3035RES1000mN2015000E3158000,AM_3,
748,CRS3035RES1000mN2015000E3158000,AM_5,111.0
749,CRS3035RES1000mN2015000E3158000,AM_8,
750,CRS3035RES1000mN2015000E3158000,AM_9,
751,CRS3035RES1000mN2015000E3158000,AM_10,116.0
752,CRS3035RES1000mN2015000E3158000,AM_11,112.0
753,CRS3035RES1000mN2015000E3158000,AM_12,
754,CRS3035RES1000mN2015000E3158000,AM_13,
755,CRS3035RES1000mN2015000E3158000,AM_14,118.0
756,CRS3035RES1000mN2015000E3158000,AM_15,
757,CRS3035RES1000mN2015000E3158000,AM_16,108.0
758,CRS3035RES1000mN2015000E3158000,AM_17,96.0
759,CRS3035RES1000mN2015000E3158000,AM_19,116.0
760,CRS3035RES1000mN2015000E3158000,AM_20,
761,CRS3035RES1000mN2015000E3158000,AM_21,114.0
762,CRS3035RES1000mN2015000E3158000,AM_22,
763,CRS3035RES1000mN2015000E3158000,AM_23,107.0
764,CRS3035RES1000mN2015000E3158000,AM_24,101.0
765,CRS3035RES1000mN2015000E3158000,AM_25,116.0
766,CRS3035RES1000mN2015000E3158000,AM_27,
767,CRS3035RES1000mN2015000E3158000,AM_28,
768,CRS3035RES1000mN2015000E3158000,AM_29,
769,CRS3035RES1000mN2015000E3158000,AM_30,93.0
770,CRS3035RES1000mN2015000E3158000,AM_32,111.0
771,CRS3035RES1000mN2015000E3158000,AM_33,104.0
772,CRS3035RES1000mN2015000E3158000,AM_34,
773,CRS3035RES1000mN2015000E3158000,AM_35,118.0
774,CRS3035RES1000mN2015000E3158000,AM_36,112.0
775,CRS3035RES1000mN2015000E3158000,AM_37,
776,CRS3035RES1000mN2015000E3158000,AM_38,
777,CRS3035RES1000mN2015000E3159000,28027618,
778,CRS3035RES1000mN2015000E3159000,28027591,
779,CRS3035RES1000mN2015000E3159000,28027606,
780,CRS3035RES1000mN2015000E3159000,28027898,
781,CRS3035RES1000mN2015000E3159000,28041810,80.0
782,CRS3035RES1000mN2015000E3159000,AM_1,
783,CRS3035RES1000mN2015000E3159000,AM_2,
784,CRS3035RES1000mN2015000E3159000,AM_3,
785,CRS3035RES1000mN2015000E3159000,AM_5,
786,CRS3035RES1000mN2015000E3159000,AM_8,
787,CRS3035RES1000mN2015000E3159000,AM_9,
788,CRS3035RES1000mN2015000E3159000,AM_10,
789,CRS3035RES1000mN2015000E3159000,AM_11,
790,CRS3035RES1000mN2015000E3159000,AM_12,
791,CRS3035RES1000mN2015000E3159000,AM_13,
792,CRS3035RES1000mN2015000E3159000,AM_14,
793,CRS3035RES1000mN2015000E3159000,AM_15,
794,CRS3035RES1000mN2015000E3159000,AM_16,116.0
795,CRS3035RES1000mN2015000E3159000,AM_17,108.0
796,CRS3035RES1000mN2015000E3159000,AM_19,
797,CRS3035RES1000mN2015000E3159000,AM_20,
798,CRS3035RES1000mN2015000E3159000,AM_21,
799,CRS3035RES1000mN2015000E3159000,AM_22,
800,CRS3035RES1000mN2015000E3159000,AM_23,115.0
801,CRS3035RES1000mN2015000E3159000,AM_24,113.0
802,CRS3035RES1000mN2015000E3159000,AM_25,
803,CRS3035RES1000mN2015000E3159000,AM_27,
804,CRS3035RES1000mN2015000E3159000,AM_28,
805,CRS3035RES1000mN2015000E3159000,AM_29,
806,CRS3035RES1000mN2015000E3159000,AM_30,106.0
807,CRS3035RES1000mN2015000E3159000,AM_32,
808,CRS3035RES1000mN2015000E3159000,AM_33,
809,CRS3035RES1000mN2015000E3159000,AM_34,
810,CRS3035RES1000mN2015000E3159000,AM_35,
811,CRS3035RES1000mN2015000E3159000,AM_36,
812,CRS3035RES1000mN2015000E3159000,AM_37,
813,CRS3035RES1000mN2015000E3159000,AM_38,
814,CRS3035RES1000mN2015000E3160000,28027618,
815,CRS3035RES1000mN2015000E3160000,28027591,
816,CRS3035RES1000mN2015000E3160000,28027606,
817,CRS3035RES1000mN2015000E3160000,28027898,
818,CRS3035RES1000mN2015000E3160000,28041810,102.0
819,CRS3035RES1000mN2015000E3160000,AM_1,
820,CRS3035RES1000mN2015000E3160000,AM_2,
821,CRS3035RES1000mN2015000E3160000,AM_3,
822,CRS3035RES1000mN2015000E3160000,AM_5,
823,CRS3035RES1000mN2015000E3160000,AM_8,
824,CRS3035RES1000mN2015000E3160000,AM_9,
825,CRS3035RES1000mN2015000E3160000,AM_10,
826,CRS3035RES1000mN2015000E3160000,AM_11,
827,CRS3035RES1000mN2015000E3160000,AM_12,
828,CRS3035RES1000mN2015000E3160000,AM_13,
829,CRS3035RES1000mN2015000E3160000,AM_14,
830,CRS3035RES1000mN2015000E3160000,AM_15,
831,CRS3035RES1000mN2015000E3160000,AM_16,
832,CRS3035RES1000mN2015000E3160000,AM_17,
833,CRS3035RES1000mN2015000E3160000,AM_19,
834,CRS3035RES1000mN2015000E3160000,AM_20,
835,CRS3035RES1000mN2015000E3160000,AM_21,
836,CRS3035RES1000mN2015000E3160000,AM_22,
837,CRS3035RES1000mN2015000E3160000,AM_23,
838,CRS3035RES1000mN2015000E3160000,AM_24,
839,CRS3035RES1000mN2015000E3160000,AM_25,
840,CRS3035RES1000mN2015000E3160000,AM_27,
841,CRS3035RES1000mN2015000E3160000,AM_28,
842,CRS3035RES1000mN2015000E3160000,AM_29,
843,CRS3035RES1000mN2015000E3160000,AM_30,118.0
844,CRS3035RES1000mN2015000E3160000,AM_32,
845,CRS3035RES1000mN2015000E3160000,AM_33,
846,CRS3035RES1000mN2015000E3160000,AM_34,
847,CRS3035RES1000mN2015000E3160000,AM_35,
848,CRS3035RES1000mN2015000E3160000,AM_36,
849,CRS3035RES1000mN2015000E3160000,AM_37,
850,CRS3035RES1000mN2015000E3160000,AM_38,
851,CRS3035RES1000mN2015000E3161000,28027618,
852,CRS3035RES1000mN2015000E3161000,28027591,
853,CRS3035RES1000mN2015000E3161000,28027606,
854,CRS3035RES1000mN2015000E3161000,28027898,
855,CRS3035RES1000mN2015000E3161000,28041810,
856,CRS3035RES1000mN2015000E3161000,AM_1,
857,CRS3035RES1000mN2015000E3161000,AM_2,
858,CRS3035RES1000mN2015000E3161000,AM_3,
859,CRS3035RES1000mN2015000E3161000,AM_5,
860,CRS3035RES1000mN2015000E3161000,AM_8,
861,CRS3035RES1000mN2015000E3161000,AM_9,
862,CRS3035RES1000mN2015000E3161000,AM_10,
863,CRS3035RES1000mN2015000E3161000,AM_11,
864,CRS3035RES1000mN2015000E3161000,AM_12,
865,CRS3035RES1000mN2015000E3161000,AM_13,
866,CRS3035RES1000mN2015000E3161000,AM_14,
867,CRS3035RES1000mN2015000E3161000,AM_15,
868,CRS3035RES1000mN2015000E3161000,AM_16,
869,CRS3035RES1000mN2015000E3161000,AM_17,
870,CRS3035RES1000mN2015000E3161000,AM_19,
871,CRS3035RES1000mN2015000E3161000,AM_20,
872,CRS3035RES1000mN2015000E3161000,AM_21,
873,CRS3035RES1000mN2015000E3161000,AM_22,
874,CRS3035RES1000mN2015000E3161000,AM_23,
875,CRS3035RES1000mN2015000E3161000,AM_24,
876,CRS3035RES1000mN2015000E3161000,AM_25,
877,CRS3035RES1000mN2015000E3161000,AM_27,
878,CRS3035RES1000mN2015000E3161000,AM_28,
879,CRS3035RES1000mN2015000E3161000,AM_29,
880,CRS3035RES1000mN2015000E3161000,AM_30,
881,CRS3035RES1000mN2015000E3161000,AM_32,
882,CRS3035RES1000mN2015000E3161000,AM_33,
883,CRS3035RES1000mN2015000E3161000,AM_34,
884,CRS3035RES1000mN2015000E3161000,AM_35,
885,CRS3035RES1000mN2015000E3161000,AM_36,
886,CRS3035RES1000mN2015000E3161000,AM_37,
887,CRS3035RES1000mN2015000E3161000,AM_38,
888,CRS3035RES1000mN2015000E3162000,28027618,
889,CRS3035RES1000mN2015000E3162000,28027591,
890,CRS3035RES1000mN2015000E3162000,28027606,
891,CRS3035RES1000mN2015000E3162000,28027898,
892,CRS3035RES1000mN2015000E3162000,28041810,
893,CRS3035RES1000mN2015000E3162000,AM_1,
894,CRS3035RES1000mN2015000E3162000,AM_2,
895,CRS3035RES1000mN2015000E3162000,AM_3,
896,CRS3035RES1000mN2015000E3162000,AM_5,
897,CRS3035RES1000mN2015000E3162000,AM_8,
898,CRS3035RES1000mN2015000E3162000,AM_9,
899,CRS3035RES1000mN2015000E3162000,AM_10,
900,CRS3035RES1000mN2015000E3162000,AM_11,
901,CRS3035RES1000mN2015000E3162000,AM_12,
902,CRS3035RES1000mN2015000E3162000,AM_13,
903,CRS3035RES1000mN2015000E3162000,AM_14,
904,CRS3035RES1000mN2015000E3162000,AM_15,
905,CRS3035RES1000mN2015000E3162000,AM_16,
906,CRS3035RES1000mN2015000E3162000,AM_17,
907,CRS3035RES1000mN2015000E3162000,AM_19,
908,CRS3035RES1000mN2015000E3162000,AM_20,
909,CRS3035RES1000mN2015000E3162000,AM_21,
910,CRS3035RES1000mN2015000E3162000,AM_22,
911,CRS3035RES1000mN2015000E3162000,AM_23,
912,CRS3035RES1000mN2015000E3162000,AM_24,
913,CRS3035RES1000mN2015000E3162000,AM_25,
914,CRS3035RES1000mN2015000E3162000,AM_27,
915,CRS3035RES1000mN2015000E3162000,AM_28,
916,CRS3035RES1000mN2015000E3162000,AM_29,
917,CRS3035RES1000mN2015000E3162000,AM_30,
918,CRS3035RES1000mN2015000E3162000,AM_32,
919,CRS3035RES1000mN2015000E3162000,AM_33,
920,CRS3035RES1000mN2015000E3162000,AM_34,
921,CRS3035RES1000mN2015000E3162000,AM_35,
922,CRS3035RES1000mN2015000E3162000,AM_36,
923,CRS3035RES1000mN2015000E3162000,AM_37,
924,CRS3035RES1000mN2015000E3162000,AM_38,
925,CRS3035RES1000mN2015000E3163000,28027618,
926,CRS3035RES1000mN2015000E3163000,28027591,
927,CRS3035RES1000mN2015000E3163000,28027606,
928,CRS3035RES1000mN2015000E3163000,28027898,
929,CRS3035RES1000mN2015000E3163000,28041810,
930,CRS3035RES1000mN2015000E3163000,AM_1,
931,CRS3035RES1000mN2015000E3163000,AM_2,
932,CRS3035RES1000mN2015000E3163000,AM_3,
933,CRS3035RES1000mN2015000E3163000,AM_5,
934,CRS3035RES1000mN2015000E3163000,AM_8,
935,CRS3035RES1000mN2015000E3163000,AM_9,
936,CRS3035RES1000mN2015000E3163000,AM_10,
937,CRS3035RES1000mN2015000E3163000,AM_11,
938,CRS3035RES1000mN2015000E3163000,AM_12,
939,CRS3035RES1000mN2015000E3163000,AM_13,
940,CRS3035RES1000mN2015000E3163000,AM_14,
941,CRS3035RES1000mN2015000E3163000,AM_15,
942,CRS3035RES1000mN2015000E3163000,AM_16,
943,CRS3035RES1000mN2015000E3163000,AM_17,
944,CRS3035RES1000mN2015000E3163000,AM_19,
945,CRS3035RES1000mN2015000E3163000,AM_20,
946,CRS3035RES1000mN2015000E3163000,AM_21,
947,CRS3035RES1000mN2015000E3163000,AM_22,
948,CRS3035RES1000mN2015000E3163000,AM_23,
949,CRS3035RES1000mN2015000E3163000,AM_24,
950,CRS3035RES1000mN2015000E3163000,AM_25,
951,CRS3035RES1000mN2015000E3163000,AM_27,
952,CRS3035RES1000mN2015000E3163000,AM_28,
953,CRS3035RES1000mN2015000E3163000,AM_29,
954,CRS3035RES1000mN2015000E3163000,AM_30,
955,CRS3035RES1000mN2015000E3163000,AM_32,
956,CRS3035RES1000mN2015000E3163000,AM_33,
957,CRS3035RES1000mN2015000E3163000,AM_34,
958,CRS3035RES1000mN2015000E3163000,AM_35,
959,CRS3035RES1000mN2015000E3163000,AM_36,
960,CRS3035RES1000mN2015000E3163000,AM_37,
961,CRS3035RES1000mN2015000E3163000,AM_38,
962,CRS3035RES1000mN2015000E3164000,28027618,
963,CRS3035RES1000mN2015000E3164000,28027591,
964,CRS3035RES1000mN2015000E3164000,28027606,
965,CRS3035RES1000mN2015000E3164000,28027898,
966,CRS3035RES1000mN2015000E3164000,28041810,118.0
967,CRS3035RES1000mN2015000E3164000,AM_1,
968,CRS3035RES1000mN2015000E3164000,AM_2,
969,CRS3035RES1000mN2015000E3164000,AM_3,
970,CRS3035RES1000mN2015000E3164000,AM_5,
971,CRS3035RES1000mN2015000E3164000,AM_8,
972,CRS3035RES1000mN2015000E3164000,AM_9,
973,CRS3035RES1000mN2015000E3164000,AM_10,
974,CRS3035RES1000mN2015000E3164000,AM_11,
975,CRS3035RES1000mN2015000E3164000,AM_12,
976,CRS3035RES1000mN2015000E3164000,AM_13,
977,CRS3035RES1000mN2015000E3164000,AM_14,
978,CRS3035RES1000mN2015000E3164000,AM_15,
979,CRS3035RES1000mN2015000E3164000,AM_16,
980,CRS3035RES1000mN2015000E3164000,AM_17,
981,CRS3035RES1000mN2015000E3164000,AM_19,
982,CRS3035RES1000mN2015000E3164000,AM_20,
983,CRS3035RES1000mN2015000E3164000,AM_21,
984,CRS3035RES1000mN2015000E3164000,AM_22,
985,CRS3035RES1000mN2015000E3164000,AM_23,
986,CRS3035RES1000mN2015000E3164000,AM_24,
987,CRS3035RES1000mN2015000E3164000,AM_25,
988,CRS3035RES1000mN2015000E3164000,AM_27,
989,CRS3035RES1000mN2015000E3164000,AM_28,
990,CRS3035RES1000mN2015000E3164000,AM_29,
991,CRS3035RES1000mN2015000E3164000,AM_30,
992,CRS3035RES1000mN2015000E3164000,AM_32,
993,CRS3035RES1000mN2015000E3164000,AM_33,
994,CRS3035RES1000mN2015000E3164000,AM_34,
995,CRS3035RES1000mN2015000E3164000,AM_35,
996,CRS3035RES1000mN2015000E3164000,AM_36,
997,CRS3035RES1000mN2015000E3164000,AM_37,
998,CRS3035RES1000mN2015000E3164000,AM_38,
999,CRS3035RES1000mN2015000E3165000,28027618,
1000,CRS3035RES1000mN2015000E3165000,28027591,
1001,CRS3035RES1000mN2015000E3165000,28027606,
1002,CRS3035RES1000mN2015000E3165000,28027898,
1003,CRS3035RES1000mN2015000E3165000,28041810,
1004,CRS3035RES1000mN2015000E3165000,AM_1,
1005,CRS3035RES1000mN2015000E3165000,AM_2,
1006,CRS3035RES1000mN2015000E3165000,AM_3,
1007,CRS3035RES1000mN2015000E3165000,AM_5,
1008,CRS3035RES1000mN2015000E3165000,AM_8,
1009,CRS3035RES1000mN2015000E3165000,AM_9,
1010,CRS3035RES1000mN2015000E3165000,AM_10,
1011,CRS3035RES1000mN2015000E3165000,AM_11,
1012,CRS3035RES1000mN2015000E3165000,AM_12,
1013,CRS3035RES1000mN2015000E3165000,AM_13,
1014,CRS3035RES1000mN2015000E3165000,AM_14,
1015,CRS3035RES1000mN2015000E3165000,AM_15,
1016,CRS3035RES1000mN2015000E3165000,AM_16,
1017,CRS3035RES1000mN2015000E3165000,AM_17,
1018,CRS3035RES1000mN2015000E3165000,AM_19,
1019,CRS3035RES1000mN2015000E3165000,AM_20,
1020,CRS3035RES1000mN2015000E3165000,AM_21,
1021,CRS3035RES1000mN2015000E3165000,AM_22,
1022,CRS3035RES1000mN2015000E3165000,AM_23,
1023,CRS3035RES1000mN2015000E3165000,AM_24,
1024,CRS3035RES1000mN2015000E3165000,AM_25,
1025,CRS3035RES1000mN2015000E3165000,AM_27,
1026,CRS3035RES1000mN2015000E3165000,AM_28,
1027,CRS3035RES1000mN2015000E3165000,AM_29,
1028,CRS3035RES1000mN2015000E3165000,AM_30,
1029,CRS3035RES1000mN2015000E3165000,AM_32,
1030,CRS3035RES1000mN2015000E3165000,AM_33,
1031,CRS3035RES1000mN2015000E3165000,AM_34,
1032,CRS3035RES1000mN2015000E3165000,AM_35,
1033,CRS3035RES1000mN2015000E3165000,AM_36,
1034,CRS3035RES1000mN2015000E3165000,AM_37,
1035,CRS3035RES1000mN2015000E3165000,AM_38,
1036,CRS3035RES1000mN2015000E3166000,28027618,
1037,CRS3035RES1000mN2015000E3166000,28027591,
1038,CRS3035RES1000mN2015000E3166000,28027606,
1039,CRS3035RES1000mN2015000E3166000,28027898,
1040,CRS3035RES1000mN2015000E3166000,28041810,
1041,CRS3035RES1000mN2015000E3166000,AM_1,
1042,CRS3035RES1000mN2015000E3166000,AM_2,
1043,CRS3035RES1000mN2015000E3166000,AM_3,
1044,CRS3035RES1000mN2015000E3166000,AM_5,
1045,CRS3035RES1000mN2015000E3166000,AM_8,
1046,CRS3035RES1000mN2015000E3166000,AM_9,
1047,CRS3035RES1000mN2015000E3166000,AM_10,
1048,CRS3035RES1000mN2015000E3166000,AM_11,
1049,CRS3035RES1000mN2015000E3166000,AM_12,
1050,CRS3035RES1000mN2015000E3166000,AM_13,
1051,CRS3035RES1000mN2015000E3166000,AM_14,
1052,CRS3035RES1000mN2015000E3166000,AM_15,
1053,CRS3035RES1000mN2015000E3166000,AM_16,
1054,CRS3035RES1000mN2015000E3166000,AM_17,
1055,CRS3035RES1000mN2015000E3166000,AM_19,
1056,CRS3035RES1000mN2015000E3166000,AM_20,
1057,CRS3035RES1000mN2015000E3166000,AM_21,
1058,CRS3035RES1000mN2015000E3166000,AM_22,
1059,CRS3035RES1000mN2015000E3166000,AM_23,
1060,CRS3035RES1000mN2015000E3166000,AM_24,
1061,CRS3035RES1000mN2015000E3166000,AM_25,
1062,CRS3035RES1000mN2015000E3166000,AM_27,
1063,CRS3035RES1000mN2015000E3166000,AM_28,
1064,CRS3035RES1000mN2015000E3166000,AM_29,
1065,CRS3035RES1000mN2015000E3166000,AM_30,
1066,CRS3035RES1000mN2015000E3166000,AM_32,
1067,CRS3035RES1000mN2015000E3166000,AM_33,
1068,CRS3035RES1000mN2015000E3166000,AM_34,
1069,CRS3035RES1000mN2015000E3166000,AM_35,
1070,CRS3035RES1000mN2015000E3166000,AM_36,
1071,CRS3035RES1000mN2015000E3166000,AM_37,
1072,CRS3035RES1000mN2015000E3166000,AM_38,
1073,CRS3035RES1000mN2015000E3167000,28027618,
1074,CRS3035RES1000mN2015000E3167000,28027591,
1075,CRS3035RES1000mN2015000E3167000,28027606,
1076,CRS3035RES1000mN2015000E3167000,28027898,
1077,CRS3035RES1000mN2015000E3167000,28041810,
1078,CRS3035RES1000mN2015000E3167000,AM_1,
1079,CRS3035RES1000mN2015000E3167000,AM_2,
1080,CRS3035RES1000mN2015000E3167000,AM_3,
1081,CRS3035RES1000mN2015000E3167000,AM_5,
1082,CRS3035RES1000mN2015000E3167000,AM_8,
1083,CRS3035RES1000mN2015000E3167000,AM_9,
1084,CRS3035RES1000mN2015000E3167000,AM_10,
1085,CRS3035RES1000mN2015000E3167000,AM_11,
1086,CRS3035RES1000mN2015000E3167000,AM_12,
1087,CRS3035RES1000mN2015000E3167000,AM_13,
1088,CRS3035RES1000mN2015000E3167000,AM_14,
1089,CRS3035RES1000mN2015000E3167000,AM_15,
1090,CRS3035RES1000mN2015000E3167000,AM_16,
1091,CRS3035RES1000mN2015000E3167000,AM_17,
1092,CRS3035RES1000mN2015000E3167000,AM_19,
1093,CRS3035RES1000mN2015000E3167000,AM_20,
1094,CRS3035RES1000mN2015000E3167000,AM_21,
1095,CRS3035RES1000mN2015000E3167000,AM_22,
1096,CRS3035RES1000mN2015000E3167000,AM_23,
1097,CRS3035RES1000mN2015000E3167000,AM_24,
1098,CRS3035RES1000mN2015000E3167000,AM_25,
1099,CRS3035RES1000mN2015000E3167000,AM_27,
1100,CRS3035RES1000mN2015000E3167000,AM_28,
1101,CRS3035RES1000mN2015000E3167000,AM_29,
1102,CRS3035RES1000mN2015000E3167000,AM_30,
1103,CRS3035RES1000mN2015000E3167000,AM_32,
1104,CRS3035RES1000mN2015000E3167000,AM_33,
1105,CRS3035RES1000mN2015000E3167000,AM_34,
1106,CRS3035RES1000mN2015000E3167000,AM_35,
1107,CRS3035RES1000mN2015000E3167000,AM_36,
1108,CRS3035RES1000mN2015000E3167000,AM_37,
1109,CRS3035RES1000mN2015000E3167000,AM_38,
1110,CRS3035RES1000mN2016000E3152000,28027618,71.0
1111,CRS3035RES1000mN2016000E3152000,28027591,68.0
1112,CRS3035RES1000mN2016000E3152000,28027606,85.0
1113,CRS3035RES1000mN2016000E3152000,28027898,90.0
1114,CRS3035RES1000mN2016000E3152000,28041810,29.0
1115,CRS3035RES1000mN2016000E3152000,AM_1,35.0
1116,CRS3035RES1000mN2016000E3152000,AM_2,73.0
1117,CRS3035RES1000mN2016000E3152000,AM_3,85.0
1118,CRS3035RES1000mN2016000E3152000,AM_5,63.0
1119,CRS3035RES1000mN2016000E3152000,AM_8,104.0
1120,CRS3035RES1000mN2016000E3152000,AM_9,101.0
1121,CRS3035RES1000mN2016000E3152000,AM_10,70.0
1122,CRS3035RES1000mN2016000E3152000,AM_11,63.0
1123,CRS3035RES1000mN2016000E3152000,AM_12,83.0
1124,CRS3035RES1000mN2016000E3152000,AM_13,92.0
1125,CRS3035RES1000mN2016000E3152000,AM_14,71.0
1126,CRS3035RES1000mN2016000E3152000,AM_15,78.0
1127,CRS3035RES1000mN2016000E3152000,AM_16,60.0
1128,CRS3035RES1000mN2016000E3152000,AM_17,41.0
1129,CRS3035RES1000mN2016000E3152000,AM_19,71.0
1130,CRS3035RES1000mN2016000E3152000,AM_20,66.0
1131,CRS3035RES1000mN2016000E3152000,AM_21,68.0
1132,CRS3035RES1000mN2016000E3152000,AM_22,69.0
1133,CRS3035RES1000mN2016000E3152000,AM_23,58.0
1134,CRS3035RES1000mN2016000E3152000,AM_24,28.0
1135,CRS3035RES1000mN2016000E3152000,AM_25,67.0
1136,CRS3035RES1000mN2016000E3152000,AM_27,58.0
1137,CRS3035RES1000mN2016000E3152000,AM_28,76.0
1138,CRS3035RES1000mN2016000E3152000,AM_29,83.0
1139,CRS3035RES1000mN2016000E3152000,AM_30,35.0
1140,CRS3035RES1000mN2016000E3152000,AM_32,65.0
1141,CRS3035RES1000mN2016000E3152000,AM_33,58.0
1142,CRS3035RES1000mN2016000E3152000,AM_34,94.0
1143,CRS3035RES1000mN2016000E3152000,AM_35,72.0
1144,CRS3035RES1000mN2016000E3152000,AM_36,63.0
1145,CRS3035RES1000mN2016000E3152000,AM_37,80.0
1146,CRS3035RES1000mN2016000E3152000,AM_38,82.0
1147,CRS3035RES1000mN2016000E3153000,28027618,74.0
1148,CRS3035RES1000mN2016000E3153000,28027591,71.0
1149,CRS3035RES1000mN2016000E3153000,28027606,90.0
1150,CRS3035RES1000mN2016000E3153000,28027898,91.0
1151,CRS3035RES1000mN2016000E3153000,28041810,32.0
1152,CRS3035RES1000mN2016000E3153000,AM_1,43.0
1153,CRS3035RES1000mN2016000E3153000,AM_2,77.0
1154,CRS3035RES1000mN2016000E3153000,AM_3,90.0
1155,CRS3035RES1000mN2016000E3153000,AM_5,68.0
1156,CRS3035RES1000mN2016000E3153000,AM_8,106.0
1157,CRS3035RES1000mN2016000E3153000,AM_9,110.0
1158,CRS3035RES1000mN2016000E3153000,AM_10,73.0
1159,CRS3035RES1000mN2016000E3153000,AM_11,68.0
1160,CRS3035RES1000mN2016000E3153000,AM_12,85.0
1161,CRS3035RES1000mN2016000E3153000,AM_13,93.0
1162,CRS3035RES1000mN2016000E3153000,AM_14,75.0
1163,CRS3035RES1000mN2016000E3153000,AM_15,85.0
1164,CRS3035RES1000mN2016000E3153000,AM_16,64.0
1165,CRS3035RES1000mN2016000E3153000,AM_17,45.0
1166,CRS3035RES1000mN2016000E3153000,AM_19,74.0
1167,CRS3035RES1000mN2016000E3153000,AM_20,78.0
1168,CRS3035RES1000mN2016000E3153000,AM_21,72.0
1169,CRS3035RES1000mN2016000E3153000,AM_22,81.0
1170,CRS3035RES1000mN2016000E3153000,AM_23,63.0
1171,CRS3035RES1000mN2016000E3153000,AM_24,35.0
1172,CRS3035RES1000mN2016000E3153000,AM_25,73.0
1173,CRS3035RES1000mN2016000E3153000,AM_27,68.0
1174,CRS3035RES1000mN2016000E3153000,AM_28,79.0
1175,CRS3035RES1000mN2016000E3153000,AM_29,89.0
1176,CRS3035RES1000mN2016000E3153000,AM_30,41.0
1177,CRS3035RES1000mN2016000E3153000,AM_32,68.0
1178,CRS3035RES1000mN2016000E3153000,AM_33,62.0
1179,CRS3035RES1000mN2016000E3153000,AM_34,97.0
1180,CRS3035RES1000mN2016000E3153000,AM_35,74.0
1181,CRS3035RES1000mN2016000E3153000,AM_36,69.0
1182,CRS3035RES1000mN2016000E3153000,AM_37,82.0
1183,CRS3035RES1000mN2016000E3153000,AM_38,84.0
1184,CRS3035RES1000mN2016000E3154000,28027618,85.0
1185,CRS3035RES1000mN2016000E3154000,28027591,82.0
1186,CRS3035RES1000mN2016000E3154000,28027606,102.0
1187,CRS3035RES1000mN2016000E3154000,28027898,107.0
1188,CRS3035RES1000mN2016000E3154000,28041810,39.0
1189,CRS3035RES1000mN2016000E3154000,AM_1,57.0
1190,CRS3035RES1000mN2016000E3154000,AM_2,88.0
1191,CRS3035RES1000mN2016000E3154000,AM_3,105.0
1192,CRS3035RES1000mN2016000E3154000,AM_5,78.0
1193,CRS3035RES1000mN2016000E3154000,AM_8,119.0
1194,CRS3035RES1000mN2016000E3154000,AM_9,114.0
1195,CRS3035RES1000mN2016000E3154000,AM_10,84.0
1196,CRS3035RES1000mN2016000E3154000,AM_11,78.0
1197,CRS3035RES1000mN2016000E3154000,AM_12,96.0
1198,CRS3035RES1000mN2016000E3154000,AM_13,112.0
1199,CRS3035RES1000mN2016000E3154000,AM_14,86.0
1200,CRS3035RES1000mN2016000E3154000,AM_15,94.0
1201,CRS3035RES1000mN2016000E3154000,AM_16,75.0
1202,CRS3035RES1000mN2016000E3154000,AM_17,57.0
1203,CRS3035RES1000mN2016000E3154000,AM_19,85.0
1204,CRS3035RES1000mN2016000E3154000,AM_20,82.0
1205,CRS3035RES1000mN2016000E3154000,AM_21,83.0
1206,CRS3035RES1000mN2016000E3154000,AM_22,86.0
1207,CRS3035RES1000mN2016000E3154000,AM_23,74.0
1208,CRS3035RES1000mN2016000E3154000,AM_24,50.0
1209,CRS3035RES1000mN2016000E3154000,AM_25,84.0
1210,CRS3035RES1000mN2016000E3154000,AM_27,84.0
1211,CRS3035RES1000mN2016000E3154000,AM_28,91.0
1212,CRS3035RES1000mN2016000E3154000,AM_29,110.0
1213,CRS3035RES1000mN2016000E3154000,AM_30,50.0
1214,CRS3035RES1000mN2016000E3154000,AM_32,79.0
1215,CRS3035RES1000mN2016000E3154000,AM_33,73.0
1216,CRS3035RES1000mN2016000E3154000,AM_34,103.0
1217,CRS3035RES1000mN2016000E3154000,AM_35,86.0
1218,CRS3035RES1000mN2016000E3154000,AM_36,79.0
1219,CRS3035RES1000mN2016000E3154000,AM_37,95.0
1220,CRS3035RES1000mN2016000E3154000,AM_38,96.0
1221,CRS3035RES1000mN2016000E3155000,28027618,118.0
1222,CRS3035RES1000mN2016000E3155000,28027591,115.0
1223,CRS3035RES1000mN2016000E3155000,28027606,
1224,CRS3035RES1000mN2016000E3155000,28027898,
1225,CRS3035RES1000mN2016000E3155000,28041810,76.0
1226,CRS3035RES1000mN2016000E3155000,AM_1,109.0
1227,CRS3035RES1000mN2016000E3155000,AM_2,
1228,CRS3035RES1000mN2016000E3155000,AM_3,
1229,CRS3035RES1000mN2016000E3155000,AM_5,111.0
1230,CRS3035RES1000mN2016000E3155000,AM_8,
1231,CRS3035RES1000mN2016000E3155000,AM_9,
1232,CRS3035RES1000mN2016000E3155000,AM_10,117.0
1233,CRS3035RES1000mN2016000E3155000,AM_11,113.0
1234,CRS3035RES1000mN2016000E3155000,AM_12,
1235,CRS3035RES1000mN2016000E3155000,AM_13,
1236,CRS3035RES1000mN2016000E3155000,AM_14,118.0
1237,CRS3035RES1000mN2016000E3155000,AM_15,
1238,CRS3035RES1000mN2016000E3155000,AM_16,111.0
1239,CRS3035RES1000mN2016000E3155000,AM_17,98.0
1240,CRS3035RES1000mN2016000E3155000,AM_19,119.0
1241,CRS3035RES1000mN2016000E3155000,AM_20,
1242,CRS3035RES1000mN2016000E3155000,AM_21,115.0
1243,CRS3035RES1000mN2016000E3155000,AM_22,
1244,CRS3035RES1000mN2016000E3155000,AM_23,109.0
1245,CRS3035RES1000mN2016000E3155000,AM_24,102.0
1246,CRS3035RES1000mN2016000E3155000,AM_25,117.0
1247,CRS3035RES1000mN2016000E3155000,AM_27,
1248,CRS3035RES1000mN2016000E3155000,AM_28,
1249,CRS3035RES1000mN2016000E3155000,AM_29,
1250,CRS3035RES1000mN2016000E3155000,AM_30,94.0
1251,CRS3035RES1000mN2016000E3155000,AM_32,111.0
1252,CRS3035RES1000mN2016000E3155000,AM_33,105.0
1253,CRS3035RES1000mN2016000E3155000,AM_34,
1254,CRS3035RES1000mN2016000E3155000,AM_35,118.0
1255,CRS3035RES1000mN2016000E3155000,AM_36,112.0
1256,CRS3035RES1000mN2016000E3155000,AM_37,
1257,CRS3035RES1000mN2016000E3155000,AM_38,
1258,CRS3035RES1000mN2016000E3156000,28027618,92.0
1259,CRS3035RES1000mN2016000E3156000,28027591,89.0
1260,CRS3035RES1000mN2016000E3156000,28027606,105.0
1261,CRS3035RES1000mN2016000E3156000,28027898,111.0
1262,CRS3035RES1000mN2016000E3156000,28041810,48.0
1263,CRS3035RES1000mN2016000E3156000,AM_1,84.0
1264,CRS3035RES1000mN2016000E3156000,AM_2,94.0
1265,CRS3035RES1000mN2016000E3156000,AM_3,118.0
1266,CRS3035RES1000mN2016000E3156000,AM_5,85.0
1267,CRS3035RES1000mN2016000E3156000,AM_8,
1268,CRS3035RES1000mN2016000E3156000,AM_9,
1269,CRS3035RES1000mN2016000E3156000,AM_10,91.0
1270,CRS3035RES1000mN2016000E3156000,AM_11,86.0
1271,CRS3035RES1000mN2016000E3156000,AM_12,100.0
1272,CRS3035RES1000mN2016000E3156000,AM_13,115.0
1273,CRS3035RES1000mN2016000E3156000,AM_14,93.0
1274,CRS3035RES1000mN2016000E3156000,AM_15,105.0
1275,CRS3035RES1000mN2016000E3156000,AM_16,83.0
1276,CRS3035RES1000mN2016000E3156000,AM_17,73.0
1277,CRS3035RES1000mN2016000E3156000,AM_19,93.0
1278,CRS3035RES1000mN2016000E3156000,AM_20,95.0
1279,CRS3035RES1000mN2016000E3156000,AM_21,90.0
1280,CRS3035RES1000mN2016000E3156000,AM_22,99.0
1281,CRS3035RES1000mN2016000E3156000,AM_23,81.0
1282,CRS3035RES1000mN2016000E3156000,AM_24,77.0
1283,CRS3035RES1000mN2016000E3156000,AM_25,90.0
1284,CRS3035RES1000mN2016000E3156000,AM_27,99.0
1285,CRS3035RES1000mN2016000E3156000,AM_28,98.0
1286,CRS3035RES1000mN2016000E3156000,AM_29,116.0
1287,CRS3035RES1000mN2016000E3156000,AM_30,67.0
1288,CRS3035RES1000mN2016000E3156000,AM_32,87.0
1289,CRS3035RES1000mN2016000E3156000,AM_33,80.0
1290,CRS3035RES1000mN2016000E3156000,AM_34,106.0
1291,CRS3035RES1000mN2016000E3156000,AM_35,94.0
1292,CRS3035RES1000mN2016000E3156000,AM_36,86.0
1293,CRS3035RES1000mN2016000E3156000,AM_37,112.0
1294,CRS3035RES1000mN2016000E3156000,AM_38,112.0
1295,CRS3035RES1000mN2016000E3157000,28027618,89.0
1296,CRS3035RES1000mN2016000E3157000,28027591,87.0
1297,CRS3035RES1000mN2016000E3157000,28027606,102.0
1298,CRS3035RES1000mN2016000E3157000,28027898,107.0
1299,CRS3035RES1000mN2016000E3157000,28041810,48.0
1300,CRS3035RES1000mN2016000E3157000,AM_1,81.0
1301,CRS3035RES1000mN2016000E3157000,AM_2,92.0
1302,CRS3035RES1000mN2016000E3157000,AM_3,115.0
1303,CRS3035RES1000mN2016000E3157000,AM_5,83.0
1304,CRS3035RES1000mN2016000E3157000,AM_8,
1305,CRS3035RES1000mN2016000E3157000,AM_9,
1306,CRS3035RES1000mN2016000E3157000,AM_10,88.0
1307,CRS3035RES1000mN2016000E3157000,AM_11,83.0
1308,CRS3035RES1000mN2016000E3157000,AM_12,97.0
1309,CRS3035RES1000mN2016000E3157000,AM_13,112.0
1310,CRS3035RES1000mN2016000E3157000,AM_14,90.0
1311,CRS3035RES1000mN2016000E3157000,AM_15,93.0
1312,CRS3035RES1000mN2016000E3157000,AM_16,73.0
1313,CRS3035RES1000mN2016000E3157000,AM_17,68.0
1314,CRS3035RES1000mN2016000E3157000,AM_19,83.0
1315,CRS3035RES1000mN2016000E3157000,AM_20,87.0
1316,CRS3035RES1000mN2016000E3157000,AM_21,87.0
1317,CRS3035RES1000mN2016000E3157000,AM_22,91.0
1318,CRS3035RES1000mN2016000E3157000,AM_23,73.0
1319,CRS3035RES1000mN2016000E3157000,AM_24,75.0
1320,CRS3035RES1000mN2016000E3157000,AM_25,87.0
1321,CRS3035RES1000mN2016000E3157000,AM_27,96.0
1322,CRS3035RES1000mN2016000E3157000,AM_28,95.0
1323,CRS3035RES1000mN2016000E3157000,AM_29,113.0
1324,CRS3035RES1000mN2016000E3157000,AM_30,63.0
1325,CRS3035RES1000mN2016000E3157000,AM_32,84.0
1326,CRS3035RES1000mN2016000E3157000,AM_33,77.0
1327,CRS3035RES1000mN2016000E3157000,AM_34,103.0
1328,CRS3035RES1000mN2016000E3157000,AM_35,90.0
1329,CRS3035RES1000mN2016000E3157000,AM_36,83.0
1330,CRS3035RES1000mN2016000E3157000,AM_37,108.0
1331,CRS3035RES1000mN2016000E3157000,AM_38,108.0
1332,CRS3035RES1000mN2016000E3158000,28027618,113.0
1333,CRS3035RES1000mN2016000E3158000,28027591,111.0
1334,CRS3035RES1000mN2016000E3158000,28027606,
1335,CRS3035RES1000mN2016000E3158000,28027898,
1336,CRS3035RES1000mN2016000E3158000,28041810,73.0
1337,CRS3035RES1000mN2016000E3158000,AM_1,104.0
1338,CRS3035RES1000mN2016000E3158000,AM_2,116.0
1339,CRS3035RES1000mN2016000E3158000,AM_3,
1340,CRS3035RES1000mN2016000E3158000,AM_5,108.0
1341,CRS3035RES1000mN2016000E3158000,AM_8,
1342,CRS3035RES1000mN2016000E3158000,AM_9,
1343,CRS3035RES1000mN2016000E3158000,AM_10,113.0
1344,CRS3035RES1000mN2016000E3158000,AM_11,110.0
1345,CRS3035RES1000mN2016000E3158000,AM_12,
1346,CRS3035RES1000mN2016000E3158000,AM_13,
1347,CRS3035RES1000mN2016000E3158000,AM_14,115.0
1348,CRS3035RES1000mN2016000E3158000,AM_15,118.0
1349,CRS3035RES1000mN2016000E3158000,AM_16,98.0
1350,CRS3035RES1000mN2016000E3158000,AM_17,93.0
1351,CRS3035RES1000mN2016000E3158000,AM_19,107.0
1352,CRS3035RES1000mN2016000E3158000,AM_20,113.0
1353,CRS3035RES1000mN2016000E3158000,AM_21,111.0
1354,CRS3035RES1000mN2016000E3158000,AM_22,116.0
1355,CRS3035RES1000mN2016000E3158000,AM_23,97.0
1356,CRS3035RES1000mN2016000E3158000,AM_24,96.0
1357,CRS3035RES1000mN2016000E3158000,AM_25,111.0
1358,CRS3035RES1000mN2016000E3158000,AM_27,
1359,CRS3035RES1000mN2016000E3158000,AM_28,119.0
1360,CRS3035RES1000mN2016000E3158000,AM_29,
1361,CRS3035RES1000mN2016000E3158000,AM_30,88.0
1362,CRS3035RES1000mN2016000E3158000,AM_32,109.0
1363,CRS3035RES1000mN2016000E3158000,AM_33,103.0
1364,CRS3035RES1000mN2016000E3158000,AM_34,
1365,CRS3035RES1000mN2016000E3158000,AM_35,116.0
1366,CRS3035RES1000mN2016000E3158000,AM_36,109.0
1367,CRS3035RES1000mN2016000E3158000,AM_37,
1368,CRS3035RES1000mN2016000E3158000,AM_38,
1369,CRS3035RES1000mN2016000E3159000,28027618,116.0
1370,CRS3035RES1000mN2016000E3159000,28027591,114.0
1371,CRS3035RES1000mN2016000E3159000,28027606,
1372,CRS3035RES1000mN2016000E3159000,28027898,
1373,CRS3035RES1000mN2016000E3159000,28041810,78.0
1374,CRS3035RES1000mN2016000E3159000,AM_1,112.0
1375,CRS3035RES1000mN2016000E3159000,AM_2,119.0
1376,CRS3035RES1000mN2016000E3159000,AM_3,
1377,CRS3035RES1000mN2016000E3159000,AM_5,110.0
1378,CRS3035RES1000mN2016000E3159000,AM_8,
1379,CRS3035RES1000mN2016000E3159000,AM_9,
1380,CRS3035RES1000mN2016000E3159000,AM_10,116.0
1381,CRS3035RES1000mN2016000E3159000,AM_11,113.0
1382,CRS3035RES1000mN2016000E3159000,AM_12,
1383,CRS3035RES1000mN2016000E3159000,AM_13,
1384,CRS3035RES1000mN2016000E3159000,AM_14,117.0
1385,CRS3035RES1000mN2016000E3159000,AM_15,118.0
1386,CRS3035RES1000mN2016000E3159000,AM_16,99.0
1387,CRS3035RES1000mN2016000E3159000,AM_17,102.0
1388,CRS3035RES1000mN2016000E3159000,AM_19,108.0
1389,CRS3035RES1000mN2016000E3159000,AM_20,113.0
1390,CRS3035RES1000mN2016000E3159000,AM_21,113.0
1391,CRS3035RES1000mN2016000E3159000,AM_22,116.0
1392,CRS3035RES1000mN2016000E3159000,AM_23,98.0
1393,CRS3035RES1000mN2016000E3159000,AM_24,108.0
1394,CRS3035RES1000mN2016000E3159000,AM_25,113.0
1395,CRS3035RES1000mN2016000E3159000,AM_27,
1396,CRS3035RES1000mN2016000E3159000,AM_28,
1397,CRS3035RES1000mN2016000E3159000,AM_29,
1398,CRS3035RES1000mN2016000E3159000,AM_30,97.0
1399,CRS3035RES1000mN2016000E3159000,AM_32,112.0
1400,CRS3035RES1000mN2016000E3159000,AM_33,106.0
1401,CRS3035RES1000mN2016000E3159000,AM_34,
1402,CRS3035RES1000mN2016000E3159000,AM_35,117.0
1403,CRS3035RES1000mN2016000E3159000,AM_36,111.0
1404,CRS3035RES1000mN2016000E3159000,AM_37,
1405,CRS3035RES1000mN2016000E3159000,AM_38,
1406,CRS3035RES1000mN2016000E3160000,28027618,117.0
1407,CRS3035RES1000mN2016000E3160000,28027591,115.0
1408,CRS3035RES1000mN2016000E3160000,28027606,
1409,CRS3035RES1000mN2016000E3160000,28027898,
1410,CRS3035RES1000mN2016000E3160000,28041810,78.0
1411,CRS3035RES1000mN2016000E3160000,AM_1,113.0
1412,CRS3035RES1000mN2016000E3160000,AM_2,
1413,CRS3035RES1000mN2016000E3160000,AM_3,
1414,CRS3035RES1000mN2016000E3160000,AM_5,111.0
1415,CRS3035RES1000mN2016000E3160000,AM_8,
1416,CRS3035RES1000mN2016000E3160000,AM_9,
1417,CRS3035RES1000mN2016000E3160000,AM_10,118.0
1418,CRS3035RES1000mN2016000E3160000,AM_11,113.0
1419,CRS3035RES1000mN2016000E3160000,AM_12,
1420,CRS3035RES1000mN2016000E3160000,AM_13,
1421,CRS3035RES1000mN2016000E3160000,AM_14,118.0
1422,CRS3035RES1000mN2016000E3160000,AM_15,119.0
1423,CRS3035RES1000mN2016000E3160000,AM_16,99.0
1424,CRS3035RES1000mN2016000E3160000,AM_17,104.0
1425,CRS3035RES1000mN2016000E3160000,AM_19,108.0
1426,CRS3035RES1000mN2016000E3160000,AM_20,113.0
1427,CRS3035RES1000mN2016000E3160000,AM_21,114.0
1428,CRS3035RES1000mN2016000E3160000,AM_22,117.0
1429,CRS3035RES1000mN2016000E3160000,AM_23,98.0
1430,CRS3035RES1000mN2016000E3160000,AM_24,108.0
1431,CRS3035RES1000mN2016000E3160000,AM_25,112.0
1432,CRS3035RES1000mN2016000E3160000,AM_27,
1433,CRS3035RES1000mN2016000E3160000,AM_28,
1434,CRS3035RES1000mN2016000E3160000,AM_29,
1435,CRS3035RES1000mN2016000E3160000,AM_30,101.0
1436,CRS3035RES1000mN2016000E3160000,AM_32,114.0
1437,CRS3035RES1000mN2016000E3160000,AM_33,107.0
1438,CRS3035RES1000mN2016000E3160000,AM_34,
1439,CRS3035RES1000mN2016000E3160000,AM_35,118.0
1440,CRS3035RES1000mN2016000E3160000,AM_36,112.0
1441,CRS3035RES1000mN2016000E3160000,AM_37,
1442,CRS3035RES1000mN2016000E3160000,AM_38,
1443,CRS3035RES1000mN2016000E3161000,28027618,
1444,CRS3035RES1000mN2016000E3161000,28027591,
1445,CRS3035RES1000mN2016000E3161000,28027606,
1446,CRS3035RES1000mN2016000E3161000,28027898,
1447,CRS3035RES1000mN2016000E3161000,28041810,107.0
1448,CRS3035RES1000mN2016000E3161000,AM_1,
1449,CRS3035RES1000mN2016000E3161000,AM_2,
1450,CRS3035RES1000mN2016000E3161000,AM_3,
1451,CRS3035RES1000mN2016000E3161000,AM_5,
1452,CRS3035RES1000mN2016000E3161000,AM_8,
1453,CRS3035RES1000mN2016000E3161000,AM_9,
1454,CRS3035RES1000mN2016000E3161000,AM_10,
1455,CRS3035RES1000mN2016000E3161000,AM_11,
1456,CRS3035RES1000mN2016000E3161000,AM_12,
1457,CRS3035RES1000mN2016000E3161000,AM_13,
1458,CRS3035RES1000mN2016000E3161000,AM_14,
1459,CRS3035RES1000mN2016000E3161000,AM_15,
1460,CRS3035RES1000mN2016000E3161000,AM_16,
1461,CRS3035RES1000mN2016000E3161000,AM_17,
1462,CRS3035RES1000mN2016000E3161000,AM_19,
1463,CRS3035RES1000mN2016000E3161000,AM_20,
1464,CRS3035RES1000mN2016000E3161000,AM_21,
1465,CRS3035RES1000mN2016000E3161000,AM_22,
1466,CRS3035RES1000mN2016000E3161000,AM_23,
1467,CRS3035RES1000mN2016000E3161000,AM_24,
1468,CRS3035RES1000mN2016000E3161000,AM_25,
1469,CRS3035RES1000mN2016000E3161000,AM_27,
1470,CRS3035RES1000mN2016000E3161000,AM_28,
1471,CRS3035RES1000mN2016000E3161000,AM_29,
1472,CRS3035RES1000mN2016000E3161000,AM_30,
1473,CRS3035RES1000mN2016000E3161000,AM_32,
1474,CRS3035RES1000mN2016000E3161000,AM_33,
1475,CRS3035RES1000mN2016000E3161000,AM_34,
1476,CRS3035RES1000mN2016000E3161000,AM_35,
1477,CRS3035RES1000mN2016000E3161000,AM_36,
1478,CRS3035RES1000mN2016000E3161000,AM_37,
1479,CRS3035RES1000mN2016000E3161000,AM_38,
1480,CRS3035RES1000mN2016000E3162000,28027618,
1481,CRS3035RES1000mN2016000E3162000,28027591,
1482,CRS3035RES1000mN2016000E3162000,28027606,
1483,CRS3035RES1000mN2016000E3162000,28027898,
1484,CRS3035RES1000mN2016000E3162000,28041810,104.0
1485,CRS3035RES1000mN2016000E3162000,AM_1,
1486,CRS3035RES1000mN2016000E3162000,AM_2,
1487,CRS3035RES1000mN2016000E3162000,AM_3,
1488,CRS3035RES1000mN2016000E3162000,AM_5,
1489,CRS3035RES1000mN2016000E3162000,AM_8,
1490,CRS3035RES1000mN2016000E3162000,AM_9,
1491,CRS3035RES1000mN2016000E3162000,AM_10,
1492,CRS3035RES1000mN2016000E3162000,AM_11,
1493,CRS3035RES1000mN2016000E3162000,AM_12,
1494,CRS3035RES1000mN2016000E3162000,AM_13,
1495,CRS3035RES1000mN2016000E3162000,AM_14,
1496,CRS3035RES1000mN2016000E3162000,AM_15,
1497,CRS3035RES1000mN2016000E3162000,AM_16,
1498,CRS3035RES1000mN2016000E3162000,AM_17,
1499,CRS3035RES1000mN2016000E3162000,AM_19,
1500,CRS3035RES1000mN2016000E3162000,AM_20,
1501,CRS3035RES1000mN2016000E3162000,AM_21,
1502,CRS3035RES1000mN2016000E3162000,AM_22,
1503,CRS3035RES1000mN2016000E3162000,AM_23,
1504,CRS3035RES1000mN2016000E3162000,AM_24,
1505,CRS3035RES1000mN2016000E3162000,AM_25,
1506,CRS3035RES1000mN2016000E3162000,AM_27,
1507,CRS3035RES1000mN2016000E3162000,AM_28,
1508,CRS3035RES1000mN2016000E3162000,AM_29,
1509,CRS3035RES1000mN2016000E3162000,AM_30,
1510,CRS3035RES1000mN2016000E3162000,AM_32,
1511,CRS3035RES1000mN2016000E3162000,AM_33,118.0
1512,CRS3035RES1000mN2016000E3162000,AM_34,
1513,CRS3035RES1000mN2016000E3162000,AM_35,
1514,CRS3035RES1000mN2016000E3162000,AM_36,
1515,CRS3035RES1000mN2016000E3162000,AM_37,
1516,CRS3035RES1000mN2016000E3162000,AM_38,
1517,CRS3035RES1000mN2016000E3163000,28027618,116.0
1518,CRS3035RES1000mN2016000E3163000,28027591,113.0
1519,CRS3035RES1000mN2016000E3163000,28027606,
1520,CRS3035RES1000mN2016000E3163000,28027898,
1521,CRS3035RES1000mN2016000E3163000,28041810,92.0
1522,CRS3035RES1000mN2016000E3163000,AM_1,116.0
1523,CRS3035RES1000mN2016000E3163000,AM_2,119.0
1524,CRS3035RES1000mN2016000E3163000,AM_3,
1525,CRS3035RES1000mN2016000E3163000,AM_5,108.0
1526,CRS3035RES1000mN2016000E3163000,AM_8,
1527,CRS3035RES1000mN2016000E3163000,AM_9,
1528,CRS3035RES1000mN2016000E3163000,AM_10,116.0
1529,CRS3035RES1000mN2016000E3163000,AM_11,108.0
1530,CRS3035RES1000mN2016000E3163000,AM_12,
1531,CRS3035RES1000mN2016000E3163000,AM_13,
1532,CRS3035RES1000mN2016000E3163000,AM_14,117.0
1533,CRS3035RES1000mN2016000E3163000,AM_15,
1534,CRS3035RES1000mN2016000E3163000,AM_16,104.0
1535,CRS3035RES1000mN2016000E3163000,AM_17,104.0
1536,CRS3035RES1000mN2016000E3163000,AM_19,114.0
1537,CRS3035RES1000mN2016000E3163000,AM_20,112.0
1538,CRS3035RES1000mN2016000E3163000,AM_21,113.0
1539,CRS3035RES1000mN2016000E3163000,AM_22,116.0
1540,CRS3035RES1000mN2016000E3163000,AM_23,104.0
1541,CRS3035RES1000mN2016000E3163000,AM_24,111.0
1542,CRS3035RES1000mN2016000E3163000,AM_25,113.0
1543,CRS3035RES1000mN2016000E3163000,AM_27,
1544,CRS3035RES1000mN2016000E3163000,AM_28,
1545,CRS3035RES1000mN2016000E3163000,AM_29,
1546,CRS3035RES1000mN2016000E3163000,AM_30,101.0
1547,CRS3035RES1000mN2016000E3163000,AM_32,111.0
1548,CRS3035RES1000mN2016000E3163000,AM_33,104.0
1549,CRS3035RES1000mN2016000E3163000,AM_34,
1550,CRS3035RES1000mN2016000E3163000,AM_35,117.0
1551,CRS3035RES1000mN2016000E3163000,AM_36,109.0
1552,CRS3035RES1000mN2016000E3163000,AM_37,
1553,CRS3035RES1000mN2016000E3163000,AM_38,
1554,CRS3035RES1000mN2016000E3164000,28027618,119.0
1555,CRS3035RES1000mN2016000E3164000,28027591,116.0
1556,CRS3035RES1000mN2016000E3164000,28027606,
1557,CRS3035RES1000mN2016000E3164000,28027898,
1558,CRS3035RES1000mN2016000E3164000,28041810,100.0
1559,CRS3035RES1000mN2016000E3164000,AM_1,
1560,CRS3035RES1000mN2016000E3164000,AM_2,
1561,CRS3035RES1000mN2016000E3164000,AM_3,
1562,CRS3035RES1000mN2016000E3164000,AM_5,112.0
1563,CRS3035RES1000mN2016000E3164000,AM_8,
1564,CRS3035RES1000mN2016000E3164000,AM_9,
1565,CRS3035RES1000mN2016000E3164000,AM_10,118.0
1566,CRS3035RES1000mN2016000E3164000,AM_11,111.0
1567,CRS3035RES1000mN2016000E3164000,AM_12,
1568,CRS3035RES1000mN2016000E3164000,AM_13,
1569,CRS3035RES1000mN2016000E3164000,AM_14,119.0
1570,CRS3035RES1000mN2016000E3164000,AM_15,
1571,CRS3035RES1000mN2016000E3164000,AM_16,107.0
1572,CRS3035RES1000mN2016000E3164000,AM_17,109.0
1573,CRS3035RES1000mN2016000E3164000,AM_19,116.0
1574,CRS3035RES1000mN2016000E3164000,AM_20,115.0
1575,CRS3035RES1000mN2016000E3164000,AM_21,116.0
1576,CRS3035RES1000mN2016000E3164000,AM_22,118.0
1577,CRS3035RES1000mN2016000E3164000,AM_23,106.0
1578,CRS3035RES1000mN2016000E3164000,AM_24,116.0
1579,CRS3035RES1000mN2016000E3164000,AM_25,115.0
1580,CRS3035RES1000mN2016000E3164000,AM_27,
1581,CRS3035RES1000mN2016000E3164000,AM_28,
1582,CRS3035RES1000mN2016000E3164000,AM_29,
1583,CRS3035RES1000mN2016000E3164000,AM_30,104.0
1584,CRS3035RES1000mN2016000E3164000,AM_32,113.0
1585,CRS3035RES1000mN2016000E3164000,AM_33,106.0
1586,CRS3035RES1000mN2016000E3164000,AM_34,
1587,CRS3035RES1000mN2016000E3164000,AM_35,119.0
1588,CRS3035RES1000mN2016000E3164000,AM_36,112.0
1589,CRS3035RES1000mN2016000E3164000,AM_37,
1590,CRS3035RES1000mN2016000E3164000,AM_38,
1591,CRS3035RES1000mN2016000E3165000,28027618,
1592,CRS3035RES1000mN2016000E3165000,28027591,
1593,CRS3035RES1000mN2016000E3165000,28027606,
1594,CRS3035RES1000mN2016000E3165000,28027898,
1595,CRS3035RES1000mN2016000E3165000,28041810,
1596,CRS3035RES1000mN2016000E3165000,AM_1,
1597,CRS3035RES1000mN2016000E3165000,AM_2,
1598,CRS3035RES1000mN2016000E3165000,AM_3,
1599,CRS3035RES1000mN2016000E3165000,AM_5,
1600,CRS3035RES1000mN2016000E3165000,AM_8,
1601,CRS3035RES1000mN2016000E3165000,AM_9,
1602,CRS3035RES1000mN2016000E3165000,AM_10,
1603,CRS3035RES1000mN2016000E3165000,AM_11,
1604,CRS3035RES1000mN2016000E3165000,AM_12,
1605,CRS3035RES1000mN2016000E3165000,AM_13,
1606,CRS3035RES1000mN2016000E3165000,AM_14,
1607,CRS3035RES1000mN2016000E3165000,AM_15,
1608,CRS3035RES1000mN2016000E3165000,AM_16,
1609,CRS3035RES1000mN2016000E3165000,AM_17,
1610,CRS3035RES1000mN2016000E3165000,AM_19,
1611,CRS3035RES1000mN2016000E3165000,AM_20,
1612,CRS3035RES1000mN2016000E3165000,AM_21,
1613,CRS3035RES1000mN2016000E3165000,AM_22,
1614,CRS3035RES1000mN2016000E3165000,AM_23,
1615,CRS3035RES1000mN2016000E3165000,AM_24,
1616,CRS3035RES1000mN2016000E3165000,AM_25,
1617,CRS3035RES1000mN2016000E3165000,AM_27,
1618,CRS3035RES1000mN2016000E3165000,AM_28,
1619,CRS3035RES1000mN2016000E3165000,AM_29,
1620,CRS3035RES1000mN2016000E3165000,AM_30,
1621,CRS3035RES1000mN2016000E3165000,AM_32,
1622,CRS3035RES1000mN2016000E3165000,AM_33,
1623,CRS3035RES1000mN2016000E3165000,AM_34,
1624,CRS3035RES1000mN2016000E3165000,AM_35,
1625,CRS3035RES1000mN2016000E3165000,AM_36,
1626,CRS3035RES1000mN2016000E3165000,AM_37,
1627,CRS3035RES1000mN2016000E3165000,AM_38,
1628,CRS3035RES1000mN2016000E3166000,28027618,
1629,CRS3035RES1000mN2016000E3166000,28027591,
1630,CRS3035RES1000mN2016000E3166000,28027606,
1631,CRS3035RES1000mN2016000E3166000,28027898,
1632,CRS3035RES1000mN2016000E3166000,28041810,
1633,CRS3035RES1000mN2016000E3166000,AM_1,
1634,CRS3035RES1000mN2016000E3166000,AM_2,
1635,CRS3035RES1000mN2016000E3166000,AM_3,
1636,CRS3035RES1000mN2016000E3166000,AM_5,
1637,CRS3035RES1000mN2016000E3166000,AM_8,
1638,CRS3035RES1000mN2016000E3166000,AM_9,
1639,CRS3035RES1000mN2016000E3166000,AM_10,
1640,CRS3035RES1000mN2016000E3166000,AM_11,
1641,CRS3035RES1000mN2016000E3166000,AM_12,
1642,CRS3035RES1000mN2016000E3166000,AM_13,
1643,CRS3035RES1000mN2016000E3166000,AM_14,
1644,CRS3035RES1000mN2016000E3166000,AM_15,
1645,CRS3035RES1000mN2016000E3166000,AM_16,
1646,CRS3035RES1000mN2016000E3166000,AM_17,
1647,CRS3035RES1000mN2016000E3166000,AM_19,
1648,CRS3035RES1000mN2016000E3166000,AM_20,
1649,CRS3035RES1000mN2016000E3166000,AM_21,
1650,CRS3035RES1000mN2016000E3166000,AM_22,
1651,CRS3035RES1000mN2016000E3166000,AM_23,
1652,CRS3035RES1000mN2016000E3166000,AM_24,
1653,CRS3035RES1000mN2016000E3166000,AM_25,
1654,CRS3035RES1000mN2016000E3166000,AM_27,
1655,CRS3035RES1000mN2016000E3166000,AM_28,
1656,CRS3035RES1000mN2016000E3166000,AM_29,
1657,CRS3035RES1000mN2016000E3166000,AM_30,
1658,CRS3035RES1000mN2016000E3166000,AM_32,
1659,CRS3035RES1000mN2016000E3166000,AM_33,
1660,CRS3035RES1000mN2016000E3166000,AM_34,
1661,CRS3035RES1000mN2016000E3166000,AM_35,
1662,CRS3035RES1000mN2016000E3166000,AM_36,
1663,CRS3035RES1000mN2016000E3166000,AM_37,
1664,CRS3035RES1000mN2016000E3166000,AM_38,
1665,CRS3035RES1000mN2016000E3167000,28027618,
1666,CRS3035RES1000mN2016000E3167000,28027591,
1667,CRS3035RES1000mN2016000E3167000,28027606,
1668,CRS3035RES1000mN2016000E3167000,28027898,
1669,CRS3035RES1000mN2016000E3167000,28041810,
1670,CRS3035RES1000mN2016000E3167000,AM_1,
1671,CRS3035RES1000mN2016000E3167000,AM_2,
1672,CRS3035RES1000mN2016000E3167000,AM_3,
1673,CRS3035RES1000mN2016000E3167000,AM_5,
1674,CRS3035RES1000mN2016000E3167000,AM_8,
1675,CRS3035RES1000mN2016000E3167000,AM_9,
1676,CRS3035RES1000mN2016000E3167000,AM_10,
1677,CRS3035RES1000mN2016000E3167000,AM_11,
1678,CRS3035RES1000mN2016000E3167000,AM_12,
1679,CRS3035RES1000mN2016000E3167000,AM_13,
1680,CRS3035RES1000mN2016000E3167000,AM_14,
1681,CRS3035RES1000mN2016000E3167000,AM_15,
1682,CRS3035RES1000mN2016000E3167000,AM_16,
1683,CRS3035RES1000mN2016000E3167000,AM_17,
1684,CRS3035RES1000mN2016000E3167000,AM_19,
1685,CRS3035RES1000mN2016000E3167000,AM_20,
1686,CRS3035RES1000mN2016000E3167000,AM_21,
1687,CRS3035RES1000mN2016000E3167000,AM_22,
1688,CRS3035RES1000mN2016000E3167000,AM_23,
1689,CRS3035RES1000mN2016000E3167000,AM_24,
1690,CRS3035RES1000mN2016000E3167000,AM_25,
1691,CRS3035RES1000mN2016000E3167000,AM_27,
1692,CRS3035RES1000mN2016000E3167000,AM_28,
1693,CRS3035RES1000mN2016000E3167000,AM_29,
1694,CRS3035RES1000mN2016000E3167000,AM_30,
1695,CRS3035RES1000mN2016000E3167000,AM_32,
1696,CRS3035RES1000mN2016000E3167000,AM_33,
1697,CRS3035RES1000mN2016000E3167000,AM_34,
1698,CRS3035RES1000mN2016000E3167000,AM_35,
1699,CRS3035RES1000mN2016000E3167000,AM_36,
1700,CRS3035RES1000mN2016000E3167000,AM_37,
1701,CRS3035RES1000mN2016000E3167000,AM_38,
1702,CRS3035RES1000mN2017000E3152000,28027618,79.0
1703,CRS3035RES1000mN2017000E3152000,28027591,76.0
1704,CRS3035RES1000mN2017000E3152000,28027606,94.0
1705,CRS3035RES1000mN2017000E3152000,28027898,97.0
1706,CRS3035RES1000mN2017000E3152000,28041810,34.0
1707,CRS3035RES1000mN2017000E3152000,AM_1,42.0
1708,CRS3035RES1000mN2017000E3152000,AM_2,81.0
1709,CRS3035RES1000mN2017000E3152000,AM_3,92.0
1710,CRS3035RES1000mN2017000E3152000,AM_5,72.0
1711,CRS3035RES1000mN2017000E3152000,AM_8,107.0
1712,CRS3035RES1000mN2017000E3152000,AM_9,112.0
1713,CRS3035RES1000mN2017000E3152000,AM_10,78.0
1714,CRS3035RES1000mN2017000E3152000,AM_11,73.0
1715,CRS3035RES1000mN2017000E3152000,AM_12,90.0
1716,CRS3035RES1000mN2017000E3152000,AM_13,96.0
1717,CRS3035RES1000mN2017000E3152000,AM_14,79.0
1718,CRS3035RES1000mN2017000E3152000,AM_15,89.0
1719,CRS3035RES1000mN2017000E3152000,AM_16,69.0
1720,CRS3035RES1000mN2017000E3152000,AM_17,47.0
1721,CRS3035RES1000mN2017000E3152000,AM_19,79.0
1722,CRS3035RES1000mN2017000E3152000,AM_20,80.0
1723,CRS3035RES1000mN2017000E3152000,AM_21,76.0
1724,CRS3035RES1000mN2017000E3152000,AM_22,84.0
1725,CRS3035RES1000mN2017000E3152000,AM_23,68.0
1726,CRS3035RES1000mN2017000E3152000,AM_24,35.0
1727,CRS3035RES1000mN2017000E3152000,AM_25,77.0
1728,CRS3035RES1000mN2017000E3152000,AM_27,68.0
1729,CRS3035RES1000mN2017000E3152000,AM_28,85.0
1730,CRS3035RES1000mN2017000E3152000,AM_29,93.0
1731,CRS3035RES1000mN2017000E3152000,AM_30,43.0
1732,CRS3035RES1000mN2017000E3152000,AM_32,73.0
1733,CRS3035RES1000mN2017000E3152000,AM_33,67.0
1734,CRS3035RES1000mN2017000E3152000,AM_34,100.0
1735,CRS3035RES1000mN2017000E3152000,AM_35,79.0
1736,CRS3035RES1000mN2017000E3152000,AM_36,73.0
1737,CRS3035RES1000mN2017000E3152000,AM_37,84.0
1738,CRS3035RES1000mN2017000E3152000,AM_38,86.0
1739,CRS3035RES1000mN2017000E3153000,28027618,74.0
1740,CRS3035RES1000mN2017000E3153000,28027591,71.0
1741,CRS3035RES1000mN2017000E3153000,28027606,88.0
1742,CRS3035RES1000mN2017000E3153000,28027898,91.0
1743,CRS3035RES1000mN2017000E3153000,28041810,27.0
1744,CRS3035RES1000mN2017000E3153000,AM_1,44.0
1745,CRS3035RES1000mN2017000E3153000,AM_2,76.0
1746,CRS3035RES1000mN2017000E3153000,AM_3,89.0
1747,CRS3035RES1000mN2017000E3153000,AM_5,67.0
1748,CRS3035RES1000mN2017000E3153000,AM_8,107.0
1749,CRS3035RES1000mN2017000E3153000,AM_9,109.0
1750,CRS3035RES1000mN2017000E3153000,AM_10,73.0
1751,CRS3035RES1000mN2017000E3153000,AM_11,67.0
1752,CRS3035RES1000mN2017000E3153000,AM_12,85.0
1753,CRS3035RES1000mN2017000E3153000,AM_13,94.0
1754,CRS3035RES1000mN2017000E3153000,AM_14,74.0
1755,CRS3035RES1000mN2017000E3153000,AM_15,84.0
1756,CRS3035RES1000mN2017000E3153000,AM_16,62.0
1757,CRS3035RES1000mN2017000E3153000,AM_17,46.0
1758,CRS3035RES1000mN2017000E3153000,AM_19,73.0
1759,CRS3035RES1000mN2017000E3153000,AM_20,76.0
1760,CRS3035RES1000mN2017000E3153000,AM_21,71.0
1761,CRS3035RES1000mN2017000E3153000,AM_22,80.0
1762,CRS3035RES1000mN2017000E3153000,AM_23,61.0
1763,CRS3035RES1000mN2017000E3153000,AM_24,37.0
1764,CRS3035RES1000mN2017000E3153000,AM_25,72.0
1765,CRS3035RES1000mN2017000E3153000,AM_27,68.0
1766,CRS3035RES1000mN2017000E3153000,AM_28,80.0
1767,CRS3035RES1000mN2017000E3153000,AM_29,88.0
1768,CRS3035RES1000mN2017000E3153000,AM_30,41.0
1769,CRS3035RES1000mN2017000E3153000,AM_32,68.0
1770,CRS3035RES1000mN2017000E3153000,AM_33,61.0
1771,CRS3035RES1000mN2017000E3153000,AM_34,96.0
1772,CRS3035RES1000mN2017000E3153000,AM_35,74.0
1773,CRS3035RES1000mN2017000E3153000,AM_36,68.0
1774,CRS3035RES1000mN2017000E3153000,AM_37,83.0
1775,CRS3035RES1000mN2017000E3153000,AM_38,85.0
1776,CRS3035RES1000mN2017000E3154000,28027618,68.0
1777,CRS3035RES1000mN2017000E3154000,28027591,65.0
1778,CRS3035RES1000mN2017000E3154000,28027606,82.0
1779,CRS3035RES1000mN2017000E3154000,28027898,87.0
1780,CRS3035RES1000mN2017000E3154000,28041810,22.0
1781,CRS3035RES1000mN2017000E3154000,AM_1,39.0
1782,CRS3035RES1000mN2017000E3154000,AM_2,70.0
1783,CRS3035RES1000mN2017000E3154000,AM_3,82.0
1784,CRS3035RES1000mN2017000E3154000,AM_5,59.0
1785,CRS3035RES1000mN2017000E3154000,AM_8,104.0
1786,CRS3035RES1000mN2017000E3154000,AM_9,97.0
1787,CRS3035RES1000mN2017000E3154000,AM_10,67.0
1788,CRS3035RES1000mN2017000E3154000,AM_11,59.0
1789,CRS3035RES1000mN2017000E3154000,AM_12,81.0
1790,CRS3035RES1000mN2017000E3154000,AM_13,92.0
1791,CRS3035RES1000mN2017000E3154000,AM_14,68.0
1792,CRS3035RES1000mN2017000E3154000,AM_15,73.0
1793,CRS3035RES1000mN2017000E3154000,AM_16,57.0
1794,CRS3035RES1000mN2017000E3154000,AM_17,38.0
1795,CRS3035RES1000mN2017000E3154000,AM_19,67.0
1796,CRS3035RES1000mN2017000E3154000,AM_20,62.0
1797,CRS3035RES1000mN2017000E3154000,AM_21,65.0
1798,CRS3035RES1000mN2017000E3154000,AM_22,65.0
1799,CRS3035RES1000mN2017000E3154000,AM_23,55.0
1800,CRS3035RES1000mN2017000E3154000,AM_24,31.0
1801,CRS3035RES1000mN2017000E3154000,AM_25,64.0
1802,CRS3035RES1000mN2017000E3154000,AM_27,64.0
1803,CRS3035RES1000mN2017000E3154000,AM_28,74.0
1804,CRS3035RES1000mN2017000E3154000,AM_29,79.0
1805,CRS3035RES1000mN2017000E3154000,AM_30,31.0
1806,CRS3035RES1000mN2017000E3154000,AM_32,62.0
1807,CRS3035RES1000mN2017000E3154000,AM_33,55.0
1808,CRS3035RES1000mN2017000E3154000,AM_34,92.0
1809,CRS3035RES1000mN2017000E3154000,AM_35,68.0
1810,CRS3035RES1000mN2017000E3154000,AM_36,59.0
1811,CRS3035RES1000mN2017000E3154000,AM_37,78.0
1812,CRS3035RES1000mN2017000E3154000,AM_38,78.0
1813,CRS3035RES1000mN2017000E3155000,28027618,75.0
1814,CRS3035RES1000mN2017000E3155000,28027591,73.0
1815,CRS3035RES1000mN2017000E3155000,28027606,91.0
1816,CRS3035RES1000mN2017000E3155000,28027898,94.0
1817,CRS3035RES1000mN2017000E3155000,28041810,18.0
1818,CRS3035RES1000mN2017000E3155000,AM_1,58.0
1819,CRS3035RES1000mN2017000E3155000,AM_2,78.0
1820,CRS3035RES1000mN2017000E3155000,AM_3,91.0
1821,CRS3035RES1000mN2017000E3155000,AM_5,69.0
1822,CRS3035RES1000mN2017000E3155000,AM_8,119.0
1823,CRS3035RES1000mN2017000E3155000,AM_9,113.0
1824,CRS3035RES1000mN2017000E3155000,AM_10,76.0
1825,CRS3035RES1000mN2017000E3155000,AM_11,70.0
1826,CRS3035RES1000mN2017000E3155000,AM_12,87.0
1827,CRS3035RES1000mN2017000E3155000,AM_13,93.0
1828,CRS3035RES1000mN2017000E3155000,AM_14,76.0
1829,CRS3035RES1000mN2017000E3155000,AM_15,88.0
1830,CRS3035RES1000mN2017000E3155000,AM_16,67.0
1831,CRS3035RES1000mN2017000E3155000,AM_17,48.0
1832,CRS3035RES1000mN2017000E3155000,AM_19,77.0
1833,CRS3035RES1000mN2017000E3155000,AM_20,79.0
1834,CRS3035RES1000mN2017000E3155000,AM_21,73.0
1835,CRS3035RES1000mN2017000E3155000,AM_22,83.0
1836,CRS3035RES1000mN2017000E3155000,AM_23,66.0
1837,CRS3035RES1000mN2017000E3155000,AM_24,51.0
1838,CRS3035RES1000mN2017000E3155000,AM_25,74.0
1839,CRS3035RES1000mN2017000E3155000,AM_27,83.0
1840,CRS3035RES1000mN2017000E3155000,AM_28,81.0
1841,CRS3035RES1000mN2017000E3155000,AM_29,90.0
1842,CRS3035RES1000mN2017000E3155000,AM_30,41.0
1843,CRS3035RES1000mN2017000E3155000,AM_32,70.0
1844,CRS3035RES1000mN2017000E3155000,AM_33,64.0
1845,CRS3035RES1000mN2017000E3155000,AM_34,99.0
1846,CRS3035RES1000mN2017000E3155000,AM_35,76.0
1847,CRS3035RES1000mN2017000E3155000,AM_36,70.0
1848,CRS3035RES1000mN2017000E3155000,AM_37,83.0
1849,CRS3035RES1000mN2017000E3155000,AM_38,87.0
1850,CRS3035RES1000mN2017000E3156000,28027618,92.0
1851,CRS3035RES1000mN2017000E3156000,28027591,89.0
1852,CRS3035RES1000mN2017000E3156000,28027606,106.0
1853,CRS3035RES1000mN2017000E3156000,28027898,111.0
1854,CRS3035RES1000mN2017000E3156000,28041810,37.0
1855,CRS3035RES1000mN2017000E3156000,AM_1,70.0
1856,CRS3035RES1000mN2017000E3156000,AM_2,94.0
1857,CRS3035RES1000mN2017000E3156000,AM_3,115.0
1858,CRS3035RES1000mN2017000E3156000,AM_5,84.0
1859,CRS3035RES1000mN2017000E3156000,AM_8,
1860,CRS3035RES1000mN2017000E3156000,AM_9,
1861,CRS3035RES1000mN2017000E3156000,AM_10,91.0
1862,CRS3035RES1000mN2017000E3156000,AM_11,84.0
1863,CRS3035RES1000mN2017000E3156000,AM_12,101.0
1864,CRS3035RES1000mN2017000E3156000,AM_13,112.0
1865,CRS3035RES1000mN2017000E3156000,AM_14,93.0
1866,CRS3035RES1000mN2017000E3156000,AM_15,100.0
1867,CRS3035RES1000mN2017000E3156000,AM_16,80.0
1868,CRS3035RES1000mN2017000E3156000,AM_17,60.0
1869,CRS3035RES1000mN2017000E3156000,AM_19,90.0
1870,CRS3035RES1000mN2017000E3156000,AM_20,90.0
1871,CRS3035RES1000mN2017000E3156000,AM_21,89.0
1872,CRS3035RES1000mN2017000E3156000,AM_22,94.0
1873,CRS3035RES1000mN2017000E3156000,AM_23,79.0
1874,CRS3035RES1000mN2017000E3156000,AM_24,63.0
1875,CRS3035RES1000mN2017000E3156000,AM_25,89.0
1876,CRS3035RES1000mN2017000E3156000,AM_27,96.0
1877,CRS3035RES1000mN2017000E3156000,AM_28,97.0
1878,CRS3035RES1000mN2017000E3156000,AM_29,113.0
1879,CRS3035RES1000mN2017000E3156000,AM_30,57.0
1880,CRS3035RES1000mN2017000E3156000,AM_32,85.0
1881,CRS3035RES1000mN2017000E3156000,AM_33,79.0
1882,CRS3035RES1000mN2017000E3156000,AM_34,108.0
1883,CRS3035RES1000mN2017000E3156000,AM_35,91.0
1884,CRS3035RES1000mN2017000E3156000,AM_36,84.0
1885,CRS3035RES1000mN2017000E3156000,AM_37,104.0
1886,CRS3035RES1000mN2017000E3156000,AM_38,104.0
1887,CRS3035RES1000mN2017000E3157000,28027618,73.0
1888,CRS3035RES1000mN2017000E3157000,28027591,70.0
1889,CRS3035RES1000mN2017000E3157000,28027606,89.0
1890,CRS3035RES1000mN2017000E3157000,28027898,88.0
1891,CRS3035RES1000mN2017000E3157000,28041810,17.0
1892,CRS3035RES1000mN2017000E3157000,AM_1,56.0
1893,CRS3035RES1000mN2017000E3157000,AM_2,75.0
1894,CRS3035RES1000mN2017000E3157000,AM_3,84.0
1895,CRS3035RES1000mN2017000E3157000,AM_5,66.0
1896,CRS3035RES1000mN2017000E3157000,AM_8,117.0
1897,CRS3035RES1000mN2017000E3157000,AM_9,110.0
1898,CRS3035RES1000mN2017000E3157000,AM_10,72.0
1899,CRS3035RES1000mN2017000E3157000,AM_11,67.0
1900,CRS3035RES1000mN2017000E3157000,AM_12,84.0
1901,CRS3035RES1000mN2017000E3157000,AM_13,90.0
1902,CRS3035RES1000mN2017000E3157000,AM_14,73.0
1903,CRS3035RES1000mN2017000E3157000,AM_15,78.0
1904,CRS3035RES1000mN2017000E3157000,AM_16,59.0
1905,CRS3035RES1000mN2017000E3157000,AM_17,45.0
1906,CRS3035RES1000mN2017000E3157000,AM_19,69.0
1907,CRS3035RES1000mN2017000E3157000,AM_20,74.0
1908,CRS3035RES1000mN2017000E3157000,AM_21,70.0
1909,CRS3035RES1000mN2017000E3157000,AM_22,77.0
1910,CRS3035RES1000mN2017000E3157000,AM_23,59.0
1911,CRS3035RES1000mN2017000E3157000,AM_24,49.0
1912,CRS3035RES1000mN2017000E3157000,AM_25,71.0
1913,CRS3035RES1000mN2017000E3157000,AM_27,80.0
1914,CRS3035RES1000mN2017000E3157000,AM_28,78.0
1915,CRS3035RES1000mN2017000E3157000,AM_29,83.0
1916,CRS3035RES1000mN2017000E3157000,AM_30,39.0
1917,CRS3035RES1000mN2017000E3157000,AM_32,67.0
1918,CRS3035RES1000mN2017000E3157000,AM_33,60.0
1919,CRS3035RES1000mN2017000E3157000,AM_34,94.0
1920,CRS3035RES1000mN2017000E3157000,AM_35,73.0
1921,CRS3035RES1000mN2017000E3157000,AM_36,67.0
1922,CRS3035RES1000mN2017000E3157000,AM_37,82.0
1923,CRS3035RES1000mN2017000E3157000,AM_38,84.0
1924,CRS3035RES1000mN2017000E3158000,28027618,77.0
1925,CRS3035RES1000mN2017000E3158000,28027591,77.0
1926,CRS3035RES1000mN2017000E3158000,28027606,92.0
1927,CRS3035RES1000mN2017000E3158000,28027898,90.0
1928,CRS3035RES1000mN2017000E3158000,28041810,48.0
1929,CRS3035RES1000mN2017000E3158000,AM_1,75.0
1930,CRS3035RES1000mN2017000E3158000,AM_2,83.0
1931,CRS3035RES1000mN2017000E3158000,AM_3,84.0
1932,CRS3035RES1000mN2017000E3158000,AM_5,70.0
1933,CRS3035RES1000mN2017000E3158000,AM_8,119.0
1934,CRS3035RES1000mN2017000E3158000,AM_9,112.0
1935,CRS3035RES1000mN2017000E3158000,AM_10,79.0
1936,CRS3035RES1000mN2017000E3158000,AM_11,74.0
1937,CRS3035RES1000mN2017000E3158000,AM_12,88.0
1938,CRS3035RES1000mN2017000E3158000,AM_13,92.0
1939,CRS3035RES1000mN2017000E3158000,AM_14,80.0
1940,CRS3035RES1000mN2017000E3158000,AM_15,81.0
1941,CRS3035RES1000mN2017000E3158000,AM_16,60.0
1942,CRS3035RES1000mN2017000E3158000,AM_17,67.0
1943,CRS3035RES1000mN2017000E3158000,AM_19,71.0
1944,CRS3035RES1000mN2017000E3158000,AM_20,76.0
1945,CRS3035RES1000mN2017000E3158000,AM_21,74.0
1946,CRS3035RES1000mN2017000E3158000,AM_22,80.0
1947,CRS3035RES1000mN2017000E3158000,AM_23,61.0
1948,CRS3035RES1000mN2017000E3158000,AM_24,79.0
1949,CRS3035RES1000mN2017000E3158000,AM_25,73.0
1950,CRS3035RES1000mN2017000E3158000,AM_27,96.0
1951,CRS3035RES1000mN2017000E3158000,AM_28,85.0
1952,CRS3035RES1000mN2017000E3158000,AM_29,85.0
1953,CRS3035RES1000mN2017000E3158000,AM_30,66.0
1954,CRS3035RES1000mN2017000E3158000,AM_32,75.0
1955,CRS3035RES1000mN2017000E3158000,AM_33,68.0
1956,CRS3035RES1000mN2017000E3158000,AM_34,100.0
1957,CRS3035RES1000mN2017000E3158000,AM_35,80.0
1958,CRS3035RES1000mN2017000E3158000,AM_36,72.0
1959,CRS3035RES1000mN2017000E3158000,AM_37,104.0
1960,CRS3035RES1000mN2017000E3158000,AM_38,88.0
1961,CRS3035RES1000mN2017000E3159000,28027618,109.0
1962,CRS3035RES1000mN2017000E3159000,28027591,105.0
1963,CRS3035RES1000mN2017000E3159000,28027606,
1964,CRS3035RES1000mN2017000E3159000,28027898,
1965,CRS3035RES1000mN2017000E3159000,28041810,53.0
1966,CRS3035RES1000mN2017000E3159000,AM_1,91.0
1967,CRS3035RES1000mN2017000E3159000,AM_2,111.0
1968,CRS3035RES1000mN2017000E3159000,AM_3,
1969,CRS3035RES1000mN2017000E3159000,AM_5,103.0
1970,CRS3035RES1000mN2017000E3159000,AM_8,
1971,CRS3035RES1000mN2017000E3159000,AM_9,
1972,CRS3035RES1000mN2017000E3159000,AM_10,107.0
1973,CRS3035RES1000mN2017000E3159000,AM_11,103.0
1974,CRS3035RES1000mN2017000E3159000,AM_12,
1975,CRS3035RES1000mN2017000E3159000,AM_13,
1976,CRS3035RES1000mN2017000E3159000,AM_14,109.0
1977,CRS3035RES1000mN2017000E3159000,AM_15,115.0
1978,CRS3035RES1000mN2017000E3159000,AM_16,95.0
1979,CRS3035RES1000mN2017000E3159000,AM_17,79.0
1980,CRS3035RES1000mN2017000E3159000,AM_19,105.0
1981,CRS3035RES1000mN2017000E3159000,AM_20,109.0
1982,CRS3035RES1000mN2017000E3159000,AM_21,106.0
1983,CRS3035RES1000mN2017000E3159000,AM_22,113.0
1984,CRS3035RES1000mN2017000E3159000,AM_23,95.0
1985,CRS3035RES1000mN2017000E3159000,AM_24,84.0
1986,CRS3035RES1000mN2017000E3159000,AM_25,108.0
1987,CRS3035RES1000mN2017000E3159000,AM_27,113.0
1988,CRS3035RES1000mN2017000E3159000,AM_28,115.0
1989,CRS3035RES1000mN2017000E3159000,AM_29,
1990,CRS3035RES1000mN2017000E3159000,AM_30,75.0
1991,CRS3035RES1000mN2017000E3159000,AM_32,102.0
1992,CRS3035RES1000mN2017000E3159000,AM_33,96.0
1993,CRS3035RES1000mN2017000E3159000,AM_34,
1994,CRS3035RES1000mN2017000E3159000,AM_35,109.0
1995,CRS3035RES1000mN2017000E3159000,AM_36,103.0
1996,CRS3035RES1000mN2017000E3159000,AM_37,
1997,CRS3035RES1000mN2017000E3159000,AM_38,
1998,CRS3035RES1000mN2017000E3160000,28027618,116.0
1999,CRS3035RES1000mN2017000E3160000,28027591,114.0
2000,CRS3035RES1000mN2017000E3160000,28027606,
2001,CRS3035RES1000mN2017000E3160000,28027898,
2002,CRS3035RES1000mN2017000E3160000,28041810,75.0
2003,CRS3035RES1000mN2017000E3160000,AM_1,106.0
2004,CRS3035RES1000mN2017000E3160000,AM_2,
2005,CRS3035RES1000mN2017000E3160000,AM_3,
2006,CRS3035RES1000mN2017000E3160000,AM_5,108.0
2007,CRS3035RES1000mN2017000E3160000,AM_8,
2008,CRS3035RES1000mN2017000E3160000,AM_9,
2009,CRS3035RES1000mN2017000E3160000,AM_10,116.0
2010,CRS3035RES1000mN2017000E3160000,AM_11,109.0
2011,CRS3035RES1000mN2017000E3160000,AM_12,
2012,CRS3035RES1000mN2017000E3160000,AM_13,
2013,CRS3035RES1000mN2017000E3160000,AM_14,118.0
2014,CRS3035RES1000mN2017000E3160000,AM_15,119.0
2015,CRS3035RES1000mN2017000E3160000,AM_16,98.0
2016,CRS3035RES1000mN2017000E3160000,AM_17,95.0
2017,CRS3035RES1000mN2017000E3160000,AM_19,108.0
2018,CRS3035RES1000mN2017000E3160000,AM_20,112.0
2019,CRS3035RES1000mN2017000E3160000,AM_21,113.0
2020,CRS3035RES1000mN2017000E3160000,AM_22,116.0
2021,CRS3035RES1000mN2017000E3160000,AM_23,98.0
2022,CRS3035RES1000mN2017000E3160000,AM_24,99.0
2023,CRS3035RES1000mN2017000E3160000,AM_25,113.0
2024,CRS3035RES1000mN2017000E3160000,AM_27,
2025,CRS3035RES1000mN2017000E3160000,AM_28,
2026,CRS3035RES1000mN2017000E3160000,AM_29,
2027,CRS3035RES1000mN2017000E3160000,AM_30,92.0
2028,CRS3035RES1000mN2017000E3160000,AM_32,111.0
2029,CRS3035RES1000mN2017000E3160000,AM_33,104.0
2030,CRS3035RES1000mN2017000E3160000,AM_34,
2031,CRS3035RES1000mN2017000E3160000,AM_35,117.0
2032,CRS3035RES1000mN2017000E3160000,AM_36,109.0
2033,CRS3035RES1000mN2017000E3160000,AM_37,
2034,CRS3035RES1000mN2017000E3160000,AM_38,
2035,CRS3035RES1000mN2017000E3161000,28027618,117.0
2036,CRS3035RES1000mN2017000E3161000,28027591,114.0
2037,CRS3035RES1000mN2017000E3161000,28027606,
2038,CRS3035RES1000mN2017000E3161000,28027898,
2039,CRS3035RES1000mN2017000E3161000,28041810,84.0
2040,CRS3035RES1000mN2017000E3161000,AM_1,115.0
2041,CRS3035RES1000mN2017000E3161000,AM_2,119.0
2042,CRS3035RES1000mN2017000E3161000,AM_3,
2043,CRS3035RES1000mN2017000E3161000,AM_5,109.0
2044,CRS3035RES1000mN2017000E3161000,AM_8,
2045,CRS3035RES1000mN2017000E3161000,AM_9,
2046,CRS3035RES1000mN2017000E3161000,AM_10,115.0
2047,CRS3035RES1000mN2017000E3161000,AM_11,108.0
2048,CRS3035RES1000mN2017000E3161000,AM_12,
2049,CRS3035RES1000mN2017000E3161000,AM_13,
2050,CRS3035RES1000mN2017000E3161000,AM_14,117.0
2051,CRS3035RES1000mN2017000E3161000,AM_15,
2052,CRS3035RES1000mN2017000E3161000,AM_16,104.0
2053,CRS3035RES1000mN2017000E3161000,AM_17,101.0
2054,CRS3035RES1000mN2017000E3161000,AM_19,114.0
2055,CRS3035RES1000mN2017000E3161000,AM_20,113.0
2056,CRS3035RES1000mN2017000E3161000,AM_21,114.0
2057,CRS3035RES1000mN2017000E3161000,AM_22,116.0
2058,CRS3035RES1000mN2017000E3161000,AM_23,104.0
2059,CRS3035RES1000mN2017000E3161000,AM_24,108.0
2060,CRS3035RES1000mN2017000E3161000,AM_25,114.0
2061,CRS3035RES1000mN2017000E3161000,AM_27,
2062,CRS3035RES1000mN2017000E3161000,AM_28,
2063,CRS3035RES1000mN2017000E3161000,AM_29,
2064,CRS3035RES1000mN2017000E3161000,AM_30,101.0
2065,CRS3035RES1000mN2017000E3161000,AM_32,111.0
2066,CRS3035RES1000mN2017000E3161000,AM_33,104.0
2067,CRS3035RES1000mN2017000E3161000,AM_34,
2068,CRS3035RES1000mN2017000E3161000,AM_35,116.0
2069,CRS3035RES1000mN2017000E3161000,AM_36,109.0
2070,CRS3035RES1000mN2017000E3161000,AM_37,
2071,CRS3035RES1000mN2017000E3161000,AM_38,
2072,CRS3035RES1000mN2017000E3162000,28027618,96.0
2073,CRS3035RES1000mN2017000E3162000,28027591,93.0
2074,CRS3035RES1000mN2017000E3162000,28027606,111.0
2075,CRS3035RES1000mN2017000E3162000,28027898,117.0
2076,CRS3035RES1000mN2017000E3162000,28041810,79.0
2077,CRS3035RES1000mN2017000E3162000,AM_1,103.0
2078,CRS3035RES1000mN2017000E3162000,AM_2,98.0
2079,CRS3035RES1000mN2017000E3162000,AM_3,117.0
2080,CRS3035RES1000mN2017000E3162000,AM_5,88.0
2081,CRS3035RES1000mN2017000E3162000,AM_8,
2082,CRS3035RES1000mN2017000E3162000,AM_9,
2083,CRS3035RES1000mN2017000E3162000,AM_10,95.0
2084,CRS3035RES1000mN2017000E3162000,AM_11,89.0
2085,CRS3035RES1000mN2017000E3162000,AM_12,104.0
2086,CRS3035RES1000mN2017000E3162000,AM_13,112.0
2087,CRS3035RES1000mN2017000E3162000,AM_14,97.0
2088,CRS3035RES1000mN2017000E3162000,AM_15,104.0
2089,CRS3035RES1000mN2017000E3162000,AM_16,85.0
2090,CRS3035RES1000mN2017000E3162000,AM_17,86.0
2091,CRS3035RES1000mN2017000E3162000,AM_19,96.0
2092,CRS3035RES1000mN2017000E3162000,AM_20,93.0
2093,CRS3035RES1000mN2017000E3162000,AM_21,94.0
2094,CRS3035RES1000mN2017000E3162000,AM_22,97.0
2095,CRS3035RES1000mN2017000E3162000,AM_23,84.0
2096,CRS3035RES1000mN2017000E3162000,AM_24,96.0
2097,CRS3035RES1000mN2017000E3162000,AM_25,93.0
2098,CRS3035RES1000mN2017000E3162000,AM_27,
2099,CRS3035RES1000mN2017000E3162000,AM_28,102.0
2100,CRS3035RES1000mN2017000E3162000,AM_29,113.0
2101,CRS3035RES1000mN2017000E3162000,AM_30,87.0
2102,CRS3035RES1000mN2017000E3162000,AM_32,90.0
2103,CRS3035RES1000mN2017000E3162000,AM_33,84.0
2104,CRS3035RES1000mN2017000E3162000,AM_34,
2105,CRS3035RES1000mN2017000E3162000,AM_35,97.0
2106,CRS3035RES1000mN2017000E3162000,AM_36,89.0
2107,CRS3035RES1000mN2017000E3162000,AM_37,
2108,CRS3035RES1000mN2017000E3162000,AM_38,114.0
2109,CRS3035RES1000mN2017000E3163000,28027618,95.0
2110,CRS3035RES1000mN2017000E3163000,28027591,93.0
2111,CRS3035RES1000mN2017000E3163000,28027606,111.0
2112,CRS3035RES1000mN2017000E3163000,28027898,117.0
2113,CRS3035RES1000mN2017000E3163000,28041810,79.0
2114,CRS3035RES1000mN2017000E3163000,AM_1,102.0
2115,CRS3035RES1000mN2017000E3163000,AM_2,98.0
2116,CRS3035RES1000mN2017000E3163000,AM_3,117.0
2117,CRS3035RES1000mN2017000E3163000,AM_5,88.0
2118,CRS3035RES1000mN2017000E3163000,AM_8,
2119,CRS3035RES1000mN2017000E3163000,AM_9,
2120,CRS3035RES1000mN2017000E3163000,AM_10,94.0
2121,CRS3035RES1000mN2017000E3163000,AM_11,89.0
2122,CRS3035RES1000mN2017000E3163000,AM_12,104.0
2123,CRS3035RES1000mN2017000E3163000,AM_13,112.0
2124,CRS3035RES1000mN2017000E3163000,AM_14,96.0
2125,CRS3035RES1000mN2017000E3163000,AM_15,104.0
2126,CRS3035RES1000mN2017000E3163000,AM_16,86.0
2127,CRS3035RES1000mN2017000E3163000,AM_17,86.0
2128,CRS3035RES1000mN2017000E3163000,AM_19,95.0
2129,CRS3035RES1000mN2017000E3163000,AM_20,93.0
2130,CRS3035RES1000mN2017000E3163000,AM_21,93.0
2131,CRS3035RES1000mN2017000E3163000,AM_22,96.0
2132,CRS3035RES1000mN2017000E3163000,AM_23,84.0
2133,CRS3035RES1000mN2017000E3163000,AM_24,95.0
2134,CRS3035RES1000mN2017000E3163000,AM_25,94.0
2135,CRS3035RES1000mN2017000E3163000,AM_27,
2136,CRS3035RES1000mN2017000E3163000,AM_28,102.0
2137,CRS3035RES1000mN2017000E3163000,AM_29,113.0
2138,CRS3035RES1000mN2017000E3163000,AM_30,88.0
2139,CRS3035RES1000mN2017000E3163000,AM_32,90.0
2140,CRS3035RES1000mN2017000E3163000,AM_33,83.0
2141,CRS3035RES1000mN2017000E3163000,AM_34,
2142,CRS3035RES1000mN2017000E3163000,AM_35,96.0
2143,CRS3035RES1000mN2017000E3163000,AM_36,89.0
2144,CRS3035RES1000mN2017000E3163000,AM_37,
2145,CRS3035RES1000mN2017000E3163000,AM_38,114.0
2146,CRS3035RES1000mN2017000E3164000,28027618,116.0
2147,CRS3035RES1000mN2017000E3164000,28027591,113.0
2148,CRS3035RES1000mN2017000E3164000,28027606,
2149,CRS3035RES1000mN2017000E3164000,28027898,
2150,CRS3035RES1000mN2017000E3164000,28041810,97.0
2151,CRS3035RES1000mN2017000E3164000,AM_1,117.0
2152,CRS3035RES1000mN2017000E3164000,AM_2,119.0
2153,CRS3035RES1000mN2017000E3164000,AM_3,
2154,CRS3035RES1000mN2017000E3164000,AM_5,109.0
2155,CRS3035RES1000mN2017000E3164000,AM_8,
2156,CRS3035RES1000mN2017000E3164000,AM_9,
2157,CRS3035RES1000mN2017000E3164000,AM_10,116.0
2158,CRS3035RES1000mN2017000E3164000,AM_11,109.0
2159,CRS3035RES1000mN2017000E3164000,AM_12,
2160,CRS3035RES1000mN2017000E3164000,AM_13,
2161,CRS3035RES1000mN2017000E3164000,AM_14,117.0
2162,CRS3035RES1000mN2017000E3164000,AM_15,
2163,CRS3035RES1000mN2017000E3164000,AM_16,105.0
2164,CRS3035RES1000mN2017000E3164000,AM_17,107.0
2165,CRS3035RES1000mN2017000E3164000,AM_19,114.0
2166,CRS3035RES1000mN2017000E3164000,AM_20,113.0
2167,CRS3035RES1000mN2017000E3164000,AM_21,113.0
2168,CRS3035RES1000mN2017000E3164000,AM_22,117.0
2169,CRS3035RES1000mN2017000E3164000,AM_23,103.0
2170,CRS3035RES1000mN2017000E3164000,AM_24,113.0
2171,CRS3035RES1000mN2017000E3164000,AM_25,114.0
2172,CRS3035RES1000mN2017000E3164000,AM_27,
2173,CRS3035RES1000mN2017000E3164000,AM_28,
2174,CRS3035RES1000mN2017000E3164000,AM_29,
2175,CRS3035RES1000mN2017000E3164000,AM_30,102.0
2176,CRS3035RES1000mN2017000E3164000,AM_32,111.0
2177,CRS3035RES1000mN2017000E3164000,AM_33,104.0
2178,CRS3035RES1000mN2017000E3164000,AM_34,
2179,CRS3035RES1000mN2017000E3164000,AM_35,117.0
2180,CRS3035RES1000mN2017000E3164000,AM_36,109.0
2181,CRS3035RES1000mN2017000E3164000,AM_37,
2182,CRS3035RES1000mN2017000E3164000,AM_38,
2183,CRS3035RES1000mN2018000E3153000,28027618,83.0
2184,CRS3035RES1000mN2018000E3153000,28027591,81.0
2185,CRS3035RES1000mN2018000E3153000,28027606,100.0
2186,CRS3035RES1000mN2018000E3153000,28027898,105.0
2187,CRS3035RES1000mN2018000E3153000,28041810,38.0
2188,CRS3035RES1000mN2018000E3153000,AM_1,55.0
2189,CRS3035RES1000mN2018000E3153000,AM_2,86.0
2190,CRS3035RES1000mN2018000E3153000,AM_3,94.0
2191,CRS3035RES1000mN2018000E3153000,AM_5,76.0
2192,CRS3035RES1000mN2018000E3153000,AM_8,119.0
2193,CRS3035RES1000mN2018000E3153000,AM_9,112.0
2194,CRS3035RES1000mN2018000E3153000,AM_10,83.0
2195,CRS3035RES1000mN2018000E3153000,AM_11,77.0
2196,CRS3035RES1000mN2018000E3153000,AM_12,95.0
2197,CRS3035RES1000mN2018000E3153000,AM_13,110.0
2198,CRS3035RES1000mN2018000E3153000,AM_14,84.0
2199,CRS3035RES1000mN2018000E3153000,AM_15,91.0
2200,CRS3035RES1000mN2018000E3153000,AM_16,73.0
2201,CRS3035RES1000mN2018000E3153000,AM_17,45.0
2202,CRS3035RES1000mN2018000E3153000,AM_19,82.0
2203,CRS3035RES1000mN2018000E3153000,AM_20,81.0
2204,CRS3035RES1000mN2018000E3153000,AM_21,81.0
2205,CRS3035RES1000mN2018000E3153000,AM_22,84.0
2206,CRS3035RES1000mN2018000E3153000,AM_23,72.0
2207,CRS3035RES1000mN2018000E3153000,AM_24,48.0
2208,CRS3035RES1000mN2018000E3153000,AM_25,81.0
2209,CRS3035RES1000mN2018000E3153000,AM_27,82.0
2210,CRS3035RES1000mN2018000E3153000,AM_28,89.0
2211,CRS3035RES1000mN2018000E3153000,AM_29,103.0
2212,CRS3035RES1000mN2018000E3153000,AM_30,44.0
2213,CRS3035RES1000mN2018000E3153000,AM_32,78.0
2214,CRS3035RES1000mN2018000E3153000,AM_33,71.0
2215,CRS3035RES1000mN2018000E3153000,AM_34,101.0
2216,CRS3035RES1000mN2018000E3153000,AM_35,84.0
2217,CRS3035RES1000mN2018000E3153000,AM_36,77.0
2218,CRS3035RES1000mN2018000E3153000,AM_37,86.0
2219,CRS3035RES1000mN2018000E3153000,AM_38,88.0
2220,CRS3035RES1000mN2018000E3154000,28027618,68.0
2221,CRS3035RES1000mN2018000E3154000,28027591,65.0
2222,CRS3035RES1000mN2018000E3154000,28027606,81.0
2223,CRS3035RES1000mN2018000E3154000,28027898,86.0
2224,CRS3035RES1000mN2018000E3154000,28041810,20.0
2225,CRS3035RES1000mN2018000E3154000,AM_1,44.0
2226,CRS3035RES1000mN2018000E3154000,AM_2,70.0
2227,CRS3035RES1000mN2018000E3154000,AM_3,81.0
2228,CRS3035RES1000mN2018000E3154000,AM_5,60.0
2229,CRS3035RES1000mN2018000E3154000,AM_8,105.0
2230,CRS3035RES1000mN2018000E3154000,AM_9,96.0
2231,CRS3035RES1000mN2018000E3154000,AM_10,67.0
2232,CRS3035RES1000mN2018000E3154000,AM_11,59.0
2233,CRS3035RES1000mN2018000E3154000,AM_12,80.0
2234,CRS3035RES1000mN2018000E3154000,AM_13,91.0
2235,CRS3035RES1000mN2018000E3154000,AM_14,68.0
2236,CRS3035RES1000mN2018000E3154000,AM_15,73.0
2237,CRS3035RES1000mN2018000E3154000,AM_16,55.0
2238,CRS3035RES1000mN2018000E3154000,AM_17,34.0
2239,CRS3035RES1000mN2018000E3154000,AM_19,65.0
2240,CRS3035RES1000mN2018000E3154000,AM_20,62.0
2241,CRS3035RES1000mN2018000E3154000,AM_21,64.0
2242,CRS3035RES1000mN2018000E3154000,AM_22,66.0
2243,CRS3035RES1000mN2018000E3154000,AM_23,54.0
2244,CRS3035RES1000mN2018000E3154000,AM_24,37.0
2245,CRS3035RES1000mN2018000E3154000,AM_25,64.0
2246,CRS3035RES1000mN2018000E3154000,AM_27,67.0
2247,CRS3035RES1000mN2018000E3154000,AM_28,73.0
2248,CRS3035RES1000mN2018000E3154000,AM_29,80.0
2249,CRS3035RES1000mN2018000E3154000,AM_30,30.0
2250,CRS3035RES1000mN2018000E3154000,AM_32,62.0
2251,CRS3035RES1000mN2018000E3154000,AM_33,54.0
2252,CRS3035RES1000mN2018000E3154000,AM_34,91.0
2253,CRS3035RES1000mN2018000E3154000,AM_35,68.0
2254,CRS3035RES1000mN2018000E3154000,AM_36,60.0
2255,CRS3035RES1000mN2018000E3154000,AM_37,80.0
2256,CRS3035RES1000mN2018000E3154000,AM_38,81.0
2257,CRS3035RES1000mN2018000E3155000,28027618,68.0
2258,CRS3035RES1000mN2018000E3155000,28027591,65.0
2259,CRS3035RES1000mN2018000E3155000,28027606,82.0
2260,CRS3035RES1000mN2018000E3155000,28027898,87.0
2261,CRS3035RES1000mN2018000E3155000,28041810,12.0
2262,CRS3035RES1000mN2018000E3155000,AM_1,46.0
2263,CRS3035RES1000mN2018000E3155000,AM_2,71.0
2264,CRS3035RES1000mN2018000E3155000,AM_3,80.0
2265,CRS3035RES1000mN2018000E3155000,AM_5,60.0
2266,CRS3035RES1000mN2018000E3155000,AM_8,105.0
2267,CRS3035RES1000mN2018000E3155000,AM_9,94.0
2268,CRS3035RES1000mN2018000E3155000,AM_10,68.0
2269,CRS3035RES1000mN2018000E3155000,AM_11,60.0
2270,CRS3035RES1000mN2018000E3155000,AM_12,80.0
2271,CRS3035RES1000mN2018000E3155000,AM_13,92.0
2272,CRS3035RES1000mN2018000E3155000,AM_14,69.0
2273,CRS3035RES1000mN2018000E3155000,AM_15,74.0
2274,CRS3035RES1000mN2018000E3155000,AM_16,56.0
2275,CRS3035RES1000mN2018000E3155000,AM_17,37.0
2276,CRS3035RES1000mN2018000E3155000,AM_19,67.0
2277,CRS3035RES1000mN2018000E3155000,AM_20,62.0
2278,CRS3035RES1000mN2018000E3155000,AM_21,65.0
2279,CRS3035RES1000mN2018000E3155000,AM_22,66.0
2280,CRS3035RES1000mN2018000E3155000,AM_23,55.0
2281,CRS3035RES1000mN2018000E3155000,AM_24,39.0
2282,CRS3035RES1000mN2018000E3155000,AM_25,64.0
2283,CRS3035RES1000mN2018000E3155000,AM_27,67.0
2284,CRS3035RES1000mN2018000E3155000,AM_28,74.0
2285,CRS3035RES1000mN2018000E3155000,AM_29,78.0
2286,CRS3035RES1000mN2018000E3155000,AM_30,33.0
2287,CRS3035RES1000mN2018000E3155000,AM_32,62.0
2288,CRS3035RES1000mN2018000E3155000,AM_33,55.0
2289,CRS3035RES1000mN2018000E3155000,AM_34,92.0
2290,CRS3035RES1000mN2018000E3155000,AM_35,68.0
2291,CRS3035RES1000mN2018000E3155000,AM_36,60.0
2292,CRS3035RES1000mN2018000E3155000,AM_37,76.0
2293,CRS3035RES1000mN2018000E3155000,AM_38,78.0
2294,CRS3035RES1000mN2018000E3156000,28027618,72.0
2295,CRS3035RES1000mN2018000E3156000,28027591,69.0
2296,CRS3035RES1000mN2018000E3156000,28027606,86.0
2297,CRS3035RES1000mN2018000E3156000,28027898,90.0
2298,CRS3035RES1000mN2018000E3156000,28041810,12.0
2299,CRS3035RES1000mN2018000E3156000,AM_1,47.0
2300,CRS3035RES1000mN2018000E3156000,AM_2,74.0
2301,CRS3035RES1000mN2018000E3156000,AM_3,80.0
2302,CRS3035RES1000mN2018000E3156000,AM_5,64.0
2303,CRS3035RES1000mN2018000E3156000,AM_8,105.0
2304,CRS3035RES1000mN2018000E3156000,AM_9,99.0
2305,CRS3035RES1000mN2018000E3156000,AM_10,71.0
2306,CRS3035RES1000mN2018000E3156000,AM_11,64.0
2307,CRS3035RES1000mN2018000E3156000,AM_12,83.0
2308,CRS3035RES1000mN2018000E3156000,AM_13,92.0
2309,CRS3035RES1000mN2018000E3156000,AM_14,72.0
2310,CRS3035RES1000mN2018000E3156000,AM_15,80.0
2311,CRS3035RES1000mN2018000E3156000,AM_16,61.0
2312,CRS3035RES1000mN2018000E3156000,AM_17,37.0
2313,CRS3035RES1000mN2018000E3156000,AM_19,70.0
2314,CRS3035RES1000mN2018000E3156000,AM_20,74.0
2315,CRS3035RES1000mN2018000E3156000,AM_21,69.0
2316,CRS3035RES1000mN2018000E3156000,AM_22,78.0
2317,CRS3035RES1000mN2018000E3156000,AM_23,60.0
2318,CRS3035RES1000mN2018000E3156000,AM_24,40.0
2319,CRS3035RES1000mN2018000E3156000,AM_25,70.0
2320,CRS3035RES1000mN2018000E3156000,AM_27,67.0
2321,CRS3035RES1000mN2018000E3156000,AM_28,77.0
2322,CRS3035RES1000mN2018000E3156000,AM_29,77.0
2323,CRS3035RES1000mN2018000E3156000,AM_30,33.0
2324,CRS3035RES1000mN2018000E3156000,AM_32,65.0
2325,CRS3035RES1000mN2018000E3156000,AM_33,59.0
2326,CRS3035RES1000mN2018000E3156000,AM_34,95.0
2327,CRS3035RES1000mN2018000E3156000,AM_35,72.0
2328,CRS3035RES1000mN2018000E3156000,AM_36,65.0
2329,CRS3035RES1000mN2018000E3156000,AM_37,75.0
2330,CRS3035RES1000mN2018000E3156000,AM_38,76.0
2331,CRS3035RES1000mN2018000E3157000,28027618,79.0
2332,CRS3035RES1000mN2018000E3157000,28027591,77.0
2333,CRS3035RES1000mN2018000E3157000,28027606,95.0
2334,CRS3035RES1000mN2018000E3157000,28027898,96.0
2335,CRS3035RES1000mN2018000E3157000,28041810,30.0
2336,CRS3035RES1000mN2018000E3157000,AM_1,56.0
2337,CRS3035RES1000mN2018000E3157000,AM_2,82.0
2338,CRS3035RES1000mN2018000E3157000,AM_3,89.0
2339,CRS3035RES1000mN2018000E3157000,AM_5,72.0
2340,CRS3035RES1000mN2018000E3157000,AM_8,109.0
2341,CRS3035RES1000mN2018000E3157000,AM_9,111.0
2342,CRS3035RES1000mN2018000E3157000,AM_10,80.0
2343,CRS3035RES1000mN2018000E3157000,AM_11,74.0
2344,CRS3035RES1000mN2018000E3157000,AM_12,91.0
2345,CRS3035RES1000mN2018000E3157000,AM_13,96.0
2346,CRS3035RES1000mN2018000E3157000,AM_14,80.0
2347,CRS3035RES1000mN2018000E3157000,AM_15,87.0
2348,CRS3035RES1000mN2018000E3157000,AM_16,66.0
2349,CRS3035RES1000mN2018000E3157000,AM_17,43.0
2350,CRS3035RES1000mN2018000E3157000,AM_19,76.0
2351,CRS3035RES1000mN2018000E3157000,AM_20,79.0
2352,CRS3035RES1000mN2018000E3157000,AM_21,76.0
2353,CRS3035RES1000mN2018000E3157000,AM_22,83.0
2354,CRS3035RES1000mN2018000E3157000,AM_23,65.0
2355,CRS3035RES1000mN2018000E3157000,AM_24,49.0
2356,CRS3035RES1000mN2018000E3157000,AM_25,76.0
2357,CRS3035RES1000mN2018000E3157000,AM_27,71.0
2358,CRS3035RES1000mN2018000E3157000,AM_28,86.0
2359,CRS3035RES1000mN2018000E3157000,AM_29,89.0
2360,CRS3035RES1000mN2018000E3157000,AM_30,38.0
2361,CRS3035RES1000mN2018000E3157000,AM_32,75.0
2362,CRS3035RES1000mN2018000E3157000,AM_33,67.0
2363,CRS3035RES1000mN2018000E3157000,AM_34,100.0
2364,CRS3035RES1000mN2018000E3157000,AM_35,80.0
2365,CRS3035RES1000mN2018000E3157000,AM_36,73.0
2366,CRS3035RES1000mN2018000E3157000,AM_37,81.0
2367,CRS3035RES1000mN2018000E3157000,AM_38,84.0
2368,CRS3035RES1000mN2018000E3158000,28027618,85.0
2369,CRS3035RES1000mN2018000E3158000,28027591,82.0
2370,CRS3035RES1000mN2018000E3158000,28027606,99.0
2371,CRS3035RES1000mN2018000E3158000,28027898,104.0
2372,CRS3035RES1000mN2018000E3158000,28041810,34.0
2373,CRS3035RES1000mN2018000E3158000,AM_1,66.0
2374,CRS3035RES1000mN2018000E3158000,AM_2,88.0
2375,CRS3035RES1000mN2018000E3158000,AM_3,95.0
2376,CRS3035RES1000mN2018000E3158000,AM_5,78.0
2377,CRS3035RES1000mN2018000E3158000,AM_8,119.0
2378,CRS3035RES1000mN2018000E3158000,AM_9,
2379,CRS3035RES1000mN2018000E3158000,AM_10,84.0
2380,CRS3035RES1000mN2018000E3158000,AM_11,78.0
2381,CRS3035RES1000mN2018000E3158000,AM_12,94.0
2382,CRS3035RES1000mN2018000E3158000,AM_13,109.0
2383,CRS3035RES1000mN2018000E3158000,AM_14,86.0
2384,CRS3035RES1000mN2018000E3158000,AM_15,94.0
2385,CRS3035RES1000mN2018000E3158000,AM_16,74.0
2386,CRS3035RES1000mN2018000E3158000,AM_17,52.0
2387,CRS3035RES1000mN2018000E3158000,AM_19,84.0
2388,CRS3035RES1000mN2018000E3158000,AM_20,82.0
2389,CRS3035RES1000mN2018000E3158000,AM_21,83.0
2390,CRS3035RES1000mN2018000E3158000,AM_22,86.0
2391,CRS3035RES1000mN2018000E3158000,AM_23,74.0
2392,CRS3035RES1000mN2018000E3158000,AM_24,59.0
2393,CRS3035RES1000mN2018000E3158000,AM_25,83.0
2394,CRS3035RES1000mN2018000E3158000,AM_27,84.0
2395,CRS3035RES1000mN2018000E3158000,AM_28,92.0
2396,CRS3035RES1000mN2018000E3158000,AM_29,104.0
2397,CRS3035RES1000mN2018000E3158000,AM_30,48.0
2398,CRS3035RES1000mN2018000E3158000,AM_32,79.0
2399,CRS3035RES1000mN2018000E3158000,AM_33,73.0
2400,CRS3035RES1000mN2018000E3158000,AM_34,102.0
2401,CRS3035RES1000mN2018000E3158000,AM_35,86.0
2402,CRS3035RES1000mN2018000E3158000,AM_36,79.0
2403,CRS3035RES1000mN2018000E3158000,AM_37,93.0
2404,CRS3035RES1000mN2018000E3158000,AM_38,92.0
2405,CRS3035RES1000mN2018000E3159000,28027618,114.0
2406,CRS3035RES1000mN2018000E3159000,28027591,112.0
2407,CRS3035RES1000mN2018000E3159000,28027606,
2408,CRS3035RES1000mN2018000E3159000,28027898,
2409,CRS3035RES1000mN2018000E3159000,28041810,62.0
2410,CRS3035RES1000mN2018000E3159000,AM_1,91.0
2411,CRS3035RES1000mN2018000E3159000,AM_2,118.0
2412,CRS3035RES1000mN2018000E3159000,AM_3,119.0
2413,CRS3035RES1000mN2018000E3159000,AM_5,107.0
2414,CRS3035RES1000mN2018000E3159000,AM_8,
2415,CRS3035RES1000mN2018000E3159000,AM_9,
2416,CRS3035RES1000mN2018000E3159000,AM_10,115.0
2417,CRS3035RES1000mN2018000E3159000,AM_11,107.0
2418,CRS3035RES1000mN2018000E3159000,AM_12,
2419,CRS3035RES1000mN2018000E3159000,AM_13,
2420,CRS3035RES1000mN2018000E3159000,AM_14,116.0
2421,CRS3035RES1000mN2018000E3159000,AM_15,119.0
2422,CRS3035RES1000mN2018000E3159000,AM_16,99.0
2423,CRS3035RES1000mN2018000E3159000,AM_17,77.0
2424,CRS3035RES1000mN2018000E3159000,AM_19,108.0
2425,CRS3035RES1000mN2018000E3159000,AM_20,112.0
2426,CRS3035RES1000mN2018000E3159000,AM_21,111.0
2427,CRS3035RES1000mN2018000E3159000,AM_22,115.0
2428,CRS3035RES1000mN2018000E3159000,AM_23,98.0
2429,CRS3035RES1000mN2018000E3159000,AM_24,83.0
2430,CRS3035RES1000mN2018000E3159000,AM_25,111.0
2431,CRS3035RES1000mN2018000E3159000,AM_27,111.0
2432,CRS3035RES1000mN2018000E3159000,AM_28,
2433,CRS3035RES1000mN2018000E3159000,AM_29,
2434,CRS3035RES1000mN2018000E3159000,AM_30,71.0
2435,CRS3035RES1000mN2018000E3159000,AM_32,110.0
2436,CRS3035RES1000mN2018000E3159000,AM_33,103.0
2437,CRS3035RES1000mN2018000E3159000,AM_34,
2438,CRS3035RES1000mN2018000E3159000,AM_35,116.0
2439,CRS3035RES1000mN2018000E3159000,AM_36,108.0
2440,CRS3035RES1000mN2018000E3159000,AM_37,115.0
2441,CRS3035RES1000mN2018000E3159000,AM_38,114.0
2442,CRS3035RES1000mN2018000E3160000,28027618,100.0
2443,CRS3035RES1000mN2018000E3160000,28027591,97.0
2444,CRS3035RES1000mN2018000E3160000,28027606,114.0
2445,CRS3035RES1000mN2018000E3160000,28027898,
2446,CRS3035RES1000mN2018000E3160000,28041810,83.0
2447,CRS3035RES1000mN2018000E3160000,AM_1,107.0
2448,CRS3035RES1000mN2018000E3160000,AM_2,102.0
2449,CRS3035RES1000mN2018000E3160000,AM_3,
2450,CRS3035RES1000mN2018000E3160000,AM_5,93.0
2451,CRS3035RES1000mN2018000E3160000,AM_8,
2452,CRS3035RES1000mN2018000E3160000,AM_9,
2453,CRS3035RES1000mN2018000E3160000,AM_10,99.0
2454,CRS3035RES1000mN2018000E3160000,AM_11,93.0
2455,CRS3035RES1000mN2018000E3160000,AM_12,108.0
2456,CRS3035RES1000mN2018000E3160000,AM_13,116.0
2457,CRS3035RES1000mN2018000E3160000,AM_14,101.0
2458,CRS3035RES1000mN2018000E3160000,AM_15,108.0
2459,CRS3035RES1000mN2018000E3160000,AM_16,89.0
2460,CRS3035RES1000mN2018000E3160000,AM_17,90.0
2461,CRS3035RES1000mN2018000E3160000,AM_19,100.0
2462,CRS3035RES1000mN2018000E3160000,AM_20,97.0
2463,CRS3035RES1000mN2018000E3160000,AM_21,97.0
2464,CRS3035RES1000mN2018000E3160000,AM_22,100.0
2465,CRS3035RES1000mN2018000E3160000,AM_23,88.0
2466,CRS3035RES1000mN2018000E3160000,AM_24,100.0
2467,CRS3035RES1000mN2018000E3160000,AM_25,98.0
2468,CRS3035RES1000mN2018000E3160000,AM_27,
2469,CRS3035RES1000mN2018000E3160000,AM_28,106.0
2470,CRS3035RES1000mN2018000E3160000,AM_29,117.0
2471,CRS3035RES1000mN2018000E3160000,AM_30,91.0
2472,CRS3035RES1000mN2018000E3160000,AM_32,92.0
2473,CRS3035RES1000mN2018000E3160000,AM_33,87.0
2474,CRS3035RES1000mN2018000E3160000,AM_34,
2475,CRS3035RES1000mN2018000E3160000,AM_35,99.0
2476,CRS3035RES1000mN2018000E3160000,AM_36,93.0
2477,CRS3035RES1000mN2018000E3160000,AM_37,
2478,CRS3035RES1000mN2018000E3160000,AM_38,118.0
2479,CRS3035RES1000mN2018000E3161000,28027618,77.0
2480,CRS3035RES1000mN2018000E3161000,28027591,73.0
2481,CRS3035RES1000mN2018000E3161000,28027606,91.0
2482,CRS3035RES1000mN2018000E3161000,28027898,93.0
2483,CRS3035RES1000mN2018000E3161000,28041810,59.0
2484,CRS3035RES1000mN2018000E3161000,AM_1,83.0
2485,CRS3035RES1000mN2018000E3161000,AM_2,79.0
2486,CRS3035RES1000mN2018000E3161000,AM_3,91.0
2487,CRS3035RES1000mN2018000E3161000,AM_5,69.0
2488,CRS3035RES1000mN2018000E3161000,AM_8,
2489,CRS3035RES1000mN2018000E3161000,AM_9,113.0
2490,CRS3035RES1000mN2018000E3161000,AM_10,75.0
2491,CRS3035RES1000mN2018000E3161000,AM_11,70.0
2492,CRS3035RES1000mN2018000E3161000,AM_12,87.0
2493,CRS3035RES1000mN2018000E3161000,AM_13,93.0
2494,CRS3035RES1000mN2018000E3161000,AM_14,76.0
2495,CRS3035RES1000mN2018000E3161000,AM_15,86.0
2496,CRS3035RES1000mN2018000E3161000,AM_16,66.0
2497,CRS3035RES1000mN2018000E3161000,AM_17,68.0
2498,CRS3035RES1000mN2018000E3161000,AM_19,76.0
2499,CRS3035RES1000mN2018000E3161000,AM_20,80.0
2500,CRS3035RES1000mN2018000E3161000,AM_21,73.0
2501,CRS3035RES1000mN2018000E3161000,AM_22,83.0
2502,CRS3035RES1000mN2018000E3161000,AM_23,66.0
2503,CRS3035RES1000mN2018000E3161000,AM_24,76.0
2504,CRS3035RES1000mN2018000E3161000,AM_25,74.0
2505,CRS3035RES1000mN2018000E3161000,AM_27,97.0
2506,CRS3035RES1000mN2018000E3161000,AM_28,82.0
2507,CRS3035RES1000mN2018000E3161000,AM_29,90.0
2508,CRS3035RES1000mN2018000E3161000,AM_30,68.0
2509,CRS3035RES1000mN2018000E3161000,AM_32,70.0
2510,CRS3035RES1000mN2018000E3161000,AM_33,63.0
2511,CRS3035RES1000mN2018000E3161000,AM_34,100.0
2512,CRS3035RES1000mN2018000E3161000,AM_35,76.0
2513,CRS3035RES1000mN2018000E3161000,AM_36,69.0
2514,CRS3035RES1000mN2018000E3161000,AM_37,105.0
2515,CRS3035RES1000mN2018000E3161000,AM_38,89.0
2516,CRS3035RES1000mN2018000E3162000,28027618,96.0
2517,CRS3035RES1000mN2018000E3162000,28027591,93.0
2518,CRS3035RES1000mN2018000E3162000,28027606,110.0
2519,CRS3035RES1000mN2018000E3162000,28027898,117.0
2520,CRS3035RES1000mN2018000E3162000,28041810,79.0
2521,CRS3035RES1000mN2018000E3162000,AM_1,103.0
2522,CRS3035RES1000mN2018000E3162000,AM_2,98.0
2523,CRS3035RES1000mN2018000E3162000,AM_3,117.0
2524,CRS3035RES1000mN2018000E3162000,AM_5,89.0
2525,CRS3035RES1000mN2018000E3162000,AM_8,
2526,CRS3035RES1000mN2018000E3162000,AM_9,
2527,CRS3035RES1000mN2018000E3162000,AM_10,95.0
2528,CRS3035RES1000mN2018000E3162000,AM_11,88.0
2529,CRS3035RES1000mN2018000E3162000,AM_12,104.0
2530,CRS3035RES1000mN2018000E3162000,AM_13,112.0
2531,CRS3035RES1000mN2018000E3162000,AM_14,96.0
2532,CRS3035RES1000mN2018000E3162000,AM_15,104.0
2533,CRS3035RES1000mN2018000E3162000,AM_16,85.0
2534,CRS3035RES1000mN2018000E3162000,AM_17,86.0
2535,CRS3035RES1000mN2018000E3162000,AM_19,95.0
2536,CRS3035RES1000mN2018000E3162000,AM_20,93.0
2537,CRS3035RES1000mN2018000E3162000,AM_21,93.0
2538,CRS3035RES1000mN2018000E3162000,AM_22,97.0
2539,CRS3035RES1000mN2018000E3162000,AM_23,85.0
2540,CRS3035RES1000mN2018000E3162000,AM_24,96.0
2541,CRS3035RES1000mN2018000E3162000,AM_25,94.0
2542,CRS3035RES1000mN2018000E3162000,AM_27,
2543,CRS3035RES1000mN2018000E3162000,AM_28,101.0
2544,CRS3035RES1000mN2018000E3162000,AM_29,113.0
2545,CRS3035RES1000mN2018000E3162000,AM_30,88.0
2546,CRS3035RES1000mN2018000E3162000,AM_32,89.0
2547,CRS3035RES1000mN2018000E3162000,AM_33,83.0
2548,CRS3035RES1000mN2018000E3162000,AM_34,
2549,CRS3035RES1000mN2018000E3162000,AM_35,96.0
2550,CRS3035RES1000mN2018000E3162000,AM_36,89.0
2551,CRS3035RES1000mN2018000E3162000,AM_37,
2552,CRS3035RES1000mN2018000E3162000,AM_38,114.0
2553,CRS3035RES1000mN2018000E3163000,28027618,
2554,CRS3035RES1000mN2018000E3163000,28027591,
2555,CRS3035RES1000mN2018000E3163000,28027606,
2556,CRS3035RES1000mN2018000E3163000,28027898,
2557,CRS3035RES1000mN2018000E3163000,28041810,
2558,CRS3035RES1000mN2018000E3163000,AM_1,
2559,CRS3035RES1000mN2018000E3163000,AM_2,
2560,CRS3035RES1000mN2018000E3163000,AM_3,
2561,CRS3035RES1000mN2018000E3163000,AM_5,
2562,CRS3035RES1000mN2018000E3163000,AM_8,
2563,CRS3035RES1000mN2018000E3163000,AM_9,
2564,CRS3035RES1000mN2018000E3163000,AM_10,
2565,CRS3035RES1000mN2018000E3163000,AM_11,
2566,CRS3035RES1000mN2018000E3163000,AM_12,
2567,CRS3035RES1000mN2018000E3163000,AM_13,
2568,CRS3035RES1000mN2018000E3163000,AM_14,
2569,CRS3035RES1000mN2018000E3163000,AM_15,
2570,CRS3035RES1000mN2018000E3163000,AM_16,
2571,CRS3035RES1000mN2018000E3163000,AM_17,
2572,CRS3035RES1000mN2018000E3163000,AM_19,
2573,CRS3035RES1000mN2018000E3163000,AM_20,
2574,CRS3035RES1000mN2018000E3163000,AM_21,
2575,CRS3035RES1000mN2018000E3163000,AM_22,
2576,CRS3035RES1000mN2018000E3163000,AM_23,
2577,CRS3035RES1000mN2018000E3163000,AM_24,
2578,CRS3035RES1000mN2018000E3163000,AM_25,
2579,CRS3035RES1000mN2018000E3163000,AM_27,
2580,CRS3035RES1000mN2018000E3163000,AM_28,
2581,CRS3035RES1000mN2018000E3163000,AM_29,
2582,CRS3035RES1000mN2018000E3163000,AM_30,
2583,CRS3035RES1000mN2018000E3163000,AM_32,
2584,CRS3035RES1000mN2018000E3163000,AM_33,
2585,CRS3035RES1000mN2018000E3163000,AM_34,
2586,CRS3035RES1000mN2018000E3163000,AM_35,
2587,CRS3035RES1000mN2018000E3163000,AM_36,
2588,CRS3035RES1000mN2018000E3163000,AM_37,
2589,CRS3035RES1000mN2018000E3163000,AM_38,
2590,CRS3035RES1000mN2019000E3154000,28027618,73.0
2591,CRS3035RES1000mN2019000E3154000,28027591,71.0
2592,CRS3035RES1000mN2019000E3154000,28027606,88.0
2593,CRS3035RES1000mN2019000E3154000,28027898,89.0
2594,CRS3035RES1000mN2019000E3154000,28041810,24.0
2595,CRS3035RES1000mN2019000E3154000,AM_1,54.0
2596,CRS3035RES1000mN2019000E3154000,AM_2,76.0
2597,CRS3035RES1000mN2019000E3154000,AM_3,83.0
2598,CRS3035RES1000mN2019000E3154000,AM_5,65.0
2599,CRS3035RES1000mN2019000E3154000,AM_8,107.0
2600,CRS3035RES1000mN2019000E3154000,AM_9,95.0
2601,CRS3035RES1000mN2019000E3154000,AM_10,73.0
2602,CRS3035RES1000mN2019000E3154000,AM_11,67.0
2603,CRS3035RES1000mN2019000E3154000,AM_12,84.0
2604,CRS3035RES1000mN2019000E3154000,AM_13,93.0
2605,CRS3035RES1000mN2019000E3154000,AM_14,74.0
2606,CRS3035RES1000mN2019000E3154000,AM_15,79.0
2607,CRS3035RES1000mN2019000E3154000,AM_16,59.0
2608,CRS3035RES1000mN2019000E3154000,AM_17,30.0
2609,CRS3035RES1000mN2019000E3154000,AM_19,69.0
2610,CRS3035RES1000mN2019000E3154000,AM_20,73.0
2611,CRS3035RES1000mN2019000E3154000,AM_21,69.0
2612,CRS3035RES1000mN2019000E3154000,AM_22,76.0
2613,CRS3035RES1000mN2019000E3154000,AM_23,59.0
2614,CRS3035RES1000mN2019000E3154000,AM_24,49.0
2615,CRS3035RES1000mN2019000E3154000,AM_25,70.0
2616,CRS3035RES1000mN2019000E3154000,AM_27,69.0
2617,CRS3035RES1000mN2019000E3154000,AM_28,79.0
2618,CRS3035RES1000mN2019000E3154000,AM_29,79.0
2619,CRS3035RES1000mN2019000E3154000,AM_30,30.0
2620,CRS3035RES1000mN2019000E3154000,AM_32,68.0
2621,CRS3035RES1000mN2019000E3154000,AM_33,61.0
2622,CRS3035RES1000mN2019000E3154000,AM_34,96.0
2623,CRS3035RES1000mN2019000E3154000,AM_35,74.0
2624,CRS3035RES1000mN2019000E3154000,AM_36,66.0
2625,CRS3035RES1000mN2019000E3154000,AM_37,78.0
2626,CRS3035RES1000mN2019000E3154000,AM_38,79.0
2627,CRS3035RES1000mN2019000E3155000,28027618,66.0
2628,CRS3035RES1000mN2019000E3155000,28027591,64.0
2629,CRS3035RES1000mN2019000E3155000,28027606,80.0
2630,CRS3035RES1000mN2019000E3155000,28027898,85.0
2631,CRS3035RES1000mN2019000E3155000,28041810,10.0
2632,CRS3035RES1000mN2019000E3155000,AM_1,51.0
2633,CRS3035RES1000mN2019000E3155000,AM_2,69.0
2634,CRS3035RES1000mN2019000E3155000,AM_3,75.0
2635,CRS3035RES1000mN2019000E3155000,AM_5,58.0
2636,CRS3035RES1000mN2019000E3155000,AM_8,106.0
2637,CRS3035RES1000mN2019000E3155000,AM_9,84.0
2638,CRS3035RES1000mN2019000E3155000,AM_10,66.0
2639,CRS3035RES1000mN2019000E3155000,AM_11,57.0
2640,CRS3035RES1000mN2019000E3155000,AM_12,79.0
2641,CRS3035RES1000mN2019000E3155000,AM_13,90.0
2642,CRS3035RES1000mN2019000E3155000,AM_14,67.0
2643,CRS3035RES1000mN2019000E3155000,AM_15,72.0
2644,CRS3035RES1000mN2019000E3155000,AM_16,54.0
2645,CRS3035RES1000mN2019000E3155000,AM_17,26.0
2646,CRS3035RES1000mN2019000E3155000,AM_19,64.0
2647,CRS3035RES1000mN2019000E3155000,AM_20,61.0
2648,CRS3035RES1000mN2019000E3155000,AM_21,63.0
2649,CRS3035RES1000mN2019000E3155000,AM_22,65.0
2650,CRS3035RES1000mN2019000E3155000,AM_23,53.0
2651,CRS3035RES1000mN2019000E3155000,AM_24,45.0
2652,CRS3035RES1000mN2019000E3155000,AM_25,63.0
2653,CRS3035RES1000mN2019000E3155000,AM_27,68.0
2654,CRS3035RES1000mN2019000E3155000,AM_28,72.0
2655,CRS3035RES1000mN2019000E3155000,AM_29,73.0
2656,CRS3035RES1000mN2019000E3155000,AM_30,32.0
2657,CRS3035RES1000mN2019000E3155000,AM_32,60.0
2658,CRS3035RES1000mN2019000E3155000,AM_33,54.0
2659,CRS3035RES1000mN2019000E3155000,AM_34,90.0
2660,CRS3035RES1000mN2019000E3155000,AM_35,67.0
2661,CRS3035RES1000mN2019000E3155000,AM_36,58.0
2662,CRS3035RES1000mN2019000E3155000,AM_37,67.0
2663,CRS3035RES1000mN2019000E3155000,AM_38,68.0
2664,CRS3035RES1000mN2019000E3156000,28027618,71.0
2665,CRS3035RES1000mN2019000E3156000,28027591,69.0
2666,CRS3035RES1000mN2019000E3156000,28027606,86.0
2667,CRS3035RES1000mN2019000E3156000,28027898,90.0
2668,CRS3035RES1000mN2019000E3156000,28041810,23.0
2669,CRS3035RES1000mN2019000E3156000,AM_1,51.0
2670,CRS3035RES1000mN2019000E3156000,AM_2,74.0
2671,CRS3035RES1000mN2019000E3156000,AM_3,83.0
2672,CRS3035RES1000mN2019000E3156000,AM_5,64.0
2673,CRS3035RES1000mN2019000E3156000,AM_8,104.0
2674,CRS3035RES1000mN2019000E3156000,AM_9,101.0
2675,CRS3035RES1000mN2019000E3156000,AM_10,71.0
2676,CRS3035RES1000mN2019000E3156000,AM_11,64.0
2677,CRS3035RES1000mN2019000E3156000,AM_12,83.0
2678,CRS3035RES1000mN2019000E3156000,AM_13,92.0
2679,CRS3035RES1000mN2019000E3156000,AM_14,72.0
2680,CRS3035RES1000mN2019000E3156000,AM_15,82.0
2681,CRS3035RES1000mN2019000E3156000,AM_16,62.0
2682,CRS3035RES1000mN2019000E3156000,AM_17,37.0
2683,CRS3035RES1000mN2019000E3156000,AM_19,72.0
2684,CRS3035RES1000mN2019000E3156000,AM_20,69.0
2685,CRS3035RES1000mN2019000E3156000,AM_21,69.0
2686,CRS3035RES1000mN2019000E3156000,AM_22,72.0
2687,CRS3035RES1000mN2019000E3156000,AM_23,60.0
2688,CRS3035RES1000mN2019000E3156000,AM_24,44.0
2689,CRS3035RES1000mN2019000E3156000,AM_25,69.0
2690,CRS3035RES1000mN2019000E3156000,AM_27,66.0
2691,CRS3035RES1000mN2019000E3156000,AM_28,78.0
2692,CRS3035RES1000mN2019000E3156000,AM_29,80.0
2693,CRS3035RES1000mN2019000E3156000,AM_30,31.0
2694,CRS3035RES1000mN2019000E3156000,AM_32,66.0
2695,CRS3035RES1000mN2019000E3156000,AM_33,59.0
2696,CRS3035RES1000mN2019000E3156000,AM_34,94.0
2697,CRS3035RES1000mN2019000E3156000,AM_35,72.0
2698,CRS3035RES1000mN2019000E3156000,AM_36,64.0
2699,CRS3035RES1000mN2019000E3156000,AM_37,78.0
2700,CRS3035RES1000mN2019000E3156000,AM_38,78.0
2701,CRS3035RES1000mN2019000E3157000,28027618,71.0
2702,CRS3035RES1000mN2019000E3157000,28027591,68.0
2703,CRS3035RES1000mN2019000E3157000,28027606,86.0
2704,CRS3035RES1000mN2019000E3157000,28027898,90.0
2705,CRS3035RES1000mN2019000E3157000,28041810,30.0
2706,CRS3035RES1000mN2019000E3157000,AM_1,52.0
2707,CRS3035RES1000mN2019000E3157000,AM_2,73.0
2708,CRS3035RES1000mN2019000E3157000,AM_3,86.0
2709,CRS3035RES1000mN2019000E3157000,AM_5,65.0
2710,CRS3035RES1000mN2019000E3157000,AM_8,105.0
2711,CRS3035RES1000mN2019000E3157000,AM_9,102.0
2712,CRS3035RES1000mN2019000E3157000,AM_10,71.0
2713,CRS3035RES1000mN2019000E3157000,AM_11,66.0
2714,CRS3035RES1000mN2019000E3157000,AM_12,81.0
2715,CRS3035RES1000mN2019000E3157000,AM_13,89.0
2716,CRS3035RES1000mN2019000E3157000,AM_14,71.0
2717,CRS3035RES1000mN2019000E3157000,AM_15,84.0
2718,CRS3035RES1000mN2019000E3157000,AM_16,63.0
2719,CRS3035RES1000mN2019000E3157000,AM_17,39.0
2720,CRS3035RES1000mN2019000E3157000,AM_19,73.0
2721,CRS3035RES1000mN2019000E3157000,AM_20,76.0
2722,CRS3035RES1000mN2019000E3157000,AM_21,70.0
2723,CRS3035RES1000mN2019000E3157000,AM_22,80.0
2724,CRS3035RES1000mN2019000E3157000,AM_23,61.0
2725,CRS3035RES1000mN2019000E3157000,AM_24,45.0
2726,CRS3035RES1000mN2019000E3157000,AM_25,70.0
2727,CRS3035RES1000mN2019000E3157000,AM_27,67.0
2728,CRS3035RES1000mN2019000E3157000,AM_28,77.0
2729,CRS3035RES1000mN2019000E3157000,AM_29,82.0
2730,CRS3035RES1000mN2019000E3157000,AM_30,33.0
2731,CRS3035RES1000mN2019000E3157000,AM_32,65.0
2732,CRS3035RES1000mN2019000E3157000,AM_33,59.0
2733,CRS3035RES1000mN2019000E3157000,AM_34,93.0
2734,CRS3035RES1000mN2019000E3157000,AM_35,72.0
2735,CRS3035RES1000mN2019000E3157000,AM_36,65.0
2736,CRS3035RES1000mN2019000E3157000,AM_37,79.0
2737,CRS3035RES1000mN2019000E3157000,AM_38,81.0
2738,CRS3035RES1000mN2019000E3162000,28027618,116.0
2739,CRS3035RES1000mN2019000E3162000,28027591,113.0
2740,CRS3035RES1000mN2019000E3162000,28027606,
2741,CRS3035RES1000mN2019000E3162000,28027898,
2742,CRS3035RES1000mN2019000E3162000,28041810,97.0
2743,CRS3035RES1000mN2019000E3162000,AM_1,118.0
2744,CRS3035RES1000mN2019000E3162000,AM_2,118.0
2745,CRS3035RES1000mN2019000E3162000,AM_3,
2746,CRS3035RES1000mN2019000E3162000,AM_5,108.0
2747,CRS3035RES1000mN2019000E3162000,AM_8,
2748,CRS3035RES1000mN2019000E3162000,AM_9,
2749,CRS3035RES1000mN2019000E3162000,AM_10,117.0
2750,CRS3035RES1000mN2019000E3162000,AM_11,108.0
2751,CRS3035RES1000mN2019000E3162000,AM_12,
2752,CRS3035RES1000mN2019000E3162000,AM_13,
2753,CRS3035RES1000mN2019000E3162000,AM_14,116.0
2754,CRS3035RES1000mN2019000E3162000,AM_15,
2755,CRS3035RES1000mN2019000E3162000,AM_16,104.0
2756,CRS3035RES1000mN2019000E3162000,AM_17,107.0
2757,CRS3035RES1000mN2019000E3162000,AM_19,114.0
2758,CRS3035RES1000mN2019000E3162000,AM_20,112.0
2759,CRS3035RES1000mN2019000E3162000,AM_21,114.0
2760,CRS3035RES1000mN2019000E3162000,AM_22,115.0
2761,CRS3035RES1000mN2019000E3162000,AM_23,104.0
2762,CRS3035RES1000mN2019000E3162000,AM_24,113.0
2763,CRS3035RES1000mN2019000E3162000,AM_25,114.0
2764,CRS3035RES1000mN2019000E3162000,AM_27,
2765,CRS3035RES1000mN2019000E3162000,AM_28,
2766,CRS3035RES1000mN2019000E3162000,AM_29,
2767,CRS3035RES1000mN2019000E3162000,AM_30,101.0
2768,CRS3035RES1000mN2019000E3162000,AM_32,111.0
2769,CRS3035RES1000mN2019000E3162000,AM_33,104.0
2770,CRS3035RES1000mN2019000E3162000,AM_34,
2771,CRS3035RES1000mN2019000E3162000,AM_35,117.0
2772,CRS3035RES1000mN2019000E3162000,AM_36,109.0
2773,CRS3035RES1000mN2019000E3162000,AM_37,
2774,CRS3035RES1000mN2019000E3162000,AM_38,
2775,CRS3035RES1000mN2020000E3155000,28027618,68.0
2776,CRS3035RES1000mN2020000E3155000,28027591,67.0
2777,CRS3035RES1000mN2020000E3155000,28027606,84.0
2778,CRS3035RES1000mN2020000E3155000,28027898,86.0
2779,CRS3035RES1000mN2020000E3155000,28041810,27.0
2780,CRS3035RES1000mN2020000E3155000,AM_1,45.0
2781,CRS3035RES1000mN2020000E3155000,AM_2,72.0
2782,CRS3035RES1000mN2020000E3155000,AM_3,77.0
2783,CRS3035RES1000mN2020000E3155000,AM_5,61.0
2784,CRS3035RES1000mN2020000E3155000,AM_8,104.0
2785,CRS3035RES1000mN2020000E3155000,AM_9,86.0
2786,CRS3035RES1000mN2020000E3155000,AM_10,69.0
2787,CRS3035RES1000mN2020000E3155000,AM_11,62.0
2788,CRS3035RES1000mN2020000E3155000,AM_12,81.0
2789,CRS3035RES1000mN2020000E3155000,AM_13,90.0
2790,CRS3035RES1000mN2020000E3155000,AM_14,70.0
2791,CRS3035RES1000mN2020000E3155000,AM_15,74.0
2792,CRS3035RES1000mN2020000E3155000,AM_16,55.0
2793,CRS3035RES1000mN2020000E3155000,AM_17,27.0
2794,CRS3035RES1000mN2020000E3155000,AM_19,65.0
2795,CRS3035RES1000mN2020000E3155000,AM_20,64.0
2796,CRS3035RES1000mN2020000E3155000,AM_21,64.0
2797,CRS3035RES1000mN2020000E3155000,AM_22,68.0
2798,CRS3035RES1000mN2020000E3155000,AM_23,54.0
2799,CRS3035RES1000mN2020000E3155000,AM_24,42.0
2800,CRS3035RES1000mN2020000E3155000,AM_25,64.0
2801,CRS3035RES1000mN2020000E3155000,AM_27,64.0
2802,CRS3035RES1000mN2020000E3155000,AM_28,76.0
2803,CRS3035RES1000mN2020000E3155000,AM_29,75.0
2804,CRS3035RES1000mN2020000E3155000,AM_30,24.0
2805,CRS3035RES1000mN2020000E3155000,AM_32,64.0
2806,CRS3035RES1000mN2020000E3155000,AM_33,57.0
2807,CRS3035RES1000mN2020000E3155000,AM_34,93.0
2808,CRS3035RES1000mN2020000E3155000,AM_35,70.0
2809,CRS3035RES1000mN2020000E3155000,AM_36,61.0
2810,CRS3035RES1000mN2020000E3155000,AM_37,69.0
2811,CRS3035RES1000mN2020000E3155000,AM_38,70.0
2812,CRS3035RES1000mN2020000E3156000,28027618,73.0
2813,CRS3035RES1000mN2020000E3156000,28027591,70.0
2814,CRS3035RES1000mN2020000E3156000,28027606,88.0
2815,CRS3035RES1000mN2020000E3156000,28027898,91.0
2816,CRS3035RES1000mN2020000E3156000,28041810,30.0
2817,CRS3035RES1000mN2020000E3156000,AM_1,54.0
2818,CRS3035RES1000mN2020000E3156000,AM_2,75.0
2819,CRS3035RES1000mN2020000E3156000,AM_3,87.0
2820,CRS3035RES1000mN2020000E3156000,AM_5,66.0
2821,CRS3035RES1000mN2020000E3156000,AM_8,106.0
2822,CRS3035RES1000mN2020000E3156000,AM_9,108.0
2823,CRS3035RES1000mN2020000E3156000,AM_10,72.0
2824,CRS3035RES1000mN2020000E3156000,AM_11,67.0
2825,CRS3035RES1000mN2020000E3156000,AM_12,85.0
2826,CRS3035RES1000mN2020000E3156000,AM_13,92.0
2827,CRS3035RES1000mN2020000E3156000,AM_14,74.0
2828,CRS3035RES1000mN2020000E3156000,AM_15,84.0
2829,CRS3035RES1000mN2020000E3156000,AM_16,64.0
2830,CRS3035RES1000mN2020000E3156000,AM_17,40.0
2831,CRS3035RES1000mN2020000E3156000,AM_19,73.0
2832,CRS3035RES1000mN2020000E3156000,AM_20,76.0
2833,CRS3035RES1000mN2020000E3156000,AM_21,71.0
2834,CRS3035RES1000mN2020000E3156000,AM_22,80.0
2835,CRS3035RES1000mN2020000E3156000,AM_23,61.0
2836,CRS3035RES1000mN2020000E3156000,AM_24,49.0
2837,CRS3035RES1000mN2020000E3156000,AM_25,72.0
2838,CRS3035RES1000mN2020000E3156000,AM_27,68.0
2839,CRS3035RES1000mN2020000E3156000,AM_28,79.0
2840,CRS3035RES1000mN2020000E3156000,AM_29,86.0
2841,CRS3035RES1000mN2020000E3156000,AM_30,35.0
2842,CRS3035RES1000mN2020000E3156000,AM_32,68.0
2843,CRS3035RES1000mN2020000E3156000,AM_33,60.0
2844,CRS3035RES1000mN2020000E3156000,AM_34,96.0
2845,CRS3035RES1000mN2020000E3156000,AM_35,74.0
2846,CRS3035RES1000mN2020000E3156000,AM_36,67.0
2847,CRS3035RES1000mN2020000E3156000,AM_37,79.0
2848,CRS3035RES1000mN2020000E3156000,AM_38,82.0
