,from_id,to_id,travel_time
0,CRS3035RES1000mN2021000E3136000,28027618,118.0
1,CRS3035RES1000mN2021000E3136000,28027591,
2,CRS3035RES1000mN2021000E3136000,28027606,
3,CRS3035RES1000mN2021000E3136000,28027898,
4,CRS3035RES1000mN2021000E3136000,28041810,110.0
5,CRS3035RES1000mN2021000E3136000,AM_1,67.0
6,CRS3035RES1000mN2021000E3136000,AM_2,
7,CRS3035RES1000mN2021000E3136000,AM_3,
8,CRS3035RES1000mN2021000E3136000,AM_5,111.0
9,CRS3035RES1000mN2021000E3136000,AM_8,
10,CRS3035RES1000mN2021000E3136000,AM_9,
11,CRS3035RES1000mN2021000E3136000,AM_10,
12,CRS3035RES1000mN2021000E3136000,AM_11,118.0
13,CRS3035RES1000mN2021000E3136000,AM_12,
14,CRS3035RES1000mN2021000E3136000,AM_13,
15,CRS3035RES1000mN2021000E3136000,AM_14,
16,CRS3035RES1000mN2021000E3136000,AM_15,
17,CRS3035RES1000mN2021000E3136000,AM_16,106.0
18,CRS3035RES1000mN2021000E3136000,AM_17,108.0
19,CRS3035RES1000mN2021000E3136000,AM_19,
20,CRS3035RES1000mN2021000E3136000,AM_20,
21,CRS3035RES1000mN2021000E3136000,AM_21,114.0
22,CRS3035RES1000mN2021000E3136000,AM_22,
23,CRS3035RES1000mN2021000E3136000,AM_23,113.0
24,CRS3035RES1000mN2021000E3136000,AM_24,93.0
25,CRS3035RES1000mN2021000E3136000,AM_25,115.0
26,CRS3035RES1000mN2021000E3136000,AM_27,98.0
27,CRS3035RES1000mN2021000E3136000,AM_28,
28,CRS3035RES1000mN2021000E3136000,AM_29,
29,CRS3035RES1000mN2021000E3136000,AM_30,102.0
30,CRS3035RES1000mN2021000E3136000,AM_32,
31,CRS3035RES1000mN2021000E3136000,AM_33,111.0
32,CRS3035RES1000mN2021000E3136000,AM_34,
33,CRS3035RES1000mN2021000E3136000,AM_35,
34,CRS3035RES1000mN2021000E3136000,AM_36,112.0
35,CRS3035RES1000mN2021000E3136000,AM_37,
36,CRS3035RES1000mN2021000E3136000,AM_38,119.0
37,CRS3035RES1000mN2022000E3136000,28027618,117.0
38,CRS3035RES1000mN2022000E3136000,28027591,119.0
39,CRS3035RES1000mN2022000E3136000,28027606,
40,CRS3035RES1000mN2022000E3136000,28027898,
41,CRS3035RES1000mN2022000E3136000,28041810,112.0
42,CRS3035RES1000mN2022000E3136000,AM_1,67.0
43,CRS3035RES1000mN2022000E3136000,AM_2,
44,CRS3035RES1000mN2022000E3136000,AM_3,
45,CRS3035RES1000mN2022000E3136000,AM_5,110.0
46,CRS3035RES1000mN2022000E3136000,AM_8,
47,CRS3035RES1000mN2022000E3136000,AM_9,
48,CRS3035RES1000mN2022000E3136000,AM_10,
49,CRS3035RES1000mN2022000E3136000,AM_11,118.0
50,CRS3035RES1000mN2022000E3136000,AM_12,
51,CRS3035RES1000mN2022000E3136000,AM_13,
52,CRS3035RES1000mN2022000E3136000,AM_14,
53,CRS3035RES1000mN2022000E3136000,AM_15,
54,CRS3035RES1000mN2022000E3136000,AM_16,104.0
55,CRS3035RES1000mN2022000E3136000,AM_17,110.0
56,CRS3035RES1000mN2022000E3136000,AM_19,
57,CRS3035RES1000mN2022000E3136000,AM_20,
58,CRS3035RES1000mN2022000E3136000,AM_21,114.0
59,CRS3035RES1000mN2022000E3136000,AM_22,
60,CRS3035RES1000mN2022000E3136000,AM_23,112.0
61,CRS3035RES1000mN2022000E3136000,AM_24,94.0
62,CRS3035RES1000mN2022000E3136000,AM_25,114.0
63,CRS3035RES1000mN2022000E3136000,AM_27,97.0
64,CRS3035RES1000mN2022000E3136000,AM_28,
65,CRS3035RES1000mN2022000E3136000,AM_29,
66,CRS3035RES1000mN2022000E3136000,AM_30,103.0
67,CRS3035RES1000mN2022000E3136000,AM_32,
68,CRS3035RES1000mN2022000E3136000,AM_33,112.0
69,CRS3035RES1000mN2022000E3136000,AM_34,
70,CRS3035RES1000mN2022000E3136000,AM_35,
71,CRS3035RES1000mN2022000E3136000,AM_36,111.0
72,CRS3035RES1000mN2022000E3136000,AM_37,118.0
73,CRS3035RES1000mN2022000E3136000,AM_38,119.0
74,CRS3035RES1000mN2023000E3135000,28027618,
75,CRS3035RES1000mN2023000E3135000,28027591,
76,CRS3035RES1000mN2023000E3135000,28027606,
77,CRS3035RES1000mN2023000E3135000,28027898,
78,CRS3035RES1000mN2023000E3135000,28041810,
79,CRS3035RES1000mN2023000E3135000,AM_1,92.0
80,CRS3035RES1000mN2023000E3135000,AM_2,
81,CRS3035RES1000mN2023000E3135000,AM_3,
82,CRS3035RES1000mN2023000E3135000,AM_5,
83,CRS3035RES1000mN2023000E3135000,AM_8,
84,CRS3035RES1000mN2023000E3135000,AM_9,
85,CRS3035RES1000mN2023000E3135000,AM_10,
86,CRS3035RES1000mN2023000E3135000,AM_11,
87,CRS3035RES1000mN2023000E3135000,AM_12,
88,CRS3035RES1000mN2023000E3135000,AM_13,
89,CRS3035RES1000mN2023000E3135000,AM_14,
90,CRS3035RES1000mN2023000E3135000,AM_15,
91,CRS3035RES1000mN2023000E3135000,AM_16,
92,CRS3035RES1000mN2023000E3135000,AM_17,
93,CRS3035RES1000mN2023000E3135000,AM_19,
94,CRS3035RES1000mN2023000E3135000,AM_20,
95,CRS3035RES1000mN2023000E3135000,AM_21,
96,CRS3035RES1000mN2023000E3135000,AM_22,
97,CRS3035RES1000mN2023000E3135000,AM_23,
98,CRS3035RES1000mN2023000E3135000,AM_24,
99,CRS3035RES1000mN2023000E3135000,AM_25,
100,CRS3035RES1000mN2023000E3135000,AM_27,
101,CRS3035RES1000mN2023000E3135000,AM_28,
102,CRS3035RES1000mN2023000E3135000,AM_29,
103,CRS3035RES1000mN2023000E3135000,AM_30,
104,CRS3035RES1000mN2023000E3135000,AM_32,
105,CRS3035RES1000mN2023000E3135000,AM_33,
106,CRS3035RES1000mN2023000E3135000,AM_34,
107,CRS3035RES1000mN2023000E3135000,AM_35,
108,CRS3035RES1000mN2023000E3135000,AM_36,
109,CRS3035RES1000mN2023000E3135000,AM_37,
110,CRS3035RES1000mN2023000E3135000,AM_38,
111,CRS3035RES1000mN2023000E3136000,28027618,
112,CRS3035RES1000mN2023000E3136000,28027591,
113,CRS3035RES1000mN2023000E3136000,28027606,
114,CRS3035RES1000mN2023000E3136000,28027898,
115,CRS3035RES1000mN2023000E3136000,28041810,
116,CRS3035RES1000mN2023000E3136000,AM_1,92.0
117,CRS3035RES1000mN2023000E3136000,AM_2,
118,CRS3035RES1000mN2023000E3136000,AM_3,
119,CRS3035RES1000mN2023000E3136000,AM_5,
120,CRS3035RES1000mN2023000E3136000,AM_8,
121,CRS3035RES1000mN2023000E3136000,AM_9,
122,CRS3035RES1000mN2023000E3136000,AM_10,
123,CRS3035RES1000mN2023000E3136000,AM_11,
124,CRS3035RES1000mN2023000E3136000,AM_12,
125,CRS3035RES1000mN2023000E3136000,AM_13,
126,CRS3035RES1000mN2023000E3136000,AM_14,
127,CRS3035RES1000mN2023000E3136000,AM_15,
128,CRS3035RES1000mN2023000E3136000,AM_16,
129,CRS3035RES1000mN2023000E3136000,AM_17,
130,CRS3035RES1000mN2023000E3136000,AM_19,
131,CRS3035RES1000mN2023000E3136000,AM_20,
132,CRS3035RES1000mN2023000E3136000,AM_21,
133,CRS3035RES1000mN2023000E3136000,AM_22,
134,CRS3035RES1000mN2023000E3136000,AM_23,
135,CRS3035RES1000mN2023000E3136000,AM_24,
136,CRS3035RES1000mN2023000E3136000,AM_25,
137,CRS3035RES1000mN2023000E3136000,AM_27,
138,CRS3035RES1000mN2023000E3136000,AM_28,
139,CRS3035RES1000mN2023000E3136000,AM_29,
140,CRS3035RES1000mN2023000E3136000,AM_30,
141,CRS3035RES1000mN2023000E3136000,AM_32,
142,CRS3035RES1000mN2023000E3136000,AM_33,
143,CRS3035RES1000mN2023000E3136000,AM_34,
144,CRS3035RES1000mN2023000E3136000,AM_35,
145,CRS3035RES1000mN2023000E3136000,AM_36,
146,CRS3035RES1000mN2023000E3136000,AM_37,
147,CRS3035RES1000mN2023000E3136000,AM_38,
148,CRS3035RES1000mN2023000E3137000,28027618,
149,CRS3035RES1000mN2023000E3137000,28027591,
150,CRS3035RES1000mN2023000E3137000,28027606,
151,CRS3035RES1000mN2023000E3137000,28027898,
152,CRS3035RES1000mN2023000E3137000,28041810,
153,CRS3035RES1000mN2023000E3137000,AM_1,90.0
154,CRS3035RES1000mN2023000E3137000,AM_2,
155,CRS3035RES1000mN2023000E3137000,AM_3,
156,CRS3035RES1000mN2023000E3137000,AM_5,
157,CRS3035RES1000mN2023000E3137000,AM_8,
158,CRS3035RES1000mN2023000E3137000,AM_9,
159,CRS3035RES1000mN2023000E3137000,AM_10,
160,CRS3035RES1000mN2023000E3137000,AM_11,
161,CRS3035RES1000mN2023000E3137000,AM_12,
162,CRS3035RES1000mN2023000E3137000,AM_13,
163,CRS3035RES1000mN2023000E3137000,AM_14,
164,CRS3035RES1000mN2023000E3137000,AM_15,
165,CRS3035RES1000mN2023000E3137000,AM_16,
166,CRS3035RES1000mN2023000E3137000,AM_17,
167,CRS3035RES1000mN2023000E3137000,AM_19,
168,CRS3035RES1000mN2023000E3137000,AM_20,
169,CRS3035RES1000mN2023000E3137000,AM_21,
170,CRS3035RES1000mN2023000E3137000,AM_22,
171,CRS3035RES1000mN2023000E3137000,AM_23,
172,CRS3035RES1000mN2023000E3137000,AM_24,110.0
173,CRS3035RES1000mN2023000E3137000,AM_25,
174,CRS3035RES1000mN2023000E3137000,AM_27,114.0
175,CRS3035RES1000mN2023000E3137000,AM_28,
176,CRS3035RES1000mN2023000E3137000,AM_29,
177,CRS3035RES1000mN2023000E3137000,AM_30,
178,CRS3035RES1000mN2023000E3137000,AM_32,
179,CRS3035RES1000mN2023000E3137000,AM_33,
180,CRS3035RES1000mN2023000E3137000,AM_34,
181,CRS3035RES1000mN2023000E3137000,AM_35,
182,CRS3035RES1000mN2023000E3137000,AM_36,
183,CRS3035RES1000mN2023000E3137000,AM_37,
184,CRS3035RES1000mN2023000E3137000,AM_38,
185,CRS3035RES1000mN2024000E3134000,28027618,
186,CRS3035RES1000mN2024000E3134000,28027591,
187,CRS3035RES1000mN2024000E3134000,28027606,
188,CRS3035RES1000mN2024000E3134000,28027898,
189,CRS3035RES1000mN2024000E3134000,28041810,
190,CRS3035RES1000mN2024000E3134000,AM_1,99.0
191,CRS3035RES1000mN2024000E3134000,AM_2,
192,CRS3035RES1000mN2024000E3134000,AM_3,
193,CRS3035RES1000mN2024000E3134000,AM_5,
194,CRS3035RES1000mN2024000E3134000,AM_8,
195,CRS3035RES1000mN2024000E3134000,AM_9,
196,CRS3035RES1000mN2024000E3134000,AM_10,
197,CRS3035RES1000mN2024000E3134000,AM_11,
198,CRS3035RES1000mN2024000E3134000,AM_12,
199,CRS3035RES1000mN2024000E3134000,AM_13,
200,CRS3035RES1000mN2024000E3134000,AM_14,
201,CRS3035RES1000mN2024000E3134000,AM_15,
202,CRS3035RES1000mN2024000E3134000,AM_16,
203,CRS3035RES1000mN2024000E3134000,AM_17,
204,CRS3035RES1000mN2024000E3134000,AM_19,
205,CRS3035RES1000mN2024000E3134000,AM_20,
206,CRS3035RES1000mN2024000E3134000,AM_21,
207,CRS3035RES1000mN2024000E3134000,AM_22,
208,CRS3035RES1000mN2024000E3134000,AM_23,
209,CRS3035RES1000mN2024000E3134000,AM_24,
210,CRS3035RES1000mN2024000E3134000,AM_25,
211,CRS3035RES1000mN2024000E3134000,AM_27,
212,CRS3035RES1000mN2024000E3134000,AM_28,
213,CRS3035RES1000mN2024000E3134000,AM_29,
214,CRS3035RES1000mN2024000E3134000,AM_30,
215,CRS3035RES1000mN2024000E3134000,AM_32,
216,CRS3035RES1000mN2024000E3134000,AM_33,
217,CRS3035RES1000mN2024000E3134000,AM_34,
218,CRS3035RES1000mN2024000E3134000,AM_35,
219,CRS3035RES1000mN2024000E3134000,AM_36,
220,CRS3035RES1000mN2024000E3134000,AM_37,
221,CRS3035RES1000mN2024000E3134000,AM_38,
222,CRS3035RES1000mN2024000E3135000,28027618,
223,CRS3035RES1000mN2024000E3135000,28027591,
224,CRS3035RES1000mN2024000E3135000,28027606,
225,CRS3035RES1000mN2024000E3135000,28027898,
226,CRS3035RES1000mN2024000E3135000,28041810,
227,CRS3035RES1000mN2024000E3135000,AM_1,93.0
228,CRS3035RES1000mN2024000E3135000,AM_2,
229,CRS3035RES1000mN2024000E3135000,AM_3,
230,CRS3035RES1000mN2024000E3135000,AM_5,
231,CRS3035RES1000mN2024000E3135000,AM_8,
232,CRS3035RES1000mN2024000E3135000,AM_9,
233,CRS3035RES1000mN2024000E3135000,AM_10,
234,CRS3035RES1000mN2024000E3135000,AM_11,
235,CRS3035RES1000mN2024000E3135000,AM_12,
236,CRS3035RES1000mN2024000E3135000,AM_13,
237,CRS3035RES1000mN2024000E3135000,AM_14,
238,CRS3035RES1000mN2024000E3135000,AM_15,
239,CRS3035RES1000mN2024000E3135000,AM_16,
240,CRS3035RES1000mN2024000E3135000,AM_17,
241,CRS3035RES1000mN2024000E3135000,AM_19,
242,CRS3035RES1000mN2024000E3135000,AM_20,
243,CRS3035RES1000mN2024000E3135000,AM_21,
244,CRS3035RES1000mN2024000E3135000,AM_22,
245,CRS3035RES1000mN2024000E3135000,AM_23,
246,CRS3035RES1000mN2024000E3135000,AM_24,
247,CRS3035RES1000mN2024000E3135000,AM_25,
248,CRS3035RES1000mN2024000E3135000,AM_27,
249,CRS3035RES1000mN2024000E3135000,AM_28,
250,CRS3035RES1000mN2024000E3135000,AM_29,
251,CRS3035RES1000mN2024000E3135000,AM_30,
252,CRS3035RES1000mN2024000E3135000,AM_32,
253,CRS3035RES1000mN2024000E3135000,AM_33,
254,CRS3035RES1000mN2024000E3135000,AM_34,
255,CRS3035RES1000mN2024000E3135000,AM_35,
256,CRS3035RES1000mN2024000E3135000,AM_36,
257,CRS3035RES1000mN2024000E3135000,AM_37,
258,CRS3035RES1000mN2024000E3135000,AM_38,
259,CRS3035RES1000mN2024000E3136000,28027618,
260,CRS3035RES1000mN2024000E3136000,28027591,
261,CRS3035RES1000mN2024000E3136000,28027606,
262,CRS3035RES1000mN2024000E3136000,28027898,
263,CRS3035RES1000mN2024000E3136000,28041810,
264,CRS3035RES1000mN2024000E3136000,AM_1,92.0
265,CRS3035RES1000mN2024000E3136000,AM_2,
266,CRS3035RES1000mN2024000E3136000,AM_3,
267,CRS3035RES1000mN2024000E3136000,AM_5,
268,CRS3035RES1000mN2024000E3136000,AM_8,
269,CRS3035RES1000mN2024000E3136000,AM_9,
270,CRS3035RES1000mN2024000E3136000,AM_10,
271,CRS3035RES1000mN2024000E3136000,AM_11,
272,CRS3035RES1000mN2024000E3136000,AM_12,
273,CRS3035RES1000mN2024000E3136000,AM_13,
274,CRS3035RES1000mN2024000E3136000,AM_14,
275,CRS3035RES1000mN2024000E3136000,AM_15,
276,CRS3035RES1000mN2024000E3136000,AM_16,
277,CRS3035RES1000mN2024000E3136000,AM_17,
278,CRS3035RES1000mN2024000E3136000,AM_19,
279,CRS3035RES1000mN2024000E3136000,AM_20,
280,CRS3035RES1000mN2024000E3136000,AM_21,
281,CRS3035RES1000mN2024000E3136000,AM_22,
282,CRS3035RES1000mN2024000E3136000,AM_23,
283,CRS3035RES1000mN2024000E3136000,AM_24,
284,CRS3035RES1000mN2024000E3136000,AM_25,
285,CRS3035RES1000mN2024000E3136000,AM_27,
286,CRS3035RES1000mN2024000E3136000,AM_28,
287,CRS3035RES1000mN2024000E3136000,AM_29,
288,CRS3035RES1000mN2024000E3136000,AM_30,
289,CRS3035RES1000mN2024000E3136000,AM_32,
290,CRS3035RES1000mN2024000E3136000,AM_33,
291,CRS3035RES1000mN2024000E3136000,AM_34,
292,CRS3035RES1000mN2024000E3136000,AM_35,
293,CRS3035RES1000mN2024000E3136000,AM_36,
294,CRS3035RES1000mN2024000E3136000,AM_37,
295,CRS3035RES1000mN2024000E3136000,AM_38,
296,CRS3035RES1000mN2024000E3137000,28027618,
297,CRS3035RES1000mN2024000E3137000,28027591,
298,CRS3035RES1000mN2024000E3137000,28027606,
299,CRS3035RES1000mN2024000E3137000,28027898,
300,CRS3035RES1000mN2024000E3137000,28041810,
301,CRS3035RES1000mN2024000E3137000,AM_1,92.0
302,CRS3035RES1000mN2024000E3137000,AM_2,
303,CRS3035RES1000mN2024000E3137000,AM_3,
304,CRS3035RES1000mN2024000E3137000,AM_5,
305,CRS3035RES1000mN2024000E3137000,AM_8,
306,CRS3035RES1000mN2024000E3137000,AM_9,
307,CRS3035RES1000mN2024000E3137000,AM_10,
308,CRS3035RES1000mN2024000E3137000,AM_11,
309,CRS3035RES1000mN2024000E3137000,AM_12,
310,CRS3035RES1000mN2024000E3137000,AM_13,
311,CRS3035RES1000mN2024000E3137000,AM_14,
312,CRS3035RES1000mN2024000E3137000,AM_15,
313,CRS3035RES1000mN2024000E3137000,AM_16,
314,CRS3035RES1000mN2024000E3137000,AM_17,
315,CRS3035RES1000mN2024000E3137000,AM_19,
316,CRS3035RES1000mN2024000E3137000,AM_20,
317,CRS3035RES1000mN2024000E3137000,AM_21,
318,CRS3035RES1000mN2024000E3137000,AM_22,
319,CRS3035RES1000mN2024000E3137000,AM_23,
320,CRS3035RES1000mN2024000E3137000,AM_24,
321,CRS3035RES1000mN2024000E3137000,AM_25,
322,CRS3035RES1000mN2024000E3137000,AM_27,
323,CRS3035RES1000mN2024000E3137000,AM_28,
324,CRS3035RES1000mN2024000E3137000,AM_29,
325,CRS3035RES1000mN2024000E3137000,AM_30,
326,CRS3035RES1000mN2024000E3137000,AM_32,
327,CRS3035RES1000mN2024000E3137000,AM_33,
328,CRS3035RES1000mN2024000E3137000,AM_34,
329,CRS3035RES1000mN2024000E3137000,AM_35,
330,CRS3035RES1000mN2024000E3137000,AM_36,
331,CRS3035RES1000mN2024000E3137000,AM_37,
332,CRS3035RES1000mN2024000E3137000,AM_38,
333,CRS3035RES1000mN2024000E3138000,28027618,
334,CRS3035RES1000mN2024000E3138000,28027591,
335,CRS3035RES1000mN2024000E3138000,28027606,
336,CRS3035RES1000mN2024000E3138000,28027898,
337,CRS3035RES1000mN2024000E3138000,28041810,
338,CRS3035RES1000mN2024000E3138000,AM_1,77.0
339,CRS3035RES1000mN2024000E3138000,AM_2,
340,CRS3035RES1000mN2024000E3138000,AM_3,
341,CRS3035RES1000mN2024000E3138000,AM_5,
342,CRS3035RES1000mN2024000E3138000,AM_8,105.0
343,CRS3035RES1000mN2024000E3138000,AM_9,
344,CRS3035RES1000mN2024000E3138000,AM_10,
345,CRS3035RES1000mN2024000E3138000,AM_11,
346,CRS3035RES1000mN2024000E3138000,AM_12,
347,CRS3035RES1000mN2024000E3138000,AM_13,
348,CRS3035RES1000mN2024000E3138000,AM_14,
349,CRS3035RES1000mN2024000E3138000,AM_15,
350,CRS3035RES1000mN2024000E3138000,AM_16,
351,CRS3035RES1000mN2024000E3138000,AM_17,119.0
352,CRS3035RES1000mN2024000E3138000,AM_19,
353,CRS3035RES1000mN2024000E3138000,AM_20,
354,CRS3035RES1000mN2024000E3138000,AM_21,
355,CRS3035RES1000mN2024000E3138000,AM_22,
356,CRS3035RES1000mN2024000E3138000,AM_23,
357,CRS3035RES1000mN2024000E3138000,AM_24,108.0
358,CRS3035RES1000mN2024000E3138000,AM_25,
359,CRS3035RES1000mN2024000E3138000,AM_27,102.0
360,CRS3035RES1000mN2024000E3138000,AM_28,
361,CRS3035RES1000mN2024000E3138000,AM_29,
362,CRS3035RES1000mN2024000E3138000,AM_30,114.0
363,CRS3035RES1000mN2024000E3138000,AM_32,
364,CRS3035RES1000mN2024000E3138000,AM_33,
365,CRS3035RES1000mN2024000E3138000,AM_34,
366,CRS3035RES1000mN2024000E3138000,AM_35,
367,CRS3035RES1000mN2024000E3138000,AM_36,
368,CRS3035RES1000mN2024000E3138000,AM_37,
369,CRS3035RES1000mN2024000E3138000,AM_38,
370,CRS3035RES1000mN2025000E3133000,28027618,
371,CRS3035RES1000mN2025000E3133000,28027591,
372,CRS3035RES1000mN2025000E3133000,28027606,
373,CRS3035RES1000mN2025000E3133000,28027898,
374,CRS3035RES1000mN2025000E3133000,28041810,
375,CRS3035RES1000mN2025000E3133000,AM_1,97.0
376,CRS3035RES1000mN2025000E3133000,AM_2,
377,CRS3035RES1000mN2025000E3133000,AM_3,
378,CRS3035RES1000mN2025000E3133000,AM_5,
379,CRS3035RES1000mN2025000E3133000,AM_8,
380,CRS3035RES1000mN2025000E3133000,AM_9,
381,CRS3035RES1000mN2025000E3133000,AM_10,
382,CRS3035RES1000mN2025000E3133000,AM_11,
383,CRS3035RES1000mN2025000E3133000,AM_12,
384,CRS3035RES1000mN2025000E3133000,AM_13,
385,CRS3035RES1000mN2025000E3133000,AM_14,
386,CRS3035RES1000mN2025000E3133000,AM_15,
387,CRS3035RES1000mN2025000E3133000,AM_16,
388,CRS3035RES1000mN2025000E3133000,AM_17,
389,CRS3035RES1000mN2025000E3133000,AM_19,
390,CRS3035RES1000mN2025000E3133000,AM_20,
391,CRS3035RES1000mN2025000E3133000,AM_21,
392,CRS3035RES1000mN2025000E3133000,AM_22,
393,CRS3035RES1000mN2025000E3133000,AM_23,
394,CRS3035RES1000mN2025000E3133000,AM_24,
395,CRS3035RES1000mN2025000E3133000,AM_25,
396,CRS3035RES1000mN2025000E3133000,AM_27,
397,CRS3035RES1000mN2025000E3133000,AM_28,
398,CRS3035RES1000mN2025000E3133000,AM_29,
399,CRS3035RES1000mN2025000E3133000,AM_30,
400,CRS3035RES1000mN2025000E3133000,AM_32,
401,CRS3035RES1000mN2025000E3133000,AM_33,
402,CRS3035RES1000mN2025000E3133000,AM_34,
403,CRS3035RES1000mN2025000E3133000,AM_35,
404,CRS3035RES1000mN2025000E3133000,AM_36,
405,CRS3035RES1000mN2025000E3133000,AM_37,
406,CRS3035RES1000mN2025000E3133000,AM_38,
407,CRS3035RES1000mN2025000E3134000,28027618,
408,CRS3035RES1000mN2025000E3134000,28027591,
409,CRS3035RES1000mN2025000E3134000,28027606,
410,CRS3035RES1000mN2025000E3134000,28027898,
411,CRS3035RES1000mN2025000E3134000,28041810,
412,CRS3035RES1000mN2025000E3134000,AM_1,
413,CRS3035RES1000mN2025000E3134000,AM_2,
414,CRS3035RES1000mN2025000E3134000,AM_3,
415,CRS3035RES1000mN2025000E3134000,AM_5,
416,CRS3035RES1000mN2025000E3134000,AM_8,
417,CRS3035RES1000mN2025000E3134000,AM_9,
418,CRS3035RES1000mN2025000E3134000,AM_10,
419,CRS3035RES1000mN2025000E3134000,AM_11,
420,CRS3035RES1000mN2025000E3134000,AM_12,
421,CRS3035RES1000mN2025000E3134000,AM_13,
422,CRS3035RES1000mN2025000E3134000,AM_14,
423,CRS3035RES1000mN2025000E3134000,AM_15,
424,CRS3035RES1000mN2025000E3134000,AM_16,
425,CRS3035RES1000mN2025000E3134000,AM_17,
426,CRS3035RES1000mN2025000E3134000,AM_19,
427,CRS3035RES1000mN2025000E3134000,AM_20,
428,CRS3035RES1000mN2025000E3134000,AM_21,
429,CRS3035RES1000mN2025000E3134000,AM_22,
430,CRS3035RES1000mN2025000E3134000,AM_23,
431,CRS3035RES1000mN2025000E3134000,AM_24,
432,CRS3035RES1000mN2025000E3134000,AM_25,
433,CRS3035RES1000mN2025000E3134000,AM_27,
434,CRS3035RES1000mN2025000E3134000,AM_28,
435,CRS3035RES1000mN2025000E3134000,AM_29,
436,CRS3035RES1000mN2025000E3134000,AM_30,
437,CRS3035RES1000mN2025000E3134000,AM_32,
438,CRS3035RES1000mN2025000E3134000,AM_33,
439,CRS3035RES1000mN2025000E3134000,AM_34,
440,CRS3035RES1000mN2025000E3134000,AM_35,
441,CRS3035RES1000mN2025000E3134000,AM_36,
442,CRS3035RES1000mN2025000E3134000,AM_37,
443,CRS3035RES1000mN2025000E3134000,AM_38,
444,CRS3035RES1000mN2025000E3135000,28027618,
445,CRS3035RES1000mN2025000E3135000,28027591,
446,CRS3035RES1000mN2025000E3135000,28027606,
447,CRS3035RES1000mN2025000E3135000,28027898,
448,CRS3035RES1000mN2025000E3135000,28041810,
449,CRS3035RES1000mN2025000E3135000,AM_1,
450,CRS3035RES1000mN2025000E3135000,AM_2,
451,CRS3035RES1000mN2025000E3135000,AM_3,
452,CRS3035RES1000mN2025000E3135000,AM_5,
453,CRS3035RES1000mN2025000E3135000,AM_8,
454,CRS3035RES1000mN2025000E3135000,AM_9,
455,CRS3035RES1000mN2025000E3135000,AM_10,
456,CRS3035RES1000mN2025000E3135000,AM_11,
457,CRS3035RES1000mN2025000E3135000,AM_12,
458,CRS3035RES1000mN2025000E3135000,AM_13,
459,CRS3035RES1000mN2025000E3135000,AM_14,
460,CRS3035RES1000mN2025000E3135000,AM_15,
461,CRS3035RES1000mN2025000E3135000,AM_16,
462,CRS3035RES1000mN2025000E3135000,AM_17,
463,CRS3035RES1000mN2025000E3135000,AM_19,
464,CRS3035RES1000mN2025000E3135000,AM_20,
465,CRS3035RES1000mN2025000E3135000,AM_21,
466,CRS3035RES1000mN2025000E3135000,AM_22,
467,CRS3035RES1000mN2025000E3135000,AM_23,
468,CRS3035RES1000mN2025000E3135000,AM_24,
469,CRS3035RES1000mN2025000E3135000,AM_25,
470,CRS3035RES1000mN2025000E3135000,AM_27,
471,CRS3035RES1000mN2025000E3135000,AM_28,
472,CRS3035RES1000mN2025000E3135000,AM_29,
473,CRS3035RES1000mN2025000E3135000,AM_30,
474,CRS3035RES1000mN2025000E3135000,AM_32,
475,CRS3035RES1000mN2025000E3135000,AM_33,
476,CRS3035RES1000mN2025000E3135000,AM_34,
477,CRS3035RES1000mN2025000E3135000,AM_35,
478,CRS3035RES1000mN2025000E3135000,AM_36,
479,CRS3035RES1000mN2025000E3135000,AM_37,
480,CRS3035RES1000mN2025000E3135000,AM_38,
481,CRS3035RES1000mN2025000E3136000,28027618,
482,CRS3035RES1000mN2025000E3136000,28027591,
483,CRS3035RES1000mN2025000E3136000,28027606,
484,CRS3035RES1000mN2025000E3136000,28027898,
485,CRS3035RES1000mN2025000E3136000,28041810,
486,CRS3035RES1000mN2025000E3136000,AM_1,
487,CRS3035RES1000mN2025000E3136000,AM_2,
488,CRS3035RES1000mN2025000E3136000,AM_3,
489,CRS3035RES1000mN2025000E3136000,AM_5,
490,CRS3035RES1000mN2025000E3136000,AM_8,
491,CRS3035RES1000mN2025000E3136000,AM_9,
492,CRS3035RES1000mN2025000E3136000,AM_10,
493,CRS3035RES1000mN2025000E3136000,AM_11,
494,CRS3035RES1000mN2025000E3136000,AM_12,
495,CRS3035RES1000mN2025000E3136000,AM_13,
496,CRS3035RES1000mN2025000E3136000,AM_14,
497,CRS3035RES1000mN2025000E3136000,AM_15,
498,CRS3035RES1000mN2025000E3136000,AM_16,
499,CRS3035RES1000mN2025000E3136000,AM_17,
500,CRS3035RES1000mN2025000E3136000,AM_19,
501,CRS3035RES1000mN2025000E3136000,AM_20,
502,CRS3035RES1000mN2025000E3136000,AM_21,
503,CRS3035RES1000mN2025000E3136000,AM_22,
504,CRS3035RES1000mN2025000E3136000,AM_23,
505,CRS3035RES1000mN2025000E3136000,AM_24,
506,CRS3035RES1000mN2025000E3136000,AM_25,
507,CRS3035RES1000mN2025000E3136000,AM_27,
508,CRS3035RES1000mN2025000E3136000,AM_28,
509,CRS3035RES1000mN2025000E3136000,AM_29,
510,CRS3035RES1000mN2025000E3136000,AM_30,
511,CRS3035RES1000mN2025000E3136000,AM_32,
512,CRS3035RES1000mN2025000E3136000,AM_33,
513,CRS3035RES1000mN2025000E3136000,AM_34,
514,CRS3035RES1000mN2025000E3136000,AM_35,
515,CRS3035RES1000mN2025000E3136000,AM_36,
516,CRS3035RES1000mN2025000E3136000,AM_37,
517,CRS3035RES1000mN2025000E3136000,AM_38,
518,CRS3035RES1000mN2025000E3137000,28027618,
519,CRS3035RES1000mN2025000E3137000,28027591,
520,CRS3035RES1000mN2025000E3137000,28027606,
521,CRS3035RES1000mN2025000E3137000,28027898,
522,CRS3035RES1000mN2025000E3137000,28041810,
523,CRS3035RES1000mN2025000E3137000,AM_1,92.0
524,CRS3035RES1000mN2025000E3137000,AM_2,
525,CRS3035RES1000mN2025000E3137000,AM_3,
526,CRS3035RES1000mN2025000E3137000,AM_5,
527,CRS3035RES1000mN2025000E3137000,AM_8,
528,CRS3035RES1000mN2025000E3137000,AM_9,
529,CRS3035RES1000mN2025000E3137000,AM_10,
530,CRS3035RES1000mN2025000E3137000,AM_11,
531,CRS3035RES1000mN2025000E3137000,AM_12,
532,CRS3035RES1000mN2025000E3137000,AM_13,
533,CRS3035RES1000mN2025000E3137000,AM_14,
534,CRS3035RES1000mN2025000E3137000,AM_15,
535,CRS3035RES1000mN2025000E3137000,AM_16,
536,CRS3035RES1000mN2025000E3137000,AM_17,
537,CRS3035RES1000mN2025000E3137000,AM_19,
538,CRS3035RES1000mN2025000E3137000,AM_20,
539,CRS3035RES1000mN2025000E3137000,AM_21,
540,CRS3035RES1000mN2025000E3137000,AM_22,
541,CRS3035RES1000mN2025000E3137000,AM_23,
542,CRS3035RES1000mN2025000E3137000,AM_24,
543,CRS3035RES1000mN2025000E3137000,AM_25,
544,CRS3035RES1000mN2025000E3137000,AM_27,
545,CRS3035RES1000mN2025000E3137000,AM_28,
546,CRS3035RES1000mN2025000E3137000,AM_29,
547,CRS3035RES1000mN2025000E3137000,AM_30,
548,CRS3035RES1000mN2025000E3137000,AM_32,
549,CRS3035RES1000mN2025000E3137000,AM_33,
550,CRS3035RES1000mN2025000E3137000,AM_34,
551,CRS3035RES1000mN2025000E3137000,AM_35,
552,CRS3035RES1000mN2025000E3137000,AM_36,
553,CRS3035RES1000mN2025000E3137000,AM_37,
554,CRS3035RES1000mN2025000E3137000,AM_38,
555,CRS3035RES1000mN2025000E3138000,28027618,
556,CRS3035RES1000mN2025000E3138000,28027591,
557,CRS3035RES1000mN2025000E3138000,28027606,
558,CRS3035RES1000mN2025000E3138000,28027898,
559,CRS3035RES1000mN2025000E3138000,28041810,
560,CRS3035RES1000mN2025000E3138000,AM_1,77.0
561,CRS3035RES1000mN2025000E3138000,AM_2,
562,CRS3035RES1000mN2025000E3138000,AM_3,
563,CRS3035RES1000mN2025000E3138000,AM_5,
564,CRS3035RES1000mN2025000E3138000,AM_8,90.0
565,CRS3035RES1000mN2025000E3138000,AM_9,
566,CRS3035RES1000mN2025000E3138000,AM_10,
567,CRS3035RES1000mN2025000E3138000,AM_11,
568,CRS3035RES1000mN2025000E3138000,AM_12,
569,CRS3035RES1000mN2025000E3138000,AM_13,
570,CRS3035RES1000mN2025000E3138000,AM_14,
571,CRS3035RES1000mN2025000E3138000,AM_15,
572,CRS3035RES1000mN2025000E3138000,AM_16,
573,CRS3035RES1000mN2025000E3138000,AM_17,118.0
574,CRS3035RES1000mN2025000E3138000,AM_19,
575,CRS3035RES1000mN2025000E3138000,AM_20,
576,CRS3035RES1000mN2025000E3138000,AM_21,
577,CRS3035RES1000mN2025000E3138000,AM_22,
578,CRS3035RES1000mN2025000E3138000,AM_23,
579,CRS3035RES1000mN2025000E3138000,AM_24,107.0
580,CRS3035RES1000mN2025000E3138000,AM_25,
581,CRS3035RES1000mN2025000E3138000,AM_27,97.0
582,CRS3035RES1000mN2025000E3138000,AM_28,
583,CRS3035RES1000mN2025000E3138000,AM_29,
584,CRS3035RES1000mN2025000E3138000,AM_30,114.0
585,CRS3035RES1000mN2025000E3138000,AM_32,
586,CRS3035RES1000mN2025000E3138000,AM_33,
587,CRS3035RES1000mN2025000E3138000,AM_34,
588,CRS3035RES1000mN2025000E3138000,AM_35,
589,CRS3035RES1000mN2025000E3138000,AM_36,
590,CRS3035RES1000mN2025000E3138000,AM_37,108.0
591,CRS3035RES1000mN2025000E3138000,AM_38,
592,CRS3035RES1000mN2025000E3139000,28027618,105.0
593,CRS3035RES1000mN2025000E3139000,28027591,107.0
594,CRS3035RES1000mN2025000E3139000,28027606,
595,CRS3035RES1000mN2025000E3139000,28027898,
596,CRS3035RES1000mN2025000E3139000,28041810,114.0
597,CRS3035RES1000mN2025000E3139000,AM_1,77.0
598,CRS3035RES1000mN2025000E3139000,AM_2,112.0
599,CRS3035RES1000mN2025000E3139000,AM_3,115.0
600,CRS3035RES1000mN2025000E3139000,AM_5,97.0
601,CRS3035RES1000mN2025000E3139000,AM_8,71.0
602,CRS3035RES1000mN2025000E3139000,AM_9,
603,CRS3035RES1000mN2025000E3139000,AM_10,112.0
604,CRS3035RES1000mN2025000E3139000,AM_11,102.0
605,CRS3035RES1000mN2025000E3139000,AM_12,
606,CRS3035RES1000mN2025000E3139000,AM_13,
607,CRS3035RES1000mN2025000E3139000,AM_14,108.0
608,CRS3035RES1000mN2025000E3139000,AM_15,
609,CRS3035RES1000mN2025000E3139000,AM_16,96.0
610,CRS3035RES1000mN2025000E3139000,AM_17,101.0
611,CRS3035RES1000mN2025000E3139000,AM_19,114.0
612,CRS3035RES1000mN2025000E3139000,AM_20,
613,CRS3035RES1000mN2025000E3139000,AM_21,101.0
614,CRS3035RES1000mN2025000E3139000,AM_22,
615,CRS3035RES1000mN2025000E3139000,AM_23,107.0
616,CRS3035RES1000mN2025000E3139000,AM_24,101.0
617,CRS3035RES1000mN2025000E3139000,AM_25,101.0
618,CRS3035RES1000mN2025000E3139000,AM_27,72.0
619,CRS3035RES1000mN2025000E3139000,AM_28,116.0
620,CRS3035RES1000mN2025000E3139000,AM_29,
621,CRS3035RES1000mN2025000E3139000,AM_30,95.0
622,CRS3035RES1000mN2025000E3139000,AM_32,103.0
623,CRS3035RES1000mN2025000E3139000,AM_33,95.0
624,CRS3035RES1000mN2025000E3139000,AM_34,
625,CRS3035RES1000mN2025000E3139000,AM_35,110.0
626,CRS3035RES1000mN2025000E3139000,AM_36,99.0
627,CRS3035RES1000mN2025000E3139000,AM_37,82.0
628,CRS3035RES1000mN2025000E3139000,AM_38,101.0
629,CRS3035RES1000mN2025000E3140000,28027618,91.0
630,CRS3035RES1000mN2025000E3140000,28027591,93.0
631,CRS3035RES1000mN2025000E3140000,28027606,110.0
632,CRS3035RES1000mN2025000E3140000,28027898,118.0
633,CRS3035RES1000mN2025000E3140000,28041810,102.0
634,CRS3035RES1000mN2025000E3140000,AM_1,68.0
635,CRS3035RES1000mN2025000E3140000,AM_2,98.0
636,CRS3035RES1000mN2025000E3140000,AM_3,96.0
637,CRS3035RES1000mN2025000E3140000,AM_5,84.0
638,CRS3035RES1000mN2025000E3140000,AM_8,55.0
639,CRS3035RES1000mN2025000E3140000,AM_9,117.0
640,CRS3035RES1000mN2025000E3140000,AM_10,98.0
641,CRS3035RES1000mN2025000E3140000,AM_11,87.0
642,CRS3035RES1000mN2025000E3140000,AM_12,105.0
643,CRS3035RES1000mN2025000E3140000,AM_13,113.0
644,CRS3035RES1000mN2025000E3140000,AM_14,94.0
645,CRS3035RES1000mN2025000E3140000,AM_15,119.0
646,CRS3035RES1000mN2025000E3140000,AM_16,85.0
647,CRS3035RES1000mN2025000E3140000,AM_17,84.0
648,CRS3035RES1000mN2025000E3140000,AM_19,100.0
649,CRS3035RES1000mN2025000E3140000,AM_20,113.0
650,CRS3035RES1000mN2025000E3140000,AM_21,87.0
651,CRS3035RES1000mN2025000E3140000,AM_22,116.0
652,CRS3035RES1000mN2025000E3140000,AM_23,93.0
653,CRS3035RES1000mN2025000E3140000,AM_24,90.0
654,CRS3035RES1000mN2025000E3140000,AM_25,85.0
655,CRS3035RES1000mN2025000E3140000,AM_27,56.0
656,CRS3035RES1000mN2025000E3140000,AM_28,102.0
657,CRS3035RES1000mN2025000E3140000,AM_29,106.0
658,CRS3035RES1000mN2025000E3140000,AM_30,82.0
659,CRS3035RES1000mN2025000E3140000,AM_32,89.0
660,CRS3035RES1000mN2025000E3140000,AM_33,81.0
661,CRS3035RES1000mN2025000E3140000,AM_34,
662,CRS3035RES1000mN2025000E3140000,AM_35,95.0
663,CRS3035RES1000mN2025000E3140000,AM_36,84.0
664,CRS3035RES1000mN2025000E3140000,AM_37,70.0
665,CRS3035RES1000mN2025000E3140000,AM_38,88.0
666,CRS3035RES1000mN2025000E3141000,28027618,67.0
667,CRS3035RES1000mN2025000E3141000,28027591,69.0
668,CRS3035RES1000mN2025000E3141000,28027606,91.0
669,CRS3035RES1000mN2025000E3141000,28027898,95.0
670,CRS3035RES1000mN2025000E3141000,28041810,65.0
671,CRS3035RES1000mN2025000E3141000,AM_1,18.0
672,CRS3035RES1000mN2025000E3141000,AM_2,74.0
673,CRS3035RES1000mN2025000E3141000,AM_3,78.0
674,CRS3035RES1000mN2025000E3141000,AM_5,60.0
675,CRS3035RES1000mN2025000E3141000,AM_8,51.0
676,CRS3035RES1000mN2025000E3141000,AM_9,98.0
677,CRS3035RES1000mN2025000E3141000,AM_10,79.0
678,CRS3035RES1000mN2025000E3141000,AM_11,68.0
679,CRS3035RES1000mN2025000E3141000,AM_12,86.0
680,CRS3035RES1000mN2025000E3141000,AM_13,95.0
681,CRS3035RES1000mN2025000E3141000,AM_14,71.0
682,CRS3035RES1000mN2025000E3141000,AM_15,92.0
683,CRS3035RES1000mN2025000E3141000,AM_16,56.0
684,CRS3035RES1000mN2025000E3141000,AM_17,61.0
685,CRS3035RES1000mN2025000E3141000,AM_19,80.0
686,CRS3035RES1000mN2025000E3141000,AM_20,85.0
687,CRS3035RES1000mN2025000E3141000,AM_21,64.0
688,CRS3035RES1000mN2025000E3141000,AM_22,89.0
689,CRS3035RES1000mN2025000E3141000,AM_23,71.0
690,CRS3035RES1000mN2025000E3141000,AM_24,49.0
691,CRS3035RES1000mN2025000E3141000,AM_25,65.0
692,CRS3035RES1000mN2025000E3141000,AM_27,49.0
693,CRS3035RES1000mN2025000E3141000,AM_28,80.0
694,CRS3035RES1000mN2025000E3141000,AM_29,78.0
695,CRS3035RES1000mN2025000E3141000,AM_30,56.0
696,CRS3035RES1000mN2025000E3141000,AM_32,70.0
697,CRS3035RES1000mN2025000E3141000,AM_33,61.0
698,CRS3035RES1000mN2025000E3141000,AM_34,103.0
699,CRS3035RES1000mN2025000E3141000,AM_35,76.0
700,CRS3035RES1000mN2025000E3141000,AM_36,61.0
701,CRS3035RES1000mN2025000E3141000,AM_37,65.0
702,CRS3035RES1000mN2025000E3141000,AM_38,69.0
703,CRS3035RES1000mN2026000E3133000,28027618,
704,CRS3035RES1000mN2026000E3133000,28027591,
705,CRS3035RES1000mN2026000E3133000,28027606,
706,CRS3035RES1000mN2026000E3133000,28027898,
707,CRS3035RES1000mN2026000E3133000,28041810,
708,CRS3035RES1000mN2026000E3133000,AM_1,91.0
709,CRS3035RES1000mN2026000E3133000,AM_2,
710,CRS3035RES1000mN2026000E3133000,AM_3,
711,CRS3035RES1000mN2026000E3133000,AM_5,
712,CRS3035RES1000mN2026000E3133000,AM_8,
713,CRS3035RES1000mN2026000E3133000,AM_9,
714,CRS3035RES1000mN2026000E3133000,AM_10,
715,CRS3035RES1000mN2026000E3133000,AM_11,
716,CRS3035RES1000mN2026000E3133000,AM_12,
717,CRS3035RES1000mN2026000E3133000,AM_13,
718,CRS3035RES1000mN2026000E3133000,AM_14,
719,CRS3035RES1000mN2026000E3133000,AM_15,
720,CRS3035RES1000mN2026000E3133000,AM_16,
721,CRS3035RES1000mN2026000E3133000,AM_17,
722,CRS3035RES1000mN2026000E3133000,AM_19,
723,CRS3035RES1000mN2026000E3133000,AM_20,
724,CRS3035RES1000mN2026000E3133000,AM_21,
725,CRS3035RES1000mN2026000E3133000,AM_22,
726,CRS3035RES1000mN2026000E3133000,AM_23,
727,CRS3035RES1000mN2026000E3133000,AM_24,114.0
728,CRS3035RES1000mN2026000E3133000,AM_25,
729,CRS3035RES1000mN2026000E3133000,AM_27,118.0
730,CRS3035RES1000mN2026000E3133000,AM_28,
731,CRS3035RES1000mN2026000E3133000,AM_29,
732,CRS3035RES1000mN2026000E3133000,AM_30,
733,CRS3035RES1000mN2026000E3133000,AM_32,
734,CRS3035RES1000mN2026000E3133000,AM_33,
735,CRS3035RES1000mN2026000E3133000,AM_34,
736,CRS3035RES1000mN2026000E3133000,AM_35,
737,CRS3035RES1000mN2026000E3133000,AM_36,
738,CRS3035RES1000mN2026000E3133000,AM_37,
739,CRS3035RES1000mN2026000E3133000,AM_38,
740,CRS3035RES1000mN2026000E3134000,28027618,
741,CRS3035RES1000mN2026000E3134000,28027591,
742,CRS3035RES1000mN2026000E3134000,28027606,
743,CRS3035RES1000mN2026000E3134000,28027898,
744,CRS3035RES1000mN2026000E3134000,28041810,
745,CRS3035RES1000mN2026000E3134000,AM_1,
746,CRS3035RES1000mN2026000E3134000,AM_2,
747,CRS3035RES1000mN2026000E3134000,AM_3,
748,CRS3035RES1000mN2026000E3134000,AM_5,
749,CRS3035RES1000mN2026000E3134000,AM_8,
750,CRS3035RES1000mN2026000E3134000,AM_9,
751,CRS3035RES1000mN2026000E3134000,AM_10,
752,CRS3035RES1000mN2026000E3134000,AM_11,
753,CRS3035RES1000mN2026000E3134000,AM_12,
754,CRS3035RES1000mN2026000E3134000,AM_13,
755,CRS3035RES1000mN2026000E3134000,AM_14,
756,CRS3035RES1000mN2026000E3134000,AM_15,
757,CRS3035RES1000mN2026000E3134000,AM_16,
758,CRS3035RES1000mN2026000E3134000,AM_17,
759,CRS3035RES1000mN2026000E3134000,AM_19,
760,CRS3035RES1000mN2026000E3134000,AM_20,
761,CRS3035RES1000mN2026000E3134000,AM_21,
762,CRS3035RES1000mN2026000E3134000,AM_22,
763,CRS3035RES1000mN2026000E3134000,AM_23,
764,CRS3035RES1000mN2026000E3134000,AM_24,
765,CRS3035RES1000mN2026000E3134000,AM_25,
766,CRS3035RES1000mN2026000E3134000,AM_27,
767,CRS3035RES1000mN2026000E3134000,AM_28,
768,CRS3035RES1000mN2026000E3134000,AM_29,
769,CRS3035RES1000mN2026000E3134000,AM_30,
770,CRS3035RES1000mN2026000E3134000,AM_32,
771,CRS3035RES1000mN2026000E3134000,AM_33,
772,CRS3035RES1000mN2026000E3134000,AM_34,
773,CRS3035RES1000mN2026000E3134000,AM_35,
774,CRS3035RES1000mN2026000E3134000,AM_36,
775,CRS3035RES1000mN2026000E3134000,AM_37,
776,CRS3035RES1000mN2026000E3134000,AM_38,
777,CRS3035RES1000mN2026000E3135000,28027618,
778,CRS3035RES1000mN2026000E3135000,28027591,
779,CRS3035RES1000mN2026000E3135000,28027606,
780,CRS3035RES1000mN2026000E3135000,28027898,
781,CRS3035RES1000mN2026000E3135000,28041810,
782,CRS3035RES1000mN2026000E3135000,AM_1,
783,CRS3035RES1000mN2026000E3135000,AM_2,
784,CRS3035RES1000mN2026000E3135000,AM_3,
785,CRS3035RES1000mN2026000E3135000,AM_5,
786,CRS3035RES1000mN2026000E3135000,AM_8,
787,CRS3035RES1000mN2026000E3135000,AM_9,
788,CRS3035RES1000mN2026000E3135000,AM_10,
789,CRS3035RES1000mN2026000E3135000,AM_11,
790,CRS3035RES1000mN2026000E3135000,AM_12,
791,CRS3035RES1000mN2026000E3135000,AM_13,
792,CRS3035RES1000mN2026000E3135000,AM_14,
793,CRS3035RES1000mN2026000E3135000,AM_15,
794,CRS3035RES1000mN2026000E3135000,AM_16,
795,CRS3035RES1000mN2026000E3135000,AM_17,
796,CRS3035RES1000mN2026000E3135000,AM_19,
797,CRS3035RES1000mN2026000E3135000,AM_20,
798,CRS3035RES1000mN2026000E3135000,AM_21,
799,CRS3035RES1000mN2026000E3135000,AM_22,
800,CRS3035RES1000mN2026000E3135000,AM_23,
801,CRS3035RES1000mN2026000E3135000,AM_24,
802,CRS3035RES1000mN2026000E3135000,AM_25,
803,CRS3035RES1000mN2026000E3135000,AM_27,
804,CRS3035RES1000mN2026000E3135000,AM_28,
805,CRS3035RES1000mN2026000E3135000,AM_29,
806,CRS3035RES1000mN2026000E3135000,AM_30,
807,CRS3035RES1000mN2026000E3135000,AM_32,
808,CRS3035RES1000mN2026000E3135000,AM_33,
809,CRS3035RES1000mN2026000E3135000,AM_34,
810,CRS3035RES1000mN2026000E3135000,AM_35,
811,CRS3035RES1000mN2026000E3135000,AM_36,
812,CRS3035RES1000mN2026000E3135000,AM_37,
813,CRS3035RES1000mN2026000E3135000,AM_38,
814,CRS3035RES1000mN2026000E3136000,28027618,
815,CRS3035RES1000mN2026000E3136000,28027591,
816,CRS3035RES1000mN2026000E3136000,28027606,
817,CRS3035RES1000mN2026000E3136000,28027898,
818,CRS3035RES1000mN2026000E3136000,28041810,
819,CRS3035RES1000mN2026000E3136000,AM_1,
820,CRS3035RES1000mN2026000E3136000,AM_2,
821,CRS3035RES1000mN2026000E3136000,AM_3,
822,CRS3035RES1000mN2026000E3136000,AM_5,
823,CRS3035RES1000mN2026000E3136000,AM_8,
824,CRS3035RES1000mN2026000E3136000,AM_9,
825,CRS3035RES1000mN2026000E3136000,AM_10,
826,CRS3035RES1000mN2026000E3136000,AM_11,
827,CRS3035RES1000mN2026000E3136000,AM_12,
828,CRS3035RES1000mN2026000E3136000,AM_13,
829,CRS3035RES1000mN2026000E3136000,AM_14,
830,CRS3035RES1000mN2026000E3136000,AM_15,
831,CRS3035RES1000mN2026000E3136000,AM_16,
832,CRS3035RES1000mN2026000E3136000,AM_17,
833,CRS3035RES1000mN2026000E3136000,AM_19,
834,CRS3035RES1000mN2026000E3136000,AM_20,
835,CRS3035RES1000mN2026000E3136000,AM_21,
836,CRS3035RES1000mN2026000E3136000,AM_22,
837,CRS3035RES1000mN2026000E3136000,AM_23,
838,CRS3035RES1000mN2026000E3136000,AM_24,
839,CRS3035RES1000mN2026000E3136000,AM_25,
840,CRS3035RES1000mN2026000E3136000,AM_27,
841,CRS3035RES1000mN2026000E3136000,AM_28,
842,CRS3035RES1000mN2026000E3136000,AM_29,
843,CRS3035RES1000mN2026000E3136000,AM_30,
844,CRS3035RES1000mN2026000E3136000,AM_32,
845,CRS3035RES1000mN2026000E3136000,AM_33,
846,CRS3035RES1000mN2026000E3136000,AM_34,
847,CRS3035RES1000mN2026000E3136000,AM_35,
848,CRS3035RES1000mN2026000E3136000,AM_36,
849,CRS3035RES1000mN2026000E3136000,AM_37,
850,CRS3035RES1000mN2026000E3136000,AM_38,
851,CRS3035RES1000mN2026000E3137000,28027618,
852,CRS3035RES1000mN2026000E3137000,28027591,
853,CRS3035RES1000mN2026000E3137000,28027606,
854,CRS3035RES1000mN2026000E3137000,28027898,
855,CRS3035RES1000mN2026000E3137000,28041810,
856,CRS3035RES1000mN2026000E3137000,AM_1,
857,CRS3035RES1000mN2026000E3137000,AM_2,
858,CRS3035RES1000mN2026000E3137000,AM_3,
859,CRS3035RES1000mN2026000E3137000,AM_5,
860,CRS3035RES1000mN2026000E3137000,AM_8,
861,CRS3035RES1000mN2026000E3137000,AM_9,
862,CRS3035RES1000mN2026000E3137000,AM_10,
863,CRS3035RES1000mN2026000E3137000,AM_11,
864,CRS3035RES1000mN2026000E3137000,AM_12,
865,CRS3035RES1000mN2026000E3137000,AM_13,
866,CRS3035RES1000mN2026000E3137000,AM_14,
867,CRS3035RES1000mN2026000E3137000,AM_15,
868,CRS3035RES1000mN2026000E3137000,AM_16,
869,CRS3035RES1000mN2026000E3137000,AM_17,
870,CRS3035RES1000mN2026000E3137000,AM_19,
871,CRS3035RES1000mN2026000E3137000,AM_20,
872,CRS3035RES1000mN2026000E3137000,AM_21,
873,CRS3035RES1000mN2026000E3137000,AM_22,
874,CRS3035RES1000mN2026000E3137000,AM_23,
875,CRS3035RES1000mN2026000E3137000,AM_24,
876,CRS3035RES1000mN2026000E3137000,AM_25,
877,CRS3035RES1000mN2026000E3137000,AM_27,
878,CRS3035RES1000mN2026000E3137000,AM_28,
879,CRS3035RES1000mN2026000E3137000,AM_29,
880,CRS3035RES1000mN2026000E3137000,AM_30,
881,CRS3035RES1000mN2026000E3137000,AM_32,
882,CRS3035RES1000mN2026000E3137000,AM_33,
883,CRS3035RES1000mN2026000E3137000,AM_34,
884,CRS3035RES1000mN2026000E3137000,AM_35,
885,CRS3035RES1000mN2026000E3137000,AM_36,
886,CRS3035RES1000mN2026000E3137000,AM_37,
887,CRS3035RES1000mN2026000E3137000,AM_38,
888,CRS3035RES1000mN2026000E3138000,28027618,
889,CRS3035RES1000mN2026000E3138000,28027591,
890,CRS3035RES1000mN2026000E3138000,28027606,
891,CRS3035RES1000mN2026000E3138000,28027898,
892,CRS3035RES1000mN2026000E3138000,28041810,
893,CRS3035RES1000mN2026000E3138000,AM_1,77.0
894,CRS3035RES1000mN2026000E3138000,AM_2,
895,CRS3035RES1000mN2026000E3138000,AM_3,
896,CRS3035RES1000mN2026000E3138000,AM_5,
897,CRS3035RES1000mN2026000E3138000,AM_8,79.0
898,CRS3035RES1000mN2026000E3138000,AM_9,
899,CRS3035RES1000mN2026000E3138000,AM_10,
900,CRS3035RES1000mN2026000E3138000,AM_11,
901,CRS3035RES1000mN2026000E3138000,AM_12,
902,CRS3035RES1000mN2026000E3138000,AM_13,
903,CRS3035RES1000mN2026000E3138000,AM_14,
904,CRS3035RES1000mN2026000E3138000,AM_15,
905,CRS3035RES1000mN2026000E3138000,AM_16,
906,CRS3035RES1000mN2026000E3138000,AM_17,
907,CRS3035RES1000mN2026000E3138000,AM_19,
908,CRS3035RES1000mN2026000E3138000,AM_20,
909,CRS3035RES1000mN2026000E3138000,AM_21,
910,CRS3035RES1000mN2026000E3138000,AM_22,
911,CRS3035RES1000mN2026000E3138000,AM_23,
912,CRS3035RES1000mN2026000E3138000,AM_24,107.0
913,CRS3035RES1000mN2026000E3138000,AM_25,
914,CRS3035RES1000mN2026000E3138000,AM_27,97.0
915,CRS3035RES1000mN2026000E3138000,AM_28,
916,CRS3035RES1000mN2026000E3138000,AM_29,
917,CRS3035RES1000mN2026000E3138000,AM_30,115.0
918,CRS3035RES1000mN2026000E3138000,AM_32,
919,CRS3035RES1000mN2026000E3138000,AM_33,
920,CRS3035RES1000mN2026000E3138000,AM_34,
921,CRS3035RES1000mN2026000E3138000,AM_35,
922,CRS3035RES1000mN2026000E3138000,AM_36,
923,CRS3035RES1000mN2026000E3138000,AM_37,108.0
924,CRS3035RES1000mN2026000E3138000,AM_38,
925,CRS3035RES1000mN2026000E3139000,28027618,106.0
926,CRS3035RES1000mN2026000E3139000,28027591,108.0
927,CRS3035RES1000mN2026000E3139000,28027606,
928,CRS3035RES1000mN2026000E3139000,28027898,
929,CRS3035RES1000mN2026000E3139000,28041810,115.0
930,CRS3035RES1000mN2026000E3139000,AM_1,77.0
931,CRS3035RES1000mN2026000E3139000,AM_2,113.0
932,CRS3035RES1000mN2026000E3139000,AM_3,115.0
933,CRS3035RES1000mN2026000E3139000,AM_5,99.0
934,CRS3035RES1000mN2026000E3139000,AM_8,62.0
935,CRS3035RES1000mN2026000E3139000,AM_9,
936,CRS3035RES1000mN2026000E3139000,AM_10,113.0
937,CRS3035RES1000mN2026000E3139000,AM_11,102.0
938,CRS3035RES1000mN2026000E3139000,AM_12,
939,CRS3035RES1000mN2026000E3139000,AM_13,
940,CRS3035RES1000mN2026000E3139000,AM_14,109.0
941,CRS3035RES1000mN2026000E3139000,AM_15,
942,CRS3035RES1000mN2026000E3139000,AM_16,97.0
943,CRS3035RES1000mN2026000E3139000,AM_17,103.0
944,CRS3035RES1000mN2026000E3139000,AM_19,116.0
945,CRS3035RES1000mN2026000E3139000,AM_20,
946,CRS3035RES1000mN2026000E3139000,AM_21,102.0
947,CRS3035RES1000mN2026000E3139000,AM_22,
948,CRS3035RES1000mN2026000E3139000,AM_23,109.0
949,CRS3035RES1000mN2026000E3139000,AM_24,102.0
950,CRS3035RES1000mN2026000E3139000,AM_25,102.0
951,CRS3035RES1000mN2026000E3139000,AM_27,73.0
952,CRS3035RES1000mN2026000E3139000,AM_28,118.0
953,CRS3035RES1000mN2026000E3139000,AM_29,
954,CRS3035RES1000mN2026000E3139000,AM_30,96.0
955,CRS3035RES1000mN2026000E3139000,AM_32,104.0
956,CRS3035RES1000mN2026000E3139000,AM_33,96.0
957,CRS3035RES1000mN2026000E3139000,AM_34,
958,CRS3035RES1000mN2026000E3139000,AM_35,111.0
959,CRS3035RES1000mN2026000E3139000,AM_36,100.0
960,CRS3035RES1000mN2026000E3139000,AM_37,82.0
961,CRS3035RES1000mN2026000E3139000,AM_38,100.0
962,CRS3035RES1000mN2026000E3140000,28027618,89.0
963,CRS3035RES1000mN2026000E3140000,28027591,91.0
964,CRS3035RES1000mN2026000E3140000,28027606,108.0
965,CRS3035RES1000mN2026000E3140000,28027898,117.0
966,CRS3035RES1000mN2026000E3140000,28041810,100.0
967,CRS3035RES1000mN2026000E3140000,AM_1,67.0
968,CRS3035RES1000mN2026000E3140000,AM_2,96.0
969,CRS3035RES1000mN2026000E3140000,AM_3,95.0
970,CRS3035RES1000mN2026000E3140000,AM_5,82.0
971,CRS3035RES1000mN2026000E3140000,AM_8,45.0
972,CRS3035RES1000mN2026000E3140000,AM_9,115.0
973,CRS3035RES1000mN2026000E3140000,AM_10,96.0
974,CRS3035RES1000mN2026000E3140000,AM_11,85.0
975,CRS3035RES1000mN2026000E3140000,AM_12,103.0
976,CRS3035RES1000mN2026000E3140000,AM_13,112.0
977,CRS3035RES1000mN2026000E3140000,AM_14,92.0
978,CRS3035RES1000mN2026000E3140000,AM_15,117.0
979,CRS3035RES1000mN2026000E3140000,AM_16,84.0
980,CRS3035RES1000mN2026000E3140000,AM_17,83.0
981,CRS3035RES1000mN2026000E3140000,AM_19,98.0
982,CRS3035RES1000mN2026000E3140000,AM_20,111.0
983,CRS3035RES1000mN2026000E3140000,AM_21,85.0
984,CRS3035RES1000mN2026000E3140000,AM_22,114.0
985,CRS3035RES1000mN2026000E3140000,AM_23,92.0
986,CRS3035RES1000mN2026000E3140000,AM_24,89.0
987,CRS3035RES1000mN2026000E3140000,AM_25,84.0
988,CRS3035RES1000mN2026000E3140000,AM_27,55.0
989,CRS3035RES1000mN2026000E3140000,AM_28,101.0
990,CRS3035RES1000mN2026000E3140000,AM_29,105.0
991,CRS3035RES1000mN2026000E3140000,AM_30,82.0
992,CRS3035RES1000mN2026000E3140000,AM_32,87.0
993,CRS3035RES1000mN2026000E3140000,AM_33,79.0
994,CRS3035RES1000mN2026000E3140000,AM_34,
995,CRS3035RES1000mN2026000E3140000,AM_35,93.0
996,CRS3035RES1000mN2026000E3140000,AM_36,83.0
997,CRS3035RES1000mN2026000E3140000,AM_37,69.0
998,CRS3035RES1000mN2026000E3140000,AM_38,86.0
999,CRS3035RES1000mN2026000E3141000,28027618,71.0
1000,CRS3035RES1000mN2026000E3141000,28027591,73.0
1001,CRS3035RES1000mN2026000E3141000,28027606,94.0
1002,CRS3035RES1000mN2026000E3141000,28027898,95.0
1003,CRS3035RES1000mN2026000E3141000,28041810,74.0
1004,CRS3035RES1000mN2026000E3141000,AM_1,40.0
1005,CRS3035RES1000mN2026000E3141000,AM_2,78.0
1006,CRS3035RES1000mN2026000E3141000,AM_3,75.0
1007,CRS3035RES1000mN2026000E3141000,AM_5,64.0
1008,CRS3035RES1000mN2026000E3141000,AM_8,36.0
1009,CRS3035RES1000mN2026000E3141000,AM_9,74.0
1010,CRS3035RES1000mN2026000E3141000,AM_10,78.0
1011,CRS3035RES1000mN2026000E3141000,AM_11,68.0
1012,CRS3035RES1000mN2026000E3141000,AM_12,90.0
1013,CRS3035RES1000mN2026000E3141000,AM_13,97.0
1014,CRS3035RES1000mN2026000E3141000,AM_14,74.0
1015,CRS3035RES1000mN2026000E3141000,AM_15,98.0
1016,CRS3035RES1000mN2026000E3141000,AM_16,65.0
1017,CRS3035RES1000mN2026000E3141000,AM_17,63.0
1018,CRS3035RES1000mN2026000E3141000,AM_19,80.0
1019,CRS3035RES1000mN2026000E3141000,AM_20,92.0
1020,CRS3035RES1000mN2026000E3141000,AM_21,67.0
1021,CRS3035RES1000mN2026000E3141000,AM_22,96.0
1022,CRS3035RES1000mN2026000E3141000,AM_23,73.0
1023,CRS3035RES1000mN2026000E3141000,AM_24,62.0
1024,CRS3035RES1000mN2026000E3141000,AM_25,66.0
1025,CRS3035RES1000mN2026000E3141000,AM_27,35.0
1026,CRS3035RES1000mN2026000E3141000,AM_28,83.0
1027,CRS3035RES1000mN2026000E3141000,AM_29,76.0
1028,CRS3035RES1000mN2026000E3141000,AM_30,57.0
1029,CRS3035RES1000mN2026000E3141000,AM_32,69.0
1030,CRS3035RES1000mN2026000E3141000,AM_33,61.0
1031,CRS3035RES1000mN2026000E3141000,AM_34,102.0
1032,CRS3035RES1000mN2026000E3141000,AM_35,76.0
1033,CRS3035RES1000mN2026000E3141000,AM_36,65.0
1034,CRS3035RES1000mN2026000E3141000,AM_37,47.0
1035,CRS3035RES1000mN2026000E3141000,AM_38,65.0
1036,CRS3035RES1000mN2026000E3142000,28027618,83.0
1037,CRS3035RES1000mN2026000E3142000,28027591,85.0
1038,CRS3035RES1000mN2026000E3142000,28027606,106.0
1039,CRS3035RES1000mN2026000E3142000,28027898,112.0
1040,CRS3035RES1000mN2026000E3142000,28041810,90.0
1041,CRS3035RES1000mN2026000E3142000,AM_1,58.0
1042,CRS3035RES1000mN2026000E3142000,AM_2,90.0
1043,CRS3035RES1000mN2026000E3142000,AM_3,85.0
1044,CRS3035RES1000mN2026000E3142000,AM_5,76.0
1045,CRS3035RES1000mN2026000E3142000,AM_8,50.0
1046,CRS3035RES1000mN2026000E3142000,AM_9,107.0
1047,CRS3035RES1000mN2026000E3142000,AM_10,90.0
1048,CRS3035RES1000mN2026000E3142000,AM_11,80.0
1049,CRS3035RES1000mN2026000E3142000,AM_12,100.0
1050,CRS3035RES1000mN2026000E3142000,AM_13,112.0
1051,CRS3035RES1000mN2026000E3142000,AM_14,86.0
1052,CRS3035RES1000mN2026000E3142000,AM_15,112.0
1053,CRS3035RES1000mN2026000E3142000,AM_16,79.0
1054,CRS3035RES1000mN2026000E3142000,AM_17,79.0
1055,CRS3035RES1000mN2026000E3142000,AM_19,93.0
1056,CRS3035RES1000mN2026000E3142000,AM_20,104.0
1057,CRS3035RES1000mN2026000E3142000,AM_21,79.0
1058,CRS3035RES1000mN2026000E3142000,AM_22,107.0
1059,CRS3035RES1000mN2026000E3142000,AM_23,86.0
1060,CRS3035RES1000mN2026000E3142000,AM_24,80.0
1061,CRS3035RES1000mN2026000E3142000,AM_25,78.0
1062,CRS3035RES1000mN2026000E3142000,AM_27,47.0
1063,CRS3035RES1000mN2026000E3142000,AM_28,96.0
1064,CRS3035RES1000mN2026000E3142000,AM_29,82.0
1065,CRS3035RES1000mN2026000E3142000,AM_30,74.0
1066,CRS3035RES1000mN2026000E3142000,AM_32,81.0
1067,CRS3035RES1000mN2026000E3142000,AM_33,73.0
1068,CRS3035RES1000mN2026000E3142000,AM_34,108.0
1069,CRS3035RES1000mN2026000E3142000,AM_35,88.0
1070,CRS3035RES1000mN2026000E3142000,AM_36,77.0
1071,CRS3035RES1000mN2026000E3142000,AM_37,67.0
1072,CRS3035RES1000mN2026000E3142000,AM_38,81.0
1073,CRS3035RES1000mN2026000E3143000,28027618,79.0
1074,CRS3035RES1000mN2026000E3143000,28027591,81.0
1075,CRS3035RES1000mN2026000E3143000,28027606,102.0
1076,CRS3035RES1000mN2026000E3143000,28027898,107.0
1077,CRS3035RES1000mN2026000E3143000,28041810,82.0
1078,CRS3035RES1000mN2026000E3143000,AM_1,47.0
1079,CRS3035RES1000mN2026000E3143000,AM_2,87.0
1080,CRS3035RES1000mN2026000E3143000,AM_3,82.0
1081,CRS3035RES1000mN2026000E3143000,AM_5,72.0
1082,CRS3035RES1000mN2026000E3143000,AM_8,50.0
1083,CRS3035RES1000mN2026000E3143000,AM_9,102.0
1084,CRS3035RES1000mN2026000E3143000,AM_10,86.0
1085,CRS3035RES1000mN2026000E3143000,AM_11,76.0
1086,CRS3035RES1000mN2026000E3143000,AM_12,98.0
1087,CRS3035RES1000mN2026000E3143000,AM_13,112.0
1088,CRS3035RES1000mN2026000E3143000,AM_14,82.0
1089,CRS3035RES1000mN2026000E3143000,AM_15,107.0
1090,CRS3035RES1000mN2026000E3143000,AM_16,74.0
1091,CRS3035RES1000mN2026000E3143000,AM_17,72.0
1092,CRS3035RES1000mN2026000E3143000,AM_19,88.0
1093,CRS3035RES1000mN2026000E3143000,AM_20,100.0
1094,CRS3035RES1000mN2026000E3143000,AM_21,75.0
1095,CRS3035RES1000mN2026000E3143000,AM_22,104.0
1096,CRS3035RES1000mN2026000E3143000,AM_23,82.0
1097,CRS3035RES1000mN2026000E3143000,AM_24,69.0
1098,CRS3035RES1000mN2026000E3143000,AM_25,74.0
1099,CRS3035RES1000mN2026000E3143000,AM_27,34.0
1100,CRS3035RES1000mN2026000E3143000,AM_28,91.0
1101,CRS3035RES1000mN2026000E3143000,AM_29,77.0
1102,CRS3035RES1000mN2026000E3143000,AM_30,63.0
1103,CRS3035RES1000mN2026000E3143000,AM_32,77.0
1104,CRS3035RES1000mN2026000E3143000,AM_33,69.0
1105,CRS3035RES1000mN2026000E3143000,AM_34,103.0
1106,CRS3035RES1000mN2026000E3143000,AM_35,84.0
1107,CRS3035RES1000mN2026000E3143000,AM_36,73.0
1108,CRS3035RES1000mN2026000E3143000,AM_37,69.0
1109,CRS3035RES1000mN2026000E3143000,AM_38,77.0
1110,CRS3035RES1000mN2027000E3133000,28027618,
1111,CRS3035RES1000mN2027000E3133000,28027591,
1112,CRS3035RES1000mN2027000E3133000,28027606,
1113,CRS3035RES1000mN2027000E3133000,28027898,
1114,CRS3035RES1000mN2027000E3133000,28041810,
1115,CRS3035RES1000mN2027000E3133000,AM_1,90.0
1116,CRS3035RES1000mN2027000E3133000,AM_2,
1117,CRS3035RES1000mN2027000E3133000,AM_3,
1118,CRS3035RES1000mN2027000E3133000,AM_5,
1119,CRS3035RES1000mN2027000E3133000,AM_8,
1120,CRS3035RES1000mN2027000E3133000,AM_9,
1121,CRS3035RES1000mN2027000E3133000,AM_10,
1122,CRS3035RES1000mN2027000E3133000,AM_11,
1123,CRS3035RES1000mN2027000E3133000,AM_12,
1124,CRS3035RES1000mN2027000E3133000,AM_13,
1125,CRS3035RES1000mN2027000E3133000,AM_14,
1126,CRS3035RES1000mN2027000E3133000,AM_15,
1127,CRS3035RES1000mN2027000E3133000,AM_16,
1128,CRS3035RES1000mN2027000E3133000,AM_17,
1129,CRS3035RES1000mN2027000E3133000,AM_19,
1130,CRS3035RES1000mN2027000E3133000,AM_20,
1131,CRS3035RES1000mN2027000E3133000,AM_21,
1132,CRS3035RES1000mN2027000E3133000,AM_22,
1133,CRS3035RES1000mN2027000E3133000,AM_23,
1134,CRS3035RES1000mN2027000E3133000,AM_24,111.0
1135,CRS3035RES1000mN2027000E3133000,AM_25,
1136,CRS3035RES1000mN2027000E3133000,AM_27,116.0
1137,CRS3035RES1000mN2027000E3133000,AM_28,
1138,CRS3035RES1000mN2027000E3133000,AM_29,
1139,CRS3035RES1000mN2027000E3133000,AM_30,
1140,CRS3035RES1000mN2027000E3133000,AM_32,
1141,CRS3035RES1000mN2027000E3133000,AM_33,
1142,CRS3035RES1000mN2027000E3133000,AM_34,
1143,CRS3035RES1000mN2027000E3133000,AM_35,
1144,CRS3035RES1000mN2027000E3133000,AM_36,
1145,CRS3035RES1000mN2027000E3133000,AM_37,
1146,CRS3035RES1000mN2027000E3133000,AM_38,
1147,CRS3035RES1000mN2027000E3134000,28027618,
1148,CRS3035RES1000mN2027000E3134000,28027591,
1149,CRS3035RES1000mN2027000E3134000,28027606,
1150,CRS3035RES1000mN2027000E3134000,28027898,
1151,CRS3035RES1000mN2027000E3134000,28041810,
1152,CRS3035RES1000mN2027000E3134000,AM_1,95.0
1153,CRS3035RES1000mN2027000E3134000,AM_2,
1154,CRS3035RES1000mN2027000E3134000,AM_3,
1155,CRS3035RES1000mN2027000E3134000,AM_5,
1156,CRS3035RES1000mN2027000E3134000,AM_8,
1157,CRS3035RES1000mN2027000E3134000,AM_9,
1158,CRS3035RES1000mN2027000E3134000,AM_10,
1159,CRS3035RES1000mN2027000E3134000,AM_11,
1160,CRS3035RES1000mN2027000E3134000,AM_12,
1161,CRS3035RES1000mN2027000E3134000,AM_13,
1162,CRS3035RES1000mN2027000E3134000,AM_14,
1163,CRS3035RES1000mN2027000E3134000,AM_15,
1164,CRS3035RES1000mN2027000E3134000,AM_16,
1165,CRS3035RES1000mN2027000E3134000,AM_17,
1166,CRS3035RES1000mN2027000E3134000,AM_19,
1167,CRS3035RES1000mN2027000E3134000,AM_20,
1168,CRS3035RES1000mN2027000E3134000,AM_21,
1169,CRS3035RES1000mN2027000E3134000,AM_22,
1170,CRS3035RES1000mN2027000E3134000,AM_23,
1171,CRS3035RES1000mN2027000E3134000,AM_24,
1172,CRS3035RES1000mN2027000E3134000,AM_25,
1173,CRS3035RES1000mN2027000E3134000,AM_27,
1174,CRS3035RES1000mN2027000E3134000,AM_28,
1175,CRS3035RES1000mN2027000E3134000,AM_29,
1176,CRS3035RES1000mN2027000E3134000,AM_30,
1177,CRS3035RES1000mN2027000E3134000,AM_32,
1178,CRS3035RES1000mN2027000E3134000,AM_33,
1179,CRS3035RES1000mN2027000E3134000,AM_34,
1180,CRS3035RES1000mN2027000E3134000,AM_35,
1181,CRS3035RES1000mN2027000E3134000,AM_36,
1182,CRS3035RES1000mN2027000E3134000,AM_37,
1183,CRS3035RES1000mN2027000E3134000,AM_38,
1184,CRS3035RES1000mN2027000E3135000,28027618,
1185,CRS3035RES1000mN2027000E3135000,28027591,
1186,CRS3035RES1000mN2027000E3135000,28027606,
1187,CRS3035RES1000mN2027000E3135000,28027898,
1188,CRS3035RES1000mN2027000E3135000,28041810,
1189,CRS3035RES1000mN2027000E3135000,AM_1,95.0
1190,CRS3035RES1000mN2027000E3135000,AM_2,
1191,CRS3035RES1000mN2027000E3135000,AM_3,
1192,CRS3035RES1000mN2027000E3135000,AM_5,
1193,CRS3035RES1000mN2027000E3135000,AM_8,
1194,CRS3035RES1000mN2027000E3135000,AM_9,
1195,CRS3035RES1000mN2027000E3135000,AM_10,
1196,CRS3035RES1000mN2027000E3135000,AM_11,
1197,CRS3035RES1000mN2027000E3135000,AM_12,
1198,CRS3035RES1000mN2027000E3135000,AM_13,
1199,CRS3035RES1000mN2027000E3135000,AM_14,
1200,CRS3035RES1000mN2027000E3135000,AM_15,
1201,CRS3035RES1000mN2027000E3135000,AM_16,
1202,CRS3035RES1000mN2027000E3135000,AM_17,
1203,CRS3035RES1000mN2027000E3135000,AM_19,
1204,CRS3035RES1000mN2027000E3135000,AM_20,
1205,CRS3035RES1000mN2027000E3135000,AM_21,
1206,CRS3035RES1000mN2027000E3135000,AM_22,
1207,CRS3035RES1000mN2027000E3135000,AM_23,
1208,CRS3035RES1000mN2027000E3135000,AM_24,
1209,CRS3035RES1000mN2027000E3135000,AM_25,
1210,CRS3035RES1000mN2027000E3135000,AM_27,
1211,CRS3035RES1000mN2027000E3135000,AM_28,
1212,CRS3035RES1000mN2027000E3135000,AM_29,
1213,CRS3035RES1000mN2027000E3135000,AM_30,
1214,CRS3035RES1000mN2027000E3135000,AM_32,
1215,CRS3035RES1000mN2027000E3135000,AM_33,
1216,CRS3035RES1000mN2027000E3135000,AM_34,
1217,CRS3035RES1000mN2027000E3135000,AM_35,
1218,CRS3035RES1000mN2027000E3135000,AM_36,
1219,CRS3035RES1000mN2027000E3135000,AM_37,
1220,CRS3035RES1000mN2027000E3135000,AM_38,
1221,CRS3035RES1000mN2027000E3136000,28027618,
1222,CRS3035RES1000mN2027000E3136000,28027591,
1223,CRS3035RES1000mN2027000E3136000,28027606,
1224,CRS3035RES1000mN2027000E3136000,28027898,
1225,CRS3035RES1000mN2027000E3136000,28041810,
1226,CRS3035RES1000mN2027000E3136000,AM_1,
1227,CRS3035RES1000mN2027000E3136000,AM_2,
1228,CRS3035RES1000mN2027000E3136000,AM_3,
1229,CRS3035RES1000mN2027000E3136000,AM_5,
1230,CRS3035RES1000mN2027000E3136000,AM_8,
1231,CRS3035RES1000mN2027000E3136000,AM_9,
1232,CRS3035RES1000mN2027000E3136000,AM_10,
1233,CRS3035RES1000mN2027000E3136000,AM_11,
1234,CRS3035RES1000mN2027000E3136000,AM_12,
1235,CRS3035RES1000mN2027000E3136000,AM_13,
1236,CRS3035RES1000mN2027000E3136000,AM_14,
1237,CRS3035RES1000mN2027000E3136000,AM_15,
1238,CRS3035RES1000mN2027000E3136000,AM_16,
1239,CRS3035RES1000mN2027000E3136000,AM_17,
1240,CRS3035RES1000mN2027000E3136000,AM_19,
1241,CRS3035RES1000mN2027000E3136000,AM_20,
1242,CRS3035RES1000mN2027000E3136000,AM_21,
1243,CRS3035RES1000mN2027000E3136000,AM_22,
1244,CRS3035RES1000mN2027000E3136000,AM_23,
1245,CRS3035RES1000mN2027000E3136000,AM_24,
1246,CRS3035RES1000mN2027000E3136000,AM_25,
1247,CRS3035RES1000mN2027000E3136000,AM_27,
1248,CRS3035RES1000mN2027000E3136000,AM_28,
1249,CRS3035RES1000mN2027000E3136000,AM_29,
1250,CRS3035RES1000mN2027000E3136000,AM_30,
1251,CRS3035RES1000mN2027000E3136000,AM_32,
1252,CRS3035RES1000mN2027000E3136000,AM_33,
1253,CRS3035RES1000mN2027000E3136000,AM_34,
1254,CRS3035RES1000mN2027000E3136000,AM_35,
1255,CRS3035RES1000mN2027000E3136000,AM_36,
1256,CRS3035RES1000mN2027000E3136000,AM_37,
1257,CRS3035RES1000mN2027000E3136000,AM_38,
1258,CRS3035RES1000mN2027000E3137000,28027618,
1259,CRS3035RES1000mN2027000E3137000,28027591,
1260,CRS3035RES1000mN2027000E3137000,28027606,
1261,CRS3035RES1000mN2027000E3137000,28027898,
1262,CRS3035RES1000mN2027000E3137000,28041810,
1263,CRS3035RES1000mN2027000E3137000,AM_1,
1264,CRS3035RES1000mN2027000E3137000,AM_2,
1265,CRS3035RES1000mN2027000E3137000,AM_3,
1266,CRS3035RES1000mN2027000E3137000,AM_5,
1267,CRS3035RES1000mN2027000E3137000,AM_8,
1268,CRS3035RES1000mN2027000E3137000,AM_9,
1269,CRS3035RES1000mN2027000E3137000,AM_10,
1270,CRS3035RES1000mN2027000E3137000,AM_11,
1271,CRS3035RES1000mN2027000E3137000,AM_12,
1272,CRS3035RES1000mN2027000E3137000,AM_13,
1273,CRS3035RES1000mN2027000E3137000,AM_14,
1274,CRS3035RES1000mN2027000E3137000,AM_15,
1275,CRS3035RES1000mN2027000E3137000,AM_16,
1276,CRS3035RES1000mN2027000E3137000,AM_17,
1277,CRS3035RES1000mN2027000E3137000,AM_19,
1278,CRS3035RES1000mN2027000E3137000,AM_20,
1279,CRS3035RES1000mN2027000E3137000,AM_21,
1280,CRS3035RES1000mN2027000E3137000,AM_22,
1281,CRS3035RES1000mN2027000E3137000,AM_23,
1282,CRS3035RES1000mN2027000E3137000,AM_24,
1283,CRS3035RES1000mN2027000E3137000,AM_25,
1284,CRS3035RES1000mN2027000E3137000,AM_27,
1285,CRS3035RES1000mN2027000E3137000,AM_28,
1286,CRS3035RES1000mN2027000E3137000,AM_29,
1287,CRS3035RES1000mN2027000E3137000,AM_30,
1288,CRS3035RES1000mN2027000E3137000,AM_32,
1289,CRS3035RES1000mN2027000E3137000,AM_33,
1290,CRS3035RES1000mN2027000E3137000,AM_34,
1291,CRS3035RES1000mN2027000E3137000,AM_35,
1292,CRS3035RES1000mN2027000E3137000,AM_36,
1293,CRS3035RES1000mN2027000E3137000,AM_37,
1294,CRS3035RES1000mN2027000E3137000,AM_38,
1295,CRS3035RES1000mN2027000E3138000,28027618,108.0
1296,CRS3035RES1000mN2027000E3138000,28027591,110.0
1297,CRS3035RES1000mN2027000E3138000,28027606,
1298,CRS3035RES1000mN2027000E3138000,28027898,
1299,CRS3035RES1000mN2027000E3138000,28041810,119.0
1300,CRS3035RES1000mN2027000E3138000,AM_1,77.0
1301,CRS3035RES1000mN2027000E3138000,AM_2,115.0
1302,CRS3035RES1000mN2027000E3138000,AM_3,113.0
1303,CRS3035RES1000mN2027000E3138000,AM_5,101.0
1304,CRS3035RES1000mN2027000E3138000,AM_8,51.0
1305,CRS3035RES1000mN2027000E3138000,AM_9,
1306,CRS3035RES1000mN2027000E3138000,AM_10,115.0
1307,CRS3035RES1000mN2027000E3138000,AM_11,105.0
1308,CRS3035RES1000mN2027000E3138000,AM_12,
1309,CRS3035RES1000mN2027000E3138000,AM_13,
1310,CRS3035RES1000mN2027000E3138000,AM_14,111.0
1311,CRS3035RES1000mN2027000E3138000,AM_15,
1312,CRS3035RES1000mN2027000E3138000,AM_16,107.0
1313,CRS3035RES1000mN2027000E3138000,AM_17,107.0
1314,CRS3035RES1000mN2027000E3138000,AM_19,118.0
1315,CRS3035RES1000mN2027000E3138000,AM_20,
1316,CRS3035RES1000mN2027000E3138000,AM_21,104.0
1317,CRS3035RES1000mN2027000E3138000,AM_22,
1318,CRS3035RES1000mN2027000E3138000,AM_23,112.0
1319,CRS3035RES1000mN2027000E3138000,AM_24,107.0
1320,CRS3035RES1000mN2027000E3138000,AM_25,104.0
1321,CRS3035RES1000mN2027000E3138000,AM_27,93.0
1322,CRS3035RES1000mN2027000E3138000,AM_28,
1323,CRS3035RES1000mN2027000E3138000,AM_29,
1324,CRS3035RES1000mN2027000E3138000,AM_30,105.0
1325,CRS3035RES1000mN2027000E3138000,AM_32,107.0
1326,CRS3035RES1000mN2027000E3138000,AM_33,99.0
1327,CRS3035RES1000mN2027000E3138000,AM_34,
1328,CRS3035RES1000mN2027000E3138000,AM_35,113.0
1329,CRS3035RES1000mN2027000E3138000,AM_36,102.0
1330,CRS3035RES1000mN2027000E3138000,AM_37,80.0
1331,CRS3035RES1000mN2027000E3138000,AM_38,101.0
1332,CRS3035RES1000mN2027000E3139000,28027618,107.0
1333,CRS3035RES1000mN2027000E3139000,28027591,109.0
1334,CRS3035RES1000mN2027000E3139000,28027606,
1335,CRS3035RES1000mN2027000E3139000,28027898,
1336,CRS3035RES1000mN2027000E3139000,28041810,117.0
1337,CRS3035RES1000mN2027000E3139000,AM_1,77.0
1338,CRS3035RES1000mN2027000E3139000,AM_2,114.0
1339,CRS3035RES1000mN2027000E3139000,AM_3,108.0
1340,CRS3035RES1000mN2027000E3139000,AM_5,100.0
1341,CRS3035RES1000mN2027000E3139000,AM_8,34.0
1342,CRS3035RES1000mN2027000E3139000,AM_9,
1343,CRS3035RES1000mN2027000E3139000,AM_10,114.0
1344,CRS3035RES1000mN2027000E3139000,AM_11,103.0
1345,CRS3035RES1000mN2027000E3139000,AM_12,
1346,CRS3035RES1000mN2027000E3139000,AM_13,
1347,CRS3035RES1000mN2027000E3139000,AM_14,110.0
1348,CRS3035RES1000mN2027000E3139000,AM_15,
1349,CRS3035RES1000mN2027000E3139000,AM_16,102.0
1350,CRS3035RES1000mN2027000E3139000,AM_17,99.0
1351,CRS3035RES1000mN2027000E3139000,AM_19,116.0
1352,CRS3035RES1000mN2027000E3139000,AM_20,
1353,CRS3035RES1000mN2027000E3139000,AM_21,103.0
1354,CRS3035RES1000mN2027000E3139000,AM_22,
1355,CRS3035RES1000mN2027000E3139000,AM_23,110.0
1356,CRS3035RES1000mN2027000E3139000,AM_24,105.0
1357,CRS3035RES1000mN2027000E3139000,AM_25,102.0
1358,CRS3035RES1000mN2027000E3139000,AM_27,81.0
1359,CRS3035RES1000mN2027000E3139000,AM_28,118.0
1360,CRS3035RES1000mN2027000E3139000,AM_29,108.0
1361,CRS3035RES1000mN2027000E3139000,AM_30,101.0
1362,CRS3035RES1000mN2027000E3139000,AM_32,105.0
1363,CRS3035RES1000mN2027000E3139000,AM_33,97.0
1364,CRS3035RES1000mN2027000E3139000,AM_34,
1365,CRS3035RES1000mN2027000E3139000,AM_35,112.0
1366,CRS3035RES1000mN2027000E3139000,AM_36,101.0
1367,CRS3035RES1000mN2027000E3139000,AM_37,69.0
1368,CRS3035RES1000mN2027000E3139000,AM_38,98.0
1369,CRS3035RES1000mN2027000E3140000,28027618,73.0
1370,CRS3035RES1000mN2027000E3140000,28027591,75.0
1371,CRS3035RES1000mN2027000E3140000,28027606,100.0
1372,CRS3035RES1000mN2027000E3140000,28027898,96.0
1373,CRS3035RES1000mN2027000E3140000,28041810,79.0
1374,CRS3035RES1000mN2027000E3140000,AM_1,46.0
1375,CRS3035RES1000mN2027000E3140000,AM_2,80.0
1376,CRS3035RES1000mN2027000E3140000,AM_3,75.0
1377,CRS3035RES1000mN2027000E3140000,AM_5,66.0
1378,CRS3035RES1000mN2027000E3140000,AM_8,25.0
1379,CRS3035RES1000mN2027000E3140000,AM_9,70.0
1380,CRS3035RES1000mN2027000E3140000,AM_10,80.0
1381,CRS3035RES1000mN2027000E3140000,AM_11,70.0
1382,CRS3035RES1000mN2027000E3140000,AM_12,93.0
1383,CRS3035RES1000mN2027000E3140000,AM_13,110.0
1384,CRS3035RES1000mN2027000E3140000,AM_14,76.0
1385,CRS3035RES1000mN2027000E3140000,AM_15,102.0
1386,CRS3035RES1000mN2027000E3140000,AM_16,71.0
1387,CRS3035RES1000mN2027000E3140000,AM_17,70.0
1388,CRS3035RES1000mN2027000E3140000,AM_19,82.0
1389,CRS3035RES1000mN2027000E3140000,AM_20,96.0
1390,CRS3035RES1000mN2027000E3140000,AM_21,69.0
1391,CRS3035RES1000mN2027000E3140000,AM_22,99.0
1392,CRS3035RES1000mN2027000E3140000,AM_23,76.0
1393,CRS3035RES1000mN2027000E3140000,AM_24,67.0
1394,CRS3035RES1000mN2027000E3140000,AM_25,68.0
1395,CRS3035RES1000mN2027000E3140000,AM_27,36.0
1396,CRS3035RES1000mN2027000E3140000,AM_28,85.0
1397,CRS3035RES1000mN2027000E3140000,AM_29,77.0
1398,CRS3035RES1000mN2027000E3140000,AM_30,61.0
1399,CRS3035RES1000mN2027000E3140000,AM_32,71.0
1400,CRS3035RES1000mN2027000E3140000,AM_33,63.0
1401,CRS3035RES1000mN2027000E3140000,AM_34,111.0
1402,CRS3035RES1000mN2027000E3140000,AM_35,78.0
1403,CRS3035RES1000mN2027000E3140000,AM_36,67.0
1404,CRS3035RES1000mN2027000E3140000,AM_37,43.0
1405,CRS3035RES1000mN2027000E3140000,AM_38,66.0
1406,CRS3035RES1000mN2027000E3141000,28027618,89.0
1407,CRS3035RES1000mN2027000E3141000,28027591,91.0
1408,CRS3035RES1000mN2027000E3141000,28027606,108.0
1409,CRS3035RES1000mN2027000E3141000,28027898,117.0
1410,CRS3035RES1000mN2027000E3141000,28041810,99.0
1411,CRS3035RES1000mN2027000E3141000,AM_1,68.0
1412,CRS3035RES1000mN2027000E3141000,AM_2,96.0
1413,CRS3035RES1000mN2027000E3141000,AM_3,95.0
1414,CRS3035RES1000mN2027000E3141000,AM_5,82.0
1415,CRS3035RES1000mN2027000E3141000,AM_8,32.0
1416,CRS3035RES1000mN2027000E3141000,AM_9,114.0
1417,CRS3035RES1000mN2027000E3141000,AM_10,96.0
1418,CRS3035RES1000mN2027000E3141000,AM_11,86.0
1419,CRS3035RES1000mN2027000E3141000,AM_12,102.0
1420,CRS3035RES1000mN2027000E3141000,AM_13,112.0
1421,CRS3035RES1000mN2027000E3141000,AM_14,92.0
1422,CRS3035RES1000mN2027000E3141000,AM_15,117.0
1423,CRS3035RES1000mN2027000E3141000,AM_16,83.0
1424,CRS3035RES1000mN2027000E3141000,AM_17,83.0
1425,CRS3035RES1000mN2027000E3141000,AM_19,99.0
1426,CRS3035RES1000mN2027000E3141000,AM_20,111.0
1427,CRS3035RES1000mN2027000E3141000,AM_21,85.0
1428,CRS3035RES1000mN2027000E3141000,AM_22,115.0
1429,CRS3035RES1000mN2027000E3141000,AM_23,92.0
1430,CRS3035RES1000mN2027000E3141000,AM_24,90.0
1431,CRS3035RES1000mN2027000E3141000,AM_25,84.0
1432,CRS3035RES1000mN2027000E3141000,AM_27,55.0
1433,CRS3035RES1000mN2027000E3141000,AM_28,100.0
1434,CRS3035RES1000mN2027000E3141000,AM_29,105.0
1435,CRS3035RES1000mN2027000E3141000,AM_30,80.0
1436,CRS3035RES1000mN2027000E3141000,AM_32,87.0
1437,CRS3035RES1000mN2027000E3141000,AM_33,79.0
1438,CRS3035RES1000mN2027000E3141000,AM_34,
1439,CRS3035RES1000mN2027000E3141000,AM_35,94.0
1440,CRS3035RES1000mN2027000E3141000,AM_36,82.0
1441,CRS3035RES1000mN2027000E3141000,AM_37,69.0
1442,CRS3035RES1000mN2027000E3141000,AM_38,86.0
1443,CRS3035RES1000mN2027000E3142000,28027618,102.0
1444,CRS3035RES1000mN2027000E3142000,28027591,104.0
1445,CRS3035RES1000mN2027000E3142000,28027606,
1446,CRS3035RES1000mN2027000E3142000,28027898,
1447,CRS3035RES1000mN2027000E3142000,28041810,113.0
1448,CRS3035RES1000mN2027000E3142000,AM_1,75.0
1449,CRS3035RES1000mN2027000E3142000,AM_2,109.0
1450,CRS3035RES1000mN2027000E3142000,AM_3,113.0
1451,CRS3035RES1000mN2027000E3142000,AM_5,95.0
1452,CRS3035RES1000mN2027000E3142000,AM_8,57.0
1453,CRS3035RES1000mN2027000E3142000,AM_9,
1454,CRS3035RES1000mN2027000E3142000,AM_10,110.0
1455,CRS3035RES1000mN2027000E3142000,AM_11,99.0
1456,CRS3035RES1000mN2027000E3142000,AM_12,119.0
1457,CRS3035RES1000mN2027000E3142000,AM_13,
1458,CRS3035RES1000mN2027000E3142000,AM_14,105.0
1459,CRS3035RES1000mN2027000E3142000,AM_15,
1460,CRS3035RES1000mN2027000E3142000,AM_16,92.0
1461,CRS3035RES1000mN2027000E3142000,AM_17,99.0
1462,CRS3035RES1000mN2027000E3142000,AM_19,112.0
1463,CRS3035RES1000mN2027000E3142000,AM_20,119.0
1464,CRS3035RES1000mN2027000E3142000,AM_21,98.0
1465,CRS3035RES1000mN2027000E3142000,AM_22,
1466,CRS3035RES1000mN2027000E3142000,AM_23,105.0
1467,CRS3035RES1000mN2027000E3142000,AM_24,98.0
1468,CRS3035RES1000mN2027000E3142000,AM_25,98.0
1469,CRS3035RES1000mN2027000E3142000,AM_27,68.0
1470,CRS3035RES1000mN2027000E3142000,AM_28,114.0
1471,CRS3035RES1000mN2027000E3142000,AM_29,
1472,CRS3035RES1000mN2027000E3142000,AM_30,93.0
1473,CRS3035RES1000mN2027000E3142000,AM_32,100.0
1474,CRS3035RES1000mN2027000E3142000,AM_33,92.0
1475,CRS3035RES1000mN2027000E3142000,AM_34,
1476,CRS3035RES1000mN2027000E3142000,AM_35,107.0
1477,CRS3035RES1000mN2027000E3142000,AM_36,96.0
1478,CRS3035RES1000mN2027000E3142000,AM_37,81.0
1479,CRS3035RES1000mN2027000E3142000,AM_38,98.0
1480,CRS3035RES1000mN2027000E3143000,28027618,84.0
1481,CRS3035RES1000mN2027000E3143000,28027591,86.0
1482,CRS3035RES1000mN2027000E3143000,28027606,106.0
1483,CRS3035RES1000mN2027000E3143000,28027898,111.0
1484,CRS3035RES1000mN2027000E3143000,28041810,88.0
1485,CRS3035RES1000mN2027000E3143000,AM_1,51.0
1486,CRS3035RES1000mN2027000E3143000,AM_2,91.0
1487,CRS3035RES1000mN2027000E3143000,AM_3,86.0
1488,CRS3035RES1000mN2027000E3143000,AM_5,77.0
1489,CRS3035RES1000mN2027000E3143000,AM_8,70.0
1490,CRS3035RES1000mN2027000E3143000,AM_9,106.0
1491,CRS3035RES1000mN2027000E3143000,AM_10,90.0
1492,CRS3035RES1000mN2027000E3143000,AM_11,80.0
1493,CRS3035RES1000mN2027000E3143000,AM_12,102.0
1494,CRS3035RES1000mN2027000E3143000,AM_13,116.0
1495,CRS3035RES1000mN2027000E3143000,AM_14,86.0
1496,CRS3035RES1000mN2027000E3143000,AM_15,111.0
1497,CRS3035RES1000mN2027000E3143000,AM_16,77.0
1498,CRS3035RES1000mN2027000E3143000,AM_17,77.0
1499,CRS3035RES1000mN2027000E3143000,AM_19,93.0
1500,CRS3035RES1000mN2027000E3143000,AM_20,104.0
1501,CRS3035RES1000mN2027000E3143000,AM_21,80.0
1502,CRS3035RES1000mN2027000E3143000,AM_22,107.0
1503,CRS3035RES1000mN2027000E3143000,AM_23,87.0
1504,CRS3035RES1000mN2027000E3143000,AM_24,72.0
1505,CRS3035RES1000mN2027000E3143000,AM_25,78.0
1506,CRS3035RES1000mN2027000E3143000,AM_27,38.0
1507,CRS3035RES1000mN2027000E3143000,AM_28,96.0
1508,CRS3035RES1000mN2027000E3143000,AM_29,81.0
1509,CRS3035RES1000mN2027000E3143000,AM_30,67.0
1510,CRS3035RES1000mN2027000E3143000,AM_32,81.0
1511,CRS3035RES1000mN2027000E3143000,AM_33,73.0
1512,CRS3035RES1000mN2027000E3143000,AM_34,107.0
1513,CRS3035RES1000mN2027000E3143000,AM_35,88.0
1514,CRS3035RES1000mN2027000E3143000,AM_36,77.0
1515,CRS3035RES1000mN2027000E3143000,AM_37,80.0
1516,CRS3035RES1000mN2027000E3143000,AM_38,82.0
1517,CRS3035RES1000mN2028000E3134000,28027618,
1518,CRS3035RES1000mN2028000E3134000,28027591,
1519,CRS3035RES1000mN2028000E3134000,28027606,
1520,CRS3035RES1000mN2028000E3134000,28027898,
1521,CRS3035RES1000mN2028000E3134000,28041810,
1522,CRS3035RES1000mN2028000E3134000,AM_1,95.0
1523,CRS3035RES1000mN2028000E3134000,AM_2,
1524,CRS3035RES1000mN2028000E3134000,AM_3,
1525,CRS3035RES1000mN2028000E3134000,AM_5,
1526,CRS3035RES1000mN2028000E3134000,AM_8,
1527,CRS3035RES1000mN2028000E3134000,AM_9,
1528,CRS3035RES1000mN2028000E3134000,AM_10,
1529,CRS3035RES1000mN2028000E3134000,AM_11,
1530,CRS3035RES1000mN2028000E3134000,AM_12,
1531,CRS3035RES1000mN2028000E3134000,AM_13,
1532,CRS3035RES1000mN2028000E3134000,AM_14,
1533,CRS3035RES1000mN2028000E3134000,AM_15,
1534,CRS3035RES1000mN2028000E3134000,AM_16,
1535,CRS3035RES1000mN2028000E3134000,AM_17,
1536,CRS3035RES1000mN2028000E3134000,AM_19,
1537,CRS3035RES1000mN2028000E3134000,AM_20,
1538,CRS3035RES1000mN2028000E3134000,AM_21,
1539,CRS3035RES1000mN2028000E3134000,AM_22,
1540,CRS3035RES1000mN2028000E3134000,AM_23,
1541,CRS3035RES1000mN2028000E3134000,AM_24,
1542,CRS3035RES1000mN2028000E3134000,AM_25,
1543,CRS3035RES1000mN2028000E3134000,AM_27,
1544,CRS3035RES1000mN2028000E3134000,AM_28,
1545,CRS3035RES1000mN2028000E3134000,AM_29,
1546,CRS3035RES1000mN2028000E3134000,AM_30,
1547,CRS3035RES1000mN2028000E3134000,AM_32,
1548,CRS3035RES1000mN2028000E3134000,AM_33,
1549,CRS3035RES1000mN2028000E3134000,AM_34,
1550,CRS3035RES1000mN2028000E3134000,AM_35,
1551,CRS3035RES1000mN2028000E3134000,AM_36,
1552,CRS3035RES1000mN2028000E3134000,AM_37,
1553,CRS3035RES1000mN2028000E3134000,AM_38,
1554,CRS3035RES1000mN2028000E3135000,28027618,
1555,CRS3035RES1000mN2028000E3135000,28027591,
1556,CRS3035RES1000mN2028000E3135000,28027606,
1557,CRS3035RES1000mN2028000E3135000,28027898,
1558,CRS3035RES1000mN2028000E3135000,28041810,
1559,CRS3035RES1000mN2028000E3135000,AM_1,114.0
1560,CRS3035RES1000mN2028000E3135000,AM_2,
1561,CRS3035RES1000mN2028000E3135000,AM_3,
1562,CRS3035RES1000mN2028000E3135000,AM_5,
1563,CRS3035RES1000mN2028000E3135000,AM_8,118.0
1564,CRS3035RES1000mN2028000E3135000,AM_9,
1565,CRS3035RES1000mN2028000E3135000,AM_10,
1566,CRS3035RES1000mN2028000E3135000,AM_11,
1567,CRS3035RES1000mN2028000E3135000,AM_12,
1568,CRS3035RES1000mN2028000E3135000,AM_13,
1569,CRS3035RES1000mN2028000E3135000,AM_14,
1570,CRS3035RES1000mN2028000E3135000,AM_15,
1571,CRS3035RES1000mN2028000E3135000,AM_16,
1572,CRS3035RES1000mN2028000E3135000,AM_17,
1573,CRS3035RES1000mN2028000E3135000,AM_19,
1574,CRS3035RES1000mN2028000E3135000,AM_20,
1575,CRS3035RES1000mN2028000E3135000,AM_21,
1576,CRS3035RES1000mN2028000E3135000,AM_22,
1577,CRS3035RES1000mN2028000E3135000,AM_23,
1578,CRS3035RES1000mN2028000E3135000,AM_24,
1579,CRS3035RES1000mN2028000E3135000,AM_25,
1580,CRS3035RES1000mN2028000E3135000,AM_27,105.0
1581,CRS3035RES1000mN2028000E3135000,AM_28,
1582,CRS3035RES1000mN2028000E3135000,AM_29,
1583,CRS3035RES1000mN2028000E3135000,AM_30,
1584,CRS3035RES1000mN2028000E3135000,AM_32,
1585,CRS3035RES1000mN2028000E3135000,AM_33,
1586,CRS3035RES1000mN2028000E3135000,AM_34,
1587,CRS3035RES1000mN2028000E3135000,AM_35,
1588,CRS3035RES1000mN2028000E3135000,AM_36,
1589,CRS3035RES1000mN2028000E3135000,AM_37,
1590,CRS3035RES1000mN2028000E3135000,AM_38,
1591,CRS3035RES1000mN2028000E3136000,28027618,
1592,CRS3035RES1000mN2028000E3136000,28027591,
1593,CRS3035RES1000mN2028000E3136000,28027606,
1594,CRS3035RES1000mN2028000E3136000,28027898,
1595,CRS3035RES1000mN2028000E3136000,28041810,
1596,CRS3035RES1000mN2028000E3136000,AM_1,
1597,CRS3035RES1000mN2028000E3136000,AM_2,
1598,CRS3035RES1000mN2028000E3136000,AM_3,
1599,CRS3035RES1000mN2028000E3136000,AM_5,
1600,CRS3035RES1000mN2028000E3136000,AM_8,
1601,CRS3035RES1000mN2028000E3136000,AM_9,
1602,CRS3035RES1000mN2028000E3136000,AM_10,
1603,CRS3035RES1000mN2028000E3136000,AM_11,
1604,CRS3035RES1000mN2028000E3136000,AM_12,
1605,CRS3035RES1000mN2028000E3136000,AM_13,
1606,CRS3035RES1000mN2028000E3136000,AM_14,
1607,CRS3035RES1000mN2028000E3136000,AM_15,
1608,CRS3035RES1000mN2028000E3136000,AM_16,
1609,CRS3035RES1000mN2028000E3136000,AM_17,
1610,CRS3035RES1000mN2028000E3136000,AM_19,
1611,CRS3035RES1000mN2028000E3136000,AM_20,
1612,CRS3035RES1000mN2028000E3136000,AM_21,
1613,CRS3035RES1000mN2028000E3136000,AM_22,
1614,CRS3035RES1000mN2028000E3136000,AM_23,
1615,CRS3035RES1000mN2028000E3136000,AM_24,
1616,CRS3035RES1000mN2028000E3136000,AM_25,
1617,CRS3035RES1000mN2028000E3136000,AM_27,
1618,CRS3035RES1000mN2028000E3136000,AM_28,
1619,CRS3035RES1000mN2028000E3136000,AM_29,
1620,CRS3035RES1000mN2028000E3136000,AM_30,
1621,CRS3035RES1000mN2028000E3136000,AM_32,
1622,CRS3035RES1000mN2028000E3136000,AM_33,
1623,CRS3035RES1000mN2028000E3136000,AM_34,
1624,CRS3035RES1000mN2028000E3136000,AM_35,
1625,CRS3035RES1000mN2028000E3136000,AM_36,
1626,CRS3035RES1000mN2028000E3136000,AM_37,
1627,CRS3035RES1000mN2028000E3136000,AM_38,
1628,CRS3035RES1000mN2028000E3138000,28027618,
1629,CRS3035RES1000mN2028000E3138000,28027591,
1630,CRS3035RES1000mN2028000E3138000,28027606,
1631,CRS3035RES1000mN2028000E3138000,28027898,
1632,CRS3035RES1000mN2028000E3138000,28041810,
1633,CRS3035RES1000mN2028000E3138000,AM_1,77.0
1634,CRS3035RES1000mN2028000E3138000,AM_2,
1635,CRS3035RES1000mN2028000E3138000,AM_3,
1636,CRS3035RES1000mN2028000E3138000,AM_5,
1637,CRS3035RES1000mN2028000E3138000,AM_8,61.0
1638,CRS3035RES1000mN2028000E3138000,AM_9,
1639,CRS3035RES1000mN2028000E3138000,AM_10,
1640,CRS3035RES1000mN2028000E3138000,AM_11,
1641,CRS3035RES1000mN2028000E3138000,AM_12,
1642,CRS3035RES1000mN2028000E3138000,AM_13,
1643,CRS3035RES1000mN2028000E3138000,AM_14,
1644,CRS3035RES1000mN2028000E3138000,AM_15,
1645,CRS3035RES1000mN2028000E3138000,AM_16,
1646,CRS3035RES1000mN2028000E3138000,AM_17,117.0
1647,CRS3035RES1000mN2028000E3138000,AM_19,
1648,CRS3035RES1000mN2028000E3138000,AM_20,
1649,CRS3035RES1000mN2028000E3138000,AM_21,
1650,CRS3035RES1000mN2028000E3138000,AM_22,
1651,CRS3035RES1000mN2028000E3138000,AM_23,
1652,CRS3035RES1000mN2028000E3138000,AM_24,107.0
1653,CRS3035RES1000mN2028000E3138000,AM_25,
1654,CRS3035RES1000mN2028000E3138000,AM_27,97.0
1655,CRS3035RES1000mN2028000E3138000,AM_28,
1656,CRS3035RES1000mN2028000E3138000,AM_29,
1657,CRS3035RES1000mN2028000E3138000,AM_30,113.0
1658,CRS3035RES1000mN2028000E3138000,AM_32,
1659,CRS3035RES1000mN2028000E3138000,AM_33,
1660,CRS3035RES1000mN2028000E3138000,AM_34,
1661,CRS3035RES1000mN2028000E3138000,AM_35,
1662,CRS3035RES1000mN2028000E3138000,AM_36,
1663,CRS3035RES1000mN2028000E3138000,AM_37,107.0
1664,CRS3035RES1000mN2028000E3138000,AM_38,
1665,CRS3035RES1000mN2028000E3139000,28027618,106.0
1666,CRS3035RES1000mN2028000E3139000,28027591,108.0
1667,CRS3035RES1000mN2028000E3139000,28027606,
1668,CRS3035RES1000mN2028000E3139000,28027898,
1669,CRS3035RES1000mN2028000E3139000,28041810,118.0
1670,CRS3035RES1000mN2028000E3139000,AM_1,77.0
1671,CRS3035RES1000mN2028000E3139000,AM_2,113.0
1672,CRS3035RES1000mN2028000E3139000,AM_3,108.0
1673,CRS3035RES1000mN2028000E3139000,AM_5,99.0
1674,CRS3035RES1000mN2028000E3139000,AM_8,41.0
1675,CRS3035RES1000mN2028000E3139000,AM_9,
1676,CRS3035RES1000mN2028000E3139000,AM_10,113.0
1677,CRS3035RES1000mN2028000E3139000,AM_11,102.0
1678,CRS3035RES1000mN2028000E3139000,AM_12,
1679,CRS3035RES1000mN2028000E3139000,AM_13,
1680,CRS3035RES1000mN2028000E3139000,AM_14,109.0
1681,CRS3035RES1000mN2028000E3139000,AM_15,
1682,CRS3035RES1000mN2028000E3139000,AM_16,102.0
1683,CRS3035RES1000mN2028000E3139000,AM_17,99.0
1684,CRS3035RES1000mN2028000E3139000,AM_19,116.0
1685,CRS3035RES1000mN2028000E3139000,AM_20,
1686,CRS3035RES1000mN2028000E3139000,AM_21,102.0
1687,CRS3035RES1000mN2028000E3139000,AM_22,
1688,CRS3035RES1000mN2028000E3139000,AM_23,110.0
1689,CRS3035RES1000mN2028000E3139000,AM_24,107.0
1690,CRS3035RES1000mN2028000E3139000,AM_25,101.0
1691,CRS3035RES1000mN2028000E3139000,AM_27,93.0
1692,CRS3035RES1000mN2028000E3139000,AM_28,118.0
1693,CRS3035RES1000mN2028000E3139000,AM_29,108.0
1694,CRS3035RES1000mN2028000E3139000,AM_30,104.0
1695,CRS3035RES1000mN2028000E3139000,AM_32,104.0
1696,CRS3035RES1000mN2028000E3139000,AM_33,96.0
1697,CRS3035RES1000mN2028000E3139000,AM_34,
1698,CRS3035RES1000mN2028000E3139000,AM_35,111.0
1699,CRS3035RES1000mN2028000E3139000,AM_36,100.0
1700,CRS3035RES1000mN2028000E3139000,AM_37,69.0
1701,CRS3035RES1000mN2028000E3139000,AM_38,98.0
1702,CRS3035RES1000mN2028000E3140000,28027618,105.0
1703,CRS3035RES1000mN2028000E3140000,28027591,107.0
1704,CRS3035RES1000mN2028000E3140000,28027606,
1705,CRS3035RES1000mN2028000E3140000,28027898,
1706,CRS3035RES1000mN2028000E3140000,28041810,116.0
1707,CRS3035RES1000mN2028000E3140000,AM_1,75.0
1708,CRS3035RES1000mN2028000E3140000,AM_2,112.0
1709,CRS3035RES1000mN2028000E3140000,AM_3,106.0
1710,CRS3035RES1000mN2028000E3140000,AM_5,98.0
1711,CRS3035RES1000mN2028000E3140000,AM_8,2.0
1712,CRS3035RES1000mN2028000E3140000,AM_9,
1713,CRS3035RES1000mN2028000E3140000,AM_10,112.0
1714,CRS3035RES1000mN2028000E3140000,AM_11,102.0
1715,CRS3035RES1000mN2028000E3140000,AM_12,119.0
1716,CRS3035RES1000mN2028000E3140000,AM_13,
1717,CRS3035RES1000mN2028000E3140000,AM_14,108.0
1718,CRS3035RES1000mN2028000E3140000,AM_15,
1719,CRS3035RES1000mN2028000E3140000,AM_16,100.0
1720,CRS3035RES1000mN2028000E3140000,AM_17,97.0
1721,CRS3035RES1000mN2028000E3140000,AM_19,114.0
1722,CRS3035RES1000mN2028000E3140000,AM_20,
1723,CRS3035RES1000mN2028000E3140000,AM_21,101.0
1724,CRS3035RES1000mN2028000E3140000,AM_22,
1725,CRS3035RES1000mN2028000E3140000,AM_23,107.0
1726,CRS3035RES1000mN2028000E3140000,AM_24,106.0
1727,CRS3035RES1000mN2028000E3140000,AM_25,100.0
1728,CRS3035RES1000mN2028000E3140000,AM_27,89.0
1729,CRS3035RES1000mN2028000E3140000,AM_28,116.0
1730,CRS3035RES1000mN2028000E3140000,AM_29,107.0
1731,CRS3035RES1000mN2028000E3140000,AM_30,101.0
1732,CRS3035RES1000mN2028000E3140000,AM_32,102.0
1733,CRS3035RES1000mN2028000E3140000,AM_33,94.0
1734,CRS3035RES1000mN2028000E3140000,AM_34,
1735,CRS3035RES1000mN2028000E3140000,AM_35,109.0
1736,CRS3035RES1000mN2028000E3140000,AM_36,98.0
1737,CRS3035RES1000mN2028000E3140000,AM_37,68.0
1738,CRS3035RES1000mN2028000E3140000,AM_38,97.0
1739,CRS3035RES1000mN2028000E3141000,28027618,88.0
1740,CRS3035RES1000mN2028000E3141000,28027591,90.0
1741,CRS3035RES1000mN2028000E3141000,28027606,109.0
1742,CRS3035RES1000mN2028000E3141000,28027898,117.0
1743,CRS3035RES1000mN2028000E3141000,28041810,108.0
1744,CRS3035RES1000mN2028000E3141000,AM_1,77.0
1745,CRS3035RES1000mN2028000E3141000,AM_2,95.0
1746,CRS3035RES1000mN2028000E3141000,AM_3,84.0
1747,CRS3035RES1000mN2028000E3141000,AM_5,81.0
1748,CRS3035RES1000mN2028000E3141000,AM_8,30.0
1749,CRS3035RES1000mN2028000E3141000,AM_9,72.0
1750,CRS3035RES1000mN2028000E3141000,AM_10,95.0
1751,CRS3035RES1000mN2028000E3141000,AM_11,84.0
1752,CRS3035RES1000mN2028000E3141000,AM_12,102.0
1753,CRS3035RES1000mN2028000E3141000,AM_13,114.0
1754,CRS3035RES1000mN2028000E3141000,AM_14,91.0
1755,CRS3035RES1000mN2028000E3141000,AM_15,118.0
1756,CRS3035RES1000mN2028000E3141000,AM_16,88.0
1757,CRS3035RES1000mN2028000E3141000,AM_17,85.0
1758,CRS3035RES1000mN2028000E3141000,AM_19,98.0
1759,CRS3035RES1000mN2028000E3141000,AM_20,112.0
1760,CRS3035RES1000mN2028000E3141000,AM_21,85.0
1761,CRS3035RES1000mN2028000E3141000,AM_22,115.0
1762,CRS3035RES1000mN2028000E3141000,AM_23,91.0
1763,CRS3035RES1000mN2028000E3141000,AM_24,102.0
1764,CRS3035RES1000mN2028000E3141000,AM_25,83.0
1765,CRS3035RES1000mN2028000E3141000,AM_27,74.0
1766,CRS3035RES1000mN2028000E3141000,AM_28,100.0
1767,CRS3035RES1000mN2028000E3141000,AM_29,79.0
1768,CRS3035RES1000mN2028000E3141000,AM_30,84.0
1769,CRS3035RES1000mN2028000E3141000,AM_32,86.0
1770,CRS3035RES1000mN2028000E3141000,AM_33,78.0
1771,CRS3035RES1000mN2028000E3141000,AM_34,106.0
1772,CRS3035RES1000mN2028000E3141000,AM_35,93.0
1773,CRS3035RES1000mN2028000E3141000,AM_36,82.0
1774,CRS3035RES1000mN2028000E3141000,AM_37,45.0
1775,CRS3035RES1000mN2028000E3141000,AM_38,82.0
1776,CRS3035RES1000mN2028000E3142000,28027618,107.0
1777,CRS3035RES1000mN2028000E3142000,28027591,109.0
1778,CRS3035RES1000mN2028000E3142000,28027606,
1779,CRS3035RES1000mN2028000E3142000,28027898,
1780,CRS3035RES1000mN2028000E3142000,28041810,118.0
1781,CRS3035RES1000mN2028000E3142000,AM_1,77.0
1782,CRS3035RES1000mN2028000E3142000,AM_2,114.0
1783,CRS3035RES1000mN2028000E3142000,AM_3,109.0
1784,CRS3035RES1000mN2028000E3142000,AM_5,100.0
1785,CRS3035RES1000mN2028000E3142000,AM_8,46.0
1786,CRS3035RES1000mN2028000E3142000,AM_9,
1787,CRS3035RES1000mN2028000E3142000,AM_10,114.0
1788,CRS3035RES1000mN2028000E3142000,AM_11,104.0
1789,CRS3035RES1000mN2028000E3142000,AM_12,
1790,CRS3035RES1000mN2028000E3142000,AM_13,
1791,CRS3035RES1000mN2028000E3142000,AM_14,110.0
1792,CRS3035RES1000mN2028000E3142000,AM_15,
1793,CRS3035RES1000mN2028000E3142000,AM_16,103.0
1794,CRS3035RES1000mN2028000E3142000,AM_17,100.0
1795,CRS3035RES1000mN2028000E3142000,AM_19,117.0
1796,CRS3035RES1000mN2028000E3142000,AM_20,
1797,CRS3035RES1000mN2028000E3142000,AM_21,103.0
1798,CRS3035RES1000mN2028000E3142000,AM_22,
1799,CRS3035RES1000mN2028000E3142000,AM_23,109.0
1800,CRS3035RES1000mN2028000E3142000,AM_24,107.0
1801,CRS3035RES1000mN2028000E3142000,AM_25,102.0
1802,CRS3035RES1000mN2028000E3142000,AM_27,89.0
1803,CRS3035RES1000mN2028000E3142000,AM_28,119.0
1804,CRS3035RES1000mN2028000E3142000,AM_29,109.0
1805,CRS3035RES1000mN2028000E3142000,AM_30,102.0
1806,CRS3035RES1000mN2028000E3142000,AM_32,105.0
1807,CRS3035RES1000mN2028000E3142000,AM_33,97.0
1808,CRS3035RES1000mN2028000E3142000,AM_34,
1809,CRS3035RES1000mN2028000E3142000,AM_35,112.0
1810,CRS3035RES1000mN2028000E3142000,AM_36,101.0
1811,CRS3035RES1000mN2028000E3142000,AM_37,70.0
1812,CRS3035RES1000mN2028000E3142000,AM_38,99.0
1813,CRS3035RES1000mN2028000E3143000,28027618,117.0
1814,CRS3035RES1000mN2028000E3143000,28027591,
1815,CRS3035RES1000mN2028000E3143000,28027606,
1816,CRS3035RES1000mN2028000E3143000,28027898,
1817,CRS3035RES1000mN2028000E3143000,28041810,
1818,CRS3035RES1000mN2028000E3143000,AM_1,85.0
1819,CRS3035RES1000mN2028000E3143000,AM_2,
1820,CRS3035RES1000mN2028000E3143000,AM_3,
1821,CRS3035RES1000mN2028000E3143000,AM_5,116.0
1822,CRS3035RES1000mN2028000E3143000,AM_8,67.0
1823,CRS3035RES1000mN2028000E3143000,AM_9,
1824,CRS3035RES1000mN2028000E3143000,AM_10,
1825,CRS3035RES1000mN2028000E3143000,AM_11,119.0
1826,CRS3035RES1000mN2028000E3143000,AM_12,
1827,CRS3035RES1000mN2028000E3143000,AM_13,
1828,CRS3035RES1000mN2028000E3143000,AM_14,
1829,CRS3035RES1000mN2028000E3143000,AM_15,
1830,CRS3035RES1000mN2028000E3143000,AM_16,119.0
1831,CRS3035RES1000mN2028000E3143000,AM_17,114.0
1832,CRS3035RES1000mN2028000E3143000,AM_19,
1833,CRS3035RES1000mN2028000E3143000,AM_20,
1834,CRS3035RES1000mN2028000E3143000,AM_21,
1835,CRS3035RES1000mN2028000E3143000,AM_22,
1836,CRS3035RES1000mN2028000E3143000,AM_23,
1837,CRS3035RES1000mN2028000E3143000,AM_24,113.0
1838,CRS3035RES1000mN2028000E3143000,AM_25,119.0
1839,CRS3035RES1000mN2028000E3143000,AM_27,86.0
1840,CRS3035RES1000mN2028000E3143000,AM_28,
1841,CRS3035RES1000mN2028000E3143000,AM_29,
1842,CRS3035RES1000mN2028000E3143000,AM_30,111.0
1843,CRS3035RES1000mN2028000E3143000,AM_32,
1844,CRS3035RES1000mN2028000E3143000,AM_33,113.0
1845,CRS3035RES1000mN2028000E3143000,AM_34,
1846,CRS3035RES1000mN2028000E3143000,AM_35,
1847,CRS3035RES1000mN2028000E3143000,AM_36,118.0
1848,CRS3035RES1000mN2028000E3143000,AM_37,85.0
1849,CRS3035RES1000mN2028000E3143000,AM_38,117.0
1850,CRS3035RES1000mN2028000E3144000,28027618,117.0
1851,CRS3035RES1000mN2028000E3144000,28027591,
1852,CRS3035RES1000mN2028000E3144000,28027606,
1853,CRS3035RES1000mN2028000E3144000,28027898,
1854,CRS3035RES1000mN2028000E3144000,28041810,
1855,CRS3035RES1000mN2028000E3144000,AM_1,109.0
1856,CRS3035RES1000mN2028000E3144000,AM_2,
1857,CRS3035RES1000mN2028000E3144000,AM_3,113.0
1858,CRS3035RES1000mN2028000E3144000,AM_5,111.0
1859,CRS3035RES1000mN2028000E3144000,AM_8,95.0
1860,CRS3035RES1000mN2028000E3144000,AM_9,
1861,CRS3035RES1000mN2028000E3144000,AM_10,
1862,CRS3035RES1000mN2028000E3144000,AM_11,114.0
1863,CRS3035RES1000mN2028000E3144000,AM_12,
1864,CRS3035RES1000mN2028000E3144000,AM_13,
1865,CRS3035RES1000mN2028000E3144000,AM_14,
1866,CRS3035RES1000mN2028000E3144000,AM_15,
1867,CRS3035RES1000mN2028000E3144000,AM_16,115.0
1868,CRS3035RES1000mN2028000E3144000,AM_17,116.0
1869,CRS3035RES1000mN2028000E3144000,AM_19,
1870,CRS3035RES1000mN2028000E3144000,AM_20,
1871,CRS3035RES1000mN2028000E3144000,AM_21,114.0
1872,CRS3035RES1000mN2028000E3144000,AM_22,
1873,CRS3035RES1000mN2028000E3144000,AM_23,
1874,CRS3035RES1000mN2028000E3144000,AM_24,
1875,CRS3035RES1000mN2028000E3144000,AM_25,114.0
1876,CRS3035RES1000mN2028000E3144000,AM_27,86.0
1877,CRS3035RES1000mN2028000E3144000,AM_28,
1878,CRS3035RES1000mN2028000E3144000,AM_29,
1879,CRS3035RES1000mN2028000E3144000,AM_30,
1880,CRS3035RES1000mN2028000E3144000,AM_32,117.0
1881,CRS3035RES1000mN2028000E3144000,AM_33,108.0
1882,CRS3035RES1000mN2028000E3144000,AM_34,
1883,CRS3035RES1000mN2028000E3144000,AM_35,
1884,CRS3035RES1000mN2028000E3144000,AM_36,112.0
1885,CRS3035RES1000mN2028000E3144000,AM_37,79.0
1886,CRS3035RES1000mN2028000E3144000,AM_38,110.0
1887,CRS3035RES1000mN2029000E3138000,28027618,
1888,CRS3035RES1000mN2029000E3138000,28027591,
1889,CRS3035RES1000mN2029000E3138000,28027606,
1890,CRS3035RES1000mN2029000E3138000,28027898,
1891,CRS3035RES1000mN2029000E3138000,28041810,
1892,CRS3035RES1000mN2029000E3138000,AM_1,79.0
1893,CRS3035RES1000mN2029000E3138000,AM_2,
1894,CRS3035RES1000mN2029000E3138000,AM_3,
1895,CRS3035RES1000mN2029000E3138000,AM_5,
1896,CRS3035RES1000mN2029000E3138000,AM_8,66.0
1897,CRS3035RES1000mN2029000E3138000,AM_9,
1898,CRS3035RES1000mN2029000E3138000,AM_10,
1899,CRS3035RES1000mN2029000E3138000,AM_11,
1900,CRS3035RES1000mN2029000E3138000,AM_12,
1901,CRS3035RES1000mN2029000E3138000,AM_13,
1902,CRS3035RES1000mN2029000E3138000,AM_14,
1903,CRS3035RES1000mN2029000E3138000,AM_15,
1904,CRS3035RES1000mN2029000E3138000,AM_16,
1905,CRS3035RES1000mN2029000E3138000,AM_17,
1906,CRS3035RES1000mN2029000E3138000,AM_19,
1907,CRS3035RES1000mN2029000E3138000,AM_20,
1908,CRS3035RES1000mN2029000E3138000,AM_21,
1909,CRS3035RES1000mN2029000E3138000,AM_22,
1910,CRS3035RES1000mN2029000E3138000,AM_23,
1911,CRS3035RES1000mN2029000E3138000,AM_24,110.0
1912,CRS3035RES1000mN2029000E3138000,AM_25,
1913,CRS3035RES1000mN2029000E3138000,AM_27,100.0
1914,CRS3035RES1000mN2029000E3138000,AM_28,
1915,CRS3035RES1000mN2029000E3138000,AM_29,
1916,CRS3035RES1000mN2029000E3138000,AM_30,116.0
1917,CRS3035RES1000mN2029000E3138000,AM_32,
1918,CRS3035RES1000mN2029000E3138000,AM_33,
1919,CRS3035RES1000mN2029000E3138000,AM_34,
1920,CRS3035RES1000mN2029000E3138000,AM_35,
1921,CRS3035RES1000mN2029000E3138000,AM_36,
1922,CRS3035RES1000mN2029000E3138000,AM_37,108.0
1923,CRS3035RES1000mN2029000E3138000,AM_38,
1924,CRS3035RES1000mN2029000E3139000,28027618,110.0
1925,CRS3035RES1000mN2029000E3139000,28027591,112.0
1926,CRS3035RES1000mN2029000E3139000,28027606,
1927,CRS3035RES1000mN2029000E3139000,28027898,
1928,CRS3035RES1000mN2029000E3139000,28041810,119.0
1929,CRS3035RES1000mN2029000E3139000,AM_1,77.0
1930,CRS3035RES1000mN2029000E3139000,AM_2,117.0
1931,CRS3035RES1000mN2029000E3139000,AM_3,116.0
1932,CRS3035RES1000mN2029000E3139000,AM_5,103.0
1933,CRS3035RES1000mN2029000E3139000,AM_8,53.0
1934,CRS3035RES1000mN2029000E3139000,AM_9,
1935,CRS3035RES1000mN2029000E3139000,AM_10,117.0
1936,CRS3035RES1000mN2029000E3139000,AM_11,106.0
1937,CRS3035RES1000mN2029000E3139000,AM_12,
1938,CRS3035RES1000mN2029000E3139000,AM_13,
1939,CRS3035RES1000mN2029000E3139000,AM_14,113.0
1940,CRS3035RES1000mN2029000E3139000,AM_15,
1941,CRS3035RES1000mN2029000E3139000,AM_16,109.0
1942,CRS3035RES1000mN2029000E3139000,AM_17,110.0
1943,CRS3035RES1000mN2029000E3139000,AM_19,119.0
1944,CRS3035RES1000mN2029000E3139000,AM_20,
1945,CRS3035RES1000mN2029000E3139000,AM_21,106.0
1946,CRS3035RES1000mN2029000E3139000,AM_22,
1947,CRS3035RES1000mN2029000E3139000,AM_23,112.0
1948,CRS3035RES1000mN2029000E3139000,AM_24,107.0
1949,CRS3035RES1000mN2029000E3139000,AM_25,105.0
1950,CRS3035RES1000mN2029000E3139000,AM_27,93.0
1951,CRS3035RES1000mN2029000E3139000,AM_28,
1952,CRS3035RES1000mN2029000E3139000,AM_29,
1953,CRS3035RES1000mN2029000E3139000,AM_30,105.0
1954,CRS3035RES1000mN2029000E3139000,AM_32,108.0
1955,CRS3035RES1000mN2029000E3139000,AM_33,99.0
1956,CRS3035RES1000mN2029000E3139000,AM_34,
1957,CRS3035RES1000mN2029000E3139000,AM_35,114.0
1958,CRS3035RES1000mN2029000E3139000,AM_36,104.0
1959,CRS3035RES1000mN2029000E3139000,AM_37,83.0
1960,CRS3035RES1000mN2029000E3139000,AM_38,101.0
1961,CRS3035RES1000mN2029000E3140000,28027618,108.0
1962,CRS3035RES1000mN2029000E3140000,28027591,109.0
1963,CRS3035RES1000mN2029000E3140000,28027606,
1964,CRS3035RES1000mN2029000E3140000,28027898,
1965,CRS3035RES1000mN2029000E3140000,28041810,119.0
1966,CRS3035RES1000mN2029000E3140000,AM_1,77.0
1967,CRS3035RES1000mN2029000E3140000,AM_2,115.0
1968,CRS3035RES1000mN2029000E3140000,AM_3,112.0
1969,CRS3035RES1000mN2029000E3140000,AM_5,100.0
1970,CRS3035RES1000mN2029000E3140000,AM_8,42.0
1971,CRS3035RES1000mN2029000E3140000,AM_9,
1972,CRS3035RES1000mN2029000E3140000,AM_10,115.0
1973,CRS3035RES1000mN2029000E3140000,AM_11,104.0
1974,CRS3035RES1000mN2029000E3140000,AM_12,
1975,CRS3035RES1000mN2029000E3140000,AM_13,
1976,CRS3035RES1000mN2029000E3140000,AM_14,110.0
1977,CRS3035RES1000mN2029000E3140000,AM_15,
1978,CRS3035RES1000mN2029000E3140000,AM_16,105.0
1979,CRS3035RES1000mN2029000E3140000,AM_17,104.0
1980,CRS3035RES1000mN2029000E3140000,AM_19,116.0
1981,CRS3035RES1000mN2029000E3140000,AM_20,
1982,CRS3035RES1000mN2029000E3140000,AM_21,104.0
1983,CRS3035RES1000mN2029000E3140000,AM_22,
1984,CRS3035RES1000mN2029000E3140000,AM_23,110.0
1985,CRS3035RES1000mN2029000E3140000,AM_24,107.0
1986,CRS3035RES1000mN2029000E3140000,AM_25,103.0
1987,CRS3035RES1000mN2029000E3140000,AM_27,93.0
1988,CRS3035RES1000mN2029000E3140000,AM_28,119.0
1989,CRS3035RES1000mN2029000E3140000,AM_29,113.0
1990,CRS3035RES1000mN2029000E3140000,AM_30,104.0
1991,CRS3035RES1000mN2029000E3140000,AM_32,106.0
1992,CRS3035RES1000mN2029000E3140000,AM_33,97.0
1993,CRS3035RES1000mN2029000E3140000,AM_34,
1994,CRS3035RES1000mN2029000E3140000,AM_35,112.0
1995,CRS3035RES1000mN2029000E3140000,AM_36,101.0
1996,CRS3035RES1000mN2029000E3140000,AM_37,74.0
1997,CRS3035RES1000mN2029000E3140000,AM_38,99.0
1998,CRS3035RES1000mN2029000E3141000,28027618,104.0
1999,CRS3035RES1000mN2029000E3141000,28027591,106.0
2000,CRS3035RES1000mN2029000E3141000,28027606,
2001,CRS3035RES1000mN2029000E3141000,28027898,
2002,CRS3035RES1000mN2029000E3141000,28041810,116.0
2003,CRS3035RES1000mN2029000E3141000,AM_1,77.0
2004,CRS3035RES1000mN2029000E3141000,AM_2,111.0
2005,CRS3035RES1000mN2029000E3141000,AM_3,106.0
2006,CRS3035RES1000mN2029000E3141000,AM_5,97.0
2007,CRS3035RES1000mN2029000E3141000,AM_8,38.0
2008,CRS3035RES1000mN2029000E3141000,AM_9,
2009,CRS3035RES1000mN2029000E3141000,AM_10,111.0
2010,CRS3035RES1000mN2029000E3141000,AM_11,100.0
2011,CRS3035RES1000mN2029000E3141000,AM_12,119.0
2012,CRS3035RES1000mN2029000E3141000,AM_13,
2013,CRS3035RES1000mN2029000E3141000,AM_14,107.0
2014,CRS3035RES1000mN2029000E3141000,AM_15,
2015,CRS3035RES1000mN2029000E3141000,AM_16,100.0
2016,CRS3035RES1000mN2029000E3141000,AM_17,97.0
2017,CRS3035RES1000mN2029000E3141000,AM_19,113.0
2018,CRS3035RES1000mN2029000E3141000,AM_20,
2019,CRS3035RES1000mN2029000E3141000,AM_21,100.0
2020,CRS3035RES1000mN2029000E3141000,AM_22,
2021,CRS3035RES1000mN2029000E3141000,AM_23,107.0
2022,CRS3035RES1000mN2029000E3141000,AM_24,106.0
2023,CRS3035RES1000mN2029000E3141000,AM_25,100.0
2024,CRS3035RES1000mN2029000E3141000,AM_27,93.0
2025,CRS3035RES1000mN2029000E3141000,AM_28,116.0
2026,CRS3035RES1000mN2029000E3141000,AM_29,106.0
2027,CRS3035RES1000mN2029000E3141000,AM_30,102.0
2028,CRS3035RES1000mN2029000E3141000,AM_32,102.0
2029,CRS3035RES1000mN2029000E3141000,AM_33,94.0
2030,CRS3035RES1000mN2029000E3141000,AM_34,
2031,CRS3035RES1000mN2029000E3141000,AM_35,109.0
2032,CRS3035RES1000mN2029000E3141000,AM_36,98.0
2033,CRS3035RES1000mN2029000E3141000,AM_37,67.0
2034,CRS3035RES1000mN2029000E3141000,AM_38,97.0
2035,CRS3035RES1000mN2029000E3142000,28027618,
2036,CRS3035RES1000mN2029000E3142000,28027591,
2037,CRS3035RES1000mN2029000E3142000,28027606,
2038,CRS3035RES1000mN2029000E3142000,28027898,
2039,CRS3035RES1000mN2029000E3142000,28041810,
2040,CRS3035RES1000mN2029000E3142000,AM_1,86.0
2041,CRS3035RES1000mN2029000E3142000,AM_2,
2042,CRS3035RES1000mN2029000E3142000,AM_3,
2043,CRS3035RES1000mN2029000E3142000,AM_5,
2044,CRS3035RES1000mN2029000E3142000,AM_8,63.0
2045,CRS3035RES1000mN2029000E3142000,AM_9,
2046,CRS3035RES1000mN2029000E3142000,AM_10,
2047,CRS3035RES1000mN2029000E3142000,AM_11,
2048,CRS3035RES1000mN2029000E3142000,AM_12,
2049,CRS3035RES1000mN2029000E3142000,AM_13,
2050,CRS3035RES1000mN2029000E3142000,AM_14,
2051,CRS3035RES1000mN2029000E3142000,AM_15,
2052,CRS3035RES1000mN2029000E3142000,AM_16,
2053,CRS3035RES1000mN2029000E3142000,AM_17,
2054,CRS3035RES1000mN2029000E3142000,AM_19,
2055,CRS3035RES1000mN2029000E3142000,AM_20,
2056,CRS3035RES1000mN2029000E3142000,AM_21,
2057,CRS3035RES1000mN2029000E3142000,AM_22,
2058,CRS3035RES1000mN2029000E3142000,AM_23,
2059,CRS3035RES1000mN2029000E3142000,AM_24,115.0
2060,CRS3035RES1000mN2029000E3142000,AM_25,
2061,CRS3035RES1000mN2029000E3142000,AM_27,99.0
2062,CRS3035RES1000mN2029000E3142000,AM_28,
2063,CRS3035RES1000mN2029000E3142000,AM_29,
2064,CRS3035RES1000mN2029000E3142000,AM_30,
2065,CRS3035RES1000mN2029000E3142000,AM_32,
2066,CRS3035RES1000mN2029000E3142000,AM_33,
2067,CRS3035RES1000mN2029000E3142000,AM_34,
2068,CRS3035RES1000mN2029000E3142000,AM_35,
2069,CRS3035RES1000mN2029000E3142000,AM_36,
2070,CRS3035RES1000mN2029000E3142000,AM_37,94.0
2071,CRS3035RES1000mN2029000E3142000,AM_38,
2072,CRS3035RES1000mN2029000E3143000,28027618,91.0
2073,CRS3035RES1000mN2029000E3143000,28027591,105.0
2074,CRS3035RES1000mN2029000E3143000,28027606,
2075,CRS3035RES1000mN2029000E3143000,28027898,
2076,CRS3035RES1000mN2029000E3143000,28041810,117.0
2077,CRS3035RES1000mN2029000E3143000,AM_1,77.0
2078,CRS3035RES1000mN2029000E3143000,AM_2,109.0
2079,CRS3035RES1000mN2029000E3143000,AM_3,99.0
2080,CRS3035RES1000mN2029000E3143000,AM_5,96.0
2081,CRS3035RES1000mN2029000E3143000,AM_8,64.0
2082,CRS3035RES1000mN2029000E3143000,AM_9,107.0
2083,CRS3035RES1000mN2029000E3143000,AM_10,111.0
2084,CRS3035RES1000mN2029000E3143000,AM_11,100.0
2085,CRS3035RES1000mN2029000E3143000,AM_12,119.0
2086,CRS3035RES1000mN2029000E3143000,AM_13,
2087,CRS3035RES1000mN2029000E3143000,AM_14,100.0
2088,CRS3035RES1000mN2029000E3143000,AM_15,
2089,CRS3035RES1000mN2029000E3143000,AM_16,99.0
2090,CRS3035RES1000mN2029000E3143000,AM_17,96.0
2091,CRS3035RES1000mN2029000E3143000,AM_19,113.0
2092,CRS3035RES1000mN2029000E3143000,AM_20,
2093,CRS3035RES1000mN2029000E3143000,AM_21,97.0
2094,CRS3035RES1000mN2029000E3143000,AM_22,
2095,CRS3035RES1000mN2029000E3143000,AM_23,106.0
2096,CRS3035RES1000mN2029000E3143000,AM_24,107.0
2097,CRS3035RES1000mN2029000E3143000,AM_25,99.0
2098,CRS3035RES1000mN2029000E3143000,AM_27,96.0
2099,CRS3035RES1000mN2029000E3143000,AM_28,115.0
2100,CRS3035RES1000mN2029000E3143000,AM_29,101.0
2101,CRS3035RES1000mN2029000E3143000,AM_30,105.0
2102,CRS3035RES1000mN2029000E3143000,AM_32,101.0
2103,CRS3035RES1000mN2029000E3143000,AM_33,93.0
2104,CRS3035RES1000mN2029000E3143000,AM_34,
2105,CRS3035RES1000mN2029000E3143000,AM_35,108.0
2106,CRS3035RES1000mN2029000E3143000,AM_36,97.0
2107,CRS3035RES1000mN2029000E3143000,AM_37,65.0
2108,CRS3035RES1000mN2029000E3143000,AM_38,95.0
2109,CRS3035RES1000mN2030000E3138000,28027618,
2110,CRS3035RES1000mN2030000E3138000,28027591,
2111,CRS3035RES1000mN2030000E3138000,28027606,
2112,CRS3035RES1000mN2030000E3138000,28027898,
2113,CRS3035RES1000mN2030000E3138000,28041810,
2114,CRS3035RES1000mN2030000E3138000,AM_1,87.0
2115,CRS3035RES1000mN2030000E3138000,AM_2,
2116,CRS3035RES1000mN2030000E3138000,AM_3,
2117,CRS3035RES1000mN2030000E3138000,AM_5,
2118,CRS3035RES1000mN2030000E3138000,AM_8,80.0
2119,CRS3035RES1000mN2030000E3138000,AM_9,
2120,CRS3035RES1000mN2030000E3138000,AM_10,
2121,CRS3035RES1000mN2030000E3138000,AM_11,
2122,CRS3035RES1000mN2030000E3138000,AM_12,
2123,CRS3035RES1000mN2030000E3138000,AM_13,
2124,CRS3035RES1000mN2030000E3138000,AM_14,
2125,CRS3035RES1000mN2030000E3138000,AM_15,
2126,CRS3035RES1000mN2030000E3138000,AM_16,
2127,CRS3035RES1000mN2030000E3138000,AM_17,
2128,CRS3035RES1000mN2030000E3138000,AM_19,
2129,CRS3035RES1000mN2030000E3138000,AM_20,
2130,CRS3035RES1000mN2030000E3138000,AM_21,
2131,CRS3035RES1000mN2030000E3138000,AM_22,
2132,CRS3035RES1000mN2030000E3138000,AM_23,
2133,CRS3035RES1000mN2030000E3138000,AM_24,116.0
2134,CRS3035RES1000mN2030000E3138000,AM_25,
2135,CRS3035RES1000mN2030000E3138000,AM_27,101.0
2136,CRS3035RES1000mN2030000E3138000,AM_28,
2137,CRS3035RES1000mN2030000E3138000,AM_29,
2138,CRS3035RES1000mN2030000E3138000,AM_30,
2139,CRS3035RES1000mN2030000E3138000,AM_32,
2140,CRS3035RES1000mN2030000E3138000,AM_33,
2141,CRS3035RES1000mN2030000E3138000,AM_34,
2142,CRS3035RES1000mN2030000E3138000,AM_35,
2143,CRS3035RES1000mN2030000E3138000,AM_36,
2144,CRS3035RES1000mN2030000E3138000,AM_37,108.0
2145,CRS3035RES1000mN2030000E3138000,AM_38,
2146,CRS3035RES1000mN2030000E3139000,28027618,
2147,CRS3035RES1000mN2030000E3139000,28027591,
2148,CRS3035RES1000mN2030000E3139000,28027606,
2149,CRS3035RES1000mN2030000E3139000,28027898,
2150,CRS3035RES1000mN2030000E3139000,28041810,
2151,CRS3035RES1000mN2030000E3139000,AM_1,87.0
2152,CRS3035RES1000mN2030000E3139000,AM_2,
2153,CRS3035RES1000mN2030000E3139000,AM_3,
2154,CRS3035RES1000mN2030000E3139000,AM_5,
2155,CRS3035RES1000mN2030000E3139000,AM_8,63.0
2156,CRS3035RES1000mN2030000E3139000,AM_9,
2157,CRS3035RES1000mN2030000E3139000,AM_10,
2158,CRS3035RES1000mN2030000E3139000,AM_11,
2159,CRS3035RES1000mN2030000E3139000,AM_12,
2160,CRS3035RES1000mN2030000E3139000,AM_13,
2161,CRS3035RES1000mN2030000E3139000,AM_14,
2162,CRS3035RES1000mN2030000E3139000,AM_15,
2163,CRS3035RES1000mN2030000E3139000,AM_16,
2164,CRS3035RES1000mN2030000E3139000,AM_17,
2165,CRS3035RES1000mN2030000E3139000,AM_19,
2166,CRS3035RES1000mN2030000E3139000,AM_20,
2167,CRS3035RES1000mN2030000E3139000,AM_21,
2168,CRS3035RES1000mN2030000E3139000,AM_22,
2169,CRS3035RES1000mN2030000E3139000,AM_23,
2170,CRS3035RES1000mN2030000E3139000,AM_24,117.0
2171,CRS3035RES1000mN2030000E3139000,AM_25,
2172,CRS3035RES1000mN2030000E3139000,AM_27,101.0
2173,CRS3035RES1000mN2030000E3139000,AM_28,
2174,CRS3035RES1000mN2030000E3139000,AM_29,
2175,CRS3035RES1000mN2030000E3139000,AM_30,
2176,CRS3035RES1000mN2030000E3139000,AM_32,
2177,CRS3035RES1000mN2030000E3139000,AM_33,
2178,CRS3035RES1000mN2030000E3139000,AM_34,
2179,CRS3035RES1000mN2030000E3139000,AM_35,
2180,CRS3035RES1000mN2030000E3139000,AM_36,
2181,CRS3035RES1000mN2030000E3139000,AM_37,99.0
2182,CRS3035RES1000mN2030000E3139000,AM_38,
2183,CRS3035RES1000mN2030000E3140000,28027618,118.0
2184,CRS3035RES1000mN2030000E3140000,28027591,
2185,CRS3035RES1000mN2030000E3140000,28027606,
2186,CRS3035RES1000mN2030000E3140000,28027898,
2187,CRS3035RES1000mN2030000E3140000,28041810,
2188,CRS3035RES1000mN2030000E3140000,AM_1,77.0
2189,CRS3035RES1000mN2030000E3140000,AM_2,
2190,CRS3035RES1000mN2030000E3140000,AM_3,114.0
2191,CRS3035RES1000mN2030000E3140000,AM_5,112.0
2192,CRS3035RES1000mN2030000E3140000,AM_8,53.0
2193,CRS3035RES1000mN2030000E3140000,AM_9,
2194,CRS3035RES1000mN2030000E3140000,AM_10,
2195,CRS3035RES1000mN2030000E3140000,AM_11,116.0
2196,CRS3035RES1000mN2030000E3140000,AM_12,
2197,CRS3035RES1000mN2030000E3140000,AM_13,
2198,CRS3035RES1000mN2030000E3140000,AM_14,
2199,CRS3035RES1000mN2030000E3140000,AM_15,
2200,CRS3035RES1000mN2030000E3140000,AM_16,118.0
2201,CRS3035RES1000mN2030000E3140000,AM_17,116.0
2202,CRS3035RES1000mN2030000E3140000,AM_19,
2203,CRS3035RES1000mN2030000E3140000,AM_20,
2204,CRS3035RES1000mN2030000E3140000,AM_21,116.0
2205,CRS3035RES1000mN2030000E3140000,AM_22,
2206,CRS3035RES1000mN2030000E3140000,AM_23,
2207,CRS3035RES1000mN2030000E3140000,AM_24,107.0
2208,CRS3035RES1000mN2030000E3140000,AM_25,115.0
2209,CRS3035RES1000mN2030000E3140000,AM_27,96.0
2210,CRS3035RES1000mN2030000E3140000,AM_28,
2211,CRS3035RES1000mN2030000E3140000,AM_29,
2212,CRS3035RES1000mN2030000E3140000,AM_30,112.0
2213,CRS3035RES1000mN2030000E3140000,AM_32,119.0
2214,CRS3035RES1000mN2030000E3140000,AM_33,110.0
2215,CRS3035RES1000mN2030000E3140000,AM_34,
2216,CRS3035RES1000mN2030000E3140000,AM_35,
2217,CRS3035RES1000mN2030000E3140000,AM_36,113.0
2218,CRS3035RES1000mN2030000E3140000,AM_37,79.0
2219,CRS3035RES1000mN2030000E3140000,AM_38,111.0
2220,CRS3035RES1000mN2030000E3141000,28027618,108.0
2221,CRS3035RES1000mN2030000E3141000,28027591,110.0
2222,CRS3035RES1000mN2030000E3141000,28027606,
2223,CRS3035RES1000mN2030000E3141000,28027898,
2224,CRS3035RES1000mN2030000E3141000,28041810,
2225,CRS3035RES1000mN2030000E3141000,AM_1,77.0
2226,CRS3035RES1000mN2030000E3141000,AM_2,116.0
2227,CRS3035RES1000mN2030000E3141000,AM_3,111.0
2228,CRS3035RES1000mN2030000E3141000,AM_5,101.0
2229,CRS3035RES1000mN2030000E3141000,AM_8,56.0
2230,CRS3035RES1000mN2030000E3141000,AM_9,
2231,CRS3035RES1000mN2030000E3141000,AM_10,116.0
2232,CRS3035RES1000mN2030000E3141000,AM_11,106.0
2233,CRS3035RES1000mN2030000E3141000,AM_12,
2234,CRS3035RES1000mN2030000E3141000,AM_13,
2235,CRS3035RES1000mN2030000E3141000,AM_14,111.0
2236,CRS3035RES1000mN2030000E3141000,AM_15,
2237,CRS3035RES1000mN2030000E3141000,AM_16,105.0
2238,CRS3035RES1000mN2030000E3141000,AM_17,102.0
2239,CRS3035RES1000mN2030000E3141000,AM_19,118.0
2240,CRS3035RES1000mN2030000E3141000,AM_20,
2241,CRS3035RES1000mN2030000E3141000,AM_21,105.0
2242,CRS3035RES1000mN2030000E3141000,AM_22,
2243,CRS3035RES1000mN2030000E3141000,AM_23,111.0
2244,CRS3035RES1000mN2030000E3141000,AM_24,107.0
2245,CRS3035RES1000mN2030000E3141000,AM_25,104.0
2246,CRS3035RES1000mN2030000E3141000,AM_27,96.0
2247,CRS3035RES1000mN2030000E3141000,AM_28,
2248,CRS3035RES1000mN2030000E3141000,AM_29,111.0
2249,CRS3035RES1000mN2030000E3141000,AM_30,109.0
2250,CRS3035RES1000mN2030000E3141000,AM_32,107.0
2251,CRS3035RES1000mN2030000E3141000,AM_33,99.0
2252,CRS3035RES1000mN2030000E3141000,AM_34,
2253,CRS3035RES1000mN2030000E3141000,AM_35,113.0
2254,CRS3035RES1000mN2030000E3141000,AM_36,102.0
2255,CRS3035RES1000mN2030000E3141000,AM_37,70.0
2256,CRS3035RES1000mN2030000E3141000,AM_38,100.0
2257,CRS3035RES1000mN2030000E3142000,28027618,90.0
2258,CRS3035RES1000mN2030000E3142000,28027591,96.0
2259,CRS3035RES1000mN2030000E3142000,28027606,112.0
2260,CRS3035RES1000mN2030000E3142000,28027898,
2261,CRS3035RES1000mN2030000E3142000,28041810,112.0
2262,CRS3035RES1000mN2030000E3142000,AM_1,77.0
2263,CRS3035RES1000mN2030000E3142000,AM_2,101.0
2264,CRS3035RES1000mN2030000E3142000,AM_3,87.0
2265,CRS3035RES1000mN2030000E3142000,AM_5,87.0
2266,CRS3035RES1000mN2030000E3142000,AM_8,64.0
2267,CRS3035RES1000mN2030000E3142000,AM_9,75.0
2268,CRS3035RES1000mN2030000E3142000,AM_10,101.0
2269,CRS3035RES1000mN2030000E3142000,AM_11,88.0
2270,CRS3035RES1000mN2030000E3142000,AM_12,106.0
2271,CRS3035RES1000mN2030000E3142000,AM_13,117.0
2272,CRS3035RES1000mN2030000E3142000,AM_14,95.0
2273,CRS3035RES1000mN2030000E3142000,AM_15,
2274,CRS3035RES1000mN2030000E3142000,AM_16,94.0
2275,CRS3035RES1000mN2030000E3142000,AM_17,88.0
2276,CRS3035RES1000mN2030000E3142000,AM_19,103.0
2277,CRS3035RES1000mN2030000E3142000,AM_20,116.0
2278,CRS3035RES1000mN2030000E3142000,AM_21,89.0
2279,CRS3035RES1000mN2030000E3142000,AM_22,119.0
2280,CRS3035RES1000mN2030000E3142000,AM_23,95.0
2281,CRS3035RES1000mN2030000E3142000,AM_24,106.0
2282,CRS3035RES1000mN2030000E3142000,AM_25,87.0
2283,CRS3035RES1000mN2030000E3142000,AM_27,96.0
2284,CRS3035RES1000mN2030000E3142000,AM_28,107.0
2285,CRS3035RES1000mN2030000E3142000,AM_29,82.0
2286,CRS3035RES1000mN2030000E3142000,AM_30,87.0
2287,CRS3035RES1000mN2030000E3142000,AM_32,90.0
2288,CRS3035RES1000mN2030000E3142000,AM_33,82.0
2289,CRS3035RES1000mN2030000E3142000,AM_34,
2290,CRS3035RES1000mN2030000E3142000,AM_35,96.0
2291,CRS3035RES1000mN2030000E3142000,AM_36,87.0
2292,CRS3035RES1000mN2030000E3142000,AM_37,48.0
2293,CRS3035RES1000mN2030000E3142000,AM_38,86.0
2294,CRS3035RES1000mN2031000E3139000,28027618,118.0
2295,CRS3035RES1000mN2031000E3139000,28027591,
2296,CRS3035RES1000mN2031000E3139000,28027606,
2297,CRS3035RES1000mN2031000E3139000,28027898,
2298,CRS3035RES1000mN2031000E3139000,28041810,
2299,CRS3035RES1000mN2031000E3139000,AM_1,117.0
2300,CRS3035RES1000mN2031000E3139000,AM_2,
2301,CRS3035RES1000mN2031000E3139000,AM_3,
2302,CRS3035RES1000mN2031000E3139000,AM_5,
2303,CRS3035RES1000mN2031000E3139000,AM_8,96.0
2304,CRS3035RES1000mN2031000E3139000,AM_9,
2305,CRS3035RES1000mN2031000E3139000,AM_10,
2306,CRS3035RES1000mN2031000E3139000,AM_11,
2307,CRS3035RES1000mN2031000E3139000,AM_12,
2308,CRS3035RES1000mN2031000E3139000,AM_13,
2309,CRS3035RES1000mN2031000E3139000,AM_14,
2310,CRS3035RES1000mN2031000E3139000,AM_15,
2311,CRS3035RES1000mN2031000E3139000,AM_16,
2312,CRS3035RES1000mN2031000E3139000,AM_17,
2313,CRS3035RES1000mN2031000E3139000,AM_19,
2314,CRS3035RES1000mN2031000E3139000,AM_20,
2315,CRS3035RES1000mN2031000E3139000,AM_21,
2316,CRS3035RES1000mN2031000E3139000,AM_22,
2317,CRS3035RES1000mN2031000E3139000,AM_23,
2318,CRS3035RES1000mN2031000E3139000,AM_24,
2319,CRS3035RES1000mN2031000E3139000,AM_25,
2320,CRS3035RES1000mN2031000E3139000,AM_27,103.0
2321,CRS3035RES1000mN2031000E3139000,AM_28,
2322,CRS3035RES1000mN2031000E3139000,AM_29,
2323,CRS3035RES1000mN2031000E3139000,AM_30,
2324,CRS3035RES1000mN2031000E3139000,AM_32,
2325,CRS3035RES1000mN2031000E3139000,AM_33,
2326,CRS3035RES1000mN2031000E3139000,AM_34,
2327,CRS3035RES1000mN2031000E3139000,AM_35,
2328,CRS3035RES1000mN2031000E3139000,AM_36,
2329,CRS3035RES1000mN2031000E3139000,AM_37,95.0
2330,CRS3035RES1000mN2031000E3139000,AM_38,
2331,CRS3035RES1000mN2031000E3140000,28027618,93.0
2332,CRS3035RES1000mN2031000E3140000,28027591,105.0
2333,CRS3035RES1000mN2031000E3140000,28027606,
2334,CRS3035RES1000mN2031000E3140000,28027898,
2335,CRS3035RES1000mN2031000E3140000,28041810,
2336,CRS3035RES1000mN2031000E3140000,AM_1,87.0
2337,CRS3035RES1000mN2031000E3140000,AM_2,110.0
2338,CRS3035RES1000mN2031000E3140000,AM_3,111.0
2339,CRS3035RES1000mN2031000E3140000,AM_5,97.0
2340,CRS3035RES1000mN2031000E3140000,AM_8,76.0
2341,CRS3035RES1000mN2031000E3140000,AM_9,109.0
2342,CRS3035RES1000mN2031000E3140000,AM_10,118.0
2343,CRS3035RES1000mN2031000E3140000,AM_11,106.0
2344,CRS3035RES1000mN2031000E3140000,AM_12,
2345,CRS3035RES1000mN2031000E3140000,AM_13,
2346,CRS3035RES1000mN2031000E3140000,AM_14,102.0
2347,CRS3035RES1000mN2031000E3140000,AM_15,
2348,CRS3035RES1000mN2031000E3140000,AM_16,109.0
2349,CRS3035RES1000mN2031000E3140000,AM_17,109.0
2350,CRS3035RES1000mN2031000E3140000,AM_19,119.0
2351,CRS3035RES1000mN2031000E3140000,AM_20,
2352,CRS3035RES1000mN2031000E3140000,AM_21,98.0
2353,CRS3035RES1000mN2031000E3140000,AM_22,
2354,CRS3035RES1000mN2031000E3140000,AM_23,112.0
2355,CRS3035RES1000mN2031000E3140000,AM_24,116.0
2356,CRS3035RES1000mN2031000E3140000,AM_25,100.0
2357,CRS3035RES1000mN2031000E3140000,AM_27,98.0
2358,CRS3035RES1000mN2031000E3140000,AM_28,115.0
2359,CRS3035RES1000mN2031000E3140000,AM_29,110.0
2360,CRS3035RES1000mN2031000E3140000,AM_30,111.0
2361,CRS3035RES1000mN2031000E3140000,AM_32,110.0
2362,CRS3035RES1000mN2031000E3140000,AM_33,100.0
2363,CRS3035RES1000mN2031000E3140000,AM_34,
2364,CRS3035RES1000mN2031000E3140000,AM_35,116.0
2365,CRS3035RES1000mN2031000E3140000,AM_36,98.0
2366,CRS3035RES1000mN2031000E3140000,AM_37,72.0
2367,CRS3035RES1000mN2031000E3140000,AM_38,103.0
2368,CRS3035RES1000mN2031000E3141000,28027618,91.0
2369,CRS3035RES1000mN2031000E3141000,28027591,97.0
2370,CRS3035RES1000mN2031000E3141000,28027606,115.0
2371,CRS3035RES1000mN2031000E3141000,28027898,
2372,CRS3035RES1000mN2031000E3141000,28041810,111.0
2373,CRS3035RES1000mN2031000E3141000,AM_1,77.0
2374,CRS3035RES1000mN2031000E3141000,AM_2,102.0
2375,CRS3035RES1000mN2031000E3141000,AM_3,93.0
2376,CRS3035RES1000mN2031000E3141000,AM_5,88.0
2377,CRS3035RES1000mN2031000E3141000,AM_8,64.0
2378,CRS3035RES1000mN2031000E3141000,AM_9,106.0
2379,CRS3035RES1000mN2031000E3141000,AM_10,102.0
2380,CRS3035RES1000mN2031000E3141000,AM_11,92.0
2381,CRS3035RES1000mN2031000E3141000,AM_12,111.0
2382,CRS3035RES1000mN2031000E3141000,AM_13,
2383,CRS3035RES1000mN2031000E3141000,AM_14,98.0
2384,CRS3035RES1000mN2031000E3141000,AM_15,
2385,CRS3035RES1000mN2031000E3141000,AM_16,92.0
2386,CRS3035RES1000mN2031000E3141000,AM_17,87.0
2387,CRS3035RES1000mN2031000E3141000,AM_19,104.0
2388,CRS3035RES1000mN2031000E3141000,AM_20,118.0
2389,CRS3035RES1000mN2031000E3141000,AM_21,91.0
2390,CRS3035RES1000mN2031000E3141000,AM_22,
2391,CRS3035RES1000mN2031000E3141000,AM_23,98.0
2392,CRS3035RES1000mN2031000E3141000,AM_24,106.0
2393,CRS3035RES1000mN2031000E3141000,AM_25,90.0
2394,CRS3035RES1000mN2031000E3141000,AM_27,96.0
2395,CRS3035RES1000mN2031000E3141000,AM_28,107.0
2396,CRS3035RES1000mN2031000E3141000,AM_29,100.0
2397,CRS3035RES1000mN2031000E3141000,AM_30,86.0
2398,CRS3035RES1000mN2031000E3141000,AM_32,93.0
2399,CRS3035RES1000mN2031000E3141000,AM_33,85.0
2400,CRS3035RES1000mN2031000E3141000,AM_34,
2401,CRS3035RES1000mN2031000E3141000,AM_35,100.0
2402,CRS3035RES1000mN2031000E3141000,AM_36,89.0
2403,CRS3035RES1000mN2031000E3141000,AM_37,56.0
2404,CRS3035RES1000mN2031000E3141000,AM_38,87.0
2405,CRS3035RES1000mN2032000E3139000,28027618,90.0
2406,CRS3035RES1000mN2032000E3139000,28027591,101.0
2407,CRS3035RES1000mN2032000E3139000,28027606,
2408,CRS3035RES1000mN2032000E3139000,28027898,
2409,CRS3035RES1000mN2032000E3139000,28041810,
2410,CRS3035RES1000mN2032000E3139000,AM_1,91.0
2411,CRS3035RES1000mN2032000E3139000,AM_2,106.0
2412,CRS3035RES1000mN2032000E3139000,AM_3,117.0
2413,CRS3035RES1000mN2032000E3139000,AM_5,94.0
2414,CRS3035RES1000mN2032000E3139000,AM_8,95.0
2415,CRS3035RES1000mN2032000E3139000,AM_9,106.0
2416,CRS3035RES1000mN2032000E3139000,AM_10,116.0
2417,CRS3035RES1000mN2032000E3139000,AM_11,103.0
2418,CRS3035RES1000mN2032000E3139000,AM_12,
2419,CRS3035RES1000mN2032000E3139000,AM_13,
2420,CRS3035RES1000mN2032000E3139000,AM_14,99.0
2421,CRS3035RES1000mN2032000E3139000,AM_15,
2422,CRS3035RES1000mN2032000E3139000,AM_16,110.0
2423,CRS3035RES1000mN2032000E3139000,AM_17,
2424,CRS3035RES1000mN2032000E3139000,AM_19,116.0
2425,CRS3035RES1000mN2032000E3139000,AM_20,
2426,CRS3035RES1000mN2032000E3139000,AM_21,95.0
2427,CRS3035RES1000mN2032000E3139000,AM_22,
2428,CRS3035RES1000mN2032000E3139000,AM_23,109.0
2429,CRS3035RES1000mN2032000E3139000,AM_24,
2430,CRS3035RES1000mN2032000E3139000,AM_25,97.0
2431,CRS3035RES1000mN2032000E3139000,AM_27,100.0
2432,CRS3035RES1000mN2032000E3139000,AM_28,111.0
2433,CRS3035RES1000mN2032000E3139000,AM_29,109.0
2434,CRS3035RES1000mN2032000E3139000,AM_30,119.0
2435,CRS3035RES1000mN2032000E3139000,AM_32,111.0
2436,CRS3035RES1000mN2032000E3139000,AM_33,100.0
2437,CRS3035RES1000mN2032000E3139000,AM_34,
2438,CRS3035RES1000mN2032000E3139000,AM_35,118.0
2439,CRS3035RES1000mN2032000E3139000,AM_36,95.0
2440,CRS3035RES1000mN2032000E3139000,AM_37,95.0
2441,CRS3035RES1000mN2032000E3139000,AM_38,
2442,CRS3035RES1000mN2032000E3140000,28027618,88.0
2443,CRS3035RES1000mN2032000E3140000,28027591,99.0
2444,CRS3035RES1000mN2032000E3140000,28027606,
2445,CRS3035RES1000mN2032000E3140000,28027898,
2446,CRS3035RES1000mN2032000E3140000,28041810,
2447,CRS3035RES1000mN2032000E3140000,AM_1,85.0
2448,CRS3035RES1000mN2032000E3140000,AM_2,104.0
2449,CRS3035RES1000mN2032000E3140000,AM_3,102.0
2450,CRS3035RES1000mN2032000E3140000,AM_5,92.0
2451,CRS3035RES1000mN2032000E3140000,AM_8,89.0
2452,CRS3035RES1000mN2032000E3140000,AM_9,106.0
2453,CRS3035RES1000mN2032000E3140000,AM_10,111.0
2454,CRS3035RES1000mN2032000E3140000,AM_11,101.0
2455,CRS3035RES1000mN2032000E3140000,AM_12,119.0
2456,CRS3035RES1000mN2032000E3140000,AM_13,
2457,CRS3035RES1000mN2032000E3140000,AM_14,97.0
2458,CRS3035RES1000mN2032000E3140000,AM_15,
2459,CRS3035RES1000mN2032000E3140000,AM_16,101.0
2460,CRS3035RES1000mN2032000E3140000,AM_17,99.0
2461,CRS3035RES1000mN2032000E3140000,AM_19,114.0
2462,CRS3035RES1000mN2032000E3140000,AM_20,
2463,CRS3035RES1000mN2032000E3140000,AM_21,93.0
2464,CRS3035RES1000mN2032000E3140000,AM_22,
2465,CRS3035RES1000mN2032000E3140000,AM_23,107.0
2466,CRS3035RES1000mN2032000E3140000,AM_24,114.0
2467,CRS3035RES1000mN2032000E3140000,AM_25,95.0
2468,CRS3035RES1000mN2032000E3140000,AM_27,94.0
2469,CRS3035RES1000mN2032000E3140000,AM_28,110.0
2470,CRS3035RES1000mN2032000E3140000,AM_29,101.0
2471,CRS3035RES1000mN2032000E3140000,AM_30,106.0
2472,CRS3035RES1000mN2032000E3140000,AM_32,103.0
2473,CRS3035RES1000mN2032000E3140000,AM_33,95.0
2474,CRS3035RES1000mN2032000E3140000,AM_34,
2475,CRS3035RES1000mN2032000E3140000,AM_35,110.0
2476,CRS3035RES1000mN2032000E3140000,AM_36,93.0
2477,CRS3035RES1000mN2032000E3140000,AM_37,67.0
2478,CRS3035RES1000mN2032000E3140000,AM_38,99.0
